train_id,departed,arrived,from,to,instance,stop_id,station,code,estimated,scheduled,eta,diff,diffMin
1 (04-02),True,False,TORONTO,VANCOUVER,2025-04-02,0,Toronto,TRTO,2025-04-02T13:55:00Z,2025-04-02T13:55:00Z,ARR,goo,0.0
1 (04-02),True,False,TORONTO,VANCOUVER,2025-04-02,1,Washago,WSHG,2025-04-02T16:56:57Z,2025-04-02T16:25:00Z,ARR,bad,31.0
1 (04-02),True,False,TORONTO,VANCOUVER,2025-04-02,2,South Parry,SPAR,2025-04-02T18:49:44Z,2025-04-02T18:27:00Z,ARR,bad,22.0
1 (04-02),True,False,TORONTO,VANCOUVER,2025-04-02,3,Sudbury (Jct.),SUDJ,2025-04-02T21:25:44Z,2025-04-02T20:57:00Z,ARR,bad,28.0
1 (04-02),True,False,TORONTO,VANCOUVER,2025-04-02,4,Capreol,CAPR,2025-04-02T22:22:45Z,2025-04-02T21:22:00Z,ARR,bad,60.0
1 (04-02),True,False,TORONTO,VANCOUVER,2025-04-02,5,Laforest,LAFO,2025-04-02T23:55:37Z,2025-04-02T22:48:00Z,ARR,bad,67.0
1 (04-02),True,False,TORONTO,VANCOUVER,2025-04-02,6,McKee's Camp,MCKC,2025-04-03T00:08:37Z,2025-04-02T23:01:00Z,ARR,bad,67.0
1 (04-02),True,False,TORONTO,VANCOUVER,2025-04-02,7,Felix,FELX,2025-04-03T00:28:37Z,2025-04-02T23:21:00Z,ARR,bad,67.0
1 (04-02),True,False,TORONTO,VANCOUVER,2025-04-02,8,Ruel,RUEL,2025-04-03T00:35:37Z,2025-04-02T23:28:00Z,ARR,bad,67.0
1 (04-02),True,False,TORONTO,VANCOUVER,2025-04-02,9,Westree,WSTR,2025-04-03T01:09:51Z,2025-04-02T23:45:00Z,ARR,bad,84.0
1 (04-02),True,False,TORONTO,VANCOUVER,2025-04-02,10,Gogama,GOGA,2025-04-03T01:46:45Z,2025-04-03T00:18:00Z,ARR,bad,88.0
1 (04-02),True,False,TORONTO,VANCOUVER,2025-04-02,11,Foleyet,FOLE,2025-04-03T03:53:47Z,2025-04-03T02:44:00Z,ARR,bad,69.0
1 (04-02),True,False,TORONTO,VANCOUVER,2025-04-02,12,Elsas,ELSA,2025-04-03T04:52:29Z,2025-04-03T03:38:00Z,ARR,bad,74.0
1 (04-02),True,False,TORONTO,VANCOUVER,2025-04-02,13,Oba,OBAX,2025-04-03T06:52:29Z,2025-04-03T05:38:00Z,ARR,bad,74.0
1 (04-02),True,False,TORONTO,VANCOUVER,2025-04-02,14,Hornepayne,HNPN,2025-04-03T08:56:07Z,2025-04-03T06:29:00Z,ARR,bad,147.0
1 (04-02),True,False,TORONTO,VANCOUVER,2025-04-02,15,Hillsport,HLSP,2025-04-03T11:23:54Z,2025-04-03T08:05:00Z,ARR,bad,198.0
1 (04-02),True,False,TORONTO,VANCOUVER,2025-04-02,16,Caramat,CARA,2025-04-03T12:02:09Z,2025-04-03T08:55:00Z,ARR,bad,187.0
1 (04-02),True,False,TORONTO,VANCOUVER,2025-04-02,17,Longlac,LLAC,2025-04-03T12:25:50Z,2025-04-03T09:34:00Z,ARR,bad,171.0
1 (04-02),True,False,TORONTO,VANCOUVER,2025-04-02,18,Nakina,NAKI,2025-04-03T13:08:32Z,2025-04-03T10:13:00Z,ARR,bad,175.0
1 (04-02),True,False,TORONTO,VANCOUVER,2025-04-02,19,Auden,AUDN,2025-04-03T14:24:43Z,2025-04-03T11:19:00Z,ARR,bad,185.0
1 (04-02),True,False,TORONTO,VANCOUVER,2025-04-02,20,Ferland,FERL,2025-04-03T15:01:43Z,2025-04-03T11:56:00Z,ARR,bad,185.0
1 (04-02),True,False,TORONTO,VANCOUVER,2025-04-02,21,Mud River,MUDR,2025-04-03T15:10:43Z,2025-04-03T12:05:00Z,ARR,bad,185.0
1 (04-02),True,False,TORONTO,VANCOUVER,2025-04-02,22,Armstrong,ARMG,2025-04-03T15:53:18Z,2025-04-03T13:17:00Z,ARR,bad,156.0
1 (04-02),True,False,TORONTO,VANCOUVER,2025-04-02,23,Collins,COLL,2025-04-03T16:38:28Z,2025-04-03T13:47:00Z,ARR,bad,171.0
1 (04-02),True,False,TORONTO,VANCOUVER,2025-04-02,24,Allanwater Bridge,ALWB,2025-04-03T17:17:28Z,2025-04-03T14:26:00Z,ARR,bad,171.0
1 (04-02),True,False,TORONTO,VANCOUVER,2025-04-02,25,Flindt Landing,FLTL,2025-04-03T17:33:28Z,2025-04-03T14:42:00Z,ARR,bad,171.0
1 (04-02),True,False,TORONTO,VANCOUVER,2025-04-02,26,Savant Lake,SAVL,2025-04-03T17:50:28Z,2025-04-03T14:59:00Z,ARR,bad,171.0
1 (04-02),True,False,TORONTO,VANCOUVER,2025-04-02,27,Sioux Lookout,SLKT,2025-04-03T21:07:58Z,2025-04-03T16:25:00Z,ARR,bad,282.0
1 (04-02),True,False,TORONTO,VANCOUVER,2025-04-02,28,Richan,RCHN,2025-04-03T23:30:08Z,2025-04-03T18:05:00Z,ARR,bad,325.0
1 (04-02),True,False,TORONTO,VANCOUVER,2025-04-02,29,Red Lake Road,RLRX,2025-04-03T23:59:44Z,2025-04-03T18:41:00Z,ARR,bad,318.0
1 (04-02),True,False,TORONTO,VANCOUVER,2025-04-02,30,Canyon,CNYK,2025-04-04T00:28:36Z,2025-04-03T19:10:00Z,ARR,bad,318.0
1 (04-02),True,False,TORONTO,VANCOUVER,2025-04-02,31,Farlane,FARL,2025-04-04T00:58:43Z,2025-04-03T19:47:00Z,ARR,bad,311.0
1 (04-02),True,False,TORONTO,VANCOUVER,2025-04-02,32,Redditt,RDDT,2025-04-04T01:11:30Z,2025-04-03T20:23:00Z,ARR,bad,288.0
1 (04-02),True,False,TORONTO,VANCOUVER,2025-04-02,33,Minaki,MNKI,2025-04-04T01:34:06Z,2025-04-03T20:44:00Z,ARR,bad,290.0
1 (04-02),True,False,TORONTO,VANCOUVER,2025-04-02,34,Ottermere,OTTM,2025-04-04T01:49:23Z,2025-04-03T21:01:00Z,ARR,bad,288.0
1 (04-02),True,False,TORONTO,VANCOUVER,2025-04-02,35,Malachi,MLCH,2025-04-04T01:59:10Z,2025-04-03T21:07:00Z,ARR,bad,292.0
1 (04-02),True,False,TORONTO,VANCOUVER,2025-04-02,36,Copelands Landing,COPE,2025-04-04T02:01:10Z,2025-04-03T21:09:00Z,ARR,bad,292.0
1 (04-02),True,False,TORONTO,VANCOUVER,2025-04-02,37,Rice Lake,RCLK,2025-04-04T02:05:57Z,2025-04-03T21:12:00Z,ARR,bad,293.0
1 (04-02),True,False,TORONTO,VANCOUVER,2025-04-02,38,Winnitoba,WNTB,2025-04-04T02:17:55Z,2025-04-03T21:26:00Z,ARR,bad,291.0
1 (04-02),True,False,TORONTO,VANCOUVER,2025-04-02,39,Ophir,OPHR,2025-04-04T02:13:59Z,2025-04-03T21:31:00Z,ARR,bad,282.0
1 (04-02),True,False,TORONTO,VANCOUVER,2025-04-02,40,Brereton Lake,BRTL,2025-04-04T02:25:54Z,2025-04-03T21:49:00Z,ARR,bad,276.0
1 (04-02),True,False,TORONTO,VANCOUVER,2025-04-02,41,Elma,ELMA,2025-04-04T02:40:55Z,2025-04-03T22:10:00Z,ARR,bad,270.0
1 (04-02),True,False,TORONTO,VANCOUVER,2025-04-02,42,Winnipeg,WNPG,2025-04-04T03:59:10Z,2025-04-04T00:30:00Z,ARR,bad,209.0
1 (04-02),True,False,TORONTO,VANCOUVER,2025-04-02,43,Portage La Prairie,PLPX,2025-04-04T08:10:37Z,2025-04-04T04:04:00Z,ARR,bad,246.0
1 (04-02),True,False,TORONTO,VANCOUVER,2025-04-02,44,Rivers,RVRS,2025-04-04T11:28:35Z,2025-04-04T06:31:00Z,ARR,bad,297.0
1 (04-02),True,False,TORONTO,VANCOUVER,2025-04-02,45,Melville,MELV,2025-04-04T15:37:41Z,2025-04-04T10:54:00Z,ARR,bad,283.0
1 (04-02),True,False,TORONTO,VANCOUVER,2025-04-02,46,Watrous,WATR,2025-04-04T19:23:26Z,2025-04-04T13:54:00Z,ARR,bad,329.0
1 (04-02),True,False,TORONTO,VANCOUVER,2025-04-02,47,Saskatoon,SASK,2025-04-04T21:41:01Z,2025-04-04T15:50:00Z,ARR,bad,351.0
1 (04-02),True,False,TORONTO,VANCOUVER,2025-04-02,48,Biggar,BIGG,2025-04-05T00:15:45Z,2025-04-04T18:29:00Z,ARR,bad,346.0
1 (04-02),True,False,TORONTO,VANCOUVER,2025-04-02,49,Unity,UNIT,2025-04-05T01:40:30Z,2025-04-04T19:44:00Z,ARR,bad,356.0
1 (04-02),True,False,TORONTO,VANCOUVER,2025-04-02,50,Wainwright,WAIN,2025-04-05T03:20:28Z,2025-04-04T22:33:00Z,ARR,bad,287.0
1 (04-02),True,False,TORONTO,VANCOUVER,2025-04-02,51,Viking,VKNG,2025-04-05T04:34:34Z,2025-04-04T23:26:00Z,ARR,bad,308.0
1 (04-02),True,False,TORONTO,VANCOUVER,2025-04-02,52,Edmonton,EDMO,2025-04-05T06:48:45Z,2025-04-05T02:50:00Z,ARR,bad,238.0
1 (04-02),True,False,TORONTO,VANCOUVER,2025-04-02,53,Evansburg,EVAN,2025-04-05T09:40:35Z,2025-04-05T07:29:00Z,ARR,bad,131.0
1 (04-02),True,False,TORONTO,VANCOUVER,2025-04-02,54,Edson,EDSN,2025-04-05T11:14:57Z,2025-04-05T08:52:00Z,ARR,bad,142.0
1 (04-02),True,False,TORONTO,VANCOUVER,2025-04-02,55,Hinton,HINT,2025-04-05T13:24:05Z,2025-04-05T09:58:00Z,ARR,bad,206.0
1 (04-02),True,False,TORONTO,VANCOUVER,2025-04-02,56,Jasper,JASP,2025-04-05T15:25:08Z,2025-04-05T12:30:00Z,ARR,bad,175.0
1 (04-02),True,False,TORONTO,VANCOUVER,2025-04-02,57,Valemount,VLMT,2025-04-05T20:07:11Z,2025-04-05T17:50:00Z,ARR,bad,137.0
1 (04-02),True,False,TORONTO,VANCOUVER,2025-04-02,58,Blue River,BLUE,2025-04-05T22:05:54Z,2025-04-05T20:36:00Z,ARR,bad,89.0
1 (04-02),True,False,TORONTO,VANCOUVER,2025-04-02,59,Clearwater,CLWT,2025-04-06T01:51:55Z,2025-04-05T22:45:00Z,ARR,bad,186.0
1 (04-02),True,False,TORONTO,VANCOUVER,2025-04-02,60,Kamloops North,KAMN,2025-04-06T05:53:21Z,2025-04-06T01:28:00Z,2h01,bad,265.0
1 (04-02),True,False,TORONTO,VANCOUVER,2025-04-02,61,Ashcroft,ASHN,2025-04-06T08:14:21Z,2025-04-06T03:49:00Z,4h22,bad,265.0
1 (04-02),True,False,TORONTO,VANCOUVER,2025-04-02,62,Boston Bar,BBAR,&mdash;,2025-04-06T06:36:00Z,&mdash;,,
1 (04-02),True,False,TORONTO,VANCOUVER,2025-04-02,63,Hope,HOPE,&mdash;,2025-04-06T08:06:00Z,&mdash;,,
1 (04-02),True,False,TORONTO,VANCOUVER,2025-04-02,64,Chilliwack,CHIL,&mdash;,2025-04-06T08:30:00Z,&mdash;,,
1 (04-02),True,False,TORONTO,VANCOUVER,2025-04-02,65,Abbotsford,ABBO,&mdash;,2025-04-06T09:00:00Z,&mdash;,,
1 (04-02),True,False,TORONTO,VANCOUVER,2025-04-02,66,Vancouver,VCVR,&mdash;,2025-04-06T15:00:00Z,&mdash;,,
692 (04-03),True,True,CHURCHILL,WINNIPEG,2025-04-03,0,Churchill,CHUR,2025-04-04T01:30:00Z,2025-04-04T01:30:00Z,ARR,goo,0.0
692 (04-03),True,True,CHURCHILL,WINNIPEG,2025-04-03,1,Tidal,TIDL,2025-04-04T01:55:18Z,2025-04-04T01:52:00Z,ARR,goo,3.0
692 (04-03),True,True,CHURCHILL,WINNIPEG,2025-04-03,2,Chesnaye,CHES,2025-04-04T02:54:23Z,2025-04-04T02:38:00Z,ARR,bad,16.0
692 (04-03),True,True,CHURCHILL,WINNIPEG,2025-04-03,3,M'Clintock,MCLI,2025-04-04T04:10:23Z,2025-04-04T03:54:00Z,ARR,bad,16.0
692 (04-03),True,True,CHURCHILL,WINNIPEG,2025-04-03,4,O'Day,ODAY,2025-04-04T04:55:23Z,2025-04-04T04:39:00Z,ARR,bad,16.0
692 (04-03),True,True,CHURCHILL,WINNIPEG,2025-04-03,5,Herchmer,HERC,2025-04-04T05:34:23Z,2025-04-04T05:18:00Z,ARR,bad,16.0
692 (04-03),True,True,CHURCHILL,WINNIPEG,2025-04-03,6,Thibaudeau,THIB,2025-04-04T06:31:55Z,2025-04-04T06:44:00Z,ARR,goo,-12.0
692 (04-03),True,True,CHURCHILL,WINNIPEG,2025-04-03,7,Weir River,WEIR,2025-04-04T07:23:25Z,2025-04-04T07:46:00Z,ARR,goo,-22.0
692 (04-03),True,True,CHURCHILL,WINNIPEG,2025-04-03,8,Amery,AMRY,2025-04-04T07:58:02Z,2025-04-04T08:37:00Z,ARR,goo,-38.0
692 (04-03),True,True,CHURCHILL,WINNIPEG,2025-04-03,9,Bird,BIRD,2025-04-04T09:03:42Z,2025-04-04T09:00:00Z,ARR,goo,3.0
692 (04-03),True,True,CHURCHILL,WINNIPEG,2025-04-03,10,Gillam,GILL,2025-04-04T09:47:37Z,2025-04-04T10:00:00Z,ARR,goo,-12.0
692 (04-03),True,True,CHURCHILL,WINNIPEG,2025-04-03,11,Wivenhoe,WVHO,2025-04-04T11:18:38Z,2025-04-04T11:16:00Z,ARR,goo,2.0
692 (04-03),True,True,CHURCHILL,WINNIPEG,2025-04-03,12,Ilford,ILFO,2025-04-04T12:09:12Z,2025-04-04T11:53:00Z,ARR,bad,16.0
692 (04-03),True,True,CHURCHILL,WINNIPEG,2025-04-03,13,Pit Siding,PITS,2025-04-04T13:33:27Z,2025-04-04T12:54:00Z,ARR,bad,39.0
692 (04-03),True,True,CHURCHILL,WINNIPEG,2025-04-03,14,Bridgar,BRGR,2025-04-04T14:55:27Z,2025-04-04T14:16:00Z,ARR,bad,39.0
692 (04-03),True,True,CHURCHILL,WINNIPEG,2025-04-03,15,Pikwitonei,PIKW,2025-04-04T15:06:27Z,2025-04-04T14:27:00Z,ARR,bad,39.0
692 (04-03),True,True,CHURCHILL,WINNIPEG,2025-04-03,16,Sipiwesk,SIPI,2025-04-04T15:33:27Z,2025-04-04T14:54:00Z,ARR,bad,39.0
692 (04-03),True,True,CHURCHILL,WINNIPEG,2025-04-03,17,Thompson,THOM,2025-04-04T18:42:15Z,2025-04-04T16:30:00Z,ARR,bad,132.0
692 (04-03),True,True,CHURCHILL,WINNIPEG,2025-04-03,18,Leven,LEVN,2025-04-04T20:59:40Z,2025-04-04T21:05:00Z,ARR,goo,-5.0
692 (04-03),True,True,CHURCHILL,WINNIPEG,2025-04-03,19,Thicket Portage,THKP,2025-04-04T21:21:19Z,2025-04-04T21:22:00Z,ARR,goo,0.0
692 (04-03),True,True,CHURCHILL,WINNIPEG,2025-04-03,20,Hockin,HOCK,2025-04-04T21:20:05Z,2025-04-04T21:37:00Z,ARR,goo,-16.0
692 (04-03),True,True,CHURCHILL,WINNIPEG,2025-04-03,21,Odhill,ODHI,2025-04-04T22:21:00Z,2025-04-04T22:21:00Z,ARR,goo,0.0
692 (04-03),True,True,CHURCHILL,WINNIPEG,2025-04-03,22,Lyddal,LYDD,2025-04-04T22:43:00Z,2025-04-04T22:43:00Z,ARR,goo,0.0
692 (04-03),True,True,CHURCHILL,WINNIPEG,2025-04-03,23,Wabowden,WBDN,2025-04-04T23:11:00Z,2025-04-04T23:11:00Z,ARR,goo,0.0
692 (04-03),True,True,CHURCHILL,WINNIPEG,2025-04-03,24,Pipun,PIPN,2025-04-04T23:34:00Z,2025-04-04T23:34:00Z,ARR,goo,0.0
692 (04-03),True,True,CHURCHILL,WINNIPEG,2025-04-03,25,Ponton,PNTN,2025-04-05T00:17:00Z,2025-04-05T00:17:00Z,ARR,goo,0.0
692 (04-03),True,True,CHURCHILL,WINNIPEG,2025-04-03,26,Turnbull,TURN,2025-04-05T00:49:00Z,2025-04-05T00:49:00Z,ARR,goo,0.0
692 (04-03),True,True,CHURCHILL,WINNIPEG,2025-04-03,27,Wekusko,WEKU,2025-04-05T01:16:00Z,2025-04-05T01:16:00Z,ARR,goo,0.0
692 (04-03),True,True,CHURCHILL,WINNIPEG,2025-04-03,28,Dyce,DYCE,2025-04-05T01:26:18Z,2025-04-05T02:00:00Z,ARR,goo,-33.0
692 (04-03),True,True,CHURCHILL,WINNIPEG,2025-04-03,29,Dering,DERI,2025-04-05T02:39:00Z,2025-04-05T02:39:00Z,ARR,goo,0.0
692 (04-03),True,True,CHURCHILL,WINNIPEG,2025-04-03,30,Cormorant,CORM,2025-04-05T02:47:00Z,2025-04-05T02:47:00Z,ARR,goo,0.0
692 (04-03),True,True,CHURCHILL,WINNIPEG,2025-04-03,31,Halcrow,HALC,2025-04-05T02:58:00Z,2025-04-05T02:58:00Z,ARR,goo,0.0
692 (04-03),True,True,CHURCHILL,WINNIPEG,2025-04-03,32,Orok,OROK,2025-04-05T02:56:50Z,2025-04-05T03:52:00Z,ARR,goo,-55.0
692 (04-03),True,True,CHURCHILL,WINNIPEG,2025-04-03,33,The Pas,TPAS,2025-04-05T03:29:56Z,2025-04-05T04:30:00Z,ARR,goo,-60.0
692 (04-03),True,True,CHURCHILL,WINNIPEG,2025-04-03,34,Hudson Bay,HBAY,2025-04-05T11:33:23Z,2025-04-05T10:27:00Z,ARR,bad,66.0
692 (04-03),True,True,CHURCHILL,WINNIPEG,2025-04-03,35,Reserve,RSRV,2025-04-05T12:24:20Z,2025-04-05T11:09:00Z,ARR,bad,75.0
692 (04-03),True,True,CHURCHILL,WINNIPEG,2025-04-03,36,Endeavour,ENDV,2025-04-05T13:13:13Z,2025-04-05T11:55:00Z,ARR,bad,78.0
692 (04-03),True,True,CHURCHILL,WINNIPEG,2025-04-03,37,Sturgis,STGS,2025-04-05T13:45:31Z,2025-04-05T12:24:00Z,ARR,bad,81.0
692 (04-03),True,True,CHURCHILL,WINNIPEG,2025-04-03,38,Canora,CANO,2025-04-05T14:30:42Z,2025-04-05T13:08:00Z,ARR,bad,82.0
692 (04-03),True,True,CHURCHILL,WINNIPEG,2025-04-03,39,Mikado,MIKA,2025-04-05T14:51:53Z,2025-04-05T13:30:00Z,ARR,bad,81.0
692 (04-03),True,True,CHURCHILL,WINNIPEG,2025-04-03,40,Veregin,VERE,2025-04-05T15:03:04Z,2025-04-05T13:43:00Z,ARR,bad,80.0
692 (04-03),True,True,CHURCHILL,WINNIPEG,2025-04-03,41,Kamsack,KAMS,2025-04-05T15:14:27Z,2025-04-05T13:58:00Z,ARR,bad,76.0
692 (04-03),True,True,CHURCHILL,WINNIPEG,2025-04-03,42,Togo,TOGO,2025-04-05T15:48:39Z,2025-04-05T14:37:00Z,ARR,bad,71.0
692 (04-03),True,True,CHURCHILL,WINNIPEG,2025-04-03,43,Roblin,RBLN,2025-04-05T16:16:02Z,2025-04-05T15:14:00Z,ARR,bad,62.0
692 (04-03),True,True,CHURCHILL,WINNIPEG,2025-04-03,44,Grandview,GVIE,2025-04-05T17:26:25Z,2025-04-05T16:12:00Z,ARR,bad,74.0
692 (04-03),True,True,CHURCHILL,WINNIPEG,2025-04-03,45,Gilbert Plains,GLBP,2025-04-05T17:46:08Z,2025-04-05T16:32:00Z,ARR,bad,74.0
692 (04-03),True,True,CHURCHILL,WINNIPEG,2025-04-03,46,Dauphin,DAUP,2025-04-05T18:23:58Z,2025-04-05T16:56:00Z,ARR,bad,87.0
692 (04-03),True,True,CHURCHILL,WINNIPEG,2025-04-03,47,Ochre River,OCHR,2025-04-05T18:56:05Z,2025-04-05T17:20:00Z,ARR,bad,96.0
692 (04-03),True,True,CHURCHILL,WINNIPEG,2025-04-03,48,Laurier,LRIE,2025-04-05T19:11:55Z,2025-04-05T17:38:00Z,ARR,bad,93.0
692 (04-03),True,True,CHURCHILL,WINNIPEG,2025-04-03,49,Mccreary,MCCR,2025-04-05T19:27:53Z,2025-04-05T17:54:00Z,ARR,bad,93.0
692 (04-03),True,True,CHURCHILL,WINNIPEG,2025-04-03,50,Glenella,GLNA,2025-04-05T20:06:03Z,2025-04-05T18:34:00Z,ARR,bad,92.0
692 (04-03),True,True,CHURCHILL,WINNIPEG,2025-04-03,51,Plumas,PLUM,2025-04-05T20:32:36Z,2025-04-05T19:06:00Z,ARR,bad,86.0
692 (04-03),True,True,CHURCHILL,WINNIPEG,2025-04-03,52,Gladstone,GSTO,2025-04-05T21:00:30Z,2025-04-05T19:51:00Z,ARR,bad,69.0
692 (04-03),True,True,CHURCHILL,WINNIPEG,2025-04-03,53,Portage La Prairie,PLPX,2025-04-05T21:45:26Z,2025-04-05T20:37:00Z,ARR,bad,68.0
692 (04-03),True,True,CHURCHILL,WINNIPEG,2025-04-03,54,Winnipeg,WNPG,2025-04-05T23:17:54Z,2025-04-05T21:45:00Z,ARR,bad,92.0
2 (04-04),True,False,VANCOUVER,TORONTO,2025-04-04,0,Vancouver,VCVR,2025-04-04T22:00:25Z,2025-04-04T22:00:00Z,ARR,goo,0.0
2 (04-04),True,False,VANCOUVER,TORONTO,2025-04-04,1,Mission Harbour,MSNH,2025-04-04T23:54:06Z,2025-04-04T23:35:00Z,ARR,bad,19.0
2 (04-04),True,False,VANCOUVER,TORONTO,2025-04-04,2,Agassiz,AGAS,2025-04-05T00:38:57Z,2025-04-05T00:03:00Z,ARR,bad,35.0
2 (04-04),True,False,VANCOUVER,TORONTO,2025-04-04,3,Katz,KATZ,2025-04-05T00:58:39Z,2025-04-05T00:17:00Z,ARR,bad,41.0
2 (04-04),True,False,VANCOUVER,TORONTO,2025-04-04,4,North Bend,NBND,2025-04-05T02:55:00Z,2025-04-05T02:46:00Z,ARR,med,9.0
2 (04-04),True,False,VANCOUVER,TORONTO,2025-04-04,5,Ashcroft,ASHN,2025-04-05T06:03:06Z,2025-04-05T05:32:00Z,ARR,bad,31.0
2 (04-04),True,False,VANCOUVER,TORONTO,2025-04-04,6,Kamloops North,KAMN,2025-04-05T07:42:32Z,2025-04-05T07:17:00Z,ARR,bad,25.0
2 (04-04),True,False,VANCOUVER,TORONTO,2025-04-04,7,Clearwater,CLWT,2025-04-05T10:49:10Z,2025-04-05T09:58:00Z,ARR,bad,51.0
2 (04-04),True,False,VANCOUVER,TORONTO,2025-04-04,8,Blue River,BLUE,2025-04-05T14:26:12Z,2025-04-05T12:11:00Z,ARR,bad,135.0
2 (04-04),True,False,VANCOUVER,TORONTO,2025-04-04,9,Valemount,VLMT,2025-04-05T15:54:45Z,2025-04-05T14:01:00Z,ARR,bad,113.0
2 (04-04),True,False,VANCOUVER,TORONTO,2025-04-04,10,Jasper,JASP,2025-04-05T18:48:05Z,2025-04-05T17:00:00Z,ARR,bad,108.0
2 (04-04),True,False,VANCOUVER,TORONTO,2025-04-04,11,Hinton,HINT,2025-04-05T22:26:52Z,2025-04-05T19:45:00Z,ARR,bad,161.0
2 (04-04),True,False,VANCOUVER,TORONTO,2025-04-04,12,Edson,EDSN,2025-04-06T02:21:44Z,2025-04-05T21:19:00Z,ARR,bad,302.0
2 (04-04),True,False,VANCOUVER,TORONTO,2025-04-04,13,Evansburg,EVAN,2025-04-06T04:20:55Z,2025-04-05T22:28:00Z,29 mins,bad,352.0
2 (04-04),True,False,VANCOUVER,TORONTO,2025-04-04,14,Edmonton,EDMO,2025-04-06T06:42:55Z,2025-04-06T00:50:00Z,2h51,bad,352.0
2 (04-04),True,False,VANCOUVER,TORONTO,2025-04-04,15,Viking,VKNG,&mdash;,2025-04-06T03:53:00Z,&mdash;,,
2 (04-04),True,False,VANCOUVER,TORONTO,2025-04-04,16,Wainwright,WAIN,&mdash;,2025-04-06T06:14:00Z,&mdash;,,
2 (04-04),True,False,VANCOUVER,TORONTO,2025-04-04,17,Unity,UNIT,&mdash;,2025-04-06T07:47:00Z,&mdash;,,
2 (04-04),True,False,VANCOUVER,TORONTO,2025-04-04,18,Biggar,BIGG,&mdash;,2025-04-06T09:21:00Z,&mdash;,,
2 (04-04),True,False,VANCOUVER,TORONTO,2025-04-04,19,Saskatoon,SASK,&mdash;,2025-04-06T11:57:00Z,&mdash;,,
2 (04-04),True,False,VANCOUVER,TORONTO,2025-04-04,20,Watrous,WATR,&mdash;,2025-04-06T14:26:00Z,&mdash;,,
692 (04-05),True,False,CHURCHILL,WINNIPEG,2025-04-05,0,Churchill,CHUR,2025-04-06T01:30:00Z,2025-04-06T01:30:00Z,ARR,goo,0.0
692 (04-05),True,False,CHURCHILL,WINNIPEG,2025-04-05,1,Tidal,TIDL,2025-04-06T01:54:53Z,2025-04-06T01:52:00Z,ARR,goo,2.0
692 (04-05),True,False,CHURCHILL,WINNIPEG,2025-04-05,2,Chesnaye,CHES,2025-04-06T02:45:58Z,2025-04-06T02:38:00Z,ARR,med,7.0
692 (04-05),True,False,CHURCHILL,WINNIPEG,2025-04-05,3,M'Clintock,MCLI,2025-04-06T04:01:58Z,2025-04-06T03:54:00Z,10 mins,med,7.0
692 (04-05),True,False,CHURCHILL,WINNIPEG,2025-04-05,4,O'Day,ODAY,2025-04-06T04:46:58Z,2025-04-06T04:39:00Z,55 mins,med,7.0
692 (04-05),True,False,CHURCHILL,WINNIPEG,2025-04-05,5,Herchmer,HERC,2025-04-06T05:25:58Z,2025-04-06T05:18:00Z,1h34,med,7.0
692 (04-05),True,False,CHURCHILL,WINNIPEG,2025-04-05,6,Thibaudeau,THIB,2025-04-06T06:51:58Z,2025-04-06T06:44:00Z,3h00,med,7.0
692 (04-05),True,False,CHURCHILL,WINNIPEG,2025-04-05,7,Weir River,WEIR,2025-04-06T07:53:58Z,2025-04-06T07:46:00Z,4h02,med,7.0
692 (04-05),True,False,CHURCHILL,WINNIPEG,2025-04-05,8,Amery,AMRY,2025-04-06T08:44:58Z,2025-04-06T08:37:00Z,4h53,med,7.0
692 (04-05),True,False,CHURCHILL,WINNIPEG,2025-04-05,9,Bird,BIRD,2025-04-06T09:07:58Z,2025-04-06T09:00:00Z,5h16,med,7.0
692 (04-05),True,False,CHURCHILL,WINNIPEG,2025-04-05,10,Gillam,GILL,2025-04-06T10:07:58Z,2025-04-06T10:00:00Z,6h16,med,7.0
692 (04-05),True,False,CHURCHILL,WINNIPEG,2025-04-05,11,Wivenhoe,WVHO,2025-04-06T11:23:58Z,2025-04-06T11:16:00Z,7h32,med,7.0
692 (04-05),True,False,CHURCHILL,WINNIPEG,2025-04-05,12,Ilford,ILFO,2025-04-06T12:00:58Z,2025-04-06T11:53:00Z,8h09,med,7.0
692 (04-05),True,False,CHURCHILL,WINNIPEG,2025-04-05,13,Pit Siding,PITS,2025-04-06T13:01:58Z,2025-04-06T12:54:00Z,9h10,med,7.0
692 (04-05),True,False,CHURCHILL,WINNIPEG,2025-04-05,14,Bridgar,BRGR,2025-04-06T14:23:58Z,2025-04-06T14:16:00Z,10h32,med,7.0
692 (04-05),True,False,CHURCHILL,WINNIPEG,2025-04-05,15,Pikwitonei,PIKW,2025-04-06T14:34:58Z,2025-04-06T14:27:00Z,10h43,med,7.0
692 (04-05),True,False,CHURCHILL,WINNIPEG,2025-04-05,16,Sipiwesk,SIPI,2025-04-06T15:01:58Z,2025-04-06T14:54:00Z,11h10,med,7.0
692 (04-05),True,False,CHURCHILL,WINNIPEG,2025-04-05,17,Thompson,THOM,2025-04-06T16:37:58Z,2025-04-06T16:30:00Z,12h46,med,7.0
6,True,True,PRINCE RUPERT,JASPER,2025-04-04,0,Prince Rupert,PRUP,2025-04-04T15:00:00Z,2025-04-04T15:00:00Z,ARR,goo,0.0
6,True,True,PRINCE RUPERT,JASPER,2025-04-04,1,Cassiar Cannery,CASS,2025-04-04T15:29:02Z,2025-04-04T15:20:00Z,ARR,med,9.0
6,True,True,PRINCE RUPERT,JASPER,2025-04-04,2,Kwinitsa,KWIN,2025-04-04T16:08:29Z,2025-04-04T16:17:00Z,ARR,goo,-8.0
6,True,True,PRINCE RUPERT,JASPER,2025-04-04,3,Terrace,TRRC,2025-04-04T17:07:23Z,2025-04-04T17:20:00Z,ARR,goo,-12.0
6,True,True,PRINCE RUPERT,JASPER,2025-04-04,4,Usk,USKX,2025-04-04T17:37:43Z,2025-04-04T17:48:00Z,ARR,goo,-10.0
6,True,True,PRINCE RUPERT,JASPER,2025-04-04,5,Pacific,PACI,2025-04-04T17:54:01Z,2025-04-04T18:07:00Z,ARR,goo,-12.0
6,True,True,PRINCE RUPERT,JASPER,2025-04-04,6,Dorreen,DORR,2025-04-04T18:02:07Z,2025-04-04T18:19:00Z,ARR,goo,-16.0
6,True,True,PRINCE RUPERT,JASPER,2025-04-04,7,Cedarvale,CEDA,2025-04-04T18:20:28Z,2025-04-04T18:44:00Z,ARR,goo,-23.0
6,True,True,PRINCE RUPERT,JASPER,2025-04-04,8,Kitwanga,KITW,2025-04-04T18:38:01Z,2025-04-04T18:48:01Z,ARR,goo,-10.0
6,True,True,PRINCE RUPERT,JASPER,2025-04-04,9,New Hazelton,NHAZ,2025-04-04T19:19:55Z,2025-04-04T19:30:00Z,ARR,goo,-10.0
6,True,True,PRINCE RUPERT,JASPER,2025-04-04,10,Smithers,SMTR,2025-04-04T21:10:18Z,2025-04-04T21:14:00Z,ARR,goo,-3.0
6,True,True,PRINCE RUPERT,JASPER,2025-04-04,11,Telkwa,TELK,2025-04-04T21:32:01Z,2025-04-04T21:37:00Z,ARR,goo,-4.0
6,True,True,PRINCE RUPERT,JASPER,2025-04-04,12,Houston,HOUS,2025-04-04T22:12:32Z,2025-04-04T22:22:00Z,ARR,goo,-9.0
6,True,True,PRINCE RUPERT,JASPER,2025-04-04,13,Burns Lake,BRNL,2025-04-04T23:29:24Z,2025-04-04T23:32:00Z,ARR,goo,-2.0
6,True,True,PRINCE RUPERT,JASPER,2025-04-04,14,Endako,ENDA,2025-04-05T00:27:55Z,2025-04-05T00:25:00Z,ARR,goo,2.0
6,True,True,PRINCE RUPERT,JASPER,2025-04-04,15,Fort Fraser,FFRA,2025-04-05T01:10:17Z,2025-04-05T00:57:00Z,ARR,med,13.0
6,True,True,PRINCE RUPERT,JASPER,2025-04-04,16,Vanderhoof,VDRH,2025-04-05T01:41:48Z,2025-04-05T01:35:00Z,ARR,med,6.0
6,True,True,PRINCE RUPERT,JASPER,2025-04-04,17,Prince George,PGEO,2025-04-05T03:48:26Z,2025-04-05T03:29:00Z,ARR,bad,19.0
6,True,True,PRINCE RUPERT,JASPER,2025-04-04,18,Willow River,WILR,2025-04-05T15:42:17Z,2025-04-05T15:48:00Z,ARR,goo,-5.0
6,True,True,PRINCE RUPERT,JASPER,2025-04-04,19,Aleza Lake,ALZL,2025-04-05T16:06:02Z,2025-04-05T16:17:00Z,ARR,goo,-10.0
6,True,True,PRINCE RUPERT,JASPER,2025-04-04,20,Upper Fraser,UFRZ,2025-04-05T16:25:00Z,2025-04-05T16:25:00Z,ARR,goo,0.0
6,True,True,PRINCE RUPERT,JASPER,2025-04-04,21,Mcgregor,MCGR,2025-04-05T16:33:00Z,2025-04-05T16:33:00Z,ARR,goo,0.0
6,True,True,PRINCE RUPERT,JASPER,2025-04-04,22,Sinclair Mills,SINM,2025-04-05T16:27:44Z,2025-04-05T16:44:00Z,ARR,goo,-16.0
6,True,True,PRINCE RUPERT,JASPER,2025-04-04,23,Hutton,HUTT,2025-04-05T16:31:47Z,2025-04-05T16:48:00Z,ARR,goo,-16.0
6,True,True,PRINCE RUPERT,JASPER,2025-04-04,24,Longworth,LWTH,2025-04-05T16:47:12Z,2025-04-05T16:59:00Z,ARR,goo,-11.0
6,True,True,PRINCE RUPERT,JASPER,2025-04-04,25,Penny,PENN,2025-04-05T17:21:13Z,2025-04-05T17:13:00Z,ARR,med,8.0
6,True,True,PRINCE RUPERT,JASPER,2025-04-04,26,Bend,BEND,2025-04-05T17:39:16Z,2025-04-05T17:32:00Z,ARR,med,7.0
6,True,True,PRINCE RUPERT,JASPER,2025-04-04,27,Dome Creek,DOMC,2025-04-05T17:40:59Z,2025-04-05T17:33:07Z,ARR,med,7.0
6,True,True,PRINCE RUPERT,JASPER,2025-04-04,28,Loos,LOOS,2025-04-05T18:12:34Z,2025-04-05T18:07:00Z,ARR,med,5.0
6,True,True,PRINCE RUPERT,JASPER,2025-04-04,29,Goat River,GOAT,2025-04-05T18:29:51Z,2025-04-05T18:22:00Z,ARR,med,7.0
6,True,True,PRINCE RUPERT,JASPER,2025-04-04,30,Mcbride,MCBR,2025-04-05T19:20:05Z,2025-04-05T19:18:00Z,ARR,goo,2.0
6,True,True,PRINCE RUPERT,JASPER,2025-04-04,31,Dunster,DNST,2025-04-05T20:11:44Z,2025-04-05T19:35:00Z,ARR,bad,36.0
6,True,True,PRINCE RUPERT,JASPER,2025-04-04,32,Harvey,HRVY,2025-04-05T21:29:47Z,2025-04-05T20:24:00Z,ARR,bad,65.0
6,True,True,PRINCE RUPERT,JASPER,2025-04-04,33,Jasper,JASP,2025-04-06T00:18:51Z,2025-04-05T23:00:00Z,ARR,bad,78.0
691,True,True,THE PAS,CHURCHILL,2025-04-04,0,The Pas,TPAS,2025-04-04T07:30:00Z,2025-04-04T07:30:00Z,ARR,goo,0.0
691,True,True,THE PAS,CHURCHILL,2025-04-04,1,Orok,OROK,2025-04-04T08:02:25Z,2025-04-04T08:07:00Z,ARR,goo,-4.0
691,True,True,THE PAS,CHURCHILL,2025-04-04,2,Halcrow,HALC,2025-04-04T08:51:38Z,2025-04-04T09:01:00Z,ARR,goo,-9.0
691,True,True,THE PAS,CHURCHILL,2025-04-04,3,Cormorant,CORM,2025-04-04T08:57:54Z,2025-04-04T09:12:00Z,ARR,goo,-14.0
691,True,True,THE PAS,CHURCHILL,2025-04-04,4,Dering,DERI,2025-04-04T09:05:54Z,2025-04-04T09:20:00Z,ARR,goo,-14.0
691,True,True,THE PAS,CHURCHILL,2025-04-04,5,Dyce,DYCE,2025-04-04T09:59:00Z,2025-04-04T09:59:00Z,ARR,goo,0.0
691,True,True,THE PAS,CHURCHILL,2025-04-04,6,Wekusko,WEKU,2025-04-04T10:24:02Z,2025-04-04T10:43:00Z,ARR,goo,-18.0
691,True,True,THE PAS,CHURCHILL,2025-04-04,7,Turnbull,TURN,2025-04-04T10:47:51Z,2025-04-04T11:10:00Z,ARR,goo,-22.0
691,True,True,THE PAS,CHURCHILL,2025-04-04,8,Ponton,PNTN,2025-04-04T11:14:45Z,2025-04-04T11:42:00Z,ARR,goo,-27.0
691,True,True,THE PAS,CHURCHILL,2025-04-04,9,Pipun,PIPN,2025-04-04T12:01:13Z,2025-04-04T12:25:00Z,ARR,goo,-23.0
691,True,True,THE PAS,CHURCHILL,2025-04-04,10,Wabowden,WBDN,2025-04-04T12:15:09Z,2025-04-04T12:48:00Z,ARR,goo,-32.0
691,True,True,THE PAS,CHURCHILL,2025-04-04,11,Lyddal,LYDD,2025-04-04T13:05:59Z,2025-04-04T13:16:00Z,ARR,goo,-10.0
691,True,True,THE PAS,CHURCHILL,2025-04-04,12,Odhill,ODHI,2025-04-04T13:24:20Z,2025-04-04T13:38:00Z,ARR,goo,-13.0
691,True,True,THE PAS,CHURCHILL,2025-04-04,13,Hockin,HOCK,2025-04-04T14:03:47Z,2025-04-04T14:22:00Z,ARR,goo,-18.0
691,True,True,THE PAS,CHURCHILL,2025-04-04,14,Thicket Portage,THKP,2025-04-04T14:37:00Z,2025-04-04T14:37:00Z,ARR,goo,0.0
691,True,True,THE PAS,CHURCHILL,2025-04-04,15,Leven,LEVN,2025-04-04T14:51:36Z,2025-04-04T14:54:00Z,ARR,goo,-2.0
691,True,True,THE PAS,CHURCHILL,2025-04-04,16,Thompson,THOM,2025-04-04T18:07:47Z,2025-04-04T17:00:00Z,ARR,bad,67.0
691,True,True,THE PAS,CHURCHILL,2025-04-04,17,Sipiwesk,SIPI,2025-04-04T23:23:02Z,2025-04-04T23:35:00Z,ARR,goo,-11.0
691,True,True,THE PAS,CHURCHILL,2025-04-04,18,Pikwitonei,PIKW,2025-04-05T00:02:00Z,2025-04-05T00:02:00Z,ARR,goo,0.0
691,True,True,THE PAS,CHURCHILL,2025-04-04,19,Bridgar,BRGR,2025-04-05T00:13:00Z,2025-04-05T00:13:00Z,ARR,goo,0.0
691,True,True,THE PAS,CHURCHILL,2025-04-04,20,Pit Siding,PITS,2025-04-05T01:35:00Z,2025-04-05T01:35:00Z,ARR,goo,0.0
691,True,True,THE PAS,CHURCHILL,2025-04-04,21,Ilford,ILFO,2025-04-05T02:36:15Z,2025-04-05T02:36:00Z,ARR,goo,0.0
691,True,True,THE PAS,CHURCHILL,2025-04-04,22,Wivenhoe,WVHO,2025-04-05T03:45:50Z,2025-04-05T03:13:00Z,ARR,bad,32.0
691,True,True,THE PAS,CHURCHILL,2025-04-04,23,Gillam,GILL,2025-04-05T04:29:35Z,2025-04-05T04:00:01Z,ARR,bad,29.0
691,True,True,THE PAS,CHURCHILL,2025-04-04,24,Bird,BIRD,2025-04-05T05:25:55Z,2025-04-05T05:29:00Z,ARR,goo,-3.0
691,True,True,THE PAS,CHURCHILL,2025-04-04,25,Amery,AMRY,2025-04-05T05:57:46Z,2025-04-05T05:51:00Z,ARR,med,6.0
691,True,True,THE PAS,CHURCHILL,2025-04-04,26,Weir River,WEIR,2025-04-05T06:56:02Z,2025-04-05T06:43:00Z,ARR,med,13.0
691,True,True,THE PAS,CHURCHILL,2025-04-04,27,Thibaudeau,THIB,2025-04-05T07:40:27Z,2025-04-05T08:00:00Z,ARR,goo,-19.0
691,True,True,THE PAS,CHURCHILL,2025-04-04,28,Herchmer,HERC,2025-04-05T09:26:00Z,2025-04-05T09:26:00Z,ARR,goo,0.0
691,True,True,THE PAS,CHURCHILL,2025-04-04,29,O'Day,ODAY,2025-04-05T10:05:00Z,2025-04-05T10:05:00Z,ARR,goo,0.0
691,True,True,THE PAS,CHURCHILL,2025-04-04,30,M'Clintock,MCLI,2025-04-05T10:50:00Z,2025-04-05T10:50:00Z,ARR,goo,0.0
691,True,True,THE PAS,CHURCHILL,2025-04-04,31,Chesnaye,CHES,2025-04-05T12:06:00Z,2025-04-05T12:06:00Z,ARR,goo,0.0
691,True,True,THE PAS,CHURCHILL,2025-04-04,32,Tidal,TIDL,2025-04-05T11:58:54Z,2025-04-05T13:37:00Z,ARR,goo,-98.0
691,True,True,THE PAS,CHURCHILL,2025-04-04,33,Churchill,CHUR,2025-04-05T12:42:17Z,2025-04-05T14:00:00Z,ARR,goo,-77.0
15,True,True,HALIFAX,MONTRÉAL,2025-04-04,0,Halifax,HLFX,2025-04-04T14:30:00Z,2025-04-04T14:30:00Z,ARR,goo,0.0
15,True,True,HALIFAX,MONTRÉAL,2025-04-04,1,Truro,TRUR,2025-04-04T15:53:56Z,2025-04-04T15:56:00Z,ARR,goo,-2.0
15,True,True,HALIFAX,MONTRÉAL,2025-04-04,2,Springhill Jct,SPRJ,2025-04-04T17:11:48Z,2025-04-04T17:12:00Z,ARR,goo,0.0
15,True,True,HALIFAX,MONTRÉAL,2025-04-04,3,Amherst,AMHS,2025-04-04T17:42:44Z,2025-04-04T17:35:00Z,ARR,med,7.0
15,True,True,HALIFAX,MONTRÉAL,2025-04-04,4,Sackville,SACK,2025-04-04T17:57:20Z,2025-04-04T17:52:00Z,ARR,med,5.0
15,True,True,HALIFAX,MONTRÉAL,2025-04-04,5,Moncton,MCTN,2025-04-04T18:40:13Z,2025-04-04T18:47:00Z,ARR,goo,-6.0
15,True,True,HALIFAX,MONTRÉAL,2025-04-04,6,Rogersville,RGRV,2025-04-04T20:16:47Z,2025-04-04T20:01:00Z,ARR,bad,15.0
15,True,True,HALIFAX,MONTRÉAL,2025-04-04,7,Miramichi,MIRA,2025-04-04T21:00:22Z,2025-04-04T20:52:00Z,ARR,med,8.0
15,True,True,HALIFAX,MONTRÉAL,2025-04-04,8,Bathurst,BTRS,2025-04-04T22:42:45Z,2025-04-04T22:48:00Z,ARR,goo,-5.0
15,True,True,HALIFAX,MONTRÉAL,2025-04-04,9,Petit Rocher,PROC,2025-04-04T23:08:04Z,2025-04-04T23:17:00Z,ARR,goo,-8.0
15,True,True,HALIFAX,MONTRÉAL,2025-04-04,10,Jacquet River,JACR,2025-04-04T23:31:31Z,2025-04-04T23:40:01Z,ARR,goo,-8.0
15,True,True,HALIFAX,MONTRÉAL,2025-04-04,11,Charlo,CHLO,2025-04-05T00:05:27Z,2025-04-05T00:04:00Z,ARR,goo,1.0
15,True,True,HALIFAX,MONTRÉAL,2025-04-04,12,Campbellton,CBTN,2025-04-05T00:51:19Z,2025-04-05T01:08:00Z,ARR,goo,-16.0
15,True,True,HALIFAX,MONTRÉAL,2025-04-04,13,Matapedia,MTPD,2025-04-05T01:36:33Z,2025-04-05T01:50:00Z,ARR,goo,-13.0
15,True,True,HALIFAX,MONTRÉAL,2025-04-04,14,Causapscal,CAUS,2025-04-05T02:33:39Z,2025-04-05T02:39:00Z,ARR,goo,-5.0
15,True,True,HALIFAX,MONTRÉAL,2025-04-04,15,Amqui,AMQU,2025-04-05T02:59:06Z,2025-04-05T02:59:00Z,ARR,goo,0.0
15,True,True,HALIFAX,MONTRÉAL,2025-04-04,16,Sayabec,SAYA,2025-04-05T03:29:01Z,2025-04-05T03:21:00Z,ARR,med,8.0
15,True,True,HALIFAX,MONTRÉAL,2025-04-04,17,Mont-Joli,MJLI,2025-04-05T04:39:10Z,2025-04-05T04:51:00Z,ARR,goo,-11.0
15,True,True,HALIFAX,MONTRÉAL,2025-04-04,18,Rimouski,RMSK,2025-04-05T05:13:27Z,2025-04-05T05:24:00Z,ARR,goo,-10.0
15,True,True,HALIFAX,MONTRÉAL,2025-04-04,19,Trois Pistoles,TPIS,2025-04-05T06:42:11Z,2025-04-05T06:31:00Z,ARR,med,11.0
15,True,True,HALIFAX,MONTRÉAL,2025-04-04,20,Rivière-Du-Loup,RDLX,2025-04-05T07:19:05Z,2025-04-05T07:18:00Z,ARR,goo,1.0
15,True,True,HALIFAX,MONTRÉAL,2025-04-04,21,La Pocatière,LPOC,2025-04-05T07:59:44Z,2025-04-05T08:05:00Z,ARR,goo,-5.0
15,True,True,HALIFAX,MONTRÉAL,2025-04-04,22,Montmagny,MMGY,2025-04-05T08:31:25Z,2025-04-05T08:39:00Z,ARR,goo,-7.0
15,True,True,HALIFAX,MONTRÉAL,2025-04-04,23,Ste-Foy,SFOY,2025-04-05T09:09:15Z,2025-04-05T10:13:00Z,ARR,goo,-63.0
15,True,True,HALIFAX,MONTRÉAL,2025-04-04,24,Drummondville,DRMV,2025-04-05T12:11:01Z,2025-04-05T12:20:00Z,ARR,goo,-8.0
15,True,True,HALIFAX,MONTRÉAL,2025-04-04,25,St. Hyacinthe,SHYA,2025-04-05T12:53:30Z,2025-04-05T13:00:00Z,ARR,goo,-6.0
15,True,True,HALIFAX,MONTRÉAL,2025-04-04,26,St. Lambert,SLAM,2025-04-05T13:30:12Z,2025-04-05T13:34:00Z,ARR,goo,-3.0
15,True,True,HALIFAX,MONTRÉAL,2025-04-04,27,Montréal,MTRL,2025-04-05T13:52:33Z,2025-04-05T13:53:00Z,ARR,goo,0.0
5,True,True,JASPER,PRINCE RUPERT,2025-04-04,0,Harvey,HRVY,2025-04-04T19:22:01Z,2025-04-04T18:38:00Z,ARR,bad,44.0
5,True,True,JASPER,PRINCE RUPERT,2025-04-04,1,Dunster,DNST,2025-04-04T19:53:18Z,2025-04-04T19:12:00Z,ARR,bad,41.0
5,True,True,JASPER,PRINCE RUPERT,2025-04-04,2,Mcbride,MCBR,2025-04-04T20:24:39Z,2025-04-04T19:44:00Z,ARR,bad,40.0
5,True,True,JASPER,PRINCE RUPERT,2025-04-04,3,Goat River,GOAT,2025-04-04T21:15:40Z,2025-04-04T20:41:00Z,ARR,bad,34.0
5,True,True,JASPER,PRINCE RUPERT,2025-04-04,4,Loos,LOOS,2025-04-04T21:29:37Z,2025-04-04T20:58:00Z,ARR,bad,31.0
5,True,True,JASPER,PRINCE RUPERT,2025-04-04,5,Dome Creek,DOMC,2025-04-04T21:57:30Z,2025-04-04T21:32:00Z,ARR,bad,25.0
5,True,True,JASPER,PRINCE RUPERT,2025-04-04,6,Bend,BEND,2025-04-04T22:00:22Z,2025-04-04T21:36:00Z,ARR,bad,24.0
5,True,True,JASPER,PRINCE RUPERT,2025-04-04,7,Penny,PENN,2025-04-04T22:18:27Z,2025-04-04T21:56:00Z,ARR,bad,22.0
5,True,True,JASPER,PRINCE RUPERT,2025-04-04,8,Longworth,LWTH,2025-04-04T22:30:06Z,2025-04-04T22:11:00Z,ARR,bad,19.0
5,True,True,JASPER,PRINCE RUPERT,2025-04-04,9,Hutton,HUTT,2025-04-04T22:41:02Z,2025-04-04T22:24:00Z,ARR,bad,17.0
5,True,True,JASPER,PRINCE RUPERT,2025-04-04,10,Sinclair Mills,SINM,2025-04-04T22:47:02Z,2025-04-04T22:30:00Z,ARR,bad,17.0
5,True,True,JASPER,PRINCE RUPERT,2025-04-04,11,Mcgregor,MCGR,2025-04-04T22:55:11Z,2025-04-04T22:43:00Z,ARR,med,12.0
5,True,True,JASPER,PRINCE RUPERT,2025-04-04,12,Upper Fraser,UFRZ,2025-04-04T23:04:11Z,2025-04-04T22:52:00Z,ARR,med,12.0
5,True,True,JASPER,PRINCE RUPERT,2025-04-04,13,Aleza Lake,ALZL,2025-04-04T23:08:33Z,2025-04-04T23:01:00Z,ARR,med,7.0
5,True,True,JASPER,PRINCE RUPERT,2025-04-04,14,Willow River,WILR,2025-04-05T00:24:10Z,2025-04-04T23:31:00Z,ARR,bad,53.0
5,True,True,JASPER,PRINCE RUPERT,2025-04-04,15,Prince George,PGEO,2025-04-05T01:12:36Z,2025-04-05T00:08:00Z,ARR,bad,64.0
5,True,True,JASPER,PRINCE RUPERT,2025-04-04,16,Vanderhoof,VDRH,2025-04-05T17:10:06Z,2025-04-05T16:55:00Z,ARR,bad,15.0
5,True,True,JASPER,PRINCE RUPERT,2025-04-04,17,Fort Fraser,FFRA,2025-04-05T17:44:25Z,2025-04-05T17:32:00Z,ARR,med,12.0
5,True,True,JASPER,PRINCE RUPERT,2025-04-04,18,Endako,ENDA,2025-04-05T18:15:36Z,2025-04-05T17:50:00Z,ARR,bad,25.0
5,True,True,JASPER,PRINCE RUPERT,2025-04-04,19,Burns Lake,BRNL,2025-04-05T19:01:13Z,2025-04-05T18:58:00Z,ARR,goo,3.0
5,True,True,JASPER,PRINCE RUPERT,2025-04-04,20,Houston,HOUS,2025-04-05T20:53:24Z,2025-04-05T20:08:00Z,ARR,bad,45.0
5,True,True,JASPER,PRINCE RUPERT,2025-04-04,21,Telkwa,TELK,2025-04-05T21:35:03Z,2025-04-05T20:52:00Z,ARR,bad,43.0
5,True,True,JASPER,PRINCE RUPERT,2025-04-04,22,Smithers,SMTR,2025-04-05T21:45:58Z,2025-04-05T21:10:00Z,ARR,bad,35.0
5,True,True,JASPER,PRINCE RUPERT,2025-04-04,23,New Hazelton,NHAZ,2025-04-05T22:58:49Z,2025-04-05T22:37:00Z,ARR,bad,21.0
5,True,True,JASPER,PRINCE RUPERT,2025-04-04,24,Kitwanga,KITW,2025-04-05T23:41:35Z,2025-04-05T23:27:00Z,ARR,med,14.0
5,True,True,JASPER,PRINCE RUPERT,2025-04-04,25,Cedarvale,CEDA,2025-04-06T00:03:06Z,2025-04-05T23:51:00Z,ARR,med,12.0
5,True,True,JASPER,PRINCE RUPERT,2025-04-04,26,Dorreen,DORR,2025-04-06T00:24:09Z,2025-04-06T00:12:00Z,ARR,med,12.0
5,True,True,JASPER,PRINCE RUPERT,2025-04-04,27,Pacific,PACI,2025-04-06T00:33:03Z,2025-04-06T00:21:00Z,ARR,med,12.0
5,True,True,JASPER,PRINCE RUPERT,2025-04-04,28,Usk,USKX,2025-04-06T01:06:14Z,2025-04-06T00:40:00Z,ARR,bad,26.0
5,True,True,JASPER,PRINCE RUPERT,2025-04-04,29,Terrace,TRRC,2025-04-06T01:23:22Z,2025-04-06T01:00:00Z,ARR,bad,23.0
5,True,True,JASPER,PRINCE RUPERT,2025-04-04,30,Kwinitsa,KWIN,2025-04-06T02:24:59Z,2025-04-06T02:09:00Z,ARR,bad,15.0
5,True,True,JASPER,PRINCE RUPERT,2025-04-04,31,Cassiar Cannery,CASS,2025-04-06T03:02:55Z,2025-04-06T02:45:00Z,ARR,bad,17.0
5,True,True,JASPER,PRINCE RUPERT,2025-04-04,32,Prince Rupert,PRUP,2025-04-06T03:32:25Z,2025-04-06T03:25:00Z,ARR,med,7.0
14,True,True,MONTRÉAL,HALIFAX,2025-04-04,0,Montréal,MTRL,2025-04-04T22:30:00Z,2025-04-04T22:30:00Z,ARR,goo,0.0
14,True,True,MONTRÉAL,HALIFAX,2025-04-04,1,St. Lambert,SLAM,2025-04-04T22:50:13Z,2025-04-04T22:45:00Z,ARR,med,5.0
14,True,True,MONTRÉAL,HALIFAX,2025-04-04,2,St. Hyacinthe,SHYA,2025-04-04T23:22:39Z,2025-04-04T23:23:00Z,ARR,goo,0.0
14,True,True,MONTRÉAL,HALIFAX,2025-04-04,3,Drummondville,DRMV,2025-04-05T00:18:08Z,2025-04-05T00:04:00Z,ARR,med,14.0
14,True,True,MONTRÉAL,HALIFAX,2025-04-04,4,Ste-Foy,SFOY,2025-04-05T01:42:52Z,2025-04-05T01:48:00Z,ARR,goo,-5.0
14,True,True,MONTRÉAL,HALIFAX,2025-04-04,5,Montmagny,MMGY,2025-04-05T03:36:04Z,2025-04-05T03:17:00Z,ARR,bad,19.0
14,True,True,MONTRÉAL,HALIFAX,2025-04-04,6,La Pocatière,LPOC,2025-04-05T04:08:30Z,2025-04-05T03:50:00Z,ARR,bad,18.0
14,True,True,MONTRÉAL,HALIFAX,2025-04-04,7,Rivière-Du-Loup,RDLX,2025-04-05T04:51:00Z,2025-04-05T04:31:00Z,ARR,bad,20.0
14,True,True,MONTRÉAL,HALIFAX,2025-04-04,8,Trois Pistoles,TPIS,2025-04-05T05:31:53Z,2025-04-05T05:15:00Z,ARR,bad,16.0
14,True,True,MONTRÉAL,HALIFAX,2025-04-04,9,Rimouski,RMSK,2025-04-05T06:26:38Z,2025-04-05T06:24:00Z,ARR,goo,2.0
14,True,True,MONTRÉAL,HALIFAX,2025-04-04,10,Mont-Joli,MJLI,2025-04-05T06:58:25Z,2025-04-05T07:04:00Z,ARR,goo,-5.0
14,True,True,MONTRÉAL,HALIFAX,2025-04-04,11,Sayabec,SAYA,2025-04-05T08:00:24Z,2025-04-05T08:09:00Z,ARR,goo,-8.0
14,True,True,MONTRÉAL,HALIFAX,2025-04-04,12,Amqui,AMQU,2025-04-05T08:27:43Z,2025-04-05T08:30:00Z,ARR,goo,-2.0
14,True,True,MONTRÉAL,HALIFAX,2025-04-04,13,Causapscal,CAUS,2025-04-05T08:53:13Z,2025-04-05T08:52:00Z,ARR,goo,1.0
14,True,True,MONTRÉAL,HALIFAX,2025-04-04,14,Matapedia,MTPD,2025-04-05T09:47:45Z,2025-04-05T09:38:00Z,ARR,med,9.0
14,True,True,MONTRÉAL,HALIFAX,2025-04-04,15,Campbellton,CBTN,2025-04-05T10:20:51Z,2025-04-05T10:23:00Z,ARR,goo,-2.0
14,True,True,MONTRÉAL,HALIFAX,2025-04-04,16,Charlo,CHLO,2025-04-05T11:16:28Z,2025-04-05T11:06:00Z,ARR,med,10.0
14,True,True,MONTRÉAL,HALIFAX,2025-04-04,17,Jacquet River,JACR,2025-04-05T11:54:33Z,2025-04-05T11:30:00Z,ARR,bad,24.0
14,True,True,MONTRÉAL,HALIFAX,2025-04-04,18,Petit Rocher,PROC,2025-04-05T12:21:18Z,2025-04-05T11:53:00Z,ARR,bad,28.0
14,True,True,MONTRÉAL,HALIFAX,2025-04-04,19,Bathurst,BTRS,2025-04-05T12:42:25Z,2025-04-05T12:42:00Z,ARR,goo,0.0
14,True,True,MONTRÉAL,HALIFAX,2025-04-04,20,Miramichi,MIRA,2025-04-05T14:21:32Z,2025-04-05T14:33:00Z,ARR,goo,-11.0
14,True,True,MONTRÉAL,HALIFAX,2025-04-04,21,Rogersville,RGRV,2025-04-05T15:13:42Z,2025-04-05T15:28:00Z,ARR,goo,-14.0
14,True,True,MONTRÉAL,HALIFAX,2025-04-04,22,Moncton,MCTN,2025-04-05T16:27:22Z,2025-04-05T16:38:00Z,ARR,goo,-10.0
14,True,True,MONTRÉAL,HALIFAX,2025-04-04,23,Sackville,SACK,2025-04-05T18:55:36Z,2025-04-05T17:38:00Z,ARR,bad,77.0
14,True,True,MONTRÉAL,HALIFAX,2025-04-04,24,Amherst,AMHS,2025-04-05T19:12:44Z,2025-04-05T17:54:00Z,ARR,bad,78.0
14,True,True,MONTRÉAL,HALIFAX,2025-04-04,25,Springhill Jct,SPRJ,2025-04-05T19:42:59Z,2025-04-05T18:18:00Z,ARR,bad,84.0
14,True,True,MONTRÉAL,HALIFAX,2025-04-04,26,Truro,TRUR,2025-04-05T20:49:58Z,2025-04-05T19:32:00Z,ARR,bad,77.0
14,True,True,MONTRÉAL,HALIFAX,2025-04-04,27,Halifax,HLFX,2025-04-05T22:16:19Z,2025-04-05T21:06:00Z,ARR,bad,70.0
24,True,True,OTTAWA,QUÉBEC,2025-04-05,0,Ottawa,OTTW,2025-04-05T14:13:17Z,2025-04-05T14:13:00Z,ARR,goo,0.0
24,True,True,OTTAWA,QUÉBEC,2025-04-05,1,Alexandria,ALEX,2025-04-05T15:02:18Z,2025-04-05T15:03:00Z,ARR,goo,0.0
24,True,True,OTTAWA,QUÉBEC,2025-04-05,2,Coteau,COTO,2025-04-05T15:24:42Z,2025-04-05T15:26:00Z,ARR,goo,-1.0
24,True,True,OTTAWA,QUÉBEC,2025-04-05,3,Dorval,DORV,2025-04-05T15:58:57Z,2025-04-05T15:50:00Z,ARR,med,8.0
24,True,True,OTTAWA,QUÉBEC,2025-04-05,4,Montréal,MTRL,2025-04-05T16:23:32Z,2025-04-05T16:15:00Z,ARR,med,8.0
24,True,True,OTTAWA,QUÉBEC,2025-04-05,5,St. Lambert,SLAM,2025-04-05T17:01:30Z,2025-04-05T16:58:00Z,ARR,goo,3.0
24,True,True,OTTAWA,QUÉBEC,2025-04-05,6,St. Hyacinthe,SHYA,2025-04-05T17:31:21Z,2025-04-05T17:26:00Z,ARR,med,5.0
24,True,True,OTTAWA,QUÉBEC,2025-04-05,7,Drummondville,DRMV,2025-04-05T18:01:32Z,2025-04-05T17:54:00Z,ARR,med,7.0
24,True,True,OTTAWA,QUÉBEC,2025-04-05,8,Charny,CHNY,2025-04-05T19:50:55Z,2025-04-05T19:38:00Z,ARR,med,12.0
24,True,True,OTTAWA,QUÉBEC,2025-04-05,9,Ste-Foy,SFOY,2025-04-05T19:59:45Z,2025-04-05T19:45:00Z,ARR,med,14.0
24,True,True,OTTAWA,QUÉBEC,2025-04-05,10,Québec,QBEC,2025-04-05T20:29:51Z,2025-04-05T20:12:00Z,ARR,bad,17.0
37,True,True,QUÉBEC,OTTAWA,2025-04-05,0,Québec,QBEC,2025-04-05T16:33:10Z,2025-04-05T16:32:00Z,ARR,goo,1.0
37,True,True,QUÉBEC,OTTAWA,2025-04-05,1,Ste-Foy,SFOY,2025-04-05T17:00:34Z,2025-04-05T16:57:00Z,ARR,goo,3.0
37,True,True,QUÉBEC,OTTAWA,2025-04-05,2,Drummondville,DRMV,2025-04-05T18:59:34Z,2025-04-05T18:44:00Z,ARR,bad,15.0
37,True,True,QUÉBEC,OTTAWA,2025-04-05,3,St. Hyacinthe,SHYA,2025-04-05T19:36:01Z,2025-04-05T19:12:00Z,ARR,bad,24.0
37,True,True,QUÉBEC,OTTAWA,2025-04-05,4,St. Lambert,SLAM,2025-04-05T20:09:42Z,2025-04-05T19:39:00Z,ARR,bad,30.0
37,True,True,QUÉBEC,OTTAWA,2025-04-05,5,Montréal,MTRL,2025-04-05T20:26:06Z,2025-04-05T19:54:00Z,ARR,bad,32.0
37,True,True,QUÉBEC,OTTAWA,2025-04-05,6,Dorval,DORV,2025-04-05T21:12:39Z,2025-04-05T20:54:00Z,ARR,bad,18.0
37,True,True,QUÉBEC,OTTAWA,2025-04-05,7,Coteau,COTO,2025-04-05T21:46:12Z,2025-04-05T21:23:00Z,ARR,bad,23.0
37,True,True,QUÉBEC,OTTAWA,2025-04-05,8,Alexandria,ALEX,2025-04-05T22:06:56Z,2025-04-05T21:45:00Z,ARR,bad,21.0
37,True,True,QUÉBEC,OTTAWA,2025-04-05,9,Ottawa,OTTW,2025-04-05T22:49:51Z,2025-04-05T22:37:00Z,ARR,med,12.0
41,True,True,OTTAWA,TORONTO,2025-04-05,0,Ottawa,OTTW,2025-04-05T09:21:00Z,2025-04-05T09:21:00Z,ARR,goo,0.0
41,True,True,OTTAWA,TORONTO,2025-04-05,1,Fallowfield,FALL,2025-04-05T09:36:28Z,2025-04-05T09:38:00Z,ARR,goo,-1.0
41,True,True,OTTAWA,TORONTO,2025-04-05,2,Smiths Falls,SMTF,2025-04-05T10:06:50Z,2025-04-05T10:08:00Z,ARR,goo,-1.0
41,True,True,OTTAWA,TORONTO,2025-04-05,3,Brockville,BRKV,2025-04-05T10:50:19Z,2025-04-05T10:40:00Z,ARR,med,10.0
41,True,True,OTTAWA,TORONTO,2025-04-05,4,Kingston,KGON,2025-04-05T11:30:44Z,2025-04-05T11:25:00Z,ARR,med,5.0
41,True,True,OTTAWA,TORONTO,2025-04-05,5,Napanee,NAPN,2025-04-05T11:54:09Z,2025-04-05T11:49:00Z,ARR,med,5.0
41,True,True,OTTAWA,TORONTO,2025-04-05,6,Belleville,BLVL,2025-04-05T12:09:46Z,2025-04-05T12:07:00Z,ARR,goo,2.0
41,True,True,OTTAWA,TORONTO,2025-04-05,7,Trenton Jct.,TRNJ,2025-04-05T12:23:05Z,2025-04-05T12:20:00Z,ARR,goo,3.0
41,True,True,OTTAWA,TORONTO,2025-04-05,8,Cobourg,CBRG,2025-04-05T12:48:19Z,2025-04-05T12:44:00Z,ARR,goo,4.0
41,True,True,OTTAWA,TORONTO,2025-04-05,9,Oshawa,OSHA,2025-04-05T13:23:12Z,2025-04-05T13:19:00Z,ARR,goo,4.0
41,True,True,OTTAWA,TORONTO,2025-04-05,10,Toronto,TRTO,2025-04-05T14:06:05Z,2025-04-05T14:02:00Z,ARR,goo,4.0
50,True,True,TORONTO,OTTAWA,2025-04-05,0,Toronto,TRTO,2025-04-05T10:32:00Z,2025-04-05T10:32:00Z,ARR,goo,0.0
50,True,True,TORONTO,OTTAWA,2025-04-05,1,Guildwood,GUIL,2025-04-05T10:50:22Z,2025-04-05T10:50:00Z,ARR,goo,0.0
50,True,True,TORONTO,OTTAWA,2025-04-05,2,Oshawa,OSHA,2025-04-05T11:09:34Z,2025-04-05T11:08:00Z,ARR,goo,1.0
50,True,True,TORONTO,OTTAWA,2025-04-05,3,Cobourg,CBRG,2025-04-05T11:55:24Z,2025-04-05T11:43:00Z,ARR,med,12.0
50,True,True,TORONTO,OTTAWA,2025-04-05,4,Belleville,BLVL,2025-04-05T12:29:09Z,2025-04-05T12:18:00Z,ARR,med,11.0
50,True,True,TORONTO,OTTAWA,2025-04-05,5,Kingston,KGON,2025-04-05T13:06:32Z,2025-04-05T12:57:00Z,ARR,med,9.0
50,True,True,TORONTO,OTTAWA,2025-04-05,6,Brockville,BRKV,2025-04-05T14:20:10Z,2025-04-05T13:54:00Z,ARR,bad,26.0
50,True,True,TORONTO,OTTAWA,2025-04-05,7,Smiths Falls,SMTF,2025-04-05T14:51:25Z,2025-04-05T14:29:00Z,ARR,bad,22.0
50,True,True,TORONTO,OTTAWA,2025-04-05,8,Fallowfield,FALL,2025-04-05T15:17:26Z,2025-04-05T15:01:00Z,ARR,bad,16.0
50,True,True,TORONTO,OTTAWA,2025-04-05,9,Ottawa,OTTW,2025-04-05T15:35:23Z,2025-04-05T15:21:00Z,ARR,med,14.0
52,True,True,TORONTO,OTTAWA,2025-04-05,0,Toronto,TRTO,2025-04-05T12:32:00Z,2025-04-05T12:32:00Z,ARR,goo,0.0
52,True,True,TORONTO,OTTAWA,2025-04-05,1,Guildwood,GUIL,2025-04-05T12:50:56Z,2025-04-05T12:50:00Z,ARR,goo,0.0
52,True,True,TORONTO,OTTAWA,2025-04-05,2,Oshawa,OSHA,2025-04-05T13:19:29Z,2025-04-05T13:09:00Z,ARR,med,10.0
52,True,True,TORONTO,OTTAWA,2025-04-05,3,Cobourg,CBRG,2025-04-05T13:54:46Z,2025-04-05T13:44:00Z,ARR,med,10.0
52,True,True,TORONTO,OTTAWA,2025-04-05,4,Belleville,BLVL,2025-04-05T14:27:33Z,2025-04-05T14:20:00Z,ARR,med,7.0
52,True,True,TORONTO,OTTAWA,2025-04-05,5,Kingston,KGON,2025-04-05T15:04:43Z,2025-04-05T15:00:00Z,ARR,goo,4.0
52,True,True,TORONTO,OTTAWA,2025-04-05,6,Brockville,BRKV,2025-04-05T15:52:55Z,2025-04-05T15:57:00Z,ARR,goo,-4.0
52,True,True,TORONTO,OTTAWA,2025-04-05,7,Smiths Falls,SMTF,2025-04-05T16:49:32Z,2025-04-05T16:35:00Z,ARR,med,14.0
52,True,True,TORONTO,OTTAWA,2025-04-05,8,Fallowfield,FALL,2025-04-05T17:18:33Z,2025-04-05T17:11:00Z,ARR,med,7.0
52,True,True,TORONTO,OTTAWA,2025-04-05,9,Ottawa,OTTW,2025-04-05T17:36:43Z,2025-04-05T17:32:00Z,ARR,goo,4.0
53,True,True,OTTAWA,TORONTO,2025-04-05,0,Ottawa,OTTW,2025-04-05T15:43:18Z,2025-04-05T15:43:00Z,ARR,goo,0.0
53,True,True,OTTAWA,TORONTO,2025-04-05,1,Fallowfield,FALL,2025-04-05T15:59:13Z,2025-04-05T16:00:00Z,ARR,goo,0.0
53,True,True,OTTAWA,TORONTO,2025-04-05,2,Brockville,BRKV,2025-04-05T17:17:56Z,2025-04-05T17:01:00Z,ARR,bad,16.0
53,True,True,OTTAWA,TORONTO,2025-04-05,3,Gananoque,GANA,2025-04-05T17:43:39Z,2025-04-05T17:31:00Z,ARR,med,12.0
53,True,True,OTTAWA,TORONTO,2025-04-05,4,Kingston,KGON,2025-04-05T18:03:58Z,2025-04-05T17:54:00Z,ARR,med,9.0
53,True,True,OTTAWA,TORONTO,2025-04-05,5,Belleville,BLVL,2025-04-05T18:40:52Z,2025-04-05T18:36:00Z,ARR,goo,4.0
53,True,True,OTTAWA,TORONTO,2025-04-05,6,Cobourg,CBRG,2025-04-05T19:20:38Z,2025-04-05T19:12:00Z,ARR,med,8.0
53,True,True,OTTAWA,TORONTO,2025-04-05,7,Oshawa,OSHA,2025-04-05T19:54:18Z,2025-04-05T19:48:00Z,ARR,med,6.0
53,True,True,OTTAWA,TORONTO,2025-04-05,8,Toronto,TRTO,2025-04-05T20:47:23Z,2025-04-05T20:33:00Z,ARR,med,14.0
60,True,True,TORONTO,MONTRÉAL,2025-04-05,0,Toronto,TRTO,2025-04-05T10:32:00Z,2025-04-05T10:32:00Z,ARR,goo,0.0
60,True,True,TORONTO,MONTRÉAL,2025-04-05,1,Guildwood,GUIL,2025-04-05T10:50:09Z,2025-04-05T10:50:00Z,ARR,goo,0.0
60,True,True,TORONTO,MONTRÉAL,2025-04-05,2,Oshawa,OSHA,2025-04-05T11:09:19Z,2025-04-05T11:08:00Z,ARR,goo,1.0
60,True,True,TORONTO,MONTRÉAL,2025-04-05,3,Cobourg,CBRG,2025-04-05T11:55:20Z,2025-04-05T11:43:00Z,ARR,med,12.0
60,True,True,TORONTO,MONTRÉAL,2025-04-05,4,Belleville,BLVL,2025-04-05T12:29:15Z,2025-04-05T12:18:00Z,ARR,med,11.0
60,True,True,TORONTO,MONTRÉAL,2025-04-05,5,Kingston,KGON,2025-04-05T13:06:27Z,2025-04-05T12:57:00Z,ARR,med,9.0
60,True,True,TORONTO,MONTRÉAL,2025-04-05,6,Cornwall,CWLL,2025-04-05T14:49:29Z,2025-04-05T14:38:00Z,ARR,med,11.0
60,True,True,TORONTO,MONTRÉAL,2025-04-05,7,Dorval,DORV,2025-04-05T15:51:32Z,2025-04-05T15:25:00Z,ARR,bad,26.0
60,True,True,TORONTO,MONTRÉAL,2025-04-05,8,Montréal,MTRL,2025-04-05T16:18:04Z,2025-04-05T15:50:00Z,ARR,bad,28.0
64,True,True,TORONTO,MONTRÉAL,2025-04-05,0,Toronto,TRTO,2025-04-05T15:37:58Z,2025-04-05T15:37:00Z,ARR,goo,0.0
64,True,True,TORONTO,MONTRÉAL,2025-04-05,1,Guildwood,GUIL,2025-04-05T16:33:20Z,2025-04-05T15:55:00Z,ARR,bad,38.0
64,True,True,TORONTO,MONTRÉAL,2025-04-05,2,Oshawa,OSHA,2025-04-05T16:53:18Z,2025-04-05T16:09:00Z,ARR,bad,44.0
64,True,True,TORONTO,MONTRÉAL,2025-04-05,3,Cobourg,CBRG,2025-04-05T17:28:27Z,2025-04-05T16:46:00Z,ARR,bad,42.0
64,True,True,TORONTO,MONTRÉAL,2025-04-05,4,Belleville,BLVL,2025-04-05T18:06:31Z,2025-04-05T17:22:00Z,ARR,bad,44.0
64,True,True,TORONTO,MONTRÉAL,2025-04-05,5,Kingston,KGON,2025-04-05T18:42:56Z,2025-04-05T18:03:00Z,ARR,bad,39.0
64,True,True,TORONTO,MONTRÉAL,2025-04-05,6,Brockville,BRKV,2025-04-05T19:32:09Z,2025-04-05T18:52:00Z,ARR,bad,40.0
64,True,True,TORONTO,MONTRÉAL,2025-04-05,7,Cornwall,CWLL,2025-04-05T20:19:11Z,2025-04-05T19:42:00Z,ARR,bad,37.0
64,True,True,TORONTO,MONTRÉAL,2025-04-05,8,Dorval,DORV,2025-04-05T21:21:52Z,2025-04-05T20:37:00Z,ARR,bad,44.0
64,True,True,TORONTO,MONTRÉAL,2025-04-05,9,Montréal,MTRL,2025-04-05T21:49:41Z,2025-04-05T21:05:00Z,ARR,bad,44.0
65,True,True,MONTRÉAL,TORONTO,2025-04-05,0,Montréal,MTRL,2025-04-05T14:49:00Z,2025-04-05T14:49:00Z,ARR,goo,0.0
65,True,True,MONTRÉAL,TORONTO,2025-04-05,1,Dorval,DORV,2025-04-05T15:12:57Z,2025-04-05T15:12:00Z,ARR,goo,0.0
65,True,True,MONTRÉAL,TORONTO,2025-04-05,2,Cornwall,CWLL,2025-04-05T16:03:48Z,2025-04-05T16:06:00Z,ARR,goo,-2.0
65,True,True,MONTRÉAL,TORONTO,2025-04-05,3,Kingston,KGON,2025-04-05T17:29:12Z,2025-04-05T17:36:00Z,ARR,goo,-6.0
65,True,True,MONTRÉAL,TORONTO,2025-04-05,4,Belleville,BLVL,2025-04-05T18:16:08Z,2025-04-05T18:20:00Z,ARR,goo,-3.0
65,True,True,MONTRÉAL,TORONTO,2025-04-05,5,Cobourg,CBRG,2025-04-05T18:56:21Z,2025-04-05T18:58:00Z,ARR,goo,-1.0
65,True,True,MONTRÉAL,TORONTO,2025-04-05,6,Oshawa,OSHA,2025-04-05T19:35:04Z,2025-04-05T19:34:00Z,ARR,goo,1.0
65,True,True,MONTRÉAL,TORONTO,2025-04-05,7,Toronto,TRTO,2025-04-05T20:30:25Z,2025-04-05T20:18:00Z,ARR,med,12.0
67,True,True,MONTRÉAL,TORONTO,2025-04-05,0,Montréal,MTRL,2025-04-05T17:22:00Z,2025-04-05T17:22:00Z,ARR,goo,0.0
67,True,True,MONTRÉAL,TORONTO,2025-04-05,1,Dorval,DORV,2025-04-05T17:52:40Z,2025-04-05T17:47:00Z,ARR,med,5.0
67,True,True,MONTRÉAL,TORONTO,2025-04-05,2,Cornwall,CWLL,2025-04-05T18:38:32Z,2025-04-05T18:38:00Z,ARR,goo,0.0
67,True,True,MONTRÉAL,TORONTO,2025-04-05,3,Kingston,KGON,2025-04-05T20:02:46Z,2025-04-05T20:03:00Z,ARR,goo,0.0
67,True,True,MONTRÉAL,TORONTO,2025-04-05,4,Belleville,BLVL,2025-04-05T20:44:32Z,2025-04-05T20:42:00Z,ARR,goo,2.0
67,True,True,MONTRÉAL,TORONTO,2025-04-05,5,Cobourg,CBRG,2025-04-05T21:18:03Z,2025-04-05T21:17:00Z,ARR,goo,1.0
67,True,True,MONTRÉAL,TORONTO,2025-04-05,6,Oshawa,OSHA,2025-04-05T21:51:09Z,2025-04-05T21:50:00Z,ARR,goo,1.0
67,True,True,MONTRÉAL,TORONTO,2025-04-05,7,Toronto,TRTO,2025-04-05T22:45:18Z,2025-04-05T22:45:00Z,ARR,goo,0.0
70,True,True,WINDSOR,TORONTO,2025-04-05,0,Windsor,WDON,2025-04-05T09:35:00Z,2025-04-05T09:35:00Z,ARR,goo,0.0
70,True,True,WINDSOR,TORONTO,2025-04-05,1,Chatham,CHAT,2025-04-05T10:17:27Z,2025-04-05T10:19:00Z,ARR,goo,-1.0
70,True,True,WINDSOR,TORONTO,2025-04-05,2,London,LNDN,2025-04-05T11:34:08Z,2025-04-05T11:25:00Z,ARR,med,9.0
70,True,True,WINDSOR,TORONTO,2025-04-05,3,Ingersoll,INGR,2025-04-05T12:02:19Z,2025-04-05T11:55:00Z,ARR,med,7.0
70,True,True,WINDSOR,TORONTO,2025-04-05,4,Woodstock,WDST,2025-04-05T12:19:35Z,2025-04-05T12:08:00Z,ARR,med,11.0
70,True,True,WINDSOR,TORONTO,2025-04-05,5,Brantford,BRTF,2025-04-05T12:51:34Z,2025-04-05T12:44:00Z,ARR,med,7.0
70,True,True,WINDSOR,TORONTO,2025-04-05,6,Aldershot,ALDR,2025-04-05T13:23:43Z,2025-04-05T13:25:00Z,ARR,goo,-1.0
70,True,True,WINDSOR,TORONTO,2025-04-05,7,Oakville,OAKV,2025-04-05T13:44:14Z,2025-04-05T13:43:00Z,ARR,goo,1.0
70,True,True,WINDSOR,TORONTO,2025-04-05,8,Toronto,TRTO,2025-04-05T14:15:17Z,2025-04-05T14:10:00Z,ARR,med,5.0
71,True,True,TORONTO,WINDSOR,2025-04-05,0,Toronto,TRTO,2025-04-05T10:50:50Z,2025-04-05T10:50:00Z,ARR,goo,0.0
71,True,True,TORONTO,WINDSOR,2025-04-05,1,Oakville,OAKV,2025-04-05T11:18:12Z,2025-04-05T11:13:00Z,ARR,med,5.0
71,True,True,TORONTO,WINDSOR,2025-04-05,2,Aldershot,ALDR,2025-04-05T11:33:54Z,2025-04-05T11:29:00Z,ARR,goo,4.0
71,True,True,TORONTO,WINDSOR,2025-04-05,3,Brantford,BRTF,2025-04-05T12:04:44Z,2025-04-05T11:55:00Z,ARR,med,9.0
71,True,True,TORONTO,WINDSOR,2025-04-05,4,Woodstock,WDST,2025-04-05T12:36:09Z,2025-04-05T12:30:00Z,ARR,med,6.0
71,True,True,TORONTO,WINDSOR,2025-04-05,5,Ingersoll,INGR,2025-04-05T12:50:52Z,2025-04-05T12:43:00Z,ARR,med,7.0
71,True,True,TORONTO,WINDSOR,2025-04-05,6,London,LNDN,2025-04-05T13:16:06Z,2025-04-05T13:06:00Z,ARR,med,10.0
71,True,True,TORONTO,WINDSOR,2025-04-05,7,Glencoe,GLNC,2025-04-05T13:51:53Z,2025-04-05T13:39:00Z,ARR,med,12.0
71,True,True,TORONTO,WINDSOR,2025-04-05,8,Chatham,CHAT,2025-04-05T14:55:45Z,2025-04-05T14:18:00Z,ARR,bad,37.0
71,True,True,TORONTO,WINDSOR,2025-04-05,9,Windsor,WDON,2025-04-05T15:41:19Z,2025-04-05T15:08:00Z,ARR,bad,33.0
72,True,True,WINDSOR,TORONTO,2025-04-05,0,Windsor,WDON,2025-04-05T12:43:40Z,2025-04-05T12:43:00Z,ARR,goo,0.0
72,True,True,WINDSOR,TORONTO,2025-04-05,1,Chatham,CHAT,2025-04-05T13:25:52Z,2025-04-05T13:25:00Z,ARR,goo,0.0
72,True,True,WINDSOR,TORONTO,2025-04-05,2,Glencoe,GLNC,2025-04-05T14:11:51Z,2025-04-05T14:05:00Z,ARR,med,6.0
72,True,True,WINDSOR,TORONTO,2025-04-05,3,London,LNDN,2025-04-05T14:44:04Z,2025-04-05T14:39:00Z,ARR,med,5.0
72,True,True,WINDSOR,TORONTO,2025-04-05,4,Ingersoll,INGR,2025-04-05T15:11:20Z,2025-04-05T15:07:00Z,ARR,goo,4.0
72,True,True,WINDSOR,TORONTO,2025-04-05,5,Woodstock,WDST,2025-04-05T15:23:54Z,2025-04-05T15:23:00Z,ARR,goo,0.0
72,True,True,WINDSOR,TORONTO,2025-04-05,6,Brantford,BRTF,2025-04-05T15:54:03Z,2025-04-05T15:55:00Z,ARR,goo,0.0
72,True,True,WINDSOR,TORONTO,2025-04-05,7,Aldershot,ALDR,2025-04-05T16:26:14Z,2025-04-05T16:29:00Z,ARR,goo,-2.0
72,True,True,WINDSOR,TORONTO,2025-04-05,8,Oakville,OAKV,2025-04-05T16:44:54Z,2025-04-05T16:45:00Z,ARR,goo,0.0
72,True,True,WINDSOR,TORONTO,2025-04-05,9,Toronto,TRTO,2025-04-05T17:09:12Z,2025-04-05T17:11:00Z,ARR,goo,-1.0
73,True,True,TORONTO,WINDSOR,2025-04-05,0,Toronto,TRTO,2025-04-05T15:30:23Z,2025-04-05T15:30:00Z,ARR,goo,0.0
73,True,True,TORONTO,WINDSOR,2025-04-05,1,Oakville,OAKV,2025-04-05T15:54:28Z,2025-04-05T15:51:00Z,ARR,goo,3.0
73,True,True,TORONTO,WINDSOR,2025-04-05,2,Aldershot,ALDR,2025-04-05T16:10:57Z,2025-04-05T16:09:00Z,ARR,goo,1.0
73,True,True,TORONTO,WINDSOR,2025-04-05,3,Brantford,BRTF,2025-04-05T16:42:46Z,2025-04-05T16:40:00Z,ARR,goo,2.0
73,True,True,TORONTO,WINDSOR,2025-04-05,4,Woodstock,WDST,2025-04-05T17:42:28Z,2025-04-05T17:09:00Z,ARR,bad,33.0
73,True,True,TORONTO,WINDSOR,2025-04-05,5,London,LNDN,2025-04-05T18:17:02Z,2025-04-05T17:38:00Z,ARR,bad,39.0
73,True,True,TORONTO,WINDSOR,2025-04-05,6,Chatham,CHAT,2025-04-05T19:41:14Z,2025-04-05T18:50:00Z,ARR,bad,51.0
73,True,True,TORONTO,WINDSOR,2025-04-05,7,Windsor,WDON,2025-04-05T20:25:03Z,2025-04-05T19:45:00Z,ARR,bad,40.0
61,True,True,MONTRÉAL,TORONTO,2025-04-05,0,Montréal,MTRL,2025-04-05T10:45:00Z,2025-04-05T10:45:00Z,ARR,goo,0.0
61,True,True,MONTRÉAL,TORONTO,2025-04-05,1,Dorval,DORV,2025-04-05T11:10:14Z,2025-04-05T11:08:00Z,ARR,goo,2.0
61,True,True,MONTRÉAL,TORONTO,2025-04-05,2,Cornwall,CWLL,2025-04-05T12:01:09Z,2025-04-05T12:01:00Z,ARR,goo,0.0
61,True,True,MONTRÉAL,TORONTO,2025-04-05,3,Kingston,KGON,2025-04-05T13:28:29Z,2025-04-05T13:29:00Z,ARR,goo,0.0
61,True,True,MONTRÉAL,TORONTO,2025-04-05,4,Belleville,BLVL,2025-04-05T14:09:18Z,2025-04-05T14:11:00Z,ARR,goo,-1.0
61,True,True,MONTRÉAL,TORONTO,2025-04-05,5,Oshawa,OSHA,2025-04-05T15:13:24Z,2025-04-05T15:19:00Z,ARR,goo,-5.0
61,True,True,MONTRÉAL,TORONTO,2025-04-05,6,Guildwood,GUIL,2025-04-05T15:43:32Z,2025-04-05T15:43:00Z,ARR,goo,0.0
61,True,True,MONTRÉAL,TORONTO,2025-04-05,7,Toronto,TRTO,2025-04-05T16:07:43Z,2025-04-05T16:03:00Z,ARR,goo,4.0
82,True,True,LONDON,TORONTO,2025-04-05,0,London,LNDN,2025-04-05T10:25:31Z,2025-04-05T10:25:00Z,ARR,goo,0.0
82,True,True,LONDON,TORONTO,2025-04-05,1,Woodstock,WDST,2025-04-05T11:00:29Z,2025-04-05T10:53:00Z,ARR,med,7.0
82,True,True,LONDON,TORONTO,2025-04-05,2,Brantford,BRTF,2025-04-05T11:32:38Z,2025-04-05T11:23:00Z,ARR,med,9.0
82,True,True,LONDON,TORONTO,2025-04-05,3,Toronto,TRTO,2025-04-05T12:36:17Z,2025-04-05T12:35:00Z,ARR,goo,1.0
84,True,True,SARNIA,TORONTO,2025-04-05,0,Sarnia,SARN,2025-04-05T12:40:00Z,2025-04-05T12:40:00Z,ARR,goo,0.0
84,True,True,SARNIA,TORONTO,2025-04-05,1,Wyoming,WYOM,2025-04-05T12:58:14Z,2025-04-05T12:55:00Z,ARR,goo,3.0
84,True,True,SARNIA,TORONTO,2025-04-05,2,Strathroy,STRR,2025-04-05T13:25:22Z,2025-04-05T13:27:00Z,ARR,goo,-1.0
84,True,True,SARNIA,TORONTO,2025-04-05,3,London,LNDN,2025-04-05T13:49:24Z,2025-04-05T13:52:00Z,ARR,goo,-2.0
84,True,True,SARNIA,TORONTO,2025-04-05,4,St.Marys,SMYS,2025-04-05T14:45:16Z,2025-04-05T14:45:00Z,ARR,goo,0.0
84,True,True,SARNIA,TORONTO,2025-04-05,5,Stratford,STRF,2025-04-05T15:15:30Z,2025-04-05T15:14:00Z,ARR,goo,1.0
84,True,True,SARNIA,TORONTO,2025-04-05,6,Kitchener,KITC,2025-04-05T16:01:12Z,2025-04-05T16:02:00Z,ARR,goo,0.0
84,True,True,SARNIA,TORONTO,2025-04-05,7,Guelph,GUEL,2025-04-05T16:22:03Z,2025-04-05T16:24:00Z,ARR,goo,-1.0
84,True,True,SARNIA,TORONTO,2025-04-05,8,Georgetown,GEOR,2025-04-05T16:50:37Z,2025-04-05T16:47:00Z,ARR,goo,3.0
84,True,True,SARNIA,TORONTO,2025-04-05,9,Brampton,BRMP,2025-04-05T17:01:55Z,2025-04-05T16:59:00Z,ARR,goo,2.0
84,True,True,SARNIA,TORONTO,2025-04-05,10,Malton,MALT,2025-04-05T17:15:02Z,2025-04-05T17:11:00Z,ARR,goo,4.0
84,True,True,SARNIA,TORONTO,2025-04-05,11,Toronto,TRTO,2025-04-05T17:32:07Z,2025-04-05T17:38:00Z,ARR,goo,-5.0
644,True,True,TORONTO,OTTAWA,2025-04-05,0,Toronto,TRTO,2025-04-05T17:25:18Z,2025-04-05T17:22:00Z,ARR,goo,3.0
644,True,True,TORONTO,OTTAWA,2025-04-05,1,Oshawa,OSHA,2025-04-05T18:03:38Z,2025-04-05T17:53:00Z,ARR,med,10.0
644,True,True,TORONTO,OTTAWA,2025-04-05,2,Cobourg,CBRG,2025-04-05T18:43:12Z,2025-04-05T18:28:00Z,ARR,bad,15.0
644,True,True,TORONTO,OTTAWA,2025-04-05,3,Belleville,BLVL,2025-04-05T19:22:15Z,2025-04-05T19:03:00Z,ARR,bad,19.0
644,True,True,TORONTO,OTTAWA,2025-04-05,4,Kingston,KGON,2025-04-05T20:08:05Z,2025-04-05T19:43:00Z,ARR,bad,25.0
644,True,True,TORONTO,OTTAWA,2025-04-05,5,Fallowfield,FALL,2025-04-05T22:01:26Z,2025-04-05T21:30:00Z,ARR,bad,31.0
644,True,True,TORONTO,OTTAWA,2025-04-05,6,Ottawa,OTTW,2025-04-05T22:25:26Z,2025-04-05T21:53:00Z,ARR,bad,32.0
97,True,True,TORONTO,NIAGARA FALLS,2025-04-05,0,Toronto,TRTO,2025-04-05T12:20:00Z,2025-04-05T12:20:00Z,ARR,goo,0.0
97,True,True,TORONTO,NIAGARA FALLS,2025-04-05,1,Oakville,OAKV,2025-04-05T12:43:00Z,2025-04-05T12:43:00Z,ARR,goo,0.0
97,True,True,TORONTO,NIAGARA FALLS,2025-04-05,2,Aldershot,ALDR,2025-04-05T12:56:00Z,2025-04-05T12:56:00Z,ARR,goo,0.0
97,True,True,TORONTO,NIAGARA FALLS,2025-04-05,3,Grimsby,GRIM,2025-04-05T13:37:00Z,2025-04-05T13:37:00Z,ARR,goo,0.0
97,True,True,TORONTO,NIAGARA FALLS,2025-04-05,4,St. Catharines,SCAT,2025-04-05T13:57:00Z,2025-04-05T13:57:00Z,ARR,goo,0.0
97,True,True,TORONTO,NIAGARA FALLS,2025-04-05,5,Niagara Falls,NIAG,2025-04-05T14:20:00Z,2025-04-05T14:20:00Z,ARR,goo,0.0
62,True,True,TORONTO,MONTRÉAL,2025-04-05,0,Toronto,TRTO,2025-04-05T12:32:00Z,2025-04-05T12:32:00Z,ARR,goo,0.0
62,True,True,TORONTO,MONTRÉAL,2025-04-05,1,Guildwood,GUIL,2025-04-05T12:50:50Z,2025-04-05T12:50:00Z,ARR,goo,0.0
62,True,True,TORONTO,MONTRÉAL,2025-04-05,2,Oshawa,OSHA,2025-04-05T13:19:24Z,2025-04-05T13:09:00Z,ARR,med,10.0
62,True,True,TORONTO,MONTRÉAL,2025-04-05,3,Cobourg,CBRG,2025-04-05T13:54:33Z,2025-04-05T13:44:00Z,ARR,med,10.0
62,True,True,TORONTO,MONTRÉAL,2025-04-05,4,Belleville,BLVL,2025-04-05T14:27:27Z,2025-04-05T14:20:00Z,ARR,med,7.0
62,True,True,TORONTO,MONTRÉAL,2025-04-05,5,Kingston,KGON,2025-04-05T15:04:23Z,2025-04-05T15:00:00Z,ARR,goo,4.0
62,True,True,TORONTO,MONTRÉAL,2025-04-05,6,Cornwall,CWLL,2025-04-05T16:43:05Z,2025-04-05T16:43:00Z,ARR,goo,0.0
62,True,True,TORONTO,MONTRÉAL,2025-04-05,7,Dorval,DORV,2025-04-05T17:37:25Z,2025-04-05T17:34:00Z,ARR,goo,3.0
62,True,True,TORONTO,MONTRÉAL,2025-04-05,8,Montréal,MTRL,2025-04-05T18:01:08Z,2025-04-05T18:00:00Z,ARR,goo,1.0
633,True,True,MONTRÉAL,OTTAWA,2025-04-05,0,Montréal,MTRL,2025-04-05T13:00:00Z,2025-04-05T13:00:00Z,ARR,goo,0.0
633,True,True,MONTRÉAL,OTTAWA,2025-04-05,1,Dorval,DORV,2025-04-05T13:32:23Z,2025-04-05T13:24:00Z,ARR,med,8.0
633,True,True,MONTRÉAL,OTTAWA,2025-04-05,2,Alexandria,ALEX,2025-04-05T14:16:22Z,2025-04-05T14:11:00Z,ARR,med,5.0
633,True,True,MONTRÉAL,OTTAWA,2025-04-05,3,Casselman,CSLM,2025-04-05T14:43:18Z,2025-04-05T14:34:00Z,ARR,med,9.0
633,True,True,MONTRÉAL,OTTAWA,2025-04-05,4,Ottawa,OTTW,2025-04-05T15:06:20Z,2025-04-05T15:05:00Z,ARR,goo,1.0
643,True,True,OTTAWA,TORONTO,2025-04-05,0,Ottawa,OTTW,2025-04-05T12:29:00Z,2025-04-05T12:29:00Z,ARR,goo,0.0
643,True,True,OTTAWA,TORONTO,2025-04-05,1,Fallowfield,FALL,2025-04-05T12:45:51Z,2025-04-05T12:45:00Z,ARR,goo,0.0
643,True,True,OTTAWA,TORONTO,2025-04-05,2,Smiths Falls,SMTF,2025-04-05T13:19:50Z,2025-04-05T13:17:00Z,ARR,goo,2.0
643,True,True,OTTAWA,TORONTO,2025-04-05,3,Brockville,BRKV,2025-04-05T14:05:42Z,2025-04-05T13:49:00Z,ARR,bad,16.0
643,True,True,OTTAWA,TORONTO,2025-04-05,4,Kingston,KGON,2025-04-05T14:57:13Z,2025-04-05T14:32:00Z,ARR,bad,25.0
643,True,True,OTTAWA,TORONTO,2025-04-05,5,Napanee,NAPN,2025-04-05T15:22:55Z,2025-04-05T14:57:00Z,ARR,bad,25.0
643,True,True,OTTAWA,TORONTO,2025-04-05,6,Belleville,BLVL,2025-04-05T15:48:09Z,2025-04-05T15:17:00Z,ARR,bad,31.0
643,True,True,OTTAWA,TORONTO,2025-04-05,7,Trenton Jct.,TRNJ,2025-04-05T16:01:49Z,2025-04-05T15:31:00Z,ARR,bad,30.0
643,True,True,OTTAWA,TORONTO,2025-04-05,8,Cobourg,CBRG,2025-04-05T16:36:36Z,2025-04-05T15:57:00Z,ARR,bad,39.0
643,True,True,OTTAWA,TORONTO,2025-04-05,9,Port Hope,PHOP,2025-04-05T16:48:00Z,2025-04-05T16:07:00Z,ARR,bad,41.0
643,True,True,OTTAWA,TORONTO,2025-04-05,10,Oshawa,OSHA,2025-04-05T17:23:07Z,2025-04-05T16:35:00Z,ARR,bad,48.0
643,True,True,OTTAWA,TORONTO,2025-04-05,11,Guildwood,GUIL,2025-04-05T17:52:44Z,2025-04-05T16:58:00Z,ARR,bad,54.0
643,True,True,OTTAWA,TORONTO,2025-04-05,12,Toronto,TRTO,2025-04-05T18:15:01Z,2025-04-05T17:18:00Z,ARR,bad,57.0
622,True,True,MONTRÉAL,QUÉBEC,2025-04-05,0,Montréal,MTRL,2025-04-05T12:20:00Z,2025-04-05T12:20:00Z,ARR,goo,0.0
622,True,True,MONTRÉAL,QUÉBEC,2025-04-05,1,St. Lambert,SLAM,2025-04-05T12:34:38Z,2025-04-05T12:33:00Z,ARR,goo,1.0
622,True,True,MONTRÉAL,QUÉBEC,2025-04-05,2,St. Hyacinthe,SHYA,2025-04-05T13:06:38Z,2025-04-05T13:00:00Z,ARR,med,6.0
622,True,True,MONTRÉAL,QUÉBEC,2025-04-05,3,Drummondville,DRMV,2025-04-05T13:44:35Z,2025-04-05T13:29:00Z,ARR,bad,15.0
622,True,True,MONTRÉAL,QUÉBEC,2025-04-05,4,Ste-Foy,SFOY,2025-04-05T15:32:00Z,2025-04-05T15:11:00Z,ARR,bad,21.0
622,True,True,MONTRÉAL,QUÉBEC,2025-04-05,5,Québec,QBEC,2025-04-05T15:59:47Z,2025-04-05T15:39:00Z,ARR,bad,20.0
637,True,True,QUÉBEC,OTTAWA,2025-04-05,0,Québec,QBEC,2025-04-05T14:00:00Z,2025-04-05T14:00:00Z,ARR,goo,0.0
637,True,True,QUÉBEC,OTTAWA,2025-04-05,1,Ste-Foy,SFOY,2025-04-05T14:25:24Z,2025-04-05T14:25:00Z,ARR,goo,0.0
637,True,True,QUÉBEC,OTTAWA,2025-04-05,2,Drummondville,DRMV,2025-04-05T16:22:05Z,2025-04-05T16:08:00Z,ARR,med,14.0
637,True,True,QUÉBEC,OTTAWA,2025-04-05,3,St. Lambert,SLAM,2025-04-05T17:27:07Z,2025-04-05T17:16:00Z,ARR,med,11.0
637,True,True,QUÉBEC,OTTAWA,2025-04-05,4,Montréal,MTRL,2025-04-05T17:40:38Z,2025-04-05T17:31:00Z,ARR,med,9.0
637,True,True,QUÉBEC,OTTAWA,2025-04-05,5,Dorval,DORV,2025-04-05T18:20:00Z,2025-04-05T18:20:00Z,ARR,goo,0.0
637,True,True,QUÉBEC,OTTAWA,2025-04-05,6,Alexandria,ALEX,2025-04-05T19:10:00Z,2025-04-05T19:10:00Z,ARR,goo,0.0
637,True,True,QUÉBEC,OTTAWA,2025-04-05,7,Ottawa,OTTW,2025-04-05T19:56:00Z,2025-04-05T19:56:00Z,ARR,goo,0.0
47,True,True,OTTAWA,TORONTO,2025-04-05,0,Ottawa,OTTW,2025-04-05T16:23:17Z,2025-04-05T16:23:00Z,ARR,goo,0.0
47,True,True,OTTAWA,TORONTO,2025-04-05,1,Fallowfield,FALL,2025-04-05T16:38:07Z,2025-04-05T16:40:00Z,ARR,goo,-1.0
47,True,True,OTTAWA,TORONTO,2025-04-05,2,Smiths Falls,SMTF,2025-04-05T17:12:34Z,2025-04-05T17:18:00Z,ARR,goo,-5.0
47,True,True,OTTAWA,TORONTO,2025-04-05,3,Brockville,BRKV,2025-04-05T18:08:02Z,2025-04-05T17:54:00Z,ARR,med,14.0
47,True,True,OTTAWA,TORONTO,2025-04-05,4,Gananoque,GANA,2025-04-05T18:32:25Z,2025-04-05T18:22:00Z,ARR,med,10.0
47,True,True,OTTAWA,TORONTO,2025-04-05,5,Kingston,KGON,2025-04-05T18:49:23Z,2025-04-05T18:45:00Z,ARR,goo,4.0
47,True,True,OTTAWA,TORONTO,2025-04-05,6,Belleville,BLVL,2025-04-05T19:25:54Z,2025-04-05T19:26:00Z,ARR,goo,0.0
47,True,True,OTTAWA,TORONTO,2025-04-05,7,Oshawa,OSHA,2025-04-05T20:34:59Z,2025-04-05T20:33:00Z,ARR,goo,1.0
47,True,True,OTTAWA,TORONTO,2025-04-05,8,Guildwood,GUIL,2025-04-05T21:03:49Z,2025-04-05T20:58:00Z,ARR,med,5.0
47,True,True,OTTAWA,TORONTO,2025-04-05,9,Toronto,TRTO,2025-04-05T21:28:30Z,2025-04-05T21:30:00Z,ARR,goo,-1.0
624,True,True,OTTAWA,QUÉBEC,2025-04-05,0,Ottawa,OTTW,2025-04-05T11:45:00Z,2025-04-05T11:45:00Z,ARR,goo,0.0
624,True,True,OTTAWA,QUÉBEC,2025-04-05,1,Alexandria,ALEX,2025-04-05T12:25:59Z,2025-04-05T12:31:00Z,ARR,goo,-5.0
624,True,True,OTTAWA,QUÉBEC,2025-04-05,2,Dorval,DORV,2025-04-05T13:19:02Z,2025-04-05T13:16:00Z,ARR,goo,3.0
624,True,True,OTTAWA,QUÉBEC,2025-04-05,3,Montréal,MTRL,2025-04-05T13:42:18Z,2025-04-05T13:39:00Z,ARR,goo,3.0
624,True,True,OTTAWA,QUÉBEC,2025-04-05,4,St. Lambert,SLAM,2025-04-05T14:29:44Z,2025-04-05T14:28:00Z,ARR,goo,1.0
624,True,True,OTTAWA,QUÉBEC,2025-04-05,5,St. Hyacinthe,SHYA,2025-04-05T15:02:34Z,2025-04-05T15:06:00Z,ARR,goo,-3.0
624,True,True,OTTAWA,QUÉBEC,2025-04-05,6,Drummondville,DRMV,2025-04-05T15:38:28Z,2025-04-05T15:34:00Z,ARR,goo,4.0
624,True,True,OTTAWA,QUÉBEC,2025-04-05,7,Charny,CHNY,2025-04-05T17:26:53Z,2025-04-05T17:13:00Z,ARR,med,13.0
624,True,True,OTTAWA,QUÉBEC,2025-04-05,8,Ste-Foy,SFOY,2025-04-05T17:35:12Z,2025-04-05T17:20:00Z,ARR,bad,15.0
624,True,True,OTTAWA,QUÉBEC,2025-04-05,9,Québec,QBEC,2025-04-05T18:02:26Z,2025-04-05T17:48:00Z,ARR,med,14.0
40,True,True,TORONTO,OTTAWA,2025-04-05,0,Toronto,TRTO,2025-04-05T14:37:00Z,2025-04-05T14:37:00Z,ARR,goo,0.0
40,True,True,TORONTO,OTTAWA,2025-04-05,1,Belleville,BLVL,2025-04-05T16:28:19Z,2025-04-05T16:09:00Z,ARR,bad,19.0
40,True,True,TORONTO,OTTAWA,2025-04-05,2,Kingston,KGON,2025-04-05T17:08:48Z,2025-04-05T16:48:00Z,ARR,bad,20.0
40,True,True,TORONTO,OTTAWA,2025-04-05,3,Fallowfield,FALL,2025-04-05T19:19:55Z,2025-04-05T18:38:00Z,ARR,bad,41.0
40,True,True,TORONTO,OTTAWA,2025-04-05,4,Ottawa,OTTW,2025-04-05T19:40:14Z,2025-04-05T19:02:00Z,ARR,bad,38.0
35,True,True,QUÉBEC,OTTAWA,2025-04-05,0,Québec,QBEC,2025-04-05T12:06:00Z,2025-04-05T12:06:00Z,ARR,goo,0.0
35,True,True,QUÉBEC,OTTAWA,2025-04-05,1,Ste-Foy,SFOY,2025-04-05T12:30:50Z,2025-04-05T12:31:00Z,ARR,goo,0.0
35,True,True,QUÉBEC,OTTAWA,2025-04-05,2,Charny,CHNY,2025-04-05T12:41:03Z,2025-04-05T12:40:00Z,ARR,goo,1.0
35,True,True,QUÉBEC,OTTAWA,2025-04-05,3,Drummondville,DRMV,2025-04-05T14:07:52Z,2025-04-05T14:14:00Z,ARR,goo,-6.0
35,True,True,QUÉBEC,OTTAWA,2025-04-05,4,St. Hyacinthe,SHYA,2025-04-05T14:42:27Z,2025-04-05T14:44:00Z,ARR,goo,-1.0
35,True,True,QUÉBEC,OTTAWA,2025-04-05,5,St. Lambert,SLAM,2025-04-05T15:14:49Z,2025-04-05T15:11:00Z,ARR,goo,3.0
35,True,True,QUÉBEC,OTTAWA,2025-04-05,6,Montréal,MTRL,2025-04-05T15:32:10Z,2025-04-05T15:26:00Z,ARR,med,6.0
35,True,True,QUÉBEC,OTTAWA,2025-04-05,7,Dorval,DORV,2025-04-05T16:18:00Z,2025-04-05T16:18:00Z,ARR,goo,0.0
35,True,True,QUÉBEC,OTTAWA,2025-04-05,8,Coteau,COTO,2025-04-05T16:54:36Z,2025-04-05T16:46:00Z,ARR,med,8.0
35,True,True,QUÉBEC,OTTAWA,2025-04-05,9,Alexandria,ALEX,2025-04-05T17:16:41Z,2025-04-05T17:08:00Z,ARR,med,8.0
35,True,True,QUÉBEC,OTTAWA,2025-04-05,10,Casselman,CSLM,2025-04-05T17:38:29Z,2025-04-05T17:31:00Z,ARR,med,7.0
35,True,True,QUÉBEC,OTTAWA,2025-04-05,11,Ottawa,OTTW,2025-04-05T18:04:22Z,2025-04-05T17:58:00Z,ARR,med,6.0
63,True,True,MONTRÉAL,TORONTO,2025-04-05,0,Montréal,MTRL,2025-04-05T12:46:00Z,2025-04-05T12:46:00Z,ARR,goo,0.0
63,True,True,MONTRÉAL,TORONTO,2025-04-05,1,Dorval,DORV,2025-04-05T13:10:49Z,2025-04-05T13:11:00Z,ARR,goo,0.0
63,True,True,MONTRÉAL,TORONTO,2025-04-05,2,Cornwall,CWLL,2025-04-05T13:59:57Z,2025-04-05T14:04:00Z,ARR,goo,-4.0
63,True,True,MONTRÉAL,TORONTO,2025-04-05,3,Brockville,BRKV,2025-04-05T14:46:40Z,2025-04-05T14:54:00Z,ARR,goo,-7.0
63,True,True,MONTRÉAL,TORONTO,2025-04-05,4,Kingston,KGON,2025-04-05T15:37:48Z,2025-04-05T15:39:00Z,ARR,goo,-1.0
63,True,True,MONTRÉAL,TORONTO,2025-04-05,5,Belleville,BLVL,2025-04-05T16:20:13Z,2025-04-05T16:20:00Z,ARR,goo,0.0
63,True,True,MONTRÉAL,TORONTO,2025-04-05,6,Cobourg,CBRG,2025-04-05T16:55:53Z,2025-04-05T16:58:00Z,ARR,goo,-2.0
63,True,True,MONTRÉAL,TORONTO,2025-04-05,7,Oshawa,OSHA,2025-04-05T17:35:26Z,2025-04-05T17:34:00Z,ARR,goo,1.0
63,True,True,MONTRÉAL,TORONTO,2025-04-05,8,Guildwood,GUIL,2025-04-05T17:58:22Z,2025-04-05T17:58:00Z,ARR,goo,0.0
63,True,True,MONTRÉAL,TORONTO,2025-04-05,9,Toronto,TRTO,2025-04-05T18:27:11Z,2025-04-05T18:18:00Z,ARR,med,9.0
76,True,True,WINDSOR,TORONTO,2025-04-05,0,Windsor,WDON,2025-04-05T17:46:20Z,2025-04-05T17:46:00Z,ARR,goo,0.0
76,True,True,WINDSOR,TORONTO,2025-04-05,1,Chatham,CHAT,2025-04-05T18:28:51Z,2025-04-05T18:28:00Z,ARR,goo,0.0
76,True,True,WINDSOR,TORONTO,2025-04-05,2,Glencoe,GLNC,2025-04-05T19:10:42Z,2025-04-05T19:03:00Z,ARR,med,7.0
76,True,True,WINDSOR,TORONTO,2025-04-05,3,London,LNDN,2025-04-06T00:23:53Z,2025-04-05T19:38:00Z,ARR,bad,285.0
76,True,True,WINDSOR,TORONTO,2025-04-05,4,Brantford,BRTF,2025-04-06T02:07:31Z,2025-04-05T20:39:00Z,ARR,bad,328.0
76,True,True,WINDSOR,TORONTO,2025-04-05,5,Aldershot,ALDR,2025-04-06T02:37:30Z,2025-04-05T21:10:00Z,ARR,bad,327.0
76,True,True,WINDSOR,TORONTO,2025-04-05,6,Oakville,OAKV,2025-04-06T03:05:51Z,2025-04-05T21:27:00Z,ARR,bad,338.0
76,True,True,WINDSOR,TORONTO,2025-04-05,7,Toronto,TRTO,2025-04-06T03:46:29Z,2025-04-05T21:53:00Z,ARR,bad,353.0
645,True,True,OTTAWA,TORONTO,2025-04-05,0,Ottawa,OTTW,2025-04-05T18:29:00Z,2025-04-05T18:29:00Z,ARR,goo,0.0
645,True,True,OTTAWA,TORONTO,2025-04-05,1,Fallowfield,FALL,2025-04-05T18:47:41Z,2025-04-05T18:49:00Z,ARR,goo,-1.0
645,True,True,OTTAWA,TORONTO,2025-04-05,2,Kingston,KGON,2025-04-05T20:56:32Z,2025-04-05T20:34:00Z,ARR,bad,22.0
645,True,True,OTTAWA,TORONTO,2025-04-05,3,Belleville,BLVL,2025-04-05T21:45:18Z,2025-04-05T21:15:00Z,ARR,bad,30.0
645,True,True,OTTAWA,TORONTO,2025-04-05,4,Oshawa,OSHA,2025-04-05T23:05:43Z,2025-04-05T22:20:00Z,ARR,bad,45.0
645,True,True,OTTAWA,TORONTO,2025-04-05,5,Toronto,TRTO,2025-04-05T23:47:17Z,2025-04-05T23:15:00Z,ARR,bad,32.0
26,True,True,OTTAWA,QUÉBEC,2025-04-05,0,Ottawa,OTTW,2025-04-05T18:17:00Z,2025-04-05T18:17:00Z,ARR,goo,0.0
26,True,True,OTTAWA,QUÉBEC,2025-04-05,1,Alexandria,ALEX,2025-04-05T18:59:25Z,2025-04-05T19:03:00Z,ARR,goo,-3.0
26,True,True,OTTAWA,QUÉBEC,2025-04-05,2,Coteau,COTO,2025-04-05T19:24:45Z,2025-04-05T19:26:00Z,ARR,goo,-1.0
26,True,True,OTTAWA,QUÉBEC,2025-04-05,3,Dorval,DORV,2025-04-05T19:52:08Z,2025-04-05T19:49:00Z,ARR,goo,3.0
26,True,True,OTTAWA,QUÉBEC,2025-04-05,4,Montréal,MTRL,2025-04-05T20:15:28Z,2025-04-05T20:15:00Z,ARR,goo,0.0
26,True,True,OTTAWA,QUÉBEC,2025-04-05,5,St. Lambert,SLAM,2025-04-05T20:54:18Z,2025-04-05T20:53:00Z,ARR,goo,1.0
26,True,True,OTTAWA,QUÉBEC,2025-04-05,6,St. Hyacinthe,SHYA,2025-04-05T21:24:49Z,2025-04-05T21:20:00Z,ARR,goo,4.0
26,True,True,OTTAWA,QUÉBEC,2025-04-05,7,Drummondville,DRMV,2025-04-05T22:13:25Z,2025-04-05T22:05:00Z,ARR,med,8.0
26,True,True,OTTAWA,QUÉBEC,2025-04-05,8,Charny,CHNY,2025-04-06T00:02:01Z,2025-04-05T23:44:00Z,ARR,bad,18.0
26,True,True,OTTAWA,QUÉBEC,2025-04-05,9,Ste-Foy,SFOY,2025-04-06T00:10:17Z,2025-04-05T23:52:00Z,ARR,bad,18.0
26,True,True,OTTAWA,QUÉBEC,2025-04-05,10,Québec,QBEC,2025-04-06T00:37:40Z,2025-04-06T00:19:00Z,ARR,bad,18.0
39,True,True,QUÉBEC,OTTAWA,2025-04-05,0,Québec,QBEC,2025-04-05T18:57:00Z,2025-04-05T18:57:00Z,ARR,goo,0.0
39,True,True,QUÉBEC,OTTAWA,2025-04-05,1,Ste-Foy,SFOY,2025-04-05T19:21:00Z,2025-04-05T19:22:00Z,ARR,goo,-1.0
39,True,True,QUÉBEC,OTTAWA,2025-04-05,2,Drummondville,DRMV,2025-04-05T21:03:55Z,2025-04-05T20:58:00Z,ARR,med,5.0
39,True,True,QUÉBEC,OTTAWA,2025-04-05,3,St. Lambert,SLAM,2025-04-05T22:12:08Z,2025-04-05T21:57:00Z,ARR,bad,15.0
39,True,True,QUÉBEC,OTTAWA,2025-04-05,4,Montréal,MTRL,2025-04-05T22:30:25Z,2025-04-05T22:11:00Z,ARR,bad,19.0
39,True,True,QUÉBEC,OTTAWA,2025-04-05,5,Dorval,DORV,2025-04-05T23:12:14Z,2025-04-05T23:14:00Z,ARR,goo,-1.0
39,True,True,QUÉBEC,OTTAWA,2025-04-05,6,Coteau,COTO,2025-04-05T23:46:51Z,2025-04-05T23:43:00Z,ARR,goo,3.0
39,True,True,QUÉBEC,OTTAWA,2025-04-05,7,Alexandria,ALEX,2025-04-06T00:05:02Z,2025-04-06T00:06:00Z,ARR,goo,0.0
39,True,True,QUÉBEC,OTTAWA,2025-04-05,8,Ottawa,OTTW,2025-04-06T00:48:54Z,2025-04-06T00:51:00Z,ARR,goo,-2.0
66,True,True,TORONTO,MONTRÉAL,2025-04-05,0,Toronto,TRTO,2025-04-05T19:22:40Z,2025-04-05T19:22:00Z,ARR,goo,0.0
66,True,True,TORONTO,MONTRÉAL,2025-04-05,1,Guildwood,GUIL,2025-04-05T19:48:26Z,2025-04-05T19:40:00Z,ARR,med,8.0
66,True,True,TORONTO,MONTRÉAL,2025-04-05,2,Oshawa,OSHA,2025-04-05T20:19:05Z,2025-04-05T19:54:00Z,ARR,bad,25.0
66,True,True,TORONTO,MONTRÉAL,2025-04-05,3,Belleville,BLVL,2025-04-05T21:22:57Z,2025-04-05T21:00:00Z,ARR,bad,22.0
66,True,True,TORONTO,MONTRÉAL,2025-04-05,4,Kingston,KGON,2025-04-05T21:59:41Z,2025-04-05T21:40:00Z,ARR,bad,19.0
66,True,True,TORONTO,MONTRÉAL,2025-04-05,5,Cornwall,CWLL,2025-04-05T23:22:34Z,2025-04-05T23:07:00Z,ARR,bad,15.0
66,True,True,TORONTO,MONTRÉAL,2025-04-05,6,Dorval,DORV,2025-04-06T00:09:41Z,2025-04-05T23:58:00Z,ARR,med,11.0
66,True,True,TORONTO,MONTRÉAL,2025-04-05,7,Montréal,MTRL,2025-04-06T00:39:11Z,2025-04-06T00:25:00Z,ARR,med,14.0
46,True,True,TORONTO,OTTAWA,2025-04-05,0,Toronto,TRTO,2025-04-05T19:37:05Z,2025-04-05T19:37:00Z,ARR,goo,0.0
46,True,True,TORONTO,OTTAWA,2025-04-05,1,Oshawa,OSHA,2025-04-05T20:25:26Z,2025-04-05T20:09:00Z,ARR,bad,16.0
46,True,True,TORONTO,OTTAWA,2025-04-05,2,Cobourg,CBRG,2025-04-05T20:59:27Z,2025-04-05T20:43:00Z,ARR,bad,16.0
46,True,True,TORONTO,OTTAWA,2025-04-05,3,Kingston,KGON,2025-04-05T22:08:01Z,2025-04-05T21:54:00Z,ARR,med,14.0
46,True,True,TORONTO,OTTAWA,2025-04-05,4,Brockville,BRKV,2025-04-05T22:51:34Z,2025-04-05T22:40:00Z,ARR,med,11.0
46,True,True,TORONTO,OTTAWA,2025-04-05,5,Fallowfield,FALL,2025-04-06T00:02:00Z,2025-04-05T23:40:00Z,ARR,bad,22.0
46,True,True,TORONTO,OTTAWA,2025-04-05,6,Ottawa,OTTW,2025-04-06T00:21:53Z,2025-04-06T00:00:00Z,ARR,bad,21.0
28,True,True,OTTAWA,QUÉBEC,2025-04-05,0,Ottawa,OTTW,2025-04-05T20:05:00Z,2025-04-05T20:05:00Z,ARR,goo,0.0
28,True,True,OTTAWA,QUÉBEC,2025-04-05,1,Casselman,CSLM,2025-04-05T20:29:34Z,2025-04-05T20:31:00Z,ARR,goo,-1.0
28,True,True,OTTAWA,QUÉBEC,2025-04-05,2,Alexandria,ALEX,2025-04-05T20:52:22Z,2025-04-05T20:53:00Z,ARR,goo,0.0
28,True,True,OTTAWA,QUÉBEC,2025-04-05,3,Coteau,COTO,2025-04-05T21:13:51Z,2025-04-05T21:15:00Z,ARR,goo,-1.0
28,True,True,OTTAWA,QUÉBEC,2025-04-05,4,Dorval,DORV,2025-04-05T21:53:45Z,2025-04-05T21:38:00Z,ARR,bad,15.0
28,True,True,OTTAWA,QUÉBEC,2025-04-05,5,Montréal,MTRL,2025-04-05T22:18:22Z,2025-04-05T22:04:00Z,ARR,med,14.0
28,True,True,OTTAWA,QUÉBEC,2025-04-05,6,St. Lambert,SLAM,2025-04-05T23:02:24Z,2025-04-05T22:38:00Z,ARR,bad,24.0
28,True,True,OTTAWA,QUÉBEC,2025-04-05,7,St. Hyacinthe,SHYA,2025-04-05T23:36:19Z,2025-04-05T23:06:00Z,ARR,bad,30.0
28,True,True,OTTAWA,QUÉBEC,2025-04-05,8,Drummondville,DRMV,2025-04-06T00:41:08Z,2025-04-05T23:52:00Z,ARR,bad,49.0
28,True,True,OTTAWA,QUÉBEC,2025-04-05,9,Charny,CHNY,2025-04-06T02:12:05Z,2025-04-06T01:14:00Z,ARR,bad,58.0
28,True,True,OTTAWA,QUÉBEC,2025-04-05,10,Ste-Foy,SFOY,2025-04-06T02:19:54Z,2025-04-06T01:21:00Z,ARR,bad,58.0
28,True,True,OTTAWA,QUÉBEC,2025-04-05,11,Québec,QBEC,2025-04-06T02:48:55Z,2025-04-06T01:48:00Z,ARR,bad,60.0
69,True,True,MONTRÉAL,TORONTO,2025-04-05,0,Montréal,MTRL,2025-04-05T20:38:00Z,2025-04-05T20:38:00Z,ARR,goo,0.0
69,True,True,MONTRÉAL,TORONTO,2025-04-05,1,Dorval,DORV,2025-04-05T21:00:10Z,2025-04-05T21:04:00Z,ARR,goo,-3.0
69,True,True,MONTRÉAL,TORONTO,2025-04-05,2,Cornwall,CWLL,2025-04-05T22:02:55Z,2025-04-05T21:53:00Z,ARR,med,9.0
69,True,True,MONTRÉAL,TORONTO,2025-04-05,3,Brockville,BRKV,2025-04-05T22:56:45Z,2025-04-05T22:40:00Z,ARR,bad,16.0
69,True,True,MONTRÉAL,TORONTO,2025-04-05,4,Kingston,KGON,2025-04-05T23:47:51Z,2025-04-05T23:24:00Z,ARR,bad,23.0
69,True,True,MONTRÉAL,TORONTO,2025-04-05,5,Oshawa,OSHA,2025-04-06T01:49:18Z,2025-04-06T01:05:00Z,ARR,bad,44.0
69,True,True,MONTRÉAL,TORONTO,2025-04-05,6,Guildwood,GUIL,2025-04-06T02:14:55Z,2025-04-06T01:28:00Z,ARR,bad,46.0
69,True,True,MONTRÉAL,TORONTO,2025-04-05,7,Toronto,TRTO,2025-04-06T02:43:27Z,2025-04-06T01:48:00Z,ARR,bad,55.0
185,True,False,SUDBURY,WHITE RIVER,2025-04-05,0,White River,WHTR,&mdash;,2025-04-05T21:05:00Z,&mdash;,,
68,True,True,TORONTO,MONTRÉAL,2025-04-05,0,Toronto,TRTO,2025-04-05T21:09:27Z,2025-04-05T21:07:00Z,ARR,goo,2.0
68,True,True,TORONTO,MONTRÉAL,2025-04-05,1,Oshawa,OSHA,2025-04-05T21:46:51Z,2025-04-05T21:39:00Z,ARR,med,7.0
68,True,True,TORONTO,MONTRÉAL,2025-04-05,2,Cobourg,CBRG,2025-04-05T22:20:40Z,2025-04-05T22:14:00Z,ARR,med,6.0
68,True,True,TORONTO,MONTRÉAL,2025-04-05,3,Belleville,BLVL,2025-04-05T22:54:48Z,2025-04-05T22:49:00Z,ARR,med,5.0
68,True,True,TORONTO,MONTRÉAL,2025-04-05,4,Kingston,KGON,2025-04-05T23:33:05Z,2025-04-05T23:26:00Z,ARR,med,7.0
68,True,True,TORONTO,MONTRÉAL,2025-04-05,5,Brockville,BRKV,2025-04-06T00:16:01Z,2025-04-06T00:11:00Z,ARR,med,5.0
68,True,True,TORONTO,MONTRÉAL,2025-04-05,6,Cornwall,CWLL,2025-04-06T00:59:06Z,2025-04-06T00:57:00Z,ARR,goo,2.0
68,True,True,TORONTO,MONTRÉAL,2025-04-05,7,Dorval,DORV,2025-04-06T01:43:12Z,2025-04-06T01:47:00Z,ARR,goo,-3.0
68,True,True,TORONTO,MONTRÉAL,2025-04-05,8,Montréal,MTRL,2025-04-06T02:09:59Z,2025-04-06T02:14:00Z,ARR,goo,-4.0
54,True,True,TORONTO,OTTAWA,2025-04-05,0,Toronto,TRTO,2025-04-05T21:37:20Z,2025-04-05T21:37:00Z,ARR,goo,0.0
54,True,True,TORONTO,OTTAWA,2025-04-05,1,Guildwood,GUIL,2025-04-05T22:01:36Z,2025-04-05T21:55:00Z,ARR,med,6.0
54,True,True,TORONTO,OTTAWA,2025-04-05,2,Oshawa,OSHA,2025-04-05T22:31:21Z,2025-04-05T22:08:00Z,ARR,bad,23.0
54,True,True,TORONTO,OTTAWA,2025-04-05,3,Port Hope,PHOP,2025-04-05T23:07:18Z,2025-04-05T22:37:00Z,ARR,bad,30.0
54,True,True,TORONTO,OTTAWA,2025-04-05,4,Cobourg,CBRG,2025-04-05T23:16:01Z,2025-04-05T22:46:00Z,ARR,bad,30.0
54,True,True,TORONTO,OTTAWA,2025-04-05,5,Trenton Jct.,TRNJ,2025-04-05T23:49:06Z,2025-04-05T23:13:01Z,ARR,bad,36.0
54,True,True,TORONTO,OTTAWA,2025-04-05,6,Belleville,BLVL,2025-04-06T00:02:43Z,2025-04-05T23:27:00Z,ARR,bad,35.0
54,True,True,TORONTO,OTTAWA,2025-04-05,7,Napanee,NAPN,2025-04-06T00:29:17Z,2025-04-05T23:48:00Z,ARR,bad,41.0
54,True,True,TORONTO,OTTAWA,2025-04-05,8,Kingston,KGON,2025-04-06T01:22:26Z,2025-04-06T00:09:00Z,ARR,bad,73.0
54,True,True,TORONTO,OTTAWA,2025-04-05,9,Brockville,BRKV,2025-04-06T02:16:29Z,2025-04-06T00:54:00Z,ARR,bad,82.0
54,True,True,TORONTO,OTTAWA,2025-04-05,10,Smiths Falls,SMTF,2025-04-06T02:56:18Z,2025-04-06T01:25:00Z,ARR,bad,91.0
54,True,True,TORONTO,OTTAWA,2025-04-05,11,Fallowfield,FALL,2025-04-06T03:23:12Z,2025-04-06T01:52:00Z,ARR,bad,91.0
54,True,True,TORONTO,OTTAWA,2025-04-05,12,Ottawa,OTTW,2025-04-06T03:42:17Z,2025-04-06T02:13:00Z,ARR,bad,89.0
75,True,True,TORONTO,WINDSOR,2025-04-05,0,Toronto,TRTO,2025-04-05T21:22:22Z,2025-04-05T21:22:00Z,ARR,goo,0.0
75,True,True,TORONTO,WINDSOR,2025-04-05,1,Oakville,OAKV,2025-04-05T21:49:41Z,2025-04-05T21:45:00Z,ARR,goo,4.0
75,True,True,TORONTO,WINDSOR,2025-04-05,2,Aldershot,ALDR,2025-04-05T22:05:29Z,2025-04-05T22:01:00Z,ARR,goo,4.0
75,True,True,TORONTO,WINDSOR,2025-04-05,3,Brantford,BRTF,2025-04-05T22:34:37Z,2025-04-05T22:33:00Z,ARR,goo,1.0
75,True,True,TORONTO,WINDSOR,2025-04-05,4,Woodstock,WDST,2025-04-05T23:03:15Z,2025-04-05T23:04:00Z,ARR,goo,0.0
75,True,True,TORONTO,WINDSOR,2025-04-05,5,Ingersoll,INGR,2025-04-05T23:15:16Z,2025-04-05T23:19:00Z,ARR,goo,-3.0
75,True,True,TORONTO,WINDSOR,2025-04-05,6,London,LNDN,2025-04-06T01:14:20Z,2025-04-05T23:47:00Z,ARR,bad,87.0
75,True,True,TORONTO,WINDSOR,2025-04-05,7,Glencoe,GLNC,2025-04-06T02:00:02Z,2025-04-06T00:21:00Z,ARR,bad,99.0
75,True,True,TORONTO,WINDSOR,2025-04-05,8,Chatham,CHAT,2025-04-06T02:41:20Z,2025-04-06T00:55:00Z,ARR,bad,106.0
75,True,True,TORONTO,WINDSOR,2025-04-05,9,Windsor,WDON,2025-04-06T03:26:19Z,2025-04-06T01:50:00Z,ARR,bad,96.0
98,True,False,NIAGARA FALLS,TORONTO,2025-04-05,0,Niagara Falls,NIAG,2025-04-05T21:45:00Z,2025-04-05T21:45:00Z,ARR,goo,0.0
98,True,False,NIAGARA FALLS,TORONTO,2025-04-05,1,St. Catharines,SCAT,2025-04-05T22:06:00Z,2025-04-05T22:06:00Z,ARR,goo,0.0
98,True,False,NIAGARA FALLS,TORONTO,2025-04-05,2,Grimsby,GRIM,2025-04-05T22:30:00Z,2025-04-05T22:26:00Z,ARR,goo,4.0
98,True,False,NIAGARA FALLS,TORONTO,2025-04-05,3,Aldershot,ALDR,2025-04-05T23:08:00Z,2025-04-05T23:02:00Z,ARR,med,6.0
98,True,False,NIAGARA FALLS,TORONTO,2025-04-05,4,Oakville,OAKV,&mdash;,2025-04-05T23:16:00Z,&mdash;,,
98,True,False,NIAGARA FALLS,TORONTO,2025-04-05,5,Toronto,TRTO,&mdash;,2025-04-05T23:43:00Z,&mdash;,,
87,True,True,TORONTO,SARNIA,2025-04-05,0,Toronto,TRTO,2025-04-05T21:40:28Z,2025-04-05T21:40:00Z,ARR,goo,0.0
87,True,True,TORONTO,SARNIA,2025-04-05,1,Malton,MALT,2025-04-05T21:59:23Z,2025-04-05T22:00:00Z,ARR,goo,0.0
87,True,True,TORONTO,SARNIA,2025-04-05,2,Brampton,BRMP,2025-04-05T22:15:31Z,2025-04-05T22:12:00Z,ARR,goo,3.0
87,True,True,TORONTO,SARNIA,2025-04-05,3,Georgetown,GEOR,2025-04-05T22:27:26Z,2025-04-05T22:24:00Z,ARR,goo,3.0
87,True,True,TORONTO,SARNIA,2025-04-05,4,Guelph,GUEL,2025-04-05T22:54:34Z,2025-04-05T22:49:00Z,ARR,med,5.0
87,True,True,TORONTO,SARNIA,2025-04-05,5,Kitchener,KITC,2025-04-05T23:15:37Z,2025-04-05T23:16:00Z,ARR,goo,0.0
87,True,True,TORONTO,SARNIA,2025-04-05,6,Stratford,STRF,2025-04-06T00:00:51Z,2025-04-05T23:57:00Z,ARR,goo,3.0
87,True,True,TORONTO,SARNIA,2025-04-05,7,St.Marys,SMYS,2025-04-06T00:28:32Z,2025-04-06T00:25:00Z,ARR,goo,3.0
87,True,True,TORONTO,SARNIA,2025-04-05,8,London,LNDN,2025-04-06T01:24:20Z,2025-04-06T01:13:00Z,ARR,med,11.0
87,True,True,TORONTO,SARNIA,2025-04-05,9,Strathroy,STRR,2025-04-06T02:02:43Z,2025-04-06T01:39:00Z,ARR,bad,23.0
87,True,True,TORONTO,SARNIA,2025-04-05,10,Wyoming,WYOM,2025-04-06T02:26:37Z,2025-04-06T02:07:00Z,ARR,bad,19.0
87,True,True,TORONTO,SARNIA,2025-04-05,11,Sarnia,SARN,2025-04-06T02:42:38Z,2025-04-06T02:24:00Z,ARR,bad,18.0
29,True,True,QUÉBEC,MONTRÉAL,2025-04-05,0,Québec,QBEC,2025-04-05T21:41:00Z,2025-04-05T21:41:00Z,ARR,goo,0.0
29,True,True,QUÉBEC,MONTRÉAL,2025-04-05,1,Ste-Foy,SFOY,2025-04-05T22:07:27Z,2025-04-05T22:06:00Z,ARR,goo,1.0
29,True,True,QUÉBEC,MONTRÉAL,2025-04-05,2,Drummondville,DRMV,2025-04-05T23:35:56Z,2025-04-05T23:42:00Z,ARR,goo,-6.0
29,True,True,QUÉBEC,MONTRÉAL,2025-04-05,3,St. Hyacinthe,SHYA,2025-04-06T00:24:21Z,2025-04-06T00:18:00Z,ARR,med,6.0
29,True,True,QUÉBEC,MONTRÉAL,2025-04-05,4,St. Lambert,SLAM,2025-04-06T00:51:01Z,2025-04-06T00:45:00Z,ARR,med,6.0
29,True,True,QUÉBEC,MONTRÉAL,2025-04-05,5,Montréal,MTRL,2025-04-06T01:07:56Z,2025-04-06T01:00:00Z,ARR,med,7.0
59,True,True,OTTAWA,TORONTO,2025-04-05,0,Ottawa,OTTW,2025-04-05T22:03:03Z,2025-04-05T22:03:00Z,ARR,goo,0.0
59,True,True,OTTAWA,TORONTO,2025-04-05,1,Fallowfield,FALL,2025-04-05T22:20:20Z,2025-04-05T22:20:00Z,ARR,goo,0.0
59,True,True,OTTAWA,TORONTO,2025-04-05,2,Smiths Falls,SMTF,2025-04-05T22:47:52Z,2025-04-05T22:51:00Z,ARR,goo,-3.0
59,True,True,OTTAWA,TORONTO,2025-04-05,3,Brockville,BRKV,2025-04-05T23:37:15Z,2025-04-05T23:25:00Z,ARR,med,12.0
59,True,True,OTTAWA,TORONTO,2025-04-05,4,Kingston,KGON,2025-04-06T00:22:59Z,2025-04-06T00:10:00Z,ARR,med,12.0
59,True,True,OTTAWA,TORONTO,2025-04-05,5,Belleville,BLVL,2025-04-06T01:09:10Z,2025-04-06T00:51:00Z,ARR,bad,18.0
59,True,True,OTTAWA,TORONTO,2025-04-05,6,Trenton Jct.,TRNJ,2025-04-06T01:22:58Z,2025-04-06T01:05:00Z,ARR,bad,17.0
59,True,True,OTTAWA,TORONTO,2025-04-05,7,Cobourg,CBRG,2025-04-06T01:54:09Z,2025-04-06T01:31:00Z,ARR,bad,23.0
59,True,True,OTTAWA,TORONTO,2025-04-05,8,Oshawa,OSHA,2025-04-06T02:34:36Z,2025-04-06T02:05:00Z,ARR,bad,29.0
59,True,True,OTTAWA,TORONTO,2025-04-05,9,Guildwood,GUIL,2025-04-06T02:59:52Z,2025-04-06T02:28:00Z,ARR,bad,31.0
59,True,True,OTTAWA,TORONTO,2025-04-05,10,Toronto,TRTO,2025-04-06T03:27:30Z,2025-04-06T02:48:00Z,ARR,bad,39.0
78,True,False,WINDSOR,TORONTO,2025-04-05,0,Windsor,WDON,2025-04-05T21:40:23Z,2025-04-05T21:40:00Z,ARR,goo,0.0
78,True,False,WINDSOR,TORONTO,2025-04-05,1,Chatham,CHAT,2025-04-05T22:22:24Z,2025-04-05T22:24:00Z,ARR,goo,-1.0
78,True,False,WINDSOR,TORONTO,2025-04-05,2,Glencoe,GLNC,2025-04-05T23:08:37Z,2025-04-05T22:59:00Z,ARR,med,9.0
78,True,False,WINDSOR,TORONTO,2025-04-05,3,London,LNDN,2025-04-06T00:56:47Z,2025-04-05T23:32:00Z,ARR,bad,84.0
78,True,False,WINDSOR,TORONTO,2025-04-05,4,Ingersoll,INGR,2025-04-06T01:42:57Z,2025-04-05T23:57:00Z,ARR,bad,105.0
78,True,False,WINDSOR,TORONTO,2025-04-05,5,Woodstock,WDST,2025-04-06T01:55:33Z,2025-04-06T00:08:00Z,ARR,bad,107.0
78,True,False,WINDSOR,TORONTO,2025-04-05,6,Brantford,BRTF,2025-04-06T02:29:06Z,2025-04-06T00:39:00Z,ARR,bad,110.0
78,True,False,WINDSOR,TORONTO,2025-04-05,7,Aldershot,ALDR,2025-04-06T03:00:31Z,2025-04-06T01:09:00Z,ARR,bad,111.0
78,True,False,WINDSOR,TORONTO,2025-04-05,8,Oakville,OAKV,2025-04-06T03:34:52Z,2025-04-06T01:24:00Z,ARR,bad,130.0
78,True,False,WINDSOR,TORONTO,2025-04-05,9,Toronto,TRTO,2025-04-06T04:01:07Z,2025-04-06T01:50:00Z,9 mins,bad,131.0
38,True,True,OTTAWA,MONTRÉAL,2025-04-05,0,Ottawa,OTTW,2025-04-05T21:55:00Z,2025-04-05T21:55:00Z,ARR,goo,0.0
38,True,True,OTTAWA,MONTRÉAL,2025-04-05,1,Casselman,CSLM,2025-04-05T22:20:48Z,2025-04-05T22:26:00Z,ARR,goo,-5.0
38,True,True,OTTAWA,MONTRÉAL,2025-04-05,2,Alexandria,ALEX,2025-04-05T22:48:38Z,2025-04-05T22:49:00Z,ARR,goo,0.0
38,True,True,OTTAWA,MONTRÉAL,2025-04-05,3,Dorval,DORV,2025-04-05T23:48:18Z,2025-04-05T23:33:00Z,ARR,bad,15.0
38,True,True,OTTAWA,MONTRÉAL,2025-04-05,4,Montréal,MTRL,2025-04-06T00:12:17Z,2025-04-05T23:57:00Z,ARR,bad,15.0
79,True,False,TORONTO,WINDSOR,2025-04-05,0,Toronto,TRTO,2025-04-05T23:52:00Z,2025-04-05T23:45:00Z,ARR,med,7.0
79,True,False,TORONTO,WINDSOR,2025-04-05,1,Oakville,OAKV,2025-04-06T00:20:08Z,2025-04-06T00:07:00Z,ARR,med,13.0
79,True,False,TORONTO,WINDSOR,2025-04-05,2,Aldershot,ALDR,2025-04-06T00:36:03Z,2025-04-06T00:22:00Z,ARR,med,14.0
79,True,False,TORONTO,WINDSOR,2025-04-05,3,Brantford,BRTF,2025-04-06T01:06:31Z,2025-04-06T00:50:00Z,ARR,bad,16.0
79,True,False,TORONTO,WINDSOR,2025-04-05,4,Woodstock,WDST,2025-04-06T01:35:09Z,2025-04-06T01:17:00Z,ARR,bad,18.0
79,True,False,TORONTO,WINDSOR,2025-04-05,5,Ingersoll,INGR,2025-04-06T01:50:05Z,2025-04-06T01:30:00Z,ARR,bad,20.0
79,True,False,TORONTO,WINDSOR,2025-04-05,6,London,LNDN,2025-04-06T02:11:21Z,2025-04-06T01:52:00Z,ARR,bad,19.0
79,True,False,TORONTO,WINDSOR,2025-04-05,7,Glencoe,GLNC,2025-04-06T02:45:57Z,2025-04-06T02:25:00Z,ARR,bad,20.0
79,True,False,TORONTO,WINDSOR,2025-04-05,8,Chatham,CHAT,2025-04-06T03:24:59Z,2025-04-06T02:57:00Z,ARR,bad,27.0
79,True,False,TORONTO,WINDSOR,2025-04-05,9,Windsor,WDON,2025-04-06T04:07:15Z,2025-04-06T03:44:00Z,15 mins,bad,23.0
