train_id,departed,arrived,from,to,instance,stop_id,station,code,estimated,scheduled,eta,diff,diffMin
2 (10-24),True,True,VANCOUVER,TORONTO,2025-10-24,0,Vancouver,VCVR,2025-10-24T22:00:00Z,2025-10-24T22:00:00Z,ARR,goo,0.0
2 (10-24),True,True,VANCOUVER,TORONTO,2025-10-24,1,Mission Harbour,MSNH,2025-10-25T00:33:10Z,2025-10-24T23:35:00Z,ARR,bad,58.0
2 (10-24),True,True,VANCOUVER,TORONTO,2025-10-24,2,Agassiz,AGAS,2025-10-25T01:33:21Z,2025-10-25T00:03:00Z,ARR,bad,90.0
2 (10-24),True,True,VANCOUVER,TORONTO,2025-10-24,3,Katz,KATZ,2025-10-25T01:56:32Z,2025-10-25T00:17:00Z,ARR,bad,99.0
2 (10-24),True,True,VANCOUVER,TORONTO,2025-10-24,4,North Bend,NBND,2025-10-25T04:20:03Z,2025-10-25T02:46:00Z,ARR,bad,94.0
2 (10-24),True,True,VANCOUVER,TORONTO,2025-10-24,5,Ashcroft,ASHN,2025-10-25T06:48:06Z,2025-10-25T05:32:00Z,ARR,bad,76.0
2 (10-24),True,True,VANCOUVER,TORONTO,2025-10-24,6,Kamloops North,KAMN,2025-10-25T08:31:44Z,2025-10-25T07:17:00Z,ARR,bad,74.0
2 (10-24),True,True,VANCOUVER,TORONTO,2025-10-24,7,Clearwater,CLWT,2025-10-25T11:29:13Z,2025-10-25T09:58:00Z,ARR,bad,91.0
2 (10-24),True,True,VANCOUVER,TORONTO,2025-10-24,8,Blue River,BLUE,2025-10-25T13:27:22Z,2025-10-25T12:11:00Z,ARR,bad,76.0
2 (10-24),True,True,VANCOUVER,TORONTO,2025-10-24,9,Valemount,VLMT,2025-10-25T15:17:16Z,2025-10-25T14:01:00Z,ARR,bad,76.0
2 (10-24),True,True,VANCOUVER,TORONTO,2025-10-24,10,Jasper,JASP,2025-10-25T19:26:32Z,2025-10-25T17:00:00Z,ARR,bad,146.0
2 (10-24),True,True,VANCOUVER,TORONTO,2025-10-24,11,Hinton,HINT,2025-10-25T22:26:22Z,2025-10-25T19:45:00Z,ARR,bad,161.0
2 (10-24),True,True,VANCOUVER,TORONTO,2025-10-24,12,Edson,EDSN,2025-10-26T00:55:21Z,2025-10-25T21:19:00Z,ARR,bad,216.0
2 (10-24),True,True,VANCOUVER,TORONTO,2025-10-24,13,Evansburg,EVAN,2025-10-26T02:33:37Z,2025-10-25T22:28:00Z,ARR,bad,245.0
2 (10-24),True,True,VANCOUVER,TORONTO,2025-10-24,14,Edmonton,EDMO,2025-10-26T03:57:18Z,2025-10-26T00:50:00Z,ARR,bad,187.0
2 (10-24),True,True,VANCOUVER,TORONTO,2025-10-24,15,Viking,VKNG,2025-10-26T07:21:55Z,2025-10-26T03:53:00Z,ARR,bad,208.0
2 (10-24),True,True,VANCOUVER,TORONTO,2025-10-24,16,Wainwright,WAIN,2025-10-26T09:09:57Z,2025-10-26T06:14:00Z,ARR,bad,175.0
2 (10-24),True,True,VANCOUVER,TORONTO,2025-10-24,17,Unity,UNIT,2025-10-26T10:43:26Z,2025-10-26T07:47:00Z,ARR,bad,176.0
2 (10-24),True,True,VANCOUVER,TORONTO,2025-10-24,18,Biggar,BIGG,2025-10-26T12:13:30Z,2025-10-26T09:21:00Z,ARR,bad,172.0
2 (10-24),True,True,VANCOUVER,TORONTO,2025-10-24,19,Saskatoon,SASK,2025-10-26T13:18:45Z,2025-10-26T11:57:00Z,ARR,bad,81.0
2 (10-24),True,True,VANCOUVER,TORONTO,2025-10-24,20,Watrous,WATR,2025-10-26T17:25:20Z,2025-10-26T14:26:00Z,ARR,bad,179.0
2 (10-24),True,True,VANCOUVER,TORONTO,2025-10-24,21,Melville,MELV,2025-10-26T20:16:33Z,2025-10-26T18:47:00Z,ARR,bad,89.0
2 (10-24),True,True,VANCOUVER,TORONTO,2025-10-24,22,Rivers,RVRS,2025-10-27T00:40:03Z,2025-10-26T22:22:00Z,ARR,bad,138.0
2 (10-24),True,True,VANCOUVER,TORONTO,2025-10-24,23,Portage La Prairie,PLPX,2025-10-27T03:31:30Z,2025-10-27T00:15:00Z,ARR,bad,196.0
2 (10-24),True,True,VANCOUVER,TORONTO,2025-10-24,24,Winnipeg,WNPG,2025-10-27T05:08:01Z,2025-10-27T03:00:00Z,ARR,bad,128.0
2 (10-24),True,True,VANCOUVER,TORONTO,2025-10-24,25,Elma,ELMA,2025-10-27T09:02:48Z,2025-10-27T05:37:00Z,ARR,bad,205.0
2 (10-24),True,True,VANCOUVER,TORONTO,2025-10-24,26,Brereton Lake,BRTL,2025-10-27T09:18:42Z,2025-10-27T05:58:00Z,ARR,bad,200.0
2 (10-24),True,True,VANCOUVER,TORONTO,2025-10-24,27,Ophir,OPHR,2025-10-27T09:31:04Z,2025-10-27T06:16:00Z,ARR,bad,195.0
2 (10-24),True,True,VANCOUVER,TORONTO,2025-10-24,28,Winnitoba,WNTB,2025-10-27T09:34:22Z,2025-10-27T06:21:00Z,ARR,bad,193.0
2 (10-24),True,True,VANCOUVER,TORONTO,2025-10-24,29,Rice Lake,RCLK,2025-10-27T09:40:48Z,2025-10-27T06:35:00Z,ARR,bad,185.0
2 (10-24),True,True,VANCOUVER,TORONTO,2025-10-24,30,Copelands Landing,COPE,2025-10-27T09:45:55Z,2025-10-27T06:38:00Z,ARR,bad,187.0
2 (10-24),True,True,VANCOUVER,TORONTO,2025-10-24,31,Malachi,MLCH,2025-10-27T09:47:55Z,2025-10-27T06:40:00Z,ARR,bad,187.0
2 (10-24),True,True,VANCOUVER,TORONTO,2025-10-24,32,Ottermere,OTTM,2025-10-27T09:52:11Z,2025-10-27T06:46:00Z,ARR,bad,186.0
2 (10-24),True,True,VANCOUVER,TORONTO,2025-10-24,33,Minaki,MNKI,2025-10-27T10:09:46Z,2025-10-27T07:03:00Z,ARR,bad,186.0
2 (10-24),True,True,VANCOUVER,TORONTO,2025-10-24,34,Redditt,RDDT,2025-10-27T10:41:08Z,2025-10-27T07:29:00Z,ARR,bad,192.0
2 (10-24),True,True,VANCOUVER,TORONTO,2025-10-24,35,Farlane,FARL,2025-10-27T10:55:26Z,2025-10-27T07:46:00Z,ARR,bad,189.0
2 (10-24),True,True,VANCOUVER,TORONTO,2025-10-24,36,Canyon,CNYK,2025-10-27T11:27:13Z,2025-10-27T08:23:00Z,ARR,bad,184.0
2 (10-24),True,True,VANCOUVER,TORONTO,2025-10-24,37,Red Lake Road,RLRX,2025-10-27T12:09:01Z,2025-10-27T08:51:00Z,ARR,bad,198.0
2 (10-24),True,True,VANCOUVER,TORONTO,2025-10-24,38,Richan,RCHN,2025-10-27T12:57:23Z,2025-10-27T09:28:00Z,ARR,bad,209.0
2 (10-24),True,True,VANCOUVER,TORONTO,2025-10-24,39,Sioux Lookout,SLKT,2025-10-27T14:12:30Z,2025-10-27T11:01:00Z,ARR,bad,191.0
2 (10-24),True,True,VANCOUVER,TORONTO,2025-10-24,40,Savant Lake,SAVL,2025-10-27T15:49:17Z,2025-10-27T13:14:00Z,ARR,bad,155.0
2 (10-24),True,True,VANCOUVER,TORONTO,2025-10-24,41,Flindt Landing,FLTL,2025-10-27T16:06:17Z,2025-10-27T13:31:00Z,ARR,bad,155.0
2 (10-24),True,True,VANCOUVER,TORONTO,2025-10-24,42,Allanwater Bridge,ALWB,2025-10-27T16:21:17Z,2025-10-27T13:46:00Z,ARR,bad,155.0
2 (10-24),True,True,VANCOUVER,TORONTO,2025-10-24,43,Collins,COLL,2025-10-27T17:01:17Z,2025-10-27T14:26:00Z,ARR,bad,155.0
2 (10-24),True,True,VANCOUVER,TORONTO,2025-10-24,44,Armstrong,ARMG,2025-10-27T17:58:34Z,2025-10-27T14:57:00Z,ARR,bad,181.0
2 (10-24),True,True,VANCOUVER,TORONTO,2025-10-24,45,Mud River,MUDR,2025-10-27T18:38:32Z,2025-10-27T15:29:00Z,ARR,bad,189.0
2 (10-24),True,True,VANCOUVER,TORONTO,2025-10-24,46,Ferland,FERL,2025-10-27T18:46:32Z,2025-10-27T15:37:00Z,ARR,bad,189.0
2 (10-24),True,True,VANCOUVER,TORONTO,2025-10-24,47,Auden,AUDN,2025-10-27T19:50:22Z,2025-10-27T16:14:00Z,ARR,bad,216.0
2 (10-24),True,True,VANCOUVER,TORONTO,2025-10-24,48,Nakina,NAKI,2025-10-27T21:47:56Z,2025-10-27T17:20:00Z,ARR,bad,267.0
2 (10-24),True,True,VANCOUVER,TORONTO,2025-10-24,49,Longlac,LLAC,2025-10-27T22:24:28Z,2025-10-27T18:11:00Z,ARR,bad,253.0
2 (10-24),True,True,VANCOUVER,TORONTO,2025-10-24,50,Caramat,CARA,2025-10-27T22:52:19Z,2025-10-27T18:39:00Z,ARR,bad,253.0
2 (10-24),True,True,VANCOUVER,TORONTO,2025-10-24,51,Hillsport,HLSP,2025-10-27T23:36:04Z,2025-10-27T19:29:00Z,ARR,bad,247.0
2 (10-24),True,True,VANCOUVER,TORONTO,2025-10-24,52,Hornepayne,HNPN,2025-10-28T00:40:05Z,2025-10-27T21:44:00Z,ARR,bad,176.0
2 (10-24),True,True,VANCOUVER,TORONTO,2025-10-24,53,Oba,OBAX,2025-10-28T02:37:10Z,2025-10-27T23:30:00Z,ARR,bad,187.0
2 (10-24),True,True,VANCOUVER,TORONTO,2025-10-24,54,Elsas,ELSA,2025-10-28T04:09:14Z,2025-10-28T01:04:00Z,ARR,bad,185.0
2 (10-24),True,True,VANCOUVER,TORONTO,2025-10-24,55,Foleyet,FOLE,2025-10-28T05:20:22Z,2025-10-28T02:27:00Z,ARR,bad,173.0
2 (10-24),True,True,VANCOUVER,TORONTO,2025-10-24,56,Gogama,GOGA,2025-10-28T07:27:17Z,2025-10-28T04:02:00Z,ARR,bad,205.0
2 (10-24),True,True,VANCOUVER,TORONTO,2025-10-24,57,Westree,WSTR,2025-10-28T08:00:29Z,2025-10-28T04:35:00Z,ARR,bad,205.0
2 (10-24),True,True,VANCOUVER,TORONTO,2025-10-24,58,Ruel,RUEL,2025-10-28T08:15:27Z,2025-10-28T04:52:00Z,ARR,bad,203.0
2 (10-24),True,True,VANCOUVER,TORONTO,2025-10-24,59,Felix,FELX,2025-10-28T08:23:27Z,2025-10-28T05:00:00Z,ARR,bad,203.0
2 (10-24),True,True,VANCOUVER,TORONTO,2025-10-24,60,McKee's Camp,MCKC,2025-10-28T08:43:27Z,2025-10-28T05:20:00Z,ARR,bad,203.0
2 (10-24),True,True,VANCOUVER,TORONTO,2025-10-24,61,Laforest,LAFO,2025-10-28T08:56:27Z,2025-10-28T05:33:00Z,ARR,bad,203.0
2 (10-24),True,True,VANCOUVER,TORONTO,2025-10-24,62,Capreol,CAPR,2025-10-28T09:30:41Z,2025-10-28T07:47:00Z,ARR,bad,103.0
2 (10-24),True,True,VANCOUVER,TORONTO,2025-10-24,63,Sudbury (Jct.),SUDJ,2025-10-28T10:19:12Z,2025-10-28T08:49:00Z,ARR,bad,90.0
2 (10-24),True,True,VANCOUVER,TORONTO,2025-10-24,64,Parry Sound,PARS,2025-10-28T13:07:46Z,2025-10-28T12:00:00Z,ARR,bad,67.0
2 (10-24),True,True,VANCOUVER,TORONTO,2025-10-24,65,Washago,WSHG,2025-10-28T14:49:20Z,2025-10-28T14:00:00Z,ARR,bad,49.0
2 (10-24),True,True,VANCOUVER,TORONTO,2025-10-24,66,Toronto,TRTO,2025-10-28T17:27:13Z,2025-10-28T18:29:00Z,ARR,goo,-61.0
693 (10-26),True,True,WINNIPEG,CHURCHILL,2025-10-26,0,Winnipeg,WNPG,2025-10-26T17:05:00Z,2025-10-26T17:05:00Z,ARR,goo,0.0
693 (10-26),True,True,WINNIPEG,CHURCHILL,2025-10-26,1,Portage La Prairie,PLPX,2025-10-26T18:12:41Z,2025-10-26T18:15:00Z,ARR,goo,-2.0
693 (10-26),True,True,WINNIPEG,CHURCHILL,2025-10-26,2,Gladstone,GSTO,2025-10-26T18:58:17Z,2025-10-26T19:07:00Z,ARR,goo,-8.0
693 (10-26),True,True,WINNIPEG,CHURCHILL,2025-10-26,3,Plumas,PLUM,2025-10-26T19:32:12Z,2025-10-26T19:44:00Z,ARR,goo,-11.0
693 (10-26),True,True,WINNIPEG,CHURCHILL,2025-10-26,4,Glenella,GLNA,2025-10-26T20:06:18Z,2025-10-26T20:16:00Z,ARR,goo,-9.0
693 (10-26),True,True,WINNIPEG,CHURCHILL,2025-10-26,5,Mccreary,MCCR,2025-10-26T20:46:55Z,2025-10-26T20:57:00Z,ARR,goo,-10.0
693 (10-26),True,True,WINNIPEG,CHURCHILL,2025-10-26,6,Laurier,LRIE,2025-10-26T21:05:50Z,2025-10-26T21:15:00Z,ARR,goo,-9.0
693 (10-26),True,True,WINNIPEG,CHURCHILL,2025-10-26,7,Ochre River,OCHR,2025-10-26T21:29:05Z,2025-10-26T21:36:00Z,ARR,goo,-6.0
693 (10-26),True,True,WINNIPEG,CHURCHILL,2025-10-26,8,Dauphin,DAUP,2025-10-26T21:48:25Z,2025-10-26T21:56:00Z,ARR,goo,-7.0
693 (10-26),True,True,WINNIPEG,CHURCHILL,2025-10-26,9,Gilbert Plains,GLBP,2025-10-26T22:45:52Z,2025-10-26T22:44:00Z,ARR,goo,1.0
693 (10-26),True,True,WINNIPEG,CHURCHILL,2025-10-26,10,Grandview,GVIE,2025-10-26T23:15:12Z,2025-10-26T23:00:00Z,ARR,bad,15.0
693 (10-26),True,True,WINNIPEG,CHURCHILL,2025-10-26,11,Roblin,RBLN,2025-10-27T00:22:02Z,2025-10-26T23:55:00Z,ARR,bad,27.0
693 (10-26),True,True,WINNIPEG,CHURCHILL,2025-10-26,12,Togo,TOGO,2025-10-27T00:59:33Z,2025-10-27T00:22:00Z,ARR,bad,37.0
693 (10-26),True,True,WINNIPEG,CHURCHILL,2025-10-26,13,Kamsack,KAMS,2025-10-27T01:39:58Z,2025-10-27T00:59:00Z,ARR,bad,40.0
693 (10-26),True,True,WINNIPEG,CHURCHILL,2025-10-26,14,Veregin,VERE,2025-10-27T01:50:35Z,2025-10-27T01:12:00Z,ARR,bad,38.0
693 (10-26),True,True,WINNIPEG,CHURCHILL,2025-10-26,15,Mikado,MIKA,2025-10-27T02:02:07Z,2025-10-27T01:22:00Z,ARR,bad,40.0
693 (10-26),True,True,WINNIPEG,CHURCHILL,2025-10-26,16,Canora,CANO,2025-10-27T02:16:00Z,2025-10-27T01:36:00Z,ARR,bad,40.0
693 (10-26),True,True,WINNIPEG,CHURCHILL,2025-10-26,17,Sturgis,STGS,2025-10-27T03:22:07Z,2025-10-27T02:21:00Z,ARR,bad,61.0
693 (10-26),True,True,WINNIPEG,CHURCHILL,2025-10-26,18,Endeavour,ENDV,2025-10-27T03:55:20Z,2025-10-27T02:54:00Z,ARR,bad,61.0
693 (10-26),True,True,WINNIPEG,CHURCHILL,2025-10-26,19,Reserve,RSRV,2025-10-27T04:44:23Z,2025-10-27T03:34:00Z,ARR,bad,70.0
693 (10-26),True,True,WINNIPEG,CHURCHILL,2025-10-26,20,Hudson Bay,HBAY,2025-10-27T05:40:42Z,2025-10-27T04:32:00Z,ARR,bad,68.0
693 (10-26),True,True,WINNIPEG,CHURCHILL,2025-10-26,21,The Pas,TPAS,2025-10-27T08:33:52Z,2025-10-27T06:45:00Z,ARR,bad,108.0
693 (10-26),True,True,WINNIPEG,CHURCHILL,2025-10-26,22,Orok,OROK,2025-10-27T09:22:55Z,2025-10-27T08:07:00Z,ARR,bad,75.0
693 (10-26),True,True,WINNIPEG,CHURCHILL,2025-10-26,23,Halcrow,HALC,2025-10-27T10:09:52Z,2025-10-27T09:01:00Z,ARR,bad,68.0
693 (10-26),True,True,WINNIPEG,CHURCHILL,2025-10-26,24,Cormorant,CORM,2025-10-27T10:21:52Z,2025-10-27T09:12:00Z,ARR,bad,69.0
693 (10-26),True,True,WINNIPEG,CHURCHILL,2025-10-26,25,Dering,DERI,2025-10-27T10:29:52Z,2025-10-27T09:20:00Z,ARR,bad,69.0
693 (10-26),True,True,WINNIPEG,CHURCHILL,2025-10-26,26,Dyce,DYCE,2025-10-27T11:08:52Z,2025-10-27T09:59:00Z,ARR,bad,69.0
693 (10-26),True,True,WINNIPEG,CHURCHILL,2025-10-26,27,Wekusko,WEKU,2025-10-27T11:48:32Z,2025-10-27T10:43:00Z,ARR,bad,65.0
693 (10-26),True,True,WINNIPEG,CHURCHILL,2025-10-26,28,Turnbull,TURN,2025-10-27T12:11:28Z,2025-10-27T11:10:00Z,ARR,bad,61.0
693 (10-26),True,True,WINNIPEG,CHURCHILL,2025-10-26,29,Ponton,PNTN,2025-10-27T12:38:11Z,2025-10-27T11:42:00Z,ARR,bad,56.0
693 (10-26),True,True,WINNIPEG,CHURCHILL,2025-10-26,30,Pipun,PIPN,2025-10-27T13:24:25Z,2025-10-27T12:25:00Z,ARR,bad,59.0
693 (10-26),True,True,WINNIPEG,CHURCHILL,2025-10-26,31,Wabowden,WBDN,2025-10-27T13:38:43Z,2025-10-27T12:48:00Z,ARR,bad,50.0
693 (10-26),True,True,WINNIPEG,CHURCHILL,2025-10-26,32,Lyddal,LYDD,2025-10-27T14:06:16Z,2025-10-27T13:16:00Z,ARR,bad,50.0
693 (10-26),True,True,WINNIPEG,CHURCHILL,2025-10-26,33,Odhill,ODHI,2025-10-27T14:25:20Z,2025-10-27T13:38:00Z,ARR,bad,47.0
693 (10-26),True,True,WINNIPEG,CHURCHILL,2025-10-26,34,Hockin,HOCK,2025-10-27T15:03:59Z,2025-10-27T14:22:00Z,ARR,bad,41.0
693 (10-26),True,True,WINNIPEG,CHURCHILL,2025-10-26,35,Thicket Portage,THKP,2025-10-27T15:18:59Z,2025-10-27T14:37:00Z,ARR,bad,41.0
693 (10-26),True,True,WINNIPEG,CHURCHILL,2025-10-26,36,Leven,LEVN,2025-10-27T15:43:15Z,2025-10-27T14:54:00Z,ARR,bad,49.0
693 (10-26),True,True,WINNIPEG,CHURCHILL,2025-10-26,37,Thompson,THOM,2025-10-27T19:09:17Z,2025-10-27T17:00:00Z,ARR,bad,129.0
693 (10-26),True,True,WINNIPEG,CHURCHILL,2025-10-26,38,Sipiwesk,SIPI,2025-10-27T23:25:02Z,2025-10-27T23:35:00Z,ARR,goo,-9.0
693 (10-26),True,True,WINNIPEG,CHURCHILL,2025-10-26,39,Pikwitonei,PIKW,2025-10-28T00:02:00Z,2025-10-28T00:02:00Z,ARR,goo,0.0
693 (10-26),True,True,WINNIPEG,CHURCHILL,2025-10-26,40,Bridgar,BRGR,2025-10-28T00:13:00Z,2025-10-28T00:13:00Z,ARR,goo,0.0
693 (10-26),True,True,WINNIPEG,CHURCHILL,2025-10-26,41,Pit Siding,PITS,2025-10-28T01:35:00Z,2025-10-28T01:35:00Z,ARR,goo,0.0
693 (10-26),True,True,WINNIPEG,CHURCHILL,2025-10-26,42,Ilford,ILFO,2025-10-28T02:51:29Z,2025-10-28T02:36:00Z,ARR,bad,15.0
693 (10-26),True,True,WINNIPEG,CHURCHILL,2025-10-26,43,Wivenhoe,WVHO,2025-10-28T03:13:00Z,2025-10-28T03:13:00Z,ARR,goo,0.0
693 (10-26),True,True,WINNIPEG,CHURCHILL,2025-10-26,44,Gillam,GILL,2025-10-28T04:00:01Z,2025-10-28T04:00:01Z,ARR,goo,0.0
693 (10-26),True,True,WINNIPEG,CHURCHILL,2025-10-26,45,Bird,BIRD,2025-10-28T05:29:00Z,2025-10-28T05:29:00Z,ARR,goo,0.0
693 (10-26),True,True,WINNIPEG,CHURCHILL,2025-10-26,46,Amery,AMRY,2025-10-28T05:52:00Z,2025-10-28T05:52:00Z,ARR,goo,0.0
693 (10-26),True,True,WINNIPEG,CHURCHILL,2025-10-26,47,Weir River,WEIR,2025-10-28T07:03:09Z,2025-10-28T06:43:00Z,ARR,bad,20.0
693 (10-26),True,True,WINNIPEG,CHURCHILL,2025-10-26,48,Thibaudeau,THIB,2025-10-28T08:20:09Z,2025-10-28T08:00:00Z,ARR,bad,20.0
693 (10-26),True,True,WINNIPEG,CHURCHILL,2025-10-26,49,Herchmer,HERC,2025-10-28T09:46:09Z,2025-10-28T09:26:00Z,ARR,bad,20.0
693 (10-26),True,True,WINNIPEG,CHURCHILL,2025-10-26,50,O'Day,ODAY,2025-10-28T10:25:09Z,2025-10-28T10:05:00Z,ARR,bad,20.0
693 (10-26),True,True,WINNIPEG,CHURCHILL,2025-10-26,51,M'Clintock,MCLI,2025-10-28T11:10:09Z,2025-10-28T10:50:00Z,ARR,bad,20.0
693 (10-26),True,True,WINNIPEG,CHURCHILL,2025-10-26,52,Chesnaye,CHES,2025-10-28T12:26:09Z,2025-10-28T12:06:00Z,ARR,bad,20.0
693 (10-26),True,True,WINNIPEG,CHURCHILL,2025-10-26,53,Tidal,TIDL,2025-10-28T12:39:23Z,2025-10-28T13:37:00Z,ARR,goo,-57.0
693 (10-26),True,True,WINNIPEG,CHURCHILL,2025-10-26,54,Churchill,CHUR,2025-10-28T13:30:06Z,2025-10-28T14:00:00Z,ARR,goo,-29.0
1 (10-26),True,False,TORONTO,VANCOUVER,2025-10-26,0,Toronto,TRTO,2025-10-26T13:55:00Z,2025-10-26T13:55:00Z,ARR,goo,0.0
1 (10-26),True,False,TORONTO,VANCOUVER,2025-10-26,1,Washago,WSHG,2025-10-26T16:52:21Z,2025-10-26T16:25:00Z,ARR,bad,27.0
1 (10-26),True,False,TORONTO,VANCOUVER,2025-10-26,2,South Parry,SPAR,2025-10-26T18:36:18Z,2025-10-26T18:27:00Z,ARR,med,9.0
1 (10-26),True,False,TORONTO,VANCOUVER,2025-10-26,3,Sudbury (Jct.),SUDJ,2025-10-26T20:58:12Z,2025-10-26T20:57:00Z,ARR,goo,1.0
1 (10-26),True,False,TORONTO,VANCOUVER,2025-10-26,4,Capreol,CAPR,2025-10-26T21:40:56Z,2025-10-26T21:22:00Z,ARR,bad,18.0
1 (10-26),True,False,TORONTO,VANCOUVER,2025-10-26,5,Laforest,LAFO,2025-10-26T23:46:14Z,2025-10-26T22:48:00Z,ARR,bad,58.0
1 (10-26),True,False,TORONTO,VANCOUVER,2025-10-26,6,McKee's Camp,MCKC,2025-10-26T23:58:10Z,2025-10-26T23:01:00Z,ARR,bad,57.0
1 (10-26),True,False,TORONTO,VANCOUVER,2025-10-26,7,Felix,FELX,2025-10-27T00:20:54Z,2025-10-26T23:21:00Z,ARR,bad,59.0
1 (10-26),True,False,TORONTO,VANCOUVER,2025-10-26,8,Ruel,RUEL,2025-10-27T00:27:54Z,2025-10-26T23:28:00Z,ARR,bad,59.0
1 (10-26),True,False,TORONTO,VANCOUVER,2025-10-26,9,Westree,WSTR,2025-10-27T00:39:00Z,2025-10-26T23:45:00Z,ARR,bad,54.0
1 (10-26),True,False,TORONTO,VANCOUVER,2025-10-26,10,Gogama,GOGA,2025-10-27T01:38:57Z,2025-10-27T00:18:00Z,ARR,bad,80.0
1 (10-26),True,False,TORONTO,VANCOUVER,2025-10-26,11,Foleyet,FOLE,2025-10-27T03:22:57Z,2025-10-27T02:44:00Z,ARR,bad,38.0
1 (10-26),True,False,TORONTO,VANCOUVER,2025-10-26,12,Elsas,ELSA,2025-10-27T04:30:07Z,2025-10-27T03:38:00Z,ARR,bad,52.0
1 (10-26),True,False,TORONTO,VANCOUVER,2025-10-26,13,Oba,OBAX,2025-10-27T06:14:22Z,2025-10-27T05:38:00Z,ARR,bad,36.0
1 (10-26),True,False,TORONTO,VANCOUVER,2025-10-26,14,Hornepayne,HNPN,2025-10-27T06:56:39Z,2025-10-27T06:29:00Z,ARR,bad,27.0
1 (10-26),True,False,TORONTO,VANCOUVER,2025-10-26,15,Hillsport,HLSP,2025-10-27T09:36:19Z,2025-10-27T08:05:00Z,ARR,bad,91.0
1 (10-26),True,False,TORONTO,VANCOUVER,2025-10-26,16,Caramat,CARA,2025-10-27T10:17:03Z,2025-10-27T08:55:00Z,ARR,bad,82.0
1 (10-26),True,False,TORONTO,VANCOUVER,2025-10-26,17,Longlac,LLAC,2025-10-27T10:41:59Z,2025-10-27T09:34:00Z,ARR,bad,67.0
1 (10-26),True,False,TORONTO,VANCOUVER,2025-10-26,18,Nakina,NAKI,2025-10-27T11:25:00Z,2025-10-27T10:13:00Z,ARR,bad,72.0
1 (10-26),True,False,TORONTO,VANCOUVER,2025-10-26,19,Auden,AUDN,2025-10-27T12:30:54Z,2025-10-27T11:19:00Z,ARR,bad,71.0
1 (10-26),True,False,TORONTO,VANCOUVER,2025-10-26,20,Ferland,FERL,2025-10-27T13:07:54Z,2025-10-27T11:56:00Z,ARR,bad,71.0
1 (10-26),True,False,TORONTO,VANCOUVER,2025-10-26,21,Mud River,MUDR,2025-10-27T13:11:58Z,2025-10-27T12:05:00Z,ARR,bad,66.0
1 (10-26),True,False,TORONTO,VANCOUVER,2025-10-26,22,Armstrong,ARMG,2025-10-27T13:38:17Z,2025-10-27T13:17:00Z,ARR,bad,21.0
1 (10-26),True,False,TORONTO,VANCOUVER,2025-10-26,23,Collins,COLL,2025-10-27T14:13:25Z,2025-10-27T13:47:00Z,ARR,bad,26.0
1 (10-26),True,False,TORONTO,VANCOUVER,2025-10-26,24,Allanwater Bridge,ALWB,2025-10-27T14:52:25Z,2025-10-27T14:26:00Z,ARR,bad,26.0
1 (10-26),True,False,TORONTO,VANCOUVER,2025-10-26,25,Flindt Landing,FLTL,2025-10-27T15:08:25Z,2025-10-27T14:42:00Z,ARR,bad,26.0
1 (10-26),True,False,TORONTO,VANCOUVER,2025-10-26,26,Savant Lake,SAVL,2025-10-27T15:25:25Z,2025-10-27T14:59:00Z,ARR,bad,26.0
1 (10-26),True,False,TORONTO,VANCOUVER,2025-10-26,27,Sioux Lookout,SLKT,2025-10-27T17:49:49Z,2025-10-27T16:25:00Z,ARR,bad,84.0
1 (10-26),True,False,TORONTO,VANCOUVER,2025-10-26,28,Richan,RCHN,2025-10-27T20:00:39Z,2025-10-27T18:05:00Z,ARR,bad,115.0
1 (10-26),True,False,TORONTO,VANCOUVER,2025-10-26,29,Red Lake Road,RLRX,2025-10-27T20:54:01Z,2025-10-27T18:41:00Z,ARR,bad,133.0
1 (10-26),True,False,TORONTO,VANCOUVER,2025-10-26,30,Canyon,CNYK,2025-10-27T21:23:22Z,2025-10-27T19:10:00Z,ARR,bad,133.0
1 (10-26),True,False,TORONTO,VANCOUVER,2025-10-26,31,Farlane,FARL,2025-10-27T21:54:19Z,2025-10-27T19:47:00Z,ARR,bad,127.0
1 (10-26),True,False,TORONTO,VANCOUVER,2025-10-26,32,Redditt,RDDT,2025-10-27T22:07:45Z,2025-10-27T20:23:00Z,ARR,bad,104.0
1 (10-26),True,False,TORONTO,VANCOUVER,2025-10-26,33,Minaki,MNKI,2025-10-27T22:36:52Z,2025-10-27T20:44:00Z,ARR,bad,112.0
1 (10-26),True,False,TORONTO,VANCOUVER,2025-10-26,34,Ottermere,OTTM,2025-10-27T22:53:12Z,2025-10-27T21:01:00Z,ARR,bad,112.0
1 (10-26),True,False,TORONTO,VANCOUVER,2025-10-26,35,Malachi,MLCH,2025-10-27T23:03:02Z,2025-10-27T21:07:00Z,ARR,bad,116.0
1 (10-26),True,False,TORONTO,VANCOUVER,2025-10-26,36,Copelands Landing,COPE,2025-10-27T23:05:02Z,2025-10-27T21:09:00Z,ARR,bad,116.0
1 (10-26),True,False,TORONTO,VANCOUVER,2025-10-26,37,Rice Lake,RCLK,2025-10-27T23:08:02Z,2025-10-27T21:12:00Z,ARR,bad,116.0
1 (10-26),True,False,TORONTO,VANCOUVER,2025-10-26,38,Winnitoba,WNTB,2025-10-27T23:20:28Z,2025-10-27T21:26:00Z,ARR,bad,114.0
1 (10-26),True,False,TORONTO,VANCOUVER,2025-10-26,39,Ophir,OPHR,2025-10-27T23:20:55Z,2025-10-27T21:31:00Z,ARR,bad,109.0
1 (10-26),True,False,TORONTO,VANCOUVER,2025-10-26,40,Brereton Lake,BRTL,2025-10-27T23:33:46Z,2025-10-27T21:49:00Z,ARR,bad,104.0
1 (10-26),True,False,TORONTO,VANCOUVER,2025-10-26,41,Elma,ELMA,2025-10-27T23:52:01Z,2025-10-27T22:10:00Z,ARR,bad,102.0
1 (10-26),True,False,TORONTO,VANCOUVER,2025-10-26,42,Winnipeg,WNPG,2025-10-28T01:14:02Z,2025-10-28T00:30:00Z,ARR,bad,44.0
1 (10-26),True,False,TORONTO,VANCOUVER,2025-10-26,43,Portage La Prairie,PLPX,2025-10-28T04:59:50Z,2025-10-28T04:04:00Z,ARR,bad,55.0
1 (10-26),True,False,TORONTO,VANCOUVER,2025-10-26,44,Rivers,RVRS,2025-10-28T07:25:02Z,2025-10-28T06:31:00Z,ARR,bad,54.0
1 (10-26),True,False,TORONTO,VANCOUVER,2025-10-26,45,Melville,MELV,2025-10-28T11:24:41Z,2025-10-28T10:54:00Z,ARR,bad,30.0
1 (10-26),True,False,TORONTO,VANCOUVER,2025-10-26,46,Watrous,WATR,2025-10-28T15:22:51Z,2025-10-28T13:54:00Z,ARR,bad,88.0
1 (10-26),True,False,TORONTO,VANCOUVER,2025-10-26,47,Saskatoon,SASK,2025-10-28T17:12:26Z,2025-10-28T15:50:00Z,ARR,bad,82.0
1 (10-26),True,False,TORONTO,VANCOUVER,2025-10-26,48,Biggar,BIGG,2025-10-28T20:23:42Z,2025-10-28T18:29:00Z,ARR,bad,114.0
1 (10-26),True,False,TORONTO,VANCOUVER,2025-10-26,49,Unity,UNIT,2025-10-28T21:25:55Z,2025-10-28T19:44:00Z,ARR,bad,101.0
1 (10-26),True,False,TORONTO,VANCOUVER,2025-10-26,50,Wainwright,WAIN,2025-10-28T23:58:12Z,2025-10-28T22:33:00Z,ARR,bad,85.0
1 (10-26),True,False,TORONTO,VANCOUVER,2025-10-26,51,Viking,VKNG,2025-10-29T01:15:16Z,2025-10-28T23:26:00Z,ARR,bad,109.0
1 (10-26),True,False,TORONTO,VANCOUVER,2025-10-26,52,Edmonton,EDMO,2025-10-29T04:22:44Z,2025-10-29T02:50:00Z,27 mins,bad,92.0
1 (10-26),True,False,TORONTO,VANCOUVER,2025-10-26,53,Evansburg,EVAN,2025-10-29T09:01:44Z,2025-10-29T07:29:00Z,5h06,bad,92.0
1 (10-26),True,False,TORONTO,VANCOUVER,2025-10-26,54,Edson,EDSN,&mdash;,2025-10-29T08:52:00Z,&mdash;,,
1 (10-26),True,False,TORONTO,VANCOUVER,2025-10-26,55,Hinton,HINT,&mdash;,2025-10-29T09:58:00Z,&mdash;,,
1 (10-26),True,False,TORONTO,VANCOUVER,2025-10-26,56,Jasper,JASP,&mdash;,2025-10-29T12:30:00Z,&mdash;,,
1 (10-26),True,False,TORONTO,VANCOUVER,2025-10-26,57,Valemount,VLMT,&mdash;,2025-10-29T17:50:00Z,&mdash;,,
2 (10-27),True,False,VANCOUVER,TORONTO,2025-10-27,0,Vancouver,VCVR,2025-10-27T22:00:00Z,2025-10-27T22:00:00Z,ARR,goo,0.0
2 (10-27),True,False,VANCOUVER,TORONTO,2025-10-27,1,Mission Harbour,MSNH,2025-10-28T00:10:58Z,2025-10-27T23:35:00Z,ARR,bad,35.0
2 (10-27),True,False,VANCOUVER,TORONTO,2025-10-27,2,Agassiz,AGAS,2025-10-28T00:52:18Z,2025-10-28T00:03:00Z,ARR,bad,49.0
2 (10-27),True,False,VANCOUVER,TORONTO,2025-10-27,3,Katz,KATZ,2025-10-28T01:06:47Z,2025-10-28T00:17:00Z,ARR,bad,49.0
2 (10-27),True,False,VANCOUVER,TORONTO,2025-10-27,4,North Bend,NBND,2025-10-28T02:54:13Z,2025-10-28T02:46:00Z,ARR,med,8.0
2 (10-27),True,False,VANCOUVER,TORONTO,2025-10-27,5,Ashcroft,ASHN,2025-10-28T05:14:42Z,2025-10-28T05:32:00Z,ARR,goo,-17.0
2 (10-27),True,False,VANCOUVER,TORONTO,2025-10-27,6,Kamloops North,KAMN,2025-10-28T07:02:41Z,2025-10-28T07:17:00Z,ARR,goo,-14.0
2 (10-27),True,False,VANCOUVER,TORONTO,2025-10-27,7,Clearwater,CLWT,2025-10-28T10:21:41Z,2025-10-28T09:58:00Z,ARR,bad,23.0
2 (10-27),True,False,VANCOUVER,TORONTO,2025-10-27,8,Blue River,BLUE,2025-10-28T12:21:55Z,2025-10-28T12:11:00Z,ARR,med,10.0
2 (10-27),True,False,VANCOUVER,TORONTO,2025-10-27,9,Valemount,VLMT,2025-10-28T14:55:38Z,2025-10-28T14:01:00Z,ARR,bad,54.0
2 (10-27),True,False,VANCOUVER,TORONTO,2025-10-27,10,Jasper,JASP,2025-10-28T16:58:32Z,2025-10-28T17:00:00Z,ARR,goo,-1.0
2 (10-27),True,False,VANCOUVER,TORONTO,2025-10-27,11,Hinton,HINT,2025-10-28T20:19:01Z,2025-10-28T19:45:00Z,ARR,bad,34.0
2 (10-27),True,False,VANCOUVER,TORONTO,2025-10-27,12,Edson,EDSN,2025-10-28T22:46:36Z,2025-10-28T21:19:00Z,ARR,bad,87.0
2 (10-27),True,False,VANCOUVER,TORONTO,2025-10-27,13,Evansburg,EVAN,2025-10-29T00:00:32Z,2025-10-28T22:28:00Z,ARR,bad,92.0
2 (10-27),True,False,VANCOUVER,TORONTO,2025-10-27,14,Edmonton,EDMO,2025-10-29T01:44:40Z,2025-10-29T00:50:00Z,ARR,bad,54.0
2 (10-27),True,False,VANCOUVER,TORONTO,2025-10-27,15,Viking,VKNG,2025-10-29T05:08:02Z,2025-10-29T03:53:00Z,1h12,bad,75.0
2 (10-27),True,False,VANCOUVER,TORONTO,2025-10-27,16,Wainwright,WAIN,2025-10-29T07:29:02Z,2025-10-29T06:14:00Z,3h33,bad,75.0
2 (10-27),True,False,VANCOUVER,TORONTO,2025-10-27,17,Unity,UNIT,&mdash;,2025-10-29T07:47:00Z,&mdash;,,
2 (10-27),True,False,VANCOUVER,TORONTO,2025-10-27,18,Biggar,BIGG,&mdash;,2025-10-29T09:21:00Z,&mdash;,,
2 (10-27),True,False,VANCOUVER,TORONTO,2025-10-27,19,Saskatoon,SASK,&mdash;,2025-10-29T11:57:00Z,&mdash;,,
2 (10-27),True,False,VANCOUVER,TORONTO,2025-10-27,20,Watrous,WATR,&mdash;,2025-10-29T14:26:00Z,&mdash;,,
693 (10-28),True,False,WINNIPEG,CHURCHILL,2025-10-28,0,Portage La Prairie,PLPX,2025-10-28T18:47:03Z,2025-10-28T18:15:00Z,ARR,bad,32.0
693 (10-28),True,False,WINNIPEG,CHURCHILL,2025-10-28,1,Gladstone,GSTO,2025-10-28T19:37:58Z,2025-10-28T19:07:00Z,ARR,bad,30.0
693 (10-28),True,False,WINNIPEG,CHURCHILL,2025-10-28,2,Plumas,PLUM,2025-10-28T20:11:18Z,2025-10-28T19:44:00Z,ARR,bad,27.0
693 (10-28),True,False,WINNIPEG,CHURCHILL,2025-10-28,3,Glenella,GLNA,2025-10-28T21:07:34Z,2025-10-28T20:16:00Z,ARR,bad,51.0
693 (10-28),True,False,WINNIPEG,CHURCHILL,2025-10-28,4,Mccreary,MCCR,2025-10-28T21:48:03Z,2025-10-28T20:57:00Z,ARR,bad,51.0
693 (10-28),True,False,WINNIPEG,CHURCHILL,2025-10-28,5,Laurier,LRIE,2025-10-28T22:08:11Z,2025-10-28T21:15:00Z,ARR,bad,53.0
693 (10-28),True,False,WINNIPEG,CHURCHILL,2025-10-28,6,Ochre River,OCHR,2025-10-28T22:24:18Z,2025-10-28T21:36:00Z,ARR,bad,48.0
693 (10-28),True,False,WINNIPEG,CHURCHILL,2025-10-28,7,Dauphin,DAUP,2025-10-28T22:42:14Z,2025-10-28T21:56:00Z,ARR,bad,46.0
693 (10-28),True,False,WINNIPEG,CHURCHILL,2025-10-28,8,Gilbert Plains,GLBP,2025-10-28T23:46:18Z,2025-10-28T22:44:00Z,ARR,bad,62.0
693 (10-28),True,False,WINNIPEG,CHURCHILL,2025-10-28,9,Grandview,GVIE,2025-10-29T00:05:08Z,2025-10-28T23:00:00Z,ARR,bad,65.0
693 (10-28),True,False,WINNIPEG,CHURCHILL,2025-10-28,10,Roblin,RBLN,2025-10-29T01:16:38Z,2025-10-28T23:55:00Z,ARR,bad,81.0
693 (10-28),True,False,WINNIPEG,CHURCHILL,2025-10-28,11,Togo,TOGO,2025-10-29T02:07:41Z,2025-10-29T00:22:00Z,ARR,bad,105.0
693 (10-28),True,False,WINNIPEG,CHURCHILL,2025-10-28,12,Kamsack,KAMS,2025-10-29T02:56:50Z,2025-10-29T00:59:00Z,ARR,bad,117.0
693 (10-28),True,False,WINNIPEG,CHURCHILL,2025-10-28,13,Veregin,VERE,2025-10-29T03:07:12Z,2025-10-29T01:12:00Z,ARR,bad,115.0
693 (10-28),True,False,WINNIPEG,CHURCHILL,2025-10-28,14,Mikado,MIKA,2025-10-29T03:18:32Z,2025-10-29T01:22:00Z,ARR,bad,116.0
693 (10-28),True,False,WINNIPEG,CHURCHILL,2025-10-28,15,Canora,CANO,2025-10-29T03:29:48Z,2025-10-29T01:36:00Z,ARR,bad,113.0
693 (10-28),True,False,WINNIPEG,CHURCHILL,2025-10-28,16,Sturgis,STGS,2025-10-29T04:17:34Z,2025-10-29T02:21:00Z,22 mins,bad,116.0
693 (10-28),True,False,WINNIPEG,CHURCHILL,2025-10-28,17,Endeavour,ENDV,2025-10-29T04:50:34Z,2025-10-29T02:54:00Z,55 mins,bad,116.0
693 (10-28),True,False,WINNIPEG,CHURCHILL,2025-10-28,18,Reserve,RSRV,2025-10-29T05:30:34Z,2025-10-29T03:34:00Z,1h35,bad,116.0
693 (10-28),True,False,WINNIPEG,CHURCHILL,2025-10-28,19,Hudson Bay,HBAY,2025-10-29T06:28:34Z,2025-10-29T04:32:00Z,2h33,bad,116.0
693 (10-28),True,False,WINNIPEG,CHURCHILL,2025-10-28,20,The Pas,TPAS,2025-10-29T08:41:34Z,2025-10-29T06:45:00Z,4h46,bad,116.0
693 (10-28),True,False,WINNIPEG,CHURCHILL,2025-10-28,21,Orok,OROK,2025-10-29T10:03:34Z,2025-10-29T08:07:00Z,6h08,bad,116.0
693 (10-28),True,False,WINNIPEG,CHURCHILL,2025-10-28,22,Halcrow,HALC,2025-10-29T10:57:34Z,2025-10-29T09:01:00Z,7h02,bad,116.0
693 (10-28),True,False,WINNIPEG,CHURCHILL,2025-10-28,23,Cormorant,CORM,2025-10-29T11:08:34Z,2025-10-29T09:12:00Z,7h13,bad,116.0
693 (10-28),True,False,WINNIPEG,CHURCHILL,2025-10-28,24,Dering,DERI,2025-10-29T11:16:34Z,2025-10-29T09:20:00Z,7h21,bad,116.0
693 (10-28),True,False,WINNIPEG,CHURCHILL,2025-10-28,25,Dyce,DYCE,2025-10-29T11:55:34Z,2025-10-29T09:59:00Z,8h00,bad,116.0
693 (10-28),True,False,WINNIPEG,CHURCHILL,2025-10-28,26,Wekusko,WEKU,2025-10-29T12:39:34Z,2025-10-29T10:43:00Z,8h44,bad,116.0
693 (10-28),True,False,WINNIPEG,CHURCHILL,2025-10-28,27,Turnbull,TURN,2025-10-29T13:06:34Z,2025-10-29T11:10:00Z,9h11,bad,116.0
693 (10-28),True,False,WINNIPEG,CHURCHILL,2025-10-28,28,Ponton,PNTN,2025-10-29T13:38:34Z,2025-10-29T11:42:00Z,9h43,bad,116.0
693 (10-28),True,False,WINNIPEG,CHURCHILL,2025-10-28,29,Pipun,PIPN,2025-10-29T14:21:34Z,2025-10-29T12:25:00Z,10h26,bad,116.0
693 (10-28),True,False,WINNIPEG,CHURCHILL,2025-10-28,30,Wabowden,WBDN,2025-10-29T14:44:34Z,2025-10-29T12:48:00Z,10h49,bad,116.0
693 (10-28),True,False,WINNIPEG,CHURCHILL,2025-10-28,31,Lyddal,LYDD,2025-10-29T15:12:34Z,2025-10-29T13:16:00Z,11h17,bad,116.0
693 (10-28),True,False,WINNIPEG,CHURCHILL,2025-10-28,32,Odhill,ODHI,2025-10-29T15:34:34Z,2025-10-29T13:38:00Z,11h39,bad,116.0
693 (10-28),True,False,WINNIPEG,CHURCHILL,2025-10-28,33,Hockin,HOCK,2025-10-29T16:18:34Z,2025-10-29T14:22:00Z,12h23,bad,116.0
693 (10-28),True,False,WINNIPEG,CHURCHILL,2025-10-28,34,Thicket Portage,THKP,2025-10-29T16:33:34Z,2025-10-29T14:37:00Z,12h38,bad,116.0
693 (10-28),True,False,WINNIPEG,CHURCHILL,2025-10-28,35,Leven,LEVN,2025-10-29T16:50:34Z,2025-10-29T14:54:00Z,12h55,bad,116.0
693 (10-28),True,False,WINNIPEG,CHURCHILL,2025-10-28,36,Thompson,THOM,2025-10-29T18:56:34Z,2025-10-29T17:00:00Z,15h01,bad,116.0
20,True,True,MONTRÉAL,QUÉBEC,2025-10-28,0,Montréal,MTRL,2025-10-28T10:25:00Z,2025-10-28T10:25:00Z,ARR,goo,0.0
20,True,True,MONTRÉAL,QUÉBEC,2025-10-28,1,St. Lambert,SLAM,2025-10-28T10:42:07Z,2025-10-28T10:38:00Z,ARR,goo,4.0
20,True,True,MONTRÉAL,QUÉBEC,2025-10-28,2,St. Hyacinthe,SHYA,2025-10-28T11:30:54Z,2025-10-28T11:06:00Z,ARR,bad,24.0
20,True,True,MONTRÉAL,QUÉBEC,2025-10-28,3,Drummondville,DRMV,2025-10-28T12:02:42Z,2025-10-28T11:43:00Z,ARR,bad,19.0
20,True,True,MONTRÉAL,QUÉBEC,2025-10-28,4,Ste-Foy,SFOY,2025-10-28T13:28:38Z,2025-10-28T13:25:00Z,ARR,goo,3.0
20,True,True,MONTRÉAL,QUÉBEC,2025-10-28,5,Québec,QBEC,2025-10-28T13:55:25Z,2025-10-28T13:52:00Z,ARR,goo,3.0
24,True,True,OTTAWA,QUÉBEC,2025-10-28,0,Ottawa,OTTW,2025-10-28T14:13:13Z,2025-10-28T14:13:00Z,ARR,goo,0.0
24,True,True,OTTAWA,QUÉBEC,2025-10-28,1,Alexandria,ALEX,2025-10-28T15:06:42Z,2025-10-28T15:03:00Z,ARR,goo,3.0
24,True,True,OTTAWA,QUÉBEC,2025-10-28,2,Coteau,COTO,2025-10-28T15:28:18Z,2025-10-28T15:26:00Z,ARR,goo,2.0
24,True,True,OTTAWA,QUÉBEC,2025-10-28,3,Dorval,DORV,2025-10-28T16:07:43Z,2025-10-28T15:50:00Z,ARR,bad,17.0
24,True,True,OTTAWA,QUÉBEC,2025-10-28,4,Montréal,MTRL,2025-10-28T16:31:03Z,2025-10-28T16:15:00Z,ARR,bad,16.0
24,True,True,OTTAWA,QUÉBEC,2025-10-28,5,St. Lambert,SLAM,2025-10-28T17:18:50Z,2025-10-28T16:58:00Z,ARR,bad,20.0
24,True,True,OTTAWA,QUÉBEC,2025-10-28,6,St. Hyacinthe,SHYA,2025-10-28T17:47:58Z,2025-10-28T17:26:00Z,ARR,bad,21.0
24,True,True,OTTAWA,QUÉBEC,2025-10-28,7,Drummondville,DRMV,2025-10-28T18:20:26Z,2025-10-28T17:54:00Z,ARR,bad,26.0
24,True,True,OTTAWA,QUÉBEC,2025-10-28,8,Charny,CHNY,2025-10-28T20:00:03Z,2025-10-28T19:38:00Z,ARR,bad,22.0
24,True,True,OTTAWA,QUÉBEC,2025-10-28,9,Ste-Foy,SFOY,2025-10-28T20:11:21Z,2025-10-28T19:45:00Z,ARR,bad,26.0
24,True,True,OTTAWA,QUÉBEC,2025-10-28,10,Québec,QBEC,2025-10-28T20:40:57Z,2025-10-28T20:12:00Z,ARR,bad,28.0
22,True,True,OTTAWA,QUÉBEC,2025-10-28,0,Ottawa,OTTW,2025-10-28T10:07:00Z,2025-10-28T10:07:00Z,ARR,goo,0.0
22,True,True,OTTAWA,QUÉBEC,2025-10-28,1,Casselman,CSLM,2025-10-28T10:31:02Z,2025-10-28T10:33:00Z,ARR,goo,-1.0
22,True,True,OTTAWA,QUÉBEC,2025-10-28,2,Alexandria,ALEX,2025-10-28T10:53:17Z,2025-10-28T10:55:00Z,ARR,goo,-1.0
22,True,True,OTTAWA,QUÉBEC,2025-10-28,3,Coteau,COTO,2025-10-28T11:17:39Z,2025-10-28T11:23:00Z,ARR,goo,-5.0
22,True,True,OTTAWA,QUÉBEC,2025-10-28,4,Dorval,DORV,2025-10-28T11:45:31Z,2025-10-28T11:47:00Z,ARR,goo,-1.0
22,True,True,OTTAWA,QUÉBEC,2025-10-28,5,Montréal,MTRL,2025-10-28T12:08:26Z,2025-10-28T12:11:00Z,ARR,goo,-2.0
22,True,True,OTTAWA,QUÉBEC,2025-10-28,6,St. Lambert,SLAM,2025-10-28T12:57:04Z,2025-10-28T12:49:00Z,ARR,med,8.0
22,True,True,OTTAWA,QUÉBEC,2025-10-28,7,St. Hyacinthe,SHYA,2025-10-28T13:27:14Z,2025-10-28T13:16:00Z,ARR,med,11.0
22,True,True,OTTAWA,QUÉBEC,2025-10-28,8,Drummondville,DRMV,2025-10-28T13:59:52Z,2025-10-28T13:44:00Z,ARR,bad,15.0
22,True,True,OTTAWA,QUÉBEC,2025-10-28,9,Ste-Foy,SFOY,2025-10-28T15:38:07Z,2025-10-28T15:19:00Z,ARR,bad,19.0
22,True,True,OTTAWA,QUÉBEC,2025-10-28,10,Québec,QBEC,2025-10-28T16:07:47Z,2025-10-28T15:47:00Z,ARR,bad,20.0
37,True,True,QUÉBEC,OTTAWA,2025-10-28,0,Québec,QBEC,2025-10-28T16:32:00Z,2025-10-28T16:32:00Z,ARR,goo,0.0
37,True,True,QUÉBEC,OTTAWA,2025-10-28,1,Ste-Foy,SFOY,2025-10-28T16:57:35Z,2025-10-28T16:57:00Z,ARR,goo,0.0
37,True,True,QUÉBEC,OTTAWA,2025-10-28,2,Drummondville,DRMV,2025-10-28T19:09:56Z,2025-10-28T18:44:00Z,ARR,bad,25.0
37,True,True,QUÉBEC,OTTAWA,2025-10-28,3,St. Hyacinthe,SHYA,2025-10-28T19:41:05Z,2025-10-28T19:12:00Z,ARR,bad,29.0
37,True,True,QUÉBEC,OTTAWA,2025-10-28,4,St. Lambert,SLAM,2025-10-28T20:11:30Z,2025-10-28T19:39:00Z,ARR,bad,32.0
37,True,True,QUÉBEC,OTTAWA,2025-10-28,5,Montréal,MTRL,2025-10-28T20:25:58Z,2025-10-28T19:54:00Z,ARR,bad,31.0
37,True,True,QUÉBEC,OTTAWA,2025-10-28,6,Dorval,DORV,2025-10-28T21:14:35Z,2025-10-28T20:54:00Z,ARR,bad,20.0
37,True,True,QUÉBEC,OTTAWA,2025-10-28,7,Coteau,COTO,2025-10-28T21:44:36Z,2025-10-28T21:23:00Z,ARR,bad,21.0
37,True,True,QUÉBEC,OTTAWA,2025-10-28,8,Alexandria,ALEX,2025-10-28T22:05:48Z,2025-10-28T21:45:00Z,ARR,bad,20.0
37,True,True,QUÉBEC,OTTAWA,2025-10-28,9,Ottawa,OTTW,2025-10-28T22:49:40Z,2025-10-28T22:37:00Z,ARR,med,12.0
41,True,True,OTTAWA,TORONTO,2025-10-28,0,Fallowfield,FALL,2025-10-28T09:35:53Z,2025-10-28T09:38:00Z,ARR,goo,-2.0
41,True,True,OTTAWA,TORONTO,2025-10-28,1,Smiths Falls,SMTF,2025-10-28T10:06:02Z,2025-10-28T10:08:00Z,ARR,goo,-1.0
41,True,True,OTTAWA,TORONTO,2025-10-28,2,Brockville,BRKV,2025-10-28T10:37:19Z,2025-10-28T10:40:00Z,ARR,goo,-2.0
41,True,True,OTTAWA,TORONTO,2025-10-28,3,Kingston,KGON,2025-10-28T11:27:30Z,2025-10-28T11:25:00Z,ARR,goo,2.0
41,True,True,OTTAWA,TORONTO,2025-10-28,4,Napanee,NAPN,2025-10-28T11:51:32Z,2025-10-28T11:49:00Z,ARR,goo,2.0
41,True,True,OTTAWA,TORONTO,2025-10-28,5,Belleville,BLVL,2025-10-28T12:13:13Z,2025-10-28T12:07:00Z,ARR,med,6.0
41,True,True,OTTAWA,TORONTO,2025-10-28,6,Trenton Jct.,TRNJ,2025-10-28T12:27:06Z,2025-10-28T12:20:00Z,ARR,med,7.0
41,True,True,OTTAWA,TORONTO,2025-10-28,7,Cobourg,CBRG,2025-10-28T12:55:40Z,2025-10-28T12:44:00Z,ARR,med,11.0
41,True,True,OTTAWA,TORONTO,2025-10-28,8,Oshawa,OSHA,2025-10-28T13:32:19Z,2025-10-28T13:19:00Z,ARR,med,13.0
41,True,True,OTTAWA,TORONTO,2025-10-28,9,Toronto,TRTO,2025-10-28T14:15:44Z,2025-10-28T14:02:00Z,ARR,med,13.0
52,True,True,TORONTO,OTTAWA,2025-10-28,0,Toronto,TRTO,2025-10-28T12:33:26Z,2025-10-28T12:32:00Z,ARR,goo,1.0
52,True,True,TORONTO,OTTAWA,2025-10-28,1,Guildwood,GUIL,2025-10-28T12:51:50Z,2025-10-28T12:50:00Z,ARR,goo,1.0
52,True,True,TORONTO,OTTAWA,2025-10-28,2,Oshawa,OSHA,2025-10-28T13:11:28Z,2025-10-28T13:09:00Z,ARR,goo,2.0
52,True,True,TORONTO,OTTAWA,2025-10-28,3,Cobourg,CBRG,2025-10-28T13:45:59Z,2025-10-28T13:44:00Z,ARR,goo,1.0
52,True,True,TORONTO,OTTAWA,2025-10-28,4,Belleville,BLVL,2025-10-28T14:23:01Z,2025-10-28T14:20:00Z,ARR,goo,3.0
52,True,True,TORONTO,OTTAWA,2025-10-28,5,Kingston,KGON,2025-10-28T15:00:40Z,2025-10-28T15:00:00Z,ARR,goo,0.0
52,True,True,TORONTO,OTTAWA,2025-10-28,6,Brockville,BRKV,2025-10-28T16:00:38Z,2025-10-28T15:57:00Z,ARR,goo,3.0
52,True,True,TORONTO,OTTAWA,2025-10-28,7,Smiths Falls,SMTF,2025-10-28T16:33:48Z,2025-10-28T16:35:00Z,ARR,goo,-1.0
52,True,True,TORONTO,OTTAWA,2025-10-28,8,Fallowfield,FALL,2025-10-28T17:06:42Z,2025-10-28T17:11:00Z,ARR,goo,-4.0
52,True,True,TORONTO,OTTAWA,2025-10-28,9,Ottawa,OTTW,2025-10-28T17:27:24Z,2025-10-28T17:32:00Z,ARR,goo,-4.0
50,True,True,TORONTO,OTTAWA,2025-10-28,0,Toronto,TRTO,2025-10-28T10:32:44Z,2025-10-28T10:32:00Z,ARR,goo,0.0
50,True,True,TORONTO,OTTAWA,2025-10-28,1,Guildwood,GUIL,2025-10-28T10:50:10Z,2025-10-28T10:50:00Z,ARR,goo,0.0
50,True,True,TORONTO,OTTAWA,2025-10-28,2,Oshawa,OSHA,2025-10-28T11:12:46Z,2025-10-28T11:08:00Z,ARR,goo,4.0
50,True,True,TORONTO,OTTAWA,2025-10-28,3,Cobourg,CBRG,2025-10-28T11:49:01Z,2025-10-28T11:43:00Z,ARR,med,6.0
50,True,True,TORONTO,OTTAWA,2025-10-28,4,Belleville,BLVL,2025-10-28T12:26:38Z,2025-10-28T12:18:00Z,ARR,med,8.0
50,True,True,TORONTO,OTTAWA,2025-10-28,5,Kingston,KGON,2025-10-28T13:03:51Z,2025-10-28T12:57:00Z,ARR,med,6.0
50,True,True,TORONTO,OTTAWA,2025-10-28,6,Brockville,BRKV,2025-10-28T14:07:43Z,2025-10-28T13:54:00Z,ARR,med,13.0
50,True,True,TORONTO,OTTAWA,2025-10-28,7,Smiths Falls,SMTF,2025-10-28T14:33:32Z,2025-10-28T14:29:00Z,ARR,goo,4.0
50,True,True,TORONTO,OTTAWA,2025-10-28,8,Fallowfield,FALL,2025-10-28T15:08:46Z,2025-10-28T15:01:00Z,ARR,med,7.0
50,True,True,TORONTO,OTTAWA,2025-10-28,9,Ottawa,OTTW,2025-10-28T15:28:26Z,2025-10-28T15:21:00Z,ARR,med,7.0
53,True,True,OTTAWA,TORONTO,2025-10-28,0,Ottawa,OTTW,2025-10-28T15:43:00Z,2025-10-28T15:43:00Z,ARR,goo,0.0
53,True,True,OTTAWA,TORONTO,2025-10-28,1,Fallowfield,FALL,2025-10-28T15:59:08Z,2025-10-28T16:00:00Z,ARR,goo,0.0
53,True,True,OTTAWA,TORONTO,2025-10-28,2,Brockville,BRKV,2025-10-28T17:27:03Z,2025-10-28T17:01:00Z,ARR,bad,26.0
53,True,True,OTTAWA,TORONTO,2025-10-28,3,Gananoque,GANA,2025-10-28T17:53:08Z,2025-10-28T17:31:00Z,ARR,bad,22.0
53,True,True,OTTAWA,TORONTO,2025-10-28,4,Kingston,KGON,2025-10-28T18:15:35Z,2025-10-28T17:54:00Z,ARR,bad,21.0
53,True,True,OTTAWA,TORONTO,2025-10-28,5,Belleville,BLVL,2025-10-28T18:55:24Z,2025-10-28T18:36:00Z,ARR,bad,19.0
53,True,True,OTTAWA,TORONTO,2025-10-28,6,Cobourg,CBRG,2025-10-28T19:29:12Z,2025-10-28T19:12:00Z,ARR,bad,17.0
53,True,True,OTTAWA,TORONTO,2025-10-28,7,Oshawa,OSHA,2025-10-28T20:01:35Z,2025-10-28T19:48:00Z,ARR,med,13.0
53,True,True,OTTAWA,TORONTO,2025-10-28,8,Toronto,TRTO,2025-10-28T20:59:54Z,2025-10-28T20:33:00Z,ARR,bad,26.0
60,True,True,TORONTO,MONTRÉAL,2025-10-28,0,Toronto,TRTO,2025-10-28T10:32:45Z,2025-10-28T10:32:00Z,ARR,goo,0.0
60,True,True,TORONTO,MONTRÉAL,2025-10-28,1,Guildwood,GUIL,2025-10-28T10:50:05Z,2025-10-28T10:50:00Z,ARR,goo,0.0
60,True,True,TORONTO,MONTRÉAL,2025-10-28,2,Oshawa,OSHA,2025-10-28T11:12:33Z,2025-10-28T11:08:00Z,ARR,goo,4.0
60,True,True,TORONTO,MONTRÉAL,2025-10-28,3,Cobourg,CBRG,2025-10-28T11:48:58Z,2025-10-28T11:43:00Z,ARR,med,5.0
60,True,True,TORONTO,MONTRÉAL,2025-10-28,4,Belleville,BLVL,2025-10-28T12:26:33Z,2025-10-28T12:18:00Z,ARR,med,8.0
60,True,True,TORONTO,MONTRÉAL,2025-10-28,5,Kingston,KGON,2025-10-28T13:03:44Z,2025-10-28T12:57:00Z,ARR,med,6.0
60,True,True,TORONTO,MONTRÉAL,2025-10-28,6,Cornwall,CWLL,2025-10-28T14:40:25Z,2025-10-28T14:38:00Z,ARR,goo,2.0
60,True,True,TORONTO,MONTRÉAL,2025-10-28,7,Dorval,DORV,2025-10-28T15:48:07Z,2025-10-28T15:25:00Z,ARR,bad,23.0
60,True,True,TORONTO,MONTRÉAL,2025-10-28,8,Montréal,MTRL,2025-10-28T16:14:00Z,2025-10-28T15:50:00Z,ARR,bad,24.0
61,True,True,MONTRÉAL,TORONTO,2025-10-28,0,Montréal,MTRL,2025-10-28T10:45:00Z,2025-10-28T10:45:00Z,ARR,goo,0.0
61,True,True,MONTRÉAL,TORONTO,2025-10-28,1,Dorval,DORV,2025-10-28T11:19:20Z,2025-10-28T11:08:00Z,ARR,med,11.0
61,True,True,MONTRÉAL,TORONTO,2025-10-28,2,Cornwall,CWLL,2025-10-28T12:13:30Z,2025-10-28T12:01:00Z,ARR,med,12.0
61,True,True,MONTRÉAL,TORONTO,2025-10-28,3,Kingston,KGON,2025-10-28T13:36:18Z,2025-10-28T13:29:00Z,ARR,med,7.0
61,True,True,MONTRÉAL,TORONTO,2025-10-28,4,Belleville,BLVL,2025-10-28T14:15:36Z,2025-10-28T14:11:00Z,ARR,goo,4.0
61,True,True,MONTRÉAL,TORONTO,2025-10-28,5,Oshawa,OSHA,2025-10-28T15:21:08Z,2025-10-28T15:19:00Z,ARR,goo,2.0
61,True,True,MONTRÉAL,TORONTO,2025-10-28,6,Guildwood,GUIL,2025-10-28T15:44:20Z,2025-10-28T15:43:00Z,ARR,goo,1.0
61,True,True,MONTRÉAL,TORONTO,2025-10-28,7,Toronto,TRTO,2025-10-28T16:04:00Z,2025-10-28T16:03:00Z,ARR,goo,1.0
64,True,True,TORONTO,MONTRÉAL,2025-10-28,0,Toronto,TRTO,2025-10-28T15:38:34Z,2025-10-28T15:38:00Z,ARR,goo,0.0
64,True,True,TORONTO,MONTRÉAL,2025-10-28,1,Guildwood,GUIL,2025-10-28T15:55:42Z,2025-10-28T15:55:00Z,ARR,goo,0.0
64,True,True,TORONTO,MONTRÉAL,2025-10-28,2,Oshawa,OSHA,2025-10-28T16:16:57Z,2025-10-28T16:09:00Z,ARR,med,7.0
64,True,True,TORONTO,MONTRÉAL,2025-10-28,3,Cobourg,CBRG,2025-10-28T16:53:20Z,2025-10-28T16:46:00Z,ARR,med,7.0
64,True,True,TORONTO,MONTRÉAL,2025-10-28,4,Belleville,BLVL,2025-10-28T17:33:57Z,2025-10-28T17:22:00Z,ARR,med,11.0
64,True,True,TORONTO,MONTRÉAL,2025-10-28,5,Kingston,KGON,2025-10-28T18:11:04Z,2025-10-28T18:03:00Z,ARR,med,8.0
64,True,True,TORONTO,MONTRÉAL,2025-10-28,6,Brockville,BRKV,2025-10-28T18:57:05Z,2025-10-28T18:52:00Z,ARR,med,5.0
64,True,True,TORONTO,MONTRÉAL,2025-10-28,7,Cornwall,CWLL,2025-10-28T19:43:08Z,2025-10-28T19:42:00Z,ARR,goo,1.0
64,True,True,TORONTO,MONTRÉAL,2025-10-28,8,Dorval,DORV,2025-10-28T20:40:16Z,2025-10-28T20:37:00Z,ARR,goo,3.0
64,True,True,TORONTO,MONTRÉAL,2025-10-28,9,Montréal,MTRL,2025-10-28T21:08:14Z,2025-10-28T21:05:00Z,ARR,goo,3.0
65,True,True,MONTRÉAL,TORONTO,2025-10-28,0,Montréal,MTRL,2025-10-28T14:49:00Z,2025-10-28T14:49:00Z,ARR,goo,0.0
65,True,True,MONTRÉAL,TORONTO,2025-10-28,1,Dorval,DORV,2025-10-28T15:13:01Z,2025-10-28T15:12:00Z,ARR,goo,1.0
65,True,True,MONTRÉAL,TORONTO,2025-10-28,2,Cornwall,CWLL,2025-10-28T16:03:57Z,2025-10-28T16:06:00Z,ARR,goo,-2.0
65,True,True,MONTRÉAL,TORONTO,2025-10-28,3,Kingston,KGON,2025-10-28T17:27:52Z,2025-10-28T17:36:00Z,ARR,goo,-8.0
65,True,True,MONTRÉAL,TORONTO,2025-10-28,4,Belleville,BLVL,2025-10-28T18:14:26Z,2025-10-28T18:20:00Z,ARR,goo,-5.0
65,True,True,MONTRÉAL,TORONTO,2025-10-28,5,Cobourg,CBRG,2025-10-28T18:54:20Z,2025-10-28T18:58:00Z,ARR,goo,-3.0
65,True,True,MONTRÉAL,TORONTO,2025-10-28,6,Oshawa,OSHA,2025-10-28T19:30:21Z,2025-10-28T19:34:00Z,ARR,goo,-3.0
65,True,True,MONTRÉAL,TORONTO,2025-10-28,7,Toronto,TRTO,2025-10-28T20:12:48Z,2025-10-28T20:18:00Z,ARR,goo,-5.0
67,True,True,MONTRÉAL,TORONTO,2025-10-28,0,Montréal,MTRL,2025-10-28T17:22:00Z,2025-10-28T17:22:00Z,ARR,goo,0.0
67,True,True,MONTRÉAL,TORONTO,2025-10-28,1,Dorval,DORV,2025-10-28T17:50:25Z,2025-10-28T17:47:00Z,ARR,goo,3.0
67,True,True,MONTRÉAL,TORONTO,2025-10-28,2,Cornwall,CWLL,2025-10-28T18:43:42Z,2025-10-28T18:38:00Z,ARR,med,5.0
67,True,True,MONTRÉAL,TORONTO,2025-10-28,3,Kingston,KGON,2025-10-28T20:05:01Z,2025-10-28T20:03:00Z,ARR,goo,2.0
67,True,True,MONTRÉAL,TORONTO,2025-10-28,4,Belleville,BLVL,2025-10-28T20:43:02Z,2025-10-28T20:42:00Z,ARR,goo,1.0
67,True,True,MONTRÉAL,TORONTO,2025-10-28,5,Cobourg,CBRG,2025-10-28T21:15:43Z,2025-10-28T21:17:00Z,ARR,goo,-1.0
67,True,True,MONTRÉAL,TORONTO,2025-10-28,6,Oshawa,OSHA,2025-10-28T21:48:48Z,2025-10-28T21:50:00Z,ARR,goo,-1.0
67,True,True,MONTRÉAL,TORONTO,2025-10-28,7,Toronto,TRTO,2025-10-28T22:32:59Z,2025-10-28T22:45:00Z,ARR,goo,-12.0
70,True,True,WINDSOR,TORONTO,2025-10-28,0,Windsor,WDON,2025-10-28T09:35:00Z,2025-10-28T09:35:00Z,ARR,goo,0.0
70,True,True,WINDSOR,TORONTO,2025-10-28,1,Chatham,CHAT,2025-10-28T10:18:49Z,2025-10-28T10:19:00Z,ARR,goo,0.0
70,True,True,WINDSOR,TORONTO,2025-10-28,2,London,LNDN,2025-10-28T11:55:09Z,2025-10-28T11:25:00Z,ARR,bad,30.0
70,True,True,WINDSOR,TORONTO,2025-10-28,3,Ingersoll,INGR,2025-10-28T12:22:03Z,2025-10-28T11:55:00Z,ARR,bad,27.0
70,True,True,WINDSOR,TORONTO,2025-10-28,4,Woodstock,WDST,2025-10-28T12:34:17Z,2025-10-28T12:08:00Z,ARR,bad,26.0
70,True,True,WINDSOR,TORONTO,2025-10-28,5,Brantford,BRTF,2025-10-28T13:10:02Z,2025-10-28T12:44:00Z,ARR,bad,26.0
70,True,True,WINDSOR,TORONTO,2025-10-28,6,Aldershot,ALDR,2025-10-28T13:41:20Z,2025-10-28T13:25:00Z,ARR,bad,16.0
70,True,True,WINDSOR,TORONTO,2025-10-28,7,Oakville,OAKV,2025-10-28T13:57:47Z,2025-10-28T13:43:00Z,ARR,med,14.0
70,True,True,WINDSOR,TORONTO,2025-10-28,8,Toronto,TRTO,2025-10-28T14:24:32Z,2025-10-28T14:10:00Z,ARR,med,14.0
71,True,True,TORONTO,WINDSOR,2025-10-28,0,Toronto,TRTO,2025-10-28T10:50:00Z,2025-10-28T10:50:00Z,ARR,goo,0.0
71,True,True,TORONTO,WINDSOR,2025-10-28,1,Oakville,OAKV,2025-10-28T11:13:28Z,2025-10-28T11:13:00Z,ARR,goo,0.0
71,True,True,TORONTO,WINDSOR,2025-10-28,2,Aldershot,ALDR,2025-10-28T11:32:07Z,2025-10-28T11:29:00Z,ARR,goo,3.0
71,True,True,TORONTO,WINDSOR,2025-10-28,3,Brantford,BRTF,2025-10-28T12:01:24Z,2025-10-28T11:55:00Z,ARR,med,6.0
71,True,True,TORONTO,WINDSOR,2025-10-28,4,Woodstock,WDST,2025-10-28T12:30:48Z,2025-10-28T12:30:00Z,ARR,goo,0.0
71,True,True,TORONTO,WINDSOR,2025-10-28,5,Ingersoll,INGR,2025-10-28T12:43:04Z,2025-10-28T12:43:00Z,ARR,goo,0.0
71,True,True,TORONTO,WINDSOR,2025-10-28,6,London,LNDN,2025-10-28T13:05:50Z,2025-10-28T13:06:00Z,ARR,goo,0.0
71,True,True,TORONTO,WINDSOR,2025-10-28,7,Glencoe,GLNC,2025-10-28T13:41:25Z,2025-10-28T13:39:00Z,ARR,goo,2.0
71,True,True,TORONTO,WINDSOR,2025-10-28,8,Chatham,CHAT,2025-10-28T14:50:50Z,2025-10-28T14:18:00Z,ARR,bad,32.0
71,True,True,TORONTO,WINDSOR,2025-10-28,9,Windsor,WDON,2025-10-28T15:37:24Z,2025-10-28T15:08:00Z,ARR,bad,29.0
72,True,True,WINDSOR,TORONTO,2025-10-28,0,Windsor,WDON,2025-10-28T12:43:29Z,2025-10-28T12:43:00Z,ARR,goo,0.0
72,True,True,WINDSOR,TORONTO,2025-10-28,1,Chatham,CHAT,2025-10-28T13:29:45Z,2025-10-28T13:25:00Z,ARR,goo,4.0
72,True,True,WINDSOR,TORONTO,2025-10-28,2,Glencoe,GLNC,2025-10-28T14:14:13Z,2025-10-28T14:05:00Z,ARR,med,9.0
72,True,True,WINDSOR,TORONTO,2025-10-28,3,London,LNDN,2025-10-28T14:46:05Z,2025-10-28T14:39:00Z,ARR,med,7.0
72,True,True,WINDSOR,TORONTO,2025-10-28,4,Ingersoll,INGR,2025-10-28T15:15:22Z,2025-10-28T15:07:00Z,ARR,med,8.0
72,True,True,WINDSOR,TORONTO,2025-10-28,5,Woodstock,WDST,2025-10-28T15:27:41Z,2025-10-28T15:23:00Z,ARR,goo,4.0
72,True,True,WINDSOR,TORONTO,2025-10-28,6,Brantford,BRTF,2025-10-28T15:58:44Z,2025-10-28T15:55:00Z,ARR,goo,3.0
72,True,True,WINDSOR,TORONTO,2025-10-28,7,Aldershot,ALDR,2025-10-28T16:31:09Z,2025-10-28T16:29:00Z,ARR,goo,2.0
72,True,True,WINDSOR,TORONTO,2025-10-28,8,Oakville,OAKV,2025-10-28T16:47:00Z,2025-10-28T16:45:00Z,ARR,goo,2.0
72,True,True,WINDSOR,TORONTO,2025-10-28,9,Toronto,TRTO,2025-10-28T17:15:16Z,2025-10-28T17:11:00Z,ARR,goo,4.0
73,True,True,TORONTO,WINDSOR,2025-10-28,0,Toronto,TRTO,2025-10-28T15:30:00Z,2025-10-28T15:30:00Z,ARR,goo,0.0
73,True,True,TORONTO,WINDSOR,2025-10-28,1,Oakville,OAKV,2025-10-28T15:57:31Z,2025-10-28T15:51:00Z,ARR,med,6.0
73,True,True,TORONTO,WINDSOR,2025-10-28,2,Aldershot,ALDR,2025-10-28T16:13:52Z,2025-10-28T16:09:00Z,ARR,goo,4.0
73,True,True,TORONTO,WINDSOR,2025-10-28,3,Brantford,BRTF,2025-10-28T16:46:52Z,2025-10-28T16:40:00Z,ARR,med,6.0
73,True,True,TORONTO,WINDSOR,2025-10-28,4,Woodstock,WDST,2025-10-28T17:18:08Z,2025-10-28T17:09:00Z,ARR,med,9.0
73,True,True,TORONTO,WINDSOR,2025-10-28,5,London,LNDN,2025-10-28T17:51:32Z,2025-10-28T17:38:00Z,ARR,med,13.0
73,True,True,TORONTO,WINDSOR,2025-10-28,6,Chatham,CHAT,2025-10-28T19:28:07Z,2025-10-28T18:50:00Z,ARR,bad,38.0
73,True,True,TORONTO,WINDSOR,2025-10-28,7,Windsor,WDON,2025-10-28T20:46:54Z,2025-10-28T19:45:00Z,ARR,bad,61.0
76,True,True,WINDSOR,TORONTO,2025-10-28,0,Windsor,WDON,2025-10-28T17:06:12Z,2025-10-28T17:06:00Z,ARR,goo,0.0
76,True,True,WINDSOR,TORONTO,2025-10-28,1,Chatham,CHAT,2025-10-28T18:08:31Z,2025-10-28T17:48:00Z,ARR,bad,20.0
76,True,True,WINDSOR,TORONTO,2025-10-28,2,Glencoe,GLNC,2025-10-28T18:53:30Z,2025-10-28T18:23:00Z,ARR,bad,30.0
76,True,True,WINDSOR,TORONTO,2025-10-28,3,London,LNDN,2025-10-28T19:22:34Z,2025-10-28T18:58:00Z,ARR,bad,24.0
76,True,True,WINDSOR,TORONTO,2025-10-28,4,Brantford,BRTF,2025-10-28T20:26:56Z,2025-10-28T19:59:00Z,ARR,bad,27.0
76,True,True,WINDSOR,TORONTO,2025-10-28,5,Aldershot,ALDR,2025-10-28T21:06:56Z,2025-10-28T20:30:00Z,ARR,bad,36.0
76,True,True,WINDSOR,TORONTO,2025-10-28,6,Oakville,OAKV,2025-10-28T21:25:08Z,2025-10-28T20:47:00Z,ARR,bad,38.0
76,True,True,WINDSOR,TORONTO,2025-10-28,7,Toronto,TRTO,2025-10-28T21:52:30Z,2025-10-28T21:13:00Z,ARR,bad,39.0
82,True,True,LONDON,TORONTO,2025-10-28,0,London,LNDN,2025-10-28T10:25:00Z,2025-10-28T10:25:00Z,ARR,goo,0.0
82,True,True,LONDON,TORONTO,2025-10-28,1,Woodstock,WDST,2025-10-28T10:58:51Z,2025-10-28T10:53:00Z,ARR,med,5.0
82,True,True,LONDON,TORONTO,2025-10-28,2,Brantford,BRTF,2025-10-28T11:32:25Z,2025-10-28T11:23:00Z,ARR,med,9.0
82,True,True,LONDON,TORONTO,2025-10-28,3,Toronto,TRTO,2025-10-28T12:46:20Z,2025-10-28T12:35:00Z,ARR,med,11.0
84,True,True,SARNIA,TORONTO,2025-10-28,0,Sarnia,SARN,2025-10-28T12:40:00Z,2025-10-28T12:40:00Z,ARR,goo,0.0
84,True,True,SARNIA,TORONTO,2025-10-28,1,Wyoming,WYOM,2025-10-28T12:57:51Z,2025-10-28T12:55:00Z,ARR,goo,2.0
84,True,True,SARNIA,TORONTO,2025-10-28,2,Strathroy,STRR,2025-10-28T13:25:40Z,2025-10-28T13:27:00Z,ARR,goo,-1.0
84,True,True,SARNIA,TORONTO,2025-10-28,3,London,LNDN,2025-10-28T13:45:35Z,2025-10-28T13:52:00Z,ARR,goo,-6.0
84,True,True,SARNIA,TORONTO,2025-10-28,4,St.Marys,SMYS,2025-10-28T14:55:22Z,2025-10-28T14:45:00Z,ARR,med,10.0
84,True,True,SARNIA,TORONTO,2025-10-28,5,Stratford,STRF,2025-10-28T15:23:30Z,2025-10-28T15:14:00Z,ARR,med,9.0
84,True,True,SARNIA,TORONTO,2025-10-28,6,Kitchener,KITC,2025-10-28T16:11:25Z,2025-10-28T16:02:00Z,ARR,med,9.0
84,True,True,SARNIA,TORONTO,2025-10-28,7,Guelph,GUEL,2025-10-28T16:32:14Z,2025-10-28T16:24:00Z,ARR,med,8.0
84,True,True,SARNIA,TORONTO,2025-10-28,8,Georgetown,GEOR,2025-10-28T16:56:08Z,2025-10-28T16:47:00Z,ARR,med,9.0
84,True,True,SARNIA,TORONTO,2025-10-28,9,Brampton,BRMP,2025-10-28T17:08:11Z,2025-10-28T16:59:00Z,ARR,med,9.0
84,True,True,SARNIA,TORONTO,2025-10-28,10,Malton,MALT,2025-10-28T17:20:42Z,2025-10-28T17:11:00Z,ARR,med,9.0
84,True,True,SARNIA,TORONTO,2025-10-28,11,Toronto,TRTO,2025-10-28T17:40:27Z,2025-10-28T17:38:00Z,ARR,goo,2.0
643,True,True,OTTAWA,TORONTO,2025-10-28,0,Ottawa,OTTW,2025-10-28T12:29:09Z,2025-10-28T12:29:00Z,ARR,goo,0.0
643,True,True,OTTAWA,TORONTO,2025-10-28,1,Fallowfield,FALL,2025-10-28T12:46:02Z,2025-10-28T12:45:00Z,ARR,goo,1.0
643,True,True,OTTAWA,TORONTO,2025-10-28,2,Smiths Falls,SMTF,2025-10-28T13:16:58Z,2025-10-28T13:17:00Z,ARR,goo,0.0
643,True,True,OTTAWA,TORONTO,2025-10-28,3,Brockville,BRKV,2025-10-28T13:50:33Z,2025-10-28T13:49:00Z,ARR,goo,1.0
643,True,True,OTTAWA,TORONTO,2025-10-28,4,Kingston,KGON,2025-10-28T14:36:19Z,2025-10-28T14:32:00Z,ARR,goo,4.0
643,True,True,OTTAWA,TORONTO,2025-10-28,5,Napanee,NAPN,2025-10-28T15:02:26Z,2025-10-28T14:57:00Z,ARR,med,5.0
643,True,True,OTTAWA,TORONTO,2025-10-28,6,Belleville,BLVL,2025-10-28T15:23:45Z,2025-10-28T15:17:00Z,ARR,med,6.0
643,True,True,OTTAWA,TORONTO,2025-10-28,7,Trenton Jct.,TRNJ,2025-10-28T15:37:07Z,2025-10-28T15:31:00Z,ARR,med,6.0
643,True,True,OTTAWA,TORONTO,2025-10-28,8,Cobourg,CBRG,2025-10-28T16:05:37Z,2025-10-28T15:57:00Z,ARR,med,8.0
643,True,True,OTTAWA,TORONTO,2025-10-28,9,Port Hope,PHOP,2025-10-28T16:16:23Z,2025-10-28T16:07:00Z,ARR,med,9.0
643,True,True,OTTAWA,TORONTO,2025-10-28,10,Oshawa,OSHA,2025-10-28T16:46:29Z,2025-10-28T16:35:00Z,ARR,med,11.0
643,True,True,OTTAWA,TORONTO,2025-10-28,11,Guildwood,GUIL,2025-10-28T17:11:39Z,2025-10-28T16:58:00Z,ARR,med,13.0
643,True,True,OTTAWA,TORONTO,2025-10-28,12,Toronto,TRTO,2025-10-28T17:31:17Z,2025-10-28T17:18:00Z,ARR,med,13.0
62,True,True,TORONTO,MONTRÉAL,2025-10-28,0,Toronto,TRTO,2025-10-28T12:33:11Z,2025-10-28T12:32:00Z,ARR,goo,1.0
62,True,True,TORONTO,MONTRÉAL,2025-10-28,1,Guildwood,GUIL,2025-10-28T12:51:42Z,2025-10-28T12:50:00Z,ARR,goo,1.0
62,True,True,TORONTO,MONTRÉAL,2025-10-28,2,Oshawa,OSHA,2025-10-28T13:11:07Z,2025-10-28T13:09:00Z,ARR,goo,2.0
62,True,True,TORONTO,MONTRÉAL,2025-10-28,3,Cobourg,CBRG,2025-10-28T13:45:36Z,2025-10-28T13:44:00Z,ARR,goo,1.0
62,True,True,TORONTO,MONTRÉAL,2025-10-28,4,Belleville,BLVL,2025-10-28T14:22:59Z,2025-10-28T14:20:00Z,ARR,goo,2.0
62,True,True,TORONTO,MONTRÉAL,2025-10-28,5,Kingston,KGON,2025-10-28T15:00:39Z,2025-10-28T15:00:00Z,ARR,goo,0.0
62,True,True,TORONTO,MONTRÉAL,2025-10-28,6,Cornwall,CWLL,2025-10-28T16:35:49Z,2025-10-28T16:43:00Z,ARR,goo,-7.0
62,True,True,TORONTO,MONTRÉAL,2025-10-28,7,Dorval,DORV,2025-10-28T17:36:43Z,2025-10-28T17:34:00Z,ARR,goo,2.0
62,True,True,TORONTO,MONTRÉAL,2025-10-28,8,Montréal,MTRL,2025-10-28T18:03:54Z,2025-10-28T18:00:00Z,ARR,goo,3.0
33,True,True,QUÉBEC,OTTAWA,2025-10-28,0,Québec,QBEC,2025-10-28T09:29:00Z,2025-10-28T09:29:00Z,ARR,goo,0.0
33,True,True,QUÉBEC,OTTAWA,2025-10-28,1,Ste-Foy,SFOY,2025-10-28T09:55:12Z,2025-10-28T09:54:00Z,ARR,goo,1.0
33,True,True,QUÉBEC,OTTAWA,2025-10-28,2,Charny,CHNY,2025-10-28T10:05:40Z,2025-10-28T10:03:00Z,ARR,goo,2.0
33,True,True,QUÉBEC,OTTAWA,2025-10-28,3,Drummondville,DRMV,2025-10-28T11:24:43Z,2025-10-28T11:26:00Z,ARR,goo,-1.0
33,True,True,QUÉBEC,OTTAWA,2025-10-28,4,St. Hyacinthe,SHYA,2025-10-28T12:01:50Z,2025-10-28T11:57:00Z,ARR,goo,4.0
33,True,True,QUÉBEC,OTTAWA,2025-10-28,5,St. Lambert,SLAM,2025-10-28T12:31:09Z,2025-10-28T12:23:00Z,ARR,med,8.0
33,True,True,QUÉBEC,OTTAWA,2025-10-28,6,Montréal,MTRL,2025-10-28T12:49:04Z,2025-10-28T12:37:00Z,ARR,med,12.0
33,True,True,QUÉBEC,OTTAWA,2025-10-28,7,Dorval,DORV,2025-10-28T13:37:07Z,2025-10-28T13:24:00Z,ARR,med,13.0
33,True,True,QUÉBEC,OTTAWA,2025-10-28,8,Alexandria,ALEX,2025-10-28T14:24:20Z,2025-10-28T14:10:00Z,ARR,med,14.0
33,True,True,QUÉBEC,OTTAWA,2025-10-28,9,Casselman,CSLM,2025-10-28T14:46:05Z,2025-10-28T14:33:00Z,ARR,med,13.0
33,True,True,QUÉBEC,OTTAWA,2025-10-28,10,Ottawa,OTTW,2025-10-28T15:08:26Z,2025-10-28T15:04:00Z,ARR,goo,4.0
641,True,True,OTTAWA,TORONTO,2025-10-28,0,Ottawa,OTTW,2025-10-28T08:13:00Z,2025-10-28T08:13:00Z,ARR,goo,0.0
641,True,True,OTTAWA,TORONTO,2025-10-28,1,Fallowfield,FALL,2025-10-28T08:28:47Z,2025-10-28T08:30:00Z,ARR,goo,-1.0
641,True,True,OTTAWA,TORONTO,2025-10-28,2,Smiths Falls,SMTF,2025-10-28T08:58:49Z,2025-10-28T09:00:00Z,ARR,goo,-1.0
641,True,True,OTTAWA,TORONTO,2025-10-28,3,Brockville,BRKV,2025-10-28T09:30:16Z,2025-10-28T09:32:00Z,ARR,goo,-1.0
641,True,True,OTTAWA,TORONTO,2025-10-28,4,Kingston,KGON,2025-10-28T10:16:27Z,2025-10-28T10:16:00Z,ARR,goo,0.0
641,True,True,OTTAWA,TORONTO,2025-10-28,5,Belleville,BLVL,2025-10-28T10:55:01Z,2025-10-28T10:56:00Z,ARR,goo,0.0
641,True,True,OTTAWA,TORONTO,2025-10-28,6,Cobourg,CBRG,2025-10-28T11:30:14Z,2025-10-28T11:31:00Z,ARR,goo,0.0
641,True,True,OTTAWA,TORONTO,2025-10-28,7,Port Hope,PHOP,2025-10-28T11:41:06Z,2025-10-28T11:41:00Z,ARR,goo,0.0
641,True,True,OTTAWA,TORONTO,2025-10-28,8,Toronto,TRTO,2025-10-28T12:51:39Z,2025-10-28T12:48:00Z,ARR,goo,3.0
45,True,True,OTTAWA,TORONTO,2025-10-28,0,Ottawa,OTTW,2025-10-28T14:24:12Z,2025-10-28T14:24:00Z,ARR,goo,0.0
45,True,True,OTTAWA,TORONTO,2025-10-28,1,Fallowfield,FALL,2025-10-28T14:40:14Z,2025-10-28T14:40:00Z,ARR,goo,0.0
45,True,True,OTTAWA,TORONTO,2025-10-28,2,Kingston,KGON,2025-10-28T16:26:33Z,2025-10-28T16:26:00Z,ARR,goo,0.0
45,True,True,OTTAWA,TORONTO,2025-10-28,3,Toronto,TRTO,2025-10-28T19:15:28Z,2025-10-28T18:48:00Z,ARR,bad,27.0
600,True,True,JONQUIÈRE,MONTRÉAL,2025-10-28,0,Jonquière,JONQ,2025-10-28T12:58:03Z,2025-10-28T12:58:00Z,ARR,goo,0.0
600,True,True,JONQUIÈRE,MONTRÉAL,2025-10-28,1,Hébertville,HEBV,2025-10-28T13:37:08Z,2025-10-28T13:32:00Z,ARR,med,5.0
600,True,True,JONQUIÈRE,MONTRÉAL,2025-10-28,2,Chambord,CHBD,2025-10-28T14:17:31Z,2025-10-28T14:09:00Z,ARR,med,8.0
600,True,True,JONQUIÈRE,MONTRÉAL,2025-10-28,3,Lac-Bouchette,LBOU,2025-10-28T14:54:42Z,2025-10-28T14:47:00Z,ARR,med,7.0
600,True,True,JONQUIÈRE,MONTRÉAL,2025-10-28,4,Club Lizotte,LIZO,2025-10-28T15:16:31Z,2025-10-28T15:12:00Z,ARR,goo,4.0
600,True,True,JONQUIÈRE,MONTRÉAL,2025-10-28,5,Kondiaronk,KOND,2025-10-28T15:29:13Z,2025-10-28T15:25:00Z,ARR,goo,4.0
600,True,True,JONQUIÈRE,MONTRÉAL,2025-10-28,6,Lac Des Roches,LDES,2025-10-28T15:31:10Z,2025-10-28T15:28:00Z,ARR,goo,3.0
600,True,True,JONQUIÈRE,MONTRÉAL,2025-10-28,7,Van Bruyssel,VBRU,2025-10-28T15:40:20Z,2025-10-28T15:38:00Z,ARR,goo,2.0
600,True,True,JONQUIÈRE,MONTRÉAL,2025-10-28,8,Kiskissink,KISK,2025-10-28T15:41:21Z,2025-10-28T15:39:01Z,ARR,goo,2.0
600,True,True,JONQUIÈRE,MONTRÉAL,2025-10-28,9,Brooks,BRQU,2025-10-28T15:53:20Z,2025-10-28T15:51:00Z,ARR,goo,2.0
600,True,True,JONQUIÈRE,MONTRÉAL,2025-10-28,10,Summit,SMQU,2025-10-28T16:04:20Z,2025-10-28T16:02:00Z,ARR,goo,2.0
600,True,True,JONQUIÈRE,MONTRÉAL,2025-10-28,11,Club Sommet,SMMC,2025-10-28T16:05:21Z,2025-10-28T16:03:01Z,ARR,goo,2.0
600,True,True,JONQUIÈRE,MONTRÉAL,2025-10-28,12,Club Grégoire,GRGC,2025-10-28T16:09:20Z,2025-10-28T16:07:00Z,ARR,goo,2.0
600,True,True,JONQUIÈRE,MONTRÉAL,2025-10-28,13,Caribou,CARI,2025-10-28T16:16:20Z,2025-10-28T16:14:00Z,ARR,goo,2.0
600,True,True,JONQUIÈRE,MONTRÉAL,2025-10-28,14,Cherokee,CHER,2025-10-28T16:18:20Z,2025-10-28T16:16:00Z,ARR,goo,2.0
600,True,True,JONQUIÈRE,MONTRÉAL,2025-10-28,15,Lac-Édouard,LEDW,2025-10-28T16:31:38Z,2025-10-28T16:29:00Z,ARR,goo,2.0
600,True,True,JONQUIÈRE,MONTRÉAL,2025-10-28,16,Club Triton,TRTC,2025-10-28T16:43:23Z,2025-10-28T16:42:00Z,ARR,goo,1.0
600,True,True,JONQUIÈRE,MONTRÉAL,2025-10-28,17,Club Nicole,NCLC,2025-10-28T16:48:08Z,2025-10-28T16:50:00Z,ARR,goo,-1.0
600,True,True,JONQUIÈRE,MONTRÉAL,2025-10-28,18,Hirondelle,HRDL,2025-10-28T16:56:00Z,2025-10-28T16:56:00Z,ARR,goo,0.0
600,True,True,JONQUIÈRE,MONTRÉAL,2025-10-28,19,Pearl Lake,PRLL,2025-10-28T16:59:01Z,2025-10-28T16:59:01Z,ARR,goo,0.0
600,True,True,JONQUIÈRE,MONTRÉAL,2025-10-28,20,Sanford,SANF,2025-10-28T17:10:00Z,2025-10-28T17:10:00Z,ARR,goo,0.0
600,True,True,JONQUIÈRE,MONTRÉAL,2025-10-28,21,Stadacona,STAD,2025-10-28T17:18:00Z,2025-10-28T17:18:00Z,ARR,goo,0.0
600,True,True,JONQUIÈRE,MONTRÉAL,2025-10-28,22,Club Iroquois,IRQC,2025-10-28T17:22:00Z,2025-10-28T17:22:00Z,ARR,goo,0.0
600,True,True,JONQUIÈRE,MONTRÉAL,2025-10-28,23,Lac Malouin,LMAL,2025-10-28T17:26:00Z,2025-10-28T17:26:00Z,ARR,goo,0.0
600,True,True,JONQUIÈRE,MONTRÉAL,2025-10-28,24,Bima,BIMA,2025-10-28T17:28:00Z,2025-10-28T17:28:00Z,ARR,goo,0.0
600,True,True,JONQUIÈRE,MONTRÉAL,2025-10-28,25,Saint-Hilaire,SHPN,2025-10-28T17:31:00Z,2025-10-28T17:31:00Z,ARR,goo,0.0
600,True,True,JONQUIÈRE,MONTRÉAL,2025-10-28,26,Pont Beaudet,PBDT,2025-10-28T17:33:00Z,2025-10-28T17:33:00Z,ARR,goo,0.0
600,True,True,JONQUIÈRE,MONTRÉAL,2025-10-28,27,Falrie,FALR,2025-10-28T17:36:00Z,2025-10-28T17:36:00Z,ARR,goo,0.0
600,True,True,JONQUIÈRE,MONTRÉAL,2025-10-28,28,Club Jacques-Cartier,JACC,2025-10-28T17:39:00Z,2025-10-28T17:39:00Z,ARR,goo,0.0
600,True,True,JONQUIÈRE,MONTRÉAL,2025-10-28,29,Miquick,MIQK,2025-10-28T17:53:00Z,2025-10-28T17:53:00Z,ARR,goo,0.0
600,True,True,JONQUIÈRE,MONTRÉAL,2025-10-28,30,Rivière-À-Pierre,RAPX,2025-10-28T18:28:00Z,2025-10-28T18:28:00Z,ARR,goo,0.0
600,True,True,JONQUIÈRE,MONTRÉAL,2025-10-28,31,Rousseau,ROUS,2025-10-28T18:49:00Z,2025-10-28T18:49:00Z,ARR,goo,0.0
600,True,True,JONQUIÈRE,MONTRÉAL,2025-10-28,32,Hervey,HERV,2025-10-28T18:53:43Z,2025-10-28T19:20:00Z,ARR,goo,-26.0
600,True,True,JONQUIÈRE,MONTRÉAL,2025-10-28,33,Saint-Tite,STIT,2025-10-28T19:52:22Z,2025-10-28T19:48:00Z,ARR,goo,4.0
600,True,True,JONQUIÈRE,MONTRÉAL,2025-10-28,34,Garneau,GARN,2025-10-28T20:08:03Z,2025-10-28T20:02:00Z,ARR,med,6.0
600,True,True,JONQUIÈRE,MONTRÉAL,2025-10-28,35,Grand-Mère,GMRE,2025-10-28T20:19:39Z,2025-10-28T20:15:00Z,ARR,goo,4.0
600,True,True,JONQUIÈRE,MONTRÉAL,2025-10-28,36,Shawinigan,SHWN,2025-10-28T20:27:12Z,2025-10-28T20:23:00Z,ARR,goo,4.0
600,True,True,JONQUIÈRE,MONTRÉAL,2025-10-28,37,Charette,CHRT,2025-10-28T20:47:47Z,2025-10-28T20:46:00Z,ARR,goo,1.0
600,True,True,JONQUIÈRE,MONTRÉAL,2025-10-28,38,St-Paulin,SPAU,2025-10-28T21:00:16Z,2025-10-28T20:55:00Z,ARR,med,5.0
600,True,True,JONQUIÈRE,MONTRÉAL,2025-10-28,39,St-Justin,SJUS,2025-10-28T21:13:44Z,2025-10-28T21:09:00Z,ARR,goo,4.0
600,True,True,JONQUIÈRE,MONTRÉAL,2025-10-28,40,Joliette,JOLI,2025-10-28T21:58:13Z,2025-10-28T21:38:00Z,ARR,bad,20.0
600,True,True,JONQUIÈRE,MONTRÉAL,2025-10-28,41,Anjou,ANJO,2025-10-28T22:36:16Z,2025-10-28T22:21:01Z,ARR,bad,15.0
600,True,True,JONQUIÈRE,MONTRÉAL,2025-10-28,42,Sauvé,SAUV,2025-10-28T22:46:00Z,2025-10-28T22:35:00Z,ARR,med,11.0
600,True,True,JONQUIÈRE,MONTRÉAL,2025-10-28,43,Montréal,MTRL,2025-10-28T23:39:39Z,2025-10-28T23:46:00Z,ARR,goo,-6.0
185,True,True,SUDBURY,WHITE RIVER,2025-10-28,0,Sudbury,SUDB,2025-10-28T14:00:00Z,2025-10-28T13:00:00Z,ARR,bad,60.0
185,True,True,SUDBURY,WHITE RIVER,2025-10-28,1,Azilda,AZIL,2025-10-28T14:15:28Z,2025-10-28T13:10:00Z,ARR,bad,65.0
185,True,True,SUDBURY,WHITE RIVER,2025-10-28,2,Chelmsford,CHEL,2025-10-28T14:18:25Z,2025-10-28T13:15:00Z,ARR,bad,63.0
185,True,True,SUDBURY,WHITE RIVER,2025-10-28,3,Larchwood,LARC,2025-10-28T14:22:18Z,2025-10-28T13:19:00Z,ARR,bad,63.0
185,True,True,SUDBURY,WHITE RIVER,2025-10-28,4,Levack,LEVA,2025-10-28T14:32:47Z,2025-10-28T13:30:00Z,ARR,bad,62.0
185,True,True,SUDBURY,WHITE RIVER,2025-10-28,5,Cartier,CART,2025-10-28T14:45:12Z,2025-10-28T13:45:00Z,ARR,bad,60.0
185,True,True,SUDBURY,WHITE RIVER,2025-10-28,6,Benny,BENN,2025-10-28T14:57:16Z,2025-10-28T14:05:00Z,ARR,bad,52.0
185,True,True,SUDBURY,WHITE RIVER,2025-10-28,7,Stralak,STRL,2025-10-28T15:02:01Z,2025-10-28T14:12:00Z,ARR,bad,50.0
185,True,True,SUDBURY,WHITE RIVER,2025-10-28,8,Pogamasing,POGA,2025-10-28T15:13:21Z,2025-10-28T14:25:00Z,ARR,bad,48.0
185,True,True,SUDBURY,WHITE RIVER,2025-10-28,9,Sheahan,SHEA,2025-10-28T15:18:48Z,2025-10-28T14:30:00Z,ARR,bad,48.0
185,True,True,SUDBURY,WHITE RIVER,2025-10-28,10,Forks,FRKS,2025-10-28T15:28:05Z,2025-10-28T14:40:00Z,ARR,bad,48.0
185,True,True,SUDBURY,WHITE RIVER,2025-10-28,11,Metagama,MTGM,2025-10-28T15:38:05Z,2025-10-28T14:50:00Z,ARR,bad,48.0
185,True,True,SUDBURY,WHITE RIVER,2025-10-28,12,Sinker,SNKR,2025-10-28T15:43:05Z,2025-10-28T14:55:00Z,ARR,bad,48.0
185,True,True,SUDBURY,WHITE RIVER,2025-10-28,13,Biscotasing,BISC,2025-10-28T16:08:05Z,2025-10-28T15:20:00Z,ARR,bad,48.0
185,True,True,SUDBURY,WHITE RIVER,2025-10-28,14,Roberts,RBRT,2025-10-28T16:18:05Z,2025-10-28T15:30:00Z,ARR,bad,48.0
185,True,True,SUDBURY,WHITE RIVER,2025-10-28,15,Ramsey,RAMS,2025-10-28T16:33:05Z,2025-10-28T15:45:00Z,ARR,bad,48.0
185,True,True,SUDBURY,WHITE RIVER,2025-10-28,16,Woman River,WOMR,2025-10-28T16:53:05Z,2025-10-28T16:05:00Z,ARR,bad,48.0
185,True,True,SUDBURY,WHITE RIVER,2025-10-28,17,Sultan,SULT,2025-10-28T17:08:05Z,2025-10-28T16:20:00Z,ARR,bad,48.0
185,True,True,SUDBURY,WHITE RIVER,2025-10-28,18,Kormak,KORM,2025-10-28T17:23:05Z,2025-10-28T16:35:00Z,ARR,bad,48.0
185,True,True,SUDBURY,WHITE RIVER,2025-10-28,19,Kinogama,KINO,2025-10-28T17:28:05Z,2025-10-28T16:40:00Z,ARR,bad,48.0
185,True,True,SUDBURY,WHITE RIVER,2025-10-28,20,Nemegos,NEME,2025-10-28T18:43:37Z,2025-10-28T16:55:00Z,ARR,bad,108.0
185,True,True,SUDBURY,WHITE RIVER,2025-10-28,21,Devon,DEVN,2025-10-28T18:52:56Z,2025-10-28T17:05:00Z,ARR,bad,107.0
185,True,True,SUDBURY,WHITE RIVER,2025-10-28,22,Chapleau,CHAP,2025-10-28T19:11:02Z,2025-10-28T17:20:00Z,ARR,bad,111.0
185,True,True,SUDBURY,WHITE RIVER,2025-10-28,23,Esher,ESHR,2025-10-28T19:26:35Z,2025-10-28T17:50:00Z,ARR,bad,96.0
185,True,True,SUDBURY,WHITE RIVER,2025-10-28,24,Musk,MUSK,2025-10-28T19:42:51Z,2025-10-28T18:00:00Z,ARR,bad,102.0
185,True,True,SUDBURY,WHITE RIVER,2025-10-28,25,Nicholson,NICH,2025-10-28T19:55:27Z,2025-10-28T18:10:00Z,ARR,bad,105.0
185,True,True,SUDBURY,WHITE RIVER,2025-10-28,26,Bolkow,BOLK,2025-10-28T20:13:54Z,2025-10-28T18:30:00Z,ARR,bad,103.0
185,True,True,SUDBURY,WHITE RIVER,2025-10-28,27,Dalton,DALT,2025-10-28T20:28:54Z,2025-10-28T18:45:00Z,ARR,bad,103.0
185,True,True,SUDBURY,WHITE RIVER,2025-10-28,28,Missanabie,MSBI,2025-10-28T20:53:54Z,2025-10-28T19:10:00Z,ARR,bad,103.0
185,True,True,SUDBURY,WHITE RIVER,2025-10-28,29,Lochalsh,LOCH,2025-10-28T21:13:54Z,2025-10-28T19:30:00Z,ARR,bad,103.0
185,True,True,SUDBURY,WHITE RIVER,2025-10-28,30,Franz,FRNZ,2025-10-28T21:24:34Z,2025-10-28T19:50:00Z,ARR,bad,94.0
185,True,True,SUDBURY,WHITE RIVER,2025-10-28,31,Swanson,SWAN,2025-10-28T21:45:53Z,2025-10-28T20:00:00Z,ARR,bad,105.0
185,True,True,SUDBURY,WHITE RIVER,2025-10-28,32,Girdwood,GIRD,2025-10-28T22:03:51Z,2025-10-28T20:25:00Z,ARR,bad,98.0
185,True,True,SUDBURY,WHITE RIVER,2025-10-28,33,Amyot,AMYO,2025-10-28T22:15:21Z,2025-10-28T20:35:00Z,ARR,bad,100.0
185,True,True,SUDBURY,WHITE RIVER,2025-10-28,34,O'Brien,OBRI,2025-10-28T22:29:44Z,2025-10-28T20:50:00Z,ARR,bad,99.0
185,True,True,SUDBURY,WHITE RIVER,2025-10-28,35,White River,WHTR,2025-10-28T22:54:13Z,2025-10-28T21:05:00Z,ARR,bad,109.0
97,True,False,TORONTO,NIAGARA FALLS,2025-10-28,0,Toronto,TRTO,2025-10-28T12:20:00Z,2025-10-28T12:20:00Z,ARR,goo,0.0
97,True,False,TORONTO,NIAGARA FALLS,2025-10-28,1,Oakville,OAKV,&mdash;,2025-10-28T12:43:00Z,&mdash;,,
97,True,False,TORONTO,NIAGARA FALLS,2025-10-28,2,Grimsby,GRIM,&mdash;,2025-10-28T13:37:00Z,&mdash;,,
97,True,False,TORONTO,NIAGARA FALLS,2025-10-28,3,Niagara Falls,NIAG,&mdash;,2025-10-28T14:20:00Z,&mdash;,,
644,True,True,TORONTO,OTTAWA,2025-10-28,0,Toronto,TRTO,2025-10-28T17:23:00Z,2025-10-28T17:23:00Z,ARR,goo,0.0
644,True,True,TORONTO,OTTAWA,2025-10-28,1,Oshawa,OSHA,2025-10-28T17:55:19Z,2025-10-28T17:53:00Z,ARR,goo,2.0
644,True,True,TORONTO,OTTAWA,2025-10-28,2,Cobourg,CBRG,2025-10-28T18:27:37Z,2025-10-28T18:28:00Z,ARR,goo,0.0
644,True,True,TORONTO,OTTAWA,2025-10-28,3,Belleville,BLVL,2025-10-28T19:08:00Z,2025-10-28T19:03:00Z,ARR,med,5.0
644,True,True,TORONTO,OTTAWA,2025-10-28,4,Kingston,KGON,2025-10-28T19:46:40Z,2025-10-28T19:43:00Z,ARR,goo,3.0
644,True,True,TORONTO,OTTAWA,2025-10-28,5,Fallowfield,FALL,2025-10-28T21:21:48Z,2025-10-28T21:30:00Z,ARR,goo,-8.0
644,True,True,TORONTO,OTTAWA,2025-10-28,6,Ottawa,OTTW,2025-10-28T21:42:06Z,2025-10-28T21:53:00Z,ARR,goo,-10.0
604,True,True,SENNETERRE,MONTRÉAL,2025-10-28,0,Senneterre,SENN,2025-10-28T10:28:00Z,2025-10-28T10:28:00Z,ARR,goo,0.0
604,True,True,SENNETERRE,MONTRÉAL,2025-10-28,1,Mégiscane,MEGI,2025-10-28T10:43:10Z,2025-10-28T10:42:00Z,ARR,goo,1.0
604,True,True,SENNETERRE,MONTRÉAL,2025-10-28,2,Signai,SIGN,2025-10-28T10:59:10Z,2025-10-28T10:58:00Z,ARR,goo,1.0
604,True,True,SENNETERRE,MONTRÉAL,2025-10-28,3,Press,PRSS,2025-10-28T11:07:10Z,2025-10-28T11:06:00Z,ARR,goo,1.0
604,True,True,SENNETERRE,MONTRÉAL,2025-10-28,4,Forsythe,FORS,2025-10-28T11:26:10Z,2025-10-28T11:25:00Z,ARR,goo,1.0
604,True,True,SENNETERRE,MONTRÉAL,2025-10-28,5,Bolger,BGQU,2025-10-28T11:33:10Z,2025-10-28T11:32:00Z,ARR,goo,1.0
604,True,True,SENNETERRE,MONTRÉAL,2025-10-28,6,Dix,DIXX,2025-10-28T11:44:10Z,2025-10-28T11:43:00Z,ARR,goo,1.0
604,True,True,SENNETERRE,MONTRÉAL,2025-10-28,7,Gagnon,GAGN,2025-10-28T11:48:10Z,2025-10-28T11:47:00Z,ARR,goo,1.0
604,True,True,SENNETERRE,MONTRÉAL,2025-10-28,8,Da-Rou-Lac Lodge,DRLL,2025-10-28T11:57:10Z,2025-10-28T11:56:00Z,ARR,goo,1.0
604,True,True,SENNETERRE,MONTRÉAL,2025-10-28,9,Langlade,LNGL,2025-10-28T11:58:11Z,2025-10-28T11:57:01Z,ARR,goo,1.0
604,True,True,SENNETERRE,MONTRÉAL,2025-10-28,10,Club Beaudin Inc.,BDNC,2025-10-28T12:05:10Z,2025-10-28T12:04:00Z,ARR,goo,1.0
604,True,True,SENNETERRE,MONTRÉAL,2025-10-28,11,Bourmont,BRMT,2025-10-28T12:10:10Z,2025-10-28T12:09:00Z,ARR,goo,1.0
604,True,True,SENNETERRE,MONTRÉAL,2025-10-28,12,Club Kapitachuan,KPTC,2025-10-28T12:12:10Z,2025-10-28T12:11:00Z,ARR,goo,1.0
604,True,True,SENNETERRE,MONTRÉAL,2025-10-28,13,Consolidated Bathurst,CBAT,2025-10-28T12:16:10Z,2025-10-28T12:15:00Z,ARR,goo,1.0
604,True,True,SENNETERRE,MONTRÉAL,2025-10-28,14,Monet,MNET,2025-10-28T12:23:10Z,2025-10-28T12:22:00Z,ARR,goo,1.0
604,True,True,SENNETERRE,MONTRÉAL,2025-10-28,15,Coquar,COQU,2025-10-28T12:34:10Z,2025-10-28T12:33:00Z,ARR,goo,1.0
604,True,True,SENNETERRE,MONTRÉAL,2025-10-28,16,Clova,CLOV,2025-10-28T12:43:10Z,2025-10-28T12:42:00Z,ARR,goo,1.0
604,True,True,SENNETERRE,MONTRÉAL,2025-10-28,17,Rivière Oskélanéo,OSKR,2025-10-28T12:56:10Z,2025-10-28T12:55:00Z,ARR,goo,1.0
604,True,True,SENNETERRE,MONTRÉAL,2025-10-28,18,Oskelaneo Lodge,OSKL,2025-10-28T13:08:10Z,2025-10-28T13:07:00Z,ARR,goo,1.0
604,True,True,SENNETERRE,MONTRÉAL,2025-10-28,19,Greening,GRNG,2025-10-28T13:16:10Z,2025-10-28T13:15:00Z,ARR,goo,1.0
604,True,True,SENNETERRE,MONTRÉAL,2025-10-28,20,Club Maniwawa,MWWC,2025-10-28T13:27:10Z,2025-10-28T13:26:00Z,ARR,goo,1.0
604,True,True,SENNETERRE,MONTRÉAL,2025-10-28,21,Strachan,STRN,2025-10-28T13:34:10Z,2025-10-28T13:33:00Z,ARR,goo,1.0
604,True,True,SENNETERRE,MONTRÉAL,2025-10-28,22,Club Rita Inc.,RTAC,2025-10-28T13:38:10Z,2025-10-28T13:37:00Z,ARR,goo,1.0
604,True,True,SENNETERRE,MONTRÉAL,2025-10-28,23,Timbrell,TIMB,2025-10-28T13:48:10Z,2025-10-28T13:47:00Z,ARR,goo,1.0
604,True,True,SENNETERRE,MONTRÉAL,2025-10-28,24,Parent,PARE,2025-10-28T14:20:47Z,2025-10-28T14:07:00Z,ARR,med,13.0
604,True,True,SENNETERRE,MONTRÉAL,2025-10-28,25,Manjobagues,MJBG,2025-10-28T14:38:49Z,2025-10-28T14:25:00Z,ARR,med,13.0
604,True,True,SENNETERRE,MONTRÉAL,2025-10-28,26,Club Sisco,SSCC,2025-10-28T14:46:49Z,2025-10-28T14:33:00Z,ARR,med,13.0
604,True,True,SENNETERRE,MONTRÉAL,2025-10-28,27,Mccarthy,MCCA,2025-10-28T14:49:49Z,2025-10-28T14:36:00Z,ARR,med,13.0
604,True,True,SENNETERRE,MONTRÉAL,2025-10-28,28,Casey,CASY,2025-10-28T15:04:49Z,2025-10-28T14:51:00Z,ARR,med,13.0
604,True,True,SENNETERRE,MONTRÉAL,2025-10-28,29,Hibbard,HIBB,2025-10-28T15:17:49Z,2025-10-28T15:04:00Z,ARR,med,13.0
604,True,True,SENNETERRE,MONTRÉAL,2025-10-28,30,Club Belanger,BLGC,2025-10-28T15:28:49Z,2025-10-28T15:15:00Z,ARR,med,13.0
604,True,True,SENNETERRE,MONTRÉAL,2025-10-28,31,Cann,CANN,2025-10-28T15:34:49Z,2025-10-28T15:21:00Z,ARR,med,13.0
604,True,True,SENNETERRE,MONTRÉAL,2025-10-28,32,Sanmaur,SANM,2025-10-28T15:41:49Z,2025-10-28T15:28:00Z,ARR,med,13.0
604,True,True,SENNETERRE,MONTRÉAL,2025-10-28,33,Weymont,WYMT,2025-10-28T15:43:49Z,2025-10-28T15:30:00Z,ARR,med,13.0
604,True,True,SENNETERRE,MONTRÉAL,2025-10-28,34,Saint-Maurice Rivière-Boom,SMRB,2025-10-28T15:46:11Z,2025-10-28T15:33:00Z,ARR,med,13.0
604,True,True,SENNETERRE,MONTRÉAL,2025-10-28,35,Dessane,DESS,2025-10-28T15:55:11Z,2025-10-28T15:42:00Z,ARR,med,13.0
604,True,True,SENNETERRE,MONTRÉAL,2025-10-28,36,Vandry,VDRY,2025-10-28T16:01:11Z,2025-10-28T15:48:00Z,ARR,med,13.0
604,True,True,SENNETERRE,MONTRÉAL,2025-10-28,37,Club Wigwam,WGWC,2025-10-28T16:09:11Z,2025-10-28T15:56:00Z,ARR,med,13.0
604,True,True,SENNETERRE,MONTRÉAL,2025-10-28,38,Ferguson,FERG,2025-10-28T16:15:11Z,2025-10-28T16:02:00Z,ARR,med,13.0
604,True,True,SENNETERRE,MONTRÉAL,2025-10-28,39,Windigo,WNDG,2025-10-28T16:23:11Z,2025-10-28T16:10:00Z,ARR,med,13.0
604,True,True,SENNETERRE,MONTRÉAL,2025-10-28,40,Mctavish,MCTC,2025-10-28T16:25:11Z,2025-10-28T16:12:00Z,ARR,med,13.0
604,True,True,SENNETERRE,MONTRÉAL,2025-10-28,41,Duplessis,DUPL,2025-10-28T16:38:11Z,2025-10-28T16:25:00Z,ARR,med,13.0
604,True,True,SENNETERRE,MONTRÉAL,2025-10-28,42,Lac-Darey,LDAR,2025-10-28T16:51:11Z,2025-10-28T16:38:00Z,ARR,med,13.0
604,True,True,SENNETERRE,MONTRÉAL,2025-10-28,43,Rapide-Blanc,RAPB,2025-10-28T17:11:11Z,2025-10-28T16:58:00Z,ARR,med,13.0
604,True,True,SENNETERRE,MONTRÉAL,2025-10-28,44,Club Vermillion,VMLC,2025-10-28T17:14:11Z,2025-10-28T17:01:00Z,ARR,med,13.0
604,True,True,SENNETERRE,MONTRÉAL,2025-10-28,45,Cressman,CRSM,2025-10-28T17:21:11Z,2025-10-28T17:08:00Z,ARR,med,13.0
604,True,True,SENNETERRE,MONTRÉAL,2025-10-28,46,Fitzpatrick,FITZ,2025-10-28T17:41:11Z,2025-10-28T17:28:00Z,ARR,med,13.0
604,True,True,SENNETERRE,MONTRÉAL,2025-10-28,47,La Tuque,LTUQ,2025-10-28T17:48:00Z,2025-10-28T17:40:00Z,ARR,med,8.0
604,True,True,SENNETERRE,MONTRÉAL,2025-10-28,48,Hervey,HERV,2025-10-28T19:19:41Z,2025-10-28T19:15:00Z,ARR,goo,4.0
604,True,True,SENNETERRE,MONTRÉAL,2025-10-28,49,Saint-Tite,STIT,2025-10-28T19:52:19Z,2025-10-28T19:48:00Z,ARR,goo,4.0
604,True,True,SENNETERRE,MONTRÉAL,2025-10-28,50,Garneau,GARN,2025-10-28T20:07:14Z,2025-10-28T20:02:00Z,ARR,med,5.0
604,True,True,SENNETERRE,MONTRÉAL,2025-10-28,51,Grand-Mère,GMRE,2025-10-28T20:19:53Z,2025-10-28T20:15:00Z,ARR,goo,4.0
604,True,True,SENNETERRE,MONTRÉAL,2025-10-28,52,Shawinigan,SHWN,2025-10-28T20:27:08Z,2025-10-28T20:23:00Z,ARR,goo,4.0
604,True,True,SENNETERRE,MONTRÉAL,2025-10-28,53,Charette,CHRT,2025-10-28T20:47:41Z,2025-10-28T20:46:00Z,ARR,goo,1.0
604,True,True,SENNETERRE,MONTRÉAL,2025-10-28,54,St-Paulin,SPAU,2025-10-28T20:57:55Z,2025-10-28T20:55:00Z,ARR,goo,2.0
604,True,True,SENNETERRE,MONTRÉAL,2025-10-28,55,St-Justin,SJUS,2025-10-28T21:11:55Z,2025-10-28T21:09:00Z,ARR,goo,2.0
604,True,True,SENNETERRE,MONTRÉAL,2025-10-28,56,Joliette,JOLI,2025-10-28T21:58:06Z,2025-10-28T21:38:00Z,ARR,bad,20.0
604,True,True,SENNETERRE,MONTRÉAL,2025-10-28,57,Anjou,ANJO,2025-10-28T22:36:14Z,2025-10-28T22:21:01Z,ARR,bad,15.0
604,True,True,SENNETERRE,MONTRÉAL,2025-10-28,58,Sauvé,SAUV,2025-10-28T22:45:49Z,2025-10-28T22:35:00Z,ARR,med,10.0
604,True,True,SENNETERRE,MONTRÉAL,2025-10-28,59,Montréal,MTRL,2025-10-28T23:39:29Z,2025-10-28T23:46:00Z,ARR,goo,-6.0
47,True,True,OTTAWA,TORONTO,2025-10-28,0,Ottawa,OTTW,2025-10-28T16:23:03Z,2025-10-28T16:23:00Z,ARR,goo,0.0
47,True,True,OTTAWA,TORONTO,2025-10-28,1,Fallowfield,FALL,2025-10-28T16:39:14Z,2025-10-28T16:40:00Z,ARR,goo,0.0
47,True,True,OTTAWA,TORONTO,2025-10-28,2,Smiths Falls,SMTF,2025-10-28T17:09:15Z,2025-10-28T17:18:00Z,ARR,goo,-8.0
47,True,True,OTTAWA,TORONTO,2025-10-28,3,Brockville,BRKV,2025-10-28T17:49:00Z,2025-10-28T17:54:00Z,ARR,goo,-5.0
47,True,True,OTTAWA,TORONTO,2025-10-28,4,Gananoque,GANA,2025-10-28T18:23:03Z,2025-10-28T18:22:00Z,ARR,goo,1.0
47,True,True,OTTAWA,TORONTO,2025-10-28,5,Kingston,KGON,2025-10-28T18:45:21Z,2025-10-28T18:45:00Z,ARR,goo,0.0
47,True,True,OTTAWA,TORONTO,2025-10-28,6,Belleville,BLVL,2025-10-28T19:33:11Z,2025-10-28T19:26:00Z,ARR,med,7.0
47,True,True,OTTAWA,TORONTO,2025-10-28,7,Oshawa,OSHA,2025-10-28T20:43:37Z,2025-10-28T20:33:00Z,ARR,med,10.0
47,True,True,OTTAWA,TORONTO,2025-10-28,8,Guildwood,GUIL,2025-10-28T21:17:50Z,2025-10-28T20:58:00Z,ARR,bad,19.0
47,True,True,OTTAWA,TORONTO,2025-10-28,9,Toronto,TRTO,2025-10-28T21:48:07Z,2025-10-28T21:30:00Z,ARR,bad,18.0
63,True,True,MONTRÉAL,TORONTO,2025-10-28,0,Montréal,MTRL,2025-10-28T12:46:00Z,2025-10-28T12:46:00Z,ARR,goo,0.0
63,True,True,MONTRÉAL,TORONTO,2025-10-28,1,Dorval,DORV,2025-10-28T13:08:46Z,2025-10-28T13:11:00Z,ARR,goo,-2.0
63,True,True,MONTRÉAL,TORONTO,2025-10-28,2,Cornwall,CWLL,2025-10-28T14:03:14Z,2025-10-28T14:04:00Z,ARR,goo,0.0
63,True,True,MONTRÉAL,TORONTO,2025-10-28,3,Brockville,BRKV,2025-10-28T14:49:54Z,2025-10-28T14:54:00Z,ARR,goo,-4.0
63,True,True,MONTRÉAL,TORONTO,2025-10-28,4,Kingston,KGON,2025-10-28T15:45:01Z,2025-10-28T15:39:00Z,ARR,med,6.0
63,True,True,MONTRÉAL,TORONTO,2025-10-28,5,Belleville,BLVL,2025-10-28T16:26:33Z,2025-10-28T16:20:00Z,ARR,med,6.0
63,True,True,MONTRÉAL,TORONTO,2025-10-28,6,Cobourg,CBRG,2025-10-28T17:02:32Z,2025-10-28T16:58:00Z,ARR,goo,4.0
63,True,True,MONTRÉAL,TORONTO,2025-10-28,7,Oshawa,OSHA,2025-10-28T18:01:10Z,2025-10-28T17:34:00Z,ARR,bad,27.0
63,True,True,MONTRÉAL,TORONTO,2025-10-28,8,Guildwood,GUIL,2025-10-28T18:19:08Z,2025-10-28T17:58:00Z,ARR,bad,21.0
63,True,True,MONTRÉAL,TORONTO,2025-10-28,9,Toronto,TRTO,2025-10-28T18:45:55Z,2025-10-28T18:18:00Z,ARR,bad,27.0
40,True,True,TORONTO,OTTAWA,2025-10-28,0,Toronto,TRTO,2025-10-28T14:38:08Z,2025-10-28T14:38:00Z,ARR,goo,0.0
40,True,True,TORONTO,OTTAWA,2025-10-28,1,Belleville,BLVL,2025-10-28T16:22:59Z,2025-10-28T16:09:00Z,ARR,med,13.0
40,True,True,TORONTO,OTTAWA,2025-10-28,2,Kingston,KGON,2025-10-28T17:04:30Z,2025-10-28T16:48:00Z,ARR,bad,16.0
40,True,True,TORONTO,OTTAWA,2025-10-28,3,Fallowfield,FALL,2025-10-28T18:55:16Z,2025-10-28T18:38:00Z,ARR,bad,17.0
40,True,True,TORONTO,OTTAWA,2025-10-28,4,Ottawa,OTTW,2025-10-28T19:16:41Z,2025-10-28T19:02:00Z,ARR,med,14.0
31,True,True,MONTRÉAL,OTTAWA,2025-10-28,0,Montréal,MTRL,2025-10-28T10:21:47Z,2025-10-28T10:20:00Z,ARR,goo,1.0
31,True,True,MONTRÉAL,OTTAWA,2025-10-28,1,Dorval,DORV,2025-10-28T10:50:10Z,2025-10-28T10:44:00Z,ARR,med,6.0
31,True,True,MONTRÉAL,OTTAWA,2025-10-28,2,Alexandria,ALEX,2025-10-28T11:39:12Z,2025-10-28T11:36:00Z,ARR,goo,3.0
31,True,True,MONTRÉAL,OTTAWA,2025-10-28,3,Casselman,CSLM,2025-10-28T12:02:04Z,2025-10-28T11:59:00Z,ARR,goo,3.0
31,True,True,MONTRÉAL,OTTAWA,2025-10-28,4,Ottawa,OTTW,2025-10-28T12:28:38Z,2025-10-28T12:25:00Z,ARR,goo,3.0
35,True,True,QUÉBEC,OTTAWA,2025-10-28,0,Québec,QBEC,2025-10-28T12:06:00Z,2025-10-28T12:06:00Z,ARR,goo,0.0
35,True,True,QUÉBEC,OTTAWA,2025-10-28,1,Ste-Foy,SFOY,2025-10-28T12:32:22Z,2025-10-28T12:31:00Z,ARR,goo,1.0
35,True,True,QUÉBEC,OTTAWA,2025-10-28,2,Charny,CHNY,2025-10-28T12:43:13Z,2025-10-28T12:40:00Z,ARR,goo,3.0
35,True,True,QUÉBEC,OTTAWA,2025-10-28,3,Drummondville,DRMV,2025-10-28T14:18:16Z,2025-10-28T14:14:00Z,ARR,goo,4.0
35,True,True,QUÉBEC,OTTAWA,2025-10-28,4,St. Hyacinthe,SHYA,2025-10-28T14:49:15Z,2025-10-28T14:44:00Z,ARR,med,5.0
35,True,True,QUÉBEC,OTTAWA,2025-10-28,5,St. Lambert,SLAM,2025-10-28T15:17:41Z,2025-10-28T15:11:00Z,ARR,med,6.0
35,True,True,QUÉBEC,OTTAWA,2025-10-28,6,Montréal,MTRL,2025-10-28T15:35:55Z,2025-10-28T15:26:00Z,ARR,med,9.0
35,True,True,QUÉBEC,OTTAWA,2025-10-28,7,Dorval,DORV,2025-10-28T16:30:36Z,2025-10-28T16:18:00Z,ARR,med,12.0
35,True,True,QUÉBEC,OTTAWA,2025-10-28,8,Coteau,COTO,2025-10-28T17:05:59Z,2025-10-28T16:46:00Z,ARR,bad,19.0
35,True,True,QUÉBEC,OTTAWA,2025-10-28,9,Alexandria,ALEX,2025-10-28T17:26:45Z,2025-10-28T17:08:00Z,ARR,bad,18.0
35,True,True,QUÉBEC,OTTAWA,2025-10-28,10,Casselman,CSLM,2025-10-28T17:48:00Z,2025-10-28T17:31:00Z,ARR,bad,17.0
35,True,True,QUÉBEC,OTTAWA,2025-10-28,11,Ottawa,OTTW,2025-10-28T18:12:47Z,2025-10-28T17:58:00Z,ARR,med,14.0
645,True,True,OTTAWA,TORONTO,2025-10-28,0,Ottawa,OTTW,2025-10-28T18:29:00Z,2025-10-28T18:29:00Z,ARR,goo,0.0
645,True,True,OTTAWA,TORONTO,2025-10-28,1,Fallowfield,FALL,2025-10-28T18:46:45Z,2025-10-28T18:49:00Z,ARR,goo,-2.0
645,True,True,OTTAWA,TORONTO,2025-10-28,2,Kingston,KGON,2025-10-28T20:30:26Z,2025-10-28T20:34:00Z,ARR,goo,-3.0
645,True,True,OTTAWA,TORONTO,2025-10-28,3,Belleville,BLVL,2025-10-28T21:14:00Z,2025-10-28T21:15:00Z,ARR,goo,-1.0
645,True,True,OTTAWA,TORONTO,2025-10-28,4,Oshawa,OSHA,2025-10-28T22:19:00Z,2025-10-28T22:20:00Z,ARR,goo,-1.0
645,True,True,OTTAWA,TORONTO,2025-10-28,5,Toronto,TRTO,2025-10-28T23:01:51Z,2025-10-28T23:15:00Z,ARR,goo,-13.0
44,True,True,TORONTO,OTTAWA,2025-10-28,0,Toronto,TRTO,2025-10-28T18:23:40Z,2025-10-28T18:23:00Z,ARR,goo,0.0
44,True,True,TORONTO,OTTAWA,2025-10-28,1,Oshawa,OSHA,2025-10-28T18:58:00Z,2025-10-28T18:54:00Z,ARR,goo,4.0
44,True,True,TORONTO,OTTAWA,2025-10-28,2,Kingston,KGON,2025-10-28T20:50:56Z,2025-10-28T20:32:00Z,ARR,bad,18.0
44,True,True,TORONTO,OTTAWA,2025-10-28,3,Brockville,BRKV,2025-10-28T21:39:40Z,2025-10-28T21:19:00Z,ARR,bad,20.0
44,True,True,TORONTO,OTTAWA,2025-10-28,4,Smiths Falls,SMTF,2025-10-28T22:11:21Z,2025-10-28T21:50:00Z,ARR,bad,21.0
44,True,True,TORONTO,OTTAWA,2025-10-28,5,Fallowfield,FALL,2025-10-28T22:47:12Z,2025-10-28T22:22:00Z,ARR,bad,25.0
44,True,True,TORONTO,OTTAWA,2025-10-28,6,Ottawa,OTTW,2025-10-28T23:07:28Z,2025-10-28T22:43:00Z,ARR,bad,24.0
26,True,True,OTTAWA,QUÉBEC,2025-10-28,0,Ottawa,OTTW,2025-10-28T18:17:00Z,2025-10-28T18:17:00Z,ARR,goo,0.0
26,True,True,OTTAWA,QUÉBEC,2025-10-28,1,Alexandria,ALEX,2025-10-28T18:59:59Z,2025-10-28T19:03:00Z,ARR,goo,-3.0
26,True,True,OTTAWA,QUÉBEC,2025-10-28,2,Coteau,COTO,2025-10-28T19:21:04Z,2025-10-28T19:26:00Z,ARR,goo,-4.0
26,True,True,OTTAWA,QUÉBEC,2025-10-28,3,Dorval,DORV,2025-10-28T19:44:58Z,2025-10-28T19:49:00Z,ARR,goo,-4.0
26,True,True,OTTAWA,QUÉBEC,2025-10-28,4,Montréal,MTRL,2025-10-28T20:08:50Z,2025-10-28T20:15:00Z,ARR,goo,-6.0
26,True,True,OTTAWA,QUÉBEC,2025-10-28,5,St. Lambert,SLAM,2025-10-28T20:59:12Z,2025-10-28T20:53:00Z,ARR,med,6.0
26,True,True,OTTAWA,QUÉBEC,2025-10-28,6,St. Hyacinthe,SHYA,2025-10-28T21:30:22Z,2025-10-28T21:20:00Z,ARR,med,10.0
26,True,True,OTTAWA,QUÉBEC,2025-10-28,7,Drummondville,DRMV,2025-10-28T22:14:33Z,2025-10-28T22:05:00Z,ARR,med,9.0
26,True,True,OTTAWA,QUÉBEC,2025-10-28,8,Charny,CHNY,2025-10-28T23:32:52Z,2025-10-28T23:44:00Z,ARR,goo,-11.0
26,True,True,OTTAWA,QUÉBEC,2025-10-28,9,Ste-Foy,SFOY,2025-10-28T23:41:10Z,2025-10-28T23:52:00Z,ARR,goo,-10.0
26,True,True,OTTAWA,QUÉBEC,2025-10-28,10,Québec,QBEC,2025-10-29T00:09:46Z,2025-10-29T00:19:00Z,ARR,goo,-9.0
39,True,True,QUÉBEC,OTTAWA,2025-10-28,0,Québec,QBEC,2025-10-28T18:57:00Z,2025-10-28T18:57:00Z,ARR,goo,0.0
39,True,True,QUÉBEC,OTTAWA,2025-10-28,1,Ste-Foy,SFOY,2025-10-28T19:23:10Z,2025-10-28T19:22:00Z,ARR,goo,1.0
39,True,True,QUÉBEC,OTTAWA,2025-10-28,2,Drummondville,DRMV,2025-10-28T21:11:06Z,2025-10-28T20:58:00Z,ARR,med,13.0
39,True,True,QUÉBEC,OTTAWA,2025-10-28,3,St. Lambert,SLAM,2025-10-28T22:07:05Z,2025-10-28T21:57:00Z,ARR,med,10.0
39,True,True,QUÉBEC,OTTAWA,2025-10-28,4,Montréal,MTRL,2025-10-28T22:23:49Z,2025-10-28T22:11:00Z,ARR,med,12.0
39,True,True,QUÉBEC,OTTAWA,2025-10-28,5,Dorval,DORV,2025-10-28T23:19:38Z,2025-10-28T23:14:00Z,ARR,med,5.0
39,True,True,QUÉBEC,OTTAWA,2025-10-28,6,Coteau,COTO,2025-10-28T23:47:57Z,2025-10-28T23:43:00Z,ARR,goo,4.0
39,True,True,QUÉBEC,OTTAWA,2025-10-28,7,Alexandria,ALEX,2025-10-29T00:08:45Z,2025-10-29T00:06:00Z,ARR,goo,2.0
39,True,True,QUÉBEC,OTTAWA,2025-10-28,8,Ottawa,OTTW,2025-10-29T00:50:15Z,2025-10-29T00:51:00Z,ARR,goo,0.0
66,True,True,TORONTO,MONTRÉAL,2025-10-28,0,Toronto,TRTO,2025-10-28T19:23:39Z,2025-10-28T19:23:00Z,ARR,goo,0.0
66,True,True,TORONTO,MONTRÉAL,2025-10-28,1,Guildwood,GUIL,2025-10-28T19:43:35Z,2025-10-28T19:40:00Z,ARR,goo,3.0
66,True,True,TORONTO,MONTRÉAL,2025-10-28,2,Oshawa,OSHA,2025-10-28T20:02:07Z,2025-10-28T19:54:00Z,ARR,med,8.0
66,True,True,TORONTO,MONTRÉAL,2025-10-28,3,Belleville,BLVL,2025-10-28T21:09:22Z,2025-10-28T21:00:00Z,ARR,med,9.0
66,True,True,TORONTO,MONTRÉAL,2025-10-28,4,Kingston,KGON,2025-10-28T21:46:45Z,2025-10-28T21:40:00Z,ARR,med,6.0
66,True,True,TORONTO,MONTRÉAL,2025-10-28,5,Cornwall,CWLL,2025-10-28T23:13:52Z,2025-10-28T23:07:00Z,ARR,med,6.0
66,True,True,TORONTO,MONTRÉAL,2025-10-28,6,Dorval,DORV,2025-10-29T00:02:32Z,2025-10-28T23:58:00Z,ARR,goo,4.0
66,True,True,TORONTO,MONTRÉAL,2025-10-28,7,Montréal,MTRL,2025-10-29T00:38:14Z,2025-10-29T00:25:00Z,ARR,med,13.0
46,True,True,TORONTO,OTTAWA,2025-10-28,0,Toronto,TRTO,2025-10-28T19:38:00Z,2025-10-28T19:38:00Z,ARR,goo,0.0
46,True,True,TORONTO,OTTAWA,2025-10-28,1,Oshawa,OSHA,2025-10-28T20:14:53Z,2025-10-28T20:09:00Z,ARR,med,5.0
46,True,True,TORONTO,OTTAWA,2025-10-28,2,Cobourg,CBRG,2025-10-28T20:50:57Z,2025-10-28T20:43:00Z,ARR,med,7.0
46,True,True,TORONTO,OTTAWA,2025-10-28,3,Kingston,KGON,2025-10-28T22:03:37Z,2025-10-28T21:54:00Z,ARR,med,9.0
46,True,True,TORONTO,OTTAWA,2025-10-28,4,Brockville,BRKV,2025-10-28T22:52:54Z,2025-10-28T22:40:00Z,ARR,med,12.0
46,True,True,TORONTO,OTTAWA,2025-10-28,5,Fallowfield,FALL,2025-10-28T23:50:33Z,2025-10-28T23:40:00Z,ARR,med,10.0
46,True,True,TORONTO,OTTAWA,2025-10-28,6,Ottawa,OTTW,2025-10-29T00:10:06Z,2025-10-29T00:00:00Z,ARR,med,10.0
28,True,True,OTTAWA,QUÉBEC,2025-10-28,0,Ottawa,OTTW,2025-10-28T20:05:00Z,2025-10-28T20:05:00Z,ARR,goo,0.0
28,True,True,OTTAWA,QUÉBEC,2025-10-28,1,Casselman,CSLM,2025-10-28T20:30:47Z,2025-10-28T20:31:00Z,ARR,goo,0.0
28,True,True,OTTAWA,QUÉBEC,2025-10-28,2,Alexandria,ALEX,2025-10-28T20:52:48Z,2025-10-28T20:53:00Z,ARR,goo,0.0
28,True,True,OTTAWA,QUÉBEC,2025-10-28,3,Coteau,COTO,2025-10-28T21:14:13Z,2025-10-28T21:15:00Z,ARR,goo,0.0
28,True,True,OTTAWA,QUÉBEC,2025-10-28,4,Dorval,DORV,2025-10-28T21:42:26Z,2025-10-28T21:38:00Z,ARR,goo,4.0
28,True,True,OTTAWA,QUÉBEC,2025-10-28,5,Montréal,MTRL,2025-10-28T22:18:37Z,2025-10-28T22:04:00Z,ARR,med,14.0
28,True,True,OTTAWA,QUÉBEC,2025-10-28,6,St. Lambert,SLAM,2025-10-28T23:01:24Z,2025-10-28T22:38:00Z,ARR,bad,23.0
28,True,True,OTTAWA,QUÉBEC,2025-10-28,7,St. Hyacinthe,SHYA,2025-10-28T23:30:52Z,2025-10-28T23:06:00Z,ARR,bad,24.0
28,True,True,OTTAWA,QUÉBEC,2025-10-28,8,Drummondville,DRMV,2025-10-29T00:15:33Z,2025-10-28T23:52:00Z,ARR,bad,23.0
28,True,True,OTTAWA,QUÉBEC,2025-10-28,9,Charny,CHNY,2025-10-29T01:38:28Z,2025-10-29T01:14:00Z,ARR,bad,24.0
28,True,True,OTTAWA,QUÉBEC,2025-10-28,10,Ste-Foy,SFOY,2025-10-29T01:49:15Z,2025-10-29T01:21:00Z,ARR,bad,28.0
28,True,True,OTTAWA,QUÉBEC,2025-10-28,11,Québec,QBEC,2025-10-29T02:19:49Z,2025-10-29T01:48:00Z,ARR,bad,31.0
83,True,True,TORONTO,LONDON,2025-10-28,0,Toronto,TRTO,2025-10-28T20:15:00Z,2025-10-28T20:15:00Z,ARR,goo,0.0
83,True,True,TORONTO,LONDON,2025-10-28,1,Aldershot,ALDR,2025-10-28T20:56:16Z,2025-10-28T20:50:00Z,ARR,med,6.0
83,True,True,TORONTO,LONDON,2025-10-28,2,Brantford,BRTF,2025-10-28T21:28:13Z,2025-10-28T21:20:00Z,ARR,med,8.0
83,True,True,TORONTO,LONDON,2025-10-28,3,Woodstock,WDST,2025-10-28T21:58:13Z,2025-10-28T21:48:00Z,ARR,med,10.0
83,True,True,TORONTO,LONDON,2025-10-28,4,London,LNDN,2025-10-28T22:33:22Z,2025-10-28T22:27:00Z,ARR,med,6.0
69,True,True,MONTRÉAL,TORONTO,2025-10-28,0,Montréal,MTRL,2025-10-28T20:38:00Z,2025-10-28T20:38:00Z,ARR,goo,0.0
69,True,True,MONTRÉAL,TORONTO,2025-10-28,1,Dorval,DORV,2025-10-28T21:04:10Z,2025-10-28T21:04:00Z,ARR,goo,0.0
69,True,True,MONTRÉAL,TORONTO,2025-10-28,2,Cornwall,CWLL,2025-10-28T21:56:47Z,2025-10-28T21:53:00Z,ARR,goo,3.0
69,True,True,MONTRÉAL,TORONTO,2025-10-28,3,Brockville,BRKV,2025-10-28T22:46:51Z,2025-10-28T22:40:00Z,ARR,med,6.0
69,True,True,MONTRÉAL,TORONTO,2025-10-28,4,Kingston,KGON,2025-10-28T23:29:24Z,2025-10-28T23:24:00Z,ARR,med,5.0
69,True,True,MONTRÉAL,TORONTO,2025-10-28,5,Oshawa,OSHA,2025-10-29T01:14:40Z,2025-10-29T01:05:00Z,ARR,med,9.0
69,True,True,MONTRÉAL,TORONTO,2025-10-28,6,Guildwood,GUIL,2025-10-29T01:41:29Z,2025-10-29T01:28:00Z,ARR,med,13.0
69,True,True,MONTRÉAL,TORONTO,2025-10-28,7,Toronto,TRTO,2025-10-29T02:05:44Z,2025-10-29T01:48:00Z,ARR,bad,17.0
68,True,True,TORONTO,MONTRÉAL,2025-10-28,0,Toronto,TRTO,2025-10-28T21:09:04Z,2025-10-28T21:08:00Z,ARR,goo,1.0
68,True,True,TORONTO,MONTRÉAL,2025-10-28,1,Oshawa,OSHA,2025-10-28T21:59:29Z,2025-10-28T21:39:00Z,ARR,bad,20.0
68,True,True,TORONTO,MONTRÉAL,2025-10-28,2,Cobourg,CBRG,2025-10-28T22:34:10Z,2025-10-28T22:14:00Z,ARR,bad,20.0
68,True,True,TORONTO,MONTRÉAL,2025-10-28,3,Belleville,BLVL,2025-10-28T23:08:14Z,2025-10-28T22:49:00Z,ARR,bad,19.0
68,True,True,TORONTO,MONTRÉAL,2025-10-28,4,Kingston,KGON,2025-10-28T23:45:32Z,2025-10-28T23:26:00Z,ARR,bad,19.0
68,True,True,TORONTO,MONTRÉAL,2025-10-28,5,Brockville,BRKV,2025-10-29T00:30:37Z,2025-10-29T00:11:00Z,ARR,bad,19.0
68,True,True,TORONTO,MONTRÉAL,2025-10-28,6,Cornwall,CWLL,2025-10-29T01:15:38Z,2025-10-29T00:57:00Z,ARR,bad,18.0
68,True,True,TORONTO,MONTRÉAL,2025-10-28,7,Dorval,DORV,2025-10-29T02:05:50Z,2025-10-29T01:47:00Z,ARR,bad,18.0
68,True,True,TORONTO,MONTRÉAL,2025-10-28,8,Montréal,MTRL,2025-10-29T02:31:06Z,2025-10-29T02:14:00Z,ARR,bad,17.0
75,True,True,TORONTO,WINDSOR,2025-10-28,0,Toronto,TRTO,2025-10-28T21:22:00Z,2025-10-28T21:22:00Z,ARR,goo,0.0
75,True,True,TORONTO,WINDSOR,2025-10-28,1,Oakville,OAKV,2025-10-28T21:51:37Z,2025-10-28T21:45:00Z,ARR,med,6.0
75,True,True,TORONTO,WINDSOR,2025-10-28,2,Aldershot,ALDR,2025-10-28T22:08:36Z,2025-10-28T22:01:00Z,ARR,med,7.0
75,True,True,TORONTO,WINDSOR,2025-10-28,3,Brantford,BRTF,2025-10-28T22:41:04Z,2025-10-28T22:33:00Z,ARR,med,8.0
75,True,True,TORONTO,WINDSOR,2025-10-28,4,Woodstock,WDST,2025-10-28T23:09:12Z,2025-10-28T23:04:00Z,ARR,med,5.0
75,True,True,TORONTO,WINDSOR,2025-10-28,5,Ingersoll,INGR,2025-10-28T23:22:07Z,2025-10-28T23:19:00Z,ARR,goo,3.0
75,True,True,TORONTO,WINDSOR,2025-10-28,6,London,LNDN,2025-10-28T23:59:39Z,2025-10-28T23:47:00Z,ARR,med,12.0
75,True,True,TORONTO,WINDSOR,2025-10-28,7,Glencoe,GLNC,2025-10-29T00:33:00Z,2025-10-29T00:21:00Z,ARR,med,12.0
75,True,True,TORONTO,WINDSOR,2025-10-28,8,Chatham,CHAT,2025-10-29T01:23:18Z,2025-10-29T00:55:00Z,ARR,bad,28.0
75,True,True,TORONTO,WINDSOR,2025-10-28,9,Windsor,WDON,2025-10-29T02:08:16Z,2025-10-29T01:50:00Z,ARR,bad,18.0
54,True,True,TORONTO,OTTAWA,2025-10-28,0,Toronto,TRTO,2025-10-28T21:41:04Z,2025-10-28T21:38:00Z,ARR,goo,3.0
54,True,True,TORONTO,OTTAWA,2025-10-28,1,Guildwood,GUIL,2025-10-28T22:00:20Z,2025-10-28T21:55:00Z,ARR,med,5.0
54,True,True,TORONTO,OTTAWA,2025-10-28,2,Oshawa,OSHA,2025-10-28T22:18:06Z,2025-10-28T22:08:00Z,ARR,med,10.0
54,True,True,TORONTO,OTTAWA,2025-10-28,3,Port Hope,PHOP,2025-10-28T22:48:33Z,2025-10-28T22:37:00Z,ARR,med,11.0
54,True,True,TORONTO,OTTAWA,2025-10-28,4,Cobourg,CBRG,2025-10-28T22:58:04Z,2025-10-28T22:46:00Z,ARR,med,12.0
54,True,True,TORONTO,OTTAWA,2025-10-28,5,Trenton Jct.,TRNJ,2025-10-28T23:25:23Z,2025-10-28T23:13:01Z,ARR,med,12.0
54,True,True,TORONTO,OTTAWA,2025-10-28,6,Belleville,BLVL,2025-10-28T23:39:43Z,2025-10-28T23:27:00Z,ARR,med,12.0
54,True,True,TORONTO,OTTAWA,2025-10-28,7,Napanee,NAPN,2025-10-29T00:00:41Z,2025-10-28T23:48:00Z,ARR,med,12.0
54,True,True,TORONTO,OTTAWA,2025-10-28,8,Kingston,KGON,2025-10-29T00:21:28Z,2025-10-29T00:09:00Z,ARR,med,12.0
54,True,True,TORONTO,OTTAWA,2025-10-28,9,Brockville,BRKV,2025-10-29T01:09:22Z,2025-10-29T00:54:00Z,ARR,bad,15.0
54,True,True,TORONTO,OTTAWA,2025-10-28,10,Smiths Falls,SMTF,2025-10-29T01:37:42Z,2025-10-29T01:25:00Z,ARR,med,12.0
54,True,True,TORONTO,OTTAWA,2025-10-28,11,Fallowfield,FALL,2025-10-29T02:02:52Z,2025-10-29T01:52:00Z,ARR,med,10.0
54,True,True,TORONTO,OTTAWA,2025-10-28,12,Ottawa,OTTW,2025-10-29T02:21:56Z,2025-10-29T02:13:00Z,ARR,med,8.0
87,True,True,TORONTO,SARNIA,2025-10-28,0,Toronto,TRTO,2025-10-28T21:40:32Z,2025-10-28T21:40:00Z,ARR,goo,0.0
87,True,True,TORONTO,SARNIA,2025-10-28,1,Malton,MALT,2025-10-28T21:59:44Z,2025-10-28T22:00:00Z,ARR,goo,0.0
87,True,True,TORONTO,SARNIA,2025-10-28,2,Brampton,BRMP,2025-10-28T22:10:59Z,2025-10-28T22:12:00Z,ARR,goo,-1.0
87,True,True,TORONTO,SARNIA,2025-10-28,3,Georgetown,GEOR,2025-10-28T22:24:14Z,2025-10-28T22:24:00Z,ARR,goo,0.0
87,True,True,TORONTO,SARNIA,2025-10-28,4,Guelph,GUEL,2025-10-28T22:56:20Z,2025-10-28T22:49:00Z,ARR,med,7.0
87,True,True,TORONTO,SARNIA,2025-10-28,5,Kitchener,KITC,2025-10-28T23:19:33Z,2025-10-28T23:16:00Z,ARR,goo,3.0
87,True,True,TORONTO,SARNIA,2025-10-28,6,Stratford,STRF,2025-10-29T00:06:42Z,2025-10-28T23:57:00Z,ARR,med,9.0
87,True,True,TORONTO,SARNIA,2025-10-28,7,St.Marys,SMYS,2025-10-29T00:36:20Z,2025-10-29T00:25:00Z,ARR,med,11.0
87,True,True,TORONTO,SARNIA,2025-10-28,8,London,LNDN,2025-10-29T01:27:21Z,2025-10-29T01:13:00Z,ARR,med,14.0
87,True,True,TORONTO,SARNIA,2025-10-28,9,Strathroy,STRR,2025-10-29T01:53:11Z,2025-10-29T01:39:00Z,ARR,med,14.0
87,True,True,TORONTO,SARNIA,2025-10-28,10,Wyoming,WYOM,2025-10-29T02:18:09Z,2025-10-29T02:07:00Z,ARR,med,11.0
87,True,True,TORONTO,SARNIA,2025-10-28,11,Sarnia,SARN,2025-10-29T02:31:52Z,2025-10-29T02:24:00Z,ARR,med,7.0
29,True,True,QUÉBEC,MONTRÉAL,2025-10-28,0,Québec,QBEC,2025-10-28T21:41:00Z,2025-10-28T21:41:00Z,ARR,goo,0.0
29,True,True,QUÉBEC,MONTRÉAL,2025-10-28,1,Ste-Foy,SFOY,2025-10-28T22:06:54Z,2025-10-28T22:06:00Z,ARR,goo,0.0
29,True,True,QUÉBEC,MONTRÉAL,2025-10-28,2,Drummondville,DRMV,2025-10-29T00:08:40Z,2025-10-28T23:42:00Z,ARR,bad,26.0
29,True,True,QUÉBEC,MONTRÉAL,2025-10-28,3,St. Hyacinthe,SHYA,2025-10-29T00:43:05Z,2025-10-29T00:18:00Z,ARR,bad,25.0
29,True,True,QUÉBEC,MONTRÉAL,2025-10-28,4,St. Lambert,SLAM,2025-10-29T01:12:13Z,2025-10-29T00:45:00Z,ARR,bad,27.0
29,True,True,QUÉBEC,MONTRÉAL,2025-10-28,5,Montréal,MTRL,2025-10-29T01:27:34Z,2025-10-29T01:00:00Z,ARR,bad,27.0
59,True,True,OTTAWA,TORONTO,2025-10-28,0,Ottawa,OTTW,2025-10-28T22:03:00Z,2025-10-28T22:03:00Z,ARR,goo,0.0
59,True,True,OTTAWA,TORONTO,2025-10-28,1,Fallowfield,FALL,2025-10-28T22:19:01Z,2025-10-28T22:20:00Z,ARR,goo,0.0
59,True,True,OTTAWA,TORONTO,2025-10-28,2,Smiths Falls,SMTF,2025-10-28T22:48:06Z,2025-10-28T22:51:00Z,ARR,goo,-2.0
59,True,True,OTTAWA,TORONTO,2025-10-28,3,Brockville,BRKV,2025-10-28T23:23:17Z,2025-10-28T23:25:00Z,ARR,goo,-1.0
59,True,True,OTTAWA,TORONTO,2025-10-28,4,Kingston,KGON,2025-10-29T00:09:51Z,2025-10-29T00:10:00Z,ARR,goo,0.0
59,True,True,OTTAWA,TORONTO,2025-10-28,5,Belleville,BLVL,2025-10-29T00:51:17Z,2025-10-29T00:51:00Z,ARR,goo,0.0
59,True,True,OTTAWA,TORONTO,2025-10-28,6,Trenton Jct.,TRNJ,2025-10-29T01:04:16Z,2025-10-29T01:05:00Z,ARR,goo,0.0
59,True,True,OTTAWA,TORONTO,2025-10-28,7,Cobourg,CBRG,2025-10-29T01:31:30Z,2025-10-29T01:31:00Z,ARR,goo,0.0
59,True,True,OTTAWA,TORONTO,2025-10-28,8,Oshawa,OSHA,2025-10-29T02:15:08Z,2025-10-29T02:05:00Z,ARR,med,10.0
59,True,True,OTTAWA,TORONTO,2025-10-28,9,Guildwood,GUIL,2025-10-29T02:40:00Z,2025-10-29T02:28:00Z,ARR,med,12.0
59,True,True,OTTAWA,TORONTO,2025-10-28,10,Toronto,TRTO,2025-10-29T02:57:56Z,2025-10-29T02:48:00Z,ARR,med,9.0
78,True,True,WINDSOR,TORONTO,2025-10-28,0,Windsor,WDON,2025-10-28T21:40:00Z,2025-10-28T21:40:00Z,ARR,goo,0.0
78,True,True,WINDSOR,TORONTO,2025-10-28,1,Chatham,CHAT,2025-10-28T22:26:54Z,2025-10-28T22:24:00Z,ARR,goo,2.0
78,True,True,WINDSOR,TORONTO,2025-10-28,2,Glencoe,GLNC,2025-10-28T23:13:17Z,2025-10-28T22:59:00Z,ARR,med,14.0
78,True,True,WINDSOR,TORONTO,2025-10-28,3,London,LNDN,2025-10-28T23:45:12Z,2025-10-28T23:32:00Z,ARR,med,13.0
78,True,True,WINDSOR,TORONTO,2025-10-28,4,Ingersoll,INGR,2025-10-29T00:15:06Z,2025-10-28T23:57:00Z,ARR,bad,18.0
78,True,True,WINDSOR,TORONTO,2025-10-28,5,Woodstock,WDST,2025-10-29T00:28:07Z,2025-10-29T00:08:00Z,ARR,bad,20.0
78,True,True,WINDSOR,TORONTO,2025-10-28,6,Brantford,BRTF,2025-10-29T00:59:15Z,2025-10-29T00:39:00Z,ARR,bad,20.0
78,True,True,WINDSOR,TORONTO,2025-10-28,7,Aldershot,ALDR,2025-10-29T01:36:12Z,2025-10-29T01:09:00Z,ARR,bad,27.0
78,True,True,WINDSOR,TORONTO,2025-10-28,8,Oakville,OAKV,2025-10-29T01:51:09Z,2025-10-29T01:24:00Z,ARR,bad,27.0
78,True,True,WINDSOR,TORONTO,2025-10-28,9,Toronto,TRTO,2025-10-29T02:25:31Z,2025-10-29T01:50:00Z,ARR,bad,35.0
668,True,True,TORONTO,MONTRÉAL,2025-10-28,0,Toronto,TRTO,2025-10-28T22:36:00Z,2025-10-28T22:08:00Z,ARR,bad,28.0
668,True,True,TORONTO,MONTRÉAL,2025-10-28,1,Guildwood,GUIL,2025-10-28T22:54:31Z,2025-10-28T22:25:00Z,ARR,bad,29.0
668,True,True,TORONTO,MONTRÉAL,2025-10-28,2,Oshawa,OSHA,2025-10-28T23:14:03Z,2025-10-28T22:39:00Z,ARR,bad,35.0
668,True,True,TORONTO,MONTRÉAL,2025-10-28,3,Kingston,KGON,2025-10-29T00:59:32Z,2025-10-29T00:22:00Z,ARR,bad,37.0
668,True,True,TORONTO,MONTRÉAL,2025-10-28,4,Cornwall,CWLL,2025-10-29T02:31:26Z,2025-10-29T01:49:00Z,ARR,bad,42.0
668,True,True,TORONTO,MONTRÉAL,2025-10-28,5,Dorval,DORV,2025-10-29T03:21:56Z,2025-10-29T02:38:00Z,ARR,bad,43.0
668,True,True,TORONTO,MONTRÉAL,2025-10-28,6,Montréal,MTRL,2025-10-29T03:46:55Z,2025-10-29T03:04:00Z,ARR,bad,42.0
38,True,True,OTTAWA,MONTRÉAL,2025-10-28,0,Ottawa,OTTW,2025-10-28T21:55:00Z,2025-10-28T21:55:00Z,ARR,goo,0.0
38,True,True,OTTAWA,MONTRÉAL,2025-10-28,1,Casselman,CSLM,2025-10-28T22:20:59Z,2025-10-28T22:26:00Z,ARR,goo,-5.0
38,True,True,OTTAWA,MONTRÉAL,2025-10-28,2,Alexandria,ALEX,2025-10-28T22:47:32Z,2025-10-28T22:49:00Z,ARR,goo,-1.0
38,True,True,OTTAWA,MONTRÉAL,2025-10-28,3,Dorval,DORV,2025-10-28T23:28:44Z,2025-10-28T23:33:00Z,ARR,goo,-4.0
38,True,True,OTTAWA,MONTRÉAL,2025-10-28,4,Montréal,MTRL,2025-10-28T23:53:27Z,2025-10-28T23:57:00Z,ARR,goo,-3.0
669,True,True,MONTRÉAL,TORONTO,2025-10-28,0,Montréal,MTRL,2025-10-28T22:25:00Z,2025-10-28T22:09:00Z,ARR,bad,16.0
669,True,True,MONTRÉAL,TORONTO,2025-10-28,1,Dorval,DORV,2025-10-28T22:49:26Z,2025-10-28T22:34:00Z,ARR,bad,15.0
669,True,True,MONTRÉAL,TORONTO,2025-10-28,2,Cornwall,CWLL,2025-10-28T23:46:14Z,2025-10-28T23:26:00Z,ARR,bad,20.0
669,True,True,MONTRÉAL,TORONTO,2025-10-28,3,Kingston,KGON,2025-10-29T01:15:22Z,2025-10-29T00:52:00Z,ARR,bad,23.0
669,True,True,MONTRÉAL,TORONTO,2025-10-28,4,Oshawa,OSHA,2025-10-29T03:01:27Z,2025-10-29T02:35:00Z,ARR,bad,26.0
669,True,True,MONTRÉAL,TORONTO,2025-10-28,5,Toronto,TRTO,2025-10-29T03:48:26Z,2025-10-29T03:18:00Z,ARR,bad,30.0
48,True,True,TORONTO,OTTAWA,2025-10-28,0,Toronto,TRTO,2025-10-28T22:38:16Z,2025-10-28T22:38:00Z,ARR,goo,0.0
48,True,True,TORONTO,OTTAWA,2025-10-28,1,Oshawa,OSHA,2025-10-28T23:20:53Z,2025-10-28T23:08:00Z,ARR,med,12.0
48,True,True,TORONTO,OTTAWA,2025-10-28,2,Port Hope,PHOP,2025-10-28T23:50:45Z,2025-10-28T23:36:00Z,ARR,med,14.0
48,True,True,TORONTO,OTTAWA,2025-10-28,3,Cobourg,CBRG,2025-10-28T23:58:13Z,2025-10-28T23:45:00Z,ARR,med,13.0
48,True,True,TORONTO,OTTAWA,2025-10-28,4,Trenton Jct.,TRNJ,2025-10-29T00:26:27Z,2025-10-29T00:12:01Z,ARR,med,14.0
48,True,True,TORONTO,OTTAWA,2025-10-28,5,Belleville,BLVL,2025-10-29T00:38:06Z,2025-10-29T00:25:00Z,ARR,med,13.0
48,True,True,TORONTO,OTTAWA,2025-10-28,6,Napanee,NAPN,2025-10-29T00:56:55Z,2025-10-29T00:46:00Z,ARR,med,10.0
48,True,True,TORONTO,OTTAWA,2025-10-28,7,Kingston,KGON,2025-10-29T01:15:57Z,2025-10-29T01:06:00Z,ARR,med,9.0
48,True,True,TORONTO,OTTAWA,2025-10-28,8,Gananoque,GANA,2025-10-29T01:38:12Z,2025-10-29T01:28:00Z,ARR,med,10.0
48,True,True,TORONTO,OTTAWA,2025-10-28,9,Brockville,BRKV,2025-10-29T02:04:22Z,2025-10-29T01:53:00Z,ARR,med,11.0
48,True,True,TORONTO,OTTAWA,2025-10-28,10,Smiths Falls,SMTF,2025-10-29T02:34:27Z,2025-10-29T02:24:00Z,ARR,med,10.0
48,True,True,TORONTO,OTTAWA,2025-10-28,11,Fallowfield,FALL,2025-10-29T02:58:20Z,2025-10-29T02:51:00Z,ARR,med,7.0
48,True,True,TORONTO,OTTAWA,2025-10-28,12,Ottawa,OTTW,2025-10-29T03:18:03Z,2025-10-29T03:11:00Z,ARR,med,7.0
98,True,False,NIAGARA FALLS,TORONTO,2025-10-28,0,Niagara Falls,NIAG,2025-10-28T21:45:00Z,2025-10-28T21:45:00Z,ARR,goo,0.0
98,True,False,NIAGARA FALLS,TORONTO,2025-10-28,1,St. Catharines,SCAT,&mdash;,2025-10-28T22:06:00Z,&mdash;,,
98,True,False,NIAGARA FALLS,TORONTO,2025-10-28,2,Grimsby,GRIM,&mdash;,2025-10-28T22:26:00Z,&mdash;,,
98,True,False,NIAGARA FALLS,TORONTO,2025-10-28,3,Toronto,TRTO,&mdash;,2025-10-28T23:43:00Z,&mdash;,,
79,True,False,TORONTO,WINDSOR,2025-10-28,0,Toronto,TRTO,2025-10-28T23:45:00Z,2025-10-28T23:45:00Z,ARR,goo,0.0
79,True,False,TORONTO,WINDSOR,2025-10-28,1,Oakville,OAKV,2025-10-29T00:10:43Z,2025-10-29T00:07:00Z,ARR,goo,3.0
79,True,False,TORONTO,WINDSOR,2025-10-28,2,Aldershot,ALDR,2025-10-29T00:28:52Z,2025-10-29T00:22:00Z,ARR,med,6.0
79,True,False,TORONTO,WINDSOR,2025-10-28,3,Brantford,BRTF,2025-10-29T01:09:47Z,2025-10-29T00:50:00Z,ARR,bad,19.0
79,True,False,TORONTO,WINDSOR,2025-10-28,4,Woodstock,WDST,2025-10-29T01:41:12Z,2025-10-29T01:17:00Z,ARR,bad,24.0
79,True,False,TORONTO,WINDSOR,2025-10-28,5,Ingersoll,INGR,2025-10-29T01:52:18Z,2025-10-29T01:30:00Z,ARR,bad,22.0
79,True,False,TORONTO,WINDSOR,2025-10-28,6,London,LNDN,2025-10-29T02:14:18Z,2025-10-29T01:52:00Z,ARR,bad,22.0
79,True,False,TORONTO,WINDSOR,2025-10-28,7,Glencoe,GLNC,2025-10-29T02:49:18Z,2025-10-29T02:25:00Z,ARR,bad,24.0
79,True,False,TORONTO,WINDSOR,2025-10-28,8,Chatham,CHAT,2025-10-29T03:34:49Z,2025-10-29T02:57:00Z,ARR,bad,37.0
79,True,False,TORONTO,WINDSOR,2025-10-28,9,Windsor,WDON,2025-10-29T04:17:16Z,2025-10-29T03:44:00Z,21 mins,bad,33.0
690,True,False,CHURCHILL,THE PAS,2025-10-28,0,Churchill,CHUR,2025-10-29T01:30:00Z,2025-10-29T01:30:00Z,ARR,goo,0.0
690,True,False,CHURCHILL,THE PAS,2025-10-28,1,Tidal,TIDL,2025-10-29T01:57:33Z,2025-10-29T01:52:00Z,ARR,med,5.0
690,True,False,CHURCHILL,THE PAS,2025-10-28,2,Chesnaye,CHES,2025-10-29T02:48:27Z,2025-10-29T02:38:00Z,ARR,med,10.0
690,True,False,CHURCHILL,THE PAS,2025-10-28,3,M'Clintock,MCLI,2025-10-29T04:04:27Z,2025-10-29T03:54:00Z,8 mins,med,10.0
690,True,False,CHURCHILL,THE PAS,2025-10-28,4,O'Day,ODAY,2025-10-29T04:49:27Z,2025-10-29T04:39:00Z,53 mins,med,10.0
690,True,False,CHURCHILL,THE PAS,2025-10-28,5,Herchmer,HERC,2025-10-29T05:28:27Z,2025-10-29T05:18:00Z,1h32,med,10.0
690,True,False,CHURCHILL,THE PAS,2025-10-28,6,Thibaudeau,THIB,2025-10-29T06:54:27Z,2025-10-29T06:44:00Z,2h58,med,10.0
690,True,False,CHURCHILL,THE PAS,2025-10-28,7,Weir River,WEIR,2025-10-29T07:56:27Z,2025-10-29T07:46:00Z,4h00,med,10.0
690,True,False,CHURCHILL,THE PAS,2025-10-28,8,Amery,AMRY,2025-10-29T08:47:27Z,2025-10-29T08:37:00Z,4h51,med,10.0
690,True,False,CHURCHILL,THE PAS,2025-10-28,9,Bird,BIRD,2025-10-29T09:10:27Z,2025-10-29T09:00:00Z,5h14,med,10.0
690,True,False,CHURCHILL,THE PAS,2025-10-28,10,Gillam,GILL,2025-10-29T10:10:27Z,2025-10-29T10:00:00Z,6h14,med,10.0
690,True,False,CHURCHILL,THE PAS,2025-10-28,11,Wivenhoe,WVHO,2025-10-29T11:26:27Z,2025-10-29T11:16:00Z,7h30,med,10.0
690,True,False,CHURCHILL,THE PAS,2025-10-28,12,Ilford,ILFO,2025-10-29T12:03:27Z,2025-10-29T11:53:00Z,8h07,med,10.0
690,True,False,CHURCHILL,THE PAS,2025-10-28,13,Pit Siding,PITS,2025-10-29T13:04:27Z,2025-10-29T12:54:00Z,9h08,med,10.0
690,True,False,CHURCHILL,THE PAS,2025-10-28,14,Bridgar,BRGR,2025-10-29T14:26:27Z,2025-10-29T14:16:00Z,10h30,med,10.0
690,True,False,CHURCHILL,THE PAS,2025-10-28,15,Pikwitonei,PIKW,2025-10-29T14:37:27Z,2025-10-29T14:27:00Z,10h41,med,10.0
690,True,False,CHURCHILL,THE PAS,2025-10-28,16,Sipiwesk,SIPI,2025-10-29T15:04:27Z,2025-10-29T14:54:00Z,11h08,med,10.0
690,True,False,CHURCHILL,THE PAS,2025-10-28,17,Thompson,THOM,2025-10-29T16:40:27Z,2025-10-29T16:30:00Z,12h44,med,10.0
14,True,False,MONTRÉAL,HALIFAX,2025-10-26,0,Matapedia,MTPD,2025-10-27T10:43:14Z,2025-10-27T09:35:00Z,ARR,bad,68.0
