train_id,departed,arrived,from,to,instance,stop_id,station,code,estimated,scheduled,eta,diff,diffMin
1 (12-31),True,False,TORONTO,VANCOUVER,2025-12-31,0,Toronto,TRTO,2026-01-01T01:55:00Z,2025-12-31T14:55:00Z,ARR,bad,660.0
1 (12-31),True,False,TORONTO,VANCOUVER,2025-12-31,1,Washago,WSHG,2026-01-01T04:24:11Z,2025-12-31T17:25:00Z,ARR,bad,659.0
1 (12-31),True,False,TORONTO,VANCOUVER,2025-12-31,2,South Parry,SPAR,2026-01-01T06:34:41Z,2025-12-31T19:27:00Z,ARR,bad,667.0
1 (12-31),True,False,TORONTO,VANCOUVER,2025-12-31,3,Sudbury (Jct.),SUDJ,2026-01-01T09:01:49Z,2025-12-31T21:57:00Z,ARR,bad,664.0
1 (12-31),True,False,TORONTO,VANCOUVER,2025-12-31,4,Capreol,CAPR,2026-01-01T09:29:44Z,2025-12-31T22:22:00Z,ARR,bad,667.0
1 (12-31),True,False,TORONTO,VANCOUVER,2025-12-31,5,Laforest,LAFO,2026-01-01T10:47:06Z,2025-12-31T23:48:00Z,ARR,bad,659.0
1 (12-31),True,False,TORONTO,VANCOUVER,2025-12-31,6,McKee's Camp,MCKC,2026-01-01T10:51:15Z,2026-01-01T00:01:00Z,ARR,bad,650.0
1 (12-31),True,False,TORONTO,VANCOUVER,2025-12-31,7,Felix,FELX,2026-01-01T11:13:52Z,2026-01-01T00:21:00Z,ARR,bad,652.0
1 (12-31),True,False,TORONTO,VANCOUVER,2025-12-31,8,Ruel,RUEL,2026-01-01T11:20:52Z,2026-01-01T00:28:00Z,ARR,bad,652.0
1 (12-31),True,False,TORONTO,VANCOUVER,2025-12-31,9,Westree,WSTR,2026-01-01T12:15:39Z,2026-01-01T00:45:00Z,ARR,bad,690.0
1 (12-31),True,False,TORONTO,VANCOUVER,2025-12-31,10,Gogama,GOGA,2026-01-01T12:49:06Z,2026-01-01T01:18:00Z,ARR,bad,691.0
1 (12-31),True,False,TORONTO,VANCOUVER,2025-12-31,11,Foleyet,FOLE,2026-01-01T16:32:02Z,2026-01-01T03:44:00Z,ARR,bad,768.0
1 (12-31),True,False,TORONTO,VANCOUVER,2025-12-31,12,Elsas,ELSA,2026-01-01T17:24:41Z,2026-01-01T04:38:00Z,ARR,bad,766.0
1 (12-31),True,False,TORONTO,VANCOUVER,2025-12-31,13,Oba,OBAX,2026-01-01T18:58:01Z,2026-01-01T06:38:00Z,ARR,bad,740.0
1 (12-31),True,False,TORONTO,VANCOUVER,2025-12-31,14,Hornepayne,HNPN,2026-01-01T19:29:28Z,2026-01-01T07:29:00Z,ARR,bad,720.0
1 (12-31),True,False,TORONTO,VANCOUVER,2025-12-31,15,Hillsport,HLSP,2026-01-01T21:04:22Z,2026-01-01T09:05:00Z,ARR,bad,719.0
1 (12-31),True,False,TORONTO,VANCOUVER,2025-12-31,16,Caramat,CARA,2026-01-01T22:15:19Z,2026-01-01T09:55:00Z,ARR,bad,740.0
1 (12-31),True,False,TORONTO,VANCOUVER,2025-12-31,17,Longlac,LLAC,2026-01-01T22:45:17Z,2026-01-01T10:34:00Z,ARR,bad,731.0
1 (12-31),True,False,TORONTO,VANCOUVER,2025-12-31,18,Nakina,NAKI,2026-01-01T23:20:00Z,2026-01-01T11:13:00Z,ARR,bad,727.0
1 (12-31),True,False,TORONTO,VANCOUVER,2025-12-31,19,Auden,AUDN,2026-01-02T00:30:23Z,2026-01-01T12:19:00Z,ARR,bad,731.0
1 (12-31),True,False,TORONTO,VANCOUVER,2025-12-31,20,Ferland,FERL,2026-01-02T01:01:35Z,2026-01-01T12:56:00Z,ARR,bad,725.0
1 (12-31),True,False,TORONTO,VANCOUVER,2025-12-31,21,Mud River,MUDR,2026-01-02T01:10:35Z,2026-01-01T13:05:00Z,ARR,bad,725.0
1 (12-31),True,False,TORONTO,VANCOUVER,2025-12-31,22,Armstrong,ARMG,2026-01-02T01:31:47Z,2026-01-01T14:17:00Z,ARR,bad,674.0
1 (12-31),True,False,TORONTO,VANCOUVER,2025-12-31,23,Collins,COLL,2026-01-02T02:16:15Z,2026-01-01T14:47:00Z,ARR,bad,689.0
1 (12-31),True,False,TORONTO,VANCOUVER,2025-12-31,24,Allanwater Bridge,ALWB,2026-01-02T02:58:01Z,2026-01-01T15:26:00Z,ARR,bad,692.0
1 (12-31),True,False,TORONTO,VANCOUVER,2025-12-31,25,Flindt Landing,FLTL,2026-01-02T03:14:01Z,2026-01-01T15:42:00Z,ARR,bad,692.0
1 (12-31),True,False,TORONTO,VANCOUVER,2025-12-31,26,Savant Lake,SAVL,2026-01-02T03:31:01Z,2026-01-01T15:59:00Z,ARR,bad,692.0
1 (12-31),True,False,TORONTO,VANCOUVER,2025-12-31,27,Sioux Lookout,SLKT,2026-01-02T05:20:42Z,2026-01-01T17:25:00Z,ARR,bad,715.0
1 (12-31),True,False,TORONTO,VANCOUVER,2025-12-31,28,Richan,RCHN,2026-01-02T07:06:15Z,2026-01-01T19:05:00Z,ARR,bad,721.0
1 (12-31),True,False,TORONTO,VANCOUVER,2025-12-31,29,Red Lake Road,RLRX,2026-01-02T07:59:44Z,2026-01-01T19:41:00Z,ARR,bad,738.0
1 (12-31),True,False,TORONTO,VANCOUVER,2025-12-31,30,Canyon,CNYK,2026-01-02T08:22:56Z,2026-01-01T20:10:00Z,ARR,bad,732.0
1 (12-31),True,False,TORONTO,VANCOUVER,2025-12-31,31,Farlane,FARL,2026-01-02T08:53:16Z,2026-01-01T20:47:00Z,ARR,bad,726.0
1 (12-31),True,False,TORONTO,VANCOUVER,2025-12-31,32,Redditt,RDDT,2026-01-02T09:18:27Z,2026-01-01T21:23:00Z,ARR,bad,715.0
1 (12-31),True,False,TORONTO,VANCOUVER,2025-12-31,33,Minaki,MNKI,2026-01-02T09:43:15Z,2026-01-01T21:44:00Z,ARR,bad,719.0
1 (12-31),True,False,TORONTO,VANCOUVER,2025-12-31,34,Ottermere,OTTM,2026-01-02T09:59:24Z,2026-01-01T22:01:00Z,ARR,bad,718.0
1 (12-31),True,False,TORONTO,VANCOUVER,2025-12-31,35,Malachi,MLCH,2026-01-02T10:03:39Z,2026-01-01T22:07:00Z,ARR,bad,716.0
1 (12-31),True,False,TORONTO,VANCOUVER,2025-12-31,36,Copelands Landing,COPE,2026-01-02T10:03:58Z,2026-01-01T22:09:00Z,ARR,bad,714.0
1 (12-31),True,False,TORONTO,VANCOUVER,2025-12-31,37,Rice Lake,RCLK,2026-01-02T10:20:50Z,2026-01-01T22:12:00Z,ARR,bad,728.0
1 (12-31),True,False,TORONTO,VANCOUVER,2025-12-31,38,Winnitoba,WNTB,2026-01-02T10:28:58Z,2026-01-01T22:26:00Z,ARR,bad,722.0
1 (12-31),True,False,TORONTO,VANCOUVER,2025-12-31,39,Ophir,OPHR,2026-01-02T10:29:00Z,2026-01-01T22:31:00Z,ARR,bad,718.0
1 (12-31),True,False,TORONTO,VANCOUVER,2025-12-31,40,Brereton Lake,BRTL,2026-01-02T10:42:25Z,2026-01-01T22:49:00Z,ARR,bad,713.0
1 (12-31),True,False,TORONTO,VANCOUVER,2025-12-31,41,Elma,ELMA,2026-01-02T11:09:02Z,2026-01-01T23:10:00Z,ARR,bad,719.0
1 (12-31),True,False,TORONTO,VANCOUVER,2025-12-31,42,Winnipeg,WNPG,2026-01-02T12:41:36Z,2026-01-02T01:30:00Z,ARR,bad,671.0
1 (12-31),True,False,TORONTO,VANCOUVER,2025-12-31,43,Portage La Prairie,PLPX,2026-01-02T16:24:59Z,2026-01-02T05:04:00Z,ARR,bad,680.0
1 (12-31),True,False,TORONTO,VANCOUVER,2025-12-31,44,Rivers,RVRS,2026-01-02T19:24:15Z,2026-01-02T07:31:00Z,ARR,bad,713.0
1 (12-31),True,False,TORONTO,VANCOUVER,2025-12-31,45,Melville,MELV,2026-01-02T23:31:04Z,2026-01-02T11:54:00Z,ARR,bad,697.0
1 (12-31),True,False,TORONTO,VANCOUVER,2025-12-31,46,Watrous,WATR,2026-01-03T02:09:34Z,2026-01-02T14:54:00Z,ARR,bad,675.0
1 (12-31),True,False,TORONTO,VANCOUVER,2025-12-31,47,Saskatoon,SASK,2026-01-03T03:31:09Z,2026-01-02T16:50:00Z,ARR,bad,641.0
1 (12-31),True,False,TORONTO,VANCOUVER,2025-12-31,48,Biggar,BIGG,2026-01-03T05:54:08Z,2026-01-02T19:29:00Z,ARR,bad,625.0
1 (12-31),True,False,TORONTO,VANCOUVER,2025-12-31,49,Unity,UNIT,2026-01-03T07:26:39Z,2026-01-02T20:44:00Z,ARR,bad,642.0
1 (12-31),True,False,TORONTO,VANCOUVER,2025-12-31,50,Wainwright,WAIN,2026-01-03T08:50:01Z,2026-01-02T23:33:00Z,ARR,bad,557.0
1 (12-31),True,False,TORONTO,VANCOUVER,2025-12-31,51,Viking,VKNG,2026-01-03T10:05:09Z,2026-01-03T00:26:00Z,ARR,bad,579.0
1 (12-31),True,False,TORONTO,VANCOUVER,2025-12-31,52,Edmonton,EDMO,2026-01-03T11:52:48Z,2026-01-03T03:50:00Z,ARR,bad,482.0
1 (12-31),True,False,TORONTO,VANCOUVER,2025-12-31,53,Evansburg,EVAN,2026-01-03T14:25:42Z,2026-01-03T08:29:00Z,ARR,bad,356.0
1 (12-31),True,False,TORONTO,VANCOUVER,2025-12-31,54,Edson,EDSN,2026-01-03T15:40:48Z,2026-01-03T09:52:00Z,ARR,bad,348.0
1 (12-31),True,False,TORONTO,VANCOUVER,2025-12-31,55,Hinton,HINT,2026-01-03T16:42:34Z,2026-01-03T10:58:00Z,ARR,bad,344.0
1 (12-31),True,False,TORONTO,VANCOUVER,2025-12-31,56,Jasper,JASP,2026-01-03T18:30:49Z,2026-01-03T13:30:00Z,ARR,bad,300.0
1 (12-31),True,False,TORONTO,VANCOUVER,2025-12-31,57,Valemount,VLMT,2026-01-04T00:18:59Z,2026-01-03T18:50:00Z,ARR,bad,328.0
1 (12-31),True,False,TORONTO,VANCOUVER,2025-12-31,58,Blue River,BLUE,2026-01-04T02:14:43Z,2026-01-03T21:36:00Z,ARR,bad,278.0
1 (12-31),True,False,TORONTO,VANCOUVER,2025-12-31,59,Clearwater,CLWT,2026-01-04T04:14:46Z,2026-01-03T23:45:00Z,26 mins,bad,269.0
1 (12-31),True,False,TORONTO,VANCOUVER,2025-12-31,60,Kamloops North,KAMN,2026-01-04T06:57:46Z,2026-01-04T02:28:00Z,3h09,bad,269.0
1 (12-31),True,False,TORONTO,VANCOUVER,2025-12-31,61,Ashcroft,ASHN,&mdash;,2026-01-04T04:49:00Z,&mdash;,,
1 (12-31),True,False,TORONTO,VANCOUVER,2025-12-31,62,Boston Bar,BBAR,&mdash;,2026-01-04T07:36:00Z,&mdash;,,
1 (12-31),True,False,TORONTO,VANCOUVER,2025-12-31,63,Hope,HOPE,&mdash;,2026-01-04T09:06:00Z,&mdash;,,
1 (12-31),True,False,TORONTO,VANCOUVER,2025-12-31,64,Chilliwack,CHIL,&mdash;,2026-01-04T09:30:00Z,&mdash;,,
1 (12-31),True,False,TORONTO,VANCOUVER,2025-12-31,65,Abbotsford,ABBO,&mdash;,2026-01-04T10:00:00Z,&mdash;,,
1 (12-31),True,False,TORONTO,VANCOUVER,2025-12-31,66,Vancouver,VCVR,&mdash;,2026-01-04T16:00:00Z,&mdash;,,
692 (01-01),True,True,CHURCHILL,WINNIPEG,2026-01-01,0,Churchill,CHUR,2026-01-02T05:30:00Z,2026-01-02T02:30:00Z,ARR,bad,180.0
692 (01-01),True,True,CHURCHILL,WINNIPEG,2026-01-01,1,Tidal,TIDL,2026-01-02T05:52:00Z,2026-01-02T02:52:00Z,ARR,bad,180.0
692 (01-01),True,True,CHURCHILL,WINNIPEG,2026-01-01,2,Chesnaye,CHES,2026-01-02T07:26:39Z,2026-01-02T03:38:00Z,ARR,bad,228.0
692 (01-01),True,True,CHURCHILL,WINNIPEG,2026-01-01,3,M'Clintock,MCLI,2026-01-02T08:51:41Z,2026-01-02T04:54:00Z,ARR,bad,237.0
692 (01-01),True,True,CHURCHILL,WINNIPEG,2026-01-01,4,O'Day,ODAY,2026-01-02T10:10:09Z,2026-01-02T05:39:00Z,ARR,bad,271.0
692 (01-01),True,True,CHURCHILL,WINNIPEG,2026-01-01,5,Herchmer,HERC,2026-01-02T10:45:10Z,2026-01-02T06:18:00Z,ARR,bad,267.0
692 (01-01),True,True,CHURCHILL,WINNIPEG,2026-01-01,6,Thibaudeau,THIB,2026-01-02T12:07:30Z,2026-01-02T07:44:00Z,ARR,bad,263.0
692 (01-01),True,True,CHURCHILL,WINNIPEG,2026-01-01,7,Weir River,WEIR,2026-01-02T13:02:26Z,2026-01-02T08:46:00Z,ARR,bad,256.0
692 (01-01),True,True,CHURCHILL,WINNIPEG,2026-01-01,8,Amery,AMRY,2026-01-02T13:43:11Z,2026-01-02T09:37:00Z,ARR,bad,246.0
692 (01-01),True,True,CHURCHILL,WINNIPEG,2026-01-01,9,Bird,BIRD,2026-01-02T14:12:50Z,2026-01-02T10:00:00Z,ARR,bad,252.0
692 (01-01),True,True,CHURCHILL,WINNIPEG,2026-01-01,10,Gillam,GILL,2026-01-02T15:04:45Z,2026-01-02T11:00:00Z,ARR,bad,244.0
692 (01-01),True,True,CHURCHILL,WINNIPEG,2026-01-01,11,Wivenhoe,WVHO,2026-01-02T16:04:31Z,2026-01-02T12:16:00Z,ARR,bad,228.0
692 (01-01),True,True,CHURCHILL,WINNIPEG,2026-01-01,12,Ilford,ILFO,2026-01-02T16:43:07Z,2026-01-02T12:53:00Z,ARR,bad,230.0
692 (01-01),True,True,CHURCHILL,WINNIPEG,2026-01-01,13,Pit Siding,PITS,2026-01-02T18:14:25Z,2026-01-02T13:54:00Z,ARR,bad,260.0
692 (01-01),True,True,CHURCHILL,WINNIPEG,2026-01-01,14,Bridgar,BRGR,2026-01-02T19:53:21Z,2026-01-02T15:16:00Z,ARR,bad,277.0
692 (01-01),True,True,CHURCHILL,WINNIPEG,2026-01-01,15,Pikwitonei,PIKW,2026-01-02T20:04:21Z,2026-01-02T15:27:00Z,ARR,bad,277.0
692 (01-01),True,True,CHURCHILL,WINNIPEG,2026-01-01,16,Sipiwesk,SIPI,2026-01-02T20:46:22Z,2026-01-02T15:54:00Z,ARR,bad,292.0
692 (01-01),True,True,CHURCHILL,WINNIPEG,2026-01-01,17,Thompson,THOM,2026-01-03T00:05:20Z,2026-01-02T17:30:00Z,ARR,bad,395.0
692 (01-01),True,True,CHURCHILL,WINNIPEG,2026-01-01,18,Leven,LEVN,2026-01-03T01:47:39Z,2026-01-02T22:05:00Z,ARR,bad,222.0
692 (01-01),True,True,CHURCHILL,WINNIPEG,2026-01-01,19,Thicket Portage,THKP,2026-01-03T02:02:39Z,2026-01-02T22:22:00Z,ARR,bad,220.0
692 (01-01),True,True,CHURCHILL,WINNIPEG,2026-01-01,20,Hockin,HOCK,2026-01-03T02:36:14Z,2026-01-02T22:37:00Z,ARR,bad,239.0
692 (01-01),True,True,CHURCHILL,WINNIPEG,2026-01-01,21,Odhill,ODHI,2026-01-03T03:16:21Z,2026-01-02T23:21:00Z,ARR,bad,235.0
692 (01-01),True,True,CHURCHILL,WINNIPEG,2026-01-01,22,Lyddal,LYDD,2026-01-03T03:41:40Z,2026-01-02T23:43:00Z,ARR,bad,238.0
692 (01-01),True,True,CHURCHILL,WINNIPEG,2026-01-01,23,Wabowden,WBDN,2026-01-03T04:08:17Z,2026-01-03T00:11:00Z,ARR,bad,237.0
692 (01-01),True,True,CHURCHILL,WINNIPEG,2026-01-01,24,Pipun,PIPN,2026-01-03T04:23:47Z,2026-01-03T00:34:00Z,ARR,bad,229.0
692 (01-01),True,True,CHURCHILL,WINNIPEG,2026-01-01,25,Ponton,PNTN,2026-01-03T05:11:03Z,2026-01-03T01:17:00Z,ARR,bad,234.0
692 (01-01),True,True,CHURCHILL,WINNIPEG,2026-01-01,26,Turnbull,TURN,2026-01-03T05:38:57Z,2026-01-03T01:49:00Z,ARR,bad,229.0
692 (01-01),True,True,CHURCHILL,WINNIPEG,2026-01-01,27,Wekusko,WEKU,2026-01-03T06:02:36Z,2026-01-03T02:16:00Z,ARR,bad,226.0
692 (01-01),True,True,CHURCHILL,WINNIPEG,2026-01-01,28,Dyce,DYCE,2026-01-03T06:53:32Z,2026-01-03T03:00:00Z,ARR,bad,233.0
692 (01-01),True,True,CHURCHILL,WINNIPEG,2026-01-01,29,Dering,DERI,2026-01-03T07:28:33Z,2026-01-03T03:39:00Z,ARR,bad,229.0
692 (01-01),True,True,CHURCHILL,WINNIPEG,2026-01-01,30,Cormorant,CORM,2026-01-03T07:36:33Z,2026-01-03T03:47:00Z,ARR,bad,229.0
692 (01-01),True,True,CHURCHILL,WINNIPEG,2026-01-01,31,Halcrow,HALC,2026-01-03T07:47:33Z,2026-01-03T03:58:00Z,ARR,bad,229.0
692 (01-01),True,True,CHURCHILL,WINNIPEG,2026-01-01,32,Orok,OROK,2026-01-03T08:32:19Z,2026-01-03T04:52:00Z,ARR,bad,220.0
692 (01-01),True,True,CHURCHILL,WINNIPEG,2026-01-01,33,The Pas,TPAS,2026-01-03T09:10:13Z,2026-01-03T05:30:00Z,ARR,bad,220.0
692 (01-01),True,True,CHURCHILL,WINNIPEG,2026-01-01,34,Hudson Bay,HBAY,2026-01-03T12:37:39Z,2026-01-03T11:27:00Z,ARR,bad,70.0
692 (01-01),True,True,CHURCHILL,WINNIPEG,2026-01-01,35,Reserve,RSRV,2026-01-03T13:33:03Z,2026-01-03T12:09:00Z,ARR,bad,84.0
692 (01-01),True,True,CHURCHILL,WINNIPEG,2026-01-01,36,Endeavour,ENDV,2026-01-03T14:15:38Z,2026-01-03T12:55:00Z,ARR,bad,80.0
692 (01-01),True,True,CHURCHILL,WINNIPEG,2026-01-01,37,Sturgis,STGS,2026-01-03T14:47:07Z,2026-01-03T13:24:00Z,ARR,bad,83.0
692 (01-01),True,True,CHURCHILL,WINNIPEG,2026-01-01,38,Canora,CANO,2026-01-03T15:38:57Z,2026-01-03T14:08:00Z,ARR,bad,90.0
692 (01-01),True,True,CHURCHILL,WINNIPEG,2026-01-01,39,Mikado,MIKA,2026-01-03T15:56:06Z,2026-01-03T14:30:00Z,ARR,bad,86.0
692 (01-01),True,True,CHURCHILL,WINNIPEG,2026-01-01,40,Veregin,VERE,2026-01-03T16:07:48Z,2026-01-03T14:43:00Z,ARR,bad,84.0
692 (01-01),True,True,CHURCHILL,WINNIPEG,2026-01-01,41,Kamsack,KAMS,2026-01-03T16:19:23Z,2026-01-03T14:58:00Z,ARR,bad,81.0
692 (01-01),True,True,CHURCHILL,WINNIPEG,2026-01-01,42,Togo,TOGO,2026-01-03T16:52:58Z,2026-01-03T15:37:00Z,ARR,bad,75.0
692 (01-01),True,True,CHURCHILL,WINNIPEG,2026-01-01,43,Roblin,RBLN,2026-01-03T17:19:38Z,2026-01-03T16:14:00Z,ARR,bad,65.0
692 (01-01),True,True,CHURCHILL,WINNIPEG,2026-01-01,44,Grandview,GVIE,2026-01-03T18:32:40Z,2026-01-03T17:12:00Z,ARR,bad,80.0
692 (01-01),True,True,CHURCHILL,WINNIPEG,2026-01-01,45,Gilbert Plains,GLBP,2026-01-03T18:51:30Z,2026-01-03T17:32:00Z,ARR,bad,79.0
692 (01-01),True,True,CHURCHILL,WINNIPEG,2026-01-01,46,Dauphin,DAUP,2026-01-03T19:28:21Z,2026-01-03T17:56:00Z,ARR,bad,92.0
692 (01-01),True,True,CHURCHILL,WINNIPEG,2026-01-01,47,Ochre River,OCHR,2026-01-03T19:59:52Z,2026-01-03T18:20:00Z,ARR,bad,99.0
692 (01-01),True,True,CHURCHILL,WINNIPEG,2026-01-01,48,Laurier,LRIE,2026-01-03T20:16:17Z,2026-01-03T18:38:00Z,ARR,bad,98.0
692 (01-01),True,True,CHURCHILL,WINNIPEG,2026-01-01,49,Mccreary,MCCR,2026-01-03T20:38:28Z,2026-01-03T18:54:00Z,ARR,bad,104.0
692 (01-01),True,True,CHURCHILL,WINNIPEG,2026-01-01,50,Glenella,GLNA,2026-01-03T21:22:54Z,2026-01-03T19:34:00Z,ARR,bad,108.0
692 (01-01),True,True,CHURCHILL,WINNIPEG,2026-01-01,51,Plumas,PLUM,2026-01-03T21:52:48Z,2026-01-03T20:06:00Z,ARR,bad,106.0
692 (01-01),True,True,CHURCHILL,WINNIPEG,2026-01-01,52,Gladstone,GSTO,2026-01-03T22:22:50Z,2026-01-03T20:51:00Z,ARR,bad,91.0
692 (01-01),True,True,CHURCHILL,WINNIPEG,2026-01-01,53,Portage La Prairie,PLPX,2026-01-03T23:06:36Z,2026-01-03T21:37:00Z,ARR,bad,89.0
692 (01-01),True,True,CHURCHILL,WINNIPEG,2026-01-01,54,Winnipeg,WNPG,2026-01-04T00:18:52Z,2026-01-03T22:45:00Z,ARR,bad,93.0
2 (01-02),True,False,VANCOUVER,TORONTO,2026-01-02,0,Vancouver,VCVR,2026-01-02T23:00:00Z,2026-01-02T23:00:00Z,ARR,goo,0.0
2 (01-02),True,False,VANCOUVER,TORONTO,2026-01-02,1,Mission Harbour,MSNH,2026-01-03T00:44:54Z,2026-01-03T00:35:00Z,ARR,med,9.0
2 (01-02),True,False,VANCOUVER,TORONTO,2026-01-02,2,Agassiz,AGAS,2026-01-03T01:26:42Z,2026-01-03T01:03:00Z,ARR,bad,23.0
2 (01-02),True,False,VANCOUVER,TORONTO,2026-01-02,3,Katz,KATZ,2026-01-03T01:50:17Z,2026-01-03T01:17:00Z,ARR,bad,33.0
2 (01-02),True,False,VANCOUVER,TORONTO,2026-01-02,4,North Bend,NBND,2026-01-03T03:55:17Z,2026-01-03T03:46:00Z,ARR,med,9.0
2 (01-02),True,False,VANCOUVER,TORONTO,2026-01-02,5,Ashcroft,ASHN,2026-01-03T06:20:39Z,2026-01-03T06:32:00Z,ARR,goo,-11.0
2 (01-02),True,False,VANCOUVER,TORONTO,2026-01-02,6,Kamloops North,KAMN,2026-01-03T07:58:28Z,2026-01-03T08:17:00Z,ARR,goo,-18.0
2 (01-02),True,False,VANCOUVER,TORONTO,2026-01-02,7,Clearwater,CLWT,2026-01-03T10:35:45Z,2026-01-03T10:58:00Z,ARR,goo,-22.0
2 (01-02),True,False,VANCOUVER,TORONTO,2026-01-02,8,Blue River,BLUE,2026-01-03T12:40:22Z,2026-01-03T13:11:00Z,ARR,goo,-30.0
2 (01-02),True,False,VANCOUVER,TORONTO,2026-01-02,9,Valemount,VLMT,2026-01-03T14:16:27Z,2026-01-03T15:01:00Z,ARR,goo,-44.0
2 (01-02),True,False,VANCOUVER,TORONTO,2026-01-02,10,Jasper,JASP,2026-01-03T16:05:40Z,2026-01-03T18:00:00Z,ARR,goo,-114.0
2 (01-02),True,False,VANCOUVER,TORONTO,2026-01-02,11,Hinton,HINT,2026-01-03T20:47:47Z,2026-01-03T20:45:00Z,ARR,goo,2.0
2 (01-02),True,False,VANCOUVER,TORONTO,2026-01-02,12,Edson,EDSN,2026-01-03T21:44:37Z,2026-01-03T22:19:00Z,ARR,goo,-34.0
2 (01-02),True,False,VANCOUVER,TORONTO,2026-01-02,13,Evansburg,EVAN,2026-01-03T23:13:33Z,2026-01-03T23:28:00Z,ARR,goo,-14.0
2 (01-02),True,False,VANCOUVER,TORONTO,2026-01-02,14,Edmonton,EDMO,2026-01-04T00:35:54Z,2026-01-04T01:50:00Z,ARR,goo,-74.0
2 (01-02),True,False,VANCOUVER,TORONTO,2026-01-02,15,Viking,VKNG,2026-01-04T05:29:08Z,2026-01-04T04:53:00Z,1h40,bad,36.0
2 (01-02),True,False,VANCOUVER,TORONTO,2026-01-02,16,Wainwright,WAIN,2026-01-04T07:50:08Z,2026-01-04T07:14:00Z,4h01,bad,36.0
2 (01-02),True,False,VANCOUVER,TORONTO,2026-01-02,17,Unity,UNIT,&mdash;,2026-01-04T08:47:00Z,&mdash;,,
2 (01-02),True,False,VANCOUVER,TORONTO,2026-01-02,18,Biggar,BIGG,&mdash;,2026-01-04T10:21:00Z,&mdash;,,
2 (01-02),True,False,VANCOUVER,TORONTO,2026-01-02,19,Saskatoon,SASK,&mdash;,2026-01-04T12:57:00Z,&mdash;,,
2 (01-02),True,False,VANCOUVER,TORONTO,2026-01-02,20,Watrous,WATR,&mdash;,2026-01-04T15:26:00Z,&mdash;,,
185 (01-03),True,True,SUDBURY,WHITE RIVER,2026-01-03,0,Sudbury,SUDB,2026-01-03T14:00:00Z,2026-01-03T14:00:00Z,ARR,goo,0.0
185 (01-03),True,True,SUDBURY,WHITE RIVER,2026-01-03,1,Azilda,AZIL,2026-01-03T14:15:49Z,2026-01-03T14:10:00Z,ARR,goo,5.0
185 (01-03),True,True,SUDBURY,WHITE RIVER,2026-01-03,2,Chelmsford,CHEL,2026-01-03T14:19:24Z,2026-01-03T14:15:00Z,ARR,goo,4.0
185 (01-03),True,True,SUDBURY,WHITE RIVER,2026-01-03,3,Larchwood,LARC,2026-01-03T14:38:22Z,2026-01-03T14:19:00Z,ARR,med,19.0
185 (01-03),True,True,SUDBURY,WHITE RIVER,2026-01-03,4,Levack,LEVA,2026-01-03T14:50:19Z,2026-01-03T14:30:00Z,ARR,bad,20.0
185 (01-03),True,True,SUDBURY,WHITE RIVER,2026-01-03,5,Cartier,CART,2026-01-03T15:04:36Z,2026-01-03T14:45:00Z,ARR,med,19.0
185 (01-03),True,True,SUDBURY,WHITE RIVER,2026-01-03,6,Benny,BENN,2026-01-03T15:16:28Z,2026-01-03T15:05:00Z,ARR,med,11.0
185 (01-03),True,True,SUDBURY,WHITE RIVER,2026-01-03,7,Stralak,STRL,2026-01-03T15:21:06Z,2026-01-03T15:12:00Z,ARR,med,9.0
185 (01-03),True,True,SUDBURY,WHITE RIVER,2026-01-03,8,Pogamasing,POGA,2026-01-03T15:33:36Z,2026-01-03T15:25:00Z,ARR,med,8.0
185 (01-03),True,True,SUDBURY,WHITE RIVER,2026-01-03,9,Sheahan,SHEA,2026-01-03T15:37:35Z,2026-01-03T15:30:00Z,ARR,med,7.0
185 (01-03),True,True,SUDBURY,WHITE RIVER,2026-01-03,10,Forks,FRKS,2026-01-03T15:47:14Z,2026-01-03T15:40:00Z,ARR,med,7.0
185 (01-03),True,True,SUDBURY,WHITE RIVER,2026-01-03,11,Metagama,MTGM,2026-01-03T15:57:14Z,2026-01-03T15:50:00Z,ARR,med,7.0
185 (01-03),True,True,SUDBURY,WHITE RIVER,2026-01-03,12,Sinker,SNKR,2026-01-03T16:02:14Z,2026-01-03T15:55:00Z,ARR,med,7.0
185 (01-03),True,True,SUDBURY,WHITE RIVER,2026-01-03,13,Biscotasing,BISC,2026-01-03T16:25:38Z,2026-01-03T16:20:00Z,ARR,goo,5.0
185 (01-03),True,True,SUDBURY,WHITE RIVER,2026-01-03,14,Roberts,RBRT,2026-01-03T16:35:38Z,2026-01-03T16:30:00Z,ARR,goo,5.0
185 (01-03),True,True,SUDBURY,WHITE RIVER,2026-01-03,15,Ramsey,RAMS,2026-01-03T16:50:38Z,2026-01-03T16:45:00Z,ARR,goo,5.0
185 (01-03),True,True,SUDBURY,WHITE RIVER,2026-01-03,16,Woman River,WOMR,2026-01-03T17:10:38Z,2026-01-03T17:05:00Z,ARR,goo,5.0
185 (01-03),True,True,SUDBURY,WHITE RIVER,2026-01-03,17,Sultan,SULT,2026-01-03T17:25:38Z,2026-01-03T17:20:00Z,ARR,goo,5.0
185 (01-03),True,True,SUDBURY,WHITE RIVER,2026-01-03,18,Kormak,KORM,2026-01-03T17:40:38Z,2026-01-03T17:35:00Z,ARR,goo,5.0
185 (01-03),True,True,SUDBURY,WHITE RIVER,2026-01-03,19,Kinogama,KINO,2026-01-03T17:45:38Z,2026-01-03T17:40:00Z,ARR,goo,5.0
185 (01-03),True,True,SUDBURY,WHITE RIVER,2026-01-03,20,Nemegos,NEME,2026-01-03T17:45:29Z,2026-01-03T17:55:00Z,ARR,goo,-9.0
185 (01-03),True,True,SUDBURY,WHITE RIVER,2026-01-03,21,Devon,DEVN,2026-01-03T17:57:18Z,2026-01-03T18:05:00Z,ARR,goo,-7.0
185 (01-03),True,True,SUDBURY,WHITE RIVER,2026-01-03,22,Chapleau,CHAP,2026-01-03T18:23:12Z,2026-01-03T18:20:00Z,ARR,goo,3.0
185 (01-03),True,True,SUDBURY,WHITE RIVER,2026-01-03,23,Esher,ESHR,2026-01-03T18:48:32Z,2026-01-03T18:50:00Z,ARR,goo,-1.0
185 (01-03),True,True,SUDBURY,WHITE RIVER,2026-01-03,24,Musk,MUSK,2026-01-03T18:59:21Z,2026-01-03T19:00:00Z,ARR,goo,0.0
185 (01-03),True,True,SUDBURY,WHITE RIVER,2026-01-03,25,Nicholson,NICH,2026-01-03T19:05:25Z,2026-01-03T19:10:00Z,ARR,goo,-4.0
185 (01-03),True,True,SUDBURY,WHITE RIVER,2026-01-03,26,Bolkow,BOLK,2026-01-03T19:22:22Z,2026-01-03T19:30:00Z,ARR,goo,-7.0
185 (01-03),True,True,SUDBURY,WHITE RIVER,2026-01-03,27,Dalton,DALT,2026-01-03T19:45:00Z,2026-01-03T19:45:00Z,ARR,goo,0.0
185 (01-03),True,True,SUDBURY,WHITE RIVER,2026-01-03,28,Missanabie,MSBI,2026-01-03T19:58:53Z,2026-01-03T20:10:00Z,ARR,goo,-11.0
185 (01-03),True,True,SUDBURY,WHITE RIVER,2026-01-03,29,Lochalsh,LOCH,2026-01-03T20:30:00Z,2026-01-03T20:30:00Z,ARR,goo,0.0
185 (01-03),True,True,SUDBURY,WHITE RIVER,2026-01-03,30,Franz,FRNZ,2026-01-03T20:27:44Z,2026-01-03T20:50:00Z,ARR,goo,-22.0
185 (01-03),True,True,SUDBURY,WHITE RIVER,2026-01-03,31,Swanson,SWAN,2026-01-03T20:37:42Z,2026-01-03T21:00:00Z,ARR,goo,-22.0
185 (01-03),True,True,SUDBURY,WHITE RIVER,2026-01-03,32,Girdwood,GIRD,2026-01-03T20:55:38Z,2026-01-03T21:25:00Z,ARR,goo,-29.0
185 (01-03),True,True,SUDBURY,WHITE RIVER,2026-01-03,33,Amyot,AMYO,2026-01-03T21:06:34Z,2026-01-03T21:35:00Z,ARR,goo,-28.0
185 (01-03),True,True,SUDBURY,WHITE RIVER,2026-01-03,34,O'Brien,OBRI,2026-01-03T21:20:43Z,2026-01-03T21:50:00Z,ARR,goo,-29.0
185 (01-03),True,True,SUDBURY,WHITE RIVER,2026-01-03,35,White River,WHTR,2026-01-03T21:39:43Z,2026-01-03T22:05:00Z,ARR,goo,-25.0
692 (01-03),True,False,CHURCHILL,WINNIPEG,2026-01-03,0,Churchill,CHUR,2026-01-04T03:21:04Z,2026-01-04T02:30:00Z,ARR,bad,51.0
692 (01-03),True,False,CHURCHILL,WINNIPEG,2026-01-03,1,Tidal,TIDL,2026-01-04T03:48:39Z,2026-01-04T02:52:00Z,< 1 min,bad,56.0
692 (01-03),True,False,CHURCHILL,WINNIPEG,2026-01-03,2,Chesnaye,CHES,2026-01-04T04:34:39Z,2026-01-04T03:38:00Z,46 mins,bad,56.0
692 (01-03),True,False,CHURCHILL,WINNIPEG,2026-01-03,3,M'Clintock,MCLI,2026-01-04T05:50:39Z,2026-01-04T04:54:00Z,2h02,bad,56.0
692 (01-03),True,False,CHURCHILL,WINNIPEG,2026-01-03,4,O'Day,ODAY,2026-01-04T06:35:39Z,2026-01-04T05:39:00Z,2h47,bad,56.0
692 (01-03),True,False,CHURCHILL,WINNIPEG,2026-01-03,5,Herchmer,HERC,2026-01-04T07:14:39Z,2026-01-04T06:18:00Z,3h26,bad,56.0
692 (01-03),True,False,CHURCHILL,WINNIPEG,2026-01-03,6,Thibaudeau,THIB,2026-01-04T08:40:39Z,2026-01-04T07:44:00Z,4h52,bad,56.0
692 (01-03),True,False,CHURCHILL,WINNIPEG,2026-01-03,7,Weir River,WEIR,2026-01-04T09:42:39Z,2026-01-04T08:46:00Z,5h54,bad,56.0
692 (01-03),True,False,CHURCHILL,WINNIPEG,2026-01-03,8,Amery,AMRY,2026-01-04T10:33:39Z,2026-01-04T09:37:00Z,6h45,bad,56.0
692 (01-03),True,False,CHURCHILL,WINNIPEG,2026-01-03,9,Bird,BIRD,2026-01-04T10:56:39Z,2026-01-04T10:00:00Z,7h08,bad,56.0
692 (01-03),True,False,CHURCHILL,WINNIPEG,2026-01-03,10,Gillam,GILL,2026-01-04T11:56:39Z,2026-01-04T11:00:00Z,8h08,bad,56.0
692 (01-03),True,False,CHURCHILL,WINNIPEG,2026-01-03,11,Wivenhoe,WVHO,2026-01-04T13:12:39Z,2026-01-04T12:16:00Z,9h24,bad,56.0
692 (01-03),True,False,CHURCHILL,WINNIPEG,2026-01-03,12,Ilford,ILFO,2026-01-04T13:49:39Z,2026-01-04T12:53:00Z,10h01,bad,56.0
692 (01-03),True,False,CHURCHILL,WINNIPEG,2026-01-03,13,Pit Siding,PITS,2026-01-04T14:50:39Z,2026-01-04T13:54:00Z,11h02,bad,56.0
692 (01-03),True,False,CHURCHILL,WINNIPEG,2026-01-03,14,Bridgar,BRGR,2026-01-04T16:12:39Z,2026-01-04T15:16:00Z,12h24,bad,56.0
692 (01-03),True,False,CHURCHILL,WINNIPEG,2026-01-03,15,Pikwitonei,PIKW,2026-01-04T16:23:39Z,2026-01-04T15:27:00Z,12h35,bad,56.0
692 (01-03),True,False,CHURCHILL,WINNIPEG,2026-01-03,16,Sipiwesk,SIPI,2026-01-04T16:50:39Z,2026-01-04T15:54:00Z,13h02,bad,56.0
692 (01-03),True,False,CHURCHILL,WINNIPEG,2026-01-03,17,Thompson,THOM,2026-01-04T18:26:39Z,2026-01-04T17:30:00Z,14h38,bad,56.0
185 (01-01),True,False,SUDBURY,WHITE RIVER,2026-01-01,0,Sudbury,SUDB,&mdash;,2026-01-01T14:00:00Z,&mdash;,,
185 (01-01),True,False,SUDBURY,WHITE RIVER,2026-01-01,1,Azilda,AZIL,&mdash;,2026-01-01T14:10:00Z,&mdash;,,
185 (01-01),True,False,SUDBURY,WHITE RIVER,2026-01-01,2,Chelmsford,CHEL,&mdash;,2026-01-01T14:15:00Z,&mdash;,,
185 (01-01),True,False,SUDBURY,WHITE RIVER,2026-01-01,3,Larchwood,LARC,&mdash;,2026-01-01T14:19:00Z,&mdash;,,
185 (01-01),True,False,SUDBURY,WHITE RIVER,2026-01-01,4,Levack,LEVA,&mdash;,2026-01-01T14:30:00Z,&mdash;,,
185 (01-01),True,False,SUDBURY,WHITE RIVER,2026-01-01,5,Cartier,CART,&mdash;,2026-01-01T14:45:00Z,&mdash;,,
185 (01-01),True,False,SUDBURY,WHITE RIVER,2026-01-01,6,Benny,BENN,&mdash;,2026-01-01T15:05:00Z,&mdash;,,
185 (01-01),True,False,SUDBURY,WHITE RIVER,2026-01-01,7,Stralak,STRL,&mdash;,2026-01-01T15:12:00Z,&mdash;,,
185 (01-01),True,False,SUDBURY,WHITE RIVER,2026-01-01,8,Pogamasing,POGA,&mdash;,2026-01-01T15:25:00Z,&mdash;,,
185 (01-01),True,False,SUDBURY,WHITE RIVER,2026-01-01,9,Sheahan,SHEA,&mdash;,2026-01-01T15:30:00Z,&mdash;,,
185 (01-01),True,False,SUDBURY,WHITE RIVER,2026-01-01,10,Forks,FRKS,&mdash;,2026-01-01T15:40:00Z,&mdash;,,
185 (01-01),True,False,SUDBURY,WHITE RIVER,2026-01-01,11,Metagama,MTGM,&mdash;,2026-01-01T15:50:00Z,&mdash;,,
185 (01-01),True,False,SUDBURY,WHITE RIVER,2026-01-01,12,Sinker,SNKR,&mdash;,2026-01-01T15:55:00Z,&mdash;,,
185 (01-01),True,False,SUDBURY,WHITE RIVER,2026-01-01,13,Biscotasing,BISC,&mdash;,2026-01-01T16:20:00Z,&mdash;,,
185 (01-01),True,False,SUDBURY,WHITE RIVER,2026-01-01,14,Roberts,RBRT,&mdash;,2026-01-01T16:30:00Z,&mdash;,,
185 (01-01),True,False,SUDBURY,WHITE RIVER,2026-01-01,15,Ramsey,RAMS,&mdash;,2026-01-01T16:45:00Z,&mdash;,,
185 (01-01),True,False,SUDBURY,WHITE RIVER,2026-01-01,16,Woman River,WOMR,&mdash;,2026-01-01T17:05:00Z,&mdash;,,
185 (01-01),True,False,SUDBURY,WHITE RIVER,2026-01-01,17,Sultan,SULT,&mdash;,2026-01-01T17:20:00Z,&mdash;,,
185 (01-01),True,False,SUDBURY,WHITE RIVER,2026-01-01,18,Kormak,KORM,&mdash;,2026-01-01T17:35:00Z,&mdash;,,
185 (01-01),True,False,SUDBURY,WHITE RIVER,2026-01-01,19,Kinogama,KINO,&mdash;,2026-01-01T17:40:00Z,&mdash;,,
185 (01-01),True,False,SUDBURY,WHITE RIVER,2026-01-01,20,Nemegos,NEME,&mdash;,2026-01-01T17:55:00Z,&mdash;,,
185 (01-01),True,False,SUDBURY,WHITE RIVER,2026-01-01,21,Devon,DEVN,&mdash;,2026-01-01T18:05:00Z,&mdash;,,
185 (01-01),True,False,SUDBURY,WHITE RIVER,2026-01-01,22,Chapleau,CHAP,&mdash;,2026-01-01T18:20:00Z,&mdash;,,
185 (01-01),True,False,SUDBURY,WHITE RIVER,2026-01-01,23,Esher,ESHR,&mdash;,2026-01-01T18:50:00Z,&mdash;,,
185 (01-01),True,False,SUDBURY,WHITE RIVER,2026-01-01,24,Musk,MUSK,&mdash;,2026-01-01T19:00:00Z,&mdash;,,
185 (01-01),True,False,SUDBURY,WHITE RIVER,2026-01-01,25,Nicholson,NICH,&mdash;,2026-01-01T19:10:00Z,&mdash;,,
185 (01-01),True,False,SUDBURY,WHITE RIVER,2026-01-01,26,Bolkow,BOLK,&mdash;,2026-01-01T19:30:00Z,&mdash;,,
185 (01-01),True,False,SUDBURY,WHITE RIVER,2026-01-01,27,Dalton,DALT,&mdash;,2026-01-01T19:45:00Z,&mdash;,,
185 (01-01),True,False,SUDBURY,WHITE RIVER,2026-01-01,28,Missanabie,MSBI,&mdash;,2026-01-01T20:10:00Z,&mdash;,,
185 (01-01),True,False,SUDBURY,WHITE RIVER,2026-01-01,29,Lochalsh,LOCH,&mdash;,2026-01-01T20:30:00Z,&mdash;,,
185 (01-01),True,False,SUDBURY,WHITE RIVER,2026-01-01,30,Franz,FRNZ,&mdash;,2026-01-01T20:50:00Z,&mdash;,,
185 (01-01),True,False,SUDBURY,WHITE RIVER,2026-01-01,31,Swanson,SWAN,&mdash;,2026-01-01T21:00:00Z,&mdash;,,
185 (01-01),True,False,SUDBURY,WHITE RIVER,2026-01-01,32,Girdwood,GIRD,&mdash;,2026-01-01T21:25:00Z,&mdash;,,
185 (01-01),True,False,SUDBURY,WHITE RIVER,2026-01-01,33,Amyot,AMYO,&mdash;,2026-01-01T21:35:00Z,&mdash;,,
185 (01-01),True,False,SUDBURY,WHITE RIVER,2026-01-01,34,O'Brien,OBRI,&mdash;,2026-01-01T21:50:00Z,&mdash;,,
185 (01-01),True,False,SUDBURY,WHITE RIVER,2026-01-01,35,White River,WHTR,&mdash;,2026-01-01T22:05:00Z,&mdash;,,
691,True,True,THE PAS,CHURCHILL,2026-01-02,0,The Pas,TPAS,2026-01-02T08:30:00Z,2026-01-02T08:30:00Z,ARR,goo,0.0
691,True,True,THE PAS,CHURCHILL,2026-01-02,1,Orok,OROK,2026-01-02T09:07:11Z,2026-01-02T09:07:00Z,ARR,goo,0.0
691,True,True,THE PAS,CHURCHILL,2026-01-02,2,Halcrow,HALC,2026-01-02T09:53:55Z,2026-01-02T10:01:00Z,ARR,goo,-7.0
691,True,True,THE PAS,CHURCHILL,2026-01-02,3,Cormorant,CORM,2026-01-02T10:12:00Z,2026-01-02T10:12:00Z,ARR,goo,0.0
691,True,True,THE PAS,CHURCHILL,2026-01-02,4,Dering,DERI,2026-01-02T10:20:00Z,2026-01-02T10:20:00Z,ARR,goo,0.0
691,True,True,THE PAS,CHURCHILL,2026-01-02,5,Dyce,DYCE,2026-01-02T10:59:00Z,2026-01-02T10:59:00Z,ARR,goo,0.0
691,True,True,THE PAS,CHURCHILL,2026-01-02,6,Wekusko,WEKU,2026-01-02T11:33:28Z,2026-01-02T11:43:00Z,ARR,goo,-9.0
691,True,True,THE PAS,CHURCHILL,2026-01-02,7,Turnbull,TURN,2026-01-02T11:57:30Z,2026-01-02T12:10:00Z,ARR,goo,-12.0
691,True,True,THE PAS,CHURCHILL,2026-01-02,8,Ponton,PNTN,2026-01-02T12:24:32Z,2026-01-02T12:42:00Z,ARR,goo,-17.0
691,True,True,THE PAS,CHURCHILL,2026-01-02,9,Pipun,PIPN,2026-01-02T13:09:56Z,2026-01-02T13:25:00Z,ARR,goo,-15.0
691,True,True,THE PAS,CHURCHILL,2026-01-02,10,Wabowden,WBDN,2026-01-02T13:26:56Z,2026-01-02T13:48:00Z,ARR,goo,-21.0
691,True,True,THE PAS,CHURCHILL,2026-01-02,11,Lyddal,LYDD,2026-01-02T14:12:31Z,2026-01-02T14:16:00Z,ARR,goo,-3.0
691,True,True,THE PAS,CHURCHILL,2026-01-02,12,Odhill,ODHI,2026-01-02T14:37:06Z,2026-01-02T14:38:00Z,ARR,goo,0.0
691,True,True,THE PAS,CHURCHILL,2026-01-02,13,Hockin,HOCK,2026-01-02T15:15:27Z,2026-01-02T15:22:00Z,ARR,goo,-6.0
691,True,True,THE PAS,CHURCHILL,2026-01-02,14,Thicket Portage,THKP,2026-01-02T15:28:47Z,2026-01-02T15:37:00Z,ARR,goo,-8.0
691,True,True,THE PAS,CHURCHILL,2026-01-02,15,Leven,LEVN,2026-01-02T15:51:29Z,2026-01-02T15:54:00Z,ARR,goo,-2.0
691,True,True,THE PAS,CHURCHILL,2026-01-02,16,Thompson,THOM,2026-01-02T19:20:57Z,2026-01-02T18:00:00Z,ARR,bad,80.0
691,True,True,THE PAS,CHURCHILL,2026-01-02,17,Sipiwesk,SIPI,2026-01-03T01:32:38Z,2026-01-03T00:35:00Z,ARR,bad,57.0
691,True,True,THE PAS,CHURCHILL,2026-01-02,18,Pikwitonei,PIKW,2026-01-03T01:59:38Z,2026-01-03T01:02:00Z,ARR,bad,57.0
691,True,True,THE PAS,CHURCHILL,2026-01-02,19,Bridgar,BRGR,2026-01-03T02:10:38Z,2026-01-03T01:13:00Z,ARR,bad,57.0
691,True,True,THE PAS,CHURCHILL,2026-01-02,20,Pit Siding,PITS,2026-01-03T03:32:38Z,2026-01-03T02:35:00Z,ARR,bad,57.0
691,True,True,THE PAS,CHURCHILL,2026-01-02,21,Ilford,ILFO,2026-01-03T05:31:01Z,2026-01-03T03:36:00Z,ARR,bad,115.0
691,True,True,THE PAS,CHURCHILL,2026-01-02,22,Wivenhoe,WVHO,2026-01-03T06:16:24Z,2026-01-03T04:13:00Z,ARR,bad,123.0
691,True,True,THE PAS,CHURCHILL,2026-01-02,23,Gillam,GILL,2026-01-03T07:04:39Z,2026-01-03T05:00:01Z,ARR,bad,124.0
691,True,True,THE PAS,CHURCHILL,2026-01-02,24,Bird,BIRD,2026-01-03T08:09:15Z,2026-01-03T06:29:00Z,ARR,bad,100.0
691,True,True,THE PAS,CHURCHILL,2026-01-02,25,Amery,AMRY,2026-01-03T08:33:55Z,2026-01-03T06:51:00Z,ARR,bad,102.0
691,True,True,THE PAS,CHURCHILL,2026-01-02,26,Weir River,WEIR,2026-01-03T09:33:29Z,2026-01-03T07:43:00Z,ARR,bad,110.0
691,True,True,THE PAS,CHURCHILL,2026-01-02,27,Thibaudeau,THIB,2026-01-03T10:26:24Z,2026-01-03T09:00:00Z,ARR,bad,86.0
691,True,True,THE PAS,CHURCHILL,2026-01-02,28,Herchmer,HERC,2026-01-03T11:52:24Z,2026-01-03T10:26:00Z,ARR,bad,86.0
691,True,True,THE PAS,CHURCHILL,2026-01-02,29,O'Day,ODAY,2026-01-03T12:31:24Z,2026-01-03T11:05:00Z,ARR,bad,86.0
691,True,True,THE PAS,CHURCHILL,2026-01-02,30,M'Clintock,MCLI,2026-01-03T13:16:24Z,2026-01-03T11:50:00Z,ARR,bad,86.0
691,True,True,THE PAS,CHURCHILL,2026-01-02,31,Chesnaye,CHES,2026-01-03T14:32:24Z,2026-01-03T13:06:00Z,ARR,bad,86.0
691,True,True,THE PAS,CHURCHILL,2026-01-02,32,Tidal,TIDL,2026-01-03T15:36:18Z,2026-01-03T14:37:00Z,ARR,bad,59.0
691,True,True,THE PAS,CHURCHILL,2026-01-02,33,Churchill,CHUR,2026-01-03T16:33:35Z,2026-01-03T15:00:00Z,ARR,bad,93.0
5,True,False,JASPER,PRINCE RUPERT,2026-01-02,0,Jasper,JASP,2026-01-02T17:46:53Z,2026-01-02T17:45:00Z,ARR,goo,1.0
5,True,False,JASPER,PRINCE RUPERT,2026-01-02,1,Harvey,HRVY,2026-01-02T19:31:47Z,2026-01-02T19:38:00Z,ARR,goo,-6.0
5,True,False,JASPER,PRINCE RUPERT,2026-01-02,2,Dunster,DNST,2026-01-02T20:03:29Z,2026-01-02T20:12:00Z,ARR,goo,-8.0
5,True,False,JASPER,PRINCE RUPERT,2026-01-02,3,Mcbride,MCBR,2026-01-02T20:35:28Z,2026-01-02T20:44:00Z,ARR,goo,-8.0
5,True,False,JASPER,PRINCE RUPERT,2026-01-02,4,Goat River,GOAT,2026-01-02T21:33:27Z,2026-01-02T21:41:00Z,ARR,goo,-7.0
5,True,False,JASPER,PRINCE RUPERT,2026-01-02,5,Loos,LOOS,2026-01-02T21:47:20Z,2026-01-02T21:58:00Z,ARR,goo,-10.0
5,True,False,JASPER,PRINCE RUPERT,2026-01-02,6,Dome Creek,DOMC,2026-01-02T22:32:54Z,2026-01-02T22:32:00Z,ARR,goo,0.0
5,True,False,JASPER,PRINCE RUPERT,2026-01-02,7,Bend,BEND,2026-01-02T22:35:07Z,2026-01-02T22:36:00Z,ARR,goo,0.0
5,True,False,JASPER,PRINCE RUPERT,2026-01-02,8,Penny,PENN,2026-01-02T22:55:12Z,2026-01-02T22:56:00Z,ARR,goo,0.0
5,True,False,JASPER,PRINCE RUPERT,2026-01-02,9,Longworth,LWTH,2026-01-02T23:06:49Z,2026-01-02T23:11:00Z,ARR,goo,-4.0
5,True,False,JASPER,PRINCE RUPERT,2026-01-02,10,Hutton,HUTT,2026-01-02T23:24:00Z,2026-01-02T23:24:00Z,ARR,goo,0.0
5,True,False,JASPER,PRINCE RUPERT,2026-01-02,11,Sinclair Mills,SINM,2026-01-02T23:30:00Z,2026-01-02T23:30:00Z,ARR,goo,0.0
5,True,False,JASPER,PRINCE RUPERT,2026-01-02,12,Mcgregor,MCGR,2026-01-02T23:33:22Z,2026-01-02T23:43:00Z,ARR,goo,-9.0
5,True,False,JASPER,PRINCE RUPERT,2026-01-02,13,Upper Fraser,UFRZ,2026-01-02T23:52:00Z,2026-01-02T23:52:00Z,ARR,goo,0.0
5,True,False,JASPER,PRINCE RUPERT,2026-01-02,14,Aleza Lake,ALZL,2026-01-03T00:01:00Z,2026-01-03T00:01:00Z,ARR,goo,0.0
5,True,False,JASPER,PRINCE RUPERT,2026-01-02,15,Willow River,WILR,2026-01-03T00:16:10Z,2026-01-03T00:31:00Z,ARR,goo,-14.0
5,True,False,JASPER,PRINCE RUPERT,2026-01-02,16,Prince George,PGEO,2026-01-03T00:46:34Z,2026-01-03T01:08:00Z,ARR,goo,-21.0
5,True,False,JASPER,PRINCE RUPERT,2026-01-02,17,Vanderhoof,VDRH,2026-01-03T18:48:58Z,2026-01-03T17:55:00Z,ARR,bad,53.0
5,True,False,JASPER,PRINCE RUPERT,2026-01-02,18,Fort Fraser,FFRA,2026-01-03T19:29:07Z,2026-01-03T18:32:00Z,ARR,bad,57.0
5,True,False,JASPER,PRINCE RUPERT,2026-01-02,19,Endako,ENDA,2026-01-03T19:58:57Z,2026-01-03T18:50:00Z,ARR,bad,68.0
5,True,False,JASPER,PRINCE RUPERT,2026-01-02,20,Burns Lake,BRNL,2026-01-03T20:45:27Z,2026-01-03T19:58:00Z,ARR,bad,47.0
5,True,False,JASPER,PRINCE RUPERT,2026-01-02,21,Houston,HOUS,2026-01-03T21:47:47Z,2026-01-03T21:08:00Z,ARR,bad,39.0
5,True,False,JASPER,PRINCE RUPERT,2026-01-02,22,Telkwa,TELK,2026-01-03T22:30:45Z,2026-01-03T21:52:00Z,ARR,bad,38.0
5,True,False,JASPER,PRINCE RUPERT,2026-01-02,23,Smithers,SMTR,2026-01-03T23:07:59Z,2026-01-03T22:10:00Z,ARR,bad,57.0
5,True,False,JASPER,PRINCE RUPERT,2026-01-02,24,New Hazelton,NHAZ,2026-01-04T00:30:02Z,2026-01-03T23:37:00Z,ARR,bad,53.0
5,True,False,JASPER,PRINCE RUPERT,2026-01-02,25,Kitwanga,KITW,2026-01-04T01:14:46Z,2026-01-04T00:27:00Z,ARR,bad,47.0
5,True,False,JASPER,PRINCE RUPERT,2026-01-02,26,Cedarvale,CEDA,2026-01-04T01:39:58Z,2026-01-04T00:51:00Z,ARR,bad,48.0
5,True,False,JASPER,PRINCE RUPERT,2026-01-02,27,Dorreen,DORR,2026-01-04T02:03:30Z,2026-01-04T01:12:00Z,ARR,bad,51.0
5,True,False,JASPER,PRINCE RUPERT,2026-01-02,28,Pacific,PACI,2026-01-04T02:10:52Z,2026-01-04T01:21:00Z,ARR,bad,49.0
5,True,False,JASPER,PRINCE RUPERT,2026-01-02,29,Usk,USKX,2026-01-04T02:26:15Z,2026-01-04T01:40:00Z,ARR,bad,46.0
5,True,False,JASPER,PRINCE RUPERT,2026-01-02,30,Terrace,TRRC,2026-01-04T02:43:27Z,2026-01-04T02:00:00Z,ARR,bad,43.0
5,True,False,JASPER,PRINCE RUPERT,2026-01-02,31,Kwinitsa,KWIN,2026-01-04T03:48:29Z,2026-01-04T03:09:00Z,< 1 min,bad,39.0
5,True,False,JASPER,PRINCE RUPERT,2026-01-02,32,Cassiar Cannery,CASS,2026-01-04T04:24:29Z,2026-01-04T03:45:00Z,36 mins,bad,39.0
5,True,False,JASPER,PRINCE RUPERT,2026-01-02,33,Prince Rupert,PRUP,2026-01-04T05:04:29Z,2026-01-04T04:25:00Z,1h16,bad,39.0
6,True,True,PRINCE RUPERT,JASPER,2026-01-02,0,Cassiar Cannery,CASS,2026-01-02T16:34:41Z,2026-01-02T16:20:00Z,ARR,med,14.0
6,True,True,PRINCE RUPERT,JASPER,2026-01-02,1,Kwinitsa,KWIN,2026-01-02T17:12:50Z,2026-01-02T17:17:00Z,ARR,goo,-4.0
6,True,True,PRINCE RUPERT,JASPER,2026-01-02,2,Terrace,TRRC,2026-01-02T18:09:10Z,2026-01-02T18:20:00Z,ARR,goo,-10.0
6,True,True,PRINCE RUPERT,JASPER,2026-01-02,3,Usk,USKX,2026-01-02T18:39:03Z,2026-01-02T18:48:00Z,ARR,goo,-8.0
6,True,True,PRINCE RUPERT,JASPER,2026-01-02,4,Pacific,PACI,2026-01-02T19:07:33Z,2026-01-02T19:07:00Z,ARR,goo,0.0
6,True,True,PRINCE RUPERT,JASPER,2026-01-02,5,Dorreen,DORR,2026-01-02T19:15:15Z,2026-01-02T19:19:00Z,ARR,goo,-3.0
6,True,True,PRINCE RUPERT,JASPER,2026-01-02,6,Cedarvale,CEDA,2026-01-02T19:38:25Z,2026-01-02T19:44:00Z,ARR,goo,-5.0
6,True,True,PRINCE RUPERT,JASPER,2026-01-02,7,Kitwanga,KITW,2026-01-02T19:58:39Z,2026-01-02T19:48:01Z,ARR,med,10.0
6,True,True,PRINCE RUPERT,JASPER,2026-01-02,8,New Hazelton,NHAZ,2026-01-02T20:40:00Z,2026-01-02T20:30:00Z,ARR,med,10.0
6,True,True,PRINCE RUPERT,JASPER,2026-01-02,9,Smithers,SMTR,2026-01-02T22:03:00Z,2026-01-02T22:14:00Z,ARR,goo,-11.0
6,True,True,PRINCE RUPERT,JASPER,2026-01-02,10,Telkwa,TELK,2026-01-02T22:49:17Z,2026-01-02T22:37:00Z,ARR,med,12.0
6,True,True,PRINCE RUPERT,JASPER,2026-01-02,11,Houston,HOUS,2026-01-02T23:47:11Z,2026-01-02T23:22:00Z,ARR,bad,25.0
6,True,True,PRINCE RUPERT,JASPER,2026-01-02,12,Burns Lake,BRNL,2026-01-03T01:03:07Z,2026-01-03T00:32:00Z,ARR,bad,31.0
6,True,True,PRINCE RUPERT,JASPER,2026-01-02,13,Endako,ENDA,2026-01-03T01:53:28Z,2026-01-03T01:25:00Z,ARR,bad,28.0
6,True,True,PRINCE RUPERT,JASPER,2026-01-02,14,Fort Fraser,FFRA,2026-01-03T02:20:26Z,2026-01-03T01:57:00Z,ARR,bad,23.0
6,True,True,PRINCE RUPERT,JASPER,2026-01-02,15,Vanderhoof,VDRH,2026-01-03T02:54:54Z,2026-01-03T02:35:00Z,ARR,med,19.0
6,True,True,PRINCE RUPERT,JASPER,2026-01-02,16,Prince George,PGEO,2026-01-03T04:35:32Z,2026-01-03T04:29:00Z,ARR,med,6.0
6,True,True,PRINCE RUPERT,JASPER,2026-01-02,17,Willow River,WILR,2026-01-03T17:44:23Z,2026-01-03T16:48:00Z,ARR,bad,56.0
6,True,True,PRINCE RUPERT,JASPER,2026-01-02,18,Aleza Lake,ALZL,2026-01-03T18:11:59Z,2026-01-03T17:17:00Z,ARR,bad,54.0
6,True,True,PRINCE RUPERT,JASPER,2026-01-02,19,Upper Fraser,UFRZ,2026-01-03T18:19:59Z,2026-01-03T17:25:00Z,ARR,bad,54.0
6,True,True,PRINCE RUPERT,JASPER,2026-01-02,20,Mcgregor,MCGR,2026-01-03T18:27:59Z,2026-01-03T17:33:00Z,ARR,bad,54.0
6,True,True,PRINCE RUPERT,JASPER,2026-01-02,21,Sinclair Mills,SINM,2026-01-03T18:33:17Z,2026-01-03T17:44:00Z,ARR,bad,49.0
6,True,True,PRINCE RUPERT,JASPER,2026-01-02,22,Hutton,HUTT,2026-01-03T18:37:17Z,2026-01-03T17:48:00Z,ARR,bad,49.0
6,True,True,PRINCE RUPERT,JASPER,2026-01-02,23,Longworth,LWTH,2026-01-03T18:48:24Z,2026-01-03T17:59:00Z,ARR,bad,49.0
6,True,True,PRINCE RUPERT,JASPER,2026-01-02,24,Penny,PENN,2026-01-03T19:00:04Z,2026-01-03T18:13:00Z,ARR,bad,47.0
6,True,True,PRINCE RUPERT,JASPER,2026-01-02,25,Bend,BEND,2026-01-03T19:17:18Z,2026-01-03T18:32:00Z,ARR,bad,45.0
6,True,True,PRINCE RUPERT,JASPER,2026-01-02,26,Dome Creek,DOMC,2026-01-03T19:18:51Z,2026-01-03T18:33:07Z,ARR,bad,45.0
6,True,True,PRINCE RUPERT,JASPER,2026-01-02,27,Loos,LOOS,2026-01-03T19:52:17Z,2026-01-03T19:07:00Z,ARR,bad,45.0
6,True,True,PRINCE RUPERT,JASPER,2026-01-02,28,Goat River,GOAT,2026-01-03T20:23:24Z,2026-01-03T19:22:00Z,ARR,bad,61.0
6,True,True,PRINCE RUPERT,JASPER,2026-01-02,29,Mcbride,MCBR,2026-01-03T21:13:16Z,2026-01-03T20:18:00Z,ARR,bad,55.0
6,True,True,PRINCE RUPERT,JASPER,2026-01-02,30,Dunster,DNST,2026-01-03T21:45:30Z,2026-01-03T20:35:00Z,ARR,bad,70.0
6,True,True,PRINCE RUPERT,JASPER,2026-01-02,31,Harvey,HRVY,2026-01-03T22:18:30Z,2026-01-03T21:24:00Z,ARR,bad,54.0
6,True,True,PRINCE RUPERT,JASPER,2026-01-02,32,Jasper,JASP,2026-01-03T23:56:45Z,2026-01-04T00:00:00Z,ARR,goo,-3.0
15,True,True,HALIFAX,MONTRÉAL,2026-01-02,0,Halifax,HLFX,2026-01-02T15:30:00Z,2026-01-02T15:30:00Z,ARR,goo,0.0
15,True,True,HALIFAX,MONTRÉAL,2026-01-02,1,Truro,TRUR,2026-01-02T16:55:09Z,2026-01-02T16:56:00Z,ARR,goo,0.0
15,True,True,HALIFAX,MONTRÉAL,2026-01-02,2,Springhill Jct,SPRJ,2026-01-02T18:18:17Z,2026-01-02T18:11:00Z,ARR,med,7.0
15,True,True,HALIFAX,MONTRÉAL,2026-01-02,3,Amherst,AMHS,2026-01-02T18:39:28Z,2026-01-02T18:34:00Z,ARR,goo,5.0
15,True,True,HALIFAX,MONTRÉAL,2026-01-02,4,Sackville,SACK,2026-01-02T19:02:25Z,2026-01-02T18:50:00Z,ARR,med,12.0
15,True,True,HALIFAX,MONTRÉAL,2026-01-02,5,Moncton,MCTN,2026-01-02T19:54:21Z,2026-01-02T19:44:00Z,ARR,med,10.0
15,True,True,HALIFAX,MONTRÉAL,2026-01-02,6,Rogersville,RGRV,2026-01-02T21:38:29Z,2026-01-02T21:08:00Z,ARR,bad,30.0
15,True,True,HALIFAX,MONTRÉAL,2026-01-02,7,Miramichi,MIRA,2026-01-02T22:27:01Z,2026-01-02T21:59:00Z,ARR,bad,28.0
15,True,True,HALIFAX,MONTRÉAL,2026-01-02,8,Bathurst,BTRS,2026-01-03T00:08:52Z,2026-01-02T23:55:00Z,ARR,med,13.0
15,True,True,HALIFAX,MONTRÉAL,2026-01-02,9,Petit Rocher,PROC,2026-01-03T00:39:52Z,2026-01-03T00:22:00Z,ARR,med,17.0
15,True,True,HALIFAX,MONTRÉAL,2026-01-02,10,Jacquet River,JACR,2026-01-03T01:11:24Z,2026-01-03T00:44:01Z,ARR,bad,27.0
15,True,True,HALIFAX,MONTRÉAL,2026-01-02,11,Charlo,CHLO,2026-01-03T01:47:11Z,2026-01-03T01:07:00Z,ARR,bad,40.0
15,True,True,HALIFAX,MONTRÉAL,2026-01-02,12,Campbellton,CBTN,2026-01-03T02:34:25Z,2026-01-03T02:10:00Z,ARR,bad,24.0
15,True,True,HALIFAX,MONTRÉAL,2026-01-02,13,Matapedia,MTPD,2026-01-03T03:30:05Z,2026-01-03T02:52:00Z,ARR,bad,38.0
15,True,True,HALIFAX,MONTRÉAL,2026-01-02,14,Causapscal,CAUS,2026-01-03T04:36:23Z,2026-01-03T03:41:00Z,ARR,bad,55.0
15,True,True,HALIFAX,MONTRÉAL,2026-01-02,15,Amqui,AMQU,2026-01-03T05:04:24Z,2026-01-03T04:01:00Z,ARR,bad,63.0
15,True,True,HALIFAX,MONTRÉAL,2026-01-02,16,Sayabec,SAYA,2026-01-03T05:38:05Z,2026-01-03T04:23:00Z,ARR,bad,75.0
15,True,True,HALIFAX,MONTRÉAL,2026-01-02,17,Mont-Joli,MJLI,2026-01-03T06:52:36Z,2026-01-03T05:53:00Z,ARR,bad,59.0
15,True,True,HALIFAX,MONTRÉAL,2026-01-02,18,Rimouski,RMSK,2026-01-03T07:17:53Z,2026-01-03T06:24:00Z,ARR,bad,53.0
15,True,True,HALIFAX,MONTRÉAL,2026-01-02,19,Trois Pistoles,TPIS,2026-01-03T09:06:54Z,2026-01-03T07:29:00Z,ARR,bad,97.0
15,True,True,HALIFAX,MONTRÉAL,2026-01-02,20,Rivière-Du-Loup,RDLX,2026-01-03T09:49:41Z,2026-01-03T08:16:00Z,ARR,bad,93.0
15,True,True,HALIFAX,MONTRÉAL,2026-01-02,21,La Pocatière,LPOC,2026-01-03T10:35:35Z,2026-01-03T09:05:00Z,ARR,bad,90.0
15,True,True,HALIFAX,MONTRÉAL,2026-01-02,22,Montmagny,MMGY,2026-01-03T11:03:56Z,2026-01-03T09:39:00Z,ARR,bad,84.0
15,True,True,HALIFAX,MONTRÉAL,2026-01-02,23,Ste-Foy,SFOY,2026-01-03T12:00:29Z,2026-01-03T11:13:00Z,ARR,bad,47.0
15,True,True,HALIFAX,MONTRÉAL,2026-01-02,24,Drummondville,DRMV,2026-01-03T14:06:42Z,2026-01-03T13:20:00Z,ARR,bad,46.0
15,True,True,HALIFAX,MONTRÉAL,2026-01-02,25,St. Hyacinthe,SHYA,2026-01-03T14:58:24Z,2026-01-03T14:00:00Z,ARR,bad,58.0
15,True,True,HALIFAX,MONTRÉAL,2026-01-02,26,St. Lambert,SLAM,2026-01-03T15:32:55Z,2026-01-03T14:34:00Z,ARR,bad,58.0
15,True,True,HALIFAX,MONTRÉAL,2026-01-02,27,Montréal,MTRL,2026-01-03T15:57:09Z,2026-01-03T14:53:00Z,ARR,bad,64.0
14,True,True,MONTRÉAL,HALIFAX,2026-01-02,0,Montréal,MTRL,2026-01-02T23:30:59Z,2026-01-02T23:30:00Z,ARR,goo,0.0
14,True,True,MONTRÉAL,HALIFAX,2026-01-02,1,St. Lambert,SLAM,2026-01-02T23:47:22Z,2026-01-02T23:45:00Z,ARR,goo,2.0
14,True,True,MONTRÉAL,HALIFAX,2026-01-02,2,St. Hyacinthe,SHYA,2026-01-03T00:26:35Z,2026-01-03T00:23:00Z,ARR,goo,3.0
14,True,True,MONTRÉAL,HALIFAX,2026-01-02,3,Drummondville,DRMV,2026-01-03T01:36:43Z,2026-01-03T01:04:00Z,ARR,bad,32.0
14,True,True,MONTRÉAL,HALIFAX,2026-01-02,4,Ste-Foy,SFOY,2026-01-03T03:16:26Z,2026-01-03T02:48:00Z,ARR,bad,28.0
14,True,True,MONTRÉAL,HALIFAX,2026-01-02,5,Montmagny,MMGY,2026-01-03T05:15:30Z,2026-01-03T04:17:00Z,ARR,bad,58.0
14,True,True,MONTRÉAL,HALIFAX,2026-01-02,6,La Pocatière,LPOC,2026-01-03T05:50:35Z,2026-01-03T04:50:00Z,ARR,bad,60.0
14,True,True,MONTRÉAL,HALIFAX,2026-01-02,7,Rivière-Du-Loup,RDLX,2026-01-03T06:36:09Z,2026-01-03T05:31:00Z,ARR,bad,65.0
14,True,True,MONTRÉAL,HALIFAX,2026-01-02,8,Trois Pistoles,TPIS,2026-01-03T07:34:27Z,2026-01-03T06:17:00Z,ARR,bad,77.0
14,True,True,MONTRÉAL,HALIFAX,2026-01-02,9,Rimouski,RMSK,2026-01-03T08:45:08Z,2026-01-03T07:25:00Z,ARR,bad,80.0
14,True,True,MONTRÉAL,HALIFAX,2026-01-02,10,Mont-Joli,MJLI,2026-01-03T09:36:57Z,2026-01-03T08:03:00Z,ARR,bad,93.0
14,True,True,MONTRÉAL,HALIFAX,2026-01-02,11,Sayabec,SAYA,2026-01-03T10:47:03Z,2026-01-03T09:06:00Z,ARR,bad,101.0
14,True,True,MONTRÉAL,HALIFAX,2026-01-02,12,Amqui,AMQU,2026-01-03T11:18:09Z,2026-01-03T09:27:00Z,ARR,bad,111.0
14,True,True,MONTRÉAL,HALIFAX,2026-01-02,13,Causapscal,CAUS,2026-01-03T11:49:53Z,2026-01-03T09:49:00Z,ARR,bad,120.0
14,True,True,MONTRÉAL,HALIFAX,2026-01-02,14,Matapedia,MTPD,2026-01-03T12:46:47Z,2026-01-03T10:35:00Z,ARR,bad,131.0
14,True,True,MONTRÉAL,HALIFAX,2026-01-02,15,Campbellton,CBTN,2026-01-03T13:32:50Z,2026-01-03T11:20:00Z,ARR,bad,132.0
14,True,True,MONTRÉAL,HALIFAX,2026-01-02,16,Charlo,CHLO,2026-01-03T14:46:37Z,2026-01-03T12:03:00Z,ARR,bad,163.0
14,True,True,MONTRÉAL,HALIFAX,2026-01-02,17,Jacquet River,JACR,2026-01-03T15:25:40Z,2026-01-03T12:26:00Z,ARR,bad,179.0
14,True,True,MONTRÉAL,HALIFAX,2026-01-02,18,Petit Rocher,PROC,2026-01-03T15:55:49Z,2026-01-03T12:48:00Z,ARR,bad,187.0
14,True,True,MONTRÉAL,HALIFAX,2026-01-02,19,Bathurst,BTRS,2026-01-03T16:15:56Z,2026-01-03T13:36:00Z,ARR,bad,159.0
14,True,True,MONTRÉAL,HALIFAX,2026-01-02,20,Miramichi,MIRA,2026-01-03T18:01:39Z,2026-01-03T15:25:00Z,ARR,bad,156.0
14,True,True,MONTRÉAL,HALIFAX,2026-01-02,21,Rogersville,RGRV,2026-01-03T19:03:49Z,2026-01-03T16:20:00Z,ARR,bad,163.0
14,True,True,MONTRÉAL,HALIFAX,2026-01-02,22,Moncton,MCTN,2026-01-03T20:50:00Z,2026-01-03T17:30:00Z,ARR,bad,200.0
14,True,True,MONTRÉAL,HALIFAX,2026-01-02,23,Sackville,SACK,2026-01-03T22:30:01Z,2026-01-03T18:40:00Z,ARR,bad,230.0
14,True,True,MONTRÉAL,HALIFAX,2026-01-02,24,Amherst,AMHS,2026-01-03T22:49:40Z,2026-01-03T18:55:00Z,ARR,bad,234.0
14,True,True,MONTRÉAL,HALIFAX,2026-01-02,25,Springhill Jct,SPRJ,2026-01-03T23:18:56Z,2026-01-03T19:17:00Z,ARR,bad,241.0
14,True,True,MONTRÉAL,HALIFAX,2026-01-02,26,Truro,TRUR,2026-01-04T00:30:02Z,2026-01-03T20:32:00Z,ARR,bad,238.0
14,True,True,MONTRÉAL,HALIFAX,2026-01-02,27,Halifax,HLFX,2026-01-04T02:25:39Z,2026-01-03T22:36:00Z,ARR,bad,229.0
82,True,False,LONDON,TORONTO,2026-01-03,0,Toronto,TRTO,&mdash;,2026-01-03T13:35:00Z,&mdash;,,
622,True,True,MONTRÉAL,QUÉBEC,2026-01-03,0,Montréal,MTRL,2026-01-03T13:20:00Z,2026-01-03T13:20:00Z,ARR,goo,0.0
622,True,True,MONTRÉAL,QUÉBEC,2026-01-03,1,St. Lambert,SLAM,2026-01-03T13:35:39Z,2026-01-03T13:33:00Z,ARR,goo,2.0
622,True,True,MONTRÉAL,QUÉBEC,2026-01-03,2,St. Hyacinthe,SHYA,2026-01-03T14:04:31Z,2026-01-03T14:00:00Z,ARR,goo,4.0
622,True,True,MONTRÉAL,QUÉBEC,2026-01-03,3,Drummondville,DRMV,2026-01-03T14:37:48Z,2026-01-03T14:29:00Z,ARR,med,8.0
622,True,True,MONTRÉAL,QUÉBEC,2026-01-03,4,Ste-Foy,SFOY,2026-01-03T16:38:48Z,2026-01-03T16:11:00Z,ARR,bad,27.0
622,True,True,MONTRÉAL,QUÉBEC,2026-01-03,5,Québec,QBEC,2026-01-03T17:08:00Z,2026-01-03T16:39:00Z,ARR,bad,29.0
76,True,True,WINDSOR,TORONTO,2026-01-03,0,Windsor,WDON,2026-01-03T18:06:01Z,2026-01-03T18:06:00Z,ARR,goo,0.0
76,True,True,WINDSOR,TORONTO,2026-01-03,1,Chatham,CHAT,2026-01-03T18:49:00Z,2026-01-03T18:48:00Z,ARR,goo,1.0
76,True,True,WINDSOR,TORONTO,2026-01-03,2,Glencoe,GLNC,2026-01-03T19:43:59Z,2026-01-03T19:23:00Z,ARR,bad,20.0
76,True,True,WINDSOR,TORONTO,2026-01-03,3,London,LNDN,2026-01-03T20:17:39Z,2026-01-03T19:58:00Z,ARR,med,19.0
76,True,True,WINDSOR,TORONTO,2026-01-03,4,Brantford,BRTF,2026-01-03T21:26:10Z,2026-01-03T20:59:00Z,ARR,bad,27.0
76,True,True,WINDSOR,TORONTO,2026-01-03,5,Aldershot,ALDR,2026-01-03T21:57:13Z,2026-01-03T21:30:00Z,ARR,bad,27.0
76,True,True,WINDSOR,TORONTO,2026-01-03,6,Oakville,OAKV,2026-01-03T22:14:03Z,2026-01-03T21:47:00Z,ARR,bad,27.0
76,True,True,WINDSOR,TORONTO,2026-01-03,7,Toronto,TRTO,2026-01-03T22:46:16Z,2026-01-03T22:13:00Z,ARR,bad,33.0
50,True,True,TORONTO,OTTAWA,2026-01-03,0,Toronto,TRTO,2026-01-03T11:56:22Z,2026-01-03T11:32:00Z,ARR,bad,24.0
50,True,True,TORONTO,OTTAWA,2026-01-03,1,Guildwood,GUIL,2026-01-03T12:14:14Z,2026-01-03T11:50:00Z,ARR,bad,24.0
50,True,True,TORONTO,OTTAWA,2026-01-03,2,Oshawa,OSHA,2026-01-03T12:34:23Z,2026-01-03T12:08:00Z,ARR,bad,26.0
50,True,True,TORONTO,OTTAWA,2026-01-03,3,Cobourg,CBRG,2026-01-03T13:12:40Z,2026-01-03T12:43:00Z,ARR,bad,29.0
50,True,True,TORONTO,OTTAWA,2026-01-03,4,Belleville,BLVL,2026-01-03T13:47:15Z,2026-01-03T13:18:00Z,ARR,bad,29.0
50,True,True,TORONTO,OTTAWA,2026-01-03,5,Kingston,KGON,2026-01-03T14:23:52Z,2026-01-03T13:57:00Z,ARR,bad,26.0
50,True,True,TORONTO,OTTAWA,2026-01-03,6,Brockville,BRKV,2026-01-03T15:22:56Z,2026-01-03T14:54:00Z,ARR,bad,28.0
50,True,True,TORONTO,OTTAWA,2026-01-03,7,Smiths Falls,SMTF,2026-01-03T17:06:16Z,2026-01-03T15:29:00Z,ARR,bad,97.0
50,True,True,TORONTO,OTTAWA,2026-01-03,8,Fallowfield,FALL,2026-01-03T17:41:39Z,2026-01-03T16:01:00Z,ARR,bad,100.0
50,True,True,TORONTO,OTTAWA,2026-01-03,9,Ottawa,OTTW,2026-01-03T18:08:24Z,2026-01-03T16:21:00Z,ARR,bad,107.0
70,True,True,WINDSOR,TORONTO,2026-01-03,0,Windsor,WDON,2026-01-03T10:35:18Z,2026-01-03T10:35:00Z,ARR,goo,0.0
70,True,True,WINDSOR,TORONTO,2026-01-03,1,Chatham,CHAT,2026-01-03T11:19:17Z,2026-01-03T11:19:00Z,ARR,goo,0.0
70,True,True,WINDSOR,TORONTO,2026-01-03,2,London,LNDN,2026-01-03T12:32:37Z,2026-01-03T12:25:00Z,ARR,med,7.0
70,True,True,WINDSOR,TORONTO,2026-01-03,3,Ingersoll,INGR,2026-01-03T13:24:50Z,2026-01-03T12:55:00Z,ARR,bad,29.0
70,True,True,WINDSOR,TORONTO,2026-01-03,4,Woodstock,WDST,2026-01-03T13:38:15Z,2026-01-03T13:08:00Z,ARR,bad,30.0
70,True,True,WINDSOR,TORONTO,2026-01-03,5,Brantford,BRTF,2026-01-03T14:06:46Z,2026-01-03T13:44:00Z,ARR,bad,22.0
70,True,True,WINDSOR,TORONTO,2026-01-03,6,Aldershot,ALDR,2026-01-03T14:36:43Z,2026-01-03T14:25:00Z,ARR,med,11.0
70,True,True,WINDSOR,TORONTO,2026-01-03,7,Oakville,OAKV,2026-01-03T14:50:59Z,2026-01-03T14:43:00Z,ARR,med,7.0
70,True,True,WINDSOR,TORONTO,2026-01-03,8,Toronto,TRTO,2026-01-03T15:16:56Z,2026-01-03T15:10:00Z,ARR,med,6.0
71,True,True,TORONTO,WINDSOR,2026-01-03,0,Toronto,TRTO,2026-01-03T11:50:00Z,2026-01-03T11:50:00Z,ARR,goo,0.0
71,True,True,TORONTO,WINDSOR,2026-01-03,1,Oakville,OAKV,2026-01-03T12:14:51Z,2026-01-03T12:13:00Z,ARR,goo,1.0
71,True,True,TORONTO,WINDSOR,2026-01-03,2,Aldershot,ALDR,2026-01-03T12:29:55Z,2026-01-03T12:29:00Z,ARR,goo,0.0
71,True,True,TORONTO,WINDSOR,2026-01-03,3,Brantford,BRTF,2026-01-03T13:00:13Z,2026-01-03T12:55:00Z,ARR,goo,5.0
71,True,True,TORONTO,WINDSOR,2026-01-03,4,Woodstock,WDST,2026-01-03T13:30:50Z,2026-01-03T13:30:00Z,ARR,goo,0.0
71,True,True,TORONTO,WINDSOR,2026-01-03,5,Ingersoll,INGR,2026-01-03T13:45:03Z,2026-01-03T13:43:00Z,ARR,goo,2.0
71,True,True,TORONTO,WINDSOR,2026-01-03,6,London,LNDN,2026-01-03T14:11:13Z,2026-01-03T14:06:00Z,ARR,goo,5.0
71,True,True,TORONTO,WINDSOR,2026-01-03,7,Glencoe,GLNC,2026-01-03T14:43:14Z,2026-01-03T14:39:00Z,ARR,goo,4.0
71,True,True,TORONTO,WINDSOR,2026-01-03,8,Chatham,CHAT,2026-01-03T15:51:40Z,2026-01-03T15:18:00Z,ARR,bad,33.0
71,True,True,TORONTO,WINDSOR,2026-01-03,9,Windsor,WDON,2026-01-03T16:36:47Z,2026-01-03T16:08:00Z,ARR,bad,28.0
64,True,True,TORONTO,MONTRÉAL,2026-01-03,0,Toronto,TRTO,2026-01-03T16:38:18Z,2026-01-03T16:38:00Z,ARR,goo,0.0
64,True,True,TORONTO,MONTRÉAL,2026-01-03,1,Guildwood,GUIL,2026-01-03T16:54:13Z,2026-01-03T16:55:00Z,ARR,goo,0.0
64,True,True,TORONTO,MONTRÉAL,2026-01-03,2,Oshawa,OSHA,2026-01-03T17:16:32Z,2026-01-03T17:09:00Z,ARR,med,7.0
64,True,True,TORONTO,MONTRÉAL,2026-01-03,3,Cobourg,CBRG,2026-01-03T17:51:49Z,2026-01-03T17:46:00Z,ARR,goo,5.0
64,True,True,TORONTO,MONTRÉAL,2026-01-03,4,Belleville,BLVL,2026-01-03T18:26:12Z,2026-01-03T18:22:00Z,ARR,goo,4.0
64,True,True,TORONTO,MONTRÉAL,2026-01-03,5,Kingston,KGON,2026-01-03T19:03:35Z,2026-01-03T19:03:00Z,ARR,goo,0.0
64,True,True,TORONTO,MONTRÉAL,2026-01-03,6,Brockville,BRKV,2026-01-03T19:50:02Z,2026-01-03T19:52:00Z,ARR,goo,-1.0
64,True,True,TORONTO,MONTRÉAL,2026-01-03,7,Cornwall,CWLL,2026-01-03T20:40:06Z,2026-01-03T20:42:00Z,ARR,goo,-1.0
64,True,True,TORONTO,MONTRÉAL,2026-01-03,8,Dorval,DORV,2026-01-03T21:26:02Z,2026-01-03T21:37:00Z,ARR,goo,-10.0
64,True,True,TORONTO,MONTRÉAL,2026-01-03,9,Montréal,MTRL,2026-01-03T21:55:46Z,2026-01-03T22:05:00Z,ARR,goo,-9.0
60,True,True,TORONTO,MONTRÉAL,2026-01-03,0,Toronto,TRTO,2026-01-03T11:56:13Z,2026-01-03T11:32:00Z,ARR,bad,24.0
60,True,True,TORONTO,MONTRÉAL,2026-01-03,1,Guildwood,GUIL,2026-01-03T12:13:56Z,2026-01-03T11:50:00Z,ARR,bad,23.0
60,True,True,TORONTO,MONTRÉAL,2026-01-03,2,Oshawa,OSHA,2026-01-03T12:34:13Z,2026-01-03T12:08:00Z,ARR,bad,26.0
60,True,True,TORONTO,MONTRÉAL,2026-01-03,3,Cobourg,CBRG,2026-01-03T13:12:36Z,2026-01-03T12:43:00Z,ARR,bad,29.0
60,True,True,TORONTO,MONTRÉAL,2026-01-03,4,Belleville,BLVL,2026-01-03T13:47:00Z,2026-01-03T13:18:00Z,ARR,bad,29.0
60,True,True,TORONTO,MONTRÉAL,2026-01-03,5,Kingston,KGON,2026-01-03T14:23:43Z,2026-01-03T13:57:00Z,ARR,bad,26.0
60,True,True,TORONTO,MONTRÉAL,2026-01-03,6,Cornwall,CWLL,2026-01-03T16:21:48Z,2026-01-03T15:38:00Z,ARR,bad,43.0
60,True,True,TORONTO,MONTRÉAL,2026-01-03,7,Dorval,DORV,2026-01-03T17:52:48Z,2026-01-03T16:25:00Z,ARR,bad,87.0
60,True,True,TORONTO,MONTRÉAL,2026-01-03,8,Montréal,MTRL,2026-01-03T18:19:58Z,2026-01-03T16:50:00Z,ARR,bad,89.0
41,True,True,OTTAWA,TORONTO,2026-01-03,0,Ottawa,OTTW,2026-01-03T10:21:00Z,2026-01-03T10:21:00Z,ARR,goo,0.0
41,True,True,OTTAWA,TORONTO,2026-01-03,1,Fallowfield,FALL,2026-01-03T10:37:16Z,2026-01-03T10:38:00Z,ARR,goo,0.0
41,True,True,OTTAWA,TORONTO,2026-01-03,2,Smiths Falls,SMTF,2026-01-03T11:06:58Z,2026-01-03T11:08:00Z,ARR,goo,-1.0
41,True,True,OTTAWA,TORONTO,2026-01-03,3,Brockville,BRKV,2026-01-03T11:41:55Z,2026-01-03T11:40:00Z,ARR,goo,1.0
41,True,True,OTTAWA,TORONTO,2026-01-03,4,Kingston,KGON,2026-01-03T12:28:42Z,2026-01-03T12:25:00Z,ARR,goo,3.0
41,True,True,OTTAWA,TORONTO,2026-01-03,5,Napanee,NAPN,2026-01-03T12:54:49Z,2026-01-03T12:49:00Z,ARR,goo,5.0
41,True,True,OTTAWA,TORONTO,2026-01-03,6,Belleville,BLVL,2026-01-03T13:15:01Z,2026-01-03T13:07:00Z,ARR,med,8.0
41,True,True,OTTAWA,TORONTO,2026-01-03,7,Trenton Jct.,TRNJ,2026-01-03T13:29:28Z,2026-01-03T13:20:00Z,ARR,med,9.0
41,True,True,OTTAWA,TORONTO,2026-01-03,8,Cobourg,CBRG,2026-01-03T13:59:08Z,2026-01-03T13:44:00Z,ARR,med,15.0
41,True,True,OTTAWA,TORONTO,2026-01-03,9,Oshawa,OSHA,2026-01-03T14:39:29Z,2026-01-03T14:19:00Z,ARR,bad,20.0
41,True,True,OTTAWA,TORONTO,2026-01-03,10,Toronto,TRTO,2026-01-03T15:23:30Z,2026-01-03T15:02:00Z,ARR,bad,21.0
61,True,True,MONTRÉAL,TORONTO,2026-01-03,0,Montréal,MTRL,2026-01-03T11:45:00Z,2026-01-03T11:45:00Z,ARR,goo,0.0
61,True,True,MONTRÉAL,TORONTO,2026-01-03,1,Dorval,DORV,2026-01-03T12:12:40Z,2026-01-03T12:08:00Z,ARR,goo,4.0
61,True,True,MONTRÉAL,TORONTO,2026-01-03,2,Cornwall,CWLL,2026-01-03T13:16:41Z,2026-01-03T13:01:00Z,ARR,med,15.0
61,True,True,MONTRÉAL,TORONTO,2026-01-03,3,Kingston,KGON,2026-01-03T14:53:56Z,2026-01-03T14:29:00Z,ARR,bad,24.0
61,True,True,MONTRÉAL,TORONTO,2026-01-03,4,Belleville,BLVL,2026-01-03T15:38:42Z,2026-01-03T15:11:00Z,ARR,bad,27.0
61,True,True,MONTRÉAL,TORONTO,2026-01-03,5,Oshawa,OSHA,2026-01-03T16:53:28Z,2026-01-03T16:19:00Z,ARR,bad,34.0
61,True,True,MONTRÉAL,TORONTO,2026-01-03,6,Guildwood,GUIL,2026-01-03T17:15:53Z,2026-01-03T16:43:00Z,ARR,bad,32.0
61,True,True,MONTRÉAL,TORONTO,2026-01-03,7,Toronto,TRTO,2026-01-03T17:35:29Z,2026-01-03T17:03:00Z,ARR,bad,32.0
37,True,True,QUÉBEC,OTTAWA,2026-01-03,0,Québec,QBEC,2026-01-03T17:44:32Z,2026-01-03T17:32:00Z,ARR,med,12.0
37,True,True,QUÉBEC,OTTAWA,2026-01-03,1,Ste-Foy,SFOY,2026-01-03T18:10:14Z,2026-01-03T17:57:00Z,ARR,med,13.0
37,True,True,QUÉBEC,OTTAWA,2026-01-03,2,Drummondville,DRMV,2026-01-03T20:06:37Z,2026-01-03T19:44:00Z,ARR,bad,22.0
37,True,True,QUÉBEC,OTTAWA,2026-01-03,3,St. Hyacinthe,SHYA,2026-01-03T20:36:02Z,2026-01-03T20:12:00Z,ARR,bad,24.0
37,True,True,QUÉBEC,OTTAWA,2026-01-03,4,St. Lambert,SLAM,2026-01-03T21:10:06Z,2026-01-03T20:39:00Z,ARR,bad,31.0
37,True,True,QUÉBEC,OTTAWA,2026-01-03,5,Montréal,MTRL,2026-01-03T21:24:56Z,2026-01-03T20:54:00Z,ARR,bad,30.0
37,True,True,QUÉBEC,OTTAWA,2026-01-03,6,Dorval,DORV,2026-01-03T22:13:25Z,2026-01-03T21:54:00Z,ARR,med,19.0
37,True,True,QUÉBEC,OTTAWA,2026-01-03,7,Coteau,COTO,2026-01-03T22:41:44Z,2026-01-03T22:23:00Z,ARR,med,18.0
37,True,True,QUÉBEC,OTTAWA,2026-01-03,8,Alexandria,ALEX,2026-01-03T23:00:13Z,2026-01-03T22:45:00Z,ARR,med,15.0
37,True,True,QUÉBEC,OTTAWA,2026-01-03,9,Ottawa,OTTW,2026-01-03T23:54:16Z,2026-01-03T23:37:00Z,ARR,med,17.0
73,True,True,TORONTO,WINDSOR,2026-01-03,0,Toronto,TRTO,2026-01-03T16:30:00Z,2026-01-03T16:30:00Z,ARR,goo,0.0
73,True,True,TORONTO,WINDSOR,2026-01-03,1,Oakville,OAKV,2026-01-03T16:56:56Z,2026-01-03T16:51:00Z,ARR,goo,5.0
73,True,True,TORONTO,WINDSOR,2026-01-03,2,Aldershot,ALDR,2026-01-03T17:14:55Z,2026-01-03T17:09:00Z,ARR,goo,5.0
73,True,True,TORONTO,WINDSOR,2026-01-03,3,Brantford,BRTF,2026-01-03T17:48:37Z,2026-01-03T17:40:00Z,ARR,med,8.0
73,True,True,TORONTO,WINDSOR,2026-01-03,4,Woodstock,WDST,2026-01-03T18:23:30Z,2026-01-03T18:09:00Z,ARR,med,14.0
73,True,True,TORONTO,WINDSOR,2026-01-03,5,London,LNDN,2026-01-03T19:01:20Z,2026-01-03T18:38:00Z,ARR,bad,23.0
73,True,True,TORONTO,WINDSOR,2026-01-03,6,Chatham,CHAT,2026-01-03T20:22:18Z,2026-01-03T19:50:00Z,ARR,bad,32.0
73,True,True,TORONTO,WINDSOR,2026-01-03,7,Windsor,WDON,2026-01-03T21:11:34Z,2026-01-03T20:45:00Z,ARR,bad,26.0
40,True,True,TORONTO,OTTAWA,2026-01-03,0,Toronto,TRTO,2026-01-03T15:39:13Z,2026-01-03T15:38:00Z,ARR,goo,1.0
40,True,True,TORONTO,OTTAWA,2026-01-03,1,Belleville,BLVL,2026-01-03T17:21:54Z,2026-01-03T17:09:00Z,ARR,med,12.0
40,True,True,TORONTO,OTTAWA,2026-01-03,2,Kingston,KGON,2026-01-03T18:10:12Z,2026-01-03T17:48:00Z,ARR,bad,22.0
40,True,True,TORONTO,OTTAWA,2026-01-03,3,Fallowfield,FALL,2026-01-03T19:57:05Z,2026-01-03T19:38:00Z,ARR,med,19.0
40,True,True,TORONTO,OTTAWA,2026-01-03,4,Ottawa,OTTW,2026-01-03T20:17:37Z,2026-01-03T20:02:00Z,ARR,med,15.0
643,True,True,OTTAWA,TORONTO,2026-01-03,0,Ottawa,OTTW,2026-01-03T13:32:27Z,2026-01-03T13:29:00Z,ARR,goo,3.0
643,True,True,OTTAWA,TORONTO,2026-01-03,1,Fallowfield,FALL,2026-01-03T13:48:05Z,2026-01-03T13:45:00Z,ARR,goo,3.0
643,True,True,OTTAWA,TORONTO,2026-01-03,2,Smiths Falls,SMTF,2026-01-03T14:20:29Z,2026-01-03T14:17:00Z,ARR,goo,3.0
643,True,True,OTTAWA,TORONTO,2026-01-03,3,Brockville,BRKV,2026-01-03T14:53:29Z,2026-01-03T14:49:00Z,ARR,goo,4.0
643,True,True,OTTAWA,TORONTO,2026-01-03,4,Kingston,KGON,2026-01-03T15:37:18Z,2026-01-03T15:32:00Z,ARR,goo,5.0
643,True,True,OTTAWA,TORONTO,2026-01-03,5,Napanee,NAPN,2026-01-03T16:00:58Z,2026-01-03T15:57:00Z,ARR,goo,3.0
643,True,True,OTTAWA,TORONTO,2026-01-03,6,Belleville,BLVL,2026-01-03T16:20:48Z,2026-01-03T16:17:00Z,ARR,goo,3.0
643,True,True,OTTAWA,TORONTO,2026-01-03,7,Trenton Jct.,TRNJ,2026-01-03T16:37:31Z,2026-01-03T16:31:00Z,ARR,med,6.0
643,True,True,OTTAWA,TORONTO,2026-01-03,8,Cobourg,CBRG,2026-01-03T17:04:27Z,2026-01-03T16:57:00Z,ARR,med,7.0
643,True,True,OTTAWA,TORONTO,2026-01-03,9,Port Hope,PHOP,2026-01-03T17:14:58Z,2026-01-03T17:07:00Z,ARR,med,7.0
643,True,True,OTTAWA,TORONTO,2026-01-03,10,Oshawa,OSHA,2026-01-03T17:42:44Z,2026-01-03T17:35:00Z,ARR,med,7.0
643,True,True,OTTAWA,TORONTO,2026-01-03,11,Guildwood,GUIL,2026-01-03T18:04:40Z,2026-01-03T17:58:00Z,ARR,med,6.0
643,True,True,OTTAWA,TORONTO,2026-01-03,12,Toronto,TRTO,2026-01-03T18:29:30Z,2026-01-03T18:18:00Z,ARR,med,11.0
65,True,True,MONTRÉAL,TORONTO,2026-01-03,0,Montréal,MTRL,2026-01-03T16:12:12Z,2026-01-03T15:49:00Z,ARR,bad,23.0
65,True,True,MONTRÉAL,TORONTO,2026-01-03,1,Dorval,DORV,2026-01-03T16:36:23Z,2026-01-03T16:12:00Z,ARR,bad,24.0
65,True,True,MONTRÉAL,TORONTO,2026-01-03,2,Cornwall,CWLL,2026-01-03T17:56:00Z,2026-01-03T17:06:00Z,ARR,bad,50.0
65,True,True,MONTRÉAL,TORONTO,2026-01-03,3,Kingston,KGON,2026-01-03T19:24:55Z,2026-01-03T18:36:00Z,ARR,bad,48.0
65,True,True,MONTRÉAL,TORONTO,2026-01-03,4,Belleville,BLVL,2026-01-03T20:08:14Z,2026-01-03T19:20:00Z,ARR,bad,48.0
65,True,True,MONTRÉAL,TORONTO,2026-01-03,5,Cobourg,CBRG,2026-01-03T20:48:01Z,2026-01-03T19:58:00Z,ARR,bad,50.0
65,True,True,MONTRÉAL,TORONTO,2026-01-03,6,Oshawa,OSHA,2026-01-03T21:20:55Z,2026-01-03T20:34:00Z,ARR,bad,46.0
65,True,True,MONTRÉAL,TORONTO,2026-01-03,7,Toronto,TRTO,2026-01-03T21:59:59Z,2026-01-03T21:18:00Z,ARR,bad,41.0
63,True,True,MONTRÉAL,TORONTO,2026-01-03,0,Montréal,MTRL,2026-01-03T13:46:00Z,2026-01-03T13:46:00Z,ARR,goo,0.0
63,True,True,MONTRÉAL,TORONTO,2026-01-03,1,Dorval,DORV,2026-01-03T14:33:43Z,2026-01-03T14:11:00Z,ARR,bad,22.0
63,True,True,MONTRÉAL,TORONTO,2026-01-03,2,Cornwall,CWLL,2026-01-03T15:29:20Z,2026-01-03T15:04:00Z,ARR,bad,25.0
63,True,True,MONTRÉAL,TORONTO,2026-01-03,3,Brockville,BRKV,2026-01-03T16:21:35Z,2026-01-03T15:54:00Z,ARR,bad,27.0
63,True,True,MONTRÉAL,TORONTO,2026-01-03,4,Kingston,KGON,2026-01-03T17:12:57Z,2026-01-03T16:39:00Z,ARR,bad,33.0
63,True,True,MONTRÉAL,TORONTO,2026-01-03,5,Belleville,BLVL,2026-01-03T17:54:08Z,2026-01-03T17:20:00Z,ARR,bad,34.0
63,True,True,MONTRÉAL,TORONTO,2026-01-03,6,Cobourg,CBRG,2026-01-03T18:46:31Z,2026-01-03T17:58:00Z,ARR,bad,48.0
63,True,True,MONTRÉAL,TORONTO,2026-01-03,7,Oshawa,OSHA,2026-01-03T19:26:53Z,2026-01-03T18:34:00Z,ARR,bad,52.0
63,True,True,MONTRÉAL,TORONTO,2026-01-03,8,Guildwood,GUIL,2026-01-03T19:50:04Z,2026-01-03T18:58:00Z,ARR,bad,52.0
63,True,True,MONTRÉAL,TORONTO,2026-01-03,9,Toronto,TRTO,2026-01-03T20:09:42Z,2026-01-03T19:18:00Z,ARR,bad,51.0
84,True,True,SARNIA,TORONTO,2026-01-03,0,Sarnia,SARN,2026-01-03T13:40:00Z,2026-01-03T13:40:00Z,ARR,goo,0.0
84,True,True,SARNIA,TORONTO,2026-01-03,1,Wyoming,WYOM,2026-01-03T13:59:36Z,2026-01-03T13:55:00Z,ARR,goo,4.0
84,True,True,SARNIA,TORONTO,2026-01-03,2,Strathroy,STRR,2026-01-03T14:25:17Z,2026-01-03T14:27:00Z,ARR,goo,-1.0
84,True,True,SARNIA,TORONTO,2026-01-03,3,London,LNDN,2026-01-03T14:51:31Z,2026-01-03T14:52:00Z,ARR,goo,0.0
84,True,True,SARNIA,TORONTO,2026-01-03,4,St.Marys,SMYS,2026-01-03T15:51:54Z,2026-01-03T15:45:00Z,ARR,med,6.0
84,True,True,SARNIA,TORONTO,2026-01-03,5,Stratford,STRF,2026-01-03T16:22:03Z,2026-01-03T16:14:00Z,ARR,med,8.0
84,True,True,SARNIA,TORONTO,2026-01-03,6,Kitchener,KITC,2026-01-03T17:12:23Z,2026-01-03T17:02:00Z,ARR,med,10.0
84,True,True,SARNIA,TORONTO,2026-01-03,7,Guelph,GUEL,2026-01-03T17:36:26Z,2026-01-03T17:24:00Z,ARR,med,12.0
84,True,True,SARNIA,TORONTO,2026-01-03,8,Georgetown,GEOR,2026-01-03T18:00:52Z,2026-01-03T17:47:00Z,ARR,med,13.0
84,True,True,SARNIA,TORONTO,2026-01-03,9,Brampton,BRMP,2026-01-03T18:12:53Z,2026-01-03T17:59:00Z,ARR,med,13.0
84,True,True,SARNIA,TORONTO,2026-01-03,10,Malton,MALT,2026-01-03T18:26:40Z,2026-01-03T18:11:00Z,ARR,med,15.0
84,True,True,SARNIA,TORONTO,2026-01-03,11,Toronto,TRTO,2026-01-03T18:47:40Z,2026-01-03T18:38:00Z,ARR,med,9.0
53,True,True,OTTAWA,TORONTO,2026-01-03,0,Ottawa,OTTW,2026-01-03T16:43:11Z,2026-01-03T16:43:00Z,ARR,goo,0.0
53,True,True,OTTAWA,TORONTO,2026-01-03,1,Fallowfield,FALL,2026-01-03T16:58:34Z,2026-01-03T17:00:00Z,ARR,goo,-1.0
53,True,True,OTTAWA,TORONTO,2026-01-03,2,Brockville,BRKV,2026-01-03T18:06:16Z,2026-01-03T18:01:00Z,ARR,goo,5.0
53,True,True,OTTAWA,TORONTO,2026-01-03,3,Gananoque,GANA,2026-01-03T18:40:14Z,2026-01-03T18:31:00Z,ARR,med,9.0
53,True,True,OTTAWA,TORONTO,2026-01-03,4,Kingston,KGON,2026-01-03T19:03:13Z,2026-01-03T18:54:00Z,ARR,med,9.0
53,True,True,OTTAWA,TORONTO,2026-01-03,5,Belleville,BLVL,2026-01-03T19:45:15Z,2026-01-03T19:36:00Z,ARR,med,9.0
53,True,True,OTTAWA,TORONTO,2026-01-03,6,Cobourg,CBRG,2026-01-03T20:24:03Z,2026-01-03T20:12:00Z,ARR,med,12.0
53,True,True,OTTAWA,TORONTO,2026-01-03,7,Oshawa,OSHA,2026-01-03T21:03:07Z,2026-01-03T20:48:00Z,ARR,med,15.0
53,True,True,OTTAWA,TORONTO,2026-01-03,8,Toronto,TRTO,2026-01-03T21:46:35Z,2026-01-03T21:33:00Z,ARR,med,13.0
35,True,True,QUÉBEC,OTTAWA,2026-01-03,0,Québec,QBEC,2026-01-03T13:06:00Z,2026-01-03T13:06:00Z,ARR,goo,0.0
35,True,True,QUÉBEC,OTTAWA,2026-01-03,1,Ste-Foy,SFOY,2026-01-03T13:31:53Z,2026-01-03T13:31:00Z,ARR,goo,0.0
35,True,True,QUÉBEC,OTTAWA,2026-01-03,2,Charny,CHNY,2026-01-03T13:43:03Z,2026-01-03T13:40:00Z,ARR,goo,3.0
35,True,True,QUÉBEC,OTTAWA,2026-01-03,3,Drummondville,DRMV,2026-01-03T15:19:49Z,2026-01-03T15:14:00Z,ARR,goo,5.0
35,True,True,QUÉBEC,OTTAWA,2026-01-03,4,St. Hyacinthe,SHYA,2026-01-03T15:52:11Z,2026-01-03T15:44:00Z,ARR,med,8.0
35,True,True,QUÉBEC,OTTAWA,2026-01-03,5,St. Lambert,SLAM,2026-01-03T16:38:35Z,2026-01-03T16:11:00Z,ARR,bad,27.0
35,True,True,QUÉBEC,OTTAWA,2026-01-03,6,Montréal,MTRL,2026-01-03T16:53:49Z,2026-01-03T16:26:00Z,ARR,bad,27.0
35,True,True,QUÉBEC,OTTAWA,2026-01-03,7,Dorval,DORV,2026-01-03T17:46:36Z,2026-01-03T17:18:00Z,ARR,bad,28.0
35,True,True,QUÉBEC,OTTAWA,2026-01-03,8,Coteau,COTO,2026-01-03T18:23:10Z,2026-01-03T17:46:00Z,ARR,bad,37.0
35,True,True,QUÉBEC,OTTAWA,2026-01-03,9,Alexandria,ALEX,2026-01-03T18:43:41Z,2026-01-03T18:08:00Z,ARR,bad,35.0
35,True,True,QUÉBEC,OTTAWA,2026-01-03,10,Casselman,CSLM,2026-01-03T19:05:33Z,2026-01-03T18:31:00Z,ARR,bad,34.0
35,True,True,QUÉBEC,OTTAWA,2026-01-03,11,Ottawa,OTTW,2026-01-03T19:40:34Z,2026-01-03T18:58:00Z,ARR,bad,42.0
72,True,True,WINDSOR,TORONTO,2026-01-03,0,Windsor,WDON,2026-01-03T13:43:28Z,2026-01-03T13:43:00Z,ARR,goo,0.0
72,True,True,WINDSOR,TORONTO,2026-01-03,1,Chatham,CHAT,2026-01-03T14:27:10Z,2026-01-03T14:25:00Z,ARR,goo,2.0
72,True,True,WINDSOR,TORONTO,2026-01-03,2,Glencoe,GLNC,2026-01-03T15:13:18Z,2026-01-03T15:05:00Z,ARR,med,8.0
72,True,True,WINDSOR,TORONTO,2026-01-03,3,London,LNDN,2026-01-03T15:44:53Z,2026-01-03T15:39:00Z,ARR,goo,5.0
72,True,True,WINDSOR,TORONTO,2026-01-03,4,Ingersoll,INGR,2026-01-03T16:16:03Z,2026-01-03T16:07:00Z,ARR,med,9.0
72,True,True,WINDSOR,TORONTO,2026-01-03,5,Woodstock,WDST,2026-01-03T16:29:50Z,2026-01-03T16:23:00Z,ARR,med,6.0
72,True,True,WINDSOR,TORONTO,2026-01-03,6,Brantford,BRTF,2026-01-03T17:05:00Z,2026-01-03T16:55:00Z,ARR,med,10.0
72,True,True,WINDSOR,TORONTO,2026-01-03,7,Aldershot,ALDR,2026-01-03T17:37:19Z,2026-01-03T17:29:00Z,ARR,med,8.0
72,True,True,WINDSOR,TORONTO,2026-01-03,8,Oakville,OAKV,2026-01-03T17:52:45Z,2026-01-03T17:45:00Z,ARR,med,7.0
72,True,True,WINDSOR,TORONTO,2026-01-03,9,Toronto,TRTO,2026-01-03T18:20:58Z,2026-01-03T18:11:00Z,ARR,med,9.0
45,True,True,OTTAWA,TORONTO,2026-01-03,0,Ottawa,OTTW,2026-01-03T15:24:00Z,2026-01-03T15:24:00Z,ARR,goo,0.0
45,True,True,OTTAWA,TORONTO,2026-01-03,1,Fallowfield,FALL,2026-01-03T15:40:33Z,2026-01-03T15:40:00Z,ARR,goo,0.0
45,True,True,OTTAWA,TORONTO,2026-01-03,2,Kingston,KGON,2026-01-03T18:16:44Z,2026-01-03T17:26:00Z,ARR,bad,50.0
45,True,True,OTTAWA,TORONTO,2026-01-03,3,Toronto,TRTO,2026-01-03T20:35:00Z,2026-01-03T19:48:00Z,ARR,bad,47.0
67,True,True,MONTRÉAL,TORONTO,2026-01-03,0,Montréal,MTRL,2026-01-03T18:22:00Z,2026-01-03T18:22:00Z,ARR,goo,0.0
67,True,True,MONTRÉAL,TORONTO,2026-01-03,1,Dorval,DORV,2026-01-03T18:45:19Z,2026-01-03T18:47:00Z,ARR,goo,-1.0
67,True,True,MONTRÉAL,TORONTO,2026-01-03,2,Cornwall,CWLL,2026-01-03T19:40:03Z,2026-01-03T19:38:00Z,ARR,goo,2.0
67,True,True,MONTRÉAL,TORONTO,2026-01-03,3,Kingston,KGON,2026-01-03T21:07:16Z,2026-01-03T21:03:00Z,ARR,goo,4.0
67,True,True,MONTRÉAL,TORONTO,2026-01-03,4,Belleville,BLVL,2026-01-03T21:49:57Z,2026-01-03T21:42:00Z,ARR,med,7.0
67,True,True,MONTRÉAL,TORONTO,2026-01-03,5,Cobourg,CBRG,2026-01-03T22:24:02Z,2026-01-03T22:17:00Z,ARR,med,7.0
67,True,True,MONTRÉAL,TORONTO,2026-01-03,6,Oshawa,OSHA,2026-01-03T22:59:24Z,2026-01-03T22:50:00Z,ARR,med,9.0
67,True,True,MONTRÉAL,TORONTO,2026-01-03,7,Toronto,TRTO,2026-01-03T23:35:13Z,2026-01-03T23:45:00Z,ARR,goo,-9.0
633,True,True,MONTRÉAL,OTTAWA,2026-01-03,0,Montréal,MTRL,2026-01-03T14:00:00Z,2026-01-03T14:00:00Z,ARR,goo,0.0
633,True,True,MONTRÉAL,OTTAWA,2026-01-03,1,Dorval,DORV,2026-01-03T14:40:35Z,2026-01-03T14:24:00Z,ARR,med,16.0
633,True,True,MONTRÉAL,OTTAWA,2026-01-03,2,Alexandria,ALEX,2026-01-03T15:36:17Z,2026-01-03T15:11:00Z,ARR,bad,25.0
633,True,True,MONTRÉAL,OTTAWA,2026-01-03,3,Casselman,CSLM,2026-01-03T15:58:18Z,2026-01-03T15:34:00Z,ARR,bad,24.0
633,True,True,MONTRÉAL,OTTAWA,2026-01-03,4,Ottawa,OTTW,2026-01-03T16:23:08Z,2026-01-03T16:05:00Z,ARR,med,18.0
637,True,True,QUÉBEC,OTTAWA,2026-01-03,0,Québec,QBEC,2026-01-03T15:07:24Z,2026-01-03T15:00:00Z,ARR,med,7.0
637,True,True,QUÉBEC,OTTAWA,2026-01-03,1,Ste-Foy,SFOY,2026-01-03T15:35:19Z,2026-01-03T15:25:00Z,ARR,med,10.0
637,True,True,QUÉBEC,OTTAWA,2026-01-03,2,Drummondville,DRMV,2026-01-03T17:29:46Z,2026-01-03T17:08:00Z,ARR,bad,21.0
637,True,True,QUÉBEC,OTTAWA,2026-01-03,3,St. Lambert,SLAM,2026-01-03T18:49:02Z,2026-01-03T18:16:00Z,ARR,bad,33.0
637,True,True,QUÉBEC,OTTAWA,2026-01-03,4,Montréal,MTRL,2026-01-03T19:03:57Z,2026-01-03T18:31:00Z,ARR,bad,32.0
637,True,True,QUÉBEC,OTTAWA,2026-01-03,5,Dorval,DORV,2026-01-03T19:51:59Z,2026-01-03T19:20:00Z,ARR,bad,31.0
637,True,True,QUÉBEC,OTTAWA,2026-01-03,6,Alexandria,ALEX,2026-01-03T20:44:06Z,2026-01-03T20:10:00Z,ARR,bad,34.0
637,True,True,QUÉBEC,OTTAWA,2026-01-03,7,Ottawa,OTTW,2026-01-03T21:29:58Z,2026-01-03T20:56:00Z,ARR,bad,33.0
24,True,True,OTTAWA,QUÉBEC,2026-01-03,0,Ottawa,OTTW,2026-01-03T15:13:00Z,2026-01-03T15:13:00Z,ARR,goo,0.0
24,True,True,OTTAWA,QUÉBEC,2026-01-03,1,Alexandria,ALEX,2026-01-03T16:02:07Z,2026-01-03T16:03:00Z,ARR,goo,0.0
24,True,True,OTTAWA,QUÉBEC,2026-01-03,2,Coteau,COTO,2026-01-03T16:23:21Z,2026-01-03T16:26:00Z,ARR,goo,-2.0
24,True,True,OTTAWA,QUÉBEC,2026-01-03,3,Dorval,DORV,2026-01-03T17:17:37Z,2026-01-03T16:50:00Z,ARR,bad,27.0
24,True,True,OTTAWA,QUÉBEC,2026-01-03,4,Montréal,MTRL,2026-01-03T17:42:50Z,2026-01-03T17:15:00Z,ARR,bad,27.0
24,True,True,OTTAWA,QUÉBEC,2026-01-03,5,St. Lambert,SLAM,2026-01-03T18:43:24Z,2026-01-03T17:58:00Z,ARR,bad,45.0
24,True,True,OTTAWA,QUÉBEC,2026-01-03,6,St. Hyacinthe,SHYA,2026-01-03T19:17:37Z,2026-01-03T18:26:00Z,ARR,bad,51.0
24,True,True,OTTAWA,QUÉBEC,2026-01-03,7,Drummondville,DRMV,2026-01-03T19:48:54Z,2026-01-03T18:54:00Z,ARR,bad,54.0
24,True,True,OTTAWA,QUÉBEC,2026-01-03,8,Charny,CHNY,2026-01-03T21:26:44Z,2026-01-03T20:38:00Z,ARR,bad,48.0
24,True,True,OTTAWA,QUÉBEC,2026-01-03,9,Ste-Foy,SFOY,2026-01-03T21:35:05Z,2026-01-03T20:45:00Z,ARR,bad,50.0
24,True,True,OTTAWA,QUÉBEC,2026-01-03,10,Québec,QBEC,2026-01-03T22:05:34Z,2026-01-03T21:12:00Z,ARR,bad,53.0
97,True,True,TORONTO,NIAGARA FALLS,2026-01-03,0,Toronto,TRTO,2026-01-03T13:20:00Z,2026-01-03T13:20:00Z,ARR,goo,0.0
97,True,True,TORONTO,NIAGARA FALLS,2026-01-03,1,Oakville,OAKV,2026-01-03T13:43:00Z,2026-01-03T13:43:00Z,ARR,goo,0.0
97,True,True,TORONTO,NIAGARA FALLS,2026-01-03,2,Aldershot,ALDR,2026-01-03T13:56:00Z,2026-01-03T13:56:00Z,ARR,goo,0.0
97,True,True,TORONTO,NIAGARA FALLS,2026-01-03,3,Grimsby,GRIM,2026-01-03T14:42:00Z,2026-01-03T14:37:00Z,ARR,goo,5.0
97,True,True,TORONTO,NIAGARA FALLS,2026-01-03,4,St. Catharines,SCAT,2026-01-03T14:58:00Z,2026-01-03T14:57:00Z,ARR,goo,1.0
97,True,True,TORONTO,NIAGARA FALLS,2026-01-03,5,Niagara Falls,NIAG,2026-01-03T15:21:00Z,2026-01-03T15:20:00Z,ARR,goo,1.0
624,True,True,OTTAWA,QUÉBEC,2026-01-03,0,Ottawa,OTTW,2026-01-03T12:45:28Z,2026-01-03T12:45:00Z,ARR,goo,0.0
624,True,True,OTTAWA,QUÉBEC,2026-01-03,1,Alexandria,ALEX,2026-01-03T13:28:03Z,2026-01-03T13:31:00Z,ARR,goo,-2.0
624,True,True,OTTAWA,QUÉBEC,2026-01-03,2,Dorval,DORV,2026-01-03T14:18:40Z,2026-01-03T14:16:00Z,ARR,goo,2.0
624,True,True,OTTAWA,QUÉBEC,2026-01-03,3,Montréal,MTRL,2026-01-03T14:55:03Z,2026-01-03T14:39:00Z,ARR,med,16.0
624,True,True,OTTAWA,QUÉBEC,2026-01-03,4,St. Lambert,SLAM,2026-01-03T15:47:28Z,2026-01-03T15:28:00Z,ARR,med,19.0
624,True,True,OTTAWA,QUÉBEC,2026-01-03,5,St. Hyacinthe,SHYA,2026-01-03T16:31:01Z,2026-01-03T16:06:00Z,ARR,bad,25.0
624,True,True,OTTAWA,QUÉBEC,2026-01-03,6,Drummondville,DRMV,2026-01-03T17:04:29Z,2026-01-03T16:34:00Z,ARR,bad,30.0
624,True,True,OTTAWA,QUÉBEC,2026-01-03,7,Charny,CHNY,2026-01-03T18:39:17Z,2026-01-03T18:13:00Z,ARR,bad,26.0
624,True,True,OTTAWA,QUÉBEC,2026-01-03,8,Ste-Foy,SFOY,2026-01-03T18:47:41Z,2026-01-03T18:20:00Z,ARR,bad,27.0
624,True,True,OTTAWA,QUÉBEC,2026-01-03,9,Québec,QBEC,2026-01-03T19:30:08Z,2026-01-03T18:48:00Z,ARR,bad,42.0
52,True,True,TORONTO,OTTAWA,2026-01-03,0,Toronto,TRTO,2026-01-03T13:32:00Z,2026-01-03T13:32:00Z,ARR,goo,0.0
52,True,True,TORONTO,OTTAWA,2026-01-03,1,Guildwood,GUIL,2026-01-03T13:48:27Z,2026-01-03T13:50:00Z,ARR,goo,-1.0
52,True,True,TORONTO,OTTAWA,2026-01-03,2,Oshawa,OSHA,2026-01-03T14:08:48Z,2026-01-03T14:09:00Z,ARR,goo,0.0
52,True,True,TORONTO,OTTAWA,2026-01-03,3,Cobourg,CBRG,2026-01-03T14:46:45Z,2026-01-03T14:44:00Z,ARR,goo,2.0
52,True,True,TORONTO,OTTAWA,2026-01-03,4,Belleville,BLVL,2026-01-03T15:27:35Z,2026-01-03T15:20:00Z,ARR,med,7.0
52,True,True,TORONTO,OTTAWA,2026-01-03,5,Kingston,KGON,2026-01-03T16:03:42Z,2026-01-03T16:00:00Z,ARR,goo,3.0
52,True,True,TORONTO,OTTAWA,2026-01-03,6,Brockville,BRKV,2026-01-03T17:01:55Z,2026-01-03T16:57:00Z,ARR,goo,4.0
52,True,True,TORONTO,OTTAWA,2026-01-03,7,Smiths Falls,SMTF,2026-01-03T17:42:13Z,2026-01-03T17:35:00Z,ARR,med,7.0
52,True,True,TORONTO,OTTAWA,2026-01-03,8,Fallowfield,FALL,2026-01-03T18:19:01Z,2026-01-03T18:11:00Z,ARR,med,8.0
52,True,True,TORONTO,OTTAWA,2026-01-03,9,Ottawa,OTTW,2026-01-03T18:40:13Z,2026-01-03T18:32:00Z,ARR,med,8.0
47,True,True,OTTAWA,TORONTO,2026-01-03,0,Ottawa,OTTW,2026-01-03T17:28:29Z,2026-01-03T17:23:00Z,ARR,goo,5.0
47,True,True,OTTAWA,TORONTO,2026-01-03,1,Fallowfield,FALL,2026-01-03T17:49:22Z,2026-01-03T17:40:00Z,ARR,med,9.0
47,True,True,OTTAWA,TORONTO,2026-01-03,2,Smiths Falls,SMTF,2026-01-03T18:21:34Z,2026-01-03T18:18:00Z,ARR,goo,3.0
47,True,True,OTTAWA,TORONTO,2026-01-03,3,Brockville,BRKV,2026-01-03T18:52:30Z,2026-01-03T18:54:00Z,ARR,goo,-1.0
47,True,True,OTTAWA,TORONTO,2026-01-03,4,Gananoque,GANA,2026-01-03T19:23:32Z,2026-01-03T19:22:00Z,ARR,goo,1.0
47,True,True,OTTAWA,TORONTO,2026-01-03,5,Kingston,KGON,2026-01-03T19:42:10Z,2026-01-03T19:45:00Z,ARR,goo,-2.0
47,True,True,OTTAWA,TORONTO,2026-01-03,6,Belleville,BLVL,2026-01-03T20:28:22Z,2026-01-03T20:26:00Z,ARR,goo,2.0
47,True,True,OTTAWA,TORONTO,2026-01-03,7,Oshawa,OSHA,2026-01-03T21:49:46Z,2026-01-03T21:33:00Z,ARR,med,16.0
47,True,True,OTTAWA,TORONTO,2026-01-03,8,Guildwood,GUIL,2026-01-03T22:13:18Z,2026-01-03T21:58:00Z,ARR,med,15.0
47,True,True,OTTAWA,TORONTO,2026-01-03,9,Toronto,TRTO,2026-01-03T22:34:07Z,2026-01-03T22:30:00Z,ARR,goo,4.0
644,True,True,TORONTO,OTTAWA,2026-01-03,0,Toronto,TRTO,2026-01-03T18:23:20Z,2026-01-03T18:23:00Z,ARR,goo,0.0
644,True,True,TORONTO,OTTAWA,2026-01-03,1,Oshawa,OSHA,2026-01-03T18:54:21Z,2026-01-03T18:53:00Z,ARR,goo,1.0
644,True,True,TORONTO,OTTAWA,2026-01-03,2,Cobourg,CBRG,2026-01-03T19:32:25Z,2026-01-03T19:28:00Z,ARR,goo,4.0
644,True,True,TORONTO,OTTAWA,2026-01-03,3,Belleville,BLVL,2026-01-03T20:05:25Z,2026-01-03T20:03:00Z,ARR,goo,2.0
644,True,True,TORONTO,OTTAWA,2026-01-03,4,Kingston,KGON,2026-01-03T20:42:10Z,2026-01-03T20:43:00Z,ARR,goo,0.0
644,True,True,TORONTO,OTTAWA,2026-01-03,5,Fallowfield,FALL,2026-01-03T22:18:00Z,2026-01-03T22:30:00Z,ARR,goo,-12.0
644,True,True,TORONTO,OTTAWA,2026-01-03,6,Ottawa,OTTW,2026-01-03T22:40:51Z,2026-01-03T22:53:00Z,ARR,goo,-12.0
62,True,True,TORONTO,MONTRÉAL,2026-01-03,0,Toronto,TRTO,2026-01-03T13:32:00Z,2026-01-03T13:32:00Z,ARR,goo,0.0
62,True,True,TORONTO,MONTRÉAL,2026-01-03,1,Guildwood,GUIL,2026-01-03T13:48:20Z,2026-01-03T13:50:00Z,ARR,goo,-1.0
62,True,True,TORONTO,MONTRÉAL,2026-01-03,2,Oshawa,OSHA,2026-01-03T14:08:40Z,2026-01-03T14:09:00Z,ARR,goo,0.0
62,True,True,TORONTO,MONTRÉAL,2026-01-03,3,Cobourg,CBRG,2026-01-03T14:46:42Z,2026-01-03T14:44:00Z,ARR,goo,2.0
62,True,True,TORONTO,MONTRÉAL,2026-01-03,4,Belleville,BLVL,2026-01-03T15:27:26Z,2026-01-03T15:20:00Z,ARR,med,7.0
62,True,True,TORONTO,MONTRÉAL,2026-01-03,5,Kingston,KGON,2026-01-03T16:03:39Z,2026-01-03T16:00:00Z,ARR,goo,3.0
62,True,True,TORONTO,MONTRÉAL,2026-01-03,6,Cornwall,CWLL,2026-01-03T17:39:39Z,2026-01-03T17:43:00Z,ARR,goo,-3.0
62,True,True,TORONTO,MONTRÉAL,2026-01-03,7,Dorval,DORV,2026-01-03T18:59:45Z,2026-01-03T18:34:00Z,ARR,bad,25.0
62,True,True,TORONTO,MONTRÉAL,2026-01-03,8,Montréal,MTRL,2026-01-03T19:24:31Z,2026-01-03T19:00:00Z,ARR,bad,24.0
26,True,True,OTTAWA,QUÉBEC,2026-01-03,0,Ottawa,OTTW,2026-01-03T19:17:00Z,2026-01-03T19:17:00Z,ARR,goo,0.0
26,True,True,OTTAWA,QUÉBEC,2026-01-03,1,Alexandria,ALEX,2026-01-03T20:00:07Z,2026-01-03T20:03:00Z,ARR,goo,-2.0
26,True,True,OTTAWA,QUÉBEC,2026-01-03,2,Coteau,COTO,2026-01-03T20:23:18Z,2026-01-03T20:26:00Z,ARR,goo,-2.0
26,True,True,OTTAWA,QUÉBEC,2026-01-03,3,Dorval,DORV,2026-01-03T20:45:28Z,2026-01-03T20:49:00Z,ARR,goo,-3.0
26,True,True,OTTAWA,QUÉBEC,2026-01-03,4,Montréal,MTRL,2026-01-03T21:14:07Z,2026-01-03T21:15:00Z,ARR,goo,0.0
26,True,True,OTTAWA,QUÉBEC,2026-01-03,5,St. Lambert,SLAM,2026-01-03T22:00:39Z,2026-01-03T21:53:00Z,ARR,med,7.0
26,True,True,OTTAWA,QUÉBEC,2026-01-03,6,St. Hyacinthe,SHYA,2026-01-03T22:33:34Z,2026-01-03T22:20:00Z,ARR,med,13.0
26,True,True,OTTAWA,QUÉBEC,2026-01-03,7,Drummondville,DRMV,2026-01-03T23:03:52Z,2026-01-03T23:05:00Z,ARR,goo,-1.0
26,True,True,OTTAWA,QUÉBEC,2026-01-03,8,Charny,CHNY,2026-01-04T00:31:54Z,2026-01-04T00:44:00Z,ARR,goo,-12.0
26,True,True,OTTAWA,QUÉBEC,2026-01-03,9,Ste-Foy,SFOY,2026-01-04T00:42:42Z,2026-01-04T00:52:00Z,ARR,goo,-9.0
26,True,True,OTTAWA,QUÉBEC,2026-01-03,10,Québec,QBEC,2026-01-04T01:13:45Z,2026-01-04T01:19:00Z,ARR,goo,-5.0
39,True,True,QUÉBEC,OTTAWA,2026-01-03,0,Québec,QBEC,2026-01-03T20:09:13Z,2026-01-03T19:57:00Z,ARR,med,12.0
39,True,True,QUÉBEC,OTTAWA,2026-01-03,1,Ste-Foy,SFOY,2026-01-03T20:36:40Z,2026-01-03T20:22:00Z,ARR,med,14.0
39,True,True,QUÉBEC,OTTAWA,2026-01-03,2,Drummondville,DRMV,2026-01-03T22:19:32Z,2026-01-03T21:58:00Z,ARR,bad,21.0
39,True,True,QUÉBEC,OTTAWA,2026-01-03,3,St. Lambert,SLAM,2026-01-03T23:27:07Z,2026-01-03T22:57:00Z,ARR,bad,30.0
39,True,True,QUÉBEC,OTTAWA,2026-01-03,4,Montréal,MTRL,2026-01-03T23:43:50Z,2026-01-03T23:11:00Z,ARR,bad,32.0
39,True,True,QUÉBEC,OTTAWA,2026-01-03,5,Dorval,DORV,2026-01-04T00:32:28Z,2026-01-04T00:14:00Z,ARR,med,18.0
39,True,True,QUÉBEC,OTTAWA,2026-01-03,6,Coteau,COTO,2026-01-04T00:57:51Z,2026-01-04T00:43:00Z,ARR,med,14.0
39,True,True,QUÉBEC,OTTAWA,2026-01-03,7,Alexandria,ALEX,2026-01-04T01:20:49Z,2026-01-04T01:06:00Z,ARR,med,14.0
39,True,True,QUÉBEC,OTTAWA,2026-01-03,8,Ottawa,OTTW,2026-01-04T02:07:50Z,2026-01-04T01:51:00Z,ARR,med,16.0
66,True,True,TORONTO,MONTRÉAL,2026-01-03,0,Toronto,TRTO,2026-01-03T20:23:48Z,2026-01-03T20:23:00Z,ARR,goo,0.0
66,True,True,TORONTO,MONTRÉAL,2026-01-03,1,Guildwood,GUIL,2026-01-03T20:39:07Z,2026-01-03T20:40:00Z,ARR,goo,0.0
66,True,True,TORONTO,MONTRÉAL,2026-01-03,2,Oshawa,OSHA,2026-01-03T20:57:52Z,2026-01-03T20:54:00Z,ARR,goo,3.0
66,True,True,TORONTO,MONTRÉAL,2026-01-03,3,Belleville,BLVL,2026-01-03T22:02:21Z,2026-01-03T22:00:00Z,ARR,goo,2.0
66,True,True,TORONTO,MONTRÉAL,2026-01-03,4,Kingston,KGON,2026-01-03T22:39:54Z,2026-01-03T22:40:00Z,ARR,goo,0.0
66,True,True,TORONTO,MONTRÉAL,2026-01-03,5,Cornwall,CWLL,2026-01-04T00:04:04Z,2026-01-04T00:07:00Z,ARR,goo,-2.0
66,True,True,TORONTO,MONTRÉAL,2026-01-03,6,Dorval,DORV,2026-01-04T00:57:34Z,2026-01-04T00:58:00Z,ARR,goo,0.0
66,True,True,TORONTO,MONTRÉAL,2026-01-03,7,Montréal,MTRL,2026-01-04T01:34:15Z,2026-01-04T01:25:00Z,ARR,med,9.0
46,True,True,TORONTO,OTTAWA,2026-01-03,0,Toronto,TRTO,2026-01-03T20:38:00Z,2026-01-03T20:38:00Z,ARR,goo,0.0
46,True,True,TORONTO,OTTAWA,2026-01-03,1,Oshawa,OSHA,2026-01-03T21:09:01Z,2026-01-03T21:09:00Z,ARR,goo,0.0
46,True,True,TORONTO,OTTAWA,2026-01-03,2,Cobourg,CBRG,2026-01-03T21:46:53Z,2026-01-03T21:43:00Z,ARR,goo,3.0
46,True,True,TORONTO,OTTAWA,2026-01-03,3,Kingston,KGON,2026-01-03T23:01:45Z,2026-01-03T22:54:00Z,ARR,med,7.0
46,True,True,TORONTO,OTTAWA,2026-01-03,4,Brockville,BRKV,2026-01-03T23:51:12Z,2026-01-03T23:40:00Z,ARR,med,11.0
46,True,True,TORONTO,OTTAWA,2026-01-03,5,Fallowfield,FALL,2026-01-04T00:55:30Z,2026-01-04T00:40:00Z,ARR,med,15.0
46,True,True,TORONTO,OTTAWA,2026-01-03,6,Ottawa,OTTW,2026-01-04T01:14:27Z,2026-01-04T01:00:00Z,ARR,med,14.0
28,True,True,OTTAWA,QUÉBEC,2026-01-03,0,Ottawa,OTTW,2026-01-03T21:05:00Z,2026-01-03T21:05:00Z,ARR,goo,0.0
28,True,True,OTTAWA,QUÉBEC,2026-01-03,1,Casselman,CSLM,2026-01-03T21:37:09Z,2026-01-03T21:31:00Z,ARR,med,6.0
28,True,True,OTTAWA,QUÉBEC,2026-01-03,2,Alexandria,ALEX,2026-01-03T22:00:34Z,2026-01-03T21:53:00Z,ARR,med,7.0
28,True,True,OTTAWA,QUÉBEC,2026-01-03,3,Coteau,COTO,2026-01-03T22:21:47Z,2026-01-03T22:15:00Z,ARR,med,6.0
28,True,True,OTTAWA,QUÉBEC,2026-01-03,4,Dorval,DORV,2026-01-03T22:48:38Z,2026-01-03T22:38:00Z,ARR,med,10.0
28,True,True,OTTAWA,QUÉBEC,2026-01-03,5,Montréal,MTRL,2026-01-03T23:15:04Z,2026-01-03T23:04:00Z,ARR,med,11.0
28,True,True,OTTAWA,QUÉBEC,2026-01-03,6,St. Lambert,SLAM,2026-01-03T23:55:55Z,2026-01-03T23:38:00Z,ARR,med,17.0
28,True,True,OTTAWA,QUÉBEC,2026-01-03,7,St. Hyacinthe,SHYA,2026-01-04T00:28:05Z,2026-01-04T00:06:00Z,ARR,bad,22.0
28,True,True,OTTAWA,QUÉBEC,2026-01-03,8,Drummondville,DRMV,2026-01-04T01:02:49Z,2026-01-04T00:52:00Z,ARR,med,10.0
28,True,True,OTTAWA,QUÉBEC,2026-01-03,9,Charny,CHNY,2026-01-04T02:35:31Z,2026-01-04T02:14:00Z,ARR,bad,21.0
28,True,True,OTTAWA,QUÉBEC,2026-01-03,10,Ste-Foy,SFOY,2026-01-04T02:44:53Z,2026-01-04T02:21:00Z,ARR,bad,23.0
28,True,True,OTTAWA,QUÉBEC,2026-01-03,11,Québec,QBEC,2026-01-04T03:14:21Z,2026-01-04T02:48:00Z,ARR,bad,26.0
69,True,True,MONTRÉAL,TORONTO,2026-01-03,0,Montréal,MTRL,2026-01-03T21:38:00Z,2026-01-03T21:38:00Z,ARR,goo,0.0
69,True,True,MONTRÉAL,TORONTO,2026-01-03,1,Dorval,DORV,2026-01-03T22:00:30Z,2026-01-03T22:04:00Z,ARR,goo,-3.0
69,True,True,MONTRÉAL,TORONTO,2026-01-03,2,Cornwall,CWLL,2026-01-03T22:53:49Z,2026-01-03T22:53:00Z,ARR,goo,0.0
69,True,True,MONTRÉAL,TORONTO,2026-01-03,3,Brockville,BRKV,2026-01-03T23:39:18Z,2026-01-03T23:40:00Z,ARR,goo,0.0
69,True,True,MONTRÉAL,TORONTO,2026-01-03,4,Kingston,KGON,2026-01-04T00:21:14Z,2026-01-04T00:24:00Z,ARR,goo,-2.0
69,True,True,MONTRÉAL,TORONTO,2026-01-03,5,Oshawa,OSHA,2026-01-04T02:15:27Z,2026-01-04T02:05:00Z,ARR,med,10.0
69,True,True,MONTRÉAL,TORONTO,2026-01-03,6,Guildwood,GUIL,2026-01-04T02:40:49Z,2026-01-04T02:28:00Z,ARR,med,12.0
69,True,True,MONTRÉAL,TORONTO,2026-01-03,7,Toronto,TRTO,2026-01-04T03:00:16Z,2026-01-04T02:48:00Z,ARR,med,12.0
68,True,False,TORONTO,MONTRÉAL,2026-01-03,0,Toronto,TRTO,2026-01-03T22:08:00Z,2026-01-03T22:08:00Z,ARR,goo,0.0
68,True,False,TORONTO,MONTRÉAL,2026-01-03,1,Oshawa,OSHA,2026-01-03T22:42:40Z,2026-01-03T22:39:00Z,ARR,goo,3.0
68,True,False,TORONTO,MONTRÉAL,2026-01-03,2,Cobourg,CBRG,2026-01-04T00:37:48Z,2026-01-03T23:14:00Z,ARR,bad,83.0
68,True,False,TORONTO,MONTRÉAL,2026-01-03,3,Belleville,BLVL,2026-01-04T01:15:43Z,2026-01-03T23:49:00Z,ARR,bad,86.0
68,True,False,TORONTO,MONTRÉAL,2026-01-03,4,Kingston,KGON,2026-01-04T02:01:58Z,2026-01-04T00:26:00Z,ARR,bad,95.0
68,True,False,TORONTO,MONTRÉAL,2026-01-03,5,Brockville,BRKV,2026-01-04T02:51:32Z,2026-01-04T01:11:00Z,ARR,bad,100.0
68,True,False,TORONTO,MONTRÉAL,2026-01-03,6,Cornwall,CWLL,2026-01-04T03:37:56Z,2026-01-04T01:57:00Z,ARR,bad,100.0
68,True,False,TORONTO,MONTRÉAL,2026-01-03,7,Dorval,DORV,2026-01-04T04:31:26Z,2026-01-04T02:47:00Z,43 mins,bad,104.0
68,True,False,TORONTO,MONTRÉAL,2026-01-03,8,Montréal,MTRL,2026-01-04T04:58:26Z,2026-01-04T03:14:00Z,1h10,bad,104.0
75,True,True,TORONTO,WINDSOR,2026-01-03,0,Toronto,TRTO,2026-01-03T22:48:00Z,2026-01-03T22:22:00Z,ARR,bad,26.0
75,True,True,TORONTO,WINDSOR,2026-01-03,1,Oakville,OAKV,2026-01-03T23:18:03Z,2026-01-03T22:45:00Z,ARR,bad,33.0
75,True,True,TORONTO,WINDSOR,2026-01-03,2,Aldershot,ALDR,2026-01-03T23:39:34Z,2026-01-03T23:01:00Z,ARR,bad,38.0
75,True,True,TORONTO,WINDSOR,2026-01-03,3,Brantford,BRTF,2026-01-04T00:13:00Z,2026-01-03T23:33:00Z,ARR,bad,40.0
75,True,True,TORONTO,WINDSOR,2026-01-03,4,Woodstock,WDST,2026-01-04T00:41:20Z,2026-01-04T00:04:00Z,ARR,bad,37.0
75,True,True,TORONTO,WINDSOR,2026-01-03,5,Ingersoll,INGR,2026-01-04T00:52:59Z,2026-01-04T00:19:00Z,ARR,bad,33.0
75,True,True,TORONTO,WINDSOR,2026-01-03,6,London,LNDN,2026-01-04T01:13:56Z,2026-01-04T00:47:00Z,ARR,bad,26.0
75,True,True,TORONTO,WINDSOR,2026-01-03,7,Glencoe,GLNC,2026-01-04T01:50:41Z,2026-01-04T01:21:00Z,ARR,bad,29.0
75,True,True,TORONTO,WINDSOR,2026-01-03,8,Chatham,CHAT,2026-01-04T02:31:47Z,2026-01-04T01:55:00Z,ARR,bad,36.0
75,True,True,TORONTO,WINDSOR,2026-01-03,9,Windsor,WDON,2026-01-04T03:19:15Z,2026-01-04T02:50:00Z,ARR,bad,29.0
54,True,True,TORONTO,OTTAWA,2026-01-03,0,Toronto,TRTO,2026-01-03T22:38:00Z,2026-01-03T22:38:00Z,ARR,goo,0.0
54,True,True,TORONTO,OTTAWA,2026-01-03,1,Guildwood,GUIL,2026-01-03T22:57:10Z,2026-01-03T22:55:00Z,ARR,goo,2.0
54,True,True,TORONTO,OTTAWA,2026-01-03,2,Oshawa,OSHA,2026-01-03T23:26:35Z,2026-01-03T23:08:00Z,ARR,med,18.0
54,True,True,TORONTO,OTTAWA,2026-01-03,3,Port Hope,PHOP,2026-01-03T23:55:47Z,2026-01-03T23:37:00Z,ARR,med,18.0
54,True,True,TORONTO,OTTAWA,2026-01-03,4,Cobourg,CBRG,2026-01-04T00:05:48Z,2026-01-03T23:46:00Z,ARR,med,19.0
54,True,True,TORONTO,OTTAWA,2026-01-03,5,Trenton Jct.,TRNJ,2026-01-04T00:33:52Z,2026-01-04T00:13:01Z,ARR,bad,20.0
54,True,True,TORONTO,OTTAWA,2026-01-03,6,Belleville,BLVL,2026-01-04T00:47:52Z,2026-01-04T00:27:00Z,ARR,bad,20.0
54,True,True,TORONTO,OTTAWA,2026-01-03,7,Napanee,NAPN,2026-01-04T01:08:59Z,2026-01-04T00:48:00Z,ARR,bad,20.0
54,True,True,TORONTO,OTTAWA,2026-01-03,8,Kingston,KGON,2026-01-04T01:28:59Z,2026-01-04T01:09:00Z,ARR,med,19.0
54,True,True,TORONTO,OTTAWA,2026-01-03,9,Brockville,BRKV,2026-01-04T02:15:56Z,2026-01-04T01:54:00Z,ARR,bad,21.0
54,True,True,TORONTO,OTTAWA,2026-01-03,10,Smiths Falls,SMTF,2026-01-04T02:43:46Z,2026-01-04T02:25:00Z,ARR,med,18.0
54,True,True,TORONTO,OTTAWA,2026-01-03,11,Fallowfield,FALL,2026-01-04T03:10:42Z,2026-01-04T02:52:00Z,ARR,med,18.0
54,True,True,TORONTO,OTTAWA,2026-01-03,12,Ottawa,OTTW,2026-01-04T03:32:25Z,2026-01-04T03:13:00Z,ARR,med,19.0
87,True,False,TORONTO,SARNIA,2026-01-03,0,Toronto,TRTO,2026-01-03T22:40:00Z,2026-01-03T22:40:00Z,ARR,goo,0.0
87,True,False,TORONTO,SARNIA,2026-01-03,1,Malton,MALT,2026-01-03T23:00:32Z,2026-01-03T23:00:00Z,ARR,goo,0.0
87,True,False,TORONTO,SARNIA,2026-01-03,2,Brampton,BRMP,2026-01-03T23:15:13Z,2026-01-03T23:12:00Z,ARR,goo,3.0
87,True,False,TORONTO,SARNIA,2026-01-03,3,Georgetown,GEOR,2026-01-03T23:29:40Z,2026-01-03T23:24:00Z,ARR,goo,5.0
87,True,False,TORONTO,SARNIA,2026-01-03,4,Guelph,GUEL,2026-01-03T23:53:27Z,2026-01-03T23:49:00Z,ARR,goo,4.0
87,True,False,TORONTO,SARNIA,2026-01-03,5,Kitchener,KITC,2026-01-04T00:17:06Z,2026-01-04T00:16:00Z,ARR,goo,1.0
87,True,False,TORONTO,SARNIA,2026-01-03,6,Stratford,STRF,2026-01-04T01:07:21Z,2026-01-04T00:57:00Z,ARR,med,10.0
87,True,False,TORONTO,SARNIA,2026-01-03,7,St.Marys,SMYS,2026-01-04T01:41:04Z,2026-01-04T01:25:00Z,ARR,med,16.0
87,True,False,TORONTO,SARNIA,2026-01-03,8,London,LNDN,2026-01-04T02:36:06Z,2026-01-04T02:13:00Z,ARR,bad,23.0
87,True,False,TORONTO,SARNIA,2026-01-03,9,Strathroy,STRR,2026-01-04T03:04:40Z,2026-01-04T02:39:00Z,ARR,bad,25.0
87,True,False,TORONTO,SARNIA,2026-01-03,10,Wyoming,WYOM,2026-01-04T03:29:39Z,2026-01-04T03:07:00Z,ARR,bad,22.0
87,True,False,TORONTO,SARNIA,2026-01-03,11,Sarnia,SARN,2026-01-04T03:48:44Z,2026-01-04T03:24:00Z,< 1 min,bad,24.0
29,True,True,QUÉBEC,MONTRÉAL,2026-01-03,0,Québec,QBEC,2026-01-03T22:44:44Z,2026-01-03T22:41:00Z,ARR,goo,3.0
29,True,True,QUÉBEC,MONTRÉAL,2026-01-03,1,Ste-Foy,SFOY,2026-01-03T23:10:41Z,2026-01-03T23:06:00Z,ARR,goo,4.0
29,True,True,QUÉBEC,MONTRÉAL,2026-01-03,2,Drummondville,DRMV,2026-01-04T00:53:50Z,2026-01-04T00:42:00Z,ARR,med,11.0
29,True,True,QUÉBEC,MONTRÉAL,2026-01-03,3,St. Hyacinthe,SHYA,2026-01-04T01:26:09Z,2026-01-04T01:18:00Z,ARR,med,8.0
29,True,True,QUÉBEC,MONTRÉAL,2026-01-03,4,St. Lambert,SLAM,2026-01-04T01:55:36Z,2026-01-04T01:45:00Z,ARR,med,10.0
29,True,True,QUÉBEC,MONTRÉAL,2026-01-03,5,Montréal,MTRL,2026-01-04T02:12:22Z,2026-01-04T02:00:00Z,ARR,med,12.0
98,True,True,NIAGARA FALLS,TORONTO,2026-01-03,0,Niagara Falls,NIAG,2026-01-03T23:38:00Z,2026-01-03T22:45:00Z,ARR,bad,53.0
98,True,True,NIAGARA FALLS,TORONTO,2026-01-03,1,St. Catharines,SCAT,2026-01-03T23:59:00Z,2026-01-03T23:06:00Z,ARR,bad,53.0
98,True,True,NIAGARA FALLS,TORONTO,2026-01-03,2,Grimsby,GRIM,2026-01-04T00:31:00Z,2026-01-03T23:26:00Z,ARR,bad,65.0
98,True,True,NIAGARA FALLS,TORONTO,2026-01-03,3,Aldershot,ALDR,2026-01-04T01:07:00Z,2026-01-04T00:02:00Z,ARR,bad,65.0
98,True,True,NIAGARA FALLS,TORONTO,2026-01-03,4,Oakville,OAKV,2026-01-04T01:16:00Z,2026-01-04T00:16:00Z,ARR,bad,60.0
98,True,True,NIAGARA FALLS,TORONTO,2026-01-03,5,Toronto,TRTO,2026-01-04T01:42:00Z,2026-01-04T00:43:00Z,ARR,bad,59.0
38,True,True,OTTAWA,MONTRÉAL,2026-01-03,0,Ottawa,OTTW,2026-01-03T22:55:00Z,2026-01-03T22:55:00Z,ARR,goo,0.0
38,True,True,OTTAWA,MONTRÉAL,2026-01-03,1,Casselman,CSLM,2026-01-03T23:19:07Z,2026-01-03T23:26:00Z,ARR,goo,-6.0
38,True,True,OTTAWA,MONTRÉAL,2026-01-03,2,Alexandria,ALEX,2026-01-03T23:46:15Z,2026-01-03T23:49:00Z,ARR,goo,-2.0
38,True,True,OTTAWA,MONTRÉAL,2026-01-03,3,Dorval,DORV,2026-01-04T00:39:42Z,2026-01-04T00:33:00Z,ARR,med,6.0
38,True,True,OTTAWA,MONTRÉAL,2026-01-03,4,Montréal,MTRL,2026-01-04T01:04:08Z,2026-01-04T00:57:00Z,ARR,med,7.0
59,True,False,OTTAWA,TORONTO,2026-01-03,0,Ottawa,OTTW,2026-01-03T23:03:00Z,2026-01-03T23:03:00Z,ARR,goo,0.0
59,True,False,OTTAWA,TORONTO,2026-01-03,1,Fallowfield,FALL,2026-01-03T23:19:15Z,2026-01-03T23:20:00Z,ARR,goo,0.0
59,True,False,OTTAWA,TORONTO,2026-01-03,2,Smiths Falls,SMTF,2026-01-03T23:50:01Z,2026-01-03T23:51:00Z,ARR,goo,0.0
59,True,False,OTTAWA,TORONTO,2026-01-03,3,Brockville,BRKV,2026-01-04T00:28:00Z,2026-01-04T00:25:00Z,ARR,goo,3.0
59,True,False,OTTAWA,TORONTO,2026-01-03,4,Kingston,KGON,2026-01-04T01:12:23Z,2026-01-04T01:10:00Z,ARR,goo,2.0
59,True,False,OTTAWA,TORONTO,2026-01-03,5,Belleville,BLVL,2026-01-04T01:56:32Z,2026-01-04T01:51:00Z,ARR,goo,5.0
59,True,False,OTTAWA,TORONTO,2026-01-03,6,Trenton Jct.,TRNJ,2026-01-04T02:11:00Z,2026-01-04T02:05:00Z,ARR,med,6.0
59,True,False,OTTAWA,TORONTO,2026-01-03,7,Cobourg,CBRG,2026-01-04T02:39:21Z,2026-01-04T02:31:00Z,ARR,med,8.0
59,True,False,OTTAWA,TORONTO,2026-01-03,8,Oshawa,OSHA,2026-01-04T03:19:04Z,2026-01-04T03:05:00Z,ARR,med,14.0
59,True,False,OTTAWA,TORONTO,2026-01-03,9,Guildwood,GUIL,2026-01-04T03:42:54Z,2026-01-04T03:28:00Z,ARR,med,14.0
59,True,False,OTTAWA,TORONTO,2026-01-03,10,Toronto,TRTO,2026-01-04T04:03:10Z,2026-01-04T03:48:00Z,14 mins,med,15.0
78,True,True,WINDSOR,TORONTO,2026-01-03,0,Windsor,WDON,2026-01-03T22:40:00Z,2026-01-03T22:40:00Z,ARR,goo,0.0
78,True,True,WINDSOR,TORONTO,2026-01-03,1,Chatham,CHAT,2026-01-03T23:22:38Z,2026-01-03T23:24:00Z,ARR,goo,-1.0
78,True,True,WINDSOR,TORONTO,2026-01-03,2,Glencoe,GLNC,2026-01-04T00:12:19Z,2026-01-03T23:59:00Z,ARR,med,13.0
78,True,True,WINDSOR,TORONTO,2026-01-03,3,London,LNDN,2026-01-04T00:45:21Z,2026-01-04T00:32:00Z,ARR,med,13.0
78,True,True,WINDSOR,TORONTO,2026-01-03,4,Ingersoll,INGR,2026-01-04T01:18:02Z,2026-01-04T00:57:00Z,ARR,bad,21.0
78,True,True,WINDSOR,TORONTO,2026-01-03,5,Woodstock,WDST,2026-01-04T01:31:32Z,2026-01-04T01:08:00Z,ARR,bad,23.0
78,True,True,WINDSOR,TORONTO,2026-01-03,6,Brantford,BRTF,2026-01-04T02:14:58Z,2026-01-04T01:39:00Z,ARR,bad,35.0
78,True,True,WINDSOR,TORONTO,2026-01-03,7,Aldershot,ALDR,2026-01-04T02:57:26Z,2026-01-04T02:09:00Z,ARR,bad,48.0
78,True,True,WINDSOR,TORONTO,2026-01-03,8,Oakville,OAKV,2026-01-04T03:12:44Z,2026-01-04T02:24:00Z,ARR,bad,48.0
78,True,True,WINDSOR,TORONTO,2026-01-03,9,Toronto,TRTO,2026-01-04T03:40:19Z,2026-01-04T02:50:00Z,ARR,bad,50.0
79,True,False,TORONTO,WINDSOR,2026-01-03,0,Toronto,TRTO,2026-01-04T00:45:00Z,2026-01-04T00:45:00Z,ARR,goo,0.0
79,True,False,TORONTO,WINDSOR,2026-01-03,1,Oakville,OAKV,2026-01-04T01:10:59Z,2026-01-04T01:07:00Z,ARR,goo,3.0
79,True,False,TORONTO,WINDSOR,2026-01-03,2,Aldershot,ALDR,2026-01-04T01:29:59Z,2026-01-04T01:22:00Z,ARR,med,7.0
79,True,False,TORONTO,WINDSOR,2026-01-03,3,Brantford,BRTF,2026-01-04T01:59:56Z,2026-01-04T01:50:00Z,ARR,med,9.0
79,True,False,TORONTO,WINDSOR,2026-01-03,4,Woodstock,WDST,2026-01-04T02:28:29Z,2026-01-04T02:17:00Z,ARR,med,11.0
79,True,False,TORONTO,WINDSOR,2026-01-03,5,Ingersoll,INGR,2026-01-04T02:58:03Z,2026-01-04T02:30:00Z,ARR,bad,28.0
79,True,False,TORONTO,WINDSOR,2026-01-03,6,London,LNDN,2026-01-04T03:21:34Z,2026-01-04T02:52:00Z,ARR,bad,29.0
79,True,False,TORONTO,WINDSOR,2026-01-03,7,Glencoe,GLNC,2026-01-04T03:55:33Z,2026-01-04T03:25:00Z,7 mins,bad,30.0
79,True,False,TORONTO,WINDSOR,2026-01-03,8,Chatham,CHAT,2026-01-04T04:27:33Z,2026-01-04T03:57:00Z,39 mins,bad,30.0
79,True,False,TORONTO,WINDSOR,2026-01-03,9,Windsor,WDON,2026-01-04T05:14:33Z,2026-01-04T04:44:00Z,1h26,bad,30.0
