train_id,departed,arrived,from,to,instance,stop_id,station,code,estimated,scheduled,eta,diff,diffMin
1 (08-20),True,False,TORONTO,VANCOUVER,2025-08-20,0,Toronto,TRTO,2025-08-20T13:55:00Z,2025-08-20T13:55:00Z,ARR,goo,0.0
1 (08-20),True,False,TORONTO,VANCOUVER,2025-08-20,1,Washago,WSHG,2025-08-20T16:24:52Z,2025-08-20T16:25:00Z,ARR,goo,0.0
1 (08-20),True,False,TORONTO,VANCOUVER,2025-08-20,2,South Parry,SPAR,2025-08-20T18:18:39Z,2025-08-20T18:27:00Z,ARR,goo,-8.0
1 (08-20),True,False,TORONTO,VANCOUVER,2025-08-20,3,Sudbury (Jct.),SUDJ,2025-08-20T20:36:03Z,2025-08-20T20:57:00Z,ARR,goo,-20.0
1 (08-20),True,False,TORONTO,VANCOUVER,2025-08-20,4,Capreol,CAPR,2025-08-20T21:19:56Z,2025-08-20T21:22:00Z,ARR,goo,-2.0
1 (08-20),True,False,TORONTO,VANCOUVER,2025-08-20,5,Laforest,LAFO,2025-08-20T22:48:08Z,2025-08-20T22:48:00Z,ARR,goo,0.0
1 (08-20),True,False,TORONTO,VANCOUVER,2025-08-20,6,McKee's Camp,MCKC,2025-08-20T23:01:08Z,2025-08-20T23:01:00Z,ARR,goo,0.0
1 (08-20),True,False,TORONTO,VANCOUVER,2025-08-20,7,Felix,FELX,2025-08-20T23:11:13Z,2025-08-20T23:21:00Z,ARR,goo,-9.0
1 (08-20),True,False,TORONTO,VANCOUVER,2025-08-20,8,Ruel,RUEL,2025-08-20T23:28:00Z,2025-08-20T23:28:00Z,ARR,goo,0.0
1 (08-20),True,False,TORONTO,VANCOUVER,2025-08-20,9,Westree,WSTR,2025-08-20T23:42:11Z,2025-08-20T23:45:00Z,ARR,goo,-2.0
1 (08-20),True,False,TORONTO,VANCOUVER,2025-08-20,10,Gogama,GOGA,2025-08-21T00:42:44Z,2025-08-21T00:18:00Z,ARR,bad,24.0
1 (08-20),True,False,TORONTO,VANCOUVER,2025-08-20,11,Foleyet,FOLE,2025-08-21T02:22:16Z,2025-08-21T02:44:00Z,ARR,goo,-21.0
1 (08-20),True,False,TORONTO,VANCOUVER,2025-08-20,12,Elsas,ELSA,2025-08-21T03:27:15Z,2025-08-21T03:38:00Z,ARR,goo,-10.0
1 (08-20),True,False,TORONTO,VANCOUVER,2025-08-20,13,Oba,OBAX,2025-08-21T05:19:48Z,2025-08-21T05:38:00Z,ARR,goo,-18.0
1 (08-20),True,False,TORONTO,VANCOUVER,2025-08-20,14,Hornepayne,HNPN,2025-08-21T06:46:28Z,2025-08-21T06:29:00Z,ARR,bad,17.0
1 (08-20),True,False,TORONTO,VANCOUVER,2025-08-20,15,Hillsport,HLSP,2025-08-21T08:18:22Z,2025-08-21T08:05:00Z,ARR,med,13.0
1 (08-20),True,False,TORONTO,VANCOUVER,2025-08-20,16,Caramat,CARA,2025-08-21T08:56:11Z,2025-08-21T08:55:00Z,ARR,goo,1.0
1 (08-20),True,False,TORONTO,VANCOUVER,2025-08-20,17,Longlac,LLAC,2025-08-21T09:18:54Z,2025-08-21T09:34:00Z,ARR,goo,-15.0
1 (08-20),True,False,TORONTO,VANCOUVER,2025-08-20,18,Nakina,NAKI,2025-08-21T10:27:36Z,2025-08-21T10:13:00Z,ARR,med,14.0
1 (08-20),True,False,TORONTO,VANCOUVER,2025-08-20,19,Auden,AUDN,2025-08-21T11:22:57Z,2025-08-21T11:19:00Z,ARR,goo,3.0
1 (08-20),True,False,TORONTO,VANCOUVER,2025-08-20,20,Ferland,FERL,2025-08-21T11:56:29Z,2025-08-21T11:56:00Z,ARR,goo,0.0
1 (08-20),True,False,TORONTO,VANCOUVER,2025-08-20,21,Mud River,MUDR,2025-08-21T12:05:29Z,2025-08-21T12:05:00Z,ARR,goo,0.0
1 (08-20),True,False,TORONTO,VANCOUVER,2025-08-20,22,Armstrong,ARMG,2025-08-21T12:24:34Z,2025-08-21T13:17:00Z,ARR,goo,-52.0
1 (08-20),True,False,TORONTO,VANCOUVER,2025-08-20,23,Collins,COLL,2025-08-21T13:23:29Z,2025-08-21T13:47:00Z,ARR,goo,-23.0
1 (08-20),True,False,TORONTO,VANCOUVER,2025-08-20,24,Allanwater Bridge,ALWB,2025-08-21T14:05:42Z,2025-08-21T14:26:00Z,ARR,goo,-20.0
1 (08-20),True,False,TORONTO,VANCOUVER,2025-08-20,25,Flindt Landing,FLTL,2025-08-21T14:42:00Z,2025-08-21T14:42:00Z,ARR,goo,0.0
1 (08-20),True,False,TORONTO,VANCOUVER,2025-08-20,26,Savant Lake,SAVL,2025-08-21T15:04:04Z,2025-08-21T14:59:00Z,ARR,med,5.0
1 (08-20),True,False,TORONTO,VANCOUVER,2025-08-20,27,Sioux Lookout,SLKT,2025-08-21T16:25:14Z,2025-08-21T16:25:00Z,ARR,goo,0.0
1 (08-20),True,False,TORONTO,VANCOUVER,2025-08-20,28,Richan,RCHN,2025-08-21T19:24:38Z,2025-08-21T18:05:00Z,ARR,bad,79.0
1 (08-20),True,False,TORONTO,VANCOUVER,2025-08-20,29,Red Lake Road,RLRX,2025-08-21T22:56:20Z,2025-08-21T18:41:00Z,ARR,bad,255.0
1 (08-20),True,False,TORONTO,VANCOUVER,2025-08-20,30,Canyon,CNYK,2025-08-21T23:27:06Z,2025-08-21T19:10:00Z,ARR,bad,257.0
1 (08-20),True,False,TORONTO,VANCOUVER,2025-08-20,31,Farlane,FARL,2025-08-22T00:03:01Z,2025-08-21T19:47:00Z,ARR,bad,256.0
1 (08-20),True,False,TORONTO,VANCOUVER,2025-08-20,32,Redditt,RDDT,2025-08-22T00:22:48Z,2025-08-21T20:23:00Z,ARR,bad,239.0
1 (08-20),True,False,TORONTO,VANCOUVER,2025-08-20,33,Minaki,MNKI,2025-08-22T00:53:36Z,2025-08-21T20:44:00Z,ARR,bad,249.0
1 (08-20),True,False,TORONTO,VANCOUVER,2025-08-20,34,Ottermere,OTTM,2025-08-22T01:17:12Z,2025-08-21T21:01:00Z,ARR,bad,256.0
1 (08-20),True,False,TORONTO,VANCOUVER,2025-08-20,35,Malachi,MLCH,2025-08-22T01:30:12Z,2025-08-21T21:07:00Z,ARR,bad,263.0
1 (08-20),True,False,TORONTO,VANCOUVER,2025-08-20,36,Copelands Landing,COPE,2025-08-22T01:31:29Z,2025-08-21T21:09:00Z,ARR,bad,262.0
1 (08-20),True,False,TORONTO,VANCOUVER,2025-08-20,37,Rice Lake,RCLK,2025-08-22T01:40:18Z,2025-08-21T21:12:00Z,ARR,bad,268.0
1 (08-20),True,False,TORONTO,VANCOUVER,2025-08-20,38,Winnitoba,WNTB,2025-08-22T01:54:18Z,2025-08-21T21:26:00Z,ARR,bad,268.0
1 (08-20),True,False,TORONTO,VANCOUVER,2025-08-20,39,Ophir,OPHR,2025-08-22T01:48:17Z,2025-08-21T21:31:00Z,ARR,bad,257.0
1 (08-20),True,False,TORONTO,VANCOUVER,2025-08-20,40,Brereton Lake,BRTL,2025-08-22T02:02:01Z,2025-08-21T21:49:00Z,ARR,bad,253.0
1 (08-20),True,False,TORONTO,VANCOUVER,2025-08-20,41,Elma,ELMA,2025-08-22T02:16:37Z,2025-08-21T22:10:00Z,ARR,bad,246.0
1 (08-20),True,False,TORONTO,VANCOUVER,2025-08-20,42,Winnipeg,WNPG,2025-08-22T03:59:54Z,2025-08-22T00:30:00Z,ARR,bad,209.0
1 (08-20),True,False,TORONTO,VANCOUVER,2025-08-20,43,Portage La Prairie,PLPX,2025-08-22T09:07:26Z,2025-08-22T04:04:00Z,ARR,bad,303.0
1 (08-20),True,False,TORONTO,VANCOUVER,2025-08-20,44,Rivers,RVRS,2025-08-22T11:04:13Z,2025-08-22T06:31:00Z,ARR,bad,273.0
1 (08-20),True,False,TORONTO,VANCOUVER,2025-08-20,45,Melville,MELV,2025-08-22T14:01:04Z,2025-08-22T10:54:00Z,ARR,bad,187.0
1 (08-20),True,False,TORONTO,VANCOUVER,2025-08-20,46,Watrous,WATR,2025-08-22T16:58:40Z,2025-08-22T13:54:00Z,ARR,bad,184.0
1 (08-20),True,False,TORONTO,VANCOUVER,2025-08-20,47,Saskatoon,SASK,2025-08-22T18:46:01Z,2025-08-22T15:50:00Z,ARR,bad,176.0
1 (08-20),True,False,TORONTO,VANCOUVER,2025-08-20,48,Biggar,BIGG,2025-08-22T22:01:12Z,2025-08-22T18:29:00Z,ARR,bad,212.0
1 (08-20),True,False,TORONTO,VANCOUVER,2025-08-20,49,Unity,UNIT,2025-08-22T23:35:24Z,2025-08-22T19:44:00Z,ARR,bad,231.0
1 (08-20),True,False,TORONTO,VANCOUVER,2025-08-20,50,Wainwright,WAIN,2025-08-23T01:34:59Z,2025-08-22T22:33:00Z,ARR,bad,181.0
1 (08-20),True,False,TORONTO,VANCOUVER,2025-08-20,51,Viking,VKNG,2025-08-23T02:56:12Z,2025-08-22T23:26:00Z,ARR,bad,210.0
1 (08-20),True,False,TORONTO,VANCOUVER,2025-08-20,52,Edmonton,EDMO,2025-08-23T04:38:26Z,2025-08-23T02:50:00Z,ARR,bad,108.0
1 (08-20),True,False,TORONTO,VANCOUVER,2025-08-20,53,Evansburg,EVAN,2025-08-23T08:34:34Z,2025-08-23T07:29:00Z,ARR,bad,65.0
1 (08-20),True,False,TORONTO,VANCOUVER,2025-08-20,54,Edson,EDSN,2025-08-23T09:53:08Z,2025-08-23T08:52:00Z,ARR,bad,61.0
1 (08-20),True,False,TORONTO,VANCOUVER,2025-08-20,55,Hinton,HINT,2025-08-23T11:07:23Z,2025-08-23T09:58:00Z,ARR,bad,69.0
1 (08-20),True,False,TORONTO,VANCOUVER,2025-08-20,56,Jasper,JASP,2025-08-23T12:19:55Z,2025-08-23T12:30:00Z,ARR,goo,-10.0
1 (08-20),True,False,TORONTO,VANCOUVER,2025-08-20,57,Valemount,VLMT,2025-08-23T17:55:31Z,2025-08-23T17:50:00Z,ARR,med,5.0
1 (08-20),True,False,TORONTO,VANCOUVER,2025-08-20,58,Blue River,BLUE,2025-08-23T19:48:40Z,2025-08-23T20:36:00Z,ARR,goo,-47.0
1 (08-20),True,False,TORONTO,VANCOUVER,2025-08-20,59,Clearwater,CLWT,2025-08-23T22:59:31Z,2025-08-23T22:45:00Z,ARR,med,14.0
1 (08-20),True,False,TORONTO,VANCOUVER,2025-08-20,60,Kamloops North,KAMN,2025-08-24T01:26:54Z,2025-08-24T01:28:00Z,ARR,goo,-1.0
1 (08-20),True,False,TORONTO,VANCOUVER,2025-08-20,61,Ashcroft,ASHN,2025-08-24T04:07:16Z,2025-08-24T03:49:00Z,10 mins,bad,18.0
1 (08-20),True,False,TORONTO,VANCOUVER,2025-08-20,62,Boston Bar,BBAR,2025-08-24T06:54:16Z,2025-08-24T06:36:00Z,2h57,bad,18.0
1 (08-20),True,False,TORONTO,VANCOUVER,2025-08-20,63,Hope,HOPE,&mdash;,2025-08-24T08:06:00Z,&mdash;,,
1 (08-20),True,False,TORONTO,VANCOUVER,2025-08-20,64,Chilliwack,CHIL,&mdash;,2025-08-24T08:30:00Z,&mdash;,,
1 (08-20),True,False,TORONTO,VANCOUVER,2025-08-20,65,Abbotsford,ABBO,&mdash;,2025-08-24T09:00:00Z,&mdash;,,
1 (08-20),True,False,TORONTO,VANCOUVER,2025-08-20,66,Vancouver,VCVR,&mdash;,2025-08-24T15:00:00Z,&mdash;,,
692 (08-21),True,True,CHURCHILL,WINNIPEG,2025-08-21,0,Churchill,CHUR,2025-08-22T01:30:00Z,2025-08-22T01:30:00Z,ARR,goo,0.0
692 (08-21),True,True,CHURCHILL,WINNIPEG,2025-08-21,1,Tidal,TIDL,2025-08-22T01:58:09Z,2025-08-22T01:52:00Z,ARR,med,6.0
692 (08-21),True,True,CHURCHILL,WINNIPEG,2025-08-21,2,Chesnaye,CHES,2025-08-22T02:50:42Z,2025-08-22T02:38:00Z,ARR,med,12.0
692 (08-21),True,True,CHURCHILL,WINNIPEG,2025-08-21,3,M'Clintock,MCLI,2025-08-22T04:06:42Z,2025-08-22T03:54:00Z,ARR,med,12.0
692 (08-21),True,True,CHURCHILL,WINNIPEG,2025-08-21,4,O'Day,ODAY,2025-08-22T04:51:42Z,2025-08-22T04:39:00Z,ARR,med,12.0
692 (08-21),True,True,CHURCHILL,WINNIPEG,2025-08-21,5,Herchmer,HERC,2025-08-22T05:30:42Z,2025-08-22T05:18:00Z,ARR,med,12.0
692 (08-21),True,True,CHURCHILL,WINNIPEG,2025-08-21,6,Thibaudeau,THIB,2025-08-22T06:56:42Z,2025-08-22T06:44:00Z,ARR,med,12.0
692 (08-21),True,True,CHURCHILL,WINNIPEG,2025-08-21,7,Weir River,WEIR,2025-08-22T07:32:15Z,2025-08-22T07:46:00Z,ARR,goo,-13.0
692 (08-21),True,True,CHURCHILL,WINNIPEG,2025-08-21,8,Amery,AMRY,2025-08-22T08:11:08Z,2025-08-22T08:37:00Z,ARR,goo,-25.0
692 (08-21),True,True,CHURCHILL,WINNIPEG,2025-08-21,9,Bird,BIRD,2025-08-22T09:00:11Z,2025-08-22T09:00:00Z,ARR,goo,0.0
692 (08-21),True,True,CHURCHILL,WINNIPEG,2025-08-21,10,Gillam,GILL,2025-08-22T09:46:54Z,2025-08-22T10:00:00Z,ARR,goo,-13.0
692 (08-21),True,True,CHURCHILL,WINNIPEG,2025-08-21,11,Wivenhoe,WVHO,2025-08-22T11:16:51Z,2025-08-22T11:16:00Z,ARR,goo,0.0
692 (08-21),True,True,CHURCHILL,WINNIPEG,2025-08-21,12,Ilford,ILFO,2025-08-22T12:14:41Z,2025-08-22T11:53:00Z,ARR,bad,21.0
692 (08-21),True,True,CHURCHILL,WINNIPEG,2025-08-21,13,Pit Siding,PITS,2025-08-22T13:25:35Z,2025-08-22T12:54:00Z,ARR,bad,31.0
692 (08-21),True,True,CHURCHILL,WINNIPEG,2025-08-21,14,Bridgar,BRGR,2025-08-22T14:47:35Z,2025-08-22T14:16:00Z,ARR,bad,31.0
692 (08-21),True,True,CHURCHILL,WINNIPEG,2025-08-21,15,Pikwitonei,PIKW,2025-08-22T14:58:35Z,2025-08-22T14:27:00Z,ARR,bad,31.0
692 (08-21),True,True,CHURCHILL,WINNIPEG,2025-08-21,16,Sipiwesk,SIPI,2025-08-22T15:25:35Z,2025-08-22T14:54:00Z,ARR,bad,31.0
692 (08-21),True,True,CHURCHILL,WINNIPEG,2025-08-21,17,Thompson,THOM,2025-08-22T18:46:27Z,2025-08-22T16:30:00Z,ARR,bad,136.0
692 (08-21),True,True,CHURCHILL,WINNIPEG,2025-08-21,18,Leven,LEVN,2025-08-22T21:02:13Z,2025-08-22T21:05:00Z,ARR,goo,-2.0
692 (08-21),True,True,CHURCHILL,WINNIPEG,2025-08-21,19,Thicket Portage,THKP,2025-08-22T21:26:12Z,2025-08-22T21:22:00Z,ARR,goo,4.0
692 (08-21),True,True,CHURCHILL,WINNIPEG,2025-08-21,20,Hockin,HOCK,2025-08-22T21:25:15Z,2025-08-22T21:37:00Z,ARR,goo,-11.0
692 (08-21),True,True,CHURCHILL,WINNIPEG,2025-08-21,21,Odhill,ODHI,2025-08-22T22:06:33Z,2025-08-22T22:21:00Z,ARR,goo,-14.0
692 (08-21),True,True,CHURCHILL,WINNIPEG,2025-08-21,22,Lyddal,LYDD,2025-08-22T22:43:00Z,2025-08-22T22:43:00Z,ARR,goo,0.0
692 (08-21),True,True,CHURCHILL,WINNIPEG,2025-08-21,23,Wabowden,WBDN,2025-08-22T23:11:00Z,2025-08-22T23:11:00Z,ARR,goo,0.0
692 (08-21),True,True,CHURCHILL,WINNIPEG,2025-08-21,24,Pipun,PIPN,2025-08-22T23:34:00Z,2025-08-22T23:34:00Z,ARR,goo,0.0
692 (08-21),True,True,CHURCHILL,WINNIPEG,2025-08-21,25,Ponton,PNTN,2025-08-23T00:17:00Z,2025-08-23T00:17:00Z,ARR,goo,0.0
692 (08-21),True,True,CHURCHILL,WINNIPEG,2025-08-21,26,Turnbull,TURN,2025-08-23T00:49:00Z,2025-08-23T00:49:00Z,ARR,goo,0.0
692 (08-21),True,True,CHURCHILL,WINNIPEG,2025-08-21,27,Wekusko,WEKU,2025-08-23T01:16:00Z,2025-08-23T01:16:00Z,ARR,goo,0.0
692 (08-21),True,True,CHURCHILL,WINNIPEG,2025-08-21,28,Dyce,DYCE,2025-08-23T01:33:57Z,2025-08-23T02:00:00Z,ARR,goo,-26.0
692 (08-21),True,True,CHURCHILL,WINNIPEG,2025-08-21,29,Dering,DERI,2025-08-23T02:39:00Z,2025-08-23T02:39:00Z,ARR,goo,0.0
692 (08-21),True,True,CHURCHILL,WINNIPEG,2025-08-21,30,Cormorant,CORM,2025-08-23T02:47:00Z,2025-08-23T02:47:00Z,ARR,goo,0.0
692 (08-21),True,True,CHURCHILL,WINNIPEG,2025-08-21,31,Halcrow,HALC,2025-08-23T02:58:00Z,2025-08-23T02:58:00Z,ARR,goo,0.0
692 (08-21),True,True,CHURCHILL,WINNIPEG,2025-08-21,32,Orok,OROK,2025-08-23T03:11:23Z,2025-08-23T03:52:00Z,ARR,goo,-40.0
692 (08-21),True,True,CHURCHILL,WINNIPEG,2025-08-21,33,The Pas,TPAS,2025-08-23T03:45:30Z,2025-08-23T04:30:00Z,ARR,goo,-44.0
692 (08-21),True,True,CHURCHILL,WINNIPEG,2025-08-21,34,Hudson Bay,HBAY,2025-08-23T10:41:54Z,2025-08-23T10:27:00Z,ARR,med,14.0
692 (08-21),True,True,CHURCHILL,WINNIPEG,2025-08-21,35,Reserve,RSRV,2025-08-23T11:37:00Z,2025-08-23T11:09:00Z,ARR,bad,28.0
692 (08-21),True,True,CHURCHILL,WINNIPEG,2025-08-21,36,Endeavour,ENDV,2025-08-23T12:28:59Z,2025-08-23T11:55:00Z,ARR,bad,33.0
692 (08-21),True,True,CHURCHILL,WINNIPEG,2025-08-21,37,Sturgis,STGS,2025-08-23T12:58:39Z,2025-08-23T12:24:00Z,ARR,bad,34.0
692 (08-21),True,True,CHURCHILL,WINNIPEG,2025-08-21,38,Canora,CANO,2025-08-23T13:45:49Z,2025-08-23T13:08:00Z,ARR,bad,37.0
692 (08-21),True,True,CHURCHILL,WINNIPEG,2025-08-21,39,Mikado,MIKA,2025-08-23T14:09:37Z,2025-08-23T13:30:00Z,ARR,bad,39.0
692 (08-21),True,True,CHURCHILL,WINNIPEG,2025-08-21,40,Veregin,VERE,2025-08-23T14:31:52Z,2025-08-23T13:43:00Z,ARR,bad,48.0
692 (08-21),True,True,CHURCHILL,WINNIPEG,2025-08-21,41,Kamsack,KAMS,2025-08-23T14:48:25Z,2025-08-23T13:58:00Z,ARR,bad,50.0
692 (08-21),True,True,CHURCHILL,WINNIPEG,2025-08-21,42,Togo,TOGO,2025-08-23T15:34:37Z,2025-08-23T14:37:00Z,ARR,bad,57.0
692 (08-21),True,True,CHURCHILL,WINNIPEG,2025-08-21,43,Roblin,RBLN,2025-08-23T16:06:11Z,2025-08-23T15:14:00Z,ARR,bad,52.0
692 (08-21),True,True,CHURCHILL,WINNIPEG,2025-08-21,44,Grandview,GVIE,2025-08-23T17:34:06Z,2025-08-23T16:12:00Z,ARR,bad,82.0
692 (08-21),True,True,CHURCHILL,WINNIPEG,2025-08-21,45,Gilbert Plains,GLBP,2025-08-23T17:52:31Z,2025-08-23T16:32:00Z,ARR,bad,80.0
692 (08-21),True,True,CHURCHILL,WINNIPEG,2025-08-21,46,Dauphin,DAUP,2025-08-23T18:36:11Z,2025-08-23T16:56:00Z,ARR,bad,100.0
692 (08-21),True,True,CHURCHILL,WINNIPEG,2025-08-21,47,Ochre River,OCHR,2025-08-23T19:17:17Z,2025-08-23T17:20:00Z,ARR,bad,117.0
692 (08-21),True,True,CHURCHILL,WINNIPEG,2025-08-21,48,Laurier,LRIE,2025-08-23T19:33:25Z,2025-08-23T17:38:00Z,ARR,bad,115.0
692 (08-21),True,True,CHURCHILL,WINNIPEG,2025-08-21,49,Mccreary,MCCR,2025-08-23T19:50:19Z,2025-08-23T17:54:00Z,ARR,bad,116.0
692 (08-21),True,True,CHURCHILL,WINNIPEG,2025-08-21,50,Glenella,GLNA,2025-08-23T20:30:10Z,2025-08-23T18:34:00Z,ARR,bad,116.0
692 (08-21),True,True,CHURCHILL,WINNIPEG,2025-08-21,51,Plumas,PLUM,2025-08-23T20:57:00Z,2025-08-23T19:06:00Z,ARR,bad,111.0
692 (08-21),True,True,CHURCHILL,WINNIPEG,2025-08-21,52,Gladstone,GSTO,2025-08-23T21:24:55Z,2025-08-23T19:51:00Z,ARR,bad,93.0
692 (08-21),True,True,CHURCHILL,WINNIPEG,2025-08-21,53,Portage La Prairie,PLPX,2025-08-23T22:09:19Z,2025-08-23T20:37:00Z,ARR,bad,92.0
692 (08-21),True,True,CHURCHILL,WINNIPEG,2025-08-21,54,Winnipeg,WNPG,2025-08-23T23:36:25Z,2025-08-23T21:45:00Z,ARR,bad,111.0
2 (08-22),True,False,VANCOUVER,TORONTO,2025-08-22,0,Vancouver,VCVR,2025-08-22T22:00:00Z,2025-08-22T22:00:00Z,ARR,goo,0.0
2 (08-22),True,False,VANCOUVER,TORONTO,2025-08-22,1,Mission Harbour,MSNH,2025-08-22T23:46:59Z,2025-08-22T23:35:00Z,ARR,med,11.0
2 (08-22),True,False,VANCOUVER,TORONTO,2025-08-22,2,Agassiz,AGAS,2025-08-23T00:45:45Z,2025-08-23T00:03:00Z,ARR,bad,42.0
2 (08-22),True,False,VANCOUVER,TORONTO,2025-08-22,3,Katz,KATZ,2025-08-23T01:04:59Z,2025-08-23T00:17:00Z,ARR,bad,47.0
2 (08-22),True,False,VANCOUVER,TORONTO,2025-08-22,4,North Bend,NBND,2025-08-23T03:04:44Z,2025-08-23T02:46:00Z,ARR,bad,18.0
2 (08-22),True,False,VANCOUVER,TORONTO,2025-08-22,5,Ashcroft,ASHN,2025-08-23T05:31:22Z,2025-08-23T05:32:00Z,ARR,goo,0.0
2 (08-22),True,False,VANCOUVER,TORONTO,2025-08-22,6,Kamloops North,KAMN,2025-08-23T07:25:58Z,2025-08-23T07:17:00Z,ARR,med,8.0
2 (08-22),True,False,VANCOUVER,TORONTO,2025-08-22,7,Clearwater,CLWT,2025-08-23T09:39:59Z,2025-08-23T09:58:00Z,ARR,goo,-18.0
2 (08-22),True,False,VANCOUVER,TORONTO,2025-08-22,8,Blue River,BLUE,2025-08-23T11:38:52Z,2025-08-23T12:11:00Z,ARR,goo,-32.0
2 (08-22),True,False,VANCOUVER,TORONTO,2025-08-22,9,Valemount,VLMT,2025-08-23T13:45:29Z,2025-08-23T14:01:00Z,ARR,goo,-15.0
2 (08-22),True,False,VANCOUVER,TORONTO,2025-08-22,10,Jasper,JASP,2025-08-23T16:16:29Z,2025-08-23T17:00:00Z,ARR,goo,-43.0
2 (08-22),True,False,VANCOUVER,TORONTO,2025-08-22,11,Hinton,HINT,2025-08-23T19:45:29Z,2025-08-23T19:45:00Z,ARR,goo,0.0
2 (08-22),True,False,VANCOUVER,TORONTO,2025-08-22,12,Edson,EDSN,2025-08-23T21:58:44Z,2025-08-23T21:19:00Z,ARR,bad,39.0
2 (08-22),True,False,VANCOUVER,TORONTO,2025-08-22,13,Evansburg,EVAN,2025-08-23T23:41:15Z,2025-08-23T22:28:00Z,ARR,bad,73.0
2 (08-22),True,False,VANCOUVER,TORONTO,2025-08-22,14,Edmonton,EDMO,2025-08-24T01:02:20Z,2025-08-24T00:50:00Z,ARR,med,12.0
2 (08-22),True,False,VANCOUVER,TORONTO,2025-08-22,15,Viking,VKNG,2025-08-24T05:06:24Z,2025-08-24T03:53:00Z,1h09,bad,73.0
2 (08-22),True,False,VANCOUVER,TORONTO,2025-08-22,16,Wainwright,WAIN,2025-08-24T07:27:24Z,2025-08-24T06:14:00Z,3h30,bad,73.0
2 (08-22),True,False,VANCOUVER,TORONTO,2025-08-22,17,Unity,UNIT,&mdash;,2025-08-24T07:47:00Z,&mdash;,,
2 (08-22),True,False,VANCOUVER,TORONTO,2025-08-22,18,Biggar,BIGG,&mdash;,2025-08-24T09:21:00Z,&mdash;,,
2 (08-22),True,False,VANCOUVER,TORONTO,2025-08-22,19,Saskatoon,SASK,&mdash;,2025-08-24T11:57:00Z,&mdash;,,
2 (08-22),True,False,VANCOUVER,TORONTO,2025-08-22,20,Watrous,WATR,&mdash;,2025-08-24T14:26:00Z,&mdash;,,
692 (08-23),True,False,CHURCHILL,WINNIPEG,2025-08-23,0,Churchill,CHUR,2025-08-24T01:37:47Z,2025-08-24T01:30:00Z,ARR,med,7.0
692 (08-23),True,False,CHURCHILL,WINNIPEG,2025-08-23,1,Tidal,TIDL,2025-08-24T02:04:23Z,2025-08-24T01:52:00Z,ARR,med,12.0
692 (08-23),True,False,CHURCHILL,WINNIPEG,2025-08-23,2,Chesnaye,CHES,2025-08-24T02:56:56Z,2025-08-24T02:38:00Z,ARR,bad,18.0
692 (08-23),True,False,CHURCHILL,WINNIPEG,2025-08-23,3,M'Clintock,MCLI,2025-08-24T04:12:56Z,2025-08-24T03:54:00Z,16 mins,bad,18.0
692 (08-23),True,False,CHURCHILL,WINNIPEG,2025-08-23,4,O'Day,ODAY,2025-08-24T04:57:56Z,2025-08-24T04:39:00Z,1h01,bad,18.0
692 (08-23),True,False,CHURCHILL,WINNIPEG,2025-08-23,5,Herchmer,HERC,2025-08-24T05:36:56Z,2025-08-24T05:18:00Z,1h40,bad,18.0
692 (08-23),True,False,CHURCHILL,WINNIPEG,2025-08-23,6,Thibaudeau,THIB,2025-08-24T07:02:56Z,2025-08-24T06:44:00Z,3h06,bad,18.0
692 (08-23),True,False,CHURCHILL,WINNIPEG,2025-08-23,7,Weir River,WEIR,2025-08-24T08:04:56Z,2025-08-24T07:46:00Z,4h08,bad,18.0
692 (08-23),True,False,CHURCHILL,WINNIPEG,2025-08-23,8,Amery,AMRY,2025-08-24T08:55:56Z,2025-08-24T08:37:00Z,4h59,bad,18.0
692 (08-23),True,False,CHURCHILL,WINNIPEG,2025-08-23,9,Bird,BIRD,2025-08-24T09:18:56Z,2025-08-24T09:00:00Z,5h22,bad,18.0
692 (08-23),True,False,CHURCHILL,WINNIPEG,2025-08-23,10,Gillam,GILL,2025-08-24T10:18:56Z,2025-08-24T10:00:00Z,6h22,bad,18.0
692 (08-23),True,False,CHURCHILL,WINNIPEG,2025-08-23,11,Wivenhoe,WVHO,2025-08-24T11:34:56Z,2025-08-24T11:16:00Z,7h38,bad,18.0
692 (08-23),True,False,CHURCHILL,WINNIPEG,2025-08-23,12,Ilford,ILFO,2025-08-24T12:11:56Z,2025-08-24T11:53:00Z,8h15,bad,18.0
692 (08-23),True,False,CHURCHILL,WINNIPEG,2025-08-23,13,Pit Siding,PITS,2025-08-24T13:12:56Z,2025-08-24T12:54:00Z,9h16,bad,18.0
692 (08-23),True,False,CHURCHILL,WINNIPEG,2025-08-23,14,Bridgar,BRGR,2025-08-24T14:34:56Z,2025-08-24T14:16:00Z,10h38,bad,18.0
692 (08-23),True,False,CHURCHILL,WINNIPEG,2025-08-23,15,Pikwitonei,PIKW,2025-08-24T14:45:56Z,2025-08-24T14:27:00Z,10h49,bad,18.0
692 (08-23),True,False,CHURCHILL,WINNIPEG,2025-08-23,16,Sipiwesk,SIPI,2025-08-24T15:12:56Z,2025-08-24T14:54:00Z,11h16,bad,18.0
692 (08-23),True,False,CHURCHILL,WINNIPEG,2025-08-23,17,Thompson,THOM,2025-08-24T16:48:56Z,2025-08-24T16:30:00Z,12h52,bad,18.0
15,True,True,HALIFAX,MONTRÉAL,2025-08-22,0,Halifax,HLFX,2025-08-22T14:36:02Z,2025-08-22T14:30:00Z,ARR,med,6.0
15,True,True,HALIFAX,MONTRÉAL,2025-08-22,1,Truro,TRUR,2025-08-22T16:01:09Z,2025-08-22T15:56:00Z,ARR,med,5.0
15,True,True,HALIFAX,MONTRÉAL,2025-08-22,2,Springhill Jct,SPRJ,2025-08-22T17:23:58Z,2025-08-22T17:11:00Z,ARR,med,12.0
15,True,True,HALIFAX,MONTRÉAL,2025-08-22,3,Amherst,AMHS,2025-08-22T17:44:29Z,2025-08-22T17:34:00Z,ARR,med,10.0
15,True,True,HALIFAX,MONTRÉAL,2025-08-22,4,Sackville,SACK,2025-08-22T18:02:20Z,2025-08-22T17:50:00Z,ARR,med,12.0
15,True,True,HALIFAX,MONTRÉAL,2025-08-22,5,Moncton,MCTN,2025-08-22T18:48:56Z,2025-08-22T18:44:00Z,ARR,goo,4.0
15,True,True,HALIFAX,MONTRÉAL,2025-08-22,6,Rogersville,RGRV,2025-08-22T20:46:45Z,2025-08-22T20:08:00Z,ARR,bad,38.0
15,True,True,HALIFAX,MONTRÉAL,2025-08-22,7,Miramichi,MIRA,2025-08-22T21:37:36Z,2025-08-22T20:59:00Z,ARR,bad,38.0
15,True,True,HALIFAX,MONTRÉAL,2025-08-22,8,Bathurst,BTRS,2025-08-22T23:17:08Z,2025-08-22T22:55:00Z,ARR,bad,22.0
15,True,True,HALIFAX,MONTRÉAL,2025-08-22,9,Petit Rocher,PROC,2025-08-22T23:47:25Z,2025-08-22T23:22:00Z,ARR,bad,25.0
15,True,True,HALIFAX,MONTRÉAL,2025-08-22,10,Jacquet River,JACR,2025-08-23T00:15:14Z,2025-08-22T23:44:01Z,ARR,bad,31.0
15,True,True,HALIFAX,MONTRÉAL,2025-08-22,11,Charlo,CHLO,2025-08-23T01:01:04Z,2025-08-23T00:07:00Z,ARR,bad,54.0
15,True,True,HALIFAX,MONTRÉAL,2025-08-22,12,Campbellton,CBTN,2025-08-23T01:50:14Z,2025-08-23T01:10:00Z,ARR,bad,40.0
15,True,True,HALIFAX,MONTRÉAL,2025-08-22,13,Matapedia,MTPD,2025-08-23T02:38:19Z,2025-08-23T01:52:00Z,ARR,bad,46.0
15,True,True,HALIFAX,MONTRÉAL,2025-08-22,14,Causapscal,CAUS,2025-08-23T03:42:37Z,2025-08-23T02:41:00Z,ARR,bad,61.0
15,True,True,HALIFAX,MONTRÉAL,2025-08-22,15,Amqui,AMQU,2025-08-23T04:13:12Z,2025-08-23T03:01:00Z,ARR,bad,72.0
15,True,True,HALIFAX,MONTRÉAL,2025-08-22,16,Sayabec,SAYA,2025-08-23T04:46:13Z,2025-08-23T03:23:00Z,ARR,bad,83.0
15,True,True,HALIFAX,MONTRÉAL,2025-08-22,17,Mont-Joli,MJLI,2025-08-23T06:00:58Z,2025-08-23T04:53:00Z,ARR,bad,67.0
15,True,True,HALIFAX,MONTRÉAL,2025-08-22,18,Rimouski,RMSK,2025-08-23T06:30:32Z,2025-08-23T05:24:00Z,ARR,bad,66.0
15,True,True,HALIFAX,MONTRÉAL,2025-08-22,19,Trois Pistoles,TPIS,2025-08-23T07:50:02Z,2025-08-23T06:29:00Z,ARR,bad,81.0
15,True,True,HALIFAX,MONTRÉAL,2025-08-22,20,Rivière-Du-Loup,RDLX,2025-08-23T08:33:28Z,2025-08-23T07:16:00Z,ARR,bad,77.0
15,True,True,HALIFAX,MONTRÉAL,2025-08-22,21,La Pocatière,LPOC,2025-08-23T09:19:07Z,2025-08-23T08:05:00Z,ARR,bad,74.0
15,True,True,HALIFAX,MONTRÉAL,2025-08-22,22,Montmagny,MMGY,2025-08-23T09:51:42Z,2025-08-23T08:39:00Z,ARR,bad,72.0
15,True,True,HALIFAX,MONTRÉAL,2025-08-22,23,Ste-Foy,SFOY,2025-08-23T10:41:39Z,2025-08-23T10:13:00Z,ARR,bad,28.0
15,True,True,HALIFAX,MONTRÉAL,2025-08-22,24,Drummondville,DRMV,2025-08-23T12:52:00Z,2025-08-23T12:20:00Z,ARR,bad,32.0
15,True,True,HALIFAX,MONTRÉAL,2025-08-22,25,St. Hyacinthe,SHYA,2025-08-23T13:32:00Z,2025-08-23T13:00:00Z,ARR,bad,32.0
15,True,True,HALIFAX,MONTRÉAL,2025-08-22,26,St. Lambert,SLAM,2025-08-23T14:06:00Z,2025-08-23T13:34:00Z,ARR,bad,32.0
15,True,True,HALIFAX,MONTRÉAL,2025-08-22,27,Montréal,MTRL,2025-08-23T14:25:00Z,2025-08-23T13:53:00Z,ARR,bad,32.0
6,True,True,PRINCE RUPERT,JASPER,2025-08-22,0,Prince Rupert,PRUP,2025-08-22T15:00:00Z,2025-08-22T15:00:00Z,ARR,goo,0.0
6,True,True,PRINCE RUPERT,JASPER,2025-08-22,1,Cassiar Cannery,CASS,2025-08-22T15:29:06Z,2025-08-22T15:20:00Z,ARR,med,9.0
6,True,True,PRINCE RUPERT,JASPER,2025-08-22,2,Kwinitsa,KWIN,2025-08-22T16:09:35Z,2025-08-22T16:17:00Z,ARR,goo,-7.0
6,True,True,PRINCE RUPERT,JASPER,2025-08-22,3,Terrace,TRRC,2025-08-22T17:32:16Z,2025-08-22T17:20:00Z,ARR,med,12.0
6,True,True,PRINCE RUPERT,JASPER,2025-08-22,4,Usk,USKX,2025-08-22T18:00:12Z,2025-08-22T17:48:00Z,ARR,med,12.0
6,True,True,PRINCE RUPERT,JASPER,2025-08-22,5,Pacific,PACI,2025-08-22T18:15:34Z,2025-08-22T18:07:00Z,ARR,med,8.0
6,True,True,PRINCE RUPERT,JASPER,2025-08-22,6,Dorreen,DORR,2025-08-22T18:23:49Z,2025-08-22T18:19:00Z,ARR,goo,4.0
6,True,True,PRINCE RUPERT,JASPER,2025-08-22,7,Cedarvale,CEDA,2025-08-22T18:42:14Z,2025-08-22T18:44:00Z,ARR,goo,-1.0
6,True,True,PRINCE RUPERT,JASPER,2025-08-22,8,Kitwanga,KITW,2025-08-22T18:59:54Z,2025-08-22T18:48:01Z,ARR,med,11.0
6,True,True,PRINCE RUPERT,JASPER,2025-08-22,9,New Hazelton,NHAZ,2025-08-22T19:42:01Z,2025-08-22T19:30:00Z,ARR,med,12.0
6,True,True,PRINCE RUPERT,JASPER,2025-08-22,10,Smithers,SMTR,2025-08-22T20:56:12Z,2025-08-22T21:14:00Z,ARR,goo,-17.0
6,True,True,PRINCE RUPERT,JASPER,2025-08-22,11,Telkwa,TELK,2025-08-22T21:26:10Z,2025-08-22T21:37:00Z,ARR,goo,-10.0
6,True,True,PRINCE RUPERT,JASPER,2025-08-22,12,Houston,HOUS,2025-08-22T22:06:04Z,2025-08-22T22:22:00Z,ARR,goo,-15.0
6,True,True,PRINCE RUPERT,JASPER,2025-08-22,13,Burns Lake,BRNL,2025-08-22T23:23:55Z,2025-08-22T23:32:00Z,ARR,goo,-8.0
6,True,True,PRINCE RUPERT,JASPER,2025-08-22,14,Endako,ENDA,2025-08-23T00:49:49Z,2025-08-23T00:25:00Z,ARR,bad,24.0
6,True,True,PRINCE RUPERT,JASPER,2025-08-22,15,Fort Fraser,FFRA,2025-08-23T01:16:49Z,2025-08-23T00:57:00Z,ARR,bad,19.0
6,True,True,PRINCE RUPERT,JASPER,2025-08-22,16,Vanderhoof,VDRH,2025-08-23T01:49:15Z,2025-08-23T01:35:00Z,ARR,med,14.0
6,True,True,PRINCE RUPERT,JASPER,2025-08-22,17,Prince George,PGEO,2025-08-23T04:00:20Z,2025-08-23T03:29:00Z,ARR,bad,31.0
6,True,True,PRINCE RUPERT,JASPER,2025-08-22,18,Willow River,WILR,2025-08-23T16:19:05Z,2025-08-23T15:48:00Z,ARR,bad,31.0
6,True,True,PRINCE RUPERT,JASPER,2025-08-22,19,Aleza Lake,ALZL,2025-08-23T16:48:05Z,2025-08-23T16:17:00Z,ARR,bad,31.0
6,True,True,PRINCE RUPERT,JASPER,2025-08-22,20,Upper Fraser,UFRZ,2025-08-23T16:56:05Z,2025-08-23T16:25:00Z,ARR,bad,31.0
6,True,True,PRINCE RUPERT,JASPER,2025-08-22,21,Mcgregor,MCGR,2025-08-23T17:04:05Z,2025-08-23T16:33:00Z,ARR,bad,31.0
6,True,True,PRINCE RUPERT,JASPER,2025-08-22,22,Sinclair Mills,SINM,2025-08-23T17:15:05Z,2025-08-23T16:44:00Z,ARR,bad,31.0
6,True,True,PRINCE RUPERT,JASPER,2025-08-22,23,Hutton,HUTT,2025-08-23T17:19:05Z,2025-08-23T16:48:00Z,ARR,bad,31.0
6,True,True,PRINCE RUPERT,JASPER,2025-08-22,24,Longworth,LWTH,2025-08-23T17:30:05Z,2025-08-23T16:59:00Z,ARR,bad,31.0
6,True,True,PRINCE RUPERT,JASPER,2025-08-22,25,Penny,PENN,2025-08-23T17:44:05Z,2025-08-23T17:13:00Z,ARR,bad,31.0
6,True,True,PRINCE RUPERT,JASPER,2025-08-22,26,Bend,BEND,2025-08-23T18:03:05Z,2025-08-23T17:32:00Z,ARR,bad,31.0
6,True,True,PRINCE RUPERT,JASPER,2025-08-22,27,Dome Creek,DOMC,2025-08-23T18:04:12Z,2025-08-23T17:33:07Z,ARR,bad,31.0
6,True,True,PRINCE RUPERT,JASPER,2025-08-22,28,Loos,LOOS,2025-08-23T18:38:05Z,2025-08-23T18:07:00Z,ARR,bad,31.0
6,True,True,PRINCE RUPERT,JASPER,2025-08-22,29,Goat River,GOAT,2025-08-23T18:53:05Z,2025-08-23T18:22:00Z,ARR,bad,31.0
6,True,True,PRINCE RUPERT,JASPER,2025-08-22,30,Mcbride,MCBR,2025-08-23T19:49:05Z,2025-08-23T19:18:00Z,ARR,bad,31.0
6,True,True,PRINCE RUPERT,JASPER,2025-08-22,31,Dunster,DNST,2025-08-23T20:06:05Z,2025-08-23T19:35:00Z,ARR,bad,31.0
6,True,True,PRINCE RUPERT,JASPER,2025-08-22,32,Harvey,HRVY,2025-08-23T20:24:33Z,2025-08-23T20:24:00Z,ARR,goo,0.0
6,True,True,PRINCE RUPERT,JASPER,2025-08-22,33,Jasper,JASP,2025-08-23T22:20:27Z,2025-08-23T23:00:00Z,ARR,goo,-39.0
691,True,True,THE PAS,CHURCHILL,2025-08-22,0,The Pas,TPAS,2025-08-22T07:30:00Z,2025-08-22T07:30:00Z,ARR,goo,0.0
691,True,True,THE PAS,CHURCHILL,2025-08-22,1,Orok,OROK,2025-08-22T08:06:51Z,2025-08-22T08:07:00Z,ARR,goo,0.0
691,True,True,THE PAS,CHURCHILL,2025-08-22,2,Halcrow,HALC,2025-08-22T08:58:00Z,2025-08-22T09:01:00Z,ARR,goo,-3.0
691,True,True,THE PAS,CHURCHILL,2025-08-22,3,Cormorant,CORM,2025-08-22T09:12:00Z,2025-08-22T09:12:00Z,ARR,goo,0.0
691,True,True,THE PAS,CHURCHILL,2025-08-22,4,Dering,DERI,2025-08-22T09:20:00Z,2025-08-22T09:20:00Z,ARR,goo,0.0
691,True,True,THE PAS,CHURCHILL,2025-08-22,5,Dyce,DYCE,2025-08-22T09:59:00Z,2025-08-22T09:59:00Z,ARR,goo,0.0
691,True,True,THE PAS,CHURCHILL,2025-08-22,6,Wekusko,WEKU,2025-08-22T10:30:25Z,2025-08-22T10:43:00Z,ARR,goo,-12.0
691,True,True,THE PAS,CHURCHILL,2025-08-22,7,Turnbull,TURN,2025-08-22T10:54:49Z,2025-08-22T11:10:00Z,ARR,goo,-15.0
691,True,True,THE PAS,CHURCHILL,2025-08-22,8,Ponton,PNTN,2025-08-22T11:22:39Z,2025-08-22T11:42:00Z,ARR,goo,-19.0
691,True,True,THE PAS,CHURCHILL,2025-08-22,9,Pipun,PIPN,2025-08-22T12:09:23Z,2025-08-22T12:25:00Z,ARR,goo,-15.0
691,True,True,THE PAS,CHURCHILL,2025-08-22,10,Wabowden,WBDN,2025-08-22T12:24:01Z,2025-08-22T12:48:00Z,ARR,goo,-23.0
691,True,True,THE PAS,CHURCHILL,2025-08-22,11,Lyddal,LYDD,2025-08-22T13:05:25Z,2025-08-22T13:16:00Z,ARR,goo,-10.0
691,True,True,THE PAS,CHURCHILL,2025-08-22,12,Odhill,ODHI,2025-08-22T13:26:29Z,2025-08-22T13:38:00Z,ARR,goo,-11.0
691,True,True,THE PAS,CHURCHILL,2025-08-22,13,Hockin,HOCK,2025-08-22T14:04:50Z,2025-08-22T14:22:00Z,ARR,goo,-17.0
691,True,True,THE PAS,CHURCHILL,2025-08-22,14,Thicket Portage,THKP,2025-08-22T14:37:00Z,2025-08-22T14:37:00Z,ARR,goo,0.0
691,True,True,THE PAS,CHURCHILL,2025-08-22,15,Leven,LEVN,2025-08-22T14:48:36Z,2025-08-22T14:54:00Z,ARR,goo,-5.0
691,True,True,THE PAS,CHURCHILL,2025-08-22,16,Thompson,THOM,2025-08-22T18:10:46Z,2025-08-22T17:00:00Z,ARR,bad,70.0
691,True,True,THE PAS,CHURCHILL,2025-08-22,17,Sipiwesk,SIPI,2025-08-22T23:35:56Z,2025-08-22T23:35:00Z,ARR,goo,0.0
691,True,True,THE PAS,CHURCHILL,2025-08-22,18,Pikwitonei,PIKW,2025-08-23T00:02:56Z,2025-08-23T00:02:00Z,ARR,goo,0.0
691,True,True,THE PAS,CHURCHILL,2025-08-22,19,Bridgar,BRGR,2025-08-23T00:13:56Z,2025-08-23T00:13:00Z,ARR,goo,0.0
691,True,True,THE PAS,CHURCHILL,2025-08-22,20,Pit Siding,PITS,2025-08-23T01:35:56Z,2025-08-23T01:35:00Z,ARR,goo,0.0
691,True,True,THE PAS,CHURCHILL,2025-08-22,21,Ilford,ILFO,2025-08-23T02:36:56Z,2025-08-23T02:36:00Z,ARR,goo,0.0
691,True,True,THE PAS,CHURCHILL,2025-08-22,22,Wivenhoe,WVHO,2025-08-23T03:13:00Z,2025-08-23T03:13:00Z,ARR,goo,0.0
691,True,True,THE PAS,CHURCHILL,2025-08-22,23,Gillam,GILL,2025-08-23T04:00:01Z,2025-08-23T04:00:01Z,ARR,goo,0.0
691,True,True,THE PAS,CHURCHILL,2025-08-22,24,Bird,BIRD,2025-08-23T05:29:00Z,2025-08-23T05:29:00Z,ARR,goo,0.0
691,True,True,THE PAS,CHURCHILL,2025-08-22,25,Amery,AMRY,2025-08-23T05:51:00Z,2025-08-23T05:51:00Z,ARR,goo,0.0
691,True,True,THE PAS,CHURCHILL,2025-08-22,26,Weir River,WEIR,2025-08-23T06:43:00Z,2025-08-23T06:43:00Z,ARR,goo,0.0
691,True,True,THE PAS,CHURCHILL,2025-08-22,27,Thibaudeau,THIB,2025-08-23T07:56:09Z,2025-08-23T08:00:00Z,ARR,goo,-3.0
691,True,True,THE PAS,CHURCHILL,2025-08-22,28,Herchmer,HERC,2025-08-23T09:26:00Z,2025-08-23T09:26:00Z,ARR,goo,0.0
691,True,True,THE PAS,CHURCHILL,2025-08-22,29,O'Day,ODAY,2025-08-23T10:05:00Z,2025-08-23T10:05:00Z,ARR,goo,0.0
691,True,True,THE PAS,CHURCHILL,2025-08-22,30,M'Clintock,MCLI,2025-08-23T10:50:00Z,2025-08-23T10:50:00Z,ARR,goo,0.0
691,True,True,THE PAS,CHURCHILL,2025-08-22,31,Chesnaye,CHES,2025-08-23T12:06:00Z,2025-08-23T12:06:00Z,ARR,goo,0.0
691,True,True,THE PAS,CHURCHILL,2025-08-22,32,Tidal,TIDL,2025-08-23T12:14:23Z,2025-08-23T13:37:00Z,ARR,goo,-82.0
691,True,True,THE PAS,CHURCHILL,2025-08-22,33,Churchill,CHUR,2025-08-23T12:59:36Z,2025-08-23T14:00:00Z,ARR,goo,-60.0
5,True,False,JASPER,PRINCE RUPERT,2025-08-22,0,Jasper,JASP,2025-08-22T17:03:41Z,2025-08-22T16:45:00Z,ARR,bad,18.0
5,True,False,JASPER,PRINCE RUPERT,2025-08-22,1,Harvey,HRVY,2025-08-22T19:02:34Z,2025-08-22T18:38:00Z,ARR,bad,24.0
5,True,False,JASPER,PRINCE RUPERT,2025-08-22,2,Dunster,DNST,2025-08-22T20:01:03Z,2025-08-22T19:12:00Z,ARR,bad,49.0
5,True,False,JASPER,PRINCE RUPERT,2025-08-22,3,Mcbride,MCBR,2025-08-22T20:37:16Z,2025-08-22T19:44:00Z,ARR,bad,53.0
5,True,False,JASPER,PRINCE RUPERT,2025-08-22,4,Goat River,GOAT,2025-08-22T21:32:25Z,2025-08-22T20:41:00Z,ARR,bad,51.0
5,True,False,JASPER,PRINCE RUPERT,2025-08-22,5,Loos,LOOS,2025-08-22T21:48:13Z,2025-08-22T20:58:00Z,ARR,bad,50.0
5,True,False,JASPER,PRINCE RUPERT,2025-08-22,6,Dome Creek,DOMC,2025-08-22T23:04:29Z,2025-08-22T21:32:00Z,ARR,bad,92.0
5,True,False,JASPER,PRINCE RUPERT,2025-08-22,7,Bend,BEND,2025-08-22T23:07:19Z,2025-08-22T21:36:00Z,ARR,bad,91.0
5,True,False,JASPER,PRINCE RUPERT,2025-08-22,8,Penny,PENN,2025-08-22T23:27:39Z,2025-08-22T21:56:00Z,ARR,bad,91.0
5,True,False,JASPER,PRINCE RUPERT,2025-08-22,9,Longworth,LWTH,2025-08-22T23:39:44Z,2025-08-22T22:11:00Z,ARR,bad,88.0
5,True,False,JASPER,PRINCE RUPERT,2025-08-22,10,Hutton,HUTT,2025-08-22T23:52:44Z,2025-08-22T22:24:00Z,ARR,bad,88.0
5,True,False,JASPER,PRINCE RUPERT,2025-08-22,11,Sinclair Mills,SINM,2025-08-22T23:58:44Z,2025-08-22T22:30:00Z,ARR,bad,88.0
5,True,False,JASPER,PRINCE RUPERT,2025-08-22,12,Mcgregor,MCGR,2025-08-23T00:11:44Z,2025-08-22T22:43:00Z,ARR,bad,88.0
5,True,False,JASPER,PRINCE RUPERT,2025-08-22,13,Upper Fraser,UFRZ,2025-08-23T00:20:44Z,2025-08-22T22:52:00Z,ARR,bad,88.0
5,True,False,JASPER,PRINCE RUPERT,2025-08-22,14,Aleza Lake,ALZL,2025-08-23T00:23:26Z,2025-08-22T23:01:00Z,ARR,bad,82.0
5,True,False,JASPER,PRINCE RUPERT,2025-08-22,15,Willow River,WILR,2025-08-23T00:46:46Z,2025-08-22T23:31:00Z,ARR,bad,75.0
5,True,False,JASPER,PRINCE RUPERT,2025-08-22,16,Prince George,PGEO,2025-08-23T01:15:24Z,2025-08-23T00:08:00Z,ARR,bad,67.0
5,True,False,JASPER,PRINCE RUPERT,2025-08-22,17,Vanderhoof,VDRH,2025-08-23T16:51:22Z,2025-08-23T16:55:00Z,ARR,goo,-3.0
5,True,False,JASPER,PRINCE RUPERT,2025-08-22,18,Fort Fraser,FFRA,2025-08-23T17:25:25Z,2025-08-23T17:32:00Z,ARR,goo,-6.0
5,True,False,JASPER,PRINCE RUPERT,2025-08-22,19,Endako,ENDA,2025-08-23T17:53:43Z,2025-08-23T17:50:00Z,ARR,goo,3.0
5,True,False,JASPER,PRINCE RUPERT,2025-08-22,20,Burns Lake,BRNL,2025-08-23T19:21:08Z,2025-08-23T18:58:00Z,ARR,bad,23.0
5,True,False,JASPER,PRINCE RUPERT,2025-08-22,21,Houston,HOUS,2025-08-23T20:22:21Z,2025-08-23T20:08:00Z,ARR,med,14.0
5,True,False,JASPER,PRINCE RUPERT,2025-08-22,22,Telkwa,TELK,2025-08-23T21:03:55Z,2025-08-23T20:52:00Z,ARR,med,11.0
5,True,False,JASPER,PRINCE RUPERT,2025-08-22,23,Smithers,SMTR,2025-08-23T22:03:54Z,2025-08-23T21:10:00Z,ARR,bad,53.0
5,True,False,JASPER,PRINCE RUPERT,2025-08-22,24,New Hazelton,NHAZ,2025-08-24T00:00:28Z,2025-08-23T22:37:00Z,ARR,bad,83.0
5,True,False,JASPER,PRINCE RUPERT,2025-08-22,25,Kitwanga,KITW,2025-08-24T00:54:21Z,2025-08-23T23:27:00Z,ARR,bad,87.0
5,True,False,JASPER,PRINCE RUPERT,2025-08-22,26,Cedarvale,CEDA,2025-08-24T01:14:46Z,2025-08-23T23:51:00Z,ARR,bad,83.0
5,True,False,JASPER,PRINCE RUPERT,2025-08-22,27,Dorreen,DORR,2025-08-24T01:34:58Z,2025-08-24T00:12:00Z,ARR,bad,82.0
5,True,False,JASPER,PRINCE RUPERT,2025-08-22,28,Pacific,PACI,2025-08-24T01:42:11Z,2025-08-24T00:21:00Z,ARR,bad,81.0
5,True,False,JASPER,PRINCE RUPERT,2025-08-22,29,Usk,USKX,2025-08-24T01:56:58Z,2025-08-24T00:40:00Z,ARR,bad,76.0
5,True,False,JASPER,PRINCE RUPERT,2025-08-22,30,Terrace,TRRC,2025-08-24T02:13:55Z,2025-08-24T01:00:00Z,ARR,bad,73.0
5,True,False,JASPER,PRINCE RUPERT,2025-08-22,31,Kwinitsa,KWIN,2025-08-24T03:27:23Z,2025-08-24T02:09:00Z,ARR,bad,78.0
5,True,False,JASPER,PRINCE RUPERT,2025-08-22,32,Cassiar Cannery,CASS,2025-08-24T04:03:41Z,2025-08-24T02:45:00Z,6 mins,bad,78.0
5,True,False,JASPER,PRINCE RUPERT,2025-08-22,33,Prince Rupert,PRUP,2025-08-24T04:43:41Z,2025-08-24T03:25:00Z,46 mins,bad,78.0
14,True,True,MONTRÉAL,HALIFAX,2025-08-22,0,Montréal,MTRL,2025-08-22T23:37:15Z,2025-08-22T22:30:00Z,ARR,bad,67.0
14,True,True,MONTRÉAL,HALIFAX,2025-08-22,1,St. Lambert,SLAM,2025-08-22T23:59:30Z,2025-08-22T22:45:00Z,ARR,bad,74.0
14,True,True,MONTRÉAL,HALIFAX,2025-08-22,2,St. Hyacinthe,SHYA,2025-08-23T00:30:35Z,2025-08-22T23:23:00Z,ARR,bad,67.0
14,True,True,MONTRÉAL,HALIFAX,2025-08-22,3,Drummondville,DRMV,2025-08-23T01:10:30Z,2025-08-23T00:04:00Z,ARR,bad,66.0
14,True,True,MONTRÉAL,HALIFAX,2025-08-22,4,Ste-Foy,SFOY,2025-08-23T02:39:11Z,2025-08-23T01:48:00Z,ARR,bad,51.0
14,True,True,MONTRÉAL,HALIFAX,2025-08-22,5,Montmagny,MMGY,2025-08-23T04:25:06Z,2025-08-23T03:17:00Z,ARR,bad,68.0
14,True,True,MONTRÉAL,HALIFAX,2025-08-22,6,La Pocatière,LPOC,2025-08-23T04:58:35Z,2025-08-23T03:50:00Z,ARR,bad,68.0
14,True,True,MONTRÉAL,HALIFAX,2025-08-22,7,Rivière-Du-Loup,RDLX,2025-08-23T05:46:53Z,2025-08-23T04:31:00Z,ARR,bad,75.0
14,True,True,MONTRÉAL,HALIFAX,2025-08-22,8,Trois Pistoles,TPIS,2025-08-23T06:37:34Z,2025-08-23T05:17:00Z,ARR,bad,80.0
14,True,True,MONTRÉAL,HALIFAX,2025-08-22,9,Rimouski,RMSK,2025-08-23T07:57:19Z,2025-08-23T06:25:00Z,ARR,bad,92.0
14,True,True,MONTRÉAL,HALIFAX,2025-08-22,10,Mont-Joli,MJLI,2025-08-23T08:33:40Z,2025-08-23T07:03:00Z,ARR,bad,90.0
14,True,True,MONTRÉAL,HALIFAX,2025-08-22,11,Sayabec,SAYA,2025-08-23T10:03:25Z,2025-08-23T08:06:00Z,ARR,bad,117.0
14,True,True,MONTRÉAL,HALIFAX,2025-08-22,12,Amqui,AMQU,2025-08-23T10:34:18Z,2025-08-23T08:27:00Z,ARR,bad,127.0
14,True,True,MONTRÉAL,HALIFAX,2025-08-22,13,Causapscal,CAUS,2025-08-23T11:02:28Z,2025-08-23T08:49:00Z,ARR,bad,133.0
14,True,True,MONTRÉAL,HALIFAX,2025-08-22,14,Matapedia,MTPD,2025-08-23T12:00:50Z,2025-08-23T09:35:00Z,ARR,bad,145.0
14,True,True,MONTRÉAL,HALIFAX,2025-08-22,15,Campbellton,CBTN,2025-08-23T12:37:18Z,2025-08-23T10:20:00Z,ARR,bad,137.0
14,True,True,MONTRÉAL,HALIFAX,2025-08-22,16,Charlo,CHLO,2025-08-23T13:39:25Z,2025-08-23T11:03:00Z,ARR,bad,156.0
14,True,True,MONTRÉAL,HALIFAX,2025-08-22,17,Jacquet River,JACR,2025-08-23T14:23:49Z,2025-08-23T11:26:00Z,ARR,bad,177.0
14,True,True,MONTRÉAL,HALIFAX,2025-08-22,18,Petit Rocher,PROC,2025-08-23T14:55:54Z,2025-08-23T11:48:00Z,ARR,bad,187.0
14,True,True,MONTRÉAL,HALIFAX,2025-08-22,19,Bathurst,BTRS,2025-08-23T15:13:35Z,2025-08-23T12:36:00Z,ARR,bad,157.0
14,True,True,MONTRÉAL,HALIFAX,2025-08-22,20,Miramichi,MIRA,2025-08-23T16:54:27Z,2025-08-23T14:25:00Z,ARR,bad,149.0
14,True,True,MONTRÉAL,HALIFAX,2025-08-22,21,Rogersville,RGRV,2025-08-23T17:45:52Z,2025-08-23T15:20:00Z,ARR,bad,145.0
14,True,True,MONTRÉAL,HALIFAX,2025-08-22,22,Moncton,MCTN,2025-08-23T19:20:57Z,2025-08-23T16:30:00Z,ARR,bad,170.0
14,True,True,MONTRÉAL,HALIFAX,2025-08-22,23,Sackville,SACK,2025-08-23T20:37:18Z,2025-08-23T17:40:00Z,ARR,bad,177.0
14,True,True,MONTRÉAL,HALIFAX,2025-08-22,24,Amherst,AMHS,2025-08-23T20:51:26Z,2025-08-23T17:55:00Z,ARR,bad,176.0
14,True,True,MONTRÉAL,HALIFAX,2025-08-22,25,Springhill Jct,SPRJ,2025-08-23T21:15:44Z,2025-08-23T18:17:00Z,ARR,bad,178.0
14,True,True,MONTRÉAL,HALIFAX,2025-08-22,26,Truro,TRUR,2025-08-23T22:24:17Z,2025-08-23T19:32:00Z,ARR,bad,172.0
14,True,True,MONTRÉAL,HALIFAX,2025-08-22,27,Halifax,HLFX,2025-08-24T00:14:15Z,2025-08-23T21:36:00Z,ARR,bad,158.0
24,True,True,OTTAWA,QUÉBEC,2025-08-23,0,Ottawa,OTTW,2025-08-23T14:13:00Z,2025-08-23T14:13:00Z,ARR,goo,0.0
24,True,True,OTTAWA,QUÉBEC,2025-08-23,1,Alexandria,ALEX,2025-08-23T14:59:41Z,2025-08-23T15:03:00Z,ARR,goo,-3.0
24,True,True,OTTAWA,QUÉBEC,2025-08-23,2,Coteau,COTO,2025-08-23T15:20:54Z,2025-08-23T15:26:00Z,ARR,goo,-5.0
24,True,True,OTTAWA,QUÉBEC,2025-08-23,3,Dorval,DORV,2025-08-23T15:48:40Z,2025-08-23T15:50:00Z,ARR,goo,-1.0
24,True,True,OTTAWA,QUÉBEC,2025-08-23,4,Montréal,MTRL,2025-08-23T16:15:04Z,2025-08-23T16:15:00Z,ARR,goo,0.0
24,True,True,OTTAWA,QUÉBEC,2025-08-23,5,St. Lambert,SLAM,2025-08-23T17:11:23Z,2025-08-23T16:58:00Z,ARR,med,13.0
24,True,True,OTTAWA,QUÉBEC,2025-08-23,6,St. Hyacinthe,SHYA,2025-08-23T17:42:06Z,2025-08-23T17:26:00Z,ARR,bad,16.0
24,True,True,OTTAWA,QUÉBEC,2025-08-23,7,Drummondville,DRMV,2025-08-23T18:25:07Z,2025-08-23T17:54:00Z,ARR,bad,31.0
24,True,True,OTTAWA,QUÉBEC,2025-08-23,8,Charny,CHNY,2025-08-23T19:54:59Z,2025-08-23T19:38:00Z,ARR,bad,16.0
24,True,True,OTTAWA,QUÉBEC,2025-08-23,9,Ste-Foy,SFOY,2025-08-23T20:02:31Z,2025-08-23T19:45:00Z,ARR,bad,17.0
24,True,True,OTTAWA,QUÉBEC,2025-08-23,10,Québec,QBEC,2025-08-23T20:33:33Z,2025-08-23T20:12:00Z,ARR,bad,21.0
37,True,True,QUÉBEC,OTTAWA,2025-08-23,0,Québec,QBEC,2025-08-23T16:41:41Z,2025-08-23T16:32:00Z,ARR,med,9.0
37,True,True,QUÉBEC,OTTAWA,2025-08-23,1,Ste-Foy,SFOY,2025-08-23T17:07:58Z,2025-08-23T16:57:00Z,ARR,med,10.0
37,True,True,QUÉBEC,OTTAWA,2025-08-23,2,Drummondville,DRMV,2025-08-23T18:58:16Z,2025-08-23T18:44:00Z,ARR,med,14.0
37,True,True,QUÉBEC,OTTAWA,2025-08-23,3,St. Hyacinthe,SHYA,2025-08-23T19:33:35Z,2025-08-23T19:12:00Z,ARR,bad,21.0
37,True,True,QUÉBEC,OTTAWA,2025-08-23,4,St. Lambert,SLAM,2025-08-23T20:07:58Z,2025-08-23T19:39:00Z,ARR,bad,28.0
37,True,True,QUÉBEC,OTTAWA,2025-08-23,5,Montréal,MTRL,2025-08-23T20:22:59Z,2025-08-23T19:54:00Z,ARR,bad,28.0
37,True,True,QUÉBEC,OTTAWA,2025-08-23,6,Dorval,DORV,2025-08-23T21:28:18Z,2025-08-23T20:54:00Z,ARR,bad,34.0
37,True,True,QUÉBEC,OTTAWA,2025-08-23,7,Coteau,COTO,2025-08-23T22:02:35Z,2025-08-23T21:23:00Z,ARR,bad,39.0
37,True,True,QUÉBEC,OTTAWA,2025-08-23,8,Alexandria,ALEX,2025-08-23T22:23:37Z,2025-08-23T21:45:00Z,ARR,bad,38.0
37,True,True,QUÉBEC,OTTAWA,2025-08-23,9,Ottawa,OTTW,2025-08-23T23:10:24Z,2025-08-23T22:37:00Z,ARR,bad,33.0
41,True,True,OTTAWA,TORONTO,2025-08-23,0,Ottawa,OTTW,2025-08-23T09:21:00Z,2025-08-23T09:21:00Z,ARR,goo,0.0
41,True,True,OTTAWA,TORONTO,2025-08-23,1,Fallowfield,FALL,2025-08-23T09:37:01Z,2025-08-23T09:38:00Z,ARR,goo,0.0
41,True,True,OTTAWA,TORONTO,2025-08-23,2,Smiths Falls,SMTF,2025-08-23T10:07:06Z,2025-08-23T10:08:00Z,ARR,goo,0.0
41,True,True,OTTAWA,TORONTO,2025-08-23,3,Brockville,BRKV,2025-08-23T10:40:25Z,2025-08-23T10:40:00Z,ARR,goo,0.0
41,True,True,OTTAWA,TORONTO,2025-08-23,4,Kingston,KGON,2025-08-23T11:35:06Z,2025-08-23T11:25:00Z,ARR,med,10.0
41,True,True,OTTAWA,TORONTO,2025-08-23,5,Napanee,NAPN,2025-08-23T12:01:01Z,2025-08-23T11:49:00Z,ARR,med,12.0
41,True,True,OTTAWA,TORONTO,2025-08-23,6,Belleville,BLVL,2025-08-23T12:26:12Z,2025-08-23T12:07:00Z,ARR,bad,19.0
41,True,True,OTTAWA,TORONTO,2025-08-23,7,Trenton Jct.,TRNJ,2025-08-23T12:40:38Z,2025-08-23T12:20:00Z,ARR,bad,20.0
41,True,True,OTTAWA,TORONTO,2025-08-23,8,Cobourg,CBRG,2025-08-23T13:13:20Z,2025-08-23T12:44:00Z,ARR,bad,29.0
41,True,True,OTTAWA,TORONTO,2025-08-23,9,Oshawa,OSHA,2025-08-23T13:58:29Z,2025-08-23T13:19:00Z,ARR,bad,39.0
41,True,True,OTTAWA,TORONTO,2025-08-23,10,Toronto,TRTO,2025-08-23T14:32:16Z,2025-08-23T14:02:00Z,ARR,bad,30.0
50,True,True,TORONTO,OTTAWA,2025-08-23,0,Toronto,TRTO,2025-08-23T10:32:00Z,2025-08-23T10:32:00Z,ARR,goo,0.0
50,True,True,TORONTO,OTTAWA,2025-08-23,1,Guildwood,GUIL,2025-08-23T10:48:44Z,2025-08-23T10:50:00Z,ARR,goo,-1.0
50,True,True,TORONTO,OTTAWA,2025-08-23,2,Oshawa,OSHA,2025-08-23T11:10:26Z,2025-08-23T11:08:00Z,ARR,goo,2.0
50,True,True,TORONTO,OTTAWA,2025-08-23,3,Cobourg,CBRG,2025-08-23T11:48:15Z,2025-08-23T11:43:00Z,ARR,med,5.0
50,True,True,TORONTO,OTTAWA,2025-08-23,4,Belleville,BLVL,2025-08-23T12:32:49Z,2025-08-23T12:18:00Z,ARR,med,14.0
50,True,True,TORONTO,OTTAWA,2025-08-23,5,Kingston,KGON,2025-08-23T13:12:03Z,2025-08-23T12:57:00Z,ARR,bad,15.0
50,True,True,TORONTO,OTTAWA,2025-08-23,6,Brockville,BRKV,2025-08-23T14:14:15Z,2025-08-23T13:54:00Z,ARR,bad,20.0
50,True,True,TORONTO,OTTAWA,2025-08-23,7,Smiths Falls,SMTF,2025-08-23T14:36:34Z,2025-08-23T14:29:00Z,ARR,med,7.0
50,True,True,TORONTO,OTTAWA,2025-08-23,8,Fallowfield,FALL,2025-08-23T15:08:45Z,2025-08-23T15:01:00Z,ARR,med,7.0
50,True,True,TORONTO,OTTAWA,2025-08-23,9,Ottawa,OTTW,2025-08-23T15:29:00Z,2025-08-23T15:21:00Z,ARR,med,8.0
52,True,True,TORONTO,OTTAWA,2025-08-23,0,Toronto,TRTO,2025-08-23T12:32:00Z,2025-08-23T12:32:00Z,ARR,goo,0.0
52,True,True,TORONTO,OTTAWA,2025-08-23,1,Guildwood,GUIL,2025-08-23T12:48:08Z,2025-08-23T12:50:00Z,ARR,goo,-1.0
52,True,True,TORONTO,OTTAWA,2025-08-23,2,Oshawa,OSHA,2025-08-23T13:07:17Z,2025-08-23T13:09:00Z,ARR,goo,-1.0
52,True,True,TORONTO,OTTAWA,2025-08-23,3,Cobourg,CBRG,2025-08-23T13:43:29Z,2025-08-23T13:44:00Z,ARR,goo,0.0
52,True,True,TORONTO,OTTAWA,2025-08-23,4,Belleville,BLVL,2025-08-23T14:17:20Z,2025-08-23T14:20:00Z,ARR,goo,-2.0
52,True,True,TORONTO,OTTAWA,2025-08-23,5,Kingston,KGON,2025-08-23T14:58:12Z,2025-08-23T15:00:00Z,ARR,goo,-1.0
52,True,True,TORONTO,OTTAWA,2025-08-23,6,Brockville,BRKV,2025-08-23T15:56:34Z,2025-08-23T15:57:00Z,ARR,goo,0.0
52,True,True,TORONTO,OTTAWA,2025-08-23,7,Smiths Falls,SMTF,2025-08-23T16:33:33Z,2025-08-23T16:35:00Z,ARR,goo,-1.0
52,True,True,TORONTO,OTTAWA,2025-08-23,8,Fallowfield,FALL,2025-08-23T17:06:55Z,2025-08-23T17:11:00Z,ARR,goo,-4.0
52,True,True,TORONTO,OTTAWA,2025-08-23,9,Ottawa,OTTW,2025-08-23T17:25:54Z,2025-08-23T17:32:00Z,ARR,goo,-6.0
53,True,True,OTTAWA,TORONTO,2025-08-23,0,Ottawa,OTTW,2025-08-23T15:43:00Z,2025-08-23T15:43:00Z,ARR,goo,0.0
53,True,True,OTTAWA,TORONTO,2025-08-23,1,Fallowfield,FALL,2025-08-23T15:58:34Z,2025-08-23T16:00:00Z,ARR,goo,-1.0
53,True,True,OTTAWA,TORONTO,2025-08-23,2,Brockville,BRKV,2025-08-23T17:01:00Z,2025-08-23T17:01:00Z,ARR,goo,0.0
53,True,True,OTTAWA,TORONTO,2025-08-23,3,Gananoque,GANA,2025-08-23T17:40:55Z,2025-08-23T17:31:00Z,ARR,med,9.0
53,True,True,OTTAWA,TORONTO,2025-08-23,4,Kingston,KGON,2025-08-23T18:05:19Z,2025-08-23T17:54:00Z,ARR,med,11.0
53,True,True,OTTAWA,TORONTO,2025-08-23,5,Belleville,BLVL,2025-08-23T18:50:47Z,2025-08-23T18:36:00Z,ARR,med,14.0
53,True,True,OTTAWA,TORONTO,2025-08-23,6,Cobourg,CBRG,2025-08-23T19:30:33Z,2025-08-23T19:12:00Z,ARR,bad,18.0
53,True,True,OTTAWA,TORONTO,2025-08-23,7,Oshawa,OSHA,2025-08-23T20:10:38Z,2025-08-23T19:48:00Z,ARR,bad,22.0
53,True,True,OTTAWA,TORONTO,2025-08-23,8,Toronto,TRTO,2025-08-23T21:05:43Z,2025-08-23T20:33:00Z,ARR,bad,32.0
60,True,True,TORONTO,MONTRÉAL,2025-08-23,0,Toronto,TRTO,2025-08-23T10:32:00Z,2025-08-23T10:32:00Z,ARR,goo,0.0
60,True,True,TORONTO,MONTRÉAL,2025-08-23,1,Guildwood,GUIL,2025-08-23T10:48:27Z,2025-08-23T10:50:00Z,ARR,goo,-1.0
60,True,True,TORONTO,MONTRÉAL,2025-08-23,2,Oshawa,OSHA,2025-08-23T11:10:28Z,2025-08-23T11:08:00Z,ARR,goo,2.0
60,True,True,TORONTO,MONTRÉAL,2025-08-23,3,Cobourg,CBRG,2025-08-23T11:48:11Z,2025-08-23T11:43:00Z,ARR,med,5.0
60,True,True,TORONTO,MONTRÉAL,2025-08-23,4,Belleville,BLVL,2025-08-23T12:33:42Z,2025-08-23T12:18:00Z,ARR,bad,15.0
60,True,True,TORONTO,MONTRÉAL,2025-08-23,5,Kingston,KGON,2025-08-23T13:12:03Z,2025-08-23T12:57:00Z,ARR,bad,15.0
60,True,True,TORONTO,MONTRÉAL,2025-08-23,6,Cornwall,CWLL,2025-08-23T15:20:12Z,2025-08-23T14:38:00Z,ARR,bad,42.0
60,True,True,TORONTO,MONTRÉAL,2025-08-23,7,Dorval,DORV,2025-08-23T16:18:49Z,2025-08-23T15:25:00Z,ARR,bad,53.0
60,True,True,TORONTO,MONTRÉAL,2025-08-23,8,Montréal,MTRL,2025-08-23T16:43:56Z,2025-08-23T15:50:00Z,ARR,bad,53.0
61,True,True,MONTRÉAL,TORONTO,2025-08-23,0,Montréal,MTRL,2025-08-23T10:45:00Z,2025-08-23T10:45:00Z,ARR,goo,0.0
61,True,True,MONTRÉAL,TORONTO,2025-08-23,1,Dorval,DORV,2025-08-23T11:09:20Z,2025-08-23T11:08:00Z,ARR,goo,1.0
61,True,True,MONTRÉAL,TORONTO,2025-08-23,2,Cornwall,CWLL,2025-08-23T11:59:13Z,2025-08-23T12:01:00Z,ARR,goo,-1.0
61,True,True,MONTRÉAL,TORONTO,2025-08-23,3,Kingston,KGON,2025-08-23T13:30:48Z,2025-08-23T13:29:00Z,ARR,goo,1.0
61,True,True,MONTRÉAL,TORONTO,2025-08-23,4,Belleville,BLVL,2025-08-23T14:16:50Z,2025-08-23T14:11:00Z,ARR,med,5.0
61,True,True,MONTRÉAL,TORONTO,2025-08-23,5,Oshawa,OSHA,2025-08-23T15:21:04Z,2025-08-23T15:19:00Z,ARR,goo,2.0
61,True,True,MONTRÉAL,TORONTO,2025-08-23,6,Guildwood,GUIL,2025-08-23T15:45:06Z,2025-08-23T15:43:00Z,ARR,goo,2.0
61,True,True,MONTRÉAL,TORONTO,2025-08-23,7,Toronto,TRTO,2025-08-23T16:06:03Z,2025-08-23T16:03:00Z,ARR,goo,3.0
64,True,True,TORONTO,MONTRÉAL,2025-08-23,0,Toronto,TRTO,2025-08-23T15:39:11Z,2025-08-23T15:38:00Z,ARR,goo,1.0
64,True,True,TORONTO,MONTRÉAL,2025-08-23,1,Guildwood,GUIL,2025-08-23T15:55:46Z,2025-08-23T15:55:00Z,ARR,goo,0.0
64,True,True,TORONTO,MONTRÉAL,2025-08-23,2,Oshawa,OSHA,2025-08-23T16:14:47Z,2025-08-23T16:09:00Z,ARR,med,5.0
64,True,True,TORONTO,MONTRÉAL,2025-08-23,3,Cobourg,CBRG,2025-08-23T16:51:45Z,2025-08-23T16:46:00Z,ARR,med,5.0
64,True,True,TORONTO,MONTRÉAL,2025-08-23,4,Belleville,BLVL,2025-08-23T17:25:37Z,2025-08-23T17:22:00Z,ARR,goo,3.0
64,True,True,TORONTO,MONTRÉAL,2025-08-23,5,Kingston,KGON,2025-08-23T18:03:50Z,2025-08-23T18:03:00Z,ARR,goo,0.0
64,True,True,TORONTO,MONTRÉAL,2025-08-23,6,Brockville,BRKV,2025-08-23T18:55:32Z,2025-08-23T18:52:00Z,ARR,goo,3.0
64,True,True,TORONTO,MONTRÉAL,2025-08-23,7,Cornwall,CWLL,2025-08-23T19:44:58Z,2025-08-23T19:42:00Z,ARR,goo,2.0
64,True,True,TORONTO,MONTRÉAL,2025-08-23,8,Dorval,DORV,2025-08-23T20:39:24Z,2025-08-23T20:37:00Z,ARR,goo,2.0
64,True,True,TORONTO,MONTRÉAL,2025-08-23,9,Montréal,MTRL,2025-08-23T21:20:29Z,2025-08-23T21:05:00Z,ARR,bad,15.0
65,True,True,MONTRÉAL,TORONTO,2025-08-23,0,Montréal,MTRL,2025-08-23T14:54:27Z,2025-08-23T14:49:00Z,ARR,med,5.0
65,True,True,MONTRÉAL,TORONTO,2025-08-23,1,Dorval,DORV,2025-08-23T15:21:26Z,2025-08-23T15:12:00Z,ARR,med,9.0
65,True,True,MONTRÉAL,TORONTO,2025-08-23,2,Cornwall,CWLL,2025-08-23T16:11:30Z,2025-08-23T16:06:00Z,ARR,med,5.0
65,True,True,MONTRÉAL,TORONTO,2025-08-23,3,Kingston,KGON,2025-08-23T17:52:05Z,2025-08-23T17:36:00Z,ARR,bad,16.0
65,True,True,MONTRÉAL,TORONTO,2025-08-23,4,Belleville,BLVL,2025-08-23T18:33:09Z,2025-08-23T18:20:00Z,ARR,med,13.0
65,True,True,MONTRÉAL,TORONTO,2025-08-23,5,Cobourg,CBRG,2025-08-23T19:11:14Z,2025-08-23T18:58:00Z,ARR,med,13.0
65,True,True,MONTRÉAL,TORONTO,2025-08-23,6,Oshawa,OSHA,2025-08-23T19:43:29Z,2025-08-23T19:34:00Z,ARR,med,9.0
65,True,True,MONTRÉAL,TORONTO,2025-08-23,7,Toronto,TRTO,2025-08-23T20:33:17Z,2025-08-23T20:18:00Z,ARR,bad,15.0
67,True,True,MONTRÉAL,TORONTO,2025-08-23,0,Montréal,MTRL,2025-08-23T17:22:00Z,2025-08-23T17:22:00Z,ARR,goo,0.0
67,True,True,MONTRÉAL,TORONTO,2025-08-23,1,Dorval,DORV,2025-08-23T17:47:17Z,2025-08-23T17:47:00Z,ARR,goo,0.0
67,True,True,MONTRÉAL,TORONTO,2025-08-23,2,Cornwall,CWLL,2025-08-23T19:08:13Z,2025-08-23T18:38:00Z,ARR,bad,30.0
67,True,True,MONTRÉAL,TORONTO,2025-08-23,3,Kingston,KGON,2025-08-23T20:43:25Z,2025-08-23T20:03:00Z,ARR,bad,40.0
67,True,True,MONTRÉAL,TORONTO,2025-08-23,4,Belleville,BLVL,2025-08-23T21:29:07Z,2025-08-23T20:42:00Z,ARR,bad,47.0
67,True,True,MONTRÉAL,TORONTO,2025-08-23,5,Cobourg,CBRG,2025-08-23T22:06:12Z,2025-08-23T21:17:00Z,ARR,bad,49.0
67,True,True,MONTRÉAL,TORONTO,2025-08-23,6,Oshawa,OSHA,2025-08-23T22:39:58Z,2025-08-23T21:50:00Z,ARR,bad,49.0
67,True,True,MONTRÉAL,TORONTO,2025-08-23,7,Toronto,TRTO,2025-08-23T23:27:10Z,2025-08-23T22:45:00Z,ARR,bad,42.0
70,True,True,WINDSOR,TORONTO,2025-08-23,0,Windsor,WDON,2025-08-23T09:35:00Z,2025-08-23T09:35:00Z,ARR,goo,0.0
70,True,True,WINDSOR,TORONTO,2025-08-23,1,Chatham,CHAT,2025-08-23T10:17:06Z,2025-08-23T10:19:00Z,ARR,goo,-1.0
70,True,True,WINDSOR,TORONTO,2025-08-23,2,London,LNDN,2025-08-23T11:42:31Z,2025-08-23T11:25:00Z,ARR,bad,17.0
70,True,True,WINDSOR,TORONTO,2025-08-23,3,Ingersoll,INGR,2025-08-23T12:11:40Z,2025-08-23T11:55:00Z,ARR,bad,16.0
70,True,True,WINDSOR,TORONTO,2025-08-23,4,Woodstock,WDST,2025-08-23T12:19:48Z,2025-08-23T12:08:00Z,ARR,med,11.0
70,True,True,WINDSOR,TORONTO,2025-08-23,5,Brantford,BRTF,2025-08-23T12:51:02Z,2025-08-23T12:44:00Z,ARR,med,7.0
70,True,True,WINDSOR,TORONTO,2025-08-23,6,Aldershot,ALDR,2025-08-23T13:23:35Z,2025-08-23T13:25:00Z,ARR,goo,-1.0
70,True,True,WINDSOR,TORONTO,2025-08-23,7,Oakville,OAKV,2025-08-23T13:44:30Z,2025-08-23T13:43:00Z,ARR,goo,1.0
70,True,True,WINDSOR,TORONTO,2025-08-23,8,Toronto,TRTO,2025-08-23T14:13:10Z,2025-08-23T14:10:00Z,ARR,goo,3.0
71,True,True,TORONTO,WINDSOR,2025-08-23,0,Toronto,TRTO,2025-08-23T10:50:09Z,2025-08-23T10:50:00Z,ARR,goo,0.0
71,True,True,TORONTO,WINDSOR,2025-08-23,1,Oakville,OAKV,2025-08-23T11:14:33Z,2025-08-23T11:13:00Z,ARR,goo,1.0
71,True,True,TORONTO,WINDSOR,2025-08-23,2,Aldershot,ALDR,2025-08-23T11:35:56Z,2025-08-23T11:29:00Z,ARR,med,6.0
71,True,True,TORONTO,WINDSOR,2025-08-23,3,Brantford,BRTF,2025-08-23T12:15:26Z,2025-08-23T11:55:00Z,ARR,bad,20.0
71,True,True,TORONTO,WINDSOR,2025-08-23,4,Woodstock,WDST,2025-08-23T12:51:37Z,2025-08-23T12:30:00Z,ARR,bad,21.0
71,True,True,TORONTO,WINDSOR,2025-08-23,5,Ingersoll,INGR,2025-08-23T13:03:08Z,2025-08-23T12:43:00Z,ARR,bad,20.0
71,True,True,TORONTO,WINDSOR,2025-08-23,6,London,LNDN,2025-08-23T13:28:48Z,2025-08-23T13:06:00Z,ARR,bad,22.0
71,True,True,TORONTO,WINDSOR,2025-08-23,7,Glencoe,GLNC,2025-08-23T14:06:51Z,2025-08-23T13:39:00Z,ARR,bad,27.0
71,True,True,TORONTO,WINDSOR,2025-08-23,8,Chatham,CHAT,2025-08-23T14:47:04Z,2025-08-23T14:18:00Z,ARR,bad,29.0
71,True,True,TORONTO,WINDSOR,2025-08-23,9,Windsor,WDON,2025-08-23T15:31:03Z,2025-08-23T15:08:00Z,ARR,bad,23.0
72,True,True,WINDSOR,TORONTO,2025-08-23,0,Windsor,WDON,2025-08-23T12:43:00Z,2025-08-23T12:43:00Z,ARR,goo,0.0
72,True,True,WINDSOR,TORONTO,2025-08-23,1,Chatham,CHAT,2025-08-23T13:24:27Z,2025-08-23T13:25:00Z,ARR,goo,0.0
72,True,True,WINDSOR,TORONTO,2025-08-23,2,Glencoe,GLNC,2025-08-23T14:13:51Z,2025-08-23T14:05:00Z,ARR,med,8.0
72,True,True,WINDSOR,TORONTO,2025-08-23,3,London,LNDN,2025-08-23T14:44:54Z,2025-08-23T14:39:00Z,ARR,med,5.0
72,True,True,WINDSOR,TORONTO,2025-08-23,4,Ingersoll,INGR,2025-08-23T15:15:10Z,2025-08-23T15:07:00Z,ARR,med,8.0
72,True,True,WINDSOR,TORONTO,2025-08-23,5,Woodstock,WDST,2025-08-23T15:28:41Z,2025-08-23T15:23:00Z,ARR,med,5.0
72,True,True,WINDSOR,TORONTO,2025-08-23,6,Brantford,BRTF,2025-08-23T16:03:52Z,2025-08-23T15:55:00Z,ARR,med,8.0
72,True,True,WINDSOR,TORONTO,2025-08-23,7,Aldershot,ALDR,2025-08-23T16:38:23Z,2025-08-23T16:29:00Z,ARR,med,9.0
72,True,True,WINDSOR,TORONTO,2025-08-23,8,Oakville,OAKV,2025-08-23T17:01:48Z,2025-08-23T16:45:00Z,ARR,bad,16.0
72,True,True,WINDSOR,TORONTO,2025-08-23,9,Toronto,TRTO,2025-08-23T17:30:01Z,2025-08-23T17:11:00Z,ARR,bad,19.0
73,True,True,TORONTO,WINDSOR,2025-08-23,0,Toronto,TRTO,2025-08-23T15:30:00Z,2025-08-23T15:30:00Z,ARR,goo,0.0
73,True,True,TORONTO,WINDSOR,2025-08-23,1,Oakville,OAKV,2025-08-23T15:52:38Z,2025-08-23T15:51:00Z,ARR,goo,1.0
73,True,True,TORONTO,WINDSOR,2025-08-23,2,Aldershot,ALDR,2025-08-23T16:11:48Z,2025-08-23T16:09:00Z,ARR,goo,2.0
73,True,True,TORONTO,WINDSOR,2025-08-23,3,Brantford,BRTF,2025-08-23T16:46:03Z,2025-08-23T16:40:00Z,ARR,med,6.0
73,True,True,TORONTO,WINDSOR,2025-08-23,4,Woodstock,WDST,2025-08-23T17:19:27Z,2025-08-23T17:09:00Z,ARR,med,10.0
73,True,True,TORONTO,WINDSOR,2025-08-23,5,London,LNDN,2025-08-23T17:50:49Z,2025-08-23T17:38:00Z,ARR,med,12.0
73,True,True,TORONTO,WINDSOR,2025-08-23,6,Chatham,CHAT,2025-08-23T19:06:52Z,2025-08-23T18:50:00Z,ARR,bad,16.0
73,True,True,TORONTO,WINDSOR,2025-08-23,7,Windsor,WDON,2025-08-23T19:50:41Z,2025-08-23T19:45:00Z,ARR,med,5.0
76,True,True,WINDSOR,TORONTO,2025-08-23,0,Windsor,WDON,2025-08-23T17:06:00Z,2025-08-23T17:06:00Z,ARR,goo,0.0
76,True,True,WINDSOR,TORONTO,2025-08-23,1,Chatham,CHAT,2025-08-23T17:51:42Z,2025-08-23T17:48:00Z,ARR,goo,3.0
76,True,True,WINDSOR,TORONTO,2025-08-23,2,Glencoe,GLNC,2025-08-23T18:34:17Z,2025-08-23T18:23:00Z,ARR,med,11.0
76,True,True,WINDSOR,TORONTO,2025-08-23,3,London,LNDN,2025-08-23T19:06:33Z,2025-08-23T18:58:00Z,ARR,med,8.0
76,True,True,WINDSOR,TORONTO,2025-08-23,4,Brantford,BRTF,2025-08-23T20:09:50Z,2025-08-23T19:59:00Z,ARR,med,10.0
76,True,True,WINDSOR,TORONTO,2025-08-23,5,Aldershot,ALDR,2025-08-23T20:43:24Z,2025-08-23T20:30:00Z,ARR,med,13.0
76,True,True,WINDSOR,TORONTO,2025-08-23,6,Oakville,OAKV,2025-08-23T21:03:39Z,2025-08-23T20:47:00Z,ARR,bad,16.0
76,True,True,WINDSOR,TORONTO,2025-08-23,7,Toronto,TRTO,2025-08-23T21:33:28Z,2025-08-23T21:13:00Z,ARR,bad,20.0
84,True,True,SARNIA,TORONTO,2025-08-23,0,Sarnia,SARN,2025-08-23T12:40:00Z,2025-08-23T12:40:00Z,ARR,goo,0.0
84,True,True,SARNIA,TORONTO,2025-08-23,1,Wyoming,WYOM,2025-08-23T13:03:48Z,2025-08-23T12:55:00Z,ARR,med,8.0
84,True,True,SARNIA,TORONTO,2025-08-23,2,Strathroy,STRR,2025-08-23T13:38:21Z,2025-08-23T13:27:00Z,ARR,med,11.0
84,True,True,SARNIA,TORONTO,2025-08-23,3,London,LNDN,2025-08-23T14:04:41Z,2025-08-23T13:52:00Z,ARR,med,12.0
84,True,True,SARNIA,TORONTO,2025-08-23,4,St.Marys,SMYS,2025-08-23T15:00:52Z,2025-08-23T14:45:00Z,ARR,bad,15.0
84,True,True,SARNIA,TORONTO,2025-08-23,5,Stratford,STRF,2025-08-23T15:29:32Z,2025-08-23T15:14:00Z,ARR,bad,15.0
84,True,True,SARNIA,TORONTO,2025-08-23,6,Kitchener,KITC,2025-08-23T16:48:33Z,2025-08-23T16:02:00Z,ARR,bad,46.0
84,True,True,SARNIA,TORONTO,2025-08-23,7,Guelph,GUEL,2025-08-23T17:13:34Z,2025-08-23T16:24:00Z,ARR,bad,49.0
84,True,True,SARNIA,TORONTO,2025-08-23,8,Georgetown,GEOR,2025-08-23T17:37:41Z,2025-08-23T16:47:00Z,ARR,bad,50.0
84,True,True,SARNIA,TORONTO,2025-08-23,9,Brampton,BRMP,2025-08-23T17:50:36Z,2025-08-23T16:59:00Z,ARR,bad,51.0
84,True,True,SARNIA,TORONTO,2025-08-23,10,Malton,MALT,2025-08-23T18:03:17Z,2025-08-23T17:11:00Z,ARR,bad,52.0
84,True,True,SARNIA,TORONTO,2025-08-23,11,Toronto,TRTO,2025-08-23T18:27:31Z,2025-08-23T17:38:00Z,ARR,bad,49.0
644,True,True,TORONTO,OTTAWA,2025-08-23,0,Toronto,TRTO,2025-08-23T17:23:59Z,2025-08-23T17:23:00Z,ARR,goo,0.0
644,True,True,TORONTO,OTTAWA,2025-08-23,1,Oshawa,OSHA,2025-08-23T18:09:01Z,2025-08-23T17:53:00Z,ARR,bad,16.0
644,True,True,TORONTO,OTTAWA,2025-08-23,2,Cobourg,CBRG,2025-08-23T18:51:09Z,2025-08-23T18:28:00Z,ARR,bad,23.0
644,True,True,TORONTO,OTTAWA,2025-08-23,3,Belleville,BLVL,2025-08-23T19:32:40Z,2025-08-23T19:03:00Z,ARR,bad,29.0
644,True,True,TORONTO,OTTAWA,2025-08-23,4,Kingston,KGON,2025-08-23T20:18:26Z,2025-08-23T19:43:00Z,ARR,bad,35.0
644,True,True,TORONTO,OTTAWA,2025-08-23,5,Fallowfield,FALL,2025-08-23T22:10:00Z,2025-08-23T21:30:00Z,ARR,bad,40.0
644,True,True,TORONTO,OTTAWA,2025-08-23,6,Ottawa,OTTW,2025-08-23T22:40:32Z,2025-08-23T21:53:00Z,ARR,bad,47.0
97,True,True,TORONTO,NIAGARA FALLS,2025-08-23,0,Toronto,TRTO,2025-08-23T12:20:00Z,2025-08-23T12:20:00Z,ARR,goo,0.0
97,True,True,TORONTO,NIAGARA FALLS,2025-08-23,1,Oakville,OAKV,2025-08-23T12:43:00Z,2025-08-23T12:43:00Z,ARR,goo,0.0
97,True,True,TORONTO,NIAGARA FALLS,2025-08-23,2,Aldershot,ALDR,2025-08-23T12:56:00Z,2025-08-23T12:56:00Z,ARR,goo,0.0
97,True,True,TORONTO,NIAGARA FALLS,2025-08-23,3,Grimsby,GRIM,2025-08-23T13:37:00Z,2025-08-23T13:37:00Z,ARR,goo,0.0
97,True,True,TORONTO,NIAGARA FALLS,2025-08-23,4,St. Catharines,SCAT,2025-08-23T13:57:00Z,2025-08-23T13:57:00Z,ARR,goo,0.0
97,True,True,TORONTO,NIAGARA FALLS,2025-08-23,5,Niagara Falls,NIAG,2025-08-23T14:20:00Z,2025-08-23T14:20:00Z,ARR,goo,0.0
62,True,True,TORONTO,MONTRÉAL,2025-08-23,0,Toronto,TRTO,2025-08-23T12:32:00Z,2025-08-23T12:32:00Z,ARR,goo,0.0
62,True,True,TORONTO,MONTRÉAL,2025-08-23,1,Guildwood,GUIL,2025-08-23T12:48:00Z,2025-08-23T12:50:00Z,ARR,goo,-2.0
62,True,True,TORONTO,MONTRÉAL,2025-08-23,2,Oshawa,OSHA,2025-08-23T13:07:11Z,2025-08-23T13:09:00Z,ARR,goo,-1.0
62,True,True,TORONTO,MONTRÉAL,2025-08-23,3,Cobourg,CBRG,2025-08-23T13:43:23Z,2025-08-23T13:44:00Z,ARR,goo,0.0
62,True,True,TORONTO,MONTRÉAL,2025-08-23,4,Belleville,BLVL,2025-08-23T14:17:16Z,2025-08-23T14:20:00Z,ARR,goo,-2.0
62,True,True,TORONTO,MONTRÉAL,2025-08-23,5,Kingston,KGON,2025-08-23T14:58:08Z,2025-08-23T15:00:00Z,ARR,goo,-1.0
62,True,True,TORONTO,MONTRÉAL,2025-08-23,6,Cornwall,CWLL,2025-08-23T17:51:24Z,2025-08-23T16:43:00Z,ARR,bad,68.0
62,True,True,TORONTO,MONTRÉAL,2025-08-23,7,Dorval,DORV,2025-08-23T19:11:05Z,2025-08-23T17:34:00Z,ARR,bad,97.0
62,True,True,TORONTO,MONTRÉAL,2025-08-23,8,Montréal,MTRL,2025-08-23T19:35:24Z,2025-08-23T18:00:00Z,ARR,bad,95.0
643,True,True,OTTAWA,TORONTO,2025-08-23,0,Ottawa,OTTW,2025-08-23T12:29:15Z,2025-08-23T12:29:00Z,ARR,goo,0.0
643,True,True,OTTAWA,TORONTO,2025-08-23,1,Fallowfield,FALL,2025-08-23T12:44:24Z,2025-08-23T12:45:00Z,ARR,goo,0.0
643,True,True,OTTAWA,TORONTO,2025-08-23,2,Smiths Falls,SMTF,2025-08-23T13:14:05Z,2025-08-23T13:17:00Z,ARR,goo,-2.0
643,True,True,OTTAWA,TORONTO,2025-08-23,3,Brockville,BRKV,2025-08-23T13:48:26Z,2025-08-23T13:49:00Z,ARR,goo,0.0
643,True,True,OTTAWA,TORONTO,2025-08-23,4,Kingston,KGON,2025-08-23T14:41:31Z,2025-08-23T14:32:00Z,ARR,med,9.0
643,True,True,OTTAWA,TORONTO,2025-08-23,5,Napanee,NAPN,2025-08-23T15:07:41Z,2025-08-23T14:57:00Z,ARR,med,10.0
643,True,True,OTTAWA,TORONTO,2025-08-23,6,Belleville,BLVL,2025-08-23T15:34:03Z,2025-08-23T15:17:00Z,ARR,bad,17.0
643,True,True,OTTAWA,TORONTO,2025-08-23,7,Trenton Jct.,TRNJ,2025-08-23T15:48:04Z,2025-08-23T15:31:00Z,ARR,bad,17.0
643,True,True,OTTAWA,TORONTO,2025-08-23,8,Cobourg,CBRG,2025-08-23T16:19:38Z,2025-08-23T15:57:00Z,ARR,bad,22.0
643,True,True,OTTAWA,TORONTO,2025-08-23,9,Port Hope,PHOP,2025-08-23T16:30:26Z,2025-08-23T16:07:00Z,ARR,bad,23.0
643,True,True,OTTAWA,TORONTO,2025-08-23,10,Oshawa,OSHA,2025-08-23T17:06:03Z,2025-08-23T16:35:00Z,ARR,bad,31.0
643,True,True,OTTAWA,TORONTO,2025-08-23,11,Guildwood,GUIL,2025-08-23T17:26:55Z,2025-08-23T16:58:00Z,ARR,bad,28.0
643,True,True,OTTAWA,TORONTO,2025-08-23,12,Toronto,TRTO,2025-08-23T17:47:35Z,2025-08-23T17:18:00Z,ARR,bad,29.0
633,True,True,MONTRÉAL,OTTAWA,2025-08-23,0,Montréal,MTRL,2025-08-23T13:00:00Z,2025-08-23T13:00:00Z,ARR,goo,0.0
633,True,True,MONTRÉAL,OTTAWA,2025-08-23,1,Dorval,DORV,2025-08-23T13:22:42Z,2025-08-23T13:24:00Z,ARR,goo,-1.0
633,True,True,MONTRÉAL,OTTAWA,2025-08-23,2,Alexandria,ALEX,2025-08-23T14:16:01Z,2025-08-23T14:11:00Z,ARR,med,5.0
633,True,True,MONTRÉAL,OTTAWA,2025-08-23,3,Casselman,CSLM,2025-08-23T14:42:37Z,2025-08-23T14:34:00Z,ARR,med,8.0
633,True,True,MONTRÉAL,OTTAWA,2025-08-23,4,Ottawa,OTTW,2025-08-23T15:05:48Z,2025-08-23T15:05:00Z,ARR,goo,0.0
622,True,True,MONTRÉAL,QUÉBEC,2025-08-23,0,Montréal,MTRL,2025-08-23T12:20:00Z,2025-08-23T12:20:00Z,ARR,goo,0.0
622,True,True,MONTRÉAL,QUÉBEC,2025-08-23,1,St. Lambert,SLAM,2025-08-23T12:34:35Z,2025-08-23T12:33:00Z,ARR,goo,1.0
622,True,True,MONTRÉAL,QUÉBEC,2025-08-23,2,St. Hyacinthe,SHYA,2025-08-23T13:07:09Z,2025-08-23T13:00:00Z,ARR,med,7.0
622,True,True,MONTRÉAL,QUÉBEC,2025-08-23,3,Drummondville,DRMV,2025-08-23T13:46:43Z,2025-08-23T13:29:00Z,ARR,bad,17.0
622,True,True,MONTRÉAL,QUÉBEC,2025-08-23,4,Ste-Foy,SFOY,2025-08-23T15:43:51Z,2025-08-23T15:11:00Z,ARR,bad,32.0
622,True,True,MONTRÉAL,QUÉBEC,2025-08-23,5,Québec,QBEC,2025-08-23T16:11:31Z,2025-08-23T15:39:00Z,ARR,bad,32.0
82,True,True,LONDON,TORONTO,2025-08-23,0,London,LNDN,2025-08-23T10:25:00Z,2025-08-23T10:25:00Z,ARR,goo,0.0
82,True,True,LONDON,TORONTO,2025-08-23,1,Woodstock,WDST,2025-08-23T10:54:29Z,2025-08-23T10:53:00Z,ARR,goo,1.0
82,True,True,LONDON,TORONTO,2025-08-23,2,Brantford,BRTF,2025-08-23T11:23:30Z,2025-08-23T11:23:00Z,ARR,goo,0.0
82,True,True,LONDON,TORONTO,2025-08-23,3,Toronto,TRTO,2025-08-23T12:35:11Z,2025-08-23T12:35:00Z,ARR,goo,0.0
45,True,True,OTTAWA,TORONTO,2025-08-23,0,Ottawa,OTTW,2025-08-23T14:24:00Z,2025-08-23T14:24:00Z,ARR,goo,0.0
45,True,True,OTTAWA,TORONTO,2025-08-23,1,Fallowfield,FALL,2025-08-23T14:41:00Z,2025-08-23T14:40:00Z,ARR,goo,1.0
45,True,True,OTTAWA,TORONTO,2025-08-23,2,Kingston,KGON,2025-08-23T16:42:31Z,2025-08-23T16:26:00Z,ARR,bad,16.0
45,True,True,OTTAWA,TORONTO,2025-08-23,3,Toronto,TRTO,2025-08-23T19:31:36Z,2025-08-23T18:48:00Z,ARR,bad,43.0
185,True,True,SUDBURY,WHITE RIVER,2025-08-23,0,Sudbury,SUDB,2025-08-23T13:02:28Z,2025-08-23T13:00:00Z,ARR,goo,2.0
185,True,True,SUDBURY,WHITE RIVER,2025-08-23,1,Azilda,AZIL,2025-08-23T13:17:57Z,2025-08-23T13:10:00Z,ARR,med,7.0
185,True,True,SUDBURY,WHITE RIVER,2025-08-23,2,Chelmsford,CHEL,2025-08-23T13:21:29Z,2025-08-23T13:15:00Z,ARR,med,6.0
185,True,True,SUDBURY,WHITE RIVER,2025-08-23,3,Larchwood,LARC,2025-08-23T13:26:10Z,2025-08-23T13:19:00Z,ARR,med,7.0
185,True,True,SUDBURY,WHITE RIVER,2025-08-23,4,Levack,LEVA,2025-08-23T13:40:18Z,2025-08-23T13:30:00Z,ARR,med,10.0
185,True,True,SUDBURY,WHITE RIVER,2025-08-23,5,Cartier,CART,2025-08-23T13:55:21Z,2025-08-23T13:45:00Z,ARR,med,10.0
185,True,True,SUDBURY,WHITE RIVER,2025-08-23,6,Benny,BENN,2025-08-23T14:24:31Z,2025-08-23T14:05:00Z,ARR,bad,19.0
185,True,True,SUDBURY,WHITE RIVER,2025-08-23,7,Stralak,STRL,2025-08-23T14:29:06Z,2025-08-23T14:12:00Z,ARR,bad,17.0
185,True,True,SUDBURY,WHITE RIVER,2025-08-23,8,Pogamasing,POGA,2025-08-23T14:40:24Z,2025-08-23T14:25:00Z,ARR,bad,15.0
185,True,True,SUDBURY,WHITE RIVER,2025-08-23,9,Sheahan,SHEA,2025-08-23T14:45:24Z,2025-08-23T14:30:00Z,ARR,bad,15.0
185,True,True,SUDBURY,WHITE RIVER,2025-08-23,10,Forks,FRKS,2025-08-23T14:56:43Z,2025-08-23T14:40:00Z,ARR,bad,16.0
185,True,True,SUDBURY,WHITE RIVER,2025-08-23,11,Metagama,MTGM,2025-08-23T15:06:43Z,2025-08-23T14:50:00Z,ARR,bad,16.0
185,True,True,SUDBURY,WHITE RIVER,2025-08-23,12,Sinker,SNKR,2025-08-23T15:11:43Z,2025-08-23T14:55:00Z,ARR,bad,16.0
185,True,True,SUDBURY,WHITE RIVER,2025-08-23,13,Biscotasing,BISC,2025-08-23T15:51:44Z,2025-08-23T15:20:00Z,ARR,bad,31.0
185,True,True,SUDBURY,WHITE RIVER,2025-08-23,14,Roberts,RBRT,2025-08-23T16:01:44Z,2025-08-23T15:30:00Z,ARR,bad,31.0
185,True,True,SUDBURY,WHITE RIVER,2025-08-23,15,Ramsey,RAMS,2025-08-23T16:16:44Z,2025-08-23T15:45:00Z,ARR,bad,31.0
185,True,True,SUDBURY,WHITE RIVER,2025-08-23,16,Woman River,WOMR,2025-08-23T16:36:44Z,2025-08-23T16:05:00Z,ARR,bad,31.0
185,True,True,SUDBURY,WHITE RIVER,2025-08-23,17,Sultan,SULT,2025-08-23T16:51:44Z,2025-08-23T16:20:00Z,ARR,bad,31.0
185,True,True,SUDBURY,WHITE RIVER,2025-08-23,18,Kormak,KORM,2025-08-23T17:06:44Z,2025-08-23T16:35:00Z,ARR,bad,31.0
185,True,True,SUDBURY,WHITE RIVER,2025-08-23,19,Kinogama,KINO,2025-08-23T17:11:44Z,2025-08-23T16:40:00Z,ARR,bad,31.0
185,True,True,SUDBURY,WHITE RIVER,2025-08-23,20,Nemegos,NEME,2025-08-23T18:34:13Z,2025-08-23T16:55:00Z,ARR,bad,99.0
185,True,True,SUDBURY,WHITE RIVER,2025-08-23,21,Devon,DEVN,2025-08-23T18:44:27Z,2025-08-23T17:05:00Z,ARR,bad,99.0
185,True,True,SUDBURY,WHITE RIVER,2025-08-23,22,Chapleau,CHAP,2025-08-23T19:02:02Z,2025-08-23T17:20:00Z,ARR,bad,102.0
185,True,True,SUDBURY,WHITE RIVER,2025-08-23,23,Esher,ESHR,2025-08-23T19:24:36Z,2025-08-23T17:50:00Z,ARR,bad,94.0
185,True,True,SUDBURY,WHITE RIVER,2025-08-23,24,Musk,MUSK,2025-08-23T19:35:09Z,2025-08-23T18:00:00Z,ARR,bad,95.0
185,True,True,SUDBURY,WHITE RIVER,2025-08-23,25,Nicholson,NICH,2025-08-23T19:40:47Z,2025-08-23T18:10:00Z,ARR,bad,90.0
185,True,True,SUDBURY,WHITE RIVER,2025-08-23,26,Bolkow,BOLK,2025-08-23T20:23:40Z,2025-08-23T18:30:00Z,ARR,bad,113.0
185,True,True,SUDBURY,WHITE RIVER,2025-08-23,27,Dalton,DALT,2025-08-23T20:38:40Z,2025-08-23T18:45:00Z,ARR,bad,113.0
185,True,True,SUDBURY,WHITE RIVER,2025-08-23,28,Missanabie,MSBI,2025-08-23T21:03:40Z,2025-08-23T19:10:00Z,ARR,bad,113.0
185,True,True,SUDBURY,WHITE RIVER,2025-08-23,29,Lochalsh,LOCH,2025-08-23T21:14:43Z,2025-08-23T19:30:00Z,ARR,bad,104.0
185,True,True,SUDBURY,WHITE RIVER,2025-08-23,30,Franz,FRNZ,2025-08-23T21:35:45Z,2025-08-23T19:50:00Z,ARR,bad,105.0
185,True,True,SUDBURY,WHITE RIVER,2025-08-23,31,Swanson,SWAN,2025-08-23T21:46:07Z,2025-08-23T20:00:00Z,ARR,bad,106.0
185,True,True,SUDBURY,WHITE RIVER,2025-08-23,32,Girdwood,GIRD,2025-08-23T22:13:01Z,2025-08-23T20:25:00Z,ARR,bad,108.0
185,True,True,SUDBURY,WHITE RIVER,2025-08-23,33,Amyot,AMYO,2025-08-23T22:23:54Z,2025-08-23T20:35:00Z,ARR,bad,108.0
185,True,True,SUDBURY,WHITE RIVER,2025-08-23,34,O'Brien,OBRI,2025-08-23T22:38:00Z,2025-08-23T20:50:00Z,ARR,bad,108.0
185,True,True,SUDBURY,WHITE RIVER,2025-08-23,35,White River,WHTR,2025-08-23T22:50:55Z,2025-08-23T21:05:00Z,ARR,bad,105.0
47,True,True,OTTAWA,TORONTO,2025-08-23,0,Ottawa,OTTW,2025-08-23T16:23:00Z,2025-08-23T16:23:00Z,ARR,goo,0.0
47,True,True,OTTAWA,TORONTO,2025-08-23,1,Fallowfield,FALL,2025-08-23T16:38:01Z,2025-08-23T16:40:00Z,ARR,goo,-1.0
47,True,True,OTTAWA,TORONTO,2025-08-23,2,Smiths Falls,SMTF,2025-08-23T17:12:09Z,2025-08-23T17:18:00Z,ARR,goo,-5.0
47,True,True,OTTAWA,TORONTO,2025-08-23,3,Brockville,BRKV,2025-08-23T18:00:15Z,2025-08-23T17:54:00Z,ARR,med,6.0
47,True,True,OTTAWA,TORONTO,2025-08-23,4,Gananoque,GANA,2025-08-23T18:30:01Z,2025-08-23T18:22:00Z,ARR,med,8.0
47,True,True,OTTAWA,TORONTO,2025-08-23,5,Kingston,KGON,2025-08-23T18:52:38Z,2025-08-23T18:45:00Z,ARR,med,7.0
47,True,True,OTTAWA,TORONTO,2025-08-23,6,Belleville,BLVL,2025-08-23T19:37:54Z,2025-08-23T19:26:00Z,ARR,med,11.0
47,True,True,OTTAWA,TORONTO,2025-08-23,7,Oshawa,OSHA,2025-08-23T21:00:08Z,2025-08-23T20:33:00Z,ARR,bad,27.0
47,True,True,OTTAWA,TORONTO,2025-08-23,8,Guildwood,GUIL,2025-08-23T21:32:36Z,2025-08-23T20:58:00Z,ARR,bad,34.0
47,True,True,OTTAWA,TORONTO,2025-08-23,9,Toronto,TRTO,2025-08-23T21:56:56Z,2025-08-23T21:30:00Z,ARR,bad,26.0
63,True,True,MONTRÉAL,TORONTO,2025-08-23,0,Montréal,MTRL,2025-08-23T12:46:00Z,2025-08-23T12:46:00Z,ARR,goo,0.0
63,True,True,MONTRÉAL,TORONTO,2025-08-23,1,Dorval,DORV,2025-08-23T13:10:01Z,2025-08-23T13:11:00Z,ARR,goo,0.0
63,True,True,MONTRÉAL,TORONTO,2025-08-23,2,Cornwall,CWLL,2025-08-23T14:05:54Z,2025-08-23T14:04:00Z,ARR,goo,1.0
63,True,True,MONTRÉAL,TORONTO,2025-08-23,3,Brockville,BRKV,2025-08-23T14:56:41Z,2025-08-23T14:54:00Z,ARR,goo,2.0
63,True,True,MONTRÉAL,TORONTO,2025-08-23,4,Kingston,KGON,2025-08-23T15:57:09Z,2025-08-23T15:39:00Z,ARR,bad,18.0
63,True,True,MONTRÉAL,TORONTO,2025-08-23,5,Belleville,BLVL,2025-08-23T16:44:41Z,2025-08-23T16:20:00Z,ARR,bad,24.0
63,True,True,MONTRÉAL,TORONTO,2025-08-23,6,Cobourg,CBRG,2025-08-23T17:18:43Z,2025-08-23T16:58:00Z,ARR,bad,20.0
63,True,True,MONTRÉAL,TORONTO,2025-08-23,7,Oshawa,OSHA,2025-08-23T17:51:38Z,2025-08-23T17:34:00Z,ARR,bad,17.0
63,True,True,MONTRÉAL,TORONTO,2025-08-23,8,Guildwood,GUIL,2025-08-23T18:13:11Z,2025-08-23T17:58:00Z,ARR,bad,15.0
63,True,True,MONTRÉAL,TORONTO,2025-08-23,9,Toronto,TRTO,2025-08-23T18:34:42Z,2025-08-23T18:18:00Z,ARR,bad,16.0
624,True,True,OTTAWA,QUÉBEC,2025-08-23,0,Ottawa,OTTW,2025-08-23T11:45:00Z,2025-08-23T11:45:00Z,ARR,goo,0.0
624,True,True,OTTAWA,QUÉBEC,2025-08-23,1,Alexandria,ALEX,2025-08-23T12:28:07Z,2025-08-23T12:31:00Z,ARR,goo,-2.0
624,True,True,OTTAWA,QUÉBEC,2025-08-23,2,Dorval,DORV,2025-08-23T13:20:57Z,2025-08-23T13:16:00Z,ARR,goo,4.0
624,True,True,OTTAWA,QUÉBEC,2025-08-23,3,Montréal,MTRL,2025-08-23T13:43:02Z,2025-08-23T13:39:00Z,ARR,goo,4.0
624,True,True,OTTAWA,QUÉBEC,2025-08-23,4,St. Lambert,SLAM,2025-08-23T14:29:17Z,2025-08-23T14:28:00Z,ARR,goo,1.0
624,True,True,OTTAWA,QUÉBEC,2025-08-23,5,St. Hyacinthe,SHYA,2025-08-23T15:06:25Z,2025-08-23T15:06:00Z,ARR,goo,0.0
624,True,True,OTTAWA,QUÉBEC,2025-08-23,6,Drummondville,DRMV,2025-08-23T15:40:30Z,2025-08-23T15:34:00Z,ARR,med,6.0
624,True,True,OTTAWA,QUÉBEC,2025-08-23,7,Charny,CHNY,2025-08-23T17:33:39Z,2025-08-23T17:13:00Z,ARR,bad,20.0
624,True,True,OTTAWA,QUÉBEC,2025-08-23,8,Ste-Foy,SFOY,2025-08-23T17:41:33Z,2025-08-23T17:20:00Z,ARR,bad,21.0
624,True,True,OTTAWA,QUÉBEC,2025-08-23,9,Québec,QBEC,2025-08-23T18:09:35Z,2025-08-23T17:48:00Z,ARR,bad,21.0
637,True,True,QUÉBEC,OTTAWA,2025-08-23,0,Québec,QBEC,2025-08-23T14:00:00Z,2025-08-23T14:00:00Z,ARR,goo,0.0
637,True,True,QUÉBEC,OTTAWA,2025-08-23,1,Ste-Foy,SFOY,2025-08-23T14:24:20Z,2025-08-23T14:25:00Z,ARR,goo,0.0
637,True,True,QUÉBEC,OTTAWA,2025-08-23,2,Drummondville,DRMV,2025-08-23T16:35:38Z,2025-08-23T16:08:00Z,ARR,bad,27.0
637,True,True,QUÉBEC,OTTAWA,2025-08-23,3,St. Lambert,SLAM,2025-08-23T17:41:52Z,2025-08-23T17:16:00Z,ARR,bad,25.0
637,True,True,QUÉBEC,OTTAWA,2025-08-23,4,Montréal,MTRL,2025-08-23T17:59:15Z,2025-08-23T17:31:00Z,ARR,bad,28.0
637,True,True,QUÉBEC,OTTAWA,2025-08-23,5,Dorval,DORV,2025-08-23T18:20:00Z,2025-08-23T18:20:00Z,ARR,goo,0.0
637,True,True,QUÉBEC,OTTAWA,2025-08-23,6,Alexandria,ALEX,2025-08-23T20:15:59Z,2025-08-23T19:10:00Z,ARR,bad,65.0
637,True,True,QUÉBEC,OTTAWA,2025-08-23,7,Ottawa,OTTW,2025-08-23T21:01:18Z,2025-08-23T19:56:00Z,ARR,bad,65.0
40,True,True,TORONTO,OTTAWA,2025-08-23,0,Toronto,TRTO,2025-08-23T14:38:00Z,2025-08-23T14:38:00Z,ARR,goo,0.0
40,True,True,TORONTO,OTTAWA,2025-08-23,1,Belleville,BLVL,2025-08-23T16:15:37Z,2025-08-23T16:09:00Z,ARR,med,6.0
40,True,True,TORONTO,OTTAWA,2025-08-23,2,Kingston,KGON,2025-08-23T16:52:54Z,2025-08-23T16:48:00Z,ARR,goo,4.0
40,True,True,TORONTO,OTTAWA,2025-08-23,3,Fallowfield,FALL,2025-08-23T18:32:21Z,2025-08-23T18:38:00Z,ARR,goo,-5.0
40,True,True,TORONTO,OTTAWA,2025-08-23,4,Ottawa,OTTW,2025-08-23T18:52:50Z,2025-08-23T19:02:00Z,ARR,goo,-9.0
35,True,True,QUÉBEC,OTTAWA,2025-08-23,0,Québec,QBEC,2025-08-23T12:06:00Z,2025-08-23T12:06:00Z,ARR,goo,0.0
35,True,True,QUÉBEC,OTTAWA,2025-08-23,1,Ste-Foy,SFOY,2025-08-23T12:31:35Z,2025-08-23T12:31:00Z,ARR,goo,0.0
35,True,True,QUÉBEC,OTTAWA,2025-08-23,2,Charny,CHNY,2025-08-23T12:40:29Z,2025-08-23T12:40:00Z,ARR,goo,0.0
35,True,True,QUÉBEC,OTTAWA,2025-08-23,3,Drummondville,DRMV,2025-08-23T14:22:56Z,2025-08-23T14:14:00Z,ARR,med,8.0
35,True,True,QUÉBEC,OTTAWA,2025-08-23,4,St. Hyacinthe,SHYA,2025-08-23T15:00:32Z,2025-08-23T14:44:00Z,ARR,bad,16.0
35,True,True,QUÉBEC,OTTAWA,2025-08-23,5,St. Lambert,SLAM,2025-08-23T15:37:24Z,2025-08-23T15:11:00Z,ARR,bad,26.0
35,True,True,QUÉBEC,OTTAWA,2025-08-23,6,Montréal,MTRL,2025-08-23T15:51:44Z,2025-08-23T15:26:00Z,ARR,bad,25.0
35,True,True,QUÉBEC,OTTAWA,2025-08-23,7,Dorval,DORV,2025-08-23T16:44:54Z,2025-08-23T16:18:00Z,ARR,bad,26.0
35,True,True,QUÉBEC,OTTAWA,2025-08-23,8,Coteau,COTO,2025-08-23T17:16:26Z,2025-08-23T16:46:00Z,ARR,bad,30.0
35,True,True,QUÉBEC,OTTAWA,2025-08-23,9,Alexandria,ALEX,2025-08-23T17:34:30Z,2025-08-23T17:08:00Z,ARR,bad,26.0
35,True,True,QUÉBEC,OTTAWA,2025-08-23,10,Casselman,CSLM,2025-08-23T17:56:31Z,2025-08-23T17:31:00Z,ARR,bad,25.0
35,True,True,QUÉBEC,OTTAWA,2025-08-23,11,Ottawa,OTTW,2025-08-23T18:22:40Z,2025-08-23T17:58:00Z,ARR,bad,24.0
26,True,True,OTTAWA,QUÉBEC,2025-08-23,0,Ottawa,OTTW,2025-08-23T18:17:32Z,2025-08-23T18:17:00Z,ARR,goo,0.0
26,True,True,OTTAWA,QUÉBEC,2025-08-23,1,Alexandria,ALEX,2025-08-23T19:02:11Z,2025-08-23T19:03:00Z,ARR,goo,0.0
26,True,True,OTTAWA,QUÉBEC,2025-08-23,2,Coteau,COTO,2025-08-23T19:22:20Z,2025-08-23T19:26:00Z,ARR,goo,-3.0
26,True,True,OTTAWA,QUÉBEC,2025-08-23,3,Dorval,DORV,2025-08-23T19:58:58Z,2025-08-23T19:49:00Z,ARR,med,9.0
26,True,True,OTTAWA,QUÉBEC,2025-08-23,4,Montréal,MTRL,2025-08-23T20:23:21Z,2025-08-23T20:15:00Z,ARR,med,8.0
26,True,True,OTTAWA,QUÉBEC,2025-08-23,5,St. Lambert,SLAM,2025-08-23T21:09:42Z,2025-08-23T20:53:00Z,ARR,bad,16.0
26,True,True,OTTAWA,QUÉBEC,2025-08-23,6,St. Hyacinthe,SHYA,2025-08-23T21:43:18Z,2025-08-23T21:20:00Z,ARR,bad,23.0
26,True,True,OTTAWA,QUÉBEC,2025-08-23,7,Drummondville,DRMV,2025-08-23T22:23:49Z,2025-08-23T22:05:00Z,ARR,bad,18.0
26,True,True,OTTAWA,QUÉBEC,2025-08-23,8,Charny,CHNY,2025-08-24T00:07:13Z,2025-08-23T23:44:00Z,ARR,bad,23.0
26,True,True,OTTAWA,QUÉBEC,2025-08-23,9,Ste-Foy,SFOY,2025-08-24T00:14:05Z,2025-08-23T23:52:00Z,ARR,bad,22.0
26,True,True,OTTAWA,QUÉBEC,2025-08-23,10,Québec,QBEC,2025-08-24T00:42:29Z,2025-08-24T00:19:00Z,ARR,bad,23.0
39,True,True,QUÉBEC,OTTAWA,2025-08-23,0,Québec,QBEC,2025-08-23T18:57:00Z,2025-08-23T18:57:00Z,ARR,goo,0.0
39,True,True,QUÉBEC,OTTAWA,2025-08-23,1,Ste-Foy,SFOY,2025-08-23T19:23:08Z,2025-08-23T19:22:00Z,ARR,goo,1.0
39,True,True,QUÉBEC,OTTAWA,2025-08-23,2,Drummondville,DRMV,2025-08-23T21:12:30Z,2025-08-23T20:58:00Z,ARR,med,14.0
39,True,True,QUÉBEC,OTTAWA,2025-08-23,3,St. Lambert,SLAM,2025-08-23T22:20:59Z,2025-08-23T21:57:00Z,ARR,bad,23.0
39,True,True,QUÉBEC,OTTAWA,2025-08-23,4,Montréal,MTRL,2025-08-23T22:39:37Z,2025-08-23T22:11:00Z,ARR,bad,28.0
39,True,True,QUÉBEC,OTTAWA,2025-08-23,5,Dorval,DORV,2025-08-23T23:25:48Z,2025-08-23T23:14:00Z,ARR,med,11.0
39,True,True,QUÉBEC,OTTAWA,2025-08-23,6,Coteau,COTO,2025-08-23T23:57:26Z,2025-08-23T23:43:00Z,ARR,med,14.0
39,True,True,QUÉBEC,OTTAWA,2025-08-23,7,Alexandria,ALEX,2025-08-24T00:17:59Z,2025-08-24T00:06:00Z,ARR,med,11.0
39,True,True,QUÉBEC,OTTAWA,2025-08-23,8,Ottawa,OTTW,2025-08-24T01:01:27Z,2025-08-24T00:51:00Z,ARR,med,10.0
66,True,True,TORONTO,MONTRÉAL,2025-08-23,0,Toronto,TRTO,2025-08-23T19:26:00Z,2025-08-23T19:23:00Z,ARR,goo,3.0
66,True,True,TORONTO,MONTRÉAL,2025-08-23,1,Guildwood,GUIL,2025-08-23T19:46:53Z,2025-08-23T19:40:00Z,ARR,med,6.0
66,True,True,TORONTO,MONTRÉAL,2025-08-23,2,Oshawa,OSHA,2025-08-23T20:05:44Z,2025-08-23T19:54:00Z,ARR,med,11.0
66,True,True,TORONTO,MONTRÉAL,2025-08-23,3,Belleville,BLVL,2025-08-23T21:11:17Z,2025-08-23T21:00:00Z,ARR,med,11.0
66,True,True,TORONTO,MONTRÉAL,2025-08-23,4,Kingston,KGON,2025-08-23T21:51:25Z,2025-08-23T21:40:00Z,ARR,med,11.0
66,True,True,TORONTO,MONTRÉAL,2025-08-23,5,Cornwall,CWLL,2025-08-23T23:19:45Z,2025-08-23T23:07:00Z,ARR,med,12.0
66,True,True,TORONTO,MONTRÉAL,2025-08-23,6,Dorval,DORV,2025-08-24T00:15:23Z,2025-08-23T23:58:00Z,ARR,bad,17.0
66,True,True,TORONTO,MONTRÉAL,2025-08-23,7,Montréal,MTRL,2025-08-24T00:46:45Z,2025-08-24T00:25:00Z,ARR,bad,21.0
46,True,True,TORONTO,OTTAWA,2025-08-23,0,Toronto,TRTO,2025-08-23T19:48:00Z,2025-08-23T19:38:00Z,ARR,med,10.0
46,True,True,TORONTO,OTTAWA,2025-08-23,1,Oshawa,OSHA,2025-08-23T20:28:40Z,2025-08-23T20:09:00Z,ARR,bad,19.0
46,True,True,TORONTO,OTTAWA,2025-08-23,2,Cobourg,CBRG,2025-08-23T21:10:45Z,2025-08-23T20:43:00Z,ARR,bad,27.0
46,True,True,TORONTO,OTTAWA,2025-08-23,3,Kingston,KGON,2025-08-23T22:49:26Z,2025-08-23T21:54:00Z,ARR,bad,55.0
46,True,True,TORONTO,OTTAWA,2025-08-23,4,Brockville,BRKV,2025-08-23T23:43:39Z,2025-08-23T22:40:00Z,ARR,bad,63.0
46,True,True,TORONTO,OTTAWA,2025-08-23,5,Fallowfield,FALL,2025-08-24T00:38:19Z,2025-08-23T23:40:00Z,ARR,bad,58.0
46,True,True,TORONTO,OTTAWA,2025-08-23,6,Ottawa,OTTW,2025-08-24T01:00:20Z,2025-08-24T00:00:00Z,ARR,bad,60.0
28,True,True,OTTAWA,QUÉBEC,2025-08-23,0,Ottawa,OTTW,2025-08-23T20:05:00Z,2025-08-23T20:05:00Z,ARR,goo,0.0
28,True,True,OTTAWA,QUÉBEC,2025-08-23,1,Casselman,CSLM,2025-08-23T20:29:11Z,2025-08-23T20:31:00Z,ARR,goo,-1.0
28,True,True,OTTAWA,QUÉBEC,2025-08-23,2,Alexandria,ALEX,2025-08-23T20:59:34Z,2025-08-23T20:53:00Z,ARR,med,6.0
28,True,True,OTTAWA,QUÉBEC,2025-08-23,3,Coteau,COTO,2025-08-23T21:23:13Z,2025-08-23T21:15:00Z,ARR,med,8.0
28,True,True,OTTAWA,QUÉBEC,2025-08-23,4,Dorval,DORV,2025-08-23T21:54:45Z,2025-08-23T21:38:00Z,ARR,bad,16.0
28,True,True,OTTAWA,QUÉBEC,2025-08-23,5,Montréal,MTRL,2025-08-23T22:21:02Z,2025-08-23T22:04:00Z,ARR,bad,17.0
28,True,True,OTTAWA,QUÉBEC,2025-08-23,6,St. Lambert,SLAM,2025-08-23T22:58:55Z,2025-08-23T22:38:00Z,ARR,bad,20.0
28,True,True,OTTAWA,QUÉBEC,2025-08-23,7,St. Hyacinthe,SHYA,2025-08-23T23:30:28Z,2025-08-23T23:06:00Z,ARR,bad,24.0
28,True,True,OTTAWA,QUÉBEC,2025-08-23,8,Drummondville,DRMV,2025-08-24T00:12:09Z,2025-08-23T23:52:00Z,ARR,bad,20.0
28,True,True,OTTAWA,QUÉBEC,2025-08-23,9,Charny,CHNY,2025-08-24T01:46:48Z,2025-08-24T01:14:00Z,ARR,bad,32.0
28,True,True,OTTAWA,QUÉBEC,2025-08-23,10,Ste-Foy,SFOY,2025-08-24T01:55:32Z,2025-08-24T01:21:00Z,ARR,bad,34.0
28,True,True,OTTAWA,QUÉBEC,2025-08-23,11,Québec,QBEC,2025-08-24T02:22:48Z,2025-08-24T01:48:00Z,ARR,bad,34.0
69,True,True,MONTRÉAL,TORONTO,2025-08-23,0,Montréal,MTRL,2025-08-23T20:49:03Z,2025-08-23T20:38:00Z,ARR,med,11.0
69,True,True,MONTRÉAL,TORONTO,2025-08-23,1,Dorval,DORV,2025-08-23T21:17:00Z,2025-08-23T21:04:00Z,ARR,med,13.0
69,True,True,MONTRÉAL,TORONTO,2025-08-23,2,Cornwall,CWLL,2025-08-23T22:28:21Z,2025-08-23T21:53:00Z,ARR,bad,35.0
69,True,True,MONTRÉAL,TORONTO,2025-08-23,3,Brockville,BRKV,2025-08-23T23:35:43Z,2025-08-23T22:40:00Z,ARR,bad,55.0
69,True,True,MONTRÉAL,TORONTO,2025-08-23,4,Kingston,KGON,2025-08-24T00:34:23Z,2025-08-23T23:24:00Z,ARR,bad,70.0
69,True,True,MONTRÉAL,TORONTO,2025-08-23,5,Oshawa,OSHA,2025-08-24T02:50:49Z,2025-08-24T01:05:00Z,ARR,bad,105.0
69,True,True,MONTRÉAL,TORONTO,2025-08-23,6,Guildwood,GUIL,2025-08-24T03:22:57Z,2025-08-24T01:28:00Z,ARR,bad,114.0
69,True,True,MONTRÉAL,TORONTO,2025-08-23,7,Toronto,TRTO,2025-08-24T03:43:46Z,2025-08-24T01:48:00Z,ARR,bad,115.0
68,True,True,TORONTO,MONTRÉAL,2025-08-23,0,Toronto,TRTO,2025-08-23T21:08:00Z,2025-08-23T21:08:00Z,ARR,goo,0.0
68,True,True,TORONTO,MONTRÉAL,2025-08-23,1,Oshawa,OSHA,2025-08-23T21:50:24Z,2025-08-23T21:39:00Z,ARR,med,11.0
68,True,True,TORONTO,MONTRÉAL,2025-08-23,2,Cobourg,CBRG,2025-08-23T22:23:38Z,2025-08-23T22:14:00Z,ARR,med,9.0
68,True,True,TORONTO,MONTRÉAL,2025-08-23,3,Belleville,BLVL,2025-08-23T22:59:04Z,2025-08-23T22:49:00Z,ARR,med,10.0
68,True,True,TORONTO,MONTRÉAL,2025-08-23,4,Kingston,KGON,2025-08-23T23:36:47Z,2025-08-23T23:26:00Z,ARR,med,10.0
68,True,True,TORONTO,MONTRÉAL,2025-08-23,5,Brockville,BRKV,2025-08-24T00:23:17Z,2025-08-24T00:11:00Z,ARR,med,12.0
68,True,True,TORONTO,MONTRÉAL,2025-08-23,6,Cornwall,CWLL,2025-08-24T01:09:30Z,2025-08-24T00:57:00Z,ARR,med,12.0
68,True,True,TORONTO,MONTRÉAL,2025-08-23,7,Dorval,DORV,2025-08-24T01:56:47Z,2025-08-24T01:47:00Z,ARR,med,9.0
68,True,True,TORONTO,MONTRÉAL,2025-08-23,8,Montréal,MTRL,2025-08-24T02:25:06Z,2025-08-24T02:14:00Z,ARR,med,11.0
54,True,True,TORONTO,OTTAWA,2025-08-23,0,Toronto,TRTO,2025-08-23T21:38:00Z,2025-08-23T21:38:00Z,ARR,goo,0.0
54,True,True,TORONTO,OTTAWA,2025-08-23,1,Guildwood,GUIL,2025-08-23T22:01:35Z,2025-08-23T21:55:00Z,ARR,med,6.0
54,True,True,TORONTO,OTTAWA,2025-08-23,2,Oshawa,OSHA,2025-08-23T22:31:32Z,2025-08-23T22:08:00Z,ARR,bad,23.0
54,True,True,TORONTO,OTTAWA,2025-08-23,3,Port Hope,PHOP,2025-08-23T23:07:45Z,2025-08-23T22:37:00Z,ARR,bad,30.0
54,True,True,TORONTO,OTTAWA,2025-08-23,4,Cobourg,CBRG,2025-08-23T23:18:13Z,2025-08-23T22:46:00Z,ARR,bad,32.0
54,True,True,TORONTO,OTTAWA,2025-08-23,5,Trenton Jct.,TRNJ,2025-08-23T23:55:50Z,2025-08-23T23:13:01Z,ARR,bad,42.0
54,True,True,TORONTO,OTTAWA,2025-08-23,6,Belleville,BLVL,2025-08-24T00:12:06Z,2025-08-23T23:27:00Z,ARR,bad,45.0
54,True,True,TORONTO,OTTAWA,2025-08-23,7,Napanee,NAPN,2025-08-24T00:39:47Z,2025-08-23T23:48:00Z,ARR,bad,51.0
54,True,True,TORONTO,OTTAWA,2025-08-23,8,Kingston,KGON,2025-08-24T01:05:03Z,2025-08-24T00:09:00Z,ARR,bad,56.0
54,True,True,TORONTO,OTTAWA,2025-08-23,9,Brockville,BRKV,2025-08-24T02:02:10Z,2025-08-24T00:54:00Z,ARR,bad,68.0
54,True,True,TORONTO,OTTAWA,2025-08-23,10,Smiths Falls,SMTF,2025-08-24T02:33:47Z,2025-08-24T01:25:00Z,ARR,bad,68.0
54,True,True,TORONTO,OTTAWA,2025-08-23,11,Fallowfield,FALL,2025-08-24T03:00:27Z,2025-08-24T01:52:00Z,ARR,bad,68.0
54,True,True,TORONTO,OTTAWA,2025-08-23,12,Ottawa,OTTW,2025-08-24T03:20:08Z,2025-08-24T02:13:00Z,ARR,bad,67.0
75,True,True,TORONTO,WINDSOR,2025-08-23,0,Toronto,TRTO,2025-08-23T21:53:32Z,2025-08-23T21:22:00Z,ARR,bad,31.0
75,True,True,TORONTO,WINDSOR,2025-08-23,1,Oakville,OAKV,2025-08-23T22:25:00Z,2025-08-23T21:45:00Z,ARR,bad,40.0
75,True,True,TORONTO,WINDSOR,2025-08-23,2,Aldershot,ALDR,2025-08-23T22:40:59Z,2025-08-23T22:01:00Z,ARR,bad,39.0
75,True,True,TORONTO,WINDSOR,2025-08-23,3,Brantford,BRTF,2025-08-23T23:13:54Z,2025-08-23T22:33:00Z,ARR,bad,40.0
75,True,True,TORONTO,WINDSOR,2025-08-23,4,Woodstock,WDST,2025-08-23T23:44:45Z,2025-08-23T23:04:00Z,ARR,bad,40.0
75,True,True,TORONTO,WINDSOR,2025-08-23,5,Ingersoll,INGR,2025-08-23T23:57:34Z,2025-08-23T23:19:00Z,ARR,bad,38.0
75,True,True,TORONTO,WINDSOR,2025-08-23,6,London,LNDN,2025-08-24T00:20:43Z,2025-08-23T23:47:00Z,ARR,bad,33.0
75,True,True,TORONTO,WINDSOR,2025-08-23,7,Glencoe,GLNC,2025-08-24T00:56:23Z,2025-08-24T00:21:00Z,ARR,bad,35.0
75,True,True,TORONTO,WINDSOR,2025-08-23,8,Chatham,CHAT,2025-08-24T01:40:53Z,2025-08-24T00:55:00Z,ARR,bad,45.0
75,True,True,TORONTO,WINDSOR,2025-08-23,9,Windsor,WDON,2025-08-24T02:25:24Z,2025-08-24T01:50:00Z,ARR,bad,35.0
98,True,True,NIAGARA FALLS,TORONTO,2025-08-23,0,Niagara Falls,NIAG,2025-08-23T23:14:00Z,2025-08-23T21:45:00Z,ARR,bad,89.0
98,True,True,NIAGARA FALLS,TORONTO,2025-08-23,1,St. Catharines,SCAT,2025-08-23T23:35:00Z,2025-08-23T22:06:00Z,ARR,bad,89.0
98,True,True,NIAGARA FALLS,TORONTO,2025-08-23,2,Grimsby,GRIM,2025-08-23T23:55:00Z,2025-08-23T22:26:00Z,ARR,bad,89.0
98,True,True,NIAGARA FALLS,TORONTO,2025-08-23,3,Aldershot,ALDR,2025-08-24T00:31:00Z,2025-08-23T23:02:00Z,ARR,bad,89.0
98,True,True,NIAGARA FALLS,TORONTO,2025-08-23,4,Oakville,OAKV,2025-08-24T00:45:00Z,2025-08-23T23:16:00Z,ARR,bad,89.0
98,True,True,NIAGARA FALLS,TORONTO,2025-08-23,5,Toronto,TRTO,2025-08-24T01:12:00Z,2025-08-23T23:43:00Z,ARR,bad,89.0
87,True,True,TORONTO,SARNIA,2025-08-23,0,Toronto,TRTO,2025-08-23T21:43:48Z,2025-08-23T21:40:00Z,ARR,goo,3.0
87,True,True,TORONTO,SARNIA,2025-08-23,1,Malton,MALT,2025-08-23T22:02:44Z,2025-08-23T22:00:00Z,ARR,goo,2.0
87,True,True,TORONTO,SARNIA,2025-08-23,2,Brampton,BRMP,2025-08-23T22:16:15Z,2025-08-23T22:12:00Z,ARR,goo,4.0
87,True,True,TORONTO,SARNIA,2025-08-23,3,Georgetown,GEOR,2025-08-23T22:31:29Z,2025-08-23T22:24:00Z,ARR,med,7.0
87,True,True,TORONTO,SARNIA,2025-08-23,4,Guelph,GUEL,2025-08-23T22:53:11Z,2025-08-23T22:49:00Z,ARR,goo,4.0
87,True,True,TORONTO,SARNIA,2025-08-23,5,Kitchener,KITC,2025-08-23T23:17:20Z,2025-08-23T23:16:00Z,ARR,goo,1.0
87,True,True,TORONTO,SARNIA,2025-08-23,6,Stratford,STRF,2025-08-24T00:36:38Z,2025-08-23T23:57:00Z,ARR,bad,39.0
87,True,True,TORONTO,SARNIA,2025-08-23,7,St.Marys,SMYS,2025-08-24T01:09:23Z,2025-08-24T00:25:00Z,ARR,bad,44.0
87,True,True,TORONTO,SARNIA,2025-08-23,8,London,LNDN,2025-08-24T02:02:18Z,2025-08-24T01:13:00Z,ARR,bad,49.0
87,True,True,TORONTO,SARNIA,2025-08-23,9,Strathroy,STRR,2025-08-24T02:27:53Z,2025-08-24T01:39:00Z,ARR,bad,48.0
87,True,True,TORONTO,SARNIA,2025-08-23,10,Wyoming,WYOM,2025-08-24T02:55:21Z,2025-08-24T02:07:00Z,ARR,bad,48.0
87,True,True,TORONTO,SARNIA,2025-08-23,11,Sarnia,SARN,2025-08-24T03:13:14Z,2025-08-24T02:24:00Z,ARR,bad,49.0
29,True,True,QUÉBEC,MONTRÉAL,2025-08-23,0,Québec,QBEC,2025-08-23T21:41:00Z,2025-08-23T21:41:00Z,ARR,goo,0.0
29,True,True,QUÉBEC,MONTRÉAL,2025-08-23,1,Ste-Foy,SFOY,2025-08-23T22:05:01Z,2025-08-23T22:06:00Z,ARR,goo,0.0
29,True,True,QUÉBEC,MONTRÉAL,2025-08-23,2,Drummondville,DRMV,2025-08-23T23:25:16Z,2025-08-23T23:42:00Z,ARR,goo,-16.0
29,True,True,QUÉBEC,MONTRÉAL,2025-08-23,3,St. Hyacinthe,SHYA,2025-08-24T00:04:31Z,2025-08-24T00:18:00Z,ARR,goo,-13.0
29,True,True,QUÉBEC,MONTRÉAL,2025-08-23,4,St. Lambert,SLAM,2025-08-24T00:44:55Z,2025-08-24T00:45:00Z,ARR,goo,0.0
29,True,True,QUÉBEC,MONTRÉAL,2025-08-23,5,Montréal,MTRL,2025-08-24T00:58:40Z,2025-08-24T01:00:00Z,ARR,goo,-1.0
59,True,True,OTTAWA,TORONTO,2025-08-23,0,Ottawa,OTTW,2025-08-23T22:03:00Z,2025-08-23T22:03:00Z,ARR,goo,0.0
59,True,True,OTTAWA,TORONTO,2025-08-23,1,Fallowfield,FALL,2025-08-23T22:21:23Z,2025-08-23T22:20:00Z,ARR,goo,1.0
59,True,True,OTTAWA,TORONTO,2025-08-23,2,Smiths Falls,SMTF,2025-08-23T22:51:03Z,2025-08-23T22:51:00Z,ARR,goo,0.0
59,True,True,OTTAWA,TORONTO,2025-08-23,3,Brockville,BRKV,2025-08-23T23:26:15Z,2025-08-23T23:25:00Z,ARR,goo,1.0
59,True,True,OTTAWA,TORONTO,2025-08-23,4,Kingston,KGON,2025-08-24T00:23:39Z,2025-08-24T00:10:00Z,ARR,med,13.0
59,True,True,OTTAWA,TORONTO,2025-08-23,5,Belleville,BLVL,2025-08-24T01:16:48Z,2025-08-24T00:51:00Z,ARR,bad,25.0
59,True,True,OTTAWA,TORONTO,2025-08-23,6,Trenton Jct.,TRNJ,2025-08-24T01:30:36Z,2025-08-24T01:05:00Z,ARR,bad,25.0
59,True,True,OTTAWA,TORONTO,2025-08-23,7,Cobourg,CBRG,2025-08-24T02:02:21Z,2025-08-24T01:31:00Z,ARR,bad,31.0
59,True,True,OTTAWA,TORONTO,2025-08-23,8,Oshawa,OSHA,2025-08-24T02:43:53Z,2025-08-24T02:05:00Z,ARR,bad,38.0
59,True,True,OTTAWA,TORONTO,2025-08-23,9,Guildwood,GUIL,2025-08-24T03:15:14Z,2025-08-24T02:28:00Z,ARR,bad,47.0
59,True,True,OTTAWA,TORONTO,2025-08-23,10,Toronto,TRTO,2025-08-24T03:35:18Z,2025-08-24T02:48:00Z,ARR,bad,47.0
78,True,True,WINDSOR,TORONTO,2025-08-23,0,Windsor,WDON,2025-08-23T21:40:00Z,2025-08-23T21:40:00Z,ARR,goo,0.0
78,True,True,WINDSOR,TORONTO,2025-08-23,1,Chatham,CHAT,2025-08-23T22:22:18Z,2025-08-23T22:24:00Z,ARR,goo,-1.0
78,True,True,WINDSOR,TORONTO,2025-08-23,2,Glencoe,GLNC,2025-08-23T23:08:38Z,2025-08-23T22:59:00Z,ARR,med,9.0
78,True,True,WINDSOR,TORONTO,2025-08-23,3,London,LNDN,2025-08-23T23:37:01Z,2025-08-23T23:32:00Z,ARR,med,5.0
78,True,True,WINDSOR,TORONTO,2025-08-23,4,Ingersoll,INGR,2025-08-24T00:10:24Z,2025-08-23T23:57:00Z,ARR,med,13.0
78,True,True,WINDSOR,TORONTO,2025-08-23,5,Woodstock,WDST,2025-08-24T00:21:44Z,2025-08-24T00:08:00Z,ARR,med,13.0
78,True,True,WINDSOR,TORONTO,2025-08-23,6,Brantford,BRTF,2025-08-24T00:51:50Z,2025-08-24T00:39:00Z,ARR,med,12.0
78,True,True,WINDSOR,TORONTO,2025-08-23,7,Aldershot,ALDR,2025-08-24T01:22:57Z,2025-08-24T01:09:00Z,ARR,med,13.0
78,True,True,WINDSOR,TORONTO,2025-08-23,8,Oakville,OAKV,2025-08-24T01:39:46Z,2025-08-24T01:24:00Z,ARR,bad,15.0
78,True,True,WINDSOR,TORONTO,2025-08-23,9,Toronto,TRTO,2025-08-24T02:07:04Z,2025-08-24T01:50:00Z,ARR,bad,17.0
38,True,True,OTTAWA,MONTRÉAL,2025-08-23,0,Ottawa,OTTW,2025-08-23T22:00:00Z,2025-08-23T21:55:00Z,ARR,med,5.0
38,True,True,OTTAWA,MONTRÉAL,2025-08-23,1,Casselman,CSLM,2025-08-23T22:25:00Z,2025-08-23T22:26:00Z,ARR,goo,-1.0
38,True,True,OTTAWA,MONTRÉAL,2025-08-23,2,Alexandria,ALEX,2025-08-23T22:49:22Z,2025-08-23T22:49:00Z,ARR,goo,0.0
38,True,True,OTTAWA,MONTRÉAL,2025-08-23,3,Dorval,DORV,2025-08-23T23:48:36Z,2025-08-23T23:33:00Z,ARR,bad,15.0
38,True,True,OTTAWA,MONTRÉAL,2025-08-23,4,Montréal,MTRL,2025-08-24T00:16:43Z,2025-08-23T23:57:00Z,ARR,bad,19.0
79,True,False,TORONTO,WINDSOR,2025-08-23,0,Toronto,TRTO,2025-08-24T00:22:00Z,2025-08-23T23:45:00Z,ARR,bad,37.0
79,True,False,TORONTO,WINDSOR,2025-08-23,1,Oakville,OAKV,2025-08-24T00:46:12Z,2025-08-24T00:07:00Z,ARR,bad,39.0
79,True,False,TORONTO,WINDSOR,2025-08-23,2,Aldershot,ALDR,2025-08-24T01:02:08Z,2025-08-24T00:22:00Z,ARR,bad,40.0
79,True,False,TORONTO,WINDSOR,2025-08-23,3,Brantford,BRTF,2025-08-24T01:33:50Z,2025-08-24T00:50:00Z,ARR,bad,43.0
79,True,False,TORONTO,WINDSOR,2025-08-23,4,Woodstock,WDST,2025-08-24T02:08:15Z,2025-08-24T01:17:00Z,ARR,bad,51.0
79,True,False,TORONTO,WINDSOR,2025-08-23,5,Ingersoll,INGR,2025-08-24T02:19:12Z,2025-08-24T01:30:00Z,ARR,bad,49.0
79,True,False,TORONTO,WINDSOR,2025-08-23,6,London,LNDN,2025-08-24T02:46:45Z,2025-08-24T01:52:00Z,ARR,bad,54.0
79,True,False,TORONTO,WINDSOR,2025-08-23,7,Glencoe,GLNC,2025-08-24T03:26:31Z,2025-08-24T02:25:00Z,ARR,bad,61.0
79,True,False,TORONTO,WINDSOR,2025-08-23,8,Chatham,CHAT,2025-08-24T04:03:45Z,2025-08-24T02:57:00Z,6 mins,bad,66.0
79,True,False,TORONTO,WINDSOR,2025-08-23,9,Windsor,WDON,2025-08-24T04:50:45Z,2025-08-24T03:44:00Z,53 mins,bad,66.0
