train_id,departed,arrived,from,to,instance,stop_id,station,code,estimated,scheduled,eta,diff,diffMin
1 (06-18),True,False,TORONTO,VANCOUVER,2025-06-18,0,Toronto,TRTO,2025-06-18T13:55:00Z,2025-06-18T13:55:00Z,ARR,goo,0.0
1 (06-18),True,False,TORONTO,VANCOUVER,2025-06-18,1,Washago,WSHG,2025-06-18T16:51:38Z,2025-06-18T16:25:00Z,ARR,bad,26.0
1 (06-18),True,False,TORONTO,VANCOUVER,2025-06-18,2,South Parry,SPAR,2025-06-18T18:56:30Z,2025-06-18T18:27:00Z,ARR,bad,29.0
1 (06-18),True,False,TORONTO,VANCOUVER,2025-06-18,3,Sudbury (Jct.),SUDJ,2025-06-18T21:24:23Z,2025-06-18T20:57:00Z,ARR,bad,27.0
1 (06-18),True,False,TORONTO,VANCOUVER,2025-06-18,4,Capreol,CAPR,2025-06-18T22:04:21Z,2025-06-18T21:22:00Z,ARR,bad,42.0
1 (06-18),True,False,TORONTO,VANCOUVER,2025-06-18,5,Laforest,LAFO,2025-06-18T23:28:08Z,2025-06-18T22:48:00Z,ARR,bad,40.0
1 (06-18),True,False,TORONTO,VANCOUVER,2025-06-18,6,McKee's Camp,MCKC,2025-06-18T23:41:08Z,2025-06-18T23:01:00Z,ARR,bad,40.0
1 (06-18),True,False,TORONTO,VANCOUVER,2025-06-18,7,Felix,FELX,2025-06-19T00:01:08Z,2025-06-18T23:21:00Z,ARR,bad,40.0
1 (06-18),True,False,TORONTO,VANCOUVER,2025-06-18,8,Ruel,RUEL,2025-06-19T00:08:08Z,2025-06-18T23:28:00Z,ARR,bad,40.0
1 (06-18),True,False,TORONTO,VANCOUVER,2025-06-18,9,Westree,WSTR,2025-06-19T00:43:42Z,2025-06-18T23:45:00Z,ARR,bad,58.0
1 (06-18),True,False,TORONTO,VANCOUVER,2025-06-18,10,Gogama,GOGA,2025-06-19T01:11:06Z,2025-06-19T00:18:00Z,ARR,bad,53.0
1 (06-18),True,False,TORONTO,VANCOUVER,2025-06-18,11,Foleyet,FOLE,2025-06-19T03:18:16Z,2025-06-19T02:44:00Z,ARR,bad,34.0
1 (06-18),True,False,TORONTO,VANCOUVER,2025-06-18,12,Elsas,ELSA,2025-06-19T04:21:19Z,2025-06-19T03:38:00Z,ARR,bad,43.0
1 (06-18),True,False,TORONTO,VANCOUVER,2025-06-18,13,Oba,OBAX,2025-06-19T06:21:19Z,2025-06-19T05:38:00Z,ARR,bad,43.0
1 (06-18),True,False,TORONTO,VANCOUVER,2025-06-18,14,Hornepayne,HNPN,2025-06-19T06:39:34Z,2025-06-19T06:29:00Z,ARR,med,10.0
1 (06-18),True,False,TORONTO,VANCOUVER,2025-06-18,15,Hillsport,HLSP,2025-06-19T09:10:22Z,2025-06-19T08:05:00Z,ARR,bad,65.0
1 (06-18),True,False,TORONTO,VANCOUVER,2025-06-18,16,Caramat,CARA,2025-06-19T09:46:44Z,2025-06-19T08:55:00Z,ARR,bad,51.0
1 (06-18),True,False,TORONTO,VANCOUVER,2025-06-18,17,Longlac,LLAC,2025-06-19T10:09:17Z,2025-06-19T09:34:00Z,ARR,bad,35.0
1 (06-18),True,False,TORONTO,VANCOUVER,2025-06-18,18,Nakina,NAKI,2025-06-19T11:00:46Z,2025-06-19T10:13:00Z,ARR,bad,47.0
1 (06-18),True,False,TORONTO,VANCOUVER,2025-06-18,19,Auden,AUDN,2025-06-19T12:14:11Z,2025-06-19T11:19:00Z,ARR,bad,55.0
1 (06-18),True,False,TORONTO,VANCOUVER,2025-06-18,20,Ferland,FERL,2025-06-19T12:51:11Z,2025-06-19T11:56:00Z,ARR,bad,55.0
1 (06-18),True,False,TORONTO,VANCOUVER,2025-06-18,21,Mud River,MUDR,2025-06-19T13:00:11Z,2025-06-19T12:05:00Z,ARR,bad,55.0
1 (06-18),True,False,TORONTO,VANCOUVER,2025-06-18,22,Armstrong,ARMG,2025-06-19T13:46:58Z,2025-06-19T13:17:00Z,ARR,bad,29.0
1 (06-18),True,False,TORONTO,VANCOUVER,2025-06-18,23,Collins,COLL,2025-06-19T14:26:57Z,2025-06-19T13:47:00Z,ARR,bad,39.0
1 (06-18),True,False,TORONTO,VANCOUVER,2025-06-18,24,Allanwater Bridge,ALWB,2025-06-19T15:05:57Z,2025-06-19T14:26:00Z,ARR,bad,39.0
1 (06-18),True,False,TORONTO,VANCOUVER,2025-06-18,25,Flindt Landing,FLTL,2025-06-19T15:21:57Z,2025-06-19T14:42:00Z,ARR,bad,39.0
1 (06-18),True,False,TORONTO,VANCOUVER,2025-06-18,26,Savant Lake,SAVL,2025-06-19T15:38:57Z,2025-06-19T14:59:00Z,ARR,bad,39.0
1 (06-18),True,False,TORONTO,VANCOUVER,2025-06-18,27,Sioux Lookout,SLKT,2025-06-19T17:31:17Z,2025-06-19T16:25:00Z,ARR,bad,66.0
1 (06-18),True,False,TORONTO,VANCOUVER,2025-06-18,28,Richan,RCHN,2025-06-19T19:32:41Z,2025-06-19T18:05:00Z,ARR,bad,87.0
1 (06-18),True,False,TORONTO,VANCOUVER,2025-06-18,29,Red Lake Road,RLRX,2025-06-19T20:29:21Z,2025-06-19T18:41:00Z,ARR,bad,108.0
1 (06-18),True,False,TORONTO,VANCOUVER,2025-06-18,30,Canyon,CNYK,2025-06-19T20:54:51Z,2025-06-19T19:10:00Z,ARR,bad,104.0
1 (06-18),True,False,TORONTO,VANCOUVER,2025-06-18,31,Farlane,FARL,2025-06-19T22:05:50Z,2025-06-19T19:47:00Z,ARR,bad,138.0
1 (06-18),True,False,TORONTO,VANCOUVER,2025-06-18,32,Redditt,RDDT,2025-06-19T22:20:01Z,2025-06-19T20:23:00Z,ARR,bad,117.0
1 (06-18),True,False,TORONTO,VANCOUVER,2025-06-18,33,Minaki,MNKI,2025-06-19T22:41:32Z,2025-06-19T20:44:00Z,ARR,bad,117.0
1 (06-18),True,False,TORONTO,VANCOUVER,2025-06-18,34,Ottermere,OTTM,2025-06-19T22:56:33Z,2025-06-19T21:01:00Z,ARR,bad,115.0
1 (06-18),True,False,TORONTO,VANCOUVER,2025-06-18,35,Malachi,MLCH,2025-06-19T23:04:34Z,2025-06-19T21:07:00Z,ARR,bad,117.0
1 (06-18),True,False,TORONTO,VANCOUVER,2025-06-18,36,Copelands Landing,COPE,2025-06-19T23:06:34Z,2025-06-19T21:09:00Z,ARR,bad,117.0
1 (06-18),True,False,TORONTO,VANCOUVER,2025-06-18,37,Rice Lake,RCLK,2025-06-19T23:33:44Z,2025-06-19T21:12:00Z,ARR,bad,141.0
1 (06-18),True,False,TORONTO,VANCOUVER,2025-06-18,38,Winnitoba,WNTB,2025-06-19T23:47:44Z,2025-06-19T21:26:00Z,ARR,bad,141.0
1 (06-18),True,False,TORONTO,VANCOUVER,2025-06-18,39,Ophir,OPHR,2025-06-19T23:45:08Z,2025-06-19T21:31:00Z,ARR,bad,134.0
1 (06-18),True,False,TORONTO,VANCOUVER,2025-06-18,40,Brereton Lake,BRTL,2025-06-20T00:18:20Z,2025-06-19T21:49:00Z,ARR,bad,149.0
1 (06-18),True,False,TORONTO,VANCOUVER,2025-06-18,41,Elma,ELMA,2025-06-20T00:33:17Z,2025-06-19T22:10:00Z,ARR,bad,143.0
1 (06-18),True,False,TORONTO,VANCOUVER,2025-06-18,42,Winnipeg,WNPG,2025-06-20T03:03:28Z,2025-06-20T00:30:00Z,ARR,bad,153.0
1 (06-18),True,False,TORONTO,VANCOUVER,2025-06-18,43,Portage La Prairie,PLPX,2025-06-20T07:20:44Z,2025-06-20T04:04:00Z,ARR,bad,196.0
1 (06-18),True,False,TORONTO,VANCOUVER,2025-06-18,44,Rivers,RVRS,2025-06-20T09:54:25Z,2025-06-20T06:31:00Z,ARR,bad,203.0
1 (06-18),True,False,TORONTO,VANCOUVER,2025-06-18,45,Melville,MELV,2025-06-20T14:49:54Z,2025-06-20T10:54:00Z,ARR,bad,235.0
1 (06-18),True,False,TORONTO,VANCOUVER,2025-06-18,46,Watrous,WATR,2025-06-20T18:07:50Z,2025-06-20T13:54:00Z,ARR,bad,253.0
1 (06-18),True,False,TORONTO,VANCOUVER,2025-06-18,47,Saskatoon,SASK,2025-06-20T19:21:44Z,2025-06-20T15:50:00Z,ARR,bad,211.0
1 (06-18),True,False,TORONTO,VANCOUVER,2025-06-18,48,Biggar,BIGG,2025-06-20T21:57:20Z,2025-06-20T18:29:00Z,ARR,bad,208.0
1 (06-18),True,False,TORONTO,VANCOUVER,2025-06-18,49,Unity,UNIT,2025-06-20T23:06:21Z,2025-06-20T19:44:00Z,ARR,bad,202.0
1 (06-18),True,False,TORONTO,VANCOUVER,2025-06-18,50,Wainwright,WAIN,2025-06-21T00:32:46Z,2025-06-20T22:33:00Z,ARR,bad,119.0
1 (06-18),True,False,TORONTO,VANCOUVER,2025-06-18,51,Viking,VKNG,2025-06-21T01:23:42Z,2025-06-20T23:26:00Z,ARR,bad,117.0
1 (06-18),True,False,TORONTO,VANCOUVER,2025-06-18,52,Edmonton,EDMO,2025-06-21T03:47:03Z,2025-06-21T02:50:00Z,ARR,bad,57.0
1 (06-18),True,False,TORONTO,VANCOUVER,2025-06-18,53,Evansburg,EVAN,2025-06-21T08:22:58Z,2025-06-21T07:29:00Z,ARR,bad,53.0
1 (06-18),True,False,TORONTO,VANCOUVER,2025-06-18,54,Edson,EDSN,2025-06-21T09:41:22Z,2025-06-21T08:52:00Z,ARR,bad,49.0
1 (06-18),True,False,TORONTO,VANCOUVER,2025-06-18,55,Hinton,HINT,2025-06-21T11:21:33Z,2025-06-21T09:58:00Z,ARR,bad,83.0
1 (06-18),True,False,TORONTO,VANCOUVER,2025-06-18,56,Jasper,JASP,2025-06-21T13:29:04Z,2025-06-21T12:30:00Z,ARR,bad,59.0
1 (06-18),True,False,TORONTO,VANCOUVER,2025-06-18,57,Valemount,VLMT,2025-06-21T17:51:04Z,2025-06-21T17:50:00Z,ARR,goo,1.0
1 (06-18),True,False,TORONTO,VANCOUVER,2025-06-18,58,Blue River,BLUE,2025-06-21T20:18:39Z,2025-06-21T20:36:00Z,ARR,goo,-17.0
1 (06-18),True,False,TORONTO,VANCOUVER,2025-06-18,59,Clearwater,CLWT,2025-06-21T22:42:42Z,2025-06-21T22:45:00Z,ARR,goo,-2.0
1 (06-18),True,False,TORONTO,VANCOUVER,2025-06-18,60,Kamloops North,KAMN,2025-06-22T00:47:29Z,2025-06-22T01:28:00Z,ARR,goo,-40.0
1 (06-18),True,False,TORONTO,VANCOUVER,2025-06-18,61,Ashcroft,ASHN,2025-06-22T03:19:50Z,2025-06-22T03:49:00Z,ARR,goo,-29.0
1 (06-18),True,False,TORONTO,VANCOUVER,2025-06-18,62,Boston Bar,BBAR,2025-06-22T06:04:06Z,2025-06-22T06:36:00Z,2h40,goo,-31.0
1 (06-18),True,False,TORONTO,VANCOUVER,2025-06-18,63,Hope,HOPE,2025-06-22T08:06:00Z,2025-06-22T08:06:00Z,4h42,goo,0.0
1 (06-18),True,False,TORONTO,VANCOUVER,2025-06-18,64,Chilliwack,CHIL,&mdash;,2025-06-22T08:30:00Z,&mdash;,,
1 (06-18),True,False,TORONTO,VANCOUVER,2025-06-18,65,Abbotsford,ABBO,&mdash;,2025-06-22T09:00:00Z,&mdash;,,
1 (06-18),True,False,TORONTO,VANCOUVER,2025-06-18,66,Vancouver,VCVR,&mdash;,2025-06-22T15:00:00Z,&mdash;,,
692 (06-19),True,True,CHURCHILL,WINNIPEG,2025-06-19,0,Churchill,CHUR,2025-06-20T01:31:54Z,2025-06-20T01:30:00Z,ARR,goo,1.0
692 (06-19),True,True,CHURCHILL,WINNIPEG,2025-06-19,1,Tidal,TIDL,2025-06-20T01:57:42Z,2025-06-20T01:52:00Z,ARR,med,5.0
692 (06-19),True,True,CHURCHILL,WINNIPEG,2025-06-19,2,Chesnaye,CHES,2025-06-20T02:52:51Z,2025-06-20T02:38:00Z,ARR,med,14.0
692 (06-19),True,True,CHURCHILL,WINNIPEG,2025-06-19,3,M'Clintock,MCLI,2025-06-20T04:08:51Z,2025-06-20T03:54:00Z,ARR,med,14.0
692 (06-19),True,True,CHURCHILL,WINNIPEG,2025-06-19,4,O'Day,ODAY,2025-06-20T04:53:51Z,2025-06-20T04:39:00Z,ARR,med,14.0
692 (06-19),True,True,CHURCHILL,WINNIPEG,2025-06-19,5,Herchmer,HERC,2025-06-20T05:32:51Z,2025-06-20T05:18:00Z,ARR,med,14.0
692 (06-19),True,True,CHURCHILL,WINNIPEG,2025-06-19,6,Thibaudeau,THIB,2025-06-20T06:58:51Z,2025-06-20T06:44:00Z,ARR,med,14.0
692 (06-19),True,True,CHURCHILL,WINNIPEG,2025-06-19,7,Weir River,WEIR,2025-06-20T07:35:22Z,2025-06-20T07:46:00Z,ARR,goo,-10.0
692 (06-19),True,True,CHURCHILL,WINNIPEG,2025-06-19,8,Amery,AMRY,2025-06-20T08:12:08Z,2025-06-20T08:37:00Z,ARR,goo,-24.0
692 (06-19),True,True,CHURCHILL,WINNIPEG,2025-06-19,9,Bird,BIRD,2025-06-20T08:42:29Z,2025-06-20T09:00:00Z,ARR,goo,-17.0
692 (06-19),True,True,CHURCHILL,WINNIPEG,2025-06-19,10,Gillam,GILL,2025-06-20T09:29:59Z,2025-06-20T10:00:00Z,ARR,goo,-30.0
692 (06-19),True,True,CHURCHILL,WINNIPEG,2025-06-19,11,Wivenhoe,WVHO,2025-06-20T11:16:14Z,2025-06-20T11:16:00Z,ARR,goo,0.0
692 (06-19),True,True,CHURCHILL,WINNIPEG,2025-06-19,12,Ilford,ILFO,2025-06-20T12:05:22Z,2025-06-20T11:53:00Z,ARR,med,12.0
692 (06-19),True,True,CHURCHILL,WINNIPEG,2025-06-19,13,Pit Siding,PITS,2025-06-20T13:06:22Z,2025-06-20T12:54:00Z,ARR,med,12.0
692 (06-19),True,True,CHURCHILL,WINNIPEG,2025-06-19,14,Bridgar,BRGR,2025-06-20T14:28:22Z,2025-06-20T14:16:00Z,ARR,med,12.0
692 (06-19),True,True,CHURCHILL,WINNIPEG,2025-06-19,15,Pikwitonei,PIKW,2025-06-20T14:39:22Z,2025-06-20T14:27:00Z,ARR,med,12.0
692 (06-19),True,True,CHURCHILL,WINNIPEG,2025-06-19,16,Sipiwesk,SIPI,2025-06-20T15:06:22Z,2025-06-20T14:54:00Z,ARR,med,12.0
692 (06-19),True,True,CHURCHILL,WINNIPEG,2025-06-19,17,Thompson,THOM,2025-06-20T18:39:28Z,2025-06-20T16:30:00Z,ARR,bad,129.0
692 (06-19),True,True,CHURCHILL,WINNIPEG,2025-06-19,18,Leven,LEVN,2025-06-20T21:17:27Z,2025-06-20T21:05:00Z,ARR,med,12.0
692 (06-19),True,True,CHURCHILL,WINNIPEG,2025-06-19,19,Thicket Portage,THKP,2025-06-20T21:45:46Z,2025-06-20T21:22:00Z,ARR,bad,23.0
692 (06-19),True,True,CHURCHILL,WINNIPEG,2025-06-19,20,Hockin,HOCK,2025-06-20T21:43:52Z,2025-06-20T21:37:00Z,ARR,med,6.0
692 (06-19),True,True,CHURCHILL,WINNIPEG,2025-06-19,21,Odhill,ODHI,2025-06-20T22:20:57Z,2025-06-20T22:21:00Z,ARR,goo,0.0
692 (06-19),True,True,CHURCHILL,WINNIPEG,2025-06-19,22,Lyddal,LYDD,2025-06-20T22:39:29Z,2025-06-20T22:43:00Z,ARR,goo,-3.0
692 (06-19),True,True,CHURCHILL,WINNIPEG,2025-06-19,23,Wabowden,WBDN,2025-06-20T23:03:47Z,2025-06-20T23:11:00Z,ARR,goo,-7.0
692 (06-19),True,True,CHURCHILL,WINNIPEG,2025-06-19,24,Pipun,PIPN,2025-06-20T23:25:58Z,2025-06-20T23:34:00Z,ARR,goo,-8.0
692 (06-19),True,True,CHURCHILL,WINNIPEG,2025-06-19,25,Ponton,PNTN,2025-06-21T00:12:45Z,2025-06-21T00:17:00Z,ARR,goo,-4.0
692 (06-19),True,True,CHURCHILL,WINNIPEG,2025-06-19,26,Turnbull,TURN,2025-06-21T00:40:21Z,2025-06-21T00:49:00Z,ARR,goo,-8.0
692 (06-19),True,True,CHURCHILL,WINNIPEG,2025-06-19,27,Wekusko,WEKU,2025-06-21T01:07:44Z,2025-06-21T01:16:00Z,ARR,goo,-8.0
692 (06-19),True,True,CHURCHILL,WINNIPEG,2025-06-19,28,Dyce,DYCE,2025-06-21T01:49:20Z,2025-06-21T02:00:00Z,ARR,goo,-10.0
692 (06-19),True,True,CHURCHILL,WINNIPEG,2025-06-19,29,Dering,DERI,2025-06-21T02:39:00Z,2025-06-21T02:39:00Z,ARR,goo,0.0
692 (06-19),True,True,CHURCHILL,WINNIPEG,2025-06-19,30,Cormorant,CORM,2025-06-21T02:47:00Z,2025-06-21T02:47:00Z,ARR,goo,0.0
692 (06-19),True,True,CHURCHILL,WINNIPEG,2025-06-19,31,Halcrow,HALC,2025-06-21T02:41:58Z,2025-06-21T02:58:00Z,ARR,goo,-16.0
692 (06-19),True,True,CHURCHILL,WINNIPEG,2025-06-19,32,Orok,OROK,2025-06-21T03:28:20Z,2025-06-21T03:52:00Z,ARR,goo,-23.0
692 (06-19),True,True,CHURCHILL,WINNIPEG,2025-06-19,33,The Pas,TPAS,2025-06-21T03:59:39Z,2025-06-21T04:30:00Z,ARR,goo,-30.0
692 (06-19),True,True,CHURCHILL,WINNIPEG,2025-06-19,34,Hudson Bay,HBAY,2025-06-21T10:45:45Z,2025-06-21T10:27:00Z,ARR,bad,18.0
692 (06-19),True,True,CHURCHILL,WINNIPEG,2025-06-19,35,Reserve,RSRV,2025-06-21T11:37:19Z,2025-06-21T11:09:00Z,ARR,bad,28.0
692 (06-19),True,True,CHURCHILL,WINNIPEG,2025-06-19,36,Endeavour,ENDV,2025-06-21T12:43:16Z,2025-06-21T11:55:00Z,ARR,bad,48.0
692 (06-19),True,True,CHURCHILL,WINNIPEG,2025-06-19,37,Sturgis,STGS,2025-06-21T13:18:32Z,2025-06-21T12:24:00Z,ARR,bad,54.0
692 (06-19),True,True,CHURCHILL,WINNIPEG,2025-06-19,38,Canora,CANO,2025-06-21T14:07:39Z,2025-06-21T13:08:00Z,ARR,bad,59.0
692 (06-19),True,True,CHURCHILL,WINNIPEG,2025-06-19,39,Mikado,MIKA,2025-06-21T14:23:24Z,2025-06-21T13:30:00Z,ARR,bad,53.0
692 (06-19),True,True,CHURCHILL,WINNIPEG,2025-06-19,40,Veregin,VERE,2025-06-21T14:35:05Z,2025-06-21T13:43:00Z,ARR,bad,52.0
692 (06-19),True,True,CHURCHILL,WINNIPEG,2025-06-19,41,Kamsack,KAMS,2025-06-21T14:46:24Z,2025-06-21T13:58:00Z,ARR,bad,48.0
692 (06-19),True,True,CHURCHILL,WINNIPEG,2025-06-19,42,Togo,TOGO,2025-06-21T15:18:58Z,2025-06-21T14:37:00Z,ARR,bad,41.0
692 (06-19),True,True,CHURCHILL,WINNIPEG,2025-06-19,43,Roblin,RBLN,2025-06-21T15:43:46Z,2025-06-21T15:14:00Z,ARR,bad,29.0
692 (06-19),True,True,CHURCHILL,WINNIPEG,2025-06-19,44,Grandview,GVIE,2025-06-21T16:48:22Z,2025-06-21T16:12:00Z,ARR,bad,36.0
692 (06-19),True,True,CHURCHILL,WINNIPEG,2025-06-19,45,Gilbert Plains,GLBP,2025-06-21T17:06:34Z,2025-06-21T16:32:00Z,ARR,bad,34.0
692 (06-19),True,True,CHURCHILL,WINNIPEG,2025-06-19,46,Dauphin,DAUP,2025-06-21T17:40:56Z,2025-06-21T16:56:00Z,ARR,bad,44.0
692 (06-19),True,True,CHURCHILL,WINNIPEG,2025-06-19,47,Ochre River,OCHR,2025-06-21T18:08:28Z,2025-06-21T17:20:00Z,ARR,bad,48.0
692 (06-19),True,True,CHURCHILL,WINNIPEG,2025-06-19,48,Laurier,LRIE,2025-06-21T18:26:18Z,2025-06-21T17:38:00Z,ARR,bad,48.0
692 (06-19),True,True,CHURCHILL,WINNIPEG,2025-06-19,49,Mccreary,MCCR,2025-06-21T18:42:41Z,2025-06-21T17:54:00Z,ARR,bad,48.0
692 (06-19),True,True,CHURCHILL,WINNIPEG,2025-06-19,50,Glenella,GLNA,2025-06-21T19:28:11Z,2025-06-21T18:34:00Z,ARR,bad,54.0
692 (06-19),True,True,CHURCHILL,WINNIPEG,2025-06-19,51,Plumas,PLUM,2025-06-21T19:56:50Z,2025-06-21T19:06:00Z,ARR,bad,50.0
692 (06-19),True,True,CHURCHILL,WINNIPEG,2025-06-19,52,Gladstone,GSTO,2025-06-21T20:25:03Z,2025-06-21T19:51:00Z,ARR,bad,34.0
692 (06-19),True,True,CHURCHILL,WINNIPEG,2025-06-19,53,Portage La Prairie,PLPX,2025-06-21T21:08:45Z,2025-06-21T20:37:00Z,ARR,bad,31.0
692 (06-19),True,True,CHURCHILL,WINNIPEG,2025-06-19,54,Winnipeg,WNPG,2025-06-21T22:21:39Z,2025-06-21T21:45:00Z,ARR,bad,36.0
2 (06-20),True,False,VANCOUVER,TORONTO,2025-06-20,0,Vancouver,VCVR,2025-06-20T22:02:51Z,2025-06-20T22:00:00Z,ARR,goo,2.0
2 (06-20),True,False,VANCOUVER,TORONTO,2025-06-20,1,Mission Harbour,MSNH,2025-06-21T00:38:55Z,2025-06-20T23:35:00Z,ARR,bad,63.0
2 (06-20),True,False,VANCOUVER,TORONTO,2025-06-20,2,Agassiz,AGAS,2025-06-21T01:24:37Z,2025-06-21T00:03:00Z,ARR,bad,81.0
2 (06-20),True,False,VANCOUVER,TORONTO,2025-06-20,3,Katz,KATZ,2025-06-21T01:45:57Z,2025-06-21T00:17:00Z,ARR,bad,88.0
2 (06-20),True,False,VANCOUVER,TORONTO,2025-06-20,4,North Bend,NBND,2025-06-21T03:37:55Z,2025-06-21T02:46:00Z,ARR,bad,51.0
2 (06-20),True,False,VANCOUVER,TORONTO,2025-06-20,5,Ashcroft,ASHN,2025-06-21T06:40:22Z,2025-06-21T05:32:00Z,ARR,bad,68.0
2 (06-20),True,False,VANCOUVER,TORONTO,2025-06-20,6,Kamloops North,KAMN,2025-06-21T09:54:56Z,2025-06-21T07:17:00Z,ARR,bad,157.0
2 (06-20),True,False,VANCOUVER,TORONTO,2025-06-20,7,Clearwater,CLWT,2025-06-21T12:58:46Z,2025-06-21T09:58:00Z,ARR,bad,180.0
2 (06-20),True,False,VANCOUVER,TORONTO,2025-06-20,8,Blue River,BLUE,2025-06-21T15:13:03Z,2025-06-21T12:11:00Z,ARR,bad,182.0
2 (06-20),True,False,VANCOUVER,TORONTO,2025-06-20,9,Valemount,VLMT,2025-06-21T17:12:18Z,2025-06-21T14:01:00Z,ARR,bad,191.0
2 (06-20),True,False,VANCOUVER,TORONTO,2025-06-20,10,Jasper,JASP,2025-06-21T19:13:52Z,2025-06-21T17:00:00Z,ARR,bad,133.0
2 (06-20),True,False,VANCOUVER,TORONTO,2025-06-20,11,Hinton,HINT,2025-06-21T22:32:13Z,2025-06-21T19:45:00Z,ARR,bad,167.0
2 (06-20),True,False,VANCOUVER,TORONTO,2025-06-20,12,Edson,EDSN,2025-06-22T02:19:42Z,2025-06-21T21:19:00Z,ARR,bad,300.0
2 (06-20),True,False,VANCOUVER,TORONTO,2025-06-20,13,Evansburg,EVAN,2025-06-22T03:44:43Z,2025-06-21T22:28:00Z,21 mins,bad,316.0
2 (06-20),True,False,VANCOUVER,TORONTO,2025-06-20,14,Edmonton,EDMO,2025-06-22T06:06:43Z,2025-06-22T00:50:00Z,2h43,bad,316.0
2 (06-20),True,False,VANCOUVER,TORONTO,2025-06-20,15,Viking,VKNG,&mdash;,2025-06-22T03:53:00Z,&mdash;,,
2 (06-20),True,False,VANCOUVER,TORONTO,2025-06-20,16,Wainwright,WAIN,&mdash;,2025-06-22T06:14:00Z,&mdash;,,
2 (06-20),True,False,VANCOUVER,TORONTO,2025-06-20,17,Unity,UNIT,&mdash;,2025-06-22T07:47:00Z,&mdash;,,
2 (06-20),True,False,VANCOUVER,TORONTO,2025-06-20,18,Biggar,BIGG,&mdash;,2025-06-22T09:21:00Z,&mdash;,,
2 (06-20),True,False,VANCOUVER,TORONTO,2025-06-20,19,Saskatoon,SASK,&mdash;,2025-06-22T11:57:00Z,&mdash;,,
2 (06-20),True,False,VANCOUVER,TORONTO,2025-06-20,20,Watrous,WATR,&mdash;,2025-06-22T14:26:00Z,&mdash;,,
692 (06-21),True,False,CHURCHILL,WINNIPEG,2025-06-21,0,Churchill,CHUR,2025-06-22T01:31:44Z,2025-06-22T01:30:00Z,ARR,goo,1.0
692 (06-21),True,False,CHURCHILL,WINNIPEG,2025-06-21,1,Tidal,TIDL,2025-06-22T01:58:48Z,2025-06-22T01:52:00Z,ARR,med,6.0
692 (06-21),True,False,CHURCHILL,WINNIPEG,2025-06-21,2,Chesnaye,CHES,2025-06-22T02:53:16Z,2025-06-22T02:38:00Z,ARR,bad,15.0
692 (06-21),True,False,CHURCHILL,WINNIPEG,2025-06-21,3,M'Clintock,MCLI,2025-06-22T04:09:16Z,2025-06-22T03:54:00Z,45 mins,bad,15.0
692 (06-21),True,False,CHURCHILL,WINNIPEG,2025-06-21,4,O'Day,ODAY,2025-06-22T04:54:16Z,2025-06-22T04:39:00Z,1h30,bad,15.0
692 (06-21),True,False,CHURCHILL,WINNIPEG,2025-06-21,5,Herchmer,HERC,2025-06-22T05:33:16Z,2025-06-22T05:18:00Z,2h09,bad,15.0
692 (06-21),True,False,CHURCHILL,WINNIPEG,2025-06-21,6,Thibaudeau,THIB,2025-06-22T06:59:16Z,2025-06-22T06:44:00Z,3h35,bad,15.0
692 (06-21),True,False,CHURCHILL,WINNIPEG,2025-06-21,7,Weir River,WEIR,2025-06-22T08:01:16Z,2025-06-22T07:46:00Z,4h37,bad,15.0
692 (06-21),True,False,CHURCHILL,WINNIPEG,2025-06-21,8,Amery,AMRY,2025-06-22T08:52:16Z,2025-06-22T08:37:00Z,5h28,bad,15.0
692 (06-21),True,False,CHURCHILL,WINNIPEG,2025-06-21,9,Bird,BIRD,2025-06-22T09:15:16Z,2025-06-22T09:00:00Z,5h51,bad,15.0
692 (06-21),True,False,CHURCHILL,WINNIPEG,2025-06-21,10,Gillam,GILL,2025-06-22T10:15:16Z,2025-06-22T10:00:00Z,6h51,bad,15.0
692 (06-21),True,False,CHURCHILL,WINNIPEG,2025-06-21,11,Wivenhoe,WVHO,2025-06-22T11:31:16Z,2025-06-22T11:16:00Z,8h07,bad,15.0
692 (06-21),True,False,CHURCHILL,WINNIPEG,2025-06-21,12,Ilford,ILFO,2025-06-22T12:08:16Z,2025-06-22T11:53:00Z,8h44,bad,15.0
692 (06-21),True,False,CHURCHILL,WINNIPEG,2025-06-21,13,Pit Siding,PITS,2025-06-22T13:09:16Z,2025-06-22T12:54:00Z,9h45,bad,15.0
692 (06-21),True,False,CHURCHILL,WINNIPEG,2025-06-21,14,Bridgar,BRGR,2025-06-22T14:31:16Z,2025-06-22T14:16:00Z,11h07,bad,15.0
692 (06-21),True,False,CHURCHILL,WINNIPEG,2025-06-21,15,Pikwitonei,PIKW,2025-06-22T14:42:16Z,2025-06-22T14:27:00Z,11h18,bad,15.0
692 (06-21),True,False,CHURCHILL,WINNIPEG,2025-06-21,16,Sipiwesk,SIPI,2025-06-22T15:09:16Z,2025-06-22T14:54:00Z,11h45,bad,15.0
692 (06-21),True,False,CHURCHILL,WINNIPEG,2025-06-21,17,Thompson,THOM,2025-06-22T16:45:16Z,2025-06-22T16:30:00Z,13h21,bad,15.0
15,True,True,HALIFAX,MONTRÉAL,2025-06-20,0,Halifax,HLFX,2025-06-20T14:30:15Z,2025-06-20T14:30:00Z,ARR,goo,0.0
15,True,True,HALIFAX,MONTRÉAL,2025-06-20,1,Truro,TRUR,2025-06-20T15:55:58Z,2025-06-20T15:56:00Z,ARR,goo,0.0
15,True,True,HALIFAX,MONTRÉAL,2025-06-20,2,Springhill Jct,SPRJ,2025-06-20T17:24:24Z,2025-06-20T17:12:00Z,ARR,med,12.0
15,True,True,HALIFAX,MONTRÉAL,2025-06-20,3,Amherst,AMHS,2025-06-20T17:45:20Z,2025-06-20T17:35:00Z,ARR,med,10.0
15,True,True,HALIFAX,MONTRÉAL,2025-06-20,4,Sackville,SACK,2025-06-20T18:01:29Z,2025-06-20T17:52:00Z,ARR,med,9.0
15,True,True,HALIFAX,MONTRÉAL,2025-06-20,5,Moncton,MCTN,2025-06-20T18:47:40Z,2025-06-20T18:47:00Z,ARR,goo,0.0
15,True,True,HALIFAX,MONTRÉAL,2025-06-20,6,Rogersville,RGRV,2025-06-20T20:22:43Z,2025-06-20T20:01:00Z,ARR,bad,21.0
15,True,True,HALIFAX,MONTRÉAL,2025-06-20,7,Miramichi,MIRA,2025-06-20T21:10:28Z,2025-06-20T20:52:00Z,ARR,bad,18.0
15,True,True,HALIFAX,MONTRÉAL,2025-06-20,8,Bathurst,BTRS,2025-06-20T22:45:24Z,2025-06-20T22:48:00Z,ARR,goo,-2.0
15,True,True,HALIFAX,MONTRÉAL,2025-06-20,9,Petit Rocher,PROC,2025-06-20T23:10:57Z,2025-06-20T23:17:00Z,ARR,goo,-6.0
15,True,True,HALIFAX,MONTRÉAL,2025-06-20,10,Jacquet River,JACR,2025-06-20T23:45:20Z,2025-06-20T23:40:01Z,ARR,med,5.0
15,True,True,HALIFAX,MONTRÉAL,2025-06-20,11,Charlo,CHLO,2025-06-21T00:22:49Z,2025-06-21T00:04:00Z,ARR,bad,18.0
15,True,True,HALIFAX,MONTRÉAL,2025-06-20,12,Campbellton,CBTN,2025-06-21T01:43:40Z,2025-06-21T01:08:00Z,ARR,bad,35.0
15,True,True,HALIFAX,MONTRÉAL,2025-06-20,13,Matapedia,MTPD,2025-06-21T02:28:23Z,2025-06-21T01:50:00Z,ARR,bad,38.0
15,True,True,HALIFAX,MONTRÉAL,2025-06-20,14,Causapscal,CAUS,2025-06-21T03:30:56Z,2025-06-21T02:39:00Z,ARR,bad,51.0
15,True,True,HALIFAX,MONTRÉAL,2025-06-20,15,Amqui,AMQU,2025-06-21T03:53:23Z,2025-06-21T02:59:00Z,ARR,bad,54.0
15,True,True,HALIFAX,MONTRÉAL,2025-06-20,16,Sayabec,SAYA,2025-06-21T04:24:28Z,2025-06-21T03:21:00Z,ARR,bad,63.0
15,True,True,HALIFAX,MONTRÉAL,2025-06-20,17,Mont-Joli,MJLI,2025-06-21T05:30:32Z,2025-06-21T04:51:00Z,ARR,bad,39.0
15,True,True,HALIFAX,MONTRÉAL,2025-06-20,18,Rimouski,RMSK,2025-06-21T05:57:52Z,2025-06-21T05:24:00Z,ARR,bad,33.0
15,True,True,HALIFAX,MONTRÉAL,2025-06-20,19,Trois Pistoles,TPIS,2025-06-21T07:15:00Z,2025-06-21T06:31:00Z,ARR,bad,44.0
15,True,True,HALIFAX,MONTRÉAL,2025-06-20,20,Rivière-Du-Loup,RDLX,2025-06-21T08:03:30Z,2025-06-21T07:18:00Z,ARR,bad,45.0
15,True,True,HALIFAX,MONTRÉAL,2025-06-20,21,La Pocatière,LPOC,2025-06-21T08:50:05Z,2025-06-21T08:05:00Z,ARR,bad,45.0
15,True,True,HALIFAX,MONTRÉAL,2025-06-20,22,Montmagny,MMGY,2025-06-21T09:17:20Z,2025-06-21T08:39:00Z,ARR,bad,38.0
15,True,True,HALIFAX,MONTRÉAL,2025-06-20,23,Ste-Foy,SFOY,2025-06-21T10:27:08Z,2025-06-21T10:13:00Z,ARR,med,14.0
15,True,True,HALIFAX,MONTRÉAL,2025-06-20,24,Drummondville,DRMV,2025-06-21T12:41:53Z,2025-06-21T12:20:00Z,ARR,bad,21.0
15,True,True,HALIFAX,MONTRÉAL,2025-06-20,25,St. Hyacinthe,SHYA,2025-06-21T13:35:21Z,2025-06-21T13:00:00Z,ARR,bad,35.0
15,True,True,HALIFAX,MONTRÉAL,2025-06-20,26,St. Lambert,SLAM,2025-06-21T14:12:18Z,2025-06-21T13:34:00Z,ARR,bad,38.0
15,True,True,HALIFAX,MONTRÉAL,2025-06-20,27,Montréal,MTRL,2025-06-21T14:35:48Z,2025-06-21T13:53:00Z,ARR,bad,42.0
6,True,True,PRINCE RUPERT,JASPER,2025-06-20,0,Prince Rupert,PRUP,2025-06-20T15:00:00Z,2025-06-20T15:00:00Z,ARR,goo,0.0
6,True,True,PRINCE RUPERT,JASPER,2025-06-20,1,Cassiar Cannery,CASS,2025-06-20T15:30:17Z,2025-06-20T15:20:00Z,ARR,med,10.0
6,True,True,PRINCE RUPERT,JASPER,2025-06-20,2,Kwinitsa,KWIN,2025-06-20T16:53:17Z,2025-06-20T16:17:00Z,ARR,bad,36.0
6,True,True,PRINCE RUPERT,JASPER,2025-06-20,3,Terrace,TRRC,2025-06-20T17:50:24Z,2025-06-20T17:20:00Z,ARR,bad,30.0
6,True,True,PRINCE RUPERT,JASPER,2025-06-20,4,Usk,USKX,2025-06-20T18:11:29Z,2025-06-20T17:48:00Z,ARR,bad,23.0
6,True,True,PRINCE RUPERT,JASPER,2025-06-20,5,Pacific,PACI,2025-06-20T18:29:47Z,2025-06-20T18:07:00Z,ARR,bad,22.0
6,True,True,PRINCE RUPERT,JASPER,2025-06-20,6,Dorreen,DORR,2025-06-20T18:45:18Z,2025-06-20T18:19:00Z,ARR,bad,26.0
6,True,True,PRINCE RUPERT,JASPER,2025-06-20,7,Cedarvale,CEDA,2025-06-20T19:12:49Z,2025-06-20T18:44:00Z,ARR,bad,28.0
6,True,True,PRINCE RUPERT,JASPER,2025-06-20,8,Kitwanga,KITW,2025-06-20T19:30:08Z,2025-06-20T18:48:01Z,ARR,bad,42.0
6,True,True,PRINCE RUPERT,JASPER,2025-06-20,9,New Hazelton,NHAZ,2025-06-20T20:16:41Z,2025-06-20T19:30:00Z,ARR,bad,46.0
6,True,True,PRINCE RUPERT,JASPER,2025-06-20,10,Smithers,SMTR,2025-06-20T21:49:00Z,2025-06-20T21:14:00Z,ARR,bad,35.0
6,True,True,PRINCE RUPERT,JASPER,2025-06-20,11,Telkwa,TELK,2025-06-20T22:13:12Z,2025-06-20T21:37:00Z,ARR,bad,36.0
6,True,True,PRINCE RUPERT,JASPER,2025-06-20,12,Houston,HOUS,2025-06-20T23:48:17Z,2025-06-20T22:22:00Z,ARR,bad,86.0
6,True,True,PRINCE RUPERT,JASPER,2025-06-20,13,Burns Lake,BRNL,2025-06-21T00:56:13Z,2025-06-20T23:32:00Z,ARR,bad,84.0
6,True,True,PRINCE RUPERT,JASPER,2025-06-20,14,Endako,ENDA,2025-06-21T01:50:56Z,2025-06-21T00:25:00Z,ARR,bad,85.0
6,True,True,PRINCE RUPERT,JASPER,2025-06-20,15,Fort Fraser,FFRA,2025-06-21T02:19:38Z,2025-06-21T00:57:00Z,ARR,bad,82.0
6,True,True,PRINCE RUPERT,JASPER,2025-06-20,16,Vanderhoof,VDRH,2025-06-21T02:51:01Z,2025-06-21T01:35:00Z,ARR,bad,76.0
6,True,True,PRINCE RUPERT,JASPER,2025-06-20,17,Prince George,PGEO,2025-06-21T04:29:01Z,2025-06-21T03:29:00Z,ARR,bad,60.0
6,True,True,PRINCE RUPERT,JASPER,2025-06-20,18,Willow River,WILR,2025-06-21T15:48:00Z,2025-06-21T15:48:00Z,ARR,goo,0.0
6,True,True,PRINCE RUPERT,JASPER,2025-06-20,19,Aleza Lake,ALZL,2025-06-21T16:15:07Z,2025-06-21T16:17:00Z,ARR,goo,-1.0
6,True,True,PRINCE RUPERT,JASPER,2025-06-20,20,Upper Fraser,UFRZ,2025-06-21T16:25:00Z,2025-06-21T16:25:00Z,ARR,goo,0.0
6,True,True,PRINCE RUPERT,JASPER,2025-06-20,21,Mcgregor,MCGR,2025-06-21T16:33:00Z,2025-06-21T16:33:00Z,ARR,goo,0.0
6,True,True,PRINCE RUPERT,JASPER,2025-06-20,22,Sinclair Mills,SINM,2025-06-21T16:36:58Z,2025-06-21T16:44:00Z,ARR,goo,-7.0
6,True,True,PRINCE RUPERT,JASPER,2025-06-20,23,Hutton,HUTT,2025-06-21T16:42:46Z,2025-06-21T16:48:00Z,ARR,goo,-5.0
6,True,True,PRINCE RUPERT,JASPER,2025-06-20,24,Longworth,LWTH,2025-06-21T16:59:00Z,2025-06-21T16:59:00Z,ARR,goo,0.0
6,True,True,PRINCE RUPERT,JASPER,2025-06-20,25,Penny,PENN,2025-06-21T17:06:58Z,2025-06-21T17:13:00Z,ARR,goo,-6.0
6,True,True,PRINCE RUPERT,JASPER,2025-06-20,26,Bend,BEND,2025-06-21T17:23:11Z,2025-06-21T17:32:00Z,ARR,goo,-8.0
6,True,True,PRINCE RUPERT,JASPER,2025-06-20,27,Dome Creek,DOMC,2025-06-21T17:25:01Z,2025-06-21T17:33:07Z,ARR,goo,-8.0
6,True,True,PRINCE RUPERT,JASPER,2025-06-20,28,Loos,LOOS,2025-06-21T18:25:39Z,2025-06-21T18:07:00Z,ARR,bad,18.0
6,True,True,PRINCE RUPERT,JASPER,2025-06-20,29,Goat River,GOAT,2025-06-21T18:40:15Z,2025-06-21T18:22:00Z,ARR,bad,18.0
6,True,True,PRINCE RUPERT,JASPER,2025-06-20,30,Mcbride,MCBR,2025-06-21T20:40:53Z,2025-06-21T19:18:00Z,ARR,bad,82.0
6,True,True,PRINCE RUPERT,JASPER,2025-06-20,31,Dunster,DNST,2025-06-21T21:13:14Z,2025-06-21T19:35:00Z,ARR,bad,98.0
6,True,True,PRINCE RUPERT,JASPER,2025-06-20,32,Harvey,HRVY,2025-06-21T21:45:38Z,2025-06-21T20:24:00Z,ARR,bad,81.0
6,True,True,PRINCE RUPERT,JASPER,2025-06-20,33,Jasper,JASP,2025-06-21T23:46:58Z,2025-06-21T23:00:00Z,ARR,bad,46.0
691,True,True,THE PAS,CHURCHILL,2025-06-20,0,The Pas,TPAS,2025-06-20T07:30:00Z,2025-06-20T07:30:00Z,ARR,goo,0.0
691,True,True,THE PAS,CHURCHILL,2025-06-20,1,Orok,OROK,2025-06-20T08:02:31Z,2025-06-20T08:07:00Z,ARR,goo,-4.0
691,True,True,THE PAS,CHURCHILL,2025-06-20,2,Halcrow,HALC,2025-06-20T08:50:07Z,2025-06-20T09:01:00Z,ARR,goo,-10.0
691,True,True,THE PAS,CHURCHILL,2025-06-20,3,Cormorant,CORM,2025-06-20T08:58:53Z,2025-06-20T09:12:00Z,ARR,goo,-13.0
691,True,True,THE PAS,CHURCHILL,2025-06-20,4,Dering,DERI,2025-06-20T09:20:00Z,2025-06-20T09:20:00Z,ARR,goo,0.0
691,True,True,THE PAS,CHURCHILL,2025-06-20,5,Dyce,DYCE,2025-06-20T09:59:00Z,2025-06-20T09:59:00Z,ARR,goo,0.0
691,True,True,THE PAS,CHURCHILL,2025-06-20,6,Wekusko,WEKU,2025-06-20T10:19:42Z,2025-06-20T10:43:00Z,ARR,goo,-23.0
691,True,True,THE PAS,CHURCHILL,2025-06-20,7,Turnbull,TURN,2025-06-20T10:47:27Z,2025-06-20T11:10:00Z,ARR,goo,-22.0
691,True,True,THE PAS,CHURCHILL,2025-06-20,8,Ponton,PNTN,2025-06-20T11:15:05Z,2025-06-20T11:42:00Z,ARR,goo,-26.0
691,True,True,THE PAS,CHURCHILL,2025-06-20,9,Pipun,PIPN,2025-06-20T12:02:51Z,2025-06-20T12:25:00Z,ARR,goo,-22.0
691,True,True,THE PAS,CHURCHILL,2025-06-20,10,Wabowden,WBDN,2025-06-20T12:17:55Z,2025-06-20T12:48:00Z,ARR,goo,-30.0
691,True,True,THE PAS,CHURCHILL,2025-06-20,11,Lyddal,LYDD,2025-06-20T13:06:24Z,2025-06-20T13:16:00Z,ARR,goo,-9.0
691,True,True,THE PAS,CHURCHILL,2025-06-20,12,Odhill,ODHI,2025-06-20T13:26:37Z,2025-06-20T13:38:00Z,ARR,goo,-11.0
691,True,True,THE PAS,CHURCHILL,2025-06-20,13,Hockin,HOCK,2025-06-20T14:04:45Z,2025-06-20T14:22:00Z,ARR,goo,-17.0
691,True,True,THE PAS,CHURCHILL,2025-06-20,14,Thicket Portage,THKP,2025-06-20T14:37:00Z,2025-06-20T14:37:00Z,ARR,goo,0.0
691,True,True,THE PAS,CHURCHILL,2025-06-20,15,Leven,LEVN,2025-06-20T14:52:35Z,2025-06-20T14:54:00Z,ARR,goo,-1.0
691,True,True,THE PAS,CHURCHILL,2025-06-20,16,Thompson,THOM,2025-06-20T18:28:34Z,2025-06-20T17:00:00Z,ARR,bad,88.0
691,True,True,THE PAS,CHURCHILL,2025-06-20,17,Sipiwesk,SIPI,2025-06-20T23:33:04Z,2025-06-20T23:35:00Z,ARR,goo,-1.0
691,True,True,THE PAS,CHURCHILL,2025-06-20,18,Pikwitonei,PIKW,2025-06-21T00:02:00Z,2025-06-21T00:02:00Z,ARR,goo,0.0
691,True,True,THE PAS,CHURCHILL,2025-06-20,19,Bridgar,BRGR,2025-06-21T00:13:00Z,2025-06-21T00:13:00Z,ARR,goo,0.0
691,True,True,THE PAS,CHURCHILL,2025-06-20,20,Pit Siding,PITS,2025-06-21T01:35:00Z,2025-06-21T01:35:00Z,ARR,goo,0.0
691,True,True,THE PAS,CHURCHILL,2025-06-20,21,Ilford,ILFO,2025-06-21T02:43:13Z,2025-06-21T02:36:00Z,ARR,med,7.0
691,True,True,THE PAS,CHURCHILL,2025-06-20,22,Wivenhoe,WVHO,2025-06-21T03:46:41Z,2025-06-21T03:13:00Z,ARR,bad,33.0
691,True,True,THE PAS,CHURCHILL,2025-06-20,23,Gillam,GILL,2025-06-21T04:30:59Z,2025-06-21T04:00:01Z,ARR,bad,30.0
691,True,True,THE PAS,CHURCHILL,2025-06-20,24,Bird,BIRD,2025-06-21T05:36:18Z,2025-06-21T05:29:00Z,ARR,med,7.0
691,True,True,THE PAS,CHURCHILL,2025-06-20,25,Amery,AMRY,2025-06-21T06:13:13Z,2025-06-21T05:51:00Z,ARR,bad,22.0
691,True,True,THE PAS,CHURCHILL,2025-06-20,26,Weir River,WEIR,2025-06-21T07:14:00Z,2025-06-21T06:43:00Z,ARR,bad,31.0
691,True,True,THE PAS,CHURCHILL,2025-06-20,27,Thibaudeau,THIB,2025-06-21T08:00:18Z,2025-06-21T08:00:00Z,ARR,goo,0.0
691,True,True,THE PAS,CHURCHILL,2025-06-20,28,Herchmer,HERC,2025-06-21T09:26:18Z,2025-06-21T09:26:00Z,ARR,goo,0.0
691,True,True,THE PAS,CHURCHILL,2025-06-20,29,O'Day,ODAY,2025-06-21T10:05:18Z,2025-06-21T10:05:00Z,ARR,goo,0.0
691,True,True,THE PAS,CHURCHILL,2025-06-20,30,M'Clintock,MCLI,2025-06-21T10:50:18Z,2025-06-21T10:50:00Z,ARR,goo,0.0
691,True,True,THE PAS,CHURCHILL,2025-06-20,31,Chesnaye,CHES,2025-06-21T12:06:18Z,2025-06-21T12:06:00Z,ARR,goo,0.0
691,True,True,THE PAS,CHURCHILL,2025-06-20,32,Tidal,TIDL,2025-06-21T13:11:10Z,2025-06-21T13:37:00Z,ARR,goo,-25.0
691,True,True,THE PAS,CHURCHILL,2025-06-20,33,Churchill,CHUR,2025-06-21T14:05:24Z,2025-06-21T14:00:00Z,ARR,med,5.0
5,True,False,JASPER,PRINCE RUPERT,2025-06-20,0,Jasper,JASP,2025-06-20T16:58:17Z,2025-06-20T16:45:00Z,ARR,med,13.0
5,True,False,JASPER,PRINCE RUPERT,2025-06-20,1,Harvey,HRVY,2025-06-20T18:41:24Z,2025-06-20T18:38:00Z,ARR,goo,3.0
5,True,False,JASPER,PRINCE RUPERT,2025-06-20,2,Dunster,DNST,2025-06-20T19:15:01Z,2025-06-20T19:12:00Z,ARR,goo,3.0
5,True,False,JASPER,PRINCE RUPERT,2025-06-20,3,Mcbride,MCBR,2025-06-20T19:47:33Z,2025-06-20T19:44:00Z,ARR,goo,3.0
5,True,False,JASPER,PRINCE RUPERT,2025-06-20,4,Goat River,GOAT,2025-06-20T20:38:55Z,2025-06-20T20:41:00Z,ARR,goo,-2.0
5,True,False,JASPER,PRINCE RUPERT,2025-06-20,5,Loos,LOOS,2025-06-20T20:52:31Z,2025-06-20T20:58:00Z,ARR,goo,-5.0
5,True,False,JASPER,PRINCE RUPERT,2025-06-20,6,Dome Creek,DOMC,2025-06-20T21:34:17Z,2025-06-20T21:32:00Z,ARR,goo,2.0
5,True,False,JASPER,PRINCE RUPERT,2025-06-20,7,Bend,BEND,2025-06-20T21:36:29Z,2025-06-20T21:36:00Z,ARR,goo,0.0
5,True,False,JASPER,PRINCE RUPERT,2025-06-20,8,Penny,PENN,2025-06-20T21:54:16Z,2025-06-20T21:56:00Z,ARR,goo,-1.0
5,True,False,JASPER,PRINCE RUPERT,2025-06-20,9,Longworth,LWTH,2025-06-20T22:10:18Z,2025-06-20T22:11:00Z,ARR,goo,0.0
5,True,False,JASPER,PRINCE RUPERT,2025-06-20,10,Hutton,HUTT,2025-06-20T22:24:00Z,2025-06-20T22:24:00Z,ARR,goo,0.0
5,True,False,JASPER,PRINCE RUPERT,2025-06-20,11,Sinclair Mills,SINM,2025-06-20T22:30:00Z,2025-06-20T22:30:00Z,ARR,goo,0.0
5,True,False,JASPER,PRINCE RUPERT,2025-06-20,12,Mcgregor,MCGR,2025-06-20T22:34:53Z,2025-06-20T22:43:00Z,ARR,goo,-8.0
5,True,False,JASPER,PRINCE RUPERT,2025-06-20,13,Upper Fraser,UFRZ,2025-06-20T22:52:00Z,2025-06-20T22:52:00Z,ARR,goo,0.0
5,True,False,JASPER,PRINCE RUPERT,2025-06-20,14,Aleza Lake,ALZL,2025-06-20T23:01:00Z,2025-06-20T23:01:00Z,ARR,goo,0.0
5,True,False,JASPER,PRINCE RUPERT,2025-06-20,15,Willow River,WILR,2025-06-20T23:12:31Z,2025-06-20T23:31:00Z,ARR,goo,-18.0
5,True,False,JASPER,PRINCE RUPERT,2025-06-20,16,Prince George,PGEO,2025-06-21T02:03:47Z,2025-06-21T00:08:00Z,ARR,bad,115.0
5,True,False,JASPER,PRINCE RUPERT,2025-06-20,17,Vanderhoof,VDRH,2025-06-21T16:55:00Z,2025-06-21T16:55:00Z,ARR,goo,0.0
5,True,False,JASPER,PRINCE RUPERT,2025-06-20,18,Fort Fraser,FFRA,2025-06-21T17:36:04Z,2025-06-21T17:32:00Z,ARR,goo,4.0
5,True,False,JASPER,PRINCE RUPERT,2025-06-20,19,Endako,ENDA,2025-06-21T18:27:49Z,2025-06-21T17:50:00Z,ARR,bad,37.0
5,True,False,JASPER,PRINCE RUPERT,2025-06-20,20,Burns Lake,BRNL,2025-06-21T19:41:01Z,2025-06-21T18:58:00Z,ARR,bad,43.0
5,True,False,JASPER,PRINCE RUPERT,2025-06-20,21,Houston,HOUS,2025-06-21T21:02:31Z,2025-06-21T20:08:00Z,ARR,bad,54.0
5,True,False,JASPER,PRINCE RUPERT,2025-06-20,22,Telkwa,TELK,2025-06-21T21:41:32Z,2025-06-21T20:52:00Z,ARR,bad,49.0
5,True,False,JASPER,PRINCE RUPERT,2025-06-20,23,Smithers,SMTR,2025-06-21T21:52:27Z,2025-06-21T21:10:00Z,ARR,bad,42.0
5,True,False,JASPER,PRINCE RUPERT,2025-06-20,24,New Hazelton,NHAZ,2025-06-21T23:28:56Z,2025-06-21T22:37:00Z,ARR,bad,51.0
5,True,False,JASPER,PRINCE RUPERT,2025-06-20,25,Kitwanga,KITW,2025-06-22T00:17:43Z,2025-06-21T23:27:00Z,ARR,bad,50.0
5,True,False,JASPER,PRINCE RUPERT,2025-06-20,26,Cedarvale,CEDA,2025-06-22T00:41:55Z,2025-06-21T23:51:00Z,ARR,bad,50.0
5,True,False,JASPER,PRINCE RUPERT,2025-06-20,27,Dorreen,DORR,2025-06-22T01:01:12Z,2025-06-22T00:12:00Z,ARR,bad,49.0
5,True,False,JASPER,PRINCE RUPERT,2025-06-20,28,Pacific,PACI,2025-06-22T01:12:19Z,2025-06-22T00:21:00Z,ARR,bad,51.0
5,True,False,JASPER,PRINCE RUPERT,2025-06-20,29,Usk,USKX,2025-06-22T01:42:59Z,2025-06-22T00:40:00Z,ARR,bad,62.0
5,True,False,JASPER,PRINCE RUPERT,2025-06-20,30,Terrace,TRRC,2025-06-22T02:00:16Z,2025-06-22T01:00:00Z,ARR,bad,60.0
5,True,False,JASPER,PRINCE RUPERT,2025-06-20,31,Kwinitsa,KWIN,2025-06-22T03:17:04Z,2025-06-22T02:09:00Z,ARR,bad,68.0
5,True,False,JASPER,PRINCE RUPERT,2025-06-20,32,Cassiar Cannery,CASS,2025-06-22T03:51:52Z,2025-06-22T02:45:00Z,28 mins,bad,66.0
5,True,False,JASPER,PRINCE RUPERT,2025-06-20,33,Prince Rupert,PRUP,2025-06-22T04:31:52Z,2025-06-22T03:25:00Z,1h08,bad,66.0
14,True,True,MONTRÉAL,HALIFAX,2025-06-20,0,Montréal,MTRL,2025-06-20T22:30:00Z,2025-06-20T22:30:00Z,ARR,goo,0.0
14,True,True,MONTRÉAL,HALIFAX,2025-06-20,1,St. Lambert,SLAM,2025-06-20T22:55:51Z,2025-06-20T22:45:00Z,ARR,med,10.0
14,True,True,MONTRÉAL,HALIFAX,2025-06-20,2,St. Hyacinthe,SHYA,2025-06-20T23:33:55Z,2025-06-20T23:23:00Z,ARR,med,10.0
14,True,True,MONTRÉAL,HALIFAX,2025-06-20,3,Drummondville,DRMV,2025-06-21T00:29:09Z,2025-06-21T00:04:00Z,ARR,bad,25.0
14,True,True,MONTRÉAL,HALIFAX,2025-06-20,4,Ste-Foy,SFOY,2025-06-21T01:52:33Z,2025-06-21T01:48:00Z,ARR,goo,4.0
14,True,True,MONTRÉAL,HALIFAX,2025-06-20,5,Montmagny,MMGY,2025-06-21T03:46:23Z,2025-06-21T03:17:00Z,ARR,bad,29.0
14,True,True,MONTRÉAL,HALIFAX,2025-06-20,6,La Pocatière,LPOC,2025-06-21T04:13:40Z,2025-06-21T03:50:00Z,ARR,bad,23.0
14,True,True,MONTRÉAL,HALIFAX,2025-06-20,7,Rivière-Du-Loup,RDLX,2025-06-21T04:58:02Z,2025-06-21T04:31:00Z,ARR,bad,27.0
14,True,True,MONTRÉAL,HALIFAX,2025-06-20,8,Trois Pistoles,TPIS,2025-06-21T05:38:09Z,2025-06-21T05:15:00Z,ARR,bad,23.0
14,True,True,MONTRÉAL,HALIFAX,2025-06-20,9,Rimouski,RMSK,2025-06-21T06:49:17Z,2025-06-21T06:24:00Z,ARR,bad,25.0
14,True,True,MONTRÉAL,HALIFAX,2025-06-20,10,Mont-Joli,MJLI,2025-06-21T07:23:06Z,2025-06-21T07:04:00Z,ARR,bad,19.0
14,True,True,MONTRÉAL,HALIFAX,2025-06-20,11,Sayabec,SAYA,2025-06-21T08:28:49Z,2025-06-21T08:09:00Z,ARR,bad,19.0
14,True,True,MONTRÉAL,HALIFAX,2025-06-20,12,Amqui,AMQU,2025-06-21T08:59:44Z,2025-06-21T08:30:00Z,ARR,bad,29.0
14,True,True,MONTRÉAL,HALIFAX,2025-06-20,13,Causapscal,CAUS,2025-06-21T09:27:41Z,2025-06-21T08:52:00Z,ARR,bad,35.0
14,True,True,MONTRÉAL,HALIFAX,2025-06-20,14,Matapedia,MTPD,2025-06-21T10:22:45Z,2025-06-21T09:38:00Z,ARR,bad,44.0
14,True,True,MONTRÉAL,HALIFAX,2025-06-20,15,Campbellton,CBTN,2025-06-21T10:56:28Z,2025-06-21T10:23:00Z,ARR,bad,33.0
14,True,True,MONTRÉAL,HALIFAX,2025-06-20,16,Charlo,CHLO,2025-06-21T12:16:10Z,2025-06-21T11:06:00Z,ARR,bad,70.0
14,True,True,MONTRÉAL,HALIFAX,2025-06-20,17,Jacquet River,JACR,2025-06-21T12:53:34Z,2025-06-21T11:30:00Z,ARR,bad,83.0
14,True,True,MONTRÉAL,HALIFAX,2025-06-20,18,Petit Rocher,PROC,2025-06-21T13:20:44Z,2025-06-21T11:53:00Z,ARR,bad,87.0
14,True,True,MONTRÉAL,HALIFAX,2025-06-20,19,Bathurst,BTRS,2025-06-21T13:41:57Z,2025-06-21T12:42:00Z,ARR,bad,59.0
14,True,True,MONTRÉAL,HALIFAX,2025-06-20,20,Miramichi,MIRA,2025-06-21T15:15:15Z,2025-06-21T14:33:00Z,ARR,bad,42.0
14,True,True,MONTRÉAL,HALIFAX,2025-06-20,21,Rogersville,RGRV,2025-06-21T16:07:34Z,2025-06-21T15:28:00Z,ARR,bad,39.0
14,True,True,MONTRÉAL,HALIFAX,2025-06-20,22,Moncton,MCTN,2025-06-21T17:22:10Z,2025-06-21T16:38:00Z,ARR,bad,44.0
14,True,True,MONTRÉAL,HALIFAX,2025-06-20,23,Sackville,SACK,2025-06-21T18:46:53Z,2025-06-21T17:38:00Z,ARR,bad,68.0
14,True,True,MONTRÉAL,HALIFAX,2025-06-20,24,Amherst,AMHS,2025-06-21T19:01:59Z,2025-06-21T17:54:00Z,ARR,bad,67.0
14,True,True,MONTRÉAL,HALIFAX,2025-06-20,25,Springhill Jct,SPRJ,2025-06-21T19:31:28Z,2025-06-21T18:18:00Z,ARR,bad,73.0
14,True,True,MONTRÉAL,HALIFAX,2025-06-20,26,Truro,TRUR,2025-06-21T20:40:10Z,2025-06-21T19:32:00Z,ARR,bad,68.0
14,True,True,MONTRÉAL,HALIFAX,2025-06-20,27,Halifax,HLFX,2025-06-21T22:15:00Z,2025-06-21T21:06:00Z,ARR,bad,69.0
24,True,True,OTTAWA,QUÉBEC,2025-06-21,0,Ottawa,OTTW,2025-06-21T14:30:00Z,2025-06-21T14:13:00Z,ARR,bad,17.0
24,True,True,OTTAWA,QUÉBEC,2025-06-21,1,Alexandria,ALEX,2025-06-21T15:20:00Z,2025-06-21T15:03:00Z,ARR,bad,17.0
24,True,True,OTTAWA,QUÉBEC,2025-06-21,2,Coteau,COTO,2025-06-21T15:43:00Z,2025-06-21T15:26:00Z,ARR,bad,17.0
24,True,True,OTTAWA,QUÉBEC,2025-06-21,3,Dorval,DORV,2025-06-21T16:07:00Z,2025-06-21T15:50:00Z,ARR,bad,17.0
24,True,True,OTTAWA,QUÉBEC,2025-06-21,4,Montréal,MTRL,2025-06-21T17:29:41Z,2025-06-21T16:15:00Z,ARR,bad,74.0
24,True,True,OTTAWA,QUÉBEC,2025-06-21,5,St. Lambert,SLAM,2025-06-21T18:12:51Z,2025-06-21T16:58:00Z,ARR,bad,74.0
24,True,True,OTTAWA,QUÉBEC,2025-06-21,6,St. Hyacinthe,SHYA,2025-06-21T18:45:44Z,2025-06-21T17:26:00Z,ARR,bad,79.0
24,True,True,OTTAWA,QUÉBEC,2025-06-21,7,Drummondville,DRMV,2025-06-21T19:35:12Z,2025-06-21T17:54:00Z,ARR,bad,101.0
24,True,True,OTTAWA,QUÉBEC,2025-06-21,8,Charny,CHNY,2025-06-21T21:24:56Z,2025-06-21T19:38:00Z,ARR,bad,106.0
24,True,True,OTTAWA,QUÉBEC,2025-06-21,9,Ste-Foy,SFOY,2025-06-21T21:32:59Z,2025-06-21T19:45:00Z,ARR,bad,107.0
24,True,True,OTTAWA,QUÉBEC,2025-06-21,10,Québec,QBEC,2025-06-21T22:03:03Z,2025-06-21T20:12:00Z,ARR,bad,111.0
37,True,True,QUÉBEC,OTTAWA,2025-06-21,0,Québec,QBEC,2025-06-21T16:32:00Z,2025-06-21T16:32:00Z,ARR,goo,0.0
37,True,True,QUÉBEC,OTTAWA,2025-06-21,1,Ste-Foy,SFOY,2025-06-21T16:58:32Z,2025-06-21T16:57:00Z,ARR,goo,1.0
37,True,True,QUÉBEC,OTTAWA,2025-06-21,2,Drummondville,DRMV,2025-06-21T18:45:25Z,2025-06-21T18:44:00Z,ARR,goo,1.0
37,True,True,QUÉBEC,OTTAWA,2025-06-21,3,St. Hyacinthe,SHYA,2025-06-21T19:29:01Z,2025-06-21T19:12:00Z,ARR,bad,17.0
37,True,True,QUÉBEC,OTTAWA,2025-06-21,4,St. Lambert,SLAM,2025-06-21T20:02:20Z,2025-06-21T19:39:00Z,ARR,bad,23.0
37,True,True,QUÉBEC,OTTAWA,2025-06-21,5,Montréal,MTRL,2025-06-21T20:16:56Z,2025-06-21T19:54:00Z,ARR,bad,22.0
37,True,True,QUÉBEC,OTTAWA,2025-06-21,6,Dorval,DORV,2025-06-21T21:00:35Z,2025-06-21T20:54:00Z,ARR,med,6.0
37,True,True,QUÉBEC,OTTAWA,2025-06-21,7,Coteau,COTO,2025-06-21T21:33:04Z,2025-06-21T21:23:00Z,ARR,med,10.0
37,True,True,QUÉBEC,OTTAWA,2025-06-21,8,Alexandria,ALEX,2025-06-21T21:55:49Z,2025-06-21T21:45:00Z,ARR,med,10.0
37,True,True,QUÉBEC,OTTAWA,2025-06-21,9,Ottawa,OTTW,2025-06-21T22:52:12Z,2025-06-21T22:37:00Z,ARR,bad,15.0
41,True,True,OTTAWA,TORONTO,2025-06-21,0,Ottawa,OTTW,2025-06-21T09:21:21Z,2025-06-21T09:21:00Z,ARR,goo,0.0
41,True,True,OTTAWA,TORONTO,2025-06-21,1,Fallowfield,FALL,2025-06-21T09:38:09Z,2025-06-21T09:38:00Z,ARR,goo,0.0
41,True,True,OTTAWA,TORONTO,2025-06-21,2,Smiths Falls,SMTF,2025-06-21T10:11:36Z,2025-06-21T10:08:00Z,ARR,goo,3.0
41,True,True,OTTAWA,TORONTO,2025-06-21,3,Brockville,BRKV,2025-06-21T10:50:29Z,2025-06-21T10:40:00Z,ARR,med,10.0
41,True,True,OTTAWA,TORONTO,2025-06-21,4,Kingston,KGON,2025-06-21T11:44:41Z,2025-06-21T11:25:00Z,ARR,bad,19.0
41,True,True,OTTAWA,TORONTO,2025-06-21,5,Napanee,NAPN,2025-06-21T12:10:16Z,2025-06-21T11:49:00Z,ARR,bad,21.0
41,True,True,OTTAWA,TORONTO,2025-06-21,6,Belleville,BLVL,2025-06-21T12:28:58Z,2025-06-21T12:07:00Z,ARR,bad,21.0
41,True,True,OTTAWA,TORONTO,2025-06-21,7,Trenton Jct.,TRNJ,2025-06-21T12:41:51Z,2025-06-21T12:20:00Z,ARR,bad,21.0
41,True,True,OTTAWA,TORONTO,2025-06-21,8,Cobourg,CBRG,2025-06-21T13:09:58Z,2025-06-21T12:44:00Z,ARR,bad,25.0
41,True,True,OTTAWA,TORONTO,2025-06-21,9,Oshawa,OSHA,2025-06-21T13:45:19Z,2025-06-21T13:19:00Z,ARR,bad,26.0
41,True,True,OTTAWA,TORONTO,2025-06-21,10,Toronto,TRTO,2025-06-21T14:26:51Z,2025-06-21T14:02:00Z,ARR,bad,24.0
50,True,True,TORONTO,OTTAWA,2025-06-21,0,Toronto,TRTO,2025-06-21T10:32:14Z,2025-06-21T10:32:00Z,ARR,goo,0.0
50,True,True,TORONTO,OTTAWA,2025-06-21,1,Guildwood,GUIL,2025-06-21T10:49:40Z,2025-06-21T10:50:00Z,ARR,goo,0.0
50,True,True,TORONTO,OTTAWA,2025-06-21,2,Oshawa,OSHA,2025-06-21T11:18:52Z,2025-06-21T11:08:00Z,ARR,med,10.0
50,True,True,TORONTO,OTTAWA,2025-06-21,3,Cobourg,CBRG,2025-06-21T11:52:44Z,2025-06-21T11:43:00Z,ARR,med,9.0
50,True,True,TORONTO,OTTAWA,2025-06-21,4,Belleville,BLVL,2025-06-21T12:25:21Z,2025-06-21T12:18:00Z,ARR,med,7.0
50,True,True,TORONTO,OTTAWA,2025-06-21,5,Kingston,KGON,2025-06-21T13:03:04Z,2025-06-21T12:57:00Z,ARR,med,6.0
50,True,True,TORONTO,OTTAWA,2025-06-21,6,Brockville,BRKV,2025-06-21T14:16:40Z,2025-06-21T13:54:00Z,ARR,bad,22.0
50,True,True,TORONTO,OTTAWA,2025-06-21,7,Smiths Falls,SMTF,2025-06-21T14:40:17Z,2025-06-21T14:29:00Z,ARR,med,11.0
50,True,True,TORONTO,OTTAWA,2025-06-21,8,Fallowfield,FALL,2025-06-21T15:13:16Z,2025-06-21T15:01:00Z,ARR,med,12.0
50,True,True,TORONTO,OTTAWA,2025-06-21,9,Ottawa,OTTW,2025-06-21T15:32:22Z,2025-06-21T15:21:00Z,ARR,med,11.0
52,True,True,TORONTO,OTTAWA,2025-06-21,0,Toronto,TRTO,2025-06-21T12:36:00Z,2025-06-21T12:32:00Z,ARR,goo,4.0
52,True,True,TORONTO,OTTAWA,2025-06-21,1,Guildwood,GUIL,2025-06-21T12:53:04Z,2025-06-21T12:50:00Z,ARR,goo,3.0
52,True,True,TORONTO,OTTAWA,2025-06-21,2,Oshawa,OSHA,2025-06-21T13:12:10Z,2025-06-21T13:09:00Z,ARR,goo,3.0
52,True,True,TORONTO,OTTAWA,2025-06-21,3,Cobourg,CBRG,2025-06-21T13:46:34Z,2025-06-21T13:44:00Z,ARR,goo,2.0
52,True,True,TORONTO,OTTAWA,2025-06-21,4,Belleville,BLVL,2025-06-21T14:22:20Z,2025-06-21T14:20:00Z,ARR,goo,2.0
52,True,True,TORONTO,OTTAWA,2025-06-21,5,Kingston,KGON,2025-06-21T15:08:48Z,2025-06-21T15:00:00Z,ARR,med,8.0
52,True,True,TORONTO,OTTAWA,2025-06-21,6,Brockville,BRKV,2025-06-21T16:06:48Z,2025-06-21T15:57:00Z,ARR,med,9.0
52,True,True,TORONTO,OTTAWA,2025-06-21,7,Smiths Falls,SMTF,2025-06-21T16:58:18Z,2025-06-21T16:35:00Z,ARR,bad,23.0
52,True,True,TORONTO,OTTAWA,2025-06-21,8,Fallowfield,FALL,2025-06-21T17:20:53Z,2025-06-21T17:11:00Z,ARR,med,9.0
52,True,True,TORONTO,OTTAWA,2025-06-21,9,Ottawa,OTTW,2025-06-21T17:39:44Z,2025-06-21T17:32:00Z,ARR,med,7.0
53,True,True,OTTAWA,TORONTO,2025-06-21,0,Ottawa,OTTW,2025-06-21T15:43:00Z,2025-06-21T15:43:00Z,ARR,goo,0.0
53,True,True,OTTAWA,TORONTO,2025-06-21,1,Fallowfield,FALL,2025-06-21T15:58:39Z,2025-06-21T16:00:00Z,ARR,goo,-1.0
53,True,True,OTTAWA,TORONTO,2025-06-21,2,Brockville,BRKV,2025-06-21T16:56:35Z,2025-06-21T17:01:00Z,ARR,goo,-4.0
53,True,True,OTTAWA,TORONTO,2025-06-21,3,Gananoque,GANA,2025-06-21T17:33:51Z,2025-06-21T17:31:00Z,ARR,goo,2.0
53,True,True,OTTAWA,TORONTO,2025-06-21,4,Kingston,KGON,2025-06-21T17:58:40Z,2025-06-21T17:54:00Z,ARR,goo,4.0
53,True,True,OTTAWA,TORONTO,2025-06-21,5,Belleville,BLVL,2025-06-21T18:45:19Z,2025-06-21T18:36:00Z,ARR,med,9.0
53,True,True,OTTAWA,TORONTO,2025-06-21,6,Cobourg,CBRG,2025-06-21T19:36:45Z,2025-06-21T19:12:00Z,ARR,bad,24.0
53,True,True,OTTAWA,TORONTO,2025-06-21,7,Oshawa,OSHA,2025-06-21T20:24:24Z,2025-06-21T19:48:00Z,ARR,bad,36.0
53,True,True,OTTAWA,TORONTO,2025-06-21,8,Toronto,TRTO,2025-06-21T21:01:54Z,2025-06-21T20:33:00Z,ARR,bad,28.0
60,True,True,TORONTO,MONTRÉAL,2025-06-21,0,Toronto,TRTO,2025-06-21T10:32:15Z,2025-06-21T10:32:00Z,ARR,goo,0.0
60,True,True,TORONTO,MONTRÉAL,2025-06-21,1,Guildwood,GUIL,2025-06-21T10:49:30Z,2025-06-21T10:50:00Z,ARR,goo,0.0
60,True,True,TORONTO,MONTRÉAL,2025-06-21,2,Oshawa,OSHA,2025-06-21T11:19:07Z,2025-06-21T11:08:00Z,ARR,med,11.0
60,True,True,TORONTO,MONTRÉAL,2025-06-21,3,Cobourg,CBRG,2025-06-21T11:52:39Z,2025-06-21T11:43:00Z,ARR,med,9.0
60,True,True,TORONTO,MONTRÉAL,2025-06-21,4,Belleville,BLVL,2025-06-21T12:25:08Z,2025-06-21T12:18:00Z,ARR,med,7.0
60,True,True,TORONTO,MONTRÉAL,2025-06-21,5,Kingston,KGON,2025-06-21T13:03:00Z,2025-06-21T12:57:00Z,ARR,med,6.0
60,True,True,TORONTO,MONTRÉAL,2025-06-21,6,Cornwall,CWLL,2025-06-21T14:49:51Z,2025-06-21T14:38:00Z,ARR,med,11.0
60,True,True,TORONTO,MONTRÉAL,2025-06-21,7,Dorval,DORV,2025-06-21T15:44:45Z,2025-06-21T15:25:00Z,ARR,bad,19.0
60,True,True,TORONTO,MONTRÉAL,2025-06-21,8,Montréal,MTRL,2025-06-21T17:24:03Z,2025-06-21T15:50:00Z,ARR,bad,94.0
61,True,True,MONTRÉAL,TORONTO,2025-06-21,0,Montréal,MTRL,2025-06-21T10:45:00Z,2025-06-21T10:45:00Z,ARR,goo,0.0
61,True,True,MONTRÉAL,TORONTO,2025-06-21,1,Dorval,DORV,2025-06-21T11:08:56Z,2025-06-21T11:08:00Z,ARR,goo,0.0
61,True,True,MONTRÉAL,TORONTO,2025-06-21,2,Cornwall,CWLL,2025-06-21T11:59:36Z,2025-06-21T12:01:00Z,ARR,goo,-1.0
61,True,True,MONTRÉAL,TORONTO,2025-06-21,3,Kingston,KGON,2025-06-21T13:44:04Z,2025-06-21T13:29:00Z,ARR,bad,15.0
61,True,True,MONTRÉAL,TORONTO,2025-06-21,4,Belleville,BLVL,2025-06-21T14:34:07Z,2025-06-21T14:11:00Z,ARR,bad,23.0
61,True,True,MONTRÉAL,TORONTO,2025-06-21,5,Oshawa,OSHA,2025-06-21T15:44:33Z,2025-06-21T15:19:00Z,ARR,bad,25.0
61,True,True,MONTRÉAL,TORONTO,2025-06-21,6,Guildwood,GUIL,2025-06-21T16:17:20Z,2025-06-21T15:43:00Z,ARR,bad,34.0
61,True,True,MONTRÉAL,TORONTO,2025-06-21,7,Toronto,TRTO,2025-06-21T16:44:29Z,2025-06-21T16:03:00Z,ARR,bad,41.0
64,True,True,TORONTO,MONTRÉAL,2025-06-21,0,Toronto,TRTO,2025-06-21T15:39:24Z,2025-06-21T15:38:00Z,ARR,goo,1.0
64,True,True,TORONTO,MONTRÉAL,2025-06-21,1,Guildwood,GUIL,2025-06-21T15:57:28Z,2025-06-21T15:55:00Z,ARR,goo,2.0
64,True,True,TORONTO,MONTRÉAL,2025-06-21,2,Oshawa,OSHA,2025-06-21T16:18:35Z,2025-06-21T16:09:00Z,ARR,med,9.0
64,True,True,TORONTO,MONTRÉAL,2025-06-21,3,Cobourg,CBRG,2025-06-21T16:55:39Z,2025-06-21T16:46:00Z,ARR,med,9.0
64,True,True,TORONTO,MONTRÉAL,2025-06-21,4,Belleville,BLVL,2025-06-21T17:33:37Z,2025-06-21T17:22:00Z,ARR,med,11.0
64,True,True,TORONTO,MONTRÉAL,2025-06-21,5,Kingston,KGON,2025-06-21T18:13:06Z,2025-06-21T18:03:00Z,ARR,med,10.0
64,True,True,TORONTO,MONTRÉAL,2025-06-21,6,Brockville,BRKV,2025-06-21T19:12:53Z,2025-06-21T18:52:00Z,ARR,bad,20.0
64,True,True,TORONTO,MONTRÉAL,2025-06-21,7,Cornwall,CWLL,2025-06-21T20:02:12Z,2025-06-21T19:42:00Z,ARR,bad,20.0
64,True,True,TORONTO,MONTRÉAL,2025-06-21,8,Dorval,DORV,2025-06-21T20:55:46Z,2025-06-21T20:37:00Z,ARR,bad,18.0
64,True,True,TORONTO,MONTRÉAL,2025-06-21,9,Montréal,MTRL,2025-06-21T21:21:12Z,2025-06-21T21:05:00Z,ARR,bad,16.0
65,True,True,MONTRÉAL,TORONTO,2025-06-21,0,Montréal,MTRL,2025-06-21T15:40:00Z,2025-06-21T14:49:00Z,ARR,bad,51.0
65,True,True,MONTRÉAL,TORONTO,2025-06-21,1,Dorval,DORV,2025-06-21T17:28:04Z,2025-06-21T15:12:00Z,ARR,bad,136.0
65,True,True,MONTRÉAL,TORONTO,2025-06-21,2,Cornwall,CWLL,2025-06-21T18:16:26Z,2025-06-21T16:06:00Z,ARR,bad,130.0
65,True,True,MONTRÉAL,TORONTO,2025-06-21,3,Kingston,KGON,2025-06-21T19:47:47Z,2025-06-21T17:36:00Z,ARR,bad,131.0
65,True,True,MONTRÉAL,TORONTO,2025-06-21,4,Belleville,BLVL,2025-06-21T20:29:29Z,2025-06-21T18:20:00Z,ARR,bad,129.0
65,True,True,MONTRÉAL,TORONTO,2025-06-21,5,Cobourg,CBRG,2025-06-21T21:03:59Z,2025-06-21T18:58:00Z,ARR,bad,125.0
65,True,True,MONTRÉAL,TORONTO,2025-06-21,6,Oshawa,OSHA,2025-06-21T21:36:34Z,2025-06-21T19:34:00Z,ARR,bad,122.0
65,True,True,MONTRÉAL,TORONTO,2025-06-21,7,Toronto,TRTO,2025-06-21T22:28:46Z,2025-06-21T20:18:00Z,ARR,bad,130.0
67,True,True,MONTRÉAL,TORONTO,2025-06-21,0,Montréal,MTRL,2025-06-21T18:20:00Z,2025-06-21T17:22:00Z,ARR,bad,58.0
67,True,True,MONTRÉAL,TORONTO,2025-06-21,1,Dorval,DORV,2025-06-21T18:44:14Z,2025-06-21T17:47:00Z,ARR,bad,57.0
67,True,True,MONTRÉAL,TORONTO,2025-06-21,2,Cornwall,CWLL,2025-06-21T19:39:40Z,2025-06-21T18:38:00Z,ARR,bad,61.0
67,True,True,MONTRÉAL,TORONTO,2025-06-21,3,Kingston,KGON,2025-06-21T21:20:20Z,2025-06-21T20:03:00Z,ARR,bad,77.0
67,True,True,MONTRÉAL,TORONTO,2025-06-21,4,Belleville,BLVL,2025-06-21T22:10:15Z,2025-06-21T20:42:00Z,ARR,bad,88.0
67,True,True,MONTRÉAL,TORONTO,2025-06-21,5,Cobourg,CBRG,2025-06-21T22:45:11Z,2025-06-21T21:17:00Z,ARR,bad,88.0
67,True,True,MONTRÉAL,TORONTO,2025-06-21,6,Oshawa,OSHA,2025-06-21T23:18:47Z,2025-06-21T21:50:00Z,ARR,bad,88.0
67,True,True,MONTRÉAL,TORONTO,2025-06-21,7,Toronto,TRTO,2025-06-22T00:02:21Z,2025-06-21T22:45:00Z,ARR,bad,77.0
70,True,True,WINDSOR,TORONTO,2025-06-21,0,Windsor,WDON,2025-06-21T09:35:00Z,2025-06-21T09:35:00Z,ARR,goo,0.0
70,True,True,WINDSOR,TORONTO,2025-06-21,1,Chatham,CHAT,2025-06-21T10:18:03Z,2025-06-21T10:19:00Z,ARR,goo,0.0
70,True,True,WINDSOR,TORONTO,2025-06-21,2,London,LNDN,2025-06-21T11:33:07Z,2025-06-21T11:25:00Z,ARR,med,8.0
70,True,True,WINDSOR,TORONTO,2025-06-21,3,Ingersoll,INGR,2025-06-21T11:58:37Z,2025-06-21T11:55:00Z,ARR,goo,3.0
70,True,True,WINDSOR,TORONTO,2025-06-21,4,Woodstock,WDST,2025-06-21T12:09:33Z,2025-06-21T12:08:00Z,ARR,goo,1.0
70,True,True,WINDSOR,TORONTO,2025-06-21,5,Brantford,BRTF,2025-06-21T12:38:33Z,2025-06-21T12:44:00Z,ARR,goo,-5.0
70,True,True,WINDSOR,TORONTO,2025-06-21,6,Aldershot,ALDR,2025-06-21T13:23:13Z,2025-06-21T13:25:00Z,ARR,goo,-1.0
70,True,True,WINDSOR,TORONTO,2025-06-21,7,Oakville,OAKV,2025-06-21T13:43:57Z,2025-06-21T13:43:00Z,ARR,goo,0.0
70,True,True,WINDSOR,TORONTO,2025-06-21,8,Toronto,TRTO,2025-06-21T14:08:55Z,2025-06-21T14:10:00Z,ARR,goo,-1.0
72,True,True,WINDSOR,TORONTO,2025-06-21,0,Windsor,WDON,2025-06-21T12:44:06Z,2025-06-21T12:43:00Z,ARR,goo,1.0
72,True,True,WINDSOR,TORONTO,2025-06-21,1,Chatham,CHAT,2025-06-21T13:29:59Z,2025-06-21T13:25:00Z,ARR,goo,4.0
72,True,True,WINDSOR,TORONTO,2025-06-21,2,Glencoe,GLNC,2025-06-21T14:13:36Z,2025-06-21T14:05:00Z,ARR,med,8.0
72,True,True,WINDSOR,TORONTO,2025-06-21,3,London,LNDN,2025-06-21T14:46:56Z,2025-06-21T14:39:00Z,ARR,med,7.0
72,True,True,WINDSOR,TORONTO,2025-06-21,4,Ingersoll,INGR,2025-06-21T15:15:34Z,2025-06-21T15:07:00Z,ARR,med,8.0
72,True,True,WINDSOR,TORONTO,2025-06-21,5,Woodstock,WDST,2025-06-21T15:28:17Z,2025-06-21T15:23:00Z,ARR,med,5.0
72,True,True,WINDSOR,TORONTO,2025-06-21,6,Brantford,BRTF,2025-06-21T15:58:40Z,2025-06-21T15:55:00Z,ARR,goo,3.0
72,True,True,WINDSOR,TORONTO,2025-06-21,7,Aldershot,ALDR,2025-06-21T16:33:22Z,2025-06-21T16:29:00Z,ARR,goo,4.0
72,True,True,WINDSOR,TORONTO,2025-06-21,8,Oakville,OAKV,2025-06-21T16:55:13Z,2025-06-21T16:45:00Z,ARR,med,10.0
72,True,True,WINDSOR,TORONTO,2025-06-21,9,Toronto,TRTO,2025-06-21T17:22:59Z,2025-06-21T17:11:00Z,ARR,med,11.0
73,True,True,TORONTO,WINDSOR,2025-06-21,0,Toronto,TRTO,2025-06-21T15:30:21Z,2025-06-21T15:30:00Z,ARR,goo,0.0
73,True,True,TORONTO,WINDSOR,2025-06-21,1,Oakville,OAKV,2025-06-21T15:53:03Z,2025-06-21T15:51:00Z,ARR,goo,2.0
73,True,True,TORONTO,WINDSOR,2025-06-21,2,Aldershot,ALDR,2025-06-21T16:10:08Z,2025-06-21T16:09:00Z,ARR,goo,1.0
73,True,True,TORONTO,WINDSOR,2025-06-21,3,Brantford,BRTF,2025-06-21T16:45:19Z,2025-06-21T16:40:00Z,ARR,med,5.0
73,True,True,TORONTO,WINDSOR,2025-06-21,4,Woodstock,WDST,2025-06-21T17:14:15Z,2025-06-21T17:09:00Z,ARR,med,5.0
73,True,True,TORONTO,WINDSOR,2025-06-21,5,London,LNDN,2025-06-21T17:46:44Z,2025-06-21T17:38:00Z,ARR,med,8.0
73,True,True,TORONTO,WINDSOR,2025-06-21,6,Chatham,CHAT,2025-06-21T19:05:06Z,2025-06-21T18:50:00Z,ARR,bad,15.0
73,True,True,TORONTO,WINDSOR,2025-06-21,7,Windsor,WDON,2025-06-21T19:49:27Z,2025-06-21T19:45:00Z,ARR,goo,4.0
82,True,True,LONDON,TORONTO,2025-06-21,0,London,LNDN,2025-06-21T10:25:00Z,2025-06-21T10:25:00Z,ARR,goo,0.0
82,True,True,LONDON,TORONTO,2025-06-21,1,Woodstock,WDST,2025-06-21T10:53:16Z,2025-06-21T10:53:00Z,ARR,goo,0.0
82,True,True,LONDON,TORONTO,2025-06-21,2,Brantford,BRTF,2025-06-21T11:21:56Z,2025-06-21T11:23:00Z,ARR,goo,-1.0
82,True,True,LONDON,TORONTO,2025-06-21,3,Toronto,TRTO,2025-06-21T12:44:34Z,2025-06-21T12:35:00Z,ARR,med,9.0
84,True,True,SARNIA,TORONTO,2025-06-21,0,Sarnia,SARN,2025-06-21T12:40:00Z,2025-06-21T12:40:00Z,ARR,goo,0.0
84,True,True,SARNIA,TORONTO,2025-06-21,1,Wyoming,WYOM,2025-06-21T13:12:06Z,2025-06-21T12:55:00Z,ARR,bad,17.0
84,True,True,SARNIA,TORONTO,2025-06-21,2,Strathroy,STRR,2025-06-21T13:40:40Z,2025-06-21T13:27:00Z,ARR,med,13.0
84,True,True,SARNIA,TORONTO,2025-06-21,3,London,LNDN,2025-06-21T14:09:39Z,2025-06-21T13:52:00Z,ARR,bad,17.0
84,True,True,SARNIA,TORONTO,2025-06-21,4,St.Marys,SMYS,2025-06-21T15:06:37Z,2025-06-21T14:45:00Z,ARR,bad,21.0
84,True,True,SARNIA,TORONTO,2025-06-21,5,Stratford,STRF,2025-06-21T15:35:27Z,2025-06-21T15:14:00Z,ARR,bad,21.0
84,True,True,SARNIA,TORONTO,2025-06-21,6,Kitchener,KITC,2025-06-21T16:24:47Z,2025-06-21T16:02:00Z,ARR,bad,22.0
84,True,True,SARNIA,TORONTO,2025-06-21,7,Guelph,GUEL,2025-06-21T16:48:11Z,2025-06-21T16:24:00Z,ARR,bad,24.0
84,True,True,SARNIA,TORONTO,2025-06-21,8,Georgetown,GEOR,2025-06-21T17:17:59Z,2025-06-21T16:47:00Z,ARR,bad,30.0
84,True,True,SARNIA,TORONTO,2025-06-21,9,Brampton,BRMP,2025-06-21T17:38:59Z,2025-06-21T16:59:00Z,ARR,bad,39.0
84,True,True,SARNIA,TORONTO,2025-06-21,10,Malton,MALT,2025-06-21T17:52:15Z,2025-06-21T17:11:00Z,ARR,bad,41.0
84,True,True,SARNIA,TORONTO,2025-06-21,11,Toronto,TRTO,2025-06-21T18:09:53Z,2025-06-21T17:38:00Z,ARR,bad,31.0
71,True,True,TORONTO,WINDSOR,2025-06-21,0,Toronto,TRTO,2025-06-21T10:50:13Z,2025-06-21T10:50:00Z,ARR,goo,0.0
71,True,True,TORONTO,WINDSOR,2025-06-21,1,Oakville,OAKV,2025-06-21T11:17:59Z,2025-06-21T11:13:00Z,ARR,goo,4.0
71,True,True,TORONTO,WINDSOR,2025-06-21,2,Aldershot,ALDR,2025-06-21T11:34:17Z,2025-06-21T11:29:00Z,ARR,med,5.0
71,True,True,TORONTO,WINDSOR,2025-06-21,3,Brantford,BRTF,2025-06-21T12:07:25Z,2025-06-21T11:55:00Z,ARR,med,12.0
71,True,True,TORONTO,WINDSOR,2025-06-21,4,Woodstock,WDST,2025-06-21T12:37:39Z,2025-06-21T12:30:00Z,ARR,med,7.0
71,True,True,TORONTO,WINDSOR,2025-06-21,5,Ingersoll,INGR,2025-06-21T12:48:36Z,2025-06-21T12:43:00Z,ARR,med,5.0
71,True,True,TORONTO,WINDSOR,2025-06-21,6,London,LNDN,2025-06-21T13:11:28Z,2025-06-21T13:06:00Z,ARR,med,5.0
71,True,True,TORONTO,WINDSOR,2025-06-21,7,Glencoe,GLNC,2025-06-21T13:45:14Z,2025-06-21T13:39:00Z,ARR,med,6.0
71,True,True,TORONTO,WINDSOR,2025-06-21,8,Chatham,CHAT,2025-06-21T14:44:38Z,2025-06-21T14:18:00Z,ARR,bad,26.0
71,True,True,TORONTO,WINDSOR,2025-06-21,9,Windsor,WDON,2025-06-21T15:30:08Z,2025-06-21T15:08:00Z,ARR,bad,22.0
643,True,True,OTTAWA,TORONTO,2025-06-21,0,Ottawa,OTTW,2025-06-21T12:29:17Z,2025-06-21T12:29:00Z,ARR,goo,0.0
643,True,True,OTTAWA,TORONTO,2025-06-21,1,Fallowfield,FALL,2025-06-21T12:46:24Z,2025-06-21T12:45:00Z,ARR,goo,1.0
643,True,True,OTTAWA,TORONTO,2025-06-21,2,Smiths Falls,SMTF,2025-06-21T13:16:51Z,2025-06-21T13:17:00Z,ARR,goo,0.0
643,True,True,OTTAWA,TORONTO,2025-06-21,3,Brockville,BRKV,2025-06-21T13:54:34Z,2025-06-21T13:49:00Z,ARR,med,5.0
643,True,True,OTTAWA,TORONTO,2025-06-21,4,Kingston,KGON,2025-06-21T14:49:31Z,2025-06-21T14:32:00Z,ARR,bad,17.0
643,True,True,OTTAWA,TORONTO,2025-06-21,5,Napanee,NAPN,2025-06-21T15:18:22Z,2025-06-21T14:57:00Z,ARR,bad,21.0
643,True,True,OTTAWA,TORONTO,2025-06-21,6,Belleville,BLVL,2025-06-21T15:45:47Z,2025-06-21T15:17:00Z,ARR,bad,28.0
643,True,True,OTTAWA,TORONTO,2025-06-21,7,Trenton Jct.,TRNJ,2025-06-21T15:59:13Z,2025-06-21T15:31:00Z,ARR,bad,28.0
643,True,True,OTTAWA,TORONTO,2025-06-21,8,Cobourg,CBRG,2025-06-21T16:32:44Z,2025-06-21T15:57:00Z,ARR,bad,35.0
643,True,True,OTTAWA,TORONTO,2025-06-21,9,Port Hope,PHOP,2025-06-21T16:44:03Z,2025-06-21T16:07:00Z,ARR,bad,37.0
643,True,True,OTTAWA,TORONTO,2025-06-21,10,Oshawa,OSHA,2025-06-21T17:20:19Z,2025-06-21T16:35:00Z,ARR,bad,45.0
643,True,True,OTTAWA,TORONTO,2025-06-21,11,Guildwood,GUIL,2025-06-21T17:48:36Z,2025-06-21T16:58:00Z,ARR,bad,50.0
643,True,True,OTTAWA,TORONTO,2025-06-21,12,Toronto,TRTO,2025-06-21T18:07:04Z,2025-06-21T17:18:00Z,ARR,bad,49.0
644,True,True,TORONTO,OTTAWA,2025-06-21,0,Toronto,TRTO,2025-06-21T17:23:22Z,2025-06-21T17:23:00Z,ARR,goo,0.0
644,True,True,TORONTO,OTTAWA,2025-06-21,1,Oshawa,OSHA,2025-06-21T17:55:30Z,2025-06-21T17:53:00Z,ARR,goo,2.0
644,True,True,TORONTO,OTTAWA,2025-06-21,2,Cobourg,CBRG,2025-06-21T18:44:49Z,2025-06-21T18:28:00Z,ARR,bad,16.0
644,True,True,TORONTO,OTTAWA,2025-06-21,3,Belleville,BLVL,2025-06-21T19:26:44Z,2025-06-21T19:03:00Z,ARR,bad,23.0
644,True,True,TORONTO,OTTAWA,2025-06-21,4,Kingston,KGON,2025-06-21T20:11:41Z,2025-06-21T19:43:00Z,ARR,bad,28.0
644,True,True,TORONTO,OTTAWA,2025-06-21,5,Fallowfield,FALL,2025-06-21T21:59:48Z,2025-06-21T21:30:00Z,ARR,bad,29.0
644,True,True,TORONTO,OTTAWA,2025-06-21,6,Ottawa,OTTW,2025-06-21T22:25:57Z,2025-06-21T21:53:00Z,ARR,bad,32.0
97,True,True,TORONTO,NIAGARA FALLS,2025-06-21,0,Toronto,TRTO,2025-06-21T12:20:00Z,2025-06-21T12:20:00Z,ARR,goo,0.0
97,True,True,TORONTO,NIAGARA FALLS,2025-06-21,1,Oakville,OAKV,2025-06-21T12:43:00Z,2025-06-21T12:43:00Z,ARR,goo,0.0
97,True,True,TORONTO,NIAGARA FALLS,2025-06-21,2,Aldershot,ALDR,2025-06-21T12:56:00Z,2025-06-21T12:56:00Z,ARR,goo,0.0
97,True,True,TORONTO,NIAGARA FALLS,2025-06-21,3,Grimsby,GRIM,2025-06-21T13:40:00Z,2025-06-21T13:37:00Z,ARR,goo,3.0
97,True,True,TORONTO,NIAGARA FALLS,2025-06-21,4,St. Catharines,SCAT,2025-06-21T14:00:00Z,2025-06-21T13:57:00Z,ARR,goo,3.0
97,True,True,TORONTO,NIAGARA FALLS,2025-06-21,5,Niagara Falls,NIAG,2025-06-21T14:23:00Z,2025-06-21T14:20:00Z,ARR,goo,3.0
633,True,True,MONTRÉAL,OTTAWA,2025-06-21,0,Montréal,MTRL,2025-06-21T13:00:00Z,2025-06-21T13:00:00Z,ARR,goo,0.0
633,True,True,MONTRÉAL,OTTAWA,2025-06-21,1,Dorval,DORV,2025-06-21T13:21:23Z,2025-06-21T13:24:00Z,ARR,goo,-2.0
633,True,True,MONTRÉAL,OTTAWA,2025-06-21,2,Alexandria,ALEX,2025-06-21T14:09:36Z,2025-06-21T14:11:00Z,ARR,goo,-1.0
633,True,True,MONTRÉAL,OTTAWA,2025-06-21,3,Casselman,CSLM,2025-06-21T14:33:15Z,2025-06-21T14:34:00Z,ARR,goo,0.0
633,True,True,MONTRÉAL,OTTAWA,2025-06-21,4,Ottawa,OTTW,2025-06-21T15:07:15Z,2025-06-21T15:05:00Z,ARR,goo,2.0
622,True,True,MONTRÉAL,QUÉBEC,2025-06-21,0,Montréal,MTRL,2025-06-21T12:20:00Z,2025-06-21T12:20:00Z,ARR,goo,0.0
622,True,True,MONTRÉAL,QUÉBEC,2025-06-21,1,St. Lambert,SLAM,2025-06-21T12:33:33Z,2025-06-21T12:33:00Z,ARR,goo,0.0
622,True,True,MONTRÉAL,QUÉBEC,2025-06-21,2,St. Hyacinthe,SHYA,2025-06-21T13:07:36Z,2025-06-21T13:00:00Z,ARR,med,7.0
622,True,True,MONTRÉAL,QUÉBEC,2025-06-21,3,Drummondville,DRMV,2025-06-21T13:44:33Z,2025-06-21T13:29:00Z,ARR,bad,15.0
622,True,True,MONTRÉAL,QUÉBEC,2025-06-21,4,Ste-Foy,SFOY,2025-06-21T15:28:16Z,2025-06-21T15:11:00Z,ARR,bad,17.0
622,True,True,MONTRÉAL,QUÉBEC,2025-06-21,5,Québec,QBEC,2025-06-21T15:55:57Z,2025-06-21T15:39:00Z,ARR,bad,16.0
62,True,True,TORONTO,MONTRÉAL,2025-06-21,0,Toronto,TRTO,2025-06-21T12:36:30Z,2025-06-21T12:32:00Z,ARR,goo,4.0
62,True,True,TORONTO,MONTRÉAL,2025-06-21,1,Guildwood,GUIL,2025-06-21T12:52:45Z,2025-06-21T12:50:00Z,ARR,goo,2.0
62,True,True,TORONTO,MONTRÉAL,2025-06-21,2,Oshawa,OSHA,2025-06-21T13:12:06Z,2025-06-21T13:09:00Z,ARR,goo,3.0
62,True,True,TORONTO,MONTRÉAL,2025-06-21,3,Cobourg,CBRG,2025-06-21T13:46:31Z,2025-06-21T13:44:00Z,ARR,goo,2.0
62,True,True,TORONTO,MONTRÉAL,2025-06-21,4,Belleville,BLVL,2025-06-21T14:22:14Z,2025-06-21T14:20:00Z,ARR,goo,2.0
62,True,True,TORONTO,MONTRÉAL,2025-06-21,5,Kingston,KGON,2025-06-21T15:08:44Z,2025-06-21T15:00:00Z,ARR,med,8.0
62,True,True,TORONTO,MONTRÉAL,2025-06-21,6,Cornwall,CWLL,2025-06-21T16:56:05Z,2025-06-21T16:43:00Z,ARR,med,13.0
62,True,True,TORONTO,MONTRÉAL,2025-06-21,7,Dorval,DORV,2025-06-21T17:52:13Z,2025-06-21T17:34:00Z,ARR,bad,18.0
62,True,True,TORONTO,MONTRÉAL,2025-06-21,8,Montréal,MTRL,2025-06-21T18:17:45Z,2025-06-21T18:00:00Z,ARR,bad,17.0
45,True,True,OTTAWA,TORONTO,2025-06-21,0,Ottawa,OTTW,2025-06-21T14:24:08Z,2025-06-21T14:24:00Z,ARR,goo,0.0
45,True,True,OTTAWA,TORONTO,2025-06-21,1,Fallowfield,FALL,2025-06-21T14:40:30Z,2025-06-21T14:40:00Z,ARR,goo,0.0
45,True,True,OTTAWA,TORONTO,2025-06-21,2,Kingston,KGON,2025-06-21T16:39:16Z,2025-06-21T16:26:00Z,ARR,med,13.0
45,True,True,OTTAWA,TORONTO,2025-06-21,3,Toronto,TRTO,2025-06-21T19:14:31Z,2025-06-21T18:48:00Z,ARR,bad,26.0
637,True,True,QUÉBEC,OTTAWA,2025-06-21,0,Québec,QBEC,2025-06-21T14:00:00Z,2025-06-21T14:00:00Z,ARR,goo,0.0
637,True,True,QUÉBEC,OTTAWA,2025-06-21,1,Ste-Foy,SFOY,2025-06-21T14:26:31Z,2025-06-21T14:25:00Z,ARR,goo,1.0
637,True,True,QUÉBEC,OTTAWA,2025-06-21,2,Drummondville,DRMV,2025-06-21T16:07:30Z,2025-06-21T16:08:00Z,ARR,goo,0.0
637,True,True,QUÉBEC,OTTAWA,2025-06-21,3,St. Lambert,SLAM,2025-06-21T17:16:28Z,2025-06-21T17:16:00Z,ARR,goo,0.0
637,True,True,QUÉBEC,OTTAWA,2025-06-21,4,Montréal,MTRL,2025-06-21T17:33:58Z,2025-06-21T17:31:00Z,ARR,goo,2.0
637,True,True,QUÉBEC,OTTAWA,2025-06-21,5,Dorval,DORV,2025-06-21T18:52:17Z,2025-06-21T18:20:00Z,ARR,bad,32.0
637,True,True,QUÉBEC,OTTAWA,2025-06-21,6,Alexandria,ALEX,2025-06-21T19:46:22Z,2025-06-21T19:10:00Z,ARR,bad,36.0
637,True,True,QUÉBEC,OTTAWA,2025-06-21,7,Ottawa,OTTW,2025-06-21T20:35:52Z,2025-06-21T19:56:00Z,ARR,bad,39.0
185,True,True,SUDBURY,WHITE RIVER,2025-06-21,0,Sudbury,SUDB,2025-06-21T13:00:00Z,2025-06-21T13:00:00Z,ARR,goo,0.0
185,True,True,SUDBURY,WHITE RIVER,2025-06-21,1,Azilda,AZIL,2025-06-21T13:15:26Z,2025-06-21T13:10:00Z,ARR,med,5.0
185,True,True,SUDBURY,WHITE RIVER,2025-06-21,2,Chelmsford,CHEL,2025-06-21T13:18:36Z,2025-06-21T13:15:00Z,ARR,goo,3.0
185,True,True,SUDBURY,WHITE RIVER,2025-06-21,3,Larchwood,LARC,2025-06-21T13:24:48Z,2025-06-21T13:19:00Z,ARR,med,5.0
185,True,True,SUDBURY,WHITE RIVER,2025-06-21,4,Levack,LEVA,2025-06-21T13:34:39Z,2025-06-21T13:30:00Z,ARR,goo,4.0
185,True,True,SUDBURY,WHITE RIVER,2025-06-21,5,Cartier,CART,2025-06-21T13:46:57Z,2025-06-21T13:45:00Z,ARR,goo,1.0
185,True,True,SUDBURY,WHITE RIVER,2025-06-21,6,Benny,BENN,2025-06-21T14:09:27Z,2025-06-21T14:05:00Z,ARR,goo,4.0
185,True,True,SUDBURY,WHITE RIVER,2025-06-21,7,Stralak,STRL,2025-06-21T14:13:59Z,2025-06-21T14:12:00Z,ARR,goo,1.0
185,True,True,SUDBURY,WHITE RIVER,2025-06-21,8,Pogamasing,POGA,2025-06-21T14:25:18Z,2025-06-21T14:25:00Z,ARR,goo,0.0
185,True,True,SUDBURY,WHITE RIVER,2025-06-21,9,Sheahan,SHEA,2025-06-21T14:46:19Z,2025-06-21T14:30:00Z,ARR,bad,16.0
185,True,True,SUDBURY,WHITE RIVER,2025-06-21,10,Forks,FRKS,2025-06-21T14:55:09Z,2025-06-21T14:40:00Z,ARR,bad,15.0
185,True,True,SUDBURY,WHITE RIVER,2025-06-21,11,Metagama,MTGM,2025-06-21T15:05:09Z,2025-06-21T14:50:00Z,ARR,bad,15.0
185,True,True,SUDBURY,WHITE RIVER,2025-06-21,12,Sinker,SNKR,2025-06-21T15:10:09Z,2025-06-21T14:55:00Z,ARR,bad,15.0
185,True,True,SUDBURY,WHITE RIVER,2025-06-21,13,Biscotasing,BISC,2025-06-21T15:35:09Z,2025-06-21T15:20:00Z,ARR,bad,15.0
185,True,True,SUDBURY,WHITE RIVER,2025-06-21,14,Roberts,RBRT,2025-06-21T15:45:09Z,2025-06-21T15:30:00Z,ARR,bad,15.0
185,True,True,SUDBURY,WHITE RIVER,2025-06-21,15,Ramsey,RAMS,2025-06-21T16:00:09Z,2025-06-21T15:45:00Z,ARR,bad,15.0
185,True,True,SUDBURY,WHITE RIVER,2025-06-21,16,Woman River,WOMR,2025-06-21T16:20:09Z,2025-06-21T16:05:00Z,ARR,bad,15.0
185,True,True,SUDBURY,WHITE RIVER,2025-06-21,17,Sultan,SULT,2025-06-21T16:35:09Z,2025-06-21T16:20:00Z,ARR,bad,15.0
185,True,True,SUDBURY,WHITE RIVER,2025-06-21,18,Kormak,KORM,2025-06-21T16:50:09Z,2025-06-21T16:35:00Z,ARR,bad,15.0
185,True,True,SUDBURY,WHITE RIVER,2025-06-21,19,Kinogama,KINO,2025-06-21T16:55:09Z,2025-06-21T16:40:00Z,ARR,bad,15.0
185,True,True,SUDBURY,WHITE RIVER,2025-06-21,20,Nemegos,NEME,2025-06-21T17:17:32Z,2025-06-21T16:55:00Z,ARR,bad,22.0
185,True,True,SUDBURY,WHITE RIVER,2025-06-21,21,Devon,DEVN,2025-06-21T17:28:09Z,2025-06-21T17:05:00Z,ARR,bad,23.0
185,True,True,SUDBURY,WHITE RIVER,2025-06-21,22,Chapleau,CHAP,2025-06-21T19:41:53Z,2025-06-21T17:20:00Z,ARR,bad,141.0
185,True,True,SUDBURY,WHITE RIVER,2025-06-21,23,Esher,ESHR,2025-06-21T20:03:44Z,2025-06-21T17:50:00Z,ARR,bad,133.0
185,True,True,SUDBURY,WHITE RIVER,2025-06-21,24,Musk,MUSK,2025-06-21T20:18:43Z,2025-06-21T18:00:00Z,ARR,bad,138.0
185,True,True,SUDBURY,WHITE RIVER,2025-06-21,25,Nicholson,NICH,2025-06-21T20:24:40Z,2025-06-21T18:10:00Z,ARR,bad,134.0
185,True,True,SUDBURY,WHITE RIVER,2025-06-21,26,Bolkow,BOLK,2025-06-21T20:42:00Z,2025-06-21T18:30:00Z,ARR,bad,132.0
185,True,True,SUDBURY,WHITE RIVER,2025-06-21,27,Dalton,DALT,2025-06-21T20:57:00Z,2025-06-21T18:45:00Z,ARR,bad,132.0
185,True,True,SUDBURY,WHITE RIVER,2025-06-21,28,Missanabie,MSBI,2025-06-21T21:22:00Z,2025-06-21T19:10:00Z,ARR,bad,132.0
185,True,True,SUDBURY,WHITE RIVER,2025-06-21,29,Lochalsh,LOCH,2025-06-21T21:42:00Z,2025-06-21T19:30:00Z,ARR,bad,132.0
185,True,True,SUDBURY,WHITE RIVER,2025-06-21,30,Franz,FRNZ,2025-06-21T22:00:45Z,2025-06-21T19:50:00Z,ARR,bad,130.0
185,True,True,SUDBURY,WHITE RIVER,2025-06-21,31,Swanson,SWAN,2025-06-21T22:15:38Z,2025-06-21T20:00:00Z,ARR,bad,135.0
185,True,True,SUDBURY,WHITE RIVER,2025-06-21,32,Girdwood,GIRD,2025-06-21T22:46:14Z,2025-06-21T20:25:00Z,ARR,bad,141.0
185,True,True,SUDBURY,WHITE RIVER,2025-06-21,33,Amyot,AMYO,2025-06-21T22:55:47Z,2025-06-21T20:35:00Z,ARR,bad,140.0
185,True,True,SUDBURY,WHITE RIVER,2025-06-21,34,O'Brien,OBRI,2025-06-21T23:10:00Z,2025-06-21T20:50:00Z,ARR,bad,140.0
185,True,True,SUDBURY,WHITE RIVER,2025-06-21,35,White River,WHTR,2025-06-21T23:23:17Z,2025-06-21T21:05:00Z,ARR,bad,138.0
624,True,True,OTTAWA,QUÉBEC,2025-06-21,0,Ottawa,OTTW,2025-06-21T11:45:00Z,2025-06-21T11:45:00Z,ARR,goo,0.0
624,True,True,OTTAWA,QUÉBEC,2025-06-21,1,Alexandria,ALEX,2025-06-21T12:28:24Z,2025-06-21T12:31:00Z,ARR,goo,-2.0
624,True,True,OTTAWA,QUÉBEC,2025-06-21,2,Dorval,DORV,2025-06-21T13:14:16Z,2025-06-21T13:16:00Z,ARR,goo,-1.0
624,True,True,OTTAWA,QUÉBEC,2025-06-21,3,Montréal,MTRL,2025-06-21T13:34:58Z,2025-06-21T13:39:00Z,ARR,goo,-4.0
624,True,True,OTTAWA,QUÉBEC,2025-06-21,4,St. Lambert,SLAM,2025-06-21T14:31:00Z,2025-06-21T14:28:00Z,ARR,goo,3.0
624,True,True,OTTAWA,QUÉBEC,2025-06-21,5,St. Hyacinthe,SHYA,2025-06-21T15:05:01Z,2025-06-21T15:06:00Z,ARR,goo,0.0
624,True,True,OTTAWA,QUÉBEC,2025-06-21,6,Drummondville,DRMV,2025-06-21T15:42:24Z,2025-06-21T15:34:00Z,ARR,med,8.0
624,True,True,OTTAWA,QUÉBEC,2025-06-21,7,Charny,CHNY,2025-06-21T17:23:37Z,2025-06-21T17:13:00Z,ARR,med,10.0
624,True,True,OTTAWA,QUÉBEC,2025-06-21,8,Ste-Foy,SFOY,2025-06-21T17:31:19Z,2025-06-21T17:20:00Z,ARR,med,11.0
624,True,True,OTTAWA,QUÉBEC,2025-06-21,9,Québec,QBEC,2025-06-21T17:59:00Z,2025-06-21T17:48:00Z,ARR,med,11.0
63,True,True,MONTRÉAL,TORONTO,2025-06-21,0,Montréal,MTRL,2025-06-21T12:59:43Z,2025-06-21T12:46:00Z,ARR,med,13.0
63,True,True,MONTRÉAL,TORONTO,2025-06-21,1,Dorval,DORV,2025-06-21T13:30:30Z,2025-06-21T13:11:00Z,ARR,bad,19.0
63,True,True,MONTRÉAL,TORONTO,2025-06-21,2,Cornwall,CWLL,2025-06-21T14:16:30Z,2025-06-21T14:04:00Z,ARR,med,12.0
63,True,True,MONTRÉAL,TORONTO,2025-06-21,3,Brockville,BRKV,2025-06-21T15:00:12Z,2025-06-21T14:54:00Z,ARR,med,6.0
63,True,True,MONTRÉAL,TORONTO,2025-06-21,4,Kingston,KGON,2025-06-21T16:09:13Z,2025-06-21T15:39:00Z,ARR,bad,30.0
63,True,True,MONTRÉAL,TORONTO,2025-06-21,5,Belleville,BLVL,2025-06-21T17:08:29Z,2025-06-21T16:20:00Z,ARR,bad,48.0
63,True,True,MONTRÉAL,TORONTO,2025-06-21,6,Cobourg,CBRG,2025-06-21T17:41:44Z,2025-06-21T16:58:00Z,ARR,bad,43.0
63,True,True,MONTRÉAL,TORONTO,2025-06-21,7,Oshawa,OSHA,2025-06-21T18:15:41Z,2025-06-21T17:34:00Z,ARR,bad,41.0
63,True,True,MONTRÉAL,TORONTO,2025-06-21,8,Guildwood,GUIL,2025-06-21T18:41:38Z,2025-06-21T17:58:00Z,ARR,bad,43.0
63,True,True,MONTRÉAL,TORONTO,2025-06-21,9,Toronto,TRTO,2025-06-21T18:59:05Z,2025-06-21T18:18:00Z,ARR,bad,41.0
47,True,True,OTTAWA,TORONTO,2025-06-21,0,Ottawa,OTTW,2025-06-21T16:23:31Z,2025-06-21T16:23:00Z,ARR,goo,0.0
47,True,True,OTTAWA,TORONTO,2025-06-21,1,Fallowfield,FALL,2025-06-21T16:39:28Z,2025-06-21T16:40:00Z,ARR,goo,0.0
47,True,True,OTTAWA,TORONTO,2025-06-21,2,Smiths Falls,SMTF,2025-06-21T17:21:34Z,2025-06-21T17:18:00Z,ARR,goo,3.0
47,True,True,OTTAWA,TORONTO,2025-06-21,3,Brockville,BRKV,2025-06-21T17:53:17Z,2025-06-21T17:54:00Z,ARR,goo,0.0
47,True,True,OTTAWA,TORONTO,2025-06-21,4,Gananoque,GANA,2025-06-21T18:23:31Z,2025-06-21T18:22:00Z,ARR,goo,1.0
47,True,True,OTTAWA,TORONTO,2025-06-21,5,Kingston,KGON,2025-06-21T18:48:39Z,2025-06-21T18:45:00Z,ARR,goo,3.0
47,True,True,OTTAWA,TORONTO,2025-06-21,6,Belleville,BLVL,2025-06-21T19:30:54Z,2025-06-21T19:26:00Z,ARR,goo,4.0
47,True,True,OTTAWA,TORONTO,2025-06-21,7,Oshawa,OSHA,2025-06-21T20:34:30Z,2025-06-21T20:33:00Z,ARR,goo,1.0
47,True,True,OTTAWA,TORONTO,2025-06-21,8,Guildwood,GUIL,2025-06-21T21:01:24Z,2025-06-21T20:58:00Z,ARR,goo,3.0
47,True,True,OTTAWA,TORONTO,2025-06-21,9,Toronto,TRTO,2025-06-21T21:20:43Z,2025-06-21T21:30:00Z,ARR,goo,-9.0
40,True,True,TORONTO,OTTAWA,2025-06-21,0,Toronto,TRTO,2025-06-21T14:39:56Z,2025-06-21T14:38:00Z,ARR,goo,1.0
40,True,True,TORONTO,OTTAWA,2025-06-21,1,Belleville,BLVL,2025-06-21T16:14:24Z,2025-06-21T16:09:00Z,ARR,med,5.0
40,True,True,TORONTO,OTTAWA,2025-06-21,2,Kingston,KGON,2025-06-21T16:52:09Z,2025-06-21T16:48:00Z,ARR,goo,4.0
40,True,True,TORONTO,OTTAWA,2025-06-21,3,Fallowfield,FALL,2025-06-21T19:19:28Z,2025-06-21T18:38:00Z,ARR,bad,41.0
40,True,True,TORONTO,OTTAWA,2025-06-21,4,Ottawa,OTTW,2025-06-21T19:40:18Z,2025-06-21T19:02:00Z,ARR,bad,38.0
35,True,True,QUÉBEC,OTTAWA,2025-06-21,0,Québec,QBEC,2025-06-21T12:06:00Z,2025-06-21T12:06:00Z,ARR,goo,0.0
35,True,True,QUÉBEC,OTTAWA,2025-06-21,1,Ste-Foy,SFOY,2025-06-21T12:31:05Z,2025-06-21T12:31:00Z,ARR,goo,0.0
35,True,True,QUÉBEC,OTTAWA,2025-06-21,2,Charny,CHNY,2025-06-21T12:40:28Z,2025-06-21T12:40:00Z,ARR,goo,0.0
35,True,True,QUÉBEC,OTTAWA,2025-06-21,3,Drummondville,DRMV,2025-06-21T14:31:21Z,2025-06-21T14:14:00Z,ARR,bad,17.0
35,True,True,QUÉBEC,OTTAWA,2025-06-21,4,St. Hyacinthe,SHYA,2025-06-21T15:07:19Z,2025-06-21T14:44:00Z,ARR,bad,23.0
35,True,True,QUÉBEC,OTTAWA,2025-06-21,5,St. Lambert,SLAM,2025-06-21T15:45:08Z,2025-06-21T15:11:00Z,ARR,bad,34.0
35,True,True,QUÉBEC,OTTAWA,2025-06-21,6,Montréal,MTRL,2025-06-21T16:01:01Z,2025-06-21T15:26:00Z,ARR,bad,35.0
35,True,True,QUÉBEC,OTTAWA,2025-06-21,7,Dorval,DORV,2025-06-21T17:36:16Z,2025-06-21T16:18:00Z,ARR,bad,78.0
35,True,True,QUÉBEC,OTTAWA,2025-06-21,8,Coteau,COTO,2025-06-21T18:07:05Z,2025-06-21T16:46:00Z,ARR,bad,81.0
35,True,True,QUÉBEC,OTTAWA,2025-06-21,9,Alexandria,ALEX,2025-06-21T18:28:43Z,2025-06-21T17:08:00Z,ARR,bad,80.0
35,True,True,QUÉBEC,OTTAWA,2025-06-21,10,Casselman,CSLM,2025-06-21T19:01:49Z,2025-06-21T17:31:00Z,ARR,bad,90.0
35,True,True,QUÉBEC,OTTAWA,2025-06-21,11,Ottawa,OTTW,2025-06-21T19:28:08Z,2025-06-21T17:58:00Z,ARR,bad,90.0
76,True,True,WINDSOR,TORONTO,2025-06-21,0,Windsor,WDON,2025-06-21T17:46:00Z,2025-06-21T17:46:00Z,ARR,goo,0.0
76,True,True,WINDSOR,TORONTO,2025-06-21,1,Chatham,CHAT,2025-06-21T18:29:15Z,2025-06-21T18:28:00Z,ARR,goo,1.0
76,True,True,WINDSOR,TORONTO,2025-06-21,2,Glencoe,GLNC,2025-06-21T19:12:14Z,2025-06-21T19:03:00Z,ARR,med,9.0
76,True,True,WINDSOR,TORONTO,2025-06-21,3,London,LNDN,2025-06-21T19:49:14Z,2025-06-21T19:38:00Z,ARR,med,11.0
76,True,True,WINDSOR,TORONTO,2025-06-21,4,Brantford,BRTF,2025-06-21T20:48:09Z,2025-06-21T20:39:00Z,ARR,med,9.0
76,True,True,WINDSOR,TORONTO,2025-06-21,5,Aldershot,ALDR,2025-06-21T21:23:46Z,2025-06-21T21:10:00Z,ARR,med,13.0
76,True,True,WINDSOR,TORONTO,2025-06-21,6,Oakville,OAKV,2025-06-21T21:41:52Z,2025-06-21T21:27:00Z,ARR,med,14.0
76,True,True,WINDSOR,TORONTO,2025-06-21,7,Toronto,TRTO,2025-06-21T22:07:59Z,2025-06-21T21:53:00Z,ARR,med,14.0
26,True,True,OTTAWA,QUÉBEC,2025-06-21,0,Ottawa,OTTW,2025-06-21T18:17:17Z,2025-06-21T18:17:00Z,ARR,goo,0.0
26,True,True,OTTAWA,QUÉBEC,2025-06-21,1,Alexandria,ALEX,2025-06-21T19:00:10Z,2025-06-21T19:03:00Z,ARR,goo,-2.0
26,True,True,OTTAWA,QUÉBEC,2025-06-21,2,Coteau,COTO,2025-06-21T19:20:50Z,2025-06-21T19:26:00Z,ARR,goo,-5.0
26,True,True,OTTAWA,QUÉBEC,2025-06-21,3,Dorval,DORV,2025-06-21T19:48:39Z,2025-06-21T19:49:00Z,ARR,goo,0.0
26,True,True,OTTAWA,QUÉBEC,2025-06-21,4,Montréal,MTRL,2025-06-21T20:11:32Z,2025-06-21T20:15:00Z,ARR,goo,-3.0
26,True,True,OTTAWA,QUÉBEC,2025-06-21,5,St. Lambert,SLAM,2025-06-21T20:58:23Z,2025-06-21T20:53:00Z,ARR,med,5.0
26,True,True,OTTAWA,QUÉBEC,2025-06-21,6,St. Hyacinthe,SHYA,2025-06-21T21:30:41Z,2025-06-21T21:20:00Z,ARR,med,10.0
26,True,True,OTTAWA,QUÉBEC,2025-06-21,7,Drummondville,DRMV,2025-06-21T22:18:42Z,2025-06-21T22:05:00Z,ARR,med,13.0
26,True,True,OTTAWA,QUÉBEC,2025-06-21,8,Charny,CHNY,2025-06-22T00:03:15Z,2025-06-21T23:44:00Z,ARR,bad,19.0
26,True,True,OTTAWA,QUÉBEC,2025-06-21,9,Ste-Foy,SFOY,2025-06-22T00:10:24Z,2025-06-21T23:52:00Z,ARR,bad,18.0
26,True,True,OTTAWA,QUÉBEC,2025-06-21,10,Québec,QBEC,2025-06-22T00:38:20Z,2025-06-22T00:19:00Z,ARR,bad,19.0
39,True,True,QUÉBEC,OTTAWA,2025-06-21,0,Québec,QBEC,2025-06-21T18:57:00Z,2025-06-21T18:57:00Z,ARR,goo,0.0
39,True,True,QUÉBEC,OTTAWA,2025-06-21,1,Ste-Foy,SFOY,2025-06-21T19:22:59Z,2025-06-21T19:22:00Z,ARR,goo,0.0
39,True,True,QUÉBEC,OTTAWA,2025-06-21,2,Drummondville,DRMV,2025-06-21T21:37:31Z,2025-06-21T20:58:00Z,ARR,bad,39.0
39,True,True,QUÉBEC,OTTAWA,2025-06-21,3,St. Lambert,SLAM,2025-06-21T22:50:39Z,2025-06-21T21:57:00Z,ARR,bad,53.0
39,True,True,QUÉBEC,OTTAWA,2025-06-21,4,Montréal,MTRL,2025-06-21T23:07:14Z,2025-06-21T22:11:00Z,ARR,bad,56.0
39,True,True,QUÉBEC,OTTAWA,2025-06-21,5,Dorval,DORV,2025-06-21T23:57:16Z,2025-06-21T23:14:00Z,ARR,bad,43.0
39,True,True,QUÉBEC,OTTAWA,2025-06-21,6,Coteau,COTO,2025-06-22T00:29:55Z,2025-06-21T23:43:00Z,ARR,bad,46.0
39,True,True,QUÉBEC,OTTAWA,2025-06-21,7,Alexandria,ALEX,2025-06-22T00:51:50Z,2025-06-22T00:06:00Z,ARR,bad,45.0
39,True,True,QUÉBEC,OTTAWA,2025-06-21,8,Ottawa,OTTW,2025-06-22T01:36:10Z,2025-06-22T00:51:00Z,ARR,bad,45.0
66,True,True,TORONTO,MONTRÉAL,2025-06-21,0,Toronto,TRTO,2025-06-21T19:24:13Z,2025-06-21T19:23:00Z,ARR,goo,1.0
66,True,True,TORONTO,MONTRÉAL,2025-06-21,1,Guildwood,GUIL,2025-06-21T19:42:12Z,2025-06-21T19:40:00Z,ARR,goo,2.0
66,True,True,TORONTO,MONTRÉAL,2025-06-21,2,Oshawa,OSHA,2025-06-21T20:03:07Z,2025-06-21T19:54:00Z,ARR,med,9.0
66,True,True,TORONTO,MONTRÉAL,2025-06-21,3,Belleville,BLVL,2025-06-21T21:05:48Z,2025-06-21T21:00:00Z,ARR,med,5.0
66,True,True,TORONTO,MONTRÉAL,2025-06-21,4,Kingston,KGON,2025-06-21T21:42:52Z,2025-06-21T21:40:00Z,ARR,goo,2.0
66,True,True,TORONTO,MONTRÉAL,2025-06-21,5,Cornwall,CWLL,2025-06-21T23:11:35Z,2025-06-21T23:07:00Z,ARR,goo,4.0
66,True,True,TORONTO,MONTRÉAL,2025-06-21,6,Dorval,DORV,2025-06-22T00:05:34Z,2025-06-21T23:58:00Z,ARR,med,7.0
66,True,True,TORONTO,MONTRÉAL,2025-06-21,7,Montréal,MTRL,2025-06-22T00:34:50Z,2025-06-22T00:25:00Z,ARR,med,9.0
46,True,True,TORONTO,OTTAWA,2025-06-21,0,Toronto,TRTO,2025-06-21T19:38:00Z,2025-06-21T19:38:00Z,ARR,goo,0.0
46,True,True,TORONTO,OTTAWA,2025-06-21,1,Oshawa,OSHA,2025-06-21T20:15:22Z,2025-06-21T20:09:00Z,ARR,med,6.0
46,True,True,TORONTO,OTTAWA,2025-06-21,2,Cobourg,CBRG,2025-06-21T20:56:37Z,2025-06-21T20:43:00Z,ARR,med,13.0
46,True,True,TORONTO,OTTAWA,2025-06-21,3,Kingston,KGON,2025-06-21T22:18:08Z,2025-06-21T21:54:00Z,ARR,bad,24.0
46,True,True,TORONTO,OTTAWA,2025-06-21,4,Brockville,BRKV,2025-06-21T23:11:47Z,2025-06-21T22:40:00Z,ARR,bad,31.0
46,True,True,TORONTO,OTTAWA,2025-06-21,5,Fallowfield,FALL,2025-06-22T00:09:27Z,2025-06-21T23:40:00Z,ARR,bad,29.0
46,True,True,TORONTO,OTTAWA,2025-06-21,6,Ottawa,OTTW,2025-06-22T00:32:33Z,2025-06-22T00:00:00Z,ARR,bad,32.0
28,True,True,OTTAWA,QUÉBEC,2025-06-21,0,Ottawa,OTTW,2025-06-21T20:08:24Z,2025-06-21T20:05:00Z,ARR,goo,3.0
28,True,True,OTTAWA,QUÉBEC,2025-06-21,1,Casselman,CSLM,2025-06-21T20:39:14Z,2025-06-21T20:31:00Z,ARR,med,8.0
28,True,True,OTTAWA,QUÉBEC,2025-06-21,2,Alexandria,ALEX,2025-06-21T21:00:27Z,2025-06-21T20:53:00Z,ARR,med,7.0
28,True,True,OTTAWA,QUÉBEC,2025-06-21,3,Coteau,COTO,2025-06-21T21:20:55Z,2025-06-21T21:15:00Z,ARR,med,5.0
28,True,True,OTTAWA,QUÉBEC,2025-06-21,4,Dorval,DORV,2025-06-21T21:52:20Z,2025-06-21T21:38:00Z,ARR,med,14.0
28,True,True,OTTAWA,QUÉBEC,2025-06-21,5,Montréal,MTRL,2025-06-21T22:17:36Z,2025-06-21T22:04:00Z,ARR,med,13.0
28,True,True,OTTAWA,QUÉBEC,2025-06-21,6,St. Lambert,SLAM,2025-06-21T23:00:49Z,2025-06-21T22:38:00Z,ARR,bad,22.0
28,True,True,OTTAWA,QUÉBEC,2025-06-21,7,St. Hyacinthe,SHYA,2025-06-21T23:36:30Z,2025-06-21T23:06:00Z,ARR,bad,30.0
28,True,True,OTTAWA,QUÉBEC,2025-06-21,8,Drummondville,DRMV,2025-06-22T00:33:00Z,2025-06-21T23:52:00Z,ARR,bad,41.0
28,True,True,OTTAWA,QUÉBEC,2025-06-21,9,Charny,CHNY,2025-06-22T02:07:23Z,2025-06-22T01:14:00Z,ARR,bad,53.0
28,True,True,OTTAWA,QUÉBEC,2025-06-21,10,Ste-Foy,SFOY,2025-06-22T02:16:36Z,2025-06-22T01:21:00Z,ARR,bad,55.0
28,True,True,OTTAWA,QUÉBEC,2025-06-21,11,Québec,QBEC,2025-06-22T02:45:44Z,2025-06-22T01:48:00Z,ARR,bad,57.0
69,True,True,MONTRÉAL,TORONTO,2025-06-21,0,Montréal,MTRL,2025-06-21T20:38:00Z,2025-06-21T20:38:00Z,ARR,goo,0.0
69,True,True,MONTRÉAL,TORONTO,2025-06-21,1,Dorval,DORV,2025-06-21T21:09:22Z,2025-06-21T21:04:00Z,ARR,med,5.0
69,True,True,MONTRÉAL,TORONTO,2025-06-21,2,Cornwall,CWLL,2025-06-21T22:05:08Z,2025-06-21T21:53:00Z,ARR,med,12.0
69,True,True,MONTRÉAL,TORONTO,2025-06-21,3,Brockville,BRKV,2025-06-21T22:51:43Z,2025-06-21T22:40:00Z,ARR,med,11.0
69,True,True,MONTRÉAL,TORONTO,2025-06-21,4,Kingston,KGON,2025-06-21T23:43:17Z,2025-06-21T23:24:00Z,ARR,bad,19.0
69,True,True,MONTRÉAL,TORONTO,2025-06-21,5,Oshawa,OSHA,2025-06-22T01:40:50Z,2025-06-22T01:05:00Z,ARR,bad,35.0
69,True,True,MONTRÉAL,TORONTO,2025-06-21,6,Guildwood,GUIL,2025-06-22T02:01:05Z,2025-06-22T01:28:00Z,ARR,bad,33.0
69,True,True,MONTRÉAL,TORONTO,2025-06-21,7,Toronto,TRTO,2025-06-22T02:29:07Z,2025-06-22T01:48:00Z,ARR,bad,41.0
68,True,True,TORONTO,MONTRÉAL,2025-06-21,0,Toronto,TRTO,2025-06-21T21:26:26Z,2025-06-21T21:08:00Z,ARR,bad,18.0
68,True,True,TORONTO,MONTRÉAL,2025-06-21,1,Oshawa,OSHA,2025-06-21T22:00:01Z,2025-06-21T21:39:00Z,ARR,bad,21.0
68,True,True,TORONTO,MONTRÉAL,2025-06-21,2,Cobourg,CBRG,2025-06-21T22:32:43Z,2025-06-21T22:14:00Z,ARR,bad,18.0
68,True,True,TORONTO,MONTRÉAL,2025-06-21,3,Belleville,BLVL,2025-06-21T23:07:33Z,2025-06-21T22:49:00Z,ARR,bad,18.0
68,True,True,TORONTO,MONTRÉAL,2025-06-21,4,Kingston,KGON,2025-06-21T23:43:33Z,2025-06-21T23:26:00Z,ARR,bad,17.0
68,True,True,TORONTO,MONTRÉAL,2025-06-21,5,Brockville,BRKV,2025-06-22T00:32:29Z,2025-06-22T00:11:00Z,ARR,bad,21.0
68,True,True,TORONTO,MONTRÉAL,2025-06-21,6,Cornwall,CWLL,2025-06-22T01:17:58Z,2025-06-22T00:57:00Z,ARR,bad,20.0
68,True,True,TORONTO,MONTRÉAL,2025-06-21,7,Dorval,DORV,2025-06-22T02:07:17Z,2025-06-22T01:47:00Z,ARR,bad,20.0
68,True,True,TORONTO,MONTRÉAL,2025-06-21,8,Montréal,MTRL,2025-06-22T03:21:41Z,2025-06-22T02:14:00Z,ARR,bad,67.0
54,True,True,TORONTO,OTTAWA,2025-06-21,0,Toronto,TRTO,2025-06-21T21:38:00Z,2025-06-21T21:38:00Z,ARR,goo,0.0
54,True,True,TORONTO,OTTAWA,2025-06-21,1,Guildwood,GUIL,2025-06-21T22:05:43Z,2025-06-21T21:55:00Z,ARR,med,10.0
54,True,True,TORONTO,OTTAWA,2025-06-21,2,Oshawa,OSHA,2025-06-21T22:24:12Z,2025-06-21T22:08:00Z,ARR,bad,16.0
54,True,True,TORONTO,OTTAWA,2025-06-21,3,Port Hope,PHOP,2025-06-21T22:58:38Z,2025-06-21T22:37:00Z,ARR,bad,21.0
54,True,True,TORONTO,OTTAWA,2025-06-21,4,Cobourg,CBRG,2025-06-21T23:07:30Z,2025-06-21T22:46:00Z,ARR,bad,21.0
54,True,True,TORONTO,OTTAWA,2025-06-21,5,Trenton Jct.,TRNJ,2025-06-21T23:38:58Z,2025-06-21T23:13:01Z,ARR,bad,25.0
54,True,True,TORONTO,OTTAWA,2025-06-21,6,Belleville,BLVL,2025-06-21T23:54:09Z,2025-06-21T23:27:00Z,ARR,bad,27.0
54,True,True,TORONTO,OTTAWA,2025-06-21,7,Napanee,NAPN,2025-06-22T00:19:46Z,2025-06-21T23:48:00Z,ARR,bad,31.0
54,True,True,TORONTO,OTTAWA,2025-06-21,8,Kingston,KGON,2025-06-22T00:42:29Z,2025-06-22T00:09:00Z,ARR,bad,33.0
54,True,True,TORONTO,OTTAWA,2025-06-21,9,Brockville,BRKV,2025-06-22T01:40:15Z,2025-06-22T00:54:00Z,ARR,bad,46.0
54,True,True,TORONTO,OTTAWA,2025-06-21,10,Smiths Falls,SMTF,2025-06-22T02:09:42Z,2025-06-22T01:25:00Z,ARR,bad,44.0
54,True,True,TORONTO,OTTAWA,2025-06-21,11,Fallowfield,FALL,2025-06-22T02:36:18Z,2025-06-22T01:52:00Z,ARR,bad,44.0
54,True,True,TORONTO,OTTAWA,2025-06-21,12,Ottawa,OTTW,2025-06-22T02:56:46Z,2025-06-22T02:13:00Z,ARR,bad,43.0
29,True,True,QUÉBEC,MONTRÉAL,2025-06-21,0,Québec,QBEC,2025-06-21T22:40:26Z,2025-06-21T21:41:00Z,ARR,bad,59.0
29,True,True,QUÉBEC,MONTRÉAL,2025-06-21,1,Ste-Foy,SFOY,2025-06-21T23:06:23Z,2025-06-21T22:06:00Z,ARR,bad,60.0
29,True,True,QUÉBEC,MONTRÉAL,2025-06-21,2,Drummondville,DRMV,2025-06-22T00:49:37Z,2025-06-21T23:42:00Z,ARR,bad,67.0
29,True,True,QUÉBEC,MONTRÉAL,2025-06-21,3,St. Hyacinthe,SHYA,2025-06-22T01:24:31Z,2025-06-22T00:18:00Z,ARR,bad,66.0
29,True,True,QUÉBEC,MONTRÉAL,2025-06-21,4,St. Lambert,SLAM,2025-06-22T02:01:39Z,2025-06-22T00:45:00Z,ARR,bad,76.0
29,True,True,QUÉBEC,MONTRÉAL,2025-06-21,5,Montréal,MTRL,2025-06-22T02:17:06Z,2025-06-22T01:00:00Z,ARR,bad,77.0
75,True,True,TORONTO,WINDSOR,2025-06-21,0,Toronto,TRTO,2025-06-21T21:59:01Z,2025-06-21T21:22:00Z,ARR,bad,37.0
75,True,True,TORONTO,WINDSOR,2025-06-21,1,Oakville,OAKV,2025-06-21T22:22:39Z,2025-06-21T21:45:00Z,ARR,bad,37.0
75,True,True,TORONTO,WINDSOR,2025-06-21,2,Aldershot,ALDR,2025-06-21T22:39:30Z,2025-06-21T22:01:00Z,ARR,bad,38.0
75,True,True,TORONTO,WINDSOR,2025-06-21,3,Brantford,BRTF,2025-06-21T23:15:15Z,2025-06-21T22:33:00Z,ARR,bad,42.0
75,True,True,TORONTO,WINDSOR,2025-06-21,4,Woodstock,WDST,2025-06-21T23:48:23Z,2025-06-21T23:04:00Z,ARR,bad,44.0
75,True,True,TORONTO,WINDSOR,2025-06-21,5,Ingersoll,INGR,2025-06-21T23:59:35Z,2025-06-21T23:19:00Z,ARR,bad,40.0
75,True,True,TORONTO,WINDSOR,2025-06-21,6,London,LNDN,2025-06-22T00:22:47Z,2025-06-21T23:47:00Z,ARR,bad,35.0
75,True,True,TORONTO,WINDSOR,2025-06-21,7,Glencoe,GLNC,2025-06-22T01:03:34Z,2025-06-22T00:21:00Z,ARR,bad,42.0
75,True,True,TORONTO,WINDSOR,2025-06-21,8,Chatham,CHAT,2025-06-22T01:44:40Z,2025-06-22T00:55:00Z,ARR,bad,49.0
75,True,True,TORONTO,WINDSOR,2025-06-21,9,Windsor,WDON,2025-06-22T02:28:02Z,2025-06-22T01:50:00Z,ARR,bad,38.0
98,True,True,NIAGARA FALLS,TORONTO,2025-06-21,0,Niagara Falls,NIAG,2025-06-21T21:45:00Z,2025-06-21T21:45:00Z,ARR,goo,0.0
98,True,True,NIAGARA FALLS,TORONTO,2025-06-21,1,St. Catharines,SCAT,2025-06-21T22:06:00Z,2025-06-21T22:06:00Z,ARR,goo,0.0
98,True,True,NIAGARA FALLS,TORONTO,2025-06-21,2,Grimsby,GRIM,2025-06-21T22:32:00Z,2025-06-21T22:26:00Z,ARR,med,6.0
98,True,True,NIAGARA FALLS,TORONTO,2025-06-21,3,Aldershot,ALDR,2025-06-21T23:10:00Z,2025-06-21T23:02:00Z,ARR,med,8.0
98,True,True,NIAGARA FALLS,TORONTO,2025-06-21,4,Oakville,OAKV,2025-06-21T23:24:00Z,2025-06-21T23:16:00Z,ARR,med,8.0
98,True,True,NIAGARA FALLS,TORONTO,2025-06-21,5,Toronto,TRTO,2025-06-21T23:51:00Z,2025-06-21T23:43:00Z,ARR,med,8.0
87,True,True,TORONTO,SARNIA,2025-06-21,0,Toronto,TRTO,2025-06-21T21:40:11Z,2025-06-21T21:40:00Z,ARR,goo,0.0
87,True,True,TORONTO,SARNIA,2025-06-21,1,Malton,MALT,2025-06-21T22:17:32Z,2025-06-21T22:00:00Z,ARR,bad,17.0
87,True,True,TORONTO,SARNIA,2025-06-21,2,Brampton,BRMP,2025-06-21T22:29:13Z,2025-06-21T22:12:00Z,ARR,bad,17.0
87,True,True,TORONTO,SARNIA,2025-06-21,3,Georgetown,GEOR,2025-06-21T22:41:55Z,2025-06-21T22:24:00Z,ARR,bad,17.0
87,True,True,TORONTO,SARNIA,2025-06-21,4,Guelph,GUEL,2025-06-21T23:03:24Z,2025-06-21T22:49:00Z,ARR,med,14.0
87,True,True,TORONTO,SARNIA,2025-06-21,5,Kitchener,KITC,2025-06-21T23:24:13Z,2025-06-21T23:16:00Z,ARR,med,8.0
87,True,True,TORONTO,SARNIA,2025-06-21,6,Stratford,STRF,2025-06-22T00:14:15Z,2025-06-21T23:57:00Z,ARR,bad,17.0
87,True,True,TORONTO,SARNIA,2025-06-21,7,St.Marys,SMYS,2025-06-22T00:42:42Z,2025-06-22T00:25:00Z,ARR,bad,17.0
87,True,True,TORONTO,SARNIA,2025-06-21,8,London,LNDN,2025-06-22T01:35:41Z,2025-06-22T01:13:00Z,ARR,bad,22.0
87,True,True,TORONTO,SARNIA,2025-06-21,9,Strathroy,STRR,2025-06-22T02:03:59Z,2025-06-22T01:39:00Z,ARR,bad,24.0
87,True,True,TORONTO,SARNIA,2025-06-21,10,Wyoming,WYOM,2025-06-22T02:33:03Z,2025-06-22T02:07:00Z,ARR,bad,26.0
87,True,True,TORONTO,SARNIA,2025-06-21,11,Sarnia,SARN,2025-06-22T02:50:12Z,2025-06-22T02:24:00Z,ARR,bad,26.0
59,True,True,OTTAWA,TORONTO,2025-06-21,0,Ottawa,OTTW,2025-06-21T22:03:00Z,2025-06-21T22:03:00Z,ARR,goo,0.0
59,True,True,OTTAWA,TORONTO,2025-06-21,1,Fallowfield,FALL,2025-06-21T22:21:18Z,2025-06-21T22:20:00Z,ARR,goo,1.0
59,True,True,OTTAWA,TORONTO,2025-06-21,2,Smiths Falls,SMTF,2025-06-21T22:48:56Z,2025-06-21T22:51:00Z,ARR,goo,-2.0
59,True,True,OTTAWA,TORONTO,2025-06-21,3,Brockville,BRKV,2025-06-21T23:25:33Z,2025-06-21T23:25:00Z,ARR,goo,0.0
59,True,True,OTTAWA,TORONTO,2025-06-21,4,Kingston,KGON,2025-06-22T00:17:35Z,2025-06-22T00:10:00Z,ARR,med,7.0
59,True,True,OTTAWA,TORONTO,2025-06-21,5,Belleville,BLVL,2025-06-22T01:04:30Z,2025-06-22T00:51:00Z,ARR,med,13.0
59,True,True,OTTAWA,TORONTO,2025-06-21,6,Trenton Jct.,TRNJ,2025-06-22T01:18:35Z,2025-06-22T01:05:00Z,ARR,med,13.0
59,True,True,OTTAWA,TORONTO,2025-06-21,7,Cobourg,CBRG,2025-06-22T01:50:36Z,2025-06-22T01:31:00Z,ARR,bad,19.0
59,True,True,OTTAWA,TORONTO,2025-06-21,8,Oshawa,OSHA,2025-06-22T02:32:57Z,2025-06-22T02:05:00Z,ARR,bad,27.0
59,True,True,OTTAWA,TORONTO,2025-06-21,9,Guildwood,GUIL,2025-06-22T03:00:18Z,2025-06-22T02:28:00Z,ARR,bad,32.0
59,True,True,OTTAWA,TORONTO,2025-06-21,10,Toronto,TRTO,2025-06-22T03:18:49Z,2025-06-22T02:48:00Z,ARR,bad,30.0
78,True,True,WINDSOR,TORONTO,2025-06-21,0,Windsor,WDON,2025-06-21T21:40:00Z,2025-06-21T21:40:00Z,ARR,goo,0.0
78,True,True,WINDSOR,TORONTO,2025-06-21,1,Chatham,CHAT,2025-06-21T22:22:33Z,2025-06-21T22:24:00Z,ARR,goo,-1.0
78,True,True,WINDSOR,TORONTO,2025-06-21,2,Glencoe,GLNC,2025-06-21T23:10:51Z,2025-06-21T22:59:00Z,ARR,med,11.0
78,True,True,WINDSOR,TORONTO,2025-06-21,3,London,LNDN,2025-06-21T23:45:06Z,2025-06-21T23:32:00Z,ARR,med,13.0
78,True,True,WINDSOR,TORONTO,2025-06-21,4,Ingersoll,INGR,2025-06-22T00:47:13Z,2025-06-21T23:57:00Z,ARR,bad,50.0
78,True,True,WINDSOR,TORONTO,2025-06-21,5,Woodstock,WDST,2025-06-22T00:58:09Z,2025-06-22T00:08:00Z,ARR,bad,50.0
78,True,True,WINDSOR,TORONTO,2025-06-21,6,Brantford,BRTF,2025-06-22T01:27:41Z,2025-06-22T00:39:00Z,ARR,bad,48.0
78,True,True,WINDSOR,TORONTO,2025-06-21,7,Aldershot,ALDR,2025-06-22T02:05:08Z,2025-06-22T01:09:00Z,ARR,bad,56.0
78,True,True,WINDSOR,TORONTO,2025-06-21,8,Oakville,OAKV,2025-06-22T02:19:59Z,2025-06-22T01:24:00Z,ARR,bad,55.0
78,True,True,WINDSOR,TORONTO,2025-06-21,9,Toronto,TRTO,2025-06-22T02:45:22Z,2025-06-22T01:50:00Z,ARR,bad,55.0
38,True,True,OTTAWA,MONTRÉAL,2025-06-21,0,Ottawa,OTTW,2025-06-21T21:55:00Z,2025-06-21T21:55:00Z,ARR,goo,0.0
38,True,True,OTTAWA,MONTRÉAL,2025-06-21,1,Casselman,CSLM,2025-06-21T22:20:44Z,2025-06-21T22:26:00Z,ARR,goo,-5.0
38,True,True,OTTAWA,MONTRÉAL,2025-06-21,2,Alexandria,ALEX,2025-06-21T22:43:18Z,2025-06-21T22:49:00Z,ARR,goo,-5.0
38,True,True,OTTAWA,MONTRÉAL,2025-06-21,3,Dorval,DORV,2025-06-21T23:41:28Z,2025-06-21T23:33:00Z,ARR,med,8.0
38,True,True,OTTAWA,MONTRÉAL,2025-06-21,4,Montréal,MTRL,2025-06-22T00:08:20Z,2025-06-21T23:57:00Z,ARR,med,11.0
79,True,False,TORONTO,WINDSOR,2025-06-21,0,Toronto,TRTO,2025-06-22T00:37:00Z,2025-06-21T23:45:00Z,ARR,bad,52.0
79,True,False,TORONTO,WINDSOR,2025-06-21,1,Oakville,OAKV,2025-06-22T01:03:51Z,2025-06-22T00:07:00Z,ARR,bad,56.0
79,True,False,TORONTO,WINDSOR,2025-06-21,2,Aldershot,ALDR,2025-06-22T01:23:13Z,2025-06-22T00:22:00Z,ARR,bad,61.0
79,True,False,TORONTO,WINDSOR,2025-06-21,3,Brantford,BRTF,2025-06-22T02:01:21Z,2025-06-22T00:50:00Z,ARR,bad,71.0
79,True,False,TORONTO,WINDSOR,2025-06-21,4,Woodstock,WDST,2025-06-22T02:35:01Z,2025-06-22T01:17:00Z,ARR,bad,78.0
79,True,False,TORONTO,WINDSOR,2025-06-21,5,Ingersoll,INGR,2025-06-22T02:46:53Z,2025-06-22T01:30:00Z,ARR,bad,76.0
79,True,False,TORONTO,WINDSOR,2025-06-21,6,London,LNDN,2025-06-22T03:10:04Z,2025-06-22T01:52:00Z,ARR,bad,78.0
79,True,False,TORONTO,WINDSOR,2025-06-21,7,Glencoe,GLNC,2025-06-22T03:43:26Z,2025-06-22T02:25:00Z,19 mins,bad,78.0
79,True,False,TORONTO,WINDSOR,2025-06-21,8,Chatham,CHAT,2025-06-22T04:15:26Z,2025-06-22T02:57:00Z,51 mins,bad,78.0
79,True,False,TORONTO,WINDSOR,2025-06-21,9,Windsor,WDON,2025-06-22T05:02:26Z,2025-06-22T03:44:00Z,1h38,bad,78.0
