train_id,departed,arrived,from,to,instance,stop_id,station,code,estimated,scheduled,eta,diff,diffMin
2 (12-22),True,True,VANCOUVER,TORONTO,2025-12-22,0,Vancouver,VCVR,2025-12-22T23:00:00Z,2025-12-22T23:00:00Z,ARR,goo,0.0
2 (12-22),True,True,VANCOUVER,TORONTO,2025-12-22,1,Mission Harbour,MSNH,2025-12-23T01:10:47Z,2025-12-23T00:35:00Z,ARR,bad,35.0
2 (12-22),True,True,VANCOUVER,TORONTO,2025-12-22,2,Agassiz,AGAS,2025-12-23T01:56:06Z,2025-12-23T01:03:00Z,ARR,bad,53.0
2 (12-22),True,True,VANCOUVER,TORONTO,2025-12-22,3,Katz,KATZ,2025-12-23T02:10:35Z,2025-12-23T01:17:00Z,ARR,bad,53.0
2 (12-22),True,True,VANCOUVER,TORONTO,2025-12-22,4,North Bend,NBND,2025-12-23T03:51:38Z,2025-12-23T03:46:00Z,ARR,goo,5.0
2 (12-22),True,True,VANCOUVER,TORONTO,2025-12-22,5,Ashcroft,ASHN,2025-12-23T06:41:23Z,2025-12-23T06:32:00Z,ARR,med,9.0
2 (12-22),True,True,VANCOUVER,TORONTO,2025-12-22,6,Kamloops North,KAMN,2025-12-23T08:24:51Z,2025-12-23T08:17:00Z,ARR,med,7.0
2 (12-22),True,True,VANCOUVER,TORONTO,2025-12-22,7,Clearwater,CLWT,2025-12-23T11:17:27Z,2025-12-23T10:58:00Z,ARR,med,19.0
2 (12-22),True,True,VANCOUVER,TORONTO,2025-12-22,8,Blue River,BLUE,2025-12-23T13:30:05Z,2025-12-23T13:11:00Z,ARR,med,19.0
2 (12-22),True,True,VANCOUVER,TORONTO,2025-12-22,9,Valemount,VLMT,2025-12-23T15:03:16Z,2025-12-23T15:01:00Z,ARR,goo,2.0
2 (12-22),True,True,VANCOUVER,TORONTO,2025-12-22,10,Jasper,JASP,2025-12-23T18:03:31Z,2025-12-23T18:00:00Z,ARR,goo,3.0
2 (12-22),True,True,VANCOUVER,TORONTO,2025-12-22,11,Hinton,HINT,2025-12-23T21:35:38Z,2025-12-23T20:45:00Z,ARR,bad,50.0
2 (12-22),True,True,VANCOUVER,TORONTO,2025-12-22,12,Edson,EDSN,2025-12-23T23:01:09Z,2025-12-23T22:19:00Z,ARR,bad,42.0
2 (12-22),True,True,VANCOUVER,TORONTO,2025-12-22,13,Evansburg,EVAN,2025-12-24T00:00:33Z,2025-12-23T23:28:00Z,ARR,bad,32.0
2 (12-22),True,True,VANCOUVER,TORONTO,2025-12-22,14,Edmonton,EDMO,2025-12-24T01:26:23Z,2025-12-24T01:50:00Z,ARR,goo,-23.0
2 (12-22),True,True,VANCOUVER,TORONTO,2025-12-22,15,Viking,VKNG,2025-12-24T05:43:34Z,2025-12-24T04:53:00Z,ARR,bad,50.0
2 (12-22),True,True,VANCOUVER,TORONTO,2025-12-22,16,Wainwright,WAIN,2025-12-24T06:53:38Z,2025-12-24T07:14:00Z,ARR,goo,-20.0
2 (12-22),True,True,VANCOUVER,TORONTO,2025-12-22,17,Unity,UNIT,2025-12-24T08:49:24Z,2025-12-24T08:47:00Z,ARR,goo,2.0
2 (12-22),True,True,VANCOUVER,TORONTO,2025-12-22,18,Biggar,BIGG,2025-12-24T10:08:38Z,2025-12-24T10:21:00Z,ARR,goo,-12.0
2 (12-22),True,True,VANCOUVER,TORONTO,2025-12-22,19,Saskatoon,SASK,2025-12-24T12:09:04Z,2025-12-24T12:57:00Z,ARR,goo,-47.0
2 (12-22),True,True,VANCOUVER,TORONTO,2025-12-22,20,Watrous,WATR,2025-12-24T15:33:33Z,2025-12-24T15:26:00Z,ARR,med,7.0
2 (12-22),True,True,VANCOUVER,TORONTO,2025-12-22,21,Melville,MELV,2025-12-24T20:00:56Z,2025-12-24T19:47:00Z,ARR,med,13.0
2 (12-22),True,True,VANCOUVER,TORONTO,2025-12-22,22,Rivers,RVRS,2025-12-24T23:05:02Z,2025-12-24T23:22:00Z,ARR,goo,-16.0
2 (12-22),True,True,VANCOUVER,TORONTO,2025-12-22,23,Portage La Prairie,PLPX,2025-12-25T01:42:54Z,2025-12-25T01:15:00Z,ARR,bad,27.0
2 (12-22),True,True,VANCOUVER,TORONTO,2025-12-22,24,Winnipeg,WNPG,2025-12-25T04:27:01Z,2025-12-25T04:00:00Z,ARR,bad,27.0
2 (12-22),True,True,VANCOUVER,TORONTO,2025-12-22,25,Elma,ELMA,2025-12-25T07:40:47Z,2025-12-25T06:37:00Z,ARR,bad,63.0
2 (12-22),True,True,VANCOUVER,TORONTO,2025-12-22,26,Brereton Lake,BRTL,2025-12-25T09:13:52Z,2025-12-25T06:58:00Z,ARR,bad,135.0
2 (12-22),True,True,VANCOUVER,TORONTO,2025-12-22,27,Ophir,OPHR,2025-12-25T09:26:39Z,2025-12-25T07:16:00Z,ARR,bad,130.0
2 (12-22),True,True,VANCOUVER,TORONTO,2025-12-22,28,Winnitoba,WNTB,2025-12-25T09:30:05Z,2025-12-25T07:21:00Z,ARR,bad,129.0
2 (12-22),True,True,VANCOUVER,TORONTO,2025-12-22,29,Rice Lake,RCLK,2025-12-25T09:37:03Z,2025-12-25T07:35:00Z,ARR,bad,122.0
2 (12-22),True,True,VANCOUVER,TORONTO,2025-12-22,30,Copelands Landing,COPE,2025-12-25T09:42:24Z,2025-12-25T07:38:00Z,ARR,bad,124.0
2 (12-22),True,True,VANCOUVER,TORONTO,2025-12-22,31,Malachi,MLCH,2025-12-25T09:48:20Z,2025-12-25T07:40:00Z,ARR,bad,128.0
2 (12-22),True,True,VANCOUVER,TORONTO,2025-12-22,32,Ottermere,OTTM,2025-12-25T09:52:47Z,2025-12-25T07:46:00Z,ARR,bad,126.0
2 (12-22),True,True,VANCOUVER,TORONTO,2025-12-22,33,Minaki,MNKI,2025-12-25T10:07:24Z,2025-12-25T08:03:00Z,ARR,bad,124.0
2 (12-22),True,True,VANCOUVER,TORONTO,2025-12-22,34,Redditt,RDDT,2025-12-25T10:26:48Z,2025-12-25T08:29:00Z,ARR,bad,117.0
2 (12-22),True,True,VANCOUVER,TORONTO,2025-12-22,35,Farlane,FARL,2025-12-25T10:41:03Z,2025-12-25T08:46:00Z,ARR,bad,115.0
2 (12-22),True,True,VANCOUVER,TORONTO,2025-12-22,36,Canyon,CNYK,2025-12-25T11:22:46Z,2025-12-25T09:23:00Z,ARR,bad,119.0
2 (12-22),True,True,VANCOUVER,TORONTO,2025-12-22,37,Red Lake Road,RLRX,2025-12-25T11:46:45Z,2025-12-25T09:51:00Z,ARR,bad,115.0
2 (12-22),True,True,VANCOUVER,TORONTO,2025-12-22,38,Richan,RCHN,2025-12-25T12:16:49Z,2025-12-25T10:28:00Z,ARR,bad,108.0
2 (12-22),True,True,VANCOUVER,TORONTO,2025-12-22,39,Sioux Lookout,SLKT,2025-12-25T13:46:09Z,2025-12-25T12:01:00Z,ARR,bad,105.0
2 (12-22),True,True,VANCOUVER,TORONTO,2025-12-22,40,Savant Lake,SAVL,2025-12-25T15:22:48Z,2025-12-25T14:14:00Z,ARR,bad,68.0
2 (12-22),True,True,VANCOUVER,TORONTO,2025-12-22,41,Flindt Landing,FLTL,2025-12-25T15:39:48Z,2025-12-25T14:31:00Z,ARR,bad,68.0
2 (12-22),True,True,VANCOUVER,TORONTO,2025-12-22,42,Allanwater Bridge,ALWB,2025-12-25T16:15:29Z,2025-12-25T14:46:00Z,ARR,bad,89.0
2 (12-22),True,True,VANCOUVER,TORONTO,2025-12-22,43,Collins,COLL,2025-12-25T16:53:38Z,2025-12-25T15:26:00Z,ARR,bad,87.0
2 (12-22),True,True,VANCOUVER,TORONTO,2025-12-22,44,Armstrong,ARMG,2025-12-25T17:17:04Z,2025-12-25T15:57:00Z,ARR,bad,80.0
2 (12-22),True,True,VANCOUVER,TORONTO,2025-12-22,45,Mud River,MUDR,2025-12-25T17:54:33Z,2025-12-25T16:29:00Z,ARR,bad,85.0
2 (12-22),True,True,VANCOUVER,TORONTO,2025-12-22,46,Ferland,FERL,2025-12-25T18:02:33Z,2025-12-25T16:37:00Z,ARR,bad,85.0
2 (12-22),True,True,VANCOUVER,TORONTO,2025-12-22,47,Auden,AUDN,2025-12-25T18:29:11Z,2025-12-25T17:14:00Z,ARR,bad,75.0
2 (12-22),True,True,VANCOUVER,TORONTO,2025-12-22,48,Nakina,NAKI,2025-12-25T20:23:53Z,2025-12-25T18:20:00Z,ARR,bad,123.0
2 (12-22),True,True,VANCOUVER,TORONTO,2025-12-22,49,Longlac,LLAC,2025-12-25T20:56:40Z,2025-12-25T19:11:00Z,ARR,bad,105.0
2 (12-22),True,True,VANCOUVER,TORONTO,2025-12-22,50,Caramat,CARA,2025-12-25T21:19:26Z,2025-12-25T19:39:00Z,ARR,bad,100.0
2 (12-22),True,True,VANCOUVER,TORONTO,2025-12-22,51,Hillsport,HLSP,2025-12-25T22:02:04Z,2025-12-25T20:29:00Z,ARR,bad,93.0
2 (12-22),True,True,VANCOUVER,TORONTO,2025-12-22,52,Hornepayne,HNPN,2025-12-25T23:04:39Z,2025-12-25T22:44:00Z,ARR,bad,20.0
2 (12-22),True,True,VANCOUVER,TORONTO,2025-12-22,53,Oba,OBAX,2025-12-26T00:26:02Z,2025-12-26T00:30:00Z,ARR,goo,-3.0
2 (12-22),True,True,VANCOUVER,TORONTO,2025-12-22,54,Elsas,ELSA,2025-12-26T02:17:23Z,2025-12-26T02:04:00Z,ARR,med,13.0
2 (12-22),True,True,VANCOUVER,TORONTO,2025-12-22,55,Foleyet,FOLE,2025-12-26T03:00:23Z,2025-12-26T03:27:00Z,ARR,goo,-26.0
2 (12-22),True,True,VANCOUVER,TORONTO,2025-12-22,56,Gogama,GOGA,2025-12-26T04:18:35Z,2025-12-26T05:02:00Z,ARR,goo,-43.0
2 (12-22),True,True,VANCOUVER,TORONTO,2025-12-22,57,Westree,WSTR,2025-12-26T04:45:24Z,2025-12-26T05:35:00Z,ARR,goo,-49.0
2 (12-22),True,True,VANCOUVER,TORONTO,2025-12-22,58,Ruel,RUEL,2025-12-26T05:00:46Z,2025-12-26T05:52:00Z,ARR,goo,-51.0
2 (12-22),True,True,VANCOUVER,TORONTO,2025-12-22,59,Felix,FELX,2025-12-26T06:00:00Z,2025-12-26T06:00:00Z,ARR,goo,0.0
2 (12-22),True,True,VANCOUVER,TORONTO,2025-12-22,60,McKee's Camp,MCKC,2025-12-26T06:20:00Z,2025-12-26T06:20:00Z,ARR,goo,0.0
2 (12-22),True,True,VANCOUVER,TORONTO,2025-12-22,61,Laforest,LAFO,2025-12-26T06:33:00Z,2025-12-26T06:33:00Z,ARR,goo,0.0
2 (12-22),True,True,VANCOUVER,TORONTO,2025-12-22,62,Capreol,CAPR,2025-12-26T06:24:38Z,2025-12-26T08:47:00Z,ARR,goo,-142.0
2 (12-22),True,True,VANCOUVER,TORONTO,2025-12-22,63,Sudbury (Jct.),SUDJ,2025-12-26T09:37:07Z,2025-12-26T09:49:00Z,ARR,goo,-11.0
2 (12-22),True,True,VANCOUVER,TORONTO,2025-12-22,64,Parry Sound,PARS,2025-12-26T12:42:19Z,2025-12-26T13:00:00Z,ARR,goo,-17.0
2 (12-22),True,True,VANCOUVER,TORONTO,2025-12-22,65,Washago,WSHG,2025-12-26T14:54:39Z,2025-12-26T15:00:00Z,ARR,goo,-5.0
2 (12-22),True,True,VANCOUVER,TORONTO,2025-12-22,66,Toronto,TRTO,2025-12-26T17:35:33Z,2025-12-26T19:29:00Z,ARR,goo,-113.0
1 (12-24),True,False,TORONTO,VANCOUVER,2025-12-24,0,Toronto,TRTO,2025-12-24T14:55:00Z,2025-12-24T14:55:00Z,ARR,goo,0.0
1 (12-24),True,False,TORONTO,VANCOUVER,2025-12-24,1,Washago,WSHG,2025-12-24T18:06:34Z,2025-12-24T17:25:00Z,ARR,bad,41.0
1 (12-24),True,False,TORONTO,VANCOUVER,2025-12-24,2,South Parry,SPAR,2025-12-24T20:16:33Z,2025-12-24T19:27:00Z,ARR,bad,49.0
1 (12-24),True,False,TORONTO,VANCOUVER,2025-12-24,3,Sudbury (Jct.),SUDJ,2025-12-24T22:52:13Z,2025-12-24T21:57:00Z,ARR,bad,55.0
1 (12-24),True,False,TORONTO,VANCOUVER,2025-12-24,4,Capreol,CAPR,2025-12-24T23:17:34Z,2025-12-24T22:22:00Z,ARR,bad,55.0
1 (12-24),True,False,TORONTO,VANCOUVER,2025-12-24,5,Laforest,LAFO,2025-12-25T00:29:59Z,2025-12-24T23:48:00Z,ARR,bad,41.0
1 (12-24),True,False,TORONTO,VANCOUVER,2025-12-24,6,McKee's Camp,MCKC,2025-12-25T00:42:59Z,2025-12-25T00:01:00Z,ARR,bad,41.0
1 (12-24),True,False,TORONTO,VANCOUVER,2025-12-24,7,Felix,FELX,2025-12-25T01:02:59Z,2025-12-25T00:21:00Z,ARR,bad,41.0
1 (12-24),True,False,TORONTO,VANCOUVER,2025-12-24,8,Ruel,RUEL,2025-12-25T01:09:59Z,2025-12-25T00:28:00Z,ARR,bad,41.0
1 (12-24),True,False,TORONTO,VANCOUVER,2025-12-24,9,Westree,WSTR,2025-12-25T01:53:05Z,2025-12-25T00:45:00Z,ARR,bad,68.0
1 (12-24),True,False,TORONTO,VANCOUVER,2025-12-24,10,Gogama,GOGA,2025-12-25T02:47:56Z,2025-12-25T01:18:00Z,ARR,bad,89.0
1 (12-24),True,False,TORONTO,VANCOUVER,2025-12-24,11,Foleyet,FOLE,2025-12-25T04:12:54Z,2025-12-25T03:44:00Z,ARR,bad,28.0
1 (12-24),True,False,TORONTO,VANCOUVER,2025-12-24,12,Elsas,ELSA,2025-12-25T05:05:05Z,2025-12-25T04:38:00Z,ARR,bad,27.0
1 (12-24),True,False,TORONTO,VANCOUVER,2025-12-24,13,Oba,OBAX,2025-12-25T06:51:02Z,2025-12-25T06:38:00Z,ARR,med,13.0
1 (12-24),True,False,TORONTO,VANCOUVER,2025-12-24,14,Hornepayne,HNPN,2025-12-25T07:05:21Z,2025-12-25T07:29:00Z,ARR,goo,-23.0
1 (12-24),True,False,TORONTO,VANCOUVER,2025-12-24,15,Hillsport,HLSP,2025-12-25T09:03:57Z,2025-12-25T09:05:00Z,ARR,goo,-1.0
1 (12-24),True,False,TORONTO,VANCOUVER,2025-12-24,16,Caramat,CARA,2025-12-25T09:53:57Z,2025-12-25T09:55:00Z,ARR,goo,-1.0
1 (12-24),True,False,TORONTO,VANCOUVER,2025-12-24,17,Longlac,LLAC,2025-12-25T10:16:32Z,2025-12-25T10:34:00Z,ARR,goo,-17.0
1 (12-24),True,False,TORONTO,VANCOUVER,2025-12-24,18,Nakina,NAKI,2025-12-25T11:09:16Z,2025-12-25T11:13:00Z,ARR,goo,-3.0
1 (12-24),True,False,TORONTO,VANCOUVER,2025-12-24,19,Auden,AUDN,2025-12-25T12:22:55Z,2025-12-25T12:19:00Z,ARR,goo,3.0
1 (12-24),True,False,TORONTO,VANCOUVER,2025-12-24,20,Ferland,FERL,2025-12-25T12:59:55Z,2025-12-25T12:56:00Z,ARR,goo,3.0
1 (12-24),True,False,TORONTO,VANCOUVER,2025-12-24,21,Mud River,MUDR,2025-12-25T13:08:55Z,2025-12-25T13:05:00Z,ARR,goo,3.0
1 (12-24),True,False,TORONTO,VANCOUVER,2025-12-24,22,Armstrong,ARMG,2025-12-25T13:20:25Z,2025-12-25T14:17:00Z,ARR,goo,-56.0
1 (12-24),True,False,TORONTO,VANCOUVER,2025-12-24,23,Collins,COLL,2025-12-25T14:03:21Z,2025-12-25T14:47:00Z,ARR,goo,-43.0
1 (12-24),True,False,TORONTO,VANCOUVER,2025-12-24,24,Allanwater Bridge,ALWB,2025-12-25T15:24:45Z,2025-12-25T15:26:00Z,ARR,goo,-1.0
1 (12-24),True,False,TORONTO,VANCOUVER,2025-12-24,25,Flindt Landing,FLTL,2025-12-25T15:42:00Z,2025-12-25T15:42:00Z,ARR,goo,0.0
1 (12-24),True,False,TORONTO,VANCOUVER,2025-12-24,26,Savant Lake,SAVL,2025-12-25T15:59:00Z,2025-12-25T15:59:00Z,ARR,goo,0.0
1 (12-24),True,False,TORONTO,VANCOUVER,2025-12-24,27,Sioux Lookout,SLKT,2025-12-25T17:44:22Z,2025-12-25T17:25:00Z,ARR,med,19.0
1 (12-24),True,False,TORONTO,VANCOUVER,2025-12-24,28,Richan,RCHN,2025-12-25T19:27:11Z,2025-12-25T19:05:00Z,ARR,bad,22.0
1 (12-24),True,False,TORONTO,VANCOUVER,2025-12-24,29,Red Lake Road,RLRX,2025-12-25T20:28:05Z,2025-12-25T19:41:00Z,ARR,bad,47.0
1 (12-24),True,False,TORONTO,VANCOUVER,2025-12-24,30,Canyon,CNYK,2025-12-25T20:52:03Z,2025-12-25T20:10:00Z,ARR,bad,42.0
1 (12-24),True,False,TORONTO,VANCOUVER,2025-12-24,31,Farlane,FARL,2025-12-25T21:23:54Z,2025-12-25T20:47:00Z,ARR,bad,36.0
1 (12-24),True,False,TORONTO,VANCOUVER,2025-12-24,32,Redditt,RDDT,2025-12-25T21:39:27Z,2025-12-25T21:23:00Z,ARR,med,16.0
1 (12-24),True,False,TORONTO,VANCOUVER,2025-12-24,33,Minaki,MNKI,2025-12-25T22:02:43Z,2025-12-25T21:44:00Z,ARR,med,18.0
1 (12-24),True,False,TORONTO,VANCOUVER,2025-12-24,34,Ottermere,OTTM,2025-12-25T22:18:01Z,2025-12-25T22:01:00Z,ARR,med,17.0
1 (12-24),True,False,TORONTO,VANCOUVER,2025-12-24,35,Malachi,MLCH,2025-12-25T22:22:18Z,2025-12-25T22:07:00Z,ARR,med,15.0
1 (12-24),True,False,TORONTO,VANCOUVER,2025-12-24,36,Copelands Landing,COPE,2025-12-25T22:21:56Z,2025-12-25T22:09:00Z,ARR,med,12.0
1 (12-24),True,False,TORONTO,VANCOUVER,2025-12-24,37,Rice Lake,RCLK,2025-12-25T22:31:22Z,2025-12-25T22:12:00Z,ARR,med,19.0
1 (12-24),True,False,TORONTO,VANCOUVER,2025-12-24,38,Winnitoba,WNTB,2025-12-25T22:38:53Z,2025-12-25T22:26:00Z,ARR,med,12.0
1 (12-24),True,False,TORONTO,VANCOUVER,2025-12-24,39,Ophir,OPHR,2025-12-25T22:39:50Z,2025-12-25T22:31:00Z,ARR,med,8.0
1 (12-24),True,False,TORONTO,VANCOUVER,2025-12-24,40,Brereton Lake,BRTL,2025-12-25T22:52:48Z,2025-12-25T22:49:00Z,ARR,goo,3.0
1 (12-24),True,False,TORONTO,VANCOUVER,2025-12-24,41,Elma,ELMA,2025-12-25T23:08:36Z,2025-12-25T23:10:00Z,ARR,goo,-1.0
1 (12-24),True,False,TORONTO,VANCOUVER,2025-12-24,42,Winnipeg,WNPG,2025-12-26T00:47:42Z,2025-12-26T01:30:00Z,ARR,goo,-42.0
1 (12-24),True,False,TORONTO,VANCOUVER,2025-12-24,43,Portage La Prairie,PLPX,2025-12-26T04:47:14Z,2025-12-26T05:04:00Z,ARR,goo,-16.0
1 (12-24),True,False,TORONTO,VANCOUVER,2025-12-24,44,Rivers,RVRS,2025-12-26T07:13:16Z,2025-12-26T07:31:00Z,ARR,goo,-17.0
1 (12-24),True,False,TORONTO,VANCOUVER,2025-12-24,45,Melville,MELV,2025-12-26T10:40:34Z,2025-12-26T11:54:00Z,ARR,goo,-73.0
1 (12-24),True,False,TORONTO,VANCOUVER,2025-12-24,46,Watrous,WATR,2025-12-26T14:22:46Z,2025-12-26T14:54:00Z,ARR,goo,-31.0
1 (12-24),True,False,TORONTO,VANCOUVER,2025-12-24,47,Saskatoon,SASK,2025-12-26T15:44:41Z,2025-12-26T16:50:00Z,ARR,goo,-65.0
1 (12-24),True,False,TORONTO,VANCOUVER,2025-12-24,48,Biggar,BIGG,2025-12-26T21:48:11Z,2025-12-26T19:29:00Z,ARR,bad,139.0
1 (12-24),True,False,TORONTO,VANCOUVER,2025-12-24,49,Unity,UNIT,2025-12-26T23:06:51Z,2025-12-26T20:44:00Z,ARR,bad,142.0
1 (12-24),True,False,TORONTO,VANCOUVER,2025-12-24,50,Wainwright,WAIN,2025-12-27T00:43:13Z,2025-12-26T23:33:00Z,ARR,bad,70.0
1 (12-24),True,False,TORONTO,VANCOUVER,2025-12-24,51,Viking,VKNG,2025-12-27T02:54:44Z,2025-12-27T00:26:00Z,ARR,bad,148.0
1 (12-24),True,False,TORONTO,VANCOUVER,2025-12-24,52,Edmonton,EDMO,2025-12-27T06:00:17Z,2025-12-27T03:50:00Z,2h39,bad,130.0
1 (12-24),True,False,TORONTO,VANCOUVER,2025-12-24,53,Evansburg,EVAN,2025-12-27T10:39:17Z,2025-12-27T08:29:00Z,7h18,bad,130.0
1 (12-24),True,False,TORONTO,VANCOUVER,2025-12-24,54,Edson,EDSN,&mdash;,2025-12-27T09:52:00Z,&mdash;,,
1 (12-24),True,False,TORONTO,VANCOUVER,2025-12-24,55,Hinton,HINT,&mdash;,2025-12-27T10:58:00Z,&mdash;,,
1 (12-24),True,False,TORONTO,VANCOUVER,2025-12-24,56,Jasper,JASP,&mdash;,2025-12-27T13:30:00Z,&mdash;,,
2 (12-26),True,False,VANCOUVER,TORONTO,2025-12-26,0,Vancouver,VCVR,2025-12-26T23:01:35Z,2025-12-26T23:00:00Z,ARR,goo,1.0
2 (12-26),True,False,VANCOUVER,TORONTO,2025-12-26,1,Mission Harbour,MSNH,2025-12-27T02:02:28Z,2025-12-27T00:35:00Z,ARR,bad,87.0
2 (12-26),True,False,VANCOUVER,TORONTO,2025-12-26,2,Agassiz,AGAS,2025-12-27T02:49:32Z,2025-12-27T01:03:00Z,ARR,bad,106.0
2 (12-26),True,False,VANCOUVER,TORONTO,2025-12-26,3,Katz,KATZ,2025-12-27T03:04:25Z,2025-12-27T01:17:00Z,ARR,bad,107.0
2 (12-26),True,False,VANCOUVER,TORONTO,2025-12-26,4,North Bend,NBND,2025-12-27T05:29:44Z,2025-12-27T03:46:00Z,2h09,bad,103.0
2 (12-26),True,False,VANCOUVER,TORONTO,2025-12-26,5,Ashcroft,ASHN,2025-12-27T08:15:44Z,2025-12-27T06:32:00Z,4h55,bad,103.0
2 (12-26),True,False,VANCOUVER,TORONTO,2025-12-26,6,Kamloops North,KAMN,&mdash;,2025-12-27T08:17:00Z,&mdash;,,
2 (12-26),True,False,VANCOUVER,TORONTO,2025-12-26,7,Clearwater,CLWT,&mdash;,2025-12-27T10:58:00Z,&mdash;,,
2 (12-26),True,False,VANCOUVER,TORONTO,2025-12-26,8,Blue River,BLUE,&mdash;,2025-12-27T13:11:00Z,&mdash;,,
2 (12-26),True,False,VANCOUVER,TORONTO,2025-12-26,9,Valemount,VLMT,&mdash;,2025-12-27T15:01:00Z,&mdash;,,
692,True,False,CHURCHILL,WINNIPEG,2025-12-25,0,Churchill,CHUR,2025-12-26T10:30:00Z,2025-12-26T02:30:00Z,ARR,bad,480.0
692,True,False,CHURCHILL,WINNIPEG,2025-12-25,1,Tidal,TIDL,2025-12-26T11:47:05Z,2025-12-26T02:52:00Z,ARR,bad,535.0
692,True,False,CHURCHILL,WINNIPEG,2025-12-25,2,Chesnaye,CHES,2025-12-26T12:51:06Z,2025-12-26T03:38:00Z,ARR,bad,553.0
692,True,False,CHURCHILL,WINNIPEG,2025-12-25,3,M'Clintock,MCLI,2025-12-26T14:16:02Z,2025-12-26T04:54:00Z,ARR,bad,562.0
692,True,False,CHURCHILL,WINNIPEG,2025-12-25,4,O'Day,ODAY,2025-12-26T15:30:14Z,2025-12-26T05:39:00Z,ARR,bad,591.0
692,True,False,CHURCHILL,WINNIPEG,2025-12-25,5,Herchmer,HERC,2025-12-26T16:06:09Z,2025-12-26T06:18:00Z,ARR,bad,588.0
692,True,False,CHURCHILL,WINNIPEG,2025-12-25,6,Thibaudeau,THIB,2025-12-26T17:41:16Z,2025-12-26T07:44:00Z,ARR,bad,597.0
692,True,False,CHURCHILL,WINNIPEG,2025-12-25,7,Weir River,WEIR,2025-12-26T18:16:58Z,2025-12-26T08:46:00Z,ARR,bad,570.0
692,True,False,CHURCHILL,WINNIPEG,2025-12-25,8,Amery,AMRY,2025-12-26T18:54:11Z,2025-12-26T09:37:00Z,ARR,bad,557.0
692,True,False,CHURCHILL,WINNIPEG,2025-12-25,9,Bird,BIRD,2025-12-26T19:22:03Z,2025-12-26T10:00:00Z,ARR,bad,562.0
692,True,False,CHURCHILL,WINNIPEG,2025-12-25,10,Gillam,GILL,2025-12-26T20:09:34Z,2025-12-26T11:00:00Z,ARR,bad,549.0
692,True,False,CHURCHILL,WINNIPEG,2025-12-25,11,Wivenhoe,WVHO,2025-12-26T21:16:58Z,2025-12-26T12:16:00Z,ARR,bad,540.0
692,True,False,CHURCHILL,WINNIPEG,2025-12-25,12,Ilford,ILFO,2025-12-26T21:53:00Z,2025-12-26T12:53:00Z,ARR,bad,540.0
692,True,False,CHURCHILL,WINNIPEG,2025-12-25,13,Pit Siding,PITS,2025-12-26T23:22:18Z,2025-12-26T13:54:00Z,ARR,bad,568.0
692,True,False,CHURCHILL,WINNIPEG,2025-12-25,14,Bridgar,BRGR,2025-12-27T00:53:20Z,2025-12-26T15:16:00Z,ARR,bad,577.0
692,True,False,CHURCHILL,WINNIPEG,2025-12-25,15,Pikwitonei,PIKW,2025-12-27T01:06:08Z,2025-12-26T15:27:00Z,ARR,bad,579.0
692,True,False,CHURCHILL,WINNIPEG,2025-12-25,16,Sipiwesk,SIPI,2025-12-27T01:33:08Z,2025-12-26T15:54:00Z,ARR,bad,579.0
692,True,False,CHURCHILL,WINNIPEG,2025-12-25,17,Thompson,THOM,2025-12-27T04:49:47Z,2025-12-26T17:30:00Z,1h29,bad,679.0
692,True,False,CHURCHILL,WINNIPEG,2025-12-25,18,Leven,LEVN,2025-12-27T05:05:00Z,2025-12-26T22:05:00Z,1h44,bad,420.0
692,True,False,CHURCHILL,WINNIPEG,2025-12-25,19,Thicket Portage,THKP,2025-12-27T05:22:00Z,2025-12-26T22:22:00Z,2h01,bad,420.0
692,True,False,CHURCHILL,WINNIPEG,2025-12-25,20,Hockin,HOCK,2025-12-27T05:37:00Z,2025-12-26T22:37:00Z,2h16,bad,420.0
692,True,False,CHURCHILL,WINNIPEG,2025-12-25,21,Odhill,ODHI,2025-12-27T06:21:00Z,2025-12-26T23:21:00Z,3h00,bad,420.0
692,True,False,CHURCHILL,WINNIPEG,2025-12-25,22,Lyddal,LYDD,2025-12-27T06:43:00Z,2025-12-26T23:43:00Z,3h22,bad,420.0
692,True,False,CHURCHILL,WINNIPEG,2025-12-25,23,Wabowden,WBDN,2025-12-27T07:11:00Z,2025-12-27T00:11:00Z,3h50,bad,420.0
692,True,False,CHURCHILL,WINNIPEG,2025-12-25,24,Pipun,PIPN,2025-12-27T07:34:00Z,2025-12-27T00:34:00Z,4h13,bad,420.0
692,True,False,CHURCHILL,WINNIPEG,2025-12-25,25,Ponton,PNTN,2025-12-27T08:17:00Z,2025-12-27T01:17:00Z,4h56,bad,420.0
692,True,False,CHURCHILL,WINNIPEG,2025-12-25,26,Turnbull,TURN,2025-12-27T08:49:00Z,2025-12-27T01:49:00Z,5h28,bad,420.0
692,True,False,CHURCHILL,WINNIPEG,2025-12-25,27,Wekusko,WEKU,2025-12-27T09:16:00Z,2025-12-27T02:16:00Z,5h55,bad,420.0
692,True,False,CHURCHILL,WINNIPEG,2025-12-25,28,Dyce,DYCE,2025-12-27T10:00:00Z,2025-12-27T03:00:00Z,6h39,bad,420.0
692,True,False,CHURCHILL,WINNIPEG,2025-12-25,29,Dering,DERI,2025-12-27T10:39:00Z,2025-12-27T03:39:00Z,7h18,bad,420.0
692,True,False,CHURCHILL,WINNIPEG,2025-12-25,30,Cormorant,CORM,2025-12-27T10:47:00Z,2025-12-27T03:47:00Z,7h26,bad,420.0
692,True,False,CHURCHILL,WINNIPEG,2025-12-25,31,Halcrow,HALC,2025-12-27T10:58:00Z,2025-12-27T03:58:00Z,7h37,bad,420.0
692,True,False,CHURCHILL,WINNIPEG,2025-12-25,32,Orok,OROK,2025-12-27T11:52:00Z,2025-12-27T04:52:00Z,8h31,bad,420.0
692,True,False,CHURCHILL,WINNIPEG,2025-12-25,33,The Pas,TPAS,2025-12-27T12:30:00Z,2025-12-27T05:30:00Z,9h09,bad,420.0
692,True,False,CHURCHILL,WINNIPEG,2025-12-25,34,Hudson Bay,HBAY,2025-12-27T18:27:00Z,2025-12-27T11:27:00Z,15h06,bad,420.0
692,True,False,CHURCHILL,WINNIPEG,2025-12-25,35,Reserve,RSRV,2025-12-27T19:09:00Z,2025-12-27T12:09:00Z,15h48,bad,420.0
692,True,False,CHURCHILL,WINNIPEG,2025-12-25,36,Endeavour,ENDV,2025-12-27T19:55:00Z,2025-12-27T12:55:00Z,16h34,bad,420.0
692,True,False,CHURCHILL,WINNIPEG,2025-12-25,37,Sturgis,STGS,2025-12-27T20:24:00Z,2025-12-27T13:24:00Z,17h03,bad,420.0
692,True,False,CHURCHILL,WINNIPEG,2025-12-25,38,Canora,CANO,2025-12-27T21:08:00Z,2025-12-27T14:08:00Z,17h47,bad,420.0
692,True,False,CHURCHILL,WINNIPEG,2025-12-25,39,Mikado,MIKA,2025-12-27T21:30:00Z,2025-12-27T14:30:00Z,18h09,bad,420.0
692,True,False,CHURCHILL,WINNIPEG,2025-12-25,40,Veregin,VERE,2025-12-27T21:43:00Z,2025-12-27T14:43:00Z,18h22,bad,420.0
692,True,False,CHURCHILL,WINNIPEG,2025-12-25,41,Kamsack,KAMS,2025-12-27T21:58:00Z,2025-12-27T14:58:00Z,18h37,bad,420.0
692,True,False,CHURCHILL,WINNIPEG,2025-12-25,42,Togo,TOGO,2025-12-27T22:37:00Z,2025-12-27T15:37:00Z,19h16,bad,420.0
692,True,False,CHURCHILL,WINNIPEG,2025-12-25,43,Roblin,RBLN,2025-12-27T23:14:00Z,2025-12-27T16:14:00Z,19h53,bad,420.0
692,True,False,CHURCHILL,WINNIPEG,2025-12-25,44,Grandview,GVIE,2025-12-28T00:12:00Z,2025-12-27T17:12:00Z,20h51,bad,420.0
82,True,False,LONDON,TORONTO,2025-12-26,0,Toronto,TRTO,&mdash;,2025-12-26T13:35:00Z,&mdash;,,
31,True,False,MONTRÉAL,OTTAWA,2025-12-26,0,Ottawa,OTTW,&mdash;,2025-12-26T13:25:00Z,&mdash;,,
41,True,False,OTTAWA,TORONTO,2025-12-26,0,Toronto,TRTO,&mdash;,2025-12-26T15:02:00Z,&mdash;,,
63,True,True,MONTRÉAL,TORONTO,2025-12-26,0,Montréal,MTRL,2025-12-26T13:54:53Z,2025-12-26T13:46:00Z,ARR,med,8.0
63,True,True,MONTRÉAL,TORONTO,2025-12-26,1,Dorval,DORV,2025-12-26T14:16:50Z,2025-12-26T14:11:00Z,ARR,goo,5.0
63,True,True,MONTRÉAL,TORONTO,2025-12-26,2,Cornwall,CWLL,2025-12-26T15:28:36Z,2025-12-26T15:04:00Z,ARR,bad,24.0
63,True,True,MONTRÉAL,TORONTO,2025-12-26,3,Brockville,BRKV,2025-12-26T16:16:01Z,2025-12-26T15:54:00Z,ARR,bad,22.0
63,True,True,MONTRÉAL,TORONTO,2025-12-26,4,Kingston,KGON,2025-12-26T17:07:58Z,2025-12-26T16:39:00Z,ARR,bad,28.0
63,True,True,MONTRÉAL,TORONTO,2025-12-26,5,Belleville,BLVL,2025-12-26T17:48:31Z,2025-12-26T17:20:00Z,ARR,bad,28.0
63,True,True,MONTRÉAL,TORONTO,2025-12-26,6,Cobourg,CBRG,2025-12-26T18:28:54Z,2025-12-26T17:58:00Z,ARR,bad,30.0
63,True,True,MONTRÉAL,TORONTO,2025-12-26,7,Oshawa,OSHA,2025-12-26T19:06:48Z,2025-12-26T18:34:00Z,ARR,bad,32.0
63,True,True,MONTRÉAL,TORONTO,2025-12-26,8,Guildwood,GUIL,2025-12-26T19:26:32Z,2025-12-26T18:58:00Z,ARR,bad,28.0
63,True,True,MONTRÉAL,TORONTO,2025-12-26,9,Toronto,TRTO,2025-12-26T19:48:05Z,2025-12-26T19:18:00Z,ARR,bad,30.0
45,True,True,OTTAWA,TORONTO,2025-12-26,0,Ottawa,OTTW,2025-12-26T15:24:00Z,2025-12-26T15:24:00Z,ARR,goo,0.0
45,True,True,OTTAWA,TORONTO,2025-12-26,1,Fallowfield,FALL,2025-12-26T15:41:34Z,2025-12-26T15:40:00Z,ARR,goo,1.0
45,True,True,OTTAWA,TORONTO,2025-12-26,2,Kingston,KGON,2025-12-26T17:42:16Z,2025-12-26T17:26:00Z,ARR,med,16.0
45,True,True,OTTAWA,TORONTO,2025-12-26,3,Toronto,TRTO,2025-12-26T21:12:01Z,2025-12-26T19:48:00Z,ARR,bad,84.0
601,True,True,MONTRÉAL,JONQUIÈRE,2025-12-26,0,Sauvé,SAUV,2025-12-26T13:16:35Z,2025-12-26T13:09:00Z,ARR,med,7.0
601,True,True,MONTRÉAL,JONQUIÈRE,2025-12-26,1,Anjou,ANJO,2025-12-26T13:26:28Z,2025-12-26T13:24:00Z,ARR,goo,2.0
601,True,True,MONTRÉAL,JONQUIÈRE,2025-12-26,2,Joliette,JOLI,2025-12-26T14:07:39Z,2025-12-26T14:05:00Z,ARR,goo,2.0
601,True,True,MONTRÉAL,JONQUIÈRE,2025-12-26,3,St-Justin,SJUS,2025-12-26T14:44:00Z,2025-12-26T14:37:00Z,ARR,med,7.0
601,True,True,MONTRÉAL,JONQUIÈRE,2025-12-26,4,St-Paulin,SPAU,2025-12-26T14:53:33Z,2025-12-26T14:50:00Z,ARR,goo,3.0
601,True,True,MONTRÉAL,JONQUIÈRE,2025-12-26,5,Charette,CHRT,2025-12-26T15:05:41Z,2025-12-26T14:58:00Z,ARR,med,7.0
601,True,True,MONTRÉAL,JONQUIÈRE,2025-12-26,6,Shawinigan,SHWN,2025-12-26T15:33:40Z,2025-12-26T15:18:00Z,ARR,med,15.0
601,True,True,MONTRÉAL,JONQUIÈRE,2025-12-26,7,Grand-Mère,GMRE,2025-12-26T15:48:08Z,2025-12-26T15:30:00Z,ARR,med,18.0
601,True,True,MONTRÉAL,JONQUIÈRE,2025-12-26,8,Garneau,GARN,2025-12-26T16:01:51Z,2025-12-26T15:41:00Z,ARR,bad,20.0
601,True,True,MONTRÉAL,JONQUIÈRE,2025-12-26,9,Saint-Tite,STIT,2025-12-26T16:28:05Z,2025-12-26T15:56:00Z,ARR,bad,32.0
601,True,True,MONTRÉAL,JONQUIÈRE,2025-12-26,10,Hervey,HERV,2025-12-26T16:48:08Z,2025-12-26T16:35:00Z,ARR,med,13.0
601,True,True,MONTRÉAL,JONQUIÈRE,2025-12-26,11,Rousseau,ROUS,2025-12-26T17:30:26Z,2025-12-26T17:20:00Z,ARR,med,10.0
601,True,True,MONTRÉAL,JONQUIÈRE,2025-12-26,12,Rivière-À-Pierre,RAPX,2025-12-26T17:46:26Z,2025-12-26T17:36:00Z,ARR,med,10.0
601,True,True,MONTRÉAL,JONQUIÈRE,2025-12-26,13,Miquick,MIQK,2025-12-26T18:26:26Z,2025-12-26T18:16:00Z,ARR,med,10.0
601,True,True,MONTRÉAL,JONQUIÈRE,2025-12-26,14,Club Jacques-Cartier,JACC,2025-12-26T18:41:26Z,2025-12-26T18:31:00Z,ARR,med,10.0
601,True,True,MONTRÉAL,JONQUIÈRE,2025-12-26,15,Falrie,FALR,2025-12-26T18:44:26Z,2025-12-26T18:34:00Z,ARR,med,10.0
601,True,True,MONTRÉAL,JONQUIÈRE,2025-12-26,16,Pont Beaudet,PBDT,2025-12-26T18:47:26Z,2025-12-26T18:37:00Z,ARR,med,10.0
601,True,True,MONTRÉAL,JONQUIÈRE,2025-12-26,17,Saint-Hilaire,SHPN,2025-12-26T18:49:26Z,2025-12-26T18:39:00Z,ARR,med,10.0
601,True,True,MONTRÉAL,JONQUIÈRE,2025-12-26,18,Bima,BIMA,2025-12-26T18:51:26Z,2025-12-26T18:41:00Z,ARR,med,10.0
601,True,True,MONTRÉAL,JONQUIÈRE,2025-12-26,19,Lac Malouin,LMAL,2025-12-26T18:53:26Z,2025-12-26T18:43:00Z,ARR,med,10.0
601,True,True,MONTRÉAL,JONQUIÈRE,2025-12-26,20,Club Iroquois,IRQC,2025-12-26T18:56:26Z,2025-12-26T18:46:00Z,ARR,med,10.0
601,True,True,MONTRÉAL,JONQUIÈRE,2025-12-26,21,Stadacona,STAD,2025-12-26T19:01:26Z,2025-12-26T18:51:00Z,ARR,med,10.0
601,True,True,MONTRÉAL,JONQUIÈRE,2025-12-26,22,Sanford,SANF,2025-12-26T19:10:26Z,2025-12-26T19:00:00Z,ARR,med,10.0
601,True,True,MONTRÉAL,JONQUIÈRE,2025-12-26,23,Lac-Aux-Perles,PRLL,2025-12-26T19:20:26Z,2025-12-26T19:10:00Z,ARR,med,10.0
601,True,True,MONTRÉAL,JONQUIÈRE,2025-12-26,24,Hirondelle,HRDL,2025-12-26T19:22:27Z,2025-12-26T19:12:01Z,ARR,med,10.0
601,True,True,MONTRÉAL,JONQUIÈRE,2025-12-26,25,Club Nicole,NCLC,2025-12-26T19:30:26Z,2025-12-26T19:20:00Z,ARR,med,10.0
601,True,True,MONTRÉAL,JONQUIÈRE,2025-12-26,26,Club Triton,TRTC,2025-12-26T19:37:26Z,2025-12-26T19:27:00Z,ARR,med,10.0
601,True,True,MONTRÉAL,JONQUIÈRE,2025-12-26,27,Lac-Édouard,LEDW,2025-12-26T20:16:09Z,2025-12-26T19:40:00Z,ARR,bad,36.0
601,True,True,MONTRÉAL,JONQUIÈRE,2025-12-26,28,Cherokee,CHER,2025-12-26T20:27:37Z,2025-12-26T19:54:00Z,ARR,bad,33.0
601,True,True,MONTRÉAL,JONQUIÈRE,2025-12-26,29,Caribou,CARI,2025-12-26T20:29:37Z,2025-12-26T19:56:00Z,ARR,bad,33.0
601,True,True,MONTRÉAL,JONQUIÈRE,2025-12-26,30,Club Grégoire,GRGC,2025-12-26T20:36:37Z,2025-12-26T20:03:00Z,ARR,bad,33.0
601,True,True,MONTRÉAL,JONQUIÈRE,2025-12-26,31,Club Sommet,SMMC,2025-12-26T20:39:37Z,2025-12-26T20:06:00Z,ARR,bad,33.0
601,True,True,MONTRÉAL,JONQUIÈRE,2025-12-26,32,Summit,SMQU,2025-12-26T20:42:37Z,2025-12-26T20:09:00Z,ARR,bad,33.0
601,True,True,MONTRÉAL,JONQUIÈRE,2025-12-26,33,Brooks,BRQU,2025-12-26T20:51:38Z,2025-12-26T20:18:01Z,ARR,bad,33.0
601,True,True,MONTRÉAL,JONQUIÈRE,2025-12-26,34,Kiskissink,KISK,2025-12-26T21:21:32Z,2025-12-26T20:30:00Z,ARR,bad,51.0
601,True,True,MONTRÉAL,JONQUIÈRE,2025-12-26,35,Van Bruyssel,VBRU,2025-12-26T21:22:19Z,2025-12-26T20:31:01Z,ARR,bad,51.0
601,True,True,MONTRÉAL,JONQUIÈRE,2025-12-26,36,Lac Des Roches,LDES,2025-12-26T21:33:08Z,2025-12-26T20:41:00Z,ARR,bad,52.0
601,True,True,MONTRÉAL,JONQUIÈRE,2025-12-26,37,Kondiaronk,KOND,2025-12-26T21:35:23Z,2025-12-26T20:44:00Z,ARR,bad,51.0
601,True,True,MONTRÉAL,JONQUIÈRE,2025-12-26,38,Club Lizotte,LIZO,2025-12-26T21:47:17Z,2025-12-26T20:57:00Z,ARR,bad,50.0
601,True,True,MONTRÉAL,JONQUIÈRE,2025-12-26,39,Lac-Bouchette,LBOU,2025-12-26T22:10:00Z,2025-12-26T21:22:00Z,ARR,bad,48.0
601,True,True,MONTRÉAL,JONQUIÈRE,2025-12-26,40,Chambord,CHBD,2025-12-26T22:43:17Z,2025-12-26T21:58:00Z,ARR,bad,45.0
601,True,True,MONTRÉAL,JONQUIÈRE,2025-12-26,41,Hébertville,HEBV,2025-12-26T23:22:16Z,2025-12-26T22:33:00Z,ARR,bad,49.0
601,True,True,MONTRÉAL,JONQUIÈRE,2025-12-26,42,Jonquière,JONQ,2025-12-27T00:05:22Z,2025-12-26T23:52:00Z,ARR,med,13.0
67,True,True,MONTRÉAL,TORONTO,2025-12-26,0,Montréal,MTRL,2025-12-26T18:24:48Z,2025-12-26T18:22:00Z,ARR,goo,2.0
67,True,True,MONTRÉAL,TORONTO,2025-12-26,1,Dorval,DORV,2025-12-26T18:51:11Z,2025-12-26T18:47:00Z,ARR,goo,4.0
67,True,True,MONTRÉAL,TORONTO,2025-12-26,2,Cornwall,CWLL,2025-12-26T20:18:36Z,2025-12-26T19:38:00Z,ARR,bad,40.0
67,True,True,MONTRÉAL,TORONTO,2025-12-26,3,Kingston,KGON,2025-12-26T21:40:08Z,2025-12-26T21:03:00Z,ARR,bad,37.0
67,True,True,MONTRÉAL,TORONTO,2025-12-26,4,Belleville,BLVL,2025-12-26T22:29:47Z,2025-12-26T21:42:00Z,ARR,bad,47.0
67,True,True,MONTRÉAL,TORONTO,2025-12-26,5,Cobourg,CBRG,2025-12-26T23:07:29Z,2025-12-26T22:17:00Z,ARR,bad,50.0
67,True,True,MONTRÉAL,TORONTO,2025-12-26,6,Oshawa,OSHA,2025-12-26T23:41:42Z,2025-12-26T22:50:00Z,ARR,bad,51.0
67,True,True,MONTRÉAL,TORONTO,2025-12-26,7,Toronto,TRTO,2025-12-27T00:29:49Z,2025-12-26T23:45:00Z,ARR,bad,44.0
22,True,True,OTTAWA,QUÉBEC,2025-12-26,0,Ottawa,OTTW,2025-12-26T11:07:00Z,2025-12-26T11:07:00Z,ARR,goo,0.0
22,True,True,OTTAWA,QUÉBEC,2025-12-26,1,Casselman,CSLM,2025-12-26T11:32:10Z,2025-12-26T11:33:00Z,ARR,goo,0.0
22,True,True,OTTAWA,QUÉBEC,2025-12-26,2,Alexandria,ALEX,2025-12-26T11:54:57Z,2025-12-26T11:55:00Z,ARR,goo,0.0
22,True,True,OTTAWA,QUÉBEC,2025-12-26,3,Coteau,COTO,2025-12-26T12:18:02Z,2025-12-26T12:23:00Z,ARR,goo,-4.0
22,True,True,OTTAWA,QUÉBEC,2025-12-26,4,Dorval,DORV,2025-12-26T12:44:28Z,2025-12-26T12:47:00Z,ARR,goo,-2.0
22,True,True,OTTAWA,QUÉBEC,2025-12-26,5,Montréal,MTRL,2025-12-26T13:10:05Z,2025-12-26T13:11:00Z,ARR,goo,0.0
22,True,True,OTTAWA,QUÉBEC,2025-12-26,6,St. Lambert,SLAM,2025-12-26T13:52:34Z,2025-12-26T13:49:00Z,ARR,goo,3.0
22,True,True,OTTAWA,QUÉBEC,2025-12-26,7,St. Hyacinthe,SHYA,2025-12-26T15:02:44Z,2025-12-26T14:16:00Z,ARR,bad,46.0
22,True,True,OTTAWA,QUÉBEC,2025-12-26,8,Drummondville,DRMV,2025-12-26T15:33:21Z,2025-12-26T14:44:00Z,ARR,bad,49.0
22,True,True,OTTAWA,QUÉBEC,2025-12-26,9,Ste-Foy,SFOY,2025-12-26T17:13:16Z,2025-12-26T16:19:00Z,ARR,bad,54.0
22,True,True,OTTAWA,QUÉBEC,2025-12-26,10,Québec,QBEC,2025-12-26T17:42:01Z,2025-12-26T16:47:00Z,ARR,bad,55.0
52,True,True,TORONTO,OTTAWA,2025-12-26,0,Toronto,TRTO,2025-12-26T13:37:27Z,2025-12-26T13:32:00Z,ARR,goo,5.0
52,True,True,TORONTO,OTTAWA,2025-12-26,1,Guildwood,GUIL,2025-12-26T13:56:33Z,2025-12-26T13:50:00Z,ARR,med,6.0
52,True,True,TORONTO,OTTAWA,2025-12-26,2,Oshawa,OSHA,2025-12-26T14:19:00Z,2025-12-26T14:09:00Z,ARR,med,10.0
52,True,True,TORONTO,OTTAWA,2025-12-26,3,Cobourg,CBRG,2025-12-26T14:57:43Z,2025-12-26T14:44:00Z,ARR,med,13.0
52,True,True,TORONTO,OTTAWA,2025-12-26,4,Belleville,BLVL,2025-12-26T15:35:52Z,2025-12-26T15:20:00Z,ARR,med,15.0
52,True,True,TORONTO,OTTAWA,2025-12-26,5,Kingston,KGON,2025-12-26T16:32:30Z,2025-12-26T16:00:00Z,ARR,bad,32.0
52,True,True,TORONTO,OTTAWA,2025-12-26,6,Brockville,BRKV,2025-12-26T17:48:06Z,2025-12-26T16:57:00Z,ARR,bad,51.0
52,True,True,TORONTO,OTTAWA,2025-12-26,7,Smiths Falls,SMTF,2025-12-26T20:05:00Z,2025-12-26T17:35:00Z,ARR,bad,150.0
52,True,True,TORONTO,OTTAWA,2025-12-26,8,Fallowfield,FALL,2025-12-26T20:41:00Z,2025-12-26T18:11:00Z,ARR,bad,150.0
52,True,True,TORONTO,OTTAWA,2025-12-26,9,Ottawa,OTTW,2025-12-26T21:02:00Z,2025-12-26T18:32:00Z,ARR,bad,150.0
84,True,True,SARNIA,TORONTO,2025-12-26,0,Sarnia,SARN,2025-12-26T13:40:00Z,2025-12-26T13:40:00Z,ARR,goo,0.0
84,True,True,SARNIA,TORONTO,2025-12-26,1,Wyoming,WYOM,2025-12-26T13:59:09Z,2025-12-26T13:55:00Z,ARR,goo,4.0
84,True,True,SARNIA,TORONTO,2025-12-26,2,Strathroy,STRR,2025-12-26T14:26:47Z,2025-12-26T14:27:00Z,ARR,goo,0.0
84,True,True,SARNIA,TORONTO,2025-12-26,3,London,LNDN,2025-12-26T14:53:27Z,2025-12-26T14:52:00Z,ARR,goo,1.0
84,True,True,SARNIA,TORONTO,2025-12-26,4,St.Marys,SMYS,2025-12-26T15:51:49Z,2025-12-26T15:45:00Z,ARR,med,6.0
84,True,True,SARNIA,TORONTO,2025-12-26,5,Stratford,STRF,2025-12-26T16:23:15Z,2025-12-26T16:14:00Z,ARR,med,9.0
84,True,True,SARNIA,TORONTO,2025-12-26,6,Kitchener,KITC,2025-12-26T17:13:06Z,2025-12-26T17:02:00Z,ARR,med,11.0
84,True,True,SARNIA,TORONTO,2025-12-26,7,Guelph,GUEL,2025-12-26T17:49:42Z,2025-12-26T17:24:00Z,ARR,bad,25.0
84,True,True,SARNIA,TORONTO,2025-12-26,8,Georgetown,GEOR,2025-12-26T18:14:40Z,2025-12-26T17:47:00Z,ARR,bad,27.0
84,True,True,SARNIA,TORONTO,2025-12-26,9,Brampton,BRMP,2025-12-26T18:28:26Z,2025-12-26T17:59:00Z,ARR,bad,29.0
84,True,True,SARNIA,TORONTO,2025-12-26,10,Malton,MALT,2025-12-26T18:41:33Z,2025-12-26T18:11:00Z,ARR,bad,30.0
84,True,True,SARNIA,TORONTO,2025-12-26,11,Toronto,TRTO,2025-12-26T19:02:50Z,2025-12-26T18:38:00Z,ARR,bad,24.0
65,True,True,MONTRÉAL,TORONTO,2025-12-26,0,Montréal,MTRL,2025-12-26T15:49:00Z,2025-12-26T15:49:00Z,ARR,goo,0.0
65,True,True,MONTRÉAL,TORONTO,2025-12-26,1,Dorval,DORV,2025-12-26T16:13:31Z,2025-12-26T16:12:00Z,ARR,goo,1.0
65,True,True,MONTRÉAL,TORONTO,2025-12-26,2,Cornwall,CWLL,2025-12-26T17:07:48Z,2025-12-26T17:06:00Z,ARR,goo,1.0
65,True,True,MONTRÉAL,TORONTO,2025-12-26,3,Kingston,KGON,2025-12-26T18:50:57Z,2025-12-26T18:36:00Z,ARR,med,14.0
65,True,True,MONTRÉAL,TORONTO,2025-12-26,4,Belleville,BLVL,2025-12-26T19:39:01Z,2025-12-26T19:20:00Z,ARR,med,19.0
65,True,True,MONTRÉAL,TORONTO,2025-12-26,5,Cobourg,CBRG,2025-12-26T20:16:31Z,2025-12-26T19:58:00Z,ARR,med,18.0
65,True,True,MONTRÉAL,TORONTO,2025-12-26,6,Oshawa,OSHA,2025-12-26T20:54:47Z,2025-12-26T20:34:00Z,ARR,bad,20.0
65,True,True,MONTRÉAL,TORONTO,2025-12-26,7,Toronto,TRTO,2025-12-26T21:35:49Z,2025-12-26T21:18:00Z,ARR,med,17.0
33,True,True,QUÉBEC,OTTAWA,2025-12-26,0,Québec,QBEC,2025-12-26T10:29:00Z,2025-12-26T10:29:00Z,ARR,goo,0.0
33,True,True,QUÉBEC,OTTAWA,2025-12-26,1,Ste-Foy,SFOY,2025-12-26T10:55:42Z,2025-12-26T10:54:00Z,ARR,goo,1.0
33,True,True,QUÉBEC,OTTAWA,2025-12-26,2,Charny,CHNY,2025-12-26T11:05:53Z,2025-12-26T11:03:00Z,ARR,goo,2.0
33,True,True,QUÉBEC,OTTAWA,2025-12-26,3,Drummondville,DRMV,2025-12-26T12:37:09Z,2025-12-26T12:26:00Z,ARR,med,11.0
33,True,True,QUÉBEC,OTTAWA,2025-12-26,4,St. Hyacinthe,SHYA,2025-12-26T13:09:05Z,2025-12-26T12:57:00Z,ARR,med,12.0
33,True,True,QUÉBEC,OTTAWA,2025-12-26,5,St. Lambert,SLAM,2025-12-26T14:17:00Z,2025-12-26T13:23:00Z,ARR,bad,54.0
33,True,True,QUÉBEC,OTTAWA,2025-12-26,6,Montréal,MTRL,2025-12-26T14:32:40Z,2025-12-26T13:37:00Z,ARR,bad,55.0
33,True,True,QUÉBEC,OTTAWA,2025-12-26,7,Dorval,DORV,2025-12-26T15:33:12Z,2025-12-26T14:24:00Z,ARR,bad,69.0
33,True,True,QUÉBEC,OTTAWA,2025-12-26,8,Alexandria,ALEX,2025-12-26T16:22:19Z,2025-12-26T15:10:00Z,ARR,bad,72.0
33,True,True,QUÉBEC,OTTAWA,2025-12-26,9,Casselman,CSLM,2025-12-26T16:44:00Z,2025-12-26T15:33:00Z,ARR,bad,71.0
33,True,True,QUÉBEC,OTTAWA,2025-12-26,10,Ottawa,OTTW,2025-12-26T17:09:48Z,2025-12-26T16:04:00Z,ARR,bad,65.0
35,True,True,QUÉBEC,OTTAWA,2025-12-26,0,Québec,QBEC,2025-12-26T13:09:31Z,2025-12-26T13:06:00Z,ARR,goo,3.0
35,True,True,QUÉBEC,OTTAWA,2025-12-26,1,Ste-Foy,SFOY,2025-12-26T13:36:38Z,2025-12-26T13:31:00Z,ARR,goo,5.0
35,True,True,QUÉBEC,OTTAWA,2025-12-26,2,Charny,CHNY,2025-12-26T13:48:11Z,2025-12-26T13:40:00Z,ARR,med,8.0
35,True,True,QUÉBEC,OTTAWA,2025-12-26,3,Drummondville,DRMV,2025-12-26T16:09:33Z,2025-12-26T15:14:00Z,ARR,bad,55.0
35,True,True,QUÉBEC,OTTAWA,2025-12-26,4,St. Hyacinthe,SHYA,2025-12-26T16:41:42Z,2025-12-26T15:44:00Z,ARR,bad,57.0
35,True,True,QUÉBEC,OTTAWA,2025-12-26,5,St. Lambert,SLAM,2025-12-26T17:11:34Z,2025-12-26T16:11:00Z,ARR,bad,60.0
35,True,True,QUÉBEC,OTTAWA,2025-12-26,6,Montréal,MTRL,2025-12-26T17:27:22Z,2025-12-26T16:26:00Z,ARR,bad,61.0
35,True,True,QUÉBEC,OTTAWA,2025-12-26,7,Dorval,DORV,2025-12-26T18:01:49Z,2025-12-26T17:18:00Z,ARR,bad,43.0
35,True,True,QUÉBEC,OTTAWA,2025-12-26,8,Coteau,COTO,2025-12-26T18:31:51Z,2025-12-26T17:46:00Z,ARR,bad,45.0
35,True,True,QUÉBEC,OTTAWA,2025-12-26,9,Alexandria,ALEX,2025-12-26T18:54:58Z,2025-12-26T18:08:00Z,ARR,bad,46.0
35,True,True,QUÉBEC,OTTAWA,2025-12-26,10,Casselman,CSLM,2025-12-26T19:17:58Z,2025-12-26T18:31:00Z,ARR,bad,46.0
35,True,True,QUÉBEC,OTTAWA,2025-12-26,11,Ottawa,OTTW,2025-12-26T19:42:45Z,2025-12-26T18:58:00Z,ARR,bad,44.0
24,True,True,OTTAWA,QUÉBEC,2025-12-26,0,Ottawa,OTTW,2025-12-26T15:13:12Z,2025-12-26T15:13:00Z,ARR,goo,0.0
24,True,True,OTTAWA,QUÉBEC,2025-12-26,1,Alexandria,ALEX,2025-12-26T15:55:01Z,2025-12-26T16:03:00Z,ARR,goo,-7.0
24,True,True,OTTAWA,QUÉBEC,2025-12-26,2,Coteau,COTO,2025-12-26T16:39:03Z,2025-12-26T16:26:00Z,ARR,med,13.0
24,True,True,OTTAWA,QUÉBEC,2025-12-26,3,Dorval,DORV,2025-12-26T17:05:50Z,2025-12-26T16:50:00Z,ARR,med,15.0
24,True,True,OTTAWA,QUÉBEC,2025-12-26,4,Montréal,MTRL,2025-12-26T17:35:13Z,2025-12-26T17:15:00Z,ARR,bad,20.0
24,True,True,OTTAWA,QUÉBEC,2025-12-26,5,St. Lambert,SLAM,2025-12-26T18:28:28Z,2025-12-26T17:58:00Z,ARR,bad,30.0
24,True,True,OTTAWA,QUÉBEC,2025-12-26,6,St. Hyacinthe,SHYA,2025-12-26T19:03:12Z,2025-12-26T18:26:00Z,ARR,bad,37.0
24,True,True,OTTAWA,QUÉBEC,2025-12-26,7,Drummondville,DRMV,2025-12-26T19:38:53Z,2025-12-26T18:54:00Z,ARR,bad,44.0
24,True,True,OTTAWA,QUÉBEC,2025-12-26,8,Charny,CHNY,2025-12-26T21:48:08Z,2025-12-26T20:38:00Z,ARR,bad,70.0
24,True,True,OTTAWA,QUÉBEC,2025-12-26,9,Ste-Foy,SFOY,2025-12-26T22:00:41Z,2025-12-26T20:45:00Z,ARR,bad,75.0
24,True,True,OTTAWA,QUÉBEC,2025-12-26,10,Québec,QBEC,2025-12-26T22:38:57Z,2025-12-26T21:12:00Z,ARR,bad,86.0
47,True,True,OTTAWA,TORONTO,2025-12-26,0,Ottawa,OTTW,2025-12-26T17:23:54Z,2025-12-26T17:23:00Z,ARR,goo,0.0
47,True,True,OTTAWA,TORONTO,2025-12-26,1,Fallowfield,FALL,2025-12-26T17:42:42Z,2025-12-26T17:40:00Z,ARR,goo,2.0
47,True,True,OTTAWA,TORONTO,2025-12-26,2,Smiths Falls,SMTF,2025-12-26T18:16:38Z,2025-12-26T18:18:00Z,ARR,goo,-1.0
47,True,True,OTTAWA,TORONTO,2025-12-26,3,Brockville,BRKV,2025-12-26T19:35:56Z,2025-12-26T18:54:00Z,ARR,bad,41.0
47,True,True,OTTAWA,TORONTO,2025-12-26,4,Gananoque,GANA,2025-12-26T20:09:21Z,2025-12-26T19:22:00Z,ARR,bad,47.0
47,True,True,OTTAWA,TORONTO,2025-12-26,5,Kingston,KGON,2025-12-26T20:30:08Z,2025-12-26T19:45:00Z,ARR,bad,45.0
47,True,True,OTTAWA,TORONTO,2025-12-26,6,Belleville,BLVL,2025-12-26T21:14:09Z,2025-12-26T20:26:00Z,ARR,bad,48.0
47,True,True,OTTAWA,TORONTO,2025-12-26,7,Oshawa,OSHA,2025-12-26T22:29:59Z,2025-12-26T21:33:00Z,ARR,bad,56.0
47,True,True,OTTAWA,TORONTO,2025-12-26,8,Guildwood,GUIL,2025-12-26T22:50:24Z,2025-12-26T21:58:00Z,ARR,bad,52.0
47,True,True,OTTAWA,TORONTO,2025-12-26,9,Toronto,TRTO,2025-12-26T23:10:25Z,2025-12-26T22:30:00Z,ARR,bad,40.0
97,True,True,TORONTO,NIAGARA FALLS,2025-12-26,0,Toronto,TRTO,2025-12-26T13:20:00Z,2025-12-26T13:20:00Z,ARR,goo,0.0
97,True,True,TORONTO,NIAGARA FALLS,2025-12-26,1,Oakville,OAKV,2025-12-26T13:43:00Z,2025-12-26T13:43:00Z,ARR,goo,0.0
97,True,True,TORONTO,NIAGARA FALLS,2025-12-26,2,Aldershot,ALDR,2025-12-26T13:56:00Z,2025-12-26T13:56:00Z,ARR,goo,0.0
97,True,True,TORONTO,NIAGARA FALLS,2025-12-26,3,Grimsby,GRIM,2025-12-26T14:37:00Z,2025-12-26T14:37:00Z,ARR,goo,0.0
97,True,True,TORONTO,NIAGARA FALLS,2025-12-26,4,St. Catharines,SCAT,2025-12-26T14:57:00Z,2025-12-26T14:57:00Z,ARR,goo,0.0
97,True,True,TORONTO,NIAGARA FALLS,2025-12-26,5,Niagara Falls,NIAG,2025-12-26T15:20:00Z,2025-12-26T15:20:00Z,ARR,goo,0.0
50,True,True,TORONTO,OTTAWA,2025-12-26,0,Toronto,TRTO,2025-12-26T11:52:19Z,2025-12-26T11:32:00Z,ARR,bad,20.0
50,True,True,TORONTO,OTTAWA,2025-12-26,1,Guildwood,GUIL,2025-12-26T12:09:42Z,2025-12-26T11:50:00Z,ARR,med,19.0
50,True,True,TORONTO,OTTAWA,2025-12-26,2,Oshawa,OSHA,2025-12-26T12:32:09Z,2025-12-26T12:08:00Z,ARR,bad,24.0
50,True,True,TORONTO,OTTAWA,2025-12-26,3,Cobourg,CBRG,2025-12-26T13:08:15Z,2025-12-26T12:43:00Z,ARR,bad,25.0
50,True,True,TORONTO,OTTAWA,2025-12-26,4,Belleville,BLVL,2025-12-26T13:44:20Z,2025-12-26T13:18:00Z,ARR,bad,26.0
50,True,True,TORONTO,OTTAWA,2025-12-26,5,Kingston,KGON,2025-12-26T14:22:43Z,2025-12-26T13:57:00Z,ARR,bad,25.0
50,True,True,TORONTO,OTTAWA,2025-12-26,6,Brockville,BRKV,2025-12-26T15:18:14Z,2025-12-26T14:54:00Z,ARR,bad,24.0
50,True,True,TORONTO,OTTAWA,2025-12-26,7,Smiths Falls,SMTF,2025-12-26T16:09:53Z,2025-12-26T15:29:00Z,ARR,bad,40.0
50,True,True,TORONTO,OTTAWA,2025-12-26,8,Fallowfield,FALL,2025-12-26T16:47:10Z,2025-12-26T16:01:00Z,ARR,bad,46.0
50,True,True,TORONTO,OTTAWA,2025-12-26,9,Ottawa,OTTW,2025-12-26T17:10:20Z,2025-12-26T16:21:00Z,ARR,bad,49.0
43,True,True,OTTAWA,TORONTO,2025-12-26,0,Ottawa,OTTW,2025-12-26T14:35:08Z,2025-12-26T14:35:00Z,ARR,goo,0.0
43,True,True,OTTAWA,TORONTO,2025-12-26,1,Fallowfield,FALL,2025-12-26T14:51:38Z,2025-12-26T14:52:00Z,ARR,goo,0.0
43,True,True,OTTAWA,TORONTO,2025-12-26,2,Kingston,KGON,2025-12-26T16:41:39Z,2025-12-26T16:31:00Z,ARR,med,10.0
43,True,True,OTTAWA,TORONTO,2025-12-26,3,Guildwood,GUIL,2025-12-26T19:00:12Z,2025-12-26T18:28:00Z,ARR,bad,32.0
43,True,True,OTTAWA,TORONTO,2025-12-26,4,Toronto,TRTO,2025-12-26T19:29:11Z,2025-12-26T18:48:00Z,ARR,bad,41.0
15,True,False,HALIFAX,MONTRÉAL,2025-12-26,0,Halifax,HLFX,2025-12-26T15:30:00Z,2025-12-26T15:30:00Z,ARR,goo,0.0
15,True,False,HALIFAX,MONTRÉAL,2025-12-26,1,Truro,TRUR,2025-12-26T17:11:56Z,2025-12-26T16:56:00Z,ARR,med,15.0
15,True,False,HALIFAX,MONTRÉAL,2025-12-26,2,Springhill Jct,SPRJ,2025-12-26T18:28:55Z,2025-12-26T18:11:00Z,ARR,med,17.0
15,True,False,HALIFAX,MONTRÉAL,2025-12-26,3,Amherst,AMHS,2025-12-26T18:49:38Z,2025-12-26T18:34:00Z,ARR,med,15.0
15,True,False,HALIFAX,MONTRÉAL,2025-12-26,4,Sackville,SACK,2025-12-26T19:09:57Z,2025-12-26T18:50:00Z,ARR,med,19.0
15,True,False,HALIFAX,MONTRÉAL,2025-12-26,5,Moncton,MCTN,2025-12-26T19:59:05Z,2025-12-26T19:44:00Z,ARR,med,15.0
15,True,False,HALIFAX,MONTRÉAL,2025-12-26,6,Rogersville,RGRV,2025-12-26T22:13:21Z,2025-12-26T21:08:00Z,ARR,bad,65.0
15,True,False,HALIFAX,MONTRÉAL,2025-12-26,7,Miramichi,MIRA,2025-12-26T23:08:58Z,2025-12-26T21:59:00Z,ARR,bad,69.0
15,True,False,HALIFAX,MONTRÉAL,2025-12-26,8,Bathurst,BTRS,2025-12-27T00:56:07Z,2025-12-26T23:55:00Z,ARR,bad,61.0
15,True,False,HALIFAX,MONTRÉAL,2025-12-26,9,Petit Rocher,PROC,2025-12-27T01:28:52Z,2025-12-27T00:22:00Z,ARR,bad,66.0
15,True,False,HALIFAX,MONTRÉAL,2025-12-26,10,Jacquet River,JACR,2025-12-27T02:00:00Z,2025-12-27T00:44:01Z,ARR,bad,75.0
15,True,False,HALIFAX,MONTRÉAL,2025-12-26,11,Charlo,CHLO,2025-12-27T02:37:50Z,2025-12-27T01:07:00Z,ARR,bad,90.0
15,True,False,HALIFAX,MONTRÉAL,2025-12-26,12,Campbellton,CBTN,2025-12-27T03:30:12Z,2025-12-27T02:10:00Z,9 mins,bad,80.0
15,True,False,HALIFAX,MONTRÉAL,2025-12-26,13,Matapedia,MTPD,2025-12-27T04:12:12Z,2025-12-27T02:52:00Z,51 mins,bad,80.0
15,True,False,HALIFAX,MONTRÉAL,2025-12-26,14,Causapscal,CAUS,2025-12-27T05:01:12Z,2025-12-27T03:41:00Z,1h40,bad,80.0
15,True,False,HALIFAX,MONTRÉAL,2025-12-26,15,Amqui,AMQU,2025-12-27T05:21:12Z,2025-12-27T04:01:00Z,2h00,bad,80.0
15,True,False,HALIFAX,MONTRÉAL,2025-12-26,16,Sayabec,SAYA,2025-12-27T05:43:12Z,2025-12-27T04:23:00Z,2h22,bad,80.0
15,True,False,HALIFAX,MONTRÉAL,2025-12-26,17,Mont-Joli,MJLI,2025-12-27T07:13:12Z,2025-12-27T05:53:00Z,3h52,bad,80.0
15,True,False,HALIFAX,MONTRÉAL,2025-12-26,18,Rimouski,RMSK,2025-12-27T07:44:12Z,2025-12-27T06:24:00Z,4h23,bad,80.0
15,True,False,HALIFAX,MONTRÉAL,2025-12-26,19,Trois Pistoles,TPIS,2025-12-27T08:49:12Z,2025-12-27T07:29:00Z,5h28,bad,80.0
15,True,False,HALIFAX,MONTRÉAL,2025-12-26,20,Rivière-Du-Loup,RDLX,2025-12-27T09:36:12Z,2025-12-27T08:16:00Z,6h15,bad,80.0
15,True,False,HALIFAX,MONTRÉAL,2025-12-26,21,La Pocatière,LPOC,2025-12-27T10:25:12Z,2025-12-27T09:05:00Z,7h04,bad,80.0
15,True,False,HALIFAX,MONTRÉAL,2025-12-26,22,Montmagny,MMGY,2025-12-27T10:59:12Z,2025-12-27T09:39:00Z,7h38,bad,80.0
15,True,False,HALIFAX,MONTRÉAL,2025-12-26,23,Ste-Foy,SFOY,2025-12-27T12:33:12Z,2025-12-27T11:13:00Z,9h12,bad,80.0
15,True,False,HALIFAX,MONTRÉAL,2025-12-26,24,Drummondville,DRMV,2025-12-27T14:40:12Z,2025-12-27T13:20:00Z,11h19,bad,80.0
15,True,False,HALIFAX,MONTRÉAL,2025-12-26,25,St. Hyacinthe,SHYA,2025-12-27T15:20:12Z,2025-12-27T14:00:00Z,11h59,bad,80.0
15,True,False,HALIFAX,MONTRÉAL,2025-12-26,26,St. Lambert,SLAM,2025-12-27T15:54:12Z,2025-12-27T14:34:00Z,12h33,bad,80.0
15,True,False,HALIFAX,MONTRÉAL,2025-12-26,27,Montréal,MTRL,2025-12-27T16:13:12Z,2025-12-27T14:53:00Z,12h52,bad,80.0
60,True,True,TORONTO,MONTRÉAL,2025-12-26,0,Toronto,TRTO,2025-12-26T11:52:30Z,2025-12-26T11:32:00Z,ARR,bad,20.0
60,True,True,TORONTO,MONTRÉAL,2025-12-26,1,Guildwood,GUIL,2025-12-26T12:09:24Z,2025-12-26T11:50:00Z,ARR,med,19.0
60,True,True,TORONTO,MONTRÉAL,2025-12-26,2,Oshawa,OSHA,2025-12-26T12:31:54Z,2025-12-26T12:08:00Z,ARR,bad,23.0
60,True,True,TORONTO,MONTRÉAL,2025-12-26,3,Cobourg,CBRG,2025-12-26T13:08:06Z,2025-12-26T12:43:00Z,ARR,bad,25.0
60,True,True,TORONTO,MONTRÉAL,2025-12-26,4,Belleville,BLVL,2025-12-26T13:44:03Z,2025-12-26T13:18:00Z,ARR,bad,26.0
60,True,True,TORONTO,MONTRÉAL,2025-12-26,5,Kingston,KGON,2025-12-26T14:22:34Z,2025-12-26T13:57:00Z,ARR,bad,25.0
60,True,True,TORONTO,MONTRÉAL,2025-12-26,6,Cornwall,CWLL,2025-12-26T16:10:42Z,2025-12-26T15:38:00Z,ARR,bad,32.0
60,True,True,TORONTO,MONTRÉAL,2025-12-26,7,Dorval,DORV,2025-12-26T16:57:44Z,2025-12-26T16:25:00Z,ARR,bad,32.0
60,True,True,TORONTO,MONTRÉAL,2025-12-26,8,Montréal,MTRL,2025-12-26T17:23:21Z,2025-12-26T16:50:00Z,ARR,bad,33.0
76,True,True,WINDSOR,TORONTO,2025-12-26,0,Windsor,WDON,2025-12-26T18:06:00Z,2025-12-26T18:06:00Z,ARR,goo,0.0
76,True,True,WINDSOR,TORONTO,2025-12-26,1,Chatham,CHAT,2025-12-26T18:48:01Z,2025-12-26T18:48:00Z,ARR,goo,0.0
76,True,True,WINDSOR,TORONTO,2025-12-26,2,Glencoe,GLNC,2025-12-26T19:33:59Z,2025-12-26T19:23:00Z,ARR,med,10.0
76,True,True,WINDSOR,TORONTO,2025-12-26,3,London,LNDN,2025-12-26T20:09:23Z,2025-12-26T19:58:00Z,ARR,med,11.0
76,True,True,WINDSOR,TORONTO,2025-12-26,4,Brantford,BRTF,2025-12-26T21:49:32Z,2025-12-26T20:59:00Z,ARR,bad,50.0
76,True,True,WINDSOR,TORONTO,2025-12-26,5,Aldershot,ALDR,2025-12-26T22:19:45Z,2025-12-26T21:30:00Z,ARR,bad,49.0
76,True,True,WINDSOR,TORONTO,2025-12-26,6,Oakville,OAKV,2025-12-26T22:40:48Z,2025-12-26T21:47:00Z,ARR,bad,53.0
76,True,True,WINDSOR,TORONTO,2025-12-26,7,Toronto,TRTO,2025-12-26T23:07:42Z,2025-12-26T22:13:00Z,ARR,bad,54.0
71,True,True,TORONTO,WINDSOR,2025-12-26,0,Toronto,TRTO,2025-12-26T11:50:00Z,2025-12-26T11:50:00Z,ARR,goo,0.0
71,True,True,TORONTO,WINDSOR,2025-12-26,1,Oakville,OAKV,2025-12-26T12:15:11Z,2025-12-26T12:13:00Z,ARR,goo,2.0
71,True,True,TORONTO,WINDSOR,2025-12-26,2,Aldershot,ALDR,2025-12-26T12:32:38Z,2025-12-26T12:29:00Z,ARR,goo,3.0
71,True,True,TORONTO,WINDSOR,2025-12-26,3,Brantford,BRTF,2025-12-26T13:07:50Z,2025-12-26T12:55:00Z,ARR,med,12.0
71,True,True,TORONTO,WINDSOR,2025-12-26,4,Woodstock,WDST,2025-12-26T13:37:41Z,2025-12-26T13:30:00Z,ARR,med,7.0
71,True,True,TORONTO,WINDSOR,2025-12-26,5,Ingersoll,INGR,2025-12-26T13:50:20Z,2025-12-26T13:43:00Z,ARR,med,7.0
71,True,True,TORONTO,WINDSOR,2025-12-26,6,London,LNDN,2025-12-26T14:17:40Z,2025-12-26T14:06:00Z,ARR,med,11.0
71,True,True,TORONTO,WINDSOR,2025-12-26,7,Glencoe,GLNC,2025-12-26T14:53:59Z,2025-12-26T14:39:00Z,ARR,med,14.0
71,True,True,TORONTO,WINDSOR,2025-12-26,8,Chatham,CHAT,2025-12-26T15:45:58Z,2025-12-26T15:18:00Z,ARR,bad,27.0
71,True,True,TORONTO,WINDSOR,2025-12-26,9,Windsor,WDON,2025-12-26T16:30:14Z,2025-12-26T16:08:00Z,ARR,bad,22.0
64,True,True,TORONTO,MONTRÉAL,2025-12-26,0,Toronto,TRTO,2025-12-26T16:38:38Z,2025-12-26T16:38:00Z,ARR,goo,0.0
64,True,True,TORONTO,MONTRÉAL,2025-12-26,1,Guildwood,GUIL,2025-12-26T16:57:52Z,2025-12-26T16:55:00Z,ARR,goo,2.0
64,True,True,TORONTO,MONTRÉAL,2025-12-26,2,Oshawa,OSHA,2025-12-26T17:24:33Z,2025-12-26T17:09:00Z,ARR,med,15.0
64,True,True,TORONTO,MONTRÉAL,2025-12-26,3,Cobourg,CBRG,2025-12-26T18:03:51Z,2025-12-26T17:46:00Z,ARR,med,17.0
64,True,True,TORONTO,MONTRÉAL,2025-12-26,4,Belleville,BLVL,2025-12-26T18:39:53Z,2025-12-26T18:22:00Z,ARR,med,17.0
64,True,True,TORONTO,MONTRÉAL,2025-12-26,5,Kingston,KGON,2025-12-26T19:39:22Z,2025-12-26T19:03:00Z,ARR,bad,36.0
64,True,True,TORONTO,MONTRÉAL,2025-12-26,6,Brockville,BRKV,2025-12-26T20:32:00Z,2025-12-26T19:52:00Z,ARR,bad,40.0
64,True,True,TORONTO,MONTRÉAL,2025-12-26,7,Cornwall,CWLL,2025-12-26T21:21:27Z,2025-12-26T20:42:00Z,ARR,bad,39.0
64,True,True,TORONTO,MONTRÉAL,2025-12-26,8,Dorval,DORV,2025-12-26T22:21:31Z,2025-12-26T21:37:00Z,ARR,bad,44.0
64,True,True,TORONTO,MONTRÉAL,2025-12-26,9,Montréal,MTRL,2025-12-26T22:55:50Z,2025-12-26T22:05:00Z,ARR,bad,50.0
70,True,True,WINDSOR,TORONTO,2025-12-26,0,Windsor,WDON,2025-12-26T10:35:00Z,2025-12-26T10:35:00Z,ARR,goo,0.0
70,True,True,WINDSOR,TORONTO,2025-12-26,1,Chatham,CHAT,2025-12-26T11:18:46Z,2025-12-26T11:19:00Z,ARR,goo,0.0
70,True,True,WINDSOR,TORONTO,2025-12-26,2,London,LNDN,2025-12-26T12:32:37Z,2025-12-26T12:25:00Z,ARR,med,7.0
70,True,True,WINDSOR,TORONTO,2025-12-26,3,Ingersoll,INGR,2025-12-26T12:59:57Z,2025-12-26T12:55:00Z,ARR,goo,4.0
70,True,True,WINDSOR,TORONTO,2025-12-26,4,Woodstock,WDST,2025-12-26T13:11:03Z,2025-12-26T13:08:00Z,ARR,goo,3.0
70,True,True,WINDSOR,TORONTO,2025-12-26,5,Brantford,BRTF,2025-12-26T13:43:32Z,2025-12-26T13:44:00Z,ARR,goo,0.0
70,True,True,WINDSOR,TORONTO,2025-12-26,6,Aldershot,ALDR,2025-12-26T14:17:52Z,2025-12-26T14:25:00Z,ARR,goo,-7.0
70,True,True,WINDSOR,TORONTO,2025-12-26,7,Oakville,OAKV,2025-12-26T14:39:08Z,2025-12-26T14:43:00Z,ARR,goo,-3.0
70,True,True,WINDSOR,TORONTO,2025-12-26,8,Toronto,TRTO,2025-12-26T15:11:06Z,2025-12-26T15:10:00Z,ARR,goo,1.0
20,True,True,MONTRÉAL,QUÉBEC,2025-12-26,0,Montréal,MTRL,2025-12-26T11:36:00Z,2025-12-26T11:25:00Z,ARR,med,11.0
20,True,True,MONTRÉAL,QUÉBEC,2025-12-26,1,St. Lambert,SLAM,2025-12-26T11:50:24Z,2025-12-26T11:38:00Z,ARR,med,12.0
20,True,True,MONTRÉAL,QUÉBEC,2025-12-26,2,St. Hyacinthe,SHYA,2025-12-26T12:18:54Z,2025-12-26T12:06:00Z,ARR,med,12.0
20,True,True,MONTRÉAL,QUÉBEC,2025-12-26,3,Drummondville,DRMV,2025-12-26T12:57:08Z,2025-12-26T12:43:00Z,ARR,med,14.0
20,True,True,MONTRÉAL,QUÉBEC,2025-12-26,4,Ste-Foy,SFOY,2025-12-26T14:35:32Z,2025-12-26T14:25:00Z,ARR,med,10.0
20,True,True,MONTRÉAL,QUÉBEC,2025-12-26,5,Québec,QBEC,2025-12-26T15:13:37Z,2025-12-26T14:52:00Z,ARR,bad,21.0
37,True,True,QUÉBEC,OTTAWA,2025-12-26,0,Québec,QBEC,2025-12-26T17:39:20Z,2025-12-26T17:32:00Z,ARR,med,7.0
37,True,True,QUÉBEC,OTTAWA,2025-12-26,1,Ste-Foy,SFOY,2025-12-26T18:08:33Z,2025-12-26T17:57:00Z,ARR,med,11.0
37,True,True,QUÉBEC,OTTAWA,2025-12-26,2,Drummondville,DRMV,2025-12-26T20:31:26Z,2025-12-26T19:44:00Z,ARR,bad,47.0
37,True,True,QUÉBEC,OTTAWA,2025-12-26,3,St. Hyacinthe,SHYA,2025-12-26T21:06:29Z,2025-12-26T20:12:00Z,ARR,bad,54.0
37,True,True,QUÉBEC,OTTAWA,2025-12-26,4,St. Lambert,SLAM,2025-12-26T21:36:48Z,2025-12-26T20:39:00Z,ARR,bad,57.0
37,True,True,QUÉBEC,OTTAWA,2025-12-26,5,Montréal,MTRL,2025-12-26T21:52:30Z,2025-12-26T20:54:00Z,ARR,bad,58.0
37,True,True,QUÉBEC,OTTAWA,2025-12-26,6,Dorval,DORV,2025-12-26T22:48:45Z,2025-12-26T21:54:00Z,ARR,bad,54.0
37,True,True,QUÉBEC,OTTAWA,2025-12-26,7,Coteau,COTO,2025-12-26T23:17:20Z,2025-12-26T22:23:00Z,ARR,bad,54.0
37,True,True,QUÉBEC,OTTAWA,2025-12-26,8,Alexandria,ALEX,2025-12-26T23:44:14Z,2025-12-26T22:45:00Z,ARR,bad,59.0
37,True,True,QUÉBEC,OTTAWA,2025-12-26,9,Ottawa,OTTW,2025-12-27T00:31:58Z,2025-12-26T23:37:00Z,ARR,bad,54.0
73,True,True,TORONTO,WINDSOR,2025-12-26,0,Toronto,TRTO,2025-12-26T16:34:30Z,2025-12-26T16:30:00Z,ARR,goo,4.0
73,True,True,TORONTO,WINDSOR,2025-12-26,1,Oakville,OAKV,2025-12-26T17:01:11Z,2025-12-26T16:51:00Z,ARR,med,10.0
73,True,True,TORONTO,WINDSOR,2025-12-26,2,Aldershot,ALDR,2025-12-26T17:24:25Z,2025-12-26T17:09:00Z,ARR,med,15.0
73,True,True,TORONTO,WINDSOR,2025-12-26,3,Brantford,BRTF,2025-12-26T17:59:44Z,2025-12-26T17:40:00Z,ARR,med,19.0
73,True,True,TORONTO,WINDSOR,2025-12-26,4,Woodstock,WDST,2025-12-26T18:37:53Z,2025-12-26T18:09:00Z,ARR,bad,28.0
73,True,True,TORONTO,WINDSOR,2025-12-26,5,London,LNDN,2025-12-26T19:27:16Z,2025-12-26T18:38:00Z,ARR,bad,49.0
73,True,True,TORONTO,WINDSOR,2025-12-26,6,Chatham,CHAT,2025-12-26T21:12:50Z,2025-12-26T19:50:00Z,ARR,bad,82.0
73,True,True,TORONTO,WINDSOR,2025-12-26,7,Windsor,WDON,2025-12-26T22:17:36Z,2025-12-26T20:45:00Z,ARR,bad,92.0
643,True,True,OTTAWA,TORONTO,2025-12-26,0,Ottawa,OTTW,2025-12-26T13:29:00Z,2025-12-26T13:29:00Z,ARR,goo,0.0
643,True,True,OTTAWA,TORONTO,2025-12-26,1,Fallowfield,FALL,2025-12-26T15:26:23Z,2025-12-26T13:45:00Z,ARR,bad,101.0
643,True,True,OTTAWA,TORONTO,2025-12-26,2,Smiths Falls,SMTF,2025-12-26T15:59:24Z,2025-12-26T14:17:00Z,ARR,bad,102.0
643,True,True,OTTAWA,TORONTO,2025-12-26,3,Brockville,BRKV,2025-12-26T16:41:02Z,2025-12-26T14:49:00Z,ARR,bad,112.0
643,True,True,OTTAWA,TORONTO,2025-12-26,4,Kingston,KGON,2025-12-26T17:32:55Z,2025-12-26T15:32:00Z,ARR,bad,120.0
643,True,True,OTTAWA,TORONTO,2025-12-26,5,Napanee,NAPN,2025-12-26T17:55:50Z,2025-12-26T15:57:00Z,ARR,bad,118.0
643,True,True,OTTAWA,TORONTO,2025-12-26,6,Belleville,BLVL,2025-12-26T18:19:31Z,2025-12-26T16:17:00Z,ARR,bad,122.0
643,True,True,OTTAWA,TORONTO,2025-12-26,7,Trenton Jct.,TRNJ,2025-12-26T18:34:35Z,2025-12-26T16:31:00Z,ARR,bad,123.0
643,True,True,OTTAWA,TORONTO,2025-12-26,8,Cobourg,CBRG,2025-12-26T19:03:49Z,2025-12-26T16:57:00Z,ARR,bad,126.0
643,True,True,OTTAWA,TORONTO,2025-12-26,9,Port Hope,PHOP,2025-12-26T19:15:02Z,2025-12-26T17:07:00Z,ARR,bad,128.0
643,True,True,OTTAWA,TORONTO,2025-12-26,10,Oshawa,OSHA,2025-12-26T19:46:43Z,2025-12-26T17:35:00Z,ARR,bad,131.0
643,True,True,OTTAWA,TORONTO,2025-12-26,11,Guildwood,GUIL,2025-12-26T20:46:46Z,2025-12-26T17:58:00Z,ARR,bad,168.0
643,True,True,OTTAWA,TORONTO,2025-12-26,12,Toronto,TRTO,2025-12-26T21:07:20Z,2025-12-26T18:18:00Z,ARR,bad,169.0
72,True,True,WINDSOR,TORONTO,2025-12-26,0,Windsor,WDON,2025-12-26T13:43:14Z,2025-12-26T13:43:00Z,ARR,goo,0.0
72,True,True,WINDSOR,TORONTO,2025-12-26,1,Chatham,CHAT,2025-12-26T14:25:26Z,2025-12-26T14:25:00Z,ARR,goo,0.0
72,True,True,WINDSOR,TORONTO,2025-12-26,2,Glencoe,GLNC,2025-12-26T15:09:43Z,2025-12-26T15:05:00Z,ARR,goo,4.0
72,True,True,WINDSOR,TORONTO,2025-12-26,3,London,LNDN,2025-12-26T15:40:19Z,2025-12-26T15:39:00Z,ARR,goo,1.0
72,True,True,WINDSOR,TORONTO,2025-12-26,4,Ingersoll,INGR,2025-12-26T16:30:57Z,2025-12-26T16:07:00Z,ARR,bad,23.0
72,True,True,WINDSOR,TORONTO,2025-12-26,5,Woodstock,WDST,2025-12-26T16:42:55Z,2025-12-26T16:23:00Z,ARR,med,19.0
72,True,True,WINDSOR,TORONTO,2025-12-26,6,Brantford,BRTF,2025-12-26T17:20:28Z,2025-12-26T16:55:00Z,ARR,bad,25.0
72,True,True,WINDSOR,TORONTO,2025-12-26,7,Aldershot,ALDR,2025-12-26T17:51:17Z,2025-12-26T17:29:00Z,ARR,bad,22.0
72,True,True,WINDSOR,TORONTO,2025-12-26,8,Oakville,OAKV,2025-12-26T18:15:51Z,2025-12-26T17:45:00Z,ARR,bad,30.0
72,True,True,WINDSOR,TORONTO,2025-12-26,9,Toronto,TRTO,2025-12-26T18:47:38Z,2025-12-26T18:11:00Z,ARR,bad,36.0
691,True,False,THE PAS,CHURCHILL,2025-12-26,0,The Pas,TPAS,2025-12-26T08:31:23Z,2025-12-26T08:30:00Z,ARR,goo,1.0
691,True,False,THE PAS,CHURCHILL,2025-12-26,1,Orok,OROK,2025-12-26T09:11:06Z,2025-12-26T09:07:00Z,ARR,goo,4.0
691,True,False,THE PAS,CHURCHILL,2025-12-26,2,Halcrow,HALC,2025-12-26T10:00:21Z,2025-12-26T10:01:00Z,ARR,goo,0.0
691,True,False,THE PAS,CHURCHILL,2025-12-26,3,Cormorant,CORM,2025-12-26T10:08:30Z,2025-12-26T10:12:00Z,ARR,goo,-3.0
691,True,False,THE PAS,CHURCHILL,2025-12-26,4,Dering,DERI,2025-12-26T10:20:00Z,2025-12-26T10:20:00Z,ARR,goo,0.0
691,True,False,THE PAS,CHURCHILL,2025-12-26,5,Dyce,DYCE,2025-12-26T10:50:12Z,2025-12-26T10:59:00Z,ARR,goo,-8.0
691,True,False,THE PAS,CHURCHILL,2025-12-26,6,Wekusko,WEKU,2025-12-26T11:34:56Z,2025-12-26T11:43:00Z,ARR,goo,-8.0
691,True,False,THE PAS,CHURCHILL,2025-12-26,7,Turnbull,TURN,2025-12-26T12:10:59Z,2025-12-26T12:10:00Z,ARR,goo,0.0
691,True,False,THE PAS,CHURCHILL,2025-12-26,8,Ponton,PNTN,2025-12-26T12:39:25Z,2025-12-26T12:42:00Z,ARR,goo,-2.0
691,True,False,THE PAS,CHURCHILL,2025-12-26,9,Pipun,PIPN,2025-12-26T13:27:01Z,2025-12-26T13:25:00Z,ARR,goo,2.0
691,True,False,THE PAS,CHURCHILL,2025-12-26,10,Wabowden,WBDN,2025-12-26T13:42:39Z,2025-12-26T13:48:00Z,ARR,goo,-5.0
691,True,False,THE PAS,CHURCHILL,2025-12-26,11,Lyddal,LYDD,2025-12-26T14:17:13Z,2025-12-26T14:16:00Z,ARR,goo,1.0
691,True,False,THE PAS,CHURCHILL,2025-12-26,12,Odhill,ODHI,2025-12-26T14:42:10Z,2025-12-26T14:38:00Z,ARR,goo,4.0
691,True,False,THE PAS,CHURCHILL,2025-12-26,13,Hockin,HOCK,2025-12-26T15:22:23Z,2025-12-26T15:22:00Z,ARR,goo,0.0
691,True,False,THE PAS,CHURCHILL,2025-12-26,14,Thicket Portage,THKP,2025-12-26T15:37:23Z,2025-12-26T15:37:00Z,ARR,goo,0.0
691,True,False,THE PAS,CHURCHILL,2025-12-26,15,Leven,LEVN,2025-12-26T15:59:39Z,2025-12-26T15:54:00Z,ARR,goo,5.0
691,True,False,THE PAS,CHURCHILL,2025-12-26,16,Thompson,THOM,2025-12-26T19:18:34Z,2025-12-26T18:00:00Z,ARR,bad,78.0
691,True,False,THE PAS,CHURCHILL,2025-12-26,17,Sipiwesk,SIPI,2025-12-27T02:35:00Z,2025-12-27T00:35:00Z,ARR,bad,120.0
691,True,False,THE PAS,CHURCHILL,2025-12-26,18,Pikwitonei,PIKW,2025-12-27T03:02:00Z,2025-12-27T01:02:00Z,ARR,bad,120.0
691,True,False,THE PAS,CHURCHILL,2025-12-26,19,Bridgar,BRGR,2025-12-27T03:13:00Z,2025-12-27T01:13:00Z,ARR,bad,120.0
691,True,False,THE PAS,CHURCHILL,2025-12-26,20,Pit Siding,PITS,2025-12-27T04:35:00Z,2025-12-27T02:35:00Z,1h14,bad,120.0
691,True,False,THE PAS,CHURCHILL,2025-12-26,21,Ilford,ILFO,2025-12-27T05:36:00Z,2025-12-27T03:36:00Z,2h15,bad,120.0
691,True,False,THE PAS,CHURCHILL,2025-12-26,22,Wivenhoe,WVHO,2025-12-27T06:13:00Z,2025-12-27T04:13:00Z,2h52,bad,120.0
691,True,False,THE PAS,CHURCHILL,2025-12-26,23,Gillam,GILL,2025-12-27T07:00:01Z,2025-12-27T05:00:01Z,3h39,bad,120.0
691,True,False,THE PAS,CHURCHILL,2025-12-26,24,Bird,BIRD,2025-12-27T08:29:00Z,2025-12-27T06:29:00Z,5h08,bad,120.0
691,True,False,THE PAS,CHURCHILL,2025-12-26,25,Amery,AMRY,2025-12-27T08:51:00Z,2025-12-27T06:51:00Z,5h30,bad,120.0
691,True,False,THE PAS,CHURCHILL,2025-12-26,26,Weir River,WEIR,2025-12-27T09:43:00Z,2025-12-27T07:43:00Z,6h22,bad,120.0
691,True,False,THE PAS,CHURCHILL,2025-12-26,27,Thibaudeau,THIB,2025-12-27T11:00:00Z,2025-12-27T09:00:00Z,7h39,bad,120.0
691,True,False,THE PAS,CHURCHILL,2025-12-26,28,Herchmer,HERC,2025-12-27T12:26:00Z,2025-12-27T10:26:00Z,9h05,bad,120.0
691,True,False,THE PAS,CHURCHILL,2025-12-26,29,O'Day,ODAY,2025-12-27T13:05:00Z,2025-12-27T11:05:00Z,9h44,bad,120.0
691,True,False,THE PAS,CHURCHILL,2025-12-26,30,M'Clintock,MCLI,2025-12-27T13:50:00Z,2025-12-27T11:50:00Z,10h29,bad,120.0
691,True,False,THE PAS,CHURCHILL,2025-12-26,31,Chesnaye,CHES,2025-12-27T15:06:00Z,2025-12-27T13:06:00Z,11h45,bad,120.0
691,True,False,THE PAS,CHURCHILL,2025-12-26,32,Tidal,TIDL,2025-12-27T16:37:00Z,2025-12-27T14:37:00Z,13h16,bad,120.0
691,True,False,THE PAS,CHURCHILL,2025-12-26,33,Churchill,CHUR,2025-12-27T17:00:00Z,2025-12-27T15:00:00Z,13h39,bad,120.0
62,True,True,TORONTO,MONTRÉAL,2025-12-26,0,Toronto,TRTO,2025-12-26T13:37:00Z,2025-12-26T13:32:00Z,ARR,goo,5.0
62,True,True,TORONTO,MONTRÉAL,2025-12-26,1,Guildwood,GUIL,2025-12-26T13:56:27Z,2025-12-26T13:50:00Z,ARR,med,6.0
62,True,True,TORONTO,MONTRÉAL,2025-12-26,2,Oshawa,OSHA,2025-12-26T14:18:52Z,2025-12-26T14:09:00Z,ARR,med,9.0
62,True,True,TORONTO,MONTRÉAL,2025-12-26,3,Cobourg,CBRG,2025-12-26T14:57:41Z,2025-12-26T14:44:00Z,ARR,med,13.0
62,True,True,TORONTO,MONTRÉAL,2025-12-26,4,Belleville,BLVL,2025-12-26T15:35:31Z,2025-12-26T15:20:00Z,ARR,med,15.0
62,True,True,TORONTO,MONTRÉAL,2025-12-26,5,Kingston,KGON,2025-12-26T16:32:11Z,2025-12-26T16:00:00Z,ARR,bad,32.0
62,True,True,TORONTO,MONTRÉAL,2025-12-26,6,Cornwall,CWLL,2025-12-26T18:43:27Z,2025-12-26T17:43:00Z,ARR,bad,60.0
62,True,True,TORONTO,MONTRÉAL,2025-12-26,7,Dorval,DORV,2025-12-26T20:00:39Z,2025-12-26T18:34:00Z,ARR,bad,86.0
62,True,True,TORONTO,MONTRÉAL,2025-12-26,8,Montréal,MTRL,2025-12-26T20:27:25Z,2025-12-26T19:00:00Z,ARR,bad,87.0
6,True,False,PRINCE RUPERT,JASPER,2025-12-26,0,Prince Rupert,PRUP,2025-12-26T16:00:00Z,2025-12-26T16:00:00Z,ARR,goo,0.0
6,True,False,PRINCE RUPERT,JASPER,2025-12-26,1,Cassiar Cannery,CASS,2025-12-26T17:35:15Z,2025-12-26T16:20:00Z,ARR,bad,75.0
6,True,False,PRINCE RUPERT,JASPER,2025-12-26,2,Kwinitsa,KWIN,2025-12-26T18:21:55Z,2025-12-26T17:17:00Z,ARR,bad,64.0
6,True,False,PRINCE RUPERT,JASPER,2025-12-26,3,Terrace,TRRC,2025-12-26T19:18:11Z,2025-12-26T18:20:00Z,ARR,bad,58.0
6,True,False,PRINCE RUPERT,JASPER,2025-12-26,4,Usk,USKX,2025-12-26T19:46:04Z,2025-12-26T18:48:00Z,ARR,bad,58.0
6,True,False,PRINCE RUPERT,JASPER,2025-12-26,5,Pacific,PACI,2025-12-26T20:01:43Z,2025-12-26T19:07:00Z,ARR,bad,54.0
6,True,False,PRINCE RUPERT,JASPER,2025-12-26,6,Dorreen,DORR,2025-12-26T20:09:45Z,2025-12-26T19:19:00Z,ARR,bad,50.0
6,True,False,PRINCE RUPERT,JASPER,2025-12-26,7,Cedarvale,CEDA,2025-12-26T20:29:02Z,2025-12-26T19:44:00Z,ARR,bad,45.0
6,True,False,PRINCE RUPERT,JASPER,2025-12-26,8,Kitwanga,KITW,2025-12-26T21:21:09Z,2025-12-26T19:48:01Z,ARR,bad,93.0
6,True,False,PRINCE RUPERT,JASPER,2025-12-26,9,New Hazelton,NHAZ,2025-12-26T22:02:55Z,2025-12-26T20:30:00Z,ARR,bad,92.0
6,True,False,PRINCE RUPERT,JASPER,2025-12-26,10,Smithers,SMTR,2025-12-26T23:31:03Z,2025-12-26T22:14:00Z,ARR,bad,77.0
6,True,False,PRINCE RUPERT,JASPER,2025-12-26,11,Telkwa,TELK,2025-12-27T00:14:27Z,2025-12-26T22:37:00Z,ARR,bad,97.0
6,True,False,PRINCE RUPERT,JASPER,2025-12-26,12,Houston,HOUS,2025-12-27T00:55:14Z,2025-12-26T23:22:00Z,ARR,bad,93.0
6,True,False,PRINCE RUPERT,JASPER,2025-12-26,13,Burns Lake,BRNL,2025-12-27T02:01:11Z,2025-12-27T00:32:00Z,ARR,bad,89.0
6,True,False,PRINCE RUPERT,JASPER,2025-12-26,14,Endako,ENDA,2025-12-27T02:53:43Z,2025-12-27T01:25:00Z,ARR,bad,88.0
6,True,False,PRINCE RUPERT,JASPER,2025-12-26,15,Fort Fraser,FFRA,2025-12-27T03:22:21Z,2025-12-27T01:57:00Z,1 min,bad,85.0
6,True,False,PRINCE RUPERT,JASPER,2025-12-26,16,Vanderhoof,VDRH,2025-12-27T04:00:21Z,2025-12-27T02:35:00Z,39 mins,bad,85.0
6,True,False,PRINCE RUPERT,JASPER,2025-12-26,17,Prince George,PGEO,2025-12-27T05:54:21Z,2025-12-27T04:29:00Z,2h33,bad,85.0
6,True,False,PRINCE RUPERT,JASPER,2025-12-26,18,Willow River,WILR,2025-12-27T16:48:00Z,2025-12-27T16:48:00Z,13h27,goo,0.0
6,True,False,PRINCE RUPERT,JASPER,2025-12-26,19,Aleza Lake,ALZL,2025-12-27T17:17:00Z,2025-12-27T17:17:00Z,13h56,goo,0.0
61,True,True,MONTRÉAL,TORONTO,2025-12-26,0,Montréal,MTRL,2025-12-26T11:45:00Z,2025-12-26T11:45:00Z,ARR,goo,0.0
61,True,True,MONTRÉAL,TORONTO,2025-12-26,1,Dorval,DORV,2025-12-26T12:07:39Z,2025-12-26T12:08:00Z,ARR,goo,0.0
61,True,True,MONTRÉAL,TORONTO,2025-12-26,2,Cornwall,CWLL,2025-12-26T12:57:53Z,2025-12-26T13:01:00Z,ARR,goo,-3.0
61,True,True,MONTRÉAL,TORONTO,2025-12-26,3,Kingston,KGON,2025-12-26T14:53:49Z,2025-12-26T14:29:00Z,ARR,bad,24.0
61,True,True,MONTRÉAL,TORONTO,2025-12-26,4,Belleville,BLVL,2025-12-26T15:32:53Z,2025-12-26T15:11:00Z,ARR,bad,21.0
61,True,True,MONTRÉAL,TORONTO,2025-12-26,5,Oshawa,OSHA,2025-12-26T16:38:57Z,2025-12-26T16:19:00Z,ARR,med,19.0
61,True,True,MONTRÉAL,TORONTO,2025-12-26,6,Guildwood,GUIL,2025-12-26T16:59:42Z,2025-12-26T16:43:00Z,ARR,med,16.0
61,True,True,MONTRÉAL,TORONTO,2025-12-26,7,Toronto,TRTO,2025-12-26T17:24:23Z,2025-12-26T17:03:00Z,ARR,bad,21.0
40,True,True,TORONTO,OTTAWA,2025-12-26,0,Toronto,TRTO,2025-12-26T15:38:00Z,2025-12-26T15:38:00Z,ARR,goo,0.0
40,True,True,TORONTO,OTTAWA,2025-12-26,1,Belleville,BLVL,2025-12-26T17:13:15Z,2025-12-26T17:09:00Z,ARR,goo,4.0
40,True,True,TORONTO,OTTAWA,2025-12-26,2,Kingston,KGON,2025-12-26T17:54:45Z,2025-12-26T17:48:00Z,ARR,med,6.0
40,True,True,TORONTO,OTTAWA,2025-12-26,3,Fallowfield,FALL,2025-12-26T20:55:17Z,2025-12-26T19:38:00Z,ARR,bad,77.0
40,True,True,TORONTO,OTTAWA,2025-12-26,4,Ottawa,OTTW,2025-12-26T21:17:47Z,2025-12-26T20:02:00Z,ARR,bad,75.0
53,True,True,OTTAWA,TORONTO,2025-12-26,0,Ottawa,OTTW,2025-12-26T16:43:00Z,2025-12-26T16:43:00Z,ARR,goo,0.0
53,True,True,OTTAWA,TORONTO,2025-12-26,1,Fallowfield,FALL,2025-12-26T17:07:12Z,2025-12-26T17:00:00Z,ARR,med,7.0
53,True,True,OTTAWA,TORONTO,2025-12-26,2,Brockville,BRKV,2025-12-26T18:07:52Z,2025-12-26T18:01:00Z,ARR,med,6.0
53,True,True,OTTAWA,TORONTO,2025-12-26,3,Gananoque,GANA,2025-12-26T18:39:27Z,2025-12-26T18:31:00Z,ARR,med,8.0
53,True,True,OTTAWA,TORONTO,2025-12-26,4,Kingston,KGON,2025-12-26T19:08:29Z,2025-12-26T18:54:00Z,ARR,med,14.0
53,True,True,OTTAWA,TORONTO,2025-12-26,5,Belleville,BLVL,2025-12-26T19:53:28Z,2025-12-26T19:36:00Z,ARR,med,17.0
53,True,True,OTTAWA,TORONTO,2025-12-26,6,Cobourg,CBRG,2025-12-26T20:30:56Z,2025-12-26T20:12:00Z,ARR,med,18.0
53,True,True,OTTAWA,TORONTO,2025-12-26,7,Oshawa,OSHA,2025-12-26T21:07:03Z,2025-12-26T20:48:00Z,ARR,med,19.0
53,True,True,OTTAWA,TORONTO,2025-12-26,8,Toronto,TRTO,2025-12-26T21:47:48Z,2025-12-26T21:33:00Z,ARR,med,14.0
26,True,True,OTTAWA,QUÉBEC,2025-12-26,0,Ottawa,OTTW,2025-12-26T19:17:49Z,2025-12-26T19:17:00Z,ARR,goo,0.0
26,True,True,OTTAWA,QUÉBEC,2025-12-26,1,Alexandria,ALEX,2025-12-26T20:09:17Z,2025-12-26T20:03:00Z,ARR,med,6.0
26,True,True,OTTAWA,QUÉBEC,2025-12-26,2,Coteau,COTO,2025-12-26T20:43:34Z,2025-12-26T20:26:00Z,ARR,med,17.0
26,True,True,OTTAWA,QUÉBEC,2025-12-26,3,Dorval,DORV,2025-12-26T21:08:12Z,2025-12-26T20:49:00Z,ARR,med,19.0
26,True,True,OTTAWA,QUÉBEC,2025-12-26,4,Montréal,MTRL,2025-12-26T21:34:47Z,2025-12-26T21:15:00Z,ARR,med,19.0
26,True,True,OTTAWA,QUÉBEC,2025-12-26,5,St. Lambert,SLAM,2025-12-26T22:18:40Z,2025-12-26T21:53:00Z,ARR,bad,25.0
26,True,True,OTTAWA,QUÉBEC,2025-12-26,6,St. Hyacinthe,SHYA,2025-12-26T22:52:37Z,2025-12-26T22:20:00Z,ARR,bad,32.0
26,True,True,OTTAWA,QUÉBEC,2025-12-26,7,Drummondville,DRMV,2025-12-26T23:34:55Z,2025-12-26T23:05:00Z,ARR,bad,29.0
26,True,True,OTTAWA,QUÉBEC,2025-12-26,8,Charny,CHNY,2025-12-27T00:55:05Z,2025-12-27T00:44:00Z,ARR,med,11.0
26,True,True,OTTAWA,QUÉBEC,2025-12-26,9,Ste-Foy,SFOY,2025-12-27T01:04:50Z,2025-12-27T00:52:00Z,ARR,med,12.0
26,True,True,OTTAWA,QUÉBEC,2025-12-26,10,Québec,QBEC,2025-12-27T01:35:29Z,2025-12-27T01:19:00Z,ARR,med,16.0
645,True,True,OTTAWA,TORONTO,2025-12-26,0,Ottawa,OTTW,2025-12-26T19:29:00Z,2025-12-26T19:29:00Z,ARR,goo,0.0
645,True,True,OTTAWA,TORONTO,2025-12-26,1,Fallowfield,FALL,2025-12-26T19:45:27Z,2025-12-26T19:49:00Z,ARR,goo,-3.0
645,True,True,OTTAWA,TORONTO,2025-12-26,2,Kingston,KGON,2025-12-26T21:50:27Z,2025-12-26T21:34:00Z,ARR,med,16.0
645,True,True,OTTAWA,TORONTO,2025-12-26,3,Belleville,BLVL,2025-12-26T22:44:24Z,2025-12-26T22:15:00Z,ARR,bad,29.0
645,True,True,OTTAWA,TORONTO,2025-12-26,4,Oshawa,OSHA,2025-12-26T23:52:26Z,2025-12-26T23:20:00Z,ARR,bad,32.0
645,True,True,OTTAWA,TORONTO,2025-12-26,5,Toronto,TRTO,2025-12-27T00:43:59Z,2025-12-27T00:15:00Z,ARR,bad,28.0
5,True,False,JASPER,PRINCE RUPERT,2025-12-26,0,Jasper,JASP,2025-12-26T17:58:39Z,2025-12-26T17:45:00Z,ARR,med,13.0
5,True,False,JASPER,PRINCE RUPERT,2025-12-26,1,Harvey,HRVY,2025-12-26T19:38:21Z,2025-12-26T19:38:00Z,ARR,goo,0.0
5,True,False,JASPER,PRINCE RUPERT,2025-12-26,2,Dunster,DNST,2025-12-26T20:10:24Z,2025-12-26T20:12:00Z,ARR,goo,-1.0
5,True,False,JASPER,PRINCE RUPERT,2025-12-26,3,Mcbride,MCBR,2025-12-26T21:14:22Z,2025-12-26T20:44:00Z,ARR,bad,30.0
5,True,False,JASPER,PRINCE RUPERT,2025-12-26,4,Goat River,GOAT,2025-12-26T22:12:14Z,2025-12-26T21:41:00Z,ARR,bad,31.0
5,True,False,JASPER,PRINCE RUPERT,2025-12-26,5,Loos,LOOS,2025-12-26T22:26:13Z,2025-12-26T21:58:00Z,ARR,bad,28.0
5,True,False,JASPER,PRINCE RUPERT,2025-12-26,6,Dome Creek,DOMC,2025-12-26T22:55:07Z,2025-12-26T22:32:00Z,ARR,bad,23.0
5,True,False,JASPER,PRINCE RUPERT,2025-12-26,7,Bend,BEND,2025-12-26T22:58:00Z,2025-12-26T22:36:00Z,ARR,bad,22.0
5,True,False,JASPER,PRINCE RUPERT,2025-12-26,8,Penny,PENN,2025-12-26T23:15:20Z,2025-12-26T22:56:00Z,ARR,med,19.0
5,True,False,JASPER,PRINCE RUPERT,2025-12-26,9,Longworth,LWTH,2025-12-26T23:27:00Z,2025-12-26T23:11:00Z,ARR,med,16.0
5,True,False,JASPER,PRINCE RUPERT,2025-12-26,10,Hutton,HUTT,2025-12-26T23:38:32Z,2025-12-26T23:24:00Z,ARR,med,14.0
5,True,False,JASPER,PRINCE RUPERT,2025-12-26,11,Sinclair Mills,SINM,2025-12-26T23:44:32Z,2025-12-26T23:30:00Z,ARR,med,14.0
5,True,False,JASPER,PRINCE RUPERT,2025-12-26,12,Mcgregor,MCGR,2025-12-26T23:52:09Z,2025-12-26T23:43:00Z,ARR,med,9.0
5,True,False,JASPER,PRINCE RUPERT,2025-12-26,13,Upper Fraser,UFRZ,2025-12-27T00:01:09Z,2025-12-26T23:52:00Z,ARR,med,9.0
5,True,False,JASPER,PRINCE RUPERT,2025-12-26,14,Aleza Lake,ALZL,2025-12-27T00:10:09Z,2025-12-27T00:01:00Z,ARR,med,9.0
5,True,False,JASPER,PRINCE RUPERT,2025-12-26,15,Willow River,WILR,2025-12-27T00:27:13Z,2025-12-27T00:31:00Z,ARR,goo,-3.0
5,True,False,JASPER,PRINCE RUPERT,2025-12-26,16,Prince George,PGEO,2025-12-27T01:29:44Z,2025-12-27T01:08:00Z,ARR,bad,21.0
44,True,True,TORONTO,OTTAWA,2025-12-26,0,Toronto,TRTO,2025-12-26T20:04:27Z,2025-12-26T19:23:00Z,ARR,bad,41.0
44,True,True,TORONTO,OTTAWA,2025-12-26,1,Oshawa,OSHA,2025-12-26T20:49:05Z,2025-12-26T19:54:00Z,ARR,bad,55.0
44,True,True,TORONTO,OTTAWA,2025-12-26,2,Kingston,KGON,2025-12-26T22:52:48Z,2025-12-26T21:32:00Z,ARR,bad,80.0
44,True,True,TORONTO,OTTAWA,2025-12-26,3,Brockville,BRKV,2025-12-26T23:57:05Z,2025-12-26T22:19:00Z,ARR,bad,98.0
44,True,True,TORONTO,OTTAWA,2025-12-26,4,Smiths Falls,SMTF,2025-12-27T00:37:15Z,2025-12-26T22:50:00Z,ARR,bad,107.0
44,True,True,TORONTO,OTTAWA,2025-12-26,5,Fallowfield,FALL,2025-12-27T01:07:12Z,2025-12-26T23:22:00Z,ARR,bad,105.0
44,True,True,TORONTO,OTTAWA,2025-12-26,6,Ottawa,OTTW,2025-12-27T01:32:29Z,2025-12-26T23:43:00Z,ARR,bad,109.0
39,True,True,QUÉBEC,OTTAWA,2025-12-26,0,Québec,QBEC,2025-12-26T19:57:00Z,2025-12-26T19:57:00Z,ARR,goo,0.0
39,True,True,QUÉBEC,OTTAWA,2025-12-26,1,Ste-Foy,SFOY,2025-12-26T20:21:04Z,2025-12-26T20:22:00Z,ARR,goo,0.0
39,True,True,QUÉBEC,OTTAWA,2025-12-26,2,Drummondville,DRMV,2025-12-26T22:13:49Z,2025-12-26T21:58:00Z,ARR,med,15.0
39,True,True,QUÉBEC,OTTAWA,2025-12-26,3,St. Lambert,SLAM,2025-12-26T23:09:06Z,2025-12-26T22:57:00Z,ARR,med,12.0
39,True,True,QUÉBEC,OTTAWA,2025-12-26,4,Montréal,MTRL,2025-12-26T23:27:12Z,2025-12-26T23:11:00Z,ARR,med,16.0
39,True,True,QUÉBEC,OTTAWA,2025-12-26,5,Dorval,DORV,2025-12-27T00:16:58Z,2025-12-27T00:14:00Z,ARR,goo,2.0
39,True,True,QUÉBEC,OTTAWA,2025-12-26,6,Coteau,COTO,2025-12-27T00:44:17Z,2025-12-27T00:43:00Z,ARR,goo,1.0
39,True,True,QUÉBEC,OTTAWA,2025-12-26,7,Alexandria,ALEX,2025-12-27T01:05:24Z,2025-12-27T01:06:00Z,ARR,goo,0.0
39,True,True,QUÉBEC,OTTAWA,2025-12-26,8,Ottawa,OTTW,2025-12-27T01:47:06Z,2025-12-27T01:51:00Z,ARR,goo,-3.0
66,True,True,TORONTO,MONTRÉAL,2025-12-26,0,Toronto,TRTO,2025-12-26T20:38:00Z,2025-12-26T20:23:00Z,ARR,med,15.0
66,True,True,TORONTO,MONTRÉAL,2025-12-26,1,Guildwood,GUIL,2025-12-26T20:58:19Z,2025-12-26T20:40:00Z,ARR,med,18.0
66,True,True,TORONTO,MONTRÉAL,2025-12-26,2,Oshawa,OSHA,2025-12-26T21:24:02Z,2025-12-26T20:54:00Z,ARR,bad,30.0
66,True,True,TORONTO,MONTRÉAL,2025-12-26,3,Belleville,BLVL,2025-12-26T22:34:31Z,2025-12-26T22:00:00Z,ARR,bad,34.0
66,True,True,TORONTO,MONTRÉAL,2025-12-26,4,Kingston,KGON,2025-12-26T23:17:19Z,2025-12-26T22:40:00Z,ARR,bad,37.0
66,True,True,TORONTO,MONTRÉAL,2025-12-26,5,Cornwall,CWLL,2025-12-27T01:14:38Z,2025-12-27T00:07:00Z,ARR,bad,67.0
66,True,True,TORONTO,MONTRÉAL,2025-12-26,6,Dorval,DORV,2025-12-27T02:04:08Z,2025-12-27T00:58:00Z,ARR,bad,66.0
66,True,True,TORONTO,MONTRÉAL,2025-12-26,7,Montréal,MTRL,2025-12-27T02:33:35Z,2025-12-27T01:25:00Z,ARR,bad,68.0
186,True,False,WHITE RIVER,SUDBURY,2025-12-26,0,Sudbury,SUDB,&mdash;,2025-12-26T20:50:00Z,&mdash;,,
28,True,False,OTTAWA,QUÉBEC,2025-12-26,0,Ottawa,OTTW,2025-12-26T22:03:18Z,2025-12-26T21:05:00Z,ARR,bad,58.0
28,True,False,OTTAWA,QUÉBEC,2025-12-26,1,Casselman,CSLM,2025-12-26T22:28:57Z,2025-12-26T21:31:00Z,ARR,bad,57.0
28,True,False,OTTAWA,QUÉBEC,2025-12-26,2,Alexandria,ALEX,2025-12-26T22:52:15Z,2025-12-26T21:53:00Z,ARR,bad,59.0
28,True,False,OTTAWA,QUÉBEC,2025-12-26,3,Coteau,COTO,2025-12-26T23:19:59Z,2025-12-26T22:15:00Z,ARR,bad,64.0
28,True,False,OTTAWA,QUÉBEC,2025-12-26,4,Dorval,DORV,2025-12-26T23:48:53Z,2025-12-26T22:38:00Z,ARR,bad,70.0
28,True,False,OTTAWA,QUÉBEC,2025-12-26,5,Montréal,MTRL,2025-12-27T00:16:30Z,2025-12-26T23:04:00Z,ARR,bad,72.0
28,True,False,OTTAWA,QUÉBEC,2025-12-26,6,St. Lambert,SLAM,2025-12-27T01:00:39Z,2025-12-26T23:38:00Z,ARR,bad,82.0
28,True,False,OTTAWA,QUÉBEC,2025-12-26,7,St. Hyacinthe,SHYA,2025-12-27T01:34:41Z,2025-12-27T00:06:00Z,ARR,bad,88.0
28,True,False,OTTAWA,QUÉBEC,2025-12-26,8,Drummondville,DRMV,2025-12-27T02:20:00Z,2025-12-27T00:52:00Z,ARR,bad,88.0
28,True,False,OTTAWA,QUÉBEC,2025-12-26,9,Charny,CHNY,2025-12-27T03:43:37Z,2025-12-27T02:14:00Z,23 mins,bad,89.0
28,True,False,OTTAWA,QUÉBEC,2025-12-26,10,Ste-Foy,SFOY,2025-12-27T03:50:37Z,2025-12-27T02:21:00Z,30 mins,bad,89.0
28,True,False,OTTAWA,QUÉBEC,2025-12-26,11,Québec,QBEC,2025-12-27T04:17:37Z,2025-12-27T02:48:00Z,57 mins,bad,89.0
46,True,True,TORONTO,OTTAWA,2025-12-26,0,Toronto,TRTO,2025-12-26T20:48:00Z,2025-12-26T20:38:00Z,ARR,med,10.0
46,True,True,TORONTO,OTTAWA,2025-12-26,1,Oshawa,OSHA,2025-12-26T21:34:01Z,2025-12-26T21:09:00Z,ARR,bad,25.0
46,True,True,TORONTO,OTTAWA,2025-12-26,2,Cobourg,CBRG,2025-12-26T22:14:23Z,2025-12-26T21:43:00Z,ARR,bad,31.0
46,True,True,TORONTO,OTTAWA,2025-12-26,3,Kingston,KGON,2025-12-26T23:35:34Z,2025-12-26T22:54:00Z,ARR,bad,41.0
46,True,True,TORONTO,OTTAWA,2025-12-26,4,Brockville,BRKV,2025-12-27T00:36:54Z,2025-12-26T23:40:00Z,ARR,bad,56.0
46,True,True,TORONTO,OTTAWA,2025-12-26,5,Fallowfield,FALL,2025-12-27T01:31:55Z,2025-12-27T00:40:00Z,ARR,bad,51.0
46,True,True,TORONTO,OTTAWA,2025-12-26,6,Ottawa,OTTW,2025-12-27T01:56:49Z,2025-12-27T01:00:00Z,ARR,bad,56.0
69,True,True,MONTRÉAL,TORONTO,2025-12-26,0,Montréal,MTRL,2025-12-26T21:38:00Z,2025-12-26T21:38:00Z,ARR,goo,0.0
69,True,True,MONTRÉAL,TORONTO,2025-12-26,1,Dorval,DORV,2025-12-26T22:03:39Z,2025-12-26T22:04:00Z,ARR,goo,0.0
69,True,True,MONTRÉAL,TORONTO,2025-12-26,2,Cornwall,CWLL,2025-12-26T22:57:06Z,2025-12-26T22:53:00Z,ARR,goo,4.0
69,True,True,MONTRÉAL,TORONTO,2025-12-26,3,Brockville,BRKV,2025-12-26T23:46:21Z,2025-12-26T23:40:00Z,ARR,med,6.0
69,True,True,MONTRÉAL,TORONTO,2025-12-26,4,Kingston,KGON,2025-12-27T00:41:17Z,2025-12-27T00:24:00Z,ARR,med,17.0
69,True,True,MONTRÉAL,TORONTO,2025-12-26,5,Oshawa,OSHA,2025-12-27T02:25:05Z,2025-12-27T02:05:00Z,ARR,bad,20.0
69,True,True,MONTRÉAL,TORONTO,2025-12-26,6,Guildwood,GUIL,2025-12-27T02:50:06Z,2025-12-27T02:28:00Z,ARR,bad,22.0
69,True,True,MONTRÉAL,TORONTO,2025-12-26,7,Toronto,TRTO,2025-12-27T03:10:05Z,2025-12-27T02:48:00Z,ARR,bad,22.0
646,True,True,TORONTO,OTTAWA,2025-12-26,0,Toronto,TRTO,2025-12-26T21:38:00Z,2025-12-26T21:38:00Z,ARR,goo,0.0
646,True,True,TORONTO,OTTAWA,2025-12-26,1,Oshawa,OSHA,2025-12-26T22:09:33Z,2025-12-26T22:09:00Z,ARR,goo,0.0
646,True,True,TORONTO,OTTAWA,2025-12-26,2,Belleville,BLVL,2025-12-26T23:15:05Z,2025-12-26T23:13:00Z,ARR,goo,2.0
646,True,True,TORONTO,OTTAWA,2025-12-26,3,Fallowfield,FALL,2025-12-27T01:50:50Z,2025-12-27T01:23:00Z,ARR,bad,27.0
646,True,True,TORONTO,OTTAWA,2025-12-26,4,Ottawa,OTTW,2025-12-27T02:11:44Z,2025-12-27T01:46:00Z,ARR,bad,25.0
68,True,False,TORONTO,MONTRÉAL,2025-12-26,0,Toronto,TRTO,2025-12-26T22:08:10Z,2025-12-26T22:08:00Z,ARR,goo,0.0
68,True,False,TORONTO,MONTRÉAL,2025-12-26,1,Oshawa,OSHA,2025-12-26T22:56:39Z,2025-12-26T22:39:00Z,ARR,med,17.0
68,True,False,TORONTO,MONTRÉAL,2025-12-26,2,Cobourg,CBRG,2025-12-26T23:36:20Z,2025-12-26T23:14:00Z,ARR,bad,22.0
68,True,False,TORONTO,MONTRÉAL,2025-12-26,3,Belleville,BLVL,2025-12-27T00:14:17Z,2025-12-26T23:49:00Z,ARR,bad,25.0
68,True,False,TORONTO,MONTRÉAL,2025-12-26,4,Kingston,KGON,2025-12-27T00:55:48Z,2025-12-27T00:26:00Z,ARR,bad,29.0
68,True,False,TORONTO,MONTRÉAL,2025-12-26,5,Brockville,BRKV,2025-12-27T01:46:34Z,2025-12-27T01:11:00Z,ARR,bad,35.0
68,True,False,TORONTO,MONTRÉAL,2025-12-26,6,Cornwall,CWLL,2025-12-27T02:33:55Z,2025-12-27T01:57:00Z,ARR,bad,36.0
68,True,False,TORONTO,MONTRÉAL,2025-12-26,7,Dorval,DORV,2025-12-27T03:25:44Z,2025-12-27T02:47:00Z,5 mins,bad,38.0
68,True,False,TORONTO,MONTRÉAL,2025-12-26,8,Montréal,MTRL,2025-12-27T03:52:44Z,2025-12-27T03:14:00Z,32 mins,bad,38.0
647,True,False,OTTAWA,TORONTO,2025-12-26,0,Ottawa,OTTW,2025-12-26T22:01:09Z,2025-12-26T21:51:00Z,ARR,med,10.0
647,True,False,OTTAWA,TORONTO,2025-12-26,1,Fallowfield,FALL,2025-12-26T22:29:22Z,2025-12-26T22:09:00Z,ARR,bad,20.0
647,True,False,OTTAWA,TORONTO,2025-12-26,2,Kingston,KGON,2025-12-27T00:10:26Z,2025-12-26T23:55:00Z,ARR,med,15.0
647,True,False,OTTAWA,TORONTO,2025-12-26,3,Oshawa,OSHA,2025-12-27T02:02:20Z,2025-12-27T01:36:00Z,ARR,bad,26.0
647,True,False,OTTAWA,TORONTO,2025-12-26,4,Guildwood,GUIL,2025-12-27T02:54:27Z,2025-12-27T01:58:00Z,ARR,bad,56.0
647,True,False,OTTAWA,TORONTO,2025-12-26,5,Toronto,TRTO,2025-12-27T03:21:28Z,2025-12-27T02:18:00Z,< 1 min,bad,63.0
87,True,False,TORONTO,SARNIA,2025-12-26,0,Toronto,TRTO,2025-12-26T22:40:49Z,2025-12-26T22:40:00Z,ARR,goo,0.0
87,True,False,TORONTO,SARNIA,2025-12-26,1,Malton,MALT,2025-12-26T23:03:09Z,2025-12-26T23:00:00Z,ARR,goo,3.0
87,True,False,TORONTO,SARNIA,2025-12-26,2,Brampton,BRMP,2025-12-26T23:19:04Z,2025-12-26T23:12:00Z,ARR,med,7.0
87,True,False,TORONTO,SARNIA,2025-12-26,3,Georgetown,GEOR,2025-12-26T23:38:23Z,2025-12-26T23:24:00Z,ARR,med,14.0
87,True,False,TORONTO,SARNIA,2025-12-26,4,Guelph,GUEL,2025-12-27T00:03:40Z,2025-12-26T23:49:00Z,ARR,med,14.0
87,True,False,TORONTO,SARNIA,2025-12-26,5,Kitchener,KITC,2025-12-27T00:27:12Z,2025-12-27T00:16:00Z,ARR,med,11.0
87,True,False,TORONTO,SARNIA,2025-12-26,6,Stratford,STRF,2025-12-27T01:16:15Z,2025-12-27T00:57:00Z,ARR,med,19.0
87,True,False,TORONTO,SARNIA,2025-12-26,7,St.Marys,SMYS,2025-12-27T01:50:47Z,2025-12-27T01:25:00Z,ARR,bad,25.0
87,True,False,TORONTO,SARNIA,2025-12-26,8,London,LNDN,2025-12-27T02:44:26Z,2025-12-27T02:13:00Z,ARR,bad,31.0
87,True,False,TORONTO,SARNIA,2025-12-26,9,Strathroy,STRR,2025-12-27T03:10:42Z,2025-12-27T02:39:00Z,ARR,bad,31.0
87,True,False,TORONTO,SARNIA,2025-12-26,10,Wyoming,WYOM,2025-12-27T03:37:45Z,2025-12-27T03:07:00Z,17 mins,bad,30.0
87,True,False,TORONTO,SARNIA,2025-12-26,11,Sarnia,SARN,2025-12-27T03:54:45Z,2025-12-27T03:24:00Z,34 mins,bad,30.0
75,True,False,TORONTO,WINDSOR,2025-12-26,0,Toronto,TRTO,2025-12-26T22:36:48Z,2025-12-26T22:22:00Z,ARR,med,14.0
75,True,False,TORONTO,WINDSOR,2025-12-26,1,Oakville,OAKV,2025-12-26T23:08:18Z,2025-12-26T22:45:00Z,ARR,bad,23.0
75,True,False,TORONTO,WINDSOR,2025-12-26,2,Aldershot,ALDR,2025-12-26T23:28:21Z,2025-12-26T23:01:00Z,ARR,bad,27.0
75,True,False,TORONTO,WINDSOR,2025-12-26,3,Brantford,BRTF,2025-12-27T00:06:02Z,2025-12-26T23:33:00Z,ARR,bad,33.0
75,True,False,TORONTO,WINDSOR,2025-12-26,4,Woodstock,WDST,2025-12-27T00:43:53Z,2025-12-27T00:04:00Z,ARR,bad,39.0
75,True,False,TORONTO,WINDSOR,2025-12-26,5,Ingersoll,INGR,2025-12-27T01:01:37Z,2025-12-27T00:19:00Z,ARR,bad,42.0
75,True,False,TORONTO,WINDSOR,2025-12-26,6,London,LNDN,2025-12-27T01:27:32Z,2025-12-27T00:47:00Z,ARR,bad,40.0
75,True,False,TORONTO,WINDSOR,2025-12-26,7,Glencoe,GLNC,2025-12-27T02:06:00Z,2025-12-27T01:21:00Z,ARR,bad,45.0
75,True,False,TORONTO,WINDSOR,2025-12-26,8,Chatham,CHAT,2025-12-27T02:47:49Z,2025-12-27T01:55:00Z,ARR,bad,52.0
75,True,False,TORONTO,WINDSOR,2025-12-26,9,Windsor,WDON,2025-12-27T03:34:42Z,2025-12-27T02:50:00Z,14 mins,bad,44.0
98,True,False,NIAGARA FALLS,TORONTO,2025-12-26,0,Niagara Falls,NIAG,2025-12-27T02:20:00Z,2025-12-26T22:45:00Z,ARR,bad,215.0
98,True,False,NIAGARA FALLS,TORONTO,2025-12-26,1,St. Catharines,SCAT,2025-12-27T02:41:00Z,2025-12-26T23:06:00Z,ARR,bad,215.0
98,True,False,NIAGARA FALLS,TORONTO,2025-12-26,2,Grimsby,GRIM,2025-12-27T03:08:00Z,2025-12-26T23:26:00Z,ARR,bad,222.0
98,True,False,NIAGARA FALLS,TORONTO,2025-12-26,3,Aldershot,ALDR,2025-12-27T03:53:00Z,2025-12-27T00:02:00Z,32 mins,bad,231.0
98,True,False,NIAGARA FALLS,TORONTO,2025-12-26,4,Oakville,OAKV,2025-12-27T04:07:00Z,2025-12-27T00:16:00Z,46 mins,bad,231.0
98,True,False,NIAGARA FALLS,TORONTO,2025-12-26,5,Toronto,TRTO,2025-12-27T04:34:00Z,2025-12-27T00:43:00Z,1h13,bad,231.0
54,True,False,TORONTO,OTTAWA,2025-12-26,0,Toronto,TRTO,2025-12-26T23:03:41Z,2025-12-26T22:38:00Z,ARR,bad,25.0
54,True,False,TORONTO,OTTAWA,2025-12-26,1,Guildwood,GUIL,2025-12-26T23:27:55Z,2025-12-26T22:55:00Z,ARR,bad,32.0
54,True,False,TORONTO,OTTAWA,2025-12-26,2,Oshawa,OSHA,2025-12-26T23:47:24Z,2025-12-26T23:08:00Z,ARR,bad,39.0
54,True,False,TORONTO,OTTAWA,2025-12-26,3,Port Hope,PHOP,2025-12-27T00:19:10Z,2025-12-26T23:37:00Z,ARR,bad,42.0
54,True,False,TORONTO,OTTAWA,2025-12-26,4,Cobourg,CBRG,2025-12-27T00:30:44Z,2025-12-26T23:46:00Z,ARR,bad,44.0
54,True,False,TORONTO,OTTAWA,2025-12-26,5,Trenton Jct.,TRNJ,2025-12-27T00:57:27Z,2025-12-27T00:13:01Z,ARR,bad,44.0
54,True,False,TORONTO,OTTAWA,2025-12-26,6,Belleville,BLVL,2025-12-27T01:13:23Z,2025-12-27T00:27:00Z,ARR,bad,46.0
54,True,False,TORONTO,OTTAWA,2025-12-26,7,Napanee,NAPN,2025-12-27T01:35:35Z,2025-12-27T00:48:00Z,ARR,bad,47.0
54,True,False,TORONTO,OTTAWA,2025-12-26,8,Kingston,KGON,2025-12-27T01:58:06Z,2025-12-27T01:09:00Z,ARR,bad,49.0
54,True,False,TORONTO,OTTAWA,2025-12-26,9,Brockville,BRKV,2025-12-27T03:04:38Z,2025-12-27T01:54:00Z,ARR,bad,70.0
54,True,False,TORONTO,OTTAWA,2025-12-26,10,Smiths Falls,SMTF,2025-12-27T03:36:20Z,2025-12-27T02:25:00Z,15 mins,bad,71.0
54,True,False,TORONTO,OTTAWA,2025-12-26,11,Fallowfield,FALL,2025-12-27T04:03:20Z,2025-12-27T02:52:00Z,42 mins,bad,71.0
54,True,False,TORONTO,OTTAWA,2025-12-26,12,Ottawa,OTTW,2025-12-27T04:24:20Z,2025-12-27T03:13:00Z,1h03,bad,71.0
38,True,True,OTTAWA,MONTRÉAL,2025-12-26,0,Ottawa,OTTW,2025-12-26T22:55:00Z,2025-12-26T22:55:00Z,ARR,goo,0.0
38,True,True,OTTAWA,MONTRÉAL,2025-12-26,1,Casselman,CSLM,2025-12-26T23:20:25Z,2025-12-26T23:26:00Z,ARR,goo,-5.0
38,True,True,OTTAWA,MONTRÉAL,2025-12-26,2,Alexandria,ALEX,2025-12-26T23:48:27Z,2025-12-26T23:49:00Z,ARR,goo,0.0
38,True,True,OTTAWA,MONTRÉAL,2025-12-26,3,Dorval,DORV,2025-12-27T00:35:48Z,2025-12-27T00:33:00Z,ARR,goo,2.0
38,True,True,OTTAWA,MONTRÉAL,2025-12-26,4,Montréal,MTRL,2025-12-27T00:59:43Z,2025-12-27T00:57:00Z,ARR,goo,2.0
59,True,False,OTTAWA,TORONTO,2025-12-26,0,Ottawa,OTTW,2025-12-26T23:03:04Z,2025-12-26T23:03:00Z,ARR,goo,0.0
59,True,False,OTTAWA,TORONTO,2025-12-26,1,Fallowfield,FALL,2025-12-26T23:20:44Z,2025-12-26T23:20:00Z,ARR,goo,0.0
59,True,False,OTTAWA,TORONTO,2025-12-26,2,Smiths Falls,SMTF,2025-12-26T23:49:48Z,2025-12-26T23:51:00Z,ARR,goo,-1.0
59,True,False,OTTAWA,TORONTO,2025-12-26,3,Brockville,BRKV,2025-12-27T00:31:19Z,2025-12-27T00:25:00Z,ARR,med,6.0
59,True,False,OTTAWA,TORONTO,2025-12-26,4,Kingston,KGON,2025-12-27T01:21:59Z,2025-12-27T01:10:00Z,ARR,med,11.0
59,True,False,OTTAWA,TORONTO,2025-12-26,5,Belleville,BLVL,2025-12-27T02:05:12Z,2025-12-27T01:51:00Z,ARR,med,14.0
59,True,False,OTTAWA,TORONTO,2025-12-26,6,Trenton Jct.,TRNJ,2025-12-27T02:26:21Z,2025-12-27T02:05:00Z,ARR,bad,21.0
59,True,False,OTTAWA,TORONTO,2025-12-26,7,Cobourg,CBRG,2025-12-27T02:53:56Z,2025-12-27T02:31:00Z,ARR,bad,22.0
59,True,False,OTTAWA,TORONTO,2025-12-26,8,Oshawa,OSHA,2025-12-27T03:30:28Z,2025-12-27T03:05:00Z,9 mins,bad,25.0
59,True,False,OTTAWA,TORONTO,2025-12-26,9,Guildwood,GUIL,2025-12-27T03:53:28Z,2025-12-27T03:28:00Z,32 mins,bad,25.0
59,True,False,OTTAWA,TORONTO,2025-12-26,10,Toronto,TRTO,2025-12-27T04:13:28Z,2025-12-27T03:48:00Z,52 mins,bad,25.0
29,True,True,QUÉBEC,MONTRÉAL,2025-12-26,0,Québec,QBEC,2025-12-26T23:26:54Z,2025-12-26T22:41:00Z,ARR,bad,45.0
29,True,True,QUÉBEC,MONTRÉAL,2025-12-26,1,Ste-Foy,SFOY,2025-12-26T23:54:16Z,2025-12-26T23:06:00Z,ARR,bad,48.0
29,True,True,QUÉBEC,MONTRÉAL,2025-12-26,2,Drummondville,DRMV,2025-12-27T01:42:08Z,2025-12-27T00:42:00Z,ARR,bad,60.0
29,True,True,QUÉBEC,MONTRÉAL,2025-12-26,3,St. Hyacinthe,SHYA,2025-12-27T02:13:06Z,2025-12-27T01:18:00Z,ARR,bad,55.0
29,True,True,QUÉBEC,MONTRÉAL,2025-12-26,4,St. Lambert,SLAM,2025-12-27T02:42:40Z,2025-12-27T01:45:00Z,ARR,bad,57.0
29,True,True,QUÉBEC,MONTRÉAL,2025-12-26,5,Montréal,MTRL,2025-12-27T02:59:01Z,2025-12-27T02:00:00Z,ARR,bad,59.0
668,True,False,TORONTO,MONTRÉAL,2025-12-26,0,Toronto,TRTO,2025-12-26T23:08:00Z,2025-12-26T23:08:00Z,ARR,goo,0.0
668,True,False,TORONTO,MONTRÉAL,2025-12-26,1,Guildwood,GUIL,2025-12-26T23:41:36Z,2025-12-26T23:25:00Z,ARR,med,16.0
668,True,False,TORONTO,MONTRÉAL,2025-12-26,2,Oshawa,OSHA,2025-12-26T23:59:10Z,2025-12-26T23:39:00Z,ARR,bad,20.0
668,True,False,TORONTO,MONTRÉAL,2025-12-26,3,Kingston,KGON,2025-12-27T02:27:28Z,2025-12-27T01:22:00Z,ARR,bad,65.0
668,True,False,TORONTO,MONTRÉAL,2025-12-26,4,Cornwall,CWLL,2025-12-27T03:59:33Z,2025-12-27T02:49:00Z,39 mins,bad,70.0
668,True,False,TORONTO,MONTRÉAL,2025-12-26,5,Dorval,DORV,2025-12-27T04:48:33Z,2025-12-27T03:38:00Z,1h28,bad,70.0
668,True,False,TORONTO,MONTRÉAL,2025-12-26,6,Montréal,MTRL,2025-12-27T05:14:33Z,2025-12-27T04:04:00Z,1h54,bad,70.0
669,True,False,MONTRÉAL,TORONTO,2025-12-26,0,Montréal,MTRL,2025-12-26T23:09:00Z,2025-12-26T23:09:00Z,ARR,goo,0.0
669,True,False,MONTRÉAL,TORONTO,2025-12-26,1,Dorval,DORV,2025-12-26T23:35:02Z,2025-12-26T23:34:00Z,ARR,goo,1.0
669,True,False,MONTRÉAL,TORONTO,2025-12-26,2,Cornwall,CWLL,2025-12-27T00:26:38Z,2025-12-27T00:26:00Z,ARR,goo,0.0
669,True,False,MONTRÉAL,TORONTO,2025-12-26,3,Kingston,KGON,2025-12-27T01:55:28Z,2025-12-27T01:52:00Z,ARR,goo,3.0
669,True,False,MONTRÉAL,TORONTO,2025-12-26,4,Oshawa,OSHA,2025-12-27T03:44:56Z,2025-12-27T03:35:00Z,24 mins,med,9.0
669,True,False,MONTRÉAL,TORONTO,2025-12-26,5,Toronto,TRTO,2025-12-27T04:27:56Z,2025-12-27T04:18:00Z,1h07,med,9.0
78,True,False,WINDSOR,TORONTO,2025-12-26,0,Windsor,WDON,2025-12-26T22:44:35Z,2025-12-26T22:40:00Z,ARR,goo,4.0
78,True,False,WINDSOR,TORONTO,2025-12-26,1,Chatham,CHAT,2025-12-26T23:26:54Z,2025-12-26T23:24:00Z,ARR,goo,2.0
78,True,False,WINDSOR,TORONTO,2025-12-26,2,Glencoe,GLNC,2025-12-27T00:24:20Z,2025-12-26T23:59:00Z,ARR,bad,25.0
78,True,False,WINDSOR,TORONTO,2025-12-26,3,London,LNDN,2025-12-27T00:55:17Z,2025-12-27T00:32:00Z,ARR,bad,23.0
78,True,False,WINDSOR,TORONTO,2025-12-26,4,Ingersoll,INGR,2025-12-27T01:28:09Z,2025-12-27T00:57:00Z,ARR,bad,31.0
78,True,False,WINDSOR,TORONTO,2025-12-26,5,Woodstock,WDST,2025-12-27T01:41:31Z,2025-12-27T01:08:00Z,ARR,bad,33.0
78,True,False,WINDSOR,TORONTO,2025-12-26,6,Brantford,BRTF,2025-12-27T02:12:17Z,2025-12-27T01:39:00Z,ARR,bad,33.0
78,True,False,WINDSOR,TORONTO,2025-12-26,7,Aldershot,ALDR,2025-12-27T02:45:25Z,2025-12-27T02:09:00Z,ARR,bad,36.0
78,True,False,WINDSOR,TORONTO,2025-12-26,8,Oakville,OAKV,2025-12-27T03:00:34Z,2025-12-27T02:24:00Z,ARR,bad,36.0
78,True,False,WINDSOR,TORONTO,2025-12-26,9,Toronto,TRTO,2025-12-27T03:32:48Z,2025-12-27T02:50:00Z,12 mins,bad,42.0
14,True,False,MONTRÉAL,HALIFAX,2025-12-26,0,Montréal,MTRL,2025-12-26T23:36:22Z,2025-12-26T23:30:00Z,ARR,med,6.0
14,True,False,MONTRÉAL,HALIFAX,2025-12-26,1,St. Lambert,SLAM,2025-12-26T23:52:50Z,2025-12-26T23:45:00Z,ARR,med,7.0
14,True,False,MONTRÉAL,HALIFAX,2025-12-26,2,St. Hyacinthe,SHYA,2025-12-27T00:43:10Z,2025-12-27T00:23:00Z,ARR,bad,20.0
14,True,False,MONTRÉAL,HALIFAX,2025-12-26,3,Drummondville,DRMV,2025-12-27T01:23:35Z,2025-12-27T01:04:00Z,ARR,med,19.0
14,True,False,MONTRÉAL,HALIFAX,2025-12-26,4,Ste-Foy,SFOY,2025-12-27T03:05:05Z,2025-12-27T02:48:00Z,ARR,med,17.0
14,True,False,MONTRÉAL,HALIFAX,2025-12-26,5,Montmagny,MMGY,2025-12-27T04:34:08Z,2025-12-27T04:17:00Z,1h13,med,17.0
14,True,False,MONTRÉAL,HALIFAX,2025-12-26,6,La Pocatière,LPOC,2025-12-27T05:07:08Z,2025-12-27T04:50:00Z,1h46,med,17.0
14,True,False,MONTRÉAL,HALIFAX,2025-12-26,7,Rivière-Du-Loup,RDLX,2025-12-27T05:48:08Z,2025-12-27T05:31:00Z,2h27,med,17.0
14,True,False,MONTRÉAL,HALIFAX,2025-12-26,8,Trois Pistoles,TPIS,2025-12-27T06:34:08Z,2025-12-27T06:17:00Z,3h13,med,17.0
14,True,False,MONTRÉAL,HALIFAX,2025-12-26,9,Rimouski,RMSK,2025-12-27T07:42:08Z,2025-12-27T07:25:00Z,4h21,med,17.0
14,True,False,MONTRÉAL,HALIFAX,2025-12-26,10,Mont-Joli,MJLI,2025-12-27T08:20:08Z,2025-12-27T08:03:00Z,4h59,med,17.0
14,True,False,MONTRÉAL,HALIFAX,2025-12-26,11,Sayabec,SAYA,2025-12-27T09:23:08Z,2025-12-27T09:06:00Z,6h02,med,17.0
14,True,False,MONTRÉAL,HALIFAX,2025-12-26,12,Amqui,AMQU,2025-12-27T09:44:08Z,2025-12-27T09:27:00Z,6h23,med,17.0
14,True,False,MONTRÉAL,HALIFAX,2025-12-26,13,Causapscal,CAUS,2025-12-27T10:06:08Z,2025-12-27T09:49:00Z,6h45,med,17.0
14,True,False,MONTRÉAL,HALIFAX,2025-12-26,14,Matapedia,MTPD,2025-12-27T10:52:08Z,2025-12-27T10:35:00Z,7h31,med,17.0
14,True,False,MONTRÉAL,HALIFAX,2025-12-26,15,Campbellton,CBTN,2025-12-27T11:37:08Z,2025-12-27T11:20:00Z,8h16,med,17.0
14,True,False,MONTRÉAL,HALIFAX,2025-12-26,16,Charlo,CHLO,2025-12-27T12:20:08Z,2025-12-27T12:03:00Z,8h59,med,17.0
14,True,False,MONTRÉAL,HALIFAX,2025-12-26,17,Jacquet River,JACR,2025-12-27T12:43:08Z,2025-12-27T12:26:00Z,9h22,med,17.0
14,True,False,MONTRÉAL,HALIFAX,2025-12-26,18,Petit Rocher,PROC,2025-12-27T13:05:08Z,2025-12-27T12:48:00Z,9h44,med,17.0
14,True,False,MONTRÉAL,HALIFAX,2025-12-26,19,Bathurst,BTRS,2025-12-27T13:53:08Z,2025-12-27T13:36:00Z,10h32,med,17.0
14,True,False,MONTRÉAL,HALIFAX,2025-12-26,20,Miramichi,MIRA,2025-12-27T15:42:08Z,2025-12-27T15:25:00Z,12h21,med,17.0
14,True,False,MONTRÉAL,HALIFAX,2025-12-26,21,Rogersville,RGRV,2025-12-27T16:37:08Z,2025-12-27T16:20:00Z,13h16,med,17.0
48,True,False,TORONTO,OTTAWA,2025-12-26,0,Toronto,TRTO,2025-12-26T23:53:00Z,2025-12-26T23:38:00Z,ARR,med,15.0
48,True,False,TORONTO,OTTAWA,2025-12-26,1,Oshawa,OSHA,2025-12-27T00:44:25Z,2025-12-27T00:08:00Z,ARR,bad,36.0
48,True,False,TORONTO,OTTAWA,2025-12-26,2,Port Hope,PHOP,2025-12-27T01:16:47Z,2025-12-27T00:36:00Z,ARR,bad,40.0
48,True,False,TORONTO,OTTAWA,2025-12-26,3,Cobourg,CBRG,2025-12-27T01:25:47Z,2025-12-27T00:45:00Z,ARR,bad,40.0
48,True,False,TORONTO,OTTAWA,2025-12-26,4,Trenton Jct.,TRNJ,2025-12-27T01:54:47Z,2025-12-27T01:12:01Z,ARR,bad,42.0
48,True,False,TORONTO,OTTAWA,2025-12-26,5,Belleville,BLVL,2025-12-27T02:10:40Z,2025-12-27T01:25:00Z,ARR,bad,45.0
48,True,False,TORONTO,OTTAWA,2025-12-26,6,Napanee,NAPN,2025-12-27T02:32:35Z,2025-12-27T01:46:00Z,ARR,bad,46.0
48,True,False,TORONTO,OTTAWA,2025-12-26,7,Kingston,KGON,2025-12-27T02:55:57Z,2025-12-27T02:06:00Z,ARR,bad,49.0
48,True,False,TORONTO,OTTAWA,2025-12-26,8,Gananoque,GANA,2025-12-27T03:19:55Z,2025-12-27T02:28:00Z,ARR,bad,51.0
48,True,False,TORONTO,OTTAWA,2025-12-26,9,Brockville,BRKV,2025-12-27T03:44:55Z,2025-12-27T02:53:00Z,24 mins,bad,51.0
48,True,False,TORONTO,OTTAWA,2025-12-26,10,Smiths Falls,SMTF,2025-12-27T04:15:55Z,2025-12-27T03:24:00Z,55 mins,bad,51.0
48,True,False,TORONTO,OTTAWA,2025-12-26,11,Fallowfield,FALL,2025-12-27T04:42:55Z,2025-12-27T03:51:00Z,1h22,bad,51.0
48,True,False,TORONTO,OTTAWA,2025-12-26,12,Ottawa,OTTW,2025-12-27T05:02:55Z,2025-12-27T04:11:00Z,1h42,bad,51.0
79,True,False,TORONTO,WINDSOR,2025-12-26,0,Toronto,TRTO,2025-12-27T01:09:00Z,2025-12-27T00:45:00Z,ARR,bad,24.0
79,True,False,TORONTO,WINDSOR,2025-12-26,1,Oakville,OAKV,2025-12-27T01:36:20Z,2025-12-27T01:07:00Z,ARR,bad,29.0
79,True,False,TORONTO,WINDSOR,2025-12-26,2,Aldershot,ALDR,2025-12-27T01:56:39Z,2025-12-27T01:22:00Z,ARR,bad,34.0
79,True,False,TORONTO,WINDSOR,2025-12-26,3,Brantford,BRTF,2025-12-27T02:26:58Z,2025-12-27T01:50:00Z,ARR,bad,36.0
79,True,False,TORONTO,WINDSOR,2025-12-26,4,Woodstock,WDST,2025-12-27T02:54:48Z,2025-12-27T02:17:00Z,ARR,bad,37.0
79,True,False,TORONTO,WINDSOR,2025-12-26,5,Ingersoll,INGR,2025-12-27T03:06:28Z,2025-12-27T02:30:00Z,ARR,bad,36.0
79,True,False,TORONTO,WINDSOR,2025-12-26,6,London,LNDN,2025-12-27T03:29:39Z,2025-12-27T02:52:00Z,9 mins,bad,37.0
79,True,False,TORONTO,WINDSOR,2025-12-26,7,Glencoe,GLNC,2025-12-27T04:02:39Z,2025-12-27T03:25:00Z,42 mins,bad,37.0
79,True,False,TORONTO,WINDSOR,2025-12-26,8,Chatham,CHAT,2025-12-27T04:34:39Z,2025-12-27T03:57:00Z,1h14,bad,37.0
79,True,False,TORONTO,WINDSOR,2025-12-26,9,Windsor,WDON,2025-12-27T05:21:39Z,2025-12-27T04:44:00Z,2h01,bad,37.0
603,True,True,MONTRÉAL,SENNETERRE,2025-12-26,0,Sauvé,SAUV,&mdash;,2025-12-26T13:09:00Z,&mdash;,,
603,True,True,MONTRÉAL,SENNETERRE,2025-12-26,1,Anjou,ANJO,2025-12-26T13:26:20Z,2025-12-26T13:24:00Z,ARR,goo,2.0
603,True,True,MONTRÉAL,SENNETERRE,2025-12-26,2,Joliette,JOLI,2025-12-26T14:06:27Z,2025-12-26T14:05:00Z,ARR,goo,1.0
603,True,True,MONTRÉAL,SENNETERRE,2025-12-26,3,St-Justin,SJUS,2025-12-26T14:43:57Z,2025-12-26T14:37:00Z,ARR,med,6.0
603,True,True,MONTRÉAL,SENNETERRE,2025-12-26,4,St-Paulin,SPAU,2025-12-26T14:53:29Z,2025-12-26T14:50:00Z,ARR,goo,3.0
603,True,True,MONTRÉAL,SENNETERRE,2025-12-26,5,Charette,CHRT,2025-12-26T15:05:41Z,2025-12-26T14:58:00Z,ARR,med,7.0
603,True,True,MONTRÉAL,SENNETERRE,2025-12-26,6,Shawinigan,SHWN,2025-12-26T15:33:29Z,2025-12-26T15:18:00Z,ARR,med,15.0
603,True,True,MONTRÉAL,SENNETERRE,2025-12-26,7,Grand-Mère,GMRE,2025-12-26T15:48:05Z,2025-12-26T15:30:00Z,ARR,med,18.0
603,True,True,MONTRÉAL,SENNETERRE,2025-12-26,8,Garneau,GARN,2025-12-26T16:01:28Z,2025-12-26T15:41:00Z,ARR,bad,20.0
603,True,True,MONTRÉAL,SENNETERRE,2025-12-26,9,Saint-Tite,STIT,2025-12-26T16:28:01Z,2025-12-26T15:56:00Z,ARR,bad,32.0
603,True,True,MONTRÉAL,SENNETERRE,2025-12-26,10,Hervey,HERV,2025-12-26T16:48:03Z,2025-12-26T16:35:00Z,ARR,med,13.0
603,True,True,MONTRÉAL,SENNETERRE,2025-12-26,11,La Tuque,LTUQ,2025-12-26T18:36:19Z,2025-12-26T18:11:00Z,ARR,bad,25.0
603,True,True,MONTRÉAL,SENNETERRE,2025-12-26,12,Fitzpatrick,FITZ,2025-12-26T19:02:46Z,2025-12-26T18:28:00Z,ARR,bad,34.0
603,True,True,MONTRÉAL,SENNETERRE,2025-12-26,13,Cressman,CRSM,2025-12-26T19:29:02Z,2025-12-26T18:49:00Z,ARR,bad,40.0
603,True,True,MONTRÉAL,SENNETERRE,2025-12-26,14,Club Vermillion,VMLC,2025-12-26T19:37:02Z,2025-12-26T18:57:00Z,ARR,bad,40.0
603,True,True,MONTRÉAL,SENNETERRE,2025-12-26,15,Rapide-Blanc,RAPB,2025-12-26T19:40:02Z,2025-12-26T19:00:00Z,ARR,bad,40.0
603,True,True,MONTRÉAL,SENNETERRE,2025-12-26,16,Lac-Darey,LDAR,2025-12-26T19:59:02Z,2025-12-26T19:19:00Z,ARR,bad,40.0
603,True,True,MONTRÉAL,SENNETERRE,2025-12-26,17,Duplessis,DUPL,2025-12-26T20:12:02Z,2025-12-26T19:32:00Z,ARR,bad,40.0
603,True,True,MONTRÉAL,SENNETERRE,2025-12-26,18,Mctavish,MCTC,2025-12-26T20:25:02Z,2025-12-26T19:45:00Z,ARR,bad,40.0
603,True,True,MONTRÉAL,SENNETERRE,2025-12-26,19,Windigo,WNDG,2025-12-26T20:27:02Z,2025-12-26T19:47:00Z,ARR,bad,40.0
603,True,True,MONTRÉAL,SENNETERRE,2025-12-26,20,Ferguson,FERG,2025-12-26T20:35:02Z,2025-12-26T19:55:00Z,ARR,bad,40.0
603,True,True,MONTRÉAL,SENNETERRE,2025-12-26,21,Club Wigwam,WGWC,2025-12-26T20:41:02Z,2025-12-26T20:01:00Z,ARR,bad,40.0
603,True,True,MONTRÉAL,SENNETERRE,2025-12-26,22,Vandry,VDRY,2025-12-26T20:56:34Z,2025-12-26T20:09:00Z,ARR,bad,47.0
603,True,True,MONTRÉAL,SENNETERRE,2025-12-26,23,Dessane,DESS,2025-12-26T21:02:08Z,2025-12-26T20:15:00Z,ARR,bad,47.0
603,True,True,MONTRÉAL,SENNETERRE,2025-12-26,24,Saint-Maurice Rivière-Boom,SMRB,2025-12-26T21:10:04Z,2025-12-26T20:24:00Z,ARR,bad,46.0
603,True,True,MONTRÉAL,SENNETERRE,2025-12-26,25,Weymont,WYMT,2025-12-26T21:11:40Z,2025-12-26T20:26:00Z,ARR,bad,45.0
603,True,True,MONTRÉAL,SENNETERRE,2025-12-26,26,Sanmaur,SANM,2025-12-26T21:13:26Z,2025-12-26T20:29:00Z,ARR,bad,44.0
603,True,True,MONTRÉAL,SENNETERRE,2025-12-26,27,Cann,CANN,2025-12-26T21:20:33Z,2025-12-26T20:36:00Z,ARR,bad,44.0
603,True,True,MONTRÉAL,SENNETERRE,2025-12-26,28,Club Belanger,BLGC,2025-12-26T21:25:51Z,2025-12-26T20:42:00Z,ARR,bad,43.0
603,True,True,MONTRÉAL,SENNETERRE,2025-12-26,29,Hibbard,HIBB,2025-12-26T21:36:51Z,2025-12-26T20:53:00Z,ARR,bad,43.0
603,True,True,MONTRÉAL,SENNETERRE,2025-12-26,30,Casey,CASY,2025-12-26T21:49:51Z,2025-12-26T21:06:00Z,ARR,bad,43.0
603,True,True,MONTRÉAL,SENNETERRE,2025-12-26,31,Mccarthy,MCCA,2025-12-26T22:04:51Z,2025-12-26T21:21:00Z,ARR,bad,43.0
603,True,True,MONTRÉAL,SENNETERRE,2025-12-26,32,Club Sisco,SSCC,2025-12-26T22:07:51Z,2025-12-26T21:24:00Z,ARR,bad,43.0
603,True,True,MONTRÉAL,SENNETERRE,2025-12-26,33,Manjobagues,MJBG,2025-12-26T22:15:51Z,2025-12-26T21:32:00Z,ARR,bad,43.0
603,True,True,MONTRÉAL,SENNETERRE,2025-12-26,34,Parent,PARE,2025-12-26T22:30:51Z,2025-12-26T21:47:00Z,ARR,bad,43.0
603,True,True,MONTRÉAL,SENNETERRE,2025-12-26,35,Timbrell,TIMB,2025-12-26T23:01:40Z,2025-12-26T22:11:00Z,ARR,bad,50.0
603,True,True,MONTRÉAL,SENNETERRE,2025-12-26,36,Club Rita Inc.,RTAC,2025-12-26T23:11:40Z,2025-12-26T22:21:00Z,ARR,bad,50.0
603,True,True,MONTRÉAL,SENNETERRE,2025-12-26,37,Strachan,STRN,2025-12-26T23:15:40Z,2025-12-26T22:25:00Z,ARR,bad,50.0
603,True,True,MONTRÉAL,SENNETERRE,2025-12-26,38,Club Maniwawa,MWWC,2025-12-26T23:22:40Z,2025-12-26T22:32:00Z,ARR,bad,50.0
603,True,True,MONTRÉAL,SENNETERRE,2025-12-26,39,Greening,GRNG,2025-12-26T23:33:40Z,2025-12-26T22:43:00Z,ARR,bad,50.0
603,True,True,MONTRÉAL,SENNETERRE,2025-12-26,40,Oskelaneo Lodge,OSKL,2025-12-26T23:41:40Z,2025-12-26T22:51:00Z,ARR,bad,50.0
603,True,True,MONTRÉAL,SENNETERRE,2025-12-26,41,Rivière Oskélanéo,OSKR,2025-12-26T23:52:40Z,2025-12-26T23:02:00Z,ARR,bad,50.0
603,True,True,MONTRÉAL,SENNETERRE,2025-12-26,42,Clova,CLOV,2025-12-27T00:02:40Z,2025-12-26T23:12:00Z,ARR,bad,50.0
603,True,True,MONTRÉAL,SENNETERRE,2025-12-26,43,Coquar,COQU,2025-12-27T00:14:40Z,2025-12-26T23:24:00Z,ARR,bad,50.0
603,True,True,MONTRÉAL,SENNETERRE,2025-12-26,44,Monet,MNET,2025-12-27T00:25:40Z,2025-12-26T23:35:00Z,ARR,bad,50.0
603,True,True,MONTRÉAL,SENNETERRE,2025-12-26,45,Consolidated Bathurst,CBAT,2025-12-27T00:32:40Z,2025-12-26T23:42:00Z,ARR,bad,50.0
603,True,True,MONTRÉAL,SENNETERRE,2025-12-26,46,Club Kapitachuan,KPTC,2025-12-27T00:36:40Z,2025-12-26T23:46:00Z,ARR,bad,50.0
603,True,True,MONTRÉAL,SENNETERRE,2025-12-26,47,Bourmont,BRMT,2025-12-27T00:38:40Z,2025-12-26T23:48:00Z,ARR,bad,50.0
603,True,True,MONTRÉAL,SENNETERRE,2025-12-26,48,Club Beaudin Inc.,BDNC,2025-12-27T00:43:40Z,2025-12-26T23:53:00Z,ARR,bad,50.0
603,True,True,MONTRÉAL,SENNETERRE,2025-12-26,49,Langlade,LNGL,2025-12-27T00:50:40Z,2025-12-27T00:00:00Z,ARR,bad,50.0
603,True,True,MONTRÉAL,SENNETERRE,2025-12-26,50,Da-Rou-Lac Lodge,DRLL,2025-12-27T00:51:41Z,2025-12-27T00:01:01Z,ARR,bad,50.0
603,True,True,MONTRÉAL,SENNETERRE,2025-12-26,51,Gagnon,GAGN,2025-12-27T01:00:40Z,2025-12-27T00:10:00Z,ARR,bad,50.0
603,True,True,MONTRÉAL,SENNETERRE,2025-12-26,52,Dix,DIXX,2025-12-27T01:03:40Z,2025-12-27T00:13:00Z,ARR,bad,50.0
603,True,True,MONTRÉAL,SENNETERRE,2025-12-26,53,Bolger,BGQU,2025-12-27T01:15:40Z,2025-12-27T00:25:00Z,ARR,bad,50.0
603,True,True,MONTRÉAL,SENNETERRE,2025-12-26,54,Forsythe,FORS,2025-12-27T01:22:40Z,2025-12-27T00:32:00Z,ARR,bad,50.0
603,True,True,MONTRÉAL,SENNETERRE,2025-12-26,55,Press,PRSS,2025-12-27T01:42:57Z,2025-12-27T00:51:00Z,ARR,bad,51.0
603,True,True,MONTRÉAL,SENNETERRE,2025-12-26,56,Signai,SIGN,2025-12-27T01:49:47Z,2025-12-27T00:59:00Z,ARR,bad,50.0
603,True,True,MONTRÉAL,SENNETERRE,2025-12-26,57,Mégiscane,MEGI,2025-12-27T02:05:02Z,2025-12-27T01:15:00Z,ARR,bad,50.0
603,True,True,MONTRÉAL,SENNETERRE,2025-12-26,58,Senneterre,SENN,2025-12-27T02:39:43Z,2025-12-27T02:02:00Z,ARR,bad,37.0
