train_id,departed,arrived,from,to,instance,stop_id,station,code,estimated,scheduled,eta,diff,diffMin
1 (05-07),True,False,TORONTO,VANCOUVER,2025-05-07,0,Toronto,TRTO,2025-05-07T22:00:00Z,2025-05-07T13:55:00Z,ARR,bad,485.0
1 (05-07),True,False,TORONTO,VANCOUVER,2025-05-07,1,Washago,WSHG,2025-05-08T00:30:00Z,2025-05-07T16:25:00Z,ARR,bad,485.0
1 (05-07),True,False,TORONTO,VANCOUVER,2025-05-07,2,South Parry,SPAR,2025-05-08T03:40:39Z,2025-05-07T18:27:00Z,ARR,bad,553.0
1 (05-07),True,False,TORONTO,VANCOUVER,2025-05-07,3,Sudbury (Jct.),SUDJ,2025-05-08T06:20:46Z,2025-05-07T20:57:00Z,ARR,bad,563.0
1 (05-07),True,False,TORONTO,VANCOUVER,2025-05-07,4,Capreol,CAPR,2025-05-08T06:55:35Z,2025-05-07T21:22:00Z,ARR,bad,573.0
1 (05-07),True,False,TORONTO,VANCOUVER,2025-05-07,5,Laforest,LAFO,2025-05-08T09:07:02Z,2025-05-07T22:48:00Z,ARR,bad,619.0
1 (05-07),True,False,TORONTO,VANCOUVER,2025-05-07,6,McKee's Camp,MCKC,2025-05-08T09:20:02Z,2025-05-07T23:01:00Z,ARR,bad,619.0
1 (05-07),True,False,TORONTO,VANCOUVER,2025-05-07,7,Felix,FELX,2025-05-08T09:40:02Z,2025-05-07T23:21:00Z,ARR,bad,619.0
1 (05-07),True,False,TORONTO,VANCOUVER,2025-05-07,8,Ruel,RUEL,2025-05-08T09:47:02Z,2025-05-07T23:28:00Z,ARR,bad,619.0
1 (05-07),True,False,TORONTO,VANCOUVER,2025-05-07,9,Westree,WSTR,2025-05-08T11:12:45Z,2025-05-07T23:45:00Z,ARR,bad,687.0
1 (05-07),True,False,TORONTO,VANCOUVER,2025-05-07,10,Gogama,GOGA,2025-05-08T11:56:52Z,2025-05-08T00:18:00Z,ARR,bad,698.0
1 (05-07),True,False,TORONTO,VANCOUVER,2025-05-07,11,Foleyet,FOLE,2025-05-08T14:29:39Z,2025-05-08T02:44:00Z,ARR,bad,705.0
1 (05-07),True,False,TORONTO,VANCOUVER,2025-05-07,12,Elsas,ELSA,2025-05-08T15:26:51Z,2025-05-08T03:38:00Z,ARR,bad,708.0
1 (05-07),True,False,TORONTO,VANCOUVER,2025-05-07,13,Oba,OBAX,2025-05-08T17:26:51Z,2025-05-08T05:38:00Z,ARR,bad,708.0
1 (05-07),True,False,TORONTO,VANCOUVER,2025-05-07,14,Hornepayne,HNPN,2025-05-08T17:49:29Z,2025-05-08T06:29:00Z,ARR,bad,680.0
1 (05-07),True,False,TORONTO,VANCOUVER,2025-05-07,15,Hillsport,HLSP,2025-05-08T19:58:11Z,2025-05-08T08:05:00Z,ARR,bad,713.0
1 (05-07),True,False,TORONTO,VANCOUVER,2025-05-07,16,Caramat,CARA,2025-05-08T21:24:57Z,2025-05-08T08:55:00Z,ARR,bad,749.0
1 (05-07),True,False,TORONTO,VANCOUVER,2025-05-07,17,Longlac,LLAC,2025-05-08T21:46:38Z,2025-05-08T09:34:00Z,ARR,bad,732.0
1 (05-07),True,False,TORONTO,VANCOUVER,2025-05-07,18,Nakina,NAKI,2025-05-08T22:34:31Z,2025-05-08T10:13:00Z,ARR,bad,741.0
1 (05-07),True,False,TORONTO,VANCOUVER,2025-05-07,19,Auden,AUDN,2025-05-08T23:39:31Z,2025-05-08T11:19:00Z,ARR,bad,740.0
1 (05-07),True,False,TORONTO,VANCOUVER,2025-05-07,20,Ferland,FERL,2025-05-09T00:16:31Z,2025-05-08T11:56:00Z,ARR,bad,740.0
1 (05-07),True,False,TORONTO,VANCOUVER,2025-05-07,21,Mud River,MUDR,2025-05-09T00:25:31Z,2025-05-08T12:05:00Z,ARR,bad,740.0
1 (05-07),True,False,TORONTO,VANCOUVER,2025-05-07,22,Armstrong,ARMG,2025-05-09T00:54:06Z,2025-05-08T13:17:00Z,ARR,bad,697.0
1 (05-07),True,False,TORONTO,VANCOUVER,2025-05-07,23,Collins,COLL,2025-05-09T01:45:00Z,2025-05-08T13:47:00Z,ARR,bad,718.0
1 (05-07),True,False,TORONTO,VANCOUVER,2025-05-07,24,Allanwater Bridge,ALWB,2025-05-09T02:24:00Z,2025-05-08T14:26:00Z,ARR,bad,718.0
1 (05-07),True,False,TORONTO,VANCOUVER,2025-05-07,25,Flindt Landing,FLTL,2025-05-09T02:40:00Z,2025-05-08T14:42:00Z,ARR,bad,718.0
1 (05-07),True,False,TORONTO,VANCOUVER,2025-05-07,26,Savant Lake,SAVL,2025-05-09T02:57:00Z,2025-05-08T14:59:00Z,ARR,bad,718.0
1 (05-07),True,False,TORONTO,VANCOUVER,2025-05-07,27,Sioux Lookout,SLKT,2025-05-09T04:50:31Z,2025-05-08T16:25:00Z,ARR,bad,745.0
1 (05-07),True,False,TORONTO,VANCOUVER,2025-05-07,28,Richan,RCHN,2025-05-09T06:30:23Z,2025-05-08T18:05:00Z,ARR,bad,745.0
1 (05-07),True,False,TORONTO,VANCOUVER,2025-05-07,29,Red Lake Road,RLRX,2025-05-09T07:01:33Z,2025-05-08T18:41:00Z,ARR,bad,740.0
1 (05-07),True,False,TORONTO,VANCOUVER,2025-05-07,30,Canyon,CNYK,2025-05-09T07:30:12Z,2025-05-08T19:10:00Z,ARR,bad,740.0
1 (05-07),True,False,TORONTO,VANCOUVER,2025-05-07,31,Farlane,FARL,2025-05-09T08:17:31Z,2025-05-08T19:47:00Z,ARR,bad,750.0
1 (05-07),True,False,TORONTO,VANCOUVER,2025-05-07,32,Redditt,RDDT,2025-05-09T08:31:01Z,2025-05-08T20:23:00Z,ARR,bad,728.0
1 (05-07),True,False,TORONTO,VANCOUVER,2025-05-07,33,Minaki,MNKI,2025-05-09T08:49:31Z,2025-05-08T20:44:00Z,ARR,bad,725.0
1 (05-07),True,False,TORONTO,VANCOUVER,2025-05-07,34,Ottermere,OTTM,2025-05-09T09:16:35Z,2025-05-08T21:01:00Z,ARR,bad,735.0
1 (05-07),True,False,TORONTO,VANCOUVER,2025-05-07,35,Malachi,MLCH,2025-05-09T09:23:43Z,2025-05-08T21:07:00Z,ARR,bad,736.0
1 (05-07),True,False,TORONTO,VANCOUVER,2025-05-07,36,Copelands Landing,COPE,2025-05-09T09:26:35Z,2025-05-08T21:09:00Z,ARR,bad,737.0
1 (05-07),True,False,TORONTO,VANCOUVER,2025-05-07,37,Rice Lake,RCLK,2025-05-09T09:33:59Z,2025-05-08T21:12:00Z,ARR,bad,741.0
1 (05-07),True,False,TORONTO,VANCOUVER,2025-05-07,38,Winnitoba,WNTB,2025-05-09T09:41:22Z,2025-05-08T21:26:00Z,ARR,bad,735.0
1 (05-07),True,False,TORONTO,VANCOUVER,2025-05-07,39,Ophir,OPHR,2025-05-09T09:41:30Z,2025-05-08T21:31:00Z,ARR,bad,730.0
1 (05-07),True,False,TORONTO,VANCOUVER,2025-05-07,40,Brereton Lake,BRTL,2025-05-09T09:54:37Z,2025-05-08T21:49:00Z,ARR,bad,725.0
1 (05-07),True,False,TORONTO,VANCOUVER,2025-05-07,41,Elma,ELMA,2025-05-09T10:27:22Z,2025-05-08T22:10:00Z,ARR,bad,737.0
1 (05-07),True,False,TORONTO,VANCOUVER,2025-05-07,42,Winnipeg,WNPG,2025-05-09T11:36:06Z,2025-05-09T00:30:00Z,ARR,bad,666.0
1 (05-07),True,False,TORONTO,VANCOUVER,2025-05-07,43,Portage La Prairie,PLPX,2025-05-09T16:13:09Z,2025-05-09T04:04:00Z,ARR,bad,729.0
1 (05-07),True,False,TORONTO,VANCOUVER,2025-05-07,44,Rivers,RVRS,2025-05-09T17:54:07Z,2025-05-09T06:31:00Z,ARR,bad,683.0
1 (05-07),True,False,TORONTO,VANCOUVER,2025-05-07,45,Melville,MELV,2025-05-09T22:45:56Z,2025-05-09T10:54:00Z,ARR,bad,711.0
1 (05-07),True,False,TORONTO,VANCOUVER,2025-05-07,46,Watrous,WATR,2025-05-10T01:23:06Z,2025-05-09T13:54:00Z,ARR,bad,689.0
1 (05-07),True,False,TORONTO,VANCOUVER,2025-05-07,47,Saskatoon,SASK,2025-05-10T02:26:01Z,2025-05-09T15:50:00Z,ARR,bad,636.0
1 (05-07),True,False,TORONTO,VANCOUVER,2025-05-07,48,Biggar,BIGG,2025-05-10T06:01:56Z,2025-05-09T18:29:00Z,ARR,bad,692.0
1 (05-07),True,False,TORONTO,VANCOUVER,2025-05-07,49,Unity,UNIT,2025-05-10T07:07:18Z,2025-05-09T19:44:00Z,ARR,bad,683.0
1 (05-07),True,False,TORONTO,VANCOUVER,2025-05-07,50,Wainwright,WAIN,2025-05-10T09:28:00Z,2025-05-09T22:33:00Z,ARR,bad,655.0
1 (05-07),True,False,TORONTO,VANCOUVER,2025-05-07,51,Viking,VKNG,2025-05-10T11:05:10Z,2025-05-09T23:26:00Z,ARR,bad,699.0
1 (05-07),True,False,TORONTO,VANCOUVER,2025-05-07,52,Edmonton,EDMO,2025-05-10T13:28:53Z,2025-05-10T02:50:00Z,ARR,bad,638.0
1 (05-07),True,False,TORONTO,VANCOUVER,2025-05-07,53,Evansburg,EVAN,2025-05-10T16:23:01Z,2025-05-10T07:29:00Z,ARR,bad,534.0
1 (05-07),True,False,TORONTO,VANCOUVER,2025-05-07,54,Edson,EDSN,2025-05-10T17:21:45Z,2025-05-10T08:52:00Z,ARR,bad,509.0
1 (05-07),True,False,TORONTO,VANCOUVER,2025-05-07,55,Hinton,HINT,2025-05-10T19:11:12Z,2025-05-10T09:58:00Z,ARR,bad,553.0
1 (05-07),True,False,TORONTO,VANCOUVER,2025-05-07,56,Jasper,JASP,2025-05-10T22:16:42Z,2025-05-10T12:30:00Z,ARR,bad,586.0
1 (05-07),True,False,TORONTO,VANCOUVER,2025-05-07,57,Valemount,VLMT,2025-05-11T01:51:55Z,2025-05-10T17:50:00Z,ARR,bad,481.0
1 (05-07),True,False,TORONTO,VANCOUVER,2025-05-07,58,Blue River,BLUE,2025-05-11T03:47:15Z,2025-05-10T20:36:00Z,ARR,bad,431.0
1 (05-07),True,False,TORONTO,VANCOUVER,2025-05-07,59,Clearwater,CLWT,2025-05-11T05:53:44Z,2025-05-10T22:45:00Z,2h02,bad,428.0
1 (05-07),True,False,TORONTO,VANCOUVER,2025-05-07,60,Kamloops North,KAMN,2025-05-11T08:36:44Z,2025-05-11T01:28:00Z,4h45,bad,428.0
1 (05-07),True,False,TORONTO,VANCOUVER,2025-05-07,61,Ashcroft,ASHN,&mdash;,2025-05-11T03:49:00Z,&mdash;,,
1 (05-07),True,False,TORONTO,VANCOUVER,2025-05-07,62,Boston Bar,BBAR,&mdash;,2025-05-11T06:36:00Z,&mdash;,,
1 (05-07),True,False,TORONTO,VANCOUVER,2025-05-07,63,Hope,HOPE,&mdash;,2025-05-11T08:06:00Z,&mdash;,,
1 (05-07),True,False,TORONTO,VANCOUVER,2025-05-07,64,Chilliwack,CHIL,&mdash;,2025-05-11T08:30:00Z,&mdash;,,
1 (05-07),True,False,TORONTO,VANCOUVER,2025-05-07,65,Abbotsford,ABBO,&mdash;,2025-05-11T09:00:00Z,&mdash;,,
1 (05-07),True,False,TORONTO,VANCOUVER,2025-05-07,66,Vancouver,VCVR,&mdash;,2025-05-11T15:00:00Z,&mdash;,,
692 (05-08),True,True,GILLAM,WINNIPEG,2025-05-08,0,Gillam,GILL,2025-05-09T10:32:57Z,2025-05-09T10:30:00Z,ARR,goo,2.0
692 (05-08),True,True,GILLAM,WINNIPEG,2025-05-08,1,Wivenhoe,WVHO,2025-05-09T11:21:47Z,2025-05-09T11:16:00Z,ARR,med,5.0
692 (05-08),True,True,GILLAM,WINNIPEG,2025-05-08,2,Ilford,ILFO,2025-05-09T12:08:20Z,2025-05-09T11:53:00Z,ARR,bad,15.0
692 (05-08),True,True,GILLAM,WINNIPEG,2025-05-08,3,Pit Siding,PITS,2025-05-09T13:09:20Z,2025-05-09T12:54:00Z,ARR,bad,15.0
692 (05-08),True,True,GILLAM,WINNIPEG,2025-05-08,4,Bridgar,BRGR,2025-05-09T14:31:20Z,2025-05-09T14:16:00Z,ARR,bad,15.0
692 (05-08),True,True,GILLAM,WINNIPEG,2025-05-08,5,Pikwitonei,PIKW,2025-05-09T14:42:20Z,2025-05-09T14:27:00Z,ARR,bad,15.0
692 (05-08),True,True,GILLAM,WINNIPEG,2025-05-08,6,Sipiwesk,SIPI,2025-05-09T15:09:20Z,2025-05-09T14:54:00Z,ARR,bad,15.0
692 (05-08),True,True,GILLAM,WINNIPEG,2025-05-08,7,Thompson,THOM,2025-05-09T17:49:15Z,2025-05-09T16:30:00Z,ARR,bad,79.0
692 (05-08),True,True,GILLAM,WINNIPEG,2025-05-08,8,Leven,LEVN,2025-05-09T21:05:00Z,2025-05-09T21:05:00Z,ARR,goo,0.0
692 (05-08),True,True,GILLAM,WINNIPEG,2025-05-08,9,Thicket Portage,THKP,2025-05-09T21:22:00Z,2025-05-09T21:22:00Z,ARR,goo,0.0
692 (05-08),True,True,GILLAM,WINNIPEG,2025-05-08,10,Hockin,HOCK,2025-05-09T21:37:00Z,2025-05-09T21:37:00Z,ARR,goo,0.0
692 (05-08),True,True,GILLAM,WINNIPEG,2025-05-08,11,Odhill,ODHI,2025-05-09T22:21:00Z,2025-05-09T22:21:00Z,ARR,goo,0.0
692 (05-08),True,True,GILLAM,WINNIPEG,2025-05-08,12,Lyddal,LYDD,2025-05-09T22:43:00Z,2025-05-09T22:43:00Z,ARR,goo,0.0
692 (05-08),True,True,GILLAM,WINNIPEG,2025-05-08,13,Wabowden,WBDN,2025-05-09T23:11:00Z,2025-05-09T23:11:00Z,ARR,goo,0.0
692 (05-08),True,True,GILLAM,WINNIPEG,2025-05-08,14,Pipun,PIPN,2025-05-09T23:34:00Z,2025-05-09T23:34:00Z,ARR,goo,0.0
692 (05-08),True,True,GILLAM,WINNIPEG,2025-05-08,15,Ponton,PNTN,2025-05-10T00:17:00Z,2025-05-10T00:17:00Z,ARR,goo,0.0
692 (05-08),True,True,GILLAM,WINNIPEG,2025-05-08,16,Turnbull,TURN,2025-05-10T00:49:00Z,2025-05-10T00:49:00Z,ARR,goo,0.0
692 (05-08),True,True,GILLAM,WINNIPEG,2025-05-08,17,Wekusko,WEKU,2025-05-10T01:16:00Z,2025-05-10T01:16:00Z,ARR,goo,0.0
692 (05-08),True,True,GILLAM,WINNIPEG,2025-05-08,18,Dyce,DYCE,2025-05-10T02:00:00Z,2025-05-10T02:00:00Z,ARR,goo,0.0
692 (05-08),True,True,GILLAM,WINNIPEG,2025-05-08,19,Dering,DERI,2025-05-10T02:39:00Z,2025-05-10T02:39:00Z,ARR,goo,0.0
692 (05-08),True,True,GILLAM,WINNIPEG,2025-05-08,20,Cormorant,CORM,2025-05-10T02:47:00Z,2025-05-10T02:47:00Z,ARR,goo,0.0
692 (05-08),True,True,GILLAM,WINNIPEG,2025-05-08,21,Halcrow,HALC,2025-05-10T02:58:00Z,2025-05-10T02:58:00Z,ARR,goo,0.0
692 (05-08),True,True,GILLAM,WINNIPEG,2025-05-08,22,Orok,OROK,2025-05-10T03:52:00Z,2025-05-10T03:52:00Z,ARR,goo,0.0
692 (05-08),True,True,GILLAM,WINNIPEG,2025-05-08,23,The Pas,TPAS,2025-05-10T04:30:00Z,2025-05-10T04:30:00Z,ARR,goo,0.0
692 (05-08),True,True,GILLAM,WINNIPEG,2025-05-08,24,Hudson Bay,HBAY,2025-05-10T10:27:00Z,2025-05-10T10:27:00Z,ARR,goo,0.0
692 (05-08),True,True,GILLAM,WINNIPEG,2025-05-08,25,Reserve,RSRV,2025-05-10T11:09:00Z,2025-05-10T11:09:00Z,ARR,goo,0.0
692 (05-08),True,True,GILLAM,WINNIPEG,2025-05-08,26,Endeavour,ENDV,2025-05-10T11:55:00Z,2025-05-10T11:55:00Z,ARR,goo,0.0
692 (05-08),True,True,GILLAM,WINNIPEG,2025-05-08,27,Sturgis,STGS,2025-05-10T12:24:00Z,2025-05-10T12:24:00Z,ARR,goo,0.0
692 (05-08),True,True,GILLAM,WINNIPEG,2025-05-08,28,Canora,CANO,2025-05-10T13:08:00Z,2025-05-10T13:08:00Z,ARR,goo,0.0
692 (05-08),True,True,GILLAM,WINNIPEG,2025-05-08,29,Mikado,MIKA,2025-05-10T13:30:00Z,2025-05-10T13:30:00Z,ARR,goo,0.0
692 (05-08),True,True,GILLAM,WINNIPEG,2025-05-08,30,Veregin,VERE,2025-05-10T13:43:00Z,2025-05-10T13:43:00Z,ARR,goo,0.0
692 (05-08),True,True,GILLAM,WINNIPEG,2025-05-08,31,Kamsack,KAMS,2025-05-10T13:58:00Z,2025-05-10T13:58:00Z,ARR,goo,0.0
692 (05-08),True,True,GILLAM,WINNIPEG,2025-05-08,32,Togo,TOGO,2025-05-10T14:37:00Z,2025-05-10T14:37:00Z,ARR,goo,0.0
692 (05-08),True,True,GILLAM,WINNIPEG,2025-05-08,33,Roblin,RBLN,2025-05-10T15:14:00Z,2025-05-10T15:14:00Z,ARR,goo,0.0
692 (05-08),True,True,GILLAM,WINNIPEG,2025-05-08,34,Grandview,GVIE,2025-05-10T16:12:00Z,2025-05-10T16:12:00Z,ARR,goo,0.0
692 (05-08),True,True,GILLAM,WINNIPEG,2025-05-08,35,Gilbert Plains,GLBP,2025-05-10T16:32:00Z,2025-05-10T16:32:00Z,ARR,goo,0.0
692 (05-08),True,True,GILLAM,WINNIPEG,2025-05-08,36,Dauphin,DAUP,2025-05-10T16:56:00Z,2025-05-10T16:56:00Z,ARR,goo,0.0
692 (05-08),True,True,GILLAM,WINNIPEG,2025-05-08,37,Ochre River,OCHR,2025-05-10T17:20:00Z,2025-05-10T17:20:00Z,ARR,goo,0.0
692 (05-08),True,True,GILLAM,WINNIPEG,2025-05-08,38,Laurier,LRIE,2025-05-10T17:38:00Z,2025-05-10T17:38:00Z,ARR,goo,0.0
692 (05-08),True,True,GILLAM,WINNIPEG,2025-05-08,39,Mccreary,MCCR,2025-05-10T17:54:00Z,2025-05-10T17:54:00Z,ARR,goo,0.0
692 (05-08),True,True,GILLAM,WINNIPEG,2025-05-08,40,Glenella,GLNA,2025-05-10T18:34:00Z,2025-05-10T18:34:00Z,ARR,goo,0.0
692 (05-08),True,True,GILLAM,WINNIPEG,2025-05-08,41,Plumas,PLUM,2025-05-10T19:06:00Z,2025-05-10T19:06:00Z,ARR,goo,0.0
692 (05-08),True,True,GILLAM,WINNIPEG,2025-05-08,42,Gladstone,GSTO,2025-05-10T19:51:00Z,2025-05-10T19:51:00Z,ARR,goo,0.0
692 (05-08),True,True,GILLAM,WINNIPEG,2025-05-08,43,Portage La Prairie,PLPX,2025-05-10T20:37:00Z,2025-05-10T20:37:00Z,ARR,goo,0.0
692 (05-08),True,True,GILLAM,WINNIPEG,2025-05-08,44,Winnipeg,WNPG,2025-05-10T21:45:00Z,2025-05-10T21:45:00Z,ARR,goo,0.0
2 (05-09),True,False,VANCOUVER,TORONTO,2025-05-09,0,Mission Harbour,MSNH,2025-05-10T00:30:59Z,2025-05-09T23:35:00Z,ARR,bad,55.0
2 (05-09),True,False,VANCOUVER,TORONTO,2025-05-09,1,Agassiz,AGAS,2025-05-10T01:15:50Z,2025-05-10T00:03:00Z,ARR,bad,72.0
2 (05-09),True,False,VANCOUVER,TORONTO,2025-05-09,2,Katz,KATZ,2025-05-10T01:33:00Z,2025-05-10T00:17:00Z,ARR,bad,76.0
2 (05-09),True,False,VANCOUVER,TORONTO,2025-05-09,3,North Bend,NBND,2025-05-10T03:25:58Z,2025-05-10T02:46:00Z,ARR,bad,39.0
2 (05-09),True,False,VANCOUVER,TORONTO,2025-05-09,4,Ashcroft,ASHN,2025-05-10T06:10:28Z,2025-05-10T05:32:00Z,ARR,bad,38.0
2 (05-09),True,False,VANCOUVER,TORONTO,2025-05-09,5,Kamloops North,KAMN,2025-05-10T08:11:57Z,2025-05-10T07:17:00Z,ARR,bad,54.0
2 (05-09),True,False,VANCOUVER,TORONTO,2025-05-09,6,Clearwater,CLWT,2025-05-10T10:49:03Z,2025-05-10T09:58:00Z,ARR,bad,51.0
2 (05-09),True,False,VANCOUVER,TORONTO,2025-05-09,7,Blue River,BLUE,2025-05-10T12:40:26Z,2025-05-10T12:11:00Z,ARR,bad,29.0
2 (05-09),True,False,VANCOUVER,TORONTO,2025-05-09,8,Valemount,VLMT,2025-05-10T14:28:23Z,2025-05-10T14:01:00Z,ARR,bad,27.0
2 (05-09),True,False,VANCOUVER,TORONTO,2025-05-09,9,Jasper,JASP,2025-05-10T16:33:23Z,2025-05-10T17:00:00Z,ARR,goo,-26.0
2 (05-09),True,False,VANCOUVER,TORONTO,2025-05-09,10,Hinton,HINT,2025-05-10T21:11:31Z,2025-05-10T19:45:00Z,ARR,bad,86.0
2 (05-09),True,False,VANCOUVER,TORONTO,2025-05-09,11,Edson,EDSN,2025-05-10T23:14:15Z,2025-05-10T21:19:00Z,ARR,bad,115.0
2 (05-09),True,False,VANCOUVER,TORONTO,2025-05-09,12,Evansburg,EVAN,2025-05-11T00:19:30Z,2025-05-10T22:28:00Z,ARR,bad,111.0
2 (05-09),True,False,VANCOUVER,TORONTO,2025-05-09,13,Edmonton,EDMO,2025-05-11T01:54:32Z,2025-05-11T00:50:00Z,ARR,bad,64.0
2 (05-09),True,False,VANCOUVER,TORONTO,2025-05-09,14,Viking,VKNG,2025-05-11T05:52:24Z,2025-05-11T03:53:00Z,2h01,bad,119.0
2 (05-09),True,False,VANCOUVER,TORONTO,2025-05-09,15,Wainwright,WAIN,2025-05-11T08:13:24Z,2025-05-11T06:14:00Z,4h22,bad,119.0
2 (05-09),True,False,VANCOUVER,TORONTO,2025-05-09,16,Unity,UNIT,&mdash;,2025-05-11T07:47:00Z,&mdash;,,
2 (05-09),True,False,VANCOUVER,TORONTO,2025-05-09,17,Biggar,BIGG,&mdash;,2025-05-11T09:21:00Z,&mdash;,,
2 (05-09),True,False,VANCOUVER,TORONTO,2025-05-09,18,Saskatoon,SASK,&mdash;,2025-05-11T11:57:00Z,&mdash;,,
2 (05-09),True,False,VANCOUVER,TORONTO,2025-05-09,19,Watrous,WATR,&mdash;,2025-05-11T14:26:00Z,&mdash;,,
692 (05-10),False,False,GILLAM,WINNIPEG,2025-05-10,0,Gillam,GILL,&mdash;,2025-05-11T10:30:00Z,&mdash;,,
692 (05-10),False,False,GILLAM,WINNIPEG,2025-05-10,1,Wivenhoe,WVHO,&mdash;,2025-05-11T11:16:00Z,&mdash;,,
692 (05-10),False,False,GILLAM,WINNIPEG,2025-05-10,2,Ilford,ILFO,&mdash;,2025-05-11T11:53:00Z,&mdash;,,
692 (05-10),False,False,GILLAM,WINNIPEG,2025-05-10,3,Pit Siding,PITS,&mdash;,2025-05-11T12:54:00Z,&mdash;,,
692 (05-10),False,False,GILLAM,WINNIPEG,2025-05-10,4,Bridgar,BRGR,&mdash;,2025-05-11T14:16:00Z,&mdash;,,
692 (05-10),False,False,GILLAM,WINNIPEG,2025-05-10,5,Pikwitonei,PIKW,&mdash;,2025-05-11T14:27:00Z,&mdash;,,
692 (05-10),False,False,GILLAM,WINNIPEG,2025-05-10,6,Sipiwesk,SIPI,&mdash;,2025-05-11T14:54:00Z,&mdash;,,
692 (05-10),False,False,GILLAM,WINNIPEG,2025-05-10,7,Thompson,THOM,&mdash;,2025-05-11T16:30:00Z,&mdash;,,
15,True,True,HALIFAX,MONTRÉAL,2025-05-09,0,Halifax,HLFX,2025-05-09T14:30:00Z,2025-05-09T14:30:00Z,ARR,goo,0.0
15,True,True,HALIFAX,MONTRÉAL,2025-05-09,1,Truro,TRUR,2025-05-09T15:57:41Z,2025-05-09T15:56:00Z,ARR,goo,1.0
15,True,True,HALIFAX,MONTRÉAL,2025-05-09,2,Springhill Jct,SPRJ,2025-05-09T17:11:41Z,2025-05-09T17:12:00Z,ARR,goo,0.0
15,True,True,HALIFAX,MONTRÉAL,2025-05-09,3,Amherst,AMHS,2025-05-09T17:33:21Z,2025-05-09T17:35:00Z,ARR,goo,-1.0
15,True,True,HALIFAX,MONTRÉAL,2025-05-09,4,Sackville,SACK,2025-05-09T17:51:39Z,2025-05-09T17:52:00Z,ARR,goo,0.0
15,True,True,HALIFAX,MONTRÉAL,2025-05-09,5,Moncton,MCTN,2025-05-09T18:42:38Z,2025-05-09T18:47:00Z,ARR,goo,-4.0
15,True,True,HALIFAX,MONTRÉAL,2025-05-09,6,Rogersville,RGRV,2025-05-09T20:17:23Z,2025-05-09T20:01:00Z,ARR,bad,16.0
15,True,True,HALIFAX,MONTRÉAL,2025-05-09,7,Miramichi,MIRA,2025-05-09T21:06:00Z,2025-05-09T20:52:00Z,ARR,med,14.0
15,True,True,HALIFAX,MONTRÉAL,2025-05-09,8,Bathurst,BTRS,2025-05-09T22:48:27Z,2025-05-09T22:48:00Z,ARR,goo,0.0
15,True,True,HALIFAX,MONTRÉAL,2025-05-09,9,Petit Rocher,PROC,2025-05-09T23:08:35Z,2025-05-09T23:17:00Z,ARR,goo,-8.0
15,True,True,HALIFAX,MONTRÉAL,2025-05-09,10,Jacquet River,JACR,2025-05-09T23:32:14Z,2025-05-09T23:40:01Z,ARR,goo,-7.0
15,True,True,HALIFAX,MONTRÉAL,2025-05-09,11,Charlo,CHLO,2025-05-10T00:15:16Z,2025-05-10T00:04:00Z,ARR,med,11.0
15,True,True,HALIFAX,MONTRÉAL,2025-05-09,12,Campbellton,CBTN,2025-05-10T00:59:53Z,2025-05-10T01:08:00Z,ARR,goo,-8.0
15,True,True,HALIFAX,MONTRÉAL,2025-05-09,13,Matapedia,MTPD,2025-05-10T01:44:51Z,2025-05-10T01:50:00Z,ARR,goo,-5.0
15,True,True,HALIFAX,MONTRÉAL,2025-05-09,14,Causapscal,CAUS,2025-05-10T02:45:07Z,2025-05-10T02:39:00Z,ARR,med,6.0
15,True,True,HALIFAX,MONTRÉAL,2025-05-09,15,Amqui,AMQU,2025-05-10T03:08:04Z,2025-05-10T02:59:00Z,ARR,med,9.0
15,True,True,HALIFAX,MONTRÉAL,2025-05-09,16,Sayabec,SAYA,2025-05-10T03:39:59Z,2025-05-10T03:21:00Z,ARR,bad,18.0
15,True,True,HALIFAX,MONTRÉAL,2025-05-09,17,Mont-Joli,MJLI,2025-05-10T04:45:24Z,2025-05-10T04:51:00Z,ARR,goo,-5.0
15,True,True,HALIFAX,MONTRÉAL,2025-05-09,18,Rimouski,RMSK,2025-05-10T05:15:08Z,2025-05-10T05:24:00Z,ARR,goo,-8.0
15,True,True,HALIFAX,MONTRÉAL,2025-05-09,19,Trois Pistoles,TPIS,2025-05-10T06:25:58Z,2025-05-10T06:31:00Z,ARR,goo,-5.0
15,True,True,HALIFAX,MONTRÉAL,2025-05-09,20,Rivière-Du-Loup,RDLX,2025-05-10T07:06:00Z,2025-05-10T07:18:00Z,ARR,goo,-12.0
15,True,True,HALIFAX,MONTRÉAL,2025-05-09,21,La Pocatière,LPOC,2025-05-10T07:56:51Z,2025-05-10T08:05:00Z,ARR,goo,-8.0
15,True,True,HALIFAX,MONTRÉAL,2025-05-09,22,Montmagny,MMGY,2025-05-10T08:31:02Z,2025-05-10T08:39:00Z,ARR,goo,-7.0
15,True,True,HALIFAX,MONTRÉAL,2025-05-09,23,Ste-Foy,SFOY,2025-05-10T09:19:23Z,2025-05-10T10:13:00Z,ARR,goo,-53.0
15,True,True,HALIFAX,MONTRÉAL,2025-05-09,24,Drummondville,DRMV,2025-05-10T12:12:01Z,2025-05-10T12:20:00Z,ARR,goo,-7.0
15,True,True,HALIFAX,MONTRÉAL,2025-05-09,25,St. Hyacinthe,SHYA,2025-05-10T12:53:28Z,2025-05-10T13:00:00Z,ARR,goo,-6.0
15,True,True,HALIFAX,MONTRÉAL,2025-05-09,26,St. Lambert,SLAM,2025-05-10T13:24:20Z,2025-05-10T13:34:00Z,ARR,goo,-9.0
15,True,True,HALIFAX,MONTRÉAL,2025-05-09,27,Montréal,MTRL,2025-05-10T13:41:22Z,2025-05-10T13:53:00Z,ARR,goo,-11.0
6,True,True,PRINCE RUPERT,JASPER,2025-05-09,0,Prince Rupert,PRUP,2025-05-09T15:03:56Z,2025-05-09T15:00:00Z,ARR,goo,3.0
6,True,True,PRINCE RUPERT,JASPER,2025-05-09,1,Cassiar Cannery,CASS,2025-05-09T15:36:19Z,2025-05-09T15:20:00Z,ARR,bad,16.0
6,True,True,PRINCE RUPERT,JASPER,2025-05-09,2,Kwinitsa,KWIN,2025-05-09T16:14:19Z,2025-05-09T16:17:00Z,ARR,goo,-2.0
6,True,True,PRINCE RUPERT,JASPER,2025-05-09,3,Terrace,TRRC,2025-05-09T17:10:29Z,2025-05-09T17:20:00Z,ARR,goo,-9.0
6,True,True,PRINCE RUPERT,JASPER,2025-05-09,4,Usk,USKX,2025-05-09T18:04:44Z,2025-05-09T17:48:00Z,ARR,bad,16.0
6,True,True,PRINCE RUPERT,JASPER,2025-05-09,5,Pacific,PACI,2025-05-09T18:34:05Z,2025-05-09T18:07:00Z,ARR,bad,27.0
6,True,True,PRINCE RUPERT,JASPER,2025-05-09,6,Dorreen,DORR,2025-05-09T18:41:43Z,2025-05-09T18:19:00Z,ARR,bad,22.0
6,True,True,PRINCE RUPERT,JASPER,2025-05-09,7,Cedarvale,CEDA,2025-05-09T19:00:24Z,2025-05-09T18:44:00Z,ARR,bad,16.0
6,True,True,PRINCE RUPERT,JASPER,2025-05-09,8,Kitwanga,KITW,2025-05-09T19:19:24Z,2025-05-09T18:48:01Z,ARR,bad,31.0
6,True,True,PRINCE RUPERT,JASPER,2025-05-09,9,New Hazelton,NHAZ,2025-05-09T20:00:50Z,2025-05-09T19:30:00Z,ARR,bad,30.0
6,True,True,PRINCE RUPERT,JASPER,2025-05-09,10,Smithers,SMTR,2025-05-09T21:35:55Z,2025-05-09T21:14:00Z,ARR,bad,21.0
6,True,True,PRINCE RUPERT,JASPER,2025-05-09,11,Telkwa,TELK,2025-05-09T22:20:35Z,2025-05-09T21:37:00Z,ARR,bad,43.0
6,True,True,PRINCE RUPERT,JASPER,2025-05-09,12,Houston,HOUS,2025-05-09T23:04:23Z,2025-05-09T22:22:00Z,ARR,bad,42.0
6,True,True,PRINCE RUPERT,JASPER,2025-05-09,13,Burns Lake,BRNL,2025-05-10T00:28:43Z,2025-05-09T23:32:00Z,ARR,bad,56.0
6,True,True,PRINCE RUPERT,JASPER,2025-05-09,14,Endako,ENDA,2025-05-10T01:14:17Z,2025-05-10T00:25:00Z,ARR,bad,49.0
6,True,True,PRINCE RUPERT,JASPER,2025-05-09,15,Fort Fraser,FFRA,2025-05-10T02:20:28Z,2025-05-10T00:57:00Z,ARR,bad,83.0
6,True,True,PRINCE RUPERT,JASPER,2025-05-09,16,Vanderhoof,VDRH,2025-05-10T03:18:10Z,2025-05-10T01:35:00Z,ARR,bad,103.0
6,True,True,PRINCE RUPERT,JASPER,2025-05-09,17,Prince George,PGEO,2025-05-10T05:00:05Z,2025-05-10T03:29:00Z,ARR,bad,91.0
6,True,True,PRINCE RUPERT,JASPER,2025-05-09,18,Willow River,WILR,2025-05-10T15:48:00Z,2025-05-10T15:48:00Z,ARR,goo,0.0
6,True,True,PRINCE RUPERT,JASPER,2025-05-09,19,Aleza Lake,ALZL,2025-05-10T16:51:46Z,2025-05-10T16:17:00Z,ARR,bad,34.0
6,True,True,PRINCE RUPERT,JASPER,2025-05-09,20,Upper Fraser,UFRZ,2025-05-10T16:59:46Z,2025-05-10T16:25:00Z,ARR,bad,34.0
6,True,True,PRINCE RUPERT,JASPER,2025-05-09,21,Mcgregor,MCGR,2025-05-10T17:04:08Z,2025-05-10T16:33:00Z,ARR,bad,31.0
6,True,True,PRINCE RUPERT,JASPER,2025-05-09,22,Sinclair Mills,SINM,2025-05-10T17:14:30Z,2025-05-10T16:44:00Z,ARR,bad,30.0
6,True,True,PRINCE RUPERT,JASPER,2025-05-09,23,Hutton,HUTT,2025-05-10T17:22:31Z,2025-05-10T16:48:00Z,ARR,bad,34.0
6,True,True,PRINCE RUPERT,JASPER,2025-05-09,24,Longworth,LWTH,2025-05-10T17:33:38Z,2025-05-10T16:59:00Z,ARR,bad,34.0
6,True,True,PRINCE RUPERT,JASPER,2025-05-09,25,Penny,PENN,2025-05-10T17:51:34Z,2025-05-10T17:13:00Z,ARR,bad,38.0
6,True,True,PRINCE RUPERT,JASPER,2025-05-09,26,Bend,BEND,2025-05-10T18:08:20Z,2025-05-10T17:32:00Z,ARR,bad,36.0
6,True,True,PRINCE RUPERT,JASPER,2025-05-09,27,Dome Creek,DOMC,2025-05-10T18:10:02Z,2025-05-10T17:33:07Z,ARR,bad,36.0
6,True,True,PRINCE RUPERT,JASPER,2025-05-09,28,Loos,LOOS,2025-05-10T19:18:19Z,2025-05-10T18:07:00Z,ARR,bad,71.0
6,True,True,PRINCE RUPERT,JASPER,2025-05-09,29,Goat River,GOAT,2025-05-10T19:31:36Z,2025-05-10T18:22:00Z,ARR,bad,69.0
6,True,True,PRINCE RUPERT,JASPER,2025-05-09,30,Mcbride,MCBR,2025-05-10T20:59:49Z,2025-05-10T19:18:00Z,ARR,bad,101.0
6,True,True,PRINCE RUPERT,JASPER,2025-05-09,31,Dunster,DNST,2025-05-10T21:43:20Z,2025-05-10T19:35:00Z,ARR,bad,128.0
6,True,True,PRINCE RUPERT,JASPER,2025-05-09,32,Harvey,HRVY,2025-05-10T22:19:01Z,2025-05-10T20:24:00Z,ARR,bad,115.0
6,True,True,PRINCE RUPERT,JASPER,2025-05-09,33,Jasper,JASP,2025-05-10T23:53:26Z,2025-05-10T23:00:00Z,ARR,bad,53.0
691,True,True,THE PAS,GILLAM,2025-05-09,0,Thompson,THOM,&mdash;,2025-05-09T17:00:00Z,&mdash;,,
691,True,True,THE PAS,GILLAM,2025-05-09,1,Sipiwesk,SIPI,2025-05-09T23:35:00Z,2025-05-09T23:35:00Z,ARR,goo,0.0
691,True,True,THE PAS,GILLAM,2025-05-09,2,Pikwitonei,PIKW,2025-05-10T00:02:00Z,2025-05-10T00:02:00Z,ARR,goo,0.0
691,True,True,THE PAS,GILLAM,2025-05-09,3,Bridgar,BRGR,2025-05-10T00:13:00Z,2025-05-10T00:13:00Z,ARR,goo,0.0
691,True,True,THE PAS,GILLAM,2025-05-09,4,Pit Siding,PITS,2025-05-10T01:35:00Z,2025-05-10T01:35:00Z,ARR,goo,0.0
691,True,True,THE PAS,GILLAM,2025-05-09,5,Ilford,ILFO,2025-05-10T02:36:00Z,2025-05-10T02:36:00Z,ARR,goo,0.0
691,True,True,THE PAS,GILLAM,2025-05-09,6,Wivenhoe,WVHO,2025-05-10T03:13:00Z,2025-05-10T03:13:00Z,ARR,goo,0.0
691,True,True,THE PAS,GILLAM,2025-05-09,7,Gillam,GILL,2025-05-10T04:00:01Z,2025-05-10T04:00:01Z,ARR,goo,0.0
5,True,False,JASPER,PRINCE RUPERT,2025-05-09,0,Harvey,HRVY,2025-05-09T18:34:00Z,2025-05-09T18:38:00Z,ARR,goo,-4.0
5,True,False,JASPER,PRINCE RUPERT,2025-05-09,1,Dunster,DNST,2025-05-09T19:04:50Z,2025-05-09T19:12:00Z,ARR,goo,-7.0
5,True,False,JASPER,PRINCE RUPERT,2025-05-09,2,Mcbride,MCBR,2025-05-09T19:35:43Z,2025-05-09T19:44:00Z,ARR,goo,-8.0
5,True,False,JASPER,PRINCE RUPERT,2025-05-09,3,Goat River,GOAT,2025-05-09T20:34:09Z,2025-05-09T20:41:00Z,ARR,goo,-6.0
5,True,False,JASPER,PRINCE RUPERT,2025-05-09,4,Loos,LOOS,2025-05-09T20:51:42Z,2025-05-09T20:58:00Z,ARR,goo,-6.0
5,True,False,JASPER,PRINCE RUPERT,2025-05-09,5,Dome Creek,DOMC,2025-05-09T21:45:03Z,2025-05-09T21:32:00Z,ARR,med,13.0
5,True,False,JASPER,PRINCE RUPERT,2025-05-09,6,Bend,BEND,2025-05-09T21:47:23Z,2025-05-09T21:36:00Z,ARR,med,11.0
5,True,False,JASPER,PRINCE RUPERT,2025-05-09,7,Penny,PENN,2025-05-09T22:04:35Z,2025-05-09T21:56:00Z,ARR,med,8.0
5,True,False,JASPER,PRINCE RUPERT,2025-05-09,8,Longworth,LWTH,2025-05-09T22:16:35Z,2025-05-09T22:11:00Z,ARR,med,5.0
5,True,False,JASPER,PRINCE RUPERT,2025-05-09,9,Hutton,HUTT,2025-05-09T22:27:14Z,2025-05-09T22:24:00Z,ARR,goo,3.0
5,True,False,JASPER,PRINCE RUPERT,2025-05-09,10,Sinclair Mills,SINM,2025-05-09T22:33:14Z,2025-05-09T22:30:00Z,ARR,goo,3.0
5,True,False,JASPER,PRINCE RUPERT,2025-05-09,11,Mcgregor,MCGR,2025-05-09T22:41:15Z,2025-05-09T22:43:00Z,ARR,goo,-1.0
5,True,False,JASPER,PRINCE RUPERT,2025-05-09,12,Upper Fraser,UFRZ,2025-05-09T22:52:00Z,2025-05-09T22:52:00Z,ARR,goo,0.0
5,True,False,JASPER,PRINCE RUPERT,2025-05-09,13,Aleza Lake,ALZL,2025-05-09T22:53:53Z,2025-05-09T23:01:00Z,ARR,goo,-7.0
5,True,False,JASPER,PRINCE RUPERT,2025-05-09,14,Willow River,WILR,2025-05-09T23:18:30Z,2025-05-09T23:31:00Z,ARR,goo,-12.0
5,True,False,JASPER,PRINCE RUPERT,2025-05-09,15,Prince George,PGEO,2025-05-10T00:39:53Z,2025-05-10T00:08:00Z,ARR,bad,31.0
5,True,False,JASPER,PRINCE RUPERT,2025-05-09,16,Vanderhoof,VDRH,2025-05-10T16:55:00Z,2025-05-10T16:55:00Z,ARR,goo,0.0
5,True,False,JASPER,PRINCE RUPERT,2025-05-09,17,Fort Fraser,FFRA,2025-05-10T17:32:00Z,2025-05-10T17:32:00Z,ARR,goo,0.0
5,True,False,JASPER,PRINCE RUPERT,2025-05-09,18,Endako,ENDA,2025-05-10T18:03:53Z,2025-05-10T17:50:00Z,ARR,med,13.0
5,True,False,JASPER,PRINCE RUPERT,2025-05-09,19,Burns Lake,BRNL,2025-05-10T18:55:25Z,2025-05-10T18:58:00Z,ARR,goo,-2.0
5,True,False,JASPER,PRINCE RUPERT,2025-05-09,20,Houston,HOUS,2025-05-10T20:23:23Z,2025-05-10T20:08:00Z,ARR,bad,15.0
5,True,False,JASPER,PRINCE RUPERT,2025-05-09,21,Telkwa,TELK,2025-05-10T21:06:32Z,2025-05-10T20:52:00Z,ARR,med,14.0
5,True,False,JASPER,PRINCE RUPERT,2025-05-09,22,Smithers,SMTR,2025-05-10T21:20:58Z,2025-05-10T21:10:00Z,ARR,med,10.0
5,True,False,JASPER,PRINCE RUPERT,2025-05-09,23,New Hazelton,NHAZ,2025-05-10T23:23:57Z,2025-05-10T22:37:00Z,ARR,bad,46.0
5,True,False,JASPER,PRINCE RUPERT,2025-05-09,24,Kitwanga,KITW,2025-05-11T00:10:14Z,2025-05-10T23:27:00Z,ARR,bad,43.0
5,True,False,JASPER,PRINCE RUPERT,2025-05-09,25,Cedarvale,CEDA,2025-05-11T00:33:32Z,2025-05-10T23:51:00Z,ARR,bad,42.0
5,True,False,JASPER,PRINCE RUPERT,2025-05-09,26,Dorreen,DORR,2025-05-11T00:53:31Z,2025-05-11T00:12:00Z,ARR,bad,41.0
5,True,False,JASPER,PRINCE RUPERT,2025-05-09,27,Pacific,PACI,2025-05-11T01:01:15Z,2025-05-11T00:21:00Z,ARR,bad,40.0
5,True,False,JASPER,PRINCE RUPERT,2025-05-09,28,Usk,USKX,2025-05-11T01:36:31Z,2025-05-11T00:40:00Z,ARR,bad,56.0
5,True,False,JASPER,PRINCE RUPERT,2025-05-09,29,Terrace,TRRC,2025-05-11T02:02:58Z,2025-05-11T01:00:00Z,ARR,bad,62.0
5,True,False,JASPER,PRINCE RUPERT,2025-05-09,30,Kwinitsa,KWIN,2025-05-11T03:11:35Z,2025-05-11T02:09:00Z,ARR,bad,62.0
5,True,False,JASPER,PRINCE RUPERT,2025-05-09,31,Cassiar Cannery,CASS,2025-05-11T03:59:51Z,2025-05-11T02:45:00Z,9 mins,bad,74.0
5,True,False,JASPER,PRINCE RUPERT,2025-05-09,32,Prince Rupert,PRUP,2025-05-11T04:39:51Z,2025-05-11T03:25:00Z,49 mins,bad,74.0
14,True,True,MONTRÉAL,HALIFAX,2025-05-09,0,Montréal,MTRL,2025-05-09T22:31:22Z,2025-05-09T22:30:00Z,ARR,goo,1.0
14,True,True,MONTRÉAL,HALIFAX,2025-05-09,1,St. Lambert,SLAM,2025-05-09T22:49:36Z,2025-05-09T22:45:00Z,ARR,goo,4.0
14,True,True,MONTRÉAL,HALIFAX,2025-05-09,2,St. Hyacinthe,SHYA,2025-05-09T23:24:36Z,2025-05-09T23:23:00Z,ARR,goo,1.0
14,True,True,MONTRÉAL,HALIFAX,2025-05-09,3,Drummondville,DRMV,2025-05-10T00:30:23Z,2025-05-10T00:04:00Z,ARR,bad,26.0
14,True,True,MONTRÉAL,HALIFAX,2025-05-09,4,Ste-Foy,SFOY,2025-05-10T02:11:19Z,2025-05-10T01:48:00Z,ARR,bad,23.0
14,True,True,MONTRÉAL,HALIFAX,2025-05-09,5,Montmagny,MMGY,2025-05-10T03:43:09Z,2025-05-10T03:17:00Z,ARR,bad,26.0
14,True,True,MONTRÉAL,HALIFAX,2025-05-09,6,La Pocatière,LPOC,2025-05-10T04:15:53Z,2025-05-10T03:50:00Z,ARR,bad,25.0
14,True,True,MONTRÉAL,HALIFAX,2025-05-09,7,Rivière-Du-Loup,RDLX,2025-05-10T04:59:28Z,2025-05-10T04:31:00Z,ARR,bad,28.0
14,True,True,MONTRÉAL,HALIFAX,2025-05-09,8,Trois Pistoles,TPIS,2025-05-10T05:41:06Z,2025-05-10T05:15:00Z,ARR,bad,26.0
14,True,True,MONTRÉAL,HALIFAX,2025-05-09,9,Rimouski,RMSK,2025-05-10T06:42:46Z,2025-05-10T06:24:00Z,ARR,bad,18.0
14,True,True,MONTRÉAL,HALIFAX,2025-05-09,10,Mont-Joli,MJLI,2025-05-10T07:15:26Z,2025-05-10T07:04:00Z,ARR,med,11.0
14,True,True,MONTRÉAL,HALIFAX,2025-05-09,11,Sayabec,SAYA,2025-05-10T08:19:14Z,2025-05-10T08:09:00Z,ARR,med,10.0
14,True,True,MONTRÉAL,HALIFAX,2025-05-09,12,Amqui,AMQU,2025-05-10T08:46:27Z,2025-05-10T08:30:00Z,ARR,bad,16.0
14,True,True,MONTRÉAL,HALIFAX,2025-05-09,13,Causapscal,CAUS,2025-05-10T09:11:27Z,2025-05-10T08:52:00Z,ARR,bad,19.0
14,True,True,MONTRÉAL,HALIFAX,2025-05-09,14,Matapedia,MTPD,2025-05-10T10:07:29Z,2025-05-10T09:38:00Z,ARR,bad,29.0
14,True,True,MONTRÉAL,HALIFAX,2025-05-09,15,Campbellton,CBTN,2025-05-10T10:40:23Z,2025-05-10T10:23:00Z,ARR,bad,17.0
14,True,True,MONTRÉAL,HALIFAX,2025-05-09,16,Charlo,CHLO,2025-05-10T11:56:10Z,2025-05-10T11:06:00Z,ARR,bad,50.0
14,True,True,MONTRÉAL,HALIFAX,2025-05-09,17,Jacquet River,JACR,2025-05-10T12:31:06Z,2025-05-10T11:30:00Z,ARR,bad,61.0
14,True,True,MONTRÉAL,HALIFAX,2025-05-09,18,Petit Rocher,PROC,2025-05-10T12:58:15Z,2025-05-10T11:53:00Z,ARR,bad,65.0
14,True,True,MONTRÉAL,HALIFAX,2025-05-09,19,Bathurst,BTRS,2025-05-10T13:18:33Z,2025-05-10T12:42:00Z,ARR,bad,36.0
14,True,True,MONTRÉAL,HALIFAX,2025-05-09,20,Miramichi,MIRA,2025-05-10T14:54:16Z,2025-05-10T14:33:00Z,ARR,bad,21.0
14,True,True,MONTRÉAL,HALIFAX,2025-05-09,21,Rogersville,RGRV,2025-05-10T15:45:12Z,2025-05-10T15:28:00Z,ARR,bad,17.0
14,True,True,MONTRÉAL,HALIFAX,2025-05-09,22,Moncton,MCTN,2025-05-10T16:56:45Z,2025-05-10T16:38:00Z,ARR,bad,18.0
14,True,True,MONTRÉAL,HALIFAX,2025-05-09,23,Sackville,SACK,2025-05-10T19:04:07Z,2025-05-10T17:38:00Z,ARR,bad,86.0
14,True,True,MONTRÉAL,HALIFAX,2025-05-09,24,Amherst,AMHS,2025-05-10T19:20:56Z,2025-05-10T17:54:00Z,ARR,bad,86.0
14,True,True,MONTRÉAL,HALIFAX,2025-05-09,25,Springhill Jct,SPRJ,2025-05-10T19:47:45Z,2025-05-10T18:18:00Z,ARR,bad,89.0
14,True,True,MONTRÉAL,HALIFAX,2025-05-09,26,Truro,TRUR,2025-05-10T20:58:57Z,2025-05-10T19:32:00Z,ARR,bad,86.0
14,True,True,MONTRÉAL,HALIFAX,2025-05-09,27,Halifax,HLFX,2025-05-10T22:27:33Z,2025-05-10T21:06:00Z,ARR,bad,81.0
37,True,True,QUÉBEC,OTTAWA,2025-05-10,0,Québec,QBEC,2025-05-10T16:32:00Z,2025-05-10T16:32:00Z,ARR,goo,0.0
37,True,True,QUÉBEC,OTTAWA,2025-05-10,1,Ste-Foy,SFOY,2025-05-10T16:58:03Z,2025-05-10T16:57:00Z,ARR,goo,1.0
37,True,True,QUÉBEC,OTTAWA,2025-05-10,2,Drummondville,DRMV,2025-05-10T19:08:28Z,2025-05-10T18:44:00Z,ARR,bad,24.0
37,True,True,QUÉBEC,OTTAWA,2025-05-10,3,St. Hyacinthe,SHYA,2025-05-10T19:43:21Z,2025-05-10T19:12:00Z,ARR,bad,31.0
37,True,True,QUÉBEC,OTTAWA,2025-05-10,4,St. Lambert,SLAM,2025-05-10T20:16:12Z,2025-05-10T19:39:00Z,ARR,bad,37.0
37,True,True,QUÉBEC,OTTAWA,2025-05-10,5,Montréal,MTRL,2025-05-10T20:33:12Z,2025-05-10T19:54:00Z,ARR,bad,39.0
37,True,True,QUÉBEC,OTTAWA,2025-05-10,6,Dorval,DORV,2025-05-10T21:15:25Z,2025-05-10T20:54:00Z,ARR,bad,21.0
37,True,True,QUÉBEC,OTTAWA,2025-05-10,7,Coteau,COTO,2025-05-10T21:48:56Z,2025-05-10T21:23:00Z,ARR,bad,25.0
37,True,True,QUÉBEC,OTTAWA,2025-05-10,8,Alexandria,ALEX,2025-05-10T22:10:32Z,2025-05-10T21:45:00Z,ARR,bad,25.0
37,True,True,QUÉBEC,OTTAWA,2025-05-10,9,Ottawa,OTTW,2025-05-10T22:52:49Z,2025-05-10T22:37:00Z,ARR,bad,15.0
24,True,True,OTTAWA,QUÉBEC,2025-05-10,0,Ottawa,OTTW,2025-05-10T14:13:00Z,2025-05-10T14:13:00Z,ARR,goo,0.0
24,True,True,OTTAWA,QUÉBEC,2025-05-10,1,Alexandria,ALEX,2025-05-10T14:55:30Z,2025-05-10T15:03:00Z,ARR,goo,-7.0
24,True,True,OTTAWA,QUÉBEC,2025-05-10,2,Coteau,COTO,2025-05-10T15:24:38Z,2025-05-10T15:26:00Z,ARR,goo,-1.0
24,True,True,OTTAWA,QUÉBEC,2025-05-10,3,Dorval,DORV,2025-05-10T15:50:09Z,2025-05-10T15:50:00Z,ARR,goo,0.0
24,True,True,OTTAWA,QUÉBEC,2025-05-10,4,Montréal,MTRL,2025-05-10T16:16:45Z,2025-05-10T16:15:00Z,ARR,goo,1.0
24,True,True,OTTAWA,QUÉBEC,2025-05-10,5,St. Lambert,SLAM,2025-05-10T17:00:49Z,2025-05-10T16:58:00Z,ARR,goo,2.0
24,True,True,OTTAWA,QUÉBEC,2025-05-10,6,St. Hyacinthe,SHYA,2025-05-10T17:28:52Z,2025-05-10T17:26:00Z,ARR,goo,2.0
24,True,True,OTTAWA,QUÉBEC,2025-05-10,7,Drummondville,DRMV,2025-05-10T17:58:12Z,2025-05-10T17:54:00Z,ARR,goo,4.0
24,True,True,OTTAWA,QUÉBEC,2025-05-10,8,Charny,CHNY,2025-05-10T19:34:11Z,2025-05-10T19:38:00Z,ARR,goo,-3.0
24,True,True,OTTAWA,QUÉBEC,2025-05-10,9,Ste-Foy,SFOY,2025-05-10T19:49:18Z,2025-05-10T19:45:00Z,ARR,goo,4.0
24,True,True,OTTAWA,QUÉBEC,2025-05-10,10,Québec,QBEC,2025-05-10T20:19:46Z,2025-05-10T20:12:00Z,ARR,med,7.0
41,True,True,OTTAWA,TORONTO,2025-05-10,0,Ottawa,OTTW,2025-05-10T09:21:00Z,2025-05-10T09:21:00Z,ARR,goo,0.0
41,True,True,OTTAWA,TORONTO,2025-05-10,1,Fallowfield,FALL,2025-05-10T09:35:54Z,2025-05-10T09:38:00Z,ARR,goo,-2.0
41,True,True,OTTAWA,TORONTO,2025-05-10,2,Smiths Falls,SMTF,2025-05-10T10:06:11Z,2025-05-10T10:08:00Z,ARR,goo,-1.0
41,True,True,OTTAWA,TORONTO,2025-05-10,3,Brockville,BRKV,2025-05-10T10:39:35Z,2025-05-10T10:40:00Z,ARR,goo,0.0
41,True,True,OTTAWA,TORONTO,2025-05-10,4,Kingston,KGON,2025-05-10T11:27:40Z,2025-05-10T11:25:00Z,ARR,goo,2.0
41,True,True,OTTAWA,TORONTO,2025-05-10,5,Napanee,NAPN,2025-05-10T11:50:49Z,2025-05-10T11:49:00Z,ARR,goo,1.0
41,True,True,OTTAWA,TORONTO,2025-05-10,6,Belleville,BLVL,2025-05-10T12:09:34Z,2025-05-10T12:07:00Z,ARR,goo,2.0
41,True,True,OTTAWA,TORONTO,2025-05-10,7,Trenton Jct.,TRNJ,2025-05-10T12:23:27Z,2025-05-10T12:20:00Z,ARR,goo,3.0
41,True,True,OTTAWA,TORONTO,2025-05-10,8,Cobourg,CBRG,2025-05-10T12:50:08Z,2025-05-10T12:44:00Z,ARR,med,6.0
41,True,True,OTTAWA,TORONTO,2025-05-10,9,Oshawa,OSHA,2025-05-10T13:26:32Z,2025-05-10T13:19:00Z,ARR,med,7.0
41,True,True,OTTAWA,TORONTO,2025-05-10,10,Toronto,TRTO,2025-05-10T14:05:38Z,2025-05-10T14:02:00Z,ARR,goo,3.0
50,True,True,TORONTO,OTTAWA,2025-05-10,0,Toronto,TRTO,2025-05-10T10:32:00Z,2025-05-10T10:32:00Z,ARR,goo,0.0
50,True,True,TORONTO,OTTAWA,2025-05-10,1,Guildwood,GUIL,2025-05-10T10:48:00Z,2025-05-10T10:50:00Z,ARR,goo,-2.0
50,True,True,TORONTO,OTTAWA,2025-05-10,2,Oshawa,OSHA,2025-05-10T11:06:53Z,2025-05-10T11:08:00Z,ARR,goo,-1.0
50,True,True,TORONTO,OTTAWA,2025-05-10,3,Cobourg,CBRG,2025-05-10T11:41:39Z,2025-05-10T11:43:00Z,ARR,goo,-1.0
50,True,True,TORONTO,OTTAWA,2025-05-10,4,Belleville,BLVL,2025-05-10T12:16:59Z,2025-05-10T12:18:00Z,ARR,goo,-1.0
50,True,True,TORONTO,OTTAWA,2025-05-10,5,Kingston,KGON,2025-05-10T12:54:34Z,2025-05-10T12:57:00Z,ARR,goo,-2.0
50,True,True,TORONTO,OTTAWA,2025-05-10,6,Brockville,BRKV,2025-05-10T14:08:29Z,2025-05-10T13:54:00Z,ARR,med,14.0
50,True,True,TORONTO,OTTAWA,2025-05-10,7,Smiths Falls,SMTF,2025-05-10T14:31:29Z,2025-05-10T14:29:00Z,ARR,goo,2.0
50,True,True,TORONTO,OTTAWA,2025-05-10,8,Fallowfield,FALL,2025-05-10T14:58:00Z,2025-05-10T15:01:00Z,ARR,goo,-3.0
50,True,True,TORONTO,OTTAWA,2025-05-10,9,Ottawa,OTTW,2025-05-10T15:15:59Z,2025-05-10T15:21:00Z,ARR,goo,-5.0
52,True,True,TORONTO,OTTAWA,2025-05-10,0,Toronto,TRTO,2025-05-10T12:32:00Z,2025-05-10T12:32:00Z,ARR,goo,0.0
52,True,True,TORONTO,OTTAWA,2025-05-10,1,Guildwood,GUIL,2025-05-10T12:48:28Z,2025-05-10T12:50:00Z,ARR,goo,-1.0
52,True,True,TORONTO,OTTAWA,2025-05-10,2,Oshawa,OSHA,2025-05-10T13:06:56Z,2025-05-10T13:09:00Z,ARR,goo,-2.0
52,True,True,TORONTO,OTTAWA,2025-05-10,3,Cobourg,CBRG,2025-05-10T13:48:23Z,2025-05-10T13:44:00Z,ARR,goo,4.0
52,True,True,TORONTO,OTTAWA,2025-05-10,4,Belleville,BLVL,2025-05-10T14:29:39Z,2025-05-10T14:20:00Z,ARR,med,9.0
52,True,True,TORONTO,OTTAWA,2025-05-10,5,Kingston,KGON,2025-05-10T15:07:12Z,2025-05-10T15:00:00Z,ARR,med,7.0
52,True,True,TORONTO,OTTAWA,2025-05-10,6,Brockville,BRKV,2025-05-10T15:54:01Z,2025-05-10T15:57:00Z,ARR,goo,-2.0
52,True,True,TORONTO,OTTAWA,2025-05-10,7,Smiths Falls,SMTF,2025-05-10T16:34:28Z,2025-05-10T16:35:00Z,ARR,goo,0.0
52,True,True,TORONTO,OTTAWA,2025-05-10,8,Fallowfield,FALL,2025-05-10T17:06:46Z,2025-05-10T17:11:00Z,ARR,goo,-4.0
52,True,True,TORONTO,OTTAWA,2025-05-10,9,Ottawa,OTTW,2025-05-10T17:25:47Z,2025-05-10T17:32:00Z,ARR,goo,-6.0
53,True,True,OTTAWA,TORONTO,2025-05-10,0,Ottawa,OTTW,2025-05-10T15:44:30Z,2025-05-10T15:43:00Z,ARR,goo,1.0
53,True,True,OTTAWA,TORONTO,2025-05-10,1,Fallowfield,FALL,2025-05-10T16:03:18Z,2025-05-10T16:00:00Z,ARR,goo,3.0
53,True,True,OTTAWA,TORONTO,2025-05-10,2,Brockville,BRKV,2025-05-10T16:59:16Z,2025-05-10T17:01:00Z,ARR,goo,-1.0
53,True,True,OTTAWA,TORONTO,2025-05-10,3,Gananoque,GANA,2025-05-10T17:35:04Z,2025-05-10T17:31:00Z,ARR,goo,4.0
53,True,True,OTTAWA,TORONTO,2025-05-10,4,Kingston,KGON,2025-05-10T18:00:49Z,2025-05-10T17:54:00Z,ARR,med,6.0
53,True,True,OTTAWA,TORONTO,2025-05-10,5,Belleville,BLVL,2025-05-10T18:48:57Z,2025-05-10T18:36:00Z,ARR,med,12.0
53,True,True,OTTAWA,TORONTO,2025-05-10,6,Cobourg,CBRG,2025-05-10T19:29:51Z,2025-05-10T19:12:00Z,ARR,bad,17.0
53,True,True,OTTAWA,TORONTO,2025-05-10,7,Oshawa,OSHA,2025-05-10T20:09:49Z,2025-05-10T19:48:00Z,ARR,bad,21.0
53,True,True,OTTAWA,TORONTO,2025-05-10,8,Toronto,TRTO,2025-05-10T20:46:47Z,2025-05-10T20:33:00Z,ARR,med,13.0
60,True,True,TORONTO,MONTRÉAL,2025-05-10,0,Toronto,TRTO,2025-05-10T10:32:00Z,2025-05-10T10:32:00Z,ARR,goo,0.0
60,True,True,TORONTO,MONTRÉAL,2025-05-10,1,Guildwood,GUIL,2025-05-10T10:47:46Z,2025-05-10T10:50:00Z,ARR,goo,-2.0
60,True,True,TORONTO,MONTRÉAL,2025-05-10,2,Oshawa,OSHA,2025-05-10T11:06:49Z,2025-05-10T11:08:00Z,ARR,goo,-1.0
60,True,True,TORONTO,MONTRÉAL,2025-05-10,3,Cobourg,CBRG,2025-05-10T11:41:34Z,2025-05-10T11:43:00Z,ARR,goo,-1.0
60,True,True,TORONTO,MONTRÉAL,2025-05-10,4,Belleville,BLVL,2025-05-10T12:16:48Z,2025-05-10T12:18:00Z,ARR,goo,-1.0
60,True,True,TORONTO,MONTRÉAL,2025-05-10,5,Kingston,KGON,2025-05-10T12:54:28Z,2025-05-10T12:57:00Z,ARR,goo,-2.0
60,True,True,TORONTO,MONTRÉAL,2025-05-10,6,Cornwall,CWLL,2025-05-10T14:43:48Z,2025-05-10T14:38:00Z,ARR,med,5.0
60,True,True,TORONTO,MONTRÉAL,2025-05-10,7,Dorval,DORV,2025-05-10T15:40:29Z,2025-05-10T15:25:00Z,ARR,bad,15.0
60,True,True,TORONTO,MONTRÉAL,2025-05-10,8,Montréal,MTRL,2025-05-10T16:05:50Z,2025-05-10T15:50:00Z,ARR,bad,15.0
61,True,True,MONTRÉAL,TORONTO,2025-05-10,0,Montréal,MTRL,2025-05-10T10:45:00Z,2025-05-10T10:45:00Z,ARR,goo,0.0
61,True,True,MONTRÉAL,TORONTO,2025-05-10,1,Dorval,DORV,2025-05-10T11:11:23Z,2025-05-10T11:08:00Z,ARR,goo,3.0
61,True,True,MONTRÉAL,TORONTO,2025-05-10,2,Cornwall,CWLL,2025-05-10T12:01:56Z,2025-05-10T12:01:00Z,ARR,goo,0.0
61,True,True,MONTRÉAL,TORONTO,2025-05-10,3,Kingston,KGON,2025-05-10T13:31:03Z,2025-05-10T13:29:00Z,ARR,goo,2.0
61,True,True,MONTRÉAL,TORONTO,2025-05-10,4,Belleville,BLVL,2025-05-10T14:09:37Z,2025-05-10T14:11:00Z,ARR,goo,-1.0
61,True,True,MONTRÉAL,TORONTO,2025-05-10,5,Oshawa,OSHA,2025-05-10T15:17:34Z,2025-05-10T15:19:00Z,ARR,goo,-1.0
61,True,True,MONTRÉAL,TORONTO,2025-05-10,6,Guildwood,GUIL,2025-05-10T15:45:27Z,2025-05-10T15:43:00Z,ARR,goo,2.0
61,True,True,MONTRÉAL,TORONTO,2025-05-10,7,Toronto,TRTO,2025-05-10T16:14:24Z,2025-05-10T16:03:00Z,ARR,med,11.0
64,True,True,TORONTO,MONTRÉAL,2025-05-10,0,Toronto,TRTO,2025-05-10T15:38:14Z,2025-05-10T15:37:00Z,ARR,goo,1.0
64,True,True,TORONTO,MONTRÉAL,2025-05-10,1,Guildwood,GUIL,2025-05-10T15:55:19Z,2025-05-10T15:55:00Z,ARR,goo,0.0
64,True,True,TORONTO,MONTRÉAL,2025-05-10,2,Oshawa,OSHA,2025-05-10T16:14:48Z,2025-05-10T16:09:00Z,ARR,med,5.0
64,True,True,TORONTO,MONTRÉAL,2025-05-10,3,Cobourg,CBRG,2025-05-10T16:50:19Z,2025-05-10T16:46:00Z,ARR,goo,4.0
64,True,True,TORONTO,MONTRÉAL,2025-05-10,4,Belleville,BLVL,2025-05-10T17:23:56Z,2025-05-10T17:22:00Z,ARR,goo,1.0
64,True,True,TORONTO,MONTRÉAL,2025-05-10,5,Kingston,KGON,2025-05-10T18:00:49Z,2025-05-10T18:03:00Z,ARR,goo,-2.0
64,True,True,TORONTO,MONTRÉAL,2025-05-10,6,Brockville,BRKV,2025-05-10T18:50:26Z,2025-05-10T18:52:00Z,ARR,goo,-1.0
64,True,True,TORONTO,MONTRÉAL,2025-05-10,7,Cornwall,CWLL,2025-05-10T19:38:47Z,2025-05-10T19:42:00Z,ARR,goo,-3.0
64,True,True,TORONTO,MONTRÉAL,2025-05-10,8,Dorval,DORV,2025-05-10T20:26:33Z,2025-05-10T20:37:00Z,ARR,goo,-10.0
64,True,True,TORONTO,MONTRÉAL,2025-05-10,9,Montréal,MTRL,2025-05-10T20:50:57Z,2025-05-10T21:05:00Z,ARR,goo,-14.0
65,True,True,MONTRÉAL,TORONTO,2025-05-10,0,Montréal,MTRL,2025-05-10T14:49:00Z,2025-05-10T14:49:00Z,ARR,goo,0.0
65,True,True,MONTRÉAL,TORONTO,2025-05-10,1,Dorval,DORV,2025-05-10T15:11:33Z,2025-05-10T15:12:00Z,ARR,goo,0.0
65,True,True,MONTRÉAL,TORONTO,2025-05-10,2,Cornwall,CWLL,2025-05-10T16:02:40Z,2025-05-10T16:06:00Z,ARR,goo,-3.0
65,True,True,MONTRÉAL,TORONTO,2025-05-10,3,Kingston,KGON,2025-05-10T17:50:56Z,2025-05-10T17:36:00Z,ARR,med,14.0
65,True,True,MONTRÉAL,TORONTO,2025-05-10,4,Belleville,BLVL,2025-05-10T18:30:25Z,2025-05-10T18:20:00Z,ARR,med,10.0
65,True,True,MONTRÉAL,TORONTO,2025-05-10,5,Cobourg,CBRG,2025-05-10T19:07:19Z,2025-05-10T18:58:00Z,ARR,med,9.0
65,True,True,MONTRÉAL,TORONTO,2025-05-10,6,Oshawa,OSHA,2025-05-10T19:40:37Z,2025-05-10T19:34:00Z,ARR,med,6.0
65,True,True,MONTRÉAL,TORONTO,2025-05-10,7,Toronto,TRTO,2025-05-10T20:35:40Z,2025-05-10T20:18:00Z,ARR,bad,17.0
67,True,True,MONTRÉAL,TORONTO,2025-05-10,0,Montréal,MTRL,2025-05-10T17:22:00Z,2025-05-10T17:22:00Z,ARR,goo,0.0
67,True,True,MONTRÉAL,TORONTO,2025-05-10,1,Dorval,DORV,2025-05-10T17:45:52Z,2025-05-10T17:47:00Z,ARR,goo,-1.0
67,True,True,MONTRÉAL,TORONTO,2025-05-10,2,Cornwall,CWLL,2025-05-10T18:36:47Z,2025-05-10T18:38:00Z,ARR,goo,-1.0
67,True,True,MONTRÉAL,TORONTO,2025-05-10,3,Kingston,KGON,2025-05-10T20:03:32Z,2025-05-10T20:03:00Z,ARR,goo,0.0
67,True,True,MONTRÉAL,TORONTO,2025-05-10,4,Belleville,BLVL,2025-05-10T20:43:08Z,2025-05-10T20:42:00Z,ARR,goo,1.0
67,True,True,MONTRÉAL,TORONTO,2025-05-10,5,Cobourg,CBRG,2025-05-10T21:18:13Z,2025-05-10T21:17:00Z,ARR,goo,1.0
67,True,True,MONTRÉAL,TORONTO,2025-05-10,6,Oshawa,OSHA,2025-05-10T21:52:12Z,2025-05-10T21:50:00Z,ARR,goo,2.0
67,True,True,MONTRÉAL,TORONTO,2025-05-10,7,Toronto,TRTO,2025-05-10T22:35:43Z,2025-05-10T22:45:00Z,ARR,goo,-9.0
70,True,True,WINDSOR,TORONTO,2025-05-10,0,Windsor,WDON,2025-05-10T09:35:04Z,2025-05-10T09:35:00Z,ARR,goo,0.0
70,True,True,WINDSOR,TORONTO,2025-05-10,1,Chatham,CHAT,2025-05-10T10:18:08Z,2025-05-10T10:19:00Z,ARR,goo,0.0
70,True,True,WINDSOR,TORONTO,2025-05-10,2,London,LNDN,2025-05-10T11:33:13Z,2025-05-10T11:25:00Z,ARR,med,8.0
70,True,True,WINDSOR,TORONTO,2025-05-10,3,Ingersoll,INGR,2025-05-10T12:09:43Z,2025-05-10T11:55:00Z,ARR,med,14.0
70,True,True,WINDSOR,TORONTO,2025-05-10,4,Woodstock,WDST,2025-05-10T12:21:56Z,2025-05-10T12:08:00Z,ARR,med,13.0
70,True,True,WINDSOR,TORONTO,2025-05-10,5,Brantford,BRTF,2025-05-10T12:56:18Z,2025-05-10T12:44:00Z,ARR,med,12.0
70,True,True,WINDSOR,TORONTO,2025-05-10,6,Aldershot,ALDR,2025-05-10T13:30:47Z,2025-05-10T13:25:00Z,ARR,med,5.0
70,True,True,WINDSOR,TORONTO,2025-05-10,7,Oakville,OAKV,2025-05-10T13:54:12Z,2025-05-10T13:43:00Z,ARR,med,11.0
70,True,True,WINDSOR,TORONTO,2025-05-10,8,Toronto,TRTO,2025-05-10T14:18:13Z,2025-05-10T14:10:00Z,ARR,med,8.0
72,True,True,WINDSOR,TORONTO,2025-05-10,0,Windsor,WDON,2025-05-10T12:43:22Z,2025-05-10T12:43:00Z,ARR,goo,0.0
72,True,True,WINDSOR,TORONTO,2025-05-10,1,Chatham,CHAT,2025-05-10T13:29:36Z,2025-05-10T13:25:00Z,ARR,goo,4.0
72,True,True,WINDSOR,TORONTO,2025-05-10,2,Glencoe,GLNC,2025-05-10T14:17:02Z,2025-05-10T14:05:00Z,ARR,med,12.0
72,True,True,WINDSOR,TORONTO,2025-05-10,3,London,LNDN,2025-05-10T14:48:35Z,2025-05-10T14:39:00Z,ARR,med,9.0
72,True,True,WINDSOR,TORONTO,2025-05-10,4,Ingersoll,INGR,2025-05-10T15:14:02Z,2025-05-10T15:07:00Z,ARR,med,7.0
72,True,True,WINDSOR,TORONTO,2025-05-10,5,Woodstock,WDST,2025-05-10T15:26:00Z,2025-05-10T15:23:00Z,ARR,goo,3.0
72,True,True,WINDSOR,TORONTO,2025-05-10,6,Brantford,BRTF,2025-05-10T16:04:12Z,2025-05-10T15:55:00Z,ARR,med,9.0
72,True,True,WINDSOR,TORONTO,2025-05-10,7,Aldershot,ALDR,2025-05-10T16:53:51Z,2025-05-10T16:29:00Z,ARR,bad,24.0
72,True,True,WINDSOR,TORONTO,2025-05-10,8,Oakville,OAKV,2025-05-10T17:10:23Z,2025-05-10T16:45:00Z,ARR,bad,25.0
72,True,True,WINDSOR,TORONTO,2025-05-10,9,Toronto,TRTO,2025-05-10T17:35:55Z,2025-05-10T17:11:00Z,ARR,bad,24.0
73,True,True,TORONTO,WINDSOR,2025-05-10,0,Toronto,TRTO,2025-05-10T15:30:13Z,2025-05-10T15:30:00Z,ARR,goo,0.0
73,True,True,TORONTO,WINDSOR,2025-05-10,1,Oakville,OAKV,2025-05-10T15:53:46Z,2025-05-10T15:51:00Z,ARR,goo,2.0
73,True,True,TORONTO,WINDSOR,2025-05-10,2,Aldershot,ALDR,2025-05-10T16:11:59Z,2025-05-10T16:09:00Z,ARR,goo,2.0
73,True,True,TORONTO,WINDSOR,2025-05-10,3,Brantford,BRTF,2025-05-10T16:46:27Z,2025-05-10T16:40:00Z,ARR,med,6.0
73,True,True,TORONTO,WINDSOR,2025-05-10,4,Woodstock,WDST,2025-05-10T17:15:17Z,2025-05-10T17:09:00Z,ARR,med,6.0
73,True,True,TORONTO,WINDSOR,2025-05-10,5,London,LNDN,2025-05-10T18:04:38Z,2025-05-10T17:38:00Z,ARR,bad,26.0
73,True,True,TORONTO,WINDSOR,2025-05-10,6,Chatham,CHAT,2025-05-10T19:42:10Z,2025-05-10T18:50:00Z,ARR,bad,52.0
73,True,True,TORONTO,WINDSOR,2025-05-10,7,Windsor,WDON,2025-05-10T20:28:31Z,2025-05-10T19:45:00Z,ARR,bad,43.0
82,True,True,LONDON,TORONTO,2025-05-10,0,London,LNDN,2025-05-10T10:25:00Z,2025-05-10T10:25:00Z,ARR,goo,0.0
82,True,True,LONDON,TORONTO,2025-05-10,1,Woodstock,WDST,2025-05-10T11:40:05Z,2025-05-10T10:53:00Z,ARR,bad,47.0
82,True,True,LONDON,TORONTO,2025-05-10,2,Brantford,BRTF,2025-05-10T12:08:10Z,2025-05-10T11:23:00Z,ARR,bad,45.0
82,True,True,LONDON,TORONTO,2025-05-10,3,Toronto,TRTO,2025-05-10T13:17:29Z,2025-05-10T12:35:00Z,ARR,bad,42.0
84,True,True,SARNIA,TORONTO,2025-05-10,0,Sarnia,SARN,2025-05-10T12:40:00Z,2025-05-10T12:40:00Z,ARR,goo,0.0
84,True,True,SARNIA,TORONTO,2025-05-10,1,Wyoming,WYOM,2025-05-10T13:00:20Z,2025-05-10T12:55:00Z,ARR,med,5.0
84,True,True,SARNIA,TORONTO,2025-05-10,2,Strathroy,STRR,2025-05-10T13:23:11Z,2025-05-10T13:27:00Z,ARR,goo,-3.0
84,True,True,SARNIA,TORONTO,2025-05-10,3,London,LNDN,2025-05-10T13:49:16Z,2025-05-10T13:52:00Z,ARR,goo,-2.0
84,True,True,SARNIA,TORONTO,2025-05-10,4,St.Marys,SMYS,2025-05-10T14:45:13Z,2025-05-10T14:45:00Z,ARR,goo,0.0
84,True,True,SARNIA,TORONTO,2025-05-10,5,Stratford,STRF,2025-05-10T15:14:33Z,2025-05-10T15:14:00Z,ARR,goo,0.0
84,True,True,SARNIA,TORONTO,2025-05-10,6,Kitchener,KITC,2025-05-10T16:05:49Z,2025-05-10T16:02:00Z,ARR,goo,3.0
84,True,True,SARNIA,TORONTO,2025-05-10,7,Guelph,GUEL,2025-05-10T16:27:23Z,2025-05-10T16:24:00Z,ARR,goo,3.0
84,True,True,SARNIA,TORONTO,2025-05-10,8,Georgetown,GEOR,2025-05-10T16:55:12Z,2025-05-10T16:47:00Z,ARR,med,8.0
84,True,True,SARNIA,TORONTO,2025-05-10,9,Brampton,BRMP,2025-05-10T17:08:45Z,2025-05-10T16:59:00Z,ARR,med,9.0
84,True,True,SARNIA,TORONTO,2025-05-10,10,Malton,MALT,2025-05-10T17:22:24Z,2025-05-10T17:11:00Z,ARR,med,11.0
84,True,True,SARNIA,TORONTO,2025-05-10,11,Toronto,TRTO,2025-05-10T17:42:14Z,2025-05-10T17:38:00Z,ARR,goo,4.0
644,True,True,TORONTO,OTTAWA,2025-05-10,0,Toronto,TRTO,2025-05-10T17:24:08Z,2025-05-10T17:22:00Z,ARR,goo,2.0
644,True,True,TORONTO,OTTAWA,2025-05-10,1,Oshawa,OSHA,2025-05-10T17:56:28Z,2025-05-10T17:53:00Z,ARR,goo,3.0
644,True,True,TORONTO,OTTAWA,2025-05-10,2,Cobourg,CBRG,2025-05-10T18:35:45Z,2025-05-10T18:28:00Z,ARR,med,7.0
644,True,True,TORONTO,OTTAWA,2025-05-10,3,Belleville,BLVL,2025-05-10T19:16:29Z,2025-05-10T19:03:00Z,ARR,med,13.0
644,True,True,TORONTO,OTTAWA,2025-05-10,4,Kingston,KGON,2025-05-10T19:58:53Z,2025-05-10T19:43:00Z,ARR,bad,15.0
644,True,True,TORONTO,OTTAWA,2025-05-10,5,Fallowfield,FALL,2025-05-10T21:48:20Z,2025-05-10T21:30:00Z,ARR,bad,18.0
644,True,True,TORONTO,OTTAWA,2025-05-10,6,Ottawa,OTTW,2025-05-10T22:10:04Z,2025-05-10T21:53:00Z,ARR,bad,17.0
71,True,True,TORONTO,WINDSOR,2025-05-10,0,Toronto,TRTO,2025-05-10T10:50:00Z,2025-05-10T10:50:00Z,ARR,goo,0.0
71,True,True,TORONTO,WINDSOR,2025-05-10,1,Oakville,OAKV,2025-05-10T11:14:08Z,2025-05-10T11:13:00Z,ARR,goo,1.0
71,True,True,TORONTO,WINDSOR,2025-05-10,2,Aldershot,ALDR,2025-05-10T11:33:14Z,2025-05-10T11:29:00Z,ARR,goo,4.0
71,True,True,TORONTO,WINDSOR,2025-05-10,3,Brantford,BRTF,2025-05-10T12:19:17Z,2025-05-10T11:55:00Z,ARR,bad,24.0
71,True,True,TORONTO,WINDSOR,2025-05-10,4,Woodstock,WDST,2025-05-10T12:51:50Z,2025-05-10T12:30:00Z,ARR,bad,21.0
71,True,True,TORONTO,WINDSOR,2025-05-10,5,Ingersoll,INGR,2025-05-10T13:03:11Z,2025-05-10T12:43:00Z,ARR,bad,20.0
71,True,True,TORONTO,WINDSOR,2025-05-10,6,London,LNDN,2025-05-10T13:29:38Z,2025-05-10T13:06:00Z,ARR,bad,23.0
71,True,True,TORONTO,WINDSOR,2025-05-10,7,Glencoe,GLNC,2025-05-10T14:04:19Z,2025-05-10T13:39:00Z,ARR,bad,25.0
71,True,True,TORONTO,WINDSOR,2025-05-10,8,Chatham,CHAT,2025-05-10T14:47:00Z,2025-05-10T14:18:00Z,ARR,bad,29.0
71,True,True,TORONTO,WINDSOR,2025-05-10,9,Windsor,WDON,2025-05-10T15:31:58Z,2025-05-10T15:08:00Z,ARR,bad,23.0
97,True,True,TORONTO,NIAGARA FALLS,2025-05-10,0,Toronto,TRTO,2025-05-10T12:20:00Z,2025-05-10T12:20:00Z,ARR,goo,0.0
97,True,True,TORONTO,NIAGARA FALLS,2025-05-10,1,Oakville,OAKV,2025-05-10T12:43:00Z,2025-05-10T12:43:00Z,ARR,goo,0.0
97,True,True,TORONTO,NIAGARA FALLS,2025-05-10,2,Aldershot,ALDR,2025-05-10T12:56:00Z,2025-05-10T12:56:00Z,ARR,goo,0.0
97,True,True,TORONTO,NIAGARA FALLS,2025-05-10,3,Grimsby,GRIM,2025-05-10T13:37:00Z,2025-05-10T13:37:00Z,ARR,goo,0.0
97,True,True,TORONTO,NIAGARA FALLS,2025-05-10,4,St. Catharines,SCAT,2025-05-10T13:57:00Z,2025-05-10T13:57:00Z,ARR,goo,0.0
97,True,True,TORONTO,NIAGARA FALLS,2025-05-10,5,Niagara Falls,NIAG,2025-05-10T14:20:00Z,2025-05-10T14:20:00Z,ARR,goo,0.0
643,True,True,OTTAWA,TORONTO,2025-05-10,0,Ottawa,OTTW,2025-05-10T12:29:00Z,2025-05-10T12:29:00Z,ARR,goo,0.0
643,True,True,OTTAWA,TORONTO,2025-05-10,1,Fallowfield,FALL,2025-05-10T12:46:01Z,2025-05-10T12:45:00Z,ARR,goo,1.0
643,True,True,OTTAWA,TORONTO,2025-05-10,2,Smiths Falls,SMTF,2025-05-10T13:16:15Z,2025-05-10T13:17:00Z,ARR,goo,0.0
643,True,True,OTTAWA,TORONTO,2025-05-10,3,Brockville,BRKV,2025-05-10T13:49:42Z,2025-05-10T13:49:00Z,ARR,goo,0.0
643,True,True,OTTAWA,TORONTO,2025-05-10,4,Kingston,KGON,2025-05-10T14:49:58Z,2025-05-10T14:32:00Z,ARR,bad,17.0
643,True,True,OTTAWA,TORONTO,2025-05-10,5,Napanee,NAPN,2025-05-10T15:17:42Z,2025-05-10T14:57:00Z,ARR,bad,20.0
643,True,True,OTTAWA,TORONTO,2025-05-10,6,Belleville,BLVL,2025-05-10T15:44:06Z,2025-05-10T15:17:00Z,ARR,bad,27.0
643,True,True,OTTAWA,TORONTO,2025-05-10,7,Trenton Jct.,TRNJ,2025-05-10T15:58:09Z,2025-05-10T15:31:00Z,ARR,bad,27.0
643,True,True,OTTAWA,TORONTO,2025-05-10,8,Cobourg,CBRG,2025-05-10T16:31:36Z,2025-05-10T15:57:00Z,ARR,bad,34.0
643,True,True,OTTAWA,TORONTO,2025-05-10,9,Port Hope,PHOP,2025-05-10T16:43:26Z,2025-05-10T16:07:00Z,ARR,bad,36.0
643,True,True,OTTAWA,TORONTO,2025-05-10,10,Oshawa,OSHA,2025-05-10T17:17:48Z,2025-05-10T16:35:00Z,ARR,bad,42.0
643,True,True,OTTAWA,TORONTO,2025-05-10,11,Guildwood,GUIL,2025-05-10T17:45:09Z,2025-05-10T16:58:00Z,ARR,bad,47.0
643,True,True,OTTAWA,TORONTO,2025-05-10,12,Toronto,TRTO,2025-05-10T18:05:38Z,2025-05-10T17:18:00Z,ARR,bad,47.0
62,True,True,TORONTO,MONTRÉAL,2025-05-10,0,Toronto,TRTO,2025-05-10T12:32:00Z,2025-05-10T12:32:00Z,ARR,goo,0.0
62,True,True,TORONTO,MONTRÉAL,2025-05-10,1,Guildwood,GUIL,2025-05-10T12:48:22Z,2025-05-10T12:50:00Z,ARR,goo,-1.0
62,True,True,TORONTO,MONTRÉAL,2025-05-10,2,Oshawa,OSHA,2025-05-10T13:06:49Z,2025-05-10T13:09:00Z,ARR,goo,-2.0
62,True,True,TORONTO,MONTRÉAL,2025-05-10,3,Cobourg,CBRG,2025-05-10T13:48:21Z,2025-05-10T13:44:00Z,ARR,goo,4.0
62,True,True,TORONTO,MONTRÉAL,2025-05-10,4,Belleville,BLVL,2025-05-10T14:29:32Z,2025-05-10T14:20:00Z,ARR,med,9.0
62,True,True,TORONTO,MONTRÉAL,2025-05-10,5,Kingston,KGON,2025-05-10T15:07:10Z,2025-05-10T15:00:00Z,ARR,med,7.0
62,True,True,TORONTO,MONTRÉAL,2025-05-10,6,Cornwall,CWLL,2025-05-10T16:45:58Z,2025-05-10T16:43:00Z,ARR,goo,2.0
62,True,True,TORONTO,MONTRÉAL,2025-05-10,7,Dorval,DORV,2025-05-10T17:45:18Z,2025-05-10T17:34:00Z,ARR,med,11.0
62,True,True,TORONTO,MONTRÉAL,2025-05-10,8,Montréal,MTRL,2025-05-10T18:15:44Z,2025-05-10T18:00:00Z,ARR,bad,15.0
622,True,True,MONTRÉAL,QUÉBEC,2025-05-10,0,Montréal,MTRL,2025-05-10T12:20:00Z,2025-05-10T12:20:00Z,ARR,goo,0.0
622,True,True,MONTRÉAL,QUÉBEC,2025-05-10,1,St. Lambert,SLAM,2025-05-10T12:35:52Z,2025-05-10T12:33:00Z,ARR,goo,2.0
622,True,True,MONTRÉAL,QUÉBEC,2025-05-10,2,St. Hyacinthe,SHYA,2025-05-10T13:08:04Z,2025-05-10T13:00:00Z,ARR,med,8.0
622,True,True,MONTRÉAL,QUÉBEC,2025-05-10,3,Drummondville,DRMV,2025-05-10T13:43:40Z,2025-05-10T13:29:00Z,ARR,med,14.0
622,True,True,MONTRÉAL,QUÉBEC,2025-05-10,4,Ste-Foy,SFOY,2025-05-10T15:29:01Z,2025-05-10T15:11:00Z,ARR,bad,18.0
622,True,True,MONTRÉAL,QUÉBEC,2025-05-10,5,Québec,QBEC,2025-05-10T15:56:00Z,2025-05-10T15:39:00Z,ARR,bad,17.0
185,True,True,SUDBURY,WHITE RIVER,2025-05-10,0,Sudbury,SUDB,2025-05-10T13:00:00Z,2025-05-10T13:00:00Z,ARR,goo,0.0
185,True,True,SUDBURY,WHITE RIVER,2025-05-10,1,Azilda,AZIL,2025-05-10T13:14:56Z,2025-05-10T13:10:00Z,ARR,goo,4.0
185,True,True,SUDBURY,WHITE RIVER,2025-05-10,2,Chelmsford,CHEL,2025-05-10T13:18:11Z,2025-05-10T13:15:00Z,ARR,goo,3.0
185,True,True,SUDBURY,WHITE RIVER,2025-05-10,3,Larchwood,LARC,2025-05-10T13:24:06Z,2025-05-10T13:19:00Z,ARR,med,5.0
185,True,True,SUDBURY,WHITE RIVER,2025-05-10,4,Levack,LEVA,2025-05-10T13:37:15Z,2025-05-10T13:30:00Z,ARR,med,7.0
185,True,True,SUDBURY,WHITE RIVER,2025-05-10,5,Cartier,CART,2025-05-10T14:06:59Z,2025-05-10T13:45:00Z,ARR,bad,21.0
185,True,True,SUDBURY,WHITE RIVER,2025-05-10,6,Benny,BENN,2025-05-10T14:24:10Z,2025-05-10T14:05:00Z,ARR,bad,19.0
185,True,True,SUDBURY,WHITE RIVER,2025-05-10,7,Stralak,STRL,2025-05-10T14:29:32Z,2025-05-10T14:12:00Z,ARR,bad,17.0
185,True,True,SUDBURY,WHITE RIVER,2025-05-10,8,Pogamasing,POGA,2025-05-10T14:40:56Z,2025-05-10T14:25:00Z,ARR,bad,15.0
185,True,True,SUDBURY,WHITE RIVER,2025-05-10,9,Sheahan,SHEA,2025-05-10T14:47:07Z,2025-05-10T14:30:00Z,ARR,bad,17.0
185,True,True,SUDBURY,WHITE RIVER,2025-05-10,10,Forks,FRKS,2025-05-10T14:56:03Z,2025-05-10T14:40:00Z,ARR,bad,16.0
185,True,True,SUDBURY,WHITE RIVER,2025-05-10,11,Metagama,MTGM,2025-05-10T15:06:03Z,2025-05-10T14:50:00Z,ARR,bad,16.0
185,True,True,SUDBURY,WHITE RIVER,2025-05-10,12,Sinker,SNKR,2025-05-10T15:11:03Z,2025-05-10T14:55:00Z,ARR,bad,16.0
185,True,True,SUDBURY,WHITE RIVER,2025-05-10,13,Biscotasing,BISC,2025-05-10T15:42:28Z,2025-05-10T15:20:00Z,ARR,bad,22.0
185,True,True,SUDBURY,WHITE RIVER,2025-05-10,14,Roberts,RBRT,2025-05-10T15:52:28Z,2025-05-10T15:30:00Z,ARR,bad,22.0
185,True,True,SUDBURY,WHITE RIVER,2025-05-10,15,Ramsey,RAMS,2025-05-10T16:07:28Z,2025-05-10T15:45:00Z,ARR,bad,22.0
185,True,True,SUDBURY,WHITE RIVER,2025-05-10,16,Woman River,WOMR,2025-05-10T16:27:28Z,2025-05-10T16:05:00Z,ARR,bad,22.0
185,True,True,SUDBURY,WHITE RIVER,2025-05-10,17,Sultan,SULT,2025-05-10T16:42:28Z,2025-05-10T16:20:00Z,ARR,bad,22.0
185,True,True,SUDBURY,WHITE RIVER,2025-05-10,18,Kormak,KORM,2025-05-10T16:57:28Z,2025-05-10T16:35:00Z,ARR,bad,22.0
185,True,True,SUDBURY,WHITE RIVER,2025-05-10,19,Kinogama,KINO,2025-05-10T17:02:28Z,2025-05-10T16:40:00Z,ARR,bad,22.0
185,True,True,SUDBURY,WHITE RIVER,2025-05-10,20,Nemegos,NEME,2025-05-10T17:17:28Z,2025-05-10T16:55:00Z,ARR,bad,22.0
185,True,True,SUDBURY,WHITE RIVER,2025-05-10,21,Devon,DEVN,2025-05-10T17:59:48Z,2025-05-10T17:05:00Z,ARR,bad,54.0
185,True,True,SUDBURY,WHITE RIVER,2025-05-10,22,Chapleau,CHAP,2025-05-10T18:37:50Z,2025-05-10T17:20:00Z,ARR,bad,77.0
185,True,True,SUDBURY,WHITE RIVER,2025-05-10,23,Esher,ESHR,2025-05-10T18:56:02Z,2025-05-10T17:50:00Z,ARR,bad,66.0
185,True,True,SUDBURY,WHITE RIVER,2025-05-10,24,Musk,MUSK,2025-05-10T19:05:28Z,2025-05-10T18:00:00Z,ARR,bad,65.0
185,True,True,SUDBURY,WHITE RIVER,2025-05-10,25,Nicholson,NICH,2025-05-10T19:12:42Z,2025-05-10T18:10:00Z,ARR,bad,62.0
185,True,True,SUDBURY,WHITE RIVER,2025-05-10,26,Bolkow,BOLK,2025-05-10T19:30:16Z,2025-05-10T18:30:00Z,ARR,bad,60.0
185,True,True,SUDBURY,WHITE RIVER,2025-05-10,27,Dalton,DALT,2025-05-10T19:45:16Z,2025-05-10T18:45:00Z,ARR,bad,60.0
185,True,True,SUDBURY,WHITE RIVER,2025-05-10,28,Missanabie,MSBI,2025-05-10T20:10:16Z,2025-05-10T19:10:00Z,ARR,bad,60.0
185,True,True,SUDBURY,WHITE RIVER,2025-05-10,29,Lochalsh,LOCH,2025-05-10T20:30:16Z,2025-05-10T19:30:00Z,ARR,bad,60.0
185,True,True,SUDBURY,WHITE RIVER,2025-05-10,30,Franz,FRNZ,2025-05-10T20:47:40Z,2025-05-10T19:50:00Z,ARR,bad,57.0
185,True,True,SUDBURY,WHITE RIVER,2025-05-10,31,Swanson,SWAN,2025-05-10T20:58:20Z,2025-05-10T20:00:00Z,ARR,bad,58.0
185,True,True,SUDBURY,WHITE RIVER,2025-05-10,32,Girdwood,GIRD,2025-05-10T21:24:00Z,2025-05-10T20:25:00Z,ARR,bad,59.0
185,True,True,SUDBURY,WHITE RIVER,2025-05-10,33,Amyot,AMYO,2025-05-10T21:33:32Z,2025-05-10T20:35:00Z,ARR,bad,58.0
185,True,True,SUDBURY,WHITE RIVER,2025-05-10,34,O'Brien,OBRI,2025-05-10T21:47:26Z,2025-05-10T20:50:00Z,ARR,bad,57.0
185,True,True,SUDBURY,WHITE RIVER,2025-05-10,35,White River,WHTR,2025-05-10T22:07:13Z,2025-05-10T21:05:00Z,ARR,bad,62.0
633,True,True,MONTRÉAL,OTTAWA,2025-05-10,0,Montréal,MTRL,2025-05-10T13:00:00Z,2025-05-10T13:00:00Z,ARR,goo,0.0
633,True,True,MONTRÉAL,OTTAWA,2025-05-10,1,Dorval,DORV,2025-05-10T13:37:28Z,2025-05-10T13:24:00Z,ARR,med,13.0
633,True,True,MONTRÉAL,OTTAWA,2025-05-10,2,Alexandria,ALEX,2025-05-10T14:25:46Z,2025-05-10T14:11:00Z,ARR,med,14.0
633,True,True,MONTRÉAL,OTTAWA,2025-05-10,3,Casselman,CSLM,2025-05-10T14:57:34Z,2025-05-10T14:34:00Z,ARR,bad,23.0
633,True,True,MONTRÉAL,OTTAWA,2025-05-10,4,Ottawa,OTTW,2025-05-10T15:23:25Z,2025-05-10T15:05:00Z,ARR,bad,18.0
624,True,True,OTTAWA,QUÉBEC,2025-05-10,0,Ottawa,OTTW,2025-05-10T11:45:00Z,2025-05-10T11:45:00Z,ARR,goo,0.0
624,True,True,OTTAWA,QUÉBEC,2025-05-10,1,Alexandria,ALEX,2025-05-10T12:26:31Z,2025-05-10T12:31:00Z,ARR,goo,-4.0
624,True,True,OTTAWA,QUÉBEC,2025-05-10,2,Dorval,DORV,2025-05-10T13:24:04Z,2025-05-10T13:16:00Z,ARR,med,8.0
624,True,True,OTTAWA,QUÉBEC,2025-05-10,3,Montréal,MTRL,2025-05-10T13:50:33Z,2025-05-10T13:39:00Z,ARR,med,11.0
624,True,True,OTTAWA,QUÉBEC,2025-05-10,4,St. Lambert,SLAM,2025-05-10T14:32:02Z,2025-05-10T14:28:00Z,ARR,goo,4.0
624,True,True,OTTAWA,QUÉBEC,2025-05-10,5,St. Hyacinthe,SHYA,2025-05-10T15:08:55Z,2025-05-10T15:06:00Z,ARR,goo,2.0
624,True,True,OTTAWA,QUÉBEC,2025-05-10,6,Drummondville,DRMV,2025-05-10T15:46:42Z,2025-05-10T15:34:00Z,ARR,med,12.0
624,True,True,OTTAWA,QUÉBEC,2025-05-10,7,Charny,CHNY,2025-05-10T17:39:50Z,2025-05-10T17:13:00Z,ARR,bad,26.0
624,True,True,OTTAWA,QUÉBEC,2025-05-10,8,Ste-Foy,SFOY,2025-05-10T17:48:33Z,2025-05-10T17:20:00Z,ARR,bad,28.0
624,True,True,OTTAWA,QUÉBEC,2025-05-10,9,Québec,QBEC,2025-05-10T18:18:26Z,2025-05-10T17:48:00Z,ARR,bad,30.0
47,True,True,OTTAWA,TORONTO,2025-05-10,0,Ottawa,OTTW,2025-05-10T16:23:00Z,2025-05-10T16:23:00Z,ARR,goo,0.0
47,True,True,OTTAWA,TORONTO,2025-05-10,1,Fallowfield,FALL,2025-05-10T16:37:58Z,2025-05-10T16:40:00Z,ARR,goo,-2.0
47,True,True,OTTAWA,TORONTO,2025-05-10,2,Smiths Falls,SMTF,2025-05-10T17:12:59Z,2025-05-10T17:18:00Z,ARR,goo,-5.0
47,True,True,OTTAWA,TORONTO,2025-05-10,3,Brockville,BRKV,2025-05-10T17:53:19Z,2025-05-10T17:54:00Z,ARR,goo,0.0
47,True,True,OTTAWA,TORONTO,2025-05-10,4,Gananoque,GANA,2025-05-10T18:23:22Z,2025-05-10T18:22:00Z,ARR,goo,1.0
47,True,True,OTTAWA,TORONTO,2025-05-10,5,Kingston,KGON,2025-05-10T18:42:43Z,2025-05-10T18:45:00Z,ARR,goo,-2.0
47,True,True,OTTAWA,TORONTO,2025-05-10,6,Belleville,BLVL,2025-05-10T19:26:18Z,2025-05-10T19:26:00Z,ARR,goo,0.0
47,True,True,OTTAWA,TORONTO,2025-05-10,7,Oshawa,OSHA,2025-05-10T20:38:24Z,2025-05-10T20:33:00Z,ARR,med,5.0
47,True,True,OTTAWA,TORONTO,2025-05-10,8,Guildwood,GUIL,2025-05-10T21:03:02Z,2025-05-10T20:58:00Z,ARR,med,5.0
47,True,True,OTTAWA,TORONTO,2025-05-10,9,Toronto,TRTO,2025-05-10T21:29:35Z,2025-05-10T21:30:00Z,ARR,goo,0.0
637,True,True,QUÉBEC,OTTAWA,2025-05-10,0,Québec,QBEC,2025-05-10T14:00:00Z,2025-05-10T14:00:00Z,ARR,goo,0.0
637,True,True,QUÉBEC,OTTAWA,2025-05-10,1,Ste-Foy,SFOY,2025-05-10T14:25:27Z,2025-05-10T14:25:00Z,ARR,goo,0.0
637,True,True,QUÉBEC,OTTAWA,2025-05-10,2,Drummondville,DRMV,2025-05-10T16:07:15Z,2025-05-10T16:08:00Z,ARR,goo,0.0
637,True,True,QUÉBEC,OTTAWA,2025-05-10,3,St. Lambert,SLAM,2025-05-10T17:47:03Z,2025-05-10T17:16:00Z,ARR,bad,31.0
637,True,True,QUÉBEC,OTTAWA,2025-05-10,4,Montréal,MTRL,2025-05-10T18:02:34Z,2025-05-10T17:31:00Z,ARR,bad,31.0
637,True,True,QUÉBEC,OTTAWA,2025-05-10,5,Dorval,DORV,2025-05-10T18:54:02Z,2025-05-10T18:20:00Z,ARR,bad,34.0
637,True,True,QUÉBEC,OTTAWA,2025-05-10,6,Alexandria,ALEX,2025-05-10T19:48:26Z,2025-05-10T19:10:00Z,ARR,bad,38.0
637,True,True,QUÉBEC,OTTAWA,2025-05-10,7,Ottawa,OTTW,2025-05-10T20:42:41Z,2025-05-10T19:56:00Z,ARR,bad,46.0
63,True,True,MONTRÉAL,TORONTO,2025-05-10,0,Montréal,MTRL,2025-05-10T12:46:00Z,2025-05-10T12:46:00Z,ARR,goo,0.0
63,True,True,MONTRÉAL,TORONTO,2025-05-10,1,Dorval,DORV,2025-05-10T13:08:57Z,2025-05-10T13:11:00Z,ARR,goo,-2.0
63,True,True,MONTRÉAL,TORONTO,2025-05-10,2,Cornwall,CWLL,2025-05-10T14:06:29Z,2025-05-10T14:04:00Z,ARR,goo,2.0
63,True,True,MONTRÉAL,TORONTO,2025-05-10,3,Brockville,BRKV,2025-05-10T14:51:57Z,2025-05-10T14:54:00Z,ARR,goo,-2.0
63,True,True,MONTRÉAL,TORONTO,2025-05-10,4,Kingston,KGON,2025-05-10T15:42:33Z,2025-05-10T15:39:00Z,ARR,goo,3.0
63,True,True,MONTRÉAL,TORONTO,2025-05-10,5,Belleville,BLVL,2025-05-10T16:21:59Z,2025-05-10T16:20:00Z,ARR,goo,1.0
63,True,True,MONTRÉAL,TORONTO,2025-05-10,6,Cobourg,CBRG,2025-05-10T16:57:40Z,2025-05-10T16:58:00Z,ARR,goo,0.0
63,True,True,MONTRÉAL,TORONTO,2025-05-10,7,Oshawa,OSHA,2025-05-10T17:33:26Z,2025-05-10T17:34:00Z,ARR,goo,0.0
63,True,True,MONTRÉAL,TORONTO,2025-05-10,8,Guildwood,GUIL,2025-05-10T17:57:37Z,2025-05-10T17:58:00Z,ARR,goo,0.0
63,True,True,MONTRÉAL,TORONTO,2025-05-10,9,Toronto,TRTO,2025-05-10T18:26:29Z,2025-05-10T18:18:00Z,ARR,med,8.0
40,True,True,TORONTO,OTTAWA,2025-05-10,0,Toronto,TRTO,2025-05-10T14:37:00Z,2025-05-10T14:37:00Z,ARR,goo,0.0
40,True,True,TORONTO,OTTAWA,2025-05-10,1,Belleville,BLVL,2025-05-10T16:13:34Z,2025-05-10T16:09:00Z,ARR,goo,4.0
40,True,True,TORONTO,OTTAWA,2025-05-10,2,Kingston,KGON,2025-05-10T16:49:48Z,2025-05-10T16:48:00Z,ARR,goo,1.0
40,True,True,TORONTO,OTTAWA,2025-05-10,3,Fallowfield,FALL,2025-05-10T18:40:26Z,2025-05-10T18:38:00Z,ARR,goo,2.0
40,True,True,TORONTO,OTTAWA,2025-05-10,4,Ottawa,OTTW,2025-05-10T19:01:13Z,2025-05-10T19:02:00Z,ARR,goo,0.0
35,True,True,QUÉBEC,OTTAWA,2025-05-10,0,Québec,QBEC,2025-05-10T12:06:00Z,2025-05-10T12:06:00Z,ARR,goo,0.0
35,True,True,QUÉBEC,OTTAWA,2025-05-10,1,Ste-Foy,SFOY,2025-05-10T12:29:52Z,2025-05-10T12:31:00Z,ARR,goo,-1.0
35,True,True,QUÉBEC,OTTAWA,2025-05-10,2,Charny,CHNY,2025-05-10T12:39:46Z,2025-05-10T12:40:00Z,ARR,goo,0.0
35,True,True,QUÉBEC,OTTAWA,2025-05-10,3,Drummondville,DRMV,2025-05-10T14:06:12Z,2025-05-10T14:14:00Z,ARR,goo,-7.0
35,True,True,QUÉBEC,OTTAWA,2025-05-10,4,St. Hyacinthe,SHYA,2025-05-10T14:41:54Z,2025-05-10T14:44:00Z,ARR,goo,-2.0
35,True,True,QUÉBEC,OTTAWA,2025-05-10,5,St. Lambert,SLAM,2025-05-10T15:17:06Z,2025-05-10T15:11:00Z,ARR,med,6.0
35,True,True,QUÉBEC,OTTAWA,2025-05-10,6,Montréal,MTRL,2025-05-10T15:32:28Z,2025-05-10T15:26:00Z,ARR,med,6.0
35,True,True,QUÉBEC,OTTAWA,2025-05-10,7,Dorval,DORV,2025-05-10T16:17:04Z,2025-05-10T16:18:00Z,ARR,goo,0.0
35,True,True,QUÉBEC,OTTAWA,2025-05-10,8,Coteau,COTO,2025-05-10T16:48:27Z,2025-05-10T16:46:00Z,ARR,goo,2.0
35,True,True,QUÉBEC,OTTAWA,2025-05-10,9,Alexandria,ALEX,2025-05-10T17:22:20Z,2025-05-10T17:08:00Z,ARR,med,14.0
35,True,True,QUÉBEC,OTTAWA,2025-05-10,10,Casselman,CSLM,2025-05-10T17:49:36Z,2025-05-10T17:31:00Z,ARR,bad,18.0
35,True,True,QUÉBEC,OTTAWA,2025-05-10,11,Ottawa,OTTW,2025-05-10T18:15:43Z,2025-05-10T17:58:00Z,ARR,bad,17.0
76,True,True,WINDSOR,TORONTO,2025-05-10,0,Windsor,WDON,2025-05-10T17:46:25Z,2025-05-10T17:46:00Z,ARR,goo,0.0
76,True,True,WINDSOR,TORONTO,2025-05-10,1,Chatham,CHAT,2025-05-10T18:28:20Z,2025-05-10T18:28:00Z,ARR,goo,0.0
76,True,True,WINDSOR,TORONTO,2025-05-10,2,Glencoe,GLNC,2025-05-10T19:10:46Z,2025-05-10T19:03:00Z,ARR,med,7.0
76,True,True,WINDSOR,TORONTO,2025-05-10,3,London,LNDN,2025-05-10T19:41:09Z,2025-05-10T19:38:00Z,ARR,goo,3.0
76,True,True,WINDSOR,TORONTO,2025-05-10,4,Brantford,BRTF,2025-05-10T20:40:07Z,2025-05-10T20:39:00Z,ARR,goo,1.0
76,True,True,WINDSOR,TORONTO,2025-05-10,5,Aldershot,ALDR,2025-05-10T21:13:29Z,2025-05-10T21:10:00Z,ARR,goo,3.0
76,True,True,WINDSOR,TORONTO,2025-05-10,6,Oakville,OAKV,2025-05-10T21:29:03Z,2025-05-10T21:27:00Z,ARR,goo,2.0
76,True,True,WINDSOR,TORONTO,2025-05-10,7,Toronto,TRTO,2025-05-10T22:07:54Z,2025-05-10T21:53:00Z,ARR,med,14.0
645,True,True,OTTAWA,TORONTO,2025-05-10,0,Ottawa,OTTW,2025-05-10T18:29:40Z,2025-05-10T18:29:00Z,ARR,goo,0.0
645,True,True,OTTAWA,TORONTO,2025-05-10,1,Fallowfield,FALL,2025-05-10T18:59:24Z,2025-05-10T18:49:00Z,ARR,med,10.0
645,True,True,OTTAWA,TORONTO,2025-05-10,2,Kingston,KGON,2025-05-10T20:48:03Z,2025-05-10T20:34:00Z,ARR,med,14.0
645,True,True,OTTAWA,TORONTO,2025-05-10,3,Belleville,BLVL,2025-05-10T21:37:37Z,2025-05-10T21:15:00Z,ARR,bad,22.0
645,True,True,OTTAWA,TORONTO,2025-05-10,4,Oshawa,OSHA,2025-05-10T23:28:40Z,2025-05-10T22:20:00Z,ARR,bad,68.0
645,True,True,OTTAWA,TORONTO,2025-05-10,5,Toronto,TRTO,2025-05-11T00:27:24Z,2025-05-10T23:15:00Z,ARR,bad,72.0
26,True,True,OTTAWA,QUÉBEC,2025-05-10,0,Ottawa,OTTW,2025-05-10T18:17:08Z,2025-05-10T18:17:00Z,ARR,goo,0.0
26,True,True,OTTAWA,QUÉBEC,2025-05-10,1,Alexandria,ALEX,2025-05-10T18:58:56Z,2025-05-10T19:03:00Z,ARR,goo,-4.0
26,True,True,OTTAWA,QUÉBEC,2025-05-10,2,Coteau,COTO,2025-05-10T19:27:52Z,2025-05-10T19:26:00Z,ARR,goo,1.0
26,True,True,OTTAWA,QUÉBEC,2025-05-10,3,Dorval,DORV,2025-05-10T19:55:59Z,2025-05-10T19:49:00Z,ARR,med,6.0
26,True,True,OTTAWA,QUÉBEC,2025-05-10,4,Montréal,MTRL,2025-05-10T20:21:15Z,2025-05-10T20:15:00Z,ARR,med,6.0
26,True,True,OTTAWA,QUÉBEC,2025-05-10,5,St. Lambert,SLAM,2025-05-10T21:03:12Z,2025-05-10T20:53:00Z,ARR,med,10.0
26,True,True,OTTAWA,QUÉBEC,2025-05-10,6,St. Hyacinthe,SHYA,2025-05-10T21:35:35Z,2025-05-10T21:20:00Z,ARR,bad,15.0
26,True,True,OTTAWA,QUÉBEC,2025-05-10,7,Drummondville,DRMV,2025-05-10T23:51:04Z,2025-05-10T22:05:00Z,ARR,bad,106.0
26,True,True,OTTAWA,QUÉBEC,2025-05-10,8,Charny,CHNY,2025-05-11T01:17:38Z,2025-05-10T23:44:00Z,ARR,bad,93.0
26,True,True,OTTAWA,QUÉBEC,2025-05-10,9,Ste-Foy,SFOY,2025-05-11T01:25:34Z,2025-05-10T23:52:00Z,ARR,bad,93.0
26,True,True,OTTAWA,QUÉBEC,2025-05-10,10,Québec,QBEC,2025-05-11T01:53:26Z,2025-05-11T00:19:00Z,ARR,bad,94.0
39,True,True,QUÉBEC,OTTAWA,2025-05-10,0,Québec,QBEC,2025-05-10T18:57:00Z,2025-05-10T18:57:00Z,ARR,goo,0.0
39,True,True,QUÉBEC,OTTAWA,2025-05-10,1,Ste-Foy,SFOY,2025-05-10T19:22:32Z,2025-05-10T19:22:00Z,ARR,goo,0.0
39,True,True,QUÉBEC,OTTAWA,2025-05-10,2,Drummondville,DRMV,2025-05-10T21:16:59Z,2025-05-10T20:58:00Z,ARR,bad,18.0
39,True,True,QUÉBEC,OTTAWA,2025-05-10,3,St. Lambert,SLAM,2025-05-10T23:58:31Z,2025-05-10T21:57:00Z,ARR,bad,121.0
39,True,True,QUÉBEC,OTTAWA,2025-05-10,4,Montréal,MTRL,2025-05-11T01:26:00Z,2025-05-10T22:11:00Z,ARR,bad,195.0
39,True,True,QUÉBEC,OTTAWA,2025-05-10,5,Dorval,DORV,2025-05-10T23:43:49Z,2025-05-10T23:14:00Z,ARR,bad,29.0
39,True,True,QUÉBEC,OTTAWA,2025-05-10,6,Coteau,COTO,2025-05-11T00:12:17Z,2025-05-10T23:43:00Z,ARR,bad,29.0
39,True,True,QUÉBEC,OTTAWA,2025-05-10,7,Alexandria,ALEX,2025-05-11T00:32:30Z,2025-05-11T00:06:00Z,ARR,bad,26.0
39,True,True,QUÉBEC,OTTAWA,2025-05-10,8,Ottawa,OTTW,2025-05-11T01:14:48Z,2025-05-11T00:51:00Z,ARR,bad,23.0
66,True,True,TORONTO,MONTRÉAL,2025-05-10,0,Toronto,TRTO,2025-05-10T19:22:32Z,2025-05-10T19:22:00Z,ARR,goo,0.0
66,True,True,TORONTO,MONTRÉAL,2025-05-10,1,Guildwood,GUIL,2025-05-10T19:44:36Z,2025-05-10T19:40:00Z,ARR,goo,4.0
66,True,True,TORONTO,MONTRÉAL,2025-05-10,2,Oshawa,OSHA,2025-05-10T20:02:04Z,2025-05-10T19:54:00Z,ARR,med,8.0
66,True,True,TORONTO,MONTRÉAL,2025-05-10,3,Belleville,BLVL,2025-05-10T21:05:09Z,2025-05-10T21:00:00Z,ARR,med,5.0
66,True,True,TORONTO,MONTRÉAL,2025-05-10,4,Kingston,KGON,2025-05-10T21:45:49Z,2025-05-10T21:40:00Z,ARR,med,5.0
66,True,True,TORONTO,MONTRÉAL,2025-05-10,5,Cornwall,CWLL,2025-05-10T23:10:15Z,2025-05-10T23:07:00Z,ARR,goo,3.0
66,True,True,TORONTO,MONTRÉAL,2025-05-10,6,Dorval,DORV,2025-05-10T23:58:45Z,2025-05-10T23:58:00Z,ARR,goo,0.0
66,True,True,TORONTO,MONTRÉAL,2025-05-10,7,Montréal,MTRL,2025-05-11T00:25:53Z,2025-05-11T00:25:00Z,ARR,goo,0.0
46,True,True,TORONTO,OTTAWA,2025-05-10,0,Toronto,TRTO,2025-05-10T19:37:00Z,2025-05-10T19:37:00Z,ARR,goo,0.0
46,True,True,TORONTO,OTTAWA,2025-05-10,1,Oshawa,OSHA,2025-05-10T20:15:10Z,2025-05-10T20:09:00Z,ARR,med,6.0
46,True,True,TORONTO,OTTAWA,2025-05-10,2,Cobourg,CBRG,2025-05-10T20:47:31Z,2025-05-10T20:43:00Z,ARR,goo,4.0
46,True,True,TORONTO,OTTAWA,2025-05-10,3,Kingston,KGON,2025-05-10T21:56:52Z,2025-05-10T21:54:00Z,ARR,goo,2.0
46,True,True,TORONTO,OTTAWA,2025-05-10,4,Brockville,BRKV,2025-05-10T22:44:22Z,2025-05-10T22:40:00Z,ARR,goo,4.0
46,True,True,TORONTO,OTTAWA,2025-05-10,5,Fallowfield,FALL,2025-05-10T23:42:05Z,2025-05-10T23:40:00Z,ARR,goo,2.0
46,True,True,TORONTO,OTTAWA,2025-05-10,6,Ottawa,OTTW,2025-05-11T00:03:09Z,2025-05-11T00:00:00Z,ARR,goo,3.0
28,True,True,OTTAWA,QUÉBEC,2025-05-10,0,Ottawa,OTTW,2025-05-10T20:05:00Z,2025-05-10T20:05:00Z,ARR,goo,0.0
28,True,True,OTTAWA,QUÉBEC,2025-05-10,1,Casselman,CSLM,2025-05-10T20:30:05Z,2025-05-10T20:31:00Z,ARR,goo,0.0
28,True,True,OTTAWA,QUÉBEC,2025-05-10,2,Alexandria,ALEX,2025-05-10T20:52:22Z,2025-05-10T20:53:00Z,ARR,goo,0.0
28,True,True,OTTAWA,QUÉBEC,2025-05-10,3,Coteau,COTO,2025-05-10T21:20:32Z,2025-05-10T21:15:00Z,ARR,med,5.0
28,True,True,OTTAWA,QUÉBEC,2025-05-10,4,Dorval,DORV,2025-05-10T21:57:50Z,2025-05-10T21:38:00Z,ARR,bad,19.0
28,True,True,OTTAWA,QUÉBEC,2025-05-10,5,Montréal,MTRL,2025-05-10T22:23:05Z,2025-05-10T22:04:00Z,ARR,bad,19.0
28,True,True,OTTAWA,QUÉBEC,2025-05-10,6,St. Lambert,SLAM,2025-05-10T22:58:20Z,2025-05-10T22:38:00Z,ARR,bad,20.0
28,True,True,OTTAWA,QUÉBEC,2025-05-10,7,St. Hyacinthe,SHYA,2025-05-10T23:30:53Z,2025-05-10T23:06:00Z,ARR,bad,24.0
28,True,True,OTTAWA,QUÉBEC,2025-05-10,8,Drummondville,DRMV,2025-05-11T00:21:25Z,2025-05-10T23:52:00Z,ARR,bad,29.0
28,True,True,OTTAWA,QUÉBEC,2025-05-10,9,Charny,CHNY,2025-05-11T01:51:08Z,2025-05-11T01:14:00Z,ARR,bad,37.0
28,True,True,OTTAWA,QUÉBEC,2025-05-10,10,Ste-Foy,SFOY,2025-05-11T02:05:46Z,2025-05-11T01:21:00Z,ARR,bad,44.0
28,True,True,OTTAWA,QUÉBEC,2025-05-10,11,Québec,QBEC,2025-05-11T02:36:21Z,2025-05-11T01:48:00Z,ARR,bad,48.0
69,True,True,MONTRÉAL,TORONTO,2025-05-10,0,Montréal,MTRL,2025-05-10T20:38:00Z,2025-05-10T20:38:00Z,ARR,goo,0.0
69,True,True,MONTRÉAL,TORONTO,2025-05-10,1,Dorval,DORV,2025-05-10T21:07:55Z,2025-05-10T21:04:00Z,ARR,goo,3.0
69,True,True,MONTRÉAL,TORONTO,2025-05-10,2,Cornwall,CWLL,2025-05-10T22:05:26Z,2025-05-10T21:53:00Z,ARR,med,12.0
69,True,True,MONTRÉAL,TORONTO,2025-05-10,3,Brockville,BRKV,2025-05-10T22:54:29Z,2025-05-10T22:40:00Z,ARR,med,14.0
69,True,True,MONTRÉAL,TORONTO,2025-05-10,4,Kingston,KGON,2025-05-10T23:46:14Z,2025-05-10T23:24:00Z,ARR,bad,22.0
69,True,True,MONTRÉAL,TORONTO,2025-05-10,5,Oshawa,OSHA,2025-05-11T01:46:42Z,2025-05-11T01:05:00Z,ARR,bad,41.0
69,True,True,MONTRÉAL,TORONTO,2025-05-10,6,Guildwood,GUIL,2025-05-11T02:17:29Z,2025-05-11T01:28:00Z,ARR,bad,49.0
69,True,True,MONTRÉAL,TORONTO,2025-05-10,7,Toronto,TRTO,2025-05-11T02:36:12Z,2025-05-11T01:48:00Z,ARR,bad,48.0
68,True,True,TORONTO,MONTRÉAL,2025-05-10,0,Toronto,TRTO,2025-05-10T21:09:00Z,2025-05-10T21:07:00Z,ARR,goo,2.0
68,True,True,TORONTO,MONTRÉAL,2025-05-10,1,Oshawa,OSHA,2025-05-10T21:59:38Z,2025-05-10T21:39:00Z,ARR,bad,20.0
68,True,True,TORONTO,MONTRÉAL,2025-05-10,2,Cobourg,CBRG,2025-05-10T22:34:40Z,2025-05-10T22:14:00Z,ARR,bad,20.0
68,True,True,TORONTO,MONTRÉAL,2025-05-10,3,Belleville,BLVL,2025-05-10T23:09:28Z,2025-05-10T22:49:00Z,ARR,bad,20.0
68,True,True,TORONTO,MONTRÉAL,2025-05-10,4,Kingston,KGON,2025-05-10T23:46:29Z,2025-05-10T23:26:00Z,ARR,bad,20.0
68,True,True,TORONTO,MONTRÉAL,2025-05-10,5,Brockville,BRKV,2025-05-11T00:33:15Z,2025-05-11T00:11:00Z,ARR,bad,22.0
68,True,True,TORONTO,MONTRÉAL,2025-05-10,6,Cornwall,CWLL,2025-05-11T01:17:54Z,2025-05-11T00:57:00Z,ARR,bad,20.0
68,True,True,TORONTO,MONTRÉAL,2025-05-10,7,Dorval,DORV,2025-05-11T02:05:02Z,2025-05-11T01:47:00Z,ARR,bad,18.0
68,True,True,TORONTO,MONTRÉAL,2025-05-10,8,Montréal,MTRL,2025-05-11T02:33:44Z,2025-05-11T02:14:00Z,ARR,bad,19.0
54,True,True,TORONTO,OTTAWA,2025-05-10,0,Toronto,TRTO,2025-05-10T21:37:52Z,2025-05-10T21:37:00Z,ARR,goo,0.0
54,True,True,TORONTO,OTTAWA,2025-05-10,1,Guildwood,GUIL,2025-05-10T22:00:01Z,2025-05-10T21:55:00Z,ARR,med,5.0
54,True,True,TORONTO,OTTAWA,2025-05-10,2,Oshawa,OSHA,2025-05-10T22:27:59Z,2025-05-10T22:08:00Z,ARR,bad,19.0
54,True,True,TORONTO,OTTAWA,2025-05-10,3,Port Hope,PHOP,2025-05-10T23:04:27Z,2025-05-10T22:37:00Z,ARR,bad,27.0
54,True,True,TORONTO,OTTAWA,2025-05-10,4,Cobourg,CBRG,2025-05-10T23:14:21Z,2025-05-10T22:46:00Z,ARR,bad,28.0
54,True,True,TORONTO,OTTAWA,2025-05-10,5,Trenton Jct.,TRNJ,2025-05-10T23:47:06Z,2025-05-10T23:13:01Z,ARR,bad,34.0
54,True,True,TORONTO,OTTAWA,2025-05-10,6,Belleville,BLVL,2025-05-11T00:00:54Z,2025-05-10T23:27:00Z,ARR,bad,33.0
54,True,True,TORONTO,OTTAWA,2025-05-10,7,Napanee,NAPN,2025-05-11T00:27:26Z,2025-05-10T23:48:00Z,ARR,bad,39.0
54,True,True,TORONTO,OTTAWA,2025-05-10,8,Kingston,KGON,2025-05-11T00:51:01Z,2025-05-11T00:09:00Z,ARR,bad,42.0
54,True,True,TORONTO,OTTAWA,2025-05-10,9,Brockville,BRKV,2025-05-11T01:46:42Z,2025-05-11T00:54:00Z,ARR,bad,52.0
54,True,True,TORONTO,OTTAWA,2025-05-10,10,Smiths Falls,SMTF,2025-05-11T02:17:39Z,2025-05-11T01:25:00Z,ARR,bad,52.0
54,True,True,TORONTO,OTTAWA,2025-05-10,11,Fallowfield,FALL,2025-05-11T02:46:11Z,2025-05-11T01:52:00Z,ARR,bad,54.0
54,True,True,TORONTO,OTTAWA,2025-05-10,12,Ottawa,OTTW,2025-05-11T03:21:26Z,2025-05-11T02:13:00Z,ARR,bad,68.0
75,True,True,TORONTO,WINDSOR,2025-05-10,0,Toronto,TRTO,2025-05-10T21:22:19Z,2025-05-10T21:22:00Z,ARR,goo,0.0
75,True,True,TORONTO,WINDSOR,2025-05-10,1,Oakville,OAKV,2025-05-10T21:50:15Z,2025-05-10T21:45:00Z,ARR,med,5.0
75,True,True,TORONTO,WINDSOR,2025-05-10,2,Aldershot,ALDR,2025-05-10T22:07:48Z,2025-05-10T22:01:00Z,ARR,med,6.0
75,True,True,TORONTO,WINDSOR,2025-05-10,3,Brantford,BRTF,2025-05-10T22:39:24Z,2025-05-10T22:33:00Z,ARR,med,6.0
75,True,True,TORONTO,WINDSOR,2025-05-10,4,Woodstock,WDST,2025-05-10T23:07:35Z,2025-05-10T23:04:00Z,ARR,goo,3.0
75,True,True,TORONTO,WINDSOR,2025-05-10,5,Ingersoll,INGR,2025-05-10T23:19:40Z,2025-05-10T23:19:00Z,ARR,goo,0.0
75,True,True,TORONTO,WINDSOR,2025-05-10,6,London,LNDN,2025-05-10T23:42:27Z,2025-05-10T23:47:00Z,ARR,goo,-4.0
75,True,True,TORONTO,WINDSOR,2025-05-10,7,Glencoe,GLNC,2025-05-11T00:22:31Z,2025-05-11T00:21:00Z,ARR,goo,1.0
75,True,True,TORONTO,WINDSOR,2025-05-10,8,Chatham,CHAT,2025-05-11T01:01:18Z,2025-05-11T00:55:00Z,ARR,med,6.0
75,True,True,TORONTO,WINDSOR,2025-05-10,9,Windsor,WDON,2025-05-11T01:42:47Z,2025-05-11T01:50:00Z,ARR,goo,-7.0
98,True,True,NIAGARA FALLS,TORONTO,2025-05-10,0,Niagara Falls,NIAG,2025-05-10T21:45:00Z,2025-05-10T21:45:00Z,ARR,goo,0.0
98,True,True,NIAGARA FALLS,TORONTO,2025-05-10,1,St. Catharines,SCAT,2025-05-10T22:06:00Z,2025-05-10T22:06:00Z,ARR,goo,0.0
98,True,True,NIAGARA FALLS,TORONTO,2025-05-10,2,Grimsby,GRIM,2025-05-10T22:26:00Z,2025-05-10T22:26:00Z,ARR,goo,0.0
98,True,True,NIAGARA FALLS,TORONTO,2025-05-10,3,Aldershot,ALDR,2025-05-10T23:09:00Z,2025-05-10T23:02:00Z,ARR,med,7.0
98,True,True,NIAGARA FALLS,TORONTO,2025-05-10,4,Oakville,OAKV,2025-05-10T23:47:00Z,2025-05-10T23:16:00Z,ARR,bad,31.0
98,True,True,NIAGARA FALLS,TORONTO,2025-05-10,5,Toronto,TRTO,2025-05-11T00:14:00Z,2025-05-10T23:43:00Z,ARR,bad,31.0
87,True,True,TORONTO,SARNIA,2025-05-10,0,Toronto,TRTO,2025-05-10T21:40:00Z,2025-05-10T21:40:00Z,ARR,goo,0.0
87,True,True,TORONTO,SARNIA,2025-05-10,1,Malton,MALT,2025-05-10T21:59:37Z,2025-05-10T22:00:00Z,ARR,goo,0.0
87,True,True,TORONTO,SARNIA,2025-05-10,2,Brampton,BRMP,2025-05-10T22:15:51Z,2025-05-10T22:12:00Z,ARR,goo,3.0
87,True,True,TORONTO,SARNIA,2025-05-10,3,Georgetown,GEOR,2025-05-10T22:31:40Z,2025-05-10T22:24:00Z,ARR,med,7.0
87,True,True,TORONTO,SARNIA,2025-05-10,4,Guelph,GUEL,2025-05-10T22:50:48Z,2025-05-10T22:49:00Z,ARR,goo,1.0
87,True,True,TORONTO,SARNIA,2025-05-10,5,Kitchener,KITC,2025-05-10T23:12:22Z,2025-05-10T23:16:00Z,ARR,goo,-3.0
87,True,True,TORONTO,SARNIA,2025-05-10,6,Stratford,STRF,2025-05-11T00:04:28Z,2025-05-10T23:57:00Z,ARR,med,7.0
87,True,True,TORONTO,SARNIA,2025-05-10,7,St.Marys,SMYS,2025-05-11T00:35:44Z,2025-05-11T00:25:00Z,ARR,med,10.0
87,True,True,TORONTO,SARNIA,2025-05-10,8,London,LNDN,2025-05-11T01:28:01Z,2025-05-11T01:13:00Z,ARR,bad,15.0
87,True,True,TORONTO,SARNIA,2025-05-10,9,Strathroy,STRR,2025-05-11T02:10:53Z,2025-05-11T01:39:00Z,ARR,bad,31.0
87,True,True,TORONTO,SARNIA,2025-05-10,10,Wyoming,WYOM,2025-05-11T02:37:16Z,2025-05-11T02:07:00Z,ARR,bad,30.0
87,True,True,TORONTO,SARNIA,2025-05-10,11,Sarnia,SARN,2025-05-11T02:55:48Z,2025-05-11T02:24:00Z,ARR,bad,31.0
29,True,True,QUÉBEC,MONTRÉAL,2025-05-10,0,Québec,QBEC,2025-05-10T21:41:00Z,2025-05-10T21:41:00Z,ARR,goo,0.0
29,True,True,QUÉBEC,MONTRÉAL,2025-05-10,1,Ste-Foy,SFOY,2025-05-10T22:07:37Z,2025-05-10T22:06:00Z,ARR,goo,1.0
29,True,True,QUÉBEC,MONTRÉAL,2025-05-10,2,Drummondville,DRMV,2025-05-11T00:04:42Z,2025-05-10T23:42:00Z,ARR,bad,22.0
29,True,True,QUÉBEC,MONTRÉAL,2025-05-10,3,St. Hyacinthe,SHYA,2025-05-11T00:44:52Z,2025-05-11T00:18:00Z,ARR,bad,26.0
29,True,True,QUÉBEC,MONTRÉAL,2025-05-10,4,St. Lambert,SLAM,2025-05-11T01:13:40Z,2025-05-11T00:45:00Z,ARR,bad,28.0
29,True,True,QUÉBEC,MONTRÉAL,2025-05-10,5,Montréal,MTRL,2025-05-11T01:29:37Z,2025-05-11T01:00:00Z,ARR,bad,29.0
59,True,True,OTTAWA,TORONTO,2025-05-10,0,Ottawa,OTTW,2025-05-10T22:03:09Z,2025-05-10T22:03:00Z,ARR,goo,0.0
59,True,True,OTTAWA,TORONTO,2025-05-10,1,Fallowfield,FALL,2025-05-10T22:22:28Z,2025-05-10T22:20:00Z,ARR,goo,2.0
59,True,True,OTTAWA,TORONTO,2025-05-10,2,Smiths Falls,SMTF,2025-05-10T22:50:00Z,2025-05-10T22:51:00Z,ARR,goo,-1.0
59,True,True,OTTAWA,TORONTO,2025-05-10,3,Brockville,BRKV,2025-05-10T23:34:07Z,2025-05-10T23:25:00Z,ARR,med,9.0
59,True,True,OTTAWA,TORONTO,2025-05-10,4,Kingston,KGON,2025-05-11T00:28:07Z,2025-05-11T00:10:00Z,ARR,bad,18.0
59,True,True,OTTAWA,TORONTO,2025-05-10,5,Belleville,BLVL,2025-05-11T01:15:11Z,2025-05-11T00:51:00Z,ARR,bad,24.0
59,True,True,OTTAWA,TORONTO,2025-05-10,6,Trenton Jct.,TRNJ,2025-05-11T01:29:18Z,2025-05-11T01:05:00Z,ARR,bad,24.0
59,True,True,OTTAWA,TORONTO,2025-05-10,7,Cobourg,CBRG,2025-05-11T02:00:35Z,2025-05-11T01:31:00Z,ARR,bad,29.0
59,True,True,OTTAWA,TORONTO,2025-05-10,8,Oshawa,OSHA,2025-05-11T02:41:49Z,2025-05-11T02:05:00Z,ARR,bad,36.0
59,True,True,OTTAWA,TORONTO,2025-05-10,9,Guildwood,GUIL,2025-05-11T03:15:14Z,2025-05-11T02:28:00Z,ARR,bad,47.0
59,True,True,OTTAWA,TORONTO,2025-05-10,10,Toronto,TRTO,2025-05-11T03:35:14Z,2025-05-11T02:48:00Z,ARR,bad,47.0
78,True,True,WINDSOR,TORONTO,2025-05-10,0,Windsor,WDON,2025-05-10T21:40:23Z,2025-05-10T21:40:00Z,ARR,goo,0.0
78,True,True,WINDSOR,TORONTO,2025-05-10,1,Chatham,CHAT,2025-05-10T22:22:10Z,2025-05-10T22:24:00Z,ARR,goo,-1.0
78,True,True,WINDSOR,TORONTO,2025-05-10,2,Glencoe,GLNC,2025-05-10T23:07:30Z,2025-05-10T22:59:00Z,ARR,med,8.0
78,True,True,WINDSOR,TORONTO,2025-05-10,3,London,LNDN,2025-05-10T23:41:18Z,2025-05-10T23:32:00Z,ARR,med,9.0
78,True,True,WINDSOR,TORONTO,2025-05-10,4,Ingersoll,INGR,2025-05-11T00:06:03Z,2025-05-10T23:57:00Z,ARR,med,9.0
78,True,True,WINDSOR,TORONTO,2025-05-10,5,Woodstock,WDST,2025-05-11T00:17:33Z,2025-05-11T00:08:00Z,ARR,med,9.0
78,True,True,WINDSOR,TORONTO,2025-05-10,6,Brantford,BRTF,2025-05-11T00:45:44Z,2025-05-11T00:39:00Z,ARR,med,6.0
78,True,True,WINDSOR,TORONTO,2025-05-10,7,Aldershot,ALDR,2025-05-11T01:16:08Z,2025-05-11T01:09:00Z,ARR,med,7.0
78,True,True,WINDSOR,TORONTO,2025-05-10,8,Oakville,OAKV,2025-05-11T01:31:40Z,2025-05-11T01:24:00Z,ARR,med,7.0
78,True,True,WINDSOR,TORONTO,2025-05-10,9,Toronto,TRTO,2025-05-11T02:00:22Z,2025-05-11T01:50:00Z,ARR,med,10.0
38,True,True,OTTAWA,MONTRÉAL,2025-05-10,0,Ottawa,OTTW,2025-05-10T21:55:28Z,2025-05-10T21:55:00Z,ARR,goo,0.0
38,True,True,OTTAWA,MONTRÉAL,2025-05-10,1,Casselman,CSLM,2025-05-10T22:20:49Z,2025-05-10T22:26:00Z,ARR,goo,-5.0
38,True,True,OTTAWA,MONTRÉAL,2025-05-10,2,Alexandria,ALEX,2025-05-10T22:52:14Z,2025-05-10T22:49:00Z,ARR,goo,3.0
38,True,True,OTTAWA,MONTRÉAL,2025-05-10,3,Dorval,DORV,2025-05-10T23:49:19Z,2025-05-10T23:33:00Z,ARR,bad,16.0
38,True,True,OTTAWA,MONTRÉAL,2025-05-10,4,Montréal,MTRL,2025-05-11T00:13:16Z,2025-05-10T23:57:00Z,ARR,bad,16.0
79,True,False,TORONTO,WINDSOR,2025-05-10,0,Toronto,TRTO,2025-05-10T23:45:25Z,2025-05-10T23:45:00Z,ARR,goo,0.0
79,True,False,TORONTO,WINDSOR,2025-05-10,1,Oakville,OAKV,2025-05-11T00:18:28Z,2025-05-11T00:07:00Z,ARR,med,11.0
79,True,False,TORONTO,WINDSOR,2025-05-10,2,Aldershot,ALDR,2025-05-11T00:35:24Z,2025-05-11T00:22:00Z,ARR,med,13.0
79,True,False,TORONTO,WINDSOR,2025-05-10,3,Brantford,BRTF,2025-05-11T01:09:03Z,2025-05-11T00:50:00Z,ARR,bad,19.0
79,True,False,TORONTO,WINDSOR,2025-05-10,4,Woodstock,WDST,2025-05-11T01:37:19Z,2025-05-11T01:17:00Z,ARR,bad,20.0
79,True,False,TORONTO,WINDSOR,2025-05-10,5,Ingersoll,INGR,2025-05-11T01:48:08Z,2025-05-11T01:30:00Z,ARR,bad,18.0
79,True,False,TORONTO,WINDSOR,2025-05-10,6,London,LNDN,2025-05-11T02:11:34Z,2025-05-11T01:52:00Z,ARR,bad,19.0
79,True,False,TORONTO,WINDSOR,2025-05-10,7,Glencoe,GLNC,2025-05-11T02:46:50Z,2025-05-11T02:25:00Z,ARR,bad,21.0
79,True,False,TORONTO,WINDSOR,2025-05-10,8,Chatham,CHAT,2025-05-11T03:28:00Z,2025-05-11T02:57:00Z,ARR,bad,31.0
79,True,False,TORONTO,WINDSOR,2025-05-10,9,Windsor,WDON,2025-05-11T04:10:48Z,2025-05-11T03:44:00Z,20 mins,bad,26.0
