train_id,departed,arrived,from,to,instance,stop_id,station,code,estimated,scheduled,eta,diff,diffMin
1 (07-23),True,False,TORONTO,VANCOUVER,2025-07-23,0,Toronto,TRTO,2025-07-23T13:55:00Z,2025-07-23T13:55:00Z,ARR,goo,0.0
1 (07-23),True,False,TORONTO,VANCOUVER,2025-07-23,1,Washago,WSHG,2025-07-23T16:47:15Z,2025-07-23T16:25:00Z,ARR,bad,22.0
1 (07-23),True,False,TORONTO,VANCOUVER,2025-07-23,2,South Parry,SPAR,2025-07-23T18:33:28Z,2025-07-23T18:27:00Z,ARR,med,6.0
1 (07-23),True,False,TORONTO,VANCOUVER,2025-07-23,3,Sudbury (Jct.),SUDJ,2025-07-23T20:52:18Z,2025-07-23T20:57:00Z,ARR,goo,-4.0
1 (07-23),True,False,TORONTO,VANCOUVER,2025-07-23,4,Capreol,CAPR,2025-07-23T21:39:03Z,2025-07-23T21:22:00Z,ARR,bad,17.0
1 (07-23),True,False,TORONTO,VANCOUVER,2025-07-23,5,Laforest,LAFO,2025-07-23T22:55:13Z,2025-07-23T22:48:00Z,ARR,med,7.0
1 (07-23),True,False,TORONTO,VANCOUVER,2025-07-23,6,McKee's Camp,MCKC,2025-07-23T23:08:13Z,2025-07-23T23:01:00Z,ARR,med,7.0
1 (07-23),True,False,TORONTO,VANCOUVER,2025-07-23,7,Felix,FELX,2025-07-23T23:28:13Z,2025-07-23T23:21:00Z,ARR,med,7.0
1 (07-23),True,False,TORONTO,VANCOUVER,2025-07-23,8,Ruel,RUEL,2025-07-23T23:35:13Z,2025-07-23T23:28:00Z,ARR,med,7.0
1 (07-23),True,False,TORONTO,VANCOUVER,2025-07-23,9,Westree,WSTR,2025-07-23T23:46:38Z,2025-07-23T23:45:00Z,ARR,goo,1.0
1 (07-23),True,False,TORONTO,VANCOUVER,2025-07-23,10,Gogama,GOGA,2025-07-24T00:14:48Z,2025-07-24T00:18:00Z,ARR,goo,-3.0
1 (07-23),True,False,TORONTO,VANCOUVER,2025-07-23,11,Foleyet,FOLE,2025-07-24T02:01:10Z,2025-07-24T02:44:00Z,ARR,goo,-42.0
1 (07-23),True,False,TORONTO,VANCOUVER,2025-07-23,12,Elsas,ELSA,2025-07-24T03:02:16Z,2025-07-24T03:38:00Z,ARR,goo,-35.0
1 (07-23),True,False,TORONTO,VANCOUVER,2025-07-23,13,Oba,OBAX,2025-07-24T05:38:00Z,2025-07-24T05:38:00Z,ARR,goo,0.0
1 (07-23),True,False,TORONTO,VANCOUVER,2025-07-23,14,Hornepayne,HNPN,2025-07-24T06:13:11Z,2025-07-24T06:29:00Z,ARR,goo,-15.0
1 (07-23),True,False,TORONTO,VANCOUVER,2025-07-23,15,Hillsport,HLSP,2025-07-24T08:08:23Z,2025-07-24T08:05:00Z,ARR,goo,3.0
1 (07-23),True,False,TORONTO,VANCOUVER,2025-07-23,16,Caramat,CARA,2025-07-24T08:53:22Z,2025-07-24T08:55:00Z,ARR,goo,-1.0
1 (07-23),True,False,TORONTO,VANCOUVER,2025-07-23,17,Longlac,LLAC,2025-07-24T10:45:10Z,2025-07-24T09:34:00Z,ARR,bad,71.0
1 (07-23),True,False,TORONTO,VANCOUVER,2025-07-23,18,Nakina,NAKI,2025-07-24T11:33:20Z,2025-07-24T10:13:00Z,ARR,bad,80.0
1 (07-23),True,False,TORONTO,VANCOUVER,2025-07-23,19,Auden,AUDN,2025-07-24T12:38:13Z,2025-07-24T11:19:00Z,ARR,bad,79.0
1 (07-23),True,False,TORONTO,VANCOUVER,2025-07-23,20,Ferland,FERL,2025-07-24T13:15:13Z,2025-07-24T11:56:00Z,ARR,bad,79.0
1 (07-23),True,False,TORONTO,VANCOUVER,2025-07-23,21,Mud River,MUDR,2025-07-24T13:24:13Z,2025-07-24T12:05:00Z,ARR,bad,79.0
1 (07-23),True,False,TORONTO,VANCOUVER,2025-07-23,22,Armstrong,ARMG,2025-07-24T13:45:17Z,2025-07-24T13:17:00Z,ARR,bad,28.0
1 (07-23),True,False,TORONTO,VANCOUVER,2025-07-23,23,Collins,COLL,2025-07-24T14:45:59Z,2025-07-24T13:47:00Z,ARR,bad,58.0
1 (07-23),True,False,TORONTO,VANCOUVER,2025-07-23,24,Allanwater Bridge,ALWB,2025-07-24T15:24:59Z,2025-07-24T14:26:00Z,ARR,bad,58.0
1 (07-23),True,False,TORONTO,VANCOUVER,2025-07-23,25,Flindt Landing,FLTL,2025-07-24T15:40:59Z,2025-07-24T14:42:00Z,ARR,bad,58.0
1 (07-23),True,False,TORONTO,VANCOUVER,2025-07-23,26,Savant Lake,SAVL,2025-07-24T15:57:59Z,2025-07-24T14:59:00Z,ARR,bad,58.0
1 (07-23),True,False,TORONTO,VANCOUVER,2025-07-23,27,Sioux Lookout,SLKT,2025-07-24T18:06:48Z,2025-07-24T16:25:00Z,ARR,bad,101.0
1 (07-23),True,False,TORONTO,VANCOUVER,2025-07-23,28,Richan,RCHN,2025-07-24T20:25:21Z,2025-07-24T18:05:00Z,ARR,bad,140.0
1 (07-23),True,False,TORONTO,VANCOUVER,2025-07-23,29,Red Lake Road,RLRX,2025-07-24T20:56:14Z,2025-07-24T18:41:00Z,ARR,bad,135.0
1 (07-23),True,False,TORONTO,VANCOUVER,2025-07-23,30,Canyon,CNYK,2025-07-24T21:20:05Z,2025-07-24T19:10:00Z,ARR,bad,130.0
1 (07-23),True,False,TORONTO,VANCOUVER,2025-07-23,31,Farlane,FARL,2025-07-24T21:50:27Z,2025-07-24T19:47:00Z,ARR,bad,123.0
1 (07-23),True,False,TORONTO,VANCOUVER,2025-07-23,32,Redditt,RDDT,2025-07-24T22:05:41Z,2025-07-24T20:23:00Z,ARR,bad,102.0
1 (07-23),True,False,TORONTO,VANCOUVER,2025-07-23,33,Minaki,MNKI,2025-07-24T22:27:17Z,2025-07-24T20:44:00Z,ARR,bad,103.0
1 (07-23),True,False,TORONTO,VANCOUVER,2025-07-23,34,Ottermere,OTTM,2025-07-24T22:42:20Z,2025-07-24T21:01:00Z,ARR,bad,101.0
1 (07-23),True,False,TORONTO,VANCOUVER,2025-07-23,35,Malachi,MLCH,2025-07-24T22:45:12Z,2025-07-24T21:07:00Z,ARR,bad,98.0
1 (07-23),True,False,TORONTO,VANCOUVER,2025-07-23,36,Copelands Landing,COPE,2025-07-24T22:46:12Z,2025-07-24T21:09:00Z,ARR,bad,97.0
1 (07-23),True,False,TORONTO,VANCOUVER,2025-07-23,37,Rice Lake,RCLK,2025-07-24T23:06:52Z,2025-07-24T21:12:00Z,ARR,bad,114.0
1 (07-23),True,False,TORONTO,VANCOUVER,2025-07-23,38,Winnitoba,WNTB,2025-07-24T23:15:41Z,2025-07-24T21:26:00Z,ARR,bad,109.0
1 (07-23),True,False,TORONTO,VANCOUVER,2025-07-23,39,Ophir,OPHR,2025-07-24T23:16:29Z,2025-07-24T21:31:00Z,ARR,bad,105.0
1 (07-23),True,False,TORONTO,VANCOUVER,2025-07-23,40,Brereton Lake,BRTL,2025-07-24T23:37:13Z,2025-07-24T21:49:00Z,ARR,bad,108.0
1 (07-23),True,False,TORONTO,VANCOUVER,2025-07-23,41,Elma,ELMA,2025-07-24T23:52:19Z,2025-07-24T22:10:00Z,ARR,bad,102.0
1 (07-23),True,False,TORONTO,VANCOUVER,2025-07-23,42,Winnipeg,WNPG,2025-07-25T01:15:02Z,2025-07-25T00:30:00Z,ARR,bad,45.0
1 (07-23),True,False,TORONTO,VANCOUVER,2025-07-23,43,Portage La Prairie,PLPX,2025-07-25T04:52:20Z,2025-07-25T04:04:00Z,ARR,bad,48.0
1 (07-23),True,False,TORONTO,VANCOUVER,2025-07-23,44,Rivers,RVRS,2025-07-25T06:35:28Z,2025-07-25T06:31:00Z,ARR,goo,4.0
1 (07-23),True,False,TORONTO,VANCOUVER,2025-07-23,45,Melville,MELV,2025-07-25T10:38:34Z,2025-07-25T10:54:00Z,ARR,goo,-15.0
1 (07-23),True,False,TORONTO,VANCOUVER,2025-07-23,46,Watrous,WATR,2025-07-25T14:36:44Z,2025-07-25T13:54:00Z,ARR,bad,42.0
1 (07-23),True,False,TORONTO,VANCOUVER,2025-07-23,47,Saskatoon,SASK,2025-07-25T16:08:35Z,2025-07-25T15:50:00Z,ARR,bad,18.0
1 (07-23),True,False,TORONTO,VANCOUVER,2025-07-23,48,Biggar,BIGG,2025-07-25T18:40:10Z,2025-07-25T18:29:00Z,ARR,med,11.0
1 (07-23),True,False,TORONTO,VANCOUVER,2025-07-23,49,Unity,UNIT,2025-07-25T19:56:26Z,2025-07-25T19:44:00Z,ARR,med,12.0
1 (07-23),True,False,TORONTO,VANCOUVER,2025-07-23,50,Wainwright,WAIN,2025-07-25T22:03:11Z,2025-07-25T22:33:00Z,ARR,goo,-29.0
1 (07-23),True,False,TORONTO,VANCOUVER,2025-07-23,51,Viking,VKNG,2025-07-25T23:23:10Z,2025-07-25T23:26:00Z,ARR,goo,-2.0
1 (07-23),True,False,TORONTO,VANCOUVER,2025-07-23,52,Edmonton,EDMO,2025-07-26T02:02:54Z,2025-07-26T02:50:00Z,ARR,goo,-47.0
1 (07-23),True,False,TORONTO,VANCOUVER,2025-07-23,53,Evansburg,EVAN,2025-07-26T07:36:58Z,2025-07-26T07:29:00Z,ARR,med,7.0
1 (07-23),True,False,TORONTO,VANCOUVER,2025-07-23,54,Edson,EDSN,2025-07-26T09:43:06Z,2025-07-26T08:52:00Z,ARR,bad,51.0
1 (07-23),True,False,TORONTO,VANCOUVER,2025-07-23,55,Hinton,HINT,2025-07-26T13:02:41Z,2025-07-26T09:58:00Z,ARR,bad,184.0
1 (07-23),True,False,TORONTO,VANCOUVER,2025-07-23,56,Jasper,JASP,2025-07-26T14:20:07Z,2025-07-26T12:30:00Z,ARR,bad,110.0
1 (07-23),True,False,TORONTO,VANCOUVER,2025-07-23,57,Valemount,VLMT,2025-07-26T18:14:15Z,2025-07-26T17:50:00Z,ARR,bad,24.0
1 (07-23),True,False,TORONTO,VANCOUVER,2025-07-23,58,Blue River,BLUE,2025-07-26T20:43:30Z,2025-07-26T20:36:00Z,ARR,med,7.0
1 (07-23),True,False,TORONTO,VANCOUVER,2025-07-23,59,Clearwater,CLWT,2025-07-26T22:28:12Z,2025-07-26T22:45:00Z,ARR,goo,-16.0
1 (07-23),True,False,TORONTO,VANCOUVER,2025-07-23,60,Kamloops North,KAMN,2025-07-27T00:35:49Z,2025-07-27T01:28:00Z,ARR,goo,-52.0
1 (07-23),True,False,TORONTO,VANCOUVER,2025-07-23,61,Ashcroft,ASHN,2025-07-27T03:33:57Z,2025-07-27T03:49:00Z,ARR,goo,-15.0
1 (07-23),True,False,TORONTO,VANCOUVER,2025-07-23,62,Boston Bar,BBAR,2025-07-27T06:23:23Z,2025-07-27T06:36:00Z,2h38,goo,-12.0
1 (07-23),True,False,TORONTO,VANCOUVER,2025-07-23,63,Hope,HOPE,2025-07-27T08:06:00Z,2025-07-27T08:06:00Z,4h20,goo,0.0
1 (07-23),True,False,TORONTO,VANCOUVER,2025-07-23,64,Chilliwack,CHIL,&mdash;,2025-07-27T08:30:00Z,&mdash;,,
1 (07-23),True,False,TORONTO,VANCOUVER,2025-07-23,65,Abbotsford,ABBO,&mdash;,2025-07-27T09:00:00Z,&mdash;,,
1 (07-23),True,False,TORONTO,VANCOUVER,2025-07-23,66,Vancouver,VCVR,&mdash;,2025-07-27T15:00:00Z,&mdash;,,
692 (07-24),True,True,CHURCHILL,WINNIPEG,2025-07-24,0,Churchill,CHUR,2025-07-25T01:30:00Z,2025-07-25T01:30:00Z,ARR,goo,0.0
692 (07-24),True,True,CHURCHILL,WINNIPEG,2025-07-24,1,Tidal,TIDL,2025-07-25T01:57:11Z,2025-07-25T01:52:00Z,ARR,med,5.0
692 (07-24),True,True,CHURCHILL,WINNIPEG,2025-07-24,2,Chesnaye,CHES,2025-07-25T02:57:56Z,2025-07-25T02:38:00Z,ARR,bad,19.0
692 (07-24),True,True,CHURCHILL,WINNIPEG,2025-07-24,3,M'Clintock,MCLI,2025-07-25T04:16:42Z,2025-07-25T03:54:00Z,ARR,bad,22.0
692 (07-24),True,True,CHURCHILL,WINNIPEG,2025-07-24,4,O'Day,ODAY,2025-07-25T05:01:42Z,2025-07-25T04:39:00Z,ARR,bad,22.0
692 (07-24),True,True,CHURCHILL,WINNIPEG,2025-07-24,5,Herchmer,HERC,2025-07-25T05:40:42Z,2025-07-25T05:18:00Z,ARR,bad,22.0
692 (07-24),True,True,CHURCHILL,WINNIPEG,2025-07-24,6,Thibaudeau,THIB,2025-07-25T06:41:14Z,2025-07-25T06:44:00Z,ARR,goo,-2.0
692 (07-24),True,True,CHURCHILL,WINNIPEG,2025-07-24,7,Weir River,WEIR,2025-07-25T07:26:04Z,2025-07-25T07:46:00Z,ARR,goo,-19.0
692 (07-24),True,True,CHURCHILL,WINNIPEG,2025-07-24,8,Amery,AMRY,2025-07-25T08:10:16Z,2025-07-25T08:37:00Z,ARR,goo,-26.0
692 (07-24),True,True,CHURCHILL,WINNIPEG,2025-07-24,9,Bird,BIRD,2025-07-25T09:04:07Z,2025-07-25T09:00:00Z,ARR,goo,4.0
692 (07-24),True,True,CHURCHILL,WINNIPEG,2025-07-24,10,Gillam,GILL,2025-07-25T09:50:17Z,2025-07-25T10:00:00Z,ARR,goo,-9.0
692 (07-24),True,True,CHURCHILL,WINNIPEG,2025-07-24,11,Wivenhoe,WVHO,2025-07-25T11:15:07Z,2025-07-25T11:16:00Z,ARR,goo,0.0
692 (07-24),True,True,CHURCHILL,WINNIPEG,2025-07-24,12,Ilford,ILFO,2025-07-25T12:02:09Z,2025-07-25T11:53:00Z,ARR,med,9.0
692 (07-24),True,True,CHURCHILL,WINNIPEG,2025-07-24,13,Pit Siding,PITS,2025-07-25T13:25:34Z,2025-07-25T12:54:00Z,ARR,bad,31.0
692 (07-24),True,True,CHURCHILL,WINNIPEG,2025-07-24,14,Bridgar,BRGR,2025-07-25T14:44:15Z,2025-07-25T14:16:00Z,ARR,bad,28.0
692 (07-24),True,True,CHURCHILL,WINNIPEG,2025-07-24,15,Pikwitonei,PIKW,2025-07-25T14:55:15Z,2025-07-25T14:27:00Z,ARR,bad,28.0
692 (07-24),True,True,CHURCHILL,WINNIPEG,2025-07-24,16,Sipiwesk,SIPI,2025-07-25T15:30:17Z,2025-07-25T14:54:00Z,ARR,bad,36.0
692 (07-24),True,True,CHURCHILL,WINNIPEG,2025-07-24,17,Thompson,THOM,2025-07-25T18:23:19Z,2025-07-25T16:30:00Z,ARR,bad,113.0
692 (07-24),True,True,CHURCHILL,WINNIPEG,2025-07-24,18,Leven,LEVN,2025-07-25T20:46:06Z,2025-07-25T21:05:00Z,ARR,goo,-18.0
692 (07-24),True,True,CHURCHILL,WINNIPEG,2025-07-24,19,Thicket Portage,THKP,2025-07-25T21:26:13Z,2025-07-25T21:22:00Z,ARR,goo,4.0
692 (07-24),True,True,CHURCHILL,WINNIPEG,2025-07-24,20,Hockin,HOCK,2025-07-25T21:24:25Z,2025-07-25T21:37:00Z,ARR,goo,-12.0
692 (07-24),True,True,CHURCHILL,WINNIPEG,2025-07-24,21,Odhill,ODHI,2025-07-25T22:06:06Z,2025-07-25T22:21:00Z,ARR,goo,-14.0
692 (07-24),True,True,CHURCHILL,WINNIPEG,2025-07-24,22,Lyddal,LYDD,2025-07-25T22:23:16Z,2025-07-25T22:43:00Z,ARR,goo,-19.0
692 (07-24),True,True,CHURCHILL,WINNIPEG,2025-07-24,23,Wabowden,WBDN,2025-07-25T22:48:52Z,2025-07-25T23:11:00Z,ARR,goo,-22.0
692 (07-24),True,True,CHURCHILL,WINNIPEG,2025-07-24,24,Pipun,PIPN,2025-07-25T23:16:17Z,2025-07-25T23:34:00Z,ARR,goo,-17.0
692 (07-24),True,True,CHURCHILL,WINNIPEG,2025-07-24,25,Ponton,PNTN,2025-07-25T23:59:01Z,2025-07-26T00:17:00Z,ARR,goo,-17.0
692 (07-24),True,True,CHURCHILL,WINNIPEG,2025-07-24,26,Turnbull,TURN,2025-07-26T00:30:23Z,2025-07-26T00:49:00Z,ARR,goo,-18.0
692 (07-24),True,True,CHURCHILL,WINNIPEG,2025-07-24,27,Wekusko,WEKU,2025-07-26T00:57:00Z,2025-07-26T01:16:00Z,ARR,goo,-19.0
692 (07-24),True,True,CHURCHILL,WINNIPEG,2025-07-24,28,Dyce,DYCE,2025-07-26T01:50:53Z,2025-07-26T02:00:00Z,ARR,goo,-9.0
692 (07-24),True,True,CHURCHILL,WINNIPEG,2025-07-24,29,Dering,DERI,2025-07-26T02:32:11Z,2025-07-26T02:39:00Z,ARR,goo,-6.0
692 (07-24),True,True,CHURCHILL,WINNIPEG,2025-07-24,30,Cormorant,CORM,2025-07-26T02:47:00Z,2025-07-26T02:47:00Z,ARR,goo,0.0
692 (07-24),True,True,CHURCHILL,WINNIPEG,2025-07-24,31,Halcrow,HALC,2025-07-26T02:58:00Z,2025-07-26T02:58:00Z,ARR,goo,0.0
692 (07-24),True,True,CHURCHILL,WINNIPEG,2025-07-24,32,Orok,OROK,2025-07-26T03:32:47Z,2025-07-26T03:52:00Z,ARR,goo,-19.0
692 (07-24),True,True,CHURCHILL,WINNIPEG,2025-07-24,33,The Pas,TPAS,2025-07-26T04:04:23Z,2025-07-26T04:30:00Z,ARR,goo,-25.0
692 (07-24),True,True,CHURCHILL,WINNIPEG,2025-07-24,34,Hudson Bay,HBAY,2025-07-26T10:27:00Z,2025-07-26T10:27:00Z,ARR,goo,0.0
692 (07-24),True,True,CHURCHILL,WINNIPEG,2025-07-24,35,Reserve,RSRV,2025-07-26T11:09:00Z,2025-07-26T11:09:00Z,ARR,goo,0.0
692 (07-24),True,True,CHURCHILL,WINNIPEG,2025-07-24,36,Endeavour,ENDV,2025-07-26T11:55:00Z,2025-07-26T11:55:00Z,ARR,goo,0.0
692 (07-24),True,True,CHURCHILL,WINNIPEG,2025-07-24,37,Sturgis,STGS,2025-07-26T12:24:00Z,2025-07-26T12:24:00Z,ARR,goo,0.0
692 (07-24),True,True,CHURCHILL,WINNIPEG,2025-07-24,38,Canora,CANO,2025-07-26T13:08:00Z,2025-07-26T13:08:00Z,ARR,goo,0.0
692 (07-24),True,True,CHURCHILL,WINNIPEG,2025-07-24,39,Mikado,MIKA,2025-07-26T13:30:00Z,2025-07-26T13:30:00Z,ARR,goo,0.0
692 (07-24),True,True,CHURCHILL,WINNIPEG,2025-07-24,40,Veregin,VERE,2025-07-26T13:43:00Z,2025-07-26T13:43:00Z,ARR,goo,0.0
692 (07-24),True,True,CHURCHILL,WINNIPEG,2025-07-24,41,Kamsack,KAMS,2025-07-26T13:58:00Z,2025-07-26T13:58:00Z,ARR,goo,0.0
692 (07-24),True,True,CHURCHILL,WINNIPEG,2025-07-24,42,Togo,TOGO,2025-07-26T14:37:00Z,2025-07-26T14:37:00Z,ARR,goo,0.0
692 (07-24),True,True,CHURCHILL,WINNIPEG,2025-07-24,43,Roblin,RBLN,2025-07-26T15:14:00Z,2025-07-26T15:14:00Z,ARR,goo,0.0
692 (07-24),True,True,CHURCHILL,WINNIPEG,2025-07-24,44,Grandview,GVIE,2025-07-26T16:12:00Z,2025-07-26T16:12:00Z,ARR,goo,0.0
692 (07-24),True,True,CHURCHILL,WINNIPEG,2025-07-24,45,Gilbert Plains,GLBP,2025-07-26T16:32:00Z,2025-07-26T16:32:00Z,ARR,goo,0.0
692 (07-24),True,True,CHURCHILL,WINNIPEG,2025-07-24,46,Dauphin,DAUP,2025-07-26T17:45:24Z,2025-07-26T16:56:00Z,ARR,bad,49.0
692 (07-24),True,True,CHURCHILL,WINNIPEG,2025-07-24,47,Ochre River,OCHR,2025-07-26T18:24:57Z,2025-07-26T17:20:00Z,ARR,bad,64.0
692 (07-24),True,True,CHURCHILL,WINNIPEG,2025-07-24,48,Laurier,LRIE,2025-07-26T18:45:53Z,2025-07-26T17:38:00Z,ARR,bad,67.0
692 (07-24),True,True,CHURCHILL,WINNIPEG,2025-07-24,49,Mccreary,MCCR,2025-07-26T19:04:34Z,2025-07-26T17:54:00Z,ARR,bad,70.0
692 (07-24),True,True,CHURCHILL,WINNIPEG,2025-07-24,50,Glenella,GLNA,2025-07-26T19:51:45Z,2025-07-26T18:34:00Z,ARR,bad,77.0
692 (07-24),True,True,CHURCHILL,WINNIPEG,2025-07-24,51,Plumas,PLUM,2025-07-26T20:18:04Z,2025-07-26T19:06:00Z,ARR,bad,72.0
692 (07-24),True,True,CHURCHILL,WINNIPEG,2025-07-24,52,Gladstone,GSTO,2025-07-26T21:06:55Z,2025-07-26T19:51:00Z,ARR,bad,75.0
692 (07-24),True,True,CHURCHILL,WINNIPEG,2025-07-24,53,Portage La Prairie,PLPX,2025-07-27T00:13:28Z,2025-07-26T20:37:00Z,ARR,bad,216.0
692 (07-24),True,True,CHURCHILL,WINNIPEG,2025-07-24,54,Winnipeg,WNPG,2025-07-27T01:49:14Z,2025-07-26T21:45:00Z,ARR,bad,244.0
2 (07-25),True,False,VANCOUVER,TORONTO,2025-07-25,0,Vancouver,VCVR,2025-07-25T22:00:00Z,2025-07-25T22:00:00Z,ARR,goo,0.0
2 (07-25),True,False,VANCOUVER,TORONTO,2025-07-25,1,Mission Harbour,MSNH,2025-07-26T00:28:48Z,2025-07-25T23:35:00Z,ARR,bad,53.0
2 (07-25),True,False,VANCOUVER,TORONTO,2025-07-25,2,Agassiz,AGAS,2025-07-26T01:26:42Z,2025-07-26T00:03:00Z,ARR,bad,83.0
2 (07-25),True,False,VANCOUVER,TORONTO,2025-07-25,3,Katz,KATZ,2025-07-26T01:45:50Z,2025-07-26T00:17:00Z,ARR,bad,88.0
2 (07-25),True,False,VANCOUVER,TORONTO,2025-07-25,4,North Bend,NBND,2025-07-26T03:47:00Z,2025-07-26T02:46:00Z,ARR,bad,61.0
2 (07-25),True,False,VANCOUVER,TORONTO,2025-07-25,5,Ashcroft,ASHN,2025-07-26T06:06:32Z,2025-07-26T05:32:00Z,ARR,bad,34.0
2 (07-25),True,False,VANCOUVER,TORONTO,2025-07-25,6,Kamloops North,KAMN,2025-07-26T07:45:19Z,2025-07-26T07:17:00Z,ARR,bad,28.0
2 (07-25),True,False,VANCOUVER,TORONTO,2025-07-25,7,Clearwater,CLWT,2025-07-26T10:08:12Z,2025-07-26T09:58:00Z,ARR,med,10.0
2 (07-25),True,False,VANCOUVER,TORONTO,2025-07-25,8,Blue River,BLUE,2025-07-26T12:19:28Z,2025-07-26T12:11:00Z,ARR,med,8.0
2 (07-25),True,False,VANCOUVER,TORONTO,2025-07-25,9,Valemount,VLMT,2025-07-26T14:17:14Z,2025-07-26T14:01:00Z,ARR,bad,16.0
2 (07-25),True,False,VANCOUVER,TORONTO,2025-07-25,10,Jasper,JASP,2025-07-26T16:31:43Z,2025-07-26T17:00:00Z,ARR,goo,-28.0
2 (07-25),True,False,VANCOUVER,TORONTO,2025-07-25,11,Hinton,HINT,2025-07-26T20:27:02Z,2025-07-26T19:45:00Z,ARR,bad,42.0
2 (07-25),True,False,VANCOUVER,TORONTO,2025-07-25,12,Edson,EDSN,2025-07-26T21:32:49Z,2025-07-26T21:19:00Z,ARR,med,13.0
2 (07-25),True,False,VANCOUVER,TORONTO,2025-07-25,13,Evansburg,EVAN,2025-07-26T23:17:34Z,2025-07-26T22:28:00Z,ARR,bad,49.0
2 (07-25),True,False,VANCOUVER,TORONTO,2025-07-25,14,Edmonton,EDMO,2025-07-27T01:14:49Z,2025-07-27T00:50:00Z,ARR,bad,24.0
2 (07-25),True,False,VANCOUVER,TORONTO,2025-07-25,15,Viking,VKNG,2025-07-27T05:46:20Z,2025-07-27T03:53:00Z,2h01,bad,113.0
2 (07-25),True,False,VANCOUVER,TORONTO,2025-07-25,16,Wainwright,WAIN,2025-07-27T08:07:20Z,2025-07-27T06:14:00Z,4h22,bad,113.0
2 (07-25),True,False,VANCOUVER,TORONTO,2025-07-25,17,Unity,UNIT,&mdash;,2025-07-27T07:47:00Z,&mdash;,,
2 (07-25),True,False,VANCOUVER,TORONTO,2025-07-25,18,Biggar,BIGG,&mdash;,2025-07-27T09:21:00Z,&mdash;,,
2 (07-25),True,False,VANCOUVER,TORONTO,2025-07-25,19,Saskatoon,SASK,&mdash;,2025-07-27T11:57:00Z,&mdash;,,
2 (07-25),True,False,VANCOUVER,TORONTO,2025-07-25,20,Watrous,WATR,&mdash;,2025-07-27T14:26:00Z,&mdash;,,
692 (07-26),True,False,CHURCHILL,WINNIPEG,2025-07-26,0,Churchill,CHUR,2025-07-27T01:34:38Z,2025-07-27T01:30:00Z,ARR,goo,4.0
692 (07-26),True,False,CHURCHILL,WINNIPEG,2025-07-26,1,Tidal,TIDL,2025-07-27T02:02:10Z,2025-07-27T01:52:00Z,ARR,med,10.0
692 (07-26),True,False,CHURCHILL,WINNIPEG,2025-07-26,2,Chesnaye,CHES,2025-07-27T02:55:32Z,2025-07-27T02:38:00Z,ARR,bad,17.0
692 (07-26),True,False,CHURCHILL,WINNIPEG,2025-07-26,3,M'Clintock,MCLI,2025-07-27T04:11:32Z,2025-07-27T03:54:00Z,26 mins,bad,17.0
692 (07-26),True,False,CHURCHILL,WINNIPEG,2025-07-26,4,O'Day,ODAY,2025-07-27T04:56:32Z,2025-07-27T04:39:00Z,1h11,bad,17.0
692 (07-26),True,False,CHURCHILL,WINNIPEG,2025-07-26,5,Herchmer,HERC,2025-07-27T05:35:32Z,2025-07-27T05:18:00Z,1h50,bad,17.0
692 (07-26),True,False,CHURCHILL,WINNIPEG,2025-07-26,6,Thibaudeau,THIB,2025-07-27T07:01:32Z,2025-07-27T06:44:00Z,3h16,bad,17.0
692 (07-26),True,False,CHURCHILL,WINNIPEG,2025-07-26,7,Weir River,WEIR,2025-07-27T08:03:32Z,2025-07-27T07:46:00Z,4h18,bad,17.0
692 (07-26),True,False,CHURCHILL,WINNIPEG,2025-07-26,8,Amery,AMRY,2025-07-27T08:54:32Z,2025-07-27T08:37:00Z,5h09,bad,17.0
692 (07-26),True,False,CHURCHILL,WINNIPEG,2025-07-26,9,Bird,BIRD,2025-07-27T09:17:32Z,2025-07-27T09:00:00Z,5h32,bad,17.0
692 (07-26),True,False,CHURCHILL,WINNIPEG,2025-07-26,10,Gillam,GILL,2025-07-27T10:17:32Z,2025-07-27T10:00:00Z,6h32,bad,17.0
692 (07-26),True,False,CHURCHILL,WINNIPEG,2025-07-26,11,Wivenhoe,WVHO,2025-07-27T11:33:32Z,2025-07-27T11:16:00Z,7h48,bad,17.0
692 (07-26),True,False,CHURCHILL,WINNIPEG,2025-07-26,12,Ilford,ILFO,2025-07-27T12:10:32Z,2025-07-27T11:53:00Z,8h25,bad,17.0
692 (07-26),True,False,CHURCHILL,WINNIPEG,2025-07-26,13,Pit Siding,PITS,2025-07-27T13:11:32Z,2025-07-27T12:54:00Z,9h26,bad,17.0
692 (07-26),True,False,CHURCHILL,WINNIPEG,2025-07-26,14,Bridgar,BRGR,2025-07-27T14:33:32Z,2025-07-27T14:16:00Z,10h48,bad,17.0
692 (07-26),True,False,CHURCHILL,WINNIPEG,2025-07-26,15,Pikwitonei,PIKW,2025-07-27T14:44:32Z,2025-07-27T14:27:00Z,10h59,bad,17.0
692 (07-26),True,False,CHURCHILL,WINNIPEG,2025-07-26,16,Sipiwesk,SIPI,2025-07-27T15:11:32Z,2025-07-27T14:54:00Z,11h26,bad,17.0
692 (07-26),True,False,CHURCHILL,WINNIPEG,2025-07-26,17,Thompson,THOM,2025-07-27T16:47:32Z,2025-07-27T16:30:00Z,13h02,bad,17.0
15,True,True,HALIFAX,MONTRÉAL,2025-07-25,0,Halifax,HLFX,2025-07-25T14:36:25Z,2025-07-25T14:30:00Z,ARR,med,6.0
15,True,True,HALIFAX,MONTRÉAL,2025-07-25,1,Truro,TRUR,2025-07-25T16:20:51Z,2025-07-25T15:56:00Z,ARR,bad,24.0
15,True,True,HALIFAX,MONTRÉAL,2025-07-25,2,Springhill Jct,SPRJ,2025-07-25T18:04:14Z,2025-07-25T17:12:00Z,ARR,bad,52.0
15,True,True,HALIFAX,MONTRÉAL,2025-07-25,3,Amherst,AMHS,2025-07-25T18:25:16Z,2025-07-25T17:35:00Z,ARR,bad,50.0
15,True,True,HALIFAX,MONTRÉAL,2025-07-25,4,Sackville,SACK,2025-07-25T18:47:36Z,2025-07-25T17:52:00Z,ARR,bad,55.0
15,True,True,HALIFAX,MONTRÉAL,2025-07-25,5,Moncton,MCTN,2025-07-25T19:31:35Z,2025-07-25T18:47:00Z,ARR,bad,44.0
15,True,True,HALIFAX,MONTRÉAL,2025-07-25,6,Rogersville,RGRV,2025-07-25T21:08:01Z,2025-07-25T20:01:00Z,ARR,bad,67.0
15,True,True,HALIFAX,MONTRÉAL,2025-07-25,7,Miramichi,MIRA,2025-07-25T21:58:17Z,2025-07-25T20:52:00Z,ARR,bad,66.0
15,True,True,HALIFAX,MONTRÉAL,2025-07-25,8,Bathurst,BTRS,2025-07-25T23:41:31Z,2025-07-25T22:48:00Z,ARR,bad,53.0
15,True,True,HALIFAX,MONTRÉAL,2025-07-25,9,Petit Rocher,PROC,2025-07-26T00:08:51Z,2025-07-25T23:17:00Z,ARR,bad,51.0
15,True,True,HALIFAX,MONTRÉAL,2025-07-25,10,Jacquet River,JACR,2025-07-26T00:47:26Z,2025-07-25T23:40:01Z,ARR,bad,67.0
15,True,True,HALIFAX,MONTRÉAL,2025-07-25,11,Charlo,CHLO,2025-07-26T01:41:33Z,2025-07-26T00:04:00Z,ARR,bad,97.0
15,True,True,HALIFAX,MONTRÉAL,2025-07-25,12,Campbellton,CBTN,2025-07-26T02:39:53Z,2025-07-26T01:08:00Z,ARR,bad,91.0
15,True,True,HALIFAX,MONTRÉAL,2025-07-25,13,Matapedia,MTPD,2025-07-26T03:27:18Z,2025-07-26T01:50:00Z,ARR,bad,97.0
15,True,True,HALIFAX,MONTRÉAL,2025-07-25,14,Causapscal,CAUS,2025-07-26T05:06:39Z,2025-07-26T02:39:00Z,ARR,bad,147.0
15,True,True,HALIFAX,MONTRÉAL,2025-07-25,15,Amqui,AMQU,2025-07-26T05:33:17Z,2025-07-26T02:59:00Z,ARR,bad,154.0
15,True,True,HALIFAX,MONTRÉAL,2025-07-25,16,Sayabec,SAYA,2025-07-26T06:09:49Z,2025-07-26T03:21:00Z,ARR,bad,168.0
15,True,True,HALIFAX,MONTRÉAL,2025-07-25,17,Mont-Joli,MJLI,2025-07-26T07:33:19Z,2025-07-26T04:51:00Z,ARR,bad,162.0
15,True,True,HALIFAX,MONTRÉAL,2025-07-25,18,Rimouski,RMSK,2025-07-26T08:10:34Z,2025-07-26T05:24:00Z,ARR,bad,166.0
15,True,True,HALIFAX,MONTRÉAL,2025-07-25,19,Trois Pistoles,TPIS,2025-07-26T09:27:11Z,2025-07-26T06:31:00Z,ARR,bad,176.0
15,True,True,HALIFAX,MONTRÉAL,2025-07-25,20,Rivière-Du-Loup,RDLX,2025-07-26T10:14:50Z,2025-07-26T07:18:00Z,ARR,bad,176.0
15,True,True,HALIFAX,MONTRÉAL,2025-07-25,21,La Pocatière,LPOC,2025-07-26T10:55:39Z,2025-07-26T08:05:00Z,ARR,bad,170.0
15,True,True,HALIFAX,MONTRÉAL,2025-07-25,22,Montmagny,MMGY,2025-07-26T11:34:09Z,2025-07-26T08:39:00Z,ARR,bad,175.0
15,True,True,HALIFAX,MONTRÉAL,2025-07-25,23,Ste-Foy,SFOY,2025-07-26T12:54:56Z,2025-07-26T10:13:00Z,ARR,bad,161.0
15,True,True,HALIFAX,MONTRÉAL,2025-07-25,24,Drummondville,DRMV,2025-07-26T15:00:05Z,2025-07-26T12:20:00Z,ARR,bad,160.0
15,True,True,HALIFAX,MONTRÉAL,2025-07-25,25,St. Hyacinthe,SHYA,2025-07-26T15:43:35Z,2025-07-26T13:00:00Z,ARR,bad,163.0
15,True,True,HALIFAX,MONTRÉAL,2025-07-25,26,St. Lambert,SLAM,2025-07-26T16:14:43Z,2025-07-26T13:34:00Z,ARR,bad,160.0
15,True,True,HALIFAX,MONTRÉAL,2025-07-25,27,Montréal,MTRL,2025-07-26T16:38:16Z,2025-07-26T13:53:00Z,ARR,bad,165.0
6,True,True,PRINCE RUPERT,JASPER,2025-07-25,0,Prince Rupert,PRUP,2025-07-25T15:01:57Z,2025-07-25T15:00:00Z,ARR,goo,1.0
6,True,True,PRINCE RUPERT,JASPER,2025-07-25,1,Cassiar Cannery,CASS,2025-07-25T15:52:45Z,2025-07-25T15:20:00Z,ARR,bad,32.0
6,True,True,PRINCE RUPERT,JASPER,2025-07-25,2,Kwinitsa,KWIN,2025-07-25T16:45:57Z,2025-07-25T16:17:00Z,ARR,bad,28.0
6,True,True,PRINCE RUPERT,JASPER,2025-07-25,3,Terrace,TRRC,2025-07-25T17:41:24Z,2025-07-25T17:20:00Z,ARR,bad,21.0
6,True,True,PRINCE RUPERT,JASPER,2025-07-25,4,Usk,USKX,2025-07-25T18:14:39Z,2025-07-25T17:48:00Z,ARR,bad,26.0
6,True,True,PRINCE RUPERT,JASPER,2025-07-25,5,Pacific,PACI,2025-07-25T18:29:51Z,2025-07-25T18:07:00Z,ARR,bad,22.0
6,True,True,PRINCE RUPERT,JASPER,2025-07-25,6,Dorreen,DORR,2025-07-25T18:37:44Z,2025-07-25T18:19:00Z,ARR,bad,18.0
6,True,True,PRINCE RUPERT,JASPER,2025-07-25,7,Cedarvale,CEDA,2025-07-25T18:56:25Z,2025-07-25T18:44:00Z,ARR,med,12.0
6,True,True,PRINCE RUPERT,JASPER,2025-07-25,8,Kitwanga,KITW,2025-07-25T19:15:33Z,2025-07-25T18:48:01Z,ARR,bad,27.0
6,True,True,PRINCE RUPERT,JASPER,2025-07-25,9,New Hazelton,NHAZ,2025-07-25T19:56:43Z,2025-07-25T19:30:00Z,ARR,bad,26.0
6,True,True,PRINCE RUPERT,JASPER,2025-07-25,10,Smithers,SMTR,2025-07-25T21:04:48Z,2025-07-25T21:14:00Z,ARR,goo,-9.0
6,True,True,PRINCE RUPERT,JASPER,2025-07-25,11,Telkwa,TELK,2025-07-25T21:58:05Z,2025-07-25T21:37:00Z,ARR,bad,21.0
6,True,True,PRINCE RUPERT,JASPER,2025-07-25,12,Houston,HOUS,2025-07-25T22:38:05Z,2025-07-25T22:22:00Z,ARR,bad,16.0
6,True,True,PRINCE RUPERT,JASPER,2025-07-25,13,Burns Lake,BRNL,2025-07-25T23:39:39Z,2025-07-25T23:32:00Z,ARR,med,7.0
6,True,True,PRINCE RUPERT,JASPER,2025-07-25,14,Endako,ENDA,2025-07-26T00:25:15Z,2025-07-26T00:25:00Z,ARR,goo,0.0
6,True,True,PRINCE RUPERT,JASPER,2025-07-25,15,Fort Fraser,FFRA,2025-07-26T00:51:52Z,2025-07-26T00:57:00Z,ARR,goo,-5.0
6,True,True,PRINCE RUPERT,JASPER,2025-07-25,16,Vanderhoof,VDRH,2025-07-26T01:24:20Z,2025-07-26T01:35:00Z,ARR,goo,-10.0
6,True,True,PRINCE RUPERT,JASPER,2025-07-25,17,Prince George,PGEO,2025-07-26T03:11:56Z,2025-07-26T03:29:00Z,ARR,goo,-17.0
6,True,True,PRINCE RUPERT,JASPER,2025-07-25,18,Willow River,WILR,2025-07-26T15:48:00Z,2025-07-26T15:48:00Z,ARR,goo,0.0
6,True,True,PRINCE RUPERT,JASPER,2025-07-25,19,Aleza Lake,ALZL,2025-07-26T16:14:53Z,2025-07-26T16:17:00Z,ARR,goo,-2.0
6,True,True,PRINCE RUPERT,JASPER,2025-07-25,20,Upper Fraser,UFRZ,2025-07-26T16:25:00Z,2025-07-26T16:25:00Z,ARR,goo,0.0
6,True,True,PRINCE RUPERT,JASPER,2025-07-25,21,Mcgregor,MCGR,2025-07-26T16:33:00Z,2025-07-26T16:33:00Z,ARR,goo,0.0
6,True,True,PRINCE RUPERT,JASPER,2025-07-25,22,Sinclair Mills,SINM,2025-07-26T16:37:22Z,2025-07-26T16:44:00Z,ARR,goo,-6.0
6,True,True,PRINCE RUPERT,JASPER,2025-07-25,23,Hutton,HUTT,2025-07-26T16:48:00Z,2025-07-26T16:48:00Z,ARR,goo,0.0
6,True,True,PRINCE RUPERT,JASPER,2025-07-25,24,Longworth,LWTH,2025-07-26T16:59:00Z,2025-07-26T16:59:00Z,ARR,goo,0.0
6,True,True,PRINCE RUPERT,JASPER,2025-07-25,25,Penny,PENN,2025-07-26T17:13:00Z,2025-07-26T17:13:00Z,ARR,goo,0.0
6,True,True,PRINCE RUPERT,JASPER,2025-07-25,26,Bend,BEND,2025-07-26T17:32:00Z,2025-07-26T17:32:00Z,ARR,goo,0.0
6,True,True,PRINCE RUPERT,JASPER,2025-07-25,27,Dome Creek,DOMC,2025-07-26T17:32:07Z,2025-07-26T17:33:07Z,ARR,goo,-1.0
6,True,True,PRINCE RUPERT,JASPER,2025-07-25,28,Loos,LOOS,2025-07-26T18:02:52Z,2025-07-26T18:07:00Z,ARR,goo,-4.0
6,True,True,PRINCE RUPERT,JASPER,2025-07-25,29,Goat River,GOAT,2025-07-26T18:23:26Z,2025-07-26T18:22:00Z,ARR,goo,1.0
6,True,True,PRINCE RUPERT,JASPER,2025-07-25,30,Mcbride,MCBR,2025-07-26T19:23:21Z,2025-07-26T19:18:00Z,ARR,med,5.0
6,True,True,PRINCE RUPERT,JASPER,2025-07-25,31,Dunster,DNST,2025-07-26T20:06:22Z,2025-07-26T19:35:00Z,ARR,bad,31.0
6,True,True,PRINCE RUPERT,JASPER,2025-07-25,32,Harvey,HRVY,2025-07-26T20:41:26Z,2025-07-26T20:24:00Z,ARR,bad,17.0
6,True,True,PRINCE RUPERT,JASPER,2025-07-25,33,Jasper,JASP,2025-07-26T22:35:43Z,2025-07-26T23:00:00Z,ARR,goo,-24.0
691,True,True,THE PAS,CHURCHILL,2025-07-25,0,The Pas,TPAS,2025-07-25T07:30:00Z,2025-07-25T07:30:00Z,ARR,goo,0.0
691,True,True,THE PAS,CHURCHILL,2025-07-25,1,Orok,OROK,2025-07-25T08:15:19Z,2025-07-25T08:07:00Z,ARR,med,8.0
691,True,True,THE PAS,CHURCHILL,2025-07-25,2,Halcrow,HALC,2025-07-25T09:06:23Z,2025-07-25T09:01:00Z,ARR,med,5.0
691,True,True,THE PAS,CHURCHILL,2025-07-25,3,Cormorant,CORM,2025-07-25T09:15:14Z,2025-07-25T09:12:00Z,ARR,goo,3.0
691,True,True,THE PAS,CHURCHILL,2025-07-25,4,Dering,DERI,2025-07-25T09:21:56Z,2025-07-25T09:20:00Z,ARR,goo,1.0
691,True,True,THE PAS,CHURCHILL,2025-07-25,5,Dyce,DYCE,2025-07-25T10:00:56Z,2025-07-25T09:59:00Z,ARR,goo,1.0
691,True,True,THE PAS,CHURCHILL,2025-07-25,6,Wekusko,WEKU,2025-07-25T11:02:30Z,2025-07-25T10:43:00Z,ARR,bad,19.0
691,True,True,THE PAS,CHURCHILL,2025-07-25,7,Turnbull,TURN,2025-07-25T11:30:44Z,2025-07-25T11:10:00Z,ARR,bad,20.0
691,True,True,THE PAS,CHURCHILL,2025-07-25,8,Ponton,PNTN,2025-07-25T12:02:50Z,2025-07-25T11:42:00Z,ARR,bad,20.0
691,True,True,THE PAS,CHURCHILL,2025-07-25,9,Pipun,PIPN,2025-07-25T12:46:03Z,2025-07-25T12:25:00Z,ARR,bad,21.0
691,True,True,THE PAS,CHURCHILL,2025-07-25,10,Wabowden,WBDN,2025-07-25T13:00:07Z,2025-07-25T12:48:00Z,ARR,med,12.0
691,True,True,THE PAS,CHURCHILL,2025-07-25,11,Lyddal,LYDD,2025-07-25T13:26:08Z,2025-07-25T13:16:00Z,ARR,med,10.0
691,True,True,THE PAS,CHURCHILL,2025-07-25,12,Odhill,ODHI,2025-07-25T13:46:16Z,2025-07-25T13:38:00Z,ARR,med,8.0
691,True,True,THE PAS,CHURCHILL,2025-07-25,13,Hockin,HOCK,2025-07-25T14:22:54Z,2025-07-25T14:22:00Z,ARR,goo,0.0
691,True,True,THE PAS,CHURCHILL,2025-07-25,14,Thicket Portage,THKP,2025-07-25T14:37:54Z,2025-07-25T14:37:00Z,ARR,goo,0.0
691,True,True,THE PAS,CHURCHILL,2025-07-25,15,Leven,LEVN,2025-07-25T15:04:45Z,2025-07-25T14:54:00Z,ARR,med,10.0
691,True,True,THE PAS,CHURCHILL,2025-07-25,16,Thompson,THOM,2025-07-25T18:33:19Z,2025-07-25T17:00:00Z,ARR,bad,93.0
691,True,True,THE PAS,CHURCHILL,2025-07-25,17,Sipiwesk,SIPI,2025-07-25T23:31:41Z,2025-07-25T23:35:00Z,ARR,goo,-3.0
691,True,True,THE PAS,CHURCHILL,2025-07-25,18,Pikwitonei,PIKW,2025-07-26T00:02:00Z,2025-07-26T00:02:00Z,ARR,goo,0.0
691,True,True,THE PAS,CHURCHILL,2025-07-25,19,Bridgar,BRGR,2025-07-26T00:13:00Z,2025-07-26T00:13:00Z,ARR,goo,0.0
691,True,True,THE PAS,CHURCHILL,2025-07-25,20,Pit Siding,PITS,2025-07-26T01:40:12Z,2025-07-26T01:35:00Z,ARR,med,5.0
691,True,True,THE PAS,CHURCHILL,2025-07-25,21,Ilford,ILFO,2025-07-26T02:39:20Z,2025-07-26T02:36:00Z,ARR,goo,3.0
691,True,True,THE PAS,CHURCHILL,2025-07-25,22,Wivenhoe,WVHO,2025-07-26T03:40:57Z,2025-07-26T03:13:00Z,ARR,bad,27.0
691,True,True,THE PAS,CHURCHILL,2025-07-25,23,Gillam,GILL,2025-07-26T04:25:01Z,2025-07-26T04:00:01Z,ARR,bad,25.0
691,True,True,THE PAS,CHURCHILL,2025-07-25,24,Bird,BIRD,2025-07-26T05:34:14Z,2025-07-26T05:29:00Z,ARR,med,5.0
691,True,True,THE PAS,CHURCHILL,2025-07-25,25,Amery,AMRY,2025-07-26T06:07:00Z,2025-07-26T05:51:00Z,ARR,bad,16.0
691,True,True,THE PAS,CHURCHILL,2025-07-25,26,Weir River,WEIR,2025-07-26T07:06:56Z,2025-07-26T06:43:00Z,ARR,bad,23.0
691,True,True,THE PAS,CHURCHILL,2025-07-25,27,Thibaudeau,THIB,2025-07-26T07:53:51Z,2025-07-26T08:00:00Z,ARR,goo,-6.0
691,True,True,THE PAS,CHURCHILL,2025-07-25,28,Herchmer,HERC,2025-07-26T09:26:00Z,2025-07-26T09:26:00Z,ARR,goo,0.0
691,True,True,THE PAS,CHURCHILL,2025-07-25,29,O'Day,ODAY,2025-07-26T10:05:00Z,2025-07-26T10:05:00Z,ARR,goo,0.0
691,True,True,THE PAS,CHURCHILL,2025-07-25,30,M'Clintock,MCLI,2025-07-26T10:50:00Z,2025-07-26T10:50:00Z,ARR,goo,0.0
691,True,True,THE PAS,CHURCHILL,2025-07-25,31,Chesnaye,CHES,2025-07-26T12:06:00Z,2025-07-26T12:06:00Z,ARR,goo,0.0
691,True,True,THE PAS,CHURCHILL,2025-07-25,32,Tidal,TIDL,2025-07-26T12:04:35Z,2025-07-26T13:37:00Z,ARR,goo,-92.0
691,True,True,THE PAS,CHURCHILL,2025-07-25,33,Churchill,CHUR,2025-07-26T12:52:43Z,2025-07-26T14:00:00Z,ARR,goo,-67.0
5,True,True,JASPER,PRINCE RUPERT,2025-07-25,0,Jasper,JASP,2025-07-25T16:48:55Z,2025-07-25T16:45:00Z,ARR,goo,3.0
5,True,True,JASPER,PRINCE RUPERT,2025-07-25,1,Harvey,HRVY,2025-07-25T18:28:44Z,2025-07-25T18:38:00Z,ARR,goo,-9.0
5,True,True,JASPER,PRINCE RUPERT,2025-07-25,2,Dunster,DNST,2025-07-25T19:02:17Z,2025-07-25T19:12:00Z,ARR,goo,-9.0
5,True,True,JASPER,PRINCE RUPERT,2025-07-25,3,Mcbride,MCBR,2025-07-25T19:45:57Z,2025-07-25T19:44:00Z,ARR,goo,1.0
5,True,True,JASPER,PRINCE RUPERT,2025-07-25,4,Goat River,GOAT,2025-07-25T20:43:28Z,2025-07-25T20:41:00Z,ARR,goo,2.0
5,True,True,JASPER,PRINCE RUPERT,2025-07-25,5,Loos,LOOS,2025-07-25T20:58:16Z,2025-07-25T20:58:00Z,ARR,goo,0.0
5,True,True,JASPER,PRINCE RUPERT,2025-07-25,6,Dome Creek,DOMC,2025-07-25T21:59:41Z,2025-07-25T21:32:00Z,ARR,bad,27.0
5,True,True,JASPER,PRINCE RUPERT,2025-07-25,7,Bend,BEND,2025-07-25T22:02:37Z,2025-07-25T21:36:00Z,ARR,bad,26.0
5,True,True,JASPER,PRINCE RUPERT,2025-07-25,8,Penny,PENN,2025-07-25T22:20:05Z,2025-07-25T21:56:00Z,ARR,bad,24.0
5,True,True,JASPER,PRINCE RUPERT,2025-07-25,9,Longworth,LWTH,2025-07-25T22:32:40Z,2025-07-25T22:11:00Z,ARR,bad,21.0
5,True,True,JASPER,PRINCE RUPERT,2025-07-25,10,Hutton,HUTT,2025-07-25T22:45:40Z,2025-07-25T22:24:00Z,ARR,bad,21.0
5,True,True,JASPER,PRINCE RUPERT,2025-07-25,11,Sinclair Mills,SINM,2025-07-25T22:51:40Z,2025-07-25T22:30:00Z,ARR,bad,21.0
5,True,True,JASPER,PRINCE RUPERT,2025-07-25,12,Mcgregor,MCGR,2025-07-25T23:02:02Z,2025-07-25T22:43:00Z,ARR,bad,19.0
5,True,True,JASPER,PRINCE RUPERT,2025-07-25,13,Upper Fraser,UFRZ,2025-07-25T23:11:02Z,2025-07-25T22:52:00Z,ARR,bad,19.0
5,True,True,JASPER,PRINCE RUPERT,2025-07-25,14,Aleza Lake,ALZL,2025-07-25T23:16:05Z,2025-07-25T23:01:00Z,ARR,bad,15.0
5,True,True,JASPER,PRINCE RUPERT,2025-07-25,15,Willow River,WILR,2025-07-25T23:37:34Z,2025-07-25T23:31:00Z,ARR,med,6.0
5,True,True,JASPER,PRINCE RUPERT,2025-07-25,16,Prince George,PGEO,2025-07-26T00:06:58Z,2025-07-26T00:08:00Z,ARR,goo,-1.0
5,True,True,JASPER,PRINCE RUPERT,2025-07-25,17,Vanderhoof,VDRH,2025-07-26T16:55:00Z,2025-07-26T16:55:00Z,ARR,goo,0.0
5,True,True,JASPER,PRINCE RUPERT,2025-07-25,18,Fort Fraser,FFRA,2025-07-26T17:32:44Z,2025-07-26T17:32:00Z,ARR,goo,0.0
5,True,True,JASPER,PRINCE RUPERT,2025-07-25,19,Endako,ENDA,2025-07-26T18:00:24Z,2025-07-26T17:50:00Z,ARR,med,10.0
5,True,True,JASPER,PRINCE RUPERT,2025-07-25,20,Burns Lake,BRNL,2025-07-26T19:00:57Z,2025-07-26T18:58:00Z,ARR,goo,2.0
5,True,True,JASPER,PRINCE RUPERT,2025-07-25,21,Houston,HOUS,2025-07-26T20:10:43Z,2025-07-26T20:08:00Z,ARR,goo,2.0
5,True,True,JASPER,PRINCE RUPERT,2025-07-25,22,Telkwa,TELK,2025-07-26T20:53:45Z,2025-07-26T20:52:00Z,ARR,goo,1.0
5,True,True,JASPER,PRINCE RUPERT,2025-07-25,23,Smithers,SMTR,2025-07-26T21:06:37Z,2025-07-26T21:10:00Z,ARR,goo,-3.0
5,True,True,JASPER,PRINCE RUPERT,2025-07-25,24,New Hazelton,NHAZ,2025-07-26T22:25:20Z,2025-07-26T22:37:00Z,ARR,goo,-11.0
5,True,True,JASPER,PRINCE RUPERT,2025-07-25,25,Kitwanga,KITW,2025-07-26T23:06:23Z,2025-07-26T23:27:00Z,ARR,goo,-20.0
5,True,True,JASPER,PRINCE RUPERT,2025-07-25,26,Cedarvale,CEDA,2025-07-26T23:24:29Z,2025-07-26T23:51:00Z,ARR,goo,-26.0
5,True,True,JASPER,PRINCE RUPERT,2025-07-25,27,Dorreen,DORR,2025-07-26T23:47:58Z,2025-07-27T00:12:00Z,ARR,goo,-24.0
5,True,True,JASPER,PRINCE RUPERT,2025-07-25,28,Pacific,PACI,2025-07-26T23:55:08Z,2025-07-27T00:21:00Z,ARR,goo,-25.0
5,True,True,JASPER,PRINCE RUPERT,2025-07-25,29,Usk,USKX,2025-07-27T00:14:27Z,2025-07-27T00:40:00Z,ARR,goo,-25.0
5,True,True,JASPER,PRINCE RUPERT,2025-07-25,30,Terrace,TRRC,2025-07-27T00:31:30Z,2025-07-27T01:00:00Z,ARR,goo,-28.0
5,True,True,JASPER,PRINCE RUPERT,2025-07-25,31,Kwinitsa,KWIN,2025-07-27T02:00:10Z,2025-07-27T02:09:00Z,ARR,goo,-8.0
5,True,True,JASPER,PRINCE RUPERT,2025-07-25,32,Cassiar Cannery,CASS,2025-07-27T02:36:53Z,2025-07-27T02:45:00Z,ARR,goo,-8.0
5,True,True,JASPER,PRINCE RUPERT,2025-07-25,33,Prince Rupert,PRUP,2025-07-27T03:05:41Z,2025-07-27T03:25:00Z,ARR,goo,-19.0
14,True,True,MONTRÉAL,HALIFAX,2025-07-25,0,Montréal,MTRL,2025-07-25T23:45:00Z,2025-07-25T22:30:00Z,ARR,bad,75.0
14,True,True,MONTRÉAL,HALIFAX,2025-07-25,1,St. Lambert,SLAM,2025-07-26T00:36:41Z,2025-07-25T22:45:00Z,ARR,bad,111.0
14,True,True,MONTRÉAL,HALIFAX,2025-07-25,2,St. Hyacinthe,SHYA,2025-07-26T01:18:01Z,2025-07-25T23:23:00Z,ARR,bad,115.0
14,True,True,MONTRÉAL,HALIFAX,2025-07-25,3,Drummondville,DRMV,2025-07-26T01:56:59Z,2025-07-26T00:04:00Z,ARR,bad,112.0
14,True,True,MONTRÉAL,HALIFAX,2025-07-25,4,Ste-Foy,SFOY,2025-07-26T03:22:29Z,2025-07-26T01:48:00Z,ARR,bad,94.0
14,True,True,MONTRÉAL,HALIFAX,2025-07-25,5,Montmagny,MMGY,2025-07-26T05:05:33Z,2025-07-26T03:17:00Z,ARR,bad,108.0
14,True,True,MONTRÉAL,HALIFAX,2025-07-25,6,La Pocatière,LPOC,2025-07-26T05:33:24Z,2025-07-26T03:50:00Z,ARR,bad,103.0
14,True,True,MONTRÉAL,HALIFAX,2025-07-25,7,Rivière-Du-Loup,RDLX,2025-07-26T06:19:33Z,2025-07-26T04:31:00Z,ARR,bad,108.0
14,True,True,MONTRÉAL,HALIFAX,2025-07-25,8,Trois Pistoles,TPIS,2025-07-26T07:04:00Z,2025-07-26T05:15:00Z,ARR,bad,109.0
14,True,True,MONTRÉAL,HALIFAX,2025-07-25,9,Rimouski,RMSK,2025-07-26T08:55:49Z,2025-07-26T06:24:00Z,ARR,bad,151.0
14,True,True,MONTRÉAL,HALIFAX,2025-07-25,10,Mont-Joli,MJLI,2025-07-26T09:38:58Z,2025-07-26T07:04:00Z,ARR,bad,154.0
14,True,True,MONTRÉAL,HALIFAX,2025-07-25,11,Sayabec,SAYA,2025-07-26T11:04:31Z,2025-07-26T08:09:00Z,ARR,bad,175.0
14,True,True,MONTRÉAL,HALIFAX,2025-07-25,12,Amqui,AMQU,2025-07-26T11:38:48Z,2025-07-26T08:30:00Z,ARR,bad,188.0
14,True,True,MONTRÉAL,HALIFAX,2025-07-25,13,Causapscal,CAUS,2025-07-26T12:08:54Z,2025-07-26T08:52:00Z,ARR,bad,196.0
14,True,True,MONTRÉAL,HALIFAX,2025-07-25,14,Matapedia,MTPD,2025-07-26T13:03:48Z,2025-07-26T09:38:00Z,ARR,bad,205.0
14,True,True,MONTRÉAL,HALIFAX,2025-07-25,15,Campbellton,CBTN,2025-07-26T13:41:45Z,2025-07-26T10:23:00Z,ARR,bad,198.0
14,True,True,MONTRÉAL,HALIFAX,2025-07-25,16,Charlo,CHLO,2025-07-26T14:51:16Z,2025-07-26T11:06:00Z,ARR,bad,225.0
14,True,True,MONTRÉAL,HALIFAX,2025-07-25,17,Jacquet River,JACR,2025-07-26T15:51:13Z,2025-07-26T11:30:00Z,ARR,bad,261.0
14,True,True,MONTRÉAL,HALIFAX,2025-07-25,18,Petit Rocher,PROC,2025-07-26T16:27:23Z,2025-07-26T11:53:00Z,ARR,bad,274.0
14,True,True,MONTRÉAL,HALIFAX,2025-07-25,19,Bathurst,BTRS,2025-07-26T16:49:19Z,2025-07-26T12:42:00Z,ARR,bad,247.0
14,True,True,MONTRÉAL,HALIFAX,2025-07-25,20,Miramichi,MIRA,2025-07-26T18:28:21Z,2025-07-26T14:33:00Z,ARR,bad,235.0
14,True,True,MONTRÉAL,HALIFAX,2025-07-25,21,Rogersville,RGRV,2025-07-26T19:29:47Z,2025-07-26T15:28:00Z,ARR,bad,241.0
14,True,True,MONTRÉAL,HALIFAX,2025-07-25,22,Moncton,MCTN,2025-07-26T20:56:41Z,2025-07-26T16:38:00Z,ARR,bad,258.0
14,True,True,MONTRÉAL,HALIFAX,2025-07-25,23,Sackville,SACK,2025-07-26T22:13:43Z,2025-07-26T17:38:00Z,ARR,bad,275.0
14,True,True,MONTRÉAL,HALIFAX,2025-07-25,24,Amherst,AMHS,2025-07-26T22:27:37Z,2025-07-26T17:54:00Z,ARR,bad,273.0
14,True,True,MONTRÉAL,HALIFAX,2025-07-25,25,Springhill Jct,SPRJ,2025-07-26T22:57:42Z,2025-07-26T18:18:00Z,ARR,bad,279.0
14,True,True,MONTRÉAL,HALIFAX,2025-07-25,26,Truro,TRUR,2025-07-27T00:06:02Z,2025-07-26T19:32:00Z,ARR,bad,274.0
14,True,True,MONTRÉAL,HALIFAX,2025-07-25,27,Halifax,HLFX,2025-07-27T01:53:58Z,2025-07-26T21:06:00Z,ARR,bad,287.0
24,True,True,OTTAWA,QUÉBEC,2025-07-26,0,Ottawa,OTTW,2025-07-26T14:26:00Z,2025-07-26T14:13:00Z,ARR,med,13.0
24,True,True,OTTAWA,QUÉBEC,2025-07-26,1,Alexandria,ALEX,2025-07-26T15:23:58Z,2025-07-26T15:03:00Z,ARR,bad,20.0
24,True,True,OTTAWA,QUÉBEC,2025-07-26,2,Coteau,COTO,2025-07-26T15:49:17Z,2025-07-26T15:26:00Z,ARR,bad,23.0
24,True,True,OTTAWA,QUÉBEC,2025-07-26,3,Dorval,DORV,2025-07-26T16:15:57Z,2025-07-26T15:50:00Z,ARR,bad,25.0
24,True,True,OTTAWA,QUÉBEC,2025-07-26,4,Montréal,MTRL,2025-07-26T16:43:10Z,2025-07-26T16:15:00Z,ARR,bad,28.0
24,True,True,OTTAWA,QUÉBEC,2025-07-26,5,St. Lambert,SLAM,2025-07-26T17:29:45Z,2025-07-26T16:58:00Z,ARR,bad,31.0
24,True,True,OTTAWA,QUÉBEC,2025-07-26,6,St. Hyacinthe,SHYA,2025-07-26T18:01:09Z,2025-07-26T17:26:00Z,ARR,bad,35.0
24,True,True,OTTAWA,QUÉBEC,2025-07-26,7,Drummondville,DRMV,2025-07-26T18:44:03Z,2025-07-26T17:54:00Z,ARR,bad,50.0
24,True,True,OTTAWA,QUÉBEC,2025-07-26,8,Charny,CHNY,2025-07-26T20:26:30Z,2025-07-26T19:38:00Z,ARR,bad,48.0
24,True,True,OTTAWA,QUÉBEC,2025-07-26,9,Ste-Foy,SFOY,2025-07-26T20:33:58Z,2025-07-26T19:45:00Z,ARR,bad,48.0
24,True,True,OTTAWA,QUÉBEC,2025-07-26,10,Québec,QBEC,2025-07-26T21:04:52Z,2025-07-26T20:12:00Z,ARR,bad,52.0
37,True,True,QUÉBEC,OTTAWA,2025-07-26,0,Québec,QBEC,2025-07-26T16:33:45Z,2025-07-26T16:32:00Z,ARR,goo,1.0
37,True,True,QUÉBEC,OTTAWA,2025-07-26,1,Ste-Foy,SFOY,2025-07-26T17:01:00Z,2025-07-26T16:57:00Z,ARR,goo,4.0
37,True,True,QUÉBEC,OTTAWA,2025-07-26,2,Drummondville,DRMV,2025-07-26T19:03:13Z,2025-07-26T18:44:00Z,ARR,bad,19.0
37,True,True,QUÉBEC,OTTAWA,2025-07-26,3,St. Hyacinthe,SHYA,2025-07-26T19:58:17Z,2025-07-26T19:12:00Z,ARR,bad,46.0
37,True,True,QUÉBEC,OTTAWA,2025-07-26,4,St. Lambert,SLAM,2025-07-26T20:32:03Z,2025-07-26T19:39:00Z,ARR,bad,53.0
37,True,True,QUÉBEC,OTTAWA,2025-07-26,5,Montréal,MTRL,2025-07-26T20:46:34Z,2025-07-26T19:54:00Z,ARR,bad,52.0
37,True,True,QUÉBEC,OTTAWA,2025-07-26,6,Dorval,DORV,2025-07-26T21:35:00Z,2025-07-26T20:54:00Z,ARR,bad,41.0
37,True,True,QUÉBEC,OTTAWA,2025-07-26,7,Coteau,COTO,2025-07-26T22:10:38Z,2025-07-26T21:23:00Z,ARR,bad,47.0
37,True,True,QUÉBEC,OTTAWA,2025-07-26,8,Alexandria,ALEX,2025-07-26T22:29:49Z,2025-07-26T21:45:00Z,ARR,bad,44.0
37,True,True,QUÉBEC,OTTAWA,2025-07-26,9,Ottawa,OTTW,2025-07-26T23:14:17Z,2025-07-26T22:37:00Z,ARR,bad,37.0
41,True,True,OTTAWA,TORONTO,2025-07-26,0,Ottawa,OTTW,2025-07-26T09:21:00Z,2025-07-26T09:21:00Z,ARR,goo,0.0
41,True,True,OTTAWA,TORONTO,2025-07-26,1,Fallowfield,FALL,2025-07-26T09:36:02Z,2025-07-26T09:38:00Z,ARR,goo,-1.0
41,True,True,OTTAWA,TORONTO,2025-07-26,2,Smiths Falls,SMTF,2025-07-26T10:05:45Z,2025-07-26T10:08:00Z,ARR,goo,-2.0
41,True,True,OTTAWA,TORONTO,2025-07-26,3,Brockville,BRKV,2025-07-26T10:37:11Z,2025-07-26T10:40:00Z,ARR,goo,-2.0
41,True,True,OTTAWA,TORONTO,2025-07-26,4,Kingston,KGON,2025-07-26T11:45:25Z,2025-07-26T11:25:00Z,ARR,bad,20.0
41,True,True,OTTAWA,TORONTO,2025-07-26,5,Napanee,NAPN,2025-07-26T12:13:48Z,2025-07-26T11:49:00Z,ARR,bad,24.0
41,True,True,OTTAWA,TORONTO,2025-07-26,6,Belleville,BLVL,2025-07-26T12:40:41Z,2025-07-26T12:07:00Z,ARR,bad,33.0
41,True,True,OTTAWA,TORONTO,2025-07-26,7,Trenton Jct.,TRNJ,2025-07-26T12:53:50Z,2025-07-26T12:20:00Z,ARR,bad,33.0
41,True,True,OTTAWA,TORONTO,2025-07-26,8,Cobourg,CBRG,2025-07-26T13:26:22Z,2025-07-26T12:44:00Z,ARR,bad,42.0
41,True,True,OTTAWA,TORONTO,2025-07-26,9,Oshawa,OSHA,2025-07-26T14:09:47Z,2025-07-26T13:19:00Z,ARR,bad,50.0
41,True,True,OTTAWA,TORONTO,2025-07-26,10,Toronto,TRTO,2025-07-26T14:45:56Z,2025-07-26T14:02:00Z,ARR,bad,43.0
50,True,True,TORONTO,OTTAWA,2025-07-26,0,Toronto,TRTO,2025-07-26T10:32:52Z,2025-07-26T10:32:00Z,ARR,goo,0.0
50,True,True,TORONTO,OTTAWA,2025-07-26,1,Guildwood,GUIL,2025-07-26T10:49:51Z,2025-07-26T10:50:00Z,ARR,goo,0.0
50,True,True,TORONTO,OTTAWA,2025-07-26,2,Oshawa,OSHA,2025-07-26T11:08:13Z,2025-07-26T11:08:00Z,ARR,goo,0.0
50,True,True,TORONTO,OTTAWA,2025-07-26,3,Cobourg,CBRG,2025-07-26T11:43:56Z,2025-07-26T11:43:00Z,ARR,goo,0.0
50,True,True,TORONTO,OTTAWA,2025-07-26,4,Belleville,BLVL,2025-07-26T12:17:22Z,2025-07-26T12:18:00Z,ARR,goo,0.0
50,True,True,TORONTO,OTTAWA,2025-07-26,5,Kingston,KGON,2025-07-26T13:03:30Z,2025-07-26T12:57:00Z,ARR,med,6.0
50,True,True,TORONTO,OTTAWA,2025-07-26,6,Brockville,BRKV,2025-07-26T14:09:46Z,2025-07-26T13:54:00Z,ARR,bad,15.0
50,True,True,TORONTO,OTTAWA,2025-07-26,7,Smiths Falls,SMTF,2025-07-26T14:36:11Z,2025-07-26T14:29:00Z,ARR,med,7.0
50,True,True,TORONTO,OTTAWA,2025-07-26,8,Fallowfield,FALL,2025-07-26T15:12:42Z,2025-07-26T15:01:00Z,ARR,med,11.0
50,True,True,TORONTO,OTTAWA,2025-07-26,9,Ottawa,OTTW,2025-07-26T15:33:50Z,2025-07-26T15:21:00Z,ARR,med,12.0
52,True,True,TORONTO,OTTAWA,2025-07-26,0,Toronto,TRTO,2025-07-26T12:32:00Z,2025-07-26T12:32:00Z,ARR,goo,0.0
52,True,True,TORONTO,OTTAWA,2025-07-26,1,Guildwood,GUIL,2025-07-26T12:48:25Z,2025-07-26T12:50:00Z,ARR,goo,-1.0
52,True,True,TORONTO,OTTAWA,2025-07-26,2,Oshawa,OSHA,2025-07-26T13:08:14Z,2025-07-26T13:09:00Z,ARR,goo,0.0
52,True,True,TORONTO,OTTAWA,2025-07-26,3,Cobourg,CBRG,2025-07-26T13:44:04Z,2025-07-26T13:44:00Z,ARR,goo,0.0
52,True,True,TORONTO,OTTAWA,2025-07-26,4,Belleville,BLVL,2025-07-26T14:18:23Z,2025-07-26T14:20:00Z,ARR,goo,-1.0
52,True,True,TORONTO,OTTAWA,2025-07-26,5,Kingston,KGON,2025-07-26T15:15:51Z,2025-07-26T15:00:00Z,ARR,bad,15.0
52,True,True,TORONTO,OTTAWA,2025-07-26,6,Brockville,BRKV,2025-07-26T16:12:14Z,2025-07-26T15:57:00Z,ARR,bad,15.0
52,True,True,TORONTO,OTTAWA,2025-07-26,7,Smiths Falls,SMTF,2025-07-26T16:45:39Z,2025-07-26T16:35:00Z,ARR,med,10.0
52,True,True,TORONTO,OTTAWA,2025-07-26,8,Fallowfield,FALL,2025-07-26T17:17:58Z,2025-07-26T17:11:00Z,ARR,med,6.0
52,True,True,TORONTO,OTTAWA,2025-07-26,9,Ottawa,OTTW,2025-07-26T17:36:31Z,2025-07-26T17:32:00Z,ARR,goo,4.0
53,True,True,OTTAWA,TORONTO,2025-07-26,0,Ottawa,OTTW,2025-07-26T15:43:00Z,2025-07-26T15:43:00Z,ARR,goo,0.0
53,True,True,OTTAWA,TORONTO,2025-07-26,1,Fallowfield,FALL,2025-07-26T15:58:53Z,2025-07-26T16:00:00Z,ARR,goo,-1.0
53,True,True,OTTAWA,TORONTO,2025-07-26,2,Brockville,BRKV,2025-07-26T17:05:55Z,2025-07-26T17:01:00Z,ARR,goo,4.0
53,True,True,OTTAWA,TORONTO,2025-07-26,3,Gananoque,GANA,2025-07-26T17:37:10Z,2025-07-26T17:31:00Z,ARR,med,6.0
53,True,True,OTTAWA,TORONTO,2025-07-26,4,Kingston,KGON,2025-07-26T18:02:36Z,2025-07-26T17:54:00Z,ARR,med,8.0
53,True,True,OTTAWA,TORONTO,2025-07-26,5,Belleville,BLVL,2025-07-26T18:50:31Z,2025-07-26T18:36:00Z,ARR,med,14.0
53,True,True,OTTAWA,TORONTO,2025-07-26,6,Cobourg,CBRG,2025-07-26T19:32:26Z,2025-07-26T19:12:00Z,ARR,bad,20.0
53,True,True,OTTAWA,TORONTO,2025-07-26,7,Oshawa,OSHA,2025-07-26T20:13:19Z,2025-07-26T19:48:00Z,ARR,bad,25.0
53,True,True,OTTAWA,TORONTO,2025-07-26,8,Toronto,TRTO,2025-07-26T22:01:01Z,2025-07-26T20:33:00Z,ARR,bad,88.0
60,True,True,TORONTO,MONTRÉAL,2025-07-26,0,Toronto,TRTO,2025-07-26T10:32:40Z,2025-07-26T10:32:00Z,ARR,goo,0.0
60,True,True,TORONTO,MONTRÉAL,2025-07-26,1,Guildwood,GUIL,2025-07-26T10:49:46Z,2025-07-26T10:50:00Z,ARR,goo,0.0
60,True,True,TORONTO,MONTRÉAL,2025-07-26,2,Oshawa,OSHA,2025-07-26T11:07:57Z,2025-07-26T11:08:00Z,ARR,goo,0.0
60,True,True,TORONTO,MONTRÉAL,2025-07-26,3,Cobourg,CBRG,2025-07-26T11:43:34Z,2025-07-26T11:43:00Z,ARR,goo,0.0
60,True,True,TORONTO,MONTRÉAL,2025-07-26,4,Belleville,BLVL,2025-07-26T12:17:20Z,2025-07-26T12:18:00Z,ARR,goo,0.0
60,True,True,TORONTO,MONTRÉAL,2025-07-26,5,Kingston,KGON,2025-07-26T13:03:17Z,2025-07-26T12:57:00Z,ARR,med,6.0
60,True,True,TORONTO,MONTRÉAL,2025-07-26,6,Cornwall,CWLL,2025-07-26T14:49:43Z,2025-07-26T14:38:00Z,ARR,med,11.0
60,True,True,TORONTO,MONTRÉAL,2025-07-26,7,Dorval,DORV,2025-07-26T15:48:37Z,2025-07-26T15:25:00Z,ARR,bad,23.0
60,True,True,TORONTO,MONTRÉAL,2025-07-26,8,Montréal,MTRL,2025-07-26T16:13:39Z,2025-07-26T15:50:00Z,ARR,bad,23.0
61,True,True,MONTRÉAL,TORONTO,2025-07-26,0,Montréal,MTRL,2025-07-26T10:45:00Z,2025-07-26T10:45:00Z,ARR,goo,0.0
61,True,True,MONTRÉAL,TORONTO,2025-07-26,1,Dorval,DORV,2025-07-26T11:10:32Z,2025-07-26T11:08:00Z,ARR,goo,2.0
61,True,True,MONTRÉAL,TORONTO,2025-07-26,2,Cornwall,CWLL,2025-07-26T12:01:19Z,2025-07-26T12:01:00Z,ARR,goo,0.0
61,True,True,MONTRÉAL,TORONTO,2025-07-26,3,Kingston,KGON,2025-07-26T13:38:06Z,2025-07-26T13:29:00Z,ARR,med,9.0
61,True,True,MONTRÉAL,TORONTO,2025-07-26,4,Belleville,BLVL,2025-07-26T14:18:23Z,2025-07-26T14:11:00Z,ARR,med,7.0
61,True,True,MONTRÉAL,TORONTO,2025-07-26,5,Oshawa,OSHA,2025-07-26T15:23:38Z,2025-07-26T15:19:00Z,ARR,goo,4.0
61,True,True,MONTRÉAL,TORONTO,2025-07-26,6,Guildwood,GUIL,2025-07-26T15:49:22Z,2025-07-26T15:43:00Z,ARR,med,6.0
61,True,True,MONTRÉAL,TORONTO,2025-07-26,7,Toronto,TRTO,2025-07-26T16:26:41Z,2025-07-26T16:03:00Z,ARR,bad,23.0
64,True,True,TORONTO,MONTRÉAL,2025-07-26,0,Toronto,TRTO,2025-07-26T17:37:26Z,2025-07-26T15:38:00Z,ARR,bad,119.0
64,True,True,TORONTO,MONTRÉAL,2025-07-26,1,Guildwood,GUIL,2025-07-26T17:54:50Z,2025-07-26T15:55:00Z,ARR,bad,119.0
64,True,True,TORONTO,MONTRÉAL,2025-07-26,2,Oshawa,OSHA,2025-07-26T18:22:27Z,2025-07-26T16:09:00Z,ARR,bad,133.0
64,True,True,TORONTO,MONTRÉAL,2025-07-26,3,Cobourg,CBRG,2025-07-26T18:59:22Z,2025-07-26T16:46:00Z,ARR,bad,133.0
64,True,True,TORONTO,MONTRÉAL,2025-07-26,4,Belleville,BLVL,2025-07-26T19:38:51Z,2025-07-26T17:22:00Z,ARR,bad,136.0
64,True,True,TORONTO,MONTRÉAL,2025-07-26,5,Kingston,KGON,2025-07-26T20:33:19Z,2025-07-26T18:03:00Z,ARR,bad,150.0
64,True,True,TORONTO,MONTRÉAL,2025-07-26,6,Brockville,BRKV,2025-07-26T21:35:19Z,2025-07-26T18:52:00Z,ARR,bad,163.0
64,True,True,TORONTO,MONTRÉAL,2025-07-26,7,Cornwall,CWLL,2025-07-26T22:32:12Z,2025-07-26T19:42:00Z,ARR,bad,170.0
64,True,True,TORONTO,MONTRÉAL,2025-07-26,8,Dorval,DORV,2025-07-26T23:24:21Z,2025-07-26T20:37:00Z,ARR,bad,167.0
64,True,True,TORONTO,MONTRÉAL,2025-07-26,9,Montréal,MTRL,2025-07-27T00:17:46Z,2025-07-26T21:05:00Z,ARR,bad,192.0
65,True,True,MONTRÉAL,TORONTO,2025-07-26,0,Montréal,MTRL,2025-07-26T15:35:00Z,2025-07-26T14:49:00Z,ARR,bad,46.0
65,True,True,MONTRÉAL,TORONTO,2025-07-26,1,Dorval,DORV,2025-07-26T16:11:56Z,2025-07-26T15:12:00Z,ARR,bad,59.0
65,True,True,MONTRÉAL,TORONTO,2025-07-26,2,Cornwall,CWLL,2025-07-26T17:07:33Z,2025-07-26T16:06:00Z,ARR,bad,61.0
65,True,True,MONTRÉAL,TORONTO,2025-07-26,3,Kingston,KGON,2025-07-26T18:57:38Z,2025-07-26T17:36:00Z,ARR,bad,81.0
65,True,True,MONTRÉAL,TORONTO,2025-07-26,4,Belleville,BLVL,2025-07-26T19:43:11Z,2025-07-26T18:20:00Z,ARR,bad,83.0
65,True,True,MONTRÉAL,TORONTO,2025-07-26,5,Cobourg,CBRG,2025-07-26T20:20:01Z,2025-07-26T18:58:00Z,ARR,bad,82.0
65,True,True,MONTRÉAL,TORONTO,2025-07-26,6,Oshawa,OSHA,2025-07-26T21:01:43Z,2025-07-26T19:34:00Z,ARR,bad,87.0
65,True,True,MONTRÉAL,TORONTO,2025-07-26,7,Toronto,TRTO,2025-07-26T22:56:46Z,2025-07-26T20:18:00Z,ARR,bad,158.0
67,True,True,MONTRÉAL,TORONTO,2025-07-26,0,Montréal,MTRL,2025-07-26T17:31:06Z,2025-07-26T17:22:00Z,ARR,med,9.0
67,True,True,MONTRÉAL,TORONTO,2025-07-26,1,Dorval,DORV,2025-07-26T17:59:03Z,2025-07-26T17:47:00Z,ARR,med,12.0
67,True,True,MONTRÉAL,TORONTO,2025-07-26,2,Cornwall,CWLL,2025-07-26T19:01:24Z,2025-07-26T18:38:00Z,ARR,bad,23.0
67,True,True,MONTRÉAL,TORONTO,2025-07-26,3,Kingston,KGON,2025-07-26T20:35:54Z,2025-07-26T20:03:00Z,ARR,bad,32.0
67,True,True,MONTRÉAL,TORONTO,2025-07-26,4,Belleville,BLVL,2025-07-26T21:34:43Z,2025-07-26T20:42:00Z,ARR,bad,52.0
67,True,True,MONTRÉAL,TORONTO,2025-07-26,5,Cobourg,CBRG,2025-07-26T22:10:22Z,2025-07-26T21:17:00Z,ARR,bad,53.0
67,True,True,MONTRÉAL,TORONTO,2025-07-26,6,Oshawa,OSHA,2025-07-26T22:58:25Z,2025-07-26T21:50:00Z,ARR,bad,68.0
67,True,True,MONTRÉAL,TORONTO,2025-07-26,7,Toronto,TRTO,2025-07-26T23:49:15Z,2025-07-26T22:45:00Z,ARR,bad,64.0
70,True,True,WINDSOR,TORONTO,2025-07-26,0,Windsor,WDON,2025-07-26T09:36:36Z,2025-07-26T09:35:00Z,ARR,goo,1.0
70,True,True,WINDSOR,TORONTO,2025-07-26,1,Chatham,CHAT,2025-07-26T10:21:45Z,2025-07-26T10:19:00Z,ARR,goo,2.0
70,True,True,WINDSOR,TORONTO,2025-07-26,2,London,LNDN,2025-07-26T11:43:54Z,2025-07-26T11:25:00Z,ARR,bad,18.0
70,True,True,WINDSOR,TORONTO,2025-07-26,3,Ingersoll,INGR,2025-07-26T13:23:08Z,2025-07-26T11:55:00Z,ARR,bad,88.0
70,True,True,WINDSOR,TORONTO,2025-07-26,4,Woodstock,WDST,2025-07-26T13:35:03Z,2025-07-26T12:08:00Z,ARR,bad,87.0
70,True,True,WINDSOR,TORONTO,2025-07-26,5,Brantford,BRTF,2025-07-26T15:06:20Z,2025-07-26T12:44:00Z,ARR,bad,142.0
70,True,True,WINDSOR,TORONTO,2025-07-26,6,Aldershot,ALDR,2025-07-26T15:39:42Z,2025-07-26T13:25:00Z,ARR,bad,134.0
70,True,True,WINDSOR,TORONTO,2025-07-26,7,Oakville,OAKV,2025-07-26T15:56:35Z,2025-07-26T13:43:00Z,ARR,bad,133.0
70,True,True,WINDSOR,TORONTO,2025-07-26,8,Toronto,TRTO,2025-07-26T16:25:45Z,2025-07-26T14:10:00Z,ARR,bad,135.0
71,True,True,TORONTO,WINDSOR,2025-07-26,0,Toronto,TRTO,2025-07-26T15:48:00Z,2025-07-26T10:50:00Z,ARR,bad,298.0
71,True,True,TORONTO,WINDSOR,2025-07-26,1,Oakville,OAKV,2025-07-26T16:11:00Z,2025-07-26T11:13:00Z,ARR,bad,298.0
71,True,True,TORONTO,WINDSOR,2025-07-26,2,Aldershot,ALDR,2025-07-26T16:40:00Z,2025-07-26T11:29:00Z,ARR,bad,311.0
71,True,True,TORONTO,WINDSOR,2025-07-26,3,Brantford,BRTF,2025-07-26T17:52:56Z,2025-07-26T11:55:00Z,ARR,bad,357.0
71,True,True,TORONTO,WINDSOR,2025-07-26,4,Woodstock,WDST,2025-07-26T18:36:07Z,2025-07-26T12:30:00Z,ARR,bad,366.0
71,True,True,TORONTO,WINDSOR,2025-07-26,5,Ingersoll,INGR,2025-07-26T18:55:45Z,2025-07-26T12:43:00Z,ARR,bad,372.0
71,True,True,TORONTO,WINDSOR,2025-07-26,6,London,LNDN,2025-07-26T19:21:41Z,2025-07-26T13:06:00Z,ARR,bad,375.0
71,True,True,TORONTO,WINDSOR,2025-07-26,7,Glencoe,GLNC,2025-07-26T20:08:52Z,2025-07-26T13:39:00Z,ARR,bad,389.0
71,True,True,TORONTO,WINDSOR,2025-07-26,8,Chatham,CHAT,2025-07-26T20:51:42Z,2025-07-26T14:18:00Z,ARR,bad,393.0
71,True,True,TORONTO,WINDSOR,2025-07-26,9,Windsor,WDON,2025-07-26T21:39:59Z,2025-07-26T15:08:00Z,ARR,bad,391.0
73,True,True,TORONTO,WINDSOR,2025-07-26,0,Toronto,TRTO,2025-07-26T15:48:04Z,2025-07-26T15:30:00Z,ARR,bad,18.0
73,True,True,TORONTO,WINDSOR,2025-07-26,1,Oakville,OAKV,2025-07-26T16:22:08Z,2025-07-26T15:51:00Z,ARR,bad,31.0
73,True,True,TORONTO,WINDSOR,2025-07-26,2,Aldershot,ALDR,2025-07-26T16:42:32Z,2025-07-26T16:09:00Z,ARR,bad,33.0
73,True,True,TORONTO,WINDSOR,2025-07-26,3,Brantford,BRTF,2025-07-26T17:52:16Z,2025-07-26T16:40:00Z,ARR,bad,72.0
73,True,True,TORONTO,WINDSOR,2025-07-26,4,Woodstock,WDST,2025-07-26T18:35:56Z,2025-07-26T17:09:00Z,ARR,bad,86.0
73,True,True,TORONTO,WINDSOR,2025-07-26,5,London,LNDN,2025-07-26T19:21:17Z,2025-07-26T17:38:00Z,ARR,bad,103.0
73,True,True,TORONTO,WINDSOR,2025-07-26,6,Chatham,CHAT,2025-07-26T20:51:28Z,2025-07-26T18:50:00Z,ARR,bad,121.0
73,True,True,TORONTO,WINDSOR,2025-07-26,7,Windsor,WDON,2025-07-26T21:39:44Z,2025-07-26T19:45:00Z,ARR,bad,114.0
76,True,False,WINDSOR,TORONTO,2025-07-26,0,Windsor,WDON,2025-07-26T22:30:00Z,2025-07-26T17:06:00Z,ARR,bad,324.0
76,True,False,WINDSOR,TORONTO,2025-07-26,1,Chatham,CHAT,2025-07-26T23:40:08Z,2025-07-26T17:48:00Z,ARR,bad,352.0
76,True,False,WINDSOR,TORONTO,2025-07-26,2,Glencoe,GLNC,2025-07-27T00:28:18Z,2025-07-26T18:23:00Z,ARR,bad,365.0
76,True,False,WINDSOR,TORONTO,2025-07-26,3,London,LNDN,2025-07-27T01:05:41Z,2025-07-26T18:58:00Z,ARR,bad,367.0
76,True,False,WINDSOR,TORONTO,2025-07-26,4,Brantford,BRTF,2025-07-27T02:43:05Z,2025-07-26T19:59:00Z,ARR,bad,404.0
76,True,False,WINDSOR,TORONTO,2025-07-26,5,Aldershot,ALDR,2025-07-27T03:14:56Z,2025-07-26T20:30:00Z,ARR,bad,404.0
76,True,False,WINDSOR,TORONTO,2025-07-26,6,Oakville,OAKV,2025-07-27T03:31:44Z,2025-07-26T20:47:00Z,ARR,bad,404.0
76,True,False,WINDSOR,TORONTO,2025-07-26,7,Toronto,TRTO,2025-07-27T03:56:34Z,2025-07-26T21:13:00Z,11 mins,bad,403.0
82,True,True,LONDON,TORONTO,2025-07-26,0,London,LNDN,2025-07-26T12:39:00Z,2025-07-26T10:25:00Z,ARR,bad,134.0
82,True,True,LONDON,TORONTO,2025-07-26,1,Woodstock,WDST,2025-07-26T13:07:00Z,2025-07-26T10:53:00Z,ARR,bad,134.0
82,True,True,LONDON,TORONTO,2025-07-26,2,Brantford,BRTF,2025-07-26T13:53:00Z,2025-07-26T11:23:00Z,ARR,bad,150.0
82,True,True,LONDON,TORONTO,2025-07-26,3,Toronto,TRTO,2025-07-26T15:05:00Z,2025-07-26T12:35:00Z,ARR,bad,150.0
84,True,True,SARNIA,TORONTO,2025-07-26,0,Sarnia,SARN,2025-07-26T12:40:00Z,2025-07-26T12:40:00Z,ARR,goo,0.0
84,True,True,SARNIA,TORONTO,2025-07-26,1,Wyoming,WYOM,2025-07-26T12:55:00Z,2025-07-26T12:55:00Z,ARR,goo,0.0
84,True,True,SARNIA,TORONTO,2025-07-26,2,Strathroy,STRR,2025-07-26T13:36:00Z,2025-07-26T13:27:00Z,ARR,med,9.0
84,True,True,SARNIA,TORONTO,2025-07-26,3,London,LNDN,2025-07-26T14:10:00Z,2025-07-26T13:52:00Z,ARR,bad,18.0
84,True,True,SARNIA,TORONTO,2025-07-26,4,St.Marys,SMYS,2025-07-26T15:37:00Z,2025-07-26T14:45:00Z,ARR,bad,52.0
84,True,True,SARNIA,TORONTO,2025-07-26,5,Stratford,STRF,2025-07-26T16:07:00Z,2025-07-26T15:14:00Z,ARR,bad,53.0
84,True,True,SARNIA,TORONTO,2025-07-26,6,Kitchener,KITC,2025-07-26T16:51:00Z,2025-07-26T16:02:00Z,ARR,bad,49.0
84,True,True,SARNIA,TORONTO,2025-07-26,7,Guelph,GUEL,2025-07-26T17:33:00Z,2025-07-26T16:24:00Z,ARR,bad,69.0
84,True,True,SARNIA,TORONTO,2025-07-26,8,Georgetown,GEOR,2025-07-26T17:56:00Z,2025-07-26T16:47:00Z,ARR,bad,69.0
84,True,True,SARNIA,TORONTO,2025-07-26,9,Brampton,BRMP,2025-07-26T18:08:00Z,2025-07-26T16:59:00Z,ARR,bad,69.0
84,True,True,SARNIA,TORONTO,2025-07-26,10,Malton,MALT,2025-07-26T19:12:00Z,2025-07-26T17:11:00Z,ARR,bad,121.0
84,True,True,SARNIA,TORONTO,2025-07-26,11,Toronto,TRTO,2025-07-26T20:00:00Z,2025-07-26T17:38:00Z,ARR,bad,142.0
644,True,True,TORONTO,OTTAWA,2025-07-26,0,Toronto,TRTO,2025-07-26T17:23:00Z,2025-07-26T17:23:00Z,ARR,goo,0.0
644,True,True,TORONTO,OTTAWA,2025-07-26,1,Oshawa,OSHA,2025-07-26T17:59:44Z,2025-07-26T17:53:00Z,ARR,med,6.0
644,True,True,TORONTO,OTTAWA,2025-07-26,2,Cobourg,CBRG,2025-07-26T18:42:54Z,2025-07-26T18:28:00Z,ARR,med,14.0
644,True,True,TORONTO,OTTAWA,2025-07-26,3,Belleville,BLVL,2025-07-26T19:25:26Z,2025-07-26T19:03:00Z,ARR,bad,22.0
644,True,True,TORONTO,OTTAWA,2025-07-26,4,Kingston,KGON,2025-07-26T20:21:05Z,2025-07-26T19:43:00Z,ARR,bad,38.0
644,True,True,TORONTO,OTTAWA,2025-07-26,5,Fallowfield,FALL,2025-07-26T22:49:39Z,2025-07-26T21:30:00Z,ARR,bad,79.0
644,True,True,TORONTO,OTTAWA,2025-07-26,6,Ottawa,OTTW,2025-07-26T23:10:06Z,2025-07-26T21:53:00Z,ARR,bad,77.0
643,True,True,OTTAWA,TORONTO,2025-07-26,0,Ottawa,OTTW,2025-07-26T12:29:30Z,2025-07-26T12:29:00Z,ARR,goo,0.0
643,True,True,OTTAWA,TORONTO,2025-07-26,1,Fallowfield,FALL,2025-07-26T12:46:46Z,2025-07-26T12:45:00Z,ARR,goo,1.0
643,True,True,OTTAWA,TORONTO,2025-07-26,2,Smiths Falls,SMTF,2025-07-26T13:16:07Z,2025-07-26T13:17:00Z,ARR,goo,0.0
643,True,True,OTTAWA,TORONTO,2025-07-26,3,Brockville,BRKV,2025-07-26T13:53:21Z,2025-07-26T13:49:00Z,ARR,goo,4.0
643,True,True,OTTAWA,TORONTO,2025-07-26,4,Kingston,KGON,2025-07-26T14:48:00Z,2025-07-26T14:32:00Z,ARR,bad,16.0
643,True,True,OTTAWA,TORONTO,2025-07-26,5,Napanee,NAPN,2025-07-26T15:16:42Z,2025-07-26T14:57:00Z,ARR,bad,19.0
643,True,True,OTTAWA,TORONTO,2025-07-26,6,Belleville,BLVL,2025-07-26T15:45:04Z,2025-07-26T15:17:00Z,ARR,bad,28.0
643,True,True,OTTAWA,TORONTO,2025-07-26,7,Trenton Jct.,TRNJ,2025-07-26T16:00:54Z,2025-07-26T15:31:00Z,ARR,bad,29.0
643,True,True,OTTAWA,TORONTO,2025-07-26,8,Cobourg,CBRG,2025-07-26T16:34:25Z,2025-07-26T15:57:00Z,ARR,bad,37.0
643,True,True,OTTAWA,TORONTO,2025-07-26,9,Port Hope,PHOP,2025-07-26T16:46:25Z,2025-07-26T16:07:00Z,ARR,bad,39.0
643,True,True,OTTAWA,TORONTO,2025-07-26,10,Oshawa,OSHA,2025-07-26T17:23:01Z,2025-07-26T16:35:00Z,ARR,bad,48.0
643,True,True,OTTAWA,TORONTO,2025-07-26,11,Guildwood,GUIL,2025-07-26T17:46:17Z,2025-07-26T16:58:00Z,ARR,bad,48.0
643,True,True,OTTAWA,TORONTO,2025-07-26,12,Toronto,TRTO,2025-07-26T18:07:08Z,2025-07-26T17:18:00Z,ARR,bad,49.0
97,True,True,TORONTO,NIAGARA FALLS,2025-07-26,0,Toronto,TRTO,2025-07-26T12:20:00Z,2025-07-26T12:20:00Z,ARR,goo,0.0
97,True,True,TORONTO,NIAGARA FALLS,2025-07-26,1,Oakville,OAKV,2025-07-26T12:43:00Z,2025-07-26T12:43:00Z,ARR,goo,0.0
97,True,True,TORONTO,NIAGARA FALLS,2025-07-26,2,Aldershot,ALDR,2025-07-26T12:56:00Z,2025-07-26T12:56:00Z,ARR,goo,0.0
97,True,True,TORONTO,NIAGARA FALLS,2025-07-26,3,Grimsby,GRIM,2025-07-26T13:39:00Z,2025-07-26T13:37:00Z,ARR,goo,2.0
97,True,True,TORONTO,NIAGARA FALLS,2025-07-26,4,St. Catharines,SCAT,2025-07-26T13:59:00Z,2025-07-26T13:57:00Z,ARR,goo,2.0
97,True,True,TORONTO,NIAGARA FALLS,2025-07-26,5,Niagara Falls,NIAG,2025-07-26T14:22:00Z,2025-07-26T14:20:00Z,ARR,goo,2.0
72,True,True,WINDSOR,TORONTO,2025-07-26,0,Windsor,WDON,2025-07-26T13:56:00Z,2025-07-26T12:43:00Z,ARR,bad,73.0
72,True,True,WINDSOR,TORONTO,2025-07-26,1,Chatham,CHAT,2025-07-26T14:36:54Z,2025-07-26T13:25:00Z,ARR,bad,71.0
72,True,True,WINDSOR,TORONTO,2025-07-26,2,Glencoe,GLNC,2025-07-26T15:23:30Z,2025-07-26T14:05:00Z,ARR,bad,78.0
72,True,True,WINDSOR,TORONTO,2025-07-26,3,London,LNDN,2025-07-26T16:03:43Z,2025-07-26T14:39:00Z,ARR,bad,84.0
72,True,True,WINDSOR,TORONTO,2025-07-26,4,Ingersoll,INGR,2025-07-26T16:35:35Z,2025-07-26T15:07:00Z,ARR,bad,88.0
72,True,True,WINDSOR,TORONTO,2025-07-26,5,Woodstock,WDST,2025-07-26T16:47:56Z,2025-07-26T15:23:00Z,ARR,bad,84.0
72,True,True,WINDSOR,TORONTO,2025-07-26,6,Brantford,BRTF,2025-07-26T17:32:39Z,2025-07-26T15:55:00Z,ARR,bad,97.0
72,True,True,WINDSOR,TORONTO,2025-07-26,7,Aldershot,ALDR,2025-07-26T18:11:10Z,2025-07-26T16:29:00Z,ARR,bad,102.0
72,True,True,WINDSOR,TORONTO,2025-07-26,8,Oakville,OAKV,2025-07-26T18:36:22Z,2025-07-26T16:45:00Z,ARR,bad,111.0
72,True,True,WINDSOR,TORONTO,2025-07-26,9,Toronto,TRTO,2025-07-26T19:02:30Z,2025-07-26T17:11:00Z,ARR,bad,111.0
62,True,True,TORONTO,MONTRÉAL,2025-07-26,0,Toronto,TRTO,2025-07-26T12:32:00Z,2025-07-26T12:32:00Z,ARR,goo,0.0
62,True,True,TORONTO,MONTRÉAL,2025-07-26,1,Guildwood,GUIL,2025-07-26T12:50:00Z,2025-07-26T12:50:00Z,ARR,goo,0.0
62,True,True,TORONTO,MONTRÉAL,2025-07-26,2,Oshawa,OSHA,2025-07-26T13:09:00Z,2025-07-26T13:09:00Z,ARR,goo,0.0
62,True,True,TORONTO,MONTRÉAL,2025-07-26,3,Cobourg,CBRG,2025-07-26T13:44:00Z,2025-07-26T13:44:00Z,ARR,goo,0.0
62,True,True,TORONTO,MONTRÉAL,2025-07-26,4,Belleville,BLVL,2025-07-26T14:20:00Z,2025-07-26T14:20:00Z,ARR,goo,0.0
62,True,True,TORONTO,MONTRÉAL,2025-07-26,5,Kingston,KGON,2025-07-26T15:15:47Z,2025-07-26T15:00:00Z,ARR,bad,15.0
62,True,True,TORONTO,MONTRÉAL,2025-07-26,6,Cornwall,CWLL,2025-07-26T16:55:29Z,2025-07-26T16:43:00Z,ARR,med,12.0
62,True,True,TORONTO,MONTRÉAL,2025-07-26,7,Dorval,DORV,2025-07-26T17:53:43Z,2025-07-26T17:34:00Z,ARR,bad,19.0
62,True,True,TORONTO,MONTRÉAL,2025-07-26,8,Montréal,MTRL,2025-07-26T18:20:44Z,2025-07-26T18:00:00Z,ARR,bad,20.0
622,True,True,MONTRÉAL,QUÉBEC,2025-07-26,0,Montréal,MTRL,2025-07-26T12:20:00Z,2025-07-26T12:20:00Z,ARR,goo,0.0
622,True,True,MONTRÉAL,QUÉBEC,2025-07-26,1,St. Lambert,SLAM,2025-07-26T12:41:22Z,2025-07-26T12:33:00Z,ARR,med,8.0
622,True,True,MONTRÉAL,QUÉBEC,2025-07-26,2,St. Hyacinthe,SHYA,2025-07-26T13:16:37Z,2025-07-26T13:00:00Z,ARR,bad,16.0
622,True,True,MONTRÉAL,QUÉBEC,2025-07-26,3,Drummondville,DRMV,2025-07-26T13:51:40Z,2025-07-26T13:29:00Z,ARR,bad,22.0
622,True,True,MONTRÉAL,QUÉBEC,2025-07-26,4,Ste-Foy,SFOY,2025-07-26T15:39:40Z,2025-07-26T15:11:00Z,ARR,bad,28.0
622,True,True,MONTRÉAL,QUÉBEC,2025-07-26,5,Québec,QBEC,2025-07-26T16:08:14Z,2025-07-26T15:39:00Z,ARR,bad,29.0
45,True,True,OTTAWA,TORONTO,2025-07-26,0,Ottawa,OTTW,2025-07-26T14:26:00Z,2025-07-26T14:24:00Z,ARR,goo,2.0
45,True,True,OTTAWA,TORONTO,2025-07-26,1,Fallowfield,FALL,2025-07-26T14:43:11Z,2025-07-26T14:40:00Z,ARR,goo,3.0
45,True,True,OTTAWA,TORONTO,2025-07-26,2,Kingston,KGON,2025-07-26T17:42:41Z,2025-07-26T16:26:00Z,ARR,bad,76.0
45,True,True,OTTAWA,TORONTO,2025-07-26,3,Toronto,TRTO,2025-07-26T21:19:51Z,2025-07-26T18:48:00Z,ARR,bad,151.0
185,True,True,SUDBURY,WHITE RIVER,2025-07-26,0,Sudbury,SUDB,2025-07-26T13:00:00Z,2025-07-26T13:00:00Z,ARR,goo,0.0
185,True,True,SUDBURY,WHITE RIVER,2025-07-26,1,Azilda,AZIL,2025-07-26T13:15:01Z,2025-07-26T13:10:00Z,ARR,med,5.0
185,True,True,SUDBURY,WHITE RIVER,2025-07-26,2,Chelmsford,CHEL,2025-07-26T13:18:10Z,2025-07-26T13:15:00Z,ARR,goo,3.0
185,True,True,SUDBURY,WHITE RIVER,2025-07-26,3,Larchwood,LARC,2025-07-26T13:26:55Z,2025-07-26T13:19:00Z,ARR,med,7.0
185,True,True,SUDBURY,WHITE RIVER,2025-07-26,4,Levack,LEVA,2025-07-26T13:40:11Z,2025-07-26T13:30:00Z,ARR,med,10.0
185,True,True,SUDBURY,WHITE RIVER,2025-07-26,5,Cartier,CART,2025-07-26T14:09:33Z,2025-07-26T13:45:00Z,ARR,bad,24.0
185,True,True,SUDBURY,WHITE RIVER,2025-07-26,6,Benny,BENN,2025-07-26T14:52:27Z,2025-07-26T14:05:00Z,ARR,bad,47.0
185,True,True,SUDBURY,WHITE RIVER,2025-07-26,7,Stralak,STRL,2025-07-26T14:57:04Z,2025-07-26T14:12:00Z,ARR,bad,45.0
185,True,True,SUDBURY,WHITE RIVER,2025-07-26,8,Pogamasing,POGA,2025-07-26T15:08:25Z,2025-07-26T14:25:00Z,ARR,bad,43.0
185,True,True,SUDBURY,WHITE RIVER,2025-07-26,9,Sheahan,SHEA,2025-07-26T15:13:28Z,2025-07-26T14:30:00Z,ARR,bad,43.0
185,True,True,SUDBURY,WHITE RIVER,2025-07-26,10,Forks,FRKS,2025-07-26T15:28:34Z,2025-07-26T14:40:00Z,ARR,bad,48.0
185,True,True,SUDBURY,WHITE RIVER,2025-07-26,11,Metagama,MTGM,2025-07-26T15:38:34Z,2025-07-26T14:50:00Z,ARR,bad,48.0
185,True,True,SUDBURY,WHITE RIVER,2025-07-26,12,Sinker,SNKR,2025-07-26T15:43:34Z,2025-07-26T14:55:00Z,ARR,bad,48.0
185,True,True,SUDBURY,WHITE RIVER,2025-07-26,13,Biscotasing,BISC,2025-07-26T16:40:54Z,2025-07-26T15:20:00Z,ARR,bad,80.0
185,True,True,SUDBURY,WHITE RIVER,2025-07-26,14,Roberts,RBRT,2025-07-26T16:50:54Z,2025-07-26T15:30:00Z,ARR,bad,80.0
185,True,True,SUDBURY,WHITE RIVER,2025-07-26,15,Ramsey,RAMS,2025-07-26T17:05:54Z,2025-07-26T15:45:00Z,ARR,bad,80.0
185,True,True,SUDBURY,WHITE RIVER,2025-07-26,16,Woman River,WOMR,2025-07-26T17:25:54Z,2025-07-26T16:05:00Z,ARR,bad,80.0
185,True,True,SUDBURY,WHITE RIVER,2025-07-26,17,Sultan,SULT,2025-07-26T17:40:54Z,2025-07-26T16:20:00Z,ARR,bad,80.0
185,True,True,SUDBURY,WHITE RIVER,2025-07-26,18,Kormak,KORM,2025-07-26T17:55:54Z,2025-07-26T16:35:00Z,ARR,bad,80.0
185,True,True,SUDBURY,WHITE RIVER,2025-07-26,19,Kinogama,KINO,2025-07-26T18:00:54Z,2025-07-26T16:40:00Z,ARR,bad,80.0
185,True,True,SUDBURY,WHITE RIVER,2025-07-26,20,Nemegos,NEME,2025-07-26T18:12:42Z,2025-07-26T16:55:00Z,ARR,bad,77.0
185,True,True,SUDBURY,WHITE RIVER,2025-07-26,21,Devon,DEVN,2025-07-26T18:26:16Z,2025-07-26T17:05:00Z,ARR,bad,81.0
185,True,True,SUDBURY,WHITE RIVER,2025-07-26,22,Chapleau,CHAP,2025-07-26T19:02:09Z,2025-07-26T17:20:00Z,ARR,bad,102.0
185,True,True,SUDBURY,WHITE RIVER,2025-07-26,23,Esher,ESHR,2025-07-26T19:26:22Z,2025-07-26T17:50:00Z,ARR,bad,96.0
185,True,True,SUDBURY,WHITE RIVER,2025-07-26,24,Musk,MUSK,2025-07-26T19:42:16Z,2025-07-26T18:00:00Z,ARR,bad,102.0
185,True,True,SUDBURY,WHITE RIVER,2025-07-26,25,Nicholson,NICH,2025-07-26T19:48:15Z,2025-07-26T18:10:00Z,ARR,bad,98.0
185,True,True,SUDBURY,WHITE RIVER,2025-07-26,26,Bolkow,BOLK,2025-07-26T20:04:56Z,2025-07-26T18:30:00Z,ARR,bad,94.0
185,True,True,SUDBURY,WHITE RIVER,2025-07-26,27,Dalton,DALT,2025-07-26T20:19:56Z,2025-07-26T18:45:00Z,ARR,bad,94.0
185,True,True,SUDBURY,WHITE RIVER,2025-07-26,28,Missanabie,MSBI,2025-07-26T20:44:56Z,2025-07-26T19:10:00Z,ARR,bad,94.0
185,True,True,SUDBURY,WHITE RIVER,2025-07-26,29,Lochalsh,LOCH,2025-07-26T21:04:56Z,2025-07-26T19:30:00Z,ARR,bad,94.0
185,True,True,SUDBURY,WHITE RIVER,2025-07-26,30,Franz,FRNZ,2025-07-26T21:58:49Z,2025-07-26T19:50:00Z,ARR,bad,128.0
185,True,True,SUDBURY,WHITE RIVER,2025-07-26,31,Swanson,SWAN,2025-07-26T22:19:55Z,2025-07-26T20:00:00Z,ARR,bad,139.0
185,True,True,SUDBURY,WHITE RIVER,2025-07-26,32,Girdwood,GIRD,2025-07-26T22:53:12Z,2025-07-26T20:25:00Z,ARR,bad,148.0
185,True,True,SUDBURY,WHITE RIVER,2025-07-26,33,Amyot,AMYO,2025-07-26T23:01:20Z,2025-07-26T20:35:00Z,ARR,bad,146.0
185,True,True,SUDBURY,WHITE RIVER,2025-07-26,34,O'Brien,OBRI,2025-07-26T23:15:21Z,2025-07-26T20:50:00Z,ARR,bad,145.0
185,True,True,SUDBURY,WHITE RIVER,2025-07-26,35,White River,WHTR,2025-07-26T23:28:57Z,2025-07-26T21:05:00Z,ARR,bad,143.0
633,True,True,MONTRÉAL,OTTAWA,2025-07-26,0,Montréal,MTRL,2025-07-26T13:00:00Z,2025-07-26T13:00:00Z,ARR,goo,0.0
633,True,True,MONTRÉAL,OTTAWA,2025-07-26,1,Dorval,DORV,2025-07-26T13:22:00Z,2025-07-26T13:24:00Z,ARR,goo,-2.0
633,True,True,MONTRÉAL,OTTAWA,2025-07-26,2,Alexandria,ALEX,2025-07-26T14:10:10Z,2025-07-26T14:11:00Z,ARR,goo,0.0
633,True,True,MONTRÉAL,OTTAWA,2025-07-26,3,Casselman,CSLM,2025-07-26T14:40:11Z,2025-07-26T14:34:00Z,ARR,med,6.0
633,True,True,MONTRÉAL,OTTAWA,2025-07-26,4,Ottawa,OTTW,2025-07-26T15:06:49Z,2025-07-26T15:05:00Z,ARR,goo,1.0
637,True,True,QUÉBEC,OTTAWA,2025-07-26,0,Québec,QBEC,2025-07-26T14:00:00Z,2025-07-26T14:00:00Z,ARR,goo,0.0
637,True,True,QUÉBEC,OTTAWA,2025-07-26,1,Ste-Foy,SFOY,2025-07-26T14:26:15Z,2025-07-26T14:25:00Z,ARR,goo,1.0
637,True,True,QUÉBEC,OTTAWA,2025-07-26,2,Drummondville,DRMV,2025-07-26T16:21:27Z,2025-07-26T16:08:00Z,ARR,med,13.0
637,True,True,QUÉBEC,OTTAWA,2025-07-26,3,St. Lambert,SLAM,2025-07-26T17:54:37Z,2025-07-26T17:16:00Z,ARR,bad,38.0
637,True,True,QUÉBEC,OTTAWA,2025-07-26,4,Montréal,MTRL,2025-07-26T18:11:25Z,2025-07-26T17:31:00Z,ARR,bad,40.0
637,True,True,QUÉBEC,OTTAWA,2025-07-26,5,Dorval,DORV,2025-07-26T19:07:22Z,2025-07-26T18:20:00Z,ARR,bad,47.0
637,True,True,QUÉBEC,OTTAWA,2025-07-26,6,Alexandria,ALEX,2025-07-26T20:01:43Z,2025-07-26T19:10:00Z,ARR,bad,51.0
637,True,True,QUÉBEC,OTTAWA,2025-07-26,7,Ottawa,OTTW,2025-07-26T21:01:29Z,2025-07-26T19:56:00Z,ARR,bad,65.0
47,True,True,OTTAWA,TORONTO,2025-07-26,0,Ottawa,OTTW,2025-07-26T16:23:00Z,2025-07-26T16:23:00Z,ARR,goo,0.0
47,True,True,OTTAWA,TORONTO,2025-07-26,1,Fallowfield,FALL,2025-07-26T16:38:04Z,2025-07-26T16:40:00Z,ARR,goo,-1.0
47,True,True,OTTAWA,TORONTO,2025-07-26,2,Smiths Falls,SMTF,2025-07-26T17:13:34Z,2025-07-26T17:18:00Z,ARR,goo,-4.0
47,True,True,OTTAWA,TORONTO,2025-07-26,3,Brockville,BRKV,2025-07-26T17:55:15Z,2025-07-26T17:54:00Z,ARR,goo,1.0
47,True,True,OTTAWA,TORONTO,2025-07-26,4,Gananoque,GANA,2025-07-26T18:25:01Z,2025-07-26T18:22:00Z,ARR,goo,3.0
47,True,True,OTTAWA,TORONTO,2025-07-26,5,Kingston,KGON,2025-07-26T18:44:28Z,2025-07-26T18:45:00Z,ARR,goo,0.0
47,True,True,OTTAWA,TORONTO,2025-07-26,6,Belleville,BLVL,2025-07-26T19:31:06Z,2025-07-26T19:26:00Z,ARR,med,5.0
47,True,True,OTTAWA,TORONTO,2025-07-26,7,Oshawa,OSHA,2025-07-26T20:49:27Z,2025-07-26T20:33:00Z,ARR,bad,16.0
47,True,True,OTTAWA,TORONTO,2025-07-26,8,Guildwood,GUIL,2025-07-26T22:13:32Z,2025-07-26T20:58:00Z,ARR,bad,75.0
47,True,True,OTTAWA,TORONTO,2025-07-26,9,Toronto,TRTO,2025-07-26T22:35:34Z,2025-07-26T21:30:00Z,ARR,bad,65.0
624,True,True,OTTAWA,QUÉBEC,2025-07-26,0,Ottawa,OTTW,2025-07-26T11:45:00Z,2025-07-26T11:45:00Z,ARR,goo,0.0
624,True,True,OTTAWA,QUÉBEC,2025-07-26,1,Alexandria,ALEX,2025-07-26T12:32:42Z,2025-07-26T12:31:00Z,ARR,goo,1.0
624,True,True,OTTAWA,QUÉBEC,2025-07-26,2,Dorval,DORV,2025-07-26T13:24:24Z,2025-07-26T13:16:00Z,ARR,med,8.0
624,True,True,OTTAWA,QUÉBEC,2025-07-26,3,Montréal,MTRL,2025-07-26T13:52:15Z,2025-07-26T13:39:00Z,ARR,med,13.0
624,True,True,OTTAWA,QUÉBEC,2025-07-26,4,St. Lambert,SLAM,2025-07-26T14:33:55Z,2025-07-26T14:28:00Z,ARR,med,5.0
624,True,True,OTTAWA,QUÉBEC,2025-07-26,5,St. Hyacinthe,SHYA,2025-07-26T15:08:23Z,2025-07-26T15:06:00Z,ARR,goo,2.0
624,True,True,OTTAWA,QUÉBEC,2025-07-26,6,Drummondville,DRMV,2025-07-26T15:44:13Z,2025-07-26T15:34:00Z,ARR,med,10.0
624,True,True,OTTAWA,QUÉBEC,2025-07-26,7,Charny,CHNY,2025-07-26T17:29:47Z,2025-07-26T17:13:00Z,ARR,bad,16.0
624,True,True,OTTAWA,QUÉBEC,2025-07-26,8,Ste-Foy,SFOY,2025-07-26T17:38:19Z,2025-07-26T17:20:00Z,ARR,bad,18.0
624,True,True,OTTAWA,QUÉBEC,2025-07-26,9,Québec,QBEC,2025-07-26T18:08:05Z,2025-07-26T17:48:00Z,ARR,bad,20.0
40,True,True,TORONTO,OTTAWA,2025-07-26,0,Toronto,TRTO,2025-07-26T14:38:06Z,2025-07-26T14:38:00Z,ARR,goo,0.0
40,True,True,TORONTO,OTTAWA,2025-07-26,1,Belleville,BLVL,2025-07-26T16:13:08Z,2025-07-26T16:09:00Z,ARR,goo,4.0
40,True,True,TORONTO,OTTAWA,2025-07-26,2,Kingston,KGON,2025-07-26T17:01:20Z,2025-07-26T16:48:00Z,ARR,med,13.0
40,True,True,TORONTO,OTTAWA,2025-07-26,3,Fallowfield,FALL,2025-07-26T18:43:36Z,2025-07-26T18:38:00Z,ARR,med,5.0
40,True,True,TORONTO,OTTAWA,2025-07-26,4,Ottawa,OTTW,2025-07-26T19:04:07Z,2025-07-26T19:02:00Z,ARR,goo,2.0
35,True,True,QUÉBEC,OTTAWA,2025-07-26,0,Québec,QBEC,2025-07-26T12:06:00Z,2025-07-26T12:06:00Z,ARR,goo,0.0
35,True,True,QUÉBEC,OTTAWA,2025-07-26,1,Ste-Foy,SFOY,2025-07-26T12:33:06Z,2025-07-26T12:31:00Z,ARR,goo,2.0
35,True,True,QUÉBEC,OTTAWA,2025-07-26,2,Charny,CHNY,2025-07-26T12:42:46Z,2025-07-26T12:40:00Z,ARR,goo,2.0
35,True,True,QUÉBEC,OTTAWA,2025-07-26,3,Drummondville,DRMV,2025-07-26T14:14:10Z,2025-07-26T14:14:00Z,ARR,goo,0.0
35,True,True,QUÉBEC,OTTAWA,2025-07-26,4,St. Hyacinthe,SHYA,2025-07-26T14:49:56Z,2025-07-26T14:44:00Z,ARR,med,5.0
35,True,True,QUÉBEC,OTTAWA,2025-07-26,5,St. Lambert,SLAM,2025-07-26T15:24:03Z,2025-07-26T15:11:00Z,ARR,med,13.0
35,True,True,QUÉBEC,OTTAWA,2025-07-26,6,Montréal,MTRL,2025-07-26T15:40:04Z,2025-07-26T15:26:00Z,ARR,med,14.0
35,True,True,QUÉBEC,OTTAWA,2025-07-26,7,Dorval,DORV,2025-07-26T16:29:35Z,2025-07-26T16:18:00Z,ARR,med,11.0
35,True,True,QUÉBEC,OTTAWA,2025-07-26,8,Coteau,COTO,2025-07-26T16:59:58Z,2025-07-26T16:46:00Z,ARR,med,13.0
35,True,True,QUÉBEC,OTTAWA,2025-07-26,9,Alexandria,ALEX,2025-07-26T17:21:19Z,2025-07-26T17:08:00Z,ARR,med,13.0
35,True,True,QUÉBEC,OTTAWA,2025-07-26,10,Casselman,CSLM,2025-07-26T17:42:57Z,2025-07-26T17:31:00Z,ARR,med,11.0
35,True,True,QUÉBEC,OTTAWA,2025-07-26,11,Ottawa,OTTW,2025-07-26T18:09:13Z,2025-07-26T17:58:00Z,ARR,med,11.0
63,True,True,MONTRÉAL,TORONTO,2025-07-26,0,Montréal,MTRL,2025-07-26T12:46:00Z,2025-07-26T12:46:00Z,ARR,goo,0.0
63,True,True,MONTRÉAL,TORONTO,2025-07-26,1,Dorval,DORV,2025-07-26T13:09:54Z,2025-07-26T13:11:00Z,ARR,goo,-1.0
63,True,True,MONTRÉAL,TORONTO,2025-07-26,2,Cornwall,CWLL,2025-07-26T14:32:59Z,2025-07-26T14:04:00Z,ARR,bad,28.0
63,True,True,MONTRÉAL,TORONTO,2025-07-26,3,Brockville,BRKV,2025-07-26T15:22:51Z,2025-07-26T14:54:00Z,ARR,bad,28.0
63,True,True,MONTRÉAL,TORONTO,2025-07-26,4,Kingston,KGON,2025-07-26T16:10:04Z,2025-07-26T15:39:00Z,ARR,bad,31.0
63,True,True,MONTRÉAL,TORONTO,2025-07-26,5,Belleville,BLVL,2025-07-26T16:56:15Z,2025-07-26T16:20:00Z,ARR,bad,36.0
63,True,True,MONTRÉAL,TORONTO,2025-07-26,6,Cobourg,CBRG,2025-07-26T17:31:53Z,2025-07-26T16:58:00Z,ARR,bad,33.0
63,True,True,MONTRÉAL,TORONTO,2025-07-26,7,Oshawa,OSHA,2025-07-26T18:06:28Z,2025-07-26T17:34:00Z,ARR,bad,32.0
63,True,True,MONTRÉAL,TORONTO,2025-07-26,8,Guildwood,GUIL,2025-07-26T18:28:06Z,2025-07-26T17:58:00Z,ARR,bad,30.0
63,True,True,MONTRÉAL,TORONTO,2025-07-26,9,Toronto,TRTO,2025-07-26T18:47:46Z,2025-07-26T18:18:00Z,ARR,bad,29.0
26,True,True,OTTAWA,QUÉBEC,2025-07-26,0,Ottawa,OTTW,2025-07-26T18:17:00Z,2025-07-26T18:17:00Z,ARR,goo,0.0
26,True,True,OTTAWA,QUÉBEC,2025-07-26,1,Alexandria,ALEX,2025-07-26T19:01:12Z,2025-07-26T19:03:00Z,ARR,goo,-1.0
26,True,True,OTTAWA,QUÉBEC,2025-07-26,2,Coteau,COTO,2025-07-26T19:23:05Z,2025-07-26T19:26:00Z,ARR,goo,-2.0
26,True,True,OTTAWA,QUÉBEC,2025-07-26,3,Dorval,DORV,2025-07-26T19:53:35Z,2025-07-26T19:49:00Z,ARR,goo,4.0
26,True,True,OTTAWA,QUÉBEC,2025-07-26,4,Montréal,MTRL,2025-07-26T20:19:33Z,2025-07-26T20:15:00Z,ARR,goo,4.0
26,True,True,OTTAWA,QUÉBEC,2025-07-26,5,St. Lambert,SLAM,2025-07-26T20:58:44Z,2025-07-26T20:53:00Z,ARR,med,5.0
26,True,True,OTTAWA,QUÉBEC,2025-07-26,6,St. Hyacinthe,SHYA,2025-07-26T21:34:01Z,2025-07-26T21:20:00Z,ARR,med,14.0
26,True,True,OTTAWA,QUÉBEC,2025-07-26,7,Drummondville,DRMV,2025-07-26T22:15:59Z,2025-07-26T22:05:00Z,ARR,med,10.0
26,True,True,OTTAWA,QUÉBEC,2025-07-26,8,Charny,CHNY,2025-07-26T23:56:13Z,2025-07-26T23:44:00Z,ARR,med,12.0
26,True,True,OTTAWA,QUÉBEC,2025-07-26,9,Ste-Foy,SFOY,2025-07-27T00:04:17Z,2025-07-26T23:52:00Z,ARR,med,12.0
26,True,True,OTTAWA,QUÉBEC,2025-07-26,10,Québec,QBEC,2025-07-27T00:33:40Z,2025-07-27T00:19:00Z,ARR,med,14.0
39,True,True,QUÉBEC,OTTAWA,2025-07-26,0,Québec,QBEC,2025-07-26T18:57:00Z,2025-07-26T18:57:00Z,ARR,goo,0.0
39,True,True,QUÉBEC,OTTAWA,2025-07-26,1,Ste-Foy,SFOY,2025-07-26T19:24:08Z,2025-07-26T19:22:00Z,ARR,goo,2.0
39,True,True,QUÉBEC,OTTAWA,2025-07-26,2,Drummondville,DRMV,2025-07-26T21:28:03Z,2025-07-26T20:58:00Z,ARR,bad,30.0
39,True,True,QUÉBEC,OTTAWA,2025-07-26,3,St. Lambert,SLAM,2025-07-26T22:35:59Z,2025-07-26T21:57:00Z,ARR,bad,38.0
39,True,True,QUÉBEC,OTTAWA,2025-07-26,4,Montréal,MTRL,2025-07-26T22:49:52Z,2025-07-26T22:11:00Z,ARR,bad,38.0
39,True,True,QUÉBEC,OTTAWA,2025-07-26,5,Dorval,DORV,2025-07-27T00:14:59Z,2025-07-26T23:14:00Z,ARR,bad,60.0
39,True,True,QUÉBEC,OTTAWA,2025-07-26,6,Coteau,COTO,2025-07-27T00:47:12Z,2025-07-26T23:43:00Z,ARR,bad,64.0
39,True,True,QUÉBEC,OTTAWA,2025-07-26,7,Alexandria,ALEX,2025-07-27T01:05:21Z,2025-07-27T00:06:00Z,ARR,bad,59.0
39,True,True,QUÉBEC,OTTAWA,2025-07-26,8,Ottawa,OTTW,2025-07-27T01:48:40Z,2025-07-27T00:51:00Z,ARR,bad,57.0
66,True,True,TORONTO,MONTRÉAL,2025-07-26,0,Toronto,TRTO,2025-07-26T19:46:00Z,2025-07-26T19:23:00Z,ARR,bad,23.0
66,True,True,TORONTO,MONTRÉAL,2025-07-26,1,Guildwood,GUIL,2025-07-26T20:15:26Z,2025-07-26T19:40:00Z,ARR,bad,35.0
66,True,True,TORONTO,MONTRÉAL,2025-07-26,2,Oshawa,OSHA,2025-07-26T20:35:43Z,2025-07-26T19:54:00Z,ARR,bad,41.0
66,True,True,TORONTO,MONTRÉAL,2025-07-26,3,Belleville,BLVL,2025-07-26T21:46:44Z,2025-07-26T21:00:00Z,ARR,bad,46.0
66,True,True,TORONTO,MONTRÉAL,2025-07-26,4,Kingston,KGON,2025-07-26T22:40:33Z,2025-07-26T21:40:00Z,ARR,bad,60.0
66,True,True,TORONTO,MONTRÉAL,2025-07-26,5,Cornwall,CWLL,2025-07-27T00:14:45Z,2025-07-26T23:07:00Z,ARR,bad,67.0
66,True,True,TORONTO,MONTRÉAL,2025-07-26,6,Dorval,DORV,2025-07-27T01:09:30Z,2025-07-26T23:58:00Z,ARR,bad,71.0
66,True,True,TORONTO,MONTRÉAL,2025-07-26,7,Montréal,MTRL,2025-07-27T01:39:41Z,2025-07-27T00:25:00Z,ARR,bad,74.0
46,True,True,TORONTO,OTTAWA,2025-07-26,0,Toronto,TRTO,2025-07-26T19:38:00Z,2025-07-26T19:38:00Z,ARR,goo,0.0
46,True,True,TORONTO,OTTAWA,2025-07-26,1,Oshawa,OSHA,2025-07-26T20:13:20Z,2025-07-26T20:09:00Z,ARR,goo,4.0
46,True,True,TORONTO,OTTAWA,2025-07-26,2,Cobourg,CBRG,2025-07-26T20:58:24Z,2025-07-26T20:43:00Z,ARR,bad,15.0
46,True,True,TORONTO,OTTAWA,2025-07-26,3,Kingston,KGON,2025-07-26T22:27:38Z,2025-07-26T21:54:00Z,ARR,bad,33.0
46,True,True,TORONTO,OTTAWA,2025-07-26,4,Brockville,BRKV,2025-07-26T23:19:06Z,2025-07-26T22:40:00Z,ARR,bad,39.0
46,True,True,TORONTO,OTTAWA,2025-07-26,5,Fallowfield,FALL,2025-07-27T00:16:10Z,2025-07-26T23:40:00Z,ARR,bad,36.0
46,True,True,TORONTO,OTTAWA,2025-07-26,6,Ottawa,OTTW,2025-07-27T00:35:17Z,2025-07-27T00:00:00Z,ARR,bad,35.0
28,True,True,OTTAWA,QUÉBEC,2025-07-26,0,Ottawa,OTTW,2025-07-26T20:05:00Z,2025-07-26T20:05:00Z,ARR,goo,0.0
28,True,True,OTTAWA,QUÉBEC,2025-07-26,1,Casselman,CSLM,2025-07-26T20:29:32Z,2025-07-26T20:31:00Z,ARR,goo,-1.0
28,True,True,OTTAWA,QUÉBEC,2025-07-26,2,Alexandria,ALEX,2025-07-26T20:52:16Z,2025-07-26T20:53:00Z,ARR,goo,0.0
28,True,True,OTTAWA,QUÉBEC,2025-07-26,3,Coteau,COTO,2025-07-26T21:13:52Z,2025-07-26T21:15:00Z,ARR,goo,-1.0
28,True,True,OTTAWA,QUÉBEC,2025-07-26,4,Dorval,DORV,2025-07-26T21:46:27Z,2025-07-26T21:38:00Z,ARR,med,8.0
28,True,True,OTTAWA,QUÉBEC,2025-07-26,5,Montréal,MTRL,2025-07-26T22:09:53Z,2025-07-26T22:04:00Z,ARR,med,5.0
28,True,True,OTTAWA,QUÉBEC,2025-07-26,6,St. Lambert,SLAM,2025-07-26T22:46:15Z,2025-07-26T22:38:00Z,ARR,med,8.0
28,True,True,OTTAWA,QUÉBEC,2025-07-26,7,St. Hyacinthe,SHYA,2025-07-26T23:16:57Z,2025-07-26T23:06:00Z,ARR,med,10.0
28,True,True,OTTAWA,QUÉBEC,2025-07-26,8,Drummondville,DRMV,2025-07-26T23:57:12Z,2025-07-26T23:52:00Z,ARR,med,5.0
28,True,True,OTTAWA,QUÉBEC,2025-07-26,9,Charny,CHNY,2025-07-27T01:27:41Z,2025-07-27T01:14:00Z,ARR,med,13.0
28,True,True,OTTAWA,QUÉBEC,2025-07-26,10,Ste-Foy,SFOY,2025-07-27T01:36:58Z,2025-07-27T01:21:00Z,ARR,bad,15.0
28,True,True,OTTAWA,QUÉBEC,2025-07-26,11,Québec,QBEC,2025-07-27T02:06:07Z,2025-07-27T01:48:00Z,ARR,bad,18.0
69,True,True,MONTRÉAL,TORONTO,2025-07-26,0,Montréal,MTRL,2025-07-26T20:38:00Z,2025-07-26T20:38:00Z,ARR,goo,0.0
69,True,True,MONTRÉAL,TORONTO,2025-07-26,1,Dorval,DORV,2025-07-26T21:03:23Z,2025-07-26T21:04:00Z,ARR,goo,0.0
69,True,True,MONTRÉAL,TORONTO,2025-07-26,2,Cornwall,CWLL,2025-07-26T22:01:54Z,2025-07-26T21:53:00Z,ARR,med,8.0
69,True,True,MONTRÉAL,TORONTO,2025-07-26,3,Brockville,BRKV,2025-07-26T22:53:25Z,2025-07-26T22:40:00Z,ARR,med,13.0
69,True,True,MONTRÉAL,TORONTO,2025-07-26,4,Kingston,KGON,2025-07-26T23:43:45Z,2025-07-26T23:24:00Z,ARR,bad,19.0
69,True,True,MONTRÉAL,TORONTO,2025-07-26,5,Oshawa,OSHA,2025-07-27T01:45:33Z,2025-07-27T01:05:00Z,ARR,bad,40.0
69,True,True,MONTRÉAL,TORONTO,2025-07-26,6,Guildwood,GUIL,2025-07-27T02:15:15Z,2025-07-27T01:28:00Z,ARR,bad,47.0
69,True,True,MONTRÉAL,TORONTO,2025-07-26,7,Toronto,TRTO,2025-07-27T02:34:04Z,2025-07-27T01:48:00Z,ARR,bad,46.0
75,True,True,TORONTO,WINDSOR,2025-07-26,0,Toronto,TRTO,2025-07-26T21:29:45Z,2025-07-26T21:22:00Z,ARR,med,7.0
75,True,True,TORONTO,WINDSOR,2025-07-26,1,Oakville,OAKV,2025-07-26T21:56:30Z,2025-07-26T21:45:00Z,ARR,med,11.0
75,True,True,TORONTO,WINDSOR,2025-07-26,2,Aldershot,ALDR,2025-07-26T22:13:46Z,2025-07-26T22:01:00Z,ARR,med,12.0
75,True,True,TORONTO,WINDSOR,2025-07-26,3,Brantford,BRTF,2025-07-26T23:08:05Z,2025-07-26T22:33:00Z,ARR,bad,35.0
75,True,True,TORONTO,WINDSOR,2025-07-26,4,Woodstock,WDST,2025-07-26T23:43:44Z,2025-07-26T23:04:00Z,ARR,bad,39.0
75,True,True,TORONTO,WINDSOR,2025-07-26,5,Ingersoll,INGR,2025-07-26T23:55:32Z,2025-07-26T23:19:00Z,ARR,bad,36.0
75,True,True,TORONTO,WINDSOR,2025-07-26,6,London,LNDN,2025-07-27T00:17:43Z,2025-07-26T23:47:00Z,ARR,bad,30.0
75,True,True,TORONTO,WINDSOR,2025-07-26,7,Glencoe,GLNC,2025-07-27T01:14:58Z,2025-07-27T00:21:00Z,ARR,bad,53.0
75,True,True,TORONTO,WINDSOR,2025-07-26,8,Chatham,CHAT,2025-07-27T01:56:42Z,2025-07-27T00:55:00Z,ARR,bad,61.0
75,True,True,TORONTO,WINDSOR,2025-07-26,9,Windsor,WDON,2025-07-27T02:40:23Z,2025-07-27T01:50:00Z,ARR,bad,50.0
54,True,True,TORONTO,OTTAWA,2025-07-26,0,Toronto,TRTO,2025-07-26T21:47:00Z,2025-07-26T21:38:00Z,ARR,med,9.0
54,True,True,TORONTO,OTTAWA,2025-07-26,1,Guildwood,GUIL,2025-07-26T22:05:17Z,2025-07-26T21:55:00Z,ARR,med,10.0
54,True,True,TORONTO,OTTAWA,2025-07-26,2,Oshawa,OSHA,2025-07-26T22:38:33Z,2025-07-26T22:08:00Z,ARR,bad,30.0
54,True,True,TORONTO,OTTAWA,2025-07-26,3,Port Hope,PHOP,2025-07-26T23:22:39Z,2025-07-26T22:37:00Z,ARR,bad,45.0
54,True,True,TORONTO,OTTAWA,2025-07-26,4,Cobourg,CBRG,2025-07-26T23:32:35Z,2025-07-26T22:46:00Z,ARR,bad,46.0
54,True,True,TORONTO,OTTAWA,2025-07-26,5,Trenton Jct.,TRNJ,2025-07-27T00:04:39Z,2025-07-26T23:13:01Z,ARR,bad,51.0
54,True,True,TORONTO,OTTAWA,2025-07-26,6,Belleville,BLVL,2025-07-27T00:19:35Z,2025-07-26T23:27:00Z,ARR,bad,52.0
54,True,True,TORONTO,OTTAWA,2025-07-26,7,Napanee,NAPN,2025-07-27T00:51:01Z,2025-07-26T23:48:00Z,ARR,bad,63.0
54,True,True,TORONTO,OTTAWA,2025-07-26,8,Kingston,KGON,2025-07-27T01:19:58Z,2025-07-27T00:09:00Z,ARR,bad,70.0
54,True,True,TORONTO,OTTAWA,2025-07-26,9,Brockville,BRKV,2025-07-27T02:14:58Z,2025-07-27T00:54:00Z,ARR,bad,80.0
54,True,True,TORONTO,OTTAWA,2025-07-26,10,Smiths Falls,SMTF,2025-07-27T02:49:24Z,2025-07-27T01:25:00Z,ARR,bad,84.0
54,True,True,TORONTO,OTTAWA,2025-07-26,11,Fallowfield,FALL,2025-07-27T03:15:40Z,2025-07-27T01:52:00Z,ARR,bad,83.0
54,True,True,TORONTO,OTTAWA,2025-07-26,12,Ottawa,OTTW,2025-07-27T03:35:51Z,2025-07-27T02:13:00Z,ARR,bad,82.0
68,True,True,TORONTO,MONTRÉAL,2025-07-26,0,Toronto,TRTO,2025-07-26T21:08:09Z,2025-07-26T21:08:00Z,ARR,goo,0.0
68,True,True,TORONTO,MONTRÉAL,2025-07-26,1,Oshawa,OSHA,2025-07-26T22:00:11Z,2025-07-26T21:39:00Z,ARR,bad,21.0
68,True,True,TORONTO,MONTRÉAL,2025-07-26,2,Cobourg,CBRG,2025-07-26T22:34:24Z,2025-07-26T22:14:00Z,ARR,bad,20.0
68,True,True,TORONTO,MONTRÉAL,2025-07-26,3,Belleville,BLVL,2025-07-26T23:08:42Z,2025-07-26T22:49:00Z,ARR,bad,19.0
68,True,True,TORONTO,MONTRÉAL,2025-07-26,4,Kingston,KGON,2025-07-26T23:53:07Z,2025-07-26T23:26:00Z,ARR,bad,27.0
68,True,True,TORONTO,MONTRÉAL,2025-07-26,5,Brockville,BRKV,2025-07-27T00:41:15Z,2025-07-27T00:11:00Z,ARR,bad,30.0
68,True,True,TORONTO,MONTRÉAL,2025-07-26,6,Cornwall,CWLL,2025-07-27T01:26:36Z,2025-07-27T00:57:00Z,ARR,bad,29.0
68,True,True,TORONTO,MONTRÉAL,2025-07-26,7,Dorval,DORV,2025-07-27T02:20:20Z,2025-07-27T01:47:00Z,ARR,bad,33.0
68,True,True,TORONTO,MONTRÉAL,2025-07-26,8,Montréal,MTRL,2025-07-27T02:50:33Z,2025-07-27T02:14:00Z,ARR,bad,36.0
87,True,False,TORONTO,SARNIA,2025-07-26,0,Toronto,TRTO,2025-07-26T23:26:00Z,2025-07-26T21:40:00Z,ARR,bad,106.0
87,True,False,TORONTO,SARNIA,2025-07-26,1,Malton,MALT,2025-07-26T23:46:00Z,2025-07-26T22:00:00Z,ARR,bad,106.0
87,True,False,TORONTO,SARNIA,2025-07-26,2,Brampton,BRMP,2025-07-26T23:58:00Z,2025-07-26T22:12:00Z,ARR,bad,106.0
87,True,False,TORONTO,SARNIA,2025-07-26,3,Georgetown,GEOR,2025-07-27T00:10:00Z,2025-07-26T22:24:00Z,ARR,bad,106.0
87,True,False,TORONTO,SARNIA,2025-07-26,4,Guelph,GUEL,2025-07-27T00:35:00Z,2025-07-26T22:49:00Z,ARR,bad,106.0
87,True,False,TORONTO,SARNIA,2025-07-26,5,Kitchener,KITC,2025-07-27T01:02:00Z,2025-07-26T23:16:00Z,ARR,bad,106.0
87,True,False,TORONTO,SARNIA,2025-07-26,6,Stratford,STRF,2025-07-27T02:06:00Z,2025-07-26T23:57:00Z,ARR,bad,129.0
87,True,False,TORONTO,SARNIA,2025-07-26,7,St.Marys,SMYS,2025-07-27T02:40:00Z,2025-07-27T00:25:00Z,ARR,bad,135.0
87,True,False,TORONTO,SARNIA,2025-07-26,8,London,LNDN,2025-07-27T03:15:00Z,2025-07-27T01:13:00Z,ARR,bad,122.0
87,True,False,TORONTO,SARNIA,2025-07-26,9,Strathroy,STRR,2025-07-27T04:05:00Z,2025-07-27T01:39:00Z,19 mins,bad,146.0
87,True,False,TORONTO,SARNIA,2025-07-26,10,Wyoming,WYOM,2025-07-27T04:33:00Z,2025-07-27T02:07:00Z,47 mins,bad,146.0
87,True,False,TORONTO,SARNIA,2025-07-26,11,Sarnia,SARN,2025-07-27T04:50:00Z,2025-07-27T02:24:00Z,1h04,bad,146.0
78,True,False,WINDSOR,TORONTO,2025-07-26,0,Windsor,WDON,2025-07-26T22:30:00Z,2025-07-26T21:40:00Z,ARR,bad,50.0
78,True,False,WINDSOR,TORONTO,2025-07-26,1,Chatham,CHAT,2025-07-26T23:39:35Z,2025-07-26T22:24:00Z,ARR,bad,75.0
78,True,False,WINDSOR,TORONTO,2025-07-26,2,Glencoe,GLNC,2025-07-27T00:27:47Z,2025-07-26T22:59:00Z,ARR,bad,88.0
78,True,False,WINDSOR,TORONTO,2025-07-26,3,London,LNDN,2025-07-27T01:05:09Z,2025-07-26T23:32:00Z,ARR,bad,93.0
78,True,False,WINDSOR,TORONTO,2025-07-26,4,Ingersoll,INGR,2025-07-27T01:34:55Z,2025-07-26T23:57:00Z,ARR,bad,97.0
78,True,False,WINDSOR,TORONTO,2025-07-26,5,Woodstock,WDST,2025-07-27T01:46:08Z,2025-07-27T00:08:00Z,ARR,bad,98.0
78,True,False,WINDSOR,TORONTO,2025-07-26,6,Brantford,BRTF,2025-07-27T02:42:45Z,2025-07-27T00:39:00Z,ARR,bad,123.0
78,True,False,WINDSOR,TORONTO,2025-07-26,7,Aldershot,ALDR,2025-07-27T03:14:52Z,2025-07-27T01:09:00Z,ARR,bad,125.0
78,True,False,WINDSOR,TORONTO,2025-07-26,8,Oakville,OAKV,2025-07-27T03:31:33Z,2025-07-27T01:24:00Z,ARR,bad,127.0
78,True,False,WINDSOR,TORONTO,2025-07-26,9,Toronto,TRTO,2025-07-27T03:58:12Z,2025-07-27T01:50:00Z,13 mins,bad,128.0
98,True,True,NIAGARA FALLS,TORONTO,2025-07-26,0,Niagara Falls,NIAG,2025-07-26T22:21:00Z,2025-07-26T21:45:00Z,ARR,bad,36.0
98,True,True,NIAGARA FALLS,TORONTO,2025-07-26,1,St. Catharines,SCAT,2025-07-26T22:42:00Z,2025-07-26T22:06:00Z,ARR,bad,36.0
98,True,True,NIAGARA FALLS,TORONTO,2025-07-26,2,Grimsby,GRIM,2025-07-26T23:02:00Z,2025-07-26T22:26:00Z,ARR,bad,36.0
98,True,True,NIAGARA FALLS,TORONTO,2025-07-26,3,Aldershot,ALDR,2025-07-26T23:40:00Z,2025-07-26T23:02:00Z,ARR,bad,38.0
98,True,True,NIAGARA FALLS,TORONTO,2025-07-26,4,Oakville,OAKV,2025-07-26T23:54:00Z,2025-07-26T23:16:00Z,ARR,bad,38.0
98,True,True,NIAGARA FALLS,TORONTO,2025-07-26,5,Toronto,TRTO,2025-07-27T00:21:00Z,2025-07-26T23:43:00Z,ARR,bad,38.0
29,True,True,QUÉBEC,MONTRÉAL,2025-07-26,0,Québec,QBEC,2025-07-26T21:45:10Z,2025-07-26T21:41:00Z,ARR,goo,4.0
29,True,True,QUÉBEC,MONTRÉAL,2025-07-26,1,Ste-Foy,SFOY,2025-07-26T22:14:05Z,2025-07-26T22:06:00Z,ARR,med,8.0
29,True,True,QUÉBEC,MONTRÉAL,2025-07-26,2,Drummondville,DRMV,2025-07-26T23:42:54Z,2025-07-26T23:42:00Z,ARR,goo,0.0
29,True,True,QUÉBEC,MONTRÉAL,2025-07-26,3,St. Hyacinthe,SHYA,2025-07-27T00:44:21Z,2025-07-27T00:18:00Z,ARR,bad,26.0
29,True,True,QUÉBEC,MONTRÉAL,2025-07-26,4,St. Lambert,SLAM,2025-07-27T01:14:19Z,2025-07-27T00:45:00Z,ARR,bad,29.0
29,True,True,QUÉBEC,MONTRÉAL,2025-07-26,5,Montréal,MTRL,2025-07-27T01:28:09Z,2025-07-27T01:00:00Z,ARR,bad,28.0
59,True,False,OTTAWA,TORONTO,2025-07-26,0,Ottawa,OTTW,2025-07-26T22:03:00Z,2025-07-26T22:03:00Z,ARR,goo,0.0
59,True,False,OTTAWA,TORONTO,2025-07-26,1,Fallowfield,FALL,2025-07-26T22:21:27Z,2025-07-26T22:20:00Z,ARR,goo,1.0
59,True,False,OTTAWA,TORONTO,2025-07-26,2,Smiths Falls,SMTF,2025-07-26T22:56:04Z,2025-07-26T22:51:00Z,ARR,med,5.0
59,True,False,OTTAWA,TORONTO,2025-07-26,3,Brockville,BRKV,2025-07-26T23:32:31Z,2025-07-26T23:25:00Z,ARR,med,7.0
59,True,False,OTTAWA,TORONTO,2025-07-26,4,Kingston,KGON,2025-07-27T00:22:16Z,2025-07-27T00:10:00Z,ARR,med,12.0
59,True,False,OTTAWA,TORONTO,2025-07-26,5,Belleville,BLVL,2025-07-27T01:15:15Z,2025-07-27T00:51:00Z,ARR,bad,24.0
59,True,False,OTTAWA,TORONTO,2025-07-26,6,Trenton Jct.,TRNJ,2025-07-27T01:30:42Z,2025-07-27T01:05:00Z,ARR,bad,25.0
59,True,False,OTTAWA,TORONTO,2025-07-26,7,Cobourg,CBRG,2025-07-27T02:06:29Z,2025-07-27T01:31:00Z,ARR,bad,35.0
59,True,False,OTTAWA,TORONTO,2025-07-26,8,Oshawa,OSHA,2025-07-27T02:55:54Z,2025-07-27T02:05:00Z,ARR,bad,50.0
59,True,False,OTTAWA,TORONTO,2025-07-26,9,Guildwood,GUIL,2025-07-27T03:28:56Z,2025-07-27T02:28:00Z,ARR,bad,60.0
59,True,False,OTTAWA,TORONTO,2025-07-26,10,Toronto,TRTO,2025-07-27T03:49:43Z,2025-07-27T02:48:00Z,4 mins,bad,61.0
38,True,True,OTTAWA,MONTRÉAL,2025-07-26,0,Ottawa,OTTW,2025-07-26T21:55:00Z,2025-07-26T21:55:00Z,ARR,goo,0.0
38,True,True,OTTAWA,MONTRÉAL,2025-07-26,1,Casselman,CSLM,2025-07-26T22:20:44Z,2025-07-26T22:26:00Z,ARR,goo,-5.0
38,True,True,OTTAWA,MONTRÉAL,2025-07-26,2,Alexandria,ALEX,2025-07-26T22:58:44Z,2025-07-26T22:49:00Z,ARR,med,9.0
38,True,True,OTTAWA,MONTRÉAL,2025-07-26,3,Dorval,DORV,2025-07-26T23:59:04Z,2025-07-26T23:33:00Z,ARR,bad,26.0
38,True,True,OTTAWA,MONTRÉAL,2025-07-26,4,Montréal,MTRL,2025-07-27T00:26:51Z,2025-07-26T23:57:00Z,ARR,bad,29.0
79,True,False,TORONTO,WINDSOR,2025-07-26,0,Toronto,TRTO,2025-07-27T00:24:00Z,2025-07-26T23:45:00Z,ARR,bad,39.0
79,True,False,TORONTO,WINDSOR,2025-07-26,1,Oakville,OAKV,2025-07-27T00:52:12Z,2025-07-27T00:07:00Z,ARR,bad,45.0
79,True,False,TORONTO,WINDSOR,2025-07-26,2,Aldershot,ALDR,2025-07-27T01:31:42Z,2025-07-27T00:22:00Z,ARR,bad,69.0
79,True,False,TORONTO,WINDSOR,2025-07-26,3,Brantford,BRTF,2025-07-27T02:04:38Z,2025-07-27T00:50:00Z,ARR,bad,74.0
79,True,False,TORONTO,WINDSOR,2025-07-26,4,Woodstock,WDST,2025-07-27T02:39:30Z,2025-07-27T01:17:00Z,ARR,bad,82.0
79,True,False,TORONTO,WINDSOR,2025-07-26,5,Ingersoll,INGR,2025-07-27T02:50:26Z,2025-07-27T01:30:00Z,ARR,bad,80.0
79,True,False,TORONTO,WINDSOR,2025-07-26,6,London,LNDN,2025-07-27T03:13:05Z,2025-07-27T01:52:00Z,ARR,bad,81.0
79,True,False,TORONTO,WINDSOR,2025-07-26,7,Glencoe,GLNC,2025-07-27T03:48:51Z,2025-07-27T02:25:00Z,3 mins,bad,83.0
79,True,False,TORONTO,WINDSOR,2025-07-26,8,Chatham,CHAT,2025-07-27T04:20:51Z,2025-07-27T02:57:00Z,35 mins,bad,83.0
79,True,False,TORONTO,WINDSOR,2025-07-26,9,Windsor,WDON,2025-07-27T05:07:51Z,2025-07-27T03:44:00Z,1h22,bad,83.0
