train_id,departed,arrived,from,to,instance,stop_id,station,code,estimated,scheduled,eta,diff,diffMin
2 (07-11),True,True,VANCOUVER,TORONTO,2025-07-11,0,Vancouver,VCVR,2025-07-11T22:00:00Z,2025-07-11T22:00:00Z,ARR,goo,0.0
2 (07-11),True,True,VANCOUVER,TORONTO,2025-07-11,1,Mission Harbour,MSNH,2025-07-12T00:07:13Z,2025-07-11T23:35:00Z,ARR,bad,32.0
2 (07-11),True,True,VANCOUVER,TORONTO,2025-07-11,2,Agassiz,AGAS,2025-07-12T00:58:46Z,2025-07-12T00:03:00Z,ARR,bad,55.0
2 (07-11),True,True,VANCOUVER,TORONTO,2025-07-11,3,Katz,KATZ,2025-07-12T01:25:06Z,2025-07-12T00:17:00Z,ARR,bad,68.0
2 (07-11),True,True,VANCOUVER,TORONTO,2025-07-11,4,North Bend,NBND,2025-07-12T03:41:37Z,2025-07-12T02:46:00Z,ARR,bad,55.0
2 (07-11),True,True,VANCOUVER,TORONTO,2025-07-11,5,Ashcroft,ASHN,2025-07-12T06:49:12Z,2025-07-12T05:32:00Z,ARR,bad,77.0
2 (07-11),True,True,VANCOUVER,TORONTO,2025-07-11,6,Kamloops North,KAMN,2025-07-12T08:26:47Z,2025-07-12T07:17:00Z,ARR,bad,69.0
2 (07-11),True,True,VANCOUVER,TORONTO,2025-07-11,7,Clearwater,CLWT,2025-07-12T10:47:03Z,2025-07-12T09:58:00Z,ARR,bad,49.0
2 (07-11),True,True,VANCOUVER,TORONTO,2025-07-11,8,Blue River,BLUE,2025-07-12T12:58:49Z,2025-07-12T12:11:00Z,ARR,bad,47.0
2 (07-11),True,True,VANCOUVER,TORONTO,2025-07-11,9,Valemount,VLMT,2025-07-12T15:12:13Z,2025-07-12T14:01:00Z,ARR,bad,71.0
2 (07-11),True,True,VANCOUVER,TORONTO,2025-07-11,10,Jasper,JASP,2025-07-12T17:45:34Z,2025-07-12T17:00:00Z,ARR,bad,45.0
2 (07-11),True,True,VANCOUVER,TORONTO,2025-07-11,11,Hinton,HINT,2025-07-12T21:21:32Z,2025-07-12T19:45:00Z,ARR,bad,96.0
2 (07-11),True,True,VANCOUVER,TORONTO,2025-07-11,12,Edson,EDSN,2025-07-12T22:37:06Z,2025-07-12T21:19:00Z,ARR,bad,78.0
2 (07-11),True,True,VANCOUVER,TORONTO,2025-07-11,13,Evansburg,EVAN,2025-07-13T00:16:27Z,2025-07-12T22:28:00Z,ARR,bad,108.0
2 (07-11),True,True,VANCOUVER,TORONTO,2025-07-11,14,Edmonton,EDMO,2025-07-13T01:26:21Z,2025-07-13T00:50:00Z,ARR,bad,36.0
2 (07-11),True,True,VANCOUVER,TORONTO,2025-07-11,15,Viking,VKNG,2025-07-13T04:45:08Z,2025-07-13T03:53:00Z,ARR,bad,52.0
2 (07-11),True,True,VANCOUVER,TORONTO,2025-07-11,16,Wainwright,WAIN,2025-07-13T05:27:57Z,2025-07-13T06:14:00Z,ARR,goo,-46.0
2 (07-11),True,True,VANCOUVER,TORONTO,2025-07-11,17,Unity,UNIT,2025-07-13T07:40:03Z,2025-07-13T07:47:00Z,ARR,goo,-6.0
2 (07-11),True,True,VANCOUVER,TORONTO,2025-07-11,18,Biggar,BIGG,2025-07-13T09:02:14Z,2025-07-13T09:21:00Z,ARR,goo,-18.0
2 (07-11),True,True,VANCOUVER,TORONTO,2025-07-11,19,Saskatoon,SASK,2025-07-13T10:01:06Z,2025-07-13T11:57:00Z,ARR,goo,-115.0
2 (07-11),True,True,VANCOUVER,TORONTO,2025-07-11,20,Watrous,WATR,2025-07-13T14:43:58Z,2025-07-13T14:26:00Z,ARR,bad,17.0
2 (07-11),True,True,VANCOUVER,TORONTO,2025-07-11,21,Melville,MELV,2025-07-13T18:32:46Z,2025-07-13T18:47:00Z,ARR,goo,-14.0
2 (07-11),True,True,VANCOUVER,TORONTO,2025-07-11,22,Rivers,RVRS,2025-07-14T02:47:20Z,2025-07-13T22:22:00Z,ARR,bad,265.0
2 (07-11),True,True,VANCOUVER,TORONTO,2025-07-11,23,Portage La Prairie,PLPX,2025-07-14T04:37:29Z,2025-07-14T00:15:00Z,ARR,bad,262.0
2 (07-11),True,True,VANCOUVER,TORONTO,2025-07-11,24,Winnipeg,WNPG,2025-07-14T05:47:26Z,2025-07-14T03:00:00Z,ARR,bad,167.0
2 (07-11),True,True,VANCOUVER,TORONTO,2025-07-11,25,Elma,ELMA,2025-07-14T10:17:06Z,2025-07-14T05:37:00Z,ARR,bad,280.0
2 (07-11),True,True,VANCOUVER,TORONTO,2025-07-11,26,Brereton Lake,BRTL,2025-07-14T10:41:04Z,2025-07-14T05:58:00Z,ARR,bad,283.0
2 (07-11),True,True,VANCOUVER,TORONTO,2025-07-11,27,Ophir,OPHR,2025-07-14T10:58:11Z,2025-07-14T06:16:00Z,ARR,bad,282.0
2 (07-11),True,True,VANCOUVER,TORONTO,2025-07-11,28,Winnitoba,WNTB,2025-07-14T11:04:00Z,2025-07-14T06:21:00Z,ARR,bad,283.0
2 (07-11),True,True,VANCOUVER,TORONTO,2025-07-11,29,Rice Lake,RCLK,2025-07-14T11:12:05Z,2025-07-14T06:35:00Z,ARR,bad,277.0
2 (07-11),True,True,VANCOUVER,TORONTO,2025-07-11,30,Copelands Landing,COPE,2025-07-14T11:19:28Z,2025-07-14T06:38:00Z,ARR,bad,281.0
2 (07-11),True,True,VANCOUVER,TORONTO,2025-07-11,31,Malachi,MLCH,2025-07-14T11:21:28Z,2025-07-14T06:40:00Z,ARR,bad,281.0
2 (07-11),True,True,VANCOUVER,TORONTO,2025-07-11,32,Ottermere,OTTM,2025-07-14T11:26:40Z,2025-07-14T06:46:00Z,ARR,bad,280.0
2 (07-11),True,True,VANCOUVER,TORONTO,2025-07-11,33,Minaki,MNKI,2025-07-14T11:51:16Z,2025-07-14T07:03:00Z,ARR,bad,288.0
2 (07-11),True,True,VANCOUVER,TORONTO,2025-07-11,34,Redditt,RDDT,2025-07-14T12:15:40Z,2025-07-14T07:29:00Z,ARR,bad,286.0
2 (07-11),True,True,VANCOUVER,TORONTO,2025-07-11,35,Farlane,FARL,2025-07-14T12:51:54Z,2025-07-14T07:46:00Z,ARR,bad,305.0
2 (07-11),True,True,VANCOUVER,TORONTO,2025-07-11,36,Canyon,CNYK,2025-07-14T13:24:50Z,2025-07-14T08:23:00Z,ARR,bad,301.0
2 (07-11),True,True,VANCOUVER,TORONTO,2025-07-11,37,Red Lake Road,RLRX,2025-07-14T14:42:53Z,2025-07-14T08:51:00Z,ARR,bad,351.0
2 (07-11),True,True,VANCOUVER,TORONTO,2025-07-11,38,Richan,RCHN,2025-07-14T15:34:17Z,2025-07-14T09:28:00Z,ARR,bad,366.0
2 (07-11),True,True,VANCOUVER,TORONTO,2025-07-11,39,Sioux Lookout,SLKT,2025-07-14T17:04:07Z,2025-07-14T11:01:00Z,ARR,bad,363.0
2 (07-11),True,True,VANCOUVER,TORONTO,2025-07-11,40,Savant Lake,SAVL,2025-07-14T18:42:30Z,2025-07-14T13:14:00Z,ARR,bad,328.0
2 (07-11),True,True,VANCOUVER,TORONTO,2025-07-11,41,Flindt Landing,FLTL,2025-07-14T18:59:30Z,2025-07-14T13:31:00Z,ARR,bad,328.0
2 (07-11),True,True,VANCOUVER,TORONTO,2025-07-11,42,Allanwater Bridge,ALWB,2025-07-14T19:14:30Z,2025-07-14T13:46:00Z,ARR,bad,328.0
2 (07-11),True,True,VANCOUVER,TORONTO,2025-07-11,43,Collins,COLL,2025-07-14T19:54:30Z,2025-07-14T14:26:00Z,ARR,bad,328.0
2 (07-11),True,True,VANCOUVER,TORONTO,2025-07-11,44,Armstrong,ARMG,2025-07-14T21:24:09Z,2025-07-14T14:57:00Z,ARR,bad,387.0
2 (07-11),True,True,VANCOUVER,TORONTO,2025-07-11,45,Mud River,MUDR,2025-07-14T22:02:36Z,2025-07-14T15:29:00Z,ARR,bad,393.0
2 (07-11),True,True,VANCOUVER,TORONTO,2025-07-11,46,Ferland,FERL,2025-07-14T22:04:50Z,2025-07-14T15:37:00Z,ARR,bad,387.0
2 (07-11),True,True,VANCOUVER,TORONTO,2025-07-11,47,Auden,AUDN,2025-07-14T22:41:50Z,2025-07-14T16:14:00Z,ARR,bad,387.0
2 (07-11),True,True,VANCOUVER,TORONTO,2025-07-11,48,Nakina,NAKI,2025-07-14T23:34:11Z,2025-07-14T17:20:00Z,ARR,bad,374.0
2 (07-11),True,True,VANCOUVER,TORONTO,2025-07-11,49,Longlac,LLAC,2025-07-15T00:15:48Z,2025-07-14T18:11:00Z,ARR,bad,364.0
2 (07-11),True,True,VANCOUVER,TORONTO,2025-07-11,50,Caramat,CARA,2025-07-15T00:42:23Z,2025-07-14T18:39:00Z,ARR,bad,363.0
2 (07-11),True,True,VANCOUVER,TORONTO,2025-07-11,51,Hillsport,HLSP,2025-07-15T01:28:00Z,2025-07-14T19:29:00Z,ARR,bad,359.0
2 (07-11),True,True,VANCOUVER,TORONTO,2025-07-11,52,Hornepayne,HNPN,2025-07-15T03:16:42Z,2025-07-14T21:44:00Z,ARR,bad,332.0
2 (07-11),True,True,VANCOUVER,TORONTO,2025-07-11,53,Oba,OBAX,2025-07-15T04:42:23Z,2025-07-14T23:30:00Z,ARR,bad,312.0
2 (07-11),True,True,VANCOUVER,TORONTO,2025-07-11,54,Elsas,ELSA,2025-07-15T06:16:23Z,2025-07-15T01:04:00Z,ARR,bad,312.0
2 (07-11),True,True,VANCOUVER,TORONTO,2025-07-11,55,Foleyet,FOLE,2025-07-15T07:51:45Z,2025-07-15T02:27:00Z,ARR,bad,324.0
2 (07-11),True,True,VANCOUVER,TORONTO,2025-07-11,56,Gogama,GOGA,2025-07-15T09:10:13Z,2025-07-15T04:02:00Z,ARR,bad,308.0
2 (07-11),True,True,VANCOUVER,TORONTO,2025-07-11,57,Westree,WSTR,2025-07-15T09:37:12Z,2025-07-15T04:35:00Z,ARR,bad,302.0
2 (07-11),True,True,VANCOUVER,TORONTO,2025-07-11,58,Ruel,RUEL,2025-07-15T09:52:15Z,2025-07-15T04:52:00Z,ARR,bad,300.0
2 (07-11),True,True,VANCOUVER,TORONTO,2025-07-11,59,Felix,FELX,2025-07-15T10:00:15Z,2025-07-15T05:00:00Z,ARR,bad,300.0
2 (07-11),True,True,VANCOUVER,TORONTO,2025-07-11,60,McKee's Camp,MCKC,2025-07-15T10:20:15Z,2025-07-15T05:20:00Z,ARR,bad,300.0
2 (07-11),True,True,VANCOUVER,TORONTO,2025-07-11,61,Laforest,LAFO,2025-07-15T10:33:15Z,2025-07-15T05:33:00Z,ARR,bad,300.0
2 (07-11),True,True,VANCOUVER,TORONTO,2025-07-11,62,Capreol,CAPR,2025-07-15T11:06:55Z,2025-07-15T07:47:00Z,ARR,bad,199.0
2 (07-11),True,True,VANCOUVER,TORONTO,2025-07-11,63,Sudbury (Jct.),SUDJ,2025-07-15T11:52:47Z,2025-07-15T08:49:00Z,ARR,bad,183.0
2 (07-11),True,True,VANCOUVER,TORONTO,2025-07-11,64,Parry Sound,PARS,2025-07-15T15:12:18Z,2025-07-15T12:00:00Z,ARR,bad,192.0
2 (07-11),True,True,VANCOUVER,TORONTO,2025-07-11,65,Washago,WSHG,2025-07-15T17:26:02Z,2025-07-15T14:00:00Z,ARR,bad,206.0
2 (07-11),True,True,VANCOUVER,TORONTO,2025-07-11,66,Toronto,TRTO,2025-07-15T20:04:16Z,2025-07-15T18:29:00Z,ARR,bad,95.0
693 (07-13),True,True,WINNIPEG,CHURCHILL,2025-07-13,0,Winnipeg,WNPG,2025-07-13T17:05:00Z,2025-07-13T17:05:00Z,ARR,goo,0.0
693 (07-13),True,True,WINNIPEG,CHURCHILL,2025-07-13,1,Portage La Prairie,PLPX,2025-07-13T19:55:32Z,2025-07-13T18:15:00Z,ARR,bad,100.0
693 (07-13),True,True,WINNIPEG,CHURCHILL,2025-07-13,2,Gladstone,GSTO,2025-07-13T19:21:25Z,2025-07-13T19:07:00Z,ARR,med,14.0
693 (07-13),True,True,WINNIPEG,CHURCHILL,2025-07-13,3,Plumas,PLUM,2025-07-13T19:55:56Z,2025-07-13T19:44:00Z,ARR,med,11.0
693 (07-13),True,True,WINNIPEG,CHURCHILL,2025-07-13,4,Glenella,GLNA,2025-07-13T20:43:30Z,2025-07-13T20:16:00Z,ARR,bad,27.0
693 (07-13),True,True,WINNIPEG,CHURCHILL,2025-07-13,5,Mccreary,MCCR,2025-07-13T21:28:21Z,2025-07-13T20:57:00Z,ARR,bad,31.0
693 (07-13),True,True,WINNIPEG,CHURCHILL,2025-07-13,6,Laurier,LRIE,2025-07-13T21:44:36Z,2025-07-13T21:15:00Z,ARR,bad,29.0
693 (07-13),True,True,WINNIPEG,CHURCHILL,2025-07-13,7,Ochre River,OCHR,2025-07-13T22:01:42Z,2025-07-13T21:36:00Z,ARR,bad,25.0
693 (07-13),True,True,WINNIPEG,CHURCHILL,2025-07-13,8,Dauphin,DAUP,2025-07-13T22:24:08Z,2025-07-13T21:56:00Z,ARR,bad,28.0
693 (07-13),True,True,WINNIPEG,CHURCHILL,2025-07-13,9,Gilbert Plains,GLBP,2025-07-13T23:16:40Z,2025-07-13T22:44:00Z,ARR,bad,32.0
693 (07-13),True,True,WINNIPEG,CHURCHILL,2025-07-13,10,Grandview,GVIE,2025-07-13T23:48:25Z,2025-07-13T23:00:00Z,ARR,bad,48.0
693 (07-13),True,True,WINNIPEG,CHURCHILL,2025-07-13,11,Roblin,RBLN,2025-07-14T01:01:50Z,2025-07-13T23:55:00Z,ARR,bad,66.0
693 (07-13),True,True,WINNIPEG,CHURCHILL,2025-07-13,12,Togo,TOGO,2025-07-14T01:31:19Z,2025-07-14T00:22:00Z,ARR,bad,69.0
693 (07-13),True,True,WINNIPEG,CHURCHILL,2025-07-13,13,Kamsack,KAMS,2025-07-14T02:05:05Z,2025-07-14T00:59:00Z,ARR,bad,66.0
693 (07-13),True,True,WINNIPEG,CHURCHILL,2025-07-13,14,Veregin,VERE,2025-07-14T02:18:32Z,2025-07-14T01:12:00Z,ARR,bad,66.0
693 (07-13),True,True,WINNIPEG,CHURCHILL,2025-07-13,15,Mikado,MIKA,2025-07-14T02:29:12Z,2025-07-14T01:22:00Z,ARR,bad,67.0
693 (07-13),True,True,WINNIPEG,CHURCHILL,2025-07-13,16,Canora,CANO,2025-07-14T02:41:44Z,2025-07-14T01:36:00Z,ARR,bad,65.0
693 (07-13),True,True,WINNIPEG,CHURCHILL,2025-07-13,17,Sturgis,STGS,2025-07-14T03:39:45Z,2025-07-14T02:21:00Z,ARR,bad,78.0
693 (07-13),True,True,WINNIPEG,CHURCHILL,2025-07-13,18,Endeavour,ENDV,2025-07-14T04:09:55Z,2025-07-14T02:54:00Z,ARR,bad,75.0
693 (07-13),True,True,WINNIPEG,CHURCHILL,2025-07-13,19,Reserve,RSRV,2025-07-14T04:59:50Z,2025-07-14T03:34:00Z,ARR,bad,85.0
693 (07-13),True,True,WINNIPEG,CHURCHILL,2025-07-13,20,Hudson Bay,HBAY,2025-07-14T05:52:21Z,2025-07-14T04:32:00Z,ARR,bad,80.0
693 (07-13),True,True,WINNIPEG,CHURCHILL,2025-07-13,21,The Pas,TPAS,2025-07-14T08:38:15Z,2025-07-14T06:45:00Z,ARR,bad,113.0
693 (07-13),True,True,WINNIPEG,CHURCHILL,2025-07-13,22,Orok,OROK,2025-07-14T09:32:39Z,2025-07-14T08:07:00Z,ARR,bad,85.0
693 (07-13),True,True,WINNIPEG,CHURCHILL,2025-07-13,23,Halcrow,HALC,2025-07-14T10:22:52Z,2025-07-14T09:01:00Z,ARR,bad,81.0
693 (07-13),True,True,WINNIPEG,CHURCHILL,2025-07-13,24,Cormorant,CORM,2025-07-14T10:33:52Z,2025-07-14T09:12:00Z,ARR,bad,81.0
693 (07-13),True,True,WINNIPEG,CHURCHILL,2025-07-13,25,Dering,DERI,2025-07-14T10:41:52Z,2025-07-14T09:20:00Z,ARR,bad,81.0
693 (07-13),True,True,WINNIPEG,CHURCHILL,2025-07-13,26,Dyce,DYCE,2025-07-14T11:20:52Z,2025-07-14T09:59:00Z,ARR,bad,81.0
693 (07-13),True,True,WINNIPEG,CHURCHILL,2025-07-13,27,Wekusko,WEKU,2025-07-14T11:58:47Z,2025-07-14T10:43:00Z,ARR,bad,75.0
693 (07-13),True,True,WINNIPEG,CHURCHILL,2025-07-13,28,Turnbull,TURN,2025-07-14T12:22:18Z,2025-07-14T11:10:00Z,ARR,bad,72.0
693 (07-13),True,True,WINNIPEG,CHURCHILL,2025-07-13,29,Ponton,PNTN,2025-07-14T12:54:18Z,2025-07-14T11:42:00Z,ARR,bad,72.0
693 (07-13),True,True,WINNIPEG,CHURCHILL,2025-07-13,30,Pipun,PIPN,2025-07-14T13:37:18Z,2025-07-14T12:25:00Z,ARR,bad,72.0
693 (07-13),True,True,WINNIPEG,CHURCHILL,2025-07-13,31,Wabowden,WBDN,2025-07-14T14:00:18Z,2025-07-14T12:48:00Z,ARR,bad,72.0
693 (07-13),True,True,WINNIPEG,CHURCHILL,2025-07-13,32,Lyddal,LYDD,2025-07-14T14:28:18Z,2025-07-14T13:16:00Z,ARR,bad,72.0
693 (07-13),True,True,WINNIPEG,CHURCHILL,2025-07-13,33,Odhill,ODHI,2025-07-14T14:50:18Z,2025-07-14T13:38:00Z,ARR,bad,72.0
693 (07-13),True,True,WINNIPEG,CHURCHILL,2025-07-13,34,Hockin,HOCK,2025-07-14T15:23:41Z,2025-07-14T14:22:00Z,ARR,bad,61.0
693 (07-13),True,True,WINNIPEG,CHURCHILL,2025-07-13,35,Thicket Portage,THKP,2025-07-14T15:38:41Z,2025-07-14T14:37:00Z,ARR,bad,61.0
693 (07-13),True,True,WINNIPEG,CHURCHILL,2025-07-13,36,Leven,LEVN,2025-07-14T15:55:41Z,2025-07-14T14:54:00Z,ARR,bad,61.0
693 (07-13),True,True,WINNIPEG,CHURCHILL,2025-07-13,37,Thompson,THOM,2025-07-14T19:08:19Z,2025-07-14T17:00:00Z,ARR,bad,128.0
693 (07-13),True,True,WINNIPEG,CHURCHILL,2025-07-13,38,Sipiwesk,SIPI,2025-07-14T23:17:12Z,2025-07-14T23:35:00Z,ARR,goo,-17.0
693 (07-13),True,True,WINNIPEG,CHURCHILL,2025-07-13,39,Pikwitonei,PIKW,2025-07-14T23:43:52Z,2025-07-15T00:02:00Z,ARR,goo,-18.0
693 (07-13),True,True,WINNIPEG,CHURCHILL,2025-07-13,40,Bridgar,BRGR,2025-07-15T00:13:00Z,2025-07-15T00:13:00Z,ARR,goo,0.0
693 (07-13),True,True,WINNIPEG,CHURCHILL,2025-07-13,41,Pit Siding,PITS,2025-07-15T01:24:57Z,2025-07-15T01:35:00Z,ARR,goo,-10.0
693 (07-13),True,True,WINNIPEG,CHURCHILL,2025-07-13,42,Ilford,ILFO,2025-07-15T02:29:46Z,2025-07-15T02:36:00Z,ARR,goo,-6.0
693 (07-13),True,True,WINNIPEG,CHURCHILL,2025-07-13,43,Wivenhoe,WVHO,2025-07-15T03:27:26Z,2025-07-15T03:13:00Z,ARR,med,14.0
693 (07-13),True,True,WINNIPEG,CHURCHILL,2025-07-13,44,Gillam,GILL,2025-07-15T04:11:27Z,2025-07-15T04:00:01Z,ARR,med,11.0
693 (07-13),True,True,WINNIPEG,CHURCHILL,2025-07-13,45,Bird,BIRD,2025-07-15T05:25:20Z,2025-07-15T05:29:00Z,ARR,goo,-3.0
693 (07-13),True,True,WINNIPEG,CHURCHILL,2025-07-13,46,Amery,AMRY,2025-07-15T05:56:00Z,2025-07-15T05:52:00Z,ARR,goo,4.0
693 (07-13),True,True,WINNIPEG,CHURCHILL,2025-07-13,47,Weir River,WEIR,2025-07-15T06:52:37Z,2025-07-15T06:43:00Z,ARR,med,9.0
693 (07-13),True,True,WINNIPEG,CHURCHILL,2025-07-13,48,Thibaudeau,THIB,2025-07-15T07:45:04Z,2025-07-15T08:00:00Z,ARR,goo,-14.0
693 (07-13),True,True,WINNIPEG,CHURCHILL,2025-07-13,49,Herchmer,HERC,2025-07-15T09:26:00Z,2025-07-15T09:26:00Z,ARR,goo,0.0
693 (07-13),True,True,WINNIPEG,CHURCHILL,2025-07-13,50,O'Day,ODAY,2025-07-15T10:05:00Z,2025-07-15T10:05:00Z,ARR,goo,0.0
693 (07-13),True,True,WINNIPEG,CHURCHILL,2025-07-13,51,M'Clintock,MCLI,2025-07-15T10:50:00Z,2025-07-15T10:50:00Z,ARR,goo,0.0
693 (07-13),True,True,WINNIPEG,CHURCHILL,2025-07-13,52,Chesnaye,CHES,2025-07-15T12:06:00Z,2025-07-15T12:06:00Z,ARR,goo,0.0
693 (07-13),True,True,WINNIPEG,CHURCHILL,2025-07-13,53,Tidal,TIDL,2025-07-15T12:00:40Z,2025-07-15T13:37:00Z,ARR,goo,-96.0
693 (07-13),True,True,WINNIPEG,CHURCHILL,2025-07-13,54,Churchill,CHUR,2025-07-15T12:48:57Z,2025-07-15T14:00:00Z,ARR,goo,-71.0
1 (07-13),True,False,TORONTO,VANCOUVER,2025-07-13,0,Toronto,TRTO,2025-07-13T13:55:18Z,2025-07-13T13:55:00Z,ARR,goo,0.0
1 (07-13),True,False,TORONTO,VANCOUVER,2025-07-13,1,Washago,WSHG,2025-07-13T17:05:45Z,2025-07-13T16:25:00Z,ARR,bad,40.0
1 (07-13),True,False,TORONTO,VANCOUVER,2025-07-13,2,South Parry,SPAR,2025-07-13T19:02:53Z,2025-07-13T18:27:00Z,ARR,bad,35.0
1 (07-13),True,False,TORONTO,VANCOUVER,2025-07-13,3,Sudbury (Jct.),SUDJ,2025-07-13T21:33:13Z,2025-07-13T20:57:00Z,ARR,bad,36.0
1 (07-13),True,False,TORONTO,VANCOUVER,2025-07-13,4,Capreol,CAPR,2025-07-13T22:16:46Z,2025-07-13T21:22:00Z,ARR,bad,54.0
1 (07-13),True,False,TORONTO,VANCOUVER,2025-07-13,5,Laforest,LAFO,2025-07-14T00:19:55Z,2025-07-13T22:48:00Z,ARR,bad,91.0
1 (07-13),True,False,TORONTO,VANCOUVER,2025-07-13,6,McKee's Camp,MCKC,2025-07-14T00:32:55Z,2025-07-13T23:01:00Z,ARR,bad,91.0
1 (07-13),True,False,TORONTO,VANCOUVER,2025-07-13,7,Felix,FELX,2025-07-14T00:52:55Z,2025-07-13T23:21:00Z,ARR,bad,91.0
1 (07-13),True,False,TORONTO,VANCOUVER,2025-07-13,8,Ruel,RUEL,2025-07-14T00:59:55Z,2025-07-13T23:28:00Z,ARR,bad,91.0
1 (07-13),True,False,TORONTO,VANCOUVER,2025-07-13,9,Westree,WSTR,2025-07-14T01:50:27Z,2025-07-13T23:45:00Z,ARR,bad,125.0
1 (07-13),True,False,TORONTO,VANCOUVER,2025-07-13,10,Gogama,GOGA,2025-07-14T02:40:50Z,2025-07-14T00:18:00Z,ARR,bad,142.0
1 (07-13),True,False,TORONTO,VANCOUVER,2025-07-13,11,Foleyet,FOLE,2025-07-14T04:20:53Z,2025-07-14T02:44:00Z,ARR,bad,96.0
1 (07-13),True,False,TORONTO,VANCOUVER,2025-07-13,12,Elsas,ELSA,2025-07-14T05:21:42Z,2025-07-14T03:38:00Z,ARR,bad,103.0
1 (07-13),True,False,TORONTO,VANCOUVER,2025-07-13,13,Oba,OBAX,2025-07-14T07:21:42Z,2025-07-14T05:38:00Z,ARR,bad,103.0
1 (07-13),True,False,TORONTO,VANCOUVER,2025-07-13,14,Hornepayne,HNPN,2025-07-14T08:02:47Z,2025-07-14T06:29:00Z,ARR,bad,93.0
1 (07-13),True,False,TORONTO,VANCOUVER,2025-07-13,15,Hillsport,HLSP,2025-07-14T09:44:18Z,2025-07-14T08:05:00Z,ARR,bad,99.0
1 (07-13),True,False,TORONTO,VANCOUVER,2025-07-13,16,Caramat,CARA,2025-07-14T10:35:11Z,2025-07-14T08:55:00Z,ARR,bad,100.0
1 (07-13),True,False,TORONTO,VANCOUVER,2025-07-13,17,Longlac,LLAC,2025-07-14T10:58:34Z,2025-07-14T09:34:00Z,ARR,bad,84.0
1 (07-13),True,False,TORONTO,VANCOUVER,2025-07-13,18,Nakina,NAKI,2025-07-14T12:03:03Z,2025-07-14T10:13:00Z,ARR,bad,110.0
1 (07-13),True,False,TORONTO,VANCOUVER,2025-07-13,19,Auden,AUDN,2025-07-14T13:09:17Z,2025-07-14T11:19:00Z,ARR,bad,110.0
1 (07-13),True,False,TORONTO,VANCOUVER,2025-07-13,20,Ferland,FERL,2025-07-14T13:46:17Z,2025-07-14T11:56:00Z,ARR,bad,110.0
1 (07-13),True,False,TORONTO,VANCOUVER,2025-07-13,21,Mud River,MUDR,2025-07-14T13:55:17Z,2025-07-14T12:05:00Z,ARR,bad,110.0
1 (07-13),True,False,TORONTO,VANCOUVER,2025-07-13,22,Armstrong,ARMG,2025-07-14T14:26:16Z,2025-07-14T13:17:00Z,ARR,bad,69.0
1 (07-13),True,False,TORONTO,VANCOUVER,2025-07-13,23,Collins,COLL,2025-07-14T15:06:39Z,2025-07-14T13:47:00Z,ARR,bad,79.0
1 (07-13),True,False,TORONTO,VANCOUVER,2025-07-13,24,Allanwater Bridge,ALWB,2025-07-14T15:45:39Z,2025-07-14T14:26:00Z,ARR,bad,79.0
1 (07-13),True,False,TORONTO,VANCOUVER,2025-07-13,25,Flindt Landing,FLTL,2025-07-14T16:01:39Z,2025-07-14T14:42:00Z,ARR,bad,79.0
1 (07-13),True,False,TORONTO,VANCOUVER,2025-07-13,26,Savant Lake,SAVL,2025-07-14T16:18:39Z,2025-07-14T14:59:00Z,ARR,bad,79.0
1 (07-13),True,False,TORONTO,VANCOUVER,2025-07-13,27,Sioux Lookout,SLKT,2025-07-14T18:30:19Z,2025-07-14T16:25:00Z,ARR,bad,125.0
1 (07-13),True,False,TORONTO,VANCOUVER,2025-07-13,28,Richan,RCHN,2025-07-14T20:54:16Z,2025-07-14T18:05:00Z,ARR,bad,169.0
1 (07-13),True,False,TORONTO,VANCOUVER,2025-07-13,29,Red Lake Road,RLRX,2025-07-14T21:27:20Z,2025-07-14T18:41:00Z,ARR,bad,166.0
1 (07-13),True,False,TORONTO,VANCOUVER,2025-07-13,30,Canyon,CNYK,2025-07-14T22:00:09Z,2025-07-14T19:10:00Z,ARR,bad,170.0
1 (07-13),True,False,TORONTO,VANCOUVER,2025-07-13,31,Farlane,FARL,2025-07-14T22:38:38Z,2025-07-14T19:47:00Z,ARR,bad,171.0
1 (07-13),True,False,TORONTO,VANCOUVER,2025-07-13,32,Redditt,RDDT,2025-07-14T22:55:32Z,2025-07-14T20:23:00Z,ARR,bad,152.0
1 (07-13),True,False,TORONTO,VANCOUVER,2025-07-13,33,Minaki,MNKI,2025-07-14T23:09:25Z,2025-07-14T20:44:00Z,ARR,bad,145.0
1 (07-13),True,False,TORONTO,VANCOUVER,2025-07-13,34,Ottermere,OTTM,2025-07-14T23:32:42Z,2025-07-14T21:01:00Z,ARR,bad,151.0
1 (07-13),True,False,TORONTO,VANCOUVER,2025-07-13,35,Malachi,MLCH,2025-07-14T23:42:23Z,2025-07-14T21:07:00Z,ARR,bad,155.0
1 (07-13),True,False,TORONTO,VANCOUVER,2025-07-13,36,Copelands Landing,COPE,2025-07-14T23:44:23Z,2025-07-14T21:09:00Z,ARR,bad,155.0
1 (07-13),True,False,TORONTO,VANCOUVER,2025-07-13,37,Rice Lake,RCLK,2025-07-14T23:50:41Z,2025-07-14T21:12:00Z,ARR,bad,158.0
1 (07-13),True,False,TORONTO,VANCOUVER,2025-07-13,38,Winnitoba,WNTB,2025-07-15T00:00:40Z,2025-07-14T21:26:00Z,ARR,bad,154.0
1 (07-13),True,False,TORONTO,VANCOUVER,2025-07-13,39,Ophir,OPHR,2025-07-14T23:58:35Z,2025-07-14T21:31:00Z,ARR,bad,147.0
1 (07-13),True,False,TORONTO,VANCOUVER,2025-07-13,40,Brereton Lake,BRTL,2025-07-15T00:39:11Z,2025-07-14T21:49:00Z,ARR,bad,170.0
1 (07-13),True,False,TORONTO,VANCOUVER,2025-07-13,41,Elma,ELMA,2025-07-15T00:54:07Z,2025-07-14T22:10:00Z,ARR,bad,164.0
1 (07-13),True,False,TORONTO,VANCOUVER,2025-07-13,42,Winnipeg,WNPG,2025-07-15T02:16:16Z,2025-07-15T00:30:00Z,ARR,bad,106.0
1 (07-13),True,False,TORONTO,VANCOUVER,2025-07-13,43,Portage La Prairie,PLPX,2025-07-15T06:01:33Z,2025-07-15T04:04:00Z,ARR,bad,117.0
1 (07-13),True,False,TORONTO,VANCOUVER,2025-07-13,44,Rivers,RVRS,2025-07-15T07:50:47Z,2025-07-15T06:31:00Z,ARR,bad,79.0
1 (07-13),True,False,TORONTO,VANCOUVER,2025-07-13,45,Melville,MELV,2025-07-15T11:39:10Z,2025-07-15T10:54:00Z,ARR,bad,45.0
1 (07-13),True,False,TORONTO,VANCOUVER,2025-07-13,46,Watrous,WATR,2025-07-15T14:42:09Z,2025-07-15T13:54:00Z,ARR,bad,48.0
1 (07-13),True,False,TORONTO,VANCOUVER,2025-07-13,47,Saskatoon,SASK,2025-07-15T16:08:28Z,2025-07-15T15:50:00Z,ARR,bad,18.0
1 (07-13),True,False,TORONTO,VANCOUVER,2025-07-13,48,Biggar,BIGG,2025-07-15T19:06:13Z,2025-07-15T18:29:00Z,ARR,bad,37.0
1 (07-13),True,False,TORONTO,VANCOUVER,2025-07-13,49,Unity,UNIT,2025-07-15T20:29:00Z,2025-07-15T19:44:00Z,ARR,bad,45.0
1 (07-13),True,False,TORONTO,VANCOUVER,2025-07-13,50,Wainwright,WAIN,2025-07-15T22:47:59Z,2025-07-15T22:33:00Z,ARR,med,14.0
1 (07-13),True,False,TORONTO,VANCOUVER,2025-07-13,51,Viking,VKNG,2025-07-15T23:53:12Z,2025-07-15T23:26:00Z,ARR,bad,27.0
1 (07-13),True,False,TORONTO,VANCOUVER,2025-07-13,52,Edmonton,EDMO,2025-07-16T02:01:32Z,2025-07-16T02:50:00Z,ARR,goo,-48.0
1 (07-13),True,False,TORONTO,VANCOUVER,2025-07-13,53,Evansburg,EVAN,2025-07-16T06:39:28Z,2025-07-16T07:29:00Z,3h13,goo,-49.0
1 (07-13),True,False,TORONTO,VANCOUVER,2025-07-13,54,Edson,EDSN,2025-07-16T08:52:00Z,2025-07-16T08:52:00Z,5h26,goo,0.0
1 (07-13),True,False,TORONTO,VANCOUVER,2025-07-13,55,Hinton,HINT,&mdash;,2025-07-16T09:58:00Z,&mdash;,,
1 (07-13),True,False,TORONTO,VANCOUVER,2025-07-13,56,Jasper,JASP,&mdash;,2025-07-16T12:30:00Z,&mdash;,,
2 (07-14),True,False,VANCOUVER,TORONTO,2025-07-14,0,Vancouver,VCVR,2025-07-14T22:06:00Z,2025-07-14T22:00:00Z,ARR,med,6.0
2 (07-14),True,False,VANCOUVER,TORONTO,2025-07-14,1,Mission Harbour,MSNH,2025-07-15T00:32:43Z,2025-07-14T23:35:00Z,ARR,bad,57.0
2 (07-14),True,False,VANCOUVER,TORONTO,2025-07-14,2,Agassiz,AGAS,2025-07-15T01:19:55Z,2025-07-15T00:03:00Z,ARR,bad,76.0
2 (07-14),True,False,VANCOUVER,TORONTO,2025-07-14,3,Katz,KATZ,2025-07-15T01:42:45Z,2025-07-15T00:17:00Z,ARR,bad,85.0
2 (07-14),True,False,VANCOUVER,TORONTO,2025-07-14,4,North Bend,NBND,2025-07-15T03:32:05Z,2025-07-15T02:46:00Z,ARR,bad,46.0
2 (07-14),True,False,VANCOUVER,TORONTO,2025-07-14,5,Ashcroft,ASHN,2025-07-15T05:55:09Z,2025-07-15T05:32:00Z,ARR,bad,23.0
2 (07-14),True,False,VANCOUVER,TORONTO,2025-07-14,6,Kamloops North,KAMN,2025-07-15T07:25:40Z,2025-07-15T07:17:00Z,ARR,med,8.0
2 (07-14),True,False,VANCOUVER,TORONTO,2025-07-14,7,Clearwater,CLWT,2025-07-15T10:02:44Z,2025-07-15T09:58:00Z,ARR,goo,4.0
2 (07-14),True,False,VANCOUVER,TORONTO,2025-07-14,8,Blue River,BLUE,2025-07-15T11:49:32Z,2025-07-15T12:11:00Z,ARR,goo,-21.0
2 (07-14),True,False,VANCOUVER,TORONTO,2025-07-14,9,Valemount,VLMT,2025-07-15T14:21:34Z,2025-07-15T14:01:00Z,ARR,bad,20.0
2 (07-14),True,False,VANCOUVER,TORONTO,2025-07-14,10,Jasper,JASP,2025-07-15T16:37:03Z,2025-07-15T17:00:00Z,ARR,goo,-22.0
2 (07-14),True,False,VANCOUVER,TORONTO,2025-07-14,11,Hinton,HINT,2025-07-15T21:53:07Z,2025-07-15T19:45:00Z,ARR,bad,128.0
2 (07-14),True,False,VANCOUVER,TORONTO,2025-07-14,12,Edson,EDSN,2025-07-16T00:17:44Z,2025-07-15T21:19:00Z,ARR,bad,178.0
2 (07-14),True,False,VANCOUVER,TORONTO,2025-07-14,13,Evansburg,EVAN,2025-07-16T01:20:49Z,2025-07-15T22:28:00Z,ARR,bad,172.0
2 (07-14),True,False,VANCOUVER,TORONTO,2025-07-14,14,Edmonton,EDMO,2025-07-16T02:48:21Z,2025-07-16T00:50:00Z,ARR,bad,118.0
2 (07-14),True,False,VANCOUVER,TORONTO,2025-07-14,15,Viking,VKNG,2025-07-16T05:50:42Z,2025-07-16T03:53:00Z,2h25,bad,117.0
2 (07-14),True,False,VANCOUVER,TORONTO,2025-07-14,16,Wainwright,WAIN,2025-07-16T08:11:42Z,2025-07-16T06:14:00Z,4h46,bad,117.0
2 (07-14),True,False,VANCOUVER,TORONTO,2025-07-14,17,Unity,UNIT,&mdash;,2025-07-16T07:47:00Z,&mdash;,,
2 (07-14),True,False,VANCOUVER,TORONTO,2025-07-14,18,Biggar,BIGG,&mdash;,2025-07-16T09:21:00Z,&mdash;,,
2 (07-14),True,False,VANCOUVER,TORONTO,2025-07-14,19,Saskatoon,SASK,&mdash;,2025-07-16T11:57:00Z,&mdash;,,
2 (07-14),True,False,VANCOUVER,TORONTO,2025-07-14,20,Watrous,WATR,&mdash;,2025-07-16T14:26:00Z,&mdash;,,
693 (07-15),True,False,WINNIPEG,CHURCHILL,2025-07-15,0,Winnipeg,WNPG,2025-07-15T19:30:00Z,2025-07-15T17:05:00Z,ARR,bad,145.0
693 (07-15),True,False,WINNIPEG,CHURCHILL,2025-07-15,1,Portage La Prairie,PLPX,2025-07-15T20:40:00Z,2025-07-15T18:15:00Z,ARR,bad,145.0
693 (07-15),True,False,WINNIPEG,CHURCHILL,2025-07-15,2,Gladstone,GSTO,2025-07-15T21:32:00Z,2025-07-15T19:07:00Z,ARR,bad,145.0
693 (07-15),True,False,WINNIPEG,CHURCHILL,2025-07-15,3,Plumas,PLUM,2025-07-15T22:09:00Z,2025-07-15T19:44:00Z,ARR,bad,145.0
693 (07-15),True,False,WINNIPEG,CHURCHILL,2025-07-15,4,Glenella,GLNA,2025-07-15T22:41:00Z,2025-07-15T20:16:00Z,ARR,bad,145.0
693 (07-15),True,False,WINNIPEG,CHURCHILL,2025-07-15,5,Mccreary,MCCR,2025-07-16T00:07:52Z,2025-07-15T20:57:00Z,ARR,bad,190.0
693 (07-15),True,False,WINNIPEG,CHURCHILL,2025-07-15,6,Laurier,LRIE,2025-07-16T00:23:47Z,2025-07-15T21:15:00Z,ARR,bad,188.0
693 (07-15),True,False,WINNIPEG,CHURCHILL,2025-07-15,7,Ochre River,OCHR,2025-07-16T00:39:50Z,2025-07-15T21:36:00Z,ARR,bad,183.0
693 (07-15),True,False,WINNIPEG,CHURCHILL,2025-07-15,8,Dauphin,DAUP,2025-07-16T00:57:20Z,2025-07-15T21:56:00Z,ARR,bad,181.0
693 (07-15),True,False,WINNIPEG,CHURCHILL,2025-07-15,9,Gilbert Plains,GLBP,2025-07-16T01:50:56Z,2025-07-15T22:44:00Z,ARR,bad,186.0
693 (07-15),True,False,WINNIPEG,CHURCHILL,2025-07-15,10,Grandview,GVIE,2025-07-16T02:20:35Z,2025-07-15T23:00:00Z,ARR,bad,200.0
693 (07-15),True,False,WINNIPEG,CHURCHILL,2025-07-15,11,Roblin,RBLN,2025-07-16T03:27:52Z,2025-07-15T23:55:00Z,2 mins,bad,212.0
693 (07-15),True,False,WINNIPEG,CHURCHILL,2025-07-15,12,Togo,TOGO,2025-07-16T03:54:52Z,2025-07-16T00:22:00Z,29 mins,bad,212.0
693 (07-15),True,False,WINNIPEG,CHURCHILL,2025-07-15,13,Kamsack,KAMS,2025-07-16T04:31:52Z,2025-07-16T00:59:00Z,1h06,bad,212.0
693 (07-15),True,False,WINNIPEG,CHURCHILL,2025-07-15,14,Veregin,VERE,2025-07-16T04:44:52Z,2025-07-16T01:12:00Z,1h19,bad,212.0
693 (07-15),True,False,WINNIPEG,CHURCHILL,2025-07-15,15,Mikado,MIKA,2025-07-16T04:54:52Z,2025-07-16T01:22:00Z,1h29,bad,212.0
693 (07-15),True,False,WINNIPEG,CHURCHILL,2025-07-15,16,Canora,CANO,2025-07-16T05:08:52Z,2025-07-16T01:36:00Z,1h43,bad,212.0
693 (07-15),True,False,WINNIPEG,CHURCHILL,2025-07-15,17,Sturgis,STGS,2025-07-16T05:53:52Z,2025-07-16T02:21:00Z,2h28,bad,212.0
693 (07-15),True,False,WINNIPEG,CHURCHILL,2025-07-15,18,Endeavour,ENDV,2025-07-16T06:26:52Z,2025-07-16T02:54:00Z,3h01,bad,212.0
693 (07-15),True,False,WINNIPEG,CHURCHILL,2025-07-15,19,Reserve,RSRV,2025-07-16T07:06:52Z,2025-07-16T03:34:00Z,3h41,bad,212.0
693 (07-15),True,False,WINNIPEG,CHURCHILL,2025-07-15,20,Hudson Bay,HBAY,2025-07-16T08:04:52Z,2025-07-16T04:32:00Z,4h39,bad,212.0
693 (07-15),True,False,WINNIPEG,CHURCHILL,2025-07-15,21,The Pas,TPAS,2025-07-16T10:17:52Z,2025-07-16T06:45:00Z,6h52,bad,212.0
693 (07-15),True,False,WINNIPEG,CHURCHILL,2025-07-15,22,Orok,OROK,2025-07-16T11:39:52Z,2025-07-16T08:07:00Z,8h14,bad,212.0
693 (07-15),True,False,WINNIPEG,CHURCHILL,2025-07-15,23,Halcrow,HALC,2025-07-16T12:33:52Z,2025-07-16T09:01:00Z,9h08,bad,212.0
693 (07-15),True,False,WINNIPEG,CHURCHILL,2025-07-15,24,Cormorant,CORM,2025-07-16T12:44:52Z,2025-07-16T09:12:00Z,9h19,bad,212.0
693 (07-15),True,False,WINNIPEG,CHURCHILL,2025-07-15,25,Dering,DERI,2025-07-16T12:52:52Z,2025-07-16T09:20:00Z,9h27,bad,212.0
693 (07-15),True,False,WINNIPEG,CHURCHILL,2025-07-15,26,Dyce,DYCE,2025-07-16T13:31:52Z,2025-07-16T09:59:00Z,10h06,bad,212.0
693 (07-15),True,False,WINNIPEG,CHURCHILL,2025-07-15,27,Wekusko,WEKU,2025-07-16T14:15:52Z,2025-07-16T10:43:00Z,10h50,bad,212.0
693 (07-15),True,False,WINNIPEG,CHURCHILL,2025-07-15,28,Turnbull,TURN,2025-07-16T14:42:52Z,2025-07-16T11:10:00Z,11h17,bad,212.0
693 (07-15),True,False,WINNIPEG,CHURCHILL,2025-07-15,29,Ponton,PNTN,2025-07-16T15:14:52Z,2025-07-16T11:42:00Z,11h49,bad,212.0
693 (07-15),True,False,WINNIPEG,CHURCHILL,2025-07-15,30,Pipun,PIPN,2025-07-16T15:57:52Z,2025-07-16T12:25:00Z,12h32,bad,212.0
693 (07-15),True,False,WINNIPEG,CHURCHILL,2025-07-15,31,Wabowden,WBDN,2025-07-16T16:20:52Z,2025-07-16T12:48:00Z,12h55,bad,212.0
693 (07-15),True,False,WINNIPEG,CHURCHILL,2025-07-15,32,Lyddal,LYDD,2025-07-16T16:48:52Z,2025-07-16T13:16:00Z,13h23,bad,212.0
693 (07-15),True,False,WINNIPEG,CHURCHILL,2025-07-15,33,Odhill,ODHI,2025-07-16T17:10:52Z,2025-07-16T13:38:00Z,13h45,bad,212.0
693 (07-15),True,False,WINNIPEG,CHURCHILL,2025-07-15,34,Hockin,HOCK,2025-07-16T17:54:52Z,2025-07-16T14:22:00Z,14h29,bad,212.0
693 (07-15),True,False,WINNIPEG,CHURCHILL,2025-07-15,35,Thicket Portage,THKP,2025-07-16T18:09:52Z,2025-07-16T14:37:00Z,14h44,bad,212.0
693 (07-15),True,False,WINNIPEG,CHURCHILL,2025-07-15,36,Leven,LEVN,2025-07-16T18:26:52Z,2025-07-16T14:54:00Z,15h01,bad,212.0
693 (07-15),True,False,WINNIPEG,CHURCHILL,2025-07-15,37,Thompson,THOM,2025-07-16T20:32:52Z,2025-07-16T17:00:00Z,17h07,bad,212.0
20,True,True,MONTRÉAL,QUÉBEC,2025-07-15,0,Montréal,MTRL,2025-07-15T10:25:00Z,2025-07-15T10:25:00Z,ARR,goo,0.0
20,True,True,MONTRÉAL,QUÉBEC,2025-07-15,1,St. Lambert,SLAM,2025-07-15T10:41:32Z,2025-07-15T10:38:00Z,ARR,goo,3.0
20,True,True,MONTRÉAL,QUÉBEC,2025-07-15,2,St. Hyacinthe,SHYA,2025-07-15T11:16:34Z,2025-07-15T11:06:00Z,ARR,med,10.0
20,True,True,MONTRÉAL,QUÉBEC,2025-07-15,3,Drummondville,DRMV,2025-07-15T11:52:51Z,2025-07-15T11:43:00Z,ARR,med,9.0
20,True,True,MONTRÉAL,QUÉBEC,2025-07-15,4,Ste-Foy,SFOY,2025-07-15T13:17:24Z,2025-07-15T13:25:00Z,ARR,goo,-7.0
20,True,True,MONTRÉAL,QUÉBEC,2025-07-15,5,Québec,QBEC,2025-07-15T13:51:02Z,2025-07-15T13:52:00Z,ARR,goo,0.0
22,True,True,OTTAWA,QUÉBEC,2025-07-15,0,Ottawa,OTTW,2025-07-15T10:07:00Z,2025-07-15T10:07:00Z,ARR,goo,0.0
22,True,True,OTTAWA,QUÉBEC,2025-07-15,1,Casselman,CSLM,2025-07-15T10:31:34Z,2025-07-15T10:33:00Z,ARR,goo,-1.0
22,True,True,OTTAWA,QUÉBEC,2025-07-15,2,Alexandria,ALEX,2025-07-15T10:56:47Z,2025-07-15T10:55:00Z,ARR,goo,1.0
22,True,True,OTTAWA,QUÉBEC,2025-07-15,3,Coteau,COTO,2025-07-15T11:17:05Z,2025-07-15T11:23:00Z,ARR,goo,-5.0
22,True,True,OTTAWA,QUÉBEC,2025-07-15,4,Dorval,DORV,2025-07-15T11:51:07Z,2025-07-15T11:47:00Z,ARR,goo,4.0
22,True,True,OTTAWA,QUÉBEC,2025-07-15,5,Montréal,MTRL,2025-07-15T12:21:57Z,2025-07-15T12:11:00Z,ARR,med,10.0
22,True,True,OTTAWA,QUÉBEC,2025-07-15,6,St. Lambert,SLAM,2025-07-15T13:06:35Z,2025-07-15T12:49:00Z,ARR,bad,17.0
22,True,True,OTTAWA,QUÉBEC,2025-07-15,7,St. Hyacinthe,SHYA,2025-07-15T13:39:07Z,2025-07-15T13:16:00Z,ARR,bad,23.0
22,True,True,OTTAWA,QUÉBEC,2025-07-15,8,Drummondville,DRMV,2025-07-15T14:15:55Z,2025-07-15T13:44:00Z,ARR,bad,31.0
22,True,True,OTTAWA,QUÉBEC,2025-07-15,9,Ste-Foy,SFOY,2025-07-15T16:06:38Z,2025-07-15T15:19:00Z,ARR,bad,47.0
22,True,True,OTTAWA,QUÉBEC,2025-07-15,10,Québec,QBEC,2025-07-15T16:43:06Z,2025-07-15T15:47:00Z,ARR,bad,56.0
24,True,True,OTTAWA,QUÉBEC,2025-07-15,0,Ottawa,OTTW,2025-07-15T14:13:00Z,2025-07-15T14:13:00Z,ARR,goo,0.0
24,True,True,OTTAWA,QUÉBEC,2025-07-15,1,Alexandria,ALEX,2025-07-15T14:56:03Z,2025-07-15T15:03:00Z,ARR,goo,-6.0
24,True,True,OTTAWA,QUÉBEC,2025-07-15,2,Coteau,COTO,2025-07-15T15:22:12Z,2025-07-15T15:26:00Z,ARR,goo,-3.0
24,True,True,OTTAWA,QUÉBEC,2025-07-15,3,Dorval,DORV,2025-07-15T15:52:48Z,2025-07-15T15:50:00Z,ARR,goo,2.0
24,True,True,OTTAWA,QUÉBEC,2025-07-15,4,Montréal,MTRL,2025-07-15T16:14:38Z,2025-07-15T16:15:00Z,ARR,goo,0.0
24,True,True,OTTAWA,QUÉBEC,2025-07-15,5,St. Lambert,SLAM,2025-07-15T17:02:47Z,2025-07-15T16:58:00Z,ARR,goo,4.0
24,True,True,OTTAWA,QUÉBEC,2025-07-15,6,St. Hyacinthe,SHYA,2025-07-15T17:35:43Z,2025-07-15T17:26:00Z,ARR,med,9.0
24,True,True,OTTAWA,QUÉBEC,2025-07-15,7,Drummondville,DRMV,2025-07-15T18:11:47Z,2025-07-15T17:54:00Z,ARR,bad,17.0
24,True,True,OTTAWA,QUÉBEC,2025-07-15,8,Charny,CHNY,2025-07-15T20:15:59Z,2025-07-15T19:38:00Z,ARR,bad,37.0
24,True,True,OTTAWA,QUÉBEC,2025-07-15,9,Ste-Foy,SFOY,2025-07-15T20:24:01Z,2025-07-15T19:45:00Z,ARR,bad,39.0
24,True,True,OTTAWA,QUÉBEC,2025-07-15,10,Québec,QBEC,2025-07-15T21:14:40Z,2025-07-15T20:12:00Z,ARR,bad,62.0
37,True,True,QUÉBEC,OTTAWA,2025-07-15,0,Québec,QBEC,2025-07-15T16:45:18Z,2025-07-15T16:32:00Z,ARR,med,13.0
37,True,True,QUÉBEC,OTTAWA,2025-07-15,1,Ste-Foy,SFOY,2025-07-15T17:21:39Z,2025-07-15T16:57:00Z,ARR,bad,24.0
37,True,True,QUÉBEC,OTTAWA,2025-07-15,2,Drummondville,DRMV,2025-07-15T19:19:32Z,2025-07-15T18:44:00Z,ARR,bad,35.0
37,True,True,QUÉBEC,OTTAWA,2025-07-15,3,St. Hyacinthe,SHYA,2025-07-15T19:47:49Z,2025-07-15T19:12:00Z,ARR,bad,35.0
37,True,True,QUÉBEC,OTTAWA,2025-07-15,4,St. Lambert,SLAM,2025-07-15T20:21:09Z,2025-07-15T19:39:00Z,ARR,bad,42.0
37,True,True,QUÉBEC,OTTAWA,2025-07-15,5,Montréal,MTRL,2025-07-15T20:47:06Z,2025-07-15T19:54:00Z,ARR,bad,53.0
37,True,True,QUÉBEC,OTTAWA,2025-07-15,6,Dorval,DORV,2025-07-15T21:49:45Z,2025-07-15T20:54:00Z,ARR,bad,55.0
37,True,True,QUÉBEC,OTTAWA,2025-07-15,7,Coteau,COTO,2025-07-15T22:18:20Z,2025-07-15T21:23:00Z,ARR,bad,55.0
37,True,True,QUÉBEC,OTTAWA,2025-07-15,8,Alexandria,ALEX,2025-07-15T22:39:45Z,2025-07-15T21:45:00Z,ARR,bad,54.0
37,True,True,QUÉBEC,OTTAWA,2025-07-15,9,Ottawa,OTTW,2025-07-15T23:29:35Z,2025-07-15T22:37:00Z,ARR,bad,52.0
41,True,True,OTTAWA,TORONTO,2025-07-15,0,Ottawa,OTTW,2025-07-15T09:21:00Z,2025-07-15T09:21:00Z,ARR,goo,0.0
41,True,True,OTTAWA,TORONTO,2025-07-15,1,Fallowfield,FALL,2025-07-15T09:38:00Z,2025-07-15T09:38:00Z,ARR,goo,0.0
41,True,True,OTTAWA,TORONTO,2025-07-15,2,Smiths Falls,SMTF,2025-07-15T10:08:00Z,2025-07-15T10:08:00Z,ARR,goo,0.0
41,True,True,OTTAWA,TORONTO,2025-07-15,3,Brockville,BRKV,2025-07-15T10:40:00Z,2025-07-15T10:40:00Z,ARR,goo,0.0
41,True,True,OTTAWA,TORONTO,2025-07-15,4,Kingston,KGON,2025-07-15T11:25:00Z,2025-07-15T11:25:00Z,ARR,goo,0.0
41,True,True,OTTAWA,TORONTO,2025-07-15,5,Napanee,NAPN,2025-07-15T11:49:00Z,2025-07-15T11:49:00Z,ARR,goo,0.0
41,True,True,OTTAWA,TORONTO,2025-07-15,6,Belleville,BLVL,2025-07-15T12:07:00Z,2025-07-15T12:07:00Z,ARR,goo,0.0
41,True,True,OTTAWA,TORONTO,2025-07-15,7,Trenton Jct.,TRNJ,2025-07-15T12:38:29Z,2025-07-15T12:20:00Z,ARR,bad,18.0
41,True,True,OTTAWA,TORONTO,2025-07-15,8,Cobourg,CBRG,2025-07-15T13:12:06Z,2025-07-15T12:44:00Z,ARR,bad,28.0
41,True,True,OTTAWA,TORONTO,2025-07-15,9,Oshawa,OSHA,2025-07-15T13:53:47Z,2025-07-15T13:19:00Z,ARR,bad,34.0
41,True,True,OTTAWA,TORONTO,2025-07-15,10,Toronto,TRTO,2025-07-15T14:32:13Z,2025-07-15T14:02:00Z,ARR,bad,30.0
50,True,True,TORONTO,OTTAWA,2025-07-15,0,Toronto,TRTO,2025-07-15T10:32:00Z,2025-07-15T10:32:00Z,ARR,goo,0.0
50,True,True,TORONTO,OTTAWA,2025-07-15,1,Guildwood,GUIL,2025-07-15T10:49:04Z,2025-07-15T10:50:00Z,ARR,goo,0.0
50,True,True,TORONTO,OTTAWA,2025-07-15,2,Oshawa,OSHA,2025-07-15T11:11:47Z,2025-07-15T11:08:00Z,ARR,goo,3.0
50,True,True,TORONTO,OTTAWA,2025-07-15,3,Cobourg,CBRG,2025-07-15T11:45:31Z,2025-07-15T11:43:00Z,ARR,goo,2.0
50,True,True,TORONTO,OTTAWA,2025-07-15,4,Belleville,BLVL,2025-07-15T12:19:11Z,2025-07-15T12:18:00Z,ARR,goo,1.0
50,True,True,TORONTO,OTTAWA,2025-07-15,5,Kingston,KGON,2025-07-15T12:59:17Z,2025-07-15T12:57:00Z,ARR,goo,2.0
50,True,True,TORONTO,OTTAWA,2025-07-15,6,Brockville,BRKV,2025-07-15T14:12:43Z,2025-07-15T13:54:00Z,ARR,bad,18.0
50,True,True,TORONTO,OTTAWA,2025-07-15,7,Smiths Falls,SMTF,2025-07-15T14:37:55Z,2025-07-15T14:29:00Z,ARR,med,8.0
50,True,True,TORONTO,OTTAWA,2025-07-15,8,Fallowfield,FALL,2025-07-15T15:12:10Z,2025-07-15T15:01:00Z,ARR,med,11.0
50,True,True,TORONTO,OTTAWA,2025-07-15,9,Ottawa,OTTW,2025-07-15T15:28:58Z,2025-07-15T15:21:00Z,ARR,med,7.0
52,True,True,TORONTO,OTTAWA,2025-07-15,0,Toronto,TRTO,2025-07-15T12:32:00Z,2025-07-15T12:32:00Z,ARR,goo,0.0
52,True,True,TORONTO,OTTAWA,2025-07-15,1,Guildwood,GUIL,2025-07-15T12:49:07Z,2025-07-15T12:50:00Z,ARR,goo,0.0
52,True,True,TORONTO,OTTAWA,2025-07-15,2,Oshawa,OSHA,2025-07-15T13:10:43Z,2025-07-15T13:09:00Z,ARR,goo,1.0
52,True,True,TORONTO,OTTAWA,2025-07-15,3,Cobourg,CBRG,2025-07-15T13:45:01Z,2025-07-15T13:44:00Z,ARR,goo,1.0
52,True,True,TORONTO,OTTAWA,2025-07-15,4,Belleville,BLVL,2025-07-15T14:22:06Z,2025-07-15T14:20:00Z,ARR,goo,2.0
52,True,True,TORONTO,OTTAWA,2025-07-15,5,Kingston,KGON,2025-07-15T15:02:39Z,2025-07-15T15:00:00Z,ARR,goo,2.0
52,True,True,TORONTO,OTTAWA,2025-07-15,6,Brockville,BRKV,2025-07-15T15:53:50Z,2025-07-15T15:57:00Z,ARR,goo,-3.0
52,True,True,TORONTO,OTTAWA,2025-07-15,7,Smiths Falls,SMTF,2025-07-15T16:47:07Z,2025-07-15T16:35:00Z,ARR,med,12.0
52,True,True,TORONTO,OTTAWA,2025-07-15,8,Fallowfield,FALL,2025-07-15T17:10:13Z,2025-07-15T17:11:00Z,ARR,goo,0.0
52,True,True,TORONTO,OTTAWA,2025-07-15,9,Ottawa,OTTW,2025-07-15T17:41:41Z,2025-07-15T17:32:00Z,ARR,med,9.0
53,True,True,OTTAWA,TORONTO,2025-07-15,0,Ottawa,OTTW,2025-07-15T15:43:00Z,2025-07-15T15:43:00Z,ARR,goo,0.0
53,True,True,OTTAWA,TORONTO,2025-07-15,1,Fallowfield,FALL,2025-07-15T15:58:25Z,2025-07-15T16:00:00Z,ARR,goo,-1.0
53,True,True,OTTAWA,TORONTO,2025-07-15,2,Brockville,BRKV,2025-07-15T17:07:42Z,2025-07-15T17:01:00Z,ARR,med,6.0
53,True,True,OTTAWA,TORONTO,2025-07-15,3,Gananoque,GANA,2025-07-15T17:39:35Z,2025-07-15T17:31:00Z,ARR,med,8.0
53,True,True,OTTAWA,TORONTO,2025-07-15,4,Kingston,KGON,2025-07-15T18:07:48Z,2025-07-15T17:54:00Z,ARR,med,13.0
53,True,True,OTTAWA,TORONTO,2025-07-15,5,Belleville,BLVL,2025-07-15T18:56:55Z,2025-07-15T18:36:00Z,ARR,bad,20.0
53,True,True,OTTAWA,TORONTO,2025-07-15,6,Cobourg,CBRG,2025-07-15T19:40:24Z,2025-07-15T19:12:00Z,ARR,bad,28.0
53,True,True,OTTAWA,TORONTO,2025-07-15,7,Oshawa,OSHA,2025-07-15T20:21:00Z,2025-07-15T19:48:00Z,ARR,bad,33.0
53,True,True,OTTAWA,TORONTO,2025-07-15,8,Toronto,TRTO,2025-07-15T21:06:06Z,2025-07-15T20:33:00Z,ARR,bad,33.0
60,True,True,TORONTO,MONTRÉAL,2025-07-15,0,Toronto,TRTO,2025-07-15T10:32:00Z,2025-07-15T10:32:00Z,ARR,goo,0.0
60,True,True,TORONTO,MONTRÉAL,2025-07-15,1,Guildwood,GUIL,2025-07-15T10:49:02Z,2025-07-15T10:50:00Z,ARR,goo,0.0
60,True,True,TORONTO,MONTRÉAL,2025-07-15,2,Oshawa,OSHA,2025-07-15T11:11:42Z,2025-07-15T11:08:00Z,ARR,goo,3.0
60,True,True,TORONTO,MONTRÉAL,2025-07-15,3,Cobourg,CBRG,2025-07-15T11:45:28Z,2025-07-15T11:43:00Z,ARR,goo,2.0
60,True,True,TORONTO,MONTRÉAL,2025-07-15,4,Belleville,BLVL,2025-07-15T12:19:09Z,2025-07-15T12:18:00Z,ARR,goo,1.0
60,True,True,TORONTO,MONTRÉAL,2025-07-15,5,Kingston,KGON,2025-07-15T12:59:14Z,2025-07-15T12:57:00Z,ARR,goo,2.0
60,True,True,TORONTO,MONTRÉAL,2025-07-15,6,Cornwall,CWLL,2025-07-15T14:43:31Z,2025-07-15T14:38:00Z,ARR,med,5.0
60,True,True,TORONTO,MONTRÉAL,2025-07-15,7,Dorval,DORV,2025-07-15T15:44:09Z,2025-07-15T15:25:00Z,ARR,bad,19.0
60,True,True,TORONTO,MONTRÉAL,2025-07-15,8,Montréal,MTRL,2025-07-15T16:08:06Z,2025-07-15T15:50:00Z,ARR,bad,18.0
61,True,True,MONTRÉAL,TORONTO,2025-07-15,0,Montréal,MTRL,2025-07-15T10:45:00Z,2025-07-15T10:45:00Z,ARR,goo,0.0
61,True,True,MONTRÉAL,TORONTO,2025-07-15,1,Dorval,DORV,2025-07-15T11:10:07Z,2025-07-15T11:08:00Z,ARR,goo,2.0
61,True,True,MONTRÉAL,TORONTO,2025-07-15,2,Cornwall,CWLL,2025-07-15T12:11:30Z,2025-07-15T12:01:00Z,ARR,med,10.0
61,True,True,MONTRÉAL,TORONTO,2025-07-15,3,Kingston,KGON,2025-07-15T13:52:46Z,2025-07-15T13:29:00Z,ARR,bad,23.0
61,True,True,MONTRÉAL,TORONTO,2025-07-15,4,Belleville,BLVL,2025-07-15T14:42:46Z,2025-07-15T14:11:00Z,ARR,bad,31.0
61,True,True,MONTRÉAL,TORONTO,2025-07-15,5,Oshawa,OSHA,2025-07-15T16:02:52Z,2025-07-15T15:19:00Z,ARR,bad,43.0
61,True,True,MONTRÉAL,TORONTO,2025-07-15,6,Guildwood,GUIL,2025-07-15T16:23:02Z,2025-07-15T15:43:00Z,ARR,bad,40.0
61,True,True,MONTRÉAL,TORONTO,2025-07-15,7,Toronto,TRTO,2025-07-15T16:47:04Z,2025-07-15T16:03:00Z,ARR,bad,44.0
64,True,True,TORONTO,MONTRÉAL,2025-07-15,0,Toronto,TRTO,2025-07-15T15:38:26Z,2025-07-15T15:38:00Z,ARR,goo,0.0
64,True,True,TORONTO,MONTRÉAL,2025-07-15,1,Guildwood,GUIL,2025-07-15T15:54:39Z,2025-07-15T15:55:00Z,ARR,goo,0.0
64,True,True,TORONTO,MONTRÉAL,2025-07-15,2,Oshawa,OSHA,2025-07-15T16:21:04Z,2025-07-15T16:09:00Z,ARR,med,12.0
64,True,True,TORONTO,MONTRÉAL,2025-07-15,3,Cobourg,CBRG,2025-07-15T16:56:47Z,2025-07-15T16:46:00Z,ARR,med,10.0
64,True,True,TORONTO,MONTRÉAL,2025-07-15,4,Belleville,BLVL,2025-07-15T17:33:31Z,2025-07-15T17:22:00Z,ARR,med,11.0
64,True,True,TORONTO,MONTRÉAL,2025-07-15,5,Kingston,KGON,2025-07-15T18:16:32Z,2025-07-15T18:03:00Z,ARR,med,13.0
64,True,True,TORONTO,MONTRÉAL,2025-07-15,6,Brockville,BRKV,2025-07-15T19:08:00Z,2025-07-15T18:52:00Z,ARR,bad,16.0
64,True,True,TORONTO,MONTRÉAL,2025-07-15,7,Cornwall,CWLL,2025-07-15T20:18:23Z,2025-07-15T19:42:00Z,ARR,bad,36.0
64,True,True,TORONTO,MONTRÉAL,2025-07-15,8,Dorval,DORV,2025-07-15T21:57:51Z,2025-07-15T20:37:00Z,ARR,bad,80.0
64,True,True,TORONTO,MONTRÉAL,2025-07-15,9,Montréal,MTRL,2025-07-15T22:27:27Z,2025-07-15T21:05:00Z,ARR,bad,82.0
65,True,True,MONTRÉAL,TORONTO,2025-07-15,0,Montréal,MTRL,2025-07-15T14:49:00Z,2025-07-15T14:49:00Z,ARR,goo,0.0
65,True,True,MONTRÉAL,TORONTO,2025-07-15,1,Dorval,DORV,2025-07-15T15:14:43Z,2025-07-15T15:12:00Z,ARR,goo,2.0
65,True,True,MONTRÉAL,TORONTO,2025-07-15,2,Cornwall,CWLL,2025-07-15T16:11:00Z,2025-07-15T16:06:00Z,ARR,med,5.0
65,True,True,MONTRÉAL,TORONTO,2025-07-15,3,Kingston,KGON,2025-07-15T17:46:27Z,2025-07-15T17:36:00Z,ARR,med,10.0
65,True,True,MONTRÉAL,TORONTO,2025-07-15,4,Belleville,BLVL,2025-07-15T18:32:12Z,2025-07-15T18:20:00Z,ARR,med,12.0
65,True,True,MONTRÉAL,TORONTO,2025-07-15,5,Cobourg,CBRG,2025-07-15T19:10:04Z,2025-07-15T18:58:00Z,ARR,med,12.0
65,True,True,MONTRÉAL,TORONTO,2025-07-15,6,Oshawa,OSHA,2025-07-15T19:44:19Z,2025-07-15T19:34:00Z,ARR,med,10.0
65,True,True,MONTRÉAL,TORONTO,2025-07-15,7,Toronto,TRTO,2025-07-15T20:40:17Z,2025-07-15T20:18:00Z,ARR,bad,22.0
67,True,True,MONTRÉAL,TORONTO,2025-07-15,0,Montréal,MTRL,2025-07-15T17:23:49Z,2025-07-15T17:22:00Z,ARR,goo,1.0
67,True,True,MONTRÉAL,TORONTO,2025-07-15,1,Dorval,DORV,2025-07-15T17:51:16Z,2025-07-15T17:47:00Z,ARR,goo,4.0
67,True,True,MONTRÉAL,TORONTO,2025-07-15,2,Cornwall,CWLL,2025-07-15T18:56:17Z,2025-07-15T18:38:00Z,ARR,bad,18.0
67,True,True,MONTRÉAL,TORONTO,2025-07-15,3,Kingston,KGON,2025-07-15T20:56:29Z,2025-07-15T20:03:00Z,ARR,bad,53.0
67,True,True,MONTRÉAL,TORONTO,2025-07-15,4,Belleville,BLVL,2025-07-15T21:59:13Z,2025-07-15T20:42:00Z,ARR,bad,77.0
67,True,True,MONTRÉAL,TORONTO,2025-07-15,5,Cobourg,CBRG,2025-07-15T22:39:32Z,2025-07-15T21:17:00Z,ARR,bad,82.0
67,True,True,MONTRÉAL,TORONTO,2025-07-15,6,Oshawa,OSHA,2025-07-15T23:18:37Z,2025-07-15T21:50:00Z,ARR,bad,88.0
67,True,True,MONTRÉAL,TORONTO,2025-07-15,7,Toronto,TRTO,2025-07-16T00:32:21Z,2025-07-15T22:45:00Z,ARR,bad,107.0
70,True,True,WINDSOR,TORONTO,2025-07-15,0,Windsor,WDON,2025-07-15T09:35:00Z,2025-07-15T09:35:00Z,ARR,goo,0.0
70,True,True,WINDSOR,TORONTO,2025-07-15,1,Chatham,CHAT,2025-07-15T10:17:17Z,2025-07-15T10:19:00Z,ARR,goo,-1.0
70,True,True,WINDSOR,TORONTO,2025-07-15,2,London,LNDN,2025-07-15T11:36:19Z,2025-07-15T11:25:00Z,ARR,med,11.0
70,True,True,WINDSOR,TORONTO,2025-07-15,3,Ingersoll,INGR,2025-07-15T12:04:38Z,2025-07-15T11:55:00Z,ARR,med,9.0
70,True,True,WINDSOR,TORONTO,2025-07-15,4,Woodstock,WDST,2025-07-15T12:17:12Z,2025-07-15T12:08:00Z,ARR,med,9.0
70,True,True,WINDSOR,TORONTO,2025-07-15,5,Brantford,BRTF,2025-07-15T12:52:05Z,2025-07-15T12:44:00Z,ARR,med,8.0
70,True,True,WINDSOR,TORONTO,2025-07-15,6,Aldershot,ALDR,2025-07-15T13:24:28Z,2025-07-15T13:25:00Z,ARR,goo,0.0
70,True,True,WINDSOR,TORONTO,2025-07-15,7,Oakville,OAKV,2025-07-15T13:42:12Z,2025-07-15T13:43:00Z,ARR,goo,0.0
70,True,True,WINDSOR,TORONTO,2025-07-15,8,Toronto,TRTO,2025-07-15T14:09:05Z,2025-07-15T14:10:00Z,ARR,goo,0.0
71,True,True,TORONTO,WINDSOR,2025-07-15,0,Toronto,TRTO,2025-07-15T10:50:00Z,2025-07-15T10:50:00Z,ARR,goo,0.0
71,True,True,TORONTO,WINDSOR,2025-07-15,1,Oakville,OAKV,2025-07-15T11:14:55Z,2025-07-15T11:13:00Z,ARR,goo,1.0
71,True,True,TORONTO,WINDSOR,2025-07-15,2,Aldershot,ALDR,2025-07-15T11:30:49Z,2025-07-15T11:29:00Z,ARR,goo,1.0
71,True,True,TORONTO,WINDSOR,2025-07-15,3,Brantford,BRTF,2025-07-15T12:12:56Z,2025-07-15T11:55:00Z,ARR,bad,17.0
71,True,True,TORONTO,WINDSOR,2025-07-15,4,Woodstock,WDST,2025-07-15T12:41:49Z,2025-07-15T12:30:00Z,ARR,med,11.0
71,True,True,TORONTO,WINDSOR,2025-07-15,5,Ingersoll,INGR,2025-07-15T12:52:26Z,2025-07-15T12:43:00Z,ARR,med,9.0
71,True,True,TORONTO,WINDSOR,2025-07-15,6,London,LNDN,2025-07-15T13:14:43Z,2025-07-15T13:06:00Z,ARR,med,8.0
71,True,True,TORONTO,WINDSOR,2025-07-15,7,Glencoe,GLNC,2025-07-15T13:49:08Z,2025-07-15T13:39:00Z,ARR,med,10.0
71,True,True,TORONTO,WINDSOR,2025-07-15,8,Chatham,CHAT,2025-07-15T14:42:24Z,2025-07-15T14:18:00Z,ARR,bad,24.0
71,True,True,TORONTO,WINDSOR,2025-07-15,9,Windsor,WDON,2025-07-15T15:26:57Z,2025-07-15T15:08:00Z,ARR,bad,18.0
73,True,True,TORONTO,WINDSOR,2025-07-15,0,Toronto,TRTO,2025-07-15T15:30:17Z,2025-07-15T15:30:00Z,ARR,goo,0.0
73,True,True,TORONTO,WINDSOR,2025-07-15,1,Oakville,OAKV,2025-07-15T15:58:22Z,2025-07-15T15:51:00Z,ARR,med,7.0
73,True,True,TORONTO,WINDSOR,2025-07-15,2,Aldershot,ALDR,2025-07-15T16:14:23Z,2025-07-15T16:09:00Z,ARR,med,5.0
73,True,True,TORONTO,WINDSOR,2025-07-15,3,Brantford,BRTF,2025-07-15T16:47:41Z,2025-07-15T16:40:00Z,ARR,med,7.0
73,True,True,TORONTO,WINDSOR,2025-07-15,4,Woodstock,WDST,2025-07-15T17:18:48Z,2025-07-15T17:09:00Z,ARR,med,9.0
73,True,True,TORONTO,WINDSOR,2025-07-15,5,London,LNDN,2025-07-15T17:52:33Z,2025-07-15T17:38:00Z,ARR,med,14.0
73,True,True,TORONTO,WINDSOR,2025-07-15,6,Chatham,CHAT,2025-07-15T19:16:35Z,2025-07-15T18:50:00Z,ARR,bad,26.0
73,True,True,TORONTO,WINDSOR,2025-07-15,7,Windsor,WDON,2025-07-15T20:02:26Z,2025-07-15T19:45:00Z,ARR,bad,17.0
72,True,True,WINDSOR,TORONTO,2025-07-15,0,Windsor,WDON,2025-07-15T12:43:00Z,2025-07-15T12:43:00Z,ARR,goo,0.0
72,True,True,WINDSOR,TORONTO,2025-07-15,1,Chatham,CHAT,2025-07-15T13:24:50Z,2025-07-15T13:25:00Z,ARR,goo,0.0
72,True,True,WINDSOR,TORONTO,2025-07-15,2,Glencoe,GLNC,2025-07-15T14:11:46Z,2025-07-15T14:05:00Z,ARR,med,6.0
72,True,True,WINDSOR,TORONTO,2025-07-15,3,London,LNDN,2025-07-15T14:46:54Z,2025-07-15T14:39:00Z,ARR,med,7.0
72,True,True,WINDSOR,TORONTO,2025-07-15,4,Ingersoll,INGR,2025-07-15T15:16:28Z,2025-07-15T15:07:00Z,ARR,med,9.0
72,True,True,WINDSOR,TORONTO,2025-07-15,5,Woodstock,WDST,2025-07-15T15:29:26Z,2025-07-15T15:23:00Z,ARR,med,6.0
72,True,True,WINDSOR,TORONTO,2025-07-15,6,Brantford,BRTF,2025-07-15T15:58:26Z,2025-07-15T15:55:00Z,ARR,goo,3.0
72,True,True,WINDSOR,TORONTO,2025-07-15,7,Aldershot,ALDR,2025-07-15T16:31:27Z,2025-07-15T16:29:00Z,ARR,goo,2.0
72,True,True,WINDSOR,TORONTO,2025-07-15,8,Oakville,OAKV,2025-07-15T16:47:28Z,2025-07-15T16:45:00Z,ARR,goo,2.0
72,True,True,WINDSOR,TORONTO,2025-07-15,9,Toronto,TRTO,2025-07-15T17:15:02Z,2025-07-15T17:11:00Z,ARR,goo,4.0
76,True,True,WINDSOR,TORONTO,2025-07-15,0,Windsor,WDON,2025-07-15T17:06:00Z,2025-07-15T17:06:00Z,ARR,goo,0.0
76,True,True,WINDSOR,TORONTO,2025-07-15,1,Chatham,CHAT,2025-07-15T17:49:59Z,2025-07-15T17:48:00Z,ARR,goo,1.0
76,True,True,WINDSOR,TORONTO,2025-07-15,2,Glencoe,GLNC,2025-07-15T18:42:19Z,2025-07-15T18:23:00Z,ARR,bad,19.0
76,True,True,WINDSOR,TORONTO,2025-07-15,3,London,LNDN,2025-07-15T19:16:32Z,2025-07-15T18:58:00Z,ARR,bad,18.0
76,True,True,WINDSOR,TORONTO,2025-07-15,4,Brantford,BRTF,2025-07-15T20:18:17Z,2025-07-15T19:59:00Z,ARR,bad,19.0
76,True,True,WINDSOR,TORONTO,2025-07-15,5,Aldershot,ALDR,2025-07-15T20:52:05Z,2025-07-15T20:30:00Z,ARR,bad,22.0
76,True,True,WINDSOR,TORONTO,2025-07-15,6,Oakville,OAKV,2025-07-15T21:10:55Z,2025-07-15T20:47:00Z,ARR,bad,23.0
76,True,True,WINDSOR,TORONTO,2025-07-15,7,Toronto,TRTO,2025-07-15T21:48:36Z,2025-07-15T21:13:00Z,ARR,bad,35.0
82,True,True,LONDON,TORONTO,2025-07-15,0,London,LNDN,2025-07-15T10:25:23Z,2025-07-15T10:25:00Z,ARR,goo,0.0
82,True,True,LONDON,TORONTO,2025-07-15,1,Woodstock,WDST,2025-07-15T10:54:08Z,2025-07-15T10:53:00Z,ARR,goo,1.0
82,True,True,LONDON,TORONTO,2025-07-15,2,Brantford,BRTF,2025-07-15T11:22:01Z,2025-07-15T11:23:00Z,ARR,goo,0.0
82,True,True,LONDON,TORONTO,2025-07-15,3,Toronto,TRTO,2025-07-15T12:38:01Z,2025-07-15T12:35:00Z,ARR,goo,3.0
84,True,True,SARNIA,TORONTO,2025-07-15,0,Sarnia,SARN,2025-07-15T12:40:00Z,2025-07-15T12:40:00Z,ARR,goo,0.0
84,True,True,SARNIA,TORONTO,2025-07-15,1,Wyoming,WYOM,2025-07-15T12:59:25Z,2025-07-15T12:55:00Z,ARR,goo,4.0
84,True,True,SARNIA,TORONTO,2025-07-15,2,Strathroy,STRR,2025-07-15T13:27:26Z,2025-07-15T13:27:00Z,ARR,goo,0.0
84,True,True,SARNIA,TORONTO,2025-07-15,3,London,LNDN,2025-07-15T13:53:10Z,2025-07-15T13:52:00Z,ARR,goo,1.0
84,True,True,SARNIA,TORONTO,2025-07-15,4,St.Marys,SMYS,2025-07-15T14:49:53Z,2025-07-15T14:45:00Z,ARR,goo,4.0
84,True,True,SARNIA,TORONTO,2025-07-15,5,Stratford,STRF,2025-07-15T15:19:24Z,2025-07-15T15:14:00Z,ARR,med,5.0
84,True,True,SARNIA,TORONTO,2025-07-15,6,Kitchener,KITC,2025-07-15T16:23:43Z,2025-07-15T16:02:00Z,ARR,bad,21.0
84,True,True,SARNIA,TORONTO,2025-07-15,7,Guelph,GUEL,2025-07-15T16:45:19Z,2025-07-15T16:24:00Z,ARR,bad,21.0
84,True,True,SARNIA,TORONTO,2025-07-15,8,Georgetown,GEOR,2025-07-15T17:14:55Z,2025-07-15T16:47:00Z,ARR,bad,27.0
84,True,True,SARNIA,TORONTO,2025-07-15,9,Brampton,BRMP,2025-07-15T17:28:07Z,2025-07-15T16:59:00Z,ARR,bad,29.0
84,True,True,SARNIA,TORONTO,2025-07-15,10,Malton,MALT,2025-07-15T17:42:14Z,2025-07-15T17:11:00Z,ARR,bad,31.0
84,True,True,SARNIA,TORONTO,2025-07-15,11,Toronto,TRTO,2025-07-15T18:15:10Z,2025-07-15T17:38:00Z,ARR,bad,37.0
641,True,True,OTTAWA,TORONTO,2025-07-15,0,Ottawa,OTTW,2025-07-15T08:13:00Z,2025-07-15T08:13:00Z,ARR,goo,0.0
641,True,True,OTTAWA,TORONTO,2025-07-15,1,Fallowfield,FALL,2025-07-15T08:29:52Z,2025-07-15T08:30:00Z,ARR,goo,0.0
641,True,True,OTTAWA,TORONTO,2025-07-15,2,Smiths Falls,SMTF,2025-07-15T08:58:44Z,2025-07-15T09:00:00Z,ARR,goo,-1.0
641,True,True,OTTAWA,TORONTO,2025-07-15,3,Brockville,BRKV,2025-07-15T09:30:37Z,2025-07-15T09:32:00Z,ARR,goo,-1.0
641,True,True,OTTAWA,TORONTO,2025-07-15,4,Kingston,KGON,2025-07-15T10:24:57Z,2025-07-15T10:16:00Z,ARR,med,8.0
641,True,True,OTTAWA,TORONTO,2025-07-15,5,Belleville,BLVL,2025-07-15T11:13:33Z,2025-07-15T10:56:00Z,ARR,bad,17.0
641,True,True,OTTAWA,TORONTO,2025-07-15,6,Cobourg,CBRG,2025-07-15T11:55:22Z,2025-07-15T11:31:00Z,ARR,bad,24.0
641,True,True,OTTAWA,TORONTO,2025-07-15,7,Port Hope,PHOP,2025-07-15T12:05:47Z,2025-07-15T11:41:00Z,ARR,bad,24.0
641,True,True,OTTAWA,TORONTO,2025-07-15,8,Toronto,TRTO,2025-07-15T13:15:24Z,2025-07-15T12:48:00Z,ARR,bad,27.0
643,True,True,OTTAWA,TORONTO,2025-07-15,0,Ottawa,OTTW,2025-07-15T12:29:00Z,2025-07-15T12:29:00Z,ARR,goo,0.0
643,True,True,OTTAWA,TORONTO,2025-07-15,1,Fallowfield,FALL,2025-07-15T12:47:33Z,2025-07-15T12:45:00Z,ARR,goo,2.0
643,True,True,OTTAWA,TORONTO,2025-07-15,2,Smiths Falls,SMTF,2025-07-15T13:23:01Z,2025-07-15T13:17:00Z,ARR,med,6.0
643,True,True,OTTAWA,TORONTO,2025-07-15,3,Brockville,BRKV,2025-07-15T13:58:11Z,2025-07-15T13:49:00Z,ARR,med,9.0
643,True,True,OTTAWA,TORONTO,2025-07-15,4,Kingston,KGON,2025-07-15T14:49:14Z,2025-07-15T14:32:00Z,ARR,bad,17.0
643,True,True,OTTAWA,TORONTO,2025-07-15,5,Napanee,NAPN,2025-07-15T15:15:29Z,2025-07-15T14:57:00Z,ARR,bad,18.0
643,True,True,OTTAWA,TORONTO,2025-07-15,6,Belleville,BLVL,2025-07-15T15:36:45Z,2025-07-15T15:17:00Z,ARR,bad,19.0
643,True,True,OTTAWA,TORONTO,2025-07-15,7,Trenton Jct.,TRNJ,2025-07-15T15:52:36Z,2025-07-15T15:31:00Z,ARR,bad,21.0
643,True,True,OTTAWA,TORONTO,2025-07-15,8,Cobourg,CBRG,2025-07-15T16:20:18Z,2025-07-15T15:57:00Z,ARR,bad,23.0
643,True,True,OTTAWA,TORONTO,2025-07-15,9,Port Hope,PHOP,2025-07-15T16:31:13Z,2025-07-15T16:07:00Z,ARR,bad,24.0
643,True,True,OTTAWA,TORONTO,2025-07-15,10,Oshawa,OSHA,2025-07-15T16:57:10Z,2025-07-15T16:35:00Z,ARR,bad,22.0
643,True,True,OTTAWA,TORONTO,2025-07-15,11,Guildwood,GUIL,2025-07-15T17:19:08Z,2025-07-15T16:58:00Z,ARR,bad,21.0
643,True,True,OTTAWA,TORONTO,2025-07-15,12,Toronto,TRTO,2025-07-15T17:38:56Z,2025-07-15T17:18:00Z,ARR,bad,20.0
644,True,True,TORONTO,OTTAWA,2025-07-15,0,Toronto,TRTO,2025-07-15T17:23:00Z,2025-07-15T17:23:00Z,ARR,goo,0.0
644,True,True,TORONTO,OTTAWA,2025-07-15,1,Oshawa,OSHA,2025-07-15T18:05:10Z,2025-07-15T17:53:00Z,ARR,med,12.0
644,True,True,TORONTO,OTTAWA,2025-07-15,2,Cobourg,CBRG,2025-07-15T18:47:58Z,2025-07-15T18:28:00Z,ARR,bad,19.0
644,True,True,TORONTO,OTTAWA,2025-07-15,3,Belleville,BLVL,2025-07-15T19:32:00Z,2025-07-15T19:03:00Z,ARR,bad,29.0
644,True,True,TORONTO,OTTAWA,2025-07-15,4,Kingston,KGON,2025-07-15T20:29:31Z,2025-07-15T19:43:00Z,ARR,bad,46.0
644,True,True,TORONTO,OTTAWA,2025-07-15,5,Fallowfield,FALL,2025-07-15T22:12:17Z,2025-07-15T21:30:00Z,ARR,bad,42.0
644,True,True,TORONTO,OTTAWA,2025-07-15,6,Ottawa,OTTW,2025-07-15T22:37:21Z,2025-07-15T21:53:00Z,ARR,bad,44.0
97,True,True,TORONTO,NIAGARA FALLS,2025-07-15,0,Toronto,TRTO,2025-07-15T12:20:00Z,2025-07-15T12:20:00Z,ARR,goo,0.0
97,True,True,TORONTO,NIAGARA FALLS,2025-07-15,1,Oakville,OAKV,2025-07-15T12:43:00Z,2025-07-15T12:43:00Z,ARR,goo,0.0
97,True,True,TORONTO,NIAGARA FALLS,2025-07-15,2,Aldershot,ALDR,2025-07-15T12:56:00Z,2025-07-15T12:56:00Z,ARR,goo,0.0
97,True,True,TORONTO,NIAGARA FALLS,2025-07-15,3,Grimsby,GRIM,2025-07-15T13:37:00Z,2025-07-15T13:37:00Z,ARR,goo,0.0
97,True,True,TORONTO,NIAGARA FALLS,2025-07-15,4,St. Catharines,SCAT,2025-07-15T13:57:00Z,2025-07-15T13:57:00Z,ARR,goo,0.0
97,True,True,TORONTO,NIAGARA FALLS,2025-07-15,5,Niagara Falls,NIAG,2025-07-15T14:20:00Z,2025-07-15T14:20:00Z,ARR,goo,0.0
62,True,True,TORONTO,MONTRÉAL,2025-07-15,0,Toronto,TRTO,2025-07-15T12:32:00Z,2025-07-15T12:32:00Z,ARR,goo,0.0
62,True,True,TORONTO,MONTRÉAL,2025-07-15,1,Guildwood,GUIL,2025-07-15T12:48:55Z,2025-07-15T12:50:00Z,ARR,goo,-1.0
62,True,True,TORONTO,MONTRÉAL,2025-07-15,2,Oshawa,OSHA,2025-07-15T13:10:37Z,2025-07-15T13:09:00Z,ARR,goo,1.0
62,True,True,TORONTO,MONTRÉAL,2025-07-15,3,Cobourg,CBRG,2025-07-15T13:44:59Z,2025-07-15T13:44:00Z,ARR,goo,0.0
62,True,True,TORONTO,MONTRÉAL,2025-07-15,4,Belleville,BLVL,2025-07-15T14:22:02Z,2025-07-15T14:20:00Z,ARR,goo,2.0
62,True,True,TORONTO,MONTRÉAL,2025-07-15,5,Kingston,KGON,2025-07-15T15:02:33Z,2025-07-15T15:00:00Z,ARR,goo,2.0
62,True,True,TORONTO,MONTRÉAL,2025-07-15,6,Cornwall,CWLL,2025-07-15T16:55:20Z,2025-07-15T16:43:00Z,ARR,med,12.0
62,True,True,TORONTO,MONTRÉAL,2025-07-15,7,Dorval,DORV,2025-07-15T18:01:34Z,2025-07-15T17:34:00Z,ARR,bad,27.0
62,True,True,TORONTO,MONTRÉAL,2025-07-15,8,Montréal,MTRL,2025-07-15T18:28:18Z,2025-07-15T18:00:00Z,ARR,bad,28.0
45,True,True,OTTAWA,TORONTO,2025-07-15,0,Ottawa,OTTW,2025-07-15T14:24:00Z,2025-07-15T14:24:00Z,ARR,goo,0.0
45,True,True,OTTAWA,TORONTO,2025-07-15,1,Fallowfield,FALL,2025-07-15T14:39:55Z,2025-07-15T14:40:00Z,ARR,goo,0.0
45,True,True,OTTAWA,TORONTO,2025-07-15,2,Kingston,KGON,2025-07-15T16:36:38Z,2025-07-15T16:26:00Z,ARR,med,10.0
45,True,True,OTTAWA,TORONTO,2025-07-15,3,Toronto,TRTO,2025-07-15T19:49:03Z,2025-07-15T18:48:00Z,ARR,bad,61.0
185,True,True,SUDBURY,WHITE RIVER,2025-07-15,0,Sudbury,SUDB,2025-07-15T13:00:00Z,2025-07-15T13:00:00Z,ARR,goo,0.0
185,True,True,SUDBURY,WHITE RIVER,2025-07-15,1,Azilda,AZIL,2025-07-15T13:45:08Z,2025-07-15T13:10:00Z,ARR,bad,35.0
185,True,True,SUDBURY,WHITE RIVER,2025-07-15,2,Chelmsford,CHEL,2025-07-15T13:48:25Z,2025-07-15T13:15:00Z,ARR,bad,33.0
185,True,True,SUDBURY,WHITE RIVER,2025-07-15,3,Larchwood,LARC,2025-07-15T13:54:23Z,2025-07-15T13:19:00Z,ARR,bad,35.0
185,True,True,SUDBURY,WHITE RIVER,2025-07-15,4,Levack,LEVA,2025-07-15T14:04:18Z,2025-07-15T13:30:00Z,ARR,bad,34.0
185,True,True,SUDBURY,WHITE RIVER,2025-07-15,5,Cartier,CART,2025-07-15T14:16:50Z,2025-07-15T13:45:00Z,ARR,bad,31.0
185,True,True,SUDBURY,WHITE RIVER,2025-07-15,6,Benny,BENN,2025-07-15T14:34:25Z,2025-07-15T14:05:00Z,ARR,bad,29.0
185,True,True,SUDBURY,WHITE RIVER,2025-07-15,7,Stralak,STRL,2025-07-15T14:39:03Z,2025-07-15T14:12:00Z,ARR,bad,27.0
185,True,True,SUDBURY,WHITE RIVER,2025-07-15,8,Pogamasing,POGA,2025-07-15T14:52:03Z,2025-07-15T14:25:00Z,ARR,bad,27.0
185,True,True,SUDBURY,WHITE RIVER,2025-07-15,9,Sheahan,SHEA,2025-07-15T14:55:50Z,2025-07-15T14:30:00Z,ARR,bad,25.0
185,True,True,SUDBURY,WHITE RIVER,2025-07-15,10,Forks,FRKS,2025-07-15T15:04:37Z,2025-07-15T14:40:00Z,ARR,bad,24.0
185,True,True,SUDBURY,WHITE RIVER,2025-07-15,11,Metagama,MTGM,2025-07-15T15:14:37Z,2025-07-15T14:50:00Z,ARR,bad,24.0
185,True,True,SUDBURY,WHITE RIVER,2025-07-15,12,Sinker,SNKR,2025-07-15T15:19:37Z,2025-07-15T14:55:00Z,ARR,bad,24.0
185,True,True,SUDBURY,WHITE RIVER,2025-07-15,13,Biscotasing,BISC,2025-07-15T15:50:53Z,2025-07-15T15:20:00Z,ARR,bad,30.0
185,True,True,SUDBURY,WHITE RIVER,2025-07-15,14,Roberts,RBRT,2025-07-15T16:00:53Z,2025-07-15T15:30:00Z,ARR,bad,30.0
185,True,True,SUDBURY,WHITE RIVER,2025-07-15,15,Ramsey,RAMS,2025-07-15T16:15:53Z,2025-07-15T15:45:00Z,ARR,bad,30.0
185,True,True,SUDBURY,WHITE RIVER,2025-07-15,16,Woman River,WOMR,2025-07-15T16:35:53Z,2025-07-15T16:05:00Z,ARR,bad,30.0
185,True,True,SUDBURY,WHITE RIVER,2025-07-15,17,Sultan,SULT,2025-07-15T16:50:53Z,2025-07-15T16:20:00Z,ARR,bad,30.0
185,True,True,SUDBURY,WHITE RIVER,2025-07-15,18,Kormak,KORM,2025-07-15T17:05:53Z,2025-07-15T16:35:00Z,ARR,bad,30.0
185,True,True,SUDBURY,WHITE RIVER,2025-07-15,19,Kinogama,KINO,2025-07-15T17:10:53Z,2025-07-15T16:40:00Z,ARR,bad,30.0
185,True,True,SUDBURY,WHITE RIVER,2025-07-15,20,Nemegos,NEME,2025-07-15T17:10:31Z,2025-07-15T16:55:00Z,ARR,bad,15.0
185,True,True,SUDBURY,WHITE RIVER,2025-07-15,21,Devon,DEVN,2025-07-15T17:22:38Z,2025-07-15T17:05:00Z,ARR,bad,17.0
185,True,True,SUDBURY,WHITE RIVER,2025-07-15,22,Chapleau,CHAP,2025-07-15T17:41:11Z,2025-07-15T17:20:00Z,ARR,bad,21.0
185,True,True,SUDBURY,WHITE RIVER,2025-07-15,23,Esher,ESHR,2025-07-15T18:01:43Z,2025-07-15T17:50:00Z,ARR,med,11.0
185,True,True,SUDBURY,WHITE RIVER,2025-07-15,24,Musk,MUSK,2025-07-15T18:11:02Z,2025-07-15T18:00:00Z,ARR,med,11.0
185,True,True,SUDBURY,WHITE RIVER,2025-07-15,25,Nicholson,NICH,2025-07-15T18:16:43Z,2025-07-15T18:10:00Z,ARR,med,6.0
185,True,True,SUDBURY,WHITE RIVER,2025-07-15,26,Bolkow,BOLK,2025-07-15T18:33:45Z,2025-07-15T18:30:00Z,ARR,goo,3.0
185,True,True,SUDBURY,WHITE RIVER,2025-07-15,27,Dalton,DALT,2025-07-15T18:48:45Z,2025-07-15T18:45:00Z,ARR,goo,3.0
185,True,True,SUDBURY,WHITE RIVER,2025-07-15,28,Missanabie,MSBI,2025-07-15T19:13:45Z,2025-07-15T19:10:00Z,ARR,goo,3.0
185,True,True,SUDBURY,WHITE RIVER,2025-07-15,29,Lochalsh,LOCH,2025-07-15T19:33:45Z,2025-07-15T19:30:00Z,ARR,goo,3.0
185,True,True,SUDBURY,WHITE RIVER,2025-07-15,30,Franz,FRNZ,2025-07-15T20:08:14Z,2025-07-15T19:50:00Z,ARR,bad,18.0
185,True,True,SUDBURY,WHITE RIVER,2025-07-15,31,Swanson,SWAN,2025-07-15T20:21:29Z,2025-07-15T20:00:00Z,ARR,bad,21.0
185,True,True,SUDBURY,WHITE RIVER,2025-07-15,32,Girdwood,GIRD,2025-07-15T20:44:45Z,2025-07-15T20:25:00Z,ARR,bad,19.0
185,True,True,SUDBURY,WHITE RIVER,2025-07-15,33,Amyot,AMYO,2025-07-15T20:52:45Z,2025-07-15T20:35:00Z,ARR,bad,17.0
185,True,True,SUDBURY,WHITE RIVER,2025-07-15,34,O'Brien,OBRI,2025-07-15T21:06:15Z,2025-07-15T20:50:00Z,ARR,bad,16.0
185,True,True,SUDBURY,WHITE RIVER,2025-07-15,35,White River,WHTR,2025-07-15T21:25:48Z,2025-07-15T21:05:00Z,ARR,bad,20.0
63,True,True,MONTRÉAL,TORONTO,2025-07-15,0,Montréal,MTRL,2025-07-15T12:46:00Z,2025-07-15T12:46:00Z,ARR,goo,0.0
63,True,True,MONTRÉAL,TORONTO,2025-07-15,1,Dorval,DORV,2025-07-15T13:10:44Z,2025-07-15T13:11:00Z,ARR,goo,0.0
63,True,True,MONTRÉAL,TORONTO,2025-07-15,2,Cornwall,CWLL,2025-07-15T13:59:23Z,2025-07-15T14:04:00Z,ARR,goo,-4.0
63,True,True,MONTRÉAL,TORONTO,2025-07-15,3,Brockville,BRKV,2025-07-15T14:57:27Z,2025-07-15T14:54:00Z,ARR,goo,3.0
63,True,True,MONTRÉAL,TORONTO,2025-07-15,4,Kingston,KGON,2025-07-15T15:42:34Z,2025-07-15T15:39:00Z,ARR,goo,3.0
63,True,True,MONTRÉAL,TORONTO,2025-07-15,5,Belleville,BLVL,2025-07-15T16:29:20Z,2025-07-15T16:20:00Z,ARR,med,9.0
63,True,True,MONTRÉAL,TORONTO,2025-07-15,6,Cobourg,CBRG,2025-07-15T17:08:41Z,2025-07-15T16:58:00Z,ARR,med,10.0
63,True,True,MONTRÉAL,TORONTO,2025-07-15,7,Oshawa,OSHA,2025-07-15T17:42:39Z,2025-07-15T17:34:00Z,ARR,med,8.0
63,True,True,MONTRÉAL,TORONTO,2025-07-15,8,Guildwood,GUIL,2025-07-15T18:03:26Z,2025-07-15T17:58:00Z,ARR,med,5.0
63,True,True,MONTRÉAL,TORONTO,2025-07-15,9,Toronto,TRTO,2025-07-15T18:29:55Z,2025-07-15T18:18:00Z,ARR,med,11.0
40,True,True,TORONTO,OTTAWA,2025-07-15,0,Toronto,TRTO,2025-07-15T14:38:29Z,2025-07-15T14:38:00Z,ARR,goo,0.0
40,True,True,TORONTO,OTTAWA,2025-07-15,1,Belleville,BLVL,2025-07-15T16:42:43Z,2025-07-15T16:09:00Z,ARR,bad,33.0
40,True,True,TORONTO,OTTAWA,2025-07-15,2,Kingston,KGON,2025-07-15T17:32:42Z,2025-07-15T16:48:00Z,ARR,bad,44.0
40,True,True,TORONTO,OTTAWA,2025-07-15,3,Fallowfield,FALL,2025-07-15T19:28:50Z,2025-07-15T18:38:00Z,ARR,bad,50.0
40,True,True,TORONTO,OTTAWA,2025-07-15,4,Ottawa,OTTW,2025-07-15T19:47:39Z,2025-07-15T19:02:00Z,ARR,bad,45.0
47,True,True,OTTAWA,TORONTO,2025-07-15,0,Ottawa,OTTW,2025-07-15T17:21:00Z,2025-07-15T16:23:00Z,ARR,bad,58.0
47,True,True,OTTAWA,TORONTO,2025-07-15,1,Fallowfield,FALL,2025-07-15T17:36:45Z,2025-07-15T16:40:00Z,ARR,bad,56.0
47,True,True,OTTAWA,TORONTO,2025-07-15,2,Smiths Falls,SMTF,2025-07-15T18:09:27Z,2025-07-15T17:18:00Z,ARR,bad,51.0
47,True,True,OTTAWA,TORONTO,2025-07-15,3,Brockville,BRKV,2025-07-15T18:55:30Z,2025-07-15T17:54:00Z,ARR,bad,61.0
47,True,True,OTTAWA,TORONTO,2025-07-15,4,Gananoque,GANA,2025-07-15T19:26:10Z,2025-07-15T18:22:00Z,ARR,bad,64.0
47,True,True,OTTAWA,TORONTO,2025-07-15,5,Kingston,KGON,2025-07-15T19:49:14Z,2025-07-15T18:45:00Z,ARR,bad,64.0
47,True,True,OTTAWA,TORONTO,2025-07-15,6,Belleville,BLVL,2025-07-15T20:57:32Z,2025-07-15T19:26:00Z,ARR,bad,91.0
47,True,True,OTTAWA,TORONTO,2025-07-15,7,Oshawa,OSHA,2025-07-15T22:08:17Z,2025-07-15T20:33:00Z,ARR,bad,95.0
47,True,True,OTTAWA,TORONTO,2025-07-15,8,Guildwood,GUIL,2025-07-15T22:33:19Z,2025-07-15T20:58:00Z,ARR,bad,95.0
47,True,True,OTTAWA,TORONTO,2025-07-15,9,Toronto,TRTO,2025-07-15T23:02:52Z,2025-07-15T21:30:00Z,ARR,bad,92.0
35,True,True,QUÉBEC,OTTAWA,2025-07-15,0,Québec,QBEC,2025-07-15T12:06:00Z,2025-07-15T12:06:00Z,ARR,goo,0.0
35,True,True,QUÉBEC,OTTAWA,2025-07-15,1,Ste-Foy,SFOY,2025-07-15T12:38:17Z,2025-07-15T12:31:00Z,ARR,med,7.0
35,True,True,QUÉBEC,OTTAWA,2025-07-15,2,Charny,CHNY,2025-07-15T12:48:59Z,2025-07-15T12:40:00Z,ARR,med,8.0
35,True,True,QUÉBEC,OTTAWA,2025-07-15,3,Drummondville,DRMV,2025-07-15T14:33:58Z,2025-07-15T14:14:00Z,ARR,bad,19.0
35,True,True,QUÉBEC,OTTAWA,2025-07-15,4,St. Hyacinthe,SHYA,2025-07-15T15:21:10Z,2025-07-15T14:44:00Z,ARR,bad,37.0
35,True,True,QUÉBEC,OTTAWA,2025-07-15,5,St. Lambert,SLAM,2025-07-15T15:55:01Z,2025-07-15T15:11:00Z,ARR,bad,44.0
35,True,True,QUÉBEC,OTTAWA,2025-07-15,6,Montréal,MTRL,2025-07-15T16:24:12Z,2025-07-15T15:26:00Z,ARR,bad,58.0
35,True,True,QUÉBEC,OTTAWA,2025-07-15,7,Dorval,DORV,2025-07-15T17:20:45Z,2025-07-15T16:18:00Z,ARR,bad,62.0
35,True,True,QUÉBEC,OTTAWA,2025-07-15,8,Coteau,COTO,2025-07-15T17:54:25Z,2025-07-15T16:46:00Z,ARR,bad,68.0
35,True,True,QUÉBEC,OTTAWA,2025-07-15,9,Alexandria,ALEX,2025-07-15T18:17:21Z,2025-07-15T17:08:00Z,ARR,bad,69.0
35,True,True,QUÉBEC,OTTAWA,2025-07-15,10,Casselman,CSLM,2025-07-15T18:45:57Z,2025-07-15T17:31:00Z,ARR,bad,74.0
35,True,True,QUÉBEC,OTTAWA,2025-07-15,11,Ottawa,OTTW,2025-07-15T19:12:28Z,2025-07-15T17:58:00Z,ARR,bad,74.0
33,True,True,QUÉBEC,OTTAWA,2025-07-15,0,Québec,QBEC,2025-07-15T09:29:00Z,2025-07-15T09:29:00Z,ARR,goo,0.0
33,True,True,QUÉBEC,OTTAWA,2025-07-15,1,Ste-Foy,SFOY,2025-07-15T10:00:51Z,2025-07-15T09:54:00Z,ARR,med,6.0
33,True,True,QUÉBEC,OTTAWA,2025-07-15,2,Charny,CHNY,2025-07-15T10:09:22Z,2025-07-15T10:03:00Z,ARR,med,6.0
33,True,True,QUÉBEC,OTTAWA,2025-07-15,3,Drummondville,DRMV,2025-07-15T11:38:08Z,2025-07-15T11:26:00Z,ARR,med,12.0
33,True,True,QUÉBEC,OTTAWA,2025-07-15,4,St. Hyacinthe,SHYA,2025-07-15T12:24:17Z,2025-07-15T11:57:00Z,ARR,bad,27.0
33,True,True,QUÉBEC,OTTAWA,2025-07-15,5,St. Lambert,SLAM,2025-07-15T12:57:24Z,2025-07-15T12:23:00Z,ARR,bad,34.0
33,True,True,QUÉBEC,OTTAWA,2025-07-15,6,Montréal,MTRL,2025-07-15T13:15:29Z,2025-07-15T12:37:00Z,ARR,bad,38.0
33,True,True,QUÉBEC,OTTAWA,2025-07-15,7,Dorval,DORV,2025-07-15T14:06:10Z,2025-07-15T13:24:00Z,ARR,bad,42.0
33,True,True,QUÉBEC,OTTAWA,2025-07-15,8,Alexandria,ALEX,2025-07-15T15:02:05Z,2025-07-15T14:10:00Z,ARR,bad,52.0
33,True,True,QUÉBEC,OTTAWA,2025-07-15,9,Casselman,CSLM,2025-07-15T15:28:34Z,2025-07-15T14:33:00Z,ARR,bad,55.0
33,True,True,QUÉBEC,OTTAWA,2025-07-15,10,Ottawa,OTTW,2025-07-15T15:53:59Z,2025-07-15T15:04:00Z,ARR,bad,49.0
31,True,True,MONTRÉAL,OTTAWA,2025-07-15,0,Montréal,MTRL,2025-07-15T10:20:00Z,2025-07-15T10:20:00Z,ARR,goo,0.0
31,True,True,MONTRÉAL,OTTAWA,2025-07-15,1,Dorval,DORV,2025-07-15T10:46:24Z,2025-07-15T10:44:00Z,ARR,goo,2.0
31,True,True,MONTRÉAL,OTTAWA,2025-07-15,2,Alexandria,ALEX,2025-07-15T11:38:27Z,2025-07-15T11:36:00Z,ARR,goo,2.0
31,True,True,MONTRÉAL,OTTAWA,2025-07-15,3,Casselman,CSLM,2025-07-15T12:03:21Z,2025-07-15T11:59:00Z,ARR,goo,4.0
31,True,True,MONTRÉAL,OTTAWA,2025-07-15,4,Ottawa,OTTW,2025-07-15T12:29:42Z,2025-07-15T12:25:00Z,ARR,goo,4.0
645,True,True,OTTAWA,TORONTO,2025-07-15,0,Ottawa,OTTW,2025-07-15T18:29:00Z,2025-07-15T18:29:00Z,ARR,goo,0.0
645,True,True,OTTAWA,TORONTO,2025-07-15,1,Fallowfield,FALL,2025-07-15T18:46:14Z,2025-07-15T18:49:00Z,ARR,goo,-2.0
645,True,True,OTTAWA,TORONTO,2025-07-15,2,Kingston,KGON,2025-07-15T20:46:28Z,2025-07-15T20:34:00Z,ARR,med,12.0
645,True,True,OTTAWA,TORONTO,2025-07-15,3,Belleville,BLVL,2025-07-15T21:47:20Z,2025-07-15T21:15:00Z,ARR,bad,32.0
645,True,True,OTTAWA,TORONTO,2025-07-15,4,Oshawa,OSHA,2025-07-15T23:11:06Z,2025-07-15T22:20:00Z,ARR,bad,51.0
645,True,True,OTTAWA,TORONTO,2025-07-15,5,Toronto,TRTO,2025-07-15T23:48:51Z,2025-07-15T23:15:00Z,ARR,bad,33.0
44,True,True,TORONTO,OTTAWA,2025-07-15,0,Toronto,TRTO,2025-07-15T18:24:23Z,2025-07-15T18:23:00Z,ARR,goo,1.0
44,True,True,TORONTO,OTTAWA,2025-07-15,1,Oshawa,OSHA,2025-07-15T19:28:41Z,2025-07-15T18:54:00Z,ARR,bad,34.0
44,True,True,TORONTO,OTTAWA,2025-07-15,2,Kingston,KGON,2025-07-15T21:47:25Z,2025-07-15T20:32:00Z,ARR,bad,75.0
44,True,True,TORONTO,OTTAWA,2025-07-15,3,Brockville,BRKV,2025-07-15T22:42:32Z,2025-07-15T21:19:00Z,ARR,bad,83.0
44,True,True,TORONTO,OTTAWA,2025-07-15,4,Smiths Falls,SMTF,2025-07-15T23:18:14Z,2025-07-15T21:50:00Z,ARR,bad,88.0
44,True,True,TORONTO,OTTAWA,2025-07-15,5,Fallowfield,FALL,2025-07-15T23:44:16Z,2025-07-15T22:22:00Z,ARR,bad,82.0
44,True,True,TORONTO,OTTAWA,2025-07-15,6,Ottawa,OTTW,2025-07-16T00:03:37Z,2025-07-15T22:43:00Z,ARR,bad,80.0
26,True,True,OTTAWA,QUÉBEC,2025-07-15,0,Ottawa,OTTW,2025-07-15T18:17:00Z,2025-07-15T18:17:00Z,ARR,goo,0.0
26,True,True,OTTAWA,QUÉBEC,2025-07-15,1,Alexandria,ALEX,2025-07-15T19:02:42Z,2025-07-15T19:03:00Z,ARR,goo,0.0
26,True,True,OTTAWA,QUÉBEC,2025-07-15,2,Coteau,COTO,2025-07-15T19:31:15Z,2025-07-15T19:26:00Z,ARR,med,5.0
26,True,True,OTTAWA,QUÉBEC,2025-07-15,3,Dorval,DORV,2025-07-15T19:58:43Z,2025-07-15T19:49:00Z,ARR,med,9.0
26,True,True,OTTAWA,QUÉBEC,2025-07-15,4,Montréal,MTRL,2025-07-15T20:23:20Z,2025-07-15T20:15:00Z,ARR,med,8.0
26,True,True,OTTAWA,QUÉBEC,2025-07-15,5,St. Lambert,SLAM,2025-07-15T21:03:49Z,2025-07-15T20:53:00Z,ARR,med,10.0
26,True,True,OTTAWA,QUÉBEC,2025-07-15,6,St. Hyacinthe,SHYA,2025-07-15T21:43:18Z,2025-07-15T21:20:00Z,ARR,bad,23.0
26,True,True,OTTAWA,QUÉBEC,2025-07-15,7,Drummondville,DRMV,2025-07-15T22:44:42Z,2025-07-15T22:05:00Z,ARR,bad,39.0
26,True,True,OTTAWA,QUÉBEC,2025-07-15,8,Charny,CHNY,2025-07-16T00:27:00Z,2025-07-15T23:44:00Z,ARR,bad,43.0
26,True,True,OTTAWA,QUÉBEC,2025-07-15,9,Ste-Foy,SFOY,2025-07-16T00:35:02Z,2025-07-15T23:52:00Z,ARR,bad,43.0
26,True,True,OTTAWA,QUÉBEC,2025-07-15,10,Québec,QBEC,2025-07-16T01:08:55Z,2025-07-16T00:19:00Z,ARR,bad,49.0
39,True,True,QUÉBEC,OTTAWA,2025-07-15,0,Québec,QBEC,2025-07-15T19:02:20Z,2025-07-15T18:57:00Z,ARR,med,5.0
39,True,True,QUÉBEC,OTTAWA,2025-07-15,1,Ste-Foy,SFOY,2025-07-15T19:49:23Z,2025-07-15T19:22:00Z,ARR,bad,27.0
39,True,True,QUÉBEC,OTTAWA,2025-07-15,2,Drummondville,DRMV,2025-07-15T21:48:23Z,2025-07-15T20:58:00Z,ARR,bad,50.0
39,True,True,QUÉBEC,OTTAWA,2025-07-15,3,St. Lambert,SLAM,2025-07-15T22:57:56Z,2025-07-15T21:57:00Z,ARR,bad,60.0
39,True,True,QUÉBEC,OTTAWA,2025-07-15,4,Montréal,MTRL,2025-07-15T23:16:07Z,2025-07-15T22:11:00Z,ARR,bad,65.0
39,True,True,QUÉBEC,OTTAWA,2025-07-15,5,Dorval,DORV,2025-07-16T00:01:03Z,2025-07-15T23:14:00Z,ARR,bad,47.0
39,True,True,QUÉBEC,OTTAWA,2025-07-15,6,Coteau,COTO,2025-07-16T00:32:23Z,2025-07-15T23:43:00Z,ARR,bad,49.0
39,True,True,QUÉBEC,OTTAWA,2025-07-15,7,Alexandria,ALEX,2025-07-16T00:57:40Z,2025-07-16T00:06:00Z,ARR,bad,51.0
39,True,True,QUÉBEC,OTTAWA,2025-07-15,8,Ottawa,OTTW,2025-07-16T01:41:46Z,2025-07-16T00:51:00Z,ARR,bad,50.0
66,True,True,TORONTO,MONTRÉAL,2025-07-15,0,Toronto,TRTO,2025-07-15T19:26:36Z,2025-07-15T19:23:00Z,ARR,goo,3.0
66,True,True,TORONTO,MONTRÉAL,2025-07-15,1,Guildwood,GUIL,2025-07-15T19:52:16Z,2025-07-15T19:40:00Z,ARR,med,12.0
66,True,True,TORONTO,MONTRÉAL,2025-07-15,2,Oshawa,OSHA,2025-07-15T20:15:56Z,2025-07-15T19:54:00Z,ARR,bad,21.0
66,True,True,TORONTO,MONTRÉAL,2025-07-15,3,Belleville,BLVL,2025-07-15T21:32:11Z,2025-07-15T21:00:00Z,ARR,bad,32.0
66,True,True,TORONTO,MONTRÉAL,2025-07-15,4,Kingston,KGON,2025-07-15T22:28:55Z,2025-07-15T21:40:00Z,ARR,bad,48.0
66,True,True,TORONTO,MONTRÉAL,2025-07-15,5,Cornwall,CWLL,2025-07-16T00:01:46Z,2025-07-15T23:07:00Z,ARR,bad,54.0
66,True,True,TORONTO,MONTRÉAL,2025-07-15,6,Dorval,DORV,2025-07-16T01:00:28Z,2025-07-15T23:58:00Z,ARR,bad,62.0
66,True,True,TORONTO,MONTRÉAL,2025-07-15,7,Montréal,MTRL,2025-07-16T01:37:43Z,2025-07-16T00:25:00Z,ARR,bad,72.0
46,True,True,TORONTO,OTTAWA,2025-07-15,0,Toronto,TRTO,2025-07-15T19:38:45Z,2025-07-15T19:38:00Z,ARR,goo,0.0
46,True,True,TORONTO,OTTAWA,2025-07-15,1,Oshawa,OSHA,2025-07-15T20:31:11Z,2025-07-15T20:09:00Z,ARR,bad,22.0
46,True,True,TORONTO,OTTAWA,2025-07-15,2,Cobourg,CBRG,2025-07-15T21:15:39Z,2025-07-15T20:43:00Z,ARR,bad,32.0
46,True,True,TORONTO,OTTAWA,2025-07-15,3,Kingston,KGON,2025-07-15T22:48:41Z,2025-07-15T21:54:00Z,ARR,bad,54.0
46,True,True,TORONTO,OTTAWA,2025-07-15,4,Brockville,BRKV,2025-07-15T23:45:04Z,2025-07-15T22:40:00Z,ARR,bad,65.0
46,True,True,TORONTO,OTTAWA,2025-07-15,5,Fallowfield,FALL,2025-07-16T00:37:08Z,2025-07-15T23:40:00Z,ARR,bad,57.0
46,True,True,TORONTO,OTTAWA,2025-07-15,6,Ottawa,OTTW,2025-07-16T00:56:32Z,2025-07-16T00:00:00Z,ARR,bad,56.0
83,True,True,TORONTO,LONDON,2025-07-15,0,Toronto,TRTO,2025-07-15T20:15:00Z,2025-07-15T20:15:00Z,ARR,goo,0.0
83,True,True,TORONTO,LONDON,2025-07-15,1,Aldershot,ALDR,2025-07-15T21:04:03Z,2025-07-15T20:50:00Z,ARR,med,14.0
83,True,True,TORONTO,LONDON,2025-07-15,2,Brantford,BRTF,2025-07-15T21:35:51Z,2025-07-15T21:20:00Z,ARR,bad,15.0
83,True,True,TORONTO,LONDON,2025-07-15,3,Woodstock,WDST,2025-07-15T22:06:48Z,2025-07-15T21:48:00Z,ARR,bad,18.0
83,True,True,TORONTO,LONDON,2025-07-15,4,London,LNDN,2025-07-15T22:38:01Z,2025-07-15T22:27:00Z,ARR,med,11.0
28,True,True,OTTAWA,QUÉBEC,2025-07-15,0,Ottawa,OTTW,2025-07-15T20:05:00Z,2025-07-15T20:05:00Z,ARR,goo,0.0
28,True,True,OTTAWA,QUÉBEC,2025-07-15,1,Casselman,CSLM,2025-07-15T20:29:37Z,2025-07-15T20:31:00Z,ARR,goo,-1.0
28,True,True,OTTAWA,QUÉBEC,2025-07-15,2,Alexandria,ALEX,2025-07-15T20:53:16Z,2025-07-15T20:53:00Z,ARR,goo,0.0
28,True,True,OTTAWA,QUÉBEC,2025-07-15,3,Coteau,COTO,2025-07-15T21:17:26Z,2025-07-15T21:15:00Z,ARR,goo,2.0
28,True,True,OTTAWA,QUÉBEC,2025-07-15,4,Dorval,DORV,2025-07-15T22:06:22Z,2025-07-15T21:38:00Z,ARR,bad,28.0
28,True,True,OTTAWA,QUÉBEC,2025-07-15,5,Montréal,MTRL,2025-07-15T22:38:18Z,2025-07-15T22:04:00Z,ARR,bad,34.0
28,True,True,OTTAWA,QUÉBEC,2025-07-15,6,St. Lambert,SLAM,2025-07-15T23:27:06Z,2025-07-15T22:38:00Z,ARR,bad,49.0
28,True,True,OTTAWA,QUÉBEC,2025-07-15,7,St. Hyacinthe,SHYA,2025-07-16T00:04:17Z,2025-07-15T23:06:00Z,ARR,bad,58.0
28,True,True,OTTAWA,QUÉBEC,2025-07-15,8,Drummondville,DRMV,2025-07-16T00:53:31Z,2025-07-15T23:52:00Z,ARR,bad,61.0
28,True,True,OTTAWA,QUÉBEC,2025-07-15,9,Charny,CHNY,2025-07-16T02:31:26Z,2025-07-16T01:14:00Z,ARR,bad,77.0
28,True,True,OTTAWA,QUÉBEC,2025-07-15,10,Ste-Foy,SFOY,2025-07-16T02:39:43Z,2025-07-16T01:21:00Z,ARR,bad,78.0
28,True,True,OTTAWA,QUÉBEC,2025-07-15,11,Québec,QBEC,2025-07-16T03:17:19Z,2025-07-16T01:48:00Z,ARR,bad,89.0
69,True,False,MONTRÉAL,TORONTO,2025-07-15,0,Montréal,MTRL,2025-07-15T20:40:00Z,2025-07-15T20:38:00Z,ARR,goo,2.0
69,True,False,MONTRÉAL,TORONTO,2025-07-15,1,Dorval,DORV,2025-07-15T21:05:41Z,2025-07-15T21:04:00Z,ARR,goo,1.0
69,True,False,MONTRÉAL,TORONTO,2025-07-15,2,Cornwall,CWLL,2025-07-15T22:42:39Z,2025-07-15T21:53:00Z,ARR,bad,49.0
69,True,False,MONTRÉAL,TORONTO,2025-07-15,3,Brockville,BRKV,2025-07-15T23:37:04Z,2025-07-15T22:40:00Z,ARR,bad,57.0
69,True,False,MONTRÉAL,TORONTO,2025-07-15,4,Kingston,KGON,2025-07-16T00:31:40Z,2025-07-15T23:24:00Z,ARR,bad,67.0
69,True,False,MONTRÉAL,TORONTO,2025-07-15,5,Oshawa,OSHA,2025-07-16T02:39:08Z,2025-07-16T01:05:00Z,ARR,bad,94.0
69,True,False,MONTRÉAL,TORONTO,2025-07-15,6,Guildwood,GUIL,2025-07-16T03:13:31Z,2025-07-16T01:28:00Z,ARR,bad,105.0
69,True,False,MONTRÉAL,TORONTO,2025-07-15,7,Toronto,TRTO,2025-07-16T03:33:45Z,2025-07-16T01:48:00Z,8 mins,bad,105.0
68,True,True,TORONTO,MONTRÉAL,2025-07-15,0,Toronto,TRTO,2025-07-15T21:08:30Z,2025-07-15T21:08:00Z,ARR,goo,0.0
68,True,True,TORONTO,MONTRÉAL,2025-07-15,1,Oshawa,OSHA,2025-07-15T22:01:40Z,2025-07-15T21:39:00Z,ARR,bad,22.0
68,True,True,TORONTO,MONTRÉAL,2025-07-15,2,Cobourg,CBRG,2025-07-15T22:38:14Z,2025-07-15T22:14:00Z,ARR,bad,24.0
68,True,True,TORONTO,MONTRÉAL,2025-07-15,3,Belleville,BLVL,2025-07-15T23:12:55Z,2025-07-15T22:49:00Z,ARR,bad,23.0
68,True,True,TORONTO,MONTRÉAL,2025-07-15,4,Kingston,KGON,2025-07-15T23:53:53Z,2025-07-15T23:26:00Z,ARR,bad,27.0
68,True,True,TORONTO,MONTRÉAL,2025-07-15,5,Brockville,BRKV,2025-07-16T00:40:53Z,2025-07-16T00:11:00Z,ARR,bad,29.0
68,True,True,TORONTO,MONTRÉAL,2025-07-15,6,Cornwall,CWLL,2025-07-16T01:24:45Z,2025-07-16T00:57:00Z,ARR,bad,27.0
68,True,True,TORONTO,MONTRÉAL,2025-07-15,7,Dorval,DORV,2025-07-16T02:13:05Z,2025-07-16T01:47:00Z,ARR,bad,26.0
68,True,True,TORONTO,MONTRÉAL,2025-07-15,8,Montréal,MTRL,2025-07-16T02:43:44Z,2025-07-16T02:14:00Z,ARR,bad,29.0
75,True,True,TORONTO,WINDSOR,2025-07-15,0,Toronto,TRTO,2025-07-15T21:23:00Z,2025-07-15T21:22:00Z,ARR,goo,1.0
75,True,True,TORONTO,WINDSOR,2025-07-15,1,Oakville,OAKV,2025-07-15T21:50:36Z,2025-07-15T21:45:00Z,ARR,med,5.0
75,True,True,TORONTO,WINDSOR,2025-07-15,2,Aldershot,ALDR,2025-07-15T22:07:46Z,2025-07-15T22:01:00Z,ARR,med,6.0
75,True,True,TORONTO,WINDSOR,2025-07-15,3,Brantford,BRTF,2025-07-15T22:42:13Z,2025-07-15T22:33:00Z,ARR,med,9.0
75,True,True,TORONTO,WINDSOR,2025-07-15,4,Woodstock,WDST,2025-07-15T23:11:06Z,2025-07-15T23:04:00Z,ARR,med,7.0
75,True,True,TORONTO,WINDSOR,2025-07-15,5,Ingersoll,INGR,2025-07-15T23:22:28Z,2025-07-15T23:19:00Z,ARR,goo,3.0
75,True,True,TORONTO,WINDSOR,2025-07-15,6,London,LNDN,2025-07-15T23:45:11Z,2025-07-15T23:47:00Z,ARR,goo,-1.0
75,True,True,TORONTO,WINDSOR,2025-07-15,7,Glencoe,GLNC,2025-07-16T00:29:56Z,2025-07-16T00:21:00Z,ARR,med,8.0
75,True,True,TORONTO,WINDSOR,2025-07-15,8,Chatham,CHAT,2025-07-16T01:14:45Z,2025-07-16T00:55:00Z,ARR,bad,19.0
75,True,True,TORONTO,WINDSOR,2025-07-15,9,Windsor,WDON,2025-07-16T02:00:25Z,2025-07-16T01:50:00Z,ARR,med,10.0
98,True,True,NIAGARA FALLS,TORONTO,2025-07-15,0,Niagara Falls,NIAG,2025-07-15T22:48:00Z,2025-07-15T21:45:00Z,ARR,bad,63.0
98,True,True,NIAGARA FALLS,TORONTO,2025-07-15,1,St. Catharines,SCAT,2025-07-15T23:09:00Z,2025-07-15T22:06:00Z,ARR,bad,63.0
98,True,True,NIAGARA FALLS,TORONTO,2025-07-15,2,Grimsby,GRIM,2025-07-15T23:29:00Z,2025-07-15T22:26:00Z,ARR,bad,63.0
98,True,True,NIAGARA FALLS,TORONTO,2025-07-15,3,Aldershot,ALDR,2025-07-16T00:32:00Z,2025-07-15T23:02:00Z,ARR,bad,90.0
98,True,True,NIAGARA FALLS,TORONTO,2025-07-15,4,Oakville,OAKV,2025-07-16T00:42:00Z,2025-07-15T23:16:00Z,ARR,bad,86.0
98,True,True,NIAGARA FALLS,TORONTO,2025-07-15,5,Toronto,TRTO,2025-07-16T01:09:00Z,2025-07-15T23:43:00Z,ARR,bad,86.0
54,True,True,TORONTO,OTTAWA,2025-07-15,0,Toronto,TRTO,2025-07-15T21:38:00Z,2025-07-15T21:38:00Z,ARR,goo,0.0
54,True,True,TORONTO,OTTAWA,2025-07-15,1,Guildwood,GUIL,2025-07-15T22:06:19Z,2025-07-15T21:55:00Z,ARR,med,11.0
54,True,True,TORONTO,OTTAWA,2025-07-15,2,Oshawa,OSHA,2025-07-15T22:35:10Z,2025-07-15T22:08:00Z,ARR,bad,27.0
54,True,True,TORONTO,OTTAWA,2025-07-15,3,Port Hope,PHOP,2025-07-15T23:03:23Z,2025-07-15T22:37:00Z,ARR,bad,26.0
54,True,True,TORONTO,OTTAWA,2025-07-15,4,Cobourg,CBRG,2025-07-15T23:12:36Z,2025-07-15T22:46:00Z,ARR,bad,26.0
54,True,True,TORONTO,OTTAWA,2025-07-15,5,Trenton Jct.,TRNJ,2025-07-15T23:38:47Z,2025-07-15T23:13:01Z,ARR,bad,25.0
54,True,True,TORONTO,OTTAWA,2025-07-15,6,Belleville,BLVL,2025-07-15T23:53:25Z,2025-07-15T23:27:00Z,ARR,bad,26.0
54,True,True,TORONTO,OTTAWA,2025-07-15,7,Napanee,NAPN,2025-07-16T00:15:08Z,2025-07-15T23:48:00Z,ARR,bad,27.0
54,True,True,TORONTO,OTTAWA,2025-07-15,8,Kingston,KGON,2025-07-16T00:35:54Z,2025-07-16T00:09:00Z,ARR,bad,26.0
54,True,True,TORONTO,OTTAWA,2025-07-15,9,Brockville,BRKV,2025-07-16T01:27:24Z,2025-07-16T00:54:00Z,ARR,bad,33.0
54,True,True,TORONTO,OTTAWA,2025-07-15,10,Smiths Falls,SMTF,2025-07-16T02:01:00Z,2025-07-16T01:25:00Z,ARR,bad,36.0
54,True,True,TORONTO,OTTAWA,2025-07-15,11,Fallowfield,FALL,2025-07-16T02:28:42Z,2025-07-16T01:52:00Z,ARR,bad,36.0
54,True,True,TORONTO,OTTAWA,2025-07-15,12,Ottawa,OTTW,2025-07-16T02:48:31Z,2025-07-16T02:13:00Z,ARR,bad,35.0
87,True,True,TORONTO,SARNIA,2025-07-15,0,Toronto,TRTO,2025-07-15T21:40:00Z,2025-07-15T21:40:00Z,ARR,goo,0.0
87,True,True,TORONTO,SARNIA,2025-07-15,1,Malton,MALT,2025-07-15T22:01:07Z,2025-07-15T22:00:00Z,ARR,goo,1.0
87,True,True,TORONTO,SARNIA,2025-07-15,2,Brampton,BRMP,2025-07-15T22:15:37Z,2025-07-15T22:12:00Z,ARR,goo,3.0
87,True,True,TORONTO,SARNIA,2025-07-15,3,Georgetown,GEOR,2025-07-15T22:30:07Z,2025-07-15T22:24:00Z,ARR,med,6.0
87,True,True,TORONTO,SARNIA,2025-07-15,4,Guelph,GUEL,2025-07-15T23:00:37Z,2025-07-15T22:49:00Z,ARR,med,11.0
87,True,True,TORONTO,SARNIA,2025-07-15,5,Kitchener,KITC,2025-07-15T23:24:47Z,2025-07-15T23:16:00Z,ARR,med,8.0
87,True,True,TORONTO,SARNIA,2025-07-15,6,Stratford,STRF,2025-07-16T00:14:26Z,2025-07-15T23:57:00Z,ARR,bad,17.0
87,True,True,TORONTO,SARNIA,2025-07-15,7,St.Marys,SMYS,2025-07-16T00:48:12Z,2025-07-16T00:25:00Z,ARR,bad,23.0
87,True,True,TORONTO,SARNIA,2025-07-15,8,London,LNDN,2025-07-16T01:40:05Z,2025-07-16T01:13:00Z,ARR,bad,27.0
87,True,True,TORONTO,SARNIA,2025-07-15,9,Strathroy,STRR,2025-07-16T02:11:01Z,2025-07-16T01:39:00Z,ARR,bad,32.0
87,True,True,TORONTO,SARNIA,2025-07-15,10,Wyoming,WYOM,2025-07-16T02:36:02Z,2025-07-16T02:07:00Z,ARR,bad,29.0
87,True,True,TORONTO,SARNIA,2025-07-15,11,Sarnia,SARN,2025-07-16T02:50:17Z,2025-07-16T02:24:00Z,ARR,bad,26.0
29,True,True,QUÉBEC,MONTRÉAL,2025-07-15,0,Québec,QBEC,2025-07-15T22:01:49Z,2025-07-15T21:41:00Z,ARR,bad,20.0
29,True,True,QUÉBEC,MONTRÉAL,2025-07-15,1,Ste-Foy,SFOY,2025-07-15T22:35:05Z,2025-07-15T22:06:00Z,ARR,bad,29.0
29,True,True,QUÉBEC,MONTRÉAL,2025-07-15,2,Drummondville,DRMV,2025-07-16T00:13:53Z,2025-07-15T23:42:00Z,ARR,bad,31.0
29,True,True,QUÉBEC,MONTRÉAL,2025-07-15,3,St. Hyacinthe,SHYA,2025-07-16T01:02:18Z,2025-07-16T00:18:00Z,ARR,bad,44.0
29,True,True,QUÉBEC,MONTRÉAL,2025-07-15,4,St. Lambert,SLAM,2025-07-16T01:33:44Z,2025-07-16T00:45:00Z,ARR,bad,48.0
29,True,True,QUÉBEC,MONTRÉAL,2025-07-15,5,Montréal,MTRL,2025-07-16T01:51:10Z,2025-07-16T01:00:00Z,ARR,bad,51.0
668,True,False,TORONTO,MONTRÉAL,2025-07-15,0,Toronto,TRTO,2025-07-15T22:08:39Z,2025-07-15T22:08:00Z,ARR,goo,0.0
668,True,False,TORONTO,MONTRÉAL,2025-07-15,1,Guildwood,GUIL,2025-07-15T22:31:49Z,2025-07-15T22:25:00Z,ARR,med,6.0
668,True,False,TORONTO,MONTRÉAL,2025-07-15,2,Oshawa,OSHA,2025-07-15T22:55:48Z,2025-07-15T22:39:00Z,ARR,bad,16.0
668,True,False,TORONTO,MONTRÉAL,2025-07-15,3,Kingston,KGON,2025-07-16T00:46:15Z,2025-07-16T00:22:00Z,ARR,bad,24.0
668,True,False,TORONTO,MONTRÉAL,2025-07-15,4,Cornwall,CWLL,2025-07-16T02:17:25Z,2025-07-16T01:49:00Z,ARR,bad,28.0
668,True,False,TORONTO,MONTRÉAL,2025-07-15,5,Dorval,DORV,2025-07-16T03:07:36Z,2025-07-16T02:38:00Z,ARR,bad,29.0
668,True,False,TORONTO,MONTRÉAL,2025-07-15,6,Montréal,MTRL,2025-07-16T03:33:07Z,2025-07-16T03:04:00Z,7 mins,bad,29.0
59,True,True,OTTAWA,TORONTO,2025-07-15,0,Ottawa,OTTW,2025-07-15T22:03:00Z,2025-07-15T22:03:00Z,ARR,goo,0.0
59,True,True,OTTAWA,TORONTO,2025-07-15,1,Fallowfield,FALL,2025-07-15T22:19:45Z,2025-07-15T22:20:00Z,ARR,goo,0.0
59,True,True,OTTAWA,TORONTO,2025-07-15,2,Smiths Falls,SMTF,2025-07-15T22:48:57Z,2025-07-15T22:51:00Z,ARR,goo,-2.0
59,True,True,OTTAWA,TORONTO,2025-07-15,3,Brockville,BRKV,2025-07-15T23:29:23Z,2025-07-15T23:25:00Z,ARR,goo,4.0
59,True,True,OTTAWA,TORONTO,2025-07-15,4,Kingston,KGON,2025-07-16T00:17:09Z,2025-07-16T00:10:00Z,ARR,med,7.0
59,True,True,OTTAWA,TORONTO,2025-07-15,5,Belleville,BLVL,2025-07-16T01:03:59Z,2025-07-16T00:51:00Z,ARR,med,12.0
59,True,True,OTTAWA,TORONTO,2025-07-15,6,Trenton Jct.,TRNJ,2025-07-16T01:17:42Z,2025-07-16T01:05:00Z,ARR,med,12.0
59,True,True,OTTAWA,TORONTO,2025-07-15,7,Cobourg,CBRG,2025-07-16T01:49:05Z,2025-07-16T01:31:00Z,ARR,bad,18.0
59,True,True,OTTAWA,TORONTO,2025-07-15,8,Oshawa,OSHA,2025-07-16T02:29:53Z,2025-07-16T02:05:00Z,ARR,bad,24.0
59,True,True,OTTAWA,TORONTO,2025-07-15,9,Guildwood,GUIL,2025-07-16T02:50:52Z,2025-07-16T02:28:00Z,ARR,bad,22.0
59,True,True,OTTAWA,TORONTO,2025-07-15,10,Toronto,TRTO,2025-07-16T03:12:39Z,2025-07-16T02:48:00Z,ARR,bad,24.0
78,True,True,WINDSOR,TORONTO,2025-07-15,0,Windsor,WDON,2025-07-15T21:40:00Z,2025-07-15T21:40:00Z,ARR,goo,0.0
78,True,True,WINDSOR,TORONTO,2025-07-15,1,Chatham,CHAT,2025-07-15T22:24:52Z,2025-07-15T22:24:00Z,ARR,goo,0.0
78,True,True,WINDSOR,TORONTO,2025-07-15,2,Glencoe,GLNC,2025-07-15T23:09:01Z,2025-07-15T22:59:00Z,ARR,med,10.0
78,True,True,WINDSOR,TORONTO,2025-07-15,3,London,LNDN,2025-07-15T23:47:40Z,2025-07-15T23:32:00Z,ARR,bad,15.0
78,True,True,WINDSOR,TORONTO,2025-07-15,4,Ingersoll,INGR,2025-07-16T00:13:05Z,2025-07-15T23:57:00Z,ARR,bad,16.0
78,True,True,WINDSOR,TORONTO,2025-07-15,5,Woodstock,WDST,2025-07-16T00:24:44Z,2025-07-16T00:08:00Z,ARR,bad,16.0
78,True,True,WINDSOR,TORONTO,2025-07-15,6,Brantford,BRTF,2025-07-16T01:00:29Z,2025-07-16T00:39:00Z,ARR,bad,21.0
78,True,True,WINDSOR,TORONTO,2025-07-15,7,Aldershot,ALDR,2025-07-16T01:35:29Z,2025-07-16T01:09:00Z,ARR,bad,26.0
78,True,True,WINDSOR,TORONTO,2025-07-15,8,Oakville,OAKV,2025-07-16T01:50:49Z,2025-07-16T01:24:00Z,ARR,bad,26.0
78,True,True,WINDSOR,TORONTO,2025-07-15,9,Toronto,TRTO,2025-07-16T02:17:32Z,2025-07-16T01:50:00Z,ARR,bad,27.0
38,True,True,OTTAWA,MONTRÉAL,2025-07-15,0,Ottawa,OTTW,2025-07-15T21:55:00Z,2025-07-15T21:55:00Z,ARR,goo,0.0
38,True,True,OTTAWA,MONTRÉAL,2025-07-15,1,Casselman,CSLM,2025-07-15T22:19:29Z,2025-07-15T22:26:00Z,ARR,goo,-6.0
38,True,True,OTTAWA,MONTRÉAL,2025-07-15,2,Alexandria,ALEX,2025-07-15T22:45:50Z,2025-07-15T22:49:00Z,ARR,goo,-3.0
38,True,True,OTTAWA,MONTRÉAL,2025-07-15,3,Dorval,DORV,2025-07-15T23:43:02Z,2025-07-15T23:33:00Z,ARR,med,10.0
38,True,True,OTTAWA,MONTRÉAL,2025-07-15,4,Montréal,MTRL,2025-07-16T00:07:59Z,2025-07-15T23:57:00Z,ARR,med,10.0
669,True,False,MONTRÉAL,TORONTO,2025-07-15,0,Montréal,MTRL,2025-07-15T22:09:00Z,2025-07-15T22:09:00Z,ARR,goo,0.0
669,True,False,MONTRÉAL,TORONTO,2025-07-15,1,Dorval,DORV,2025-07-15T22:36:27Z,2025-07-15T22:34:00Z,ARR,goo,2.0
669,True,False,MONTRÉAL,TORONTO,2025-07-15,2,Cornwall,CWLL,2025-07-15T23:39:07Z,2025-07-15T23:26:00Z,ARR,med,13.0
669,True,False,MONTRÉAL,TORONTO,2025-07-15,3,Kingston,KGON,2025-07-16T01:18:03Z,2025-07-16T00:52:00Z,ARR,bad,26.0
669,True,False,MONTRÉAL,TORONTO,2025-07-15,4,Oshawa,OSHA,2025-07-16T03:23:53Z,2025-07-16T02:35:00Z,ARR,bad,48.0
669,True,False,MONTRÉAL,TORONTO,2025-07-15,5,Toronto,TRTO,2025-07-16T04:06:53Z,2025-07-16T03:18:00Z,41 mins,bad,48.0
48,True,False,TORONTO,OTTAWA,2025-07-15,0,Toronto,TRTO,2025-07-15T23:36:00Z,2025-07-15T22:38:00Z,ARR,bad,58.0
48,True,False,TORONTO,OTTAWA,2025-07-15,1,Oshawa,OSHA,2025-07-16T00:20:19Z,2025-07-15T23:08:00Z,ARR,bad,72.0
48,True,False,TORONTO,OTTAWA,2025-07-15,2,Port Hope,PHOP,2025-07-16T00:50:04Z,2025-07-15T23:36:00Z,ARR,bad,74.0
48,True,False,TORONTO,OTTAWA,2025-07-15,3,Cobourg,CBRG,2025-07-16T00:58:46Z,2025-07-15T23:45:00Z,ARR,bad,73.0
48,True,False,TORONTO,OTTAWA,2025-07-15,4,Trenton Jct.,TRNJ,2025-07-16T01:36:25Z,2025-07-16T00:12:01Z,ARR,bad,84.0
48,True,False,TORONTO,OTTAWA,2025-07-15,5,Belleville,BLVL,2025-07-16T01:48:54Z,2025-07-16T00:25:00Z,ARR,bad,83.0
48,True,False,TORONTO,OTTAWA,2025-07-15,6,Napanee,NAPN,2025-07-16T02:20:57Z,2025-07-16T00:46:00Z,ARR,bad,94.0
48,True,False,TORONTO,OTTAWA,2025-07-15,7,Kingston,KGON,2025-07-16T02:40:57Z,2025-07-16T01:06:00Z,ARR,bad,94.0
48,True,False,TORONTO,OTTAWA,2025-07-15,8,Gananoque,GANA,2025-07-16T03:02:52Z,2025-07-16T01:28:00Z,ARR,bad,94.0
48,True,False,TORONTO,OTTAWA,2025-07-15,9,Brockville,BRKV,2025-07-16T03:27:39Z,2025-07-16T01:53:00Z,2 mins,bad,94.0
48,True,False,TORONTO,OTTAWA,2025-07-15,10,Smiths Falls,SMTF,2025-07-16T03:58:39Z,2025-07-16T02:24:00Z,33 mins,bad,94.0
48,True,False,TORONTO,OTTAWA,2025-07-15,11,Fallowfield,FALL,2025-07-16T04:25:39Z,2025-07-16T02:51:00Z,1h00,bad,94.0
48,True,False,TORONTO,OTTAWA,2025-07-15,12,Ottawa,OTTW,2025-07-16T04:45:39Z,2025-07-16T03:11:00Z,1h20,bad,94.0
79,True,False,TORONTO,WINDSOR,2025-07-15,0,Toronto,TRTO,2025-07-16T01:10:00Z,2025-07-15T23:45:00Z,ARR,bad,85.0
79,True,False,TORONTO,WINDSOR,2025-07-15,1,Oakville,OAKV,2025-07-16T01:38:28Z,2025-07-16T00:07:00Z,ARR,bad,91.0
79,True,False,TORONTO,WINDSOR,2025-07-15,2,Aldershot,ALDR,2025-07-16T01:59:09Z,2025-07-16T00:22:00Z,ARR,bad,97.0
79,True,False,TORONTO,WINDSOR,2025-07-15,3,Brantford,BRTF,2025-07-16T02:36:26Z,2025-07-16T00:50:00Z,ARR,bad,106.0
79,True,False,TORONTO,WINDSOR,2025-07-15,4,Woodstock,WDST,2025-07-16T03:05:58Z,2025-07-16T01:17:00Z,ARR,bad,108.0
79,True,False,TORONTO,WINDSOR,2025-07-15,5,Ingersoll,INGR,2025-07-16T03:18:01Z,2025-07-16T01:30:00Z,ARR,bad,108.0
79,True,False,TORONTO,WINDSOR,2025-07-15,6,London,LNDN,2025-07-16T03:41:11Z,2025-07-16T01:52:00Z,15 mins,bad,109.0
79,True,False,TORONTO,WINDSOR,2025-07-15,7,Glencoe,GLNC,2025-07-16T04:14:11Z,2025-07-16T02:25:00Z,48 mins,bad,109.0
79,True,False,TORONTO,WINDSOR,2025-07-15,8,Chatham,CHAT,2025-07-16T04:46:11Z,2025-07-16T02:57:00Z,1h20,bad,109.0
79,True,False,TORONTO,WINDSOR,2025-07-15,9,Windsor,WDON,2025-07-16T05:33:11Z,2025-07-16T03:44:00Z,2h07,bad,109.0
690,True,False,CHURCHILL,THE PAS,2025-07-15,0,Churchill,CHUR,2025-07-16T01:34:07Z,2025-07-16T01:30:00Z,ARR,goo,4.0
690,True,False,CHURCHILL,THE PAS,2025-07-15,1,Tidal,TIDL,2025-07-16T02:03:29Z,2025-07-16T01:52:00Z,ARR,med,11.0
690,True,False,CHURCHILL,THE PAS,2025-07-15,2,Chesnaye,CHES,2025-07-16T03:08:45Z,2025-07-16T02:38:00Z,ARR,bad,30.0
690,True,False,CHURCHILL,THE PAS,2025-07-15,3,M'Clintock,MCLI,2025-07-16T04:24:45Z,2025-07-16T03:54:00Z,59 mins,bad,30.0
690,True,False,CHURCHILL,THE PAS,2025-07-15,4,O'Day,ODAY,2025-07-16T05:09:45Z,2025-07-16T04:39:00Z,1h44,bad,30.0
690,True,False,CHURCHILL,THE PAS,2025-07-15,5,Herchmer,HERC,2025-07-16T05:48:45Z,2025-07-16T05:18:00Z,2h23,bad,30.0
690,True,False,CHURCHILL,THE PAS,2025-07-15,6,Thibaudeau,THIB,2025-07-16T07:14:45Z,2025-07-16T06:44:00Z,3h49,bad,30.0
690,True,False,CHURCHILL,THE PAS,2025-07-15,7,Weir River,WEIR,2025-07-16T08:16:45Z,2025-07-16T07:46:00Z,4h51,bad,30.0
690,True,False,CHURCHILL,THE PAS,2025-07-15,8,Amery,AMRY,2025-07-16T09:07:45Z,2025-07-16T08:37:00Z,5h42,bad,30.0
690,True,False,CHURCHILL,THE PAS,2025-07-15,9,Bird,BIRD,2025-07-16T09:30:45Z,2025-07-16T09:00:00Z,6h05,bad,30.0
690,True,False,CHURCHILL,THE PAS,2025-07-15,10,Gillam,GILL,2025-07-16T10:30:45Z,2025-07-16T10:00:00Z,7h05,bad,30.0
690,True,False,CHURCHILL,THE PAS,2025-07-15,11,Wivenhoe,WVHO,2025-07-16T11:46:45Z,2025-07-16T11:16:00Z,8h21,bad,30.0
690,True,False,CHURCHILL,THE PAS,2025-07-15,12,Ilford,ILFO,2025-07-16T12:23:45Z,2025-07-16T11:53:00Z,8h58,bad,30.0
690,True,False,CHURCHILL,THE PAS,2025-07-15,13,Pit Siding,PITS,2025-07-16T13:24:45Z,2025-07-16T12:54:00Z,9h59,bad,30.0
690,True,False,CHURCHILL,THE PAS,2025-07-15,14,Bridgar,BRGR,2025-07-16T14:46:45Z,2025-07-16T14:16:00Z,11h21,bad,30.0
690,True,False,CHURCHILL,THE PAS,2025-07-15,15,Pikwitonei,PIKW,2025-07-16T14:57:45Z,2025-07-16T14:27:00Z,11h32,bad,30.0
690,True,False,CHURCHILL,THE PAS,2025-07-15,16,Sipiwesk,SIPI,2025-07-16T15:24:45Z,2025-07-16T14:54:00Z,11h59,bad,30.0
690,True,False,CHURCHILL,THE PAS,2025-07-15,17,Thompson,THOM,2025-07-16T17:00:45Z,2025-07-16T16:30:00Z,13h35,bad,30.0
600,True,False,JONQUIÈRE,MONTRÉAL,2025-07-15,0,Jonquière,JONQ,2025-07-16T02:54:35Z,2025-07-16T02:50:00Z,ARR,goo,4.0
600,True,False,JONQUIÈRE,MONTRÉAL,2025-07-15,1,Hébertville,HEBV,2025-07-16T03:28:21Z,2025-07-16T03:24:00Z,2 mins,goo,4.0
600,True,False,JONQUIÈRE,MONTRÉAL,2025-07-15,2,Chambord,CHBD,2025-07-16T04:05:21Z,2025-07-16T04:01:00Z,39 mins,goo,4.0
600,True,False,JONQUIÈRE,MONTRÉAL,2025-07-15,3,Lac-Bouchette,LBOU,2025-07-16T04:43:21Z,2025-07-16T04:39:00Z,1h17,goo,4.0
600,True,False,JONQUIÈRE,MONTRÉAL,2025-07-15,4,Club Lizotte,LIZO,2025-07-16T05:08:21Z,2025-07-16T05:04:00Z,1h42,goo,4.0
600,True,False,JONQUIÈRE,MONTRÉAL,2025-07-15,5,Kondiaronk,KOND,2025-07-16T05:21:21Z,2025-07-16T05:17:00Z,1h55,goo,4.0
600,True,False,JONQUIÈRE,MONTRÉAL,2025-07-15,6,Lac Des Roches,LDES,2025-07-16T05:24:21Z,2025-07-16T05:20:00Z,1h58,goo,4.0
600,True,False,JONQUIÈRE,MONTRÉAL,2025-07-15,7,Van Bruyssel,VBRU,2025-07-16T05:34:21Z,2025-07-16T05:30:00Z,2h08,goo,4.0
600,True,False,JONQUIÈRE,MONTRÉAL,2025-07-15,8,Kiskissink,KISK,2025-07-16T05:35:22Z,2025-07-16T05:31:01Z,2h09,goo,4.0
600,True,False,JONQUIÈRE,MONTRÉAL,2025-07-15,9,Brooks,BRQU,2025-07-16T05:47:21Z,2025-07-16T05:43:00Z,2h21,goo,4.0
600,True,False,JONQUIÈRE,MONTRÉAL,2025-07-15,10,Summit,SMQU,2025-07-16T05:57:21Z,2025-07-16T05:53:00Z,2h31,goo,4.0
600,True,False,JONQUIÈRE,MONTRÉAL,2025-07-15,11,Club Sommet,SMMC,2025-07-16T05:59:21Z,2025-07-16T05:55:00Z,2h33,goo,4.0
600,True,False,JONQUIÈRE,MONTRÉAL,2025-07-15,12,Club Grégoire,GRGC,2025-07-16T06:03:21Z,2025-07-16T05:59:00Z,2h37,goo,4.0
600,True,False,JONQUIÈRE,MONTRÉAL,2025-07-15,13,Caribou,CARI,2025-07-16T06:10:21Z,2025-07-16T06:06:00Z,2h44,goo,4.0
600,True,False,JONQUIÈRE,MONTRÉAL,2025-07-15,14,Cherokee,CHER,2025-07-16T06:12:21Z,2025-07-16T06:08:00Z,2h46,goo,4.0
600,True,False,JONQUIÈRE,MONTRÉAL,2025-07-15,15,Lac-Édouard,LEDW,2025-07-16T06:25:21Z,2025-07-16T06:21:00Z,2h59,goo,4.0
600,True,False,JONQUIÈRE,MONTRÉAL,2025-07-15,16,Club Triton,TRTC,2025-07-16T06:38:21Z,2025-07-16T06:34:00Z,3h12,goo,4.0
600,True,False,JONQUIÈRE,MONTRÉAL,2025-07-15,17,Hirondelle,HRDL,2025-07-16T06:52:21Z,2025-07-16T06:48:00Z,3h26,goo,4.0
600,True,False,JONQUIÈRE,MONTRÉAL,2025-07-15,18,Lac-Aux-Perles,PRLL,2025-07-16T06:55:22Z,2025-07-16T06:51:01Z,3h29,goo,4.0
600,True,False,JONQUIÈRE,MONTRÉAL,2025-07-15,19,Sanford,SANF,2025-07-16T07:06:21Z,2025-07-16T07:02:00Z,3h40,goo,4.0
600,True,False,JONQUIÈRE,MONTRÉAL,2025-07-15,20,Stadacona,STAD,2025-07-16T07:14:21Z,2025-07-16T07:10:00Z,3h48,goo,4.0
600,True,False,JONQUIÈRE,MONTRÉAL,2025-07-15,21,Club Iroquois,IRQC,2025-07-16T07:18:21Z,2025-07-16T07:14:00Z,3h52,goo,4.0
600,True,False,JONQUIÈRE,MONTRÉAL,2025-07-15,22,Lac Malouin,LMAL,2025-07-16T07:22:21Z,2025-07-16T07:18:00Z,3h56,goo,4.0
600,True,False,JONQUIÈRE,MONTRÉAL,2025-07-15,23,Bima,BIMA,2025-07-16T07:24:21Z,2025-07-16T07:20:00Z,3h58,goo,4.0
600,True,False,JONQUIÈRE,MONTRÉAL,2025-07-15,24,Saint-Hilaire,SHPN,2025-07-16T07:27:21Z,2025-07-16T07:23:00Z,4h01,goo,4.0
600,True,False,JONQUIÈRE,MONTRÉAL,2025-07-15,25,Pont Beaudet,PBDT,2025-07-16T07:29:21Z,2025-07-16T07:25:00Z,4h03,goo,4.0
600,True,False,JONQUIÈRE,MONTRÉAL,2025-07-15,26,Falrie,FALR,2025-07-16T07:32:21Z,2025-07-16T07:28:00Z,4h06,goo,4.0
600,True,False,JONQUIÈRE,MONTRÉAL,2025-07-15,27,Club Jacques-Cartier,JACC,2025-07-16T07:35:21Z,2025-07-16T07:31:00Z,4h09,goo,4.0
600,True,False,JONQUIÈRE,MONTRÉAL,2025-07-15,28,Miquick,MIQK,2025-07-16T07:49:21Z,2025-07-16T07:45:00Z,4h23,goo,4.0
600,True,False,JONQUIÈRE,MONTRÉAL,2025-07-15,29,Rivière-À-Pierre,RAPX,2025-07-16T08:24:21Z,2025-07-16T08:20:00Z,4h58,goo,4.0
600,True,False,JONQUIÈRE,MONTRÉAL,2025-07-15,30,Rousseau,ROUS,2025-07-16T08:45:21Z,2025-07-16T08:41:00Z,5h19,goo,4.0
600,True,False,JONQUIÈRE,MONTRÉAL,2025-07-15,31,Hervey,HERV,2025-07-16T09:16:21Z,2025-07-16T09:12:00Z,5h50,goo,4.0
600,True,False,JONQUIÈRE,MONTRÉAL,2025-07-15,32,Saint-Tite,STIT,2025-07-16T09:44:21Z,2025-07-16T09:40:00Z,6h18,goo,4.0
600,True,False,JONQUIÈRE,MONTRÉAL,2025-07-15,33,Garneau,GARN,2025-07-16T09:58:21Z,2025-07-16T09:54:00Z,6h32,goo,4.0
600,True,False,JONQUIÈRE,MONTRÉAL,2025-07-15,34,Grand-Mère,GMRE,2025-07-16T10:11:21Z,2025-07-16T10:07:00Z,6h45,goo,4.0
600,True,False,JONQUIÈRE,MONTRÉAL,2025-07-15,35,Shawinigan,SHWN,2025-07-16T10:19:21Z,2025-07-16T10:15:00Z,6h53,goo,4.0
600,True,False,JONQUIÈRE,MONTRÉAL,2025-07-15,36,Charette,CHRT,2025-07-16T10:42:21Z,2025-07-16T10:38:00Z,7h16,goo,4.0
600,True,False,JONQUIÈRE,MONTRÉAL,2025-07-15,37,St-Justin,SJUS,2025-07-16T11:05:21Z,2025-07-16T11:01:00Z,7h39,goo,4.0
600,True,False,JONQUIÈRE,MONTRÉAL,2025-07-15,38,Joliette,JOLI,2025-07-16T11:34:21Z,2025-07-16T11:30:00Z,8h08,goo,4.0
600,True,False,JONQUIÈRE,MONTRÉAL,2025-07-15,39,Anjou,ANJO,2025-07-16T12:17:21Z,2025-07-16T12:13:00Z,8h51,goo,4.0
600,True,False,JONQUIÈRE,MONTRÉAL,2025-07-15,40,Sauvé,SAUV,2025-07-16T12:31:21Z,2025-07-16T12:27:00Z,9h05,goo,4.0
600,True,False,JONQUIÈRE,MONTRÉAL,2025-07-15,41,Montréal,MTRL,2025-07-16T13:42:21Z,2025-07-16T13:38:00Z,10h16,goo,4.0
604,True,False,SENNETERRE,MONTRÉAL,2025-07-15,0,Senneterre,SENN,&mdash;,2025-07-16T00:00:00Z,&mdash;,,
604,True,False,SENNETERRE,MONTRÉAL,2025-07-15,1,Mégiscane,MEGI,&mdash;,2025-07-16T00:14:00Z,&mdash;,,
604,True,False,SENNETERRE,MONTRÉAL,2025-07-15,2,Signai,SIGN,&mdash;,2025-07-16T00:30:00Z,&mdash;,,
604,True,False,SENNETERRE,MONTRÉAL,2025-07-15,3,Press,PRSS,&mdash;,2025-07-16T00:38:00Z,&mdash;,,
604,True,False,SENNETERRE,MONTRÉAL,2025-07-15,4,Forsythe,FORS,&mdash;,2025-07-16T00:57:00Z,&mdash;,,
604,True,False,SENNETERRE,MONTRÉAL,2025-07-15,5,Bolger,BGQU,&mdash;,2025-07-16T01:04:00Z,&mdash;,,
604,True,False,SENNETERRE,MONTRÉAL,2025-07-15,6,Dix,DIXX,&mdash;,2025-07-16T01:15:00Z,&mdash;,,
604,True,False,SENNETERRE,MONTRÉAL,2025-07-15,7,Gagnon,GAGN,&mdash;,2025-07-16T01:19:00Z,&mdash;,,
604,True,False,SENNETERRE,MONTRÉAL,2025-07-15,8,Da-Rou-Lac Lodge,DRLL,&mdash;,2025-07-16T01:28:00Z,&mdash;,,
604,True,False,SENNETERRE,MONTRÉAL,2025-07-15,9,Langlade,LNGL,&mdash;,2025-07-16T01:29:01Z,&mdash;,,
604,True,False,SENNETERRE,MONTRÉAL,2025-07-15,10,Club Beaudin Inc.,BDNC,&mdash;,2025-07-16T01:36:00Z,&mdash;,,
604,True,False,SENNETERRE,MONTRÉAL,2025-07-15,11,Bourmont,BRMT,&mdash;,2025-07-16T01:41:00Z,&mdash;,,
604,True,False,SENNETERRE,MONTRÉAL,2025-07-15,12,Club Kapitachuan,KPTC,&mdash;,2025-07-16T01:43:00Z,&mdash;,,
604,True,False,SENNETERRE,MONTRÉAL,2025-07-15,13,Consolidated Bathurst,CBAT,&mdash;,2025-07-16T01:47:00Z,&mdash;,,
604,True,False,SENNETERRE,MONTRÉAL,2025-07-15,14,Monet,MNET,&mdash;,2025-07-16T01:54:00Z,&mdash;,,
604,True,False,SENNETERRE,MONTRÉAL,2025-07-15,15,Coquar,COQU,&mdash;,2025-07-16T02:05:00Z,&mdash;,,
604,True,False,SENNETERRE,MONTRÉAL,2025-07-15,16,Clova,CLOV,&mdash;,2025-07-16T02:14:00Z,&mdash;,,
604,True,False,SENNETERRE,MONTRÉAL,2025-07-15,17,Rivière Oskélanéo,OSKR,&mdash;,2025-07-16T02:27:00Z,&mdash;,,
604,True,False,SENNETERRE,MONTRÉAL,2025-07-15,18,Oskelaneo Lodge,OSKL,&mdash;,2025-07-16T02:39:00Z,&mdash;,,
604,True,False,SENNETERRE,MONTRÉAL,2025-07-15,19,Greening,GRNG,&mdash;,2025-07-16T02:47:00Z,&mdash;,,
604,True,False,SENNETERRE,MONTRÉAL,2025-07-15,20,Club Maniwawa,MWWC,&mdash;,2025-07-16T02:58:00Z,&mdash;,,
604,True,False,SENNETERRE,MONTRÉAL,2025-07-15,21,Strachan,STRN,&mdash;,2025-07-16T03:05:00Z,&mdash;,,
604,True,False,SENNETERRE,MONTRÉAL,2025-07-15,22,Club Rita Inc.,RTAC,&mdash;,2025-07-16T03:09:00Z,&mdash;,,
604,True,False,SENNETERRE,MONTRÉAL,2025-07-15,23,Timbrell,TIMB,&mdash;,2025-07-16T03:19:00Z,&mdash;,,
604,True,False,SENNETERRE,MONTRÉAL,2025-07-15,24,Parent,PARE,&mdash;,2025-07-16T03:39:00Z,&mdash;,,
604,True,False,SENNETERRE,MONTRÉAL,2025-07-15,25,Manjobagues,MJBG,&mdash;,2025-07-16T03:57:00Z,&mdash;,,
604,True,False,SENNETERRE,MONTRÉAL,2025-07-15,26,Club Sisco,SSCC,&mdash;,2025-07-16T04:05:00Z,&mdash;,,
604,True,False,SENNETERRE,MONTRÉAL,2025-07-15,27,Mccarthy,MCCA,&mdash;,2025-07-16T04:08:00Z,&mdash;,,
604,True,False,SENNETERRE,MONTRÉAL,2025-07-15,28,Casey,CASY,&mdash;,2025-07-16T04:23:00Z,&mdash;,,
604,True,False,SENNETERRE,MONTRÉAL,2025-07-15,29,Hibbard,HIBB,&mdash;,2025-07-16T04:36:00Z,&mdash;,,
604,True,False,SENNETERRE,MONTRÉAL,2025-07-15,30,Club Belanger,BLGC,&mdash;,2025-07-16T04:47:00Z,&mdash;,,
604,True,False,SENNETERRE,MONTRÉAL,2025-07-15,31,Cann,CANN,&mdash;,2025-07-16T04:53:00Z,&mdash;,,
604,True,False,SENNETERRE,MONTRÉAL,2025-07-15,32,Sanmaur,SANM,&mdash;,2025-07-16T05:00:00Z,&mdash;,,
604,True,False,SENNETERRE,MONTRÉAL,2025-07-15,33,Weymont,WYMT,&mdash;,2025-07-16T05:02:01Z,&mdash;,,
604,True,False,SENNETERRE,MONTRÉAL,2025-07-15,34,Saint-Maurice Rivière-Boom,SMRB,&mdash;,2025-07-16T05:05:00Z,&mdash;,,
604,True,False,SENNETERRE,MONTRÉAL,2025-07-15,35,Dessane,DESS,&mdash;,2025-07-16T05:14:00Z,&mdash;,,
604,True,False,SENNETERRE,MONTRÉAL,2025-07-15,36,Vandry,VDRY,&mdash;,2025-07-16T05:20:00Z,&mdash;,,
604,True,False,SENNETERRE,MONTRÉAL,2025-07-15,37,Club Wigwam,WGWC,&mdash;,2025-07-16T05:28:00Z,&mdash;,,
604,True,False,SENNETERRE,MONTRÉAL,2025-07-15,38,Ferguson,FERG,&mdash;,2025-07-16T05:34:00Z,&mdash;,,
604,True,False,SENNETERRE,MONTRÉAL,2025-07-15,39,Windigo,WNDG,&mdash;,2025-07-16T05:42:00Z,&mdash;,,
604,True,False,SENNETERRE,MONTRÉAL,2025-07-15,40,Mctavish,MCTC,&mdash;,2025-07-16T05:44:00Z,&mdash;,,
604,True,False,SENNETERRE,MONTRÉAL,2025-07-15,41,Duplessis,DUPL,&mdash;,2025-07-16T05:57:00Z,&mdash;,,
604,True,False,SENNETERRE,MONTRÉAL,2025-07-15,42,Lac-Darey,LDAR,&mdash;,2025-07-16T06:10:00Z,&mdash;,,
604,True,False,SENNETERRE,MONTRÉAL,2025-07-15,43,Rapide-Blanc,RAPB,&mdash;,2025-07-16T06:30:00Z,&mdash;,,
604,True,False,SENNETERRE,MONTRÉAL,2025-07-15,44,Club Vermillion,VMLC,&mdash;,2025-07-16T06:33:00Z,&mdash;,,
604,True,False,SENNETERRE,MONTRÉAL,2025-07-15,45,Cressman,CRSM,&mdash;,2025-07-16T06:40:00Z,&mdash;,,
604,True,False,SENNETERRE,MONTRÉAL,2025-07-15,46,Fitzpatrick,FITZ,&mdash;,2025-07-16T07:00:00Z,&mdash;,,
604,True,False,SENNETERRE,MONTRÉAL,2025-07-15,47,La Tuque,LTUQ,&mdash;,2025-07-16T07:32:00Z,&mdash;,,
604,True,False,SENNETERRE,MONTRÉAL,2025-07-15,48,Hervey,HERV,&mdash;,2025-07-16T09:07:00Z,&mdash;,,
604,True,False,SENNETERRE,MONTRÉAL,2025-07-15,49,Saint-Tite,STIT,&mdash;,2025-07-16T09:40:00Z,&mdash;,,
604,True,False,SENNETERRE,MONTRÉAL,2025-07-15,50,Garneau,GARN,&mdash;,2025-07-16T09:54:00Z,&mdash;,,
604,True,False,SENNETERRE,MONTRÉAL,2025-07-15,51,Grand-Mère,GMRE,&mdash;,2025-07-16T10:07:00Z,&mdash;,,
604,True,False,SENNETERRE,MONTRÉAL,2025-07-15,52,Shawinigan,SHWN,&mdash;,2025-07-16T10:15:00Z,&mdash;,,
604,True,False,SENNETERRE,MONTRÉAL,2025-07-15,53,Charette,CHRT,&mdash;,2025-07-16T10:38:00Z,&mdash;,,
604,True,False,SENNETERRE,MONTRÉAL,2025-07-15,54,St-Paulin,SPAU,&mdash;,2025-07-16T10:48:00Z,&mdash;,,
604,True,False,SENNETERRE,MONTRÉAL,2025-07-15,55,St-Justin,SJUS,&mdash;,2025-07-16T11:01:00Z,&mdash;,,
604,True,False,SENNETERRE,MONTRÉAL,2025-07-15,56,Joliette,JOLI,&mdash;,2025-07-16T11:30:00Z,&mdash;,,
604,True,False,SENNETERRE,MONTRÉAL,2025-07-15,57,Anjou,ANJO,&mdash;,2025-07-16T12:13:00Z,&mdash;,,
604,True,False,SENNETERRE,MONTRÉAL,2025-07-15,58,Sauvé,SAUV,&mdash;,2025-07-16T12:27:00Z,&mdash;,,
604,True,False,SENNETERRE,MONTRÉAL,2025-07-15,59,Montréal,MTRL,&mdash;,2025-07-16T13:38:00Z,&mdash;,,
