train_id,departed,arrived,from,to,instance,stop_id,station,code,estimated,scheduled,eta,diff,diffMin
1 (04-30),True,False,TORONTO,VANCOUVER,2025-04-30,0,Toronto,TRTO,2025-04-30T13:55:00Z,2025-04-30T13:55:00Z,ARR,goo,0.0
1 (04-30),True,False,TORONTO,VANCOUVER,2025-04-30,1,Washago,WSHG,2025-04-30T16:48:57Z,2025-04-30T16:25:00Z,ARR,bad,23.0
1 (04-30),True,False,TORONTO,VANCOUVER,2025-04-30,2,South Parry,SPAR,2025-04-30T18:30:44Z,2025-04-30T18:27:00Z,ARR,goo,3.0
1 (04-30),True,False,TORONTO,VANCOUVER,2025-04-30,3,Sudbury (Jct.),SUDJ,2025-04-30T20:54:26Z,2025-04-30T20:57:00Z,ARR,goo,-2.0
1 (04-30),True,False,TORONTO,VANCOUVER,2025-04-30,4,Capreol,CAPR,2025-04-30T21:24:24Z,2025-04-30T21:22:00Z,ARR,goo,2.0
1 (04-30),True,False,TORONTO,VANCOUVER,2025-04-30,5,Laforest,LAFO,2025-04-30T22:49:12Z,2025-04-30T22:48:00Z,ARR,goo,1.0
1 (04-30),True,False,TORONTO,VANCOUVER,2025-04-30,6,McKee's Camp,MCKC,2025-04-30T23:02:12Z,2025-04-30T23:01:00Z,ARR,goo,1.0
1 (04-30),True,False,TORONTO,VANCOUVER,2025-04-30,7,Felix,FELX,2025-04-30T23:22:12Z,2025-04-30T23:21:00Z,ARR,goo,1.0
1 (04-30),True,False,TORONTO,VANCOUVER,2025-04-30,8,Ruel,RUEL,2025-04-30T23:29:12Z,2025-04-30T23:28:00Z,ARR,goo,1.0
1 (04-30),True,False,TORONTO,VANCOUVER,2025-04-30,9,Westree,WSTR,2025-05-01T00:18:42Z,2025-04-30T23:45:00Z,ARR,bad,33.0
1 (04-30),True,False,TORONTO,VANCOUVER,2025-04-30,10,Gogama,GOGA,2025-05-01T00:46:01Z,2025-05-01T00:18:00Z,ARR,bad,28.0
1 (04-30),True,False,TORONTO,VANCOUVER,2025-04-30,11,Foleyet,FOLE,2025-05-01T02:18:45Z,2025-05-01T02:44:00Z,ARR,goo,-25.0
1 (04-30),True,False,TORONTO,VANCOUVER,2025-04-30,12,Elsas,ELSA,2025-05-01T03:22:08Z,2025-05-01T03:38:00Z,ARR,goo,-15.0
1 (04-30),True,False,TORONTO,VANCOUVER,2025-04-30,13,Oba,OBAX,2025-05-01T05:38:00Z,2025-05-01T05:38:00Z,ARR,goo,0.0
1 (04-30),True,False,TORONTO,VANCOUVER,2025-04-30,14,Hornepayne,HNPN,2025-05-01T06:10:31Z,2025-05-01T06:29:00Z,ARR,goo,-18.0
1 (04-30),True,False,TORONTO,VANCOUVER,2025-04-30,15,Hillsport,HLSP,2025-05-01T08:26:37Z,2025-05-01T08:05:00Z,ARR,bad,21.0
1 (04-30),True,False,TORONTO,VANCOUVER,2025-04-30,16,Caramat,CARA,2025-05-01T09:05:16Z,2025-05-01T08:55:00Z,ARR,med,10.0
1 (04-30),True,False,TORONTO,VANCOUVER,2025-04-30,17,Longlac,LLAC,2025-05-01T09:28:58Z,2025-05-01T09:34:00Z,ARR,goo,-5.0
1 (04-30),True,False,TORONTO,VANCOUVER,2025-04-30,18,Nakina,NAKI,2025-05-01T10:07:16Z,2025-05-01T10:13:00Z,ARR,goo,-5.0
1 (04-30),True,False,TORONTO,VANCOUVER,2025-04-30,19,Auden,AUDN,2025-05-01T11:20:01Z,2025-05-01T11:19:00Z,ARR,goo,1.0
1 (04-30),True,False,TORONTO,VANCOUVER,2025-04-30,20,Ferland,FERL,2025-05-01T11:57:01Z,2025-05-01T11:56:00Z,ARR,goo,1.0
1 (04-30),True,False,TORONTO,VANCOUVER,2025-04-30,21,Mud River,MUDR,2025-05-01T12:06:01Z,2025-05-01T12:05:00Z,ARR,goo,1.0
1 (04-30),True,False,TORONTO,VANCOUVER,2025-04-30,22,Armstrong,ARMG,2025-05-01T13:13:40Z,2025-05-01T13:17:00Z,ARR,goo,-3.0
1 (04-30),True,False,TORONTO,VANCOUVER,2025-04-30,23,Collins,COLL,2025-05-01T13:49:20Z,2025-05-01T13:47:00Z,ARR,goo,2.0
1 (04-30),True,False,TORONTO,VANCOUVER,2025-04-30,24,Allanwater Bridge,ALWB,2025-05-01T14:28:20Z,2025-05-01T14:26:00Z,ARR,goo,2.0
1 (04-30),True,False,TORONTO,VANCOUVER,2025-04-30,25,Flindt Landing,FLTL,2025-05-01T14:44:20Z,2025-05-01T14:42:00Z,ARR,goo,2.0
1 (04-30),True,False,TORONTO,VANCOUVER,2025-04-30,26,Savant Lake,SAVL,2025-05-01T15:01:20Z,2025-05-01T14:59:00Z,ARR,goo,2.0
1 (04-30),True,False,TORONTO,VANCOUVER,2025-04-30,27,Sioux Lookout,SLKT,2025-05-01T17:11:45Z,2025-05-01T16:25:00Z,ARR,bad,46.0
1 (04-30),True,False,TORONTO,VANCOUVER,2025-04-30,28,Richan,RCHN,2025-05-01T19:59:29Z,2025-05-01T18:05:00Z,ARR,bad,114.0
1 (04-30),True,False,TORONTO,VANCOUVER,2025-04-30,29,Red Lake Road,RLRX,2025-05-01T20:31:42Z,2025-05-01T18:41:00Z,ARR,bad,110.0
1 (04-30),True,False,TORONTO,VANCOUVER,2025-04-30,30,Canyon,CNYK,2025-05-01T20:55:29Z,2025-05-01T19:10:00Z,ARR,bad,105.0
1 (04-30),True,False,TORONTO,VANCOUVER,2025-04-30,31,Farlane,FARL,2025-05-01T21:26:45Z,2025-05-01T19:47:00Z,ARR,bad,99.0
1 (04-30),True,False,TORONTO,VANCOUVER,2025-04-30,32,Redditt,RDDT,2025-05-01T21:40:32Z,2025-05-01T20:23:00Z,ARR,bad,77.0
1 (04-30),True,False,TORONTO,VANCOUVER,2025-04-30,33,Minaki,MNKI,2025-05-01T21:58:19Z,2025-05-01T20:44:00Z,ARR,bad,74.0
1 (04-30),True,False,TORONTO,VANCOUVER,2025-04-30,34,Ottermere,OTTM,2025-05-01T22:13:34Z,2025-05-01T21:01:00Z,ARR,bad,72.0
1 (04-30),True,False,TORONTO,VANCOUVER,2025-04-30,35,Malachi,MLCH,2025-05-01T22:23:06Z,2025-05-01T21:07:00Z,ARR,bad,76.0
1 (04-30),True,False,TORONTO,VANCOUVER,2025-04-30,36,Copelands Landing,COPE,2025-05-01T22:25:06Z,2025-05-01T21:09:00Z,ARR,bad,76.0
1 (04-30),True,False,TORONTO,VANCOUVER,2025-04-30,37,Rice Lake,RCLK,2025-05-01T22:31:35Z,2025-05-01T21:12:00Z,ARR,bad,79.0
1 (04-30),True,False,TORONTO,VANCOUVER,2025-04-30,38,Winnitoba,WNTB,2025-05-01T22:40:00Z,2025-05-01T21:26:00Z,ARR,bad,74.0
1 (04-30),True,False,TORONTO,VANCOUVER,2025-04-30,39,Ophir,OPHR,2025-05-01T22:43:07Z,2025-05-01T21:31:00Z,ARR,bad,72.0
1 (04-30),True,False,TORONTO,VANCOUVER,2025-04-30,40,Brereton Lake,BRTL,2025-05-01T23:16:05Z,2025-05-01T21:49:00Z,ARR,bad,87.0
1 (04-30),True,False,TORONTO,VANCOUVER,2025-04-30,41,Elma,ELMA,2025-05-02T01:03:56Z,2025-05-01T22:10:00Z,ARR,bad,173.0
1 (04-30),True,False,TORONTO,VANCOUVER,2025-04-30,42,Winnipeg,WNPG,2025-05-02T02:41:47Z,2025-05-02T00:30:00Z,ARR,bad,131.0
1 (04-30),True,False,TORONTO,VANCOUVER,2025-04-30,43,Portage La Prairie,PLPX,2025-05-02T06:49:52Z,2025-05-02T04:04:00Z,ARR,bad,165.0
1 (04-30),True,False,TORONTO,VANCOUVER,2025-04-30,44,Rivers,RVRS,2025-05-02T09:09:38Z,2025-05-02T06:31:00Z,ARR,bad,158.0
1 (04-30),True,False,TORONTO,VANCOUVER,2025-04-30,45,Melville,MELV,2025-05-02T12:14:59Z,2025-05-02T10:54:00Z,ARR,bad,80.0
1 (04-30),True,False,TORONTO,VANCOUVER,2025-04-30,46,Watrous,WATR,2025-05-02T14:44:35Z,2025-05-02T13:54:00Z,ARR,bad,50.0
1 (04-30),True,False,TORONTO,VANCOUVER,2025-04-30,47,Saskatoon,SASK,2025-05-02T16:27:30Z,2025-05-02T15:50:00Z,ARR,bad,37.0
1 (04-30),True,False,TORONTO,VANCOUVER,2025-04-30,48,Biggar,BIGG,2025-05-02T18:55:26Z,2025-05-02T18:29:00Z,ARR,bad,26.0
1 (04-30),True,False,TORONTO,VANCOUVER,2025-04-30,49,Unity,UNIT,2025-05-02T20:14:26Z,2025-05-02T19:44:00Z,ARR,bad,30.0
1 (04-30),True,False,TORONTO,VANCOUVER,2025-04-30,50,Wainwright,WAIN,2025-05-02T23:35:55Z,2025-05-02T22:33:00Z,ARR,bad,62.0
1 (04-30),True,False,TORONTO,VANCOUVER,2025-04-30,51,Viking,VKNG,2025-05-03T00:43:25Z,2025-05-02T23:26:00Z,ARR,bad,77.0
1 (04-30),True,False,TORONTO,VANCOUVER,2025-04-30,52,Edmonton,EDMO,2025-05-03T03:04:26Z,2025-05-03T02:50:00Z,ARR,med,14.0
1 (04-30),True,False,TORONTO,VANCOUVER,2025-04-30,53,Evansburg,EVAN,2025-05-03T07:52:07Z,2025-05-03T07:29:00Z,ARR,bad,23.0
1 (04-30),True,False,TORONTO,VANCOUVER,2025-04-30,54,Edson,EDSN,2025-05-03T09:29:09Z,2025-05-03T08:52:00Z,ARR,bad,37.0
1 (04-30),True,False,TORONTO,VANCOUVER,2025-04-30,55,Hinton,HINT,2025-05-03T11:44:29Z,2025-05-03T09:58:00Z,ARR,bad,106.0
1 (04-30),True,False,TORONTO,VANCOUVER,2025-04-30,56,Jasper,JASP,2025-05-03T13:41:23Z,2025-05-03T12:30:00Z,ARR,bad,71.0
1 (04-30),True,False,TORONTO,VANCOUVER,2025-04-30,57,Valemount,VLMT,2025-05-03T18:25:32Z,2025-05-03T17:50:00Z,ARR,bad,35.0
1 (04-30),True,False,TORONTO,VANCOUVER,2025-04-30,58,Blue River,BLUE,2025-05-03T20:40:52Z,2025-05-03T20:36:00Z,ARR,goo,4.0
1 (04-30),True,False,TORONTO,VANCOUVER,2025-04-30,59,Clearwater,CLWT,2025-05-03T22:41:42Z,2025-05-03T22:45:00Z,ARR,goo,-3.0
1 (04-30),True,False,TORONTO,VANCOUVER,2025-04-30,60,Kamloops North,KAMN,2025-05-04T00:26:37Z,2025-05-04T01:28:00Z,ARR,goo,-61.0
1 (04-30),True,False,TORONTO,VANCOUVER,2025-04-30,61,Ashcroft,ASHN,2025-05-04T03:45:27Z,2025-05-04T03:49:00Z,ARR,goo,-3.0
1 (04-30),True,False,TORONTO,VANCOUVER,2025-04-30,62,Boston Bar,BBAR,2025-05-04T06:31:56Z,2025-05-04T06:36:00Z,2h39,goo,-4.0
1 (04-30),True,False,TORONTO,VANCOUVER,2025-04-30,63,Hope,HOPE,2025-05-04T08:06:00Z,2025-05-04T08:06:00Z,4h13,goo,0.0
1 (04-30),True,False,TORONTO,VANCOUVER,2025-04-30,64,Chilliwack,CHIL,&mdash;,2025-05-04T08:30:00Z,&mdash;,,
1 (04-30),True,False,TORONTO,VANCOUVER,2025-04-30,65,Abbotsford,ABBO,&mdash;,2025-05-04T09:00:00Z,&mdash;,,
1 (04-30),True,False,TORONTO,VANCOUVER,2025-04-30,66,Vancouver,VCVR,&mdash;,2025-05-04T15:00:00Z,&mdash;,,
692 (05-01),True,True,CHURCHILL,WINNIPEG,2025-05-01,0,Churchill,CHUR,2025-05-02T01:30:00Z,2025-05-02T01:30:00Z,ARR,goo,0.0
692 (05-01),True,True,CHURCHILL,WINNIPEG,2025-05-01,1,Tidal,TIDL,2025-05-02T01:58:18Z,2025-05-02T01:52:00Z,ARR,med,6.0
692 (05-01),True,True,CHURCHILL,WINNIPEG,2025-05-01,2,Chesnaye,CHES,2025-05-02T02:53:05Z,2025-05-02T02:38:00Z,ARR,bad,15.0
692 (05-01),True,True,CHURCHILL,WINNIPEG,2025-05-01,3,M'Clintock,MCLI,2025-05-02T04:09:05Z,2025-05-02T03:54:00Z,ARR,bad,15.0
692 (05-01),True,True,CHURCHILL,WINNIPEG,2025-05-01,4,O'Day,ODAY,2025-05-02T04:54:05Z,2025-05-02T04:39:00Z,ARR,bad,15.0
692 (05-01),True,True,CHURCHILL,WINNIPEG,2025-05-01,5,Herchmer,HERC,2025-05-02T05:33:05Z,2025-05-02T05:18:00Z,ARR,bad,15.0
692 (05-01),True,True,CHURCHILL,WINNIPEG,2025-05-01,6,Thibaudeau,THIB,2025-05-02T06:59:05Z,2025-05-02T06:44:00Z,ARR,bad,15.0
692 (05-01),True,True,CHURCHILL,WINNIPEG,2025-05-01,7,Weir River,WEIR,2025-05-02T07:24:02Z,2025-05-02T07:46:00Z,ARR,goo,-21.0
692 (05-01),True,True,CHURCHILL,WINNIPEG,2025-05-01,8,Amery,AMRY,2025-05-02T08:00:21Z,2025-05-02T08:37:00Z,ARR,goo,-36.0
692 (05-01),True,True,CHURCHILL,WINNIPEG,2025-05-01,9,Bird,BIRD,2025-05-02T08:44:27Z,2025-05-02T09:00:00Z,ARR,goo,-15.0
692 (05-01),True,True,CHURCHILL,WINNIPEG,2025-05-01,10,Gillam,GILL,2025-05-02T09:29:17Z,2025-05-02T10:00:00Z,ARR,goo,-30.0
692 (05-01),True,True,CHURCHILL,WINNIPEG,2025-05-01,11,Wivenhoe,WVHO,2025-05-02T11:19:07Z,2025-05-02T11:16:00Z,ARR,goo,3.0
692 (05-01),True,True,CHURCHILL,WINNIPEG,2025-05-01,12,Ilford,ILFO,2025-05-02T12:13:01Z,2025-05-02T11:53:00Z,ARR,bad,20.0
692 (05-01),True,True,CHURCHILL,WINNIPEG,2025-05-01,13,Pit Siding,PITS,2025-05-02T13:27:52Z,2025-05-02T12:54:00Z,ARR,bad,33.0
692 (05-01),True,True,CHURCHILL,WINNIPEG,2025-05-01,14,Bridgar,BRGR,2025-05-02T14:49:52Z,2025-05-02T14:16:00Z,ARR,bad,33.0
692 (05-01),True,True,CHURCHILL,WINNIPEG,2025-05-01,15,Pikwitonei,PIKW,2025-05-02T15:00:52Z,2025-05-02T14:27:00Z,ARR,bad,33.0
692 (05-01),True,True,CHURCHILL,WINNIPEG,2025-05-01,16,Sipiwesk,SIPI,2025-05-02T15:27:52Z,2025-05-02T14:54:00Z,ARR,bad,33.0
692 (05-01),True,True,CHURCHILL,WINNIPEG,2025-05-01,17,Thompson,THOM,2025-05-02T18:42:56Z,2025-05-02T16:30:00Z,ARR,bad,132.0
692 (05-01),True,True,CHURCHILL,WINNIPEG,2025-05-01,18,Leven,LEVN,2025-05-02T21:01:05Z,2025-05-02T21:05:00Z,ARR,goo,-3.0
692 (05-01),True,True,CHURCHILL,WINNIPEG,2025-05-01,19,Thicket Portage,THKP,2025-05-02T21:18:05Z,2025-05-02T21:22:00Z,ARR,goo,-3.0
692 (05-01),True,True,CHURCHILL,WINNIPEG,2025-05-01,20,Hockin,HOCK,2025-05-02T21:33:21Z,2025-05-02T21:37:00Z,ARR,goo,-3.0
692 (05-01),True,True,CHURCHILL,WINNIPEG,2025-05-01,21,Odhill,ODHI,2025-05-02T22:11:53Z,2025-05-02T22:21:00Z,ARR,goo,-9.0
692 (05-01),True,True,CHURCHILL,WINNIPEG,2025-05-01,22,Lyddal,LYDD,2025-05-02T22:32:23Z,2025-05-02T22:43:00Z,ARR,goo,-10.0
692 (05-01),True,True,CHURCHILL,WINNIPEG,2025-05-01,23,Wabowden,WBDN,2025-05-02T22:57:21Z,2025-05-02T23:11:00Z,ARR,goo,-13.0
692 (05-01),True,True,CHURCHILL,WINNIPEG,2025-05-01,24,Pipun,PIPN,2025-05-02T23:19:26Z,2025-05-02T23:34:00Z,ARR,goo,-14.0
692 (05-01),True,True,CHURCHILL,WINNIPEG,2025-05-01,25,Ponton,PNTN,2025-05-03T00:07:09Z,2025-05-03T00:17:00Z,ARR,goo,-9.0
692 (05-01),True,True,CHURCHILL,WINNIPEG,2025-05-01,26,Turnbull,TURN,2025-05-03T00:34:46Z,2025-05-03T00:49:00Z,ARR,goo,-14.0
692 (05-01),True,True,CHURCHILL,WINNIPEG,2025-05-01,27,Wekusko,WEKU,2025-05-03T00:57:33Z,2025-05-03T01:16:00Z,ARR,goo,-18.0
692 (05-01),True,True,CHURCHILL,WINNIPEG,2025-05-01,28,Dyce,DYCE,2025-05-03T01:39:35Z,2025-05-03T02:00:00Z,ARR,goo,-20.0
692 (05-01),True,True,CHURCHILL,WINNIPEG,2025-05-01,29,Dering,DERI,2025-05-03T02:39:00Z,2025-05-03T02:39:00Z,ARR,goo,0.0
692 (05-01),True,True,CHURCHILL,WINNIPEG,2025-05-01,30,Cormorant,CORM,2025-05-03T02:47:00Z,2025-05-03T02:47:00Z,ARR,goo,0.0
692 (05-01),True,True,CHURCHILL,WINNIPEG,2025-05-01,31,Halcrow,HALC,2025-05-03T02:58:00Z,2025-05-03T02:58:00Z,ARR,goo,0.0
692 (05-01),True,True,CHURCHILL,WINNIPEG,2025-05-01,32,Orok,OROK,2025-05-03T03:16:28Z,2025-05-03T03:52:00Z,ARR,goo,-35.0
692 (05-01),True,True,CHURCHILL,WINNIPEG,2025-05-01,33,The Pas,TPAS,2025-05-03T03:50:19Z,2025-05-03T04:30:00Z,ARR,goo,-39.0
692 (05-01),True,True,CHURCHILL,WINNIPEG,2025-05-01,34,Hudson Bay,HBAY,2025-05-03T11:02:32Z,2025-05-03T10:27:00Z,ARR,bad,35.0
692 (05-01),True,True,CHURCHILL,WINNIPEG,2025-05-01,35,Reserve,RSRV,2025-05-03T11:54:06Z,2025-05-03T11:09:00Z,ARR,bad,45.0
692 (05-01),True,True,CHURCHILL,WINNIPEG,2025-05-01,36,Endeavour,ENDV,2025-05-03T12:41:14Z,2025-05-03T11:55:00Z,ARR,bad,46.0
692 (05-01),True,True,CHURCHILL,WINNIPEG,2025-05-01,37,Sturgis,STGS,2025-05-03T13:12:52Z,2025-05-03T12:24:00Z,ARR,bad,48.0
692 (05-01),True,True,CHURCHILL,WINNIPEG,2025-05-01,38,Canora,CANO,2025-05-03T13:56:22Z,2025-05-03T13:08:00Z,ARR,bad,48.0
692 (05-01),True,True,CHURCHILL,WINNIPEG,2025-05-01,39,Mikado,MIKA,2025-05-03T14:17:20Z,2025-05-03T13:30:00Z,ARR,bad,47.0
692 (05-01),True,True,CHURCHILL,WINNIPEG,2025-05-01,40,Veregin,VERE,2025-05-03T14:28:23Z,2025-05-03T13:43:00Z,ARR,bad,45.0
692 (05-01),True,True,CHURCHILL,WINNIPEG,2025-05-01,41,Kamsack,KAMS,2025-05-03T14:40:06Z,2025-05-03T13:58:00Z,ARR,bad,42.0
692 (05-01),True,True,CHURCHILL,WINNIPEG,2025-05-01,42,Togo,TOGO,2025-05-03T15:13:56Z,2025-05-03T14:37:00Z,ARR,bad,36.0
692 (05-01),True,True,CHURCHILL,WINNIPEG,2025-05-01,43,Roblin,RBLN,2025-05-03T15:41:11Z,2025-05-03T15:14:00Z,ARR,bad,27.0
692 (05-01),True,True,CHURCHILL,WINNIPEG,2025-05-01,44,Grandview,GVIE,2025-05-03T16:52:18Z,2025-05-03T16:12:00Z,ARR,bad,40.0
692 (05-01),True,True,CHURCHILL,WINNIPEG,2025-05-01,45,Gilbert Plains,GLBP,2025-05-03T17:10:27Z,2025-05-03T16:32:00Z,ARR,bad,38.0
692 (05-01),True,True,CHURCHILL,WINNIPEG,2025-05-01,46,Dauphin,DAUP,2025-05-03T17:49:06Z,2025-05-03T16:56:00Z,ARR,bad,53.0
692 (05-01),True,True,CHURCHILL,WINNIPEG,2025-05-01,47,Ochre River,OCHR,2025-05-03T18:21:23Z,2025-05-03T17:20:00Z,ARR,bad,61.0
692 (05-01),True,True,CHURCHILL,WINNIPEG,2025-05-01,48,Laurier,LRIE,2025-05-03T18:41:36Z,2025-05-03T17:38:00Z,ARR,bad,63.0
692 (05-01),True,True,CHURCHILL,WINNIPEG,2025-05-01,49,Mccreary,MCCR,2025-05-03T18:57:49Z,2025-05-03T17:54:00Z,ARR,bad,63.0
692 (05-01),True,True,CHURCHILL,WINNIPEG,2025-05-01,50,Glenella,GLNA,2025-05-03T19:38:16Z,2025-05-03T18:34:00Z,ARR,bad,64.0
692 (05-01),True,True,CHURCHILL,WINNIPEG,2025-05-01,51,Plumas,PLUM,2025-05-03T20:04:22Z,2025-05-03T19:06:00Z,ARR,bad,58.0
692 (05-01),True,True,CHURCHILL,WINNIPEG,2025-05-01,52,Gladstone,GSTO,2025-05-03T20:32:06Z,2025-05-03T19:51:00Z,ARR,bad,41.0
692 (05-01),True,True,CHURCHILL,WINNIPEG,2025-05-01,53,Portage La Prairie,PLPX,2025-05-03T21:13:52Z,2025-05-03T20:37:00Z,ARR,bad,36.0
692 (05-01),True,True,CHURCHILL,WINNIPEG,2025-05-01,54,Winnipeg,WNPG,2025-05-03T22:11:05Z,2025-05-03T21:45:00Z,ARR,bad,26.0
2 (05-02),True,False,VANCOUVER,TORONTO,2025-05-02,0,Vancouver,VCVR,2025-05-02T22:23:10Z,2025-05-02T22:00:00Z,ARR,bad,23.0
2 (05-02),True,False,VANCOUVER,TORONTO,2025-05-02,1,Mission Harbour,MSNH,2025-05-03T03:32:20Z,2025-05-02T23:35:00Z,ARR,bad,237.0
2 (05-02),True,False,VANCOUVER,TORONTO,2025-05-02,2,Agassiz,AGAS,2025-05-03T04:17:54Z,2025-05-03T00:03:00Z,ARR,bad,254.0
2 (05-02),True,False,VANCOUVER,TORONTO,2025-05-02,3,Katz,KATZ,2025-05-03T04:32:59Z,2025-05-03T00:17:00Z,ARR,bad,255.0
2 (05-02),True,False,VANCOUVER,TORONTO,2025-05-02,4,North Bend,NBND,2025-05-03T06:19:25Z,2025-05-03T02:46:00Z,ARR,bad,213.0
2 (05-02),True,False,VANCOUVER,TORONTO,2025-05-02,5,Ashcroft,ASHN,2025-05-03T09:47:42Z,2025-05-03T05:32:00Z,ARR,bad,255.0
2 (05-02),True,False,VANCOUVER,TORONTO,2025-05-02,6,Kamloops North,KAMN,2025-05-03T11:55:14Z,2025-05-03T07:17:00Z,ARR,bad,278.0
2 (05-02),True,False,VANCOUVER,TORONTO,2025-05-02,7,Clearwater,CLWT,2025-05-03T14:27:40Z,2025-05-03T09:58:00Z,ARR,bad,269.0
2 (05-02),True,False,VANCOUVER,TORONTO,2025-05-02,8,Blue River,BLUE,2025-05-03T16:18:43Z,2025-05-03T12:11:00Z,ARR,bad,247.0
2 (05-02),True,False,VANCOUVER,TORONTO,2025-05-02,9,Valemount,VLMT,2025-05-03T20:43:56Z,2025-05-03T14:01:00Z,ARR,bad,402.0
2 (05-02),True,False,VANCOUVER,TORONTO,2025-05-02,10,Jasper,JASP,2025-05-03T22:56:43Z,2025-05-03T17:00:00Z,ARR,bad,356.0
2 (05-02),True,False,VANCOUVER,TORONTO,2025-05-02,11,Hinton,HINT,2025-05-04T01:26:36Z,2025-05-03T19:45:00Z,ARR,bad,341.0
2 (05-02),True,False,VANCOUVER,TORONTO,2025-05-02,12,Edson,EDSN,2025-05-04T03:04:46Z,2025-05-03T21:19:00Z,ARR,bad,345.0
2 (05-02),True,False,VANCOUVER,TORONTO,2025-05-02,13,Evansburg,EVAN,2025-05-04T04:25:18Z,2025-05-03T22:28:00Z,32 mins,bad,357.0
2 (05-02),True,False,VANCOUVER,TORONTO,2025-05-02,14,Edmonton,EDMO,2025-05-04T06:47:18Z,2025-05-04T00:50:00Z,2h54,bad,357.0
2 (05-02),True,False,VANCOUVER,TORONTO,2025-05-02,15,Viking,VKNG,&mdash;,2025-05-04T03:53:00Z,&mdash;,,
2 (05-02),True,False,VANCOUVER,TORONTO,2025-05-02,16,Wainwright,WAIN,&mdash;,2025-05-04T06:14:00Z,&mdash;,,
2 (05-02),True,False,VANCOUVER,TORONTO,2025-05-02,17,Unity,UNIT,&mdash;,2025-05-04T07:47:00Z,&mdash;,,
2 (05-02),True,False,VANCOUVER,TORONTO,2025-05-02,18,Biggar,BIGG,&mdash;,2025-05-04T09:21:00Z,&mdash;,,
2 (05-02),True,False,VANCOUVER,TORONTO,2025-05-02,19,Saskatoon,SASK,&mdash;,2025-05-04T11:57:00Z,&mdash;,,
2 (05-02),True,False,VANCOUVER,TORONTO,2025-05-02,20,Watrous,WATR,&mdash;,2025-05-04T14:26:00Z,&mdash;,,
692 (05-03),True,False,CHURCHILL,WINNIPEG,2025-05-03,0,Churchill,CHUR,2025-05-04T01:30:00Z,2025-05-04T01:30:00Z,ARR,goo,0.0
692 (05-03),True,False,CHURCHILL,WINNIPEG,2025-05-03,1,Tidal,TIDL,2025-05-04T01:59:31Z,2025-05-04T01:52:00Z,ARR,med,7.0
692 (05-03),True,False,CHURCHILL,WINNIPEG,2025-05-03,2,Chesnaye,CHES,2025-05-04T03:13:02Z,2025-05-04T02:38:00Z,ARR,bad,35.0
692 (05-03),True,False,CHURCHILL,WINNIPEG,2025-05-03,3,M'Clintock,MCLI,2025-05-04T04:29:02Z,2025-05-04T03:54:00Z,36 mins,bad,35.0
692 (05-03),True,False,CHURCHILL,WINNIPEG,2025-05-03,4,O'Day,ODAY,2025-05-04T05:14:02Z,2025-05-04T04:39:00Z,1h21,bad,35.0
692 (05-03),True,False,CHURCHILL,WINNIPEG,2025-05-03,5,Herchmer,HERC,2025-05-04T05:53:02Z,2025-05-04T05:18:00Z,2h00,bad,35.0
692 (05-03),True,False,CHURCHILL,WINNIPEG,2025-05-03,6,Thibaudeau,THIB,2025-05-04T07:19:02Z,2025-05-04T06:44:00Z,3h26,bad,35.0
692 (05-03),True,False,CHURCHILL,WINNIPEG,2025-05-03,7,Weir River,WEIR,2025-05-04T08:21:02Z,2025-05-04T07:46:00Z,4h28,bad,35.0
692 (05-03),True,False,CHURCHILL,WINNIPEG,2025-05-03,8,Amery,AMRY,2025-05-04T09:12:02Z,2025-05-04T08:37:00Z,5h19,bad,35.0
692 (05-03),True,False,CHURCHILL,WINNIPEG,2025-05-03,9,Bird,BIRD,2025-05-04T09:35:02Z,2025-05-04T09:00:00Z,5h42,bad,35.0
692 (05-03),True,False,CHURCHILL,WINNIPEG,2025-05-03,10,Gillam,GILL,2025-05-04T10:35:02Z,2025-05-04T10:00:00Z,6h42,bad,35.0
692 (05-03),True,False,CHURCHILL,WINNIPEG,2025-05-03,11,Wivenhoe,WVHO,2025-05-04T11:51:02Z,2025-05-04T11:16:00Z,7h58,bad,35.0
692 (05-03),True,False,CHURCHILL,WINNIPEG,2025-05-03,12,Ilford,ILFO,2025-05-04T12:28:02Z,2025-05-04T11:53:00Z,8h35,bad,35.0
692 (05-03),True,False,CHURCHILL,WINNIPEG,2025-05-03,13,Pit Siding,PITS,2025-05-04T13:29:02Z,2025-05-04T12:54:00Z,9h36,bad,35.0
692 (05-03),True,False,CHURCHILL,WINNIPEG,2025-05-03,14,Bridgar,BRGR,2025-05-04T14:51:02Z,2025-05-04T14:16:00Z,10h58,bad,35.0
692 (05-03),True,False,CHURCHILL,WINNIPEG,2025-05-03,15,Pikwitonei,PIKW,2025-05-04T15:02:02Z,2025-05-04T14:27:00Z,11h09,bad,35.0
692 (05-03),True,False,CHURCHILL,WINNIPEG,2025-05-03,16,Sipiwesk,SIPI,2025-05-04T15:29:02Z,2025-05-04T14:54:00Z,11h36,bad,35.0
692 (05-03),True,False,CHURCHILL,WINNIPEG,2025-05-03,17,Thompson,THOM,2025-05-04T17:05:02Z,2025-05-04T16:30:00Z,13h12,bad,35.0
15,True,True,HALIFAX,MONTRÉAL,2025-05-02,0,Halifax,HLFX,2025-05-02T14:30:00Z,2025-05-02T14:30:00Z,ARR,goo,0.0
15,True,True,HALIFAX,MONTRÉAL,2025-05-02,1,Truro,TRUR,2025-05-02T15:55:29Z,2025-05-02T15:56:00Z,ARR,goo,0.0
15,True,True,HALIFAX,MONTRÉAL,2025-05-02,2,Springhill Jct,SPRJ,2025-05-02T17:31:02Z,2025-05-02T17:12:00Z,ARR,bad,19.0
15,True,True,HALIFAX,MONTRÉAL,2025-05-02,3,Amherst,AMHS,2025-05-02T17:51:38Z,2025-05-02T17:35:00Z,ARR,bad,16.0
15,True,True,HALIFAX,MONTRÉAL,2025-05-02,4,Sackville,SACK,2025-05-02T18:08:42Z,2025-05-02T17:52:00Z,ARR,bad,16.0
15,True,True,HALIFAX,MONTRÉAL,2025-05-02,5,Moncton,MCTN,2025-05-02T19:32:25Z,2025-05-02T18:47:00Z,ARR,bad,45.0
15,True,True,HALIFAX,MONTRÉAL,2025-05-02,6,Rogersville,RGRV,2025-05-02T21:10:08Z,2025-05-02T20:01:00Z,ARR,bad,69.0
15,True,True,HALIFAX,MONTRÉAL,2025-05-02,7,Miramichi,MIRA,2025-05-02T21:55:12Z,2025-05-02T20:52:00Z,ARR,bad,63.0
15,True,True,HALIFAX,MONTRÉAL,2025-05-02,8,Bathurst,BTRS,2025-05-02T23:35:04Z,2025-05-02T22:48:00Z,ARR,bad,47.0
15,True,True,HALIFAX,MONTRÉAL,2025-05-02,9,Petit Rocher,PROC,2025-05-02T23:55:39Z,2025-05-02T23:17:00Z,ARR,bad,38.0
15,True,True,HALIFAX,MONTRÉAL,2025-05-02,10,Jacquet River,JACR,2025-05-03T00:19:07Z,2025-05-02T23:40:01Z,ARR,bad,39.0
15,True,True,HALIFAX,MONTRÉAL,2025-05-02,11,Charlo,CHLO,2025-05-03T00:52:48Z,2025-05-03T00:04:00Z,ARR,bad,48.0
15,True,True,HALIFAX,MONTRÉAL,2025-05-02,12,Campbellton,CBTN,2025-05-03T01:40:56Z,2025-05-03T01:08:00Z,ARR,bad,32.0
15,True,True,HALIFAX,MONTRÉAL,2025-05-02,13,Matapedia,MTPD,2025-05-03T02:23:16Z,2025-05-03T01:50:00Z,ARR,bad,33.0
15,True,True,HALIFAX,MONTRÉAL,2025-05-02,14,Causapscal,CAUS,2025-05-03T03:23:15Z,2025-05-03T02:39:00Z,ARR,bad,44.0
15,True,True,HALIFAX,MONTRÉAL,2025-05-02,15,Amqui,AMQU,2025-05-03T03:45:41Z,2025-05-03T02:59:00Z,ARR,bad,46.0
15,True,True,HALIFAX,MONTRÉAL,2025-05-02,16,Sayabec,SAYA,2025-05-03T04:15:20Z,2025-05-03T03:21:00Z,ARR,bad,54.0
15,True,True,HALIFAX,MONTRÉAL,2025-05-02,17,Mont-Joli,MJLI,2025-05-03T05:25:34Z,2025-05-03T04:51:00Z,ARR,bad,34.0
15,True,True,HALIFAX,MONTRÉAL,2025-05-02,18,Rimouski,RMSK,2025-05-03T05:50:19Z,2025-05-03T05:24:00Z,ARR,bad,26.0
15,True,True,HALIFAX,MONTRÉAL,2025-05-02,19,Trois Pistoles,TPIS,2025-05-03T06:55:05Z,2025-05-03T06:31:00Z,ARR,bad,24.0
15,True,True,HALIFAX,MONTRÉAL,2025-05-02,20,Rivière-Du-Loup,RDLX,2025-05-03T07:33:30Z,2025-05-03T07:18:00Z,ARR,bad,15.0
15,True,True,HALIFAX,MONTRÉAL,2025-05-02,21,La Pocatière,LPOC,2025-05-03T08:11:13Z,2025-05-03T08:05:00Z,ARR,med,6.0
15,True,True,HALIFAX,MONTRÉAL,2025-05-02,22,Montmagny,MMGY,2025-05-03T08:38:31Z,2025-05-03T08:39:00Z,ARR,goo,0.0
15,True,True,HALIFAX,MONTRÉAL,2025-05-02,23,Ste-Foy,SFOY,2025-05-03T09:21:36Z,2025-05-03T10:13:00Z,ARR,goo,-51.0
15,True,True,HALIFAX,MONTRÉAL,2025-05-02,24,Drummondville,DRMV,2025-05-03T12:07:50Z,2025-05-03T12:20:00Z,ARR,goo,-12.0
15,True,True,HALIFAX,MONTRÉAL,2025-05-02,25,St. Hyacinthe,SHYA,2025-05-03T12:49:59Z,2025-05-03T13:00:00Z,ARR,goo,-10.0
15,True,True,HALIFAX,MONTRÉAL,2025-05-02,26,St. Lambert,SLAM,2025-05-03T13:26:42Z,2025-05-03T13:34:00Z,ARR,goo,-7.0
15,True,True,HALIFAX,MONTRÉAL,2025-05-02,27,Montréal,MTRL,2025-05-03T13:44:47Z,2025-05-03T13:53:00Z,ARR,goo,-8.0
6,True,True,PRINCE RUPERT,JASPER,2025-05-02,0,Prince Rupert,PRUP,2025-05-02T15:00:00Z,2025-05-02T15:00:00Z,ARR,goo,0.0
6,True,True,PRINCE RUPERT,JASPER,2025-05-02,1,Cassiar Cannery,CASS,2025-05-02T15:29:11Z,2025-05-02T15:20:00Z,ARR,med,9.0
6,True,True,PRINCE RUPERT,JASPER,2025-05-02,2,Kwinitsa,KWIN,2025-05-02T16:08:09Z,2025-05-02T16:17:00Z,ARR,goo,-8.0
6,True,True,PRINCE RUPERT,JASPER,2025-05-02,3,Terrace,TRRC,2025-05-02T17:23:19Z,2025-05-02T17:20:00Z,ARR,goo,3.0
6,True,True,PRINCE RUPERT,JASPER,2025-05-02,4,Usk,USKX,2025-05-02T17:50:33Z,2025-05-02T17:48:00Z,ARR,goo,2.0
6,True,True,PRINCE RUPERT,JASPER,2025-05-02,5,Pacific,PACI,2025-05-02T18:06:19Z,2025-05-02T18:07:00Z,ARR,goo,0.0
6,True,True,PRINCE RUPERT,JASPER,2025-05-02,6,Dorreen,DORR,2025-05-02T18:14:28Z,2025-05-02T18:19:00Z,ARR,goo,-4.0
6,True,True,PRINCE RUPERT,JASPER,2025-05-02,7,Cedarvale,CEDA,2025-05-02T18:43:36Z,2025-05-02T18:44:00Z,ARR,goo,0.0
6,True,True,PRINCE RUPERT,JASPER,2025-05-02,8,Kitwanga,KITW,2025-05-02T19:01:08Z,2025-05-02T18:48:01Z,ARR,med,13.0
6,True,True,PRINCE RUPERT,JASPER,2025-05-02,9,New Hazelton,NHAZ,2025-05-02T19:53:52Z,2025-05-02T19:30:00Z,ARR,bad,23.0
6,True,True,PRINCE RUPERT,JASPER,2025-05-02,10,Smithers,SMTR,2025-05-02T21:09:31Z,2025-05-02T21:14:00Z,ARR,goo,-4.0
6,True,True,PRINCE RUPERT,JASPER,2025-05-02,11,Telkwa,TELK,2025-05-02T21:30:59Z,2025-05-02T21:37:00Z,ARR,goo,-6.0
6,True,True,PRINCE RUPERT,JASPER,2025-05-02,12,Houston,HOUS,2025-05-02T22:10:14Z,2025-05-02T22:22:00Z,ARR,goo,-11.0
6,True,True,PRINCE RUPERT,JASPER,2025-05-02,13,Burns Lake,BRNL,2025-05-02T23:13:36Z,2025-05-02T23:32:00Z,ARR,goo,-18.0
6,True,True,PRINCE RUPERT,JASPER,2025-05-02,14,Endako,ENDA,2025-05-03T00:33:29Z,2025-05-03T00:25:00Z,ARR,med,8.0
6,True,True,PRINCE RUPERT,JASPER,2025-05-02,15,Fort Fraser,FFRA,2025-05-03T00:59:52Z,2025-05-03T00:57:00Z,ARR,goo,2.0
6,True,True,PRINCE RUPERT,JASPER,2025-05-02,16,Vanderhoof,VDRH,2025-05-03T01:41:04Z,2025-05-03T01:35:00Z,ARR,med,6.0
6,True,True,PRINCE RUPERT,JASPER,2025-05-02,17,Prince George,PGEO,2025-05-03T03:20:58Z,2025-05-03T03:29:00Z,ARR,goo,-8.0
6,True,True,PRINCE RUPERT,JASPER,2025-05-02,18,Willow River,WILR,2025-05-03T17:24:29Z,2025-05-03T15:48:00Z,ARR,bad,96.0
6,True,True,PRINCE RUPERT,JASPER,2025-05-02,19,Aleza Lake,ALZL,2025-05-03T17:48:39Z,2025-05-03T16:17:00Z,ARR,bad,91.0
6,True,True,PRINCE RUPERT,JASPER,2025-05-02,20,Upper Fraser,UFRZ,2025-05-03T17:56:39Z,2025-05-03T16:25:00Z,ARR,bad,91.0
6,True,True,PRINCE RUPERT,JASPER,2025-05-02,21,Mcgregor,MCGR,2025-05-03T18:04:39Z,2025-05-03T16:33:00Z,ARR,bad,91.0
6,True,True,PRINCE RUPERT,JASPER,2025-05-02,22,Sinclair Mills,SINM,2025-05-03T18:15:39Z,2025-05-03T16:44:00Z,ARR,bad,91.0
6,True,True,PRINCE RUPERT,JASPER,2025-05-02,23,Hutton,HUTT,2025-05-03T18:19:39Z,2025-05-03T16:48:00Z,ARR,bad,91.0
6,True,True,PRINCE RUPERT,JASPER,2025-05-02,24,Longworth,LWTH,2025-05-03T18:30:39Z,2025-05-03T16:59:00Z,ARR,bad,91.0
6,True,True,PRINCE RUPERT,JASPER,2025-05-02,25,Penny,PENN,2025-05-03T18:37:17Z,2025-05-03T17:13:00Z,ARR,bad,84.0
6,True,True,PRINCE RUPERT,JASPER,2025-05-02,26,Bend,BEND,2025-05-03T18:54:22Z,2025-05-03T17:32:00Z,ARR,bad,82.0
6,True,True,PRINCE RUPERT,JASPER,2025-05-02,27,Dome Creek,DOMC,2025-05-03T18:56:09Z,2025-05-03T17:33:07Z,ARR,bad,83.0
6,True,True,PRINCE RUPERT,JASPER,2025-05-02,28,Loos,LOOS,2025-05-03T19:34:53Z,2025-05-03T18:07:00Z,ARR,bad,87.0
6,True,True,PRINCE RUPERT,JASPER,2025-05-02,29,Goat River,GOAT,2025-05-03T19:48:25Z,2025-05-03T18:22:00Z,ARR,bad,86.0
6,True,True,PRINCE RUPERT,JASPER,2025-05-02,30,Mcbride,MCBR,2025-05-03T20:38:45Z,2025-05-03T19:18:00Z,ARR,bad,80.0
6,True,True,PRINCE RUPERT,JASPER,2025-05-02,31,Dunster,DNST,2025-05-03T21:44:37Z,2025-05-03T19:35:00Z,ARR,bad,129.0
6,True,True,PRINCE RUPERT,JASPER,2025-05-02,32,Harvey,HRVY,2025-05-03T22:17:55Z,2025-05-03T20:24:00Z,ARR,bad,113.0
6,True,True,PRINCE RUPERT,JASPER,2025-05-02,33,Jasper,JASP,2025-05-04T00:40:14Z,2025-05-03T23:00:00Z,ARR,bad,100.0
691,True,True,THE PAS,CHURCHILL,2025-05-02,0,The Pas,TPAS,2025-05-02T07:30:00Z,2025-05-02T07:30:00Z,ARR,goo,0.0
691,True,True,THE PAS,CHURCHILL,2025-05-02,1,Orok,OROK,2025-05-02T08:04:09Z,2025-05-02T08:07:00Z,ARR,goo,-2.0
691,True,True,THE PAS,CHURCHILL,2025-05-02,2,Halcrow,HALC,2025-05-02T08:52:31Z,2025-05-02T09:01:00Z,ARR,goo,-8.0
691,True,True,THE PAS,CHURCHILL,2025-05-02,3,Cormorant,CORM,2025-05-02T09:12:00Z,2025-05-02T09:12:00Z,ARR,goo,0.0
691,True,True,THE PAS,CHURCHILL,2025-05-02,4,Dering,DERI,2025-05-02T09:20:00Z,2025-05-02T09:20:00Z,ARR,goo,0.0
691,True,True,THE PAS,CHURCHILL,2025-05-02,5,Dyce,DYCE,2025-05-02T09:59:00Z,2025-05-02T09:59:00Z,ARR,goo,0.0
691,True,True,THE PAS,CHURCHILL,2025-05-02,6,Wekusko,WEKU,2025-05-02T10:23:18Z,2025-05-02T10:43:00Z,ARR,goo,-19.0
691,True,True,THE PAS,CHURCHILL,2025-05-02,7,Turnbull,TURN,2025-05-02T10:46:02Z,2025-05-02T11:10:00Z,ARR,goo,-23.0
691,True,True,THE PAS,CHURCHILL,2025-05-02,8,Ponton,PNTN,2025-05-02T11:13:02Z,2025-05-02T11:42:00Z,ARR,goo,-28.0
691,True,True,THE PAS,CHURCHILL,2025-05-02,9,Pipun,PIPN,2025-05-02T12:00:48Z,2025-05-02T12:25:00Z,ARR,goo,-24.0
691,True,True,THE PAS,CHURCHILL,2025-05-02,10,Wabowden,WBDN,2025-05-02T12:18:30Z,2025-05-02T12:48:00Z,ARR,goo,-29.0
691,True,True,THE PAS,CHURCHILL,2025-05-02,11,Lyddal,LYDD,2025-05-02T13:05:30Z,2025-05-02T13:16:00Z,ARR,goo,-10.0
691,True,True,THE PAS,CHURCHILL,2025-05-02,12,Odhill,ODHI,2025-05-02T13:27:07Z,2025-05-02T13:38:00Z,ARR,goo,-10.0
691,True,True,THE PAS,CHURCHILL,2025-05-02,13,Hockin,HOCK,2025-05-02T14:04:34Z,2025-05-02T14:22:00Z,ARR,goo,-17.0
691,True,True,THE PAS,CHURCHILL,2025-05-02,14,Thicket Portage,THKP,2025-05-02T14:37:00Z,2025-05-02T14:37:00Z,ARR,goo,0.0
691,True,True,THE PAS,CHURCHILL,2025-05-02,15,Leven,LEVN,2025-05-02T14:54:00Z,2025-05-02T14:54:00Z,ARR,goo,0.0
691,True,True,THE PAS,CHURCHILL,2025-05-02,16,Thompson,THOM,2025-05-02T18:22:21Z,2025-05-02T17:00:00Z,ARR,bad,82.0
691,True,True,THE PAS,CHURCHILL,2025-05-02,17,Sipiwesk,SIPI,2025-05-02T23:35:42Z,2025-05-02T23:35:00Z,ARR,goo,0.0
691,True,True,THE PAS,CHURCHILL,2025-05-02,18,Pikwitonei,PIKW,2025-05-03T00:02:42Z,2025-05-03T00:02:00Z,ARR,goo,0.0
691,True,True,THE PAS,CHURCHILL,2025-05-02,19,Bridgar,BRGR,2025-05-03T00:13:42Z,2025-05-03T00:13:00Z,ARR,goo,0.0
691,True,True,THE PAS,CHURCHILL,2025-05-02,20,Pit Siding,PITS,2025-05-03T01:35:42Z,2025-05-03T01:35:00Z,ARR,goo,0.0
691,True,True,THE PAS,CHURCHILL,2025-05-02,21,Ilford,ILFO,2025-05-03T02:36:42Z,2025-05-03T02:36:00Z,ARR,goo,0.0
691,True,True,THE PAS,CHURCHILL,2025-05-02,22,Wivenhoe,WVHO,2025-05-03T03:46:22Z,2025-05-03T03:13:00Z,ARR,bad,33.0
691,True,True,THE PAS,CHURCHILL,2025-05-02,23,Gillam,GILL,2025-05-03T04:31:18Z,2025-05-03T04:00:01Z,ARR,bad,31.0
691,True,True,THE PAS,CHURCHILL,2025-05-02,24,Bird,BIRD,2025-05-03T05:30:11Z,2025-05-03T05:29:00Z,ARR,goo,1.0
691,True,True,THE PAS,CHURCHILL,2025-05-02,25,Amery,AMRY,2025-05-03T06:04:15Z,2025-05-03T05:51:00Z,ARR,med,13.0
691,True,True,THE PAS,CHURCHILL,2025-05-02,26,Weir River,WEIR,2025-05-03T07:02:23Z,2025-05-03T06:43:00Z,ARR,bad,19.0
691,True,True,THE PAS,CHURCHILL,2025-05-02,27,Thibaudeau,THIB,2025-05-03T08:19:23Z,2025-05-03T08:00:00Z,ARR,bad,19.0
691,True,True,THE PAS,CHURCHILL,2025-05-02,28,Herchmer,HERC,2025-05-03T09:02:13Z,2025-05-03T09:26:00Z,ARR,goo,-23.0
691,True,True,THE PAS,CHURCHILL,2025-05-02,29,O'Day,ODAY,2025-05-03T10:05:00Z,2025-05-03T10:05:00Z,ARR,goo,0.0
691,True,True,THE PAS,CHURCHILL,2025-05-02,30,M'Clintock,MCLI,2025-05-03T10:50:00Z,2025-05-03T10:50:00Z,ARR,goo,0.0
691,True,True,THE PAS,CHURCHILL,2025-05-02,31,Chesnaye,CHES,2025-05-03T12:06:00Z,2025-05-03T12:06:00Z,ARR,goo,0.0
691,True,True,THE PAS,CHURCHILL,2025-05-02,32,Tidal,TIDL,2025-05-03T12:06:12Z,2025-05-03T13:37:00Z,ARR,goo,-90.0
691,True,True,THE PAS,CHURCHILL,2025-05-02,33,Churchill,CHUR,2025-05-03T12:55:12Z,2025-05-03T14:00:00Z,ARR,goo,-64.0
5,True,False,JASPER,PRINCE RUPERT,2025-05-02,0,Jasper,JASP,2025-05-02T16:45:05Z,2025-05-02T16:45:00Z,ARR,goo,0.0
5,True,False,JASPER,PRINCE RUPERT,2025-05-02,1,Harvey,HRVY,2025-05-02T20:03:01Z,2025-05-02T18:38:00Z,ARR,bad,85.0
5,True,False,JASPER,PRINCE RUPERT,2025-05-02,2,Dunster,DNST,2025-05-02T20:37:01Z,2025-05-02T19:12:00Z,ARR,bad,85.0
5,True,False,JASPER,PRINCE RUPERT,2025-05-02,3,Mcbride,MCBR,2025-05-02T22:12:29Z,2025-05-02T19:44:00Z,ARR,bad,148.0
5,True,False,JASPER,PRINCE RUPERT,2025-05-02,4,Goat River,GOAT,2025-05-02T23:05:00Z,2025-05-02T20:41:00Z,ARR,bad,144.0
5,True,False,JASPER,PRINCE RUPERT,2025-05-02,5,Loos,LOOS,2025-05-02T23:19:04Z,2025-05-02T20:58:00Z,ARR,bad,141.0
5,True,False,JASPER,PRINCE RUPERT,2025-05-02,6,Dome Creek,DOMC,2025-05-02T23:47:00Z,2025-05-02T21:32:00Z,ARR,bad,135.0
5,True,False,JASPER,PRINCE RUPERT,2025-05-02,7,Bend,BEND,2025-05-02T23:49:27Z,2025-05-02T21:36:00Z,ARR,bad,133.0
5,True,False,JASPER,PRINCE RUPERT,2025-05-02,8,Penny,PENN,2025-05-03T00:07:03Z,2025-05-02T21:56:00Z,ARR,bad,131.0
5,True,False,JASPER,PRINCE RUPERT,2025-05-02,9,Longworth,LWTH,2025-05-03T00:18:36Z,2025-05-02T22:11:00Z,ARR,bad,127.0
5,True,False,JASPER,PRINCE RUPERT,2025-05-02,10,Hutton,HUTT,2025-05-03T00:30:13Z,2025-05-02T22:24:00Z,ARR,bad,126.0
5,True,False,JASPER,PRINCE RUPERT,2025-05-02,11,Sinclair Mills,SINM,2025-05-03T00:36:13Z,2025-05-02T22:30:00Z,ARR,bad,126.0
5,True,False,JASPER,PRINCE RUPERT,2025-05-02,12,Mcgregor,MCGR,2025-05-03T00:46:23Z,2025-05-02T22:43:00Z,ARR,bad,123.0
5,True,False,JASPER,PRINCE RUPERT,2025-05-02,13,Upper Fraser,UFRZ,2025-05-03T00:55:23Z,2025-05-02T22:52:00Z,ARR,bad,123.0
5,True,False,JASPER,PRINCE RUPERT,2025-05-02,14,Aleza Lake,ALZL,2025-05-03T01:04:23Z,2025-05-02T23:01:00Z,ARR,bad,123.0
5,True,False,JASPER,PRINCE RUPERT,2025-05-02,15,Willow River,WILR,2025-05-03T02:03:04Z,2025-05-02T23:31:00Z,ARR,bad,152.0
5,True,False,JASPER,PRINCE RUPERT,2025-05-02,16,Prince George,PGEO,2025-05-03T02:31:34Z,2025-05-03T00:08:00Z,ARR,bad,143.0
5,True,False,JASPER,PRINCE RUPERT,2025-05-02,17,Vanderhoof,VDRH,2025-05-03T16:47:21Z,2025-05-03T16:55:00Z,ARR,goo,-7.0
5,True,False,JASPER,PRINCE RUPERT,2025-05-02,18,Fort Fraser,FFRA,2025-05-03T17:41:47Z,2025-05-03T17:32:00Z,ARR,med,9.0
5,True,False,JASPER,PRINCE RUPERT,2025-05-02,19,Endako,ENDA,2025-05-03T18:09:19Z,2025-05-03T17:50:00Z,ARR,bad,19.0
5,True,False,JASPER,PRINCE RUPERT,2025-05-02,20,Burns Lake,BRNL,2025-05-03T18:56:03Z,2025-05-03T18:58:00Z,ARR,goo,-1.0
5,True,False,JASPER,PRINCE RUPERT,2025-05-02,21,Houston,HOUS,2025-05-03T20:09:33Z,2025-05-03T20:08:00Z,ARR,goo,1.0
5,True,False,JASPER,PRINCE RUPERT,2025-05-02,22,Telkwa,TELK,2025-05-03T20:47:50Z,2025-05-03T20:52:00Z,ARR,goo,-4.0
5,True,False,JASPER,PRINCE RUPERT,2025-05-02,23,Smithers,SMTR,2025-05-03T21:38:47Z,2025-05-03T21:10:00Z,ARR,bad,28.0
5,True,False,JASPER,PRINCE RUPERT,2025-05-02,24,New Hazelton,NHAZ,2025-05-03T23:04:38Z,2025-05-03T22:37:00Z,ARR,bad,27.0
5,True,False,JASPER,PRINCE RUPERT,2025-05-02,25,Kitwanga,KITW,2025-05-04T00:27:00Z,2025-05-03T23:27:00Z,ARR,bad,60.0
5,True,False,JASPER,PRINCE RUPERT,2025-05-02,26,Cedarvale,CEDA,2025-05-04T00:49:39Z,2025-05-03T23:51:00Z,ARR,bad,58.0
5,True,False,JASPER,PRINCE RUPERT,2025-05-02,27,Dorreen,DORR,2025-05-04T01:43:21Z,2025-05-04T00:12:00Z,ARR,bad,91.0
5,True,False,JASPER,PRINCE RUPERT,2025-05-02,28,Pacific,PACI,2025-05-04T01:50:25Z,2025-05-04T00:21:00Z,ARR,bad,89.0
5,True,False,JASPER,PRINCE RUPERT,2025-05-02,29,Usk,USKX,2025-05-04T02:05:31Z,2025-05-04T00:40:00Z,ARR,bad,85.0
5,True,False,JASPER,PRINCE RUPERT,2025-05-02,30,Terrace,TRRC,2025-05-04T02:22:47Z,2025-05-04T01:00:00Z,ARR,bad,82.0
5,True,False,JASPER,PRINCE RUPERT,2025-05-02,31,Kwinitsa,KWIN,2025-05-04T03:54:16Z,2025-05-04T02:09:00Z,1 min,bad,105.0
5,True,False,JASPER,PRINCE RUPERT,2025-05-02,32,Cassiar Cannery,CASS,2025-05-04T04:30:16Z,2025-05-04T02:45:00Z,37 mins,bad,105.0
5,True,False,JASPER,PRINCE RUPERT,2025-05-02,33,Prince Rupert,PRUP,2025-05-04T05:10:16Z,2025-05-04T03:25:00Z,1h17,bad,105.0
14,True,True,MONTRÉAL,HALIFAX,2025-05-02,0,Montréal,MTRL,2025-05-02T22:30:00Z,2025-05-02T22:30:00Z,ARR,goo,0.0
14,True,True,MONTRÉAL,HALIFAX,2025-05-02,1,St. Lambert,SLAM,2025-05-02T22:57:57Z,2025-05-02T22:45:00Z,ARR,med,12.0
14,True,True,MONTRÉAL,HALIFAX,2025-05-02,2,St. Hyacinthe,SHYA,2025-05-02T23:32:22Z,2025-05-02T23:23:00Z,ARR,med,9.0
14,True,True,MONTRÉAL,HALIFAX,2025-05-02,3,Drummondville,DRMV,2025-05-03T00:10:47Z,2025-05-03T00:04:00Z,ARR,med,6.0
14,True,True,MONTRÉAL,HALIFAX,2025-05-02,4,Ste-Foy,SFOY,2025-05-03T01:38:04Z,2025-05-03T01:48:00Z,ARR,goo,-9.0
14,True,True,MONTRÉAL,HALIFAX,2025-05-02,5,Montmagny,MMGY,2025-05-03T03:34:00Z,2025-05-03T03:17:00Z,ARR,bad,17.0
14,True,True,MONTRÉAL,HALIFAX,2025-05-02,6,La Pocatière,LPOC,2025-05-03T04:06:26Z,2025-05-03T03:50:00Z,ARR,bad,16.0
14,True,True,MONTRÉAL,HALIFAX,2025-05-02,7,Rivière-Du-Loup,RDLX,2025-05-03T04:54:07Z,2025-05-03T04:31:00Z,ARR,bad,23.0
14,True,True,MONTRÉAL,HALIFAX,2025-05-02,8,Trois Pistoles,TPIS,2025-05-03T05:36:08Z,2025-05-03T05:15:00Z,ARR,bad,21.0
14,True,True,MONTRÉAL,HALIFAX,2025-05-02,9,Rimouski,RMSK,2025-05-03T06:56:57Z,2025-05-03T06:24:00Z,ARR,bad,32.0
14,True,True,MONTRÉAL,HALIFAX,2025-05-02,10,Mont-Joli,MJLI,2025-05-03T07:31:48Z,2025-05-03T07:04:00Z,ARR,bad,27.0
14,True,True,MONTRÉAL,HALIFAX,2025-05-02,11,Sayabec,SAYA,2025-05-03T08:33:40Z,2025-05-03T08:09:00Z,ARR,bad,24.0
14,True,True,MONTRÉAL,HALIFAX,2025-05-02,12,Amqui,AMQU,2025-05-03T09:01:03Z,2025-05-03T08:30:00Z,ARR,bad,31.0
14,True,True,MONTRÉAL,HALIFAX,2025-05-02,13,Causapscal,CAUS,2025-05-03T09:31:38Z,2025-05-03T08:52:00Z,ARR,bad,39.0
14,True,True,MONTRÉAL,HALIFAX,2025-05-02,14,Matapedia,MTPD,2025-05-03T10:25:41Z,2025-05-03T09:38:00Z,ARR,bad,47.0
14,True,True,MONTRÉAL,HALIFAX,2025-05-02,15,Campbellton,CBTN,2025-05-03T11:05:35Z,2025-05-03T10:23:00Z,ARR,bad,42.0
14,True,True,MONTRÉAL,HALIFAX,2025-05-02,16,Charlo,CHLO,2025-05-03T11:57:55Z,2025-05-03T11:06:00Z,ARR,bad,51.0
14,True,True,MONTRÉAL,HALIFAX,2025-05-02,17,Jacquet River,JACR,2025-05-03T12:32:56Z,2025-05-03T11:30:00Z,ARR,bad,62.0
14,True,True,MONTRÉAL,HALIFAX,2025-05-02,18,Petit Rocher,PROC,2025-05-03T13:00:05Z,2025-05-03T11:53:00Z,ARR,bad,67.0
14,True,True,MONTRÉAL,HALIFAX,2025-05-02,19,Bathurst,BTRS,2025-05-03T13:21:16Z,2025-05-03T12:42:00Z,ARR,bad,39.0
14,True,True,MONTRÉAL,HALIFAX,2025-05-02,20,Miramichi,MIRA,2025-05-03T15:17:32Z,2025-05-03T14:33:00Z,ARR,bad,44.0
14,True,True,MONTRÉAL,HALIFAX,2025-05-02,21,Rogersville,RGRV,2025-05-03T16:31:48Z,2025-05-03T15:28:00Z,ARR,bad,63.0
14,True,True,MONTRÉAL,HALIFAX,2025-05-02,22,Moncton,MCTN,2025-05-03T18:14:06Z,2025-05-03T16:38:00Z,ARR,bad,96.0
14,True,True,MONTRÉAL,HALIFAX,2025-05-02,23,Sackville,SACK,2025-05-03T19:56:20Z,2025-05-03T17:38:00Z,ARR,bad,138.0
14,True,True,MONTRÉAL,HALIFAX,2025-05-02,24,Amherst,AMHS,2025-05-03T20:11:15Z,2025-05-03T17:54:00Z,ARR,bad,137.0
14,True,True,MONTRÉAL,HALIFAX,2025-05-02,25,Springhill Jct,SPRJ,2025-05-03T20:31:09Z,2025-05-03T18:18:00Z,ARR,bad,133.0
14,True,True,MONTRÉAL,HALIFAX,2025-05-02,26,Truro,TRUR,2025-05-03T21:39:25Z,2025-05-03T19:32:00Z,ARR,bad,127.0
14,True,True,MONTRÉAL,HALIFAX,2025-05-02,27,Halifax,HLFX,2025-05-03T23:09:46Z,2025-05-03T21:06:00Z,ARR,bad,123.0
24,True,True,OTTAWA,QUÉBEC,2025-05-03,0,Ottawa,OTTW,2025-05-03T14:13:35Z,2025-05-03T14:13:00Z,ARR,goo,0.0
24,True,True,OTTAWA,QUÉBEC,2025-05-03,1,Alexandria,ALEX,2025-05-03T14:57:32Z,2025-05-03T15:03:00Z,ARR,goo,-5.0
24,True,True,OTTAWA,QUÉBEC,2025-05-03,2,Coteau,COTO,2025-05-03T15:19:14Z,2025-05-03T15:26:00Z,ARR,goo,-6.0
24,True,True,OTTAWA,QUÉBEC,2025-05-03,3,Dorval,DORV,2025-05-03T15:45:56Z,2025-05-03T15:50:00Z,ARR,goo,-4.0
24,True,True,OTTAWA,QUÉBEC,2025-05-03,4,Montréal,MTRL,2025-05-03T16:11:56Z,2025-05-03T16:15:00Z,ARR,goo,-3.0
24,True,True,OTTAWA,QUÉBEC,2025-05-03,5,St. Lambert,SLAM,2025-05-03T17:02:42Z,2025-05-03T16:58:00Z,ARR,goo,4.0
24,True,True,OTTAWA,QUÉBEC,2025-05-03,6,St. Hyacinthe,SHYA,2025-05-03T17:28:33Z,2025-05-03T17:26:00Z,ARR,goo,2.0
24,True,True,OTTAWA,QUÉBEC,2025-05-03,7,Drummondville,DRMV,2025-05-03T17:56:39Z,2025-05-03T17:54:00Z,ARR,goo,2.0
24,True,True,OTTAWA,QUÉBEC,2025-05-03,8,Charny,CHNY,2025-05-03T19:46:51Z,2025-05-03T19:38:00Z,ARR,med,8.0
24,True,True,OTTAWA,QUÉBEC,2025-05-03,9,Ste-Foy,SFOY,2025-05-03T19:54:44Z,2025-05-03T19:45:00Z,ARR,med,9.0
24,True,True,OTTAWA,QUÉBEC,2025-05-03,10,Québec,QBEC,2025-05-03T20:29:50Z,2025-05-03T20:12:00Z,ARR,bad,17.0
37,True,True,QUÉBEC,OTTAWA,2025-05-03,0,Québec,QBEC,2025-05-03T16:32:00Z,2025-05-03T16:32:00Z,ARR,goo,0.0
37,True,True,QUÉBEC,OTTAWA,2025-05-03,1,Ste-Foy,SFOY,2025-05-03T16:57:47Z,2025-05-03T16:57:00Z,ARR,goo,0.0
37,True,True,QUÉBEC,OTTAWA,2025-05-03,2,Drummondville,DRMV,2025-05-03T19:05:50Z,2025-05-03T18:44:00Z,ARR,bad,21.0
37,True,True,QUÉBEC,OTTAWA,2025-05-03,3,St. Hyacinthe,SHYA,2025-05-03T19:41:43Z,2025-05-03T19:12:00Z,ARR,bad,29.0
37,True,True,QUÉBEC,OTTAWA,2025-05-03,4,St. Lambert,SLAM,2025-05-03T20:14:58Z,2025-05-03T19:39:00Z,ARR,bad,35.0
37,True,True,QUÉBEC,OTTAWA,2025-05-03,5,Montréal,MTRL,2025-05-03T20:29:38Z,2025-05-03T19:54:00Z,ARR,bad,35.0
37,True,True,QUÉBEC,OTTAWA,2025-05-03,6,Dorval,DORV,2025-05-03T21:13:24Z,2025-05-03T20:54:00Z,ARR,bad,19.0
37,True,True,QUÉBEC,OTTAWA,2025-05-03,7,Coteau,COTO,2025-05-03T21:44:36Z,2025-05-03T21:23:00Z,ARR,bad,21.0
37,True,True,QUÉBEC,OTTAWA,2025-05-03,8,Alexandria,ALEX,2025-05-03T22:05:41Z,2025-05-03T21:45:00Z,ARR,bad,20.0
37,True,True,QUÉBEC,OTTAWA,2025-05-03,9,Ottawa,OTTW,2025-05-03T22:52:02Z,2025-05-03T22:37:00Z,ARR,bad,15.0
41,True,True,OTTAWA,TORONTO,2025-05-03,0,Ottawa,OTTW,2025-05-03T09:21:00Z,2025-05-03T09:21:00Z,ARR,goo,0.0
41,True,True,OTTAWA,TORONTO,2025-05-03,1,Fallowfield,FALL,2025-05-03T09:36:53Z,2025-05-03T09:38:00Z,ARR,goo,-1.0
41,True,True,OTTAWA,TORONTO,2025-05-03,2,Smiths Falls,SMTF,2025-05-03T10:07:23Z,2025-05-03T10:08:00Z,ARR,goo,0.0
41,True,True,OTTAWA,TORONTO,2025-05-03,3,Brockville,BRKV,2025-05-03T10:40:56Z,2025-05-03T10:40:00Z,ARR,goo,0.0
41,True,True,OTTAWA,TORONTO,2025-05-03,4,Kingston,KGON,2025-05-03T11:23:40Z,2025-05-03T11:25:00Z,ARR,goo,-1.0
41,True,True,OTTAWA,TORONTO,2025-05-03,5,Napanee,NAPN,2025-05-03T11:50:58Z,2025-05-03T11:49:00Z,ARR,goo,1.0
41,True,True,OTTAWA,TORONTO,2025-05-03,6,Belleville,BLVL,2025-05-03T12:10:37Z,2025-05-03T12:07:00Z,ARR,goo,3.0
41,True,True,OTTAWA,TORONTO,2025-05-03,7,Trenton Jct.,TRNJ,2025-05-03T12:27:37Z,2025-05-03T12:20:00Z,ARR,med,7.0
41,True,True,OTTAWA,TORONTO,2025-05-03,8,Cobourg,CBRG,2025-05-03T12:52:48Z,2025-05-03T12:44:00Z,ARR,med,8.0
41,True,True,OTTAWA,TORONTO,2025-05-03,9,Oshawa,OSHA,2025-05-03T13:27:38Z,2025-05-03T13:19:00Z,ARR,med,8.0
41,True,True,OTTAWA,TORONTO,2025-05-03,10,Toronto,TRTO,2025-05-03T14:13:27Z,2025-05-03T14:02:00Z,ARR,med,11.0
50,True,True,TORONTO,OTTAWA,2025-05-03,0,Toronto,TRTO,2025-05-03T10:32:00Z,2025-05-03T10:32:00Z,ARR,goo,0.0
50,True,True,TORONTO,OTTAWA,2025-05-03,1,Guildwood,GUIL,2025-05-03T10:48:29Z,2025-05-03T10:50:00Z,ARR,goo,-1.0
50,True,True,TORONTO,OTTAWA,2025-05-03,2,Oshawa,OSHA,2025-05-03T11:07:30Z,2025-05-03T11:08:00Z,ARR,goo,0.0
50,True,True,TORONTO,OTTAWA,2025-05-03,3,Cobourg,CBRG,2025-05-03T11:42:43Z,2025-05-03T11:43:00Z,ARR,goo,0.0
50,True,True,TORONTO,OTTAWA,2025-05-03,4,Belleville,BLVL,2025-05-03T12:18:10Z,2025-05-03T12:18:00Z,ARR,goo,0.0
50,True,True,TORONTO,OTTAWA,2025-05-03,5,Kingston,KGON,2025-05-03T12:55:46Z,2025-05-03T12:57:00Z,ARR,goo,-1.0
50,True,True,TORONTO,OTTAWA,2025-05-03,6,Brockville,BRKV,2025-05-03T14:05:14Z,2025-05-03T13:54:00Z,ARR,med,11.0
50,True,True,TORONTO,OTTAWA,2025-05-03,7,Smiths Falls,SMTF,2025-05-03T14:27:19Z,2025-05-03T14:29:00Z,ARR,goo,-1.0
50,True,True,TORONTO,OTTAWA,2025-05-03,8,Fallowfield,FALL,2025-05-03T14:53:32Z,2025-05-03T15:01:00Z,ARR,goo,-7.0
50,True,True,TORONTO,OTTAWA,2025-05-03,9,Ottawa,OTTW,2025-05-03T15:11:59Z,2025-05-03T15:21:00Z,ARR,goo,-9.0
52,True,True,TORONTO,OTTAWA,2025-05-03,0,Toronto,TRTO,2025-05-03T12:32:00Z,2025-05-03T12:32:00Z,ARR,goo,0.0
52,True,True,TORONTO,OTTAWA,2025-05-03,1,Guildwood,GUIL,2025-05-03T12:48:12Z,2025-05-03T12:50:00Z,ARR,goo,-1.0
52,True,True,TORONTO,OTTAWA,2025-05-03,2,Oshawa,OSHA,2025-05-03T13:07:22Z,2025-05-03T13:09:00Z,ARR,goo,-1.0
52,True,True,TORONTO,OTTAWA,2025-05-03,3,Cobourg,CBRG,2025-05-03T13:40:42Z,2025-05-03T13:44:00Z,ARR,goo,-3.0
52,True,True,TORONTO,OTTAWA,2025-05-03,4,Belleville,BLVL,2025-05-03T14:17:46Z,2025-05-03T14:20:00Z,ARR,goo,-2.0
52,True,True,TORONTO,OTTAWA,2025-05-03,5,Kingston,KGON,2025-05-03T14:59:34Z,2025-05-03T15:00:00Z,ARR,goo,0.0
52,True,True,TORONTO,OTTAWA,2025-05-03,6,Brockville,BRKV,2025-05-03T15:45:48Z,2025-05-03T15:57:00Z,ARR,goo,-11.0
52,True,True,TORONTO,OTTAWA,2025-05-03,7,Smiths Falls,SMTF,2025-05-03T16:31:07Z,2025-05-03T16:35:00Z,ARR,goo,-3.0
52,True,True,TORONTO,OTTAWA,2025-05-03,8,Fallowfield,FALL,2025-05-03T17:06:42Z,2025-05-03T17:11:00Z,ARR,goo,-4.0
52,True,True,TORONTO,OTTAWA,2025-05-03,9,Ottawa,OTTW,2025-05-03T17:26:47Z,2025-05-03T17:32:00Z,ARR,goo,-5.0
53,True,True,OTTAWA,TORONTO,2025-05-03,0,Ottawa,OTTW,2025-05-03T15:43:00Z,2025-05-03T15:43:00Z,ARR,goo,0.0
53,True,True,OTTAWA,TORONTO,2025-05-03,1,Fallowfield,FALL,2025-05-03T15:57:31Z,2025-05-03T16:00:00Z,ARR,goo,-2.0
53,True,True,OTTAWA,TORONTO,2025-05-03,2,Brockville,BRKV,2025-05-03T16:58:32Z,2025-05-03T17:01:00Z,ARR,goo,-2.0
53,True,True,OTTAWA,TORONTO,2025-05-03,3,Gananoque,GANA,2025-05-03T17:28:23Z,2025-05-03T17:31:00Z,ARR,goo,-2.0
53,True,True,OTTAWA,TORONTO,2025-05-03,4,Kingston,KGON,2025-05-03T17:49:22Z,2025-05-03T17:54:00Z,ARR,goo,-4.0
53,True,True,OTTAWA,TORONTO,2025-05-03,5,Belleville,BLVL,2025-05-03T18:33:27Z,2025-05-03T18:36:00Z,ARR,goo,-2.0
53,True,True,OTTAWA,TORONTO,2025-05-03,6,Cobourg,CBRG,2025-05-03T19:12:42Z,2025-05-03T19:12:00Z,ARR,goo,0.0
53,True,True,OTTAWA,TORONTO,2025-05-03,7,Oshawa,OSHA,2025-05-03T19:47:47Z,2025-05-03T19:48:00Z,ARR,goo,0.0
53,True,True,OTTAWA,TORONTO,2025-05-03,8,Toronto,TRTO,2025-05-03T20:30:39Z,2025-05-03T20:33:00Z,ARR,goo,-2.0
60,True,True,TORONTO,MONTRÉAL,2025-05-03,0,Toronto,TRTO,2025-05-03T10:32:00Z,2025-05-03T10:32:00Z,ARR,goo,0.0
60,True,True,TORONTO,MONTRÉAL,2025-05-03,1,Guildwood,GUIL,2025-05-03T10:48:13Z,2025-05-03T10:50:00Z,ARR,goo,-1.0
60,True,True,TORONTO,MONTRÉAL,2025-05-03,2,Oshawa,OSHA,2025-05-03T11:07:27Z,2025-05-03T11:08:00Z,ARR,goo,0.0
60,True,True,TORONTO,MONTRÉAL,2025-05-03,3,Cobourg,CBRG,2025-05-03T11:42:35Z,2025-05-03T11:43:00Z,ARR,goo,0.0
60,True,True,TORONTO,MONTRÉAL,2025-05-03,4,Belleville,BLVL,2025-05-03T12:18:04Z,2025-05-03T12:18:00Z,ARR,goo,0.0
60,True,True,TORONTO,MONTRÉAL,2025-05-03,5,Kingston,KGON,2025-05-03T12:55:43Z,2025-05-03T12:57:00Z,ARR,goo,-1.0
60,True,True,TORONTO,MONTRÉAL,2025-05-03,6,Cornwall,CWLL,2025-05-03T14:32:14Z,2025-05-03T14:38:00Z,ARR,goo,-5.0
60,True,True,TORONTO,MONTRÉAL,2025-05-03,7,Dorval,DORV,2025-05-03T15:34:33Z,2025-05-03T15:25:00Z,ARR,med,9.0
60,True,True,TORONTO,MONTRÉAL,2025-05-03,8,Montréal,MTRL,2025-05-03T16:04:41Z,2025-05-03T15:50:00Z,ARR,med,14.0
61,True,True,MONTRÉAL,TORONTO,2025-05-03,0,Montréal,MTRL,2025-05-03T10:45:00Z,2025-05-03T10:45:00Z,ARR,goo,0.0
61,True,True,MONTRÉAL,TORONTO,2025-05-03,1,Dorval,DORV,2025-05-03T11:10:08Z,2025-05-03T11:08:00Z,ARR,goo,2.0
61,True,True,MONTRÉAL,TORONTO,2025-05-03,2,Cornwall,CWLL,2025-05-03T12:01:23Z,2025-05-03T12:01:00Z,ARR,goo,0.0
61,True,True,MONTRÉAL,TORONTO,2025-05-03,3,Kingston,KGON,2025-05-03T13:28:45Z,2025-05-03T13:29:00Z,ARR,goo,0.0
61,True,True,MONTRÉAL,TORONTO,2025-05-03,4,Belleville,BLVL,2025-05-03T14:10:26Z,2025-05-03T14:11:00Z,ARR,goo,0.0
61,True,True,MONTRÉAL,TORONTO,2025-05-03,5,Oshawa,OSHA,2025-05-03T15:20:54Z,2025-05-03T15:19:00Z,ARR,goo,1.0
61,True,True,MONTRÉAL,TORONTO,2025-05-03,6,Guildwood,GUIL,2025-05-03T15:45:20Z,2025-05-03T15:43:00Z,ARR,goo,2.0
61,True,True,MONTRÉAL,TORONTO,2025-05-03,7,Toronto,TRTO,2025-05-03T16:11:26Z,2025-05-03T16:03:00Z,ARR,med,8.0
65,True,True,MONTRÉAL,TORONTO,2025-05-03,0,Montréal,MTRL,2025-05-03T14:49:00Z,2025-05-03T14:49:00Z,ARR,goo,0.0
65,True,True,MONTRÉAL,TORONTO,2025-05-03,1,Dorval,DORV,2025-05-03T15:12:27Z,2025-05-03T15:12:00Z,ARR,goo,0.0
65,True,True,MONTRÉAL,TORONTO,2025-05-03,2,Cornwall,CWLL,2025-05-03T16:02:58Z,2025-05-03T16:06:00Z,ARR,goo,-3.0
65,True,True,MONTRÉAL,TORONTO,2025-05-03,3,Kingston,KGON,2025-05-03T17:28:07Z,2025-05-03T17:36:00Z,ARR,goo,-7.0
65,True,True,MONTRÉAL,TORONTO,2025-05-03,4,Belleville,BLVL,2025-05-03T18:17:11Z,2025-05-03T18:20:00Z,ARR,goo,-2.0
65,True,True,MONTRÉAL,TORONTO,2025-05-03,5,Cobourg,CBRG,2025-05-03T19:05:20Z,2025-05-03T18:58:00Z,ARR,med,7.0
65,True,True,MONTRÉAL,TORONTO,2025-05-03,6,Oshawa,OSHA,2025-05-03T19:38:54Z,2025-05-03T19:34:00Z,ARR,goo,4.0
65,True,True,MONTRÉAL,TORONTO,2025-05-03,7,Toronto,TRTO,2025-05-03T20:27:31Z,2025-05-03T20:18:00Z,ARR,med,9.0
64,True,True,TORONTO,MONTRÉAL,2025-05-03,0,Toronto,TRTO,2025-05-03T15:37:40Z,2025-05-03T15:37:00Z,ARR,goo,0.0
64,True,True,TORONTO,MONTRÉAL,2025-05-03,1,Guildwood,GUIL,2025-05-03T15:54:32Z,2025-05-03T15:55:00Z,ARR,goo,0.0
64,True,True,TORONTO,MONTRÉAL,2025-05-03,2,Oshawa,OSHA,2025-05-03T16:13:14Z,2025-05-03T16:09:00Z,ARR,goo,4.0
64,True,True,TORONTO,MONTRÉAL,2025-05-03,3,Cobourg,CBRG,2025-05-03T16:48:44Z,2025-05-03T16:46:00Z,ARR,goo,2.0
64,True,True,TORONTO,MONTRÉAL,2025-05-03,4,Belleville,BLVL,2025-05-03T17:24:10Z,2025-05-03T17:22:00Z,ARR,goo,2.0
64,True,True,TORONTO,MONTRÉAL,2025-05-03,5,Kingston,KGON,2025-05-03T18:00:26Z,2025-05-03T18:03:00Z,ARR,goo,-2.0
64,True,True,TORONTO,MONTRÉAL,2025-05-03,6,Brockville,BRKV,2025-05-03T18:50:11Z,2025-05-03T18:52:00Z,ARR,goo,-1.0
64,True,True,TORONTO,MONTRÉAL,2025-05-03,7,Cornwall,CWLL,2025-05-03T19:37:16Z,2025-05-03T19:42:00Z,ARR,goo,-4.0
64,True,True,TORONTO,MONTRÉAL,2025-05-03,8,Dorval,DORV,2025-05-03T20:24:53Z,2025-05-03T20:37:00Z,ARR,goo,-12.0
64,True,True,TORONTO,MONTRÉAL,2025-05-03,9,Montréal,MTRL,2025-05-03T20:50:31Z,2025-05-03T21:05:00Z,ARR,goo,-14.0
67,True,True,MONTRÉAL,TORONTO,2025-05-03,0,Montréal,MTRL,2025-05-03T17:22:00Z,2025-05-03T17:22:00Z,ARR,goo,0.0
67,True,True,MONTRÉAL,TORONTO,2025-05-03,1,Dorval,DORV,2025-05-03T17:48:00Z,2025-05-03T17:47:00Z,ARR,goo,1.0
67,True,True,MONTRÉAL,TORONTO,2025-05-03,2,Cornwall,CWLL,2025-05-03T18:37:17Z,2025-05-03T18:38:00Z,ARR,goo,0.0
67,True,True,MONTRÉAL,TORONTO,2025-05-03,3,Kingston,KGON,2025-05-03T20:07:32Z,2025-05-03T20:03:00Z,ARR,goo,4.0
67,True,True,MONTRÉAL,TORONTO,2025-05-03,4,Belleville,BLVL,2025-05-03T20:48:18Z,2025-05-03T20:42:00Z,ARR,med,6.0
67,True,True,MONTRÉAL,TORONTO,2025-05-03,5,Cobourg,CBRG,2025-05-03T21:24:05Z,2025-05-03T21:17:00Z,ARR,med,7.0
67,True,True,MONTRÉAL,TORONTO,2025-05-03,6,Oshawa,OSHA,2025-05-03T21:57:41Z,2025-05-03T21:50:00Z,ARR,med,7.0
67,True,True,MONTRÉAL,TORONTO,2025-05-03,7,Toronto,TRTO,2025-05-03T22:48:45Z,2025-05-03T22:45:00Z,ARR,goo,3.0
70,True,True,WINDSOR,TORONTO,2025-05-03,0,Windsor,WDON,2025-05-03T09:35:11Z,2025-05-03T09:35:00Z,ARR,goo,0.0
70,True,True,WINDSOR,TORONTO,2025-05-03,1,Chatham,CHAT,2025-05-03T10:24:29Z,2025-05-03T10:19:00Z,ARR,med,5.0
70,True,True,WINDSOR,TORONTO,2025-05-03,2,London,LNDN,2025-05-03T11:35:49Z,2025-05-03T11:25:00Z,ARR,med,10.0
70,True,True,WINDSOR,TORONTO,2025-05-03,3,Ingersoll,INGR,2025-05-03T11:55:00Z,2025-05-03T11:55:00Z,ARR,goo,0.0
70,True,True,WINDSOR,TORONTO,2025-05-03,4,Woodstock,WDST,2025-05-03T12:08:00Z,2025-05-03T12:08:00Z,ARR,goo,0.0
70,True,True,WINDSOR,TORONTO,2025-05-03,5,Brantford,BRTF,2025-05-03T12:44:00Z,2025-05-03T12:44:00Z,ARR,goo,0.0
70,True,True,WINDSOR,TORONTO,2025-05-03,6,Aldershot,ALDR,2025-05-03T13:20:15Z,2025-05-03T13:25:00Z,ARR,goo,-4.0
70,True,True,WINDSOR,TORONTO,2025-05-03,7,Oakville,OAKV,2025-05-03T13:44:19Z,2025-05-03T13:43:00Z,ARR,goo,1.0
70,True,True,WINDSOR,TORONTO,2025-05-03,8,Toronto,TRTO,2025-05-03T14:14:19Z,2025-05-03T14:10:00Z,ARR,goo,4.0
72,True,True,WINDSOR,TORONTO,2025-05-03,0,Windsor,WDON,2025-05-03T12:43:00Z,2025-05-03T12:43:00Z,ARR,goo,0.0
72,True,True,WINDSOR,TORONTO,2025-05-03,1,Chatham,CHAT,2025-05-03T13:28:26Z,2025-05-03T13:25:00Z,ARR,goo,3.0
72,True,True,WINDSOR,TORONTO,2025-05-03,2,Glencoe,GLNC,2025-05-03T14:12:23Z,2025-05-03T14:05:00Z,ARR,med,7.0
72,True,True,WINDSOR,TORONTO,2025-05-03,3,London,LNDN,2025-05-03T14:45:16Z,2025-05-03T14:39:00Z,ARR,med,6.0
72,True,True,WINDSOR,TORONTO,2025-05-03,4,Ingersoll,INGR,2025-05-03T15:12:22Z,2025-05-03T15:07:00Z,ARR,med,5.0
72,True,True,WINDSOR,TORONTO,2025-05-03,5,Woodstock,WDST,2025-05-03T15:24:27Z,2025-05-03T15:23:00Z,ARR,goo,1.0
72,True,True,WINDSOR,TORONTO,2025-05-03,6,Brantford,BRTF,2025-05-03T15:53:45Z,2025-05-03T15:55:00Z,ARR,goo,-1.0
72,True,True,WINDSOR,TORONTO,2025-05-03,7,Aldershot,ALDR,2025-05-03T16:25:21Z,2025-05-03T16:29:00Z,ARR,goo,-3.0
72,True,True,WINDSOR,TORONTO,2025-05-03,8,Oakville,OAKV,2025-05-03T16:44:10Z,2025-05-03T16:45:00Z,ARR,goo,0.0
72,True,True,WINDSOR,TORONTO,2025-05-03,9,Toronto,TRTO,2025-05-03T17:08:16Z,2025-05-03T17:11:00Z,ARR,goo,-2.0
73,True,True,TORONTO,WINDSOR,2025-05-03,0,Toronto,TRTO,2025-05-03T15:30:03Z,2025-05-03T15:30:00Z,ARR,goo,0.0
73,True,True,TORONTO,WINDSOR,2025-05-03,1,Oakville,OAKV,2025-05-03T15:53:56Z,2025-05-03T15:51:00Z,ARR,goo,2.0
73,True,True,TORONTO,WINDSOR,2025-05-03,2,Aldershot,ALDR,2025-05-03T16:08:51Z,2025-05-03T16:09:00Z,ARR,goo,0.0
73,True,True,TORONTO,WINDSOR,2025-05-03,3,Brantford,BRTF,2025-05-03T16:42:01Z,2025-05-03T16:40:00Z,ARR,goo,2.0
73,True,True,TORONTO,WINDSOR,2025-05-03,4,Woodstock,WDST,2025-05-03T17:10:19Z,2025-05-03T17:09:00Z,ARR,goo,1.0
73,True,True,TORONTO,WINDSOR,2025-05-03,5,London,LNDN,2025-05-03T17:42:06Z,2025-05-03T17:38:00Z,ARR,goo,4.0
73,True,True,TORONTO,WINDSOR,2025-05-03,6,Chatham,CHAT,2025-05-03T18:56:50Z,2025-05-03T18:50:00Z,ARR,med,6.0
73,True,True,TORONTO,WINDSOR,2025-05-03,7,Windsor,WDON,2025-05-03T19:44:59Z,2025-05-03T19:45:00Z,ARR,goo,0.0
71,True,True,TORONTO,WINDSOR,2025-05-03,0,Toronto,TRTO,2025-05-03T10:50:00Z,2025-05-03T10:50:00Z,ARR,goo,0.0
71,True,True,TORONTO,WINDSOR,2025-05-03,1,Oakville,OAKV,2025-05-03T11:17:19Z,2025-05-03T11:13:00Z,ARR,goo,4.0
71,True,True,TORONTO,WINDSOR,2025-05-03,2,Aldershot,ALDR,2025-05-03T11:34:58Z,2025-05-03T11:29:00Z,ARR,med,5.0
71,True,True,TORONTO,WINDSOR,2025-05-03,3,Brantford,BRTF,2025-05-03T12:18:29Z,2025-05-03T11:55:00Z,ARR,bad,23.0
71,True,True,TORONTO,WINDSOR,2025-05-03,4,Woodstock,WDST,2025-05-03T12:51:10Z,2025-05-03T12:30:00Z,ARR,bad,21.0
71,True,True,TORONTO,WINDSOR,2025-05-03,5,Ingersoll,INGR,2025-05-03T13:00:41Z,2025-05-03T12:43:00Z,ARR,bad,17.0
71,True,True,TORONTO,WINDSOR,2025-05-03,6,London,LNDN,2025-05-03T13:24:43Z,2025-05-03T13:06:00Z,ARR,bad,18.0
71,True,True,TORONTO,WINDSOR,2025-05-03,7,Glencoe,GLNC,2025-05-03T14:00:13Z,2025-05-03T13:39:00Z,ARR,bad,21.0
71,True,True,TORONTO,WINDSOR,2025-05-03,8,Chatham,CHAT,2025-05-03T14:43:53Z,2025-05-03T14:18:00Z,ARR,bad,25.0
71,True,True,TORONTO,WINDSOR,2025-05-03,9,Windsor,WDON,2025-05-03T15:32:13Z,2025-05-03T15:08:00Z,ARR,bad,24.0
82,True,True,LONDON,TORONTO,2025-05-03,0,London,LNDN,2025-05-03T10:25:00Z,2025-05-03T10:25:00Z,ARR,goo,0.0
82,True,True,LONDON,TORONTO,2025-05-03,1,Woodstock,WDST,2025-05-03T10:54:35Z,2025-05-03T10:53:00Z,ARR,goo,1.0
82,True,True,LONDON,TORONTO,2025-05-03,2,Brantford,BRTF,2025-05-03T11:23:41Z,2025-05-03T11:23:00Z,ARR,goo,0.0
82,True,True,LONDON,TORONTO,2025-05-03,3,Toronto,TRTO,2025-05-03T12:38:11Z,2025-05-03T12:35:00Z,ARR,goo,3.0
84,True,True,SARNIA,TORONTO,2025-05-03,0,Sarnia,SARN,2025-05-03T12:40:00Z,2025-05-03T12:40:00Z,ARR,goo,0.0
84,True,True,SARNIA,TORONTO,2025-05-03,1,Wyoming,WYOM,2025-05-03T12:58:18Z,2025-05-03T12:55:00Z,ARR,goo,3.0
84,True,True,SARNIA,TORONTO,2025-05-03,2,Strathroy,STRR,2025-05-03T13:25:47Z,2025-05-03T13:27:00Z,ARR,goo,-1.0
84,True,True,SARNIA,TORONTO,2025-05-03,3,London,LNDN,2025-05-03T13:49:00Z,2025-05-03T13:52:00Z,ARR,goo,-3.0
84,True,True,SARNIA,TORONTO,2025-05-03,4,St.Marys,SMYS,2025-05-03T14:45:40Z,2025-05-03T14:45:00Z,ARR,goo,0.0
84,True,True,SARNIA,TORONTO,2025-05-03,5,Stratford,STRF,2025-05-03T15:24:59Z,2025-05-03T15:14:00Z,ARR,med,10.0
84,True,True,SARNIA,TORONTO,2025-05-03,6,Kitchener,KITC,2025-05-03T16:10:21Z,2025-05-03T16:02:00Z,ARR,med,8.0
84,True,True,SARNIA,TORONTO,2025-05-03,7,Guelph,GUEL,2025-05-03T16:32:08Z,2025-05-03T16:24:00Z,ARR,med,8.0
84,True,True,SARNIA,TORONTO,2025-05-03,8,Georgetown,GEOR,2025-05-03T16:54:50Z,2025-05-03T16:47:00Z,ARR,med,7.0
84,True,True,SARNIA,TORONTO,2025-05-03,9,Brampton,BRMP,2025-05-03T17:04:58Z,2025-05-03T16:59:00Z,ARR,med,5.0
84,True,True,SARNIA,TORONTO,2025-05-03,10,Malton,MALT,2025-05-03T17:17:21Z,2025-05-03T17:11:00Z,ARR,med,6.0
84,True,True,SARNIA,TORONTO,2025-05-03,11,Toronto,TRTO,2025-05-03T17:40:22Z,2025-05-03T17:38:00Z,ARR,goo,2.0
644,True,True,TORONTO,OTTAWA,2025-05-03,0,Toronto,TRTO,2025-05-03T17:24:00Z,2025-05-03T17:22:00Z,ARR,goo,2.0
644,True,True,TORONTO,OTTAWA,2025-05-03,1,Oshawa,OSHA,2025-05-03T18:12:30Z,2025-05-03T17:53:00Z,ARR,bad,19.0
644,True,True,TORONTO,OTTAWA,2025-05-03,2,Cobourg,CBRG,2025-05-03T18:53:43Z,2025-05-03T18:28:00Z,ARR,bad,25.0
644,True,True,TORONTO,OTTAWA,2025-05-03,3,Belleville,BLVL,2025-05-03T19:40:08Z,2025-05-03T19:03:00Z,ARR,bad,37.0
644,True,True,TORONTO,OTTAWA,2025-05-03,4,Kingston,KGON,2025-05-03T20:27:28Z,2025-05-03T19:43:00Z,ARR,bad,44.0
644,True,True,TORONTO,OTTAWA,2025-05-03,5,Fallowfield,FALL,2025-05-03T22:17:58Z,2025-05-03T21:30:00Z,ARR,bad,47.0
644,True,True,TORONTO,OTTAWA,2025-05-03,6,Ottawa,OTTW,2025-05-03T22:43:44Z,2025-05-03T21:53:00Z,ARR,bad,50.0
643,True,True,OTTAWA,TORONTO,2025-05-03,0,Ottawa,OTTW,2025-05-03T12:29:00Z,2025-05-03T12:29:00Z,ARR,goo,0.0
643,True,True,OTTAWA,TORONTO,2025-05-03,1,Fallowfield,FALL,2025-05-03T12:45:55Z,2025-05-03T12:45:00Z,ARR,goo,0.0
643,True,True,OTTAWA,TORONTO,2025-05-03,2,Smiths Falls,SMTF,2025-05-03T13:16:47Z,2025-05-03T13:17:00Z,ARR,goo,0.0
643,True,True,OTTAWA,TORONTO,2025-05-03,3,Brockville,BRKV,2025-05-03T13:50:11Z,2025-05-03T13:49:00Z,ARR,goo,1.0
643,True,True,OTTAWA,TORONTO,2025-05-03,4,Kingston,KGON,2025-05-03T14:42:11Z,2025-05-03T14:32:00Z,ARR,med,10.0
643,True,True,OTTAWA,TORONTO,2025-05-03,5,Napanee,NAPN,2025-05-03T15:16:23Z,2025-05-03T14:57:00Z,ARR,bad,19.0
643,True,True,OTTAWA,TORONTO,2025-05-03,6,Belleville,BLVL,2025-05-03T15:42:00Z,2025-05-03T15:17:00Z,ARR,bad,25.0
643,True,True,OTTAWA,TORONTO,2025-05-03,7,Trenton Jct.,TRNJ,2025-05-03T15:55:59Z,2025-05-03T15:31:00Z,ARR,bad,24.0
643,True,True,OTTAWA,TORONTO,2025-05-03,8,Cobourg,CBRG,2025-05-03T16:27:42Z,2025-05-03T15:57:00Z,ARR,bad,30.0
643,True,True,OTTAWA,TORONTO,2025-05-03,9,Port Hope,PHOP,2025-05-03T16:38:19Z,2025-05-03T16:07:00Z,ARR,bad,31.0
643,True,True,OTTAWA,TORONTO,2025-05-03,10,Oshawa,OSHA,2025-05-03T17:14:09Z,2025-05-03T16:35:00Z,ARR,bad,39.0
643,True,True,OTTAWA,TORONTO,2025-05-03,11,Guildwood,GUIL,2025-05-03T17:42:52Z,2025-05-03T16:58:00Z,ARR,bad,44.0
643,True,True,OTTAWA,TORONTO,2025-05-03,12,Toronto,TRTO,2025-05-03T18:06:16Z,2025-05-03T17:18:00Z,ARR,bad,48.0
62,True,True,TORONTO,MONTRÉAL,2025-05-03,0,Toronto,TRTO,2025-05-03T12:32:00Z,2025-05-03T12:32:00Z,ARR,goo,0.0
62,True,True,TORONTO,MONTRÉAL,2025-05-03,1,Guildwood,GUIL,2025-05-03T12:48:05Z,2025-05-03T12:50:00Z,ARR,goo,-1.0
62,True,True,TORONTO,MONTRÉAL,2025-05-03,2,Oshawa,OSHA,2025-05-03T13:07:17Z,2025-05-03T13:09:00Z,ARR,goo,-1.0
62,True,True,TORONTO,MONTRÉAL,2025-05-03,3,Cobourg,CBRG,2025-05-03T13:40:39Z,2025-05-03T13:44:00Z,ARR,goo,-3.0
62,True,True,TORONTO,MONTRÉAL,2025-05-03,4,Belleville,BLVL,2025-05-03T14:17:40Z,2025-05-03T14:20:00Z,ARR,goo,-2.0
62,True,True,TORONTO,MONTRÉAL,2025-05-03,5,Kingston,KGON,2025-05-03T14:59:30Z,2025-05-03T15:00:00Z,ARR,goo,0.0
62,True,True,TORONTO,MONTRÉAL,2025-05-03,6,Cornwall,CWLL,2025-05-03T16:33:19Z,2025-05-03T16:43:00Z,ARR,goo,-9.0
62,True,True,TORONTO,MONTRÉAL,2025-05-03,7,Dorval,DORV,2025-05-03T17:33:49Z,2025-05-03T17:34:00Z,ARR,goo,0.0
62,True,True,TORONTO,MONTRÉAL,2025-05-03,8,Montréal,MTRL,2025-05-03T17:58:52Z,2025-05-03T18:00:00Z,ARR,goo,-1.0
97,True,True,TORONTO,NIAGARA FALLS,2025-05-03,0,Toronto,TRTO,2025-05-03T12:20:00Z,2025-05-03T12:20:00Z,ARR,goo,0.0
97,True,True,TORONTO,NIAGARA FALLS,2025-05-03,1,Oakville,OAKV,2025-05-03T12:43:00Z,2025-05-03T12:43:00Z,ARR,goo,0.0
97,True,True,TORONTO,NIAGARA FALLS,2025-05-03,2,Aldershot,ALDR,2025-05-03T12:56:00Z,2025-05-03T12:56:00Z,ARR,goo,0.0
97,True,True,TORONTO,NIAGARA FALLS,2025-05-03,3,Grimsby,GRIM,2025-05-03T13:37:00Z,2025-05-03T13:37:00Z,ARR,goo,0.0
97,True,True,TORONTO,NIAGARA FALLS,2025-05-03,4,St. Catharines,SCAT,2025-05-03T13:57:00Z,2025-05-03T13:57:00Z,ARR,goo,0.0
97,True,True,TORONTO,NIAGARA FALLS,2025-05-03,5,Niagara Falls,NIAG,2025-05-03T14:20:00Z,2025-05-03T14:20:00Z,ARR,goo,0.0
633,True,True,MONTRÉAL,OTTAWA,2025-05-03,0,Montréal,MTRL,2025-05-03T13:00:07Z,2025-05-03T13:00:00Z,ARR,goo,0.0
633,True,True,MONTRÉAL,OTTAWA,2025-05-03,1,Dorval,DORV,2025-05-03T13:22:53Z,2025-05-03T13:24:00Z,ARR,goo,-1.0
633,True,True,MONTRÉAL,OTTAWA,2025-05-03,2,Alexandria,ALEX,2025-05-03T14:12:21Z,2025-05-03T14:11:00Z,ARR,goo,1.0
633,True,True,MONTRÉAL,OTTAWA,2025-05-03,3,Casselman,CSLM,2025-05-03T14:43:38Z,2025-05-03T14:34:00Z,ARR,med,9.0
633,True,True,MONTRÉAL,OTTAWA,2025-05-03,4,Ottawa,OTTW,2025-05-03T15:09:59Z,2025-05-03T15:05:00Z,ARR,goo,4.0
622,True,True,MONTRÉAL,QUÉBEC,2025-05-03,0,Montréal,MTRL,2025-05-03T12:20:00Z,2025-05-03T12:20:00Z,ARR,goo,0.0
622,True,True,MONTRÉAL,QUÉBEC,2025-05-03,1,St. Lambert,SLAM,2025-05-03T12:33:54Z,2025-05-03T12:33:00Z,ARR,goo,0.0
622,True,True,MONTRÉAL,QUÉBEC,2025-05-03,2,St. Hyacinthe,SHYA,2025-05-03T13:06:12Z,2025-05-03T13:00:00Z,ARR,med,6.0
622,True,True,MONTRÉAL,QUÉBEC,2025-05-03,3,Drummondville,DRMV,2025-05-03T13:41:19Z,2025-05-03T13:29:00Z,ARR,med,12.0
622,True,True,MONTRÉAL,QUÉBEC,2025-05-03,4,Ste-Foy,SFOY,2025-05-03T15:22:49Z,2025-05-03T15:11:00Z,ARR,med,11.0
622,True,True,MONTRÉAL,QUÉBEC,2025-05-03,5,Québec,QBEC,2025-05-03T15:50:47Z,2025-05-03T15:39:00Z,ARR,med,11.0
185,True,True,SUDBURY,WHITE RIVER,2025-05-03,0,Sudbury,SUDB,2025-05-03T13:00:00Z,2025-05-03T13:00:00Z,ARR,goo,0.0
185,True,True,SUDBURY,WHITE RIVER,2025-05-03,1,Azilda,AZIL,2025-05-03T13:16:52Z,2025-05-03T13:10:00Z,ARR,med,6.0
185,True,True,SUDBURY,WHITE RIVER,2025-05-03,2,Chelmsford,CHEL,2025-05-03T13:19:46Z,2025-05-03T13:15:00Z,ARR,goo,4.0
185,True,True,SUDBURY,WHITE RIVER,2025-05-03,3,Larchwood,LARC,2025-05-03T13:23:31Z,2025-05-03T13:19:00Z,ARR,goo,4.0
185,True,True,SUDBURY,WHITE RIVER,2025-05-03,4,Levack,LEVA,2025-05-03T13:33:07Z,2025-05-03T13:30:00Z,ARR,goo,3.0
185,True,True,SUDBURY,WHITE RIVER,2025-05-03,5,Cartier,CART,2025-05-03T13:46:06Z,2025-05-03T13:45:00Z,ARR,goo,1.0
185,True,True,SUDBURY,WHITE RIVER,2025-05-03,6,Benny,BENN,2025-05-03T14:04:22Z,2025-05-03T14:05:00Z,ARR,goo,0.0
185,True,True,SUDBURY,WHITE RIVER,2025-05-03,7,Stralak,STRL,2025-05-03T14:08:44Z,2025-05-03T14:12:00Z,ARR,goo,-3.0
185,True,True,SUDBURY,WHITE RIVER,2025-05-03,8,Pogamasing,POGA,2025-05-03T14:19:58Z,2025-05-03T14:25:00Z,ARR,goo,-5.0
185,True,True,SUDBURY,WHITE RIVER,2025-05-03,9,Sheahan,SHEA,2025-05-03T14:24:44Z,2025-05-03T14:30:00Z,ARR,goo,-5.0
185,True,True,SUDBURY,WHITE RIVER,2025-05-03,10,Forks,FRKS,2025-05-03T14:33:34Z,2025-05-03T14:40:00Z,ARR,goo,-6.0
185,True,True,SUDBURY,WHITE RIVER,2025-05-03,11,Metagama,MTGM,2025-05-03T14:50:00Z,2025-05-03T14:50:00Z,ARR,goo,0.0
185,True,True,SUDBURY,WHITE RIVER,2025-05-03,12,Sinker,SNKR,2025-05-03T14:55:00Z,2025-05-03T14:55:00Z,ARR,goo,0.0
185,True,True,SUDBURY,WHITE RIVER,2025-05-03,13,Biscotasing,BISC,2025-05-03T15:24:57Z,2025-05-03T15:20:00Z,ARR,goo,4.0
185,True,True,SUDBURY,WHITE RIVER,2025-05-03,14,Roberts,RBRT,2025-05-03T15:34:57Z,2025-05-03T15:30:00Z,ARR,goo,4.0
185,True,True,SUDBURY,WHITE RIVER,2025-05-03,15,Ramsey,RAMS,2025-05-03T15:49:57Z,2025-05-03T15:45:00Z,ARR,goo,4.0
185,True,True,SUDBURY,WHITE RIVER,2025-05-03,16,Woman River,WOMR,2025-05-03T16:09:57Z,2025-05-03T16:05:00Z,ARR,goo,4.0
185,True,True,SUDBURY,WHITE RIVER,2025-05-03,17,Sultan,SULT,2025-05-03T16:24:57Z,2025-05-03T16:20:00Z,ARR,goo,4.0
185,True,True,SUDBURY,WHITE RIVER,2025-05-03,18,Kormak,KORM,2025-05-03T16:39:57Z,2025-05-03T16:35:00Z,ARR,goo,4.0
185,True,True,SUDBURY,WHITE RIVER,2025-05-03,19,Kinogama,KINO,2025-05-03T16:44:57Z,2025-05-03T16:40:00Z,ARR,goo,4.0
185,True,True,SUDBURY,WHITE RIVER,2025-05-03,20,Nemegos,NEME,2025-05-03T17:08:35Z,2025-05-03T16:55:00Z,ARR,med,13.0
185,True,True,SUDBURY,WHITE RIVER,2025-05-03,21,Devon,DEVN,2025-05-03T17:20:12Z,2025-05-03T17:05:00Z,ARR,bad,15.0
185,True,True,SUDBURY,WHITE RIVER,2025-05-03,22,Chapleau,CHAP,2025-05-03T17:50:40Z,2025-05-03T17:20:00Z,ARR,bad,30.0
185,True,True,SUDBURY,WHITE RIVER,2025-05-03,23,Esher,ESHR,2025-05-03T18:06:31Z,2025-05-03T17:50:00Z,ARR,bad,16.0
185,True,True,SUDBURY,WHITE RIVER,2025-05-03,24,Musk,MUSK,2025-05-03T18:16:46Z,2025-05-03T18:00:00Z,ARR,bad,16.0
185,True,True,SUDBURY,WHITE RIVER,2025-05-03,25,Nicholson,NICH,2025-05-03T18:22:22Z,2025-05-03T18:10:00Z,ARR,med,12.0
185,True,True,SUDBURY,WHITE RIVER,2025-05-03,26,Bolkow,BOLK,2025-05-03T18:40:06Z,2025-05-03T18:30:00Z,ARR,med,10.0
185,True,True,SUDBURY,WHITE RIVER,2025-05-03,27,Dalton,DALT,2025-05-03T18:55:06Z,2025-05-03T18:45:00Z,ARR,med,10.0
185,True,True,SUDBURY,WHITE RIVER,2025-05-03,28,Missanabie,MSBI,2025-05-03T19:20:06Z,2025-05-03T19:10:00Z,ARR,med,10.0
185,True,True,SUDBURY,WHITE RIVER,2025-05-03,29,Lochalsh,LOCH,2025-05-03T19:40:06Z,2025-05-03T19:30:00Z,ARR,med,10.0
185,True,True,SUDBURY,WHITE RIVER,2025-05-03,30,Franz,FRNZ,2025-05-03T20:07:21Z,2025-05-03T19:50:00Z,ARR,bad,17.0
185,True,True,SUDBURY,WHITE RIVER,2025-05-03,31,Swanson,SWAN,2025-05-03T20:18:27Z,2025-05-03T20:00:00Z,ARR,bad,18.0
185,True,True,SUDBURY,WHITE RIVER,2025-05-03,32,Girdwood,GIRD,2025-05-03T20:41:50Z,2025-05-03T20:25:00Z,ARR,bad,16.0
185,True,True,SUDBURY,WHITE RIVER,2025-05-03,33,Amyot,AMYO,2025-05-03T20:46:42Z,2025-05-03T20:35:00Z,ARR,med,11.0
185,True,True,SUDBURY,WHITE RIVER,2025-05-03,34,O'Brien,OBRI,2025-05-03T20:59:55Z,2025-05-03T20:50:00Z,ARR,med,9.0
185,True,True,SUDBURY,WHITE RIVER,2025-05-03,35,White River,WHTR,2025-05-03T21:18:14Z,2025-05-03T21:05:00Z,ARR,med,13.0
637,True,True,QUÉBEC,OTTAWA,2025-05-03,0,Québec,QBEC,2025-05-03T14:00:00Z,2025-05-03T14:00:00Z,ARR,goo,0.0
637,True,True,QUÉBEC,OTTAWA,2025-05-03,1,Ste-Foy,SFOY,2025-05-03T14:27:12Z,2025-05-03T14:25:00Z,ARR,goo,2.0
637,True,True,QUÉBEC,OTTAWA,2025-05-03,2,Drummondville,DRMV,2025-05-03T16:29:59Z,2025-05-03T16:08:00Z,ARR,bad,21.0
637,True,True,QUÉBEC,OTTAWA,2025-05-03,3,St. Lambert,SLAM,2025-05-03T17:49:04Z,2025-05-03T17:16:00Z,ARR,bad,33.0
637,True,True,QUÉBEC,OTTAWA,2025-05-03,4,Montréal,MTRL,2025-05-03T18:05:13Z,2025-05-03T17:31:00Z,ARR,bad,34.0
637,True,True,QUÉBEC,OTTAWA,2025-05-03,5,Dorval,DORV,2025-05-03T18:52:01Z,2025-05-03T18:20:00Z,ARR,bad,32.0
637,True,True,QUÉBEC,OTTAWA,2025-05-03,6,Alexandria,ALEX,2025-05-03T19:48:20Z,2025-05-03T19:10:00Z,ARR,bad,38.0
637,True,True,QUÉBEC,OTTAWA,2025-05-03,7,Ottawa,OTTW,2025-05-03T20:43:23Z,2025-05-03T19:56:00Z,ARR,bad,47.0
624,True,True,OTTAWA,QUÉBEC,2025-05-03,0,Ottawa,OTTW,2025-05-03T11:45:00Z,2025-05-03T11:45:00Z,ARR,goo,0.0
624,True,True,OTTAWA,QUÉBEC,2025-05-03,1,Alexandria,ALEX,2025-05-03T12:26:17Z,2025-05-03T12:31:00Z,ARR,goo,-4.0
624,True,True,OTTAWA,QUÉBEC,2025-05-03,2,Dorval,DORV,2025-05-03T13:13:46Z,2025-05-03T13:16:00Z,ARR,goo,-2.0
624,True,True,OTTAWA,QUÉBEC,2025-05-03,3,Montréal,MTRL,2025-05-03T13:36:56Z,2025-05-03T13:39:00Z,ARR,goo,-2.0
624,True,True,OTTAWA,QUÉBEC,2025-05-03,4,St. Lambert,SLAM,2025-05-03T14:28:00Z,2025-05-03T14:28:00Z,ARR,goo,0.0
624,True,True,OTTAWA,QUÉBEC,2025-05-03,5,St. Hyacinthe,SHYA,2025-05-03T15:07:27Z,2025-05-03T15:06:00Z,ARR,goo,1.0
624,True,True,OTTAWA,QUÉBEC,2025-05-03,6,Drummondville,DRMV,2025-05-03T15:51:54Z,2025-05-03T15:34:00Z,ARR,bad,17.0
624,True,True,OTTAWA,QUÉBEC,2025-05-03,7,Charny,CHNY,2025-05-03T17:45:56Z,2025-05-03T17:13:00Z,ARR,bad,32.0
624,True,True,OTTAWA,QUÉBEC,2025-05-03,8,Ste-Foy,SFOY,2025-05-03T17:53:55Z,2025-05-03T17:20:00Z,ARR,bad,33.0
624,True,True,OTTAWA,QUÉBEC,2025-05-03,9,Québec,QBEC,2025-05-03T18:21:51Z,2025-05-03T17:48:00Z,ARR,bad,33.0
40,True,True,TORONTO,OTTAWA,2025-05-03,0,Toronto,TRTO,2025-05-03T14:37:00Z,2025-05-03T14:37:00Z,ARR,goo,0.0
40,True,True,TORONTO,OTTAWA,2025-05-03,1,Belleville,BLVL,2025-05-03T16:10:38Z,2025-05-03T16:09:00Z,ARR,goo,1.0
40,True,True,TORONTO,OTTAWA,2025-05-03,2,Kingston,KGON,2025-05-03T16:47:01Z,2025-05-03T16:48:00Z,ARR,goo,0.0
40,True,True,TORONTO,OTTAWA,2025-05-03,3,Fallowfield,FALL,2025-05-03T18:26:55Z,2025-05-03T18:38:00Z,ARR,goo,-11.0
40,True,True,TORONTO,OTTAWA,2025-05-03,4,Ottawa,OTTW,2025-05-03T18:53:16Z,2025-05-03T19:02:00Z,ARR,goo,-8.0
47,True,True,OTTAWA,TORONTO,2025-05-03,0,Ottawa,OTTW,2025-05-03T16:23:00Z,2025-05-03T16:23:00Z,ARR,goo,0.0
47,True,True,OTTAWA,TORONTO,2025-05-03,1,Fallowfield,FALL,2025-05-03T16:38:03Z,2025-05-03T16:40:00Z,ARR,goo,-1.0
47,True,True,OTTAWA,TORONTO,2025-05-03,2,Smiths Falls,SMTF,2025-05-03T17:14:30Z,2025-05-03T17:18:00Z,ARR,goo,-3.0
47,True,True,OTTAWA,TORONTO,2025-05-03,3,Brockville,BRKV,2025-05-03T17:55:43Z,2025-05-03T17:54:00Z,ARR,goo,1.0
47,True,True,OTTAWA,TORONTO,2025-05-03,4,Gananoque,GANA,2025-05-03T18:20:23Z,2025-05-03T18:22:00Z,ARR,goo,-1.0
47,True,True,OTTAWA,TORONTO,2025-05-03,5,Kingston,KGON,2025-05-03T18:40:56Z,2025-05-03T18:45:00Z,ARR,goo,-4.0
47,True,True,OTTAWA,TORONTO,2025-05-03,6,Belleville,BLVL,2025-05-03T19:23:59Z,2025-05-03T19:26:00Z,ARR,goo,-2.0
47,True,True,OTTAWA,TORONTO,2025-05-03,7,Oshawa,OSHA,2025-05-03T20:49:51Z,2025-05-03T20:33:00Z,ARR,bad,16.0
47,True,True,OTTAWA,TORONTO,2025-05-03,8,Guildwood,GUIL,2025-05-03T21:12:36Z,2025-05-03T20:58:00Z,ARR,med,14.0
47,True,True,OTTAWA,TORONTO,2025-05-03,9,Toronto,TRTO,2025-05-03T21:32:24Z,2025-05-03T21:30:00Z,ARR,goo,2.0
35,True,True,QUÉBEC,OTTAWA,2025-05-03,0,Québec,QBEC,2025-05-03T12:06:00Z,2025-05-03T12:06:00Z,ARR,goo,0.0
35,True,True,QUÉBEC,OTTAWA,2025-05-03,1,Ste-Foy,SFOY,2025-05-03T12:31:59Z,2025-05-03T12:31:00Z,ARR,goo,0.0
35,True,True,QUÉBEC,OTTAWA,2025-05-03,2,Charny,CHNY,2025-05-03T12:43:15Z,2025-05-03T12:40:00Z,ARR,goo,3.0
35,True,True,QUÉBEC,OTTAWA,2025-05-03,3,Drummondville,DRMV,2025-05-03T14:18:39Z,2025-05-03T14:14:00Z,ARR,goo,4.0
35,True,True,QUÉBEC,OTTAWA,2025-05-03,4,St. Hyacinthe,SHYA,2025-05-03T15:02:53Z,2025-05-03T14:44:00Z,ARR,bad,18.0
35,True,True,QUÉBEC,OTTAWA,2025-05-03,5,St. Lambert,SLAM,2025-05-03T15:35:39Z,2025-05-03T15:11:00Z,ARR,bad,24.0
35,True,True,QUÉBEC,OTTAWA,2025-05-03,6,Montréal,MTRL,2025-05-03T15:50:45Z,2025-05-03T15:26:00Z,ARR,bad,24.0
35,True,True,QUÉBEC,OTTAWA,2025-05-03,7,Dorval,DORV,2025-05-03T16:35:00Z,2025-05-03T16:18:00Z,ARR,bad,17.0
35,True,True,QUÉBEC,OTTAWA,2025-05-03,8,Coteau,COTO,2025-05-03T17:09:18Z,2025-05-03T16:46:00Z,ARR,bad,23.0
35,True,True,QUÉBEC,OTTAWA,2025-05-03,9,Alexandria,ALEX,2025-05-03T17:34:10Z,2025-05-03T17:08:00Z,ARR,bad,26.0
35,True,True,QUÉBEC,OTTAWA,2025-05-03,10,Casselman,CSLM,2025-05-03T17:55:37Z,2025-05-03T17:31:00Z,ARR,bad,24.0
35,True,True,QUÉBEC,OTTAWA,2025-05-03,11,Ottawa,OTTW,2025-05-03T18:21:16Z,2025-05-03T17:58:00Z,ARR,bad,23.0
63,True,True,MONTRÉAL,TORONTO,2025-05-03,0,Montréal,MTRL,2025-05-03T12:46:33Z,2025-05-03T12:46:00Z,ARR,goo,0.0
63,True,True,MONTRÉAL,TORONTO,2025-05-03,1,Dorval,DORV,2025-05-03T13:13:07Z,2025-05-03T13:11:00Z,ARR,goo,2.0
63,True,True,MONTRÉAL,TORONTO,2025-05-03,2,Cornwall,CWLL,2025-05-03T14:03:13Z,2025-05-03T14:04:00Z,ARR,goo,0.0
63,True,True,MONTRÉAL,TORONTO,2025-05-03,3,Brockville,BRKV,2025-05-03T14:51:25Z,2025-05-03T14:54:00Z,ARR,goo,-2.0
63,True,True,MONTRÉAL,TORONTO,2025-05-03,4,Kingston,KGON,2025-05-03T15:38:46Z,2025-05-03T15:39:00Z,ARR,goo,0.0
63,True,True,MONTRÉAL,TORONTO,2025-05-03,5,Belleville,BLVL,2025-05-03T16:18:29Z,2025-05-03T16:20:00Z,ARR,goo,-1.0
63,True,True,MONTRÉAL,TORONTO,2025-05-03,6,Cobourg,CBRG,2025-05-03T16:56:45Z,2025-05-03T16:58:00Z,ARR,goo,-1.0
63,True,True,MONTRÉAL,TORONTO,2025-05-03,7,Oshawa,OSHA,2025-05-03T17:31:21Z,2025-05-03T17:34:00Z,ARR,goo,-2.0
63,True,True,MONTRÉAL,TORONTO,2025-05-03,8,Guildwood,GUIL,2025-05-03T17:52:29Z,2025-05-03T17:58:00Z,ARR,goo,-5.0
63,True,True,MONTRÉAL,TORONTO,2025-05-03,9,Toronto,TRTO,2025-05-03T18:14:38Z,2025-05-03T18:18:00Z,ARR,goo,-3.0
76,True,True,WINDSOR,TORONTO,2025-05-03,0,Windsor,WDON,2025-05-03T17:46:00Z,2025-05-03T17:46:00Z,ARR,goo,0.0
76,True,True,WINDSOR,TORONTO,2025-05-03,1,Chatham,CHAT,2025-05-03T18:31:21Z,2025-05-03T18:28:00Z,ARR,goo,3.0
76,True,True,WINDSOR,TORONTO,2025-05-03,2,Glencoe,GLNC,2025-05-03T19:13:49Z,2025-05-03T19:03:00Z,ARR,med,10.0
76,True,True,WINDSOR,TORONTO,2025-05-03,3,London,LNDN,2025-05-03T19:44:35Z,2025-05-03T19:38:00Z,ARR,med,6.0
76,True,True,WINDSOR,TORONTO,2025-05-03,4,Brantford,BRTF,2025-05-03T20:44:59Z,2025-05-03T20:39:00Z,ARR,med,5.0
76,True,True,WINDSOR,TORONTO,2025-05-03,5,Aldershot,ALDR,2025-05-03T21:15:35Z,2025-05-03T21:10:00Z,ARR,med,5.0
76,True,True,WINDSOR,TORONTO,2025-05-03,6,Oakville,OAKV,2025-05-03T21:31:54Z,2025-05-03T21:27:00Z,ARR,goo,4.0
76,True,True,WINDSOR,TORONTO,2025-05-03,7,Toronto,TRTO,2025-05-03T22:00:27Z,2025-05-03T21:53:00Z,ARR,med,7.0
645,True,True,OTTAWA,TORONTO,2025-05-03,0,Ottawa,OTTW,2025-05-03T18:29:00Z,2025-05-03T18:29:00Z,ARR,goo,0.0
645,True,True,OTTAWA,TORONTO,2025-05-03,1,Fallowfield,FALL,2025-05-03T18:47:57Z,2025-05-03T18:49:00Z,ARR,goo,-1.0
645,True,True,OTTAWA,TORONTO,2025-05-03,2,Kingston,KGON,2025-05-03T20:39:01Z,2025-05-03T20:34:00Z,ARR,med,5.0
645,True,True,OTTAWA,TORONTO,2025-05-03,3,Belleville,BLVL,2025-05-03T21:27:55Z,2025-05-03T21:15:00Z,ARR,med,12.0
645,True,True,OTTAWA,TORONTO,2025-05-03,4,Oshawa,OSHA,2025-05-03T22:54:15Z,2025-05-03T22:20:00Z,ARR,bad,34.0
645,True,True,OTTAWA,TORONTO,2025-05-03,5,Toronto,TRTO,2025-05-03T23:31:44Z,2025-05-03T23:15:00Z,ARR,bad,16.0
26,True,True,OTTAWA,QUÉBEC,2025-05-03,0,Ottawa,OTTW,2025-05-03T18:17:01Z,2025-05-03T18:17:00Z,ARR,goo,0.0
26,True,True,OTTAWA,QUÉBEC,2025-05-03,1,Alexandria,ALEX,2025-05-03T19:01:52Z,2025-05-03T19:03:00Z,ARR,goo,-1.0
26,True,True,OTTAWA,QUÉBEC,2025-05-03,2,Coteau,COTO,2025-05-03T19:27:22Z,2025-05-03T19:26:00Z,ARR,goo,1.0
26,True,True,OTTAWA,QUÉBEC,2025-05-03,3,Dorval,DORV,2025-05-03T19:56:18Z,2025-05-03T19:49:00Z,ARR,med,7.0
26,True,True,OTTAWA,QUÉBEC,2025-05-03,4,Montréal,MTRL,2025-05-03T20:21:55Z,2025-05-03T20:15:00Z,ARR,med,6.0
26,True,True,OTTAWA,QUÉBEC,2025-05-03,5,St. Lambert,SLAM,2025-05-03T20:57:45Z,2025-05-03T20:53:00Z,ARR,goo,4.0
26,True,True,OTTAWA,QUÉBEC,2025-05-03,6,St. Hyacinthe,SHYA,2025-05-03T21:30:44Z,2025-05-03T21:20:00Z,ARR,med,10.0
26,True,True,OTTAWA,QUÉBEC,2025-05-03,7,Drummondville,DRMV,2025-05-03T22:25:50Z,2025-05-03T22:05:00Z,ARR,bad,20.0
26,True,True,OTTAWA,QUÉBEC,2025-05-03,8,Charny,CHNY,2025-05-04T00:02:29Z,2025-05-03T23:44:00Z,ARR,bad,18.0
26,True,True,OTTAWA,QUÉBEC,2025-05-03,9,Ste-Foy,SFOY,2025-05-04T00:10:36Z,2025-05-03T23:52:00Z,ARR,bad,18.0
26,True,True,OTTAWA,QUÉBEC,2025-05-03,10,Québec,QBEC,2025-05-04T00:38:56Z,2025-05-04T00:19:00Z,ARR,bad,19.0
39,True,True,QUÉBEC,OTTAWA,2025-05-03,0,Québec,QBEC,2025-05-03T18:57:00Z,2025-05-03T18:57:00Z,ARR,goo,0.0
39,True,True,QUÉBEC,OTTAWA,2025-05-03,1,Ste-Foy,SFOY,2025-05-03T19:23:38Z,2025-05-03T19:22:00Z,ARR,goo,1.0
39,True,True,QUÉBEC,OTTAWA,2025-05-03,2,Drummondville,DRMV,2025-05-03T21:01:01Z,2025-05-03T20:58:00Z,ARR,goo,3.0
39,True,True,QUÉBEC,OTTAWA,2025-05-03,3,St. Lambert,SLAM,2025-05-03T22:12:28Z,2025-05-03T21:57:00Z,ARR,bad,15.0
39,True,True,QUÉBEC,OTTAWA,2025-05-03,4,Montréal,MTRL,2025-05-03T22:27:37Z,2025-05-03T22:11:00Z,ARR,bad,16.0
39,True,True,QUÉBEC,OTTAWA,2025-05-03,5,Dorval,DORV,2025-05-03T23:14:00Z,2025-05-03T23:14:00Z,ARR,goo,0.0
39,True,True,QUÉBEC,OTTAWA,2025-05-03,6,Coteau,COTO,2025-05-03T23:43:00Z,2025-05-03T23:43:00Z,ARR,goo,0.0
39,True,True,QUÉBEC,OTTAWA,2025-05-03,7,Alexandria,ALEX,2025-05-04T00:06:00Z,2025-05-04T00:06:00Z,ARR,goo,0.0
39,True,True,QUÉBEC,OTTAWA,2025-05-03,8,Ottawa,OTTW,2025-05-04T00:51:00Z,2025-05-04T00:51:00Z,ARR,goo,0.0
66,True,True,TORONTO,MONTRÉAL,2025-05-03,0,Toronto,TRTO,2025-05-03T19:25:02Z,2025-05-03T19:22:00Z,ARR,goo,3.0
66,True,True,TORONTO,MONTRÉAL,2025-05-03,1,Guildwood,GUIL,2025-05-03T19:43:20Z,2025-05-03T19:40:00Z,ARR,goo,3.0
66,True,True,TORONTO,MONTRÉAL,2025-05-03,2,Oshawa,OSHA,2025-05-03T20:04:03Z,2025-05-03T19:54:00Z,ARR,med,10.0
66,True,True,TORONTO,MONTRÉAL,2025-05-03,3,Belleville,BLVL,2025-05-03T21:07:15Z,2025-05-03T21:00:00Z,ARR,med,7.0
66,True,True,TORONTO,MONTRÉAL,2025-05-03,4,Kingston,KGON,2025-05-03T21:45:06Z,2025-05-03T21:40:00Z,ARR,med,5.0
66,True,True,TORONTO,MONTRÉAL,2025-05-03,5,Cornwall,CWLL,2025-05-03T23:06:26Z,2025-05-03T23:07:00Z,ARR,goo,0.0
66,True,True,TORONTO,MONTRÉAL,2025-05-03,6,Dorval,DORV,2025-05-03T23:59:37Z,2025-05-03T23:58:00Z,ARR,goo,1.0
66,True,True,TORONTO,MONTRÉAL,2025-05-03,7,Montréal,MTRL,2025-05-04T00:27:47Z,2025-05-04T00:25:00Z,ARR,goo,2.0
46,True,True,TORONTO,OTTAWA,2025-05-03,0,Toronto,TRTO,2025-05-03T19:37:05Z,2025-05-03T19:37:00Z,ARR,goo,0.0
46,True,True,TORONTO,OTTAWA,2025-05-03,1,Oshawa,OSHA,2025-05-03T20:12:39Z,2025-05-03T20:09:00Z,ARR,goo,3.0
46,True,True,TORONTO,OTTAWA,2025-05-03,2,Cobourg,CBRG,2025-05-03T20:43:55Z,2025-05-03T20:43:00Z,ARR,goo,0.0
46,True,True,TORONTO,OTTAWA,2025-05-03,3,Kingston,KGON,2025-05-03T21:54:34Z,2025-05-03T21:54:00Z,ARR,goo,0.0
46,True,True,TORONTO,OTTAWA,2025-05-03,4,Brockville,BRKV,2025-05-03T22:38:16Z,2025-05-03T22:40:00Z,ARR,goo,-1.0
46,True,True,TORONTO,OTTAWA,2025-05-03,5,Fallowfield,FALL,2025-05-03T23:39:05Z,2025-05-03T23:40:00Z,ARR,goo,0.0
46,True,True,TORONTO,OTTAWA,2025-05-03,6,Ottawa,OTTW,2025-05-03T23:59:16Z,2025-05-04T00:00:00Z,ARR,goo,0.0
28,True,True,OTTAWA,QUÉBEC,2025-05-03,0,Ottawa,OTTW,2025-05-03T20:05:00Z,2025-05-03T20:05:00Z,ARR,goo,0.0
28,True,True,OTTAWA,QUÉBEC,2025-05-03,1,Casselman,CSLM,2025-05-03T20:29:32Z,2025-05-03T20:31:00Z,ARR,goo,-1.0
28,True,True,OTTAWA,QUÉBEC,2025-05-03,2,Alexandria,ALEX,2025-05-03T20:51:24Z,2025-05-03T20:53:00Z,ARR,goo,-1.0
28,True,True,OTTAWA,QUÉBEC,2025-05-03,3,Coteau,COTO,2025-05-03T21:14:58Z,2025-05-03T21:15:00Z,ARR,goo,0.0
28,True,True,OTTAWA,QUÉBEC,2025-05-03,4,Dorval,DORV,2025-05-03T21:47:47Z,2025-05-03T21:38:00Z,ARR,med,9.0
28,True,True,OTTAWA,QUÉBEC,2025-05-03,5,Montréal,MTRL,2025-05-03T22:13:12Z,2025-05-03T22:04:00Z,ARR,med,9.0
28,True,True,OTTAWA,QUÉBEC,2025-05-03,6,St. Lambert,SLAM,2025-05-03T22:43:00Z,2025-05-03T22:38:00Z,ARR,med,5.0
28,True,True,OTTAWA,QUÉBEC,2025-05-03,7,St. Hyacinthe,SHYA,2025-05-03T23:11:00Z,2025-05-03T23:06:00Z,ARR,med,5.0
28,True,True,OTTAWA,QUÉBEC,2025-05-03,8,Drummondville,DRMV,2025-05-03T23:57:00Z,2025-05-03T23:52:00Z,ARR,med,5.0
28,True,True,OTTAWA,QUÉBEC,2025-05-03,9,Charny,CHNY,2025-05-04T01:19:00Z,2025-05-04T01:14:00Z,ARR,med,5.0
28,True,True,OTTAWA,QUÉBEC,2025-05-03,10,Ste-Foy,SFOY,2025-05-04T01:26:00Z,2025-05-04T01:21:00Z,ARR,med,5.0
28,True,True,OTTAWA,QUÉBEC,2025-05-03,11,Québec,QBEC,2025-05-04T01:53:00Z,2025-05-04T01:48:00Z,ARR,med,5.0
69,True,True,MONTRÉAL,TORONTO,2025-05-03,0,Montréal,MTRL,2025-05-03T20:38:00Z,2025-05-03T20:38:00Z,ARR,goo,0.0
69,True,True,MONTRÉAL,TORONTO,2025-05-03,1,Dorval,DORV,2025-05-03T21:00:37Z,2025-05-03T21:04:00Z,ARR,goo,-3.0
69,True,True,MONTRÉAL,TORONTO,2025-05-03,2,Cornwall,CWLL,2025-05-03T22:02:36Z,2025-05-03T21:53:00Z,ARR,med,9.0
69,True,True,MONTRÉAL,TORONTO,2025-05-03,3,Brockville,BRKV,2025-05-03T22:51:29Z,2025-05-03T22:40:00Z,ARR,med,11.0
69,True,True,MONTRÉAL,TORONTO,2025-05-03,4,Kingston,KGON,2025-05-03T23:43:16Z,2025-05-03T23:24:00Z,ARR,bad,19.0
69,True,True,MONTRÉAL,TORONTO,2025-05-03,5,Oshawa,OSHA,2025-05-04T01:43:28Z,2025-05-04T01:05:00Z,ARR,bad,38.0
69,True,True,MONTRÉAL,TORONTO,2025-05-03,6,Guildwood,GUIL,2025-05-04T02:17:02Z,2025-05-04T01:28:00Z,ARR,bad,49.0
69,True,True,MONTRÉAL,TORONTO,2025-05-03,7,Toronto,TRTO,2025-05-04T02:36:20Z,2025-05-04T01:48:00Z,ARR,bad,48.0
68,True,True,TORONTO,MONTRÉAL,2025-05-03,0,Toronto,TRTO,2025-05-03T21:08:34Z,2025-05-03T21:07:00Z,ARR,goo,1.0
68,True,True,TORONTO,MONTRÉAL,2025-05-03,1,Oshawa,OSHA,2025-05-03T21:45:15Z,2025-05-03T21:39:00Z,ARR,med,6.0
68,True,True,TORONTO,MONTRÉAL,2025-05-03,2,Cobourg,CBRG,2025-05-03T22:18:28Z,2025-05-03T22:14:00Z,ARR,goo,4.0
68,True,True,TORONTO,MONTRÉAL,2025-05-03,3,Belleville,BLVL,2025-05-03T22:51:47Z,2025-05-03T22:49:00Z,ARR,goo,2.0
68,True,True,TORONTO,MONTRÉAL,2025-05-03,4,Kingston,KGON,2025-05-03T23:29:10Z,2025-05-03T23:26:00Z,ARR,goo,3.0
68,True,True,TORONTO,MONTRÉAL,2025-05-03,5,Brockville,BRKV,2025-05-04T00:14:13Z,2025-05-04T00:11:00Z,ARR,goo,3.0
68,True,True,TORONTO,MONTRÉAL,2025-05-03,6,Cornwall,CWLL,2025-05-04T01:09:28Z,2025-05-04T00:57:00Z,ARR,med,12.0
68,True,True,TORONTO,MONTRÉAL,2025-05-03,7,Dorval,DORV,2025-05-04T01:58:28Z,2025-05-04T01:47:00Z,ARR,med,11.0
68,True,True,TORONTO,MONTRÉAL,2025-05-03,8,Montréal,MTRL,2025-05-04T02:24:05Z,2025-05-04T02:14:00Z,ARR,med,10.0
54,True,True,TORONTO,OTTAWA,2025-05-03,0,Toronto,TRTO,2025-05-03T21:39:44Z,2025-05-03T21:37:00Z,ARR,goo,2.0
54,True,True,TORONTO,OTTAWA,2025-05-03,1,Guildwood,GUIL,2025-05-03T21:57:30Z,2025-05-03T21:55:00Z,ARR,goo,2.0
54,True,True,TORONTO,OTTAWA,2025-05-03,2,Oshawa,OSHA,2025-05-03T22:18:49Z,2025-05-03T22:08:00Z,ARR,med,10.0
54,True,True,TORONTO,OTTAWA,2025-05-03,3,Port Hope,PHOP,2025-05-03T22:57:43Z,2025-05-03T22:37:00Z,ARR,bad,20.0
54,True,True,TORONTO,OTTAWA,2025-05-03,4,Cobourg,CBRG,2025-05-03T23:06:46Z,2025-05-03T22:46:00Z,ARR,bad,20.0
54,True,True,TORONTO,OTTAWA,2025-05-03,5,Trenton Jct.,TRNJ,2025-05-03T23:38:22Z,2025-05-03T23:13:01Z,ARR,bad,25.0
54,True,True,TORONTO,OTTAWA,2025-05-03,6,Belleville,BLVL,2025-05-03T23:52:26Z,2025-05-03T23:27:00Z,ARR,bad,25.0
54,True,True,TORONTO,OTTAWA,2025-05-03,7,Napanee,NAPN,2025-05-04T00:20:41Z,2025-05-03T23:48:00Z,ARR,bad,32.0
54,True,True,TORONTO,OTTAWA,2025-05-03,8,Kingston,KGON,2025-05-04T00:43:43Z,2025-05-04T00:09:00Z,ARR,bad,34.0
54,True,True,TORONTO,OTTAWA,2025-05-03,9,Brockville,BRKV,2025-05-04T01:37:29Z,2025-05-04T00:54:00Z,ARR,bad,43.0
54,True,True,TORONTO,OTTAWA,2025-05-03,10,Smiths Falls,SMTF,2025-05-04T02:06:42Z,2025-05-04T01:25:00Z,ARR,bad,41.0
54,True,True,TORONTO,OTTAWA,2025-05-03,11,Fallowfield,FALL,2025-05-04T02:32:47Z,2025-05-04T01:52:00Z,ARR,bad,40.0
54,True,True,TORONTO,OTTAWA,2025-05-03,12,Ottawa,OTTW,2025-05-04T02:52:17Z,2025-05-04T02:13:00Z,ARR,bad,39.0
87,True,True,TORONTO,SARNIA,2025-05-03,0,Toronto,TRTO,2025-05-03T21:40:33Z,2025-05-03T21:40:00Z,ARR,goo,0.0
87,True,True,TORONTO,SARNIA,2025-05-03,1,Malton,MALT,2025-05-03T22:01:26Z,2025-05-03T22:00:00Z,ARR,goo,1.0
87,True,True,TORONTO,SARNIA,2025-05-03,2,Brampton,BRMP,2025-05-03T22:16:18Z,2025-05-03T22:12:00Z,ARR,goo,4.0
87,True,True,TORONTO,SARNIA,2025-05-03,3,Georgetown,GEOR,2025-05-03T22:29:48Z,2025-05-03T22:24:00Z,ARR,med,5.0
87,True,True,TORONTO,SARNIA,2025-05-03,4,Guelph,GUEL,2025-05-03T22:51:18Z,2025-05-03T22:49:00Z,ARR,goo,2.0
87,True,True,TORONTO,SARNIA,2025-05-03,5,Kitchener,KITC,2025-05-03T23:12:01Z,2025-05-03T23:16:00Z,ARR,goo,-3.0
87,True,True,TORONTO,SARNIA,2025-05-03,6,Stratford,STRF,2025-05-04T00:06:46Z,2025-05-03T23:57:00Z,ARR,med,9.0
87,True,True,TORONTO,SARNIA,2025-05-03,7,St.Marys,SMYS,2025-05-04T01:06:01Z,2025-05-04T00:25:00Z,ARR,bad,41.0
87,True,True,TORONTO,SARNIA,2025-05-03,8,London,LNDN,2025-05-04T01:59:25Z,2025-05-04T01:13:00Z,ARR,bad,46.0
87,True,True,TORONTO,SARNIA,2025-05-03,9,Strathroy,STRR,2025-05-04T02:25:50Z,2025-05-04T01:39:00Z,ARR,bad,46.0
87,True,True,TORONTO,SARNIA,2025-05-03,10,Wyoming,WYOM,2025-05-04T02:49:54Z,2025-05-04T02:07:00Z,ARR,bad,42.0
87,True,True,TORONTO,SARNIA,2025-05-03,11,Sarnia,SARN,2025-05-04T03:04:54Z,2025-05-04T02:24:00Z,ARR,bad,40.0
75,True,True,TORONTO,WINDSOR,2025-05-03,0,Toronto,TRTO,2025-05-03T21:22:00Z,2025-05-03T21:22:00Z,ARR,goo,0.0
75,True,True,TORONTO,WINDSOR,2025-05-03,1,Oakville,OAKV,2025-05-03T21:49:26Z,2025-05-03T21:45:00Z,ARR,goo,4.0
75,True,True,TORONTO,WINDSOR,2025-05-03,2,Aldershot,ALDR,2025-05-03T22:04:21Z,2025-05-03T22:01:00Z,ARR,goo,3.0
75,True,True,TORONTO,WINDSOR,2025-05-03,3,Brantford,BRTF,2025-05-03T22:36:16Z,2025-05-03T22:33:00Z,ARR,goo,3.0
75,True,True,TORONTO,WINDSOR,2025-05-03,4,Woodstock,WDST,2025-05-03T23:07:34Z,2025-05-03T23:04:00Z,ARR,goo,3.0
75,True,True,TORONTO,WINDSOR,2025-05-03,5,Ingersoll,INGR,2025-05-03T23:20:22Z,2025-05-03T23:19:00Z,ARR,goo,1.0
75,True,True,TORONTO,WINDSOR,2025-05-03,6,London,LNDN,2025-05-04T01:23:16Z,2025-05-03T23:47:00Z,ARR,bad,96.0
75,True,True,TORONTO,WINDSOR,2025-05-03,7,Glencoe,GLNC,2025-05-04T02:00:55Z,2025-05-04T00:21:00Z,ARR,bad,99.0
75,True,True,TORONTO,WINDSOR,2025-05-03,8,Chatham,CHAT,2025-05-04T02:41:45Z,2025-05-04T00:55:00Z,ARR,bad,106.0
75,True,True,TORONTO,WINDSOR,2025-05-03,9,Windsor,WDON,2025-05-04T03:27:13Z,2025-05-04T01:50:00Z,ARR,bad,97.0
98,True,False,NIAGARA FALLS,TORONTO,2025-05-03,0,Niagara Falls,NIAG,2025-05-03T21:45:00Z,2025-05-03T21:45:00Z,ARR,goo,0.0
98,True,False,NIAGARA FALLS,TORONTO,2025-05-03,1,St. Catharines,SCAT,2025-05-03T22:06:00Z,2025-05-03T22:06:00Z,ARR,goo,0.0
98,True,False,NIAGARA FALLS,TORONTO,2025-05-03,2,Grimsby,GRIM,2025-05-03T22:36:00Z,2025-05-03T22:26:00Z,ARR,med,10.0
98,True,False,NIAGARA FALLS,TORONTO,2025-05-03,3,Aldershot,ALDR,2025-05-03T23:11:00Z,2025-05-03T23:02:00Z,ARR,med,9.0
98,True,False,NIAGARA FALLS,TORONTO,2025-05-03,4,Oakville,OAKV,2025-05-03T23:25:00Z,2025-05-03T23:16:00Z,ARR,med,9.0
98,True,False,NIAGARA FALLS,TORONTO,2025-05-03,5,Toronto,TRTO,&mdash;,2025-05-03T23:43:00Z,&mdash;,,
29,True,True,QUÉBEC,MONTRÉAL,2025-05-03,0,Québec,QBEC,2025-05-03T21:41:00Z,2025-05-03T21:41:00Z,ARR,goo,0.0
29,True,True,QUÉBEC,MONTRÉAL,2025-05-03,1,Ste-Foy,SFOY,2025-05-03T22:05:14Z,2025-05-03T22:06:00Z,ARR,goo,0.0
29,True,True,QUÉBEC,MONTRÉAL,2025-05-03,2,Drummondville,DRMV,2025-05-03T23:27:09Z,2025-05-03T23:42:00Z,ARR,goo,-14.0
29,True,True,QUÉBEC,MONTRÉAL,2025-05-03,3,St. Hyacinthe,SHYA,2025-05-04T00:18:06Z,2025-05-04T00:18:00Z,ARR,goo,0.0
29,True,True,QUÉBEC,MONTRÉAL,2025-05-03,4,St. Lambert,SLAM,2025-05-04T00:46:45Z,2025-05-04T00:45:00Z,ARR,goo,1.0
29,True,True,QUÉBEC,MONTRÉAL,2025-05-03,5,Montréal,MTRL,2025-05-04T01:01:42Z,2025-05-04T01:00:00Z,ARR,goo,1.0
59,True,True,OTTAWA,TORONTO,2025-05-03,0,Ottawa,OTTW,2025-05-03T22:03:00Z,2025-05-03T22:03:00Z,ARR,goo,0.0
59,True,True,OTTAWA,TORONTO,2025-05-03,1,Fallowfield,FALL,2025-05-03T22:24:22Z,2025-05-03T22:20:00Z,ARR,goo,4.0
59,True,True,OTTAWA,TORONTO,2025-05-03,2,Smiths Falls,SMTF,2025-05-03T22:52:47Z,2025-05-03T22:51:00Z,ARR,goo,1.0
59,True,True,OTTAWA,TORONTO,2025-05-03,3,Brockville,BRKV,2025-05-03T23:25:47Z,2025-05-03T23:25:00Z,ARR,goo,0.0
59,True,True,OTTAWA,TORONTO,2025-05-03,4,Kingston,KGON,2025-05-04T00:16:06Z,2025-05-04T00:10:00Z,ARR,med,6.0
59,True,True,OTTAWA,TORONTO,2025-05-03,5,Belleville,BLVL,2025-05-04T01:04:54Z,2025-05-04T00:51:00Z,ARR,med,13.0
59,True,True,OTTAWA,TORONTO,2025-05-03,6,Trenton Jct.,TRNJ,2025-05-04T01:21:46Z,2025-05-04T01:05:00Z,ARR,bad,16.0
59,True,True,OTTAWA,TORONTO,2025-05-03,7,Cobourg,CBRG,2025-05-04T01:53:40Z,2025-05-04T01:31:00Z,ARR,bad,22.0
59,True,True,OTTAWA,TORONTO,2025-05-03,8,Oshawa,OSHA,2025-05-04T02:35:08Z,2025-05-04T02:05:00Z,ARR,bad,30.0
59,True,True,OTTAWA,TORONTO,2025-05-03,9,Guildwood,GUIL,2025-05-04T03:00:59Z,2025-05-04T02:28:00Z,ARR,bad,32.0
59,True,True,OTTAWA,TORONTO,2025-05-03,10,Toronto,TRTO,2025-05-04T03:20:13Z,2025-05-04T02:48:00Z,ARR,bad,32.0
78,True,True,WINDSOR,TORONTO,2025-05-03,0,Windsor,WDON,2025-05-03T21:40:03Z,2025-05-03T21:40:00Z,ARR,goo,0.0
78,True,True,WINDSOR,TORONTO,2025-05-03,1,Chatham,CHAT,2025-05-03T22:27:08Z,2025-05-03T22:24:00Z,ARR,goo,3.0
78,True,True,WINDSOR,TORONTO,2025-05-03,2,Glencoe,GLNC,2025-05-04T00:51:22Z,2025-05-03T22:59:00Z,ARR,bad,112.0
78,True,True,WINDSOR,TORONTO,2025-05-03,3,London,LNDN,2025-05-04T01:23:27Z,2025-05-03T23:32:00Z,ARR,bad,111.0
78,True,True,WINDSOR,TORONTO,2025-05-03,4,Ingersoll,INGR,2025-05-04T01:52:20Z,2025-05-03T23:57:00Z,ARR,bad,115.0
78,True,True,WINDSOR,TORONTO,2025-05-03,5,Woodstock,WDST,2025-05-04T02:00:47Z,2025-05-04T00:08:00Z,ARR,bad,112.0
78,True,True,WINDSOR,TORONTO,2025-05-03,6,Brantford,BRTF,2025-05-04T02:30:30Z,2025-05-04T00:39:00Z,ARR,bad,111.0
78,True,True,WINDSOR,TORONTO,2025-05-03,7,Aldershot,ALDR,2025-05-04T03:07:19Z,2025-05-04T01:09:00Z,ARR,bad,118.0
78,True,True,WINDSOR,TORONTO,2025-05-03,8,Oakville,OAKV,2025-05-04T03:22:41Z,2025-05-04T01:24:00Z,ARR,bad,118.0
78,True,True,WINDSOR,TORONTO,2025-05-03,9,Toronto,TRTO,2025-05-04T03:52:44Z,2025-05-04T01:50:00Z,ARR,bad,122.0
38,True,True,OTTAWA,MONTRÉAL,2025-05-03,0,Ottawa,OTTW,2025-05-03T21:59:31Z,2025-05-03T21:55:00Z,ARR,goo,4.0
38,True,True,OTTAWA,MONTRÉAL,2025-05-03,1,Casselman,CSLM,2025-05-03T22:24:59Z,2025-05-03T22:26:00Z,ARR,goo,-1.0
38,True,True,OTTAWA,MONTRÉAL,2025-05-03,2,Alexandria,ALEX,2025-05-03T22:47:55Z,2025-05-03T22:49:00Z,ARR,goo,-1.0
38,True,True,OTTAWA,MONTRÉAL,2025-05-03,3,Dorval,DORV,2025-05-03T23:37:00Z,2025-05-03T23:33:00Z,ARR,goo,4.0
38,True,True,OTTAWA,MONTRÉAL,2025-05-03,4,Montréal,MTRL,2025-05-04T00:01:47Z,2025-05-03T23:57:00Z,ARR,goo,4.0
79,True,False,TORONTO,WINDSOR,2025-05-03,0,Toronto,TRTO,2025-05-04T00:35:00Z,2025-05-03T23:45:00Z,ARR,bad,50.0
79,True,False,TORONTO,WINDSOR,2025-05-03,1,Oakville,OAKV,2025-05-04T00:59:49Z,2025-05-04T00:07:00Z,ARR,bad,52.0
79,True,False,TORONTO,WINDSOR,2025-05-03,2,Aldershot,ALDR,2025-05-04T01:15:22Z,2025-05-04T00:22:00Z,ARR,bad,53.0
79,True,False,TORONTO,WINDSOR,2025-05-03,3,Brantford,BRTF,2025-05-04T01:50:21Z,2025-05-04T00:50:00Z,ARR,bad,60.0
79,True,False,TORONTO,WINDSOR,2025-05-03,4,Woodstock,WDST,2025-05-04T02:22:53Z,2025-05-04T01:17:00Z,ARR,bad,65.0
79,True,False,TORONTO,WINDSOR,2025-05-03,5,Ingersoll,INGR,2025-05-04T02:34:06Z,2025-05-04T01:30:00Z,ARR,bad,64.0
79,True,False,TORONTO,WINDSOR,2025-05-03,6,London,LNDN,2025-05-04T02:58:12Z,2025-05-04T01:52:00Z,ARR,bad,66.0
79,True,False,TORONTO,WINDSOR,2025-05-03,7,Glencoe,GLNC,2025-05-04T03:33:52Z,2025-05-04T02:25:00Z,ARR,bad,68.0
79,True,False,TORONTO,WINDSOR,2025-05-03,8,Chatham,CHAT,2025-05-04T04:09:29Z,2025-05-04T02:57:00Z,16 mins,bad,72.0
79,True,False,TORONTO,WINDSOR,2025-05-03,9,Windsor,WDON,2025-05-04T04:56:29Z,2025-05-04T03:44:00Z,1h03,bad,72.0
