train_id,departed,arrived,from,to,instance,stop_id,station,code,estimated,scheduled,eta,diff,diffMin
1 (05-07),True,True,TORONTO,VANCOUVER,2025-05-07,0,Toronto,TRTO,2025-05-07T22:00:00Z,2025-05-07T13:55:00Z,ARR,bad,485.0
1 (05-07),True,True,TORONTO,VANCOUVER,2025-05-07,1,Washago,WSHG,2025-05-08T00:30:00Z,2025-05-07T16:25:00Z,ARR,bad,485.0
1 (05-07),True,True,TORONTO,VANCOUVER,2025-05-07,2,South Parry,SPAR,2025-05-08T03:40:39Z,2025-05-07T18:27:00Z,ARR,bad,553.0
1 (05-07),True,True,TORONTO,VANCOUVER,2025-05-07,3,Sudbury (Jct.),SUDJ,2025-05-08T06:20:46Z,2025-05-07T20:57:00Z,ARR,bad,563.0
1 (05-07),True,True,TORONTO,VANCOUVER,2025-05-07,4,Capreol,CAPR,2025-05-08T06:55:35Z,2025-05-07T21:22:00Z,ARR,bad,573.0
1 (05-07),True,True,TORONTO,VANCOUVER,2025-05-07,5,Laforest,LAFO,2025-05-08T09:07:02Z,2025-05-07T22:48:00Z,ARR,bad,619.0
1 (05-07),True,True,TORONTO,VANCOUVER,2025-05-07,6,McKee's Camp,MCKC,2025-05-08T09:20:02Z,2025-05-07T23:01:00Z,ARR,bad,619.0
1 (05-07),True,True,TORONTO,VANCOUVER,2025-05-07,7,Felix,FELX,2025-05-08T09:40:02Z,2025-05-07T23:21:00Z,ARR,bad,619.0
1 (05-07),True,True,TORONTO,VANCOUVER,2025-05-07,8,Ruel,RUEL,2025-05-08T09:47:02Z,2025-05-07T23:28:00Z,ARR,bad,619.0
1 (05-07),True,True,TORONTO,VANCOUVER,2025-05-07,9,Westree,WSTR,2025-05-08T11:12:45Z,2025-05-07T23:45:00Z,ARR,bad,687.0
1 (05-07),True,True,TORONTO,VANCOUVER,2025-05-07,10,Gogama,GOGA,2025-05-08T11:56:52Z,2025-05-08T00:18:00Z,ARR,bad,698.0
1 (05-07),True,True,TORONTO,VANCOUVER,2025-05-07,11,Foleyet,FOLE,2025-05-08T14:29:39Z,2025-05-08T02:44:00Z,ARR,bad,705.0
1 (05-07),True,True,TORONTO,VANCOUVER,2025-05-07,12,Elsas,ELSA,2025-05-08T15:26:51Z,2025-05-08T03:38:00Z,ARR,bad,708.0
1 (05-07),True,True,TORONTO,VANCOUVER,2025-05-07,13,Oba,OBAX,2025-05-08T17:26:51Z,2025-05-08T05:38:00Z,ARR,bad,708.0
1 (05-07),True,True,TORONTO,VANCOUVER,2025-05-07,14,Hornepayne,HNPN,2025-05-08T17:49:29Z,2025-05-08T06:29:00Z,ARR,bad,680.0
1 (05-07),True,True,TORONTO,VANCOUVER,2025-05-07,15,Hillsport,HLSP,2025-05-08T19:58:11Z,2025-05-08T08:05:00Z,ARR,bad,713.0
1 (05-07),True,True,TORONTO,VANCOUVER,2025-05-07,16,Caramat,CARA,2025-05-08T21:24:57Z,2025-05-08T08:55:00Z,ARR,bad,749.0
1 (05-07),True,True,TORONTO,VANCOUVER,2025-05-07,17,Longlac,LLAC,2025-05-08T21:46:38Z,2025-05-08T09:34:00Z,ARR,bad,732.0
1 (05-07),True,True,TORONTO,VANCOUVER,2025-05-07,18,Nakina,NAKI,2025-05-08T22:34:31Z,2025-05-08T10:13:00Z,ARR,bad,741.0
1 (05-07),True,True,TORONTO,VANCOUVER,2025-05-07,19,Auden,AUDN,2025-05-08T23:39:31Z,2025-05-08T11:19:00Z,ARR,bad,740.0
1 (05-07),True,True,TORONTO,VANCOUVER,2025-05-07,20,Ferland,FERL,2025-05-09T00:16:31Z,2025-05-08T11:56:00Z,ARR,bad,740.0
1 (05-07),True,True,TORONTO,VANCOUVER,2025-05-07,21,Mud River,MUDR,2025-05-09T00:25:31Z,2025-05-08T12:05:00Z,ARR,bad,740.0
1 (05-07),True,True,TORONTO,VANCOUVER,2025-05-07,22,Armstrong,ARMG,2025-05-09T00:54:06Z,2025-05-08T13:17:00Z,ARR,bad,697.0
1 (05-07),True,True,TORONTO,VANCOUVER,2025-05-07,23,Collins,COLL,2025-05-09T01:45:00Z,2025-05-08T13:47:00Z,ARR,bad,718.0
1 (05-07),True,True,TORONTO,VANCOUVER,2025-05-07,24,Allanwater Bridge,ALWB,2025-05-09T02:24:00Z,2025-05-08T14:26:00Z,ARR,bad,718.0
1 (05-07),True,True,TORONTO,VANCOUVER,2025-05-07,25,Flindt Landing,FLTL,2025-05-09T02:40:00Z,2025-05-08T14:42:00Z,ARR,bad,718.0
1 (05-07),True,True,TORONTO,VANCOUVER,2025-05-07,26,Savant Lake,SAVL,2025-05-09T02:57:00Z,2025-05-08T14:59:00Z,ARR,bad,718.0
1 (05-07),True,True,TORONTO,VANCOUVER,2025-05-07,27,Sioux Lookout,SLKT,2025-05-09T04:50:31Z,2025-05-08T16:25:00Z,ARR,bad,745.0
1 (05-07),True,True,TORONTO,VANCOUVER,2025-05-07,28,Richan,RCHN,2025-05-09T06:30:23Z,2025-05-08T18:05:00Z,ARR,bad,745.0
1 (05-07),True,True,TORONTO,VANCOUVER,2025-05-07,29,Red Lake Road,RLRX,2025-05-09T07:01:33Z,2025-05-08T18:41:00Z,ARR,bad,740.0
1 (05-07),True,True,TORONTO,VANCOUVER,2025-05-07,30,Canyon,CNYK,2025-05-09T07:30:12Z,2025-05-08T19:10:00Z,ARR,bad,740.0
1 (05-07),True,True,TORONTO,VANCOUVER,2025-05-07,31,Farlane,FARL,2025-05-09T08:17:31Z,2025-05-08T19:47:00Z,ARR,bad,750.0
1 (05-07),True,True,TORONTO,VANCOUVER,2025-05-07,32,Redditt,RDDT,2025-05-09T08:31:01Z,2025-05-08T20:23:00Z,ARR,bad,728.0
1 (05-07),True,True,TORONTO,VANCOUVER,2025-05-07,33,Minaki,MNKI,2025-05-09T08:49:31Z,2025-05-08T20:44:00Z,ARR,bad,725.0
1 (05-07),True,True,TORONTO,VANCOUVER,2025-05-07,34,Ottermere,OTTM,2025-05-09T09:16:35Z,2025-05-08T21:01:00Z,ARR,bad,735.0
1 (05-07),True,True,TORONTO,VANCOUVER,2025-05-07,35,Malachi,MLCH,2025-05-09T09:23:43Z,2025-05-08T21:07:00Z,ARR,bad,736.0
1 (05-07),True,True,TORONTO,VANCOUVER,2025-05-07,36,Copelands Landing,COPE,2025-05-09T09:26:35Z,2025-05-08T21:09:00Z,ARR,bad,737.0
1 (05-07),True,True,TORONTO,VANCOUVER,2025-05-07,37,Rice Lake,RCLK,2025-05-09T09:33:59Z,2025-05-08T21:12:00Z,ARR,bad,741.0
1 (05-07),True,True,TORONTO,VANCOUVER,2025-05-07,38,Winnitoba,WNTB,2025-05-09T09:41:22Z,2025-05-08T21:26:00Z,ARR,bad,735.0
1 (05-07),True,True,TORONTO,VANCOUVER,2025-05-07,39,Ophir,OPHR,2025-05-09T09:41:30Z,2025-05-08T21:31:00Z,ARR,bad,730.0
1 (05-07),True,True,TORONTO,VANCOUVER,2025-05-07,40,Brereton Lake,BRTL,2025-05-09T09:54:37Z,2025-05-08T21:49:00Z,ARR,bad,725.0
1 (05-07),True,True,TORONTO,VANCOUVER,2025-05-07,41,Elma,ELMA,2025-05-09T10:27:22Z,2025-05-08T22:10:00Z,ARR,bad,737.0
1 (05-07),True,True,TORONTO,VANCOUVER,2025-05-07,42,Winnipeg,WNPG,2025-05-09T11:36:06Z,2025-05-09T00:30:00Z,ARR,bad,666.0
1 (05-07),True,True,TORONTO,VANCOUVER,2025-05-07,43,Portage La Prairie,PLPX,2025-05-09T16:13:09Z,2025-05-09T04:04:00Z,ARR,bad,729.0
1 (05-07),True,True,TORONTO,VANCOUVER,2025-05-07,44,Rivers,RVRS,2025-05-09T17:54:07Z,2025-05-09T06:31:00Z,ARR,bad,683.0
1 (05-07),True,True,TORONTO,VANCOUVER,2025-05-07,45,Melville,MELV,2025-05-09T22:45:56Z,2025-05-09T10:54:00Z,ARR,bad,711.0
1 (05-07),True,True,TORONTO,VANCOUVER,2025-05-07,46,Watrous,WATR,2025-05-10T01:23:06Z,2025-05-09T13:54:00Z,ARR,bad,689.0
1 (05-07),True,True,TORONTO,VANCOUVER,2025-05-07,47,Saskatoon,SASK,2025-05-10T02:26:01Z,2025-05-09T15:50:00Z,ARR,bad,636.0
1 (05-07),True,True,TORONTO,VANCOUVER,2025-05-07,48,Biggar,BIGG,2025-05-10T06:01:56Z,2025-05-09T18:29:00Z,ARR,bad,692.0
1 (05-07),True,True,TORONTO,VANCOUVER,2025-05-07,49,Unity,UNIT,2025-05-10T07:07:18Z,2025-05-09T19:44:00Z,ARR,bad,683.0
1 (05-07),True,True,TORONTO,VANCOUVER,2025-05-07,50,Wainwright,WAIN,2025-05-10T09:28:00Z,2025-05-09T22:33:00Z,ARR,bad,655.0
1 (05-07),True,True,TORONTO,VANCOUVER,2025-05-07,51,Viking,VKNG,2025-05-10T11:05:10Z,2025-05-09T23:26:00Z,ARR,bad,699.0
1 (05-07),True,True,TORONTO,VANCOUVER,2025-05-07,52,Edmonton,EDMO,2025-05-10T13:28:53Z,2025-05-10T02:50:00Z,ARR,bad,638.0
1 (05-07),True,True,TORONTO,VANCOUVER,2025-05-07,53,Evansburg,EVAN,2025-05-10T16:23:01Z,2025-05-10T07:29:00Z,ARR,bad,534.0
1 (05-07),True,True,TORONTO,VANCOUVER,2025-05-07,54,Edson,EDSN,2025-05-10T17:21:45Z,2025-05-10T08:52:00Z,ARR,bad,509.0
1 (05-07),True,True,TORONTO,VANCOUVER,2025-05-07,55,Hinton,HINT,2025-05-10T19:11:12Z,2025-05-10T09:58:00Z,ARR,bad,553.0
1 (05-07),True,True,TORONTO,VANCOUVER,2025-05-07,56,Jasper,JASP,2025-05-10T22:16:42Z,2025-05-10T12:30:00Z,ARR,bad,586.0
1 (05-07),True,True,TORONTO,VANCOUVER,2025-05-07,57,Valemount,VLMT,2025-05-11T01:51:55Z,2025-05-10T17:50:00Z,ARR,bad,481.0
1 (05-07),True,True,TORONTO,VANCOUVER,2025-05-07,58,Blue River,BLUE,2025-05-11T03:47:15Z,2025-05-10T20:36:00Z,ARR,bad,431.0
1 (05-07),True,True,TORONTO,VANCOUVER,2025-05-07,59,Clearwater,CLWT,2025-05-11T05:53:09Z,2025-05-10T22:45:00Z,ARR,bad,428.0
1 (05-07),True,True,TORONTO,VANCOUVER,2025-05-07,60,Kamloops North,KAMN,2025-05-11T07:55:47Z,2025-05-11T01:28:00Z,ARR,bad,387.0
1 (05-07),True,True,TORONTO,VANCOUVER,2025-05-07,61,Ashcroft,ASHN,2025-05-11T10:33:33Z,2025-05-11T03:49:00Z,ARR,bad,404.0
1 (05-07),True,True,TORONTO,VANCOUVER,2025-05-07,62,Boston Bar,BBAR,2025-05-11T13:30:30Z,2025-05-11T06:36:00Z,ARR,bad,414.0
1 (05-07),True,True,TORONTO,VANCOUVER,2025-05-07,63,Hope,HOPE,2025-05-11T15:17:37Z,2025-05-11T08:06:00Z,ARR,bad,431.0
1 (05-07),True,True,TORONTO,VANCOUVER,2025-05-07,64,Chilliwack,CHIL,2025-05-11T15:58:45Z,2025-05-11T08:30:00Z,ARR,bad,448.0
1 (05-07),True,True,TORONTO,VANCOUVER,2025-05-07,65,Abbotsford,ABBO,2025-05-11T16:30:59Z,2025-05-11T09:00:00Z,ARR,bad,450.0
1 (05-07),True,True,TORONTO,VANCOUVER,2025-05-07,66,Vancouver,VCVR,2025-05-11T18:32:55Z,2025-05-11T15:00:00Z,ARR,bad,212.0
2 (05-09),True,False,VANCOUVER,TORONTO,2025-05-09,0,Mission Harbour,MSNH,2025-05-10T00:30:59Z,2025-05-09T23:35:00Z,ARR,bad,55.0
2 (05-09),True,False,VANCOUVER,TORONTO,2025-05-09,1,Agassiz,AGAS,2025-05-10T01:15:50Z,2025-05-10T00:03:00Z,ARR,bad,72.0
2 (05-09),True,False,VANCOUVER,TORONTO,2025-05-09,2,Katz,KATZ,2025-05-10T01:33:00Z,2025-05-10T00:17:00Z,ARR,bad,76.0
2 (05-09),True,False,VANCOUVER,TORONTO,2025-05-09,3,North Bend,NBND,2025-05-10T03:25:58Z,2025-05-10T02:46:00Z,ARR,bad,39.0
2 (05-09),True,False,VANCOUVER,TORONTO,2025-05-09,4,Ashcroft,ASHN,2025-05-10T06:10:28Z,2025-05-10T05:32:00Z,ARR,bad,38.0
2 (05-09),True,False,VANCOUVER,TORONTO,2025-05-09,5,Kamloops North,KAMN,2025-05-10T08:11:57Z,2025-05-10T07:17:00Z,ARR,bad,54.0
2 (05-09),True,False,VANCOUVER,TORONTO,2025-05-09,6,Clearwater,CLWT,2025-05-10T10:49:03Z,2025-05-10T09:58:00Z,ARR,bad,51.0
2 (05-09),True,False,VANCOUVER,TORONTO,2025-05-09,7,Blue River,BLUE,2025-05-10T12:40:26Z,2025-05-10T12:11:00Z,ARR,bad,29.0
2 (05-09),True,False,VANCOUVER,TORONTO,2025-05-09,8,Valemount,VLMT,2025-05-10T14:28:23Z,2025-05-10T14:01:00Z,ARR,bad,27.0
2 (05-09),True,False,VANCOUVER,TORONTO,2025-05-09,9,Jasper,JASP,2025-05-10T16:33:23Z,2025-05-10T17:00:00Z,ARR,goo,-26.0
2 (05-09),True,False,VANCOUVER,TORONTO,2025-05-09,10,Hinton,HINT,2025-05-10T21:11:31Z,2025-05-10T19:45:00Z,ARR,bad,86.0
2 (05-09),True,False,VANCOUVER,TORONTO,2025-05-09,11,Edson,EDSN,2025-05-10T23:14:15Z,2025-05-10T21:19:00Z,ARR,bad,115.0
2 (05-09),True,False,VANCOUVER,TORONTO,2025-05-09,12,Evansburg,EVAN,2025-05-11T00:19:30Z,2025-05-10T22:28:00Z,ARR,bad,111.0
2 (05-09),True,False,VANCOUVER,TORONTO,2025-05-09,13,Edmonton,EDMO,2025-05-11T01:54:32Z,2025-05-11T00:50:00Z,ARR,bad,64.0
2 (05-09),True,False,VANCOUVER,TORONTO,2025-05-09,14,Viking,VKNG,2025-05-11T06:28:45Z,2025-05-11T03:53:00Z,ARR,bad,155.0
2 (05-09),True,False,VANCOUVER,TORONTO,2025-05-09,15,Wainwright,WAIN,2025-05-11T08:13:29Z,2025-05-11T06:14:00Z,ARR,bad,119.0
2 (05-09),True,False,VANCOUVER,TORONTO,2025-05-09,16,Unity,UNIT,2025-05-11T10:39:05Z,2025-05-11T07:47:00Z,ARR,bad,172.0
2 (05-09),True,False,VANCOUVER,TORONTO,2025-05-09,17,Biggar,BIGG,2025-05-11T12:03:11Z,2025-05-11T09:21:00Z,ARR,bad,162.0
2 (05-09),True,False,VANCOUVER,TORONTO,2025-05-09,18,Saskatoon,SASK,2025-05-11T13:37:37Z,2025-05-11T11:57:00Z,ARR,bad,100.0
2 (05-09),True,False,VANCOUVER,TORONTO,2025-05-09,19,Watrous,WATR,2025-05-11T17:04:22Z,2025-05-11T14:26:00Z,ARR,bad,158.0
2 (05-09),True,False,VANCOUVER,TORONTO,2025-05-09,20,Melville,MELV,2025-05-11T21:00:22Z,2025-05-11T18:47:00Z,ARR,bad,133.0
2 (05-09),True,False,VANCOUVER,TORONTO,2025-05-09,21,Rivers,RVRS,2025-05-12T01:30:47Z,2025-05-11T22:22:00Z,ARR,bad,188.0
2 (05-09),True,False,VANCOUVER,TORONTO,2025-05-09,22,Portage La Prairie,PLPX,2025-05-12T04:31:36Z,2025-05-12T00:15:00Z,39 mins,bad,256.0
2 (05-09),True,False,VANCOUVER,TORONTO,2025-05-09,23,Winnipeg,WNPG,2025-05-12T07:16:36Z,2025-05-12T03:00:00Z,3h24,bad,256.0
2 (05-09),True,False,VANCOUVER,TORONTO,2025-05-09,24,Elma,ELMA,&mdash;,2025-05-12T05:37:00Z,&mdash;,,
2 (05-09),True,False,VANCOUVER,TORONTO,2025-05-09,25,Brereton Lake,BRTL,&mdash;,2025-05-12T05:58:00Z,&mdash;,,
2 (05-09),True,False,VANCOUVER,TORONTO,2025-05-09,26,Ophir,OPHR,&mdash;,2025-05-12T06:16:00Z,&mdash;,,
2 (05-09),True,False,VANCOUVER,TORONTO,2025-05-09,27,Winnitoba,WNTB,&mdash;,2025-05-12T06:21:00Z,&mdash;,,
2 (05-09),True,False,VANCOUVER,TORONTO,2025-05-09,28,Rice Lake,RCLK,&mdash;,2025-05-12T06:35:00Z,&mdash;,,
2 (05-09),True,False,VANCOUVER,TORONTO,2025-05-09,29,Copelands Landing,COPE,&mdash;,2025-05-12T06:38:00Z,&mdash;,,
2 (05-09),True,False,VANCOUVER,TORONTO,2025-05-09,30,Malachi,MLCH,&mdash;,2025-05-12T06:40:00Z,&mdash;,,
2 (05-09),True,False,VANCOUVER,TORONTO,2025-05-09,31,Ottermere,OTTM,&mdash;,2025-05-12T06:46:00Z,&mdash;,,
2 (05-09),True,False,VANCOUVER,TORONTO,2025-05-09,32,Minaki,MNKI,&mdash;,2025-05-12T07:03:00Z,&mdash;,,
2 (05-09),True,False,VANCOUVER,TORONTO,2025-05-09,33,Redditt,RDDT,&mdash;,2025-05-12T07:29:00Z,&mdash;,,
2 (05-09),True,False,VANCOUVER,TORONTO,2025-05-09,34,Farlane,FARL,&mdash;,2025-05-12T07:46:00Z,&mdash;,,
2 (05-09),True,False,VANCOUVER,TORONTO,2025-05-09,35,Canyon,CNYK,&mdash;,2025-05-12T08:23:00Z,&mdash;,,
2 (05-09),True,False,VANCOUVER,TORONTO,2025-05-09,36,Red Lake Road,RLRX,&mdash;,2025-05-12T08:51:00Z,&mdash;,,
2 (05-09),True,False,VANCOUVER,TORONTO,2025-05-09,37,Richan,RCHN,&mdash;,2025-05-12T09:28:00Z,&mdash;,,
2 (05-09),True,False,VANCOUVER,TORONTO,2025-05-09,38,Sioux Lookout,SLKT,&mdash;,2025-05-12T11:01:00Z,&mdash;,,
2 (05-09),True,False,VANCOUVER,TORONTO,2025-05-09,39,Savant Lake,SAVL,&mdash;,2025-05-12T13:14:00Z,&mdash;,,
2 (05-09),True,False,VANCOUVER,TORONTO,2025-05-09,40,Flindt Landing,FLTL,&mdash;,2025-05-12T13:31:00Z,&mdash;,,
2 (05-09),True,False,VANCOUVER,TORONTO,2025-05-09,41,Allanwater Bridge,ALWB,&mdash;,2025-05-12T13:46:00Z,&mdash;,,
2 (05-09),True,False,VANCOUVER,TORONTO,2025-05-09,42,Collins,COLL,&mdash;,2025-05-12T14:26:00Z,&mdash;,,
2 (05-09),True,False,VANCOUVER,TORONTO,2025-05-09,43,Armstrong,ARMG,&mdash;,2025-05-12T14:57:00Z,&mdash;,,
2 (05-09),True,False,VANCOUVER,TORONTO,2025-05-09,44,Mud River,MUDR,&mdash;,2025-05-12T15:29:00Z,&mdash;,,
2 (05-09),True,False,VANCOUVER,TORONTO,2025-05-09,45,Ferland,FERL,&mdash;,2025-05-12T15:37:00Z,&mdash;,,
2 (05-09),True,False,VANCOUVER,TORONTO,2025-05-09,46,Auden,AUDN,&mdash;,2025-05-12T16:14:00Z,&mdash;,,
2 (05-09),True,False,VANCOUVER,TORONTO,2025-05-09,47,Nakina,NAKI,&mdash;,2025-05-12T17:20:00Z,&mdash;,,
1 (05-11),True,False,TORONTO,VANCOUVER,2025-05-11,0,Toronto,TRTO,2025-05-11T13:55:00Z,2025-05-11T13:55:00Z,ARR,goo,0.0
1 (05-11),True,False,TORONTO,VANCOUVER,2025-05-11,1,Washago,WSHG,2025-05-11T17:13:34Z,2025-05-11T16:25:00Z,ARR,bad,48.0
1 (05-11),True,False,TORONTO,VANCOUVER,2025-05-11,2,South Parry,SPAR,2025-05-11T18:59:43Z,2025-05-11T18:27:00Z,ARR,bad,32.0
1 (05-11),True,False,TORONTO,VANCOUVER,2025-05-11,3,Sudbury (Jct.),SUDJ,2025-05-11T22:15:36Z,2025-05-11T20:57:00Z,ARR,bad,78.0
1 (05-11),True,False,TORONTO,VANCOUVER,2025-05-11,4,Capreol,CAPR,2025-05-11T22:46:28Z,2025-05-11T21:22:00Z,ARR,bad,84.0
1 (05-11),True,False,TORONTO,VANCOUVER,2025-05-11,5,Laforest,LAFO,2025-05-11T23:52:00Z,2025-05-11T22:48:00Z,ARR,bad,64.0
1 (05-11),True,False,TORONTO,VANCOUVER,2025-05-11,6,McKee's Camp,MCKC,2025-05-12T00:05:00Z,2025-05-11T23:01:00Z,ARR,bad,64.0
1 (05-11),True,False,TORONTO,VANCOUVER,2025-05-11,7,Felix,FELX,2025-05-12T00:33:23Z,2025-05-11T23:21:00Z,ARR,bad,72.0
1 (05-11),True,False,TORONTO,VANCOUVER,2025-05-11,8,Ruel,RUEL,2025-05-12T00:37:58Z,2025-05-11T23:28:00Z,ARR,bad,69.0
1 (05-11),True,False,TORONTO,VANCOUVER,2025-05-11,9,Westree,WSTR,2025-05-12T00:51:22Z,2025-05-11T23:45:00Z,ARR,bad,66.0
1 (05-11),True,False,TORONTO,VANCOUVER,2025-05-11,10,Gogama,GOGA,2025-05-12T01:18:58Z,2025-05-12T00:18:00Z,ARR,bad,60.0
1 (05-11),True,False,TORONTO,VANCOUVER,2025-05-11,11,Foleyet,FOLE,2025-05-12T03:09:22Z,2025-05-12T02:44:00Z,ARR,bad,25.0
1 (05-11),True,False,TORONTO,VANCOUVER,2025-05-11,12,Elsas,ELSA,2025-05-12T04:08:42Z,2025-05-12T03:38:00Z,16 mins,bad,30.0
1 (05-11),True,False,TORONTO,VANCOUVER,2025-05-11,13,Oba,OBAX,2025-05-12T06:08:42Z,2025-05-12T05:38:00Z,2h16,bad,30.0
1 (05-11),True,False,TORONTO,VANCOUVER,2025-05-11,14,Hornepayne,HNPN,&mdash;,2025-05-12T06:29:00Z,&mdash;,,
1 (05-11),True,False,TORONTO,VANCOUVER,2025-05-11,15,Hillsport,HLSP,&mdash;,2025-05-12T08:05:00Z,&mdash;,,
1 (05-11),True,False,TORONTO,VANCOUVER,2025-05-11,16,Caramat,CARA,&mdash;,2025-05-12T08:55:00Z,&mdash;,,
1 (05-11),True,False,TORONTO,VANCOUVER,2025-05-11,17,Longlac,LLAC,&mdash;,2025-05-12T09:34:00Z,&mdash;,,
1 (05-11),True,False,TORONTO,VANCOUVER,2025-05-11,18,Nakina,NAKI,&mdash;,2025-05-12T10:13:00Z,&mdash;,,
1 (05-11),True,False,TORONTO,VANCOUVER,2025-05-11,19,Auden,AUDN,&mdash;,2025-05-12T11:19:00Z,&mdash;,,
1 (05-11),True,False,TORONTO,VANCOUVER,2025-05-11,20,Ferland,FERL,&mdash;,2025-05-12T11:56:00Z,&mdash;,,
1 (05-11),True,False,TORONTO,VANCOUVER,2025-05-11,21,Mud River,MUDR,&mdash;,2025-05-12T12:05:00Z,&mdash;,,
1 (05-11),True,False,TORONTO,VANCOUVER,2025-05-11,22,Armstrong,ARMG,&mdash;,2025-05-12T13:17:00Z,&mdash;,,
1 (05-11),True,False,TORONTO,VANCOUVER,2025-05-11,23,Collins,COLL,&mdash;,2025-05-12T13:47:00Z,&mdash;,,
1 (05-11),True,False,TORONTO,VANCOUVER,2025-05-11,24,Allanwater Bridge,ALWB,&mdash;,2025-05-12T14:26:00Z,&mdash;,,
1 (05-11),True,False,TORONTO,VANCOUVER,2025-05-11,25,Flindt Landing,FLTL,&mdash;,2025-05-12T14:42:00Z,&mdash;,,
1 (05-11),True,False,TORONTO,VANCOUVER,2025-05-11,26,Savant Lake,SAVL,&mdash;,2025-05-12T14:59:00Z,&mdash;,,
1 (05-11),True,False,TORONTO,VANCOUVER,2025-05-11,27,Sioux Lookout,SLKT,&mdash;,2025-05-12T16:25:00Z,&mdash;,,
691,True,True,THE PAS,GILLAM,2025-05-09,0,Thompson,THOM,&mdash;,2025-05-09T17:00:00Z,&mdash;,,
691,True,True,THE PAS,GILLAM,2025-05-09,1,Sipiwesk,SIPI,2025-05-09T23:35:00Z,2025-05-09T23:35:00Z,ARR,goo,0.0
691,True,True,THE PAS,GILLAM,2025-05-09,2,Pikwitonei,PIKW,2025-05-10T00:02:00Z,2025-05-10T00:02:00Z,ARR,goo,0.0
691,True,True,THE PAS,GILLAM,2025-05-09,3,Bridgar,BRGR,2025-05-10T00:13:00Z,2025-05-10T00:13:00Z,ARR,goo,0.0
691,True,True,THE PAS,GILLAM,2025-05-09,4,Pit Siding,PITS,2025-05-10T01:35:00Z,2025-05-10T01:35:00Z,ARR,goo,0.0
691,True,True,THE PAS,GILLAM,2025-05-09,5,Ilford,ILFO,2025-05-10T02:36:00Z,2025-05-10T02:36:00Z,ARR,goo,0.0
691,True,True,THE PAS,GILLAM,2025-05-09,6,Wivenhoe,WVHO,2025-05-10T03:13:00Z,2025-05-10T03:13:00Z,ARR,goo,0.0
691,True,True,THE PAS,GILLAM,2025-05-09,7,Gillam,GILL,2025-05-10T04:00:01Z,2025-05-10T04:00:01Z,ARR,goo,0.0
24,True,True,OTTAWA,QUÉBEC,2025-05-11,0,Ottawa,OTTW,2025-05-11T14:13:00Z,2025-05-11T14:13:00Z,ARR,goo,0.0
24,True,True,OTTAWA,QUÉBEC,2025-05-11,1,Alexandria,ALEX,2025-05-11T15:06:14Z,2025-05-11T15:03:00Z,ARR,goo,3.0
24,True,True,OTTAWA,QUÉBEC,2025-05-11,2,Coteau,COTO,2025-05-11T15:26:31Z,2025-05-11T15:26:00Z,ARR,goo,0.0
24,True,True,OTTAWA,QUÉBEC,2025-05-11,3,Dorval,DORV,2025-05-11T15:57:40Z,2025-05-11T15:50:00Z,ARR,med,7.0
24,True,True,OTTAWA,QUÉBEC,2025-05-11,4,Montréal,MTRL,2025-05-11T16:22:09Z,2025-05-11T16:15:00Z,ARR,med,7.0
24,True,True,OTTAWA,QUÉBEC,2025-05-11,5,St. Lambert,SLAM,2025-05-11T17:00:12Z,2025-05-11T16:58:00Z,ARR,goo,2.0
24,True,True,OTTAWA,QUÉBEC,2025-05-11,6,St. Hyacinthe,SHYA,2025-05-11T17:31:59Z,2025-05-11T17:26:00Z,ARR,med,5.0
24,True,True,OTTAWA,QUÉBEC,2025-05-11,7,Drummondville,DRMV,2025-05-11T18:07:33Z,2025-05-11T17:54:00Z,ARR,med,13.0
24,True,True,OTTAWA,QUÉBEC,2025-05-11,8,Charny,CHNY,2025-05-11T20:10:29Z,2025-05-11T19:38:00Z,ARR,bad,32.0
24,True,True,OTTAWA,QUÉBEC,2025-05-11,9,Ste-Foy,SFOY,2025-05-11T20:19:26Z,2025-05-11T19:45:00Z,ARR,bad,34.0
24,True,True,OTTAWA,QUÉBEC,2025-05-11,10,Québec,QBEC,2025-05-11T20:48:59Z,2025-05-11T20:12:00Z,ARR,bad,36.0
37,True,True,QUÉBEC,OTTAWA,2025-05-11,0,Québec,QBEC,2025-05-11T17:00:00Z,2025-05-11T16:32:00Z,ARR,bad,28.0
37,True,True,QUÉBEC,OTTAWA,2025-05-11,1,Ste-Foy,SFOY,2025-05-11T18:10:20Z,2025-05-11T16:57:00Z,ARR,bad,73.0
37,True,True,QUÉBEC,OTTAWA,2025-05-11,2,Drummondville,DRMV,2025-05-11T20:34:33Z,2025-05-11T18:44:00Z,ARR,bad,110.0
37,True,True,QUÉBEC,OTTAWA,2025-05-11,3,St. Hyacinthe,SHYA,2025-05-11T21:10:41Z,2025-05-11T19:12:00Z,ARR,bad,118.0
37,True,True,QUÉBEC,OTTAWA,2025-05-11,4,St. Lambert,SLAM,2025-05-11T21:45:56Z,2025-05-11T19:39:00Z,ARR,bad,126.0
37,True,True,QUÉBEC,OTTAWA,2025-05-11,5,Montréal,MTRL,2025-05-11T22:02:49Z,2025-05-11T19:54:00Z,ARR,bad,128.0
37,True,True,QUÉBEC,OTTAWA,2025-05-11,6,Dorval,DORV,2025-05-11T21:00:00Z,2025-05-11T20:54:00Z,ARR,med,6.0
37,True,True,QUÉBEC,OTTAWA,2025-05-11,7,Coteau,COTO,2025-05-11T21:32:00Z,2025-05-11T21:23:00Z,ARR,med,9.0
37,True,True,QUÉBEC,OTTAWA,2025-05-11,8,Alexandria,ALEX,2025-05-11T23:53:55Z,2025-05-11T21:45:00Z,ARR,bad,128.0
37,True,True,QUÉBEC,OTTAWA,2025-05-11,9,Ottawa,OTTW,2025-05-11T22:35:56Z,2025-05-11T22:37:00Z,ARR,goo,-1.0
50,True,True,TORONTO,OTTAWA,2025-05-11,0,Toronto,TRTO,2025-05-11T10:32:00Z,2025-05-11T10:32:00Z,ARR,goo,0.0
50,True,True,TORONTO,OTTAWA,2025-05-11,1,Guildwood,GUIL,2025-05-11T10:47:14Z,2025-05-11T10:50:00Z,ARR,goo,-2.0
50,True,True,TORONTO,OTTAWA,2025-05-11,2,Oshawa,OSHA,2025-05-11T11:06:37Z,2025-05-11T11:08:00Z,ARR,goo,-1.0
50,True,True,TORONTO,OTTAWA,2025-05-11,3,Cobourg,CBRG,2025-05-11T11:49:45Z,2025-05-11T11:43:00Z,ARR,med,6.0
50,True,True,TORONTO,OTTAWA,2025-05-11,4,Belleville,BLVL,2025-05-11T12:29:24Z,2025-05-11T12:18:00Z,ARR,med,11.0
50,True,True,TORONTO,OTTAWA,2025-05-11,5,Kingston,KGON,2025-05-11T13:13:14Z,2025-05-11T12:57:00Z,ARR,bad,16.0
50,True,True,TORONTO,OTTAWA,2025-05-11,6,Brockville,BRKV,2025-05-11T14:10:21Z,2025-05-11T13:54:00Z,ARR,bad,16.0
50,True,True,TORONTO,OTTAWA,2025-05-11,7,Smiths Falls,SMTF,2025-05-11T15:02:18Z,2025-05-11T14:29:00Z,ARR,bad,33.0
50,True,True,TORONTO,OTTAWA,2025-05-11,8,Fallowfield,FALL,2025-05-11T15:36:56Z,2025-05-11T15:01:00Z,ARR,bad,35.0
50,True,True,TORONTO,OTTAWA,2025-05-11,9,Ottawa,OTTW,2025-05-11T16:03:31Z,2025-05-11T15:21:00Z,ARR,bad,42.0
53,True,True,OTTAWA,TORONTO,2025-05-11,0,Ottawa,OTTW,2025-05-11T15:43:00Z,2025-05-11T15:43:00Z,ARR,goo,0.0
53,True,True,OTTAWA,TORONTO,2025-05-11,1,Fallowfield,FALL,2025-05-11T15:58:18Z,2025-05-11T16:00:00Z,ARR,goo,-1.0
53,True,True,OTTAWA,TORONTO,2025-05-11,2,Brockville,BRKV,2025-05-11T17:04:20Z,2025-05-11T17:01:00Z,ARR,goo,3.0
53,True,True,OTTAWA,TORONTO,2025-05-11,3,Gananoque,GANA,2025-05-11T17:35:59Z,2025-05-11T17:31:00Z,ARR,goo,4.0
53,True,True,OTTAWA,TORONTO,2025-05-11,4,Kingston,KGON,2025-05-11T17:56:17Z,2025-05-11T17:54:00Z,ARR,goo,2.0
53,True,True,OTTAWA,TORONTO,2025-05-11,5,Belleville,BLVL,2025-05-11T18:44:05Z,2025-05-11T18:36:00Z,ARR,med,8.0
53,True,True,OTTAWA,TORONTO,2025-05-11,6,Cobourg,CBRG,2025-05-11T19:19:24Z,2025-05-11T19:12:00Z,ARR,med,7.0
53,True,True,OTTAWA,TORONTO,2025-05-11,7,Oshawa,OSHA,2025-05-11T19:56:29Z,2025-05-11T19:48:00Z,ARR,med,8.0
53,True,True,OTTAWA,TORONTO,2025-05-11,8,Toronto,TRTO,2025-05-11T20:45:32Z,2025-05-11T20:33:00Z,ARR,med,12.0
52,True,True,TORONTO,OTTAWA,2025-05-11,0,Toronto,TRTO,2025-05-11T12:32:00Z,2025-05-11T12:32:00Z,ARR,goo,0.0
52,True,True,TORONTO,OTTAWA,2025-05-11,1,Guildwood,GUIL,2025-05-11T12:50:50Z,2025-05-11T12:50:00Z,ARR,goo,0.0
52,True,True,TORONTO,OTTAWA,2025-05-11,2,Oshawa,OSHA,2025-05-11T13:13:54Z,2025-05-11T13:09:00Z,ARR,goo,4.0
52,True,True,TORONTO,OTTAWA,2025-05-11,3,Cobourg,CBRG,2025-05-11T13:50:15Z,2025-05-11T13:44:00Z,ARR,med,6.0
52,True,True,TORONTO,OTTAWA,2025-05-11,4,Belleville,BLVL,2025-05-11T14:25:46Z,2025-05-11T14:20:00Z,ARR,med,5.0
52,True,True,TORONTO,OTTAWA,2025-05-11,5,Kingston,KGON,2025-05-11T15:05:47Z,2025-05-11T15:00:00Z,ARR,med,5.0
52,True,True,TORONTO,OTTAWA,2025-05-11,6,Brockville,BRKV,2025-05-11T16:04:21Z,2025-05-11T15:57:00Z,ARR,med,7.0
52,True,True,TORONTO,OTTAWA,2025-05-11,7,Smiths Falls,SMTF,2025-05-11T16:39:13Z,2025-05-11T16:35:00Z,ARR,goo,4.0
52,True,True,TORONTO,OTTAWA,2025-05-11,8,Fallowfield,FALL,2025-05-11T17:09:31Z,2025-05-11T17:11:00Z,ARR,goo,-1.0
52,True,True,TORONTO,OTTAWA,2025-05-11,9,Ottawa,OTTW,2025-05-11T17:31:47Z,2025-05-11T17:32:00Z,ARR,goo,0.0
64,True,True,TORONTO,MONTRÉAL,2025-05-11,0,Toronto,TRTO,2025-05-11T15:37:00Z,2025-05-11T15:37:00Z,ARR,goo,0.0
64,True,True,TORONTO,MONTRÉAL,2025-05-11,1,Guildwood,GUIL,2025-05-11T15:54:22Z,2025-05-11T15:55:00Z,ARR,goo,0.0
64,True,True,TORONTO,MONTRÉAL,2025-05-11,2,Oshawa,OSHA,2025-05-11T16:16:33Z,2025-05-11T16:09:00Z,ARR,med,7.0
64,True,True,TORONTO,MONTRÉAL,2025-05-11,3,Cobourg,CBRG,2025-05-11T16:49:56Z,2025-05-11T16:46:00Z,ARR,goo,3.0
64,True,True,TORONTO,MONTRÉAL,2025-05-11,4,Belleville,BLVL,2025-05-11T17:35:23Z,2025-05-11T17:22:00Z,ARR,med,13.0
64,True,True,TORONTO,MONTRÉAL,2025-05-11,5,Kingston,KGON,2025-05-11T18:19:44Z,2025-05-11T18:03:00Z,ARR,bad,16.0
64,True,True,TORONTO,MONTRÉAL,2025-05-11,6,Brockville,BRKV,2025-05-11T19:09:21Z,2025-05-11T18:52:00Z,ARR,bad,17.0
64,True,True,TORONTO,MONTRÉAL,2025-05-11,7,Cornwall,CWLL,2025-05-11T19:55:05Z,2025-05-11T19:42:00Z,ARR,med,13.0
64,True,True,TORONTO,MONTRÉAL,2025-05-11,8,Dorval,DORV,2025-05-11T20:43:59Z,2025-05-11T20:37:00Z,ARR,med,6.0
64,True,True,TORONTO,MONTRÉAL,2025-05-11,9,Montréal,MTRL,2025-05-11T21:08:51Z,2025-05-11T21:05:00Z,ARR,goo,3.0
65,True,True,MONTRÉAL,TORONTO,2025-05-11,0,Montréal,MTRL,2025-05-11T14:49:00Z,2025-05-11T14:49:00Z,ARR,goo,0.0
65,True,True,MONTRÉAL,TORONTO,2025-05-11,1,Dorval,DORV,2025-05-11T15:14:01Z,2025-05-11T15:12:00Z,ARR,goo,2.0
65,True,True,MONTRÉAL,TORONTO,2025-05-11,2,Cornwall,CWLL,2025-05-11T16:00:28Z,2025-05-11T16:06:00Z,ARR,goo,-5.0
65,True,True,MONTRÉAL,TORONTO,2025-05-11,3,Kingston,KGON,2025-05-11T17:30:07Z,2025-05-11T17:36:00Z,ARR,goo,-5.0
65,True,True,MONTRÉAL,TORONTO,2025-05-11,4,Belleville,BLVL,2025-05-11T18:26:44Z,2025-05-11T18:20:00Z,ARR,med,6.0
65,True,True,MONTRÉAL,TORONTO,2025-05-11,5,Cobourg,CBRG,2025-05-11T19:00:38Z,2025-05-11T18:58:00Z,ARR,goo,2.0
65,True,True,MONTRÉAL,TORONTO,2025-05-11,6,Oshawa,OSHA,2025-05-11T19:38:07Z,2025-05-11T19:34:00Z,ARR,goo,4.0
65,True,True,MONTRÉAL,TORONTO,2025-05-11,7,Toronto,TRTO,2025-05-11T20:33:32Z,2025-05-11T20:18:00Z,ARR,bad,15.0
67,True,True,MONTRÉAL,TORONTO,2025-05-11,0,Montréal,MTRL,2025-05-11T17:22:00Z,2025-05-11T17:22:00Z,ARR,goo,0.0
67,True,True,MONTRÉAL,TORONTO,2025-05-11,1,Dorval,DORV,2025-05-11T17:45:17Z,2025-05-11T17:47:00Z,ARR,goo,-1.0
67,True,True,MONTRÉAL,TORONTO,2025-05-11,2,Cornwall,CWLL,2025-05-11T18:35:53Z,2025-05-11T18:38:00Z,ARR,goo,-2.0
67,True,True,MONTRÉAL,TORONTO,2025-05-11,3,Kingston,KGON,2025-05-11T20:03:03Z,2025-05-11T20:03:00Z,ARR,goo,0.0
67,True,True,MONTRÉAL,TORONTO,2025-05-11,4,Belleville,BLVL,2025-05-11T20:44:35Z,2025-05-11T20:42:00Z,ARR,goo,2.0
67,True,True,MONTRÉAL,TORONTO,2025-05-11,5,Cobourg,CBRG,2025-05-11T21:23:02Z,2025-05-11T21:17:00Z,ARR,med,6.0
67,True,True,MONTRÉAL,TORONTO,2025-05-11,6,Oshawa,OSHA,2025-05-11T22:00:02Z,2025-05-11T21:50:00Z,ARR,med,10.0
67,True,True,MONTRÉAL,TORONTO,2025-05-11,7,Toronto,TRTO,2025-05-11T23:06:43Z,2025-05-11T22:45:00Z,ARR,bad,21.0
70,True,True,WINDSOR,TORONTO,2025-05-11,0,Windsor,WDON,2025-05-11T09:35:29Z,2025-05-11T09:35:00Z,ARR,goo,0.0
70,True,True,WINDSOR,TORONTO,2025-05-11,1,Chatham,CHAT,2025-05-11T10:19:37Z,2025-05-11T10:19:00Z,ARR,goo,0.0
70,True,True,WINDSOR,TORONTO,2025-05-11,2,London,LNDN,2025-05-11T11:33:29Z,2025-05-11T11:25:00Z,ARR,med,8.0
70,True,True,WINDSOR,TORONTO,2025-05-11,3,Ingersoll,INGR,2025-05-11T11:57:48Z,2025-05-11T11:55:00Z,ARR,goo,2.0
70,True,True,WINDSOR,TORONTO,2025-05-11,4,Woodstock,WDST,2025-05-11T12:09:18Z,2025-05-11T12:08:00Z,ARR,goo,1.0
70,True,True,WINDSOR,TORONTO,2025-05-11,5,Brantford,BRTF,2025-05-11T12:41:19Z,2025-05-11T12:44:00Z,ARR,goo,-2.0
70,True,True,WINDSOR,TORONTO,2025-05-11,6,Aldershot,ALDR,2025-05-11T13:18:14Z,2025-05-11T13:25:00Z,ARR,goo,-6.0
70,True,True,WINDSOR,TORONTO,2025-05-11,7,Oakville,OAKV,2025-05-11T13:44:25Z,2025-05-11T13:43:00Z,ARR,goo,1.0
70,True,True,WINDSOR,TORONTO,2025-05-11,8,Toronto,TRTO,2025-05-11T14:15:48Z,2025-05-11T14:10:00Z,ARR,med,5.0
71,True,True,TORONTO,WINDSOR,2025-05-11,0,Toronto,TRTO,2025-05-11T10:50:00Z,2025-05-11T10:50:00Z,ARR,goo,0.0
71,True,True,TORONTO,WINDSOR,2025-05-11,1,Oakville,OAKV,2025-05-11T11:14:12Z,2025-05-11T11:13:00Z,ARR,goo,1.0
71,True,True,TORONTO,WINDSOR,2025-05-11,2,Aldershot,ALDR,2025-05-11T11:30:37Z,2025-05-11T11:29:00Z,ARR,goo,1.0
71,True,True,TORONTO,WINDSOR,2025-05-11,3,Brantford,BRTF,2025-05-11T12:01:15Z,2025-05-11T11:55:00Z,ARR,med,6.0
71,True,True,TORONTO,WINDSOR,2025-05-11,4,Woodstock,WDST,2025-05-11T12:29:23Z,2025-05-11T12:30:00Z,ARR,goo,0.0
71,True,True,TORONTO,WINDSOR,2025-05-11,5,Ingersoll,INGR,2025-05-11T12:40:45Z,2025-05-11T12:43:00Z,ARR,goo,-2.0
71,True,True,TORONTO,WINDSOR,2025-05-11,6,London,LNDN,2025-05-11T13:07:06Z,2025-05-11T13:06:00Z,ARR,goo,1.0
71,True,True,TORONTO,WINDSOR,2025-05-11,7,Glencoe,GLNC,2025-05-11T13:41:16Z,2025-05-11T13:39:00Z,ARR,goo,2.0
71,True,True,TORONTO,WINDSOR,2025-05-11,8,Chatham,CHAT,2025-05-11T14:41:34Z,2025-05-11T14:18:00Z,ARR,bad,23.0
71,True,True,TORONTO,WINDSOR,2025-05-11,9,Windsor,WDON,2025-05-11T15:25:11Z,2025-05-11T15:08:00Z,ARR,bad,17.0
72,True,True,WINDSOR,TORONTO,2025-05-11,0,Windsor,WDON,2025-05-11T12:43:05Z,2025-05-11T12:43:00Z,ARR,goo,0.0
72,True,True,WINDSOR,TORONTO,2025-05-11,1,Chatham,CHAT,2025-05-11T13:25:39Z,2025-05-11T13:25:00Z,ARR,goo,0.0
72,True,True,WINDSOR,TORONTO,2025-05-11,2,Glencoe,GLNC,2025-05-11T14:09:18Z,2025-05-11T14:05:00Z,ARR,goo,4.0
72,True,True,WINDSOR,TORONTO,2025-05-11,3,London,LNDN,2025-05-11T14:42:40Z,2025-05-11T14:39:00Z,ARR,goo,3.0
72,True,True,WINDSOR,TORONTO,2025-05-11,4,Ingersoll,INGR,2025-05-11T15:08:46Z,2025-05-11T15:07:00Z,ARR,goo,1.0
72,True,True,WINDSOR,TORONTO,2025-05-11,5,Woodstock,WDST,2025-05-11T15:20:10Z,2025-05-11T15:23:00Z,ARR,goo,-2.0
72,True,True,WINDSOR,TORONTO,2025-05-11,6,Brantford,BRTF,2025-05-11T15:51:51Z,2025-05-11T15:55:00Z,ARR,goo,-3.0
72,True,True,WINDSOR,TORONTO,2025-05-11,7,Aldershot,ALDR,2025-05-11T16:27:09Z,2025-05-11T16:29:00Z,ARR,goo,-1.0
72,True,True,WINDSOR,TORONTO,2025-05-11,8,Oakville,OAKV,2025-05-11T16:45:10Z,2025-05-11T16:45:00Z,ARR,goo,0.0
72,True,True,WINDSOR,TORONTO,2025-05-11,9,Toronto,TRTO,2025-05-11T17:08:36Z,2025-05-11T17:11:00Z,ARR,goo,-2.0
73,True,True,TORONTO,WINDSOR,2025-05-11,0,Toronto,TRTO,2025-05-11T15:30:00Z,2025-05-11T15:30:00Z,ARR,goo,0.0
73,True,True,TORONTO,WINDSOR,2025-05-11,1,Oakville,OAKV,2025-05-11T15:53:36Z,2025-05-11T15:51:00Z,ARR,goo,2.0
73,True,True,TORONTO,WINDSOR,2025-05-11,2,Aldershot,ALDR,2025-05-11T16:09:07Z,2025-05-11T16:09:00Z,ARR,goo,0.0
73,True,True,TORONTO,WINDSOR,2025-05-11,3,Brantford,BRTF,2025-05-11T16:40:33Z,2025-05-11T16:40:00Z,ARR,goo,0.0
73,True,True,TORONTO,WINDSOR,2025-05-11,4,Woodstock,WDST,2025-05-11T17:08:18Z,2025-05-11T17:09:00Z,ARR,goo,0.0
73,True,True,TORONTO,WINDSOR,2025-05-11,5,London,LNDN,2025-05-11T17:38:21Z,2025-05-11T17:38:00Z,ARR,goo,0.0
73,True,True,TORONTO,WINDSOR,2025-05-11,6,Chatham,CHAT,2025-05-11T18:58:48Z,2025-05-11T18:50:00Z,ARR,med,8.0
73,True,True,TORONTO,WINDSOR,2025-05-11,7,Windsor,WDON,2025-05-11T19:44:05Z,2025-05-11T19:45:00Z,ARR,goo,0.0
84,True,True,SARNIA,TORONTO,2025-05-11,0,Sarnia,SARN,2025-05-11T12:40:00Z,2025-05-11T12:40:00Z,ARR,goo,0.0
84,True,True,SARNIA,TORONTO,2025-05-11,1,Wyoming,WYOM,2025-05-11T12:59:02Z,2025-05-11T12:55:00Z,ARR,goo,4.0
84,True,True,SARNIA,TORONTO,2025-05-11,2,Strathroy,STRR,2025-05-11T13:26:09Z,2025-05-11T13:27:00Z,ARR,goo,0.0
84,True,True,SARNIA,TORONTO,2025-05-11,3,London,LNDN,2025-05-11T13:52:11Z,2025-05-11T13:52:00Z,ARR,goo,0.0
84,True,True,SARNIA,TORONTO,2025-05-11,4,St.Marys,SMYS,2025-05-11T14:57:50Z,2025-05-11T14:45:00Z,ARR,med,12.0
84,True,True,SARNIA,TORONTO,2025-05-11,5,Stratford,STRF,2025-05-11T15:27:02Z,2025-05-11T15:14:00Z,ARR,med,13.0
84,True,True,SARNIA,TORONTO,2025-05-11,6,Kitchener,KITC,2025-05-11T16:16:47Z,2025-05-11T16:02:00Z,ARR,med,14.0
84,True,True,SARNIA,TORONTO,2025-05-11,7,Guelph,GUEL,2025-05-11T16:37:47Z,2025-05-11T16:24:00Z,ARR,med,13.0
84,True,True,SARNIA,TORONTO,2025-05-11,8,Georgetown,GEOR,2025-05-11T17:07:10Z,2025-05-11T16:47:00Z,ARR,bad,20.0
84,True,True,SARNIA,TORONTO,2025-05-11,9,Brampton,BRMP,2025-05-11T17:20:08Z,2025-05-11T16:59:00Z,ARR,bad,21.0
84,True,True,SARNIA,TORONTO,2025-05-11,10,Malton,MALT,2025-05-11T17:33:17Z,2025-05-11T17:11:00Z,ARR,bad,22.0
84,True,True,SARNIA,TORONTO,2025-05-11,11,Toronto,TRTO,2025-05-11T17:59:43Z,2025-05-11T17:38:00Z,ARR,bad,21.0
97,True,True,TORONTO,NIAGARA FALLS,2025-05-11,0,Toronto,TRTO,2025-05-11T12:20:00Z,2025-05-11T12:20:00Z,ARR,goo,0.0
97,True,True,TORONTO,NIAGARA FALLS,2025-05-11,1,Oakville,OAKV,2025-05-11T12:43:00Z,2025-05-11T12:43:00Z,ARR,goo,0.0
97,True,True,TORONTO,NIAGARA FALLS,2025-05-11,2,Aldershot,ALDR,2025-05-11T12:56:00Z,2025-05-11T12:56:00Z,ARR,goo,0.0
97,True,True,TORONTO,NIAGARA FALLS,2025-05-11,3,Grimsby,GRIM,2025-05-11T13:37:00Z,2025-05-11T13:37:00Z,ARR,goo,0.0
97,True,True,TORONTO,NIAGARA FALLS,2025-05-11,4,St. Catharines,SCAT,2025-05-11T13:57:00Z,2025-05-11T13:57:00Z,ARR,goo,0.0
97,True,True,TORONTO,NIAGARA FALLS,2025-05-11,5,Niagara Falls,NIAG,2025-05-11T14:20:00Z,2025-05-11T14:20:00Z,ARR,goo,0.0
643,True,True,OTTAWA,TORONTO,2025-05-11,0,Ottawa,OTTW,2025-05-11T12:29:00Z,2025-05-11T12:29:00Z,ARR,goo,0.0
643,True,True,OTTAWA,TORONTO,2025-05-11,1,Fallowfield,FALL,2025-05-11T12:44:55Z,2025-05-11T12:45:00Z,ARR,goo,0.0
643,True,True,OTTAWA,TORONTO,2025-05-11,2,Smiths Falls,SMTF,2025-05-11T13:15:40Z,2025-05-11T13:17:00Z,ARR,goo,-1.0
643,True,True,OTTAWA,TORONTO,2025-05-11,3,Brockville,BRKV,2025-05-11T13:50:10Z,2025-05-11T13:49:00Z,ARR,goo,1.0
643,True,True,OTTAWA,TORONTO,2025-05-11,4,Kingston,KGON,2025-05-11T14:41:26Z,2025-05-11T14:32:00Z,ARR,med,9.0
643,True,True,OTTAWA,TORONTO,2025-05-11,5,Napanee,NAPN,2025-05-11T15:05:56Z,2025-05-11T14:57:00Z,ARR,med,8.0
643,True,True,OTTAWA,TORONTO,2025-05-11,6,Belleville,BLVL,2025-05-11T15:31:31Z,2025-05-11T15:17:00Z,ARR,med,14.0
643,True,True,OTTAWA,TORONTO,2025-05-11,7,Trenton Jct.,TRNJ,2025-05-11T15:45:50Z,2025-05-11T15:31:00Z,ARR,med,14.0
643,True,True,OTTAWA,TORONTO,2025-05-11,8,Cobourg,CBRG,2025-05-11T16:18:59Z,2025-05-11T15:57:00Z,ARR,bad,21.0
643,True,True,OTTAWA,TORONTO,2025-05-11,9,Port Hope,PHOP,2025-05-11T16:29:19Z,2025-05-11T16:07:00Z,ARR,bad,22.0
643,True,True,OTTAWA,TORONTO,2025-05-11,10,Oshawa,OSHA,2025-05-11T17:03:46Z,2025-05-11T16:35:00Z,ARR,bad,28.0
643,True,True,OTTAWA,TORONTO,2025-05-11,11,Guildwood,GUIL,2025-05-11T17:26:45Z,2025-05-11T16:58:00Z,ARR,bad,28.0
643,True,True,OTTAWA,TORONTO,2025-05-11,12,Toronto,TRTO,2025-05-11T17:48:59Z,2025-05-11T17:18:00Z,ARR,bad,30.0
62,True,True,TORONTO,MONTRÉAL,2025-05-11,0,Toronto,TRTO,2025-05-11T12:32:00Z,2025-05-11T12:32:00Z,ARR,goo,0.0
62,True,True,TORONTO,MONTRÉAL,2025-05-11,1,Guildwood,GUIL,2025-05-11T12:50:40Z,2025-05-11T12:50:00Z,ARR,goo,0.0
62,True,True,TORONTO,MONTRÉAL,2025-05-11,2,Oshawa,OSHA,2025-05-11T13:13:39Z,2025-05-11T13:09:00Z,ARR,goo,4.0
62,True,True,TORONTO,MONTRÉAL,2025-05-11,3,Cobourg,CBRG,2025-05-11T13:49:56Z,2025-05-11T13:44:00Z,ARR,med,5.0
62,True,True,TORONTO,MONTRÉAL,2025-05-11,4,Belleville,BLVL,2025-05-11T14:25:31Z,2025-05-11T14:20:00Z,ARR,med,5.0
62,True,True,TORONTO,MONTRÉAL,2025-05-11,5,Kingston,KGON,2025-05-11T15:05:38Z,2025-05-11T15:00:00Z,ARR,med,5.0
62,True,True,TORONTO,MONTRÉAL,2025-05-11,6,Cornwall,CWLL,2025-05-11T16:46:46Z,2025-05-11T16:43:00Z,ARR,goo,3.0
62,True,True,TORONTO,MONTRÉAL,2025-05-11,7,Dorval,DORV,2025-05-11T17:49:12Z,2025-05-11T17:34:00Z,ARR,bad,15.0
62,True,True,TORONTO,MONTRÉAL,2025-05-11,8,Montréal,MTRL,2025-05-11T18:14:28Z,2025-05-11T18:00:00Z,ARR,med,14.0
622,True,True,MONTRÉAL,QUÉBEC,2025-05-11,0,Montréal,MTRL,2025-05-11T12:20:00Z,2025-05-11T12:20:00Z,ARR,goo,0.0
622,True,True,MONTRÉAL,QUÉBEC,2025-05-11,1,St. Lambert,SLAM,2025-05-11T12:46:03Z,2025-05-11T12:33:00Z,ARR,med,13.0
622,True,True,MONTRÉAL,QUÉBEC,2025-05-11,2,St. Hyacinthe,SHYA,2025-05-11T13:12:46Z,2025-05-11T13:00:00Z,ARR,med,12.0
622,True,True,MONTRÉAL,QUÉBEC,2025-05-11,3,Drummondville,DRMV,2025-05-11T13:42:39Z,2025-05-11T13:29:00Z,ARR,med,13.0
622,True,True,MONTRÉAL,QUÉBEC,2025-05-11,4,Ste-Foy,SFOY,2025-05-11T15:25:53Z,2025-05-11T15:11:00Z,ARR,med,14.0
622,True,True,MONTRÉAL,QUÉBEC,2025-05-11,5,Québec,QBEC,2025-05-11T16:05:05Z,2025-05-11T15:39:00Z,ARR,bad,26.0
43,True,True,OTTAWA,TORONTO,2025-05-11,0,Ottawa,OTTW,2025-05-11T13:35:00Z,2025-05-11T13:35:00Z,ARR,goo,0.0
43,True,True,OTTAWA,TORONTO,2025-05-11,1,Fallowfield,FALL,2025-05-11T13:50:48Z,2025-05-11T13:52:00Z,ARR,goo,-1.0
43,True,True,OTTAWA,TORONTO,2025-05-11,2,Kingston,KGON,2025-05-11T15:29:40Z,2025-05-11T15:31:00Z,ARR,goo,-1.0
43,True,True,OTTAWA,TORONTO,2025-05-11,3,Guildwood,GUIL,2025-05-11T17:49:35Z,2025-05-11T17:28:00Z,ARR,bad,21.0
43,True,True,OTTAWA,TORONTO,2025-05-11,4,Toronto,TRTO,2025-05-11T18:16:03Z,2025-05-11T17:48:00Z,ARR,bad,28.0
633,True,True,MONTRÉAL,OTTAWA,2025-05-11,0,Montréal,MTRL,2025-05-11T13:00:00Z,2025-05-11T13:00:00Z,ARR,goo,0.0
633,True,True,MONTRÉAL,OTTAWA,2025-05-11,1,Dorval,DORV,2025-05-11T13:28:34Z,2025-05-11T13:24:00Z,ARR,goo,4.0
633,True,True,MONTRÉAL,OTTAWA,2025-05-11,2,Alexandria,ALEX,2025-05-11T14:22:43Z,2025-05-11T14:11:00Z,ARR,med,11.0
633,True,True,MONTRÉAL,OTTAWA,2025-05-11,3,Casselman,CSLM,2025-05-11T14:46:04Z,2025-05-11T14:34:00Z,ARR,med,12.0
633,True,True,MONTRÉAL,OTTAWA,2025-05-11,4,Ottawa,OTTW,2025-05-11T15:11:45Z,2025-05-11T15:05:00Z,ARR,med,6.0
45,True,True,OTTAWA,TORONTO,2025-05-11,0,Ottawa,OTTW,2025-05-11T14:24:00Z,2025-05-11T14:24:00Z,ARR,goo,0.0
45,True,True,OTTAWA,TORONTO,2025-05-11,1,Fallowfield,FALL,2025-05-11T14:41:13Z,2025-05-11T14:40:00Z,ARR,goo,1.0
45,True,True,OTTAWA,TORONTO,2025-05-11,2,Kingston,KGON,2025-05-11T16:40:25Z,2025-05-11T16:26:00Z,ARR,med,14.0
45,True,True,OTTAWA,TORONTO,2025-05-11,3,Toronto,TRTO,2025-05-11T19:29:07Z,2025-05-11T18:48:00Z,ARR,bad,41.0
15,True,False,HALIFAX,MONTRÉAL,2025-05-11,0,Halifax,HLFX,2025-05-11T14:30:00Z,2025-05-11T14:30:00Z,ARR,goo,0.0
15,True,False,HALIFAX,MONTRÉAL,2025-05-11,1,Truro,TRUR,2025-05-11T15:54:14Z,2025-05-11T15:56:00Z,ARR,goo,-1.0
15,True,False,HALIFAX,MONTRÉAL,2025-05-11,2,Springhill Jct,SPRJ,2025-05-11T17:08:21Z,2025-05-11T17:12:00Z,ARR,goo,-3.0
15,True,False,HALIFAX,MONTRÉAL,2025-05-11,3,Amherst,AMHS,2025-05-11T17:30:33Z,2025-05-11T17:35:00Z,ARR,goo,-4.0
15,True,False,HALIFAX,MONTRÉAL,2025-05-11,4,Sackville,SACK,2025-05-11T17:44:39Z,2025-05-11T17:52:00Z,ARR,goo,-7.0
15,True,False,HALIFAX,MONTRÉAL,2025-05-11,5,Moncton,MCTN,2025-05-11T18:34:40Z,2025-05-11T18:47:00Z,ARR,goo,-12.0
15,True,False,HALIFAX,MONTRÉAL,2025-05-11,6,Rogersville,RGRV,2025-05-11T20:14:51Z,2025-05-11T20:01:00Z,ARR,med,13.0
15,True,False,HALIFAX,MONTRÉAL,2025-05-11,7,Miramichi,MIRA,2025-05-11T21:01:12Z,2025-05-11T20:52:00Z,ARR,med,9.0
15,True,False,HALIFAX,MONTRÉAL,2025-05-11,8,Bathurst,BTRS,2025-05-11T22:43:46Z,2025-05-11T22:48:00Z,ARR,goo,-4.0
15,True,False,HALIFAX,MONTRÉAL,2025-05-11,9,Petit Rocher,PROC,2025-05-11T23:08:58Z,2025-05-11T23:17:00Z,ARR,goo,-8.0
15,True,False,HALIFAX,MONTRÉAL,2025-05-11,10,Jacquet River,JACR,2025-05-11T23:38:06Z,2025-05-11T23:40:01Z,ARR,goo,-1.0
15,True,False,HALIFAX,MONTRÉAL,2025-05-11,11,Charlo,CHLO,2025-05-12T00:12:05Z,2025-05-12T00:04:00Z,ARR,med,8.0
15,True,False,HALIFAX,MONTRÉAL,2025-05-11,12,Campbellton,CBTN,2025-05-12T01:01:11Z,2025-05-12T01:08:00Z,ARR,goo,-6.0
15,True,False,HALIFAX,MONTRÉAL,2025-05-11,13,Matapedia,MTPD,2025-05-12T04:23:34Z,2025-05-12T01:50:00Z,31 mins,bad,153.0
15,True,False,HALIFAX,MONTRÉAL,2025-05-11,14,Causapscal,CAUS,2025-05-12T05:12:34Z,2025-05-12T02:39:00Z,1h20,bad,153.0
15,True,False,HALIFAX,MONTRÉAL,2025-05-11,15,Amqui,AMQU,2025-05-12T05:32:34Z,2025-05-12T02:59:00Z,1h40,bad,153.0
15,True,False,HALIFAX,MONTRÉAL,2025-05-11,16,Sayabec,SAYA,2025-05-12T05:54:34Z,2025-05-12T03:21:00Z,2h02,bad,153.0
15,True,False,HALIFAX,MONTRÉAL,2025-05-11,17,Mont-Joli,MJLI,2025-05-12T07:24:34Z,2025-05-12T04:51:00Z,3h32,bad,153.0
15,True,False,HALIFAX,MONTRÉAL,2025-05-11,18,Rimouski,RMSK,2025-05-12T07:57:34Z,2025-05-12T05:24:00Z,4h05,bad,153.0
15,True,False,HALIFAX,MONTRÉAL,2025-05-11,19,Trois Pistoles,TPIS,2025-05-12T09:04:34Z,2025-05-12T06:31:00Z,5h12,bad,153.0
15,True,False,HALIFAX,MONTRÉAL,2025-05-11,20,Rivière-Du-Loup,RDLX,2025-05-12T09:51:34Z,2025-05-12T07:18:00Z,5h59,bad,153.0
15,True,False,HALIFAX,MONTRÉAL,2025-05-11,21,La Pocatière,LPOC,2025-05-12T10:38:34Z,2025-05-12T08:05:00Z,6h46,bad,153.0
15,True,False,HALIFAX,MONTRÉAL,2025-05-11,22,Montmagny,MMGY,2025-05-12T11:12:34Z,2025-05-12T08:39:00Z,7h20,bad,153.0
15,True,False,HALIFAX,MONTRÉAL,2025-05-11,23,Ste-Foy,SFOY,2025-05-12T12:46:34Z,2025-05-12T10:13:00Z,8h54,bad,153.0
15,True,False,HALIFAX,MONTRÉAL,2025-05-11,24,Drummondville,DRMV,2025-05-12T14:53:34Z,2025-05-12T12:20:00Z,11h01,bad,153.0
15,True,False,HALIFAX,MONTRÉAL,2025-05-11,25,St. Hyacinthe,SHYA,2025-05-12T15:33:34Z,2025-05-12T13:00:00Z,11h41,bad,153.0
15,True,False,HALIFAX,MONTRÉAL,2025-05-11,26,St. Lambert,SLAM,2025-05-12T16:07:34Z,2025-05-12T13:34:00Z,12h15,bad,153.0
15,True,False,HALIFAX,MONTRÉAL,2025-05-11,27,Montréal,MTRL,2025-05-12T16:26:34Z,2025-05-12T13:53:00Z,12h34,bad,153.0
6,True,False,PRINCE RUPERT,JASPER,2025-05-11,0,Prince Rupert,PRUP,2025-05-11T15:01:11Z,2025-05-11T15:00:00Z,ARR,goo,1.0
6,True,False,PRINCE RUPERT,JASPER,2025-05-11,1,Cassiar Cannery,CASS,2025-05-11T15:44:17Z,2025-05-11T15:20:00Z,ARR,bad,24.0
6,True,False,PRINCE RUPERT,JASPER,2025-05-11,2,Kwinitsa,KWIN,2025-05-11T16:28:58Z,2025-05-11T16:17:00Z,ARR,med,11.0
6,True,False,PRINCE RUPERT,JASPER,2025-05-11,3,Terrace,TRRC,2025-05-11T17:36:00Z,2025-05-11T17:20:00Z,ARR,bad,16.0
6,True,False,PRINCE RUPERT,JASPER,2025-05-11,4,Usk,USKX,2025-05-11T18:02:49Z,2025-05-11T17:48:00Z,ARR,med,14.0
6,True,False,PRINCE RUPERT,JASPER,2025-05-11,5,Pacific,PACI,2025-05-11T18:18:13Z,2025-05-11T18:07:00Z,ARR,med,11.0
6,True,False,PRINCE RUPERT,JASPER,2025-05-11,6,Dorreen,DORR,2025-05-11T18:26:14Z,2025-05-11T18:19:00Z,ARR,med,7.0
6,True,False,PRINCE RUPERT,JASPER,2025-05-11,7,Cedarvale,CEDA,2025-05-11T18:44:15Z,2025-05-11T18:44:00Z,ARR,goo,0.0
6,True,False,PRINCE RUPERT,JASPER,2025-05-11,8,Kitwanga,KITW,2025-05-11T19:01:37Z,2025-05-11T18:48:01Z,ARR,med,13.0
6,True,False,PRINCE RUPERT,JASPER,2025-05-11,9,New Hazelton,NHAZ,2025-05-11T19:44:02Z,2025-05-11T19:30:00Z,ARR,med,14.0
6,True,False,PRINCE RUPERT,JASPER,2025-05-11,10,Smithers,SMTR,2025-05-11T21:24:09Z,2025-05-11T21:14:00Z,ARR,med,10.0
6,True,False,PRINCE RUPERT,JASPER,2025-05-11,11,Telkwa,TELK,2025-05-11T21:57:03Z,2025-05-11T21:37:00Z,ARR,bad,20.0
6,True,False,PRINCE RUPERT,JASPER,2025-05-11,12,Houston,HOUS,2025-05-11T22:37:12Z,2025-05-11T22:22:00Z,ARR,bad,15.0
6,True,False,PRINCE RUPERT,JASPER,2025-05-11,13,Burns Lake,BRNL,2025-05-12T00:12:02Z,2025-05-11T23:32:00Z,ARR,bad,40.0
6,True,False,PRINCE RUPERT,JASPER,2025-05-11,14,Endako,ENDA,2025-05-12T01:01:34Z,2025-05-12T00:25:00Z,ARR,bad,36.0
6,True,False,PRINCE RUPERT,JASPER,2025-05-11,15,Fort Fraser,FFRA,2025-05-12T01:27:38Z,2025-05-12T00:57:00Z,ARR,bad,30.0
6,True,False,PRINCE RUPERT,JASPER,2025-05-11,16,Vanderhoof,VDRH,2025-05-12T01:59:08Z,2025-05-12T01:35:00Z,ARR,bad,24.0
6,True,False,PRINCE RUPERT,JASPER,2025-05-11,17,Prince George,PGEO,2025-05-12T04:00:05Z,2025-05-12T03:29:00Z,7 mins,bad,31.0
6,True,False,PRINCE RUPERT,JASPER,2025-05-11,18,Willow River,WILR,2025-05-12T15:48:00Z,2025-05-12T15:48:00Z,11h55,goo,0.0
6,True,False,PRINCE RUPERT,JASPER,2025-05-11,19,Aleza Lake,ALZL,2025-05-12T16:17:00Z,2025-05-12T16:17:00Z,12h24,goo,0.0
6,True,False,PRINCE RUPERT,JASPER,2025-05-11,20,Upper Fraser,UFRZ,2025-05-12T16:25:00Z,2025-05-12T16:25:00Z,12h32,goo,0.0
6,True,False,PRINCE RUPERT,JASPER,2025-05-11,21,Mcgregor,MCGR,2025-05-12T16:33:00Z,2025-05-12T16:33:00Z,12h40,goo,0.0
6,True,False,PRINCE RUPERT,JASPER,2025-05-11,22,Sinclair Mills,SINM,2025-05-12T16:44:00Z,2025-05-12T16:44:00Z,12h51,goo,0.0
6,True,False,PRINCE RUPERT,JASPER,2025-05-11,23,Hutton,HUTT,2025-05-12T16:48:00Z,2025-05-12T16:48:00Z,12h55,goo,0.0
6,True,False,PRINCE RUPERT,JASPER,2025-05-11,24,Longworth,LWTH,2025-05-12T16:59:00Z,2025-05-12T16:59:00Z,13h06,goo,0.0
6,True,False,PRINCE RUPERT,JASPER,2025-05-11,25,Penny,PENN,2025-05-12T17:13:00Z,2025-05-12T17:13:00Z,13h20,goo,0.0
6,True,False,PRINCE RUPERT,JASPER,2025-05-11,26,Bend,BEND,2025-05-12T17:32:00Z,2025-05-12T17:32:00Z,13h39,goo,0.0
6,True,False,PRINCE RUPERT,JASPER,2025-05-11,27,Dome Creek,DOMC,2025-05-12T17:33:07Z,2025-05-12T17:33:07Z,13h40,goo,0.0
637,True,True,QUÉBEC,OTTAWA,2025-05-11,0,Québec,QBEC,2025-05-11T14:00:00Z,2025-05-11T14:00:00Z,ARR,goo,0.0
637,True,True,QUÉBEC,OTTAWA,2025-05-11,1,Ste-Foy,SFOY,2025-05-11T14:24:25Z,2025-05-11T14:25:00Z,ARR,goo,0.0
637,True,True,QUÉBEC,OTTAWA,2025-05-11,2,Drummondville,DRMV,2025-05-11T16:08:14Z,2025-05-11T16:08:00Z,ARR,goo,0.0
637,True,True,QUÉBEC,OTTAWA,2025-05-11,3,St. Lambert,SLAM,2025-05-11T17:30:40Z,2025-05-11T17:16:00Z,ARR,med,14.0
637,True,True,QUÉBEC,OTTAWA,2025-05-11,4,Montréal,MTRL,2025-05-11T17:48:22Z,2025-05-11T17:31:00Z,ARR,bad,17.0
637,True,True,QUÉBEC,OTTAWA,2025-05-11,5,Dorval,DORV,2025-05-11T18:35:51Z,2025-05-11T18:20:00Z,ARR,bad,15.0
637,True,True,QUÉBEC,OTTAWA,2025-05-11,6,Alexandria,ALEX,2025-05-11T19:50:22Z,2025-05-11T19:10:00Z,ARR,bad,40.0
637,True,True,QUÉBEC,OTTAWA,2025-05-11,7,Ottawa,OTTW,2025-05-11T20:47:01Z,2025-05-11T19:56:00Z,ARR,bad,51.0
47,True,True,OTTAWA,TORONTO,2025-05-11,0,Ottawa,OTTW,2025-05-11T16:23:00Z,2025-05-11T16:23:00Z,ARR,goo,0.0
47,True,True,OTTAWA,TORONTO,2025-05-11,1,Fallowfield,FALL,2025-05-11T16:40:02Z,2025-05-11T16:40:00Z,ARR,goo,0.0
47,True,True,OTTAWA,TORONTO,2025-05-11,2,Smiths Falls,SMTF,2025-05-11T17:15:37Z,2025-05-11T17:18:00Z,ARR,goo,-2.0
47,True,True,OTTAWA,TORONTO,2025-05-11,3,Brockville,BRKV,2025-05-11T17:56:43Z,2025-05-11T17:54:00Z,ARR,goo,2.0
47,True,True,OTTAWA,TORONTO,2025-05-11,4,Gananoque,GANA,2025-05-11T18:24:03Z,2025-05-11T18:22:00Z,ARR,goo,2.0
47,True,True,OTTAWA,TORONTO,2025-05-11,5,Kingston,KGON,2025-05-11T19:01:25Z,2025-05-11T18:45:00Z,ARR,bad,16.0
47,True,True,OTTAWA,TORONTO,2025-05-11,6,Belleville,BLVL,2025-05-11T19:44:06Z,2025-05-11T19:26:00Z,ARR,bad,18.0
47,True,True,OTTAWA,TORONTO,2025-05-11,7,Oshawa,OSHA,2025-05-11T20:52:11Z,2025-05-11T20:33:00Z,ARR,bad,19.0
47,True,True,OTTAWA,TORONTO,2025-05-11,8,Guildwood,GUIL,2025-05-11T21:18:38Z,2025-05-11T20:58:00Z,ARR,bad,20.0
47,True,True,OTTAWA,TORONTO,2025-05-11,9,Toronto,TRTO,2025-05-11T21:44:55Z,2025-05-11T21:30:00Z,ARR,med,14.0
606,True,True,SENNETERRE,MONTRÉAL,2025-05-11,0,Senneterre,SENN,2025-05-11T13:28:00Z,2025-05-11T13:28:00Z,ARR,goo,0.0
606,True,True,SENNETERRE,MONTRÉAL,2025-05-11,1,Mégiscane,MEGI,2025-05-11T13:47:56Z,2025-05-11T13:42:00Z,ARR,med,5.0
606,True,True,SENNETERRE,MONTRÉAL,2025-05-11,2,Signai,SIGN,2025-05-11T14:03:02Z,2025-05-11T13:58:00Z,ARR,med,5.0
606,True,True,SENNETERRE,MONTRÉAL,2025-05-11,3,Press,PRSS,2025-05-11T14:10:12Z,2025-05-11T14:06:00Z,ARR,goo,4.0
606,True,True,SENNETERRE,MONTRÉAL,2025-05-11,4,Forsythe,FORS,2025-05-11T14:29:12Z,2025-05-11T14:25:00Z,ARR,goo,4.0
606,True,True,SENNETERRE,MONTRÉAL,2025-05-11,5,Bolger,BGQU,2025-05-11T14:36:12Z,2025-05-11T14:32:00Z,ARR,goo,4.0
606,True,True,SENNETERRE,MONTRÉAL,2025-05-11,6,Dix,DIXX,2025-05-11T14:47:12Z,2025-05-11T14:43:00Z,ARR,goo,4.0
606,True,True,SENNETERRE,MONTRÉAL,2025-05-11,7,Gagnon,GAGN,2025-05-11T14:50:12Z,2025-05-11T14:46:00Z,ARR,goo,4.0
606,True,True,SENNETERRE,MONTRÉAL,2025-05-11,8,Da-Rou-Lac Lodge,DRLL,2025-05-11T14:59:12Z,2025-05-11T14:55:00Z,ARR,goo,4.0
606,True,True,SENNETERRE,MONTRÉAL,2025-05-11,9,Langlade,LNGL,2025-05-11T15:00:18Z,2025-05-11T14:56:06Z,ARR,goo,4.0
606,True,True,SENNETERRE,MONTRÉAL,2025-05-11,10,Club Beaudin Inc.,BDNC,2025-05-11T15:07:12Z,2025-05-11T15:03:00Z,ARR,goo,4.0
606,True,True,SENNETERRE,MONTRÉAL,2025-05-11,11,Bourmont,BRMT,2025-05-11T15:12:12Z,2025-05-11T15:08:00Z,ARR,goo,4.0
606,True,True,SENNETERRE,MONTRÉAL,2025-05-11,12,Club Kapitachuan,KPTC,2025-05-11T15:14:12Z,2025-05-11T15:10:00Z,ARR,goo,4.0
606,True,True,SENNETERRE,MONTRÉAL,2025-05-11,13,Consolidated Bathurst,CBAT,2025-05-11T15:18:12Z,2025-05-11T15:14:00Z,ARR,goo,4.0
606,True,True,SENNETERRE,MONTRÉAL,2025-05-11,14,Monet,MNET,2025-05-11T15:26:12Z,2025-05-11T15:22:00Z,ARR,goo,4.0
606,True,True,SENNETERRE,MONTRÉAL,2025-05-11,15,Coquar,COQU,2025-05-11T15:37:12Z,2025-05-11T15:33:00Z,ARR,goo,4.0
606,True,True,SENNETERRE,MONTRÉAL,2025-05-11,16,Clova,CLOV,2025-05-11T15:46:12Z,2025-05-11T15:42:00Z,ARR,goo,4.0
606,True,True,SENNETERRE,MONTRÉAL,2025-05-11,17,Rivière Oskélanéo,OSKR,2025-05-11T15:59:12Z,2025-05-11T15:55:00Z,ARR,goo,4.0
606,True,True,SENNETERRE,MONTRÉAL,2025-05-11,18,Oskelaneo Lodge,OSKL,2025-05-11T16:10:12Z,2025-05-11T16:06:00Z,ARR,goo,4.0
606,True,True,SENNETERRE,MONTRÉAL,2025-05-11,19,Greening,GRNG,2025-05-11T16:18:12Z,2025-05-11T16:14:00Z,ARR,goo,4.0
606,True,True,SENNETERRE,MONTRÉAL,2025-05-11,20,Club Maniwawa,MWWC,2025-05-11T16:29:12Z,2025-05-11T16:25:00Z,ARR,goo,4.0
606,True,True,SENNETERRE,MONTRÉAL,2025-05-11,21,Strachan,STRN,2025-05-11T16:36:12Z,2025-05-11T16:32:00Z,ARR,goo,4.0
606,True,True,SENNETERRE,MONTRÉAL,2025-05-11,22,Club Rita Inc.,RTAC,2025-05-11T16:40:12Z,2025-05-11T16:36:00Z,ARR,goo,4.0
606,True,True,SENNETERRE,MONTRÉAL,2025-05-11,23,Timbrell,TIMB,2025-05-11T16:50:12Z,2025-05-11T16:46:00Z,ARR,goo,4.0
606,True,True,SENNETERRE,MONTRÉAL,2025-05-11,24,Parent,PARE,2025-05-11T17:10:12Z,2025-05-11T17:06:00Z,ARR,goo,4.0
606,True,True,SENNETERRE,MONTRÉAL,2025-05-11,25,Manjobagues,MJBG,2025-05-11T17:28:12Z,2025-05-11T17:24:00Z,ARR,goo,4.0
606,True,True,SENNETERRE,MONTRÉAL,2025-05-11,26,Club Sisco,SSCC,2025-05-11T17:36:12Z,2025-05-11T17:32:00Z,ARR,goo,4.0
606,True,True,SENNETERRE,MONTRÉAL,2025-05-11,27,Mccarthy,MCCA,2025-05-11T17:39:12Z,2025-05-11T17:35:00Z,ARR,goo,4.0
606,True,True,SENNETERRE,MONTRÉAL,2025-05-11,28,Casey,CASY,2025-05-11T17:53:12Z,2025-05-11T17:49:00Z,ARR,goo,4.0
606,True,True,SENNETERRE,MONTRÉAL,2025-05-11,29,Hibbard,HIBB,2025-05-11T18:06:12Z,2025-05-11T18:02:00Z,ARR,goo,4.0
606,True,True,SENNETERRE,MONTRÉAL,2025-05-11,30,Club Belanger,BLGC,2025-05-11T18:30:38Z,2025-05-11T18:13:00Z,ARR,bad,17.0
606,True,True,SENNETERRE,MONTRÉAL,2025-05-11,31,Cann,CANN,2025-05-11T18:36:03Z,2025-05-11T18:19:00Z,ARR,bad,17.0
606,True,True,SENNETERRE,MONTRÉAL,2025-05-11,32,Sanmaur,SANM,2025-05-11T18:42:14Z,2025-05-11T18:26:00Z,ARR,bad,16.0
606,True,True,SENNETERRE,MONTRÉAL,2025-05-11,33,Weymont,WYMT,2025-05-11T18:46:54Z,2025-05-11T18:28:00Z,ARR,bad,18.0
606,True,True,SENNETERRE,MONTRÉAL,2025-05-11,34,Saint-Maurice Rivière-Boom,SMRB,2025-05-11T18:48:19Z,2025-05-11T18:31:00Z,ARR,bad,17.0
606,True,True,SENNETERRE,MONTRÉAL,2025-05-11,35,Dessane,DESS,2025-05-11T18:56:53Z,2025-05-11T18:40:00Z,ARR,bad,16.0
606,True,True,SENNETERRE,MONTRÉAL,2025-05-11,36,Vandry,VDRY,2025-05-11T19:01:38Z,2025-05-11T18:46:00Z,ARR,bad,15.0
606,True,True,SENNETERRE,MONTRÉAL,2025-05-11,37,Club Wigwam,WGWC,2025-05-11T19:09:38Z,2025-05-11T18:54:00Z,ARR,bad,15.0
606,True,True,SENNETERRE,MONTRÉAL,2025-05-11,38,Ferguson,FERG,2025-05-11T19:15:38Z,2025-05-11T19:00:00Z,ARR,bad,15.0
606,True,True,SENNETERRE,MONTRÉAL,2025-05-11,39,Windigo,WNDG,2025-05-11T19:23:38Z,2025-05-11T19:08:00Z,ARR,bad,15.0
606,True,True,SENNETERRE,MONTRÉAL,2025-05-11,40,Mctavish,MCTC,2025-05-11T19:25:38Z,2025-05-11T19:10:00Z,ARR,bad,15.0
606,True,True,SENNETERRE,MONTRÉAL,2025-05-11,41,Duplessis,DUPL,2025-05-11T19:39:38Z,2025-05-11T19:24:00Z,ARR,bad,15.0
606,True,True,SENNETERRE,MONTRÉAL,2025-05-11,42,Lac-Darey,LDAR,2025-05-11T19:52:38Z,2025-05-11T19:37:00Z,ARR,bad,15.0
606,True,True,SENNETERRE,MONTRÉAL,2025-05-11,43,Rapide-Blanc,RAPB,2025-05-11T20:12:38Z,2025-05-11T19:57:00Z,ARR,bad,15.0
606,True,True,SENNETERRE,MONTRÉAL,2025-05-11,44,Club Vermillion,VMLC,2025-05-11T20:15:38Z,2025-05-11T20:00:00Z,ARR,bad,15.0
606,True,True,SENNETERRE,MONTRÉAL,2025-05-11,45,Cressman,CRSM,2025-05-11T20:23:38Z,2025-05-11T20:08:00Z,ARR,bad,15.0
606,True,True,SENNETERRE,MONTRÉAL,2025-05-11,46,Fitzpatrick,FITZ,2025-05-11T20:42:36Z,2025-05-11T20:28:00Z,ARR,med,14.0
606,True,True,SENNETERRE,MONTRÉAL,2025-05-11,47,La Tuque,LTUQ,2025-05-11T20:54:44Z,2025-05-11T20:40:00Z,ARR,med,14.0
606,True,True,SENNETERRE,MONTRÉAL,2025-05-11,48,Hervey,HERV,2025-05-11T22:19:07Z,2025-05-11T22:15:00Z,ARR,goo,4.0
606,True,True,SENNETERRE,MONTRÉAL,2025-05-11,49,Saint-Tite,STIT,2025-05-11T22:42:38Z,2025-05-11T22:48:00Z,ARR,goo,-5.0
606,True,True,SENNETERRE,MONTRÉAL,2025-05-11,50,Garneau,GARN,2025-05-11T23:00:37Z,2025-05-11T23:02:00Z,ARR,goo,-1.0
606,True,True,SENNETERRE,MONTRÉAL,2025-05-11,51,Grand-Mère,GMRE,2025-05-11T23:10:52Z,2025-05-11T23:15:00Z,ARR,goo,-4.0
606,True,True,SENNETERRE,MONTRÉAL,2025-05-11,52,Shawinigan,SHWN,2025-05-11T23:18:02Z,2025-05-11T23:23:00Z,ARR,goo,-4.0
606,True,True,SENNETERRE,MONTRÉAL,2025-05-11,53,Charette,CHRT,2025-05-11T23:55:25Z,2025-05-11T23:46:00Z,ARR,med,9.0
606,True,True,SENNETERRE,MONTRÉAL,2025-05-11,54,St-Paulin,SPAU,2025-05-12T00:05:44Z,2025-05-11T23:56:00Z,ARR,med,9.0
606,True,True,SENNETERRE,MONTRÉAL,2025-05-11,55,St-Justin,SJUS,2025-05-12T00:12:44Z,2025-05-12T00:09:00Z,ARR,goo,3.0
606,True,True,SENNETERRE,MONTRÉAL,2025-05-11,56,Joliette,JOLI,2025-05-12T00:39:55Z,2025-05-12T00:38:00Z,ARR,goo,1.0
606,True,True,SENNETERRE,MONTRÉAL,2025-05-11,57,Anjou,ANJO,2025-05-12T01:16:18Z,2025-05-12T01:21:01Z,ARR,goo,-4.0
606,True,True,SENNETERRE,MONTRÉAL,2025-05-11,58,Sauvé,SAUV,2025-05-12T01:25:28Z,2025-05-12T01:35:00Z,ARR,goo,-9.0
606,True,True,SENNETERRE,MONTRÉAL,2025-05-11,59,Montréal,MTRL,2025-05-12T02:03:13Z,2025-05-12T02:46:00Z,ARR,goo,-42.0
63,True,True,MONTRÉAL,TORONTO,2025-05-11,0,Montréal,MTRL,2025-05-11T12:46:00Z,2025-05-11T12:46:00Z,ARR,goo,0.0
63,True,True,MONTRÉAL,TORONTO,2025-05-11,1,Dorval,DORV,2025-05-11T13:18:00Z,2025-05-11T13:11:00Z,ARR,med,7.0
63,True,True,MONTRÉAL,TORONTO,2025-05-11,2,Cornwall,CWLL,2025-05-11T14:02:35Z,2025-05-11T14:04:00Z,ARR,goo,-1.0
63,True,True,MONTRÉAL,TORONTO,2025-05-11,3,Brockville,BRKV,2025-05-11T14:51:53Z,2025-05-11T14:54:00Z,ARR,goo,-2.0
63,True,True,MONTRÉAL,TORONTO,2025-05-11,4,Kingston,KGON,2025-05-11T15:42:39Z,2025-05-11T15:39:00Z,ARR,goo,3.0
63,True,True,MONTRÉAL,TORONTO,2025-05-11,5,Belleville,BLVL,2025-05-11T16:25:36Z,2025-05-11T16:20:00Z,ARR,med,5.0
63,True,True,MONTRÉAL,TORONTO,2025-05-11,6,Cobourg,CBRG,2025-05-11T17:00:12Z,2025-05-11T16:58:00Z,ARR,goo,2.0
63,True,True,MONTRÉAL,TORONTO,2025-05-11,7,Oshawa,OSHA,2025-05-11T17:33:32Z,2025-05-11T17:34:00Z,ARR,goo,0.0
63,True,True,MONTRÉAL,TORONTO,2025-05-11,8,Guildwood,GUIL,2025-05-11T17:55:06Z,2025-05-11T17:58:00Z,ARR,goo,-2.0
63,True,True,MONTRÉAL,TORONTO,2025-05-11,9,Toronto,TRTO,2025-05-11T18:30:43Z,2025-05-11T18:18:00Z,ARR,med,12.0
624,True,True,OTTAWA,QUÉBEC,2025-05-11,0,Ottawa,OTTW,2025-05-11T11:45:00Z,2025-05-11T11:45:00Z,ARR,goo,0.0
624,True,True,OTTAWA,QUÉBEC,2025-05-11,1,Alexandria,ALEX,2025-05-11T12:26:53Z,2025-05-11T12:31:00Z,ARR,goo,-4.0
624,True,True,OTTAWA,QUÉBEC,2025-05-11,2,Dorval,DORV,2025-05-11T13:16:12Z,2025-05-11T13:16:00Z,ARR,goo,0.0
624,True,True,OTTAWA,QUÉBEC,2025-05-11,3,Montréal,MTRL,2025-05-11T13:44:50Z,2025-05-11T13:39:00Z,ARR,med,5.0
624,True,True,OTTAWA,QUÉBEC,2025-05-11,4,St. Lambert,SLAM,2025-05-11T14:30:35Z,2025-05-11T14:28:00Z,ARR,goo,2.0
624,True,True,OTTAWA,QUÉBEC,2025-05-11,5,St. Hyacinthe,SHYA,2025-05-11T15:06:27Z,2025-05-11T15:06:00Z,ARR,goo,0.0
624,True,True,OTTAWA,QUÉBEC,2025-05-11,6,Drummondville,DRMV,2025-05-11T15:44:41Z,2025-05-11T15:34:00Z,ARR,med,10.0
624,True,True,OTTAWA,QUÉBEC,2025-05-11,7,Charny,CHNY,2025-05-11T17:35:16Z,2025-05-11T17:13:00Z,ARR,bad,22.0
624,True,True,OTTAWA,QUÉBEC,2025-05-11,8,Ste-Foy,SFOY,2025-05-11T17:43:14Z,2025-05-11T17:20:00Z,ARR,bad,23.0
624,True,True,OTTAWA,QUÉBEC,2025-05-11,9,Québec,QBEC,2025-05-11T18:33:44Z,2025-05-11T17:48:00Z,ARR,bad,45.0
35,True,True,QUÉBEC,OTTAWA,2025-05-11,0,Québec,QBEC,2025-05-11T12:06:00Z,2025-05-11T12:06:00Z,ARR,goo,0.0
35,True,True,QUÉBEC,OTTAWA,2025-05-11,1,Ste-Foy,SFOY,2025-05-11T12:31:00Z,2025-05-11T12:31:00Z,ARR,goo,0.0
35,True,True,QUÉBEC,OTTAWA,2025-05-11,2,Charny,CHNY,2025-05-11T12:40:42Z,2025-05-11T12:40:00Z,ARR,goo,0.0
35,True,True,QUÉBEC,OTTAWA,2025-05-11,3,Drummondville,DRMV,2025-05-11T14:16:16Z,2025-05-11T14:14:00Z,ARR,goo,2.0
35,True,True,QUÉBEC,OTTAWA,2025-05-11,4,St. Hyacinthe,SHYA,2025-05-11T15:09:32Z,2025-05-11T14:44:00Z,ARR,bad,25.0
35,True,True,QUÉBEC,OTTAWA,2025-05-11,5,St. Lambert,SLAM,2025-05-11T15:44:41Z,2025-05-11T15:11:00Z,ARR,bad,33.0
35,True,True,QUÉBEC,OTTAWA,2025-05-11,6,Montréal,MTRL,2025-05-11T16:02:09Z,2025-05-11T15:26:00Z,ARR,bad,36.0
35,True,True,QUÉBEC,OTTAWA,2025-05-11,7,Dorval,DORV,2025-05-11T16:47:13Z,2025-05-11T16:18:00Z,ARR,bad,29.0
35,True,True,QUÉBEC,OTTAWA,2025-05-11,8,Coteau,COTO,2025-05-11T17:18:41Z,2025-05-11T16:46:00Z,ARR,bad,32.0
35,True,True,QUÉBEC,OTTAWA,2025-05-11,9,Alexandria,ALEX,2025-05-11T17:37:34Z,2025-05-11T17:08:00Z,ARR,bad,29.0
35,True,True,QUÉBEC,OTTAWA,2025-05-11,10,Casselman,CSLM,2025-05-11T17:59:20Z,2025-05-11T17:31:00Z,ARR,bad,28.0
35,True,True,QUÉBEC,OTTAWA,2025-05-11,11,Ottawa,OTTW,2025-05-11T18:24:07Z,2025-05-11T17:58:00Z,ARR,bad,26.0
40,True,True,TORONTO,OTTAWA,2025-05-11,0,Toronto,TRTO,2025-05-11T14:37:00Z,2025-05-11T14:37:00Z,ARR,goo,0.0
40,True,True,TORONTO,OTTAWA,2025-05-11,1,Belleville,BLVL,2025-05-11T16:18:54Z,2025-05-11T16:09:00Z,ARR,med,9.0
40,True,True,TORONTO,OTTAWA,2025-05-11,2,Kingston,KGON,2025-05-11T17:03:46Z,2025-05-11T16:48:00Z,ARR,bad,15.0
40,True,True,TORONTO,OTTAWA,2025-05-11,3,Fallowfield,FALL,2025-05-11T18:44:57Z,2025-05-11T18:38:00Z,ARR,med,6.0
40,True,True,TORONTO,OTTAWA,2025-05-11,4,Ottawa,OTTW,2025-05-11T19:05:02Z,2025-05-11T19:02:00Z,ARR,goo,3.0
602,True,True,JONQUIÈRE,MONTRÉAL,2025-05-11,0,Hébertville,HEBV,2025-05-11T16:30:59Z,2025-05-11T16:32:00Z,ARR,goo,-1.0
602,True,True,JONQUIÈRE,MONTRÉAL,2025-05-11,1,Chambord,CHBD,2025-05-11T17:09:12Z,2025-05-11T17:09:00Z,ARR,goo,0.0
602,True,True,JONQUIÈRE,MONTRÉAL,2025-05-11,2,Lac-Bouchette,LBOU,2025-05-11T17:59:44Z,2025-05-11T17:47:00Z,ARR,med,12.0
602,True,True,JONQUIÈRE,MONTRÉAL,2025-05-11,3,Club Lizotte,LIZO,2025-05-11T18:22:37Z,2025-05-11T18:13:00Z,ARR,med,9.0
602,True,True,JONQUIÈRE,MONTRÉAL,2025-05-11,4,Kondiaronk,KOND,2025-05-11T18:34:07Z,2025-05-11T18:26:00Z,ARR,med,8.0
602,True,True,JONQUIÈRE,MONTRÉAL,2025-05-11,5,Lac Des Roches,LDES,2025-05-11T18:35:54Z,2025-05-11T18:29:00Z,ARR,med,6.0
602,True,True,JONQUIÈRE,MONTRÉAL,2025-05-11,6,Van Bruyssel,VBRU,2025-05-11T18:44:52Z,2025-05-11T18:39:00Z,ARR,med,5.0
602,True,True,JONQUIÈRE,MONTRÉAL,2025-05-11,7,Kiskissink,KISK,2025-05-11T18:46:06Z,2025-05-11T18:40:14Z,ARR,med,5.0
602,True,True,JONQUIÈRE,MONTRÉAL,2025-05-11,8,Brooks,BRQU,2025-05-11T18:57:52Z,2025-05-11T18:52:00Z,ARR,med,5.0
602,True,True,JONQUIÈRE,MONTRÉAL,2025-05-11,9,Summit,SMQU,2025-05-11T19:07:52Z,2025-05-11T19:02:00Z,ARR,med,5.0
602,True,True,JONQUIÈRE,MONTRÉAL,2025-05-11,10,Club Sommet,SMMC,2025-05-11T19:08:58Z,2025-05-11T19:03:06Z,ARR,med,5.0
602,True,True,JONQUIÈRE,MONTRÉAL,2025-05-11,11,Club Grégoire,GRGC,2025-05-11T19:12:52Z,2025-05-11T19:07:00Z,ARR,med,5.0
602,True,True,JONQUIÈRE,MONTRÉAL,2025-05-11,12,Caribou,CARI,2025-05-11T19:19:52Z,2025-05-11T19:14:00Z,ARR,med,5.0
602,True,True,JONQUIÈRE,MONTRÉAL,2025-05-11,13,Cherokee,CHER,2025-05-11T19:21:52Z,2025-05-11T19:16:00Z,ARR,med,5.0
602,True,True,JONQUIÈRE,MONTRÉAL,2025-05-11,14,Lac-Édouard,LEDW,2025-05-11T19:34:52Z,2025-05-11T19:29:00Z,ARR,med,5.0
602,True,True,JONQUIÈRE,MONTRÉAL,2025-05-11,15,Club Triton,TRTC,2025-05-11T19:47:52Z,2025-05-11T19:42:00Z,ARR,med,5.0
602,True,True,JONQUIÈRE,MONTRÉAL,2025-05-11,16,Club Nicole,NCLC,2025-05-11T19:55:52Z,2025-05-11T19:50:00Z,ARR,med,5.0
602,True,True,JONQUIÈRE,MONTRÉAL,2025-05-11,17,Hirondelle,HRDL,2025-05-11T20:01:52Z,2025-05-11T19:56:00Z,ARR,med,5.0
602,True,True,JONQUIÈRE,MONTRÉAL,2025-05-11,18,Pearl Lake,PRLL,2025-05-11T20:05:06Z,2025-05-11T19:59:14Z,ARR,med,5.0
602,True,True,JONQUIÈRE,MONTRÉAL,2025-05-11,19,Sanford,SANF,2025-05-11T20:15:52Z,2025-05-11T20:10:00Z,ARR,med,5.0
602,True,True,JONQUIÈRE,MONTRÉAL,2025-05-11,20,Stadacona,STAD,2025-05-11T20:22:52Z,2025-05-11T20:17:00Z,ARR,med,5.0
602,True,True,JONQUIÈRE,MONTRÉAL,2025-05-11,21,Club Iroquois,IRQC,2025-05-11T20:27:52Z,2025-05-11T20:22:00Z,ARR,med,5.0
602,True,True,JONQUIÈRE,MONTRÉAL,2025-05-11,22,Lac Malouin,LMAL,2025-05-11T20:31:52Z,2025-05-11T20:26:00Z,ARR,med,5.0
602,True,True,JONQUIÈRE,MONTRÉAL,2025-05-11,23,Bima,BIMA,2025-05-11T20:33:52Z,2025-05-11T20:28:00Z,ARR,med,5.0
602,True,True,JONQUIÈRE,MONTRÉAL,2025-05-11,24,Saint-Hilaire,SHPN,2025-05-11T20:36:52Z,2025-05-11T20:31:00Z,ARR,med,5.0
602,True,True,JONQUIÈRE,MONTRÉAL,2025-05-11,25,Pont Beaudet,PBDT,2025-05-11T20:38:52Z,2025-05-11T20:33:00Z,ARR,med,5.0
602,True,True,JONQUIÈRE,MONTRÉAL,2025-05-11,26,Falrie,FALR,2025-05-11T20:41:52Z,2025-05-11T20:36:00Z,ARR,med,5.0
602,True,True,JONQUIÈRE,MONTRÉAL,2025-05-11,27,Club Jacques-Cartier,JACC,2025-05-11T20:44:52Z,2025-05-11T20:39:00Z,ARR,med,5.0
602,True,True,JONQUIÈRE,MONTRÉAL,2025-05-11,28,Miquick,MIQK,2025-05-11T20:58:52Z,2025-05-11T20:53:00Z,ARR,med,5.0
602,True,True,JONQUIÈRE,MONTRÉAL,2025-05-11,29,Rivière-À-Pierre,RAPX,2025-05-11T21:16:26Z,2025-05-11T21:28:00Z,ARR,goo,-11.0
602,True,True,JONQUIÈRE,MONTRÉAL,2025-05-11,30,Rousseau,ROUS,2025-05-11T21:37:21Z,2025-05-11T21:49:00Z,ARR,goo,-11.0
602,True,True,JONQUIÈRE,MONTRÉAL,2025-05-11,31,Hervey,HERV,2025-05-11T22:04:44Z,2025-05-11T22:20:00Z,ARR,goo,-15.0
602,True,True,JONQUIÈRE,MONTRÉAL,2025-05-11,32,Saint-Tite,STIT,2025-05-11T22:42:40Z,2025-05-11T22:48:00Z,ARR,goo,-5.0
602,True,True,JONQUIÈRE,MONTRÉAL,2025-05-11,33,Garneau,GARN,2025-05-11T23:00:56Z,2025-05-11T23:02:00Z,ARR,goo,-1.0
602,True,True,JONQUIÈRE,MONTRÉAL,2025-05-11,34,Grand-Mère,GMRE,2025-05-11T23:10:57Z,2025-05-11T23:15:00Z,ARR,goo,-4.0
602,True,True,JONQUIÈRE,MONTRÉAL,2025-05-11,35,Shawinigan,SHWN,2025-05-11T23:18:04Z,2025-05-11T23:23:00Z,ARR,goo,-4.0
602,True,True,JONQUIÈRE,MONTRÉAL,2025-05-11,36,Charette,CHRT,2025-05-11T23:55:29Z,2025-05-11T23:46:00Z,ARR,med,9.0
602,True,True,JONQUIÈRE,MONTRÉAL,2025-05-11,37,St-Paulin,SPAU,2025-05-12T00:05:29Z,2025-05-11T23:56:00Z,ARR,med,9.0
602,True,True,JONQUIÈRE,MONTRÉAL,2025-05-11,38,St-Justin,SJUS,2025-05-12T00:13:42Z,2025-05-12T00:09:00Z,ARR,goo,4.0
602,True,True,JONQUIÈRE,MONTRÉAL,2025-05-11,39,Joliette,JOLI,2025-05-12T00:40:03Z,2025-05-12T00:38:00Z,ARR,goo,2.0
602,True,True,JONQUIÈRE,MONTRÉAL,2025-05-11,40,Anjou,ANJO,2025-05-12T01:16:22Z,2025-05-12T01:21:01Z,ARR,goo,-4.0
602,True,True,JONQUIÈRE,MONTRÉAL,2025-05-11,41,Sauvé,SAUV,2025-05-12T01:24:51Z,2025-05-12T01:35:00Z,ARR,goo,-10.0
602,True,True,JONQUIÈRE,MONTRÉAL,2025-05-11,42,Montréal,MTRL,2025-05-12T02:03:26Z,2025-05-12T02:46:00Z,ARR,goo,-42.0
186,True,True,WHITE RIVER,SUDBURY,2025-05-11,0,O'Brien,OBRI,2025-05-11T11:08:28Z,2025-05-11T11:15:00Z,ARR,goo,-6.0
186,True,True,WHITE RIVER,SUDBURY,2025-05-11,1,Amyot,AMYO,2025-05-11T11:21:23Z,2025-05-11T11:35:00Z,ARR,goo,-13.0
186,True,True,WHITE RIVER,SUDBURY,2025-05-11,2,Girdwood,GIRD,2025-05-11T11:31:48Z,2025-05-11T11:45:00Z,ARR,goo,-13.0
186,True,True,WHITE RIVER,SUDBURY,2025-05-11,3,Swanson,SWAN,2025-05-11T11:49:52Z,2025-05-11T12:10:00Z,ARR,goo,-20.0
186,True,True,WHITE RIVER,SUDBURY,2025-05-11,4,Franz,FRNZ,2025-05-11T12:14:29Z,2025-05-11T12:20:00Z,ARR,goo,-5.0
186,True,True,WHITE RIVER,SUDBURY,2025-05-11,5,Lochalsh,LOCH,2025-05-11T12:34:11Z,2025-05-11T12:40:00Z,ARR,goo,-5.0
186,True,True,WHITE RIVER,SUDBURY,2025-05-11,6,Missanabie,MSBI,2025-05-11T13:00:00Z,2025-05-11T13:00:00Z,ARR,goo,0.0
186,True,True,WHITE RIVER,SUDBURY,2025-05-11,7,Dalton,DALT,2025-05-11T13:20:00Z,2025-05-11T13:20:00Z,ARR,goo,0.0
186,True,True,WHITE RIVER,SUDBURY,2025-05-11,8,Bolkow,BOLK,2025-05-11T13:35:00Z,2025-05-11T13:35:00Z,ARR,goo,0.0
186,True,True,WHITE RIVER,SUDBURY,2025-05-11,9,Nicholson,NICH,2025-05-11T13:48:51Z,2025-05-11T13:55:01Z,ARR,goo,-6.0
186,True,True,WHITE RIVER,SUDBURY,2025-05-11,10,Musk,MUSK,2025-05-11T13:53:32Z,2025-05-11T14:02:00Z,ARR,goo,-8.0
186,True,True,WHITE RIVER,SUDBURY,2025-05-11,11,Esher,ESHR,2025-05-11T14:04:39Z,2025-05-11T14:15:00Z,ARR,goo,-10.0
186,True,True,WHITE RIVER,SUDBURY,2025-05-11,12,Chapleau,CHAP,2025-05-11T14:16:21Z,2025-05-11T14:30:00Z,ARR,goo,-13.0
186,True,True,WHITE RIVER,SUDBURY,2025-05-11,13,Devon,DEVN,2025-05-11T14:50:29Z,2025-05-11T15:00:00Z,ARR,goo,-9.0
186,True,True,WHITE RIVER,SUDBURY,2025-05-11,14,Nemegos,NEME,2025-05-11T15:01:18Z,2025-05-11T15:15:00Z,ARR,goo,-13.0
186,True,True,WHITE RIVER,SUDBURY,2025-05-11,15,Kinogama,KINO,2025-05-11T15:12:18Z,2025-05-11T15:29:00Z,ARR,goo,-16.0
186,True,True,WHITE RIVER,SUDBURY,2025-05-11,16,Kormak,KORM,2025-05-11T15:31:00Z,2025-05-11T15:31:00Z,ARR,goo,0.0
186,True,True,WHITE RIVER,SUDBURY,2025-05-11,17,Sultan,SULT,2025-05-11T15:50:00Z,2025-05-11T15:50:00Z,ARR,goo,0.0
186,True,True,WHITE RIVER,SUDBURY,2025-05-11,18,Woman River,WOMR,2025-05-11T16:05:00Z,2025-05-11T16:05:00Z,ARR,goo,0.0
186,True,True,WHITE RIVER,SUDBURY,2025-05-11,19,Ramsey,RAMS,2025-05-11T16:20:00Z,2025-05-11T16:20:00Z,ARR,goo,0.0
186,True,True,WHITE RIVER,SUDBURY,2025-05-11,20,Roberts,RBRT,2025-05-11T16:37:00Z,2025-05-11T16:37:00Z,ARR,goo,0.0
186,True,True,WHITE RIVER,SUDBURY,2025-05-11,21,Biscotasing,BISC,2025-05-11T16:45:00Z,2025-05-11T16:45:00Z,ARR,goo,0.0
186,True,True,WHITE RIVER,SUDBURY,2025-05-11,22,Sinker,SNKR,2025-05-11T16:53:45Z,2025-05-11T17:10:00Z,ARR,goo,-16.0
186,True,True,WHITE RIVER,SUDBURY,2025-05-11,23,Metagama,MTGM,2025-05-11T17:15:00Z,2025-05-11T17:15:00Z,ARR,goo,0.0
186,True,True,WHITE RIVER,SUDBURY,2025-05-11,24,Forks,FRKS,2025-05-11T17:31:00Z,2025-05-11T17:31:00Z,ARR,goo,0.0
186,True,True,WHITE RIVER,SUDBURY,2025-05-11,25,Sheahan,SHEA,2025-05-11T17:17:23Z,2025-05-11T17:41:00Z,ARR,goo,-23.0
186,True,True,WHITE RIVER,SUDBURY,2025-05-11,26,Pogamasing,POGA,2025-05-11T17:45:00Z,2025-05-11T17:45:00Z,ARR,goo,0.0
186,True,True,WHITE RIVER,SUDBURY,2025-05-11,27,Stralak,STRL,2025-05-11T18:03:00Z,2025-05-11T18:03:00Z,ARR,goo,0.0
186,True,True,WHITE RIVER,SUDBURY,2025-05-11,28,Benny,BENN,2025-05-11T17:40:07Z,2025-05-11T18:10:00Z,ARR,goo,-29.0
186,True,True,WHITE RIVER,SUDBURY,2025-05-11,29,Cartier,CART,2025-05-11T17:51:13Z,2025-05-11T18:25:00Z,ARR,goo,-33.0
186,True,True,WHITE RIVER,SUDBURY,2025-05-11,30,Levack,LEVA,2025-05-11T18:06:52Z,2025-05-11T18:45:00Z,ARR,goo,-38.0
186,True,True,WHITE RIVER,SUDBURY,2025-05-11,31,Larchwood,LARC,2025-05-11T18:15:50Z,2025-05-11T18:51:00Z,ARR,goo,-35.0
186,True,True,WHITE RIVER,SUDBURY,2025-05-11,32,Chelmsford,CHEL,2025-05-11T18:21:07Z,2025-05-11T19:00:00Z,ARR,goo,-38.0
186,True,True,WHITE RIVER,SUDBURY,2025-05-11,33,Azilda,AZIL,2025-05-11T18:23:59Z,2025-05-11T19:05:00Z,ARR,goo,-41.0
186,True,True,WHITE RIVER,SUDBURY,2025-05-11,34,Sudbury,SUDB,2025-05-11T18:39:18Z,2025-05-11T19:50:00Z,ARR,goo,-70.0
76,True,True,WINDSOR,TORONTO,2025-05-11,0,Windsor,WDON,2025-05-11T17:46:00Z,2025-05-11T17:46:00Z,ARR,goo,0.0
76,True,True,WINDSOR,TORONTO,2025-05-11,1,Chatham,CHAT,2025-05-11T18:27:50Z,2025-05-11T18:28:00Z,ARR,goo,0.0
76,True,True,WINDSOR,TORONTO,2025-05-11,2,Glencoe,GLNC,2025-05-11T19:10:03Z,2025-05-11T19:03:00Z,ARR,med,7.0
76,True,True,WINDSOR,TORONTO,2025-05-11,3,London,LNDN,2025-05-11T19:43:04Z,2025-05-11T19:38:00Z,ARR,med,5.0
76,True,True,WINDSOR,TORONTO,2025-05-11,4,Brantford,BRTF,2025-05-11T20:42:56Z,2025-05-11T20:39:00Z,ARR,goo,3.0
76,True,True,WINDSOR,TORONTO,2025-05-11,5,Aldershot,ALDR,2025-05-11T21:16:33Z,2025-05-11T21:10:00Z,ARR,med,6.0
76,True,True,WINDSOR,TORONTO,2025-05-11,6,Oakville,OAKV,2025-05-11T21:38:07Z,2025-05-11T21:27:00Z,ARR,med,11.0
76,True,True,WINDSOR,TORONTO,2025-05-11,7,Toronto,TRTO,2025-05-11T22:13:29Z,2025-05-11T21:53:00Z,ARR,bad,20.0
5,True,False,JASPER,PRINCE RUPERT,2025-05-11,0,Jasper,JASP,2025-05-11T16:45:00Z,2025-05-11T16:45:00Z,ARR,goo,0.0
5,True,False,JASPER,PRINCE RUPERT,2025-05-11,1,Harvey,HRVY,2025-05-11T18:39:47Z,2025-05-11T18:38:00Z,ARR,goo,1.0
5,True,False,JASPER,PRINCE RUPERT,2025-05-11,2,Dunster,DNST,2025-05-11T19:11:22Z,2025-05-11T19:12:00Z,ARR,goo,0.0
5,True,False,JASPER,PRINCE RUPERT,2025-05-11,3,Mcbride,MCBR,2025-05-11T19:42:53Z,2025-05-11T19:44:00Z,ARR,goo,-1.0
5,True,False,JASPER,PRINCE RUPERT,2025-05-11,4,Goat River,GOAT,2025-05-11T21:17:10Z,2025-05-11T20:41:00Z,ARR,bad,36.0
5,True,False,JASPER,PRINCE RUPERT,2025-05-11,5,Loos,LOOS,2025-05-11T21:32:22Z,2025-05-11T20:58:00Z,ARR,bad,34.0
5,True,False,JASPER,PRINCE RUPERT,2025-05-11,6,Dome Creek,DOMC,2025-05-11T22:05:46Z,2025-05-11T21:32:00Z,ARR,bad,33.0
5,True,False,JASPER,PRINCE RUPERT,2025-05-11,7,Bend,BEND,2025-05-11T22:07:48Z,2025-05-11T21:36:00Z,ARR,bad,31.0
5,True,False,JASPER,PRINCE RUPERT,2025-05-11,8,Penny,PENN,2025-05-11T22:25:20Z,2025-05-11T21:56:00Z,ARR,bad,29.0
5,True,False,JASPER,PRINCE RUPERT,2025-05-11,9,Longworth,LWTH,2025-05-11T22:36:06Z,2025-05-11T22:11:00Z,ARR,bad,25.0
5,True,False,JASPER,PRINCE RUPERT,2025-05-11,10,Hutton,HUTT,2025-05-11T22:47:25Z,2025-05-11T22:24:00Z,ARR,bad,23.0
5,True,False,JASPER,PRINCE RUPERT,2025-05-11,11,Sinclair Mills,SINM,2025-05-11T22:53:25Z,2025-05-11T22:30:00Z,ARR,bad,23.0
5,True,False,JASPER,PRINCE RUPERT,2025-05-11,12,Mcgregor,MCGR,2025-05-11T23:24:12Z,2025-05-11T22:43:00Z,ARR,bad,41.0
5,True,False,JASPER,PRINCE RUPERT,2025-05-11,13,Upper Fraser,UFRZ,2025-05-11T23:33:12Z,2025-05-11T22:52:00Z,ARR,bad,41.0
5,True,False,JASPER,PRINCE RUPERT,2025-05-11,14,Aleza Lake,ALZL,2025-05-11T23:41:06Z,2025-05-11T23:01:00Z,ARR,bad,40.0
5,True,False,JASPER,PRINCE RUPERT,2025-05-11,15,Willow River,WILR,2025-05-12T00:15:22Z,2025-05-11T23:31:00Z,ARR,bad,44.0
5,True,False,JASPER,PRINCE RUPERT,2025-05-11,16,Prince George,PGEO,2025-05-12T01:50:58Z,2025-05-12T00:08:00Z,ARR,bad,102.0
5,True,False,JASPER,PRINCE RUPERT,2025-05-11,17,Vanderhoof,VDRH,2025-05-12T16:55:00Z,2025-05-12T16:55:00Z,13h02,goo,0.0
5,True,False,JASPER,PRINCE RUPERT,2025-05-11,18,Fort Fraser,FFRA,2025-05-12T17:32:00Z,2025-05-12T17:32:00Z,13h39,goo,0.0
5,True,False,JASPER,PRINCE RUPERT,2025-05-11,19,Endako,ENDA,2025-05-12T17:50:00Z,2025-05-12T17:50:00Z,13h57,goo,0.0
645,True,True,OTTAWA,TORONTO,2025-05-11,0,Ottawa,OTTW,2025-05-11T18:29:00Z,2025-05-11T18:29:00Z,ARR,goo,0.0
645,True,True,OTTAWA,TORONTO,2025-05-11,1,Fallowfield,FALL,2025-05-11T18:46:25Z,2025-05-11T18:49:00Z,ARR,goo,-2.0
645,True,True,OTTAWA,TORONTO,2025-05-11,2,Kingston,KGON,2025-05-11T20:35:55Z,2025-05-11T20:34:00Z,ARR,goo,1.0
645,True,True,OTTAWA,TORONTO,2025-05-11,3,Belleville,BLVL,2025-05-11T21:26:18Z,2025-05-11T21:15:00Z,ARR,med,11.0
645,True,True,OTTAWA,TORONTO,2025-05-11,4,Oshawa,OSHA,2025-05-11T22:54:51Z,2025-05-11T22:20:00Z,ARR,bad,34.0
645,True,True,OTTAWA,TORONTO,2025-05-11,5,Toronto,TRTO,2025-05-11T23:33:34Z,2025-05-11T23:15:00Z,ARR,bad,18.0
44,True,True,TORONTO,OTTAWA,2025-05-11,0,Toronto,TRTO,2025-05-11T18:22:55Z,2025-05-11T18:22:00Z,ARR,goo,0.0
44,True,True,TORONTO,OTTAWA,2025-05-11,1,Oshawa,OSHA,2025-05-11T18:57:46Z,2025-05-11T18:54:00Z,ARR,goo,3.0
44,True,True,TORONTO,OTTAWA,2025-05-11,2,Kingston,KGON,2025-05-11T21:00:58Z,2025-05-11T20:32:00Z,ARR,bad,28.0
44,True,True,TORONTO,OTTAWA,2025-05-11,3,Brockville,BRKV,2025-05-11T21:50:15Z,2025-05-11T21:19:00Z,ARR,bad,31.0
44,True,True,TORONTO,OTTAWA,2025-05-11,4,Smiths Falls,SMTF,2025-05-11T22:23:26Z,2025-05-11T21:50:00Z,ARR,bad,33.0
44,True,True,TORONTO,OTTAWA,2025-05-11,5,Fallowfield,FALL,2025-05-11T22:59:13Z,2025-05-11T22:22:00Z,ARR,bad,37.0
44,True,True,TORONTO,OTTAWA,2025-05-11,6,Ottawa,OTTW,2025-05-11T23:23:57Z,2025-05-11T22:43:00Z,ARR,bad,40.0
26,True,True,OTTAWA,QUÉBEC,2025-05-11,0,Ottawa,OTTW,2025-05-11T18:22:59Z,2025-05-11T18:17:00Z,ARR,med,5.0
26,True,True,OTTAWA,QUÉBEC,2025-05-11,1,Alexandria,ALEX,2025-05-11T19:06:04Z,2025-05-11T19:03:00Z,ARR,goo,3.0
26,True,True,OTTAWA,QUÉBEC,2025-05-11,2,Coteau,COTO,2025-05-11T19:26:02Z,2025-05-11T19:26:00Z,ARR,goo,0.0
26,True,True,OTTAWA,QUÉBEC,2025-05-11,3,Dorval,DORV,2025-05-11T19:56:33Z,2025-05-11T19:49:00Z,ARR,med,7.0
26,True,True,OTTAWA,QUÉBEC,2025-05-11,4,Montréal,MTRL,2025-05-11T20:23:09Z,2025-05-11T20:15:00Z,ARR,med,8.0
26,True,True,OTTAWA,QUÉBEC,2025-05-11,5,St. Lambert,SLAM,2025-05-11T20:59:45Z,2025-05-11T20:53:00Z,ARR,med,6.0
26,True,True,OTTAWA,QUÉBEC,2025-05-11,6,St. Hyacinthe,SHYA,2025-05-11T21:37:43Z,2025-05-11T21:20:00Z,ARR,bad,17.0
26,True,True,OTTAWA,QUÉBEC,2025-05-11,7,Drummondville,DRMV,2025-05-11T22:34:07Z,2025-05-11T22:05:00Z,ARR,bad,29.0
26,True,True,OTTAWA,QUÉBEC,2025-05-11,8,Charny,CHNY,2025-05-12T00:06:50Z,2025-05-11T23:44:00Z,ARR,bad,22.0
26,True,True,OTTAWA,QUÉBEC,2025-05-11,9,Ste-Foy,SFOY,2025-05-12T00:14:36Z,2025-05-11T23:52:00Z,ARR,bad,22.0
26,True,True,OTTAWA,QUÉBEC,2025-05-11,10,Québec,QBEC,2025-05-12T00:42:04Z,2025-05-12T00:19:00Z,ARR,bad,23.0
39,True,True,QUÉBEC,OTTAWA,2025-05-11,0,Québec,QBEC,2025-05-11T19:05:45Z,2025-05-11T18:57:00Z,ARR,med,8.0
39,True,True,QUÉBEC,OTTAWA,2025-05-11,1,Ste-Foy,SFOY,2025-05-11T19:33:22Z,2025-05-11T19:22:00Z,ARR,med,11.0
39,True,True,QUÉBEC,OTTAWA,2025-05-11,2,Drummondville,DRMV,2025-05-11T21:32:32Z,2025-05-11T20:58:00Z,ARR,bad,34.0
39,True,True,QUÉBEC,OTTAWA,2025-05-11,3,St. Lambert,SLAM,2025-05-11T22:39:44Z,2025-05-11T21:57:00Z,ARR,bad,42.0
39,True,True,QUÉBEC,OTTAWA,2025-05-11,4,Montréal,MTRL,2025-05-11T22:58:32Z,2025-05-11T22:11:00Z,ARR,bad,47.0
39,True,True,QUÉBEC,OTTAWA,2025-05-11,5,Dorval,DORV,2025-05-11T23:56:42Z,2025-05-11T23:14:00Z,ARR,bad,42.0
39,True,True,QUÉBEC,OTTAWA,2025-05-11,6,Coteau,COTO,2025-05-12T00:27:51Z,2025-05-11T23:43:00Z,ARR,bad,44.0
39,True,True,QUÉBEC,OTTAWA,2025-05-11,7,Alexandria,ALEX,2025-05-12T00:50:56Z,2025-05-12T00:06:00Z,ARR,bad,44.0
39,True,True,QUÉBEC,OTTAWA,2025-05-11,8,Ottawa,OTTW,2025-05-12T01:35:43Z,2025-05-12T00:51:00Z,ARR,bad,44.0
66,True,True,TORONTO,MONTRÉAL,2025-05-11,0,Toronto,TRTO,2025-05-11T19:22:35Z,2025-05-11T19:22:00Z,ARR,goo,0.0
66,True,True,TORONTO,MONTRÉAL,2025-05-11,1,Guildwood,GUIL,2025-05-11T19:45:42Z,2025-05-11T19:40:00Z,ARR,med,5.0
66,True,True,TORONTO,MONTRÉAL,2025-05-11,2,Oshawa,OSHA,2025-05-11T20:13:20Z,2025-05-11T19:54:00Z,ARR,bad,19.0
66,True,True,TORONTO,MONTRÉAL,2025-05-11,3,Belleville,BLVL,2025-05-11T21:21:11Z,2025-05-11T21:00:00Z,ARR,bad,21.0
66,True,True,TORONTO,MONTRÉAL,2025-05-11,4,Kingston,KGON,2025-05-11T21:59:15Z,2025-05-11T21:40:00Z,ARR,bad,19.0
66,True,True,TORONTO,MONTRÉAL,2025-05-11,5,Cornwall,CWLL,2025-05-11T23:21:58Z,2025-05-11T23:07:00Z,ARR,med,14.0
66,True,True,TORONTO,MONTRÉAL,2025-05-11,6,Dorval,DORV,2025-05-12T00:10:48Z,2025-05-11T23:58:00Z,ARR,med,12.0
66,True,True,TORONTO,MONTRÉAL,2025-05-11,7,Montréal,MTRL,2025-05-12T00:35:27Z,2025-05-12T00:25:00Z,ARR,med,10.0
46,True,True,TORONTO,OTTAWA,2025-05-11,0,Toronto,TRTO,2025-05-11T19:37:15Z,2025-05-11T19:37:00Z,ARR,goo,0.0
46,True,True,TORONTO,OTTAWA,2025-05-11,1,Oshawa,OSHA,2025-05-11T20:20:51Z,2025-05-11T20:09:00Z,ARR,med,11.0
46,True,True,TORONTO,OTTAWA,2025-05-11,2,Cobourg,CBRG,2025-05-11T21:02:10Z,2025-05-11T20:43:00Z,ARR,bad,19.0
46,True,True,TORONTO,OTTAWA,2025-05-11,3,Kingston,KGON,2025-05-11T22:23:31Z,2025-05-11T21:54:00Z,ARR,bad,29.0
46,True,True,TORONTO,OTTAWA,2025-05-11,4,Brockville,BRKV,2025-05-11T23:17:05Z,2025-05-11T22:40:00Z,ARR,bad,37.0
46,True,True,TORONTO,OTTAWA,2025-05-11,5,Fallowfield,FALL,2025-05-12T00:13:37Z,2025-05-11T23:40:00Z,ARR,bad,33.0
46,True,True,TORONTO,OTTAWA,2025-05-11,6,Ottawa,OTTW,2025-05-12T00:33:03Z,2025-05-12T00:00:00Z,ARR,bad,33.0
83,True,True,TORONTO,LONDON,2025-05-11,0,Toronto,TRTO,2025-05-11T20:15:00Z,2025-05-11T20:15:00Z,ARR,goo,0.0
83,True,True,TORONTO,LONDON,2025-05-11,1,Aldershot,ALDR,2025-05-11T20:58:45Z,2025-05-11T20:50:00Z,ARR,med,8.0
83,True,True,TORONTO,LONDON,2025-05-11,2,Brantford,BRTF,2025-05-11T21:29:07Z,2025-05-11T21:20:00Z,ARR,med,9.0
83,True,True,TORONTO,LONDON,2025-05-11,3,Woodstock,WDST,2025-05-11T21:56:42Z,2025-05-11T21:48:00Z,ARR,med,8.0
83,True,True,TORONTO,LONDON,2025-05-11,4,London,LNDN,2025-05-11T22:27:45Z,2025-05-11T22:27:00Z,ARR,goo,0.0
28,True,True,OTTAWA,QUÉBEC,2025-05-11,0,Ottawa,OTTW,2025-05-11T20:05:00Z,2025-05-11T20:05:00Z,ARR,goo,0.0
28,True,True,OTTAWA,QUÉBEC,2025-05-11,1,Casselman,CSLM,2025-05-11T20:40:38Z,2025-05-11T20:31:00Z,ARR,med,9.0
28,True,True,OTTAWA,QUÉBEC,2025-05-11,2,Alexandria,ALEX,2025-05-11T21:03:57Z,2025-05-11T20:53:00Z,ARR,med,10.0
28,True,True,OTTAWA,QUÉBEC,2025-05-11,3,Coteau,COTO,2025-05-11T21:24:29Z,2025-05-11T21:15:00Z,ARR,med,9.0
28,True,True,OTTAWA,QUÉBEC,2025-05-11,4,Dorval,DORV,2025-05-11T21:53:11Z,2025-05-11T21:38:00Z,ARR,bad,15.0
28,True,True,OTTAWA,QUÉBEC,2025-05-11,5,Montréal,MTRL,2025-05-11T22:17:29Z,2025-05-11T22:04:00Z,ARR,med,13.0
28,True,True,OTTAWA,QUÉBEC,2025-05-11,6,St. Lambert,SLAM,2025-05-11T23:03:07Z,2025-05-11T22:38:00Z,ARR,bad,25.0
28,True,True,OTTAWA,QUÉBEC,2025-05-11,7,St. Hyacinthe,SHYA,2025-05-11T23:37:36Z,2025-05-11T23:06:00Z,ARR,bad,31.0
28,True,True,OTTAWA,QUÉBEC,2025-05-11,8,Drummondville,DRMV,2025-05-12T00:31:24Z,2025-05-11T23:52:00Z,ARR,bad,39.0
28,True,True,OTTAWA,QUÉBEC,2025-05-11,9,Charny,CHNY,2025-05-12T02:14:09Z,2025-05-12T01:14:00Z,ARR,bad,60.0
28,True,True,OTTAWA,QUÉBEC,2025-05-11,10,Ste-Foy,SFOY,2025-05-12T02:22:26Z,2025-05-12T01:21:00Z,ARR,bad,61.0
28,True,True,OTTAWA,QUÉBEC,2025-05-11,11,Québec,QBEC,2025-05-12T02:54:06Z,2025-05-12T01:48:00Z,ARR,bad,66.0
69,True,False,MONTRÉAL,TORONTO,2025-05-11,0,Montréal,MTRL,2025-05-11T22:41:00Z,2025-05-11T20:38:00Z,ARR,bad,123.0
69,True,False,MONTRÉAL,TORONTO,2025-05-11,1,Dorval,DORV,2025-05-11T23:05:53Z,2025-05-11T21:04:00Z,ARR,bad,121.0
69,True,False,MONTRÉAL,TORONTO,2025-05-11,2,Cornwall,CWLL,2025-05-12T00:01:28Z,2025-05-11T21:53:00Z,ARR,bad,128.0
69,True,False,MONTRÉAL,TORONTO,2025-05-11,3,Brockville,BRKV,2025-05-12T01:36:23Z,2025-05-11T22:40:00Z,ARR,bad,176.0
69,True,False,MONTRÉAL,TORONTO,2025-05-11,4,Kingston,KGON,2025-05-12T02:24:39Z,2025-05-11T23:24:00Z,ARR,bad,180.0
69,True,False,MONTRÉAL,TORONTO,2025-05-11,5,Oshawa,OSHA,2025-05-12T04:05:53Z,2025-05-12T01:05:00Z,13 mins,bad,180.0
69,True,False,MONTRÉAL,TORONTO,2025-05-11,6,Guildwood,GUIL,2025-05-12T04:28:53Z,2025-05-12T01:28:00Z,36 mins,bad,180.0
69,True,False,MONTRÉAL,TORONTO,2025-05-11,7,Toronto,TRTO,2025-05-12T04:48:53Z,2025-05-12T01:48:00Z,56 mins,bad,180.0
68,True,True,TORONTO,MONTRÉAL,2025-05-11,0,Toronto,TRTO,2025-05-11T21:08:00Z,2025-05-11T21:07:00Z,ARR,goo,1.0
68,True,True,TORONTO,MONTRÉAL,2025-05-11,1,Oshawa,OSHA,2025-05-11T21:43:42Z,2025-05-11T21:39:00Z,ARR,goo,4.0
68,True,True,TORONTO,MONTRÉAL,2025-05-11,2,Cobourg,CBRG,2025-05-11T22:26:30Z,2025-05-11T22:14:00Z,ARR,med,12.0
68,True,True,TORONTO,MONTRÉAL,2025-05-11,3,Belleville,BLVL,2025-05-11T23:07:57Z,2025-05-11T22:49:00Z,ARR,bad,18.0
68,True,True,TORONTO,MONTRÉAL,2025-05-11,4,Kingston,KGON,2025-05-11T23:53:19Z,2025-05-11T23:26:00Z,ARR,bad,27.0
68,True,True,TORONTO,MONTRÉAL,2025-05-11,5,Brockville,BRKV,2025-05-12T00:46:28Z,2025-05-12T00:11:00Z,ARR,bad,35.0
68,True,True,TORONTO,MONTRÉAL,2025-05-11,6,Cornwall,CWLL,2025-05-12T01:36:54Z,2025-05-12T00:57:00Z,ARR,bad,39.0
68,True,True,TORONTO,MONTRÉAL,2025-05-11,7,Dorval,DORV,2025-05-12T02:34:24Z,2025-05-12T01:47:00Z,ARR,bad,47.0
68,True,True,TORONTO,MONTRÉAL,2025-05-11,8,Montréal,MTRL,2025-05-12T03:00:06Z,2025-05-12T02:14:00Z,ARR,bad,46.0
646,True,True,TORONTO,OTTAWA,2025-05-11,0,Toronto,TRTO,2025-05-11T20:38:09Z,2025-05-11T20:37:00Z,ARR,goo,1.0
646,True,True,TORONTO,OTTAWA,2025-05-11,1,Oshawa,OSHA,2025-05-11T21:16:01Z,2025-05-11T21:09:00Z,ARR,med,7.0
646,True,True,TORONTO,OTTAWA,2025-05-11,2,Belleville,BLVL,2025-05-11T22:35:06Z,2025-05-11T22:13:00Z,ARR,bad,22.0
646,True,True,TORONTO,OTTAWA,2025-05-11,3,Fallowfield,FALL,2025-05-12T00:55:31Z,2025-05-12T00:23:00Z,ARR,bad,32.0
646,True,True,TORONTO,OTTAWA,2025-05-11,4,Ottawa,OTTW,2025-05-12T01:14:40Z,2025-05-12T00:46:00Z,ARR,bad,28.0
647,True,True,OTTAWA,TORONTO,2025-05-11,0,Ottawa,OTTW,2025-05-11T20:57:14Z,2025-05-11T20:51:00Z,ARR,med,6.0
647,True,True,OTTAWA,TORONTO,2025-05-11,1,Fallowfield,FALL,2025-05-11T21:14:50Z,2025-05-11T21:09:00Z,ARR,med,5.0
647,True,True,OTTAWA,TORONTO,2025-05-11,2,Kingston,KGON,2025-05-11T22:55:54Z,2025-05-11T22:55:00Z,ARR,goo,0.0
647,True,True,OTTAWA,TORONTO,2025-05-11,3,Oshawa,OSHA,2025-05-12T00:36:06Z,2025-05-12T00:36:00Z,ARR,goo,0.0
647,True,True,OTTAWA,TORONTO,2025-05-11,4,Guildwood,GUIL,2025-05-12T00:59:44Z,2025-05-12T00:58:00Z,ARR,goo,1.0
647,True,True,OTTAWA,TORONTO,2025-05-11,5,Toronto,TRTO,2025-05-12T01:26:44Z,2025-05-12T01:18:00Z,ARR,med,8.0
54,True,True,TORONTO,OTTAWA,2025-05-11,0,Toronto,TRTO,2025-05-11T21:38:02Z,2025-05-11T21:37:00Z,ARR,goo,1.0
54,True,True,TORONTO,OTTAWA,2025-05-11,1,Guildwood,GUIL,2025-05-11T21:58:57Z,2025-05-11T21:55:00Z,ARR,goo,3.0
54,True,True,TORONTO,OTTAWA,2025-05-11,2,Oshawa,OSHA,2025-05-11T22:21:24Z,2025-05-11T22:08:00Z,ARR,med,13.0
54,True,True,TORONTO,OTTAWA,2025-05-11,3,Port Hope,PHOP,2025-05-11T22:48:31Z,2025-05-11T22:37:00Z,ARR,med,11.0
54,True,True,TORONTO,OTTAWA,2025-05-11,4,Cobourg,CBRG,2025-05-11T22:56:12Z,2025-05-11T22:46:00Z,ARR,med,10.0
54,True,True,TORONTO,OTTAWA,2025-05-11,5,Trenton Jct.,TRNJ,2025-05-11T23:22:56Z,2025-05-11T23:13:01Z,ARR,med,9.0
54,True,True,TORONTO,OTTAWA,2025-05-11,6,Belleville,BLVL,2025-05-11T23:34:30Z,2025-05-11T23:27:00Z,ARR,med,7.0
54,True,True,TORONTO,OTTAWA,2025-05-11,7,Napanee,NAPN,2025-05-11T23:53:46Z,2025-05-11T23:48:00Z,ARR,med,5.0
54,True,True,TORONTO,OTTAWA,2025-05-11,8,Kingston,KGON,2025-05-12T00:12:40Z,2025-05-12T00:09:00Z,ARR,goo,3.0
54,True,True,TORONTO,OTTAWA,2025-05-11,9,Brockville,BRKV,2025-05-12T00:55:54Z,2025-05-12T00:54:00Z,ARR,goo,1.0
54,True,True,TORONTO,OTTAWA,2025-05-11,10,Smiths Falls,SMTF,2025-05-12T01:54:57Z,2025-05-12T01:25:00Z,ARR,bad,29.0
54,True,True,TORONTO,OTTAWA,2025-05-11,11,Fallowfield,FALL,2025-05-12T02:20:16Z,2025-05-12T01:52:00Z,ARR,bad,28.0
54,True,True,TORONTO,OTTAWA,2025-05-11,12,Ottawa,OTTW,2025-05-12T02:37:56Z,2025-05-12T02:13:00Z,ARR,bad,24.0
75,True,True,TORONTO,WINDSOR,2025-05-11,0,Toronto,TRTO,2025-05-11T21:22:49Z,2025-05-11T21:22:00Z,ARR,goo,0.0
75,True,True,TORONTO,WINDSOR,2025-05-11,1,Oakville,OAKV,2025-05-11T21:51:51Z,2025-05-11T21:45:00Z,ARR,med,6.0
75,True,True,TORONTO,WINDSOR,2025-05-11,2,Aldershot,ALDR,2025-05-11T22:10:27Z,2025-05-11T22:01:00Z,ARR,med,9.0
75,True,True,TORONTO,WINDSOR,2025-05-11,3,Brantford,BRTF,2025-05-11T22:42:44Z,2025-05-11T22:33:00Z,ARR,med,9.0
75,True,True,TORONTO,WINDSOR,2025-05-11,4,Woodstock,WDST,2025-05-11T23:15:30Z,2025-05-11T23:04:00Z,ARR,med,11.0
75,True,True,TORONTO,WINDSOR,2025-05-11,5,Ingersoll,INGR,2025-05-11T23:26:44Z,2025-05-11T23:19:00Z,ARR,med,7.0
75,True,True,TORONTO,WINDSOR,2025-05-11,6,London,LNDN,2025-05-11T23:50:38Z,2025-05-11T23:47:00Z,ARR,goo,3.0
75,True,True,TORONTO,WINDSOR,2025-05-11,7,Glencoe,GLNC,2025-05-12T00:26:35Z,2025-05-12T00:21:00Z,ARR,med,5.0
75,True,True,TORONTO,WINDSOR,2025-05-11,8,Chatham,CHAT,2025-05-12T01:07:16Z,2025-05-12T00:55:00Z,ARR,med,12.0
75,True,True,TORONTO,WINDSOR,2025-05-11,9,Windsor,WDON,2025-05-12T01:50:27Z,2025-05-12T01:50:00Z,ARR,goo,0.0
98,True,True,NIAGARA FALLS,TORONTO,2025-05-11,0,Niagara Falls,NIAG,2025-05-11T21:45:00Z,2025-05-11T21:45:00Z,ARR,goo,0.0
98,True,True,NIAGARA FALLS,TORONTO,2025-05-11,1,St. Catharines,SCAT,2025-05-11T22:06:00Z,2025-05-11T22:06:00Z,ARR,goo,0.0
98,True,True,NIAGARA FALLS,TORONTO,2025-05-11,2,Grimsby,GRIM,2025-05-11T22:30:00Z,2025-05-11T22:26:00Z,ARR,goo,4.0
98,True,True,NIAGARA FALLS,TORONTO,2025-05-11,3,Aldershot,ALDR,2025-05-11T23:08:00Z,2025-05-11T23:02:00Z,ARR,med,6.0
98,True,True,NIAGARA FALLS,TORONTO,2025-05-11,4,Oakville,OAKV,2025-05-11T23:20:00Z,2025-05-11T23:16:00Z,ARR,goo,4.0
98,True,True,NIAGARA FALLS,TORONTO,2025-05-11,5,Toronto,TRTO,2025-05-11T23:45:00Z,2025-05-11T23:43:00Z,ARR,goo,2.0
87,True,True,TORONTO,SARNIA,2025-05-11,0,Toronto,TRTO,2025-05-11T21:41:58Z,2025-05-11T21:40:00Z,ARR,goo,1.0
87,True,True,TORONTO,SARNIA,2025-05-11,1,Malton,MALT,2025-05-11T22:01:00Z,2025-05-11T22:00:00Z,ARR,goo,1.0
87,True,True,TORONTO,SARNIA,2025-05-11,2,Brampton,BRMP,2025-05-11T22:12:36Z,2025-05-11T22:12:00Z,ARR,goo,0.0
87,True,True,TORONTO,SARNIA,2025-05-11,3,Georgetown,GEOR,2025-05-11T22:25:02Z,2025-05-11T22:24:00Z,ARR,goo,1.0
87,True,True,TORONTO,SARNIA,2025-05-11,4,Guelph,GUEL,2025-05-11T22:44:46Z,2025-05-11T22:49:00Z,ARR,goo,-4.0
87,True,True,TORONTO,SARNIA,2025-05-11,5,Kitchener,KITC,2025-05-11T23:08:03Z,2025-05-11T23:16:00Z,ARR,goo,-7.0
87,True,True,TORONTO,SARNIA,2025-05-11,6,Stratford,STRF,2025-05-12T00:02:53Z,2025-05-11T23:57:00Z,ARR,med,5.0
87,True,True,TORONTO,SARNIA,2025-05-11,7,St.Marys,SMYS,2025-05-12T00:33:31Z,2025-05-12T00:25:00Z,ARR,med,8.0
87,True,True,TORONTO,SARNIA,2025-05-11,8,London,LNDN,2025-05-12T01:23:17Z,2025-05-12T01:13:00Z,ARR,med,10.0
87,True,True,TORONTO,SARNIA,2025-05-11,9,Strathroy,STRR,2025-05-12T01:48:33Z,2025-05-12T01:39:00Z,ARR,med,9.0
87,True,True,TORONTO,SARNIA,2025-05-11,10,Wyoming,WYOM,2025-05-12T02:14:53Z,2025-05-12T02:07:00Z,ARR,med,7.0
87,True,True,TORONTO,SARNIA,2025-05-11,11,Sarnia,SARN,2025-05-12T02:32:22Z,2025-05-12T02:24:00Z,ARR,med,8.0
29,True,True,QUÉBEC,MONTRÉAL,2025-05-11,0,Québec,QBEC,2025-05-11T21:41:00Z,2025-05-11T21:41:00Z,ARR,goo,0.0
29,True,True,QUÉBEC,MONTRÉAL,2025-05-11,1,Ste-Foy,SFOY,2025-05-11T22:06:10Z,2025-05-11T22:06:00Z,ARR,goo,0.0
29,True,True,QUÉBEC,MONTRÉAL,2025-05-11,2,Drummondville,DRMV,2025-05-11T23:47:24Z,2025-05-11T23:42:00Z,ARR,med,5.0
29,True,True,QUÉBEC,MONTRÉAL,2025-05-11,3,St. Hyacinthe,SHYA,2025-05-12T00:28:53Z,2025-05-12T00:18:00Z,ARR,med,10.0
29,True,True,QUÉBEC,MONTRÉAL,2025-05-11,4,St. Lambert,SLAM,2025-05-12T01:02:30Z,2025-05-12T00:45:00Z,ARR,bad,17.0
29,True,True,QUÉBEC,MONTRÉAL,2025-05-11,5,Montréal,MTRL,2025-05-12T01:17:42Z,2025-05-12T01:00:00Z,ARR,bad,17.0
668,True,True,TORONTO,MONTRÉAL,2025-05-11,0,Toronto,TRTO,2025-05-11T22:07:42Z,2025-05-11T22:07:00Z,ARR,goo,0.0
668,True,True,TORONTO,MONTRÉAL,2025-05-11,1,Guildwood,GUIL,2025-05-11T22:29:02Z,2025-05-11T22:25:00Z,ARR,goo,4.0
668,True,True,TORONTO,MONTRÉAL,2025-05-11,2,Oshawa,OSHA,2025-05-11T22:47:44Z,2025-05-11T22:39:00Z,ARR,med,8.0
668,True,True,TORONTO,MONTRÉAL,2025-05-11,3,Kingston,KGON,2025-05-12T00:31:52Z,2025-05-12T00:22:00Z,ARR,med,9.0
668,True,True,TORONTO,MONTRÉAL,2025-05-11,4,Cornwall,CWLL,2025-05-12T02:29:26Z,2025-05-12T01:49:00Z,ARR,bad,40.0
668,True,True,TORONTO,MONTRÉAL,2025-05-11,5,Dorval,DORV,2025-05-12T03:15:08Z,2025-05-12T02:38:00Z,ARR,bad,37.0
668,True,True,TORONTO,MONTRÉAL,2025-05-11,6,Montréal,MTRL,2025-05-12T03:41:26Z,2025-05-12T03:04:00Z,ARR,bad,37.0
669,True,False,MONTRÉAL,TORONTO,2025-05-11,0,Montréal,MTRL,2025-05-11T22:41:00Z,2025-05-11T22:09:00Z,ARR,bad,32.0
669,True,False,MONTRÉAL,TORONTO,2025-05-11,1,Dorval,DORV,2025-05-11T23:06:02Z,2025-05-11T22:34:00Z,ARR,bad,32.0
669,True,False,MONTRÉAL,TORONTO,2025-05-11,2,Cornwall,CWLL,2025-05-12T00:01:25Z,2025-05-11T23:26:00Z,ARR,bad,35.0
669,True,False,MONTRÉAL,TORONTO,2025-05-11,3,Kingston,KGON,2025-05-12T02:24:37Z,2025-05-12T00:52:00Z,ARR,bad,92.0
669,True,False,MONTRÉAL,TORONTO,2025-05-11,4,Oshawa,OSHA,2025-05-12T04:06:44Z,2025-05-12T02:35:00Z,14 mins,bad,91.0
669,True,False,MONTRÉAL,TORONTO,2025-05-11,5,Toronto,TRTO,2025-05-12T04:49:44Z,2025-05-12T03:18:00Z,57 mins,bad,91.0
59,True,True,OTTAWA,TORONTO,2025-05-11,0,Ottawa,OTTW,2025-05-11T22:03:00Z,2025-05-11T22:03:00Z,ARR,goo,0.0
59,True,True,OTTAWA,TORONTO,2025-05-11,1,Fallowfield,FALL,2025-05-11T22:19:44Z,2025-05-11T22:20:00Z,ARR,goo,0.0
59,True,True,OTTAWA,TORONTO,2025-05-11,2,Smiths Falls,SMTF,2025-05-11T22:52:48Z,2025-05-11T22:51:00Z,ARR,goo,1.0
59,True,True,OTTAWA,TORONTO,2025-05-11,3,Brockville,BRKV,2025-05-11T23:30:32Z,2025-05-11T23:25:00Z,ARR,med,5.0
59,True,True,OTTAWA,TORONTO,2025-05-11,4,Kingston,KGON,2025-05-12T00:19:30Z,2025-05-12T00:10:00Z,ARR,med,9.0
59,True,True,OTTAWA,TORONTO,2025-05-11,5,Belleville,BLVL,2025-05-12T01:06:09Z,2025-05-12T00:51:00Z,ARR,bad,15.0
59,True,True,OTTAWA,TORONTO,2025-05-11,6,Trenton Jct.,TRNJ,2025-05-12T01:20:09Z,2025-05-12T01:05:00Z,ARR,bad,15.0
59,True,True,OTTAWA,TORONTO,2025-05-11,7,Cobourg,CBRG,2025-05-12T01:50:57Z,2025-05-12T01:31:00Z,ARR,bad,19.0
59,True,True,OTTAWA,TORONTO,2025-05-11,8,Oshawa,OSHA,2025-05-12T02:32:29Z,2025-05-12T02:05:00Z,ARR,bad,27.0
59,True,True,OTTAWA,TORONTO,2025-05-11,9,Guildwood,GUIL,2025-05-12T03:01:56Z,2025-05-12T02:28:00Z,ARR,bad,33.0
59,True,True,OTTAWA,TORONTO,2025-05-11,10,Toronto,TRTO,2025-05-12T03:29:26Z,2025-05-12T02:48:00Z,ARR,bad,41.0
78,True,True,WINDSOR,TORONTO,2025-05-11,0,Windsor,WDON,2025-05-11T21:40:00Z,2025-05-11T21:40:00Z,ARR,goo,0.0
78,True,True,WINDSOR,TORONTO,2025-05-11,1,Chatham,CHAT,2025-05-11T22:21:20Z,2025-05-11T22:24:00Z,ARR,goo,-2.0
78,True,True,WINDSOR,TORONTO,2025-05-11,2,Glencoe,GLNC,2025-05-11T23:06:49Z,2025-05-11T22:59:00Z,ARR,med,7.0
78,True,True,WINDSOR,TORONTO,2025-05-11,3,London,LNDN,2025-05-11T23:37:58Z,2025-05-11T23:32:00Z,ARR,med,5.0
78,True,True,WINDSOR,TORONTO,2025-05-11,4,Ingersoll,INGR,2025-05-12T00:07:15Z,2025-05-11T23:57:00Z,ARR,med,10.0
78,True,True,WINDSOR,TORONTO,2025-05-11,5,Woodstock,WDST,2025-05-12T00:18:04Z,2025-05-12T00:08:00Z,ARR,med,10.0
78,True,True,WINDSOR,TORONTO,2025-05-11,6,Brantford,BRTF,2025-05-12T00:53:32Z,2025-05-12T00:39:00Z,ARR,med,14.0
78,True,True,WINDSOR,TORONTO,2025-05-11,7,Aldershot,ALDR,2025-05-12T01:26:08Z,2025-05-12T01:09:00Z,ARR,bad,17.0
78,True,True,WINDSOR,TORONTO,2025-05-11,8,Oakville,OAKV,2025-05-12T01:58:57Z,2025-05-12T01:24:00Z,ARR,bad,34.0
78,True,True,WINDSOR,TORONTO,2025-05-11,9,Toronto,TRTO,2025-05-12T02:29:12Z,2025-05-12T01:50:00Z,ARR,bad,39.0
38,True,True,OTTAWA,MONTRÉAL,2025-05-11,0,Ottawa,OTTW,2025-05-11T21:55:00Z,2025-05-11T21:55:00Z,ARR,goo,0.0
38,True,True,OTTAWA,MONTRÉAL,2025-05-11,1,Casselman,CSLM,2025-05-11T22:29:37Z,2025-05-11T22:26:00Z,ARR,goo,3.0
38,True,True,OTTAWA,MONTRÉAL,2025-05-11,2,Alexandria,ALEX,2025-05-11T22:51:20Z,2025-05-11T22:49:00Z,ARR,goo,2.0
38,True,True,OTTAWA,MONTRÉAL,2025-05-11,3,Dorval,DORV,2025-05-11T23:41:08Z,2025-05-11T23:33:00Z,ARR,med,8.0
38,True,True,OTTAWA,MONTRÉAL,2025-05-11,4,Montréal,MTRL,2025-05-12T00:06:36Z,2025-05-11T23:57:00Z,ARR,med,9.0
14,True,False,MONTRÉAL,HALIFAX,2025-05-11,0,Montréal,MTRL,2025-05-11T22:31:00Z,2025-05-11T22:30:00Z,ARR,goo,1.0
14,True,False,MONTRÉAL,HALIFAX,2025-05-11,1,St. Lambert,SLAM,2025-05-11T22:48:36Z,2025-05-11T22:45:00Z,ARR,goo,3.0
14,True,False,MONTRÉAL,HALIFAX,2025-05-11,2,St. Hyacinthe,SHYA,2025-05-11T23:45:32Z,2025-05-11T23:23:00Z,ARR,bad,22.0
14,True,False,MONTRÉAL,HALIFAX,2025-05-11,3,Drummondville,DRMV,2025-05-12T00:39:37Z,2025-05-12T00:04:00Z,ARR,bad,35.0
14,True,False,MONTRÉAL,HALIFAX,2025-05-11,4,Ste-Foy,SFOY,2025-05-12T02:17:42Z,2025-05-12T01:48:00Z,ARR,bad,29.0
14,True,False,MONTRÉAL,HALIFAX,2025-05-11,5,Montmagny,MMGY,2025-05-12T04:10:02Z,2025-05-12T03:17:00Z,17 mins,bad,53.0
14,True,False,MONTRÉAL,HALIFAX,2025-05-11,6,La Pocatière,LPOC,2025-05-12T04:43:02Z,2025-05-12T03:50:00Z,50 mins,bad,53.0
14,True,False,MONTRÉAL,HALIFAX,2025-05-11,7,Rivière-Du-Loup,RDLX,2025-05-12T05:24:02Z,2025-05-12T04:31:00Z,1h31,bad,53.0
14,True,False,MONTRÉAL,HALIFAX,2025-05-11,8,Trois Pistoles,TPIS,2025-05-12T06:08:02Z,2025-05-12T05:15:00Z,2h15,bad,53.0
14,True,False,MONTRÉAL,HALIFAX,2025-05-11,9,Rimouski,RMSK,2025-05-12T07:17:02Z,2025-05-12T06:24:00Z,3h24,bad,53.0
14,True,False,MONTRÉAL,HALIFAX,2025-05-11,10,Mont-Joli,MJLI,2025-05-12T07:57:02Z,2025-05-12T07:04:00Z,4h04,bad,53.0
14,True,False,MONTRÉAL,HALIFAX,2025-05-11,11,Sayabec,SAYA,2025-05-12T09:02:02Z,2025-05-12T08:09:00Z,5h09,bad,53.0
14,True,False,MONTRÉAL,HALIFAX,2025-05-11,12,Amqui,AMQU,2025-05-12T09:23:02Z,2025-05-12T08:30:00Z,5h30,bad,53.0
14,True,False,MONTRÉAL,HALIFAX,2025-05-11,13,Causapscal,CAUS,2025-05-12T09:45:02Z,2025-05-12T08:52:00Z,5h52,bad,53.0
14,True,False,MONTRÉAL,HALIFAX,2025-05-11,14,Matapedia,MTPD,2025-05-12T10:31:02Z,2025-05-12T09:38:00Z,6h38,bad,53.0
14,True,False,MONTRÉAL,HALIFAX,2025-05-11,15,Campbellton,CBTN,2025-05-12T11:16:02Z,2025-05-12T10:23:00Z,7h23,bad,53.0
14,True,False,MONTRÉAL,HALIFAX,2025-05-11,16,Charlo,CHLO,2025-05-12T11:59:02Z,2025-05-12T11:06:00Z,8h06,bad,53.0
14,True,False,MONTRÉAL,HALIFAX,2025-05-11,17,Jacquet River,JACR,2025-05-12T12:23:02Z,2025-05-12T11:30:00Z,8h30,bad,53.0
14,True,False,MONTRÉAL,HALIFAX,2025-05-11,18,Petit Rocher,PROC,2025-05-12T12:46:02Z,2025-05-12T11:53:00Z,8h53,bad,53.0
14,True,False,MONTRÉAL,HALIFAX,2025-05-11,19,Bathurst,BTRS,2025-05-12T13:35:02Z,2025-05-12T12:42:00Z,9h42,bad,53.0
14,True,False,MONTRÉAL,HALIFAX,2025-05-11,20,Miramichi,MIRA,2025-05-12T15:26:02Z,2025-05-12T14:33:00Z,11h33,bad,53.0
14,True,False,MONTRÉAL,HALIFAX,2025-05-11,21,Rogersville,RGRV,2025-05-12T16:21:02Z,2025-05-12T15:28:00Z,12h28,bad,53.0
14,True,False,MONTRÉAL,HALIFAX,2025-05-11,22,Moncton,MCTN,2025-05-12T17:31:02Z,2025-05-12T16:38:00Z,13h38,bad,53.0
14,True,False,MONTRÉAL,HALIFAX,2025-05-11,23,Sackville,SACK,2025-05-12T18:31:02Z,2025-05-12T17:38:00Z,14h38,bad,53.0
48,True,True,TORONTO,OTTAWA,2025-05-11,0,Toronto,TRTO,2025-05-11T22:45:00Z,2025-05-11T22:37:00Z,ARR,med,8.0
48,True,True,TORONTO,OTTAWA,2025-05-11,1,Oshawa,OSHA,2025-05-11T23:28:23Z,2025-05-11T23:08:00Z,ARR,bad,20.0
48,True,True,TORONTO,OTTAWA,2025-05-11,2,Port Hope,PHOP,2025-05-11T23:56:43Z,2025-05-11T23:36:00Z,ARR,bad,20.0
48,True,True,TORONTO,OTTAWA,2025-05-11,3,Cobourg,CBRG,2025-05-12T00:04:26Z,2025-05-11T23:45:00Z,ARR,bad,19.0
48,True,True,TORONTO,OTTAWA,2025-05-11,4,Trenton Jct.,TRNJ,2025-05-12T00:31:08Z,2025-05-12T00:12:01Z,ARR,bad,19.0
48,True,True,TORONTO,OTTAWA,2025-05-11,5,Belleville,BLVL,2025-05-12T00:44:42Z,2025-05-12T00:25:00Z,ARR,bad,19.0
48,True,True,TORONTO,OTTAWA,2025-05-11,6,Napanee,NAPN,2025-05-12T01:06:17Z,2025-05-12T00:46:00Z,ARR,bad,20.0
48,True,True,TORONTO,OTTAWA,2025-05-11,7,Kingston,KGON,2025-05-12T01:23:13Z,2025-05-12T01:06:00Z,ARR,bad,17.0
48,True,True,TORONTO,OTTAWA,2025-05-11,8,Gananoque,GANA,2025-05-12T01:47:17Z,2025-05-12T01:28:00Z,ARR,bad,19.0
48,True,True,TORONTO,OTTAWA,2025-05-11,9,Brockville,BRKV,2025-05-12T02:16:30Z,2025-05-12T01:53:00Z,ARR,bad,23.0
48,True,True,TORONTO,OTTAWA,2025-05-11,10,Smiths Falls,SMTF,2025-05-12T02:47:20Z,2025-05-12T02:24:00Z,ARR,bad,23.0
48,True,True,TORONTO,OTTAWA,2025-05-11,11,Fallowfield,FALL,2025-05-12T03:13:18Z,2025-05-12T02:51:00Z,ARR,bad,22.0
48,True,True,TORONTO,OTTAWA,2025-05-11,12,Ottawa,OTTW,2025-05-12T03:32:41Z,2025-05-12T03:11:00Z,ARR,bad,21.0
79,True,False,TORONTO,WINDSOR,2025-05-11,0,Toronto,TRTO,2025-05-11T23:45:23Z,2025-05-11T23:45:00Z,ARR,goo,0.0
79,True,False,TORONTO,WINDSOR,2025-05-11,1,Oakville,OAKV,2025-05-12T00:20:16Z,2025-05-12T00:07:00Z,ARR,med,13.0
79,True,False,TORONTO,WINDSOR,2025-05-11,2,Aldershot,ALDR,2025-05-12T00:38:40Z,2025-05-12T00:22:00Z,ARR,bad,16.0
79,True,False,TORONTO,WINDSOR,2025-05-11,3,Brantford,BRTF,2025-05-12T01:10:23Z,2025-05-12T00:50:00Z,ARR,bad,20.0
79,True,False,TORONTO,WINDSOR,2025-05-11,4,Woodstock,WDST,2025-05-12T01:38:34Z,2025-05-12T01:17:00Z,ARR,bad,21.0
79,True,False,TORONTO,WINDSOR,2025-05-11,5,Ingersoll,INGR,2025-05-12T01:51:00Z,2025-05-12T01:30:00Z,ARR,bad,21.0
79,True,False,TORONTO,WINDSOR,2025-05-11,6,London,LNDN,2025-05-12T02:16:01Z,2025-05-12T01:52:00Z,ARR,bad,24.0
79,True,False,TORONTO,WINDSOR,2025-05-11,7,Glencoe,GLNC,2025-05-12T02:50:35Z,2025-05-12T02:25:00Z,ARR,bad,25.0
79,True,False,TORONTO,WINDSOR,2025-05-11,8,Chatham,CHAT,2025-05-12T03:30:38Z,2025-05-12T02:57:00Z,ARR,bad,33.0
79,True,False,TORONTO,WINDSOR,2025-05-11,9,Windsor,WDON,2025-05-12T04:14:42Z,2025-05-12T03:44:00Z,22 mins,bad,30.0
692,True,False,GILLAM,WINNIPEG,2025-05-10,0,Gillam,GILL,&mdash;,2025-05-11T10:30:00Z,&mdash;,,
692,True,False,GILLAM,WINNIPEG,2025-05-10,1,Wivenhoe,WVHO,&mdash;,2025-05-11T11:16:00Z,&mdash;,,
692,True,False,GILLAM,WINNIPEG,2025-05-10,2,Ilford,ILFO,&mdash;,2025-05-11T11:53:00Z,&mdash;,,
692,True,False,GILLAM,WINNIPEG,2025-05-10,3,Pit Siding,PITS,&mdash;,2025-05-11T12:54:00Z,&mdash;,,
692,True,False,GILLAM,WINNIPEG,2025-05-10,4,Bridgar,BRGR,&mdash;,2025-05-11T14:16:00Z,&mdash;,,
692,True,False,GILLAM,WINNIPEG,2025-05-10,5,Pikwitonei,PIKW,&mdash;,2025-05-11T14:27:00Z,&mdash;,,
692,True,False,GILLAM,WINNIPEG,2025-05-10,6,Sipiwesk,SIPI,&mdash;,2025-05-11T14:54:00Z,&mdash;,,
692,True,False,GILLAM,WINNIPEG,2025-05-10,7,Thompson,THOM,&mdash;,2025-05-11T16:30:00Z,&mdash;,,
692,True,False,GILLAM,WINNIPEG,2025-05-10,8,Leven,LEVN,&mdash;,2025-05-11T21:05:00Z,&mdash;,,
692,True,False,GILLAM,WINNIPEG,2025-05-10,9,Thicket Portage,THKP,&mdash;,2025-05-11T21:22:00Z,&mdash;,,
692,True,False,GILLAM,WINNIPEG,2025-05-10,10,Hockin,HOCK,&mdash;,2025-05-11T21:37:00Z,&mdash;,,
692,True,False,GILLAM,WINNIPEG,2025-05-10,11,Odhill,ODHI,&mdash;,2025-05-11T22:21:00Z,&mdash;,,
692,True,False,GILLAM,WINNIPEG,2025-05-10,12,Lyddal,LYDD,&mdash;,2025-05-11T22:43:00Z,&mdash;,,
692,True,False,GILLAM,WINNIPEG,2025-05-10,13,Wabowden,WBDN,&mdash;,2025-05-11T23:11:00Z,&mdash;,,
692,True,False,GILLAM,WINNIPEG,2025-05-10,14,Pipun,PIPN,&mdash;,2025-05-11T23:34:00Z,&mdash;,,
692,True,False,GILLAM,WINNIPEG,2025-05-10,15,Ponton,PNTN,&mdash;,2025-05-12T00:17:00Z,&mdash;,,
692,True,False,GILLAM,WINNIPEG,2025-05-10,16,Turnbull,TURN,&mdash;,2025-05-12T00:49:00Z,&mdash;,,
692,True,False,GILLAM,WINNIPEG,2025-05-10,17,Wekusko,WEKU,&mdash;,2025-05-12T01:16:00Z,&mdash;,,
692,True,False,GILLAM,WINNIPEG,2025-05-10,18,Dyce,DYCE,&mdash;,2025-05-12T02:00:00Z,&mdash;,,
692,True,False,GILLAM,WINNIPEG,2025-05-10,19,Dering,DERI,&mdash;,2025-05-12T02:39:00Z,&mdash;,,
692,True,False,GILLAM,WINNIPEG,2025-05-10,20,Cormorant,CORM,&mdash;,2025-05-12T02:47:00Z,&mdash;,,
692,True,False,GILLAM,WINNIPEG,2025-05-10,21,Halcrow,HALC,&mdash;,2025-05-12T02:58:00Z,&mdash;,,
692,True,False,GILLAM,WINNIPEG,2025-05-10,22,Orok,OROK,&mdash;,2025-05-12T03:52:00Z,&mdash;,,
692,True,False,GILLAM,WINNIPEG,2025-05-10,23,The Pas,TPAS,&mdash;,2025-05-12T04:30:00Z,&mdash;,,
692,True,False,GILLAM,WINNIPEG,2025-05-10,24,Hudson Bay,HBAY,&mdash;,2025-05-12T10:27:00Z,&mdash;,,
692,True,False,GILLAM,WINNIPEG,2025-05-10,25,Reserve,RSRV,&mdash;,2025-05-12T11:09:00Z,&mdash;,,
692,True,False,GILLAM,WINNIPEG,2025-05-10,26,Endeavour,ENDV,&mdash;,2025-05-12T11:55:00Z,&mdash;,,
692,True,False,GILLAM,WINNIPEG,2025-05-10,27,Sturgis,STGS,&mdash;,2025-05-12T12:24:00Z,&mdash;,,
692,True,False,GILLAM,WINNIPEG,2025-05-10,28,Canora,CANO,&mdash;,2025-05-12T13:08:00Z,&mdash;,,
692,True,False,GILLAM,WINNIPEG,2025-05-10,29,Mikado,MIKA,&mdash;,2025-05-12T13:30:00Z,&mdash;,,
692,True,False,GILLAM,WINNIPEG,2025-05-10,30,Veregin,VERE,&mdash;,2025-05-12T13:43:00Z,&mdash;,,
692,True,False,GILLAM,WINNIPEG,2025-05-10,31,Kamsack,KAMS,&mdash;,2025-05-12T13:58:00Z,&mdash;,,
692,True,False,GILLAM,WINNIPEG,2025-05-10,32,Togo,TOGO,&mdash;,2025-05-12T14:37:00Z,&mdash;,,
692,True,False,GILLAM,WINNIPEG,2025-05-10,33,Roblin,RBLN,&mdash;,2025-05-12T15:14:00Z,&mdash;,,
692,True,False,GILLAM,WINNIPEG,2025-05-10,34,Grandview,GVIE,&mdash;,2025-05-12T16:12:00Z,&mdash;,,
692,True,False,GILLAM,WINNIPEG,2025-05-10,35,Gilbert Plains,GLBP,&mdash;,2025-05-12T16:32:00Z,&mdash;,,
692,True,False,GILLAM,WINNIPEG,2025-05-10,36,Dauphin,DAUP,&mdash;,2025-05-12T16:56:00Z,&mdash;,,
692,True,False,GILLAM,WINNIPEG,2025-05-10,37,Ochre River,OCHR,&mdash;,2025-05-12T17:20:00Z,&mdash;,,
692,True,False,GILLAM,WINNIPEG,2025-05-10,38,Laurier,LRIE,&mdash;,2025-05-12T17:38:00Z,&mdash;,,
