train_id,departed,arrived,from,to,instance,stop_id,station,code,estimated,scheduled,eta,diff,diffMin
2 (05-02),True,False,VANCOUVER,TORONTO,2025-05-02,0,Vancouver,VCVR,2025-05-02T22:23:10Z,2025-05-02T22:00:00Z,ARR,bad,23.0
2 (05-02),True,False,VANCOUVER,TORONTO,2025-05-02,1,Mission Harbour,MSNH,2025-05-03T03:32:20Z,2025-05-02T23:35:00Z,ARR,bad,237.0
2 (05-02),True,False,VANCOUVER,TORONTO,2025-05-02,2,Agassiz,AGAS,2025-05-03T04:17:54Z,2025-05-03T00:03:00Z,ARR,bad,254.0
2 (05-02),True,False,VANCOUVER,TORONTO,2025-05-02,3,Katz,KATZ,2025-05-03T04:32:59Z,2025-05-03T00:17:00Z,ARR,bad,255.0
2 (05-02),True,False,VANCOUVER,TORONTO,2025-05-02,4,North Bend,NBND,2025-05-03T06:19:25Z,2025-05-03T02:46:00Z,ARR,bad,213.0
2 (05-02),True,False,VANCOUVER,TORONTO,2025-05-02,5,Ashcroft,ASHN,2025-05-03T09:47:42Z,2025-05-03T05:32:00Z,ARR,bad,255.0
2 (05-02),True,False,VANCOUVER,TORONTO,2025-05-02,6,Kamloops North,KAMN,2025-05-03T11:55:14Z,2025-05-03T07:17:00Z,ARR,bad,278.0
2 (05-02),True,False,VANCOUVER,TORONTO,2025-05-02,7,Clearwater,CLWT,2025-05-03T14:27:40Z,2025-05-03T09:58:00Z,ARR,bad,269.0
2 (05-02),True,False,VANCOUVER,TORONTO,2025-05-02,8,Blue River,BLUE,2025-05-03T16:18:43Z,2025-05-03T12:11:00Z,ARR,bad,247.0
2 (05-02),True,False,VANCOUVER,TORONTO,2025-05-02,9,Valemount,VLMT,2025-05-03T20:43:56Z,2025-05-03T14:01:00Z,ARR,bad,402.0
2 (05-02),True,False,VANCOUVER,TORONTO,2025-05-02,10,Jasper,JASP,2025-05-03T22:56:43Z,2025-05-03T17:00:00Z,ARR,bad,356.0
2 (05-02),True,False,VANCOUVER,TORONTO,2025-05-02,11,Hinton,HINT,2025-05-04T01:26:36Z,2025-05-03T19:45:00Z,ARR,bad,341.0
2 (05-02),True,False,VANCOUVER,TORONTO,2025-05-02,12,Edson,EDSN,2025-05-04T03:04:46Z,2025-05-03T21:19:00Z,ARR,bad,345.0
2 (05-02),True,False,VANCOUVER,TORONTO,2025-05-02,13,Evansburg,EVAN,2025-05-04T04:24:14Z,2025-05-03T22:28:00Z,ARR,bad,356.0
2 (05-02),True,False,VANCOUVER,TORONTO,2025-05-02,14,Edmonton,EDMO,2025-05-04T06:05:38Z,2025-05-04T00:50:00Z,ARR,bad,315.0
2 (05-02),True,False,VANCOUVER,TORONTO,2025-05-02,15,Viking,VKNG,2025-05-04T09:42:19Z,2025-05-04T03:53:00Z,ARR,bad,349.0
2 (05-02),True,False,VANCOUVER,TORONTO,2025-05-02,16,Wainwright,WAIN,2025-05-04T10:39:48Z,2025-05-04T06:14:00Z,ARR,bad,265.0
2 (05-02),True,False,VANCOUVER,TORONTO,2025-05-02,17,Unity,UNIT,2025-05-04T13:54:07Z,2025-05-04T07:47:00Z,ARR,bad,367.0
2 (05-02),True,False,VANCOUVER,TORONTO,2025-05-02,18,Biggar,BIGG,2025-05-04T15:41:05Z,2025-05-04T09:21:00Z,ARR,bad,380.0
2 (05-02),True,False,VANCOUVER,TORONTO,2025-05-02,19,Saskatoon,SASK,2025-05-04T17:06:15Z,2025-05-04T11:57:00Z,ARR,bad,309.0
2 (05-02),True,False,VANCOUVER,TORONTO,2025-05-02,20,Watrous,WATR,2025-05-04T19:59:54Z,2025-05-04T14:26:00Z,ARR,bad,333.0
2 (05-02),True,False,VANCOUVER,TORONTO,2025-05-02,21,Melville,MELV,2025-05-05T00:03:21Z,2025-05-04T18:47:00Z,ARR,bad,316.0
2 (05-02),True,False,VANCOUVER,TORONTO,2025-05-02,22,Rivers,RVRS,2025-05-05T03:25:39Z,2025-05-04T22:22:00Z,ARR,bad,303.0
2 (05-02),True,False,VANCOUVER,TORONTO,2025-05-02,23,Portage La Prairie,PLPX,2025-05-05T04:58:06Z,2025-05-05T00:15:00Z,ARR,bad,283.0
2 (05-02),True,False,VANCOUVER,TORONTO,2025-05-02,24,Winnipeg,WNPG,2025-05-05T06:16:51Z,2025-05-05T03:00:00Z,ARR,bad,196.0
2 (05-02),True,False,VANCOUVER,TORONTO,2025-05-02,25,Elma,ELMA,2025-05-05T10:40:58Z,2025-05-05T05:37:00Z,ARR,bad,303.0
2 (05-02),True,False,VANCOUVER,TORONTO,2025-05-02,26,Brereton Lake,BRTL,2025-05-05T11:07:48Z,2025-05-05T05:58:00Z,ARR,bad,309.0
2 (05-02),True,False,VANCOUVER,TORONTO,2025-05-02,27,Ophir,OPHR,2025-05-05T11:23:44Z,2025-05-05T06:16:00Z,ARR,bad,307.0
2 (05-02),True,False,VANCOUVER,TORONTO,2025-05-02,28,Winnitoba,WNTB,2025-05-05T11:27:03Z,2025-05-05T06:21:00Z,ARR,bad,306.0
2 (05-02),True,False,VANCOUVER,TORONTO,2025-05-02,29,Rice Lake,RCLK,2025-05-05T11:35:19Z,2025-05-05T06:35:00Z,ARR,bad,300.0
2 (05-02),True,False,VANCOUVER,TORONTO,2025-05-02,30,Copelands Landing,COPE,2025-05-05T11:51:18Z,2025-05-05T06:38:00Z,ARR,bad,313.0
2 (05-02),True,False,VANCOUVER,TORONTO,2025-05-02,31,Malachi,MLCH,2025-05-05T11:53:18Z,2025-05-05T06:40:00Z,ARR,bad,313.0
2 (05-02),True,False,VANCOUVER,TORONTO,2025-05-02,32,Ottermere,OTTM,2025-05-05T11:59:28Z,2025-05-05T06:46:00Z,ARR,bad,313.0
2 (05-02),True,False,VANCOUVER,TORONTO,2025-05-02,33,Minaki,MNKI,2025-05-05T12:36:10Z,2025-05-05T07:03:00Z,ARR,bad,333.0
2 (05-02),True,False,VANCOUVER,TORONTO,2025-05-02,34,Redditt,RDDT,2025-05-05T13:00:49Z,2025-05-05T07:29:00Z,ARR,bad,331.0
2 (05-02),True,False,VANCOUVER,TORONTO,2025-05-02,35,Farlane,FARL,2025-05-05T13:15:27Z,2025-05-05T07:46:00Z,ARR,bad,329.0
2 (05-02),True,False,VANCOUVER,TORONTO,2025-05-02,36,Canyon,CNYK,2025-05-05T14:15:21Z,2025-05-05T08:23:00Z,ARR,bad,352.0
2 (05-02),True,False,VANCOUVER,TORONTO,2025-05-02,37,Red Lake Road,RLRX,2025-05-05T14:47:44Z,2025-05-05T08:51:00Z,ARR,bad,356.0
2 (05-02),True,False,VANCOUVER,TORONTO,2025-05-02,38,Richan,RCHN,2025-05-05T15:17:52Z,2025-05-05T09:28:00Z,ARR,bad,349.0
2 (05-02),True,False,VANCOUVER,TORONTO,2025-05-02,39,Sioux Lookout,SLKT,2025-05-05T16:46:29Z,2025-05-05T11:01:00Z,ARR,bad,345.0
2 (05-02),True,False,VANCOUVER,TORONTO,2025-05-02,40,Savant Lake,SAVL,2025-05-05T18:35:23Z,2025-05-05T13:14:00Z,ARR,bad,321.0
2 (05-02),True,False,VANCOUVER,TORONTO,2025-05-02,41,Flindt Landing,FLTL,2025-05-05T18:52:23Z,2025-05-05T13:31:00Z,ARR,bad,321.0
2 (05-02),True,False,VANCOUVER,TORONTO,2025-05-02,42,Allanwater Bridge,ALWB,2025-05-05T19:07:23Z,2025-05-05T13:46:00Z,ARR,bad,321.0
2 (05-02),True,False,VANCOUVER,TORONTO,2025-05-02,43,Collins,COLL,2025-05-05T19:47:23Z,2025-05-05T14:26:00Z,ARR,bad,321.0
2 (05-02),True,False,VANCOUVER,TORONTO,2025-05-02,44,Armstrong,ARMG,2025-05-05T21:16:54Z,2025-05-05T14:57:00Z,ARR,bad,379.0
2 (05-02),True,False,VANCOUVER,TORONTO,2025-05-02,45,Mud River,MUDR,2025-05-05T21:58:13Z,2025-05-05T15:29:00Z,ARR,bad,389.0
2 (05-02),True,False,VANCOUVER,TORONTO,2025-05-02,46,Ferland,FERL,2025-05-05T22:06:13Z,2025-05-05T15:37:00Z,ARR,bad,389.0
2 (05-02),True,False,VANCOUVER,TORONTO,2025-05-02,47,Auden,AUDN,2025-05-05T22:43:13Z,2025-05-05T16:14:00Z,ARR,bad,389.0
2 (05-02),True,False,VANCOUVER,TORONTO,2025-05-02,48,Nakina,NAKI,2025-05-06T01:36:25Z,2025-05-05T17:20:00Z,ARR,bad,496.0
2 (05-02),True,False,VANCOUVER,TORONTO,2025-05-02,49,Longlac,LLAC,2025-05-06T02:34:15Z,2025-05-05T18:11:00Z,ARR,bad,503.0
2 (05-02),True,False,VANCOUVER,TORONTO,2025-05-02,50,Caramat,CARA,2025-05-06T09:47:58Z,2025-05-05T18:39:00Z,ARR,bad,908.0
2 (05-02),True,False,VANCOUVER,TORONTO,2025-05-02,51,Hillsport,HLSP,2025-05-06T10:43:04Z,2025-05-05T19:29:00Z,ARR,bad,914.0
2 (05-02),True,False,VANCOUVER,TORONTO,2025-05-02,52,Hornepayne,HNPN,2025-05-06T12:09:01Z,2025-05-05T21:44:00Z,ARR,bad,865.0
2 (05-02),True,False,VANCOUVER,TORONTO,2025-05-02,53,Oba,OBAX,2025-05-06T14:14:40Z,2025-05-05T23:30:00Z,ARR,bad,884.0
2 (05-02),True,False,VANCOUVER,TORONTO,2025-05-02,54,Elsas,ELSA,2025-05-06T15:48:40Z,2025-05-06T01:04:00Z,ARR,bad,884.0
2 (05-02),True,False,VANCOUVER,TORONTO,2025-05-02,55,Foleyet,FOLE,2025-05-06T16:48:36Z,2025-05-06T02:27:00Z,ARR,bad,861.0
2 (05-02),True,False,VANCOUVER,TORONTO,2025-05-02,56,Gogama,GOGA,2025-05-06T18:19:12Z,2025-05-06T04:02:00Z,ARR,bad,857.0
2 (05-02),True,False,VANCOUVER,TORONTO,2025-05-02,57,Westree,WSTR,2025-05-06T19:42:01Z,2025-05-06T04:35:00Z,ARR,bad,907.0
2 (05-02),True,False,VANCOUVER,TORONTO,2025-05-02,58,Ruel,RUEL,2025-05-06T19:59:01Z,2025-05-06T04:52:00Z,ARR,bad,907.0
2 (05-02),True,False,VANCOUVER,TORONTO,2025-05-02,59,Felix,FELX,2025-05-06T20:07:01Z,2025-05-06T05:00:00Z,ARR,bad,907.0
2 (05-02),True,False,VANCOUVER,TORONTO,2025-05-02,60,McKee's Camp,MCKC,2025-05-06T20:27:01Z,2025-05-06T05:20:00Z,ARR,bad,907.0
2 (05-02),True,False,VANCOUVER,TORONTO,2025-05-02,61,Laforest,LAFO,2025-05-06T20:40:01Z,2025-05-06T05:33:00Z,ARR,bad,907.0
2 (05-02),True,False,VANCOUVER,TORONTO,2025-05-02,62,Capreol,CAPR,2025-05-06T22:00:34Z,2025-05-06T07:47:00Z,ARR,bad,853.0
2 (05-02),True,False,VANCOUVER,TORONTO,2025-05-02,63,Sudbury (Jct.),SUDJ,2025-05-06T23:16:54Z,2025-05-06T08:49:00Z,ARR,bad,867.0
2 (05-02),True,False,VANCOUVER,TORONTO,2025-05-02,64,Parry Sound,PARS,2025-05-07T02:28:36Z,2025-05-06T12:00:00Z,ARR,bad,868.0
2 (05-02),True,False,VANCOUVER,TORONTO,2025-05-02,65,Washago,WSHG,2025-05-07T04:55:53Z,2025-05-06T14:00:00Z,1h08,bad,895.0
2 (05-02),True,False,VANCOUVER,TORONTO,2025-05-02,66,Toronto,TRTO,2025-05-07T09:24:53Z,2025-05-06T18:29:00Z,5h37,bad,895.0
693 (05-04),True,True,WINNIPEG,CHURCHILL,2025-05-04,0,Winnipeg,WNPG,2025-05-04T17:05:00Z,2025-05-04T17:05:00Z,ARR,goo,0.0
693 (05-04),True,True,WINNIPEG,CHURCHILL,2025-05-04,1,Portage La Prairie,PLPX,2025-05-04T18:15:00Z,2025-05-04T18:15:00Z,ARR,goo,0.0
693 (05-04),True,True,WINNIPEG,CHURCHILL,2025-05-04,2,Gladstone,GSTO,2025-05-04T19:05:22Z,2025-05-04T19:07:00Z,ARR,goo,-1.0
693 (05-04),True,True,WINNIPEG,CHURCHILL,2025-05-04,3,Plumas,PLUM,2025-05-04T19:40:53Z,2025-05-04T19:44:00Z,ARR,goo,-3.0
693 (05-04),True,True,WINNIPEG,CHURCHILL,2025-05-04,4,Glenella,GLNA,2025-05-04T20:07:06Z,2025-05-04T20:16:00Z,ARR,goo,-8.0
693 (05-04),True,True,WINNIPEG,CHURCHILL,2025-05-04,5,Mccreary,MCCR,2025-05-04T20:48:25Z,2025-05-04T20:57:00Z,ARR,goo,-8.0
693 (05-04),True,True,WINNIPEG,CHURCHILL,2025-05-04,6,Laurier,LRIE,2025-05-04T21:08:01Z,2025-05-04T21:15:00Z,ARR,goo,-6.0
693 (05-04),True,True,WINNIPEG,CHURCHILL,2025-05-04,7,Ochre River,OCHR,2025-05-04T21:24:39Z,2025-05-04T21:36:00Z,ARR,goo,-11.0
693 (05-04),True,True,WINNIPEG,CHURCHILL,2025-05-04,8,Dauphin,DAUP,2025-05-04T21:44:15Z,2025-05-04T21:56:00Z,ARR,goo,-11.0
693 (05-04),True,True,WINNIPEG,CHURCHILL,2025-05-04,9,Gilbert Plains,GLBP,2025-05-05T00:29:26Z,2025-05-04T22:44:00Z,ARR,bad,105.0
693 (05-04),True,True,WINNIPEG,CHURCHILL,2025-05-04,10,Grandview,GVIE,2025-05-05T00:48:21Z,2025-05-04T23:00:00Z,ARR,bad,108.0
693 (05-04),True,True,WINNIPEG,CHURCHILL,2025-05-04,11,Roblin,RBLN,2025-05-05T01:53:03Z,2025-05-04T23:55:00Z,ARR,bad,118.0
693 (05-04),True,True,WINNIPEG,CHURCHILL,2025-05-04,12,Togo,TOGO,2025-05-05T02:18:25Z,2025-05-05T00:22:00Z,ARR,bad,116.0
693 (05-04),True,True,WINNIPEG,CHURCHILL,2025-05-04,13,Kamsack,KAMS,2025-05-05T02:52:42Z,2025-05-05T00:59:00Z,ARR,bad,113.0
693 (05-04),True,True,WINNIPEG,CHURCHILL,2025-05-04,14,Veregin,VERE,2025-05-05T03:07:58Z,2025-05-05T01:12:00Z,ARR,bad,115.0
693 (05-04),True,True,WINNIPEG,CHURCHILL,2025-05-04,15,Mikado,MIKA,2025-05-05T03:19:09Z,2025-05-05T01:22:00Z,ARR,bad,117.0
693 (05-04),True,True,WINNIPEG,CHURCHILL,2025-05-04,16,Canora,CANO,2025-05-05T03:32:44Z,2025-05-05T01:36:00Z,ARR,bad,116.0
693 (05-04),True,True,WINNIPEG,CHURCHILL,2025-05-04,17,Sturgis,STGS,2025-05-05T04:25:50Z,2025-05-05T02:21:00Z,ARR,bad,124.0
693 (05-04),True,True,WINNIPEG,CHURCHILL,2025-05-04,18,Endeavour,ENDV,2025-05-05T04:57:06Z,2025-05-05T02:54:00Z,ARR,bad,123.0
693 (05-04),True,True,WINNIPEG,CHURCHILL,2025-05-04,19,Reserve,RSRV,2025-05-05T05:43:41Z,2025-05-05T03:34:00Z,ARR,bad,129.0
693 (05-04),True,True,WINNIPEG,CHURCHILL,2025-05-04,20,Hudson Bay,HBAY,2025-05-05T06:32:10Z,2025-05-05T04:32:00Z,ARR,bad,120.0
693 (05-04),True,True,WINNIPEG,CHURCHILL,2025-05-04,21,The Pas,TPAS,2025-05-05T09:03:25Z,2025-05-05T06:45:00Z,ARR,bad,138.0
693 (05-04),True,True,WINNIPEG,CHURCHILL,2025-05-04,22,Orok,OROK,2025-05-05T09:55:42Z,2025-05-05T08:07:00Z,ARR,bad,108.0
693 (05-04),True,True,WINNIPEG,CHURCHILL,2025-05-04,23,Halcrow,HALC,2025-05-05T10:46:05Z,2025-05-05T09:01:00Z,ARR,bad,105.0
693 (05-04),True,True,WINNIPEG,CHURCHILL,2025-05-04,24,Cormorant,CORM,2025-05-05T10:57:05Z,2025-05-05T09:12:00Z,ARR,bad,105.0
693 (05-04),True,True,WINNIPEG,CHURCHILL,2025-05-04,25,Dering,DERI,2025-05-05T11:05:05Z,2025-05-05T09:20:00Z,ARR,bad,105.0
693 (05-04),True,True,WINNIPEG,CHURCHILL,2025-05-04,26,Dyce,DYCE,2025-05-05T11:44:05Z,2025-05-05T09:59:00Z,ARR,bad,105.0
693 (05-04),True,True,WINNIPEG,CHURCHILL,2025-05-04,27,Wekusko,WEKU,2025-05-05T12:11:58Z,2025-05-05T10:43:00Z,ARR,bad,88.0
693 (05-04),True,True,WINNIPEG,CHURCHILL,2025-05-04,28,Turnbull,TURN,2025-05-05T12:35:24Z,2025-05-05T11:10:00Z,ARR,bad,85.0
693 (05-04),True,True,WINNIPEG,CHURCHILL,2025-05-04,29,Ponton,PNTN,2025-05-05T13:02:57Z,2025-05-05T11:42:00Z,ARR,bad,80.0
693 (05-04),True,True,WINNIPEG,CHURCHILL,2025-05-04,30,Pipun,PIPN,2025-05-05T13:49:26Z,2025-05-05T12:25:00Z,ARR,bad,84.0
693 (05-04),True,True,WINNIPEG,CHURCHILL,2025-05-04,31,Wabowden,WBDN,2025-05-05T14:03:37Z,2025-05-05T12:48:00Z,ARR,bad,75.0
693 (05-04),True,True,WINNIPEG,CHURCHILL,2025-05-04,32,Lyddal,LYDD,2025-05-05T14:29:10Z,2025-05-05T13:16:00Z,ARR,bad,73.0
693 (05-04),True,True,WINNIPEG,CHURCHILL,2025-05-04,33,Odhill,ODHI,2025-05-05T14:48:44Z,2025-05-05T13:38:00Z,ARR,bad,70.0
693 (05-04),True,True,WINNIPEG,CHURCHILL,2025-05-04,34,Hockin,HOCK,2025-05-05T15:27:41Z,2025-05-05T14:22:00Z,ARR,bad,65.0
693 (05-04),True,True,WINNIPEG,CHURCHILL,2025-05-04,35,Thicket Portage,THKP,2025-05-05T15:42:41Z,2025-05-05T14:37:00Z,ARR,bad,65.0
693 (05-04),True,True,WINNIPEG,CHURCHILL,2025-05-04,36,Leven,LEVN,2025-05-05T16:04:36Z,2025-05-05T14:54:00Z,ARR,bad,70.0
693 (05-04),True,True,WINNIPEG,CHURCHILL,2025-05-04,37,Thompson,THOM,2025-05-05T19:32:15Z,2025-05-05T17:00:00Z,ARR,bad,152.0
693 (05-04),True,True,WINNIPEG,CHURCHILL,2025-05-04,38,Sipiwesk,SIPI,2025-05-05T23:26:32Z,2025-05-05T23:35:00Z,ARR,goo,-8.0
693 (05-04),True,True,WINNIPEG,CHURCHILL,2025-05-04,39,Pikwitonei,PIKW,2025-05-06T00:02:00Z,2025-05-06T00:02:00Z,ARR,goo,0.0
693 (05-04),True,True,WINNIPEG,CHURCHILL,2025-05-04,40,Bridgar,BRGR,2025-05-06T00:13:45Z,2025-05-06T00:13:00Z,ARR,goo,0.0
693 (05-04),True,True,WINNIPEG,CHURCHILL,2025-05-04,41,Pit Siding,PITS,2025-05-06T01:35:45Z,2025-05-06T01:35:00Z,ARR,goo,0.0
693 (05-04),True,True,WINNIPEG,CHURCHILL,2025-05-04,42,Ilford,ILFO,2025-05-06T02:44:37Z,2025-05-06T02:36:00Z,ARR,med,8.0
693 (05-04),True,True,WINNIPEG,CHURCHILL,2025-05-04,43,Wivenhoe,WVHO,2025-05-06T03:44:50Z,2025-05-06T03:13:00Z,ARR,bad,31.0
693 (05-04),True,True,WINNIPEG,CHURCHILL,2025-05-04,44,Gillam,GILL,2025-05-06T04:29:13Z,2025-05-06T04:00:01Z,ARR,bad,29.0
693 (05-04),True,True,WINNIPEG,CHURCHILL,2025-05-04,45,Bird,BIRD,2025-05-06T05:29:00Z,2025-05-06T05:29:00Z,ARR,goo,0.0
693 (05-04),True,True,WINNIPEG,CHURCHILL,2025-05-04,46,Amery,AMRY,2025-05-06T05:52:00Z,2025-05-06T05:52:00Z,ARR,goo,0.0
693 (05-04),True,True,WINNIPEG,CHURCHILL,2025-05-04,47,Weir River,WEIR,2025-05-06T06:43:00Z,2025-05-06T06:43:00Z,ARR,goo,0.0
693 (05-04),True,True,WINNIPEG,CHURCHILL,2025-05-04,48,Thibaudeau,THIB,2025-05-06T08:00:00Z,2025-05-06T08:00:00Z,ARR,goo,0.0
693 (05-04),True,True,WINNIPEG,CHURCHILL,2025-05-04,49,Herchmer,HERC,2025-05-06T09:26:00Z,2025-05-06T09:26:00Z,ARR,goo,0.0
693 (05-04),True,True,WINNIPEG,CHURCHILL,2025-05-04,50,O'Day,ODAY,2025-05-06T10:05:00Z,2025-05-06T10:05:00Z,ARR,goo,0.0
693 (05-04),True,True,WINNIPEG,CHURCHILL,2025-05-04,51,M'Clintock,MCLI,2025-05-06T10:50:00Z,2025-05-06T10:50:00Z,ARR,goo,0.0
693 (05-04),True,True,WINNIPEG,CHURCHILL,2025-05-04,52,Chesnaye,CHES,2025-05-06T12:06:00Z,2025-05-06T12:06:00Z,ARR,goo,0.0
693 (05-04),True,True,WINNIPEG,CHURCHILL,2025-05-04,53,Tidal,TIDL,2025-05-06T13:37:00Z,2025-05-06T13:37:00Z,ARR,goo,0.0
693 (05-04),True,True,WINNIPEG,CHURCHILL,2025-05-04,54,Churchill,CHUR,2025-05-06T14:00:00Z,2025-05-06T14:00:00Z,ARR,goo,0.0
1 (05-04),True,False,TORONTO,VANCOUVER,2025-05-04,0,Toronto,TRTO,2025-05-04T13:55:00Z,2025-05-04T13:55:00Z,ARR,goo,0.0
1 (05-04),True,False,TORONTO,VANCOUVER,2025-05-04,1,Washago,WSHG,2025-05-04T17:01:58Z,2025-05-04T16:25:00Z,ARR,bad,36.0
1 (05-04),True,False,TORONTO,VANCOUVER,2025-05-04,2,South Parry,SPAR,2025-05-04T18:47:26Z,2025-05-04T18:27:00Z,ARR,bad,20.0
1 (05-04),True,False,TORONTO,VANCOUVER,2025-05-04,3,Sudbury (Jct.),SUDJ,2025-05-04T22:33:06Z,2025-05-04T20:57:00Z,ARR,bad,96.0
1 (05-04),True,False,TORONTO,VANCOUVER,2025-05-04,4,Capreol,CAPR,2025-05-04T22:59:37Z,2025-05-04T21:22:00Z,ARR,bad,97.0
1 (05-04),True,False,TORONTO,VANCOUVER,2025-05-04,5,Laforest,LAFO,2025-05-05T00:20:27Z,2025-05-04T22:48:00Z,ARR,bad,92.0
1 (05-04),True,False,TORONTO,VANCOUVER,2025-05-04,6,McKee's Camp,MCKC,2025-05-05T00:33:27Z,2025-05-04T23:01:00Z,ARR,bad,92.0
1 (05-04),True,False,TORONTO,VANCOUVER,2025-05-04,7,Felix,FELX,2025-05-05T00:53:27Z,2025-05-04T23:21:00Z,ARR,bad,92.0
1 (05-04),True,False,TORONTO,VANCOUVER,2025-05-04,8,Ruel,RUEL,2025-05-05T01:00:27Z,2025-05-04T23:28:00Z,ARR,bad,92.0
1 (05-04),True,False,TORONTO,VANCOUVER,2025-05-04,9,Westree,WSTR,2025-05-05T01:17:27Z,2025-05-04T23:45:00Z,ARR,bad,92.0
1 (05-04),True,False,TORONTO,VANCOUVER,2025-05-04,10,Gogama,GOGA,2025-05-05T02:00:12Z,2025-05-05T00:18:00Z,ARR,bad,102.0
1 (05-04),True,False,TORONTO,VANCOUVER,2025-05-04,11,Foleyet,FOLE,2025-05-05T03:45:22Z,2025-05-05T02:44:00Z,ARR,bad,61.0
1 (05-04),True,False,TORONTO,VANCOUVER,2025-05-04,12,Elsas,ELSA,2025-05-05T04:37:42Z,2025-05-05T03:38:00Z,ARR,bad,59.0
1 (05-04),True,False,TORONTO,VANCOUVER,2025-05-04,13,Oba,OBAX,2025-05-05T06:37:42Z,2025-05-05T05:38:00Z,ARR,bad,59.0
1 (05-04),True,False,TORONTO,VANCOUVER,2025-05-04,14,Hornepayne,HNPN,2025-05-05T08:22:55Z,2025-05-05T06:29:00Z,ARR,bad,113.0
1 (05-04),True,False,TORONTO,VANCOUVER,2025-05-04,15,Hillsport,HLSP,2025-05-05T10:00:26Z,2025-05-05T08:05:00Z,ARR,bad,115.0
1 (05-04),True,False,TORONTO,VANCOUVER,2025-05-04,16,Caramat,CARA,2025-05-05T10:46:13Z,2025-05-05T08:55:00Z,ARR,bad,111.0
1 (05-04),True,False,TORONTO,VANCOUVER,2025-05-04,17,Longlac,LLAC,2025-05-05T11:08:39Z,2025-05-05T09:34:00Z,ARR,bad,94.0
1 (05-04),True,False,TORONTO,VANCOUVER,2025-05-04,18,Nakina,NAKI,2025-05-05T11:57:39Z,2025-05-05T10:13:00Z,ARR,bad,104.0
1 (05-04),True,False,TORONTO,VANCOUVER,2025-05-04,19,Auden,AUDN,2025-05-05T15:17:39Z,2025-05-05T11:19:00Z,ARR,bad,238.0
1 (05-04),True,False,TORONTO,VANCOUVER,2025-05-04,20,Ferland,FERL,2025-05-05T15:54:39Z,2025-05-05T11:56:00Z,ARR,bad,238.0
1 (05-04),True,False,TORONTO,VANCOUVER,2025-05-04,21,Mud River,MUDR,2025-05-05T16:03:39Z,2025-05-05T12:05:00Z,ARR,bad,238.0
1 (05-04),True,False,TORONTO,VANCOUVER,2025-05-04,22,Armstrong,ARMG,2025-05-05T16:50:01Z,2025-05-05T13:17:00Z,ARR,bad,213.0
1 (05-04),True,False,TORONTO,VANCOUVER,2025-05-04,23,Collins,COLL,2025-05-05T17:30:59Z,2025-05-05T13:47:00Z,ARR,bad,223.0
1 (05-04),True,False,TORONTO,VANCOUVER,2025-05-04,24,Allanwater Bridge,ALWB,2025-05-05T18:09:59Z,2025-05-05T14:26:00Z,ARR,bad,223.0
1 (05-04),True,False,TORONTO,VANCOUVER,2025-05-04,25,Flindt Landing,FLTL,2025-05-05T18:25:59Z,2025-05-05T14:42:00Z,ARR,bad,223.0
1 (05-04),True,False,TORONTO,VANCOUVER,2025-05-04,26,Savant Lake,SAVL,2025-05-05T18:42:59Z,2025-05-05T14:59:00Z,ARR,bad,223.0
1 (05-04),True,False,TORONTO,VANCOUVER,2025-05-04,27,Sioux Lookout,SLKT,2025-05-05T20:39:45Z,2025-05-05T16:25:00Z,ARR,bad,254.0
1 (05-04),True,False,TORONTO,VANCOUVER,2025-05-04,28,Richan,RCHN,2025-05-05T23:03:49Z,2025-05-05T18:05:00Z,ARR,bad,298.0
1 (05-04),True,False,TORONTO,VANCOUVER,2025-05-04,29,Red Lake Road,RLRX,2025-05-05T23:34:49Z,2025-05-05T18:41:00Z,ARR,bad,293.0
1 (05-04),True,False,TORONTO,VANCOUVER,2025-05-04,30,Canyon,CNYK,2025-05-06T00:02:33Z,2025-05-05T19:10:00Z,ARR,bad,292.0
1 (05-04),True,False,TORONTO,VANCOUVER,2025-05-04,31,Farlane,FARL,2025-05-06T00:33:13Z,2025-05-05T19:47:00Z,ARR,bad,286.0
1 (05-04),True,False,TORONTO,VANCOUVER,2025-05-04,32,Redditt,RDDT,2025-05-06T00:46:48Z,2025-05-05T20:23:00Z,ARR,bad,263.0
1 (05-04),True,False,TORONTO,VANCOUVER,2025-05-04,33,Minaki,MNKI,2025-05-06T01:04:20Z,2025-05-05T20:44:00Z,ARR,bad,260.0
1 (05-04),True,False,TORONTO,VANCOUVER,2025-05-04,34,Ottermere,OTTM,2025-05-06T01:20:13Z,2025-05-05T21:01:00Z,ARR,bad,259.0
1 (05-04),True,False,TORONTO,VANCOUVER,2025-05-04,35,Malachi,MLCH,2025-05-06T01:31:31Z,2025-05-05T21:07:00Z,ARR,bad,264.0
1 (05-04),True,False,TORONTO,VANCOUVER,2025-05-04,36,Copelands Landing,COPE,2025-05-06T01:33:31Z,2025-05-05T21:09:00Z,ARR,bad,264.0
1 (05-04),True,False,TORONTO,VANCOUVER,2025-05-04,37,Rice Lake,RCLK,2025-05-06T01:41:54Z,2025-05-05T21:12:00Z,ARR,bad,269.0
1 (05-04),True,False,TORONTO,VANCOUVER,2025-05-04,38,Winnitoba,WNTB,2025-05-06T01:49:16Z,2025-05-05T21:26:00Z,ARR,bad,263.0
1 (05-04),True,False,TORONTO,VANCOUVER,2025-05-04,39,Ophir,OPHR,2025-05-06T01:49:31Z,2025-05-05T21:31:00Z,ARR,bad,258.0
1 (05-04),True,False,TORONTO,VANCOUVER,2025-05-04,40,Brereton Lake,BRTL,2025-05-06T02:02:41Z,2025-05-05T21:49:00Z,ARR,bad,253.0
1 (05-04),True,False,TORONTO,VANCOUVER,2025-05-04,41,Elma,ELMA,2025-05-06T04:12:03Z,2025-05-05T22:10:00Z,ARR,bad,362.0
1 (05-04),True,False,TORONTO,VANCOUVER,2025-05-04,42,Winnipeg,WNPG,2025-05-06T06:18:59Z,2025-05-06T00:30:00Z,ARR,bad,348.0
1 (05-04),True,False,TORONTO,VANCOUVER,2025-05-04,43,Portage La Prairie,PLPX,2025-05-06T11:03:04Z,2025-05-06T04:04:00Z,ARR,bad,419.0
1 (05-04),True,False,TORONTO,VANCOUVER,2025-05-04,44,Rivers,RVRS,2025-05-06T14:46:34Z,2025-05-06T06:31:00Z,ARR,bad,495.0
1 (05-04),True,False,TORONTO,VANCOUVER,2025-05-04,45,Melville,MELV,2025-05-06T18:55:39Z,2025-05-06T10:54:00Z,ARR,bad,481.0
1 (05-04),True,False,TORONTO,VANCOUVER,2025-05-04,46,Watrous,WATR,2025-05-06T23:06:13Z,2025-05-06T13:54:00Z,ARR,bad,552.0
1 (05-04),True,False,TORONTO,VANCOUVER,2025-05-04,47,Saskatoon,SASK,2025-05-07T03:21:57Z,2025-05-06T15:50:00Z,ARR,bad,691.0
1 (05-04),True,False,TORONTO,VANCOUVER,2025-05-04,48,Biggar,BIGG,2025-05-07T06:00:49Z,2025-05-06T18:29:00Z,2h13,bad,691.0
1 (05-04),True,False,TORONTO,VANCOUVER,2025-05-04,49,Unity,UNIT,2025-05-07T07:15:49Z,2025-05-06T19:44:00Z,3h28,bad,691.0
1 (05-04),True,False,TORONTO,VANCOUVER,2025-05-04,50,Wainwright,WAIN,&mdash;,2025-05-06T22:33:00Z,&mdash;,,
1 (05-04),True,False,TORONTO,VANCOUVER,2025-05-04,51,Viking,VKNG,&mdash;,2025-05-06T23:26:00Z,&mdash;,,
1 (05-04),True,False,TORONTO,VANCOUVER,2025-05-04,52,Edmonton,EDMO,&mdash;,2025-05-07T02:50:00Z,&mdash;,,
1 (05-04),True,False,TORONTO,VANCOUVER,2025-05-04,53,Evansburg,EVAN,&mdash;,2025-05-07T07:29:00Z,&mdash;,,
1 (05-04),True,False,TORONTO,VANCOUVER,2025-05-04,54,Edson,EDSN,&mdash;,2025-05-07T08:52:00Z,&mdash;,,
1 (05-04),True,False,TORONTO,VANCOUVER,2025-05-04,55,Hinton,HINT,&mdash;,2025-05-07T09:58:00Z,&mdash;,,
1 (05-04),True,False,TORONTO,VANCOUVER,2025-05-04,56,Jasper,JASP,&mdash;,2025-05-07T12:30:00Z,&mdash;,,
2 (05-05),True,False,VANCOUVER,TORONTO,2025-05-05,0,Vancouver,VCVR,2025-05-05T22:04:42Z,2025-05-05T22:00:00Z,ARR,goo,4.0
2 (05-05),True,False,VANCOUVER,TORONTO,2025-05-05,1,Mission Harbour,MSNH,2025-05-06T01:08:55Z,2025-05-05T23:35:00Z,ARR,bad,93.0
2 (05-05),True,False,VANCOUVER,TORONTO,2025-05-05,2,Agassiz,AGAS,2025-05-06T01:58:03Z,2025-05-06T00:03:00Z,ARR,bad,115.0
2 (05-05),True,False,VANCOUVER,TORONTO,2025-05-05,3,Katz,KATZ,2025-05-06T02:19:15Z,2025-05-06T00:17:00Z,ARR,bad,122.0
2 (05-05),True,False,VANCOUVER,TORONTO,2025-05-05,4,North Bend,NBND,2025-05-06T04:06:06Z,2025-05-06T02:46:00Z,ARR,bad,80.0
2 (05-05),True,False,VANCOUVER,TORONTO,2025-05-05,5,Ashcroft,ASHN,2025-05-06T06:38:29Z,2025-05-06T05:32:00Z,ARR,bad,66.0
2 (05-05),True,False,VANCOUVER,TORONTO,2025-05-05,6,Kamloops North,KAMN,2025-05-06T09:05:32Z,2025-05-06T07:17:00Z,ARR,bad,108.0
2 (05-05),True,False,VANCOUVER,TORONTO,2025-05-05,7,Clearwater,CLWT,2025-05-06T12:13:55Z,2025-05-06T09:58:00Z,ARR,bad,135.0
2 (05-05),True,False,VANCOUVER,TORONTO,2025-05-05,8,Blue River,BLUE,2025-05-06T14:31:51Z,2025-05-06T12:11:00Z,ARR,bad,140.0
2 (05-05),True,False,VANCOUVER,TORONTO,2025-05-05,9,Valemount,VLMT,2025-05-06T16:28:18Z,2025-05-06T14:01:00Z,ARR,bad,147.0
2 (05-05),True,False,VANCOUVER,TORONTO,2025-05-05,10,Jasper,JASP,2025-05-06T19:53:47Z,2025-05-06T17:00:00Z,ARR,bad,173.0
2 (05-05),True,False,VANCOUVER,TORONTO,2025-05-05,11,Hinton,HINT,2025-05-06T23:45:30Z,2025-05-06T19:45:00Z,ARR,bad,240.0
2 (05-05),True,False,VANCOUVER,TORONTO,2025-05-05,12,Edson,EDSN,2025-05-07T01:33:14Z,2025-05-06T21:19:00Z,ARR,bad,254.0
2 (05-05),True,False,VANCOUVER,TORONTO,2025-05-05,13,Evansburg,EVAN,2025-05-07T02:51:41Z,2025-05-06T22:28:00Z,ARR,bad,263.0
2 (05-05),True,False,VANCOUVER,TORONTO,2025-05-05,14,Edmonton,EDMO,2025-05-07T04:51:10Z,2025-05-07T00:50:00Z,1h03,bad,241.0
2 (05-05),True,False,VANCOUVER,TORONTO,2025-05-05,15,Viking,VKNG,2025-05-07T07:54:10Z,2025-05-07T03:53:00Z,4h06,bad,241.0
2 (05-05),True,False,VANCOUVER,TORONTO,2025-05-05,16,Wainwright,WAIN,&mdash;,2025-05-07T06:14:00Z,&mdash;,,
2 (05-05),True,False,VANCOUVER,TORONTO,2025-05-05,17,Unity,UNIT,&mdash;,2025-05-07T07:47:00Z,&mdash;,,
2 (05-05),True,False,VANCOUVER,TORONTO,2025-05-05,18,Biggar,BIGG,&mdash;,2025-05-07T09:21:00Z,&mdash;,,
2 (05-05),True,False,VANCOUVER,TORONTO,2025-05-05,19,Saskatoon,SASK,&mdash;,2025-05-07T11:57:00Z,&mdash;,,
2 (05-05),True,False,VANCOUVER,TORONTO,2025-05-05,20,Watrous,WATR,&mdash;,2025-05-07T14:26:00Z,&mdash;,,
693 (05-06),True,False,WINNIPEG,GILLAM,2025-05-06,0,Portage La Prairie,PLPX,2025-05-06T18:43:08Z,2025-05-06T18:15:00Z,ARR,bad,28.0
693 (05-06),True,False,WINNIPEG,GILLAM,2025-05-06,1,Gladstone,GSTO,2025-05-06T19:24:46Z,2025-05-06T19:07:00Z,ARR,bad,17.0
693 (05-06),True,False,WINNIPEG,GILLAM,2025-05-06,2,Plumas,PLUM,2025-05-06T19:55:24Z,2025-05-06T19:44:00Z,ARR,med,11.0
693 (05-06),True,False,WINNIPEG,GILLAM,2025-05-06,3,Glenella,GLNA,2025-05-06T20:21:00Z,2025-05-06T20:16:00Z,ARR,med,5.0
693 (05-06),True,False,WINNIPEG,GILLAM,2025-05-06,4,Mccreary,MCCR,2025-05-06T20:59:48Z,2025-05-06T20:57:00Z,ARR,goo,2.0
693 (05-06),True,False,WINNIPEG,GILLAM,2025-05-06,5,Laurier,LRIE,2025-05-06T21:15:02Z,2025-05-06T21:15:00Z,ARR,goo,0.0
693 (05-06),True,False,WINNIPEG,GILLAM,2025-05-06,6,Ochre River,OCHR,2025-05-06T21:31:25Z,2025-05-06T21:36:00Z,ARR,goo,-4.0
693 (05-06),True,False,WINNIPEG,GILLAM,2025-05-06,7,Dauphin,DAUP,2025-05-06T21:49:15Z,2025-05-06T21:56:00Z,ARR,goo,-6.0
693 (05-06),True,False,WINNIPEG,GILLAM,2025-05-06,8,Gilbert Plains,GLBP,2025-05-06T22:45:24Z,2025-05-06T22:44:00Z,ARR,goo,1.0
693 (05-06),True,False,WINNIPEG,GILLAM,2025-05-06,9,Grandview,GVIE,2025-05-06T23:05:15Z,2025-05-06T23:00:00Z,ARR,med,5.0
693 (05-06),True,False,WINNIPEG,GILLAM,2025-05-06,10,Roblin,RBLN,2025-05-07T00:10:31Z,2025-05-06T23:55:00Z,ARR,bad,15.0
693 (05-06),True,False,WINNIPEG,GILLAM,2025-05-06,11,Togo,TOGO,2025-05-07T00:35:46Z,2025-05-07T00:22:00Z,ARR,med,13.0
693 (05-06),True,False,WINNIPEG,GILLAM,2025-05-06,12,Kamsack,KAMS,2025-05-07T01:08:43Z,2025-05-07T00:59:00Z,ARR,med,9.0
693 (05-06),True,False,WINNIPEG,GILLAM,2025-05-06,13,Veregin,VERE,2025-05-07T01:20:11Z,2025-05-07T01:12:00Z,ARR,med,8.0
693 (05-06),True,False,WINNIPEG,GILLAM,2025-05-06,14,Mikado,MIKA,2025-05-07T01:31:15Z,2025-05-07T01:22:00Z,ARR,med,9.0
693 (05-06),True,False,WINNIPEG,GILLAM,2025-05-06,15,Canora,CANO,2025-05-07T01:44:53Z,2025-05-07T01:36:00Z,ARR,med,8.0
693 (05-06),True,False,WINNIPEG,GILLAM,2025-05-06,16,Sturgis,STGS,2025-05-07T02:44:00Z,2025-05-07T02:21:00Z,ARR,bad,23.0
693 (05-06),True,False,WINNIPEG,GILLAM,2025-05-06,17,Endeavour,ENDV,2025-05-07T03:15:15Z,2025-05-07T02:54:00Z,ARR,bad,21.0
693 (05-06),True,False,WINNIPEG,GILLAM,2025-05-06,18,Reserve,RSRV,2025-05-07T03:56:54Z,2025-05-07T03:34:00Z,9 mins,bad,22.0
693 (05-06),True,False,WINNIPEG,GILLAM,2025-05-06,19,Hudson Bay,HBAY,2025-05-07T04:54:54Z,2025-05-07T04:32:00Z,1h07,bad,22.0
693 (05-06),True,False,WINNIPEG,GILLAM,2025-05-06,20,The Pas,TPAS,2025-05-07T07:07:54Z,2025-05-07T06:45:00Z,3h20,bad,22.0
693 (05-06),True,False,WINNIPEG,GILLAM,2025-05-06,21,Orok,OROK,2025-05-07T08:29:54Z,2025-05-07T08:07:00Z,4h42,bad,22.0
693 (05-06),True,False,WINNIPEG,GILLAM,2025-05-06,22,Halcrow,HALC,2025-05-07T09:23:54Z,2025-05-07T09:01:00Z,5h36,bad,22.0
693 (05-06),True,False,WINNIPEG,GILLAM,2025-05-06,23,Cormorant,CORM,2025-05-07T09:34:54Z,2025-05-07T09:12:00Z,5h47,bad,22.0
693 (05-06),True,False,WINNIPEG,GILLAM,2025-05-06,24,Dering,DERI,2025-05-07T09:42:54Z,2025-05-07T09:20:00Z,5h55,bad,22.0
693 (05-06),True,False,WINNIPEG,GILLAM,2025-05-06,25,Dyce,DYCE,2025-05-07T10:21:54Z,2025-05-07T09:59:00Z,6h34,bad,22.0
693 (05-06),True,False,WINNIPEG,GILLAM,2025-05-06,26,Wekusko,WEKU,2025-05-07T11:05:54Z,2025-05-07T10:43:00Z,7h18,bad,22.0
693 (05-06),True,False,WINNIPEG,GILLAM,2025-05-06,27,Turnbull,TURN,2025-05-07T11:32:54Z,2025-05-07T11:10:00Z,7h45,bad,22.0
693 (05-06),True,False,WINNIPEG,GILLAM,2025-05-06,28,Ponton,PNTN,2025-05-07T12:04:54Z,2025-05-07T11:42:00Z,8h17,bad,22.0
693 (05-06),True,False,WINNIPEG,GILLAM,2025-05-06,29,Pipun,PIPN,2025-05-07T12:47:54Z,2025-05-07T12:25:00Z,9h00,bad,22.0
693 (05-06),True,False,WINNIPEG,GILLAM,2025-05-06,30,Wabowden,WBDN,2025-05-07T13:10:54Z,2025-05-07T12:48:00Z,9h23,bad,22.0
693 (05-06),True,False,WINNIPEG,GILLAM,2025-05-06,31,Lyddal,LYDD,2025-05-07T13:38:54Z,2025-05-07T13:16:00Z,9h51,bad,22.0
693 (05-06),True,False,WINNIPEG,GILLAM,2025-05-06,32,Odhill,ODHI,2025-05-07T14:00:54Z,2025-05-07T13:38:00Z,10h13,bad,22.0
693 (05-06),True,False,WINNIPEG,GILLAM,2025-05-06,33,Hockin,HOCK,2025-05-07T14:44:54Z,2025-05-07T14:22:00Z,10h57,bad,22.0
693 (05-06),True,False,WINNIPEG,GILLAM,2025-05-06,34,Thicket Portage,THKP,2025-05-07T14:59:54Z,2025-05-07T14:37:00Z,11h12,bad,22.0
693 (05-06),True,False,WINNIPEG,GILLAM,2025-05-06,35,Leven,LEVN,2025-05-07T15:16:54Z,2025-05-07T14:54:00Z,11h29,bad,22.0
693 (05-06),True,False,WINNIPEG,GILLAM,2025-05-06,36,Thompson,THOM,2025-05-07T17:22:54Z,2025-05-07T17:00:00Z,13h35,bad,22.0
20,True,True,MONTRÉAL,QUÉBEC,2025-05-06,0,Montréal,MTRL,2025-05-06T10:25:00Z,2025-05-06T10:25:00Z,ARR,goo,0.0
20,True,True,MONTRÉAL,QUÉBEC,2025-05-06,1,St. Lambert,SLAM,2025-05-06T10:46:25Z,2025-05-06T10:38:00Z,ARR,med,8.0
20,True,True,MONTRÉAL,QUÉBEC,2025-05-06,2,St. Hyacinthe,SHYA,2025-05-06T11:15:15Z,2025-05-06T11:06:00Z,ARR,med,9.0
20,True,True,MONTRÉAL,QUÉBEC,2025-05-06,3,Drummondville,DRMV,2025-05-06T12:00:34Z,2025-05-06T11:43:00Z,ARR,bad,17.0
20,True,True,MONTRÉAL,QUÉBEC,2025-05-06,4,Ste-Foy,SFOY,2025-05-06T13:42:36Z,2025-05-06T13:25:00Z,ARR,bad,17.0
20,True,True,MONTRÉAL,QUÉBEC,2025-05-06,5,Québec,QBEC,2025-05-06T14:09:11Z,2025-05-06T13:52:00Z,ARR,bad,17.0
22,True,True,OTTAWA,QUÉBEC,2025-05-06,0,Ottawa,OTTW,2025-05-06T10:07:00Z,2025-05-06T10:07:00Z,ARR,goo,0.0
22,True,True,OTTAWA,QUÉBEC,2025-05-06,1,Casselman,CSLM,2025-05-06T10:30:00Z,2025-05-06T10:33:00Z,ARR,goo,-3.0
22,True,True,OTTAWA,QUÉBEC,2025-05-06,2,Alexandria,ALEX,2025-05-06T10:51:01Z,2025-05-06T10:55:00Z,ARR,goo,-3.0
22,True,True,OTTAWA,QUÉBEC,2025-05-06,3,Coteau,COTO,2025-05-06T11:15:19Z,2025-05-06T11:23:00Z,ARR,goo,-7.0
22,True,True,OTTAWA,QUÉBEC,2025-05-06,4,Dorval,DORV,2025-05-06T11:51:44Z,2025-05-06T11:47:00Z,ARR,goo,4.0
22,True,True,OTTAWA,QUÉBEC,2025-05-06,5,Montréal,MTRL,2025-05-06T12:13:03Z,2025-05-06T12:11:00Z,ARR,goo,2.0
22,True,True,OTTAWA,QUÉBEC,2025-05-06,6,St. Lambert,SLAM,2025-05-06T12:54:38Z,2025-05-06T12:49:00Z,ARR,med,5.0
22,True,True,OTTAWA,QUÉBEC,2025-05-06,7,St. Hyacinthe,SHYA,2025-05-06T13:32:38Z,2025-05-06T13:16:00Z,ARR,bad,16.0
22,True,True,OTTAWA,QUÉBEC,2025-05-06,8,Drummondville,DRMV,2025-05-06T14:10:00Z,2025-05-06T13:44:00Z,ARR,bad,26.0
22,True,True,OTTAWA,QUÉBEC,2025-05-06,9,Ste-Foy,SFOY,2025-05-06T16:08:45Z,2025-05-06T15:19:00Z,ARR,bad,49.0
22,True,True,OTTAWA,QUÉBEC,2025-05-06,10,Québec,QBEC,2025-05-06T16:40:36Z,2025-05-06T15:47:00Z,ARR,bad,53.0
24,True,True,OTTAWA,QUÉBEC,2025-05-06,0,Ottawa,OTTW,2025-05-06T14:13:00Z,2025-05-06T14:13:00Z,ARR,goo,0.0
24,True,True,OTTAWA,QUÉBEC,2025-05-06,1,Alexandria,ALEX,2025-05-06T14:55:56Z,2025-05-06T15:03:00Z,ARR,goo,-7.0
24,True,True,OTTAWA,QUÉBEC,2025-05-06,2,Coteau,COTO,2025-05-06T15:34:29Z,2025-05-06T15:26:00Z,ARR,med,8.0
24,True,True,OTTAWA,QUÉBEC,2025-05-06,3,Dorval,DORV,2025-05-06T16:07:05Z,2025-05-06T15:50:00Z,ARR,bad,17.0
24,True,True,OTTAWA,QUÉBEC,2025-05-06,4,Montréal,MTRL,2025-05-06T16:30:01Z,2025-05-06T16:15:00Z,ARR,bad,15.0
24,True,True,OTTAWA,QUÉBEC,2025-05-06,5,St. Lambert,SLAM,2025-05-06T17:15:53Z,2025-05-06T16:58:00Z,ARR,bad,17.0
24,True,True,OTTAWA,QUÉBEC,2025-05-06,6,St. Hyacinthe,SHYA,2025-05-06T17:51:38Z,2025-05-06T17:26:00Z,ARR,bad,25.0
24,True,True,OTTAWA,QUÉBEC,2025-05-06,7,Drummondville,DRMV,2025-05-06T18:36:13Z,2025-05-06T17:54:00Z,ARR,bad,42.0
24,True,True,OTTAWA,QUÉBEC,2025-05-06,8,Charny,CHNY,2025-05-06T20:25:35Z,2025-05-06T19:38:00Z,ARR,bad,47.0
24,True,True,OTTAWA,QUÉBEC,2025-05-06,9,Ste-Foy,SFOY,2025-05-06T20:34:34Z,2025-05-06T19:45:00Z,ARR,bad,49.0
24,True,True,OTTAWA,QUÉBEC,2025-05-06,10,Québec,QBEC,2025-05-06T21:08:16Z,2025-05-06T20:12:00Z,ARR,bad,56.0
37,True,True,QUÉBEC,OTTAWA,2025-05-06,0,Québec,QBEC,2025-05-06T16:39:16Z,2025-05-06T16:32:00Z,ARR,med,7.0
37,True,True,QUÉBEC,OTTAWA,2025-05-06,1,Ste-Foy,SFOY,2025-05-06T17:06:21Z,2025-05-06T16:57:00Z,ARR,med,9.0
37,True,True,QUÉBEC,OTTAWA,2025-05-06,2,Drummondville,DRMV,2025-05-06T18:52:42Z,2025-05-06T18:44:00Z,ARR,med,8.0
37,True,True,QUÉBEC,OTTAWA,2025-05-06,3,St. Hyacinthe,SHYA,2025-05-06T19:21:15Z,2025-05-06T19:12:00Z,ARR,med,9.0
37,True,True,QUÉBEC,OTTAWA,2025-05-06,4,St. Lambert,SLAM,2025-05-06T19:49:26Z,2025-05-06T19:39:00Z,ARR,med,10.0
37,True,True,QUÉBEC,OTTAWA,2025-05-06,5,Montréal,MTRL,2025-05-06T20:07:43Z,2025-05-06T19:54:00Z,ARR,med,13.0
37,True,True,QUÉBEC,OTTAWA,2025-05-06,6,Dorval,DORV,2025-05-06T21:18:30Z,2025-05-06T20:54:00Z,ARR,bad,24.0
37,True,True,QUÉBEC,OTTAWA,2025-05-06,7,Coteau,COTO,2025-05-06T21:46:21Z,2025-05-06T21:23:00Z,ARR,bad,23.0
37,True,True,QUÉBEC,OTTAWA,2025-05-06,8,Alexandria,ALEX,2025-05-06T22:09:16Z,2025-05-06T21:45:00Z,ARR,bad,24.0
37,True,True,QUÉBEC,OTTAWA,2025-05-06,9,Ottawa,OTTW,2025-05-06T22:52:43Z,2025-05-06T22:37:00Z,ARR,bad,15.0
50,True,True,TORONTO,OTTAWA,2025-05-06,0,Toronto,TRTO,2025-05-06T10:32:00Z,2025-05-06T10:32:00Z,ARR,goo,0.0
50,True,True,TORONTO,OTTAWA,2025-05-06,1,Guildwood,GUIL,2025-05-06T10:48:57Z,2025-05-06T10:50:00Z,ARR,goo,-1.0
50,True,True,TORONTO,OTTAWA,2025-05-06,2,Oshawa,OSHA,2025-05-06T11:12:45Z,2025-05-06T11:08:00Z,ARR,goo,4.0
50,True,True,TORONTO,OTTAWA,2025-05-06,3,Cobourg,CBRG,2025-05-06T11:49:53Z,2025-05-06T11:43:00Z,ARR,med,6.0
50,True,True,TORONTO,OTTAWA,2025-05-06,4,Belleville,BLVL,2025-05-06T12:24:24Z,2025-05-06T12:18:00Z,ARR,med,6.0
50,True,True,TORONTO,OTTAWA,2025-05-06,5,Kingston,KGON,2025-05-06T13:02:14Z,2025-05-06T12:57:00Z,ARR,med,5.0
50,True,True,TORONTO,OTTAWA,2025-05-06,6,Brockville,BRKV,2025-05-06T14:10:08Z,2025-05-06T13:54:00Z,ARR,bad,16.0
50,True,True,TORONTO,OTTAWA,2025-05-06,7,Smiths Falls,SMTF,2025-05-06T14:35:39Z,2025-05-06T14:29:00Z,ARR,med,6.0
50,True,True,TORONTO,OTTAWA,2025-05-06,8,Fallowfield,FALL,2025-05-06T15:10:50Z,2025-05-06T15:01:00Z,ARR,med,9.0
50,True,True,TORONTO,OTTAWA,2025-05-06,9,Ottawa,OTTW,2025-05-06T15:29:02Z,2025-05-06T15:21:00Z,ARR,med,8.0
52,True,True,TORONTO,OTTAWA,2025-05-06,0,Toronto,TRTO,2025-05-06T12:32:41Z,2025-05-06T12:32:00Z,ARR,goo,0.0
52,True,True,TORONTO,OTTAWA,2025-05-06,1,Guildwood,GUIL,2025-05-06T13:18:26Z,2025-05-06T12:50:00Z,ARR,bad,28.0
52,True,True,TORONTO,OTTAWA,2025-05-06,2,Oshawa,OSHA,2025-05-06T13:37:22Z,2025-05-06T13:09:00Z,ARR,bad,28.0
52,True,True,TORONTO,OTTAWA,2025-05-06,3,Cobourg,CBRG,2025-05-06T14:13:27Z,2025-05-06T13:44:00Z,ARR,bad,29.0
52,True,True,TORONTO,OTTAWA,2025-05-06,4,Belleville,BLVL,2025-05-06T14:48:15Z,2025-05-06T14:20:00Z,ARR,bad,28.0
52,True,True,TORONTO,OTTAWA,2025-05-06,5,Kingston,KGON,2025-05-06T15:28:58Z,2025-05-06T15:00:00Z,ARR,bad,28.0
52,True,True,TORONTO,OTTAWA,2025-05-06,6,Brockville,BRKV,2025-05-06T16:19:25Z,2025-05-06T15:57:00Z,ARR,bad,22.0
52,True,True,TORONTO,OTTAWA,2025-05-06,7,Smiths Falls,SMTF,2025-05-06T17:05:45Z,2025-05-06T16:35:00Z,ARR,bad,30.0
52,True,True,TORONTO,OTTAWA,2025-05-06,8,Fallowfield,FALL,2025-05-06T17:27:00Z,2025-05-06T17:11:00Z,ARR,bad,16.0
52,True,True,TORONTO,OTTAWA,2025-05-06,9,Ottawa,OTTW,2025-05-06T18:24:38Z,2025-05-06T17:32:00Z,ARR,bad,52.0
53,True,True,OTTAWA,TORONTO,2025-05-06,0,Fallowfield,FALL,2025-05-06T15:59:31Z,2025-05-06T16:00:00Z,ARR,goo,0.0
53,True,True,OTTAWA,TORONTO,2025-05-06,1,Brockville,BRKV,2025-05-06T17:11:04Z,2025-05-06T17:01:00Z,ARR,med,10.0
53,True,True,OTTAWA,TORONTO,2025-05-06,2,Gananoque,GANA,2025-05-06T17:43:40Z,2025-05-06T17:31:00Z,ARR,med,12.0
53,True,True,OTTAWA,TORONTO,2025-05-06,3,Kingston,KGON,2025-05-06T18:07:20Z,2025-05-06T17:54:00Z,ARR,med,13.0
53,True,True,OTTAWA,TORONTO,2025-05-06,4,Belleville,BLVL,2025-05-06T18:56:08Z,2025-05-06T18:36:00Z,ARR,bad,20.0
53,True,True,OTTAWA,TORONTO,2025-05-06,5,Cobourg,CBRG,2025-05-06T19:36:37Z,2025-05-06T19:12:00Z,ARR,bad,24.0
53,True,True,OTTAWA,TORONTO,2025-05-06,6,Oshawa,OSHA,2025-05-06T20:17:21Z,2025-05-06T19:48:00Z,ARR,bad,29.0
53,True,True,OTTAWA,TORONTO,2025-05-06,7,Toronto,TRTO,2025-05-06T21:00:31Z,2025-05-06T20:33:00Z,ARR,bad,27.0
60,True,True,TORONTO,MONTRÉAL,2025-05-06,0,Toronto,TRTO,2025-05-06T10:32:00Z,2025-05-06T10:32:00Z,ARR,goo,0.0
60,True,True,TORONTO,MONTRÉAL,2025-05-06,1,Guildwood,GUIL,2025-05-06T10:48:51Z,2025-05-06T10:50:00Z,ARR,goo,-1.0
60,True,True,TORONTO,MONTRÉAL,2025-05-06,2,Oshawa,OSHA,2025-05-06T11:12:41Z,2025-05-06T11:08:00Z,ARR,goo,4.0
60,True,True,TORONTO,MONTRÉAL,2025-05-06,3,Cobourg,CBRG,2025-05-06T11:49:30Z,2025-05-06T11:43:00Z,ARR,med,6.0
60,True,True,TORONTO,MONTRÉAL,2025-05-06,4,Belleville,BLVL,2025-05-06T12:23:59Z,2025-05-06T12:18:00Z,ARR,med,5.0
60,True,True,TORONTO,MONTRÉAL,2025-05-06,5,Kingston,KGON,2025-05-06T13:01:51Z,2025-05-06T12:57:00Z,ARR,goo,4.0
60,True,True,TORONTO,MONTRÉAL,2025-05-06,6,Cornwall,CWLL,2025-05-06T14:47:20Z,2025-05-06T14:38:00Z,ARR,med,9.0
60,True,True,TORONTO,MONTRÉAL,2025-05-06,7,Dorval,DORV,2025-05-06T15:55:54Z,2025-05-06T15:25:00Z,ARR,bad,30.0
60,True,True,TORONTO,MONTRÉAL,2025-05-06,8,Montréal,MTRL,2025-05-06T16:20:43Z,2025-05-06T15:50:00Z,ARR,bad,30.0
64,True,True,TORONTO,MONTRÉAL,2025-05-06,0,Toronto,TRTO,2025-05-06T15:37:14Z,2025-05-06T15:37:00Z,ARR,goo,0.0
64,True,True,TORONTO,MONTRÉAL,2025-05-06,1,Guildwood,GUIL,2025-05-06T15:54:01Z,2025-05-06T15:55:00Z,ARR,goo,0.0
64,True,True,TORONTO,MONTRÉAL,2025-05-06,2,Oshawa,OSHA,2025-05-06T16:13:28Z,2025-05-06T16:09:00Z,ARR,goo,4.0
64,True,True,TORONTO,MONTRÉAL,2025-05-06,3,Cobourg,CBRG,2025-05-06T16:46:40Z,2025-05-06T16:46:00Z,ARR,goo,0.0
64,True,True,TORONTO,MONTRÉAL,2025-05-06,4,Belleville,BLVL,2025-05-06T17:23:36Z,2025-05-06T17:22:00Z,ARR,goo,1.0
64,True,True,TORONTO,MONTRÉAL,2025-05-06,5,Kingston,KGON,2025-05-06T18:04:08Z,2025-05-06T18:03:00Z,ARR,goo,1.0
64,True,True,TORONTO,MONTRÉAL,2025-05-06,6,Brockville,BRKV,2025-05-06T18:50:27Z,2025-05-06T18:52:00Z,ARR,goo,-1.0
64,True,True,TORONTO,MONTRÉAL,2025-05-06,7,Cornwall,CWLL,2025-05-06T19:41:56Z,2025-05-06T19:42:00Z,ARR,goo,0.0
64,True,True,TORONTO,MONTRÉAL,2025-05-06,8,Dorval,DORV,2025-05-06T20:30:00Z,2025-05-06T20:37:00Z,ARR,goo,-7.0
64,True,True,TORONTO,MONTRÉAL,2025-05-06,9,Montréal,MTRL,2025-05-06T21:09:30Z,2025-05-06T21:05:00Z,ARR,goo,4.0
61,True,True,MONTRÉAL,TORONTO,2025-05-06,0,Montréal,MTRL,2025-05-06T10:45:00Z,2025-05-06T10:45:00Z,ARR,goo,0.0
61,True,True,MONTRÉAL,TORONTO,2025-05-06,1,Dorval,DORV,2025-05-06T11:17:34Z,2025-05-06T11:08:00Z,ARR,med,9.0
61,True,True,MONTRÉAL,TORONTO,2025-05-06,2,Cornwall,CWLL,2025-05-06T12:33:13Z,2025-05-06T12:01:00Z,ARR,bad,32.0
61,True,True,MONTRÉAL,TORONTO,2025-05-06,3,Kingston,KGON,2025-05-06T14:20:30Z,2025-05-06T13:29:00Z,ARR,bad,51.0
61,True,True,MONTRÉAL,TORONTO,2025-05-06,4,Belleville,BLVL,2025-05-06T15:54:04Z,2025-05-06T14:11:00Z,ARR,bad,103.0
61,True,True,MONTRÉAL,TORONTO,2025-05-06,5,Oshawa,OSHA,2025-05-06T17:16:28Z,2025-05-06T15:19:00Z,ARR,bad,117.0
61,True,True,MONTRÉAL,TORONTO,2025-05-06,6,Guildwood,GUIL,2025-05-06T17:46:03Z,2025-05-06T15:43:00Z,ARR,bad,123.0
61,True,True,MONTRÉAL,TORONTO,2025-05-06,7,Toronto,TRTO,2025-05-06T18:08:57Z,2025-05-06T16:03:00Z,ARR,bad,125.0
65,True,True,MONTRÉAL,TORONTO,2025-05-06,0,Montréal,MTRL,2025-05-06T14:49:00Z,2025-05-06T14:49:00Z,ARR,goo,0.0
65,True,True,MONTRÉAL,TORONTO,2025-05-06,1,Dorval,DORV,2025-05-06T15:11:51Z,2025-05-06T15:12:00Z,ARR,goo,0.0
65,True,True,MONTRÉAL,TORONTO,2025-05-06,2,Cornwall,CWLL,2025-05-06T16:08:08Z,2025-05-06T16:06:00Z,ARR,goo,2.0
65,True,True,MONTRÉAL,TORONTO,2025-05-06,3,Kingston,KGON,2025-05-06T17:34:24Z,2025-05-06T17:36:00Z,ARR,goo,-1.0
65,True,True,MONTRÉAL,TORONTO,2025-05-06,4,Belleville,BLVL,2025-05-06T18:15:03Z,2025-05-06T18:20:00Z,ARR,goo,-4.0
65,True,True,MONTRÉAL,TORONTO,2025-05-06,5,Cobourg,CBRG,2025-05-06T18:56:24Z,2025-05-06T18:58:00Z,ARR,goo,-1.0
65,True,True,MONTRÉAL,TORONTO,2025-05-06,6,Oshawa,OSHA,2025-05-06T19:33:46Z,2025-05-06T19:34:00Z,ARR,goo,0.0
65,True,True,MONTRÉAL,TORONTO,2025-05-06,7,Toronto,TRTO,2025-05-06T20:13:38Z,2025-05-06T20:18:00Z,ARR,goo,-4.0
67,True,True,MONTRÉAL,TORONTO,2025-05-06,0,Montréal,MTRL,2025-05-06T17:22:00Z,2025-05-06T17:22:00Z,ARR,goo,0.0
67,True,True,MONTRÉAL,TORONTO,2025-05-06,1,Dorval,DORV,2025-05-06T17:46:34Z,2025-05-06T17:47:00Z,ARR,goo,0.0
67,True,True,MONTRÉAL,TORONTO,2025-05-06,2,Cornwall,CWLL,2025-05-06T18:41:27Z,2025-05-06T18:38:00Z,ARR,goo,3.0
67,True,True,MONTRÉAL,TORONTO,2025-05-06,3,Kingston,KGON,2025-05-06T20:02:54Z,2025-05-06T20:03:00Z,ARR,goo,0.0
67,True,True,MONTRÉAL,TORONTO,2025-05-06,4,Belleville,BLVL,2025-05-06T20:45:50Z,2025-05-06T20:42:00Z,ARR,goo,3.0
67,True,True,MONTRÉAL,TORONTO,2025-05-06,5,Cobourg,CBRG,2025-05-06T21:21:26Z,2025-05-06T21:17:00Z,ARR,goo,4.0
67,True,True,MONTRÉAL,TORONTO,2025-05-06,6,Oshawa,OSHA,2025-05-06T21:56:15Z,2025-05-06T21:50:00Z,ARR,med,6.0
67,True,True,MONTRÉAL,TORONTO,2025-05-06,7,Toronto,TRTO,2025-05-06T22:37:22Z,2025-05-06T22:45:00Z,ARR,goo,-7.0
70,True,True,WINDSOR,TORONTO,2025-05-06,0,Windsor,WDON,2025-05-06T09:35:00Z,2025-05-06T09:35:00Z,ARR,goo,0.0
70,True,True,WINDSOR,TORONTO,2025-05-06,1,Chatham,CHAT,2025-05-06T10:23:02Z,2025-05-06T10:19:00Z,ARR,goo,4.0
70,True,True,WINDSOR,TORONTO,2025-05-06,2,London,LNDN,2025-05-06T11:34:53Z,2025-05-06T11:25:00Z,ARR,med,9.0
70,True,True,WINDSOR,TORONTO,2025-05-06,3,Ingersoll,INGR,2025-05-06T12:03:33Z,2025-05-06T11:55:00Z,ARR,med,8.0
70,True,True,WINDSOR,TORONTO,2025-05-06,4,Woodstock,WDST,2025-05-06T12:15:26Z,2025-05-06T12:08:00Z,ARR,med,7.0
70,True,True,WINDSOR,TORONTO,2025-05-06,5,Brantford,BRTF,2025-05-06T12:53:05Z,2025-05-06T12:44:00Z,ARR,med,9.0
70,True,True,WINDSOR,TORONTO,2025-05-06,6,Aldershot,ALDR,2025-05-06T13:25:09Z,2025-05-06T13:25:00Z,ARR,goo,0.0
70,True,True,WINDSOR,TORONTO,2025-05-06,7,Oakville,OAKV,2025-05-06T13:44:12Z,2025-05-06T13:43:00Z,ARR,goo,1.0
70,True,True,WINDSOR,TORONTO,2025-05-06,8,Toronto,TRTO,2025-05-06T14:15:53Z,2025-05-06T14:10:00Z,ARR,med,5.0
71,True,True,TORONTO,WINDSOR,2025-05-06,0,Toronto,TRTO,2025-05-06T10:50:00Z,2025-05-06T10:50:00Z,ARR,goo,0.0
71,True,True,TORONTO,WINDSOR,2025-05-06,1,Oakville,OAKV,2025-05-06T11:12:53Z,2025-05-06T11:13:00Z,ARR,goo,0.0
71,True,True,TORONTO,WINDSOR,2025-05-06,2,Aldershot,ALDR,2025-05-06T11:28:59Z,2025-05-06T11:29:00Z,ARR,goo,0.0
71,True,True,TORONTO,WINDSOR,2025-05-06,3,Brantford,BRTF,2025-05-06T11:58:43Z,2025-05-06T11:55:00Z,ARR,goo,3.0
71,True,True,TORONTO,WINDSOR,2025-05-06,4,Woodstock,WDST,2025-05-06T12:28:58Z,2025-05-06T12:30:00Z,ARR,goo,-1.0
71,True,True,TORONTO,WINDSOR,2025-05-06,5,Ingersoll,INGR,2025-05-06T12:41:02Z,2025-05-06T12:43:00Z,ARR,goo,-1.0
71,True,True,TORONTO,WINDSOR,2025-05-06,6,London,LNDN,2025-05-06T13:04:25Z,2025-05-06T13:06:00Z,ARR,goo,-1.0
71,True,True,TORONTO,WINDSOR,2025-05-06,7,Glencoe,GLNC,2025-05-06T13:42:14Z,2025-05-06T13:39:00Z,ARR,goo,3.0
71,True,True,TORONTO,WINDSOR,2025-05-06,8,Chatham,CHAT,2025-05-06T14:44:54Z,2025-05-06T14:18:00Z,ARR,bad,26.0
71,True,True,TORONTO,WINDSOR,2025-05-06,9,Windsor,WDON,2025-05-06T15:33:21Z,2025-05-06T15:08:00Z,ARR,bad,25.0
72,True,True,WINDSOR,TORONTO,2025-05-06,0,Windsor,WDON,2025-05-06T12:43:00Z,2025-05-06T12:43:00Z,ARR,goo,0.0
72,True,True,WINDSOR,TORONTO,2025-05-06,1,Chatham,CHAT,2025-05-06T13:28:47Z,2025-05-06T13:25:00Z,ARR,goo,3.0
72,True,True,WINDSOR,TORONTO,2025-05-06,2,Glencoe,GLNC,2025-05-06T14:11:39Z,2025-05-06T14:05:00Z,ARR,med,6.0
72,True,True,WINDSOR,TORONTO,2025-05-06,3,London,LNDN,2025-05-06T14:41:49Z,2025-05-06T14:39:00Z,ARR,goo,2.0
72,True,True,WINDSOR,TORONTO,2025-05-06,4,Ingersoll,INGR,2025-05-06T15:07:37Z,2025-05-06T15:07:00Z,ARR,goo,0.0
72,True,True,WINDSOR,TORONTO,2025-05-06,5,Woodstock,WDST,2025-05-06T15:19:22Z,2025-05-06T15:23:00Z,ARR,goo,-3.0
72,True,True,WINDSOR,TORONTO,2025-05-06,6,Brantford,BRTF,2025-05-06T15:51:25Z,2025-05-06T15:55:00Z,ARR,goo,-3.0
72,True,True,WINDSOR,TORONTO,2025-05-06,7,Aldershot,ALDR,2025-05-06T16:27:45Z,2025-05-06T16:29:00Z,ARR,goo,-1.0
72,True,True,WINDSOR,TORONTO,2025-05-06,8,Oakville,OAKV,2025-05-06T16:46:53Z,2025-05-06T16:45:00Z,ARR,goo,1.0
72,True,True,WINDSOR,TORONTO,2025-05-06,9,Toronto,TRTO,2025-05-06T17:14:18Z,2025-05-06T17:11:00Z,ARR,goo,3.0
73,True,True,TORONTO,WINDSOR,2025-05-06,0,Toronto,TRTO,2025-05-06T15:30:00Z,2025-05-06T15:30:00Z,ARR,goo,0.0
73,True,True,TORONTO,WINDSOR,2025-05-06,1,Oakville,OAKV,2025-05-06T15:58:55Z,2025-05-06T15:51:00Z,ARR,med,7.0
73,True,True,TORONTO,WINDSOR,2025-05-06,2,Aldershot,ALDR,2025-05-06T16:16:10Z,2025-05-06T16:09:00Z,ARR,med,7.0
73,True,True,TORONTO,WINDSOR,2025-05-06,3,Brantford,BRTF,2025-05-06T16:46:17Z,2025-05-06T16:40:00Z,ARR,med,6.0
73,True,True,TORONTO,WINDSOR,2025-05-06,4,Woodstock,WDST,2025-05-06T17:14:08Z,2025-05-06T17:09:00Z,ARR,med,5.0
73,True,True,TORONTO,WINDSOR,2025-05-06,5,London,LNDN,2025-05-06T17:43:53Z,2025-05-06T17:38:00Z,ARR,med,5.0
73,True,True,TORONTO,WINDSOR,2025-05-06,6,Chatham,CHAT,2025-05-06T18:55:45Z,2025-05-06T18:50:00Z,ARR,med,5.0
73,True,True,TORONTO,WINDSOR,2025-05-06,7,Windsor,WDON,2025-05-06T19:45:54Z,2025-05-06T19:45:00Z,ARR,goo,0.0
84,True,True,SARNIA,TORONTO,2025-05-06,0,Sarnia,SARN,2025-05-06T12:40:00Z,2025-05-06T12:40:00Z,ARR,goo,0.0
84,True,True,SARNIA,TORONTO,2025-05-06,1,Wyoming,WYOM,2025-05-06T12:57:54Z,2025-05-06T12:55:00Z,ARR,goo,2.0
84,True,True,SARNIA,TORONTO,2025-05-06,2,Strathroy,STRR,2025-05-06T13:23:21Z,2025-05-06T13:27:00Z,ARR,goo,-3.0
84,True,True,SARNIA,TORONTO,2025-05-06,3,London,LNDN,2025-05-06T13:46:25Z,2025-05-06T13:52:00Z,ARR,goo,-5.0
84,True,True,SARNIA,TORONTO,2025-05-06,4,St.Marys,SMYS,2025-05-06T14:42:54Z,2025-05-06T14:45:00Z,ARR,goo,-2.0
84,True,True,SARNIA,TORONTO,2025-05-06,5,Stratford,STRF,2025-05-06T15:18:29Z,2025-05-06T15:14:00Z,ARR,goo,4.0
84,True,True,SARNIA,TORONTO,2025-05-06,6,Kitchener,KITC,2025-05-06T16:07:08Z,2025-05-06T16:02:00Z,ARR,med,5.0
84,True,True,SARNIA,TORONTO,2025-05-06,7,Guelph,GUEL,2025-05-06T16:25:42Z,2025-05-06T16:24:00Z,ARR,goo,1.0
84,True,True,SARNIA,TORONTO,2025-05-06,8,Georgetown,GEOR,2025-05-06T17:10:16Z,2025-05-06T16:47:00Z,ARR,bad,23.0
84,True,True,SARNIA,TORONTO,2025-05-06,9,Brampton,BRMP,2025-05-06T17:18:49Z,2025-05-06T16:59:00Z,ARR,bad,19.0
84,True,True,SARNIA,TORONTO,2025-05-06,10,Malton,MALT,2025-05-06T17:37:54Z,2025-05-06T17:11:00Z,ARR,bad,26.0
84,True,True,SARNIA,TORONTO,2025-05-06,11,Toronto,TRTO,2025-05-06T18:12:21Z,2025-05-06T17:38:00Z,ARR,bad,34.0
644,True,True,TORONTO,OTTAWA,2025-05-06,0,Toronto,TRTO,2025-05-06T17:22:24Z,2025-05-06T17:22:00Z,ARR,goo,0.0
644,True,True,TORONTO,OTTAWA,2025-05-06,1,Oshawa,OSHA,2025-05-06T17:56:36Z,2025-05-06T17:53:00Z,ARR,goo,3.0
644,True,True,TORONTO,OTTAWA,2025-05-06,2,Cobourg,CBRG,2025-05-06T18:39:37Z,2025-05-06T18:28:00Z,ARR,med,11.0
644,True,True,TORONTO,OTTAWA,2025-05-06,3,Belleville,BLVL,2025-05-06T19:23:05Z,2025-05-06T19:03:00Z,ARR,bad,20.0
644,True,True,TORONTO,OTTAWA,2025-05-06,4,Kingston,KGON,2025-05-06T20:10:35Z,2025-05-06T19:43:00Z,ARR,bad,27.0
644,True,True,TORONTO,OTTAWA,2025-05-06,5,Fallowfield,FALL,2025-05-06T21:57:34Z,2025-05-06T21:30:00Z,ARR,bad,27.0
644,True,True,TORONTO,OTTAWA,2025-05-06,6,Ottawa,OTTW,2025-05-06T22:25:21Z,2025-05-06T21:53:00Z,ARR,bad,32.0
97,True,True,TORONTO,NIAGARA FALLS,2025-05-06,0,Toronto,TRTO,2025-05-06T12:20:00Z,2025-05-06T12:20:00Z,ARR,goo,0.0
97,True,True,TORONTO,NIAGARA FALLS,2025-05-06,1,Oakville,OAKV,2025-05-06T12:43:00Z,2025-05-06T12:43:00Z,ARR,goo,0.0
97,True,True,TORONTO,NIAGARA FALLS,2025-05-06,2,Aldershot,ALDR,2025-05-06T12:56:00Z,2025-05-06T12:56:00Z,ARR,goo,0.0
97,True,True,TORONTO,NIAGARA FALLS,2025-05-06,3,Grimsby,GRIM,2025-05-06T13:40:00Z,2025-05-06T13:37:00Z,ARR,goo,3.0
97,True,True,TORONTO,NIAGARA FALLS,2025-05-06,4,St. Catharines,SCAT,2025-05-06T14:00:00Z,2025-05-06T13:57:00Z,ARR,goo,3.0
97,True,True,TORONTO,NIAGARA FALLS,2025-05-06,5,Niagara Falls,NIAG,2025-05-06T14:23:00Z,2025-05-06T14:20:00Z,ARR,goo,3.0
82,True,True,LONDON,TORONTO,2025-05-06,0,London,LNDN,2025-05-06T10:25:05Z,2025-05-06T10:25:00Z,ARR,goo,0.0
82,True,True,LONDON,TORONTO,2025-05-06,1,Woodstock,WDST,2025-05-06T10:53:58Z,2025-05-06T10:53:00Z,ARR,goo,0.0
82,True,True,LONDON,TORONTO,2025-05-06,2,Brantford,BRTF,2025-05-06T11:22:01Z,2025-05-06T11:23:00Z,ARR,goo,0.0
82,True,True,LONDON,TORONTO,2025-05-06,3,Toronto,TRTO,2025-05-06T12:40:13Z,2025-05-06T12:35:00Z,ARR,med,5.0
62,True,True,TORONTO,MONTRÉAL,2025-05-06,0,Toronto,TRTO,2025-05-06T12:32:48Z,2025-05-06T12:32:00Z,ARR,goo,0.0
62,True,True,TORONTO,MONTRÉAL,2025-05-06,1,Guildwood,GUIL,2025-05-06T13:18:23Z,2025-05-06T12:50:00Z,ARR,bad,28.0
62,True,True,TORONTO,MONTRÉAL,2025-05-06,2,Oshawa,OSHA,2025-05-06T13:37:09Z,2025-05-06T13:09:00Z,ARR,bad,28.0
62,True,True,TORONTO,MONTRÉAL,2025-05-06,3,Cobourg,CBRG,2025-05-06T14:12:55Z,2025-05-06T13:44:00Z,ARR,bad,28.0
62,True,True,TORONTO,MONTRÉAL,2025-05-06,4,Belleville,BLVL,2025-05-06T14:48:01Z,2025-05-06T14:20:00Z,ARR,bad,28.0
62,True,True,TORONTO,MONTRÉAL,2025-05-06,5,Kingston,KGON,2025-05-06T15:28:52Z,2025-05-06T15:00:00Z,ARR,bad,28.0
62,True,True,TORONTO,MONTRÉAL,2025-05-06,6,Cornwall,CWLL,2025-05-06T17:14:03Z,2025-05-06T16:43:00Z,ARR,bad,31.0
62,True,True,TORONTO,MONTRÉAL,2025-05-06,7,Dorval,DORV,2025-05-06T18:23:21Z,2025-05-06T17:34:00Z,ARR,bad,49.0
62,True,True,TORONTO,MONTRÉAL,2025-05-06,8,Montréal,MTRL,2025-05-06T18:50:50Z,2025-05-06T18:00:00Z,ARR,bad,50.0
643,True,True,OTTAWA,TORONTO,2025-05-06,0,Ottawa,OTTW,2025-05-06T12:29:00Z,2025-05-06T12:29:00Z,ARR,goo,0.0
643,True,True,OTTAWA,TORONTO,2025-05-06,1,Fallowfield,FALL,2025-05-06T12:48:11Z,2025-05-06T12:45:00Z,ARR,goo,3.0
643,True,True,OTTAWA,TORONTO,2025-05-06,2,Smiths Falls,SMTF,2025-05-06T13:21:59Z,2025-05-06T13:17:00Z,ARR,goo,4.0
643,True,True,OTTAWA,TORONTO,2025-05-06,3,Brockville,BRKV,2025-05-06T13:54:23Z,2025-05-06T13:49:00Z,ARR,med,5.0
643,True,True,OTTAWA,TORONTO,2025-05-06,4,Kingston,KGON,2025-05-06T15:14:55Z,2025-05-06T14:32:00Z,ARR,bad,42.0
643,True,True,OTTAWA,TORONTO,2025-05-06,5,Napanee,NAPN,2025-05-06T15:45:52Z,2025-05-06T14:57:00Z,ARR,bad,48.0
643,True,True,OTTAWA,TORONTO,2025-05-06,6,Belleville,BLVL,2025-05-06T16:04:58Z,2025-05-06T15:17:00Z,ARR,bad,47.0
643,True,True,OTTAWA,TORONTO,2025-05-06,7,Trenton Jct.,TRNJ,2025-05-06T16:17:42Z,2025-05-06T15:31:00Z,ARR,bad,46.0
643,True,True,OTTAWA,TORONTO,2025-05-06,8,Cobourg,CBRG,2025-05-06T16:44:12Z,2025-05-06T15:57:00Z,ARR,bad,47.0
643,True,True,OTTAWA,TORONTO,2025-05-06,9,Port Hope,PHOP,2025-05-06T16:53:49Z,2025-05-06T16:07:00Z,ARR,bad,46.0
643,True,True,OTTAWA,TORONTO,2025-05-06,10,Oshawa,OSHA,2025-05-06T17:22:24Z,2025-05-06T16:35:00Z,ARR,bad,47.0
643,True,True,OTTAWA,TORONTO,2025-05-06,11,Guildwood,GUIL,2025-05-06T17:49:12Z,2025-05-06T16:58:00Z,ARR,bad,51.0
643,True,True,OTTAWA,TORONTO,2025-05-06,12,Toronto,TRTO,2025-05-06T18:15:44Z,2025-05-06T17:18:00Z,ARR,bad,57.0
641,True,True,OTTAWA,TORONTO,2025-05-06,0,Ottawa,OTTW,2025-05-06T08:13:00Z,2025-05-06T08:13:00Z,ARR,goo,0.0
641,True,True,OTTAWA,TORONTO,2025-05-06,1,Fallowfield,FALL,2025-05-06T08:28:54Z,2025-05-06T08:30:00Z,ARR,goo,-1.0
641,True,True,OTTAWA,TORONTO,2025-05-06,2,Smiths Falls,SMTF,2025-05-06T08:58:17Z,2025-05-06T09:00:00Z,ARR,goo,-1.0
641,True,True,OTTAWA,TORONTO,2025-05-06,3,Brockville,BRKV,2025-05-06T09:29:31Z,2025-05-06T09:32:00Z,ARR,goo,-2.0
641,True,True,OTTAWA,TORONTO,2025-05-06,4,Kingston,KGON,2025-05-06T10:23:51Z,2025-05-06T10:16:00Z,ARR,med,7.0
641,True,True,OTTAWA,TORONTO,2025-05-06,5,Belleville,BLVL,2025-05-06T11:10:03Z,2025-05-06T10:56:00Z,ARR,med,14.0
641,True,True,OTTAWA,TORONTO,2025-05-06,6,Cobourg,CBRG,2025-05-06T11:52:38Z,2025-05-06T11:31:00Z,ARR,bad,21.0
641,True,True,OTTAWA,TORONTO,2025-05-06,7,Port Hope,PHOP,2025-05-06T12:03:20Z,2025-05-06T11:41:00Z,ARR,bad,22.0
641,True,True,OTTAWA,TORONTO,2025-05-06,8,Toronto,TRTO,2025-05-06T13:45:52Z,2025-05-06T12:48:00Z,ARR,bad,57.0
33,True,True,QUÉBEC,OTTAWA,2025-05-06,0,Québec,QBEC,2025-05-06T09:29:00Z,2025-05-06T09:29:00Z,ARR,goo,0.0
33,True,True,QUÉBEC,OTTAWA,2025-05-06,1,Ste-Foy,SFOY,2025-05-06T09:54:07Z,2025-05-06T09:54:00Z,ARR,goo,0.0
33,True,True,QUÉBEC,OTTAWA,2025-05-06,2,Charny,CHNY,2025-05-06T10:04:47Z,2025-05-06T10:03:00Z,ARR,goo,1.0
33,True,True,QUÉBEC,OTTAWA,2025-05-06,3,Drummondville,DRMV,2025-05-06T12:26:54Z,2025-05-06T11:26:00Z,ARR,bad,60.0
33,True,True,QUÉBEC,OTTAWA,2025-05-06,4,St. Hyacinthe,SHYA,2025-05-06T13:03:57Z,2025-05-06T11:57:00Z,ARR,bad,66.0
33,True,True,QUÉBEC,OTTAWA,2025-05-06,5,St. Lambert,SLAM,2025-05-06T13:38:47Z,2025-05-06T12:23:00Z,ARR,bad,75.0
33,True,True,QUÉBEC,OTTAWA,2025-05-06,6,Montréal,MTRL,2025-05-06T13:55:30Z,2025-05-06T12:37:00Z,ARR,bad,78.0
33,True,True,QUÉBEC,OTTAWA,2025-05-06,7,Dorval,DORV,2025-05-06T14:57:34Z,2025-05-06T13:24:00Z,ARR,bad,93.0
33,True,True,QUÉBEC,OTTAWA,2025-05-06,8,Alexandria,ALEX,2025-05-06T15:57:22Z,2025-05-06T14:10:00Z,ARR,bad,107.0
33,True,True,QUÉBEC,OTTAWA,2025-05-06,9,Casselman,CSLM,2025-05-06T16:19:07Z,2025-05-06T14:33:00Z,ARR,bad,106.0
33,True,True,QUÉBEC,OTTAWA,2025-05-06,10,Ottawa,OTTW,2025-05-06T16:45:17Z,2025-05-06T15:04:00Z,ARR,bad,101.0
45,True,True,OTTAWA,TORONTO,2025-05-06,0,Ottawa,OTTW,2025-05-06T14:24:00Z,2025-05-06T14:24:00Z,ARR,goo,0.0
45,True,True,OTTAWA,TORONTO,2025-05-06,1,Fallowfield,FALL,2025-05-06T14:41:19Z,2025-05-06T14:40:00Z,ARR,goo,1.0
45,True,True,OTTAWA,TORONTO,2025-05-06,2,Kingston,KGON,2025-05-06T16:34:34Z,2025-05-06T16:26:00Z,ARR,med,8.0
45,True,True,OTTAWA,TORONTO,2025-05-06,3,Toronto,TRTO,2025-05-06T19:06:22Z,2025-05-06T18:48:00Z,ARR,bad,18.0
185,True,True,SUDBURY,WHITE RIVER,2025-05-06,0,Sudbury,SUDB,2025-05-06T13:00:00Z,2025-05-06T13:00:00Z,ARR,goo,0.0
185,True,True,SUDBURY,WHITE RIVER,2025-05-06,1,Azilda,AZIL,2025-05-06T13:21:48Z,2025-05-06T13:10:00Z,ARR,med,11.0
185,True,True,SUDBURY,WHITE RIVER,2025-05-06,2,Chelmsford,CHEL,2025-05-06T13:25:03Z,2025-05-06T13:15:00Z,ARR,med,10.0
185,True,True,SUDBURY,WHITE RIVER,2025-05-06,3,Larchwood,LARC,2025-05-06T13:28:50Z,2025-05-06T13:19:00Z,ARR,med,9.0
185,True,True,SUDBURY,WHITE RIVER,2025-05-06,4,Levack,LEVA,2025-05-06T13:39:21Z,2025-05-06T13:30:00Z,ARR,med,9.0
185,True,True,SUDBURY,WHITE RIVER,2025-05-06,5,Cartier,CART,2025-05-06T13:53:58Z,2025-05-06T13:45:00Z,ARR,med,8.0
185,True,True,SUDBURY,WHITE RIVER,2025-05-06,6,Benny,BENN,2025-05-06T14:10:46Z,2025-05-06T14:05:00Z,ARR,med,5.0
185,True,True,SUDBURY,WHITE RIVER,2025-05-06,7,Stralak,STRL,2025-05-06T14:15:25Z,2025-05-06T14:12:00Z,ARR,goo,3.0
185,True,True,SUDBURY,WHITE RIVER,2025-05-06,8,Pogamasing,POGA,2025-05-06T14:26:49Z,2025-05-06T14:25:00Z,ARR,goo,1.0
185,True,True,SUDBURY,WHITE RIVER,2025-05-06,9,Sheahan,SHEA,2025-05-06T14:32:33Z,2025-05-06T14:30:00Z,ARR,goo,2.0
185,True,True,SUDBURY,WHITE RIVER,2025-05-06,10,Forks,FRKS,2025-05-06T14:41:21Z,2025-05-06T14:40:00Z,ARR,goo,1.0
185,True,True,SUDBURY,WHITE RIVER,2025-05-06,11,Metagama,MTGM,2025-05-06T14:51:21Z,2025-05-06T14:50:00Z,ARR,goo,1.0
185,True,True,SUDBURY,WHITE RIVER,2025-05-06,12,Sinker,SNKR,2025-05-06T14:56:21Z,2025-05-06T14:55:00Z,ARR,goo,1.0
185,True,True,SUDBURY,WHITE RIVER,2025-05-06,13,Biscotasing,BISC,2025-05-06T15:21:21Z,2025-05-06T15:20:00Z,ARR,goo,1.0
185,True,True,SUDBURY,WHITE RIVER,2025-05-06,14,Roberts,RBRT,2025-05-06T15:31:21Z,2025-05-06T15:30:00Z,ARR,goo,1.0
185,True,True,SUDBURY,WHITE RIVER,2025-05-06,15,Ramsey,RAMS,2025-05-06T15:46:21Z,2025-05-06T15:45:00Z,ARR,goo,1.0
185,True,True,SUDBURY,WHITE RIVER,2025-05-06,16,Woman River,WOMR,2025-05-06T16:06:21Z,2025-05-06T16:05:00Z,ARR,goo,1.0
185,True,True,SUDBURY,WHITE RIVER,2025-05-06,17,Sultan,SULT,2025-05-06T16:21:21Z,2025-05-06T16:20:00Z,ARR,goo,1.0
185,True,True,SUDBURY,WHITE RIVER,2025-05-06,18,Kormak,KORM,2025-05-06T16:36:21Z,2025-05-06T16:35:00Z,ARR,goo,1.0
185,True,True,SUDBURY,WHITE RIVER,2025-05-06,19,Kinogama,KINO,2025-05-06T16:41:21Z,2025-05-06T16:40:00Z,ARR,goo,1.0
185,True,True,SUDBURY,WHITE RIVER,2025-05-06,20,Nemegos,NEME,2025-05-06T16:56:21Z,2025-05-06T16:55:00Z,ARR,goo,1.0
185,True,True,SUDBURY,WHITE RIVER,2025-05-06,21,Devon,DEVN,2025-05-06T17:21:24Z,2025-05-06T17:05:00Z,ARR,bad,16.0
185,True,True,SUDBURY,WHITE RIVER,2025-05-06,22,Chapleau,CHAP,2025-05-06T17:53:45Z,2025-05-06T17:20:00Z,ARR,bad,33.0
185,True,True,SUDBURY,WHITE RIVER,2025-05-06,23,Esher,ESHR,2025-05-06T18:16:47Z,2025-05-06T17:50:00Z,ARR,bad,26.0
185,True,True,SUDBURY,WHITE RIVER,2025-05-06,24,Musk,MUSK,2025-05-06T18:45:18Z,2025-05-06T18:00:00Z,ARR,bad,45.0
185,True,True,SUDBURY,WHITE RIVER,2025-05-06,25,Nicholson,NICH,2025-05-06T18:51:33Z,2025-05-06T18:10:00Z,ARR,bad,41.0
185,True,True,SUDBURY,WHITE RIVER,2025-05-06,26,Bolkow,BOLK,2025-05-06T19:09:15Z,2025-05-06T18:30:00Z,ARR,bad,39.0
185,True,True,SUDBURY,WHITE RIVER,2025-05-06,27,Dalton,DALT,2025-05-06T19:24:15Z,2025-05-06T18:45:00Z,ARR,bad,39.0
185,True,True,SUDBURY,WHITE RIVER,2025-05-06,28,Missanabie,MSBI,2025-05-06T19:49:15Z,2025-05-06T19:10:00Z,ARR,bad,39.0
185,True,True,SUDBURY,WHITE RIVER,2025-05-06,29,Lochalsh,LOCH,2025-05-06T20:09:15Z,2025-05-06T19:30:00Z,ARR,bad,39.0
185,True,True,SUDBURY,WHITE RIVER,2025-05-06,30,Franz,FRNZ,2025-05-06T20:27:23Z,2025-05-06T19:50:00Z,ARR,bad,37.0
185,True,True,SUDBURY,WHITE RIVER,2025-05-06,31,Swanson,SWAN,2025-05-06T20:51:01Z,2025-05-06T20:00:00Z,ARR,bad,51.0
185,True,True,SUDBURY,WHITE RIVER,2025-05-06,32,Girdwood,GIRD,2025-05-06T21:14:43Z,2025-05-06T20:25:00Z,ARR,bad,49.0
185,True,True,SUDBURY,WHITE RIVER,2025-05-06,33,Amyot,AMYO,2025-05-06T21:22:24Z,2025-05-06T20:35:00Z,ARR,bad,47.0
185,True,True,SUDBURY,WHITE RIVER,2025-05-06,34,O'Brien,OBRI,2025-05-06T21:37:30Z,2025-05-06T20:50:00Z,ARR,bad,47.0
185,True,True,SUDBURY,WHITE RIVER,2025-05-06,35,White River,WHTR,2025-05-06T22:04:40Z,2025-05-06T21:05:00Z,ARR,bad,59.0
604,True,True,SENNETERRE,MONTRÉAL,2025-05-06,0,Senneterre,SENN,2025-05-06T10:28:16Z,2025-05-06T10:28:00Z,ARR,goo,0.0
604,True,True,SENNETERRE,MONTRÉAL,2025-05-06,1,Mégiscane,MEGI,2025-05-06T10:48:19Z,2025-05-06T10:42:00Z,ARR,med,6.0
604,True,True,SENNETERRE,MONTRÉAL,2025-05-06,2,Signai,SIGN,2025-05-06T11:03:54Z,2025-05-06T10:58:00Z,ARR,med,5.0
604,True,True,SENNETERRE,MONTRÉAL,2025-05-06,3,Press,PRSS,2025-05-06T11:11:54Z,2025-05-06T11:06:00Z,ARR,med,5.0
604,True,True,SENNETERRE,MONTRÉAL,2025-05-06,4,Forsythe,FORS,2025-05-06T11:30:54Z,2025-05-06T11:25:00Z,ARR,med,5.0
604,True,True,SENNETERRE,MONTRÉAL,2025-05-06,5,Bolger,BGQU,2025-05-06T11:37:54Z,2025-05-06T11:32:00Z,ARR,med,5.0
604,True,True,SENNETERRE,MONTRÉAL,2025-05-06,6,Dix,DIXX,2025-05-06T11:48:54Z,2025-05-06T11:43:00Z,ARR,med,5.0
604,True,True,SENNETERRE,MONTRÉAL,2025-05-06,7,Gagnon,GAGN,2025-05-06T11:52:54Z,2025-05-06T11:47:00Z,ARR,med,5.0
604,True,True,SENNETERRE,MONTRÉAL,2025-05-06,8,Da-Rou-Lac Lodge,DRLL,2025-05-06T12:01:54Z,2025-05-06T11:56:00Z,ARR,med,5.0
604,True,True,SENNETERRE,MONTRÉAL,2025-05-06,9,Langlade,LNGL,2025-05-06T12:03:00Z,2025-05-06T11:57:06Z,ARR,med,5.0
604,True,True,SENNETERRE,MONTRÉAL,2025-05-06,10,Club Beaudin Inc.,BDNC,2025-05-06T12:09:54Z,2025-05-06T12:04:00Z,ARR,med,5.0
604,True,True,SENNETERRE,MONTRÉAL,2025-05-06,11,Bourmont,BRMT,2025-05-06T12:14:54Z,2025-05-06T12:09:00Z,ARR,med,5.0
604,True,True,SENNETERRE,MONTRÉAL,2025-05-06,12,Club Kapitachuan,KPTC,2025-05-06T12:16:54Z,2025-05-06T12:11:00Z,ARR,med,5.0
604,True,True,SENNETERRE,MONTRÉAL,2025-05-06,13,Consolidated Bathurst,CBAT,2025-05-06T12:20:54Z,2025-05-06T12:15:00Z,ARR,med,5.0
604,True,True,SENNETERRE,MONTRÉAL,2025-05-06,14,Monet,MNET,2025-05-06T12:27:54Z,2025-05-06T12:22:00Z,ARR,med,5.0
604,True,True,SENNETERRE,MONTRÉAL,2025-05-06,15,Coquar,COQU,2025-05-06T12:38:54Z,2025-05-06T12:33:00Z,ARR,med,5.0
604,True,True,SENNETERRE,MONTRÉAL,2025-05-06,16,Clova,CLOV,2025-05-06T12:47:54Z,2025-05-06T12:42:00Z,ARR,med,5.0
604,True,True,SENNETERRE,MONTRÉAL,2025-05-06,17,Rivière Oskélanéo,OSKR,2025-05-06T13:00:54Z,2025-05-06T12:55:00Z,ARR,med,5.0
604,True,True,SENNETERRE,MONTRÉAL,2025-05-06,18,Oskelaneo Lodge,OSKL,2025-05-06T13:12:54Z,2025-05-06T13:07:00Z,ARR,med,5.0
604,True,True,SENNETERRE,MONTRÉAL,2025-05-06,19,Greening,GRNG,2025-05-06T13:20:54Z,2025-05-06T13:15:00Z,ARR,med,5.0
604,True,True,SENNETERRE,MONTRÉAL,2025-05-06,20,Club Maniwawa,MWWC,2025-05-06T13:31:54Z,2025-05-06T13:26:00Z,ARR,med,5.0
604,True,True,SENNETERRE,MONTRÉAL,2025-05-06,21,Strachan,STRN,2025-05-06T13:38:54Z,2025-05-06T13:33:00Z,ARR,med,5.0
604,True,True,SENNETERRE,MONTRÉAL,2025-05-06,22,Club Rita Inc.,RTAC,2025-05-06T13:42:54Z,2025-05-06T13:37:00Z,ARR,med,5.0
604,True,True,SENNETERRE,MONTRÉAL,2025-05-06,23,Timbrell,TIMB,2025-05-06T13:52:54Z,2025-05-06T13:47:00Z,ARR,med,5.0
604,True,True,SENNETERRE,MONTRÉAL,2025-05-06,24,Parent,PARE,2025-05-06T14:12:54Z,2025-05-06T14:07:00Z,ARR,med,5.0
604,True,True,SENNETERRE,MONTRÉAL,2025-05-06,25,Manjobagues,MJBG,2025-05-06T14:30:54Z,2025-05-06T14:25:00Z,ARR,med,5.0
604,True,True,SENNETERRE,MONTRÉAL,2025-05-06,26,Club Sisco,SSCC,2025-05-06T14:38:54Z,2025-05-06T14:33:00Z,ARR,med,5.0
604,True,True,SENNETERRE,MONTRÉAL,2025-05-06,27,Mccarthy,MCCA,2025-05-06T14:41:54Z,2025-05-06T14:36:00Z,ARR,med,5.0
604,True,True,SENNETERRE,MONTRÉAL,2025-05-06,28,Casey,CASY,2025-05-06T14:56:54Z,2025-05-06T14:51:00Z,ARR,med,5.0
604,True,True,SENNETERRE,MONTRÉAL,2025-05-06,29,Hibbard,HIBB,2025-05-06T15:09:54Z,2025-05-06T15:04:00Z,ARR,med,5.0
604,True,True,SENNETERRE,MONTRÉAL,2025-05-06,30,Club Belanger,BLGC,2025-05-06T15:24:23Z,2025-05-06T15:15:00Z,ARR,med,9.0
604,True,True,SENNETERRE,MONTRÉAL,2025-05-06,31,Cann,CANN,2025-05-06T15:29:34Z,2025-05-06T15:21:00Z,ARR,med,8.0
604,True,True,SENNETERRE,MONTRÉAL,2025-05-06,32,Sanmaur,SANM,2025-05-06T15:36:36Z,2025-05-06T15:28:00Z,ARR,med,8.0
604,True,True,SENNETERRE,MONTRÉAL,2025-05-06,33,Weymont,WYMT,2025-05-06T15:40:48Z,2025-05-06T15:30:00Z,ARR,med,10.0
604,True,True,SENNETERRE,MONTRÉAL,2025-05-06,34,Saint-Maurice Rivière-Boom,SMRB,2025-05-06T15:42:20Z,2025-05-06T15:33:00Z,ARR,med,9.0
604,True,True,SENNETERRE,MONTRÉAL,2025-05-06,35,Dessane,DESS,2025-05-06T15:50:48Z,2025-05-06T15:42:00Z,ARR,med,8.0
604,True,True,SENNETERRE,MONTRÉAL,2025-05-06,36,Vandry,VDRY,2025-05-06T15:55:44Z,2025-05-06T15:48:00Z,ARR,med,7.0
604,True,True,SENNETERRE,MONTRÉAL,2025-05-06,37,Club Wigwam,WGWC,2025-05-06T16:03:44Z,2025-05-06T15:56:00Z,ARR,med,7.0
604,True,True,SENNETERRE,MONTRÉAL,2025-05-06,38,Ferguson,FERG,2025-05-06T16:09:44Z,2025-05-06T16:02:00Z,ARR,med,7.0
604,True,True,SENNETERRE,MONTRÉAL,2025-05-06,39,Windigo,WNDG,2025-05-06T16:17:44Z,2025-05-06T16:10:00Z,ARR,med,7.0
604,True,True,SENNETERRE,MONTRÉAL,2025-05-06,40,Mctavish,MCTC,2025-05-06T16:19:44Z,2025-05-06T16:12:00Z,ARR,med,7.0
604,True,True,SENNETERRE,MONTRÉAL,2025-05-06,41,Duplessis,DUPL,2025-05-06T16:32:44Z,2025-05-06T16:25:00Z,ARR,med,7.0
604,True,True,SENNETERRE,MONTRÉAL,2025-05-06,42,Lac-Darey,LDAR,2025-05-06T16:45:44Z,2025-05-06T16:38:00Z,ARR,med,7.0
604,True,True,SENNETERRE,MONTRÉAL,2025-05-06,43,Rapide-Blanc,RAPB,2025-05-06T17:05:44Z,2025-05-06T16:58:00Z,ARR,med,7.0
604,True,True,SENNETERRE,MONTRÉAL,2025-05-06,44,Club Vermillion,VMLC,2025-05-06T17:08:44Z,2025-05-06T17:01:00Z,ARR,med,7.0
604,True,True,SENNETERRE,MONTRÉAL,2025-05-06,45,Cressman,CRSM,2025-05-06T17:15:44Z,2025-05-06T17:08:00Z,ARR,med,7.0
604,True,True,SENNETERRE,MONTRÉAL,2025-05-06,46,Fitzpatrick,FITZ,2025-05-06T17:49:38Z,2025-05-06T17:28:00Z,ARR,bad,21.0
604,True,True,SENNETERRE,MONTRÉAL,2025-05-06,47,La Tuque,LTUQ,2025-05-06T18:04:14Z,2025-05-06T17:40:00Z,ARR,bad,24.0
604,True,True,SENNETERRE,MONTRÉAL,2025-05-06,48,Hervey,HERV,2025-05-06T19:28:00Z,2025-05-06T19:15:00Z,ARR,med,13.0
604,True,True,SENNETERRE,MONTRÉAL,2025-05-06,49,Saint-Tite,STIT,2025-05-06T20:00:42Z,2025-05-06T19:48:00Z,ARR,med,12.0
604,True,True,SENNETERRE,MONTRÉAL,2025-05-06,50,Garneau,GARN,2025-05-06T20:16:57Z,2025-05-06T20:02:00Z,ARR,med,14.0
604,True,True,SENNETERRE,MONTRÉAL,2025-05-06,51,Grand-Mère,GMRE,2025-05-06T20:28:50Z,2025-05-06T20:15:00Z,ARR,med,13.0
604,True,True,SENNETERRE,MONTRÉAL,2025-05-06,52,Shawinigan,SHWN,2025-05-06T20:36:08Z,2025-05-06T20:23:00Z,ARR,med,13.0
604,True,True,SENNETERRE,MONTRÉAL,2025-05-06,53,Charette,CHRT,2025-05-06T20:57:11Z,2025-05-06T20:46:00Z,ARR,med,11.0
604,True,True,SENNETERRE,MONTRÉAL,2025-05-06,54,St-Paulin,SPAU,2025-05-06T21:11:19Z,2025-05-06T20:55:00Z,ARR,bad,16.0
604,True,True,SENNETERRE,MONTRÉAL,2025-05-06,55,St-Justin,SJUS,2025-05-06T21:19:08Z,2025-05-06T21:09:00Z,ARR,med,10.0
604,True,True,SENNETERRE,MONTRÉAL,2025-05-06,56,Joliette,JOLI,2025-05-06T21:44:29Z,2025-05-06T21:38:00Z,ARR,med,6.0
604,True,True,SENNETERRE,MONTRÉAL,2025-05-06,57,Anjou,ANJO,2025-05-06T22:31:52Z,2025-05-06T22:21:01Z,ARR,med,10.0
604,True,True,SENNETERRE,MONTRÉAL,2025-05-06,58,Sauvé,SAUV,2025-05-06T22:46:13Z,2025-05-06T22:35:00Z,ARR,med,11.0
604,True,True,SENNETERRE,MONTRÉAL,2025-05-06,59,Montréal,MTRL,2025-05-06T23:26:27Z,2025-05-06T23:46:00Z,ARR,goo,-19.0
600,True,True,JONQUIÈRE,MONTRÉAL,2025-05-06,0,Jonquière,JONQ,2025-05-06T12:58:00Z,2025-05-06T12:58:00Z,ARR,goo,0.0
600,True,True,JONQUIÈRE,MONTRÉAL,2025-05-06,1,Hébertville,HEBV,2025-05-06T13:31:06Z,2025-05-06T13:32:00Z,ARR,goo,0.0
600,True,True,JONQUIÈRE,MONTRÉAL,2025-05-06,2,Chambord,CHBD,2025-05-06T14:09:20Z,2025-05-06T14:09:00Z,ARR,goo,0.0
600,True,True,JONQUIÈRE,MONTRÉAL,2025-05-06,3,Lac-Bouchette,LBOU,2025-05-06T14:48:13Z,2025-05-06T14:47:00Z,ARR,goo,1.0
600,True,True,JONQUIÈRE,MONTRÉAL,2025-05-06,4,Club Lizotte,LIZO,2025-05-06T15:09:17Z,2025-05-06T15:12:00Z,ARR,goo,-2.0
600,True,True,JONQUIÈRE,MONTRÉAL,2025-05-06,5,Kondiaronk,KOND,2025-05-06T15:21:23Z,2025-05-06T15:25:00Z,ARR,goo,-3.0
600,True,True,JONQUIÈRE,MONTRÉAL,2025-05-06,6,Lac Des Roches,LDES,2025-05-06T15:23:37Z,2025-05-06T15:28:00Z,ARR,goo,-4.0
600,True,True,JONQUIÈRE,MONTRÉAL,2025-05-06,7,Van Bruyssel,VBRU,2025-05-06T15:32:29Z,2025-05-06T15:38:00Z,ARR,goo,-5.0
600,True,True,JONQUIÈRE,MONTRÉAL,2025-05-06,8,Kiskissink,KISK,2025-05-06T15:39:14Z,2025-05-06T15:39:14Z,ARR,goo,0.0
600,True,True,JONQUIÈRE,MONTRÉAL,2025-05-06,9,Brooks,BRQU,2025-05-06T15:43:33Z,2025-05-06T15:51:00Z,ARR,goo,-7.0
600,True,True,JONQUIÈRE,MONTRÉAL,2025-05-06,10,Summit,SMQU,2025-05-06T16:02:27Z,2025-05-06T16:02:00Z,ARR,goo,0.0
600,True,True,JONQUIÈRE,MONTRÉAL,2025-05-06,11,Club Sommet,SMMC,2025-05-06T16:03:33Z,2025-05-06T16:03:06Z,ARR,goo,0.0
600,True,True,JONQUIÈRE,MONTRÉAL,2025-05-06,12,Club Grégoire,GRGC,2025-05-06T16:07:27Z,2025-05-06T16:07:00Z,ARR,goo,0.0
600,True,True,JONQUIÈRE,MONTRÉAL,2025-05-06,13,Caribou,CARI,2025-05-06T16:14:27Z,2025-05-06T16:14:00Z,ARR,goo,0.0
600,True,True,JONQUIÈRE,MONTRÉAL,2025-05-06,14,Cherokee,CHER,2025-05-06T16:16:27Z,2025-05-06T16:16:00Z,ARR,goo,0.0
600,True,True,JONQUIÈRE,MONTRÉAL,2025-05-06,15,Lac-Édouard,LEDW,2025-05-06T16:29:27Z,2025-05-06T16:29:00Z,ARR,goo,0.0
600,True,True,JONQUIÈRE,MONTRÉAL,2025-05-06,16,Club Triton,TRTC,2025-05-06T16:44:56Z,2025-05-06T16:42:00Z,ARR,goo,2.0
600,True,True,JONQUIÈRE,MONTRÉAL,2025-05-06,17,Club Nicole,NCLC,2025-05-06T16:50:30Z,2025-05-06T16:50:00Z,ARR,goo,0.0
600,True,True,JONQUIÈRE,MONTRÉAL,2025-05-06,18,Hirondelle,HRDL,2025-05-06T16:56:30Z,2025-05-06T16:56:00Z,ARR,goo,0.0
600,True,True,JONQUIÈRE,MONTRÉAL,2025-05-06,19,Pearl Lake,PRLL,2025-05-06T16:59:44Z,2025-05-06T16:59:14Z,ARR,goo,0.0
600,True,True,JONQUIÈRE,MONTRÉAL,2025-05-06,20,Sanford,SANF,2025-05-06T17:10:30Z,2025-05-06T17:10:00Z,ARR,goo,0.0
600,True,True,JONQUIÈRE,MONTRÉAL,2025-05-06,21,Stadacona,STAD,2025-05-06T17:18:30Z,2025-05-06T17:18:00Z,ARR,goo,0.0
600,True,True,JONQUIÈRE,MONTRÉAL,2025-05-06,22,Club Iroquois,IRQC,2025-05-06T17:22:30Z,2025-05-06T17:22:00Z,ARR,goo,0.0
600,True,True,JONQUIÈRE,MONTRÉAL,2025-05-06,23,Lac Malouin,LMAL,2025-05-06T17:26:30Z,2025-05-06T17:26:00Z,ARR,goo,0.0
600,True,True,JONQUIÈRE,MONTRÉAL,2025-05-06,24,Bima,BIMA,2025-05-06T17:20:49Z,2025-05-06T17:28:00Z,ARR,goo,-7.0
600,True,True,JONQUIÈRE,MONTRÉAL,2025-05-06,25,Saint-Hilaire,SHPN,2025-05-06T17:31:00Z,2025-05-06T17:31:00Z,ARR,goo,0.0
600,True,True,JONQUIÈRE,MONTRÉAL,2025-05-06,26,Pont Beaudet,PBDT,2025-05-06T17:33:00Z,2025-05-06T17:33:00Z,ARR,goo,0.0
600,True,True,JONQUIÈRE,MONTRÉAL,2025-05-06,27,Falrie,FALR,2025-05-06T17:36:00Z,2025-05-06T17:36:00Z,ARR,goo,0.0
600,True,True,JONQUIÈRE,MONTRÉAL,2025-05-06,28,Club Jacques-Cartier,JACC,2025-05-06T17:39:00Z,2025-05-06T17:39:00Z,ARR,goo,0.0
600,True,True,JONQUIÈRE,MONTRÉAL,2025-05-06,29,Miquick,MIQK,2025-05-06T17:40:45Z,2025-05-06T17:53:00Z,ARR,goo,-12.0
600,True,True,JONQUIÈRE,MONTRÉAL,2025-05-06,30,Rivière-À-Pierre,RAPX,2025-05-06T18:15:39Z,2025-05-06T18:28:00Z,ARR,goo,-12.0
600,True,True,JONQUIÈRE,MONTRÉAL,2025-05-06,31,Rousseau,ROUS,2025-05-06T18:46:17Z,2025-05-06T18:49:00Z,ARR,goo,-2.0
600,True,True,JONQUIÈRE,MONTRÉAL,2025-05-06,32,Hervey,HERV,2025-05-06T19:09:28Z,2025-05-06T19:20:00Z,ARR,goo,-10.0
600,True,True,JONQUIÈRE,MONTRÉAL,2025-05-06,33,Saint-Tite,STIT,2025-05-06T20:00:45Z,2025-05-06T19:48:00Z,ARR,med,12.0
600,True,True,JONQUIÈRE,MONTRÉAL,2025-05-06,34,Garneau,GARN,2025-05-06T20:17:13Z,2025-05-06T20:02:00Z,ARR,bad,15.0
600,True,True,JONQUIÈRE,MONTRÉAL,2025-05-06,35,Grand-Mère,GMRE,2025-05-06T20:28:59Z,2025-05-06T20:15:00Z,ARR,med,13.0
600,True,True,JONQUIÈRE,MONTRÉAL,2025-05-06,36,Shawinigan,SHWN,2025-05-06T20:36:11Z,2025-05-06T20:23:00Z,ARR,med,13.0
600,True,True,JONQUIÈRE,MONTRÉAL,2025-05-06,37,Charette,CHRT,2025-05-06T20:57:13Z,2025-05-06T20:46:00Z,ARR,med,11.0
600,True,True,JONQUIÈRE,MONTRÉAL,2025-05-06,38,St-Paulin,SPAU,2025-05-06T21:11:26Z,2025-05-06T20:55:00Z,ARR,bad,16.0
600,True,True,JONQUIÈRE,MONTRÉAL,2025-05-06,39,St-Justin,SJUS,2025-05-06T21:19:07Z,2025-05-06T21:09:00Z,ARR,med,10.0
600,True,True,JONQUIÈRE,MONTRÉAL,2025-05-06,40,Joliette,JOLI,2025-05-06T21:44:38Z,2025-05-06T21:38:00Z,ARR,med,6.0
600,True,True,JONQUIÈRE,MONTRÉAL,2025-05-06,41,Anjou,ANJO,2025-05-06T22:31:55Z,2025-05-06T22:21:01Z,ARR,med,10.0
600,True,True,JONQUIÈRE,MONTRÉAL,2025-05-06,42,Sauvé,SAUV,2025-05-06T22:45:07Z,2025-05-06T22:35:00Z,ARR,med,10.0
600,True,True,JONQUIÈRE,MONTRÉAL,2025-05-06,43,Montréal,MTRL,2025-05-06T23:26:48Z,2025-05-06T23:46:00Z,ARR,goo,-19.0
63,True,True,MONTRÉAL,TORONTO,2025-05-06,0,Montréal,MTRL,2025-05-06T12:46:00Z,2025-05-06T12:46:00Z,ARR,goo,0.0
63,True,True,MONTRÉAL,TORONTO,2025-05-06,1,Dorval,DORV,2025-05-06T13:12:15Z,2025-05-06T13:11:00Z,ARR,goo,1.0
63,True,True,MONTRÉAL,TORONTO,2025-05-06,2,Cornwall,CWLL,2025-05-06T14:02:03Z,2025-05-06T14:04:00Z,ARR,goo,-1.0
63,True,True,MONTRÉAL,TORONTO,2025-05-06,3,Brockville,BRKV,2025-05-06T14:55:44Z,2025-05-06T14:54:00Z,ARR,goo,1.0
63,True,True,MONTRÉAL,TORONTO,2025-05-06,4,Kingston,KGON,2025-05-06T15:39:25Z,2025-05-06T15:39:00Z,ARR,goo,0.0
63,True,True,MONTRÉAL,TORONTO,2025-05-06,5,Belleville,BLVL,2025-05-06T16:17:48Z,2025-05-06T16:20:00Z,ARR,goo,-2.0
63,True,True,MONTRÉAL,TORONTO,2025-05-06,6,Cobourg,CBRG,2025-05-06T16:54:14Z,2025-05-06T16:58:00Z,ARR,goo,-3.0
63,True,True,MONTRÉAL,TORONTO,2025-05-06,7,Oshawa,OSHA,2025-05-06T17:31:14Z,2025-05-06T17:34:00Z,ARR,goo,-2.0
63,True,True,MONTRÉAL,TORONTO,2025-05-06,8,Guildwood,GUIL,2025-05-06T17:53:46Z,2025-05-06T17:58:00Z,ARR,goo,-4.0
63,True,True,MONTRÉAL,TORONTO,2025-05-06,9,Toronto,TRTO,2025-05-06T18:27:13Z,2025-05-06T18:18:00Z,ARR,med,9.0
40,True,True,TORONTO,OTTAWA,2025-05-06,0,Toronto,TRTO,2025-05-06T14:37:00Z,2025-05-06T14:37:00Z,ARR,goo,0.0
40,True,True,TORONTO,OTTAWA,2025-05-06,1,Belleville,BLVL,2025-05-06T16:44:02Z,2025-05-06T16:09:00Z,ARR,bad,35.0
40,True,True,TORONTO,OTTAWA,2025-05-06,2,Kingston,KGON,2025-05-06T17:30:38Z,2025-05-06T16:48:00Z,ARR,bad,42.0
40,True,True,TORONTO,OTTAWA,2025-05-06,3,Fallowfield,FALL,2025-05-06T19:30:11Z,2025-05-06T18:38:00Z,ARR,bad,52.0
40,True,True,TORONTO,OTTAWA,2025-05-06,4,Ottawa,OTTW,2025-05-06T19:50:01Z,2025-05-06T19:02:00Z,ARR,bad,48.0
35,True,True,QUÉBEC,OTTAWA,2025-05-06,0,Québec,QBEC,2025-05-06T12:06:00Z,2025-05-06T12:06:00Z,ARR,goo,0.0
35,True,True,QUÉBEC,OTTAWA,2025-05-06,1,Ste-Foy,SFOY,2025-05-06T12:30:54Z,2025-05-06T12:31:00Z,ARR,goo,0.0
35,True,True,QUÉBEC,OTTAWA,2025-05-06,2,Charny,CHNY,2025-05-06T12:40:50Z,2025-05-06T12:40:00Z,ARR,goo,0.0
35,True,True,QUÉBEC,OTTAWA,2025-05-06,3,Drummondville,DRMV,2025-05-06T14:40:43Z,2025-05-06T14:14:00Z,ARR,bad,26.0
35,True,True,QUÉBEC,OTTAWA,2025-05-06,4,St. Hyacinthe,SHYA,2025-05-06T15:17:10Z,2025-05-06T14:44:00Z,ARR,bad,33.0
35,True,True,QUÉBEC,OTTAWA,2025-05-06,5,St. Lambert,SLAM,2025-05-06T15:49:33Z,2025-05-06T15:11:00Z,ARR,bad,38.0
35,True,True,QUÉBEC,OTTAWA,2025-05-06,6,Montréal,MTRL,2025-05-06T16:05:38Z,2025-05-06T15:26:00Z,ARR,bad,39.0
35,True,True,QUÉBEC,OTTAWA,2025-05-06,7,Dorval,DORV,2025-05-06T17:10:52Z,2025-05-06T16:18:00Z,ARR,bad,52.0
35,True,True,QUÉBEC,OTTAWA,2025-05-06,8,Coteau,COTO,2025-05-06T17:45:27Z,2025-05-06T16:46:00Z,ARR,bad,59.0
35,True,True,QUÉBEC,OTTAWA,2025-05-06,9,Alexandria,ALEX,2025-05-06T18:08:10Z,2025-05-06T17:08:00Z,ARR,bad,60.0
35,True,True,QUÉBEC,OTTAWA,2025-05-06,10,Casselman,CSLM,2025-05-06T18:31:38Z,2025-05-06T17:31:00Z,ARR,bad,60.0
35,True,True,QUÉBEC,OTTAWA,2025-05-06,11,Ottawa,OTTW,2025-05-06T18:58:18Z,2025-05-06T17:58:00Z,ARR,bad,60.0
31,True,True,MONTRÉAL,OTTAWA,2025-05-06,0,Montréal,MTRL,2025-05-06T10:20:00Z,2025-05-06T10:20:00Z,ARR,goo,0.0
31,True,True,MONTRÉAL,OTTAWA,2025-05-06,1,Dorval,DORV,2025-05-06T10:48:11Z,2025-05-06T10:44:00Z,ARR,goo,4.0
31,True,True,MONTRÉAL,OTTAWA,2025-05-06,2,Alexandria,ALEX,2025-05-06T11:43:14Z,2025-05-06T11:36:00Z,ARR,med,7.0
31,True,True,MONTRÉAL,OTTAWA,2025-05-06,3,Casselman,CSLM,2025-05-06T12:07:10Z,2025-05-06T11:59:00Z,ARR,med,8.0
31,True,True,MONTRÉAL,OTTAWA,2025-05-06,4,Ottawa,OTTW,2025-05-06T12:32:28Z,2025-05-06T12:25:00Z,ARR,med,7.0
41,True,True,OTTAWA,TORONTO,2025-05-06,0,Ottawa,OTTW,2025-05-06T09:33:49Z,2025-05-06T09:21:00Z,ARR,med,12.0
41,True,True,OTTAWA,TORONTO,2025-05-06,1,Fallowfield,FALL,2025-05-06T09:51:20Z,2025-05-06T09:38:00Z,ARR,med,13.0
41,True,True,OTTAWA,TORONTO,2025-05-06,2,Smiths Falls,SMTF,2025-05-06T10:21:36Z,2025-05-06T10:08:00Z,ARR,med,13.0
41,True,True,OTTAWA,TORONTO,2025-05-06,3,Brockville,BRKV,2025-05-06T10:54:14Z,2025-05-06T10:40:00Z,ARR,med,14.0
41,True,True,OTTAWA,TORONTO,2025-05-06,4,Kingston,KGON,2025-05-06T11:48:13Z,2025-05-06T11:25:00Z,ARR,bad,23.0
41,True,True,OTTAWA,TORONTO,2025-05-06,5,Napanee,NAPN,2025-05-06T12:14:26Z,2025-05-06T11:49:00Z,ARR,bad,25.0
41,True,True,OTTAWA,TORONTO,2025-05-06,6,Belleville,BLVL,2025-05-06T12:41:54Z,2025-05-06T12:07:00Z,ARR,bad,34.0
41,True,True,OTTAWA,TORONTO,2025-05-06,7,Trenton Jct.,TRNJ,2025-05-06T12:56:32Z,2025-05-06T12:20:00Z,ARR,bad,36.0
41,True,True,OTTAWA,TORONTO,2025-05-06,8,Cobourg,CBRG,2025-05-06T13:29:22Z,2025-05-06T12:44:00Z,ARR,bad,45.0
41,True,True,OTTAWA,TORONTO,2025-05-06,9,Oshawa,OSHA,2025-05-06T14:09:29Z,2025-05-06T13:19:00Z,ARR,bad,50.0
41,True,True,OTTAWA,TORONTO,2025-05-06,10,Toronto,TRTO,2025-05-06T14:47:33Z,2025-05-06T14:02:00Z,ARR,bad,45.0
76,True,True,WINDSOR,TORONTO,2025-05-06,0,Windsor,WDON,2025-05-06T17:46:00Z,2025-05-06T17:46:00Z,ARR,goo,0.0
76,True,True,WINDSOR,TORONTO,2025-05-06,1,Chatham,CHAT,2025-05-06T18:31:25Z,2025-05-06T18:28:00Z,ARR,goo,3.0
76,True,True,WINDSOR,TORONTO,2025-05-06,2,Glencoe,GLNC,2025-05-06T19:13:05Z,2025-05-06T19:03:00Z,ARR,med,10.0
76,True,True,WINDSOR,TORONTO,2025-05-06,3,London,LNDN,2025-05-06T19:41:31Z,2025-05-06T19:38:00Z,ARR,goo,3.0
76,True,True,WINDSOR,TORONTO,2025-05-06,4,Brantford,BRTF,2025-05-06T20:40:37Z,2025-05-06T20:39:00Z,ARR,goo,1.0
76,True,True,WINDSOR,TORONTO,2025-05-06,5,Aldershot,ALDR,2025-05-06T21:11:08Z,2025-05-06T21:10:00Z,ARR,goo,1.0
76,True,True,WINDSOR,TORONTO,2025-05-06,6,Oakville,OAKV,2025-05-06T21:27:39Z,2025-05-06T21:27:00Z,ARR,goo,0.0
76,True,True,WINDSOR,TORONTO,2025-05-06,7,Toronto,TRTO,2025-05-06T21:57:50Z,2025-05-06T21:53:00Z,ARR,goo,4.0
47,True,True,OTTAWA,TORONTO,2025-05-06,0,Ottawa,OTTW,2025-05-06T18:29:00Z,2025-05-06T16:23:00Z,ARR,bad,126.0
47,True,True,OTTAWA,TORONTO,2025-05-06,1,Kingston,KGON,2025-05-06T20:04:00Z,2025-05-06T18:45:00Z,ARR,bad,79.0
47,True,True,OTTAWA,TORONTO,2025-05-06,2,Belleville,BLVL,2025-05-06T20:45:00Z,2025-05-06T19:26:00Z,ARR,bad,79.0
47,True,True,OTTAWA,TORONTO,2025-05-06,3,Oshawa,OSHA,2025-05-06T21:52:00Z,2025-05-06T20:33:00Z,ARR,bad,79.0
47,True,True,OTTAWA,TORONTO,2025-05-06,4,Guildwood,GUIL,2025-05-06T22:17:00Z,2025-05-06T20:58:00Z,ARR,bad,79.0
47,True,True,OTTAWA,TORONTO,2025-05-06,5,Toronto,TRTO,2025-05-06T22:49:00Z,2025-05-06T21:30:00Z,ARR,bad,79.0
645,True,True,OTTAWA,TORONTO,2025-05-06,0,Ottawa,OTTW,2025-05-06T18:39:36Z,2025-05-06T18:29:00Z,ARR,med,10.0
645,True,True,OTTAWA,TORONTO,2025-05-06,1,Fallowfield,FALL,2025-05-06T18:59:21Z,2025-05-06T18:49:00Z,ARR,med,10.0
645,True,True,OTTAWA,TORONTO,2025-05-06,2,Kingston,KGON,2025-05-06T21:24:54Z,2025-05-06T20:34:00Z,ARR,bad,50.0
645,True,True,OTTAWA,TORONTO,2025-05-06,3,Belleville,BLVL,2025-05-06T22:16:25Z,2025-05-06T21:15:00Z,ARR,bad,61.0
645,True,True,OTTAWA,TORONTO,2025-05-06,4,Oshawa,OSHA,2025-05-06T23:41:48Z,2025-05-06T22:20:00Z,ARR,bad,81.0
645,True,True,OTTAWA,TORONTO,2025-05-06,5,Toronto,TRTO,2025-05-07T00:27:14Z,2025-05-06T23:15:00Z,ARR,bad,72.0
44,True,True,TORONTO,OTTAWA,2025-05-06,0,Toronto,TRTO,2025-05-06T18:30:00Z,2025-05-06T18:22:00Z,ARR,med,8.0
44,True,True,TORONTO,OTTAWA,2025-05-06,1,Oshawa,OSHA,2025-05-06T19:24:52Z,2025-05-06T18:54:00Z,ARR,bad,30.0
44,True,True,TORONTO,OTTAWA,2025-05-06,2,Kingston,KGON,2025-05-06T21:33:38Z,2025-05-06T20:32:00Z,ARR,bad,61.0
44,True,True,TORONTO,OTTAWA,2025-05-06,3,Brockville,BRKV,2025-05-06T22:27:51Z,2025-05-06T21:19:00Z,ARR,bad,68.0
44,True,True,TORONTO,OTTAWA,2025-05-06,4,Smiths Falls,SMTF,2025-05-06T23:00:33Z,2025-05-06T21:50:00Z,ARR,bad,70.0
44,True,True,TORONTO,OTTAWA,2025-05-06,5,Fallowfield,FALL,2025-05-06T23:29:22Z,2025-05-06T22:22:00Z,ARR,bad,67.0
44,True,True,TORONTO,OTTAWA,2025-05-06,6,Ottawa,OTTW,2025-05-06T23:49:43Z,2025-05-06T22:43:00Z,ARR,bad,66.0
26,True,True,OTTAWA,QUÉBEC,2025-05-06,0,Ottawa,OTTW,2025-05-06T18:17:00Z,2025-05-06T18:17:00Z,ARR,goo,0.0
26,True,True,OTTAWA,QUÉBEC,2025-05-06,1,Alexandria,ALEX,2025-05-06T19:14:26Z,2025-05-06T19:03:00Z,ARR,med,11.0
26,True,True,OTTAWA,QUÉBEC,2025-05-06,2,Coteau,COTO,2025-05-06T19:36:16Z,2025-05-06T19:26:00Z,ARR,med,10.0
26,True,True,OTTAWA,QUÉBEC,2025-05-06,3,Dorval,DORV,2025-05-06T20:05:44Z,2025-05-06T19:49:00Z,ARR,bad,16.0
26,True,True,OTTAWA,QUÉBEC,2025-05-06,4,Montréal,MTRL,2025-05-06T20:30:10Z,2025-05-06T20:15:00Z,ARR,bad,15.0
26,True,True,OTTAWA,QUÉBEC,2025-05-06,5,St. Lambert,SLAM,2025-05-06T21:23:20Z,2025-05-06T20:53:00Z,ARR,bad,30.0
26,True,True,OTTAWA,QUÉBEC,2025-05-06,6,St. Hyacinthe,SHYA,2025-05-06T21:56:22Z,2025-05-06T21:20:00Z,ARR,bad,36.0
26,True,True,OTTAWA,QUÉBEC,2025-05-06,7,Drummondville,DRMV,2025-05-06T22:32:28Z,2025-05-06T22:05:00Z,ARR,bad,27.0
26,True,True,OTTAWA,QUÉBEC,2025-05-06,8,Charny,CHNY,2025-05-07T00:12:05Z,2025-05-06T23:44:00Z,ARR,bad,28.0
26,True,True,OTTAWA,QUÉBEC,2025-05-06,9,Ste-Foy,SFOY,2025-05-07T00:20:53Z,2025-05-06T23:52:00Z,ARR,bad,28.0
26,True,True,OTTAWA,QUÉBEC,2025-05-06,10,Québec,QBEC,2025-05-07T00:48:30Z,2025-05-07T00:19:00Z,ARR,bad,29.0
39,True,True,QUÉBEC,OTTAWA,2025-05-06,0,Québec,QBEC,2025-05-06T18:57:00Z,2025-05-06T18:57:00Z,ARR,goo,0.0
39,True,True,QUÉBEC,OTTAWA,2025-05-06,1,Ste-Foy,SFOY,2025-05-06T19:21:22Z,2025-05-06T19:22:00Z,ARR,goo,0.0
39,True,True,QUÉBEC,OTTAWA,2025-05-06,2,Drummondville,DRMV,2025-05-06T21:07:07Z,2025-05-06T20:58:00Z,ARR,med,9.0
39,True,True,QUÉBEC,OTTAWA,2025-05-06,3,St. Lambert,SLAM,2025-05-06T22:24:57Z,2025-05-06T21:57:00Z,ARR,bad,27.0
39,True,True,QUÉBEC,OTTAWA,2025-05-06,4,Montréal,MTRL,2025-05-06T22:42:49Z,2025-05-06T22:11:00Z,ARR,bad,31.0
39,True,True,QUÉBEC,OTTAWA,2025-05-06,5,Dorval,DORV,2025-05-06T23:26:03Z,2025-05-06T23:14:00Z,ARR,med,12.0
39,True,True,QUÉBEC,OTTAWA,2025-05-06,6,Coteau,COTO,2025-05-06T23:59:27Z,2025-05-06T23:43:00Z,ARR,bad,16.0
39,True,True,QUÉBEC,OTTAWA,2025-05-06,7,Alexandria,ALEX,2025-05-07T00:29:16Z,2025-05-07T00:06:00Z,ARR,bad,23.0
39,True,True,QUÉBEC,OTTAWA,2025-05-06,8,Ottawa,OTTW,2025-05-07T01:12:42Z,2025-05-07T00:51:00Z,ARR,bad,21.0
66,True,True,TORONTO,MONTRÉAL,2025-05-06,0,Toronto,TRTO,2025-05-06T19:22:04Z,2025-05-06T19:22:00Z,ARR,goo,0.0
66,True,True,TORONTO,MONTRÉAL,2025-05-06,1,Guildwood,GUIL,2025-05-06T19:42:49Z,2025-05-06T19:40:00Z,ARR,goo,2.0
66,True,True,TORONTO,MONTRÉAL,2025-05-06,2,Oshawa,OSHA,2025-05-06T20:01:35Z,2025-05-06T19:54:00Z,ARR,med,7.0
66,True,True,TORONTO,MONTRÉAL,2025-05-06,3,Belleville,BLVL,2025-05-06T21:26:38Z,2025-05-06T21:00:00Z,ARR,bad,26.0
66,True,True,TORONTO,MONTRÉAL,2025-05-06,4,Kingston,KGON,2025-05-06T22:04:25Z,2025-05-06T21:40:00Z,ARR,bad,24.0
66,True,True,TORONTO,MONTRÉAL,2025-05-06,5,Cornwall,CWLL,2025-05-06T23:45:17Z,2025-05-06T23:07:00Z,ARR,bad,38.0
66,True,True,TORONTO,MONTRÉAL,2025-05-06,6,Dorval,DORV,2025-05-07T00:43:26Z,2025-05-06T23:58:00Z,ARR,bad,45.0
66,True,True,TORONTO,MONTRÉAL,2025-05-06,7,Montréal,MTRL,2025-05-07T01:10:09Z,2025-05-07T00:25:00Z,ARR,bad,45.0
46,True,True,TORONTO,OTTAWA,2025-05-06,0,Toronto,TRTO,2025-05-06T19:37:00Z,2025-05-06T19:37:00Z,ARR,goo,0.0
46,True,True,TORONTO,OTTAWA,2025-05-06,1,Oshawa,OSHA,2025-05-06T20:24:52Z,2025-05-06T20:09:00Z,ARR,bad,15.0
46,True,True,TORONTO,OTTAWA,2025-05-06,2,Cobourg,CBRG,2025-05-06T20:57:34Z,2025-05-06T20:43:00Z,ARR,med,14.0
46,True,True,TORONTO,OTTAWA,2025-05-06,3,Kingston,KGON,2025-05-06T22:14:16Z,2025-05-06T21:54:00Z,ARR,bad,20.0
46,True,True,TORONTO,OTTAWA,2025-05-06,4,Brockville,BRKV,2025-05-06T22:56:47Z,2025-05-06T22:40:00Z,ARR,bad,16.0
46,True,True,TORONTO,OTTAWA,2025-05-06,5,Fallowfield,FALL,2025-05-06T23:56:06Z,2025-05-06T23:40:00Z,ARR,bad,16.0
46,True,True,TORONTO,OTTAWA,2025-05-06,6,Ottawa,OTTW,2025-05-07T00:15:03Z,2025-05-07T00:00:00Z,ARR,bad,15.0
83,True,True,TORONTO,LONDON,2025-05-06,0,Toronto,TRTO,2025-05-06T20:15:00Z,2025-05-06T20:15:00Z,ARR,goo,0.0
83,True,True,TORONTO,LONDON,2025-05-06,1,Aldershot,ALDR,2025-05-06T20:55:11Z,2025-05-06T20:50:00Z,ARR,med,5.0
83,True,True,TORONTO,LONDON,2025-05-06,2,Brantford,BRTF,2025-05-06T21:26:52Z,2025-05-06T21:20:00Z,ARR,med,6.0
83,True,True,TORONTO,LONDON,2025-05-06,3,Woodstock,WDST,2025-05-06T22:02:40Z,2025-05-06T21:48:00Z,ARR,med,14.0
83,True,True,TORONTO,LONDON,2025-05-06,4,London,LNDN,2025-05-06T22:35:51Z,2025-05-06T22:27:00Z,ARR,med,8.0
28,True,True,OTTAWA,QUÉBEC,2025-05-06,0,Ottawa,OTTW,2025-05-06T20:05:00Z,2025-05-06T20:05:00Z,ARR,goo,0.0
28,True,True,OTTAWA,QUÉBEC,2025-05-06,1,Casselman,CSLM,2025-05-06T20:29:36Z,2025-05-06T20:31:00Z,ARR,goo,-1.0
28,True,True,OTTAWA,QUÉBEC,2025-05-06,2,Alexandria,ALEX,2025-05-06T20:51:16Z,2025-05-06T20:53:00Z,ARR,goo,-1.0
28,True,True,OTTAWA,QUÉBEC,2025-05-06,3,Coteau,COTO,2025-05-06T21:09:46Z,2025-05-06T21:15:00Z,ARR,goo,-5.0
28,True,True,OTTAWA,QUÉBEC,2025-05-06,4,Dorval,DORV,2025-05-06T21:41:52Z,2025-05-06T21:38:00Z,ARR,goo,3.0
28,True,True,OTTAWA,QUÉBEC,2025-05-06,5,Montréal,MTRL,2025-05-06T22:07:03Z,2025-05-06T22:04:00Z,ARR,goo,3.0
28,True,True,OTTAWA,QUÉBEC,2025-05-06,6,St. Lambert,SLAM,2025-05-06T22:49:39Z,2025-05-06T22:38:00Z,ARR,med,11.0
28,True,True,OTTAWA,QUÉBEC,2025-05-06,7,St. Hyacinthe,SHYA,2025-05-06T23:23:58Z,2025-05-06T23:06:00Z,ARR,bad,17.0
28,True,True,OTTAWA,QUÉBEC,2025-05-06,8,Drummondville,DRMV,2025-05-07T00:06:12Z,2025-05-06T23:52:00Z,ARR,med,14.0
28,True,True,OTTAWA,QUÉBEC,2025-05-06,9,Charny,CHNY,2025-05-07T01:35:59Z,2025-05-07T01:14:00Z,ARR,bad,21.0
28,True,True,OTTAWA,QUÉBEC,2025-05-06,10,Ste-Foy,SFOY,2025-05-07T01:44:50Z,2025-05-07T01:21:00Z,ARR,bad,23.0
28,True,True,OTTAWA,QUÉBEC,2025-05-06,11,Québec,QBEC,2025-05-07T02:13:32Z,2025-05-07T01:48:00Z,ARR,bad,25.0
69,True,True,MONTRÉAL,TORONTO,2025-05-06,0,Montréal,MTRL,2025-05-06T20:38:00Z,2025-05-06T20:38:00Z,ARR,goo,0.0
69,True,True,MONTRÉAL,TORONTO,2025-05-06,1,Dorval,DORV,2025-05-06T21:27:03Z,2025-05-06T21:04:00Z,ARR,bad,23.0
69,True,True,MONTRÉAL,TORONTO,2025-05-06,2,Cornwall,CWLL,2025-05-06T22:26:23Z,2025-05-06T21:53:00Z,ARR,bad,33.0
69,True,True,MONTRÉAL,TORONTO,2025-05-06,3,Brockville,BRKV,2025-05-06T23:13:47Z,2025-05-06T22:40:00Z,ARR,bad,33.0
69,True,True,MONTRÉAL,TORONTO,2025-05-06,4,Kingston,KGON,2025-05-07T00:06:18Z,2025-05-06T23:24:00Z,ARR,bad,42.0
69,True,True,MONTRÉAL,TORONTO,2025-05-06,5,Oshawa,OSHA,2025-05-07T02:20:19Z,2025-05-07T01:05:00Z,ARR,bad,75.0
69,True,True,MONTRÉAL,TORONTO,2025-05-06,6,Guildwood,GUIL,2025-05-07T02:42:47Z,2025-05-07T01:28:00Z,ARR,bad,74.0
69,True,True,MONTRÉAL,TORONTO,2025-05-06,7,Toronto,TRTO,2025-05-07T03:02:17Z,2025-05-07T01:48:00Z,ARR,bad,74.0
68,True,True,TORONTO,MONTRÉAL,2025-05-06,0,Toronto,TRTO,2025-05-06T21:08:24Z,2025-05-06T21:07:00Z,ARR,goo,1.0
68,True,True,TORONTO,MONTRÉAL,2025-05-06,1,Oshawa,OSHA,2025-05-06T21:45:15Z,2025-05-06T21:39:00Z,ARR,med,6.0
68,True,True,TORONTO,MONTRÉAL,2025-05-06,2,Cobourg,CBRG,2025-05-06T22:17:18Z,2025-05-06T22:14:00Z,ARR,goo,3.0
68,True,True,TORONTO,MONTRÉAL,2025-05-06,3,Belleville,BLVL,2025-05-06T22:50:17Z,2025-05-06T22:49:00Z,ARR,goo,1.0
68,True,True,TORONTO,MONTRÉAL,2025-05-06,4,Kingston,KGON,2025-05-07T00:07:27Z,2025-05-06T23:26:00Z,ARR,bad,41.0
68,True,True,TORONTO,MONTRÉAL,2025-05-06,5,Brockville,BRKV,2025-05-07T01:10:59Z,2025-05-07T00:11:00Z,ARR,bad,59.0
68,True,True,TORONTO,MONTRÉAL,2025-05-06,6,Cornwall,CWLL,2025-05-07T01:55:27Z,2025-05-07T00:57:00Z,ARR,bad,58.0
68,True,True,TORONTO,MONTRÉAL,2025-05-06,7,Dorval,DORV,2025-05-07T02:54:28Z,2025-05-07T01:47:00Z,ARR,bad,67.0
68,True,True,TORONTO,MONTRÉAL,2025-05-06,8,Montréal,MTRL,2025-05-07T03:19:59Z,2025-05-07T02:14:00Z,ARR,bad,65.0
54,True,True,TORONTO,OTTAWA,2025-05-06,0,Toronto,TRTO,2025-05-06T21:39:00Z,2025-05-06T21:37:00Z,ARR,goo,2.0
54,True,True,TORONTO,OTTAWA,2025-05-06,1,Guildwood,GUIL,2025-05-06T21:57:00Z,2025-05-06T21:55:00Z,ARR,goo,2.0
54,True,True,TORONTO,OTTAWA,2025-05-06,2,Oshawa,OSHA,2025-05-06T22:16:05Z,2025-05-06T22:08:00Z,ARR,med,8.0
54,True,True,TORONTO,OTTAWA,2025-05-06,3,Port Hope,PHOP,2025-05-06T22:42:08Z,2025-05-06T22:37:00Z,ARR,med,5.0
54,True,True,TORONTO,OTTAWA,2025-05-06,4,Cobourg,CBRG,2025-05-06T22:50:18Z,2025-05-06T22:46:00Z,ARR,goo,4.0
54,True,True,TORONTO,OTTAWA,2025-05-06,5,Trenton Jct.,TRNJ,2025-05-06T23:16:02Z,2025-05-06T23:13:01Z,ARR,goo,3.0
54,True,True,TORONTO,OTTAWA,2025-05-06,6,Belleville,BLVL,2025-05-06T23:27:56Z,2025-05-06T23:27:00Z,ARR,goo,0.0
54,True,True,TORONTO,OTTAWA,2025-05-06,7,Napanee,NAPN,2025-05-06T23:47:29Z,2025-05-06T23:48:00Z,ARR,goo,0.0
54,True,True,TORONTO,OTTAWA,2025-05-06,8,Kingston,KGON,2025-05-07T00:18:22Z,2025-05-07T00:09:00Z,ARR,med,9.0
54,True,True,TORONTO,OTTAWA,2025-05-06,9,Brockville,BRKV,2025-05-07T01:18:03Z,2025-05-07T00:54:00Z,ARR,bad,24.0
54,True,True,TORONTO,OTTAWA,2025-05-06,10,Smiths Falls,SMTF,2025-05-07T01:47:10Z,2025-05-07T01:25:00Z,ARR,bad,22.0
54,True,True,TORONTO,OTTAWA,2025-05-06,11,Fallowfield,FALL,2025-05-07T02:12:05Z,2025-05-07T01:52:00Z,ARR,bad,20.0
54,True,True,TORONTO,OTTAWA,2025-05-06,12,Ottawa,OTTW,2025-05-07T02:31:09Z,2025-05-07T02:13:00Z,ARR,bad,18.0
75,True,True,TORONTO,WINDSOR,2025-05-06,0,Toronto,TRTO,2025-05-06T21:22:00Z,2025-05-06T21:22:00Z,ARR,goo,0.0
75,True,True,TORONTO,WINDSOR,2025-05-06,1,Oakville,OAKV,2025-05-06T21:52:41Z,2025-05-06T21:45:00Z,ARR,med,7.0
75,True,True,TORONTO,WINDSOR,2025-05-06,2,Aldershot,ALDR,2025-05-06T22:08:23Z,2025-05-06T22:01:00Z,ARR,med,7.0
75,True,True,TORONTO,WINDSOR,2025-05-06,3,Brantford,BRTF,2025-05-06T22:38:24Z,2025-05-06T22:33:00Z,ARR,med,5.0
75,True,True,TORONTO,WINDSOR,2025-05-06,4,Woodstock,WDST,2025-05-06T23:08:40Z,2025-05-06T23:04:00Z,ARR,goo,4.0
75,True,True,TORONTO,WINDSOR,2025-05-06,5,Ingersoll,INGR,2025-05-06T23:20:10Z,2025-05-06T23:19:00Z,ARR,goo,1.0
75,True,True,TORONTO,WINDSOR,2025-05-06,6,London,LNDN,2025-05-06T23:43:22Z,2025-05-06T23:47:00Z,ARR,goo,-3.0
75,True,True,TORONTO,WINDSOR,2025-05-06,7,Glencoe,GLNC,2025-05-07T00:22:00Z,2025-05-07T00:21:00Z,ARR,goo,1.0
75,True,True,TORONTO,WINDSOR,2025-05-06,8,Chatham,CHAT,2025-05-07T01:01:43Z,2025-05-07T00:55:00Z,ARR,med,6.0
75,True,True,TORONTO,WINDSOR,2025-05-06,9,Windsor,WDON,2025-05-07T01:49:34Z,2025-05-07T01:50:00Z,ARR,goo,0.0
98,True,True,NIAGARA FALLS,TORONTO,2025-05-06,0,Niagara Falls,NIAG,2025-05-07T01:00:00Z,2025-05-06T21:45:00Z,ARR,bad,195.0
98,True,True,NIAGARA FALLS,TORONTO,2025-05-06,1,St. Catharines,SCAT,2025-05-07T01:21:00Z,2025-05-06T22:06:00Z,ARR,bad,195.0
98,True,True,NIAGARA FALLS,TORONTO,2025-05-06,2,Grimsby,GRIM,2025-05-07T01:49:00Z,2025-05-06T22:26:00Z,ARR,bad,203.0
98,True,True,NIAGARA FALLS,TORONTO,2025-05-06,3,Aldershot,ALDR,2025-05-07T02:27:00Z,2025-05-06T23:02:00Z,ARR,bad,205.0
98,True,True,NIAGARA FALLS,TORONTO,2025-05-06,4,Oakville,OAKV,2025-05-07T02:39:00Z,2025-05-06T23:16:00Z,ARR,bad,203.0
98,True,True,NIAGARA FALLS,TORONTO,2025-05-06,5,Toronto,TRTO,2025-05-07T03:06:00Z,2025-05-06T23:43:00Z,ARR,bad,203.0
87,True,True,TORONTO,SARNIA,2025-05-06,0,Toronto,TRTO,2025-05-06T21:40:00Z,2025-05-06T21:40:00Z,ARR,goo,0.0
87,True,True,TORONTO,SARNIA,2025-05-06,1,Malton,MALT,2025-05-06T21:59:35Z,2025-05-06T22:00:00Z,ARR,goo,0.0
87,True,True,TORONTO,SARNIA,2025-05-06,2,Brampton,BRMP,2025-05-06T22:11:38Z,2025-05-06T22:12:00Z,ARR,goo,0.0
87,True,True,TORONTO,SARNIA,2025-05-06,3,Georgetown,GEOR,2025-05-06T22:24:24Z,2025-05-06T22:24:00Z,ARR,goo,0.0
87,True,True,TORONTO,SARNIA,2025-05-06,4,Guelph,GUEL,2025-05-06T22:49:56Z,2025-05-06T22:49:00Z,ARR,goo,0.0
87,True,True,TORONTO,SARNIA,2025-05-06,5,Kitchener,KITC,2025-05-06T23:17:37Z,2025-05-06T23:16:00Z,ARR,goo,1.0
87,True,True,TORONTO,SARNIA,2025-05-06,6,Stratford,STRF,2025-05-07T00:04:21Z,2025-05-06T23:57:00Z,ARR,med,7.0
87,True,True,TORONTO,SARNIA,2025-05-06,7,St.Marys,SMYS,2025-05-07T00:44:31Z,2025-05-07T00:25:00Z,ARR,bad,19.0
87,True,True,TORONTO,SARNIA,2025-05-06,8,London,LNDN,2025-05-07T01:32:55Z,2025-05-07T01:13:00Z,ARR,bad,19.0
87,True,True,TORONTO,SARNIA,2025-05-06,9,Strathroy,STRR,2025-05-07T01:57:27Z,2025-05-07T01:39:00Z,ARR,bad,18.0
87,True,True,TORONTO,SARNIA,2025-05-06,10,Wyoming,WYOM,2025-05-07T02:22:09Z,2025-05-07T02:07:00Z,ARR,bad,15.0
87,True,True,TORONTO,SARNIA,2025-05-06,11,Sarnia,SARN,2025-05-07T02:54:17Z,2025-05-07T02:24:00Z,ARR,bad,30.0
29,True,True,QUÉBEC,MONTRÉAL,2025-05-06,0,Québec,QBEC,2025-05-06T21:41:20Z,2025-05-06T21:41:00Z,ARR,goo,0.0
29,True,True,QUÉBEC,MONTRÉAL,2025-05-06,1,Ste-Foy,SFOY,2025-05-06T22:08:36Z,2025-05-06T22:06:00Z,ARR,goo,2.0
29,True,True,QUÉBEC,MONTRÉAL,2025-05-06,2,Drummondville,DRMV,2025-05-06T23:48:50Z,2025-05-06T23:42:00Z,ARR,med,6.0
29,True,True,QUÉBEC,MONTRÉAL,2025-05-06,3,St. Hyacinthe,SHYA,2025-05-07T00:24:49Z,2025-05-07T00:18:00Z,ARR,med,6.0
29,True,True,QUÉBEC,MONTRÉAL,2025-05-06,4,St. Lambert,SLAM,2025-05-07T00:58:08Z,2025-05-07T00:45:00Z,ARR,med,13.0
29,True,True,QUÉBEC,MONTRÉAL,2025-05-06,5,Montréal,MTRL,2025-05-07T01:16:01Z,2025-05-07T01:00:00Z,ARR,bad,16.0
668,True,True,TORONTO,MONTRÉAL,2025-05-06,0,Toronto,TRTO,2025-05-06T22:07:00Z,2025-05-06T22:07:00Z,ARR,goo,0.0
668,True,True,TORONTO,MONTRÉAL,2025-05-06,1,Guildwood,GUIL,2025-05-06T22:24:33Z,2025-05-06T22:25:00Z,ARR,goo,0.0
668,True,True,TORONTO,MONTRÉAL,2025-05-06,2,Oshawa,OSHA,2025-05-06T22:44:04Z,2025-05-06T22:39:00Z,ARR,med,5.0
668,True,True,TORONTO,MONTRÉAL,2025-05-06,3,Kingston,KGON,2025-05-07T00:27:11Z,2025-05-07T00:22:00Z,ARR,med,5.0
668,True,True,TORONTO,MONTRÉAL,2025-05-06,4,Cornwall,CWLL,2025-05-07T02:03:17Z,2025-05-07T01:49:00Z,ARR,med,14.0
668,True,True,TORONTO,MONTRÉAL,2025-05-06,5,Dorval,DORV,2025-05-07T03:03:58Z,2025-05-07T02:38:00Z,ARR,bad,25.0
668,True,True,TORONTO,MONTRÉAL,2025-05-06,6,Montréal,MTRL,2025-05-07T03:38:26Z,2025-05-07T03:04:00Z,ARR,bad,34.0
59,True,True,OTTAWA,TORONTO,2025-05-06,0,Ottawa,OTTW,2025-05-06T22:03:00Z,2025-05-06T22:03:00Z,ARR,goo,0.0
59,True,True,OTTAWA,TORONTO,2025-05-06,1,Fallowfield,FALL,2025-05-06T22:19:57Z,2025-05-06T22:20:00Z,ARR,goo,0.0
59,True,True,OTTAWA,TORONTO,2025-05-06,2,Smiths Falls,SMTF,2025-05-06T22:50:25Z,2025-05-06T22:51:00Z,ARR,goo,0.0
59,True,True,OTTAWA,TORONTO,2025-05-06,3,Brockville,BRKV,2025-05-06T23:27:13Z,2025-05-06T23:25:00Z,ARR,goo,2.0
59,True,True,OTTAWA,TORONTO,2025-05-06,4,Kingston,KGON,2025-05-07T00:19:36Z,2025-05-07T00:10:00Z,ARR,med,9.0
59,True,True,OTTAWA,TORONTO,2025-05-06,5,Belleville,BLVL,2025-05-07T01:09:20Z,2025-05-07T00:51:00Z,ARR,bad,18.0
59,True,True,OTTAWA,TORONTO,2025-05-06,6,Trenton Jct.,TRNJ,2025-05-07T01:25:56Z,2025-05-07T01:05:00Z,ARR,bad,20.0
59,True,True,OTTAWA,TORONTO,2025-05-06,7,Cobourg,CBRG,2025-05-07T01:55:28Z,2025-05-07T01:31:00Z,ARR,bad,24.0
59,True,True,OTTAWA,TORONTO,2025-05-06,8,Oshawa,OSHA,2025-05-07T02:31:05Z,2025-05-07T02:05:00Z,ARR,bad,26.0
59,True,True,OTTAWA,TORONTO,2025-05-06,9,Guildwood,GUIL,2025-05-07T02:54:41Z,2025-05-07T02:28:00Z,ARR,bad,26.0
59,True,True,OTTAWA,TORONTO,2025-05-06,10,Toronto,TRTO,2025-05-07T03:19:39Z,2025-05-07T02:48:00Z,ARR,bad,31.0
78,True,True,WINDSOR,TORONTO,2025-05-06,0,Windsor,WDON,2025-05-06T21:40:00Z,2025-05-06T21:40:00Z,ARR,goo,0.0
78,True,True,WINDSOR,TORONTO,2025-05-06,1,Chatham,CHAT,2025-05-06T22:25:51Z,2025-05-06T22:24:00Z,ARR,goo,1.0
78,True,True,WINDSOR,TORONTO,2025-05-06,2,Glencoe,GLNC,2025-05-06T23:07:21Z,2025-05-06T22:59:00Z,ARR,med,8.0
78,True,True,WINDSOR,TORONTO,2025-05-06,3,London,LNDN,2025-05-06T23:41:23Z,2025-05-06T23:32:00Z,ARR,med,9.0
78,True,True,WINDSOR,TORONTO,2025-05-06,4,Ingersoll,INGR,2025-05-07T00:05:19Z,2025-05-06T23:57:00Z,ARR,med,8.0
78,True,True,WINDSOR,TORONTO,2025-05-06,5,Woodstock,WDST,2025-05-07T00:15:57Z,2025-05-07T00:08:00Z,ARR,med,7.0
78,True,True,WINDSOR,TORONTO,2025-05-06,6,Brantford,BRTF,2025-05-07T00:44:42Z,2025-05-07T00:39:00Z,ARR,med,5.0
78,True,True,WINDSOR,TORONTO,2025-05-06,7,Aldershot,ALDR,2025-05-07T01:14:53Z,2025-05-07T01:09:00Z,ARR,med,5.0
78,True,True,WINDSOR,TORONTO,2025-05-06,8,Oakville,OAKV,2025-05-07T01:35:58Z,2025-05-07T01:24:00Z,ARR,med,11.0
78,True,True,WINDSOR,TORONTO,2025-05-06,9,Toronto,TRTO,2025-05-07T02:15:46Z,2025-05-07T01:50:00Z,ARR,bad,25.0
38,True,True,OTTAWA,MONTRÉAL,2025-05-06,0,Ottawa,OTTW,2025-05-06T21:55:00Z,2025-05-06T21:55:00Z,ARR,goo,0.0
38,True,True,OTTAWA,MONTRÉAL,2025-05-06,1,Casselman,CSLM,2025-05-06T22:20:20Z,2025-05-06T22:26:00Z,ARR,goo,-5.0
38,True,True,OTTAWA,MONTRÉAL,2025-05-06,2,Alexandria,ALEX,2025-05-06T22:51:05Z,2025-05-06T22:49:00Z,ARR,goo,2.0
38,True,True,OTTAWA,MONTRÉAL,2025-05-06,3,Dorval,DORV,2025-05-06T23:42:58Z,2025-05-06T23:33:00Z,ARR,med,9.0
38,True,True,OTTAWA,MONTRÉAL,2025-05-06,4,Montréal,MTRL,2025-05-07T00:09:56Z,2025-05-06T23:57:00Z,ARR,med,12.0
669,True,False,MONTRÉAL,TORONTO,2025-05-06,0,Montréal,MTRL,2025-05-06T22:09:00Z,2025-05-06T22:09:00Z,ARR,goo,0.0
669,True,False,MONTRÉAL,TORONTO,2025-05-06,1,Dorval,DORV,2025-05-06T22:34:33Z,2025-05-06T22:34:00Z,ARR,goo,0.0
669,True,False,MONTRÉAL,TORONTO,2025-05-06,2,Cornwall,CWLL,2025-05-06T23:34:43Z,2025-05-06T23:26:00Z,ARR,med,8.0
669,True,False,MONTRÉAL,TORONTO,2025-05-06,3,Kingston,KGON,2025-05-07T01:08:17Z,2025-05-07T00:52:00Z,ARR,bad,16.0
669,True,False,MONTRÉAL,TORONTO,2025-05-06,4,Oshawa,OSHA,2025-05-07T03:10:59Z,2025-05-07T02:35:00Z,ARR,bad,35.0
669,True,False,MONTRÉAL,TORONTO,2025-05-06,5,Toronto,TRTO,2025-05-07T03:48:42Z,2025-05-07T03:18:00Z,1 min,bad,30.0
48,True,True,TORONTO,OTTAWA,2025-05-06,0,Toronto,TRTO,2025-05-06T22:37:01Z,2025-05-06T22:37:00Z,ARR,goo,0.0
48,True,True,TORONTO,OTTAWA,2025-05-06,1,Oshawa,OSHA,2025-05-06T23:14:51Z,2025-05-06T23:08:00Z,ARR,med,6.0
48,True,True,TORONTO,OTTAWA,2025-05-06,2,Port Hope,PHOP,2025-05-06T23:44:39Z,2025-05-06T23:36:00Z,ARR,med,8.0
48,True,True,TORONTO,OTTAWA,2025-05-06,3,Cobourg,CBRG,2025-05-06T23:53:47Z,2025-05-06T23:45:00Z,ARR,med,8.0
48,True,True,TORONTO,OTTAWA,2025-05-06,4,Trenton Jct.,TRNJ,2025-05-07T00:19:46Z,2025-05-07T00:12:01Z,ARR,med,7.0
48,True,True,TORONTO,OTTAWA,2025-05-06,5,Belleville,BLVL,2025-05-07T00:32:29Z,2025-05-07T00:25:00Z,ARR,med,7.0
48,True,True,TORONTO,OTTAWA,2025-05-06,6,Napanee,NAPN,2025-05-07T00:58:47Z,2025-05-07T00:46:00Z,ARR,med,12.0
48,True,True,TORONTO,OTTAWA,2025-05-06,7,Kingston,KGON,2025-05-07T01:15:25Z,2025-05-07T01:06:00Z,ARR,med,9.0
48,True,True,TORONTO,OTTAWA,2025-05-06,8,Gananoque,GANA,2025-05-07T01:36:59Z,2025-05-07T01:28:00Z,ARR,med,8.0
48,True,True,TORONTO,OTTAWA,2025-05-06,9,Brockville,BRKV,2025-05-07T02:02:59Z,2025-05-07T01:53:00Z,ARR,med,9.0
48,True,True,TORONTO,OTTAWA,2025-05-06,10,Smiths Falls,SMTF,2025-05-07T02:33:15Z,2025-05-07T02:24:00Z,ARR,med,9.0
48,True,True,TORONTO,OTTAWA,2025-05-06,11,Fallowfield,FALL,2025-05-07T02:57:53Z,2025-05-07T02:51:00Z,ARR,med,6.0
48,True,True,TORONTO,OTTAWA,2025-05-06,12,Ottawa,OTTW,2025-05-07T03:17:02Z,2025-05-07T03:11:00Z,ARR,med,6.0
79,True,False,TORONTO,WINDSOR,2025-05-06,0,Toronto,TRTO,2025-05-06T23:45:07Z,2025-05-06T23:45:00Z,ARR,goo,0.0
79,True,False,TORONTO,WINDSOR,2025-05-06,1,Oakville,OAKV,2025-05-07T00:09:40Z,2025-05-07T00:07:00Z,ARR,goo,2.0
79,True,False,TORONTO,WINDSOR,2025-05-06,2,Aldershot,ALDR,2025-05-07T00:33:07Z,2025-05-07T00:22:00Z,ARR,med,11.0
79,True,False,TORONTO,WINDSOR,2025-05-06,3,Brantford,BRTF,2025-05-07T01:04:17Z,2025-05-07T00:50:00Z,ARR,med,14.0
79,True,False,TORONTO,WINDSOR,2025-05-06,4,Woodstock,WDST,2025-05-07T01:31:04Z,2025-05-07T01:17:00Z,ARR,med,14.0
79,True,False,TORONTO,WINDSOR,2025-05-06,5,Ingersoll,INGR,2025-05-07T01:41:38Z,2025-05-07T01:30:00Z,ARR,med,11.0
79,True,False,TORONTO,WINDSOR,2025-05-06,6,London,LNDN,2025-05-07T02:04:14Z,2025-05-07T01:52:00Z,ARR,med,12.0
79,True,False,TORONTO,WINDSOR,2025-05-06,7,Glencoe,GLNC,2025-05-07T02:37:20Z,2025-05-07T02:25:00Z,ARR,med,12.0
79,True,False,TORONTO,WINDSOR,2025-05-06,8,Chatham,CHAT,2025-05-07T03:14:22Z,2025-05-07T02:57:00Z,ARR,bad,17.0
79,True,False,TORONTO,WINDSOR,2025-05-06,9,Windsor,WDON,2025-05-07T04:01:15Z,2025-05-07T03:44:00Z,13 mins,bad,17.0
690,False,False,GILLAM,THE PAS,2025-05-06,0,Gillam,GILL,&mdash;,2025-05-07T10:30:00Z,&mdash;,,
690,False,False,GILLAM,THE PAS,2025-05-06,1,Wivenhoe,WVHO,&mdash;,2025-05-07T11:16:00Z,&mdash;,,
690,False,False,GILLAM,THE PAS,2025-05-06,2,Ilford,ILFO,&mdash;,2025-05-07T11:53:00Z,&mdash;,,
690,False,False,GILLAM,THE PAS,2025-05-06,3,Pit Siding,PITS,&mdash;,2025-05-07T12:54:00Z,&mdash;,,
690,False,False,GILLAM,THE PAS,2025-05-06,4,Bridgar,BRGR,&mdash;,2025-05-07T14:16:00Z,&mdash;,,
690,False,False,GILLAM,THE PAS,2025-05-06,5,Pikwitonei,PIKW,&mdash;,2025-05-07T14:27:00Z,&mdash;,,
690,False,False,GILLAM,THE PAS,2025-05-06,6,Sipiwesk,SIPI,&mdash;,2025-05-07T14:54:00Z,&mdash;,,
690,False,False,GILLAM,THE PAS,2025-05-06,7,Thompson,THOM,&mdash;,2025-05-07T16:30:00Z,&mdash;,,
