train_id,departed,arrived,from,to,instance,stop_id,station,code,estimated,scheduled,eta,diff,diffMin
1 (09-24),True,False,TORONTO,VANCOUVER,2025-09-24,0,Toronto,TRTO,2025-09-24T13:55:00Z,2025-09-24T13:55:00Z,ARR,goo,0.0
1 (09-24),True,False,TORONTO,VANCOUVER,2025-09-24,1,Washago,WSHG,2025-09-24T16:40:06Z,2025-09-24T16:25:00Z,ARR,bad,15.0
1 (09-24),True,False,TORONTO,VANCOUVER,2025-09-24,2,South Parry,SPAR,2025-09-24T18:41:00Z,2025-09-24T18:27:00Z,ARR,med,14.0
1 (09-24),True,False,TORONTO,VANCOUVER,2025-09-24,3,Sudbury (Jct.),SUDJ,2025-09-24T20:58:18Z,2025-09-24T20:57:00Z,ARR,goo,1.0
1 (09-24),True,False,TORONTO,VANCOUVER,2025-09-24,4,Capreol,CAPR,2025-09-24T21:55:15Z,2025-09-24T21:22:00Z,ARR,bad,33.0
1 (09-24),True,False,TORONTO,VANCOUVER,2025-09-24,5,Laforest,LAFO,2025-09-24T23:11:04Z,2025-09-24T22:48:00Z,ARR,bad,23.0
1 (09-24),True,False,TORONTO,VANCOUVER,2025-09-24,6,McKee's Camp,MCKC,2025-09-24T23:24:04Z,2025-09-24T23:01:00Z,ARR,bad,23.0
1 (09-24),True,False,TORONTO,VANCOUVER,2025-09-24,7,Felix,FELX,2025-09-24T23:44:04Z,2025-09-24T23:21:00Z,ARR,bad,23.0
1 (09-24),True,False,TORONTO,VANCOUVER,2025-09-24,8,Ruel,RUEL,2025-09-24T23:51:04Z,2025-09-24T23:28:00Z,ARR,bad,23.0
1 (09-24),True,False,TORONTO,VANCOUVER,2025-09-24,9,Westree,WSTR,2025-09-25T00:09:57Z,2025-09-24T23:45:00Z,ARR,bad,24.0
1 (09-24),True,False,TORONTO,VANCOUVER,2025-09-24,10,Gogama,GOGA,2025-09-25T00:37:19Z,2025-09-25T00:18:00Z,ARR,bad,19.0
1 (09-24),True,False,TORONTO,VANCOUVER,2025-09-24,11,Foleyet,FOLE,2025-09-25T03:04:42Z,2025-09-25T02:44:00Z,ARR,bad,20.0
1 (09-24),True,False,TORONTO,VANCOUVER,2025-09-24,12,Elsas,ELSA,2025-09-25T04:05:29Z,2025-09-25T03:38:00Z,ARR,bad,27.0
1 (09-24),True,False,TORONTO,VANCOUVER,2025-09-24,13,Oba,OBAX,2025-09-25T06:05:29Z,2025-09-25T05:38:00Z,ARR,bad,27.0
1 (09-24),True,False,TORONTO,VANCOUVER,2025-09-24,14,Hornepayne,HNPN,2025-09-25T06:59:15Z,2025-09-25T06:29:00Z,ARR,bad,30.0
1 (09-24),True,False,TORONTO,VANCOUVER,2025-09-24,15,Hillsport,HLSP,2025-09-25T08:43:47Z,2025-09-25T08:05:00Z,ARR,bad,38.0
1 (09-24),True,False,TORONTO,VANCOUVER,2025-09-24,16,Caramat,CARA,2025-09-25T09:24:07Z,2025-09-25T08:55:00Z,ARR,bad,29.0
1 (09-24),True,False,TORONTO,VANCOUVER,2025-09-24,17,Longlac,LLAC,2025-09-25T09:46:00Z,2025-09-25T09:34:00Z,ARR,med,12.0
1 (09-24),True,False,TORONTO,VANCOUVER,2025-09-24,18,Nakina,NAKI,2025-09-25T10:34:23Z,2025-09-25T10:13:00Z,ARR,bad,21.0
1 (09-24),True,False,TORONTO,VANCOUVER,2025-09-24,19,Auden,AUDN,2025-09-25T11:41:50Z,2025-09-25T11:19:00Z,ARR,bad,22.0
1 (09-24),True,False,TORONTO,VANCOUVER,2025-09-24,20,Ferland,FERL,2025-09-25T12:18:50Z,2025-09-25T11:56:00Z,ARR,bad,22.0
1 (09-24),True,False,TORONTO,VANCOUVER,2025-09-24,21,Mud River,MUDR,2025-09-25T12:27:50Z,2025-09-25T12:05:00Z,ARR,bad,22.0
1 (09-24),True,False,TORONTO,VANCOUVER,2025-09-24,22,Armstrong,ARMG,2025-09-25T12:55:12Z,2025-09-25T13:17:00Z,ARR,goo,-21.0
1 (09-24),True,False,TORONTO,VANCOUVER,2025-09-24,23,Collins,COLL,2025-09-25T13:33:54Z,2025-09-25T13:47:00Z,ARR,goo,-13.0
1 (09-24),True,False,TORONTO,VANCOUVER,2025-09-24,24,Allanwater Bridge,ALWB,2025-09-25T14:35:34Z,2025-09-25T14:26:00Z,ARR,med,9.0
1 (09-24),True,False,TORONTO,VANCOUVER,2025-09-24,25,Flindt Landing,FLTL,2025-09-25T14:51:34Z,2025-09-25T14:42:00Z,ARR,med,9.0
1 (09-24),True,False,TORONTO,VANCOUVER,2025-09-24,26,Savant Lake,SAVL,2025-09-25T15:08:34Z,2025-09-25T14:59:00Z,ARR,med,9.0
1 (09-24),True,False,TORONTO,VANCOUVER,2025-09-24,27,Sioux Lookout,SLKT,2025-09-25T16:50:37Z,2025-09-25T16:25:00Z,ARR,bad,25.0
1 (09-24),True,False,TORONTO,VANCOUVER,2025-09-24,28,Richan,RCHN,2025-09-25T18:17:06Z,2025-09-25T18:05:00Z,ARR,med,12.0
1 (09-24),True,False,TORONTO,VANCOUVER,2025-09-24,29,Red Lake Road,RLRX,2025-09-25T19:03:21Z,2025-09-25T18:41:00Z,ARR,bad,22.0
1 (09-24),True,False,TORONTO,VANCOUVER,2025-09-24,30,Canyon,CNYK,2025-09-25T20:58:56Z,2025-09-25T19:10:00Z,ARR,bad,108.0
1 (09-24),True,False,TORONTO,VANCOUVER,2025-09-24,31,Farlane,FARL,2025-09-25T21:32:55Z,2025-09-25T19:47:00Z,ARR,bad,105.0
1 (09-24),True,False,TORONTO,VANCOUVER,2025-09-24,32,Redditt,RDDT,2025-09-25T21:46:21Z,2025-09-25T20:23:00Z,ARR,bad,83.0
1 (09-24),True,False,TORONTO,VANCOUVER,2025-09-24,33,Minaki,MNKI,2025-09-25T22:03:27Z,2025-09-25T20:44:00Z,ARR,bad,79.0
1 (09-24),True,False,TORONTO,VANCOUVER,2025-09-24,34,Ottermere,OTTM,2025-09-25T22:18:25Z,2025-09-25T21:01:00Z,ARR,bad,77.0
1 (09-24),True,False,TORONTO,VANCOUVER,2025-09-24,35,Malachi,MLCH,2025-09-25T22:24:25Z,2025-09-25T21:07:00Z,ARR,bad,77.0
1 (09-24),True,False,TORONTO,VANCOUVER,2025-09-24,36,Copelands Landing,COPE,2025-09-25T22:26:25Z,2025-09-25T21:09:00Z,ARR,bad,77.0
1 (09-24),True,False,TORONTO,VANCOUVER,2025-09-24,37,Rice Lake,RCLK,2025-09-25T22:38:33Z,2025-09-25T21:12:00Z,ARR,bad,86.0
1 (09-24),True,False,TORONTO,VANCOUVER,2025-09-24,38,Winnitoba,WNTB,2025-09-25T22:48:45Z,2025-09-25T21:26:00Z,ARR,bad,82.0
1 (09-24),True,False,TORONTO,VANCOUVER,2025-09-24,39,Ophir,OPHR,2025-09-25T22:46:43Z,2025-09-25T21:31:00Z,ARR,bad,75.0
1 (09-24),True,False,TORONTO,VANCOUVER,2025-09-24,40,Brereton Lake,BRTL,2025-09-25T22:59:40Z,2025-09-25T21:49:00Z,ARR,bad,70.0
1 (09-24),True,False,TORONTO,VANCOUVER,2025-09-24,41,Elma,ELMA,2025-09-25T23:38:10Z,2025-09-25T22:10:00Z,ARR,bad,88.0
1 (09-24),True,False,TORONTO,VANCOUVER,2025-09-24,42,Winnipeg,WNPG,2025-09-26T00:39:01Z,2025-09-26T00:30:00Z,ARR,med,9.0
1 (09-24),True,False,TORONTO,VANCOUVER,2025-09-24,43,Portage La Prairie,PLPX,2025-09-26T04:42:51Z,2025-09-26T04:04:00Z,ARR,bad,38.0
1 (09-24),True,False,TORONTO,VANCOUVER,2025-09-24,44,Rivers,RVRS,2025-09-26T06:58:20Z,2025-09-26T06:31:00Z,ARR,bad,27.0
1 (09-24),True,False,TORONTO,VANCOUVER,2025-09-24,45,Melville,MELV,2025-09-26T10:14:54Z,2025-09-26T10:54:00Z,ARR,goo,-39.0
1 (09-24),True,False,TORONTO,VANCOUVER,2025-09-24,46,Watrous,WATR,2025-09-26T13:53:49Z,2025-09-26T13:54:00Z,ARR,goo,0.0
1 (09-24),True,False,TORONTO,VANCOUVER,2025-09-24,47,Saskatoon,SASK,2025-09-26T16:02:00Z,2025-09-26T15:50:00Z,ARR,med,12.0
1 (09-24),True,False,TORONTO,VANCOUVER,2025-09-24,48,Biggar,BIGG,2025-09-26T19:10:29Z,2025-09-26T18:29:00Z,ARR,bad,41.0
1 (09-24),True,False,TORONTO,VANCOUVER,2025-09-24,49,Unity,UNIT,2025-09-26T20:52:34Z,2025-09-26T19:44:00Z,ARR,bad,68.0
1 (09-24),True,False,TORONTO,VANCOUVER,2025-09-24,50,Wainwright,WAIN,2025-09-26T22:45:37Z,2025-09-26T22:33:00Z,ARR,med,12.0
1 (09-24),True,False,TORONTO,VANCOUVER,2025-09-24,51,Viking,VKNG,2025-09-26T23:54:36Z,2025-09-26T23:26:00Z,ARR,bad,28.0
1 (09-24),True,False,TORONTO,VANCOUVER,2025-09-24,52,Edmonton,EDMO,2025-09-27T05:48:36Z,2025-09-27T02:50:00Z,ARR,bad,178.0
1 (09-24),True,False,TORONTO,VANCOUVER,2025-09-24,53,Evansburg,EVAN,2025-09-27T09:16:23Z,2025-09-27T07:29:00Z,ARR,bad,107.0
1 (09-24),True,False,TORONTO,VANCOUVER,2025-09-24,54,Edson,EDSN,2025-09-27T12:01:38Z,2025-09-27T08:52:00Z,ARR,bad,189.0
1 (09-24),True,False,TORONTO,VANCOUVER,2025-09-24,55,Hinton,HINT,2025-09-27T14:54:33Z,2025-09-27T09:58:00Z,ARR,bad,296.0
1 (09-24),True,False,TORONTO,VANCOUVER,2025-09-24,56,Jasper,JASP,2025-09-27T17:55:39Z,2025-09-27T12:30:00Z,ARR,bad,325.0
1 (09-24),True,False,TORONTO,VANCOUVER,2025-09-24,57,Valemount,VLMT,2025-09-27T22:14:19Z,2025-09-27T17:50:00Z,ARR,bad,264.0
1 (09-24),True,False,TORONTO,VANCOUVER,2025-09-24,58,Blue River,BLUE,2025-09-28T00:22:07Z,2025-09-27T20:36:00Z,ARR,bad,226.0
1 (09-24),True,False,TORONTO,VANCOUVER,2025-09-24,59,Clearwater,CLWT,2025-09-28T03:33:31Z,2025-09-27T22:45:00Z,ARR,bad,288.0
1 (09-24),True,False,TORONTO,VANCOUVER,2025-09-24,60,Kamloops North,KAMN,2025-09-28T06:03:08Z,2025-09-28T01:28:00Z,2h07,bad,275.0
1 (09-24),True,False,TORONTO,VANCOUVER,2025-09-24,61,Ashcroft,ASHN,2025-09-28T08:24:08Z,2025-09-28T03:49:00Z,4h28,bad,275.0
1 (09-24),True,False,TORONTO,VANCOUVER,2025-09-24,62,Boston Bar,BBAR,&mdash;,2025-09-28T06:36:00Z,&mdash;,,
1 (09-24),True,False,TORONTO,VANCOUVER,2025-09-24,63,Hope,HOPE,&mdash;,2025-09-28T08:06:00Z,&mdash;,,
1 (09-24),True,False,TORONTO,VANCOUVER,2025-09-24,64,Chilliwack,CHIL,&mdash;,2025-09-28T08:30:00Z,&mdash;,,
1 (09-24),True,False,TORONTO,VANCOUVER,2025-09-24,65,Abbotsford,ABBO,&mdash;,2025-09-28T09:00:00Z,&mdash;,,
1 (09-24),True,False,TORONTO,VANCOUVER,2025-09-24,66,Vancouver,VCVR,&mdash;,2025-09-28T15:00:00Z,&mdash;,,
692 (09-25),True,True,CHURCHILL,WINNIPEG,2025-09-25,0,Churchill,CHUR,2025-09-26T02:08:04Z,2025-09-26T01:30:00Z,ARR,bad,38.0
692 (09-25),True,True,CHURCHILL,WINNIPEG,2025-09-25,1,Tidal,TIDL,2025-09-26T02:37:06Z,2025-09-26T01:52:00Z,ARR,bad,45.0
692 (09-25),True,True,CHURCHILL,WINNIPEG,2025-09-25,2,Chesnaye,CHES,2025-09-26T03:34:20Z,2025-09-26T02:38:00Z,ARR,bad,56.0
692 (09-25),True,True,CHURCHILL,WINNIPEG,2025-09-25,3,M'Clintock,MCLI,2025-09-26T04:50:20Z,2025-09-26T03:54:00Z,ARR,bad,56.0
692 (09-25),True,True,CHURCHILL,WINNIPEG,2025-09-25,4,O'Day,ODAY,2025-09-26T05:35:20Z,2025-09-26T04:39:00Z,ARR,bad,56.0
692 (09-25),True,True,CHURCHILL,WINNIPEG,2025-09-25,5,Herchmer,HERC,2025-09-26T06:14:20Z,2025-09-26T05:18:00Z,ARR,bad,56.0
692 (09-25),True,True,CHURCHILL,WINNIPEG,2025-09-25,6,Thibaudeau,THIB,2025-09-26T07:40:20Z,2025-09-26T06:44:00Z,ARR,bad,56.0
692 (09-25),True,True,CHURCHILL,WINNIPEG,2025-09-25,7,Weir River,WEIR,2025-09-26T08:41:27Z,2025-09-26T07:46:00Z,ARR,bad,55.0
692 (09-25),True,True,CHURCHILL,WINNIPEG,2025-09-25,8,Amery,AMRY,2025-09-26T09:19:23Z,2025-09-26T08:37:00Z,ARR,bad,42.0
692 (09-25),True,True,CHURCHILL,WINNIPEG,2025-09-25,9,Bird,BIRD,2025-09-26T09:59:52Z,2025-09-26T09:00:00Z,ARR,bad,59.0
692 (09-25),True,True,CHURCHILL,WINNIPEG,2025-09-25,10,Gillam,GILL,2025-09-26T10:57:09Z,2025-09-26T10:00:00Z,ARR,bad,57.0
692 (09-25),True,True,CHURCHILL,WINNIPEG,2025-09-25,11,Wivenhoe,WVHO,2025-09-26T11:59:59Z,2025-09-26T11:16:00Z,ARR,bad,43.0
692 (09-25),True,True,CHURCHILL,WINNIPEG,2025-09-25,12,Ilford,ILFO,2025-09-26T12:48:35Z,2025-09-26T11:53:00Z,ARR,bad,55.0
692 (09-25),True,True,CHURCHILL,WINNIPEG,2025-09-25,13,Pit Siding,PITS,2025-09-26T14:13:05Z,2025-09-26T12:54:00Z,ARR,bad,79.0
692 (09-25),True,True,CHURCHILL,WINNIPEG,2025-09-25,14,Bridgar,BRGR,2025-09-26T15:35:05Z,2025-09-26T14:16:00Z,ARR,bad,79.0
692 (09-25),True,True,CHURCHILL,WINNIPEG,2025-09-25,15,Pikwitonei,PIKW,2025-09-26T15:47:35Z,2025-09-26T14:27:00Z,ARR,bad,80.0
692 (09-25),True,True,CHURCHILL,WINNIPEG,2025-09-25,16,Sipiwesk,SIPI,2025-09-26T16:27:13Z,2025-09-26T14:54:00Z,ARR,bad,93.0
692 (09-25),True,True,CHURCHILL,WINNIPEG,2025-09-25,17,Thompson,THOM,2025-09-26T19:33:38Z,2025-09-26T16:30:00Z,ARR,bad,183.0
692 (09-25),True,True,CHURCHILL,WINNIPEG,2025-09-25,18,Leven,LEVN,2025-09-26T22:46:38Z,2025-09-26T21:05:00Z,ARR,bad,101.0
692 (09-25),True,True,CHURCHILL,WINNIPEG,2025-09-25,19,Thicket Portage,THKP,2025-09-26T22:01:26Z,2025-09-26T21:22:00Z,ARR,bad,39.0
692 (09-25),True,True,CHURCHILL,WINNIPEG,2025-09-25,20,Hockin,HOCK,2025-09-26T22:19:15Z,2025-09-26T21:37:00Z,ARR,bad,42.0
692 (09-25),True,True,CHURCHILL,WINNIPEG,2025-09-25,21,Odhill,ODHI,2025-09-26T23:06:52Z,2025-09-26T22:21:00Z,ARR,bad,45.0
692 (09-25),True,True,CHURCHILL,WINNIPEG,2025-09-25,22,Lyddal,LYDD,2025-09-26T23:26:26Z,2025-09-26T22:43:00Z,ARR,bad,43.0
692 (09-25),True,True,CHURCHILL,WINNIPEG,2025-09-25,23,Wabowden,WBDN,2025-09-26T23:50:49Z,2025-09-26T23:11:00Z,ARR,bad,39.0
692 (09-25),True,True,CHURCHILL,WINNIPEG,2025-09-25,24,Pipun,PIPN,2025-09-27T00:15:23Z,2025-09-26T23:34:00Z,ARR,bad,41.0
692 (09-25),True,True,CHURCHILL,WINNIPEG,2025-09-25,25,Ponton,PNTN,2025-09-27T01:01:25Z,2025-09-27T00:17:00Z,ARR,bad,44.0
692 (09-25),True,True,CHURCHILL,WINNIPEG,2025-09-25,26,Turnbull,TURN,2025-09-27T01:29:04Z,2025-09-27T00:49:00Z,ARR,bad,40.0
692 (09-25),True,True,CHURCHILL,WINNIPEG,2025-09-25,27,Wekusko,WEKU,2025-09-27T01:52:07Z,2025-09-27T01:16:00Z,ARR,bad,36.0
692 (09-25),True,True,CHURCHILL,WINNIPEG,2025-09-25,28,Dyce,DYCE,2025-09-27T02:33:59Z,2025-09-27T02:00:00Z,ARR,bad,33.0
692 (09-25),True,True,CHURCHILL,WINNIPEG,2025-09-25,29,Dering,DERI,2025-09-27T03:12:59Z,2025-09-27T02:39:00Z,ARR,bad,33.0
692 (09-25),True,True,CHURCHILL,WINNIPEG,2025-09-25,30,Cormorant,CORM,2025-09-27T03:20:59Z,2025-09-27T02:47:00Z,ARR,bad,33.0
692 (09-25),True,True,CHURCHILL,WINNIPEG,2025-09-25,31,Halcrow,HALC,2025-09-27T03:21:43Z,2025-09-27T02:58:00Z,ARR,bad,23.0
692 (09-25),True,True,CHURCHILL,WINNIPEG,2025-09-25,32,Orok,OROK,2025-09-27T04:08:22Z,2025-09-27T03:52:00Z,ARR,bad,16.0
692 (09-25),True,True,CHURCHILL,WINNIPEG,2025-09-25,33,The Pas,TPAS,2025-09-27T04:42:33Z,2025-09-27T04:30:00Z,ARR,med,12.0
692 (09-25),True,True,CHURCHILL,WINNIPEG,2025-09-25,34,Hudson Bay,HBAY,2025-09-27T10:57:00Z,2025-09-27T10:27:00Z,ARR,bad,30.0
692 (09-25),True,True,CHURCHILL,WINNIPEG,2025-09-25,35,Reserve,RSRV,2025-09-27T11:39:00Z,2025-09-27T11:09:00Z,ARR,bad,30.0
692 (09-25),True,True,CHURCHILL,WINNIPEG,2025-09-25,36,Endeavour,ENDV,2025-09-27T12:25:00Z,2025-09-27T11:55:00Z,ARR,bad,30.0
692 (09-25),True,True,CHURCHILL,WINNIPEG,2025-09-25,37,Sturgis,STGS,2025-09-27T12:54:00Z,2025-09-27T12:24:00Z,ARR,bad,30.0
692 (09-25),True,True,CHURCHILL,WINNIPEG,2025-09-25,38,Canora,CANO,2025-09-27T13:38:00Z,2025-09-27T13:08:00Z,ARR,bad,30.0
692 (09-25),True,True,CHURCHILL,WINNIPEG,2025-09-25,39,Mikado,MIKA,2025-09-27T14:00:00Z,2025-09-27T13:30:00Z,ARR,bad,30.0
692 (09-25),True,True,CHURCHILL,WINNIPEG,2025-09-25,40,Veregin,VERE,2025-09-27T14:13:00Z,2025-09-27T13:43:00Z,ARR,bad,30.0
692 (09-25),True,True,CHURCHILL,WINNIPEG,2025-09-25,41,Kamsack,KAMS,2025-09-27T14:28:00Z,2025-09-27T13:58:00Z,ARR,bad,30.0
692 (09-25),True,True,CHURCHILL,WINNIPEG,2025-09-25,42,Togo,TOGO,2025-09-27T15:07:00Z,2025-09-27T14:37:00Z,ARR,bad,30.0
692 (09-25),True,True,CHURCHILL,WINNIPEG,2025-09-25,43,Roblin,RBLN,2025-09-27T15:44:00Z,2025-09-27T15:14:00Z,ARR,bad,30.0
692 (09-25),True,True,CHURCHILL,WINNIPEG,2025-09-25,44,Grandview,GVIE,2025-09-27T16:42:09Z,2025-09-27T16:12:00Z,ARR,bad,30.0
692 (09-25),True,True,CHURCHILL,WINNIPEG,2025-09-25,45,Gilbert Plains,GLBP,2025-09-27T17:00:59Z,2025-09-27T16:32:00Z,ARR,bad,28.0
692 (09-25),True,True,CHURCHILL,WINNIPEG,2025-09-25,46,Dauphin,DAUP,2025-09-27T17:38:54Z,2025-09-27T16:56:00Z,ARR,bad,42.0
692 (09-25),True,True,CHURCHILL,WINNIPEG,2025-09-25,47,Ochre River,OCHR,2025-09-27T18:13:54Z,2025-09-27T17:20:00Z,ARR,bad,53.0
692 (09-25),True,True,CHURCHILL,WINNIPEG,2025-09-25,48,Laurier,LRIE,2025-09-27T18:35:09Z,2025-09-27T17:38:00Z,ARR,bad,57.0
692 (09-25),True,True,CHURCHILL,WINNIPEG,2025-09-25,49,Mccreary,MCCR,2025-09-27T18:55:05Z,2025-09-27T17:54:00Z,ARR,bad,61.0
692 (09-25),True,True,CHURCHILL,WINNIPEG,2025-09-25,50,Glenella,GLNA,2025-09-27T19:33:58Z,2025-09-27T18:34:00Z,ARR,bad,59.0
692 (09-25),True,True,CHURCHILL,WINNIPEG,2025-09-25,51,Plumas,PLUM,2025-09-27T20:01:01Z,2025-09-27T19:06:00Z,ARR,bad,55.0
692 (09-25),True,True,CHURCHILL,WINNIPEG,2025-09-25,52,Gladstone,GSTO,2025-09-27T20:33:01Z,2025-09-27T19:51:00Z,ARR,bad,42.0
692 (09-25),True,True,CHURCHILL,WINNIPEG,2025-09-25,53,Portage La Prairie,PLPX,2025-09-27T21:20:04Z,2025-09-27T20:37:00Z,ARR,bad,43.0
692 (09-25),True,True,CHURCHILL,WINNIPEG,2025-09-25,54,Winnipeg,WNPG,2025-09-27T22:20:48Z,2025-09-27T21:45:00Z,ARR,bad,35.0
2 (09-26),True,False,VANCOUVER,TORONTO,2025-09-26,0,Vancouver,VCVR,2025-09-26T22:00:00Z,2025-09-26T22:00:00Z,ARR,goo,0.0
2 (09-26),True,False,VANCOUVER,TORONTO,2025-09-26,1,Mission Harbour,MSNH,2025-09-27T00:22:21Z,2025-09-26T23:35:00Z,ARR,bad,47.0
2 (09-26),True,False,VANCOUVER,TORONTO,2025-09-26,2,Agassiz,AGAS,2025-09-27T01:09:22Z,2025-09-27T00:03:00Z,ARR,bad,66.0
2 (09-26),True,False,VANCOUVER,TORONTO,2025-09-26,3,Katz,KATZ,2025-09-27T01:31:08Z,2025-09-27T00:17:00Z,ARR,bad,74.0
2 (09-26),True,False,VANCOUVER,TORONTO,2025-09-26,4,North Bend,NBND,2025-09-27T03:41:43Z,2025-09-27T02:46:00Z,ARR,bad,55.0
2 (09-26),True,False,VANCOUVER,TORONTO,2025-09-26,5,Ashcroft,ASHN,2025-09-27T06:28:48Z,2025-09-27T05:32:00Z,ARR,bad,56.0
2 (09-26),True,False,VANCOUVER,TORONTO,2025-09-26,6,Kamloops North,KAMN,2025-09-27T08:26:42Z,2025-09-27T07:17:00Z,ARR,bad,69.0
2 (09-26),True,False,VANCOUVER,TORONTO,2025-09-26,7,Clearwater,CLWT,2025-09-27T11:08:56Z,2025-09-27T09:58:00Z,ARR,bad,70.0
2 (09-26),True,False,VANCOUVER,TORONTO,2025-09-26,8,Blue River,BLUE,2025-09-27T13:06:24Z,2025-09-27T12:11:00Z,ARR,bad,55.0
2 (09-26),True,False,VANCOUVER,TORONTO,2025-09-26,9,Valemount,VLMT,2025-09-27T15:36:49Z,2025-09-27T14:01:00Z,ARR,bad,95.0
2 (09-26),True,False,VANCOUVER,TORONTO,2025-09-26,10,Jasper,JASP,2025-09-27T18:31:02Z,2025-09-27T17:00:00Z,ARR,bad,91.0
2 (09-26),True,False,VANCOUVER,TORONTO,2025-09-26,11,Hinton,HINT,2025-09-27T23:03:01Z,2025-09-27T19:45:00Z,ARR,bad,198.0
2 (09-26),True,False,VANCOUVER,TORONTO,2025-09-26,12,Edson,EDSN,2025-09-28T00:27:28Z,2025-09-27T21:19:00Z,ARR,bad,188.0
2 (09-26),True,False,VANCOUVER,TORONTO,2025-09-26,13,Evansburg,EVAN,2025-09-28T01:50:10Z,2025-09-27T22:28:00Z,ARR,bad,202.0
2 (09-26),True,False,VANCOUVER,TORONTO,2025-09-26,14,Edmonton,EDMO,2025-09-28T03:36:28Z,2025-09-28T00:50:00Z,ARR,bad,166.0
2 (09-26),True,False,VANCOUVER,TORONTO,2025-09-26,15,Viking,VKNG,2025-09-28T06:39:16Z,2025-09-28T03:53:00Z,2h43,bad,166.0
2 (09-26),True,False,VANCOUVER,TORONTO,2025-09-26,16,Wainwright,WAIN,2025-09-28T09:00:16Z,2025-09-28T06:14:00Z,5h04,bad,166.0
2 (09-26),True,False,VANCOUVER,TORONTO,2025-09-26,17,Unity,UNIT,&mdash;,2025-09-28T07:47:00Z,&mdash;,,
2 (09-26),True,False,VANCOUVER,TORONTO,2025-09-26,18,Biggar,BIGG,&mdash;,2025-09-28T09:21:00Z,&mdash;,,
2 (09-26),True,False,VANCOUVER,TORONTO,2025-09-26,19,Saskatoon,SASK,&mdash;,2025-09-28T11:57:00Z,&mdash;,,
2 (09-26),True,False,VANCOUVER,TORONTO,2025-09-26,20,Watrous,WATR,&mdash;,2025-09-28T14:26:00Z,&mdash;,,
692 (09-27),True,False,CHURCHILL,WINNIPEG,2025-09-27,0,Churchill,CHUR,2025-09-28T01:30:00Z,2025-09-28T01:30:00Z,ARR,goo,0.0
692 (09-27),True,False,CHURCHILL,WINNIPEG,2025-09-27,1,Tidal,TIDL,2025-09-28T01:55:20Z,2025-09-28T01:52:00Z,ARR,goo,3.0
692 (09-27),True,False,CHURCHILL,WINNIPEG,2025-09-27,2,Chesnaye,CHES,2025-09-28T02:48:13Z,2025-09-28T02:38:00Z,ARR,med,10.0
692 (09-27),True,False,CHURCHILL,WINNIPEG,2025-09-27,3,M'Clintock,MCLI,2025-09-28T04:04:13Z,2025-09-28T03:54:00Z,8 mins,med,10.0
692 (09-27),True,False,CHURCHILL,WINNIPEG,2025-09-27,4,O'Day,ODAY,2025-09-28T04:49:13Z,2025-09-28T04:39:00Z,53 mins,med,10.0
692 (09-27),True,False,CHURCHILL,WINNIPEG,2025-09-27,5,Herchmer,HERC,2025-09-28T05:28:13Z,2025-09-28T05:18:00Z,1h32,med,10.0
692 (09-27),True,False,CHURCHILL,WINNIPEG,2025-09-27,6,Thibaudeau,THIB,2025-09-28T06:54:13Z,2025-09-28T06:44:00Z,2h58,med,10.0
692 (09-27),True,False,CHURCHILL,WINNIPEG,2025-09-27,7,Weir River,WEIR,2025-09-28T07:56:13Z,2025-09-28T07:46:00Z,4h00,med,10.0
692 (09-27),True,False,CHURCHILL,WINNIPEG,2025-09-27,8,Amery,AMRY,2025-09-28T08:47:13Z,2025-09-28T08:37:00Z,4h51,med,10.0
692 (09-27),True,False,CHURCHILL,WINNIPEG,2025-09-27,9,Bird,BIRD,2025-09-28T09:10:13Z,2025-09-28T09:00:00Z,5h14,med,10.0
692 (09-27),True,False,CHURCHILL,WINNIPEG,2025-09-27,10,Gillam,GILL,2025-09-28T10:10:13Z,2025-09-28T10:00:00Z,6h14,med,10.0
692 (09-27),True,False,CHURCHILL,WINNIPEG,2025-09-27,11,Wivenhoe,WVHO,2025-09-28T11:26:13Z,2025-09-28T11:16:00Z,7h30,med,10.0
692 (09-27),True,False,CHURCHILL,WINNIPEG,2025-09-27,12,Ilford,ILFO,2025-09-28T12:03:13Z,2025-09-28T11:53:00Z,8h07,med,10.0
692 (09-27),True,False,CHURCHILL,WINNIPEG,2025-09-27,13,Pit Siding,PITS,2025-09-28T13:04:13Z,2025-09-28T12:54:00Z,9h08,med,10.0
692 (09-27),True,False,CHURCHILL,WINNIPEG,2025-09-27,14,Bridgar,BRGR,2025-09-28T14:26:13Z,2025-09-28T14:16:00Z,10h30,med,10.0
692 (09-27),True,False,CHURCHILL,WINNIPEG,2025-09-27,15,Pikwitonei,PIKW,2025-09-28T14:37:13Z,2025-09-28T14:27:00Z,10h41,med,10.0
692 (09-27),True,False,CHURCHILL,WINNIPEG,2025-09-27,16,Sipiwesk,SIPI,2025-09-28T15:04:13Z,2025-09-28T14:54:00Z,11h08,med,10.0
692 (09-27),True,False,CHURCHILL,WINNIPEG,2025-09-27,17,Thompson,THOM,2025-09-28T16:40:13Z,2025-09-28T16:30:00Z,12h44,med,10.0
15,True,True,HALIFAX,MONTRÉAL,2025-09-26,0,Halifax,HLFX,2025-09-26T14:31:42Z,2025-09-26T14:30:00Z,ARR,goo,1.0
15,True,True,HALIFAX,MONTRÉAL,2025-09-26,1,Truro,TRUR,2025-09-26T16:40:18Z,2025-09-26T15:56:00Z,ARR,bad,44.0
15,True,True,HALIFAX,MONTRÉAL,2025-09-26,2,Springhill Jct,SPRJ,2025-09-26T17:55:08Z,2025-09-26T17:11:00Z,ARR,bad,44.0
15,True,True,HALIFAX,MONTRÉAL,2025-09-26,3,Amherst,AMHS,2025-09-26T18:15:59Z,2025-09-26T17:34:00Z,ARR,bad,41.0
15,True,True,HALIFAX,MONTRÉAL,2025-09-26,4,Sackville,SACK,2025-09-26T18:38:14Z,2025-09-26T17:50:00Z,ARR,bad,48.0
15,True,True,HALIFAX,MONTRÉAL,2025-09-26,5,Moncton,MCTN,2025-09-26T19:23:52Z,2025-09-26T18:44:00Z,ARR,bad,39.0
15,True,True,HALIFAX,MONTRÉAL,2025-09-26,6,Rogersville,RGRV,2025-09-26T21:09:05Z,2025-09-26T20:08:00Z,ARR,bad,61.0
15,True,True,HALIFAX,MONTRÉAL,2025-09-26,7,Miramichi,MIRA,2025-09-26T22:01:21Z,2025-09-26T20:59:00Z,ARR,bad,62.0
15,True,True,HALIFAX,MONTRÉAL,2025-09-26,8,Bathurst,BTRS,2025-09-26T23:46:02Z,2025-09-26T22:55:00Z,ARR,bad,51.0
15,True,True,HALIFAX,MONTRÉAL,2025-09-26,9,Petit Rocher,PROC,2025-09-27T00:07:12Z,2025-09-26T23:22:00Z,ARR,bad,45.0
15,True,True,HALIFAX,MONTRÉAL,2025-09-26,10,Jacquet River,JACR,2025-09-27T00:35:04Z,2025-09-26T23:44:01Z,ARR,bad,51.0
15,True,True,HALIFAX,MONTRÉAL,2025-09-26,11,Charlo,CHLO,2025-09-27T01:11:11Z,2025-09-27T00:07:00Z,ARR,bad,64.0
15,True,True,HALIFAX,MONTRÉAL,2025-09-26,12,Campbellton,CBTN,2025-09-27T02:01:24Z,2025-09-27T01:10:00Z,ARR,bad,51.0
15,True,True,HALIFAX,MONTRÉAL,2025-09-26,13,Matapedia,MTPD,2025-09-27T02:44:55Z,2025-09-27T01:52:00Z,ARR,bad,52.0
15,True,True,HALIFAX,MONTRÉAL,2025-09-26,14,Causapscal,CAUS,2025-09-27T03:49:56Z,2025-09-27T02:41:00Z,ARR,bad,68.0
15,True,True,HALIFAX,MONTRÉAL,2025-09-26,15,Amqui,AMQU,2025-09-27T04:21:21Z,2025-09-27T03:01:00Z,ARR,bad,80.0
15,True,True,HALIFAX,MONTRÉAL,2025-09-26,16,Sayabec,SAYA,2025-09-27T04:54:57Z,2025-09-27T03:23:00Z,ARR,bad,91.0
15,True,True,HALIFAX,MONTRÉAL,2025-09-26,17,Mont-Joli,MJLI,2025-09-27T06:03:12Z,2025-09-27T04:53:00Z,ARR,bad,70.0
15,True,True,HALIFAX,MONTRÉAL,2025-09-26,18,Rimouski,RMSK,2025-09-27T06:28:35Z,2025-09-27T05:24:00Z,ARR,bad,64.0
15,True,True,HALIFAX,MONTRÉAL,2025-09-26,19,Trois Pistoles,TPIS,2025-09-27T07:38:15Z,2025-09-27T06:29:00Z,ARR,bad,69.0
15,True,True,HALIFAX,MONTRÉAL,2025-09-26,20,Rivière-Du-Loup,RDLX,2025-09-27T08:22:33Z,2025-09-27T07:16:00Z,ARR,bad,66.0
15,True,True,HALIFAX,MONTRÉAL,2025-09-26,21,La Pocatière,LPOC,2025-09-27T09:07:56Z,2025-09-27T08:05:00Z,ARR,bad,62.0
15,True,True,HALIFAX,MONTRÉAL,2025-09-26,22,Montmagny,MMGY,2025-09-27T09:36:17Z,2025-09-27T08:39:00Z,ARR,bad,57.0
15,True,True,HALIFAX,MONTRÉAL,2025-09-26,23,Ste-Foy,SFOY,2025-09-27T10:47:04Z,2025-09-27T10:13:00Z,ARR,bad,34.0
15,True,True,HALIFAX,MONTRÉAL,2025-09-26,24,Drummondville,DRMV,2025-09-27T12:45:09Z,2025-09-27T12:20:00Z,ARR,bad,25.0
15,True,True,HALIFAX,MONTRÉAL,2025-09-26,25,St. Hyacinthe,SHYA,2025-09-27T13:28:49Z,2025-09-27T13:00:00Z,ARR,bad,28.0
15,True,True,HALIFAX,MONTRÉAL,2025-09-26,26,St. Lambert,SLAM,2025-09-27T14:00:09Z,2025-09-27T13:34:00Z,ARR,bad,26.0
15,True,True,HALIFAX,MONTRÉAL,2025-09-26,27,Montréal,MTRL,2025-09-27T14:23:17Z,2025-09-27T13:53:00Z,ARR,bad,30.0
6,True,True,PRINCE RUPERT,JASPER,2025-09-26,0,Prince Rupert,PRUP,2025-09-26T15:00:00Z,2025-09-26T15:00:00Z,ARR,goo,0.0
6,True,True,PRINCE RUPERT,JASPER,2025-09-26,1,Cassiar Cannery,CASS,2025-09-26T15:33:27Z,2025-09-26T15:20:00Z,ARR,med,13.0
6,True,True,PRINCE RUPERT,JASPER,2025-09-26,2,Kwinitsa,KWIN,2025-09-26T16:30:12Z,2025-09-26T16:17:00Z,ARR,med,13.0
6,True,True,PRINCE RUPERT,JASPER,2025-09-26,3,Terrace,TRRC,2025-09-26T17:45:10Z,2025-09-26T17:20:00Z,ARR,bad,25.0
6,True,True,PRINCE RUPERT,JASPER,2025-09-26,4,Usk,USKX,2025-09-26T18:10:35Z,2025-09-26T17:48:00Z,ARR,bad,22.0
6,True,True,PRINCE RUPERT,JASPER,2025-09-26,5,Pacific,PACI,2025-09-26T18:27:34Z,2025-09-26T18:07:00Z,ARR,bad,20.0
6,True,True,PRINCE RUPERT,JASPER,2025-09-26,6,Dorreen,DORR,2025-09-26T18:38:51Z,2025-09-26T18:19:00Z,ARR,bad,19.0
6,True,True,PRINCE RUPERT,JASPER,2025-09-26,7,Cedarvale,CEDA,2025-09-26T18:57:56Z,2025-09-26T18:44:00Z,ARR,med,13.0
6,True,True,PRINCE RUPERT,JASPER,2025-09-26,8,Kitwanga,KITW,2025-09-26T19:15:56Z,2025-09-26T18:48:01Z,ARR,bad,27.0
6,True,True,PRINCE RUPERT,JASPER,2025-09-26,9,New Hazelton,NHAZ,2025-09-26T20:02:59Z,2025-09-26T19:30:00Z,ARR,bad,32.0
6,True,True,PRINCE RUPERT,JASPER,2025-09-26,10,Smithers,SMTR,2025-09-26T21:12:06Z,2025-09-26T21:14:00Z,ARR,goo,-1.0
6,True,True,PRINCE RUPERT,JASPER,2025-09-26,11,Telkwa,TELK,2025-09-26T21:41:24Z,2025-09-26T21:37:00Z,ARR,goo,4.0
6,True,True,PRINCE RUPERT,JASPER,2025-09-26,12,Houston,HOUS,2025-09-26T22:20:53Z,2025-09-26T22:22:00Z,ARR,goo,-1.0
6,True,True,PRINCE RUPERT,JASPER,2025-09-26,13,Burns Lake,BRNL,2025-09-26T23:34:47Z,2025-09-26T23:32:00Z,ARR,goo,2.0
6,True,True,PRINCE RUPERT,JASPER,2025-09-26,14,Endako,ENDA,2025-09-27T00:21:14Z,2025-09-27T00:25:00Z,ARR,goo,-3.0
6,True,True,PRINCE RUPERT,JASPER,2025-09-26,15,Fort Fraser,FFRA,2025-09-27T01:07:28Z,2025-09-27T00:57:00Z,ARR,med,10.0
6,True,True,PRINCE RUPERT,JASPER,2025-09-26,16,Vanderhoof,VDRH,2025-09-27T01:39:12Z,2025-09-27T01:35:00Z,ARR,goo,4.0
6,True,True,PRINCE RUPERT,JASPER,2025-09-26,17,Prince George,PGEO,2025-09-27T03:42:21Z,2025-09-27T03:29:00Z,ARR,med,13.0
6,True,True,PRINCE RUPERT,JASPER,2025-09-26,18,Willow River,WILR,2025-09-27T15:48:00Z,2025-09-27T15:48:00Z,ARR,goo,0.0
6,True,True,PRINCE RUPERT,JASPER,2025-09-26,19,Aleza Lake,ALZL,2025-09-27T16:01:10Z,2025-09-27T16:17:00Z,ARR,goo,-15.0
6,True,True,PRINCE RUPERT,JASPER,2025-09-26,20,Upper Fraser,UFRZ,2025-09-27T16:25:00Z,2025-09-27T16:25:00Z,ARR,goo,0.0
6,True,True,PRINCE RUPERT,JASPER,2025-09-26,21,Mcgregor,MCGR,2025-09-27T16:33:00Z,2025-09-27T16:33:00Z,ARR,goo,0.0
6,True,True,PRINCE RUPERT,JASPER,2025-09-26,22,Sinclair Mills,SINM,2025-09-27T16:24:13Z,2025-09-27T16:44:00Z,ARR,goo,-19.0
6,True,True,PRINCE RUPERT,JASPER,2025-09-26,23,Hutton,HUTT,2025-09-27T16:29:49Z,2025-09-27T16:48:00Z,ARR,goo,-18.0
6,True,True,PRINCE RUPERT,JASPER,2025-09-26,24,Longworth,LWTH,2025-09-27T16:42:09Z,2025-09-27T16:59:00Z,ARR,goo,-16.0
6,True,True,PRINCE RUPERT,JASPER,2025-09-26,25,Penny,PENN,2025-09-27T17:13:00Z,2025-09-27T17:13:00Z,ARR,goo,0.0
6,True,True,PRINCE RUPERT,JASPER,2025-09-26,26,Bend,BEND,2025-09-27T17:32:00Z,2025-09-27T17:32:00Z,ARR,goo,0.0
6,True,True,PRINCE RUPERT,JASPER,2025-09-26,27,Dome Creek,DOMC,2025-09-27T17:33:07Z,2025-09-27T17:33:07Z,ARR,goo,0.0
6,True,True,PRINCE RUPERT,JASPER,2025-09-26,28,Loos,LOOS,2025-09-27T17:40:03Z,2025-09-27T18:07:00Z,ARR,goo,-26.0
6,True,True,PRINCE RUPERT,JASPER,2025-09-26,29,Goat River,GOAT,2025-09-27T17:54:05Z,2025-09-27T18:22:00Z,ARR,goo,-27.0
6,True,True,PRINCE RUPERT,JASPER,2025-09-26,30,Mcbride,MCBR,2025-09-27T19:08:02Z,2025-09-27T19:18:00Z,ARR,goo,-9.0
6,True,True,PRINCE RUPERT,JASPER,2025-09-26,31,Dunster,DNST,2025-09-27T19:35:59Z,2025-09-27T19:35:00Z,ARR,goo,0.0
6,True,True,PRINCE RUPERT,JASPER,2025-09-26,32,Harvey,HRVY,2025-09-27T20:08:11Z,2025-09-27T20:24:00Z,ARR,goo,-15.0
6,True,True,PRINCE RUPERT,JASPER,2025-09-26,33,Jasper,JASP,2025-09-27T22:55:25Z,2025-09-27T23:00:00Z,ARR,goo,-4.0
691,True,True,THE PAS,CHURCHILL,2025-09-26,0,The Pas,TPAS,2025-09-26T07:30:00Z,2025-09-26T07:30:00Z,ARR,goo,0.0
691,True,True,THE PAS,CHURCHILL,2025-09-26,1,Orok,OROK,2025-09-26T08:06:17Z,2025-09-26T08:07:00Z,ARR,goo,0.0
691,True,True,THE PAS,CHURCHILL,2025-09-26,2,Halcrow,HALC,2025-09-26T08:52:13Z,2025-09-26T09:01:00Z,ARR,goo,-8.0
691,True,True,THE PAS,CHURCHILL,2025-09-26,3,Cormorant,CORM,2025-09-26T09:12:00Z,2025-09-26T09:12:00Z,ARR,goo,0.0
691,True,True,THE PAS,CHURCHILL,2025-09-26,4,Dering,DERI,2025-09-26T09:20:00Z,2025-09-26T09:20:00Z,ARR,goo,0.0
691,True,True,THE PAS,CHURCHILL,2025-09-26,5,Dyce,DYCE,2025-09-26T09:40:48Z,2025-09-26T09:59:00Z,ARR,goo,-18.0
691,True,True,THE PAS,CHURCHILL,2025-09-26,6,Wekusko,WEKU,2025-09-26T10:21:34Z,2025-09-26T10:43:00Z,ARR,goo,-21.0
691,True,True,THE PAS,CHURCHILL,2025-09-26,7,Turnbull,TURN,2025-09-26T10:44:53Z,2025-09-26T11:10:00Z,ARR,goo,-25.0
691,True,True,THE PAS,CHURCHILL,2025-09-26,8,Ponton,PNTN,2025-09-26T11:12:18Z,2025-09-26T11:42:00Z,ARR,goo,-29.0
691,True,True,THE PAS,CHURCHILL,2025-09-26,9,Pipun,PIPN,2025-09-26T11:57:24Z,2025-09-26T12:25:00Z,ARR,goo,-27.0
691,True,True,THE PAS,CHURCHILL,2025-09-26,10,Wabowden,WBDN,2025-09-26T12:11:42Z,2025-09-26T12:48:00Z,ARR,goo,-36.0
691,True,True,THE PAS,CHURCHILL,2025-09-26,11,Lyddal,LYDD,2025-09-26T13:04:25Z,2025-09-26T13:16:00Z,ARR,goo,-11.0
691,True,True,THE PAS,CHURCHILL,2025-09-26,12,Odhill,ODHI,2025-09-26T13:23:21Z,2025-09-26T13:38:00Z,ARR,goo,-14.0
691,True,True,THE PAS,CHURCHILL,2025-09-26,13,Hockin,HOCK,2025-09-26T14:02:51Z,2025-09-26T14:22:00Z,ARR,goo,-19.0
691,True,True,THE PAS,CHURCHILL,2025-09-26,14,Thicket Portage,THKP,2025-09-26T14:37:00Z,2025-09-26T14:37:00Z,ARR,goo,0.0
691,True,True,THE PAS,CHURCHILL,2025-09-26,15,Leven,LEVN,2025-09-26T14:44:55Z,2025-09-26T14:54:00Z,ARR,goo,-9.0
691,True,True,THE PAS,CHURCHILL,2025-09-26,16,Thompson,THOM,2025-09-26T18:17:36Z,2025-09-26T17:00:00Z,ARR,bad,77.0
691,True,True,THE PAS,CHURCHILL,2025-09-26,17,Sipiwesk,SIPI,2025-09-26T23:22:24Z,2025-09-26T23:35:00Z,ARR,goo,-12.0
691,True,True,THE PAS,CHURCHILL,2025-09-26,18,Pikwitonei,PIKW,2025-09-27T00:02:00Z,2025-09-27T00:02:00Z,ARR,goo,0.0
691,True,True,THE PAS,CHURCHILL,2025-09-26,19,Bridgar,BRGR,2025-09-27T00:13:00Z,2025-09-27T00:13:00Z,ARR,goo,0.0
691,True,True,THE PAS,CHURCHILL,2025-09-26,20,Pit Siding,PITS,2025-09-27T01:35:00Z,2025-09-27T01:35:00Z,ARR,goo,0.0
691,True,True,THE PAS,CHURCHILL,2025-09-26,21,Ilford,ILFO,2025-09-27T02:39:47Z,2025-09-27T02:36:00Z,ARR,goo,3.0
691,True,True,THE PAS,CHURCHILL,2025-09-26,22,Wivenhoe,WVHO,2025-09-27T03:31:35Z,2025-09-27T03:13:00Z,ARR,bad,18.0
691,True,True,THE PAS,CHURCHILL,2025-09-26,23,Gillam,GILL,2025-09-27T04:24:44Z,2025-09-27T04:00:01Z,ARR,bad,24.0
691,True,True,THE PAS,CHURCHILL,2025-09-26,24,Bird,BIRD,2025-09-27T05:37:46Z,2025-09-27T05:29:00Z,ARR,med,8.0
691,True,True,THE PAS,CHURCHILL,2025-09-26,25,Amery,AMRY,2025-09-27T06:12:43Z,2025-09-27T05:51:00Z,ARR,bad,21.0
691,True,True,THE PAS,CHURCHILL,2025-09-26,26,Weir River,WEIR,2025-09-27T07:11:33Z,2025-09-27T06:43:00Z,ARR,bad,28.0
691,True,True,THE PAS,CHURCHILL,2025-09-26,27,Thibaudeau,THIB,2025-09-27T08:00:55Z,2025-09-27T08:00:00Z,ARR,goo,0.0
691,True,True,THE PAS,CHURCHILL,2025-09-26,28,Herchmer,HERC,2025-09-27T09:26:55Z,2025-09-27T09:26:00Z,ARR,goo,0.0
691,True,True,THE PAS,CHURCHILL,2025-09-26,29,O'Day,ODAY,2025-09-27T10:05:55Z,2025-09-27T10:05:00Z,ARR,goo,0.0
691,True,True,THE PAS,CHURCHILL,2025-09-26,30,M'Clintock,MCLI,2025-09-27T10:50:55Z,2025-09-27T10:50:00Z,ARR,goo,0.0
691,True,True,THE PAS,CHURCHILL,2025-09-26,31,Chesnaye,CHES,2025-09-27T12:06:55Z,2025-09-27T12:06:00Z,ARR,goo,0.0
691,True,True,THE PAS,CHURCHILL,2025-09-26,32,Tidal,TIDL,2025-09-27T12:40:13Z,2025-09-27T13:37:00Z,ARR,goo,-56.0
691,True,True,THE PAS,CHURCHILL,2025-09-26,33,Churchill,CHUR,2025-09-27T13:35:42Z,2025-09-27T14:00:00Z,ARR,goo,-24.0
5,True,True,JASPER,PRINCE RUPERT,2025-09-26,0,Jasper,JASP,2025-09-26T16:45:00Z,2025-09-26T16:45:00Z,ARR,goo,0.0
5,True,True,JASPER,PRINCE RUPERT,2025-09-26,1,Harvey,HRVY,2025-09-26T18:31:26Z,2025-09-26T18:38:00Z,ARR,goo,-6.0
5,True,True,JASPER,PRINCE RUPERT,2025-09-26,2,Dunster,DNST,2025-09-26T19:02:04Z,2025-09-26T19:12:00Z,ARR,goo,-9.0
5,True,True,JASPER,PRINCE RUPERT,2025-09-26,3,Mcbride,MCBR,2025-09-26T20:24:01Z,2025-09-26T19:44:00Z,ARR,bad,40.0
5,True,True,JASPER,PRINCE RUPERT,2025-09-26,4,Goat River,GOAT,2025-09-26T22:21:22Z,2025-09-26T20:41:00Z,ARR,bad,100.0
5,True,True,JASPER,PRINCE RUPERT,2025-09-26,5,Loos,LOOS,2025-09-26T22:38:22Z,2025-09-26T20:58:00Z,ARR,bad,100.0
5,True,True,JASPER,PRINCE RUPERT,2025-09-26,6,Dome Creek,DOMC,2025-09-26T23:17:26Z,2025-09-26T21:32:00Z,ARR,bad,105.0
5,True,True,JASPER,PRINCE RUPERT,2025-09-26,7,Bend,BEND,2025-09-26T23:19:34Z,2025-09-26T21:36:00Z,ARR,bad,103.0
5,True,True,JASPER,PRINCE RUPERT,2025-09-26,8,Penny,PENN,2025-09-26T23:36:54Z,2025-09-26T21:56:00Z,ARR,bad,100.0
5,True,True,JASPER,PRINCE RUPERT,2025-09-26,9,Longworth,LWTH,2025-09-26T23:48:39Z,2025-09-26T22:11:00Z,ARR,bad,97.0
5,True,True,JASPER,PRINCE RUPERT,2025-09-26,10,Hutton,HUTT,2025-09-27T00:01:39Z,2025-09-26T22:24:00Z,ARR,bad,97.0
5,True,True,JASPER,PRINCE RUPERT,2025-09-26,11,Sinclair Mills,SINM,2025-09-27T00:07:39Z,2025-09-26T22:30:00Z,ARR,bad,97.0
5,True,True,JASPER,PRINCE RUPERT,2025-09-26,12,Mcgregor,MCGR,2025-09-27T00:20:26Z,2025-09-26T22:43:00Z,ARR,bad,97.0
5,True,True,JASPER,PRINCE RUPERT,2025-09-26,13,Upper Fraser,UFRZ,2025-09-27T00:29:26Z,2025-09-26T22:52:00Z,ARR,bad,97.0
5,True,True,JASPER,PRINCE RUPERT,2025-09-26,14,Aleza Lake,ALZL,2025-09-27T00:33:00Z,2025-09-26T23:01:00Z,ARR,bad,92.0
5,True,True,JASPER,PRINCE RUPERT,2025-09-26,15,Willow River,WILR,2025-09-27T00:55:48Z,2025-09-26T23:31:00Z,ARR,bad,84.0
5,True,True,JASPER,PRINCE RUPERT,2025-09-26,16,Prince George,PGEO,2025-09-27T01:24:07Z,2025-09-27T00:08:00Z,ARR,bad,76.0
5,True,True,JASPER,PRINCE RUPERT,2025-09-26,17,Vanderhoof,VDRH,2025-09-27T16:55:00Z,2025-09-27T16:55:00Z,ARR,goo,0.0
5,True,True,JASPER,PRINCE RUPERT,2025-09-26,18,Fort Fraser,FFRA,2025-09-27T17:29:06Z,2025-09-27T17:32:00Z,ARR,goo,-2.0
5,True,True,JASPER,PRINCE RUPERT,2025-09-26,19,Endako,ENDA,2025-09-27T17:56:38Z,2025-09-27T17:50:00Z,ARR,med,6.0
5,True,True,JASPER,PRINCE RUPERT,2025-09-26,20,Burns Lake,BRNL,2025-09-27T18:43:24Z,2025-09-27T18:58:00Z,ARR,goo,-14.0
5,True,True,JASPER,PRINCE RUPERT,2025-09-26,21,Houston,HOUS,2025-09-27T20:01:46Z,2025-09-27T20:08:00Z,ARR,goo,-6.0
5,True,True,JASPER,PRINCE RUPERT,2025-09-26,22,Telkwa,TELK,2025-09-27T21:00:57Z,2025-09-27T20:52:00Z,ARR,med,8.0
5,True,True,JASPER,PRINCE RUPERT,2025-09-26,23,Smithers,SMTR,2025-09-27T21:12:31Z,2025-09-27T21:10:00Z,ARR,goo,2.0
5,True,True,JASPER,PRINCE RUPERT,2025-09-26,24,New Hazelton,NHAZ,2025-09-27T22:31:34Z,2025-09-27T22:37:00Z,ARR,goo,-5.0
5,True,True,JASPER,PRINCE RUPERT,2025-09-26,25,Kitwanga,KITW,2025-09-27T23:16:27Z,2025-09-27T23:27:00Z,ARR,goo,-10.0
5,True,True,JASPER,PRINCE RUPERT,2025-09-26,26,Cedarvale,CEDA,2025-09-27T23:37:37Z,2025-09-27T23:51:00Z,ARR,goo,-13.0
5,True,True,JASPER,PRINCE RUPERT,2025-09-26,27,Dorreen,DORR,2025-09-27T23:56:37Z,2025-09-28T00:12:00Z,ARR,goo,-15.0
5,True,True,JASPER,PRINCE RUPERT,2025-09-26,28,Pacific,PACI,2025-09-28T00:03:49Z,2025-09-28T00:21:00Z,ARR,goo,-17.0
5,True,True,JASPER,PRINCE RUPERT,2025-09-26,29,Usk,USKX,2025-09-28T00:20:01Z,2025-09-28T00:40:00Z,ARR,goo,-19.0
5,True,True,JASPER,PRINCE RUPERT,2025-09-26,30,Terrace,TRRC,2025-09-28T00:37:03Z,2025-09-28T01:00:00Z,ARR,goo,-22.0
5,True,True,JASPER,PRINCE RUPERT,2025-09-26,31,Kwinitsa,KWIN,2025-09-28T01:52:04Z,2025-09-28T02:09:00Z,ARR,goo,-16.0
5,True,True,JASPER,PRINCE RUPERT,2025-09-26,32,Cassiar Cannery,CASS,2025-09-28T02:29:14Z,2025-09-28T02:45:00Z,ARR,goo,-15.0
5,True,True,JASPER,PRINCE RUPERT,2025-09-26,33,Prince Rupert,PRUP,2025-09-28T03:24:14Z,2025-09-28T03:25:00Z,ARR,goo,0.0
14,True,True,MONTRÉAL,HALIFAX,2025-09-26,0,Montréal,MTRL,2025-09-26T22:30:00Z,2025-09-26T22:30:00Z,ARR,goo,0.0
14,True,True,MONTRÉAL,HALIFAX,2025-09-26,1,St. Lambert,SLAM,2025-09-26T22:52:26Z,2025-09-26T22:45:00Z,ARR,med,7.0
14,True,True,MONTRÉAL,HALIFAX,2025-09-26,2,St. Hyacinthe,SHYA,2025-09-26T23:25:53Z,2025-09-26T23:23:00Z,ARR,goo,2.0
14,True,True,MONTRÉAL,HALIFAX,2025-09-26,3,Drummondville,DRMV,2025-09-27T00:02:55Z,2025-09-27T00:04:00Z,ARR,goo,-1.0
14,True,True,MONTRÉAL,HALIFAX,2025-09-26,4,Ste-Foy,SFOY,2025-09-27T01:38:39Z,2025-09-27T01:48:00Z,ARR,goo,-9.0
14,True,True,MONTRÉAL,HALIFAX,2025-09-26,5,Montmagny,MMGY,2025-09-27T03:25:03Z,2025-09-27T03:17:00Z,ARR,med,8.0
14,True,True,MONTRÉAL,HALIFAX,2025-09-26,6,La Pocatière,LPOC,2025-09-27T03:58:35Z,2025-09-27T03:50:00Z,ARR,med,8.0
14,True,True,MONTRÉAL,HALIFAX,2025-09-26,7,Rivière-Du-Loup,RDLX,2025-09-27T04:45:18Z,2025-09-27T04:31:00Z,ARR,med,14.0
14,True,True,MONTRÉAL,HALIFAX,2025-09-26,8,Trois Pistoles,TPIS,2025-09-27T05:27:21Z,2025-09-27T05:17:00Z,ARR,med,10.0
14,True,True,MONTRÉAL,HALIFAX,2025-09-26,9,Rimouski,RMSK,2025-09-27T07:04:52Z,2025-09-27T06:25:00Z,ARR,bad,39.0
14,True,True,MONTRÉAL,HALIFAX,2025-09-26,10,Mont-Joli,MJLI,2025-09-27T07:38:53Z,2025-09-27T07:03:00Z,ARR,bad,35.0
14,True,True,MONTRÉAL,HALIFAX,2025-09-26,11,Sayabec,SAYA,2025-09-27T08:42:57Z,2025-09-27T08:06:00Z,ARR,bad,36.0
14,True,True,MONTRÉAL,HALIFAX,2025-09-26,12,Amqui,AMQU,2025-09-27T09:16:13Z,2025-09-27T08:27:00Z,ARR,bad,49.0
14,True,True,MONTRÉAL,HALIFAX,2025-09-26,13,Causapscal,CAUS,2025-09-27T09:43:58Z,2025-09-27T08:49:00Z,ARR,bad,54.0
14,True,True,MONTRÉAL,HALIFAX,2025-09-26,14,Matapedia,MTPD,2025-09-27T10:43:14Z,2025-09-27T09:35:00Z,ARR,bad,68.0
14,True,True,MONTRÉAL,HALIFAX,2025-09-26,15,Campbellton,CBTN,2025-09-27T11:17:58Z,2025-09-27T10:20:00Z,ARR,bad,57.0
14,True,True,MONTRÉAL,HALIFAX,2025-09-26,16,Charlo,CHLO,2025-09-27T12:10:46Z,2025-09-27T11:03:00Z,ARR,bad,67.0
14,True,True,MONTRÉAL,HALIFAX,2025-09-26,17,Jacquet River,JACR,2025-09-27T12:49:06Z,2025-09-27T11:26:00Z,ARR,bad,83.0
14,True,True,MONTRÉAL,HALIFAX,2025-09-26,18,Petit Rocher,PROC,2025-09-27T13:17:39Z,2025-09-27T11:48:00Z,ARR,bad,89.0
14,True,True,MONTRÉAL,HALIFAX,2025-09-26,19,Bathurst,BTRS,2025-09-27T13:37:12Z,2025-09-27T12:36:00Z,ARR,bad,61.0
14,True,True,MONTRÉAL,HALIFAX,2025-09-26,20,Miramichi,MIRA,2025-09-27T15:13:35Z,2025-09-27T14:25:00Z,ARR,bad,48.0
14,True,True,MONTRÉAL,HALIFAX,2025-09-26,21,Rogersville,RGRV,2025-09-27T16:04:01Z,2025-09-27T15:20:00Z,ARR,bad,44.0
14,True,True,MONTRÉAL,HALIFAX,2025-09-26,22,Moncton,MCTN,2025-09-27T17:29:00Z,2025-09-27T16:30:00Z,ARR,bad,59.0
14,True,True,MONTRÉAL,HALIFAX,2025-09-26,23,Sackville,SACK,2025-09-27T18:34:11Z,2025-09-27T17:40:00Z,ARR,bad,54.0
14,True,True,MONTRÉAL,HALIFAX,2025-09-26,24,Amherst,AMHS,2025-09-27T18:49:32Z,2025-09-27T17:55:00Z,ARR,bad,54.0
14,True,True,MONTRÉAL,HALIFAX,2025-09-26,25,Springhill Jct,SPRJ,2025-09-27T19:12:01Z,2025-09-27T18:17:00Z,ARR,bad,55.0
14,True,True,MONTRÉAL,HALIFAX,2025-09-26,26,Truro,TRUR,2025-09-27T20:20:13Z,2025-09-27T19:32:00Z,ARR,bad,48.0
14,True,True,MONTRÉAL,HALIFAX,2025-09-26,27,Halifax,HLFX,2025-09-27T21:53:28Z,2025-09-27T21:36:00Z,ARR,bad,17.0
24,True,True,OTTAWA,QUÉBEC,2025-09-27,0,Ottawa,OTTW,2025-09-27T14:44:32Z,2025-09-27T14:13:00Z,ARR,bad,31.0
24,True,True,OTTAWA,QUÉBEC,2025-09-27,1,Alexandria,ALEX,2025-09-27T15:32:52Z,2025-09-27T15:03:00Z,ARR,bad,29.0
24,True,True,OTTAWA,QUÉBEC,2025-09-27,2,Coteau,COTO,2025-09-27T15:53:43Z,2025-09-27T15:26:00Z,ARR,bad,27.0
24,True,True,OTTAWA,QUÉBEC,2025-09-27,3,Dorval,DORV,2025-09-27T16:17:53Z,2025-09-27T15:50:00Z,ARR,bad,27.0
24,True,True,OTTAWA,QUÉBEC,2025-09-27,4,Montréal,MTRL,2025-09-27T16:41:14Z,2025-09-27T16:15:00Z,ARR,bad,26.0
24,True,True,OTTAWA,QUÉBEC,2025-09-27,5,St. Lambert,SLAM,2025-09-27T17:30:37Z,2025-09-27T16:58:00Z,ARR,bad,32.0
24,True,True,OTTAWA,QUÉBEC,2025-09-27,6,St. Hyacinthe,SHYA,2025-09-27T17:56:47Z,2025-09-27T17:26:00Z,ARR,bad,30.0
24,True,True,OTTAWA,QUÉBEC,2025-09-27,7,Drummondville,DRMV,2025-09-27T18:24:55Z,2025-09-27T17:54:00Z,ARR,bad,30.0
24,True,True,OTTAWA,QUÉBEC,2025-09-27,8,Charny,CHNY,2025-09-27T19:55:51Z,2025-09-27T19:38:00Z,ARR,bad,17.0
24,True,True,OTTAWA,QUÉBEC,2025-09-27,9,Ste-Foy,SFOY,2025-09-27T20:04:02Z,2025-09-27T19:45:00Z,ARR,bad,19.0
24,True,True,OTTAWA,QUÉBEC,2025-09-27,10,Québec,QBEC,2025-09-27T20:31:52Z,2025-09-27T20:12:00Z,ARR,bad,19.0
37,True,True,QUÉBEC,OTTAWA,2025-09-27,0,Québec,QBEC,2025-09-27T16:32:00Z,2025-09-27T16:32:00Z,ARR,goo,0.0
37,True,True,QUÉBEC,OTTAWA,2025-09-27,1,Ste-Foy,SFOY,2025-09-27T16:57:55Z,2025-09-27T16:57:00Z,ARR,goo,0.0
37,True,True,QUÉBEC,OTTAWA,2025-09-27,2,Drummondville,DRMV,2025-09-27T18:58:58Z,2025-09-27T18:44:00Z,ARR,med,14.0
37,True,True,QUÉBEC,OTTAWA,2025-09-27,3,St. Hyacinthe,SHYA,2025-09-27T19:29:11Z,2025-09-27T19:12:00Z,ARR,bad,17.0
37,True,True,QUÉBEC,OTTAWA,2025-09-27,4,St. Lambert,SLAM,2025-09-27T19:57:39Z,2025-09-27T19:39:00Z,ARR,bad,18.0
37,True,True,QUÉBEC,OTTAWA,2025-09-27,5,Montréal,MTRL,2025-09-27T20:12:18Z,2025-09-27T19:54:00Z,ARR,bad,18.0
37,True,True,QUÉBEC,OTTAWA,2025-09-27,6,Dorval,DORV,2025-09-27T20:58:26Z,2025-09-27T20:54:00Z,ARR,goo,4.0
37,True,True,QUÉBEC,OTTAWA,2025-09-27,7,Coteau,COTO,2025-09-27T21:26:16Z,2025-09-27T21:23:00Z,ARR,goo,3.0
37,True,True,QUÉBEC,OTTAWA,2025-09-27,8,Alexandria,ALEX,2025-09-27T21:47:53Z,2025-09-27T21:45:00Z,ARR,goo,2.0
37,True,True,QUÉBEC,OTTAWA,2025-09-27,9,Ottawa,OTTW,2025-09-27T22:33:36Z,2025-09-27T22:37:00Z,ARR,goo,-3.0
41,True,True,OTTAWA,TORONTO,2025-09-27,0,Ottawa,OTTW,2025-09-27T09:21:00Z,2025-09-27T09:21:00Z,ARR,goo,0.0
41,True,True,OTTAWA,TORONTO,2025-09-27,1,Fallowfield,FALL,2025-09-27T09:36:53Z,2025-09-27T09:38:00Z,ARR,goo,-1.0
41,True,True,OTTAWA,TORONTO,2025-09-27,2,Smiths Falls,SMTF,2025-09-27T10:06:43Z,2025-09-27T10:08:00Z,ARR,goo,-1.0
41,True,True,OTTAWA,TORONTO,2025-09-27,3,Brockville,BRKV,2025-09-27T10:38:55Z,2025-09-27T10:40:00Z,ARR,goo,-1.0
41,True,True,OTTAWA,TORONTO,2025-09-27,4,Kingston,KGON,2025-09-27T11:30:28Z,2025-09-27T11:25:00Z,ARR,med,5.0
41,True,True,OTTAWA,TORONTO,2025-09-27,5,Napanee,NAPN,2025-09-27T11:54:17Z,2025-09-27T11:49:00Z,ARR,med,5.0
41,True,True,OTTAWA,TORONTO,2025-09-27,6,Belleville,BLVL,2025-09-27T12:15:34Z,2025-09-27T12:07:00Z,ARR,med,8.0
41,True,True,OTTAWA,TORONTO,2025-09-27,7,Trenton Jct.,TRNJ,2025-09-27T12:30:05Z,2025-09-27T12:20:00Z,ARR,med,10.0
41,True,True,OTTAWA,TORONTO,2025-09-27,8,Cobourg,CBRG,2025-09-27T12:57:46Z,2025-09-27T12:44:00Z,ARR,med,13.0
41,True,True,OTTAWA,TORONTO,2025-09-27,9,Oshawa,OSHA,2025-09-27T13:40:12Z,2025-09-27T13:19:00Z,ARR,bad,21.0
41,True,True,OTTAWA,TORONTO,2025-09-27,10,Toronto,TRTO,2025-09-27T14:15:49Z,2025-09-27T14:02:00Z,ARR,med,13.0
50,True,True,TORONTO,OTTAWA,2025-09-27,0,Toronto,TRTO,2025-09-27T10:32:02Z,2025-09-27T10:32:00Z,ARR,goo,0.0
50,True,True,TORONTO,OTTAWA,2025-09-27,1,Guildwood,GUIL,2025-09-27T10:49:41Z,2025-09-27T10:50:00Z,ARR,goo,0.0
50,True,True,TORONTO,OTTAWA,2025-09-27,2,Oshawa,OSHA,2025-09-27T11:08:33Z,2025-09-27T11:08:00Z,ARR,goo,0.0
50,True,True,TORONTO,OTTAWA,2025-09-27,3,Cobourg,CBRG,2025-09-27T11:42:31Z,2025-09-27T11:43:00Z,ARR,goo,0.0
50,True,True,TORONTO,OTTAWA,2025-09-27,4,Belleville,BLVL,2025-09-27T12:24:02Z,2025-09-27T12:18:00Z,ARR,med,6.0
50,True,True,TORONTO,OTTAWA,2025-09-27,5,Kingston,KGON,2025-09-27T13:01:23Z,2025-09-27T12:57:00Z,ARR,goo,4.0
50,True,True,TORONTO,OTTAWA,2025-09-27,6,Brockville,BRKV,2025-09-27T14:04:30Z,2025-09-27T13:54:00Z,ARR,med,10.0
50,True,True,TORONTO,OTTAWA,2025-09-27,7,Smiths Falls,SMTF,2025-09-27T14:29:35Z,2025-09-27T14:29:00Z,ARR,goo,0.0
50,True,True,TORONTO,OTTAWA,2025-09-27,8,Fallowfield,FALL,2025-09-27T15:11:27Z,2025-09-27T15:01:00Z,ARR,med,10.0
50,True,True,TORONTO,OTTAWA,2025-09-27,9,Ottawa,OTTW,2025-09-27T15:33:51Z,2025-09-27T15:21:00Z,ARR,med,12.0
52,True,True,TORONTO,OTTAWA,2025-09-27,0,Toronto,TRTO,2025-09-27T12:32:00Z,2025-09-27T12:32:00Z,ARR,goo,0.0
52,True,True,TORONTO,OTTAWA,2025-09-27,1,Guildwood,GUIL,2025-09-27T12:48:47Z,2025-09-27T12:50:00Z,ARR,goo,-1.0
52,True,True,TORONTO,OTTAWA,2025-09-27,2,Oshawa,OSHA,2025-09-27T13:09:16Z,2025-09-27T13:09:00Z,ARR,goo,0.0
52,True,True,TORONTO,OTTAWA,2025-09-27,3,Cobourg,CBRG,2025-09-27T13:43:31Z,2025-09-27T13:44:00Z,ARR,goo,0.0
52,True,True,TORONTO,OTTAWA,2025-09-27,4,Belleville,BLVL,2025-09-27T14:19:07Z,2025-09-27T14:20:00Z,ARR,goo,0.0
52,True,True,TORONTO,OTTAWA,2025-09-27,5,Kingston,KGON,2025-09-27T14:59:13Z,2025-09-27T15:00:00Z,ARR,goo,0.0
52,True,True,TORONTO,OTTAWA,2025-09-27,6,Brockville,BRKV,2025-09-27T15:46:37Z,2025-09-27T15:57:00Z,ARR,goo,-10.0
52,True,True,TORONTO,OTTAWA,2025-09-27,7,Smiths Falls,SMTF,2025-09-27T16:33:31Z,2025-09-27T16:35:00Z,ARR,goo,-1.0
52,True,True,TORONTO,OTTAWA,2025-09-27,8,Fallowfield,FALL,2025-09-27T17:10:20Z,2025-09-27T17:11:00Z,ARR,goo,0.0
52,True,True,TORONTO,OTTAWA,2025-09-27,9,Ottawa,OTTW,2025-09-27T17:28:51Z,2025-09-27T17:32:00Z,ARR,goo,-3.0
53,True,True,OTTAWA,TORONTO,2025-09-27,0,Ottawa,OTTW,2025-09-27T15:43:00Z,2025-09-27T15:43:00Z,ARR,goo,0.0
53,True,True,OTTAWA,TORONTO,2025-09-27,1,Fallowfield,FALL,2025-09-27T15:58:34Z,2025-09-27T16:00:00Z,ARR,goo,-1.0
53,True,True,OTTAWA,TORONTO,2025-09-27,2,Brockville,BRKV,2025-09-27T17:16:11Z,2025-09-27T17:01:00Z,ARR,bad,15.0
53,True,True,OTTAWA,TORONTO,2025-09-27,3,Gananoque,GANA,2025-09-27T17:44:58Z,2025-09-27T17:31:00Z,ARR,med,13.0
53,True,True,OTTAWA,TORONTO,2025-09-27,4,Kingston,KGON,2025-09-27T18:07:16Z,2025-09-27T17:54:00Z,ARR,med,13.0
53,True,True,OTTAWA,TORONTO,2025-09-27,5,Belleville,BLVL,2025-09-27T18:47:57Z,2025-09-27T18:36:00Z,ARR,med,11.0
53,True,True,OTTAWA,TORONTO,2025-09-27,6,Cobourg,CBRG,2025-09-27T19:25:09Z,2025-09-27T19:12:00Z,ARR,med,13.0
53,True,True,OTTAWA,TORONTO,2025-09-27,7,Oshawa,OSHA,2025-09-27T20:02:13Z,2025-09-27T19:48:00Z,ARR,med,14.0
53,True,True,OTTAWA,TORONTO,2025-09-27,8,Toronto,TRTO,2025-09-27T20:44:40Z,2025-09-27T20:33:00Z,ARR,med,11.0
60,True,True,TORONTO,MONTRÉAL,2025-09-27,0,Toronto,TRTO,2025-09-27T10:32:03Z,2025-09-27T10:32:00Z,ARR,goo,0.0
60,True,True,TORONTO,MONTRÉAL,2025-09-27,1,Guildwood,GUIL,2025-09-27T10:49:36Z,2025-09-27T10:50:00Z,ARR,goo,0.0
60,True,True,TORONTO,MONTRÉAL,2025-09-27,2,Oshawa,OSHA,2025-09-27T11:08:29Z,2025-09-27T11:08:00Z,ARR,goo,0.0
60,True,True,TORONTO,MONTRÉAL,2025-09-27,3,Cobourg,CBRG,2025-09-27T11:42:27Z,2025-09-27T11:43:00Z,ARR,goo,0.0
60,True,True,TORONTO,MONTRÉAL,2025-09-27,4,Belleville,BLVL,2025-09-27T12:23:58Z,2025-09-27T12:18:00Z,ARR,med,5.0
60,True,True,TORONTO,MONTRÉAL,2025-09-27,5,Kingston,KGON,2025-09-27T13:01:18Z,2025-09-27T12:57:00Z,ARR,goo,4.0
60,True,True,TORONTO,MONTRÉAL,2025-09-27,6,Cornwall,CWLL,2025-09-27T14:35:33Z,2025-09-27T14:38:00Z,ARR,goo,-2.0
60,True,True,TORONTO,MONTRÉAL,2025-09-27,7,Dorval,DORV,2025-09-27T15:24:15Z,2025-09-27T15:25:00Z,ARR,goo,0.0
60,True,True,TORONTO,MONTRÉAL,2025-09-27,8,Montréal,MTRL,2025-09-27T15:47:21Z,2025-09-27T15:50:00Z,ARR,goo,-2.0
61,True,True,MONTRÉAL,TORONTO,2025-09-27,0,Montréal,MTRL,2025-09-27T10:45:00Z,2025-09-27T10:45:00Z,ARR,goo,0.0
61,True,True,MONTRÉAL,TORONTO,2025-09-27,1,Dorval,DORV,2025-09-27T11:10:47Z,2025-09-27T11:08:00Z,ARR,goo,2.0
61,True,True,MONTRÉAL,TORONTO,2025-09-27,2,Cornwall,CWLL,2025-09-27T12:01:53Z,2025-09-27T12:01:00Z,ARR,goo,0.0
61,True,True,MONTRÉAL,TORONTO,2025-09-27,3,Kingston,KGON,2025-09-27T13:33:10Z,2025-09-27T13:29:00Z,ARR,goo,4.0
61,True,True,MONTRÉAL,TORONTO,2025-09-27,4,Belleville,BLVL,2025-09-27T14:17:01Z,2025-09-27T14:11:00Z,ARR,med,6.0
61,True,True,MONTRÉAL,TORONTO,2025-09-27,5,Oshawa,OSHA,2025-09-27T15:33:00Z,2025-09-27T15:19:00Z,ARR,med,14.0
61,True,True,MONTRÉAL,TORONTO,2025-09-27,6,Guildwood,GUIL,2025-09-27T15:55:07Z,2025-09-27T15:43:00Z,ARR,med,12.0
61,True,True,MONTRÉAL,TORONTO,2025-09-27,7,Toronto,TRTO,2025-09-27T16:17:32Z,2025-09-27T16:03:00Z,ARR,med,14.0
64,True,True,TORONTO,MONTRÉAL,2025-09-27,0,Toronto,TRTO,2025-09-27T16:10:05Z,2025-09-27T15:38:00Z,ARR,bad,32.0
64,True,True,TORONTO,MONTRÉAL,2025-09-27,1,Guildwood,GUIL,2025-09-27T16:26:09Z,2025-09-27T15:55:00Z,ARR,bad,31.0
64,True,True,TORONTO,MONTRÉAL,2025-09-27,2,Oshawa,OSHA,2025-09-27T16:44:20Z,2025-09-27T16:09:00Z,ARR,bad,35.0
64,True,True,TORONTO,MONTRÉAL,2025-09-27,3,Cobourg,CBRG,2025-09-27T17:30:54Z,2025-09-27T16:46:00Z,ARR,bad,44.0
64,True,True,TORONTO,MONTRÉAL,2025-09-27,4,Belleville,BLVL,2025-09-27T18:05:08Z,2025-09-27T17:22:00Z,ARR,bad,43.0
64,True,True,TORONTO,MONTRÉAL,2025-09-27,5,Kingston,KGON,2025-09-27T18:46:00Z,2025-09-27T18:03:00Z,ARR,bad,43.0
64,True,True,TORONTO,MONTRÉAL,2025-09-27,6,Brockville,BRKV,2025-09-27T19:30:56Z,2025-09-27T18:52:00Z,ARR,bad,38.0
64,True,True,TORONTO,MONTRÉAL,2025-09-27,7,Cornwall,CWLL,2025-09-27T20:15:59Z,2025-09-27T19:42:00Z,ARR,bad,33.0
64,True,True,TORONTO,MONTRÉAL,2025-09-27,8,Dorval,DORV,2025-09-27T21:16:37Z,2025-09-27T20:37:00Z,ARR,bad,39.0
64,True,True,TORONTO,MONTRÉAL,2025-09-27,9,Montréal,MTRL,2025-09-27T21:40:50Z,2025-09-27T21:05:00Z,ARR,bad,35.0
65,True,True,MONTRÉAL,TORONTO,2025-09-27,0,Montréal,MTRL,2025-09-27T14:49:00Z,2025-09-27T14:49:00Z,ARR,goo,0.0
65,True,True,MONTRÉAL,TORONTO,2025-09-27,1,Dorval,DORV,2025-09-27T15:12:27Z,2025-09-27T15:12:00Z,ARR,goo,0.0
65,True,True,MONTRÉAL,TORONTO,2025-09-27,2,Cornwall,CWLL,2025-09-27T16:02:24Z,2025-09-27T16:06:00Z,ARR,goo,-3.0
65,True,True,MONTRÉAL,TORONTO,2025-09-27,3,Kingston,KGON,2025-09-27T17:33:01Z,2025-09-27T17:36:00Z,ARR,goo,-2.0
65,True,True,MONTRÉAL,TORONTO,2025-09-27,4,Belleville,BLVL,2025-09-27T18:19:03Z,2025-09-27T18:20:00Z,ARR,goo,0.0
65,True,True,MONTRÉAL,TORONTO,2025-09-27,5,Cobourg,CBRG,2025-09-27T18:57:40Z,2025-09-27T18:58:00Z,ARR,goo,0.0
65,True,True,MONTRÉAL,TORONTO,2025-09-27,6,Oshawa,OSHA,2025-09-27T19:33:01Z,2025-09-27T19:34:00Z,ARR,goo,0.0
65,True,True,MONTRÉAL,TORONTO,2025-09-27,7,Toronto,TRTO,2025-09-27T20:16:51Z,2025-09-27T20:18:00Z,ARR,goo,-1.0
67,True,True,MONTRÉAL,TORONTO,2025-09-27,0,Montréal,MTRL,2025-09-27T17:32:42Z,2025-09-27T17:22:00Z,ARR,med,10.0
67,True,True,MONTRÉAL,TORONTO,2025-09-27,1,Dorval,DORV,2025-09-27T17:56:11Z,2025-09-27T17:47:00Z,ARR,med,9.0
67,True,True,MONTRÉAL,TORONTO,2025-09-27,2,Cornwall,CWLL,2025-09-27T19:17:08Z,2025-09-27T18:38:00Z,ARR,bad,39.0
67,True,True,MONTRÉAL,TORONTO,2025-09-27,3,Kingston,KGON,2025-09-27T20:40:44Z,2025-09-27T20:03:00Z,ARR,bad,37.0
67,True,True,MONTRÉAL,TORONTO,2025-09-27,4,Belleville,BLVL,2025-09-27T21:26:51Z,2025-09-27T20:42:00Z,ARR,bad,44.0
67,True,True,MONTRÉAL,TORONTO,2025-09-27,5,Cobourg,CBRG,2025-09-27T22:01:44Z,2025-09-27T21:17:00Z,ARR,bad,44.0
67,True,True,MONTRÉAL,TORONTO,2025-09-27,6,Oshawa,OSHA,2025-09-27T22:37:43Z,2025-09-27T21:50:00Z,ARR,bad,47.0
67,True,True,MONTRÉAL,TORONTO,2025-09-27,7,Toronto,TRTO,2025-09-27T23:28:06Z,2025-09-27T22:45:00Z,ARR,bad,43.0
72,True,True,WINDSOR,TORONTO,2025-09-27,0,Windsor,WDON,2025-09-27T12:43:00Z,2025-09-27T12:43:00Z,ARR,goo,0.0
72,True,True,WINDSOR,TORONTO,2025-09-27,1,Chatham,CHAT,2025-09-27T13:28:24Z,2025-09-27T13:25:00Z,ARR,goo,3.0
72,True,True,WINDSOR,TORONTO,2025-09-27,2,Glencoe,GLNC,2025-09-27T14:17:28Z,2025-09-27T14:05:00Z,ARR,med,12.0
72,True,True,WINDSOR,TORONTO,2025-09-27,3,London,LNDN,2025-09-27T14:49:53Z,2025-09-27T14:39:00Z,ARR,med,10.0
72,True,True,WINDSOR,TORONTO,2025-09-27,4,Ingersoll,INGR,2025-09-27T15:23:12Z,2025-09-27T15:07:00Z,ARR,bad,16.0
72,True,True,WINDSOR,TORONTO,2025-09-27,5,Woodstock,WDST,2025-09-27T15:35:48Z,2025-09-27T15:23:00Z,ARR,med,12.0
72,True,True,WINDSOR,TORONTO,2025-09-27,6,Brantford,BRTF,2025-09-27T16:10:58Z,2025-09-27T15:55:00Z,ARR,bad,15.0
72,True,True,WINDSOR,TORONTO,2025-09-27,7,Aldershot,ALDR,2025-09-27T16:43:49Z,2025-09-27T16:29:00Z,ARR,med,14.0
72,True,True,WINDSOR,TORONTO,2025-09-27,8,Toronto,TRTO,2025-09-27T18:13:19Z,2025-09-27T17:51:00Z,ARR,bad,22.0
71,True,True,TORONTO,WINDSOR,2025-09-27,0,Toronto,TRTO,2025-09-27T11:04:02Z,2025-09-27T10:50:00Z,ARR,med,14.0
71,True,True,TORONTO,WINDSOR,2025-09-27,1,Aldershot,ALDR,2025-09-27T12:29:18Z,2025-09-27T12:09:00Z,ARR,bad,20.0
71,True,True,TORONTO,WINDSOR,2025-09-27,2,Brantford,BRTF,2025-09-27T13:07:44Z,2025-09-27T12:35:00Z,ARR,bad,32.0
71,True,True,TORONTO,WINDSOR,2025-09-27,3,Woodstock,WDST,2025-09-27T13:46:24Z,2025-09-27T13:10:00Z,ARR,bad,36.0
71,True,True,TORONTO,WINDSOR,2025-09-27,4,Ingersoll,INGR,2025-09-27T13:59:18Z,2025-09-27T13:23:00Z,ARR,bad,36.0
71,True,True,TORONTO,WINDSOR,2025-09-27,5,London,LNDN,2025-09-27T14:24:25Z,2025-09-27T13:46:00Z,ARR,bad,38.0
71,True,True,TORONTO,WINDSOR,2025-09-27,6,Glencoe,GLNC,2025-09-27T15:09:06Z,2025-09-27T14:19:00Z,ARR,bad,50.0
71,True,True,TORONTO,WINDSOR,2025-09-27,7,Chatham,CHAT,2025-09-27T15:52:39Z,2025-09-27T14:58:00Z,ARR,bad,54.0
71,True,True,TORONTO,WINDSOR,2025-09-27,8,Windsor,WDON,2025-09-27T16:42:48Z,2025-09-27T15:48:00Z,ARR,bad,54.0
70,True,True,WINDSOR,TORONTO,2025-09-27,0,Windsor,WDON,2025-09-27T09:35:00Z,2025-09-27T09:35:00Z,ARR,goo,0.0
70,True,True,WINDSOR,TORONTO,2025-09-27,1,Chatham,CHAT,2025-09-27T10:17:27Z,2025-09-27T10:19:00Z,ARR,goo,-1.0
70,True,True,WINDSOR,TORONTO,2025-09-27,2,London,LNDN,2025-09-27T11:34:14Z,2025-09-27T11:25:00Z,ARR,med,9.0
70,True,True,WINDSOR,TORONTO,2025-09-27,3,Ingersoll,INGR,2025-09-27T12:07:35Z,2025-09-27T11:55:00Z,ARR,med,12.0
70,True,True,WINDSOR,TORONTO,2025-09-27,4,Woodstock,WDST,2025-09-27T12:17:16Z,2025-09-27T12:08:00Z,ARR,med,9.0
70,True,True,WINDSOR,TORONTO,2025-09-27,5,Brantford,BRTF,2025-09-27T12:50:54Z,2025-09-27T12:44:00Z,ARR,med,6.0
70,True,True,WINDSOR,TORONTO,2025-09-27,6,Aldershot,ALDR,2025-09-27T13:24:01Z,2025-09-27T13:25:00Z,ARR,goo,0.0
70,True,True,WINDSOR,TORONTO,2025-09-27,7,Toronto,TRTO,2025-09-27T15:11:58Z,2025-09-27T14:50:00Z,ARR,bad,21.0
73,True,True,TORONTO,WINDSOR,2025-09-27,0,Toronto,TRTO,2025-09-27T15:30:00Z,2025-09-27T15:30:00Z,ARR,goo,0.0
73,True,True,TORONTO,WINDSOR,2025-09-27,1,Aldershot,ALDR,2025-09-27T17:16:56Z,2025-09-27T16:49:00Z,ARR,bad,27.0
73,True,True,TORONTO,WINDSOR,2025-09-27,2,Brantford,BRTF,2025-09-27T17:52:12Z,2025-09-27T17:20:00Z,ARR,bad,32.0
73,True,True,TORONTO,WINDSOR,2025-09-27,3,Woodstock,WDST,2025-09-27T18:26:17Z,2025-09-27T17:49:00Z,ARR,bad,37.0
73,True,True,TORONTO,WINDSOR,2025-09-27,4,London,LNDN,2025-09-27T18:59:07Z,2025-09-27T18:18:00Z,ARR,bad,41.0
73,True,True,TORONTO,WINDSOR,2025-09-27,5,Chatham,CHAT,2025-09-27T20:20:31Z,2025-09-27T19:30:00Z,ARR,bad,50.0
73,True,True,TORONTO,WINDSOR,2025-09-27,6,Windsor,WDON,2025-09-27T21:05:16Z,2025-09-27T20:25:00Z,ARR,bad,40.0
76,True,True,WINDSOR,TORONTO,2025-09-27,0,Windsor,WDON,2025-09-27T17:06:00Z,2025-09-27T17:06:00Z,ARR,goo,0.0
76,True,True,WINDSOR,TORONTO,2025-09-27,1,Chatham,CHAT,2025-09-27T17:55:07Z,2025-09-27T17:48:01Z,ARR,med,7.0
76,True,True,WINDSOR,TORONTO,2025-09-27,2,Glencoe,GLNC,2025-09-27T18:43:42Z,2025-09-27T18:23:00Z,ARR,bad,20.0
76,True,True,WINDSOR,TORONTO,2025-09-27,3,London,LNDN,2025-09-27T19:21:22Z,2025-09-27T18:58:00Z,ARR,bad,23.0
76,True,True,WINDSOR,TORONTO,2025-09-27,4,Brantford,BRTF,2025-09-27T20:29:40Z,2025-09-27T19:59:00Z,ARR,bad,30.0
76,True,True,WINDSOR,TORONTO,2025-09-27,5,Aldershot,ALDR,2025-09-27T21:12:20Z,2025-09-27T20:30:00Z,ARR,bad,42.0
76,True,True,WINDSOR,TORONTO,2025-09-27,6,Toronto,TRTO,2025-09-27T22:57:04Z,2025-09-27T21:53:00Z,ARR,bad,64.0
82,True,True,LONDON,TORONTO,2025-09-27,0,London,LNDN,2025-09-27T10:25:00Z,2025-09-27T10:25:00Z,ARR,goo,0.0
82,True,True,LONDON,TORONTO,2025-09-27,1,Woodstock,WDST,2025-09-27T11:07:21Z,2025-09-27T10:53:00Z,ARR,med,14.0
82,True,True,LONDON,TORONTO,2025-09-27,2,Brantford,BRTF,2025-09-27T11:41:53Z,2025-09-27T11:23:00Z,ARR,bad,18.0
82,True,True,LONDON,TORONTO,2025-09-27,3,Toronto,TRTO,2025-09-27T13:46:49Z,2025-09-27T13:15:00Z,ARR,bad,31.0
84,True,True,SARNIA,TORONTO,2025-09-27,0,Sarnia,SARN,2025-09-27T12:40:00Z,2025-09-27T12:40:00Z,ARR,goo,0.0
84,True,True,SARNIA,TORONTO,2025-09-27,1,Wyoming,WYOM,2025-09-27T12:58:01Z,2025-09-27T12:55:00Z,ARR,goo,3.0
84,True,True,SARNIA,TORONTO,2025-09-27,2,Strathroy,STRR,2025-09-27T13:30:02Z,2025-09-27T13:27:00Z,ARR,goo,3.0
84,True,True,SARNIA,TORONTO,2025-09-27,3,London,LNDN,2025-09-27T13:54:12Z,2025-09-27T13:52:00Z,ARR,goo,2.0
84,True,True,SARNIA,TORONTO,2025-09-27,4,St.Marys,SMYS,2025-09-27T15:04:25Z,2025-09-27T14:45:00Z,ARR,bad,19.0
84,True,True,SARNIA,TORONTO,2025-09-27,5,Stratford,STRF,2025-09-27T15:32:46Z,2025-09-27T15:14:00Z,ARR,bad,18.0
84,True,True,SARNIA,TORONTO,2025-09-27,6,Kitchener,KITC,2025-09-27T16:21:28Z,2025-09-27T16:02:00Z,ARR,bad,19.0
84,True,True,SARNIA,TORONTO,2025-09-27,7,Guelph,GUEL,2025-09-27T16:41:45Z,2025-09-27T16:24:00Z,ARR,bad,17.0
84,True,True,SARNIA,TORONTO,2025-09-27,8,Georgetown,GEOR,2025-09-27T17:04:33Z,2025-09-27T16:47:00Z,ARR,bad,17.0
84,True,True,SARNIA,TORONTO,2025-09-27,9,Brampton,BRMP,2025-09-27T17:13:48Z,2025-09-27T16:59:00Z,ARR,med,14.0
84,True,True,SARNIA,TORONTO,2025-09-27,10,Malton,MALT,2025-09-27T17:27:30Z,2025-09-27T17:11:00Z,ARR,bad,16.0
84,True,True,SARNIA,TORONTO,2025-09-27,11,Toronto,TRTO,2025-09-27T17:46:03Z,2025-09-27T17:38:00Z,ARR,med,8.0
644,True,True,TORONTO,OTTAWA,2025-09-27,0,Toronto,TRTO,2025-09-27T17:23:02Z,2025-09-27T17:23:00Z,ARR,goo,0.0
644,True,True,TORONTO,OTTAWA,2025-09-27,1,Oshawa,OSHA,2025-09-27T18:00:56Z,2025-09-27T17:53:00Z,ARR,med,7.0
644,True,True,TORONTO,OTTAWA,2025-09-27,2,Cobourg,CBRG,2025-09-27T18:37:40Z,2025-09-27T18:28:00Z,ARR,med,9.0
644,True,True,TORONTO,OTTAWA,2025-09-27,3,Belleville,BLVL,2025-09-27T19:16:39Z,2025-09-27T19:03:00Z,ARR,med,13.0
644,True,True,TORONTO,OTTAWA,2025-09-27,4,Kingston,KGON,2025-09-27T19:57:24Z,2025-09-27T19:43:00Z,ARR,med,14.0
644,True,True,TORONTO,OTTAWA,2025-09-27,5,Fallowfield,FALL,2025-09-27T21:59:53Z,2025-09-27T21:30:00Z,ARR,bad,29.0
644,True,True,TORONTO,OTTAWA,2025-09-27,6,Ottawa,OTTW,2025-09-27T22:26:04Z,2025-09-27T21:53:00Z,ARR,bad,33.0
97,True,True,TORONTO,NIAGARA FALLS,2025-09-27,0,Toronto,TRTO,2025-09-27T12:20:00Z,2025-09-27T12:20:00Z,ARR,goo,0.0
97,True,True,TORONTO,NIAGARA FALLS,2025-09-27,1,Aldershot,ALDR,2025-09-27T13:39:00Z,2025-09-27T13:39:00Z,ARR,goo,0.0
97,True,True,TORONTO,NIAGARA FALLS,2025-09-27,2,Grimsby,GRIM,2025-09-27T14:39:00Z,2025-09-27T14:17:00Z,ARR,bad,22.0
97,True,True,TORONTO,NIAGARA FALLS,2025-09-27,3,St. Catharines,SCAT,2025-09-27T14:59:00Z,2025-09-27T14:37:00Z,ARR,bad,22.0
97,True,True,TORONTO,NIAGARA FALLS,2025-09-27,4,Niagara Falls,NIAG,2025-09-27T15:22:00Z,2025-09-27T15:00:00Z,ARR,bad,22.0
62,True,True,TORONTO,MONTRÉAL,2025-09-27,0,Toronto,TRTO,2025-09-27T12:32:00Z,2025-09-27T12:32:00Z,ARR,goo,0.0
62,True,True,TORONTO,MONTRÉAL,2025-09-27,1,Guildwood,GUIL,2025-09-27T12:48:39Z,2025-09-27T12:50:00Z,ARR,goo,-1.0
62,True,True,TORONTO,MONTRÉAL,2025-09-27,2,Oshawa,OSHA,2025-09-27T13:09:10Z,2025-09-27T13:09:00Z,ARR,goo,0.0
62,True,True,TORONTO,MONTRÉAL,2025-09-27,3,Cobourg,CBRG,2025-09-27T13:43:26Z,2025-09-27T13:44:00Z,ARR,goo,0.0
62,True,True,TORONTO,MONTRÉAL,2025-09-27,4,Belleville,BLVL,2025-09-27T14:19:02Z,2025-09-27T14:20:00Z,ARR,goo,0.0
62,True,True,TORONTO,MONTRÉAL,2025-09-27,5,Kingston,KGON,2025-09-27T14:59:09Z,2025-09-27T15:00:00Z,ARR,goo,0.0
62,True,True,TORONTO,MONTRÉAL,2025-09-27,6,Cornwall,CWLL,2025-09-27T16:40:40Z,2025-09-27T16:43:00Z,ARR,goo,-2.0
62,True,True,TORONTO,MONTRÉAL,2025-09-27,7,Dorval,DORV,2025-09-27T17:32:17Z,2025-09-27T17:34:00Z,ARR,goo,-1.0
62,True,True,TORONTO,MONTRÉAL,2025-09-27,8,Montréal,MTRL,2025-09-27T17:58:26Z,2025-09-27T18:00:00Z,ARR,goo,-1.0
622,True,True,MONTRÉAL,QUÉBEC,2025-09-27,0,Montréal,MTRL,2025-09-27T12:20:00Z,2025-09-27T12:20:00Z,ARR,goo,0.0
622,True,True,MONTRÉAL,QUÉBEC,2025-09-27,1,St. Lambert,SLAM,2025-09-27T12:34:21Z,2025-09-27T12:33:00Z,ARR,goo,1.0
622,True,True,MONTRÉAL,QUÉBEC,2025-09-27,2,St. Hyacinthe,SHYA,2025-09-27T13:03:59Z,2025-09-27T13:00:00Z,ARR,goo,3.0
622,True,True,MONTRÉAL,QUÉBEC,2025-09-27,3,Drummondville,DRMV,2025-09-27T13:36:08Z,2025-09-27T13:29:00Z,ARR,med,7.0
622,True,True,MONTRÉAL,QUÉBEC,2025-09-27,4,Ste-Foy,SFOY,2025-09-27T15:14:28Z,2025-09-27T15:11:00Z,ARR,goo,3.0
622,True,True,MONTRÉAL,QUÉBEC,2025-09-27,5,Québec,QBEC,2025-09-27T15:42:26Z,2025-09-27T15:39:00Z,ARR,goo,3.0
643,True,True,OTTAWA,TORONTO,2025-09-27,0,Ottawa,OTTW,2025-09-27T12:29:00Z,2025-09-27T12:29:00Z,ARR,goo,0.0
643,True,True,OTTAWA,TORONTO,2025-09-27,1,Fallowfield,FALL,2025-09-27T12:44:55Z,2025-09-27T12:45:00Z,ARR,goo,0.0
643,True,True,OTTAWA,TORONTO,2025-09-27,2,Smiths Falls,SMTF,2025-09-27T13:16:00Z,2025-09-27T13:17:00Z,ARR,goo,-1.0
643,True,True,OTTAWA,TORONTO,2025-09-27,3,Brockville,BRKV,2025-09-27T13:51:39Z,2025-09-27T13:49:00Z,ARR,goo,2.0
643,True,True,OTTAWA,TORONTO,2025-09-27,4,Kingston,KGON,2025-09-27T14:40:24Z,2025-09-27T14:32:00Z,ARR,med,8.0
643,True,True,OTTAWA,TORONTO,2025-09-27,5,Napanee,NAPN,2025-09-27T15:02:58Z,2025-09-27T14:57:00Z,ARR,med,5.0
643,True,True,OTTAWA,TORONTO,2025-09-27,6,Belleville,BLVL,2025-09-27T15:22:12Z,2025-09-27T15:17:00Z,ARR,med,5.0
643,True,True,OTTAWA,TORONTO,2025-09-27,7,Trenton Jct.,TRNJ,2025-09-27T15:35:46Z,2025-09-27T15:31:00Z,ARR,goo,4.0
643,True,True,OTTAWA,TORONTO,2025-09-27,8,Cobourg,CBRG,2025-09-27T16:03:33Z,2025-09-27T15:57:00Z,ARR,med,6.0
643,True,True,OTTAWA,TORONTO,2025-09-27,9,Port Hope,PHOP,2025-09-27T16:12:43Z,2025-09-27T16:07:00Z,ARR,med,5.0
643,True,True,OTTAWA,TORONTO,2025-09-27,10,Oshawa,OSHA,2025-09-27T16:42:06Z,2025-09-27T16:35:00Z,ARR,med,7.0
643,True,True,OTTAWA,TORONTO,2025-09-27,11,Guildwood,GUIL,2025-09-27T17:04:50Z,2025-09-27T16:58:00Z,ARR,med,6.0
643,True,True,OTTAWA,TORONTO,2025-09-27,12,Toronto,TRTO,2025-09-27T17:29:41Z,2025-09-27T17:18:00Z,ARR,med,11.0
45,True,True,OTTAWA,TORONTO,2025-09-27,0,Ottawa,OTTW,2025-09-27T14:24:00Z,2025-09-27T14:24:00Z,ARR,goo,0.0
45,True,True,OTTAWA,TORONTO,2025-09-27,1,Fallowfield,FALL,2025-09-27T14:40:54Z,2025-09-27T14:40:00Z,ARR,goo,0.0
45,True,True,OTTAWA,TORONTO,2025-09-27,2,Kingston,KGON,2025-09-27T16:49:57Z,2025-09-27T16:26:00Z,ARR,bad,23.0
45,True,True,OTTAWA,TORONTO,2025-09-27,3,Toronto,TRTO,2025-09-27T19:16:26Z,2025-09-27T18:48:00Z,ARR,bad,28.0
185,True,True,SUDBURY,WHITE RIVER,2025-09-27,0,Sudbury,SUDB,2025-09-27T13:21:15Z,2025-09-27T13:00:00Z,ARR,bad,21.0
185,True,True,SUDBURY,WHITE RIVER,2025-09-27,1,Azilda,AZIL,2025-09-27T13:48:04Z,2025-09-27T13:10:00Z,ARR,bad,38.0
185,True,True,SUDBURY,WHITE RIVER,2025-09-27,2,Chelmsford,CHEL,2025-09-27T13:51:24Z,2025-09-27T13:15:00Z,ARR,bad,36.0
185,True,True,SUDBURY,WHITE RIVER,2025-09-27,3,Larchwood,LARC,2025-09-27T13:57:02Z,2025-09-27T13:19:00Z,ARR,bad,38.0
185,True,True,SUDBURY,WHITE RIVER,2025-09-27,4,Levack,LEVA,2025-09-27T14:07:08Z,2025-09-27T13:30:00Z,ARR,bad,37.0
185,True,True,SUDBURY,WHITE RIVER,2025-09-27,5,Cartier,CART,2025-09-27T14:19:30Z,2025-09-27T13:45:00Z,ARR,bad,34.0
185,True,True,SUDBURY,WHITE RIVER,2025-09-27,6,Benny,BENN,2025-09-27T14:39:18Z,2025-09-27T14:05:00Z,ARR,bad,34.0
185,True,True,SUDBURY,WHITE RIVER,2025-09-27,7,Stralak,STRL,2025-09-27T14:45:35Z,2025-09-27T14:12:00Z,ARR,bad,33.0
185,True,True,SUDBURY,WHITE RIVER,2025-09-27,8,Pogamasing,POGA,2025-09-27T14:57:54Z,2025-09-27T14:25:00Z,ARR,bad,32.0
185,True,True,SUDBURY,WHITE RIVER,2025-09-27,9,Sheahan,SHEA,2025-09-27T15:02:05Z,2025-09-27T14:30:00Z,ARR,bad,32.0
185,True,True,SUDBURY,WHITE RIVER,2025-09-27,10,Forks,FRKS,2025-09-27T15:12:05Z,2025-09-27T14:40:00Z,ARR,bad,32.0
185,True,True,SUDBURY,WHITE RIVER,2025-09-27,11,Metagama,MTGM,2025-09-27T15:22:05Z,2025-09-27T14:50:00Z,ARR,bad,32.0
185,True,True,SUDBURY,WHITE RIVER,2025-09-27,12,Sinker,SNKR,2025-09-27T15:27:05Z,2025-09-27T14:55:00Z,ARR,bad,32.0
185,True,True,SUDBURY,WHITE RIVER,2025-09-27,13,Biscotasing,BISC,2025-09-27T15:52:05Z,2025-09-27T15:20:00Z,ARR,bad,32.0
185,True,True,SUDBURY,WHITE RIVER,2025-09-27,14,Roberts,RBRT,2025-09-27T16:02:05Z,2025-09-27T15:30:00Z,ARR,bad,32.0
185,True,True,SUDBURY,WHITE RIVER,2025-09-27,15,Ramsey,RAMS,2025-09-27T16:17:05Z,2025-09-27T15:45:00Z,ARR,bad,32.0
185,True,True,SUDBURY,WHITE RIVER,2025-09-27,16,Woman River,WOMR,2025-09-27T16:37:05Z,2025-09-27T16:05:00Z,ARR,bad,32.0
185,True,True,SUDBURY,WHITE RIVER,2025-09-27,17,Sultan,SULT,2025-09-27T16:52:05Z,2025-09-27T16:20:00Z,ARR,bad,32.0
185,True,True,SUDBURY,WHITE RIVER,2025-09-27,18,Kormak,KORM,2025-09-27T17:07:05Z,2025-09-27T16:35:00Z,ARR,bad,32.0
185,True,True,SUDBURY,WHITE RIVER,2025-09-27,19,Kinogama,KINO,2025-09-27T17:12:05Z,2025-09-27T16:40:00Z,ARR,bad,32.0
185,True,True,SUDBURY,WHITE RIVER,2025-09-27,20,Nemegos,NEME,2025-09-27T18:07:51Z,2025-09-27T16:55:00Z,ARR,bad,72.0
185,True,True,SUDBURY,WHITE RIVER,2025-09-27,21,Devon,DEVN,2025-09-27T18:19:10Z,2025-09-27T17:05:00Z,ARR,bad,74.0
185,True,True,SUDBURY,WHITE RIVER,2025-09-27,22,Chapleau,CHAP,2025-09-27T18:48:12Z,2025-09-27T17:20:00Z,ARR,bad,88.0
185,True,True,SUDBURY,WHITE RIVER,2025-09-27,23,Esher,ESHR,2025-09-27T19:05:35Z,2025-09-27T17:50:00Z,ARR,bad,75.0
185,True,True,SUDBURY,WHITE RIVER,2025-09-27,24,Musk,MUSK,2025-09-27T19:22:09Z,2025-09-27T18:00:00Z,ARR,bad,82.0
185,True,True,SUDBURY,WHITE RIVER,2025-09-27,25,Nicholson,NICH,2025-09-27T19:28:10Z,2025-09-27T18:10:00Z,ARR,bad,78.0
185,True,True,SUDBURY,WHITE RIVER,2025-09-27,26,Bolkow,BOLK,2025-09-27T19:50:27Z,2025-09-27T18:30:00Z,ARR,bad,80.0
185,True,True,SUDBURY,WHITE RIVER,2025-09-27,27,Dalton,DALT,2025-09-27T20:05:27Z,2025-09-27T18:45:00Z,ARR,bad,80.0
185,True,True,SUDBURY,WHITE RIVER,2025-09-27,28,Missanabie,MSBI,2025-09-27T20:30:27Z,2025-09-27T19:10:00Z,ARR,bad,80.0
185,True,True,SUDBURY,WHITE RIVER,2025-09-27,29,Lochalsh,LOCH,2025-09-27T20:50:27Z,2025-09-27T19:30:00Z,ARR,bad,80.0
185,True,True,SUDBURY,WHITE RIVER,2025-09-27,30,Franz,FRNZ,2025-09-27T21:09:27Z,2025-09-27T19:50:00Z,ARR,bad,79.0
185,True,True,SUDBURY,WHITE RIVER,2025-09-27,31,Swanson,SWAN,2025-09-27T21:44:04Z,2025-09-27T20:00:00Z,ARR,bad,104.0
185,True,True,SUDBURY,WHITE RIVER,2025-09-27,32,Girdwood,GIRD,2025-09-27T22:05:23Z,2025-09-27T20:25:00Z,ARR,bad,100.0
185,True,True,SUDBURY,WHITE RIVER,2025-09-27,33,Amyot,AMYO,2025-09-27T22:13:02Z,2025-09-27T20:35:00Z,ARR,bad,98.0
185,True,True,SUDBURY,WHITE RIVER,2025-09-27,34,O'Brien,OBRI,2025-09-27T22:26:29Z,2025-09-27T20:50:00Z,ARR,bad,96.0
185,True,True,SUDBURY,WHITE RIVER,2025-09-27,35,White River,WHTR,2025-09-27T22:41:32Z,2025-09-27T21:05:00Z,ARR,bad,96.0
633,True,True,MONTRÉAL,OTTAWA,2025-09-27,0,Montréal,MTRL,2025-09-27T13:59:53Z,2025-09-27T13:00:00Z,ARR,bad,59.0
633,True,True,MONTRÉAL,OTTAWA,2025-09-27,1,Dorval,DORV,2025-09-27T14:42:59Z,2025-09-27T13:24:00Z,ARR,bad,78.0
633,True,True,MONTRÉAL,OTTAWA,2025-09-27,2,Alexandria,ALEX,2025-09-27T15:29:14Z,2025-09-27T14:11:00Z,ARR,bad,78.0
633,True,True,MONTRÉAL,OTTAWA,2025-09-27,3,Casselman,CSLM,2025-09-27T15:53:53Z,2025-09-27T14:34:00Z,ARR,bad,79.0
633,True,True,MONTRÉAL,OTTAWA,2025-09-27,4,Ottawa,OTTW,2025-09-27T16:18:54Z,2025-09-27T15:05:00Z,ARR,bad,73.0
637,True,True,QUÉBEC,OTTAWA,2025-09-27,0,Québec,QBEC,2025-09-27T14:00:00Z,2025-09-27T14:00:00Z,ARR,goo,0.0
637,True,True,QUÉBEC,OTTAWA,2025-09-27,1,Ste-Foy,SFOY,2025-09-27T14:26:24Z,2025-09-27T14:25:00Z,ARR,goo,1.0
637,True,True,QUÉBEC,OTTAWA,2025-09-27,2,Drummondville,DRMV,2025-09-27T15:58:21Z,2025-09-27T16:08:00Z,ARR,goo,-9.0
637,True,True,QUÉBEC,OTTAWA,2025-09-27,3,St. Lambert,SLAM,2025-09-27T17:13:26Z,2025-09-27T17:16:00Z,ARR,goo,-2.0
637,True,True,QUÉBEC,OTTAWA,2025-09-27,4,Montréal,MTRL,2025-09-27T17:37:23Z,2025-09-27T17:31:00Z,ARR,med,6.0
637,True,True,QUÉBEC,OTTAWA,2025-09-27,5,Dorval,DORV,2025-09-27T18:26:05Z,2025-09-27T18:20:00Z,ARR,med,6.0
637,True,True,QUÉBEC,OTTAWA,2025-09-27,6,Alexandria,ALEX,2025-09-27T19:20:11Z,2025-09-27T19:10:00Z,ARR,med,10.0
637,True,True,QUÉBEC,OTTAWA,2025-09-27,7,Ottawa,OTTW,2025-09-27T20:03:02Z,2025-09-27T19:56:00Z,ARR,med,7.0
47,True,True,OTTAWA,TORONTO,2025-09-27,0,Ottawa,OTTW,2025-09-27T16:27:29Z,2025-09-27T16:23:00Z,ARR,goo,4.0
47,True,True,OTTAWA,TORONTO,2025-09-27,1,Fallowfield,FALL,2025-09-27T16:43:34Z,2025-09-27T16:40:00Z,ARR,goo,3.0
47,True,True,OTTAWA,TORONTO,2025-09-27,2,Smiths Falls,SMTF,2025-09-27T17:14:14Z,2025-09-27T17:18:00Z,ARR,goo,-3.0
47,True,True,OTTAWA,TORONTO,2025-09-27,3,Brockville,BRKV,2025-09-27T17:54:54Z,2025-09-27T17:54:00Z,ARR,goo,0.0
47,True,True,OTTAWA,TORONTO,2025-09-27,4,Gananoque,GANA,2025-09-27T18:19:57Z,2025-09-27T18:22:00Z,ARR,goo,-2.0
47,True,True,OTTAWA,TORONTO,2025-09-27,5,Kingston,KGON,2025-09-27T18:40:20Z,2025-09-27T18:45:00Z,ARR,goo,-4.0
47,True,True,OTTAWA,TORONTO,2025-09-27,6,Belleville,BLVL,2025-09-27T19:29:12Z,2025-09-27T19:26:00Z,ARR,goo,3.0
47,True,True,OTTAWA,TORONTO,2025-09-27,7,Oshawa,OSHA,2025-09-27T20:39:00Z,2025-09-27T20:33:00Z,ARR,med,6.0
47,True,True,OTTAWA,TORONTO,2025-09-27,8,Guildwood,GUIL,2025-09-27T21:03:43Z,2025-09-27T20:58:00Z,ARR,med,5.0
47,True,True,OTTAWA,TORONTO,2025-09-27,9,Toronto,TRTO,2025-09-27T21:29:51Z,2025-09-27T21:30:00Z,ARR,goo,0.0
624,True,True,OTTAWA,QUÉBEC,2025-09-27,0,Ottawa,OTTW,2025-09-27T11:45:00Z,2025-09-27T11:45:00Z,ARR,goo,0.0
624,True,True,OTTAWA,QUÉBEC,2025-09-27,1,Alexandria,ALEX,2025-09-27T12:27:50Z,2025-09-27T12:31:00Z,ARR,goo,-3.0
624,True,True,OTTAWA,QUÉBEC,2025-09-27,2,Dorval,DORV,2025-09-27T13:18:52Z,2025-09-27T13:16:00Z,ARR,goo,2.0
624,True,True,OTTAWA,QUÉBEC,2025-09-27,3,Montréal,MTRL,2025-09-27T13:43:43Z,2025-09-27T13:39:00Z,ARR,goo,4.0
624,True,True,OTTAWA,QUÉBEC,2025-09-27,4,St. Lambert,SLAM,2025-09-27T14:40:47Z,2025-09-27T14:28:00Z,ARR,med,12.0
624,True,True,OTTAWA,QUÉBEC,2025-09-27,5,St. Hyacinthe,SHYA,2025-09-27T15:09:24Z,2025-09-27T15:06:00Z,ARR,goo,3.0
624,True,True,OTTAWA,QUÉBEC,2025-09-27,6,Drummondville,DRMV,2025-09-27T15:41:11Z,2025-09-27T15:34:00Z,ARR,med,7.0
624,True,True,OTTAWA,QUÉBEC,2025-09-27,7,Charny,CHNY,2025-09-27T17:30:18Z,2025-09-27T17:13:00Z,ARR,bad,17.0
624,True,True,OTTAWA,QUÉBEC,2025-09-27,8,Ste-Foy,SFOY,2025-09-27T17:38:45Z,2025-09-27T17:20:00Z,ARR,bad,18.0
624,True,True,OTTAWA,QUÉBEC,2025-09-27,9,Québec,QBEC,2025-09-27T18:07:32Z,2025-09-27T17:48:00Z,ARR,bad,19.0
40,True,True,TORONTO,OTTAWA,2025-09-27,0,Toronto,TRTO,2025-09-27T14:38:25Z,2025-09-27T14:38:00Z,ARR,goo,0.0
40,True,True,TORONTO,OTTAWA,2025-09-27,1,Belleville,BLVL,2025-09-27T16:20:36Z,2025-09-27T16:09:00Z,ARR,med,11.0
40,True,True,TORONTO,OTTAWA,2025-09-27,2,Kingston,KGON,2025-09-27T17:01:39Z,2025-09-27T16:48:00Z,ARR,med,13.0
40,True,True,TORONTO,OTTAWA,2025-09-27,3,Fallowfield,FALL,2025-09-27T18:43:19Z,2025-09-27T18:38:00Z,ARR,med,5.0
40,True,True,TORONTO,OTTAWA,2025-09-27,4,Ottawa,OTTW,2025-09-27T19:02:44Z,2025-09-27T19:02:00Z,ARR,goo,0.0
63,True,True,MONTRÉAL,TORONTO,2025-09-27,0,Montréal,MTRL,2025-09-27T12:46:00Z,2025-09-27T12:46:00Z,ARR,goo,0.0
63,True,True,MONTRÉAL,TORONTO,2025-09-27,1,Dorval,DORV,2025-09-27T13:11:12Z,2025-09-27T13:11:00Z,ARR,goo,0.0
63,True,True,MONTRÉAL,TORONTO,2025-09-27,2,Cornwall,CWLL,2025-09-27T14:03:20Z,2025-09-27T14:04:00Z,ARR,goo,0.0
63,True,True,MONTRÉAL,TORONTO,2025-09-27,3,Brockville,BRKV,2025-09-27T14:49:15Z,2025-09-27T14:54:00Z,ARR,goo,-4.0
63,True,True,MONTRÉAL,TORONTO,2025-09-27,4,Kingston,KGON,2025-09-27T15:41:33Z,2025-09-27T15:39:00Z,ARR,goo,2.0
63,True,True,MONTRÉAL,TORONTO,2025-09-27,5,Belleville,BLVL,2025-09-27T16:23:46Z,2025-09-27T16:20:00Z,ARR,goo,3.0
63,True,True,MONTRÉAL,TORONTO,2025-09-27,6,Cobourg,CBRG,2025-09-27T17:00:48Z,2025-09-27T16:58:00Z,ARR,goo,2.0
63,True,True,MONTRÉAL,TORONTO,2025-09-27,7,Oshawa,OSHA,2025-09-27T17:40:22Z,2025-09-27T17:34:00Z,ARR,med,6.0
63,True,True,MONTRÉAL,TORONTO,2025-09-27,8,Guildwood,GUIL,2025-09-27T18:03:00Z,2025-09-27T17:58:00Z,ARR,med,5.0
63,True,True,MONTRÉAL,TORONTO,2025-09-27,9,Toronto,TRTO,2025-09-27T18:27:04Z,2025-09-27T18:18:00Z,ARR,med,9.0
35,True,True,QUÉBEC,OTTAWA,2025-09-27,0,Québec,QBEC,2025-09-27T12:06:00Z,2025-09-27T12:06:00Z,ARR,goo,0.0
35,True,True,QUÉBEC,OTTAWA,2025-09-27,1,Ste-Foy,SFOY,2025-09-27T12:32:31Z,2025-09-27T12:31:00Z,ARR,goo,1.0
35,True,True,QUÉBEC,OTTAWA,2025-09-27,2,Charny,CHNY,2025-09-27T12:41:39Z,2025-09-27T12:40:00Z,ARR,goo,1.0
35,True,True,QUÉBEC,OTTAWA,2025-09-27,3,Drummondville,DRMV,2025-09-27T14:12:46Z,2025-09-27T14:14:00Z,ARR,goo,-1.0
35,True,True,QUÉBEC,OTTAWA,2025-09-27,4,St. Hyacinthe,SHYA,2025-09-27T14:46:36Z,2025-09-27T14:44:00Z,ARR,goo,2.0
35,True,True,QUÉBEC,OTTAWA,2025-09-27,5,St. Lambert,SLAM,2025-09-27T15:19:13Z,2025-09-27T15:11:00Z,ARR,med,8.0
35,True,True,QUÉBEC,OTTAWA,2025-09-27,6,Montréal,MTRL,2025-09-27T15:37:34Z,2025-09-27T15:26:00Z,ARR,med,11.0
35,True,True,QUÉBEC,OTTAWA,2025-09-27,7,Dorval,DORV,2025-09-27T16:32:08Z,2025-09-27T16:18:00Z,ARR,med,14.0
35,True,True,QUÉBEC,OTTAWA,2025-09-27,8,Coteau,COTO,2025-09-27T17:02:44Z,2025-09-27T16:46:00Z,ARR,bad,16.0
35,True,True,QUÉBEC,OTTAWA,2025-09-27,9,Alexandria,ALEX,2025-09-27T17:25:47Z,2025-09-27T17:08:00Z,ARR,bad,17.0
35,True,True,QUÉBEC,OTTAWA,2025-09-27,10,Casselman,CSLM,2025-09-27T17:47:31Z,2025-09-27T17:31:00Z,ARR,bad,16.0
35,True,True,QUÉBEC,OTTAWA,2025-09-27,11,Ottawa,OTTW,2025-09-27T18:12:20Z,2025-09-27T17:58:00Z,ARR,med,14.0
26,True,True,OTTAWA,QUÉBEC,2025-09-27,0,Ottawa,OTTW,2025-09-27T18:17:00Z,2025-09-27T18:17:00Z,ARR,goo,0.0
26,True,True,OTTAWA,QUÉBEC,2025-09-27,1,Alexandria,ALEX,2025-09-27T19:01:13Z,2025-09-27T19:03:00Z,ARR,goo,-1.0
26,True,True,OTTAWA,QUÉBEC,2025-09-27,2,Coteau,COTO,2025-09-27T19:28:33Z,2025-09-27T19:26:00Z,ARR,goo,2.0
26,True,True,OTTAWA,QUÉBEC,2025-09-27,3,Dorval,DORV,2025-09-27T19:52:44Z,2025-09-27T19:49:00Z,ARR,goo,3.0
26,True,True,OTTAWA,QUÉBEC,2025-09-27,4,Montréal,MTRL,2025-09-27T20:19:53Z,2025-09-27T20:15:00Z,ARR,goo,4.0
26,True,True,OTTAWA,QUÉBEC,2025-09-27,5,St. Lambert,SLAM,2025-09-27T20:58:18Z,2025-09-27T20:53:00Z,ARR,med,5.0
26,True,True,OTTAWA,QUÉBEC,2025-09-27,6,St. Hyacinthe,SHYA,2025-09-27T21:26:48Z,2025-09-27T21:20:00Z,ARR,med,6.0
26,True,True,OTTAWA,QUÉBEC,2025-09-27,7,Drummondville,DRMV,2025-09-27T22:05:30Z,2025-09-27T22:05:00Z,ARR,goo,0.0
26,True,True,OTTAWA,QUÉBEC,2025-09-27,8,Charny,CHNY,2025-09-27T23:37:05Z,2025-09-27T23:44:00Z,ARR,goo,-6.0
26,True,True,OTTAWA,QUÉBEC,2025-09-27,9,Ste-Foy,SFOY,2025-09-27T23:45:18Z,2025-09-27T23:52:00Z,ARR,goo,-6.0
26,True,True,OTTAWA,QUÉBEC,2025-09-27,10,Québec,QBEC,2025-09-28T00:14:38Z,2025-09-28T00:19:00Z,ARR,goo,-4.0
39,True,True,QUÉBEC,OTTAWA,2025-09-27,0,Québec,QBEC,2025-09-27T18:57:00Z,2025-09-27T18:57:00Z,ARR,goo,0.0
39,True,True,QUÉBEC,OTTAWA,2025-09-27,1,Ste-Foy,SFOY,2025-09-27T19:22:47Z,2025-09-27T19:22:00Z,ARR,goo,0.0
39,True,True,QUÉBEC,OTTAWA,2025-09-27,2,Drummondville,DRMV,2025-09-27T21:05:28Z,2025-09-27T20:58:00Z,ARR,med,7.0
39,True,True,QUÉBEC,OTTAWA,2025-09-27,3,St. Lambert,SLAM,2025-09-27T22:01:56Z,2025-09-27T21:57:00Z,ARR,goo,4.0
39,True,True,QUÉBEC,OTTAWA,2025-09-27,4,Montréal,MTRL,2025-09-27T22:19:13Z,2025-09-27T22:11:00Z,ARR,med,8.0
39,True,True,QUÉBEC,OTTAWA,2025-09-27,5,Dorval,DORV,2025-09-27T23:12:26Z,2025-09-27T23:14:00Z,ARR,goo,-1.0
39,True,True,QUÉBEC,OTTAWA,2025-09-27,6,Coteau,COTO,2025-09-27T23:44:30Z,2025-09-27T23:43:00Z,ARR,goo,1.0
39,True,True,QUÉBEC,OTTAWA,2025-09-27,7,Alexandria,ALEX,2025-09-28T00:03:54Z,2025-09-28T00:06:00Z,ARR,goo,-2.0
39,True,True,QUÉBEC,OTTAWA,2025-09-27,8,Ottawa,OTTW,2025-09-28T00:47:08Z,2025-09-28T00:51:00Z,ARR,goo,-3.0
66,True,True,TORONTO,MONTRÉAL,2025-09-27,0,Toronto,TRTO,2025-09-27T19:23:39Z,2025-09-27T19:23:00Z,ARR,goo,0.0
66,True,True,TORONTO,MONTRÉAL,2025-09-27,1,Guildwood,GUIL,2025-09-27T19:43:26Z,2025-09-27T19:40:00Z,ARR,goo,3.0
66,True,True,TORONTO,MONTRÉAL,2025-09-27,2,Oshawa,OSHA,2025-09-27T20:03:13Z,2025-09-27T19:54:00Z,ARR,med,9.0
66,True,True,TORONTO,MONTRÉAL,2025-09-27,3,Belleville,BLVL,2025-09-27T21:11:24Z,2025-09-27T21:00:00Z,ARR,med,11.0
66,True,True,TORONTO,MONTRÉAL,2025-09-27,4,Kingston,KGON,2025-09-27T21:49:56Z,2025-09-27T21:40:00Z,ARR,med,9.0
66,True,True,TORONTO,MONTRÉAL,2025-09-27,5,Cornwall,CWLL,2025-09-27T23:24:22Z,2025-09-27T23:07:00Z,ARR,bad,17.0
66,True,True,TORONTO,MONTRÉAL,2025-09-27,6,Dorval,DORV,2025-09-28T00:13:24Z,2025-09-27T23:58:00Z,ARR,bad,15.0
66,True,True,TORONTO,MONTRÉAL,2025-09-27,7,Montréal,MTRL,2025-09-28T00:43:01Z,2025-09-28T00:25:00Z,ARR,bad,18.0
46,True,True,TORONTO,OTTAWA,2025-09-27,0,Toronto,TRTO,2025-09-27T19:38:00Z,2025-09-27T19:38:00Z,ARR,goo,0.0
46,True,True,TORONTO,OTTAWA,2025-09-27,1,Oshawa,OSHA,2025-09-27T20:30:07Z,2025-09-27T20:09:00Z,ARR,bad,21.0
46,True,True,TORONTO,OTTAWA,2025-09-27,2,Cobourg,CBRG,2025-09-27T21:17:00Z,2025-09-27T20:43:00Z,ARR,bad,34.0
46,True,True,TORONTO,OTTAWA,2025-09-27,3,Kingston,KGON,2025-09-27T22:30:04Z,2025-09-27T21:54:00Z,ARR,bad,36.0
46,True,True,TORONTO,OTTAWA,2025-09-27,4,Brockville,BRKV,2025-09-27T23:17:42Z,2025-09-27T22:40:00Z,ARR,bad,37.0
46,True,True,TORONTO,OTTAWA,2025-09-27,5,Fallowfield,FALL,2025-09-28T00:13:31Z,2025-09-27T23:40:00Z,ARR,bad,33.0
46,True,True,TORONTO,OTTAWA,2025-09-27,6,Ottawa,OTTW,2025-09-28T00:33:30Z,2025-09-28T00:00:00Z,ARR,bad,33.0
28,True,True,OTTAWA,QUÉBEC,2025-09-27,0,Ottawa,OTTW,2025-09-27T20:05:00Z,2025-09-27T20:05:00Z,ARR,goo,0.0
28,True,True,OTTAWA,QUÉBEC,2025-09-27,1,Casselman,CSLM,2025-09-27T20:30:52Z,2025-09-27T20:31:00Z,ARR,goo,0.0
28,True,True,OTTAWA,QUÉBEC,2025-09-27,2,Alexandria,ALEX,2025-09-27T20:53:08Z,2025-09-27T20:53:00Z,ARR,goo,0.0
28,True,True,OTTAWA,QUÉBEC,2025-09-27,3,Coteau,COTO,2025-09-27T21:14:39Z,2025-09-27T21:15:00Z,ARR,goo,0.0
28,True,True,OTTAWA,QUÉBEC,2025-09-27,4,Dorval,DORV,2025-09-27T21:42:53Z,2025-09-27T21:38:00Z,ARR,goo,4.0
28,True,True,OTTAWA,QUÉBEC,2025-09-27,5,Montréal,MTRL,2025-09-27T22:09:08Z,2025-09-27T22:04:00Z,ARR,med,5.0
28,True,True,OTTAWA,QUÉBEC,2025-09-27,6,St. Lambert,SLAM,2025-09-27T22:45:20Z,2025-09-27T22:38:00Z,ARR,med,7.0
28,True,True,OTTAWA,QUÉBEC,2025-09-27,7,St. Hyacinthe,SHYA,2025-09-27T23:14:07Z,2025-09-27T23:06:00Z,ARR,med,8.0
28,True,True,OTTAWA,QUÉBEC,2025-09-27,8,Drummondville,DRMV,2025-09-28T00:06:47Z,2025-09-27T23:52:00Z,ARR,med,14.0
28,True,True,OTTAWA,QUÉBEC,2025-09-27,9,Charny,CHNY,2025-09-28T01:44:53Z,2025-09-28T01:14:00Z,ARR,bad,30.0
28,True,True,OTTAWA,QUÉBEC,2025-09-27,10,Ste-Foy,SFOY,2025-09-28T01:54:31Z,2025-09-28T01:21:00Z,ARR,bad,33.0
28,True,True,OTTAWA,QUÉBEC,2025-09-27,11,Québec,QBEC,2025-09-28T02:24:06Z,2025-09-28T01:48:00Z,ARR,bad,36.0
69,True,True,MONTRÉAL,TORONTO,2025-09-27,0,Montréal,MTRL,2025-09-27T20:38:00Z,2025-09-27T20:38:00Z,ARR,goo,0.0
69,True,True,MONTRÉAL,TORONTO,2025-09-27,1,Dorval,DORV,2025-09-27T21:05:41Z,2025-09-27T21:04:00Z,ARR,goo,1.0
69,True,True,MONTRÉAL,TORONTO,2025-09-27,2,Cornwall,CWLL,2025-09-27T21:55:46Z,2025-09-27T21:53:00Z,ARR,goo,2.0
69,True,True,MONTRÉAL,TORONTO,2025-09-27,3,Brockville,BRKV,2025-09-27T22:40:10Z,2025-09-27T22:40:00Z,ARR,goo,0.0
69,True,True,MONTRÉAL,TORONTO,2025-09-27,4,Kingston,KGON,2025-09-27T23:24:44Z,2025-09-27T23:24:00Z,ARR,goo,0.0
69,True,True,MONTRÉAL,TORONTO,2025-09-27,5,Oshawa,OSHA,2025-09-28T01:19:29Z,2025-09-28T01:05:00Z,ARR,med,14.0
69,True,True,MONTRÉAL,TORONTO,2025-09-27,6,Guildwood,GUIL,2025-09-28T01:45:42Z,2025-09-28T01:28:00Z,ARR,bad,17.0
69,True,True,MONTRÉAL,TORONTO,2025-09-27,7,Toronto,TRTO,2025-09-28T02:06:17Z,2025-09-28T01:48:00Z,ARR,bad,18.0
68,True,True,TORONTO,MONTRÉAL,2025-09-27,0,Toronto,TRTO,2025-09-27T21:08:32Z,2025-09-27T21:08:00Z,ARR,goo,0.0
68,True,True,TORONTO,MONTRÉAL,2025-09-27,1,Oshawa,OSHA,2025-09-27T21:47:30Z,2025-09-27T21:39:00Z,ARR,med,8.0
68,True,True,TORONTO,MONTRÉAL,2025-09-27,2,Cobourg,CBRG,2025-09-27T22:22:00Z,2025-09-27T22:14:00Z,ARR,med,8.0
68,True,True,TORONTO,MONTRÉAL,2025-09-27,3,Belleville,BLVL,2025-09-27T22:58:15Z,2025-09-27T22:49:00Z,ARR,med,9.0
68,True,True,TORONTO,MONTRÉAL,2025-09-27,4,Kingston,KGON,2025-09-27T23:34:27Z,2025-09-27T23:26:00Z,ARR,med,8.0
68,True,True,TORONTO,MONTRÉAL,2025-09-27,5,Brockville,BRKV,2025-09-28T00:18:28Z,2025-09-28T00:11:00Z,ARR,med,7.0
68,True,True,TORONTO,MONTRÉAL,2025-09-27,6,Cornwall,CWLL,2025-09-28T01:01:55Z,2025-09-28T00:57:00Z,ARR,goo,4.0
68,True,True,TORONTO,MONTRÉAL,2025-09-27,7,Dorval,DORV,2025-09-28T01:51:37Z,2025-09-28T01:47:00Z,ARR,goo,4.0
68,True,True,TORONTO,MONTRÉAL,2025-09-27,8,Montréal,MTRL,2025-09-28T02:17:33Z,2025-09-28T02:14:00Z,ARR,goo,3.0
54,True,True,TORONTO,OTTAWA,2025-09-27,0,Toronto,TRTO,2025-09-27T21:38:08Z,2025-09-27T21:38:00Z,ARR,goo,0.0
54,True,True,TORONTO,OTTAWA,2025-09-27,1,Guildwood,GUIL,2025-09-27T22:05:33Z,2025-09-27T21:55:00Z,ARR,med,10.0
54,True,True,TORONTO,OTTAWA,2025-09-27,2,Oshawa,OSHA,2025-09-27T22:35:00Z,2025-09-27T22:08:00Z,ARR,bad,27.0
54,True,True,TORONTO,OTTAWA,2025-09-27,3,Port Hope,PHOP,2025-09-27T23:02:49Z,2025-09-27T22:37:00Z,ARR,bad,25.0
54,True,True,TORONTO,OTTAWA,2025-09-27,4,Cobourg,CBRG,2025-09-27T23:11:51Z,2025-09-27T22:46:00Z,ARR,bad,25.0
54,True,True,TORONTO,OTTAWA,2025-09-27,5,Trenton Jct.,TRNJ,2025-09-27T23:39:03Z,2025-09-27T23:13:01Z,ARR,bad,26.0
54,True,True,TORONTO,OTTAWA,2025-09-27,6,Belleville,BLVL,2025-09-27T23:52:49Z,2025-09-27T23:27:00Z,ARR,bad,25.0
54,True,True,TORONTO,OTTAWA,2025-09-27,7,Napanee,NAPN,2025-09-28T00:14:22Z,2025-09-27T23:48:00Z,ARR,bad,26.0
54,True,True,TORONTO,OTTAWA,2025-09-27,8,Kingston,KGON,2025-09-28T00:36:08Z,2025-09-28T00:09:00Z,ARR,bad,27.0
54,True,True,TORONTO,OTTAWA,2025-09-27,9,Brockville,BRKV,2025-09-28T01:22:01Z,2025-09-28T00:54:00Z,ARR,bad,28.0
54,True,True,TORONTO,OTTAWA,2025-09-27,10,Smiths Falls,SMTF,2025-09-28T01:51:51Z,2025-09-28T01:25:00Z,ARR,bad,26.0
54,True,True,TORONTO,OTTAWA,2025-09-27,11,Fallowfield,FALL,2025-09-28T02:18:33Z,2025-09-28T01:52:00Z,ARR,bad,26.0
54,True,True,TORONTO,OTTAWA,2025-09-27,12,Ottawa,OTTW,2025-09-28T02:38:01Z,2025-09-28T02:13:00Z,ARR,bad,25.0
98,True,True,NIAGARA FALLS,TORONTO,2025-09-27,0,Niagara Falls,NIAG,2025-09-27T21:47:00Z,2025-09-27T21:45:00Z,ARR,goo,2.0
98,True,True,NIAGARA FALLS,TORONTO,2025-09-27,1,St. Catharines,SCAT,2025-09-27T22:08:00Z,2025-09-27T22:06:00Z,ARR,goo,2.0
98,True,True,NIAGARA FALLS,TORONTO,2025-09-27,2,Grimsby,GRIM,2025-09-27T22:45:00Z,2025-09-27T22:26:00Z,ARR,bad,19.0
98,True,True,NIAGARA FALLS,TORONTO,2025-09-27,3,Aldershot,ALDR,2025-09-27T23:45:00Z,2025-09-27T23:02:00Z,ARR,bad,43.0
98,True,True,NIAGARA FALLS,TORONTO,2025-09-27,4,Toronto,TRTO,2025-09-28T01:20:00Z,2025-09-28T00:23:00Z,ARR,bad,57.0
87,True,True,TORONTO,SARNIA,2025-09-27,0,Toronto,TRTO,2025-09-27T21:40:00Z,2025-09-27T21:40:00Z,ARR,goo,0.0
87,True,True,TORONTO,SARNIA,2025-09-27,1,Malton,MALT,2025-09-27T22:06:05Z,2025-09-27T22:00:00Z,ARR,med,6.0
87,True,True,TORONTO,SARNIA,2025-09-27,2,Brampton,BRMP,2025-09-27T22:18:15Z,2025-09-27T22:12:00Z,ARR,med,6.0
87,True,True,TORONTO,SARNIA,2025-09-27,3,Georgetown,GEOR,2025-09-27T22:31:16Z,2025-09-27T22:24:00Z,ARR,med,7.0
87,True,True,TORONTO,SARNIA,2025-09-27,4,Guelph,GUEL,2025-09-27T22:54:09Z,2025-09-27T22:49:00Z,ARR,med,5.0
87,True,True,TORONTO,SARNIA,2025-09-27,5,Kitchener,KITC,2025-09-27T23:16:49Z,2025-09-27T23:16:00Z,ARR,goo,0.0
87,True,True,TORONTO,SARNIA,2025-09-27,6,Stratford,STRF,2025-09-28T00:06:53Z,2025-09-27T23:57:00Z,ARR,med,9.0
87,True,True,TORONTO,SARNIA,2025-09-27,7,St.Marys,SMYS,2025-09-28T00:38:53Z,2025-09-28T00:25:00Z,ARR,med,13.0
87,True,True,TORONTO,SARNIA,2025-09-27,8,London,LNDN,2025-09-28T01:31:39Z,2025-09-28T01:13:00Z,ARR,bad,18.0
87,True,True,TORONTO,SARNIA,2025-09-27,9,Strathroy,STRR,2025-09-28T01:57:01Z,2025-09-28T01:39:00Z,ARR,bad,18.0
87,True,True,TORONTO,SARNIA,2025-09-27,10,Wyoming,WYOM,2025-09-28T02:23:36Z,2025-09-28T02:07:00Z,ARR,bad,16.0
87,True,True,TORONTO,SARNIA,2025-09-27,11,Sarnia,SARN,2025-09-28T02:42:08Z,2025-09-28T02:24:00Z,ARR,bad,18.0
29,True,True,QUÉBEC,MONTRÉAL,2025-09-27,0,Québec,QBEC,2025-09-27T21:41:00Z,2025-09-27T21:41:00Z,ARR,goo,0.0
29,True,True,QUÉBEC,MONTRÉAL,2025-09-27,1,Ste-Foy,SFOY,2025-09-27T22:06:20Z,2025-09-27T22:06:00Z,ARR,goo,0.0
29,True,True,QUÉBEC,MONTRÉAL,2025-09-27,2,Drummondville,DRMV,2025-09-27T23:51:40Z,2025-09-27T23:42:00Z,ARR,med,9.0
29,True,True,QUÉBEC,MONTRÉAL,2025-09-27,3,St. Hyacinthe,SHYA,2025-09-28T00:29:19Z,2025-09-28T00:18:00Z,ARR,med,11.0
29,True,True,QUÉBEC,MONTRÉAL,2025-09-27,4,St. Lambert,SLAM,2025-09-28T00:57:52Z,2025-09-28T00:45:00Z,ARR,med,12.0
29,True,True,QUÉBEC,MONTRÉAL,2025-09-27,5,Montréal,MTRL,2025-09-28T01:14:03Z,2025-09-28T01:00:00Z,ARR,med,14.0
59,True,True,OTTAWA,TORONTO,2025-09-27,0,Ottawa,OTTW,2025-09-27T22:03:00Z,2025-09-27T22:03:00Z,ARR,goo,0.0
59,True,True,OTTAWA,TORONTO,2025-09-27,1,Fallowfield,FALL,2025-09-27T22:20:49Z,2025-09-27T22:20:00Z,ARR,goo,0.0
59,True,True,OTTAWA,TORONTO,2025-09-27,2,Smiths Falls,SMTF,2025-09-27T22:50:27Z,2025-09-27T22:51:00Z,ARR,goo,0.0
59,True,True,OTTAWA,TORONTO,2025-09-27,3,Brockville,BRKV,2025-09-27T23:29:12Z,2025-09-27T23:25:00Z,ARR,goo,4.0
59,True,True,OTTAWA,TORONTO,2025-09-27,4,Kingston,KGON,2025-09-28T00:13:57Z,2025-09-28T00:10:00Z,ARR,goo,3.0
59,True,True,OTTAWA,TORONTO,2025-09-27,5,Belleville,BLVL,2025-09-28T01:15:54Z,2025-09-28T00:51:00Z,ARR,bad,24.0
59,True,True,OTTAWA,TORONTO,2025-09-27,6,Trenton Jct.,TRNJ,2025-09-28T01:29:05Z,2025-09-28T01:05:00Z,ARR,bad,24.0
59,True,True,OTTAWA,TORONTO,2025-09-27,7,Cobourg,CBRG,2025-09-28T01:57:16Z,2025-09-28T01:31:00Z,ARR,bad,26.0
59,True,True,OTTAWA,TORONTO,2025-09-27,8,Oshawa,OSHA,2025-09-28T02:35:00Z,2025-09-28T02:05:00Z,ARR,bad,30.0
59,True,True,OTTAWA,TORONTO,2025-09-27,9,Guildwood,GUIL,2025-09-28T03:00:42Z,2025-09-28T02:28:00Z,ARR,bad,32.0
59,True,True,OTTAWA,TORONTO,2025-09-27,10,Toronto,TRTO,2025-09-28T03:19:43Z,2025-09-28T02:48:00Z,ARR,bad,31.0
78,True,True,WINDSOR,TORONTO,2025-09-27,0,Windsor,WDON,2025-09-27T21:40:00Z,2025-09-27T21:40:00Z,ARR,goo,0.0
78,True,True,WINDSOR,TORONTO,2025-09-27,1,Chatham,CHAT,2025-09-27T22:19:33Z,2025-09-27T22:24:00Z,ARR,goo,-4.0
78,True,True,WINDSOR,TORONTO,2025-09-27,2,Glencoe,GLNC,2025-09-27T23:11:47Z,2025-09-27T22:59:00Z,ARR,med,12.0
78,True,True,WINDSOR,TORONTO,2025-09-27,3,London,LNDN,2025-09-27T23:42:46Z,2025-09-27T23:32:00Z,ARR,med,10.0
78,True,True,WINDSOR,TORONTO,2025-09-27,4,Ingersoll,INGR,2025-09-28T00:12:44Z,2025-09-27T23:57:00Z,ARR,bad,15.0
78,True,True,WINDSOR,TORONTO,2025-09-27,5,Woodstock,WDST,2025-09-28T00:25:46Z,2025-09-28T00:08:00Z,ARR,bad,17.0
78,True,True,WINDSOR,TORONTO,2025-09-27,6,Brantford,BRTF,2025-09-28T01:01:03Z,2025-09-28T00:39:00Z,ARR,bad,22.0
78,True,True,WINDSOR,TORONTO,2025-09-27,7,Aldershot,ALDR,2025-09-28T01:33:46Z,2025-09-28T01:09:00Z,ARR,bad,24.0
78,True,True,WINDSOR,TORONTO,2025-09-27,8,Toronto,TRTO,2025-09-28T03:27:48Z,2025-09-28T02:30:00Z,ARR,bad,57.0
38,True,True,OTTAWA,MONTRÉAL,2025-09-27,0,Ottawa,OTTW,2025-09-27T21:55:00Z,2025-09-27T21:55:00Z,ARR,goo,0.0
38,True,True,OTTAWA,MONTRÉAL,2025-09-27,1,Casselman,CSLM,2025-09-27T22:25:20Z,2025-09-27T22:26:00Z,ARR,goo,0.0
38,True,True,OTTAWA,MONTRÉAL,2025-09-27,2,Alexandria,ALEX,2025-09-27T22:45:56Z,2025-09-27T22:49:00Z,ARR,goo,-3.0
38,True,True,OTTAWA,MONTRÉAL,2025-09-27,3,Dorval,DORV,2025-09-27T23:31:18Z,2025-09-27T23:33:00Z,ARR,goo,-1.0
38,True,True,OTTAWA,MONTRÉAL,2025-09-27,4,Montréal,MTRL,2025-09-28T00:03:16Z,2025-09-27T23:57:00Z,ARR,med,6.0
75,True,True,TORONTO,WINDSOR,2025-09-27,0,Toronto,TRTO,2025-09-27T21:22:00Z,2025-09-27T21:22:00Z,ARR,goo,0.0
75,True,True,TORONTO,WINDSOR,2025-09-27,1,Aldershot,ALDR,2025-09-27T23:32:11Z,2025-09-27T22:41:00Z,ARR,bad,51.0
75,True,True,TORONTO,WINDSOR,2025-09-27,2,Brantford,BRTF,2025-09-28T00:04:43Z,2025-09-27T23:13:00Z,ARR,bad,51.0
75,True,True,TORONTO,WINDSOR,2025-09-27,3,Woodstock,WDST,2025-09-28T00:40:00Z,2025-09-27T23:44:00Z,ARR,bad,56.0
75,True,True,TORONTO,WINDSOR,2025-09-27,4,Ingersoll,INGR,2025-09-28T00:51:43Z,2025-09-27T23:59:00Z,ARR,bad,52.0
75,True,True,TORONTO,WINDSOR,2025-09-27,5,London,LNDN,2025-09-28T01:12:32Z,2025-09-28T00:27:00Z,ARR,bad,45.0
75,True,True,TORONTO,WINDSOR,2025-09-27,6,Glencoe,GLNC,2025-09-28T01:45:06Z,2025-09-28T01:01:00Z,ARR,bad,44.0
75,True,True,TORONTO,WINDSOR,2025-09-27,7,Chatham,CHAT,2025-09-28T02:27:15Z,2025-09-28T01:35:00Z,ARR,bad,52.0
75,True,True,TORONTO,WINDSOR,2025-09-27,8,Windsor,WDON,2025-09-28T03:10:22Z,2025-09-28T02:30:00Z,ARR,bad,40.0
79,True,False,TORONTO,WINDSOR,2025-09-27,0,Toronto,TRTO,2025-09-28T00:11:00Z,2025-09-27T23:45:00Z,ARR,bad,26.0
79,True,False,TORONTO,WINDSOR,2025-09-27,1,Aldershot,ALDR,2025-09-28T01:59:15Z,2025-09-28T01:02:00Z,ARR,bad,57.0
79,True,False,TORONTO,WINDSOR,2025-09-27,2,Brantford,BRTF,2025-09-28T02:34:33Z,2025-09-28T01:30:00Z,ARR,bad,64.0
79,True,False,TORONTO,WINDSOR,2025-09-27,3,Woodstock,WDST,2025-09-28T03:06:37Z,2025-09-28T01:57:00Z,ARR,bad,69.0
79,True,False,TORONTO,WINDSOR,2025-09-27,4,Ingersoll,INGR,2025-09-28T03:18:24Z,2025-09-28T02:10:00Z,ARR,bad,68.0
79,True,False,TORONTO,WINDSOR,2025-09-27,5,London,LNDN,2025-09-28T03:36:59Z,2025-09-28T02:32:00Z,ARR,bad,64.0
79,True,False,TORONTO,WINDSOR,2025-09-27,6,Glencoe,GLNC,2025-09-28T04:12:33Z,2025-09-28T03:05:00Z,17 mins,bad,67.0
79,True,False,TORONTO,WINDSOR,2025-09-27,7,Chatham,CHAT,2025-09-28T04:44:33Z,2025-09-28T03:37:00Z,49 mins,bad,67.0
79,True,False,TORONTO,WINDSOR,2025-09-27,8,Windsor,WDON,2025-09-28T05:31:33Z,2025-09-28T04:24:00Z,1h36,bad,67.0
