train_id,departed,arrived,from,to,instance,stop_id,station,code,estimated,scheduled,eta,diff,diffMin
1 (11-05),True,False,TORONTO,VANCOUVER,2025-11-05,0,Toronto,TRTO,2025-11-05T14:55:00Z,2025-11-05T14:55:00Z,ARR,goo,0.0
1 (11-05),True,False,TORONTO,VANCOUVER,2025-11-05,1,Washago,WSHG,2025-11-05T17:47:30Z,2025-11-05T17:25:00Z,ARR,bad,22.0
1 (11-05),True,False,TORONTO,VANCOUVER,2025-11-05,2,South Parry,SPAR,2025-11-05T20:18:04Z,2025-11-05T19:27:00Z,ARR,bad,51.0
1 (11-05),True,False,TORONTO,VANCOUVER,2025-11-05,3,Sudbury (Jct.),SUDJ,2025-11-05T22:32:40Z,2025-11-05T21:57:00Z,ARR,bad,35.0
1 (11-05),True,False,TORONTO,VANCOUVER,2025-11-05,4,Capreol,CAPR,2025-11-05T23:51:47Z,2025-11-05T22:22:00Z,ARR,bad,89.0
1 (11-05),True,False,TORONTO,VANCOUVER,2025-11-05,5,Laforest,LAFO,2025-11-06T03:06:49Z,2025-11-05T23:48:00Z,ARR,bad,198.0
1 (11-05),True,False,TORONTO,VANCOUVER,2025-11-05,6,McKee's Camp,MCKC,2025-11-06T03:19:49Z,2025-11-06T00:01:00Z,ARR,bad,198.0
1 (11-05),True,False,TORONTO,VANCOUVER,2025-11-05,7,Felix,FELX,2025-11-06T03:39:49Z,2025-11-06T00:21:00Z,ARR,bad,198.0
1 (11-05),True,False,TORONTO,VANCOUVER,2025-11-05,8,Ruel,RUEL,2025-11-06T03:46:49Z,2025-11-06T00:28:00Z,ARR,bad,198.0
1 (11-05),True,False,TORONTO,VANCOUVER,2025-11-05,9,Westree,WSTR,2025-11-06T03:52:07Z,2025-11-06T00:45:00Z,ARR,bad,187.0
1 (11-05),True,False,TORONTO,VANCOUVER,2025-11-05,10,Gogama,GOGA,2025-11-06T04:18:44Z,2025-11-06T01:18:00Z,ARR,bad,180.0
1 (11-05),True,False,TORONTO,VANCOUVER,2025-11-05,11,Foleyet,FOLE,2025-11-06T06:01:20Z,2025-11-06T03:44:00Z,ARR,bad,137.0
1 (11-05),True,False,TORONTO,VANCOUVER,2025-11-05,12,Elsas,ELSA,2025-11-06T06:52:40Z,2025-11-06T04:38:00Z,ARR,bad,134.0
1 (11-05),True,False,TORONTO,VANCOUVER,2025-11-05,13,Oba,OBAX,2025-11-06T08:39:20Z,2025-11-06T06:38:00Z,ARR,bad,121.0
1 (11-05),True,False,TORONTO,VANCOUVER,2025-11-05,14,Hornepayne,HNPN,2025-11-06T09:22:11Z,2025-11-06T07:29:00Z,ARR,bad,113.0
1 (11-05),True,False,TORONTO,VANCOUVER,2025-11-05,15,Hillsport,HLSP,2025-11-06T10:57:16Z,2025-11-06T09:05:00Z,ARR,bad,112.0
1 (11-05),True,False,TORONTO,VANCOUVER,2025-11-05,16,Caramat,CARA,2025-11-06T11:33:06Z,2025-11-06T09:55:00Z,ARR,bad,98.0
1 (11-05),True,False,TORONTO,VANCOUVER,2025-11-05,17,Longlac,LLAC,2025-11-06T11:55:59Z,2025-11-06T10:34:00Z,ARR,bad,81.0
1 (11-05),True,False,TORONTO,VANCOUVER,2025-11-05,18,Nakina,NAKI,2025-11-06T12:42:37Z,2025-11-06T11:13:00Z,ARR,bad,89.0
1 (11-05),True,False,TORONTO,VANCOUVER,2025-11-05,19,Auden,AUDN,2025-11-06T13:46:52Z,2025-11-06T12:19:00Z,ARR,bad,87.0
1 (11-05),True,False,TORONTO,VANCOUVER,2025-11-05,20,Ferland,FERL,2025-11-06T14:23:52Z,2025-11-06T12:56:00Z,ARR,bad,87.0
1 (11-05),True,False,TORONTO,VANCOUVER,2025-11-05,21,Mud River,MUDR,2025-11-06T14:32:52Z,2025-11-06T13:05:00Z,ARR,bad,87.0
1 (11-05),True,False,TORONTO,VANCOUVER,2025-11-05,22,Armstrong,ARMG,2025-11-06T14:50:01Z,2025-11-06T14:17:00Z,ARR,bad,33.0
1 (11-05),True,False,TORONTO,VANCOUVER,2025-11-05,23,Collins,COLL,2025-11-06T15:29:22Z,2025-11-06T14:47:00Z,ARR,bad,42.0
1 (11-05),True,False,TORONTO,VANCOUVER,2025-11-05,24,Allanwater Bridge,ALWB,2025-11-06T16:08:22Z,2025-11-06T15:26:00Z,ARR,bad,42.0
1 (11-05),True,False,TORONTO,VANCOUVER,2025-11-05,25,Flindt Landing,FLTL,2025-11-06T16:24:22Z,2025-11-06T15:42:00Z,ARR,bad,42.0
1 (11-05),True,False,TORONTO,VANCOUVER,2025-11-05,26,Savant Lake,SAVL,2025-11-06T16:41:22Z,2025-11-06T15:59:00Z,ARR,bad,42.0
1 (11-05),True,False,TORONTO,VANCOUVER,2025-11-05,27,Sioux Lookout,SLKT,2025-11-06T18:23:29Z,2025-11-06T17:25:00Z,ARR,bad,58.0
1 (11-05),True,False,TORONTO,VANCOUVER,2025-11-05,28,Richan,RCHN,2025-11-06T19:54:09Z,2025-11-06T19:05:00Z,ARR,bad,49.0
1 (11-05),True,False,TORONTO,VANCOUVER,2025-11-05,29,Red Lake Road,RLRX,2025-11-06T20:45:38Z,2025-11-06T19:41:00Z,ARR,bad,64.0
1 (11-05),True,False,TORONTO,VANCOUVER,2025-11-05,30,Canyon,CNYK,2025-11-06T21:30:37Z,2025-11-06T20:10:00Z,ARR,bad,80.0
1 (11-05),True,False,TORONTO,VANCOUVER,2025-11-05,31,Farlane,FARL,2025-11-06T22:02:12Z,2025-11-06T20:47:00Z,ARR,bad,75.0
1 (11-05),True,False,TORONTO,VANCOUVER,2025-11-05,32,Redditt,RDDT,2025-11-06T22:15:50Z,2025-11-06T21:23:00Z,ARR,bad,52.0
1 (11-05),True,False,TORONTO,VANCOUVER,2025-11-05,33,Minaki,MNKI,2025-11-06T22:47:01Z,2025-11-06T21:44:00Z,ARR,bad,63.0
1 (11-05),True,False,TORONTO,VANCOUVER,2025-11-05,34,Ottermere,OTTM,2025-11-06T23:03:20Z,2025-11-06T22:01:00Z,ARR,bad,62.0
1 (11-05),True,False,TORONTO,VANCOUVER,2025-11-05,35,Malachi,MLCH,2025-11-06T23:09:20Z,2025-11-06T22:07:00Z,ARR,bad,62.0
1 (11-05),True,False,TORONTO,VANCOUVER,2025-11-05,36,Copelands Landing,COPE,2025-11-06T23:11:20Z,2025-11-06T22:09:00Z,ARR,bad,62.0
1 (11-05),True,False,TORONTO,VANCOUVER,2025-11-05,37,Rice Lake,RCLK,2025-11-06T23:17:24Z,2025-11-06T22:12:00Z,ARR,bad,65.0
1 (11-05),True,False,TORONTO,VANCOUVER,2025-11-05,38,Winnitoba,WNTB,2025-11-06T23:25:09Z,2025-11-06T22:26:00Z,ARR,bad,59.0
1 (11-05),True,False,TORONTO,VANCOUVER,2025-11-05,39,Ophir,OPHR,2025-11-06T23:25:56Z,2025-11-06T22:31:00Z,ARR,bad,54.0
1 (11-05),True,False,TORONTO,VANCOUVER,2025-11-05,40,Brereton Lake,BRTL,2025-11-06T23:38:55Z,2025-11-06T22:49:00Z,ARR,bad,49.0
1 (11-05),True,False,TORONTO,VANCOUVER,2025-11-05,41,Elma,ELMA,2025-11-06T23:55:12Z,2025-11-06T23:10:00Z,ARR,bad,45.0
1 (11-05),True,False,TORONTO,VANCOUVER,2025-11-05,42,Winnipeg,WNPG,2025-11-07T02:33:55Z,2025-11-07T01:30:00Z,ARR,bad,63.0
1 (11-05),True,False,TORONTO,VANCOUVER,2025-11-05,43,Portage La Prairie,PLPX,2025-11-07T06:04:20Z,2025-11-07T05:04:00Z,ARR,bad,60.0
1 (11-05),True,False,TORONTO,VANCOUVER,2025-11-05,44,Rivers,RVRS,2025-11-07T08:29:26Z,2025-11-07T07:31:00Z,ARR,bad,58.0
1 (11-05),True,False,TORONTO,VANCOUVER,2025-11-05,45,Melville,MELV,2025-11-07T11:09:11Z,2025-11-07T11:54:00Z,ARR,goo,-44.0
1 (11-05),True,False,TORONTO,VANCOUVER,2025-11-05,46,Watrous,WATR,2025-11-07T15:05:52Z,2025-11-07T14:54:00Z,ARR,med,11.0
1 (11-05),True,False,TORONTO,VANCOUVER,2025-11-05,47,Saskatoon,SASK,2025-11-07T16:29:14Z,2025-11-07T16:50:00Z,ARR,goo,-20.0
1 (11-05),True,False,TORONTO,VANCOUVER,2025-11-05,48,Biggar,BIGG,2025-11-07T19:55:29Z,2025-11-07T19:29:00Z,ARR,bad,26.0
1 (11-05),True,False,TORONTO,VANCOUVER,2025-11-05,49,Unity,UNIT,2025-11-07T21:49:36Z,2025-11-07T20:44:00Z,ARR,bad,65.0
1 (11-05),True,False,TORONTO,VANCOUVER,2025-11-05,50,Wainwright,WAIN,2025-11-07T23:45:58Z,2025-11-07T23:33:00Z,ARR,med,12.0
1 (11-05),True,False,TORONTO,VANCOUVER,2025-11-05,51,Viking,VKNG,2025-11-08T01:27:20Z,2025-11-08T00:26:00Z,ARR,bad,61.0
1 (11-05),True,False,TORONTO,VANCOUVER,2025-11-05,52,Edmonton,EDMO,2025-11-08T08:33:13Z,2025-11-08T03:50:00Z,ARR,bad,283.0
1 (11-05),True,False,TORONTO,VANCOUVER,2025-11-05,53,Evansburg,EVAN,2025-11-08T10:29:26Z,2025-11-08T08:29:00Z,ARR,bad,120.0
1 (11-05),True,False,TORONTO,VANCOUVER,2025-11-05,54,Edson,EDSN,2025-11-08T11:56:25Z,2025-11-08T09:52:00Z,ARR,bad,124.0
1 (11-05),True,False,TORONTO,VANCOUVER,2025-11-05,55,Hinton,HINT,2025-11-08T13:34:37Z,2025-11-08T10:58:00Z,ARR,bad,156.0
1 (11-05),True,False,TORONTO,VANCOUVER,2025-11-05,56,Jasper,JASP,2025-11-08T15:04:54Z,2025-11-08T13:30:00Z,ARR,bad,94.0
1 (11-05),True,False,TORONTO,VANCOUVER,2025-11-05,57,Valemount,VLMT,2025-11-08T21:57:15Z,2025-11-08T18:50:00Z,ARR,bad,187.0
1 (11-05),True,False,TORONTO,VANCOUVER,2025-11-05,58,Blue River,BLUE,2025-11-08T23:37:12Z,2025-11-08T21:36:00Z,ARR,bad,121.0
1 (11-05),True,False,TORONTO,VANCOUVER,2025-11-05,59,Clearwater,CLWT,2025-11-09T01:32:10Z,2025-11-08T23:45:00Z,ARR,bad,107.0
1 (11-05),True,False,TORONTO,VANCOUVER,2025-11-05,60,Kamloops North,KAMN,2025-11-09T03:57:09Z,2025-11-09T02:28:00Z,6 mins,bad,89.0
1 (11-05),True,False,TORONTO,VANCOUVER,2025-11-05,61,Ashcroft,ASHN,2025-11-09T06:18:09Z,2025-11-09T04:49:00Z,2h27,bad,89.0
1 (11-05),True,False,TORONTO,VANCOUVER,2025-11-05,62,Boston Bar,BBAR,&mdash;,2025-11-09T07:36:00Z,&mdash;,,
1 (11-05),True,False,TORONTO,VANCOUVER,2025-11-05,63,Hope,HOPE,&mdash;,2025-11-09T09:06:00Z,&mdash;,,
1 (11-05),True,False,TORONTO,VANCOUVER,2025-11-05,64,Chilliwack,CHIL,&mdash;,2025-11-09T09:30:00Z,&mdash;,,
1 (11-05),True,False,TORONTO,VANCOUVER,2025-11-05,65,Abbotsford,ABBO,&mdash;,2025-11-09T10:00:00Z,&mdash;,,
1 (11-05),True,False,TORONTO,VANCOUVER,2025-11-05,66,Vancouver,VCVR,&mdash;,2025-11-09T16:00:00Z,&mdash;,,
692 (11-06),True,True,THOMPSON,WINNIPEG,2025-11-06,0,Thompson,THOM,2025-11-07T20:00:00Z,2025-11-07T20:00:00Z,ARR,goo,0.0
692 (11-06),True,True,THOMPSON,WINNIPEG,2025-11-06,1,Leven,LEVN,2025-11-07T22:45:17Z,2025-11-07T22:05:00Z,ARR,bad,40.0
692 (11-06),True,True,THOMPSON,WINNIPEG,2025-11-06,2,Thicket Portage,THKP,2025-11-07T23:02:17Z,2025-11-07T22:22:00Z,ARR,bad,40.0
692 (11-06),True,True,THOMPSON,WINNIPEG,2025-11-06,3,Hockin,HOCK,2025-11-07T22:23:41Z,2025-11-07T22:37:00Z,ARR,goo,-13.0
692 (11-06),True,True,THOMPSON,WINNIPEG,2025-11-06,4,Odhill,ODHI,2025-11-07T23:00:52Z,2025-11-07T23:21:00Z,ARR,goo,-20.0
692 (11-06),True,True,THOMPSON,WINNIPEG,2025-11-06,5,Lyddal,LYDD,2025-11-07T23:25:23Z,2025-11-07T23:43:00Z,ARR,goo,-17.0
692 (11-06),True,True,THOMPSON,WINNIPEG,2025-11-06,6,Wabowden,WBDN,2025-11-07T23:49:50Z,2025-11-08T00:11:00Z,ARR,goo,-21.0
692 (11-06),True,True,THOMPSON,WINNIPEG,2025-11-06,7,Pipun,PIPN,2025-11-08T00:14:28Z,2025-11-08T00:34:00Z,ARR,goo,-19.0
692 (11-06),True,True,THOMPSON,WINNIPEG,2025-11-06,8,Ponton,PNTN,2025-11-08T01:00:13Z,2025-11-08T01:17:00Z,ARR,goo,-16.0
692 (11-06),True,True,THOMPSON,WINNIPEG,2025-11-06,9,Turnbull,TURN,2025-11-08T01:27:45Z,2025-11-08T01:49:00Z,ARR,goo,-21.0
692 (11-06),True,True,THOMPSON,WINNIPEG,2025-11-06,10,Wekusko,WEKU,2025-11-08T01:51:03Z,2025-11-08T02:16:00Z,ARR,goo,-24.0
692 (11-06),True,True,THOMPSON,WINNIPEG,2025-11-06,11,Dyce,DYCE,2025-11-08T02:36:05Z,2025-11-08T03:00:00Z,ARR,goo,-23.0
692 (11-06),True,True,THOMPSON,WINNIPEG,2025-11-06,12,Dering,DERI,2025-11-08T03:39:00Z,2025-11-08T03:39:00Z,ARR,goo,0.0
692 (11-06),True,True,THOMPSON,WINNIPEG,2025-11-06,13,Cormorant,CORM,2025-11-08T03:47:00Z,2025-11-08T03:47:00Z,ARR,goo,0.0
692 (11-06),True,True,THOMPSON,WINNIPEG,2025-11-06,14,Halcrow,HALC,2025-11-08T03:58:00Z,2025-11-08T03:58:00Z,ARR,goo,0.0
692 (11-06),True,True,THOMPSON,WINNIPEG,2025-11-06,15,Orok,OROK,2025-11-08T04:14:45Z,2025-11-08T04:52:00Z,ARR,goo,-37.0
692 (11-06),True,True,THOMPSON,WINNIPEG,2025-11-06,16,The Pas,TPAS,2025-11-08T04:48:54Z,2025-11-08T05:30:00Z,ARR,goo,-41.0
692 (11-06),True,True,THOMPSON,WINNIPEG,2025-11-06,17,Hudson Bay,HBAY,2025-11-08T11:27:00Z,2025-11-08T11:27:00Z,ARR,goo,0.0
692 (11-06),True,True,THOMPSON,WINNIPEG,2025-11-06,18,Reserve,RSRV,2025-11-08T12:09:00Z,2025-11-08T12:09:00Z,ARR,goo,0.0
692 (11-06),True,True,THOMPSON,WINNIPEG,2025-11-06,19,Endeavour,ENDV,2025-11-08T12:55:00Z,2025-11-08T12:55:00Z,ARR,goo,0.0
692 (11-06),True,True,THOMPSON,WINNIPEG,2025-11-06,20,Sturgis,STGS,2025-11-08T13:24:00Z,2025-11-08T13:24:00Z,ARR,goo,0.0
692 (11-06),True,True,THOMPSON,WINNIPEG,2025-11-06,21,Canora,CANO,2025-11-08T14:08:00Z,2025-11-08T14:08:00Z,ARR,goo,0.0
692 (11-06),True,True,THOMPSON,WINNIPEG,2025-11-06,22,Mikado,MIKA,2025-11-08T14:30:00Z,2025-11-08T14:30:00Z,ARR,goo,0.0
692 (11-06),True,True,THOMPSON,WINNIPEG,2025-11-06,23,Veregin,VERE,2025-11-08T14:43:00Z,2025-11-08T14:43:00Z,ARR,goo,0.0
692 (11-06),True,True,THOMPSON,WINNIPEG,2025-11-06,24,Kamsack,KAMS,2025-11-08T14:58:00Z,2025-11-08T14:58:00Z,ARR,goo,0.0
692 (11-06),True,True,THOMPSON,WINNIPEG,2025-11-06,25,Togo,TOGO,2025-11-08T15:37:00Z,2025-11-08T15:37:00Z,ARR,goo,0.0
692 (11-06),True,True,THOMPSON,WINNIPEG,2025-11-06,26,Roblin,RBLN,2025-11-08T16:14:00Z,2025-11-08T16:14:00Z,ARR,goo,0.0
692 (11-06),True,True,THOMPSON,WINNIPEG,2025-11-06,27,Grandview,GVIE,2025-11-08T18:00:19Z,2025-11-08T17:12:00Z,ARR,bad,48.0
692 (11-06),True,True,THOMPSON,WINNIPEG,2025-11-06,28,Gilbert Plains,GLBP,2025-11-08T18:18:55Z,2025-11-08T17:32:00Z,ARR,bad,46.0
692 (11-06),True,True,THOMPSON,WINNIPEG,2025-11-06,29,Dauphin,DAUP,2025-11-08T18:55:35Z,2025-11-08T17:56:00Z,ARR,bad,59.0
692 (11-06),True,True,THOMPSON,WINNIPEG,2025-11-06,30,Ochre River,OCHR,2025-11-08T19:23:19Z,2025-11-08T18:20:00Z,ARR,bad,63.0
692 (11-06),True,True,THOMPSON,WINNIPEG,2025-11-06,31,Laurier,LRIE,2025-11-08T19:54:46Z,2025-11-08T18:38:00Z,ARR,bad,76.0
692 (11-06),True,True,THOMPSON,WINNIPEG,2025-11-06,32,Mccreary,MCCR,2025-11-08T20:29:22Z,2025-11-08T18:54:00Z,ARR,bad,95.0
692 (11-06),True,True,THOMPSON,WINNIPEG,2025-11-06,33,Glenella,GLNA,2025-11-08T21:12:39Z,2025-11-08T19:34:00Z,ARR,bad,98.0
692 (11-06),True,True,THOMPSON,WINNIPEG,2025-11-06,34,Plumas,PLUM,2025-11-08T21:39:14Z,2025-11-08T20:06:00Z,ARR,bad,93.0
692 (11-06),True,True,THOMPSON,WINNIPEG,2025-11-06,35,Gladstone,GSTO,2025-11-08T22:11:49Z,2025-11-08T20:51:00Z,ARR,bad,80.0
692 (11-06),True,True,THOMPSON,WINNIPEG,2025-11-06,36,Portage La Prairie,PLPX,2025-11-08T23:02:09Z,2025-11-08T21:37:00Z,ARR,bad,85.0
692 (11-06),True,True,THOMPSON,WINNIPEG,2025-11-06,37,Winnipeg,WNPG,2025-11-09T00:05:42Z,2025-11-08T22:45:00Z,ARR,bad,80.0
2 (11-07),True,False,VANCOUVER,TORONTO,2025-11-07,0,Vancouver,VCVR,2025-11-07T23:00:00Z,2025-11-07T23:00:00Z,ARR,goo,0.0
2 (11-07),True,False,VANCOUVER,TORONTO,2025-11-07,1,Mission Harbour,MSNH,2025-11-08T01:51:04Z,2025-11-08T00:35:00Z,ARR,bad,76.0
2 (11-07),True,False,VANCOUVER,TORONTO,2025-11-07,2,Agassiz,AGAS,2025-11-08T02:36:19Z,2025-11-08T01:03:00Z,ARR,bad,93.0
2 (11-07),True,False,VANCOUVER,TORONTO,2025-11-07,3,Katz,KATZ,2025-11-08T02:50:55Z,2025-11-08T01:17:00Z,ARR,bad,93.0
2 (11-07),True,False,VANCOUVER,TORONTO,2025-11-07,4,North Bend,NBND,2025-11-08T04:36:22Z,2025-11-08T03:46:00Z,ARR,bad,50.0
2 (11-07),True,False,VANCOUVER,TORONTO,2025-11-07,5,Ashcroft,ASHN,2025-11-08T06:50:32Z,2025-11-08T06:32:00Z,ARR,bad,18.0
2 (11-07),True,False,VANCOUVER,TORONTO,2025-11-07,6,Kamloops North,KAMN,2025-11-08T08:20:41Z,2025-11-08T08:17:00Z,ARR,goo,3.0
2 (11-07),True,False,VANCOUVER,TORONTO,2025-11-07,7,Clearwater,CLWT,2025-11-08T10:30:52Z,2025-11-08T10:58:00Z,ARR,goo,-27.0
2 (11-07),True,False,VANCOUVER,TORONTO,2025-11-07,8,Blue River,BLUE,2025-11-08T14:06:11Z,2025-11-08T13:11:00Z,ARR,bad,55.0
2 (11-07),True,False,VANCOUVER,TORONTO,2025-11-07,9,Valemount,VLMT,2025-11-08T17:17:10Z,2025-11-08T15:01:00Z,ARR,bad,136.0
2 (11-07),True,False,VANCOUVER,TORONTO,2025-11-07,10,Jasper,JASP,2025-11-08T21:02:07Z,2025-11-08T18:00:00Z,ARR,bad,182.0
2 (11-07),True,False,VANCOUVER,TORONTO,2025-11-07,11,Hinton,HINT,2025-11-09T01:39:37Z,2025-11-08T20:45:00Z,ARR,bad,294.0
2 (11-07),True,False,VANCOUVER,TORONTO,2025-11-07,12,Edson,EDSN,2025-11-09T03:26:39Z,2025-11-08T22:19:00Z,ARR,bad,307.0
2 (11-07),True,False,VANCOUVER,TORONTO,2025-11-07,13,Evansburg,EVAN,2025-11-09T04:40:12Z,2025-11-08T23:28:00Z,49 mins,bad,312.0
2 (11-07),True,False,VANCOUVER,TORONTO,2025-11-07,14,Edmonton,EDMO,2025-11-09T07:02:12Z,2025-11-09T01:50:00Z,3h11,bad,312.0
2 (11-07),True,False,VANCOUVER,TORONTO,2025-11-07,15,Viking,VKNG,&mdash;,2025-11-09T04:53:00Z,&mdash;,,
2 (11-07),True,False,VANCOUVER,TORONTO,2025-11-07,16,Wainwright,WAIN,&mdash;,2025-11-09T07:14:00Z,&mdash;,,
2 (11-07),True,False,VANCOUVER,TORONTO,2025-11-07,17,Unity,UNIT,&mdash;,2025-11-09T08:47:00Z,&mdash;,,
2 (11-07),True,False,VANCOUVER,TORONTO,2025-11-07,18,Biggar,BIGG,&mdash;,2025-11-09T10:21:00Z,&mdash;,,
2 (11-07),True,False,VANCOUVER,TORONTO,2025-11-07,19,Saskatoon,SASK,&mdash;,2025-11-09T12:57:00Z,&mdash;,,
2 (11-07),True,False,VANCOUVER,TORONTO,2025-11-07,20,Watrous,WATR,&mdash;,2025-11-09T15:26:00Z,&mdash;,,
692 (11-08),True,False,CHURCHILL,WINNIPEG,2025-11-08,0,Churchill,CHUR,2025-11-09T02:34:33Z,2025-11-09T02:30:00Z,ARR,goo,4.0
692 (11-08),True,False,CHURCHILL,WINNIPEG,2025-11-08,1,Tidal,TIDL,2025-11-09T03:06:22Z,2025-11-09T02:52:00Z,ARR,med,14.0
692 (11-08),True,False,CHURCHILL,WINNIPEG,2025-11-08,2,Chesnaye,CHES,2025-11-09T04:02:41Z,2025-11-09T03:38:00Z,12 mins,bad,24.0
692 (11-08),True,False,CHURCHILL,WINNIPEG,2025-11-08,3,M'Clintock,MCLI,2025-11-09T05:18:41Z,2025-11-09T04:54:00Z,1h28,bad,24.0
692 (11-08),True,False,CHURCHILL,WINNIPEG,2025-11-08,4,O'Day,ODAY,2025-11-09T06:03:41Z,2025-11-09T05:39:00Z,2h13,bad,24.0
692 (11-08),True,False,CHURCHILL,WINNIPEG,2025-11-08,5,Herchmer,HERC,2025-11-09T06:42:41Z,2025-11-09T06:18:00Z,2h52,bad,24.0
692 (11-08),True,False,CHURCHILL,WINNIPEG,2025-11-08,6,Thibaudeau,THIB,2025-11-09T08:08:41Z,2025-11-09T07:44:00Z,4h18,bad,24.0
692 (11-08),True,False,CHURCHILL,WINNIPEG,2025-11-08,7,Weir River,WEIR,2025-11-09T09:10:41Z,2025-11-09T08:46:00Z,5h20,bad,24.0
692 (11-08),True,False,CHURCHILL,WINNIPEG,2025-11-08,8,Amery,AMRY,2025-11-09T10:01:41Z,2025-11-09T09:37:00Z,6h11,bad,24.0
692 (11-08),True,False,CHURCHILL,WINNIPEG,2025-11-08,9,Bird,BIRD,2025-11-09T10:24:41Z,2025-11-09T10:00:00Z,6h34,bad,24.0
692 (11-08),True,False,CHURCHILL,WINNIPEG,2025-11-08,10,Gillam,GILL,2025-11-09T11:24:41Z,2025-11-09T11:00:00Z,7h34,bad,24.0
692 (11-08),True,False,CHURCHILL,WINNIPEG,2025-11-08,11,Wivenhoe,WVHO,2025-11-09T12:40:41Z,2025-11-09T12:16:00Z,8h50,bad,24.0
692 (11-08),True,False,CHURCHILL,WINNIPEG,2025-11-08,12,Ilford,ILFO,2025-11-09T13:17:41Z,2025-11-09T12:53:00Z,9h27,bad,24.0
692 (11-08),True,False,CHURCHILL,WINNIPEG,2025-11-08,13,Pit Siding,PITS,2025-11-09T14:18:41Z,2025-11-09T13:54:00Z,10h28,bad,24.0
692 (11-08),True,False,CHURCHILL,WINNIPEG,2025-11-08,14,Bridgar,BRGR,2025-11-09T15:40:41Z,2025-11-09T15:16:00Z,11h50,bad,24.0
692 (11-08),True,False,CHURCHILL,WINNIPEG,2025-11-08,15,Pikwitonei,PIKW,2025-11-09T15:51:41Z,2025-11-09T15:27:00Z,12h01,bad,24.0
692 (11-08),True,False,CHURCHILL,WINNIPEG,2025-11-08,16,Sipiwesk,SIPI,2025-11-09T16:18:41Z,2025-11-09T15:54:00Z,12h28,bad,24.0
692 (11-08),True,False,CHURCHILL,WINNIPEG,2025-11-08,17,Thompson,THOM,2025-11-09T17:54:41Z,2025-11-09T17:30:00Z,14h04,bad,24.0
15,True,True,HALIFAX,MONTRÉAL,2025-11-07,0,Halifax,HLFX,2025-11-07T15:34:59Z,2025-11-07T15:30:00Z,ARR,goo,4.0
15,True,True,HALIFAX,MONTRÉAL,2025-11-07,1,Truro,TRUR,2025-11-07T16:56:58Z,2025-11-07T16:56:00Z,ARR,goo,0.0
15,True,True,HALIFAX,MONTRÉAL,2025-11-07,2,Springhill Jct,SPRJ,2025-11-07T18:13:37Z,2025-11-07T18:11:00Z,ARR,goo,2.0
15,True,True,HALIFAX,MONTRÉAL,2025-11-07,3,Amherst,AMHS,2025-11-07T18:34:08Z,2025-11-07T18:34:00Z,ARR,goo,0.0
15,True,True,HALIFAX,MONTRÉAL,2025-11-07,4,Sackville,SACK,2025-11-07T18:55:33Z,2025-11-07T18:50:00Z,ARR,med,5.0
15,True,True,HALIFAX,MONTRÉAL,2025-11-07,5,Moncton,MCTN,2025-11-07T19:44:15Z,2025-11-07T19:44:00Z,ARR,goo,0.0
15,True,True,HALIFAX,MONTRÉAL,2025-11-07,6,Rogersville,RGRV,2025-11-07T21:23:42Z,2025-11-07T21:08:00Z,ARR,bad,15.0
15,True,True,HALIFAX,MONTRÉAL,2025-11-07,7,Miramichi,MIRA,2025-11-07T22:15:00Z,2025-11-07T21:59:00Z,ARR,bad,16.0
15,True,True,HALIFAX,MONTRÉAL,2025-11-07,8,Bathurst,BTRS,2025-11-07T23:59:12Z,2025-11-07T23:55:00Z,ARR,goo,4.0
15,True,True,HALIFAX,MONTRÉAL,2025-11-07,9,Petit Rocher,PROC,2025-11-08T00:28:15Z,2025-11-08T00:22:00Z,ARR,med,6.0
15,True,True,HALIFAX,MONTRÉAL,2025-11-07,10,Jacquet River,JACR,2025-11-08T01:00:55Z,2025-11-08T00:44:01Z,ARR,bad,16.0
15,True,True,HALIFAX,MONTRÉAL,2025-11-07,11,Charlo,CHLO,2025-11-08T01:39:31Z,2025-11-08T01:07:00Z,ARR,bad,32.0
15,True,True,HALIFAX,MONTRÉAL,2025-11-07,12,Campbellton,CBTN,2025-11-08T02:28:43Z,2025-11-08T02:10:00Z,ARR,bad,18.0
15,True,True,HALIFAX,MONTRÉAL,2025-11-07,13,Matapedia,MTPD,2025-11-08T03:10:52Z,2025-11-08T02:52:00Z,ARR,bad,18.0
15,True,True,HALIFAX,MONTRÉAL,2025-11-07,14,Causapscal,CAUS,2025-11-08T04:03:30Z,2025-11-08T03:41:00Z,ARR,bad,22.0
15,True,True,HALIFAX,MONTRÉAL,2025-11-07,15,Amqui,AMQU,2025-11-08T04:31:30Z,2025-11-08T04:01:00Z,ARR,bad,30.0
15,True,True,HALIFAX,MONTRÉAL,2025-11-07,16,Sayabec,SAYA,2025-11-08T05:04:18Z,2025-11-08T04:23:00Z,ARR,bad,41.0
15,True,True,HALIFAX,MONTRÉAL,2025-11-07,17,Mont-Joli,MJLI,2025-11-08T06:14:04Z,2025-11-08T05:53:00Z,ARR,bad,21.0
15,True,True,HALIFAX,MONTRÉAL,2025-11-07,18,Rimouski,RMSK,2025-11-08T06:43:19Z,2025-11-08T06:24:00Z,ARR,bad,19.0
15,True,True,HALIFAX,MONTRÉAL,2025-11-07,19,Trois Pistoles,TPIS,2025-11-08T08:20:09Z,2025-11-08T07:29:00Z,ARR,bad,51.0
15,True,True,HALIFAX,MONTRÉAL,2025-11-07,20,Rivière-Du-Loup,RDLX,2025-11-08T08:58:50Z,2025-11-08T08:16:00Z,ARR,bad,42.0
15,True,True,HALIFAX,MONTRÉAL,2025-11-07,21,La Pocatière,LPOC,2025-11-08T09:47:04Z,2025-11-08T09:05:00Z,ARR,bad,42.0
15,True,True,HALIFAX,MONTRÉAL,2025-11-07,22,Montmagny,MMGY,2025-11-08T10:14:50Z,2025-11-08T09:39:00Z,ARR,bad,35.0
15,True,True,HALIFAX,MONTRÉAL,2025-11-07,23,Ste-Foy,SFOY,2025-11-08T11:06:33Z,2025-11-08T11:13:00Z,ARR,goo,-6.0
15,True,True,HALIFAX,MONTRÉAL,2025-11-07,24,Drummondville,DRMV,2025-11-08T13:14:14Z,2025-11-08T13:20:00Z,ARR,goo,-5.0
15,True,True,HALIFAX,MONTRÉAL,2025-11-07,25,St. Hyacinthe,SHYA,2025-11-08T13:45:36Z,2025-11-08T14:00:00Z,ARR,goo,-14.0
15,True,True,HALIFAX,MONTRÉAL,2025-11-07,26,St. Lambert,SLAM,2025-11-08T14:14:45Z,2025-11-08T14:34:00Z,ARR,goo,-19.0
15,True,True,HALIFAX,MONTRÉAL,2025-11-07,27,Montréal,MTRL,2025-11-08T15:50:31Z,2025-11-08T14:53:00Z,ARR,bad,57.0
6,True,True,PRINCE RUPERT,JASPER,2025-11-07,0,Prince Rupert,PRUP,2025-11-07T15:58:00Z,2025-11-07T16:00:00Z,ARR,goo,-2.0
6,True,True,PRINCE RUPERT,JASPER,2025-11-07,1,Cassiar Cannery,CASS,2025-11-07T16:46:58Z,2025-11-07T16:20:00Z,ARR,bad,26.0
6,True,True,PRINCE RUPERT,JASPER,2025-11-07,2,Kwinitsa,KWIN,2025-11-07T17:25:37Z,2025-11-07T17:17:00Z,ARR,med,8.0
6,True,True,PRINCE RUPERT,JASPER,2025-11-07,3,Terrace,TRRC,2025-11-07T18:23:16Z,2025-11-07T18:20:00Z,ARR,goo,3.0
6,True,True,PRINCE RUPERT,JASPER,2025-11-07,4,Usk,USKX,2025-11-07T18:48:24Z,2025-11-07T18:48:00Z,ARR,goo,0.0
6,True,True,PRINCE RUPERT,JASPER,2025-11-07,5,Pacific,PACI,2025-11-07T19:13:14Z,2025-11-07T19:07:00Z,ARR,med,6.0
6,True,True,PRINCE RUPERT,JASPER,2025-11-07,6,Dorreen,DORR,2025-11-07T19:30:02Z,2025-11-07T19:19:00Z,ARR,med,11.0
6,True,True,PRINCE RUPERT,JASPER,2025-11-07,7,Cedarvale,CEDA,2025-11-07T19:55:06Z,2025-11-07T19:44:00Z,ARR,med,11.0
6,True,True,PRINCE RUPERT,JASPER,2025-11-07,8,Kitwanga,KITW,2025-11-07T20:15:11Z,2025-11-07T19:48:01Z,ARR,bad,27.0
6,True,True,PRINCE RUPERT,JASPER,2025-11-07,9,New Hazelton,NHAZ,2025-11-07T20:56:47Z,2025-11-07T20:30:00Z,ARR,bad,26.0
6,True,True,PRINCE RUPERT,JASPER,2025-11-07,10,Smithers,SMTR,2025-11-07T22:19:37Z,2025-11-07T22:14:00Z,ARR,med,5.0
6,True,True,PRINCE RUPERT,JASPER,2025-11-07,11,Telkwa,TELK,2025-11-07T22:48:39Z,2025-11-07T22:37:00Z,ARR,med,11.0
6,True,True,PRINCE RUPERT,JASPER,2025-11-07,12,Houston,HOUS,2025-11-07T23:27:54Z,2025-11-07T23:22:00Z,ARR,med,5.0
6,True,True,PRINCE RUPERT,JASPER,2025-11-07,13,Burns Lake,BRNL,2025-11-08T00:30:25Z,2025-11-08T00:32:00Z,ARR,goo,-1.0
6,True,True,PRINCE RUPERT,JASPER,2025-11-07,14,Endako,ENDA,2025-11-08T01:18:11Z,2025-11-08T01:25:00Z,ARR,goo,-6.0
6,True,True,PRINCE RUPERT,JASPER,2025-11-07,15,Fort Fraser,FFRA,2025-11-08T01:44:34Z,2025-11-08T01:57:00Z,ARR,goo,-12.0
6,True,True,PRINCE RUPERT,JASPER,2025-11-07,16,Vanderhoof,VDRH,2025-11-08T02:20:30Z,2025-11-08T02:35:00Z,ARR,goo,-14.0
6,True,True,PRINCE RUPERT,JASPER,2025-11-07,17,Prince George,PGEO,2025-11-08T04:35:34Z,2025-11-08T04:29:00Z,ARR,med,6.0
6,True,True,PRINCE RUPERT,JASPER,2025-11-07,18,Willow River,WILR,2025-11-08T16:48:00Z,2025-11-08T16:48:00Z,ARR,goo,0.0
6,True,True,PRINCE RUPERT,JASPER,2025-11-07,19,Aleza Lake,ALZL,2025-11-08T18:48:09Z,2025-11-08T17:17:00Z,ARR,bad,91.0
6,True,True,PRINCE RUPERT,JASPER,2025-11-07,20,Upper Fraser,UFRZ,2025-11-08T18:56:09Z,2025-11-08T17:25:00Z,ARR,bad,91.0
6,True,True,PRINCE RUPERT,JASPER,2025-11-07,21,Mcgregor,MCGR,2025-11-08T19:04:09Z,2025-11-08T17:33:00Z,ARR,bad,91.0
6,True,True,PRINCE RUPERT,JASPER,2025-11-07,22,Sinclair Mills,SINM,2025-11-08T19:20:16Z,2025-11-08T17:44:00Z,ARR,bad,96.0
6,True,True,PRINCE RUPERT,JASPER,2025-11-07,23,Hutton,HUTT,2025-11-08T17:48:00Z,2025-11-08T17:48:00Z,ARR,goo,0.0
6,True,True,PRINCE RUPERT,JASPER,2025-11-07,24,Longworth,LWTH,2025-11-08T17:59:00Z,2025-11-08T17:59:00Z,ARR,goo,0.0
6,True,True,PRINCE RUPERT,JASPER,2025-11-07,25,Penny,PENN,2025-11-08T18:13:00Z,2025-11-08T18:13:00Z,ARR,goo,0.0
6,True,True,PRINCE RUPERT,JASPER,2025-11-07,26,Bend,BEND,2025-11-08T18:32:00Z,2025-11-08T18:32:00Z,ARR,goo,0.0
6,True,True,PRINCE RUPERT,JASPER,2025-11-07,27,Dome Creek,DOMC,2025-11-08T18:33:07Z,2025-11-08T18:33:07Z,ARR,goo,0.0
6,True,True,PRINCE RUPERT,JASPER,2025-11-07,28,Loos,LOOS,2025-11-08T21:09:34Z,2025-11-08T19:07:00Z,ARR,bad,122.0
6,True,True,PRINCE RUPERT,JASPER,2025-11-07,29,Goat River,GOAT,2025-11-08T21:23:13Z,2025-11-08T19:22:00Z,ARR,bad,121.0
6,True,True,PRINCE RUPERT,JASPER,2025-11-07,30,Mcbride,MCBR,2025-11-08T22:11:39Z,2025-11-08T20:18:00Z,ARR,bad,113.0
6,True,True,PRINCE RUPERT,JASPER,2025-11-07,31,Dunster,DNST,2025-11-08T22:51:44Z,2025-11-08T20:35:00Z,ARR,bad,136.0
6,True,True,PRINCE RUPERT,JASPER,2025-11-07,32,Harvey,HRVY,2025-11-08T23:24:21Z,2025-11-08T21:24:00Z,ARR,bad,120.0
6,True,True,PRINCE RUPERT,JASPER,2025-11-07,33,Jasper,JASP,2025-11-09T03:20:13Z,2025-11-09T00:00:00Z,ARR,bad,200.0
5,True,False,JASPER,PRINCE RUPERT,2025-11-07,0,Jasper,JASP,2025-11-07T17:48:03Z,2025-11-07T17:45:00Z,ARR,goo,3.0
5,True,False,JASPER,PRINCE RUPERT,2025-11-07,1,Harvey,HRVY,2025-11-07T23:07:08Z,2025-11-07T19:38:00Z,ARR,bad,209.0
5,True,False,JASPER,PRINCE RUPERT,2025-11-07,2,Dunster,DNST,2025-11-07T23:38:39Z,2025-11-07T20:12:00Z,ARR,bad,206.0
5,True,False,JASPER,PRINCE RUPERT,2025-11-07,3,Mcbride,MCBR,2025-11-08T00:08:52Z,2025-11-07T20:44:00Z,ARR,bad,204.0
5,True,False,JASPER,PRINCE RUPERT,2025-11-07,4,Goat River,GOAT,2025-11-08T03:02:34Z,2025-11-07T21:41:00Z,ARR,bad,321.0
5,True,False,JASPER,PRINCE RUPERT,2025-11-07,5,Loos,LOOS,2025-11-08T03:16:30Z,2025-11-07T21:58:00Z,ARR,bad,318.0
5,True,False,JASPER,PRINCE RUPERT,2025-11-07,6,Dome Creek,DOMC,2025-11-08T03:43:55Z,2025-11-07T22:32:00Z,ARR,bad,311.0
5,True,False,JASPER,PRINCE RUPERT,2025-11-07,7,Bend,BEND,2025-11-08T03:46:29Z,2025-11-07T22:36:00Z,ARR,bad,310.0
5,True,False,JASPER,PRINCE RUPERT,2025-11-07,8,Penny,PENN,2025-11-08T04:04:08Z,2025-11-07T22:56:00Z,ARR,bad,308.0
5,True,False,JASPER,PRINCE RUPERT,2025-11-07,9,Longworth,LWTH,2025-11-08T04:15:15Z,2025-11-07T23:11:00Z,ARR,bad,304.0
5,True,False,JASPER,PRINCE RUPERT,2025-11-07,10,Hutton,HUTT,2025-11-08T04:26:50Z,2025-11-07T23:24:00Z,ARR,bad,302.0
5,True,False,JASPER,PRINCE RUPERT,2025-11-07,11,Sinclair Mills,SINM,2025-11-08T04:32:50Z,2025-11-07T23:30:00Z,ARR,bad,302.0
5,True,False,JASPER,PRINCE RUPERT,2025-11-07,12,Mcgregor,MCGR,2025-11-08T04:40:51Z,2025-11-07T23:43:00Z,ARR,bad,297.0
5,True,False,JASPER,PRINCE RUPERT,2025-11-07,13,Upper Fraser,UFRZ,2025-11-08T04:49:51Z,2025-11-07T23:52:00Z,ARR,bad,297.0
5,True,False,JASPER,PRINCE RUPERT,2025-11-07,14,Aleza Lake,ALZL,2025-11-08T04:58:51Z,2025-11-08T00:01:00Z,ARR,bad,297.0
5,True,False,JASPER,PRINCE RUPERT,2025-11-07,15,Willow River,WILR,2025-11-08T05:15:59Z,2025-11-08T00:31:00Z,ARR,bad,284.0
5,True,False,JASPER,PRINCE RUPERT,2025-11-07,16,Prince George,PGEO,2025-11-08T05:45:49Z,2025-11-08T01:08:00Z,ARR,bad,277.0
5,True,False,JASPER,PRINCE RUPERT,2025-11-07,17,Vanderhoof,VDRH,2025-11-08T17:53:27Z,2025-11-08T17:55:00Z,ARR,goo,-1.0
5,True,False,JASPER,PRINCE RUPERT,2025-11-07,18,Fort Fraser,FFRA,2025-11-08T18:35:46Z,2025-11-08T18:32:00Z,ARR,goo,3.0
5,True,False,JASPER,PRINCE RUPERT,2025-11-07,19,Endako,ENDA,2025-11-08T19:15:55Z,2025-11-08T18:50:00Z,ARR,bad,25.0
5,True,False,JASPER,PRINCE RUPERT,2025-11-07,20,Burns Lake,BRNL,2025-11-08T20:01:41Z,2025-11-08T19:58:00Z,ARR,goo,3.0
5,True,False,JASPER,PRINCE RUPERT,2025-11-07,21,Houston,HOUS,2025-11-08T21:03:38Z,2025-11-08T21:08:00Z,ARR,goo,-4.0
5,True,False,JASPER,PRINCE RUPERT,2025-11-07,22,Telkwa,TELK,2025-11-08T21:44:52Z,2025-11-08T21:52:00Z,ARR,goo,-7.0
5,True,False,JASPER,PRINCE RUPERT,2025-11-07,23,Smithers,SMTR,2025-11-08T21:58:39Z,2025-11-08T22:10:00Z,ARR,goo,-11.0
5,True,False,JASPER,PRINCE RUPERT,2025-11-07,24,New Hazelton,NHAZ,2025-11-09T00:25:15Z,2025-11-08T23:37:00Z,ARR,bad,48.0
5,True,False,JASPER,PRINCE RUPERT,2025-11-07,25,Kitwanga,KITW,2025-11-09T01:06:06Z,2025-11-09T00:27:00Z,ARR,bad,39.0
5,True,False,JASPER,PRINCE RUPERT,2025-11-07,26,Cedarvale,CEDA,2025-11-09T01:25:28Z,2025-11-09T00:51:00Z,ARR,bad,34.0
5,True,False,JASPER,PRINCE RUPERT,2025-11-07,27,Dorreen,DORR,2025-11-09T01:44:22Z,2025-11-09T01:12:00Z,ARR,bad,32.0
5,True,False,JASPER,PRINCE RUPERT,2025-11-07,28,Pacific,PACI,2025-11-09T01:51:28Z,2025-11-09T01:21:00Z,ARR,bad,30.0
5,True,False,JASPER,PRINCE RUPERT,2025-11-07,29,Usk,USKX,2025-11-09T02:09:55Z,2025-11-09T01:40:00Z,ARR,bad,29.0
5,True,False,JASPER,PRINCE RUPERT,2025-11-07,30,Terrace,TRRC,2025-11-09T02:47:06Z,2025-11-09T02:00:00Z,ARR,bad,47.0
5,True,False,JASPER,PRINCE RUPERT,2025-11-07,31,Kwinitsa,KWIN,2025-11-09T03:53:15Z,2025-11-09T03:09:00Z,2 mins,bad,44.0
5,True,False,JASPER,PRINCE RUPERT,2025-11-07,32,Cassiar Cannery,CASS,2025-11-09T04:29:15Z,2025-11-09T03:45:00Z,38 mins,bad,44.0
5,True,False,JASPER,PRINCE RUPERT,2025-11-07,33,Prince Rupert,PRUP,2025-11-09T05:09:15Z,2025-11-09T04:25:00Z,1h18,bad,44.0
691,True,True,THE PAS,CHURCHILL,2025-11-07,0,The Pas,TPAS,2025-11-07T08:30:00Z,2025-11-07T08:30:00Z,ARR,goo,0.0
691,True,True,THE PAS,CHURCHILL,2025-11-07,1,Orok,OROK,2025-11-07T09:03:51Z,2025-11-07T09:07:00Z,ARR,goo,-3.0
691,True,True,THE PAS,CHURCHILL,2025-11-07,2,Halcrow,HALC,2025-11-07T09:51:14Z,2025-11-07T10:01:00Z,ARR,goo,-9.0
691,True,True,THE PAS,CHURCHILL,2025-11-07,3,Cormorant,CORM,2025-11-07T10:12:00Z,2025-11-07T10:12:00Z,ARR,goo,0.0
691,True,True,THE PAS,CHURCHILL,2025-11-07,4,Dering,DERI,2025-11-07T10:06:21Z,2025-11-07T10:20:00Z,ARR,goo,-13.0
691,True,True,THE PAS,CHURCHILL,2025-11-07,5,Dyce,DYCE,2025-11-07T10:59:00Z,2025-11-07T10:59:00Z,ARR,goo,0.0
691,True,True,THE PAS,CHURCHILL,2025-11-07,6,Wekusko,WEKU,2025-11-07T11:24:48Z,2025-11-07T11:43:00Z,ARR,goo,-18.0
691,True,True,THE PAS,CHURCHILL,2025-11-07,7,Turnbull,TURN,2025-11-07T11:48:28Z,2025-11-07T12:10:00Z,ARR,goo,-21.0
691,True,True,THE PAS,CHURCHILL,2025-11-07,8,Ponton,PNTN,2025-11-07T12:16:11Z,2025-11-07T12:42:00Z,ARR,goo,-25.0
691,True,True,THE PAS,CHURCHILL,2025-11-07,9,Pipun,PIPN,2025-11-07T13:02:06Z,2025-11-07T13:25:00Z,ARR,goo,-22.0
691,True,True,THE PAS,CHURCHILL,2025-11-07,10,Wabowden,WBDN,2025-11-07T13:16:47Z,2025-11-07T13:48:00Z,ARR,goo,-31.0
691,True,True,THE PAS,CHURCHILL,2025-11-07,11,Lyddal,LYDD,2025-11-07T14:13:20Z,2025-11-07T14:16:00Z,ARR,goo,-2.0
691,True,True,THE PAS,CHURCHILL,2025-11-07,12,Odhill,ODHI,2025-11-07T14:37:21Z,2025-11-07T14:38:00Z,ARR,goo,0.0
691,True,True,THE PAS,CHURCHILL,2025-11-07,13,Hockin,HOCK,2025-11-07T15:15:47Z,2025-11-07T15:22:00Z,ARR,goo,-6.0
691,True,True,THE PAS,CHURCHILL,2025-11-07,14,Thicket Portage,THKP,2025-11-07T15:37:00Z,2025-11-07T15:37:00Z,ARR,goo,0.0
691,True,True,THE PAS,CHURCHILL,2025-11-07,15,Leven,LEVN,2025-11-07T15:52:52Z,2025-11-07T15:54:00Z,ARR,goo,-1.0
691,True,True,THE PAS,CHURCHILL,2025-11-07,16,Thompson,THOM,2025-11-07T19:22:43Z,2025-11-07T18:00:00Z,ARR,bad,82.0
691,True,True,THE PAS,CHURCHILL,2025-11-07,17,Sipiwesk,SIPI,2025-11-08T00:39:14Z,2025-11-08T00:35:00Z,ARR,goo,4.0
691,True,True,THE PAS,CHURCHILL,2025-11-07,18,Pikwitonei,PIKW,2025-11-08T01:06:14Z,2025-11-08T01:02:00Z,ARR,goo,4.0
691,True,True,THE PAS,CHURCHILL,2025-11-07,19,Bridgar,BRGR,2025-11-08T01:17:14Z,2025-11-08T01:13:00Z,ARR,goo,4.0
691,True,True,THE PAS,CHURCHILL,2025-11-07,20,Pit Siding,PITS,2025-11-08T02:52:01Z,2025-11-08T02:35:00Z,ARR,bad,17.0
691,True,True,THE PAS,CHURCHILL,2025-11-07,21,Ilford,ILFO,2025-11-08T04:06:54Z,2025-11-08T03:36:00Z,ARR,bad,30.0
691,True,True,THE PAS,CHURCHILL,2025-11-07,22,Wivenhoe,WVHO,2025-11-08T05:01:37Z,2025-11-08T04:13:00Z,ARR,bad,48.0
691,True,True,THE PAS,CHURCHILL,2025-11-07,23,Gillam,GILL,2025-11-08T05:45:59Z,2025-11-08T05:00:01Z,ARR,bad,45.0
691,True,True,THE PAS,CHURCHILL,2025-11-07,24,Bird,BIRD,2025-11-08T06:50:23Z,2025-11-08T06:29:00Z,ARR,bad,21.0
691,True,True,THE PAS,CHURCHILL,2025-11-07,25,Amery,AMRY,2025-11-08T07:19:08Z,2025-11-08T06:51:00Z,ARR,bad,28.0
691,True,True,THE PAS,CHURCHILL,2025-11-07,26,Weir River,WEIR,2025-11-08T08:18:35Z,2025-11-08T07:43:00Z,ARR,bad,35.0
691,True,True,THE PAS,CHURCHILL,2025-11-07,27,Thibaudeau,THIB,2025-11-08T09:28:43Z,2025-11-08T09:00:00Z,ARR,bad,28.0
691,True,True,THE PAS,CHURCHILL,2025-11-07,28,Herchmer,HERC,2025-11-08T10:34:18Z,2025-11-08T10:26:00Z,ARR,med,8.0
691,True,True,THE PAS,CHURCHILL,2025-11-07,29,O'Day,ODAY,2025-11-08T11:13:18Z,2025-11-08T11:05:00Z,ARR,med,8.0
691,True,True,THE PAS,CHURCHILL,2025-11-07,30,M'Clintock,MCLI,2025-11-08T11:58:18Z,2025-11-08T11:50:00Z,ARR,med,8.0
691,True,True,THE PAS,CHURCHILL,2025-11-07,31,Chesnaye,CHES,2025-11-08T13:14:18Z,2025-11-08T13:06:00Z,ARR,med,8.0
691,True,True,THE PAS,CHURCHILL,2025-11-07,32,Tidal,TIDL,2025-11-08T14:14:24Z,2025-11-08T14:37:00Z,ARR,goo,-22.0
691,True,True,THE PAS,CHURCHILL,2025-11-07,33,Churchill,CHUR,2025-11-08T15:07:51Z,2025-11-08T15:00:00Z,ARR,med,7.0
14,True,True,MONTRÉAL,HALIFAX,2025-11-07,0,Montréal,MTRL,2025-11-07T23:30:00Z,2025-11-07T23:30:00Z,ARR,goo,0.0
14,True,True,MONTRÉAL,HALIFAX,2025-11-07,1,St. Lambert,SLAM,2025-11-07T23:48:09Z,2025-11-07T23:45:00Z,ARR,goo,3.0
14,True,True,MONTRÉAL,HALIFAX,2025-11-07,2,St. Hyacinthe,SHYA,2025-11-08T00:21:48Z,2025-11-08T00:23:00Z,ARR,goo,-1.0
14,True,True,MONTRÉAL,HALIFAX,2025-11-07,3,Drummondville,DRMV,2025-11-08T01:24:14Z,2025-11-08T01:04:00Z,ARR,bad,20.0
14,True,True,MONTRÉAL,HALIFAX,2025-11-07,4,Ste-Foy,SFOY,2025-11-08T03:04:05Z,2025-11-08T02:48:00Z,ARR,bad,16.0
14,True,True,MONTRÉAL,HALIFAX,2025-11-07,5,Montmagny,MMGY,2025-11-08T04:28:02Z,2025-11-08T04:17:00Z,ARR,med,11.0
14,True,True,MONTRÉAL,HALIFAX,2025-11-07,6,La Pocatière,LPOC,2025-11-08T05:07:32Z,2025-11-08T04:50:00Z,ARR,bad,17.0
14,True,True,MONTRÉAL,HALIFAX,2025-11-07,7,Rivière-Du-Loup,RDLX,2025-11-08T05:49:23Z,2025-11-08T05:31:00Z,ARR,bad,18.0
14,True,True,MONTRÉAL,HALIFAX,2025-11-07,8,Trois Pistoles,TPIS,2025-11-08T06:29:32Z,2025-11-08T06:17:00Z,ARR,med,12.0
14,True,True,MONTRÉAL,HALIFAX,2025-11-07,9,Rimouski,RMSK,2025-11-08T07:56:06Z,2025-11-08T07:25:00Z,ARR,bad,31.0
14,True,True,MONTRÉAL,HALIFAX,2025-11-07,10,Mont-Joli,MJLI,2025-11-08T08:28:29Z,2025-11-08T08:03:00Z,ARR,bad,25.0
14,True,True,MONTRÉAL,HALIFAX,2025-11-07,11,Sayabec,SAYA,2025-11-08T09:33:10Z,2025-11-08T09:06:00Z,ARR,bad,27.0
14,True,True,MONTRÉAL,HALIFAX,2025-11-07,12,Amqui,AMQU,2025-11-08T10:03:06Z,2025-11-08T09:27:00Z,ARR,bad,36.0
14,True,True,MONTRÉAL,HALIFAX,2025-11-07,13,Causapscal,CAUS,2025-11-08T10:33:04Z,2025-11-08T09:49:00Z,ARR,bad,44.0
14,True,True,MONTRÉAL,HALIFAX,2025-11-07,14,Matapedia,MTPD,2025-11-08T11:25:08Z,2025-11-08T10:35:00Z,ARR,bad,50.0
14,True,True,MONTRÉAL,HALIFAX,2025-11-07,15,Campbellton,CBTN,2025-11-08T12:01:12Z,2025-11-08T11:20:00Z,ARR,bad,41.0
14,True,True,MONTRÉAL,HALIFAX,2025-11-07,16,Charlo,CHLO,2025-11-08T12:52:09Z,2025-11-08T12:03:00Z,ARR,bad,49.0
14,True,True,MONTRÉAL,HALIFAX,2025-11-07,17,Jacquet River,JACR,2025-11-08T13:28:22Z,2025-11-08T12:26:00Z,ARR,bad,62.0
14,True,True,MONTRÉAL,HALIFAX,2025-11-07,18,Petit Rocher,PROC,2025-11-08T14:00:03Z,2025-11-08T12:48:00Z,ARR,bad,72.0
14,True,True,MONTRÉAL,HALIFAX,2025-11-07,19,Bathurst,BTRS,2025-11-08T14:21:52Z,2025-11-08T13:36:00Z,ARR,bad,45.0
14,True,True,MONTRÉAL,HALIFAX,2025-11-07,20,Miramichi,MIRA,2025-11-08T18:17:29Z,2025-11-08T15:25:00Z,ARR,bad,172.0
14,True,True,MONTRÉAL,HALIFAX,2025-11-07,21,Rogersville,RGRV,2025-11-08T19:07:04Z,2025-11-08T16:20:00Z,ARR,bad,167.0
14,True,True,MONTRÉAL,HALIFAX,2025-11-07,22,Moncton,MCTN,2025-11-08T20:42:02Z,2025-11-08T17:30:00Z,ARR,bad,192.0
14,True,True,MONTRÉAL,HALIFAX,2025-11-07,23,Sackville,SACK,2025-11-08T21:59:33Z,2025-11-08T18:40:00Z,ARR,bad,199.0
14,True,True,MONTRÉAL,HALIFAX,2025-11-07,24,Amherst,AMHS,2025-11-08T22:14:42Z,2025-11-08T18:55:00Z,ARR,bad,199.0
14,True,True,MONTRÉAL,HALIFAX,2025-11-07,25,Springhill Jct,SPRJ,2025-11-08T22:37:20Z,2025-11-08T19:17:00Z,ARR,bad,200.0
14,True,True,MONTRÉAL,HALIFAX,2025-11-07,26,Truro,TRUR,2025-11-08T23:46:33Z,2025-11-08T20:32:00Z,ARR,bad,194.0
14,True,True,MONTRÉAL,HALIFAX,2025-11-07,27,Halifax,HLFX,2025-11-09T01:41:22Z,2025-11-08T22:36:00Z,ARR,bad,185.0
24,True,True,OTTAWA,QUÉBEC,2025-11-08,0,Ottawa,OTTW,2025-11-08T15:13:00Z,2025-11-08T15:13:00Z,ARR,goo,0.0
24,True,True,OTTAWA,QUÉBEC,2025-11-08,1,Alexandria,ALEX,2025-11-08T15:55:23Z,2025-11-08T16:03:00Z,ARR,goo,-7.0
24,True,True,OTTAWA,QUÉBEC,2025-11-08,2,Coteau,COTO,2025-11-08T16:20:57Z,2025-11-08T16:26:00Z,ARR,goo,-5.0
24,True,True,OTTAWA,QUÉBEC,2025-11-08,3,Dorval,DORV,2025-11-08T16:47:29Z,2025-11-08T16:50:00Z,ARR,goo,-2.0
24,True,True,OTTAWA,QUÉBEC,2025-11-08,4,Montréal,MTRL,2025-11-08T17:22:18Z,2025-11-08T17:15:00Z,ARR,med,7.0
24,True,True,OTTAWA,QUÉBEC,2025-11-08,5,St. Lambert,SLAM,2025-11-08T18:06:04Z,2025-11-08T17:58:00Z,ARR,med,8.0
24,True,True,OTTAWA,QUÉBEC,2025-11-08,6,St. Hyacinthe,SHYA,2025-11-08T18:35:11Z,2025-11-08T18:26:00Z,ARR,med,9.0
24,True,True,OTTAWA,QUÉBEC,2025-11-08,7,Drummondville,DRMV,2025-11-08T19:09:15Z,2025-11-08T18:54:00Z,ARR,bad,15.0
24,True,True,OTTAWA,QUÉBEC,2025-11-08,8,Charny,CHNY,2025-11-08T20:47:27Z,2025-11-08T20:38:00Z,ARR,med,9.0
24,True,True,OTTAWA,QUÉBEC,2025-11-08,9,Ste-Foy,SFOY,2025-11-08T20:55:31Z,2025-11-08T20:45:00Z,ARR,med,10.0
24,True,True,OTTAWA,QUÉBEC,2025-11-08,10,Québec,QBEC,2025-11-08T21:24:23Z,2025-11-08T21:12:00Z,ARR,med,12.0
37,True,True,QUÉBEC,OTTAWA,2025-11-08,0,Québec,QBEC,2025-11-08T17:32:00Z,2025-11-08T17:32:00Z,ARR,goo,0.0
37,True,True,QUÉBEC,OTTAWA,2025-11-08,1,Ste-Foy,SFOY,2025-11-08T17:58:53Z,2025-11-08T17:57:00Z,ARR,goo,1.0
37,True,True,QUÉBEC,OTTAWA,2025-11-08,2,Drummondville,DRMV,2025-11-08T19:58:29Z,2025-11-08T19:44:00Z,ARR,med,14.0
37,True,True,QUÉBEC,OTTAWA,2025-11-08,3,St. Hyacinthe,SHYA,2025-11-08T20:32:21Z,2025-11-08T20:12:00Z,ARR,bad,20.0
37,True,True,QUÉBEC,OTTAWA,2025-11-08,4,St. Lambert,SLAM,2025-11-08T21:01:27Z,2025-11-08T20:39:00Z,ARR,bad,22.0
37,True,True,QUÉBEC,OTTAWA,2025-11-08,5,Montréal,MTRL,2025-11-08T21:20:39Z,2025-11-08T20:54:00Z,ARR,bad,26.0
37,True,True,QUÉBEC,OTTAWA,2025-11-08,6,Dorval,DORV,2025-11-08T22:16:06Z,2025-11-08T21:54:00Z,ARR,bad,22.0
37,True,True,QUÉBEC,OTTAWA,2025-11-08,7,Coteau,COTO,2025-11-08T22:42:57Z,2025-11-08T22:23:00Z,ARR,bad,19.0
37,True,True,QUÉBEC,OTTAWA,2025-11-08,8,Alexandria,ALEX,2025-11-08T23:05:09Z,2025-11-08T22:45:00Z,ARR,bad,20.0
37,True,True,QUÉBEC,OTTAWA,2025-11-08,9,Ottawa,OTTW,2025-11-08T23:51:48Z,2025-11-08T23:37:00Z,ARR,med,14.0
41,True,True,OTTAWA,TORONTO,2025-11-08,0,Ottawa,OTTW,2025-11-08T10:21:00Z,2025-11-08T10:21:00Z,ARR,goo,0.0
41,True,True,OTTAWA,TORONTO,2025-11-08,1,Fallowfield,FALL,2025-11-08T10:36:45Z,2025-11-08T10:38:00Z,ARR,goo,-1.0
41,True,True,OTTAWA,TORONTO,2025-11-08,2,Smiths Falls,SMTF,2025-11-08T11:06:41Z,2025-11-08T11:08:00Z,ARR,goo,-1.0
41,True,True,OTTAWA,TORONTO,2025-11-08,3,Brockville,BRKV,2025-11-08T11:42:04Z,2025-11-08T11:40:00Z,ARR,goo,2.0
41,True,True,OTTAWA,TORONTO,2025-11-08,4,Kingston,KGON,2025-11-08T12:28:33Z,2025-11-08T12:25:00Z,ARR,goo,3.0
41,True,True,OTTAWA,TORONTO,2025-11-08,5,Napanee,NAPN,2025-11-08T12:55:49Z,2025-11-08T12:49:00Z,ARR,med,6.0
41,True,True,OTTAWA,TORONTO,2025-11-08,6,Belleville,BLVL,2025-11-08T13:17:47Z,2025-11-08T13:07:00Z,ARR,med,10.0
41,True,True,OTTAWA,TORONTO,2025-11-08,7,Trenton Jct.,TRNJ,2025-11-08T13:33:00Z,2025-11-08T13:20:00Z,ARR,med,13.0
41,True,True,OTTAWA,TORONTO,2025-11-08,8,Cobourg,CBRG,2025-11-08T14:03:26Z,2025-11-08T13:44:00Z,ARR,bad,19.0
41,True,True,OTTAWA,TORONTO,2025-11-08,9,Oshawa,OSHA,2025-11-08T14:41:35Z,2025-11-08T14:19:00Z,ARR,bad,22.0
41,True,True,OTTAWA,TORONTO,2025-11-08,10,Toronto,TRTO,2025-11-08T15:26:10Z,2025-11-08T15:02:00Z,ARR,bad,24.0
50,True,True,TORONTO,OTTAWA,2025-11-08,0,Toronto,TRTO,2025-11-08T11:32:00Z,2025-11-08T11:32:00Z,ARR,goo,0.0
50,True,True,TORONTO,OTTAWA,2025-11-08,1,Guildwood,GUIL,2025-11-08T11:49:40Z,2025-11-08T11:50:00Z,ARR,goo,0.0
50,True,True,TORONTO,OTTAWA,2025-11-08,2,Oshawa,OSHA,2025-11-08T12:10:17Z,2025-11-08T12:08:00Z,ARR,goo,2.0
50,True,True,TORONTO,OTTAWA,2025-11-08,3,Cobourg,CBRG,2025-11-08T12:51:02Z,2025-11-08T12:43:00Z,ARR,med,8.0
50,True,True,TORONTO,OTTAWA,2025-11-08,4,Belleville,BLVL,2025-11-08T13:28:07Z,2025-11-08T13:18:00Z,ARR,med,10.0
50,True,True,TORONTO,OTTAWA,2025-11-08,5,Kingston,KGON,2025-11-08T14:04:53Z,2025-11-08T13:57:00Z,ARR,med,7.0
50,True,True,TORONTO,OTTAWA,2025-11-08,6,Brockville,BRKV,2025-11-08T15:18:41Z,2025-11-08T14:54:00Z,ARR,bad,24.0
50,True,True,TORONTO,OTTAWA,2025-11-08,7,Smiths Falls,SMTF,2025-11-08T15:44:22Z,2025-11-08T15:29:00Z,ARR,bad,15.0
50,True,True,TORONTO,OTTAWA,2025-11-08,8,Fallowfield,FALL,2025-11-08T16:11:48Z,2025-11-08T16:01:00Z,ARR,med,10.0
50,True,True,TORONTO,OTTAWA,2025-11-08,9,Ottawa,OTTW,2025-11-08T16:32:11Z,2025-11-08T16:21:00Z,ARR,med,11.0
52,True,True,TORONTO,OTTAWA,2025-11-08,0,Toronto,TRTO,2025-11-08T13:32:00Z,2025-11-08T13:32:00Z,ARR,goo,0.0
52,True,True,TORONTO,OTTAWA,2025-11-08,1,Guildwood,GUIL,2025-11-08T13:48:41Z,2025-11-08T13:50:00Z,ARR,goo,-1.0
52,True,True,TORONTO,OTTAWA,2025-11-08,2,Oshawa,OSHA,2025-11-08T14:08:29Z,2025-11-08T14:09:00Z,ARR,goo,0.0
52,True,True,TORONTO,OTTAWA,2025-11-08,3,Cobourg,CBRG,2025-11-08T14:45:05Z,2025-11-08T14:44:00Z,ARR,goo,1.0
52,True,True,TORONTO,OTTAWA,2025-11-08,4,Belleville,BLVL,2025-11-08T15:19:48Z,2025-11-08T15:20:00Z,ARR,goo,0.0
52,True,True,TORONTO,OTTAWA,2025-11-08,5,Kingston,KGON,2025-11-08T16:00:38Z,2025-11-08T16:00:00Z,ARR,goo,0.0
52,True,True,TORONTO,OTTAWA,2025-11-08,6,Brockville,BRKV,2025-11-08T17:05:48Z,2025-11-08T16:57:00Z,ARR,med,8.0
52,True,True,TORONTO,OTTAWA,2025-11-08,7,Smiths Falls,SMTF,2025-11-08T17:38:52Z,2025-11-08T17:35:00Z,ARR,goo,3.0
52,True,True,TORONTO,OTTAWA,2025-11-08,8,Fallowfield,FALL,2025-11-08T18:07:35Z,2025-11-08T18:11:00Z,ARR,goo,-3.0
52,True,True,TORONTO,OTTAWA,2025-11-08,9,Ottawa,OTTW,2025-11-08T18:29:41Z,2025-11-08T18:32:00Z,ARR,goo,-2.0
53,True,True,OTTAWA,TORONTO,2025-11-08,0,Ottawa,OTTW,2025-11-08T16:43:00Z,2025-11-08T16:43:00Z,ARR,goo,0.0
53,True,True,OTTAWA,TORONTO,2025-11-08,1,Fallowfield,FALL,2025-11-08T16:58:05Z,2025-11-08T17:00:00Z,ARR,goo,-1.0
53,True,True,OTTAWA,TORONTO,2025-11-08,2,Brockville,BRKV,2025-11-08T18:02:54Z,2025-11-08T18:01:00Z,ARR,goo,1.0
53,True,True,OTTAWA,TORONTO,2025-11-08,3,Gananoque,GANA,2025-11-08T18:31:22Z,2025-11-08T18:31:00Z,ARR,goo,0.0
53,True,True,OTTAWA,TORONTO,2025-11-08,4,Kingston,KGON,2025-11-08T18:52:20Z,2025-11-08T18:54:00Z,ARR,goo,-1.0
53,True,True,OTTAWA,TORONTO,2025-11-08,5,Belleville,BLVL,2025-11-08T19:35:14Z,2025-11-08T19:36:00Z,ARR,goo,0.0
53,True,True,OTTAWA,TORONTO,2025-11-08,6,Cobourg,CBRG,2025-11-08T20:11:53Z,2025-11-08T20:12:00Z,ARR,goo,0.0
53,True,True,OTTAWA,TORONTO,2025-11-08,7,Oshawa,OSHA,2025-11-08T20:47:48Z,2025-11-08T20:48:00Z,ARR,goo,0.0
53,True,True,OTTAWA,TORONTO,2025-11-08,8,Toronto,TRTO,2025-11-08T21:30:25Z,2025-11-08T21:33:00Z,ARR,goo,-2.0
60,True,True,TORONTO,MONTRÉAL,2025-11-08,0,Toronto,TRTO,2025-11-08T11:32:00Z,2025-11-08T11:32:00Z,ARR,goo,0.0
60,True,True,TORONTO,MONTRÉAL,2025-11-08,1,Guildwood,GUIL,2025-11-08T11:49:31Z,2025-11-08T11:50:00Z,ARR,goo,0.0
60,True,True,TORONTO,MONTRÉAL,2025-11-08,2,Oshawa,OSHA,2025-11-08T12:10:08Z,2025-11-08T12:08:00Z,ARR,goo,2.0
60,True,True,TORONTO,MONTRÉAL,2025-11-08,3,Cobourg,CBRG,2025-11-08T12:50:53Z,2025-11-08T12:43:00Z,ARR,med,7.0
60,True,True,TORONTO,MONTRÉAL,2025-11-08,4,Belleville,BLVL,2025-11-08T13:27:51Z,2025-11-08T13:18:00Z,ARR,med,9.0
60,True,True,TORONTO,MONTRÉAL,2025-11-08,5,Kingston,KGON,2025-11-08T14:04:47Z,2025-11-08T13:57:00Z,ARR,med,7.0
60,True,True,TORONTO,MONTRÉAL,2025-11-08,6,Cornwall,CWLL,2025-11-08T15:48:00Z,2025-11-08T15:38:00Z,ARR,med,10.0
60,True,True,TORONTO,MONTRÉAL,2025-11-08,7,Dorval,DORV,2025-11-08T16:36:36Z,2025-11-08T16:25:00Z,ARR,med,11.0
60,True,True,TORONTO,MONTRÉAL,2025-11-08,8,Montréal,MTRL,2025-11-08T17:02:50Z,2025-11-08T16:50:00Z,ARR,med,12.0
61,True,True,MONTRÉAL,TORONTO,2025-11-08,0,Montréal,MTRL,2025-11-08T11:50:23Z,2025-11-08T11:45:00Z,ARR,med,5.0
61,True,True,MONTRÉAL,TORONTO,2025-11-08,1,Dorval,DORV,2025-11-08T12:19:22Z,2025-11-08T12:08:00Z,ARR,med,11.0
61,True,True,MONTRÉAL,TORONTO,2025-11-08,2,Cornwall,CWLL,2025-11-08T13:07:46Z,2025-11-08T13:01:00Z,ARR,med,6.0
61,True,True,MONTRÉAL,TORONTO,2025-11-08,3,Kingston,KGON,2025-11-08T14:32:18Z,2025-11-08T14:29:00Z,ARR,goo,3.0
61,True,True,MONTRÉAL,TORONTO,2025-11-08,4,Belleville,BLVL,2025-11-08T15:11:10Z,2025-11-08T15:11:00Z,ARR,goo,0.0
61,True,True,MONTRÉAL,TORONTO,2025-11-08,5,Oshawa,OSHA,2025-11-08T16:14:30Z,2025-11-08T16:19:00Z,ARR,goo,-4.0
61,True,True,MONTRÉAL,TORONTO,2025-11-08,6,Guildwood,GUIL,2025-11-08T16:40:44Z,2025-11-08T16:43:00Z,ARR,goo,-2.0
61,True,True,MONTRÉAL,TORONTO,2025-11-08,7,Toronto,TRTO,2025-11-08T16:58:37Z,2025-11-08T17:03:00Z,ARR,goo,-4.0
64,True,True,TORONTO,MONTRÉAL,2025-11-08,0,Toronto,TRTO,2025-11-08T16:38:32Z,2025-11-08T16:38:00Z,ARR,goo,0.0
64,True,True,TORONTO,MONTRÉAL,2025-11-08,1,Guildwood,GUIL,2025-11-08T16:53:28Z,2025-11-08T16:55:00Z,ARR,goo,-1.0
64,True,True,TORONTO,MONTRÉAL,2025-11-08,2,Oshawa,OSHA,2025-11-08T17:14:20Z,2025-11-08T17:09:00Z,ARR,med,5.0
64,True,True,TORONTO,MONTRÉAL,2025-11-08,3,Cobourg,CBRG,2025-11-08T17:49:31Z,2025-11-08T17:46:00Z,ARR,goo,3.0
64,True,True,TORONTO,MONTRÉAL,2025-11-08,4,Belleville,BLVL,2025-11-08T18:23:06Z,2025-11-08T18:22:00Z,ARR,goo,1.0
64,True,True,TORONTO,MONTRÉAL,2025-11-08,5,Kingston,KGON,2025-11-08T19:00:43Z,2025-11-08T19:03:00Z,ARR,goo,-2.0
64,True,True,TORONTO,MONTRÉAL,2025-11-08,6,Brockville,BRKV,2025-11-08T19:46:37Z,2025-11-08T19:52:00Z,ARR,goo,-5.0
64,True,True,TORONTO,MONTRÉAL,2025-11-08,7,Cornwall,CWLL,2025-11-08T20:36:57Z,2025-11-08T20:42:00Z,ARR,goo,-5.0
64,True,True,TORONTO,MONTRÉAL,2025-11-08,8,Dorval,DORV,2025-11-08T21:20:36Z,2025-11-08T21:37:00Z,ARR,goo,-16.0
64,True,True,TORONTO,MONTRÉAL,2025-11-08,9,Montréal,MTRL,2025-11-08T21:46:04Z,2025-11-08T22:05:00Z,ARR,goo,-18.0
65,True,True,MONTRÉAL,TORONTO,2025-11-08,0,Montréal,MTRL,2025-11-08T16:01:00Z,2025-11-08T15:49:00Z,ARR,med,12.0
65,True,True,MONTRÉAL,TORONTO,2025-11-08,1,Dorval,DORV,2025-11-08T16:25:41Z,2025-11-08T16:12:00Z,ARR,med,13.0
65,True,True,MONTRÉAL,TORONTO,2025-11-08,2,Cornwall,CWLL,2025-11-08T17:14:42Z,2025-11-08T17:06:00Z,ARR,med,8.0
65,True,True,MONTRÉAL,TORONTO,2025-11-08,3,Kingston,KGON,2025-11-08T18:39:32Z,2025-11-08T18:36:00Z,ARR,goo,3.0
65,True,True,MONTRÉAL,TORONTO,2025-11-08,4,Belleville,BLVL,2025-11-08T19:17:29Z,2025-11-08T19:20:00Z,ARR,goo,-2.0
65,True,True,MONTRÉAL,TORONTO,2025-11-08,5,Cobourg,CBRG,2025-11-08T19:53:04Z,2025-11-08T19:58:00Z,ARR,goo,-4.0
65,True,True,MONTRÉAL,TORONTO,2025-11-08,6,Oshawa,OSHA,2025-11-08T20:30:03Z,2025-11-08T20:34:00Z,ARR,goo,-3.0
65,True,True,MONTRÉAL,TORONTO,2025-11-08,7,Toronto,TRTO,2025-11-08T21:20:16Z,2025-11-08T21:18:00Z,ARR,goo,2.0
67,True,True,MONTRÉAL,TORONTO,2025-11-08,0,Montréal,MTRL,2025-11-08T18:22:00Z,2025-11-08T18:22:00Z,ARR,goo,0.0
67,True,True,MONTRÉAL,TORONTO,2025-11-08,1,Dorval,DORV,2025-11-08T18:44:19Z,2025-11-08T18:47:00Z,ARR,goo,-2.0
67,True,True,MONTRÉAL,TORONTO,2025-11-08,2,Cornwall,CWLL,2025-11-08T19:34:07Z,2025-11-08T19:38:00Z,ARR,goo,-3.0
67,True,True,MONTRÉAL,TORONTO,2025-11-08,3,Kingston,KGON,2025-11-08T21:08:46Z,2025-11-08T21:03:00Z,ARR,med,5.0
67,True,True,MONTRÉAL,TORONTO,2025-11-08,4,Belleville,BLVL,2025-11-08T21:47:01Z,2025-11-08T21:42:00Z,ARR,med,5.0
67,True,True,MONTRÉAL,TORONTO,2025-11-08,5,Cobourg,CBRG,2025-11-08T22:21:34Z,2025-11-08T22:17:00Z,ARR,goo,4.0
67,True,True,MONTRÉAL,TORONTO,2025-11-08,6,Oshawa,OSHA,2025-11-08T22:52:57Z,2025-11-08T22:50:00Z,ARR,goo,2.0
67,True,True,MONTRÉAL,TORONTO,2025-11-08,7,Toronto,TRTO,2025-11-08T23:32:49Z,2025-11-08T23:45:00Z,ARR,goo,-12.0
70,True,True,WINDSOR,TORONTO,2025-11-08,0,Windsor,WDON,2025-11-08T10:35:32Z,2025-11-08T10:35:00Z,ARR,goo,0.0
70,True,True,WINDSOR,TORONTO,2025-11-08,1,Chatham,CHAT,2025-11-08T11:20:42Z,2025-11-08T11:19:00Z,ARR,goo,1.0
70,True,True,WINDSOR,TORONTO,2025-11-08,2,London,LNDN,2025-11-08T12:33:03Z,2025-11-08T12:25:00Z,ARR,med,8.0
70,True,True,WINDSOR,TORONTO,2025-11-08,3,Ingersoll,INGR,2025-11-08T13:05:44Z,2025-11-08T12:55:00Z,ARR,med,10.0
70,True,True,WINDSOR,TORONTO,2025-11-08,4,Woodstock,WDST,2025-11-08T13:16:36Z,2025-11-08T13:08:00Z,ARR,med,8.0
70,True,True,WINDSOR,TORONTO,2025-11-08,5,Brantford,BRTF,2025-11-08T13:44:38Z,2025-11-08T13:44:00Z,ARR,goo,0.0
70,True,True,WINDSOR,TORONTO,2025-11-08,6,Aldershot,ALDR,2025-11-08T14:30:21Z,2025-11-08T14:25:00Z,ARR,med,5.0
70,True,True,WINDSOR,TORONTO,2025-11-08,7,Oakville,OAKV,2025-11-08T14:47:08Z,2025-11-08T14:43:00Z,ARR,goo,4.0
70,True,True,WINDSOR,TORONTO,2025-11-08,8,Toronto,TRTO,2025-11-08T15:13:20Z,2025-11-08T15:10:00Z,ARR,goo,3.0
72,True,True,WINDSOR,TORONTO,2025-11-08,0,Windsor,WDON,2025-11-08T13:43:20Z,2025-11-08T13:43:00Z,ARR,goo,0.0
72,True,True,WINDSOR,TORONTO,2025-11-08,1,Chatham,CHAT,2025-11-08T14:29:34Z,2025-11-08T14:25:00Z,ARR,goo,4.0
72,True,True,WINDSOR,TORONTO,2025-11-08,2,Glencoe,GLNC,2025-11-08T15:12:54Z,2025-11-08T15:05:00Z,ARR,med,7.0
72,True,True,WINDSOR,TORONTO,2025-11-08,3,London,LNDN,2025-11-08T15:43:47Z,2025-11-08T15:39:00Z,ARR,goo,4.0
72,True,True,WINDSOR,TORONTO,2025-11-08,4,Ingersoll,INGR,2025-11-08T16:11:13Z,2025-11-08T16:07:00Z,ARR,goo,4.0
72,True,True,WINDSOR,TORONTO,2025-11-08,5,Woodstock,WDST,2025-11-08T16:23:34Z,2025-11-08T16:23:00Z,ARR,goo,0.0
72,True,True,WINDSOR,TORONTO,2025-11-08,6,Brantford,BRTF,2025-11-08T16:58:30Z,2025-11-08T16:55:00Z,ARR,goo,3.0
72,True,True,WINDSOR,TORONTO,2025-11-08,7,Aldershot,ALDR,2025-11-08T17:35:27Z,2025-11-08T17:29:00Z,ARR,med,6.0
72,True,True,WINDSOR,TORONTO,2025-11-08,8,Oakville,OAKV,2025-11-08T17:53:10Z,2025-11-08T17:45:00Z,ARR,med,8.0
72,True,True,WINDSOR,TORONTO,2025-11-08,9,Toronto,TRTO,2025-11-08T18:22:38Z,2025-11-08T18:11:00Z,ARR,med,11.0
71,True,True,TORONTO,WINDSOR,2025-11-08,0,Toronto,TRTO,2025-11-08T11:50:34Z,2025-11-08T11:50:00Z,ARR,goo,0.0
71,True,True,TORONTO,WINDSOR,2025-11-08,1,Oakville,OAKV,2025-11-08T12:19:33Z,2025-11-08T12:13:00Z,ARR,med,6.0
71,True,True,TORONTO,WINDSOR,2025-11-08,2,Aldershot,ALDR,2025-11-08T12:36:15Z,2025-11-08T12:29:00Z,ARR,med,7.0
71,True,True,TORONTO,WINDSOR,2025-11-08,3,Brantford,BRTF,2025-11-08T13:07:24Z,2025-11-08T12:55:00Z,ARR,med,12.0
71,True,True,TORONTO,WINDSOR,2025-11-08,4,Woodstock,WDST,2025-11-08T13:42:35Z,2025-11-08T13:30:00Z,ARR,med,12.0
71,True,True,TORONTO,WINDSOR,2025-11-08,5,Ingersoll,INGR,2025-11-08T13:54:29Z,2025-11-08T13:43:00Z,ARR,med,11.0
71,True,True,TORONTO,WINDSOR,2025-11-08,6,London,LNDN,2025-11-08T14:19:54Z,2025-11-08T14:06:00Z,ARR,med,13.0
71,True,True,TORONTO,WINDSOR,2025-11-08,7,Glencoe,GLNC,2025-11-08T14:54:10Z,2025-11-08T14:39:00Z,ARR,bad,15.0
71,True,True,TORONTO,WINDSOR,2025-11-08,8,Chatham,CHAT,2025-11-08T15:49:26Z,2025-11-08T15:18:00Z,ARR,bad,31.0
71,True,True,TORONTO,WINDSOR,2025-11-08,9,Windsor,WDON,2025-11-08T16:39:52Z,2025-11-08T16:08:00Z,ARR,bad,31.0
73,True,True,TORONTO,WINDSOR,2025-11-08,0,Toronto,TRTO,2025-11-08T16:30:00Z,2025-11-08T16:30:00Z,ARR,goo,0.0
73,True,True,TORONTO,WINDSOR,2025-11-08,1,Oakville,OAKV,2025-11-08T17:00:49Z,2025-11-08T16:51:00Z,ARR,med,9.0
73,True,True,TORONTO,WINDSOR,2025-11-08,2,Aldershot,ALDR,2025-11-08T17:22:41Z,2025-11-08T17:09:00Z,ARR,med,13.0
73,True,True,TORONTO,WINDSOR,2025-11-08,3,Brantford,BRTF,2025-11-08T17:54:59Z,2025-11-08T17:40:00Z,ARR,med,14.0
73,True,True,TORONTO,WINDSOR,2025-11-08,4,Woodstock,WDST,2025-11-08T18:28:45Z,2025-11-08T18:09:00Z,ARR,bad,19.0
73,True,True,TORONTO,WINDSOR,2025-11-08,5,London,LNDN,2025-11-08T19:12:34Z,2025-11-08T18:38:00Z,ARR,bad,34.0
73,True,True,TORONTO,WINDSOR,2025-11-08,6,Chatham,CHAT,2025-11-08T20:31:28Z,2025-11-08T19:50:00Z,ARR,bad,41.0
73,True,True,TORONTO,WINDSOR,2025-11-08,7,Windsor,WDON,2025-11-08T21:20:30Z,2025-11-08T20:45:00Z,ARR,bad,35.0
76,True,True,WINDSOR,TORONTO,2025-11-08,0,Windsor,WDON,2025-11-08T18:06:25Z,2025-11-08T18:06:00Z,ARR,goo,0.0
76,True,True,WINDSOR,TORONTO,2025-11-08,1,Chatham,CHAT,2025-11-08T18:49:16Z,2025-11-08T18:48:00Z,ARR,goo,1.0
76,True,True,WINDSOR,TORONTO,2025-11-08,2,Glencoe,GLNC,2025-11-08T19:55:36Z,2025-11-08T19:23:00Z,ARR,bad,32.0
76,True,True,WINDSOR,TORONTO,2025-11-08,3,London,LNDN,2025-11-08T20:27:42Z,2025-11-08T19:58:00Z,ARR,bad,29.0
76,True,True,WINDSOR,TORONTO,2025-11-08,4,Brantford,BRTF,2025-11-08T21:33:13Z,2025-11-08T20:59:00Z,ARR,bad,34.0
76,True,True,WINDSOR,TORONTO,2025-11-08,5,Aldershot,ALDR,2025-11-08T22:09:19Z,2025-11-08T21:30:00Z,ARR,bad,39.0
76,True,True,WINDSOR,TORONTO,2025-11-08,6,Oakville,OAKV,2025-11-08T22:26:27Z,2025-11-08T21:47:00Z,ARR,bad,39.0
76,True,True,WINDSOR,TORONTO,2025-11-08,7,Toronto,TRTO,2025-11-08T22:58:43Z,2025-11-08T22:13:00Z,ARR,bad,45.0
82,True,True,LONDON,TORONTO,2025-11-08,0,London,LNDN,2025-11-08T11:25:00Z,2025-11-08T11:25:00Z,ARR,goo,0.0
82,True,True,LONDON,TORONTO,2025-11-08,1,Woodstock,WDST,2025-11-08T11:58:28Z,2025-11-08T11:53:00Z,ARR,med,5.0
82,True,True,LONDON,TORONTO,2025-11-08,2,Brantford,BRTF,2025-11-08T12:28:27Z,2025-11-08T12:23:00Z,ARR,med,5.0
82,True,True,LONDON,TORONTO,2025-11-08,3,Toronto,TRTO,2025-11-08T13:53:03Z,2025-11-08T13:35:00Z,ARR,bad,18.0
84,True,True,SARNIA,TORONTO,2025-11-08,0,Strathroy,STRR,&mdash;,2025-11-08T14:27:00Z,&mdash;,,
84,True,True,SARNIA,TORONTO,2025-11-08,1,London,LNDN,2025-11-08T15:12:00Z,2025-11-08T14:52:00Z,ARR,bad,20.0
84,True,True,SARNIA,TORONTO,2025-11-08,2,St.Marys,SMYS,2025-11-08T16:37:00Z,2025-11-08T15:45:00Z,ARR,bad,52.0
84,True,True,SARNIA,TORONTO,2025-11-08,3,Stratford,STRF,2025-11-08T17:20:00Z,2025-11-08T16:14:00Z,ARR,bad,66.0
84,True,True,SARNIA,TORONTO,2025-11-08,4,Kitchener,KITC,2025-11-08T18:08:00Z,2025-11-08T17:02:00Z,ARR,bad,66.0
84,True,True,SARNIA,TORONTO,2025-11-08,5,Guelph,GUEL,2025-11-08T18:30:00Z,2025-11-08T17:24:00Z,ARR,bad,66.0
84,True,True,SARNIA,TORONTO,2025-11-08,6,Georgetown,GEOR,2025-11-08T18:53:00Z,2025-11-08T17:47:00Z,ARR,bad,66.0
84,True,True,SARNIA,TORONTO,2025-11-08,7,Brampton,BRMP,2025-11-08T19:05:00Z,2025-11-08T17:59:00Z,ARR,bad,66.0
84,True,True,SARNIA,TORONTO,2025-11-08,8,Malton,MALT,2025-11-08T20:02:00Z,2025-11-08T18:11:00Z,ARR,bad,111.0
84,True,True,SARNIA,TORONTO,2025-11-08,9,Toronto,TRTO,2025-11-08T20:29:00Z,2025-11-08T18:38:00Z,ARR,bad,111.0
644,True,True,TORONTO,OTTAWA,2025-11-08,0,Toronto,TRTO,2025-11-08T18:23:00Z,2025-11-08T18:23:00Z,ARR,goo,0.0
644,True,True,TORONTO,OTTAWA,2025-11-08,1,Oshawa,OSHA,2025-11-08T18:54:04Z,2025-11-08T18:53:00Z,ARR,goo,1.0
644,True,True,TORONTO,OTTAWA,2025-11-08,2,Cobourg,CBRG,2025-11-08T19:32:15Z,2025-11-08T19:28:00Z,ARR,goo,4.0
644,True,True,TORONTO,OTTAWA,2025-11-08,3,Belleville,BLVL,2025-11-08T20:07:00Z,2025-11-08T20:03:00Z,ARR,goo,4.0
644,True,True,TORONTO,OTTAWA,2025-11-08,4,Kingston,KGON,2025-11-08T20:48:36Z,2025-11-08T20:43:00Z,ARR,med,5.0
644,True,True,TORONTO,OTTAWA,2025-11-08,5,Fallowfield,FALL,2025-11-08T22:29:27Z,2025-11-08T22:30:00Z,ARR,goo,0.0
644,True,True,TORONTO,OTTAWA,2025-11-08,6,Ottawa,OTTW,2025-11-08T22:52:43Z,2025-11-08T22:53:00Z,ARR,goo,0.0
643,True,True,OTTAWA,TORONTO,2025-11-08,0,Ottawa,OTTW,2025-11-08T13:29:24Z,2025-11-08T13:29:00Z,ARR,goo,0.0
643,True,True,OTTAWA,TORONTO,2025-11-08,1,Fallowfield,FALL,2025-11-08T13:46:20Z,2025-11-08T13:45:00Z,ARR,goo,1.0
643,True,True,OTTAWA,TORONTO,2025-11-08,2,Smiths Falls,SMTF,2025-11-08T14:16:42Z,2025-11-08T14:17:00Z,ARR,goo,0.0
643,True,True,OTTAWA,TORONTO,2025-11-08,3,Brockville,BRKV,2025-11-08T14:51:05Z,2025-11-08T14:49:00Z,ARR,goo,2.0
643,True,True,OTTAWA,TORONTO,2025-11-08,4,Kingston,KGON,2025-11-08T15:34:01Z,2025-11-08T15:32:00Z,ARR,goo,2.0
643,True,True,OTTAWA,TORONTO,2025-11-08,5,Napanee,NAPN,2025-11-08T15:58:49Z,2025-11-08T15:57:00Z,ARR,goo,1.0
643,True,True,OTTAWA,TORONTO,2025-11-08,6,Belleville,BLVL,2025-11-08T16:18:09Z,2025-11-08T16:17:00Z,ARR,goo,1.0
643,True,True,OTTAWA,TORONTO,2025-11-08,7,Trenton Jct.,TRNJ,2025-11-08T16:30:37Z,2025-11-08T16:31:00Z,ARR,goo,0.0
643,True,True,OTTAWA,TORONTO,2025-11-08,8,Cobourg,CBRG,2025-11-08T16:56:48Z,2025-11-08T16:57:00Z,ARR,goo,0.0
643,True,True,OTTAWA,TORONTO,2025-11-08,9,Port Hope,PHOP,2025-11-08T17:07:57Z,2025-11-08T17:07:00Z,ARR,goo,0.0
643,True,True,OTTAWA,TORONTO,2025-11-08,10,Oshawa,OSHA,2025-11-08T17:34:41Z,2025-11-08T17:35:00Z,ARR,goo,0.0
643,True,True,OTTAWA,TORONTO,2025-11-08,11,Guildwood,GUIL,2025-11-08T17:57:37Z,2025-11-08T17:58:00Z,ARR,goo,0.0
643,True,True,OTTAWA,TORONTO,2025-11-08,12,Toronto,TRTO,2025-11-08T18:15:16Z,2025-11-08T18:18:00Z,ARR,goo,-2.0
62,True,True,TORONTO,MONTRÉAL,2025-11-08,0,Toronto,TRTO,2025-11-08T13:32:00Z,2025-11-08T13:32:00Z,ARR,goo,0.0
62,True,True,TORONTO,MONTRÉAL,2025-11-08,1,Guildwood,GUIL,2025-11-08T13:48:18Z,2025-11-08T13:50:00Z,ARR,goo,-1.0
62,True,True,TORONTO,MONTRÉAL,2025-11-08,2,Oshawa,OSHA,2025-11-08T14:08:24Z,2025-11-08T14:09:00Z,ARR,goo,0.0
62,True,True,TORONTO,MONTRÉAL,2025-11-08,3,Cobourg,CBRG,2025-11-08T14:45:01Z,2025-11-08T14:44:00Z,ARR,goo,1.0
62,True,True,TORONTO,MONTRÉAL,2025-11-08,4,Belleville,BLVL,2025-11-08T15:19:44Z,2025-11-08T15:20:00Z,ARR,goo,0.0
62,True,True,TORONTO,MONTRÉAL,2025-11-08,5,Kingston,KGON,2025-11-08T16:00:35Z,2025-11-08T16:00:00Z,ARR,goo,0.0
62,True,True,TORONTO,MONTRÉAL,2025-11-08,6,Cornwall,CWLL,2025-11-08T17:38:21Z,2025-11-08T17:43:00Z,ARR,goo,-4.0
62,True,True,TORONTO,MONTRÉAL,2025-11-08,7,Dorval,DORV,2025-11-08T18:29:21Z,2025-11-08T18:34:00Z,ARR,goo,-4.0
62,True,True,TORONTO,MONTRÉAL,2025-11-08,8,Montréal,MTRL,2025-11-08T18:55:41Z,2025-11-08T19:00:00Z,ARR,goo,-4.0
97,True,True,TORONTO,NIAGARA FALLS,2025-11-08,0,Toronto,TRTO,2025-11-08T13:20:00Z,2025-11-08T13:20:00Z,ARR,goo,0.0
97,True,True,TORONTO,NIAGARA FALLS,2025-11-08,1,Oakville,OAKV,2025-11-08T13:43:00Z,2025-11-08T13:43:00Z,ARR,goo,0.0
97,True,True,TORONTO,NIAGARA FALLS,2025-11-08,2,Aldershot,ALDR,2025-11-08T13:56:00Z,2025-11-08T13:56:00Z,ARR,goo,0.0
97,True,True,TORONTO,NIAGARA FALLS,2025-11-08,3,Grimsby,GRIM,2025-11-08T14:37:00Z,2025-11-08T14:37:00Z,ARR,goo,0.0
97,True,True,TORONTO,NIAGARA FALLS,2025-11-08,4,St. Catharines,SCAT,2025-11-08T14:57:00Z,2025-11-08T14:57:00Z,ARR,goo,0.0
97,True,True,TORONTO,NIAGARA FALLS,2025-11-08,5,Niagara Falls,NIAG,2025-11-08T15:20:00Z,2025-11-08T15:20:00Z,ARR,goo,0.0
622,True,True,MONTRÉAL,QUÉBEC,2025-11-08,0,Montréal,MTRL,2025-11-08T13:20:00Z,2025-11-08T13:20:00Z,ARR,goo,0.0
622,True,True,MONTRÉAL,QUÉBEC,2025-11-08,1,St. Lambert,SLAM,2025-11-08T13:34:31Z,2025-11-08T13:33:00Z,ARR,goo,1.0
622,True,True,MONTRÉAL,QUÉBEC,2025-11-08,2,St. Hyacinthe,SHYA,2025-11-08T14:04:47Z,2025-11-08T14:00:00Z,ARR,goo,4.0
622,True,True,MONTRÉAL,QUÉBEC,2025-11-08,3,Drummondville,DRMV,2025-11-08T14:36:31Z,2025-11-08T14:29:00Z,ARR,med,7.0
622,True,True,MONTRÉAL,QUÉBEC,2025-11-08,4,Ste-Foy,SFOY,2025-11-08T16:18:01Z,2025-11-08T16:11:00Z,ARR,med,7.0
622,True,True,MONTRÉAL,QUÉBEC,2025-11-08,5,Québec,QBEC,2025-11-08T16:47:43Z,2025-11-08T16:39:00Z,ARR,med,8.0
633,True,True,MONTRÉAL,OTTAWA,2025-11-08,0,Montréal,MTRL,2025-11-08T14:00:00Z,2025-11-08T14:00:00Z,ARR,goo,0.0
633,True,True,MONTRÉAL,OTTAWA,2025-11-08,1,Dorval,DORV,2025-11-08T14:23:44Z,2025-11-08T14:24:00Z,ARR,goo,0.0
633,True,True,MONTRÉAL,OTTAWA,2025-11-08,2,Alexandria,ALEX,2025-11-08T15:12:05Z,2025-11-08T15:11:00Z,ARR,goo,1.0
633,True,True,MONTRÉAL,OTTAWA,2025-11-08,3,Casselman,CSLM,2025-11-08T15:41:02Z,2025-11-08T15:34:00Z,ARR,med,7.0
633,True,True,MONTRÉAL,OTTAWA,2025-11-08,4,Ottawa,OTTW,2025-11-08T16:04:56Z,2025-11-08T16:05:00Z,ARR,goo,0.0
45,True,True,OTTAWA,TORONTO,2025-11-08,0,Ottawa,OTTW,2025-11-08T15:24:00Z,2025-11-08T15:24:00Z,ARR,goo,0.0
45,True,True,OTTAWA,TORONTO,2025-11-08,1,Fallowfield,FALL,2025-11-08T15:40:58Z,2025-11-08T15:40:00Z,ARR,goo,0.0
45,True,True,OTTAWA,TORONTO,2025-11-08,2,Kingston,KGON,2025-11-08T17:38:01Z,2025-11-08T17:26:00Z,ARR,med,12.0
45,True,True,OTTAWA,TORONTO,2025-11-08,3,Toronto,TRTO,2025-11-08T19:47:49Z,2025-11-08T19:48:00Z,ARR,goo,0.0
185,True,True,SUDBURY,WHITE RIVER,2025-11-08,0,Sudbury,SUDB,2025-11-08T15:30:00Z,2025-11-08T14:00:00Z,ARR,bad,90.0
185,True,True,SUDBURY,WHITE RIVER,2025-11-08,1,Azilda,AZIL,2025-11-08T15:46:56Z,2025-11-08T14:10:00Z,ARR,bad,96.0
185,True,True,SUDBURY,WHITE RIVER,2025-11-08,2,Chelmsford,CHEL,2025-11-08T15:50:34Z,2025-11-08T14:15:00Z,ARR,bad,95.0
185,True,True,SUDBURY,WHITE RIVER,2025-11-08,3,Larchwood,LARC,2025-11-08T15:54:47Z,2025-11-08T14:19:00Z,ARR,bad,95.0
185,True,True,SUDBURY,WHITE RIVER,2025-11-08,4,Levack,LEVA,2025-11-08T16:05:33Z,2025-11-08T14:30:00Z,ARR,bad,95.0
185,True,True,SUDBURY,WHITE RIVER,2025-11-08,5,Cartier,CART,2025-11-08T16:19:09Z,2025-11-08T14:45:00Z,ARR,bad,94.0
185,True,True,SUDBURY,WHITE RIVER,2025-11-08,6,Benny,BENN,2025-11-08T16:36:17Z,2025-11-08T15:05:00Z,ARR,bad,91.0
185,True,True,SUDBURY,WHITE RIVER,2025-11-08,7,Stralak,STRL,2025-11-08T16:41:11Z,2025-11-08T15:12:00Z,ARR,bad,89.0
185,True,True,SUDBURY,WHITE RIVER,2025-11-08,8,Pogamasing,POGA,2025-11-08T16:52:44Z,2025-11-08T15:25:00Z,ARR,bad,87.0
185,True,True,SUDBURY,WHITE RIVER,2025-11-08,9,Sheahan,SHEA,2025-11-08T17:08:46Z,2025-11-08T15:30:00Z,ARR,bad,98.0
185,True,True,SUDBURY,WHITE RIVER,2025-11-08,10,Forks,FRKS,2025-11-08T17:18:03Z,2025-11-08T15:40:00Z,ARR,bad,98.0
185,True,True,SUDBURY,WHITE RIVER,2025-11-08,11,Metagama,MTGM,2025-11-08T17:28:03Z,2025-11-08T15:50:00Z,ARR,bad,98.0
185,True,True,SUDBURY,WHITE RIVER,2025-11-08,12,Sinker,SNKR,2025-11-08T17:33:03Z,2025-11-08T15:55:00Z,ARR,bad,98.0
185,True,True,SUDBURY,WHITE RIVER,2025-11-08,13,Biscotasing,BISC,2025-11-08T18:04:03Z,2025-11-08T16:20:00Z,ARR,bad,104.0
185,True,True,SUDBURY,WHITE RIVER,2025-11-08,14,Roberts,RBRT,2025-11-08T18:14:03Z,2025-11-08T16:30:00Z,ARR,bad,104.0
185,True,True,SUDBURY,WHITE RIVER,2025-11-08,15,Ramsey,RAMS,2025-11-08T18:29:03Z,2025-11-08T16:45:00Z,ARR,bad,104.0
185,True,True,SUDBURY,WHITE RIVER,2025-11-08,16,Woman River,WOMR,2025-11-08T18:51:56Z,2025-11-08T17:05:00Z,ARR,bad,106.0
185,True,True,SUDBURY,WHITE RIVER,2025-11-08,17,Sultan,SULT,2025-11-08T19:06:56Z,2025-11-08T17:20:00Z,ARR,bad,106.0
185,True,True,SUDBURY,WHITE RIVER,2025-11-08,18,Kormak,KORM,2025-11-08T19:21:56Z,2025-11-08T17:35:00Z,ARR,bad,106.0
185,True,True,SUDBURY,WHITE RIVER,2025-11-08,19,Kinogama,KINO,2025-11-08T19:26:56Z,2025-11-08T17:40:00Z,ARR,bad,106.0
185,True,True,SUDBURY,WHITE RIVER,2025-11-08,20,Nemegos,NEME,2025-11-08T20:48:47Z,2025-11-08T17:55:00Z,ARR,bad,173.0
185,True,True,SUDBURY,WHITE RIVER,2025-11-08,21,Devon,DEVN,2025-11-08T20:59:42Z,2025-11-08T18:05:00Z,ARR,bad,174.0
185,True,True,SUDBURY,WHITE RIVER,2025-11-08,22,Chapleau,CHAP,2025-11-08T21:20:27Z,2025-11-08T18:20:00Z,ARR,bad,180.0
185,True,True,SUDBURY,WHITE RIVER,2025-11-08,23,Esher,ESHR,2025-11-08T21:34:13Z,2025-11-08T18:50:00Z,ARR,bad,164.0
185,True,True,SUDBURY,WHITE RIVER,2025-11-08,24,Musk,MUSK,2025-11-08T21:45:47Z,2025-11-08T19:00:00Z,ARR,bad,165.0
185,True,True,SUDBURY,WHITE RIVER,2025-11-08,25,Nicholson,NICH,2025-11-08T21:52:05Z,2025-11-08T19:10:00Z,ARR,bad,162.0
185,True,True,SUDBURY,WHITE RIVER,2025-11-08,26,Bolkow,BOLK,2025-11-08T22:10:16Z,2025-11-08T19:30:00Z,ARR,bad,160.0
185,True,True,SUDBURY,WHITE RIVER,2025-11-08,27,Dalton,DALT,2025-11-08T22:25:16Z,2025-11-08T19:45:00Z,ARR,bad,160.0
185,True,True,SUDBURY,WHITE RIVER,2025-11-08,28,Missanabie,MSBI,2025-11-08T22:50:16Z,2025-11-08T20:10:00Z,ARR,bad,160.0
185,True,True,SUDBURY,WHITE RIVER,2025-11-08,29,Lochalsh,LOCH,2025-11-08T23:07:00Z,2025-11-08T20:30:00Z,ARR,bad,157.0
185,True,True,SUDBURY,WHITE RIVER,2025-11-08,30,Franz,FRNZ,2025-11-08T23:45:47Z,2025-11-08T20:50:00Z,ARR,bad,175.0
185,True,True,SUDBURY,WHITE RIVER,2025-11-08,31,Swanson,SWAN,2025-11-08T23:56:16Z,2025-11-08T21:00:00Z,ARR,bad,176.0
185,True,True,SUDBURY,WHITE RIVER,2025-11-08,32,Girdwood,GIRD,2025-11-09T00:15:03Z,2025-11-08T21:25:00Z,ARR,bad,170.0
185,True,True,SUDBURY,WHITE RIVER,2025-11-08,33,Amyot,AMYO,2025-11-09T00:26:47Z,2025-11-08T21:35:00Z,ARR,bad,171.0
185,True,True,SUDBURY,WHITE RIVER,2025-11-08,34,O'Brien,OBRI,2025-11-09T00:41:51Z,2025-11-08T21:50:00Z,ARR,bad,171.0
185,True,True,SUDBURY,WHITE RIVER,2025-11-08,35,White River,WHTR,2025-11-09T01:02:21Z,2025-11-08T22:05:00Z,ARR,bad,177.0
637,True,True,QUÉBEC,OTTAWA,2025-11-08,0,Québec,QBEC,2025-11-08T15:00:00Z,2025-11-08T15:00:00Z,ARR,goo,0.0
637,True,True,QUÉBEC,OTTAWA,2025-11-08,1,Ste-Foy,SFOY,2025-11-08T15:26:49Z,2025-11-08T15:25:00Z,ARR,goo,1.0
637,True,True,QUÉBEC,OTTAWA,2025-11-08,2,Drummondville,DRMV,2025-11-08T17:05:01Z,2025-11-08T17:08:00Z,ARR,goo,-2.0
637,True,True,QUÉBEC,OTTAWA,2025-11-08,3,St. Lambert,SLAM,2025-11-08T18:10:36Z,2025-11-08T18:16:00Z,ARR,goo,-5.0
637,True,True,QUÉBEC,OTTAWA,2025-11-08,4,Montréal,MTRL,2025-11-08T18:34:22Z,2025-11-08T18:31:00Z,ARR,goo,3.0
637,True,True,QUÉBEC,OTTAWA,2025-11-08,5,Dorval,DORV,2025-11-08T19:22:43Z,2025-11-08T19:20:00Z,ARR,goo,2.0
637,True,True,QUÉBEC,OTTAWA,2025-11-08,6,Alexandria,ALEX,2025-11-08T20:18:34Z,2025-11-08T20:10:00Z,ARR,med,8.0
637,True,True,QUÉBEC,OTTAWA,2025-11-08,7,Ottawa,OTTW,2025-11-08T21:01:55Z,2025-11-08T20:56:00Z,ARR,med,5.0
47,True,True,OTTAWA,TORONTO,2025-11-08,0,Ottawa,OTTW,2025-11-08T17:23:10Z,2025-11-08T17:23:00Z,ARR,goo,0.0
47,True,True,OTTAWA,TORONTO,2025-11-08,1,Fallowfield,FALL,2025-11-08T17:39:18Z,2025-11-08T17:40:00Z,ARR,goo,0.0
47,True,True,OTTAWA,TORONTO,2025-11-08,2,Smiths Falls,SMTF,2025-11-08T18:12:37Z,2025-11-08T18:18:00Z,ARR,goo,-5.0
47,True,True,OTTAWA,TORONTO,2025-11-08,3,Brockville,BRKV,2025-11-08T18:50:45Z,2025-11-08T18:54:00Z,ARR,goo,-3.0
47,True,True,OTTAWA,TORONTO,2025-11-08,4,Gananoque,GANA,2025-11-08T19:27:08Z,2025-11-08T19:22:00Z,ARR,med,5.0
47,True,True,OTTAWA,TORONTO,2025-11-08,5,Kingston,KGON,2025-11-08T19:48:16Z,2025-11-08T19:45:00Z,ARR,goo,3.0
47,True,True,OTTAWA,TORONTO,2025-11-08,6,Belleville,BLVL,2025-11-08T20:30:07Z,2025-11-08T20:26:00Z,ARR,goo,4.0
47,True,True,OTTAWA,TORONTO,2025-11-08,7,Oshawa,OSHA,2025-11-08T21:48:26Z,2025-11-08T21:33:00Z,ARR,bad,15.0
47,True,True,OTTAWA,TORONTO,2025-11-08,8,Guildwood,GUIL,2025-11-08T22:13:53Z,2025-11-08T21:58:00Z,ARR,bad,15.0
47,True,True,OTTAWA,TORONTO,2025-11-08,9,Toronto,TRTO,2025-11-08T22:31:36Z,2025-11-08T22:30:00Z,ARR,goo,1.0
624,True,True,OTTAWA,QUÉBEC,2025-11-08,0,Ottawa,OTTW,2025-11-08T12:45:00Z,2025-11-08T12:45:00Z,ARR,goo,0.0
624,True,True,OTTAWA,QUÉBEC,2025-11-08,1,Alexandria,ALEX,2025-11-08T13:27:54Z,2025-11-08T13:31:00Z,ARR,goo,-3.0
624,True,True,OTTAWA,QUÉBEC,2025-11-08,2,Dorval,DORV,2025-11-08T14:30:29Z,2025-11-08T14:16:00Z,ARR,med,14.0
624,True,True,OTTAWA,QUÉBEC,2025-11-08,3,Montréal,MTRL,2025-11-08T14:52:02Z,2025-11-08T14:39:00Z,ARR,med,13.0
624,True,True,OTTAWA,QUÉBEC,2025-11-08,4,St. Lambert,SLAM,2025-11-08T15:46:55Z,2025-11-08T15:28:00Z,ARR,bad,18.0
624,True,True,OTTAWA,QUÉBEC,2025-11-08,5,St. Hyacinthe,SHYA,2025-11-08T16:14:55Z,2025-11-08T16:06:00Z,ARR,med,8.0
624,True,True,OTTAWA,QUÉBEC,2025-11-08,6,Drummondville,DRMV,2025-11-08T16:47:19Z,2025-11-08T16:34:00Z,ARR,med,13.0
624,True,True,OTTAWA,QUÉBEC,2025-11-08,7,Charny,CHNY,2025-11-08T18:25:34Z,2025-11-08T18:13:00Z,ARR,med,12.0
624,True,True,OTTAWA,QUÉBEC,2025-11-08,8,Ste-Foy,SFOY,2025-11-08T18:33:03Z,2025-11-08T18:20:00Z,ARR,med,13.0
624,True,True,OTTAWA,QUÉBEC,2025-11-08,9,Québec,QBEC,2025-11-08T19:01:09Z,2025-11-08T18:48:00Z,ARR,med,13.0
40,True,True,TORONTO,OTTAWA,2025-11-08,0,Toronto,TRTO,2025-11-08T15:38:00Z,2025-11-08T15:38:00Z,ARR,goo,0.0
40,True,True,TORONTO,OTTAWA,2025-11-08,1,Belleville,BLVL,2025-11-08T17:30:46Z,2025-11-08T17:09:00Z,ARR,bad,21.0
40,True,True,TORONTO,OTTAWA,2025-11-08,2,Kingston,KGON,2025-11-08T18:09:36Z,2025-11-08T17:48:00Z,ARR,bad,21.0
40,True,True,TORONTO,OTTAWA,2025-11-08,3,Fallowfield,FALL,2025-11-08T19:55:10Z,2025-11-08T19:38:00Z,ARR,bad,17.0
40,True,True,TORONTO,OTTAWA,2025-11-08,4,Ottawa,OTTW,2025-11-08T20:16:43Z,2025-11-08T20:02:00Z,ARR,med,14.0
63,True,True,MONTRÉAL,TORONTO,2025-11-08,0,Montréal,MTRL,2025-11-08T13:46:00Z,2025-11-08T13:46:00Z,ARR,goo,0.0
63,True,True,MONTRÉAL,TORONTO,2025-11-08,1,Dorval,DORV,2025-11-08T14:10:42Z,2025-11-08T14:11:00Z,ARR,goo,0.0
63,True,True,MONTRÉAL,TORONTO,2025-11-08,2,Cornwall,CWLL,2025-11-08T15:02:39Z,2025-11-08T15:04:00Z,ARR,goo,-1.0
63,True,True,MONTRÉAL,TORONTO,2025-11-08,3,Brockville,BRKV,2025-11-08T15:50:50Z,2025-11-08T15:54:00Z,ARR,goo,-3.0
63,True,True,MONTRÉAL,TORONTO,2025-11-08,4,Kingston,KGON,2025-11-08T16:40:10Z,2025-11-08T16:39:00Z,ARR,goo,1.0
63,True,True,MONTRÉAL,TORONTO,2025-11-08,5,Belleville,BLVL,2025-11-08T17:20:20Z,2025-11-08T17:20:00Z,ARR,goo,0.0
63,True,True,MONTRÉAL,TORONTO,2025-11-08,6,Cobourg,CBRG,2025-11-08T17:58:15Z,2025-11-08T17:58:00Z,ARR,goo,0.0
63,True,True,MONTRÉAL,TORONTO,2025-11-08,7,Oshawa,OSHA,2025-11-08T18:35:11Z,2025-11-08T18:34:00Z,ARR,goo,1.0
63,True,True,MONTRÉAL,TORONTO,2025-11-08,8,Guildwood,GUIL,2025-11-08T18:53:38Z,2025-11-08T18:58:00Z,ARR,goo,-4.0
63,True,True,MONTRÉAL,TORONTO,2025-11-08,9,Toronto,TRTO,2025-11-08T19:21:44Z,2025-11-08T19:18:00Z,ARR,goo,3.0
35,True,True,QUÉBEC,OTTAWA,2025-11-08,0,Québec,QBEC,2025-11-08T13:06:00Z,2025-11-08T13:06:00Z,ARR,goo,0.0
35,True,True,QUÉBEC,OTTAWA,2025-11-08,1,Ste-Foy,SFOY,2025-11-08T13:32:51Z,2025-11-08T13:31:00Z,ARR,goo,1.0
35,True,True,QUÉBEC,OTTAWA,2025-11-08,2,Charny,CHNY,2025-11-08T13:44:57Z,2025-11-08T13:40:00Z,ARR,goo,4.0
35,True,True,QUÉBEC,OTTAWA,2025-11-08,3,Drummondville,DRMV,2025-11-08T15:12:15Z,2025-11-08T15:14:00Z,ARR,goo,-1.0
35,True,True,QUÉBEC,OTTAWA,2025-11-08,4,St. Hyacinthe,SHYA,2025-11-08T15:42:51Z,2025-11-08T15:44:00Z,ARR,goo,-1.0
35,True,True,QUÉBEC,OTTAWA,2025-11-08,5,St. Lambert,SLAM,2025-11-08T16:13:15Z,2025-11-08T16:11:00Z,ARR,goo,2.0
35,True,True,QUÉBEC,OTTAWA,2025-11-08,6,Montréal,MTRL,2025-11-08T16:29:11Z,2025-11-08T16:26:00Z,ARR,goo,3.0
35,True,True,QUÉBEC,OTTAWA,2025-11-08,7,Dorval,DORV,2025-11-08T17:28:05Z,2025-11-08T17:18:00Z,ARR,med,10.0
35,True,True,QUÉBEC,OTTAWA,2025-11-08,8,Coteau,COTO,2025-11-08T17:54:00Z,2025-11-08T17:46:00Z,ARR,med,8.0
35,True,True,QUÉBEC,OTTAWA,2025-11-08,9,Alexandria,ALEX,2025-11-08T18:25:43Z,2025-11-08T18:08:00Z,ARR,bad,17.0
35,True,True,QUÉBEC,OTTAWA,2025-11-08,10,Casselman,CSLM,2025-11-08T18:47:43Z,2025-11-08T18:31:00Z,ARR,bad,16.0
35,True,True,QUÉBEC,OTTAWA,2025-11-08,11,Ottawa,OTTW,2025-11-08T19:12:44Z,2025-11-08T18:58:00Z,ARR,med,14.0
26,True,True,OTTAWA,QUÉBEC,2025-11-08,0,Ottawa,OTTW,2025-11-08T19:17:00Z,2025-11-08T19:17:00Z,ARR,goo,0.0
26,True,True,OTTAWA,QUÉBEC,2025-11-08,1,Alexandria,ALEX,2025-11-08T20:00:56Z,2025-11-08T20:03:00Z,ARR,goo,-2.0
26,True,True,OTTAWA,QUÉBEC,2025-11-08,2,Coteau,COTO,2025-11-08T20:24:14Z,2025-11-08T20:26:00Z,ARR,goo,-1.0
26,True,True,OTTAWA,QUÉBEC,2025-11-08,3,Dorval,DORV,2025-11-08T20:59:01Z,2025-11-08T20:49:00Z,ARR,med,10.0
26,True,True,OTTAWA,QUÉBEC,2025-11-08,4,Montréal,MTRL,2025-11-08T21:27:54Z,2025-11-08T21:15:00Z,ARR,med,12.0
26,True,True,OTTAWA,QUÉBEC,2025-11-08,5,St. Lambert,SLAM,2025-11-08T22:03:04Z,2025-11-08T21:53:00Z,ARR,med,10.0
26,True,True,OTTAWA,QUÉBEC,2025-11-08,6,St. Hyacinthe,SHYA,2025-11-08T22:32:29Z,2025-11-08T22:20:00Z,ARR,med,12.0
26,True,True,OTTAWA,QUÉBEC,2025-11-08,7,Drummondville,DRMV,2025-11-08T23:27:13Z,2025-11-08T23:05:00Z,ARR,bad,22.0
26,True,True,OTTAWA,QUÉBEC,2025-11-08,8,Charny,CHNY,2025-11-09T00:44:42Z,2025-11-09T00:44:00Z,ARR,goo,0.0
26,True,True,OTTAWA,QUÉBEC,2025-11-08,9,Ste-Foy,SFOY,2025-11-09T00:53:51Z,2025-11-09T00:52:00Z,ARR,goo,1.0
26,True,True,OTTAWA,QUÉBEC,2025-11-08,10,Québec,QBEC,2025-11-09T01:22:19Z,2025-11-09T01:19:00Z,ARR,goo,3.0
39,True,True,QUÉBEC,OTTAWA,2025-11-08,0,Québec,QBEC,2025-11-08T19:57:00Z,2025-11-08T19:57:00Z,ARR,goo,0.0
39,True,True,QUÉBEC,OTTAWA,2025-11-08,1,Ste-Foy,SFOY,2025-11-08T20:21:11Z,2025-11-08T20:22:00Z,ARR,goo,0.0
39,True,True,QUÉBEC,OTTAWA,2025-11-08,2,Drummondville,DRMV,2025-11-08T21:52:31Z,2025-11-08T21:58:00Z,ARR,goo,-5.0
39,True,True,QUÉBEC,OTTAWA,2025-11-08,3,St. Lambert,SLAM,2025-11-08T22:52:50Z,2025-11-08T22:57:00Z,ARR,goo,-4.0
39,True,True,QUÉBEC,OTTAWA,2025-11-08,4,Montréal,MTRL,2025-11-08T23:08:54Z,2025-11-08T23:11:00Z,ARR,goo,-2.0
39,True,True,QUÉBEC,OTTAWA,2025-11-08,5,Dorval,DORV,2025-11-09T00:12:51Z,2025-11-09T00:14:00Z,ARR,goo,-1.0
39,True,True,QUÉBEC,OTTAWA,2025-11-08,6,Coteau,COTO,2025-11-09T00:44:03Z,2025-11-09T00:43:00Z,ARR,goo,1.0
39,True,True,QUÉBEC,OTTAWA,2025-11-08,7,Alexandria,ALEX,2025-11-09T01:05:18Z,2025-11-09T01:06:00Z,ARR,goo,0.0
39,True,True,QUÉBEC,OTTAWA,2025-11-08,8,Ottawa,OTTW,2025-11-09T01:47:41Z,2025-11-09T01:51:00Z,ARR,goo,-3.0
66,True,True,TORONTO,MONTRÉAL,2025-11-08,0,Toronto,TRTO,2025-11-08T20:23:30Z,2025-11-08T20:23:00Z,ARR,goo,0.0
66,True,True,TORONTO,MONTRÉAL,2025-11-08,1,Guildwood,GUIL,2025-11-08T20:42:48Z,2025-11-08T20:40:00Z,ARR,goo,2.0
66,True,True,TORONTO,MONTRÉAL,2025-11-08,2,Oshawa,OSHA,2025-11-08T21:01:23Z,2025-11-08T20:54:00Z,ARR,med,7.0
66,True,True,TORONTO,MONTRÉAL,2025-11-08,3,Belleville,BLVL,2025-11-08T22:10:02Z,2025-11-08T22:00:00Z,ARR,med,10.0
66,True,True,TORONTO,MONTRÉAL,2025-11-08,4,Kingston,KGON,2025-11-08T22:47:53Z,2025-11-08T22:40:00Z,ARR,med,7.0
66,True,True,TORONTO,MONTRÉAL,2025-11-08,5,Cornwall,CWLL,2025-11-09T00:11:34Z,2025-11-09T00:07:00Z,ARR,goo,4.0
66,True,True,TORONTO,MONTRÉAL,2025-11-08,6,Dorval,DORV,2025-11-09T00:59:03Z,2025-11-09T00:58:00Z,ARR,goo,1.0
66,True,True,TORONTO,MONTRÉAL,2025-11-08,7,Montréal,MTRL,2025-11-09T01:25:05Z,2025-11-09T01:25:00Z,ARR,goo,0.0
46,True,True,TORONTO,OTTAWA,2025-11-08,0,Toronto,TRTO,2025-11-08T20:38:00Z,2025-11-08T20:38:00Z,ARR,goo,0.0
46,True,True,TORONTO,OTTAWA,2025-11-08,1,Oshawa,OSHA,2025-11-08T21:13:16Z,2025-11-08T21:09:00Z,ARR,goo,4.0
46,True,True,TORONTO,OTTAWA,2025-11-08,2,Cobourg,CBRG,2025-11-08T21:49:54Z,2025-11-08T21:43:00Z,ARR,med,6.0
46,True,True,TORONTO,OTTAWA,2025-11-08,3,Kingston,KGON,2025-11-08T23:03:24Z,2025-11-08T22:54:00Z,ARR,med,9.0
46,True,True,TORONTO,OTTAWA,2025-11-08,4,Brockville,BRKV,2025-11-08T23:51:15Z,2025-11-08T23:40:00Z,ARR,med,11.0
46,True,True,TORONTO,OTTAWA,2025-11-08,5,Fallowfield,FALL,2025-11-09T00:53:22Z,2025-11-09T00:40:00Z,ARR,med,13.0
46,True,True,TORONTO,OTTAWA,2025-11-08,6,Ottawa,OTTW,2025-11-09T01:12:49Z,2025-11-09T01:00:00Z,ARR,med,12.0
28,True,True,OTTAWA,QUÉBEC,2025-11-08,0,Ottawa,OTTW,2025-11-08T21:05:00Z,2025-11-08T21:05:00Z,ARR,goo,0.0
28,True,True,OTTAWA,QUÉBEC,2025-11-08,1,Casselman,CSLM,2025-11-08T21:30:30Z,2025-11-08T21:31:00Z,ARR,goo,0.0
28,True,True,OTTAWA,QUÉBEC,2025-11-08,2,Alexandria,ALEX,2025-11-08T21:53:48Z,2025-11-08T21:53:00Z,ARR,goo,0.0
28,True,True,OTTAWA,QUÉBEC,2025-11-08,3,Coteau,COTO,2025-11-08T22:15:26Z,2025-11-08T22:15:00Z,ARR,goo,0.0
28,True,True,OTTAWA,QUÉBEC,2025-11-08,4,Dorval,DORV,2025-11-08T22:38:24Z,2025-11-08T22:38:00Z,ARR,goo,0.0
28,True,True,OTTAWA,QUÉBEC,2025-11-08,5,Montréal,MTRL,2025-11-08T23:02:41Z,2025-11-08T23:04:00Z,ARR,goo,-1.0
28,True,True,OTTAWA,QUÉBEC,2025-11-08,6,St. Lambert,SLAM,2025-11-08T23:42:30Z,2025-11-08T23:38:00Z,ARR,goo,4.0
28,True,True,OTTAWA,QUÉBEC,2025-11-08,7,St. Hyacinthe,SHYA,2025-11-09T00:14:11Z,2025-11-09T00:06:00Z,ARR,med,8.0
28,True,True,OTTAWA,QUÉBEC,2025-11-08,8,Drummondville,DRMV,2025-11-09T00:59:31Z,2025-11-09T00:52:00Z,ARR,med,7.0
28,True,True,OTTAWA,QUÉBEC,2025-11-08,9,Charny,CHNY,2025-11-09T02:39:26Z,2025-11-09T02:14:00Z,ARR,bad,25.0
28,True,True,OTTAWA,QUÉBEC,2025-11-08,10,Ste-Foy,SFOY,2025-11-09T02:47:42Z,2025-11-09T02:21:00Z,ARR,bad,26.0
28,True,True,OTTAWA,QUÉBEC,2025-11-08,11,Québec,QBEC,2025-11-09T03:17:02Z,2025-11-09T02:48:00Z,ARR,bad,29.0
69,True,True,MONTRÉAL,TORONTO,2025-11-08,0,Montréal,MTRL,2025-11-08T21:38:00Z,2025-11-08T21:38:00Z,ARR,goo,0.0
69,True,True,MONTRÉAL,TORONTO,2025-11-08,1,Dorval,DORV,2025-11-08T22:09:38Z,2025-11-08T22:04:00Z,ARR,med,5.0
69,True,True,MONTRÉAL,TORONTO,2025-11-08,2,Cornwall,CWLL,2025-11-08T22:55:14Z,2025-11-08T22:53:00Z,ARR,goo,2.0
69,True,True,MONTRÉAL,TORONTO,2025-11-08,3,Brockville,BRKV,2025-11-08T23:40:32Z,2025-11-08T23:40:00Z,ARR,goo,0.0
69,True,True,MONTRÉAL,TORONTO,2025-11-08,4,Kingston,KGON,2025-11-09T00:22:52Z,2025-11-09T00:24:00Z,ARR,goo,-1.0
69,True,True,MONTRÉAL,TORONTO,2025-11-08,5,Oshawa,OSHA,2025-11-09T02:10:30Z,2025-11-09T02:05:00Z,ARR,med,5.0
69,True,True,MONTRÉAL,TORONTO,2025-11-08,6,Guildwood,GUIL,2025-11-09T02:46:55Z,2025-11-09T02:28:00Z,ARR,bad,18.0
69,True,True,MONTRÉAL,TORONTO,2025-11-08,7,Toronto,TRTO,2025-11-09T03:12:41Z,2025-11-09T02:48:00Z,ARR,bad,24.0
68,True,True,TORONTO,MONTRÉAL,2025-11-08,0,Toronto,TRTO,2025-11-08T22:09:16Z,2025-11-08T22:08:00Z,ARR,goo,1.0
68,True,True,TORONTO,MONTRÉAL,2025-11-08,1,Oshawa,OSHA,2025-11-08T22:47:48Z,2025-11-08T22:39:00Z,ARR,med,8.0
68,True,True,TORONTO,MONTRÉAL,2025-11-08,2,Cobourg,CBRG,2025-11-08T23:20:39Z,2025-11-08T23:14:00Z,ARR,med,6.0
68,True,True,TORONTO,MONTRÉAL,2025-11-08,3,Belleville,BLVL,2025-11-08T23:53:33Z,2025-11-08T23:49:00Z,ARR,goo,4.0
68,True,True,TORONTO,MONTRÉAL,2025-11-08,4,Kingston,KGON,2025-11-09T00:29:59Z,2025-11-09T00:26:00Z,ARR,goo,3.0
68,True,True,TORONTO,MONTRÉAL,2025-11-08,5,Brockville,BRKV,2025-11-09T01:16:01Z,2025-11-09T01:11:00Z,ARR,med,5.0
68,True,True,TORONTO,MONTRÉAL,2025-11-08,6,Cornwall,CWLL,2025-11-09T01:59:44Z,2025-11-09T01:57:00Z,ARR,goo,2.0
68,True,True,TORONTO,MONTRÉAL,2025-11-08,7,Dorval,DORV,2025-11-09T02:43:48Z,2025-11-09T02:47:00Z,ARR,goo,-3.0
68,True,True,TORONTO,MONTRÉAL,2025-11-08,8,Montréal,MTRL,2025-11-09T03:09:07Z,2025-11-09T03:14:00Z,ARR,goo,-4.0
75,True,True,TORONTO,WINDSOR,2025-11-08,0,Toronto,TRTO,2025-11-08T22:22:00Z,2025-11-08T22:22:00Z,ARR,goo,0.0
75,True,True,TORONTO,WINDSOR,2025-11-08,1,Oakville,OAKV,2025-11-08T22:51:54Z,2025-11-08T22:45:00Z,ARR,med,6.0
75,True,True,TORONTO,WINDSOR,2025-11-08,2,Aldershot,ALDR,2025-11-08T23:10:39Z,2025-11-08T23:01:00Z,ARR,med,9.0
75,True,True,TORONTO,WINDSOR,2025-11-08,3,Brantford,BRTF,2025-11-08T23:54:37Z,2025-11-08T23:33:00Z,ARR,bad,21.0
75,True,True,TORONTO,WINDSOR,2025-11-08,4,Woodstock,WDST,2025-11-09T00:29:17Z,2025-11-09T00:04:00Z,ARR,bad,25.0
75,True,True,TORONTO,WINDSOR,2025-11-08,5,Ingersoll,INGR,2025-11-09T00:41:05Z,2025-11-09T00:19:00Z,ARR,bad,22.0
75,True,True,TORONTO,WINDSOR,2025-11-08,6,London,LNDN,2025-11-09T01:03:30Z,2025-11-09T00:47:00Z,ARR,bad,16.0
75,True,True,TORONTO,WINDSOR,2025-11-08,7,Glencoe,GLNC,2025-11-09T01:40:12Z,2025-11-09T01:21:00Z,ARR,bad,19.0
75,True,True,TORONTO,WINDSOR,2025-11-08,8,Chatham,CHAT,2025-11-09T02:21:09Z,2025-11-09T01:55:00Z,ARR,bad,26.0
75,True,True,TORONTO,WINDSOR,2025-11-08,9,Windsor,WDON,2025-11-09T03:08:35Z,2025-11-09T02:50:00Z,ARR,bad,18.0
54,True,True,TORONTO,OTTAWA,2025-11-08,0,Toronto,TRTO,2025-11-08T22:38:14Z,2025-11-08T22:38:00Z,ARR,goo,0.0
54,True,True,TORONTO,OTTAWA,2025-11-08,1,Guildwood,GUIL,2025-11-08T22:58:39Z,2025-11-08T22:55:00Z,ARR,goo,3.0
54,True,True,TORONTO,OTTAWA,2025-11-08,2,Oshawa,OSHA,2025-11-08T23:17:37Z,2025-11-08T23:08:00Z,ARR,med,9.0
54,True,True,TORONTO,OTTAWA,2025-11-08,3,Port Hope,PHOP,2025-11-08T23:48:56Z,2025-11-08T23:37:00Z,ARR,med,11.0
54,True,True,TORONTO,OTTAWA,2025-11-08,4,Cobourg,CBRG,2025-11-08T23:58:33Z,2025-11-08T23:46:00Z,ARR,med,12.0
54,True,True,TORONTO,OTTAWA,2025-11-08,5,Trenton Jct.,TRNJ,2025-11-09T00:26:20Z,2025-11-09T00:13:01Z,ARR,med,13.0
54,True,True,TORONTO,OTTAWA,2025-11-08,6,Belleville,BLVL,2025-11-09T00:40:00Z,2025-11-09T00:27:00Z,ARR,med,13.0
54,True,True,TORONTO,OTTAWA,2025-11-08,7,Napanee,NAPN,2025-11-09T01:02:21Z,2025-11-09T00:48:00Z,ARR,med,14.0
54,True,True,TORONTO,OTTAWA,2025-11-08,8,Kingston,KGON,2025-11-09T01:23:25Z,2025-11-09T01:09:00Z,ARR,med,14.0
54,True,True,TORONTO,OTTAWA,2025-11-08,9,Brockville,BRKV,2025-11-09T02:11:00Z,2025-11-09T01:54:00Z,ARR,bad,17.0
54,True,True,TORONTO,OTTAWA,2025-11-08,10,Smiths Falls,SMTF,2025-11-09T02:41:27Z,2025-11-09T02:25:00Z,ARR,bad,16.0
54,True,True,TORONTO,OTTAWA,2025-11-08,11,Fallowfield,FALL,2025-11-09T03:08:44Z,2025-11-09T02:52:00Z,ARR,bad,16.0
54,True,True,TORONTO,OTTAWA,2025-11-08,12,Ottawa,OTTW,2025-11-09T03:29:03Z,2025-11-09T03:13:00Z,ARR,bad,16.0
29,True,True,QUÉBEC,MONTRÉAL,2025-11-08,0,Québec,QBEC,2025-11-08T22:41:00Z,2025-11-08T22:41:00Z,ARR,goo,0.0
29,True,True,QUÉBEC,MONTRÉAL,2025-11-08,1,Ste-Foy,SFOY,2025-11-08T23:10:12Z,2025-11-08T23:06:00Z,ARR,goo,4.0
29,True,True,QUÉBEC,MONTRÉAL,2025-11-08,2,Drummondville,DRMV,2025-11-09T00:53:50Z,2025-11-09T00:42:00Z,ARR,med,11.0
29,True,True,QUÉBEC,MONTRÉAL,2025-11-08,3,St. Hyacinthe,SHYA,2025-11-09T01:26:43Z,2025-11-09T01:18:00Z,ARR,med,8.0
29,True,True,QUÉBEC,MONTRÉAL,2025-11-08,4,St. Lambert,SLAM,2025-11-09T01:56:24Z,2025-11-09T01:45:00Z,ARR,med,11.0
29,True,True,QUÉBEC,MONTRÉAL,2025-11-08,5,Montréal,MTRL,2025-11-09T02:12:39Z,2025-11-09T02:00:00Z,ARR,med,12.0
98,True,True,NIAGARA FALLS,TORONTO,2025-11-08,0,Niagara Falls,NIAG,2025-11-08T22:45:00Z,2025-11-08T22:45:00Z,ARR,goo,0.0
98,True,True,NIAGARA FALLS,TORONTO,2025-11-08,1,St. Catharines,SCAT,2025-11-08T23:06:00Z,2025-11-08T23:06:00Z,ARR,goo,0.0
98,True,True,NIAGARA FALLS,TORONTO,2025-11-08,2,Grimsby,GRIM,2025-11-08T23:26:00Z,2025-11-08T23:26:00Z,ARR,goo,0.0
98,True,True,NIAGARA FALLS,TORONTO,2025-11-08,3,Aldershot,ALDR,2025-11-09T00:02:00Z,2025-11-09T00:02:00Z,ARR,goo,0.0
98,True,True,NIAGARA FALLS,TORONTO,2025-11-08,4,Oakville,OAKV,2025-11-09T00:24:00Z,2025-11-09T00:16:00Z,ARR,med,8.0
98,True,True,NIAGARA FALLS,TORONTO,2025-11-08,5,Toronto,TRTO,2025-11-09T00:51:00Z,2025-11-09T00:43:00Z,ARR,med,8.0
38,True,True,OTTAWA,MONTRÉAL,2025-11-08,0,Ottawa,OTTW,2025-11-08T22:55:31Z,2025-11-08T22:55:00Z,ARR,goo,0.0
38,True,True,OTTAWA,MONTRÉAL,2025-11-08,1,Casselman,CSLM,2025-11-08T23:20:06Z,2025-11-08T23:26:00Z,ARR,goo,-5.0
38,True,True,OTTAWA,MONTRÉAL,2025-11-08,2,Alexandria,ALEX,2025-11-08T23:46:05Z,2025-11-08T23:49:00Z,ARR,goo,-2.0
38,True,True,OTTAWA,MONTRÉAL,2025-11-08,3,Dorval,DORV,2025-11-09T00:28:35Z,2025-11-09T00:33:00Z,ARR,goo,-4.0
38,True,True,OTTAWA,MONTRÉAL,2025-11-08,4,Montréal,MTRL,2025-11-09T00:51:27Z,2025-11-09T00:57:00Z,ARR,goo,-5.0
59,True,False,OTTAWA,TORONTO,2025-11-08,0,Ottawa,OTTW,2025-11-08T23:04:30Z,2025-11-08T23:03:00Z,ARR,goo,1.0
59,True,False,OTTAWA,TORONTO,2025-11-08,1,Fallowfield,FALL,2025-11-08T23:20:42Z,2025-11-08T23:20:00Z,ARR,goo,0.0
59,True,False,OTTAWA,TORONTO,2025-11-08,2,Smiths Falls,SMTF,2025-11-08T23:49:21Z,2025-11-08T23:51:00Z,ARR,goo,-1.0
59,True,False,OTTAWA,TORONTO,2025-11-08,3,Brockville,BRKV,2025-11-09T00:25:40Z,2025-11-09T00:25:00Z,ARR,goo,0.0
59,True,False,OTTAWA,TORONTO,2025-11-08,4,Kingston,KGON,2025-11-09T01:10:57Z,2025-11-09T01:10:00Z,ARR,goo,0.0
59,True,False,OTTAWA,TORONTO,2025-11-08,5,Belleville,BLVL,2025-11-09T02:00:10Z,2025-11-09T01:51:00Z,ARR,med,9.0
59,True,False,OTTAWA,TORONTO,2025-11-08,6,Trenton Jct.,TRNJ,2025-11-09T02:14:13Z,2025-11-09T02:05:00Z,ARR,med,9.0
59,True,False,OTTAWA,TORONTO,2025-11-08,7,Cobourg,CBRG,2025-11-09T02:42:26Z,2025-11-09T02:31:00Z,ARR,med,11.0
59,True,False,OTTAWA,TORONTO,2025-11-08,8,Oshawa,OSHA,2025-11-09T03:20:32Z,2025-11-09T03:05:00Z,ARR,bad,15.0
59,True,False,OTTAWA,TORONTO,2025-11-08,9,Guildwood,GUIL,2025-11-09T03:45:33Z,2025-11-09T03:28:00Z,ARR,bad,17.0
59,True,False,OTTAWA,TORONTO,2025-11-08,10,Toronto,TRTO,2025-11-09T04:04:47Z,2025-11-09T03:48:00Z,14 mins,bad,16.0
78,True,False,WINDSOR,TORONTO,2025-11-08,0,Windsor,WDON,2025-11-09T03:17:00Z,2025-11-08T22:40:00Z,ARR,bad,277.0
78,True,False,WINDSOR,TORONTO,2025-11-08,1,Chatham,CHAT,2025-11-09T04:17:40Z,2025-11-08T23:24:00Z,27 mins,bad,293.0
78,True,False,WINDSOR,TORONTO,2025-11-08,2,Glencoe,GLNC,2025-11-09T04:52:40Z,2025-11-08T23:59:00Z,1h02,bad,293.0
78,True,False,WINDSOR,TORONTO,2025-11-08,3,London,LNDN,2025-11-09T05:25:40Z,2025-11-09T00:32:00Z,1h35,bad,293.0
78,True,False,WINDSOR,TORONTO,2025-11-08,4,Ingersoll,INGR,2025-11-09T05:50:40Z,2025-11-09T00:57:00Z,2h00,bad,293.0
78,True,False,WINDSOR,TORONTO,2025-11-08,5,Woodstock,WDST,2025-11-09T06:01:40Z,2025-11-09T01:08:00Z,2h11,bad,293.0
78,True,False,WINDSOR,TORONTO,2025-11-08,6,Brantford,BRTF,2025-11-09T06:32:40Z,2025-11-09T01:39:00Z,2h42,bad,293.0
78,True,False,WINDSOR,TORONTO,2025-11-08,7,Aldershot,ALDR,2025-11-09T07:02:40Z,2025-11-09T02:09:00Z,3h12,bad,293.0
78,True,False,WINDSOR,TORONTO,2025-11-08,8,Oakville,OAKV,2025-11-09T07:17:40Z,2025-11-09T02:24:00Z,3h27,bad,293.0
78,True,False,WINDSOR,TORONTO,2025-11-08,9,Toronto,TRTO,2025-11-09T07:43:40Z,2025-11-09T02:50:00Z,3h53,bad,293.0
87,True,True,TORONTO,SARNIA,2025-11-08,0,Malton,MALT,&mdash;,2025-11-08T23:00:00Z,&mdash;,,
87,True,True,TORONTO,SARNIA,2025-11-08,1,Brampton,BRMP,&mdash;,2025-11-08T23:12:00Z,&mdash;,,
87,True,True,TORONTO,SARNIA,2025-11-08,2,Georgetown,GEOR,2025-11-09T00:16:00Z,2025-11-08T23:24:00Z,ARR,bad,52.0
87,True,True,TORONTO,SARNIA,2025-11-08,3,Guelph,GUEL,2025-11-09T00:41:00Z,2025-11-08T23:49:00Z,ARR,bad,52.0
87,True,True,TORONTO,SARNIA,2025-11-08,4,Kitchener,KITC,2025-11-09T01:08:00Z,2025-11-09T00:16:00Z,ARR,bad,52.0
87,True,True,TORONTO,SARNIA,2025-11-08,5,Stratford,STRF,2025-11-09T01:12:00Z,2025-11-09T00:57:00Z,ARR,bad,15.0
87,True,True,TORONTO,SARNIA,2025-11-08,6,St.Marys,SMYS,2025-11-09T01:40:00Z,2025-11-09T01:25:00Z,ARR,bad,15.0
87,True,True,TORONTO,SARNIA,2025-11-08,7,London,LNDN,2025-11-09T02:28:00Z,2025-11-09T02:13:00Z,ARR,bad,15.0
87,True,True,TORONTO,SARNIA,2025-11-08,8,Strathroy,STRR,2025-11-09T02:54:00Z,2025-11-09T02:39:00Z,ARR,bad,15.0
87,True,True,TORONTO,SARNIA,2025-11-08,9,Wyoming,WYOM,2025-11-09T03:22:00Z,2025-11-09T03:07:00Z,ARR,bad,15.0
87,True,True,TORONTO,SARNIA,2025-11-08,10,Sarnia,SARN,2025-11-09T03:39:00Z,2025-11-09T03:24:00Z,ARR,bad,15.0
79,True,False,TORONTO,WINDSOR,2025-11-08,0,Toronto,TRTO,2025-11-09T00:45:00Z,2025-11-09T00:45:00Z,ARR,goo,0.0
79,True,False,TORONTO,WINDSOR,2025-11-08,1,Oakville,OAKV,2025-11-09T01:09:50Z,2025-11-09T01:07:00Z,ARR,goo,2.0
79,True,False,TORONTO,WINDSOR,2025-11-08,2,Aldershot,ALDR,2025-11-09T01:26:03Z,2025-11-09T01:22:00Z,ARR,goo,4.0
79,True,False,TORONTO,WINDSOR,2025-11-08,3,Brantford,BRTF,2025-11-09T01:55:08Z,2025-11-09T01:50:00Z,ARR,med,5.0
79,True,False,TORONTO,WINDSOR,2025-11-08,4,Woodstock,WDST,2025-11-09T02:25:17Z,2025-11-09T02:17:00Z,ARR,med,8.0
79,True,False,TORONTO,WINDSOR,2025-11-08,5,Ingersoll,INGR,2025-11-09T02:35:49Z,2025-11-09T02:30:00Z,ARR,med,5.0
79,True,False,TORONTO,WINDSOR,2025-11-08,6,London,LNDN,2025-11-09T02:57:21Z,2025-11-09T02:52:00Z,ARR,med,5.0
79,True,False,TORONTO,WINDSOR,2025-11-08,7,Glencoe,GLNC,2025-11-09T03:32:57Z,2025-11-09T03:25:00Z,ARR,med,7.0
79,True,False,TORONTO,WINDSOR,2025-11-08,8,Chatham,CHAT,2025-11-09T04:12:08Z,2025-11-09T03:57:00Z,21 mins,bad,15.0
79,True,False,TORONTO,WINDSOR,2025-11-08,9,Windsor,WDON,2025-11-09T04:59:08Z,2025-11-09T04:44:00Z,1h08,bad,15.0
