train_id,departed,arrived,from,to,instance,stop_id,station,code,estimated,scheduled,eta,diff,diffMin
1 (10-08),True,False,TORONTO,VANCOUVER,2025-10-08,0,Toronto,TRTO,2025-10-08T13:57:00Z,2025-10-08T13:55:00Z,ARR,goo,2.0
1 (10-08),True,False,TORONTO,VANCOUVER,2025-10-08,1,Washago,WSHG,2025-10-08T16:57:56Z,2025-10-08T16:25:00Z,ARR,bad,32.0
1 (10-08),True,False,TORONTO,VANCOUVER,2025-10-08,2,South Parry,SPAR,2025-10-08T18:54:11Z,2025-10-08T18:27:00Z,ARR,bad,27.0
1 (10-08),True,False,TORONTO,VANCOUVER,2025-10-08,3,Sudbury (Jct.),SUDJ,2025-10-08T21:33:35Z,2025-10-08T20:57:00Z,ARR,bad,36.0
1 (10-08),True,False,TORONTO,VANCOUVER,2025-10-08,4,Capreol,CAPR,2025-10-08T22:06:12Z,2025-10-08T21:22:00Z,ARR,bad,44.0
1 (10-08),True,False,TORONTO,VANCOUVER,2025-10-08,5,Laforest,LAFO,2025-10-08T23:20:43Z,2025-10-08T22:48:00Z,ARR,bad,32.0
1 (10-08),True,False,TORONTO,VANCOUVER,2025-10-08,6,McKee's Camp,MCKC,2025-10-08T23:33:43Z,2025-10-08T23:01:00Z,ARR,bad,32.0
1 (10-08),True,False,TORONTO,VANCOUVER,2025-10-08,7,Felix,FELX,2025-10-08T23:53:43Z,2025-10-08T23:21:00Z,ARR,bad,32.0
1 (10-08),True,False,TORONTO,VANCOUVER,2025-10-08,8,Ruel,RUEL,2025-10-09T00:00:43Z,2025-10-08T23:28:00Z,ARR,bad,32.0
1 (10-08),True,False,TORONTO,VANCOUVER,2025-10-08,9,Westree,WSTR,2025-10-09T00:09:15Z,2025-10-08T23:45:00Z,ARR,bad,24.0
1 (10-08),True,False,TORONTO,VANCOUVER,2025-10-08,10,Gogama,GOGA,2025-10-09T00:36:11Z,2025-10-09T00:18:00Z,ARR,bad,18.0
1 (10-08),True,False,TORONTO,VANCOUVER,2025-10-08,11,Foleyet,FOLE,2025-10-09T02:10:53Z,2025-10-09T02:44:00Z,ARR,goo,-33.0
1 (10-08),True,False,TORONTO,VANCOUVER,2025-10-08,12,Elsas,ELSA,2025-10-09T02:59:04Z,2025-10-09T03:38:00Z,ARR,goo,-38.0
1 (10-08),True,False,TORONTO,VANCOUVER,2025-10-08,13,Oba,OBAX,2025-10-09T05:38:00Z,2025-10-09T05:38:00Z,ARR,goo,0.0
1 (10-08),True,False,TORONTO,VANCOUVER,2025-10-08,14,Hornepayne,HNPN,2025-10-09T06:42:17Z,2025-10-09T06:29:00Z,ARR,med,13.0
1 (10-08),True,False,TORONTO,VANCOUVER,2025-10-08,15,Hillsport,HLSP,2025-10-09T08:20:50Z,2025-10-09T08:05:00Z,ARR,bad,15.0
1 (10-08),True,False,TORONTO,VANCOUVER,2025-10-08,16,Caramat,CARA,2025-10-09T09:17:35Z,2025-10-09T08:55:00Z,ARR,bad,22.0
1 (10-08),True,False,TORONTO,VANCOUVER,2025-10-08,17,Longlac,LLAC,2025-10-09T09:43:30Z,2025-10-09T09:34:00Z,ARR,med,9.0
1 (10-08),True,False,TORONTO,VANCOUVER,2025-10-08,18,Nakina,NAKI,2025-10-09T10:37:18Z,2025-10-09T10:13:00Z,ARR,bad,24.0
1 (10-08),True,False,TORONTO,VANCOUVER,2025-10-08,19,Auden,AUDN,2025-10-09T11:45:00Z,2025-10-09T11:19:00Z,ARR,bad,26.0
1 (10-08),True,False,TORONTO,VANCOUVER,2025-10-08,20,Ferland,FERL,2025-10-09T12:22:00Z,2025-10-09T11:56:00Z,ARR,bad,26.0
1 (10-08),True,False,TORONTO,VANCOUVER,2025-10-08,21,Mud River,MUDR,2025-10-09T12:31:00Z,2025-10-09T12:05:00Z,ARR,bad,26.0
1 (10-08),True,False,TORONTO,VANCOUVER,2025-10-08,22,Armstrong,ARMG,2025-10-09T13:19:57Z,2025-10-09T13:17:00Z,ARR,goo,2.0
1 (10-08),True,False,TORONTO,VANCOUVER,2025-10-08,23,Collins,COLL,2025-10-09T14:14:06Z,2025-10-09T13:47:00Z,ARR,bad,27.0
1 (10-08),True,False,TORONTO,VANCOUVER,2025-10-08,24,Allanwater Bridge,ALWB,2025-10-09T14:53:06Z,2025-10-09T14:26:00Z,ARR,bad,27.0
1 (10-08),True,False,TORONTO,VANCOUVER,2025-10-08,25,Flindt Landing,FLTL,2025-10-09T15:09:06Z,2025-10-09T14:42:00Z,ARR,bad,27.0
1 (10-08),True,False,TORONTO,VANCOUVER,2025-10-08,26,Savant Lake,SAVL,2025-10-09T15:26:06Z,2025-10-09T14:59:00Z,ARR,bad,27.0
1 (10-08),True,False,TORONTO,VANCOUVER,2025-10-08,27,Sioux Lookout,SLKT,2025-10-09T16:34:41Z,2025-10-09T16:25:00Z,ARR,med,9.0
1 (10-08),True,False,TORONTO,VANCOUVER,2025-10-08,28,Richan,RCHN,2025-10-09T18:02:27Z,2025-10-09T18:05:00Z,ARR,goo,-2.0
1 (10-08),True,False,TORONTO,VANCOUVER,2025-10-08,29,Red Lake Road,RLRX,2025-10-09T18:44:02Z,2025-10-09T18:41:00Z,ARR,goo,3.0
1 (10-08),True,False,TORONTO,VANCOUVER,2025-10-08,30,Canyon,CNYK,2025-10-09T19:38:20Z,2025-10-09T19:10:00Z,ARR,bad,28.0
1 (10-08),True,False,TORONTO,VANCOUVER,2025-10-08,31,Farlane,FARL,2025-10-09T20:11:32Z,2025-10-09T19:47:00Z,ARR,bad,24.0
1 (10-08),True,False,TORONTO,VANCOUVER,2025-10-08,32,Redditt,RDDT,2025-10-09T20:25:01Z,2025-10-09T20:23:00Z,ARR,goo,2.0
1 (10-08),True,False,TORONTO,VANCOUVER,2025-10-08,33,Minaki,MNKI,2025-10-09T20:59:17Z,2025-10-09T20:44:00Z,ARR,bad,15.0
1 (10-08),True,False,TORONTO,VANCOUVER,2025-10-08,34,Ottermere,OTTM,2025-10-09T21:14:38Z,2025-10-09T21:01:00Z,ARR,med,13.0
1 (10-08),True,False,TORONTO,VANCOUVER,2025-10-08,35,Malachi,MLCH,2025-10-09T21:22:24Z,2025-10-09T21:07:00Z,ARR,bad,15.0
1 (10-08),True,False,TORONTO,VANCOUVER,2025-10-08,36,Copelands Landing,COPE,2025-10-09T21:24:08Z,2025-10-09T21:09:00Z,ARR,bad,15.0
1 (10-08),True,False,TORONTO,VANCOUVER,2025-10-08,37,Rice Lake,RCLK,2025-10-09T21:32:42Z,2025-10-09T21:12:00Z,ARR,bad,20.0
1 (10-08),True,False,TORONTO,VANCOUVER,2025-10-08,38,Winnitoba,WNTB,2025-10-09T21:45:36Z,2025-10-09T21:26:00Z,ARR,bad,19.0
1 (10-08),True,False,TORONTO,VANCOUVER,2025-10-08,39,Ophir,OPHR,2025-10-09T21:47:23Z,2025-10-09T21:31:00Z,ARR,bad,16.0
1 (10-08),True,False,TORONTO,VANCOUVER,2025-10-08,40,Brereton Lake,BRTL,2025-10-09T22:00:07Z,2025-10-09T21:49:00Z,ARR,med,11.0
1 (10-08),True,False,TORONTO,VANCOUVER,2025-10-08,41,Elma,ELMA,2025-10-09T22:15:12Z,2025-10-09T22:10:00Z,ARR,med,5.0
1 (10-08),True,False,TORONTO,VANCOUVER,2025-10-08,42,Winnipeg,WNPG,2025-10-10T00:12:25Z,2025-10-10T00:30:00Z,ARR,goo,-17.0
1 (10-08),True,False,TORONTO,VANCOUVER,2025-10-08,43,Portage La Prairie,PLPX,2025-10-10T05:05:39Z,2025-10-10T04:04:00Z,ARR,bad,61.0
1 (10-08),True,False,TORONTO,VANCOUVER,2025-10-08,44,Rivers,RVRS,2025-10-10T07:11:29Z,2025-10-10T06:31:00Z,ARR,bad,40.0
1 (10-08),True,False,TORONTO,VANCOUVER,2025-10-08,45,Melville,MELV,2025-10-10T09:55:31Z,2025-10-10T10:54:00Z,ARR,goo,-58.0
1 (10-08),True,False,TORONTO,VANCOUVER,2025-10-08,46,Watrous,WATR,2025-10-10T13:56:01Z,2025-10-10T13:54:00Z,ARR,goo,2.0
1 (10-08),True,False,TORONTO,VANCOUVER,2025-10-08,47,Saskatoon,SASK,2025-10-10T15:33:38Z,2025-10-10T15:50:00Z,ARR,goo,-16.0
1 (10-08),True,False,TORONTO,VANCOUVER,2025-10-08,48,Biggar,BIGG,2025-10-10T18:37:04Z,2025-10-10T18:29:00Z,ARR,med,8.0
1 (10-08),True,False,TORONTO,VANCOUVER,2025-10-08,49,Unity,UNIT,2025-10-10T20:27:23Z,2025-10-10T19:44:00Z,ARR,bad,43.0
1 (10-08),True,False,TORONTO,VANCOUVER,2025-10-08,50,Wainwright,WAIN,2025-10-10T22:17:16Z,2025-10-10T22:33:00Z,ARR,goo,-15.0
1 (10-08),True,False,TORONTO,VANCOUVER,2025-10-08,51,Viking,VKNG,2025-10-11T00:16:29Z,2025-10-10T23:26:00Z,ARR,bad,50.0
1 (10-08),True,False,TORONTO,VANCOUVER,2025-10-08,52,Edmonton,EDMO,2025-10-11T03:15:29Z,2025-10-11T02:50:00Z,ARR,bad,25.0
1 (10-08),True,False,TORONTO,VANCOUVER,2025-10-08,53,Evansburg,EVAN,2025-10-11T08:22:03Z,2025-10-11T07:29:00Z,ARR,bad,53.0
1 (10-08),True,False,TORONTO,VANCOUVER,2025-10-08,54,Edson,EDSN,2025-10-11T10:10:07Z,2025-10-11T08:52:00Z,ARR,bad,78.0
1 (10-08),True,False,TORONTO,VANCOUVER,2025-10-08,55,Hinton,HINT,2025-10-11T11:24:21Z,2025-10-11T09:58:00Z,ARR,bad,86.0
1 (10-08),True,False,TORONTO,VANCOUVER,2025-10-08,56,Jasper,JASP,2025-10-11T13:09:30Z,2025-10-11T12:30:00Z,ARR,bad,39.0
1 (10-08),True,False,TORONTO,VANCOUVER,2025-10-08,57,Valemount,VLMT,2025-10-11T17:54:24Z,2025-10-11T17:50:00Z,ARR,goo,4.0
1 (10-08),True,False,TORONTO,VANCOUVER,2025-10-08,58,Blue River,BLUE,2025-10-11T20:30:41Z,2025-10-11T20:36:00Z,ARR,goo,-5.0
1 (10-08),True,False,TORONTO,VANCOUVER,2025-10-08,59,Clearwater,CLWT,2025-10-11T22:41:53Z,2025-10-11T22:45:00Z,ARR,goo,-3.0
1 (10-08),True,False,TORONTO,VANCOUVER,2025-10-08,60,Kamloops North,KAMN,2025-10-12T01:07:54Z,2025-10-12T01:28:00Z,ARR,goo,-20.0
1 (10-08),True,False,TORONTO,VANCOUVER,2025-10-08,61,Ashcroft,ASHN,2025-10-12T03:40:28Z,2025-10-12T03:49:00Z,ARR,goo,-8.0
1 (10-08),True,False,TORONTO,VANCOUVER,2025-10-08,62,Boston Bar,BBAR,2025-10-12T06:24:18Z,2025-10-12T06:36:00Z,2h33,goo,-11.0
1 (10-08),True,False,TORONTO,VANCOUVER,2025-10-08,63,Hope,HOPE,2025-10-12T08:06:00Z,2025-10-12T08:06:00Z,4h15,goo,0.0
1 (10-08),True,False,TORONTO,VANCOUVER,2025-10-08,64,Chilliwack,CHIL,&mdash;,2025-10-12T08:30:00Z,&mdash;,,
1 (10-08),True,False,TORONTO,VANCOUVER,2025-10-08,65,Abbotsford,ABBO,&mdash;,2025-10-12T09:00:00Z,&mdash;,,
1 (10-08),True,False,TORONTO,VANCOUVER,2025-10-08,66,Vancouver,VCVR,&mdash;,2025-10-12T15:00:00Z,&mdash;,,
692 (10-09),True,True,CHURCHILL,WINNIPEG,2025-10-09,0,Churchill,CHUR,2025-10-10T01:30:00Z,2025-10-10T01:30:00Z,ARR,goo,0.0
692 (10-09),True,True,CHURCHILL,WINNIPEG,2025-10-09,1,Tidal,TIDL,2025-10-10T01:56:48Z,2025-10-10T01:52:00Z,ARR,goo,4.0
692 (10-09),True,True,CHURCHILL,WINNIPEG,2025-10-09,2,Chesnaye,CHES,2025-10-10T02:51:06Z,2025-10-10T02:38:00Z,ARR,med,13.0
692 (10-09),True,True,CHURCHILL,WINNIPEG,2025-10-09,3,M'Clintock,MCLI,2025-10-10T04:07:06Z,2025-10-10T03:54:00Z,ARR,med,13.0
692 (10-09),True,True,CHURCHILL,WINNIPEG,2025-10-09,4,O'Day,ODAY,2025-10-10T04:52:06Z,2025-10-10T04:39:00Z,ARR,med,13.0
692 (10-09),True,True,CHURCHILL,WINNIPEG,2025-10-09,5,Herchmer,HERC,2025-10-10T05:31:06Z,2025-10-10T05:18:00Z,ARR,med,13.0
692 (10-09),True,True,CHURCHILL,WINNIPEG,2025-10-09,6,Thibaudeau,THIB,2025-10-10T06:57:06Z,2025-10-10T06:44:00Z,ARR,med,13.0
692 (10-09),True,True,CHURCHILL,WINNIPEG,2025-10-09,7,Weir River,WEIR,2025-10-10T07:46:56Z,2025-10-10T07:46:00Z,ARR,goo,0.0
692 (10-09),True,True,CHURCHILL,WINNIPEG,2025-10-09,8,Amery,AMRY,2025-10-10T08:23:46Z,2025-10-10T08:37:00Z,ARR,goo,-13.0
692 (10-09),True,True,CHURCHILL,WINNIPEG,2025-10-09,9,Bird,BIRD,2025-10-10T09:01:55Z,2025-10-10T09:00:00Z,ARR,goo,1.0
692 (10-09),True,True,CHURCHILL,WINNIPEG,2025-10-09,10,Gillam,GILL,2025-10-10T09:55:26Z,2025-10-10T10:00:00Z,ARR,goo,-4.0
692 (10-09),True,True,CHURCHILL,WINNIPEG,2025-10-09,11,Wivenhoe,WVHO,2025-10-10T11:15:08Z,2025-10-10T11:16:00Z,ARR,goo,0.0
692 (10-09),True,True,CHURCHILL,WINNIPEG,2025-10-09,12,Ilford,ILFO,2025-10-10T11:55:33Z,2025-10-10T11:53:00Z,ARR,goo,2.0
692 (10-09),True,True,CHURCHILL,WINNIPEG,2025-10-09,13,Pit Siding,PITS,2025-10-10T12:56:33Z,2025-10-10T12:54:00Z,ARR,goo,2.0
692 (10-09),True,True,CHURCHILL,WINNIPEG,2025-10-09,14,Bridgar,BRGR,2025-10-10T14:18:33Z,2025-10-10T14:16:00Z,ARR,goo,2.0
692 (10-09),True,True,CHURCHILL,WINNIPEG,2025-10-09,15,Pikwitonei,PIKW,2025-10-10T14:29:33Z,2025-10-10T14:27:00Z,ARR,goo,2.0
692 (10-09),True,True,CHURCHILL,WINNIPEG,2025-10-09,16,Sipiwesk,SIPI,2025-10-10T14:56:33Z,2025-10-10T14:54:00Z,ARR,goo,2.0
692 (10-09),True,True,CHURCHILL,WINNIPEG,2025-10-09,17,Thompson,THOM,2025-10-10T18:10:22Z,2025-10-10T16:30:00Z,ARR,bad,100.0
692 (10-09),True,True,CHURCHILL,WINNIPEG,2025-10-09,18,Leven,LEVN,2025-10-10T21:56:28Z,2025-10-10T21:05:00Z,ARR,bad,51.0
692 (10-09),True,True,CHURCHILL,WINNIPEG,2025-10-09,19,Thicket Portage,THKP,2025-10-10T22:13:28Z,2025-10-10T21:22:00Z,ARR,bad,51.0
692 (10-09),True,True,CHURCHILL,WINNIPEG,2025-10-09,20,Hockin,HOCK,2025-10-10T22:28:28Z,2025-10-10T21:37:00Z,ARR,bad,51.0
692 (10-09),True,True,CHURCHILL,WINNIPEG,2025-10-09,21,Odhill,ODHI,2025-10-10T22:15:12Z,2025-10-10T22:21:00Z,ARR,goo,-5.0
692 (10-09),True,True,CHURCHILL,WINNIPEG,2025-10-09,22,Lyddal,LYDD,2025-10-10T22:34:04Z,2025-10-10T22:43:00Z,ARR,goo,-8.0
692 (10-09),True,True,CHURCHILL,WINNIPEG,2025-10-09,23,Wabowden,WBDN,2025-10-10T22:57:40Z,2025-10-10T23:11:00Z,ARR,goo,-13.0
692 (10-09),True,True,CHURCHILL,WINNIPEG,2025-10-09,24,Pipun,PIPN,2025-10-10T23:30:16Z,2025-10-10T23:34:00Z,ARR,goo,-3.0
692 (10-09),True,True,CHURCHILL,WINNIPEG,2025-10-09,25,Ponton,PNTN,2025-10-11T00:14:36Z,2025-10-11T00:17:00Z,ARR,goo,-2.0
692 (10-09),True,True,CHURCHILL,WINNIPEG,2025-10-09,26,Turnbull,TURN,2025-10-11T00:41:37Z,2025-10-11T00:49:00Z,ARR,goo,-7.0
692 (10-09),True,True,CHURCHILL,WINNIPEG,2025-10-09,27,Wekusko,WEKU,2025-10-11T01:04:35Z,2025-10-11T01:16:00Z,ARR,goo,-11.0
692 (10-09),True,True,CHURCHILL,WINNIPEG,2025-10-09,28,Dyce,DYCE,2025-10-11T01:44:56Z,2025-10-11T02:00:00Z,ARR,goo,-15.0
692 (10-09),True,True,CHURCHILL,WINNIPEG,2025-10-09,29,Dering,DERI,2025-10-11T02:19:46Z,2025-10-11T02:39:00Z,ARR,goo,-19.0
692 (10-09),True,True,CHURCHILL,WINNIPEG,2025-10-09,30,Cormorant,CORM,2025-10-11T02:47:00Z,2025-10-11T02:47:00Z,ARR,goo,0.0
692 (10-09),True,True,CHURCHILL,WINNIPEG,2025-10-09,31,Halcrow,HALC,2025-10-11T02:31:16Z,2025-10-11T02:58:00Z,ARR,goo,-26.0
692 (10-09),True,True,CHURCHILL,WINNIPEG,2025-10-09,32,Orok,OROK,2025-10-11T03:16:15Z,2025-10-11T03:52:00Z,ARR,goo,-35.0
692 (10-09),True,True,CHURCHILL,WINNIPEG,2025-10-09,33,The Pas,TPAS,2025-10-11T03:48:11Z,2025-10-11T04:30:00Z,ARR,goo,-41.0
692 (10-09),True,True,CHURCHILL,WINNIPEG,2025-10-09,34,Hudson Bay,HBAY,2025-10-11T10:45:08Z,2025-10-11T10:27:00Z,ARR,bad,18.0
692 (10-09),True,True,CHURCHILL,WINNIPEG,2025-10-09,35,Reserve,RSRV,2025-10-11T11:52:21Z,2025-10-11T11:09:00Z,ARR,bad,43.0
692 (10-09),True,True,CHURCHILL,WINNIPEG,2025-10-09,36,Endeavour,ENDV,2025-10-11T12:42:56Z,2025-10-11T11:55:00Z,ARR,bad,47.0
692 (10-09),True,True,CHURCHILL,WINNIPEG,2025-10-09,37,Sturgis,STGS,2025-10-11T13:12:52Z,2025-10-11T12:24:00Z,ARR,bad,48.0
692 (10-09),True,True,CHURCHILL,WINNIPEG,2025-10-09,38,Canora,CANO,2025-10-11T14:00:26Z,2025-10-11T13:08:00Z,ARR,bad,52.0
692 (10-09),True,True,CHURCHILL,WINNIPEG,2025-10-09,39,Mikado,MIKA,2025-10-11T14:21:14Z,2025-10-11T13:30:00Z,ARR,bad,51.0
692 (10-09),True,True,CHURCHILL,WINNIPEG,2025-10-09,40,Veregin,VERE,2025-10-11T14:32:11Z,2025-10-11T13:43:00Z,ARR,bad,49.0
692 (10-09),True,True,CHURCHILL,WINNIPEG,2025-10-09,41,Kamsack,KAMS,2025-10-11T14:43:23Z,2025-10-11T13:58:00Z,ARR,bad,45.0
692 (10-09),True,True,CHURCHILL,WINNIPEG,2025-10-09,42,Togo,TOGO,2025-10-11T15:15:06Z,2025-10-11T14:37:00Z,ARR,bad,38.0
692 (10-09),True,True,CHURCHILL,WINNIPEG,2025-10-09,43,Roblin,RBLN,2025-10-11T15:41:32Z,2025-10-11T15:14:00Z,ARR,bad,27.0
692 (10-09),True,True,CHURCHILL,WINNIPEG,2025-10-09,44,Grandview,GVIE,2025-10-11T17:29:55Z,2025-10-11T16:12:00Z,ARR,bad,77.0
692 (10-09),True,True,CHURCHILL,WINNIPEG,2025-10-09,45,Gilbert Plains,GLBP,2025-10-11T17:47:23Z,2025-10-11T16:32:00Z,ARR,bad,75.0
692 (10-09),True,True,CHURCHILL,WINNIPEG,2025-10-09,46,Dauphin,DAUP,2025-10-11T18:24:46Z,2025-10-11T16:56:00Z,ARR,bad,88.0
692 (10-09),True,True,CHURCHILL,WINNIPEG,2025-10-09,47,Ochre River,OCHR,2025-10-11T19:01:13Z,2025-10-11T17:20:00Z,ARR,bad,101.0
692 (10-09),True,True,CHURCHILL,WINNIPEG,2025-10-09,48,Laurier,LRIE,2025-10-11T19:21:46Z,2025-10-11T17:38:00Z,ARR,bad,103.0
692 (10-09),True,True,CHURCHILL,WINNIPEG,2025-10-09,49,Mccreary,MCCR,2025-10-11T19:38:37Z,2025-10-11T17:54:00Z,ARR,bad,104.0
692 (10-09),True,True,CHURCHILL,WINNIPEG,2025-10-09,50,Glenella,GLNA,2025-10-11T20:30:16Z,2025-10-11T18:34:00Z,ARR,bad,116.0
692 (10-09),True,True,CHURCHILL,WINNIPEG,2025-10-09,51,Plumas,PLUM,2025-10-11T20:59:28Z,2025-10-11T19:06:00Z,ARR,bad,113.0
692 (10-09),True,True,CHURCHILL,WINNIPEG,2025-10-09,52,Gladstone,GSTO,2025-10-11T21:30:28Z,2025-10-11T19:51:00Z,ARR,bad,99.0
692 (10-09),True,True,CHURCHILL,WINNIPEG,2025-10-09,53,Portage La Prairie,PLPX,2025-10-11T22:47:48Z,2025-10-11T20:37:00Z,ARR,bad,130.0
692 (10-09),True,True,CHURCHILL,WINNIPEG,2025-10-09,54,Winnipeg,WNPG,2025-10-12T00:00:10Z,2025-10-11T21:45:00Z,ARR,bad,135.0
2 (10-10),True,False,VANCOUVER,TORONTO,2025-10-10,0,Vancouver,VCVR,2025-10-10T22:00:08Z,2025-10-10T22:00:00Z,ARR,goo,0.0
2 (10-10),True,False,VANCOUVER,TORONTO,2025-10-10,1,Mission Harbour,MSNH,2025-10-10T23:59:18Z,2025-10-10T23:35:00Z,ARR,bad,24.0
2 (10-10),True,False,VANCOUVER,TORONTO,2025-10-10,2,Agassiz,AGAS,2025-10-11T00:48:19Z,2025-10-11T00:03:00Z,ARR,bad,45.0
2 (10-10),True,False,VANCOUVER,TORONTO,2025-10-10,3,Katz,KATZ,2025-10-11T01:08:48Z,2025-10-11T00:17:00Z,ARR,bad,51.0
2 (10-10),True,False,VANCOUVER,TORONTO,2025-10-10,4,North Bend,NBND,2025-10-11T02:57:23Z,2025-10-11T02:46:00Z,ARR,med,11.0
2 (10-10),True,False,VANCOUVER,TORONTO,2025-10-10,5,Ashcroft,ASHN,2025-10-11T05:18:00Z,2025-10-11T05:32:00Z,ARR,goo,-14.0
2 (10-10),True,False,VANCOUVER,TORONTO,2025-10-10,6,Kamloops North,KAMN,2025-10-11T07:30:51Z,2025-10-11T07:17:00Z,ARR,med,13.0
2 (10-10),True,False,VANCOUVER,TORONTO,2025-10-10,7,Clearwater,CLWT,2025-10-11T10:05:24Z,2025-10-11T09:58:00Z,ARR,med,7.0
2 (10-10),True,False,VANCOUVER,TORONTO,2025-10-10,8,Blue River,BLUE,2025-10-11T13:05:02Z,2025-10-11T12:11:00Z,ARR,bad,54.0
2 (10-10),True,False,VANCOUVER,TORONTO,2025-10-10,9,Valemount,VLMT,2025-10-11T15:31:25Z,2025-10-11T14:01:00Z,ARR,bad,90.0
2 (10-10),True,False,VANCOUVER,TORONTO,2025-10-10,10,Jasper,JASP,2025-10-11T18:13:48Z,2025-10-11T17:00:00Z,ARR,bad,73.0
2 (10-10),True,False,VANCOUVER,TORONTO,2025-10-10,11,Hinton,HINT,2025-10-11T20:57:45Z,2025-10-11T19:45:00Z,ARR,bad,72.0
2 (10-10),True,False,VANCOUVER,TORONTO,2025-10-10,12,Edson,EDSN,2025-10-11T22:15:00Z,2025-10-11T21:19:00Z,ARR,bad,56.0
2 (10-10),True,False,VANCOUVER,TORONTO,2025-10-10,13,Evansburg,EVAN,2025-10-11T23:18:29Z,2025-10-11T22:28:00Z,ARR,bad,50.0
2 (10-10),True,False,VANCOUVER,TORONTO,2025-10-10,14,Edmonton,EDMO,2025-10-12T01:27:53Z,2025-10-12T00:50:00Z,ARR,bad,37.0
2 (10-10),True,False,VANCOUVER,TORONTO,2025-10-10,15,Viking,VKNG,2025-10-12T05:18:19Z,2025-10-12T03:53:00Z,1h27,bad,85.0
2 (10-10),True,False,VANCOUVER,TORONTO,2025-10-10,16,Wainwright,WAIN,2025-10-12T07:39:19Z,2025-10-12T06:14:00Z,3h48,bad,85.0
2 (10-10),True,False,VANCOUVER,TORONTO,2025-10-10,17,Unity,UNIT,&mdash;,2025-10-12T07:47:00Z,&mdash;,,
2 (10-10),True,False,VANCOUVER,TORONTO,2025-10-10,18,Biggar,BIGG,&mdash;,2025-10-12T09:21:00Z,&mdash;,,
2 (10-10),True,False,VANCOUVER,TORONTO,2025-10-10,19,Saskatoon,SASK,&mdash;,2025-10-12T11:57:00Z,&mdash;,,
2 (10-10),True,False,VANCOUVER,TORONTO,2025-10-10,20,Watrous,WATR,&mdash;,2025-10-12T14:26:00Z,&mdash;,,
692 (10-11),True,False,CHURCHILL,WINNIPEG,2025-10-11,0,Churchill,CHUR,2025-10-12T01:30:32Z,2025-10-12T01:30:00Z,ARR,goo,0.0
692 (10-11),True,False,CHURCHILL,WINNIPEG,2025-10-11,1,Tidal,TIDL,2025-10-12T01:52:00Z,2025-10-12T01:52:00Z,ARR,goo,0.0
692 (10-11),True,False,CHURCHILL,WINNIPEG,2025-10-11,2,Chesnaye,CHES,2025-10-12T02:38:00Z,2025-10-12T02:38:00Z,ARR,goo,0.0
692 (10-11),True,False,CHURCHILL,WINNIPEG,2025-10-11,3,M'Clintock,MCLI,2025-10-12T03:54:00Z,2025-10-12T03:54:00Z,3 mins,goo,0.0
692 (10-11),True,False,CHURCHILL,WINNIPEG,2025-10-11,4,O'Day,ODAY,2025-10-12T04:39:00Z,2025-10-12T04:39:00Z,48 mins,goo,0.0
692 (10-11),True,False,CHURCHILL,WINNIPEG,2025-10-11,5,Herchmer,HERC,2025-10-12T05:18:00Z,2025-10-12T05:18:00Z,1h27,goo,0.0
692 (10-11),True,False,CHURCHILL,WINNIPEG,2025-10-11,6,Thibaudeau,THIB,2025-10-12T06:44:00Z,2025-10-12T06:44:00Z,2h53,goo,0.0
692 (10-11),True,False,CHURCHILL,WINNIPEG,2025-10-11,7,Weir River,WEIR,2025-10-12T07:46:00Z,2025-10-12T07:46:00Z,3h55,goo,0.0
692 (10-11),True,False,CHURCHILL,WINNIPEG,2025-10-11,8,Amery,AMRY,2025-10-12T08:37:00Z,2025-10-12T08:37:00Z,4h46,goo,0.0
692 (10-11),True,False,CHURCHILL,WINNIPEG,2025-10-11,9,Bird,BIRD,2025-10-12T09:00:00Z,2025-10-12T09:00:00Z,5h09,goo,0.0
692 (10-11),True,False,CHURCHILL,WINNIPEG,2025-10-11,10,Gillam,GILL,2025-10-12T10:00:00Z,2025-10-12T10:00:00Z,6h09,goo,0.0
692 (10-11),True,False,CHURCHILL,WINNIPEG,2025-10-11,11,Wivenhoe,WVHO,2025-10-12T11:16:00Z,2025-10-12T11:16:00Z,7h25,goo,0.0
692 (10-11),True,False,CHURCHILL,WINNIPEG,2025-10-11,12,Ilford,ILFO,2025-10-12T11:53:00Z,2025-10-12T11:53:00Z,8h02,goo,0.0
692 (10-11),True,False,CHURCHILL,WINNIPEG,2025-10-11,13,Pit Siding,PITS,2025-10-12T12:54:00Z,2025-10-12T12:54:00Z,9h03,goo,0.0
692 (10-11),True,False,CHURCHILL,WINNIPEG,2025-10-11,14,Bridgar,BRGR,2025-10-12T14:16:00Z,2025-10-12T14:16:00Z,10h25,goo,0.0
692 (10-11),True,False,CHURCHILL,WINNIPEG,2025-10-11,15,Pikwitonei,PIKW,2025-10-12T14:27:00Z,2025-10-12T14:27:00Z,10h36,goo,0.0
692 (10-11),True,False,CHURCHILL,WINNIPEG,2025-10-11,16,Sipiwesk,SIPI,2025-10-12T14:54:00Z,2025-10-12T14:54:00Z,11h03,goo,0.0
692 (10-11),True,False,CHURCHILL,WINNIPEG,2025-10-11,17,Thompson,THOM,2025-10-12T16:30:00Z,2025-10-12T16:30:00Z,12h39,goo,0.0
15,True,True,HALIFAX,MONTRÉAL,2025-10-10,0,Halifax,HLFX,2025-10-10T14:34:03Z,2025-10-10T14:30:00Z,ARR,goo,4.0
15,True,True,HALIFAX,MONTRÉAL,2025-10-10,1,Truro,TRUR,2025-10-10T15:59:47Z,2025-10-10T15:56:00Z,ARR,goo,3.0
15,True,True,HALIFAX,MONTRÉAL,2025-10-10,2,Springhill Jct,SPRJ,2025-10-10T17:19:52Z,2025-10-10T17:11:00Z,ARR,med,8.0
15,True,True,HALIFAX,MONTRÉAL,2025-10-10,3,Amherst,AMHS,2025-10-10T17:39:54Z,2025-10-10T17:34:00Z,ARR,med,5.0
15,True,True,HALIFAX,MONTRÉAL,2025-10-10,4,Sackville,SACK,2025-10-10T17:54:29Z,2025-10-10T17:50:00Z,ARR,goo,4.0
15,True,True,HALIFAX,MONTRÉAL,2025-10-10,5,Moncton,MCTN,2025-10-10T18:48:07Z,2025-10-10T18:44:00Z,ARR,goo,4.0
15,True,True,HALIFAX,MONTRÉAL,2025-10-10,6,Rogersville,RGRV,2025-10-10T20:37:39Z,2025-10-10T20:08:00Z,ARR,bad,29.0
15,True,True,HALIFAX,MONTRÉAL,2025-10-10,7,Miramichi,MIRA,2025-10-10T21:28:48Z,2025-10-10T20:59:00Z,ARR,bad,29.0
15,True,True,HALIFAX,MONTRÉAL,2025-10-10,8,Bathurst,BTRS,2025-10-10T23:11:02Z,2025-10-10T22:55:00Z,ARR,bad,16.0
15,True,True,HALIFAX,MONTRÉAL,2025-10-10,9,Petit Rocher,PROC,2025-10-10T23:30:02Z,2025-10-10T23:22:00Z,ARR,med,8.0
15,True,True,HALIFAX,MONTRÉAL,2025-10-10,10,Jacquet River,JACR,2025-10-11T00:07:06Z,2025-10-10T23:44:01Z,ARR,bad,23.0
15,True,True,HALIFAX,MONTRÉAL,2025-10-10,11,Charlo,CHLO,2025-10-11T00:44:20Z,2025-10-11T00:07:00Z,ARR,bad,37.0
15,True,True,HALIFAX,MONTRÉAL,2025-10-10,12,Campbellton,CBTN,2025-10-11T01:31:53Z,2025-10-11T01:10:00Z,ARR,bad,21.0
15,True,True,HALIFAX,MONTRÉAL,2025-10-10,13,Matapedia,MTPD,2025-10-11T02:14:44Z,2025-10-11T01:52:00Z,ARR,bad,22.0
15,True,True,HALIFAX,MONTRÉAL,2025-10-10,14,Causapscal,CAUS,2025-10-11T03:09:11Z,2025-10-11T02:41:00Z,ARR,bad,28.0
15,True,True,HALIFAX,MONTRÉAL,2025-10-10,15,Amqui,AMQU,2025-10-11T03:36:20Z,2025-10-11T03:01:00Z,ARR,bad,35.0
15,True,True,HALIFAX,MONTRÉAL,2025-10-10,16,Sayabec,SAYA,2025-10-11T04:11:25Z,2025-10-11T03:23:00Z,ARR,bad,48.0
15,True,True,HALIFAX,MONTRÉAL,2025-10-10,17,Mont-Joli,MJLI,2025-10-11T05:16:09Z,2025-10-11T04:53:00Z,ARR,bad,23.0
15,True,True,HALIFAX,MONTRÉAL,2025-10-10,18,Rimouski,RMSK,2025-10-11T05:44:42Z,2025-10-11T05:24:00Z,ARR,bad,20.0
15,True,True,HALIFAX,MONTRÉAL,2025-10-10,19,Trois Pistoles,TPIS,2025-10-11T07:02:54Z,2025-10-11T06:29:00Z,ARR,bad,33.0
15,True,True,HALIFAX,MONTRÉAL,2025-10-10,20,Rivière-Du-Loup,RDLX,2025-10-11T07:42:38Z,2025-10-11T07:16:00Z,ARR,bad,26.0
15,True,True,HALIFAX,MONTRÉAL,2025-10-10,21,La Pocatière,LPOC,2025-10-11T08:31:19Z,2025-10-11T08:05:00Z,ARR,bad,26.0
15,True,True,HALIFAX,MONTRÉAL,2025-10-10,22,Montmagny,MMGY,2025-10-11T09:03:26Z,2025-10-11T08:39:00Z,ARR,bad,24.0
15,True,True,HALIFAX,MONTRÉAL,2025-10-10,23,Ste-Foy,SFOY,2025-10-11T10:23:14Z,2025-10-11T10:13:00Z,ARR,med,10.0
15,True,True,HALIFAX,MONTRÉAL,2025-10-10,24,Drummondville,DRMV,2025-10-11T12:15:24Z,2025-10-11T12:20:00Z,ARR,goo,-4.0
15,True,True,HALIFAX,MONTRÉAL,2025-10-10,25,St. Hyacinthe,SHYA,2025-10-11T12:43:54Z,2025-10-11T13:00:00Z,ARR,goo,-16.0
15,True,True,HALIFAX,MONTRÉAL,2025-10-10,26,St. Lambert,SLAM,2025-10-11T13:13:56Z,2025-10-11T13:34:00Z,ARR,goo,-20.0
15,True,True,HALIFAX,MONTRÉAL,2025-10-10,27,Montréal,MTRL,2025-10-11T13:33:43Z,2025-10-11T13:53:00Z,ARR,goo,-19.0
6,True,True,PRINCE RUPERT,JASPER,2025-10-10,0,Prince Rupert,PRUP,2025-10-10T15:00:40Z,2025-10-10T15:00:00Z,ARR,goo,0.0
6,True,True,PRINCE RUPERT,JASPER,2025-10-10,1,Cassiar Cannery,CASS,2025-10-10T15:32:14Z,2025-10-10T15:20:00Z,ARR,med,12.0
6,True,True,PRINCE RUPERT,JASPER,2025-10-10,2,Kwinitsa,KWIN,2025-10-10T16:10:38Z,2025-10-10T16:17:00Z,ARR,goo,-6.0
6,True,True,PRINCE RUPERT,JASPER,2025-10-10,3,Terrace,TRRC,2025-10-10T17:06:15Z,2025-10-10T17:20:00Z,ARR,goo,-13.0
6,True,True,PRINCE RUPERT,JASPER,2025-10-10,4,Usk,USKX,2025-10-10T17:35:17Z,2025-10-10T17:48:00Z,ARR,goo,-12.0
6,True,True,PRINCE RUPERT,JASPER,2025-10-10,5,Pacific,PACI,2025-10-10T17:58:04Z,2025-10-10T18:07:00Z,ARR,goo,-8.0
6,True,True,PRINCE RUPERT,JASPER,2025-10-10,6,Dorreen,DORR,2025-10-10T18:19:38Z,2025-10-10T18:19:00Z,ARR,goo,0.0
6,True,True,PRINCE RUPERT,JASPER,2025-10-10,7,Cedarvale,CEDA,2025-10-10T18:43:56Z,2025-10-10T18:44:00Z,ARR,goo,0.0
6,True,True,PRINCE RUPERT,JASPER,2025-10-10,8,Kitwanga,KITW,2025-10-10T19:04:01Z,2025-10-10T18:48:01Z,ARR,bad,16.0
6,True,True,PRINCE RUPERT,JASPER,2025-10-10,9,New Hazelton,NHAZ,2025-10-10T19:47:48Z,2025-10-10T19:30:00Z,ARR,bad,17.0
6,True,True,PRINCE RUPERT,JASPER,2025-10-10,10,Smithers,SMTR,2025-10-10T21:22:32Z,2025-10-10T21:14:00Z,ARR,med,8.0
6,True,True,PRINCE RUPERT,JASPER,2025-10-10,11,Telkwa,TELK,2025-10-10T21:50:11Z,2025-10-10T21:37:00Z,ARR,med,13.0
6,True,True,PRINCE RUPERT,JASPER,2025-10-10,12,Houston,HOUS,2025-10-10T22:28:42Z,2025-10-10T22:22:00Z,ARR,med,6.0
6,True,True,PRINCE RUPERT,JASPER,2025-10-10,13,Burns Lake,BRNL,2025-10-11T00:00:28Z,2025-10-10T23:32:00Z,ARR,bad,28.0
6,True,True,PRINCE RUPERT,JASPER,2025-10-10,14,Endako,ENDA,2025-10-11T01:22:59Z,2025-10-11T00:25:00Z,ARR,bad,57.0
6,True,True,PRINCE RUPERT,JASPER,2025-10-10,15,Fort Fraser,FFRA,2025-10-11T01:49:37Z,2025-10-11T00:57:00Z,ARR,bad,52.0
6,True,True,PRINCE RUPERT,JASPER,2025-10-10,16,Vanderhoof,VDRH,2025-10-11T02:22:21Z,2025-10-11T01:35:00Z,ARR,bad,47.0
6,True,True,PRINCE RUPERT,JASPER,2025-10-10,17,Prince George,PGEO,2025-10-11T04:34:05Z,2025-10-11T03:29:00Z,ARR,bad,65.0
6,True,True,PRINCE RUPERT,JASPER,2025-10-10,18,Willow River,WILR,2025-10-11T15:57:26Z,2025-10-11T15:48:00Z,ARR,med,9.0
6,True,True,PRINCE RUPERT,JASPER,2025-10-10,19,Aleza Lake,ALZL,2025-10-11T16:20:47Z,2025-10-11T16:17:00Z,ARR,goo,3.0
6,True,True,PRINCE RUPERT,JASPER,2025-10-10,20,Upper Fraser,UFRZ,2025-10-11T16:25:57Z,2025-10-11T16:25:00Z,ARR,goo,0.0
6,True,True,PRINCE RUPERT,JASPER,2025-10-10,21,Mcgregor,MCGR,2025-10-11T16:32:00Z,2025-10-11T16:33:00Z,ARR,goo,-1.0
6,True,True,PRINCE RUPERT,JASPER,2025-10-10,22,Sinclair Mills,SINM,2025-10-11T16:42:38Z,2025-10-11T16:44:00Z,ARR,goo,-1.0
6,True,True,PRINCE RUPERT,JASPER,2025-10-10,23,Hutton,HUTT,2025-10-11T16:47:09Z,2025-10-11T16:48:00Z,ARR,goo,0.0
6,True,True,PRINCE RUPERT,JASPER,2025-10-10,24,Longworth,LWTH,2025-10-11T16:59:32Z,2025-10-11T16:59:00Z,ARR,goo,0.0
6,True,True,PRINCE RUPERT,JASPER,2025-10-10,25,Penny,PENN,2025-10-11T17:11:06Z,2025-10-11T17:13:00Z,ARR,goo,-1.0
6,True,True,PRINCE RUPERT,JASPER,2025-10-10,26,Bend,BEND,2025-10-11T17:28:08Z,2025-10-11T17:32:00Z,ARR,goo,-3.0
6,True,True,PRINCE RUPERT,JASPER,2025-10-10,27,Dome Creek,DOMC,2025-10-11T17:29:10Z,2025-10-11T17:33:07Z,ARR,goo,-3.0
6,True,True,PRINCE RUPERT,JASPER,2025-10-10,28,Loos,LOOS,2025-10-11T18:20:12Z,2025-10-11T18:07:00Z,ARR,med,13.0
6,True,True,PRINCE RUPERT,JASPER,2025-10-10,29,Goat River,GOAT,2025-10-11T18:36:47Z,2025-10-11T18:22:00Z,ARR,med,14.0
6,True,True,PRINCE RUPERT,JASPER,2025-10-10,30,Mcbride,MCBR,2025-10-11T19:28:27Z,2025-10-11T19:18:00Z,ARR,med,10.0
6,True,True,PRINCE RUPERT,JASPER,2025-10-10,31,Dunster,DNST,2025-10-11T19:59:27Z,2025-10-11T19:35:00Z,ARR,bad,24.0
6,True,True,PRINCE RUPERT,JASPER,2025-10-10,32,Harvey,HRVY,2025-10-11T20:37:52Z,2025-10-11T20:24:00Z,ARR,med,13.0
6,True,True,PRINCE RUPERT,JASPER,2025-10-10,33,Jasper,JASP,2025-10-11T23:40:43Z,2025-10-11T23:00:00Z,ARR,bad,40.0
691,True,True,THE PAS,CHURCHILL,2025-10-10,0,The Pas,TPAS,2025-10-10T07:30:27Z,2025-10-10T07:30:00Z,ARR,goo,0.0
691,True,True,THE PAS,CHURCHILL,2025-10-10,1,Orok,OROK,2025-10-10T08:06:35Z,2025-10-10T08:07:00Z,ARR,goo,0.0
691,True,True,THE PAS,CHURCHILL,2025-10-10,2,Halcrow,HALC,2025-10-10T08:57:20Z,2025-10-10T09:01:00Z,ARR,goo,-3.0
691,True,True,THE PAS,CHURCHILL,2025-10-10,3,Cormorant,CORM,2025-10-10T09:12:00Z,2025-10-10T09:12:00Z,ARR,goo,0.0
691,True,True,THE PAS,CHURCHILL,2025-10-10,4,Dering,DERI,2025-10-10T09:20:00Z,2025-10-10T09:20:00Z,ARR,goo,0.0
691,True,True,THE PAS,CHURCHILL,2025-10-10,5,Dyce,DYCE,2025-10-10T09:59:00Z,2025-10-10T09:59:00Z,ARR,goo,0.0
691,True,True,THE PAS,CHURCHILL,2025-10-10,6,Wekusko,WEKU,2025-10-10T10:43:00Z,2025-10-10T10:43:00Z,ARR,goo,0.0
691,True,True,THE PAS,CHURCHILL,2025-10-10,7,Turnbull,TURN,2025-10-10T11:10:00Z,2025-10-10T11:10:00Z,ARR,goo,0.0
691,True,True,THE PAS,CHURCHILL,2025-10-10,8,Ponton,PNTN,2025-10-10T11:42:00Z,2025-10-10T11:42:00Z,ARR,goo,0.0
691,True,True,THE PAS,CHURCHILL,2025-10-10,9,Pipun,PIPN,2025-10-10T12:25:00Z,2025-10-10T12:25:00Z,ARR,goo,0.0
691,True,True,THE PAS,CHURCHILL,2025-10-10,10,Wabowden,WBDN,2025-10-10T12:48:00Z,2025-10-10T12:48:00Z,ARR,goo,0.0
691,True,True,THE PAS,CHURCHILL,2025-10-10,11,Lyddal,LYDD,2025-10-10T13:06:12Z,2025-10-10T13:16:00Z,ARR,goo,-9.0
691,True,True,THE PAS,CHURCHILL,2025-10-10,12,Odhill,ODHI,2025-10-10T13:26:19Z,2025-10-10T13:38:00Z,ARR,goo,-11.0
691,True,True,THE PAS,CHURCHILL,2025-10-10,13,Hockin,HOCK,2025-10-10T14:06:11Z,2025-10-10T14:22:00Z,ARR,goo,-15.0
691,True,True,THE PAS,CHURCHILL,2025-10-10,14,Thicket Portage,THKP,2025-10-10T14:37:00Z,2025-10-10T14:37:00Z,ARR,goo,0.0
691,True,True,THE PAS,CHURCHILL,2025-10-10,15,Leven,LEVN,2025-10-10T14:54:00Z,2025-10-10T14:54:00Z,ARR,goo,0.0
691,True,True,THE PAS,CHURCHILL,2025-10-10,16,Thompson,THOM,2025-10-10T18:08:35Z,2025-10-10T17:00:00Z,ARR,bad,68.0
691,True,True,THE PAS,CHURCHILL,2025-10-10,17,Sipiwesk,SIPI,2025-10-10T23:30:04Z,2025-10-10T23:35:00Z,ARR,goo,-4.0
691,True,True,THE PAS,CHURCHILL,2025-10-10,18,Pikwitonei,PIKW,2025-10-11T00:02:00Z,2025-10-11T00:02:00Z,ARR,goo,0.0
691,True,True,THE PAS,CHURCHILL,2025-10-10,19,Bridgar,BRGR,2025-10-11T00:13:00Z,2025-10-11T00:13:00Z,ARR,goo,0.0
691,True,True,THE PAS,CHURCHILL,2025-10-10,20,Pit Siding,PITS,2025-10-11T01:35:00Z,2025-10-11T01:35:00Z,ARR,goo,0.0
691,True,True,THE PAS,CHURCHILL,2025-10-10,21,Ilford,ILFO,2025-10-11T02:36:00Z,2025-10-11T02:36:00Z,ARR,goo,0.0
691,True,True,THE PAS,CHURCHILL,2025-10-10,22,Wivenhoe,WVHO,2025-10-11T03:28:01Z,2025-10-11T03:13:00Z,ARR,bad,15.0
691,True,True,THE PAS,CHURCHILL,2025-10-10,23,Gillam,GILL,2025-10-11T04:18:20Z,2025-10-11T04:00:01Z,ARR,bad,18.0
691,True,True,THE PAS,CHURCHILL,2025-10-10,24,Bird,BIRD,2025-10-11T05:24:04Z,2025-10-11T05:29:00Z,ARR,goo,-4.0
691,True,True,THE PAS,CHURCHILL,2025-10-10,25,Amery,AMRY,2025-10-11T06:01:04Z,2025-10-11T05:51:00Z,ARR,med,10.0
691,True,True,THE PAS,CHURCHILL,2025-10-10,26,Weir River,WEIR,2025-10-11T06:58:57Z,2025-10-11T06:43:00Z,ARR,bad,15.0
691,True,True,THE PAS,CHURCHILL,2025-10-10,27,Thibaudeau,THIB,2025-10-11T08:15:57Z,2025-10-11T08:00:00Z,ARR,bad,15.0
691,True,True,THE PAS,CHURCHILL,2025-10-10,28,Herchmer,HERC,2025-10-11T09:41:57Z,2025-10-11T09:26:00Z,ARR,bad,15.0
691,True,True,THE PAS,CHURCHILL,2025-10-10,29,O'Day,ODAY,2025-10-11T10:20:57Z,2025-10-11T10:05:00Z,ARR,bad,15.0
691,True,True,THE PAS,CHURCHILL,2025-10-10,30,M'Clintock,MCLI,2025-10-11T11:05:57Z,2025-10-11T10:50:00Z,ARR,bad,15.0
691,True,True,THE PAS,CHURCHILL,2025-10-10,31,Chesnaye,CHES,2025-10-11T12:21:57Z,2025-10-11T12:06:00Z,ARR,bad,15.0
691,True,True,THE PAS,CHURCHILL,2025-10-10,32,Tidal,TIDL,2025-10-11T12:31:36Z,2025-10-11T13:37:00Z,ARR,goo,-65.0
691,True,True,THE PAS,CHURCHILL,2025-10-10,33,Churchill,CHUR,2025-10-11T13:26:47Z,2025-10-11T14:00:00Z,ARR,goo,-33.0
5,True,False,JASPER,PRINCE RUPERT,2025-10-10,0,Harvey,HRVY,2025-10-10T18:47:04Z,2025-10-10T18:38:00Z,ARR,med,9.0
5,True,False,JASPER,PRINCE RUPERT,2025-10-10,1,Dunster,DNST,2025-10-10T19:18:44Z,2025-10-10T19:12:00Z,ARR,med,6.0
5,True,False,JASPER,PRINCE RUPERT,2025-10-10,2,Mcbride,MCBR,2025-10-10T19:50:13Z,2025-10-10T19:44:00Z,ARR,med,6.0
5,True,False,JASPER,PRINCE RUPERT,2025-10-10,3,Goat River,GOAT,2025-10-10T20:51:56Z,2025-10-10T20:41:00Z,ARR,med,10.0
5,True,False,JASPER,PRINCE RUPERT,2025-10-10,4,Loos,LOOS,2025-10-10T21:05:46Z,2025-10-10T20:58:00Z,ARR,med,7.0
5,True,False,JASPER,PRINCE RUPERT,2025-10-10,5,Dome Creek,DOMC,2025-10-10T21:33:13Z,2025-10-10T21:32:00Z,ARR,goo,1.0
5,True,False,JASPER,PRINCE RUPERT,2025-10-10,6,Bend,BEND,2025-10-10T21:34:57Z,2025-10-10T21:36:00Z,ARR,goo,-1.0
5,True,False,JASPER,PRINCE RUPERT,2025-10-10,7,Penny,PENN,2025-10-10T21:52:54Z,2025-10-10T21:56:00Z,ARR,goo,-3.0
5,True,False,JASPER,PRINCE RUPERT,2025-10-10,8,Longworth,LWTH,2025-10-10T22:04:41Z,2025-10-10T22:11:00Z,ARR,goo,-6.0
5,True,False,JASPER,PRINCE RUPERT,2025-10-10,9,Hutton,HUTT,2025-10-10T22:19:28Z,2025-10-10T22:24:00Z,ARR,goo,-4.0
5,True,False,JASPER,PRINCE RUPERT,2025-10-10,10,Sinclair Mills,SINM,2025-10-10T22:30:00Z,2025-10-10T22:30:00Z,ARR,goo,0.0
5,True,False,JASPER,PRINCE RUPERT,2025-10-10,11,Mcgregor,MCGR,2025-10-10T22:40:33Z,2025-10-10T22:43:00Z,ARR,goo,-2.0
5,True,False,JASPER,PRINCE RUPERT,2025-10-10,12,Upper Fraser,UFRZ,2025-10-10T22:52:00Z,2025-10-10T22:52:00Z,ARR,goo,0.0
5,True,False,JASPER,PRINCE RUPERT,2025-10-10,13,Aleza Lake,ALZL,2025-10-10T23:01:00Z,2025-10-10T23:01:00Z,ARR,goo,0.0
5,True,False,JASPER,PRINCE RUPERT,2025-10-10,14,Willow River,WILR,2025-10-10T23:18:10Z,2025-10-10T23:31:00Z,ARR,goo,-12.0
5,True,False,JASPER,PRINCE RUPERT,2025-10-10,15,Prince George,PGEO,2025-10-10T23:46:13Z,2025-10-11T00:08:00Z,ARR,goo,-21.0
5,True,False,JASPER,PRINCE RUPERT,2025-10-10,16,Vanderhoof,VDRH,2025-10-11T17:13:20Z,2025-10-11T16:55:00Z,ARR,bad,18.0
5,True,False,JASPER,PRINCE RUPERT,2025-10-10,17,Fort Fraser,FFRA,2025-10-11T18:11:23Z,2025-10-11T17:32:00Z,ARR,bad,39.0
5,True,False,JASPER,PRINCE RUPERT,2025-10-10,18,Endako,ENDA,2025-10-11T19:03:55Z,2025-10-11T17:50:00Z,ARR,bad,73.0
5,True,False,JASPER,PRINCE RUPERT,2025-10-10,19,Burns Lake,BRNL,2025-10-11T20:01:58Z,2025-10-11T18:58:00Z,ARR,bad,63.0
5,True,False,JASPER,PRINCE RUPERT,2025-10-10,20,Houston,HOUS,2025-10-11T21:57:25Z,2025-10-11T20:08:00Z,ARR,bad,109.0
5,True,False,JASPER,PRINCE RUPERT,2025-10-10,21,Telkwa,TELK,2025-10-11T22:47:47Z,2025-10-11T20:52:00Z,ARR,bad,115.0
5,True,False,JASPER,PRINCE RUPERT,2025-10-10,22,Smithers,SMTR,2025-10-11T23:01:48Z,2025-10-11T21:10:00Z,ARR,bad,111.0
5,True,False,JASPER,PRINCE RUPERT,2025-10-10,23,New Hazelton,NHAZ,2025-10-12T00:16:37Z,2025-10-11T22:37:00Z,ARR,bad,99.0
5,True,False,JASPER,PRINCE RUPERT,2025-10-10,24,Kitwanga,KITW,2025-10-12T01:39:14Z,2025-10-11T23:27:00Z,ARR,bad,132.0
5,True,False,JASPER,PRINCE RUPERT,2025-10-10,25,Cedarvale,CEDA,2025-10-12T01:59:39Z,2025-10-11T23:51:00Z,ARR,bad,128.0
5,True,False,JASPER,PRINCE RUPERT,2025-10-10,26,Dorreen,DORR,2025-10-12T02:20:13Z,2025-10-12T00:12:00Z,ARR,bad,128.0
5,True,False,JASPER,PRINCE RUPERT,2025-10-10,27,Pacific,PACI,2025-10-12T02:27:37Z,2025-10-12T00:21:00Z,ARR,bad,126.0
5,True,False,JASPER,PRINCE RUPERT,2025-10-10,28,Usk,USKX,2025-10-12T02:42:44Z,2025-10-12T00:40:00Z,ARR,bad,122.0
5,True,False,JASPER,PRINCE RUPERT,2025-10-10,29,Terrace,TRRC,2025-10-12T02:59:33Z,2025-10-12T01:00:00Z,ARR,bad,119.0
5,True,False,JASPER,PRINCE RUPERT,2025-10-10,30,Kwinitsa,KWIN,2025-10-12T04:00:39Z,2025-10-12T02:09:00Z,9 mins,bad,111.0
5,True,False,JASPER,PRINCE RUPERT,2025-10-10,31,Cassiar Cannery,CASS,2025-10-12T04:36:39Z,2025-10-12T02:45:00Z,45 mins,bad,111.0
5,True,False,JASPER,PRINCE RUPERT,2025-10-10,32,Prince Rupert,PRUP,2025-10-12T05:16:39Z,2025-10-12T03:25:00Z,1h25,bad,111.0
14,True,True,MONTRÉAL,HALIFAX,2025-10-10,0,Montréal,MTRL,2025-10-10T22:51:00Z,2025-10-10T22:30:00Z,ARR,bad,21.0
14,True,True,MONTRÉAL,HALIFAX,2025-10-10,1,St. Lambert,SLAM,2025-10-10T23:10:38Z,2025-10-10T22:45:00Z,ARR,bad,25.0
14,True,True,MONTRÉAL,HALIFAX,2025-10-10,2,St. Hyacinthe,SHYA,2025-10-10T23:56:51Z,2025-10-10T23:23:00Z,ARR,bad,33.0
14,True,True,MONTRÉAL,HALIFAX,2025-10-10,3,Drummondville,DRMV,2025-10-11T01:36:50Z,2025-10-11T00:04:00Z,ARR,bad,92.0
14,True,True,MONTRÉAL,HALIFAX,2025-10-10,4,Ste-Foy,SFOY,2025-10-11T03:17:37Z,2025-10-11T01:48:00Z,ARR,bad,89.0
14,True,True,MONTRÉAL,HALIFAX,2025-10-10,5,Montmagny,MMGY,2025-10-11T04:33:43Z,2025-10-11T03:17:00Z,ARR,bad,76.0
14,True,True,MONTRÉAL,HALIFAX,2025-10-10,6,La Pocatière,LPOC,2025-10-11T05:01:10Z,2025-10-11T03:50:00Z,ARR,bad,71.0
14,True,True,MONTRÉAL,HALIFAX,2025-10-10,7,Rivière-Du-Loup,RDLX,2025-10-11T05:42:45Z,2025-10-11T04:31:00Z,ARR,bad,71.0
14,True,True,MONTRÉAL,HALIFAX,2025-10-10,8,Trois Pistoles,TPIS,2025-10-11T06:24:15Z,2025-10-11T05:17:00Z,ARR,bad,67.0
14,True,True,MONTRÉAL,HALIFAX,2025-10-10,9,Rimouski,RMSK,2025-10-11T07:19:30Z,2025-10-11T06:25:00Z,ARR,bad,54.0
14,True,True,MONTRÉAL,HALIFAX,2025-10-10,10,Mont-Joli,MJLI,2025-10-11T07:52:11Z,2025-10-11T07:03:00Z,ARR,bad,49.0
14,True,True,MONTRÉAL,HALIFAX,2025-10-10,11,Sayabec,SAYA,2025-10-11T08:57:31Z,2025-10-11T08:06:00Z,ARR,bad,51.0
14,True,True,MONTRÉAL,HALIFAX,2025-10-10,12,Amqui,AMQU,2025-10-11T09:27:00Z,2025-10-11T08:27:00Z,ARR,bad,60.0
14,True,True,MONTRÉAL,HALIFAX,2025-10-10,13,Causapscal,CAUS,2025-10-11T09:57:38Z,2025-10-11T08:49:00Z,ARR,bad,68.0
14,True,True,MONTRÉAL,HALIFAX,2025-10-10,14,Matapedia,MTPD,2025-10-11T10:50:54Z,2025-10-11T09:35:00Z,ARR,bad,75.0
14,True,True,MONTRÉAL,HALIFAX,2025-10-10,15,Campbellton,CBTN,2025-10-11T11:28:49Z,2025-10-11T10:20:00Z,ARR,bad,68.0
14,True,True,MONTRÉAL,HALIFAX,2025-10-10,16,Charlo,CHLO,2025-10-11T12:31:05Z,2025-10-11T11:03:00Z,ARR,bad,88.0
14,True,True,MONTRÉAL,HALIFAX,2025-10-10,17,Jacquet River,JACR,2025-10-11T13:06:11Z,2025-10-11T11:26:00Z,ARR,bad,100.0
14,True,True,MONTRÉAL,HALIFAX,2025-10-10,18,Petit Rocher,PROC,2025-10-11T13:35:44Z,2025-10-11T11:48:00Z,ARR,bad,107.0
14,True,True,MONTRÉAL,HALIFAX,2025-10-10,19,Bathurst,BTRS,2025-10-11T13:52:53Z,2025-10-11T12:36:00Z,ARR,bad,76.0
14,True,True,MONTRÉAL,HALIFAX,2025-10-10,20,Miramichi,MIRA,2025-10-11T15:30:58Z,2025-10-11T14:25:00Z,ARR,bad,65.0
14,True,True,MONTRÉAL,HALIFAX,2025-10-10,21,Rogersville,RGRV,2025-10-11T16:23:11Z,2025-10-11T15:20:00Z,ARR,bad,63.0
14,True,True,MONTRÉAL,HALIFAX,2025-10-10,22,Moncton,MCTN,2025-10-11T17:54:07Z,2025-10-11T16:30:00Z,ARR,bad,84.0
14,True,True,MONTRÉAL,HALIFAX,2025-10-10,23,Sackville,SACK,2025-10-11T19:07:09Z,2025-10-11T17:40:00Z,ARR,bad,87.0
14,True,True,MONTRÉAL,HALIFAX,2025-10-10,24,Amherst,AMHS,2025-10-11T19:22:37Z,2025-10-11T17:55:00Z,ARR,bad,87.0
14,True,True,MONTRÉAL,HALIFAX,2025-10-10,25,Springhill Jct,SPRJ,2025-10-11T19:42:51Z,2025-10-11T18:17:00Z,ARR,bad,85.0
14,True,True,MONTRÉAL,HALIFAX,2025-10-10,26,Truro,TRUR,2025-10-11T20:51:07Z,2025-10-11T19:32:00Z,ARR,bad,79.0
14,True,True,MONTRÉAL,HALIFAX,2025-10-10,27,Halifax,HLFX,2025-10-11T22:26:56Z,2025-10-11T21:36:00Z,ARR,bad,50.0
24,True,True,OTTAWA,QUÉBEC,2025-10-11,0,Ottawa,OTTW,2025-10-11T14:24:31Z,2025-10-11T14:13:00Z,ARR,med,11.0
24,True,True,OTTAWA,QUÉBEC,2025-10-11,1,Alexandria,ALEX,2025-10-11T15:12:00Z,2025-10-11T15:03:00Z,ARR,med,9.0
24,True,True,OTTAWA,QUÉBEC,2025-10-11,2,Coteau,COTO,2025-10-11T15:34:58Z,2025-10-11T15:26:00Z,ARR,med,8.0
24,True,True,OTTAWA,QUÉBEC,2025-10-11,3,Dorval,DORV,2025-10-11T16:02:23Z,2025-10-11T15:50:00Z,ARR,med,12.0
24,True,True,OTTAWA,QUÉBEC,2025-10-11,4,Montréal,MTRL,2025-10-11T16:32:59Z,2025-10-11T16:15:00Z,ARR,bad,17.0
24,True,True,OTTAWA,QUÉBEC,2025-10-11,5,St. Lambert,SLAM,2025-10-11T17:45:57Z,2025-10-11T16:58:00Z,ARR,bad,47.0
24,True,True,OTTAWA,QUÉBEC,2025-10-11,6,St. Hyacinthe,SHYA,2025-10-11T18:16:00Z,2025-10-11T17:26:00Z,ARR,bad,50.0
24,True,True,OTTAWA,QUÉBEC,2025-10-11,7,Drummondville,DRMV,2025-10-11T18:49:49Z,2025-10-11T17:54:00Z,ARR,bad,55.0
24,True,True,OTTAWA,QUÉBEC,2025-10-11,8,Charny,CHNY,2025-10-11T20:25:39Z,2025-10-11T19:38:00Z,ARR,bad,47.0
24,True,True,OTTAWA,QUÉBEC,2025-10-11,9,Ste-Foy,SFOY,2025-10-11T20:38:45Z,2025-10-11T19:45:00Z,ARR,bad,53.0
24,True,True,OTTAWA,QUÉBEC,2025-10-11,10,Québec,QBEC,2025-10-11T21:09:04Z,2025-10-11T20:12:00Z,ARR,bad,57.0
37,True,True,QUÉBEC,OTTAWA,2025-10-11,0,Québec,QBEC,2025-10-11T16:32:00Z,2025-10-11T16:32:00Z,ARR,goo,0.0
37,True,True,QUÉBEC,OTTAWA,2025-10-11,1,Ste-Foy,SFOY,2025-10-11T16:58:01Z,2025-10-11T16:57:00Z,ARR,goo,1.0
37,True,True,QUÉBEC,OTTAWA,2025-10-11,2,Drummondville,DRMV,2025-10-11T18:39:54Z,2025-10-11T18:44:00Z,ARR,goo,-4.0
37,True,True,QUÉBEC,OTTAWA,2025-10-11,3,St. Hyacinthe,SHYA,2025-10-11T19:17:16Z,2025-10-11T19:12:00Z,ARR,med,5.0
37,True,True,QUÉBEC,OTTAWA,2025-10-11,4,St. Lambert,SLAM,2025-10-11T20:00:48Z,2025-10-11T19:39:00Z,ARR,bad,21.0
37,True,True,QUÉBEC,OTTAWA,2025-10-11,5,Montréal,MTRL,2025-10-11T20:15:31Z,2025-10-11T19:54:00Z,ARR,bad,21.0
37,True,True,QUÉBEC,OTTAWA,2025-10-11,6,Dorval,DORV,2025-10-11T21:11:53Z,2025-10-11T20:54:00Z,ARR,bad,17.0
37,True,True,QUÉBEC,OTTAWA,2025-10-11,7,Coteau,COTO,2025-10-11T21:40:44Z,2025-10-11T21:23:00Z,ARR,bad,17.0
37,True,True,QUÉBEC,OTTAWA,2025-10-11,8,Alexandria,ALEX,2025-10-11T22:01:33Z,2025-10-11T21:45:00Z,ARR,bad,16.0
37,True,True,QUÉBEC,OTTAWA,2025-10-11,9,Ottawa,OTTW,2025-10-11T22:50:42Z,2025-10-11T22:37:00Z,ARR,med,13.0
41,True,True,OTTAWA,TORONTO,2025-10-11,0,Ottawa,OTTW,2025-10-11T09:21:00Z,2025-10-11T09:21:00Z,ARR,goo,0.0
41,True,True,OTTAWA,TORONTO,2025-10-11,1,Fallowfield,FALL,2025-10-11T09:36:33Z,2025-10-11T09:38:00Z,ARR,goo,-1.0
41,True,True,OTTAWA,TORONTO,2025-10-11,2,Smiths Falls,SMTF,2025-10-11T10:05:50Z,2025-10-11T10:08:00Z,ARR,goo,-2.0
41,True,True,OTTAWA,TORONTO,2025-10-11,3,Brockville,BRKV,2025-10-11T10:40:26Z,2025-10-11T10:40:00Z,ARR,goo,0.0
41,True,True,OTTAWA,TORONTO,2025-10-11,4,Kingston,KGON,2025-10-11T11:26:51Z,2025-10-11T11:25:00Z,ARR,goo,1.0
41,True,True,OTTAWA,TORONTO,2025-10-11,5,Napanee,NAPN,2025-10-11T12:05:06Z,2025-10-11T11:49:00Z,ARR,bad,16.0
41,True,True,OTTAWA,TORONTO,2025-10-11,6,Belleville,BLVL,2025-10-11T12:28:21Z,2025-10-11T12:07:00Z,ARR,bad,21.0
41,True,True,OTTAWA,TORONTO,2025-10-11,7,Trenton Jct.,TRNJ,2025-10-11T12:42:25Z,2025-10-11T12:20:00Z,ARR,bad,22.0
41,True,True,OTTAWA,TORONTO,2025-10-11,8,Cobourg,CBRG,2025-10-11T13:11:24Z,2025-10-11T12:44:00Z,ARR,bad,27.0
41,True,True,OTTAWA,TORONTO,2025-10-11,9,Oshawa,OSHA,2025-10-11T13:47:57Z,2025-10-11T13:19:00Z,ARR,bad,28.0
41,True,True,OTTAWA,TORONTO,2025-10-11,10,Toronto,TRTO,2025-10-11T14:27:04Z,2025-10-11T14:02:00Z,ARR,bad,25.0
50,True,True,TORONTO,OTTAWA,2025-10-11,0,Toronto,TRTO,2025-10-11T10:33:05Z,2025-10-11T10:32:00Z,ARR,goo,1.0
50,True,True,TORONTO,OTTAWA,2025-10-11,1,Guildwood,GUIL,2025-10-11T10:50:57Z,2025-10-11T10:50:00Z,ARR,goo,0.0
50,True,True,TORONTO,OTTAWA,2025-10-11,2,Oshawa,OSHA,2025-10-11T11:17:55Z,2025-10-11T11:08:00Z,ARR,med,9.0
50,True,True,TORONTO,OTTAWA,2025-10-11,3,Cobourg,CBRG,2025-10-11T11:55:59Z,2025-10-11T11:43:00Z,ARR,med,12.0
50,True,True,TORONTO,OTTAWA,2025-10-11,4,Belleville,BLVL,2025-10-11T12:36:36Z,2025-10-11T12:18:00Z,ARR,bad,18.0
50,True,True,TORONTO,OTTAWA,2025-10-11,5,Kingston,KGON,2025-10-11T13:14:05Z,2025-10-11T12:57:00Z,ARR,bad,17.0
50,True,True,TORONTO,OTTAWA,2025-10-11,6,Brockville,BRKV,2025-10-11T14:15:39Z,2025-10-11T13:54:00Z,ARR,bad,21.0
50,True,True,TORONTO,OTTAWA,2025-10-11,7,Smiths Falls,SMTF,2025-10-11T14:42:21Z,2025-10-11T14:29:00Z,ARR,med,13.0
50,True,True,TORONTO,OTTAWA,2025-10-11,8,Fallowfield,FALL,2025-10-11T15:17:33Z,2025-10-11T15:01:00Z,ARR,bad,16.0
50,True,True,TORONTO,OTTAWA,2025-10-11,9,Ottawa,OTTW,2025-10-11T15:40:18Z,2025-10-11T15:21:00Z,ARR,bad,19.0
52,True,True,TORONTO,OTTAWA,2025-10-11,0,Toronto,TRTO,2025-10-11T12:32:00Z,2025-10-11T12:32:00Z,ARR,goo,0.0
52,True,True,TORONTO,OTTAWA,2025-10-11,1,Guildwood,GUIL,2025-10-11T12:48:12Z,2025-10-11T12:50:00Z,ARR,goo,-1.0
52,True,True,TORONTO,OTTAWA,2025-10-11,2,Oshawa,OSHA,2025-10-11T13:07:35Z,2025-10-11T13:09:00Z,ARR,goo,-1.0
52,True,True,TORONTO,OTTAWA,2025-10-11,3,Cobourg,CBRG,2025-10-11T13:47:44Z,2025-10-11T13:44:00Z,ARR,goo,3.0
52,True,True,TORONTO,OTTAWA,2025-10-11,4,Belleville,BLVL,2025-10-11T14:23:02Z,2025-10-11T14:20:00Z,ARR,goo,3.0
52,True,True,TORONTO,OTTAWA,2025-10-11,5,Kingston,KGON,2025-10-11T15:02:28Z,2025-10-11T15:00:00Z,ARR,goo,2.0
52,True,True,TORONTO,OTTAWA,2025-10-11,6,Brockville,BRKV,2025-10-11T15:56:38Z,2025-10-11T15:57:00Z,ARR,goo,0.0
52,True,True,TORONTO,OTTAWA,2025-10-11,7,Smiths Falls,SMTF,2025-10-11T16:33:38Z,2025-10-11T16:35:00Z,ARR,goo,-1.0
52,True,True,TORONTO,OTTAWA,2025-10-11,8,Fallowfield,FALL,2025-10-11T17:07:44Z,2025-10-11T17:11:00Z,ARR,goo,-3.0
52,True,True,TORONTO,OTTAWA,2025-10-11,9,Ottawa,OTTW,2025-10-11T17:30:32Z,2025-10-11T17:32:00Z,ARR,goo,-1.0
53,True,True,OTTAWA,TORONTO,2025-10-11,0,Ottawa,OTTW,2025-10-11T15:43:58Z,2025-10-11T15:43:00Z,ARR,goo,0.0
53,True,True,OTTAWA,TORONTO,2025-10-11,1,Fallowfield,FALL,2025-10-11T16:00:29Z,2025-10-11T16:00:00Z,ARR,goo,0.0
53,True,True,OTTAWA,TORONTO,2025-10-11,2,Brockville,BRKV,2025-10-11T16:57:27Z,2025-10-11T17:01:00Z,ARR,goo,-3.0
53,True,True,OTTAWA,TORONTO,2025-10-11,3,Gananoque,GANA,2025-10-11T17:31:18Z,2025-10-11T17:31:00Z,ARR,goo,0.0
53,True,True,OTTAWA,TORONTO,2025-10-11,4,Kingston,KGON,2025-10-11T17:56:39Z,2025-10-11T17:54:00Z,ARR,goo,2.0
53,True,True,OTTAWA,TORONTO,2025-10-11,5,Belleville,BLVL,2025-10-11T18:40:16Z,2025-10-11T18:36:00Z,ARR,goo,4.0
53,True,True,OTTAWA,TORONTO,2025-10-11,6,Cobourg,CBRG,2025-10-11T19:18:49Z,2025-10-11T19:12:00Z,ARR,med,6.0
53,True,True,OTTAWA,TORONTO,2025-10-11,7,Oshawa,OSHA,2025-10-11T19:56:05Z,2025-10-11T19:48:00Z,ARR,med,8.0
53,True,True,OTTAWA,TORONTO,2025-10-11,8,Toronto,TRTO,2025-10-11T20:44:20Z,2025-10-11T20:33:00Z,ARR,med,11.0
61,True,True,MONTRÉAL,TORONTO,2025-10-11,0,Montréal,MTRL,2025-10-11T10:45:00Z,2025-10-11T10:45:00Z,ARR,goo,0.0
61,True,True,MONTRÉAL,TORONTO,2025-10-11,1,Dorval,DORV,2025-10-11T11:09:06Z,2025-10-11T11:08:00Z,ARR,goo,1.0
61,True,True,MONTRÉAL,TORONTO,2025-10-11,2,Cornwall,CWLL,2025-10-11T12:10:15Z,2025-10-11T12:01:00Z,ARR,med,9.0
61,True,True,MONTRÉAL,TORONTO,2025-10-11,3,Kingston,KGON,2025-10-11T13:36:05Z,2025-10-11T13:29:00Z,ARR,med,7.0
61,True,True,MONTRÉAL,TORONTO,2025-10-11,4,Belleville,BLVL,2025-10-11T14:17:54Z,2025-10-11T14:11:00Z,ARR,med,6.0
61,True,True,MONTRÉAL,TORONTO,2025-10-11,5,Oshawa,OSHA,2025-10-11T15:33:15Z,2025-10-11T15:19:00Z,ARR,med,14.0
61,True,True,MONTRÉAL,TORONTO,2025-10-11,6,Guildwood,GUIL,2025-10-11T15:54:26Z,2025-10-11T15:43:00Z,ARR,med,11.0
61,True,True,MONTRÉAL,TORONTO,2025-10-11,7,Toronto,TRTO,2025-10-11T16:15:19Z,2025-10-11T16:03:00Z,ARR,med,12.0
64,True,True,TORONTO,MONTRÉAL,2025-10-11,0,Toronto,TRTO,2025-10-11T15:38:44Z,2025-10-11T15:38:00Z,ARR,goo,0.0
64,True,True,TORONTO,MONTRÉAL,2025-10-11,1,Guildwood,GUIL,2025-10-11T15:56:51Z,2025-10-11T15:55:00Z,ARR,goo,1.0
64,True,True,TORONTO,MONTRÉAL,2025-10-11,2,Oshawa,OSHA,2025-10-11T16:18:49Z,2025-10-11T16:09:00Z,ARR,med,9.0
64,True,True,TORONTO,MONTRÉAL,2025-10-11,3,Cobourg,CBRG,2025-10-11T16:54:22Z,2025-10-11T16:46:00Z,ARR,med,8.0
64,True,True,TORONTO,MONTRÉAL,2025-10-11,4,Belleville,BLVL,2025-10-11T17:32:17Z,2025-10-11T17:22:00Z,ARR,med,10.0
64,True,True,TORONTO,MONTRÉAL,2025-10-11,5,Kingston,KGON,2025-10-11T18:11:27Z,2025-10-11T18:03:00Z,ARR,med,8.0
64,True,True,TORONTO,MONTRÉAL,2025-10-11,6,Brockville,BRKV,2025-10-11T19:01:47Z,2025-10-11T18:52:00Z,ARR,med,9.0
64,True,True,TORONTO,MONTRÉAL,2025-10-11,7,Cornwall,CWLL,2025-10-11T19:48:59Z,2025-10-11T19:42:00Z,ARR,med,6.0
64,True,True,TORONTO,MONTRÉAL,2025-10-11,8,Dorval,DORV,2025-10-11T20:39:53Z,2025-10-11T20:37:00Z,ARR,goo,2.0
64,True,True,TORONTO,MONTRÉAL,2025-10-11,9,Montréal,MTRL,2025-10-11T21:05:41Z,2025-10-11T21:05:00Z,ARR,goo,0.0
65,True,True,MONTRÉAL,TORONTO,2025-10-11,0,Montréal,MTRL,2025-10-11T14:49:00Z,2025-10-11T14:49:00Z,ARR,goo,0.0
65,True,True,MONTRÉAL,TORONTO,2025-10-11,1,Dorval,DORV,2025-10-11T15:14:01Z,2025-10-11T15:12:00Z,ARR,goo,2.0
65,True,True,MONTRÉAL,TORONTO,2025-10-11,2,Cornwall,CWLL,2025-10-11T16:06:35Z,2025-10-11T16:06:00Z,ARR,goo,0.0
65,True,True,MONTRÉAL,TORONTO,2025-10-11,3,Kingston,KGON,2025-10-11T17:30:02Z,2025-10-11T17:36:00Z,ARR,goo,-5.0
65,True,True,MONTRÉAL,TORONTO,2025-10-11,4,Belleville,BLVL,2025-10-11T18:17:17Z,2025-10-11T18:20:00Z,ARR,goo,-2.0
65,True,True,MONTRÉAL,TORONTO,2025-10-11,5,Cobourg,CBRG,2025-10-11T18:52:57Z,2025-10-11T18:58:00Z,ARR,goo,-5.0
65,True,True,MONTRÉAL,TORONTO,2025-10-11,6,Oshawa,OSHA,2025-10-11T19:31:40Z,2025-10-11T19:34:00Z,ARR,goo,-2.0
65,True,True,MONTRÉAL,TORONTO,2025-10-11,7,Toronto,TRTO,2025-10-11T20:21:33Z,2025-10-11T20:18:00Z,ARR,goo,3.0
67,True,True,MONTRÉAL,TORONTO,2025-10-11,0,Montréal,MTRL,2025-10-11T17:26:17Z,2025-10-11T17:22:00Z,ARR,goo,4.0
67,True,True,MONTRÉAL,TORONTO,2025-10-11,1,Dorval,DORV,2025-10-11T17:53:40Z,2025-10-11T17:47:00Z,ARR,med,6.0
67,True,True,MONTRÉAL,TORONTO,2025-10-11,2,Cornwall,CWLL,2025-10-11T18:45:17Z,2025-10-11T18:38:00Z,ARR,med,7.0
67,True,True,MONTRÉAL,TORONTO,2025-10-11,3,Kingston,KGON,2025-10-11T20:23:06Z,2025-10-11T20:03:00Z,ARR,bad,20.0
67,True,True,MONTRÉAL,TORONTO,2025-10-11,4,Belleville,BLVL,2025-10-11T21:03:59Z,2025-10-11T20:42:00Z,ARR,bad,21.0
67,True,True,MONTRÉAL,TORONTO,2025-10-11,5,Cobourg,CBRG,2025-10-11T21:37:29Z,2025-10-11T21:17:00Z,ARR,bad,20.0
67,True,True,MONTRÉAL,TORONTO,2025-10-11,6,Oshawa,OSHA,2025-10-11T22:10:52Z,2025-10-11T21:50:00Z,ARR,bad,20.0
67,True,True,MONTRÉAL,TORONTO,2025-10-11,7,Toronto,TRTO,2025-10-11T23:01:47Z,2025-10-11T22:45:00Z,ARR,bad,16.0
70,True,True,WINDSOR,TORONTO,2025-10-11,0,Windsor,WDON,2025-10-11T09:53:14Z,2025-10-11T09:35:00Z,ARR,bad,18.0
70,True,True,WINDSOR,TORONTO,2025-10-11,1,Chatham,CHAT,2025-10-11T10:37:34Z,2025-10-11T10:19:00Z,ARR,bad,18.0
70,True,True,WINDSOR,TORONTO,2025-10-11,2,London,LNDN,2025-10-11T11:53:53Z,2025-10-11T11:25:00Z,ARR,bad,28.0
70,True,True,WINDSOR,TORONTO,2025-10-11,3,Ingersoll,INGR,2025-10-11T12:21:03Z,2025-10-11T11:55:00Z,ARR,bad,26.0
70,True,True,WINDSOR,TORONTO,2025-10-11,4,Woodstock,WDST,2025-10-11T12:34:14Z,2025-10-11T12:08:00Z,ARR,bad,26.0
70,True,True,WINDSOR,TORONTO,2025-10-11,5,Brantford,BRTF,2025-10-11T13:05:21Z,2025-10-11T12:44:00Z,ARR,bad,21.0
70,True,True,WINDSOR,TORONTO,2025-10-11,6,Aldershot,ALDR,2025-10-11T13:35:37Z,2025-10-11T13:25:00Z,ARR,med,10.0
70,True,True,WINDSOR,TORONTO,2025-10-11,7,Oakville,OAKV,2025-10-11T13:52:40Z,2025-10-11T13:43:00Z,ARR,med,9.0
70,True,True,WINDSOR,TORONTO,2025-10-11,8,Toronto,TRTO,2025-10-11T14:18:22Z,2025-10-11T14:10:00Z,ARR,med,8.0
71,True,True,TORONTO,WINDSOR,2025-10-11,0,Toronto,TRTO,2025-10-11T10:50:00Z,2025-10-11T10:50:00Z,ARR,goo,0.0
71,True,True,TORONTO,WINDSOR,2025-10-11,1,Oakville,OAKV,2025-10-11T11:15:58Z,2025-10-11T11:13:00Z,ARR,goo,2.0
71,True,True,TORONTO,WINDSOR,2025-10-11,2,Aldershot,ALDR,2025-10-11T11:33:07Z,2025-10-11T11:29:00Z,ARR,goo,4.0
71,True,True,TORONTO,WINDSOR,2025-10-11,3,Brantford,BRTF,2025-10-11T12:23:14Z,2025-10-11T11:55:00Z,ARR,bad,28.0
71,True,True,TORONTO,WINDSOR,2025-10-11,4,Woodstock,WDST,2025-10-11T12:58:31Z,2025-10-11T12:30:00Z,ARR,bad,28.0
71,True,True,TORONTO,WINDSOR,2025-10-11,5,Ingersoll,INGR,2025-10-11T13:12:36Z,2025-10-11T12:43:00Z,ARR,bad,29.0
71,True,True,TORONTO,WINDSOR,2025-10-11,6,London,LNDN,2025-10-11T13:37:50Z,2025-10-11T13:06:00Z,ARR,bad,31.0
71,True,True,TORONTO,WINDSOR,2025-10-11,7,Glencoe,GLNC,2025-10-11T14:12:34Z,2025-10-11T13:39:00Z,ARR,bad,33.0
71,True,True,TORONTO,WINDSOR,2025-10-11,8,Chatham,CHAT,2025-10-11T14:57:16Z,2025-10-11T14:18:00Z,ARR,bad,39.0
71,True,True,TORONTO,WINDSOR,2025-10-11,9,Windsor,WDON,2025-10-11T15:43:45Z,2025-10-11T15:08:00Z,ARR,bad,35.0
72,True,True,WINDSOR,TORONTO,2025-10-11,0,Windsor,WDON,2025-10-11T12:43:09Z,2025-10-11T12:43:00Z,ARR,goo,0.0
72,True,True,WINDSOR,TORONTO,2025-10-11,1,Chatham,CHAT,2025-10-11T13:28:52Z,2025-10-11T13:25:00Z,ARR,goo,3.0
72,True,True,WINDSOR,TORONTO,2025-10-11,2,Glencoe,GLNC,2025-10-11T14:21:46Z,2025-10-11T14:05:00Z,ARR,bad,16.0
72,True,True,WINDSOR,TORONTO,2025-10-11,3,London,LNDN,2025-10-11T14:58:22Z,2025-10-11T14:39:00Z,ARR,bad,19.0
72,True,True,WINDSOR,TORONTO,2025-10-11,4,Ingersoll,INGR,2025-10-11T15:30:08Z,2025-10-11T15:07:00Z,ARR,bad,23.0
72,True,True,WINDSOR,TORONTO,2025-10-11,5,Woodstock,WDST,2025-10-11T15:44:04Z,2025-10-11T15:23:00Z,ARR,bad,21.0
72,True,True,WINDSOR,TORONTO,2025-10-11,6,Brantford,BRTF,2025-10-11T16:16:53Z,2025-10-11T15:55:00Z,ARR,bad,21.0
72,True,True,WINDSOR,TORONTO,2025-10-11,7,Aldershot,ALDR,2025-10-11T16:52:20Z,2025-10-11T16:29:00Z,ARR,bad,23.0
72,True,True,WINDSOR,TORONTO,2025-10-11,8,Oakville,OAKV,2025-10-11T17:10:16Z,2025-10-11T16:45:00Z,ARR,bad,25.0
72,True,True,WINDSOR,TORONTO,2025-10-11,9,Toronto,TRTO,2025-10-11T17:38:37Z,2025-10-11T17:11:00Z,ARR,bad,27.0
73,True,True,TORONTO,WINDSOR,2025-10-11,0,Toronto,TRTO,2025-10-11T15:30:12Z,2025-10-11T15:30:00Z,ARR,goo,0.0
73,True,True,TORONTO,WINDSOR,2025-10-11,1,Oakville,OAKV,2025-10-11T15:55:57Z,2025-10-11T15:51:00Z,ARR,goo,4.0
73,True,True,TORONTO,WINDSOR,2025-10-11,2,Aldershot,ALDR,2025-10-11T16:12:49Z,2025-10-11T16:09:00Z,ARR,goo,3.0
73,True,True,TORONTO,WINDSOR,2025-10-11,3,Brantford,BRTF,2025-10-11T16:48:31Z,2025-10-11T16:40:00Z,ARR,med,8.0
73,True,True,TORONTO,WINDSOR,2025-10-11,4,Woodstock,WDST,2025-10-11T17:19:46Z,2025-10-11T17:09:00Z,ARR,med,10.0
73,True,True,TORONTO,WINDSOR,2025-10-11,5,London,LNDN,2025-10-11T17:55:20Z,2025-10-11T17:38:00Z,ARR,bad,17.0
73,True,True,TORONTO,WINDSOR,2025-10-11,6,Chatham,CHAT,2025-10-11T19:14:40Z,2025-10-11T18:50:00Z,ARR,bad,24.0
73,True,True,TORONTO,WINDSOR,2025-10-11,7,Windsor,WDON,2025-10-11T20:00:52Z,2025-10-11T19:45:00Z,ARR,bad,15.0
76,True,True,WINDSOR,TORONTO,2025-10-11,0,Windsor,WDON,2025-10-11T17:06:00Z,2025-10-11T17:06:00Z,ARR,goo,0.0
76,True,True,WINDSOR,TORONTO,2025-10-11,1,Chatham,CHAT,2025-10-11T17:47:41Z,2025-10-11T17:48:00Z,ARR,goo,0.0
76,True,True,WINDSOR,TORONTO,2025-10-11,2,Glencoe,GLNC,2025-10-11T18:36:33Z,2025-10-11T18:23:00Z,ARR,med,13.0
76,True,True,WINDSOR,TORONTO,2025-10-11,3,London,LNDN,2025-10-11T19:09:13Z,2025-10-11T18:58:00Z,ARR,med,11.0
76,True,True,WINDSOR,TORONTO,2025-10-11,4,Brantford,BRTF,2025-10-11T20:15:51Z,2025-10-11T19:59:00Z,ARR,bad,16.0
76,True,True,WINDSOR,TORONTO,2025-10-11,5,Aldershot,ALDR,2025-10-11T20:45:41Z,2025-10-11T20:30:00Z,ARR,bad,15.0
76,True,True,WINDSOR,TORONTO,2025-10-11,6,Oakville,OAKV,2025-10-11T21:06:30Z,2025-10-11T20:47:00Z,ARR,bad,19.0
76,True,True,WINDSOR,TORONTO,2025-10-11,7,Toronto,TRTO,2025-10-11T21:36:07Z,2025-10-11T21:13:00Z,ARR,bad,23.0
82,True,True,LONDON,TORONTO,2025-10-11,0,London,LNDN,2025-10-11T10:25:00Z,2025-10-11T10:25:00Z,ARR,goo,0.0
82,True,True,LONDON,TORONTO,2025-10-11,1,Woodstock,WDST,2025-10-11T10:59:28Z,2025-10-11T10:53:00Z,ARR,med,6.0
82,True,True,LONDON,TORONTO,2025-10-11,2,Brantford,BRTF,2025-10-11T11:30:12Z,2025-10-11T11:23:00Z,ARR,med,7.0
82,True,True,LONDON,TORONTO,2025-10-11,3,Toronto,TRTO,2025-10-11T12:35:58Z,2025-10-11T12:35:00Z,ARR,goo,0.0
84,True,True,SARNIA,TORONTO,2025-10-11,0,Sarnia,SARN,2025-10-11T12:40:00Z,2025-10-11T12:40:00Z,ARR,goo,0.0
84,True,True,SARNIA,TORONTO,2025-10-11,1,Wyoming,WYOM,2025-10-11T13:00:39Z,2025-10-11T12:55:00Z,ARR,med,5.0
84,True,True,SARNIA,TORONTO,2025-10-11,2,Strathroy,STRR,2025-10-11T13:26:59Z,2025-10-11T13:27:00Z,ARR,goo,0.0
84,True,True,SARNIA,TORONTO,2025-10-11,3,London,LNDN,2025-10-11T14:00:40Z,2025-10-11T13:52:00Z,ARR,med,8.0
84,True,True,SARNIA,TORONTO,2025-10-11,4,St.Marys,SMYS,2025-10-11T15:03:38Z,2025-10-11T14:45:00Z,ARR,bad,18.0
84,True,True,SARNIA,TORONTO,2025-10-11,5,Stratford,STRF,2025-10-11T15:35:19Z,2025-10-11T15:14:00Z,ARR,bad,21.0
84,True,True,SARNIA,TORONTO,2025-10-11,6,Kitchener,KITC,2025-10-11T16:22:56Z,2025-10-11T16:02:00Z,ARR,bad,20.0
84,True,True,SARNIA,TORONTO,2025-10-11,7,Guelph,GUEL,2025-10-11T16:44:36Z,2025-10-11T16:24:00Z,ARR,bad,20.0
84,True,True,SARNIA,TORONTO,2025-10-11,8,Georgetown,GEOR,2025-10-11T17:09:38Z,2025-10-11T16:47:00Z,ARR,bad,22.0
84,True,True,SARNIA,TORONTO,2025-10-11,9,Brampton,BRMP,2025-10-11T17:22:12Z,2025-10-11T16:59:00Z,ARR,bad,23.0
84,True,True,SARNIA,TORONTO,2025-10-11,10,Malton,MALT,2025-10-11T17:36:14Z,2025-10-11T17:11:00Z,ARR,bad,25.0
84,True,True,SARNIA,TORONTO,2025-10-11,11,Toronto,TRTO,2025-10-11T18:01:02Z,2025-10-11T17:38:00Z,ARR,bad,23.0
644,True,True,TORONTO,OTTAWA,2025-10-11,0,Toronto,TRTO,2025-10-11T17:24:07Z,2025-10-11T17:23:00Z,ARR,goo,1.0
644,True,True,TORONTO,OTTAWA,2025-10-11,1,Oshawa,OSHA,2025-10-11T18:07:46Z,2025-10-11T17:53:00Z,ARR,med,14.0
644,True,True,TORONTO,OTTAWA,2025-10-11,2,Cobourg,CBRG,2025-10-11T18:40:31Z,2025-10-11T18:28:00Z,ARR,med,12.0
644,True,True,TORONTO,OTTAWA,2025-10-11,3,Belleville,BLVL,2025-10-11T19:14:09Z,2025-10-11T19:03:00Z,ARR,med,11.0
644,True,True,TORONTO,OTTAWA,2025-10-11,4,Kingston,KGON,2025-10-11T19:50:07Z,2025-10-11T19:43:00Z,ARR,med,7.0
644,True,True,TORONTO,OTTAWA,2025-10-11,5,Fallowfield,FALL,2025-10-11T21:31:02Z,2025-10-11T21:30:00Z,ARR,goo,1.0
644,True,True,TORONTO,OTTAWA,2025-10-11,6,Ottawa,OTTW,2025-10-11T21:50:47Z,2025-10-11T21:53:00Z,ARR,goo,-2.0
97,True,True,TORONTO,NIAGARA FALLS,2025-10-11,0,Toronto,TRTO,2025-10-11T12:20:00Z,2025-10-11T12:20:00Z,ARR,goo,0.0
97,True,True,TORONTO,NIAGARA FALLS,2025-10-11,1,Oakville,OAKV,2025-10-11T12:43:00Z,2025-10-11T12:43:00Z,ARR,goo,0.0
97,True,True,TORONTO,NIAGARA FALLS,2025-10-11,2,Aldershot,ALDR,2025-10-11T12:58:00Z,2025-10-11T12:56:00Z,ARR,goo,2.0
97,True,True,TORONTO,NIAGARA FALLS,2025-10-11,3,Grimsby,GRIM,2025-10-11T13:38:00Z,2025-10-11T13:37:00Z,ARR,goo,1.0
97,True,True,TORONTO,NIAGARA FALLS,2025-10-11,4,St. Catharines,SCAT,2025-10-11T14:10:00Z,2025-10-11T13:57:00Z,ARR,med,13.0
97,True,True,TORONTO,NIAGARA FALLS,2025-10-11,5,Niagara Falls,NIAG,2025-10-11T14:32:00Z,2025-10-11T14:20:00Z,ARR,med,12.0
643,True,True,OTTAWA,TORONTO,2025-10-11,0,Ottawa,OTTW,2025-10-11T12:29:11Z,2025-10-11T12:29:00Z,ARR,goo,0.0
643,True,True,OTTAWA,TORONTO,2025-10-11,1,Fallowfield,FALL,2025-10-11T12:45:46Z,2025-10-11T12:45:00Z,ARR,goo,0.0
643,True,True,OTTAWA,TORONTO,2025-10-11,2,Smiths Falls,SMTF,2025-10-11T13:17:42Z,2025-10-11T13:17:00Z,ARR,goo,0.0
643,True,True,OTTAWA,TORONTO,2025-10-11,3,Brockville,BRKV,2025-10-11T13:53:04Z,2025-10-11T13:49:00Z,ARR,goo,4.0
643,True,True,OTTAWA,TORONTO,2025-10-11,4,Kingston,KGON,2025-10-11T14:37:28Z,2025-10-11T14:32:00Z,ARR,med,5.0
643,True,True,OTTAWA,TORONTO,2025-10-11,5,Napanee,NAPN,2025-10-11T15:05:37Z,2025-10-11T14:57:00Z,ARR,med,8.0
643,True,True,OTTAWA,TORONTO,2025-10-11,6,Belleville,BLVL,2025-10-11T15:24:08Z,2025-10-11T15:17:00Z,ARR,med,7.0
643,True,True,OTTAWA,TORONTO,2025-10-11,7,Trenton Jct.,TRNJ,2025-10-11T15:38:57Z,2025-10-11T15:31:00Z,ARR,med,7.0
643,True,True,OTTAWA,TORONTO,2025-10-11,8,Cobourg,CBRG,2025-10-11T16:06:10Z,2025-10-11T15:57:00Z,ARR,med,9.0
643,True,True,OTTAWA,TORONTO,2025-10-11,9,Port Hope,PHOP,2025-10-11T16:16:37Z,2025-10-11T16:07:00Z,ARR,med,9.0
643,True,True,OTTAWA,TORONTO,2025-10-11,10,Oshawa,OSHA,2025-10-11T16:43:40Z,2025-10-11T16:35:00Z,ARR,med,8.0
643,True,True,OTTAWA,TORONTO,2025-10-11,11,Guildwood,GUIL,2025-10-11T17:10:53Z,2025-10-11T16:58:00Z,ARR,med,12.0
643,True,True,OTTAWA,TORONTO,2025-10-11,12,Toronto,TRTO,2025-10-11T17:29:43Z,2025-10-11T17:18:00Z,ARR,med,11.0
633,True,True,MONTRÉAL,OTTAWA,2025-10-11,0,Montréal,MTRL,2025-10-11T13:00:00Z,2025-10-11T13:00:00Z,ARR,goo,0.0
633,True,True,MONTRÉAL,OTTAWA,2025-10-11,1,Dorval,DORV,2025-10-11T13:23:25Z,2025-10-11T13:24:00Z,ARR,goo,0.0
633,True,True,MONTRÉAL,OTTAWA,2025-10-11,2,Alexandria,ALEX,2025-10-11T14:11:34Z,2025-10-11T14:11:00Z,ARR,goo,0.0
633,True,True,MONTRÉAL,OTTAWA,2025-10-11,3,Casselman,CSLM,2025-10-11T14:34:06Z,2025-10-11T14:34:00Z,ARR,goo,0.0
633,True,True,MONTRÉAL,OTTAWA,2025-10-11,4,Ottawa,OTTW,2025-10-11T15:05:31Z,2025-10-11T15:05:00Z,ARR,goo,0.0
622,True,True,MONTRÉAL,QUÉBEC,2025-10-11,0,Montréal,MTRL,2025-10-11T12:20:00Z,2025-10-11T12:20:00Z,ARR,goo,0.0
622,True,True,MONTRÉAL,QUÉBEC,2025-10-11,1,St. Lambert,SLAM,2025-10-11T12:34:47Z,2025-10-11T12:33:00Z,ARR,goo,1.0
622,True,True,MONTRÉAL,QUÉBEC,2025-10-11,2,St. Hyacinthe,SHYA,2025-10-11T13:04:59Z,2025-10-11T13:00:00Z,ARR,goo,4.0
622,True,True,MONTRÉAL,QUÉBEC,2025-10-11,3,Drummondville,DRMV,2025-10-11T13:38:31Z,2025-10-11T13:29:00Z,ARR,med,9.0
622,True,True,MONTRÉAL,QUÉBEC,2025-10-11,4,Ste-Foy,SFOY,2025-10-11T15:16:34Z,2025-10-11T15:11:00Z,ARR,med,5.0
622,True,True,MONTRÉAL,QUÉBEC,2025-10-11,5,Québec,QBEC,2025-10-11T15:44:45Z,2025-10-11T15:39:00Z,ARR,med,5.0
45,True,True,OTTAWA,TORONTO,2025-10-11,0,Ottawa,OTTW,2025-10-11T14:24:00Z,2025-10-11T14:24:00Z,ARR,goo,0.0
45,True,True,OTTAWA,TORONTO,2025-10-11,1,Fallowfield,FALL,2025-10-11T14:40:19Z,2025-10-11T14:40:00Z,ARR,goo,0.0
45,True,True,OTTAWA,TORONTO,2025-10-11,2,Kingston,KGON,2025-10-11T16:22:04Z,2025-10-11T16:26:00Z,ARR,goo,-3.0
45,True,True,OTTAWA,TORONTO,2025-10-11,3,Toronto,TRTO,2025-10-11T18:49:20Z,2025-10-11T18:48:00Z,ARR,goo,1.0
185,True,True,SUDBURY,WHITE RIVER,2025-10-11,0,Sudbury,SUDB,2025-10-11T13:30:00Z,2025-10-11T13:00:00Z,ARR,bad,30.0
185,True,True,SUDBURY,WHITE RIVER,2025-10-11,1,Azilda,AZIL,2025-10-11T13:45:03Z,2025-10-11T13:10:00Z,ARR,bad,35.0
185,True,True,SUDBURY,WHITE RIVER,2025-10-11,2,Chelmsford,CHEL,2025-10-11T13:47:58Z,2025-10-11T13:15:00Z,ARR,bad,32.0
185,True,True,SUDBURY,WHITE RIVER,2025-10-11,3,Larchwood,LARC,2025-10-11T13:51:36Z,2025-10-11T13:19:00Z,ARR,bad,32.0
185,True,True,SUDBURY,WHITE RIVER,2025-10-11,4,Levack,LEVA,2025-10-11T14:01:39Z,2025-10-11T13:30:00Z,ARR,bad,31.0
185,True,True,SUDBURY,WHITE RIVER,2025-10-11,5,Cartier,CART,2025-10-11T14:44:21Z,2025-10-11T13:45:00Z,ARR,bad,59.0
185,True,True,SUDBURY,WHITE RIVER,2025-10-11,6,Benny,BENN,2025-10-11T15:00:11Z,2025-10-11T14:05:00Z,ARR,bad,55.0
185,True,True,SUDBURY,WHITE RIVER,2025-10-11,7,Stralak,STRL,2025-10-11T15:04:45Z,2025-10-11T14:12:00Z,ARR,bad,52.0
185,True,True,SUDBURY,WHITE RIVER,2025-10-11,8,Pogamasing,POGA,2025-10-11T15:16:03Z,2025-10-11T14:25:00Z,ARR,bad,51.0
185,True,True,SUDBURY,WHITE RIVER,2025-10-11,9,Sheahan,SHEA,2025-10-11T15:20:36Z,2025-10-11T14:30:00Z,ARR,bad,50.0
185,True,True,SUDBURY,WHITE RIVER,2025-10-11,10,Forks,FRKS,2025-10-11T15:32:21Z,2025-10-11T14:40:00Z,ARR,bad,52.0
185,True,True,SUDBURY,WHITE RIVER,2025-10-11,11,Metagama,MTGM,2025-10-11T15:42:21Z,2025-10-11T14:50:00Z,ARR,bad,52.0
185,True,True,SUDBURY,WHITE RIVER,2025-10-11,12,Sinker,SNKR,2025-10-11T15:47:21Z,2025-10-11T14:55:00Z,ARR,bad,52.0
185,True,True,SUDBURY,WHITE RIVER,2025-10-11,13,Biscotasing,BISC,2025-10-11T16:12:21Z,2025-10-11T15:20:00Z,ARR,bad,52.0
185,True,True,SUDBURY,WHITE RIVER,2025-10-11,14,Roberts,RBRT,2025-10-11T16:22:21Z,2025-10-11T15:30:00Z,ARR,bad,52.0
185,True,True,SUDBURY,WHITE RIVER,2025-10-11,15,Ramsey,RAMS,2025-10-11T16:37:21Z,2025-10-11T15:45:00Z,ARR,bad,52.0
185,True,True,SUDBURY,WHITE RIVER,2025-10-11,16,Woman River,WOMR,2025-10-11T16:57:21Z,2025-10-11T16:05:00Z,ARR,bad,52.0
185,True,True,SUDBURY,WHITE RIVER,2025-10-11,17,Sultan,SULT,2025-10-11T17:12:21Z,2025-10-11T16:20:00Z,ARR,bad,52.0
185,True,True,SUDBURY,WHITE RIVER,2025-10-11,18,Kormak,KORM,2025-10-11T17:27:21Z,2025-10-11T16:35:00Z,ARR,bad,52.0
185,True,True,SUDBURY,WHITE RIVER,2025-10-11,19,Kinogama,KINO,2025-10-11T17:32:21Z,2025-10-11T16:40:00Z,ARR,bad,52.0
185,True,True,SUDBURY,WHITE RIVER,2025-10-11,20,Nemegos,NEME,2025-10-11T17:47:21Z,2025-10-11T16:55:00Z,ARR,bad,52.0
185,True,True,SUDBURY,WHITE RIVER,2025-10-11,21,Devon,DEVN,2025-10-11T18:56:53Z,2025-10-11T17:05:00Z,ARR,bad,111.0
185,True,True,SUDBURY,WHITE RIVER,2025-10-11,22,Chapleau,CHAP,2025-10-11T19:18:13Z,2025-10-11T17:20:00Z,ARR,bad,118.0
185,True,True,SUDBURY,WHITE RIVER,2025-10-11,23,Esher,ESHR,2025-10-11T19:41:26Z,2025-10-11T17:50:00Z,ARR,bad,111.0
185,True,True,SUDBURY,WHITE RIVER,2025-10-11,24,Musk,MUSK,2025-10-11T20:11:53Z,2025-10-11T18:00:00Z,ARR,bad,131.0
185,True,True,SUDBURY,WHITE RIVER,2025-10-11,25,Nicholson,NICH,2025-10-11T20:17:43Z,2025-10-11T18:10:00Z,ARR,bad,127.0
185,True,True,SUDBURY,WHITE RIVER,2025-10-11,26,Bolkow,BOLK,2025-10-11T20:34:59Z,2025-10-11T18:30:00Z,ARR,bad,124.0
185,True,True,SUDBURY,WHITE RIVER,2025-10-11,27,Dalton,DALT,2025-10-11T20:49:59Z,2025-10-11T18:45:00Z,ARR,bad,124.0
185,True,True,SUDBURY,WHITE RIVER,2025-10-11,28,Missanabie,MSBI,2025-10-11T21:14:59Z,2025-10-11T19:10:00Z,ARR,bad,124.0
185,True,True,SUDBURY,WHITE RIVER,2025-10-11,29,Lochalsh,LOCH,2025-10-11T21:34:59Z,2025-10-11T19:30:00Z,ARR,bad,124.0
185,True,True,SUDBURY,WHITE RIVER,2025-10-11,30,Franz,FRNZ,2025-10-11T21:45:58Z,2025-10-11T19:50:00Z,ARR,bad,115.0
185,True,True,SUDBURY,WHITE RIVER,2025-10-11,31,Swanson,SWAN,2025-10-11T21:55:18Z,2025-10-11T20:00:00Z,ARR,bad,115.0
185,True,True,SUDBURY,WHITE RIVER,2025-10-11,32,Girdwood,GIRD,2025-10-11T22:22:03Z,2025-10-11T20:25:00Z,ARR,bad,117.0
185,True,True,SUDBURY,WHITE RIVER,2025-10-11,33,Amyot,AMYO,2025-10-11T22:28:54Z,2025-10-11T20:35:00Z,ARR,bad,113.0
185,True,True,SUDBURY,WHITE RIVER,2025-10-11,34,O'Brien,OBRI,2025-10-11T22:42:48Z,2025-10-11T20:50:00Z,ARR,bad,112.0
185,True,True,SUDBURY,WHITE RIVER,2025-10-11,35,White River,WHTR,2025-10-11T22:57:22Z,2025-10-11T21:05:00Z,ARR,bad,112.0
62,True,True,TORONTO,MONTRÉAL,2025-10-11,0,Toronto,TRTO,2025-10-11T12:32:00Z,2025-10-11T12:32:00Z,ARR,goo,0.0
62,True,True,TORONTO,MONTRÉAL,2025-10-11,1,Guildwood,GUIL,2025-10-11T12:48:00Z,2025-10-11T12:50:00Z,ARR,goo,-2.0
62,True,True,TORONTO,MONTRÉAL,2025-10-11,2,Oshawa,OSHA,2025-10-11T13:07:29Z,2025-10-11T13:09:00Z,ARR,goo,-1.0
62,True,True,TORONTO,MONTRÉAL,2025-10-11,3,Cobourg,CBRG,2025-10-11T13:47:38Z,2025-10-11T13:44:00Z,ARR,goo,3.0
62,True,True,TORONTO,MONTRÉAL,2025-10-11,4,Belleville,BLVL,2025-10-11T14:22:57Z,2025-10-11T14:20:00Z,ARR,goo,2.0
62,True,True,TORONTO,MONTRÉAL,2025-10-11,5,Kingston,KGON,2025-10-11T15:02:15Z,2025-10-11T15:00:00Z,ARR,goo,2.0
62,True,True,TORONTO,MONTRÉAL,2025-10-11,6,Cornwall,CWLL,2025-10-11T16:31:39Z,2025-10-11T16:43:00Z,ARR,goo,-11.0
62,True,True,TORONTO,MONTRÉAL,2025-10-11,7,Dorval,DORV,2025-10-11T17:32:59Z,2025-10-11T17:34:00Z,ARR,goo,-1.0
62,True,True,TORONTO,MONTRÉAL,2025-10-11,8,Montréal,MTRL,2025-10-11T17:57:20Z,2025-10-11T18:00:00Z,ARR,goo,-2.0
637,True,True,QUÉBEC,OTTAWA,2025-10-11,0,Québec,QBEC,2025-10-11T14:00:00Z,2025-10-11T14:00:00Z,ARR,goo,0.0
637,True,True,QUÉBEC,OTTAWA,2025-10-11,1,Ste-Foy,SFOY,2025-10-11T14:25:33Z,2025-10-11T14:25:00Z,ARR,goo,0.0
637,True,True,QUÉBEC,OTTAWA,2025-10-11,2,Drummondville,DRMV,2025-10-11T15:57:16Z,2025-10-11T16:08:00Z,ARR,goo,-10.0
637,True,True,QUÉBEC,OTTAWA,2025-10-11,3,St. Lambert,SLAM,2025-10-11T17:11:48Z,2025-10-11T17:16:00Z,ARR,goo,-4.0
637,True,True,QUÉBEC,OTTAWA,2025-10-11,4,Montréal,MTRL,2025-10-11T17:36:04Z,2025-10-11T17:31:00Z,ARR,med,5.0
637,True,True,QUÉBEC,OTTAWA,2025-10-11,5,Dorval,DORV,2025-10-11T18:30:27Z,2025-10-11T18:20:00Z,ARR,med,10.0
637,True,True,QUÉBEC,OTTAWA,2025-10-11,6,Alexandria,ALEX,2025-10-11T19:19:46Z,2025-10-11T19:10:00Z,ARR,med,9.0
637,True,True,QUÉBEC,OTTAWA,2025-10-11,7,Ottawa,OTTW,2025-10-11T20:03:50Z,2025-10-11T19:56:00Z,ARR,med,7.0
47,True,True,OTTAWA,TORONTO,2025-10-11,0,Ottawa,OTTW,2025-10-11T16:23:00Z,2025-10-11T16:23:00Z,ARR,goo,0.0
47,True,True,OTTAWA,TORONTO,2025-10-11,1,Fallowfield,FALL,2025-10-11T16:38:43Z,2025-10-11T16:40:00Z,ARR,goo,-1.0
47,True,True,OTTAWA,TORONTO,2025-10-11,2,Smiths Falls,SMTF,2025-10-11T17:12:16Z,2025-10-11T17:18:00Z,ARR,goo,-5.0
47,True,True,OTTAWA,TORONTO,2025-10-11,3,Brockville,BRKV,2025-10-11T17:47:26Z,2025-10-11T17:54:00Z,ARR,goo,-6.0
47,True,True,OTTAWA,TORONTO,2025-10-11,4,Gananoque,GANA,2025-10-11T18:22:12Z,2025-10-11T18:22:00Z,ARR,goo,0.0
47,True,True,OTTAWA,TORONTO,2025-10-11,5,Kingston,KGON,2025-10-11T18:43:49Z,2025-10-11T18:45:00Z,ARR,goo,-1.0
47,True,True,OTTAWA,TORONTO,2025-10-11,6,Belleville,BLVL,2025-10-11T19:27:30Z,2025-10-11T19:26:00Z,ARR,goo,1.0
47,True,True,OTTAWA,TORONTO,2025-10-11,7,Oshawa,OSHA,2025-10-11T20:35:12Z,2025-10-11T20:33:00Z,ARR,goo,2.0
47,True,True,OTTAWA,TORONTO,2025-10-11,8,Guildwood,GUIL,2025-10-11T20:59:19Z,2025-10-11T20:58:00Z,ARR,goo,1.0
47,True,True,OTTAWA,TORONTO,2025-10-11,9,Toronto,TRTO,2025-10-11T21:19:28Z,2025-10-11T21:30:00Z,ARR,goo,-10.0
40,True,True,TORONTO,OTTAWA,2025-10-11,0,Toronto,TRTO,2025-10-11T14:38:00Z,2025-10-11T14:38:00Z,ARR,goo,0.0
40,True,True,TORONTO,OTTAWA,2025-10-11,1,Belleville,BLVL,2025-10-11T16:24:51Z,2025-10-11T16:09:00Z,ARR,bad,15.0
40,True,True,TORONTO,OTTAWA,2025-10-11,2,Kingston,KGON,2025-10-11T17:06:04Z,2025-10-11T16:48:00Z,ARR,bad,18.0
40,True,True,TORONTO,OTTAWA,2025-10-11,3,Fallowfield,FALL,2025-10-11T18:51:56Z,2025-10-11T18:38:00Z,ARR,med,13.0
40,True,True,TORONTO,OTTAWA,2025-10-11,4,Ottawa,OTTW,2025-10-11T19:11:01Z,2025-10-11T19:02:00Z,ARR,med,9.0
63,True,True,MONTRÉAL,TORONTO,2025-10-11,0,Montréal,MTRL,2025-10-11T12:46:00Z,2025-10-11T12:46:00Z,ARR,goo,0.0
63,True,True,MONTRÉAL,TORONTO,2025-10-11,1,Dorval,DORV,2025-10-11T13:09:52Z,2025-10-11T13:11:00Z,ARR,goo,-1.0
63,True,True,MONTRÉAL,TORONTO,2025-10-11,2,Cornwall,CWLL,2025-10-11T14:02:44Z,2025-10-11T14:04:00Z,ARR,goo,-1.0
63,True,True,MONTRÉAL,TORONTO,2025-10-11,3,Brockville,BRKV,2025-10-11T14:51:01Z,2025-10-11T14:54:00Z,ARR,goo,-2.0
63,True,True,MONTRÉAL,TORONTO,2025-10-11,4,Kingston,KGON,2025-10-11T15:42:53Z,2025-10-11T15:39:00Z,ARR,goo,3.0
63,True,True,MONTRÉAL,TORONTO,2025-10-11,5,Belleville,BLVL,2025-10-11T16:26:58Z,2025-10-11T16:20:00Z,ARR,med,6.0
63,True,True,MONTRÉAL,TORONTO,2025-10-11,6,Cobourg,CBRG,2025-10-11T17:06:22Z,2025-10-11T16:58:00Z,ARR,med,8.0
63,True,True,MONTRÉAL,TORONTO,2025-10-11,7,Oshawa,OSHA,2025-10-11T17:43:03Z,2025-10-11T17:34:00Z,ARR,med,9.0
63,True,True,MONTRÉAL,TORONTO,2025-10-11,8,Guildwood,GUIL,2025-10-11T18:10:08Z,2025-10-11T17:58:00Z,ARR,med,12.0
63,True,True,MONTRÉAL,TORONTO,2025-10-11,9,Toronto,TRTO,2025-10-11T18:28:29Z,2025-10-11T18:18:00Z,ARR,med,10.0
624,True,True,OTTAWA,QUÉBEC,2025-10-11,0,Ottawa,OTTW,2025-10-11T11:45:00Z,2025-10-11T11:45:00Z,ARR,goo,0.0
624,True,True,OTTAWA,QUÉBEC,2025-10-11,1,Alexandria,ALEX,2025-10-11T12:27:53Z,2025-10-11T12:31:00Z,ARR,goo,-3.0
624,True,True,OTTAWA,QUÉBEC,2025-10-11,2,Dorval,DORV,2025-10-11T13:12:22Z,2025-10-11T13:16:00Z,ARR,goo,-3.0
624,True,True,OTTAWA,QUÉBEC,2025-10-11,3,Montréal,MTRL,2025-10-11T13:36:27Z,2025-10-11T13:39:00Z,ARR,goo,-2.0
624,True,True,OTTAWA,QUÉBEC,2025-10-11,4,St. Lambert,SLAM,2025-10-11T14:28:00Z,2025-10-11T14:28:00Z,ARR,goo,0.0
624,True,True,OTTAWA,QUÉBEC,2025-10-11,5,St. Hyacinthe,SHYA,2025-10-11T15:06:00Z,2025-10-11T15:06:00Z,ARR,goo,0.0
624,True,True,OTTAWA,QUÉBEC,2025-10-11,6,Drummondville,DRMV,2025-10-11T15:34:00Z,2025-10-11T15:34:00Z,ARR,goo,0.0
624,True,True,OTTAWA,QUÉBEC,2025-10-11,7,Charny,CHNY,2025-10-11T17:21:20Z,2025-10-11T17:13:00Z,ARR,med,8.0
624,True,True,OTTAWA,QUÉBEC,2025-10-11,8,Ste-Foy,SFOY,2025-10-11T17:30:02Z,2025-10-11T17:20:00Z,ARR,med,10.0
624,True,True,OTTAWA,QUÉBEC,2025-10-11,9,Québec,QBEC,2025-10-11T17:57:09Z,2025-10-11T17:48:00Z,ARR,med,9.0
35,True,True,QUÉBEC,OTTAWA,2025-10-11,0,Québec,QBEC,2025-10-11T12:06:00Z,2025-10-11T12:06:00Z,ARR,goo,0.0
35,True,True,QUÉBEC,OTTAWA,2025-10-11,1,Ste-Foy,SFOY,2025-10-11T12:32:57Z,2025-10-11T12:31:00Z,ARR,goo,1.0
35,True,True,QUÉBEC,OTTAWA,2025-10-11,2,Charny,CHNY,2025-10-11T12:43:04Z,2025-10-11T12:40:00Z,ARR,goo,3.0
35,True,True,QUÉBEC,OTTAWA,2025-10-11,3,Drummondville,DRMV,2025-10-11T14:12:54Z,2025-10-11T14:14:00Z,ARR,goo,-1.0
35,True,True,QUÉBEC,OTTAWA,2025-10-11,4,St. Hyacinthe,SHYA,2025-10-11T14:45:43Z,2025-10-11T14:44:00Z,ARR,goo,1.0
35,True,True,QUÉBEC,OTTAWA,2025-10-11,5,St. Lambert,SLAM,2025-10-11T15:15:58Z,2025-10-11T15:11:00Z,ARR,goo,4.0
35,True,True,QUÉBEC,OTTAWA,2025-10-11,6,Montréal,MTRL,2025-10-11T15:34:44Z,2025-10-11T15:26:00Z,ARR,med,8.0
35,True,True,QUÉBEC,OTTAWA,2025-10-11,7,Dorval,DORV,2025-10-11T16:29:07Z,2025-10-11T16:18:00Z,ARR,med,11.0
35,True,True,QUÉBEC,OTTAWA,2025-10-11,8,Coteau,COTO,2025-10-11T16:56:55Z,2025-10-11T16:46:00Z,ARR,med,10.0
35,True,True,QUÉBEC,OTTAWA,2025-10-11,9,Alexandria,ALEX,2025-10-11T17:20:24Z,2025-10-11T17:08:00Z,ARR,med,12.0
35,True,True,QUÉBEC,OTTAWA,2025-10-11,10,Casselman,CSLM,2025-10-11T17:42:32Z,2025-10-11T17:31:00Z,ARR,med,11.0
35,True,True,QUÉBEC,OTTAWA,2025-10-11,11,Ottawa,OTTW,2025-10-11T18:07:48Z,2025-10-11T17:58:00Z,ARR,med,9.0
60,True,True,TORONTO,MONTRÉAL,2025-10-11,0,Toronto,TRTO,2025-10-11T10:32:51Z,2025-10-11T10:32:00Z,ARR,goo,0.0
60,True,True,TORONTO,MONTRÉAL,2025-10-11,1,Guildwood,GUIL,2025-10-11T10:50:45Z,2025-10-11T10:50:00Z,ARR,goo,0.0
60,True,True,TORONTO,MONTRÉAL,2025-10-11,2,Oshawa,OSHA,2025-10-11T11:17:28Z,2025-10-11T11:08:00Z,ARR,med,9.0
60,True,True,TORONTO,MONTRÉAL,2025-10-11,3,Cobourg,CBRG,2025-10-11T11:55:46Z,2025-10-11T11:43:00Z,ARR,med,12.0
60,True,True,TORONTO,MONTRÉAL,2025-10-11,4,Belleville,BLVL,2025-10-11T12:36:22Z,2025-10-11T12:18:00Z,ARR,bad,18.0
60,True,True,TORONTO,MONTRÉAL,2025-10-11,5,Kingston,KGON,2025-10-11T13:14:03Z,2025-10-11T12:57:00Z,ARR,bad,17.0
60,True,True,TORONTO,MONTRÉAL,2025-10-11,6,Cornwall,CWLL,2025-10-11T14:48:44Z,2025-10-11T14:38:00Z,ARR,med,10.0
60,True,True,TORONTO,MONTRÉAL,2025-10-11,7,Dorval,DORV,2025-10-11T15:41:21Z,2025-10-11T15:25:00Z,ARR,bad,16.0
60,True,True,TORONTO,MONTRÉAL,2025-10-11,8,Montréal,MTRL,2025-10-11T16:07:01Z,2025-10-11T15:50:00Z,ARR,bad,17.0
26,True,True,OTTAWA,QUÉBEC,2025-10-11,0,Ottawa,OTTW,2025-10-11T18:17:15Z,2025-10-11T18:17:00Z,ARR,goo,0.0
26,True,True,OTTAWA,QUÉBEC,2025-10-11,1,Alexandria,ALEX,2025-10-11T19:02:09Z,2025-10-11T19:03:00Z,ARR,goo,0.0
26,True,True,OTTAWA,QUÉBEC,2025-10-11,2,Coteau,COTO,2025-10-11T19:29:47Z,2025-10-11T19:26:00Z,ARR,goo,3.0
26,True,True,OTTAWA,QUÉBEC,2025-10-11,3,Dorval,DORV,2025-10-11T19:52:56Z,2025-10-11T19:49:00Z,ARR,goo,3.0
26,True,True,OTTAWA,QUÉBEC,2025-10-11,4,Montréal,MTRL,2025-10-11T20:18:15Z,2025-10-11T20:15:00Z,ARR,goo,3.0
26,True,True,OTTAWA,QUÉBEC,2025-10-11,5,St. Lambert,SLAM,2025-10-11T21:02:06Z,2025-10-11T20:53:00Z,ARR,med,9.0
26,True,True,OTTAWA,QUÉBEC,2025-10-11,6,St. Hyacinthe,SHYA,2025-10-11T21:32:08Z,2025-10-11T21:20:00Z,ARR,med,12.0
26,True,True,OTTAWA,QUÉBEC,2025-10-11,7,Drummondville,DRMV,2025-10-11T22:03:07Z,2025-10-11T22:05:00Z,ARR,goo,-1.0
26,True,True,OTTAWA,QUÉBEC,2025-10-11,8,Charny,CHNY,2025-10-11T23:28:16Z,2025-10-11T23:44:00Z,ARR,goo,-15.0
26,True,True,OTTAWA,QUÉBEC,2025-10-11,9,Ste-Foy,SFOY,2025-10-11T23:37:51Z,2025-10-11T23:52:00Z,ARR,goo,-14.0
26,True,True,OTTAWA,QUÉBEC,2025-10-11,10,Québec,QBEC,2025-10-12T00:07:48Z,2025-10-12T00:19:00Z,ARR,goo,-11.0
39,True,True,QUÉBEC,OTTAWA,2025-10-11,0,Québec,QBEC,2025-10-11T18:57:00Z,2025-10-11T18:57:00Z,ARR,goo,0.0
39,True,True,QUÉBEC,OTTAWA,2025-10-11,1,Ste-Foy,SFOY,2025-10-11T19:22:40Z,2025-10-11T19:22:00Z,ARR,goo,0.0
39,True,True,QUÉBEC,OTTAWA,2025-10-11,2,Drummondville,DRMV,2025-10-11T21:04:51Z,2025-10-11T20:58:00Z,ARR,med,6.0
39,True,True,QUÉBEC,OTTAWA,2025-10-11,3,St. Lambert,SLAM,2025-10-11T22:03:11Z,2025-10-11T21:57:00Z,ARR,med,6.0
39,True,True,QUÉBEC,OTTAWA,2025-10-11,4,Montréal,MTRL,2025-10-11T22:18:03Z,2025-10-11T22:11:00Z,ARR,med,7.0
39,True,True,QUÉBEC,OTTAWA,2025-10-11,5,Dorval,DORV,2025-10-11T23:11:58Z,2025-10-11T23:14:00Z,ARR,goo,-2.0
39,True,True,QUÉBEC,OTTAWA,2025-10-11,6,Coteau,COTO,2025-10-11T23:43:25Z,2025-10-11T23:43:00Z,ARR,goo,0.0
39,True,True,QUÉBEC,OTTAWA,2025-10-11,7,Alexandria,ALEX,2025-10-12T00:04:33Z,2025-10-12T00:06:00Z,ARR,goo,-1.0
39,True,True,QUÉBEC,OTTAWA,2025-10-11,8,Ottawa,OTTW,2025-10-12T00:47:36Z,2025-10-12T00:51:00Z,ARR,goo,-3.0
66,True,True,TORONTO,MONTRÉAL,2025-10-11,0,Toronto,TRTO,2025-10-11T19:23:26Z,2025-10-11T19:23:00Z,ARR,goo,0.0
66,True,True,TORONTO,MONTRÉAL,2025-10-11,1,Guildwood,GUIL,2025-10-11T19:41:24Z,2025-10-11T19:40:00Z,ARR,goo,1.0
66,True,True,TORONTO,MONTRÉAL,2025-10-11,2,Oshawa,OSHA,2025-10-11T20:00:22Z,2025-10-11T19:54:00Z,ARR,med,6.0
66,True,True,TORONTO,MONTRÉAL,2025-10-11,3,Belleville,BLVL,2025-10-11T21:04:38Z,2025-10-11T21:00:00Z,ARR,goo,4.0
66,True,True,TORONTO,MONTRÉAL,2025-10-11,4,Kingston,KGON,2025-10-11T21:44:31Z,2025-10-11T21:40:00Z,ARR,goo,4.0
66,True,True,TORONTO,MONTRÉAL,2025-10-11,5,Cornwall,CWLL,2025-10-11T23:05:41Z,2025-10-11T23:07:00Z,ARR,goo,-1.0
66,True,True,TORONTO,MONTRÉAL,2025-10-11,6,Dorval,DORV,2025-10-12T00:00:19Z,2025-10-11T23:58:00Z,ARR,goo,2.0
66,True,True,TORONTO,MONTRÉAL,2025-10-11,7,Montréal,MTRL,2025-10-12T00:28:06Z,2025-10-12T00:25:00Z,ARR,goo,3.0
46,True,True,TORONTO,OTTAWA,2025-10-11,0,Toronto,TRTO,2025-10-11T19:38:01Z,2025-10-11T19:38:00Z,ARR,goo,0.0
46,True,True,TORONTO,OTTAWA,2025-10-11,1,Oshawa,OSHA,2025-10-11T20:15:01Z,2025-10-11T20:09:00Z,ARR,med,6.0
46,True,True,TORONTO,OTTAWA,2025-10-11,2,Cobourg,CBRG,2025-10-11T20:53:50Z,2025-10-11T20:43:00Z,ARR,med,10.0
46,True,True,TORONTO,OTTAWA,2025-10-11,3,Kingston,KGON,2025-10-11T22:09:09Z,2025-10-11T21:54:00Z,ARR,bad,15.0
46,True,True,TORONTO,OTTAWA,2025-10-11,4,Brockville,BRKV,2025-10-11T22:55:42Z,2025-10-11T22:40:00Z,ARR,bad,15.0
46,True,True,TORONTO,OTTAWA,2025-10-11,5,Fallowfield,FALL,2025-10-11T23:56:06Z,2025-10-11T23:40:00Z,ARR,bad,16.0
46,True,True,TORONTO,OTTAWA,2025-10-11,6,Ottawa,OTTW,2025-10-12T00:17:41Z,2025-10-12T00:00:00Z,ARR,bad,17.0
28,True,True,OTTAWA,QUÉBEC,2025-10-11,0,Ottawa,OTTW,2025-10-11T20:05:00Z,2025-10-11T20:05:00Z,ARR,goo,0.0
28,True,True,OTTAWA,QUÉBEC,2025-10-11,1,Casselman,CSLM,2025-10-11T20:29:59Z,2025-10-11T20:31:00Z,ARR,goo,-1.0
28,True,True,OTTAWA,QUÉBEC,2025-10-11,2,Alexandria,ALEX,2025-10-11T20:52:09Z,2025-10-11T20:53:00Z,ARR,goo,0.0
28,True,True,OTTAWA,QUÉBEC,2025-10-11,3,Coteau,COTO,2025-10-11T21:13:23Z,2025-10-11T21:15:00Z,ARR,goo,-1.0
28,True,True,OTTAWA,QUÉBEC,2025-10-11,4,Dorval,DORV,2025-10-11T21:40:21Z,2025-10-11T21:38:00Z,ARR,goo,2.0
28,True,True,OTTAWA,QUÉBEC,2025-10-11,5,Montréal,MTRL,2025-10-11T22:04:50Z,2025-10-11T22:04:00Z,ARR,goo,0.0
28,True,True,OTTAWA,QUÉBEC,2025-10-11,6,St. Lambert,SLAM,2025-10-11T22:39:49Z,2025-10-11T22:38:00Z,ARR,goo,1.0
28,True,True,OTTAWA,QUÉBEC,2025-10-11,7,St. Hyacinthe,SHYA,2025-10-11T23:07:12Z,2025-10-11T23:06:00Z,ARR,goo,1.0
28,True,True,OTTAWA,QUÉBEC,2025-10-11,8,Drummondville,DRMV,2025-10-11T23:48:36Z,2025-10-11T23:52:00Z,ARR,goo,-3.0
28,True,True,OTTAWA,QUÉBEC,2025-10-11,9,Charny,CHNY,2025-10-12T01:09:56Z,2025-10-12T01:14:00Z,ARR,goo,-4.0
28,True,True,OTTAWA,QUÉBEC,2025-10-11,10,Ste-Foy,SFOY,2025-10-12T01:17:50Z,2025-10-12T01:21:00Z,ARR,goo,-3.0
28,True,True,OTTAWA,QUÉBEC,2025-10-11,11,Québec,QBEC,2025-10-12T01:47:24Z,2025-10-12T01:48:00Z,ARR,goo,0.0
69,True,True,MONTRÉAL,TORONTO,2025-10-11,0,Montréal,MTRL,2025-10-11T20:38:00Z,2025-10-11T20:38:00Z,ARR,goo,0.0
69,True,True,MONTRÉAL,TORONTO,2025-10-11,1,Dorval,DORV,2025-10-11T21:01:25Z,2025-10-11T21:04:00Z,ARR,goo,-2.0
69,True,True,MONTRÉAL,TORONTO,2025-10-11,2,Cornwall,CWLL,2025-10-11T21:54:08Z,2025-10-11T21:53:00Z,ARR,goo,1.0
69,True,True,MONTRÉAL,TORONTO,2025-10-11,3,Brockville,BRKV,2025-10-11T22:38:42Z,2025-10-11T22:40:00Z,ARR,goo,-1.0
69,True,True,MONTRÉAL,TORONTO,2025-10-11,4,Kingston,KGON,2025-10-11T23:26:27Z,2025-10-11T23:24:00Z,ARR,goo,2.0
69,True,True,MONTRÉAL,TORONTO,2025-10-11,5,Oshawa,OSHA,2025-10-12T01:14:13Z,2025-10-12T01:05:00Z,ARR,med,9.0
69,True,True,MONTRÉAL,TORONTO,2025-10-11,6,Guildwood,GUIL,2025-10-12T01:43:53Z,2025-10-12T01:28:00Z,ARR,bad,15.0
69,True,True,MONTRÉAL,TORONTO,2025-10-11,7,Toronto,TRTO,2025-10-12T02:05:39Z,2025-10-12T01:48:00Z,ARR,bad,17.0
68,True,True,TORONTO,MONTRÉAL,2025-10-11,0,Toronto,TRTO,2025-10-11T21:08:44Z,2025-10-11T21:08:00Z,ARR,goo,0.0
68,True,True,TORONTO,MONTRÉAL,2025-10-11,1,Oshawa,OSHA,2025-10-11T21:44:00Z,2025-10-11T21:39:00Z,ARR,med,5.0
68,True,True,TORONTO,MONTRÉAL,2025-10-11,2,Cobourg,CBRG,2025-10-11T22:17:18Z,2025-10-11T22:14:00Z,ARR,goo,3.0
68,True,True,TORONTO,MONTRÉAL,2025-10-11,3,Belleville,BLVL,2025-10-11T23:01:01Z,2025-10-11T22:49:00Z,ARR,med,12.0
68,True,True,TORONTO,MONTRÉAL,2025-10-11,4,Kingston,KGON,2025-10-11T23:37:29Z,2025-10-11T23:26:00Z,ARR,med,11.0
68,True,True,TORONTO,MONTRÉAL,2025-10-11,5,Brockville,BRKV,2025-10-12T00:21:53Z,2025-10-12T00:11:00Z,ARR,med,10.0
68,True,True,TORONTO,MONTRÉAL,2025-10-11,6,Cornwall,CWLL,2025-10-12T01:06:18Z,2025-10-12T00:57:00Z,ARR,med,9.0
68,True,True,TORONTO,MONTRÉAL,2025-10-11,7,Dorval,DORV,2025-10-12T01:55:16Z,2025-10-12T01:47:00Z,ARR,med,8.0
68,True,True,TORONTO,MONTRÉAL,2025-10-11,8,Montréal,MTRL,2025-10-12T02:19:35Z,2025-10-12T02:14:00Z,ARR,med,5.0
54,True,True,TORONTO,OTTAWA,2025-10-11,0,Toronto,TRTO,2025-10-11T21:39:31Z,2025-10-11T21:38:00Z,ARR,goo,1.0
54,True,True,TORONTO,OTTAWA,2025-10-11,1,Guildwood,GUIL,2025-10-11T21:57:07Z,2025-10-11T21:55:00Z,ARR,goo,2.0
54,True,True,TORONTO,OTTAWA,2025-10-11,2,Oshawa,OSHA,2025-10-11T22:18:22Z,2025-10-11T22:08:00Z,ARR,med,10.0
54,True,True,TORONTO,OTTAWA,2025-10-11,3,Port Hope,PHOP,2025-10-11T22:53:58Z,2025-10-11T22:37:00Z,ARR,bad,16.0
54,True,True,TORONTO,OTTAWA,2025-10-11,4,Cobourg,CBRG,2025-10-11T23:02:25Z,2025-10-11T22:46:00Z,ARR,bad,16.0
54,True,True,TORONTO,OTTAWA,2025-10-11,5,Trenton Jct.,TRNJ,2025-10-11T23:30:10Z,2025-10-11T23:13:01Z,ARR,bad,17.0
54,True,True,TORONTO,OTTAWA,2025-10-11,6,Belleville,BLVL,2025-10-11T23:44:15Z,2025-10-11T23:27:00Z,ARR,bad,17.0
54,True,True,TORONTO,OTTAWA,2025-10-11,7,Napanee,NAPN,2025-10-12T00:04:41Z,2025-10-11T23:48:00Z,ARR,bad,16.0
54,True,True,TORONTO,OTTAWA,2025-10-11,8,Kingston,KGON,2025-10-12T00:36:04Z,2025-10-12T00:09:00Z,ARR,bad,27.0
54,True,True,TORONTO,OTTAWA,2025-10-11,9,Brockville,BRKV,2025-10-12T01:24:37Z,2025-10-12T00:54:00Z,ARR,bad,30.0
54,True,True,TORONTO,OTTAWA,2025-10-11,10,Smiths Falls,SMTF,2025-10-12T01:55:25Z,2025-10-12T01:25:00Z,ARR,bad,30.0
54,True,True,TORONTO,OTTAWA,2025-10-11,11,Fallowfield,FALL,2025-10-12T02:22:52Z,2025-10-12T01:52:00Z,ARR,bad,30.0
54,True,True,TORONTO,OTTAWA,2025-10-11,12,Ottawa,OTTW,2025-10-12T02:45:58Z,2025-10-12T02:13:00Z,ARR,bad,32.0
75,True,True,TORONTO,WINDSOR,2025-10-11,0,Toronto,TRTO,2025-10-11T21:22:23Z,2025-10-11T21:22:00Z,ARR,goo,0.0
75,True,True,TORONTO,WINDSOR,2025-10-11,1,Oakville,OAKV,2025-10-11T21:50:09Z,2025-10-11T21:45:00Z,ARR,med,5.0
75,True,True,TORONTO,WINDSOR,2025-10-11,2,Aldershot,ALDR,2025-10-11T22:08:02Z,2025-10-11T22:01:00Z,ARR,med,7.0
75,True,True,TORONTO,WINDSOR,2025-10-11,3,Brantford,BRTF,2025-10-11T22:38:47Z,2025-10-11T22:33:00Z,ARR,med,5.0
75,True,True,TORONTO,WINDSOR,2025-10-11,4,Woodstock,WDST,2025-10-11T23:07:12Z,2025-10-11T23:04:00Z,ARR,goo,3.0
75,True,True,TORONTO,WINDSOR,2025-10-11,5,Ingersoll,INGR,2025-10-11T23:20:00Z,2025-10-11T23:19:00Z,ARR,goo,1.0
75,True,True,TORONTO,WINDSOR,2025-10-11,6,London,LNDN,2025-10-11T23:44:32Z,2025-10-11T23:47:00Z,ARR,goo,-2.0
75,True,True,TORONTO,WINDSOR,2025-10-11,7,Glencoe,GLNC,2025-10-12T00:25:58Z,2025-10-12T00:21:00Z,ARR,goo,4.0
75,True,True,TORONTO,WINDSOR,2025-10-11,8,Chatham,CHAT,2025-10-12T01:17:03Z,2025-10-12T00:55:00Z,ARR,bad,22.0
75,True,True,TORONTO,WINDSOR,2025-10-11,9,Windsor,WDON,2025-10-12T02:03:56Z,2025-10-12T01:50:00Z,ARR,med,13.0
98,True,True,NIAGARA FALLS,TORONTO,2025-10-11,0,Niagara Falls,NIAG,2025-10-11T21:45:00Z,2025-10-11T21:45:00Z,ARR,goo,0.0
98,True,True,NIAGARA FALLS,TORONTO,2025-10-11,1,St. Catharines,SCAT,2025-10-11T22:06:00Z,2025-10-11T22:06:00Z,ARR,goo,0.0
98,True,True,NIAGARA FALLS,TORONTO,2025-10-11,2,Grimsby,GRIM,2025-10-11T22:35:00Z,2025-10-11T22:26:00Z,ARR,med,9.0
98,True,True,NIAGARA FALLS,TORONTO,2025-10-11,3,Aldershot,ALDR,2025-10-11T23:12:00Z,2025-10-11T23:02:00Z,ARR,med,10.0
98,True,True,NIAGARA FALLS,TORONTO,2025-10-11,4,Oakville,OAKV,2025-10-11T23:26:00Z,2025-10-11T23:16:00Z,ARR,med,10.0
98,True,True,NIAGARA FALLS,TORONTO,2025-10-11,5,Toronto,TRTO,2025-10-11T23:53:00Z,2025-10-11T23:43:00Z,ARR,med,10.0
87,True,True,TORONTO,SARNIA,2025-10-11,0,Toronto,TRTO,2025-10-11T21:40:00Z,2025-10-11T21:40:00Z,ARR,goo,0.0
87,True,True,TORONTO,SARNIA,2025-10-11,1,Malton,MALT,2025-10-11T22:00:50Z,2025-10-11T22:00:00Z,ARR,goo,0.0
87,True,True,TORONTO,SARNIA,2025-10-11,2,Brampton,BRMP,2025-10-11T22:15:05Z,2025-10-11T22:12:00Z,ARR,goo,3.0
87,True,True,TORONTO,SARNIA,2025-10-11,3,Georgetown,GEOR,2025-10-11T22:28:02Z,2025-10-11T22:24:00Z,ARR,goo,4.0
87,True,True,TORONTO,SARNIA,2025-10-11,4,Guelph,GUEL,2025-10-11T22:50:28Z,2025-10-11T22:49:00Z,ARR,goo,1.0
87,True,True,TORONTO,SARNIA,2025-10-11,5,Kitchener,KITC,2025-10-11T23:12:35Z,2025-10-11T23:16:00Z,ARR,goo,-3.0
87,True,True,TORONTO,SARNIA,2025-10-11,6,Stratford,STRF,2025-10-12T00:00:33Z,2025-10-11T23:57:00Z,ARR,goo,3.0
87,True,True,TORONTO,SARNIA,2025-10-11,7,St.Marys,SMYS,2025-10-12T00:29:21Z,2025-10-12T00:25:00Z,ARR,goo,4.0
87,True,True,TORONTO,SARNIA,2025-10-11,8,London,LNDN,2025-10-12T01:22:02Z,2025-10-12T01:13:00Z,ARR,med,9.0
87,True,True,TORONTO,SARNIA,2025-10-11,9,Strathroy,STRR,2025-10-12T01:50:42Z,2025-10-12T01:39:00Z,ARR,med,11.0
87,True,True,TORONTO,SARNIA,2025-10-11,10,Wyoming,WYOM,2025-10-12T02:15:40Z,2025-10-12T02:07:00Z,ARR,med,8.0
87,True,True,TORONTO,SARNIA,2025-10-11,11,Sarnia,SARN,2025-10-12T02:36:17Z,2025-10-12T02:24:00Z,ARR,med,12.0
29,True,True,QUÉBEC,MONTRÉAL,2025-10-11,0,Québec,QBEC,2025-10-11T21:42:26Z,2025-10-11T21:41:00Z,ARR,goo,1.0
29,True,True,QUÉBEC,MONTRÉAL,2025-10-11,1,Ste-Foy,SFOY,2025-10-11T22:11:14Z,2025-10-11T22:06:00Z,ARR,med,5.0
29,True,True,QUÉBEC,MONTRÉAL,2025-10-11,2,Drummondville,DRMV,2025-10-11T23:42:33Z,2025-10-11T23:42:00Z,ARR,goo,0.0
29,True,True,QUÉBEC,MONTRÉAL,2025-10-11,3,St. Hyacinthe,SHYA,2025-10-12T00:15:37Z,2025-10-12T00:18:00Z,ARR,goo,-2.0
29,True,True,QUÉBEC,MONTRÉAL,2025-10-11,4,St. Lambert,SLAM,2025-10-12T00:45:14Z,2025-10-12T00:45:00Z,ARR,goo,0.0
29,True,True,QUÉBEC,MONTRÉAL,2025-10-11,5,Montréal,MTRL,2025-10-12T01:02:37Z,2025-10-12T01:00:00Z,ARR,goo,2.0
59,True,True,OTTAWA,TORONTO,2025-10-11,0,Ottawa,OTTW,2025-10-11T22:04:35Z,2025-10-11T22:03:00Z,ARR,goo,1.0
59,True,True,OTTAWA,TORONTO,2025-10-11,1,Fallowfield,FALL,2025-10-11T22:21:53Z,2025-10-11T22:20:00Z,ARR,goo,1.0
59,True,True,OTTAWA,TORONTO,2025-10-11,2,Smiths Falls,SMTF,2025-10-11T22:49:16Z,2025-10-11T22:51:00Z,ARR,goo,-1.0
59,True,True,OTTAWA,TORONTO,2025-10-11,3,Brockville,BRKV,2025-10-11T23:27:33Z,2025-10-11T23:25:00Z,ARR,goo,2.0
59,True,True,OTTAWA,TORONTO,2025-10-11,4,Kingston,KGON,2025-10-12T00:11:57Z,2025-10-12T00:10:00Z,ARR,goo,1.0
59,True,True,OTTAWA,TORONTO,2025-10-11,5,Belleville,BLVL,2025-10-12T00:54:53Z,2025-10-12T00:51:00Z,ARR,goo,3.0
59,True,True,OTTAWA,TORONTO,2025-10-11,6,Trenton Jct.,TRNJ,2025-10-12T01:08:10Z,2025-10-12T01:05:00Z,ARR,goo,3.0
59,True,True,OTTAWA,TORONTO,2025-10-11,7,Cobourg,CBRG,2025-10-12T01:36:10Z,2025-10-12T01:31:00Z,ARR,med,5.0
59,True,True,OTTAWA,TORONTO,2025-10-11,8,Oshawa,OSHA,2025-10-12T02:14:52Z,2025-10-12T02:05:00Z,ARR,med,9.0
59,True,True,OTTAWA,TORONTO,2025-10-11,9,Guildwood,GUIL,2025-10-12T02:45:45Z,2025-10-12T02:28:00Z,ARR,bad,17.0
59,True,True,OTTAWA,TORONTO,2025-10-11,10,Toronto,TRTO,2025-10-12T03:05:48Z,2025-10-12T02:48:00Z,ARR,bad,17.0
78,True,True,WINDSOR,TORONTO,2025-10-11,0,Windsor,WDON,2025-10-11T21:40:00Z,2025-10-11T21:40:00Z,ARR,goo,0.0
78,True,True,WINDSOR,TORONTO,2025-10-11,1,Chatham,CHAT,2025-10-11T22:23:00Z,2025-10-11T22:24:00Z,ARR,goo,-1.0
78,True,True,WINDSOR,TORONTO,2025-10-11,2,Glencoe,GLNC,2025-10-11T23:11:55Z,2025-10-11T22:59:00Z,ARR,med,12.0
78,True,True,WINDSOR,TORONTO,2025-10-11,3,London,LNDN,2025-10-11T23:42:52Z,2025-10-11T23:32:00Z,ARR,med,10.0
78,True,True,WINDSOR,TORONTO,2025-10-11,4,Ingersoll,INGR,2025-10-12T00:11:47Z,2025-10-11T23:57:00Z,ARR,med,14.0
78,True,True,WINDSOR,TORONTO,2025-10-11,5,Woodstock,WDST,2025-10-12T00:25:53Z,2025-10-12T00:08:00Z,ARR,bad,17.0
78,True,True,WINDSOR,TORONTO,2025-10-11,6,Brantford,BRTF,2025-10-12T00:56:56Z,2025-10-12T00:39:00Z,ARR,bad,17.0
78,True,True,WINDSOR,TORONTO,2025-10-11,7,Aldershot,ALDR,2025-10-12T01:27:09Z,2025-10-12T01:09:00Z,ARR,bad,18.0
78,True,True,WINDSOR,TORONTO,2025-10-11,8,Oakville,OAKV,2025-10-12T01:43:35Z,2025-10-12T01:24:00Z,ARR,bad,19.0
78,True,True,WINDSOR,TORONTO,2025-10-11,9,Toronto,TRTO,2025-10-12T02:13:26Z,2025-10-12T01:50:00Z,ARR,bad,23.0
38,True,True,OTTAWA,MONTRÉAL,2025-10-11,0,Ottawa,OTTW,2025-10-11T21:55:00Z,2025-10-11T21:55:00Z,ARR,goo,0.0
38,True,True,OTTAWA,MONTRÉAL,2025-10-11,1,Casselman,CSLM,2025-10-11T22:20:47Z,2025-10-11T22:26:00Z,ARR,goo,-5.0
38,True,True,OTTAWA,MONTRÉAL,2025-10-11,2,Alexandria,ALEX,2025-10-11T22:46:21Z,2025-10-11T22:49:00Z,ARR,goo,-2.0
38,True,True,OTTAWA,MONTRÉAL,2025-10-11,3,Dorval,DORV,2025-10-11T23:34:02Z,2025-10-11T23:33:00Z,ARR,goo,1.0
38,True,True,OTTAWA,MONTRÉAL,2025-10-11,4,Montréal,MTRL,2025-10-12T00:03:07Z,2025-10-11T23:57:00Z,ARR,med,6.0
79,True,False,TORONTO,WINDSOR,2025-10-11,0,Toronto,TRTO,2025-10-11T23:45:00Z,2025-10-11T23:45:00Z,ARR,goo,0.0
79,True,False,TORONTO,WINDSOR,2025-10-11,1,Oakville,OAKV,2025-10-12T00:13:16Z,2025-10-12T00:07:00Z,ARR,med,6.0
79,True,False,TORONTO,WINDSOR,2025-10-11,2,Aldershot,ALDR,2025-10-12T00:29:08Z,2025-10-12T00:22:00Z,ARR,med,7.0
79,True,False,TORONTO,WINDSOR,2025-10-11,3,Brantford,BRTF,2025-10-12T01:06:52Z,2025-10-12T00:50:00Z,ARR,bad,16.0
79,True,False,TORONTO,WINDSOR,2025-10-11,4,Woodstock,WDST,2025-10-12T01:36:56Z,2025-10-12T01:17:00Z,ARR,bad,19.0
79,True,False,TORONTO,WINDSOR,2025-10-11,5,Ingersoll,INGR,2025-10-12T01:50:44Z,2025-10-12T01:30:00Z,ARR,bad,20.0
79,True,False,TORONTO,WINDSOR,2025-10-11,6,London,LNDN,2025-10-12T02:13:15Z,2025-10-12T01:52:00Z,ARR,bad,21.0
79,True,False,TORONTO,WINDSOR,2025-10-11,7,Glencoe,GLNC,2025-10-12T02:47:29Z,2025-10-12T02:25:00Z,ARR,bad,22.0
79,True,False,TORONTO,WINDSOR,2025-10-11,8,Chatham,CHAT,2025-10-12T03:27:12Z,2025-10-12T02:57:00Z,ARR,bad,30.0
79,True,False,TORONTO,WINDSOR,2025-10-11,9,Windsor,WDON,2025-10-12T04:10:26Z,2025-10-12T03:44:00Z,19 mins,bad,26.0
