train_id,departed,arrived,from,to,instance,stop_id,station,code,estimated,scheduled,eta,diff,diffMin
1 (04-23),True,False,TORONTO,VANCOUVER,2025-04-23,0,Toronto,TRTO,2025-04-23T13:55:00Z,2025-04-23T13:55:00Z,ARR,goo,0.0
1 (04-23),True,False,TORONTO,VANCOUVER,2025-04-23,1,Washago,WSHG,2025-04-23T16:20:01Z,2025-04-23T16:25:00Z,ARR,goo,-4.0
1 (04-23),True,False,TORONTO,VANCOUVER,2025-04-23,2,South Parry,SPAR,2025-04-23T18:04:44Z,2025-04-23T18:27:00Z,ARR,goo,-22.0
1 (04-23),True,False,TORONTO,VANCOUVER,2025-04-23,3,Sudbury (Jct.),SUDJ,2025-04-23T20:22:51Z,2025-04-23T20:57:00Z,ARR,goo,-34.0
1 (04-23),True,False,TORONTO,VANCOUVER,2025-04-23,4,Capreol,CAPR,2025-04-23T21:19:13Z,2025-04-23T21:22:00Z,ARR,goo,-2.0
1 (04-23),True,False,TORONTO,VANCOUVER,2025-04-23,5,Laforest,LAFO,2025-04-23T23:17:38Z,2025-04-23T22:48:00Z,ARR,bad,29.0
1 (04-23),True,False,TORONTO,VANCOUVER,2025-04-23,6,McKee's Camp,MCKC,2025-04-23T23:30:38Z,2025-04-23T23:01:00Z,ARR,bad,29.0
1 (04-23),True,False,TORONTO,VANCOUVER,2025-04-23,7,Felix,FELX,2025-04-23T23:50:38Z,2025-04-23T23:21:00Z,ARR,bad,29.0
1 (04-23),True,False,TORONTO,VANCOUVER,2025-04-23,8,Ruel,RUEL,2025-04-23T23:57:38Z,2025-04-23T23:28:00Z,ARR,bad,29.0
1 (04-23),True,False,TORONTO,VANCOUVER,2025-04-23,9,Westree,WSTR,2025-04-24T00:04:46Z,2025-04-23T23:45:00Z,ARR,bad,19.0
1 (04-23),True,False,TORONTO,VANCOUVER,2025-04-23,10,Gogama,GOGA,2025-04-24T00:31:15Z,2025-04-24T00:18:00Z,ARR,med,13.0
1 (04-23),True,False,TORONTO,VANCOUVER,2025-04-23,11,Foleyet,FOLE,2025-04-24T02:36:06Z,2025-04-24T02:44:00Z,ARR,goo,-7.0
1 (04-23),True,False,TORONTO,VANCOUVER,2025-04-23,12,Elsas,ELSA,2025-04-24T03:38:41Z,2025-04-24T03:38:00Z,ARR,goo,0.0
1 (04-23),True,False,TORONTO,VANCOUVER,2025-04-23,13,Oba,OBAX,2025-04-24T05:18:19Z,2025-04-24T05:38:00Z,ARR,goo,-19.0
1 (04-23),True,False,TORONTO,VANCOUVER,2025-04-23,14,Hornepayne,HNPN,2025-04-24T06:24:11Z,2025-04-24T06:29:00Z,ARR,goo,-4.0
1 (04-23),True,False,TORONTO,VANCOUVER,2025-04-23,15,Hillsport,HLSP,2025-04-24T08:14:09Z,2025-04-24T08:05:00Z,ARR,med,9.0
1 (04-23),True,False,TORONTO,VANCOUVER,2025-04-23,16,Caramat,CARA,2025-04-24T08:56:56Z,2025-04-24T08:55:00Z,ARR,goo,1.0
1 (04-23),True,False,TORONTO,VANCOUVER,2025-04-23,17,Longlac,LLAC,2025-04-24T09:19:16Z,2025-04-24T09:34:00Z,ARR,goo,-14.0
1 (04-23),True,False,TORONTO,VANCOUVER,2025-04-23,18,Nakina,NAKI,2025-04-24T10:00:00Z,2025-04-24T10:13:00Z,ARR,goo,-13.0
1 (04-23),True,False,TORONTO,VANCOUVER,2025-04-23,19,Auden,AUDN,2025-04-24T11:15:29Z,2025-04-24T11:19:00Z,ARR,goo,-3.0
1 (04-23),True,False,TORONTO,VANCOUVER,2025-04-23,20,Ferland,FERL,2025-04-24T11:56:00Z,2025-04-24T11:56:00Z,ARR,goo,0.0
1 (04-23),True,False,TORONTO,VANCOUVER,2025-04-23,21,Mud River,MUDR,2025-04-24T12:05:00Z,2025-04-24T12:05:00Z,ARR,goo,0.0
1 (04-23),True,False,TORONTO,VANCOUVER,2025-04-23,22,Armstrong,ARMG,2025-04-24T12:22:57Z,2025-04-24T13:17:00Z,ARR,goo,-54.0
1 (04-23),True,False,TORONTO,VANCOUVER,2025-04-23,23,Collins,COLL,2025-04-24T13:00:54Z,2025-04-24T13:47:00Z,ARR,goo,-46.0
1 (04-23),True,False,TORONTO,VANCOUVER,2025-04-23,24,Allanwater Bridge,ALWB,2025-04-24T14:26:00Z,2025-04-24T14:26:00Z,ARR,goo,0.0
1 (04-23),True,False,TORONTO,VANCOUVER,2025-04-23,25,Flindt Landing,FLTL,2025-04-24T14:42:00Z,2025-04-24T14:42:00Z,ARR,goo,0.0
1 (04-23),True,False,TORONTO,VANCOUVER,2025-04-23,26,Savant Lake,SAVL,2025-04-24T14:59:00Z,2025-04-24T14:59:00Z,ARR,goo,0.0
1 (04-23),True,False,TORONTO,VANCOUVER,2025-04-23,27,Sioux Lookout,SLKT,2025-04-24T15:34:10Z,2025-04-24T16:25:00Z,ARR,goo,-50.0
1 (04-23),True,False,TORONTO,VANCOUVER,2025-04-23,28,Richan,RCHN,2025-04-24T18:12:50Z,2025-04-24T18:05:00Z,ARR,med,7.0
1 (04-23),True,False,TORONTO,VANCOUVER,2025-04-23,29,Red Lake Road,RLRX,2025-04-24T19:35:58Z,2025-04-24T18:41:00Z,ARR,bad,54.0
1 (04-23),True,False,TORONTO,VANCOUVER,2025-04-23,30,Canyon,CNYK,2025-04-24T20:20:25Z,2025-04-24T19:10:00Z,ARR,bad,70.0
1 (04-23),True,False,TORONTO,VANCOUVER,2025-04-23,31,Farlane,FARL,2025-04-24T20:52:31Z,2025-04-24T19:47:00Z,ARR,bad,65.0
1 (04-23),True,False,TORONTO,VANCOUVER,2025-04-23,32,Redditt,RDDT,2025-04-24T21:08:12Z,2025-04-24T20:23:00Z,ARR,bad,45.0
1 (04-23),True,False,TORONTO,VANCOUVER,2025-04-23,33,Minaki,MNKI,2025-04-24T21:31:08Z,2025-04-24T20:44:00Z,ARR,bad,47.0
1 (04-23),True,False,TORONTO,VANCOUVER,2025-04-23,34,Ottermere,OTTM,2025-04-24T21:46:58Z,2025-04-24T21:01:00Z,ARR,bad,45.0
1 (04-23),True,False,TORONTO,VANCOUVER,2025-04-23,35,Malachi,MLCH,2025-04-24T21:56:49Z,2025-04-24T21:07:00Z,ARR,bad,49.0
1 (04-23),True,False,TORONTO,VANCOUVER,2025-04-23,36,Copelands Landing,COPE,2025-04-24T21:55:57Z,2025-04-24T21:09:00Z,ARR,bad,46.0
1 (04-23),True,False,TORONTO,VANCOUVER,2025-04-23,37,Rice Lake,RCLK,2025-04-24T22:04:19Z,2025-04-24T21:12:00Z,ARR,bad,52.0
1 (04-23),True,False,TORONTO,VANCOUVER,2025-04-23,38,Winnitoba,WNTB,2025-04-24T22:14:35Z,2025-04-24T21:26:00Z,ARR,bad,48.0
1 (04-23),True,False,TORONTO,VANCOUVER,2025-04-23,39,Ophir,OPHR,2025-04-24T22:12:26Z,2025-04-24T21:31:00Z,ARR,bad,41.0
1 (04-23),True,False,TORONTO,VANCOUVER,2025-04-23,40,Brereton Lake,BRTL,2025-04-24T22:25:11Z,2025-04-24T21:49:00Z,ARR,bad,36.0
1 (04-23),True,False,TORONTO,VANCOUVER,2025-04-23,41,Elma,ELMA,2025-04-24T22:41:49Z,2025-04-24T22:10:00Z,ARR,bad,31.0
1 (04-23),True,False,TORONTO,VANCOUVER,2025-04-23,42,Winnipeg,WNPG,2025-04-25T00:21:35Z,2025-04-25T00:30:00Z,ARR,goo,-8.0
1 (04-23),True,False,TORONTO,VANCOUVER,2025-04-23,43,Portage La Prairie,PLPX,2025-04-25T04:05:36Z,2025-04-25T04:04:00Z,ARR,goo,1.0
1 (04-23),True,False,TORONTO,VANCOUVER,2025-04-23,44,Rivers,RVRS,2025-04-25T05:55:42Z,2025-04-25T06:31:00Z,ARR,goo,-35.0
1 (04-23),True,False,TORONTO,VANCOUVER,2025-04-23,45,Melville,MELV,2025-04-25T10:00:28Z,2025-04-25T10:54:00Z,ARR,goo,-53.0
1 (04-23),True,False,TORONTO,VANCOUVER,2025-04-23,46,Watrous,WATR,2025-04-25T13:33:43Z,2025-04-25T13:54:00Z,ARR,goo,-20.0
1 (04-23),True,False,TORONTO,VANCOUVER,2025-04-23,47,Saskatoon,SASK,2025-04-25T15:15:48Z,2025-04-25T15:50:00Z,ARR,goo,-34.0
1 (04-23),True,False,TORONTO,VANCOUVER,2025-04-23,48,Biggar,BIGG,2025-04-25T19:29:43Z,2025-04-25T18:29:00Z,ARR,bad,60.0
1 (04-23),True,False,TORONTO,VANCOUVER,2025-04-23,49,Unity,UNIT,2025-04-25T20:46:16Z,2025-04-25T19:44:00Z,ARR,bad,62.0
1 (04-23),True,False,TORONTO,VANCOUVER,2025-04-23,50,Wainwright,WAIN,2025-04-25T22:59:10Z,2025-04-25T22:33:00Z,ARR,bad,26.0
1 (04-23),True,False,TORONTO,VANCOUVER,2025-04-23,51,Viking,VKNG,2025-04-26T00:20:05Z,2025-04-25T23:26:00Z,ARR,bad,54.0
1 (04-23),True,False,TORONTO,VANCOUVER,2025-04-23,52,Edmonton,EDMO,2025-04-26T05:24:15Z,2025-04-26T02:50:00Z,ARR,bad,154.0
1 (04-23),True,False,TORONTO,VANCOUVER,2025-04-23,53,Evansburg,EVAN,2025-04-26T09:18:41Z,2025-04-26T07:29:00Z,ARR,bad,109.0
1 (04-23),True,False,TORONTO,VANCOUVER,2025-04-23,54,Edson,EDSN,2025-04-26T10:56:21Z,2025-04-26T08:52:00Z,ARR,bad,124.0
1 (04-23),True,False,TORONTO,VANCOUVER,2025-04-23,55,Hinton,HINT,2025-04-26T13:21:42Z,2025-04-26T09:58:00Z,ARR,bad,203.0
1 (04-23),True,False,TORONTO,VANCOUVER,2025-04-23,56,Jasper,JASP,2025-04-26T15:23:24Z,2025-04-26T12:30:00Z,ARR,bad,173.0
1 (04-23),True,False,TORONTO,VANCOUVER,2025-04-23,57,Valemount,VLMT,2025-04-26T19:09:18Z,2025-04-26T17:50:00Z,ARR,bad,79.0
1 (04-23),True,False,TORONTO,VANCOUVER,2025-04-23,58,Blue River,BLUE,2025-04-26T21:15:01Z,2025-04-26T20:36:00Z,ARR,bad,39.0
1 (04-23),True,False,TORONTO,VANCOUVER,2025-04-23,59,Clearwater,CLWT,2025-04-26T23:55:20Z,2025-04-26T22:45:00Z,ARR,bad,70.0
1 (04-23),True,False,TORONTO,VANCOUVER,2025-04-23,60,Kamloops North,KAMN,2025-04-27T01:47:55Z,2025-04-27T01:28:00Z,ARR,bad,19.0
1 (04-23),True,False,TORONTO,VANCOUVER,2025-04-23,61,Ashcroft,ASHN,2025-04-27T04:28:03Z,2025-04-27T03:49:00Z,31 mins,bad,39.0
1 (04-23),True,False,TORONTO,VANCOUVER,2025-04-23,62,Boston Bar,BBAR,2025-04-27T07:15:03Z,2025-04-27T06:36:00Z,3h18,bad,39.0
1 (04-23),True,False,TORONTO,VANCOUVER,2025-04-23,63,Hope,HOPE,&mdash;,2025-04-27T08:06:00Z,&mdash;,,
1 (04-23),True,False,TORONTO,VANCOUVER,2025-04-23,64,Chilliwack,CHIL,&mdash;,2025-04-27T08:30:00Z,&mdash;,,
1 (04-23),True,False,TORONTO,VANCOUVER,2025-04-23,65,Abbotsford,ABBO,&mdash;,2025-04-27T09:00:00Z,&mdash;,,
1 (04-23),True,False,TORONTO,VANCOUVER,2025-04-23,66,Vancouver,VCVR,&mdash;,2025-04-27T15:00:00Z,&mdash;,,
692 (04-24),True,True,CHURCHILL,WINNIPEG,2025-04-24,0,Churchill,CHUR,2025-04-25T01:30:00Z,2025-04-25T01:30:00Z,ARR,goo,0.0
692 (04-24),True,True,CHURCHILL,WINNIPEG,2025-04-24,1,Tidal,TIDL,2025-04-25T01:54:18Z,2025-04-25T01:52:00Z,ARR,goo,2.0
692 (04-24),True,True,CHURCHILL,WINNIPEG,2025-04-24,2,Chesnaye,CHES,2025-04-25T03:03:44Z,2025-04-25T02:38:00Z,ARR,bad,25.0
692 (04-24),True,True,CHURCHILL,WINNIPEG,2025-04-24,3,M'Clintock,MCLI,2025-04-25T04:08:47Z,2025-04-25T03:54:00Z,ARR,med,14.0
692 (04-24),True,True,CHURCHILL,WINNIPEG,2025-04-24,4,O'Day,ODAY,2025-04-25T04:51:35Z,2025-04-25T04:39:00Z,ARR,med,12.0
692 (04-24),True,True,CHURCHILL,WINNIPEG,2025-04-24,5,Herchmer,HERC,2025-04-25T05:16:31Z,2025-04-25T05:18:00Z,ARR,goo,-1.0
692 (04-24),True,True,CHURCHILL,WINNIPEG,2025-04-24,6,Thibaudeau,THIB,2025-04-25T06:56:10Z,2025-04-25T06:44:00Z,ARR,med,12.0
692 (04-24),True,True,CHURCHILL,WINNIPEG,2025-04-24,7,Weir River,WEIR,2025-04-25T07:24:56Z,2025-04-25T07:46:00Z,ARR,goo,-21.0
692 (04-24),True,True,CHURCHILL,WINNIPEG,2025-04-24,8,Amery,AMRY,2025-04-25T08:00:42Z,2025-04-25T08:37:00Z,ARR,goo,-36.0
692 (04-24),True,True,CHURCHILL,WINNIPEG,2025-04-24,9,Bird,BIRD,2025-04-25T08:32:51Z,2025-04-25T09:00:00Z,ARR,goo,-27.0
692 (04-24),True,True,CHURCHILL,WINNIPEG,2025-04-24,10,Gillam,GILL,2025-04-25T09:20:53Z,2025-04-25T10:00:00Z,ARR,goo,-39.0
692 (04-24),True,True,CHURCHILL,WINNIPEG,2025-04-24,11,Wivenhoe,WVHO,2025-04-25T11:15:44Z,2025-04-25T11:16:00Z,ARR,goo,0.0
692 (04-24),True,True,CHURCHILL,WINNIPEG,2025-04-24,12,Ilford,ILFO,2025-04-25T12:08:20Z,2025-04-25T11:53:00Z,ARR,bad,15.0
692 (04-24),True,True,CHURCHILL,WINNIPEG,2025-04-24,13,Pit Siding,PITS,2025-04-25T13:20:24Z,2025-04-25T12:54:00Z,ARR,bad,26.0
692 (04-24),True,True,CHURCHILL,WINNIPEG,2025-04-24,14,Bridgar,BRGR,2025-04-25T14:42:24Z,2025-04-25T14:16:00Z,ARR,bad,26.0
692 (04-24),True,True,CHURCHILL,WINNIPEG,2025-04-24,15,Pikwitonei,PIKW,2025-04-25T14:53:24Z,2025-04-25T14:27:00Z,ARR,bad,26.0
692 (04-24),True,True,CHURCHILL,WINNIPEG,2025-04-24,16,Sipiwesk,SIPI,2025-04-25T15:20:24Z,2025-04-25T14:54:00Z,ARR,bad,26.0
692 (04-24),True,True,CHURCHILL,WINNIPEG,2025-04-24,17,Thompson,THOM,2025-04-25T18:26:36Z,2025-04-25T16:30:00Z,ARR,bad,116.0
692 (04-24),True,True,CHURCHILL,WINNIPEG,2025-04-24,18,Leven,LEVN,2025-04-25T21:43:33Z,2025-04-25T21:05:00Z,ARR,bad,38.0
692 (04-24),True,True,CHURCHILL,WINNIPEG,2025-04-24,19,Thicket Portage,THKP,2025-04-25T20:59:27Z,2025-04-25T21:22:00Z,ARR,goo,-22.0
692 (04-24),True,True,CHURCHILL,WINNIPEG,2025-04-24,20,Hockin,HOCK,2025-04-25T21:24:04Z,2025-04-25T21:37:00Z,ARR,goo,-12.0
692 (04-24),True,True,CHURCHILL,WINNIPEG,2025-04-24,21,Odhill,ODHI,2025-04-25T22:01:04Z,2025-04-25T22:21:00Z,ARR,goo,-19.0
692 (04-24),True,True,CHURCHILL,WINNIPEG,2025-04-24,22,Lyddal,LYDD,2025-04-25T22:20:04Z,2025-04-25T22:43:00Z,ARR,goo,-22.0
692 (04-24),True,True,CHURCHILL,WINNIPEG,2025-04-24,23,Wabowden,WBDN,2025-04-25T22:44:33Z,2025-04-25T23:11:00Z,ARR,goo,-26.0
692 (04-24),True,True,CHURCHILL,WINNIPEG,2025-04-24,24,Pipun,PIPN,2025-04-25T23:05:51Z,2025-04-25T23:34:00Z,ARR,goo,-28.0
692 (04-24),True,True,CHURCHILL,WINNIPEG,2025-04-24,25,Ponton,PNTN,2025-04-25T23:52:24Z,2025-04-26T00:17:00Z,ARR,goo,-24.0
692 (04-24),True,True,CHURCHILL,WINNIPEG,2025-04-24,26,Turnbull,TURN,2025-04-26T00:19:52Z,2025-04-26T00:49:00Z,ARR,goo,-29.0
692 (04-24),True,True,CHURCHILL,WINNIPEG,2025-04-24,27,Wekusko,WEKU,2025-04-26T00:42:29Z,2025-04-26T01:16:00Z,ARR,goo,-33.0
692 (04-24),True,True,CHURCHILL,WINNIPEG,2025-04-24,28,Dyce,DYCE,2025-04-26T01:23:47Z,2025-04-26T02:00:00Z,ARR,goo,-36.0
692 (04-24),True,True,CHURCHILL,WINNIPEG,2025-04-24,29,Dering,DERI,2025-04-26T01:58:46Z,2025-04-26T02:39:00Z,ARR,goo,-40.0
692 (04-24),True,True,CHURCHILL,WINNIPEG,2025-04-24,30,Cormorant,CORM,2025-04-26T02:00:59Z,2025-04-26T02:47:00Z,ARR,goo,-46.0
692 (04-24),True,True,CHURCHILL,WINNIPEG,2025-04-24,31,Halcrow,HALC,2025-04-26T02:10:28Z,2025-04-26T02:58:00Z,ARR,goo,-47.0
692 (04-24),True,True,CHURCHILL,WINNIPEG,2025-04-24,32,Orok,OROK,2025-04-26T02:56:08Z,2025-04-26T03:52:00Z,ARR,goo,-55.0
692 (04-24),True,True,CHURCHILL,WINNIPEG,2025-04-24,33,The Pas,TPAS,2025-04-26T03:30:05Z,2025-04-26T04:30:00Z,ARR,goo,-59.0
692 (04-24),True,True,CHURCHILL,WINNIPEG,2025-04-24,34,Hudson Bay,HBAY,2025-04-26T10:37:58Z,2025-04-26T10:27:00Z,ARR,med,10.0
692 (04-24),True,True,CHURCHILL,WINNIPEG,2025-04-24,35,Reserve,RSRV,2025-04-26T11:27:42Z,2025-04-26T11:09:00Z,ARR,bad,18.0
692 (04-24),True,True,CHURCHILL,WINNIPEG,2025-04-24,36,Endeavour,ENDV,2025-04-26T12:16:17Z,2025-04-26T11:55:00Z,ARR,bad,21.0
692 (04-24),True,True,CHURCHILL,WINNIPEG,2025-04-24,37,Sturgis,STGS,2025-04-26T12:48:09Z,2025-04-26T12:24:00Z,ARR,bad,24.0
692 (04-24),True,True,CHURCHILL,WINNIPEG,2025-04-24,38,Canora,CANO,2025-04-26T13:33:01Z,2025-04-26T13:08:00Z,ARR,bad,25.0
692 (04-24),True,True,CHURCHILL,WINNIPEG,2025-04-24,39,Mikado,MIKA,2025-04-26T13:49:27Z,2025-04-26T13:30:00Z,ARR,bad,19.0
692 (04-24),True,True,CHURCHILL,WINNIPEG,2025-04-24,40,Veregin,VERE,2025-04-26T14:00:56Z,2025-04-26T13:43:00Z,ARR,bad,17.0
692 (04-24),True,True,CHURCHILL,WINNIPEG,2025-04-24,41,Kamsack,KAMS,2025-04-26T14:11:44Z,2025-04-26T13:58:00Z,ARR,med,13.0
692 (04-24),True,True,CHURCHILL,WINNIPEG,2025-04-24,42,Togo,TOGO,2025-04-26T14:44:44Z,2025-04-26T14:37:00Z,ARR,med,7.0
692 (04-24),True,True,CHURCHILL,WINNIPEG,2025-04-24,43,Roblin,RBLN,2025-04-26T15:09:33Z,2025-04-26T15:14:00Z,ARR,goo,-4.0
692 (04-24),True,True,CHURCHILL,WINNIPEG,2025-04-24,44,Grandview,GVIE,2025-04-26T16:14:37Z,2025-04-26T16:12:00Z,ARR,goo,2.0
692 (04-24),True,True,CHURCHILL,WINNIPEG,2025-04-24,45,Gilbert Plains,GLBP,2025-04-26T16:34:54Z,2025-04-26T16:32:00Z,ARR,goo,2.0
692 (04-24),True,True,CHURCHILL,WINNIPEG,2025-04-24,46,Dauphin,DAUP,2025-04-26T17:10:06Z,2025-04-26T16:56:00Z,ARR,med,14.0
692 (04-24),True,True,CHURCHILL,WINNIPEG,2025-04-24,47,Ochre River,OCHR,2025-04-26T18:02:39Z,2025-04-26T17:20:00Z,ARR,bad,42.0
692 (04-24),True,True,CHURCHILL,WINNIPEG,2025-04-24,48,Laurier,LRIE,2025-04-26T18:22:06Z,2025-04-26T17:38:00Z,ARR,bad,44.0
692 (04-24),True,True,CHURCHILL,WINNIPEG,2025-04-24,49,Mccreary,MCCR,2025-04-26T18:38:34Z,2025-04-26T17:54:00Z,ARR,bad,44.0
692 (04-24),True,True,CHURCHILL,WINNIPEG,2025-04-24,50,Glenella,GLNA,2025-04-26T19:22:29Z,2025-04-26T18:34:00Z,ARR,bad,48.0
692 (04-24),True,True,CHURCHILL,WINNIPEG,2025-04-24,51,Plumas,PLUM,2025-04-26T19:49:00Z,2025-04-26T19:06:00Z,ARR,bad,43.0
692 (04-24),True,True,CHURCHILL,WINNIPEG,2025-04-24,52,Gladstone,GSTO,2025-04-26T20:34:44Z,2025-04-26T19:51:00Z,ARR,bad,43.0
692 (04-24),True,True,CHURCHILL,WINNIPEG,2025-04-24,53,Portage La Prairie,PLPX,2025-04-26T21:17:06Z,2025-04-26T20:37:00Z,ARR,bad,40.0
692 (04-24),True,True,CHURCHILL,WINNIPEG,2025-04-24,54,Winnipeg,WNPG,2025-04-26T22:39:23Z,2025-04-26T21:45:00Z,ARR,bad,54.0
2 (04-25),True,False,VANCOUVER,TORONTO,2025-04-25,0,Vancouver,VCVR,2025-04-25T22:00:00Z,2025-04-25T22:00:00Z,ARR,goo,0.0
2 (04-25),True,False,VANCOUVER,TORONTO,2025-04-25,1,Mission Harbour,MSNH,2025-04-25T23:57:32Z,2025-04-25T23:35:00Z,ARR,bad,22.0
2 (04-25),True,False,VANCOUVER,TORONTO,2025-04-25,2,Agassiz,AGAS,2025-04-26T01:52:48Z,2025-04-26T00:03:00Z,ARR,bad,109.0
2 (04-25),True,False,VANCOUVER,TORONTO,2025-04-25,3,Katz,KATZ,2025-04-26T02:15:23Z,2025-04-26T00:17:00Z,ARR,bad,118.0
2 (04-25),True,False,VANCOUVER,TORONTO,2025-04-25,4,North Bend,NBND,2025-04-26T04:08:48Z,2025-04-26T02:46:00Z,ARR,bad,82.0
2 (04-25),True,False,VANCOUVER,TORONTO,2025-04-25,5,Ashcroft,ASHN,2025-04-26T07:32:35Z,2025-04-26T05:32:00Z,ARR,bad,120.0
2 (04-25),True,False,VANCOUVER,TORONTO,2025-04-25,6,Kamloops North,KAMN,2025-04-26T09:11:48Z,2025-04-26T07:17:00Z,ARR,bad,114.0
2 (04-25),True,False,VANCOUVER,TORONTO,2025-04-25,7,Clearwater,CLWT,2025-04-26T12:53:20Z,2025-04-26T09:58:00Z,ARR,bad,175.0
2 (04-25),True,False,VANCOUVER,TORONTO,2025-04-25,8,Blue River,BLUE,2025-04-26T14:50:20Z,2025-04-26T12:11:00Z,ARR,bad,159.0
2 (04-25),True,False,VANCOUVER,TORONTO,2025-04-25,9,Valemount,VLMT,2025-04-26T16:21:24Z,2025-04-26T14:01:00Z,ARR,bad,140.0
2 (04-25),True,False,VANCOUVER,TORONTO,2025-04-25,10,Jasper,JASP,2025-04-26T19:08:02Z,2025-04-26T17:00:00Z,ARR,bad,128.0
2 (04-25),True,False,VANCOUVER,TORONTO,2025-04-25,11,Hinton,HINT,2025-04-26T22:16:46Z,2025-04-26T19:45:00Z,ARR,bad,151.0
2 (04-25),True,False,VANCOUVER,TORONTO,2025-04-25,12,Edson,EDSN,2025-04-26T23:14:04Z,2025-04-26T21:19:00Z,ARR,bad,115.0
2 (04-25),True,False,VANCOUVER,TORONTO,2025-04-25,13,Evansburg,EVAN,2025-04-27T00:32:32Z,2025-04-26T22:28:00Z,ARR,bad,124.0
2 (04-25),True,False,VANCOUVER,TORONTO,2025-04-25,14,Edmonton,EDMO,2025-04-27T01:58:02Z,2025-04-27T00:50:00Z,ARR,bad,68.0
2 (04-25),True,False,VANCOUVER,TORONTO,2025-04-25,15,Viking,VKNG,2025-04-27T05:57:46Z,2025-04-27T03:53:00Z,2h00,bad,124.0
2 (04-25),True,False,VANCOUVER,TORONTO,2025-04-25,16,Wainwright,WAIN,2025-04-27T08:18:46Z,2025-04-27T06:14:00Z,4h21,bad,124.0
2 (04-25),True,False,VANCOUVER,TORONTO,2025-04-25,17,Unity,UNIT,&mdash;,2025-04-27T07:47:00Z,&mdash;,,
2 (04-25),True,False,VANCOUVER,TORONTO,2025-04-25,18,Biggar,BIGG,&mdash;,2025-04-27T09:21:00Z,&mdash;,,
2 (04-25),True,False,VANCOUVER,TORONTO,2025-04-25,19,Saskatoon,SASK,&mdash;,2025-04-27T11:57:00Z,&mdash;,,
2 (04-25),True,False,VANCOUVER,TORONTO,2025-04-25,20,Watrous,WATR,&mdash;,2025-04-27T14:26:00Z,&mdash;,,
692 (04-26),True,False,CHURCHILL,WINNIPEG,2025-04-26,0,Churchill,CHUR,2025-04-27T01:30:00Z,2025-04-27T01:30:00Z,ARR,goo,0.0
692 (04-26),True,False,CHURCHILL,WINNIPEG,2025-04-26,1,Tidal,TIDL,2025-04-27T01:57:22Z,2025-04-27T01:52:00Z,ARR,med,5.0
692 (04-26),True,False,CHURCHILL,WINNIPEG,2025-04-26,2,Chesnaye,CHES,2025-04-27T02:51:44Z,2025-04-27T02:38:00Z,ARR,med,13.0
692 (04-26),True,False,CHURCHILL,WINNIPEG,2025-04-26,3,M'Clintock,MCLI,2025-04-27T04:07:44Z,2025-04-27T03:54:00Z,10 mins,med,13.0
692 (04-26),True,False,CHURCHILL,WINNIPEG,2025-04-26,4,O'Day,ODAY,2025-04-27T04:52:44Z,2025-04-27T04:39:00Z,55 mins,med,13.0
692 (04-26),True,False,CHURCHILL,WINNIPEG,2025-04-26,5,Herchmer,HERC,2025-04-27T05:31:44Z,2025-04-27T05:18:00Z,1h34,med,13.0
692 (04-26),True,False,CHURCHILL,WINNIPEG,2025-04-26,6,Thibaudeau,THIB,2025-04-27T06:57:44Z,2025-04-27T06:44:00Z,3h00,med,13.0
692 (04-26),True,False,CHURCHILL,WINNIPEG,2025-04-26,7,Weir River,WEIR,2025-04-27T07:59:44Z,2025-04-27T07:46:00Z,4h02,med,13.0
692 (04-26),True,False,CHURCHILL,WINNIPEG,2025-04-26,8,Amery,AMRY,2025-04-27T08:50:44Z,2025-04-27T08:37:00Z,4h53,med,13.0
692 (04-26),True,False,CHURCHILL,WINNIPEG,2025-04-26,9,Bird,BIRD,2025-04-27T09:13:44Z,2025-04-27T09:00:00Z,5h16,med,13.0
692 (04-26),True,False,CHURCHILL,WINNIPEG,2025-04-26,10,Gillam,GILL,2025-04-27T10:13:44Z,2025-04-27T10:00:00Z,6h16,med,13.0
692 (04-26),True,False,CHURCHILL,WINNIPEG,2025-04-26,11,Wivenhoe,WVHO,2025-04-27T11:29:44Z,2025-04-27T11:16:00Z,7h32,med,13.0
692 (04-26),True,False,CHURCHILL,WINNIPEG,2025-04-26,12,Ilford,ILFO,2025-04-27T12:06:44Z,2025-04-27T11:53:00Z,8h09,med,13.0
692 (04-26),True,False,CHURCHILL,WINNIPEG,2025-04-26,13,Pit Siding,PITS,2025-04-27T13:07:44Z,2025-04-27T12:54:00Z,9h10,med,13.0
692 (04-26),True,False,CHURCHILL,WINNIPEG,2025-04-26,14,Bridgar,BRGR,2025-04-27T14:29:44Z,2025-04-27T14:16:00Z,10h32,med,13.0
692 (04-26),True,False,CHURCHILL,WINNIPEG,2025-04-26,15,Pikwitonei,PIKW,2025-04-27T14:40:44Z,2025-04-27T14:27:00Z,10h43,med,13.0
692 (04-26),True,False,CHURCHILL,WINNIPEG,2025-04-26,16,Sipiwesk,SIPI,2025-04-27T15:07:44Z,2025-04-27T14:54:00Z,11h10,med,13.0
692 (04-26),True,False,CHURCHILL,WINNIPEG,2025-04-26,17,Thompson,THOM,2025-04-27T16:43:44Z,2025-04-27T16:30:00Z,12h46,med,13.0
6,True,True,PRINCE RUPERT,JASPER,2025-04-25,0,Prince Rupert,PRUP,2025-04-25T15:00:00Z,2025-04-25T15:00:00Z,ARR,goo,0.0
6,True,True,PRINCE RUPERT,JASPER,2025-04-25,1,Cassiar Cannery,CASS,2025-04-25T15:30:04Z,2025-04-25T15:20:00Z,ARR,med,10.0
6,True,True,PRINCE RUPERT,JASPER,2025-04-25,2,Kwinitsa,KWIN,2025-04-25T16:07:18Z,2025-04-25T16:17:00Z,ARR,goo,-9.0
6,True,True,PRINCE RUPERT,JASPER,2025-04-25,3,Terrace,TRRC,2025-04-25T17:49:42Z,2025-04-25T17:20:00Z,ARR,bad,29.0
6,True,True,PRINCE RUPERT,JASPER,2025-04-25,4,Usk,USKX,2025-04-25T18:15:36Z,2025-04-25T17:48:00Z,ARR,bad,27.0
6,True,True,PRINCE RUPERT,JASPER,2025-04-25,5,Pacific,PACI,2025-04-25T20:09:30Z,2025-04-25T18:07:00Z,ARR,bad,122.0
6,True,True,PRINCE RUPERT,JASPER,2025-04-25,6,Dorreen,DORR,2025-04-25T20:23:03Z,2025-04-25T18:19:00Z,ARR,bad,124.0
6,True,True,PRINCE RUPERT,JASPER,2025-04-25,7,Cedarvale,CEDA,2025-04-25T20:40:59Z,2025-04-25T18:44:00Z,ARR,bad,116.0
6,True,True,PRINCE RUPERT,JASPER,2025-04-25,8,Kitwanga,KITW,2025-04-25T20:58:17Z,2025-04-25T18:48:01Z,ARR,bad,130.0
6,True,True,PRINCE RUPERT,JASPER,2025-04-25,9,New Hazelton,NHAZ,2025-04-25T21:41:05Z,2025-04-25T19:30:00Z,ARR,bad,131.0
6,True,True,PRINCE RUPERT,JASPER,2025-04-25,10,Smithers,SMTR,2025-04-25T23:08:07Z,2025-04-25T21:14:00Z,ARR,bad,114.0
6,True,True,PRINCE RUPERT,JASPER,2025-04-25,11,Telkwa,TELK,2025-04-25T23:28:29Z,2025-04-25T21:37:00Z,ARR,bad,111.0
6,True,True,PRINCE RUPERT,JASPER,2025-04-25,12,Houston,HOUS,2025-04-26T00:24:09Z,2025-04-25T22:22:00Z,ARR,bad,122.0
6,True,True,PRINCE RUPERT,JASPER,2025-04-25,13,Burns Lake,BRNL,2025-04-26T01:34:27Z,2025-04-25T23:32:00Z,ARR,bad,122.0
6,True,True,PRINCE RUPERT,JASPER,2025-04-25,14,Endako,ENDA,2025-04-26T02:22:42Z,2025-04-26T00:25:00Z,ARR,bad,117.0
6,True,True,PRINCE RUPERT,JASPER,2025-04-25,15,Fort Fraser,FFRA,2025-04-26T02:49:25Z,2025-04-26T00:57:00Z,ARR,bad,112.0
6,True,True,PRINCE RUPERT,JASPER,2025-04-25,16,Vanderhoof,VDRH,2025-04-26T03:21:30Z,2025-04-26T01:35:00Z,ARR,bad,106.0
6,True,True,PRINCE RUPERT,JASPER,2025-04-25,17,Prince George,PGEO,2025-04-26T05:04:35Z,2025-04-26T03:29:00Z,ARR,bad,95.0
6,True,True,PRINCE RUPERT,JASPER,2025-04-25,18,Willow River,WILR,2025-04-26T16:16:07Z,2025-04-26T15:48:00Z,ARR,bad,28.0
6,True,True,PRINCE RUPERT,JASPER,2025-04-25,19,Aleza Lake,ALZL,2025-04-26T16:41:55Z,2025-04-26T16:17:00Z,ARR,bad,24.0
6,True,True,PRINCE RUPERT,JASPER,2025-04-25,20,Upper Fraser,UFRZ,2025-04-26T16:49:55Z,2025-04-26T16:25:00Z,ARR,bad,24.0
6,True,True,PRINCE RUPERT,JASPER,2025-04-25,21,Mcgregor,MCGR,2025-04-26T16:57:55Z,2025-04-26T16:33:00Z,ARR,bad,24.0
6,True,True,PRINCE RUPERT,JASPER,2025-04-25,22,Sinclair Mills,SINM,2025-04-26T17:03:20Z,2025-04-26T16:44:00Z,ARR,bad,19.0
6,True,True,PRINCE RUPERT,JASPER,2025-04-25,23,Hutton,HUTT,2025-04-26T17:07:20Z,2025-04-26T16:48:00Z,ARR,bad,19.0
6,True,True,PRINCE RUPERT,JASPER,2025-04-25,24,Longworth,LWTH,2025-04-26T17:18:30Z,2025-04-26T16:59:00Z,ARR,bad,19.0
6,True,True,PRINCE RUPERT,JASPER,2025-04-25,25,Penny,PENN,2025-04-26T17:30:03Z,2025-04-26T17:13:00Z,ARR,bad,17.0
6,True,True,PRINCE RUPERT,JASPER,2025-04-25,26,Bend,BEND,2025-04-26T18:06:43Z,2025-04-26T17:32:00Z,ARR,bad,34.0
6,True,True,PRINCE RUPERT,JASPER,2025-04-25,27,Dome Creek,DOMC,2025-04-26T18:08:23Z,2025-04-26T17:33:07Z,ARR,bad,35.0
6,True,True,PRINCE RUPERT,JASPER,2025-04-25,28,Loos,LOOS,2025-04-26T19:13:50Z,2025-04-26T18:07:00Z,ARR,bad,66.0
6,True,True,PRINCE RUPERT,JASPER,2025-04-25,29,Goat River,GOAT,2025-04-26T19:27:14Z,2025-04-26T18:22:00Z,ARR,bad,65.0
6,True,True,PRINCE RUPERT,JASPER,2025-04-25,30,Mcbride,MCBR,2025-04-26T20:16:19Z,2025-04-26T19:18:00Z,ARR,bad,58.0
6,True,True,PRINCE RUPERT,JASPER,2025-04-25,31,Dunster,DNST,2025-04-26T20:49:01Z,2025-04-26T19:35:00Z,ARR,bad,74.0
6,True,True,PRINCE RUPERT,JASPER,2025-04-25,32,Harvey,HRVY,2025-04-26T21:23:45Z,2025-04-26T20:24:00Z,ARR,bad,59.0
6,True,True,PRINCE RUPERT,JASPER,2025-04-25,33,Jasper,JASP,2025-04-27T00:03:44Z,2025-04-26T23:00:00Z,ARR,bad,63.0
691,True,True,THE PAS,CHURCHILL,2025-04-25,0,The Pas,TPAS,2025-04-25T07:30:00Z,2025-04-25T07:30:00Z,ARR,goo,0.0
691,True,True,THE PAS,CHURCHILL,2025-04-25,1,Orok,OROK,2025-04-25T08:04:21Z,2025-04-25T08:07:00Z,ARR,goo,-2.0
691,True,True,THE PAS,CHURCHILL,2025-04-25,2,Halcrow,HALC,2025-04-25T08:50:53Z,2025-04-25T09:01:00Z,ARR,goo,-10.0
691,True,True,THE PAS,CHURCHILL,2025-04-25,3,Cormorant,CORM,2025-04-25T08:59:26Z,2025-04-25T09:12:00Z,ARR,goo,-12.0
691,True,True,THE PAS,CHURCHILL,2025-04-25,4,Dering,DERI,2025-04-25T09:20:00Z,2025-04-25T09:20:00Z,ARR,goo,0.0
691,True,True,THE PAS,CHURCHILL,2025-04-25,5,Dyce,DYCE,2025-04-25T09:39:49Z,2025-04-25T09:59:00Z,ARR,goo,-19.0
691,True,True,THE PAS,CHURCHILL,2025-04-25,6,Wekusko,WEKU,2025-04-25T10:18:41Z,2025-04-25T10:43:00Z,ARR,goo,-24.0
691,True,True,THE PAS,CHURCHILL,2025-04-25,7,Turnbull,TURN,2025-04-25T10:40:51Z,2025-04-25T11:10:00Z,ARR,goo,-29.0
691,True,True,THE PAS,CHURCHILL,2025-04-25,8,Ponton,PNTN,2025-04-25T11:08:36Z,2025-04-25T11:42:00Z,ARR,goo,-33.0
691,True,True,THE PAS,CHURCHILL,2025-04-25,9,Pipun,PIPN,2025-04-25T11:55:38Z,2025-04-25T12:25:00Z,ARR,goo,-29.0
691,True,True,THE PAS,CHURCHILL,2025-04-25,10,Wabowden,WBDN,2025-04-25T12:09:23Z,2025-04-25T12:48:00Z,ARR,goo,-38.0
691,True,True,THE PAS,CHURCHILL,2025-04-25,11,Lyddal,LYDD,2025-04-25T13:07:34Z,2025-04-25T13:16:00Z,ARR,goo,-8.0
691,True,True,THE PAS,CHURCHILL,2025-04-25,12,Odhill,ODHI,2025-04-25T13:26:35Z,2025-04-25T13:38:00Z,ARR,goo,-11.0
691,True,True,THE PAS,CHURCHILL,2025-04-25,13,Hockin,HOCK,2025-04-25T14:04:46Z,2025-04-25T14:22:00Z,ARR,goo,-17.0
691,True,True,THE PAS,CHURCHILL,2025-04-25,14,Thicket Portage,THKP,2025-04-25T14:37:00Z,2025-04-25T14:37:00Z,ARR,goo,0.0
691,True,True,THE PAS,CHURCHILL,2025-04-25,15,Leven,LEVN,2025-04-25T14:54:00Z,2025-04-25T14:54:00Z,ARR,goo,0.0
691,True,True,THE PAS,CHURCHILL,2025-04-25,16,Thompson,THOM,2025-04-25T18:10:36Z,2025-04-25T17:00:00Z,ARR,bad,70.0
691,True,True,THE PAS,CHURCHILL,2025-04-25,17,Sipiwesk,SIPI,2025-04-25T23:34:08Z,2025-04-25T23:35:00Z,ARR,goo,0.0
691,True,True,THE PAS,CHURCHILL,2025-04-25,18,Pikwitonei,PIKW,2025-04-26T00:02:00Z,2025-04-26T00:02:00Z,ARR,goo,0.0
691,True,True,THE PAS,CHURCHILL,2025-04-25,19,Bridgar,BRGR,2025-04-26T00:13:00Z,2025-04-26T00:13:00Z,ARR,goo,0.0
691,True,True,THE PAS,CHURCHILL,2025-04-25,20,Pit Siding,PITS,2025-04-26T01:35:00Z,2025-04-26T01:35:00Z,ARR,goo,0.0
691,True,True,THE PAS,CHURCHILL,2025-04-25,21,Ilford,ILFO,2025-04-26T02:55:16Z,2025-04-26T02:36:00Z,ARR,bad,19.0
691,True,True,THE PAS,CHURCHILL,2025-04-25,22,Wivenhoe,WVHO,2025-04-26T04:00:54Z,2025-04-26T03:13:00Z,ARR,bad,47.0
691,True,True,THE PAS,CHURCHILL,2025-04-25,23,Gillam,GILL,2025-04-26T04:57:24Z,2025-04-26T04:00:01Z,ARR,bad,57.0
691,True,True,THE PAS,CHURCHILL,2025-04-25,24,Bird,BIRD,2025-04-26T05:58:53Z,2025-04-26T05:29:00Z,ARR,bad,29.0
691,True,True,THE PAS,CHURCHILL,2025-04-25,25,Amery,AMRY,2025-04-26T06:24:58Z,2025-04-26T05:51:00Z,ARR,bad,33.0
691,True,True,THE PAS,CHURCHILL,2025-04-25,26,Weir River,WEIR,2025-04-26T07:23:01Z,2025-04-26T06:43:00Z,ARR,bad,40.0
691,True,True,THE PAS,CHURCHILL,2025-04-25,27,Thibaudeau,THIB,2025-04-26T08:12:25Z,2025-04-26T08:00:00Z,ARR,med,12.0
691,True,True,THE PAS,CHURCHILL,2025-04-25,28,Herchmer,HERC,2025-04-26T09:38:25Z,2025-04-26T09:26:00Z,ARR,med,12.0
691,True,True,THE PAS,CHURCHILL,2025-04-25,29,O'Day,ODAY,2025-04-26T10:17:25Z,2025-04-26T10:05:00Z,ARR,med,12.0
691,True,True,THE PAS,CHURCHILL,2025-04-25,30,M'Clintock,MCLI,2025-04-26T11:02:25Z,2025-04-26T10:50:00Z,ARR,med,12.0
691,True,True,THE PAS,CHURCHILL,2025-04-25,31,Chesnaye,CHES,2025-04-26T12:18:25Z,2025-04-26T12:06:00Z,ARR,med,12.0
691,True,True,THE PAS,CHURCHILL,2025-04-25,32,Tidal,TIDL,2025-04-26T12:28:30Z,2025-04-26T13:37:00Z,ARR,goo,-68.0
691,True,True,THE PAS,CHURCHILL,2025-04-25,33,Churchill,CHUR,2025-04-26T13:20:11Z,2025-04-26T14:00:00Z,ARR,goo,-39.0
15,True,True,HALIFAX,MONTRÉAL,2025-04-25,0,Halifax,HLFX,2025-04-25T14:30:00Z,2025-04-25T14:30:00Z,ARR,goo,0.0
15,True,True,HALIFAX,MONTRÉAL,2025-04-25,1,Truro,TRUR,2025-04-25T15:57:20Z,2025-04-25T15:56:00Z,ARR,goo,1.0
15,True,True,HALIFAX,MONTRÉAL,2025-04-25,2,Springhill Jct,SPRJ,2025-04-25T17:16:13Z,2025-04-25T17:12:00Z,ARR,goo,4.0
15,True,True,HALIFAX,MONTRÉAL,2025-04-25,3,Amherst,AMHS,2025-04-25T17:37:15Z,2025-04-25T17:35:00Z,ARR,goo,2.0
15,True,True,HALIFAX,MONTRÉAL,2025-04-25,4,Sackville,SACK,2025-04-25T17:55:49Z,2025-04-25T17:52:00Z,ARR,goo,3.0
15,True,True,HALIFAX,MONTRÉAL,2025-04-25,5,Moncton,MCTN,2025-04-25T18:47:52Z,2025-04-25T18:47:00Z,ARR,goo,0.0
15,True,True,HALIFAX,MONTRÉAL,2025-04-25,6,Rogersville,RGRV,2025-04-25T20:23:58Z,2025-04-25T20:01:00Z,ARR,bad,22.0
15,True,True,HALIFAX,MONTRÉAL,2025-04-25,7,Miramichi,MIRA,2025-04-25T21:10:15Z,2025-04-25T20:52:00Z,ARR,bad,18.0
15,True,True,HALIFAX,MONTRÉAL,2025-04-25,8,Bathurst,BTRS,2025-04-25T22:49:55Z,2025-04-25T22:48:00Z,ARR,goo,1.0
15,True,True,HALIFAX,MONTRÉAL,2025-04-25,9,Petit Rocher,PROC,2025-04-25T23:14:43Z,2025-04-25T23:17:00Z,ARR,goo,-2.0
15,True,True,HALIFAX,MONTRÉAL,2025-04-25,10,Jacquet River,JACR,2025-04-25T23:42:07Z,2025-04-25T23:40:01Z,ARR,goo,2.0
15,True,True,HALIFAX,MONTRÉAL,2025-04-25,11,Charlo,CHLO,2025-04-26T00:17:05Z,2025-04-26T00:04:00Z,ARR,med,13.0
15,True,True,HALIFAX,MONTRÉAL,2025-04-25,12,Campbellton,CBTN,2025-04-26T01:05:45Z,2025-04-26T01:08:00Z,ARR,goo,-2.0
15,True,True,HALIFAX,MONTRÉAL,2025-04-25,13,Matapedia,MTPD,2025-04-26T01:53:57Z,2025-04-26T01:50:00Z,ARR,goo,3.0
15,True,True,HALIFAX,MONTRÉAL,2025-04-25,14,Causapscal,CAUS,2025-04-26T02:51:42Z,2025-04-26T02:39:00Z,ARR,med,12.0
15,True,True,HALIFAX,MONTRÉAL,2025-04-25,15,Amqui,AMQU,2025-04-26T03:14:40Z,2025-04-26T02:59:00Z,ARR,bad,15.0
15,True,True,HALIFAX,MONTRÉAL,2025-04-25,16,Sayabec,SAYA,2025-04-26T03:46:15Z,2025-04-26T03:21:00Z,ARR,bad,25.0
15,True,True,HALIFAX,MONTRÉAL,2025-04-25,17,Mont-Joli,MJLI,2025-04-26T04:52:04Z,2025-04-26T04:51:00Z,ARR,goo,1.0
15,True,True,HALIFAX,MONTRÉAL,2025-04-25,18,Rimouski,RMSK,2025-04-26T05:19:56Z,2025-04-26T05:24:00Z,ARR,goo,-4.0
15,True,True,HALIFAX,MONTRÉAL,2025-04-25,19,Trois Pistoles,TPIS,2025-04-26T06:38:05Z,2025-04-26T06:31:00Z,ARR,med,7.0
15,True,True,HALIFAX,MONTRÉAL,2025-04-25,20,Rivière-Du-Loup,RDLX,2025-04-26T07:16:40Z,2025-04-26T07:18:00Z,ARR,goo,-1.0
15,True,True,HALIFAX,MONTRÉAL,2025-04-25,21,La Pocatière,LPOC,2025-04-26T08:03:04Z,2025-04-26T08:05:00Z,ARR,goo,-1.0
15,True,True,HALIFAX,MONTRÉAL,2025-04-25,22,Montmagny,MMGY,2025-04-26T08:31:27Z,2025-04-26T08:39:00Z,ARR,goo,-7.0
15,True,True,HALIFAX,MONTRÉAL,2025-04-25,23,Ste-Foy,SFOY,2025-04-26T09:31:20Z,2025-04-26T10:13:00Z,ARR,goo,-41.0
15,True,True,HALIFAX,MONTRÉAL,2025-04-25,24,Drummondville,DRMV,2025-04-26T12:25:17Z,2025-04-26T12:20:00Z,ARR,med,5.0
15,True,True,HALIFAX,MONTRÉAL,2025-04-25,25,St. Hyacinthe,SHYA,2025-04-26T13:02:39Z,2025-04-26T13:00:00Z,ARR,goo,2.0
15,True,True,HALIFAX,MONTRÉAL,2025-04-25,26,St. Lambert,SLAM,2025-04-26T13:35:58Z,2025-04-26T13:34:00Z,ARR,goo,1.0
15,True,True,HALIFAX,MONTRÉAL,2025-04-25,27,Montréal,MTRL,2025-04-26T13:57:07Z,2025-04-26T13:53:00Z,ARR,goo,4.0
5,True,True,JASPER,PRINCE RUPERT,2025-04-25,0,Jasper,JASP,2025-04-25T16:45:00Z,2025-04-25T16:45:00Z,ARR,goo,0.0
5,True,True,JASPER,PRINCE RUPERT,2025-04-25,1,Harvey,HRVY,2025-04-25T18:27:07Z,2025-04-25T18:38:00Z,ARR,goo,-10.0
5,True,True,JASPER,PRINCE RUPERT,2025-04-25,2,Dunster,DNST,2025-04-25T19:19:04Z,2025-04-25T19:12:00Z,ARR,med,7.0
5,True,True,JASPER,PRINCE RUPERT,2025-04-25,3,Mcbride,MCBR,2025-04-25T19:51:21Z,2025-04-25T19:44:00Z,ARR,med,7.0
5,True,True,JASPER,PRINCE RUPERT,2025-04-25,4,Goat River,GOAT,2025-04-25T20:44:46Z,2025-04-25T20:41:00Z,ARR,goo,3.0
5,True,True,JASPER,PRINCE RUPERT,2025-04-25,5,Loos,LOOS,2025-04-25T20:59:56Z,2025-04-25T20:58:00Z,ARR,goo,1.0
5,True,True,JASPER,PRINCE RUPERT,2025-04-25,6,Dome Creek,DOMC,2025-04-25T21:36:29Z,2025-04-25T21:32:00Z,ARR,goo,4.0
5,True,True,JASPER,PRINCE RUPERT,2025-04-25,7,Bend,BEND,2025-04-25T21:38:43Z,2025-04-25T21:36:00Z,ARR,goo,2.0
5,True,True,JASPER,PRINCE RUPERT,2025-04-25,8,Penny,PENN,2025-04-25T23:01:38Z,2025-04-25T21:56:00Z,ARR,bad,65.0
5,True,True,JASPER,PRINCE RUPERT,2025-04-25,9,Longworth,LWTH,2025-04-25T23:13:46Z,2025-04-25T22:11:00Z,ARR,bad,62.0
5,True,True,JASPER,PRINCE RUPERT,2025-04-25,10,Hutton,HUTT,2025-04-25T23:23:35Z,2025-04-25T22:24:00Z,ARR,bad,59.0
5,True,True,JASPER,PRINCE RUPERT,2025-04-25,11,Sinclair Mills,SINM,2025-04-25T23:29:35Z,2025-04-25T22:30:00Z,ARR,bad,59.0
5,True,True,JASPER,PRINCE RUPERT,2025-04-25,12,Mcgregor,MCGR,2025-04-25T23:38:26Z,2025-04-25T22:43:00Z,ARR,bad,55.0
5,True,True,JASPER,PRINCE RUPERT,2025-04-25,13,Upper Fraser,UFRZ,2025-04-25T23:47:26Z,2025-04-25T22:52:00Z,ARR,bad,55.0
5,True,True,JASPER,PRINCE RUPERT,2025-04-25,14,Aleza Lake,ALZL,2025-04-25T23:56:26Z,2025-04-25T23:01:00Z,ARR,bad,55.0
5,True,True,JASPER,PRINCE RUPERT,2025-04-25,15,Willow River,WILR,2025-04-26T00:13:37Z,2025-04-25T23:31:00Z,ARR,bad,42.0
5,True,True,JASPER,PRINCE RUPERT,2025-04-25,16,Prince George,PGEO,2025-04-26T00:49:34Z,2025-04-26T00:08:00Z,ARR,bad,41.0
5,True,True,JASPER,PRINCE RUPERT,2025-04-25,17,Vanderhoof,VDRH,2025-04-26T16:49:28Z,2025-04-26T16:55:00Z,ARR,goo,-5.0
5,True,True,JASPER,PRINCE RUPERT,2025-04-25,18,Fort Fraser,FFRA,2025-04-26T17:40:33Z,2025-04-26T17:32:00Z,ARR,med,8.0
5,True,True,JASPER,PRINCE RUPERT,2025-04-25,19,Endako,ENDA,2025-04-26T18:09:10Z,2025-04-26T17:50:00Z,ARR,bad,19.0
5,True,True,JASPER,PRINCE RUPERT,2025-04-25,20,Burns Lake,BRNL,2025-04-26T18:55:54Z,2025-04-26T18:58:00Z,ARR,goo,-2.0
5,True,True,JASPER,PRINCE RUPERT,2025-04-25,21,Houston,HOUS,2025-04-26T20:11:23Z,2025-04-26T20:08:00Z,ARR,goo,3.0
5,True,True,JASPER,PRINCE RUPERT,2025-04-25,22,Telkwa,TELK,2025-04-26T20:53:13Z,2025-04-26T20:52:00Z,ARR,goo,1.0
5,True,True,JASPER,PRINCE RUPERT,2025-04-25,23,Smithers,SMTR,2025-04-26T21:04:41Z,2025-04-26T21:10:00Z,ARR,goo,-5.0
5,True,True,JASPER,PRINCE RUPERT,2025-04-25,24,New Hazelton,NHAZ,2025-04-26T22:28:55Z,2025-04-26T22:37:00Z,ARR,goo,-8.0
5,True,True,JASPER,PRINCE RUPERT,2025-04-25,25,Kitwanga,KITW,2025-04-26T23:31:21Z,2025-04-26T23:27:00Z,ARR,goo,4.0
5,True,True,JASPER,PRINCE RUPERT,2025-04-25,26,Cedarvale,CEDA,2025-04-26T23:49:16Z,2025-04-26T23:51:00Z,ARR,goo,-1.0
5,True,True,JASPER,PRINCE RUPERT,2025-04-25,27,Dorreen,DORR,2025-04-27T00:08:36Z,2025-04-27T00:12:00Z,ARR,goo,-3.0
5,True,True,JASPER,PRINCE RUPERT,2025-04-25,28,Pacific,PACI,2025-04-27T00:15:39Z,2025-04-27T00:21:00Z,ARR,goo,-5.0
5,True,True,JASPER,PRINCE RUPERT,2025-04-25,29,Usk,USKX,2025-04-27T00:30:46Z,2025-04-27T00:40:00Z,ARR,goo,-9.0
5,True,True,JASPER,PRINCE RUPERT,2025-04-25,30,Terrace,TRRC,2025-04-27T00:47:50Z,2025-04-27T01:00:00Z,ARR,goo,-12.0
5,True,True,JASPER,PRINCE RUPERT,2025-04-25,31,Kwinitsa,KWIN,2025-04-27T02:01:50Z,2025-04-27T02:09:00Z,ARR,goo,-7.0
5,True,True,JASPER,PRINCE RUPERT,2025-04-25,32,Cassiar Cannery,CASS,2025-04-27T02:38:57Z,2025-04-27T02:45:00Z,ARR,goo,-6.0
5,True,True,JASPER,PRINCE RUPERT,2025-04-25,33,Prince Rupert,PRUP,2025-04-27T03:07:16Z,2025-04-27T03:25:00Z,ARR,goo,-17.0
14,True,True,MONTRÉAL,HALIFAX,2025-04-25,0,Montréal,MTRL,2025-04-25T22:32:00Z,2025-04-25T22:30:00Z,ARR,goo,2.0
14,True,True,MONTRÉAL,HALIFAX,2025-04-25,1,St. Lambert,SLAM,2025-04-25T23:02:25Z,2025-04-25T22:45:00Z,ARR,bad,17.0
14,True,True,MONTRÉAL,HALIFAX,2025-04-25,2,St. Hyacinthe,SHYA,2025-04-25T23:39:33Z,2025-04-25T23:23:00Z,ARR,bad,16.0
14,True,True,MONTRÉAL,HALIFAX,2025-04-25,3,Drummondville,DRMV,2025-04-26T00:18:12Z,2025-04-26T00:04:00Z,ARR,med,14.0
14,True,True,MONTRÉAL,HALIFAX,2025-04-25,4,Ste-Foy,SFOY,2025-04-26T01:49:53Z,2025-04-26T01:48:00Z,ARR,goo,1.0
14,True,True,MONTRÉAL,HALIFAX,2025-04-25,5,Montmagny,MMGY,2025-04-26T04:17:18Z,2025-04-26T03:17:00Z,ARR,bad,60.0
14,True,True,MONTRÉAL,HALIFAX,2025-04-25,6,La Pocatière,LPOC,2025-04-26T04:44:40Z,2025-04-26T03:50:00Z,ARR,bad,54.0
14,True,True,MONTRÉAL,HALIFAX,2025-04-25,7,Rivière-Du-Loup,RDLX,2025-04-26T05:22:52Z,2025-04-26T04:31:00Z,ARR,bad,51.0
14,True,True,MONTRÉAL,HALIFAX,2025-04-25,8,Trois Pistoles,TPIS,2025-04-26T06:06:02Z,2025-04-26T05:15:00Z,ARR,bad,51.0
14,True,True,MONTRÉAL,HALIFAX,2025-04-25,9,Rimouski,RMSK,2025-04-26T07:00:55Z,2025-04-26T06:24:00Z,ARR,bad,36.0
14,True,True,MONTRÉAL,HALIFAX,2025-04-25,10,Mont-Joli,MJLI,2025-04-26T07:33:29Z,2025-04-26T07:04:00Z,ARR,bad,29.0
14,True,True,MONTRÉAL,HALIFAX,2025-04-25,11,Sayabec,SAYA,2025-04-26T08:37:25Z,2025-04-26T08:09:00Z,ARR,bad,28.0
14,True,True,MONTRÉAL,HALIFAX,2025-04-25,12,Amqui,AMQU,2025-04-26T09:07:14Z,2025-04-26T08:30:00Z,ARR,bad,37.0
14,True,True,MONTRÉAL,HALIFAX,2025-04-25,13,Causapscal,CAUS,2025-04-26T09:29:51Z,2025-04-26T08:52:00Z,ARR,bad,37.0
14,True,True,MONTRÉAL,HALIFAX,2025-04-25,14,Matapedia,MTPD,2025-04-26T10:21:45Z,2025-04-26T09:38:00Z,ARR,bad,43.0
14,True,True,MONTRÉAL,HALIFAX,2025-04-25,15,Campbellton,CBTN,2025-04-26T10:54:23Z,2025-04-26T10:23:00Z,ARR,bad,31.0
14,True,True,MONTRÉAL,HALIFAX,2025-04-25,16,Charlo,CHLO,2025-04-26T11:45:30Z,2025-04-26T11:06:00Z,ARR,bad,39.0
14,True,True,MONTRÉAL,HALIFAX,2025-04-25,17,Jacquet River,JACR,2025-04-26T12:23:04Z,2025-04-26T11:30:00Z,ARR,bad,53.0
14,True,True,MONTRÉAL,HALIFAX,2025-04-25,18,Petit Rocher,PROC,2025-04-26T12:52:46Z,2025-04-26T11:53:00Z,ARR,bad,59.0
14,True,True,MONTRÉAL,HALIFAX,2025-04-25,19,Bathurst,BTRS,2025-04-26T13:10:44Z,2025-04-26T12:42:00Z,ARR,bad,28.0
14,True,True,MONTRÉAL,HALIFAX,2025-04-25,20,Miramichi,MIRA,2025-04-26T14:51:22Z,2025-04-26T14:33:00Z,ARR,bad,18.0
14,True,True,MONTRÉAL,HALIFAX,2025-04-25,21,Rogersville,RGRV,2025-04-26T15:47:11Z,2025-04-26T15:28:00Z,ARR,bad,19.0
14,True,True,MONTRÉAL,HALIFAX,2025-04-25,22,Moncton,MCTN,2025-04-26T17:02:01Z,2025-04-26T16:38:00Z,ARR,bad,24.0
14,True,True,MONTRÉAL,HALIFAX,2025-04-25,23,Sackville,SACK,2025-04-26T18:16:09Z,2025-04-26T17:38:00Z,ARR,bad,38.0
14,True,True,MONTRÉAL,HALIFAX,2025-04-25,24,Amherst,AMHS,2025-04-26T18:30:12Z,2025-04-26T17:54:00Z,ARR,bad,36.0
14,True,True,MONTRÉAL,HALIFAX,2025-04-25,25,Springhill Jct,SPRJ,2025-04-26T18:54:45Z,2025-04-26T18:18:00Z,ARR,bad,36.0
14,True,True,MONTRÉAL,HALIFAX,2025-04-25,26,Truro,TRUR,2025-04-26T20:03:10Z,2025-04-26T19:32:00Z,ARR,bad,31.0
14,True,True,MONTRÉAL,HALIFAX,2025-04-25,27,Halifax,HLFX,2025-04-26T21:34:36Z,2025-04-26T21:06:00Z,ARR,bad,28.0
24,True,True,OTTAWA,QUÉBEC,2025-04-26,0,Ottawa,OTTW,2025-04-26T14:13:00Z,2025-04-26T14:13:00Z,ARR,goo,0.0
24,True,True,OTTAWA,QUÉBEC,2025-04-26,1,Alexandria,ALEX,2025-04-26T14:59:58Z,2025-04-26T15:03:00Z,ARR,goo,-3.0
24,True,True,OTTAWA,QUÉBEC,2025-04-26,2,Coteau,COTO,2025-04-26T15:23:23Z,2025-04-26T15:26:00Z,ARR,goo,-2.0
24,True,True,OTTAWA,QUÉBEC,2025-04-26,3,Dorval,DORV,2025-04-26T15:45:50Z,2025-04-26T15:50:00Z,ARR,goo,-4.0
24,True,True,OTTAWA,QUÉBEC,2025-04-26,4,Montréal,MTRL,2025-04-26T16:16:24Z,2025-04-26T16:15:00Z,ARR,goo,1.0
24,True,True,OTTAWA,QUÉBEC,2025-04-26,5,St. Lambert,SLAM,2025-04-26T17:02:16Z,2025-04-26T16:58:00Z,ARR,goo,4.0
24,True,True,OTTAWA,QUÉBEC,2025-04-26,6,St. Hyacinthe,SHYA,2025-04-26T17:32:10Z,2025-04-26T17:26:00Z,ARR,med,6.0
24,True,True,OTTAWA,QUÉBEC,2025-04-26,7,Drummondville,DRMV,2025-04-26T18:02:32Z,2025-04-26T17:54:00Z,ARR,med,8.0
24,True,True,OTTAWA,QUÉBEC,2025-04-26,8,Charny,CHNY,2025-04-26T19:37:34Z,2025-04-26T19:38:00Z,ARR,goo,0.0
24,True,True,OTTAWA,QUÉBEC,2025-04-26,9,Ste-Foy,SFOY,2025-04-26T19:53:10Z,2025-04-26T19:45:00Z,ARR,med,8.0
24,True,True,OTTAWA,QUÉBEC,2025-04-26,10,Québec,QBEC,2025-04-26T20:23:19Z,2025-04-26T20:12:00Z,ARR,med,11.0
37,True,True,QUÉBEC,OTTAWA,2025-04-26,0,Québec,QBEC,2025-04-26T16:32:00Z,2025-04-26T16:32:00Z,ARR,goo,0.0
37,True,True,QUÉBEC,OTTAWA,2025-04-26,1,Ste-Foy,SFOY,2025-04-26T16:57:30Z,2025-04-26T16:57:00Z,ARR,goo,0.0
37,True,True,QUÉBEC,OTTAWA,2025-04-26,2,Drummondville,DRMV,2025-04-26T18:55:34Z,2025-04-26T18:44:00Z,ARR,med,11.0
37,True,True,QUÉBEC,OTTAWA,2025-04-26,3,St. Hyacinthe,SHYA,2025-04-26T19:30:02Z,2025-04-26T19:12:00Z,ARR,bad,18.0
37,True,True,QUÉBEC,OTTAWA,2025-04-26,4,St. Lambert,SLAM,2025-04-26T20:05:05Z,2025-04-26T19:39:00Z,ARR,bad,26.0
37,True,True,QUÉBEC,OTTAWA,2025-04-26,5,Montréal,MTRL,2025-04-26T20:21:57Z,2025-04-26T19:54:00Z,ARR,bad,27.0
37,True,True,QUÉBEC,OTTAWA,2025-04-26,6,Dorval,DORV,2025-04-26T21:20:51Z,2025-04-26T20:54:00Z,ARR,bad,26.0
37,True,True,QUÉBEC,OTTAWA,2025-04-26,7,Coteau,COTO,2025-04-26T21:53:09Z,2025-04-26T21:23:00Z,ARR,bad,30.0
37,True,True,QUÉBEC,OTTAWA,2025-04-26,8,Alexandria,ALEX,2025-04-26T22:13:32Z,2025-04-26T21:45:00Z,ARR,bad,28.0
37,True,True,QUÉBEC,OTTAWA,2025-04-26,9,Ottawa,OTTW,2025-04-26T23:05:24Z,2025-04-26T22:37:00Z,ARR,bad,28.0
41,True,True,OTTAWA,TORONTO,2025-04-26,0,Ottawa,OTTW,2025-04-26T09:21:00Z,2025-04-26T09:21:00Z,ARR,goo,0.0
41,True,True,OTTAWA,TORONTO,2025-04-26,1,Fallowfield,FALL,2025-04-26T09:36:17Z,2025-04-26T09:38:00Z,ARR,goo,-1.0
41,True,True,OTTAWA,TORONTO,2025-04-26,2,Smiths Falls,SMTF,2025-04-26T10:08:52Z,2025-04-26T10:08:00Z,ARR,goo,0.0
41,True,True,OTTAWA,TORONTO,2025-04-26,3,Brockville,BRKV,2025-04-26T10:40:46Z,2025-04-26T10:40:00Z,ARR,goo,0.0
41,True,True,OTTAWA,TORONTO,2025-04-26,4,Kingston,KGON,2025-04-26T11:24:58Z,2025-04-26T11:25:00Z,ARR,goo,0.0
41,True,True,OTTAWA,TORONTO,2025-04-26,5,Napanee,NAPN,2025-04-26T11:48:17Z,2025-04-26T11:49:00Z,ARR,goo,0.0
41,True,True,OTTAWA,TORONTO,2025-04-26,6,Belleville,BLVL,2025-04-26T12:07:00Z,2025-04-26T12:07:00Z,ARR,goo,0.0
41,True,True,OTTAWA,TORONTO,2025-04-26,7,Trenton Jct.,TRNJ,2025-04-26T12:21:17Z,2025-04-26T12:20:00Z,ARR,goo,1.0
41,True,True,OTTAWA,TORONTO,2025-04-26,8,Cobourg,CBRG,2025-04-26T12:47:17Z,2025-04-26T12:44:00Z,ARR,goo,3.0
41,True,True,OTTAWA,TORONTO,2025-04-26,9,Oshawa,OSHA,2025-04-26T13:19:55Z,2025-04-26T13:19:00Z,ARR,goo,0.0
41,True,True,OTTAWA,TORONTO,2025-04-26,10,Toronto,TRTO,2025-04-26T14:06:22Z,2025-04-26T14:02:00Z,ARR,goo,4.0
50,True,True,TORONTO,OTTAWA,2025-04-26,0,Toronto,TRTO,2025-04-26T10:32:16Z,2025-04-26T10:32:00Z,ARR,goo,0.0
50,True,True,TORONTO,OTTAWA,2025-04-26,1,Guildwood,GUIL,2025-04-26T10:49:00Z,2025-04-26T10:50:00Z,ARR,goo,-1.0
50,True,True,TORONTO,OTTAWA,2025-04-26,2,Oshawa,OSHA,2025-04-26T11:09:17Z,2025-04-26T11:08:00Z,ARR,goo,1.0
50,True,True,TORONTO,OTTAWA,2025-04-26,3,Cobourg,CBRG,2025-04-26T11:45:43Z,2025-04-26T11:43:00Z,ARR,goo,2.0
50,True,True,TORONTO,OTTAWA,2025-04-26,4,Belleville,BLVL,2025-04-26T12:19:24Z,2025-04-26T12:18:00Z,ARR,goo,1.0
50,True,True,TORONTO,OTTAWA,2025-04-26,5,Kingston,KGON,2025-04-26T12:56:52Z,2025-04-26T12:57:00Z,ARR,goo,0.0
50,True,True,TORONTO,OTTAWA,2025-04-26,6,Brockville,BRKV,2025-04-26T14:05:24Z,2025-04-26T13:54:00Z,ARR,med,11.0
50,True,True,TORONTO,OTTAWA,2025-04-26,7,Smiths Falls,SMTF,2025-04-26T14:29:16Z,2025-04-26T14:29:00Z,ARR,goo,0.0
50,True,True,TORONTO,OTTAWA,2025-04-26,8,Fallowfield,FALL,2025-04-26T14:55:46Z,2025-04-26T15:01:00Z,ARR,goo,-5.0
50,True,True,TORONTO,OTTAWA,2025-04-26,9,Ottawa,OTTW,2025-04-26T15:14:35Z,2025-04-26T15:21:00Z,ARR,goo,-6.0
52,True,True,TORONTO,OTTAWA,2025-04-26,0,Toronto,TRTO,2025-04-26T12:32:00Z,2025-04-26T12:32:00Z,ARR,goo,0.0
52,True,True,TORONTO,OTTAWA,2025-04-26,1,Guildwood,GUIL,2025-04-26T12:48:41Z,2025-04-26T12:50:00Z,ARR,goo,-1.0
52,True,True,TORONTO,OTTAWA,2025-04-26,2,Oshawa,OSHA,2025-04-26T13:09:28Z,2025-04-26T13:09:00Z,ARR,goo,0.0
52,True,True,TORONTO,OTTAWA,2025-04-26,3,Cobourg,CBRG,2025-04-26T13:44:14Z,2025-04-26T13:44:00Z,ARR,goo,0.0
52,True,True,TORONTO,OTTAWA,2025-04-26,4,Belleville,BLVL,2025-04-26T14:19:49Z,2025-04-26T14:20:00Z,ARR,goo,0.0
52,True,True,TORONTO,OTTAWA,2025-04-26,5,Kingston,KGON,2025-04-26T15:09:13Z,2025-04-26T15:00:00Z,ARR,med,9.0
52,True,True,TORONTO,OTTAWA,2025-04-26,6,Brockville,BRKV,2025-04-26T16:13:59Z,2025-04-26T15:57:00Z,ARR,bad,16.0
52,True,True,TORONTO,OTTAWA,2025-04-26,7,Smiths Falls,SMTF,2025-04-26T16:48:09Z,2025-04-26T16:35:00Z,ARR,med,13.0
52,True,True,TORONTO,OTTAWA,2025-04-26,8,Fallowfield,FALL,2025-04-26T17:18:54Z,2025-04-26T17:11:00Z,ARR,med,7.0
52,True,True,TORONTO,OTTAWA,2025-04-26,9,Ottawa,OTTW,2025-04-26T17:38:14Z,2025-04-26T17:32:00Z,ARR,med,6.0
53,True,True,OTTAWA,TORONTO,2025-04-26,0,Ottawa,OTTW,2025-04-26T15:43:00Z,2025-04-26T15:43:00Z,ARR,goo,0.0
53,True,True,OTTAWA,TORONTO,2025-04-26,1,Fallowfield,FALL,2025-04-26T15:58:26Z,2025-04-26T16:00:00Z,ARR,goo,-1.0
53,True,True,OTTAWA,TORONTO,2025-04-26,2,Brockville,BRKV,2025-04-26T17:06:21Z,2025-04-26T17:01:00Z,ARR,med,5.0
53,True,True,OTTAWA,TORONTO,2025-04-26,3,Gananoque,GANA,2025-04-26T17:36:36Z,2025-04-26T17:31:00Z,ARR,med,5.0
53,True,True,OTTAWA,TORONTO,2025-04-26,4,Kingston,KGON,2025-04-26T17:57:14Z,2025-04-26T17:54:00Z,ARR,goo,3.0
53,True,True,OTTAWA,TORONTO,2025-04-26,5,Belleville,BLVL,2025-04-26T18:36:22Z,2025-04-26T18:36:00Z,ARR,goo,0.0
53,True,True,OTTAWA,TORONTO,2025-04-26,6,Cobourg,CBRG,2025-04-26T19:25:07Z,2025-04-26T19:12:00Z,ARR,med,13.0
53,True,True,OTTAWA,TORONTO,2025-04-26,7,Oshawa,OSHA,2025-04-26T19:58:44Z,2025-04-26T19:48:00Z,ARR,med,10.0
53,True,True,OTTAWA,TORONTO,2025-04-26,8,Toronto,TRTO,2025-04-26T20:58:08Z,2025-04-26T20:33:00Z,ARR,bad,25.0
60,True,True,TORONTO,MONTRÉAL,2025-04-26,0,Toronto,TRTO,2025-04-26T10:32:00Z,2025-04-26T10:32:00Z,ARR,goo,0.0
60,True,True,TORONTO,MONTRÉAL,2025-04-26,1,Guildwood,GUIL,2025-04-26T10:48:48Z,2025-04-26T10:50:00Z,ARR,goo,-1.0
60,True,True,TORONTO,MONTRÉAL,2025-04-26,2,Oshawa,OSHA,2025-04-26T11:09:07Z,2025-04-26T11:08:00Z,ARR,goo,1.0
60,True,True,TORONTO,MONTRÉAL,2025-04-26,3,Cobourg,CBRG,2025-04-26T11:45:36Z,2025-04-26T11:43:00Z,ARR,goo,2.0
60,True,True,TORONTO,MONTRÉAL,2025-04-26,4,Belleville,BLVL,2025-04-26T12:19:20Z,2025-04-26T12:18:00Z,ARR,goo,1.0
60,True,True,TORONTO,MONTRÉAL,2025-04-26,5,Kingston,KGON,2025-04-26T12:56:40Z,2025-04-26T12:57:00Z,ARR,goo,0.0
60,True,True,TORONTO,MONTRÉAL,2025-04-26,6,Cornwall,CWLL,2025-04-26T14:44:00Z,2025-04-26T14:38:00Z,ARR,med,6.0
60,True,True,TORONTO,MONTRÉAL,2025-04-26,7,Dorval,DORV,2025-04-26T15:57:26Z,2025-04-26T15:25:00Z,ARR,bad,32.0
60,True,True,TORONTO,MONTRÉAL,2025-04-26,8,Montréal,MTRL,2025-04-26T16:28:17Z,2025-04-26T15:50:00Z,ARR,bad,38.0
61,True,True,MONTRÉAL,TORONTO,2025-04-26,0,Montréal,MTRL,2025-04-26T10:45:00Z,2025-04-26T10:45:00Z,ARR,goo,0.0
61,True,True,MONTRÉAL,TORONTO,2025-04-26,1,Dorval,DORV,2025-04-26T11:08:33Z,2025-04-26T11:08:00Z,ARR,goo,0.0
61,True,True,MONTRÉAL,TORONTO,2025-04-26,2,Cornwall,CWLL,2025-04-26T12:02:42Z,2025-04-26T12:01:00Z,ARR,goo,1.0
61,True,True,MONTRÉAL,TORONTO,2025-04-26,3,Kingston,KGON,2025-04-26T13:33:37Z,2025-04-26T13:29:00Z,ARR,goo,4.0
61,True,True,MONTRÉAL,TORONTO,2025-04-26,4,Belleville,BLVL,2025-04-26T14:15:52Z,2025-04-26T14:11:00Z,ARR,goo,4.0
61,True,True,MONTRÉAL,TORONTO,2025-04-26,5,Oshawa,OSHA,2025-04-26T15:21:15Z,2025-04-26T15:19:00Z,ARR,goo,2.0
61,True,True,MONTRÉAL,TORONTO,2025-04-26,6,Guildwood,GUIL,2025-04-26T15:45:10Z,2025-04-26T15:43:00Z,ARR,goo,2.0
61,True,True,MONTRÉAL,TORONTO,2025-04-26,7,Toronto,TRTO,2025-04-26T16:14:28Z,2025-04-26T16:03:00Z,ARR,med,11.0
64,True,True,TORONTO,MONTRÉAL,2025-04-26,0,Toronto,TRTO,2025-04-26T15:37:02Z,2025-04-26T15:37:00Z,ARR,goo,0.0
64,True,True,TORONTO,MONTRÉAL,2025-04-26,1,Guildwood,GUIL,2025-04-26T15:53:48Z,2025-04-26T15:55:00Z,ARR,goo,-1.0
64,True,True,TORONTO,MONTRÉAL,2025-04-26,2,Oshawa,OSHA,2025-04-26T16:16:03Z,2025-04-26T16:09:00Z,ARR,med,7.0
64,True,True,TORONTO,MONTRÉAL,2025-04-26,3,Cobourg,CBRG,2025-04-26T16:55:49Z,2025-04-26T16:46:00Z,ARR,med,9.0
64,True,True,TORONTO,MONTRÉAL,2025-04-26,4,Belleville,BLVL,2025-04-26T17:53:28Z,2025-04-26T17:22:00Z,ARR,bad,31.0
64,True,True,TORONTO,MONTRÉAL,2025-04-26,5,Kingston,KGON,2025-04-26T18:31:37Z,2025-04-26T18:03:00Z,ARR,bad,28.0
64,True,True,TORONTO,MONTRÉAL,2025-04-26,6,Brockville,BRKV,2025-04-26T19:18:44Z,2025-04-26T18:52:00Z,ARR,bad,26.0
64,True,True,TORONTO,MONTRÉAL,2025-04-26,7,Cornwall,CWLL,2025-04-26T20:04:40Z,2025-04-26T19:42:00Z,ARR,bad,22.0
64,True,True,TORONTO,MONTRÉAL,2025-04-26,8,Dorval,DORV,2025-04-26T20:57:18Z,2025-04-26T20:37:00Z,ARR,bad,20.0
64,True,True,TORONTO,MONTRÉAL,2025-04-26,9,Montréal,MTRL,2025-04-26T21:24:25Z,2025-04-26T21:05:00Z,ARR,bad,19.0
65,True,True,MONTRÉAL,TORONTO,2025-04-26,0,Montréal,MTRL,2025-04-26T14:49:00Z,2025-04-26T14:49:00Z,ARR,goo,0.0
65,True,True,MONTRÉAL,TORONTO,2025-04-26,1,Dorval,DORV,2025-04-26T15:12:04Z,2025-04-26T15:12:00Z,ARR,goo,0.0
65,True,True,MONTRÉAL,TORONTO,2025-04-26,2,Cornwall,CWLL,2025-04-26T16:09:06Z,2025-04-26T16:06:00Z,ARR,goo,3.0
65,True,True,MONTRÉAL,TORONTO,2025-04-26,3,Kingston,KGON,2025-04-26T17:39:26Z,2025-04-26T17:36:00Z,ARR,goo,3.0
65,True,True,MONTRÉAL,TORONTO,2025-04-26,4,Belleville,BLVL,2025-04-26T18:21:41Z,2025-04-26T18:20:00Z,ARR,goo,1.0
65,True,True,MONTRÉAL,TORONTO,2025-04-26,5,Cobourg,CBRG,2025-04-26T19:16:49Z,2025-04-26T18:58:00Z,ARR,bad,18.0
65,True,True,MONTRÉAL,TORONTO,2025-04-26,6,Oshawa,OSHA,2025-04-26T19:50:16Z,2025-04-26T19:34:00Z,ARR,bad,16.0
65,True,True,MONTRÉAL,TORONTO,2025-04-26,7,Toronto,TRTO,2025-04-26T20:47:42Z,2025-04-26T20:18:00Z,ARR,bad,29.0
67,True,True,MONTRÉAL,TORONTO,2025-04-26,0,Montréal,MTRL,2025-04-26T17:22:00Z,2025-04-26T17:22:00Z,ARR,goo,0.0
67,True,True,MONTRÉAL,TORONTO,2025-04-26,1,Dorval,DORV,2025-04-26T17:46:03Z,2025-04-26T17:47:00Z,ARR,goo,0.0
67,True,True,MONTRÉAL,TORONTO,2025-04-26,2,Cornwall,CWLL,2025-04-26T18:39:17Z,2025-04-26T18:38:00Z,ARR,goo,1.0
67,True,True,MONTRÉAL,TORONTO,2025-04-26,3,Kingston,KGON,2025-04-26T20:15:35Z,2025-04-26T20:03:00Z,ARR,med,12.0
67,True,True,MONTRÉAL,TORONTO,2025-04-26,4,Belleville,BLVL,2025-04-26T20:57:21Z,2025-04-26T20:42:00Z,ARR,bad,15.0
67,True,True,MONTRÉAL,TORONTO,2025-04-26,5,Cobourg,CBRG,2025-04-26T22:24:46Z,2025-04-26T21:17:00Z,ARR,bad,67.0
67,True,True,MONTRÉAL,TORONTO,2025-04-26,6,Oshawa,OSHA,2025-04-26T22:57:56Z,2025-04-26T21:50:00Z,ARR,bad,67.0
67,True,True,MONTRÉAL,TORONTO,2025-04-26,7,Toronto,TRTO,2025-04-26T23:48:02Z,2025-04-26T22:45:00Z,ARR,bad,63.0
70,True,True,WINDSOR,TORONTO,2025-04-26,0,Windsor,WDON,2025-04-26T09:35:00Z,2025-04-26T09:35:00Z,ARR,goo,0.0
70,True,True,WINDSOR,TORONTO,2025-04-26,1,Chatham,CHAT,2025-04-26T10:16:17Z,2025-04-26T10:19:00Z,ARR,goo,-2.0
70,True,True,WINDSOR,TORONTO,2025-04-26,2,London,LNDN,2025-04-26T11:32:02Z,2025-04-26T11:25:00Z,ARR,med,7.0
70,True,True,WINDSOR,TORONTO,2025-04-26,3,Ingersoll,INGR,2025-04-26T11:59:34Z,2025-04-26T11:55:00Z,ARR,goo,4.0
70,True,True,WINDSOR,TORONTO,2025-04-26,4,Woodstock,WDST,2025-04-26T12:10:53Z,2025-04-26T12:08:00Z,ARR,goo,2.0
70,True,True,WINDSOR,TORONTO,2025-04-26,5,Brantford,BRTF,2025-04-26T12:39:50Z,2025-04-26T12:44:00Z,ARR,goo,-4.0
70,True,True,WINDSOR,TORONTO,2025-04-26,6,Aldershot,ALDR,2025-04-26T13:18:46Z,2025-04-26T13:25:00Z,ARR,goo,-6.0
70,True,True,WINDSOR,TORONTO,2025-04-26,7,Oakville,OAKV,2025-04-26T13:45:08Z,2025-04-26T13:43:00Z,ARR,goo,2.0
70,True,True,WINDSOR,TORONTO,2025-04-26,8,Toronto,TRTO,2025-04-26T14:10:11Z,2025-04-26T14:10:00Z,ARR,goo,0.0
71,True,True,TORONTO,WINDSOR,2025-04-26,0,Toronto,TRTO,2025-04-26T10:50:00Z,2025-04-26T10:50:00Z,ARR,goo,0.0
71,True,True,TORONTO,WINDSOR,2025-04-26,1,Oakville,OAKV,2025-04-26T11:15:50Z,2025-04-26T11:13:00Z,ARR,goo,2.0
71,True,True,TORONTO,WINDSOR,2025-04-26,2,Aldershot,ALDR,2025-04-26T11:32:42Z,2025-04-26T11:29:00Z,ARR,goo,3.0
71,True,True,TORONTO,WINDSOR,2025-04-26,3,Brantford,BRTF,2025-04-26T12:05:58Z,2025-04-26T11:55:00Z,ARR,med,10.0
71,True,True,TORONTO,WINDSOR,2025-04-26,4,Woodstock,WDST,2025-04-26T12:38:25Z,2025-04-26T12:30:00Z,ARR,med,8.0
71,True,True,TORONTO,WINDSOR,2025-04-26,5,Ingersoll,INGR,2025-04-26T12:49:50Z,2025-04-26T12:43:00Z,ARR,med,6.0
71,True,True,TORONTO,WINDSOR,2025-04-26,6,London,LNDN,2025-04-26T13:12:32Z,2025-04-26T13:06:00Z,ARR,med,6.0
71,True,True,TORONTO,WINDSOR,2025-04-26,7,Glencoe,GLNC,2025-04-26T13:44:38Z,2025-04-26T13:39:00Z,ARR,med,5.0
71,True,True,TORONTO,WINDSOR,2025-04-26,8,Chatham,CHAT,2025-04-26T14:39:10Z,2025-04-26T14:18:00Z,ARR,bad,21.0
71,True,True,TORONTO,WINDSOR,2025-04-26,9,Windsor,WDON,2025-04-26T15:23:19Z,2025-04-26T15:08:00Z,ARR,bad,15.0
72,True,True,WINDSOR,TORONTO,2025-04-26,0,Windsor,WDON,2025-04-26T12:43:00Z,2025-04-26T12:43:00Z,ARR,goo,0.0
72,True,True,WINDSOR,TORONTO,2025-04-26,1,Chatham,CHAT,2025-04-26T13:24:25Z,2025-04-26T13:25:00Z,ARR,goo,0.0
72,True,True,WINDSOR,TORONTO,2025-04-26,2,Glencoe,GLNC,2025-04-26T14:07:35Z,2025-04-26T14:05:00Z,ARR,goo,2.0
72,True,True,WINDSOR,TORONTO,2025-04-26,3,London,LNDN,2025-04-26T14:40:24Z,2025-04-26T14:39:00Z,ARR,goo,1.0
72,True,True,WINDSOR,TORONTO,2025-04-26,4,Ingersoll,INGR,2025-04-26T15:07:20Z,2025-04-26T15:07:00Z,ARR,goo,0.0
72,True,True,WINDSOR,TORONTO,2025-04-26,5,Woodstock,WDST,2025-04-26T15:19:07Z,2025-04-26T15:23:00Z,ARR,goo,-3.0
72,True,True,WINDSOR,TORONTO,2025-04-26,6,Brantford,BRTF,2025-04-26T15:52:47Z,2025-04-26T15:55:00Z,ARR,goo,-2.0
72,True,True,WINDSOR,TORONTO,2025-04-26,7,Aldershot,ALDR,2025-04-26T16:25:49Z,2025-04-26T16:29:00Z,ARR,goo,-3.0
72,True,True,WINDSOR,TORONTO,2025-04-26,8,Oakville,OAKV,2025-04-26T16:45:00Z,2025-04-26T16:45:00Z,ARR,goo,0.0
72,True,True,WINDSOR,TORONTO,2025-04-26,9,Toronto,TRTO,2025-04-26T17:09:06Z,2025-04-26T17:11:00Z,ARR,goo,-1.0
73,True,True,TORONTO,WINDSOR,2025-04-26,0,Toronto,TRTO,2025-04-26T15:34:07Z,2025-04-26T15:30:00Z,ARR,goo,4.0
73,True,True,TORONTO,WINDSOR,2025-04-26,1,Oakville,OAKV,2025-04-26T15:57:28Z,2025-04-26T15:51:00Z,ARR,med,6.0
73,True,True,TORONTO,WINDSOR,2025-04-26,2,Aldershot,ALDR,2025-04-26T16:12:47Z,2025-04-26T16:09:00Z,ARR,goo,3.0
73,True,True,TORONTO,WINDSOR,2025-04-26,3,Brantford,BRTF,2025-04-26T16:52:57Z,2025-04-26T16:40:00Z,ARR,med,12.0
73,True,True,TORONTO,WINDSOR,2025-04-26,4,Woodstock,WDST,2025-04-26T17:21:38Z,2025-04-26T17:09:00Z,ARR,med,12.0
73,True,True,TORONTO,WINDSOR,2025-04-26,5,London,LNDN,2025-04-26T17:56:00Z,2025-04-26T17:38:00Z,ARR,bad,18.0
73,True,True,TORONTO,WINDSOR,2025-04-26,6,Chatham,CHAT,2025-04-26T19:08:40Z,2025-04-26T18:50:00Z,ARR,bad,18.0
73,True,True,TORONTO,WINDSOR,2025-04-26,7,Windsor,WDON,2025-04-26T19:53:42Z,2025-04-26T19:45:00Z,ARR,med,8.0
82,True,True,LONDON,TORONTO,2025-04-26,0,London,LNDN,2025-04-26T10:25:00Z,2025-04-26T10:25:00Z,ARR,goo,0.0
82,True,True,LONDON,TORONTO,2025-04-26,1,Woodstock,WDST,2025-04-26T10:51:47Z,2025-04-26T10:53:00Z,ARR,goo,-1.0
82,True,True,LONDON,TORONTO,2025-04-26,2,Brantford,BRTF,2025-04-26T11:21:17Z,2025-04-26T11:23:00Z,ARR,goo,-1.0
82,True,True,LONDON,TORONTO,2025-04-26,3,Toronto,TRTO,2025-04-26T12:26:16Z,2025-04-26T12:35:00Z,ARR,goo,-8.0
84,True,True,SARNIA,TORONTO,2025-04-26,0,Sarnia,SARN,2025-04-26T12:40:00Z,2025-04-26T12:40:00Z,ARR,goo,0.0
84,True,True,SARNIA,TORONTO,2025-04-26,1,Wyoming,WYOM,2025-04-26T13:10:29Z,2025-04-26T12:55:00Z,ARR,bad,15.0
84,True,True,SARNIA,TORONTO,2025-04-26,2,Strathroy,STRR,2025-04-26T13:35:00Z,2025-04-26T13:27:00Z,ARR,med,8.0
84,True,True,SARNIA,TORONTO,2025-04-26,3,London,LNDN,2025-04-26T13:58:12Z,2025-04-26T13:52:00Z,ARR,med,6.0
84,True,True,SARNIA,TORONTO,2025-04-26,4,St.Marys,SMYS,2025-04-26T14:54:38Z,2025-04-26T14:45:00Z,ARR,med,9.0
84,True,True,SARNIA,TORONTO,2025-04-26,5,Stratford,STRF,2025-04-26T15:34:16Z,2025-04-26T15:14:00Z,ARR,bad,20.0
84,True,True,SARNIA,TORONTO,2025-04-26,6,Kitchener,KITC,2025-04-26T16:19:08Z,2025-04-26T16:02:00Z,ARR,bad,17.0
84,True,True,SARNIA,TORONTO,2025-04-26,7,Guelph,GUEL,2025-04-26T16:40:06Z,2025-04-26T16:24:00Z,ARR,bad,16.0
84,True,True,SARNIA,TORONTO,2025-04-26,8,Georgetown,GEOR,2025-04-26T17:06:19Z,2025-04-26T16:47:00Z,ARR,bad,19.0
84,True,True,SARNIA,TORONTO,2025-04-26,9,Brampton,BRMP,2025-04-26T17:16:32Z,2025-04-26T16:59:00Z,ARR,bad,17.0
84,True,True,SARNIA,TORONTO,2025-04-26,10,Malton,MALT,2025-04-26T17:29:32Z,2025-04-26T17:11:00Z,ARR,bad,18.0
84,True,True,SARNIA,TORONTO,2025-04-26,11,Toronto,TRTO,2025-04-26T17:47:03Z,2025-04-26T17:38:00Z,ARR,med,9.0
644,True,True,TORONTO,OTTAWA,2025-04-26,0,Toronto,TRTO,2025-04-26T17:24:30Z,2025-04-26T17:22:00Z,ARR,goo,2.0
644,True,True,TORONTO,OTTAWA,2025-04-26,1,Oshawa,OSHA,2025-04-26T17:56:10Z,2025-04-26T17:53:00Z,ARR,goo,3.0
644,True,True,TORONTO,OTTAWA,2025-04-26,2,Cobourg,CBRG,2025-04-26T18:47:36Z,2025-04-26T18:28:00Z,ARR,bad,19.0
644,True,True,TORONTO,OTTAWA,2025-04-26,3,Belleville,BLVL,2025-04-26T19:24:54Z,2025-04-26T19:03:00Z,ARR,bad,21.0
644,True,True,TORONTO,OTTAWA,2025-04-26,4,Kingston,KGON,2025-04-26T20:09:44Z,2025-04-26T19:43:00Z,ARR,bad,26.0
644,True,True,TORONTO,OTTAWA,2025-04-26,5,Fallowfield,FALL,2025-04-26T22:14:17Z,2025-04-26T21:30:00Z,ARR,bad,44.0
644,True,True,TORONTO,OTTAWA,2025-04-26,6,Ottawa,OTTW,2025-04-26T22:43:28Z,2025-04-26T21:53:00Z,ARR,bad,50.0
97,True,True,TORONTO,NIAGARA FALLS,2025-04-26,0,Toronto,TRTO,2025-04-26T12:20:00Z,2025-04-26T12:20:00Z,ARR,goo,0.0
97,True,True,TORONTO,NIAGARA FALLS,2025-04-26,1,Oakville,OAKV,2025-04-26T12:43:00Z,2025-04-26T12:43:00Z,ARR,goo,0.0
97,True,True,TORONTO,NIAGARA FALLS,2025-04-26,2,Aldershot,ALDR,2025-04-26T12:56:00Z,2025-04-26T12:56:00Z,ARR,goo,0.0
97,True,True,TORONTO,NIAGARA FALLS,2025-04-26,3,Grimsby,GRIM,2025-04-26T13:37:00Z,2025-04-26T13:37:00Z,ARR,goo,0.0
97,True,True,TORONTO,NIAGARA FALLS,2025-04-26,4,St. Catharines,SCAT,2025-04-26T13:57:00Z,2025-04-26T13:57:00Z,ARR,goo,0.0
97,True,True,TORONTO,NIAGARA FALLS,2025-04-26,5,Niagara Falls,NIAG,2025-04-26T14:29:00Z,2025-04-26T14:20:00Z,ARR,med,9.0
643,True,True,OTTAWA,TORONTO,2025-04-26,0,Ottawa,OTTW,2025-04-26T12:29:00Z,2025-04-26T12:29:00Z,ARR,goo,0.0
643,True,True,OTTAWA,TORONTO,2025-04-26,1,Fallowfield,FALL,2025-04-26T12:46:13Z,2025-04-26T12:45:00Z,ARR,goo,1.0
643,True,True,OTTAWA,TORONTO,2025-04-26,2,Smiths Falls,SMTF,2025-04-26T13:16:27Z,2025-04-26T13:17:00Z,ARR,goo,0.0
643,True,True,OTTAWA,TORONTO,2025-04-26,3,Brockville,BRKV,2025-04-26T13:50:03Z,2025-04-26T13:49:00Z,ARR,goo,1.0
643,True,True,OTTAWA,TORONTO,2025-04-26,4,Kingston,KGON,2025-04-26T14:42:19Z,2025-04-26T14:32:00Z,ARR,med,10.0
643,True,True,OTTAWA,TORONTO,2025-04-26,5,Napanee,NAPN,2025-04-26T15:07:13Z,2025-04-26T14:57:00Z,ARR,med,10.0
643,True,True,OTTAWA,TORONTO,2025-04-26,6,Belleville,BLVL,2025-04-26T15:40:34Z,2025-04-26T15:17:00Z,ARR,bad,23.0
643,True,True,OTTAWA,TORONTO,2025-04-26,7,Trenton Jct.,TRNJ,2025-04-26T15:54:01Z,2025-04-26T15:31:00Z,ARR,bad,23.0
643,True,True,OTTAWA,TORONTO,2025-04-26,8,Cobourg,CBRG,2025-04-26T16:31:14Z,2025-04-26T15:57:00Z,ARR,bad,34.0
643,True,True,OTTAWA,TORONTO,2025-04-26,9,Port Hope,PHOP,2025-04-26T16:42:42Z,2025-04-26T16:07:00Z,ARR,bad,35.0
643,True,True,OTTAWA,TORONTO,2025-04-26,10,Oshawa,OSHA,2025-04-26T17:16:26Z,2025-04-26T16:35:00Z,ARR,bad,41.0
643,True,True,OTTAWA,TORONTO,2025-04-26,11,Guildwood,GUIL,2025-04-26T17:46:28Z,2025-04-26T16:58:00Z,ARR,bad,48.0
643,True,True,OTTAWA,TORONTO,2025-04-26,12,Toronto,TRTO,2025-04-26T18:06:49Z,2025-04-26T17:18:00Z,ARR,bad,48.0
62,True,True,TORONTO,MONTRÉAL,2025-04-26,0,Toronto,TRTO,2025-04-26T12:32:00Z,2025-04-26T12:32:00Z,ARR,goo,0.0
62,True,True,TORONTO,MONTRÉAL,2025-04-26,1,Guildwood,GUIL,2025-04-26T12:48:28Z,2025-04-26T12:50:00Z,ARR,goo,-1.0
62,True,True,TORONTO,MONTRÉAL,2025-04-26,2,Oshawa,OSHA,2025-04-26T13:09:23Z,2025-04-26T13:09:00Z,ARR,goo,0.0
62,True,True,TORONTO,MONTRÉAL,2025-04-26,3,Cobourg,CBRG,2025-04-26T13:44:09Z,2025-04-26T13:44:00Z,ARR,goo,0.0
62,True,True,TORONTO,MONTRÉAL,2025-04-26,4,Belleville,BLVL,2025-04-26T14:19:37Z,2025-04-26T14:20:00Z,ARR,goo,0.0
62,True,True,TORONTO,MONTRÉAL,2025-04-26,5,Kingston,KGON,2025-04-26T15:09:11Z,2025-04-26T15:00:00Z,ARR,med,9.0
62,True,True,TORONTO,MONTRÉAL,2025-04-26,6,Cornwall,CWLL,2025-04-26T16:50:27Z,2025-04-26T16:43:00Z,ARR,med,7.0
62,True,True,TORONTO,MONTRÉAL,2025-04-26,7,Dorval,DORV,2025-04-26T17:56:31Z,2025-04-26T17:34:00Z,ARR,bad,22.0
62,True,True,TORONTO,MONTRÉAL,2025-04-26,8,Montréal,MTRL,2025-04-26T18:21:27Z,2025-04-26T18:00:00Z,ARR,bad,21.0
633,True,True,MONTRÉAL,OTTAWA,2025-04-26,0,Montréal,MTRL,2025-04-26T13:00:00Z,2025-04-26T13:00:00Z,ARR,goo,0.0
633,True,True,MONTRÉAL,OTTAWA,2025-04-26,1,Dorval,DORV,2025-04-26T13:22:55Z,2025-04-26T13:24:00Z,ARR,goo,-1.0
633,True,True,MONTRÉAL,OTTAWA,2025-04-26,2,Alexandria,ALEX,2025-04-26T14:09:57Z,2025-04-26T14:11:00Z,ARR,goo,-1.0
633,True,True,MONTRÉAL,OTTAWA,2025-04-26,3,Casselman,CSLM,2025-04-26T14:41:57Z,2025-04-26T14:34:00Z,ARR,med,7.0
633,True,True,MONTRÉAL,OTTAWA,2025-04-26,4,Ottawa,OTTW,2025-04-26T15:07:59Z,2025-04-26T15:05:00Z,ARR,goo,2.0
622,True,True,MONTRÉAL,QUÉBEC,2025-04-26,0,Montréal,MTRL,2025-04-26T12:20:00Z,2025-04-26T12:20:00Z,ARR,goo,0.0
622,True,True,MONTRÉAL,QUÉBEC,2025-04-26,1,St. Lambert,SLAM,2025-04-26T12:34:50Z,2025-04-26T12:33:00Z,ARR,goo,1.0
622,True,True,MONTRÉAL,QUÉBEC,2025-04-26,2,St. Hyacinthe,SHYA,2025-04-26T13:07:54Z,2025-04-26T13:00:00Z,ARR,med,7.0
622,True,True,MONTRÉAL,QUÉBEC,2025-04-26,3,Drummondville,DRMV,2025-04-26T13:44:10Z,2025-04-26T13:29:00Z,ARR,bad,15.0
622,True,True,MONTRÉAL,QUÉBEC,2025-04-26,4,Ste-Foy,SFOY,2025-04-26T15:19:31Z,2025-04-26T15:11:00Z,ARR,med,8.0
622,True,True,MONTRÉAL,QUÉBEC,2025-04-26,5,Québec,QBEC,2025-04-26T15:46:06Z,2025-04-26T15:39:00Z,ARR,med,7.0
637,True,True,QUÉBEC,OTTAWA,2025-04-26,0,Québec,QBEC,2025-04-26T14:00:00Z,2025-04-26T14:00:00Z,ARR,goo,0.0
637,True,True,QUÉBEC,OTTAWA,2025-04-26,1,Ste-Foy,SFOY,2025-04-26T14:25:47Z,2025-04-26T14:25:00Z,ARR,goo,0.0
637,True,True,QUÉBEC,OTTAWA,2025-04-26,2,Drummondville,DRMV,2025-04-26T16:08:29Z,2025-04-26T16:08:00Z,ARR,goo,0.0
637,True,True,QUÉBEC,OTTAWA,2025-04-26,3,St. Lambert,SLAM,2025-04-26T17:21:00Z,2025-04-26T17:16:00Z,ARR,med,5.0
637,True,True,QUÉBEC,OTTAWA,2025-04-26,4,Montréal,MTRL,2025-04-26T17:36:15Z,2025-04-26T17:31:00Z,ARR,med,5.0
637,True,True,QUÉBEC,OTTAWA,2025-04-26,5,Dorval,DORV,2025-04-26T18:22:06Z,2025-04-26T18:20:00Z,ARR,goo,2.0
637,True,True,QUÉBEC,OTTAWA,2025-04-26,6,Alexandria,ALEX,2025-04-26T19:18:30Z,2025-04-26T19:10:00Z,ARR,med,8.0
637,True,True,QUÉBEC,OTTAWA,2025-04-26,7,Ottawa,OTTW,2025-04-26T20:03:41Z,2025-04-26T19:56:00Z,ARR,med,7.0
47,True,True,OTTAWA,TORONTO,2025-04-26,0,Ottawa,OTTW,2025-04-26T16:23:00Z,2025-04-26T16:23:00Z,ARR,goo,0.0
47,True,True,OTTAWA,TORONTO,2025-04-26,1,Fallowfield,FALL,2025-04-26T16:38:08Z,2025-04-26T16:40:00Z,ARR,goo,-1.0
47,True,True,OTTAWA,TORONTO,2025-04-26,2,Smiths Falls,SMTF,2025-04-26T17:13:23Z,2025-04-26T17:18:00Z,ARR,goo,-4.0
47,True,True,OTTAWA,TORONTO,2025-04-26,3,Brockville,BRKV,2025-04-26T17:58:58Z,2025-04-26T17:54:00Z,ARR,goo,4.0
47,True,True,OTTAWA,TORONTO,2025-04-26,4,Gananoque,GANA,2025-04-26T18:24:41Z,2025-04-26T18:22:00Z,ARR,goo,2.0
47,True,True,OTTAWA,TORONTO,2025-04-26,5,Kingston,KGON,2025-04-26T18:42:52Z,2025-04-26T18:45:00Z,ARR,goo,-2.0
47,True,True,OTTAWA,TORONTO,2025-04-26,6,Belleville,BLVL,2025-04-26T19:23:28Z,2025-04-26T19:26:00Z,ARR,goo,-2.0
47,True,True,OTTAWA,TORONTO,2025-04-26,7,Oshawa,OSHA,2025-04-26T20:31:05Z,2025-04-26T20:33:00Z,ARR,goo,-1.0
47,True,True,OTTAWA,TORONTO,2025-04-26,8,Guildwood,GUIL,2025-04-26T21:13:28Z,2025-04-26T20:58:00Z,ARR,bad,15.0
47,True,True,OTTAWA,TORONTO,2025-04-26,9,Toronto,TRTO,2025-04-26T21:33:14Z,2025-04-26T21:30:00Z,ARR,goo,3.0
624,True,True,OTTAWA,QUÉBEC,2025-04-26,0,Ottawa,OTTW,2025-04-26T11:45:00Z,2025-04-26T11:45:00Z,ARR,goo,0.0
624,True,True,OTTAWA,QUÉBEC,2025-04-26,1,Alexandria,ALEX,2025-04-26T12:27:42Z,2025-04-26T12:31:00Z,ARR,goo,-3.0
624,True,True,OTTAWA,QUÉBEC,2025-04-26,2,Dorval,DORV,2025-04-26T13:15:11Z,2025-04-26T13:16:00Z,ARR,goo,0.0
624,True,True,OTTAWA,QUÉBEC,2025-04-26,3,Montréal,MTRL,2025-04-26T13:41:51Z,2025-04-26T13:39:00Z,ARR,goo,2.0
624,True,True,OTTAWA,QUÉBEC,2025-04-26,4,St. Lambert,SLAM,2025-04-26T14:29:22Z,2025-04-26T14:28:00Z,ARR,goo,1.0
624,True,True,OTTAWA,QUÉBEC,2025-04-26,5,St. Hyacinthe,SHYA,2025-04-26T15:04:06Z,2025-04-26T15:06:00Z,ARR,goo,-1.0
624,True,True,OTTAWA,QUÉBEC,2025-04-26,6,Drummondville,DRMV,2025-04-26T15:46:31Z,2025-04-26T15:34:00Z,ARR,med,12.0
624,True,True,OTTAWA,QUÉBEC,2025-04-26,7,Charny,CHNY,2025-04-26T17:30:23Z,2025-04-26T17:13:00Z,ARR,bad,17.0
624,True,True,OTTAWA,QUÉBEC,2025-04-26,8,Ste-Foy,SFOY,2025-04-26T17:37:59Z,2025-04-26T17:20:00Z,ARR,bad,17.0
624,True,True,OTTAWA,QUÉBEC,2025-04-26,9,Québec,QBEC,2025-04-26T18:05:08Z,2025-04-26T17:48:00Z,ARR,bad,17.0
63,True,True,MONTRÉAL,TORONTO,2025-04-26,0,Montréal,MTRL,2025-04-26T12:46:00Z,2025-04-26T12:46:00Z,ARR,goo,0.0
63,True,True,MONTRÉAL,TORONTO,2025-04-26,1,Dorval,DORV,2025-04-26T13:10:52Z,2025-04-26T13:11:00Z,ARR,goo,0.0
63,True,True,MONTRÉAL,TORONTO,2025-04-26,2,Cornwall,CWLL,2025-04-26T14:00:49Z,2025-04-26T14:04:00Z,ARR,goo,-3.0
63,True,True,MONTRÉAL,TORONTO,2025-04-26,3,Brockville,BRKV,2025-04-26T14:48:38Z,2025-04-26T14:54:00Z,ARR,goo,-5.0
63,True,True,MONTRÉAL,TORONTO,2025-04-26,4,Kingston,KGON,2025-04-26T15:39:47Z,2025-04-26T15:39:00Z,ARR,goo,0.0
63,True,True,MONTRÉAL,TORONTO,2025-04-26,5,Belleville,BLVL,2025-04-26T16:20:40Z,2025-04-26T16:20:00Z,ARR,goo,0.0
63,True,True,MONTRÉAL,TORONTO,2025-04-26,6,Cobourg,CBRG,2025-04-26T17:18:15Z,2025-04-26T16:58:00Z,ARR,bad,20.0
63,True,True,MONTRÉAL,TORONTO,2025-04-26,7,Oshawa,OSHA,2025-04-26T17:54:45Z,2025-04-26T17:34:00Z,ARR,bad,20.0
63,True,True,MONTRÉAL,TORONTO,2025-04-26,8,Guildwood,GUIL,2025-04-26T18:16:05Z,2025-04-26T17:58:00Z,ARR,bad,18.0
63,True,True,MONTRÉAL,TORONTO,2025-04-26,9,Toronto,TRTO,2025-04-26T18:41:43Z,2025-04-26T18:18:00Z,ARR,bad,23.0
40,True,True,TORONTO,OTTAWA,2025-04-26,0,Toronto,TRTO,2025-04-26T14:37:00Z,2025-04-26T14:37:00Z,ARR,goo,0.0
40,True,True,TORONTO,OTTAWA,2025-04-26,1,Belleville,BLVL,2025-04-26T16:16:28Z,2025-04-26T16:09:00Z,ARR,med,7.0
40,True,True,TORONTO,OTTAWA,2025-04-26,2,Kingston,KGON,2025-04-26T16:54:01Z,2025-04-26T16:48:00Z,ARR,med,6.0
40,True,True,TORONTO,OTTAWA,2025-04-26,3,Fallowfield,FALL,2025-04-26T18:35:20Z,2025-04-26T18:38:00Z,ARR,goo,-2.0
40,True,True,TORONTO,OTTAWA,2025-04-26,4,Ottawa,OTTW,2025-04-26T18:54:58Z,2025-04-26T19:02:00Z,ARR,goo,-7.0
35,True,True,QUÉBEC,OTTAWA,2025-04-26,0,Québec,QBEC,2025-04-26T12:06:00Z,2025-04-26T12:06:00Z,ARR,goo,0.0
35,True,True,QUÉBEC,OTTAWA,2025-04-26,1,Ste-Foy,SFOY,2025-04-26T12:31:59Z,2025-04-26T12:31:00Z,ARR,goo,0.0
35,True,True,QUÉBEC,OTTAWA,2025-04-26,2,Charny,CHNY,2025-04-26T12:41:53Z,2025-04-26T12:40:00Z,ARR,goo,1.0
35,True,True,QUÉBEC,OTTAWA,2025-04-26,3,Drummondville,DRMV,2025-04-26T14:20:18Z,2025-04-26T14:14:00Z,ARR,med,6.0
35,True,True,QUÉBEC,OTTAWA,2025-04-26,4,St. Hyacinthe,SHYA,2025-04-26T14:58:17Z,2025-04-26T14:44:00Z,ARR,med,14.0
35,True,True,QUÉBEC,OTTAWA,2025-04-26,5,St. Lambert,SLAM,2025-04-26T15:36:15Z,2025-04-26T15:11:00Z,ARR,bad,25.0
35,True,True,QUÉBEC,OTTAWA,2025-04-26,6,Montréal,MTRL,2025-04-26T15:54:29Z,2025-04-26T15:26:00Z,ARR,bad,28.0
35,True,True,QUÉBEC,OTTAWA,2025-04-26,7,Dorval,DORV,2025-04-26T16:42:57Z,2025-04-26T16:18:00Z,ARR,bad,24.0
35,True,True,QUÉBEC,OTTAWA,2025-04-26,8,Coteau,COTO,2025-04-26T17:16:17Z,2025-04-26T16:46:00Z,ARR,bad,30.0
35,True,True,QUÉBEC,OTTAWA,2025-04-26,9,Alexandria,ALEX,2025-04-26T17:38:34Z,2025-04-26T17:08:00Z,ARR,bad,30.0
35,True,True,QUÉBEC,OTTAWA,2025-04-26,10,Casselman,CSLM,2025-04-26T18:00:55Z,2025-04-26T17:31:00Z,ARR,bad,29.0
35,True,True,QUÉBEC,OTTAWA,2025-04-26,11,Ottawa,OTTW,2025-04-26T18:40:18Z,2025-04-26T17:58:00Z,ARR,bad,42.0
76,True,True,WINDSOR,TORONTO,2025-04-26,0,Windsor,WDON,2025-04-26T17:46:00Z,2025-04-26T17:46:00Z,ARR,goo,0.0
76,True,True,WINDSOR,TORONTO,2025-04-26,1,Chatham,CHAT,2025-04-26T18:29:40Z,2025-04-26T18:28:00Z,ARR,goo,1.0
76,True,True,WINDSOR,TORONTO,2025-04-26,2,Glencoe,GLNC,2025-04-26T19:13:28Z,2025-04-26T19:03:00Z,ARR,med,10.0
76,True,True,WINDSOR,TORONTO,2025-04-26,3,London,LNDN,2025-04-26T19:41:49Z,2025-04-26T19:38:00Z,ARR,goo,3.0
76,True,True,WINDSOR,TORONTO,2025-04-26,4,Brantford,BRTF,2025-04-26T20:39:24Z,2025-04-26T20:39:00Z,ARR,goo,0.0
76,True,True,WINDSOR,TORONTO,2025-04-26,5,Aldershot,ALDR,2025-04-26T21:11:53Z,2025-04-26T21:10:00Z,ARR,goo,1.0
76,True,True,WINDSOR,TORONTO,2025-04-26,6,Oakville,OAKV,2025-04-26T21:31:09Z,2025-04-26T21:27:00Z,ARR,goo,4.0
76,True,True,WINDSOR,TORONTO,2025-04-26,7,Toronto,TRTO,2025-04-26T21:59:35Z,2025-04-26T21:53:00Z,ARR,med,6.0
645,True,True,OTTAWA,TORONTO,2025-04-26,0,Ottawa,OTTW,2025-04-26T18:29:00Z,2025-04-26T18:29:00Z,ARR,goo,0.0
645,True,True,OTTAWA,TORONTO,2025-04-26,1,Fallowfield,FALL,2025-04-26T18:53:08Z,2025-04-26T18:49:00Z,ARR,goo,4.0
645,True,True,OTTAWA,TORONTO,2025-04-26,2,Kingston,KGON,2025-04-26T20:55:52Z,2025-04-26T20:34:00Z,ARR,bad,21.0
645,True,True,OTTAWA,TORONTO,2025-04-26,3,Belleville,BLVL,2025-04-26T22:00:04Z,2025-04-26T21:15:00Z,ARR,bad,45.0
645,True,True,OTTAWA,TORONTO,2025-04-26,4,Oshawa,OSHA,2025-04-26T23:18:52Z,2025-04-26T22:20:00Z,ARR,bad,58.0
645,True,True,OTTAWA,TORONTO,2025-04-26,5,Toronto,TRTO,2025-04-27T00:06:14Z,2025-04-26T23:15:00Z,ARR,bad,51.0
26,True,True,OTTAWA,QUÉBEC,2025-04-26,0,Ottawa,OTTW,2025-04-26T18:17:00Z,2025-04-26T18:17:00Z,ARR,goo,0.0
26,True,True,OTTAWA,QUÉBEC,2025-04-26,1,Alexandria,ALEX,2025-04-26T19:00:48Z,2025-04-26T19:03:00Z,ARR,goo,-2.0
26,True,True,OTTAWA,QUÉBEC,2025-04-26,2,Coteau,COTO,2025-04-26T19:25:47Z,2025-04-26T19:26:00Z,ARR,goo,0.0
26,True,True,OTTAWA,QUÉBEC,2025-04-26,3,Dorval,DORV,2025-04-26T19:53:23Z,2025-04-26T19:49:00Z,ARR,goo,4.0
26,True,True,OTTAWA,QUÉBEC,2025-04-26,4,Montréal,MTRL,2025-04-26T20:17:55Z,2025-04-26T20:15:00Z,ARR,goo,2.0
26,True,True,OTTAWA,QUÉBEC,2025-04-26,5,St. Lambert,SLAM,2025-04-26T20:59:57Z,2025-04-26T20:53:00Z,ARR,med,6.0
26,True,True,OTTAWA,QUÉBEC,2025-04-26,6,St. Hyacinthe,SHYA,2025-04-26T21:34:10Z,2025-04-26T21:20:00Z,ARR,med,14.0
26,True,True,OTTAWA,QUÉBEC,2025-04-26,7,Drummondville,DRMV,2025-04-26T22:31:43Z,2025-04-26T22:05:00Z,ARR,bad,26.0
26,True,True,OTTAWA,QUÉBEC,2025-04-26,8,Charny,CHNY,2025-04-27T00:07:33Z,2025-04-26T23:44:00Z,ARR,bad,23.0
26,True,True,OTTAWA,QUÉBEC,2025-04-26,9,Ste-Foy,SFOY,2025-04-27T00:15:15Z,2025-04-26T23:52:00Z,ARR,bad,23.0
26,True,True,OTTAWA,QUÉBEC,2025-04-26,10,Québec,QBEC,2025-04-27T00:45:37Z,2025-04-27T00:19:00Z,ARR,bad,26.0
39,True,True,QUÉBEC,OTTAWA,2025-04-26,0,Québec,QBEC,2025-04-26T18:57:00Z,2025-04-26T18:57:00Z,ARR,goo,0.0
39,True,True,QUÉBEC,OTTAWA,2025-04-26,1,Ste-Foy,SFOY,2025-04-26T19:23:09Z,2025-04-26T19:22:00Z,ARR,goo,1.0
39,True,True,QUÉBEC,OTTAWA,2025-04-26,2,Drummondville,DRMV,2025-04-26T21:08:06Z,2025-04-26T20:58:00Z,ARR,med,10.0
39,True,True,QUÉBEC,OTTAWA,2025-04-26,3,St. Lambert,SLAM,2025-04-26T22:10:28Z,2025-04-26T21:57:00Z,ARR,med,13.0
39,True,True,QUÉBEC,OTTAWA,2025-04-26,4,Montréal,MTRL,2025-04-26T22:25:36Z,2025-04-26T22:11:00Z,ARR,med,14.0
39,True,True,QUÉBEC,OTTAWA,2025-04-26,5,Dorval,DORV,2025-04-26T23:12:41Z,2025-04-26T23:14:00Z,ARR,goo,-1.0
39,True,True,QUÉBEC,OTTAWA,2025-04-26,6,Coteau,COTO,2025-04-26T23:50:00Z,2025-04-26T23:43:00Z,ARR,med,7.0
39,True,True,QUÉBEC,OTTAWA,2025-04-26,7,Alexandria,ALEX,2025-04-27T00:09:56Z,2025-04-27T00:06:00Z,ARR,goo,3.0
39,True,True,QUÉBEC,OTTAWA,2025-04-26,8,Ottawa,OTTW,2025-04-27T00:56:18Z,2025-04-27T00:51:00Z,ARR,med,5.0
66,True,True,TORONTO,MONTRÉAL,2025-04-26,0,Toronto,TRTO,2025-04-26T19:22:00Z,2025-04-26T19:22:00Z,ARR,goo,0.0
66,True,True,TORONTO,MONTRÉAL,2025-04-26,1,Guildwood,GUIL,2025-04-26T19:44:48Z,2025-04-26T19:40:00Z,ARR,goo,4.0
66,True,True,TORONTO,MONTRÉAL,2025-04-26,2,Oshawa,OSHA,2025-04-26T20:19:14Z,2025-04-26T19:54:00Z,ARR,bad,25.0
66,True,True,TORONTO,MONTRÉAL,2025-04-26,3,Belleville,BLVL,2025-04-26T22:07:14Z,2025-04-26T21:00:00Z,ARR,bad,67.0
66,True,True,TORONTO,MONTRÉAL,2025-04-26,4,Kingston,KGON,2025-04-26T22:43:50Z,2025-04-26T21:40:00Z,ARR,bad,63.0
66,True,True,TORONTO,MONTRÉAL,2025-04-26,5,Cornwall,CWLL,2025-04-27T00:08:57Z,2025-04-26T23:07:00Z,ARR,bad,61.0
66,True,True,TORONTO,MONTRÉAL,2025-04-26,6,Dorval,DORV,2025-04-27T00:58:47Z,2025-04-26T23:58:00Z,ARR,bad,60.0
66,True,True,TORONTO,MONTRÉAL,2025-04-26,7,Montréal,MTRL,2025-04-27T01:25:14Z,2025-04-27T00:25:00Z,ARR,bad,60.0
46,True,True,TORONTO,OTTAWA,2025-04-26,0,Toronto,TRTO,2025-04-26T19:37:00Z,2025-04-26T19:37:00Z,ARR,goo,0.0
46,True,True,TORONTO,OTTAWA,2025-04-26,1,Oshawa,OSHA,2025-04-26T20:22:52Z,2025-04-26T20:09:00Z,ARR,med,13.0
46,True,True,TORONTO,OTTAWA,2025-04-26,2,Cobourg,CBRG,2025-04-26T21:05:15Z,2025-04-26T20:43:00Z,ARR,bad,22.0
46,True,True,TORONTO,OTTAWA,2025-04-26,3,Kingston,KGON,2025-04-26T22:54:07Z,2025-04-26T21:54:00Z,ARR,bad,60.0
46,True,True,TORONTO,OTTAWA,2025-04-26,4,Brockville,BRKV,2025-04-26T23:39:07Z,2025-04-26T22:40:00Z,ARR,bad,59.0
46,True,True,TORONTO,OTTAWA,2025-04-26,5,Fallowfield,FALL,2025-04-27T00:33:03Z,2025-04-26T23:40:00Z,ARR,bad,53.0
46,True,True,TORONTO,OTTAWA,2025-04-26,6,Ottawa,OTTW,2025-04-27T00:53:41Z,2025-04-27T00:00:00Z,ARR,bad,53.0
28,True,True,OTTAWA,QUÉBEC,2025-04-26,0,Ottawa,OTTW,2025-04-26T20:05:00Z,2025-04-26T20:05:00Z,ARR,goo,0.0
28,True,True,OTTAWA,QUÉBEC,2025-04-26,1,Casselman,CSLM,2025-04-26T20:29:00Z,2025-04-26T20:31:00Z,ARR,goo,-2.0
28,True,True,OTTAWA,QUÉBEC,2025-04-26,2,Alexandria,ALEX,2025-04-26T20:51:42Z,2025-04-26T20:53:00Z,ARR,goo,-1.0
28,True,True,OTTAWA,QUÉBEC,2025-04-26,3,Coteau,COTO,2025-04-26T21:12:02Z,2025-04-26T21:15:00Z,ARR,goo,-2.0
28,True,True,OTTAWA,QUÉBEC,2025-04-26,4,Dorval,DORV,2025-04-26T21:43:52Z,2025-04-26T21:38:00Z,ARR,med,5.0
28,True,True,OTTAWA,QUÉBEC,2025-04-26,5,Montréal,MTRL,2025-04-26T22:08:46Z,2025-04-26T22:04:00Z,ARR,goo,4.0
28,True,True,OTTAWA,QUÉBEC,2025-04-26,6,St. Lambert,SLAM,2025-04-26T22:48:55Z,2025-04-26T22:38:00Z,ARR,med,10.0
28,True,True,OTTAWA,QUÉBEC,2025-04-26,7,St. Hyacinthe,SHYA,2025-04-26T23:21:06Z,2025-04-26T23:06:00Z,ARR,bad,15.0
28,True,True,OTTAWA,QUÉBEC,2025-04-26,8,Drummondville,DRMV,2025-04-26T23:57:47Z,2025-04-26T23:52:00Z,ARR,med,5.0
28,True,True,OTTAWA,QUÉBEC,2025-04-26,9,Charny,CHNY,2025-04-27T01:36:58Z,2025-04-27T01:14:00Z,ARR,bad,22.0
28,True,True,OTTAWA,QUÉBEC,2025-04-26,10,Ste-Foy,SFOY,2025-04-27T01:44:52Z,2025-04-27T01:21:00Z,ARR,bad,23.0
28,True,True,OTTAWA,QUÉBEC,2025-04-26,11,Québec,QBEC,2025-04-27T02:21:49Z,2025-04-27T01:48:00Z,ARR,bad,33.0
69,True,True,MONTRÉAL,TORONTO,2025-04-26,0,Montréal,MTRL,2025-04-26T20:38:00Z,2025-04-26T20:38:00Z,ARR,goo,0.0
69,True,True,MONTRÉAL,TORONTO,2025-04-26,1,Dorval,DORV,2025-04-26T21:13:06Z,2025-04-26T21:04:00Z,ARR,med,9.0
69,True,True,MONTRÉAL,TORONTO,2025-04-26,2,Cornwall,CWLL,2025-04-26T22:11:38Z,2025-04-26T21:53:00Z,ARR,bad,18.0
69,True,True,MONTRÉAL,TORONTO,2025-04-26,3,Brockville,BRKV,2025-04-26T22:57:40Z,2025-04-26T22:40:00Z,ARR,bad,17.0
69,True,True,MONTRÉAL,TORONTO,2025-04-26,4,Kingston,KGON,2025-04-26T23:48:30Z,2025-04-26T23:24:00Z,ARR,bad,24.0
69,True,True,MONTRÉAL,TORONTO,2025-04-26,5,Oshawa,OSHA,2025-04-27T01:47:46Z,2025-04-27T01:05:00Z,ARR,bad,42.0
69,True,True,MONTRÉAL,TORONTO,2025-04-26,6,Guildwood,GUIL,2025-04-27T02:15:48Z,2025-04-27T01:28:00Z,ARR,bad,47.0
69,True,True,MONTRÉAL,TORONTO,2025-04-26,7,Toronto,TRTO,2025-04-27T02:35:10Z,2025-04-27T01:48:00Z,ARR,bad,47.0
185,True,False,SUDBURY,WHITE RIVER,2025-04-26,0,White River,WHTR,&mdash;,2025-04-26T21:05:00Z,&mdash;,,
68,True,True,TORONTO,MONTRÉAL,2025-04-26,0,Toronto,TRTO,2025-04-26T21:09:37Z,2025-04-26T21:07:00Z,ARR,goo,2.0
68,True,True,TORONTO,MONTRÉAL,2025-04-26,1,Oshawa,OSHA,2025-04-26T21:48:35Z,2025-04-26T21:39:00Z,ARR,med,9.0
68,True,True,TORONTO,MONTRÉAL,2025-04-26,2,Cobourg,CBRG,2025-04-26T22:24:38Z,2025-04-26T22:14:00Z,ARR,med,10.0
68,True,True,TORONTO,MONTRÉAL,2025-04-26,3,Belleville,BLVL,2025-04-26T23:13:31Z,2025-04-26T22:49:00Z,ARR,bad,24.0
68,True,True,TORONTO,MONTRÉAL,2025-04-26,4,Kingston,KGON,2025-04-26T23:50:04Z,2025-04-26T23:26:00Z,ARR,bad,24.0
68,True,True,TORONTO,MONTRÉAL,2025-04-26,5,Brockville,BRKV,2025-04-27T00:33:45Z,2025-04-27T00:11:00Z,ARR,bad,22.0
68,True,True,TORONTO,MONTRÉAL,2025-04-26,6,Cornwall,CWLL,2025-04-27T01:19:40Z,2025-04-27T00:57:00Z,ARR,bad,22.0
68,True,True,TORONTO,MONTRÉAL,2025-04-26,7,Dorval,DORV,2025-04-27T02:08:25Z,2025-04-27T01:47:00Z,ARR,bad,21.0
68,True,True,TORONTO,MONTRÉAL,2025-04-26,8,Montréal,MTRL,2025-04-27T02:36:59Z,2025-04-27T02:14:00Z,ARR,bad,22.0
54,True,True,TORONTO,OTTAWA,2025-04-26,0,Toronto,TRTO,2025-04-26T21:38:48Z,2025-04-26T21:37:00Z,ARR,goo,1.0
54,True,True,TORONTO,OTTAWA,2025-04-26,1,Guildwood,GUIL,2025-04-26T21:56:57Z,2025-04-26T21:55:00Z,ARR,goo,1.0
54,True,True,TORONTO,OTTAWA,2025-04-26,2,Oshawa,OSHA,2025-04-26T22:15:37Z,2025-04-26T22:08:00Z,ARR,med,7.0
54,True,True,TORONTO,OTTAWA,2025-04-26,3,Port Hope,PHOP,2025-04-26T22:50:21Z,2025-04-26T22:37:00Z,ARR,med,13.0
54,True,True,TORONTO,OTTAWA,2025-04-26,4,Cobourg,CBRG,2025-04-26T22:59:35Z,2025-04-26T22:46:00Z,ARR,med,13.0
54,True,True,TORONTO,OTTAWA,2025-04-26,5,Trenton Jct.,TRNJ,2025-04-26T23:32:12Z,2025-04-26T23:13:01Z,ARR,bad,19.0
54,True,True,TORONTO,OTTAWA,2025-04-26,6,Belleville,BLVL,2025-04-26T23:47:00Z,2025-04-26T23:27:00Z,ARR,bad,20.0
54,True,True,TORONTO,OTTAWA,2025-04-26,7,Napanee,NAPN,2025-04-27T00:13:50Z,2025-04-26T23:48:00Z,ARR,bad,25.0
54,True,True,TORONTO,OTTAWA,2025-04-26,8,Kingston,KGON,2025-04-27T00:38:09Z,2025-04-27T00:09:00Z,ARR,bad,29.0
54,True,True,TORONTO,OTTAWA,2025-04-26,9,Brockville,BRKV,2025-04-27T01:31:07Z,2025-04-27T00:54:00Z,ARR,bad,37.0
54,True,True,TORONTO,OTTAWA,2025-04-26,10,Smiths Falls,SMTF,2025-04-27T02:00:07Z,2025-04-27T01:25:00Z,ARR,bad,35.0
54,True,True,TORONTO,OTTAWA,2025-04-26,11,Fallowfield,FALL,2025-04-27T02:25:41Z,2025-04-27T01:52:00Z,ARR,bad,33.0
54,True,True,TORONTO,OTTAWA,2025-04-26,12,Ottawa,OTTW,2025-04-27T02:45:16Z,2025-04-27T02:13:00Z,ARR,bad,32.0
75,True,True,TORONTO,WINDSOR,2025-04-26,0,Toronto,TRTO,2025-04-26T21:29:08Z,2025-04-26T21:22:00Z,ARR,med,7.0
75,True,True,TORONTO,WINDSOR,2025-04-26,1,Oakville,OAKV,2025-04-26T22:04:31Z,2025-04-26T21:45:00Z,ARR,bad,19.0
75,True,True,TORONTO,WINDSOR,2025-04-26,2,Aldershot,ALDR,2025-04-26T22:19:58Z,2025-04-26T22:01:00Z,ARR,bad,18.0
75,True,True,TORONTO,WINDSOR,2025-04-26,3,Brantford,BRTF,2025-04-26T22:51:53Z,2025-04-26T22:33:00Z,ARR,bad,18.0
75,True,True,TORONTO,WINDSOR,2025-04-26,4,Woodstock,WDST,2025-04-26T23:19:49Z,2025-04-26T23:04:00Z,ARR,bad,15.0
75,True,True,TORONTO,WINDSOR,2025-04-26,5,Ingersoll,INGR,2025-04-26T23:30:31Z,2025-04-26T23:19:00Z,ARR,med,11.0
75,True,True,TORONTO,WINDSOR,2025-04-26,6,London,LNDN,2025-04-26T23:51:34Z,2025-04-26T23:47:00Z,ARR,goo,4.0
75,True,True,TORONTO,WINDSOR,2025-04-26,7,Glencoe,GLNC,2025-04-27T00:27:20Z,2025-04-27T00:21:00Z,ARR,med,6.0
75,True,True,TORONTO,WINDSOR,2025-04-26,8,Chatham,CHAT,2025-04-27T01:06:10Z,2025-04-27T00:55:00Z,ARR,med,11.0
75,True,True,TORONTO,WINDSOR,2025-04-26,9,Windsor,WDON,2025-04-27T01:48:38Z,2025-04-27T01:50:00Z,ARR,goo,-1.0
98,True,True,NIAGARA FALLS,TORONTO,2025-04-26,0,Niagara Falls,NIAG,2025-04-26T21:45:00Z,2025-04-26T21:45:00Z,ARR,goo,0.0
98,True,True,NIAGARA FALLS,TORONTO,2025-04-26,1,St. Catharines,SCAT,2025-04-26T22:06:00Z,2025-04-26T22:06:00Z,ARR,goo,0.0
98,True,True,NIAGARA FALLS,TORONTO,2025-04-26,2,Grimsby,GRIM,2025-04-26T22:31:00Z,2025-04-26T22:26:00Z,ARR,med,5.0
98,True,True,NIAGARA FALLS,TORONTO,2025-04-26,3,Aldershot,ALDR,2025-04-26T23:10:00Z,2025-04-26T23:02:00Z,ARR,med,8.0
98,True,True,NIAGARA FALLS,TORONTO,2025-04-26,4,Oakville,OAKV,2025-04-26T23:20:00Z,2025-04-26T23:16:00Z,ARR,goo,4.0
98,True,True,NIAGARA FALLS,TORONTO,2025-04-26,5,Toronto,TRTO,2025-04-26T23:49:00Z,2025-04-26T23:43:00Z,ARR,med,6.0
87,True,True,TORONTO,SARNIA,2025-04-26,0,Toronto,TRTO,2025-04-26T21:40:12Z,2025-04-26T21:40:00Z,ARR,goo,0.0
87,True,True,TORONTO,SARNIA,2025-04-26,1,Malton,MALT,2025-04-26T22:02:48Z,2025-04-26T22:00:00Z,ARR,goo,2.0
87,True,True,TORONTO,SARNIA,2025-04-26,2,Brampton,BRMP,2025-04-26T22:13:05Z,2025-04-26T22:12:00Z,ARR,goo,1.0
87,True,True,TORONTO,SARNIA,2025-04-26,3,Georgetown,GEOR,2025-04-26T22:25:38Z,2025-04-26T22:24:00Z,ARR,goo,1.0
87,True,True,TORONTO,SARNIA,2025-04-26,4,Guelph,GUEL,2025-04-26T22:46:45Z,2025-04-26T22:49:00Z,ARR,goo,-2.0
87,True,True,TORONTO,SARNIA,2025-04-26,5,Kitchener,KITC,2025-04-26T23:08:48Z,2025-04-26T23:16:00Z,ARR,goo,-7.0
87,True,True,TORONTO,SARNIA,2025-04-26,6,Stratford,STRF,2025-04-27T00:01:08Z,2025-04-26T23:57:00Z,ARR,goo,4.0
87,True,True,TORONTO,SARNIA,2025-04-26,7,St.Marys,SMYS,2025-04-27T00:42:31Z,2025-04-27T00:25:00Z,ARR,bad,17.0
87,True,True,TORONTO,SARNIA,2025-04-26,8,London,LNDN,2025-04-27T01:36:17Z,2025-04-27T01:13:00Z,ARR,bad,23.0
87,True,True,TORONTO,SARNIA,2025-04-26,9,Strathroy,STRR,2025-04-27T02:04:24Z,2025-04-27T01:39:00Z,ARR,bad,25.0
87,True,True,TORONTO,SARNIA,2025-04-26,10,Wyoming,WYOM,2025-04-27T02:27:04Z,2025-04-27T02:07:00Z,ARR,bad,20.0
87,True,True,TORONTO,SARNIA,2025-04-26,11,Sarnia,SARN,2025-04-27T02:48:07Z,2025-04-27T02:24:00Z,ARR,bad,24.0
29,True,True,QUÉBEC,MONTRÉAL,2025-04-26,0,Québec,QBEC,2025-04-26T21:41:00Z,2025-04-26T21:41:00Z,ARR,goo,0.0
29,True,True,QUÉBEC,MONTRÉAL,2025-04-26,1,Ste-Foy,SFOY,2025-04-26T22:09:05Z,2025-04-26T22:06:00Z,ARR,goo,3.0
29,True,True,QUÉBEC,MONTRÉAL,2025-04-26,2,Drummondville,DRMV,2025-04-26T23:36:02Z,2025-04-26T23:42:00Z,ARR,goo,-5.0
29,True,True,QUÉBEC,MONTRÉAL,2025-04-26,3,St. Hyacinthe,SHYA,2025-04-27T00:14:54Z,2025-04-27T00:18:00Z,ARR,goo,-3.0
29,True,True,QUÉBEC,MONTRÉAL,2025-04-26,4,St. Lambert,SLAM,2025-04-27T00:44:13Z,2025-04-27T00:45:00Z,ARR,goo,0.0
29,True,True,QUÉBEC,MONTRÉAL,2025-04-26,5,Montréal,MTRL,2025-04-27T00:59:19Z,2025-04-27T01:00:00Z,ARR,goo,0.0
59,True,True,OTTAWA,TORONTO,2025-04-26,0,Ottawa,OTTW,2025-04-26T22:06:00Z,2025-04-26T22:03:00Z,ARR,goo,3.0
59,True,True,OTTAWA,TORONTO,2025-04-26,1,Fallowfield,FALL,2025-04-26T22:26:18Z,2025-04-26T22:20:00Z,ARR,med,6.0
59,True,True,OTTAWA,TORONTO,2025-04-26,2,Smiths Falls,SMTF,2025-04-26T22:57:05Z,2025-04-26T22:51:00Z,ARR,med,6.0
59,True,True,OTTAWA,TORONTO,2025-04-26,3,Brockville,BRKV,2025-04-26T23:33:48Z,2025-04-26T23:25:00Z,ARR,med,8.0
59,True,True,OTTAWA,TORONTO,2025-04-26,4,Kingston,KGON,2025-04-27T00:24:39Z,2025-04-27T00:10:00Z,ARR,med,14.0
59,True,True,OTTAWA,TORONTO,2025-04-26,5,Belleville,BLVL,2025-04-27T01:13:01Z,2025-04-27T00:51:00Z,ARR,bad,22.0
59,True,True,OTTAWA,TORONTO,2025-04-26,6,Trenton Jct.,TRNJ,2025-04-27T01:25:21Z,2025-04-27T01:05:00Z,ARR,bad,20.0
59,True,True,OTTAWA,TORONTO,2025-04-26,7,Cobourg,CBRG,2025-04-27T01:57:36Z,2025-04-27T01:31:00Z,ARR,bad,26.0
59,True,True,OTTAWA,TORONTO,2025-04-26,8,Oshawa,OSHA,2025-04-27T02:39:09Z,2025-04-27T02:05:00Z,ARR,bad,34.0
59,True,True,OTTAWA,TORONTO,2025-04-26,9,Guildwood,GUIL,2025-04-27T02:58:58Z,2025-04-27T02:28:00Z,ARR,bad,30.0
59,True,True,OTTAWA,TORONTO,2025-04-26,10,Toronto,TRTO,2025-04-27T03:18:35Z,2025-04-27T02:48:00Z,ARR,bad,30.0
78,True,True,WINDSOR,TORONTO,2025-04-26,0,Windsor,WDON,2025-04-26T21:40:00Z,2025-04-26T21:40:00Z,ARR,goo,0.0
78,True,True,WINDSOR,TORONTO,2025-04-26,1,Chatham,CHAT,2025-04-26T22:24:35Z,2025-04-26T22:24:00Z,ARR,goo,0.0
78,True,True,WINDSOR,TORONTO,2025-04-26,2,Glencoe,GLNC,2025-04-26T23:07:01Z,2025-04-26T22:59:00Z,ARR,med,8.0
78,True,True,WINDSOR,TORONTO,2025-04-26,3,London,LNDN,2025-04-26T23:36:42Z,2025-04-26T23:32:00Z,ARR,goo,4.0
78,True,True,WINDSOR,TORONTO,2025-04-26,4,Ingersoll,INGR,2025-04-27T00:01:38Z,2025-04-26T23:57:00Z,ARR,goo,4.0
78,True,True,WINDSOR,TORONTO,2025-04-26,5,Woodstock,WDST,2025-04-27T00:13:18Z,2025-04-27T00:08:00Z,ARR,med,5.0
78,True,True,WINDSOR,TORONTO,2025-04-26,6,Brantford,BRTF,2025-04-27T00:44:59Z,2025-04-27T00:39:00Z,ARR,med,5.0
78,True,True,WINDSOR,TORONTO,2025-04-26,7,Aldershot,ALDR,2025-04-27T01:19:41Z,2025-04-27T01:09:00Z,ARR,med,10.0
78,True,True,WINDSOR,TORONTO,2025-04-26,8,Oakville,OAKV,2025-04-27T01:34:22Z,2025-04-27T01:24:00Z,ARR,med,10.0
78,True,True,WINDSOR,TORONTO,2025-04-26,9,Toronto,TRTO,2025-04-27T01:59:11Z,2025-04-27T01:50:00Z,ARR,med,9.0
38,True,True,OTTAWA,MONTRÉAL,2025-04-26,0,Ottawa,OTTW,2025-04-26T21:55:00Z,2025-04-26T21:55:00Z,ARR,goo,0.0
38,True,True,OTTAWA,MONTRÉAL,2025-04-26,1,Casselman,CSLM,2025-04-26T22:20:00Z,2025-04-26T22:26:00Z,ARR,goo,-6.0
38,True,True,OTTAWA,MONTRÉAL,2025-04-26,2,Alexandria,ALEX,2025-04-26T22:43:30Z,2025-04-26T22:49:00Z,ARR,goo,-5.0
38,True,True,OTTAWA,MONTRÉAL,2025-04-26,3,Dorval,DORV,2025-04-26T23:32:22Z,2025-04-26T23:33:00Z,ARR,goo,0.0
38,True,True,OTTAWA,MONTRÉAL,2025-04-26,4,Montréal,MTRL,2025-04-27T00:07:25Z,2025-04-26T23:57:00Z,ARR,med,10.0
79,True,False,TORONTO,WINDSOR,2025-04-26,0,Toronto,TRTO,2025-04-27T00:09:32Z,2025-04-26T23:45:00Z,ARR,bad,24.0
79,True,False,TORONTO,WINDSOR,2025-04-26,1,Oakville,OAKV,2025-04-27T00:35:01Z,2025-04-27T00:07:00Z,ARR,bad,28.0
79,True,False,TORONTO,WINDSOR,2025-04-26,2,Aldershot,ALDR,2025-04-27T00:53:02Z,2025-04-27T00:22:00Z,ARR,bad,31.0
79,True,False,TORONTO,WINDSOR,2025-04-26,3,Brantford,BRTF,2025-04-27T01:24:46Z,2025-04-27T00:50:00Z,ARR,bad,34.0
79,True,False,TORONTO,WINDSOR,2025-04-26,4,Woodstock,WDST,2025-04-27T01:55:07Z,2025-04-27T01:17:00Z,ARR,bad,38.0
79,True,False,TORONTO,WINDSOR,2025-04-26,5,Ingersoll,INGR,2025-04-27T02:08:06Z,2025-04-27T01:30:00Z,ARR,bad,38.0
79,True,False,TORONTO,WINDSOR,2025-04-26,6,London,LNDN,2025-04-27T02:33:45Z,2025-04-27T01:52:00Z,ARR,bad,41.0
79,True,False,TORONTO,WINDSOR,2025-04-26,7,Glencoe,GLNC,2025-04-27T03:11:07Z,2025-04-27T02:25:00Z,ARR,bad,46.0
79,True,False,TORONTO,WINDSOR,2025-04-26,8,Chatham,CHAT,2025-04-27T03:57:02Z,2025-04-27T02:57:00Z,< 1 min,bad,60.0
79,True,False,TORONTO,WINDSOR,2025-04-26,9,Windsor,WDON,2025-04-27T04:44:02Z,2025-04-27T03:44:00Z,47 mins,bad,60.0
