train_id,departed,arrived,from,to,instance,stop_id,station,code,estimated,scheduled,eta,diff,diffMin
2 (04-25),True,False,VANCOUVER,TORONTO,2025-04-25,0,Vancouver,VCVR,2025-04-25T22:00:00Z,2025-04-25T22:00:00Z,ARR,goo,0.0
2 (04-25),True,False,VANCOUVER,TORONTO,2025-04-25,1,Mission Harbour,MSNH,2025-04-25T23:57:32Z,2025-04-25T23:35:00Z,ARR,bad,22.0
2 (04-25),True,False,VANCOUVER,TORONTO,2025-04-25,2,Agassiz,AGAS,2025-04-26T01:52:48Z,2025-04-26T00:03:00Z,ARR,bad,109.0
2 (04-25),True,False,VANCOUVER,TORONTO,2025-04-25,3,Katz,KATZ,2025-04-26T02:15:23Z,2025-04-26T00:17:00Z,ARR,bad,118.0
2 (04-25),True,False,VANCOUVER,TORONTO,2025-04-25,4,North Bend,NBND,2025-04-26T04:08:48Z,2025-04-26T02:46:00Z,ARR,bad,82.0
2 (04-25),True,False,VANCOUVER,TORONTO,2025-04-25,5,Ashcroft,ASHN,2025-04-26T07:32:35Z,2025-04-26T05:32:00Z,ARR,bad,120.0
2 (04-25),True,False,VANCOUVER,TORONTO,2025-04-25,6,Kamloops North,KAMN,2025-04-26T09:11:48Z,2025-04-26T07:17:00Z,ARR,bad,114.0
2 (04-25),True,False,VANCOUVER,TORONTO,2025-04-25,7,Clearwater,CLWT,2025-04-26T12:53:20Z,2025-04-26T09:58:00Z,ARR,bad,175.0
2 (04-25),True,False,VANCOUVER,TORONTO,2025-04-25,8,Blue River,BLUE,2025-04-26T14:50:20Z,2025-04-26T12:11:00Z,ARR,bad,159.0
2 (04-25),True,False,VANCOUVER,TORONTO,2025-04-25,9,Valemount,VLMT,2025-04-26T16:21:24Z,2025-04-26T14:01:00Z,ARR,bad,140.0
2 (04-25),True,False,VANCOUVER,TORONTO,2025-04-25,10,Jasper,JASP,2025-04-26T19:08:02Z,2025-04-26T17:00:00Z,ARR,bad,128.0
2 (04-25),True,False,VANCOUVER,TORONTO,2025-04-25,11,Hinton,HINT,2025-04-26T22:16:46Z,2025-04-26T19:45:00Z,ARR,bad,151.0
2 (04-25),True,False,VANCOUVER,TORONTO,2025-04-25,12,Edson,EDSN,2025-04-26T23:14:04Z,2025-04-26T21:19:00Z,ARR,bad,115.0
2 (04-25),True,False,VANCOUVER,TORONTO,2025-04-25,13,Evansburg,EVAN,2025-04-27T00:32:32Z,2025-04-26T22:28:00Z,ARR,bad,124.0
2 (04-25),True,False,VANCOUVER,TORONTO,2025-04-25,14,Edmonton,EDMO,2025-04-27T01:58:02Z,2025-04-27T00:50:00Z,ARR,bad,68.0
2 (04-25),True,False,VANCOUVER,TORONTO,2025-04-25,15,Viking,VKNG,2025-04-27T08:20:35Z,2025-04-27T03:53:00Z,ARR,bad,267.0
2 (04-25),True,False,VANCOUVER,TORONTO,2025-04-25,16,Wainwright,WAIN,2025-04-27T10:51:15Z,2025-04-27T06:14:00Z,ARR,bad,277.0
2 (04-25),True,False,VANCOUVER,TORONTO,2025-04-25,17,Unity,UNIT,2025-04-27T13:28:37Z,2025-04-27T07:47:00Z,ARR,bad,341.0
2 (04-25),True,False,VANCOUVER,TORONTO,2025-04-25,18,Biggar,BIGG,2025-04-27T14:35:18Z,2025-04-27T09:21:00Z,ARR,bad,314.0
2 (04-25),True,False,VANCOUVER,TORONTO,2025-04-25,19,Saskatoon,SASK,2025-04-27T16:05:23Z,2025-04-27T11:57:00Z,ARR,bad,248.0
2 (04-25),True,False,VANCOUVER,TORONTO,2025-04-25,20,Watrous,WATR,2025-04-27T19:00:03Z,2025-04-27T14:26:00Z,ARR,bad,274.0
2 (04-25),True,False,VANCOUVER,TORONTO,2025-04-25,21,Melville,MELV,2025-04-27T22:12:50Z,2025-04-27T18:47:00Z,ARR,bad,205.0
2 (04-25),True,False,VANCOUVER,TORONTO,2025-04-25,22,Rivers,RVRS,2025-04-28T01:54:05Z,2025-04-27T22:22:00Z,ARR,bad,212.0
2 (04-25),True,False,VANCOUVER,TORONTO,2025-04-25,23,Portage La Prairie,PLPX,2025-04-28T03:40:51Z,2025-04-28T00:15:00Z,ARR,bad,205.0
2 (04-25),True,False,VANCOUVER,TORONTO,2025-04-25,24,Winnipeg,WNPG,2025-04-28T04:53:05Z,2025-04-28T03:00:00Z,ARR,bad,113.0
2 (04-25),True,False,VANCOUVER,TORONTO,2025-04-25,25,Elma,ELMA,2025-04-28T09:20:32Z,2025-04-28T05:37:00Z,ARR,bad,223.0
2 (04-25),True,False,VANCOUVER,TORONTO,2025-04-25,26,Brereton Lake,BRTL,2025-04-28T09:47:55Z,2025-04-28T05:58:00Z,ARR,bad,229.0
2 (04-25),True,False,VANCOUVER,TORONTO,2025-04-25,27,Ophir,OPHR,2025-04-28T10:01:21Z,2025-04-28T06:16:00Z,ARR,bad,225.0
2 (04-25),True,False,VANCOUVER,TORONTO,2025-04-25,28,Winnitoba,WNTB,2025-04-28T10:13:42Z,2025-04-28T06:21:00Z,ARR,bad,232.0
2 (04-25),True,False,VANCOUVER,TORONTO,2025-04-25,29,Rice Lake,RCLK,2025-04-28T10:20:41Z,2025-04-28T06:35:00Z,ARR,bad,225.0
2 (04-25),True,False,VANCOUVER,TORONTO,2025-04-25,30,Copelands Landing,COPE,2025-04-28T10:24:25Z,2025-04-28T06:38:00Z,ARR,bad,226.0
2 (04-25),True,False,VANCOUVER,TORONTO,2025-04-25,31,Malachi,MLCH,2025-04-28T10:26:25Z,2025-04-28T06:40:00Z,ARR,bad,226.0
2 (04-25),True,False,VANCOUVER,TORONTO,2025-04-25,32,Ottermere,OTTM,2025-04-28T10:40:27Z,2025-04-28T06:46:00Z,ARR,bad,234.0
2 (04-25),True,False,VANCOUVER,TORONTO,2025-04-25,33,Minaki,MNKI,2025-04-28T11:02:04Z,2025-04-28T07:03:00Z,ARR,bad,239.0
2 (04-25),True,False,VANCOUVER,TORONTO,2025-04-25,34,Redditt,RDDT,2025-04-28T11:21:49Z,2025-04-28T07:29:00Z,ARR,bad,232.0
2 (04-25),True,False,VANCOUVER,TORONTO,2025-04-25,35,Farlane,FARL,2025-04-28T11:44:46Z,2025-04-28T07:46:00Z,ARR,bad,238.0
2 (04-25),True,False,VANCOUVER,TORONTO,2025-04-25,36,Canyon,CNYK,2025-04-28T12:15:30Z,2025-04-28T08:23:00Z,ARR,bad,232.0
2 (04-25),True,False,VANCOUVER,TORONTO,2025-04-25,37,Red Lake Road,RLRX,2025-04-28T12:39:21Z,2025-04-28T08:51:00Z,ARR,bad,228.0
2 (04-25),True,False,VANCOUVER,TORONTO,2025-04-25,38,Richan,RCHN,2025-04-28T13:09:21Z,2025-04-28T09:28:00Z,ARR,bad,221.0
2 (04-25),True,False,VANCOUVER,TORONTO,2025-04-25,39,Sioux Lookout,SLKT,2025-04-28T14:52:59Z,2025-04-28T11:01:00Z,ARR,bad,231.0
2 (04-25),True,False,VANCOUVER,TORONTO,2025-04-25,40,Savant Lake,SAVL,2025-04-28T16:34:30Z,2025-04-28T13:14:00Z,ARR,bad,200.0
2 (04-25),True,False,VANCOUVER,TORONTO,2025-04-25,41,Flindt Landing,FLTL,2025-04-28T16:51:30Z,2025-04-28T13:31:00Z,ARR,bad,200.0
2 (04-25),True,False,VANCOUVER,TORONTO,2025-04-25,42,Allanwater Bridge,ALWB,2025-04-28T17:06:30Z,2025-04-28T13:46:00Z,ARR,bad,200.0
2 (04-25),True,False,VANCOUVER,TORONTO,2025-04-25,43,Collins,COLL,2025-04-28T17:46:30Z,2025-04-28T14:26:00Z,ARR,bad,200.0
2 (04-25),True,False,VANCOUVER,TORONTO,2025-04-25,44,Armstrong,ARMG,2025-04-28T18:39:22Z,2025-04-28T14:57:00Z,ARR,bad,222.0
2 (04-25),True,False,VANCOUVER,TORONTO,2025-04-25,45,Mud River,MUDR,2025-04-28T19:18:32Z,2025-04-28T15:29:00Z,ARR,bad,229.0
2 (04-25),True,False,VANCOUVER,TORONTO,2025-04-25,46,Ferland,FERL,2025-04-28T19:26:32Z,2025-04-28T15:37:00Z,ARR,bad,229.0
2 (04-25),True,False,VANCOUVER,TORONTO,2025-04-25,47,Auden,AUDN,2025-04-28T20:03:32Z,2025-04-28T16:14:00Z,ARR,bad,229.0
2 (04-25),True,False,VANCOUVER,TORONTO,2025-04-25,48,Nakina,NAKI,2025-04-28T21:16:50Z,2025-04-28T17:20:00Z,ARR,bad,236.0
2 (04-25),True,False,VANCOUVER,TORONTO,2025-04-25,49,Longlac,LLAC,2025-04-28T21:58:25Z,2025-04-28T18:11:00Z,ARR,bad,227.0
2 (04-25),True,False,VANCOUVER,TORONTO,2025-04-25,50,Caramat,CARA,2025-04-28T22:30:17Z,2025-04-28T18:39:00Z,ARR,bad,231.0
2 (04-25),True,False,VANCOUVER,TORONTO,2025-04-25,51,Hillsport,HLSP,2025-04-28T23:16:01Z,2025-04-28T19:29:00Z,ARR,bad,227.0
2 (04-25),True,False,VANCOUVER,TORONTO,2025-04-25,52,Hornepayne,HNPN,2025-04-29T01:32:23Z,2025-04-28T21:44:00Z,ARR,bad,228.0
2 (04-25),True,False,VANCOUVER,TORONTO,2025-04-25,53,Oba,OBAX,2025-04-29T03:01:47Z,2025-04-28T23:30:00Z,ARR,bad,211.0
2 (04-25),True,False,VANCOUVER,TORONTO,2025-04-25,54,Elsas,ELSA,2025-04-29T04:35:47Z,2025-04-29T01:04:00Z,39 mins,bad,211.0
2 (04-25),True,False,VANCOUVER,TORONTO,2025-04-25,55,Foleyet,FOLE,2025-04-29T05:58:47Z,2025-04-29T02:27:00Z,2h02,bad,211.0
2 (04-25),True,False,VANCOUVER,TORONTO,2025-04-25,56,Gogama,GOGA,&mdash;,2025-04-29T04:02:00Z,&mdash;,,
2 (04-25),True,False,VANCOUVER,TORONTO,2025-04-25,57,Westree,WSTR,&mdash;,2025-04-29T04:35:00Z,&mdash;,,
2 (04-25),True,False,VANCOUVER,TORONTO,2025-04-25,58,Ruel,RUEL,&mdash;,2025-04-29T04:52:00Z,&mdash;,,
2 (04-25),True,False,VANCOUVER,TORONTO,2025-04-25,59,Felix,FELX,&mdash;,2025-04-29T05:00:00Z,&mdash;,,
2 (04-25),True,False,VANCOUVER,TORONTO,2025-04-25,60,McKee's Camp,MCKC,&mdash;,2025-04-29T05:20:00Z,&mdash;,,
2 (04-25),True,False,VANCOUVER,TORONTO,2025-04-25,61,Laforest,LAFO,&mdash;,2025-04-29T05:33:00Z,&mdash;,,
2 (04-25),True,False,VANCOUVER,TORONTO,2025-04-25,62,Capreol,CAPR,&mdash;,2025-04-29T07:47:00Z,&mdash;,,
2 (04-25),True,False,VANCOUVER,TORONTO,2025-04-25,63,Sudbury (Jct.),SUDJ,&mdash;,2025-04-29T08:49:00Z,&mdash;,,
2 (04-25),True,False,VANCOUVER,TORONTO,2025-04-25,64,Parry Sound,PARS,&mdash;,2025-04-29T12:00:00Z,&mdash;,,
2 (04-25),True,False,VANCOUVER,TORONTO,2025-04-25,65,Washago,WSHG,&mdash;,2025-04-29T14:00:00Z,&mdash;,,
1 (04-27),True,False,TORONTO,VANCOUVER,2025-04-27,0,Toronto,TRTO,2025-04-27T13:55:00Z,2025-04-27T13:55:00Z,ARR,goo,0.0
1 (04-27),True,False,TORONTO,VANCOUVER,2025-04-27,1,Washago,WSHG,2025-04-27T17:14:33Z,2025-04-27T16:25:00Z,ARR,bad,49.0
1 (04-27),True,False,TORONTO,VANCOUVER,2025-04-27,2,South Parry,SPAR,2025-04-27T19:00:35Z,2025-04-27T18:27:00Z,ARR,bad,33.0
1 (04-27),True,False,TORONTO,VANCOUVER,2025-04-27,3,Sudbury (Jct.),SUDJ,2025-04-27T21:59:24Z,2025-04-27T20:57:00Z,ARR,bad,62.0
1 (04-27),True,False,TORONTO,VANCOUVER,2025-04-27,4,Capreol,CAPR,2025-04-27T22:49:24Z,2025-04-27T21:22:00Z,ARR,bad,87.0
1 (04-27),True,False,TORONTO,VANCOUVER,2025-04-27,5,Laforest,LAFO,2025-04-28T00:02:55Z,2025-04-27T22:48:00Z,ARR,bad,74.0
1 (04-27),True,False,TORONTO,VANCOUVER,2025-04-27,6,McKee's Camp,MCKC,2025-04-28T00:15:55Z,2025-04-27T23:01:00Z,ARR,bad,74.0
1 (04-27),True,False,TORONTO,VANCOUVER,2025-04-27,7,Felix,FELX,2025-04-28T00:35:55Z,2025-04-27T23:21:00Z,ARR,bad,74.0
1 (04-27),True,False,TORONTO,VANCOUVER,2025-04-27,8,Ruel,RUEL,2025-04-28T00:42:55Z,2025-04-27T23:28:00Z,ARR,bad,74.0
1 (04-27),True,False,TORONTO,VANCOUVER,2025-04-27,9,Westree,WSTR,2025-04-28T01:04:15Z,2025-04-27T23:45:00Z,ARR,bad,79.0
1 (04-27),True,False,TORONTO,VANCOUVER,2025-04-27,10,Gogama,GOGA,2025-04-28T01:56:56Z,2025-04-28T00:18:00Z,ARR,bad,98.0
1 (04-27),True,False,TORONTO,VANCOUVER,2025-04-27,11,Foleyet,FOLE,2025-04-28T03:50:44Z,2025-04-28T02:44:00Z,ARR,bad,66.0
1 (04-27),True,False,TORONTO,VANCOUVER,2025-04-27,12,Elsas,ELSA,2025-04-28T04:49:36Z,2025-04-28T03:38:00Z,ARR,bad,71.0
1 (04-27),True,False,TORONTO,VANCOUVER,2025-04-27,13,Oba,OBAX,2025-04-28T06:49:36Z,2025-04-28T05:38:00Z,ARR,bad,71.0
1 (04-27),True,False,TORONTO,VANCOUVER,2025-04-27,14,Hornepayne,HNPN,2025-04-28T07:15:17Z,2025-04-28T06:29:00Z,ARR,bad,46.0
1 (04-27),True,False,TORONTO,VANCOUVER,2025-04-27,15,Hillsport,HLSP,2025-04-28T08:58:53Z,2025-04-28T08:05:00Z,ARR,bad,53.0
1 (04-27),True,False,TORONTO,VANCOUVER,2025-04-27,16,Caramat,CARA,2025-04-28T09:56:59Z,2025-04-28T08:55:00Z,ARR,bad,61.0
1 (04-27),True,False,TORONTO,VANCOUVER,2025-04-27,17,Longlac,LLAC,2025-04-28T10:19:54Z,2025-04-28T09:34:00Z,ARR,bad,45.0
1 (04-27),True,False,TORONTO,VANCOUVER,2025-04-27,18,Nakina,NAKI,2025-04-28T11:11:29Z,2025-04-28T10:13:00Z,ARR,bad,58.0
1 (04-27),True,False,TORONTO,VANCOUVER,2025-04-27,19,Auden,AUDN,2025-04-28T12:19:37Z,2025-04-28T11:19:00Z,ARR,bad,60.0
1 (04-27),True,False,TORONTO,VANCOUVER,2025-04-27,20,Ferland,FERL,2025-04-28T12:56:37Z,2025-04-28T11:56:00Z,ARR,bad,60.0
1 (04-27),True,False,TORONTO,VANCOUVER,2025-04-27,21,Mud River,MUDR,2025-04-28T13:05:37Z,2025-04-28T12:05:00Z,ARR,bad,60.0
1 (04-27),True,False,TORONTO,VANCOUVER,2025-04-27,22,Armstrong,ARMG,2025-04-28T13:57:10Z,2025-04-28T13:17:00Z,ARR,bad,40.0
1 (04-27),True,False,TORONTO,VANCOUVER,2025-04-27,23,Collins,COLL,2025-04-28T15:04:47Z,2025-04-28T13:47:00Z,ARR,bad,77.0
1 (04-27),True,False,TORONTO,VANCOUVER,2025-04-27,24,Allanwater Bridge,ALWB,2025-04-28T15:43:47Z,2025-04-28T14:26:00Z,ARR,bad,77.0
1 (04-27),True,False,TORONTO,VANCOUVER,2025-04-27,25,Flindt Landing,FLTL,2025-04-28T15:59:47Z,2025-04-28T14:42:00Z,ARR,bad,77.0
1 (04-27),True,False,TORONTO,VANCOUVER,2025-04-27,26,Savant Lake,SAVL,2025-04-28T16:16:47Z,2025-04-28T14:59:00Z,ARR,bad,77.0
1 (04-27),True,False,TORONTO,VANCOUVER,2025-04-27,27,Sioux Lookout,SLKT,2025-04-28T18:10:35Z,2025-04-28T16:25:00Z,ARR,bad,105.0
1 (04-27),True,False,TORONTO,VANCOUVER,2025-04-27,28,Richan,RCHN,2025-04-28T19:36:49Z,2025-04-28T18:05:00Z,ARR,bad,91.0
1 (04-27),True,False,TORONTO,VANCOUVER,2025-04-27,29,Red Lake Road,RLRX,2025-04-28T20:22:34Z,2025-04-28T18:41:00Z,ARR,bad,101.0
1 (04-27),True,False,TORONTO,VANCOUVER,2025-04-27,30,Canyon,CNYK,2025-04-28T20:46:08Z,2025-04-28T19:10:00Z,ARR,bad,96.0
1 (04-27),True,False,TORONTO,VANCOUVER,2025-04-27,31,Farlane,FARL,2025-04-28T21:17:49Z,2025-04-28T19:47:00Z,ARR,bad,90.0
1 (04-27),True,False,TORONTO,VANCOUVER,2025-04-27,32,Redditt,RDDT,2025-04-28T21:30:30Z,2025-04-28T20:23:00Z,ARR,bad,67.0
1 (04-27),True,False,TORONTO,VANCOUVER,2025-04-27,33,Minaki,MNKI,2025-04-28T21:58:12Z,2025-04-28T20:44:00Z,ARR,bad,74.0
1 (04-27),True,False,TORONTO,VANCOUVER,2025-04-27,34,Ottermere,OTTM,2025-04-28T22:16:05Z,2025-04-28T21:01:00Z,ARR,bad,75.0
1 (04-27),True,False,TORONTO,VANCOUVER,2025-04-27,35,Malachi,MLCH,2025-04-28T22:22:05Z,2025-04-28T21:07:00Z,ARR,bad,75.0
1 (04-27),True,False,TORONTO,VANCOUVER,2025-04-27,36,Copelands Landing,COPE,2025-04-28T22:24:05Z,2025-04-28T21:09:00Z,ARR,bad,75.0
1 (04-27),True,False,TORONTO,VANCOUVER,2025-04-27,37,Rice Lake,RCLK,2025-04-28T22:38:56Z,2025-04-28T21:12:00Z,ARR,bad,86.0
1 (04-27),True,False,TORONTO,VANCOUVER,2025-04-27,38,Winnitoba,WNTB,2025-04-28T22:46:20Z,2025-04-28T21:26:00Z,ARR,bad,80.0
1 (04-27),True,False,TORONTO,VANCOUVER,2025-04-27,39,Ophir,OPHR,2025-04-28T22:47:10Z,2025-04-28T21:31:00Z,ARR,bad,76.0
1 (04-27),True,False,TORONTO,VANCOUVER,2025-04-27,40,Brereton Lake,BRTL,2025-04-28T22:59:51Z,2025-04-28T21:49:00Z,ARR,bad,70.0
1 (04-27),True,False,TORONTO,VANCOUVER,2025-04-27,41,Elma,ELMA,2025-04-28T23:15:46Z,2025-04-28T22:10:00Z,ARR,bad,65.0
1 (04-27),True,False,TORONTO,VANCOUVER,2025-04-27,42,Winnipeg,WNPG,2025-04-29T01:32:23Z,2025-04-29T00:30:00Z,ARR,bad,62.0
1 (04-27),True,False,TORONTO,VANCOUVER,2025-04-27,43,Portage La Prairie,PLPX,2025-04-29T05:28:30Z,2025-04-29T04:04:00Z,1h32,bad,84.0
1 (04-27),True,False,TORONTO,VANCOUVER,2025-04-27,44,Rivers,RVRS,2025-04-29T07:55:30Z,2025-04-29T06:31:00Z,3h59,bad,84.0
1 (04-27),True,False,TORONTO,VANCOUVER,2025-04-27,45,Melville,MELV,&mdash;,2025-04-29T10:54:00Z,&mdash;,,
1 (04-27),True,False,TORONTO,VANCOUVER,2025-04-27,46,Watrous,WATR,&mdash;,2025-04-29T13:54:00Z,&mdash;,,
1 (04-27),True,False,TORONTO,VANCOUVER,2025-04-27,47,Saskatoon,SASK,&mdash;,2025-04-29T15:50:00Z,&mdash;,,
2 (04-28),True,False,VANCOUVER,TORONTO,2025-04-28,0,Vancouver,VCVR,2025-04-28T22:00:00Z,2025-04-28T22:00:00Z,ARR,goo,0.0
2 (04-28),True,False,VANCOUVER,TORONTO,2025-04-28,1,Mission Harbour,MSNH,2025-04-28T23:42:26Z,2025-04-28T23:35:00Z,ARR,med,7.0
2 (04-28),True,False,VANCOUVER,TORONTO,2025-04-28,2,Agassiz,AGAS,2025-04-29T00:31:56Z,2025-04-29T00:03:00Z,ARR,bad,28.0
2 (04-28),True,False,VANCOUVER,TORONTO,2025-04-28,3,Katz,KATZ,2025-04-29T00:46:54Z,2025-04-29T00:17:00Z,ARR,bad,29.0
2 (04-28),True,False,VANCOUVER,TORONTO,2025-04-28,4,North Bend,NBND,2025-04-29T02:44:24Z,2025-04-29T02:46:00Z,ARR,goo,-1.0
2 (04-28),True,False,VANCOUVER,TORONTO,2025-04-28,5,Ashcroft,ASHN,2025-04-29T05:35:14Z,2025-04-29T05:32:00Z,1h38,goo,3.0
2 (04-28),True,False,VANCOUVER,TORONTO,2025-04-28,6,Kamloops North,KAMN,2025-04-29T07:20:14Z,2025-04-29T07:17:00Z,3h23,goo,3.0
2 (04-28),True,False,VANCOUVER,TORONTO,2025-04-28,7,Clearwater,CLWT,&mdash;,2025-04-29T09:58:00Z,&mdash;,,
2 (04-28),True,False,VANCOUVER,TORONTO,2025-04-28,8,Blue River,BLUE,&mdash;,2025-04-29T12:11:00Z,&mdash;,,
2 (04-28),True,False,VANCOUVER,TORONTO,2025-04-28,9,Valemount,VLMT,&mdash;,2025-04-29T14:01:00Z,&mdash;,,
2 (04-28),True,False,VANCOUVER,TORONTO,2025-04-28,10,Jasper,JASP,&mdash;,2025-04-29T17:00:00Z,&mdash;,,
692,True,True,CHURCHILL,WINNIPEG,2025-04-26,0,Churchill,CHUR,2025-04-27T01:30:00Z,2025-04-27T01:30:00Z,ARR,goo,0.0
692,True,True,CHURCHILL,WINNIPEG,2025-04-26,1,Tidal,TIDL,2025-04-27T01:57:22Z,2025-04-27T01:52:00Z,ARR,med,5.0
692,True,True,CHURCHILL,WINNIPEG,2025-04-26,2,Chesnaye,CHES,2025-04-27T02:51:44Z,2025-04-27T02:38:00Z,ARR,med,13.0
692,True,True,CHURCHILL,WINNIPEG,2025-04-26,3,M'Clintock,MCLI,2025-04-27T04:07:44Z,2025-04-27T03:54:00Z,ARR,med,13.0
692,True,True,CHURCHILL,WINNIPEG,2025-04-26,4,O'Day,ODAY,2025-04-27T04:52:44Z,2025-04-27T04:39:00Z,ARR,med,13.0
692,True,True,CHURCHILL,WINNIPEG,2025-04-26,5,Herchmer,HERC,2025-04-27T05:31:44Z,2025-04-27T05:18:00Z,ARR,med,13.0
692,True,True,CHURCHILL,WINNIPEG,2025-04-26,6,Thibaudeau,THIB,2025-04-27T06:57:44Z,2025-04-27T06:44:00Z,ARR,med,13.0
692,True,True,CHURCHILL,WINNIPEG,2025-04-26,7,Weir River,WEIR,2025-04-27T07:30:28Z,2025-04-27T07:46:00Z,ARR,goo,-15.0
692,True,True,CHURCHILL,WINNIPEG,2025-04-26,8,Amery,AMRY,2025-04-27T08:06:04Z,2025-04-27T08:37:00Z,ARR,goo,-30.0
692,True,True,CHURCHILL,WINNIPEG,2025-04-26,9,Bird,BIRD,2025-04-27T08:40:07Z,2025-04-27T09:00:00Z,ARR,goo,-19.0
692,True,True,CHURCHILL,WINNIPEG,2025-04-26,10,Gillam,GILL,2025-04-27T09:26:57Z,2025-04-27T10:00:00Z,ARR,goo,-33.0
692,True,True,CHURCHILL,WINNIPEG,2025-04-26,11,Wivenhoe,WVHO,2025-04-27T11:20:23Z,2025-04-27T11:16:00Z,ARR,goo,4.0
692,True,True,CHURCHILL,WINNIPEG,2025-04-26,12,Ilford,ILFO,2025-04-27T12:22:24Z,2025-04-27T11:53:00Z,ARR,bad,29.0
692,True,True,CHURCHILL,WINNIPEG,2025-04-26,13,Pit Siding,PITS,2025-04-27T13:32:04Z,2025-04-27T12:54:00Z,ARR,bad,38.0
692,True,True,CHURCHILL,WINNIPEG,2025-04-26,14,Bridgar,BRGR,2025-04-27T14:54:04Z,2025-04-27T14:16:00Z,ARR,bad,38.0
692,True,True,CHURCHILL,WINNIPEG,2025-04-26,15,Pikwitonei,PIKW,2025-04-27T15:05:04Z,2025-04-27T14:27:00Z,ARR,bad,38.0
692,True,True,CHURCHILL,WINNIPEG,2025-04-26,16,Sipiwesk,SIPI,2025-04-27T15:32:04Z,2025-04-27T14:54:00Z,ARR,bad,38.0
692,True,True,CHURCHILL,WINNIPEG,2025-04-26,17,Thompson,THOM,2025-04-27T18:07:42Z,2025-04-27T16:30:00Z,ARR,bad,97.0
692,True,True,CHURCHILL,WINNIPEG,2025-04-26,18,Leven,LEVN,2025-04-27T22:08:21Z,2025-04-27T21:05:00Z,ARR,bad,63.0
692,True,True,CHURCHILL,WINNIPEG,2025-04-26,19,Thicket Portage,THKP,2025-04-27T22:25:21Z,2025-04-27T21:22:00Z,ARR,bad,63.0
692,True,True,CHURCHILL,WINNIPEG,2025-04-26,20,Hockin,HOCK,2025-04-27T21:53:51Z,2025-04-27T21:37:00Z,ARR,bad,16.0
692,True,True,CHURCHILL,WINNIPEG,2025-04-26,21,Odhill,ODHI,2025-04-27T22:36:42Z,2025-04-27T22:21:00Z,ARR,bad,15.0
692,True,True,CHURCHILL,WINNIPEG,2025-04-26,22,Lyddal,LYDD,2025-04-27T22:55:46Z,2025-04-27T22:43:00Z,ARR,med,12.0
692,True,True,CHURCHILL,WINNIPEG,2025-04-26,23,Wabowden,WBDN,2025-04-27T23:20:58Z,2025-04-27T23:11:00Z,ARR,med,9.0
692,True,True,CHURCHILL,WINNIPEG,2025-04-26,24,Pipun,PIPN,2025-04-27T23:42:05Z,2025-04-27T23:34:00Z,ARR,med,8.0
692,True,True,CHURCHILL,WINNIPEG,2025-04-26,25,Ponton,PNTN,2025-04-28T00:29:09Z,2025-04-28T00:17:00Z,ARR,med,12.0
692,True,True,CHURCHILL,WINNIPEG,2025-04-26,26,Turnbull,TURN,2025-04-28T00:56:54Z,2025-04-28T00:49:00Z,ARR,med,7.0
692,True,True,CHURCHILL,WINNIPEG,2025-04-26,27,Wekusko,WEKU,2025-04-28T01:19:48Z,2025-04-28T01:16:00Z,ARR,goo,3.0
692,True,True,CHURCHILL,WINNIPEG,2025-04-26,28,Dyce,DYCE,2025-04-28T02:00:40Z,2025-04-28T02:00:00Z,ARR,goo,0.0
692,True,True,CHURCHILL,WINNIPEG,2025-04-26,29,Dering,DERI,2025-04-28T02:39:40Z,2025-04-28T02:39:00Z,ARR,goo,0.0
692,True,True,CHURCHILL,WINNIPEG,2025-04-26,30,Cormorant,CORM,2025-04-28T02:47:40Z,2025-04-28T02:47:00Z,ARR,goo,0.0
692,True,True,CHURCHILL,WINNIPEG,2025-04-26,31,Halcrow,HALC,2025-04-28T02:47:53Z,2025-04-28T02:58:00Z,ARR,goo,-10.0
692,True,True,CHURCHILL,WINNIPEG,2025-04-26,32,Orok,OROK,2025-04-28T03:34:27Z,2025-04-28T03:52:00Z,ARR,goo,-17.0
692,True,True,CHURCHILL,WINNIPEG,2025-04-26,33,The Pas,TPAS,2025-04-28T04:07:02Z,2025-04-28T04:30:00Z,ARR,goo,-22.0
692,True,True,CHURCHILL,WINNIPEG,2025-04-26,34,Hudson Bay,HBAY,2025-04-28T11:01:09Z,2025-04-28T10:27:00Z,ARR,bad,34.0
692,True,True,CHURCHILL,WINNIPEG,2025-04-26,35,Reserve,RSRV,2025-04-28T11:55:46Z,2025-04-28T11:09:00Z,ARR,bad,46.0
692,True,True,CHURCHILL,WINNIPEG,2025-04-26,36,Endeavour,ENDV,2025-04-28T12:50:07Z,2025-04-28T11:55:00Z,ARR,bad,55.0
692,True,True,CHURCHILL,WINNIPEG,2025-04-26,37,Sturgis,STGS,2025-04-28T13:22:34Z,2025-04-28T12:24:00Z,ARR,bad,58.0
692,True,True,CHURCHILL,WINNIPEG,2025-04-26,38,Canora,CANO,2025-04-28T14:10:11Z,2025-04-28T13:08:00Z,ARR,bad,62.0
692,True,True,CHURCHILL,WINNIPEG,2025-04-26,39,Mikado,MIKA,2025-04-28T14:38:18Z,2025-04-28T13:30:00Z,ARR,bad,68.0
692,True,True,CHURCHILL,WINNIPEG,2025-04-26,40,Veregin,VERE,2025-04-28T14:49:07Z,2025-04-28T13:43:00Z,ARR,bad,66.0
692,True,True,CHURCHILL,WINNIPEG,2025-04-26,41,Kamsack,KAMS,2025-04-28T15:00:44Z,2025-04-28T13:58:00Z,ARR,bad,62.0
692,True,True,CHURCHILL,WINNIPEG,2025-04-26,42,Togo,TOGO,2025-04-28T15:32:39Z,2025-04-28T14:37:00Z,ARR,bad,55.0
692,True,True,CHURCHILL,WINNIPEG,2025-04-26,43,Roblin,RBLN,2025-04-28T15:58:46Z,2025-04-28T15:14:00Z,ARR,bad,44.0
692,True,True,CHURCHILL,WINNIPEG,2025-04-26,44,Grandview,GVIE,2025-04-28T17:07:09Z,2025-04-28T16:12:00Z,ARR,bad,55.0
692,True,True,CHURCHILL,WINNIPEG,2025-04-26,45,Gilbert Plains,GLBP,2025-04-28T17:29:14Z,2025-04-28T16:32:00Z,ARR,bad,57.0
692,True,True,CHURCHILL,WINNIPEG,2025-04-26,46,Dauphin,DAUP,2025-04-28T18:11:19Z,2025-04-28T16:56:00Z,ARR,bad,75.0
692,True,True,CHURCHILL,WINNIPEG,2025-04-26,47,Ochre River,OCHR,2025-04-28T18:41:30Z,2025-04-28T17:20:00Z,ARR,bad,81.0
692,True,True,CHURCHILL,WINNIPEG,2025-04-26,48,Laurier,LRIE,2025-04-28T18:57:37Z,2025-04-28T17:38:00Z,ARR,bad,79.0
692,True,True,CHURCHILL,WINNIPEG,2025-04-26,49,Mccreary,MCCR,2025-04-28T19:14:08Z,2025-04-28T17:54:00Z,ARR,bad,80.0
692,True,True,CHURCHILL,WINNIPEG,2025-04-26,50,Glenella,GLNA,2025-04-28T19:56:19Z,2025-04-28T18:34:00Z,ARR,bad,82.0
692,True,True,CHURCHILL,WINNIPEG,2025-04-26,51,Plumas,PLUM,2025-04-28T20:23:17Z,2025-04-28T19:06:00Z,ARR,bad,77.0
692,True,True,CHURCHILL,WINNIPEG,2025-04-26,52,Gladstone,GSTO,2025-04-28T20:52:09Z,2025-04-28T19:51:00Z,ARR,bad,61.0
692,True,True,CHURCHILL,WINNIPEG,2025-04-26,53,Portage La Prairie,PLPX,2025-04-28T21:36:59Z,2025-04-28T20:37:00Z,ARR,bad,59.0
692,True,True,CHURCHILL,WINNIPEG,2025-04-26,54,Winnipeg,WNPG,2025-04-28T22:41:54Z,2025-04-28T21:45:00Z,ARR,bad,56.0
15,True,True,HALIFAX,MONTRÉAL,2025-04-27,0,Halifax,HLFX,2025-04-27T14:30:00Z,2025-04-27T14:30:00Z,ARR,goo,0.0
15,True,True,HALIFAX,MONTRÉAL,2025-04-27,1,Truro,TRUR,2025-04-27T15:54:54Z,2025-04-27T15:56:00Z,ARR,goo,-1.0
15,True,True,HALIFAX,MONTRÉAL,2025-04-27,2,Springhill Jct,SPRJ,2025-04-27T17:10:16Z,2025-04-27T17:12:00Z,ARR,goo,-1.0
15,True,True,HALIFAX,MONTRÉAL,2025-04-27,3,Amherst,AMHS,2025-04-27T17:30:55Z,2025-04-27T17:35:00Z,ARR,goo,-4.0
15,True,True,HALIFAX,MONTRÉAL,2025-04-27,4,Sackville,SACK,2025-04-27T17:45:45Z,2025-04-27T17:52:00Z,ARR,goo,-6.0
15,True,True,HALIFAX,MONTRÉAL,2025-04-27,5,Moncton,MCTN,2025-04-27T18:32:37Z,2025-04-27T18:47:00Z,ARR,goo,-14.0
15,True,True,HALIFAX,MONTRÉAL,2025-04-27,6,Rogersville,RGRV,2025-04-27T20:07:50Z,2025-04-27T20:01:00Z,ARR,med,6.0
15,True,True,HALIFAX,MONTRÉAL,2025-04-27,7,Miramichi,MIRA,2025-04-27T20:56:22Z,2025-04-27T20:52:00Z,ARR,goo,4.0
15,True,True,HALIFAX,MONTRÉAL,2025-04-27,8,Bathurst,BTRS,2025-04-27T22:35:07Z,2025-04-27T22:48:00Z,ARR,goo,-12.0
15,True,True,HALIFAX,MONTRÉAL,2025-04-27,9,Petit Rocher,PROC,2025-04-27T23:15:16Z,2025-04-27T23:17:00Z,ARR,goo,-1.0
15,True,True,HALIFAX,MONTRÉAL,2025-04-27,10,Jacquet River,JACR,2025-04-27T23:39:54Z,2025-04-27T23:40:01Z,ARR,goo,0.0
15,True,True,HALIFAX,MONTRÉAL,2025-04-27,11,Charlo,CHLO,2025-04-28T00:13:53Z,2025-04-28T00:04:00Z,ARR,med,9.0
15,True,True,HALIFAX,MONTRÉAL,2025-04-27,12,Campbellton,CBTN,2025-04-28T01:03:17Z,2025-04-28T01:08:00Z,ARR,goo,-4.0
15,True,True,HALIFAX,MONTRÉAL,2025-04-27,13,Matapedia,MTPD,2025-04-28T01:45:12Z,2025-04-28T01:50:00Z,ARR,goo,-4.0
15,True,True,HALIFAX,MONTRÉAL,2025-04-27,14,Causapscal,CAUS,2025-04-28T02:45:46Z,2025-04-28T02:39:00Z,ARR,med,6.0
15,True,True,HALIFAX,MONTRÉAL,2025-04-27,15,Amqui,AMQU,2025-04-28T03:11:15Z,2025-04-28T02:59:00Z,ARR,med,12.0
15,True,True,HALIFAX,MONTRÉAL,2025-04-27,16,Sayabec,SAYA,2025-04-28T03:41:29Z,2025-04-28T03:21:00Z,ARR,bad,20.0
15,True,True,HALIFAX,MONTRÉAL,2025-04-27,17,Mont-Joli,MJLI,2025-04-28T04:48:02Z,2025-04-28T04:51:00Z,ARR,goo,-2.0
15,True,True,HALIFAX,MONTRÉAL,2025-04-27,18,Rimouski,RMSK,2025-04-28T05:22:25Z,2025-04-28T05:24:00Z,ARR,goo,-1.0
15,True,True,HALIFAX,MONTRÉAL,2025-04-27,19,Trois Pistoles,TPIS,2025-04-28T06:30:57Z,2025-04-28T06:31:00Z,ARR,goo,0.0
15,True,True,HALIFAX,MONTRÉAL,2025-04-27,20,Rivière-Du-Loup,RDLX,2025-04-28T07:11:26Z,2025-04-28T07:18:00Z,ARR,goo,-6.0
15,True,True,HALIFAX,MONTRÉAL,2025-04-27,21,La Pocatière,LPOC,2025-04-28T07:53:31Z,2025-04-28T08:05:00Z,ARR,goo,-11.0
15,True,True,HALIFAX,MONTRÉAL,2025-04-27,22,Montmagny,MMGY,2025-04-28T08:26:26Z,2025-04-28T08:39:00Z,ARR,goo,-12.0
15,True,True,HALIFAX,MONTRÉAL,2025-04-27,23,Ste-Foy,SFOY,2025-04-28T09:06:14Z,2025-04-28T10:13:00Z,ARR,goo,-66.0
15,True,True,HALIFAX,MONTRÉAL,2025-04-27,24,Drummondville,DRMV,2025-04-28T12:45:58Z,2025-04-28T12:20:00Z,ARR,bad,25.0
15,True,True,HALIFAX,MONTRÉAL,2025-04-27,25,St. Hyacinthe,SHYA,2025-04-28T13:16:57Z,2025-04-28T13:00:00Z,ARR,bad,16.0
15,True,True,HALIFAX,MONTRÉAL,2025-04-27,26,St. Lambert,SLAM,2025-04-28T13:46:27Z,2025-04-28T13:34:00Z,ARR,med,12.0
15,True,True,HALIFAX,MONTRÉAL,2025-04-27,27,Montréal,MTRL,2025-04-28T14:07:25Z,2025-04-28T13:53:00Z,ARR,med,14.0
6,True,True,PRINCE RUPERT,JASPER,2025-04-27,0,Prince Rupert,PRUP,2025-04-27T15:01:34Z,2025-04-27T15:00:00Z,ARR,goo,1.0
6,True,True,PRINCE RUPERT,JASPER,2025-04-27,1,Cassiar Cannery,CASS,2025-04-27T15:34:37Z,2025-04-27T15:20:00Z,ARR,med,14.0
6,True,True,PRINCE RUPERT,JASPER,2025-04-27,2,Kwinitsa,KWIN,2025-04-27T16:24:46Z,2025-04-27T16:17:00Z,ARR,med,7.0
6,True,True,PRINCE RUPERT,JASPER,2025-04-27,3,Terrace,TRRC,2025-04-27T17:35:05Z,2025-04-27T17:20:00Z,ARR,bad,15.0
6,True,True,PRINCE RUPERT,JASPER,2025-04-27,4,Usk,USKX,2025-04-27T18:23:30Z,2025-04-27T17:48:00Z,ARR,bad,35.0
6,True,True,PRINCE RUPERT,JASPER,2025-04-27,5,Pacific,PACI,2025-04-27T18:38:54Z,2025-04-27T18:07:00Z,ARR,bad,31.0
6,True,True,PRINCE RUPERT,JASPER,2025-04-27,6,Dorreen,DORR,2025-04-27T18:46:51Z,2025-04-27T18:19:00Z,ARR,bad,27.0
6,True,True,PRINCE RUPERT,JASPER,2025-04-27,7,Cedarvale,CEDA,2025-04-27T19:06:36Z,2025-04-27T18:44:00Z,ARR,bad,22.0
6,True,True,PRINCE RUPERT,JASPER,2025-04-27,8,Kitwanga,KITW,2025-04-27T19:43:48Z,2025-04-27T18:48:01Z,ARR,bad,55.0
6,True,True,PRINCE RUPERT,JASPER,2025-04-27,9,New Hazelton,NHAZ,2025-04-27T20:35:44Z,2025-04-27T19:30:00Z,ARR,bad,65.0
6,True,True,PRINCE RUPERT,JASPER,2025-04-27,10,Smithers,SMTR,2025-04-27T22:57:39Z,2025-04-27T21:14:00Z,ARR,bad,103.0
6,True,True,PRINCE RUPERT,JASPER,2025-04-27,11,Telkwa,TELK,2025-04-27T23:18:12Z,2025-04-27T21:37:00Z,ARR,bad,101.0
6,True,True,PRINCE RUPERT,JASPER,2025-04-27,12,Houston,HOUS,2025-04-28T00:15:02Z,2025-04-27T22:22:00Z,ARR,bad,113.0
6,True,True,PRINCE RUPERT,JASPER,2025-04-27,13,Burns Lake,BRNL,2025-04-28T01:34:59Z,2025-04-27T23:32:00Z,ARR,bad,122.0
6,True,True,PRINCE RUPERT,JASPER,2025-04-27,14,Endako,ENDA,2025-04-28T02:23:00Z,2025-04-28T00:25:00Z,ARR,bad,118.0
6,True,True,PRINCE RUPERT,JASPER,2025-04-27,15,Fort Fraser,FFRA,2025-04-28T02:49:13Z,2025-04-28T00:57:00Z,ARR,bad,112.0
6,True,True,PRINCE RUPERT,JASPER,2025-04-27,16,Vanderhoof,VDRH,2025-04-28T03:24:50Z,2025-04-28T01:35:00Z,ARR,bad,109.0
6,True,True,PRINCE RUPERT,JASPER,2025-04-27,17,Prince George,PGEO,2025-04-28T05:24:36Z,2025-04-28T03:29:00Z,ARR,bad,115.0
6,True,True,PRINCE RUPERT,JASPER,2025-04-27,18,Willow River,WILR,2025-04-28T15:48:00Z,2025-04-28T15:48:00Z,ARR,goo,0.0
6,True,True,PRINCE RUPERT,JASPER,2025-04-27,19,Aleza Lake,ALZL,2025-04-28T16:24:37Z,2025-04-28T16:17:00Z,ARR,med,7.0
6,True,True,PRINCE RUPERT,JASPER,2025-04-27,20,Upper Fraser,UFRZ,2025-04-28T16:32:37Z,2025-04-28T16:25:00Z,ARR,med,7.0
6,True,True,PRINCE RUPERT,JASPER,2025-04-27,21,Mcgregor,MCGR,2025-04-28T16:40:37Z,2025-04-28T16:33:00Z,ARR,med,7.0
6,True,True,PRINCE RUPERT,JASPER,2025-04-27,22,Sinclair Mills,SINM,2025-04-28T16:47:03Z,2025-04-28T16:44:00Z,ARR,goo,3.0
6,True,True,PRINCE RUPERT,JASPER,2025-04-27,23,Hutton,HUTT,2025-04-28T16:51:03Z,2025-04-28T16:48:00Z,ARR,goo,3.0
6,True,True,PRINCE RUPERT,JASPER,2025-04-27,24,Longworth,LWTH,2025-04-28T17:02:03Z,2025-04-28T16:59:00Z,ARR,goo,3.0
6,True,True,PRINCE RUPERT,JASPER,2025-04-27,25,Penny,PENN,2025-04-28T17:12:58Z,2025-04-28T17:13:00Z,ARR,goo,0.0
6,True,True,PRINCE RUPERT,JASPER,2025-04-27,26,Bend,BEND,2025-04-28T17:29:05Z,2025-04-28T17:32:00Z,ARR,goo,-2.0
6,True,True,PRINCE RUPERT,JASPER,2025-04-27,27,Dome Creek,DOMC,2025-04-28T17:31:34Z,2025-04-28T17:33:07Z,ARR,goo,-1.0
6,True,True,PRINCE RUPERT,JASPER,2025-04-27,28,Loos,LOOS,2025-04-28T18:01:50Z,2025-04-28T18:07:00Z,ARR,goo,-5.0
6,True,True,PRINCE RUPERT,JASPER,2025-04-27,29,Goat River,GOAT,2025-04-28T18:15:32Z,2025-04-28T18:22:00Z,ARR,goo,-6.0
6,True,True,PRINCE RUPERT,JASPER,2025-04-27,30,Mcbride,MCBR,2025-04-28T19:10:03Z,2025-04-28T19:18:00Z,ARR,goo,-7.0
6,True,True,PRINCE RUPERT,JASPER,2025-04-27,31,Dunster,DNST,2025-04-28T19:53:32Z,2025-04-28T19:35:00Z,ARR,bad,18.0
6,True,True,PRINCE RUPERT,JASPER,2025-04-27,32,Harvey,HRVY,2025-04-28T20:27:29Z,2025-04-28T20:24:00Z,ARR,goo,3.0
6,True,True,PRINCE RUPERT,JASPER,2025-04-27,33,Jasper,JASP,2025-04-28T22:21:38Z,2025-04-28T23:00:00Z,ARR,goo,-38.0
693,True,False,WINNIPEG,CHURCHILL,2025-04-27,0,Winnipeg,WNPG,2025-04-27T17:05:00Z,2025-04-27T17:05:00Z,ARR,goo,0.0
693,True,False,WINNIPEG,CHURCHILL,2025-04-27,1,Portage La Prairie,PLPX,2025-04-27T18:30:55Z,2025-04-27T18:15:00Z,ARR,bad,15.0
693,True,False,WINNIPEG,CHURCHILL,2025-04-27,2,Gladstone,GSTO,2025-04-27T19:13:48Z,2025-04-27T19:07:00Z,ARR,med,6.0
693,True,False,WINNIPEG,CHURCHILL,2025-04-27,3,Plumas,PLUM,2025-04-27T20:12:32Z,2025-04-27T19:44:00Z,ARR,bad,28.0
693,True,False,WINNIPEG,CHURCHILL,2025-04-27,4,Glenella,GLNA,2025-04-27T20:38:47Z,2025-04-27T20:16:00Z,ARR,bad,22.0
693,True,False,WINNIPEG,CHURCHILL,2025-04-27,5,Mccreary,MCCR,2025-04-27T21:18:40Z,2025-04-27T20:57:00Z,ARR,bad,21.0
693,True,False,WINNIPEG,CHURCHILL,2025-04-27,6,Laurier,LRIE,2025-04-27T21:38:00Z,2025-04-27T21:15:00Z,ARR,bad,23.0
693,True,False,WINNIPEG,CHURCHILL,2025-04-27,7,Ochre River,OCHR,2025-04-27T22:04:17Z,2025-04-27T21:36:00Z,ARR,bad,28.0
693,True,False,WINNIPEG,CHURCHILL,2025-04-27,8,Dauphin,DAUP,2025-04-27T22:30:43Z,2025-04-27T21:56:00Z,ARR,bad,34.0
693,True,False,WINNIPEG,CHURCHILL,2025-04-27,9,Gilbert Plains,GLBP,2025-04-27T23:21:46Z,2025-04-27T22:44:00Z,ARR,bad,37.0
693,True,False,WINNIPEG,CHURCHILL,2025-04-27,10,Grandview,GVIE,2025-04-27T23:41:50Z,2025-04-27T23:00:00Z,ARR,bad,41.0
693,True,False,WINNIPEG,CHURCHILL,2025-04-27,11,Roblin,RBLN,2025-04-28T00:51:24Z,2025-04-27T23:55:00Z,ARR,bad,56.0
693,True,False,WINNIPEG,CHURCHILL,2025-04-27,12,Togo,TOGO,2025-04-28T01:21:56Z,2025-04-28T00:22:00Z,ARR,bad,59.0
693,True,False,WINNIPEG,CHURCHILL,2025-04-27,13,Kamsack,KAMS,2025-04-28T01:54:56Z,2025-04-28T00:59:00Z,ARR,bad,55.0
693,True,False,WINNIPEG,CHURCHILL,2025-04-27,14,Veregin,VERE,2025-04-28T02:06:10Z,2025-04-28T01:12:00Z,ARR,bad,54.0
693,True,False,WINNIPEG,CHURCHILL,2025-04-27,15,Mikado,MIKA,2025-04-28T02:17:46Z,2025-04-28T01:22:00Z,ARR,bad,55.0
693,True,False,WINNIPEG,CHURCHILL,2025-04-27,16,Canora,CANO,2025-04-28T02:30:23Z,2025-04-28T01:36:00Z,ARR,bad,54.0
693,True,False,WINNIPEG,CHURCHILL,2025-04-27,17,Sturgis,STGS,2025-04-28T03:38:21Z,2025-04-28T02:21:00Z,ARR,bad,77.0
693,True,False,WINNIPEG,CHURCHILL,2025-04-27,18,Endeavour,ENDV,2025-04-28T04:10:21Z,2025-04-28T02:54:00Z,ARR,bad,76.0
693,True,False,WINNIPEG,CHURCHILL,2025-04-27,19,Reserve,RSRV,2025-04-28T05:00:25Z,2025-04-28T03:34:00Z,ARR,bad,86.0
693,True,False,WINNIPEG,CHURCHILL,2025-04-27,20,Hudson Bay,HBAY,2025-04-28T05:51:31Z,2025-04-28T04:32:00Z,ARR,bad,79.0
693,True,False,WINNIPEG,CHURCHILL,2025-04-27,21,The Pas,TPAS,2025-04-28T08:48:48Z,2025-04-28T06:45:00Z,ARR,bad,123.0
693,True,False,WINNIPEG,CHURCHILL,2025-04-27,22,Orok,OROK,2025-04-28T09:30:54Z,2025-04-28T08:07:00Z,ARR,bad,83.0
693,True,False,WINNIPEG,CHURCHILL,2025-04-27,23,Halcrow,HALC,2025-04-28T10:21:00Z,2025-04-28T09:01:00Z,ARR,bad,80.0
693,True,False,WINNIPEG,CHURCHILL,2025-04-27,24,Cormorant,CORM,2025-04-28T10:26:31Z,2025-04-28T09:12:00Z,ARR,bad,74.0
693,True,False,WINNIPEG,CHURCHILL,2025-04-27,25,Dering,DERI,2025-04-28T10:34:31Z,2025-04-28T09:20:00Z,ARR,bad,74.0
693,True,False,WINNIPEG,CHURCHILL,2025-04-27,26,Dyce,DYCE,2025-04-28T11:15:42Z,2025-04-28T09:59:00Z,ARR,bad,76.0
693,True,False,WINNIPEG,CHURCHILL,2025-04-27,27,Wekusko,WEKU,2025-04-28T11:52:59Z,2025-04-28T10:43:00Z,ARR,bad,69.0
693,True,False,WINNIPEG,CHURCHILL,2025-04-27,28,Turnbull,TURN,2025-04-28T12:16:06Z,2025-04-28T11:10:00Z,ARR,bad,66.0
693,True,False,WINNIPEG,CHURCHILL,2025-04-27,29,Ponton,PNTN,2025-04-28T12:42:38Z,2025-04-28T11:42:00Z,ARR,bad,60.0
693,True,False,WINNIPEG,CHURCHILL,2025-04-27,30,Pipun,PIPN,2025-04-28T13:28:13Z,2025-04-28T12:25:00Z,ARR,bad,63.0
693,True,False,WINNIPEG,CHURCHILL,2025-04-27,31,Wabowden,WBDN,2025-04-28T13:41:57Z,2025-04-28T12:48:00Z,ARR,bad,53.0
693,True,False,WINNIPEG,CHURCHILL,2025-04-27,32,Lyddal,LYDD,2025-04-28T14:10:56Z,2025-04-28T13:16:00Z,ARR,bad,54.0
693,True,False,WINNIPEG,CHURCHILL,2025-04-27,33,Odhill,ODHI,2025-04-28T14:31:55Z,2025-04-28T13:38:00Z,ARR,bad,53.0
693,True,False,WINNIPEG,CHURCHILL,2025-04-27,34,Hockin,HOCK,2025-04-28T15:07:41Z,2025-04-28T14:22:00Z,ARR,bad,45.0
693,True,False,WINNIPEG,CHURCHILL,2025-04-27,35,Thicket Portage,THKP,2025-04-28T15:22:41Z,2025-04-28T14:37:00Z,ARR,bad,45.0
693,True,False,WINNIPEG,CHURCHILL,2025-04-27,36,Leven,LEVN,2025-04-28T15:39:41Z,2025-04-28T14:54:00Z,ARR,bad,45.0
693,True,False,WINNIPEG,CHURCHILL,2025-04-27,37,Thompson,THOM,2025-04-28T19:07:28Z,2025-04-28T17:00:00Z,ARR,bad,127.0
693,True,False,WINNIPEG,CHURCHILL,2025-04-27,38,Sipiwesk,SIPI,2025-04-28T23:21:50Z,2025-04-28T23:35:00Z,ARR,goo,-13.0
693,True,False,WINNIPEG,CHURCHILL,2025-04-27,39,Pikwitonei,PIKW,2025-04-28T23:47:15Z,2025-04-29T00:02:00Z,ARR,goo,-14.0
693,True,False,WINNIPEG,CHURCHILL,2025-04-27,40,Bridgar,BRGR,2025-04-29T00:13:00Z,2025-04-29T00:13:00Z,ARR,goo,0.0
693,True,False,WINNIPEG,CHURCHILL,2025-04-27,41,Pit Siding,PITS,2025-04-29T01:35:00Z,2025-04-29T01:35:00Z,ARR,goo,0.0
693,True,False,WINNIPEG,CHURCHILL,2025-04-27,42,Ilford,ILFO,2025-04-29T02:36:00Z,2025-04-29T02:36:00Z,ARR,goo,0.0
693,True,False,WINNIPEG,CHURCHILL,2025-04-27,43,Wivenhoe,WVHO,2025-04-29T03:27:39Z,2025-04-29T03:13:00Z,ARR,med,14.0
693,True,False,WINNIPEG,CHURCHILL,2025-04-27,44,Gillam,GILL,2025-04-29T04:16:44Z,2025-04-29T04:00:01Z,20 mins,bad,16.0
693,True,False,WINNIPEG,CHURCHILL,2025-04-27,45,Bird,BIRD,2025-04-29T05:45:43Z,2025-04-29T05:29:00Z,1h49,bad,16.0
693,True,False,WINNIPEG,CHURCHILL,2025-04-27,46,Amery,AMRY,2025-04-29T06:08:43Z,2025-04-29T05:52:00Z,2h12,bad,16.0
693,True,False,WINNIPEG,CHURCHILL,2025-04-27,47,Weir River,WEIR,2025-04-29T06:59:43Z,2025-04-29T06:43:00Z,3h03,bad,16.0
693,True,False,WINNIPEG,CHURCHILL,2025-04-27,48,Thibaudeau,THIB,2025-04-29T08:16:43Z,2025-04-29T08:00:00Z,4h20,bad,16.0
693,True,False,WINNIPEG,CHURCHILL,2025-04-27,49,Herchmer,HERC,2025-04-29T09:42:43Z,2025-04-29T09:26:00Z,5h46,bad,16.0
693,True,False,WINNIPEG,CHURCHILL,2025-04-27,50,O'Day,ODAY,2025-04-29T10:21:43Z,2025-04-29T10:05:00Z,6h25,bad,16.0
693,True,False,WINNIPEG,CHURCHILL,2025-04-27,51,M'Clintock,MCLI,2025-04-29T11:06:43Z,2025-04-29T10:50:00Z,7h10,bad,16.0
693,True,False,WINNIPEG,CHURCHILL,2025-04-27,52,Chesnaye,CHES,2025-04-29T12:22:43Z,2025-04-29T12:06:00Z,8h26,bad,16.0
693,True,False,WINNIPEG,CHURCHILL,2025-04-27,53,Tidal,TIDL,2025-04-29T13:53:43Z,2025-04-29T13:37:00Z,9h57,bad,16.0
693,True,False,WINNIPEG,CHURCHILL,2025-04-27,54,Churchill,CHUR,2025-04-29T14:16:43Z,2025-04-29T14:00:00Z,10h20,bad,16.0
5,True,False,JASPER,PRINCE RUPERT,2025-04-27,0,Jasper,JASP,2025-04-27T16:45:00Z,2025-04-27T16:45:00Z,ARR,goo,0.0
5,True,False,JASPER,PRINCE RUPERT,2025-04-27,1,Harvey,HRVY,2025-04-27T19:00:47Z,2025-04-27T18:38:00Z,ARR,bad,22.0
5,True,False,JASPER,PRINCE RUPERT,2025-04-27,2,Dunster,DNST,2025-04-27T19:43:42Z,2025-04-27T19:12:00Z,ARR,bad,31.0
5,True,False,JASPER,PRINCE RUPERT,2025-04-27,3,Mcbride,MCBR,2025-04-27T20:21:27Z,2025-04-27T19:44:00Z,ARR,bad,37.0
5,True,False,JASPER,PRINCE RUPERT,2025-04-27,4,Goat River,GOAT,2025-04-27T21:25:13Z,2025-04-27T20:41:00Z,ARR,bad,44.0
5,True,False,JASPER,PRINCE RUPERT,2025-04-27,5,Loos,LOOS,2025-04-27T21:40:03Z,2025-04-27T20:58:00Z,ARR,bad,42.0
5,True,False,JASPER,PRINCE RUPERT,2025-04-27,6,Dome Creek,DOMC,2025-04-27T22:08:26Z,2025-04-27T21:32:00Z,ARR,bad,36.0
5,True,False,JASPER,PRINCE RUPERT,2025-04-27,7,Bend,BEND,2025-04-27T22:10:33Z,2025-04-27T21:36:00Z,ARR,bad,34.0
5,True,False,JASPER,PRINCE RUPERT,2025-04-27,8,Penny,PENN,2025-04-27T22:28:01Z,2025-04-27T21:56:00Z,ARR,bad,32.0
5,True,False,JASPER,PRINCE RUPERT,2025-04-27,9,Longworth,LWTH,2025-04-27T22:40:33Z,2025-04-27T22:11:00Z,ARR,bad,29.0
5,True,False,JASPER,PRINCE RUPERT,2025-04-27,10,Hutton,HUTT,2025-04-27T22:50:54Z,2025-04-27T22:24:00Z,ARR,bad,26.0
5,True,False,JASPER,PRINCE RUPERT,2025-04-27,11,Sinclair Mills,SINM,2025-04-27T22:56:54Z,2025-04-27T22:30:00Z,ARR,bad,26.0
5,True,False,JASPER,PRINCE RUPERT,2025-04-27,12,Mcgregor,MCGR,2025-04-27T23:04:53Z,2025-04-27T22:43:00Z,ARR,bad,21.0
5,True,False,JASPER,PRINCE RUPERT,2025-04-27,13,Upper Fraser,UFRZ,2025-04-27T23:13:53Z,2025-04-27T22:52:00Z,ARR,bad,21.0
5,True,False,JASPER,PRINCE RUPERT,2025-04-27,14,Aleza Lake,ALZL,2025-04-27T23:22:53Z,2025-04-27T23:01:00Z,ARR,bad,21.0
5,True,False,JASPER,PRINCE RUPERT,2025-04-27,15,Willow River,WILR,2025-04-27T23:41:05Z,2025-04-27T23:31:00Z,ARR,med,10.0
5,True,False,JASPER,PRINCE RUPERT,2025-04-27,16,Prince George,PGEO,2025-04-28T00:26:29Z,2025-04-28T00:08:00Z,ARR,bad,18.0
5,True,False,JASPER,PRINCE RUPERT,2025-04-27,17,Vanderhoof,VDRH,2025-04-28T17:30:22Z,2025-04-28T16:55:00Z,ARR,bad,35.0
5,True,False,JASPER,PRINCE RUPERT,2025-04-27,18,Fort Fraser,FFRA,2025-04-28T18:02:14Z,2025-04-28T17:32:00Z,ARR,bad,30.0
5,True,False,JASPER,PRINCE RUPERT,2025-04-27,19,Endako,ENDA,2025-04-28T18:29:28Z,2025-04-28T17:50:00Z,ARR,bad,39.0
5,True,False,JASPER,PRINCE RUPERT,2025-04-27,20,Burns Lake,BRNL,2025-04-28T19:15:27Z,2025-04-28T18:58:00Z,ARR,bad,17.0
5,True,False,JASPER,PRINCE RUPERT,2025-04-27,21,Houston,HOUS,2025-04-28T20:23:38Z,2025-04-28T20:08:00Z,ARR,bad,15.0
5,True,False,JASPER,PRINCE RUPERT,2025-04-27,22,Telkwa,TELK,2025-04-28T21:06:19Z,2025-04-28T20:52:00Z,ARR,med,14.0
5,True,False,JASPER,PRINCE RUPERT,2025-04-27,23,Smithers,SMTR,2025-04-28T21:17:49Z,2025-04-28T21:10:00Z,ARR,med,7.0
5,True,False,JASPER,PRINCE RUPERT,2025-04-27,24,New Hazelton,NHAZ,2025-04-28T23:13:26Z,2025-04-28T22:37:00Z,ARR,bad,36.0
5,True,False,JASPER,PRINCE RUPERT,2025-04-27,25,Kitwanga,KITW,2025-04-28T23:56:24Z,2025-04-28T23:27:00Z,ARR,bad,29.0
5,True,False,JASPER,PRINCE RUPERT,2025-04-27,26,Cedarvale,CEDA,2025-04-29T00:16:12Z,2025-04-28T23:51:00Z,ARR,bad,25.0
5,True,False,JASPER,PRINCE RUPERT,2025-04-27,27,Dorreen,DORR,2025-04-29T00:35:35Z,2025-04-29T00:12:00Z,ARR,bad,23.0
5,True,False,JASPER,PRINCE RUPERT,2025-04-27,28,Pacific,PACI,2025-04-29T00:42:54Z,2025-04-29T00:21:00Z,ARR,bad,21.0
5,True,False,JASPER,PRINCE RUPERT,2025-04-27,29,Usk,USKX,2025-04-29T01:43:39Z,2025-04-29T00:40:00Z,ARR,bad,63.0
5,True,False,JASPER,PRINCE RUPERT,2025-04-27,30,Terrace,TRRC,2025-04-29T02:01:04Z,2025-04-29T01:00:00Z,ARR,bad,61.0
5,True,False,JASPER,PRINCE RUPERT,2025-04-27,31,Kwinitsa,KWIN,2025-04-29T02:59:36Z,2025-04-29T02:09:00Z,ARR,bad,50.0
5,True,False,JASPER,PRINCE RUPERT,2025-04-27,32,Cassiar Cannery,CASS,2025-04-29T03:37:08Z,2025-04-29T02:45:00Z,ARR,bad,52.0
5,True,False,JASPER,PRINCE RUPERT,2025-04-27,33,Prince Rupert,PRUP,2025-04-29T04:14:12Z,2025-04-29T03:25:00Z,17 mins,bad,49.0
14,True,True,MONTRÉAL,HALIFAX,2025-04-27,0,Montréal,MTRL,2025-04-27T22:37:00Z,2025-04-27T22:30:00Z,ARR,med,7.0
14,True,True,MONTRÉAL,HALIFAX,2025-04-27,1,St. Lambert,SLAM,2025-04-27T22:59:45Z,2025-04-27T22:45:00Z,ARR,med,14.0
14,True,True,MONTRÉAL,HALIFAX,2025-04-27,2,St. Hyacinthe,SHYA,2025-04-27T23:33:57Z,2025-04-27T23:23:00Z,ARR,med,10.0
14,True,True,MONTRÉAL,HALIFAX,2025-04-27,3,Drummondville,DRMV,2025-04-28T00:12:53Z,2025-04-28T00:04:00Z,ARR,med,8.0
14,True,True,MONTRÉAL,HALIFAX,2025-04-27,4,Ste-Foy,SFOY,2025-04-28T01:42:11Z,2025-04-28T01:48:00Z,ARR,goo,-5.0
14,True,True,MONTRÉAL,HALIFAX,2025-04-27,5,Montmagny,MMGY,2025-04-28T03:12:43Z,2025-04-28T03:17:00Z,ARR,goo,-4.0
14,True,True,MONTRÉAL,HALIFAX,2025-04-27,6,La Pocatière,LPOC,2025-04-28T03:45:16Z,2025-04-28T03:50:00Z,ARR,goo,-4.0
14,True,True,MONTRÉAL,HALIFAX,2025-04-27,7,Rivière-Du-Loup,RDLX,2025-04-28T04:27:45Z,2025-04-28T04:31:00Z,ARR,goo,-3.0
14,True,True,MONTRÉAL,HALIFAX,2025-04-27,8,Trois Pistoles,TPIS,2025-04-28T05:10:25Z,2025-04-28T05:15:00Z,ARR,goo,-4.0
14,True,True,MONTRÉAL,HALIFAX,2025-04-27,9,Rimouski,RMSK,2025-04-28T06:24:03Z,2025-04-28T06:24:00Z,ARR,goo,0.0
14,True,True,MONTRÉAL,HALIFAX,2025-04-27,10,Mont-Joli,MJLI,2025-04-28T07:04:50Z,2025-04-28T07:04:00Z,ARR,goo,0.0
14,True,True,MONTRÉAL,HALIFAX,2025-04-27,11,Sayabec,SAYA,2025-04-28T08:07:10Z,2025-04-28T08:09:00Z,ARR,goo,-1.0
14,True,True,MONTRÉAL,HALIFAX,2025-04-27,12,Amqui,AMQU,2025-04-28T08:35:12Z,2025-04-28T08:30:00Z,ARR,med,5.0
14,True,True,MONTRÉAL,HALIFAX,2025-04-27,13,Causapscal,CAUS,2025-04-28T09:01:33Z,2025-04-28T08:52:00Z,ARR,med,9.0
14,True,True,MONTRÉAL,HALIFAX,2025-04-27,14,Matapedia,MTPD,2025-04-28T09:55:59Z,2025-04-28T09:38:00Z,ARR,bad,17.0
14,True,True,MONTRÉAL,HALIFAX,2025-04-27,15,Campbellton,CBTN,2025-04-28T10:27:35Z,2025-04-28T10:23:00Z,ARR,goo,4.0
14,True,True,MONTRÉAL,HALIFAX,2025-04-27,16,Charlo,CHLO,2025-04-28T11:20:44Z,2025-04-28T11:06:00Z,ARR,med,14.0
14,True,True,MONTRÉAL,HALIFAX,2025-04-27,17,Jacquet River,JACR,2025-04-28T11:58:34Z,2025-04-28T11:30:00Z,ARR,bad,28.0
14,True,True,MONTRÉAL,HALIFAX,2025-04-27,18,Petit Rocher,PROC,2025-04-28T12:24:11Z,2025-04-28T11:53:00Z,ARR,bad,31.0
14,True,True,MONTRÉAL,HALIFAX,2025-04-27,19,Bathurst,BTRS,2025-04-28T12:43:14Z,2025-04-28T12:42:00Z,ARR,goo,1.0
14,True,True,MONTRÉAL,HALIFAX,2025-04-27,20,Miramichi,MIRA,2025-04-28T14:22:34Z,2025-04-28T14:33:00Z,ARR,goo,-10.0
14,True,True,MONTRÉAL,HALIFAX,2025-04-27,21,Rogersville,RGRV,2025-04-28T15:15:28Z,2025-04-28T15:28:00Z,ARR,goo,-12.0
14,True,True,MONTRÉAL,HALIFAX,2025-04-27,22,Moncton,MCTN,2025-04-28T16:35:17Z,2025-04-28T16:38:00Z,ARR,goo,-2.0
14,True,True,MONTRÉAL,HALIFAX,2025-04-27,23,Sackville,SACK,2025-04-28T17:47:11Z,2025-04-28T17:38:00Z,ARR,med,9.0
14,True,True,MONTRÉAL,HALIFAX,2025-04-27,24,Amherst,AMHS,2025-04-28T18:02:49Z,2025-04-28T17:54:00Z,ARR,med,8.0
14,True,True,MONTRÉAL,HALIFAX,2025-04-27,25,Springhill Jct,SPRJ,2025-04-28T18:30:39Z,2025-04-28T18:18:00Z,ARR,med,12.0
14,True,True,MONTRÉAL,HALIFAX,2025-04-27,26,Truro,TRUR,2025-04-28T19:40:16Z,2025-04-28T19:32:00Z,ARR,med,8.0
14,True,True,MONTRÉAL,HALIFAX,2025-04-27,27,Halifax,HLFX,2025-04-28T21:10:57Z,2025-04-28T21:06:00Z,ARR,goo,4.0
20,True,True,MONTRÉAL,QUÉBEC,2025-04-28,0,Montréal,MTRL,2025-04-28T10:25:00Z,2025-04-28T10:25:00Z,ARR,goo,0.0
20,True,True,MONTRÉAL,QUÉBEC,2025-04-28,1,St. Lambert,SLAM,2025-04-28T10:59:13Z,2025-04-28T10:38:00Z,ARR,bad,21.0
20,True,True,MONTRÉAL,QUÉBEC,2025-04-28,2,St. Hyacinthe,SHYA,2025-04-28T11:31:35Z,2025-04-28T11:06:00Z,ARR,bad,25.0
20,True,True,MONTRÉAL,QUÉBEC,2025-04-28,3,Drummondville,DRMV,2025-04-28T12:08:07Z,2025-04-28T11:43:00Z,ARR,bad,25.0
20,True,True,MONTRÉAL,QUÉBEC,2025-04-28,4,Ste-Foy,SFOY,2025-04-28T13:49:34Z,2025-04-28T13:25:00Z,ARR,bad,24.0
20,True,True,MONTRÉAL,QUÉBEC,2025-04-28,5,Québec,QBEC,2025-04-28T14:16:47Z,2025-04-28T13:52:00Z,ARR,bad,24.0
22,True,True,OTTAWA,QUÉBEC,2025-04-28,0,Ottawa,OTTW,2025-04-28T10:07:21Z,2025-04-28T10:07:00Z,ARR,goo,0.0
22,True,True,OTTAWA,QUÉBEC,2025-04-28,1,Casselman,CSLM,2025-04-28T10:32:04Z,2025-04-28T10:33:00Z,ARR,goo,0.0
22,True,True,OTTAWA,QUÉBEC,2025-04-28,2,Alexandria,ALEX,2025-04-28T10:54:49Z,2025-04-28T10:55:00Z,ARR,goo,0.0
22,True,True,OTTAWA,QUÉBEC,2025-04-28,3,Coteau,COTO,2025-04-28T11:15:42Z,2025-04-28T11:23:00Z,ARR,goo,-7.0
22,True,True,OTTAWA,QUÉBEC,2025-04-28,4,Dorval,DORV,2025-04-28T11:58:56Z,2025-04-28T11:47:00Z,ARR,med,11.0
22,True,True,OTTAWA,QUÉBEC,2025-04-28,5,Montréal,MTRL,2025-04-28T12:21:42Z,2025-04-28T12:11:00Z,ARR,med,10.0
22,True,True,OTTAWA,QUÉBEC,2025-04-28,6,St. Lambert,SLAM,2025-04-28T13:02:54Z,2025-04-28T12:49:00Z,ARR,med,13.0
22,True,True,OTTAWA,QUÉBEC,2025-04-28,7,St. Hyacinthe,SHYA,2025-04-28T13:37:34Z,2025-04-28T13:16:00Z,ARR,bad,21.0
22,True,True,OTTAWA,QUÉBEC,2025-04-28,8,Drummondville,DRMV,2025-04-28T14:14:28Z,2025-04-28T13:44:00Z,ARR,bad,30.0
22,True,True,OTTAWA,QUÉBEC,2025-04-28,9,Ste-Foy,SFOY,2025-04-28T15:49:40Z,2025-04-28T15:19:00Z,ARR,bad,30.0
22,True,True,OTTAWA,QUÉBEC,2025-04-28,10,Québec,QBEC,2025-04-28T16:17:51Z,2025-04-28T15:47:00Z,ARR,bad,30.0
24,True,True,OTTAWA,QUÉBEC,2025-04-28,0,Ottawa,OTTW,2025-04-28T14:13:00Z,2025-04-28T14:13:00Z,ARR,goo,0.0
24,True,True,OTTAWA,QUÉBEC,2025-04-28,1,Alexandria,ALEX,2025-04-28T14:55:47Z,2025-04-28T15:03:00Z,ARR,goo,-7.0
24,True,True,OTTAWA,QUÉBEC,2025-04-28,2,Coteau,COTO,2025-04-28T15:17:19Z,2025-04-28T15:26:00Z,ARR,goo,-8.0
24,True,True,OTTAWA,QUÉBEC,2025-04-28,3,Dorval,DORV,2025-04-28T15:59:35Z,2025-04-28T15:50:00Z,ARR,med,9.0
24,True,True,OTTAWA,QUÉBEC,2025-04-28,4,Montréal,MTRL,2025-04-28T16:22:53Z,2025-04-28T16:15:00Z,ARR,med,7.0
24,True,True,OTTAWA,QUÉBEC,2025-04-28,5,St. Lambert,SLAM,2025-04-28T17:08:37Z,2025-04-28T16:58:00Z,ARR,med,10.0
24,True,True,OTTAWA,QUÉBEC,2025-04-28,6,St. Hyacinthe,SHYA,2025-04-28T17:43:19Z,2025-04-28T17:26:00Z,ARR,bad,17.0
24,True,True,OTTAWA,QUÉBEC,2025-04-28,7,Drummondville,DRMV,2025-04-28T18:21:39Z,2025-04-28T17:54:00Z,ARR,bad,27.0
24,True,True,OTTAWA,QUÉBEC,2025-04-28,8,Charny,CHNY,2025-04-28T20:09:16Z,2025-04-28T19:38:00Z,ARR,bad,31.0
24,True,True,OTTAWA,QUÉBEC,2025-04-28,9,Ste-Foy,SFOY,2025-04-28T20:17:18Z,2025-04-28T19:45:00Z,ARR,bad,32.0
24,True,True,OTTAWA,QUÉBEC,2025-04-28,10,Québec,QBEC,2025-04-28T20:46:31Z,2025-04-28T20:12:00Z,ARR,bad,34.0
37,True,True,QUÉBEC,OTTAWA,2025-04-28,0,Québec,QBEC,2025-04-28T16:32:00Z,2025-04-28T16:32:00Z,ARR,goo,0.0
37,True,True,QUÉBEC,OTTAWA,2025-04-28,1,Ste-Foy,SFOY,2025-04-28T16:58:32Z,2025-04-28T16:57:00Z,ARR,goo,1.0
37,True,True,QUÉBEC,OTTAWA,2025-04-28,2,Drummondville,DRMV,2025-04-28T18:41:48Z,2025-04-28T18:44:00Z,ARR,goo,-2.0
37,True,True,QUÉBEC,OTTAWA,2025-04-28,3,St. Hyacinthe,SHYA,2025-04-28T19:24:12Z,2025-04-28T19:12:00Z,ARR,med,12.0
37,True,True,QUÉBEC,OTTAWA,2025-04-28,4,St. Lambert,SLAM,2025-04-28T19:58:09Z,2025-04-28T19:39:00Z,ARR,bad,19.0
37,True,True,QUÉBEC,OTTAWA,2025-04-28,5,Montréal,MTRL,2025-04-28T20:13:34Z,2025-04-28T19:54:00Z,ARR,bad,19.0
37,True,True,QUÉBEC,OTTAWA,2025-04-28,6,Dorval,DORV,2025-04-28T21:05:06Z,2025-04-28T20:54:00Z,ARR,med,11.0
37,True,True,QUÉBEC,OTTAWA,2025-04-28,7,Coteau,COTO,2025-04-28T21:37:47Z,2025-04-28T21:23:00Z,ARR,med,14.0
37,True,True,QUÉBEC,OTTAWA,2025-04-28,8,Alexandria,ALEX,2025-04-28T21:59:53Z,2025-04-28T21:45:00Z,ARR,med,14.0
37,True,True,QUÉBEC,OTTAWA,2025-04-28,9,Ottawa,OTTW,2025-04-28T22:50:59Z,2025-04-28T22:37:00Z,ARR,med,13.0
41,True,True,OTTAWA,TORONTO,2025-04-28,0,Ottawa,OTTW,2025-04-28T09:21:00Z,2025-04-28T09:21:00Z,ARR,goo,0.0
41,True,True,OTTAWA,TORONTO,2025-04-28,1,Fallowfield,FALL,2025-04-28T09:36:10Z,2025-04-28T09:38:00Z,ARR,goo,-1.0
41,True,True,OTTAWA,TORONTO,2025-04-28,2,Smiths Falls,SMTF,2025-04-28T10:05:29Z,2025-04-28T10:08:00Z,ARR,goo,-2.0
41,True,True,OTTAWA,TORONTO,2025-04-28,3,Brockville,BRKV,2025-04-28T10:36:42Z,2025-04-28T10:40:00Z,ARR,goo,-3.0
41,True,True,OTTAWA,TORONTO,2025-04-28,4,Kingston,KGON,2025-04-28T11:30:37Z,2025-04-28T11:25:00Z,ARR,med,5.0
41,True,True,OTTAWA,TORONTO,2025-04-28,5,Napanee,NAPN,2025-04-28T11:56:23Z,2025-04-28T11:49:00Z,ARR,med,7.0
41,True,True,OTTAWA,TORONTO,2025-04-28,6,Belleville,BLVL,2025-04-28T12:20:30Z,2025-04-28T12:07:00Z,ARR,med,13.0
41,True,True,OTTAWA,TORONTO,2025-04-28,7,Trenton Jct.,TRNJ,2025-04-28T12:33:44Z,2025-04-28T12:20:00Z,ARR,med,13.0
41,True,True,OTTAWA,TORONTO,2025-04-28,8,Cobourg,CBRG,2025-04-28T13:04:14Z,2025-04-28T12:44:00Z,ARR,bad,20.0
41,True,True,OTTAWA,TORONTO,2025-04-28,9,Oshawa,OSHA,2025-04-28T13:44:16Z,2025-04-28T13:19:00Z,ARR,bad,25.0
41,True,True,OTTAWA,TORONTO,2025-04-28,10,Toronto,TRTO,2025-04-28T14:33:17Z,2025-04-28T14:02:00Z,ARR,bad,31.0
50,True,True,TORONTO,OTTAWA,2025-04-28,0,Toronto,TRTO,2025-04-28T10:32:00Z,2025-04-28T10:32:00Z,ARR,goo,0.0
50,True,True,TORONTO,OTTAWA,2025-04-28,1,Guildwood,GUIL,2025-04-28T10:48:37Z,2025-04-28T10:50:00Z,ARR,goo,-1.0
50,True,True,TORONTO,OTTAWA,2025-04-28,2,Oshawa,OSHA,2025-04-28T11:09:40Z,2025-04-28T11:08:00Z,ARR,goo,1.0
50,True,True,TORONTO,OTTAWA,2025-04-28,3,Cobourg,CBRG,2025-04-28T11:50:02Z,2025-04-28T11:43:00Z,ARR,med,7.0
50,True,True,TORONTO,OTTAWA,2025-04-28,4,Belleville,BLVL,2025-04-28T12:29:17Z,2025-04-28T12:18:00Z,ARR,med,11.0
50,True,True,TORONTO,OTTAWA,2025-04-28,5,Kingston,KGON,2025-04-28T13:08:30Z,2025-04-28T12:57:00Z,ARR,med,11.0
50,True,True,TORONTO,OTTAWA,2025-04-28,6,Brockville,BRKV,2025-04-28T14:15:56Z,2025-04-28T13:54:00Z,ARR,bad,21.0
50,True,True,TORONTO,OTTAWA,2025-04-28,7,Smiths Falls,SMTF,2025-04-28T14:46:24Z,2025-04-28T14:29:00Z,ARR,bad,17.0
50,True,True,TORONTO,OTTAWA,2025-04-28,8,Fallowfield,FALL,2025-04-28T15:13:29Z,2025-04-28T15:01:00Z,ARR,med,12.0
50,True,True,TORONTO,OTTAWA,2025-04-28,9,Ottawa,OTTW,2025-04-28T15:33:05Z,2025-04-28T15:21:00Z,ARR,med,12.0
52,True,True,TORONTO,OTTAWA,2025-04-28,0,Toronto,TRTO,2025-04-28T12:32:28Z,2025-04-28T12:32:00Z,ARR,goo,0.0
52,True,True,TORONTO,OTTAWA,2025-04-28,1,Guildwood,GUIL,2025-04-28T12:50:44Z,2025-04-28T12:50:00Z,ARR,goo,0.0
52,True,True,TORONTO,OTTAWA,2025-04-28,2,Oshawa,OSHA,2025-04-28T13:09:50Z,2025-04-28T13:09:00Z,ARR,goo,0.0
52,True,True,TORONTO,OTTAWA,2025-04-28,3,Cobourg,CBRG,2025-04-28T13:43:28Z,2025-04-28T13:44:00Z,ARR,goo,0.0
52,True,True,TORONTO,OTTAWA,2025-04-28,4,Belleville,BLVL,2025-04-28T14:18:01Z,2025-04-28T14:20:00Z,ARR,goo,-1.0
52,True,True,TORONTO,OTTAWA,2025-04-28,5,Kingston,KGON,2025-04-28T15:14:56Z,2025-04-28T15:00:00Z,ARR,med,14.0
52,True,True,TORONTO,OTTAWA,2025-04-28,6,Brockville,BRKV,2025-04-28T16:02:23Z,2025-04-28T15:57:00Z,ARR,med,5.0
52,True,True,TORONTO,OTTAWA,2025-04-28,7,Smiths Falls,SMTF,2025-04-28T16:50:58Z,2025-04-28T16:35:00Z,ARR,bad,15.0
52,True,True,TORONTO,OTTAWA,2025-04-28,8,Fallowfield,FALL,2025-04-28T17:22:55Z,2025-04-28T17:11:00Z,ARR,med,11.0
52,True,True,TORONTO,OTTAWA,2025-04-28,9,Ottawa,OTTW,2025-04-28T17:41:00Z,2025-04-28T17:32:00Z,ARR,med,9.0
53,True,True,OTTAWA,TORONTO,2025-04-28,0,Ottawa,OTTW,2025-04-28T15:43:32Z,2025-04-28T15:43:00Z,ARR,goo,0.0
53,True,True,OTTAWA,TORONTO,2025-04-28,1,Fallowfield,FALL,2025-04-28T15:59:28Z,2025-04-28T16:00:00Z,ARR,goo,0.0
53,True,True,OTTAWA,TORONTO,2025-04-28,2,Brockville,BRKV,2025-04-28T17:07:48Z,2025-04-28T17:01:00Z,ARR,med,6.0
53,True,True,OTTAWA,TORONTO,2025-04-28,3,Gananoque,GANA,2025-04-28T17:34:00Z,2025-04-28T17:31:00Z,ARR,goo,3.0
53,True,True,OTTAWA,TORONTO,2025-04-28,4,Kingston,KGON,2025-04-28T17:54:29Z,2025-04-28T17:54:00Z,ARR,goo,0.0
53,True,True,OTTAWA,TORONTO,2025-04-28,5,Belleville,BLVL,2025-04-28T18:32:45Z,2025-04-28T18:36:00Z,ARR,goo,-3.0
53,True,True,OTTAWA,TORONTO,2025-04-28,6,Cobourg,CBRG,2025-04-28T19:09:41Z,2025-04-28T19:12:00Z,ARR,goo,-2.0
53,True,True,OTTAWA,TORONTO,2025-04-28,7,Oshawa,OSHA,2025-04-28T19:46:12Z,2025-04-28T19:48:00Z,ARR,goo,-1.0
53,True,True,OTTAWA,TORONTO,2025-04-28,8,Toronto,TRTO,2025-04-28T20:31:32Z,2025-04-28T20:33:00Z,ARR,goo,-1.0
60,True,True,TORONTO,MONTRÉAL,2025-04-28,0,Toronto,TRTO,2025-04-28T10:32:00Z,2025-04-28T10:32:00Z,ARR,goo,0.0
60,True,True,TORONTO,MONTRÉAL,2025-04-28,1,Guildwood,GUIL,2025-04-28T10:48:26Z,2025-04-28T10:50:00Z,ARR,goo,-1.0
60,True,True,TORONTO,MONTRÉAL,2025-04-28,2,Oshawa,OSHA,2025-04-28T11:09:39Z,2025-04-28T11:08:00Z,ARR,goo,1.0
60,True,True,TORONTO,MONTRÉAL,2025-04-28,3,Cobourg,CBRG,2025-04-28T11:50:19Z,2025-04-28T11:43:00Z,ARR,med,7.0
60,True,True,TORONTO,MONTRÉAL,2025-04-28,4,Belleville,BLVL,2025-04-28T12:29:02Z,2025-04-28T12:18:00Z,ARR,med,11.0
60,True,True,TORONTO,MONTRÉAL,2025-04-28,5,Kingston,KGON,2025-04-28T13:08:27Z,2025-04-28T12:57:00Z,ARR,med,11.0
60,True,True,TORONTO,MONTRÉAL,2025-04-28,6,Cornwall,CWLL,2025-04-28T14:50:27Z,2025-04-28T14:38:00Z,ARR,med,12.0
60,True,True,TORONTO,MONTRÉAL,2025-04-28,7,Dorval,DORV,2025-04-28T15:52:31Z,2025-04-28T15:25:00Z,ARR,bad,27.0
60,True,True,TORONTO,MONTRÉAL,2025-04-28,8,Montréal,MTRL,2025-04-28T16:17:59Z,2025-04-28T15:50:00Z,ARR,bad,27.0
61,True,True,MONTRÉAL,TORONTO,2025-04-28,0,Montréal,MTRL,2025-04-28T10:45:36Z,2025-04-28T10:45:00Z,ARR,goo,0.0
61,True,True,MONTRÉAL,TORONTO,2025-04-28,1,Dorval,DORV,2025-04-28T11:14:37Z,2025-04-28T11:08:00Z,ARR,med,6.0
61,True,True,MONTRÉAL,TORONTO,2025-04-28,2,Cornwall,CWLL,2025-04-28T12:27:25Z,2025-04-28T12:01:00Z,ARR,bad,26.0
61,True,True,MONTRÉAL,TORONTO,2025-04-28,3,Kingston,KGON,2025-04-28T14:11:41Z,2025-04-28T13:29:00Z,ARR,bad,42.0
61,True,True,MONTRÉAL,TORONTO,2025-04-28,4,Belleville,BLVL,2025-04-28T15:05:35Z,2025-04-28T14:11:00Z,ARR,bad,54.0
61,True,True,MONTRÉAL,TORONTO,2025-04-28,5,Oshawa,OSHA,2025-04-28T16:32:23Z,2025-04-28T15:19:00Z,ARR,bad,73.0
61,True,True,MONTRÉAL,TORONTO,2025-04-28,6,Guildwood,GUIL,2025-04-28T16:51:52Z,2025-04-28T15:43:00Z,ARR,bad,68.0
61,True,True,MONTRÉAL,TORONTO,2025-04-28,7,Toronto,TRTO,2025-04-28T17:12:48Z,2025-04-28T16:03:00Z,ARR,bad,69.0
64,True,True,TORONTO,MONTRÉAL,2025-04-28,0,Toronto,TRTO,2025-04-28T15:37:30Z,2025-04-28T15:37:00Z,ARR,goo,0.0
64,True,True,TORONTO,MONTRÉAL,2025-04-28,1,Guildwood,GUIL,2025-04-28T15:55:06Z,2025-04-28T15:55:00Z,ARR,goo,0.0
64,True,True,TORONTO,MONTRÉAL,2025-04-28,2,Oshawa,OSHA,2025-04-28T16:13:35Z,2025-04-28T16:09:00Z,ARR,goo,4.0
64,True,True,TORONTO,MONTRÉAL,2025-04-28,3,Cobourg,CBRG,2025-04-28T16:46:46Z,2025-04-28T16:46:00Z,ARR,goo,0.0
64,True,True,TORONTO,MONTRÉAL,2025-04-28,4,Belleville,BLVL,2025-04-28T17:20:14Z,2025-04-28T17:22:00Z,ARR,goo,-1.0
64,True,True,TORONTO,MONTRÉAL,2025-04-28,5,Kingston,KGON,2025-04-28T17:59:58Z,2025-04-28T18:03:00Z,ARR,goo,-3.0
64,True,True,TORONTO,MONTRÉAL,2025-04-28,6,Brockville,BRKV,2025-04-28T18:49:46Z,2025-04-28T18:52:00Z,ARR,goo,-2.0
64,True,True,TORONTO,MONTRÉAL,2025-04-28,7,Cornwall,CWLL,2025-04-28T19:39:04Z,2025-04-28T19:42:00Z,ARR,goo,-2.0
64,True,True,TORONTO,MONTRÉAL,2025-04-28,8,Dorval,DORV,2025-04-28T20:27:00Z,2025-04-28T20:37:00Z,ARR,goo,-10.0
64,True,True,TORONTO,MONTRÉAL,2025-04-28,9,Montréal,MTRL,2025-04-28T21:02:56Z,2025-04-28T21:05:00Z,ARR,goo,-2.0
65,True,True,MONTRÉAL,TORONTO,2025-04-28,0,Montréal,MTRL,2025-04-28T14:49:00Z,2025-04-28T14:49:00Z,ARR,goo,0.0
65,True,True,MONTRÉAL,TORONTO,2025-04-28,1,Dorval,DORV,2025-04-28T15:15:22Z,2025-04-28T15:12:00Z,ARR,goo,3.0
65,True,True,MONTRÉAL,TORONTO,2025-04-28,2,Cornwall,CWLL,2025-04-28T16:09:07Z,2025-04-28T16:06:00Z,ARR,goo,3.0
65,True,True,MONTRÉAL,TORONTO,2025-04-28,3,Kingston,KGON,2025-04-28T17:40:59Z,2025-04-28T17:36:00Z,ARR,goo,4.0
65,True,True,MONTRÉAL,TORONTO,2025-04-28,4,Belleville,BLVL,2025-04-28T18:19:28Z,2025-04-28T18:20:00Z,ARR,goo,0.0
65,True,True,MONTRÉAL,TORONTO,2025-04-28,5,Cobourg,CBRG,2025-04-28T18:54:32Z,2025-04-28T18:58:00Z,ARR,goo,-3.0
65,True,True,MONTRÉAL,TORONTO,2025-04-28,6,Oshawa,OSHA,2025-04-28T19:39:28Z,2025-04-28T19:34:00Z,ARR,med,5.0
65,True,True,MONTRÉAL,TORONTO,2025-04-28,7,Toronto,TRTO,2025-04-28T20:26:12Z,2025-04-28T20:18:00Z,ARR,med,8.0
67,True,True,MONTRÉAL,TORONTO,2025-04-28,0,Montréal,MTRL,2025-04-28T17:22:00Z,2025-04-28T17:22:00Z,ARR,goo,0.0
67,True,True,MONTRÉAL,TORONTO,2025-04-28,1,Dorval,DORV,2025-04-28T18:07:07Z,2025-04-28T17:47:00Z,ARR,bad,20.0
67,True,True,MONTRÉAL,TORONTO,2025-04-28,2,Cornwall,CWLL,2025-04-28T19:07:22Z,2025-04-28T18:38:00Z,ARR,bad,29.0
67,True,True,MONTRÉAL,TORONTO,2025-04-28,3,Kingston,KGON,2025-04-28T20:57:52Z,2025-04-28T20:03:00Z,ARR,bad,54.0
67,True,True,MONTRÉAL,TORONTO,2025-04-28,4,Belleville,BLVL,2025-04-28T21:38:03Z,2025-04-28T20:42:00Z,ARR,bad,56.0
67,True,True,MONTRÉAL,TORONTO,2025-04-28,5,Cobourg,CBRG,2025-04-28T22:14:35Z,2025-04-28T21:17:00Z,ARR,bad,57.0
67,True,True,MONTRÉAL,TORONTO,2025-04-28,6,Oshawa,OSHA,2025-04-28T22:50:49Z,2025-04-28T21:50:00Z,ARR,bad,60.0
67,True,True,MONTRÉAL,TORONTO,2025-04-28,7,Toronto,TRTO,2025-04-28T23:35:21Z,2025-04-28T22:45:00Z,ARR,bad,50.0
70,True,True,WINDSOR,TORONTO,2025-04-28,0,Windsor,WDON,2025-04-28T09:35:25Z,2025-04-28T09:35:00Z,ARR,goo,0.0
70,True,True,WINDSOR,TORONTO,2025-04-28,1,Chatham,CHAT,2025-04-28T10:17:40Z,2025-04-28T10:19:00Z,ARR,goo,-1.0
70,True,True,WINDSOR,TORONTO,2025-04-28,2,London,LNDN,2025-04-28T11:31:36Z,2025-04-28T11:25:00Z,ARR,med,6.0
70,True,True,WINDSOR,TORONTO,2025-04-28,3,Ingersoll,INGR,2025-04-28T11:56:08Z,2025-04-28T11:55:00Z,ARR,goo,1.0
70,True,True,WINDSOR,TORONTO,2025-04-28,4,Woodstock,WDST,2025-04-28T12:07:15Z,2025-04-28T12:08:00Z,ARR,goo,0.0
70,True,True,WINDSOR,TORONTO,2025-04-28,5,Brantford,BRTF,2025-04-28T12:41:08Z,2025-04-28T12:44:00Z,ARR,goo,-2.0
70,True,True,WINDSOR,TORONTO,2025-04-28,6,Aldershot,ALDR,2025-04-28T13:18:53Z,2025-04-28T13:25:00Z,ARR,goo,-6.0
70,True,True,WINDSOR,TORONTO,2025-04-28,7,Oakville,OAKV,2025-04-28T13:43:56Z,2025-04-28T13:43:00Z,ARR,goo,0.0
70,True,True,WINDSOR,TORONTO,2025-04-28,8,Toronto,TRTO,2025-04-28T14:11:58Z,2025-04-28T14:10:00Z,ARR,goo,1.0
72,True,True,WINDSOR,TORONTO,2025-04-28,0,Windsor,WDON,2025-04-28T12:43:24Z,2025-04-28T12:43:00Z,ARR,goo,0.0
72,True,True,WINDSOR,TORONTO,2025-04-28,1,Chatham,CHAT,2025-04-28T13:24:39Z,2025-04-28T13:25:00Z,ARR,goo,0.0
72,True,True,WINDSOR,TORONTO,2025-04-28,2,Glencoe,GLNC,2025-04-28T14:09:13Z,2025-04-28T14:05:00Z,ARR,goo,4.0
72,True,True,WINDSOR,TORONTO,2025-04-28,3,London,LNDN,2025-04-28T14:40:19Z,2025-04-28T14:39:00Z,ARR,goo,1.0
72,True,True,WINDSOR,TORONTO,2025-04-28,4,Ingersoll,INGR,2025-04-28T15:06:55Z,2025-04-28T15:07:00Z,ARR,goo,0.0
72,True,True,WINDSOR,TORONTO,2025-04-28,5,Woodstock,WDST,2025-04-28T15:19:37Z,2025-04-28T15:23:00Z,ARR,goo,-3.0
72,True,True,WINDSOR,TORONTO,2025-04-28,6,Brantford,BRTF,2025-04-28T15:52:08Z,2025-04-28T15:55:00Z,ARR,goo,-2.0
72,True,True,WINDSOR,TORONTO,2025-04-28,7,Aldershot,ALDR,2025-04-28T16:26:53Z,2025-04-28T16:29:00Z,ARR,goo,-2.0
72,True,True,WINDSOR,TORONTO,2025-04-28,8,Oakville,OAKV,2025-04-28T16:45:44Z,2025-04-28T16:45:00Z,ARR,goo,0.0
72,True,True,WINDSOR,TORONTO,2025-04-28,9,Toronto,TRTO,2025-04-28T17:15:37Z,2025-04-28T17:11:00Z,ARR,goo,4.0
71,True,True,TORONTO,WINDSOR,2025-04-28,0,Toronto,TRTO,2025-04-28T10:50:05Z,2025-04-28T10:50:00Z,ARR,goo,0.0
71,True,True,TORONTO,WINDSOR,2025-04-28,1,Oakville,OAKV,2025-04-28T11:14:59Z,2025-04-28T11:13:00Z,ARR,goo,1.0
71,True,True,TORONTO,WINDSOR,2025-04-28,2,Aldershot,ALDR,2025-04-28T11:32:35Z,2025-04-28T11:29:00Z,ARR,goo,3.0
71,True,True,TORONTO,WINDSOR,2025-04-28,3,Brantford,BRTF,2025-04-28T12:04:34Z,2025-04-28T11:55:00Z,ARR,med,9.0
71,True,True,TORONTO,WINDSOR,2025-04-28,4,Woodstock,WDST,2025-04-28T12:33:56Z,2025-04-28T12:30:00Z,ARR,goo,3.0
71,True,True,TORONTO,WINDSOR,2025-04-28,5,Ingersoll,INGR,2025-04-28T12:45:11Z,2025-04-28T12:43:00Z,ARR,goo,2.0
71,True,True,TORONTO,WINDSOR,2025-04-28,6,London,LNDN,2025-04-28T13:06:53Z,2025-04-28T13:06:00Z,ARR,goo,0.0
71,True,True,TORONTO,WINDSOR,2025-04-28,7,Glencoe,GLNC,2025-04-28T13:41:17Z,2025-04-28T13:39:00Z,ARR,goo,2.0
71,True,True,TORONTO,WINDSOR,2025-04-28,8,Chatham,CHAT,2025-04-28T14:42:03Z,2025-04-28T14:18:00Z,ARR,bad,24.0
71,True,True,TORONTO,WINDSOR,2025-04-28,9,Windsor,WDON,2025-04-28T15:27:47Z,2025-04-28T15:08:00Z,ARR,bad,19.0
73,True,True,TORONTO,WINDSOR,2025-04-28,0,Toronto,TRTO,2025-04-28T15:30:00Z,2025-04-28T15:30:00Z,ARR,goo,0.0
73,True,True,TORONTO,WINDSOR,2025-04-28,1,Oakville,OAKV,2025-04-28T15:58:46Z,2025-04-28T15:51:00Z,ARR,med,7.0
73,True,True,TORONTO,WINDSOR,2025-04-28,2,Aldershot,ALDR,2025-04-28T16:15:49Z,2025-04-28T16:09:00Z,ARR,med,6.0
73,True,True,TORONTO,WINDSOR,2025-04-28,3,Brantford,BRTF,2025-04-28T16:53:25Z,2025-04-28T16:40:00Z,ARR,med,13.0
73,True,True,TORONTO,WINDSOR,2025-04-28,4,Woodstock,WDST,2025-04-28T17:22:43Z,2025-04-28T17:09:00Z,ARR,med,13.0
73,True,True,TORONTO,WINDSOR,2025-04-28,5,London,LNDN,2025-04-28T17:54:51Z,2025-04-28T17:38:00Z,ARR,bad,16.0
73,True,True,TORONTO,WINDSOR,2025-04-28,6,Chatham,CHAT,2025-04-28T19:09:36Z,2025-04-28T18:50:00Z,ARR,bad,19.0
73,True,True,TORONTO,WINDSOR,2025-04-28,7,Windsor,WDON,2025-04-28T19:56:51Z,2025-04-28T19:45:00Z,ARR,med,11.0
82,True,True,LONDON,TORONTO,2025-04-28,0,London,LNDN,2025-04-28T10:25:00Z,2025-04-28T10:25:00Z,ARR,goo,0.0
82,True,True,LONDON,TORONTO,2025-04-28,1,Woodstock,WDST,2025-04-28T10:52:17Z,2025-04-28T10:53:00Z,ARR,goo,0.0
82,True,True,LONDON,TORONTO,2025-04-28,2,Brantford,BRTF,2025-04-28T11:23:56Z,2025-04-28T11:23:00Z,ARR,goo,0.0
82,True,True,LONDON,TORONTO,2025-04-28,3,Toronto,TRTO,2025-04-28T12:36:10Z,2025-04-28T12:35:00Z,ARR,goo,1.0
84,True,True,SARNIA,TORONTO,2025-04-28,0,Sarnia,SARN,2025-04-28T12:40:00Z,2025-04-28T12:40:00Z,ARR,goo,0.0
84,True,True,SARNIA,TORONTO,2025-04-28,1,Wyoming,WYOM,2025-04-28T13:07:28Z,2025-04-28T12:55:00Z,ARR,med,12.0
84,True,True,SARNIA,TORONTO,2025-04-28,2,Strathroy,STRR,2025-04-28T13:34:54Z,2025-04-28T13:27:00Z,ARR,med,7.0
84,True,True,SARNIA,TORONTO,2025-04-28,3,London,LNDN,2025-04-28T14:01:55Z,2025-04-28T13:52:00Z,ARR,med,9.0
84,True,True,SARNIA,TORONTO,2025-04-28,4,St.Marys,SMYS,2025-04-28T15:01:00Z,2025-04-28T14:45:00Z,ARR,bad,16.0
84,True,True,SARNIA,TORONTO,2025-04-28,5,Stratford,STRF,2025-04-28T15:41:53Z,2025-04-28T15:14:00Z,ARR,bad,27.0
84,True,True,SARNIA,TORONTO,2025-04-28,6,Kitchener,KITC,2025-04-28T16:34:12Z,2025-04-28T16:02:00Z,ARR,bad,32.0
84,True,True,SARNIA,TORONTO,2025-04-28,7,Guelph,GUEL,2025-04-28T16:54:07Z,2025-04-28T16:24:00Z,ARR,bad,30.0
84,True,True,SARNIA,TORONTO,2025-04-28,8,Georgetown,GEOR,2025-04-28T17:21:05Z,2025-04-28T16:47:00Z,ARR,bad,34.0
84,True,True,SARNIA,TORONTO,2025-04-28,9,Brampton,BRMP,2025-04-28T17:34:24Z,2025-04-28T16:59:00Z,ARR,bad,35.0
84,True,True,SARNIA,TORONTO,2025-04-28,10,Malton,MALT,2025-04-28T17:48:48Z,2025-04-28T17:11:00Z,ARR,bad,37.0
84,True,True,SARNIA,TORONTO,2025-04-28,11,Toronto,TRTO,2025-04-28T18:11:15Z,2025-04-28T17:38:00Z,ARR,bad,33.0
641,True,True,OTTAWA,TORONTO,2025-04-28,0,Fallowfield,FALL,2025-04-28T08:29:58Z,2025-04-28T08:30:00Z,ARR,goo,0.0
641,True,True,OTTAWA,TORONTO,2025-04-28,1,Smiths Falls,SMTF,2025-04-28T08:58:32Z,2025-04-28T09:00:00Z,ARR,goo,-1.0
641,True,True,OTTAWA,TORONTO,2025-04-28,2,Brockville,BRKV,2025-04-28T09:46:28Z,2025-04-28T09:32:00Z,ARR,med,14.0
641,True,True,OTTAWA,TORONTO,2025-04-28,3,Kingston,KGON,2025-04-28T10:25:49Z,2025-04-28T10:16:00Z,ARR,med,9.0
641,True,True,OTTAWA,TORONTO,2025-04-28,4,Belleville,BLVL,2025-04-28T11:04:02Z,2025-04-28T10:56:00Z,ARR,med,8.0
641,True,True,OTTAWA,TORONTO,2025-04-28,5,Cobourg,CBRG,2025-04-28T11:35:43Z,2025-04-28T11:31:00Z,ARR,goo,4.0
641,True,True,OTTAWA,TORONTO,2025-04-28,6,Port Hope,PHOP,2025-04-28T11:45:39Z,2025-04-28T11:41:00Z,ARR,goo,4.0
641,True,True,OTTAWA,TORONTO,2025-04-28,7,Toronto,TRTO,2025-04-28T12:48:38Z,2025-04-28T12:48:00Z,ARR,goo,0.0
644,True,True,TORONTO,OTTAWA,2025-04-28,0,Toronto,TRTO,2025-04-28T17:24:37Z,2025-04-28T17:22:00Z,ARR,goo,2.0
644,True,True,TORONTO,OTTAWA,2025-04-28,1,Oshawa,OSHA,2025-04-28T17:56:57Z,2025-04-28T17:53:00Z,ARR,goo,3.0
644,True,True,TORONTO,OTTAWA,2025-04-28,2,Cobourg,CBRG,2025-04-28T18:30:12Z,2025-04-28T18:28:00Z,ARR,goo,2.0
644,True,True,TORONTO,OTTAWA,2025-04-28,3,Belleville,BLVL,2025-04-28T19:04:50Z,2025-04-28T19:03:00Z,ARR,goo,1.0
644,True,True,TORONTO,OTTAWA,2025-04-28,4,Kingston,KGON,2025-04-28T19:42:49Z,2025-04-28T19:43:00Z,ARR,goo,0.0
644,True,True,TORONTO,OTTAWA,2025-04-28,5,Fallowfield,FALL,2025-04-28T21:26:25Z,2025-04-28T21:30:00Z,ARR,goo,-3.0
644,True,True,TORONTO,OTTAWA,2025-04-28,6,Ottawa,OTTW,2025-04-28T21:46:41Z,2025-04-28T21:53:00Z,ARR,goo,-6.0
643,True,True,OTTAWA,TORONTO,2025-04-28,0,Ottawa,OTTW,2025-04-28T12:29:00Z,2025-04-28T12:29:00Z,ARR,goo,0.0
643,True,True,OTTAWA,TORONTO,2025-04-28,1,Fallowfield,FALL,2025-04-28T12:44:30Z,2025-04-28T12:45:00Z,ARR,goo,0.0
643,True,True,OTTAWA,TORONTO,2025-04-28,2,Smiths Falls,SMTF,2025-04-28T13:16:22Z,2025-04-28T13:17:00Z,ARR,goo,0.0
643,True,True,OTTAWA,TORONTO,2025-04-28,3,Brockville,BRKV,2025-04-28T13:48:55Z,2025-04-28T13:49:00Z,ARR,goo,0.0
643,True,True,OTTAWA,TORONTO,2025-04-28,4,Kingston,KGON,2025-04-28T14:32:53Z,2025-04-28T14:32:00Z,ARR,goo,0.0
643,True,True,OTTAWA,TORONTO,2025-04-28,5,Napanee,NAPN,2025-04-28T15:12:45Z,2025-04-28T14:57:00Z,ARR,bad,15.0
643,True,True,OTTAWA,TORONTO,2025-04-28,6,Belleville,BLVL,2025-04-28T15:31:06Z,2025-04-28T15:17:00Z,ARR,med,14.0
643,True,True,OTTAWA,TORONTO,2025-04-28,7,Trenton Jct.,TRNJ,2025-04-28T15:46:37Z,2025-04-28T15:31:00Z,ARR,bad,15.0
643,True,True,OTTAWA,TORONTO,2025-04-28,8,Cobourg,CBRG,2025-04-28T16:13:31Z,2025-04-28T15:57:00Z,ARR,bad,16.0
643,True,True,OTTAWA,TORONTO,2025-04-28,9,Port Hope,PHOP,2025-04-28T16:23:09Z,2025-04-28T16:07:00Z,ARR,bad,16.0
643,True,True,OTTAWA,TORONTO,2025-04-28,10,Oshawa,OSHA,2025-04-28T16:49:19Z,2025-04-28T16:35:00Z,ARR,med,14.0
643,True,True,OTTAWA,TORONTO,2025-04-28,11,Guildwood,GUIL,2025-04-28T17:11:35Z,2025-04-28T16:58:00Z,ARR,med,13.0
643,True,True,OTTAWA,TORONTO,2025-04-28,12,Toronto,TRTO,2025-04-28T17:33:29Z,2025-04-28T17:18:00Z,ARR,bad,15.0
97,True,True,TORONTO,NIAGARA FALLS,2025-04-28,0,Toronto,TRTO,2025-04-28T12:20:00Z,2025-04-28T12:20:00Z,ARR,goo,0.0
97,True,True,TORONTO,NIAGARA FALLS,2025-04-28,1,Oakville,OAKV,2025-04-28T12:43:00Z,2025-04-28T12:43:00Z,ARR,goo,0.0
97,True,True,TORONTO,NIAGARA FALLS,2025-04-28,2,Aldershot,ALDR,2025-04-28T12:56:00Z,2025-04-28T12:56:00Z,ARR,goo,0.0
97,True,True,TORONTO,NIAGARA FALLS,2025-04-28,3,Grimsby,GRIM,2025-04-28T13:37:00Z,2025-04-28T13:37:00Z,ARR,goo,0.0
97,True,True,TORONTO,NIAGARA FALLS,2025-04-28,4,St. Catharines,SCAT,2025-04-28T13:57:00Z,2025-04-28T13:57:00Z,ARR,goo,0.0
97,True,True,TORONTO,NIAGARA FALLS,2025-04-28,5,Niagara Falls,NIAG,2025-04-28T14:20:00Z,2025-04-28T14:20:00Z,ARR,goo,0.0
62,True,True,TORONTO,MONTRÉAL,2025-04-28,0,Toronto,TRTO,2025-04-28T12:32:20Z,2025-04-28T12:32:00Z,ARR,goo,0.0
62,True,True,TORONTO,MONTRÉAL,2025-04-28,1,Guildwood,GUIL,2025-04-28T12:50:27Z,2025-04-28T12:50:00Z,ARR,goo,0.0
62,True,True,TORONTO,MONTRÉAL,2025-04-28,2,Oshawa,OSHA,2025-04-28T13:09:45Z,2025-04-28T13:09:00Z,ARR,goo,0.0
62,True,True,TORONTO,MONTRÉAL,2025-04-28,3,Cobourg,CBRG,2025-04-28T13:43:24Z,2025-04-28T13:44:00Z,ARR,goo,0.0
62,True,True,TORONTO,MONTRÉAL,2025-04-28,4,Belleville,BLVL,2025-04-28T14:17:45Z,2025-04-28T14:20:00Z,ARR,goo,-2.0
62,True,True,TORONTO,MONTRÉAL,2025-04-28,5,Kingston,KGON,2025-04-28T15:14:51Z,2025-04-28T15:00:00Z,ARR,med,14.0
62,True,True,TORONTO,MONTRÉAL,2025-04-28,6,Cornwall,CWLL,2025-04-28T16:53:25Z,2025-04-28T16:43:00Z,ARR,med,10.0
62,True,True,TORONTO,MONTRÉAL,2025-04-28,7,Dorval,DORV,2025-04-28T17:52:52Z,2025-04-28T17:34:00Z,ARR,bad,18.0
62,True,True,TORONTO,MONTRÉAL,2025-04-28,8,Montréal,MTRL,2025-04-28T18:20:15Z,2025-04-28T18:00:00Z,ARR,bad,20.0
43,True,True,OTTAWA,TORONTO,2025-04-28,0,Ottawa,OTTW,2025-04-28T13:35:37Z,2025-04-28T13:35:00Z,ARR,goo,0.0
43,True,True,OTTAWA,TORONTO,2025-04-28,1,Fallowfield,FALL,2025-04-28T13:52:15Z,2025-04-28T13:52:00Z,ARR,goo,0.0
43,True,True,OTTAWA,TORONTO,2025-04-28,2,Kingston,KGON,2025-04-28T15:56:18Z,2025-04-28T15:31:00Z,ARR,bad,25.0
43,True,True,OTTAWA,TORONTO,2025-04-28,3,Guildwood,GUIL,2025-04-28T17:58:10Z,2025-04-28T17:28:00Z,ARR,bad,30.0
43,True,True,OTTAWA,TORONTO,2025-04-28,4,Toronto,TRTO,2025-04-28T18:29:51Z,2025-04-28T17:48:00Z,ARR,bad,41.0
33,True,True,QUÉBEC,OTTAWA,2025-04-28,0,Québec,QBEC,2025-04-28T09:29:00Z,2025-04-28T09:29:00Z,ARR,goo,0.0
33,True,True,QUÉBEC,OTTAWA,2025-04-28,1,Ste-Foy,SFOY,2025-04-28T09:54:21Z,2025-04-28T09:54:00Z,ARR,goo,0.0
33,True,True,QUÉBEC,OTTAWA,2025-04-28,2,Charny,CHNY,2025-04-28T10:02:42Z,2025-04-28T10:03:00Z,ARR,goo,0.0
33,True,True,QUÉBEC,OTTAWA,2025-04-28,3,Drummondville,DRMV,2025-04-28T11:45:45Z,2025-04-28T11:26:00Z,ARR,bad,19.0
33,True,True,QUÉBEC,OTTAWA,2025-04-28,4,St. Hyacinthe,SHYA,2025-04-28T12:31:14Z,2025-04-28T11:57:00Z,ARR,bad,34.0
33,True,True,QUÉBEC,OTTAWA,2025-04-28,5,St. Lambert,SLAM,2025-04-28T13:09:13Z,2025-04-28T12:23:00Z,ARR,bad,46.0
33,True,True,QUÉBEC,OTTAWA,2025-04-28,6,Montréal,MTRL,2025-04-28T13:24:53Z,2025-04-28T12:37:00Z,ARR,bad,47.0
33,True,True,QUÉBEC,OTTAWA,2025-04-28,7,Dorval,DORV,2025-04-28T14:12:20Z,2025-04-28T13:24:00Z,ARR,bad,48.0
33,True,True,QUÉBEC,OTTAWA,2025-04-28,8,Alexandria,ALEX,2025-04-28T15:14:35Z,2025-04-28T14:10:00Z,ARR,bad,64.0
33,True,True,QUÉBEC,OTTAWA,2025-04-28,9,Casselman,CSLM,2025-04-28T15:39:11Z,2025-04-28T14:33:00Z,ARR,bad,66.0
33,True,True,QUÉBEC,OTTAWA,2025-04-28,10,Ottawa,OTTW,2025-04-28T16:04:55Z,2025-04-28T15:04:00Z,ARR,bad,60.0
45,True,True,OTTAWA,TORONTO,2025-04-28,0,Ottawa,OTTW,2025-04-28T14:24:34Z,2025-04-28T14:24:00Z,ARR,goo,0.0
45,True,True,OTTAWA,TORONTO,2025-04-28,1,Fallowfield,FALL,2025-04-28T14:40:11Z,2025-04-28T14:40:00Z,ARR,goo,0.0
45,True,True,OTTAWA,TORONTO,2025-04-28,2,Kingston,KGON,2025-04-28T16:37:53Z,2025-04-28T16:26:00Z,ARR,med,11.0
45,True,True,OTTAWA,TORONTO,2025-04-28,3,Toronto,TRTO,2025-04-28T19:12:06Z,2025-04-28T18:48:00Z,ARR,bad,24.0
601,True,True,MONTRÉAL,JONQUIÈRE,2025-04-28,0,Montréal,MTRL,2025-04-28T11:30:00Z,2025-04-28T11:30:00Z,ARR,goo,0.0
601,True,True,MONTRÉAL,JONQUIÈRE,2025-04-28,1,Sauvé,SAUV,2025-04-28T12:28:28Z,2025-04-28T12:09:00Z,ARR,bad,19.0
601,True,True,MONTRÉAL,JONQUIÈRE,2025-04-28,2,Anjou,ANJO,2025-04-28T12:37:11Z,2025-04-28T12:24:00Z,ARR,med,13.0
601,True,True,MONTRÉAL,JONQUIÈRE,2025-04-28,3,Joliette,JOLI,2025-04-28T13:20:15Z,2025-04-28T13:05:00Z,ARR,bad,15.0
601,True,True,MONTRÉAL,JONQUIÈRE,2025-04-28,4,St-Justin,SJUS,2025-04-28T13:47:11Z,2025-04-28T13:37:00Z,ARR,med,10.0
601,True,True,MONTRÉAL,JONQUIÈRE,2025-04-28,5,St-Paulin,SPAU,2025-04-28T13:54:57Z,2025-04-28T13:50:00Z,ARR,goo,4.0
601,True,True,MONTRÉAL,JONQUIÈRE,2025-04-28,6,Charette,CHRT,2025-04-28T14:06:41Z,2025-04-28T13:58:00Z,ARR,med,8.0
601,True,True,MONTRÉAL,JONQUIÈRE,2025-04-28,7,Shawinigan,SHWN,2025-04-28T14:23:21Z,2025-04-28T14:18:00Z,ARR,med,5.0
601,True,True,MONTRÉAL,JONQUIÈRE,2025-04-28,8,Grand-Mère,GMRE,2025-04-28T14:33:02Z,2025-04-28T14:30:00Z,ARR,goo,3.0
601,True,True,MONTRÉAL,JONQUIÈRE,2025-04-28,9,Garneau,GARN,2025-04-28T14:44:47Z,2025-04-28T14:41:00Z,ARR,goo,3.0
601,True,True,MONTRÉAL,JONQUIÈRE,2025-04-28,10,Saint-Tite,STIT,2025-04-28T15:11:25Z,2025-04-28T14:56:00Z,ARR,bad,15.0
601,True,True,MONTRÉAL,JONQUIÈRE,2025-04-28,11,Hervey,HERV,2025-04-28T15:29:57Z,2025-04-28T15:35:00Z,ARR,goo,-5.0
601,True,True,MONTRÉAL,JONQUIÈRE,2025-04-28,12,Rousseau,ROUS,2025-04-28T15:58:34Z,2025-04-28T16:20:00Z,ARR,goo,-21.0
601,True,True,MONTRÉAL,JONQUIÈRE,2025-04-28,13,Rivière-À-Pierre,RAPX,2025-04-28T16:36:00Z,2025-04-28T16:36:00Z,ARR,goo,0.0
601,True,True,MONTRÉAL,JONQUIÈRE,2025-04-28,14,Miquick,MIQK,2025-04-28T17:16:00Z,2025-04-28T17:16:00Z,ARR,goo,0.0
601,True,True,MONTRÉAL,JONQUIÈRE,2025-04-28,15,Club Jacques-Cartier,JACC,2025-04-28T17:31:00Z,2025-04-28T17:31:00Z,ARR,goo,0.0
601,True,True,MONTRÉAL,JONQUIÈRE,2025-04-28,16,Falrie,FALR,2025-04-28T17:34:00Z,2025-04-28T17:34:00Z,ARR,goo,0.0
601,True,True,MONTRÉAL,JONQUIÈRE,2025-04-28,17,Pont Beaudet,PBDT,2025-04-28T17:37:00Z,2025-04-28T17:37:00Z,ARR,goo,0.0
601,True,True,MONTRÉAL,JONQUIÈRE,2025-04-28,18,Saint-Hilaire,SHPN,2025-04-28T17:39:00Z,2025-04-28T17:39:00Z,ARR,goo,0.0
601,True,True,MONTRÉAL,JONQUIÈRE,2025-04-28,19,Bima,BIMA,2025-04-28T17:41:00Z,2025-04-28T17:41:00Z,ARR,goo,0.0
601,True,True,MONTRÉAL,JONQUIÈRE,2025-04-28,20,Lac Malouin,LMAL,2025-04-28T17:43:00Z,2025-04-28T17:43:00Z,ARR,goo,0.0
601,True,True,MONTRÉAL,JONQUIÈRE,2025-04-28,21,Club Iroquois,IRQC,2025-04-28T17:46:00Z,2025-04-28T17:46:00Z,ARR,goo,0.0
601,True,True,MONTRÉAL,JONQUIÈRE,2025-04-28,22,Stadacona,STAD,2025-04-28T17:51:00Z,2025-04-28T17:51:00Z,ARR,goo,0.0
601,True,True,MONTRÉAL,JONQUIÈRE,2025-04-28,23,Sanford,SANF,2025-04-28T18:00:00Z,2025-04-28T18:00:00Z,ARR,goo,0.0
601,True,True,MONTRÉAL,JONQUIÈRE,2025-04-28,24,Lac-Aux-Perles,PRLL,2025-04-28T18:10:00Z,2025-04-28T18:10:00Z,ARR,goo,0.0
601,True,True,MONTRÉAL,JONQUIÈRE,2025-04-28,25,Hirondelle,HRDL,2025-04-28T18:12:14Z,2025-04-28T18:12:14Z,ARR,goo,0.0
601,True,True,MONTRÉAL,JONQUIÈRE,2025-04-28,26,Club Nicole,NCLC,2025-04-28T18:20:00Z,2025-04-28T18:20:00Z,ARR,goo,0.0
601,True,True,MONTRÉAL,JONQUIÈRE,2025-04-28,27,Club Triton,TRTC,2025-04-28T18:27:00Z,2025-04-28T18:27:00Z,ARR,goo,0.0
601,True,True,MONTRÉAL,JONQUIÈRE,2025-04-28,28,Lac-Édouard,LEDW,2025-04-28T18:40:00Z,2025-04-28T18:40:00Z,ARR,goo,0.0
601,True,True,MONTRÉAL,JONQUIÈRE,2025-04-28,29,Cherokee,CHER,2025-04-28T18:54:00Z,2025-04-28T18:54:00Z,ARR,goo,0.0
601,True,True,MONTRÉAL,JONQUIÈRE,2025-04-28,30,Caribou,CARI,2025-04-28T18:56:00Z,2025-04-28T18:56:00Z,ARR,goo,0.0
601,True,True,MONTRÉAL,JONQUIÈRE,2025-04-28,31,Club Grégoire,GRGC,2025-04-28T19:03:00Z,2025-04-28T19:03:00Z,ARR,goo,0.0
601,True,True,MONTRÉAL,JONQUIÈRE,2025-04-28,32,Club Sommet,SMMC,2025-04-28T19:06:00Z,2025-04-28T19:06:00Z,ARR,goo,0.0
601,True,True,MONTRÉAL,JONQUIÈRE,2025-04-28,33,Summit,SMQU,2025-04-28T19:09:00Z,2025-04-28T19:09:00Z,ARR,goo,0.0
601,True,True,MONTRÉAL,JONQUIÈRE,2025-04-28,34,Brooks,BRQU,2025-04-28T19:18:01Z,2025-04-28T19:18:01Z,ARR,goo,0.0
601,True,True,MONTRÉAL,JONQUIÈRE,2025-04-28,35,Kiskissink,KISK,2025-04-28T19:30:00Z,2025-04-28T19:30:00Z,ARR,goo,0.0
601,True,True,MONTRÉAL,JONQUIÈRE,2025-04-28,36,Van Bruyssel,VBRU,2025-04-28T19:31:14Z,2025-04-28T19:31:14Z,ARR,goo,0.0
601,True,True,MONTRÉAL,JONQUIÈRE,2025-04-28,37,Lac Des Roches,LDES,2025-04-28T19:24:33Z,2025-04-28T19:41:00Z,ARR,goo,-16.0
601,True,True,MONTRÉAL,JONQUIÈRE,2025-04-28,38,Kondiaronk,KOND,2025-04-28T19:26:44Z,2025-04-28T19:44:00Z,ARR,goo,-17.0
601,True,True,MONTRÉAL,JONQUIÈRE,2025-04-28,39,Club Lizotte,LIZO,2025-04-28T19:38:58Z,2025-04-28T19:57:00Z,ARR,goo,-18.0
601,True,True,MONTRÉAL,JONQUIÈRE,2025-04-28,40,Lac-Bouchette,LBOU,2025-04-28T20:03:12Z,2025-04-28T20:22:00Z,ARR,goo,-18.0
601,True,True,MONTRÉAL,JONQUIÈRE,2025-04-28,41,Chambord,CHBD,2025-04-28T20:36:22Z,2025-04-28T20:58:00Z,ARR,goo,-21.0
601,True,True,MONTRÉAL,JONQUIÈRE,2025-04-28,42,Hébertville,HEBV,2025-04-28T21:17:46Z,2025-04-28T21:33:00Z,ARR,goo,-15.0
601,True,True,MONTRÉAL,JONQUIÈRE,2025-04-28,43,Jonquière,JONQ,2025-04-28T22:06:20Z,2025-04-28T22:52:00Z,ARR,goo,-45.0
47,True,True,OTTAWA,TORONTO,2025-04-28,0,Ottawa,OTTW,2025-04-28T16:41:02Z,2025-04-28T16:23:00Z,ARR,bad,18.0
47,True,True,OTTAWA,TORONTO,2025-04-28,1,Fallowfield,FALL,2025-04-28T16:57:50Z,2025-04-28T16:40:00Z,ARR,bad,17.0
47,True,True,OTTAWA,TORONTO,2025-04-28,2,Smiths Falls,SMTF,2025-04-28T17:28:02Z,2025-04-28T17:18:00Z,ARR,med,10.0
47,True,True,OTTAWA,TORONTO,2025-04-28,3,Brockville,BRKV,2025-04-28T17:57:39Z,2025-04-28T17:54:00Z,ARR,goo,3.0
47,True,True,OTTAWA,TORONTO,2025-04-28,4,Gananoque,GANA,2025-04-28T18:24:30Z,2025-04-28T18:22:00Z,ARR,goo,2.0
47,True,True,OTTAWA,TORONTO,2025-04-28,5,Kingston,KGON,2025-04-28T18:42:47Z,2025-04-28T18:45:00Z,ARR,goo,-2.0
47,True,True,OTTAWA,TORONTO,2025-04-28,6,Belleville,BLVL,2025-04-28T19:27:56Z,2025-04-28T19:26:00Z,ARR,goo,1.0
47,True,True,OTTAWA,TORONTO,2025-04-28,7,Oshawa,OSHA,2025-04-28T20:58:36Z,2025-04-28T20:33:00Z,ARR,bad,25.0
47,True,True,OTTAWA,TORONTO,2025-04-28,8,Guildwood,GUIL,2025-04-28T21:25:50Z,2025-04-28T20:58:00Z,ARR,bad,27.0
47,True,True,OTTAWA,TORONTO,2025-04-28,9,Toronto,TRTO,2025-04-28T21:46:56Z,2025-04-28T21:30:00Z,ARR,bad,16.0
63,True,True,MONTRÉAL,TORONTO,2025-04-28,0,Montréal,MTRL,2025-04-28T12:46:00Z,2025-04-28T12:46:00Z,ARR,goo,0.0
63,True,True,MONTRÉAL,TORONTO,2025-04-28,1,Dorval,DORV,2025-04-28T13:08:28Z,2025-04-28T13:11:00Z,ARR,goo,-2.0
63,True,True,MONTRÉAL,TORONTO,2025-04-28,2,Cornwall,CWLL,2025-04-28T14:02:22Z,2025-04-28T14:04:00Z,ARR,goo,-1.0
63,True,True,MONTRÉAL,TORONTO,2025-04-28,3,Brockville,BRKV,2025-04-28T15:07:06Z,2025-04-28T14:54:00Z,ARR,med,13.0
63,True,True,MONTRÉAL,TORONTO,2025-04-28,4,Kingston,KGON,2025-04-28T16:03:24Z,2025-04-28T15:39:00Z,ARR,bad,24.0
63,True,True,MONTRÉAL,TORONTO,2025-04-28,5,Belleville,BLVL,2025-04-28T16:43:02Z,2025-04-28T16:20:00Z,ARR,bad,23.0
63,True,True,MONTRÉAL,TORONTO,2025-04-28,6,Cobourg,CBRG,2025-04-28T17:19:01Z,2025-04-28T16:58:00Z,ARR,bad,21.0
63,True,True,MONTRÉAL,TORONTO,2025-04-28,7,Oshawa,OSHA,2025-04-28T17:52:57Z,2025-04-28T17:34:00Z,ARR,bad,18.0
63,True,True,MONTRÉAL,TORONTO,2025-04-28,8,Guildwood,GUIL,2025-04-28T18:14:52Z,2025-04-28T17:58:00Z,ARR,bad,16.0
63,True,True,MONTRÉAL,TORONTO,2025-04-28,9,Toronto,TRTO,2025-04-28T18:44:19Z,2025-04-28T18:18:00Z,ARR,bad,26.0
40,True,True,TORONTO,OTTAWA,2025-04-28,0,Toronto,TRTO,2025-04-28T14:37:00Z,2025-04-28T14:37:00Z,ARR,goo,0.0
40,True,True,TORONTO,OTTAWA,2025-04-28,1,Belleville,BLVL,2025-04-28T16:10:10Z,2025-04-28T16:09:00Z,ARR,goo,1.0
40,True,True,TORONTO,OTTAWA,2025-04-28,2,Kingston,KGON,2025-04-28T16:51:18Z,2025-04-28T16:48:00Z,ARR,goo,3.0
40,True,True,TORONTO,OTTAWA,2025-04-28,3,Fallowfield,FALL,2025-04-28T18:34:41Z,2025-04-28T18:38:00Z,ARR,goo,-3.0
40,True,True,TORONTO,OTTAWA,2025-04-28,4,Ottawa,OTTW,2025-04-28T18:55:15Z,2025-04-28T19:02:00Z,ARR,goo,-6.0
35,True,True,QUÉBEC,OTTAWA,2025-04-28,0,Québec,QBEC,2025-04-28T12:06:00Z,2025-04-28T12:06:00Z,ARR,goo,0.0
35,True,True,QUÉBEC,OTTAWA,2025-04-28,1,Ste-Foy,SFOY,2025-04-28T12:31:20Z,2025-04-28T12:31:00Z,ARR,goo,0.0
35,True,True,QUÉBEC,OTTAWA,2025-04-28,2,Charny,CHNY,2025-04-28T12:40:37Z,2025-04-28T12:40:00Z,ARR,goo,0.0
35,True,True,QUÉBEC,OTTAWA,2025-04-28,3,Drummondville,DRMV,2025-04-28T14:31:31Z,2025-04-28T14:14:00Z,ARR,bad,17.0
35,True,True,QUÉBEC,OTTAWA,2025-04-28,4,St. Hyacinthe,SHYA,2025-04-28T15:08:38Z,2025-04-28T14:44:00Z,ARR,bad,24.0
35,True,True,QUÉBEC,OTTAWA,2025-04-28,5,St. Lambert,SLAM,2025-04-28T15:45:22Z,2025-04-28T15:11:00Z,ARR,bad,34.0
35,True,True,QUÉBEC,OTTAWA,2025-04-28,6,Montréal,MTRL,2025-04-28T16:11:39Z,2025-04-28T15:26:00Z,ARR,bad,45.0
35,True,True,QUÉBEC,OTTAWA,2025-04-28,7,Dorval,DORV,2025-04-28T17:01:21Z,2025-04-28T16:18:00Z,ARR,bad,43.0
35,True,True,QUÉBEC,OTTAWA,2025-04-28,8,Coteau,COTO,2025-04-28T17:36:19Z,2025-04-28T16:46:00Z,ARR,bad,50.0
35,True,True,QUÉBEC,OTTAWA,2025-04-28,9,Alexandria,ALEX,2025-04-28T18:05:02Z,2025-04-28T17:08:00Z,ARR,bad,57.0
35,True,True,QUÉBEC,OTTAWA,2025-04-28,10,Casselman,CSLM,2025-04-28T18:24:25Z,2025-04-28T17:31:00Z,ARR,bad,53.0
35,True,True,QUÉBEC,OTTAWA,2025-04-28,11,Ottawa,OTTW,2025-04-28T18:55:05Z,2025-04-28T17:58:00Z,ARR,bad,57.0
31,True,True,MONTRÉAL,OTTAWA,2025-04-28,0,Montréal,MTRL,2025-04-28T10:20:00Z,2025-04-28T10:20:00Z,ARR,goo,0.0
31,True,True,MONTRÉAL,OTTAWA,2025-04-28,1,Dorval,DORV,2025-04-28T10:45:02Z,2025-04-28T10:44:00Z,ARR,goo,1.0
31,True,True,MONTRÉAL,OTTAWA,2025-04-28,2,Alexandria,ALEX,2025-04-28T11:36:13Z,2025-04-28T11:36:00Z,ARR,goo,0.0
31,True,True,MONTRÉAL,OTTAWA,2025-04-28,3,Casselman,CSLM,2025-04-28T11:59:20Z,2025-04-28T11:59:00Z,ARR,goo,0.0
31,True,True,MONTRÉAL,OTTAWA,2025-04-28,4,Ottawa,OTTW,2025-04-28T12:24:16Z,2025-04-28T12:25:00Z,ARR,goo,0.0
76,True,True,WINDSOR,TORONTO,2025-04-28,0,Windsor,WDON,2025-04-28T17:46:00Z,2025-04-28T17:46:00Z,ARR,goo,0.0
76,True,True,WINDSOR,TORONTO,2025-04-28,1,Chatham,CHAT,2025-04-28T18:30:10Z,2025-04-28T18:28:00Z,ARR,goo,2.0
76,True,True,WINDSOR,TORONTO,2025-04-28,2,Glencoe,GLNC,2025-04-28T19:13:27Z,2025-04-28T19:03:00Z,ARR,med,10.0
76,True,True,WINDSOR,TORONTO,2025-04-28,3,London,LNDN,2025-04-28T19:44:52Z,2025-04-28T19:38:00Z,ARR,med,6.0
76,True,True,WINDSOR,TORONTO,2025-04-28,4,Brantford,BRTF,2025-04-28T21:29:40Z,2025-04-28T20:39:00Z,ARR,bad,50.0
76,True,True,WINDSOR,TORONTO,2025-04-28,5,Aldershot,ALDR,2025-04-28T22:00:02Z,2025-04-28T21:10:00Z,ARR,bad,50.0
76,True,True,WINDSOR,TORONTO,2025-04-28,6,Oakville,OAKV,2025-04-28T22:22:15Z,2025-04-28T21:27:00Z,ARR,bad,55.0
76,True,True,WINDSOR,TORONTO,2025-04-28,7,Toronto,TRTO,2025-04-28T22:46:25Z,2025-04-28T21:53:00Z,ARR,bad,53.0
44,True,True,TORONTO,OTTAWA,2025-04-28,0,Toronto,TRTO,2025-04-28T18:22:29Z,2025-04-28T18:22:00Z,ARR,goo,0.0
44,True,True,TORONTO,OTTAWA,2025-04-28,1,Oshawa,OSHA,2025-04-28T19:03:31Z,2025-04-28T18:54:00Z,ARR,med,9.0
44,True,True,TORONTO,OTTAWA,2025-04-28,2,Kingston,KGON,2025-04-28T21:13:40Z,2025-04-28T20:32:00Z,ARR,bad,41.0
44,True,True,TORONTO,OTTAWA,2025-04-28,3,Brockville,BRKV,2025-04-28T22:08:19Z,2025-04-28T21:19:00Z,ARR,bad,49.0
44,True,True,TORONTO,OTTAWA,2025-04-28,4,Smiths Falls,SMTF,2025-04-28T22:37:47Z,2025-04-28T21:50:00Z,ARR,bad,47.0
44,True,True,TORONTO,OTTAWA,2025-04-28,5,Fallowfield,FALL,2025-04-28T23:06:48Z,2025-04-28T22:22:00Z,ARR,bad,44.0
44,True,True,TORONTO,OTTAWA,2025-04-28,6,Ottawa,OTTW,2025-04-28T23:28:59Z,2025-04-28T22:43:00Z,ARR,bad,45.0
26,True,True,OTTAWA,QUÉBEC,2025-04-28,0,Ottawa,OTTW,2025-04-28T18:17:00Z,2025-04-28T18:17:00Z,ARR,goo,0.0
26,True,True,OTTAWA,QUÉBEC,2025-04-28,1,Alexandria,ALEX,2025-04-28T19:01:18Z,2025-04-28T19:03:00Z,ARR,goo,-1.0
26,True,True,OTTAWA,QUÉBEC,2025-04-28,2,Coteau,COTO,2025-04-28T19:25:44Z,2025-04-28T19:26:00Z,ARR,goo,0.0
26,True,True,OTTAWA,QUÉBEC,2025-04-28,3,Dorval,DORV,2025-04-28T19:54:02Z,2025-04-28T19:49:00Z,ARR,med,5.0
26,True,True,OTTAWA,QUÉBEC,2025-04-28,4,Montréal,MTRL,2025-04-28T20:19:38Z,2025-04-28T20:15:00Z,ARR,goo,4.0
26,True,True,OTTAWA,QUÉBEC,2025-04-28,5,St. Lambert,SLAM,2025-04-28T21:00:36Z,2025-04-28T20:53:00Z,ARR,med,7.0
26,True,True,OTTAWA,QUÉBEC,2025-04-28,6,St. Hyacinthe,SHYA,2025-04-28T21:45:49Z,2025-04-28T21:20:00Z,ARR,bad,25.0
26,True,True,OTTAWA,QUÉBEC,2025-04-28,7,Drummondville,DRMV,2025-04-28T22:30:17Z,2025-04-28T22:05:00Z,ARR,bad,25.0
26,True,True,OTTAWA,QUÉBEC,2025-04-28,8,Charny,CHNY,2025-04-29T00:09:25Z,2025-04-28T23:44:00Z,ARR,bad,25.0
26,True,True,OTTAWA,QUÉBEC,2025-04-28,9,Ste-Foy,SFOY,2025-04-29T00:17:39Z,2025-04-28T23:52:00Z,ARR,bad,25.0
26,True,True,OTTAWA,QUÉBEC,2025-04-28,10,Québec,QBEC,2025-04-29T00:48:33Z,2025-04-29T00:19:00Z,ARR,bad,29.0
39,True,True,QUÉBEC,OTTAWA,2025-04-28,0,Québec,QBEC,2025-04-28T18:57:00Z,2025-04-28T18:57:00Z,ARR,goo,0.0
39,True,True,QUÉBEC,OTTAWA,2025-04-28,1,Ste-Foy,SFOY,2025-04-28T19:22:22Z,2025-04-28T19:22:00Z,ARR,goo,0.0
39,True,True,QUÉBEC,OTTAWA,2025-04-28,2,Drummondville,DRMV,2025-04-28T21:10:12Z,2025-04-28T20:58:00Z,ARR,med,12.0
39,True,True,QUÉBEC,OTTAWA,2025-04-28,3,St. Lambert,SLAM,2025-04-28T22:19:02Z,2025-04-28T21:57:00Z,ARR,bad,22.0
39,True,True,QUÉBEC,OTTAWA,2025-04-28,4,Montréal,MTRL,2025-04-28T22:34:23Z,2025-04-28T22:11:00Z,ARR,bad,23.0
39,True,True,QUÉBEC,OTTAWA,2025-04-28,5,Dorval,DORV,2025-04-28T23:16:44Z,2025-04-28T23:14:00Z,ARR,goo,2.0
39,True,True,QUÉBEC,OTTAWA,2025-04-28,6,Coteau,COTO,2025-04-28T23:50:13Z,2025-04-28T23:43:00Z,ARR,med,7.0
39,True,True,QUÉBEC,OTTAWA,2025-04-28,7,Alexandria,ALEX,2025-04-29T00:25:03Z,2025-04-29T00:06:00Z,ARR,bad,19.0
39,True,True,QUÉBEC,OTTAWA,2025-04-28,8,Ottawa,OTTW,2025-04-29T01:08:35Z,2025-04-29T00:51:00Z,ARR,bad,17.0
66,True,True,TORONTO,MONTRÉAL,2025-04-28,0,Toronto,TRTO,2025-04-28T19:23:00Z,2025-04-28T19:22:00Z,ARR,goo,1.0
66,True,True,TORONTO,MONTRÉAL,2025-04-28,1,Guildwood,GUIL,2025-04-28T19:42:29Z,2025-04-28T19:40:00Z,ARR,goo,2.0
66,True,True,TORONTO,MONTRÉAL,2025-04-28,2,Oshawa,OSHA,2025-04-28T20:01:35Z,2025-04-28T19:54:00Z,ARR,med,7.0
66,True,True,TORONTO,MONTRÉAL,2025-04-28,3,Belleville,BLVL,2025-04-28T21:18:16Z,2025-04-28T21:00:00Z,ARR,bad,18.0
66,True,True,TORONTO,MONTRÉAL,2025-04-28,4,Kingston,KGON,2025-04-28T21:59:19Z,2025-04-28T21:40:00Z,ARR,bad,19.0
66,True,True,TORONTO,MONTRÉAL,2025-04-28,5,Cornwall,CWLL,2025-04-28T23:49:08Z,2025-04-28T23:07:00Z,ARR,bad,42.0
66,True,True,TORONTO,MONTRÉAL,2025-04-28,6,Dorval,DORV,2025-04-29T00:38:01Z,2025-04-28T23:58:00Z,ARR,bad,40.0
66,True,True,TORONTO,MONTRÉAL,2025-04-28,7,Montréal,MTRL,2025-04-29T01:04:35Z,2025-04-29T00:25:00Z,ARR,bad,39.0
46,True,True,TORONTO,OTTAWA,2025-04-28,0,Toronto,TRTO,2025-04-28T19:37:11Z,2025-04-28T19:37:00Z,ARR,goo,0.0
46,True,True,TORONTO,OTTAWA,2025-04-28,1,Oshawa,OSHA,2025-04-28T20:12:45Z,2025-04-28T20:09:00Z,ARR,goo,3.0
46,True,True,TORONTO,OTTAWA,2025-04-28,2,Cobourg,CBRG,2025-04-28T20:54:35Z,2025-04-28T20:43:00Z,ARR,med,11.0
46,True,True,TORONTO,OTTAWA,2025-04-28,3,Kingston,KGON,2025-04-28T22:15:43Z,2025-04-28T21:54:00Z,ARR,bad,21.0
46,True,True,TORONTO,OTTAWA,2025-04-28,4,Brockville,BRKV,2025-04-28T23:25:29Z,2025-04-28T22:40:00Z,ARR,bad,45.0
46,True,True,TORONTO,OTTAWA,2025-04-28,5,Fallowfield,FALL,2025-04-29T00:25:09Z,2025-04-28T23:40:00Z,ARR,bad,45.0
46,True,True,TORONTO,OTTAWA,2025-04-28,6,Ottawa,OTTW,2025-04-29T00:44:41Z,2025-04-29T00:00:00Z,ARR,bad,44.0
83,True,True,TORONTO,LONDON,2025-04-28,0,Toronto,TRTO,2025-04-28T20:15:00Z,2025-04-28T20:15:00Z,ARR,goo,0.0
83,True,True,TORONTO,LONDON,2025-04-28,1,Aldershot,ALDR,2025-04-28T21:03:32Z,2025-04-28T20:50:00Z,ARR,med,13.0
83,True,True,TORONTO,LONDON,2025-04-28,2,Brantford,BRTF,2025-04-28T21:41:05Z,2025-04-28T21:20:00Z,ARR,bad,21.0
83,True,True,TORONTO,LONDON,2025-04-28,3,Woodstock,WDST,2025-04-28T22:14:06Z,2025-04-28T21:48:00Z,ARR,bad,26.0
83,True,True,TORONTO,LONDON,2025-04-28,4,London,LNDN,2025-04-28T22:44:25Z,2025-04-28T22:27:00Z,ARR,bad,17.0
28,True,True,OTTAWA,QUÉBEC,2025-04-28,0,Ottawa,OTTW,2025-04-28T20:05:00Z,2025-04-28T20:05:00Z,ARR,goo,0.0
28,True,True,OTTAWA,QUÉBEC,2025-04-28,1,Casselman,CSLM,2025-04-28T20:31:13Z,2025-04-28T20:31:00Z,ARR,goo,0.0
28,True,True,OTTAWA,QUÉBEC,2025-04-28,2,Alexandria,ALEX,2025-04-28T20:55:56Z,2025-04-28T20:53:00Z,ARR,goo,2.0
28,True,True,OTTAWA,QUÉBEC,2025-04-28,3,Coteau,COTO,2025-04-28T21:17:34Z,2025-04-28T21:15:00Z,ARR,goo,2.0
28,True,True,OTTAWA,QUÉBEC,2025-04-28,4,Dorval,DORV,2025-04-28T21:52:49Z,2025-04-28T21:38:00Z,ARR,med,14.0
28,True,True,OTTAWA,QUÉBEC,2025-04-28,5,Montréal,MTRL,2025-04-28T22:29:16Z,2025-04-28T22:04:00Z,ARR,bad,25.0
28,True,True,OTTAWA,QUÉBEC,2025-04-28,6,St. Lambert,SLAM,2025-04-28T23:10:11Z,2025-04-28T22:38:00Z,ARR,bad,32.0
28,True,True,OTTAWA,QUÉBEC,2025-04-28,7,St. Hyacinthe,SHYA,2025-04-28T23:42:58Z,2025-04-28T23:06:00Z,ARR,bad,36.0
28,True,True,OTTAWA,QUÉBEC,2025-04-28,8,Drummondville,DRMV,2025-04-29T00:20:25Z,2025-04-28T23:52:00Z,ARR,bad,28.0
28,True,True,OTTAWA,QUÉBEC,2025-04-28,9,Charny,CHNY,2025-04-29T02:11:08Z,2025-04-29T01:14:00Z,ARR,bad,57.0
28,True,True,OTTAWA,QUÉBEC,2025-04-28,10,Ste-Foy,SFOY,2025-04-29T02:19:08Z,2025-04-29T01:21:00Z,ARR,bad,58.0
28,True,True,OTTAWA,QUÉBEC,2025-04-28,11,Québec,QBEC,2025-04-29T02:51:46Z,2025-04-29T01:48:00Z,ARR,bad,63.0
69,True,True,MONTRÉAL,TORONTO,2025-04-28,0,Montréal,MTRL,2025-04-28T20:56:08Z,2025-04-28T20:38:00Z,ARR,bad,18.0
69,True,True,MONTRÉAL,TORONTO,2025-04-28,1,Dorval,DORV,2025-04-28T21:20:00Z,2025-04-28T21:04:00Z,ARR,bad,16.0
69,True,True,MONTRÉAL,TORONTO,2025-04-28,2,Cornwall,CWLL,2025-04-28T22:21:06Z,2025-04-28T21:53:00Z,ARR,bad,28.0
69,True,True,MONTRÉAL,TORONTO,2025-04-28,3,Brockville,BRKV,2025-04-28T23:12:07Z,2025-04-28T22:40:00Z,ARR,bad,32.0
69,True,True,MONTRÉAL,TORONTO,2025-04-28,4,Kingston,KGON,2025-04-29T00:04:58Z,2025-04-28T23:24:00Z,ARR,bad,40.0
69,True,True,MONTRÉAL,TORONTO,2025-04-28,5,Oshawa,OSHA,2025-04-29T02:08:56Z,2025-04-29T01:05:00Z,ARR,bad,63.0
69,True,True,MONTRÉAL,TORONTO,2025-04-28,6,Guildwood,GUIL,2025-04-29T02:31:36Z,2025-04-29T01:28:00Z,ARR,bad,63.0
69,True,True,MONTRÉAL,TORONTO,2025-04-28,7,Toronto,TRTO,2025-04-29T02:56:47Z,2025-04-29T01:48:00Z,ARR,bad,68.0
68,True,True,TORONTO,MONTRÉAL,2025-04-28,0,Toronto,TRTO,2025-04-28T21:08:13Z,2025-04-28T21:07:00Z,ARR,goo,1.0
68,True,True,TORONTO,MONTRÉAL,2025-04-28,1,Oshawa,OSHA,2025-04-28T21:44:54Z,2025-04-28T21:39:00Z,ARR,med,5.0
68,True,True,TORONTO,MONTRÉAL,2025-04-28,2,Cobourg,CBRG,2025-04-28T22:20:46Z,2025-04-28T22:14:00Z,ARR,med,6.0
68,True,True,TORONTO,MONTRÉAL,2025-04-28,3,Belleville,BLVL,2025-04-28T23:04:08Z,2025-04-28T22:49:00Z,ARR,bad,15.0
68,True,True,TORONTO,MONTRÉAL,2025-04-28,4,Kingston,KGON,2025-04-28T23:42:02Z,2025-04-28T23:26:00Z,ARR,bad,16.0
68,True,True,TORONTO,MONTRÉAL,2025-04-28,5,Brockville,BRKV,2025-04-29T00:31:23Z,2025-04-29T00:11:00Z,ARR,bad,20.0
68,True,True,TORONTO,MONTRÉAL,2025-04-28,6,Cornwall,CWLL,2025-04-29T01:17:53Z,2025-04-29T00:57:00Z,ARR,bad,20.0
68,True,True,TORONTO,MONTRÉAL,2025-04-28,7,Dorval,DORV,2025-04-29T02:21:29Z,2025-04-29T01:47:00Z,ARR,bad,34.0
68,True,True,TORONTO,MONTRÉAL,2025-04-28,8,Montréal,MTRL,2025-04-29T02:47:14Z,2025-04-29T02:14:00Z,ARR,bad,33.0
54,True,True,TORONTO,OTTAWA,2025-04-28,0,Toronto,TRTO,2025-04-28T21:38:00Z,2025-04-28T21:37:00Z,ARR,goo,1.0
54,True,True,TORONTO,OTTAWA,2025-04-28,1,Guildwood,GUIL,2025-04-28T21:57:52Z,2025-04-28T21:55:00Z,ARR,goo,2.0
54,True,True,TORONTO,OTTAWA,2025-04-28,2,Oshawa,OSHA,2025-04-28T22:18:08Z,2025-04-28T22:08:00Z,ARR,med,10.0
54,True,True,TORONTO,OTTAWA,2025-04-28,3,Port Hope,PHOP,2025-04-28T22:46:08Z,2025-04-28T22:37:00Z,ARR,med,9.0
54,True,True,TORONTO,OTTAWA,2025-04-28,4,Cobourg,CBRG,2025-04-28T22:55:40Z,2025-04-28T22:46:00Z,ARR,med,9.0
54,True,True,TORONTO,OTTAWA,2025-04-28,5,Trenton Jct.,TRNJ,2025-04-28T23:23:22Z,2025-04-28T23:13:01Z,ARR,med,10.0
54,True,True,TORONTO,OTTAWA,2025-04-28,6,Belleville,BLVL,2025-04-28T23:36:17Z,2025-04-28T23:27:00Z,ARR,med,9.0
54,True,True,TORONTO,OTTAWA,2025-04-28,7,Napanee,NAPN,2025-04-28T23:56:19Z,2025-04-28T23:48:00Z,ARR,med,8.0
54,True,True,TORONTO,OTTAWA,2025-04-28,8,Kingston,KGON,2025-04-29T00:13:50Z,2025-04-29T00:09:00Z,ARR,goo,4.0
54,True,True,TORONTO,OTTAWA,2025-04-28,9,Brockville,BRKV,2025-04-29T00:59:55Z,2025-04-29T00:54:00Z,ARR,med,5.0
54,True,True,TORONTO,OTTAWA,2025-04-28,10,Smiths Falls,SMTF,2025-04-29T01:29:21Z,2025-04-29T01:25:00Z,ARR,goo,4.0
54,True,True,TORONTO,OTTAWA,2025-04-28,11,Fallowfield,FALL,2025-04-29T01:56:01Z,2025-04-29T01:52:00Z,ARR,goo,4.0
54,True,True,TORONTO,OTTAWA,2025-04-28,12,Ottawa,OTTW,2025-04-29T02:14:58Z,2025-04-29T02:13:00Z,ARR,goo,1.0
75,True,True,TORONTO,WINDSOR,2025-04-28,0,Toronto,TRTO,2025-04-28T21:22:08Z,2025-04-28T21:22:00Z,ARR,goo,0.0
75,True,True,TORONTO,WINDSOR,2025-04-28,1,Oakville,OAKV,2025-04-28T21:44:24Z,2025-04-28T21:45:00Z,ARR,goo,0.0
75,True,True,TORONTO,WINDSOR,2025-04-28,2,Aldershot,ALDR,2025-04-28T22:12:23Z,2025-04-28T22:01:00Z,ARR,med,11.0
75,True,True,TORONTO,WINDSOR,2025-04-28,3,Brantford,BRTF,2025-04-28T22:43:31Z,2025-04-28T22:33:00Z,ARR,med,10.0
75,True,True,TORONTO,WINDSOR,2025-04-28,4,Woodstock,WDST,2025-04-28T23:14:00Z,2025-04-28T23:04:00Z,ARR,med,10.0
75,True,True,TORONTO,WINDSOR,2025-04-28,5,Ingersoll,INGR,2025-04-28T23:26:01Z,2025-04-28T23:19:00Z,ARR,med,7.0
75,True,True,TORONTO,WINDSOR,2025-04-28,6,London,LNDN,2025-04-28T23:53:16Z,2025-04-28T23:47:00Z,ARR,med,6.0
75,True,True,TORONTO,WINDSOR,2025-04-28,7,Glencoe,GLNC,2025-04-29T00:25:55Z,2025-04-29T00:21:00Z,ARR,goo,4.0
75,True,True,TORONTO,WINDSOR,2025-04-28,8,Chatham,CHAT,2025-04-29T01:05:52Z,2025-04-29T00:55:00Z,ARR,med,10.0
75,True,True,TORONTO,WINDSOR,2025-04-28,9,Windsor,WDON,2025-04-29T01:49:48Z,2025-04-29T01:50:00Z,ARR,goo,0.0
98,True,True,NIAGARA FALLS,TORONTO,2025-04-28,0,Niagara Falls,NIAG,2025-04-28T21:45:00Z,2025-04-28T21:45:00Z,ARR,goo,0.0
98,True,True,NIAGARA FALLS,TORONTO,2025-04-28,1,St. Catharines,SCAT,2025-04-28T22:06:00Z,2025-04-28T22:06:00Z,ARR,goo,0.0
98,True,True,NIAGARA FALLS,TORONTO,2025-04-28,2,Grimsby,GRIM,2025-04-28T22:31:00Z,2025-04-28T22:26:00Z,ARR,med,5.0
98,True,True,NIAGARA FALLS,TORONTO,2025-04-28,3,Aldershot,ALDR,2025-04-28T23:06:00Z,2025-04-28T23:02:00Z,ARR,goo,4.0
98,True,True,NIAGARA FALLS,TORONTO,2025-04-28,4,Oakville,OAKV,2025-04-28T23:20:00Z,2025-04-28T23:16:00Z,ARR,goo,4.0
98,True,True,NIAGARA FALLS,TORONTO,2025-04-28,5,Toronto,TRTO,2025-04-28T23:42:00Z,2025-04-28T23:43:00Z,ARR,goo,-1.0
87,True,True,TORONTO,SARNIA,2025-04-28,0,Toronto,TRTO,2025-04-28T21:40:00Z,2025-04-28T21:40:00Z,ARR,goo,0.0
87,True,True,TORONTO,SARNIA,2025-04-28,1,Malton,MALT,2025-04-28T22:00:55Z,2025-04-28T22:00:00Z,ARR,goo,0.0
87,True,True,TORONTO,SARNIA,2025-04-28,2,Brampton,BRMP,2025-04-28T22:12:30Z,2025-04-28T22:12:00Z,ARR,goo,0.0
87,True,True,TORONTO,SARNIA,2025-04-28,3,Georgetown,GEOR,2025-04-28T22:24:29Z,2025-04-28T22:24:00Z,ARR,goo,0.0
87,True,True,TORONTO,SARNIA,2025-04-28,4,Guelph,GUEL,2025-04-28T22:53:28Z,2025-04-28T22:49:00Z,ARR,goo,4.0
87,True,True,TORONTO,SARNIA,2025-04-28,5,Kitchener,KITC,2025-04-28T23:17:32Z,2025-04-28T23:16:00Z,ARR,goo,1.0
87,True,True,TORONTO,SARNIA,2025-04-28,6,Stratford,STRF,2025-04-29T00:03:17Z,2025-04-28T23:57:00Z,ARR,med,6.0
87,True,True,TORONTO,SARNIA,2025-04-28,7,St.Marys,SMYS,2025-04-29T00:42:41Z,2025-04-29T00:25:00Z,ARR,bad,17.0
87,True,True,TORONTO,SARNIA,2025-04-28,8,London,LNDN,2025-04-29T01:35:00Z,2025-04-29T01:13:00Z,ARR,bad,22.0
87,True,True,TORONTO,SARNIA,2025-04-28,9,Strathroy,STRR,2025-04-29T01:57:54Z,2025-04-29T01:39:00Z,ARR,bad,18.0
87,True,True,TORONTO,SARNIA,2025-04-28,10,Wyoming,WYOM,2025-04-29T02:19:52Z,2025-04-29T02:07:00Z,ARR,med,12.0
87,True,True,TORONTO,SARNIA,2025-04-28,11,Sarnia,SARN,2025-04-29T02:34:31Z,2025-04-29T02:24:00Z,ARR,med,10.0
29,True,True,QUÉBEC,MONTRÉAL,2025-04-28,0,Québec,QBEC,2025-04-28T21:41:00Z,2025-04-28T21:41:00Z,ARR,goo,0.0
29,True,True,QUÉBEC,MONTRÉAL,2025-04-28,1,Ste-Foy,SFOY,2025-04-28T22:07:06Z,2025-04-28T22:06:00Z,ARR,goo,1.0
29,True,True,QUÉBEC,MONTRÉAL,2025-04-28,2,Drummondville,DRMV,2025-04-28T23:45:05Z,2025-04-28T23:42:00Z,ARR,goo,3.0
29,True,True,QUÉBEC,MONTRÉAL,2025-04-28,3,St. Hyacinthe,SHYA,2025-04-29T00:42:29Z,2025-04-29T00:18:00Z,ARR,bad,24.0
29,True,True,QUÉBEC,MONTRÉAL,2025-04-28,4,St. Lambert,SLAM,2025-04-29T01:16:36Z,2025-04-29T00:45:00Z,ARR,bad,31.0
29,True,True,QUÉBEC,MONTRÉAL,2025-04-28,5,Montréal,MTRL,2025-04-29T01:32:33Z,2025-04-29T01:00:00Z,ARR,bad,32.0
668,True,True,TORONTO,MONTRÉAL,2025-04-28,0,Toronto,TRTO,2025-04-28T22:07:00Z,2025-04-28T22:07:00Z,ARR,goo,0.0
668,True,True,TORONTO,MONTRÉAL,2025-04-28,1,Guildwood,GUIL,2025-04-28T22:24:02Z,2025-04-28T22:25:00Z,ARR,goo,0.0
668,True,True,TORONTO,MONTRÉAL,2025-04-28,2,Oshawa,OSHA,2025-04-28T22:45:23Z,2025-04-28T22:39:00Z,ARR,med,6.0
668,True,True,TORONTO,MONTRÉAL,2025-04-28,3,Kingston,KGON,2025-04-29T00:25:08Z,2025-04-29T00:22:00Z,ARR,goo,3.0
668,True,True,TORONTO,MONTRÉAL,2025-04-28,4,Cornwall,CWLL,2025-04-29T01:48:48Z,2025-04-29T01:49:00Z,ARR,goo,0.0
668,True,True,TORONTO,MONTRÉAL,2025-04-28,5,Dorval,DORV,2025-04-29T02:49:06Z,2025-04-29T02:38:00Z,ARR,med,11.0
668,True,True,TORONTO,MONTRÉAL,2025-04-28,6,Montréal,MTRL,2025-04-29T03:14:16Z,2025-04-29T03:04:00Z,ARR,med,10.0
59,True,True,OTTAWA,TORONTO,2025-04-28,0,Ottawa,OTTW,2025-04-28T22:10:00Z,2025-04-28T22:03:00Z,ARR,med,7.0
59,True,True,OTTAWA,TORONTO,2025-04-28,1,Fallowfield,FALL,2025-04-28T22:26:10Z,2025-04-28T22:20:00Z,ARR,med,6.0
59,True,True,OTTAWA,TORONTO,2025-04-28,2,Smiths Falls,SMTF,2025-04-28T23:06:11Z,2025-04-28T22:51:00Z,ARR,bad,15.0
59,True,True,OTTAWA,TORONTO,2025-04-28,3,Brockville,BRKV,2025-04-28T23:41:27Z,2025-04-28T23:25:00Z,ARR,bad,16.0
59,True,True,OTTAWA,TORONTO,2025-04-28,4,Kingston,KGON,2025-04-29T00:29:06Z,2025-04-29T00:10:00Z,ARR,bad,19.0
59,True,True,OTTAWA,TORONTO,2025-04-28,5,Belleville,BLVL,2025-04-29T01:15:13Z,2025-04-29T00:51:00Z,ARR,bad,24.0
59,True,True,OTTAWA,TORONTO,2025-04-28,6,Trenton Jct.,TRNJ,2025-04-29T01:29:36Z,2025-04-29T01:05:00Z,ARR,bad,24.0
59,True,True,OTTAWA,TORONTO,2025-04-28,7,Cobourg,CBRG,2025-04-29T02:01:39Z,2025-04-29T01:31:00Z,ARR,bad,30.0
59,True,True,OTTAWA,TORONTO,2025-04-28,8,Oshawa,OSHA,2025-04-29T02:43:35Z,2025-04-29T02:05:00Z,ARR,bad,38.0
59,True,True,OTTAWA,TORONTO,2025-04-28,9,Guildwood,GUIL,2025-04-29T03:11:00Z,2025-04-29T02:28:00Z,ARR,bad,43.0
59,True,True,OTTAWA,TORONTO,2025-04-28,10,Toronto,TRTO,2025-04-29T03:43:09Z,2025-04-29T02:48:00Z,ARR,bad,55.0
78,True,True,WINDSOR,TORONTO,2025-04-28,0,Windsor,WDON,2025-04-28T21:40:10Z,2025-04-28T21:40:00Z,ARR,goo,0.0
78,True,True,WINDSOR,TORONTO,2025-04-28,1,Chatham,CHAT,2025-04-28T22:24:39Z,2025-04-28T22:24:00Z,ARR,goo,0.0
78,True,True,WINDSOR,TORONTO,2025-04-28,2,Glencoe,GLNC,2025-04-28T23:07:42Z,2025-04-28T22:59:00Z,ARR,med,8.0
78,True,True,WINDSOR,TORONTO,2025-04-28,3,London,LNDN,2025-04-28T23:38:06Z,2025-04-28T23:32:00Z,ARR,med,6.0
78,True,True,WINDSOR,TORONTO,2025-04-28,4,Ingersoll,INGR,2025-04-29T00:04:45Z,2025-04-28T23:57:00Z,ARR,med,7.0
78,True,True,WINDSOR,TORONTO,2025-04-28,5,Woodstock,WDST,2025-04-29T00:16:22Z,2025-04-29T00:08:00Z,ARR,med,8.0
78,True,True,WINDSOR,TORONTO,2025-04-28,6,Brantford,BRTF,2025-04-29T00:46:42Z,2025-04-29T00:39:00Z,ARR,med,7.0
78,True,True,WINDSOR,TORONTO,2025-04-28,7,Aldershot,ALDR,2025-04-29T01:29:03Z,2025-04-29T01:09:00Z,ARR,bad,20.0
78,True,True,WINDSOR,TORONTO,2025-04-28,8,Oakville,OAKV,2025-04-29T01:44:21Z,2025-04-29T01:24:00Z,ARR,bad,20.0
78,True,True,WINDSOR,TORONTO,2025-04-28,9,Toronto,TRTO,2025-04-29T02:15:01Z,2025-04-29T01:50:00Z,ARR,bad,25.0
38,True,True,OTTAWA,MONTRÉAL,2025-04-28,0,Ottawa,OTTW,2025-04-28T21:55:00Z,2025-04-28T21:55:00Z,ARR,goo,0.0
38,True,True,OTTAWA,MONTRÉAL,2025-04-28,1,Casselman,CSLM,2025-04-28T22:20:14Z,2025-04-28T22:26:00Z,ARR,goo,-5.0
38,True,True,OTTAWA,MONTRÉAL,2025-04-28,2,Alexandria,ALEX,2025-04-28T22:44:47Z,2025-04-28T22:49:00Z,ARR,goo,-4.0
38,True,True,OTTAWA,MONTRÉAL,2025-04-28,3,Dorval,DORV,2025-04-28T23:29:24Z,2025-04-28T23:33:00Z,ARR,goo,-3.0
38,True,True,OTTAWA,MONTRÉAL,2025-04-28,4,Montréal,MTRL,2025-04-28T23:59:11Z,2025-04-28T23:57:00Z,ARR,goo,2.0
669,True,False,MONTRÉAL,TORONTO,2025-04-28,0,Montréal,MTRL,2025-04-28T22:09:00Z,2025-04-28T22:09:00Z,ARR,goo,0.0
669,True,False,MONTRÉAL,TORONTO,2025-04-28,1,Dorval,DORV,2025-04-28T22:40:06Z,2025-04-28T22:34:00Z,ARR,med,6.0
669,True,False,MONTRÉAL,TORONTO,2025-04-28,2,Cornwall,CWLL,2025-04-28T23:38:05Z,2025-04-28T23:26:00Z,ARR,med,12.0
669,True,False,MONTRÉAL,TORONTO,2025-04-28,3,Kingston,KGON,2025-04-29T01:16:38Z,2025-04-29T00:52:00Z,ARR,bad,24.0
669,True,False,MONTRÉAL,TORONTO,2025-04-28,4,Oshawa,OSHA,2025-04-29T03:14:16Z,2025-04-29T02:35:00Z,ARR,bad,39.0
669,True,False,MONTRÉAL,TORONTO,2025-04-28,5,Toronto,TRTO,2025-04-29T03:57:02Z,2025-04-29T03:18:00Z,< 1 min,bad,39.0
48,True,False,TORONTO,OTTAWA,2025-04-28,0,Toronto,TRTO,2025-04-28T22:55:00Z,2025-04-28T22:37:00Z,ARR,bad,18.0
48,True,False,TORONTO,OTTAWA,2025-04-28,1,Oshawa,OSHA,2025-04-28T23:43:47Z,2025-04-28T23:08:00Z,ARR,bad,35.0
48,True,False,TORONTO,OTTAWA,2025-04-28,2,Port Hope,PHOP,2025-04-29T00:11:01Z,2025-04-28T23:36:00Z,ARR,bad,35.0
48,True,False,TORONTO,OTTAWA,2025-04-28,3,Cobourg,CBRG,2025-04-29T00:18:25Z,2025-04-28T23:45:00Z,ARR,bad,33.0
48,True,False,TORONTO,OTTAWA,2025-04-28,4,Trenton Jct.,TRNJ,2025-04-29T00:44:34Z,2025-04-29T00:12:01Z,ARR,bad,32.0
48,True,False,TORONTO,OTTAWA,2025-04-28,5,Belleville,BLVL,2025-04-29T00:58:14Z,2025-04-29T00:25:00Z,ARR,bad,33.0
48,True,False,TORONTO,OTTAWA,2025-04-28,6,Napanee,NAPN,2025-04-29T01:23:45Z,2025-04-29T00:46:00Z,ARR,bad,37.0
48,True,False,TORONTO,OTTAWA,2025-04-28,7,Kingston,KGON,2025-04-29T01:40:53Z,2025-04-29T01:06:00Z,ARR,bad,34.0
48,True,False,TORONTO,OTTAWA,2025-04-28,8,Gananoque,GANA,2025-04-29T02:04:34Z,2025-04-29T01:28:00Z,ARR,bad,36.0
48,True,False,TORONTO,OTTAWA,2025-04-28,9,Brockville,BRKV,2025-04-29T02:35:35Z,2025-04-29T01:53:00Z,ARR,bad,42.0
48,True,False,TORONTO,OTTAWA,2025-04-28,10,Smiths Falls,SMTF,2025-04-29T03:13:02Z,2025-04-29T02:24:00Z,ARR,bad,49.0
48,True,False,TORONTO,OTTAWA,2025-04-28,11,Fallowfield,FALL,2025-04-29T03:39:35Z,2025-04-29T02:51:00Z,ARR,bad,48.0
48,True,False,TORONTO,OTTAWA,2025-04-28,12,Ottawa,OTTW,2025-04-29T03:58:13Z,2025-04-29T03:11:00Z,1 min,bad,47.0
79,True,False,TORONTO,WINDSOR,2025-04-28,0,Toronto,TRTO,2025-04-29T00:05:44Z,2025-04-28T23:45:00Z,ARR,bad,20.0
79,True,False,TORONTO,WINDSOR,2025-04-28,1,Oakville,OAKV,2025-04-29T00:32:10Z,2025-04-29T00:07:00Z,ARR,bad,25.0
79,True,False,TORONTO,WINDSOR,2025-04-28,2,Aldershot,ALDR,2025-04-29T00:56:32Z,2025-04-29T00:22:00Z,ARR,bad,34.0
79,True,False,TORONTO,WINDSOR,2025-04-28,3,Brantford,BRTF,2025-04-29T01:27:52Z,2025-04-29T00:50:00Z,ARR,bad,37.0
79,True,False,TORONTO,WINDSOR,2025-04-28,4,Woodstock,WDST,2025-04-29T01:55:49Z,2025-04-29T01:17:00Z,ARR,bad,38.0
79,True,False,TORONTO,WINDSOR,2025-04-28,5,Ingersoll,INGR,2025-04-29T02:06:52Z,2025-04-29T01:30:00Z,ARR,bad,36.0
79,True,False,TORONTO,WINDSOR,2025-04-28,6,London,LNDN,2025-04-29T02:30:48Z,2025-04-29T01:52:00Z,ARR,bad,38.0
79,True,False,TORONTO,WINDSOR,2025-04-28,7,Glencoe,GLNC,2025-04-29T03:01:37Z,2025-04-29T02:25:00Z,ARR,bad,36.0
79,True,False,TORONTO,WINDSOR,2025-04-28,8,Chatham,CHAT,2025-04-29T03:40:58Z,2025-04-29T02:57:00Z,ARR,bad,43.0
79,True,False,TORONTO,WINDSOR,2025-04-28,9,Windsor,WDON,2025-04-29T04:24:49Z,2025-04-29T03:44:00Z,28 mins,bad,40.0
603,True,False,MONTRÉAL,SENNETERRE,2025-04-28,0,Senneterre,SENN,&mdash;,2025-04-29T01:02:00Z,&mdash;,,
