train_id,departed,arrived,from,to,instance,stop_id,station,code,estimated,scheduled,eta,diff,diffMin
2 (11-28),True,True,VANCOUVER,TORONTO,2025-11-28,0,Vancouver,VCVR,2025-11-28T23:00:18Z,2025-11-28T23:00:00Z,ARR,goo,0.0
2 (11-28),True,True,VANCOUVER,TORONTO,2025-11-28,1,Mission Harbour,MSNH,2025-11-29T00:45:12Z,2025-11-29T00:35:00Z,ARR,med,10.0
2 (11-28),True,True,VANCOUVER,TORONTO,2025-11-28,2,Agassiz,AGAS,2025-11-29T01:26:05Z,2025-11-29T01:03:00Z,ARR,bad,23.0
2 (11-28),True,True,VANCOUVER,TORONTO,2025-11-28,3,Katz,KATZ,2025-11-29T01:44:48Z,2025-11-29T01:17:00Z,ARR,bad,27.0
2 (11-28),True,True,VANCOUVER,TORONTO,2025-11-28,4,North Bend,NBND,2025-11-29T03:28:05Z,2025-11-29T03:46:00Z,ARR,goo,-17.0
2 (11-28),True,True,VANCOUVER,TORONTO,2025-11-28,5,Ashcroft,ASHN,2025-11-29T09:55:51Z,2025-11-29T06:32:00Z,ARR,bad,203.0
2 (11-28),True,True,VANCOUVER,TORONTO,2025-11-28,6,Kamloops North,KAMN,2025-11-29T11:19:03Z,2025-11-29T08:17:00Z,ARR,bad,182.0
2 (11-28),True,True,VANCOUVER,TORONTO,2025-11-28,7,Clearwater,CLWT,2025-11-29T13:42:10Z,2025-11-29T10:58:00Z,ARR,bad,164.0
2 (11-28),True,True,VANCOUVER,TORONTO,2025-11-28,8,Blue River,BLUE,2025-11-29T16:09:36Z,2025-11-29T13:11:00Z,ARR,bad,178.0
2 (11-28),True,True,VANCOUVER,TORONTO,2025-11-28,9,Valemount,VLMT,2025-11-29T18:47:48Z,2025-11-29T15:01:00Z,ARR,bad,226.0
2 (11-28),True,True,VANCOUVER,TORONTO,2025-11-28,10,Jasper,JASP,2025-11-29T20:53:02Z,2025-11-29T18:00:00Z,ARR,bad,173.0
2 (11-28),True,True,VANCOUVER,TORONTO,2025-11-28,11,Hinton,HINT,2025-11-29T23:52:34Z,2025-11-29T20:45:00Z,ARR,bad,187.0
2 (11-28),True,True,VANCOUVER,TORONTO,2025-11-28,12,Edson,EDSN,2025-11-30T01:02:07Z,2025-11-29T22:19:00Z,ARR,bad,163.0
2 (11-28),True,True,VANCOUVER,TORONTO,2025-11-28,13,Evansburg,EVAN,2025-11-30T02:39:29Z,2025-11-29T23:28:00Z,ARR,bad,191.0
2 (11-28),True,True,VANCOUVER,TORONTO,2025-11-28,14,Edmonton,EDMO,2025-11-30T04:22:04Z,2025-11-30T01:50:00Z,ARR,bad,152.0
2 (11-28),True,True,VANCOUVER,TORONTO,2025-11-28,15,Viking,VKNG,2025-11-30T08:59:28Z,2025-11-30T04:53:00Z,ARR,bad,246.0
2 (11-28),True,True,VANCOUVER,TORONTO,2025-11-28,16,Wainwright,WAIN,2025-11-30T10:38:14Z,2025-11-30T07:14:00Z,ARR,bad,204.0
2 (11-28),True,True,VANCOUVER,TORONTO,2025-11-28,17,Unity,UNIT,2025-11-30T15:14:18Z,2025-11-30T08:47:00Z,ARR,bad,387.0
2 (11-28),True,True,VANCOUVER,TORONTO,2025-11-28,18,Biggar,BIGG,2025-11-30T17:17:16Z,2025-11-30T10:21:00Z,ARR,bad,416.0
2 (11-28),True,True,VANCOUVER,TORONTO,2025-11-28,19,Saskatoon,SASK,2025-11-30T19:47:21Z,2025-11-30T12:57:00Z,ARR,bad,410.0
2 (11-28),True,True,VANCOUVER,TORONTO,2025-11-28,20,Watrous,WATR,2025-11-30T23:12:55Z,2025-11-30T15:26:00Z,ARR,bad,466.0
2 (11-28),True,True,VANCOUVER,TORONTO,2025-11-28,21,Melville,MELV,2025-12-01T02:50:54Z,2025-11-30T19:47:00Z,ARR,bad,423.0
2 (11-28),True,True,VANCOUVER,TORONTO,2025-11-28,22,Rivers,RVRS,2025-12-01T07:05:02Z,2025-11-30T23:22:00Z,ARR,bad,463.0
2 (11-28),True,True,VANCOUVER,TORONTO,2025-11-28,23,Portage La Prairie,PLPX,2025-12-01T09:35:51Z,2025-12-01T01:15:00Z,ARR,bad,500.0
2 (11-28),True,True,VANCOUVER,TORONTO,2025-11-28,24,Winnipeg,WNPG,2025-12-01T10:48:36Z,2025-12-01T04:00:00Z,ARR,bad,408.0
2 (11-28),True,True,VANCOUVER,TORONTO,2025-11-28,25,Elma,ELMA,2025-12-01T16:08:12Z,2025-12-01T06:37:00Z,ARR,bad,571.0
2 (11-28),True,True,VANCOUVER,TORONTO,2025-11-28,26,Brereton Lake,BRTL,2025-12-01T16:27:57Z,2025-12-01T06:58:00Z,ARR,bad,569.0
2 (11-28),True,True,VANCOUVER,TORONTO,2025-11-28,27,Ophir,OPHR,2025-12-01T16:41:01Z,2025-12-01T07:16:00Z,ARR,bad,565.0
2 (11-28),True,True,VANCOUVER,TORONTO,2025-11-28,28,Winnitoba,WNTB,2025-12-01T16:44:29Z,2025-12-01T07:21:00Z,ARR,bad,563.0
2 (11-28),True,True,VANCOUVER,TORONTO,2025-11-28,29,Rice Lake,RCLK,2025-12-01T16:49:24Z,2025-12-01T07:35:00Z,ARR,bad,554.0
2 (11-28),True,True,VANCOUVER,TORONTO,2025-11-28,30,Copelands Landing,COPE,2025-12-01T17:02:22Z,2025-12-01T07:38:00Z,ARR,bad,564.0
2 (11-28),True,True,VANCOUVER,TORONTO,2025-11-28,31,Malachi,MLCH,2025-12-01T17:04:32Z,2025-12-01T07:40:00Z,ARR,bad,564.0
2 (11-28),True,True,VANCOUVER,TORONTO,2025-11-28,32,Ottermere,OTTM,2025-12-01T17:18:56Z,2025-12-01T07:46:00Z,ARR,bad,572.0
2 (11-28),True,True,VANCOUVER,TORONTO,2025-11-28,33,Minaki,MNKI,2025-12-01T18:06:53Z,2025-12-01T08:03:00Z,ARR,bad,603.0
2 (11-28),True,True,VANCOUVER,TORONTO,2025-11-28,34,Redditt,RDDT,2025-12-01T19:11:24Z,2025-12-01T08:29:00Z,ARR,bad,642.0
2 (11-28),True,True,VANCOUVER,TORONTO,2025-11-28,35,Farlane,FARL,2025-12-01T19:26:08Z,2025-12-01T08:46:00Z,ARR,bad,640.0
2 (11-28),True,True,VANCOUVER,TORONTO,2025-11-28,36,Canyon,CNYK,2025-12-01T20:04:37Z,2025-12-01T09:23:00Z,ARR,bad,641.0
2 (11-28),True,True,VANCOUVER,TORONTO,2025-11-28,37,Red Lake Road,RLRX,2025-12-01T20:33:51Z,2025-12-01T09:51:00Z,ARR,bad,642.0
2 (11-28),True,True,VANCOUVER,TORONTO,2025-11-28,38,Richan,RCHN,2025-12-01T21:14:18Z,2025-12-01T10:28:00Z,ARR,bad,646.0
2 (11-28),True,True,VANCOUVER,TORONTO,2025-11-28,39,Sioux Lookout,SLKT,2025-12-01T22:53:01Z,2025-12-01T12:01:00Z,ARR,bad,652.0
2 (11-28),True,True,VANCOUVER,TORONTO,2025-11-28,40,Savant Lake,SAVL,2025-12-02T00:53:27Z,2025-12-01T14:14:00Z,ARR,bad,639.0
2 (11-28),True,True,VANCOUVER,TORONTO,2025-11-28,41,Flindt Landing,FLTL,2025-12-02T01:01:16Z,2025-12-01T14:31:00Z,ARR,bad,630.0
2 (11-28),True,True,VANCOUVER,TORONTO,2025-11-28,42,Allanwater Bridge,ALWB,2025-12-02T01:16:16Z,2025-12-01T14:46:00Z,ARR,bad,630.0
2 (11-28),True,True,VANCOUVER,TORONTO,2025-11-28,43,Collins,COLL,2025-12-02T01:57:11Z,2025-12-01T15:26:00Z,ARR,bad,631.0
2 (11-28),True,True,VANCOUVER,TORONTO,2025-11-28,44,Armstrong,ARMG,2025-12-02T02:29:36Z,2025-12-01T15:57:00Z,ARR,bad,632.0
2 (11-28),True,True,VANCOUVER,TORONTO,2025-11-28,45,Mud River,MUDR,2025-12-02T03:08:19Z,2025-12-01T16:29:00Z,ARR,bad,639.0
2 (11-28),True,True,VANCOUVER,TORONTO,2025-11-28,46,Ferland,FERL,2025-12-02T03:16:19Z,2025-12-01T16:37:00Z,ARR,bad,639.0
2 (11-28),True,True,VANCOUVER,TORONTO,2025-11-28,47,Auden,AUDN,2025-12-02T03:53:19Z,2025-12-01T17:14:00Z,ARR,bad,639.0
2 (11-28),True,True,VANCOUVER,TORONTO,2025-11-28,48,Nakina,NAKI,2025-12-02T05:42:50Z,2025-12-01T18:20:00Z,ARR,bad,682.0
2 (11-28),True,True,VANCOUVER,TORONTO,2025-11-28,49,Longlac,LLAC,2025-12-02T06:19:03Z,2025-12-01T19:11:00Z,ARR,bad,668.0
2 (11-28),True,True,VANCOUVER,TORONTO,2025-11-28,50,Caramat,CARA,2025-12-02T06:50:23Z,2025-12-01T19:39:00Z,ARR,bad,671.0
2 (11-28),True,True,VANCOUVER,TORONTO,2025-11-28,51,Hillsport,HLSP,2025-12-02T07:38:51Z,2025-12-01T20:29:00Z,ARR,bad,669.0
2 (11-28),True,True,VANCOUVER,TORONTO,2025-11-28,52,Hornepayne,HNPN,2025-12-02T08:34:34Z,2025-12-01T22:44:00Z,ARR,bad,590.0
2 (11-28),True,True,VANCOUVER,TORONTO,2025-11-28,53,Oba,OBAX,2025-12-02T09:48:32Z,2025-12-02T00:30:00Z,ARR,bad,558.0
2 (11-28),True,True,VANCOUVER,TORONTO,2025-11-28,54,Elsas,ELSA,2025-12-02T12:10:40Z,2025-12-02T02:04:00Z,ARR,bad,606.0
2 (11-28),True,True,VANCOUVER,TORONTO,2025-11-28,55,Foleyet,FOLE,2025-12-02T12:55:07Z,2025-12-02T03:27:00Z,ARR,bad,568.0
2 (11-28),True,True,VANCOUVER,TORONTO,2025-11-28,56,Gogama,GOGA,2025-12-02T14:32:36Z,2025-12-02T05:02:00Z,ARR,bad,570.0
2 (11-28),True,True,VANCOUVER,TORONTO,2025-11-28,57,Westree,WSTR,2025-12-02T15:12:36Z,2025-12-02T05:35:00Z,ARR,bad,577.0
2 (11-28),True,True,VANCOUVER,TORONTO,2025-11-28,58,Ruel,RUEL,2025-12-02T15:27:59Z,2025-12-02T05:52:00Z,ARR,bad,575.0
2 (11-28),True,True,VANCOUVER,TORONTO,2025-11-28,59,Felix,FELX,2025-12-02T15:35:59Z,2025-12-02T06:00:00Z,ARR,bad,575.0
2 (11-28),True,True,VANCOUVER,TORONTO,2025-11-28,60,McKee's Camp,MCKC,2025-12-02T15:49:35Z,2025-12-02T06:20:00Z,ARR,bad,569.0
2 (11-28),True,True,VANCOUVER,TORONTO,2025-11-28,61,Laforest,LAFO,2025-12-02T16:02:35Z,2025-12-02T06:33:00Z,ARR,bad,569.0
2 (11-28),True,True,VANCOUVER,TORONTO,2025-11-28,62,Capreol,CAPR,2025-12-02T17:15:56Z,2025-12-02T08:47:00Z,ARR,bad,508.0
2 (11-28),True,True,VANCOUVER,TORONTO,2025-11-28,63,Sudbury (Jct.),SUDJ,2025-12-02T18:07:33Z,2025-12-02T09:49:00Z,ARR,bad,498.0
2 (11-28),True,True,VANCOUVER,TORONTO,2025-11-28,64,Parry Sound,PARS,2025-12-02T22:02:40Z,2025-12-02T13:00:00Z,ARR,bad,542.0
2 (11-28),True,True,VANCOUVER,TORONTO,2025-11-28,65,Washago,WSHG,2025-12-02T23:38:55Z,2025-12-02T15:00:00Z,ARR,bad,518.0
2 (11-28),True,True,VANCOUVER,TORONTO,2025-11-28,66,Toronto,TRTO,2025-12-03T02:16:56Z,2025-12-02T19:29:00Z,ARR,bad,407.0
1 (11-30),True,False,TORONTO,VANCOUVER,2025-11-30,0,Toronto,TRTO,2025-11-30T14:55:00Z,2025-11-30T14:55:00Z,ARR,goo,0.0
1 (11-30),True,False,TORONTO,VANCOUVER,2025-11-30,1,Washago,WSHG,2025-11-30T18:06:30Z,2025-11-30T17:25:00Z,ARR,bad,41.0
1 (11-30),True,False,TORONTO,VANCOUVER,2025-11-30,2,South Parry,SPAR,2025-11-30T20:12:23Z,2025-11-30T19:27:00Z,ARR,bad,45.0
1 (11-30),True,False,TORONTO,VANCOUVER,2025-11-30,3,Sudbury (Jct.),SUDJ,2025-12-01T02:51:05Z,2025-11-30T21:57:00Z,ARR,bad,294.0
1 (11-30),True,False,TORONTO,VANCOUVER,2025-11-30,4,Capreol,CAPR,2025-12-01T03:23:21Z,2025-11-30T22:22:00Z,ARR,bad,301.0
1 (11-30),True,False,TORONTO,VANCOUVER,2025-11-30,5,Laforest,LAFO,2025-12-01T04:36:43Z,2025-11-30T23:48:00Z,ARR,bad,288.0
1 (11-30),True,False,TORONTO,VANCOUVER,2025-11-30,6,McKee's Camp,MCKC,2025-12-01T04:49:43Z,2025-12-01T00:01:00Z,ARR,bad,288.0
1 (11-30),True,False,TORONTO,VANCOUVER,2025-11-30,7,Felix,FELX,2025-12-01T05:09:43Z,2025-12-01T00:21:00Z,ARR,bad,288.0
1 (11-30),True,False,TORONTO,VANCOUVER,2025-11-30,8,Ruel,RUEL,2025-12-01T05:16:43Z,2025-12-01T00:28:00Z,ARR,bad,288.0
1 (11-30),True,False,TORONTO,VANCOUVER,2025-11-30,9,Westree,WSTR,2025-12-01T05:31:50Z,2025-12-01T00:45:00Z,ARR,bad,286.0
1 (11-30),True,False,TORONTO,VANCOUVER,2025-11-30,10,Gogama,GOGA,2025-12-01T05:58:12Z,2025-12-01T01:18:00Z,ARR,bad,280.0
1 (11-30),True,False,TORONTO,VANCOUVER,2025-11-30,11,Foleyet,FOLE,2025-12-01T07:15:30Z,2025-12-01T03:44:00Z,ARR,bad,211.0
1 (11-30),True,False,TORONTO,VANCOUVER,2025-11-30,12,Elsas,ELSA,2025-12-01T08:19:37Z,2025-12-01T04:38:00Z,ARR,bad,221.0
1 (11-30),True,False,TORONTO,VANCOUVER,2025-11-30,13,Oba,OBAX,2025-12-01T10:01:52Z,2025-12-01T06:38:00Z,ARR,bad,203.0
1 (11-30),True,False,TORONTO,VANCOUVER,2025-11-30,14,Hornepayne,HNPN,2025-12-01T11:15:45Z,2025-12-01T07:29:00Z,ARR,bad,226.0
1 (11-30),True,False,TORONTO,VANCOUVER,2025-11-30,15,Hillsport,HLSP,2025-12-01T13:05:42Z,2025-12-01T09:05:00Z,ARR,bad,240.0
1 (11-30),True,False,TORONTO,VANCOUVER,2025-11-30,16,Caramat,CARA,2025-12-01T14:02:51Z,2025-12-01T09:55:00Z,ARR,bad,247.0
1 (11-30),True,False,TORONTO,VANCOUVER,2025-11-30,17,Longlac,LLAC,2025-12-01T14:48:14Z,2025-12-01T10:34:00Z,ARR,bad,254.0
1 (11-30),True,False,TORONTO,VANCOUVER,2025-11-30,18,Nakina,NAKI,2025-12-01T15:25:47Z,2025-12-01T11:13:00Z,ARR,bad,252.0
1 (11-30),True,False,TORONTO,VANCOUVER,2025-11-30,19,Auden,AUDN,2025-12-01T16:23:00Z,2025-12-01T12:19:00Z,ARR,bad,244.0
1 (11-30),True,False,TORONTO,VANCOUVER,2025-11-30,20,Ferland,FERL,2025-12-01T17:00:00Z,2025-12-01T12:56:00Z,ARR,bad,244.0
1 (11-30),True,False,TORONTO,VANCOUVER,2025-11-30,21,Mud River,MUDR,2025-12-01T17:09:00Z,2025-12-01T13:05:00Z,ARR,bad,244.0
1 (11-30),True,False,TORONTO,VANCOUVER,2025-11-30,22,Armstrong,ARMG,2025-12-01T17:21:50Z,2025-12-01T14:17:00Z,ARR,bad,184.0
1 (11-30),True,False,TORONTO,VANCOUVER,2025-11-30,23,Collins,COLL,2025-12-01T18:13:29Z,2025-12-01T14:47:00Z,ARR,bad,206.0
1 (11-30),True,False,TORONTO,VANCOUVER,2025-11-30,24,Allanwater Bridge,ALWB,2025-12-01T18:53:13Z,2025-12-01T15:26:00Z,ARR,bad,207.0
1 (11-30),True,False,TORONTO,VANCOUVER,2025-11-30,25,Flindt Landing,FLTL,2025-12-01T19:09:13Z,2025-12-01T15:42:00Z,ARR,bad,207.0
1 (11-30),True,False,TORONTO,VANCOUVER,2025-11-30,26,Savant Lake,SAVL,2025-12-01T19:26:13Z,2025-12-01T15:59:00Z,ARR,bad,207.0
1 (11-30),True,False,TORONTO,VANCOUVER,2025-11-30,27,Sioux Lookout,SLKT,2025-12-01T20:28:36Z,2025-12-01T17:25:00Z,ARR,bad,183.0
1 (11-30),True,False,TORONTO,VANCOUVER,2025-11-30,28,Richan,RCHN,2025-12-01T22:51:38Z,2025-12-01T19:05:00Z,ARR,bad,226.0
1 (11-30),True,False,TORONTO,VANCOUVER,2025-11-30,29,Red Lake Road,RLRX,2025-12-01T23:22:46Z,2025-12-01T19:41:00Z,ARR,bad,221.0
1 (11-30),True,False,TORONTO,VANCOUVER,2025-11-30,30,Canyon,CNYK,2025-12-01T23:46:56Z,2025-12-01T20:10:00Z,ARR,bad,216.0
1 (11-30),True,False,TORONTO,VANCOUVER,2025-11-30,31,Farlane,FARL,2025-12-02T00:32:00Z,2025-12-01T20:47:00Z,ARR,bad,225.0
1 (11-30),True,False,TORONTO,VANCOUVER,2025-11-30,32,Redditt,RDDT,2025-12-02T00:45:49Z,2025-12-01T21:23:00Z,ARR,bad,202.0
1 (11-30),True,False,TORONTO,VANCOUVER,2025-11-30,33,Minaki,MNKI,2025-12-02T01:09:38Z,2025-12-01T21:44:00Z,ARR,bad,205.0
1 (11-30),True,False,TORONTO,VANCOUVER,2025-11-30,34,Ottermere,OTTM,2025-12-02T02:01:57Z,2025-12-01T22:01:00Z,ARR,bad,240.0
1 (11-30),True,False,TORONTO,VANCOUVER,2025-11-30,35,Malachi,MLCH,2025-12-02T02:04:55Z,2025-12-01T22:07:00Z,ARR,bad,237.0
1 (11-30),True,False,TORONTO,VANCOUVER,2025-11-30,36,Copelands Landing,COPE,2025-12-02T02:06:55Z,2025-12-01T22:09:00Z,ARR,bad,237.0
1 (11-30),True,False,TORONTO,VANCOUVER,2025-11-30,37,Rice Lake,RCLK,2025-12-02T02:14:02Z,2025-12-01T22:12:00Z,ARR,bad,242.0
1 (11-30),True,False,TORONTO,VANCOUVER,2025-11-30,38,Winnitoba,WNTB,2025-12-02T02:21:25Z,2025-12-01T22:26:00Z,ARR,bad,235.0
1 (11-30),True,False,TORONTO,VANCOUVER,2025-11-30,39,Ophir,OPHR,2025-12-02T02:22:08Z,2025-12-01T22:31:00Z,ARR,bad,231.0
1 (11-30),True,False,TORONTO,VANCOUVER,2025-11-30,40,Brereton Lake,BRTL,2025-12-02T02:34:33Z,2025-12-01T22:49:00Z,ARR,bad,225.0
1 (11-30),True,False,TORONTO,VANCOUVER,2025-11-30,41,Elma,ELMA,2025-12-02T02:49:37Z,2025-12-01T23:10:00Z,ARR,bad,219.0
1 (11-30),True,False,TORONTO,VANCOUVER,2025-11-30,42,Winnipeg,WNPG,2025-12-02T04:41:51Z,2025-12-02T01:30:00Z,ARR,bad,191.0
1 (11-30),True,False,TORONTO,VANCOUVER,2025-11-30,43,Portage La Prairie,PLPX,2025-12-02T08:05:24Z,2025-12-02T05:04:00Z,ARR,bad,181.0
1 (11-30),True,False,TORONTO,VANCOUVER,2025-11-30,44,Rivers,RVRS,2025-12-02T09:50:08Z,2025-12-02T07:31:00Z,ARR,bad,139.0
1 (11-30),True,False,TORONTO,VANCOUVER,2025-11-30,45,Melville,MELV,2025-12-02T15:56:56Z,2025-12-02T11:54:00Z,ARR,bad,242.0
1 (11-30),True,False,TORONTO,VANCOUVER,2025-11-30,46,Watrous,WATR,2025-12-02T18:35:01Z,2025-12-02T14:54:00Z,ARR,bad,221.0
1 (11-30),True,False,TORONTO,VANCOUVER,2025-11-30,47,Saskatoon,SASK,2025-12-02T19:59:39Z,2025-12-02T16:50:00Z,ARR,bad,189.0
1 (11-30),True,False,TORONTO,VANCOUVER,2025-11-30,48,Biggar,BIGG,2025-12-02T23:15:10Z,2025-12-02T19:29:00Z,ARR,bad,226.0
1 (11-30),True,False,TORONTO,VANCOUVER,2025-11-30,49,Unity,UNIT,2025-12-03T00:24:01Z,2025-12-02T20:44:00Z,ARR,bad,220.0
1 (11-30),True,False,TORONTO,VANCOUVER,2025-11-30,50,Wainwright,WAIN,2025-12-03T02:43:22Z,2025-12-02T23:33:00Z,ARR,bad,190.0
1 (11-30),True,False,TORONTO,VANCOUVER,2025-11-30,51,Viking,VKNG,2025-12-03T04:15:52Z,2025-12-03T00:26:00Z,17 mins,bad,229.0
1 (11-30),True,False,TORONTO,VANCOUVER,2025-11-30,52,Edmonton,EDMO,2025-12-03T07:39:52Z,2025-12-03T03:50:00Z,3h41,bad,229.0
1 (11-30),True,False,TORONTO,VANCOUVER,2025-11-30,53,Evansburg,EVAN,&mdash;,2025-12-03T08:29:00Z,&mdash;,,
1 (11-30),True,False,TORONTO,VANCOUVER,2025-11-30,54,Edson,EDSN,&mdash;,2025-12-03T09:52:00Z,&mdash;,,
1 (11-30),True,False,TORONTO,VANCOUVER,2025-11-30,55,Hinton,HINT,&mdash;,2025-12-03T10:58:00Z,&mdash;,,
1 (11-30),True,False,TORONTO,VANCOUVER,2025-11-30,56,Jasper,JASP,&mdash;,2025-12-03T13:30:00Z,&mdash;,,
693 (11-30),True,True,WINNIPEG,CHURCHILL,2025-11-30,0,Winnipeg,WNPG,2025-11-30T18:15:54Z,2025-11-30T18:05:00Z,ARR,med,10.0
693 (11-30),True,True,WINNIPEG,CHURCHILL,2025-11-30,1,Portage La Prairie,PLPX,2025-11-30T19:28:22Z,2025-11-30T19:15:00Z,ARR,med,13.0
693 (11-30),True,True,WINNIPEG,CHURCHILL,2025-11-30,2,Gladstone,GSTO,2025-11-30T20:22:35Z,2025-11-30T20:07:00Z,ARR,med,15.0
693 (11-30),True,True,WINNIPEG,CHURCHILL,2025-11-30,3,Plumas,PLUM,2025-11-30T20:56:00Z,2025-11-30T20:44:00Z,ARR,med,12.0
693 (11-30),True,True,WINNIPEG,CHURCHILL,2025-11-30,4,Glenella,GLNA,2025-11-30T21:22:56Z,2025-11-30T21:16:00Z,ARR,med,6.0
693 (11-30),True,True,WINNIPEG,CHURCHILL,2025-11-30,5,Mccreary,MCCR,2025-11-30T22:04:21Z,2025-11-30T21:57:00Z,ARR,med,7.0
693 (11-30),True,True,WINNIPEG,CHURCHILL,2025-11-30,6,Laurier,LRIE,2025-11-30T22:22:03Z,2025-11-30T22:15:00Z,ARR,med,7.0
693 (11-30),True,True,WINNIPEG,CHURCHILL,2025-11-30,7,Ochre River,OCHR,2025-11-30T22:39:57Z,2025-11-30T22:36:00Z,ARR,goo,3.0
693 (11-30),True,True,WINNIPEG,CHURCHILL,2025-11-30,8,Dauphin,DAUP,2025-11-30T22:59:25Z,2025-11-30T22:56:00Z,ARR,goo,3.0
693 (11-30),True,True,WINNIPEG,CHURCHILL,2025-11-30,9,Gilbert Plains,GLBP,2025-11-30T23:52:34Z,2025-11-30T23:44:00Z,ARR,med,8.0
693 (11-30),True,True,WINNIPEG,CHURCHILL,2025-11-30,10,Grandview,GVIE,2025-12-01T00:19:44Z,2025-12-01T00:00:00Z,ARR,med,19.0
693 (11-30),True,True,WINNIPEG,CHURCHILL,2025-11-30,11,Roblin,RBLN,2025-12-01T01:31:39Z,2025-12-01T00:55:00Z,ARR,bad,36.0
693 (11-30),True,True,WINNIPEG,CHURCHILL,2025-11-30,12,Togo,TOGO,2025-12-01T02:03:56Z,2025-12-01T01:22:00Z,ARR,bad,41.0
693 (11-30),True,True,WINNIPEG,CHURCHILL,2025-11-30,13,Kamsack,KAMS,2025-12-01T02:40:30Z,2025-12-01T01:59:00Z,ARR,bad,41.0
693 (11-30),True,True,WINNIPEG,CHURCHILL,2025-11-30,14,Veregin,VERE,2025-12-01T02:52:26Z,2025-12-01T02:12:00Z,ARR,bad,40.0
693 (11-30),True,True,WINNIPEG,CHURCHILL,2025-11-30,15,Mikado,MIKA,2025-12-01T03:04:24Z,2025-12-01T02:22:00Z,ARR,bad,42.0
693 (11-30),True,True,WINNIPEG,CHURCHILL,2025-11-30,16,Canora,CANO,2025-12-01T03:21:28Z,2025-12-01T02:36:00Z,ARR,bad,45.0
693 (11-30),True,True,WINNIPEG,CHURCHILL,2025-11-30,17,Sturgis,STGS,2025-12-01T04:19:55Z,2025-12-01T03:21:00Z,ARR,bad,58.0
693 (11-30),True,True,WINNIPEG,CHURCHILL,2025-11-30,18,Endeavour,ENDV,2025-12-01T04:52:19Z,2025-12-01T03:54:00Z,ARR,bad,58.0
693 (11-30),True,True,WINNIPEG,CHURCHILL,2025-11-30,19,Reserve,RSRV,2025-12-01T05:34:29Z,2025-12-01T04:34:00Z,ARR,bad,60.0
693 (11-30),True,True,WINNIPEG,CHURCHILL,2025-11-30,20,Hudson Bay,HBAY,2025-12-01T06:26:27Z,2025-12-01T05:32:00Z,ARR,bad,54.0
693 (11-30),True,True,WINNIPEG,CHURCHILL,2025-11-30,21,The Pas,TPAS,2025-12-01T09:02:27Z,2025-12-01T07:45:00Z,ARR,bad,77.0
693 (11-30),True,True,WINNIPEG,CHURCHILL,2025-11-30,22,Orok,OROK,2025-12-01T10:10:30Z,2025-12-01T09:07:00Z,ARR,bad,63.0
693 (11-30),True,True,WINNIPEG,CHURCHILL,2025-11-30,23,Halcrow,HALC,2025-12-01T10:59:27Z,2025-12-01T10:01:00Z,ARR,bad,58.0
693 (11-30),True,True,WINNIPEG,CHURCHILL,2025-11-30,24,Cormorant,CORM,2025-12-01T11:07:58Z,2025-12-01T10:12:00Z,ARR,bad,55.0
693 (11-30),True,True,WINNIPEG,CHURCHILL,2025-11-30,25,Dering,DERI,2025-12-01T11:15:58Z,2025-12-01T10:20:00Z,ARR,bad,55.0
693 (11-30),True,True,WINNIPEG,CHURCHILL,2025-11-30,26,Dyce,DYCE,2025-12-01T11:52:29Z,2025-12-01T10:59:00Z,ARR,bad,53.0
693 (11-30),True,True,WINNIPEG,CHURCHILL,2025-11-30,27,Wekusko,WEKU,2025-12-01T12:42:17Z,2025-12-01T11:43:00Z,ARR,bad,59.0
693 (11-30),True,True,WINNIPEG,CHURCHILL,2025-11-30,28,Turnbull,TURN,2025-12-01T13:06:44Z,2025-12-01T12:10:00Z,ARR,bad,56.0
693 (11-30),True,True,WINNIPEG,CHURCHILL,2025-11-30,29,Ponton,PNTN,2025-12-01T13:34:59Z,2025-12-01T12:42:00Z,ARR,bad,52.0
693 (11-30),True,True,WINNIPEG,CHURCHILL,2025-11-30,30,Pipun,PIPN,2025-12-01T14:21:10Z,2025-12-01T13:25:00Z,ARR,bad,56.0
693 (11-30),True,True,WINNIPEG,CHURCHILL,2025-11-30,31,Wabowden,WBDN,2025-12-01T14:35:22Z,2025-12-01T13:48:00Z,ARR,bad,47.0
693 (11-30),True,True,WINNIPEG,CHURCHILL,2025-11-30,32,Lyddal,LYDD,2025-12-01T15:07:48Z,2025-12-01T14:16:00Z,ARR,bad,51.0
693 (11-30),True,True,WINNIPEG,CHURCHILL,2025-11-30,33,Odhill,ODHI,2025-12-01T15:31:44Z,2025-12-01T14:38:00Z,ARR,bad,53.0
693 (11-30),True,True,WINNIPEG,CHURCHILL,2025-11-30,34,Hockin,HOCK,2025-12-01T16:10:38Z,2025-12-01T15:22:00Z,ARR,bad,48.0
693 (11-30),True,True,WINNIPEG,CHURCHILL,2025-11-30,35,Thicket Portage,THKP,2025-12-01T16:23:44Z,2025-12-01T15:37:00Z,ARR,bad,46.0
693 (11-30),True,True,WINNIPEG,CHURCHILL,2025-11-30,36,Leven,LEVN,2025-12-01T16:47:06Z,2025-12-01T15:54:00Z,ARR,bad,53.0
693 (11-30),True,True,WINNIPEG,CHURCHILL,2025-11-30,37,Thompson,THOM,2025-12-01T20:08:46Z,2025-12-01T18:00:00Z,ARR,bad,128.0
693 (11-30),True,True,WINNIPEG,CHURCHILL,2025-11-30,38,Sipiwesk,SIPI,2025-12-02T00:26:57Z,2025-12-02T00:35:00Z,ARR,goo,-8.0
693 (11-30),True,True,WINNIPEG,CHURCHILL,2025-11-30,39,Pikwitonei,PIKW,2025-12-02T01:02:00Z,2025-12-02T01:02:00Z,ARR,goo,0.0
693 (11-30),True,True,WINNIPEG,CHURCHILL,2025-11-30,40,Bridgar,BRGR,2025-12-02T01:13:00Z,2025-12-02T01:13:00Z,ARR,goo,0.0
693 (11-30),True,True,WINNIPEG,CHURCHILL,2025-11-30,41,Pit Siding,PITS,2025-12-02T02:35:00Z,2025-12-02T02:35:00Z,ARR,goo,0.0
693 (11-30),True,True,WINNIPEG,CHURCHILL,2025-11-30,42,Ilford,ILFO,2025-12-02T03:46:01Z,2025-12-02T03:36:00Z,ARR,med,10.0
693 (11-30),True,True,WINNIPEG,CHURCHILL,2025-11-30,43,Wivenhoe,WVHO,2025-12-02T04:55:38Z,2025-12-02T04:13:00Z,ARR,bad,42.0
693 (11-30),True,True,WINNIPEG,CHURCHILL,2025-11-30,44,Gillam,GILL,2025-12-02T05:39:55Z,2025-12-02T05:00:01Z,ARR,bad,39.0
693 (11-30),True,True,WINNIPEG,CHURCHILL,2025-11-30,45,Bird,BIRD,2025-12-02T06:59:38Z,2025-12-02T06:29:00Z,ARR,bad,30.0
693 (11-30),True,True,WINNIPEG,CHURCHILL,2025-11-30,46,Amery,AMRY,2025-12-02T07:36:19Z,2025-12-02T06:52:00Z,ARR,bad,44.0
693 (11-30),True,True,WINNIPEG,CHURCHILL,2025-11-30,47,Weir River,WEIR,2025-12-02T08:35:49Z,2025-12-02T07:43:00Z,ARR,bad,52.0
693 (11-30),True,True,WINNIPEG,CHURCHILL,2025-11-30,48,Thibaudeau,THIB,2025-12-02T09:46:15Z,2025-12-02T09:00:00Z,ARR,bad,46.0
693 (11-30),True,True,WINNIPEG,CHURCHILL,2025-11-30,49,Herchmer,HERC,2025-12-02T12:20:00Z,2025-12-02T10:26:00Z,ARR,bad,114.0
693 (11-30),True,True,WINNIPEG,CHURCHILL,2025-11-30,50,O'Day,ODAY,2025-12-02T12:59:00Z,2025-12-02T11:05:00Z,ARR,bad,114.0
693 (11-30),True,True,WINNIPEG,CHURCHILL,2025-11-30,51,M'Clintock,MCLI,2025-12-02T13:44:00Z,2025-12-02T11:50:00Z,ARR,bad,114.0
693 (11-30),True,True,WINNIPEG,CHURCHILL,2025-11-30,52,Chesnaye,CHES,2025-12-02T15:00:00Z,2025-12-02T13:06:00Z,ARR,bad,114.0
693 (11-30),True,True,WINNIPEG,CHURCHILL,2025-11-30,53,Tidal,TIDL,2025-12-02T16:31:00Z,2025-12-02T14:37:00Z,ARR,bad,114.0
693 (11-30),True,True,WINNIPEG,CHURCHILL,2025-11-30,54,Churchill,CHUR,2025-12-02T16:54:00Z,2025-12-02T15:00:00Z,ARR,bad,114.0
2 (12-01),True,False,VANCOUVER,TORONTO,2025-12-01,0,Vancouver,VCVR,2025-12-01T23:04:30Z,2025-12-01T23:00:00Z,ARR,goo,4.0
2 (12-01),True,False,VANCOUVER,TORONTO,2025-12-01,1,Mission Harbour,MSNH,2025-12-02T01:08:25Z,2025-12-02T00:35:00Z,ARR,bad,33.0
2 (12-01),True,False,VANCOUVER,TORONTO,2025-12-01,2,Agassiz,AGAS,2025-12-02T01:52:51Z,2025-12-02T01:03:00Z,ARR,bad,49.0
2 (12-01),True,False,VANCOUVER,TORONTO,2025-12-01,3,Katz,KATZ,2025-12-02T02:12:11Z,2025-12-02T01:17:00Z,ARR,bad,55.0
2 (12-01),True,False,VANCOUVER,TORONTO,2025-12-01,4,North Bend,NBND,2025-12-02T04:34:21Z,2025-12-02T03:46:00Z,ARR,bad,48.0
2 (12-01),True,False,VANCOUVER,TORONTO,2025-12-01,5,Ashcroft,ASHN,2025-12-02T07:18:47Z,2025-12-02T06:32:00Z,ARR,bad,46.0
2 (12-01),True,False,VANCOUVER,TORONTO,2025-12-01,6,Kamloops North,KAMN,2025-12-02T10:00:43Z,2025-12-02T08:17:00Z,ARR,bad,103.0
2 (12-01),True,False,VANCOUVER,TORONTO,2025-12-01,7,Clearwater,CLWT,2025-12-02T12:41:59Z,2025-12-02T10:58:00Z,ARR,bad,103.0
2 (12-01),True,False,VANCOUVER,TORONTO,2025-12-01,8,Blue River,BLUE,2025-12-02T15:25:54Z,2025-12-02T13:11:00Z,ARR,bad,134.0
2 (12-01),True,False,VANCOUVER,TORONTO,2025-12-01,9,Valemount,VLMT,2025-12-02T17:08:06Z,2025-12-02T15:01:00Z,ARR,bad,127.0
2 (12-01),True,False,VANCOUVER,TORONTO,2025-12-01,10,Jasper,JASP,2025-12-02T19:00:11Z,2025-12-02T18:00:00Z,ARR,bad,60.0
2 (12-01),True,False,VANCOUVER,TORONTO,2025-12-01,11,Hinton,HINT,2025-12-03T01:15:25Z,2025-12-02T20:45:00Z,ARR,bad,270.0
2 (12-01),True,False,VANCOUVER,TORONTO,2025-12-01,12,Edson,EDSN,2025-12-03T03:11:52Z,2025-12-02T22:19:00Z,ARR,bad,292.0
2 (12-01),True,False,VANCOUVER,TORONTO,2025-12-01,13,Evansburg,EVAN,2025-12-03T04:11:58Z,2025-12-02T23:28:00Z,13 mins,bad,283.0
2 (12-01),True,False,VANCOUVER,TORONTO,2025-12-01,14,Edmonton,EDMO,2025-12-03T06:33:58Z,2025-12-03T01:50:00Z,2h35,bad,283.0
2 (12-01),True,False,VANCOUVER,TORONTO,2025-12-01,15,Viking,VKNG,&mdash;,2025-12-03T04:53:00Z,&mdash;,,
2 (12-01),True,False,VANCOUVER,TORONTO,2025-12-01,16,Wainwright,WAIN,&mdash;,2025-12-03T07:14:00Z,&mdash;,,
2 (12-01),True,False,VANCOUVER,TORONTO,2025-12-01,17,Unity,UNIT,&mdash;,2025-12-03T08:47:00Z,&mdash;,,
2 (12-01),True,False,VANCOUVER,TORONTO,2025-12-01,18,Biggar,BIGG,&mdash;,2025-12-03T10:21:00Z,&mdash;,,
2 (12-01),True,False,VANCOUVER,TORONTO,2025-12-01,19,Saskatoon,SASK,&mdash;,2025-12-03T12:57:00Z,&mdash;,,
2 (12-01),True,False,VANCOUVER,TORONTO,2025-12-01,20,Watrous,WATR,&mdash;,2025-12-03T15:26:00Z,&mdash;,,
693 (12-02),True,False,WINNIPEG,CHURCHILL,2025-12-02,0,Winnipeg,WNPG,2025-12-02T18:17:00Z,2025-12-02T18:05:00Z,ARR,med,12.0
693 (12-02),True,False,WINNIPEG,CHURCHILL,2025-12-02,1,Portage La Prairie,PLPX,2025-12-02T20:30:54Z,2025-12-02T19:15:00Z,ARR,bad,75.0
693 (12-02),True,False,WINNIPEG,CHURCHILL,2025-12-02,2,Gladstone,GSTO,2025-12-02T21:10:40Z,2025-12-02T20:07:00Z,ARR,bad,63.0
693 (12-02),True,False,WINNIPEG,CHURCHILL,2025-12-02,3,Plumas,PLUM,2025-12-02T21:49:54Z,2025-12-02T20:44:00Z,ARR,bad,65.0
693 (12-02),True,False,WINNIPEG,CHURCHILL,2025-12-02,4,Glenella,GLNA,2025-12-02T22:15:38Z,2025-12-02T21:16:00Z,ARR,bad,59.0
693 (12-02),True,False,WINNIPEG,CHURCHILL,2025-12-02,5,Mccreary,MCCR,2025-12-02T22:55:14Z,2025-12-02T21:57:00Z,ARR,bad,58.0
693 (12-02),True,False,WINNIPEG,CHURCHILL,2025-12-02,6,Laurier,LRIE,2025-12-02T23:10:43Z,2025-12-02T22:15:00Z,ARR,bad,55.0
693 (12-02),True,False,WINNIPEG,CHURCHILL,2025-12-02,7,Ochre River,OCHR,2025-12-02T23:27:22Z,2025-12-02T22:36:00Z,ARR,bad,51.0
693 (12-02),True,False,WINNIPEG,CHURCHILL,2025-12-02,8,Dauphin,DAUP,2025-12-02T23:48:55Z,2025-12-02T22:56:00Z,ARR,bad,52.0
693 (12-02),True,False,WINNIPEG,CHURCHILL,2025-12-02,9,Gilbert Plains,GLBP,2025-12-03T00:33:27Z,2025-12-02T23:44:00Z,ARR,bad,49.0
693 (12-02),True,False,WINNIPEG,CHURCHILL,2025-12-02,10,Grandview,GVIE,2025-12-03T00:52:48Z,2025-12-03T00:00:00Z,ARR,bad,52.0
693 (12-02),True,False,WINNIPEG,CHURCHILL,2025-12-02,11,Roblin,RBLN,2025-12-03T01:58:06Z,2025-12-03T00:55:00Z,ARR,bad,63.0
693 (12-02),True,False,WINNIPEG,CHURCHILL,2025-12-02,12,Togo,TOGO,2025-12-03T02:29:44Z,2025-12-03T01:22:00Z,ARR,bad,67.0
693 (12-02),True,False,WINNIPEG,CHURCHILL,2025-12-02,13,Kamsack,KAMS,2025-12-03T03:03:18Z,2025-12-03T01:59:00Z,ARR,bad,64.0
693 (12-02),True,False,WINNIPEG,CHURCHILL,2025-12-02,14,Veregin,VERE,2025-12-03T03:14:20Z,2025-12-03T02:12:00Z,ARR,bad,62.0
693 (12-02),True,False,WINNIPEG,CHURCHILL,2025-12-02,15,Mikado,MIKA,2025-12-03T03:25:19Z,2025-12-03T02:22:00Z,ARR,bad,63.0
693 (12-02),True,False,WINNIPEG,CHURCHILL,2025-12-02,16,Canora,CANO,2025-12-03T03:37:43Z,2025-12-03T02:36:00Z,ARR,bad,61.0
693 (12-02),True,False,WINNIPEG,CHURCHILL,2025-12-02,17,Sturgis,STGS,2025-12-03T04:28:43Z,2025-12-03T03:21:00Z,29 mins,bad,67.0
693 (12-02),True,False,WINNIPEG,CHURCHILL,2025-12-02,18,Endeavour,ENDV,2025-12-03T05:01:43Z,2025-12-03T03:54:00Z,1h02,bad,67.0
693 (12-02),True,False,WINNIPEG,CHURCHILL,2025-12-02,19,Reserve,RSRV,2025-12-03T05:41:43Z,2025-12-03T04:34:00Z,1h42,bad,67.0
693 (12-02),True,False,WINNIPEG,CHURCHILL,2025-12-02,20,Hudson Bay,HBAY,2025-12-03T06:39:43Z,2025-12-03T05:32:00Z,2h40,bad,67.0
693 (12-02),True,False,WINNIPEG,CHURCHILL,2025-12-02,21,The Pas,TPAS,2025-12-03T08:52:43Z,2025-12-03T07:45:00Z,4h53,bad,67.0
693 (12-02),True,False,WINNIPEG,CHURCHILL,2025-12-02,22,Orok,OROK,2025-12-03T10:14:43Z,2025-12-03T09:07:00Z,6h15,bad,67.0
693 (12-02),True,False,WINNIPEG,CHURCHILL,2025-12-02,23,Halcrow,HALC,2025-12-03T11:08:43Z,2025-12-03T10:01:00Z,7h09,bad,67.0
693 (12-02),True,False,WINNIPEG,CHURCHILL,2025-12-02,24,Cormorant,CORM,2025-12-03T11:19:43Z,2025-12-03T10:12:00Z,7h20,bad,67.0
693 (12-02),True,False,WINNIPEG,CHURCHILL,2025-12-02,25,Dering,DERI,2025-12-03T11:27:43Z,2025-12-03T10:20:00Z,7h28,bad,67.0
693 (12-02),True,False,WINNIPEG,CHURCHILL,2025-12-02,26,Dyce,DYCE,2025-12-03T12:06:43Z,2025-12-03T10:59:00Z,8h07,bad,67.0
693 (12-02),True,False,WINNIPEG,CHURCHILL,2025-12-02,27,Wekusko,WEKU,2025-12-03T12:50:43Z,2025-12-03T11:43:00Z,8h51,bad,67.0
693 (12-02),True,False,WINNIPEG,CHURCHILL,2025-12-02,28,Turnbull,TURN,2025-12-03T13:17:43Z,2025-12-03T12:10:00Z,9h18,bad,67.0
693 (12-02),True,False,WINNIPEG,CHURCHILL,2025-12-02,29,Ponton,PNTN,2025-12-03T13:49:43Z,2025-12-03T12:42:00Z,9h50,bad,67.0
693 (12-02),True,False,WINNIPEG,CHURCHILL,2025-12-02,30,Pipun,PIPN,2025-12-03T14:32:43Z,2025-12-03T13:25:00Z,10h33,bad,67.0
693 (12-02),True,False,WINNIPEG,CHURCHILL,2025-12-02,31,Wabowden,WBDN,2025-12-03T14:55:43Z,2025-12-03T13:48:00Z,10h56,bad,67.0
693 (12-02),True,False,WINNIPEG,CHURCHILL,2025-12-02,32,Lyddal,LYDD,2025-12-03T15:23:43Z,2025-12-03T14:16:00Z,11h24,bad,67.0
693 (12-02),True,False,WINNIPEG,CHURCHILL,2025-12-02,33,Odhill,ODHI,2025-12-03T15:45:43Z,2025-12-03T14:38:00Z,11h46,bad,67.0
693 (12-02),True,False,WINNIPEG,CHURCHILL,2025-12-02,34,Hockin,HOCK,2025-12-03T16:29:43Z,2025-12-03T15:22:00Z,12h30,bad,67.0
693 (12-02),True,False,WINNIPEG,CHURCHILL,2025-12-02,35,Thicket Portage,THKP,2025-12-03T16:44:43Z,2025-12-03T15:37:00Z,12h45,bad,67.0
693 (12-02),True,False,WINNIPEG,CHURCHILL,2025-12-02,36,Leven,LEVN,2025-12-03T17:01:43Z,2025-12-03T15:54:00Z,13h02,bad,67.0
20,True,True,MONTRÉAL,QUÉBEC,2025-12-02,0,Montréal,MTRL,2025-12-02T11:25:00Z,2025-12-02T11:25:00Z,ARR,goo,0.0
20,True,True,MONTRÉAL,QUÉBEC,2025-12-02,1,St. Lambert,SLAM,2025-12-02T11:40:46Z,2025-12-02T11:38:00Z,ARR,goo,2.0
20,True,True,MONTRÉAL,QUÉBEC,2025-12-02,2,St. Hyacinthe,SHYA,2025-12-02T12:09:35Z,2025-12-02T12:06:00Z,ARR,goo,3.0
20,True,True,MONTRÉAL,QUÉBEC,2025-12-02,3,Drummondville,DRMV,2025-12-02T12:40:22Z,2025-12-02T12:43:00Z,ARR,goo,-2.0
20,True,True,MONTRÉAL,QUÉBEC,2025-12-02,4,Ste-Foy,SFOY,2025-12-02T14:11:31Z,2025-12-02T14:25:00Z,ARR,goo,-13.0
20,True,True,MONTRÉAL,QUÉBEC,2025-12-02,5,Québec,QBEC,2025-12-02T14:41:25Z,2025-12-02T14:52:00Z,ARR,goo,-10.0
22,True,True,OTTAWA,QUÉBEC,2025-12-02,0,Ottawa,OTTW,2025-12-02T11:07:00Z,2025-12-02T11:07:00Z,ARR,goo,0.0
22,True,True,OTTAWA,QUÉBEC,2025-12-02,1,Casselman,CSLM,2025-12-02T11:31:20Z,2025-12-02T11:33:00Z,ARR,goo,-1.0
22,True,True,OTTAWA,QUÉBEC,2025-12-02,2,Alexandria,ALEX,2025-12-02T11:53:57Z,2025-12-02T11:55:00Z,ARR,goo,-1.0
22,True,True,OTTAWA,QUÉBEC,2025-12-02,3,Coteau,COTO,2025-12-02T12:17:04Z,2025-12-02T12:23:00Z,ARR,goo,-5.0
22,True,True,OTTAWA,QUÉBEC,2025-12-02,4,Dorval,DORV,2025-12-02T12:44:52Z,2025-12-02T12:47:00Z,ARR,goo,-2.0
22,True,True,OTTAWA,QUÉBEC,2025-12-02,5,Montréal,MTRL,2025-12-02T13:09:49Z,2025-12-02T13:11:00Z,ARR,goo,-1.0
22,True,True,OTTAWA,QUÉBEC,2025-12-02,6,St. Lambert,SLAM,2025-12-02T13:55:02Z,2025-12-02T13:49:00Z,ARR,med,6.0
22,True,True,OTTAWA,QUÉBEC,2025-12-02,7,St. Hyacinthe,SHYA,2025-12-02T14:25:35Z,2025-12-02T14:16:00Z,ARR,med,9.0
22,True,True,OTTAWA,QUÉBEC,2025-12-02,8,Drummondville,DRMV,2025-12-02T14:58:43Z,2025-12-02T14:44:00Z,ARR,med,14.0
22,True,True,OTTAWA,QUÉBEC,2025-12-02,9,Ste-Foy,SFOY,2025-12-02T16:38:11Z,2025-12-02T16:19:00Z,ARR,med,19.0
22,True,True,OTTAWA,QUÉBEC,2025-12-02,10,Québec,QBEC,2025-12-02T17:07:15Z,2025-12-02T16:47:00Z,ARR,bad,20.0
24,True,True,OTTAWA,QUÉBEC,2025-12-02,0,Ottawa,OTTW,2025-12-02T15:13:00Z,2025-12-02T15:13:00Z,ARR,goo,0.0
24,True,True,OTTAWA,QUÉBEC,2025-12-02,1,Alexandria,ALEX,2025-12-02T15:54:43Z,2025-12-02T16:03:00Z,ARR,goo,-8.0
24,True,True,OTTAWA,QUÉBEC,2025-12-02,2,Coteau,COTO,2025-12-02T16:16:39Z,2025-12-02T16:26:00Z,ARR,goo,-9.0
24,True,True,OTTAWA,QUÉBEC,2025-12-02,3,Dorval,DORV,2025-12-02T16:43:48Z,2025-12-02T16:50:00Z,ARR,goo,-6.0
24,True,True,OTTAWA,QUÉBEC,2025-12-02,4,Montréal,MTRL,2025-12-02T17:12:06Z,2025-12-02T17:15:00Z,ARR,goo,-2.0
24,True,True,OTTAWA,QUÉBEC,2025-12-02,5,St. Lambert,SLAM,2025-12-02T18:01:20Z,2025-12-02T17:58:00Z,ARR,goo,3.0
24,True,True,OTTAWA,QUÉBEC,2025-12-02,6,St. Hyacinthe,SHYA,2025-12-02T18:34:41Z,2025-12-02T18:26:00Z,ARR,med,8.0
24,True,True,OTTAWA,QUÉBEC,2025-12-02,7,Drummondville,DRMV,2025-12-02T19:06:24Z,2025-12-02T18:54:00Z,ARR,med,12.0
24,True,True,OTTAWA,QUÉBEC,2025-12-02,8,Charny,CHNY,2025-12-02T20:46:38Z,2025-12-02T20:38:00Z,ARR,med,8.0
24,True,True,OTTAWA,QUÉBEC,2025-12-02,9,Ste-Foy,SFOY,2025-12-02T20:56:02Z,2025-12-02T20:45:00Z,ARR,med,11.0
24,True,True,OTTAWA,QUÉBEC,2025-12-02,10,Québec,QBEC,2025-12-02T21:27:41Z,2025-12-02T21:12:00Z,ARR,med,15.0
37,True,True,QUÉBEC,OTTAWA,2025-12-02,0,Québec,QBEC,2025-12-02T17:32:00Z,2025-12-02T17:32:00Z,ARR,goo,0.0
37,True,True,QUÉBEC,OTTAWA,2025-12-02,1,Ste-Foy,SFOY,2025-12-02T17:57:29Z,2025-12-02T17:57:00Z,ARR,goo,0.0
37,True,True,QUÉBEC,OTTAWA,2025-12-02,2,Drummondville,DRMV,2025-12-02T19:49:03Z,2025-12-02T19:44:00Z,ARR,goo,5.0
37,True,True,QUÉBEC,OTTAWA,2025-12-02,3,St. Hyacinthe,SHYA,2025-12-02T20:19:50Z,2025-12-02T20:12:00Z,ARR,med,7.0
37,True,True,QUÉBEC,OTTAWA,2025-12-02,4,St. Lambert,SLAM,2025-12-02T20:47:38Z,2025-12-02T20:39:00Z,ARR,med,8.0
37,True,True,QUÉBEC,OTTAWA,2025-12-02,5,Montréal,MTRL,2025-12-02T21:03:32Z,2025-12-02T20:54:00Z,ARR,med,9.0
37,True,True,QUÉBEC,OTTAWA,2025-12-02,6,Dorval,DORV,2025-12-02T21:55:58Z,2025-12-02T21:54:00Z,ARR,goo,1.0
37,True,True,QUÉBEC,OTTAWA,2025-12-02,7,Coteau,COTO,2025-12-02T22:24:01Z,2025-12-02T22:23:00Z,ARR,goo,1.0
37,True,True,QUÉBEC,OTTAWA,2025-12-02,8,Alexandria,ALEX,2025-12-02T22:45:44Z,2025-12-02T22:45:00Z,ARR,goo,0.0
37,True,True,QUÉBEC,OTTAWA,2025-12-02,9,Ottawa,OTTW,2025-12-02T23:34:39Z,2025-12-02T23:37:00Z,ARR,goo,-2.0
41,True,True,OTTAWA,TORONTO,2025-12-02,0,Ottawa,OTTW,2025-12-02T10:25:47Z,2025-12-02T10:21:00Z,ARR,goo,4.0
41,True,True,OTTAWA,TORONTO,2025-12-02,1,Fallowfield,FALL,2025-12-02T10:48:48Z,2025-12-02T10:38:00Z,ARR,med,10.0
41,True,True,OTTAWA,TORONTO,2025-12-02,2,Smiths Falls,SMTF,2025-12-02T11:17:21Z,2025-12-02T11:08:00Z,ARR,med,9.0
41,True,True,OTTAWA,TORONTO,2025-12-02,3,Brockville,BRKV,2025-12-02T11:48:53Z,2025-12-02T11:40:00Z,ARR,med,8.0
41,True,True,OTTAWA,TORONTO,2025-12-02,4,Kingston,KGON,2025-12-02T12:32:51Z,2025-12-02T12:25:00Z,ARR,med,7.0
41,True,True,OTTAWA,TORONTO,2025-12-02,5,Napanee,NAPN,2025-12-02T12:57:55Z,2025-12-02T12:49:00Z,ARR,med,8.0
41,True,True,OTTAWA,TORONTO,2025-12-02,6,Belleville,BLVL,2025-12-02T13:21:09Z,2025-12-02T13:07:00Z,ARR,med,14.0
41,True,True,OTTAWA,TORONTO,2025-12-02,7,Trenton Jct.,TRNJ,2025-12-02T13:34:44Z,2025-12-02T13:20:00Z,ARR,med,14.0
41,True,True,OTTAWA,TORONTO,2025-12-02,8,Cobourg,CBRG,2025-12-02T14:03:13Z,2025-12-02T13:44:00Z,ARR,med,19.0
41,True,True,OTTAWA,TORONTO,2025-12-02,9,Oshawa,OSHA,2025-12-02T14:48:37Z,2025-12-02T14:19:00Z,ARR,bad,29.0
41,True,True,OTTAWA,TORONTO,2025-12-02,10,Toronto,TRTO,2025-12-02T15:26:53Z,2025-12-02T15:02:00Z,ARR,bad,24.0
50,True,True,TORONTO,OTTAWA,2025-12-02,0,Toronto,TRTO,2025-12-02T11:32:00Z,2025-12-02T11:32:00Z,ARR,goo,0.0
50,True,True,TORONTO,OTTAWA,2025-12-02,1,Guildwood,GUIL,2025-12-02T11:49:28Z,2025-12-02T11:50:00Z,ARR,goo,0.0
50,True,True,TORONTO,OTTAWA,2025-12-02,2,Oshawa,OSHA,2025-12-02T12:10:17Z,2025-12-02T12:08:00Z,ARR,goo,2.0
50,True,True,TORONTO,OTTAWA,2025-12-02,3,Cobourg,CBRG,2025-12-02T12:47:51Z,2025-12-02T12:43:00Z,ARR,goo,4.0
50,True,True,TORONTO,OTTAWA,2025-12-02,4,Belleville,BLVL,2025-12-02T13:22:01Z,2025-12-02T13:18:00Z,ARR,goo,4.0
50,True,True,TORONTO,OTTAWA,2025-12-02,5,Kingston,KGON,2025-12-02T13:59:32Z,2025-12-02T13:57:00Z,ARR,goo,2.0
50,True,True,TORONTO,OTTAWA,2025-12-02,6,Brockville,BRKV,2025-12-02T15:06:56Z,2025-12-02T14:54:00Z,ARR,med,12.0
50,True,True,TORONTO,OTTAWA,2025-12-02,7,Smiths Falls,SMTF,2025-12-02T15:43:00Z,2025-12-02T15:29:00Z,ARR,med,14.0
50,True,True,TORONTO,OTTAWA,2025-12-02,8,Fallowfield,FALL,2025-12-02T16:10:55Z,2025-12-02T16:01:00Z,ARR,med,9.0
50,True,True,TORONTO,OTTAWA,2025-12-02,9,Ottawa,OTTW,2025-12-02T16:31:07Z,2025-12-02T16:21:00Z,ARR,med,10.0
52,True,True,TORONTO,OTTAWA,2025-12-02,0,Toronto,TRTO,2025-12-02T13:44:36Z,2025-12-02T13:32:00Z,ARR,med,12.0
52,True,True,TORONTO,OTTAWA,2025-12-02,1,Guildwood,GUIL,2025-12-02T14:04:02Z,2025-12-02T13:50:00Z,ARR,med,14.0
52,True,True,TORONTO,OTTAWA,2025-12-02,2,Oshawa,OSHA,2025-12-02T14:43:07Z,2025-12-02T14:09:00Z,ARR,bad,34.0
52,True,True,TORONTO,OTTAWA,2025-12-02,3,Cobourg,CBRG,2025-12-02T15:19:53Z,2025-12-02T14:44:00Z,ARR,bad,35.0
52,True,True,TORONTO,OTTAWA,2025-12-02,4,Belleville,BLVL,2025-12-02T16:09:19Z,2025-12-02T15:20:00Z,ARR,bad,49.0
52,True,True,TORONTO,OTTAWA,2025-12-02,5,Kingston,KGON,2025-12-02T16:51:10Z,2025-12-02T16:00:00Z,ARR,bad,51.0
52,True,True,TORONTO,OTTAWA,2025-12-02,6,Brockville,BRKV,2025-12-02T17:48:26Z,2025-12-02T16:57:00Z,ARR,bad,51.0
52,True,True,TORONTO,OTTAWA,2025-12-02,7,Smiths Falls,SMTF,2025-12-02T18:33:50Z,2025-12-02T17:35:00Z,ARR,bad,58.0
52,True,True,TORONTO,OTTAWA,2025-12-02,8,Fallowfield,FALL,2025-12-02T18:55:26Z,2025-12-02T18:11:00Z,ARR,bad,44.0
52,True,True,TORONTO,OTTAWA,2025-12-02,9,Ottawa,OTTW,2025-12-02T19:17:50Z,2025-12-02T18:32:00Z,ARR,bad,45.0
53,True,True,OTTAWA,TORONTO,2025-12-02,0,Ottawa,OTTW,2025-12-02T16:43:00Z,2025-12-02T16:43:00Z,ARR,goo,0.0
53,True,True,OTTAWA,TORONTO,2025-12-02,1,Fallowfield,FALL,2025-12-02T16:59:09Z,2025-12-02T17:00:00Z,ARR,goo,0.0
53,True,True,OTTAWA,TORONTO,2025-12-02,2,Brockville,BRKV,2025-12-02T18:05:14Z,2025-12-02T18:01:00Z,ARR,goo,4.0
53,True,True,OTTAWA,TORONTO,2025-12-02,3,Gananoque,GANA,2025-12-02T18:55:21Z,2025-12-02T18:31:00Z,ARR,bad,24.0
53,True,True,OTTAWA,TORONTO,2025-12-02,4,Kingston,KGON,2025-12-02T19:17:07Z,2025-12-02T18:54:00Z,ARR,bad,23.0
53,True,True,OTTAWA,TORONTO,2025-12-02,5,Belleville,BLVL,2025-12-02T19:59:14Z,2025-12-02T19:36:00Z,ARR,bad,23.0
53,True,True,OTTAWA,TORONTO,2025-12-02,6,Cobourg,CBRG,2025-12-02T20:37:44Z,2025-12-02T20:12:00Z,ARR,bad,25.0
53,True,True,OTTAWA,TORONTO,2025-12-02,7,Oshawa,OSHA,2025-12-02T21:15:00Z,2025-12-02T20:48:00Z,ARR,bad,27.0
53,True,True,OTTAWA,TORONTO,2025-12-02,8,Toronto,TRTO,2025-12-02T21:56:17Z,2025-12-02T21:33:00Z,ARR,bad,23.0
60,True,True,TORONTO,MONTRÉAL,2025-12-02,0,Toronto,TRTO,2025-12-02T11:32:00Z,2025-12-02T11:32:00Z,ARR,goo,0.0
60,True,True,TORONTO,MONTRÉAL,2025-12-02,1,Guildwood,GUIL,2025-12-02T11:49:06Z,2025-12-02T11:50:00Z,ARR,goo,0.0
60,True,True,TORONTO,MONTRÉAL,2025-12-02,2,Oshawa,OSHA,2025-12-02T12:10:04Z,2025-12-02T12:08:00Z,ARR,goo,2.0
60,True,True,TORONTO,MONTRÉAL,2025-12-02,3,Cobourg,CBRG,2025-12-02T12:47:38Z,2025-12-02T12:43:00Z,ARR,goo,4.0
60,True,True,TORONTO,MONTRÉAL,2025-12-02,4,Belleville,BLVL,2025-12-02T13:21:54Z,2025-12-02T13:18:00Z,ARR,goo,3.0
60,True,True,TORONTO,MONTRÉAL,2025-12-02,5,Kingston,KGON,2025-12-02T13:59:26Z,2025-12-02T13:57:00Z,ARR,goo,2.0
60,True,True,TORONTO,MONTRÉAL,2025-12-02,6,Cornwall,CWLL,2025-12-02T15:52:05Z,2025-12-02T15:38:00Z,ARR,med,14.0
60,True,True,TORONTO,MONTRÉAL,2025-12-02,7,Dorval,DORV,2025-12-02T16:56:24Z,2025-12-02T16:25:00Z,ARR,bad,31.0
60,True,True,TORONTO,MONTRÉAL,2025-12-02,8,Montréal,MTRL,2025-12-02T17:23:25Z,2025-12-02T16:50:00Z,ARR,bad,33.0
64,True,True,TORONTO,MONTRÉAL,2025-12-02,0,Toronto,TRTO,2025-12-02T16:38:54Z,2025-12-02T16:38:00Z,ARR,goo,0.0
64,True,True,TORONTO,MONTRÉAL,2025-12-02,1,Guildwood,GUIL,2025-12-02T16:55:39Z,2025-12-02T16:55:00Z,ARR,goo,0.0
64,True,True,TORONTO,MONTRÉAL,2025-12-02,2,Oshawa,OSHA,2025-12-02T17:14:25Z,2025-12-02T17:09:00Z,ARR,goo,5.0
64,True,True,TORONTO,MONTRÉAL,2025-12-02,3,Cobourg,CBRG,2025-12-02T17:50:30Z,2025-12-02T17:46:00Z,ARR,goo,4.0
64,True,True,TORONTO,MONTRÉAL,2025-12-02,4,Belleville,BLVL,2025-12-02T18:23:54Z,2025-12-02T18:22:00Z,ARR,goo,1.0
64,True,True,TORONTO,MONTRÉAL,2025-12-02,5,Kingston,KGON,2025-12-02T19:01:16Z,2025-12-02T19:03:00Z,ARR,goo,-1.0
64,True,True,TORONTO,MONTRÉAL,2025-12-02,6,Brockville,BRKV,2025-12-02T20:00:36Z,2025-12-02T19:52:00Z,ARR,med,8.0
64,True,True,TORONTO,MONTRÉAL,2025-12-02,7,Cornwall,CWLL,2025-12-02T20:47:50Z,2025-12-02T20:42:00Z,ARR,goo,5.0
64,True,True,TORONTO,MONTRÉAL,2025-12-02,8,Dorval,DORV,2025-12-02T21:41:20Z,2025-12-02T21:37:00Z,ARR,goo,4.0
64,True,True,TORONTO,MONTRÉAL,2025-12-02,9,Montréal,MTRL,2025-12-02T22:07:02Z,2025-12-02T22:05:00Z,ARR,goo,2.0
61,True,True,MONTRÉAL,TORONTO,2025-12-02,0,Montréal,MTRL,2025-12-02T11:45:00Z,2025-12-02T11:45:00Z,ARR,goo,0.0
61,True,True,MONTRÉAL,TORONTO,2025-12-02,1,Dorval,DORV,2025-12-02T12:09:02Z,2025-12-02T12:08:00Z,ARR,goo,1.0
61,True,True,MONTRÉAL,TORONTO,2025-12-02,2,Cornwall,CWLL,2025-12-02T13:02:08Z,2025-12-02T13:01:00Z,ARR,goo,1.0
61,True,True,MONTRÉAL,TORONTO,2025-12-02,3,Kingston,KGON,2025-12-02T14:32:03Z,2025-12-02T14:29:00Z,ARR,goo,3.0
61,True,True,MONTRÉAL,TORONTO,2025-12-02,4,Belleville,BLVL,2025-12-02T15:14:03Z,2025-12-02T15:11:00Z,ARR,goo,3.0
61,True,True,MONTRÉAL,TORONTO,2025-12-02,5,Oshawa,OSHA,2025-12-02T16:21:01Z,2025-12-02T16:19:00Z,ARR,goo,2.0
61,True,True,MONTRÉAL,TORONTO,2025-12-02,6,Guildwood,GUIL,2025-12-02T16:44:20Z,2025-12-02T16:43:00Z,ARR,goo,1.0
61,True,True,MONTRÉAL,TORONTO,2025-12-02,7,Toronto,TRTO,2025-12-02T17:06:20Z,2025-12-02T17:03:00Z,ARR,goo,3.0
65,True,True,MONTRÉAL,TORONTO,2025-12-02,0,Montréal,MTRL,2025-12-02T15:49:00Z,2025-12-02T15:49:00Z,ARR,goo,0.0
65,True,True,MONTRÉAL,TORONTO,2025-12-02,1,Dorval,DORV,2025-12-02T16:13:24Z,2025-12-02T16:12:00Z,ARR,goo,1.0
65,True,True,MONTRÉAL,TORONTO,2025-12-02,2,Cornwall,CWLL,2025-12-02T17:08:49Z,2025-12-02T17:06:00Z,ARR,goo,2.0
65,True,True,MONTRÉAL,TORONTO,2025-12-02,3,Kingston,KGON,2025-12-02T18:55:17Z,2025-12-02T18:36:00Z,ARR,med,19.0
65,True,True,MONTRÉAL,TORONTO,2025-12-02,4,Belleville,BLVL,2025-12-02T19:33:49Z,2025-12-02T19:20:00Z,ARR,med,13.0
65,True,True,MONTRÉAL,TORONTO,2025-12-02,5,Cobourg,CBRG,2025-12-02T20:11:15Z,2025-12-02T19:58:00Z,ARR,med,13.0
65,True,True,MONTRÉAL,TORONTO,2025-12-02,6,Oshawa,OSHA,2025-12-02T20:44:35Z,2025-12-02T20:34:00Z,ARR,med,10.0
65,True,True,MONTRÉAL,TORONTO,2025-12-02,7,Toronto,TRTO,2025-12-02T21:31:13Z,2025-12-02T21:18:00Z,ARR,med,13.0
67,True,True,MONTRÉAL,TORONTO,2025-12-02,0,Montréal,MTRL,2025-12-02T18:22:00Z,2025-12-02T18:22:00Z,ARR,goo,0.0
67,True,True,MONTRÉAL,TORONTO,2025-12-02,1,Dorval,DORV,2025-12-02T18:45:11Z,2025-12-02T18:47:00Z,ARR,goo,-1.0
67,True,True,MONTRÉAL,TORONTO,2025-12-02,2,Cornwall,CWLL,2025-12-02T19:40:04Z,2025-12-02T19:38:00Z,ARR,goo,2.0
67,True,True,MONTRÉAL,TORONTO,2025-12-02,3,Kingston,KGON,2025-12-02T21:02:07Z,2025-12-02T21:03:00Z,ARR,goo,0.0
67,True,True,MONTRÉAL,TORONTO,2025-12-02,4,Belleville,BLVL,2025-12-02T21:50:24Z,2025-12-02T21:42:00Z,ARR,med,8.0
67,True,True,MONTRÉAL,TORONTO,2025-12-02,5,Cobourg,CBRG,2025-12-02T22:23:59Z,2025-12-02T22:17:00Z,ARR,med,6.0
67,True,True,MONTRÉAL,TORONTO,2025-12-02,6,Oshawa,OSHA,2025-12-02T22:56:13Z,2025-12-02T22:50:00Z,ARR,med,6.0
67,True,True,MONTRÉAL,TORONTO,2025-12-02,7,Toronto,TRTO,2025-12-02T23:36:04Z,2025-12-02T23:45:00Z,ARR,goo,-8.0
70,True,True,WINDSOR,TORONTO,2025-12-02,0,Windsor,WDON,2025-12-02T10:35:00Z,2025-12-02T10:35:00Z,ARR,goo,0.0
70,True,True,WINDSOR,TORONTO,2025-12-02,1,Chatham,CHAT,2025-12-02T11:17:54Z,2025-12-02T11:19:00Z,ARR,goo,-1.0
70,True,True,WINDSOR,TORONTO,2025-12-02,2,London,LNDN,2025-12-02T12:35:58Z,2025-12-02T12:25:00Z,ARR,med,10.0
70,True,True,WINDSOR,TORONTO,2025-12-02,3,Ingersoll,INGR,2025-12-02T13:05:37Z,2025-12-02T12:55:00Z,ARR,med,10.0
70,True,True,WINDSOR,TORONTO,2025-12-02,4,Woodstock,WDST,2025-12-02T13:20:04Z,2025-12-02T13:08:00Z,ARR,med,12.0
70,True,True,WINDSOR,TORONTO,2025-12-02,5,Brantford,BRTF,2025-12-02T13:59:58Z,2025-12-02T13:44:00Z,ARR,med,15.0
70,True,True,WINDSOR,TORONTO,2025-12-02,6,Aldershot,ALDR,2025-12-02T14:33:56Z,2025-12-02T14:25:00Z,ARR,med,8.0
70,True,True,WINDSOR,TORONTO,2025-12-02,7,Oakville,OAKV,2025-12-02T14:51:39Z,2025-12-02T14:43:00Z,ARR,med,8.0
70,True,True,WINDSOR,TORONTO,2025-12-02,8,Toronto,TRTO,2025-12-02T15:21:50Z,2025-12-02T15:10:00Z,ARR,med,11.0
71,True,True,TORONTO,WINDSOR,2025-12-02,0,Toronto,TRTO,2025-12-02T11:50:00Z,2025-12-02T11:50:00Z,ARR,goo,0.0
71,True,True,TORONTO,WINDSOR,2025-12-02,1,Oakville,OAKV,2025-12-02T12:14:52Z,2025-12-02T12:13:00Z,ARR,goo,1.0
71,True,True,TORONTO,WINDSOR,2025-12-02,2,Aldershot,ALDR,2025-12-02T12:34:41Z,2025-12-02T12:29:00Z,ARR,goo,5.0
71,True,True,TORONTO,WINDSOR,2025-12-02,3,Brantford,BRTF,2025-12-02T13:27:44Z,2025-12-02T12:55:00Z,ARR,bad,32.0
71,True,True,TORONTO,WINDSOR,2025-12-02,4,Woodstock,WDST,2025-12-02T13:57:54Z,2025-12-02T13:30:00Z,ARR,bad,27.0
71,True,True,TORONTO,WINDSOR,2025-12-02,5,Ingersoll,INGR,2025-12-02T14:10:11Z,2025-12-02T13:43:00Z,ARR,bad,27.0
71,True,True,TORONTO,WINDSOR,2025-12-02,6,London,LNDN,2025-12-02T14:35:25Z,2025-12-02T14:06:00Z,ARR,bad,29.0
71,True,True,TORONTO,WINDSOR,2025-12-02,7,Glencoe,GLNC,2025-12-02T15:07:45Z,2025-12-02T14:39:00Z,ARR,bad,28.0
71,True,True,TORONTO,WINDSOR,2025-12-02,8,Chatham,CHAT,2025-12-02T15:54:31Z,2025-12-02T15:18:00Z,ARR,bad,36.0
71,True,True,TORONTO,WINDSOR,2025-12-02,9,Windsor,WDON,2025-12-02T16:41:32Z,2025-12-02T16:08:00Z,ARR,bad,33.0
72,True,True,WINDSOR,TORONTO,2025-12-02,0,Windsor,WDON,2025-12-02T13:43:00Z,2025-12-02T13:43:00Z,ARR,goo,0.0
72,True,True,WINDSOR,TORONTO,2025-12-02,1,Chatham,CHAT,2025-12-02T14:33:01Z,2025-12-02T14:25:00Z,ARR,med,8.0
72,True,True,WINDSOR,TORONTO,2025-12-02,2,Glencoe,GLNC,2025-12-02T15:19:55Z,2025-12-02T15:05:00Z,ARR,med,14.0
72,True,True,WINDSOR,TORONTO,2025-12-02,3,London,LNDN,2025-12-02T15:51:02Z,2025-12-02T15:39:00Z,ARR,med,12.0
72,True,True,WINDSOR,TORONTO,2025-12-02,4,Ingersoll,INGR,2025-12-02T16:16:16Z,2025-12-02T16:07:00Z,ARR,med,9.0
72,True,True,WINDSOR,TORONTO,2025-12-02,5,Woodstock,WDST,2025-12-02T16:28:53Z,2025-12-02T16:23:00Z,ARR,goo,5.0
72,True,True,WINDSOR,TORONTO,2025-12-02,6,Brantford,BRTF,2025-12-02T16:58:04Z,2025-12-02T16:55:00Z,ARR,goo,3.0
72,True,True,WINDSOR,TORONTO,2025-12-02,7,Aldershot,ALDR,2025-12-02T17:31:46Z,2025-12-02T17:29:00Z,ARR,goo,2.0
72,True,True,WINDSOR,TORONTO,2025-12-02,8,Oakville,OAKV,2025-12-02T17:48:25Z,2025-12-02T17:45:00Z,ARR,goo,3.0
72,True,True,WINDSOR,TORONTO,2025-12-02,9,Toronto,TRTO,2025-12-02T18:18:30Z,2025-12-02T18:11:00Z,ARR,med,7.0
73,True,True,TORONTO,WINDSOR,2025-12-02,0,Toronto,TRTO,2025-12-02T16:30:00Z,2025-12-02T16:30:00Z,ARR,goo,0.0
73,True,True,TORONTO,WINDSOR,2025-12-02,1,Oakville,OAKV,2025-12-02T16:58:08Z,2025-12-02T16:51:00Z,ARR,med,7.0
73,True,True,TORONTO,WINDSOR,2025-12-02,2,Aldershot,ALDR,2025-12-02T17:14:03Z,2025-12-02T17:09:00Z,ARR,goo,5.0
73,True,True,TORONTO,WINDSOR,2025-12-02,3,Brantford,BRTF,2025-12-02T17:44:41Z,2025-12-02T17:40:00Z,ARR,goo,4.0
73,True,True,TORONTO,WINDSOR,2025-12-02,4,Woodstock,WDST,2025-12-02T18:15:31Z,2025-12-02T18:09:00Z,ARR,med,6.0
73,True,True,TORONTO,WINDSOR,2025-12-02,5,London,LNDN,2025-12-02T18:50:49Z,2025-12-02T18:38:00Z,ARR,med,12.0
73,True,True,TORONTO,WINDSOR,2025-12-02,6,Chatham,CHAT,2025-12-02T20:13:11Z,2025-12-02T19:50:00Z,ARR,bad,23.0
73,True,True,TORONTO,WINDSOR,2025-12-02,7,Windsor,WDON,2025-12-02T20:57:31Z,2025-12-02T20:45:00Z,ARR,med,12.0
76,True,True,WINDSOR,TORONTO,2025-12-02,0,Windsor,WDON,2025-12-02T18:06:00Z,2025-12-02T18:06:00Z,ARR,goo,0.0
76,True,True,WINDSOR,TORONTO,2025-12-02,1,Chatham,CHAT,2025-12-02T18:48:24Z,2025-12-02T18:48:00Z,ARR,goo,0.0
76,True,True,WINDSOR,TORONTO,2025-12-02,2,Glencoe,GLNC,2025-12-02T19:36:12Z,2025-12-02T19:23:00Z,ARR,med,13.0
76,True,True,WINDSOR,TORONTO,2025-12-02,3,London,LNDN,2025-12-02T20:05:58Z,2025-12-02T19:58:00Z,ARR,med,7.0
76,True,True,WINDSOR,TORONTO,2025-12-02,4,Brantford,BRTF,2025-12-02T21:07:41Z,2025-12-02T20:59:00Z,ARR,med,8.0
76,True,True,WINDSOR,TORONTO,2025-12-02,5,Aldershot,ALDR,2025-12-02T21:36:45Z,2025-12-02T21:30:00Z,ARR,med,6.0
76,True,True,WINDSOR,TORONTO,2025-12-02,6,Oakville,OAKV,2025-12-02T21:52:14Z,2025-12-02T21:47:00Z,ARR,goo,5.0
76,True,True,WINDSOR,TORONTO,2025-12-02,7,Toronto,TRTO,2025-12-02T22:21:14Z,2025-12-02T22:13:00Z,ARR,med,8.0
82,True,True,LONDON,TORONTO,2025-12-02,0,London,LNDN,2025-12-02T11:25:00Z,2025-12-02T11:25:00Z,ARR,goo,0.0
82,True,True,LONDON,TORONTO,2025-12-02,1,Woodstock,WDST,2025-12-02T11:57:59Z,2025-12-02T11:53:00Z,ARR,goo,4.0
82,True,True,LONDON,TORONTO,2025-12-02,2,Brantford,BRTF,2025-12-02T12:28:15Z,2025-12-02T12:23:00Z,ARR,goo,5.0
82,True,True,LONDON,TORONTO,2025-12-02,3,Toronto,TRTO,2025-12-02T13:48:54Z,2025-12-02T13:35:00Z,ARR,med,13.0
84,True,True,SARNIA,TORONTO,2025-12-02,0,Sarnia,SARN,2025-12-02T13:40:00Z,2025-12-02T13:40:00Z,ARR,goo,0.0
84,True,True,SARNIA,TORONTO,2025-12-02,1,Wyoming,WYOM,2025-12-02T13:58:23Z,2025-12-02T13:55:00Z,ARR,goo,3.0
84,True,True,SARNIA,TORONTO,2025-12-02,2,Strathroy,STRR,2025-12-02T14:24:50Z,2025-12-02T14:27:00Z,ARR,goo,-2.0
84,True,True,SARNIA,TORONTO,2025-12-02,3,London,LNDN,2025-12-02T14:48:34Z,2025-12-02T14:52:00Z,ARR,goo,-3.0
84,True,True,SARNIA,TORONTO,2025-12-02,4,St.Marys,SMYS,2025-12-02T15:44:16Z,2025-12-02T15:45:00Z,ARR,goo,0.0
84,True,True,SARNIA,TORONTO,2025-12-02,5,Stratford,STRF,2025-12-02T16:12:54Z,2025-12-02T16:14:00Z,ARR,goo,-1.0
84,True,True,SARNIA,TORONTO,2025-12-02,6,Kitchener,KITC,2025-12-02T17:03:28Z,2025-12-02T17:02:00Z,ARR,goo,1.0
84,True,True,SARNIA,TORONTO,2025-12-02,7,Guelph,GUEL,2025-12-02T17:24:20Z,2025-12-02T17:24:00Z,ARR,goo,0.0
84,True,True,SARNIA,TORONTO,2025-12-02,8,Georgetown,GEOR,2025-12-02T17:49:32Z,2025-12-02T17:47:00Z,ARR,goo,2.0
84,True,True,SARNIA,TORONTO,2025-12-02,9,Brampton,BRMP,2025-12-02T18:02:59Z,2025-12-02T17:59:00Z,ARR,goo,3.0
84,True,True,SARNIA,TORONTO,2025-12-02,10,Malton,MALT,2025-12-02T18:16:40Z,2025-12-02T18:11:00Z,ARR,goo,5.0
84,True,True,SARNIA,TORONTO,2025-12-02,11,Toronto,TRTO,2025-12-02T18:41:07Z,2025-12-02T18:38:00Z,ARR,goo,3.0
641,True,True,OTTAWA,TORONTO,2025-12-02,0,Ottawa,OTTW,2025-12-02T09:13:00Z,2025-12-02T09:13:00Z,ARR,goo,0.0
641,True,True,OTTAWA,TORONTO,2025-12-02,1,Fallowfield,FALL,2025-12-02T09:29:05Z,2025-12-02T09:30:00Z,ARR,goo,0.0
641,True,True,OTTAWA,TORONTO,2025-12-02,2,Smiths Falls,SMTF,2025-12-02T09:58:20Z,2025-12-02T10:00:00Z,ARR,goo,-1.0
641,True,True,OTTAWA,TORONTO,2025-12-02,3,Brockville,BRKV,2025-12-02T10:30:24Z,2025-12-02T10:32:00Z,ARR,goo,-1.0
641,True,True,OTTAWA,TORONTO,2025-12-02,4,Kingston,KGON,2025-12-02T11:17:34Z,2025-12-02T11:16:00Z,ARR,goo,1.0
641,True,True,OTTAWA,TORONTO,2025-12-02,5,Belleville,BLVL,2025-12-02T11:56:43Z,2025-12-02T11:56:00Z,ARR,goo,0.0
641,True,True,OTTAWA,TORONTO,2025-12-02,6,Cobourg,CBRG,2025-12-02T12:31:39Z,2025-12-02T12:31:00Z,ARR,goo,0.0
641,True,True,OTTAWA,TORONTO,2025-12-02,7,Port Hope,PHOP,2025-12-02T12:42:29Z,2025-12-02T12:41:00Z,ARR,goo,1.0
641,True,True,OTTAWA,TORONTO,2025-12-02,8,Toronto,TRTO,2025-12-02T14:03:32Z,2025-12-02T13:48:00Z,ARR,med,15.0
643,True,True,OTTAWA,TORONTO,2025-12-02,0,Ottawa,OTTW,2025-12-02T13:29:00Z,2025-12-02T13:29:00Z,ARR,goo,0.0
643,True,True,OTTAWA,TORONTO,2025-12-02,1,Fallowfield,FALL,2025-12-02T13:46:06Z,2025-12-02T13:45:00Z,ARR,goo,1.0
643,True,True,OTTAWA,TORONTO,2025-12-02,2,Smiths Falls,SMTF,2025-12-02T14:17:06Z,2025-12-02T14:17:00Z,ARR,goo,0.0
643,True,True,OTTAWA,TORONTO,2025-12-02,3,Brockville,BRKV,2025-12-02T14:51:44Z,2025-12-02T14:49:00Z,ARR,goo,2.0
643,True,True,OTTAWA,TORONTO,2025-12-02,4,Kingston,KGON,2025-12-02T15:40:09Z,2025-12-02T15:32:00Z,ARR,med,8.0
643,True,True,OTTAWA,TORONTO,2025-12-02,5,Napanee,NAPN,2025-12-02T16:07:13Z,2025-12-02T15:57:00Z,ARR,med,10.0
643,True,True,OTTAWA,TORONTO,2025-12-02,6,Belleville,BLVL,2025-12-02T16:29:28Z,2025-12-02T16:17:00Z,ARR,med,12.0
643,True,True,OTTAWA,TORONTO,2025-12-02,7,Trenton Jct.,TRNJ,2025-12-02T16:44:35Z,2025-12-02T16:31:00Z,ARR,med,13.0
643,True,True,OTTAWA,TORONTO,2025-12-02,8,Cobourg,CBRG,2025-12-02T17:15:52Z,2025-12-02T16:57:00Z,ARR,med,18.0
643,True,True,OTTAWA,TORONTO,2025-12-02,9,Port Hope,PHOP,2025-12-02T17:26:57Z,2025-12-02T17:07:00Z,ARR,med,19.0
643,True,True,OTTAWA,TORONTO,2025-12-02,10,Oshawa,OSHA,2025-12-02T17:58:35Z,2025-12-02T17:35:00Z,ARR,bad,23.0
643,True,True,OTTAWA,TORONTO,2025-12-02,11,Guildwood,GUIL,2025-12-02T18:20:07Z,2025-12-02T17:58:00Z,ARR,bad,22.0
643,True,True,OTTAWA,TORONTO,2025-12-02,12,Toronto,TRTO,2025-12-02T18:45:00Z,2025-12-02T18:18:00Z,ARR,bad,27.0
97,True,True,TORONTO,NIAGARA FALLS,2025-12-02,0,Toronto,TRTO,2025-12-02T13:20:00Z,2025-12-02T13:20:00Z,ARR,goo,0.0
97,True,True,TORONTO,NIAGARA FALLS,2025-12-02,1,Oakville,OAKV,2025-12-02T13:46:00Z,2025-12-02T13:43:00Z,ARR,goo,3.0
97,True,True,TORONTO,NIAGARA FALLS,2025-12-02,2,Aldershot,ALDR,2025-12-02T13:59:00Z,2025-12-02T13:56:00Z,ARR,goo,3.0
97,True,True,TORONTO,NIAGARA FALLS,2025-12-02,3,Grimsby,GRIM,2025-12-02T14:40:00Z,2025-12-02T14:37:00Z,ARR,goo,3.0
97,True,True,TORONTO,NIAGARA FALLS,2025-12-02,4,St. Catharines,SCAT,2025-12-02T15:00:00Z,2025-12-02T14:57:00Z,ARR,goo,3.0
97,True,True,TORONTO,NIAGARA FALLS,2025-12-02,5,Niagara Falls,NIAG,2025-12-02T15:23:00Z,2025-12-02T15:20:00Z,ARR,goo,3.0
62,True,True,TORONTO,MONTRÉAL,2025-12-02,0,Toronto,TRTO,2025-12-02T13:44:38Z,2025-12-02T13:32:00Z,ARR,med,12.0
62,True,True,TORONTO,MONTRÉAL,2025-12-02,1,Guildwood,GUIL,2025-12-02T14:03:39Z,2025-12-02T13:50:00Z,ARR,med,13.0
62,True,True,TORONTO,MONTRÉAL,2025-12-02,2,Oshawa,OSHA,2025-12-02T14:42:40Z,2025-12-02T14:09:00Z,ARR,bad,33.0
62,True,True,TORONTO,MONTRÉAL,2025-12-02,3,Cobourg,CBRG,2025-12-02T15:19:32Z,2025-12-02T14:44:00Z,ARR,bad,35.0
62,True,True,TORONTO,MONTRÉAL,2025-12-02,4,Belleville,BLVL,2025-12-02T16:08:38Z,2025-12-02T15:20:00Z,ARR,bad,48.0
62,True,True,TORONTO,MONTRÉAL,2025-12-02,5,Kingston,KGON,2025-12-02T16:51:02Z,2025-12-02T16:00:00Z,ARR,bad,51.0
62,True,True,TORONTO,MONTRÉAL,2025-12-02,6,Cornwall,CWLL,2025-12-02T18:40:14Z,2025-12-02T17:43:00Z,ARR,bad,57.0
62,True,True,TORONTO,MONTRÉAL,2025-12-02,7,Dorval,DORV,2025-12-02T19:31:59Z,2025-12-02T18:34:00Z,ARR,bad,57.0
62,True,True,TORONTO,MONTRÉAL,2025-12-02,8,Montréal,MTRL,2025-12-02T19:59:23Z,2025-12-02T19:00:00Z,ARR,bad,59.0
45,True,True,OTTAWA,TORONTO,2025-12-02,0,Ottawa,OTTW,2025-12-02T15:24:00Z,2025-12-02T15:24:00Z,ARR,goo,0.0
45,True,True,OTTAWA,TORONTO,2025-12-02,1,Fallowfield,FALL,2025-12-02T15:40:56Z,2025-12-02T15:40:00Z,ARR,goo,0.0
45,True,True,OTTAWA,TORONTO,2025-12-02,2,Kingston,KGON,2025-12-02T17:31:43Z,2025-12-02T17:26:00Z,ARR,goo,5.0
45,True,True,OTTAWA,TORONTO,2025-12-02,3,Toronto,TRTO,2025-12-02T20:06:12Z,2025-12-02T19:48:00Z,ARR,med,18.0
33,True,True,QUÉBEC,OTTAWA,2025-12-02,0,Québec,QBEC,2025-12-02T10:29:00Z,2025-12-02T10:29:00Z,ARR,goo,0.0
33,True,True,QUÉBEC,OTTAWA,2025-12-02,1,Ste-Foy,SFOY,2025-12-02T10:56:16Z,2025-12-02T10:54:00Z,ARR,goo,2.0
33,True,True,QUÉBEC,OTTAWA,2025-12-02,2,Charny,CHNY,2025-12-02T11:06:48Z,2025-12-02T11:03:00Z,ARR,goo,3.0
33,True,True,QUÉBEC,OTTAWA,2025-12-02,3,Drummondville,DRMV,2025-12-02T12:58:09Z,2025-12-02T12:26:00Z,ARR,bad,32.0
33,True,True,QUÉBEC,OTTAWA,2025-12-02,4,St. Hyacinthe,SHYA,2025-12-02T13:30:00Z,2025-12-02T12:57:00Z,ARR,bad,33.0
33,True,True,QUÉBEC,OTTAWA,2025-12-02,5,St. Lambert,SLAM,2025-12-02T13:59:58Z,2025-12-02T13:23:00Z,ARR,bad,36.0
33,True,True,QUÉBEC,OTTAWA,2025-12-02,6,Montréal,MTRL,2025-12-02T14:17:44Z,2025-12-02T13:37:00Z,ARR,bad,40.0
33,True,True,QUÉBEC,OTTAWA,2025-12-02,7,Dorval,DORV,2025-12-02T15:06:07Z,2025-12-02T14:24:00Z,ARR,bad,42.0
33,True,True,QUÉBEC,OTTAWA,2025-12-02,8,Alexandria,ALEX,2025-12-02T15:58:19Z,2025-12-02T15:10:00Z,ARR,bad,48.0
33,True,True,QUÉBEC,OTTAWA,2025-12-02,9,Casselman,CSLM,2025-12-02T16:24:07Z,2025-12-02T15:33:00Z,ARR,bad,51.0
33,True,True,QUÉBEC,OTTAWA,2025-12-02,10,Ottawa,OTTW,2025-12-02T16:51:20Z,2025-12-02T16:04:00Z,ARR,bad,47.0
644,True,True,TORONTO,OTTAWA,2025-12-02,0,Toronto,TRTO,2025-12-02T18:23:18Z,2025-12-02T18:23:00Z,ARR,goo,0.0
644,True,True,TORONTO,OTTAWA,2025-12-02,1,Oshawa,OSHA,2025-12-02T18:59:16Z,2025-12-02T18:53:00Z,ARR,med,6.0
644,True,True,TORONTO,OTTAWA,2025-12-02,2,Cobourg,CBRG,2025-12-02T19:31:17Z,2025-12-02T19:28:00Z,ARR,goo,3.0
644,True,True,TORONTO,OTTAWA,2025-12-02,3,Belleville,BLVL,2025-12-02T20:06:44Z,2025-12-02T20:03:00Z,ARR,goo,3.0
644,True,True,TORONTO,OTTAWA,2025-12-02,4,Kingston,KGON,2025-12-02T20:42:40Z,2025-12-02T20:43:00Z,ARR,goo,0.0
644,True,True,TORONTO,OTTAWA,2025-12-02,5,Fallowfield,FALL,2025-12-02T22:19:16Z,2025-12-02T22:30:00Z,ARR,goo,-10.0
644,True,True,TORONTO,OTTAWA,2025-12-02,6,Ottawa,OTTW,2025-12-02T22:41:24Z,2025-12-02T22:53:00Z,ARR,goo,-11.0
600,True,True,JONQUIÈRE,MONTRÉAL,2025-12-02,0,Jonquière,JONQ,2025-12-02T13:58:00Z,2025-12-02T13:58:00Z,ARR,goo,0.0
600,True,True,JONQUIÈRE,MONTRÉAL,2025-12-02,1,Hébertville,HEBV,2025-12-02T14:32:16Z,2025-12-02T14:32:00Z,ARR,goo,0.0
600,True,True,JONQUIÈRE,MONTRÉAL,2025-12-02,2,Chambord,CHBD,2025-12-02T15:15:14Z,2025-12-02T15:09:00Z,ARR,med,6.0
600,True,True,JONQUIÈRE,MONTRÉAL,2025-12-02,3,Lac-Bouchette,LBOU,2025-12-02T15:55:45Z,2025-12-02T15:47:00Z,ARR,med,8.0
600,True,True,JONQUIÈRE,MONTRÉAL,2025-12-02,4,Club Lizotte,LIZO,2025-12-02T16:20:19Z,2025-12-02T16:12:00Z,ARR,med,8.0
600,True,True,JONQUIÈRE,MONTRÉAL,2025-12-02,5,Kondiaronk,KOND,2025-12-02T16:33:59Z,2025-12-02T16:25:00Z,ARR,med,8.0
600,True,True,JONQUIÈRE,MONTRÉAL,2025-12-02,6,Lac Des Roches,LDES,2025-12-02T16:36:08Z,2025-12-02T16:28:00Z,ARR,med,8.0
600,True,True,JONQUIÈRE,MONTRÉAL,2025-12-02,7,Van Bruyssel,VBRU,2025-12-02T16:46:02Z,2025-12-02T16:38:00Z,ARR,med,8.0
600,True,True,JONQUIÈRE,MONTRÉAL,2025-12-02,8,Kiskissink,KISK,2025-12-02T16:47:03Z,2025-12-02T16:39:01Z,ARR,med,8.0
600,True,True,JONQUIÈRE,MONTRÉAL,2025-12-02,9,Brooks,BRQU,2025-12-02T16:59:02Z,2025-12-02T16:51:00Z,ARR,med,8.0
600,True,True,JONQUIÈRE,MONTRÉAL,2025-12-02,10,Summit,SMQU,2025-12-02T17:10:02Z,2025-12-02T17:02:00Z,ARR,med,8.0
600,True,True,JONQUIÈRE,MONTRÉAL,2025-12-02,11,Club Sommet,SMMC,2025-12-02T17:11:03Z,2025-12-02T17:03:01Z,ARR,med,8.0
600,True,True,JONQUIÈRE,MONTRÉAL,2025-12-02,12,Club Grégoire,GRGC,2025-12-02T17:15:02Z,2025-12-02T17:07:00Z,ARR,med,8.0
600,True,True,JONQUIÈRE,MONTRÉAL,2025-12-02,13,Caribou,CARI,2025-12-02T17:22:02Z,2025-12-02T17:14:00Z,ARR,med,8.0
600,True,True,JONQUIÈRE,MONTRÉAL,2025-12-02,14,Cherokee,CHER,2025-12-02T17:24:02Z,2025-12-02T17:16:00Z,ARR,med,8.0
600,True,True,JONQUIÈRE,MONTRÉAL,2025-12-02,15,Lac-Édouard,LEDW,2025-12-02T17:44:19Z,2025-12-02T17:29:00Z,ARR,med,15.0
600,True,True,JONQUIÈRE,MONTRÉAL,2025-12-02,16,Club Triton,TRTC,2025-12-02T18:12:32Z,2025-12-02T17:42:00Z,ARR,bad,30.0
600,True,True,JONQUIÈRE,MONTRÉAL,2025-12-02,17,Club Nicole,NCLC,2025-12-02T18:17:33Z,2025-12-02T17:50:00Z,ARR,bad,27.0
600,True,True,JONQUIÈRE,MONTRÉAL,2025-12-02,18,Hirondelle,HRDL,2025-12-02T18:23:33Z,2025-12-02T17:56:00Z,ARR,bad,27.0
600,True,True,JONQUIÈRE,MONTRÉAL,2025-12-02,19,Pearl Lake,PRLL,2025-12-02T18:26:34Z,2025-12-02T17:59:01Z,ARR,bad,27.0
600,True,True,JONQUIÈRE,MONTRÉAL,2025-12-02,20,Sanford,SANF,2025-12-02T18:37:33Z,2025-12-02T18:10:00Z,ARR,bad,27.0
600,True,True,JONQUIÈRE,MONTRÉAL,2025-12-02,21,Stadacona,STAD,2025-12-02T18:45:33Z,2025-12-02T18:18:00Z,ARR,bad,27.0
600,True,True,JONQUIÈRE,MONTRÉAL,2025-12-02,22,Club Iroquois,IRQC,2025-12-02T18:49:33Z,2025-12-02T18:22:00Z,ARR,bad,27.0
600,True,True,JONQUIÈRE,MONTRÉAL,2025-12-02,23,Lac Malouin,LMAL,2025-12-02T18:53:33Z,2025-12-02T18:26:00Z,ARR,bad,27.0
600,True,True,JONQUIÈRE,MONTRÉAL,2025-12-02,24,Bima,BIMA,2025-12-02T18:55:33Z,2025-12-02T18:28:00Z,ARR,bad,27.0
600,True,True,JONQUIÈRE,MONTRÉAL,2025-12-02,25,Saint-Hilaire,SHPN,2025-12-02T18:58:33Z,2025-12-02T18:31:00Z,ARR,bad,27.0
600,True,True,JONQUIÈRE,MONTRÉAL,2025-12-02,26,Pont Beaudet,PBDT,2025-12-02T19:00:33Z,2025-12-02T18:33:00Z,ARR,bad,27.0
600,True,True,JONQUIÈRE,MONTRÉAL,2025-12-02,27,Falrie,FALR,2025-12-02T19:03:33Z,2025-12-02T18:36:00Z,ARR,bad,27.0
600,True,True,JONQUIÈRE,MONTRÉAL,2025-12-02,28,Club Jacques-Cartier,JACC,2025-12-02T19:06:33Z,2025-12-02T18:39:00Z,ARR,bad,27.0
600,True,True,JONQUIÈRE,MONTRÉAL,2025-12-02,29,Miquick,MIQK,2025-12-02T19:20:33Z,2025-12-02T18:53:00Z,ARR,bad,27.0
600,True,True,JONQUIÈRE,MONTRÉAL,2025-12-02,30,Rivière-À-Pierre,RAPX,2025-12-02T19:55:33Z,2025-12-02T19:28:00Z,ARR,bad,27.0
600,True,True,JONQUIÈRE,MONTRÉAL,2025-12-02,31,Rousseau,ROUS,2025-12-02T20:16:33Z,2025-12-02T19:49:00Z,ARR,bad,27.0
600,True,True,JONQUIÈRE,MONTRÉAL,2025-12-02,32,Hervey,HERV,2025-12-02T20:50:44Z,2025-12-02T20:20:00Z,ARR,bad,30.0
600,True,True,JONQUIÈRE,MONTRÉAL,2025-12-02,33,Saint-Tite,STIT,2025-12-02T21:34:14Z,2025-12-02T20:48:00Z,ARR,bad,46.0
600,True,True,JONQUIÈRE,MONTRÉAL,2025-12-02,34,Garneau,GARN,2025-12-02T21:54:28Z,2025-12-02T21:02:00Z,ARR,bad,52.0
600,True,True,JONQUIÈRE,MONTRÉAL,2025-12-02,35,Grand-Mère,GMRE,2025-12-02T22:06:51Z,2025-12-02T21:15:00Z,ARR,bad,51.0
600,True,True,JONQUIÈRE,MONTRÉAL,2025-12-02,36,Shawinigan,SHWN,2025-12-02T22:14:27Z,2025-12-02T21:23:00Z,ARR,bad,51.0
600,True,True,JONQUIÈRE,MONTRÉAL,2025-12-02,37,Charette,CHRT,2025-12-02T22:35:34Z,2025-12-02T21:46:00Z,ARR,bad,49.0
600,True,True,JONQUIÈRE,MONTRÉAL,2025-12-02,38,St-Paulin,SPAU,2025-12-02T22:48:41Z,2025-12-02T21:55:00Z,ARR,bad,53.0
600,True,True,JONQUIÈRE,MONTRÉAL,2025-12-02,39,St-Justin,SJUS,2025-12-02T22:58:05Z,2025-12-02T22:09:00Z,ARR,bad,49.0
600,True,True,JONQUIÈRE,MONTRÉAL,2025-12-02,40,Joliette,JOLI,2025-12-02T23:23:50Z,2025-12-02T22:38:00Z,ARR,bad,45.0
600,True,True,JONQUIÈRE,MONTRÉAL,2025-12-02,41,Anjou,ANJO,2025-12-03T00:18:16Z,2025-12-02T23:21:01Z,ARR,bad,57.0
600,True,True,JONQUIÈRE,MONTRÉAL,2025-12-02,42,Sauvé,SAUV,2025-12-03T00:34:48Z,2025-12-02T23:35:00Z,ARR,bad,59.0
600,True,True,JONQUIÈRE,MONTRÉAL,2025-12-02,43,Montréal,MTRL,2025-12-03T01:27:37Z,2025-12-03T00:46:00Z,ARR,bad,41.0
185,True,True,SUDBURY,WHITE RIVER,2025-12-02,0,Sudbury,SUDB,2025-12-02T14:00:00Z,2025-12-02T14:00:00Z,ARR,goo,0.0
185,True,True,SUDBURY,WHITE RIVER,2025-12-02,1,Azilda,AZIL,2025-12-02T14:15:35Z,2025-12-02T14:10:00Z,ARR,goo,5.0
185,True,True,SUDBURY,WHITE RIVER,2025-12-02,2,Chelmsford,CHEL,2025-12-02T14:19:23Z,2025-12-02T14:15:00Z,ARR,goo,4.0
185,True,True,SUDBURY,WHITE RIVER,2025-12-02,3,Larchwood,LARC,2025-12-02T14:26:05Z,2025-12-02T14:19:00Z,ARR,med,7.0
185,True,True,SUDBURY,WHITE RIVER,2025-12-02,4,Levack,LEVA,2025-12-02T14:36:29Z,2025-12-02T14:30:00Z,ARR,med,6.0
185,True,True,SUDBURY,WHITE RIVER,2025-12-02,5,Cartier,CART,2025-12-02T14:49:32Z,2025-12-02T14:45:00Z,ARR,goo,4.0
185,True,True,SUDBURY,WHITE RIVER,2025-12-02,6,Benny,BENN,2025-12-02T15:10:22Z,2025-12-02T15:05:00Z,ARR,goo,5.0
185,True,True,SUDBURY,WHITE RIVER,2025-12-02,7,Stralak,STRL,2025-12-02T15:15:08Z,2025-12-02T15:12:00Z,ARR,goo,3.0
185,True,True,SUDBURY,WHITE RIVER,2025-12-02,8,Pogamasing,POGA,2025-12-02T15:27:16Z,2025-12-02T15:25:00Z,ARR,goo,2.0
185,True,True,SUDBURY,WHITE RIVER,2025-12-02,9,Sheahan,SHEA,2025-12-02T15:32:02Z,2025-12-02T15:30:00Z,ARR,goo,2.0
185,True,True,SUDBURY,WHITE RIVER,2025-12-02,10,Forks,FRKS,2025-12-02T15:41:51Z,2025-12-02T15:40:00Z,ARR,goo,1.0
185,True,True,SUDBURY,WHITE RIVER,2025-12-02,11,Metagama,MTGM,2025-12-02T15:51:51Z,2025-12-02T15:50:00Z,ARR,goo,1.0
185,True,True,SUDBURY,WHITE RIVER,2025-12-02,12,Sinker,SNKR,2025-12-02T15:56:51Z,2025-12-02T15:55:00Z,ARR,goo,1.0
185,True,True,SUDBURY,WHITE RIVER,2025-12-02,13,Biscotasing,BISC,2025-12-02T16:20:00Z,2025-12-02T16:20:00Z,ARR,goo,0.0
185,True,True,SUDBURY,WHITE RIVER,2025-12-02,14,Roberts,RBRT,2025-12-02T16:30:00Z,2025-12-02T16:30:00Z,ARR,goo,0.0
185,True,True,SUDBURY,WHITE RIVER,2025-12-02,15,Ramsey,RAMS,2025-12-02T16:45:00Z,2025-12-02T16:45:00Z,ARR,goo,0.0
185,True,True,SUDBURY,WHITE RIVER,2025-12-02,16,Woman River,WOMR,2025-12-02T16:56:59Z,2025-12-02T17:05:00Z,ARR,goo,-8.0
185,True,True,SUDBURY,WHITE RIVER,2025-12-02,17,Sultan,SULT,2025-12-02T17:20:00Z,2025-12-02T17:20:00Z,ARR,goo,0.0
185,True,True,SUDBURY,WHITE RIVER,2025-12-02,18,Kormak,KORM,2025-12-02T17:35:00Z,2025-12-02T17:35:00Z,ARR,goo,0.0
185,True,True,SUDBURY,WHITE RIVER,2025-12-02,19,Kinogama,KINO,2025-12-02T17:40:00Z,2025-12-02T17:40:00Z,ARR,goo,0.0
185,True,True,SUDBURY,WHITE RIVER,2025-12-02,20,Nemegos,NEME,2025-12-02T18:04:58Z,2025-12-02T17:55:00Z,ARR,med,9.0
185,True,True,SUDBURY,WHITE RIVER,2025-12-02,21,Devon,DEVN,2025-12-02T18:36:24Z,2025-12-02T18:05:00Z,ARR,bad,31.0
185,True,True,SUDBURY,WHITE RIVER,2025-12-02,22,Chapleau,CHAP,2025-12-02T18:55:49Z,2025-12-02T18:20:00Z,ARR,bad,35.0
185,True,True,SUDBURY,WHITE RIVER,2025-12-02,23,Esher,ESHR,2025-12-02T19:15:47Z,2025-12-02T18:50:00Z,ARR,bad,25.0
185,True,True,SUDBURY,WHITE RIVER,2025-12-02,24,Musk,MUSK,2025-12-02T19:27:31Z,2025-12-02T19:00:00Z,ARR,bad,27.0
185,True,True,SUDBURY,WHITE RIVER,2025-12-02,25,Nicholson,NICH,2025-12-02T19:33:27Z,2025-12-02T19:10:00Z,ARR,bad,23.0
185,True,True,SUDBURY,WHITE RIVER,2025-12-02,26,Bolkow,BOLK,2025-12-02T19:50:52Z,2025-12-02T19:30:00Z,ARR,bad,20.0
185,True,True,SUDBURY,WHITE RIVER,2025-12-02,27,Dalton,DALT,2025-12-02T20:05:52Z,2025-12-02T19:45:00Z,ARR,bad,20.0
185,True,True,SUDBURY,WHITE RIVER,2025-12-02,28,Missanabie,MSBI,2025-12-02T20:30:52Z,2025-12-02T20:10:00Z,ARR,bad,20.0
185,True,True,SUDBURY,WHITE RIVER,2025-12-02,29,Lochalsh,LOCH,2025-12-02T20:50:52Z,2025-12-02T20:30:00Z,ARR,bad,20.0
185,True,True,SUDBURY,WHITE RIVER,2025-12-02,30,Franz,FRNZ,2025-12-02T21:36:43Z,2025-12-02T20:50:00Z,ARR,bad,46.0
185,True,True,SUDBURY,WHITE RIVER,2025-12-02,31,Swanson,SWAN,2025-12-02T21:46:53Z,2025-12-02T21:00:00Z,ARR,bad,46.0
185,True,True,SUDBURY,WHITE RIVER,2025-12-02,32,Girdwood,GIRD,2025-12-02T22:05:03Z,2025-12-02T21:25:00Z,ARR,bad,40.0
185,True,True,SUDBURY,WHITE RIVER,2025-12-02,33,Amyot,AMYO,2025-12-02T22:15:49Z,2025-12-02T21:35:00Z,ARR,bad,40.0
185,True,True,SUDBURY,WHITE RIVER,2025-12-02,34,O'Brien,OBRI,2025-12-02T22:30:41Z,2025-12-02T21:50:00Z,ARR,bad,40.0
185,True,True,SUDBURY,WHITE RIVER,2025-12-02,35,White River,WHTR,2025-12-02T22:48:15Z,2025-12-02T22:05:00Z,ARR,bad,43.0
604,True,True,SENNETERRE,MONTRÉAL,2025-12-02,0,Senneterre,SENN,2025-12-02T11:28:00Z,2025-12-02T11:28:00Z,ARR,goo,0.0
604,True,True,SENNETERRE,MONTRÉAL,2025-12-02,1,Mégiscane,MEGI,2025-12-02T11:51:26Z,2025-12-02T11:42:00Z,ARR,med,9.0
604,True,True,SENNETERRE,MONTRÉAL,2025-12-02,2,Signai,SIGN,2025-12-02T12:07:08Z,2025-12-02T11:58:00Z,ARR,med,9.0
604,True,True,SENNETERRE,MONTRÉAL,2025-12-02,3,Press,PRSS,2025-12-02T12:14:27Z,2025-12-02T12:06:00Z,ARR,med,8.0
604,True,True,SENNETERRE,MONTRÉAL,2025-12-02,4,Forsythe,FORS,2025-12-02T12:32:33Z,2025-12-02T12:25:00Z,ARR,med,7.0
604,True,True,SENNETERRE,MONTRÉAL,2025-12-02,5,Bolger,BGQU,2025-12-02T12:55:50Z,2025-12-02T12:32:00Z,ARR,bad,23.0
604,True,True,SENNETERRE,MONTRÉAL,2025-12-02,6,Dix,DIXX,2025-12-02T13:06:50Z,2025-12-02T12:43:00Z,ARR,bad,23.0
604,True,True,SENNETERRE,MONTRÉAL,2025-12-02,7,Gagnon,GAGN,2025-12-02T13:10:50Z,2025-12-02T12:47:00Z,ARR,bad,23.0
604,True,True,SENNETERRE,MONTRÉAL,2025-12-02,8,Da-Rou-Lac Lodge,DRLL,2025-12-02T13:26:31Z,2025-12-02T12:56:00Z,ARR,bad,30.0
604,True,True,SENNETERRE,MONTRÉAL,2025-12-02,9,Langlade,LNGL,2025-12-02T13:27:32Z,2025-12-02T12:57:01Z,ARR,bad,30.0
604,True,True,SENNETERRE,MONTRÉAL,2025-12-02,10,Club Beaudin Inc.,BDNC,2025-12-02T13:34:31Z,2025-12-02T13:04:00Z,ARR,bad,30.0
604,True,True,SENNETERRE,MONTRÉAL,2025-12-02,11,Bourmont,BRMT,2025-12-02T13:39:31Z,2025-12-02T13:09:00Z,ARR,bad,30.0
604,True,True,SENNETERRE,MONTRÉAL,2025-12-02,12,Club Kapitachuan,KPTC,2025-12-02T13:41:31Z,2025-12-02T13:11:00Z,ARR,bad,30.0
604,True,True,SENNETERRE,MONTRÉAL,2025-12-02,13,Consolidated Bathurst,CBAT,2025-12-02T13:45:31Z,2025-12-02T13:15:00Z,ARR,bad,30.0
604,True,True,SENNETERRE,MONTRÉAL,2025-12-02,14,Monet,MNET,2025-12-02T13:51:38Z,2025-12-02T13:22:00Z,ARR,bad,29.0
604,True,True,SENNETERRE,MONTRÉAL,2025-12-02,15,Coquar,COQU,2025-12-02T14:06:26Z,2025-12-02T13:33:00Z,ARR,bad,33.0
604,True,True,SENNETERRE,MONTRÉAL,2025-12-02,16,Clova,CLOV,2025-12-02T14:15:26Z,2025-12-02T13:42:00Z,ARR,bad,33.0
604,True,True,SENNETERRE,MONTRÉAL,2025-12-02,17,Rivière Oskélanéo,OSKR,2025-12-02T14:31:45Z,2025-12-02T13:55:00Z,ARR,bad,36.0
604,True,True,SENNETERRE,MONTRÉAL,2025-12-02,18,Oskelaneo Lodge,OSKL,2025-12-02T14:41:35Z,2025-12-02T14:07:00Z,ARR,bad,34.0
604,True,True,SENNETERRE,MONTRÉAL,2025-12-02,19,Greening,GRNG,2025-12-02T14:49:35Z,2025-12-02T14:15:00Z,ARR,bad,34.0
604,True,True,SENNETERRE,MONTRÉAL,2025-12-02,20,Club Maniwawa,MWWC,2025-12-02T15:00:35Z,2025-12-02T14:26:00Z,ARR,bad,34.0
604,True,True,SENNETERRE,MONTRÉAL,2025-12-02,21,Strachan,STRN,2025-12-02T15:07:35Z,2025-12-02T14:33:00Z,ARR,bad,34.0
604,True,True,SENNETERRE,MONTRÉAL,2025-12-02,22,Club Rita Inc.,RTAC,2025-12-02T15:11:35Z,2025-12-02T14:37:00Z,ARR,bad,34.0
604,True,True,SENNETERRE,MONTRÉAL,2025-12-02,23,Timbrell,TIMB,2025-12-02T15:18:29Z,2025-12-02T14:47:00Z,ARR,bad,31.0
604,True,True,SENNETERRE,MONTRÉAL,2025-12-02,24,Parent,PARE,2025-12-02T15:38:05Z,2025-12-02T15:07:00Z,ARR,bad,31.0
604,True,True,SENNETERRE,MONTRÉAL,2025-12-02,25,Manjobagues,MJBG,2025-12-02T16:03:25Z,2025-12-02T15:25:00Z,ARR,bad,38.0
604,True,True,SENNETERRE,MONTRÉAL,2025-12-02,26,Club Sisco,SSCC,2025-12-02T16:09:09Z,2025-12-02T15:33:00Z,ARR,bad,36.0
604,True,True,SENNETERRE,MONTRÉAL,2025-12-02,27,Mccarthy,MCCA,2025-12-02T16:11:30Z,2025-12-02T15:36:00Z,ARR,bad,35.0
604,True,True,SENNETERRE,MONTRÉAL,2025-12-02,28,Casey,CASY,2025-12-02T16:25:24Z,2025-12-02T15:51:00Z,ARR,bad,34.0
604,True,True,SENNETERRE,MONTRÉAL,2025-12-02,29,Hibbard,HIBB,2025-12-02T16:38:24Z,2025-12-02T16:04:00Z,ARR,bad,34.0
604,True,True,SENNETERRE,MONTRÉAL,2025-12-02,30,Club Belanger,BLGC,2025-12-02T16:49:24Z,2025-12-02T16:15:00Z,ARR,bad,34.0
604,True,True,SENNETERRE,MONTRÉAL,2025-12-02,31,Cann,CANN,2025-12-02T16:54:15Z,2025-12-02T16:21:00Z,ARR,bad,33.0
604,True,True,SENNETERRE,MONTRÉAL,2025-12-02,32,Sanmaur,SANM,2025-12-02T17:01:00Z,2025-12-02T16:28:00Z,ARR,bad,33.0
604,True,True,SENNETERRE,MONTRÉAL,2025-12-02,33,Weymont,WYMT,2025-12-02T17:03:00Z,2025-12-02T16:30:00Z,ARR,bad,33.0
604,True,True,SENNETERRE,MONTRÉAL,2025-12-02,34,Saint-Maurice Rivière-Boom,SMRB,2025-12-02T17:06:31Z,2025-12-02T16:33:00Z,ARR,bad,33.0
604,True,True,SENNETERRE,MONTRÉAL,2025-12-02,35,Dessane,DESS,2025-12-02T17:15:05Z,2025-12-02T16:42:00Z,ARR,bad,33.0
604,True,True,SENNETERRE,MONTRÉAL,2025-12-02,36,Vandry,VDRY,2025-12-02T17:21:02Z,2025-12-02T16:48:00Z,ARR,bad,33.0
604,True,True,SENNETERRE,MONTRÉAL,2025-12-02,37,Club Wigwam,WGWC,2025-12-02T17:28:22Z,2025-12-02T16:56:00Z,ARR,bad,32.0
604,True,True,SENNETERRE,MONTRÉAL,2025-12-02,38,Ferguson,FERG,2025-12-02T17:33:50Z,2025-12-02T17:02:00Z,ARR,bad,31.0
604,True,True,SENNETERRE,MONTRÉAL,2025-12-02,39,Windigo,WNDG,2025-12-02T17:41:50Z,2025-12-02T17:10:00Z,ARR,bad,31.0
604,True,True,SENNETERRE,MONTRÉAL,2025-12-02,40,Mctavish,MCTC,2025-12-02T17:43:50Z,2025-12-02T17:12:00Z,ARR,bad,31.0
604,True,True,SENNETERRE,MONTRÉAL,2025-12-02,41,Duplessis,DUPL,2025-12-02T18:03:09Z,2025-12-02T17:25:00Z,ARR,bad,38.0
604,True,True,SENNETERRE,MONTRÉAL,2025-12-02,42,Lac-Darey,LDAR,2025-12-02T18:16:09Z,2025-12-02T17:38:00Z,ARR,bad,38.0
604,True,True,SENNETERRE,MONTRÉAL,2025-12-02,43,Rapide-Blanc,RAPB,2025-12-02T18:36:09Z,2025-12-02T17:58:00Z,ARR,bad,38.0
604,True,True,SENNETERRE,MONTRÉAL,2025-12-02,44,Club Vermillion,VMLC,2025-12-02T18:36:47Z,2025-12-02T18:01:00Z,ARR,bad,35.0
604,True,True,SENNETERRE,MONTRÉAL,2025-12-02,45,Cressman,CRSM,2025-12-02T18:43:47Z,2025-12-02T18:08:00Z,ARR,bad,35.0
604,True,True,SENNETERRE,MONTRÉAL,2025-12-02,46,Fitzpatrick,FITZ,2025-12-02T19:07:11Z,2025-12-02T18:28:00Z,ARR,bad,39.0
604,True,True,SENNETERRE,MONTRÉAL,2025-12-02,47,La Tuque,LTUQ,2025-12-02T19:23:52Z,2025-12-02T18:40:00Z,ARR,bad,43.0
604,True,True,SENNETERRE,MONTRÉAL,2025-12-02,48,Hervey,HERV,2025-12-02T20:52:22Z,2025-12-02T20:15:00Z,ARR,bad,37.0
604,True,True,SENNETERRE,MONTRÉAL,2025-12-02,49,Saint-Tite,STIT,2025-12-02T21:33:55Z,2025-12-02T20:48:00Z,ARR,bad,45.0
604,True,True,SENNETERRE,MONTRÉAL,2025-12-02,50,Garneau,GARN,2025-12-02T21:53:53Z,2025-12-02T21:02:00Z,ARR,bad,51.0
604,True,True,SENNETERRE,MONTRÉAL,2025-12-02,51,Grand-Mère,GMRE,2025-12-02T22:06:45Z,2025-12-02T21:15:00Z,ARR,bad,51.0
604,True,True,SENNETERRE,MONTRÉAL,2025-12-02,52,Shawinigan,SHWN,2025-12-02T22:14:21Z,2025-12-02T21:23:00Z,ARR,bad,51.0
604,True,True,SENNETERRE,MONTRÉAL,2025-12-02,53,Charette,CHRT,2025-12-02T22:35:33Z,2025-12-02T21:46:00Z,ARR,bad,49.0
604,True,True,SENNETERRE,MONTRÉAL,2025-12-02,54,St-Paulin,SPAU,2025-12-02T22:48:50Z,2025-12-02T21:55:00Z,ARR,bad,53.0
604,True,True,SENNETERRE,MONTRÉAL,2025-12-02,55,St-Justin,SJUS,2025-12-02T22:57:29Z,2025-12-02T22:09:00Z,ARR,bad,48.0
604,True,True,SENNETERRE,MONTRÉAL,2025-12-02,56,Joliette,JOLI,2025-12-02T23:23:40Z,2025-12-02T22:38:00Z,ARR,bad,45.0
604,True,True,SENNETERRE,MONTRÉAL,2025-12-02,57,Anjou,ANJO,2025-12-03T00:18:13Z,2025-12-02T23:21:01Z,ARR,bad,57.0
604,True,True,SENNETERRE,MONTRÉAL,2025-12-02,58,Sauvé,SAUV,2025-12-03T00:34:42Z,2025-12-02T23:35:00Z,ARR,bad,59.0
604,True,True,SENNETERRE,MONTRÉAL,2025-12-02,59,Montréal,MTRL,2025-12-03T01:27:22Z,2025-12-03T00:46:00Z,ARR,bad,41.0
47,True,True,OTTAWA,TORONTO,2025-12-02,0,Ottawa,OTTW,2025-12-02T17:23:00Z,2025-12-02T17:23:00Z,ARR,goo,0.0
47,True,True,OTTAWA,TORONTO,2025-12-02,1,Fallowfield,FALL,2025-12-02T17:39:39Z,2025-12-02T17:40:00Z,ARR,goo,0.0
47,True,True,OTTAWA,TORONTO,2025-12-02,2,Smiths Falls,SMTF,2025-12-02T18:09:34Z,2025-12-02T18:18:00Z,ARR,goo,-8.0
47,True,True,OTTAWA,TORONTO,2025-12-02,3,Brockville,BRKV,2025-12-02T18:52:38Z,2025-12-02T18:54:00Z,ARR,goo,-1.0
47,True,True,OTTAWA,TORONTO,2025-12-02,4,Gananoque,GANA,2025-12-02T19:25:04Z,2025-12-02T19:22:00Z,ARR,goo,3.0
47,True,True,OTTAWA,TORONTO,2025-12-02,5,Kingston,KGON,2025-12-02T19:43:50Z,2025-12-02T19:45:00Z,ARR,goo,-1.0
47,True,True,OTTAWA,TORONTO,2025-12-02,6,Belleville,BLVL,2025-12-02T20:29:44Z,2025-12-02T20:26:00Z,ARR,goo,3.0
47,True,True,OTTAWA,TORONTO,2025-12-02,7,Oshawa,OSHA,2025-12-02T21:42:52Z,2025-12-02T21:33:00Z,ARR,med,9.0
47,True,True,OTTAWA,TORONTO,2025-12-02,8,Guildwood,GUIL,2025-12-02T22:26:22Z,2025-12-02T21:58:00Z,ARR,bad,28.0
47,True,True,OTTAWA,TORONTO,2025-12-02,9,Toronto,TRTO,2025-12-02T22:56:36Z,2025-12-02T22:30:00Z,ARR,bad,26.0
63,True,True,MONTRÉAL,TORONTO,2025-12-02,0,Montréal,MTRL,2025-12-02T13:46:00Z,2025-12-02T13:46:00Z,ARR,goo,0.0
63,True,True,MONTRÉAL,TORONTO,2025-12-02,1,Dorval,DORV,2025-12-02T14:08:12Z,2025-12-02T14:11:00Z,ARR,goo,-2.0
63,True,True,MONTRÉAL,TORONTO,2025-12-02,2,Cornwall,CWLL,2025-12-02T15:09:17Z,2025-12-02T15:04:00Z,ARR,goo,5.0
63,True,True,MONTRÉAL,TORONTO,2025-12-02,3,Brockville,BRKV,2025-12-02T16:07:00Z,2025-12-02T15:54:00Z,ARR,med,13.0
63,True,True,MONTRÉAL,TORONTO,2025-12-02,4,Kingston,KGON,2025-12-02T16:54:24Z,2025-12-02T16:39:00Z,ARR,med,15.0
63,True,True,MONTRÉAL,TORONTO,2025-12-02,5,Belleville,BLVL,2025-12-02T17:41:54Z,2025-12-02T17:20:00Z,ARR,bad,21.0
63,True,True,MONTRÉAL,TORONTO,2025-12-02,6,Cobourg,CBRG,2025-12-02T18:31:53Z,2025-12-02T17:58:00Z,ARR,bad,33.0
63,True,True,MONTRÉAL,TORONTO,2025-12-02,7,Oshawa,OSHA,2025-12-02T19:09:01Z,2025-12-02T18:34:00Z,ARR,bad,35.0
63,True,True,MONTRÉAL,TORONTO,2025-12-02,8,Guildwood,GUIL,2025-12-02T19:28:35Z,2025-12-02T18:58:00Z,ARR,bad,30.0
63,True,True,MONTRÉAL,TORONTO,2025-12-02,9,Toronto,TRTO,2025-12-02T19:48:48Z,2025-12-02T19:18:00Z,ARR,bad,30.0
40,True,True,TORONTO,OTTAWA,2025-12-02,0,Toronto,TRTO,2025-12-02T15:38:00Z,2025-12-02T15:38:00Z,ARR,goo,0.0
40,True,True,TORONTO,OTTAWA,2025-12-02,1,Belleville,BLVL,2025-12-02T17:20:29Z,2025-12-02T17:09:00Z,ARR,med,11.0
40,True,True,TORONTO,OTTAWA,2025-12-02,2,Kingston,KGON,2025-12-02T18:02:37Z,2025-12-02T17:48:00Z,ARR,med,14.0
40,True,True,TORONTO,OTTAWA,2025-12-02,3,Fallowfield,FALL,2025-12-02T19:55:22Z,2025-12-02T19:38:00Z,ARR,med,17.0
40,True,True,TORONTO,OTTAWA,2025-12-02,4,Ottawa,OTTW,2025-12-02T20:19:33Z,2025-12-02T20:02:00Z,ARR,med,17.0
35,True,True,QUÉBEC,OTTAWA,2025-12-02,0,Québec,QBEC,2025-12-02T13:06:07Z,2025-12-02T13:06:00Z,ARR,goo,0.0
35,True,True,QUÉBEC,OTTAWA,2025-12-02,1,Ste-Foy,SFOY,2025-12-02T13:33:37Z,2025-12-02T13:31:00Z,ARR,goo,2.0
35,True,True,QUÉBEC,OTTAWA,2025-12-02,2,Charny,CHNY,2025-12-02T13:44:47Z,2025-12-02T13:40:00Z,ARR,goo,4.0
35,True,True,QUÉBEC,OTTAWA,2025-12-02,3,Drummondville,DRMV,2025-12-02T15:17:21Z,2025-12-02T15:14:00Z,ARR,goo,3.0
35,True,True,QUÉBEC,OTTAWA,2025-12-02,4,St. Hyacinthe,SHYA,2025-12-02T15:52:00Z,2025-12-02T15:44:00Z,ARR,med,8.0
35,True,True,QUÉBEC,OTTAWA,2025-12-02,5,St. Lambert,SLAM,2025-12-02T16:29:56Z,2025-12-02T16:11:00Z,ARR,med,18.0
35,True,True,QUÉBEC,OTTAWA,2025-12-02,6,Montréal,MTRL,2025-12-02T16:50:26Z,2025-12-02T16:26:00Z,ARR,bad,24.0
35,True,True,QUÉBEC,OTTAWA,2025-12-02,7,Dorval,DORV,2025-12-02T17:39:40Z,2025-12-02T17:18:00Z,ARR,bad,21.0
35,True,True,QUÉBEC,OTTAWA,2025-12-02,8,Coteau,COTO,2025-12-02T18:10:49Z,2025-12-02T17:46:00Z,ARR,bad,24.0
35,True,True,QUÉBEC,OTTAWA,2025-12-02,9,Alexandria,ALEX,2025-12-02T18:32:37Z,2025-12-02T18:08:00Z,ARR,bad,24.0
35,True,True,QUÉBEC,OTTAWA,2025-12-02,10,Casselman,CSLM,2025-12-02T18:54:01Z,2025-12-02T18:31:00Z,ARR,bad,23.0
35,True,True,QUÉBEC,OTTAWA,2025-12-02,11,Ottawa,OTTW,2025-12-02T19:19:18Z,2025-12-02T18:58:00Z,ARR,bad,21.0
31,True,True,MONTRÉAL,OTTAWA,2025-12-02,0,Montréal,MTRL,2025-12-02T11:20:00Z,2025-12-02T11:20:00Z,ARR,goo,0.0
31,True,True,MONTRÉAL,OTTAWA,2025-12-02,1,Dorval,DORV,2025-12-02T11:45:14Z,2025-12-02T11:44:00Z,ARR,goo,1.0
31,True,True,MONTRÉAL,OTTAWA,2025-12-02,2,Alexandria,ALEX,2025-12-02T12:37:47Z,2025-12-02T12:36:00Z,ARR,goo,1.0
31,True,True,MONTRÉAL,OTTAWA,2025-12-02,3,Casselman,CSLM,2025-12-02T13:00:12Z,2025-12-02T12:59:00Z,ARR,goo,1.0
31,True,True,MONTRÉAL,OTTAWA,2025-12-02,4,Ottawa,OTTW,2025-12-02T13:25:06Z,2025-12-02T13:25:00Z,ARR,goo,0.0
44,True,True,TORONTO,OTTAWA,2025-12-02,0,Toronto,TRTO,2025-12-02T19:28:24Z,2025-12-02T19:23:00Z,ARR,goo,5.0
44,True,True,TORONTO,OTTAWA,2025-12-02,1,Oshawa,OSHA,2025-12-02T19:59:51Z,2025-12-02T19:54:00Z,ARR,goo,5.0
44,True,True,TORONTO,OTTAWA,2025-12-02,2,Kingston,KGON,2025-12-02T21:54:03Z,2025-12-02T21:32:00Z,ARR,bad,22.0
44,True,True,TORONTO,OTTAWA,2025-12-02,3,Brockville,BRKV,2025-12-02T22:54:39Z,2025-12-02T22:19:00Z,ARR,bad,35.0
44,True,True,TORONTO,OTTAWA,2025-12-02,4,Smiths Falls,SMTF,2025-12-02T23:25:06Z,2025-12-02T22:50:00Z,ARR,bad,35.0
44,True,True,TORONTO,OTTAWA,2025-12-02,5,Fallowfield,FALL,2025-12-02T23:58:07Z,2025-12-02T23:22:00Z,ARR,bad,36.0
44,True,True,TORONTO,OTTAWA,2025-12-02,6,Ottawa,OTTW,2025-12-03T00:16:19Z,2025-12-02T23:43:00Z,ARR,bad,33.0
645,True,True,OTTAWA,TORONTO,2025-12-02,0,Ottawa,OTTW,2025-12-02T19:34:23Z,2025-12-02T19:29:00Z,ARR,goo,5.0
645,True,True,OTTAWA,TORONTO,2025-12-02,1,Fallowfield,FALL,2025-12-02T19:52:00Z,2025-12-02T19:49:00Z,ARR,goo,3.0
645,True,True,OTTAWA,TORONTO,2025-12-02,2,Kingston,KGON,2025-12-02T21:30:12Z,2025-12-02T21:34:00Z,ARR,goo,-3.0
645,True,True,OTTAWA,TORONTO,2025-12-02,3,Belleville,BLVL,2025-12-02T22:22:58Z,2025-12-02T22:15:00Z,ARR,med,7.0
645,True,True,OTTAWA,TORONTO,2025-12-02,4,Oshawa,OSHA,2025-12-02T23:28:22Z,2025-12-02T23:20:00Z,ARR,med,8.0
645,True,True,OTTAWA,TORONTO,2025-12-02,5,Toronto,TRTO,2025-12-03T00:19:27Z,2025-12-03T00:15:00Z,ARR,goo,4.0
39,True,True,QUÉBEC,OTTAWA,2025-12-02,0,Québec,QBEC,2025-12-02T19:57:00Z,2025-12-02T19:57:00Z,ARR,goo,0.0
39,True,True,QUÉBEC,OTTAWA,2025-12-02,1,Ste-Foy,SFOY,2025-12-02T20:22:10Z,2025-12-02T20:22:00Z,ARR,goo,0.0
39,True,True,QUÉBEC,OTTAWA,2025-12-02,2,Drummondville,DRMV,2025-12-02T21:52:04Z,2025-12-02T21:58:00Z,ARR,goo,-5.0
39,True,True,QUÉBEC,OTTAWA,2025-12-02,3,St. Lambert,SLAM,2025-12-02T22:50:13Z,2025-12-02T22:57:00Z,ARR,goo,-6.0
39,True,True,QUÉBEC,OTTAWA,2025-12-02,4,Montréal,MTRL,2025-12-02T23:05:07Z,2025-12-02T23:11:00Z,ARR,goo,-5.0
39,True,True,QUÉBEC,OTTAWA,2025-12-02,5,Dorval,DORV,2025-12-03T00:13:54Z,2025-12-03T00:14:00Z,ARR,goo,0.0
39,True,True,QUÉBEC,OTTAWA,2025-12-02,6,Coteau,COTO,2025-12-03T00:44:19Z,2025-12-03T00:43:00Z,ARR,goo,1.0
39,True,True,QUÉBEC,OTTAWA,2025-12-02,7,Alexandria,ALEX,2025-12-03T01:05:50Z,2025-12-03T01:06:00Z,ARR,goo,0.0
39,True,True,QUÉBEC,OTTAWA,2025-12-02,8,Ottawa,OTTW,2025-12-03T01:48:12Z,2025-12-03T01:51:00Z,ARR,goo,-2.0
26,True,True,OTTAWA,QUÉBEC,2025-12-02,0,Ottawa,OTTW,2025-12-02T19:26:26Z,2025-12-02T19:17:00Z,ARR,med,9.0
26,True,True,OTTAWA,QUÉBEC,2025-12-02,1,Alexandria,ALEX,2025-12-02T20:09:48Z,2025-12-02T20:03:00Z,ARR,med,6.0
26,True,True,OTTAWA,QUÉBEC,2025-12-02,2,Coteau,COTO,2025-12-02T20:30:47Z,2025-12-02T20:26:00Z,ARR,goo,4.0
26,True,True,OTTAWA,QUÉBEC,2025-12-02,3,Dorval,DORV,2025-12-02T20:53:21Z,2025-12-02T20:49:00Z,ARR,goo,4.0
26,True,True,OTTAWA,QUÉBEC,2025-12-02,4,Montréal,MTRL,2025-12-02T21:18:30Z,2025-12-02T21:15:00Z,ARR,goo,3.0
26,True,True,OTTAWA,QUÉBEC,2025-12-02,5,St. Lambert,SLAM,2025-12-02T22:04:09Z,2025-12-02T21:53:00Z,ARR,med,11.0
26,True,True,OTTAWA,QUÉBEC,2025-12-02,6,St. Hyacinthe,SHYA,2025-12-02T22:34:39Z,2025-12-02T22:20:00Z,ARR,med,14.0
26,True,True,OTTAWA,QUÉBEC,2025-12-02,7,Drummondville,DRMV,2025-12-02T23:08:41Z,2025-12-02T23:05:00Z,ARR,goo,3.0
26,True,True,OTTAWA,QUÉBEC,2025-12-02,8,Charny,CHNY,2025-12-03T00:27:07Z,2025-12-03T00:44:00Z,ARR,goo,-16.0
26,True,True,OTTAWA,QUÉBEC,2025-12-02,9,Ste-Foy,SFOY,2025-12-03T00:35:39Z,2025-12-03T00:52:00Z,ARR,goo,-16.0
26,True,True,OTTAWA,QUÉBEC,2025-12-02,10,Québec,QBEC,2025-12-03T01:05:26Z,2025-12-03T01:19:00Z,ARR,goo,-13.0
66,True,True,TORONTO,MONTRÉAL,2025-12-02,0,Toronto,TRTO,2025-12-02T20:23:56Z,2025-12-02T20:23:00Z,ARR,goo,0.0
66,True,True,TORONTO,MONTRÉAL,2025-12-02,1,Guildwood,GUIL,2025-12-02T20:46:21Z,2025-12-02T20:40:00Z,ARR,med,6.0
66,True,True,TORONTO,MONTRÉAL,2025-12-02,2,Oshawa,OSHA,2025-12-02T21:04:21Z,2025-12-02T20:54:00Z,ARR,med,10.0
66,True,True,TORONTO,MONTRÉAL,2025-12-02,3,Belleville,BLVL,2025-12-02T22:08:51Z,2025-12-02T22:00:00Z,ARR,med,8.0
66,True,True,TORONTO,MONTRÉAL,2025-12-02,4,Kingston,KGON,2025-12-02T22:46:51Z,2025-12-02T22:40:00Z,ARR,med,6.0
66,True,True,TORONTO,MONTRÉAL,2025-12-02,5,Cornwall,CWLL,2025-12-03T00:59:30Z,2025-12-03T00:07:00Z,ARR,bad,52.0
66,True,True,TORONTO,MONTRÉAL,2025-12-02,6,Dorval,DORV,2025-12-03T01:51:18Z,2025-12-03T00:58:00Z,ARR,bad,53.0
66,True,True,TORONTO,MONTRÉAL,2025-12-02,7,Montréal,MTRL,2025-12-03T02:19:34Z,2025-12-03T01:25:00Z,ARR,bad,54.0
46,True,True,TORONTO,OTTAWA,2025-12-02,0,Toronto,TRTO,2025-12-02T20:38:00Z,2025-12-02T20:38:00Z,ARR,goo,0.0
46,True,True,TORONTO,OTTAWA,2025-12-02,1,Oshawa,OSHA,2025-12-02T21:16:46Z,2025-12-02T21:09:00Z,ARR,med,7.0
46,True,True,TORONTO,OTTAWA,2025-12-02,2,Cobourg,CBRG,2025-12-02T21:53:53Z,2025-12-02T21:43:00Z,ARR,med,10.0
46,True,True,TORONTO,OTTAWA,2025-12-02,3,Kingston,KGON,2025-12-02T23:06:04Z,2025-12-02T22:54:00Z,ARR,med,12.0
46,True,True,TORONTO,OTTAWA,2025-12-02,4,Brockville,BRKV,2025-12-03T00:03:25Z,2025-12-02T23:40:00Z,ARR,bad,23.0
46,True,True,TORONTO,OTTAWA,2025-12-02,5,Fallowfield,FALL,2025-12-03T00:57:49Z,2025-12-03T00:40:00Z,ARR,med,17.0
46,True,True,TORONTO,OTTAWA,2025-12-02,6,Ottawa,OTTW,2025-12-03T01:17:03Z,2025-12-03T01:00:00Z,ARR,med,17.0
28,True,True,OTTAWA,QUÉBEC,2025-12-02,0,Ottawa,OTTW,2025-12-02T21:05:00Z,2025-12-02T21:05:00Z,ARR,goo,0.0
28,True,True,OTTAWA,QUÉBEC,2025-12-02,1,Casselman,CSLM,2025-12-02T21:30:39Z,2025-12-02T21:31:00Z,ARR,goo,0.0
28,True,True,OTTAWA,QUÉBEC,2025-12-02,2,Alexandria,ALEX,2025-12-02T21:52:43Z,2025-12-02T21:53:00Z,ARR,goo,0.0
28,True,True,OTTAWA,QUÉBEC,2025-12-02,3,Coteau,COTO,2025-12-02T22:16:08Z,2025-12-02T22:15:00Z,ARR,goo,1.0
28,True,True,OTTAWA,QUÉBEC,2025-12-02,4,Dorval,DORV,2025-12-02T22:44:35Z,2025-12-02T22:38:00Z,ARR,med,6.0
28,True,True,OTTAWA,QUÉBEC,2025-12-02,5,Montréal,MTRL,2025-12-02T23:09:33Z,2025-12-02T23:04:00Z,ARR,goo,5.0
28,True,True,OTTAWA,QUÉBEC,2025-12-02,6,St. Lambert,SLAM,2025-12-02T23:55:17Z,2025-12-02T23:38:00Z,ARR,med,17.0
28,True,True,OTTAWA,QUÉBEC,2025-12-02,7,St. Hyacinthe,SHYA,2025-12-03T00:24:18Z,2025-12-03T00:06:00Z,ARR,med,18.0
28,True,True,OTTAWA,QUÉBEC,2025-12-02,8,Drummondville,DRMV,2025-12-03T01:00:50Z,2025-12-03T00:52:00Z,ARR,med,8.0
28,True,True,OTTAWA,QUÉBEC,2025-12-02,9,Charny,CHNY,2025-12-03T02:23:40Z,2025-12-03T02:14:00Z,ARR,med,9.0
28,True,True,OTTAWA,QUÉBEC,2025-12-02,10,Ste-Foy,SFOY,2025-12-03T02:32:02Z,2025-12-03T02:21:00Z,ARR,med,11.0
28,True,True,OTTAWA,QUÉBEC,2025-12-02,11,Québec,QBEC,2025-12-03T03:01:30Z,2025-12-03T02:48:00Z,ARR,med,13.0
83,True,True,TORONTO,LONDON,2025-12-02,0,Toronto,TRTO,2025-12-02T21:15:00Z,2025-12-02T21:15:00Z,ARR,goo,0.0
83,True,True,TORONTO,LONDON,2025-12-02,1,Aldershot,ALDR,2025-12-02T21:56:51Z,2025-12-02T21:50:00Z,ARR,med,6.0
83,True,True,TORONTO,LONDON,2025-12-02,2,Brantford,BRTF,2025-12-02T22:29:49Z,2025-12-02T22:20:00Z,ARR,med,9.0
83,True,True,TORONTO,LONDON,2025-12-02,3,Woodstock,WDST,2025-12-02T23:02:07Z,2025-12-02T22:48:00Z,ARR,med,14.0
83,True,True,TORONTO,LONDON,2025-12-02,4,London,LNDN,2025-12-02T23:41:40Z,2025-12-02T23:27:00Z,ARR,med,14.0
69,True,True,MONTRÉAL,TORONTO,2025-12-02,0,Montréal,MTRL,2025-12-02T21:38:00Z,2025-12-02T21:38:00Z,ARR,goo,0.0
69,True,True,MONTRÉAL,TORONTO,2025-12-02,1,Dorval,DORV,2025-12-02T22:04:46Z,2025-12-02T22:04:00Z,ARR,goo,0.0
69,True,True,MONTRÉAL,TORONTO,2025-12-02,2,Cornwall,CWLL,2025-12-02T22:55:41Z,2025-12-02T22:53:00Z,ARR,goo,2.0
69,True,True,MONTRÉAL,TORONTO,2025-12-02,3,Brockville,BRKV,2025-12-03T00:08:44Z,2025-12-02T23:40:00Z,ARR,bad,28.0
69,True,True,MONTRÉAL,TORONTO,2025-12-02,4,Kingston,KGON,2025-12-03T00:59:43Z,2025-12-03T00:24:00Z,ARR,bad,35.0
69,True,True,MONTRÉAL,TORONTO,2025-12-02,5,Oshawa,OSHA,2025-12-03T02:42:11Z,2025-12-03T02:05:00Z,ARR,bad,37.0
69,True,True,MONTRÉAL,TORONTO,2025-12-02,6,Guildwood,GUIL,2025-12-03T03:03:27Z,2025-12-03T02:28:00Z,ARR,bad,35.0
69,True,True,MONTRÉAL,TORONTO,2025-12-02,7,Toronto,TRTO,2025-12-03T03:26:34Z,2025-12-03T02:48:00Z,ARR,bad,38.0
68,True,True,TORONTO,MONTRÉAL,2025-12-02,0,Toronto,TRTO,2025-12-02T22:08:11Z,2025-12-02T22:08:00Z,ARR,goo,0.0
68,True,True,TORONTO,MONTRÉAL,2025-12-02,1,Oshawa,OSHA,2025-12-02T22:49:04Z,2025-12-02T22:39:00Z,ARR,med,10.0
68,True,True,TORONTO,MONTRÉAL,2025-12-02,2,Cobourg,CBRG,2025-12-02T23:22:44Z,2025-12-02T23:14:00Z,ARR,med,8.0
68,True,True,TORONTO,MONTRÉAL,2025-12-02,3,Belleville,BLVL,2025-12-02T23:56:24Z,2025-12-02T23:49:00Z,ARR,med,7.0
68,True,True,TORONTO,MONTRÉAL,2025-12-02,4,Kingston,KGON,2025-12-03T00:34:05Z,2025-12-03T00:26:00Z,ARR,med,8.0
68,True,True,TORONTO,MONTRÉAL,2025-12-02,5,Brockville,BRKV,2025-12-03T01:22:49Z,2025-12-03T01:11:00Z,ARR,med,11.0
68,True,True,TORONTO,MONTRÉAL,2025-12-02,6,Cornwall,CWLL,2025-12-03T02:07:50Z,2025-12-03T01:57:00Z,ARR,med,10.0
68,True,True,TORONTO,MONTRÉAL,2025-12-02,7,Dorval,DORV,2025-12-03T02:58:36Z,2025-12-03T02:47:00Z,ARR,med,11.0
68,True,True,TORONTO,MONTRÉAL,2025-12-02,8,Montréal,MTRL,2025-12-03T03:26:02Z,2025-12-03T03:14:00Z,ARR,med,12.0
75,True,True,TORONTO,WINDSOR,2025-12-02,0,Toronto,TRTO,2025-12-02T22:28:00Z,2025-12-02T22:22:00Z,ARR,med,6.0
75,True,True,TORONTO,WINDSOR,2025-12-02,1,Oakville,OAKV,2025-12-02T22:52:22Z,2025-12-02T22:45:00Z,ARR,med,7.0
75,True,True,TORONTO,WINDSOR,2025-12-02,2,Aldershot,ALDR,2025-12-02T23:08:24Z,2025-12-02T23:01:00Z,ARR,med,7.0
75,True,True,TORONTO,WINDSOR,2025-12-02,3,Brantford,BRTF,2025-12-02T23:39:04Z,2025-12-02T23:33:00Z,ARR,med,6.0
75,True,True,TORONTO,WINDSOR,2025-12-02,4,Woodstock,WDST,2025-12-03T00:06:47Z,2025-12-03T00:04:00Z,ARR,goo,2.0
75,True,True,TORONTO,WINDSOR,2025-12-02,5,Ingersoll,INGR,2025-12-03T00:18:35Z,2025-12-03T00:19:00Z,ARR,goo,0.0
75,True,True,TORONTO,WINDSOR,2025-12-02,6,London,LNDN,2025-12-03T00:53:33Z,2025-12-03T00:47:00Z,ARR,med,6.0
75,True,True,TORONTO,WINDSOR,2025-12-02,7,Glencoe,GLNC,2025-12-03T01:26:07Z,2025-12-03T01:21:00Z,ARR,goo,5.0
75,True,True,TORONTO,WINDSOR,2025-12-02,8,Chatham,CHAT,2025-12-03T02:07:44Z,2025-12-03T01:55:00Z,ARR,med,12.0
75,True,True,TORONTO,WINDSOR,2025-12-02,9,Windsor,WDON,2025-12-03T02:51:23Z,2025-12-03T02:50:00Z,ARR,goo,1.0
87,True,True,TORONTO,SARNIA,2025-12-02,0,Toronto,TRTO,2025-12-02T22:41:06Z,2025-12-02T22:40:00Z,ARR,goo,1.0
87,True,True,TORONTO,SARNIA,2025-12-02,1,Malton,MALT,2025-12-02T23:06:48Z,2025-12-02T23:00:00Z,ARR,med,6.0
87,True,True,TORONTO,SARNIA,2025-12-02,2,Brampton,BRMP,2025-12-02T23:19:11Z,2025-12-02T23:12:00Z,ARR,med,7.0
87,True,True,TORONTO,SARNIA,2025-12-02,3,Georgetown,GEOR,2025-12-02T23:33:40Z,2025-12-02T23:24:00Z,ARR,med,9.0
87,True,True,TORONTO,SARNIA,2025-12-02,4,Guelph,GUEL,2025-12-03T00:07:55Z,2025-12-02T23:49:00Z,ARR,med,18.0
87,True,True,TORONTO,SARNIA,2025-12-02,5,Kitchener,KITC,2025-12-03T00:32:19Z,2025-12-03T00:16:00Z,ARR,med,16.0
87,True,True,TORONTO,SARNIA,2025-12-02,6,Stratford,STRF,2025-12-03T01:21:05Z,2025-12-03T00:57:00Z,ARR,bad,24.0
87,True,True,TORONTO,SARNIA,2025-12-02,7,St.Marys,SMYS,2025-12-03T01:51:19Z,2025-12-03T01:25:00Z,ARR,bad,26.0
87,True,True,TORONTO,SARNIA,2025-12-02,8,London,LNDN,2025-12-03T02:44:47Z,2025-12-03T02:13:00Z,ARR,bad,31.0
87,True,True,TORONTO,SARNIA,2025-12-02,9,Strathroy,STRR,2025-12-03T03:09:46Z,2025-12-03T02:39:00Z,ARR,bad,30.0
87,True,True,TORONTO,SARNIA,2025-12-02,10,Wyoming,WYOM,2025-12-03T03:38:01Z,2025-12-03T03:07:00Z,ARR,bad,31.0
87,True,True,TORONTO,SARNIA,2025-12-02,11,Sarnia,SARN,2025-12-03T03:54:55Z,2025-12-03T03:24:00Z,ARR,bad,30.0
29,True,True,QUÉBEC,MONTRÉAL,2025-12-02,0,Québec,QBEC,2025-12-02T22:41:00Z,2025-12-02T22:41:00Z,ARR,goo,0.0
29,True,True,QUÉBEC,MONTRÉAL,2025-12-02,1,Ste-Foy,SFOY,2025-12-02T23:07:23Z,2025-12-02T23:06:00Z,ARR,goo,1.0
29,True,True,QUÉBEC,MONTRÉAL,2025-12-02,2,Drummondville,DRMV,2025-12-03T00:45:50Z,2025-12-03T00:42:00Z,ARR,goo,3.0
29,True,True,QUÉBEC,MONTRÉAL,2025-12-02,3,St. Hyacinthe,SHYA,2025-12-03T01:16:25Z,2025-12-03T01:18:00Z,ARR,goo,-1.0
29,True,True,QUÉBEC,MONTRÉAL,2025-12-02,4,St. Lambert,SLAM,2025-12-03T01:46:04Z,2025-12-03T01:45:00Z,ARR,goo,1.0
29,True,True,QUÉBEC,MONTRÉAL,2025-12-02,5,Montréal,MTRL,2025-12-03T02:02:44Z,2025-12-03T02:00:00Z,ARR,goo,2.0
98,True,True,NIAGARA FALLS,TORONTO,2025-12-02,0,Niagara Falls,NIAG,2025-12-02T22:45:00Z,2025-12-02T22:45:00Z,ARR,goo,0.0
98,True,True,NIAGARA FALLS,TORONTO,2025-12-02,1,St. Catharines,SCAT,2025-12-02T23:06:00Z,2025-12-02T23:06:00Z,ARR,goo,0.0
98,True,True,NIAGARA FALLS,TORONTO,2025-12-02,2,Grimsby,GRIM,2025-12-02T23:26:00Z,2025-12-02T23:26:00Z,ARR,goo,0.0
98,True,True,NIAGARA FALLS,TORONTO,2025-12-02,3,Aldershot,ALDR,2025-12-03T00:04:00Z,2025-12-03T00:02:00Z,ARR,goo,2.0
98,True,True,NIAGARA FALLS,TORONTO,2025-12-02,4,Oakville,OAKV,2025-12-03T00:18:00Z,2025-12-03T00:16:00Z,ARR,goo,2.0
98,True,True,NIAGARA FALLS,TORONTO,2025-12-02,5,Toronto,TRTO,2025-12-03T00:54:00Z,2025-12-03T00:43:00Z,ARR,med,11.0
38,True,True,OTTAWA,MONTRÉAL,2025-12-02,0,Ottawa,OTTW,2025-12-02T22:55:00Z,2025-12-02T22:55:00Z,ARR,goo,0.0
38,True,True,OTTAWA,MONTRÉAL,2025-12-02,1,Casselman,CSLM,2025-12-02T23:25:18Z,2025-12-02T23:26:00Z,ARR,goo,0.0
38,True,True,OTTAWA,MONTRÉAL,2025-12-02,2,Alexandria,ALEX,2025-12-02T23:44:03Z,2025-12-02T23:49:00Z,ARR,goo,-4.0
38,True,True,OTTAWA,MONTRÉAL,2025-12-02,3,Dorval,DORV,2025-12-03T00:30:32Z,2025-12-03T00:33:00Z,ARR,goo,-2.0
38,True,True,OTTAWA,MONTRÉAL,2025-12-02,4,Montréal,MTRL,2025-12-03T00:57:20Z,2025-12-03T00:57:00Z,ARR,goo,0.0
54,True,False,TORONTO,OTTAWA,2025-12-02,0,Toronto,TRTO,2025-12-02T22:46:50Z,2025-12-02T22:38:00Z,ARR,med,8.0
54,True,False,TORONTO,OTTAWA,2025-12-02,1,Guildwood,GUIL,2025-12-02T23:11:45Z,2025-12-02T22:55:00Z,ARR,med,16.0
54,True,False,TORONTO,OTTAWA,2025-12-02,2,Oshawa,OSHA,2025-12-02T23:34:42Z,2025-12-02T23:08:00Z,ARR,bad,26.0
54,True,False,TORONTO,OTTAWA,2025-12-02,3,Port Hope,PHOP,2025-12-03T00:05:55Z,2025-12-02T23:37:00Z,ARR,bad,28.0
54,True,False,TORONTO,OTTAWA,2025-12-02,4,Cobourg,CBRG,2025-12-03T00:17:06Z,2025-12-02T23:46:00Z,ARR,bad,31.0
54,True,False,TORONTO,OTTAWA,2025-12-02,5,Trenton Jct.,TRNJ,2025-12-03T00:46:15Z,2025-12-03T00:13:01Z,ARR,bad,33.0
54,True,False,TORONTO,OTTAWA,2025-12-02,6,Belleville,BLVL,2025-12-03T01:00:46Z,2025-12-03T00:27:00Z,ARR,bad,33.0
54,True,False,TORONTO,OTTAWA,2025-12-02,7,Napanee,NAPN,2025-12-03T01:28:27Z,2025-12-03T00:48:00Z,ARR,bad,40.0
54,True,False,TORONTO,OTTAWA,2025-12-02,8,Kingston,KGON,2025-12-03T01:52:27Z,2025-12-03T01:09:00Z,ARR,bad,43.0
54,True,False,TORONTO,OTTAWA,2025-12-02,9,Brockville,BRKV,2025-12-03T02:46:48Z,2025-12-03T01:54:00Z,ARR,bad,52.0
54,True,False,TORONTO,OTTAWA,2025-12-02,10,Smiths Falls,SMTF,2025-12-03T03:16:16Z,2025-12-03T02:25:00Z,ARR,bad,51.0
54,True,False,TORONTO,OTTAWA,2025-12-02,11,Fallowfield,FALL,2025-12-03T03:44:04Z,2025-12-03T02:52:00Z,ARR,bad,52.0
54,True,False,TORONTO,OTTAWA,2025-12-02,12,Ottawa,OTTW,2025-12-03T04:02:46Z,2025-12-03T03:13:00Z,3 mins,bad,49.0
59,True,False,OTTAWA,TORONTO,2025-12-02,0,Ottawa,OTTW,2025-12-02T23:04:36Z,2025-12-02T23:03:00Z,ARR,goo,1.0
59,True,False,OTTAWA,TORONTO,2025-12-02,1,Fallowfield,FALL,2025-12-02T23:21:16Z,2025-12-02T23:20:00Z,ARR,goo,1.0
59,True,False,OTTAWA,TORONTO,2025-12-02,2,Smiths Falls,SMTF,2025-12-02T23:54:33Z,2025-12-02T23:51:00Z,ARR,goo,3.0
59,True,False,OTTAWA,TORONTO,2025-12-02,3,Brockville,BRKV,2025-12-03T00:32:47Z,2025-12-03T00:25:00Z,ARR,med,7.0
59,True,False,OTTAWA,TORONTO,2025-12-02,4,Kingston,KGON,2025-12-03T01:31:33Z,2025-12-03T01:10:00Z,ARR,bad,21.0
59,True,False,OTTAWA,TORONTO,2025-12-02,5,Belleville,BLVL,2025-12-03T02:13:47Z,2025-12-03T01:51:00Z,ARR,bad,22.0
59,True,False,OTTAWA,TORONTO,2025-12-02,6,Trenton Jct.,TRNJ,2025-12-03T02:30:51Z,2025-12-03T02:05:00Z,ARR,bad,25.0
59,True,False,OTTAWA,TORONTO,2025-12-02,7,Cobourg,CBRG,2025-12-03T02:58:53Z,2025-12-03T02:31:00Z,ARR,bad,27.0
59,True,False,OTTAWA,TORONTO,2025-12-02,8,Oshawa,OSHA,2025-12-03T03:40:57Z,2025-12-03T03:05:00Z,ARR,bad,35.0
59,True,False,OTTAWA,TORONTO,2025-12-02,9,Guildwood,GUIL,2025-12-03T04:05:37Z,2025-12-03T03:28:00Z,6 mins,bad,37.0
59,True,False,OTTAWA,TORONTO,2025-12-02,10,Toronto,TRTO,2025-12-03T04:25:37Z,2025-12-03T03:48:00Z,26 mins,bad,37.0
668,True,False,TORONTO,MONTRÉAL,2025-12-02,0,Toronto,TRTO,2025-12-02T23:08:00Z,2025-12-02T23:08:00Z,ARR,goo,0.0
668,True,False,TORONTO,MONTRÉAL,2025-12-02,1,Guildwood,GUIL,2025-12-02T23:25:13Z,2025-12-02T23:25:00Z,ARR,goo,0.0
668,True,False,TORONTO,MONTRÉAL,2025-12-02,2,Oshawa,OSHA,2025-12-02T23:45:02Z,2025-12-02T23:39:00Z,ARR,med,6.0
668,True,False,TORONTO,MONTRÉAL,2025-12-02,3,Kingston,KGON,2025-12-03T01:42:23Z,2025-12-03T01:22:00Z,ARR,bad,20.0
668,True,False,TORONTO,MONTRÉAL,2025-12-02,4,Cornwall,CWLL,2025-12-03T03:18:18Z,2025-12-03T02:49:00Z,ARR,bad,29.0
668,True,False,TORONTO,MONTRÉAL,2025-12-02,5,Dorval,DORV,2025-12-03T04:09:45Z,2025-12-03T03:38:00Z,10 mins,bad,31.0
668,True,False,TORONTO,MONTRÉAL,2025-12-02,6,Montréal,MTRL,2025-12-03T04:35:45Z,2025-12-03T04:04:00Z,36 mins,bad,31.0
669,True,False,MONTRÉAL,TORONTO,2025-12-02,0,Montréal,MTRL,2025-12-02T23:09:00Z,2025-12-02T23:09:00Z,ARR,goo,0.0
669,True,False,MONTRÉAL,TORONTO,2025-12-02,1,Dorval,DORV,2025-12-02T23:34:29Z,2025-12-02T23:34:00Z,ARR,goo,0.0
669,True,False,MONTRÉAL,TORONTO,2025-12-02,2,Cornwall,CWLL,2025-12-03T00:27:29Z,2025-12-03T00:26:00Z,ARR,goo,1.0
669,True,False,MONTRÉAL,TORONTO,2025-12-02,3,Kingston,KGON,2025-12-03T01:58:59Z,2025-12-03T01:52:00Z,ARR,med,6.0
669,True,False,MONTRÉAL,TORONTO,2025-12-02,4,Oshawa,OSHA,2025-12-03T03:51:36Z,2025-12-03T03:35:00Z,ARR,med,16.0
669,True,False,MONTRÉAL,TORONTO,2025-12-02,5,Toronto,TRTO,2025-12-03T04:33:01Z,2025-12-03T04:18:00Z,34 mins,med,15.0
78,True,True,WINDSOR,TORONTO,2025-12-02,0,Windsor,WDON,2025-12-02T22:40:00Z,2025-12-02T22:40:00Z,ARR,goo,0.0
78,True,True,WINDSOR,TORONTO,2025-12-02,1,Chatham,CHAT,2025-12-02T23:23:23Z,2025-12-02T23:24:00Z,ARR,goo,0.0
78,True,True,WINDSOR,TORONTO,2025-12-02,2,Glencoe,GLNC,2025-12-03T00:10:02Z,2025-12-02T23:59:00Z,ARR,med,11.0
78,True,True,WINDSOR,TORONTO,2025-12-02,3,London,LNDN,2025-12-03T00:42:26Z,2025-12-03T00:32:00Z,ARR,med,10.0
78,True,True,WINDSOR,TORONTO,2025-12-02,4,Ingersoll,INGR,2025-12-03T01:08:59Z,2025-12-03T00:57:00Z,ARR,med,11.0
78,True,True,WINDSOR,TORONTO,2025-12-02,5,Woodstock,WDST,2025-12-03T01:21:33Z,2025-12-03T01:08:00Z,ARR,med,13.0
78,True,True,WINDSOR,TORONTO,2025-12-02,6,Brantford,BRTF,2025-12-03T01:52:18Z,2025-12-03T01:39:00Z,ARR,med,13.0
78,True,True,WINDSOR,TORONTO,2025-12-02,7,Aldershot,ALDR,2025-12-03T02:23:04Z,2025-12-03T02:09:00Z,ARR,med,14.0
78,True,True,WINDSOR,TORONTO,2025-12-02,8,Oakville,OAKV,2025-12-03T02:37:14Z,2025-12-03T02:24:00Z,ARR,med,13.0
78,True,True,WINDSOR,TORONTO,2025-12-02,9,Toronto,TRTO,2025-12-03T03:18:10Z,2025-12-03T02:50:00Z,ARR,bad,28.0
48,True,False,TORONTO,OTTAWA,2025-12-02,0,Toronto,TRTO,2025-12-03T00:44:32Z,2025-12-02T23:38:00Z,ARR,bad,66.0
48,True,False,TORONTO,OTTAWA,2025-12-02,1,Oshawa,OSHA,2025-12-03T01:16:33Z,2025-12-03T00:08:00Z,ARR,bad,68.0
48,True,False,TORONTO,OTTAWA,2025-12-02,2,Port Hope,PHOP,2025-12-03T01:47:54Z,2025-12-03T00:36:00Z,ARR,bad,71.0
48,True,False,TORONTO,OTTAWA,2025-12-02,3,Cobourg,CBRG,2025-12-03T01:55:43Z,2025-12-03T00:45:00Z,ARR,bad,70.0
48,True,False,TORONTO,OTTAWA,2025-12-02,4,Trenton Jct.,TRNJ,2025-12-03T02:23:18Z,2025-12-03T01:12:01Z,ARR,bad,71.0
48,True,False,TORONTO,OTTAWA,2025-12-02,5,Belleville,BLVL,2025-12-03T02:37:12Z,2025-12-03T01:25:00Z,ARR,bad,72.0
48,True,False,TORONTO,OTTAWA,2025-12-02,6,Napanee,NAPN,2025-12-03T02:58:56Z,2025-12-03T01:46:00Z,ARR,bad,72.0
48,True,False,TORONTO,OTTAWA,2025-12-02,7,Kingston,KGON,2025-12-03T03:19:49Z,2025-12-03T02:06:00Z,ARR,bad,73.0
48,True,False,TORONTO,OTTAWA,2025-12-02,8,Gananoque,GANA,2025-12-03T03:44:42Z,2025-12-03T02:28:00Z,ARR,bad,76.0
48,True,False,TORONTO,OTTAWA,2025-12-02,9,Brockville,BRKV,2025-12-03T04:10:22Z,2025-12-03T02:53:00Z,11 mins,bad,77.0
48,True,False,TORONTO,OTTAWA,2025-12-02,10,Smiths Falls,SMTF,2025-12-03T04:41:22Z,2025-12-03T03:24:00Z,42 mins,bad,77.0
48,True,False,TORONTO,OTTAWA,2025-12-02,11,Fallowfield,FALL,2025-12-03T05:08:22Z,2025-12-03T03:51:00Z,1h09,bad,77.0
48,True,False,TORONTO,OTTAWA,2025-12-02,12,Ottawa,OTTW,2025-12-03T05:28:22Z,2025-12-03T04:11:00Z,1h29,bad,77.0
79,True,False,TORONTO,WINDSOR,2025-12-02,0,Toronto,TRTO,2025-12-03T00:45:20Z,2025-12-03T00:45:00Z,ARR,goo,0.0
79,True,False,TORONTO,WINDSOR,2025-12-02,1,Oakville,OAKV,2025-12-03T01:16:37Z,2025-12-03T01:07:00Z,ARR,med,9.0
79,True,False,TORONTO,WINDSOR,2025-12-02,2,Aldershot,ALDR,2025-12-03T01:31:54Z,2025-12-03T01:22:00Z,ARR,med,9.0
79,True,False,TORONTO,WINDSOR,2025-12-02,3,Brantford,BRTF,2025-12-03T02:06:03Z,2025-12-03T01:50:00Z,ARR,med,16.0
79,True,False,TORONTO,WINDSOR,2025-12-02,4,Woodstock,WDST,2025-12-03T02:34:17Z,2025-12-03T02:17:00Z,ARR,med,17.0
79,True,False,TORONTO,WINDSOR,2025-12-02,5,Ingersoll,INGR,2025-12-03T02:45:35Z,2025-12-03T02:30:00Z,ARR,med,15.0
79,True,False,TORONTO,WINDSOR,2025-12-02,6,London,LNDN,2025-12-03T03:05:15Z,2025-12-03T02:52:00Z,ARR,med,13.0
79,True,False,TORONTO,WINDSOR,2025-12-02,7,Glencoe,GLNC,2025-12-03T03:39:25Z,2025-12-03T03:25:00Z,ARR,med,14.0
79,True,False,TORONTO,WINDSOR,2025-12-02,8,Chatham,CHAT,2025-12-03T04:15:28Z,2025-12-03T03:57:00Z,16 mins,med,18.0
79,True,False,TORONTO,WINDSOR,2025-12-02,9,Windsor,WDON,2025-12-03T05:02:28Z,2025-12-03T04:44:00Z,1h03,med,18.0
690,False,False,GILLAM,THE PAS,2025-12-02,0,M'Clintock,MCLI,&mdash;,2025-12-03T04:54:00Z,&mdash;,,
690,False,False,GILLAM,THE PAS,2025-12-02,1,O'Day,ODAY,&mdash;,2025-12-03T05:39:00Z,&mdash;,,
690,False,False,GILLAM,THE PAS,2025-12-02,2,Herchmer,HERC,&mdash;,2025-12-03T06:18:00Z,&mdash;,,
690,False,False,GILLAM,THE PAS,2025-12-02,3,Thibaudeau,THIB,&mdash;,2025-12-03T07:44:00Z,&mdash;,,
690,False,False,GILLAM,THE PAS,2025-12-02,4,Weir River,WEIR,&mdash;,2025-12-03T08:46:00Z,&mdash;,,
690,False,False,GILLAM,THE PAS,2025-12-02,5,Amery,AMRY,&mdash;,2025-12-03T09:37:00Z,&mdash;,,
690,False,False,GILLAM,THE PAS,2025-12-02,6,Bird,BIRD,&mdash;,2025-12-03T10:00:00Z,&mdash;,,
690,False,False,GILLAM,THE PAS,2025-12-02,7,Gillam,GILL,&mdash;,2025-12-03T11:30:00Z,&mdash;,,
690,False,False,GILLAM,THE PAS,2025-12-02,8,Wivenhoe,WVHO,&mdash;,2025-12-03T12:16:00Z,&mdash;,,
690,False,False,GILLAM,THE PAS,2025-12-02,9,Ilford,ILFO,&mdash;,2025-12-03T12:53:00Z,&mdash;,,
690,False,False,GILLAM,THE PAS,2025-12-02,10,Pit Siding,PITS,&mdash;,2025-12-03T13:54:00Z,&mdash;,,
690,False,False,GILLAM,THE PAS,2025-12-02,11,Bridgar,BRGR,&mdash;,2025-12-03T15:16:00Z,&mdash;,,
690,False,False,GILLAM,THE PAS,2025-12-02,12,Pikwitonei,PIKW,&mdash;,2025-12-03T15:27:00Z,&mdash;,,
690,False,False,GILLAM,THE PAS,2025-12-02,13,Sipiwesk,SIPI,&mdash;,2025-12-03T15:54:00Z,&mdash;,,
690,False,False,GILLAM,THE PAS,2025-12-02,14,Thompson,THOM,&mdash;,2025-12-03T17:30:00Z,&mdash;,,
