train_id,departed,arrived,from,to,instance,stop_id,station,code,estimated,scheduled,eta,diff,diffMin
2 (04-25),True,True,VANCOUVER,TORONTO,2025-04-25,0,Vancouver,VCVR,2025-04-25T22:00:00Z,2025-04-25T22:00:00Z,ARR,goo,0.0
2 (04-25),True,True,VANCOUVER,TORONTO,2025-04-25,1,Mission Harbour,MSNH,2025-04-25T23:57:32Z,2025-04-25T23:35:00Z,ARR,bad,22.0
2 (04-25),True,True,VANCOUVER,TORONTO,2025-04-25,2,Agassiz,AGAS,2025-04-26T01:52:48Z,2025-04-26T00:03:00Z,ARR,bad,109.0
2 (04-25),True,True,VANCOUVER,TORONTO,2025-04-25,3,Katz,KATZ,2025-04-26T02:15:23Z,2025-04-26T00:17:00Z,ARR,bad,118.0
2 (04-25),True,True,VANCOUVER,TORONTO,2025-04-25,4,North Bend,NBND,2025-04-26T04:08:48Z,2025-04-26T02:46:00Z,ARR,bad,82.0
2 (04-25),True,True,VANCOUVER,TORONTO,2025-04-25,5,Ashcroft,ASHN,2025-04-26T07:32:35Z,2025-04-26T05:32:00Z,ARR,bad,120.0
2 (04-25),True,True,VANCOUVER,TORONTO,2025-04-25,6,Kamloops North,KAMN,2025-04-26T09:11:48Z,2025-04-26T07:17:00Z,ARR,bad,114.0
2 (04-25),True,True,VANCOUVER,TORONTO,2025-04-25,7,Clearwater,CLWT,2025-04-26T12:53:20Z,2025-04-26T09:58:00Z,ARR,bad,175.0
2 (04-25),True,True,VANCOUVER,TORONTO,2025-04-25,8,Blue River,BLUE,2025-04-26T14:50:20Z,2025-04-26T12:11:00Z,ARR,bad,159.0
2 (04-25),True,True,VANCOUVER,TORONTO,2025-04-25,9,Valemount,VLMT,2025-04-26T16:21:24Z,2025-04-26T14:01:00Z,ARR,bad,140.0
2 (04-25),True,True,VANCOUVER,TORONTO,2025-04-25,10,Jasper,JASP,2025-04-26T19:08:02Z,2025-04-26T17:00:00Z,ARR,bad,128.0
2 (04-25),True,True,VANCOUVER,TORONTO,2025-04-25,11,Hinton,HINT,2025-04-26T22:16:46Z,2025-04-26T19:45:00Z,ARR,bad,151.0
2 (04-25),True,True,VANCOUVER,TORONTO,2025-04-25,12,Edson,EDSN,2025-04-26T23:14:04Z,2025-04-26T21:19:00Z,ARR,bad,115.0
2 (04-25),True,True,VANCOUVER,TORONTO,2025-04-25,13,Evansburg,EVAN,2025-04-27T00:32:32Z,2025-04-26T22:28:00Z,ARR,bad,124.0
2 (04-25),True,True,VANCOUVER,TORONTO,2025-04-25,14,Edmonton,EDMO,2025-04-27T01:58:02Z,2025-04-27T00:50:00Z,ARR,bad,68.0
2 (04-25),True,True,VANCOUVER,TORONTO,2025-04-25,15,Viking,VKNG,2025-04-27T08:20:35Z,2025-04-27T03:53:00Z,ARR,bad,267.0
2 (04-25),True,True,VANCOUVER,TORONTO,2025-04-25,16,Wainwright,WAIN,2025-04-27T10:51:15Z,2025-04-27T06:14:00Z,ARR,bad,277.0
2 (04-25),True,True,VANCOUVER,TORONTO,2025-04-25,17,Unity,UNIT,2025-04-27T13:28:37Z,2025-04-27T07:47:00Z,ARR,bad,341.0
2 (04-25),True,True,VANCOUVER,TORONTO,2025-04-25,18,Biggar,BIGG,2025-04-27T14:35:18Z,2025-04-27T09:21:00Z,ARR,bad,314.0
2 (04-25),True,True,VANCOUVER,TORONTO,2025-04-25,19,Saskatoon,SASK,2025-04-27T16:05:23Z,2025-04-27T11:57:00Z,ARR,bad,248.0
2 (04-25),True,True,VANCOUVER,TORONTO,2025-04-25,20,Watrous,WATR,2025-04-27T19:00:03Z,2025-04-27T14:26:00Z,ARR,bad,274.0
2 (04-25),True,True,VANCOUVER,TORONTO,2025-04-25,21,Melville,MELV,2025-04-27T22:12:50Z,2025-04-27T18:47:00Z,ARR,bad,205.0
2 (04-25),True,True,VANCOUVER,TORONTO,2025-04-25,22,Rivers,RVRS,2025-04-28T01:54:05Z,2025-04-27T22:22:00Z,ARR,bad,212.0
2 (04-25),True,True,VANCOUVER,TORONTO,2025-04-25,23,Portage La Prairie,PLPX,2025-04-28T03:40:51Z,2025-04-28T00:15:00Z,ARR,bad,205.0
2 (04-25),True,True,VANCOUVER,TORONTO,2025-04-25,24,Winnipeg,WNPG,2025-04-28T04:53:05Z,2025-04-28T03:00:00Z,ARR,bad,113.0
2 (04-25),True,True,VANCOUVER,TORONTO,2025-04-25,25,Elma,ELMA,2025-04-28T09:20:32Z,2025-04-28T05:37:00Z,ARR,bad,223.0
2 (04-25),True,True,VANCOUVER,TORONTO,2025-04-25,26,Brereton Lake,BRTL,2025-04-28T09:47:55Z,2025-04-28T05:58:00Z,ARR,bad,229.0
2 (04-25),True,True,VANCOUVER,TORONTO,2025-04-25,27,Ophir,OPHR,2025-04-28T10:01:21Z,2025-04-28T06:16:00Z,ARR,bad,225.0
2 (04-25),True,True,VANCOUVER,TORONTO,2025-04-25,28,Winnitoba,WNTB,2025-04-28T10:13:42Z,2025-04-28T06:21:00Z,ARR,bad,232.0
2 (04-25),True,True,VANCOUVER,TORONTO,2025-04-25,29,Rice Lake,RCLK,2025-04-28T10:20:41Z,2025-04-28T06:35:00Z,ARR,bad,225.0
2 (04-25),True,True,VANCOUVER,TORONTO,2025-04-25,30,Copelands Landing,COPE,2025-04-28T10:24:25Z,2025-04-28T06:38:00Z,ARR,bad,226.0
2 (04-25),True,True,VANCOUVER,TORONTO,2025-04-25,31,Malachi,MLCH,2025-04-28T10:26:25Z,2025-04-28T06:40:00Z,ARR,bad,226.0
2 (04-25),True,True,VANCOUVER,TORONTO,2025-04-25,32,Ottermere,OTTM,2025-04-28T10:40:27Z,2025-04-28T06:46:00Z,ARR,bad,234.0
2 (04-25),True,True,VANCOUVER,TORONTO,2025-04-25,33,Minaki,MNKI,2025-04-28T11:02:04Z,2025-04-28T07:03:00Z,ARR,bad,239.0
2 (04-25),True,True,VANCOUVER,TORONTO,2025-04-25,34,Redditt,RDDT,2025-04-28T11:21:49Z,2025-04-28T07:29:00Z,ARR,bad,232.0
2 (04-25),True,True,VANCOUVER,TORONTO,2025-04-25,35,Farlane,FARL,2025-04-28T11:44:46Z,2025-04-28T07:46:00Z,ARR,bad,238.0
2 (04-25),True,True,VANCOUVER,TORONTO,2025-04-25,36,Canyon,CNYK,2025-04-28T12:15:30Z,2025-04-28T08:23:00Z,ARR,bad,232.0
2 (04-25),True,True,VANCOUVER,TORONTO,2025-04-25,37,Red Lake Road,RLRX,2025-04-28T12:39:21Z,2025-04-28T08:51:00Z,ARR,bad,228.0
2 (04-25),True,True,VANCOUVER,TORONTO,2025-04-25,38,Richan,RCHN,2025-04-28T13:09:21Z,2025-04-28T09:28:00Z,ARR,bad,221.0
2 (04-25),True,True,VANCOUVER,TORONTO,2025-04-25,39,Sioux Lookout,SLKT,2025-04-28T14:52:59Z,2025-04-28T11:01:00Z,ARR,bad,231.0
2 (04-25),True,True,VANCOUVER,TORONTO,2025-04-25,40,Savant Lake,SAVL,2025-04-28T16:34:30Z,2025-04-28T13:14:00Z,ARR,bad,200.0
2 (04-25),True,True,VANCOUVER,TORONTO,2025-04-25,41,Flindt Landing,FLTL,2025-04-28T16:51:30Z,2025-04-28T13:31:00Z,ARR,bad,200.0
2 (04-25),True,True,VANCOUVER,TORONTO,2025-04-25,42,Allanwater Bridge,ALWB,2025-04-28T17:06:30Z,2025-04-28T13:46:00Z,ARR,bad,200.0
2 (04-25),True,True,VANCOUVER,TORONTO,2025-04-25,43,Collins,COLL,2025-04-28T17:46:30Z,2025-04-28T14:26:00Z,ARR,bad,200.0
2 (04-25),True,True,VANCOUVER,TORONTO,2025-04-25,44,Armstrong,ARMG,2025-04-28T18:39:22Z,2025-04-28T14:57:00Z,ARR,bad,222.0
2 (04-25),True,True,VANCOUVER,TORONTO,2025-04-25,45,Mud River,MUDR,2025-04-28T19:18:32Z,2025-04-28T15:29:00Z,ARR,bad,229.0
2 (04-25),True,True,VANCOUVER,TORONTO,2025-04-25,46,Ferland,FERL,2025-04-28T19:26:32Z,2025-04-28T15:37:00Z,ARR,bad,229.0
2 (04-25),True,True,VANCOUVER,TORONTO,2025-04-25,47,Auden,AUDN,2025-04-28T20:03:32Z,2025-04-28T16:14:00Z,ARR,bad,229.0
2 (04-25),True,True,VANCOUVER,TORONTO,2025-04-25,48,Nakina,NAKI,2025-04-28T21:16:50Z,2025-04-28T17:20:00Z,ARR,bad,236.0
2 (04-25),True,True,VANCOUVER,TORONTO,2025-04-25,49,Longlac,LLAC,2025-04-28T21:58:25Z,2025-04-28T18:11:00Z,ARR,bad,227.0
2 (04-25),True,True,VANCOUVER,TORONTO,2025-04-25,50,Caramat,CARA,2025-04-28T22:30:17Z,2025-04-28T18:39:00Z,ARR,bad,231.0
2 (04-25),True,True,VANCOUVER,TORONTO,2025-04-25,51,Hillsport,HLSP,2025-04-28T23:16:01Z,2025-04-28T19:29:00Z,ARR,bad,227.0
2 (04-25),True,True,VANCOUVER,TORONTO,2025-04-25,52,Hornepayne,HNPN,2025-04-29T01:32:23Z,2025-04-28T21:44:00Z,ARR,bad,228.0
2 (04-25),True,True,VANCOUVER,TORONTO,2025-04-25,53,Oba,OBAX,2025-04-29T03:01:47Z,2025-04-28T23:30:00Z,ARR,bad,211.0
2 (04-25),True,True,VANCOUVER,TORONTO,2025-04-25,54,Elsas,ELSA,2025-04-29T04:35:47Z,2025-04-29T01:04:00Z,ARR,bad,211.0
2 (04-25),True,True,VANCOUVER,TORONTO,2025-04-25,55,Foleyet,FOLE,2025-04-29T05:23:31Z,2025-04-29T02:27:00Z,ARR,bad,176.0
2 (04-25),True,True,VANCOUVER,TORONTO,2025-04-25,56,Gogama,GOGA,2025-04-29T09:12:19Z,2025-04-29T04:02:00Z,ARR,bad,310.0
2 (04-25),True,True,VANCOUVER,TORONTO,2025-04-25,57,Westree,WSTR,2025-04-29T09:41:02Z,2025-04-29T04:35:00Z,ARR,bad,306.0
2 (04-25),True,True,VANCOUVER,TORONTO,2025-04-25,58,Ruel,RUEL,2025-04-29T09:56:10Z,2025-04-29T04:52:00Z,ARR,bad,304.0
2 (04-25),True,True,VANCOUVER,TORONTO,2025-04-25,59,Felix,FELX,2025-04-29T10:04:10Z,2025-04-29T05:00:00Z,ARR,bad,304.0
2 (04-25),True,True,VANCOUVER,TORONTO,2025-04-25,60,McKee's Camp,MCKC,2025-04-29T10:24:10Z,2025-04-29T05:20:00Z,ARR,bad,304.0
2 (04-25),True,True,VANCOUVER,TORONTO,2025-04-25,61,Laforest,LAFO,2025-04-29T10:37:10Z,2025-04-29T05:33:00Z,ARR,bad,304.0
2 (04-25),True,True,VANCOUVER,TORONTO,2025-04-25,62,Capreol,CAPR,2025-04-29T11:11:29Z,2025-04-29T07:47:00Z,ARR,bad,204.0
2 (04-25),True,True,VANCOUVER,TORONTO,2025-04-25,63,Sudbury (Jct.),SUDJ,2025-04-29T11:54:24Z,2025-04-29T08:49:00Z,ARR,bad,185.0
2 (04-25),True,True,VANCOUVER,TORONTO,2025-04-25,64,Parry Sound,PARS,2025-04-29T14:48:29Z,2025-04-29T12:00:00Z,ARR,bad,168.0
2 (04-25),True,True,VANCOUVER,TORONTO,2025-04-25,65,Washago,WSHG,2025-04-29T16:25:53Z,2025-04-29T14:00:00Z,ARR,bad,145.0
2 (04-25),True,True,VANCOUVER,TORONTO,2025-04-25,66,Toronto,TRTO,2025-04-29T19:11:21Z,2025-04-29T18:29:00Z,ARR,bad,42.0
1 (04-27),True,False,TORONTO,VANCOUVER,2025-04-27,0,Toronto,TRTO,2025-04-27T13:55:00Z,2025-04-27T13:55:00Z,ARR,goo,0.0
1 (04-27),True,False,TORONTO,VANCOUVER,2025-04-27,1,Washago,WSHG,2025-04-27T17:14:33Z,2025-04-27T16:25:00Z,ARR,bad,49.0
1 (04-27),True,False,TORONTO,VANCOUVER,2025-04-27,2,South Parry,SPAR,2025-04-27T19:00:35Z,2025-04-27T18:27:00Z,ARR,bad,33.0
1 (04-27),True,False,TORONTO,VANCOUVER,2025-04-27,3,Sudbury (Jct.),SUDJ,2025-04-27T21:59:24Z,2025-04-27T20:57:00Z,ARR,bad,62.0
1 (04-27),True,False,TORONTO,VANCOUVER,2025-04-27,4,Capreol,CAPR,2025-04-27T22:49:24Z,2025-04-27T21:22:00Z,ARR,bad,87.0
1 (04-27),True,False,TORONTO,VANCOUVER,2025-04-27,5,Laforest,LAFO,2025-04-28T00:02:55Z,2025-04-27T22:48:00Z,ARR,bad,74.0
1 (04-27),True,False,TORONTO,VANCOUVER,2025-04-27,6,McKee's Camp,MCKC,2025-04-28T00:15:55Z,2025-04-27T23:01:00Z,ARR,bad,74.0
1 (04-27),True,False,TORONTO,VANCOUVER,2025-04-27,7,Felix,FELX,2025-04-28T00:35:55Z,2025-04-27T23:21:00Z,ARR,bad,74.0
1 (04-27),True,False,TORONTO,VANCOUVER,2025-04-27,8,Ruel,RUEL,2025-04-28T00:42:55Z,2025-04-27T23:28:00Z,ARR,bad,74.0
1 (04-27),True,False,TORONTO,VANCOUVER,2025-04-27,9,Westree,WSTR,2025-04-28T01:04:15Z,2025-04-27T23:45:00Z,ARR,bad,79.0
1 (04-27),True,False,TORONTO,VANCOUVER,2025-04-27,10,Gogama,GOGA,2025-04-28T01:56:56Z,2025-04-28T00:18:00Z,ARR,bad,98.0
1 (04-27),True,False,TORONTO,VANCOUVER,2025-04-27,11,Foleyet,FOLE,2025-04-28T03:50:44Z,2025-04-28T02:44:00Z,ARR,bad,66.0
1 (04-27),True,False,TORONTO,VANCOUVER,2025-04-27,12,Elsas,ELSA,2025-04-28T04:49:36Z,2025-04-28T03:38:00Z,ARR,bad,71.0
1 (04-27),True,False,TORONTO,VANCOUVER,2025-04-27,13,Oba,OBAX,2025-04-28T06:49:36Z,2025-04-28T05:38:00Z,ARR,bad,71.0
1 (04-27),True,False,TORONTO,VANCOUVER,2025-04-27,14,Hornepayne,HNPN,2025-04-28T07:15:17Z,2025-04-28T06:29:00Z,ARR,bad,46.0
1 (04-27),True,False,TORONTO,VANCOUVER,2025-04-27,15,Hillsport,HLSP,2025-04-28T08:58:53Z,2025-04-28T08:05:00Z,ARR,bad,53.0
1 (04-27),True,False,TORONTO,VANCOUVER,2025-04-27,16,Caramat,CARA,2025-04-28T09:56:59Z,2025-04-28T08:55:00Z,ARR,bad,61.0
1 (04-27),True,False,TORONTO,VANCOUVER,2025-04-27,17,Longlac,LLAC,2025-04-28T10:19:54Z,2025-04-28T09:34:00Z,ARR,bad,45.0
1 (04-27),True,False,TORONTO,VANCOUVER,2025-04-27,18,Nakina,NAKI,2025-04-28T11:11:29Z,2025-04-28T10:13:00Z,ARR,bad,58.0
1 (04-27),True,False,TORONTO,VANCOUVER,2025-04-27,19,Auden,AUDN,2025-04-28T12:19:37Z,2025-04-28T11:19:00Z,ARR,bad,60.0
1 (04-27),True,False,TORONTO,VANCOUVER,2025-04-27,20,Ferland,FERL,2025-04-28T12:56:37Z,2025-04-28T11:56:00Z,ARR,bad,60.0
1 (04-27),True,False,TORONTO,VANCOUVER,2025-04-27,21,Mud River,MUDR,2025-04-28T13:05:37Z,2025-04-28T12:05:00Z,ARR,bad,60.0
1 (04-27),True,False,TORONTO,VANCOUVER,2025-04-27,22,Armstrong,ARMG,2025-04-28T13:57:10Z,2025-04-28T13:17:00Z,ARR,bad,40.0
1 (04-27),True,False,TORONTO,VANCOUVER,2025-04-27,23,Collins,COLL,2025-04-28T15:04:47Z,2025-04-28T13:47:00Z,ARR,bad,77.0
1 (04-27),True,False,TORONTO,VANCOUVER,2025-04-27,24,Allanwater Bridge,ALWB,2025-04-28T15:43:47Z,2025-04-28T14:26:00Z,ARR,bad,77.0
1 (04-27),True,False,TORONTO,VANCOUVER,2025-04-27,25,Flindt Landing,FLTL,2025-04-28T15:59:47Z,2025-04-28T14:42:00Z,ARR,bad,77.0
1 (04-27),True,False,TORONTO,VANCOUVER,2025-04-27,26,Savant Lake,SAVL,2025-04-28T16:16:47Z,2025-04-28T14:59:00Z,ARR,bad,77.0
1 (04-27),True,False,TORONTO,VANCOUVER,2025-04-27,27,Sioux Lookout,SLKT,2025-04-28T18:10:35Z,2025-04-28T16:25:00Z,ARR,bad,105.0
1 (04-27),True,False,TORONTO,VANCOUVER,2025-04-27,28,Richan,RCHN,2025-04-28T19:36:49Z,2025-04-28T18:05:00Z,ARR,bad,91.0
1 (04-27),True,False,TORONTO,VANCOUVER,2025-04-27,29,Red Lake Road,RLRX,2025-04-28T20:22:34Z,2025-04-28T18:41:00Z,ARR,bad,101.0
1 (04-27),True,False,TORONTO,VANCOUVER,2025-04-27,30,Canyon,CNYK,2025-04-28T20:46:08Z,2025-04-28T19:10:00Z,ARR,bad,96.0
1 (04-27),True,False,TORONTO,VANCOUVER,2025-04-27,31,Farlane,FARL,2025-04-28T21:17:49Z,2025-04-28T19:47:00Z,ARR,bad,90.0
1 (04-27),True,False,TORONTO,VANCOUVER,2025-04-27,32,Redditt,RDDT,2025-04-28T21:30:30Z,2025-04-28T20:23:00Z,ARR,bad,67.0
1 (04-27),True,False,TORONTO,VANCOUVER,2025-04-27,33,Minaki,MNKI,2025-04-28T21:58:12Z,2025-04-28T20:44:00Z,ARR,bad,74.0
1 (04-27),True,False,TORONTO,VANCOUVER,2025-04-27,34,Ottermere,OTTM,2025-04-28T22:16:05Z,2025-04-28T21:01:00Z,ARR,bad,75.0
1 (04-27),True,False,TORONTO,VANCOUVER,2025-04-27,35,Malachi,MLCH,2025-04-28T22:22:05Z,2025-04-28T21:07:00Z,ARR,bad,75.0
1 (04-27),True,False,TORONTO,VANCOUVER,2025-04-27,36,Copelands Landing,COPE,2025-04-28T22:24:05Z,2025-04-28T21:09:00Z,ARR,bad,75.0
1 (04-27),True,False,TORONTO,VANCOUVER,2025-04-27,37,Rice Lake,RCLK,2025-04-28T22:38:56Z,2025-04-28T21:12:00Z,ARR,bad,86.0
1 (04-27),True,False,TORONTO,VANCOUVER,2025-04-27,38,Winnitoba,WNTB,2025-04-28T22:46:20Z,2025-04-28T21:26:00Z,ARR,bad,80.0
1 (04-27),True,False,TORONTO,VANCOUVER,2025-04-27,39,Ophir,OPHR,2025-04-28T22:47:10Z,2025-04-28T21:31:00Z,ARR,bad,76.0
1 (04-27),True,False,TORONTO,VANCOUVER,2025-04-27,40,Brereton Lake,BRTL,2025-04-28T22:59:51Z,2025-04-28T21:49:00Z,ARR,bad,70.0
1 (04-27),True,False,TORONTO,VANCOUVER,2025-04-27,41,Elma,ELMA,2025-04-28T23:15:46Z,2025-04-28T22:10:00Z,ARR,bad,65.0
1 (04-27),True,False,TORONTO,VANCOUVER,2025-04-27,42,Winnipeg,WNPG,2025-04-29T01:32:23Z,2025-04-29T00:30:00Z,ARR,bad,62.0
1 (04-27),True,False,TORONTO,VANCOUVER,2025-04-27,43,Portage La Prairie,PLPX,2025-04-29T05:51:01Z,2025-04-29T04:04:00Z,ARR,bad,107.0
1 (04-27),True,False,TORONTO,VANCOUVER,2025-04-27,44,Rivers,RVRS,2025-04-29T08:26:46Z,2025-04-29T06:31:00Z,ARR,bad,115.0
1 (04-27),True,False,TORONTO,VANCOUVER,2025-04-27,45,Melville,MELV,2025-04-29T12:31:24Z,2025-04-29T10:54:00Z,ARR,bad,97.0
1 (04-27),True,False,TORONTO,VANCOUVER,2025-04-27,46,Watrous,WATR,2025-04-29T15:14:29Z,2025-04-29T13:54:00Z,ARR,bad,80.0
1 (04-27),True,False,TORONTO,VANCOUVER,2025-04-27,47,Saskatoon,SASK,2025-04-29T16:43:58Z,2025-04-29T15:50:00Z,ARR,bad,53.0
1 (04-27),True,False,TORONTO,VANCOUVER,2025-04-27,48,Biggar,BIGG,2025-04-29T19:19:49Z,2025-04-29T18:29:00Z,ARR,bad,50.0
1 (04-27),True,False,TORONTO,VANCOUVER,2025-04-27,49,Unity,UNIT,2025-04-29T20:24:35Z,2025-04-29T19:44:00Z,ARR,bad,40.0
1 (04-27),True,False,TORONTO,VANCOUVER,2025-04-27,50,Wainwright,WAIN,2025-04-29T23:12:07Z,2025-04-29T22:33:00Z,ARR,bad,39.0
1 (04-27),True,False,TORONTO,VANCOUVER,2025-04-27,51,Viking,VKNG,2025-04-30T00:54:19Z,2025-04-29T23:26:00Z,ARR,bad,88.0
1 (04-27),True,False,TORONTO,VANCOUVER,2025-04-27,52,Edmonton,EDMO,2025-04-30T04:09:17Z,2025-04-30T02:50:00Z,13 mins,bad,79.0
1 (04-27),True,False,TORONTO,VANCOUVER,2025-04-27,53,Evansburg,EVAN,2025-04-30T08:48:17Z,2025-04-30T07:29:00Z,4h52,bad,79.0
1 (04-27),True,False,TORONTO,VANCOUVER,2025-04-27,54,Edson,EDSN,&mdash;,2025-04-30T08:52:00Z,&mdash;,,
1 (04-27),True,False,TORONTO,VANCOUVER,2025-04-27,55,Hinton,HINT,&mdash;,2025-04-30T09:58:00Z,&mdash;,,
1 (04-27),True,False,TORONTO,VANCOUVER,2025-04-27,56,Jasper,JASP,&mdash;,2025-04-30T12:30:00Z,&mdash;,,
1 (04-27),True,False,TORONTO,VANCOUVER,2025-04-27,57,Valemount,VLMT,&mdash;,2025-04-30T17:50:00Z,&mdash;,,
693 (04-27),True,True,WINNIPEG,CHURCHILL,2025-04-27,0,Winnipeg,WNPG,2025-04-27T17:05:00Z,2025-04-27T17:05:00Z,ARR,goo,0.0
693 (04-27),True,True,WINNIPEG,CHURCHILL,2025-04-27,1,Portage La Prairie,PLPX,2025-04-27T18:30:55Z,2025-04-27T18:15:00Z,ARR,bad,15.0
693 (04-27),True,True,WINNIPEG,CHURCHILL,2025-04-27,2,Gladstone,GSTO,2025-04-27T19:13:48Z,2025-04-27T19:07:00Z,ARR,med,6.0
693 (04-27),True,True,WINNIPEG,CHURCHILL,2025-04-27,3,Plumas,PLUM,2025-04-27T20:12:32Z,2025-04-27T19:44:00Z,ARR,bad,28.0
693 (04-27),True,True,WINNIPEG,CHURCHILL,2025-04-27,4,Glenella,GLNA,2025-04-27T20:38:47Z,2025-04-27T20:16:00Z,ARR,bad,22.0
693 (04-27),True,True,WINNIPEG,CHURCHILL,2025-04-27,5,Mccreary,MCCR,2025-04-27T21:18:40Z,2025-04-27T20:57:00Z,ARR,bad,21.0
693 (04-27),True,True,WINNIPEG,CHURCHILL,2025-04-27,6,Laurier,LRIE,2025-04-27T21:38:00Z,2025-04-27T21:15:00Z,ARR,bad,23.0
693 (04-27),True,True,WINNIPEG,CHURCHILL,2025-04-27,7,Ochre River,OCHR,2025-04-27T22:04:17Z,2025-04-27T21:36:00Z,ARR,bad,28.0
693 (04-27),True,True,WINNIPEG,CHURCHILL,2025-04-27,8,Dauphin,DAUP,2025-04-27T22:30:43Z,2025-04-27T21:56:00Z,ARR,bad,34.0
693 (04-27),True,True,WINNIPEG,CHURCHILL,2025-04-27,9,Gilbert Plains,GLBP,2025-04-27T23:21:46Z,2025-04-27T22:44:00Z,ARR,bad,37.0
693 (04-27),True,True,WINNIPEG,CHURCHILL,2025-04-27,10,Grandview,GVIE,2025-04-27T23:41:50Z,2025-04-27T23:00:00Z,ARR,bad,41.0
693 (04-27),True,True,WINNIPEG,CHURCHILL,2025-04-27,11,Roblin,RBLN,2025-04-28T00:51:24Z,2025-04-27T23:55:00Z,ARR,bad,56.0
693 (04-27),True,True,WINNIPEG,CHURCHILL,2025-04-27,12,Togo,TOGO,2025-04-28T01:21:56Z,2025-04-28T00:22:00Z,ARR,bad,59.0
693 (04-27),True,True,WINNIPEG,CHURCHILL,2025-04-27,13,Kamsack,KAMS,2025-04-28T01:54:56Z,2025-04-28T00:59:00Z,ARR,bad,55.0
693 (04-27),True,True,WINNIPEG,CHURCHILL,2025-04-27,14,Veregin,VERE,2025-04-28T02:06:10Z,2025-04-28T01:12:00Z,ARR,bad,54.0
693 (04-27),True,True,WINNIPEG,CHURCHILL,2025-04-27,15,Mikado,MIKA,2025-04-28T02:17:46Z,2025-04-28T01:22:00Z,ARR,bad,55.0
693 (04-27),True,True,WINNIPEG,CHURCHILL,2025-04-27,16,Canora,CANO,2025-04-28T02:30:23Z,2025-04-28T01:36:00Z,ARR,bad,54.0
693 (04-27),True,True,WINNIPEG,CHURCHILL,2025-04-27,17,Sturgis,STGS,2025-04-28T03:38:21Z,2025-04-28T02:21:00Z,ARR,bad,77.0
693 (04-27),True,True,WINNIPEG,CHURCHILL,2025-04-27,18,Endeavour,ENDV,2025-04-28T04:10:21Z,2025-04-28T02:54:00Z,ARR,bad,76.0
693 (04-27),True,True,WINNIPEG,CHURCHILL,2025-04-27,19,Reserve,RSRV,2025-04-28T05:00:25Z,2025-04-28T03:34:00Z,ARR,bad,86.0
693 (04-27),True,True,WINNIPEG,CHURCHILL,2025-04-27,20,Hudson Bay,HBAY,2025-04-28T05:51:31Z,2025-04-28T04:32:00Z,ARR,bad,79.0
693 (04-27),True,True,WINNIPEG,CHURCHILL,2025-04-27,21,The Pas,TPAS,2025-04-28T08:48:48Z,2025-04-28T06:45:00Z,ARR,bad,123.0
693 (04-27),True,True,WINNIPEG,CHURCHILL,2025-04-27,22,Orok,OROK,2025-04-28T09:30:54Z,2025-04-28T08:07:00Z,ARR,bad,83.0
693 (04-27),True,True,WINNIPEG,CHURCHILL,2025-04-27,23,Halcrow,HALC,2025-04-28T10:21:00Z,2025-04-28T09:01:00Z,ARR,bad,80.0
693 (04-27),True,True,WINNIPEG,CHURCHILL,2025-04-27,24,Cormorant,CORM,2025-04-28T10:26:31Z,2025-04-28T09:12:00Z,ARR,bad,74.0
693 (04-27),True,True,WINNIPEG,CHURCHILL,2025-04-27,25,Dering,DERI,2025-04-28T10:34:31Z,2025-04-28T09:20:00Z,ARR,bad,74.0
693 (04-27),True,True,WINNIPEG,CHURCHILL,2025-04-27,26,Dyce,DYCE,2025-04-28T11:15:42Z,2025-04-28T09:59:00Z,ARR,bad,76.0
693 (04-27),True,True,WINNIPEG,CHURCHILL,2025-04-27,27,Wekusko,WEKU,2025-04-28T11:52:59Z,2025-04-28T10:43:00Z,ARR,bad,69.0
693 (04-27),True,True,WINNIPEG,CHURCHILL,2025-04-27,28,Turnbull,TURN,2025-04-28T12:16:06Z,2025-04-28T11:10:00Z,ARR,bad,66.0
693 (04-27),True,True,WINNIPEG,CHURCHILL,2025-04-27,29,Ponton,PNTN,2025-04-28T12:42:38Z,2025-04-28T11:42:00Z,ARR,bad,60.0
693 (04-27),True,True,WINNIPEG,CHURCHILL,2025-04-27,30,Pipun,PIPN,2025-04-28T13:28:13Z,2025-04-28T12:25:00Z,ARR,bad,63.0
693 (04-27),True,True,WINNIPEG,CHURCHILL,2025-04-27,31,Wabowden,WBDN,2025-04-28T13:41:57Z,2025-04-28T12:48:00Z,ARR,bad,53.0
693 (04-27),True,True,WINNIPEG,CHURCHILL,2025-04-27,32,Lyddal,LYDD,2025-04-28T14:10:56Z,2025-04-28T13:16:00Z,ARR,bad,54.0
693 (04-27),True,True,WINNIPEG,CHURCHILL,2025-04-27,33,Odhill,ODHI,2025-04-28T14:31:55Z,2025-04-28T13:38:00Z,ARR,bad,53.0
693 (04-27),True,True,WINNIPEG,CHURCHILL,2025-04-27,34,Hockin,HOCK,2025-04-28T15:07:41Z,2025-04-28T14:22:00Z,ARR,bad,45.0
693 (04-27),True,True,WINNIPEG,CHURCHILL,2025-04-27,35,Thicket Portage,THKP,2025-04-28T15:22:41Z,2025-04-28T14:37:00Z,ARR,bad,45.0
693 (04-27),True,True,WINNIPEG,CHURCHILL,2025-04-27,36,Leven,LEVN,2025-04-28T15:39:41Z,2025-04-28T14:54:00Z,ARR,bad,45.0
693 (04-27),True,True,WINNIPEG,CHURCHILL,2025-04-27,37,Thompson,THOM,2025-04-28T19:07:28Z,2025-04-28T17:00:00Z,ARR,bad,127.0
693 (04-27),True,True,WINNIPEG,CHURCHILL,2025-04-27,38,Sipiwesk,SIPI,2025-04-28T23:21:50Z,2025-04-28T23:35:00Z,ARR,goo,-13.0
693 (04-27),True,True,WINNIPEG,CHURCHILL,2025-04-27,39,Pikwitonei,PIKW,2025-04-28T23:47:15Z,2025-04-29T00:02:00Z,ARR,goo,-14.0
693 (04-27),True,True,WINNIPEG,CHURCHILL,2025-04-27,40,Bridgar,BRGR,2025-04-29T00:13:00Z,2025-04-29T00:13:00Z,ARR,goo,0.0
693 (04-27),True,True,WINNIPEG,CHURCHILL,2025-04-27,41,Pit Siding,PITS,2025-04-29T01:35:00Z,2025-04-29T01:35:00Z,ARR,goo,0.0
693 (04-27),True,True,WINNIPEG,CHURCHILL,2025-04-27,42,Ilford,ILFO,2025-04-29T02:36:00Z,2025-04-29T02:36:00Z,ARR,goo,0.0
693 (04-27),True,True,WINNIPEG,CHURCHILL,2025-04-27,43,Wivenhoe,WVHO,2025-04-29T03:27:39Z,2025-04-29T03:13:00Z,ARR,med,14.0
693 (04-27),True,True,WINNIPEG,CHURCHILL,2025-04-27,44,Gillam,GILL,2025-04-29T04:16:50Z,2025-04-29T04:00:01Z,ARR,bad,16.0
693 (04-27),True,True,WINNIPEG,CHURCHILL,2025-04-27,45,Bird,BIRD,2025-04-29T05:18:23Z,2025-04-29T05:29:00Z,ARR,goo,-10.0
693 (04-27),True,True,WINNIPEG,CHURCHILL,2025-04-27,46,Amery,AMRY,2025-04-29T05:46:32Z,2025-04-29T05:52:00Z,ARR,goo,-5.0
693 (04-27),True,True,WINNIPEG,CHURCHILL,2025-04-27,47,Weir River,WEIR,2025-04-29T06:45:53Z,2025-04-29T06:43:00Z,ARR,goo,2.0
693 (04-27),True,True,WINNIPEG,CHURCHILL,2025-04-27,48,Thibaudeau,THIB,2025-04-29T07:32:07Z,2025-04-29T08:00:00Z,ARR,goo,-27.0
693 (04-27),True,True,WINNIPEG,CHURCHILL,2025-04-27,49,Herchmer,HERC,2025-04-29T08:37:15Z,2025-04-29T09:26:00Z,ARR,goo,-48.0
693 (04-27),True,True,WINNIPEG,CHURCHILL,2025-04-27,50,O'Day,ODAY,2025-04-29T10:05:00Z,2025-04-29T10:05:00Z,ARR,goo,0.0
693 (04-27),True,True,WINNIPEG,CHURCHILL,2025-04-27,51,M'Clintock,MCLI,2025-04-29T09:53:02Z,2025-04-29T10:50:00Z,ARR,goo,-56.0
693 (04-27),True,True,WINNIPEG,CHURCHILL,2025-04-27,52,Chesnaye,CHES,2025-04-29T12:06:00Z,2025-04-29T12:06:00Z,ARR,goo,0.0
693 (04-27),True,True,WINNIPEG,CHURCHILL,2025-04-27,53,Tidal,TIDL,2025-04-29T11:46:01Z,2025-04-29T13:37:00Z,ARR,goo,-110.0
693 (04-27),True,True,WINNIPEG,CHURCHILL,2025-04-27,54,Churchill,CHUR,2025-04-29T12:51:05Z,2025-04-29T14:00:00Z,ARR,goo,-68.0
2 (04-28),True,False,VANCOUVER,TORONTO,2025-04-28,0,Vancouver,VCVR,2025-04-28T22:00:00Z,2025-04-28T22:00:00Z,ARR,goo,0.0
2 (04-28),True,False,VANCOUVER,TORONTO,2025-04-28,1,Mission Harbour,MSNH,2025-04-28T23:42:26Z,2025-04-28T23:35:00Z,ARR,med,7.0
2 (04-28),True,False,VANCOUVER,TORONTO,2025-04-28,2,Agassiz,AGAS,2025-04-29T00:31:56Z,2025-04-29T00:03:00Z,ARR,bad,28.0
2 (04-28),True,False,VANCOUVER,TORONTO,2025-04-28,3,Katz,KATZ,2025-04-29T00:46:54Z,2025-04-29T00:17:00Z,ARR,bad,29.0
2 (04-28),True,False,VANCOUVER,TORONTO,2025-04-28,4,North Bend,NBND,2025-04-29T02:44:24Z,2025-04-29T02:46:00Z,ARR,goo,-1.0
2 (04-28),True,False,VANCOUVER,TORONTO,2025-04-28,5,Ashcroft,ASHN,2025-04-29T05:18:19Z,2025-04-29T05:32:00Z,ARR,goo,-13.0
2 (04-28),True,False,VANCOUVER,TORONTO,2025-04-28,6,Kamloops North,KAMN,2025-04-29T07:48:08Z,2025-04-29T07:17:00Z,ARR,bad,31.0
2 (04-28),True,False,VANCOUVER,TORONTO,2025-04-28,7,Clearwater,CLWT,2025-04-29T11:14:13Z,2025-04-29T09:58:00Z,ARR,bad,76.0
2 (04-28),True,False,VANCOUVER,TORONTO,2025-04-28,8,Blue River,BLUE,2025-04-29T13:34:46Z,2025-04-29T12:11:00Z,ARR,bad,83.0
2 (04-28),True,False,VANCOUVER,TORONTO,2025-04-28,9,Valemount,VLMT,2025-04-29T15:24:58Z,2025-04-29T14:01:00Z,ARR,bad,83.0
2 (04-28),True,False,VANCOUVER,TORONTO,2025-04-28,10,Jasper,JASP,2025-04-29T17:30:57Z,2025-04-29T17:00:00Z,ARR,bad,30.0
2 (04-28),True,False,VANCOUVER,TORONTO,2025-04-28,11,Hinton,HINT,2025-04-29T21:14:50Z,2025-04-29T19:45:00Z,ARR,bad,89.0
2 (04-28),True,False,VANCOUVER,TORONTO,2025-04-28,12,Edson,EDSN,2025-04-29T23:45:08Z,2025-04-29T21:19:00Z,ARR,bad,146.0
2 (04-28),True,False,VANCOUVER,TORONTO,2025-04-28,13,Evansburg,EVAN,2025-04-30T00:49:55Z,2025-04-29T22:28:00Z,ARR,bad,141.0
2 (04-28),True,False,VANCOUVER,TORONTO,2025-04-28,14,Edmonton,EDMO,2025-04-30T02:55:13Z,2025-04-30T00:50:00Z,ARR,bad,125.0
2 (04-28),True,False,VANCOUVER,TORONTO,2025-04-28,15,Viking,VKNG,2025-04-30T05:58:09Z,2025-04-30T03:53:00Z,2h02,bad,125.0
2 (04-28),True,False,VANCOUVER,TORONTO,2025-04-28,16,Wainwright,WAIN,2025-04-30T08:19:09Z,2025-04-30T06:14:00Z,4h23,bad,125.0
2 (04-28),True,False,VANCOUVER,TORONTO,2025-04-28,17,Unity,UNIT,&mdash;,2025-04-30T07:47:00Z,&mdash;,,
2 (04-28),True,False,VANCOUVER,TORONTO,2025-04-28,18,Biggar,BIGG,&mdash;,2025-04-30T09:21:00Z,&mdash;,,
2 (04-28),True,False,VANCOUVER,TORONTO,2025-04-28,19,Saskatoon,SASK,&mdash;,2025-04-30T11:57:00Z,&mdash;,,
2 (04-28),True,False,VANCOUVER,TORONTO,2025-04-28,20,Watrous,WATR,&mdash;,2025-04-30T14:26:00Z,&mdash;,,
693 (04-29),True,False,WINNIPEG,CHURCHILL,2025-04-29,0,Winnipeg,WNPG,2025-04-29T17:05:00Z,2025-04-29T17:05:00Z,ARR,goo,0.0
693 (04-29),True,False,WINNIPEG,CHURCHILL,2025-04-29,1,Portage La Prairie,PLPX,2025-04-29T18:19:37Z,2025-04-29T18:15:00Z,ARR,goo,4.0
693 (04-29),True,False,WINNIPEG,CHURCHILL,2025-04-29,2,Gladstone,GSTO,2025-04-29T19:02:38Z,2025-04-29T19:07:00Z,ARR,goo,-4.0
693 (04-29),True,False,WINNIPEG,CHURCHILL,2025-04-29,3,Plumas,PLUM,2025-04-29T19:33:02Z,2025-04-29T19:44:00Z,ARR,goo,-10.0
693 (04-29),True,False,WINNIPEG,CHURCHILL,2025-04-29,4,Glenella,GLNA,2025-04-29T19:58:43Z,2025-04-29T20:16:00Z,ARR,goo,-17.0
693 (04-29),True,False,WINNIPEG,CHURCHILL,2025-04-29,5,Mccreary,MCCR,2025-04-29T20:38:09Z,2025-04-29T20:57:00Z,ARR,goo,-18.0
693 (04-29),True,False,WINNIPEG,CHURCHILL,2025-04-29,6,Laurier,LRIE,2025-04-29T20:56:27Z,2025-04-29T21:15:00Z,ARR,goo,-18.0
693 (04-29),True,False,WINNIPEG,CHURCHILL,2025-04-29,7,Ochre River,OCHR,2025-04-29T21:15:43Z,2025-04-29T21:36:00Z,ARR,goo,-20.0
693 (04-29),True,False,WINNIPEG,CHURCHILL,2025-04-29,8,Dauphin,DAUP,2025-04-29T21:33:03Z,2025-04-29T21:56:00Z,ARR,goo,-22.0
693 (04-29),True,False,WINNIPEG,CHURCHILL,2025-04-29,9,Gilbert Plains,GLBP,2025-04-29T22:28:25Z,2025-04-29T22:44:00Z,ARR,goo,-15.0
693 (04-29),True,False,WINNIPEG,CHURCHILL,2025-04-29,10,Grandview,GVIE,2025-04-29T22:47:00Z,2025-04-29T23:00:00Z,ARR,goo,-13.0
693 (04-29),True,False,WINNIPEG,CHURCHILL,2025-04-29,11,Roblin,RBLN,2025-04-29T23:55:20Z,2025-04-29T23:55:00Z,ARR,goo,0.0
693 (04-29),True,False,WINNIPEG,CHURCHILL,2025-04-29,12,Togo,TOGO,2025-04-30T00:25:02Z,2025-04-30T00:22:00Z,ARR,goo,3.0
693 (04-29),True,False,WINNIPEG,CHURCHILL,2025-04-29,13,Kamsack,KAMS,2025-04-30T00:56:38Z,2025-04-30T00:59:00Z,ARR,goo,-2.0
693 (04-29),True,False,WINNIPEG,CHURCHILL,2025-04-29,14,Veregin,VERE,2025-04-30T01:09:43Z,2025-04-30T01:12:00Z,ARR,goo,-2.0
693 (04-29),True,False,WINNIPEG,CHURCHILL,2025-04-29,15,Mikado,MIKA,2025-04-30T01:21:01Z,2025-04-30T01:22:00Z,ARR,goo,0.0
693 (04-29),True,False,WINNIPEG,CHURCHILL,2025-04-29,16,Canora,CANO,2025-04-30T01:38:50Z,2025-04-30T01:36:00Z,ARR,goo,2.0
693 (04-29),True,False,WINNIPEG,CHURCHILL,2025-04-29,17,Sturgis,STGS,2025-04-30T02:38:10Z,2025-04-30T02:21:00Z,ARR,bad,17.0
693 (04-29),True,False,WINNIPEG,CHURCHILL,2025-04-29,18,Endeavour,ENDV,2025-04-30T03:09:42Z,2025-04-30T02:54:00Z,ARR,bad,15.0
693 (04-29),True,False,WINNIPEG,CHURCHILL,2025-04-29,19,Reserve,RSRV,2025-04-30T03:59:16Z,2025-04-30T03:34:00Z,3 mins,bad,25.0
693 (04-29),True,False,WINNIPEG,CHURCHILL,2025-04-29,20,Hudson Bay,HBAY,2025-04-30T04:57:16Z,2025-04-30T04:32:00Z,1h01,bad,25.0
693 (04-29),True,False,WINNIPEG,CHURCHILL,2025-04-29,21,The Pas,TPAS,2025-04-30T07:10:16Z,2025-04-30T06:45:00Z,3h14,bad,25.0
693 (04-29),True,False,WINNIPEG,CHURCHILL,2025-04-29,22,Orok,OROK,2025-04-30T08:32:16Z,2025-04-30T08:07:00Z,4h36,bad,25.0
693 (04-29),True,False,WINNIPEG,CHURCHILL,2025-04-29,23,Halcrow,HALC,2025-04-30T09:26:16Z,2025-04-30T09:01:00Z,5h30,bad,25.0
693 (04-29),True,False,WINNIPEG,CHURCHILL,2025-04-29,24,Cormorant,CORM,2025-04-30T09:37:16Z,2025-04-30T09:12:00Z,5h41,bad,25.0
693 (04-29),True,False,WINNIPEG,CHURCHILL,2025-04-29,25,Dering,DERI,2025-04-30T09:45:16Z,2025-04-30T09:20:00Z,5h49,bad,25.0
693 (04-29),True,False,WINNIPEG,CHURCHILL,2025-04-29,26,Dyce,DYCE,2025-04-30T10:24:16Z,2025-04-30T09:59:00Z,6h28,bad,25.0
693 (04-29),True,False,WINNIPEG,CHURCHILL,2025-04-29,27,Wekusko,WEKU,2025-04-30T11:08:16Z,2025-04-30T10:43:00Z,7h12,bad,25.0
693 (04-29),True,False,WINNIPEG,CHURCHILL,2025-04-29,28,Turnbull,TURN,2025-04-30T11:35:16Z,2025-04-30T11:10:00Z,7h39,bad,25.0
693 (04-29),True,False,WINNIPEG,CHURCHILL,2025-04-29,29,Ponton,PNTN,2025-04-30T12:07:16Z,2025-04-30T11:42:00Z,8h11,bad,25.0
693 (04-29),True,False,WINNIPEG,CHURCHILL,2025-04-29,30,Pipun,PIPN,2025-04-30T12:50:16Z,2025-04-30T12:25:00Z,8h54,bad,25.0
693 (04-29),True,False,WINNIPEG,CHURCHILL,2025-04-29,31,Wabowden,WBDN,2025-04-30T13:13:16Z,2025-04-30T12:48:00Z,9h17,bad,25.0
693 (04-29),True,False,WINNIPEG,CHURCHILL,2025-04-29,32,Lyddal,LYDD,2025-04-30T13:41:16Z,2025-04-30T13:16:00Z,9h45,bad,25.0
693 (04-29),True,False,WINNIPEG,CHURCHILL,2025-04-29,33,Odhill,ODHI,2025-04-30T14:03:16Z,2025-04-30T13:38:00Z,10h07,bad,25.0
693 (04-29),True,False,WINNIPEG,CHURCHILL,2025-04-29,34,Hockin,HOCK,2025-04-30T14:47:16Z,2025-04-30T14:22:00Z,10h51,bad,25.0
693 (04-29),True,False,WINNIPEG,CHURCHILL,2025-04-29,35,Thicket Portage,THKP,2025-04-30T15:02:16Z,2025-04-30T14:37:00Z,11h06,bad,25.0
693 (04-29),True,False,WINNIPEG,CHURCHILL,2025-04-29,36,Leven,LEVN,2025-04-30T15:19:16Z,2025-04-30T14:54:00Z,11h23,bad,25.0
693 (04-29),True,False,WINNIPEG,CHURCHILL,2025-04-29,37,Thompson,THOM,2025-04-30T17:25:16Z,2025-04-30T17:00:00Z,13h29,bad,25.0
20,True,True,MONTRÉAL,QUÉBEC,2025-04-29,0,Montréal,MTRL,2025-04-29T10:25:00Z,2025-04-29T10:25:00Z,ARR,goo,0.0
20,True,True,MONTRÉAL,QUÉBEC,2025-04-29,1,St. Lambert,SLAM,2025-04-29T10:39:26Z,2025-04-29T10:38:00Z,ARR,goo,1.0
20,True,True,MONTRÉAL,QUÉBEC,2025-04-29,2,St. Hyacinthe,SHYA,2025-04-29T11:06:35Z,2025-04-29T11:06:00Z,ARR,goo,0.0
20,True,True,MONTRÉAL,QUÉBEC,2025-04-29,3,Drummondville,DRMV,2025-04-29T11:49:52Z,2025-04-29T11:43:00Z,ARR,med,6.0
20,True,True,MONTRÉAL,QUÉBEC,2025-04-29,4,Ste-Foy,SFOY,2025-04-29T13:15:06Z,2025-04-29T13:25:00Z,ARR,goo,-9.0
20,True,True,MONTRÉAL,QUÉBEC,2025-04-29,5,Québec,QBEC,2025-04-29T13:41:25Z,2025-04-29T13:52:00Z,ARR,goo,-10.0
24,True,True,OTTAWA,QUÉBEC,2025-04-29,0,Ottawa,OTTW,2025-04-29T14:13:00Z,2025-04-29T14:13:00Z,ARR,goo,0.0
24,True,True,OTTAWA,QUÉBEC,2025-04-29,1,Alexandria,ALEX,2025-04-29T16:32:41Z,2025-04-29T15:03:00Z,ARR,bad,89.0
24,True,True,OTTAWA,QUÉBEC,2025-04-29,2,Coteau,COTO,2025-04-29T16:52:56Z,2025-04-29T15:26:00Z,ARR,bad,86.0
24,True,True,OTTAWA,QUÉBEC,2025-04-29,3,Dorval,DORV,2025-04-29T17:22:37Z,2025-04-29T15:50:00Z,ARR,bad,92.0
24,True,True,OTTAWA,QUÉBEC,2025-04-29,4,Montréal,MTRL,2025-04-29T17:43:17Z,2025-04-29T16:15:00Z,ARR,bad,88.0
24,True,True,OTTAWA,QUÉBEC,2025-04-29,5,St. Lambert,SLAM,2025-04-29T17:39:52Z,2025-04-29T16:58:00Z,ARR,bad,41.0
24,True,True,OTTAWA,QUÉBEC,2025-04-29,6,St. Hyacinthe,SHYA,2025-04-29T18:12:57Z,2025-04-29T17:26:00Z,ARR,bad,46.0
24,True,True,OTTAWA,QUÉBEC,2025-04-29,7,Drummondville,DRMV,2025-04-29T18:49:03Z,2025-04-29T17:54:00Z,ARR,bad,55.0
24,True,True,OTTAWA,QUÉBEC,2025-04-29,8,Charny,CHNY,2025-04-29T20:42:02Z,2025-04-29T19:38:00Z,ARR,bad,64.0
24,True,True,OTTAWA,QUÉBEC,2025-04-29,9,Ste-Foy,SFOY,2025-04-29T20:49:46Z,2025-04-29T19:45:00Z,ARR,bad,64.0
24,True,True,OTTAWA,QUÉBEC,2025-04-29,10,Québec,QBEC,2025-04-29T21:16:57Z,2025-04-29T20:12:00Z,ARR,bad,64.0
22,True,True,OTTAWA,QUÉBEC,2025-04-29,0,Ottawa,OTTW,2025-04-29T10:07:00Z,2025-04-29T10:07:00Z,ARR,goo,0.0
22,True,True,OTTAWA,QUÉBEC,2025-04-29,1,Casselman,CSLM,2025-04-29T10:30:01Z,2025-04-29T10:33:00Z,ARR,goo,-2.0
22,True,True,OTTAWA,QUÉBEC,2025-04-29,2,Alexandria,ALEX,2025-04-29T10:53:09Z,2025-04-29T10:55:00Z,ARR,goo,-1.0
22,True,True,OTTAWA,QUÉBEC,2025-04-29,3,Coteau,COTO,2025-04-29T11:17:02Z,2025-04-29T11:23:00Z,ARR,goo,-5.0
22,True,True,OTTAWA,QUÉBEC,2025-04-29,4,Dorval,DORV,2025-04-29T11:53:39Z,2025-04-29T11:47:00Z,ARR,med,6.0
22,True,True,OTTAWA,QUÉBEC,2025-04-29,5,Montréal,MTRL,2025-04-29T12:19:02Z,2025-04-29T12:11:00Z,ARR,med,8.0
22,True,True,OTTAWA,QUÉBEC,2025-04-29,6,St. Lambert,SLAM,2025-04-29T13:04:04Z,2025-04-29T12:49:00Z,ARR,bad,15.0
22,True,True,OTTAWA,QUÉBEC,2025-04-29,7,St. Hyacinthe,SHYA,2025-04-29T13:38:15Z,2025-04-29T13:16:00Z,ARR,bad,22.0
22,True,True,OTTAWA,QUÉBEC,2025-04-29,8,Drummondville,DRMV,2025-04-29T14:15:10Z,2025-04-29T13:44:00Z,ARR,bad,31.0
22,True,True,OTTAWA,QUÉBEC,2025-04-29,9,Ste-Foy,SFOY,2025-04-29T15:53:01Z,2025-04-29T15:19:00Z,ARR,bad,34.0
22,True,True,OTTAWA,QUÉBEC,2025-04-29,10,Québec,QBEC,2025-04-29T16:21:44Z,2025-04-29T15:47:00Z,ARR,bad,34.0
37,True,True,QUÉBEC,OTTAWA,2025-04-29,0,Québec,QBEC,2025-04-29T16:32:00Z,2025-04-29T16:32:00Z,ARR,goo,0.0
37,True,True,QUÉBEC,OTTAWA,2025-04-29,1,Ste-Foy,SFOY,2025-04-29T16:58:56Z,2025-04-29T16:57:00Z,ARR,goo,1.0
37,True,True,QUÉBEC,OTTAWA,2025-04-29,2,Drummondville,DRMV,2025-04-29T19:06:59Z,2025-04-29T18:44:00Z,ARR,bad,22.0
37,True,True,QUÉBEC,OTTAWA,2025-04-29,3,St. Hyacinthe,SHYA,2025-04-29T19:41:55Z,2025-04-29T19:12:00Z,ARR,bad,29.0
37,True,True,QUÉBEC,OTTAWA,2025-04-29,4,St. Lambert,SLAM,2025-04-29T20:10:34Z,2025-04-29T19:39:00Z,ARR,bad,31.0
37,True,True,QUÉBEC,OTTAWA,2025-04-29,5,Montréal,MTRL,2025-04-29T20:25:57Z,2025-04-29T19:54:00Z,ARR,bad,31.0
37,True,True,QUÉBEC,OTTAWA,2025-04-29,6,Dorval,DORV,2025-04-29T21:19:01Z,2025-04-29T20:54:00Z,ARR,bad,25.0
37,True,True,QUÉBEC,OTTAWA,2025-04-29,7,Coteau,COTO,2025-04-29T21:48:34Z,2025-04-29T21:23:00Z,ARR,bad,25.0
37,True,True,QUÉBEC,OTTAWA,2025-04-29,8,Alexandria,ALEX,2025-04-29T22:11:21Z,2025-04-29T21:45:00Z,ARR,bad,26.0
37,True,True,QUÉBEC,OTTAWA,2025-04-29,9,Ottawa,OTTW,2025-04-29T23:02:14Z,2025-04-29T22:37:00Z,ARR,bad,25.0
50,True,True,TORONTO,OTTAWA,2025-04-29,0,Toronto,TRTO,2025-04-29T10:32:00Z,2025-04-29T10:32:00Z,ARR,goo,0.0
50,True,True,TORONTO,OTTAWA,2025-04-29,1,Guildwood,GUIL,2025-04-29T10:48:23Z,2025-04-29T10:50:00Z,ARR,goo,-1.0
50,True,True,TORONTO,OTTAWA,2025-04-29,2,Oshawa,OSHA,2025-04-29T11:06:53Z,2025-04-29T11:08:00Z,ARR,goo,-1.0
50,True,True,TORONTO,OTTAWA,2025-04-29,3,Cobourg,CBRG,2025-04-29T11:41:41Z,2025-04-29T11:43:00Z,ARR,goo,-1.0
50,True,True,TORONTO,OTTAWA,2025-04-29,4,Belleville,BLVL,2025-04-29T12:21:32Z,2025-04-29T12:18:00Z,ARR,goo,3.0
50,True,True,TORONTO,OTTAWA,2025-04-29,5,Kingston,KGON,2025-04-29T13:10:25Z,2025-04-29T12:57:00Z,ARR,med,13.0
50,True,True,TORONTO,OTTAWA,2025-04-29,6,Brockville,BRKV,2025-04-29T14:05:48Z,2025-04-29T13:54:00Z,ARR,med,11.0
50,True,True,TORONTO,OTTAWA,2025-04-29,7,Smiths Falls,SMTF,2025-04-29T14:34:02Z,2025-04-29T14:29:00Z,ARR,med,5.0
50,True,True,TORONTO,OTTAWA,2025-04-29,8,Fallowfield,FALL,2025-04-29T15:11:10Z,2025-04-29T15:01:00Z,ARR,med,10.0
50,True,True,TORONTO,OTTAWA,2025-04-29,9,Ottawa,OTTW,2025-04-29T15:29:46Z,2025-04-29T15:21:00Z,ARR,med,8.0
52,True,True,TORONTO,OTTAWA,2025-04-29,0,Toronto,TRTO,2025-04-29T12:32:00Z,2025-04-29T12:32:00Z,ARR,goo,0.0
52,True,True,TORONTO,OTTAWA,2025-04-29,1,Guildwood,GUIL,2025-04-29T12:50:28Z,2025-04-29T12:50:00Z,ARR,goo,0.0
52,True,True,TORONTO,OTTAWA,2025-04-29,2,Oshawa,OSHA,2025-04-29T13:13:37Z,2025-04-29T13:09:00Z,ARR,goo,4.0
52,True,True,TORONTO,OTTAWA,2025-04-29,3,Cobourg,CBRG,2025-04-29T13:46:54Z,2025-04-29T13:44:00Z,ARR,goo,2.0
52,True,True,TORONTO,OTTAWA,2025-04-29,4,Belleville,BLVL,2025-04-29T14:22:13Z,2025-04-29T14:20:00Z,ARR,goo,2.0
52,True,True,TORONTO,OTTAWA,2025-04-29,5,Kingston,KGON,2025-04-29T15:25:26Z,2025-04-29T15:00:00Z,ARR,bad,25.0
52,True,True,TORONTO,OTTAWA,2025-04-29,6,Brockville,BRKV,2025-04-29T16:17:08Z,2025-04-29T15:57:00Z,ARR,bad,20.0
52,True,True,TORONTO,OTTAWA,2025-04-29,7,Smiths Falls,SMTF,2025-04-29T16:58:21Z,2025-04-29T16:35:00Z,ARR,bad,23.0
52,True,True,TORONTO,OTTAWA,2025-04-29,8,Fallowfield,FALL,2025-04-29T17:23:49Z,2025-04-29T17:11:00Z,ARR,med,12.0
52,True,True,TORONTO,OTTAWA,2025-04-29,9,Ottawa,OTTW,2025-04-29T17:42:50Z,2025-04-29T17:32:00Z,ARR,med,10.0
53,True,True,OTTAWA,TORONTO,2025-04-29,0,Fallowfield,FALL,2025-04-29T15:57:52Z,2025-04-29T16:00:00Z,ARR,goo,-2.0
53,True,True,OTTAWA,TORONTO,2025-04-29,1,Brockville,BRKV,2025-04-29T17:02:14Z,2025-04-29T17:01:00Z,ARR,goo,1.0
53,True,True,OTTAWA,TORONTO,2025-04-29,2,Gananoque,GANA,2025-04-29T17:30:46Z,2025-04-29T17:31:00Z,ARR,goo,0.0
53,True,True,OTTAWA,TORONTO,2025-04-29,3,Kingston,KGON,2025-04-29T17:51:29Z,2025-04-29T17:54:00Z,ARR,goo,-2.0
53,True,True,OTTAWA,TORONTO,2025-04-29,4,Belleville,BLVL,2025-04-29T19:09:04Z,2025-04-29T18:36:00Z,ARR,bad,33.0
53,True,True,OTTAWA,TORONTO,2025-04-29,5,Cobourg,CBRG,2025-04-29T19:42:29Z,2025-04-29T19:12:00Z,ARR,bad,30.0
53,True,True,OTTAWA,TORONTO,2025-04-29,6,Oshawa,OSHA,2025-04-29T20:19:48Z,2025-04-29T19:48:00Z,ARR,bad,31.0
53,True,True,OTTAWA,TORONTO,2025-04-29,7,Toronto,TRTO,2025-04-29T21:06:50Z,2025-04-29T20:33:00Z,ARR,bad,33.0
60,True,True,TORONTO,MONTRÉAL,2025-04-29,0,Toronto,TRTO,2025-04-29T10:32:00Z,2025-04-29T10:32:00Z,ARR,goo,0.0
60,True,True,TORONTO,MONTRÉAL,2025-04-29,1,Guildwood,GUIL,2025-04-29T10:48:16Z,2025-04-29T10:50:00Z,ARR,goo,-1.0
60,True,True,TORONTO,MONTRÉAL,2025-04-29,2,Oshawa,OSHA,2025-04-29T11:06:39Z,2025-04-29T11:08:00Z,ARR,goo,-1.0
60,True,True,TORONTO,MONTRÉAL,2025-04-29,3,Cobourg,CBRG,2025-04-29T11:41:39Z,2025-04-29T11:43:00Z,ARR,goo,-1.0
60,True,True,TORONTO,MONTRÉAL,2025-04-29,4,Belleville,BLVL,2025-04-29T12:21:24Z,2025-04-29T12:18:00Z,ARR,goo,3.0
60,True,True,TORONTO,MONTRÉAL,2025-04-29,5,Kingston,KGON,2025-04-29T13:10:19Z,2025-04-29T12:57:00Z,ARR,med,13.0
60,True,True,TORONTO,MONTRÉAL,2025-04-29,6,Cornwall,CWLL,2025-04-29T14:58:41Z,2025-04-29T14:38:00Z,ARR,bad,20.0
60,True,True,TORONTO,MONTRÉAL,2025-04-29,7,Dorval,DORV,2025-04-29T15:58:50Z,2025-04-29T15:25:00Z,ARR,bad,33.0
60,True,True,TORONTO,MONTRÉAL,2025-04-29,8,Montréal,MTRL,2025-04-29T16:22:46Z,2025-04-29T15:50:00Z,ARR,bad,32.0
61,True,True,MONTRÉAL,TORONTO,2025-04-29,0,Montréal,MTRL,2025-04-29T10:45:00Z,2025-04-29T10:45:00Z,ARR,goo,0.0
61,True,True,MONTRÉAL,TORONTO,2025-04-29,1,Dorval,DORV,2025-04-29T11:08:09Z,2025-04-29T11:08:00Z,ARR,goo,0.0
61,True,True,MONTRÉAL,TORONTO,2025-04-29,2,Cornwall,CWLL,2025-04-29T12:06:30Z,2025-04-29T12:01:00Z,ARR,med,5.0
61,True,True,MONTRÉAL,TORONTO,2025-04-29,3,Kingston,KGON,2025-04-29T13:47:47Z,2025-04-29T13:29:00Z,ARR,bad,18.0
61,True,True,MONTRÉAL,TORONTO,2025-04-29,4,Belleville,BLVL,2025-04-29T15:15:01Z,2025-04-29T14:11:00Z,ARR,bad,64.0
61,True,True,MONTRÉAL,TORONTO,2025-04-29,5,Oshawa,OSHA,2025-04-29T16:33:12Z,2025-04-29T15:19:00Z,ARR,bad,74.0
61,True,True,MONTRÉAL,TORONTO,2025-04-29,6,Guildwood,GUIL,2025-04-29T16:52:09Z,2025-04-29T15:43:00Z,ARR,bad,69.0
61,True,True,MONTRÉAL,TORONTO,2025-04-29,7,Toronto,TRTO,2025-04-29T17:15:14Z,2025-04-29T16:03:00Z,ARR,bad,72.0
64,True,True,TORONTO,MONTRÉAL,2025-04-29,0,Toronto,TRTO,2025-04-29T15:37:38Z,2025-04-29T15:37:00Z,ARR,goo,0.0
64,True,True,TORONTO,MONTRÉAL,2025-04-29,1,Guildwood,GUIL,2025-04-29T15:55:30Z,2025-04-29T15:55:00Z,ARR,goo,0.0
64,True,True,TORONTO,MONTRÉAL,2025-04-29,2,Oshawa,OSHA,2025-04-29T16:14:17Z,2025-04-29T16:09:00Z,ARR,med,5.0
64,True,True,TORONTO,MONTRÉAL,2025-04-29,3,Cobourg,CBRG,2025-04-29T16:52:46Z,2025-04-29T16:46:00Z,ARR,med,6.0
64,True,True,TORONTO,MONTRÉAL,2025-04-29,4,Belleville,BLVL,2025-04-29T17:27:34Z,2025-04-29T17:22:00Z,ARR,med,5.0
64,True,True,TORONTO,MONTRÉAL,2025-04-29,5,Kingston,KGON,2025-04-29T18:20:22Z,2025-04-29T18:03:00Z,ARR,bad,17.0
64,True,True,TORONTO,MONTRÉAL,2025-04-29,6,Brockville,BRKV,2025-04-29T19:04:41Z,2025-04-29T18:52:00Z,ARR,med,12.0
64,True,True,TORONTO,MONTRÉAL,2025-04-29,7,Cornwall,CWLL,2025-04-29T19:51:01Z,2025-04-29T19:42:00Z,ARR,med,9.0
64,True,True,TORONTO,MONTRÉAL,2025-04-29,8,Dorval,DORV,2025-04-29T20:41:28Z,2025-04-29T20:37:00Z,ARR,goo,4.0
64,True,True,TORONTO,MONTRÉAL,2025-04-29,9,Montréal,MTRL,2025-04-29T21:06:40Z,2025-04-29T21:05:00Z,ARR,goo,1.0
65,True,True,MONTRÉAL,TORONTO,2025-04-29,0,Montréal,MTRL,2025-04-29T14:49:00Z,2025-04-29T14:49:00Z,ARR,goo,0.0
65,True,True,MONTRÉAL,TORONTO,2025-04-29,1,Dorval,DORV,2025-04-29T15:12:15Z,2025-04-29T15:12:00Z,ARR,goo,0.0
65,True,True,MONTRÉAL,TORONTO,2025-04-29,2,Cornwall,CWLL,2025-04-29T16:11:21Z,2025-04-29T16:06:00Z,ARR,med,5.0
65,True,True,MONTRÉAL,TORONTO,2025-04-29,3,Kingston,KGON,2025-04-29T17:39:52Z,2025-04-29T17:36:00Z,ARR,goo,3.0
65,True,True,MONTRÉAL,TORONTO,2025-04-29,4,Belleville,BLVL,2025-04-29T19:25:16Z,2025-04-29T18:20:00Z,ARR,bad,65.0
65,True,True,MONTRÉAL,TORONTO,2025-04-29,5,Cobourg,CBRG,2025-04-29T20:03:57Z,2025-04-29T18:58:00Z,ARR,bad,65.0
65,True,True,MONTRÉAL,TORONTO,2025-04-29,6,Oshawa,OSHA,2025-04-29T20:36:51Z,2025-04-29T19:34:00Z,ARR,bad,62.0
65,True,True,MONTRÉAL,TORONTO,2025-04-29,7,Toronto,TRTO,2025-04-29T21:21:56Z,2025-04-29T20:18:00Z,ARR,bad,63.0
67,True,True,MONTRÉAL,TORONTO,2025-04-29,0,Montréal,MTRL,2025-04-29T17:26:00Z,2025-04-29T17:22:00Z,ARR,goo,4.0
67,True,True,MONTRÉAL,TORONTO,2025-04-29,1,Dorval,DORV,2025-04-29T17:53:00Z,2025-04-29T17:47:00Z,ARR,med,6.0
67,True,True,MONTRÉAL,TORONTO,2025-04-29,2,Cornwall,CWLL,2025-04-29T19:02:45Z,2025-04-29T18:38:00Z,ARR,bad,24.0
67,True,True,MONTRÉAL,TORONTO,2025-04-29,3,Kingston,KGON,2025-04-29T20:28:27Z,2025-04-29T20:03:00Z,ARR,bad,25.0
67,True,True,MONTRÉAL,TORONTO,2025-04-29,4,Belleville,BLVL,2025-04-29T21:09:21Z,2025-04-29T20:42:00Z,ARR,bad,27.0
67,True,True,MONTRÉAL,TORONTO,2025-04-29,5,Cobourg,CBRG,2025-04-29T21:45:17Z,2025-04-29T21:17:00Z,ARR,bad,28.0
67,True,True,MONTRÉAL,TORONTO,2025-04-29,6,Oshawa,OSHA,2025-04-29T22:19:44Z,2025-04-29T21:50:00Z,ARR,bad,29.0
67,True,True,MONTRÉAL,TORONTO,2025-04-29,7,Toronto,TRTO,2025-04-29T23:03:49Z,2025-04-29T22:45:00Z,ARR,bad,18.0
70,True,True,WINDSOR,TORONTO,2025-04-29,0,Windsor,WDON,2025-04-29T09:35:00Z,2025-04-29T09:35:00Z,ARR,goo,0.0
70,True,True,WINDSOR,TORONTO,2025-04-29,1,Chatham,CHAT,2025-04-29T10:17:18Z,2025-04-29T10:19:00Z,ARR,goo,-1.0
70,True,True,WINDSOR,TORONTO,2025-04-29,2,London,LNDN,2025-04-29T11:35:27Z,2025-04-29T11:25:00Z,ARR,med,10.0
70,True,True,WINDSOR,TORONTO,2025-04-29,3,Ingersoll,INGR,2025-04-29T12:02:20Z,2025-04-29T11:55:00Z,ARR,med,7.0
70,True,True,WINDSOR,TORONTO,2025-04-29,4,Woodstock,WDST,2025-04-29T12:14:51Z,2025-04-29T12:08:00Z,ARR,med,6.0
70,True,True,WINDSOR,TORONTO,2025-04-29,5,Brantford,BRTF,2025-04-29T12:52:41Z,2025-04-29T12:44:00Z,ARR,med,8.0
70,True,True,WINDSOR,TORONTO,2025-04-29,6,Aldershot,ALDR,2025-04-29T13:24:42Z,2025-04-29T13:25:00Z,ARR,goo,0.0
70,True,True,WINDSOR,TORONTO,2025-04-29,7,Oakville,OAKV,2025-04-29T13:45:18Z,2025-04-29T13:43:00Z,ARR,goo,2.0
70,True,True,WINDSOR,TORONTO,2025-04-29,8,Toronto,TRTO,2025-04-29T14:16:17Z,2025-04-29T14:10:00Z,ARR,med,6.0
72,True,True,WINDSOR,TORONTO,2025-04-29,0,Windsor,WDON,2025-04-29T12:43:04Z,2025-04-29T12:43:00Z,ARR,goo,0.0
72,True,True,WINDSOR,TORONTO,2025-04-29,1,Chatham,CHAT,2025-04-29T13:24:58Z,2025-04-29T13:25:00Z,ARR,goo,0.0
72,True,True,WINDSOR,TORONTO,2025-04-29,2,Glencoe,GLNC,2025-04-29T14:10:49Z,2025-04-29T14:05:00Z,ARR,med,5.0
72,True,True,WINDSOR,TORONTO,2025-04-29,3,London,LNDN,2025-04-29T14:41:50Z,2025-04-29T14:39:00Z,ARR,goo,2.0
72,True,True,WINDSOR,TORONTO,2025-04-29,4,Ingersoll,INGR,2025-04-29T15:09:17Z,2025-04-29T15:07:00Z,ARR,goo,2.0
72,True,True,WINDSOR,TORONTO,2025-04-29,5,Woodstock,WDST,2025-04-29T15:22:17Z,2025-04-29T15:23:00Z,ARR,goo,0.0
72,True,True,WINDSOR,TORONTO,2025-04-29,6,Brantford,BRTF,2025-04-29T15:55:47Z,2025-04-29T15:55:00Z,ARR,goo,0.0
72,True,True,WINDSOR,TORONTO,2025-04-29,7,Aldershot,ALDR,2025-04-29T16:36:56Z,2025-04-29T16:29:00Z,ARR,med,7.0
72,True,True,WINDSOR,TORONTO,2025-04-29,8,Oakville,OAKV,2025-04-29T17:00:43Z,2025-04-29T16:45:00Z,ARR,bad,15.0
72,True,True,WINDSOR,TORONTO,2025-04-29,9,Toronto,TRTO,2025-04-29T17:45:39Z,2025-04-29T17:11:00Z,ARR,bad,34.0
73,True,True,TORONTO,WINDSOR,2025-04-29,0,Toronto,TRTO,2025-04-29T15:30:00Z,2025-04-29T15:30:00Z,ARR,goo,0.0
73,True,True,TORONTO,WINDSOR,2025-04-29,1,Oakville,OAKV,2025-04-29T15:59:27Z,2025-04-29T15:51:00Z,ARR,med,8.0
73,True,True,TORONTO,WINDSOR,2025-04-29,2,Aldershot,ALDR,2025-04-29T16:16:06Z,2025-04-29T16:09:00Z,ARR,med,7.0
73,True,True,TORONTO,WINDSOR,2025-04-29,3,Brantford,BRTF,2025-04-29T16:53:32Z,2025-04-29T16:40:00Z,ARR,med,13.0
73,True,True,TORONTO,WINDSOR,2025-04-29,4,Woodstock,WDST,2025-04-29T17:21:14Z,2025-04-29T17:09:00Z,ARR,med,12.0
73,True,True,TORONTO,WINDSOR,2025-04-29,5,London,LNDN,2025-04-29T18:11:00Z,2025-04-29T17:38:00Z,ARR,bad,33.0
73,True,True,TORONTO,WINDSOR,2025-04-29,6,Chatham,CHAT,2025-04-29T19:41:49Z,2025-04-29T18:50:00Z,ARR,bad,51.0
73,True,True,TORONTO,WINDSOR,2025-04-29,7,Windsor,WDON,2025-04-29T20:27:17Z,2025-04-29T19:45:00Z,ARR,bad,42.0
82,True,True,LONDON,TORONTO,2025-04-29,0,London,LNDN,2025-04-29T10:25:00Z,2025-04-29T10:25:00Z,ARR,goo,0.0
82,True,True,LONDON,TORONTO,2025-04-29,1,Woodstock,WDST,2025-04-29T10:54:25Z,2025-04-29T10:53:00Z,ARR,goo,1.0
82,True,True,LONDON,TORONTO,2025-04-29,2,Brantford,BRTF,2025-04-29T11:21:54Z,2025-04-29T11:23:00Z,ARR,goo,-1.0
82,True,True,LONDON,TORONTO,2025-04-29,3,Toronto,TRTO,2025-04-29T12:40:17Z,2025-04-29T12:35:00Z,ARR,med,5.0
84,True,True,SARNIA,TORONTO,2025-04-29,0,Sarnia,SARN,2025-04-29T12:40:00Z,2025-04-29T12:40:00Z,ARR,goo,0.0
84,True,True,SARNIA,TORONTO,2025-04-29,1,Wyoming,WYOM,2025-04-29T12:57:41Z,2025-04-29T12:55:00Z,ARR,goo,2.0
84,True,True,SARNIA,TORONTO,2025-04-29,2,Strathroy,STRR,2025-04-29T13:25:28Z,2025-04-29T13:27:00Z,ARR,goo,-1.0
84,True,True,SARNIA,TORONTO,2025-04-29,3,London,LNDN,2025-04-29T13:51:05Z,2025-04-29T13:52:00Z,ARR,goo,0.0
84,True,True,SARNIA,TORONTO,2025-04-29,4,St.Marys,SMYS,2025-04-29T14:45:56Z,2025-04-29T14:45:00Z,ARR,goo,0.0
84,True,True,SARNIA,TORONTO,2025-04-29,5,Stratford,STRF,2025-04-29T15:25:33Z,2025-04-29T15:14:00Z,ARR,med,11.0
84,True,True,SARNIA,TORONTO,2025-04-29,6,Kitchener,KITC,2025-04-29T16:10:57Z,2025-04-29T16:02:00Z,ARR,med,8.0
84,True,True,SARNIA,TORONTO,2025-04-29,7,Guelph,GUEL,2025-04-29T16:30:07Z,2025-04-29T16:24:00Z,ARR,med,6.0
84,True,True,SARNIA,TORONTO,2025-04-29,8,Georgetown,GEOR,2025-04-29T16:53:47Z,2025-04-29T16:47:00Z,ARR,med,6.0
84,True,True,SARNIA,TORONTO,2025-04-29,9,Brampton,BRMP,2025-04-29T17:04:09Z,2025-04-29T16:59:00Z,ARR,med,5.0
84,True,True,SARNIA,TORONTO,2025-04-29,10,Malton,MALT,2025-04-29T17:19:15Z,2025-04-29T17:11:00Z,ARR,med,8.0
84,True,True,SARNIA,TORONTO,2025-04-29,11,Toronto,TRTO,2025-04-29T17:40:40Z,2025-04-29T17:38:00Z,ARR,goo,2.0
641,True,True,OTTAWA,TORONTO,2025-04-29,0,Ottawa,OTTW,2025-04-29T08:13:00Z,2025-04-29T08:13:00Z,ARR,goo,0.0
641,True,True,OTTAWA,TORONTO,2025-04-29,1,Fallowfield,FALL,2025-04-29T08:29:01Z,2025-04-29T08:30:00Z,ARR,goo,0.0
641,True,True,OTTAWA,TORONTO,2025-04-29,2,Smiths Falls,SMTF,2025-04-29T08:58:46Z,2025-04-29T09:00:00Z,ARR,goo,-1.0
641,True,True,OTTAWA,TORONTO,2025-04-29,3,Brockville,BRKV,2025-04-29T09:28:46Z,2025-04-29T09:32:00Z,ARR,goo,-3.0
641,True,True,OTTAWA,TORONTO,2025-04-29,4,Kingston,KGON,2025-04-29T10:24:16Z,2025-04-29T10:16:00Z,ARR,med,8.0
641,True,True,OTTAWA,TORONTO,2025-04-29,5,Belleville,BLVL,2025-04-29T11:53:35Z,2025-04-29T10:56:00Z,ARR,bad,57.0
641,True,True,OTTAWA,TORONTO,2025-04-29,6,Cobourg,CBRG,2025-04-29T12:35:34Z,2025-04-29T11:31:00Z,ARR,bad,64.0
641,True,True,OTTAWA,TORONTO,2025-04-29,7,Port Hope,PHOP,2025-04-29T12:46:24Z,2025-04-29T11:41:00Z,ARR,bad,65.0
641,True,True,OTTAWA,TORONTO,2025-04-29,8,Toronto,TRTO,2025-04-29T13:56:47Z,2025-04-29T12:48:00Z,ARR,bad,68.0
644,True,True,TORONTO,OTTAWA,2025-04-29,0,Toronto,TRTO,2025-04-29T17:22:59Z,2025-04-29T17:22:00Z,ARR,goo,0.0
644,True,True,TORONTO,OTTAWA,2025-04-29,1,Oshawa,OSHA,2025-04-29T18:14:36Z,2025-04-29T17:53:00Z,ARR,bad,21.0
644,True,True,TORONTO,OTTAWA,2025-04-29,2,Cobourg,CBRG,2025-04-29T18:56:50Z,2025-04-29T18:28:00Z,ARR,bad,28.0
644,True,True,TORONTO,OTTAWA,2025-04-29,3,Belleville,BLVL,2025-04-29T19:39:21Z,2025-04-29T19:03:00Z,ARR,bad,36.0
644,True,True,TORONTO,OTTAWA,2025-04-29,4,Kingston,KGON,2025-04-29T20:54:46Z,2025-04-29T19:43:00Z,ARR,bad,71.0
644,True,True,TORONTO,OTTAWA,2025-04-29,5,Fallowfield,FALL,2025-04-29T22:47:40Z,2025-04-29T21:30:00Z,ARR,bad,77.0
644,True,True,TORONTO,OTTAWA,2025-04-29,6,Ottawa,OTTW,2025-04-29T23:08:12Z,2025-04-29T21:53:00Z,ARR,bad,75.0
643,True,True,OTTAWA,TORONTO,2025-04-29,0,Ottawa,OTTW,2025-04-29T12:29:00Z,2025-04-29T12:29:00Z,ARR,goo,0.0
643,True,True,OTTAWA,TORONTO,2025-04-29,1,Fallowfield,FALL,2025-04-29T12:46:22Z,2025-04-29T12:45:00Z,ARR,goo,1.0
643,True,True,OTTAWA,TORONTO,2025-04-29,2,Smiths Falls,SMTF,2025-04-29T13:16:51Z,2025-04-29T13:17:00Z,ARR,goo,0.0
643,True,True,OTTAWA,TORONTO,2025-04-29,3,Brockville,BRKV,2025-04-29T13:49:06Z,2025-04-29T13:49:00Z,ARR,goo,0.0
643,True,True,OTTAWA,TORONTO,2025-04-29,4,Kingston,KGON,2025-04-29T14:32:09Z,2025-04-29T14:32:00Z,ARR,goo,0.0
643,True,True,OTTAWA,TORONTO,2025-04-29,5,Napanee,NAPN,2025-04-29T15:28:27Z,2025-04-29T14:57:00Z,ARR,bad,31.0
643,True,True,OTTAWA,TORONTO,2025-04-29,6,Belleville,BLVL,2025-04-29T15:51:58Z,2025-04-29T15:17:00Z,ARR,bad,34.0
643,True,True,OTTAWA,TORONTO,2025-04-29,7,Trenton Jct.,TRNJ,2025-04-29T16:06:15Z,2025-04-29T15:31:00Z,ARR,bad,35.0
643,True,True,OTTAWA,TORONTO,2025-04-29,8,Cobourg,CBRG,2025-04-29T16:32:25Z,2025-04-29T15:57:00Z,ARR,bad,35.0
643,True,True,OTTAWA,TORONTO,2025-04-29,9,Port Hope,PHOP,2025-04-29T16:42:33Z,2025-04-29T16:07:00Z,ARR,bad,35.0
643,True,True,OTTAWA,TORONTO,2025-04-29,10,Oshawa,OSHA,2025-04-29T17:09:40Z,2025-04-29T16:35:00Z,ARR,bad,34.0
643,True,True,OTTAWA,TORONTO,2025-04-29,11,Guildwood,GUIL,2025-04-29T17:31:14Z,2025-04-29T16:58:00Z,ARR,bad,33.0
643,True,True,OTTAWA,TORONTO,2025-04-29,12,Toronto,TRTO,2025-04-29T17:58:10Z,2025-04-29T17:18:00Z,ARR,bad,40.0
71,True,True,TORONTO,WINDSOR,2025-04-29,0,Toronto,TRTO,2025-04-29T10:50:00Z,2025-04-29T10:50:00Z,ARR,goo,0.0
71,True,True,TORONTO,WINDSOR,2025-04-29,1,Oakville,OAKV,2025-04-29T11:13:11Z,2025-04-29T11:13:00Z,ARR,goo,0.0
71,True,True,TORONTO,WINDSOR,2025-04-29,2,Aldershot,ALDR,2025-04-29T11:28:44Z,2025-04-29T11:29:00Z,ARR,goo,0.0
71,True,True,TORONTO,WINDSOR,2025-04-29,3,Brantford,BRTF,2025-04-29T12:00:58Z,2025-04-29T11:55:00Z,ARR,med,5.0
71,True,True,TORONTO,WINDSOR,2025-04-29,4,Woodstock,WDST,2025-04-29T12:37:25Z,2025-04-29T12:30:00Z,ARR,med,7.0
71,True,True,TORONTO,WINDSOR,2025-04-29,5,Ingersoll,INGR,2025-04-29T12:53:13Z,2025-04-29T12:43:00Z,ARR,med,10.0
71,True,True,TORONTO,WINDSOR,2025-04-29,6,London,LNDN,2025-04-29T13:17:46Z,2025-04-29T13:06:00Z,ARR,med,11.0
71,True,True,TORONTO,WINDSOR,2025-04-29,7,Glencoe,GLNC,2025-04-29T13:50:32Z,2025-04-29T13:39:00Z,ARR,med,11.0
71,True,True,TORONTO,WINDSOR,2025-04-29,8,Chatham,CHAT,2025-04-29T14:44:15Z,2025-04-29T14:18:00Z,ARR,bad,26.0
71,True,True,TORONTO,WINDSOR,2025-04-29,9,Windsor,WDON,2025-04-29T15:28:46Z,2025-04-29T15:08:00Z,ARR,bad,20.0
97,True,True,TORONTO,NIAGARA FALLS,2025-04-29,0,Toronto,TRTO,2025-04-29T12:20:00Z,2025-04-29T12:20:00Z,ARR,goo,0.0
97,True,True,TORONTO,NIAGARA FALLS,2025-04-29,1,Oakville,OAKV,2025-04-29T12:43:00Z,2025-04-29T12:43:00Z,ARR,goo,0.0
97,True,True,TORONTO,NIAGARA FALLS,2025-04-29,2,Aldershot,ALDR,2025-04-29T12:56:00Z,2025-04-29T12:56:00Z,ARR,goo,0.0
97,True,True,TORONTO,NIAGARA FALLS,2025-04-29,3,Grimsby,GRIM,2025-04-29T13:37:00Z,2025-04-29T13:37:00Z,ARR,goo,0.0
97,True,True,TORONTO,NIAGARA FALLS,2025-04-29,4,St. Catharines,SCAT,2025-04-29T13:57:00Z,2025-04-29T13:57:00Z,ARR,goo,0.0
97,True,True,TORONTO,NIAGARA FALLS,2025-04-29,5,Niagara Falls,NIAG,2025-04-29T14:20:00Z,2025-04-29T14:20:00Z,ARR,goo,0.0
62,True,True,TORONTO,MONTRÉAL,2025-04-29,0,Toronto,TRTO,2025-04-29T12:32:00Z,2025-04-29T12:32:00Z,ARR,goo,0.0
62,True,True,TORONTO,MONTRÉAL,2025-04-29,1,Guildwood,GUIL,2025-04-29T12:50:20Z,2025-04-29T12:50:00Z,ARR,goo,0.0
62,True,True,TORONTO,MONTRÉAL,2025-04-29,2,Oshawa,OSHA,2025-04-29T13:13:18Z,2025-04-29T13:09:00Z,ARR,goo,4.0
62,True,True,TORONTO,MONTRÉAL,2025-04-29,3,Cobourg,CBRG,2025-04-29T13:46:41Z,2025-04-29T13:44:00Z,ARR,goo,2.0
62,True,True,TORONTO,MONTRÉAL,2025-04-29,4,Belleville,BLVL,2025-04-29T14:21:55Z,2025-04-29T14:20:00Z,ARR,goo,1.0
62,True,True,TORONTO,MONTRÉAL,2025-04-29,5,Kingston,KGON,2025-04-29T15:25:24Z,2025-04-29T15:00:00Z,ARR,bad,25.0
62,True,True,TORONTO,MONTRÉAL,2025-04-29,6,Cornwall,CWLL,2025-04-29T17:15:09Z,2025-04-29T16:43:00Z,ARR,bad,32.0
62,True,True,TORONTO,MONTRÉAL,2025-04-29,7,Dorval,DORV,2025-04-29T18:22:31Z,2025-04-29T17:34:00Z,ARR,bad,48.0
62,True,True,TORONTO,MONTRÉAL,2025-04-29,8,Montréal,MTRL,2025-04-29T18:49:24Z,2025-04-29T18:00:00Z,ARR,bad,49.0
45,True,True,OTTAWA,TORONTO,2025-04-29,0,Ottawa,OTTW,2025-04-29T14:24:00Z,2025-04-29T14:24:00Z,ARR,goo,0.0
45,True,True,OTTAWA,TORONTO,2025-04-29,1,Fallowfield,FALL,2025-04-29T14:40:30Z,2025-04-29T14:40:00Z,ARR,goo,0.0
45,True,True,OTTAWA,TORONTO,2025-04-29,2,Kingston,KGON,2025-04-29T16:28:22Z,2025-04-29T16:26:00Z,ARR,goo,2.0
45,True,True,OTTAWA,TORONTO,2025-04-29,3,Toronto,TRTO,2025-04-29T19:35:11Z,2025-04-29T18:48:00Z,ARR,bad,47.0
33,True,True,QUÉBEC,OTTAWA,2025-04-29,0,Québec,QBEC,2025-04-29T09:29:00Z,2025-04-29T09:29:00Z,ARR,goo,0.0
33,True,True,QUÉBEC,OTTAWA,2025-04-29,1,Ste-Foy,SFOY,2025-04-29T09:54:38Z,2025-04-29T09:54:00Z,ARR,goo,0.0
33,True,True,QUÉBEC,OTTAWA,2025-04-29,2,Charny,CHNY,2025-04-29T10:04:52Z,2025-04-29T10:03:00Z,ARR,goo,1.0
33,True,True,QUÉBEC,OTTAWA,2025-04-29,3,Drummondville,DRMV,2025-04-29T11:36:39Z,2025-04-29T11:26:00Z,ARR,med,10.0
33,True,True,QUÉBEC,OTTAWA,2025-04-29,4,St. Hyacinthe,SHYA,2025-04-29T12:12:42Z,2025-04-29T11:57:00Z,ARR,bad,15.0
33,True,True,QUÉBEC,OTTAWA,2025-04-29,5,St. Lambert,SLAM,2025-04-29T12:46:23Z,2025-04-29T12:23:00Z,ARR,bad,23.0
33,True,True,QUÉBEC,OTTAWA,2025-04-29,6,Montréal,MTRL,2025-04-29T13:04:26Z,2025-04-29T12:37:00Z,ARR,bad,27.0
33,True,True,QUÉBEC,OTTAWA,2025-04-29,7,Dorval,DORV,2025-04-29T13:48:26Z,2025-04-29T13:24:00Z,ARR,bad,24.0
33,True,True,QUÉBEC,OTTAWA,2025-04-29,8,Alexandria,ALEX,2025-04-29T14:45:06Z,2025-04-29T14:10:00Z,ARR,bad,35.0
33,True,True,QUÉBEC,OTTAWA,2025-04-29,9,Casselman,CSLM,2025-04-29T16:12:42Z,2025-04-29T14:33:00Z,ARR,bad,99.0
33,True,True,QUÉBEC,OTTAWA,2025-04-29,10,Ottawa,OTTW,2025-04-29T16:38:26Z,2025-04-29T15:04:00Z,ARR,bad,94.0
600,True,True,JONQUIÈRE,MONTRÉAL,2025-04-29,0,Jonquière,JONQ,2025-04-29T12:58:00Z,2025-04-29T12:58:00Z,ARR,goo,0.0
600,True,True,JONQUIÈRE,MONTRÉAL,2025-04-29,1,Hébertville,HEBV,2025-04-29T13:43:16Z,2025-04-29T13:32:00Z,ARR,med,11.0
600,True,True,JONQUIÈRE,MONTRÉAL,2025-04-29,2,Chambord,CHBD,2025-04-29T14:27:14Z,2025-04-29T14:09:00Z,ARR,bad,18.0
600,True,True,JONQUIÈRE,MONTRÉAL,2025-04-29,3,Lac-Bouchette,LBOU,2025-04-29T15:06:28Z,2025-04-29T14:47:00Z,ARR,bad,19.0
600,True,True,JONQUIÈRE,MONTRÉAL,2025-04-29,4,Club Lizotte,LIZO,2025-04-29T15:29:22Z,2025-04-29T15:12:00Z,ARR,bad,17.0
600,True,True,JONQUIÈRE,MONTRÉAL,2025-04-29,5,Kondiaronk,KOND,2025-04-29T15:41:39Z,2025-04-29T15:25:00Z,ARR,bad,16.0
600,True,True,JONQUIÈRE,MONTRÉAL,2025-04-29,6,Lac Des Roches,LDES,2025-04-29T15:44:03Z,2025-04-29T15:28:00Z,ARR,bad,16.0
600,True,True,JONQUIÈRE,MONTRÉAL,2025-04-29,7,Van Bruyssel,VBRU,2025-04-29T15:53:08Z,2025-04-29T15:38:00Z,ARR,bad,15.0
600,True,True,JONQUIÈRE,MONTRÉAL,2025-04-29,8,Kiskissink,KISK,2025-04-29T15:54:22Z,2025-04-29T15:39:14Z,ARR,bad,15.0
600,True,True,JONQUIÈRE,MONTRÉAL,2025-04-29,9,Brooks,BRQU,2025-04-29T16:06:08Z,2025-04-29T15:51:00Z,ARR,bad,15.0
600,True,True,JONQUIÈRE,MONTRÉAL,2025-04-29,10,Summit,SMQU,2025-04-29T16:17:08Z,2025-04-29T16:02:00Z,ARR,bad,15.0
600,True,True,JONQUIÈRE,MONTRÉAL,2025-04-29,11,Club Sommet,SMMC,2025-04-29T16:18:14Z,2025-04-29T16:03:06Z,ARR,bad,15.0
600,True,True,JONQUIÈRE,MONTRÉAL,2025-04-29,12,Club Grégoire,GRGC,2025-04-29T16:22:08Z,2025-04-29T16:07:00Z,ARR,bad,15.0
600,True,True,JONQUIÈRE,MONTRÉAL,2025-04-29,13,Caribou,CARI,2025-04-29T16:29:08Z,2025-04-29T16:14:00Z,ARR,bad,15.0
600,True,True,JONQUIÈRE,MONTRÉAL,2025-04-29,14,Cherokee,CHER,2025-04-29T16:31:08Z,2025-04-29T16:16:00Z,ARR,bad,15.0
600,True,True,JONQUIÈRE,MONTRÉAL,2025-04-29,15,Lac-Édouard,LEDW,2025-04-29T16:44:08Z,2025-04-29T16:29:00Z,ARR,bad,15.0
600,True,True,JONQUIÈRE,MONTRÉAL,2025-04-29,16,Club Triton,TRTC,2025-04-29T16:57:08Z,2025-04-29T16:42:00Z,ARR,bad,15.0
600,True,True,JONQUIÈRE,MONTRÉAL,2025-04-29,17,Club Nicole,NCLC,2025-04-29T17:05:08Z,2025-04-29T16:50:00Z,ARR,bad,15.0
600,True,True,JONQUIÈRE,MONTRÉAL,2025-04-29,18,Hirondelle,HRDL,2025-04-29T17:11:08Z,2025-04-29T16:56:00Z,ARR,bad,15.0
600,True,True,JONQUIÈRE,MONTRÉAL,2025-04-29,19,Pearl Lake,PRLL,2025-04-29T17:14:22Z,2025-04-29T16:59:14Z,ARR,bad,15.0
600,True,True,JONQUIÈRE,MONTRÉAL,2025-04-29,20,Sanford,SANF,2025-04-29T17:25:08Z,2025-04-29T17:10:00Z,ARR,bad,15.0
600,True,True,JONQUIÈRE,MONTRÉAL,2025-04-29,21,Stadacona,STAD,2025-04-29T17:33:08Z,2025-04-29T17:18:00Z,ARR,bad,15.0
600,True,True,JONQUIÈRE,MONTRÉAL,2025-04-29,22,Club Iroquois,IRQC,2025-04-29T17:37:08Z,2025-04-29T17:22:00Z,ARR,bad,15.0
600,True,True,JONQUIÈRE,MONTRÉAL,2025-04-29,23,Lac Malouin,LMAL,2025-04-29T17:41:08Z,2025-04-29T17:26:00Z,ARR,bad,15.0
600,True,True,JONQUIÈRE,MONTRÉAL,2025-04-29,24,Bima,BIMA,2025-04-29T17:43:08Z,2025-04-29T17:28:00Z,ARR,bad,15.0
600,True,True,JONQUIÈRE,MONTRÉAL,2025-04-29,25,Saint-Hilaire,SHPN,2025-04-29T17:46:08Z,2025-04-29T17:31:00Z,ARR,bad,15.0
600,True,True,JONQUIÈRE,MONTRÉAL,2025-04-29,26,Pont Beaudet,PBDT,2025-04-29T17:48:08Z,2025-04-29T17:33:00Z,ARR,bad,15.0
600,True,True,JONQUIÈRE,MONTRÉAL,2025-04-29,27,Falrie,FALR,2025-04-29T17:51:08Z,2025-04-29T17:36:00Z,ARR,bad,15.0
600,True,True,JONQUIÈRE,MONTRÉAL,2025-04-29,28,Club Jacques-Cartier,JACC,2025-04-29T17:54:08Z,2025-04-29T17:39:00Z,ARR,bad,15.0
600,True,True,JONQUIÈRE,MONTRÉAL,2025-04-29,29,Miquick,MIQK,2025-04-29T18:08:08Z,2025-04-29T17:53:00Z,ARR,bad,15.0
600,True,True,JONQUIÈRE,MONTRÉAL,2025-04-29,30,Rivière-À-Pierre,RAPX,2025-04-29T18:43:08Z,2025-04-29T18:28:00Z,ARR,bad,15.0
600,True,True,JONQUIÈRE,MONTRÉAL,2025-04-29,31,Rousseau,ROUS,2025-04-29T19:04:08Z,2025-04-29T18:49:00Z,ARR,bad,15.0
600,True,True,JONQUIÈRE,MONTRÉAL,2025-04-29,32,Hervey,HERV,2025-04-29T19:23:51Z,2025-04-29T19:20:00Z,ARR,goo,3.0
600,True,True,JONQUIÈRE,MONTRÉAL,2025-04-29,33,Saint-Tite,STIT,2025-04-29T20:16:05Z,2025-04-29T19:48:00Z,ARR,bad,28.0
600,True,True,JONQUIÈRE,MONTRÉAL,2025-04-29,34,Garneau,GARN,2025-04-29T20:33:37Z,2025-04-29T20:02:00Z,ARR,bad,31.0
600,True,True,JONQUIÈRE,MONTRÉAL,2025-04-29,35,Grand-Mère,GMRE,2025-04-29T20:45:06Z,2025-04-29T20:15:00Z,ARR,bad,30.0
600,True,True,JONQUIÈRE,MONTRÉAL,2025-04-29,36,Shawinigan,SHWN,2025-04-29T20:54:23Z,2025-04-29T20:23:00Z,ARR,bad,31.0
600,True,True,JONQUIÈRE,MONTRÉAL,2025-04-29,37,Charette,CHRT,2025-04-29T21:14:31Z,2025-04-29T20:46:00Z,ARR,bad,28.0
600,True,True,JONQUIÈRE,MONTRÉAL,2025-04-29,38,St-Paulin,SPAU,2025-04-29T21:47:07Z,2025-04-29T20:55:00Z,ARR,bad,52.0
600,True,True,JONQUIÈRE,MONTRÉAL,2025-04-29,39,St-Justin,SJUS,2025-04-29T21:54:51Z,2025-04-29T21:09:00Z,ARR,bad,45.0
600,True,True,JONQUIÈRE,MONTRÉAL,2025-04-29,40,Joliette,JOLI,2025-04-29T22:21:06Z,2025-04-29T21:38:00Z,ARR,bad,43.0
600,True,True,JONQUIÈRE,MONTRÉAL,2025-04-29,41,Anjou,ANJO,2025-04-29T23:07:36Z,2025-04-29T22:21:01Z,ARR,bad,46.0
600,True,True,JONQUIÈRE,MONTRÉAL,2025-04-29,42,Sauvé,SAUV,2025-04-29T23:14:00Z,2025-04-29T22:35:00Z,ARR,bad,39.0
600,True,True,JONQUIÈRE,MONTRÉAL,2025-04-29,43,Montréal,MTRL,2025-04-29T23:57:20Z,2025-04-29T23:46:00Z,ARR,med,11.0
604,True,True,SENNETERRE,MONTRÉAL,2025-04-29,0,Senneterre,SENN,2025-04-29T10:28:00Z,2025-04-29T10:28:00Z,ARR,goo,0.0
604,True,True,SENNETERRE,MONTRÉAL,2025-04-29,1,Mégiscane,MEGI,2025-04-29T10:48:05Z,2025-04-29T10:42:00Z,ARR,med,6.0
604,True,True,SENNETERRE,MONTRÉAL,2025-04-29,2,Signai,SIGN,2025-04-29T11:03:28Z,2025-04-29T10:58:00Z,ARR,med,5.0
604,True,True,SENNETERRE,MONTRÉAL,2025-04-29,3,Press,PRSS,2025-04-29T11:11:28Z,2025-04-29T11:06:00Z,ARR,med,5.0
604,True,True,SENNETERRE,MONTRÉAL,2025-04-29,4,Forsythe,FORS,2025-04-29T11:30:28Z,2025-04-29T11:25:00Z,ARR,med,5.0
604,True,True,SENNETERRE,MONTRÉAL,2025-04-29,5,Bolger,BGQU,2025-04-29T11:37:28Z,2025-04-29T11:32:00Z,ARR,med,5.0
604,True,True,SENNETERRE,MONTRÉAL,2025-04-29,6,Dix,DIXX,2025-04-29T11:48:28Z,2025-04-29T11:43:00Z,ARR,med,5.0
604,True,True,SENNETERRE,MONTRÉAL,2025-04-29,7,Gagnon,GAGN,2025-04-29T11:52:28Z,2025-04-29T11:47:00Z,ARR,med,5.0
604,True,True,SENNETERRE,MONTRÉAL,2025-04-29,8,Da-Rou-Lac Lodge,DRLL,2025-04-29T12:01:28Z,2025-04-29T11:56:00Z,ARR,med,5.0
604,True,True,SENNETERRE,MONTRÉAL,2025-04-29,9,Langlade,LNGL,2025-04-29T12:02:34Z,2025-04-29T11:57:06Z,ARR,med,5.0
604,True,True,SENNETERRE,MONTRÉAL,2025-04-29,10,Club Beaudin Inc.,BDNC,2025-04-29T12:09:28Z,2025-04-29T12:04:00Z,ARR,med,5.0
604,True,True,SENNETERRE,MONTRÉAL,2025-04-29,11,Bourmont,BRMT,2025-04-29T12:14:28Z,2025-04-29T12:09:00Z,ARR,med,5.0
604,True,True,SENNETERRE,MONTRÉAL,2025-04-29,12,Club Kapitachuan,KPTC,2025-04-29T12:16:28Z,2025-04-29T12:11:00Z,ARR,med,5.0
604,True,True,SENNETERRE,MONTRÉAL,2025-04-29,13,Consolidated Bathurst,CBAT,2025-04-29T12:20:28Z,2025-04-29T12:15:00Z,ARR,med,5.0
604,True,True,SENNETERRE,MONTRÉAL,2025-04-29,14,Monet,MNET,2025-04-29T12:27:28Z,2025-04-29T12:22:00Z,ARR,med,5.0
604,True,True,SENNETERRE,MONTRÉAL,2025-04-29,15,Coquar,COQU,2025-04-29T12:38:28Z,2025-04-29T12:33:00Z,ARR,med,5.0
604,True,True,SENNETERRE,MONTRÉAL,2025-04-29,16,Clova,CLOV,2025-04-29T12:47:28Z,2025-04-29T12:42:00Z,ARR,med,5.0
604,True,True,SENNETERRE,MONTRÉAL,2025-04-29,17,Rivière Oskélanéo,OSKR,2025-04-29T13:00:28Z,2025-04-29T12:55:00Z,ARR,med,5.0
604,True,True,SENNETERRE,MONTRÉAL,2025-04-29,18,Oskelaneo Lodge,OSKL,2025-04-29T13:12:28Z,2025-04-29T13:07:00Z,ARR,med,5.0
604,True,True,SENNETERRE,MONTRÉAL,2025-04-29,19,Greening,GRNG,2025-04-29T13:20:28Z,2025-04-29T13:15:00Z,ARR,med,5.0
604,True,True,SENNETERRE,MONTRÉAL,2025-04-29,20,Club Maniwawa,MWWC,2025-04-29T13:31:28Z,2025-04-29T13:26:00Z,ARR,med,5.0
604,True,True,SENNETERRE,MONTRÉAL,2025-04-29,21,Strachan,STRN,2025-04-29T13:38:28Z,2025-04-29T13:33:00Z,ARR,med,5.0
604,True,True,SENNETERRE,MONTRÉAL,2025-04-29,22,Club Rita Inc.,RTAC,2025-04-29T13:42:28Z,2025-04-29T13:37:00Z,ARR,med,5.0
604,True,True,SENNETERRE,MONTRÉAL,2025-04-29,23,Timbrell,TIMB,2025-04-29T13:52:28Z,2025-04-29T13:47:00Z,ARR,med,5.0
604,True,True,SENNETERRE,MONTRÉAL,2025-04-29,24,Parent,PARE,2025-04-29T14:12:28Z,2025-04-29T14:07:00Z,ARR,med,5.0
604,True,True,SENNETERRE,MONTRÉAL,2025-04-29,25,Manjobagues,MJBG,2025-04-29T14:30:28Z,2025-04-29T14:25:00Z,ARR,med,5.0
604,True,True,SENNETERRE,MONTRÉAL,2025-04-29,26,Club Sisco,SSCC,2025-04-29T14:38:28Z,2025-04-29T14:33:00Z,ARR,med,5.0
604,True,True,SENNETERRE,MONTRÉAL,2025-04-29,27,Mccarthy,MCCA,2025-04-29T14:41:28Z,2025-04-29T14:36:00Z,ARR,med,5.0
604,True,True,SENNETERRE,MONTRÉAL,2025-04-29,28,Casey,CASY,2025-04-29T14:56:28Z,2025-04-29T14:51:00Z,ARR,med,5.0
604,True,True,SENNETERRE,MONTRÉAL,2025-04-29,29,Hibbard,HIBB,2025-04-29T15:09:28Z,2025-04-29T15:04:00Z,ARR,med,5.0
604,True,True,SENNETERRE,MONTRÉAL,2025-04-29,30,Club Belanger,BLGC,2025-04-29T15:20:28Z,2025-04-29T15:15:00Z,ARR,med,5.0
604,True,True,SENNETERRE,MONTRÉAL,2025-04-29,31,Cann,CANN,2025-04-29T15:26:28Z,2025-04-29T15:21:00Z,ARR,med,5.0
604,True,True,SENNETERRE,MONTRÉAL,2025-04-29,32,Sanmaur,SANM,2025-04-29T15:33:28Z,2025-04-29T15:28:00Z,ARR,med,5.0
604,True,True,SENNETERRE,MONTRÉAL,2025-04-29,33,Weymont,WYMT,2025-04-29T15:35:28Z,2025-04-29T15:30:00Z,ARR,med,5.0
604,True,True,SENNETERRE,MONTRÉAL,2025-04-29,34,Saint-Maurice Rivière-Boom,SMRB,2025-04-29T15:38:28Z,2025-04-29T15:33:00Z,ARR,med,5.0
604,True,True,SENNETERRE,MONTRÉAL,2025-04-29,35,Dessane,DESS,2025-04-29T15:47:28Z,2025-04-29T15:42:00Z,ARR,med,5.0
604,True,True,SENNETERRE,MONTRÉAL,2025-04-29,36,Vandry,VDRY,2025-04-29T15:53:28Z,2025-04-29T15:48:00Z,ARR,med,5.0
604,True,True,SENNETERRE,MONTRÉAL,2025-04-29,37,Club Wigwam,WGWC,2025-04-29T16:01:28Z,2025-04-29T15:56:00Z,ARR,med,5.0
604,True,True,SENNETERRE,MONTRÉAL,2025-04-29,38,Ferguson,FERG,2025-04-29T16:07:28Z,2025-04-29T16:02:00Z,ARR,med,5.0
604,True,True,SENNETERRE,MONTRÉAL,2025-04-29,39,Windigo,WNDG,2025-04-29T16:15:28Z,2025-04-29T16:10:00Z,ARR,med,5.0
604,True,True,SENNETERRE,MONTRÉAL,2025-04-29,40,Mctavish,MCTC,2025-04-29T16:17:28Z,2025-04-29T16:12:00Z,ARR,med,5.0
604,True,True,SENNETERRE,MONTRÉAL,2025-04-29,41,Duplessis,DUPL,2025-04-29T16:30:28Z,2025-04-29T16:25:00Z,ARR,med,5.0
604,True,True,SENNETERRE,MONTRÉAL,2025-04-29,42,Lac-Darey,LDAR,2025-04-29T16:43:28Z,2025-04-29T16:38:00Z,ARR,med,5.0
604,True,True,SENNETERRE,MONTRÉAL,2025-04-29,43,Rapide-Blanc,RAPB,2025-04-29T17:03:28Z,2025-04-29T16:58:00Z,ARR,med,5.0
604,True,True,SENNETERRE,MONTRÉAL,2025-04-29,44,Club Vermillion,VMLC,2025-04-29T17:06:28Z,2025-04-29T17:01:00Z,ARR,med,5.0
604,True,True,SENNETERRE,MONTRÉAL,2025-04-29,45,Cressman,CRSM,2025-04-29T17:13:28Z,2025-04-29T17:08:00Z,ARR,med,5.0
604,True,True,SENNETERRE,MONTRÉAL,2025-04-29,46,Fitzpatrick,FITZ,2025-04-29T17:33:28Z,2025-04-29T17:28:00Z,ARR,med,5.0
604,True,True,SENNETERRE,MONTRÉAL,2025-04-29,47,La Tuque,LTUQ,2025-04-29T17:45:28Z,2025-04-29T17:40:00Z,ARR,med,5.0
604,True,True,SENNETERRE,MONTRÉAL,2025-04-29,48,Hervey,HERV,2025-04-29T19:20:28Z,2025-04-29T19:15:00Z,ARR,med,5.0
604,True,True,SENNETERRE,MONTRÉAL,2025-04-29,49,Saint-Tite,STIT,2025-04-29T20:16:04Z,2025-04-29T19:48:00Z,ARR,bad,28.0
604,True,True,SENNETERRE,MONTRÉAL,2025-04-29,50,Garneau,GARN,2025-04-29T20:33:14Z,2025-04-29T20:02:00Z,ARR,bad,31.0
604,True,True,SENNETERRE,MONTRÉAL,2025-04-29,51,Grand-Mère,GMRE,2025-04-29T20:45:23Z,2025-04-29T20:15:00Z,ARR,bad,30.0
604,True,True,SENNETERRE,MONTRÉAL,2025-04-29,52,Shawinigan,SHWN,2025-04-29T20:54:08Z,2025-04-29T20:23:00Z,ARR,bad,31.0
604,True,True,SENNETERRE,MONTRÉAL,2025-04-29,53,Charette,CHRT,2025-04-29T21:14:17Z,2025-04-29T20:46:00Z,ARR,bad,28.0
604,True,True,SENNETERRE,MONTRÉAL,2025-04-29,54,St-Paulin,SPAU,2025-04-29T21:46:45Z,2025-04-29T20:55:00Z,ARR,bad,51.0
604,True,True,SENNETERRE,MONTRÉAL,2025-04-29,55,St-Justin,SJUS,2025-04-29T21:54:46Z,2025-04-29T21:09:00Z,ARR,bad,45.0
604,True,True,SENNETERRE,MONTRÉAL,2025-04-29,56,Joliette,JOLI,2025-04-29T22:20:57Z,2025-04-29T21:38:00Z,ARR,bad,42.0
604,True,True,SENNETERRE,MONTRÉAL,2025-04-29,57,Anjou,ANJO,2025-04-29T23:07:33Z,2025-04-29T22:21:01Z,ARR,bad,46.0
604,True,True,SENNETERRE,MONTRÉAL,2025-04-29,58,Sauvé,SAUV,2025-04-29T23:13:48Z,2025-04-29T22:35:00Z,ARR,bad,38.0
604,True,True,SENNETERRE,MONTRÉAL,2025-04-29,59,Montréal,MTRL,2025-04-29T23:57:09Z,2025-04-29T23:46:00Z,ARR,med,11.0
40,True,True,TORONTO,OTTAWA,2025-04-29,0,Toronto,TRTO,2025-04-29T14:37:00Z,2025-04-29T14:37:00Z,ARR,goo,0.0
40,True,True,TORONTO,OTTAWA,2025-04-29,1,Belleville,BLVL,2025-04-29T16:29:04Z,2025-04-29T16:09:00Z,ARR,bad,20.0
40,True,True,TORONTO,OTTAWA,2025-04-29,2,Kingston,KGON,2025-04-29T17:31:42Z,2025-04-29T16:48:00Z,ARR,bad,43.0
40,True,True,TORONTO,OTTAWA,2025-04-29,3,Fallowfield,FALL,2025-04-29T19:19:02Z,2025-04-29T18:38:00Z,ARR,bad,41.0
40,True,True,TORONTO,OTTAWA,2025-04-29,4,Ottawa,OTTW,2025-04-29T19:38:45Z,2025-04-29T19:02:00Z,ARR,bad,36.0
47,True,True,OTTAWA,TORONTO,2025-04-29,0,Ottawa,OTTW,2025-04-29T16:23:00Z,2025-04-29T16:23:00Z,ARR,goo,0.0
47,True,True,OTTAWA,TORONTO,2025-04-29,1,Fallowfield,FALL,2025-04-29T16:38:38Z,2025-04-29T16:40:00Z,ARR,goo,-1.0
47,True,True,OTTAWA,TORONTO,2025-04-29,2,Smiths Falls,SMTF,2025-04-29T17:24:10Z,2025-04-29T17:18:00Z,ARR,med,6.0
47,True,True,OTTAWA,TORONTO,2025-04-29,3,Brockville,BRKV,2025-04-29T17:54:49Z,2025-04-29T17:54:00Z,ARR,goo,0.0
47,True,True,OTTAWA,TORONTO,2025-04-29,4,Gananoque,GANA,2025-04-29T18:22:36Z,2025-04-29T18:22:00Z,ARR,goo,0.0
47,True,True,OTTAWA,TORONTO,2025-04-29,5,Kingston,KGON,2025-04-29T18:43:59Z,2025-04-29T18:45:00Z,ARR,goo,-1.0
47,True,True,OTTAWA,TORONTO,2025-04-29,6,Belleville,BLVL,2025-04-29T19:58:49Z,2025-04-29T19:26:00Z,ARR,bad,32.0
47,True,True,OTTAWA,TORONTO,2025-04-29,7,Oshawa,OSHA,2025-04-29T21:01:54Z,2025-04-29T20:33:00Z,ARR,bad,28.0
47,True,True,OTTAWA,TORONTO,2025-04-29,8,Guildwood,GUIL,2025-04-29T21:33:19Z,2025-04-29T20:58:00Z,ARR,bad,35.0
47,True,True,OTTAWA,TORONTO,2025-04-29,9,Toronto,TRTO,2025-04-29T22:02:42Z,2025-04-29T21:30:00Z,ARR,bad,32.0
63,True,True,MONTRÉAL,TORONTO,2025-04-29,0,Montréal,MTRL,2025-04-29T12:46:00Z,2025-04-29T12:46:00Z,ARR,goo,0.0
63,True,True,MONTRÉAL,TORONTO,2025-04-29,1,Dorval,DORV,2025-04-29T13:12:56Z,2025-04-29T13:11:00Z,ARR,goo,1.0
63,True,True,MONTRÉAL,TORONTO,2025-04-29,2,Cornwall,CWLL,2025-04-29T14:08:28Z,2025-04-29T14:04:00Z,ARR,goo,4.0
63,True,True,MONTRÉAL,TORONTO,2025-04-29,3,Brockville,BRKV,2025-04-29T14:56:39Z,2025-04-29T14:54:00Z,ARR,goo,2.0
63,True,True,MONTRÉAL,TORONTO,2025-04-29,4,Kingston,KGON,2025-04-29T15:39:58Z,2025-04-29T15:39:00Z,ARR,goo,0.0
63,True,True,MONTRÉAL,TORONTO,2025-04-29,5,Belleville,BLVL,2025-04-29T17:15:34Z,2025-04-29T16:20:00Z,ARR,bad,55.0
63,True,True,MONTRÉAL,TORONTO,2025-04-29,6,Cobourg,CBRG,2025-04-29T17:48:52Z,2025-04-29T16:58:00Z,ARR,bad,50.0
63,True,True,MONTRÉAL,TORONTO,2025-04-29,7,Oshawa,OSHA,2025-04-29T18:24:16Z,2025-04-29T17:34:00Z,ARR,bad,50.0
63,True,True,MONTRÉAL,TORONTO,2025-04-29,8,Guildwood,GUIL,2025-04-29T18:47:35Z,2025-04-29T17:58:00Z,ARR,bad,49.0
63,True,True,MONTRÉAL,TORONTO,2025-04-29,9,Toronto,TRTO,2025-04-29T19:13:44Z,2025-04-29T18:18:00Z,ARR,bad,55.0
35,True,True,QUÉBEC,OTTAWA,2025-04-29,0,Québec,QBEC,2025-04-29T12:06:00Z,2025-04-29T12:06:00Z,ARR,goo,0.0
35,True,True,QUÉBEC,OTTAWA,2025-04-29,1,Ste-Foy,SFOY,2025-04-29T12:30:27Z,2025-04-29T12:31:00Z,ARR,goo,0.0
35,True,True,QUÉBEC,OTTAWA,2025-04-29,2,Charny,CHNY,2025-04-29T12:39:53Z,2025-04-29T12:40:00Z,ARR,goo,0.0
35,True,True,QUÉBEC,OTTAWA,2025-04-29,3,Drummondville,DRMV,2025-04-29T14:31:45Z,2025-04-29T14:14:00Z,ARR,bad,17.0
35,True,True,QUÉBEC,OTTAWA,2025-04-29,4,St. Hyacinthe,SHYA,2025-04-29T15:05:40Z,2025-04-29T14:44:00Z,ARR,bad,21.0
35,True,True,QUÉBEC,OTTAWA,2025-04-29,5,St. Lambert,SLAM,2025-04-29T15:36:22Z,2025-04-29T15:11:00Z,ARR,bad,25.0
35,True,True,QUÉBEC,OTTAWA,2025-04-29,6,Montréal,MTRL,2025-04-29T15:49:58Z,2025-04-29T15:26:00Z,ARR,bad,23.0
35,True,True,QUÉBEC,OTTAWA,2025-04-29,7,Dorval,DORV,2025-04-29T16:39:55Z,2025-04-29T16:18:00Z,ARR,bad,21.0
35,True,True,QUÉBEC,OTTAWA,2025-04-29,8,Coteau,COTO,2025-04-29T17:17:24Z,2025-04-29T16:46:00Z,ARR,bad,31.0
35,True,True,QUÉBEC,OTTAWA,2025-04-29,9,Alexandria,ALEX,2025-04-29T17:37:25Z,2025-04-29T17:08:00Z,ARR,bad,29.0
35,True,True,QUÉBEC,OTTAWA,2025-04-29,10,Casselman,CSLM,2025-04-29T17:59:57Z,2025-04-29T17:31:00Z,ARR,bad,28.0
35,True,True,QUÉBEC,OTTAWA,2025-04-29,11,Ottawa,OTTW,2025-04-29T18:42:02Z,2025-04-29T17:58:00Z,ARR,bad,44.0
31,True,True,MONTRÉAL,OTTAWA,2025-04-29,0,Montréal,MTRL,2025-04-29T10:20:00Z,2025-04-29T10:20:00Z,ARR,goo,0.0
31,True,True,MONTRÉAL,OTTAWA,2025-04-29,1,Dorval,DORV,2025-04-29T10:44:36Z,2025-04-29T10:44:00Z,ARR,goo,0.0
31,True,True,MONTRÉAL,OTTAWA,2025-04-29,2,Alexandria,ALEX,2025-04-29T11:44:44Z,2025-04-29T11:36:00Z,ARR,med,8.0
31,True,True,MONTRÉAL,OTTAWA,2025-04-29,3,Casselman,CSLM,2025-04-29T12:08:29Z,2025-04-29T11:59:00Z,ARR,med,9.0
31,True,True,MONTRÉAL,OTTAWA,2025-04-29,4,Ottawa,OTTW,2025-04-29T12:34:26Z,2025-04-29T12:25:00Z,ARR,med,9.0
41,True,True,OTTAWA,TORONTO,2025-04-29,0,Ottawa,OTTW,2025-04-29T09:21:00Z,2025-04-29T09:21:00Z,ARR,goo,0.0
41,True,True,OTTAWA,TORONTO,2025-04-29,1,Fallowfield,FALL,2025-04-29T09:37:05Z,2025-04-29T09:38:00Z,ARR,goo,0.0
41,True,True,OTTAWA,TORONTO,2025-04-29,2,Smiths Falls,SMTF,2025-04-29T10:07:08Z,2025-04-29T10:08:00Z,ARR,goo,0.0
41,True,True,OTTAWA,TORONTO,2025-04-29,3,Brockville,BRKV,2025-04-29T10:39:48Z,2025-04-29T10:40:00Z,ARR,goo,0.0
41,True,True,OTTAWA,TORONTO,2025-04-29,4,Kingston,KGON,2025-04-29T11:35:09Z,2025-04-29T11:25:00Z,ARR,med,10.0
41,True,True,OTTAWA,TORONTO,2025-04-29,5,Napanee,NAPN,2025-04-29T12:35:09Z,2025-04-29T11:49:00Z,ARR,bad,46.0
41,True,True,OTTAWA,TORONTO,2025-04-29,6,Belleville,BLVL,2025-04-29T13:04:10Z,2025-04-29T12:07:00Z,ARR,bad,57.0
41,True,True,OTTAWA,TORONTO,2025-04-29,7,Trenton Jct.,TRNJ,2025-04-29T13:17:54Z,2025-04-29T12:20:00Z,ARR,bad,57.0
41,True,True,OTTAWA,TORONTO,2025-04-29,8,Cobourg,CBRG,2025-04-29T13:53:29Z,2025-04-29T12:44:00Z,ARR,bad,69.0
41,True,True,OTTAWA,TORONTO,2025-04-29,9,Oshawa,OSHA,2025-04-29T14:37:01Z,2025-04-29T13:19:00Z,ARR,bad,78.0
41,True,True,OTTAWA,TORONTO,2025-04-29,10,Toronto,TRTO,2025-04-29T15:15:01Z,2025-04-29T14:02:00Z,ARR,bad,73.0
76,True,True,WINDSOR,TORONTO,2025-04-29,0,Windsor,WDON,2025-04-29T17:46:00Z,2025-04-29T17:46:00Z,ARR,goo,0.0
76,True,True,WINDSOR,TORONTO,2025-04-29,1,Chatham,CHAT,2025-04-29T18:27:29Z,2025-04-29T18:28:00Z,ARR,goo,0.0
76,True,True,WINDSOR,TORONTO,2025-04-29,2,Glencoe,GLNC,2025-04-29T19:10:44Z,2025-04-29T19:03:00Z,ARR,med,7.0
76,True,True,WINDSOR,TORONTO,2025-04-29,3,London,LNDN,2025-04-29T19:46:14Z,2025-04-29T19:38:00Z,ARR,med,8.0
76,True,True,WINDSOR,TORONTO,2025-04-29,4,Brantford,BRTF,2025-04-29T20:47:51Z,2025-04-29T20:39:00Z,ARR,med,8.0
76,True,True,WINDSOR,TORONTO,2025-04-29,5,Aldershot,ALDR,2025-04-29T21:29:15Z,2025-04-29T21:10:00Z,ARR,bad,19.0
76,True,True,WINDSOR,TORONTO,2025-04-29,6,Oakville,OAKV,2025-04-29T21:46:59Z,2025-04-29T21:27:00Z,ARR,bad,19.0
76,True,True,WINDSOR,TORONTO,2025-04-29,7,Toronto,TRTO,2025-04-29T22:15:29Z,2025-04-29T21:53:00Z,ARR,bad,22.0
645,True,True,OTTAWA,TORONTO,2025-04-29,0,Ottawa,OTTW,2025-04-29T18:29:00Z,2025-04-29T18:29:00Z,ARR,goo,0.0
645,True,True,OTTAWA,TORONTO,2025-04-29,1,Fallowfield,FALL,2025-04-29T18:47:01Z,2025-04-29T18:49:00Z,ARR,goo,-1.0
645,True,True,OTTAWA,TORONTO,2025-04-29,2,Kingston,KGON,2025-04-29T20:42:46Z,2025-04-29T20:34:00Z,ARR,med,8.0
645,True,True,OTTAWA,TORONTO,2025-04-29,3,Belleville,BLVL,2025-04-29T21:39:53Z,2025-04-29T21:15:00Z,ARR,bad,24.0
645,True,True,OTTAWA,TORONTO,2025-04-29,4,Oshawa,OSHA,2025-04-29T23:02:39Z,2025-04-29T22:20:00Z,ARR,bad,42.0
645,True,True,OTTAWA,TORONTO,2025-04-29,5,Toronto,TRTO,2025-04-29T23:59:53Z,2025-04-29T23:15:00Z,ARR,bad,44.0
44,True,True,TORONTO,OTTAWA,2025-04-29,0,Toronto,TRTO,2025-04-29T18:22:20Z,2025-04-29T18:22:00Z,ARR,goo,0.0
44,True,True,TORONTO,OTTAWA,2025-04-29,1,Oshawa,OSHA,2025-04-29T18:55:15Z,2025-04-29T18:54:00Z,ARR,goo,1.0
44,True,True,TORONTO,OTTAWA,2025-04-29,2,Kingston,KGON,2025-04-29T21:18:24Z,2025-04-29T20:32:00Z,ARR,bad,46.0
44,True,True,TORONTO,OTTAWA,2025-04-29,3,Brockville,BRKV,2025-04-29T22:10:16Z,2025-04-29T21:19:00Z,ARR,bad,51.0
44,True,True,TORONTO,OTTAWA,2025-04-29,4,Smiths Falls,SMTF,2025-04-29T22:46:22Z,2025-04-29T21:50:00Z,ARR,bad,56.0
44,True,True,TORONTO,OTTAWA,2025-04-29,5,Fallowfield,FALL,2025-04-29T23:17:59Z,2025-04-29T22:22:00Z,ARR,bad,55.0
44,True,True,TORONTO,OTTAWA,2025-04-29,6,Ottawa,OTTW,2025-04-29T23:37:31Z,2025-04-29T22:43:00Z,ARR,bad,54.0
26,True,True,OTTAWA,QUÉBEC,2025-04-29,0,Ottawa,OTTW,2025-04-29T18:17:00Z,2025-04-29T18:17:00Z,ARR,goo,0.0
26,True,True,OTTAWA,QUÉBEC,2025-04-29,1,Alexandria,ALEX,2025-04-29T18:59:32Z,2025-04-29T19:03:00Z,ARR,goo,-3.0
26,True,True,OTTAWA,QUÉBEC,2025-04-29,2,Coteau,COTO,2025-04-29T19:25:15Z,2025-04-29T19:26:00Z,ARR,goo,0.0
26,True,True,OTTAWA,QUÉBEC,2025-04-29,3,Dorval,DORV,2025-04-29T19:55:18Z,2025-04-29T19:49:00Z,ARR,med,6.0
26,True,True,OTTAWA,QUÉBEC,2025-04-29,4,Montréal,MTRL,2025-04-29T20:29:10Z,2025-04-29T20:15:00Z,ARR,med,14.0
26,True,True,OTTAWA,QUÉBEC,2025-04-29,5,St. Lambert,SLAM,2025-04-29T21:09:27Z,2025-04-29T20:53:00Z,ARR,bad,16.0
26,True,True,OTTAWA,QUÉBEC,2025-04-29,6,St. Hyacinthe,SHYA,2025-04-29T21:47:08Z,2025-04-29T21:20:00Z,ARR,bad,27.0
26,True,True,OTTAWA,QUÉBEC,2025-04-29,7,Drummondville,DRMV,2025-04-29T22:27:04Z,2025-04-29T22:05:00Z,ARR,bad,22.0
26,True,True,OTTAWA,QUÉBEC,2025-04-29,8,Charny,CHNY,2025-04-29T23:54:52Z,2025-04-29T23:44:00Z,ARR,med,10.0
26,True,True,OTTAWA,QUÉBEC,2025-04-29,9,Ste-Foy,SFOY,2025-04-30T00:02:26Z,2025-04-29T23:52:00Z,ARR,med,10.0
26,True,True,OTTAWA,QUÉBEC,2025-04-29,10,Québec,QBEC,2025-04-30T00:29:45Z,2025-04-30T00:19:00Z,ARR,med,10.0
39,True,True,QUÉBEC,OTTAWA,2025-04-29,0,Québec,QBEC,2025-04-29T18:57:00Z,2025-04-29T18:57:00Z,ARR,goo,0.0
39,True,True,QUÉBEC,OTTAWA,2025-04-29,1,Ste-Foy,SFOY,2025-04-29T19:21:07Z,2025-04-29T19:22:00Z,ARR,goo,0.0
39,True,True,QUÉBEC,OTTAWA,2025-04-29,2,Drummondville,DRMV,2025-04-29T21:06:19Z,2025-04-29T20:58:00Z,ARR,med,8.0
39,True,True,QUÉBEC,OTTAWA,2025-04-29,3,St. Lambert,SLAM,2025-04-29T22:11:08Z,2025-04-29T21:57:00Z,ARR,med,14.0
39,True,True,QUÉBEC,OTTAWA,2025-04-29,4,Montréal,MTRL,2025-04-29T22:26:18Z,2025-04-29T22:11:00Z,ARR,bad,15.0
39,True,True,QUÉBEC,OTTAWA,2025-04-29,5,Dorval,DORV,2025-04-29T23:13:02Z,2025-04-29T23:14:00Z,ARR,goo,0.0
39,True,True,QUÉBEC,OTTAWA,2025-04-29,6,Coteau,COTO,2025-04-29T23:48:21Z,2025-04-29T23:43:00Z,ARR,med,5.0
39,True,True,QUÉBEC,OTTAWA,2025-04-29,7,Alexandria,ALEX,2025-04-30T00:09:40Z,2025-04-30T00:06:00Z,ARR,goo,3.0
39,True,True,QUÉBEC,OTTAWA,2025-04-29,8,Ottawa,OTTW,2025-04-30T00:52:48Z,2025-04-30T00:51:00Z,ARR,goo,1.0
66,True,True,TORONTO,MONTRÉAL,2025-04-29,0,Toronto,TRTO,2025-04-29T19:23:04Z,2025-04-29T19:22:00Z,ARR,goo,1.0
66,True,True,TORONTO,MONTRÉAL,2025-04-29,1,Guildwood,GUIL,2025-04-29T19:42:41Z,2025-04-29T19:40:00Z,ARR,goo,2.0
66,True,True,TORONTO,MONTRÉAL,2025-04-29,2,Oshawa,OSHA,2025-04-29T20:03:38Z,2025-04-29T19:54:00Z,ARR,med,9.0
66,True,True,TORONTO,MONTRÉAL,2025-04-29,3,Belleville,BLVL,2025-04-29T21:17:49Z,2025-04-29T21:00:00Z,ARR,bad,17.0
66,True,True,TORONTO,MONTRÉAL,2025-04-29,4,Kingston,KGON,2025-04-29T21:56:59Z,2025-04-29T21:40:00Z,ARR,bad,16.0
66,True,True,TORONTO,MONTRÉAL,2025-04-29,5,Cornwall,CWLL,2025-04-29T23:42:16Z,2025-04-29T23:07:00Z,ARR,bad,35.0
66,True,True,TORONTO,MONTRÉAL,2025-04-29,6,Dorval,DORV,2025-04-30T00:38:15Z,2025-04-29T23:58:00Z,ARR,bad,40.0
66,True,True,TORONTO,MONTRÉAL,2025-04-29,7,Montréal,MTRL,2025-04-30T01:06:02Z,2025-04-30T00:25:00Z,ARR,bad,41.0
46,True,True,TORONTO,OTTAWA,2025-04-29,0,Toronto,TRTO,2025-04-29T19:37:00Z,2025-04-29T19:37:00Z,ARR,goo,0.0
46,True,True,TORONTO,OTTAWA,2025-04-29,1,Oshawa,OSHA,2025-04-29T20:13:12Z,2025-04-29T20:09:00Z,ARR,goo,4.0
46,True,True,TORONTO,OTTAWA,2025-04-29,2,Cobourg,CBRG,2025-04-29T20:44:45Z,2025-04-29T20:43:00Z,ARR,goo,1.0
46,True,True,TORONTO,OTTAWA,2025-04-29,3,Kingston,KGON,2025-04-29T22:06:14Z,2025-04-29T21:54:00Z,ARR,med,12.0
46,True,True,TORONTO,OTTAWA,2025-04-29,4,Brockville,BRKV,2025-04-29T22:50:09Z,2025-04-29T22:40:00Z,ARR,med,10.0
46,True,True,TORONTO,OTTAWA,2025-04-29,5,Fallowfield,FALL,2025-04-29T23:49:58Z,2025-04-29T23:40:00Z,ARR,med,9.0
46,True,True,TORONTO,OTTAWA,2025-04-29,6,Ottawa,OTTW,2025-04-30T00:08:51Z,2025-04-30T00:00:00Z,ARR,med,8.0
83,True,True,TORONTO,LONDON,2025-04-29,0,Toronto,TRTO,2025-04-29T20:15:25Z,2025-04-29T20:15:00Z,ARR,goo,0.0
83,True,True,TORONTO,LONDON,2025-04-29,1,Aldershot,ALDR,2025-04-29T20:53:00Z,2025-04-29T20:50:00Z,ARR,goo,3.0
83,True,True,TORONTO,LONDON,2025-04-29,2,Brantford,BRTF,2025-04-29T21:26:41Z,2025-04-29T21:20:00Z,ARR,med,6.0
83,True,True,TORONTO,LONDON,2025-04-29,3,Woodstock,WDST,2025-04-29T21:58:24Z,2025-04-29T21:48:00Z,ARR,med,10.0
83,True,True,TORONTO,LONDON,2025-04-29,4,London,LNDN,2025-04-29T22:29:45Z,2025-04-29T22:27:00Z,ARR,goo,2.0
28,True,True,OTTAWA,QUÉBEC,2025-04-29,0,Ottawa,OTTW,2025-04-29T20:12:00Z,2025-04-29T20:05:00Z,ARR,med,7.0
28,True,True,OTTAWA,QUÉBEC,2025-04-29,1,Casselman,CSLM,2025-04-29T20:38:38Z,2025-04-29T20:31:00Z,ARR,med,7.0
28,True,True,OTTAWA,QUÉBEC,2025-04-29,2,Alexandria,ALEX,2025-04-29T21:01:25Z,2025-04-29T20:53:00Z,ARR,med,8.0
28,True,True,OTTAWA,QUÉBEC,2025-04-29,3,Coteau,COTO,2025-04-29T21:19:27Z,2025-04-29T21:15:00Z,ARR,goo,4.0
28,True,True,OTTAWA,QUÉBEC,2025-04-29,4,Dorval,DORV,2025-04-29T21:59:50Z,2025-04-29T21:38:00Z,ARR,bad,21.0
28,True,True,OTTAWA,QUÉBEC,2025-04-29,5,Montréal,MTRL,2025-04-29T22:29:18Z,2025-04-29T22:04:00Z,ARR,bad,25.0
28,True,True,OTTAWA,QUÉBEC,2025-04-29,6,St. Lambert,SLAM,2025-04-29T23:07:13Z,2025-04-29T22:38:00Z,ARR,bad,29.0
28,True,True,OTTAWA,QUÉBEC,2025-04-29,7,St. Hyacinthe,SHYA,2025-04-29T23:41:37Z,2025-04-29T23:06:00Z,ARR,bad,35.0
28,True,True,OTTAWA,QUÉBEC,2025-04-29,8,Drummondville,DRMV,2025-04-30T00:23:10Z,2025-04-29T23:52:00Z,ARR,bad,31.0
28,True,True,OTTAWA,QUÉBEC,2025-04-29,9,Charny,CHNY,2025-04-30T02:09:01Z,2025-04-30T01:14:00Z,ARR,bad,55.0
28,True,True,OTTAWA,QUÉBEC,2025-04-29,10,Ste-Foy,SFOY,2025-04-30T02:17:23Z,2025-04-30T01:21:00Z,ARR,bad,56.0
28,True,True,OTTAWA,QUÉBEC,2025-04-29,11,Québec,QBEC,2025-04-30T02:47:18Z,2025-04-30T01:48:00Z,ARR,bad,59.0
69,True,True,MONTRÉAL,TORONTO,2025-04-29,0,Montréal,MTRL,2025-04-29T20:38:00Z,2025-04-29T20:38:00Z,ARR,goo,0.0
69,True,True,MONTRÉAL,TORONTO,2025-04-29,1,Dorval,DORV,2025-04-29T21:02:28Z,2025-04-29T21:04:00Z,ARR,goo,-1.0
69,True,True,MONTRÉAL,TORONTO,2025-04-29,2,Cornwall,CWLL,2025-04-29T22:04:45Z,2025-04-29T21:53:00Z,ARR,med,11.0
69,True,True,MONTRÉAL,TORONTO,2025-04-29,3,Brockville,BRKV,2025-04-29T22:57:35Z,2025-04-29T22:40:00Z,ARR,bad,17.0
69,True,True,MONTRÉAL,TORONTO,2025-04-29,4,Kingston,KGON,2025-04-29T23:49:17Z,2025-04-29T23:24:00Z,ARR,bad,25.0
69,True,True,MONTRÉAL,TORONTO,2025-04-29,5,Oshawa,OSHA,2025-04-30T01:58:40Z,2025-04-30T01:05:00Z,ARR,bad,53.0
69,True,True,MONTRÉAL,TORONTO,2025-04-29,6,Guildwood,GUIL,2025-04-30T02:19:55Z,2025-04-30T01:28:00Z,ARR,bad,51.0
69,True,True,MONTRÉAL,TORONTO,2025-04-29,7,Toronto,TRTO,2025-04-30T02:45:30Z,2025-04-30T01:48:00Z,ARR,bad,57.0
185,True,False,SUDBURY,WHITE RIVER,2025-04-29,0,White River,WHTR,&mdash;,2025-04-29T21:05:00Z,&mdash;,,
68,True,True,TORONTO,MONTRÉAL,2025-04-29,0,Toronto,TRTO,2025-04-29T21:40:43Z,2025-04-29T21:07:00Z,ARR,bad,33.0
68,True,True,TORONTO,MONTRÉAL,2025-04-29,1,Oshawa,OSHA,2025-04-29T22:18:06Z,2025-04-29T21:39:00Z,ARR,bad,39.0
68,True,True,TORONTO,MONTRÉAL,2025-04-29,2,Cobourg,CBRG,2025-04-29T22:52:47Z,2025-04-29T22:14:00Z,ARR,bad,38.0
68,True,True,TORONTO,MONTRÉAL,2025-04-29,3,Belleville,BLVL,2025-04-29T23:27:28Z,2025-04-29T22:49:00Z,ARR,bad,38.0
68,True,True,TORONTO,MONTRÉAL,2025-04-29,4,Kingston,KGON,2025-04-30T00:23:06Z,2025-04-29T23:26:00Z,ARR,bad,57.0
68,True,True,TORONTO,MONTRÉAL,2025-04-29,5,Brockville,BRKV,2025-04-30T01:07:26Z,2025-04-30T00:11:00Z,ARR,bad,56.0
68,True,True,TORONTO,MONTRÉAL,2025-04-29,6,Cornwall,CWLL,2025-04-30T01:55:47Z,2025-04-30T00:57:00Z,ARR,bad,58.0
68,True,True,TORONTO,MONTRÉAL,2025-04-29,7,Dorval,DORV,2025-04-30T02:57:18Z,2025-04-30T01:47:00Z,ARR,bad,70.0
68,True,True,TORONTO,MONTRÉAL,2025-04-29,8,Montréal,MTRL,2025-04-30T03:21:38Z,2025-04-30T02:14:00Z,ARR,bad,67.0
54,True,True,TORONTO,OTTAWA,2025-04-29,0,Toronto,TRTO,2025-04-29T21:40:00Z,2025-04-29T21:37:00Z,ARR,goo,3.0
54,True,True,TORONTO,OTTAWA,2025-04-29,1,Guildwood,GUIL,2025-04-29T22:15:42Z,2025-04-29T21:55:00Z,ARR,bad,20.0
54,True,True,TORONTO,OTTAWA,2025-04-29,2,Oshawa,OSHA,2025-04-29T22:33:50Z,2025-04-29T22:08:00Z,ARR,bad,25.0
54,True,True,TORONTO,OTTAWA,2025-04-29,3,Port Hope,PHOP,2025-04-29T23:00:15Z,2025-04-29T22:37:00Z,ARR,bad,23.0
54,True,True,TORONTO,OTTAWA,2025-04-29,4,Cobourg,CBRG,2025-04-29T23:09:01Z,2025-04-29T22:46:00Z,ARR,bad,23.0
54,True,True,TORONTO,OTTAWA,2025-04-29,5,Trenton Jct.,TRNJ,2025-04-29T23:39:44Z,2025-04-29T23:13:01Z,ARR,bad,26.0
54,True,True,TORONTO,OTTAWA,2025-04-29,6,Belleville,BLVL,2025-04-29T23:57:12Z,2025-04-29T23:27:00Z,ARR,bad,30.0
54,True,True,TORONTO,OTTAWA,2025-04-29,7,Napanee,NAPN,2025-04-30T00:16:39Z,2025-04-29T23:48:00Z,ARR,bad,28.0
54,True,True,TORONTO,OTTAWA,2025-04-29,8,Kingston,KGON,2025-04-30T00:53:15Z,2025-04-30T00:09:00Z,ARR,bad,44.0
54,True,True,TORONTO,OTTAWA,2025-04-29,9,Brockville,BRKV,2025-04-30T01:40:27Z,2025-04-30T00:54:00Z,ARR,bad,46.0
54,True,True,TORONTO,OTTAWA,2025-04-29,10,Smiths Falls,SMTF,2025-04-30T02:10:20Z,2025-04-30T01:25:00Z,ARR,bad,45.0
54,True,True,TORONTO,OTTAWA,2025-04-29,11,Fallowfield,FALL,2025-04-30T02:36:14Z,2025-04-30T01:52:00Z,ARR,bad,44.0
54,True,True,TORONTO,OTTAWA,2025-04-29,12,Ottawa,OTTW,2025-04-30T02:55:59Z,2025-04-30T02:13:00Z,ARR,bad,42.0
75,True,True,TORONTO,WINDSOR,2025-04-29,0,Toronto,TRTO,2025-04-29T21:30:00Z,2025-04-29T21:22:00Z,ARR,med,8.0
75,True,True,TORONTO,WINDSOR,2025-04-29,1,Oakville,OAKV,2025-04-29T21:58:12Z,2025-04-29T21:45:00Z,ARR,med,13.0
75,True,True,TORONTO,WINDSOR,2025-04-29,2,Aldershot,ALDR,2025-04-29T22:18:29Z,2025-04-29T22:01:00Z,ARR,bad,17.0
75,True,True,TORONTO,WINDSOR,2025-04-29,3,Brantford,BRTF,2025-04-29T23:04:56Z,2025-04-29T22:33:00Z,ARR,bad,31.0
75,True,True,TORONTO,WINDSOR,2025-04-29,4,Woodstock,WDST,2025-04-29T23:38:44Z,2025-04-29T23:04:00Z,ARR,bad,34.0
75,True,True,TORONTO,WINDSOR,2025-04-29,5,Ingersoll,INGR,2025-04-29T23:52:48Z,2025-04-29T23:19:00Z,ARR,bad,33.0
75,True,True,TORONTO,WINDSOR,2025-04-29,6,London,LNDN,2025-04-30T00:22:33Z,2025-04-29T23:47:00Z,ARR,bad,35.0
75,True,True,TORONTO,WINDSOR,2025-04-29,7,Glencoe,GLNC,2025-04-30T01:03:13Z,2025-04-30T00:21:00Z,ARR,bad,42.0
75,True,True,TORONTO,WINDSOR,2025-04-29,8,Chatham,CHAT,2025-04-30T01:46:47Z,2025-04-30T00:55:00Z,ARR,bad,51.0
75,True,True,TORONTO,WINDSOR,2025-04-29,9,Windsor,WDON,2025-04-30T02:58:53Z,2025-04-30T01:50:00Z,ARR,bad,68.0
98,True,True,NIAGARA FALLS,TORONTO,2025-04-29,0,Niagara Falls,NIAG,2025-04-29T21:45:00Z,2025-04-29T21:45:00Z,ARR,goo,0.0
98,True,True,NIAGARA FALLS,TORONTO,2025-04-29,1,St. Catharines,SCAT,2025-04-29T22:06:00Z,2025-04-29T22:06:00Z,ARR,goo,0.0
98,True,True,NIAGARA FALLS,TORONTO,2025-04-29,2,Grimsby,GRIM,2025-04-29T22:29:00Z,2025-04-29T22:26:00Z,ARR,goo,3.0
98,True,True,NIAGARA FALLS,TORONTO,2025-04-29,3,Aldershot,ALDR,2025-04-29T23:05:00Z,2025-04-29T23:02:00Z,ARR,goo,3.0
98,True,True,NIAGARA FALLS,TORONTO,2025-04-29,4,Oakville,OAKV,2025-04-29T23:19:00Z,2025-04-29T23:16:00Z,ARR,goo,3.0
98,True,True,NIAGARA FALLS,TORONTO,2025-04-29,5,Toronto,TRTO,2025-04-30T00:07:00Z,2025-04-29T23:43:00Z,ARR,bad,24.0
87,True,True,TORONTO,SARNIA,2025-04-29,0,Toronto,TRTO,2025-04-29T21:43:08Z,2025-04-29T21:40:00Z,ARR,goo,3.0
87,True,True,TORONTO,SARNIA,2025-04-29,1,Malton,MALT,2025-04-29T22:04:22Z,2025-04-29T22:00:00Z,ARR,goo,4.0
87,True,True,TORONTO,SARNIA,2025-04-29,2,Brampton,BRMP,2025-04-29T22:15:21Z,2025-04-29T22:12:00Z,ARR,goo,3.0
87,True,True,TORONTO,SARNIA,2025-04-29,3,Georgetown,GEOR,2025-04-29T22:25:56Z,2025-04-29T22:24:00Z,ARR,goo,1.0
87,True,True,TORONTO,SARNIA,2025-04-29,4,Guelph,GUEL,2025-04-29T23:11:42Z,2025-04-29T22:49:00Z,ARR,bad,22.0
87,True,True,TORONTO,SARNIA,2025-04-29,5,Kitchener,KITC,2025-04-29T23:43:48Z,2025-04-29T23:16:00Z,ARR,bad,27.0
87,True,True,TORONTO,SARNIA,2025-04-29,6,Stratford,STRF,2025-04-30T00:29:05Z,2025-04-29T23:57:00Z,ARR,bad,32.0
87,True,True,TORONTO,SARNIA,2025-04-29,7,St.Marys,SMYS,2025-04-30T01:09:13Z,2025-04-30T00:25:00Z,ARR,bad,44.0
87,True,True,TORONTO,SARNIA,2025-04-29,8,London,LNDN,2025-04-30T02:00:42Z,2025-04-30T01:13:00Z,ARR,bad,47.0
87,True,True,TORONTO,SARNIA,2025-04-29,9,Strathroy,STRR,2025-04-30T02:37:57Z,2025-04-30T01:39:00Z,ARR,bad,58.0
87,True,True,TORONTO,SARNIA,2025-04-29,10,Wyoming,WYOM,2025-04-30T02:58:08Z,2025-04-30T02:07:00Z,ARR,bad,51.0
87,True,True,TORONTO,SARNIA,2025-04-29,11,Sarnia,SARN,2025-04-30T03:14:49Z,2025-04-30T02:24:00Z,ARR,bad,50.0
29,True,True,QUÉBEC,MONTRÉAL,2025-04-29,0,Québec,QBEC,2025-04-29T21:48:18Z,2025-04-29T21:41:00Z,ARR,med,7.0
29,True,True,QUÉBEC,MONTRÉAL,2025-04-29,1,Ste-Foy,SFOY,2025-04-29T22:14:00Z,2025-04-29T22:06:00Z,ARR,med,8.0
29,True,True,QUÉBEC,MONTRÉAL,2025-04-29,2,Drummondville,DRMV,2025-04-30T00:00:24Z,2025-04-29T23:42:00Z,ARR,bad,18.0
29,True,True,QUÉBEC,MONTRÉAL,2025-04-29,3,St. Hyacinthe,SHYA,2025-04-30T00:44:09Z,2025-04-30T00:18:00Z,ARR,bad,26.0
29,True,True,QUÉBEC,MONTRÉAL,2025-04-29,4,St. Lambert,SLAM,2025-04-30T01:16:04Z,2025-04-30T00:45:00Z,ARR,bad,31.0
29,True,True,QUÉBEC,MONTRÉAL,2025-04-29,5,Montréal,MTRL,2025-04-30T01:31:49Z,2025-04-30T01:00:00Z,ARR,bad,31.0
668,True,True,TORONTO,MONTRÉAL,2025-04-29,0,Toronto,TRTO,2025-04-29T22:07:19Z,2025-04-29T22:07:00Z,ARR,goo,0.0
668,True,True,TORONTO,MONTRÉAL,2025-04-29,1,Guildwood,GUIL,2025-04-29T22:26:47Z,2025-04-29T22:25:00Z,ARR,goo,1.0
668,True,True,TORONTO,MONTRÉAL,2025-04-29,2,Oshawa,OSHA,2025-04-29T22:49:00Z,2025-04-29T22:39:00Z,ARR,med,10.0
668,True,True,TORONTO,MONTRÉAL,2025-04-29,3,Kingston,KGON,2025-04-30T00:39:15Z,2025-04-30T00:22:00Z,ARR,bad,17.0
668,True,True,TORONTO,MONTRÉAL,2025-04-29,4,Cornwall,CWLL,2025-04-30T02:12:01Z,2025-04-30T01:49:00Z,ARR,bad,23.0
668,True,True,TORONTO,MONTRÉAL,2025-04-29,5,Dorval,DORV,2025-04-30T03:07:09Z,2025-04-30T02:38:00Z,ARR,bad,29.0
668,True,True,TORONTO,MONTRÉAL,2025-04-29,6,Montréal,MTRL,2025-04-30T03:30:48Z,2025-04-30T03:04:00Z,ARR,bad,26.0
59,True,True,OTTAWA,TORONTO,2025-04-29,0,Ottawa,OTTW,2025-04-29T22:03:00Z,2025-04-29T22:03:00Z,ARR,goo,0.0
59,True,True,OTTAWA,TORONTO,2025-04-29,1,Fallowfield,FALL,2025-04-29T22:18:51Z,2025-04-29T22:20:00Z,ARR,goo,-1.0
59,True,True,OTTAWA,TORONTO,2025-04-29,2,Smiths Falls,SMTF,2025-04-29T22:54:32Z,2025-04-29T22:51:00Z,ARR,goo,3.0
59,True,True,OTTAWA,TORONTO,2025-04-29,3,Brockville,BRKV,2025-04-29T23:35:51Z,2025-04-29T23:25:00Z,ARR,med,10.0
59,True,True,OTTAWA,TORONTO,2025-04-29,4,Kingston,KGON,2025-04-30T00:25:08Z,2025-04-30T00:10:00Z,ARR,bad,15.0
59,True,True,OTTAWA,TORONTO,2025-04-29,5,Belleville,BLVL,2025-04-30T01:11:31Z,2025-04-30T00:51:00Z,ARR,bad,20.0
59,True,True,OTTAWA,TORONTO,2025-04-29,6,Trenton Jct.,TRNJ,2025-04-30T01:25:13Z,2025-04-30T01:05:00Z,ARR,bad,20.0
59,True,True,OTTAWA,TORONTO,2025-04-29,7,Cobourg,CBRG,2025-04-30T01:55:53Z,2025-04-30T01:31:00Z,ARR,bad,24.0
59,True,True,OTTAWA,TORONTO,2025-04-29,8,Oshawa,OSHA,2025-04-30T02:39:49Z,2025-04-30T02:05:00Z,ARR,bad,34.0
59,True,True,OTTAWA,TORONTO,2025-04-29,9,Guildwood,GUIL,2025-04-30T03:00:55Z,2025-04-30T02:28:00Z,ARR,bad,32.0
59,True,True,OTTAWA,TORONTO,2025-04-29,10,Toronto,TRTO,2025-04-30T03:28:17Z,2025-04-30T02:48:00Z,ARR,bad,40.0
78,True,True,WINDSOR,TORONTO,2025-04-29,0,Windsor,WDON,2025-04-29T21:40:00Z,2025-04-29T21:40:00Z,ARR,goo,0.0
78,True,True,WINDSOR,TORONTO,2025-04-29,1,Chatham,CHAT,2025-04-29T22:21:22Z,2025-04-29T22:24:00Z,ARR,goo,-2.0
78,True,True,WINDSOR,TORONTO,2025-04-29,2,Glencoe,GLNC,2025-04-29T23:06:50Z,2025-04-29T22:59:00Z,ARR,med,7.0
78,True,True,WINDSOR,TORONTO,2025-04-29,3,London,LNDN,2025-04-29T23:42:48Z,2025-04-29T23:32:00Z,ARR,med,10.0
78,True,True,WINDSOR,TORONTO,2025-04-29,4,Ingersoll,INGR,2025-04-30T00:07:15Z,2025-04-29T23:57:00Z,ARR,med,10.0
78,True,True,WINDSOR,TORONTO,2025-04-29,5,Woodstock,WDST,2025-04-30T00:18:41Z,2025-04-30T00:08:00Z,ARR,med,10.0
78,True,True,WINDSOR,TORONTO,2025-04-29,6,Brantford,BRTF,2025-04-30T00:46:39Z,2025-04-30T00:39:00Z,ARR,med,7.0
78,True,True,WINDSOR,TORONTO,2025-04-29,7,Aldershot,ALDR,2025-04-30T01:16:57Z,2025-04-30T01:09:00Z,ARR,med,7.0
78,True,True,WINDSOR,TORONTO,2025-04-29,8,Oakville,OAKV,2025-04-30T01:34:46Z,2025-04-30T01:24:00Z,ARR,med,10.0
78,True,True,WINDSOR,TORONTO,2025-04-29,9,Toronto,TRTO,2025-04-30T02:16:07Z,2025-04-30T01:50:00Z,ARR,bad,26.0
38,True,True,OTTAWA,MONTRÉAL,2025-04-29,0,Ottawa,OTTW,2025-04-29T21:55:00Z,2025-04-29T21:55:00Z,ARR,goo,0.0
38,True,True,OTTAWA,MONTRÉAL,2025-04-29,1,Casselman,CSLM,2025-04-29T22:20:53Z,2025-04-29T22:26:00Z,ARR,goo,-5.0
38,True,True,OTTAWA,MONTRÉAL,2025-04-29,2,Alexandria,ALEX,2025-04-29T23:05:52Z,2025-04-29T22:49:00Z,ARR,bad,16.0
38,True,True,OTTAWA,MONTRÉAL,2025-04-29,3,Dorval,DORV,2025-04-30T00:01:20Z,2025-04-29T23:33:00Z,ARR,bad,28.0
38,True,True,OTTAWA,MONTRÉAL,2025-04-29,4,Montréal,MTRL,2025-04-30T00:27:54Z,2025-04-29T23:57:00Z,ARR,bad,30.0
669,True,False,MONTRÉAL,TORONTO,2025-04-29,0,Montréal,MTRL,2025-04-29T22:09:00Z,2025-04-29T22:09:00Z,ARR,goo,0.0
669,True,False,MONTRÉAL,TORONTO,2025-04-29,1,Dorval,DORV,2025-04-29T22:32:26Z,2025-04-29T22:34:00Z,ARR,goo,-1.0
669,True,False,MONTRÉAL,TORONTO,2025-04-29,2,Cornwall,CWLL,2025-04-29T23:33:52Z,2025-04-29T23:26:00Z,ARR,med,7.0
669,True,False,MONTRÉAL,TORONTO,2025-04-29,3,Kingston,KGON,2025-04-30T01:20:28Z,2025-04-30T00:52:00Z,ARR,bad,28.0
669,True,False,MONTRÉAL,TORONTO,2025-04-29,4,Oshawa,OSHA,2025-04-30T03:23:46Z,2025-04-30T02:35:00Z,ARR,bad,48.0
669,True,False,MONTRÉAL,TORONTO,2025-04-29,5,Toronto,TRTO,2025-04-30T04:03:31Z,2025-04-30T03:18:00Z,7 mins,bad,45.0
48,True,True,TORONTO,OTTAWA,2025-04-29,0,Toronto,TRTO,2025-04-29T22:47:00Z,2025-04-29T22:37:00Z,ARR,med,10.0
48,True,True,TORONTO,OTTAWA,2025-04-29,1,Oshawa,OSHA,2025-04-29T23:20:50Z,2025-04-29T23:08:00Z,ARR,med,12.0
48,True,True,TORONTO,OTTAWA,2025-04-29,2,Port Hope,PHOP,2025-04-29T23:50:14Z,2025-04-29T23:36:00Z,ARR,med,14.0
48,True,True,TORONTO,OTTAWA,2025-04-29,3,Cobourg,CBRG,2025-04-29T23:55:57Z,2025-04-29T23:45:00Z,ARR,med,10.0
48,True,True,TORONTO,OTTAWA,2025-04-29,4,Trenton Jct.,TRNJ,2025-04-30T00:22:55Z,2025-04-30T00:12:01Z,ARR,med,10.0
48,True,True,TORONTO,OTTAWA,2025-04-29,5,Belleville,BLVL,2025-04-30T00:35:53Z,2025-04-30T00:25:00Z,ARR,med,10.0
48,True,True,TORONTO,OTTAWA,2025-04-29,6,Napanee,NAPN,2025-04-30T00:55:04Z,2025-04-30T00:46:00Z,ARR,med,9.0
48,True,True,TORONTO,OTTAWA,2025-04-29,7,Kingston,KGON,2025-04-30T01:13:41Z,2025-04-30T01:06:00Z,ARR,med,7.0
48,True,True,TORONTO,OTTAWA,2025-04-29,8,Gananoque,GANA,2025-04-30T01:37:37Z,2025-04-30T01:28:00Z,ARR,med,9.0
48,True,True,TORONTO,OTTAWA,2025-04-29,9,Brockville,BRKV,2025-04-30T02:04:01Z,2025-04-30T01:53:00Z,ARR,med,11.0
48,True,True,TORONTO,OTTAWA,2025-04-29,10,Smiths Falls,SMTF,2025-04-30T02:41:52Z,2025-04-30T02:24:00Z,ARR,bad,17.0
48,True,True,TORONTO,OTTAWA,2025-04-29,11,Fallowfield,FALL,2025-04-30T03:07:40Z,2025-04-30T02:51:00Z,ARR,bad,16.0
48,True,True,TORONTO,OTTAWA,2025-04-29,12,Ottawa,OTTW,2025-04-30T03:27:12Z,2025-04-30T03:11:00Z,ARR,bad,16.0
79,True,False,TORONTO,WINDSOR,2025-04-29,0,Toronto,TRTO,2025-04-29T23:45:00Z,2025-04-29T23:45:00Z,ARR,goo,0.0
79,True,False,TORONTO,WINDSOR,2025-04-29,1,Oakville,OAKV,2025-04-30T00:10:42Z,2025-04-30T00:07:00Z,ARR,goo,3.0
79,True,False,TORONTO,WINDSOR,2025-04-29,2,Aldershot,ALDR,2025-04-30T00:26:25Z,2025-04-30T00:22:00Z,ARR,goo,4.0
79,True,False,TORONTO,WINDSOR,2025-04-29,3,Brantford,BRTF,2025-04-30T01:02:09Z,2025-04-30T00:50:00Z,ARR,med,12.0
79,True,False,TORONTO,WINDSOR,2025-04-29,4,Woodstock,WDST,2025-04-30T01:29:33Z,2025-04-30T01:17:00Z,ARR,med,12.0
79,True,False,TORONTO,WINDSOR,2025-04-29,5,Ingersoll,INGR,2025-04-30T01:40:49Z,2025-04-30T01:30:00Z,ARR,med,10.0
79,True,False,TORONTO,WINDSOR,2025-04-29,6,London,LNDN,2025-04-30T02:06:10Z,2025-04-30T01:52:00Z,ARR,med,14.0
79,True,False,TORONTO,WINDSOR,2025-04-29,7,Glencoe,GLNC,2025-04-30T02:43:42Z,2025-04-30T02:25:00Z,ARR,bad,18.0
79,True,False,TORONTO,WINDSOR,2025-04-29,8,Chatham,CHAT,2025-04-30T03:21:28Z,2025-04-30T02:57:00Z,ARR,bad,24.0
79,True,False,TORONTO,WINDSOR,2025-04-29,9,Windsor,WDON,2025-04-30T04:03:00Z,2025-04-30T03:44:00Z,6 mins,bad,19.0
690,True,False,CHURCHILL,THE PAS,2025-04-29,0,Churchill,CHUR,2025-04-30T01:30:00Z,2025-04-30T01:30:00Z,ARR,goo,0.0
690,True,False,CHURCHILL,THE PAS,2025-04-29,1,Tidal,TIDL,2025-04-30T01:58:42Z,2025-04-30T01:52:00Z,ARR,med,6.0
690,True,False,CHURCHILL,THE PAS,2025-04-29,2,Chesnaye,CHES,2025-04-30T03:07:40Z,2025-04-30T02:38:00Z,ARR,bad,29.0
690,True,False,CHURCHILL,THE PAS,2025-04-29,3,M'Clintock,MCLI,2025-04-30T04:22:10Z,2025-04-30T03:54:00Z,26 mins,bad,28.0
690,True,False,CHURCHILL,THE PAS,2025-04-29,4,O'Day,ODAY,2025-04-30T05:07:10Z,2025-04-30T04:39:00Z,1h11,bad,28.0
690,True,False,CHURCHILL,THE PAS,2025-04-29,5,Herchmer,HERC,2025-04-30T05:46:10Z,2025-04-30T05:18:00Z,1h50,bad,28.0
690,True,False,CHURCHILL,THE PAS,2025-04-29,6,Thibaudeau,THIB,2025-04-30T07:12:10Z,2025-04-30T06:44:00Z,3h16,bad,28.0
690,True,False,CHURCHILL,THE PAS,2025-04-29,7,Weir River,WEIR,2025-04-30T08:14:10Z,2025-04-30T07:46:00Z,4h18,bad,28.0
690,True,False,CHURCHILL,THE PAS,2025-04-29,8,Amery,AMRY,2025-04-30T09:05:10Z,2025-04-30T08:37:00Z,5h09,bad,28.0
690,True,False,CHURCHILL,THE PAS,2025-04-29,9,Bird,BIRD,2025-04-30T09:28:10Z,2025-04-30T09:00:00Z,5h32,bad,28.0
690,True,False,CHURCHILL,THE PAS,2025-04-29,10,Gillam,GILL,2025-04-30T10:28:10Z,2025-04-30T10:00:00Z,6h32,bad,28.0
690,True,False,CHURCHILL,THE PAS,2025-04-29,11,Wivenhoe,WVHO,2025-04-30T11:44:10Z,2025-04-30T11:16:00Z,7h48,bad,28.0
690,True,False,CHURCHILL,THE PAS,2025-04-29,12,Ilford,ILFO,2025-04-30T12:21:10Z,2025-04-30T11:53:00Z,8h25,bad,28.0
690,True,False,CHURCHILL,THE PAS,2025-04-29,13,Pit Siding,PITS,2025-04-30T13:22:10Z,2025-04-30T12:54:00Z,9h26,bad,28.0
690,True,False,CHURCHILL,THE PAS,2025-04-29,14,Bridgar,BRGR,2025-04-30T14:44:10Z,2025-04-30T14:16:00Z,10h48,bad,28.0
690,True,False,CHURCHILL,THE PAS,2025-04-29,15,Pikwitonei,PIKW,2025-04-30T14:55:10Z,2025-04-30T14:27:00Z,10h59,bad,28.0
690,True,False,CHURCHILL,THE PAS,2025-04-29,16,Sipiwesk,SIPI,2025-04-30T15:22:10Z,2025-04-30T14:54:00Z,11h26,bad,28.0
690,True,False,CHURCHILL,THE PAS,2025-04-29,17,Thompson,THOM,2025-04-30T16:58:10Z,2025-04-30T16:30:00Z,13h02,bad,28.0
