train_id,departed,arrived,from,to,instance,stop_id,station,code,estimated,scheduled,eta,diff,diffMin
1 (06-11),True,False,TORONTO,VANCOUVER,2025-06-11,0,Toronto,TRTO,2025-06-11T13:55:00Z,2025-06-11T13:55:00Z,ARR,goo,0.0
1 (06-11),True,False,TORONTO,VANCOUVER,2025-06-11,1,Washago,WSHG,2025-06-11T17:39:57Z,2025-06-11T16:25:00Z,ARR,bad,74.0
1 (06-11),True,False,TORONTO,VANCOUVER,2025-06-11,2,South Parry,SPAR,2025-06-11T19:17:02Z,2025-06-11T18:27:00Z,ARR,bad,50.0
1 (06-11),True,False,TORONTO,VANCOUVER,2025-06-11,3,Sudbury (Jct.),SUDJ,2025-06-11T21:34:29Z,2025-06-11T20:57:00Z,ARR,bad,37.0
1 (06-11),True,False,TORONTO,VANCOUVER,2025-06-11,4,Capreol,CAPR,2025-06-11T22:05:37Z,2025-06-11T21:22:00Z,ARR,bad,43.0
1 (06-11),True,False,TORONTO,VANCOUVER,2025-06-11,5,Laforest,LAFO,2025-06-11T23:20:28Z,2025-06-11T22:48:00Z,ARR,bad,32.0
1 (06-11),True,False,TORONTO,VANCOUVER,2025-06-11,6,McKee's Camp,MCKC,2025-06-11T23:28:31Z,2025-06-11T23:01:00Z,ARR,bad,27.0
1 (06-11),True,False,TORONTO,VANCOUVER,2025-06-11,7,Felix,FELX,2025-06-11T23:48:31Z,2025-06-11T23:21:00Z,ARR,bad,27.0
1 (06-11),True,False,TORONTO,VANCOUVER,2025-06-11,8,Ruel,RUEL,2025-06-11T23:55:31Z,2025-06-11T23:28:00Z,ARR,bad,27.0
1 (06-11),True,False,TORONTO,VANCOUVER,2025-06-11,9,Westree,WSTR,2025-06-12T00:13:02Z,2025-06-11T23:45:00Z,ARR,bad,28.0
1 (06-11),True,False,TORONTO,VANCOUVER,2025-06-11,10,Gogama,GOGA,2025-06-12T00:39:48Z,2025-06-12T00:18:00Z,ARR,bad,21.0
1 (06-11),True,False,TORONTO,VANCOUVER,2025-06-11,11,Foleyet,FOLE,2025-06-12T02:20:17Z,2025-06-12T02:44:00Z,ARR,goo,-23.0
1 (06-11),True,False,TORONTO,VANCOUVER,2025-06-11,12,Elsas,ELSA,2025-06-12T03:07:55Z,2025-06-12T03:38:00Z,ARR,goo,-30.0
1 (06-11),True,False,TORONTO,VANCOUVER,2025-06-11,13,Oba,OBAX,2025-06-12T05:11:25Z,2025-06-12T05:38:00Z,ARR,goo,-26.0
1 (06-11),True,False,TORONTO,VANCOUVER,2025-06-11,14,Hornepayne,HNPN,2025-06-12T05:45:49Z,2025-06-12T06:29:00Z,ARR,goo,-43.0
1 (06-11),True,False,TORONTO,VANCOUVER,2025-06-11,15,Hillsport,HLSP,2025-06-12T08:11:22Z,2025-06-12T08:05:00Z,ARR,med,6.0
1 (06-11),True,False,TORONTO,VANCOUVER,2025-06-11,16,Caramat,CARA,2025-06-12T08:48:18Z,2025-06-12T08:55:00Z,ARR,goo,-6.0
1 (06-11),True,False,TORONTO,VANCOUVER,2025-06-11,17,Longlac,LLAC,2025-06-12T09:28:45Z,2025-06-12T09:34:00Z,ARR,goo,-5.0
1 (06-11),True,False,TORONTO,VANCOUVER,2025-06-11,18,Nakina,NAKI,2025-06-12T10:30:44Z,2025-06-12T10:13:00Z,ARR,bad,17.0
1 (06-11),True,False,TORONTO,VANCOUVER,2025-06-11,19,Auden,AUDN,2025-06-12T11:46:13Z,2025-06-12T11:19:00Z,ARR,bad,27.0
1 (06-11),True,False,TORONTO,VANCOUVER,2025-06-11,20,Ferland,FERL,2025-06-12T12:23:13Z,2025-06-12T11:56:00Z,ARR,bad,27.0
1 (06-11),True,False,TORONTO,VANCOUVER,2025-06-11,21,Mud River,MUDR,2025-06-12T12:28:49Z,2025-06-12T12:05:00Z,ARR,bad,23.0
1 (06-11),True,False,TORONTO,VANCOUVER,2025-06-11,22,Armstrong,ARMG,2025-06-12T12:55:19Z,2025-06-12T13:17:00Z,ARR,goo,-21.0
1 (06-11),True,False,TORONTO,VANCOUVER,2025-06-11,23,Collins,COLL,2025-06-12T13:39:28Z,2025-06-12T13:47:00Z,ARR,goo,-7.0
1 (06-11),True,False,TORONTO,VANCOUVER,2025-06-11,24,Allanwater Bridge,ALWB,2025-06-12T14:24:23Z,2025-06-12T14:26:00Z,ARR,goo,-1.0
1 (06-11),True,False,TORONTO,VANCOUVER,2025-06-11,25,Flindt Landing,FLTL,2025-06-12T14:56:11Z,2025-06-12T14:42:00Z,ARR,med,14.0
1 (06-11),True,False,TORONTO,VANCOUVER,2025-06-11,26,Savant Lake,SAVL,2025-06-12T15:13:11Z,2025-06-12T14:59:00Z,ARR,med,14.0
1 (06-11),True,False,TORONTO,VANCOUVER,2025-06-11,27,Sioux Lookout,SLKT,2025-06-12T17:02:24Z,2025-06-12T16:25:00Z,ARR,bad,37.0
1 (06-11),True,False,TORONTO,VANCOUVER,2025-06-11,28,Richan,RCHN,2025-06-12T19:10:58Z,2025-06-12T18:05:00Z,ARR,bad,65.0
1 (06-11),True,False,TORONTO,VANCOUVER,2025-06-11,29,Red Lake Road,RLRX,2025-06-12T19:48:23Z,2025-06-12T18:41:00Z,ARR,bad,67.0
1 (06-11),True,False,TORONTO,VANCOUVER,2025-06-11,30,Canyon,CNYK,2025-06-12T20:16:53Z,2025-06-12T19:10:00Z,ARR,bad,66.0
1 (06-11),True,False,TORONTO,VANCOUVER,2025-06-11,31,Farlane,FARL,2025-06-12T20:47:59Z,2025-06-12T19:47:00Z,ARR,bad,60.0
1 (06-11),True,False,TORONTO,VANCOUVER,2025-06-11,32,Redditt,RDDT,2025-06-12T21:01:48Z,2025-06-12T20:23:00Z,ARR,bad,38.0
1 (06-11),True,False,TORONTO,VANCOUVER,2025-06-11,33,Minaki,MNKI,2025-06-12T21:25:08Z,2025-06-12T20:44:00Z,ARR,bad,41.0
1 (06-11),True,False,TORONTO,VANCOUVER,2025-06-11,34,Ottermere,OTTM,2025-06-12T21:40:52Z,2025-06-12T21:01:00Z,ARR,bad,39.0
1 (06-11),True,False,TORONTO,VANCOUVER,2025-06-11,35,Malachi,MLCH,2025-06-12T21:46:52Z,2025-06-12T21:07:00Z,ARR,bad,39.0
1 (06-11),True,False,TORONTO,VANCOUVER,2025-06-11,36,Copelands Landing,COPE,2025-06-12T21:48:52Z,2025-06-12T21:09:00Z,ARR,bad,39.0
1 (06-11),True,False,TORONTO,VANCOUVER,2025-06-11,37,Rice Lake,RCLK,2025-06-12T21:53:23Z,2025-06-12T21:12:00Z,ARR,bad,41.0
1 (06-11),True,False,TORONTO,VANCOUVER,2025-06-11,38,Winnitoba,WNTB,2025-06-12T22:00:24Z,2025-06-12T21:26:00Z,ARR,bad,34.0
1 (06-11),True,False,TORONTO,VANCOUVER,2025-06-11,39,Ophir,OPHR,2025-06-12T22:01:23Z,2025-06-12T21:31:00Z,ARR,bad,30.0
1 (06-11),True,False,TORONTO,VANCOUVER,2025-06-11,40,Brereton Lake,BRTL,2025-06-12T22:13:59Z,2025-06-12T21:49:00Z,ARR,bad,24.0
1 (06-11),True,False,TORONTO,VANCOUVER,2025-06-11,41,Elma,ELMA,2025-06-12T22:29:18Z,2025-06-12T22:10:00Z,ARR,bad,19.0
1 (06-11),True,False,TORONTO,VANCOUVER,2025-06-11,42,Winnipeg,WNPG,2025-06-13T00:41:14Z,2025-06-13T00:30:00Z,ARR,med,11.0
1 (06-11),True,False,TORONTO,VANCOUVER,2025-06-11,43,Portage La Prairie,PLPX,2025-06-13T04:02:28Z,2025-06-13T04:04:00Z,ARR,goo,-1.0
1 (06-11),True,False,TORONTO,VANCOUVER,2025-06-11,44,Rivers,RVRS,2025-06-13T05:23:16Z,2025-06-13T06:31:00Z,ARR,goo,-67.0
1 (06-11),True,False,TORONTO,VANCOUVER,2025-06-11,45,Melville,MELV,2025-06-13T10:41:33Z,2025-06-13T10:54:00Z,ARR,goo,-12.0
1 (06-11),True,False,TORONTO,VANCOUVER,2025-06-11,46,Watrous,WATR,2025-06-13T13:38:49Z,2025-06-13T13:54:00Z,ARR,goo,-15.0
1 (06-11),True,False,TORONTO,VANCOUVER,2025-06-11,47,Saskatoon,SASK,2025-06-13T16:21:43Z,2025-06-13T15:50:00Z,ARR,bad,31.0
1 (06-11),True,False,TORONTO,VANCOUVER,2025-06-11,48,Biggar,BIGG,2025-06-13T19:05:02Z,2025-06-13T18:29:00Z,ARR,bad,36.0
1 (06-11),True,False,TORONTO,VANCOUVER,2025-06-11,49,Unity,UNIT,2025-06-13T20:08:05Z,2025-06-13T19:44:00Z,ARR,bad,24.0
1 (06-11),True,False,TORONTO,VANCOUVER,2025-06-11,50,Wainwright,WAIN,2025-06-13T22:27:27Z,2025-06-13T22:33:00Z,ARR,goo,-5.0
1 (06-11),True,False,TORONTO,VANCOUVER,2025-06-11,51,Viking,VKNG,2025-06-13T23:30:32Z,2025-06-13T23:26:00Z,ARR,goo,4.0
1 (06-11),True,False,TORONTO,VANCOUVER,2025-06-11,52,Edmonton,EDMO,2025-06-14T03:02:33Z,2025-06-14T02:50:00Z,ARR,med,12.0
1 (06-11),True,False,TORONTO,VANCOUVER,2025-06-11,53,Evansburg,EVAN,2025-06-14T07:25:24Z,2025-06-14T07:29:00Z,ARR,goo,-3.0
1 (06-11),True,False,TORONTO,VANCOUVER,2025-06-11,54,Edson,EDSN,2025-06-14T09:11:34Z,2025-06-14T08:52:00Z,ARR,bad,19.0
1 (06-11),True,False,TORONTO,VANCOUVER,2025-06-11,55,Hinton,HINT,2025-06-14T11:50:03Z,2025-06-14T09:58:00Z,ARR,bad,112.0
1 (06-11),True,False,TORONTO,VANCOUVER,2025-06-11,56,Jasper,JASP,2025-06-14T13:13:34Z,2025-06-14T12:30:00Z,ARR,bad,43.0
1 (06-11),True,False,TORONTO,VANCOUVER,2025-06-11,57,Valemount,VLMT,2025-06-14T17:51:53Z,2025-06-14T17:50:00Z,ARR,goo,1.0
1 (06-11),True,False,TORONTO,VANCOUVER,2025-06-11,58,Blue River,BLUE,2025-06-14T20:06:37Z,2025-06-14T20:36:00Z,ARR,goo,-29.0
1 (06-11),True,False,TORONTO,VANCOUVER,2025-06-11,59,Clearwater,CLWT,2025-06-14T22:33:26Z,2025-06-14T22:45:00Z,ARR,goo,-11.0
1 (06-11),True,False,TORONTO,VANCOUVER,2025-06-11,60,Kamloops North,KAMN,2025-06-15T00:52:12Z,2025-06-15T01:28:00Z,ARR,goo,-35.0
1 (06-11),True,False,TORONTO,VANCOUVER,2025-06-11,61,Ashcroft,ASHN,2025-06-15T03:16:54Z,2025-06-15T03:49:00Z,ARR,goo,-32.0
1 (06-11),True,False,TORONTO,VANCOUVER,2025-06-11,62,Boston Bar,BBAR,2025-06-15T06:04:10Z,2025-06-15T06:36:00Z,2h42,goo,-31.0
1 (06-11),True,False,TORONTO,VANCOUVER,2025-06-11,63,Hope,HOPE,2025-06-15T08:06:00Z,2025-06-15T08:06:00Z,4h44,goo,0.0
1 (06-11),True,False,TORONTO,VANCOUVER,2025-06-11,64,Chilliwack,CHIL,&mdash;,2025-06-15T08:30:00Z,&mdash;,,
1 (06-11),True,False,TORONTO,VANCOUVER,2025-06-11,65,Abbotsford,ABBO,&mdash;,2025-06-15T09:00:00Z,&mdash;,,
1 (06-11),True,False,TORONTO,VANCOUVER,2025-06-11,66,Vancouver,VCVR,&mdash;,2025-06-15T15:00:00Z,&mdash;,,
692 (06-12),True,True,CHURCHILL,WINNIPEG,2025-06-12,0,Churchill,CHUR,2025-06-13T01:30:00Z,2025-06-13T01:30:00Z,ARR,goo,0.0
692 (06-12),True,True,CHURCHILL,WINNIPEG,2025-06-12,1,Tidal,TIDL,2025-06-13T01:56:41Z,2025-06-13T01:52:00Z,ARR,goo,4.0
692 (06-12),True,True,CHURCHILL,WINNIPEG,2025-06-12,2,Chesnaye,CHES,2025-06-13T02:57:11Z,2025-06-13T02:38:00Z,ARR,bad,19.0
692 (06-12),True,True,CHURCHILL,WINNIPEG,2025-06-12,3,M'Clintock,MCLI,2025-06-13T04:18:35Z,2025-06-13T03:54:00Z,ARR,bad,24.0
692 (06-12),True,True,CHURCHILL,WINNIPEG,2025-06-12,4,O'Day,ODAY,2025-06-13T05:03:35Z,2025-06-13T04:39:00Z,ARR,bad,24.0
692 (06-12),True,True,CHURCHILL,WINNIPEG,2025-06-12,5,Herchmer,HERC,2025-06-13T05:34:31Z,2025-06-13T05:18:00Z,ARR,bad,16.0
692 (06-12),True,True,CHURCHILL,WINNIPEG,2025-06-12,6,Thibaudeau,THIB,2025-06-13T07:13:02Z,2025-06-13T06:44:00Z,ARR,bad,29.0
692 (06-12),True,True,CHURCHILL,WINNIPEG,2025-06-12,7,Weir River,WEIR,2025-06-13T07:39:04Z,2025-06-13T07:46:00Z,ARR,goo,-6.0
692 (06-12),True,True,CHURCHILL,WINNIPEG,2025-06-12,8,Amery,AMRY,2025-06-13T08:15:52Z,2025-06-13T08:37:00Z,ARR,goo,-21.0
692 (06-12),True,True,CHURCHILL,WINNIPEG,2025-06-12,9,Bird,BIRD,2025-06-13T08:52:52Z,2025-06-13T09:00:00Z,ARR,goo,-7.0
692 (06-12),True,True,CHURCHILL,WINNIPEG,2025-06-12,10,Gillam,GILL,2025-06-13T09:39:05Z,2025-06-13T10:00:00Z,ARR,goo,-20.0
692 (06-12),True,True,CHURCHILL,WINNIPEG,2025-06-12,11,Wivenhoe,WVHO,2025-06-13T11:17:58Z,2025-06-13T11:16:00Z,ARR,goo,1.0
692 (06-12),True,True,CHURCHILL,WINNIPEG,2025-06-12,12,Ilford,ILFO,2025-06-13T12:08:04Z,2025-06-13T11:53:00Z,ARR,bad,15.0
692 (06-12),True,True,CHURCHILL,WINNIPEG,2025-06-12,13,Pit Siding,PITS,2025-06-13T13:24:53Z,2025-06-13T12:54:00Z,ARR,bad,30.0
692 (06-12),True,True,CHURCHILL,WINNIPEG,2025-06-12,14,Bridgar,BRGR,2025-06-13T14:47:30Z,2025-06-13T14:16:00Z,ARR,bad,31.0
692 (06-12),True,True,CHURCHILL,WINNIPEG,2025-06-12,15,Pikwitonei,PIKW,2025-06-13T14:58:30Z,2025-06-13T14:27:00Z,ARR,bad,31.0
692 (06-12),True,True,CHURCHILL,WINNIPEG,2025-06-12,16,Sipiwesk,SIPI,2025-06-13T15:37:08Z,2025-06-13T14:54:00Z,ARR,bad,43.0
692 (06-12),True,True,CHURCHILL,WINNIPEG,2025-06-12,17,Thompson,THOM,2025-06-13T18:42:45Z,2025-06-13T16:30:00Z,ARR,bad,132.0
692 (06-12),True,True,CHURCHILL,WINNIPEG,2025-06-12,18,Leven,LEVN,2025-06-13T21:17:49Z,2025-06-13T21:05:00Z,ARR,med,12.0
692 (06-12),True,True,CHURCHILL,WINNIPEG,2025-06-12,19,Thicket Portage,THKP,2025-06-13T21:34:49Z,2025-06-13T21:22:00Z,ARR,med,12.0
692 (06-12),True,True,CHURCHILL,WINNIPEG,2025-06-12,20,Hockin,HOCK,2025-06-13T21:49:49Z,2025-06-13T21:37:00Z,ARR,med,12.0
692 (06-12),True,True,CHURCHILL,WINNIPEG,2025-06-12,21,Odhill,ODHI,2025-06-13T22:29:33Z,2025-06-13T22:21:00Z,ARR,med,8.0
692 (06-12),True,True,CHURCHILL,WINNIPEG,2025-06-12,22,Lyddal,LYDD,2025-06-13T22:43:00Z,2025-06-13T22:43:00Z,ARR,goo,0.0
692 (06-12),True,True,CHURCHILL,WINNIPEG,2025-06-12,23,Wabowden,WBDN,2025-06-13T23:11:00Z,2025-06-13T23:11:00Z,ARR,goo,0.0
692 (06-12),True,True,CHURCHILL,WINNIPEG,2025-06-12,24,Pipun,PIPN,2025-06-13T23:34:00Z,2025-06-13T23:34:00Z,ARR,goo,0.0
692 (06-12),True,True,CHURCHILL,WINNIPEG,2025-06-12,25,Ponton,PNTN,2025-06-14T00:17:00Z,2025-06-14T00:17:00Z,ARR,goo,0.0
692 (06-12),True,True,CHURCHILL,WINNIPEG,2025-06-12,26,Turnbull,TURN,2025-06-14T00:49:00Z,2025-06-14T00:49:00Z,ARR,goo,0.0
692 (06-12),True,True,CHURCHILL,WINNIPEG,2025-06-12,27,Wekusko,WEKU,2025-06-14T01:16:00Z,2025-06-14T01:16:00Z,ARR,goo,0.0
692 (06-12),True,True,CHURCHILL,WINNIPEG,2025-06-12,28,Dyce,DYCE,2025-06-14T01:58:08Z,2025-06-14T02:00:00Z,ARR,goo,-1.0
692 (06-12),True,True,CHURCHILL,WINNIPEG,2025-06-12,29,Dering,DERI,2025-06-14T02:29:04Z,2025-06-14T02:39:00Z,ARR,goo,-9.0
692 (06-12),True,True,CHURCHILL,WINNIPEG,2025-06-12,30,Cormorant,CORM,2025-06-14T02:47:00Z,2025-06-14T02:47:00Z,ARR,goo,0.0
692 (06-12),True,True,CHURCHILL,WINNIPEG,2025-06-12,31,Halcrow,HALC,2025-06-14T02:48:15Z,2025-06-14T02:58:00Z,ARR,goo,-9.0
692 (06-12),True,True,CHURCHILL,WINNIPEG,2025-06-12,32,Orok,OROK,2025-06-14T03:32:55Z,2025-06-14T03:52:00Z,ARR,goo,-19.0
692 (06-12),True,True,CHURCHILL,WINNIPEG,2025-06-12,33,The Pas,TPAS,2025-06-14T04:04:42Z,2025-06-14T04:30:00Z,ARR,goo,-25.0
692 (06-12),True,True,CHURCHILL,WINNIPEG,2025-06-12,34,Hudson Bay,HBAY,2025-06-14T10:38:46Z,2025-06-14T10:27:00Z,ARR,med,11.0
692 (06-12),True,True,CHURCHILL,WINNIPEG,2025-06-12,35,Reserve,RSRV,2025-06-14T11:30:01Z,2025-06-14T11:09:00Z,ARR,bad,21.0
692 (06-12),True,True,CHURCHILL,WINNIPEG,2025-06-12,36,Endeavour,ENDV,2025-06-14T12:22:49Z,2025-06-14T11:55:00Z,ARR,bad,27.0
692 (06-12),True,True,CHURCHILL,WINNIPEG,2025-06-12,37,Sturgis,STGS,2025-06-14T12:58:22Z,2025-06-14T12:24:00Z,ARR,bad,34.0
692 (06-12),True,True,CHURCHILL,WINNIPEG,2025-06-12,38,Canora,CANO,2025-06-14T13:50:48Z,2025-06-14T13:08:00Z,ARR,bad,42.0
692 (06-12),True,True,CHURCHILL,WINNIPEG,2025-06-12,39,Mikado,MIKA,2025-06-14T14:16:51Z,2025-06-14T13:30:00Z,ARR,bad,46.0
692 (06-12),True,True,CHURCHILL,WINNIPEG,2025-06-12,40,Veregin,VERE,2025-06-14T14:27:51Z,2025-06-14T13:43:00Z,ARR,bad,44.0
692 (06-12),True,True,CHURCHILL,WINNIPEG,2025-06-12,41,Kamsack,KAMS,2025-06-14T14:40:32Z,2025-06-14T13:58:00Z,ARR,bad,42.0
692 (06-12),True,True,CHURCHILL,WINNIPEG,2025-06-12,42,Togo,TOGO,2025-06-14T15:18:36Z,2025-06-14T14:37:00Z,ARR,bad,41.0
692 (06-12),True,True,CHURCHILL,WINNIPEG,2025-06-12,43,Roblin,RBLN,2025-06-14T15:44:02Z,2025-06-14T15:14:00Z,ARR,bad,30.0
692 (06-12),True,True,CHURCHILL,WINNIPEG,2025-06-12,44,Grandview,GVIE,2025-06-14T16:48:27Z,2025-06-14T16:12:00Z,ARR,bad,36.0
692 (06-12),True,True,CHURCHILL,WINNIPEG,2025-06-12,45,Gilbert Plains,GLBP,2025-06-14T17:10:42Z,2025-06-14T16:32:00Z,ARR,bad,38.0
692 (06-12),True,True,CHURCHILL,WINNIPEG,2025-06-12,46,Dauphin,DAUP,2025-06-14T17:48:33Z,2025-06-14T16:56:00Z,ARR,bad,52.0
692 (06-12),True,True,CHURCHILL,WINNIPEG,2025-06-12,47,Ochre River,OCHR,2025-06-14T18:22:13Z,2025-06-14T17:20:00Z,ARR,bad,62.0
692 (06-12),True,True,CHURCHILL,WINNIPEG,2025-06-12,48,Laurier,LRIE,2025-06-14T18:38:11Z,2025-06-14T17:38:00Z,ARR,bad,60.0
692 (06-12),True,True,CHURCHILL,WINNIPEG,2025-06-12,49,Mccreary,MCCR,2025-06-14T18:54:32Z,2025-06-14T17:54:00Z,ARR,bad,60.0
692 (06-12),True,True,CHURCHILL,WINNIPEG,2025-06-12,50,Glenella,GLNA,2025-06-14T19:34:09Z,2025-06-14T18:34:00Z,ARR,bad,60.0
692 (06-12),True,True,CHURCHILL,WINNIPEG,2025-06-12,51,Plumas,PLUM,2025-06-14T20:01:08Z,2025-06-14T19:06:00Z,ARR,bad,55.0
692 (06-12),True,True,CHURCHILL,WINNIPEG,2025-06-12,52,Gladstone,GSTO,2025-06-14T20:29:11Z,2025-06-14T19:51:00Z,ARR,bad,38.0
692 (06-12),True,True,CHURCHILL,WINNIPEG,2025-06-12,53,Portage La Prairie,PLPX,2025-06-14T21:20:01Z,2025-06-14T20:37:00Z,ARR,bad,43.0
692 (06-12),True,True,CHURCHILL,WINNIPEG,2025-06-12,54,Winnipeg,WNPG,2025-06-14T22:22:51Z,2025-06-14T21:45:00Z,ARR,bad,37.0
2 (06-13),True,False,VANCOUVER,TORONTO,2025-06-13,0,Mission Harbour,MSNH,2025-06-13T23:45:15Z,2025-06-13T23:35:00Z,ARR,med,10.0
2 (06-13),True,False,VANCOUVER,TORONTO,2025-06-13,1,Agassiz,AGAS,2025-06-14T00:34:58Z,2025-06-14T00:03:00Z,ARR,bad,31.0
2 (06-13),True,False,VANCOUVER,TORONTO,2025-06-13,2,Katz,KATZ,2025-06-14T00:55:29Z,2025-06-14T00:17:00Z,ARR,bad,38.0
2 (06-13),True,False,VANCOUVER,TORONTO,2025-06-13,3,North Bend,NBND,2025-06-14T02:59:59Z,2025-06-14T02:46:00Z,ARR,med,13.0
2 (06-13),True,False,VANCOUVER,TORONTO,2025-06-13,4,Ashcroft,ASHN,2025-06-14T07:26:09Z,2025-06-14T05:32:00Z,ARR,bad,114.0
2 (06-13),True,False,VANCOUVER,TORONTO,2025-06-13,5,Kamloops North,KAMN,2025-06-14T09:47:47Z,2025-06-14T07:17:00Z,ARR,bad,150.0
2 (06-13),True,False,VANCOUVER,TORONTO,2025-06-13,6,Clearwater,CLWT,2025-06-14T12:29:33Z,2025-06-14T09:58:00Z,ARR,bad,151.0
2 (06-13),True,False,VANCOUVER,TORONTO,2025-06-13,7,Blue River,BLUE,2025-06-14T14:34:24Z,2025-06-14T12:11:00Z,ARR,bad,143.0
2 (06-13),True,False,VANCOUVER,TORONTO,2025-06-13,8,Valemount,VLMT,2025-06-14T17:42:45Z,2025-06-14T14:01:00Z,ARR,bad,221.0
2 (06-13),True,False,VANCOUVER,TORONTO,2025-06-13,9,Jasper,JASP,2025-06-14T20:20:15Z,2025-06-14T17:00:00Z,ARR,bad,200.0
2 (06-13),True,False,VANCOUVER,TORONTO,2025-06-13,10,Hinton,HINT,2025-06-14T23:19:03Z,2025-06-14T19:45:00Z,ARR,bad,214.0
2 (06-13),True,False,VANCOUVER,TORONTO,2025-06-13,11,Edson,EDSN,2025-06-15T01:09:54Z,2025-06-14T21:19:00Z,ARR,bad,230.0
2 (06-13),True,False,VANCOUVER,TORONTO,2025-06-13,12,Evansburg,EVAN,2025-06-15T02:17:10Z,2025-06-14T22:28:00Z,ARR,bad,229.0
2 (06-13),True,False,VANCOUVER,TORONTO,2025-06-13,13,Edmonton,EDMO,2025-06-15T03:59:42Z,2025-06-15T00:50:00Z,37 mins,bad,189.0
2 (06-13),True,False,VANCOUVER,TORONTO,2025-06-13,14,Viking,VKNG,2025-06-15T07:02:42Z,2025-06-15T03:53:00Z,3h40,bad,189.0
2 (06-13),True,False,VANCOUVER,TORONTO,2025-06-13,15,Wainwright,WAIN,&mdash;,2025-06-15T06:14:00Z,&mdash;,,
2 (06-13),True,False,VANCOUVER,TORONTO,2025-06-13,16,Unity,UNIT,&mdash;,2025-06-15T07:47:00Z,&mdash;,,
2 (06-13),True,False,VANCOUVER,TORONTO,2025-06-13,17,Biggar,BIGG,&mdash;,2025-06-15T09:21:00Z,&mdash;,,
2 (06-13),True,False,VANCOUVER,TORONTO,2025-06-13,18,Saskatoon,SASK,&mdash;,2025-06-15T11:57:00Z,&mdash;,,
2 (06-13),True,False,VANCOUVER,TORONTO,2025-06-13,19,Watrous,WATR,&mdash;,2025-06-15T14:26:00Z,&mdash;,,
692 (06-14),True,False,CHURCHILL,WINNIPEG,2025-06-14,0,Churchill,CHUR,2025-06-15T01:30:00Z,2025-06-15T01:30:00Z,ARR,goo,0.0
692 (06-14),True,False,CHURCHILL,WINNIPEG,2025-06-14,1,Tidal,TIDL,2025-06-15T01:56:18Z,2025-06-15T01:52:00Z,ARR,goo,4.0
692 (06-14),True,False,CHURCHILL,WINNIPEG,2025-06-14,2,Chesnaye,CHES,2025-06-15T02:50:27Z,2025-06-15T02:38:00Z,ARR,med,12.0
692 (06-14),True,False,CHURCHILL,WINNIPEG,2025-06-14,3,M'Clintock,MCLI,2025-06-15T04:06:27Z,2025-06-15T03:54:00Z,44 mins,med,12.0
692 (06-14),True,False,CHURCHILL,WINNIPEG,2025-06-14,4,O'Day,ODAY,2025-06-15T04:51:27Z,2025-06-15T04:39:00Z,1h29,med,12.0
692 (06-14),True,False,CHURCHILL,WINNIPEG,2025-06-14,5,Herchmer,HERC,2025-06-15T05:30:27Z,2025-06-15T05:18:00Z,2h08,med,12.0
692 (06-14),True,False,CHURCHILL,WINNIPEG,2025-06-14,6,Thibaudeau,THIB,2025-06-15T06:56:27Z,2025-06-15T06:44:00Z,3h34,med,12.0
692 (06-14),True,False,CHURCHILL,WINNIPEG,2025-06-14,7,Weir River,WEIR,2025-06-15T07:58:27Z,2025-06-15T07:46:00Z,4h36,med,12.0
692 (06-14),True,False,CHURCHILL,WINNIPEG,2025-06-14,8,Amery,AMRY,2025-06-15T08:49:27Z,2025-06-15T08:37:00Z,5h27,med,12.0
692 (06-14),True,False,CHURCHILL,WINNIPEG,2025-06-14,9,Bird,BIRD,2025-06-15T09:12:27Z,2025-06-15T09:00:00Z,5h50,med,12.0
692 (06-14),True,False,CHURCHILL,WINNIPEG,2025-06-14,10,Gillam,GILL,2025-06-15T10:12:27Z,2025-06-15T10:00:00Z,6h50,med,12.0
692 (06-14),True,False,CHURCHILL,WINNIPEG,2025-06-14,11,Wivenhoe,WVHO,2025-06-15T11:28:27Z,2025-06-15T11:16:00Z,8h06,med,12.0
692 (06-14),True,False,CHURCHILL,WINNIPEG,2025-06-14,12,Ilford,ILFO,2025-06-15T12:05:27Z,2025-06-15T11:53:00Z,8h43,med,12.0
692 (06-14),True,False,CHURCHILL,WINNIPEG,2025-06-14,13,Pit Siding,PITS,2025-06-15T13:06:27Z,2025-06-15T12:54:00Z,9h44,med,12.0
692 (06-14),True,False,CHURCHILL,WINNIPEG,2025-06-14,14,Bridgar,BRGR,2025-06-15T14:28:27Z,2025-06-15T14:16:00Z,11h06,med,12.0
692 (06-14),True,False,CHURCHILL,WINNIPEG,2025-06-14,15,Pikwitonei,PIKW,2025-06-15T14:39:27Z,2025-06-15T14:27:00Z,11h17,med,12.0
692 (06-14),True,False,CHURCHILL,WINNIPEG,2025-06-14,16,Sipiwesk,SIPI,2025-06-15T15:06:27Z,2025-06-15T14:54:00Z,11h44,med,12.0
692 (06-14),True,False,CHURCHILL,WINNIPEG,2025-06-14,17,Thompson,THOM,2025-06-15T16:42:27Z,2025-06-15T16:30:00Z,13h20,med,12.0
15,True,True,HALIFAX,MONTRÉAL,2025-06-13,0,Halifax,HLFX,2025-06-13T14:30:07Z,2025-06-13T14:30:00Z,ARR,goo,0.0
15,True,True,HALIFAX,MONTRÉAL,2025-06-13,1,Truro,TRUR,2025-06-13T16:16:50Z,2025-06-13T15:56:00Z,ARR,bad,20.0
15,True,True,HALIFAX,MONTRÉAL,2025-06-13,2,Springhill Jct,SPRJ,2025-06-13T17:33:08Z,2025-06-13T17:12:00Z,ARR,bad,21.0
15,True,True,HALIFAX,MONTRÉAL,2025-06-13,3,Amherst,AMHS,2025-06-13T17:53:26Z,2025-06-13T17:35:00Z,ARR,bad,18.0
15,True,True,HALIFAX,MONTRÉAL,2025-06-13,4,Sackville,SACK,2025-06-13T18:08:37Z,2025-06-13T17:52:00Z,ARR,bad,16.0
15,True,True,HALIFAX,MONTRÉAL,2025-06-13,5,Moncton,MCTN,2025-06-13T18:52:38Z,2025-06-13T18:47:00Z,ARR,med,5.0
15,True,True,HALIFAX,MONTRÉAL,2025-06-13,6,Rogersville,RGRV,2025-06-13T20:35:58Z,2025-06-13T20:01:00Z,ARR,bad,34.0
15,True,True,HALIFAX,MONTRÉAL,2025-06-13,7,Miramichi,MIRA,2025-06-13T21:19:53Z,2025-06-13T20:52:00Z,ARR,bad,27.0
15,True,True,HALIFAX,MONTRÉAL,2025-06-13,8,Bathurst,BTRS,2025-06-13T22:56:47Z,2025-06-13T22:48:00Z,ARR,med,8.0
15,True,True,HALIFAX,MONTRÉAL,2025-06-13,9,Petit Rocher,PROC,2025-06-13T23:15:23Z,2025-06-13T23:17:00Z,ARR,goo,-1.0
15,True,True,HALIFAX,MONTRÉAL,2025-06-13,10,Jacquet River,JACR,2025-06-13T23:43:47Z,2025-06-13T23:40:01Z,ARR,goo,3.0
15,True,True,HALIFAX,MONTRÉAL,2025-06-13,11,Charlo,CHLO,2025-06-14T00:18:40Z,2025-06-14T00:04:00Z,ARR,med,14.0
15,True,True,HALIFAX,MONTRÉAL,2025-06-13,12,Campbellton,CBTN,2025-06-14T01:15:18Z,2025-06-14T01:08:00Z,ARR,med,7.0
15,True,True,HALIFAX,MONTRÉAL,2025-06-13,13,Matapedia,MTPD,2025-06-14T02:05:41Z,2025-06-14T01:50:00Z,ARR,bad,15.0
15,True,True,HALIFAX,MONTRÉAL,2025-06-13,14,Causapscal,CAUS,2025-06-14T03:03:03Z,2025-06-14T02:39:00Z,ARR,bad,24.0
15,True,True,HALIFAX,MONTRÉAL,2025-06-13,15,Amqui,AMQU,2025-06-14T03:27:59Z,2025-06-14T02:59:00Z,ARR,bad,28.0
15,True,True,HALIFAX,MONTRÉAL,2025-06-13,16,Sayabec,SAYA,2025-06-14T03:56:23Z,2025-06-14T03:21:00Z,ARR,bad,35.0
15,True,True,HALIFAX,MONTRÉAL,2025-06-13,17,Mont-Joli,MJLI,2025-06-14T05:02:30Z,2025-06-14T04:51:00Z,ARR,med,11.0
15,True,True,HALIFAX,MONTRÉAL,2025-06-13,18,Rimouski,RMSK,2025-06-14T05:28:59Z,2025-06-14T05:24:00Z,ARR,goo,4.0
15,True,True,HALIFAX,MONTRÉAL,2025-06-13,19,Trois Pistoles,TPIS,2025-06-14T06:46:56Z,2025-06-14T06:31:00Z,ARR,bad,15.0
15,True,True,HALIFAX,MONTRÉAL,2025-06-13,20,Rivière-Du-Loup,RDLX,2025-06-14T07:30:17Z,2025-06-14T07:18:00Z,ARR,med,12.0
15,True,True,HALIFAX,MONTRÉAL,2025-06-13,21,La Pocatière,LPOC,2025-06-14T08:17:28Z,2025-06-14T08:05:00Z,ARR,med,12.0
15,True,True,HALIFAX,MONTRÉAL,2025-06-13,22,Montmagny,MMGY,2025-06-14T08:47:33Z,2025-06-14T08:39:00Z,ARR,med,8.0
15,True,True,HALIFAX,MONTRÉAL,2025-06-13,23,Ste-Foy,SFOY,2025-06-14T09:26:22Z,2025-06-14T10:13:00Z,ARR,goo,-46.0
15,True,True,HALIFAX,MONTRÉAL,2025-06-13,24,Drummondville,DRMV,2025-06-14T12:15:11Z,2025-06-14T12:20:00Z,ARR,goo,-4.0
15,True,True,HALIFAX,MONTRÉAL,2025-06-13,25,St. Hyacinthe,SHYA,2025-06-14T12:50:19Z,2025-06-14T13:00:00Z,ARR,goo,-9.0
15,True,True,HALIFAX,MONTRÉAL,2025-06-13,26,St. Lambert,SLAM,2025-06-14T13:27:02Z,2025-06-14T13:34:00Z,ARR,goo,-6.0
15,True,True,HALIFAX,MONTRÉAL,2025-06-13,27,Montréal,MTRL,2025-06-14T13:52:43Z,2025-06-14T13:53:00Z,ARR,goo,0.0
6,True,True,PRINCE RUPERT,JASPER,2025-06-13,0,Prince Rupert,PRUP,2025-06-13T15:00:45Z,2025-06-13T15:00:00Z,ARR,goo,0.0
6,True,True,PRINCE RUPERT,JASPER,2025-06-13,1,Cassiar Cannery,CASS,2025-06-13T15:34:06Z,2025-06-13T15:20:00Z,ARR,med,14.0
6,True,True,PRINCE RUPERT,JASPER,2025-06-13,2,Kwinitsa,KWIN,2025-06-13T16:12:32Z,2025-06-13T16:17:00Z,ARR,goo,-4.0
6,True,True,PRINCE RUPERT,JASPER,2025-06-13,3,Terrace,TRRC,2025-06-13T17:11:46Z,2025-06-13T17:20:00Z,ARR,goo,-8.0
6,True,True,PRINCE RUPERT,JASPER,2025-06-13,4,Usk,USKX,2025-06-13T17:43:19Z,2025-06-13T17:48:00Z,ARR,goo,-4.0
6,True,True,PRINCE RUPERT,JASPER,2025-06-13,5,Pacific,PACI,2025-06-13T17:58:41Z,2025-06-13T18:07:00Z,ARR,goo,-8.0
6,True,True,PRINCE RUPERT,JASPER,2025-06-13,6,Dorreen,DORR,2025-06-13T18:06:53Z,2025-06-13T18:19:00Z,ARR,goo,-12.0
6,True,True,PRINCE RUPERT,JASPER,2025-06-13,7,Cedarvale,CEDA,2025-06-13T18:25:01Z,2025-06-13T18:44:00Z,ARR,goo,-18.0
6,True,True,PRINCE RUPERT,JASPER,2025-06-13,8,Kitwanga,KITW,2025-06-13T18:42:31Z,2025-06-13T18:48:01Z,ARR,goo,-5.0
6,True,True,PRINCE RUPERT,JASPER,2025-06-13,9,New Hazelton,NHAZ,2025-06-13T19:26:36Z,2025-06-13T19:30:00Z,ARR,goo,-3.0
6,True,True,PRINCE RUPERT,JASPER,2025-06-13,10,Smithers,SMTR,2025-06-13T20:52:13Z,2025-06-13T21:14:00Z,ARR,goo,-21.0
6,True,True,PRINCE RUPERT,JASPER,2025-06-13,11,Telkwa,TELK,2025-06-13T21:43:17Z,2025-06-13T21:37:00Z,ARR,med,6.0
6,True,True,PRINCE RUPERT,JASPER,2025-06-13,12,Houston,HOUS,2025-06-13T22:24:58Z,2025-06-13T22:22:00Z,ARR,goo,2.0
6,True,True,PRINCE RUPERT,JASPER,2025-06-13,13,Burns Lake,BRNL,2025-06-13T23:28:57Z,2025-06-13T23:32:00Z,ARR,goo,-3.0
6,True,True,PRINCE RUPERT,JASPER,2025-06-13,14,Endako,ENDA,2025-06-14T00:14:26Z,2025-06-14T00:25:00Z,ARR,goo,-10.0
6,True,True,PRINCE RUPERT,JASPER,2025-06-13,15,Fort Fraser,FFRA,2025-06-14T00:40:39Z,2025-06-14T00:57:00Z,ARR,goo,-16.0
6,True,True,PRINCE RUPERT,JASPER,2025-06-13,16,Vanderhoof,VDRH,2025-06-14T01:35:24Z,2025-06-14T01:35:00Z,ARR,goo,0.0
6,True,True,PRINCE RUPERT,JASPER,2025-06-13,17,Prince George,PGEO,2025-06-14T03:39:46Z,2025-06-14T03:29:00Z,ARR,med,10.0
6,True,True,PRINCE RUPERT,JASPER,2025-06-13,18,Willow River,WILR,2025-06-14T15:48:00Z,2025-06-14T15:48:00Z,ARR,goo,0.0
6,True,True,PRINCE RUPERT,JASPER,2025-06-13,19,Aleza Lake,ALZL,2025-06-14T16:03:34Z,2025-06-14T16:17:00Z,ARR,goo,-13.0
6,True,True,PRINCE RUPERT,JASPER,2025-06-13,20,Upper Fraser,UFRZ,2025-06-14T16:08:28Z,2025-06-14T16:25:00Z,ARR,goo,-16.0
6,True,True,PRINCE RUPERT,JASPER,2025-06-13,21,Mcgregor,MCGR,2025-06-14T16:33:00Z,2025-06-14T16:33:00Z,ARR,goo,0.0
6,True,True,PRINCE RUPERT,JASPER,2025-06-13,22,Sinclair Mills,SINM,2025-06-14T16:24:57Z,2025-06-14T16:44:00Z,ARR,goo,-19.0
6,True,True,PRINCE RUPERT,JASPER,2025-06-13,23,Hutton,HUTT,2025-06-14T16:48:00Z,2025-06-14T16:48:00Z,ARR,goo,0.0
6,True,True,PRINCE RUPERT,JASPER,2025-06-13,24,Longworth,LWTH,2025-06-14T16:59:00Z,2025-06-14T16:59:00Z,ARR,goo,0.0
6,True,True,PRINCE RUPERT,JASPER,2025-06-13,25,Penny,PENN,2025-06-14T17:13:00Z,2025-06-14T17:13:00Z,ARR,goo,0.0
6,True,True,PRINCE RUPERT,JASPER,2025-06-13,26,Bend,BEND,2025-06-14T17:32:00Z,2025-06-14T17:32:00Z,ARR,goo,0.0
6,True,True,PRINCE RUPERT,JASPER,2025-06-13,27,Dome Creek,DOMC,2025-06-14T17:33:07Z,2025-06-14T17:33:07Z,ARR,goo,0.0
6,True,True,PRINCE RUPERT,JASPER,2025-06-13,28,Loos,LOOS,2025-06-14T18:07:00Z,2025-06-14T18:07:00Z,ARR,goo,0.0
6,True,True,PRINCE RUPERT,JASPER,2025-06-13,29,Goat River,GOAT,2025-06-14T18:22:00Z,2025-06-14T18:22:00Z,ARR,goo,0.0
6,True,True,PRINCE RUPERT,JASPER,2025-06-13,30,Mcbride,MCBR,2025-06-14T19:08:12Z,2025-06-14T19:18:00Z,ARR,goo,-9.0
6,True,True,PRINCE RUPERT,JASPER,2025-06-13,31,Dunster,DNST,2025-06-14T19:57:53Z,2025-06-14T19:35:00Z,ARR,bad,22.0
6,True,True,PRINCE RUPERT,JASPER,2025-06-13,32,Harvey,HRVY,2025-06-14T20:33:24Z,2025-06-14T20:24:00Z,ARR,med,9.0
6,True,True,PRINCE RUPERT,JASPER,2025-06-13,33,Jasper,JASP,2025-06-14T22:39:49Z,2025-06-14T23:00:00Z,ARR,goo,-20.0
691,True,True,THE PAS,CHURCHILL,2025-06-13,0,The Pas,TPAS,2025-06-13T07:30:06Z,2025-06-13T07:30:00Z,ARR,goo,0.0
691,True,True,THE PAS,CHURCHILL,2025-06-13,1,Orok,OROK,2025-06-13T08:04:26Z,2025-06-13T08:07:00Z,ARR,goo,-2.0
691,True,True,THE PAS,CHURCHILL,2025-06-13,2,Halcrow,HALC,2025-06-13T08:50:25Z,2025-06-13T09:01:00Z,ARR,goo,-10.0
691,True,True,THE PAS,CHURCHILL,2025-06-13,3,Cormorant,CORM,2025-06-13T08:57:55Z,2025-06-13T09:12:00Z,ARR,goo,-14.0
691,True,True,THE PAS,CHURCHILL,2025-06-13,4,Dering,DERI,2025-06-13T09:05:09Z,2025-06-13T09:20:00Z,ARR,goo,-14.0
691,True,True,THE PAS,CHURCHILL,2025-06-13,5,Dyce,DYCE,2025-06-13T09:37:41Z,2025-06-13T09:59:00Z,ARR,goo,-21.0
691,True,True,THE PAS,CHURCHILL,2025-06-13,6,Wekusko,WEKU,2025-06-13T10:16:19Z,2025-06-13T10:43:00Z,ARR,goo,-26.0
691,True,True,THE PAS,CHURCHILL,2025-06-13,7,Turnbull,TURN,2025-06-13T10:44:36Z,2025-06-13T11:10:00Z,ARR,goo,-25.0
691,True,True,THE PAS,CHURCHILL,2025-06-13,8,Ponton,PNTN,2025-06-13T11:11:28Z,2025-06-13T11:42:00Z,ARR,goo,-30.0
691,True,True,THE PAS,CHURCHILL,2025-06-13,9,Pipun,PIPN,2025-06-13T11:57:28Z,2025-06-13T12:25:00Z,ARR,goo,-27.0
691,True,True,THE PAS,CHURCHILL,2025-06-13,10,Wabowden,WBDN,2025-06-13T12:11:50Z,2025-06-13T12:48:00Z,ARR,goo,-36.0
691,True,True,THE PAS,CHURCHILL,2025-06-13,11,Lyddal,LYDD,2025-06-13T13:05:37Z,2025-06-13T13:16:00Z,ARR,goo,-10.0
691,True,True,THE PAS,CHURCHILL,2025-06-13,12,Odhill,ODHI,2025-06-13T13:26:30Z,2025-06-13T13:38:00Z,ARR,goo,-11.0
691,True,True,THE PAS,CHURCHILL,2025-06-13,13,Hockin,HOCK,2025-06-13T14:02:10Z,2025-06-13T14:22:00Z,ARR,goo,-19.0
691,True,True,THE PAS,CHURCHILL,2025-06-13,14,Thicket Portage,THKP,2025-06-13T14:37:00Z,2025-06-13T14:37:00Z,ARR,goo,0.0
691,True,True,THE PAS,CHURCHILL,2025-06-13,15,Leven,LEVN,2025-06-13T14:46:01Z,2025-06-13T14:54:00Z,ARR,goo,-7.0
691,True,True,THE PAS,CHURCHILL,2025-06-13,16,Thompson,THOM,2025-06-13T18:12:33Z,2025-06-13T17:00:00Z,ARR,bad,72.0
691,True,True,THE PAS,CHURCHILL,2025-06-13,17,Sipiwesk,SIPI,2025-06-13T23:27:20Z,2025-06-13T23:35:00Z,ARR,goo,-7.0
691,True,True,THE PAS,CHURCHILL,2025-06-13,18,Pikwitonei,PIKW,2025-06-14T00:02:00Z,2025-06-14T00:02:00Z,ARR,goo,0.0
691,True,True,THE PAS,CHURCHILL,2025-06-13,19,Bridgar,BRGR,2025-06-14T00:13:00Z,2025-06-14T00:13:00Z,ARR,goo,0.0
691,True,True,THE PAS,CHURCHILL,2025-06-13,20,Pit Siding,PITS,2025-06-14T01:35:00Z,2025-06-14T01:35:00Z,ARR,goo,0.0
691,True,True,THE PAS,CHURCHILL,2025-06-13,21,Ilford,ILFO,2025-06-14T02:29:54Z,2025-06-14T02:36:00Z,ARR,goo,-6.0
691,True,True,THE PAS,CHURCHILL,2025-06-13,22,Wivenhoe,WVHO,2025-06-14T03:35:05Z,2025-06-14T03:13:00Z,ARR,bad,22.0
691,True,True,THE PAS,CHURCHILL,2025-06-13,23,Gillam,GILL,2025-06-14T04:19:48Z,2025-06-14T04:00:01Z,ARR,bad,19.0
691,True,True,THE PAS,CHURCHILL,2025-06-13,24,Bird,BIRD,2025-06-14T05:20:59Z,2025-06-14T05:29:00Z,ARR,goo,-8.0
691,True,True,THE PAS,CHURCHILL,2025-06-13,25,Amery,AMRY,2025-06-14T05:58:47Z,2025-06-14T05:51:00Z,ARR,med,7.0
691,True,True,THE PAS,CHURCHILL,2025-06-13,26,Weir River,WEIR,2025-06-14T06:57:46Z,2025-06-14T06:43:00Z,ARR,med,14.0
691,True,True,THE PAS,CHURCHILL,2025-06-13,27,Thibaudeau,THIB,2025-06-14T07:43:27Z,2025-06-14T08:00:00Z,ARR,goo,-16.0
691,True,True,THE PAS,CHURCHILL,2025-06-13,28,Herchmer,HERC,2025-06-14T09:26:00Z,2025-06-14T09:26:00Z,ARR,goo,0.0
691,True,True,THE PAS,CHURCHILL,2025-06-13,29,O'Day,ODAY,2025-06-14T10:05:00Z,2025-06-14T10:05:00Z,ARR,goo,0.0
691,True,True,THE PAS,CHURCHILL,2025-06-13,30,M'Clintock,MCLI,2025-06-14T10:50:00Z,2025-06-14T10:50:00Z,ARR,goo,0.0
691,True,True,THE PAS,CHURCHILL,2025-06-13,31,Chesnaye,CHES,2025-06-14T12:06:00Z,2025-06-14T12:06:00Z,ARR,goo,0.0
691,True,True,THE PAS,CHURCHILL,2025-06-13,32,Tidal,TIDL,2025-06-14T12:02:46Z,2025-06-14T13:37:00Z,ARR,goo,-94.0
691,True,True,THE PAS,CHURCHILL,2025-06-13,33,Churchill,CHUR,2025-06-14T12:53:59Z,2025-06-14T14:00:00Z,ARR,goo,-66.0
5,True,False,JASPER,PRINCE RUPERT,2025-06-13,0,Jasper,JASP,2025-06-13T16:45:00Z,2025-06-13T16:45:00Z,ARR,goo,0.0
5,True,False,JASPER,PRINCE RUPERT,2025-06-13,1,Harvey,HRVY,2025-06-13T19:03:29Z,2025-06-13T18:38:00Z,ARR,bad,25.0
5,True,False,JASPER,PRINCE RUPERT,2025-06-13,2,Dunster,DNST,2025-06-13T19:52:44Z,2025-06-13T19:12:00Z,ARR,bad,40.0
5,True,False,JASPER,PRINCE RUPERT,2025-06-13,3,Mcbride,MCBR,2025-06-13T20:21:32Z,2025-06-13T19:44:00Z,ARR,bad,37.0
5,True,False,JASPER,PRINCE RUPERT,2025-06-13,4,Goat River,GOAT,2025-06-13T22:21:49Z,2025-06-13T20:41:00Z,ARR,bad,100.0
5,True,False,JASPER,PRINCE RUPERT,2025-06-13,5,Loos,LOOS,2025-06-13T22:35:51Z,2025-06-13T20:58:00Z,ARR,bad,97.0
5,True,False,JASPER,PRINCE RUPERT,2025-06-13,6,Dome Creek,DOMC,2025-06-13T23:03:24Z,2025-06-13T21:32:00Z,ARR,bad,91.0
5,True,False,JASPER,PRINCE RUPERT,2025-06-13,7,Bend,BEND,2025-06-13T23:05:43Z,2025-06-13T21:36:00Z,ARR,bad,89.0
5,True,False,JASPER,PRINCE RUPERT,2025-06-13,8,Penny,PENN,2025-06-13T23:24:02Z,2025-06-13T21:56:00Z,ARR,bad,88.0
5,True,False,JASPER,PRINCE RUPERT,2025-06-13,9,Longworth,LWTH,2025-06-13T23:35:57Z,2025-06-13T22:11:00Z,ARR,bad,84.0
5,True,False,JASPER,PRINCE RUPERT,2025-06-13,10,Hutton,HUTT,2025-06-13T23:47:36Z,2025-06-13T22:24:00Z,ARR,bad,83.0
5,True,False,JASPER,PRINCE RUPERT,2025-06-13,11,Sinclair Mills,SINM,2025-06-13T23:53:36Z,2025-06-13T22:30:00Z,ARR,bad,83.0
5,True,False,JASPER,PRINCE RUPERT,2025-06-13,12,Mcgregor,MCGR,2025-06-14T00:06:36Z,2025-06-13T22:43:00Z,ARR,bad,83.0
5,True,False,JASPER,PRINCE RUPERT,2025-06-13,13,Upper Fraser,UFRZ,2025-06-14T00:15:36Z,2025-06-13T22:52:00Z,ARR,bad,83.0
5,True,False,JASPER,PRINCE RUPERT,2025-06-13,14,Aleza Lake,ALZL,2025-06-14T00:24:36Z,2025-06-13T23:01:00Z,ARR,bad,83.0
5,True,False,JASPER,PRINCE RUPERT,2025-06-13,15,Willow River,WILR,2025-06-14T00:41:29Z,2025-06-13T23:31:00Z,ARR,bad,70.0
5,True,False,JASPER,PRINCE RUPERT,2025-06-13,16,Prince George,PGEO,2025-06-14T01:18:29Z,2025-06-14T00:08:00Z,ARR,bad,70.0
5,True,False,JASPER,PRINCE RUPERT,2025-06-13,17,Vanderhoof,VDRH,2025-06-14T16:55:00Z,2025-06-14T16:55:00Z,ARR,goo,0.0
5,True,False,JASPER,PRINCE RUPERT,2025-06-13,18,Fort Fraser,FFRA,2025-06-14T17:32:00Z,2025-06-14T17:32:00Z,ARR,goo,0.0
5,True,False,JASPER,PRINCE RUPERT,2025-06-13,19,Endako,ENDA,2025-06-14T17:50:00Z,2025-06-14T17:50:00Z,ARR,goo,0.0
5,True,False,JASPER,PRINCE RUPERT,2025-06-13,20,Burns Lake,BRNL,2025-06-14T19:34:38Z,2025-06-14T18:58:00Z,ARR,bad,36.0
5,True,False,JASPER,PRINCE RUPERT,2025-06-13,21,Houston,HOUS,2025-06-14T20:45:18Z,2025-06-14T20:08:00Z,ARR,bad,37.0
5,True,False,JASPER,PRINCE RUPERT,2025-06-13,22,Telkwa,TELK,2025-06-14T21:29:34Z,2025-06-14T20:52:00Z,ARR,bad,37.0
5,True,False,JASPER,PRINCE RUPERT,2025-06-13,23,Smithers,SMTR,2025-06-14T21:58:15Z,2025-06-14T21:10:00Z,ARR,bad,48.0
5,True,False,JASPER,PRINCE RUPERT,2025-06-13,24,New Hazelton,NHAZ,2025-06-14T23:39:18Z,2025-06-14T22:37:00Z,ARR,bad,62.0
5,True,False,JASPER,PRINCE RUPERT,2025-06-13,25,Kitwanga,KITW,2025-06-15T00:29:49Z,2025-06-14T23:27:00Z,ARR,bad,62.0
5,True,False,JASPER,PRINCE RUPERT,2025-06-13,26,Cedarvale,CEDA,2025-06-15T00:51:28Z,2025-06-14T23:51:00Z,ARR,bad,60.0
5,True,False,JASPER,PRINCE RUPERT,2025-06-13,27,Dorreen,DORR,2025-06-15T01:11:43Z,2025-06-15T00:12:00Z,ARR,bad,59.0
5,True,False,JASPER,PRINCE RUPERT,2025-06-13,28,Pacific,PACI,2025-06-15T01:18:35Z,2025-06-15T00:21:00Z,ARR,bad,57.0
5,True,False,JASPER,PRINCE RUPERT,2025-06-13,29,Usk,USKX,2025-06-15T01:36:55Z,2025-06-15T00:40:00Z,ARR,bad,56.0
5,True,False,JASPER,PRINCE RUPERT,2025-06-13,30,Terrace,TRRC,2025-06-15T02:00:39Z,2025-06-15T01:00:00Z,ARR,bad,60.0
5,True,False,JASPER,PRINCE RUPERT,2025-06-13,31,Kwinitsa,KWIN,2025-06-15T03:05:16Z,2025-06-15T02:09:00Z,ARR,bad,56.0
5,True,False,JASPER,PRINCE RUPERT,2025-06-13,32,Cassiar Cannery,CASS,2025-06-15T03:40:52Z,2025-06-15T02:45:00Z,19 mins,bad,55.0
5,True,False,JASPER,PRINCE RUPERT,2025-06-13,33,Prince Rupert,PRUP,2025-06-15T04:20:52Z,2025-06-15T03:25:00Z,59 mins,bad,55.0
14,True,True,MONTRÉAL,HALIFAX,2025-06-13,0,Montréal,MTRL,2025-06-13T22:30:00Z,2025-06-13T22:30:00Z,ARR,goo,0.0
14,True,True,MONTRÉAL,HALIFAX,2025-06-13,1,St. Lambert,SLAM,2025-06-13T22:46:09Z,2025-06-13T22:45:00Z,ARR,goo,1.0
14,True,True,MONTRÉAL,HALIFAX,2025-06-13,2,St. Hyacinthe,SHYA,2025-06-13T23:29:55Z,2025-06-13T23:23:00Z,ARR,med,6.0
14,True,True,MONTRÉAL,HALIFAX,2025-06-13,3,Drummondville,DRMV,2025-06-14T00:37:45Z,2025-06-14T00:04:00Z,ARR,bad,33.0
14,True,True,MONTRÉAL,HALIFAX,2025-06-13,4,Ste-Foy,SFOY,2025-06-14T02:16:32Z,2025-06-14T01:48:00Z,ARR,bad,28.0
14,True,True,MONTRÉAL,HALIFAX,2025-06-13,5,Montmagny,MMGY,2025-06-14T03:56:12Z,2025-06-14T03:17:00Z,ARR,bad,39.0
14,True,True,MONTRÉAL,HALIFAX,2025-06-13,6,La Pocatière,LPOC,2025-06-14T04:27:42Z,2025-06-14T03:50:00Z,ARR,bad,37.0
14,True,True,MONTRÉAL,HALIFAX,2025-06-13,7,Rivière-Du-Loup,RDLX,2025-06-14T05:13:42Z,2025-06-14T04:31:00Z,ARR,bad,42.0
14,True,True,MONTRÉAL,HALIFAX,2025-06-13,8,Trois Pistoles,TPIS,2025-06-14T05:56:18Z,2025-06-14T05:15:00Z,ARR,bad,41.0
14,True,True,MONTRÉAL,HALIFAX,2025-06-13,9,Rimouski,RMSK,2025-06-14T07:00:37Z,2025-06-14T06:24:00Z,ARR,bad,36.0
14,True,True,MONTRÉAL,HALIFAX,2025-06-13,10,Mont-Joli,MJLI,2025-06-14T07:35:59Z,2025-06-14T07:04:00Z,ARR,bad,31.0
14,True,True,MONTRÉAL,HALIFAX,2025-06-13,11,Sayabec,SAYA,2025-06-14T08:35:01Z,2025-06-14T08:09:00Z,ARR,bad,26.0
14,True,True,MONTRÉAL,HALIFAX,2025-06-13,12,Amqui,AMQU,2025-06-14T09:02:35Z,2025-06-14T08:30:00Z,ARR,bad,32.0
14,True,True,MONTRÉAL,HALIFAX,2025-06-13,13,Causapscal,CAUS,2025-06-14T09:28:42Z,2025-06-14T08:52:00Z,ARR,bad,36.0
14,True,True,MONTRÉAL,HALIFAX,2025-06-13,14,Matapedia,MTPD,2025-06-14T10:26:37Z,2025-06-14T09:38:00Z,ARR,bad,48.0
14,True,True,MONTRÉAL,HALIFAX,2025-06-13,15,Campbellton,CBTN,2025-06-14T11:00:50Z,2025-06-14T10:23:00Z,ARR,bad,37.0
14,True,True,MONTRÉAL,HALIFAX,2025-06-13,16,Charlo,CHLO,2025-06-14T12:03:41Z,2025-06-14T11:06:00Z,ARR,bad,57.0
14,True,True,MONTRÉAL,HALIFAX,2025-06-13,17,Jacquet River,JACR,2025-06-14T12:37:36Z,2025-06-14T11:30:00Z,ARR,bad,67.0
14,True,True,MONTRÉAL,HALIFAX,2025-06-13,18,Petit Rocher,PROC,2025-06-14T13:06:12Z,2025-06-14T11:53:00Z,ARR,bad,73.0
14,True,True,MONTRÉAL,HALIFAX,2025-06-13,19,Bathurst,BTRS,2025-06-14T13:22:31Z,2025-06-14T12:42:00Z,ARR,bad,40.0
14,True,True,MONTRÉAL,HALIFAX,2025-06-13,20,Miramichi,MIRA,2025-06-14T14:59:09Z,2025-06-14T14:33:00Z,ARR,bad,26.0
14,True,True,MONTRÉAL,HALIFAX,2025-06-13,21,Rogersville,RGRV,2025-06-14T15:50:13Z,2025-06-14T15:28:00Z,ARR,bad,22.0
14,True,True,MONTRÉAL,HALIFAX,2025-06-13,22,Moncton,MCTN,2025-06-14T17:01:26Z,2025-06-14T16:38:00Z,ARR,bad,23.0
14,True,True,MONTRÉAL,HALIFAX,2025-06-13,23,Sackville,SACK,2025-06-14T18:17:45Z,2025-06-14T17:38:00Z,ARR,bad,39.0
14,True,True,MONTRÉAL,HALIFAX,2025-06-13,24,Amherst,AMHS,2025-06-14T18:33:12Z,2025-06-14T17:54:00Z,ARR,bad,39.0
14,True,True,MONTRÉAL,HALIFAX,2025-06-13,25,Springhill Jct,SPRJ,2025-06-14T18:57:24Z,2025-06-14T18:18:00Z,ARR,bad,39.0
14,True,True,MONTRÉAL,HALIFAX,2025-06-13,26,Truro,TRUR,2025-06-14T20:21:05Z,2025-06-14T19:32:00Z,ARR,bad,49.0
14,True,True,MONTRÉAL,HALIFAX,2025-06-13,27,Halifax,HLFX,2025-06-14T21:56:28Z,2025-06-14T21:06:00Z,ARR,bad,50.0
24,True,True,OTTAWA,QUÉBEC,2025-06-14,0,Ottawa,OTTW,2025-06-14T14:13:00Z,2025-06-14T14:13:00Z,ARR,goo,0.0
24,True,True,OTTAWA,QUÉBEC,2025-06-14,1,Alexandria,ALEX,2025-06-14T15:00:41Z,2025-06-14T15:03:00Z,ARR,goo,-2.0
24,True,True,OTTAWA,QUÉBEC,2025-06-14,2,Coteau,COTO,2025-06-14T15:22:52Z,2025-06-14T15:26:00Z,ARR,goo,-3.0
24,True,True,OTTAWA,QUÉBEC,2025-06-14,3,Dorval,DORV,2025-06-14T15:48:58Z,2025-06-14T15:50:00Z,ARR,goo,-1.0
24,True,True,OTTAWA,QUÉBEC,2025-06-14,4,Montréal,MTRL,2025-06-14T16:14:27Z,2025-06-14T16:15:00Z,ARR,goo,0.0
24,True,True,OTTAWA,QUÉBEC,2025-06-14,5,St. Lambert,SLAM,2025-06-14T16:59:45Z,2025-06-14T16:58:00Z,ARR,goo,1.0
24,True,True,OTTAWA,QUÉBEC,2025-06-14,6,St. Hyacinthe,SHYA,2025-06-14T17:26:54Z,2025-06-14T17:26:00Z,ARR,goo,0.0
24,True,True,OTTAWA,QUÉBEC,2025-06-14,7,Drummondville,DRMV,2025-06-14T18:03:45Z,2025-06-14T17:54:00Z,ARR,med,9.0
24,True,True,OTTAWA,QUÉBEC,2025-06-14,8,Charny,CHNY,2025-06-14T20:09:59Z,2025-06-14T19:38:00Z,ARR,bad,31.0
24,True,True,OTTAWA,QUÉBEC,2025-06-14,9,Ste-Foy,SFOY,2025-06-14T20:17:32Z,2025-06-14T19:45:00Z,ARR,bad,32.0
24,True,True,OTTAWA,QUÉBEC,2025-06-14,10,Québec,QBEC,2025-06-14T20:46:17Z,2025-06-14T20:12:00Z,ARR,bad,34.0
37,True,True,QUÉBEC,OTTAWA,2025-06-14,0,Québec,QBEC,2025-06-14T16:34:37Z,2025-06-14T16:32:00Z,ARR,goo,2.0
37,True,True,QUÉBEC,OTTAWA,2025-06-14,1,Ste-Foy,SFOY,2025-06-14T17:00:59Z,2025-06-14T16:57:00Z,ARR,goo,3.0
37,True,True,QUÉBEC,OTTAWA,2025-06-14,2,Drummondville,DRMV,2025-06-14T19:07:31Z,2025-06-14T18:44:00Z,ARR,bad,23.0
37,True,True,QUÉBEC,OTTAWA,2025-06-14,3,St. Hyacinthe,SHYA,2025-06-14T19:41:50Z,2025-06-14T19:12:00Z,ARR,bad,29.0
37,True,True,QUÉBEC,OTTAWA,2025-06-14,4,St. Lambert,SLAM,2025-06-14T20:15:00Z,2025-06-14T19:39:00Z,ARR,bad,36.0
37,True,True,QUÉBEC,OTTAWA,2025-06-14,5,Montréal,MTRL,2025-06-14T20:29:35Z,2025-06-14T19:54:00Z,ARR,bad,35.0
37,True,True,QUÉBEC,OTTAWA,2025-06-14,6,Dorval,DORV,2025-06-15T00:27:37Z,2025-06-14T20:54:00Z,ARR,bad,213.0
37,True,True,QUÉBEC,OTTAWA,2025-06-14,7,Coteau,COTO,2025-06-15T00:59:55Z,2025-06-14T21:23:00Z,ARR,bad,216.0
37,True,True,QUÉBEC,OTTAWA,2025-06-14,8,Alexandria,ALEX,2025-06-15T01:33:36Z,2025-06-14T21:45:00Z,ARR,bad,228.0
37,True,True,QUÉBEC,OTTAWA,2025-06-14,9,Ottawa,OTTW,2025-06-15T02:22:44Z,2025-06-14T22:37:00Z,ARR,bad,225.0
41,True,True,OTTAWA,TORONTO,2025-06-14,0,Ottawa,OTTW,2025-06-14T09:21:16Z,2025-06-14T09:21:00Z,ARR,goo,0.0
41,True,True,OTTAWA,TORONTO,2025-06-14,1,Fallowfield,FALL,2025-06-14T09:36:45Z,2025-06-14T09:38:00Z,ARR,goo,-1.0
41,True,True,OTTAWA,TORONTO,2025-06-14,2,Smiths Falls,SMTF,2025-06-14T10:07:48Z,2025-06-14T10:08:00Z,ARR,goo,0.0
41,True,True,OTTAWA,TORONTO,2025-06-14,3,Brockville,BRKV,2025-06-14T10:40:02Z,2025-06-14T10:40:00Z,ARR,goo,0.0
41,True,True,OTTAWA,TORONTO,2025-06-14,4,Kingston,KGON,2025-06-14T11:23:56Z,2025-06-14T11:25:00Z,ARR,goo,-1.0
41,True,True,OTTAWA,TORONTO,2025-06-14,5,Napanee,NAPN,2025-06-14T11:49:14Z,2025-06-14T11:49:00Z,ARR,goo,0.0
41,True,True,OTTAWA,TORONTO,2025-06-14,6,Belleville,BLVL,2025-06-14T12:09:12Z,2025-06-14T12:07:00Z,ARR,goo,2.0
41,True,True,OTTAWA,TORONTO,2025-06-14,7,Trenton Jct.,TRNJ,2025-06-14T12:23:06Z,2025-06-14T12:20:00Z,ARR,goo,3.0
41,True,True,OTTAWA,TORONTO,2025-06-14,8,Cobourg,CBRG,2025-06-14T12:49:11Z,2025-06-14T12:44:00Z,ARR,med,5.0
41,True,True,OTTAWA,TORONTO,2025-06-14,9,Oshawa,OSHA,2025-06-14T13:24:23Z,2025-06-14T13:19:00Z,ARR,med,5.0
41,True,True,OTTAWA,TORONTO,2025-06-14,10,Toronto,TRTO,2025-06-14T14:05:37Z,2025-06-14T14:02:00Z,ARR,goo,3.0
50,True,True,TORONTO,OTTAWA,2025-06-14,0,Toronto,TRTO,2025-06-14T10:32:00Z,2025-06-14T10:32:00Z,ARR,goo,0.0
50,True,True,TORONTO,OTTAWA,2025-06-14,1,Guildwood,GUIL,2025-06-14T10:48:44Z,2025-06-14T10:50:00Z,ARR,goo,-1.0
50,True,True,TORONTO,OTTAWA,2025-06-14,2,Oshawa,OSHA,2025-06-14T11:09:43Z,2025-06-14T11:08:00Z,ARR,goo,1.0
50,True,True,TORONTO,OTTAWA,2025-06-14,3,Cobourg,CBRG,2025-06-14T11:43:21Z,2025-06-14T11:43:00Z,ARR,goo,0.0
50,True,True,TORONTO,OTTAWA,2025-06-14,4,Belleville,BLVL,2025-06-14T12:18:22Z,2025-06-14T12:18:00Z,ARR,goo,0.0
50,True,True,TORONTO,OTTAWA,2025-06-14,5,Kingston,KGON,2025-06-14T12:55:01Z,2025-06-14T12:57:00Z,ARR,goo,-1.0
50,True,True,TORONTO,OTTAWA,2025-06-14,6,Brockville,BRKV,2025-06-14T14:08:18Z,2025-06-14T13:54:00Z,ARR,med,14.0
50,True,True,TORONTO,OTTAWA,2025-06-14,7,Smiths Falls,SMTF,2025-06-14T14:34:05Z,2025-06-14T14:29:00Z,ARR,med,5.0
50,True,True,TORONTO,OTTAWA,2025-06-14,8,Fallowfield,FALL,2025-06-14T15:09:21Z,2025-06-14T15:01:00Z,ARR,med,8.0
50,True,True,TORONTO,OTTAWA,2025-06-14,9,Ottawa,OTTW,2025-06-14T15:29:09Z,2025-06-14T15:21:00Z,ARR,med,8.0
52,True,True,TORONTO,OTTAWA,2025-06-14,0,Toronto,TRTO,2025-06-14T12:32:00Z,2025-06-14T12:32:00Z,ARR,goo,0.0
52,True,True,TORONTO,OTTAWA,2025-06-14,1,Guildwood,GUIL,2025-06-14T12:48:53Z,2025-06-14T12:50:00Z,ARR,goo,-1.0
52,True,True,TORONTO,OTTAWA,2025-06-14,2,Oshawa,OSHA,2025-06-14T13:12:54Z,2025-06-14T13:09:00Z,ARR,goo,3.0
52,True,True,TORONTO,OTTAWA,2025-06-14,3,Cobourg,CBRG,2025-06-14T13:48:04Z,2025-06-14T13:44:00Z,ARR,goo,4.0
52,True,True,TORONTO,OTTAWA,2025-06-14,4,Belleville,BLVL,2025-06-14T14:26:24Z,2025-06-14T14:20:00Z,ARR,med,6.0
52,True,True,TORONTO,OTTAWA,2025-06-14,5,Kingston,KGON,2025-06-14T15:05:03Z,2025-06-14T15:00:00Z,ARR,med,5.0
52,True,True,TORONTO,OTTAWA,2025-06-14,6,Brockville,BRKV,2025-06-14T16:01:50Z,2025-06-14T15:57:00Z,ARR,goo,4.0
52,True,True,TORONTO,OTTAWA,2025-06-14,7,Smiths Falls,SMTF,2025-06-14T16:35:44Z,2025-06-14T16:35:00Z,ARR,goo,0.0
52,True,True,TORONTO,OTTAWA,2025-06-14,8,Fallowfield,FALL,2025-06-14T17:09:02Z,2025-06-14T17:11:00Z,ARR,goo,-1.0
52,True,True,TORONTO,OTTAWA,2025-06-14,9,Ottawa,OTTW,2025-06-14T17:27:17Z,2025-06-14T17:32:00Z,ARR,goo,-4.0
53,True,True,OTTAWA,TORONTO,2025-06-14,0,Ottawa,OTTW,2025-06-14T15:43:00Z,2025-06-14T15:43:00Z,ARR,goo,0.0
53,True,True,OTTAWA,TORONTO,2025-06-14,1,Fallowfield,FALL,2025-06-14T15:59:21Z,2025-06-14T16:00:00Z,ARR,goo,0.0
53,True,True,OTTAWA,TORONTO,2025-06-14,2,Brockville,BRKV,2025-06-14T17:02:18Z,2025-06-14T17:01:00Z,ARR,goo,1.0
53,True,True,OTTAWA,TORONTO,2025-06-14,3,Gananoque,GANA,2025-06-14T17:34:29Z,2025-06-14T17:31:00Z,ARR,goo,3.0
53,True,True,OTTAWA,TORONTO,2025-06-14,4,Kingston,KGON,2025-06-14T17:59:08Z,2025-06-14T17:54:00Z,ARR,med,5.0
53,True,True,OTTAWA,TORONTO,2025-06-14,5,Belleville,BLVL,2025-06-14T18:47:50Z,2025-06-14T18:36:00Z,ARR,med,11.0
53,True,True,OTTAWA,TORONTO,2025-06-14,6,Cobourg,CBRG,2025-06-14T19:30:35Z,2025-06-14T19:12:00Z,ARR,bad,18.0
53,True,True,OTTAWA,TORONTO,2025-06-14,7,Oshawa,OSHA,2025-06-14T20:21:30Z,2025-06-14T19:48:00Z,ARR,bad,33.0
53,True,True,OTTAWA,TORONTO,2025-06-14,8,Toronto,TRTO,2025-06-14T21:00:53Z,2025-06-14T20:33:00Z,ARR,bad,27.0
60,True,True,TORONTO,MONTRÉAL,2025-06-14,0,Toronto,TRTO,2025-06-14T10:32:06Z,2025-06-14T10:32:00Z,ARR,goo,0.0
60,True,True,TORONTO,MONTRÉAL,2025-06-14,1,Guildwood,GUIL,2025-06-14T10:48:28Z,2025-06-14T10:50:00Z,ARR,goo,-1.0
60,True,True,TORONTO,MONTRÉAL,2025-06-14,2,Oshawa,OSHA,2025-06-14T11:09:38Z,2025-06-14T11:08:00Z,ARR,goo,1.0
60,True,True,TORONTO,MONTRÉAL,2025-06-14,3,Cobourg,CBRG,2025-06-14T11:42:59Z,2025-06-14T11:43:00Z,ARR,goo,0.0
60,True,True,TORONTO,MONTRÉAL,2025-06-14,4,Belleville,BLVL,2025-06-14T12:17:58Z,2025-06-14T12:18:00Z,ARR,goo,0.0
60,True,True,TORONTO,MONTRÉAL,2025-06-14,5,Kingston,KGON,2025-06-14T12:54:59Z,2025-06-14T12:57:00Z,ARR,goo,-2.0
60,True,True,TORONTO,MONTRÉAL,2025-06-14,6,Cornwall,CWLL,2025-06-14T14:39:53Z,2025-06-14T14:38:00Z,ARR,goo,1.0
60,True,True,TORONTO,MONTRÉAL,2025-06-14,7,Dorval,DORV,2025-06-14T15:35:57Z,2025-06-14T15:25:00Z,ARR,med,10.0
60,True,True,TORONTO,MONTRÉAL,2025-06-14,8,Montréal,MTRL,2025-06-14T16:00:58Z,2025-06-14T15:50:00Z,ARR,med,10.0
64,True,True,TORONTO,MONTRÉAL,2025-06-14,0,Toronto,TRTO,2025-06-14T15:37:16Z,2025-06-14T15:37:00Z,ARR,goo,0.0
64,True,True,TORONTO,MONTRÉAL,2025-06-14,1,Guildwood,GUIL,2025-06-14T15:54:51Z,2025-06-14T15:55:00Z,ARR,goo,0.0
64,True,True,TORONTO,MONTRÉAL,2025-06-14,2,Oshawa,OSHA,2025-06-14T16:13:52Z,2025-06-14T16:09:00Z,ARR,goo,4.0
64,True,True,TORONTO,MONTRÉAL,2025-06-14,3,Cobourg,CBRG,2025-06-14T16:50:10Z,2025-06-14T16:46:00Z,ARR,goo,4.0
64,True,True,TORONTO,MONTRÉAL,2025-06-14,4,Belleville,BLVL,2025-06-14T17:37:38Z,2025-06-14T17:22:00Z,ARR,bad,15.0
64,True,True,TORONTO,MONTRÉAL,2025-06-14,5,Kingston,KGON,2025-06-14T18:17:14Z,2025-06-14T18:03:00Z,ARR,med,14.0
64,True,True,TORONTO,MONTRÉAL,2025-06-14,6,Brockville,BRKV,2025-06-14T19:03:17Z,2025-06-14T18:52:00Z,ARR,med,11.0
64,True,True,TORONTO,MONTRÉAL,2025-06-14,7,Cornwall,CWLL,2025-06-14T19:55:31Z,2025-06-14T19:42:00Z,ARR,med,13.0
64,True,True,TORONTO,MONTRÉAL,2025-06-14,8,Dorval,DORV,2025-06-14T20:45:40Z,2025-06-14T20:37:00Z,ARR,med,8.0
64,True,True,TORONTO,MONTRÉAL,2025-06-14,9,Montréal,MTRL,2025-06-14T21:13:58Z,2025-06-14T21:05:00Z,ARR,med,8.0
61,True,True,MONTRÉAL,TORONTO,2025-06-14,0,Montréal,MTRL,2025-06-14T10:45:00Z,2025-06-14T10:45:00Z,ARR,goo,0.0
61,True,True,MONTRÉAL,TORONTO,2025-06-14,1,Dorval,DORV,2025-06-14T11:08:22Z,2025-06-14T11:08:00Z,ARR,goo,0.0
61,True,True,MONTRÉAL,TORONTO,2025-06-14,2,Cornwall,CWLL,2025-06-14T12:00:13Z,2025-06-14T12:01:00Z,ARR,goo,0.0
61,True,True,MONTRÉAL,TORONTO,2025-06-14,3,Kingston,KGON,2025-06-14T13:26:12Z,2025-06-14T13:29:00Z,ARR,goo,-2.0
61,True,True,MONTRÉAL,TORONTO,2025-06-14,4,Belleville,BLVL,2025-06-14T14:11:23Z,2025-06-14T14:11:00Z,ARR,goo,0.0
61,True,True,MONTRÉAL,TORONTO,2025-06-14,5,Oshawa,OSHA,2025-06-14T15:14:40Z,2025-06-14T15:19:00Z,ARR,goo,-4.0
61,True,True,MONTRÉAL,TORONTO,2025-06-14,6,Guildwood,GUIL,2025-06-14T15:41:55Z,2025-06-14T15:43:00Z,ARR,goo,-1.0
61,True,True,MONTRÉAL,TORONTO,2025-06-14,7,Toronto,TRTO,2025-06-14T16:00:51Z,2025-06-14T16:03:00Z,ARR,goo,-2.0
67,True,True,MONTRÉAL,TORONTO,2025-06-14,0,Montréal,MTRL,2025-06-14T17:22:00Z,2025-06-14T17:22:00Z,ARR,goo,0.0
67,True,True,MONTRÉAL,TORONTO,2025-06-14,1,Dorval,DORV,2025-06-14T17:45:22Z,2025-06-14T17:47:00Z,ARR,goo,-1.0
67,True,True,MONTRÉAL,TORONTO,2025-06-14,2,Cornwall,CWLL,2025-06-14T18:35:47Z,2025-06-14T18:38:00Z,ARR,goo,-2.0
67,True,True,MONTRÉAL,TORONTO,2025-06-14,3,Kingston,KGON,2025-06-14T20:03:08Z,2025-06-14T20:03:00Z,ARR,goo,0.0
67,True,True,MONTRÉAL,TORONTO,2025-06-14,4,Belleville,BLVL,2025-06-14T20:50:31Z,2025-06-14T20:42:00Z,ARR,med,8.0
67,True,True,MONTRÉAL,TORONTO,2025-06-14,5,Cobourg,CBRG,2025-06-14T21:24:38Z,2025-06-14T21:17:00Z,ARR,med,7.0
67,True,True,MONTRÉAL,TORONTO,2025-06-14,6,Oshawa,OSHA,2025-06-14T21:59:35Z,2025-06-14T21:50:00Z,ARR,med,9.0
67,True,True,MONTRÉAL,TORONTO,2025-06-14,7,Toronto,TRTO,2025-06-14T22:48:19Z,2025-06-14T22:45:00Z,ARR,goo,3.0
70,True,True,WINDSOR,TORONTO,2025-06-14,0,Windsor,WDON,2025-06-14T09:35:16Z,2025-06-14T09:35:00Z,ARR,goo,0.0
70,True,True,WINDSOR,TORONTO,2025-06-14,1,Chatham,CHAT,2025-06-14T10:18:19Z,2025-06-14T10:19:00Z,ARR,goo,0.0
70,True,True,WINDSOR,TORONTO,2025-06-14,2,London,LNDN,2025-06-14T11:33:55Z,2025-06-14T11:25:00Z,ARR,med,8.0
70,True,True,WINDSOR,TORONTO,2025-06-14,3,Ingersoll,INGR,2025-06-14T12:15:17Z,2025-06-14T11:55:00Z,ARR,bad,20.0
70,True,True,WINDSOR,TORONTO,2025-06-14,4,Woodstock,WDST,2025-06-14T12:26:55Z,2025-06-14T12:08:00Z,ARR,bad,18.0
70,True,True,WINDSOR,TORONTO,2025-06-14,5,Brantford,BRTF,2025-06-14T12:56:45Z,2025-06-14T12:44:00Z,ARR,med,12.0
70,True,True,WINDSOR,TORONTO,2025-06-14,6,Aldershot,ALDR,2025-06-14T13:30:01Z,2025-06-14T13:25:00Z,ARR,med,5.0
70,True,True,WINDSOR,TORONTO,2025-06-14,7,Oakville,OAKV,2025-06-14T13:50:46Z,2025-06-14T13:43:00Z,ARR,med,7.0
70,True,True,WINDSOR,TORONTO,2025-06-14,8,Toronto,TRTO,2025-06-14T14:15:15Z,2025-06-14T14:10:00Z,ARR,med,5.0
72,True,True,WINDSOR,TORONTO,2025-06-14,0,Windsor,WDON,2025-06-14T12:43:29Z,2025-06-14T12:43:00Z,ARR,goo,0.0
72,True,True,WINDSOR,TORONTO,2025-06-14,1,Chatham,CHAT,2025-06-14T13:28:32Z,2025-06-14T13:25:00Z,ARR,goo,3.0
72,True,True,WINDSOR,TORONTO,2025-06-14,2,Glencoe,GLNC,2025-06-14T14:49:18Z,2025-06-14T14:05:00Z,ARR,bad,44.0
72,True,True,WINDSOR,TORONTO,2025-06-14,3,London,LNDN,2025-06-14T15:22:53Z,2025-06-14T14:39:00Z,ARR,bad,43.0
72,True,True,WINDSOR,TORONTO,2025-06-14,4,Ingersoll,INGR,2025-06-14T15:51:31Z,2025-06-14T15:07:00Z,ARR,bad,44.0
72,True,True,WINDSOR,TORONTO,2025-06-14,5,Woodstock,WDST,2025-06-14T16:03:29Z,2025-06-14T15:23:00Z,ARR,bad,40.0
72,True,True,WINDSOR,TORONTO,2025-06-14,6,Brantford,BRTF,2025-06-14T16:37:19Z,2025-06-14T15:55:00Z,ARR,bad,42.0
72,True,True,WINDSOR,TORONTO,2025-06-14,7,Aldershot,ALDR,2025-06-14T17:11:23Z,2025-06-14T16:29:00Z,ARR,bad,42.0
72,True,True,WINDSOR,TORONTO,2025-06-14,8,Oakville,OAKV,2025-06-14T17:35:15Z,2025-06-14T16:45:00Z,ARR,bad,50.0
72,True,True,WINDSOR,TORONTO,2025-06-14,9,Toronto,TRTO,2025-06-14T18:01:33Z,2025-06-14T17:11:00Z,ARR,bad,50.0
73,True,True,TORONTO,WINDSOR,2025-06-14,0,Toronto,TRTO,2025-06-14T15:30:36Z,2025-06-14T15:30:00Z,ARR,goo,0.0
73,True,True,TORONTO,WINDSOR,2025-06-14,1,Oakville,OAKV,2025-06-14T15:53:18Z,2025-06-14T15:51:00Z,ARR,goo,2.0
73,True,True,TORONTO,WINDSOR,2025-06-14,2,Aldershot,ALDR,2025-06-14T16:10:15Z,2025-06-14T16:09:00Z,ARR,goo,1.0
73,True,True,TORONTO,WINDSOR,2025-06-14,3,Brantford,BRTF,2025-06-14T16:54:08Z,2025-06-14T16:40:00Z,ARR,med,14.0
73,True,True,TORONTO,WINDSOR,2025-06-14,4,Woodstock,WDST,2025-06-14T17:22:17Z,2025-06-14T17:09:00Z,ARR,med,13.0
73,True,True,TORONTO,WINDSOR,2025-06-14,5,London,LNDN,2025-06-14T17:53:50Z,2025-06-14T17:38:00Z,ARR,bad,15.0
73,True,True,TORONTO,WINDSOR,2025-06-14,6,Chatham,CHAT,2025-06-14T19:07:19Z,2025-06-14T18:50:00Z,ARR,bad,17.0
73,True,True,TORONTO,WINDSOR,2025-06-14,7,Windsor,WDON,2025-06-14T19:51:36Z,2025-06-14T19:45:00Z,ARR,med,6.0
71,True,True,TORONTO,WINDSOR,2025-06-14,0,Toronto,TRTO,2025-06-14T10:50:13Z,2025-06-14T10:50:00Z,ARR,goo,0.0
71,True,True,TORONTO,WINDSOR,2025-06-14,1,Oakville,OAKV,2025-06-14T11:18:36Z,2025-06-14T11:13:00Z,ARR,med,5.0
71,True,True,TORONTO,WINDSOR,2025-06-14,2,Aldershot,ALDR,2025-06-14T11:34:26Z,2025-06-14T11:29:00Z,ARR,med,5.0
71,True,True,TORONTO,WINDSOR,2025-06-14,3,Brantford,BRTF,2025-06-14T12:36:35Z,2025-06-14T11:55:00Z,ARR,bad,41.0
71,True,True,TORONTO,WINDSOR,2025-06-14,4,Woodstock,WDST,2025-06-14T13:23:18Z,2025-06-14T12:30:00Z,ARR,bad,53.0
71,True,True,TORONTO,WINDSOR,2025-06-14,5,Ingersoll,INGR,2025-06-14T13:35:19Z,2025-06-14T12:43:00Z,ARR,bad,52.0
71,True,True,TORONTO,WINDSOR,2025-06-14,6,London,LNDN,2025-06-14T13:59:56Z,2025-06-14T13:06:00Z,ARR,bad,53.0
71,True,True,TORONTO,WINDSOR,2025-06-14,7,Glencoe,GLNC,2025-06-14T14:40:56Z,2025-06-14T13:39:00Z,ARR,bad,61.0
71,True,True,TORONTO,WINDSOR,2025-06-14,8,Chatham,CHAT,2025-06-14T15:23:32Z,2025-06-14T14:18:00Z,ARR,bad,65.0
71,True,True,TORONTO,WINDSOR,2025-06-14,9,Windsor,WDON,2025-06-14T16:08:00Z,2025-06-14T15:08:00Z,ARR,bad,60.0
82,True,True,LONDON,TORONTO,2025-06-14,0,London,LNDN,2025-06-14T10:25:00Z,2025-06-14T10:25:00Z,ARR,goo,0.0
82,True,True,LONDON,TORONTO,2025-06-14,1,Woodstock,WDST,2025-06-14T10:54:24Z,2025-06-14T10:53:00Z,ARR,goo,1.0
82,True,True,LONDON,TORONTO,2025-06-14,2,Brantford,BRTF,2025-06-14T11:22:28Z,2025-06-14T11:23:00Z,ARR,goo,0.0
82,True,True,LONDON,TORONTO,2025-06-14,3,Toronto,TRTO,2025-06-14T12:31:49Z,2025-06-14T12:35:00Z,ARR,goo,-3.0
84,True,True,SARNIA,TORONTO,2025-06-14,0,Sarnia,SARN,2025-06-14T12:40:00Z,2025-06-14T12:40:00Z,ARR,goo,0.0
84,True,True,SARNIA,TORONTO,2025-06-14,1,Wyoming,WYOM,2025-06-14T12:58:44Z,2025-06-14T12:55:00Z,ARR,goo,3.0
84,True,True,SARNIA,TORONTO,2025-06-14,2,Strathroy,STRR,2025-06-14T13:41:06Z,2025-06-14T13:27:00Z,ARR,med,14.0
84,True,True,SARNIA,TORONTO,2025-06-14,3,London,LNDN,2025-06-14T14:07:54Z,2025-06-14T13:52:00Z,ARR,bad,15.0
84,True,True,SARNIA,TORONTO,2025-06-14,4,St.Marys,SMYS,2025-06-14T15:06:03Z,2025-06-14T14:45:00Z,ARR,bad,21.0
84,True,True,SARNIA,TORONTO,2025-06-14,5,Stratford,STRF,2025-06-14T15:34:35Z,2025-06-14T15:14:00Z,ARR,bad,20.0
84,True,True,SARNIA,TORONTO,2025-06-14,6,Kitchener,KITC,2025-06-14T16:23:02Z,2025-06-14T16:02:00Z,ARR,bad,21.0
84,True,True,SARNIA,TORONTO,2025-06-14,7,Guelph,GUEL,2025-06-14T16:48:46Z,2025-06-14T16:24:00Z,ARR,bad,24.0
84,True,True,SARNIA,TORONTO,2025-06-14,8,Georgetown,GEOR,2025-06-14T17:12:56Z,2025-06-14T16:47:00Z,ARR,bad,25.0
84,True,True,SARNIA,TORONTO,2025-06-14,9,Brampton,BRMP,2025-06-14T17:25:23Z,2025-06-14T16:59:00Z,ARR,bad,26.0
84,True,True,SARNIA,TORONTO,2025-06-14,10,Malton,MALT,2025-06-14T17:37:31Z,2025-06-14T17:11:00Z,ARR,bad,26.0
84,True,True,SARNIA,TORONTO,2025-06-14,11,Toronto,TRTO,2025-06-14T18:02:15Z,2025-06-14T17:38:00Z,ARR,bad,24.0
643,True,True,OTTAWA,TORONTO,2025-06-14,0,Ottawa,OTTW,2025-06-14T12:29:26Z,2025-06-14T12:29:00Z,ARR,goo,0.0
643,True,True,OTTAWA,TORONTO,2025-06-14,1,Fallowfield,FALL,2025-06-14T12:47:44Z,2025-06-14T12:45:00Z,ARR,goo,2.0
643,True,True,OTTAWA,TORONTO,2025-06-14,2,Smiths Falls,SMTF,2025-06-14T13:19:18Z,2025-06-14T13:17:00Z,ARR,goo,2.0
643,True,True,OTTAWA,TORONTO,2025-06-14,3,Brockville,BRKV,2025-06-14T13:54:14Z,2025-06-14T13:49:00Z,ARR,med,5.0
643,True,True,OTTAWA,TORONTO,2025-06-14,4,Kingston,KGON,2025-06-14T14:38:03Z,2025-06-14T14:32:00Z,ARR,med,6.0
643,True,True,OTTAWA,TORONTO,2025-06-14,5,Napanee,NAPN,2025-06-14T15:01:57Z,2025-06-14T14:57:00Z,ARR,goo,4.0
643,True,True,OTTAWA,TORONTO,2025-06-14,6,Belleville,BLVL,2025-06-14T15:22:21Z,2025-06-14T15:17:00Z,ARR,med,5.0
643,True,True,OTTAWA,TORONTO,2025-06-14,7,Trenton Jct.,TRNJ,2025-06-14T15:37:49Z,2025-06-14T15:31:00Z,ARR,med,6.0
643,True,True,OTTAWA,TORONTO,2025-06-14,8,Cobourg,CBRG,2025-06-14T16:06:05Z,2025-06-14T15:57:00Z,ARR,med,9.0
643,True,True,OTTAWA,TORONTO,2025-06-14,9,Port Hope,PHOP,2025-06-14T16:16:23Z,2025-06-14T16:07:00Z,ARR,med,9.0
643,True,True,OTTAWA,TORONTO,2025-06-14,10,Oshawa,OSHA,2025-06-14T16:44:23Z,2025-06-14T16:35:00Z,ARR,med,9.0
643,True,True,OTTAWA,TORONTO,2025-06-14,11,Guildwood,GUIL,2025-06-14T17:05:42Z,2025-06-14T16:58:00Z,ARR,med,7.0
643,True,True,OTTAWA,TORONTO,2025-06-14,12,Toronto,TRTO,2025-06-14T17:30:01Z,2025-06-14T17:18:00Z,ARR,med,12.0
644,True,True,TORONTO,OTTAWA,2025-06-14,0,Toronto,TRTO,2025-06-14T17:22:56Z,2025-06-14T17:22:00Z,ARR,goo,0.0
644,True,True,TORONTO,OTTAWA,2025-06-14,1,Oshawa,OSHA,2025-06-14T17:57:19Z,2025-06-14T17:53:00Z,ARR,goo,4.0
644,True,True,TORONTO,OTTAWA,2025-06-14,2,Cobourg,CBRG,2025-06-14T18:39:44Z,2025-06-14T18:28:00Z,ARR,med,11.0
644,True,True,TORONTO,OTTAWA,2025-06-14,3,Belleville,BLVL,2025-06-14T19:31:23Z,2025-06-14T19:03:00Z,ARR,bad,28.0
644,True,True,TORONTO,OTTAWA,2025-06-14,4,Kingston,KGON,2025-06-14T20:17:59Z,2025-06-14T19:43:00Z,ARR,bad,34.0
644,True,True,TORONTO,OTTAWA,2025-06-14,5,Fallowfield,FALL,2025-06-14T22:04:18Z,2025-06-14T21:30:00Z,ARR,bad,34.0
644,True,True,TORONTO,OTTAWA,2025-06-14,6,Ottawa,OTTW,2025-06-14T22:27:47Z,2025-06-14T21:53:00Z,ARR,bad,34.0
97,True,True,TORONTO,NIAGARA FALLS,2025-06-14,0,Toronto,TRTO,2025-06-14T12:20:00Z,2025-06-14T12:20:00Z,ARR,goo,0.0
97,True,True,TORONTO,NIAGARA FALLS,2025-06-14,1,Oakville,OAKV,2025-06-14T12:43:00Z,2025-06-14T12:43:00Z,ARR,goo,0.0
97,True,True,TORONTO,NIAGARA FALLS,2025-06-14,2,Aldershot,ALDR,2025-06-14T12:56:00Z,2025-06-14T12:56:00Z,ARR,goo,0.0
97,True,True,TORONTO,NIAGARA FALLS,2025-06-14,3,Grimsby,GRIM,2025-06-14T13:37:00Z,2025-06-14T13:37:00Z,ARR,goo,0.0
97,True,True,TORONTO,NIAGARA FALLS,2025-06-14,4,St. Catharines,SCAT,2025-06-14T13:57:00Z,2025-06-14T13:57:00Z,ARR,goo,0.0
97,True,True,TORONTO,NIAGARA FALLS,2025-06-14,5,Niagara Falls,NIAG,2025-06-14T14:20:00Z,2025-06-14T14:20:00Z,ARR,goo,0.0
62,True,True,TORONTO,MONTRÉAL,2025-06-14,0,Toronto,TRTO,2025-06-14T12:32:00Z,2025-06-14T12:32:00Z,ARR,goo,0.0
62,True,True,TORONTO,MONTRÉAL,2025-06-14,1,Guildwood,GUIL,2025-06-14T12:48:41Z,2025-06-14T12:50:00Z,ARR,goo,-1.0
62,True,True,TORONTO,MONTRÉAL,2025-06-14,2,Oshawa,OSHA,2025-06-14T13:12:52Z,2025-06-14T13:09:00Z,ARR,goo,3.0
62,True,True,TORONTO,MONTRÉAL,2025-06-14,3,Cobourg,CBRG,2025-06-14T13:47:53Z,2025-06-14T13:44:00Z,ARR,goo,3.0
62,True,True,TORONTO,MONTRÉAL,2025-06-14,4,Belleville,BLVL,2025-06-14T14:26:09Z,2025-06-14T14:20:00Z,ARR,med,6.0
62,True,True,TORONTO,MONTRÉAL,2025-06-14,5,Kingston,KGON,2025-06-14T15:04:57Z,2025-06-14T15:00:00Z,ARR,goo,4.0
62,True,True,TORONTO,MONTRÉAL,2025-06-14,6,Cornwall,CWLL,2025-06-14T16:42:00Z,2025-06-14T16:43:00Z,ARR,goo,-1.0
62,True,True,TORONTO,MONTRÉAL,2025-06-14,7,Dorval,DORV,2025-06-14T17:39:27Z,2025-06-14T17:34:00Z,ARR,med,5.0
62,True,True,TORONTO,MONTRÉAL,2025-06-14,8,Montréal,MTRL,2025-06-14T18:03:33Z,2025-06-14T18:00:00Z,ARR,goo,3.0
622,True,True,MONTRÉAL,QUÉBEC,2025-06-14,0,Montréal,MTRL,2025-06-14T12:20:00Z,2025-06-14T12:20:00Z,ARR,goo,0.0
622,True,True,MONTRÉAL,QUÉBEC,2025-06-14,1,St. Lambert,SLAM,2025-06-14T12:36:38Z,2025-06-14T12:33:00Z,ARR,goo,3.0
622,True,True,MONTRÉAL,QUÉBEC,2025-06-14,2,St. Hyacinthe,SHYA,2025-06-14T13:11:15Z,2025-06-14T13:00:00Z,ARR,med,11.0
622,True,True,MONTRÉAL,QUÉBEC,2025-06-14,3,Drummondville,DRMV,2025-06-14T13:45:52Z,2025-06-14T13:29:00Z,ARR,bad,16.0
622,True,True,MONTRÉAL,QUÉBEC,2025-06-14,4,Ste-Foy,SFOY,2025-06-14T15:36:32Z,2025-06-14T15:11:00Z,ARR,bad,25.0
622,True,True,MONTRÉAL,QUÉBEC,2025-06-14,5,Québec,QBEC,2025-06-14T16:03:26Z,2025-06-14T15:39:00Z,ARR,bad,24.0
65,True,True,MONTRÉAL,TORONTO,2025-06-14,0,Montréal,MTRL,2025-06-14T14:49:00Z,2025-06-14T14:49:00Z,ARR,goo,0.0
65,True,True,MONTRÉAL,TORONTO,2025-06-14,1,Dorval,DORV,2025-06-14T15:13:07Z,2025-06-14T15:12:00Z,ARR,goo,1.0
65,True,True,MONTRÉAL,TORONTO,2025-06-14,2,Cornwall,CWLL,2025-06-14T15:59:52Z,2025-06-14T16:06:00Z,ARR,goo,-6.0
65,True,True,MONTRÉAL,TORONTO,2025-06-14,3,Kingston,KGON,2025-06-14T17:29:40Z,2025-06-14T17:36:00Z,ARR,goo,-6.0
65,True,True,MONTRÉAL,TORONTO,2025-06-14,4,Belleville,BLVL,2025-06-14T18:16:17Z,2025-06-14T18:20:00Z,ARR,goo,-3.0
65,True,True,MONTRÉAL,TORONTO,2025-06-14,5,Cobourg,CBRG,2025-06-14T18:55:20Z,2025-06-14T18:58:00Z,ARR,goo,-2.0
65,True,True,MONTRÉAL,TORONTO,2025-06-14,6,Oshawa,OSHA,2025-06-14T19:39:38Z,2025-06-14T19:34:00Z,ARR,med,5.0
65,True,True,MONTRÉAL,TORONTO,2025-06-14,7,Toronto,TRTO,2025-06-14T20:27:32Z,2025-06-14T20:18:00Z,ARR,med,9.0
45,True,True,OTTAWA,TORONTO,2025-06-14,0,Ottawa,OTTW,2025-06-14T14:24:00Z,2025-06-14T14:24:00Z,ARR,goo,0.0
45,True,True,OTTAWA,TORONTO,2025-06-14,1,Fallowfield,FALL,2025-06-14T14:40:32Z,2025-06-14T14:40:00Z,ARR,goo,0.0
45,True,True,OTTAWA,TORONTO,2025-06-14,2,Kingston,KGON,2025-06-14T16:39:07Z,2025-06-14T16:26:00Z,ARR,med,13.0
45,True,True,OTTAWA,TORONTO,2025-06-14,3,Toronto,TRTO,2025-06-14T19:28:54Z,2025-06-14T18:48:00Z,ARR,bad,40.0
633,True,True,MONTRÉAL,OTTAWA,2025-06-14,0,Montréal,MTRL,2025-06-14T13:00:00Z,2025-06-14T13:00:00Z,ARR,goo,0.0
633,True,True,MONTRÉAL,OTTAWA,2025-06-14,1,Dorval,DORV,2025-06-14T13:29:17Z,2025-06-14T13:24:00Z,ARR,med,5.0
633,True,True,MONTRÉAL,OTTAWA,2025-06-14,2,Alexandria,ALEX,2025-06-14T14:15:11Z,2025-06-14T14:11:00Z,ARR,goo,4.0
633,True,True,MONTRÉAL,OTTAWA,2025-06-14,3,Casselman,CSLM,2025-06-14T14:46:30Z,2025-06-14T14:34:00Z,ARR,med,12.0
633,True,True,MONTRÉAL,OTTAWA,2025-06-14,4,Ottawa,OTTW,2025-06-14T15:18:32Z,2025-06-14T15:05:00Z,ARR,med,13.0
185,True,True,SUDBURY,WHITE RIVER,2025-06-14,0,Sudbury,SUDB,2025-06-14T13:00:00Z,2025-06-14T13:00:00Z,ARR,goo,0.0
185,True,True,SUDBURY,WHITE RIVER,2025-06-14,1,Azilda,AZIL,2025-06-14T13:15:11Z,2025-06-14T13:10:00Z,ARR,med,5.0
185,True,True,SUDBURY,WHITE RIVER,2025-06-14,2,Chelmsford,CHEL,2025-06-14T13:18:42Z,2025-06-14T13:15:00Z,ARR,goo,3.0
185,True,True,SUDBURY,WHITE RIVER,2025-06-14,3,Larchwood,LARC,2025-06-14T13:24:56Z,2025-06-14T13:19:00Z,ARR,med,5.0
185,True,True,SUDBURY,WHITE RIVER,2025-06-14,4,Levack,LEVA,2025-06-14T13:34:53Z,2025-06-14T13:30:00Z,ARR,goo,4.0
185,True,True,SUDBURY,WHITE RIVER,2025-06-14,5,Cartier,CART,2025-06-14T13:48:48Z,2025-06-14T13:45:00Z,ARR,goo,3.0
185,True,True,SUDBURY,WHITE RIVER,2025-06-14,6,Benny,BENN,2025-06-14T14:02:00Z,2025-06-14T14:05:00Z,ARR,goo,-3.0
185,True,True,SUDBURY,WHITE RIVER,2025-06-14,7,Stralak,STRL,2025-06-14T14:06:36Z,2025-06-14T14:12:00Z,ARR,goo,-5.0
185,True,True,SUDBURY,WHITE RIVER,2025-06-14,8,Pogamasing,POGA,2025-06-14T14:17:56Z,2025-06-14T14:25:00Z,ARR,goo,-7.0
185,True,True,SUDBURY,WHITE RIVER,2025-06-14,9,Sheahan,SHEA,2025-06-14T14:26:12Z,2025-06-14T14:30:00Z,ARR,goo,-3.0
185,True,True,SUDBURY,WHITE RIVER,2025-06-14,10,Forks,FRKS,2025-06-14T14:40:00Z,2025-06-14T14:40:00Z,ARR,goo,0.0
185,True,True,SUDBURY,WHITE RIVER,2025-06-14,11,Metagama,MTGM,2025-06-14T14:50:00Z,2025-06-14T14:50:00Z,ARR,goo,0.0
185,True,True,SUDBURY,WHITE RIVER,2025-06-14,12,Sinker,SNKR,2025-06-14T14:55:00Z,2025-06-14T14:55:00Z,ARR,goo,0.0
185,True,True,SUDBURY,WHITE RIVER,2025-06-14,13,Biscotasing,BISC,2025-06-14T15:12:33Z,2025-06-14T15:20:00Z,ARR,goo,-7.0
185,True,True,SUDBURY,WHITE RIVER,2025-06-14,14,Roberts,RBRT,2025-06-14T15:30:00Z,2025-06-14T15:30:00Z,ARR,goo,0.0
185,True,True,SUDBURY,WHITE RIVER,2025-06-14,15,Ramsey,RAMS,2025-06-14T15:45:00Z,2025-06-14T15:45:00Z,ARR,goo,0.0
185,True,True,SUDBURY,WHITE RIVER,2025-06-14,16,Woman River,WOMR,2025-06-14T16:05:00Z,2025-06-14T16:05:00Z,ARR,goo,0.0
185,True,True,SUDBURY,WHITE RIVER,2025-06-14,17,Sultan,SULT,2025-06-14T16:20:00Z,2025-06-14T16:20:00Z,ARR,goo,0.0
185,True,True,SUDBURY,WHITE RIVER,2025-06-14,18,Kormak,KORM,2025-06-14T16:35:00Z,2025-06-14T16:35:00Z,ARR,goo,0.0
185,True,True,SUDBURY,WHITE RIVER,2025-06-14,19,Kinogama,KINO,2025-06-14T16:40:00Z,2025-06-14T16:40:00Z,ARR,goo,0.0
185,True,True,SUDBURY,WHITE RIVER,2025-06-14,20,Nemegos,NEME,2025-06-14T16:36:29Z,2025-06-14T16:55:00Z,ARR,goo,-18.0
185,True,True,SUDBURY,WHITE RIVER,2025-06-14,21,Devon,DEVN,2025-06-14T16:48:07Z,2025-06-14T17:05:00Z,ARR,goo,-16.0
185,True,True,SUDBURY,WHITE RIVER,2025-06-14,22,Chapleau,CHAP,2025-06-14T17:27:08Z,2025-06-14T17:20:00Z,ARR,med,7.0
185,True,True,SUDBURY,WHITE RIVER,2025-06-14,23,Esher,ESHR,2025-06-14T17:50:55Z,2025-06-14T17:50:00Z,ARR,goo,0.0
185,True,True,SUDBURY,WHITE RIVER,2025-06-14,24,Musk,MUSK,2025-06-14T18:07:12Z,2025-06-14T18:00:00Z,ARR,med,7.0
185,True,True,SUDBURY,WHITE RIVER,2025-06-14,25,Nicholson,NICH,2025-06-14T18:13:11Z,2025-06-14T18:10:00Z,ARR,goo,3.0
185,True,True,SUDBURY,WHITE RIVER,2025-06-14,26,Bolkow,BOLK,2025-06-14T18:30:40Z,2025-06-14T18:30:00Z,ARR,goo,0.0
185,True,True,SUDBURY,WHITE RIVER,2025-06-14,27,Dalton,DALT,2025-06-14T18:45:40Z,2025-06-14T18:45:00Z,ARR,goo,0.0
185,True,True,SUDBURY,WHITE RIVER,2025-06-14,28,Missanabie,MSBI,2025-06-14T19:10:40Z,2025-06-14T19:10:00Z,ARR,goo,0.0
185,True,True,SUDBURY,WHITE RIVER,2025-06-14,29,Lochalsh,LOCH,2025-06-14T19:30:40Z,2025-06-14T19:30:00Z,ARR,goo,0.0
185,True,True,SUDBURY,WHITE RIVER,2025-06-14,30,Franz,FRNZ,2025-06-14T19:50:40Z,2025-06-14T19:50:00Z,ARR,goo,0.0
185,True,True,SUDBURY,WHITE RIVER,2025-06-14,31,Swanson,SWAN,2025-06-14T20:00:40Z,2025-06-14T20:00:00Z,ARR,goo,0.0
185,True,True,SUDBURY,WHITE RIVER,2025-06-14,32,Girdwood,GIRD,2025-06-14T20:25:40Z,2025-06-14T20:25:00Z,ARR,goo,0.0
185,True,True,SUDBURY,WHITE RIVER,2025-06-14,33,Amyot,AMYO,2025-06-14T20:46:06Z,2025-06-14T20:35:00Z,ARR,med,11.0
185,True,True,SUDBURY,WHITE RIVER,2025-06-14,34,O'Brien,OBRI,2025-06-14T21:00:01Z,2025-06-14T20:50:00Z,ARR,med,10.0
185,True,True,SUDBURY,WHITE RIVER,2025-06-14,35,White River,WHTR,2025-06-14T21:13:18Z,2025-06-14T21:05:00Z,ARR,med,8.0
637,True,True,QUÉBEC,OTTAWA,2025-06-14,0,Québec,QBEC,2025-06-14T14:00:00Z,2025-06-14T14:00:00Z,ARR,goo,0.0
637,True,True,QUÉBEC,OTTAWA,2025-06-14,1,Ste-Foy,SFOY,2025-06-14T14:25:01Z,2025-06-14T14:25:00Z,ARR,goo,0.0
637,True,True,QUÉBEC,OTTAWA,2025-06-14,2,Drummondville,DRMV,2025-06-14T16:17:19Z,2025-06-14T16:08:00Z,ARR,med,9.0
637,True,True,QUÉBEC,OTTAWA,2025-06-14,3,St. Lambert,SLAM,2025-06-14T17:34:35Z,2025-06-14T17:16:00Z,ARR,bad,18.0
637,True,True,QUÉBEC,OTTAWA,2025-06-14,4,Montréal,MTRL,2025-06-14T17:50:35Z,2025-06-14T17:31:00Z,ARR,bad,19.0
637,True,True,QUÉBEC,OTTAWA,2025-06-14,5,Dorval,DORV,2025-06-14T18:46:35Z,2025-06-14T18:20:00Z,ARR,bad,26.0
637,True,True,QUÉBEC,OTTAWA,2025-06-14,6,Alexandria,ALEX,2025-06-15T00:10:20Z,2025-06-14T19:10:00Z,ARR,bad,300.0
637,True,True,QUÉBEC,OTTAWA,2025-06-14,7,Ottawa,OTTW,2025-06-15T01:09:12Z,2025-06-14T19:56:00Z,ARR,bad,313.0
47,True,True,OTTAWA,TORONTO,2025-06-14,0,Ottawa,OTTW,2025-06-14T16:23:00Z,2025-06-14T16:23:00Z,ARR,goo,0.0
47,True,True,OTTAWA,TORONTO,2025-06-14,1,Fallowfield,FALL,2025-06-14T16:39:08Z,2025-06-14T16:40:00Z,ARR,goo,0.0
47,True,True,OTTAWA,TORONTO,2025-06-14,2,Smiths Falls,SMTF,2025-06-14T17:16:13Z,2025-06-14T17:18:00Z,ARR,goo,-1.0
47,True,True,OTTAWA,TORONTO,2025-06-14,3,Brockville,BRKV,2025-06-14T17:49:38Z,2025-06-14T17:54:00Z,ARR,goo,-4.0
47,True,True,OTTAWA,TORONTO,2025-06-14,4,Gananoque,GANA,2025-06-14T18:21:27Z,2025-06-14T18:22:00Z,ARR,goo,0.0
47,True,True,OTTAWA,TORONTO,2025-06-14,5,Kingston,KGON,2025-06-14T18:42:29Z,2025-06-14T18:45:00Z,ARR,goo,-2.0
47,True,True,OTTAWA,TORONTO,2025-06-14,6,Belleville,BLVL,2025-06-14T19:26:23Z,2025-06-14T19:26:00Z,ARR,goo,0.0
47,True,True,OTTAWA,TORONTO,2025-06-14,7,Oshawa,OSHA,2025-06-14T21:06:20Z,2025-06-14T20:33:00Z,ARR,bad,33.0
47,True,True,OTTAWA,TORONTO,2025-06-14,8,Guildwood,GUIL,2025-06-14T21:32:47Z,2025-06-14T20:58:00Z,ARR,bad,34.0
47,True,True,OTTAWA,TORONTO,2025-06-14,9,Toronto,TRTO,2025-06-14T21:58:07Z,2025-06-14T21:30:00Z,ARR,bad,28.0
63,True,True,MONTRÉAL,TORONTO,2025-06-14,0,Montréal,MTRL,2025-06-14T12:46:00Z,2025-06-14T12:46:00Z,ARR,goo,0.0
63,True,True,MONTRÉAL,TORONTO,2025-06-14,1,Dorval,DORV,2025-06-14T13:17:25Z,2025-06-14T13:11:00Z,ARR,med,6.0
63,True,True,MONTRÉAL,TORONTO,2025-06-14,2,Cornwall,CWLL,2025-06-14T14:08:04Z,2025-06-14T14:04:00Z,ARR,goo,4.0
63,True,True,MONTRÉAL,TORONTO,2025-06-14,3,Brockville,BRKV,2025-06-14T14:54:12Z,2025-06-14T14:54:00Z,ARR,goo,0.0
63,True,True,MONTRÉAL,TORONTO,2025-06-14,4,Kingston,KGON,2025-06-14T15:41:10Z,2025-06-14T15:39:00Z,ARR,goo,2.0
63,True,True,MONTRÉAL,TORONTO,2025-06-14,5,Belleville,BLVL,2025-06-14T16:21:28Z,2025-06-14T16:20:00Z,ARR,goo,1.0
63,True,True,MONTRÉAL,TORONTO,2025-06-14,6,Cobourg,CBRG,2025-06-14T16:54:16Z,2025-06-14T16:58:00Z,ARR,goo,-3.0
63,True,True,MONTRÉAL,TORONTO,2025-06-14,7,Oshawa,OSHA,2025-06-14T17:31:10Z,2025-06-14T17:34:00Z,ARR,goo,-2.0
63,True,True,MONTRÉAL,TORONTO,2025-06-14,8,Guildwood,GUIL,2025-06-14T17:51:58Z,2025-06-14T17:58:00Z,ARR,goo,-6.0
63,True,True,MONTRÉAL,TORONTO,2025-06-14,9,Toronto,TRTO,2025-06-14T18:17:26Z,2025-06-14T18:18:00Z,ARR,goo,0.0
624,True,True,OTTAWA,QUÉBEC,2025-06-14,0,Ottawa,OTTW,2025-06-14T11:45:03Z,2025-06-14T11:45:00Z,ARR,goo,0.0
624,True,True,OTTAWA,QUÉBEC,2025-06-14,1,Alexandria,ALEX,2025-06-14T12:31:31Z,2025-06-14T12:31:00Z,ARR,goo,0.0
624,True,True,OTTAWA,QUÉBEC,2025-06-14,2,Dorval,DORV,2025-06-14T13:18:14Z,2025-06-14T13:16:00Z,ARR,goo,2.0
624,True,True,OTTAWA,QUÉBEC,2025-06-14,3,Montréal,MTRL,2025-06-14T13:40:38Z,2025-06-14T13:39:00Z,ARR,goo,1.0
624,True,True,OTTAWA,QUÉBEC,2025-06-14,4,St. Lambert,SLAM,2025-06-14T14:31:02Z,2025-06-14T14:28:00Z,ARR,goo,3.0
624,True,True,OTTAWA,QUÉBEC,2025-06-14,5,St. Hyacinthe,SHYA,2025-06-14T15:04:55Z,2025-06-14T15:06:00Z,ARR,goo,-1.0
624,True,True,OTTAWA,QUÉBEC,2025-06-14,6,Drummondville,DRMV,2025-06-14T15:40:25Z,2025-06-14T15:34:00Z,ARR,med,6.0
624,True,True,OTTAWA,QUÉBEC,2025-06-14,7,Charny,CHNY,2025-06-14T17:54:13Z,2025-06-14T17:13:00Z,ARR,bad,41.0
624,True,True,OTTAWA,QUÉBEC,2025-06-14,8,Ste-Foy,SFOY,2025-06-14T18:02:30Z,2025-06-14T17:20:00Z,ARR,bad,42.0
624,True,True,OTTAWA,QUÉBEC,2025-06-14,9,Québec,QBEC,2025-06-14T18:30:46Z,2025-06-14T17:48:00Z,ARR,bad,42.0
40,True,True,TORONTO,OTTAWA,2025-06-14,0,Toronto,TRTO,2025-06-14T14:37:08Z,2025-06-14T14:37:00Z,ARR,goo,0.0
40,True,True,TORONTO,OTTAWA,2025-06-14,1,Belleville,BLVL,2025-06-14T16:20:55Z,2025-06-14T16:09:00Z,ARR,med,11.0
40,True,True,TORONTO,OTTAWA,2025-06-14,2,Kingston,KGON,2025-06-14T16:58:32Z,2025-06-14T16:48:00Z,ARR,med,10.0
40,True,True,TORONTO,OTTAWA,2025-06-14,3,Fallowfield,FALL,2025-06-14T18:38:39Z,2025-06-14T18:38:00Z,ARR,goo,0.0
40,True,True,TORONTO,OTTAWA,2025-06-14,4,Ottawa,OTTW,2025-06-14T18:59:49Z,2025-06-14T19:02:00Z,ARR,goo,-2.0
35,True,True,QUÉBEC,OTTAWA,2025-06-14,0,Québec,QBEC,2025-06-14T12:06:00Z,2025-06-14T12:06:00Z,ARR,goo,0.0
35,True,True,QUÉBEC,OTTAWA,2025-06-14,1,Ste-Foy,SFOY,2025-06-14T12:31:06Z,2025-06-14T12:31:00Z,ARR,goo,0.0
35,True,True,QUÉBEC,OTTAWA,2025-06-14,2,Charny,CHNY,2025-06-14T12:41:20Z,2025-06-14T12:40:00Z,ARR,goo,1.0
35,True,True,QUÉBEC,OTTAWA,2025-06-14,3,Drummondville,DRMV,2025-06-14T14:11:34Z,2025-06-14T14:14:00Z,ARR,goo,-2.0
35,True,True,QUÉBEC,OTTAWA,2025-06-14,4,St. Hyacinthe,SHYA,2025-06-14T14:50:13Z,2025-06-14T14:44:00Z,ARR,med,6.0
35,True,True,QUÉBEC,OTTAWA,2025-06-14,5,St. Lambert,SLAM,2025-06-14T15:36:08Z,2025-06-14T15:11:00Z,ARR,bad,25.0
35,True,True,QUÉBEC,OTTAWA,2025-06-14,6,Montréal,MTRL,2025-06-14T15:52:40Z,2025-06-14T15:26:00Z,ARR,bad,26.0
35,True,True,QUÉBEC,OTTAWA,2025-06-14,7,Dorval,DORV,2025-06-14T16:40:43Z,2025-06-14T16:18:00Z,ARR,bad,22.0
35,True,True,QUÉBEC,OTTAWA,2025-06-14,8,Coteau,COTO,2025-06-14T17:10:26Z,2025-06-14T16:46:00Z,ARR,bad,24.0
35,True,True,QUÉBEC,OTTAWA,2025-06-14,9,Alexandria,ALEX,2025-06-14T17:31:47Z,2025-06-14T17:08:00Z,ARR,bad,23.0
35,True,True,QUÉBEC,OTTAWA,2025-06-14,10,Casselman,CSLM,2025-06-14T17:52:33Z,2025-06-14T17:31:00Z,ARR,bad,21.0
35,True,True,QUÉBEC,OTTAWA,2025-06-14,11,Ottawa,OTTW,2025-06-14T18:21:08Z,2025-06-14T17:58:00Z,ARR,bad,23.0
76,True,True,WINDSOR,TORONTO,2025-06-14,0,Windsor,WDON,2025-06-14T17:46:00Z,2025-06-14T17:46:00Z,ARR,goo,0.0
76,True,True,WINDSOR,TORONTO,2025-06-14,1,Chatham,CHAT,2025-06-14T18:29:17Z,2025-06-14T18:28:00Z,ARR,goo,1.0
76,True,True,WINDSOR,TORONTO,2025-06-14,2,Glencoe,GLNC,2025-06-14T19:16:07Z,2025-06-14T19:03:00Z,ARR,med,13.0
76,True,True,WINDSOR,TORONTO,2025-06-14,3,London,LNDN,2025-06-14T20:11:49Z,2025-06-14T19:38:00Z,ARR,bad,33.0
76,True,True,WINDSOR,TORONTO,2025-06-14,4,Brantford,BRTF,2025-06-14T21:49:51Z,2025-06-14T20:39:00Z,ARR,bad,70.0
76,True,True,WINDSOR,TORONTO,2025-06-14,5,Aldershot,ALDR,2025-06-14T22:51:00Z,2025-06-14T21:10:00Z,ARR,bad,101.0
76,True,True,WINDSOR,TORONTO,2025-06-14,6,Oakville,OAKV,2025-06-14T23:13:33Z,2025-06-14T21:27:00Z,ARR,bad,106.0
76,True,True,WINDSOR,TORONTO,2025-06-14,7,Toronto,TRTO,2025-06-14T23:39:23Z,2025-06-14T21:53:00Z,ARR,bad,106.0
26,True,False,OTTAWA,QUÉBEC,2025-06-14,0,Ottawa,OTTW,2025-06-14T18:17:08Z,2025-06-14T18:17:00Z,ARR,goo,0.0
26,True,False,OTTAWA,QUÉBEC,2025-06-14,1,Alexandria,ALEX,2025-06-14T19:07:34Z,2025-06-14T19:03:00Z,ARR,goo,4.0
26,True,False,OTTAWA,QUÉBEC,2025-06-14,2,Coteau,COTO,2025-06-15T00:02:14Z,2025-06-14T19:26:00Z,ARR,bad,276.0
26,True,False,OTTAWA,QUÉBEC,2025-06-14,3,Dorval,DORV,2025-06-15T00:45:53Z,2025-06-14T19:49:00Z,ARR,bad,296.0
26,True,False,OTTAWA,QUÉBEC,2025-06-14,4,Montréal,MTRL,2025-06-15T01:14:32Z,2025-06-14T20:15:00Z,ARR,bad,299.0
26,True,False,OTTAWA,QUÉBEC,2025-06-14,5,St. Lambert,SLAM,2025-06-15T01:52:39Z,2025-06-14T20:53:00Z,ARR,bad,299.0
26,True,False,OTTAWA,QUÉBEC,2025-06-14,6,St. Hyacinthe,SHYA,2025-06-15T02:24:02Z,2025-06-14T21:20:00Z,ARR,bad,304.0
26,True,False,OTTAWA,QUÉBEC,2025-06-14,7,Drummondville,DRMV,2025-06-15T02:59:20Z,2025-06-14T22:05:00Z,ARR,bad,294.0
26,True,False,OTTAWA,QUÉBEC,2025-06-14,8,Charny,CHNY,2025-06-15T04:41:53Z,2025-06-14T23:44:00Z,1h20,bad,297.0
26,True,False,OTTAWA,QUÉBEC,2025-06-14,9,Ste-Foy,SFOY,2025-06-15T04:49:53Z,2025-06-14T23:52:00Z,1h28,bad,297.0
26,True,False,OTTAWA,QUÉBEC,2025-06-14,10,Québec,QBEC,2025-06-15T05:16:53Z,2025-06-15T00:19:00Z,1h55,bad,297.0
39,True,True,QUÉBEC,OTTAWA,2025-06-14,0,Québec,QBEC,2025-06-14T19:00:06Z,2025-06-14T18:57:00Z,ARR,goo,3.0
39,True,True,QUÉBEC,OTTAWA,2025-06-14,1,Ste-Foy,SFOY,2025-06-14T19:27:25Z,2025-06-14T19:22:00Z,ARR,med,5.0
39,True,True,QUÉBEC,OTTAWA,2025-06-14,2,Drummondville,DRMV,2025-06-14T21:16:36Z,2025-06-14T20:58:00Z,ARR,bad,18.0
39,True,True,QUÉBEC,OTTAWA,2025-06-14,3,St. Lambert,SLAM,2025-06-14T22:22:32Z,2025-06-14T21:57:00Z,ARR,bad,25.0
39,True,True,QUÉBEC,OTTAWA,2025-06-14,4,Montréal,MTRL,2025-06-14T22:39:25Z,2025-06-14T22:11:00Z,ARR,bad,28.0
39,True,True,QUÉBEC,OTTAWA,2025-06-14,5,Dorval,DORV,2025-06-15T00:36:59Z,2025-06-14T23:14:00Z,ARR,bad,82.0
39,True,True,QUÉBEC,OTTAWA,2025-06-14,6,Coteau,COTO,2025-06-15T01:13:13Z,2025-06-14T23:43:00Z,ARR,bad,90.0
39,True,True,QUÉBEC,OTTAWA,2025-06-14,7,Alexandria,ALEX,2025-06-15T01:52:55Z,2025-06-15T00:06:00Z,ARR,bad,106.0
39,True,True,QUÉBEC,OTTAWA,2025-06-14,8,Ottawa,OTTW,2025-06-15T02:49:38Z,2025-06-15T00:51:00Z,ARR,bad,118.0
66,True,True,TORONTO,MONTRÉAL,2025-06-14,0,Toronto,TRTO,2025-06-14T19:22:29Z,2025-06-14T19:22:00Z,ARR,goo,0.0
66,True,True,TORONTO,MONTRÉAL,2025-06-14,1,Guildwood,GUIL,2025-06-14T19:42:49Z,2025-06-14T19:40:00Z,ARR,goo,2.0
66,True,True,TORONTO,MONTRÉAL,2025-06-14,2,Oshawa,OSHA,2025-06-14T20:00:52Z,2025-06-14T19:54:00Z,ARR,med,6.0
66,True,True,TORONTO,MONTRÉAL,2025-06-14,3,Belleville,BLVL,2025-06-14T21:20:11Z,2025-06-14T21:00:00Z,ARR,bad,20.0
66,True,True,TORONTO,MONTRÉAL,2025-06-14,4,Kingston,KGON,2025-06-14T21:58:17Z,2025-06-14T21:40:00Z,ARR,bad,18.0
66,True,True,TORONTO,MONTRÉAL,2025-06-14,5,Cornwall,CWLL,2025-06-14T23:19:51Z,2025-06-14T23:07:00Z,ARR,med,12.0
66,True,True,TORONTO,MONTRÉAL,2025-06-14,6,Dorval,DORV,2025-06-15T00:12:21Z,2025-06-14T23:58:00Z,ARR,med,14.0
66,True,True,TORONTO,MONTRÉAL,2025-06-14,7,Montréal,MTRL,2025-06-15T00:40:28Z,2025-06-15T00:25:00Z,ARR,bad,15.0
46,True,True,TORONTO,OTTAWA,2025-06-14,0,Toronto,TRTO,2025-06-14T19:37:46Z,2025-06-14T19:37:00Z,ARR,goo,0.0
46,True,True,TORONTO,OTTAWA,2025-06-14,1,Oshawa,OSHA,2025-06-14T20:13:14Z,2025-06-14T20:09:00Z,ARR,goo,4.0
46,True,True,TORONTO,OTTAWA,2025-06-14,2,Cobourg,CBRG,2025-06-14T21:06:03Z,2025-06-14T20:43:00Z,ARR,bad,23.0
46,True,True,TORONTO,OTTAWA,2025-06-14,3,Kingston,KGON,2025-06-14T22:33:20Z,2025-06-14T21:54:00Z,ARR,bad,39.0
46,True,True,TORONTO,OTTAWA,2025-06-14,4,Brockville,BRKV,2025-06-14T23:29:36Z,2025-06-14T22:40:00Z,ARR,bad,49.0
46,True,True,TORONTO,OTTAWA,2025-06-14,5,Fallowfield,FALL,2025-06-15T00:22:03Z,2025-06-14T23:40:00Z,ARR,bad,42.0
46,True,True,TORONTO,OTTAWA,2025-06-14,6,Ottawa,OTTW,2025-06-15T00:42:14Z,2025-06-15T00:00:00Z,ARR,bad,42.0
28,True,False,OTTAWA,QUÉBEC,2025-06-14,0,Ottawa,OTTW,2025-06-15T00:01:16Z,2025-06-14T20:05:00Z,ARR,bad,236.0
28,True,False,OTTAWA,QUÉBEC,2025-06-14,1,Casselman,CSLM,2025-06-15T00:33:16Z,2025-06-14T20:31:00Z,ARR,bad,242.0
28,True,False,OTTAWA,QUÉBEC,2025-06-14,2,Alexandria,ALEX,2025-06-15T00:54:49Z,2025-06-14T20:53:00Z,ARR,bad,241.0
28,True,False,OTTAWA,QUÉBEC,2025-06-14,3,Coteau,COTO,2025-06-15T01:44:40Z,2025-06-14T21:15:00Z,ARR,bad,269.0
28,True,False,OTTAWA,QUÉBEC,2025-06-14,4,Dorval,DORV,2025-06-15T02:15:45Z,2025-06-14T21:38:00Z,ARR,bad,277.0
28,True,False,OTTAWA,QUÉBEC,2025-06-14,5,Montréal,MTRL,2025-06-15T02:38:49Z,2025-06-14T22:04:00Z,ARR,bad,274.0
28,True,False,OTTAWA,QUÉBEC,2025-06-14,6,St. Lambert,SLAM,2025-06-15T03:11:02Z,2025-06-14T22:38:00Z,ARR,bad,273.0
28,True,False,OTTAWA,QUÉBEC,2025-06-14,7,St. Hyacinthe,SHYA,2025-06-15T03:36:59Z,2025-06-14T23:06:00Z,15 mins,bad,270.0
28,True,False,OTTAWA,QUÉBEC,2025-06-14,8,Drummondville,DRMV,2025-06-15T04:22:59Z,2025-06-14T23:52:00Z,1h01,bad,270.0
28,True,False,OTTAWA,QUÉBEC,2025-06-14,9,Charny,CHNY,2025-06-15T05:44:59Z,2025-06-15T01:14:00Z,2h23,bad,270.0
28,True,False,OTTAWA,QUÉBEC,2025-06-14,10,Ste-Foy,SFOY,2025-06-15T05:51:59Z,2025-06-15T01:21:00Z,2h30,bad,270.0
28,True,False,OTTAWA,QUÉBEC,2025-06-14,11,Québec,QBEC,2025-06-15T06:18:59Z,2025-06-15T01:48:00Z,2h57,bad,270.0
69,True,True,MONTRÉAL,TORONTO,2025-06-14,0,Montréal,MTRL,2025-06-14T20:38:00Z,2025-06-14T20:38:00Z,ARR,goo,0.0
69,True,True,MONTRÉAL,TORONTO,2025-06-14,1,Dorval,DORV,2025-06-14T21:03:45Z,2025-06-14T21:04:00Z,ARR,goo,0.0
69,True,True,MONTRÉAL,TORONTO,2025-06-14,2,Cornwall,CWLL,2025-06-14T22:01:25Z,2025-06-14T21:53:00Z,ARR,med,8.0
69,True,True,MONTRÉAL,TORONTO,2025-06-14,3,Brockville,BRKV,2025-06-14T22:47:55Z,2025-06-14T22:40:00Z,ARR,med,7.0
69,True,True,MONTRÉAL,TORONTO,2025-06-14,4,Kingston,KGON,2025-06-14T23:38:14Z,2025-06-14T23:24:00Z,ARR,med,14.0
69,True,True,MONTRÉAL,TORONTO,2025-06-14,5,Oshawa,OSHA,2025-06-15T01:38:59Z,2025-06-15T01:05:00Z,ARR,bad,33.0
69,True,True,MONTRÉAL,TORONTO,2025-06-14,6,Guildwood,GUIL,2025-06-15T02:16:14Z,2025-06-15T01:28:00Z,ARR,bad,48.0
69,True,True,MONTRÉAL,TORONTO,2025-06-14,7,Toronto,TRTO,2025-06-15T02:33:38Z,2025-06-15T01:48:00Z,ARR,bad,45.0
68,True,True,TORONTO,MONTRÉAL,2025-06-14,0,Toronto,TRTO,2025-06-14T21:07:08Z,2025-06-14T21:07:00Z,ARR,goo,0.0
68,True,True,TORONTO,MONTRÉAL,2025-06-14,1,Oshawa,OSHA,2025-06-14T21:57:10Z,2025-06-14T21:39:00Z,ARR,bad,18.0
68,True,True,TORONTO,MONTRÉAL,2025-06-14,2,Cobourg,CBRG,2025-06-14T22:36:34Z,2025-06-14T22:14:00Z,ARR,bad,22.0
68,True,True,TORONTO,MONTRÉAL,2025-06-14,3,Belleville,BLVL,2025-06-14T23:10:14Z,2025-06-14T22:49:00Z,ARR,bad,21.0
68,True,True,TORONTO,MONTRÉAL,2025-06-14,4,Kingston,KGON,2025-06-14T23:50:44Z,2025-06-14T23:26:00Z,ARR,bad,24.0
68,True,True,TORONTO,MONTRÉAL,2025-06-14,5,Brockville,BRKV,2025-06-15T00:37:58Z,2025-06-15T00:11:00Z,ARR,bad,26.0
68,True,True,TORONTO,MONTRÉAL,2025-06-14,6,Cornwall,CWLL,2025-06-15T01:30:10Z,2025-06-15T00:57:00Z,ARR,bad,33.0
68,True,True,TORONTO,MONTRÉAL,2025-06-14,7,Dorval,DORV,2025-06-15T02:25:33Z,2025-06-15T01:47:00Z,ARR,bad,38.0
68,True,True,TORONTO,MONTRÉAL,2025-06-14,8,Montréal,MTRL,2025-06-15T02:51:11Z,2025-06-15T02:14:00Z,ARR,bad,37.0
54,True,False,TORONTO,OTTAWA,2025-06-14,0,Toronto,TRTO,2025-06-14T21:37:36Z,2025-06-14T21:37:00Z,ARR,goo,0.0
54,True,False,TORONTO,OTTAWA,2025-06-14,1,Guildwood,GUIL,2025-06-14T22:07:23Z,2025-06-14T21:55:00Z,ARR,med,12.0
54,True,False,TORONTO,OTTAWA,2025-06-14,2,Oshawa,OSHA,2025-06-14T22:38:43Z,2025-06-14T22:08:00Z,ARR,bad,30.0
54,True,False,TORONTO,OTTAWA,2025-06-14,3,Port Hope,PHOP,2025-06-14T23:17:17Z,2025-06-14T22:37:00Z,ARR,bad,40.0
54,True,False,TORONTO,OTTAWA,2025-06-14,4,Cobourg,CBRG,2025-06-14T23:26:43Z,2025-06-14T22:46:00Z,ARR,bad,40.0
54,True,False,TORONTO,OTTAWA,2025-06-14,5,Trenton Jct.,TRNJ,2025-06-15T00:00:33Z,2025-06-14T23:13:01Z,ARR,bad,47.0
54,True,False,TORONTO,OTTAWA,2025-06-14,6,Belleville,BLVL,2025-06-15T00:15:41Z,2025-06-14T23:27:00Z,ARR,bad,48.0
54,True,False,TORONTO,OTTAWA,2025-06-14,7,Napanee,NAPN,2025-06-15T00:42:07Z,2025-06-14T23:48:00Z,ARR,bad,54.0
54,True,False,TORONTO,OTTAWA,2025-06-14,8,Kingston,KGON,2025-06-15T01:04:39Z,2025-06-15T00:09:00Z,ARR,bad,55.0
54,True,False,TORONTO,OTTAWA,2025-06-14,9,Brockville,BRKV,2025-06-15T02:05:21Z,2025-06-15T00:54:00Z,ARR,bad,71.0
54,True,False,TORONTO,OTTAWA,2025-06-14,10,Smiths Falls,SMTF,2025-06-15T02:34:44Z,2025-06-15T01:25:00Z,ARR,bad,69.0
54,True,False,TORONTO,OTTAWA,2025-06-14,11,Fallowfield,FALL,2025-06-15T03:03:57Z,2025-06-15T01:52:00Z,ARR,bad,71.0
54,True,False,TORONTO,OTTAWA,2025-06-14,12,Ottawa,OTTW,2025-06-15T03:23:46Z,2025-06-15T02:13:00Z,1 min,bad,70.0
75,True,True,TORONTO,WINDSOR,2025-06-14,0,Toronto,TRTO,2025-06-14T21:22:50Z,2025-06-14T21:22:00Z,ARR,goo,0.0
75,True,True,TORONTO,WINDSOR,2025-06-14,1,Oakville,OAKV,2025-06-14T21:52:24Z,2025-06-14T21:45:00Z,ARR,med,7.0
75,True,True,TORONTO,WINDSOR,2025-06-14,2,Aldershot,ALDR,2025-06-14T22:11:19Z,2025-06-14T22:01:00Z,ARR,med,10.0
75,True,True,TORONTO,WINDSOR,2025-06-14,3,Brantford,BRTF,2025-06-14T22:44:45Z,2025-06-14T22:33:00Z,ARR,med,11.0
75,True,True,TORONTO,WINDSOR,2025-06-14,4,Woodstock,WDST,2025-06-14T23:29:42Z,2025-06-14T23:04:00Z,ARR,bad,25.0
75,True,True,TORONTO,WINDSOR,2025-06-14,5,Ingersoll,INGR,2025-06-14T23:45:39Z,2025-06-14T23:19:00Z,ARR,bad,26.0
75,True,True,TORONTO,WINDSOR,2025-06-14,6,London,LNDN,2025-06-15T00:14:12Z,2025-06-14T23:47:00Z,ARR,bad,27.0
75,True,True,TORONTO,WINDSOR,2025-06-14,7,Glencoe,GLNC,2025-06-15T00:48:56Z,2025-06-15T00:21:00Z,ARR,bad,27.0
75,True,True,TORONTO,WINDSOR,2025-06-14,8,Chatham,CHAT,2025-06-15T01:30:18Z,2025-06-15T00:55:00Z,ARR,bad,35.0
75,True,True,TORONTO,WINDSOR,2025-06-14,9,Windsor,WDON,2025-06-15T02:12:56Z,2025-06-15T01:50:00Z,ARR,bad,22.0
98,True,True,NIAGARA FALLS,TORONTO,2025-06-14,0,Niagara Falls,NIAG,2025-06-14T21:45:00Z,2025-06-14T21:45:00Z,ARR,goo,0.0
98,True,True,NIAGARA FALLS,TORONTO,2025-06-14,1,St. Catharines,SCAT,2025-06-14T22:06:00Z,2025-06-14T22:06:00Z,ARR,goo,0.0
98,True,True,NIAGARA FALLS,TORONTO,2025-06-14,2,Grimsby,GRIM,2025-06-14T22:26:00Z,2025-06-14T22:26:00Z,ARR,goo,0.0
98,True,True,NIAGARA FALLS,TORONTO,2025-06-14,3,Aldershot,ALDR,2025-06-14T23:02:00Z,2025-06-14T23:02:00Z,ARR,goo,0.0
98,True,True,NIAGARA FALLS,TORONTO,2025-06-14,4,Oakville,OAKV,2025-06-14T23:16:00Z,2025-06-14T23:16:00Z,ARR,goo,0.0
98,True,True,NIAGARA FALLS,TORONTO,2025-06-14,5,Toronto,TRTO,2025-06-14T23:43:00Z,2025-06-14T23:43:00Z,ARR,goo,0.0
38,True,False,OTTAWA,MONTRÉAL,2025-06-14,0,Ottawa,OTTW,2025-06-15T00:00:00Z,2025-06-14T21:55:00Z,ARR,bad,125.0
38,True,False,OTTAWA,MONTRÉAL,2025-06-14,1,Casselman,CSLM,2025-06-15T02:00:00Z,2025-06-14T22:26:00Z,ARR,bad,214.0
38,True,False,OTTAWA,MONTRÉAL,2025-06-14,2,Alexandria,ALEX,2025-06-15T02:23:00Z,2025-06-14T22:49:00Z,ARR,bad,214.0
38,True,False,OTTAWA,MONTRÉAL,2025-06-14,3,Dorval,DORV,2025-06-15T03:07:00Z,2025-06-14T23:33:00Z,ARR,bad,214.0
38,True,False,OTTAWA,MONTRÉAL,2025-06-14,4,Montréal,MTRL,2025-06-15T03:31:00Z,2025-06-14T23:57:00Z,9 mins,bad,214.0
87,True,True,TORONTO,SARNIA,2025-06-14,0,Toronto,TRTO,2025-06-14T21:40:12Z,2025-06-14T21:40:00Z,ARR,goo,0.0
87,True,True,TORONTO,SARNIA,2025-06-14,1,Malton,MALT,2025-06-14T21:59:51Z,2025-06-14T22:00:00Z,ARR,goo,0.0
87,True,True,TORONTO,SARNIA,2025-06-14,2,Brampton,BRMP,2025-06-14T22:11:56Z,2025-06-14T22:12:00Z,ARR,goo,0.0
87,True,True,TORONTO,SARNIA,2025-06-14,3,Georgetown,GEOR,2025-06-14T22:25:13Z,2025-06-14T22:24:00Z,ARR,goo,1.0
87,True,True,TORONTO,SARNIA,2025-06-14,4,Guelph,GUEL,2025-06-14T22:46:22Z,2025-06-14T22:49:00Z,ARR,goo,-2.0
87,True,True,TORONTO,SARNIA,2025-06-14,5,Kitchener,KITC,2025-06-14T23:08:43Z,2025-06-14T23:16:00Z,ARR,goo,-7.0
87,True,True,TORONTO,SARNIA,2025-06-14,6,Stratford,STRF,2025-06-15T00:03:46Z,2025-06-14T23:57:00Z,ARR,med,6.0
87,True,True,TORONTO,SARNIA,2025-06-14,7,St.Marys,SMYS,2025-06-15T00:33:38Z,2025-06-15T00:25:00Z,ARR,med,8.0
87,True,True,TORONTO,SARNIA,2025-06-14,8,London,LNDN,2025-06-15T01:25:22Z,2025-06-15T01:13:00Z,ARR,med,12.0
87,True,True,TORONTO,SARNIA,2025-06-14,9,Strathroy,STRR,2025-06-15T01:53:03Z,2025-06-15T01:39:00Z,ARR,med,14.0
87,True,True,TORONTO,SARNIA,2025-06-14,10,Wyoming,WYOM,2025-06-15T02:19:46Z,2025-06-15T02:07:00Z,ARR,med,12.0
87,True,True,TORONTO,SARNIA,2025-06-14,11,Sarnia,SARN,2025-06-15T02:37:25Z,2025-06-15T02:24:00Z,ARR,med,13.0
29,True,True,QUÉBEC,MONTRÉAL,2025-06-14,0,Québec,QBEC,2025-06-14T21:41:00Z,2025-06-14T21:41:00Z,ARR,goo,0.0
29,True,True,QUÉBEC,MONTRÉAL,2025-06-14,1,Ste-Foy,SFOY,2025-06-14T22:06:26Z,2025-06-14T22:06:00Z,ARR,goo,0.0
29,True,True,QUÉBEC,MONTRÉAL,2025-06-14,2,Drummondville,DRMV,2025-06-14T23:30:00Z,2025-06-14T23:42:00Z,ARR,goo,-12.0
29,True,True,QUÉBEC,MONTRÉAL,2025-06-14,3,St. Hyacinthe,SHYA,2025-06-14T23:58:47Z,2025-06-15T00:18:00Z,ARR,goo,-19.0
29,True,True,QUÉBEC,MONTRÉAL,2025-06-14,4,St. Lambert,SLAM,2025-06-15T00:34:53Z,2025-06-15T00:45:00Z,ARR,goo,-10.0
29,True,True,QUÉBEC,MONTRÉAL,2025-06-14,5,Montréal,MTRL,2025-06-15T00:53:06Z,2025-06-15T01:00:00Z,ARR,goo,-6.0
59,True,False,OTTAWA,TORONTO,2025-06-14,0,Ottawa,OTTW,2025-06-14T22:03:13Z,2025-06-14T22:03:00Z,ARR,goo,0.0
59,True,False,OTTAWA,TORONTO,2025-06-14,1,Fallowfield,FALL,2025-06-14T22:23:52Z,2025-06-14T22:20:00Z,ARR,goo,3.0
59,True,False,OTTAWA,TORONTO,2025-06-14,2,Smiths Falls,SMTF,2025-06-14T22:51:47Z,2025-06-14T22:51:00Z,ARR,goo,0.0
59,True,False,OTTAWA,TORONTO,2025-06-14,3,Brockville,BRKV,2025-06-14T23:42:25Z,2025-06-14T23:25:00Z,ARR,bad,17.0
59,True,False,OTTAWA,TORONTO,2025-06-14,4,Kingston,KGON,2025-06-15T00:31:29Z,2025-06-15T00:10:00Z,ARR,bad,21.0
59,True,False,OTTAWA,TORONTO,2025-06-14,5,Belleville,BLVL,2025-06-15T01:20:44Z,2025-06-15T00:51:00Z,ARR,bad,29.0
59,True,False,OTTAWA,TORONTO,2025-06-14,6,Trenton Jct.,TRNJ,2025-06-15T01:36:07Z,2025-06-15T01:05:00Z,ARR,bad,31.0
59,True,False,OTTAWA,TORONTO,2025-06-14,7,Cobourg,CBRG,2025-06-15T02:10:13Z,2025-06-15T01:31:00Z,ARR,bad,39.0
59,True,False,OTTAWA,TORONTO,2025-06-14,8,Oshawa,OSHA,2025-06-15T02:53:46Z,2025-06-15T02:05:00Z,ARR,bad,48.0
59,True,False,OTTAWA,TORONTO,2025-06-14,9,Guildwood,GUIL,2025-06-15T03:17:31Z,2025-06-15T02:28:00Z,ARR,bad,49.0
59,True,False,OTTAWA,TORONTO,2025-06-14,10,Toronto,TRTO,2025-06-15T03:37:31Z,2025-06-15T02:48:00Z,15 mins,bad,49.0
78,True,True,WINDSOR,TORONTO,2025-06-14,0,Windsor,WDON,2025-06-14T21:40:36Z,2025-06-14T21:40:00Z,ARR,goo,0.0
78,True,True,WINDSOR,TORONTO,2025-06-14,1,Chatham,CHAT,2025-06-14T22:22:25Z,2025-06-14T22:24:00Z,ARR,goo,-1.0
78,True,True,WINDSOR,TORONTO,2025-06-14,2,Glencoe,GLNC,2025-06-14T23:09:53Z,2025-06-14T22:59:00Z,ARR,med,10.0
78,True,True,WINDSOR,TORONTO,2025-06-14,3,London,LNDN,2025-06-14T23:40:49Z,2025-06-14T23:32:00Z,ARR,med,8.0
78,True,True,WINDSOR,TORONTO,2025-06-14,4,Ingersoll,INGR,2025-06-15T00:06:44Z,2025-06-14T23:57:00Z,ARR,med,9.0
78,True,True,WINDSOR,TORONTO,2025-06-14,5,Woodstock,WDST,2025-06-15T00:18:20Z,2025-06-15T00:08:00Z,ARR,med,10.0
78,True,True,WINDSOR,TORONTO,2025-06-14,6,Brantford,BRTF,2025-06-15T00:47:21Z,2025-06-15T00:39:00Z,ARR,med,8.0
78,True,True,WINDSOR,TORONTO,2025-06-14,7,Aldershot,ALDR,2025-06-15T02:05:20Z,2025-06-15T01:09:00Z,ARR,bad,56.0
78,True,True,WINDSOR,TORONTO,2025-06-14,8,Oakville,OAKV,2025-06-15T02:20:24Z,2025-06-15T01:24:00Z,ARR,bad,56.0
78,True,True,WINDSOR,TORONTO,2025-06-14,9,Toronto,TRTO,2025-06-15T02:45:09Z,2025-06-15T01:50:00Z,ARR,bad,55.0
79,True,False,TORONTO,WINDSOR,2025-06-14,0,Toronto,TRTO,2025-06-14T23:45:00Z,2025-06-14T23:45:00Z,ARR,goo,0.0
79,True,False,TORONTO,WINDSOR,2025-06-14,1,Oakville,OAKV,2025-06-15T00:06:50Z,2025-06-15T00:07:00Z,ARR,goo,0.0
79,True,False,TORONTO,WINDSOR,2025-06-14,2,Aldershot,ALDR,2025-06-15T00:26:10Z,2025-06-15T00:22:00Z,ARR,goo,4.0
79,True,False,TORONTO,WINDSOR,2025-06-14,3,Brantford,BRTF,2025-06-15T01:12:27Z,2025-06-15T00:50:00Z,ARR,bad,22.0
79,True,False,TORONTO,WINDSOR,2025-06-14,4,Woodstock,WDST,2025-06-15T01:39:47Z,2025-06-15T01:17:00Z,ARR,bad,22.0
79,True,False,TORONTO,WINDSOR,2025-06-14,5,Ingersoll,INGR,2025-06-15T01:50:25Z,2025-06-15T01:30:00Z,ARR,bad,20.0
79,True,False,TORONTO,WINDSOR,2025-06-14,6,London,LNDN,2025-06-15T02:13:48Z,2025-06-15T01:52:00Z,ARR,bad,21.0
79,True,False,TORONTO,WINDSOR,2025-06-14,7,Glencoe,GLNC,2025-06-15T02:48:04Z,2025-06-15T02:25:00Z,ARR,bad,23.0
79,True,False,TORONTO,WINDSOR,2025-06-14,8,Chatham,CHAT,2025-06-15T03:27:50Z,2025-06-15T02:57:00Z,6 mins,bad,30.0
79,True,False,TORONTO,WINDSOR,2025-06-14,9,Windsor,WDON,2025-06-15T04:14:50Z,2025-06-15T03:44:00Z,53 mins,bad,30.0
