train_id,departed,arrived,from,to,instance,stop_id,station,code,estimated,scheduled,eta,diff,diffMin
1 (10-29),True,False,TORONTO,VANCOUVER,2025-10-29,0,Toronto,TRTO,2025-10-29T13:55:00Z,2025-10-29T13:55:00Z,ARR,goo,0.0
1 (10-29),True,False,TORONTO,VANCOUVER,2025-10-29,1,Washago,WSHG,2025-10-29T17:15:16Z,2025-10-29T16:25:00Z,ARR,bad,50.0
1 (10-29),True,False,TORONTO,VANCOUVER,2025-10-29,2,South Parry,SPAR,2025-10-29T18:59:24Z,2025-10-29T18:27:00Z,ARR,bad,32.0
1 (10-29),True,False,TORONTO,VANCOUVER,2025-10-29,3,Sudbury (Jct.),SUDJ,2025-10-29T21:21:02Z,2025-10-29T20:57:00Z,ARR,bad,24.0
1 (10-29),True,False,TORONTO,VANCOUVER,2025-10-29,4,Capreol,CAPR,2025-10-29T22:14:36Z,2025-10-29T21:22:00Z,ARR,bad,52.0
1 (10-29),True,False,TORONTO,VANCOUVER,2025-10-29,5,Laforest,LAFO,2025-10-29T23:32:06Z,2025-10-29T22:48:00Z,ARR,bad,44.0
1 (10-29),True,False,TORONTO,VANCOUVER,2025-10-29,6,McKee's Camp,MCKC,2025-10-29T23:45:06Z,2025-10-29T23:01:00Z,ARR,bad,44.0
1 (10-29),True,False,TORONTO,VANCOUVER,2025-10-29,7,Felix,FELX,2025-10-30T00:05:06Z,2025-10-29T23:21:00Z,ARR,bad,44.0
1 (10-29),True,False,TORONTO,VANCOUVER,2025-10-29,8,Ruel,RUEL,2025-10-30T00:12:06Z,2025-10-29T23:28:00Z,ARR,bad,44.0
1 (10-29),True,False,TORONTO,VANCOUVER,2025-10-29,9,Westree,WSTR,2025-10-30T00:16:17Z,2025-10-29T23:45:00Z,ARR,bad,31.0
1 (10-29),True,False,TORONTO,VANCOUVER,2025-10-29,10,Gogama,GOGA,2025-10-30T00:54:24Z,2025-10-30T00:18:00Z,ARR,bad,36.0
1 (10-29),True,False,TORONTO,VANCOUVER,2025-10-29,11,Foleyet,FOLE,2025-10-30T03:28:08Z,2025-10-30T02:44:00Z,ARR,bad,44.0
1 (10-29),True,False,TORONTO,VANCOUVER,2025-10-29,12,Elsas,ELSA,2025-10-30T04:17:14Z,2025-10-30T03:38:00Z,ARR,bad,39.0
1 (10-29),True,False,TORONTO,VANCOUVER,2025-10-29,13,Oba,OBAX,2025-10-30T06:17:14Z,2025-10-30T05:38:00Z,ARR,bad,39.0
1 (10-29),True,False,TORONTO,VANCOUVER,2025-10-29,14,Hornepayne,HNPN,2025-10-30T06:48:41Z,2025-10-30T06:29:00Z,ARR,bad,19.0
1 (10-29),True,False,TORONTO,VANCOUVER,2025-10-29,15,Hillsport,HLSP,2025-10-30T08:25:49Z,2025-10-30T08:05:00Z,ARR,bad,20.0
1 (10-29),True,False,TORONTO,VANCOUVER,2025-10-29,16,Caramat,CARA,2025-10-30T09:17:01Z,2025-10-30T08:55:00Z,ARR,bad,22.0
1 (10-29),True,False,TORONTO,VANCOUVER,2025-10-29,17,Longlac,LLAC,2025-10-30T09:39:32Z,2025-10-30T09:34:00Z,ARR,med,5.0
1 (10-29),True,False,TORONTO,VANCOUVER,2025-10-29,18,Nakina,NAKI,2025-10-30T10:16:18Z,2025-10-30T10:13:00Z,ARR,goo,3.0
1 (10-29),True,False,TORONTO,VANCOUVER,2025-10-29,19,Auden,AUDN,2025-10-30T11:30:06Z,2025-10-30T11:19:00Z,ARR,med,11.0
1 (10-29),True,False,TORONTO,VANCOUVER,2025-10-29,20,Ferland,FERL,2025-10-30T12:07:06Z,2025-10-30T11:56:00Z,ARR,med,11.0
1 (10-29),True,False,TORONTO,VANCOUVER,2025-10-29,21,Mud River,MUDR,2025-10-30T12:16:06Z,2025-10-30T12:05:00Z,ARR,med,11.0
1 (10-29),True,False,TORONTO,VANCOUVER,2025-10-29,22,Armstrong,ARMG,2025-10-30T13:28:06Z,2025-10-30T13:17:00Z,ARR,med,11.0
1 (10-29),True,False,TORONTO,VANCOUVER,2025-10-29,23,Collins,COLL,2025-10-30T14:00:18Z,2025-10-30T13:47:00Z,ARR,med,13.0
1 (10-29),True,False,TORONTO,VANCOUVER,2025-10-29,24,Allanwater Bridge,ALWB,2025-10-30T14:39:18Z,2025-10-30T14:26:00Z,ARR,med,13.0
1 (10-29),True,False,TORONTO,VANCOUVER,2025-10-29,25,Flindt Landing,FLTL,2025-10-30T14:55:18Z,2025-10-30T14:42:00Z,ARR,med,13.0
1 (10-29),True,False,TORONTO,VANCOUVER,2025-10-29,26,Savant Lake,SAVL,2025-10-30T15:12:18Z,2025-10-30T14:59:00Z,ARR,med,13.0
1 (10-29),True,False,TORONTO,VANCOUVER,2025-10-29,27,Sioux Lookout,SLKT,2025-10-30T16:58:44Z,2025-10-30T16:25:00Z,ARR,bad,33.0
1 (10-29),True,False,TORONTO,VANCOUVER,2025-10-29,28,Richan,RCHN,2025-10-30T18:40:16Z,2025-10-30T18:05:00Z,ARR,bad,35.0
1 (10-29),True,False,TORONTO,VANCOUVER,2025-10-29,29,Red Lake Road,RLRX,2025-10-30T19:10:46Z,2025-10-30T18:41:00Z,ARR,bad,29.0
1 (10-29),True,False,TORONTO,VANCOUVER,2025-10-29,30,Canyon,CNYK,2025-10-30T19:38:56Z,2025-10-30T19:10:00Z,ARR,bad,28.0
1 (10-29),True,False,TORONTO,VANCOUVER,2025-10-29,31,Farlane,FARL,2025-10-30T20:09:56Z,2025-10-30T19:47:00Z,ARR,bad,22.0
1 (10-29),True,False,TORONTO,VANCOUVER,2025-10-29,32,Redditt,RDDT,2025-10-30T20:23:41Z,2025-10-30T20:23:00Z,ARR,goo,0.0
1 (10-29),True,False,TORONTO,VANCOUVER,2025-10-29,33,Minaki,MNKI,2025-10-30T20:41:53Z,2025-10-30T20:44:00Z,ARR,goo,-2.0
1 (10-29),True,False,TORONTO,VANCOUVER,2025-10-29,34,Ottermere,OTTM,2025-10-30T20:57:04Z,2025-10-30T21:01:00Z,ARR,goo,-3.0
1 (10-29),True,False,TORONTO,VANCOUVER,2025-10-29,35,Malachi,MLCH,2025-10-30T21:07:00Z,2025-10-30T21:07:00Z,ARR,goo,0.0
1 (10-29),True,False,TORONTO,VANCOUVER,2025-10-29,36,Copelands Landing,COPE,2025-10-30T21:09:00Z,2025-10-30T21:09:00Z,ARR,goo,0.0
1 (10-29),True,False,TORONTO,VANCOUVER,2025-10-29,37,Rice Lake,RCLK,2025-10-30T21:12:00Z,2025-10-30T21:12:00Z,ARR,goo,0.0
1 (10-29),True,False,TORONTO,VANCOUVER,2025-10-29,38,Winnitoba,WNTB,2025-10-30T21:26:00Z,2025-10-30T21:26:00Z,ARR,goo,0.0
1 (10-29),True,False,TORONTO,VANCOUVER,2025-10-29,39,Ophir,OPHR,2025-10-30T21:31:00Z,2025-10-30T21:31:00Z,ARR,goo,0.0
1 (10-29),True,False,TORONTO,VANCOUVER,2025-10-29,40,Brereton Lake,BRTL,2025-10-30T21:41:47Z,2025-10-30T21:49:00Z,ARR,goo,-7.0
1 (10-29),True,False,TORONTO,VANCOUVER,2025-10-29,41,Elma,ELMA,2025-10-30T22:19:25Z,2025-10-30T22:10:00Z,ARR,med,9.0
1 (10-29),True,False,TORONTO,VANCOUVER,2025-10-29,42,Winnipeg,WNPG,2025-10-30T23:14:10Z,2025-10-31T00:30:00Z,ARR,goo,-75.0
1 (10-29),True,False,TORONTO,VANCOUVER,2025-10-29,43,Portage La Prairie,PLPX,2025-10-31T04:30:53Z,2025-10-31T04:04:00Z,ARR,bad,26.0
1 (10-29),True,False,TORONTO,VANCOUVER,2025-10-29,44,Rivers,RVRS,2025-10-31T07:13:32Z,2025-10-31T06:31:00Z,ARR,bad,42.0
1 (10-29),True,False,TORONTO,VANCOUVER,2025-10-29,45,Melville,MELV,2025-10-31T11:20:03Z,2025-10-31T10:54:00Z,ARR,bad,26.0
1 (10-29),True,False,TORONTO,VANCOUVER,2025-10-29,46,Watrous,WATR,2025-10-31T14:56:21Z,2025-10-31T13:54:00Z,ARR,bad,62.0
1 (10-29),True,False,TORONTO,VANCOUVER,2025-10-29,47,Saskatoon,SASK,2025-10-31T15:54:29Z,2025-10-31T15:50:00Z,ARR,goo,4.0
1 (10-29),True,False,TORONTO,VANCOUVER,2025-10-29,48,Biggar,BIGG,2025-10-31T18:54:50Z,2025-10-31T18:29:00Z,ARR,bad,25.0
1 (10-29),True,False,TORONTO,VANCOUVER,2025-10-29,49,Unity,UNIT,2025-10-31T20:48:20Z,2025-10-31T19:44:00Z,ARR,bad,64.0
1 (10-29),True,False,TORONTO,VANCOUVER,2025-10-29,50,Wainwright,WAIN,2025-10-31T23:12:11Z,2025-10-31T22:33:00Z,ARR,bad,39.0
1 (10-29),True,False,TORONTO,VANCOUVER,2025-10-29,51,Viking,VKNG,2025-11-01T00:51:12Z,2025-10-31T23:26:00Z,ARR,bad,85.0
1 (10-29),True,False,TORONTO,VANCOUVER,2025-10-29,52,Edmonton,EDMO,2025-11-01T04:09:55Z,2025-11-01T02:50:00Z,ARR,bad,79.0
1 (10-29),True,False,TORONTO,VANCOUVER,2025-10-29,53,Evansburg,EVAN,2025-11-01T07:41:30Z,2025-11-01T07:29:00Z,ARR,med,12.0
1 (10-29),True,False,TORONTO,VANCOUVER,2025-10-29,54,Edson,EDSN,2025-11-01T08:47:23Z,2025-11-01T08:52:00Z,ARR,goo,-4.0
1 (10-29),True,False,TORONTO,VANCOUVER,2025-10-29,55,Hinton,HINT,2025-11-01T10:40:57Z,2025-11-01T09:58:00Z,ARR,bad,42.0
1 (10-29),True,False,TORONTO,VANCOUVER,2025-10-29,56,Jasper,JASP,2025-11-01T12:51:55Z,2025-11-01T12:30:00Z,ARR,bad,21.0
1 (10-29),True,False,TORONTO,VANCOUVER,2025-10-29,57,Valemount,VLMT,2025-11-01T18:02:13Z,2025-11-01T17:50:00Z,ARR,med,12.0
1 (10-29),True,False,TORONTO,VANCOUVER,2025-10-29,58,Blue River,BLUE,2025-11-01T20:22:45Z,2025-11-01T20:36:00Z,ARR,goo,-13.0
1 (10-29),True,False,TORONTO,VANCOUVER,2025-10-29,59,Clearwater,CLWT,2025-11-01T22:17:02Z,2025-11-01T22:45:00Z,ARR,goo,-27.0
1 (10-29),True,False,TORONTO,VANCOUVER,2025-10-29,60,Kamloops North,KAMN,2025-11-02T00:20:00Z,2025-11-02T01:28:00Z,ARR,goo,-68.0
1 (10-29),True,False,TORONTO,VANCOUVER,2025-10-29,61,Ashcroft,ASHN,2025-11-02T03:32:36Z,2025-11-02T03:49:00Z,ARR,goo,-16.0
1 (10-29),True,False,TORONTO,VANCOUVER,2025-10-29,62,Boston Bar,BBAR,2025-11-02T07:21:03Z,2025-11-02T07:36:00Z,3h27,goo,-14.0
1 (10-29),True,False,TORONTO,VANCOUVER,2025-10-29,63,Hope,HOPE,2025-11-02T09:06:00Z,2025-11-02T09:06:00Z,5h12,goo,0.0
1 (10-29),True,False,TORONTO,VANCOUVER,2025-10-29,64,Chilliwack,CHIL,&mdash;,2025-11-02T09:30:00Z,&mdash;,,
1 (10-29),True,False,TORONTO,VANCOUVER,2025-10-29,65,Abbotsford,ABBO,&mdash;,2025-11-02T10:00:00Z,&mdash;,,
1 (10-29),True,False,TORONTO,VANCOUVER,2025-10-29,66,Vancouver,VCVR,&mdash;,2025-11-02T16:00:00Z,&mdash;,,
692 (10-30),True,False,CHURCHILL,WINNIPEG,2025-10-30,0,Churchill,CHUR,2025-10-31T15:22:21Z,2025-10-31T01:30:00Z,ARR,bad,832.0
692 (10-30),True,False,CHURCHILL,WINNIPEG,2025-10-30,1,Tidal,TIDL,2025-10-31T15:49:16Z,2025-10-31T01:52:00Z,ARR,bad,837.0
692 (10-30),True,False,CHURCHILL,WINNIPEG,2025-10-30,2,Chesnaye,CHES,2025-10-31T16:43:17Z,2025-10-31T02:38:00Z,ARR,bad,845.0
692 (10-30),True,False,CHURCHILL,WINNIPEG,2025-10-30,3,M'Clintock,MCLI,2025-10-31T17:59:17Z,2025-10-31T03:54:00Z,ARR,bad,845.0
692 (10-30),True,False,CHURCHILL,WINNIPEG,2025-10-30,4,O'Day,ODAY,2025-10-31T18:44:17Z,2025-10-31T04:39:00Z,ARR,bad,845.0
692 (10-30),True,False,CHURCHILL,WINNIPEG,2025-10-30,5,Herchmer,HERC,2025-10-31T19:23:17Z,2025-10-31T05:18:00Z,ARR,bad,845.0
692 (10-30),True,False,CHURCHILL,WINNIPEG,2025-10-30,6,Thibaudeau,THIB,2025-10-31T20:49:17Z,2025-10-31T06:44:00Z,ARR,bad,845.0
692 (10-30),True,False,CHURCHILL,WINNIPEG,2025-10-30,7,Weir River,WEIR,2025-10-31T22:06:35Z,2025-10-31T07:46:00Z,ARR,bad,860.0
692 (10-30),True,False,CHURCHILL,WINNIPEG,2025-10-30,8,Amery,AMRY,2025-10-31T22:43:58Z,2025-10-31T08:37:00Z,ARR,bad,846.0
692 (10-30),True,False,CHURCHILL,WINNIPEG,2025-10-30,9,Bird,BIRD,2025-10-31T23:11:43Z,2025-10-31T09:00:00Z,ARR,bad,851.0
692 (10-30),True,False,CHURCHILL,WINNIPEG,2025-10-30,10,Gillam,GILL,2025-10-31T23:58:35Z,2025-10-31T10:00:00Z,ARR,bad,838.0
692 (10-30),True,False,CHURCHILL,WINNIPEG,2025-10-30,11,Wivenhoe,WVHO,2025-11-01T01:00:46Z,2025-10-31T11:16:00Z,ARR,bad,824.0
692 (10-30),True,False,CHURCHILL,WINNIPEG,2025-10-30,12,Ilford,ILFO,2025-11-01T01:37:01Z,2025-10-31T11:53:00Z,ARR,bad,824.0
692 (10-30),True,False,CHURCHILL,WINNIPEG,2025-10-30,13,Pit Siding,PITS,2025-11-01T02:51:03Z,2025-10-31T12:54:00Z,ARR,bad,837.0
692 (10-30),True,False,CHURCHILL,WINNIPEG,2025-10-30,14,Bridgar,BRGR,2025-11-01T04:23:23Z,2025-10-31T14:16:00Z,ARR,bad,847.0
692 (10-30),True,False,CHURCHILL,WINNIPEG,2025-10-30,15,Pikwitonei,PIKW,2025-11-01T04:34:23Z,2025-10-31T14:27:00Z,ARR,bad,847.0
692 (10-30),True,False,CHURCHILL,WINNIPEG,2025-10-30,16,Sipiwesk,SIPI,2025-11-01T05:01:23Z,2025-10-31T14:54:00Z,ARR,bad,847.0
692 (10-30),True,False,CHURCHILL,WINNIPEG,2025-10-30,17,Thompson,THOM,2025-11-01T07:54:09Z,2025-10-31T16:30:00Z,ARR,bad,924.0
692 (10-30),True,False,CHURCHILL,WINNIPEG,2025-10-30,18,Leven,LEVN,2025-11-01T10:13:30Z,2025-10-31T21:05:00Z,ARR,bad,788.0
692 (10-30),True,False,CHURCHILL,WINNIPEG,2025-10-30,19,Thicket Portage,THKP,2025-11-01T10:21:11Z,2025-10-31T21:22:00Z,ARR,bad,779.0
692 (10-30),True,False,CHURCHILL,WINNIPEG,2025-10-30,20,Hockin,HOCK,2025-11-01T10:49:00Z,2025-10-31T21:37:00Z,ARR,bad,792.0
692 (10-30),True,False,CHURCHILL,WINNIPEG,2025-10-30,21,Odhill,ODHI,2025-11-01T11:29:07Z,2025-10-31T22:21:00Z,ARR,bad,788.0
692 (10-30),True,False,CHURCHILL,WINNIPEG,2025-10-30,22,Lyddal,LYDD,2025-11-01T11:56:06Z,2025-10-31T22:43:00Z,ARR,bad,793.0
692 (10-30),True,False,CHURCHILL,WINNIPEG,2025-10-30,23,Wabowden,WBDN,2025-11-01T12:21:43Z,2025-10-31T23:11:00Z,ARR,bad,790.0
692 (10-30),True,False,CHURCHILL,WINNIPEG,2025-10-30,24,Pipun,PIPN,2025-11-01T12:37:43Z,2025-10-31T23:34:00Z,ARR,bad,783.0
692 (10-30),True,False,CHURCHILL,WINNIPEG,2025-10-30,25,Ponton,PNTN,2025-11-01T13:25:20Z,2025-11-01T00:17:00Z,ARR,bad,788.0
692 (10-30),True,False,CHURCHILL,WINNIPEG,2025-10-30,26,Turnbull,TURN,2025-11-01T13:53:15Z,2025-11-01T00:49:00Z,ARR,bad,784.0
692 (10-30),True,False,CHURCHILL,WINNIPEG,2025-10-30,27,Wekusko,WEKU,2025-11-01T14:17:04Z,2025-11-01T01:16:00Z,ARR,bad,781.0
692 (10-30),True,False,CHURCHILL,WINNIPEG,2025-10-30,28,Dyce,DYCE,2025-11-01T14:58:32Z,2025-11-01T02:00:00Z,ARR,bad,778.0
692 (10-30),True,False,CHURCHILL,WINNIPEG,2025-10-30,29,Dering,DERI,2025-11-01T15:37:32Z,2025-11-01T02:39:00Z,ARR,bad,778.0
692 (10-30),True,False,CHURCHILL,WINNIPEG,2025-10-30,30,Cormorant,CORM,2025-11-01T15:45:32Z,2025-11-01T02:47:00Z,ARR,bad,778.0
692 (10-30),True,False,CHURCHILL,WINNIPEG,2025-10-30,31,Halcrow,HALC,2025-11-01T15:56:32Z,2025-11-01T02:58:00Z,ARR,bad,778.0
692 (10-30),True,False,CHURCHILL,WINNIPEG,2025-10-30,32,Orok,OROK,2025-11-01T16:36:06Z,2025-11-01T03:52:00Z,ARR,bad,764.0
692 (10-30),True,False,CHURCHILL,WINNIPEG,2025-10-30,33,The Pas,TPAS,2025-11-01T17:13:45Z,2025-11-01T04:30:00Z,ARR,bad,763.0
692 (10-30),True,False,CHURCHILL,WINNIPEG,2025-10-30,34,Hudson Bay,HBAY,2025-11-01T20:23:51Z,2025-11-01T10:27:00Z,ARR,bad,596.0
692 (10-30),True,False,CHURCHILL,WINNIPEG,2025-10-30,35,Reserve,RSRV,2025-11-01T21:32:37Z,2025-11-01T11:09:00Z,ARR,bad,623.0
692 (10-30),True,False,CHURCHILL,WINNIPEG,2025-10-30,36,Endeavour,ENDV,2025-11-01T22:28:43Z,2025-11-01T11:55:00Z,ARR,bad,633.0
692 (10-30),True,False,CHURCHILL,WINNIPEG,2025-10-30,37,Sturgis,STGS,2025-11-01T22:59:39Z,2025-11-01T12:24:00Z,ARR,bad,635.0
692 (10-30),True,False,CHURCHILL,WINNIPEG,2025-10-30,38,Canora,CANO,2025-11-01T23:40:16Z,2025-11-01T13:08:00Z,ARR,bad,632.0
692 (10-30),True,False,CHURCHILL,WINNIPEG,2025-10-30,39,Mikado,MIKA,2025-11-02T00:05:06Z,2025-11-01T13:30:00Z,ARR,bad,635.0
692 (10-30),True,False,CHURCHILL,WINNIPEG,2025-10-30,40,Veregin,VERE,2025-11-02T00:16:14Z,2025-11-01T13:43:00Z,ARR,bad,633.0
692 (10-30),True,False,CHURCHILL,WINNIPEG,2025-10-30,41,Kamsack,KAMS,2025-11-02T00:31:49Z,2025-11-01T13:58:00Z,ARR,bad,633.0
692 (10-30),True,False,CHURCHILL,WINNIPEG,2025-10-30,42,Togo,TOGO,2025-11-02T01:54:48Z,2025-11-01T14:37:00Z,ARR,bad,677.0
692 (10-30),True,False,CHURCHILL,WINNIPEG,2025-10-30,43,Roblin,RBLN,2025-11-02T03:01:50Z,2025-11-01T15:14:00Z,ARR,bad,707.0
692 (10-30),True,False,CHURCHILL,WINNIPEG,2025-10-30,44,Grandview,GVIE,2025-11-02T04:12:12Z,2025-11-01T16:12:00Z,18 mins,bad,720.0
692 (10-30),True,False,CHURCHILL,WINNIPEG,2025-10-30,45,Gilbert Plains,GLBP,2025-11-02T04:32:12Z,2025-11-01T16:32:00Z,38 mins,bad,720.0
692 (10-30),True,False,CHURCHILL,WINNIPEG,2025-10-30,46,Dauphin,DAUP,2025-11-02T04:56:12Z,2025-11-01T16:56:00Z,1h02,bad,720.0
692 (10-30),True,False,CHURCHILL,WINNIPEG,2025-10-30,47,Ochre River,OCHR,2025-11-02T05:20:12Z,2025-11-01T17:20:00Z,1h26,bad,720.0
692 (10-30),True,False,CHURCHILL,WINNIPEG,2025-10-30,48,Laurier,LRIE,2025-11-02T05:38:12Z,2025-11-01T17:38:00Z,1h44,bad,720.0
692 (10-30),True,False,CHURCHILL,WINNIPEG,2025-10-30,49,Mccreary,MCCR,2025-11-02T05:54:12Z,2025-11-01T17:54:00Z,2h00,bad,720.0
692 (10-30),True,False,CHURCHILL,WINNIPEG,2025-10-30,50,Glenella,GLNA,2025-11-02T06:34:12Z,2025-11-01T18:34:00Z,2h40,bad,720.0
692 (10-30),True,False,CHURCHILL,WINNIPEG,2025-10-30,51,Plumas,PLUM,2025-11-02T07:06:12Z,2025-11-01T19:06:00Z,3h12,bad,720.0
692 (10-30),True,False,CHURCHILL,WINNIPEG,2025-10-30,52,Gladstone,GSTO,2025-11-02T07:51:12Z,2025-11-01T19:51:00Z,3h57,bad,720.0
692 (10-30),True,False,CHURCHILL,WINNIPEG,2025-10-30,53,Portage La Prairie,PLPX,2025-11-02T08:37:12Z,2025-11-01T20:37:00Z,4h43,bad,720.0
692 (10-30),True,False,CHURCHILL,WINNIPEG,2025-10-30,54,Winnipeg,WNPG,2025-11-02T09:45:12Z,2025-11-01T21:45:00Z,5h51,bad,720.0
2 (10-31),True,False,VANCOUVER,TORONTO,2025-10-31,0,Ashcroft,ASHN,2025-11-01T05:15:48Z,2025-11-01T05:32:00Z,ARR,goo,-16.0
2 (10-31),True,False,VANCOUVER,TORONTO,2025-10-31,1,Kamloops North,KAMN,2025-11-01T06:46:37Z,2025-11-01T07:17:00Z,ARR,goo,-30.0
2 (10-31),True,False,VANCOUVER,TORONTO,2025-10-31,2,Clearwater,CLWT,2025-11-01T10:14:06Z,2025-11-01T09:58:00Z,ARR,bad,16.0
2 (10-31),True,False,VANCOUVER,TORONTO,2025-10-31,3,Blue River,BLUE,2025-11-01T12:24:37Z,2025-11-01T12:11:00Z,ARR,med,13.0
2 (10-31),True,False,VANCOUVER,TORONTO,2025-10-31,4,Valemount,VLMT,2025-11-01T16:11:43Z,2025-11-01T14:01:00Z,ARR,bad,130.0
2 (10-31),True,False,VANCOUVER,TORONTO,2025-10-31,5,Jasper,JASP,2025-11-01T18:32:52Z,2025-11-01T17:00:00Z,ARR,bad,92.0
2 (10-31),True,False,VANCOUVER,TORONTO,2025-10-31,6,Hinton,HINT,2025-11-01T22:29:43Z,2025-11-01T19:45:00Z,ARR,bad,164.0
2 (10-31),True,False,VANCOUVER,TORONTO,2025-10-31,7,Edson,EDSN,2025-11-02T00:18:37Z,2025-11-01T21:19:00Z,ARR,bad,179.0
2 (10-31),True,False,VANCOUVER,TORONTO,2025-10-31,8,Evansburg,EVAN,2025-11-02T01:22:29Z,2025-11-01T22:28:00Z,ARR,bad,174.0
2 (10-31),True,False,VANCOUVER,TORONTO,2025-10-31,9,Edmonton,EDMO,2025-11-02T02:29:22Z,2025-11-02T00:50:00Z,ARR,bad,99.0
2 (10-31),True,False,VANCOUVER,TORONTO,2025-10-31,10,Viking,VKNG,2025-11-02T05:55:10Z,2025-11-02T03:53:00Z,2h01,bad,122.0
2 (10-31),True,False,VANCOUVER,TORONTO,2025-10-31,11,Wainwright,WAIN,2025-11-02T08:16:10Z,2025-11-02T06:14:00Z,4h22,bad,122.0
2 (10-31),True,False,VANCOUVER,TORONTO,2025-10-31,12,Unity,UNIT,&mdash;,2025-11-02T07:47:00Z,&mdash;,,
2 (10-31),True,False,VANCOUVER,TORONTO,2025-10-31,13,Biggar,BIGG,&mdash;,2025-11-02T10:21:00Z,&mdash;,,
2 (10-31),True,False,VANCOUVER,TORONTO,2025-10-31,14,Saskatoon,SASK,&mdash;,2025-11-02T12:57:00Z,&mdash;,,
2 (10-31),True,False,VANCOUVER,TORONTO,2025-10-31,15,Watrous,WATR,&mdash;,2025-11-02T15:26:00Z,&mdash;,,
692 (11-01),True,False,CHURCHILL,WINNIPEG,2025-11-01,0,Churchill,CHUR,&mdash;,2025-11-02T01:30:00Z,&mdash;,,
692 (11-01),True,False,CHURCHILL,WINNIPEG,2025-11-01,1,Tidal,TIDL,2025-11-02T04:14:05Z,2025-11-02T01:52:00Z,20 mins,bad,142.0
692 (11-01),True,False,CHURCHILL,WINNIPEG,2025-11-01,2,Chesnaye,CHES,2025-11-02T05:00:05Z,2025-11-02T02:38:00Z,1h06,bad,142.0
692 (11-01),True,False,CHURCHILL,WINNIPEG,2025-11-01,3,M'Clintock,MCLI,2025-11-02T06:16:05Z,2025-11-02T03:54:00Z,2h22,bad,142.0
692 (11-01),True,False,CHURCHILL,WINNIPEG,2025-11-01,4,O'Day,ODAY,2025-11-02T07:01:05Z,2025-11-02T04:39:00Z,3h07,bad,142.0
692 (11-01),True,False,CHURCHILL,WINNIPEG,2025-11-01,5,Herchmer,HERC,2025-11-02T07:40:05Z,2025-11-02T05:18:00Z,3h46,bad,142.0
692 (11-01),True,False,CHURCHILL,WINNIPEG,2025-11-01,6,Thibaudeau,THIB,2025-11-02T09:06:05Z,2025-11-02T06:44:00Z,5h12,bad,142.0
692 (11-01),True,False,CHURCHILL,WINNIPEG,2025-11-01,7,Weir River,WEIR,2025-11-02T11:08:05Z,2025-11-02T08:46:00Z,7h14,bad,142.0
692 (11-01),True,False,CHURCHILL,WINNIPEG,2025-11-01,8,Amery,AMRY,2025-11-02T11:59:05Z,2025-11-02T09:37:00Z,8h05,bad,142.0
692 (11-01),True,False,CHURCHILL,WINNIPEG,2025-11-01,9,Bird,BIRD,2025-11-02T12:22:05Z,2025-11-02T10:00:00Z,8h28,bad,142.0
692 (11-01),True,False,CHURCHILL,WINNIPEG,2025-11-01,10,Gillam,GILL,2025-11-02T13:22:05Z,2025-11-02T11:00:00Z,9h28,bad,142.0
692 (11-01),True,False,CHURCHILL,WINNIPEG,2025-11-01,11,Wivenhoe,WVHO,2025-11-02T14:38:05Z,2025-11-02T12:16:00Z,10h44,bad,142.0
692 (11-01),True,False,CHURCHILL,WINNIPEG,2025-11-01,12,Ilford,ILFO,2025-11-02T15:15:05Z,2025-11-02T12:53:00Z,11h21,bad,142.0
692 (11-01),True,False,CHURCHILL,WINNIPEG,2025-11-01,13,Pit Siding,PITS,2025-11-02T16:16:05Z,2025-11-02T13:54:00Z,12h22,bad,142.0
692 (11-01),True,False,CHURCHILL,WINNIPEG,2025-11-01,14,Bridgar,BRGR,2025-11-02T17:38:05Z,2025-11-02T15:16:00Z,13h44,bad,142.0
692 (11-01),True,False,CHURCHILL,WINNIPEG,2025-11-01,15,Pikwitonei,PIKW,2025-11-02T17:49:05Z,2025-11-02T15:27:00Z,13h55,bad,142.0
692 (11-01),True,False,CHURCHILL,WINNIPEG,2025-11-01,16,Sipiwesk,SIPI,2025-11-02T18:16:05Z,2025-11-02T15:54:00Z,14h22,bad,142.0
692 (11-01),True,False,CHURCHILL,WINNIPEG,2025-11-01,17,Thompson,THOM,2025-11-02T19:52:05Z,2025-11-02T17:30:00Z,15h58,bad,142.0
15,True,True,HALIFAX,MONTRÉAL,2025-10-31,0,Halifax,HLFX,2025-10-31T14:30:00Z,2025-10-31T14:30:00Z,ARR,goo,0.0
15,True,True,HALIFAX,MONTRÉAL,2025-10-31,1,Truro,TRUR,2025-10-31T15:54:01Z,2025-10-31T15:56:00Z,ARR,goo,-1.0
15,True,True,HALIFAX,MONTRÉAL,2025-10-31,2,Springhill Jct,SPRJ,2025-10-31T17:13:33Z,2025-10-31T17:11:00Z,ARR,goo,2.0
15,True,True,HALIFAX,MONTRÉAL,2025-10-31,3,Amherst,AMHS,2025-10-31T17:39:25Z,2025-10-31T17:34:00Z,ARR,med,5.0
15,True,True,HALIFAX,MONTRÉAL,2025-10-31,4,Sackville,SACK,2025-10-31T17:59:34Z,2025-10-31T17:50:00Z,ARR,med,9.0
15,True,True,HALIFAX,MONTRÉAL,2025-10-31,5,Moncton,MCTN,2025-10-31T18:45:48Z,2025-10-31T18:44:00Z,ARR,goo,1.0
15,True,True,HALIFAX,MONTRÉAL,2025-10-31,6,Rogersville,RGRV,2025-10-31T20:29:55Z,2025-10-31T20:08:00Z,ARR,bad,21.0
15,True,True,HALIFAX,MONTRÉAL,2025-10-31,7,Miramichi,MIRA,2025-10-31T21:16:40Z,2025-10-31T20:59:00Z,ARR,bad,17.0
15,True,True,HALIFAX,MONTRÉAL,2025-10-31,8,Bathurst,BTRS,2025-10-31T23:10:06Z,2025-10-31T22:55:00Z,ARR,bad,15.0
15,True,True,HALIFAX,MONTRÉAL,2025-10-31,9,Petit Rocher,PROC,2025-10-31T23:38:06Z,2025-10-31T23:22:00Z,ARR,bad,16.0
15,True,True,HALIFAX,MONTRÉAL,2025-10-31,10,Jacquet River,JACR,2025-11-01T00:11:22Z,2025-10-31T23:44:01Z,ARR,bad,27.0
15,True,True,HALIFAX,MONTRÉAL,2025-10-31,11,Charlo,CHLO,2025-11-01T00:52:04Z,2025-11-01T00:07:00Z,ARR,bad,45.0
15,True,True,HALIFAX,MONTRÉAL,2025-10-31,12,Campbellton,CBTN,2025-11-01T01:43:14Z,2025-11-01T01:10:00Z,ARR,bad,33.0
15,True,True,HALIFAX,MONTRÉAL,2025-10-31,13,Matapedia,MTPD,2025-11-01T02:31:37Z,2025-11-01T01:52:00Z,ARR,bad,39.0
15,True,True,HALIFAX,MONTRÉAL,2025-10-31,14,Causapscal,CAUS,2025-11-01T03:24:28Z,2025-11-01T02:41:00Z,ARR,bad,43.0
15,True,True,HALIFAX,MONTRÉAL,2025-10-31,15,Amqui,AMQU,2025-11-01T03:52:13Z,2025-11-01T03:01:00Z,ARR,bad,51.0
15,True,True,HALIFAX,MONTRÉAL,2025-10-31,16,Sayabec,SAYA,2025-11-01T04:28:56Z,2025-11-01T03:23:00Z,ARR,bad,65.0
15,True,True,HALIFAX,MONTRÉAL,2025-10-31,17,Mont-Joli,MJLI,2025-11-01T05:43:22Z,2025-11-01T04:53:00Z,ARR,bad,50.0
15,True,True,HALIFAX,MONTRÉAL,2025-10-31,18,Rimouski,RMSK,2025-11-01T06:11:03Z,2025-11-01T05:24:00Z,ARR,bad,47.0
15,True,True,HALIFAX,MONTRÉAL,2025-10-31,19,Trois Pistoles,TPIS,2025-11-01T07:12:07Z,2025-11-01T06:29:00Z,ARR,bad,43.0
15,True,True,HALIFAX,MONTRÉAL,2025-10-31,20,Rivière-Du-Loup,RDLX,2025-11-01T07:51:29Z,2025-11-01T07:16:00Z,ARR,bad,35.0
15,True,True,HALIFAX,MONTRÉAL,2025-10-31,21,La Pocatière,LPOC,2025-11-01T08:44:25Z,2025-11-01T08:05:00Z,ARR,bad,39.0
15,True,True,HALIFAX,MONTRÉAL,2025-10-31,22,Montmagny,MMGY,2025-11-01T09:14:02Z,2025-11-01T08:39:00Z,ARR,bad,35.0
15,True,True,HALIFAX,MONTRÉAL,2025-10-31,23,Ste-Foy,SFOY,2025-11-01T10:10:45Z,2025-11-01T10:13:00Z,ARR,goo,-2.0
15,True,True,HALIFAX,MONTRÉAL,2025-10-31,24,Drummondville,DRMV,2025-11-01T12:15:37Z,2025-11-01T12:20:00Z,ARR,goo,-4.0
15,True,True,HALIFAX,MONTRÉAL,2025-10-31,25,St. Hyacinthe,SHYA,2025-11-01T12:47:29Z,2025-11-01T13:00:00Z,ARR,goo,-12.0
15,True,True,HALIFAX,MONTRÉAL,2025-10-31,26,St. Lambert,SLAM,2025-11-01T13:25:49Z,2025-11-01T13:34:00Z,ARR,goo,-8.0
15,True,True,HALIFAX,MONTRÉAL,2025-10-31,27,Montréal,MTRL,2025-11-01T13:47:34Z,2025-11-01T13:53:00Z,ARR,goo,-5.0
6,True,True,PRINCE RUPERT,JASPER,2025-10-31,0,Prince Rupert,PRUP,2025-10-31T15:00:00Z,2025-10-31T15:00:00Z,ARR,goo,0.0
6,True,True,PRINCE RUPERT,JASPER,2025-10-31,1,Cassiar Cannery,CASS,2025-10-31T15:37:50Z,2025-10-31T15:20:00Z,ARR,bad,17.0
6,True,True,PRINCE RUPERT,JASPER,2025-10-31,2,Kwinitsa,KWIN,2025-10-31T16:34:50Z,2025-10-31T16:17:00Z,ARR,bad,17.0
6,True,True,PRINCE RUPERT,JASPER,2025-10-31,3,Terrace,TRRC,2025-10-31T17:37:50Z,2025-10-31T17:20:00Z,ARR,bad,17.0
6,True,True,PRINCE RUPERT,JASPER,2025-10-31,4,Usk,USKX,2025-10-31T18:05:50Z,2025-10-31T17:48:00Z,ARR,bad,17.0
6,True,True,PRINCE RUPERT,JASPER,2025-10-31,5,Pacific,PACI,2025-10-31T18:24:50Z,2025-10-31T18:07:00Z,ARR,bad,17.0
6,True,True,PRINCE RUPERT,JASPER,2025-10-31,6,Dorreen,DORR,2025-10-31T18:36:50Z,2025-10-31T18:19:00Z,ARR,bad,17.0
6,True,True,PRINCE RUPERT,JASPER,2025-10-31,7,Cedarvale,CEDA,2025-10-31T19:01:50Z,2025-10-31T18:44:00Z,ARR,bad,17.0
6,True,True,PRINCE RUPERT,JASPER,2025-10-31,8,Kitwanga,KITW,2025-10-31T19:05:51Z,2025-10-31T18:48:01Z,ARR,bad,17.0
6,True,True,PRINCE RUPERT,JASPER,2025-10-31,9,New Hazelton,NHAZ,2025-10-31T19:47:50Z,2025-10-31T19:30:00Z,ARR,bad,17.0
6,True,True,PRINCE RUPERT,JASPER,2025-10-31,10,Smithers,SMTR,2025-10-31T21:14:14Z,2025-10-31T21:14:00Z,ARR,goo,0.0
6,True,True,PRINCE RUPERT,JASPER,2025-10-31,11,Telkwa,TELK,2025-10-31T21:35:17Z,2025-10-31T21:37:00Z,ARR,goo,-1.0
6,True,True,PRINCE RUPERT,JASPER,2025-10-31,12,Houston,HOUS,2025-10-31T22:39:06Z,2025-10-31T22:22:00Z,ARR,bad,17.0
6,True,True,PRINCE RUPERT,JASPER,2025-10-31,13,Burns Lake,BRNL,2025-11-01T00:09:34Z,2025-10-31T23:32:00Z,ARR,bad,37.0
6,True,True,PRINCE RUPERT,JASPER,2025-10-31,14,Endako,ENDA,2025-11-01T01:09:25Z,2025-11-01T00:25:00Z,ARR,bad,44.0
6,True,True,PRINCE RUPERT,JASPER,2025-10-31,15,Fort Fraser,FFRA,2025-11-01T01:43:03Z,2025-11-01T00:57:00Z,ARR,bad,46.0
6,True,True,PRINCE RUPERT,JASPER,2025-10-31,16,Vanderhoof,VDRH,2025-11-01T02:14:54Z,2025-11-01T01:35:00Z,ARR,bad,39.0
6,True,True,PRINCE RUPERT,JASPER,2025-10-31,17,Prince George,PGEO,2025-11-01T04:22:09Z,2025-11-01T03:29:00Z,ARR,bad,53.0
6,True,True,PRINCE RUPERT,JASPER,2025-10-31,18,Willow River,WILR,2025-11-01T15:42:37Z,2025-11-01T15:48:00Z,ARR,goo,-5.0
6,True,True,PRINCE RUPERT,JASPER,2025-10-31,19,Aleza Lake,ALZL,2025-11-01T16:05:58Z,2025-11-01T16:17:00Z,ARR,goo,-11.0
6,True,True,PRINCE RUPERT,JASPER,2025-10-31,20,Upper Fraser,UFRZ,2025-11-01T16:25:00Z,2025-11-01T16:25:00Z,ARR,goo,0.0
6,True,True,PRINCE RUPERT,JASPER,2025-10-31,21,Mcgregor,MCGR,2025-11-01T16:33:00Z,2025-11-01T16:33:00Z,ARR,goo,0.0
6,True,True,PRINCE RUPERT,JASPER,2025-10-31,22,Sinclair Mills,SINM,2025-11-01T16:31:21Z,2025-11-01T16:44:00Z,ARR,goo,-12.0
6,True,True,PRINCE RUPERT,JASPER,2025-10-31,23,Hutton,HUTT,2025-11-01T16:37:32Z,2025-11-01T16:48:00Z,ARR,goo,-10.0
6,True,True,PRINCE RUPERT,JASPER,2025-10-31,24,Longworth,LWTH,2025-11-01T16:48:37Z,2025-11-01T16:59:00Z,ARR,goo,-10.0
6,True,True,PRINCE RUPERT,JASPER,2025-10-31,25,Penny,PENN,2025-11-01T17:00:33Z,2025-11-01T17:13:00Z,ARR,goo,-12.0
6,True,True,PRINCE RUPERT,JASPER,2025-10-31,26,Bend,BEND,2025-11-01T17:17:40Z,2025-11-01T17:32:00Z,ARR,goo,-14.0
6,True,True,PRINCE RUPERT,JASPER,2025-10-31,27,Dome Creek,DOMC,2025-11-01T17:19:23Z,2025-11-01T17:33:07Z,ARR,goo,-13.0
6,True,True,PRINCE RUPERT,JASPER,2025-10-31,28,Loos,LOOS,2025-11-01T17:49:59Z,2025-11-01T18:07:00Z,ARR,goo,-17.0
6,True,True,PRINCE RUPERT,JASPER,2025-10-31,29,Goat River,GOAT,2025-11-01T18:08:20Z,2025-11-01T18:22:00Z,ARR,goo,-13.0
6,True,True,PRINCE RUPERT,JASPER,2025-10-31,30,Mcbride,MCBR,2025-11-01T18:57:36Z,2025-11-01T19:18:00Z,ARR,goo,-20.0
6,True,True,PRINCE RUPERT,JASPER,2025-10-31,31,Dunster,DNST,2025-11-01T19:26:46Z,2025-11-01T19:35:00Z,ARR,goo,-8.0
6,True,True,PRINCE RUPERT,JASPER,2025-10-31,32,Harvey,HRVY,2025-11-01T20:01:37Z,2025-11-01T20:24:00Z,ARR,goo,-22.0
6,True,True,PRINCE RUPERT,JASPER,2025-10-31,33,Jasper,JASP,2025-11-01T23:08:30Z,2025-11-01T23:00:00Z,ARR,med,8.0
691,True,True,THE PAS,CHURCHILL,2025-10-31,0,The Pas,TPAS,2025-10-31T07:30:00Z,2025-10-31T07:30:00Z,ARR,goo,0.0
691,True,True,THE PAS,CHURCHILL,2025-10-31,1,Orok,OROK,2025-10-31T08:03:07Z,2025-10-31T08:07:00Z,ARR,goo,-3.0
691,True,True,THE PAS,CHURCHILL,2025-10-31,2,Halcrow,HALC,2025-10-31T08:53:41Z,2025-10-31T09:01:00Z,ARR,goo,-7.0
691,True,True,THE PAS,CHURCHILL,2025-10-31,3,Cormorant,CORM,2025-10-31T09:12:00Z,2025-10-31T09:12:00Z,ARR,goo,0.0
691,True,True,THE PAS,CHURCHILL,2025-10-31,4,Dering,DERI,2025-10-31T09:20:00Z,2025-10-31T09:20:00Z,ARR,goo,0.0
691,True,True,THE PAS,CHURCHILL,2025-10-31,5,Dyce,DYCE,2025-10-31T09:59:00Z,2025-10-31T09:59:00Z,ARR,goo,0.0
691,True,True,THE PAS,CHURCHILL,2025-10-31,6,Wekusko,WEKU,2025-10-31T10:43:00Z,2025-10-31T10:43:00Z,ARR,goo,0.0
691,True,True,THE PAS,CHURCHILL,2025-10-31,7,Turnbull,TURN,2025-10-31T11:10:00Z,2025-10-31T11:10:00Z,ARR,goo,0.0
691,True,True,THE PAS,CHURCHILL,2025-10-31,8,Ponton,PNTN,2025-10-31T11:11:15Z,2025-10-31T11:42:00Z,ARR,goo,-30.0
691,True,True,THE PAS,CHURCHILL,2025-10-31,9,Pipun,PIPN,2025-10-31T11:57:29Z,2025-10-31T12:25:00Z,ARR,goo,-27.0
691,True,True,THE PAS,CHURCHILL,2025-10-31,10,Wabowden,WBDN,2025-10-31T12:14:04Z,2025-10-31T12:48:00Z,ARR,goo,-33.0
691,True,True,THE PAS,CHURCHILL,2025-10-31,11,Lyddal,LYDD,2025-10-31T13:04:24Z,2025-10-31T13:16:00Z,ARR,goo,-11.0
691,True,True,THE PAS,CHURCHILL,2025-10-31,12,Odhill,ODHI,2025-10-31T13:28:27Z,2025-10-31T13:38:00Z,ARR,goo,-9.0
691,True,True,THE PAS,CHURCHILL,2025-10-31,13,Hockin,HOCK,2025-10-31T14:06:40Z,2025-10-31T14:22:00Z,ARR,goo,-15.0
691,True,True,THE PAS,CHURCHILL,2025-10-31,14,Thicket Portage,THKP,2025-10-31T14:37:00Z,2025-10-31T14:37:00Z,ARR,goo,0.0
691,True,True,THE PAS,CHURCHILL,2025-10-31,15,Leven,LEVN,2025-10-31T14:51:16Z,2025-10-31T14:54:00Z,ARR,goo,-2.0
691,True,True,THE PAS,CHURCHILL,2025-10-31,16,Thompson,THOM,2025-10-31T18:21:14Z,2025-10-31T17:00:00Z,ARR,bad,81.0
691,True,True,THE PAS,CHURCHILL,2025-10-31,17,Sipiwesk,SIPI,2025-11-01T07:55:11Z,2025-10-31T23:35:00Z,ARR,bad,500.0
691,True,True,THE PAS,CHURCHILL,2025-10-31,18,Pikwitonei,PIKW,2025-11-01T08:22:11Z,2025-11-01T00:02:00Z,ARR,bad,500.0
691,True,True,THE PAS,CHURCHILL,2025-10-31,19,Bridgar,BRGR,2025-11-01T08:33:11Z,2025-11-01T00:13:00Z,ARR,bad,500.0
691,True,True,THE PAS,CHURCHILL,2025-10-31,20,Pit Siding,PITS,2025-11-01T09:55:11Z,2025-11-01T01:35:00Z,ARR,bad,500.0
691,True,True,THE PAS,CHURCHILL,2025-10-31,21,Ilford,ILFO,2025-11-01T11:29:10Z,2025-11-01T02:36:00Z,ARR,bad,533.0
691,True,True,THE PAS,CHURCHILL,2025-10-31,22,Wivenhoe,WVHO,2025-11-01T12:30:38Z,2025-11-01T03:13:00Z,ARR,bad,557.0
691,True,True,THE PAS,CHURCHILL,2025-10-31,23,Gillam,GILL,2025-11-01T13:17:47Z,2025-11-01T04:00:01Z,ARR,bad,557.0
691,True,True,THE PAS,CHURCHILL,2025-10-31,24,Bird,BIRD,2025-11-01T14:24:57Z,2025-11-01T05:29:00Z,ARR,bad,535.0
691,True,True,THE PAS,CHURCHILL,2025-10-31,25,Amery,AMRY,2025-11-01T14:47:32Z,2025-11-01T05:51:00Z,ARR,bad,536.0
691,True,True,THE PAS,CHURCHILL,2025-10-31,26,Weir River,WEIR,2025-11-01T15:46:00Z,2025-11-01T06:43:00Z,ARR,bad,543.0
691,True,True,THE PAS,CHURCHILL,2025-10-31,27,Thibaudeau,THIB,2025-11-01T16:40:18Z,2025-11-01T08:00:00Z,ARR,bad,520.0
691,True,True,THE PAS,CHURCHILL,2025-10-31,28,Herchmer,HERC,2025-11-01T18:06:18Z,2025-11-01T09:26:00Z,ARR,bad,520.0
691,True,True,THE PAS,CHURCHILL,2025-10-31,29,O'Day,ODAY,2025-11-01T18:45:18Z,2025-11-01T10:05:00Z,ARR,bad,520.0
691,True,True,THE PAS,CHURCHILL,2025-10-31,30,M'Clintock,MCLI,2025-11-01T19:30:18Z,2025-11-01T10:50:00Z,ARR,bad,520.0
691,True,True,THE PAS,CHURCHILL,2025-10-31,31,Chesnaye,CHES,2025-11-01T20:46:18Z,2025-11-01T12:06:00Z,ARR,bad,520.0
691,True,True,THE PAS,CHURCHILL,2025-10-31,32,Tidal,TIDL,2025-11-01T21:23:10Z,2025-11-01T13:37:00Z,ARR,bad,466.0
691,True,True,THE PAS,CHURCHILL,2025-10-31,33,Churchill,CHUR,2025-11-01T22:18:47Z,2025-11-01T14:00:00Z,ARR,bad,498.0
5,True,False,JASPER,PRINCE RUPERT,2025-10-31,0,Jasper,JASP,2025-10-31T17:38:41Z,2025-10-31T16:45:00Z,ARR,bad,53.0
5,True,False,JASPER,PRINCE RUPERT,2025-10-31,1,Harvey,HRVY,2025-10-31T19:47:28Z,2025-10-31T18:38:00Z,ARR,bad,69.0
5,True,False,JASPER,PRINCE RUPERT,2025-10-31,2,Dunster,DNST,2025-10-31T20:21:28Z,2025-10-31T19:12:00Z,ARR,bad,69.0
5,True,False,JASPER,PRINCE RUPERT,2025-10-31,3,Mcbride,MCBR,2025-10-31T20:53:28Z,2025-10-31T19:44:00Z,ARR,bad,69.0
5,True,False,JASPER,PRINCE RUPERT,2025-10-31,4,Goat River,GOAT,2025-10-31T21:50:28Z,2025-10-31T20:41:00Z,ARR,bad,69.0
5,True,False,JASPER,PRINCE RUPERT,2025-10-31,5,Loos,LOOS,2025-10-31T22:07:28Z,2025-10-31T20:58:00Z,ARR,bad,69.0
5,True,False,JASPER,PRINCE RUPERT,2025-10-31,6,Dome Creek,DOMC,2025-10-31T22:41:28Z,2025-10-31T21:32:00Z,ARR,bad,69.0
5,True,False,JASPER,PRINCE RUPERT,2025-10-31,7,Bend,BEND,2025-10-31T22:45:28Z,2025-10-31T21:36:00Z,ARR,bad,69.0
5,True,False,JASPER,PRINCE RUPERT,2025-10-31,8,Penny,PENN,2025-10-31T23:05:28Z,2025-10-31T21:56:00Z,ARR,bad,69.0
5,True,False,JASPER,PRINCE RUPERT,2025-10-31,9,Longworth,LWTH,2025-10-31T23:20:28Z,2025-10-31T22:11:00Z,ARR,bad,69.0
5,True,False,JASPER,PRINCE RUPERT,2025-10-31,10,Hutton,HUTT,2025-10-31T23:33:28Z,2025-10-31T22:24:00Z,ARR,bad,69.0
5,True,False,JASPER,PRINCE RUPERT,2025-10-31,11,Sinclair Mills,SINM,2025-10-31T23:39:28Z,2025-10-31T22:30:00Z,ARR,bad,69.0
5,True,False,JASPER,PRINCE RUPERT,2025-10-31,12,Mcgregor,MCGR,2025-10-31T23:52:28Z,2025-10-31T22:43:00Z,ARR,bad,69.0
5,True,False,JASPER,PRINCE RUPERT,2025-10-31,13,Upper Fraser,UFRZ,2025-11-01T00:01:28Z,2025-10-31T22:52:00Z,ARR,bad,69.0
5,True,False,JASPER,PRINCE RUPERT,2025-10-31,14,Aleza Lake,ALZL,2025-11-01T00:10:28Z,2025-10-31T23:01:00Z,ARR,bad,69.0
5,True,False,JASPER,PRINCE RUPERT,2025-10-31,15,Willow River,WILR,2025-11-01T00:58:26Z,2025-10-31T23:31:00Z,ARR,bad,87.0
5,True,False,JASPER,PRINCE RUPERT,2025-10-31,16,Prince George,PGEO,2025-11-01T01:28:09Z,2025-11-01T00:08:00Z,ARR,bad,80.0
5,True,False,JASPER,PRINCE RUPERT,2025-10-31,17,Vanderhoof,VDRH,2025-11-01T16:43:01Z,2025-11-01T16:55:00Z,ARR,goo,-11.0
5,True,False,JASPER,PRINCE RUPERT,2025-10-31,18,Fort Fraser,FFRA,2025-11-01T17:15:07Z,2025-11-01T17:32:00Z,ARR,goo,-16.0
5,True,False,JASPER,PRINCE RUPERT,2025-10-31,19,Endako,ENDA,2025-11-01T17:41:56Z,2025-11-01T17:50:00Z,ARR,goo,-8.0
5,True,False,JASPER,PRINCE RUPERT,2025-10-31,20,Burns Lake,BRNL,2025-11-01T18:32:37Z,2025-11-01T18:58:00Z,ARR,goo,-25.0
5,True,False,JASPER,PRINCE RUPERT,2025-10-31,21,Houston,HOUS,2025-11-01T19:57:04Z,2025-11-01T20:08:00Z,ARR,goo,-10.0
5,True,False,JASPER,PRINCE RUPERT,2025-10-31,22,Telkwa,TELK,2025-11-01T21:47:51Z,2025-11-01T20:52:00Z,ARR,bad,55.0
5,True,False,JASPER,PRINCE RUPERT,2025-10-31,23,Smithers,SMTR,2025-11-01T21:59:12Z,2025-11-01T21:10:00Z,ARR,bad,49.0
5,True,False,JASPER,PRINCE RUPERT,2025-10-31,24,New Hazelton,NHAZ,2025-11-01T23:27:55Z,2025-11-01T22:37:00Z,ARR,bad,50.0
5,True,False,JASPER,PRINCE RUPERT,2025-10-31,25,Kitwanga,KITW,2025-11-02T00:12:46Z,2025-11-01T23:27:00Z,ARR,bad,45.0
5,True,False,JASPER,PRINCE RUPERT,2025-10-31,26,Cedarvale,CEDA,2025-11-02T00:36:39Z,2025-11-01T23:51:00Z,ARR,bad,45.0
5,True,False,JASPER,PRINCE RUPERT,2025-10-31,27,Dorreen,DORR,2025-11-02T01:15:12Z,2025-11-02T00:12:00Z,ARR,bad,63.0
5,True,False,JASPER,PRINCE RUPERT,2025-10-31,28,Pacific,PACI,2025-11-02T01:22:23Z,2025-11-02T00:21:00Z,ARR,bad,61.0
5,True,False,JASPER,PRINCE RUPERT,2025-10-31,29,Usk,USKX,2025-11-02T01:53:42Z,2025-11-02T00:40:00Z,ARR,bad,73.0
5,True,False,JASPER,PRINCE RUPERT,2025-10-31,30,Terrace,TRRC,2025-11-02T02:10:45Z,2025-11-02T01:00:00Z,ARR,bad,70.0
5,True,False,JASPER,PRINCE RUPERT,2025-10-31,31,Kwinitsa,KWIN,2025-11-02T03:21:00Z,2025-11-02T02:09:00Z,ARR,bad,72.0
5,True,False,JASPER,PRINCE RUPERT,2025-10-31,32,Cassiar Cannery,CASS,2025-11-02T03:59:14Z,2025-11-02T02:45:00Z,5 mins,bad,74.0
5,True,False,JASPER,PRINCE RUPERT,2025-10-31,33,Prince Rupert,PRUP,2025-11-02T04:39:14Z,2025-11-02T03:25:00Z,45 mins,bad,74.0
14,True,True,MONTRÉAL,HALIFAX,2025-10-31,0,Montréal,MTRL,2025-10-31T22:30:00Z,2025-10-31T22:30:00Z,ARR,goo,0.0
14,True,True,MONTRÉAL,HALIFAX,2025-10-31,1,St. Lambert,SLAM,2025-10-31T22:57:19Z,2025-10-31T22:45:00Z,ARR,med,12.0
14,True,True,MONTRÉAL,HALIFAX,2025-10-31,2,St. Hyacinthe,SHYA,2025-10-31T23:31:35Z,2025-10-31T23:23:00Z,ARR,med,8.0
14,True,True,MONTRÉAL,HALIFAX,2025-10-31,3,Drummondville,DRMV,2025-11-01T00:30:24Z,2025-11-01T00:04:00Z,ARR,bad,26.0
14,True,True,MONTRÉAL,HALIFAX,2025-10-31,4,Ste-Foy,SFOY,2025-11-01T02:18:14Z,2025-11-01T01:48:00Z,ARR,bad,30.0
14,True,True,MONTRÉAL,HALIFAX,2025-10-31,5,Montmagny,MMGY,2025-11-01T03:37:47Z,2025-11-01T03:17:00Z,ARR,bad,20.0
14,True,True,MONTRÉAL,HALIFAX,2025-10-31,6,La Pocatière,LPOC,2025-11-01T04:05:54Z,2025-11-01T03:50:00Z,ARR,bad,15.0
14,True,True,MONTRÉAL,HALIFAX,2025-10-31,7,Rivière-Du-Loup,RDLX,2025-11-01T04:49:02Z,2025-11-01T04:31:00Z,ARR,bad,18.0
14,True,True,MONTRÉAL,HALIFAX,2025-10-31,8,Trois Pistoles,TPIS,2025-11-01T05:28:30Z,2025-11-01T05:17:00Z,ARR,med,11.0
14,True,True,MONTRÉAL,HALIFAX,2025-10-31,9,Rimouski,RMSK,2025-11-01T06:48:24Z,2025-11-01T06:25:00Z,ARR,bad,23.0
14,True,True,MONTRÉAL,HALIFAX,2025-10-31,10,Mont-Joli,MJLI,2025-11-01T07:19:58Z,2025-11-01T07:03:00Z,ARR,bad,16.0
14,True,True,MONTRÉAL,HALIFAX,2025-10-31,11,Sayabec,SAYA,2025-11-01T08:20:37Z,2025-11-01T08:06:00Z,ARR,med,14.0
14,True,True,MONTRÉAL,HALIFAX,2025-10-31,12,Amqui,AMQU,2025-11-01T08:51:52Z,2025-11-01T08:27:00Z,ARR,bad,24.0
14,True,True,MONTRÉAL,HALIFAX,2025-10-31,13,Causapscal,CAUS,2025-11-01T09:25:14Z,2025-11-01T08:49:00Z,ARR,bad,36.0
14,True,True,MONTRÉAL,HALIFAX,2025-10-31,14,Matapedia,MTPD,2025-11-01T10:19:35Z,2025-11-01T09:35:00Z,ARR,bad,44.0
14,True,True,MONTRÉAL,HALIFAX,2025-10-31,15,Campbellton,CBTN,2025-11-01T10:57:08Z,2025-11-01T10:20:00Z,ARR,bad,37.0
14,True,True,MONTRÉAL,HALIFAX,2025-10-31,16,Charlo,CHLO,2025-11-01T11:52:59Z,2025-11-01T11:03:00Z,ARR,bad,49.0
14,True,True,MONTRÉAL,HALIFAX,2025-10-31,17,Jacquet River,JACR,2025-11-01T12:29:21Z,2025-11-01T11:26:00Z,ARR,bad,63.0
14,True,True,MONTRÉAL,HALIFAX,2025-10-31,18,Petit Rocher,PROC,2025-11-01T12:58:45Z,2025-11-01T11:48:00Z,ARR,bad,70.0
14,True,True,MONTRÉAL,HALIFAX,2025-10-31,19,Bathurst,BTRS,2025-11-01T13:15:22Z,2025-11-01T12:36:00Z,ARR,bad,39.0
14,True,True,MONTRÉAL,HALIFAX,2025-10-31,20,Miramichi,MIRA,2025-11-01T14:55:23Z,2025-11-01T14:25:00Z,ARR,bad,30.0
14,True,True,MONTRÉAL,HALIFAX,2025-10-31,21,Rogersville,RGRV,2025-11-01T15:48:54Z,2025-11-01T15:20:00Z,ARR,bad,28.0
14,True,True,MONTRÉAL,HALIFAX,2025-10-31,22,Moncton,MCTN,2025-11-01T17:03:39Z,2025-11-01T16:30:00Z,ARR,bad,33.0
14,True,True,MONTRÉAL,HALIFAX,2025-10-31,23,Sackville,SACK,2025-11-01T18:16:14Z,2025-11-01T17:40:00Z,ARR,bad,36.0
14,True,True,MONTRÉAL,HALIFAX,2025-10-31,24,Amherst,AMHS,2025-11-01T18:28:22Z,2025-11-01T17:55:00Z,ARR,bad,33.0
14,True,True,MONTRÉAL,HALIFAX,2025-10-31,25,Springhill Jct,SPRJ,2025-11-01T18:53:11Z,2025-11-01T18:17:00Z,ARR,bad,36.0
14,True,True,MONTRÉAL,HALIFAX,2025-10-31,26,Truro,TRUR,2025-11-01T20:02:32Z,2025-11-01T19:32:00Z,ARR,bad,30.0
14,True,True,MONTRÉAL,HALIFAX,2025-10-31,27,Halifax,HLFX,2025-11-01T22:03:50Z,2025-11-01T21:36:00Z,ARR,bad,27.0
24,True,True,OTTAWA,QUÉBEC,2025-11-01,0,Ottawa,OTTW,2025-11-01T14:13:00Z,2025-11-01T14:13:00Z,ARR,goo,0.0
24,True,True,OTTAWA,QUÉBEC,2025-11-01,1,Alexandria,ALEX,2025-11-01T14:54:56Z,2025-11-01T15:03:00Z,ARR,goo,-8.0
24,True,True,OTTAWA,QUÉBEC,2025-11-01,2,Coteau,COTO,2025-11-01T15:19:11Z,2025-11-01T15:26:00Z,ARR,goo,-6.0
24,True,True,OTTAWA,QUÉBEC,2025-11-01,3,Dorval,DORV,2025-11-01T15:50:57Z,2025-11-01T15:50:00Z,ARR,goo,0.0
24,True,True,OTTAWA,QUÉBEC,2025-11-01,4,Montréal,MTRL,2025-11-01T16:15:00Z,2025-11-01T16:15:00Z,ARR,goo,0.0
24,True,True,OTTAWA,QUÉBEC,2025-11-01,5,St. Lambert,SLAM,2025-11-01T17:00:09Z,2025-11-01T16:58:00Z,ARR,goo,2.0
24,True,True,OTTAWA,QUÉBEC,2025-11-01,6,St. Hyacinthe,SHYA,2025-11-01T17:32:49Z,2025-11-01T17:26:00Z,ARR,med,6.0
24,True,True,OTTAWA,QUÉBEC,2025-11-01,7,Drummondville,DRMV,2025-11-01T18:05:13Z,2025-11-01T17:54:00Z,ARR,med,11.0
24,True,True,OTTAWA,QUÉBEC,2025-11-01,8,Charny,CHNY,2025-11-01T19:50:14Z,2025-11-01T19:38:00Z,ARR,med,12.0
24,True,True,OTTAWA,QUÉBEC,2025-11-01,9,Ste-Foy,SFOY,2025-11-01T19:59:11Z,2025-11-01T19:45:00Z,ARR,med,14.0
24,True,True,OTTAWA,QUÉBEC,2025-11-01,10,Québec,QBEC,2025-11-01T20:28:37Z,2025-11-01T20:12:00Z,ARR,bad,16.0
37,True,True,QUÉBEC,OTTAWA,2025-11-01,0,Québec,QBEC,2025-11-01T16:32:00Z,2025-11-01T16:32:00Z,ARR,goo,0.0
37,True,True,QUÉBEC,OTTAWA,2025-11-01,1,Ste-Foy,SFOY,2025-11-01T16:57:44Z,2025-11-01T16:57:00Z,ARR,goo,0.0
37,True,True,QUÉBEC,OTTAWA,2025-11-01,2,Drummondville,DRMV,2025-11-01T18:48:16Z,2025-11-01T18:44:00Z,ARR,goo,4.0
37,True,True,QUÉBEC,OTTAWA,2025-11-01,3,St. Hyacinthe,SHYA,2025-11-01T19:20:47Z,2025-11-01T19:12:00Z,ARR,med,8.0
37,True,True,QUÉBEC,OTTAWA,2025-11-01,4,St. Lambert,SLAM,2025-11-01T19:49:51Z,2025-11-01T19:39:00Z,ARR,med,10.0
37,True,True,QUÉBEC,OTTAWA,2025-11-01,5,Montréal,MTRL,2025-11-01T20:05:10Z,2025-11-01T19:54:00Z,ARR,med,11.0
37,True,True,QUÉBEC,OTTAWA,2025-11-01,6,Dorval,DORV,2025-11-01T20:53:59Z,2025-11-01T20:54:00Z,ARR,goo,0.0
37,True,True,QUÉBEC,OTTAWA,2025-11-01,7,Coteau,COTO,2025-11-01T21:24:57Z,2025-11-01T21:23:00Z,ARR,goo,1.0
37,True,True,QUÉBEC,OTTAWA,2025-11-01,8,Alexandria,ALEX,2025-11-01T21:46:49Z,2025-11-01T21:45:00Z,ARR,goo,1.0
37,True,True,QUÉBEC,OTTAWA,2025-11-01,9,Ottawa,OTTW,2025-11-01T22:33:18Z,2025-11-01T22:37:00Z,ARR,goo,-3.0
41,True,True,OTTAWA,TORONTO,2025-11-01,0,Ottawa,OTTW,2025-11-01T09:21:00Z,2025-11-01T09:21:00Z,ARR,goo,0.0
41,True,True,OTTAWA,TORONTO,2025-11-01,1,Fallowfield,FALL,2025-11-01T09:37:04Z,2025-11-01T09:38:00Z,ARR,goo,0.0
41,True,True,OTTAWA,TORONTO,2025-11-01,2,Smiths Falls,SMTF,2025-11-01T10:07:31Z,2025-11-01T10:08:00Z,ARR,goo,0.0
41,True,True,OTTAWA,TORONTO,2025-11-01,3,Brockville,BRKV,2025-11-01T10:40:04Z,2025-11-01T10:40:00Z,ARR,goo,0.0
41,True,True,OTTAWA,TORONTO,2025-11-01,4,Kingston,KGON,2025-11-01T11:26:40Z,2025-11-01T11:25:00Z,ARR,goo,1.0
41,True,True,OTTAWA,TORONTO,2025-11-01,5,Napanee,NAPN,2025-11-01T11:51:30Z,2025-11-01T11:49:00Z,ARR,goo,2.0
41,True,True,OTTAWA,TORONTO,2025-11-01,6,Belleville,BLVL,2025-11-01T12:10:52Z,2025-11-01T12:07:00Z,ARR,goo,3.0
41,True,True,OTTAWA,TORONTO,2025-11-01,7,Trenton Jct.,TRNJ,2025-11-01T12:24:13Z,2025-11-01T12:20:00Z,ARR,goo,4.0
41,True,True,OTTAWA,TORONTO,2025-11-01,8,Cobourg,CBRG,2025-11-01T12:51:44Z,2025-11-01T12:44:00Z,ARR,med,7.0
41,True,True,OTTAWA,TORONTO,2025-11-01,9,Oshawa,OSHA,2025-11-01T13:28:44Z,2025-11-01T13:19:00Z,ARR,med,9.0
41,True,True,OTTAWA,TORONTO,2025-11-01,10,Toronto,TRTO,2025-11-01T14:05:59Z,2025-11-01T14:02:00Z,ARR,goo,3.0
52,True,True,TORONTO,OTTAWA,2025-11-01,0,Toronto,TRTO,2025-11-01T12:32:00Z,2025-11-01T12:32:00Z,ARR,goo,0.0
52,True,True,TORONTO,OTTAWA,2025-11-01,1,Guildwood,GUIL,2025-11-01T12:49:30Z,2025-11-01T12:50:00Z,ARR,goo,0.0
52,True,True,TORONTO,OTTAWA,2025-11-01,2,Oshawa,OSHA,2025-11-01T13:12:38Z,2025-11-01T13:09:00Z,ARR,goo,3.0
52,True,True,TORONTO,OTTAWA,2025-11-01,3,Cobourg,CBRG,2025-11-01T13:58:43Z,2025-11-01T13:44:00Z,ARR,med,14.0
52,True,True,TORONTO,OTTAWA,2025-11-01,4,Belleville,BLVL,2025-11-01T14:33:14Z,2025-11-01T14:20:00Z,ARR,med,13.0
52,True,True,TORONTO,OTTAWA,2025-11-01,5,Kingston,KGON,2025-11-01T15:13:37Z,2025-11-01T15:00:00Z,ARR,med,13.0
52,True,True,TORONTO,OTTAWA,2025-11-01,6,Brockville,BRKV,2025-11-01T16:15:59Z,2025-11-01T15:57:00Z,ARR,bad,18.0
52,True,True,TORONTO,OTTAWA,2025-11-01,7,Smiths Falls,SMTF,2025-11-01T16:50:58Z,2025-11-01T16:35:00Z,ARR,bad,15.0
52,True,True,TORONTO,OTTAWA,2025-11-01,8,Fallowfield,FALL,2025-11-01T17:20:44Z,2025-11-01T17:11:00Z,ARR,med,9.0
52,True,True,TORONTO,OTTAWA,2025-11-01,9,Ottawa,OTTW,2025-11-01T17:43:06Z,2025-11-01T17:32:00Z,ARR,med,11.0
50,True,True,TORONTO,OTTAWA,2025-11-01,0,Toronto,TRTO,2025-11-01T10:32:00Z,2025-11-01T10:32:00Z,ARR,goo,0.0
50,True,True,TORONTO,OTTAWA,2025-11-01,1,Guildwood,GUIL,2025-11-01T10:48:46Z,2025-11-01T10:50:00Z,ARR,goo,-1.0
50,True,True,TORONTO,OTTAWA,2025-11-01,2,Oshawa,OSHA,2025-11-01T11:08:18Z,2025-11-01T11:08:00Z,ARR,goo,0.0
50,True,True,TORONTO,OTTAWA,2025-11-01,3,Cobourg,CBRG,2025-11-01T11:44:26Z,2025-11-01T11:43:00Z,ARR,goo,1.0
50,True,True,TORONTO,OTTAWA,2025-11-01,4,Belleville,BLVL,2025-11-01T12:18:38Z,2025-11-01T12:18:00Z,ARR,goo,0.0
50,True,True,TORONTO,OTTAWA,2025-11-01,5,Kingston,KGON,2025-11-01T12:55:20Z,2025-11-01T12:57:00Z,ARR,goo,-1.0
50,True,True,TORONTO,OTTAWA,2025-11-01,6,Brockville,BRKV,2025-11-01T14:05:55Z,2025-11-01T13:54:00Z,ARR,med,11.0
50,True,True,TORONTO,OTTAWA,2025-11-01,7,Smiths Falls,SMTF,2025-11-01T14:30:57Z,2025-11-01T14:29:00Z,ARR,goo,1.0
50,True,True,TORONTO,OTTAWA,2025-11-01,8,Fallowfield,FALL,2025-11-01T15:08:06Z,2025-11-01T15:01:00Z,ARR,med,7.0
50,True,True,TORONTO,OTTAWA,2025-11-01,9,Ottawa,OTTW,2025-11-01T15:29:26Z,2025-11-01T15:21:00Z,ARR,med,8.0
53,True,True,OTTAWA,TORONTO,2025-11-01,0,Ottawa,OTTW,2025-11-01T15:43:00Z,2025-11-01T15:43:00Z,ARR,goo,0.0
53,True,True,OTTAWA,TORONTO,2025-11-01,1,Fallowfield,FALL,2025-11-01T15:58:04Z,2025-11-01T16:00:00Z,ARR,goo,-1.0
53,True,True,OTTAWA,TORONTO,2025-11-01,2,Brockville,BRKV,2025-11-01T17:10:48Z,2025-11-01T17:01:00Z,ARR,med,9.0
53,True,True,OTTAWA,TORONTO,2025-11-01,3,Gananoque,GANA,2025-11-01T17:40:08Z,2025-11-01T17:31:00Z,ARR,med,9.0
53,True,True,OTTAWA,TORONTO,2025-11-01,4,Kingston,KGON,2025-11-01T18:19:04Z,2025-11-01T17:54:00Z,ARR,bad,25.0
53,True,True,OTTAWA,TORONTO,2025-11-01,5,Belleville,BLVL,2025-11-01T19:03:14Z,2025-11-01T18:36:00Z,ARR,bad,27.0
53,True,True,OTTAWA,TORONTO,2025-11-01,6,Cobourg,CBRG,2025-11-01T19:39:05Z,2025-11-01T19:12:00Z,ARR,bad,27.0
53,True,True,OTTAWA,TORONTO,2025-11-01,7,Oshawa,OSHA,2025-11-01T20:15:27Z,2025-11-01T19:48:00Z,ARR,bad,27.0
53,True,True,OTTAWA,TORONTO,2025-11-01,8,Toronto,TRTO,2025-11-01T21:11:37Z,2025-11-01T20:33:00Z,ARR,bad,38.0
60,True,True,TORONTO,MONTRÉAL,2025-11-01,0,Toronto,TRTO,2025-11-01T10:32:00Z,2025-11-01T10:32:00Z,ARR,goo,0.0
60,True,True,TORONTO,MONTRÉAL,2025-11-01,1,Guildwood,GUIL,2025-11-01T10:48:26Z,2025-11-01T10:50:00Z,ARR,goo,-1.0
60,True,True,TORONTO,MONTRÉAL,2025-11-01,2,Oshawa,OSHA,2025-11-01T11:08:12Z,2025-11-01T11:08:00Z,ARR,goo,0.0
60,True,True,TORONTO,MONTRÉAL,2025-11-01,3,Cobourg,CBRG,2025-11-01T11:44:15Z,2025-11-01T11:43:00Z,ARR,goo,1.0
60,True,True,TORONTO,MONTRÉAL,2025-11-01,4,Belleville,BLVL,2025-11-01T12:18:32Z,2025-11-01T12:18:00Z,ARR,goo,0.0
60,True,True,TORONTO,MONTRÉAL,2025-11-01,5,Kingston,KGON,2025-11-01T12:55:14Z,2025-11-01T12:57:00Z,ARR,goo,-1.0
60,True,True,TORONTO,MONTRÉAL,2025-11-01,6,Cornwall,CWLL,2025-11-01T14:35:19Z,2025-11-01T14:38:00Z,ARR,goo,-2.0
60,True,True,TORONTO,MONTRÉAL,2025-11-01,7,Dorval,DORV,2025-11-01T15:26:34Z,2025-11-01T15:25:00Z,ARR,goo,1.0
60,True,True,TORONTO,MONTRÉAL,2025-11-01,8,Montréal,MTRL,2025-11-01T15:49:44Z,2025-11-01T15:50:00Z,ARR,goo,0.0
64,True,True,TORONTO,MONTRÉAL,2025-11-01,0,Toronto,TRTO,2025-11-01T15:38:06Z,2025-11-01T15:38:00Z,ARR,goo,0.0
64,True,True,TORONTO,MONTRÉAL,2025-11-01,1,Guildwood,GUIL,2025-11-01T15:54:20Z,2025-11-01T15:55:00Z,ARR,goo,0.0
64,True,True,TORONTO,MONTRÉAL,2025-11-01,2,Oshawa,OSHA,2025-11-01T16:14:32Z,2025-11-01T16:09:00Z,ARR,med,5.0
64,True,True,TORONTO,MONTRÉAL,2025-11-01,3,Cobourg,CBRG,2025-11-01T16:48:22Z,2025-11-01T16:46:00Z,ARR,goo,2.0
64,True,True,TORONTO,MONTRÉAL,2025-11-01,4,Belleville,BLVL,2025-11-01T17:22:54Z,2025-11-01T17:22:00Z,ARR,goo,0.0
64,True,True,TORONTO,MONTRÉAL,2025-11-01,5,Kingston,KGON,2025-11-01T18:47:37Z,2025-11-01T18:03:00Z,ARR,bad,44.0
64,True,True,TORONTO,MONTRÉAL,2025-11-01,6,Brockville,BRKV,2025-11-01T19:34:13Z,2025-11-01T18:52:00Z,ARR,bad,42.0
64,True,True,TORONTO,MONTRÉAL,2025-11-01,7,Cornwall,CWLL,2025-11-01T20:23:28Z,2025-11-01T19:42:00Z,ARR,bad,41.0
64,True,True,TORONTO,MONTRÉAL,2025-11-01,8,Dorval,DORV,2025-11-01T21:19:06Z,2025-11-01T20:37:00Z,ARR,bad,42.0
64,True,True,TORONTO,MONTRÉAL,2025-11-01,9,Montréal,MTRL,2025-11-01T21:46:36Z,2025-11-01T21:05:00Z,ARR,bad,41.0
61,True,True,MONTRÉAL,TORONTO,2025-11-01,0,Montréal,MTRL,2025-11-01T12:15:00Z,2025-11-01T10:45:00Z,ARR,bad,90.0
61,True,True,MONTRÉAL,TORONTO,2025-11-01,1,Dorval,DORV,2025-11-01T13:07:16Z,2025-11-01T11:08:00Z,ARR,bad,119.0
61,True,True,MONTRÉAL,TORONTO,2025-11-01,2,Cornwall,CWLL,2025-11-01T13:36:49Z,2025-11-01T12:01:00Z,ARR,bad,95.0
61,True,True,MONTRÉAL,TORONTO,2025-11-01,3,Kingston,KGON,2025-11-01T15:10:58Z,2025-11-01T13:29:00Z,ARR,bad,101.0
61,True,True,MONTRÉAL,TORONTO,2025-11-01,4,Belleville,BLVL,2025-11-01T15:54:14Z,2025-11-01T14:11:00Z,ARR,bad,103.0
61,True,True,MONTRÉAL,TORONTO,2025-11-01,5,Oshawa,OSHA,2025-11-01T17:07:39Z,2025-11-01T15:19:00Z,ARR,bad,108.0
61,True,True,MONTRÉAL,TORONTO,2025-11-01,6,Guildwood,GUIL,2025-11-01T17:47:36Z,2025-11-01T15:43:00Z,ARR,bad,124.0
61,True,True,MONTRÉAL,TORONTO,2025-11-01,7,Toronto,TRTO,2025-11-01T18:05:18Z,2025-11-01T16:03:00Z,ARR,bad,122.0
65,True,True,MONTRÉAL,TORONTO,2025-11-01,0,Montréal,MTRL,2025-11-01T14:49:00Z,2025-11-01T14:49:00Z,ARR,goo,0.0
65,True,True,MONTRÉAL,TORONTO,2025-11-01,1,Dorval,DORV,2025-11-01T15:14:41Z,2025-11-01T15:12:00Z,ARR,goo,2.0
65,True,True,MONTRÉAL,TORONTO,2025-11-01,2,Cornwall,CWLL,2025-11-01T16:03:19Z,2025-11-01T16:06:00Z,ARR,goo,-2.0
65,True,True,MONTRÉAL,TORONTO,2025-11-01,3,Kingston,KGON,2025-11-01T18:08:16Z,2025-11-01T17:36:00Z,ARR,bad,32.0
65,True,True,MONTRÉAL,TORONTO,2025-11-01,4,Belleville,BLVL,2025-11-01T18:52:02Z,2025-11-01T18:20:00Z,ARR,bad,32.0
65,True,True,MONTRÉAL,TORONTO,2025-11-01,5,Cobourg,CBRG,2025-11-01T19:24:49Z,2025-11-01T18:58:00Z,ARR,bad,26.0
65,True,True,MONTRÉAL,TORONTO,2025-11-01,6,Oshawa,OSHA,2025-11-01T19:57:46Z,2025-11-01T19:34:00Z,ARR,bad,23.0
65,True,True,MONTRÉAL,TORONTO,2025-11-01,7,Toronto,TRTO,2025-11-01T20:52:20Z,2025-11-01T20:18:00Z,ARR,bad,34.0
67,True,True,MONTRÉAL,TORONTO,2025-11-01,0,Montréal,MTRL,2025-11-01T17:22:00Z,2025-11-01T17:22:00Z,ARR,goo,0.0
67,True,True,MONTRÉAL,TORONTO,2025-11-01,1,Dorval,DORV,2025-11-01T17:45:42Z,2025-11-01T17:47:00Z,ARR,goo,-1.0
67,True,True,MONTRÉAL,TORONTO,2025-11-01,2,Cornwall,CWLL,2025-11-01T18:43:53Z,2025-11-01T18:38:00Z,ARR,med,5.0
67,True,True,MONTRÉAL,TORONTO,2025-11-01,3,Kingston,KGON,2025-11-01T20:12:31Z,2025-11-01T20:03:00Z,ARR,med,9.0
67,True,True,MONTRÉAL,TORONTO,2025-11-01,4,Belleville,BLVL,2025-11-01T20:51:55Z,2025-11-01T20:42:00Z,ARR,med,9.0
67,True,True,MONTRÉAL,TORONTO,2025-11-01,5,Cobourg,CBRG,2025-11-01T21:25:31Z,2025-11-01T21:17:00Z,ARR,med,8.0
67,True,True,MONTRÉAL,TORONTO,2025-11-01,6,Oshawa,OSHA,2025-11-01T21:58:02Z,2025-11-01T21:50:00Z,ARR,med,8.0
67,True,True,MONTRÉAL,TORONTO,2025-11-01,7,Toronto,TRTO,2025-11-01T22:47:37Z,2025-11-01T22:45:00Z,ARR,goo,2.0
71,True,True,TORONTO,WINDSOR,2025-11-01,0,Toronto,TRTO,2025-11-01T10:50:04Z,2025-11-01T10:50:00Z,ARR,goo,0.0
71,True,True,TORONTO,WINDSOR,2025-11-01,1,Oakville,OAKV,2025-11-01T11:20:23Z,2025-11-01T11:13:00Z,ARR,med,7.0
71,True,True,TORONTO,WINDSOR,2025-11-01,2,Aldershot,ALDR,2025-11-01T11:37:20Z,2025-11-01T11:29:00Z,ARR,med,8.0
71,True,True,TORONTO,WINDSOR,2025-11-01,3,Brantford,BRTF,2025-11-01T12:12:16Z,2025-11-01T11:55:00Z,ARR,bad,17.0
71,True,True,TORONTO,WINDSOR,2025-11-01,4,Woodstock,WDST,2025-11-01T12:47:34Z,2025-11-01T12:30:00Z,ARR,bad,17.0
71,True,True,TORONTO,WINDSOR,2025-11-01,5,Ingersoll,INGR,2025-11-01T13:00:53Z,2025-11-01T12:43:00Z,ARR,bad,17.0
71,True,True,TORONTO,WINDSOR,2025-11-01,6,London,LNDN,2025-11-01T13:25:21Z,2025-11-01T13:06:00Z,ARR,bad,19.0
71,True,True,TORONTO,WINDSOR,2025-11-01,7,Glencoe,GLNC,2025-11-01T14:02:40Z,2025-11-01T13:39:00Z,ARR,bad,23.0
71,True,True,TORONTO,WINDSOR,2025-11-01,8,Chatham,CHAT,2025-11-01T14:54:23Z,2025-11-01T14:18:00Z,ARR,bad,36.0
71,True,True,TORONTO,WINDSOR,2025-11-01,9,Windsor,WDON,2025-11-01T15:43:00Z,2025-11-01T15:08:00Z,ARR,bad,35.0
70,True,True,WINDSOR,TORONTO,2025-11-01,0,Windsor,WDON,2025-11-01T09:35:00Z,2025-11-01T09:35:00Z,ARR,goo,0.0
70,True,True,WINDSOR,TORONTO,2025-11-01,1,Chatham,CHAT,2025-11-01T10:19:43Z,2025-11-01T10:19:00Z,ARR,goo,0.0
70,True,True,WINDSOR,TORONTO,2025-11-01,2,London,LNDN,2025-11-01T11:32:45Z,2025-11-01T11:25:00Z,ARR,med,7.0
70,True,True,WINDSOR,TORONTO,2025-11-01,3,Ingersoll,INGR,2025-11-01T12:02:14Z,2025-11-01T11:55:00Z,ARR,med,7.0
70,True,True,WINDSOR,TORONTO,2025-11-01,4,Woodstock,WDST,2025-11-01T12:14:01Z,2025-11-01T12:08:00Z,ARR,med,6.0
70,True,True,WINDSOR,TORONTO,2025-11-01,5,Brantford,BRTF,2025-11-01T12:43:28Z,2025-11-01T12:44:00Z,ARR,goo,0.0
70,True,True,WINDSOR,TORONTO,2025-11-01,6,Aldershot,ALDR,2025-11-01T13:16:29Z,2025-11-01T13:25:00Z,ARR,goo,-8.0
70,True,True,WINDSOR,TORONTO,2025-11-01,7,Oakville,OAKV,2025-11-01T13:43:30Z,2025-11-01T13:43:00Z,ARR,goo,0.0
70,True,True,WINDSOR,TORONTO,2025-11-01,8,Toronto,TRTO,2025-11-01T14:08:24Z,2025-11-01T14:10:00Z,ARR,goo,-1.0
73,True,True,TORONTO,WINDSOR,2025-11-01,0,Toronto,TRTO,2025-11-01T15:30:00Z,2025-11-01T15:30:00Z,ARR,goo,0.0
73,True,True,TORONTO,WINDSOR,2025-11-01,1,Oakville,OAKV,2025-11-01T15:55:30Z,2025-11-01T15:51:00Z,ARR,goo,4.0
73,True,True,TORONTO,WINDSOR,2025-11-01,2,Aldershot,ALDR,2025-11-01T16:11:54Z,2025-11-01T16:09:00Z,ARR,goo,2.0
73,True,True,TORONTO,WINDSOR,2025-11-01,3,Brantford,BRTF,2025-11-01T17:51:17Z,2025-11-01T16:40:00Z,ARR,bad,71.0
73,True,True,TORONTO,WINDSOR,2025-11-01,4,Woodstock,WDST,2025-11-01T18:24:01Z,2025-11-01T17:09:00Z,ARR,bad,75.0
73,True,True,TORONTO,WINDSOR,2025-11-01,5,London,LNDN,2025-11-01T18:58:23Z,2025-11-01T17:38:00Z,ARR,bad,80.0
73,True,True,TORONTO,WINDSOR,2025-11-01,6,Chatham,CHAT,2025-11-01T20:13:24Z,2025-11-01T18:50:00Z,ARR,bad,83.0
73,True,True,TORONTO,WINDSOR,2025-11-01,7,Windsor,WDON,2025-11-01T21:04:09Z,2025-11-01T19:45:00Z,ARR,bad,79.0
76,True,True,WINDSOR,TORONTO,2025-11-01,0,Windsor,WDON,2025-11-01T17:06:00Z,2025-11-01T17:06:00Z,ARR,goo,0.0
76,True,True,WINDSOR,TORONTO,2025-11-01,1,Chatham,CHAT,2025-11-01T17:48:27Z,2025-11-01T17:48:00Z,ARR,goo,0.0
76,True,True,WINDSOR,TORONTO,2025-11-01,2,Glencoe,GLNC,2025-11-01T18:33:39Z,2025-11-01T18:23:00Z,ARR,med,10.0
76,True,True,WINDSOR,TORONTO,2025-11-01,3,London,LNDN,2025-11-01T19:07:38Z,2025-11-01T18:58:00Z,ARR,med,9.0
76,True,True,WINDSOR,TORONTO,2025-11-01,4,Brantford,BRTF,2025-11-01T20:14:48Z,2025-11-01T19:59:00Z,ARR,bad,15.0
76,True,True,WINDSOR,TORONTO,2025-11-01,5,Aldershot,ALDR,2025-11-01T20:45:37Z,2025-11-01T20:30:00Z,ARR,bad,15.0
76,True,True,WINDSOR,TORONTO,2025-11-01,6,Oakville,OAKV,2025-11-01T21:12:07Z,2025-11-01T20:47:00Z,ARR,bad,25.0
76,True,True,WINDSOR,TORONTO,2025-11-01,7,Toronto,TRTO,2025-11-01T21:49:56Z,2025-11-01T21:13:00Z,ARR,bad,36.0
84,True,True,SARNIA,TORONTO,2025-11-01,0,Wyoming,WYOM,&mdash;,2025-11-01T12:55:00Z,&mdash;,,
84,True,True,SARNIA,TORONTO,2025-11-01,1,St.Marys,SMYS,2025-11-01T15:23:00Z,2025-11-01T14:45:00Z,ARR,bad,38.0
84,True,True,SARNIA,TORONTO,2025-11-01,2,Stratford,STRF,2025-11-01T15:52:00Z,2025-11-01T15:14:00Z,ARR,bad,38.0
84,True,True,SARNIA,TORONTO,2025-11-01,3,Kitchener,KITC,2025-11-01T16:31:00Z,2025-11-01T16:02:00Z,ARR,bad,29.0
84,True,True,SARNIA,TORONTO,2025-11-01,4,Guelph,GUEL,2025-11-01T16:57:00Z,2025-11-01T16:24:00Z,ARR,bad,33.0
84,True,True,SARNIA,TORONTO,2025-11-01,5,Georgetown,GEOR,2025-11-01T17:20:00Z,2025-11-01T16:47:00Z,ARR,bad,33.0
84,True,True,SARNIA,TORONTO,2025-11-01,6,Brampton,BRMP,2025-11-01T17:32:00Z,2025-11-01T16:59:00Z,ARR,bad,33.0
84,True,True,SARNIA,TORONTO,2025-11-01,7,Malton,MALT,2025-11-01T17:44:00Z,2025-11-01T17:11:00Z,ARR,bad,33.0
84,True,True,SARNIA,TORONTO,2025-11-01,8,Toronto,TRTO,2025-11-01T18:11:00Z,2025-11-01T17:38:00Z,ARR,bad,33.0
644,True,True,TORONTO,OTTAWA,2025-11-01,0,Toronto,TRTO,2025-11-01T17:25:07Z,2025-11-01T17:23:00Z,ARR,goo,2.0
644,True,True,TORONTO,OTTAWA,2025-11-01,1,Oshawa,OSHA,2025-11-01T17:56:35Z,2025-11-01T17:53:00Z,ARR,goo,3.0
644,True,True,TORONTO,OTTAWA,2025-11-01,2,Cobourg,CBRG,2025-11-01T18:31:41Z,2025-11-01T18:28:00Z,ARR,goo,3.0
644,True,True,TORONTO,OTTAWA,2025-11-01,3,Belleville,BLVL,2025-11-01T19:05:11Z,2025-11-01T19:03:00Z,ARR,goo,2.0
644,True,True,TORONTO,OTTAWA,2025-11-01,4,Kingston,KGON,2025-11-01T19:41:19Z,2025-11-01T19:43:00Z,ARR,goo,-1.0
644,True,True,TORONTO,OTTAWA,2025-11-01,5,Fallowfield,FALL,2025-11-01T21:24:31Z,2025-11-01T21:30:00Z,ARR,goo,-5.0
644,True,True,TORONTO,OTTAWA,2025-11-01,6,Ottawa,OTTW,2025-11-01T21:44:53Z,2025-11-01T21:53:00Z,ARR,goo,-8.0
72,True,True,WINDSOR,TORONTO,2025-11-01,0,Windsor,WDON,2025-11-01T12:43:02Z,2025-11-01T12:43:00Z,ARR,goo,0.0
72,True,True,WINDSOR,TORONTO,2025-11-01,1,Chatham,CHAT,2025-11-01T13:31:34Z,2025-11-01T13:25:00Z,ARR,med,6.0
72,True,True,WINDSOR,TORONTO,2025-11-01,2,Glencoe,GLNC,2025-11-01T14:17:15Z,2025-11-01T14:05:00Z,ARR,med,12.0
72,True,True,WINDSOR,TORONTO,2025-11-01,3,London,LNDN,2025-11-01T14:49:06Z,2025-11-01T14:39:00Z,ARR,med,10.0
72,True,True,WINDSOR,TORONTO,2025-11-01,4,Ingersoll,INGR,2025-11-01T15:19:39Z,2025-11-01T15:07:00Z,ARR,med,12.0
72,True,True,WINDSOR,TORONTO,2025-11-01,5,Woodstock,WDST,2025-11-01T15:31:38Z,2025-11-01T15:23:00Z,ARR,med,8.0
72,True,True,WINDSOR,TORONTO,2025-11-01,6,Brantford,BRTF,2025-11-01T16:03:19Z,2025-11-01T15:55:00Z,ARR,med,8.0
72,True,True,WINDSOR,TORONTO,2025-11-01,7,Aldershot,ALDR,2025-11-01T16:41:09Z,2025-11-01T16:29:00Z,ARR,med,12.0
72,True,True,WINDSOR,TORONTO,2025-11-01,8,Oakville,OAKV,2025-11-01T16:56:41Z,2025-11-01T16:45:00Z,ARR,med,11.0
72,True,True,WINDSOR,TORONTO,2025-11-01,9,Toronto,TRTO,2025-11-01T17:25:35Z,2025-11-01T17:11:00Z,ARR,med,14.0
82,True,True,LONDON,TORONTO,2025-11-01,0,London,LNDN,2025-11-01T10:25:00Z,2025-11-01T10:25:00Z,ARR,goo,0.0
82,True,True,LONDON,TORONTO,2025-11-01,1,Woodstock,WDST,2025-11-01T11:05:42Z,2025-11-01T10:53:00Z,ARR,med,12.0
82,True,True,LONDON,TORONTO,2025-11-01,2,Brantford,BRTF,2025-11-01T11:35:56Z,2025-11-01T11:23:00Z,ARR,med,12.0
82,True,True,LONDON,TORONTO,2025-11-01,3,Toronto,TRTO,2025-11-01T12:46:32Z,2025-11-01T12:35:00Z,ARR,med,11.0
62,True,True,TORONTO,MONTRÉAL,2025-11-01,0,Toronto,TRTO,2025-11-01T12:32:00Z,2025-11-01T12:32:00Z,ARR,goo,0.0
62,True,True,TORONTO,MONTRÉAL,2025-11-01,1,Guildwood,GUIL,2025-11-01T12:49:22Z,2025-11-01T12:50:00Z,ARR,goo,0.0
62,True,True,TORONTO,MONTRÉAL,2025-11-01,2,Oshawa,OSHA,2025-11-01T13:12:34Z,2025-11-01T13:09:00Z,ARR,goo,3.0
62,True,True,TORONTO,MONTRÉAL,2025-11-01,3,Cobourg,CBRG,2025-11-01T13:58:38Z,2025-11-01T13:44:00Z,ARR,med,14.0
62,True,True,TORONTO,MONTRÉAL,2025-11-01,4,Belleville,BLVL,2025-11-01T14:33:08Z,2025-11-01T14:20:00Z,ARR,med,13.0
62,True,True,TORONTO,MONTRÉAL,2025-11-01,5,Kingston,KGON,2025-11-01T15:13:33Z,2025-11-01T15:00:00Z,ARR,med,13.0
62,True,True,TORONTO,MONTRÉAL,2025-11-01,6,Cornwall,CWLL,2025-11-01T17:06:06Z,2025-11-01T16:43:00Z,ARR,bad,23.0
62,True,True,TORONTO,MONTRÉAL,2025-11-01,7,Dorval,DORV,2025-11-01T17:56:17Z,2025-11-01T17:34:00Z,ARR,bad,22.0
62,True,True,TORONTO,MONTRÉAL,2025-11-01,8,Montréal,MTRL,2025-11-01T18:20:16Z,2025-11-01T18:00:00Z,ARR,bad,20.0
643,True,True,OTTAWA,TORONTO,2025-11-01,0,Ottawa,OTTW,2025-11-01T12:29:00Z,2025-11-01T12:29:00Z,ARR,goo,0.0
643,True,True,OTTAWA,TORONTO,2025-11-01,1,Fallowfield,FALL,2025-11-01T12:45:10Z,2025-11-01T12:45:00Z,ARR,goo,0.0
643,True,True,OTTAWA,TORONTO,2025-11-01,2,Smiths Falls,SMTF,2025-11-01T13:17:20Z,2025-11-01T13:17:00Z,ARR,goo,0.0
643,True,True,OTTAWA,TORONTO,2025-11-01,3,Brockville,BRKV,2025-11-01T13:53:10Z,2025-11-01T13:49:00Z,ARR,goo,4.0
643,True,True,OTTAWA,TORONTO,2025-11-01,4,Kingston,KGON,2025-11-01T14:37:00Z,2025-11-01T14:32:00Z,ARR,med,5.0
643,True,True,OTTAWA,TORONTO,2025-11-01,5,Napanee,NAPN,2025-11-01T15:15:40Z,2025-11-01T14:57:00Z,ARR,bad,18.0
643,True,True,OTTAWA,TORONTO,2025-11-01,6,Belleville,BLVL,2025-11-01T15:35:22Z,2025-11-01T15:17:00Z,ARR,bad,18.0
643,True,True,OTTAWA,TORONTO,2025-11-01,7,Trenton Jct.,TRNJ,2025-11-01T15:50:58Z,2025-11-01T15:31:00Z,ARR,bad,19.0
643,True,True,OTTAWA,TORONTO,2025-11-01,8,Cobourg,CBRG,2025-11-01T16:18:11Z,2025-11-01T15:57:00Z,ARR,bad,21.0
643,True,True,OTTAWA,TORONTO,2025-11-01,9,Port Hope,PHOP,2025-11-01T16:28:51Z,2025-11-01T16:07:00Z,ARR,bad,21.0
643,True,True,OTTAWA,TORONTO,2025-11-01,10,Oshawa,OSHA,2025-11-01T16:56:10Z,2025-11-01T16:35:00Z,ARR,bad,21.0
643,True,True,OTTAWA,TORONTO,2025-11-01,11,Guildwood,GUIL,2025-11-01T17:19:16Z,2025-11-01T16:58:00Z,ARR,bad,21.0
643,True,True,OTTAWA,TORONTO,2025-11-01,12,Toronto,TRTO,2025-11-01T17:43:54Z,2025-11-01T17:18:00Z,ARR,bad,25.0
97,True,True,TORONTO,NIAGARA FALLS,2025-11-01,0,Toronto,TRTO,2025-11-01T12:20:00Z,2025-11-01T12:20:00Z,ARR,goo,0.0
97,True,True,TORONTO,NIAGARA FALLS,2025-11-01,1,Oakville,OAKV,2025-11-01T12:43:00Z,2025-11-01T12:43:00Z,ARR,goo,0.0
97,True,True,TORONTO,NIAGARA FALLS,2025-11-01,2,Aldershot,ALDR,2025-11-01T12:56:00Z,2025-11-01T12:56:00Z,ARR,goo,0.0
97,True,True,TORONTO,NIAGARA FALLS,2025-11-01,3,Grimsby,GRIM,2025-11-01T13:39:00Z,2025-11-01T13:37:00Z,ARR,goo,2.0
97,True,True,TORONTO,NIAGARA FALLS,2025-11-01,4,St. Catharines,SCAT,2025-11-01T13:59:00Z,2025-11-01T13:57:00Z,ARR,goo,2.0
97,True,True,TORONTO,NIAGARA FALLS,2025-11-01,5,Niagara Falls,NIAG,2025-11-01T14:22:00Z,2025-11-01T14:20:00Z,ARR,goo,2.0
622,True,True,MONTRÉAL,QUÉBEC,2025-11-01,0,Montréal,MTRL,2025-11-01T12:20:00Z,2025-11-01T12:20:00Z,ARR,goo,0.0
622,True,True,MONTRÉAL,QUÉBEC,2025-11-01,1,St. Lambert,SLAM,2025-11-01T12:34:11Z,2025-11-01T12:33:00Z,ARR,goo,1.0
622,True,True,MONTRÉAL,QUÉBEC,2025-11-01,2,St. Hyacinthe,SHYA,2025-11-01T13:05:51Z,2025-11-01T13:00:00Z,ARR,med,5.0
622,True,True,MONTRÉAL,QUÉBEC,2025-11-01,3,Drummondville,DRMV,2025-11-01T13:38:41Z,2025-11-01T13:29:00Z,ARR,med,9.0
622,True,True,MONTRÉAL,QUÉBEC,2025-11-01,4,Ste-Foy,SFOY,2025-11-01T15:18:19Z,2025-11-01T15:11:00Z,ARR,med,7.0
622,True,True,MONTRÉAL,QUÉBEC,2025-11-01,5,Québec,QBEC,2025-11-01T15:47:28Z,2025-11-01T15:39:00Z,ARR,med,8.0
45,True,True,OTTAWA,TORONTO,2025-11-01,0,Ottawa,OTTW,2025-11-01T14:24:00Z,2025-11-01T14:24:00Z,ARR,goo,0.0
45,True,True,OTTAWA,TORONTO,2025-11-01,1,Fallowfield,FALL,2025-11-01T14:40:15Z,2025-11-01T14:40:00Z,ARR,goo,0.0
45,True,True,OTTAWA,TORONTO,2025-11-01,2,Kingston,KGON,2025-11-01T16:17:45Z,2025-11-01T16:26:00Z,ARR,goo,-8.0
45,True,True,OTTAWA,TORONTO,2025-11-01,3,Toronto,TRTO,2025-11-01T18:46:48Z,2025-11-01T18:48:00Z,ARR,goo,-1.0
633,True,True,MONTRÉAL,OTTAWA,2025-11-01,0,Montréal,MTRL,2025-11-01T13:52:00Z,2025-11-01T13:00:00Z,ARR,bad,52.0
633,True,True,MONTRÉAL,OTTAWA,2025-11-01,1,Dorval,DORV,2025-11-01T14:15:28Z,2025-11-01T13:24:00Z,ARR,bad,51.0
633,True,True,MONTRÉAL,OTTAWA,2025-11-01,2,Alexandria,ALEX,2025-11-01T15:15:04Z,2025-11-01T14:11:00Z,ARR,bad,64.0
633,True,True,MONTRÉAL,OTTAWA,2025-11-01,3,Casselman,CSLM,2025-11-01T15:36:29Z,2025-11-01T14:34:00Z,ARR,bad,62.0
633,True,True,MONTRÉAL,OTTAWA,2025-11-01,4,Ottawa,OTTW,2025-11-01T15:58:04Z,2025-11-01T15:05:00Z,ARR,bad,53.0
185,True,True,SUDBURY,WHITE RIVER,2025-11-01,0,Sudbury,SUDB,2025-11-01T13:00:00Z,2025-11-01T13:00:00Z,ARR,goo,0.0
185,True,True,SUDBURY,WHITE RIVER,2025-11-01,1,Azilda,AZIL,2025-11-01T13:17:21Z,2025-11-01T13:10:00Z,ARR,med,7.0
185,True,True,SUDBURY,WHITE RIVER,2025-11-01,2,Chelmsford,CHEL,2025-11-01T13:21:30Z,2025-11-01T13:15:00Z,ARR,med,6.0
185,True,True,SUDBURY,WHITE RIVER,2025-11-01,3,Larchwood,LARC,2025-11-01T13:33:04Z,2025-11-01T13:19:00Z,ARR,med,14.0
185,True,True,SUDBURY,WHITE RIVER,2025-11-01,4,Levack,LEVA,2025-11-01T13:45:44Z,2025-11-01T13:30:00Z,ARR,bad,15.0
185,True,True,SUDBURY,WHITE RIVER,2025-11-01,5,Cartier,CART,2025-11-01T14:01:25Z,2025-11-01T13:45:00Z,ARR,bad,16.0
185,True,True,SUDBURY,WHITE RIVER,2025-11-01,6,Benny,BENN,2025-11-01T14:14:44Z,2025-11-01T14:05:00Z,ARR,med,9.0
185,True,True,SUDBURY,WHITE RIVER,2025-11-01,7,Stralak,STRL,2025-11-01T14:20:08Z,2025-11-01T14:12:00Z,ARR,med,8.0
185,True,True,SUDBURY,WHITE RIVER,2025-11-01,8,Pogamasing,POGA,2025-11-01T14:31:39Z,2025-11-01T14:25:00Z,ARR,med,6.0
185,True,True,SUDBURY,WHITE RIVER,2025-11-01,9,Sheahan,SHEA,2025-11-01T14:40:07Z,2025-11-01T14:30:00Z,ARR,med,10.0
185,True,True,SUDBURY,WHITE RIVER,2025-11-01,10,Forks,FRKS,2025-11-01T14:50:07Z,2025-11-01T14:40:00Z,ARR,med,10.0
185,True,True,SUDBURY,WHITE RIVER,2025-11-01,11,Metagama,MTGM,2025-11-01T15:00:07Z,2025-11-01T14:50:00Z,ARR,med,10.0
185,True,True,SUDBURY,WHITE RIVER,2025-11-01,12,Sinker,SNKR,2025-11-01T15:05:07Z,2025-11-01T14:55:00Z,ARR,med,10.0
185,True,True,SUDBURY,WHITE RIVER,2025-11-01,13,Biscotasing,BISC,2025-11-01T15:31:39Z,2025-11-01T15:20:00Z,ARR,med,11.0
185,True,True,SUDBURY,WHITE RIVER,2025-11-01,14,Roberts,RBRT,2025-11-01T15:41:39Z,2025-11-01T15:30:00Z,ARR,med,11.0
185,True,True,SUDBURY,WHITE RIVER,2025-11-01,15,Ramsey,RAMS,2025-11-01T15:56:39Z,2025-11-01T15:45:00Z,ARR,med,11.0
185,True,True,SUDBURY,WHITE RIVER,2025-11-01,16,Woman River,WOMR,2025-11-01T16:36:48Z,2025-11-01T16:05:00Z,ARR,bad,31.0
185,True,True,SUDBURY,WHITE RIVER,2025-11-01,17,Sultan,SULT,2025-11-01T16:52:43Z,2025-11-01T16:20:00Z,ARR,bad,32.0
185,True,True,SUDBURY,WHITE RIVER,2025-11-01,18,Kormak,KORM,2025-11-01T17:07:43Z,2025-11-01T16:35:00Z,ARR,bad,32.0
185,True,True,SUDBURY,WHITE RIVER,2025-11-01,19,Kinogama,KINO,2025-11-01T17:12:43Z,2025-11-01T16:40:00Z,ARR,bad,32.0
185,True,True,SUDBURY,WHITE RIVER,2025-11-01,20,Nemegos,NEME,2025-11-01T17:38:19Z,2025-11-01T16:55:00Z,ARR,bad,43.0
185,True,True,SUDBURY,WHITE RIVER,2025-11-01,21,Devon,DEVN,2025-11-01T18:43:02Z,2025-11-01T17:05:00Z,ARR,bad,98.0
185,True,True,SUDBURY,WHITE RIVER,2025-11-01,22,Chapleau,CHAP,2025-11-01T19:00:46Z,2025-11-01T17:20:00Z,ARR,bad,100.0
185,True,True,SUDBURY,WHITE RIVER,2025-11-01,23,Esher,ESHR,2025-11-01T19:20:44Z,2025-11-01T17:50:00Z,ARR,bad,90.0
185,True,True,SUDBURY,WHITE RIVER,2025-11-01,24,Musk,MUSK,2025-11-01T19:32:22Z,2025-11-01T18:00:00Z,ARR,bad,92.0
185,True,True,SUDBURY,WHITE RIVER,2025-11-01,25,Nicholson,NICH,2025-11-01T19:38:28Z,2025-11-01T18:10:00Z,ARR,bad,88.0
185,True,True,SUDBURY,WHITE RIVER,2025-11-01,26,Bolkow,BOLK,2025-11-01T19:56:26Z,2025-11-01T18:30:00Z,ARR,bad,86.0
185,True,True,SUDBURY,WHITE RIVER,2025-11-01,27,Dalton,DALT,2025-11-01T20:11:26Z,2025-11-01T18:45:00Z,ARR,bad,86.0
185,True,True,SUDBURY,WHITE RIVER,2025-11-01,28,Missanabie,MSBI,2025-11-01T20:36:26Z,2025-11-01T19:10:00Z,ARR,bad,86.0
185,True,True,SUDBURY,WHITE RIVER,2025-11-01,29,Lochalsh,LOCH,2025-11-01T20:56:26Z,2025-11-01T19:30:00Z,ARR,bad,86.0
185,True,True,SUDBURY,WHITE RIVER,2025-11-01,30,Franz,FRNZ,2025-11-01T21:25:22Z,2025-11-01T19:50:00Z,ARR,bad,95.0
185,True,True,SUDBURY,WHITE RIVER,2025-11-01,31,Swanson,SWAN,2025-11-01T21:35:23Z,2025-11-01T20:00:00Z,ARR,bad,95.0
185,True,True,SUDBURY,WHITE RIVER,2025-11-01,32,Girdwood,GIRD,2025-11-01T21:59:20Z,2025-11-01T20:25:00Z,ARR,bad,94.0
185,True,True,SUDBURY,WHITE RIVER,2025-11-01,33,Amyot,AMYO,2025-11-01T22:10:36Z,2025-11-01T20:35:00Z,ARR,bad,95.0
185,True,True,SUDBURY,WHITE RIVER,2025-11-01,34,O'Brien,OBRI,2025-11-01T22:27:00Z,2025-11-01T20:50:00Z,ARR,bad,97.0
185,True,True,SUDBURY,WHITE RIVER,2025-11-01,35,White River,WHTR,2025-11-01T22:48:53Z,2025-11-01T21:05:00Z,ARR,bad,103.0
637,True,True,QUÉBEC,OTTAWA,2025-11-01,0,Québec,QBEC,2025-11-01T14:00:00Z,2025-11-01T14:00:00Z,ARR,goo,0.0
637,True,True,QUÉBEC,OTTAWA,2025-11-01,1,Ste-Foy,SFOY,2025-11-01T14:26:12Z,2025-11-01T14:25:00Z,ARR,goo,1.0
637,True,True,QUÉBEC,OTTAWA,2025-11-01,2,Drummondville,DRMV,2025-11-01T16:06:54Z,2025-11-01T16:08:00Z,ARR,goo,-1.0
637,True,True,QUÉBEC,OTTAWA,2025-11-01,3,St. Lambert,SLAM,2025-11-01T17:18:14Z,2025-11-01T17:16:00Z,ARR,goo,2.0
637,True,True,QUÉBEC,OTTAWA,2025-11-01,4,Montréal,MTRL,2025-11-01T17:30:06Z,2025-11-01T17:31:00Z,ARR,goo,0.0
637,True,True,QUÉBEC,OTTAWA,2025-11-01,5,Dorval,DORV,2025-11-01T18:20:50Z,2025-11-01T18:20:00Z,ARR,goo,0.0
637,True,True,QUÉBEC,OTTAWA,2025-11-01,6,Alexandria,ALEX,2025-11-01T19:17:50Z,2025-11-01T19:10:00Z,ARR,med,7.0
637,True,True,QUÉBEC,OTTAWA,2025-11-01,7,Ottawa,OTTW,2025-11-01T20:00:54Z,2025-11-01T19:56:00Z,ARR,goo,4.0
47,True,True,OTTAWA,TORONTO,2025-11-01,0,Ottawa,OTTW,2025-11-01T16:23:00Z,2025-11-01T16:23:00Z,ARR,goo,0.0
47,True,True,OTTAWA,TORONTO,2025-11-01,1,Fallowfield,FALL,2025-11-01T16:39:46Z,2025-11-01T16:40:00Z,ARR,goo,0.0
47,True,True,OTTAWA,TORONTO,2025-11-01,2,Smiths Falls,SMTF,2025-11-01T17:13:49Z,2025-11-01T17:18:00Z,ARR,goo,-4.0
47,True,True,OTTAWA,TORONTO,2025-11-01,3,Brockville,BRKV,2025-11-01T17:54:24Z,2025-11-01T17:54:00Z,ARR,goo,0.0
47,True,True,OTTAWA,TORONTO,2025-11-01,4,Gananoque,GANA,2025-11-01T18:26:47Z,2025-11-01T18:22:00Z,ARR,goo,4.0
47,True,True,OTTAWA,TORONTO,2025-11-01,5,Kingston,KGON,2025-11-01T19:18:10Z,2025-11-01T18:45:00Z,ARR,bad,33.0
47,True,True,OTTAWA,TORONTO,2025-11-01,6,Belleville,BLVL,2025-11-01T20:01:45Z,2025-11-01T19:26:00Z,ARR,bad,35.0
47,True,True,OTTAWA,TORONTO,2025-11-01,7,Oshawa,OSHA,2025-11-01T21:12:57Z,2025-11-01T20:33:00Z,ARR,bad,39.0
47,True,True,OTTAWA,TORONTO,2025-11-01,8,Guildwood,GUIL,2025-11-01T21:51:05Z,2025-11-01T20:58:00Z,ARR,bad,53.0
47,True,True,OTTAWA,TORONTO,2025-11-01,9,Toronto,TRTO,2025-11-01T22:27:48Z,2025-11-01T21:30:00Z,ARR,bad,57.0
63,True,True,MONTRÉAL,TORONTO,2025-11-01,0,Montréal,MTRL,2025-11-01T12:46:00Z,2025-11-01T12:46:00Z,ARR,goo,0.0
63,True,True,MONTRÉAL,TORONTO,2025-11-01,1,Dorval,DORV,2025-11-01T13:10:07Z,2025-11-01T13:11:00Z,ARR,goo,0.0
63,True,True,MONTRÉAL,TORONTO,2025-11-01,2,Cornwall,CWLL,2025-11-01T14:10:13Z,2025-11-01T14:04:00Z,ARR,med,6.0
63,True,True,MONTRÉAL,TORONTO,2025-11-01,3,Brockville,BRKV,2025-11-01T15:06:48Z,2025-11-01T14:54:00Z,ARR,med,12.0
63,True,True,MONTRÉAL,TORONTO,2025-11-01,4,Kingston,KGON,2025-11-01T15:54:10Z,2025-11-01T15:39:00Z,ARR,bad,15.0
63,True,True,MONTRÉAL,TORONTO,2025-11-01,5,Belleville,BLVL,2025-11-01T16:41:50Z,2025-11-01T16:20:00Z,ARR,bad,21.0
63,True,True,MONTRÉAL,TORONTO,2025-11-01,6,Cobourg,CBRG,2025-11-01T17:19:39Z,2025-11-01T16:58:00Z,ARR,bad,21.0
63,True,True,MONTRÉAL,TORONTO,2025-11-01,7,Oshawa,OSHA,2025-11-01T17:57:18Z,2025-11-01T17:34:00Z,ARR,bad,23.0
63,True,True,MONTRÉAL,TORONTO,2025-11-01,8,Guildwood,GUIL,2025-11-01T18:20:32Z,2025-11-01T17:58:00Z,ARR,bad,22.0
63,True,True,MONTRÉAL,TORONTO,2025-11-01,9,Toronto,TRTO,2025-11-01T18:43:02Z,2025-11-01T18:18:00Z,ARR,bad,25.0
624,True,True,OTTAWA,QUÉBEC,2025-11-01,0,Ottawa,OTTW,2025-11-01T11:45:00Z,2025-11-01T11:45:00Z,ARR,goo,0.0
624,True,True,OTTAWA,QUÉBEC,2025-11-01,1,Alexandria,ALEX,2025-11-01T12:26:20Z,2025-11-01T12:31:00Z,ARR,goo,-4.0
624,True,True,OTTAWA,QUÉBEC,2025-11-01,2,Dorval,DORV,2025-11-01T13:11:45Z,2025-11-01T13:16:00Z,ARR,goo,-4.0
624,True,True,OTTAWA,QUÉBEC,2025-11-01,3,Montréal,MTRL,2025-11-01T13:34:19Z,2025-11-01T13:39:00Z,ARR,goo,-4.0
624,True,True,OTTAWA,QUÉBEC,2025-11-01,4,St. Lambert,SLAM,2025-11-01T14:28:00Z,2025-11-01T14:28:00Z,ARR,goo,0.0
624,True,True,OTTAWA,QUÉBEC,2025-11-01,5,St. Hyacinthe,SHYA,2025-11-01T14:59:49Z,2025-11-01T15:06:00Z,ARR,goo,-6.0
624,True,True,OTTAWA,QUÉBEC,2025-11-01,6,Drummondville,DRMV,2025-11-01T15:31:41Z,2025-11-01T15:34:00Z,ARR,goo,-2.0
624,True,True,OTTAWA,QUÉBEC,2025-11-01,7,Charny,CHNY,2025-11-01T17:22:29Z,2025-11-01T17:13:00Z,ARR,med,9.0
624,True,True,OTTAWA,QUÉBEC,2025-11-01,8,Ste-Foy,SFOY,2025-11-01T17:30:29Z,2025-11-01T17:20:00Z,ARR,med,10.0
624,True,True,OTTAWA,QUÉBEC,2025-11-01,9,Québec,QBEC,2025-11-01T17:59:10Z,2025-11-01T17:48:00Z,ARR,med,11.0
35,True,True,QUÉBEC,OTTAWA,2025-11-01,0,Québec,QBEC,2025-11-01T12:06:00Z,2025-11-01T12:06:00Z,ARR,goo,0.0
35,True,True,QUÉBEC,OTTAWA,2025-11-01,1,Ste-Foy,SFOY,2025-11-01T12:30:21Z,2025-11-01T12:31:00Z,ARR,goo,0.0
35,True,True,QUÉBEC,OTTAWA,2025-11-01,2,Charny,CHNY,2025-11-01T12:39:44Z,2025-11-01T12:40:00Z,ARR,goo,0.0
35,True,True,QUÉBEC,OTTAWA,2025-11-01,3,Drummondville,DRMV,2025-11-01T13:57:03Z,2025-11-01T14:14:00Z,ARR,goo,-16.0
35,True,True,QUÉBEC,OTTAWA,2025-11-01,4,St. Hyacinthe,SHYA,2025-11-01T14:32:37Z,2025-11-01T14:44:00Z,ARR,goo,-11.0
35,True,True,QUÉBEC,OTTAWA,2025-11-01,5,St. Lambert,SLAM,2025-11-01T15:10:27Z,2025-11-01T15:11:00Z,ARR,goo,0.0
35,True,True,QUÉBEC,OTTAWA,2025-11-01,6,Montréal,MTRL,2025-11-01T15:27:31Z,2025-11-01T15:26:00Z,ARR,goo,1.0
35,True,True,QUÉBEC,OTTAWA,2025-11-01,7,Dorval,DORV,2025-11-01T16:17:32Z,2025-11-01T16:18:00Z,ARR,goo,0.0
35,True,True,QUÉBEC,OTTAWA,2025-11-01,8,Coteau,COTO,2025-11-01T16:45:51Z,2025-11-01T16:46:00Z,ARR,goo,0.0
35,True,True,QUÉBEC,OTTAWA,2025-11-01,9,Alexandria,ALEX,2025-11-01T17:07:47Z,2025-11-01T17:08:00Z,ARR,goo,0.0
35,True,True,QUÉBEC,OTTAWA,2025-11-01,10,Casselman,CSLM,2025-11-01T17:29:33Z,2025-11-01T17:31:00Z,ARR,goo,-1.0
35,True,True,QUÉBEC,OTTAWA,2025-11-01,11,Ottawa,OTTW,2025-11-01T17:54:42Z,2025-11-01T17:58:00Z,ARR,goo,-3.0
40,True,True,TORONTO,OTTAWA,2025-11-01,0,Toronto,TRTO,2025-11-01T14:38:00Z,2025-11-01T14:38:00Z,ARR,goo,0.0
40,True,True,TORONTO,OTTAWA,2025-11-01,1,Belleville,BLVL,2025-11-01T16:19:42Z,2025-11-01T16:09:00Z,ARR,med,10.0
40,True,True,TORONTO,OTTAWA,2025-11-01,2,Kingston,KGON,2025-11-01T17:02:06Z,2025-11-01T16:48:00Z,ARR,med,14.0
40,True,True,TORONTO,OTTAWA,2025-11-01,3,Fallowfield,FALL,2025-11-01T18:41:00Z,2025-11-01T18:38:00Z,ARR,goo,3.0
40,True,True,TORONTO,OTTAWA,2025-11-01,4,Ottawa,OTTW,2025-11-01T19:01:21Z,2025-11-01T19:02:00Z,ARR,goo,0.0
26,True,True,OTTAWA,QUÉBEC,2025-11-01,0,Ottawa,OTTW,2025-11-01T18:17:00Z,2025-11-01T18:17:00Z,ARR,goo,0.0
26,True,True,OTTAWA,QUÉBEC,2025-11-01,1,Alexandria,ALEX,2025-11-01T18:59:48Z,2025-11-01T19:03:00Z,ARR,goo,-3.0
26,True,True,OTTAWA,QUÉBEC,2025-11-01,2,Coteau,COTO,2025-11-01T19:21:49Z,2025-11-01T19:26:00Z,ARR,goo,-4.0
26,True,True,OTTAWA,QUÉBEC,2025-11-01,3,Dorval,DORV,2025-11-01T19:54:03Z,2025-11-01T19:49:00Z,ARR,med,5.0
26,True,True,OTTAWA,QUÉBEC,2025-11-01,4,Montréal,MTRL,2025-11-01T20:19:29Z,2025-11-01T20:15:00Z,ARR,goo,4.0
26,True,True,OTTAWA,QUÉBEC,2025-11-01,5,St. Lambert,SLAM,2025-11-01T20:55:01Z,2025-11-01T20:53:00Z,ARR,goo,2.0
26,True,True,OTTAWA,QUÉBEC,2025-11-01,6,St. Hyacinthe,SHYA,2025-11-01T21:23:30Z,2025-11-01T21:20:00Z,ARR,goo,3.0
26,True,True,OTTAWA,QUÉBEC,2025-11-01,7,Drummondville,DRMV,2025-11-01T21:54:22Z,2025-11-01T22:05:00Z,ARR,goo,-10.0
26,True,True,OTTAWA,QUÉBEC,2025-11-01,8,Charny,CHNY,2025-11-01T23:20:54Z,2025-11-01T23:44:00Z,ARR,goo,-23.0
26,True,True,OTTAWA,QUÉBEC,2025-11-01,9,Ste-Foy,SFOY,2025-11-01T23:29:26Z,2025-11-01T23:52:00Z,ARR,goo,-22.0
26,True,True,OTTAWA,QUÉBEC,2025-11-01,10,Québec,QBEC,2025-11-01T23:59:48Z,2025-11-02T00:19:00Z,ARR,goo,-19.0
39,True,True,QUÉBEC,OTTAWA,2025-11-01,0,Québec,QBEC,2025-11-01T18:57:00Z,2025-11-01T18:57:00Z,ARR,goo,0.0
39,True,True,QUÉBEC,OTTAWA,2025-11-01,1,Ste-Foy,SFOY,2025-11-01T19:23:31Z,2025-11-01T19:22:00Z,ARR,goo,1.0
39,True,True,QUÉBEC,OTTAWA,2025-11-01,2,Drummondville,DRMV,2025-11-01T20:56:36Z,2025-11-01T20:58:00Z,ARR,goo,-1.0
39,True,True,QUÉBEC,OTTAWA,2025-11-01,3,St. Lambert,SLAM,2025-11-01T21:52:59Z,2025-11-01T21:57:00Z,ARR,goo,-4.0
39,True,True,QUÉBEC,OTTAWA,2025-11-01,4,Montréal,MTRL,2025-11-01T22:12:40Z,2025-11-01T22:11:00Z,ARR,goo,1.0
39,True,True,QUÉBEC,OTTAWA,2025-11-01,5,Dorval,DORV,2025-11-01T23:12:06Z,2025-11-01T23:14:00Z,ARR,goo,-1.0
39,True,True,QUÉBEC,OTTAWA,2025-11-01,6,Coteau,COTO,2025-11-01T23:45:25Z,2025-11-01T23:43:00Z,ARR,goo,2.0
39,True,True,QUÉBEC,OTTAWA,2025-11-01,7,Alexandria,ALEX,2025-11-02T00:03:31Z,2025-11-02T00:06:00Z,ARR,goo,-2.0
39,True,True,QUÉBEC,OTTAWA,2025-11-01,8,Ottawa,OTTW,2025-11-02T00:46:14Z,2025-11-02T00:51:00Z,ARR,goo,-4.0
66,True,True,TORONTO,MONTRÉAL,2025-11-01,0,Toronto,TRTO,2025-11-01T19:23:33Z,2025-11-01T19:23:00Z,ARR,goo,0.0
66,True,True,TORONTO,MONTRÉAL,2025-11-01,1,Guildwood,GUIL,2025-11-01T19:43:59Z,2025-11-01T19:40:00Z,ARR,goo,3.0
66,True,True,TORONTO,MONTRÉAL,2025-11-01,2,Oshawa,OSHA,2025-11-01T20:04:54Z,2025-11-01T19:54:00Z,ARR,med,10.0
66,True,True,TORONTO,MONTRÉAL,2025-11-01,3,Belleville,BLVL,2025-11-01T21:08:55Z,2025-11-01T21:00:00Z,ARR,med,8.0
66,True,True,TORONTO,MONTRÉAL,2025-11-01,4,Kingston,KGON,2025-11-01T21:47:16Z,2025-11-01T21:40:00Z,ARR,med,7.0
66,True,True,TORONTO,MONTRÉAL,2025-11-01,5,Cornwall,CWLL,2025-11-01T23:24:17Z,2025-11-01T23:07:00Z,ARR,bad,17.0
66,True,True,TORONTO,MONTRÉAL,2025-11-01,6,Dorval,DORV,2025-11-02T00:14:20Z,2025-11-01T23:58:00Z,ARR,bad,16.0
66,True,True,TORONTO,MONTRÉAL,2025-11-01,7,Montréal,MTRL,2025-11-02T00:43:36Z,2025-11-02T00:25:00Z,ARR,bad,18.0
46,True,True,TORONTO,OTTAWA,2025-11-01,0,Toronto,TRTO,2025-11-01T19:38:04Z,2025-11-01T19:38:00Z,ARR,goo,0.0
46,True,True,TORONTO,OTTAWA,2025-11-01,1,Oshawa,OSHA,2025-11-01T20:19:36Z,2025-11-01T20:09:00Z,ARR,med,10.0
46,True,True,TORONTO,OTTAWA,2025-11-01,2,Cobourg,CBRG,2025-11-01T20:55:25Z,2025-11-01T20:43:00Z,ARR,med,12.0
46,True,True,TORONTO,OTTAWA,2025-11-01,3,Kingston,KGON,2025-11-01T22:04:45Z,2025-11-01T21:54:00Z,ARR,med,10.0
46,True,True,TORONTO,OTTAWA,2025-11-01,4,Brockville,BRKV,2025-11-01T22:50:44Z,2025-11-01T22:40:00Z,ARR,med,10.0
46,True,True,TORONTO,OTTAWA,2025-11-01,5,Fallowfield,FALL,2025-11-01T23:42:05Z,2025-11-01T23:40:00Z,ARR,goo,2.0
46,True,True,TORONTO,OTTAWA,2025-11-01,6,Ottawa,OTTW,2025-11-02T00:01:50Z,2025-11-02T00:00:00Z,ARR,goo,1.0
28,True,True,OTTAWA,QUÉBEC,2025-11-01,0,Ottawa,OTTW,2025-11-01T20:05:00Z,2025-11-01T20:05:00Z,ARR,goo,0.0
28,True,True,OTTAWA,QUÉBEC,2025-11-01,1,Casselman,CSLM,2025-11-01T20:32:00Z,2025-11-01T20:31:00Z,ARR,goo,1.0
28,True,True,OTTAWA,QUÉBEC,2025-11-01,2,Alexandria,ALEX,2025-11-01T20:53:50Z,2025-11-01T20:53:00Z,ARR,goo,0.0
28,True,True,OTTAWA,QUÉBEC,2025-11-01,3,Coteau,COTO,2025-11-01T21:15:25Z,2025-11-01T21:15:00Z,ARR,goo,0.0
28,True,True,OTTAWA,QUÉBEC,2025-11-01,4,Dorval,DORV,2025-11-01T21:43:06Z,2025-11-01T21:38:00Z,ARR,med,5.0
28,True,True,OTTAWA,QUÉBEC,2025-11-01,5,Montréal,MTRL,2025-11-01T22:07:58Z,2025-11-01T22:04:00Z,ARR,goo,3.0
28,True,True,OTTAWA,QUÉBEC,2025-11-01,6,St. Lambert,SLAM,2025-11-01T22:41:33Z,2025-11-01T22:38:00Z,ARR,goo,3.0
28,True,True,OTTAWA,QUÉBEC,2025-11-01,7,St. Hyacinthe,SHYA,2025-11-01T23:09:38Z,2025-11-01T23:06:00Z,ARR,goo,3.0
28,True,True,OTTAWA,QUÉBEC,2025-11-01,8,Drummondville,DRMV,2025-11-01T23:58:31Z,2025-11-01T23:52:00Z,ARR,med,6.0
28,True,True,OTTAWA,QUÉBEC,2025-11-01,9,Charny,CHNY,2025-11-02T01:23:06Z,2025-11-02T01:14:00Z,ARR,med,9.0
28,True,True,OTTAWA,QUÉBEC,2025-11-01,10,Ste-Foy,SFOY,2025-11-02T01:31:32Z,2025-11-02T01:21:00Z,ARR,med,10.0
28,True,True,OTTAWA,QUÉBEC,2025-11-01,11,Québec,QBEC,2025-11-02T02:02:16Z,2025-11-02T01:48:00Z,ARR,med,14.0
69,True,True,MONTRÉAL,TORONTO,2025-11-01,0,Montréal,MTRL,2025-11-01T20:38:00Z,2025-11-01T20:38:00Z,ARR,goo,0.0
69,True,True,MONTRÉAL,TORONTO,2025-11-01,1,Dorval,DORV,2025-11-01T21:11:53Z,2025-11-01T21:04:00Z,ARR,med,7.0
69,True,True,MONTRÉAL,TORONTO,2025-11-01,2,Cornwall,CWLL,2025-11-01T22:01:29Z,2025-11-01T21:53:00Z,ARR,med,8.0
69,True,True,MONTRÉAL,TORONTO,2025-11-01,3,Brockville,BRKV,2025-11-01T22:46:35Z,2025-11-01T22:40:00Z,ARR,med,6.0
69,True,True,MONTRÉAL,TORONTO,2025-11-01,4,Kingston,KGON,2025-11-01T23:25:44Z,2025-11-01T23:24:00Z,ARR,goo,1.0
69,True,True,MONTRÉAL,TORONTO,2025-11-01,5,Oshawa,OSHA,2025-11-02T01:03:15Z,2025-11-02T01:05:00Z,ARR,goo,-1.0
69,True,True,MONTRÉAL,TORONTO,2025-11-01,6,Guildwood,GUIL,2025-11-02T01:31:00Z,2025-11-02T01:28:00Z,ARR,goo,3.0
69,True,True,MONTRÉAL,TORONTO,2025-11-01,7,Toronto,TRTO,2025-11-02T01:49:23Z,2025-11-02T01:48:00Z,ARR,goo,1.0
68,True,True,TORONTO,MONTRÉAL,2025-11-01,0,Toronto,TRTO,2025-11-01T21:08:19Z,2025-11-01T21:08:00Z,ARR,goo,0.0
68,True,True,TORONTO,MONTRÉAL,2025-11-01,1,Oshawa,OSHA,2025-11-01T21:47:05Z,2025-11-01T21:39:00Z,ARR,med,8.0
68,True,True,TORONTO,MONTRÉAL,2025-11-01,2,Cobourg,CBRG,2025-11-01T22:26:59Z,2025-11-01T22:14:00Z,ARR,med,12.0
68,True,True,TORONTO,MONTRÉAL,2025-11-01,3,Belleville,BLVL,2025-11-01T23:02:40Z,2025-11-01T22:49:00Z,ARR,med,13.0
68,True,True,TORONTO,MONTRÉAL,2025-11-01,4,Kingston,KGON,2025-11-01T23:44:15Z,2025-11-01T23:26:00Z,ARR,bad,18.0
68,True,True,TORONTO,MONTRÉAL,2025-11-01,5,Brockville,BRKV,2025-11-02T00:31:47Z,2025-11-02T00:11:00Z,ARR,bad,20.0
68,True,True,TORONTO,MONTRÉAL,2025-11-01,6,Cornwall,CWLL,2025-11-02T01:15:24Z,2025-11-02T00:57:00Z,ARR,bad,18.0
68,True,True,TORONTO,MONTRÉAL,2025-11-01,7,Dorval,DORV,2025-11-02T02:04:41Z,2025-11-02T01:47:00Z,ARR,bad,17.0
68,True,True,TORONTO,MONTRÉAL,2025-11-01,8,Montréal,MTRL,2025-11-02T02:28:51Z,2025-11-02T02:14:00Z,ARR,med,14.0
54,True,True,TORONTO,OTTAWA,2025-11-01,0,Toronto,TRTO,2025-11-01T21:38:50Z,2025-11-01T21:38:00Z,ARR,goo,0.0
54,True,True,TORONTO,OTTAWA,2025-11-01,1,Guildwood,GUIL,2025-11-01T22:01:15Z,2025-11-01T21:55:00Z,ARR,med,6.0
54,True,True,TORONTO,OTTAWA,2025-11-01,2,Oshawa,OSHA,2025-11-01T22:21:30Z,2025-11-01T22:08:00Z,ARR,med,13.0
54,True,True,TORONTO,OTTAWA,2025-11-01,3,Port Hope,PHOP,2025-11-01T22:49:29Z,2025-11-01T22:37:00Z,ARR,med,12.0
54,True,True,TORONTO,OTTAWA,2025-11-01,4,Cobourg,CBRG,2025-11-01T22:57:56Z,2025-11-01T22:46:00Z,ARR,med,11.0
54,True,True,TORONTO,OTTAWA,2025-11-01,5,Trenton Jct.,TRNJ,2025-11-01T23:24:42Z,2025-11-01T23:13:01Z,ARR,med,11.0
54,True,True,TORONTO,OTTAWA,2025-11-01,6,Belleville,BLVL,2025-11-01T23:39:04Z,2025-11-01T23:27:00Z,ARR,med,12.0
54,True,True,TORONTO,OTTAWA,2025-11-01,7,Napanee,NAPN,2025-11-01T23:59:09Z,2025-11-01T23:48:00Z,ARR,med,11.0
54,True,True,TORONTO,OTTAWA,2025-11-01,8,Kingston,KGON,2025-11-02T00:19:29Z,2025-11-02T00:09:00Z,ARR,med,10.0
54,True,True,TORONTO,OTTAWA,2025-11-01,9,Brockville,BRKV,2025-11-02T01:07:34Z,2025-11-02T00:54:00Z,ARR,med,13.0
54,True,True,TORONTO,OTTAWA,2025-11-01,10,Smiths Falls,SMTF,2025-11-02T02:21:44Z,2025-11-02T01:25:00Z,ARR,bad,56.0
54,True,True,TORONTO,OTTAWA,2025-11-01,11,Fallowfield,FALL,2025-11-02T02:49:32Z,2025-11-02T01:52:00Z,ARR,bad,57.0
54,True,True,TORONTO,OTTAWA,2025-11-01,12,Ottawa,OTTW,2025-11-02T03:08:55Z,2025-11-02T02:13:00Z,ARR,bad,55.0
75,True,True,TORONTO,WINDSOR,2025-11-01,0,Toronto,TRTO,2025-11-01T21:42:49Z,2025-11-01T21:22:00Z,ARR,bad,20.0
75,True,True,TORONTO,WINDSOR,2025-11-01,1,Oakville,OAKV,2025-11-01T22:16:57Z,2025-11-01T21:45:00Z,ARR,bad,31.0
75,True,True,TORONTO,WINDSOR,2025-11-01,2,Aldershot,ALDR,2025-11-01T22:37:58Z,2025-11-01T22:01:00Z,ARR,bad,36.0
75,True,True,TORONTO,WINDSOR,2025-11-01,3,Brantford,BRTF,2025-11-01T23:09:26Z,2025-11-01T22:33:00Z,ARR,bad,36.0
75,True,True,TORONTO,WINDSOR,2025-11-01,4,Woodstock,WDST,2025-11-01T23:37:48Z,2025-11-01T23:04:00Z,ARR,bad,33.0
75,True,True,TORONTO,WINDSOR,2025-11-01,5,Ingersoll,INGR,2025-11-01T23:49:25Z,2025-11-01T23:19:00Z,ARR,bad,30.0
75,True,True,TORONTO,WINDSOR,2025-11-01,6,London,LNDN,2025-11-02T00:12:48Z,2025-11-01T23:47:00Z,ARR,bad,25.0
75,True,True,TORONTO,WINDSOR,2025-11-01,7,Glencoe,GLNC,2025-11-02T00:49:11Z,2025-11-02T00:21:00Z,ARR,bad,28.0
75,True,True,TORONTO,WINDSOR,2025-11-01,8,Chatham,CHAT,2025-11-02T01:34:29Z,2025-11-02T00:55:00Z,ARR,bad,39.0
75,True,True,TORONTO,WINDSOR,2025-11-01,9,Windsor,WDON,2025-11-02T02:19:54Z,2025-11-02T01:50:00Z,ARR,bad,29.0
98,True,True,NIAGARA FALLS,TORONTO,2025-11-01,0,Niagara Falls,NIAG,2025-11-01T22:10:00Z,2025-11-01T21:45:00Z,ARR,bad,25.0
98,True,True,NIAGARA FALLS,TORONTO,2025-11-01,1,St. Catharines,SCAT,2025-11-01T22:31:00Z,2025-11-01T22:06:00Z,ARR,bad,25.0
98,True,True,NIAGARA FALLS,TORONTO,2025-11-01,2,Grimsby,GRIM,2025-11-01T22:51:00Z,2025-11-01T22:26:00Z,ARR,bad,25.0
98,True,True,NIAGARA FALLS,TORONTO,2025-11-01,3,Aldershot,ALDR,2025-11-01T23:27:00Z,2025-11-01T23:02:00Z,ARR,bad,25.0
98,True,True,NIAGARA FALLS,TORONTO,2025-11-01,4,Oakville,OAKV,2025-11-01T23:41:00Z,2025-11-01T23:16:00Z,ARR,bad,25.0
98,True,True,NIAGARA FALLS,TORONTO,2025-11-01,5,Toronto,TRTO,2025-11-02T00:08:00Z,2025-11-01T23:43:00Z,ARR,bad,25.0
29,True,True,QUÉBEC,MONTRÉAL,2025-11-01,0,Québec,QBEC,2025-11-01T21:41:00Z,2025-11-01T21:41:00Z,ARR,goo,0.0
29,True,True,QUÉBEC,MONTRÉAL,2025-11-01,1,Ste-Foy,SFOY,2025-11-01T22:07:52Z,2025-11-01T22:06:00Z,ARR,goo,1.0
29,True,True,QUÉBEC,MONTRÉAL,2025-11-01,2,Drummondville,DRMV,2025-11-01T23:43:16Z,2025-11-01T23:42:00Z,ARR,goo,1.0
29,True,True,QUÉBEC,MONTRÉAL,2025-11-01,3,St. Hyacinthe,SHYA,2025-11-02T00:14:58Z,2025-11-02T00:18:00Z,ARR,goo,-3.0
29,True,True,QUÉBEC,MONTRÉAL,2025-11-01,4,St. Lambert,SLAM,2025-11-02T00:48:25Z,2025-11-02T00:45:00Z,ARR,goo,3.0
29,True,True,QUÉBEC,MONTRÉAL,2025-11-01,5,Montréal,MTRL,2025-11-02T01:06:16Z,2025-11-02T01:00:00Z,ARR,med,6.0
59,True,True,OTTAWA,TORONTO,2025-11-01,0,Ottawa,OTTW,2025-11-01T22:03:00Z,2025-11-01T22:03:00Z,ARR,goo,0.0
59,True,True,OTTAWA,TORONTO,2025-11-01,1,Fallowfield,FALL,2025-11-01T22:19:11Z,2025-11-01T22:20:00Z,ARR,goo,0.0
59,True,True,OTTAWA,TORONTO,2025-11-01,2,Smiths Falls,SMTF,2025-11-01T22:48:18Z,2025-11-01T22:51:00Z,ARR,goo,-2.0
59,True,True,OTTAWA,TORONTO,2025-11-01,3,Brockville,BRKV,2025-11-01T23:38:45Z,2025-11-01T23:25:00Z,ARR,med,13.0
59,True,True,OTTAWA,TORONTO,2025-11-01,4,Kingston,KGON,2025-11-02T00:19:02Z,2025-11-02T00:10:00Z,ARR,med,9.0
59,True,True,OTTAWA,TORONTO,2025-11-01,5,Belleville,BLVL,2025-11-02T01:01:32Z,2025-11-02T00:51:00Z,ARR,med,10.0
59,True,True,OTTAWA,TORONTO,2025-11-01,6,Trenton Jct.,TRNJ,2025-11-02T01:29:10Z,2025-11-02T01:05:00Z,ARR,bad,24.0
59,True,True,OTTAWA,TORONTO,2025-11-01,7,Cobourg,CBRG,2025-11-02T01:56:20Z,2025-11-02T01:31:00Z,ARR,bad,25.0
59,True,True,OTTAWA,TORONTO,2025-11-01,8,Oshawa,OSHA,2025-11-02T02:35:08Z,2025-11-02T02:05:00Z,ARR,bad,30.0
59,True,True,OTTAWA,TORONTO,2025-11-01,9,Guildwood,GUIL,2025-11-02T03:00:46Z,2025-11-02T02:28:00Z,ARR,bad,32.0
59,True,True,OTTAWA,TORONTO,2025-11-01,10,Toronto,TRTO,2025-11-02T03:20:05Z,2025-11-02T02:48:00Z,ARR,bad,32.0
78,True,True,WINDSOR,TORONTO,2025-11-01,0,Windsor,WDON,2025-11-01T21:40:00Z,2025-11-01T21:40:00Z,ARR,goo,0.0
78,True,True,WINDSOR,TORONTO,2025-11-01,1,Chatham,CHAT,2025-11-01T22:25:28Z,2025-11-01T22:24:00Z,ARR,goo,1.0
78,True,True,WINDSOR,TORONTO,2025-11-01,2,Glencoe,GLNC,2025-11-01T23:13:50Z,2025-11-01T22:59:00Z,ARR,med,14.0
78,True,True,WINDSOR,TORONTO,2025-11-01,3,London,LNDN,2025-11-01T23:47:33Z,2025-11-01T23:32:00Z,ARR,bad,15.0
78,True,True,WINDSOR,TORONTO,2025-11-01,4,Ingersoll,INGR,2025-11-02T00:17:08Z,2025-11-01T23:57:00Z,ARR,bad,20.0
78,True,True,WINDSOR,TORONTO,2025-11-01,5,Woodstock,WDST,2025-11-02T00:30:02Z,2025-11-02T00:08:00Z,ARR,bad,22.0
78,True,True,WINDSOR,TORONTO,2025-11-01,6,Brantford,BRTF,2025-11-02T01:17:15Z,2025-11-02T00:39:00Z,ARR,bad,38.0
78,True,True,WINDSOR,TORONTO,2025-11-01,7,Aldershot,ALDR,2025-11-02T01:49:21Z,2025-11-02T01:09:00Z,ARR,bad,40.0
78,True,True,WINDSOR,TORONTO,2025-11-01,8,Oakville,OAKV,2025-11-02T02:05:11Z,2025-11-02T01:24:00Z,ARR,bad,41.0
78,True,True,WINDSOR,TORONTO,2025-11-01,9,Toronto,TRTO,2025-11-02T02:31:17Z,2025-11-02T01:50:00Z,ARR,bad,41.0
38,True,True,OTTAWA,MONTRÉAL,2025-11-01,0,Ottawa,OTTW,2025-11-01T21:55:00Z,2025-11-01T21:55:00Z,ARR,goo,0.0
38,True,True,OTTAWA,MONTRÉAL,2025-11-01,1,Casselman,CSLM,2025-11-01T22:24:48Z,2025-11-01T22:26:00Z,ARR,goo,-1.0
38,True,True,OTTAWA,MONTRÉAL,2025-11-01,2,Alexandria,ALEX,2025-11-01T22:47:04Z,2025-11-01T22:49:00Z,ARR,goo,-1.0
38,True,True,OTTAWA,MONTRÉAL,2025-11-01,3,Dorval,DORV,2025-11-01T23:37:24Z,2025-11-01T23:33:00Z,ARR,goo,4.0
38,True,True,OTTAWA,MONTRÉAL,2025-11-01,4,Montréal,MTRL,2025-11-02T00:00:31Z,2025-11-01T23:57:00Z,ARR,goo,3.0
79,True,False,TORONTO,WINDSOR,2025-11-01,0,Toronto,TRTO,2025-11-01T23:45:00Z,2025-11-01T23:45:00Z,ARR,goo,0.0
79,True,False,TORONTO,WINDSOR,2025-11-01,1,Oakville,OAKV,2025-11-02T00:16:22Z,2025-11-02T00:07:00Z,ARR,med,9.0
79,True,False,TORONTO,WINDSOR,2025-11-01,2,Aldershot,ALDR,2025-11-02T00:30:48Z,2025-11-02T00:22:00Z,ARR,med,8.0
79,True,False,TORONTO,WINDSOR,2025-11-01,3,Brantford,BRTF,2025-11-02T00:59:18Z,2025-11-02T00:50:00Z,ARR,med,9.0
79,True,False,TORONTO,WINDSOR,2025-11-01,4,Woodstock,WDST,2025-11-02T01:28:26Z,2025-11-02T01:17:00Z,ARR,med,11.0
79,True,False,TORONTO,WINDSOR,2025-11-01,5,Ingersoll,INGR,2025-11-02T01:39:08Z,2025-11-02T01:30:00Z,ARR,med,9.0
79,True,False,TORONTO,WINDSOR,2025-11-01,6,London,LNDN,2025-11-02T02:01:50Z,2025-11-02T01:52:00Z,ARR,med,9.0
79,True,False,TORONTO,WINDSOR,2025-11-01,7,Glencoe,GLNC,2025-11-02T02:40:13Z,2025-11-02T02:25:00Z,ARR,bad,15.0
79,True,False,TORONTO,WINDSOR,2025-11-01,8,Chatham,CHAT,2025-11-02T03:25:03Z,2025-11-02T02:57:00Z,ARR,bad,28.0
79,True,False,TORONTO,WINDSOR,2025-11-01,9,Windsor,WDON,2025-11-02T04:07:24Z,2025-11-02T03:44:00Z,13 mins,bad,23.0
87,True,False,TORONTO,SARNIA,2025-11-01,0,Toronto,TRTO,&mdash;,2025-11-01T21:40:00Z,&mdash;,,
87,True,False,TORONTO,SARNIA,2025-11-01,1,Malton,MALT,&mdash;,2025-11-01T22:00:00Z,&mdash;,,
87,True,False,TORONTO,SARNIA,2025-11-01,2,Brampton,BRMP,&mdash;,2025-11-01T22:12:00Z,&mdash;,,
87,True,False,TORONTO,SARNIA,2025-11-01,3,Georgetown,GEOR,&mdash;,2025-11-01T22:24:00Z,&mdash;,,
87,True,False,TORONTO,SARNIA,2025-11-01,4,Guelph,GUEL,&mdash;,2025-11-01T22:49:00Z,&mdash;,,
87,True,False,TORONTO,SARNIA,2025-11-01,5,Kitchener,KITC,&mdash;,2025-11-01T23:16:00Z,&mdash;,,
87,True,False,TORONTO,SARNIA,2025-11-01,6,Stratford,STRF,&mdash;,2025-11-01T23:57:00Z,&mdash;,,
87,True,False,TORONTO,SARNIA,2025-11-01,7,St.Marys,SMYS,&mdash;,2025-11-02T00:25:00Z,&mdash;,,
87,True,False,TORONTO,SARNIA,2025-11-01,8,London,LNDN,&mdash;,2025-11-02T01:13:00Z,&mdash;,,
87,True,False,TORONTO,SARNIA,2025-11-01,9,Strathroy,STRR,&mdash;,2025-11-02T01:39:00Z,&mdash;,,
87,True,False,TORONTO,SARNIA,2025-11-01,10,Wyoming,WYOM,&mdash;,2025-11-02T02:07:00Z,&mdash;,,
87,True,False,TORONTO,SARNIA,2025-11-01,11,Sarnia,SARN,&mdash;,2025-11-02T02:24:00Z,&mdash;,,
