train_id,departed,arrived,from,to,instance,stop_id,station,code,estimated,scheduled,eta,diff,diffMin
1 (07-16),True,False,TORONTO,VANCOUVER,2025-07-16,0,Toronto,TRTO,2025-07-16T13:55:00Z,2025-07-16T13:55:00Z,ARR,goo,0.0
1 (07-16),True,False,TORONTO,VANCOUVER,2025-07-16,1,Washago,WSHG,2025-07-16T17:03:10Z,2025-07-16T16:25:00Z,ARR,bad,38.0
1 (07-16),True,False,TORONTO,VANCOUVER,2025-07-16,2,South Parry,SPAR,2025-07-16T19:11:49Z,2025-07-16T18:27:00Z,ARR,bad,44.0
1 (07-16),True,False,TORONTO,VANCOUVER,2025-07-16,3,Sudbury (Jct.),SUDJ,2025-07-16T22:28:27Z,2025-07-16T20:57:00Z,ARR,bad,91.0
1 (07-16),True,False,TORONTO,VANCOUVER,2025-07-16,4,Capreol,CAPR,2025-07-16T23:06:51Z,2025-07-16T21:22:00Z,ARR,bad,104.0
1 (07-16),True,False,TORONTO,VANCOUVER,2025-07-16,5,Laforest,LAFO,2025-07-17T00:46:23Z,2025-07-16T22:48:00Z,ARR,bad,118.0
1 (07-16),True,False,TORONTO,VANCOUVER,2025-07-16,6,McKee's Camp,MCKC,2025-07-17T00:59:23Z,2025-07-16T23:01:00Z,ARR,bad,118.0
1 (07-16),True,False,TORONTO,VANCOUVER,2025-07-16,7,Felix,FELX,2025-07-17T01:19:23Z,2025-07-16T23:21:00Z,ARR,bad,118.0
1 (07-16),True,False,TORONTO,VANCOUVER,2025-07-16,8,Ruel,RUEL,2025-07-17T01:26:23Z,2025-07-16T23:28:00Z,ARR,bad,118.0
1 (07-16),True,False,TORONTO,VANCOUVER,2025-07-16,9,Westree,WSTR,2025-07-17T01:48:20Z,2025-07-16T23:45:00Z,ARR,bad,123.0
1 (07-16),True,False,TORONTO,VANCOUVER,2025-07-16,10,Gogama,GOGA,2025-07-17T02:15:02Z,2025-07-17T00:18:00Z,ARR,bad,117.0
1 (07-16),True,False,TORONTO,VANCOUVER,2025-07-16,11,Foleyet,FOLE,2025-07-17T04:02:23Z,2025-07-17T02:44:00Z,ARR,bad,78.0
1 (07-16),True,False,TORONTO,VANCOUVER,2025-07-16,12,Elsas,ELSA,2025-07-17T04:58:36Z,2025-07-17T03:38:00Z,ARR,bad,80.0
1 (07-16),True,False,TORONTO,VANCOUVER,2025-07-16,13,Oba,OBAX,2025-07-17T06:58:36Z,2025-07-17T05:38:00Z,ARR,bad,80.0
1 (07-16),True,False,TORONTO,VANCOUVER,2025-07-16,14,Hornepayne,HNPN,2025-07-17T08:02:27Z,2025-07-17T06:29:00Z,ARR,bad,93.0
1 (07-16),True,False,TORONTO,VANCOUVER,2025-07-16,15,Hillsport,HLSP,2025-07-17T09:31:12Z,2025-07-17T08:05:00Z,ARR,bad,86.0
1 (07-16),True,False,TORONTO,VANCOUVER,2025-07-16,16,Caramat,CARA,2025-07-17T10:22:10Z,2025-07-17T08:55:00Z,ARR,bad,87.0
1 (07-16),True,False,TORONTO,VANCOUVER,2025-07-16,17,Longlac,LLAC,2025-07-17T10:45:19Z,2025-07-17T09:34:00Z,ARR,bad,71.0
1 (07-16),True,False,TORONTO,VANCOUVER,2025-07-16,18,Nakina,NAKI,2025-07-17T11:29:57Z,2025-07-17T10:13:00Z,ARR,bad,76.0
1 (07-16),True,False,TORONTO,VANCOUVER,2025-07-16,19,Auden,AUDN,2025-07-17T12:30:42Z,2025-07-17T11:19:00Z,ARR,bad,71.0
1 (07-16),True,False,TORONTO,VANCOUVER,2025-07-16,20,Ferland,FERL,2025-07-17T13:07:42Z,2025-07-17T11:56:00Z,ARR,bad,71.0
1 (07-16),True,False,TORONTO,VANCOUVER,2025-07-16,21,Mud River,MUDR,2025-07-17T13:16:42Z,2025-07-17T12:05:00Z,ARR,bad,71.0
1 (07-16),True,False,TORONTO,VANCOUVER,2025-07-16,22,Armstrong,ARMG,2025-07-17T14:23:50Z,2025-07-17T13:17:00Z,ARR,bad,66.0
1 (07-16),True,False,TORONTO,VANCOUVER,2025-07-16,23,Collins,COLL,2025-07-17T14:41:09Z,2025-07-17T13:47:00Z,ARR,bad,54.0
1 (07-16),True,False,TORONTO,VANCOUVER,2025-07-16,24,Allanwater Bridge,ALWB,2025-07-17T15:37:24Z,2025-07-17T14:26:00Z,ARR,bad,71.0
1 (07-16),True,False,TORONTO,VANCOUVER,2025-07-16,25,Flindt Landing,FLTL,2025-07-17T15:53:24Z,2025-07-17T14:42:00Z,ARR,bad,71.0
1 (07-16),True,False,TORONTO,VANCOUVER,2025-07-16,26,Savant Lake,SAVL,2025-07-17T16:17:50Z,2025-07-17T14:59:00Z,ARR,bad,78.0
1 (07-16),True,False,TORONTO,VANCOUVER,2025-07-16,27,Sioux Lookout,SLKT,2025-07-17T17:38:20Z,2025-07-17T16:25:00Z,ARR,bad,73.0
1 (07-16),True,False,TORONTO,VANCOUVER,2025-07-16,28,Richan,RCHN,2025-07-17T20:31:11Z,2025-07-17T18:05:00Z,ARR,bad,146.0
1 (07-16),True,False,TORONTO,VANCOUVER,2025-07-16,29,Red Lake Road,RLRX,2025-07-17T21:17:31Z,2025-07-17T18:41:00Z,ARR,bad,156.0
1 (07-16),True,False,TORONTO,VANCOUVER,2025-07-16,30,Canyon,CNYK,2025-07-17T22:17:50Z,2025-07-17T19:10:00Z,ARR,bad,187.0
1 (07-16),True,False,TORONTO,VANCOUVER,2025-07-16,31,Farlane,FARL,2025-07-17T22:48:44Z,2025-07-17T19:47:00Z,ARR,bad,181.0
1 (07-16),True,False,TORONTO,VANCOUVER,2025-07-16,32,Redditt,RDDT,2025-07-17T23:02:23Z,2025-07-17T20:23:00Z,ARR,bad,159.0
1 (07-16),True,False,TORONTO,VANCOUVER,2025-07-16,33,Minaki,MNKI,2025-07-17T23:25:35Z,2025-07-17T20:44:00Z,ARR,bad,161.0
1 (07-16),True,False,TORONTO,VANCOUVER,2025-07-16,34,Ottermere,OTTM,2025-07-17T23:44:37Z,2025-07-17T21:01:00Z,ARR,bad,163.0
1 (07-16),True,False,TORONTO,VANCOUVER,2025-07-16,35,Malachi,MLCH,2025-07-17T23:48:40Z,2025-07-17T21:07:00Z,ARR,bad,161.0
1 (07-16),True,False,TORONTO,VANCOUVER,2025-07-16,36,Copelands Landing,COPE,2025-07-17T23:50:40Z,2025-07-17T21:09:00Z,ARR,bad,161.0
1 (07-16),True,False,TORONTO,VANCOUVER,2025-07-16,37,Rice Lake,RCLK,2025-07-17T23:57:24Z,2025-07-17T21:12:00Z,ARR,bad,165.0
1 (07-16),True,False,TORONTO,VANCOUVER,2025-07-16,38,Winnitoba,WNTB,2025-07-18T00:06:22Z,2025-07-17T21:26:00Z,ARR,bad,160.0
1 (07-16),True,False,TORONTO,VANCOUVER,2025-07-16,39,Ophir,OPHR,2025-07-18T00:10:26Z,2025-07-17T21:31:00Z,ARR,bad,159.0
1 (07-16),True,False,TORONTO,VANCOUVER,2025-07-16,40,Brereton Lake,BRTL,2025-07-18T00:35:43Z,2025-07-17T21:49:00Z,ARR,bad,166.0
1 (07-16),True,False,TORONTO,VANCOUVER,2025-07-16,41,Elma,ELMA,2025-07-18T00:50:55Z,2025-07-17T22:10:00Z,ARR,bad,160.0
1 (07-16),True,False,TORONTO,VANCOUVER,2025-07-16,42,Winnipeg,WNPG,2025-07-18T02:09:30Z,2025-07-18T00:30:00Z,ARR,bad,99.0
1 (07-16),True,False,TORONTO,VANCOUVER,2025-07-16,43,Portage La Prairie,PLPX,2025-07-18T05:57:20Z,2025-07-18T04:04:00Z,ARR,bad,113.0
1 (07-16),True,False,TORONTO,VANCOUVER,2025-07-16,44,Rivers,RVRS,2025-07-18T07:37:06Z,2025-07-18T06:31:00Z,ARR,bad,66.0
1 (07-16),True,False,TORONTO,VANCOUVER,2025-07-16,45,Melville,MELV,2025-07-18T10:45:16Z,2025-07-18T10:54:00Z,ARR,goo,-8.0
1 (07-16),True,False,TORONTO,VANCOUVER,2025-07-16,46,Watrous,WATR,2025-07-18T13:37:21Z,2025-07-18T13:54:00Z,ARR,goo,-16.0
1 (07-16),True,False,TORONTO,VANCOUVER,2025-07-16,47,Saskatoon,SASK,2025-07-18T15:06:46Z,2025-07-18T15:50:00Z,ARR,goo,-43.0
1 (07-16),True,False,TORONTO,VANCOUVER,2025-07-16,48,Biggar,BIGG,2025-07-18T18:36:33Z,2025-07-18T18:29:00Z,ARR,med,7.0
1 (07-16),True,False,TORONTO,VANCOUVER,2025-07-16,49,Unity,UNIT,2025-07-18T19:35:50Z,2025-07-18T19:44:00Z,ARR,goo,-8.0
1 (07-16),True,False,TORONTO,VANCOUVER,2025-07-16,50,Wainwright,WAIN,2025-07-18T20:52:15Z,2025-07-18T22:33:00Z,ARR,goo,-100.0
1 (07-16),True,False,TORONTO,VANCOUVER,2025-07-16,51,Viking,VKNG,2025-07-18T23:02:55Z,2025-07-18T23:26:00Z,ARR,goo,-23.0
1 (07-16),True,False,TORONTO,VANCOUVER,2025-07-16,52,Edmonton,EDMO,2025-07-19T00:56:19Z,2025-07-19T02:50:00Z,ARR,goo,-113.0
1 (07-16),True,False,TORONTO,VANCOUVER,2025-07-16,53,Evansburg,EVAN,2025-07-19T07:45:28Z,2025-07-19T07:29:00Z,ARR,bad,16.0
1 (07-16),True,False,TORONTO,VANCOUVER,2025-07-16,54,Edson,EDSN,2025-07-19T10:32:50Z,2025-07-19T08:52:00Z,ARR,bad,100.0
1 (07-16),True,False,TORONTO,VANCOUVER,2025-07-16,55,Hinton,HINT,2025-07-19T11:45:03Z,2025-07-19T09:58:00Z,ARR,bad,107.0
1 (07-16),True,False,TORONTO,VANCOUVER,2025-07-16,56,Jasper,JASP,2025-07-19T13:19:24Z,2025-07-19T12:30:00Z,ARR,bad,49.0
1 (07-16),True,False,TORONTO,VANCOUVER,2025-07-16,57,Valemount,VLMT,2025-07-19T17:47:02Z,2025-07-19T17:50:00Z,ARR,goo,-2.0
1 (07-16),True,False,TORONTO,VANCOUVER,2025-07-16,58,Blue River,BLUE,2025-07-19T19:49:23Z,2025-07-19T20:36:00Z,ARR,goo,-46.0
1 (07-16),True,False,TORONTO,VANCOUVER,2025-07-16,59,Clearwater,CLWT,2025-07-19T21:52:15Z,2025-07-19T22:45:00Z,ARR,goo,-52.0
1 (07-16),True,False,TORONTO,VANCOUVER,2025-07-16,60,Kamloops North,KAMN,2025-07-20T00:13:24Z,2025-07-20T01:28:00Z,ARR,goo,-74.0
1 (07-16),True,False,TORONTO,VANCOUVER,2025-07-16,61,Ashcroft,ASHN,2025-07-20T03:58:04Z,2025-07-20T03:49:00Z,14 mins,med,9.0
1 (07-16),True,False,TORONTO,VANCOUVER,2025-07-16,62,Boston Bar,BBAR,2025-07-20T06:45:04Z,2025-07-20T06:36:00Z,3h01,med,9.0
1 (07-16),True,False,TORONTO,VANCOUVER,2025-07-16,63,Hope,HOPE,&mdash;,2025-07-20T08:06:00Z,&mdash;,,
1 (07-16),True,False,TORONTO,VANCOUVER,2025-07-16,64,Chilliwack,CHIL,&mdash;,2025-07-20T08:30:00Z,&mdash;,,
1 (07-16),True,False,TORONTO,VANCOUVER,2025-07-16,65,Abbotsford,ABBO,&mdash;,2025-07-20T09:00:00Z,&mdash;,,
1 (07-16),True,False,TORONTO,VANCOUVER,2025-07-16,66,Vancouver,VCVR,&mdash;,2025-07-20T15:00:00Z,&mdash;,,
692 (07-17),True,True,CHURCHILL,WINNIPEG,2025-07-17,0,Churchill,CHUR,2025-07-18T01:30:00Z,2025-07-18T01:30:00Z,ARR,goo,0.0
692 (07-17),True,True,CHURCHILL,WINNIPEG,2025-07-17,1,Tidal,TIDL,2025-07-18T01:56:53Z,2025-07-18T01:52:00Z,ARR,goo,4.0
692 (07-17),True,True,CHURCHILL,WINNIPEG,2025-07-17,2,Chesnaye,CHES,2025-07-18T02:51:45Z,2025-07-18T02:38:00Z,ARR,med,13.0
692 (07-17),True,True,CHURCHILL,WINNIPEG,2025-07-17,3,M'Clintock,MCLI,2025-07-18T04:07:45Z,2025-07-18T03:54:00Z,ARR,med,13.0
692 (07-17),True,True,CHURCHILL,WINNIPEG,2025-07-17,4,O'Day,ODAY,2025-07-18T04:52:45Z,2025-07-18T04:39:00Z,ARR,med,13.0
692 (07-17),True,True,CHURCHILL,WINNIPEG,2025-07-17,5,Herchmer,HERC,2025-07-18T05:31:45Z,2025-07-18T05:18:00Z,ARR,med,13.0
692 (07-17),True,True,CHURCHILL,WINNIPEG,2025-07-17,6,Thibaudeau,THIB,2025-07-18T06:57:45Z,2025-07-18T06:44:00Z,ARR,med,13.0
692 (07-17),True,True,CHURCHILL,WINNIPEG,2025-07-17,7,Weir River,WEIR,2025-07-18T07:24:00Z,2025-07-18T07:46:00Z,ARR,goo,-22.0
692 (07-17),True,True,CHURCHILL,WINNIPEG,2025-07-17,8,Amery,AMRY,2025-07-18T08:02:44Z,2025-07-18T08:37:00Z,ARR,goo,-34.0
692 (07-17),True,True,CHURCHILL,WINNIPEG,2025-07-17,9,Bird,BIRD,2025-07-18T09:05:55Z,2025-07-18T09:00:00Z,ARR,med,5.0
692 (07-17),True,True,CHURCHILL,WINNIPEG,2025-07-17,10,Gillam,GILL,2025-07-18T09:54:00Z,2025-07-18T10:00:00Z,ARR,goo,-6.0
692 (07-17),True,True,CHURCHILL,WINNIPEG,2025-07-17,11,Wivenhoe,WVHO,2025-07-18T11:16:51Z,2025-07-18T11:16:00Z,ARR,goo,0.0
692 (07-17),True,True,CHURCHILL,WINNIPEG,2025-07-17,12,Ilford,ILFO,2025-07-18T12:02:52Z,2025-07-18T11:53:00Z,ARR,med,9.0
692 (07-17),True,True,CHURCHILL,WINNIPEG,2025-07-17,13,Pit Siding,PITS,2025-07-18T13:16:23Z,2025-07-18T12:54:00Z,ARR,bad,22.0
692 (07-17),True,True,CHURCHILL,WINNIPEG,2025-07-17,14,Bridgar,BRGR,2025-07-18T14:38:23Z,2025-07-18T14:16:00Z,ARR,bad,22.0
692 (07-17),True,True,CHURCHILL,WINNIPEG,2025-07-17,15,Pikwitonei,PIKW,2025-07-18T14:49:23Z,2025-07-18T14:27:00Z,ARR,bad,22.0
692 (07-17),True,True,CHURCHILL,WINNIPEG,2025-07-17,16,Sipiwesk,SIPI,2025-07-18T15:16:23Z,2025-07-18T14:54:00Z,ARR,bad,22.0
692 (07-17),True,True,CHURCHILL,WINNIPEG,2025-07-17,17,Thompson,THOM,2025-07-18T18:09:45Z,2025-07-18T16:30:00Z,ARR,bad,99.0
692 (07-17),True,True,CHURCHILL,WINNIPEG,2025-07-17,18,Leven,LEVN,2025-07-18T20:57:53Z,2025-07-18T21:05:00Z,ARR,goo,-7.0
692 (07-17),True,True,CHURCHILL,WINNIPEG,2025-07-17,19,Thicket Portage,THKP,2025-07-18T21:23:34Z,2025-07-18T21:22:00Z,ARR,goo,1.0
692 (07-17),True,True,CHURCHILL,WINNIPEG,2025-07-17,20,Hockin,HOCK,2025-07-18T21:47:56Z,2025-07-18T21:37:00Z,ARR,med,10.0
692 (07-17),True,True,CHURCHILL,WINNIPEG,2025-07-17,21,Odhill,ODHI,2025-07-18T22:29:13Z,2025-07-18T22:21:00Z,ARR,med,8.0
692 (07-17),True,True,CHURCHILL,WINNIPEG,2025-07-17,22,Lyddal,LYDD,2025-07-18T22:48:21Z,2025-07-18T22:43:00Z,ARR,med,5.0
692 (07-17),True,True,CHURCHILL,WINNIPEG,2025-07-17,23,Wabowden,WBDN,2025-07-18T23:12:40Z,2025-07-18T23:11:00Z,ARR,goo,1.0
692 (07-17),True,True,CHURCHILL,WINNIPEG,2025-07-17,24,Pipun,PIPN,2025-07-18T23:39:54Z,2025-07-18T23:34:00Z,ARR,med,5.0
692 (07-17),True,True,CHURCHILL,WINNIPEG,2025-07-17,25,Ponton,PNTN,2025-07-19T00:22:44Z,2025-07-19T00:17:00Z,ARR,med,5.0
692 (07-17),True,True,CHURCHILL,WINNIPEG,2025-07-17,26,Turnbull,TURN,2025-07-19T00:49:51Z,2025-07-19T00:49:00Z,ARR,goo,0.0
692 (07-17),True,True,CHURCHILL,WINNIPEG,2025-07-17,27,Wekusko,WEKU,2025-07-19T01:13:05Z,2025-07-19T01:16:00Z,ARR,goo,-2.0
692 (07-17),True,True,CHURCHILL,WINNIPEG,2025-07-17,28,Dyce,DYCE,2025-07-19T01:54:43Z,2025-07-19T02:00:00Z,ARR,goo,-5.0
692 (07-17),True,True,CHURCHILL,WINNIPEG,2025-07-17,29,Dering,DERI,2025-07-19T02:39:00Z,2025-07-19T02:39:00Z,ARR,goo,0.0
692 (07-17),True,True,CHURCHILL,WINNIPEG,2025-07-17,30,Cormorant,CORM,2025-07-19T02:39:55Z,2025-07-19T02:47:00Z,ARR,goo,-7.0
692 (07-17),True,True,CHURCHILL,WINNIPEG,2025-07-17,31,Halcrow,HALC,2025-07-19T02:55:22Z,2025-07-19T02:58:00Z,ARR,goo,-2.0
692 (07-17),True,True,CHURCHILL,WINNIPEG,2025-07-17,32,Orok,OROK,2025-07-19T03:41:41Z,2025-07-19T03:52:00Z,ARR,goo,-10.0
692 (07-17),True,True,CHURCHILL,WINNIPEG,2025-07-17,33,The Pas,TPAS,2025-07-19T04:15:21Z,2025-07-19T04:30:00Z,ARR,goo,-14.0
692 (07-17),True,True,CHURCHILL,WINNIPEG,2025-07-17,34,Hudson Bay,HBAY,2025-07-19T10:47:22Z,2025-07-19T10:27:00Z,ARR,bad,20.0
692 (07-17),True,True,CHURCHILL,WINNIPEG,2025-07-17,35,Reserve,RSRV,2025-07-19T11:42:00Z,2025-07-19T11:09:00Z,ARR,bad,33.0
692 (07-17),True,True,CHURCHILL,WINNIPEG,2025-07-17,36,Endeavour,ENDV,2025-07-19T12:29:50Z,2025-07-19T11:55:00Z,ARR,bad,34.0
692 (07-17),True,True,CHURCHILL,WINNIPEG,2025-07-17,37,Sturgis,STGS,2025-07-19T13:01:05Z,2025-07-19T12:24:00Z,ARR,bad,37.0
692 (07-17),True,True,CHURCHILL,WINNIPEG,2025-07-17,38,Canora,CANO,2025-07-19T13:58:11Z,2025-07-19T13:08:00Z,ARR,bad,50.0
692 (07-17),True,True,CHURCHILL,WINNIPEG,2025-07-17,39,Mikado,MIKA,2025-07-19T14:18:18Z,2025-07-19T13:30:00Z,ARR,bad,48.0
692 (07-17),True,True,CHURCHILL,WINNIPEG,2025-07-17,40,Veregin,VERE,2025-07-19T14:29:10Z,2025-07-19T13:43:00Z,ARR,bad,46.0
692 (07-17),True,True,CHURCHILL,WINNIPEG,2025-07-17,41,Kamsack,KAMS,2025-07-19T14:40:49Z,2025-07-19T13:58:00Z,ARR,bad,42.0
692 (07-17),True,True,CHURCHILL,WINNIPEG,2025-07-17,42,Togo,TOGO,2025-07-19T15:18:09Z,2025-07-19T14:37:00Z,ARR,bad,41.0
692 (07-17),True,True,CHURCHILL,WINNIPEG,2025-07-17,43,Roblin,RBLN,2025-07-19T15:46:40Z,2025-07-19T15:14:00Z,ARR,bad,32.0
692 (07-17),True,True,CHURCHILL,WINNIPEG,2025-07-17,44,Grandview,GVIE,2025-07-19T16:54:44Z,2025-07-19T16:12:00Z,ARR,bad,42.0
692 (07-17),True,True,CHURCHILL,WINNIPEG,2025-07-17,45,Gilbert Plains,GLBP,2025-07-19T17:22:26Z,2025-07-19T16:32:00Z,ARR,bad,50.0
692 (07-17),True,True,CHURCHILL,WINNIPEG,2025-07-17,46,Dauphin,DAUP,2025-07-19T18:01:27Z,2025-07-19T16:56:00Z,ARR,bad,65.0
692 (07-17),True,True,CHURCHILL,WINNIPEG,2025-07-17,47,Ochre River,OCHR,2025-07-19T18:31:08Z,2025-07-19T17:20:00Z,ARR,bad,71.0
692 (07-17),True,True,CHURCHILL,WINNIPEG,2025-07-17,48,Laurier,LRIE,2025-07-19T18:52:08Z,2025-07-19T17:38:00Z,ARR,bad,74.0
692 (07-17),True,True,CHURCHILL,WINNIPEG,2025-07-17,49,Mccreary,MCCR,2025-07-19T19:14:17Z,2025-07-19T17:54:00Z,ARR,bad,80.0
692 (07-17),True,True,CHURCHILL,WINNIPEG,2025-07-17,50,Glenella,GLNA,2025-07-19T19:57:15Z,2025-07-19T18:34:00Z,ARR,bad,83.0
692 (07-17),True,True,CHURCHILL,WINNIPEG,2025-07-17,51,Plumas,PLUM,2025-07-19T21:48:19Z,2025-07-19T19:06:00Z,ARR,bad,162.0
692 (07-17),True,True,CHURCHILL,WINNIPEG,2025-07-17,52,Gladstone,GSTO,2025-07-19T22:23:45Z,2025-07-19T19:51:00Z,ARR,bad,152.0
692 (07-17),True,True,CHURCHILL,WINNIPEG,2025-07-17,53,Portage La Prairie,PLPX,2025-07-20T00:08:30Z,2025-07-19T20:37:00Z,ARR,bad,211.0
692 (07-17),True,True,CHURCHILL,WINNIPEG,2025-07-17,54,Winnipeg,WNPG,2025-07-20T01:06:56Z,2025-07-19T21:45:00Z,ARR,bad,201.0
2 (07-18),True,False,VANCOUVER,TORONTO,2025-07-18,0,Vancouver,VCVR,2025-07-18T22:00:00Z,2025-07-18T22:00:00Z,ARR,goo,0.0
2 (07-18),True,False,VANCOUVER,TORONTO,2025-07-18,1,Mission Harbour,MSNH,2025-07-19T00:21:30Z,2025-07-18T23:35:00Z,ARR,bad,46.0
2 (07-18),True,False,VANCOUVER,TORONTO,2025-07-18,2,Agassiz,AGAS,2025-07-19T01:03:34Z,2025-07-19T00:03:00Z,ARR,bad,60.0
2 (07-18),True,False,VANCOUVER,TORONTO,2025-07-18,3,Katz,KATZ,2025-07-19T01:24:25Z,2025-07-19T00:17:00Z,ARR,bad,67.0
2 (07-18),True,False,VANCOUVER,TORONTO,2025-07-18,4,North Bend,NBND,2025-07-19T03:18:55Z,2025-07-19T02:46:00Z,ARR,bad,32.0
2 (07-18),True,False,VANCOUVER,TORONTO,2025-07-18,5,Ashcroft,ASHN,2025-07-19T06:26:01Z,2025-07-19T05:32:00Z,ARR,bad,54.0
2 (07-18),True,False,VANCOUVER,TORONTO,2025-07-18,6,Kamloops North,KAMN,2025-07-19T08:25:23Z,2025-07-19T07:17:00Z,ARR,bad,68.0
2 (07-18),True,False,VANCOUVER,TORONTO,2025-07-18,7,Clearwater,CLWT,2025-07-19T11:06:52Z,2025-07-19T09:58:00Z,ARR,bad,68.0
2 (07-18),True,False,VANCOUVER,TORONTO,2025-07-18,8,Blue River,BLUE,2025-07-19T13:00:14Z,2025-07-19T12:11:00Z,ARR,bad,49.0
2 (07-18),True,False,VANCOUVER,TORONTO,2025-07-18,9,Valemount,VLMT,2025-07-19T16:29:25Z,2025-07-19T14:01:00Z,ARR,bad,148.0
2 (07-18),True,False,VANCOUVER,TORONTO,2025-07-18,10,Jasper,JASP,2025-07-19T18:19:33Z,2025-07-19T17:00:00Z,ARR,bad,79.0
2 (07-18),True,False,VANCOUVER,TORONTO,2025-07-18,11,Hinton,HINT,2025-07-19T21:55:51Z,2025-07-19T19:45:00Z,ARR,bad,130.0
2 (07-18),True,False,VANCOUVER,TORONTO,2025-07-18,12,Edson,EDSN,2025-07-19T22:59:00Z,2025-07-19T21:19:00Z,ARR,bad,100.0
2 (07-18),True,False,VANCOUVER,TORONTO,2025-07-18,13,Evansburg,EVAN,2025-07-20T00:10:23Z,2025-07-19T22:28:00Z,ARR,bad,102.0
2 (07-18),True,False,VANCOUVER,TORONTO,2025-07-18,14,Edmonton,EDMO,2025-07-20T01:29:06Z,2025-07-20T00:50:00Z,ARR,bad,39.0
2 (07-18),True,False,VANCOUVER,TORONTO,2025-07-18,15,Viking,VKNG,2025-07-20T05:17:12Z,2025-07-20T03:53:00Z,1h33,bad,84.0
2 (07-18),True,False,VANCOUVER,TORONTO,2025-07-18,16,Wainwright,WAIN,2025-07-20T07:38:12Z,2025-07-20T06:14:00Z,3h54,bad,84.0
2 (07-18),True,False,VANCOUVER,TORONTO,2025-07-18,17,Unity,UNIT,&mdash;,2025-07-20T07:47:00Z,&mdash;,,
2 (07-18),True,False,VANCOUVER,TORONTO,2025-07-18,18,Biggar,BIGG,&mdash;,2025-07-20T09:21:00Z,&mdash;,,
2 (07-18),True,False,VANCOUVER,TORONTO,2025-07-18,19,Saskatoon,SASK,&mdash;,2025-07-20T11:57:00Z,&mdash;,,
2 (07-18),True,False,VANCOUVER,TORONTO,2025-07-18,20,Watrous,WATR,&mdash;,2025-07-20T14:26:00Z,&mdash;,,
692 (07-19),True,False,CHURCHILL,WINNIPEG,2025-07-19,0,Churchill,CHUR,2025-07-20T01:34:40Z,2025-07-20T01:30:00Z,ARR,goo,4.0
692 (07-19),True,False,CHURCHILL,WINNIPEG,2025-07-19,1,Tidal,TIDL,2025-07-20T02:02:17Z,2025-07-20T01:52:00Z,ARR,med,10.0
692 (07-19),True,False,CHURCHILL,WINNIPEG,2025-07-19,2,Chesnaye,CHES,2025-07-20T02:57:23Z,2025-07-20T02:38:00Z,ARR,bad,19.0
692 (07-19),True,False,CHURCHILL,WINNIPEG,2025-07-19,3,M'Clintock,MCLI,2025-07-20T04:26:22Z,2025-07-20T03:54:00Z,42 mins,bad,32.0
692 (07-19),True,False,CHURCHILL,WINNIPEG,2025-07-19,4,O'Day,ODAY,2025-07-20T05:11:22Z,2025-07-20T04:39:00Z,1h27,bad,32.0
692 (07-19),True,False,CHURCHILL,WINNIPEG,2025-07-19,5,Herchmer,HERC,2025-07-20T05:50:22Z,2025-07-20T05:18:00Z,2h06,bad,32.0
692 (07-19),True,False,CHURCHILL,WINNIPEG,2025-07-19,6,Thibaudeau,THIB,2025-07-20T07:16:22Z,2025-07-20T06:44:00Z,3h32,bad,32.0
692 (07-19),True,False,CHURCHILL,WINNIPEG,2025-07-19,7,Weir River,WEIR,2025-07-20T08:18:22Z,2025-07-20T07:46:00Z,4h34,bad,32.0
692 (07-19),True,False,CHURCHILL,WINNIPEG,2025-07-19,8,Amery,AMRY,2025-07-20T09:09:22Z,2025-07-20T08:37:00Z,5h25,bad,32.0
692 (07-19),True,False,CHURCHILL,WINNIPEG,2025-07-19,9,Bird,BIRD,2025-07-20T09:32:22Z,2025-07-20T09:00:00Z,5h48,bad,32.0
692 (07-19),True,False,CHURCHILL,WINNIPEG,2025-07-19,10,Gillam,GILL,2025-07-20T10:32:22Z,2025-07-20T10:00:00Z,6h48,bad,32.0
692 (07-19),True,False,CHURCHILL,WINNIPEG,2025-07-19,11,Wivenhoe,WVHO,2025-07-20T11:48:22Z,2025-07-20T11:16:00Z,8h04,bad,32.0
692 (07-19),True,False,CHURCHILL,WINNIPEG,2025-07-19,12,Ilford,ILFO,2025-07-20T12:25:22Z,2025-07-20T11:53:00Z,8h41,bad,32.0
692 (07-19),True,False,CHURCHILL,WINNIPEG,2025-07-19,13,Pit Siding,PITS,2025-07-20T13:26:22Z,2025-07-20T12:54:00Z,9h42,bad,32.0
692 (07-19),True,False,CHURCHILL,WINNIPEG,2025-07-19,14,Bridgar,BRGR,2025-07-20T14:48:22Z,2025-07-20T14:16:00Z,11h04,bad,32.0
692 (07-19),True,False,CHURCHILL,WINNIPEG,2025-07-19,15,Pikwitonei,PIKW,2025-07-20T14:59:22Z,2025-07-20T14:27:00Z,11h15,bad,32.0
692 (07-19),True,False,CHURCHILL,WINNIPEG,2025-07-19,16,Sipiwesk,SIPI,2025-07-20T15:26:22Z,2025-07-20T14:54:00Z,11h42,bad,32.0
692 (07-19),True,False,CHURCHILL,WINNIPEG,2025-07-19,17,Thompson,THOM,2025-07-20T17:02:22Z,2025-07-20T16:30:00Z,13h18,bad,32.0
15,True,True,HALIFAX,MONTRÉAL,2025-07-18,0,Halifax,HLFX,2025-07-18T14:32:19Z,2025-07-18T14:30:00Z,ARR,goo,2.0
15,True,True,HALIFAX,MONTRÉAL,2025-07-18,1,Truro,TRUR,2025-07-18T16:02:10Z,2025-07-18T15:56:00Z,ARR,med,6.0
15,True,True,HALIFAX,MONTRÉAL,2025-07-18,2,Springhill Jct,SPRJ,2025-07-18T17:33:50Z,2025-07-18T17:12:00Z,ARR,bad,21.0
15,True,True,HALIFAX,MONTRÉAL,2025-07-18,3,Amherst,AMHS,2025-07-18T17:54:58Z,2025-07-18T17:35:00Z,ARR,bad,19.0
15,True,True,HALIFAX,MONTRÉAL,2025-07-18,4,Sackville,SACK,2025-07-18T18:10:59Z,2025-07-18T17:52:00Z,ARR,bad,18.0
15,True,True,HALIFAX,MONTRÉAL,2025-07-18,5,Moncton,MCTN,2025-07-18T18:58:05Z,2025-07-18T18:47:00Z,ARR,med,11.0
15,True,True,HALIFAX,MONTRÉAL,2025-07-18,6,Rogersville,RGRV,2025-07-18T20:36:36Z,2025-07-18T20:01:00Z,ARR,bad,35.0
15,True,True,HALIFAX,MONTRÉAL,2025-07-18,7,Miramichi,MIRA,2025-07-18T21:20:29Z,2025-07-18T20:52:00Z,ARR,bad,28.0
15,True,True,HALIFAX,MONTRÉAL,2025-07-18,8,Bathurst,BTRS,2025-07-18T22:55:37Z,2025-07-18T22:48:00Z,ARR,med,7.0
15,True,True,HALIFAX,MONTRÉAL,2025-07-18,9,Petit Rocher,PROC,2025-07-18T23:33:05Z,2025-07-18T23:17:00Z,ARR,bad,16.0
15,True,True,HALIFAX,MONTRÉAL,2025-07-18,10,Jacquet River,JACR,2025-07-19T00:09:24Z,2025-07-18T23:40:01Z,ARR,bad,29.0
15,True,True,HALIFAX,MONTRÉAL,2025-07-18,11,Charlo,CHLO,2025-07-19T01:02:26Z,2025-07-19T00:04:00Z,ARR,bad,58.0
15,True,True,HALIFAX,MONTRÉAL,2025-07-18,12,Campbellton,CBTN,2025-07-19T01:59:08Z,2025-07-19T01:08:00Z,ARR,bad,51.0
15,True,True,HALIFAX,MONTRÉAL,2025-07-18,13,Matapedia,MTPD,2025-07-19T02:47:42Z,2025-07-19T01:50:00Z,ARR,bad,57.0
15,True,True,HALIFAX,MONTRÉAL,2025-07-18,14,Causapscal,CAUS,2025-07-19T03:52:25Z,2025-07-19T02:39:00Z,ARR,bad,73.0
15,True,True,HALIFAX,MONTRÉAL,2025-07-18,15,Amqui,AMQU,2025-07-19T04:22:39Z,2025-07-19T02:59:00Z,ARR,bad,83.0
15,True,True,HALIFAX,MONTRÉAL,2025-07-18,16,Sayabec,SAYA,2025-07-19T04:59:18Z,2025-07-19T03:21:00Z,ARR,bad,98.0
15,True,True,HALIFAX,MONTRÉAL,2025-07-18,17,Mont-Joli,MJLI,2025-07-19T06:11:00Z,2025-07-19T04:51:00Z,ARR,bad,80.0
15,True,True,HALIFAX,MONTRÉAL,2025-07-18,18,Rimouski,RMSK,2025-07-19T06:57:48Z,2025-07-19T05:24:00Z,ARR,bad,93.0
15,True,True,HALIFAX,MONTRÉAL,2025-07-18,19,Trois Pistoles,TPIS,2025-07-19T08:00:42Z,2025-07-19T06:31:00Z,ARR,bad,89.0
15,True,True,HALIFAX,MONTRÉAL,2025-07-18,20,Rivière-Du-Loup,RDLX,2025-07-19T08:40:52Z,2025-07-19T07:18:00Z,ARR,bad,82.0
15,True,True,HALIFAX,MONTRÉAL,2025-07-18,21,La Pocatière,LPOC,2025-07-19T09:22:48Z,2025-07-19T08:05:00Z,ARR,bad,77.0
15,True,True,HALIFAX,MONTRÉAL,2025-07-18,22,Montmagny,MMGY,2025-07-19T10:07:06Z,2025-07-19T08:39:00Z,ARR,bad,88.0
15,True,True,HALIFAX,MONTRÉAL,2025-07-18,23,Ste-Foy,SFOY,2025-07-19T11:04:39Z,2025-07-19T10:13:00Z,ARR,bad,51.0
15,True,True,HALIFAX,MONTRÉAL,2025-07-18,24,Drummondville,DRMV,2025-07-19T13:03:22Z,2025-07-19T12:20:00Z,ARR,bad,43.0
15,True,True,HALIFAX,MONTRÉAL,2025-07-18,25,St. Hyacinthe,SHYA,2025-07-19T13:40:32Z,2025-07-19T13:00:00Z,ARR,bad,40.0
15,True,True,HALIFAX,MONTRÉAL,2025-07-18,26,St. Lambert,SLAM,2025-07-19T14:19:28Z,2025-07-19T13:34:00Z,ARR,bad,45.0
15,True,True,HALIFAX,MONTRÉAL,2025-07-18,27,Montréal,MTRL,2025-07-19T14:49:34Z,2025-07-19T13:53:00Z,ARR,bad,56.0
6,True,True,PRINCE RUPERT,JASPER,2025-07-18,0,Prince Rupert,PRUP,2025-07-18T15:00:00Z,2025-07-18T15:00:00Z,ARR,goo,0.0
6,True,True,PRINCE RUPERT,JASPER,2025-07-18,1,Cassiar Cannery,CASS,2025-07-18T15:29:32Z,2025-07-18T15:20:00Z,ARR,med,9.0
6,True,True,PRINCE RUPERT,JASPER,2025-07-18,2,Kwinitsa,KWIN,2025-07-18T16:08:49Z,2025-07-18T16:17:00Z,ARR,goo,-8.0
6,True,True,PRINCE RUPERT,JASPER,2025-07-18,3,Terrace,TRRC,2025-07-18T17:24:16Z,2025-07-18T17:20:00Z,ARR,goo,4.0
6,True,True,PRINCE RUPERT,JASPER,2025-07-18,4,Usk,USKX,2025-07-18T17:52:53Z,2025-07-18T17:48:00Z,ARR,goo,4.0
6,True,True,PRINCE RUPERT,JASPER,2025-07-18,5,Pacific,PACI,2025-07-18T18:07:30Z,2025-07-18T18:07:00Z,ARR,goo,0.0
6,True,True,PRINCE RUPERT,JASPER,2025-07-18,6,Dorreen,DORR,2025-07-18T18:15:22Z,2025-07-18T18:19:00Z,ARR,goo,-3.0
6,True,True,PRINCE RUPERT,JASPER,2025-07-18,7,Cedarvale,CEDA,2025-07-18T18:34:39Z,2025-07-18T18:44:00Z,ARR,goo,-9.0
6,True,True,PRINCE RUPERT,JASPER,2025-07-18,8,Kitwanga,KITW,2025-07-18T18:52:39Z,2025-07-18T18:48:01Z,ARR,goo,4.0
6,True,True,PRINCE RUPERT,JASPER,2025-07-18,9,New Hazelton,NHAZ,2025-07-18T19:38:34Z,2025-07-18T19:30:00Z,ARR,med,8.0
6,True,True,PRINCE RUPERT,JASPER,2025-07-18,10,Smithers,SMTR,2025-07-18T21:24:09Z,2025-07-18T21:14:00Z,ARR,med,10.0
6,True,True,PRINCE RUPERT,JASPER,2025-07-18,11,Telkwa,TELK,2025-07-18T22:06:15Z,2025-07-18T21:37:00Z,ARR,bad,29.0
6,True,True,PRINCE RUPERT,JASPER,2025-07-18,12,Houston,HOUS,2025-07-18T22:44:43Z,2025-07-18T22:22:00Z,ARR,bad,22.0
6,True,True,PRINCE RUPERT,JASPER,2025-07-18,13,Burns Lake,BRNL,2025-07-19T00:00:21Z,2025-07-18T23:32:00Z,ARR,bad,28.0
6,True,True,PRINCE RUPERT,JASPER,2025-07-18,14,Endako,ENDA,2025-07-19T00:49:38Z,2025-07-19T00:25:00Z,ARR,bad,24.0
6,True,True,PRINCE RUPERT,JASPER,2025-07-18,15,Fort Fraser,FFRA,2025-07-19T01:28:15Z,2025-07-19T00:57:00Z,ARR,bad,31.0
6,True,True,PRINCE RUPERT,JASPER,2025-07-18,16,Vanderhoof,VDRH,2025-07-19T01:59:40Z,2025-07-19T01:35:00Z,ARR,bad,24.0
6,True,True,PRINCE RUPERT,JASPER,2025-07-18,17,Prince George,PGEO,2025-07-19T04:24:51Z,2025-07-19T03:29:00Z,ARR,bad,55.0
6,True,True,PRINCE RUPERT,JASPER,2025-07-18,18,Willow River,WILR,2025-07-19T15:50:59Z,2025-07-19T15:48:00Z,ARR,goo,2.0
6,True,True,PRINCE RUPERT,JASPER,2025-07-18,19,Aleza Lake,ALZL,2025-07-19T16:16:43Z,2025-07-19T16:17:00Z,ARR,goo,0.0
6,True,True,PRINCE RUPERT,JASPER,2025-07-18,20,Upper Fraser,UFRZ,2025-07-19T16:25:00Z,2025-07-19T16:25:00Z,ARR,goo,0.0
6,True,True,PRINCE RUPERT,JASPER,2025-07-18,21,Mcgregor,MCGR,2025-07-19T16:41:34Z,2025-07-19T16:33:00Z,ARR,med,8.0
6,True,True,PRINCE RUPERT,JASPER,2025-07-18,22,Sinclair Mills,SINM,2025-07-19T16:53:39Z,2025-07-19T16:44:00Z,ARR,med,9.0
6,True,True,PRINCE RUPERT,JASPER,2025-07-18,23,Hutton,HUTT,2025-07-19T16:57:39Z,2025-07-19T16:48:00Z,ARR,med,9.0
6,True,True,PRINCE RUPERT,JASPER,2025-07-18,24,Longworth,LWTH,2025-07-19T17:09:14Z,2025-07-19T16:59:00Z,ARR,med,10.0
6,True,True,PRINCE RUPERT,JASPER,2025-07-18,25,Penny,PENN,2025-07-19T17:21:14Z,2025-07-19T17:13:00Z,ARR,med,8.0
6,True,True,PRINCE RUPERT,JASPER,2025-07-18,26,Bend,BEND,2025-07-19T17:38:01Z,2025-07-19T17:32:00Z,ARR,med,6.0
6,True,True,PRINCE RUPERT,JASPER,2025-07-18,27,Dome Creek,DOMC,2025-07-19T17:40:48Z,2025-07-19T17:33:07Z,ARR,med,7.0
6,True,True,PRINCE RUPERT,JASPER,2025-07-18,28,Loos,LOOS,2025-07-19T18:13:41Z,2025-07-19T18:07:00Z,ARR,med,6.0
6,True,True,PRINCE RUPERT,JASPER,2025-07-18,29,Goat River,GOAT,2025-07-19T18:27:24Z,2025-07-19T18:22:00Z,ARR,med,5.0
6,True,True,PRINCE RUPERT,JASPER,2025-07-18,30,Mcbride,MCBR,2025-07-19T19:17:00Z,2025-07-19T19:18:00Z,ARR,goo,-1.0
6,True,True,PRINCE RUPERT,JASPER,2025-07-18,31,Dunster,DNST,2025-07-19T19:49:03Z,2025-07-19T19:35:00Z,ARR,med,14.0
6,True,True,PRINCE RUPERT,JASPER,2025-07-18,32,Harvey,HRVY,2025-07-19T20:21:54Z,2025-07-19T20:24:00Z,ARR,goo,-2.0
6,True,True,PRINCE RUPERT,JASPER,2025-07-18,33,Jasper,JASP,2025-07-19T22:14:46Z,2025-07-19T23:00:00Z,ARR,goo,-45.0
691,True,True,THE PAS,CHURCHILL,2025-07-18,0,The Pas,TPAS,2025-07-18T07:30:00Z,2025-07-18T07:30:00Z,ARR,goo,0.0
691,True,True,THE PAS,CHURCHILL,2025-07-18,1,Orok,OROK,2025-07-18T08:03:56Z,2025-07-18T08:07:00Z,ARR,goo,-3.0
691,True,True,THE PAS,CHURCHILL,2025-07-18,2,Halcrow,HALC,2025-07-18T08:50:09Z,2025-07-18T09:01:00Z,ARR,goo,-10.0
691,True,True,THE PAS,CHURCHILL,2025-07-18,3,Cormorant,CORM,2025-07-18T08:58:21Z,2025-07-18T09:12:00Z,ARR,goo,-13.0
691,True,True,THE PAS,CHURCHILL,2025-07-18,4,Dering,DERI,2025-07-18T09:05:23Z,2025-07-18T09:20:00Z,ARR,goo,-14.0
691,True,True,THE PAS,CHURCHILL,2025-07-18,5,Dyce,DYCE,2025-07-18T09:39:14Z,2025-07-18T09:59:00Z,ARR,goo,-19.0
691,True,True,THE PAS,CHURCHILL,2025-07-18,6,Wekusko,WEKU,2025-07-18T10:23:21Z,2025-07-18T10:43:00Z,ARR,goo,-19.0
691,True,True,THE PAS,CHURCHILL,2025-07-18,7,Turnbull,TURN,2025-07-18T10:45:58Z,2025-07-18T11:10:00Z,ARR,goo,-24.0
691,True,True,THE PAS,CHURCHILL,2025-07-18,8,Ponton,PNTN,2025-07-18T11:13:20Z,2025-07-18T11:42:00Z,ARR,goo,-28.0
691,True,True,THE PAS,CHURCHILL,2025-07-18,9,Pipun,PIPN,2025-07-18T11:56:41Z,2025-07-18T12:25:00Z,ARR,goo,-28.0
691,True,True,THE PAS,CHURCHILL,2025-07-18,10,Wabowden,WBDN,2025-07-18T12:14:56Z,2025-07-18T12:48:00Z,ARR,goo,-33.0
691,True,True,THE PAS,CHURCHILL,2025-07-18,11,Lyddal,LYDD,2025-07-18T13:03:45Z,2025-07-18T13:16:00Z,ARR,goo,-12.0
691,True,True,THE PAS,CHURCHILL,2025-07-18,12,Odhill,ODHI,2025-07-18T13:23:00Z,2025-07-18T13:38:00Z,ARR,goo,-15.0
691,True,True,THE PAS,CHURCHILL,2025-07-18,13,Hockin,HOCK,2025-07-18T14:02:22Z,2025-07-18T14:22:00Z,ARR,goo,-19.0
691,True,True,THE PAS,CHURCHILL,2025-07-18,14,Thicket Portage,THKP,2025-07-18T14:37:00Z,2025-07-18T14:37:00Z,ARR,goo,0.0
691,True,True,THE PAS,CHURCHILL,2025-07-18,15,Leven,LEVN,2025-07-18T14:49:08Z,2025-07-18T14:54:00Z,ARR,goo,-4.0
691,True,True,THE PAS,CHURCHILL,2025-07-18,16,Thompson,THOM,2025-07-18T18:12:07Z,2025-07-18T17:00:00Z,ARR,bad,72.0
691,True,True,THE PAS,CHURCHILL,2025-07-18,17,Sipiwesk,SIPI,2025-07-18T23:22:37Z,2025-07-18T23:35:00Z,ARR,goo,-12.0
691,True,True,THE PAS,CHURCHILL,2025-07-18,18,Pikwitonei,PIKW,2025-07-18T23:47:30Z,2025-07-19T00:02:00Z,ARR,goo,-14.0
691,True,True,THE PAS,CHURCHILL,2025-07-18,19,Bridgar,BRGR,2025-07-19T00:10:02Z,2025-07-19T00:13:00Z,ARR,goo,-2.0
691,True,True,THE PAS,CHURCHILL,2025-07-18,20,Pit Siding,PITS,2025-07-19T01:29:14Z,2025-07-19T01:35:00Z,ARR,goo,-5.0
691,True,True,THE PAS,CHURCHILL,2025-07-18,21,Ilford,ILFO,2025-07-19T02:27:11Z,2025-07-19T02:36:00Z,ARR,goo,-8.0
691,True,True,THE PAS,CHURCHILL,2025-07-18,22,Wivenhoe,WVHO,2025-07-19T03:31:17Z,2025-07-19T03:13:00Z,ARR,bad,18.0
691,True,True,THE PAS,CHURCHILL,2025-07-18,23,Gillam,GILL,2025-07-19T04:14:54Z,2025-07-19T04:00:01Z,ARR,med,14.0
691,True,True,THE PAS,CHURCHILL,2025-07-18,24,Bird,BIRD,2025-07-19T05:27:37Z,2025-07-19T05:29:00Z,ARR,goo,-1.0
691,True,True,THE PAS,CHURCHILL,2025-07-18,25,Amery,AMRY,2025-07-19T06:10:28Z,2025-07-19T05:51:00Z,ARR,bad,19.0
691,True,True,THE PAS,CHURCHILL,2025-07-18,26,Weir River,WEIR,2025-07-19T07:09:31Z,2025-07-19T06:43:00Z,ARR,bad,26.0
691,True,True,THE PAS,CHURCHILL,2025-07-18,27,Thibaudeau,THIB,2025-07-19T07:56:51Z,2025-07-19T08:00:00Z,ARR,goo,-3.0
691,True,True,THE PAS,CHURCHILL,2025-07-18,28,Herchmer,HERC,2025-07-19T09:26:00Z,2025-07-19T09:26:00Z,ARR,goo,0.0
691,True,True,THE PAS,CHURCHILL,2025-07-18,29,O'Day,ODAY,2025-07-19T10:05:00Z,2025-07-19T10:05:00Z,ARR,goo,0.0
691,True,True,THE PAS,CHURCHILL,2025-07-18,30,M'Clintock,MCLI,2025-07-19T10:50:00Z,2025-07-19T10:50:00Z,ARR,goo,0.0
691,True,True,THE PAS,CHURCHILL,2025-07-18,31,Chesnaye,CHES,2025-07-19T11:01:07Z,2025-07-19T12:06:00Z,ARR,goo,-64.0
691,True,True,THE PAS,CHURCHILL,2025-07-18,32,Tidal,TIDL,2025-07-19T12:13:27Z,2025-07-19T13:37:00Z,ARR,goo,-83.0
691,True,True,THE PAS,CHURCHILL,2025-07-18,33,Churchill,CHUR,2025-07-19T13:04:28Z,2025-07-19T14:00:00Z,ARR,goo,-55.0
5,True,False,JASPER,PRINCE RUPERT,2025-07-18,0,Jasper,JASP,2025-07-18T16:50:49Z,2025-07-18T16:45:00Z,ARR,med,5.0
5,True,False,JASPER,PRINCE RUPERT,2025-07-18,1,Harvey,HRVY,2025-07-18T18:34:41Z,2025-07-18T18:38:00Z,ARR,goo,-3.0
5,True,False,JASPER,PRINCE RUPERT,2025-07-18,2,Dunster,DNST,2025-07-18T19:06:28Z,2025-07-18T19:12:00Z,ARR,goo,-5.0
5,True,False,JASPER,PRINCE RUPERT,2025-07-18,3,Mcbride,MCBR,2025-07-18T19:58:40Z,2025-07-18T19:44:00Z,ARR,med,14.0
5,True,False,JASPER,PRINCE RUPERT,2025-07-18,4,Goat River,GOAT,2025-07-18T20:51:26Z,2025-07-18T20:41:00Z,ARR,med,10.0
5,True,False,JASPER,PRINCE RUPERT,2025-07-18,5,Loos,LOOS,2025-07-18T21:06:49Z,2025-07-18T20:58:00Z,ARR,med,8.0
5,True,False,JASPER,PRINCE RUPERT,2025-07-18,6,Dome Creek,DOMC,2025-07-18T21:57:06Z,2025-07-18T21:32:00Z,ARR,bad,25.0
5,True,False,JASPER,PRINCE RUPERT,2025-07-18,7,Bend,BEND,2025-07-18T22:00:37Z,2025-07-18T21:36:00Z,ARR,bad,24.0
5,True,False,JASPER,PRINCE RUPERT,2025-07-18,8,Penny,PENN,2025-07-18T22:17:54Z,2025-07-18T21:56:00Z,ARR,bad,21.0
5,True,False,JASPER,PRINCE RUPERT,2025-07-18,9,Longworth,LWTH,2025-07-18T22:29:44Z,2025-07-18T22:11:00Z,ARR,bad,18.0
5,True,False,JASPER,PRINCE RUPERT,2025-07-18,10,Hutton,HUTT,2025-07-18T22:42:44Z,2025-07-18T22:24:00Z,ARR,bad,18.0
5,True,False,JASPER,PRINCE RUPERT,2025-07-18,11,Sinclair Mills,SINM,2025-07-18T22:48:44Z,2025-07-18T22:30:00Z,ARR,bad,18.0
5,True,False,JASPER,PRINCE RUPERT,2025-07-18,12,Mcgregor,MCGR,2025-07-18T22:56:54Z,2025-07-18T22:43:00Z,ARR,med,13.0
5,True,False,JASPER,PRINCE RUPERT,2025-07-18,13,Upper Fraser,UFRZ,2025-07-18T23:05:54Z,2025-07-18T22:52:00Z,ARR,med,13.0
5,True,False,JASPER,PRINCE RUPERT,2025-07-18,14,Aleza Lake,ALZL,2025-07-18T23:09:15Z,2025-07-18T23:01:00Z,ARR,med,8.0
5,True,False,JASPER,PRINCE RUPERT,2025-07-18,15,Willow River,WILR,2025-07-18T23:47:04Z,2025-07-18T23:31:00Z,ARR,bad,16.0
5,True,False,JASPER,PRINCE RUPERT,2025-07-18,16,Prince George,PGEO,2025-07-19T00:16:12Z,2025-07-19T00:08:00Z,ARR,med,8.0
5,True,False,JASPER,PRINCE RUPERT,2025-07-18,17,Vanderhoof,VDRH,2025-07-19T16:49:44Z,2025-07-19T16:55:00Z,ARR,goo,-5.0
5,True,False,JASPER,PRINCE RUPERT,2025-07-18,18,Fort Fraser,FFRA,2025-07-19T17:25:31Z,2025-07-19T17:32:00Z,ARR,goo,-6.0
5,True,False,JASPER,PRINCE RUPERT,2025-07-18,19,Endako,ENDA,2025-07-19T17:52:35Z,2025-07-19T17:50:00Z,ARR,goo,2.0
5,True,False,JASPER,PRINCE RUPERT,2025-07-18,20,Burns Lake,BRNL,2025-07-19T19:12:15Z,2025-07-19T18:58:00Z,ARR,med,14.0
5,True,False,JASPER,PRINCE RUPERT,2025-07-18,21,Houston,HOUS,2025-07-19T20:32:04Z,2025-07-19T20:08:00Z,ARR,bad,24.0
5,True,False,JASPER,PRINCE RUPERT,2025-07-18,22,Telkwa,TELK,2025-07-19T21:30:16Z,2025-07-19T20:52:00Z,ARR,bad,38.0
5,True,False,JASPER,PRINCE RUPERT,2025-07-18,23,Smithers,SMTR,2025-07-19T21:43:53Z,2025-07-19T21:10:00Z,ARR,bad,33.0
5,True,False,JASPER,PRINCE RUPERT,2025-07-18,24,New Hazelton,NHAZ,2025-07-19T23:33:52Z,2025-07-19T22:37:00Z,ARR,bad,56.0
5,True,False,JASPER,PRINCE RUPERT,2025-07-18,25,Kitwanga,KITW,2025-07-20T00:17:01Z,2025-07-19T23:27:00Z,ARR,bad,50.0
5,True,False,JASPER,PRINCE RUPERT,2025-07-18,26,Cedarvale,CEDA,2025-07-20T00:40:03Z,2025-07-19T23:51:00Z,ARR,bad,49.0
5,True,False,JASPER,PRINCE RUPERT,2025-07-18,27,Dorreen,DORR,2025-07-20T01:09:20Z,2025-07-20T00:12:00Z,ARR,bad,57.0
5,True,False,JASPER,PRINCE RUPERT,2025-07-18,28,Pacific,PACI,2025-07-20T01:16:48Z,2025-07-20T00:21:00Z,ARR,bad,55.0
5,True,False,JASPER,PRINCE RUPERT,2025-07-18,29,Usk,USKX,2025-07-20T01:35:35Z,2025-07-20T00:40:00Z,ARR,bad,55.0
5,True,False,JASPER,PRINCE RUPERT,2025-07-18,30,Terrace,TRRC,2025-07-20T01:52:25Z,2025-07-20T01:00:00Z,ARR,bad,52.0
5,True,False,JASPER,PRINCE RUPERT,2025-07-18,31,Kwinitsa,KWIN,2025-07-20T03:01:53Z,2025-07-20T02:09:00Z,ARR,bad,52.0
5,True,False,JASPER,PRINCE RUPERT,2025-07-18,32,Cassiar Cannery,CASS,2025-07-20T03:38:43Z,2025-07-20T02:45:00Z,ARR,bad,53.0
5,True,False,JASPER,PRINCE RUPERT,2025-07-18,33,Prince Rupert,PRUP,2025-07-20T04:18:43Z,2025-07-20T03:25:00Z,34 mins,bad,53.0
14,True,True,MONTRÉAL,HALIFAX,2025-07-18,0,Montréal,MTRL,2025-07-18T22:43:00Z,2025-07-18T22:30:00Z,ARR,med,13.0
14,True,True,MONTRÉAL,HALIFAX,2025-07-18,1,St. Lambert,SLAM,2025-07-18T23:13:46Z,2025-07-18T22:45:00Z,ARR,bad,28.0
14,True,True,MONTRÉAL,HALIFAX,2025-07-18,2,St. Hyacinthe,SHYA,2025-07-18T23:50:12Z,2025-07-18T23:23:00Z,ARR,bad,27.0
14,True,True,MONTRÉAL,HALIFAX,2025-07-18,3,Drummondville,DRMV,2025-07-19T00:29:56Z,2025-07-19T00:04:00Z,ARR,bad,25.0
14,True,True,MONTRÉAL,HALIFAX,2025-07-18,4,Ste-Foy,SFOY,2025-07-19T02:30:48Z,2025-07-19T01:48:00Z,ARR,bad,42.0
14,True,True,MONTRÉAL,HALIFAX,2025-07-18,5,Montmagny,MMGY,2025-07-19T04:19:51Z,2025-07-19T03:17:00Z,ARR,bad,62.0
14,True,True,MONTRÉAL,HALIFAX,2025-07-18,6,La Pocatière,LPOC,2025-07-19T05:02:16Z,2025-07-19T03:50:00Z,ARR,bad,72.0
14,True,True,MONTRÉAL,HALIFAX,2025-07-18,7,Rivière-Du-Loup,RDLX,2025-07-19T05:47:25Z,2025-07-19T04:31:00Z,ARR,bad,76.0
14,True,True,MONTRÉAL,HALIFAX,2025-07-18,8,Trois Pistoles,TPIS,2025-07-19T06:34:25Z,2025-07-19T05:15:00Z,ARR,bad,79.0
14,True,True,MONTRÉAL,HALIFAX,2025-07-18,9,Rimouski,RMSK,2025-07-19T08:03:44Z,2025-07-19T06:24:00Z,ARR,bad,99.0
14,True,True,MONTRÉAL,HALIFAX,2025-07-18,10,Mont-Joli,MJLI,2025-07-19T08:42:34Z,2025-07-19T07:04:00Z,ARR,bad,98.0
14,True,True,MONTRÉAL,HALIFAX,2025-07-18,11,Sayabec,SAYA,2025-07-19T10:08:44Z,2025-07-19T08:09:00Z,ARR,bad,119.0
14,True,True,MONTRÉAL,HALIFAX,2025-07-18,12,Amqui,AMQU,2025-07-19T10:43:09Z,2025-07-19T08:30:00Z,ARR,bad,133.0
14,True,True,MONTRÉAL,HALIFAX,2025-07-18,13,Causapscal,CAUS,2025-07-19T11:10:41Z,2025-07-19T08:52:00Z,ARR,bad,138.0
14,True,True,MONTRÉAL,HALIFAX,2025-07-18,14,Matapedia,MTPD,2025-07-19T12:18:24Z,2025-07-19T09:38:00Z,ARR,bad,160.0
14,True,True,MONTRÉAL,HALIFAX,2025-07-18,15,Campbellton,CBTN,2025-07-19T12:54:41Z,2025-07-19T10:23:00Z,ARR,bad,151.0
14,True,True,MONTRÉAL,HALIFAX,2025-07-18,16,Charlo,CHLO,2025-07-19T14:01:49Z,2025-07-19T11:06:00Z,ARR,bad,175.0
14,True,True,MONTRÉAL,HALIFAX,2025-07-18,17,Jacquet River,JACR,2025-07-19T14:54:29Z,2025-07-19T11:30:00Z,ARR,bad,204.0
14,True,True,MONTRÉAL,HALIFAX,2025-07-18,18,Petit Rocher,PROC,2025-07-19T15:34:46Z,2025-07-19T11:53:00Z,ARR,bad,221.0
14,True,True,MONTRÉAL,HALIFAX,2025-07-18,19,Bathurst,BTRS,2025-07-19T16:00:10Z,2025-07-19T12:42:00Z,ARR,bad,198.0
14,True,True,MONTRÉAL,HALIFAX,2025-07-18,20,Miramichi,MIRA,2025-07-19T17:44:49Z,2025-07-19T14:33:00Z,ARR,bad,191.0
14,True,True,MONTRÉAL,HALIFAX,2025-07-18,21,Rogersville,RGRV,2025-07-19T18:37:57Z,2025-07-19T15:28:00Z,ARR,bad,189.0
14,True,True,MONTRÉAL,HALIFAX,2025-07-18,22,Moncton,MCTN,2025-07-19T19:57:59Z,2025-07-19T16:38:00Z,ARR,bad,199.0
14,True,True,MONTRÉAL,HALIFAX,2025-07-18,23,Sackville,SACK,2025-07-19T21:10:34Z,2025-07-19T17:38:00Z,ARR,bad,212.0
14,True,True,MONTRÉAL,HALIFAX,2025-07-18,24,Amherst,AMHS,2025-07-19T21:25:15Z,2025-07-19T17:54:00Z,ARR,bad,211.0
14,True,True,MONTRÉAL,HALIFAX,2025-07-18,25,Springhill Jct,SPRJ,2025-07-19T21:51:30Z,2025-07-19T18:18:00Z,ARR,bad,213.0
14,True,True,MONTRÉAL,HALIFAX,2025-07-18,26,Truro,TRUR,2025-07-19T23:00:28Z,2025-07-19T19:32:00Z,ARR,bad,208.0
14,True,True,MONTRÉAL,HALIFAX,2025-07-18,27,Halifax,HLFX,2025-07-20T00:41:51Z,2025-07-19T21:06:00Z,ARR,bad,215.0
24,True,True,OTTAWA,QUÉBEC,2025-07-19,0,Ottawa,OTTW,2025-07-19T14:13:00Z,2025-07-19T14:13:00Z,ARR,goo,0.0
24,True,True,OTTAWA,QUÉBEC,2025-07-19,1,Alexandria,ALEX,2025-07-19T14:59:37Z,2025-07-19T15:03:00Z,ARR,goo,-3.0
24,True,True,OTTAWA,QUÉBEC,2025-07-19,2,Coteau,COTO,2025-07-19T15:20:34Z,2025-07-19T15:26:00Z,ARR,goo,-5.0
24,True,True,OTTAWA,QUÉBEC,2025-07-19,3,Dorval,DORV,2025-07-19T15:46:47Z,2025-07-19T15:50:00Z,ARR,goo,-3.0
24,True,True,OTTAWA,QUÉBEC,2025-07-19,4,Montréal,MTRL,2025-07-19T16:14:07Z,2025-07-19T16:15:00Z,ARR,goo,0.0
24,True,True,OTTAWA,QUÉBEC,2025-07-19,5,St. Lambert,SLAM,2025-07-19T17:01:53Z,2025-07-19T16:58:00Z,ARR,goo,3.0
24,True,True,OTTAWA,QUÉBEC,2025-07-19,6,St. Hyacinthe,SHYA,2025-07-19T17:26:54Z,2025-07-19T17:26:00Z,ARR,goo,0.0
24,True,True,OTTAWA,QUÉBEC,2025-07-19,7,Drummondville,DRMV,2025-07-19T18:18:18Z,2025-07-19T17:54:00Z,ARR,bad,24.0
24,True,True,OTTAWA,QUÉBEC,2025-07-19,8,Charny,CHNY,2025-07-19T19:36:39Z,2025-07-19T19:38:00Z,ARR,goo,-1.0
24,True,True,OTTAWA,QUÉBEC,2025-07-19,9,Ste-Foy,SFOY,2025-07-19T20:04:51Z,2025-07-19T19:45:00Z,ARR,bad,19.0
24,True,True,OTTAWA,QUÉBEC,2025-07-19,10,Québec,QBEC,2025-07-19T20:39:00Z,2025-07-19T20:12:00Z,ARR,bad,27.0
37,True,True,QUÉBEC,OTTAWA,2025-07-19,0,Québec,QBEC,2025-07-19T16:36:06Z,2025-07-19T16:32:00Z,ARR,goo,4.0
37,True,True,QUÉBEC,OTTAWA,2025-07-19,1,Ste-Foy,SFOY,2025-07-19T17:10:55Z,2025-07-19T16:57:00Z,ARR,med,13.0
37,True,True,QUÉBEC,OTTAWA,2025-07-19,2,Drummondville,DRMV,2025-07-19T19:18:02Z,2025-07-19T18:44:00Z,ARR,bad,34.0
37,True,True,QUÉBEC,OTTAWA,2025-07-19,3,St. Hyacinthe,SHYA,2025-07-19T19:54:03Z,2025-07-19T19:12:00Z,ARR,bad,42.0
37,True,True,QUÉBEC,OTTAWA,2025-07-19,4,St. Lambert,SLAM,2025-07-19T20:26:30Z,2025-07-19T19:39:00Z,ARR,bad,47.0
37,True,True,QUÉBEC,OTTAWA,2025-07-19,5,Montréal,MTRL,2025-07-19T20:39:40Z,2025-07-19T19:54:00Z,ARR,bad,45.0
37,True,True,QUÉBEC,OTTAWA,2025-07-19,6,Dorval,DORV,2025-07-19T21:23:59Z,2025-07-19T20:54:00Z,ARR,bad,29.0
37,True,True,QUÉBEC,OTTAWA,2025-07-19,7,Coteau,COTO,2025-07-19T21:54:24Z,2025-07-19T21:23:00Z,ARR,bad,31.0
37,True,True,QUÉBEC,OTTAWA,2025-07-19,8,Alexandria,ALEX,2025-07-19T22:16:59Z,2025-07-19T21:45:00Z,ARR,bad,31.0
37,True,True,QUÉBEC,OTTAWA,2025-07-19,9,Ottawa,OTTW,2025-07-19T23:03:35Z,2025-07-19T22:37:00Z,ARR,bad,26.0
41,True,True,OTTAWA,TORONTO,2025-07-19,0,Ottawa,OTTW,2025-07-19T09:21:00Z,2025-07-19T09:21:00Z,ARR,goo,0.0
41,True,True,OTTAWA,TORONTO,2025-07-19,1,Fallowfield,FALL,2025-07-19T09:36:29Z,2025-07-19T09:38:00Z,ARR,goo,-1.0
41,True,True,OTTAWA,TORONTO,2025-07-19,2,Smiths Falls,SMTF,2025-07-19T10:06:03Z,2025-07-19T10:08:00Z,ARR,goo,-1.0
41,True,True,OTTAWA,TORONTO,2025-07-19,3,Brockville,BRKV,2025-07-19T10:38:45Z,2025-07-19T10:40:00Z,ARR,goo,-1.0
41,True,True,OTTAWA,TORONTO,2025-07-19,4,Kingston,KGON,2025-07-19T11:33:00Z,2025-07-19T11:25:00Z,ARR,med,8.0
41,True,True,OTTAWA,TORONTO,2025-07-19,5,Napanee,NAPN,2025-07-19T12:00:07Z,2025-07-19T11:49:00Z,ARR,med,11.0
41,True,True,OTTAWA,TORONTO,2025-07-19,6,Belleville,BLVL,2025-07-19T12:25:19Z,2025-07-19T12:07:00Z,ARR,bad,18.0
41,True,True,OTTAWA,TORONTO,2025-07-19,7,Trenton Jct.,TRNJ,2025-07-19T12:44:29Z,2025-07-19T12:20:00Z,ARR,bad,24.0
41,True,True,OTTAWA,TORONTO,2025-07-19,8,Cobourg,CBRG,2025-07-19T13:18:04Z,2025-07-19T12:44:00Z,ARR,bad,34.0
41,True,True,OTTAWA,TORONTO,2025-07-19,9,Oshawa,OSHA,2025-07-19T14:02:19Z,2025-07-19T13:19:00Z,ARR,bad,43.0
41,True,True,OTTAWA,TORONTO,2025-07-19,10,Toronto,TRTO,2025-07-19T14:40:01Z,2025-07-19T14:02:00Z,ARR,bad,38.0
50,True,True,TORONTO,OTTAWA,2025-07-19,0,Toronto,TRTO,2025-07-19T10:32:00Z,2025-07-19T10:32:00Z,ARR,goo,0.0
50,True,True,TORONTO,OTTAWA,2025-07-19,1,Guildwood,GUIL,2025-07-19T10:48:31Z,2025-07-19T10:50:00Z,ARR,goo,-1.0
50,True,True,TORONTO,OTTAWA,2025-07-19,2,Oshawa,OSHA,2025-07-19T11:08:04Z,2025-07-19T11:08:00Z,ARR,goo,0.0
50,True,True,TORONTO,OTTAWA,2025-07-19,3,Cobourg,CBRG,2025-07-19T11:43:42Z,2025-07-19T11:43:00Z,ARR,goo,0.0
50,True,True,TORONTO,OTTAWA,2025-07-19,4,Belleville,BLVL,2025-07-19T12:17:24Z,2025-07-19T12:18:00Z,ARR,goo,0.0
50,True,True,TORONTO,OTTAWA,2025-07-19,5,Kingston,KGON,2025-07-19T12:57:49Z,2025-07-19T12:57:00Z,ARR,goo,0.0
50,True,True,TORONTO,OTTAWA,2025-07-19,6,Brockville,BRKV,2025-07-19T14:08:36Z,2025-07-19T13:54:00Z,ARR,med,14.0
50,True,True,TORONTO,OTTAWA,2025-07-19,7,Smiths Falls,SMTF,2025-07-19T14:29:41Z,2025-07-19T14:29:00Z,ARR,goo,0.0
50,True,True,TORONTO,OTTAWA,2025-07-19,8,Fallowfield,FALL,2025-07-19T15:08:25Z,2025-07-19T15:01:00Z,ARR,med,7.0
50,True,True,TORONTO,OTTAWA,2025-07-19,9,Ottawa,OTTW,2025-07-19T15:27:49Z,2025-07-19T15:21:00Z,ARR,med,6.0
52,True,True,TORONTO,OTTAWA,2025-07-19,0,Toronto,TRTO,2025-07-19T12:32:00Z,2025-07-19T12:32:00Z,ARR,goo,0.0
52,True,True,TORONTO,OTTAWA,2025-07-19,1,Guildwood,GUIL,2025-07-19T12:48:30Z,2025-07-19T12:50:00Z,ARR,goo,-1.0
52,True,True,TORONTO,OTTAWA,2025-07-19,2,Oshawa,OSHA,2025-07-19T13:07:10Z,2025-07-19T13:09:00Z,ARR,goo,-1.0
52,True,True,TORONTO,OTTAWA,2025-07-19,3,Cobourg,CBRG,2025-07-19T13:47:49Z,2025-07-19T13:44:00Z,ARR,goo,3.0
52,True,True,TORONTO,OTTAWA,2025-07-19,4,Belleville,BLVL,2025-07-19T14:27:08Z,2025-07-19T14:20:00Z,ARR,med,7.0
52,True,True,TORONTO,OTTAWA,2025-07-19,5,Kingston,KGON,2025-07-19T15:08:41Z,2025-07-19T15:00:00Z,ARR,med,8.0
52,True,True,TORONTO,OTTAWA,2025-07-19,6,Brockville,BRKV,2025-07-19T15:54:41Z,2025-07-19T15:57:00Z,ARR,goo,-2.0
52,True,True,TORONTO,OTTAWA,2025-07-19,7,Smiths Falls,SMTF,2025-07-19T16:37:00Z,2025-07-19T16:35:00Z,ARR,goo,2.0
52,True,True,TORONTO,OTTAWA,2025-07-19,8,Fallowfield,FALL,2025-07-19T17:07:51Z,2025-07-19T17:11:00Z,ARR,goo,-3.0
52,True,True,TORONTO,OTTAWA,2025-07-19,9,Ottawa,OTTW,2025-07-19T17:26:38Z,2025-07-19T17:32:00Z,ARR,goo,-5.0
53,True,True,OTTAWA,TORONTO,2025-07-19,0,Ottawa,OTTW,2025-07-19T15:43:00Z,2025-07-19T15:43:00Z,ARR,goo,0.0
53,True,True,OTTAWA,TORONTO,2025-07-19,1,Fallowfield,FALL,2025-07-19T15:58:26Z,2025-07-19T16:00:00Z,ARR,goo,-1.0
53,True,True,OTTAWA,TORONTO,2025-07-19,2,Brockville,BRKV,2025-07-19T16:59:07Z,2025-07-19T17:01:00Z,ARR,goo,-1.0
53,True,True,OTTAWA,TORONTO,2025-07-19,3,Gananoque,GANA,2025-07-19T17:33:44Z,2025-07-19T17:31:00Z,ARR,goo,2.0
53,True,True,OTTAWA,TORONTO,2025-07-19,4,Kingston,KGON,2025-07-19T17:57:52Z,2025-07-19T17:54:00Z,ARR,goo,3.0
53,True,True,OTTAWA,TORONTO,2025-07-19,5,Belleville,BLVL,2025-07-19T18:46:23Z,2025-07-19T18:36:00Z,ARR,med,10.0
53,True,True,OTTAWA,TORONTO,2025-07-19,6,Cobourg,CBRG,2025-07-19T19:28:00Z,2025-07-19T19:12:00Z,ARR,bad,16.0
53,True,True,OTTAWA,TORONTO,2025-07-19,7,Oshawa,OSHA,2025-07-19T20:10:53Z,2025-07-19T19:48:00Z,ARR,bad,22.0
53,True,True,OTTAWA,TORONTO,2025-07-19,8,Toronto,TRTO,2025-07-19T20:46:39Z,2025-07-19T20:33:00Z,ARR,med,13.0
60,True,True,TORONTO,MONTRÉAL,2025-07-19,0,Toronto,TRTO,2025-07-19T10:32:00Z,2025-07-19T10:32:00Z,ARR,goo,0.0
60,True,True,TORONTO,MONTRÉAL,2025-07-19,1,Guildwood,GUIL,2025-07-19T10:48:20Z,2025-07-19T10:50:00Z,ARR,goo,-1.0
60,True,True,TORONTO,MONTRÉAL,2025-07-19,2,Oshawa,OSHA,2025-07-19T11:07:30Z,2025-07-19T11:08:00Z,ARR,goo,0.0
60,True,True,TORONTO,MONTRÉAL,2025-07-19,3,Cobourg,CBRG,2025-07-19T11:43:30Z,2025-07-19T11:43:00Z,ARR,goo,0.0
60,True,True,TORONTO,MONTRÉAL,2025-07-19,4,Belleville,BLVL,2025-07-19T12:17:17Z,2025-07-19T12:18:00Z,ARR,goo,0.0
60,True,True,TORONTO,MONTRÉAL,2025-07-19,5,Kingston,KGON,2025-07-19T12:57:42Z,2025-07-19T12:57:00Z,ARR,goo,0.0
60,True,True,TORONTO,MONTRÉAL,2025-07-19,6,Cornwall,CWLL,2025-07-19T14:32:14Z,2025-07-19T14:38:00Z,ARR,goo,-5.0
60,True,True,TORONTO,MONTRÉAL,2025-07-19,7,Dorval,DORV,2025-07-19T15:39:08Z,2025-07-19T15:25:00Z,ARR,med,14.0
60,True,True,TORONTO,MONTRÉAL,2025-07-19,8,Montréal,MTRL,2025-07-19T16:06:06Z,2025-07-19T15:50:00Z,ARR,bad,16.0
61,True,True,MONTRÉAL,TORONTO,2025-07-19,0,Montréal,MTRL,2025-07-19T10:45:00Z,2025-07-19T10:45:00Z,ARR,goo,0.0
61,True,True,MONTRÉAL,TORONTO,2025-07-19,1,Dorval,DORV,2025-07-19T11:15:16Z,2025-07-19T11:08:00Z,ARR,med,7.0
61,True,True,MONTRÉAL,TORONTO,2025-07-19,2,Cornwall,CWLL,2025-07-19T12:09:36Z,2025-07-19T12:01:00Z,ARR,med,8.0
61,True,True,MONTRÉAL,TORONTO,2025-07-19,3,Kingston,KGON,2025-07-19T13:37:50Z,2025-07-19T13:29:00Z,ARR,med,8.0
61,True,True,MONTRÉAL,TORONTO,2025-07-19,4,Belleville,BLVL,2025-07-19T14:28:14Z,2025-07-19T14:11:00Z,ARR,bad,17.0
61,True,True,MONTRÉAL,TORONTO,2025-07-19,5,Oshawa,OSHA,2025-07-19T15:45:02Z,2025-07-19T15:19:00Z,ARR,bad,26.0
61,True,True,MONTRÉAL,TORONTO,2025-07-19,6,Guildwood,GUIL,2025-07-19T16:06:47Z,2025-07-19T15:43:00Z,ARR,bad,23.0
61,True,True,MONTRÉAL,TORONTO,2025-07-19,7,Toronto,TRTO,2025-07-19T16:27:16Z,2025-07-19T16:03:00Z,ARR,bad,24.0
65,True,True,MONTRÉAL,TORONTO,2025-07-19,0,Montréal,MTRL,2025-07-19T14:49:00Z,2025-07-19T14:49:00Z,ARR,goo,0.0
65,True,True,MONTRÉAL,TORONTO,2025-07-19,1,Dorval,DORV,2025-07-19T15:14:38Z,2025-07-19T15:12:00Z,ARR,goo,2.0
65,True,True,MONTRÉAL,TORONTO,2025-07-19,2,Cornwall,CWLL,2025-07-19T16:02:44Z,2025-07-19T16:06:00Z,ARR,goo,-3.0
65,True,True,MONTRÉAL,TORONTO,2025-07-19,3,Kingston,KGON,2025-07-19T17:28:31Z,2025-07-19T17:36:00Z,ARR,goo,-7.0
65,True,True,MONTRÉAL,TORONTO,2025-07-19,4,Belleville,BLVL,2025-07-19T18:17:28Z,2025-07-19T18:20:00Z,ARR,goo,-2.0
65,True,True,MONTRÉAL,TORONTO,2025-07-19,5,Cobourg,CBRG,2025-07-19T18:54:09Z,2025-07-19T18:58:00Z,ARR,goo,-3.0
65,True,True,MONTRÉAL,TORONTO,2025-07-19,6,Oshawa,OSHA,2025-07-19T19:30:07Z,2025-07-19T19:34:00Z,ARR,goo,-3.0
65,True,True,MONTRÉAL,TORONTO,2025-07-19,7,Toronto,TRTO,2025-07-19T20:24:58Z,2025-07-19T20:18:00Z,ARR,med,6.0
67,True,True,MONTRÉAL,TORONTO,2025-07-19,0,Montréal,MTRL,2025-07-19T17:27:25Z,2025-07-19T17:22:00Z,ARR,med,5.0
67,True,True,MONTRÉAL,TORONTO,2025-07-19,1,Dorval,DORV,2025-07-19T17:59:04Z,2025-07-19T17:47:00Z,ARR,med,12.0
67,True,True,MONTRÉAL,TORONTO,2025-07-19,2,Cornwall,CWLL,2025-07-19T18:54:42Z,2025-07-19T18:38:00Z,ARR,bad,16.0
67,True,True,MONTRÉAL,TORONTO,2025-07-19,3,Kingston,KGON,2025-07-19T20:20:51Z,2025-07-19T20:03:00Z,ARR,bad,17.0
67,True,True,MONTRÉAL,TORONTO,2025-07-19,4,Belleville,BLVL,2025-07-19T21:06:07Z,2025-07-19T20:42:00Z,ARR,bad,24.0
67,True,True,MONTRÉAL,TORONTO,2025-07-19,5,Cobourg,CBRG,2025-07-19T21:40:45Z,2025-07-19T21:17:00Z,ARR,bad,23.0
67,True,True,MONTRÉAL,TORONTO,2025-07-19,6,Oshawa,OSHA,2025-07-19T22:15:31Z,2025-07-19T21:50:00Z,ARR,bad,25.0
67,True,True,MONTRÉAL,TORONTO,2025-07-19,7,Toronto,TRTO,2025-07-19T23:07:30Z,2025-07-19T22:45:00Z,ARR,bad,22.0
64,True,True,TORONTO,MONTRÉAL,2025-07-19,0,Toronto,TRTO,2025-07-19T15:38:38Z,2025-07-19T15:38:00Z,ARR,goo,0.0
64,True,True,TORONTO,MONTRÉAL,2025-07-19,1,Guildwood,GUIL,2025-07-19T15:55:52Z,2025-07-19T15:55:00Z,ARR,goo,0.0
64,True,True,TORONTO,MONTRÉAL,2025-07-19,2,Oshawa,OSHA,2025-07-19T16:14:10Z,2025-07-19T16:09:00Z,ARR,med,5.0
64,True,True,TORONTO,MONTRÉAL,2025-07-19,3,Cobourg,CBRG,2025-07-19T16:49:04Z,2025-07-19T16:46:00Z,ARR,goo,3.0
64,True,True,TORONTO,MONTRÉAL,2025-07-19,4,Belleville,BLVL,2025-07-19T17:24:56Z,2025-07-19T17:22:00Z,ARR,goo,2.0
64,True,True,TORONTO,MONTRÉAL,2025-07-19,5,Kingston,KGON,2025-07-19T18:07:07Z,2025-07-19T18:03:00Z,ARR,goo,4.0
64,True,True,TORONTO,MONTRÉAL,2025-07-19,6,Brockville,BRKV,2025-07-19T18:51:11Z,2025-07-19T18:52:00Z,ARR,goo,0.0
64,True,True,TORONTO,MONTRÉAL,2025-07-19,7,Cornwall,CWLL,2025-07-19T19:46:51Z,2025-07-19T19:42:00Z,ARR,goo,4.0
64,True,True,TORONTO,MONTRÉAL,2025-07-19,8,Dorval,DORV,2025-07-19T20:38:06Z,2025-07-19T20:37:00Z,ARR,goo,1.0
64,True,True,TORONTO,MONTRÉAL,2025-07-19,9,Montréal,MTRL,2025-07-19T21:16:15Z,2025-07-19T21:05:00Z,ARR,med,11.0
70,True,True,WINDSOR,TORONTO,2025-07-19,0,Windsor,WDON,2025-07-19T09:44:00Z,2025-07-19T09:35:00Z,ARR,med,9.0
70,True,True,WINDSOR,TORONTO,2025-07-19,1,Chatham,CHAT,2025-07-19T10:26:32Z,2025-07-19T10:19:00Z,ARR,med,7.0
70,True,True,WINDSOR,TORONTO,2025-07-19,2,London,LNDN,2025-07-19T11:37:27Z,2025-07-19T11:25:00Z,ARR,med,12.0
70,True,True,WINDSOR,TORONTO,2025-07-19,3,Ingersoll,INGR,2025-07-19T12:05:58Z,2025-07-19T11:55:00Z,ARR,med,10.0
70,True,True,WINDSOR,TORONTO,2025-07-19,4,Woodstock,WDST,2025-07-19T12:16:29Z,2025-07-19T12:08:00Z,ARR,med,8.0
70,True,True,WINDSOR,TORONTO,2025-07-19,5,Brantford,BRTF,2025-07-19T12:45:06Z,2025-07-19T12:44:00Z,ARR,goo,1.0
70,True,True,WINDSOR,TORONTO,2025-07-19,6,Aldershot,ALDR,2025-07-19T13:22:41Z,2025-07-19T13:25:00Z,ARR,goo,-2.0
70,True,True,WINDSOR,TORONTO,2025-07-19,7,Oakville,OAKV,2025-07-19T13:43:44Z,2025-07-19T13:43:00Z,ARR,goo,0.0
70,True,True,WINDSOR,TORONTO,2025-07-19,8,Toronto,TRTO,2025-07-19T14:08:37Z,2025-07-19T14:10:00Z,ARR,goo,-1.0
71,True,True,TORONTO,WINDSOR,2025-07-19,0,Toronto,TRTO,2025-07-19T10:50:00Z,2025-07-19T10:50:00Z,ARR,goo,0.0
71,True,True,TORONTO,WINDSOR,2025-07-19,1,Oakville,OAKV,2025-07-19T11:13:13Z,2025-07-19T11:13:00Z,ARR,goo,0.0
71,True,True,TORONTO,WINDSOR,2025-07-19,2,Aldershot,ALDR,2025-07-19T11:29:33Z,2025-07-19T11:29:00Z,ARR,goo,0.0
71,True,True,TORONTO,WINDSOR,2025-07-19,3,Brantford,BRTF,2025-07-19T12:14:14Z,2025-07-19T11:55:00Z,ARR,bad,19.0
71,True,True,TORONTO,WINDSOR,2025-07-19,4,Woodstock,WDST,2025-07-19T12:45:43Z,2025-07-19T12:30:00Z,ARR,bad,15.0
71,True,True,TORONTO,WINDSOR,2025-07-19,5,Ingersoll,INGR,2025-07-19T12:58:00Z,2025-07-19T12:43:00Z,ARR,bad,15.0
71,True,True,TORONTO,WINDSOR,2025-07-19,6,London,LNDN,2025-07-19T13:21:26Z,2025-07-19T13:06:00Z,ARR,bad,15.0
71,True,True,TORONTO,WINDSOR,2025-07-19,7,Glencoe,GLNC,2025-07-19T13:55:51Z,2025-07-19T13:39:00Z,ARR,bad,16.0
71,True,True,TORONTO,WINDSOR,2025-07-19,8,Chatham,CHAT,2025-07-19T14:44:41Z,2025-07-19T14:18:00Z,ARR,bad,26.0
71,True,True,TORONTO,WINDSOR,2025-07-19,9,Windsor,WDON,2025-07-19T15:28:03Z,2025-07-19T15:08:00Z,ARR,bad,20.0
72,True,True,WINDSOR,TORONTO,2025-07-19,0,Windsor,WDON,2025-07-19T12:43:00Z,2025-07-19T12:43:00Z,ARR,goo,0.0
72,True,True,WINDSOR,TORONTO,2025-07-19,1,Chatham,CHAT,2025-07-19T13:25:23Z,2025-07-19T13:25:00Z,ARR,goo,0.0
72,True,True,WINDSOR,TORONTO,2025-07-19,2,Glencoe,GLNC,2025-07-19T14:13:27Z,2025-07-19T14:05:00Z,ARR,med,8.0
72,True,True,WINDSOR,TORONTO,2025-07-19,3,London,LNDN,2025-07-19T14:45:02Z,2025-07-19T14:39:00Z,ARR,med,6.0
72,True,True,WINDSOR,TORONTO,2025-07-19,4,Ingersoll,INGR,2025-07-19T15:16:10Z,2025-07-19T15:07:00Z,ARR,med,9.0
72,True,True,WINDSOR,TORONTO,2025-07-19,5,Woodstock,WDST,2025-07-19T15:29:55Z,2025-07-19T15:23:00Z,ARR,med,6.0
72,True,True,WINDSOR,TORONTO,2025-07-19,6,Brantford,BRTF,2025-07-19T16:01:22Z,2025-07-19T15:55:00Z,ARR,med,6.0
72,True,True,WINDSOR,TORONTO,2025-07-19,7,Aldershot,ALDR,2025-07-19T16:33:32Z,2025-07-19T16:29:00Z,ARR,goo,4.0
72,True,True,WINDSOR,TORONTO,2025-07-19,8,Oakville,OAKV,2025-07-19T16:53:41Z,2025-07-19T16:45:00Z,ARR,med,8.0
72,True,True,WINDSOR,TORONTO,2025-07-19,9,Toronto,TRTO,2025-07-19T17:19:29Z,2025-07-19T17:11:00Z,ARR,med,8.0
73,True,True,TORONTO,WINDSOR,2025-07-19,0,Toronto,TRTO,2025-07-19T15:30:00Z,2025-07-19T15:30:00Z,ARR,goo,0.0
73,True,True,TORONTO,WINDSOR,2025-07-19,1,Oakville,OAKV,2025-07-19T15:54:31Z,2025-07-19T15:51:00Z,ARR,goo,3.0
73,True,True,TORONTO,WINDSOR,2025-07-19,2,Aldershot,ALDR,2025-07-19T16:14:11Z,2025-07-19T16:09:00Z,ARR,med,5.0
73,True,True,TORONTO,WINDSOR,2025-07-19,3,Brantford,BRTF,2025-07-19T16:48:52Z,2025-07-19T16:40:00Z,ARR,med,8.0
73,True,True,TORONTO,WINDSOR,2025-07-19,4,Woodstock,WDST,2025-07-19T17:19:45Z,2025-07-19T17:09:00Z,ARR,med,10.0
73,True,True,TORONTO,WINDSOR,2025-07-19,5,London,LNDN,2025-07-19T17:51:50Z,2025-07-19T17:38:00Z,ARR,med,13.0
73,True,True,TORONTO,WINDSOR,2025-07-19,6,Chatham,CHAT,2025-07-19T19:15:22Z,2025-07-19T18:50:00Z,ARR,bad,25.0
73,True,True,TORONTO,WINDSOR,2025-07-19,7,Windsor,WDON,2025-07-19T20:01:23Z,2025-07-19T19:45:00Z,ARR,bad,16.0
76,True,True,WINDSOR,TORONTO,2025-07-19,0,Windsor,WDON,2025-07-19T17:06:00Z,2025-07-19T17:06:00Z,ARR,goo,0.0
76,True,True,WINDSOR,TORONTO,2025-07-19,1,Chatham,CHAT,2025-07-19T17:48:40Z,2025-07-19T17:48:00Z,ARR,goo,0.0
76,True,True,WINDSOR,TORONTO,2025-07-19,2,Glencoe,GLNC,2025-07-19T18:37:03Z,2025-07-19T18:23:00Z,ARR,med,14.0
76,True,True,WINDSOR,TORONTO,2025-07-19,3,London,LNDN,2025-07-19T19:12:37Z,2025-07-19T18:58:00Z,ARR,med,14.0
76,True,True,WINDSOR,TORONTO,2025-07-19,4,Brantford,BRTF,2025-07-19T20:11:39Z,2025-07-19T19:59:00Z,ARR,med,12.0
76,True,True,WINDSOR,TORONTO,2025-07-19,5,Aldershot,ALDR,2025-07-19T20:47:28Z,2025-07-19T20:30:00Z,ARR,bad,17.0
76,True,True,WINDSOR,TORONTO,2025-07-19,6,Oakville,OAKV,2025-07-19T21:10:16Z,2025-07-19T20:47:00Z,ARR,bad,23.0
76,True,True,WINDSOR,TORONTO,2025-07-19,7,Toronto,TRTO,2025-07-19T21:36:41Z,2025-07-19T21:13:00Z,ARR,bad,23.0
82,True,True,LONDON,TORONTO,2025-07-19,0,London,LNDN,2025-07-19T10:25:00Z,2025-07-19T10:25:00Z,ARR,goo,0.0
82,True,True,LONDON,TORONTO,2025-07-19,1,Woodstock,WDST,2025-07-19T10:54:11Z,2025-07-19T10:53:00Z,ARR,goo,1.0
82,True,True,LONDON,TORONTO,2025-07-19,2,Brantford,BRTF,2025-07-19T11:24:28Z,2025-07-19T11:23:00Z,ARR,goo,1.0
82,True,True,LONDON,TORONTO,2025-07-19,3,Toronto,TRTO,2025-07-19T12:29:38Z,2025-07-19T12:35:00Z,ARR,goo,-5.0
84,True,True,SARNIA,TORONTO,2025-07-19,0,Sarnia,SARN,2025-07-19T12:40:00Z,2025-07-19T12:40:00Z,ARR,goo,0.0
84,True,True,SARNIA,TORONTO,2025-07-19,1,Wyoming,WYOM,2025-07-19T12:58:24Z,2025-07-19T12:55:00Z,ARR,goo,3.0
84,True,True,SARNIA,TORONTO,2025-07-19,2,Strathroy,STRR,2025-07-19T13:25:11Z,2025-07-19T13:27:00Z,ARR,goo,-1.0
84,True,True,SARNIA,TORONTO,2025-07-19,3,London,LNDN,2025-07-19T13:53:05Z,2025-07-19T13:52:00Z,ARR,goo,1.0
84,True,True,SARNIA,TORONTO,2025-07-19,4,St.Marys,SMYS,2025-07-19T14:50:40Z,2025-07-19T14:45:00Z,ARR,med,5.0
84,True,True,SARNIA,TORONTO,2025-07-19,5,Stratford,STRF,2025-07-19T15:19:37Z,2025-07-19T15:14:00Z,ARR,med,5.0
84,True,True,SARNIA,TORONTO,2025-07-19,6,Kitchener,KITC,2025-07-19T16:10:19Z,2025-07-19T16:02:00Z,ARR,med,8.0
84,True,True,SARNIA,TORONTO,2025-07-19,7,Guelph,GUEL,2025-07-19T16:32:55Z,2025-07-19T16:24:00Z,ARR,med,8.0
84,True,True,SARNIA,TORONTO,2025-07-19,8,Georgetown,GEOR,2025-07-19T16:56:35Z,2025-07-19T16:47:00Z,ARR,med,9.0
84,True,True,SARNIA,TORONTO,2025-07-19,9,Brampton,BRMP,2025-07-19T17:08:45Z,2025-07-19T16:59:00Z,ARR,med,9.0
84,True,True,SARNIA,TORONTO,2025-07-19,10,Malton,MALT,2025-07-19T17:22:26Z,2025-07-19T17:11:00Z,ARR,med,11.0
84,True,True,SARNIA,TORONTO,2025-07-19,11,Toronto,TRTO,2025-07-19T17:41:27Z,2025-07-19T17:38:00Z,ARR,goo,3.0
643,True,True,OTTAWA,TORONTO,2025-07-19,0,Ottawa,OTTW,2025-07-19T12:29:00Z,2025-07-19T12:29:00Z,ARR,goo,0.0
643,True,True,OTTAWA,TORONTO,2025-07-19,1,Fallowfield,FALL,2025-07-19T12:45:23Z,2025-07-19T12:45:00Z,ARR,goo,0.0
643,True,True,OTTAWA,TORONTO,2025-07-19,2,Smiths Falls,SMTF,2025-07-19T13:16:19Z,2025-07-19T13:17:00Z,ARR,goo,0.0
643,True,True,OTTAWA,TORONTO,2025-07-19,3,Brockville,BRKV,2025-07-19T13:50:57Z,2025-07-19T13:49:00Z,ARR,goo,1.0
643,True,True,OTTAWA,TORONTO,2025-07-19,4,Kingston,KGON,2025-07-19T14:42:47Z,2025-07-19T14:32:00Z,ARR,med,10.0
643,True,True,OTTAWA,TORONTO,2025-07-19,5,Napanee,NAPN,2025-07-19T15:08:04Z,2025-07-19T14:57:00Z,ARR,med,11.0
643,True,True,OTTAWA,TORONTO,2025-07-19,6,Belleville,BLVL,2025-07-19T15:31:52Z,2025-07-19T15:17:00Z,ARR,med,14.0
643,True,True,OTTAWA,TORONTO,2025-07-19,7,Trenton Jct.,TRNJ,2025-07-19T15:46:11Z,2025-07-19T15:31:00Z,ARR,bad,15.0
643,True,True,OTTAWA,TORONTO,2025-07-19,8,Cobourg,CBRG,2025-07-19T16:18:32Z,2025-07-19T15:57:00Z,ARR,bad,21.0
643,True,True,OTTAWA,TORONTO,2025-07-19,9,Port Hope,PHOP,2025-07-19T16:28:56Z,2025-07-19T16:07:00Z,ARR,bad,21.0
643,True,True,OTTAWA,TORONTO,2025-07-19,10,Oshawa,OSHA,2025-07-19T17:01:56Z,2025-07-19T16:35:00Z,ARR,bad,26.0
643,True,True,OTTAWA,TORONTO,2025-07-19,11,Guildwood,GUIL,2025-07-19T17:23:18Z,2025-07-19T16:58:00Z,ARR,bad,25.0
643,True,True,OTTAWA,TORONTO,2025-07-19,12,Toronto,TRTO,2025-07-19T17:49:01Z,2025-07-19T17:18:00Z,ARR,bad,31.0
644,True,True,TORONTO,OTTAWA,2025-07-19,0,Toronto,TRTO,2025-07-19T17:24:08Z,2025-07-19T17:23:00Z,ARR,goo,1.0
644,True,True,TORONTO,OTTAWA,2025-07-19,1,Oshawa,OSHA,2025-07-19T17:59:53Z,2025-07-19T17:53:00Z,ARR,med,6.0
644,True,True,TORONTO,OTTAWA,2025-07-19,2,Cobourg,CBRG,2025-07-19T18:40:38Z,2025-07-19T18:28:00Z,ARR,med,12.0
644,True,True,TORONTO,OTTAWA,2025-07-19,3,Belleville,BLVL,2025-07-19T19:22:40Z,2025-07-19T19:03:00Z,ARR,bad,19.0
644,True,True,TORONTO,OTTAWA,2025-07-19,4,Kingston,KGON,2025-07-19T20:09:20Z,2025-07-19T19:43:00Z,ARR,bad,26.0
644,True,True,TORONTO,OTTAWA,2025-07-19,5,Fallowfield,FALL,2025-07-19T21:55:09Z,2025-07-19T21:30:00Z,ARR,bad,25.0
644,True,True,TORONTO,OTTAWA,2025-07-19,6,Ottawa,OTTW,2025-07-19T22:25:57Z,2025-07-19T21:53:00Z,ARR,bad,32.0
633,True,True,MONTRÉAL,OTTAWA,2025-07-19,0,Montréal,MTRL,2025-07-19T13:00:00Z,2025-07-19T13:00:00Z,ARR,goo,0.0
633,True,True,MONTRÉAL,OTTAWA,2025-07-19,1,Dorval,DORV,2025-07-19T13:31:28Z,2025-07-19T13:24:00Z,ARR,med,7.0
633,True,True,MONTRÉAL,OTTAWA,2025-07-19,2,Alexandria,ALEX,2025-07-19T14:16:18Z,2025-07-19T14:11:00Z,ARR,med,5.0
633,True,True,MONTRÉAL,OTTAWA,2025-07-19,3,Casselman,CSLM,2025-07-19T14:42:04Z,2025-07-19T14:34:00Z,ARR,med,8.0
633,True,True,MONTRÉAL,OTTAWA,2025-07-19,4,Ottawa,OTTW,2025-07-19T15:07:55Z,2025-07-19T15:05:00Z,ARR,goo,2.0
622,True,True,MONTRÉAL,QUÉBEC,2025-07-19,0,Montréal,MTRL,2025-07-19T12:20:00Z,2025-07-19T12:20:00Z,ARR,goo,0.0
622,True,True,MONTRÉAL,QUÉBEC,2025-07-19,1,St. Lambert,SLAM,2025-07-19T12:35:45Z,2025-07-19T12:33:00Z,ARR,goo,2.0
622,True,True,MONTRÉAL,QUÉBEC,2025-07-19,2,St. Hyacinthe,SHYA,2025-07-19T13:07:57Z,2025-07-19T13:00:00Z,ARR,med,7.0
622,True,True,MONTRÉAL,QUÉBEC,2025-07-19,3,Drummondville,DRMV,2025-07-19T13:44:30Z,2025-07-19T13:29:00Z,ARR,bad,15.0
622,True,True,MONTRÉAL,QUÉBEC,2025-07-19,4,Ste-Foy,SFOY,2025-07-19T15:23:51Z,2025-07-19T15:11:00Z,ARR,med,12.0
622,True,True,MONTRÉAL,QUÉBEC,2025-07-19,5,Québec,QBEC,2025-07-19T15:57:26Z,2025-07-19T15:39:00Z,ARR,bad,18.0
62,True,True,TORONTO,MONTRÉAL,2025-07-19,0,Toronto,TRTO,2025-07-19T12:32:00Z,2025-07-19T12:32:00Z,ARR,goo,0.0
62,True,True,TORONTO,MONTRÉAL,2025-07-19,1,Guildwood,GUIL,2025-07-19T12:48:20Z,2025-07-19T12:50:00Z,ARR,goo,-1.0
62,True,True,TORONTO,MONTRÉAL,2025-07-19,2,Oshawa,OSHA,2025-07-19T13:07:06Z,2025-07-19T13:09:00Z,ARR,goo,-1.0
62,True,True,TORONTO,MONTRÉAL,2025-07-19,3,Cobourg,CBRG,2025-07-19T13:47:43Z,2025-07-19T13:44:00Z,ARR,goo,3.0
62,True,True,TORONTO,MONTRÉAL,2025-07-19,4,Belleville,BLVL,2025-07-19T14:27:03Z,2025-07-19T14:20:00Z,ARR,med,7.0
62,True,True,TORONTO,MONTRÉAL,2025-07-19,5,Kingston,KGON,2025-07-19T15:08:40Z,2025-07-19T15:00:00Z,ARR,med,8.0
62,True,True,TORONTO,MONTRÉAL,2025-07-19,6,Cornwall,CWLL,2025-07-19T16:43:08Z,2025-07-19T16:43:00Z,ARR,goo,0.0
62,True,True,TORONTO,MONTRÉAL,2025-07-19,7,Dorval,DORV,2025-07-19T17:38:31Z,2025-07-19T17:34:00Z,ARR,goo,4.0
62,True,True,TORONTO,MONTRÉAL,2025-07-19,8,Montréal,MTRL,2025-07-19T18:02:35Z,2025-07-19T18:00:00Z,ARR,goo,2.0
45,True,True,OTTAWA,TORONTO,2025-07-19,0,Ottawa,OTTW,2025-07-19T14:24:00Z,2025-07-19T14:24:00Z,ARR,goo,0.0
45,True,True,OTTAWA,TORONTO,2025-07-19,1,Fallowfield,FALL,2025-07-19T14:40:40Z,2025-07-19T14:40:00Z,ARR,goo,0.0
45,True,True,OTTAWA,TORONTO,2025-07-19,2,Kingston,KGON,2025-07-19T16:28:55Z,2025-07-19T16:26:00Z,ARR,goo,2.0
45,True,True,OTTAWA,TORONTO,2025-07-19,3,Toronto,TRTO,2025-07-19T19:29:24Z,2025-07-19T18:48:00Z,ARR,bad,41.0
185,True,True,SUDBURY,WHITE RIVER,2025-07-19,0,Sudbury,SUDB,2025-07-19T13:00:00Z,2025-07-19T13:00:00Z,ARR,goo,0.0
185,True,True,SUDBURY,WHITE RIVER,2025-07-19,1,Azilda,AZIL,2025-07-19T13:38:44Z,2025-07-19T13:10:00Z,ARR,bad,28.0
185,True,True,SUDBURY,WHITE RIVER,2025-07-19,2,Chelmsford,CHEL,2025-07-19T13:41:49Z,2025-07-19T13:15:00Z,ARR,bad,26.0
185,True,True,SUDBURY,WHITE RIVER,2025-07-19,3,Larchwood,LARC,2025-07-19T13:46:21Z,2025-07-19T13:19:00Z,ARR,bad,27.0
185,True,True,SUDBURY,WHITE RIVER,2025-07-19,4,Levack,LEVA,2025-07-19T13:57:57Z,2025-07-19T13:30:00Z,ARR,bad,27.0
185,True,True,SUDBURY,WHITE RIVER,2025-07-19,5,Cartier,CART,2025-07-19T14:10:24Z,2025-07-19T13:45:00Z,ARR,bad,25.0
185,True,True,SUDBURY,WHITE RIVER,2025-07-19,6,Benny,BENN,2025-07-19T14:33:25Z,2025-07-19T14:05:00Z,ARR,bad,28.0
185,True,True,SUDBURY,WHITE RIVER,2025-07-19,7,Stralak,STRL,2025-07-19T14:37:55Z,2025-07-19T14:12:00Z,ARR,bad,25.0
185,True,True,SUDBURY,WHITE RIVER,2025-07-19,8,Pogamasing,POGA,2025-07-19T14:49:09Z,2025-07-19T14:25:00Z,ARR,bad,24.0
185,True,True,SUDBURY,WHITE RIVER,2025-07-19,9,Sheahan,SHEA,2025-07-19T15:05:42Z,2025-07-19T14:30:00Z,ARR,bad,35.0
185,True,True,SUDBURY,WHITE RIVER,2025-07-19,10,Forks,FRKS,2025-07-19T15:15:42Z,2025-07-19T14:40:00Z,ARR,bad,35.0
185,True,True,SUDBURY,WHITE RIVER,2025-07-19,11,Metagama,MTGM,2025-07-19T15:25:42Z,2025-07-19T14:50:00Z,ARR,bad,35.0
185,True,True,SUDBURY,WHITE RIVER,2025-07-19,12,Sinker,SNKR,2025-07-19T15:30:42Z,2025-07-19T14:55:00Z,ARR,bad,35.0
185,True,True,SUDBURY,WHITE RIVER,2025-07-19,13,Biscotasing,BISC,2025-07-19T15:58:50Z,2025-07-19T15:20:00Z,ARR,bad,38.0
185,True,True,SUDBURY,WHITE RIVER,2025-07-19,14,Roberts,RBRT,2025-07-19T16:08:50Z,2025-07-19T15:30:00Z,ARR,bad,38.0
185,True,True,SUDBURY,WHITE RIVER,2025-07-19,15,Ramsey,RAMS,2025-07-19T16:23:50Z,2025-07-19T15:45:00Z,ARR,bad,38.0
185,True,True,SUDBURY,WHITE RIVER,2025-07-19,16,Woman River,WOMR,2025-07-19T16:43:50Z,2025-07-19T16:05:00Z,ARR,bad,38.0
185,True,True,SUDBURY,WHITE RIVER,2025-07-19,17,Sultan,SULT,2025-07-19T16:58:50Z,2025-07-19T16:20:00Z,ARR,bad,38.0
185,True,True,SUDBURY,WHITE RIVER,2025-07-19,18,Kormak,KORM,2025-07-19T17:13:50Z,2025-07-19T16:35:00Z,ARR,bad,38.0
185,True,True,SUDBURY,WHITE RIVER,2025-07-19,19,Kinogama,KINO,2025-07-19T17:18:50Z,2025-07-19T16:40:00Z,ARR,bad,38.0
185,True,True,SUDBURY,WHITE RIVER,2025-07-19,20,Nemegos,NEME,2025-07-19T17:33:50Z,2025-07-19T16:55:00Z,ARR,bad,38.0
185,True,True,SUDBURY,WHITE RIVER,2025-07-19,21,Devon,DEVN,2025-07-19T18:20:53Z,2025-07-19T17:05:00Z,ARR,bad,75.0
185,True,True,SUDBURY,WHITE RIVER,2025-07-19,22,Chapleau,CHAP,2025-07-19T18:38:09Z,2025-07-19T17:20:00Z,ARR,bad,78.0
185,True,True,SUDBURY,WHITE RIVER,2025-07-19,23,Esher,ESHR,2025-07-19T18:58:45Z,2025-07-19T17:50:00Z,ARR,bad,68.0
185,True,True,SUDBURY,WHITE RIVER,2025-07-19,24,Musk,MUSK,2025-07-19T19:13:15Z,2025-07-19T18:00:00Z,ARR,bad,73.0
185,True,True,SUDBURY,WHITE RIVER,2025-07-19,25,Nicholson,NICH,2025-07-19T19:19:01Z,2025-07-19T18:10:00Z,ARR,bad,69.0
185,True,True,SUDBURY,WHITE RIVER,2025-07-19,26,Bolkow,BOLK,2025-07-19T19:36:28Z,2025-07-19T18:30:00Z,ARR,bad,66.0
185,True,True,SUDBURY,WHITE RIVER,2025-07-19,27,Dalton,DALT,2025-07-19T19:51:28Z,2025-07-19T18:45:00Z,ARR,bad,66.0
185,True,True,SUDBURY,WHITE RIVER,2025-07-19,28,Missanabie,MSBI,2025-07-19T20:16:28Z,2025-07-19T19:10:00Z,ARR,bad,66.0
185,True,True,SUDBURY,WHITE RIVER,2025-07-19,29,Lochalsh,LOCH,2025-07-19T20:36:28Z,2025-07-19T19:30:00Z,ARR,bad,66.0
185,True,True,SUDBURY,WHITE RIVER,2025-07-19,30,Franz,FRNZ,2025-07-19T20:47:35Z,2025-07-19T19:50:00Z,ARR,bad,57.0
185,True,True,SUDBURY,WHITE RIVER,2025-07-19,31,Swanson,SWAN,2025-07-19T20:57:36Z,2025-07-19T20:00:00Z,ARR,bad,57.0
185,True,True,SUDBURY,WHITE RIVER,2025-07-19,32,Girdwood,GIRD,2025-07-19T21:23:01Z,2025-07-19T20:25:00Z,ARR,bad,58.0
185,True,True,SUDBURY,WHITE RIVER,2025-07-19,33,Amyot,AMYO,2025-07-19T21:33:01Z,2025-07-19T20:35:00Z,ARR,bad,58.0
185,True,True,SUDBURY,WHITE RIVER,2025-07-19,34,O'Brien,OBRI,2025-07-19T21:47:07Z,2025-07-19T20:50:00Z,ARR,bad,57.0
185,True,True,SUDBURY,WHITE RIVER,2025-07-19,35,White River,WHTR,2025-07-19T22:03:53Z,2025-07-19T21:05:00Z,ARR,bad,58.0
97,True,True,TORONTO,NIAGARA FALLS,2025-07-19,0,Toronto,TRTO,2025-07-19T12:20:00Z,2025-07-19T12:20:00Z,ARR,goo,0.0
97,True,True,TORONTO,NIAGARA FALLS,2025-07-19,1,Oakville,OAKV,2025-07-19T12:43:00Z,2025-07-19T12:43:00Z,ARR,goo,0.0
97,True,True,TORONTO,NIAGARA FALLS,2025-07-19,2,Aldershot,ALDR,2025-07-19T12:56:00Z,2025-07-19T12:56:00Z,ARR,goo,0.0
97,True,True,TORONTO,NIAGARA FALLS,2025-07-19,3,Grimsby,GRIM,2025-07-19T13:37:00Z,2025-07-19T13:37:00Z,ARR,goo,0.0
97,True,True,TORONTO,NIAGARA FALLS,2025-07-19,4,St. Catharines,SCAT,2025-07-19T14:05:00Z,2025-07-19T13:57:00Z,ARR,med,8.0
97,True,True,TORONTO,NIAGARA FALLS,2025-07-19,5,Niagara Falls,NIAG,2025-07-19T14:28:00Z,2025-07-19T14:20:00Z,ARR,med,8.0
637,True,True,QUÉBEC,OTTAWA,2025-07-19,0,Québec,QBEC,2025-07-19T14:00:00Z,2025-07-19T14:00:00Z,ARR,goo,0.0
637,True,True,QUÉBEC,OTTAWA,2025-07-19,1,Ste-Foy,SFOY,2025-07-19T14:30:36Z,2025-07-19T14:25:00Z,ARR,med,5.0
637,True,True,QUÉBEC,OTTAWA,2025-07-19,2,Drummondville,DRMV,2025-07-19T16:26:40Z,2025-07-19T16:08:00Z,ARR,bad,18.0
637,True,True,QUÉBEC,OTTAWA,2025-07-19,3,St. Lambert,SLAM,2025-07-19T17:30:05Z,2025-07-19T17:16:00Z,ARR,med,14.0
637,True,True,QUÉBEC,OTTAWA,2025-07-19,4,Montréal,MTRL,2025-07-19T17:45:04Z,2025-07-19T17:31:00Z,ARR,med,14.0
637,True,True,QUÉBEC,OTTAWA,2025-07-19,5,Dorval,DORV,2025-07-19T18:37:48Z,2025-07-19T18:20:00Z,ARR,bad,17.0
637,True,True,QUÉBEC,OTTAWA,2025-07-19,6,Alexandria,ALEX,2025-07-19T19:31:38Z,2025-07-19T19:10:00Z,ARR,bad,21.0
637,True,True,QUÉBEC,OTTAWA,2025-07-19,7,Ottawa,OTTW,2025-07-19T20:29:54Z,2025-07-19T19:56:00Z,ARR,bad,33.0
47,True,True,OTTAWA,TORONTO,2025-07-19,0,Ottawa,OTTW,2025-07-19T16:23:00Z,2025-07-19T16:23:00Z,ARR,goo,0.0
47,True,True,OTTAWA,TORONTO,2025-07-19,1,Fallowfield,FALL,2025-07-19T16:37:50Z,2025-07-19T16:40:00Z,ARR,goo,-2.0
47,True,True,OTTAWA,TORONTO,2025-07-19,2,Smiths Falls,SMTF,2025-07-19T17:13:06Z,2025-07-19T17:18:00Z,ARR,goo,-4.0
47,True,True,OTTAWA,TORONTO,2025-07-19,3,Brockville,BRKV,2025-07-19T17:50:25Z,2025-07-19T17:54:00Z,ARR,goo,-3.0
47,True,True,OTTAWA,TORONTO,2025-07-19,4,Gananoque,GANA,2025-07-19T18:20:37Z,2025-07-19T18:22:00Z,ARR,goo,-1.0
47,True,True,OTTAWA,TORONTO,2025-07-19,5,Kingston,KGON,2025-07-19T18:43:27Z,2025-07-19T18:45:00Z,ARR,goo,-1.0
47,True,True,OTTAWA,TORONTO,2025-07-19,6,Belleville,BLVL,2025-07-19T19:25:32Z,2025-07-19T19:26:00Z,ARR,goo,0.0
47,True,True,OTTAWA,TORONTO,2025-07-19,7,Oshawa,OSHA,2025-07-19T20:28:19Z,2025-07-19T20:33:00Z,ARR,goo,-4.0
47,True,True,OTTAWA,TORONTO,2025-07-19,8,Guildwood,GUIL,2025-07-19T20:50:02Z,2025-07-19T20:58:00Z,ARR,goo,-7.0
47,True,True,OTTAWA,TORONTO,2025-07-19,9,Toronto,TRTO,2025-07-19T21:16:20Z,2025-07-19T21:30:00Z,ARR,goo,-13.0
624,True,True,OTTAWA,QUÉBEC,2025-07-19,0,Ottawa,OTTW,2025-07-19T11:45:00Z,2025-07-19T11:45:00Z,ARR,goo,0.0
624,True,True,OTTAWA,QUÉBEC,2025-07-19,1,Alexandria,ALEX,2025-07-19T12:27:06Z,2025-07-19T12:31:00Z,ARR,goo,-3.0
624,True,True,OTTAWA,QUÉBEC,2025-07-19,2,Dorval,DORV,2025-07-19T13:17:43Z,2025-07-19T13:16:00Z,ARR,goo,1.0
624,True,True,OTTAWA,QUÉBEC,2025-07-19,3,Montréal,MTRL,2025-07-19T13:40:53Z,2025-07-19T13:39:00Z,ARR,goo,1.0
624,True,True,OTTAWA,QUÉBEC,2025-07-19,4,St. Lambert,SLAM,2025-07-19T14:35:48Z,2025-07-19T14:28:00Z,ARR,med,7.0
624,True,True,OTTAWA,QUÉBEC,2025-07-19,5,St. Hyacinthe,SHYA,2025-07-19T15:12:48Z,2025-07-19T15:06:00Z,ARR,med,6.0
624,True,True,OTTAWA,QUÉBEC,2025-07-19,6,Drummondville,DRMV,2025-07-19T15:48:19Z,2025-07-19T15:34:00Z,ARR,med,14.0
624,True,True,OTTAWA,QUÉBEC,2025-07-19,7,Charny,CHNY,2025-07-19T17:53:46Z,2025-07-19T17:13:00Z,ARR,bad,40.0
624,True,True,OTTAWA,QUÉBEC,2025-07-19,8,Ste-Foy,SFOY,2025-07-19T18:02:00Z,2025-07-19T17:20:00Z,ARR,bad,42.0
624,True,True,OTTAWA,QUÉBEC,2025-07-19,9,Québec,QBEC,2025-07-19T18:39:00Z,2025-07-19T17:48:00Z,ARR,bad,51.0
63,True,True,MONTRÉAL,TORONTO,2025-07-19,0,Montréal,MTRL,2025-07-19T12:46:00Z,2025-07-19T12:46:00Z,ARR,goo,0.0
63,True,True,MONTRÉAL,TORONTO,2025-07-19,1,Dorval,DORV,2025-07-19T13:09:46Z,2025-07-19T13:11:00Z,ARR,goo,-1.0
63,True,True,MONTRÉAL,TORONTO,2025-07-19,2,Cornwall,CWLL,2025-07-19T13:59:53Z,2025-07-19T14:04:00Z,ARR,goo,-4.0
63,True,True,MONTRÉAL,TORONTO,2025-07-19,3,Brockville,BRKV,2025-07-19T14:50:32Z,2025-07-19T14:54:00Z,ARR,goo,-3.0
63,True,True,MONTRÉAL,TORONTO,2025-07-19,4,Kingston,KGON,2025-07-19T15:35:54Z,2025-07-19T15:39:00Z,ARR,goo,-3.0
63,True,True,MONTRÉAL,TORONTO,2025-07-19,5,Belleville,BLVL,2025-07-19T16:23:58Z,2025-07-19T16:20:00Z,ARR,goo,3.0
63,True,True,MONTRÉAL,TORONTO,2025-07-19,6,Cobourg,CBRG,2025-07-19T16:58:36Z,2025-07-19T16:58:00Z,ARR,goo,0.0
63,True,True,MONTRÉAL,TORONTO,2025-07-19,7,Oshawa,OSHA,2025-07-19T17:32:50Z,2025-07-19T17:34:00Z,ARR,goo,-1.0
63,True,True,MONTRÉAL,TORONTO,2025-07-19,8,Guildwood,GUIL,2025-07-19T17:53:17Z,2025-07-19T17:58:00Z,ARR,goo,-4.0
63,True,True,MONTRÉAL,TORONTO,2025-07-19,9,Toronto,TRTO,2025-07-19T18:20:14Z,2025-07-19T18:18:00Z,ARR,goo,2.0
40,True,True,TORONTO,OTTAWA,2025-07-19,0,Toronto,TRTO,2025-07-19T14:38:00Z,2025-07-19T14:38:00Z,ARR,goo,0.0
40,True,True,TORONTO,OTTAWA,2025-07-19,1,Belleville,BLVL,2025-07-19T16:11:11Z,2025-07-19T16:09:00Z,ARR,goo,2.0
40,True,True,TORONTO,OTTAWA,2025-07-19,2,Kingston,KGON,2025-07-19T16:56:01Z,2025-07-19T16:48:00Z,ARR,med,8.0
40,True,True,TORONTO,OTTAWA,2025-07-19,3,Fallowfield,FALL,2025-07-19T18:42:47Z,2025-07-19T18:38:00Z,ARR,goo,4.0
40,True,True,TORONTO,OTTAWA,2025-07-19,4,Ottawa,OTTW,2025-07-19T19:02:55Z,2025-07-19T19:02:00Z,ARR,goo,0.0
35,True,True,QUÉBEC,OTTAWA,2025-07-19,0,Québec,QBEC,2025-07-19T12:06:00Z,2025-07-19T12:06:00Z,ARR,goo,0.0
35,True,True,QUÉBEC,OTTAWA,2025-07-19,1,Ste-Foy,SFOY,2025-07-19T12:38:24Z,2025-07-19T12:31:00Z,ARR,med,7.0
35,True,True,QUÉBEC,OTTAWA,2025-07-19,2,Charny,CHNY,2025-07-19T12:48:06Z,2025-07-19T12:40:00Z,ARR,med,8.0
35,True,True,QUÉBEC,OTTAWA,2025-07-19,3,Drummondville,DRMV,2025-07-19T14:21:40Z,2025-07-19T14:14:00Z,ARR,med,7.0
35,True,True,QUÉBEC,OTTAWA,2025-07-19,4,St. Hyacinthe,SHYA,2025-07-19T14:59:15Z,2025-07-19T14:44:00Z,ARR,bad,15.0
35,True,True,QUÉBEC,OTTAWA,2025-07-19,5,St. Lambert,SLAM,2025-07-19T15:37:48Z,2025-07-19T15:11:00Z,ARR,bad,26.0
35,True,True,QUÉBEC,OTTAWA,2025-07-19,6,Montréal,MTRL,2025-07-19T15:53:17Z,2025-07-19T15:26:00Z,ARR,bad,27.0
35,True,True,QUÉBEC,OTTAWA,2025-07-19,7,Dorval,DORV,2025-07-19T16:39:16Z,2025-07-19T16:18:00Z,ARR,bad,21.0
35,True,True,QUÉBEC,OTTAWA,2025-07-19,8,Coteau,COTO,2025-07-19T17:12:08Z,2025-07-19T16:46:00Z,ARR,bad,26.0
35,True,True,QUÉBEC,OTTAWA,2025-07-19,9,Alexandria,ALEX,2025-07-19T17:33:35Z,2025-07-19T17:08:00Z,ARR,bad,25.0
35,True,True,QUÉBEC,OTTAWA,2025-07-19,10,Casselman,CSLM,2025-07-19T17:54:33Z,2025-07-19T17:31:00Z,ARR,bad,23.0
35,True,True,QUÉBEC,OTTAWA,2025-07-19,11,Ottawa,OTTW,2025-07-19T18:19:41Z,2025-07-19T17:58:00Z,ARR,bad,21.0
26,True,True,OTTAWA,QUÉBEC,2025-07-19,0,Ottawa,OTTW,2025-07-19T18:17:22Z,2025-07-19T18:17:00Z,ARR,goo,0.0
26,True,True,OTTAWA,QUÉBEC,2025-07-19,1,Alexandria,ALEX,2025-07-19T19:02:14Z,2025-07-19T19:03:00Z,ARR,goo,0.0
26,True,True,OTTAWA,QUÉBEC,2025-07-19,2,Coteau,COTO,2025-07-19T19:26:45Z,2025-07-19T19:26:00Z,ARR,goo,0.0
26,True,True,OTTAWA,QUÉBEC,2025-07-19,3,Dorval,DORV,2025-07-19T19:54:52Z,2025-07-19T19:49:00Z,ARR,med,5.0
26,True,True,OTTAWA,QUÉBEC,2025-07-19,4,Montréal,MTRL,2025-07-19T20:19:57Z,2025-07-19T20:15:00Z,ARR,goo,4.0
26,True,True,OTTAWA,QUÉBEC,2025-07-19,5,St. Lambert,SLAM,2025-07-19T21:06:31Z,2025-07-19T20:53:00Z,ARR,med,13.0
26,True,True,OTTAWA,QUÉBEC,2025-07-19,6,St. Hyacinthe,SHYA,2025-07-19T21:39:39Z,2025-07-19T21:20:00Z,ARR,bad,19.0
26,True,True,OTTAWA,QUÉBEC,2025-07-19,7,Drummondville,DRMV,2025-07-19T22:15:39Z,2025-07-19T22:05:00Z,ARR,med,10.0
26,True,True,OTTAWA,QUÉBEC,2025-07-19,8,Charny,CHNY,2025-07-19T23:56:55Z,2025-07-19T23:44:00Z,ARR,med,12.0
26,True,True,OTTAWA,QUÉBEC,2025-07-19,9,Ste-Foy,SFOY,2025-07-20T00:04:52Z,2025-07-19T23:52:00Z,ARR,med,12.0
26,True,True,OTTAWA,QUÉBEC,2025-07-19,10,Québec,QBEC,2025-07-20T00:41:58Z,2025-07-20T00:19:00Z,ARR,bad,22.0
39,True,True,QUÉBEC,OTTAWA,2025-07-19,0,Québec,QBEC,2025-07-19T19:10:08Z,2025-07-19T18:57:00Z,ARR,med,13.0
39,True,True,QUÉBEC,OTTAWA,2025-07-19,1,Ste-Foy,SFOY,2025-07-19T19:46:41Z,2025-07-19T19:22:00Z,ARR,bad,24.0
39,True,True,QUÉBEC,OTTAWA,2025-07-19,2,Drummondville,DRMV,2025-07-19T21:32:43Z,2025-07-19T20:58:00Z,ARR,bad,34.0
39,True,True,QUÉBEC,OTTAWA,2025-07-19,3,St. Lambert,SLAM,2025-07-19T22:41:45Z,2025-07-19T21:57:00Z,ARR,bad,44.0
39,True,True,QUÉBEC,OTTAWA,2025-07-19,4,Montréal,MTRL,2025-07-19T22:57:03Z,2025-07-19T22:11:00Z,ARR,bad,46.0
39,True,True,QUÉBEC,OTTAWA,2025-07-19,5,Dorval,DORV,2025-07-19T23:48:08Z,2025-07-19T23:14:00Z,ARR,bad,34.0
39,True,True,QUÉBEC,OTTAWA,2025-07-19,6,Coteau,COTO,2025-07-20T00:19:24Z,2025-07-19T23:43:00Z,ARR,bad,36.0
39,True,True,QUÉBEC,OTTAWA,2025-07-19,7,Alexandria,ALEX,2025-07-20T00:41:20Z,2025-07-20T00:06:00Z,ARR,bad,35.0
39,True,True,QUÉBEC,OTTAWA,2025-07-19,8,Ottawa,OTTW,2025-07-20T01:23:14Z,2025-07-20T00:51:00Z,ARR,bad,32.0
66,True,True,TORONTO,MONTRÉAL,2025-07-19,0,Toronto,TRTO,2025-07-19T19:23:00Z,2025-07-19T19:23:00Z,ARR,goo,0.0
66,True,True,TORONTO,MONTRÉAL,2025-07-19,1,Guildwood,GUIL,2025-07-19T19:45:15Z,2025-07-19T19:40:00Z,ARR,med,5.0
66,True,True,TORONTO,MONTRÉAL,2025-07-19,2,Oshawa,OSHA,2025-07-19T20:03:34Z,2025-07-19T19:54:00Z,ARR,med,9.0
66,True,True,TORONTO,MONTRÉAL,2025-07-19,3,Belleville,BLVL,2025-07-19T21:28:25Z,2025-07-19T21:00:00Z,ARR,bad,28.0
66,True,True,TORONTO,MONTRÉAL,2025-07-19,4,Kingston,KGON,2025-07-19T22:11:40Z,2025-07-19T21:40:00Z,ARR,bad,31.0
66,True,True,TORONTO,MONTRÉAL,2025-07-19,5,Cornwall,CWLL,2025-07-19T23:36:02Z,2025-07-19T23:07:00Z,ARR,bad,29.0
66,True,True,TORONTO,MONTRÉAL,2025-07-19,6,Dorval,DORV,2025-07-20T00:26:11Z,2025-07-19T23:58:00Z,ARR,bad,28.0
66,True,True,TORONTO,MONTRÉAL,2025-07-19,7,Montréal,MTRL,2025-07-20T00:54:42Z,2025-07-20T00:25:00Z,ARR,bad,29.0
46,True,True,TORONTO,OTTAWA,2025-07-19,0,Toronto,TRTO,2025-07-19T19:40:48Z,2025-07-19T19:38:00Z,ARR,goo,2.0
46,True,True,TORONTO,OTTAWA,2025-07-19,1,Oshawa,OSHA,2025-07-19T20:18:36Z,2025-07-19T20:09:00Z,ARR,med,9.0
46,True,True,TORONTO,OTTAWA,2025-07-19,2,Cobourg,CBRG,2025-07-19T20:59:41Z,2025-07-19T20:43:00Z,ARR,bad,16.0
46,True,True,TORONTO,OTTAWA,2025-07-19,3,Kingston,KGON,2025-07-19T22:25:09Z,2025-07-19T21:54:00Z,ARR,bad,31.0
46,True,True,TORONTO,OTTAWA,2025-07-19,4,Brockville,BRKV,2025-07-19T23:17:55Z,2025-07-19T22:40:00Z,ARR,bad,37.0
46,True,True,TORONTO,OTTAWA,2025-07-19,5,Fallowfield,FALL,2025-07-20T00:11:06Z,2025-07-19T23:40:00Z,ARR,bad,31.0
46,True,True,TORONTO,OTTAWA,2025-07-19,6,Ottawa,OTTW,2025-07-20T00:32:33Z,2025-07-20T00:00:00Z,ARR,bad,32.0
28,True,True,OTTAWA,QUÉBEC,2025-07-19,0,Ottawa,OTTW,2025-07-19T20:05:00Z,2025-07-19T20:05:00Z,ARR,goo,0.0
28,True,True,OTTAWA,QUÉBEC,2025-07-19,1,Casselman,CSLM,2025-07-19T20:30:44Z,2025-07-19T20:31:00Z,ARR,goo,0.0
28,True,True,OTTAWA,QUÉBEC,2025-07-19,2,Alexandria,ALEX,2025-07-19T20:54:53Z,2025-07-19T20:53:00Z,ARR,goo,1.0
28,True,True,OTTAWA,QUÉBEC,2025-07-19,3,Coteau,COTO,2025-07-19T21:17:49Z,2025-07-19T21:15:00Z,ARR,goo,2.0
28,True,True,OTTAWA,QUÉBEC,2025-07-19,4,Dorval,DORV,2025-07-19T21:53:20Z,2025-07-19T21:38:00Z,ARR,bad,15.0
28,True,True,OTTAWA,QUÉBEC,2025-07-19,5,Montréal,MTRL,2025-07-19T22:23:49Z,2025-07-19T22:04:00Z,ARR,bad,19.0
28,True,True,OTTAWA,QUÉBEC,2025-07-19,6,St. Lambert,SLAM,2025-07-19T22:51:06Z,2025-07-19T22:38:00Z,ARR,med,13.0
28,True,True,OTTAWA,QUÉBEC,2025-07-19,7,St. Hyacinthe,SHYA,2025-07-19T23:18:30Z,2025-07-19T23:06:00Z,ARR,med,12.0
28,True,True,OTTAWA,QUÉBEC,2025-07-19,8,Drummondville,DRMV,2025-07-19T23:56:22Z,2025-07-19T23:52:00Z,ARR,goo,4.0
28,True,True,OTTAWA,QUÉBEC,2025-07-19,9,Charny,CHNY,2025-07-20T01:17:30Z,2025-07-20T01:14:00Z,ARR,goo,3.0
28,True,True,OTTAWA,QUÉBEC,2025-07-19,10,Ste-Foy,SFOY,2025-07-20T01:26:33Z,2025-07-20T01:21:00Z,ARR,med,5.0
28,True,True,OTTAWA,QUÉBEC,2025-07-19,11,Québec,QBEC,2025-07-20T02:04:10Z,2025-07-20T01:48:00Z,ARR,bad,16.0
69,True,True,MONTRÉAL,TORONTO,2025-07-19,0,Montréal,MTRL,2025-07-19T20:38:00Z,2025-07-19T20:38:00Z,ARR,goo,0.0
69,True,True,MONTRÉAL,TORONTO,2025-07-19,1,Dorval,DORV,2025-07-19T21:02:37Z,2025-07-19T21:04:00Z,ARR,goo,-1.0
69,True,True,MONTRÉAL,TORONTO,2025-07-19,2,Cornwall,CWLL,2025-07-19T22:02:16Z,2025-07-19T21:53:00Z,ARR,med,9.0
69,True,True,MONTRÉAL,TORONTO,2025-07-19,3,Brockville,BRKV,2025-07-19T22:48:25Z,2025-07-19T22:40:00Z,ARR,med,8.0
69,True,True,MONTRÉAL,TORONTO,2025-07-19,4,Kingston,KGON,2025-07-19T23:38:40Z,2025-07-19T23:24:00Z,ARR,med,14.0
69,True,True,MONTRÉAL,TORONTO,2025-07-19,5,Oshawa,OSHA,2025-07-20T01:40:59Z,2025-07-20T01:05:00Z,ARR,bad,35.0
69,True,True,MONTRÉAL,TORONTO,2025-07-19,6,Guildwood,GUIL,2025-07-20T02:00:34Z,2025-07-20T01:28:00Z,ARR,bad,32.0
69,True,True,MONTRÉAL,TORONTO,2025-07-19,7,Toronto,TRTO,2025-07-20T02:27:56Z,2025-07-20T01:48:00Z,ARR,bad,39.0
68,True,True,TORONTO,MONTRÉAL,2025-07-19,0,Toronto,TRTO,2025-07-19T21:08:10Z,2025-07-19T21:08:00Z,ARR,goo,0.0
68,True,True,TORONTO,MONTRÉAL,2025-07-19,1,Oshawa,OSHA,2025-07-19T21:43:26Z,2025-07-19T21:39:00Z,ARR,goo,4.0
68,True,True,TORONTO,MONTRÉAL,2025-07-19,2,Cobourg,CBRG,2025-07-19T22:36:34Z,2025-07-19T22:14:00Z,ARR,bad,22.0
68,True,True,TORONTO,MONTRÉAL,2025-07-19,3,Belleville,BLVL,2025-07-19T23:10:43Z,2025-07-19T22:49:00Z,ARR,bad,21.0
68,True,True,TORONTO,MONTRÉAL,2025-07-19,4,Kingston,KGON,2025-07-19T23:51:25Z,2025-07-19T23:26:00Z,ARR,bad,25.0
68,True,True,TORONTO,MONTRÉAL,2025-07-19,5,Brockville,BRKV,2025-07-20T00:36:33Z,2025-07-20T00:11:00Z,ARR,bad,25.0
68,True,True,TORONTO,MONTRÉAL,2025-07-19,6,Cornwall,CWLL,2025-07-20T01:22:03Z,2025-07-20T00:57:00Z,ARR,bad,25.0
68,True,True,TORONTO,MONTRÉAL,2025-07-19,7,Dorval,DORV,2025-07-20T02:14:16Z,2025-07-20T01:47:00Z,ARR,bad,27.0
68,True,True,TORONTO,MONTRÉAL,2025-07-19,8,Montréal,MTRL,2025-07-20T02:41:42Z,2025-07-20T02:14:00Z,ARR,bad,27.0
54,True,True,TORONTO,OTTAWA,2025-07-19,0,Toronto,TRTO,2025-07-19T21:38:22Z,2025-07-19T21:38:00Z,ARR,goo,0.0
54,True,True,TORONTO,OTTAWA,2025-07-19,1,Guildwood,GUIL,2025-07-19T21:58:51Z,2025-07-19T21:55:00Z,ARR,goo,3.0
54,True,True,TORONTO,OTTAWA,2025-07-19,2,Oshawa,OSHA,2025-07-19T22:29:02Z,2025-07-19T22:08:00Z,ARR,bad,21.0
54,True,True,TORONTO,OTTAWA,2025-07-19,3,Port Hope,PHOP,2025-07-19T23:08:01Z,2025-07-19T22:37:00Z,ARR,bad,31.0
54,True,True,TORONTO,OTTAWA,2025-07-19,4,Cobourg,CBRG,2025-07-19T23:18:17Z,2025-07-19T22:46:00Z,ARR,bad,32.0
54,True,True,TORONTO,OTTAWA,2025-07-19,5,Trenton Jct.,TRNJ,2025-07-19T23:52:37Z,2025-07-19T23:13:01Z,ARR,bad,39.0
54,True,True,TORONTO,OTTAWA,2025-07-19,6,Belleville,BLVL,2025-07-20T00:08:33Z,2025-07-19T23:27:00Z,ARR,bad,41.0
54,True,True,TORONTO,OTTAWA,2025-07-19,7,Napanee,NAPN,2025-07-20T00:40:08Z,2025-07-19T23:48:00Z,ARR,bad,52.0
54,True,True,TORONTO,OTTAWA,2025-07-19,8,Kingston,KGON,2025-07-20T01:05:08Z,2025-07-20T00:09:00Z,ARR,bad,56.0
54,True,True,TORONTO,OTTAWA,2025-07-19,9,Brockville,BRKV,2025-07-20T02:00:50Z,2025-07-20T00:54:00Z,ARR,bad,66.0
54,True,True,TORONTO,OTTAWA,2025-07-19,10,Smiths Falls,SMTF,2025-07-20T02:31:48Z,2025-07-20T01:25:00Z,ARR,bad,66.0
54,True,True,TORONTO,OTTAWA,2025-07-19,11,Fallowfield,FALL,2025-07-20T02:58:58Z,2025-07-20T01:52:00Z,ARR,bad,66.0
54,True,True,TORONTO,OTTAWA,2025-07-19,12,Ottawa,OTTW,2025-07-20T03:19:07Z,2025-07-20T02:13:00Z,ARR,bad,66.0
75,True,True,TORONTO,WINDSOR,2025-07-19,0,Toronto,TRTO,2025-07-19T21:22:00Z,2025-07-19T21:22:00Z,ARR,goo,0.0
75,True,True,TORONTO,WINDSOR,2025-07-19,1,Oakville,OAKV,2025-07-19T21:52:27Z,2025-07-19T21:45:00Z,ARR,med,7.0
75,True,True,TORONTO,WINDSOR,2025-07-19,2,Aldershot,ALDR,2025-07-19T22:08:28Z,2025-07-19T22:01:00Z,ARR,med,7.0
75,True,True,TORONTO,WINDSOR,2025-07-19,3,Brantford,BRTF,2025-07-19T22:39:18Z,2025-07-19T22:33:00Z,ARR,med,6.0
75,True,True,TORONTO,WINDSOR,2025-07-19,4,Woodstock,WDST,2025-07-19T23:10:27Z,2025-07-19T23:04:00Z,ARR,med,6.0
75,True,True,TORONTO,WINDSOR,2025-07-19,5,Ingersoll,INGR,2025-07-19T23:23:11Z,2025-07-19T23:19:00Z,ARR,goo,4.0
75,True,True,TORONTO,WINDSOR,2025-07-19,6,London,LNDN,2025-07-19T23:57:23Z,2025-07-19T23:47:00Z,ARR,med,10.0
75,True,True,TORONTO,WINDSOR,2025-07-19,7,Glencoe,GLNC,2025-07-20T00:32:05Z,2025-07-20T00:21:00Z,ARR,med,11.0
75,True,True,TORONTO,WINDSOR,2025-07-19,8,Chatham,CHAT,2025-07-20T01:14:54Z,2025-07-20T00:55:00Z,ARR,bad,19.0
75,True,True,TORONTO,WINDSOR,2025-07-19,9,Windsor,WDON,2025-07-20T01:56:57Z,2025-07-20T01:50:00Z,ARR,med,6.0
98,True,True,NIAGARA FALLS,TORONTO,2025-07-19,0,Niagara Falls,NIAG,2025-07-19T21:45:00Z,2025-07-19T21:45:00Z,ARR,goo,0.0
98,True,True,NIAGARA FALLS,TORONTO,2025-07-19,1,St. Catharines,SCAT,2025-07-19T22:06:00Z,2025-07-19T22:06:00Z,ARR,goo,0.0
98,True,True,NIAGARA FALLS,TORONTO,2025-07-19,2,Grimsby,GRIM,2025-07-19T22:26:00Z,2025-07-19T22:26:00Z,ARR,goo,0.0
98,True,True,NIAGARA FALLS,TORONTO,2025-07-19,3,Aldershot,ALDR,2025-07-19T23:06:00Z,2025-07-19T23:02:00Z,ARR,goo,4.0
98,True,True,NIAGARA FALLS,TORONTO,2025-07-19,4,Oakville,OAKV,2025-07-19T23:30:00Z,2025-07-19T23:16:00Z,ARR,med,14.0
98,True,True,NIAGARA FALLS,TORONTO,2025-07-19,5,Toronto,TRTO,2025-07-19T23:59:00Z,2025-07-19T23:43:00Z,ARR,bad,16.0
87,True,True,TORONTO,SARNIA,2025-07-19,0,Toronto,TRTO,2025-07-19T21:40:00Z,2025-07-19T21:40:00Z,ARR,goo,0.0
87,True,True,TORONTO,SARNIA,2025-07-19,1,Malton,MALT,2025-07-19T22:00:02Z,2025-07-19T22:00:00Z,ARR,goo,0.0
87,True,True,TORONTO,SARNIA,2025-07-19,2,Brampton,BRMP,2025-07-19T22:46:48Z,2025-07-19T22:12:00Z,ARR,bad,34.0
87,True,True,TORONTO,SARNIA,2025-07-19,3,Georgetown,GEOR,2025-07-19T23:04:11Z,2025-07-19T22:24:00Z,ARR,bad,40.0
87,True,True,TORONTO,SARNIA,2025-07-19,4,Guelph,GUEL,2025-07-19T23:25:59Z,2025-07-19T22:49:00Z,ARR,bad,36.0
87,True,True,TORONTO,SARNIA,2025-07-19,5,Kitchener,KITC,2025-07-19T23:48:09Z,2025-07-19T23:16:00Z,ARR,bad,32.0
87,True,True,TORONTO,SARNIA,2025-07-19,6,Stratford,STRF,2025-07-20T00:37:38Z,2025-07-19T23:57:00Z,ARR,bad,40.0
87,True,True,TORONTO,SARNIA,2025-07-19,7,St.Marys,SMYS,2025-07-20T01:12:30Z,2025-07-20T00:25:00Z,ARR,bad,47.0
87,True,True,TORONTO,SARNIA,2025-07-19,8,London,LNDN,2025-07-20T02:04:43Z,2025-07-20T01:13:00Z,ARR,bad,51.0
87,True,True,TORONTO,SARNIA,2025-07-19,9,Strathroy,STRR,2025-07-20T02:30:45Z,2025-07-20T01:39:00Z,ARR,bad,51.0
87,True,True,TORONTO,SARNIA,2025-07-19,10,Wyoming,WYOM,2025-07-20T02:57:29Z,2025-07-20T02:07:00Z,ARR,bad,50.0
87,True,True,TORONTO,SARNIA,2025-07-19,11,Sarnia,SARN,2025-07-20T03:12:25Z,2025-07-20T02:24:00Z,ARR,bad,48.0
29,True,True,QUÉBEC,MONTRÉAL,2025-07-19,0,Québec,QBEC,2025-07-19T21:41:00Z,2025-07-19T21:41:00Z,ARR,goo,0.0
29,True,True,QUÉBEC,MONTRÉAL,2025-07-19,1,Ste-Foy,SFOY,2025-07-19T22:21:15Z,2025-07-19T22:06:00Z,ARR,bad,15.0
29,True,True,QUÉBEC,MONTRÉAL,2025-07-19,2,Drummondville,DRMV,2025-07-19T23:45:49Z,2025-07-19T23:42:00Z,ARR,goo,3.0
29,True,True,QUÉBEC,MONTRÉAL,2025-07-19,3,St. Hyacinthe,SHYA,2025-07-20T00:25:24Z,2025-07-20T00:18:00Z,ARR,med,7.0
29,True,True,QUÉBEC,MONTRÉAL,2025-07-19,4,St. Lambert,SLAM,2025-07-20T00:53:50Z,2025-07-20T00:45:00Z,ARR,med,8.0
29,True,True,QUÉBEC,MONTRÉAL,2025-07-19,5,Montréal,MTRL,2025-07-20T01:09:12Z,2025-07-20T01:00:00Z,ARR,med,9.0
59,True,True,OTTAWA,TORONTO,2025-07-19,0,Ottawa,OTTW,2025-07-19T22:03:00Z,2025-07-19T22:03:00Z,ARR,goo,0.0
59,True,True,OTTAWA,TORONTO,2025-07-19,1,Fallowfield,FALL,2025-07-19T22:20:27Z,2025-07-19T22:20:00Z,ARR,goo,0.0
59,True,True,OTTAWA,TORONTO,2025-07-19,2,Smiths Falls,SMTF,2025-07-19T22:51:32Z,2025-07-19T22:51:00Z,ARR,goo,0.0
59,True,True,OTTAWA,TORONTO,2025-07-19,3,Brockville,BRKV,2025-07-19T23:29:19Z,2025-07-19T23:25:00Z,ARR,goo,4.0
59,True,True,OTTAWA,TORONTO,2025-07-19,4,Kingston,KGON,2025-07-20T00:16:39Z,2025-07-20T00:10:00Z,ARR,med,6.0
59,True,True,OTTAWA,TORONTO,2025-07-19,5,Belleville,BLVL,2025-07-20T01:05:09Z,2025-07-20T00:51:00Z,ARR,med,14.0
59,True,True,OTTAWA,TORONTO,2025-07-19,6,Trenton Jct.,TRNJ,2025-07-20T01:19:20Z,2025-07-20T01:05:00Z,ARR,med,14.0
59,True,True,OTTAWA,TORONTO,2025-07-19,7,Cobourg,CBRG,2025-07-20T01:52:51Z,2025-07-20T01:31:00Z,ARR,bad,21.0
59,True,True,OTTAWA,TORONTO,2025-07-19,8,Oshawa,OSHA,2025-07-20T02:37:50Z,2025-07-20T02:05:00Z,ARR,bad,32.0
59,True,True,OTTAWA,TORONTO,2025-07-19,9,Guildwood,GUIL,2025-07-20T03:02:22Z,2025-07-20T02:28:00Z,ARR,bad,34.0
59,True,True,OTTAWA,TORONTO,2025-07-19,10,Toronto,TRTO,2025-07-20T03:26:56Z,2025-07-20T02:48:00Z,ARR,bad,38.0
78,True,True,WINDSOR,TORONTO,2025-07-19,0,Windsor,WDON,2025-07-19T21:40:00Z,2025-07-19T21:40:00Z,ARR,goo,0.0
78,True,True,WINDSOR,TORONTO,2025-07-19,1,Chatham,CHAT,2025-07-19T22:22:03Z,2025-07-19T22:24:00Z,ARR,goo,-1.0
78,True,True,WINDSOR,TORONTO,2025-07-19,2,Glencoe,GLNC,2025-07-19T23:08:43Z,2025-07-19T22:59:00Z,ARR,med,9.0
78,True,True,WINDSOR,TORONTO,2025-07-19,3,London,LNDN,2025-07-19T23:44:01Z,2025-07-19T23:32:00Z,ARR,med,12.0
78,True,True,WINDSOR,TORONTO,2025-07-19,4,Ingersoll,INGR,2025-07-20T00:13:07Z,2025-07-19T23:57:00Z,ARR,bad,16.0
78,True,True,WINDSOR,TORONTO,2025-07-19,5,Woodstock,WDST,2025-07-20T00:23:34Z,2025-07-20T00:08:00Z,ARR,bad,15.0
78,True,True,WINDSOR,TORONTO,2025-07-19,6,Brantford,BRTF,2025-07-20T00:55:33Z,2025-07-20T00:39:00Z,ARR,bad,16.0
78,True,True,WINDSOR,TORONTO,2025-07-19,7,Aldershot,ALDR,2025-07-20T01:25:41Z,2025-07-20T01:09:00Z,ARR,bad,16.0
78,True,True,WINDSOR,TORONTO,2025-07-19,8,Oakville,OAKV,2025-07-20T01:44:48Z,2025-07-20T01:24:00Z,ARR,bad,20.0
78,True,True,WINDSOR,TORONTO,2025-07-19,9,Toronto,TRTO,2025-07-20T02:14:26Z,2025-07-20T01:50:00Z,ARR,bad,24.0
38,True,True,OTTAWA,MONTRÉAL,2025-07-19,0,Ottawa,OTTW,2025-07-19T21:55:00Z,2025-07-19T21:55:00Z,ARR,goo,0.0
38,True,True,OTTAWA,MONTRÉAL,2025-07-19,1,Casselman,CSLM,2025-07-19T22:18:57Z,2025-07-19T22:26:00Z,ARR,goo,-7.0
38,True,True,OTTAWA,MONTRÉAL,2025-07-19,2,Alexandria,ALEX,2025-07-19T22:41:53Z,2025-07-19T22:49:00Z,ARR,goo,-7.0
38,True,True,OTTAWA,MONTRÉAL,2025-07-19,3,Dorval,DORV,2025-07-19T23:31:03Z,2025-07-19T23:33:00Z,ARR,goo,-1.0
38,True,True,OTTAWA,MONTRÉAL,2025-07-19,4,Montréal,MTRL,2025-07-19T23:52:43Z,2025-07-19T23:57:00Z,ARR,goo,-4.0
79,True,False,TORONTO,WINDSOR,2025-07-19,0,Toronto,TRTO,2025-07-19T23:45:00Z,2025-07-19T23:45:00Z,ARR,goo,0.0
79,True,False,TORONTO,WINDSOR,2025-07-19,1,Oakville,OAKV,2025-07-20T00:08:52Z,2025-07-20T00:07:00Z,ARR,goo,1.0
79,True,False,TORONTO,WINDSOR,2025-07-19,2,Aldershot,ALDR,2025-07-20T00:28:45Z,2025-07-20T00:22:00Z,ARR,med,6.0
79,True,False,TORONTO,WINDSOR,2025-07-19,3,Brantford,BRTF,2025-07-20T01:05:47Z,2025-07-20T00:50:00Z,ARR,bad,15.0
79,True,False,TORONTO,WINDSOR,2025-07-19,4,Woodstock,WDST,2025-07-20T01:34:07Z,2025-07-20T01:17:00Z,ARR,bad,17.0
79,True,False,TORONTO,WINDSOR,2025-07-19,5,Ingersoll,INGR,2025-07-20T01:45:39Z,2025-07-20T01:30:00Z,ARR,bad,15.0
79,True,False,TORONTO,WINDSOR,2025-07-19,6,London,LNDN,2025-07-20T02:13:53Z,2025-07-20T01:52:00Z,ARR,bad,21.0
79,True,False,TORONTO,WINDSOR,2025-07-19,7,Glencoe,GLNC,2025-07-20T02:47:13Z,2025-07-20T02:25:00Z,ARR,bad,22.0
79,True,False,TORONTO,WINDSOR,2025-07-19,8,Chatham,CHAT,2025-07-20T03:28:21Z,2025-07-20T02:57:00Z,ARR,bad,31.0
79,True,False,TORONTO,WINDSOR,2025-07-19,9,Windsor,WDON,2025-07-20T04:13:38Z,2025-07-20T03:44:00Z,29 mins,bad,29.0
