train_id,departed,arrived,from,to,instance,stop_id,station,code,estimated,scheduled,eta,diff,diffMin
1 (08-06),True,False,TORONTO,VANCOUVER,2025-08-06,0,Toronto,TRTO,2025-08-06T13:55:00Z,2025-08-06T13:55:00Z,ARR,goo,0.0
1 (08-06),True,False,TORONTO,VANCOUVER,2025-08-06,1,Washago,WSHG,2025-08-06T16:36:18Z,2025-08-06T16:25:00Z,ARR,med,11.0
1 (08-06),True,False,TORONTO,VANCOUVER,2025-08-06,2,South Parry,SPAR,2025-08-06T18:41:28Z,2025-08-06T18:27:00Z,ARR,med,14.0
1 (08-06),True,False,TORONTO,VANCOUVER,2025-08-06,3,Sudbury (Jct.),SUDJ,2025-08-06T21:18:49Z,2025-08-06T20:57:00Z,ARR,bad,21.0
1 (08-06),True,False,TORONTO,VANCOUVER,2025-08-06,4,Capreol,CAPR,2025-08-06T22:13:35Z,2025-08-06T21:22:00Z,ARR,bad,51.0
1 (08-06),True,False,TORONTO,VANCOUVER,2025-08-06,5,Laforest,LAFO,2025-08-06T23:40:03Z,2025-08-06T22:48:00Z,ARR,bad,52.0
1 (08-06),True,False,TORONTO,VANCOUVER,2025-08-06,6,McKee's Camp,MCKC,2025-08-06T23:53:03Z,2025-08-06T23:01:00Z,ARR,bad,52.0
1 (08-06),True,False,TORONTO,VANCOUVER,2025-08-06,7,Felix,FELX,2025-08-07T00:13:03Z,2025-08-06T23:21:00Z,ARR,bad,52.0
1 (08-06),True,False,TORONTO,VANCOUVER,2025-08-06,8,Ruel,RUEL,2025-08-07T00:20:03Z,2025-08-06T23:28:00Z,ARR,bad,52.0
1 (08-06),True,False,TORONTO,VANCOUVER,2025-08-06,9,Westree,WSTR,2025-08-07T00:37:03Z,2025-08-06T23:45:00Z,ARR,bad,52.0
1 (08-06),True,False,TORONTO,VANCOUVER,2025-08-06,10,Gogama,GOGA,2025-08-07T01:06:14Z,2025-08-07T00:18:00Z,ARR,bad,48.0
1 (08-06),True,False,TORONTO,VANCOUVER,2025-08-06,11,Foleyet,FOLE,2025-08-07T02:35:56Z,2025-08-07T02:44:00Z,ARR,goo,-8.0
1 (08-06),True,False,TORONTO,VANCOUVER,2025-08-06,12,Elsas,ELSA,2025-08-07T03:39:11Z,2025-08-07T03:38:00Z,ARR,goo,1.0
1 (08-06),True,False,TORONTO,VANCOUVER,2025-08-06,13,Oba,OBAX,2025-08-07T05:39:11Z,2025-08-07T05:38:00Z,ARR,goo,1.0
1 (08-06),True,False,TORONTO,VANCOUVER,2025-08-06,14,Hornepayne,HNPN,2025-08-07T06:39:29Z,2025-08-07T06:29:00Z,ARR,med,10.0
1 (08-06),True,False,TORONTO,VANCOUVER,2025-08-06,15,Hillsport,HLSP,2025-08-07T09:10:17Z,2025-08-07T08:05:00Z,ARR,bad,65.0
1 (08-06),True,False,TORONTO,VANCOUVER,2025-08-06,16,Caramat,CARA,2025-08-07T09:46:38Z,2025-08-07T08:55:00Z,ARR,bad,51.0
1 (08-06),True,False,TORONTO,VANCOUVER,2025-08-06,17,Longlac,LLAC,2025-08-07T10:36:39Z,2025-08-07T09:34:00Z,ARR,bad,62.0
1 (08-06),True,False,TORONTO,VANCOUVER,2025-08-06,18,Nakina,NAKI,2025-08-07T11:32:05Z,2025-08-07T10:13:00Z,ARR,bad,79.0
1 (08-06),True,False,TORONTO,VANCOUVER,2025-08-06,19,Auden,AUDN,2025-08-07T12:36:58Z,2025-08-07T11:19:00Z,ARR,bad,77.0
1 (08-06),True,False,TORONTO,VANCOUVER,2025-08-06,20,Ferland,FERL,2025-08-07T13:13:58Z,2025-08-07T11:56:00Z,ARR,bad,77.0
1 (08-06),True,False,TORONTO,VANCOUVER,2025-08-06,21,Mud River,MUDR,2025-08-07T13:22:58Z,2025-08-07T12:05:00Z,ARR,bad,77.0
1 (08-06),True,False,TORONTO,VANCOUVER,2025-08-06,22,Armstrong,ARMG,2025-08-07T13:47:37Z,2025-08-07T13:17:00Z,ARR,bad,30.0
1 (08-06),True,False,TORONTO,VANCOUVER,2025-08-06,23,Collins,COLL,2025-08-07T14:32:40Z,2025-08-07T13:47:00Z,ARR,bad,45.0
1 (08-06),True,False,TORONTO,VANCOUVER,2025-08-06,24,Allanwater Bridge,ALWB,2025-08-07T15:11:40Z,2025-08-07T14:26:00Z,ARR,bad,45.0
1 (08-06),True,False,TORONTO,VANCOUVER,2025-08-06,25,Flindt Landing,FLTL,2025-08-07T15:27:40Z,2025-08-07T14:42:00Z,ARR,bad,45.0
1 (08-06),True,False,TORONTO,VANCOUVER,2025-08-06,26,Savant Lake,SAVL,2025-08-07T15:44:40Z,2025-08-07T14:59:00Z,ARR,bad,45.0
1 (08-06),True,False,TORONTO,VANCOUVER,2025-08-06,27,Sioux Lookout,SLKT,2025-08-07T17:41:07Z,2025-08-07T16:25:00Z,ARR,bad,76.0
1 (08-06),True,False,TORONTO,VANCOUVER,2025-08-06,28,Richan,RCHN,2025-08-07T19:55:15Z,2025-08-07T18:05:00Z,ARR,bad,110.0
1 (08-06),True,False,TORONTO,VANCOUVER,2025-08-06,29,Red Lake Road,RLRX,2025-08-07T20:26:49Z,2025-08-07T18:41:00Z,ARR,bad,105.0
1 (08-06),True,False,TORONTO,VANCOUVER,2025-08-06,30,Canyon,CNYK,2025-08-07T21:22:44Z,2025-08-07T19:10:00Z,ARR,bad,132.0
1 (08-06),True,False,TORONTO,VANCOUVER,2025-08-06,31,Farlane,FARL,2025-08-07T21:56:29Z,2025-08-07T19:47:00Z,ARR,bad,129.0
1 (08-06),True,False,TORONTO,VANCOUVER,2025-08-06,32,Redditt,RDDT,2025-08-07T22:15:49Z,2025-08-07T20:23:00Z,ARR,bad,112.0
1 (08-06),True,False,TORONTO,VANCOUVER,2025-08-06,33,Minaki,MNKI,2025-08-07T22:46:11Z,2025-08-07T20:44:00Z,ARR,bad,122.0
1 (08-06),True,False,TORONTO,VANCOUVER,2025-08-06,34,Ottermere,OTTM,2025-08-07T23:02:17Z,2025-08-07T21:01:00Z,ARR,bad,121.0
1 (08-06),True,False,TORONTO,VANCOUVER,2025-08-06,35,Malachi,MLCH,2025-08-07T23:08:17Z,2025-08-07T21:07:00Z,ARR,bad,121.0
1 (08-06),True,False,TORONTO,VANCOUVER,2025-08-06,36,Copelands Landing,COPE,2025-08-07T23:10:17Z,2025-08-07T21:09:00Z,ARR,bad,121.0
1 (08-06),True,False,TORONTO,VANCOUVER,2025-08-06,37,Rice Lake,RCLK,2025-08-07T23:27:00Z,2025-08-07T21:12:00Z,ARR,bad,135.0
1 (08-06),True,False,TORONTO,VANCOUVER,2025-08-06,38,Winnitoba,WNTB,2025-08-07T23:38:16Z,2025-08-07T21:26:00Z,ARR,bad,132.0
1 (08-06),True,False,TORONTO,VANCOUVER,2025-08-06,39,Ophir,OPHR,2025-08-07T23:37:01Z,2025-08-07T21:31:00Z,ARR,bad,126.0
1 (08-06),True,False,TORONTO,VANCOUVER,2025-08-06,40,Brereton Lake,BRTL,2025-08-08T00:05:19Z,2025-08-07T21:49:00Z,ARR,bad,136.0
1 (08-06),True,False,TORONTO,VANCOUVER,2025-08-06,41,Elma,ELMA,2025-08-08T00:27:07Z,2025-08-07T22:10:00Z,ARR,bad,137.0
1 (08-06),True,False,TORONTO,VANCOUVER,2025-08-06,42,Winnipeg,WNPG,2025-08-08T01:52:49Z,2025-08-08T00:30:00Z,ARR,bad,82.0
1 (08-06),True,False,TORONTO,VANCOUVER,2025-08-06,43,Portage La Prairie,PLPX,2025-08-08T05:57:03Z,2025-08-08T04:04:00Z,ARR,bad,113.0
1 (08-06),True,False,TORONTO,VANCOUVER,2025-08-06,44,Rivers,RVRS,2025-08-08T07:45:26Z,2025-08-08T06:31:00Z,ARR,bad,74.0
1 (08-06),True,False,TORONTO,VANCOUVER,2025-08-06,45,Melville,MELV,2025-08-08T11:53:28Z,2025-08-08T10:54:00Z,ARR,bad,59.0
1 (08-06),True,False,TORONTO,VANCOUVER,2025-08-06,46,Watrous,WATR,2025-08-08T14:40:56Z,2025-08-08T13:54:00Z,ARR,bad,46.0
1 (08-06),True,False,TORONTO,VANCOUVER,2025-08-06,47,Saskatoon,SASK,2025-08-08T15:57:26Z,2025-08-08T15:50:00Z,ARR,med,7.0
1 (08-06),True,False,TORONTO,VANCOUVER,2025-08-06,48,Biggar,BIGG,2025-08-08T18:51:59Z,2025-08-08T18:29:00Z,ARR,bad,22.0
1 (08-06),True,False,TORONTO,VANCOUVER,2025-08-06,49,Unity,UNIT,2025-08-08T20:01:19Z,2025-08-08T19:44:00Z,ARR,bad,17.0
1 (08-06),True,False,TORONTO,VANCOUVER,2025-08-06,50,Wainwright,WAIN,2025-08-08T22:45:14Z,2025-08-08T22:33:00Z,ARR,med,12.0
1 (08-06),True,False,TORONTO,VANCOUVER,2025-08-06,51,Viking,VKNG,2025-08-09T00:04:54Z,2025-08-08T23:26:00Z,ARR,bad,38.0
1 (08-06),True,False,TORONTO,VANCOUVER,2025-08-06,52,Edmonton,EDMO,2025-08-09T01:49:28Z,2025-08-09T02:50:00Z,ARR,goo,-60.0
1 (08-06),True,False,TORONTO,VANCOUVER,2025-08-06,53,Evansburg,EVAN,2025-08-09T07:37:44Z,2025-08-09T07:29:00Z,ARR,med,8.0
1 (08-06),True,False,TORONTO,VANCOUVER,2025-08-06,54,Edson,EDSN,2025-08-09T09:29:03Z,2025-08-09T08:52:00Z,ARR,bad,37.0
1 (08-06),True,False,TORONTO,VANCOUVER,2025-08-06,55,Hinton,HINT,2025-08-09T11:33:19Z,2025-08-09T09:58:00Z,ARR,bad,95.0
1 (08-06),True,False,TORONTO,VANCOUVER,2025-08-06,56,Jasper,JASP,2025-08-09T13:15:25Z,2025-08-09T12:30:00Z,ARR,bad,45.0
1 (08-06),True,False,TORONTO,VANCOUVER,2025-08-06,57,Valemount,VLMT,2025-08-09T18:29:11Z,2025-08-09T17:50:00Z,ARR,bad,39.0
1 (08-06),True,False,TORONTO,VANCOUVER,2025-08-06,58,Blue River,BLUE,2025-08-09T20:13:28Z,2025-08-09T20:36:00Z,ARR,goo,-22.0
1 (08-06),True,False,TORONTO,VANCOUVER,2025-08-06,59,Clearwater,CLWT,2025-08-09T22:44:29Z,2025-08-09T22:45:00Z,ARR,goo,0.0
1 (08-06),True,False,TORONTO,VANCOUVER,2025-08-06,60,Kamloops North,KAMN,2025-08-10T00:47:50Z,2025-08-10T01:28:00Z,ARR,goo,-40.0
1 (08-06),True,False,TORONTO,VANCOUVER,2025-08-06,61,Ashcroft,ASHN,2025-08-10T03:19:15Z,2025-08-10T03:49:00Z,ARR,goo,-29.0
1 (08-06),True,False,TORONTO,VANCOUVER,2025-08-06,62,Boston Bar,BBAR,2025-08-10T06:01:20Z,2025-08-10T06:36:00Z,2h19,goo,-34.0
1 (08-06),True,False,TORONTO,VANCOUVER,2025-08-06,63,Hope,HOPE,2025-08-10T08:06:00Z,2025-08-10T08:06:00Z,4h24,goo,0.0
1 (08-06),True,False,TORONTO,VANCOUVER,2025-08-06,64,Chilliwack,CHIL,&mdash;,2025-08-10T08:30:00Z,&mdash;,,
1 (08-06),True,False,TORONTO,VANCOUVER,2025-08-06,65,Abbotsford,ABBO,&mdash;,2025-08-10T09:00:00Z,&mdash;,,
1 (08-06),True,False,TORONTO,VANCOUVER,2025-08-06,66,Vancouver,VCVR,&mdash;,2025-08-10T15:00:00Z,&mdash;,,
692 (08-07),True,True,CHURCHILL,WINNIPEG,2025-08-07,0,Churchill,CHUR,2025-08-08T01:30:00Z,2025-08-08T01:30:00Z,ARR,goo,0.0
692 (08-07),True,True,CHURCHILL,WINNIPEG,2025-08-07,1,Tidal,TIDL,2025-08-08T01:58:22Z,2025-08-08T01:52:00Z,ARR,med,6.0
692 (08-07),True,True,CHURCHILL,WINNIPEG,2025-08-07,2,Chesnaye,CHES,2025-08-08T02:52:13Z,2025-08-08T02:38:00Z,ARR,med,14.0
692 (08-07),True,True,CHURCHILL,WINNIPEG,2025-08-07,3,M'Clintock,MCLI,2025-08-08T04:08:13Z,2025-08-08T03:54:00Z,ARR,med,14.0
692 (08-07),True,True,CHURCHILL,WINNIPEG,2025-08-07,4,O'Day,ODAY,2025-08-08T04:53:13Z,2025-08-08T04:39:00Z,ARR,med,14.0
692 (08-07),True,True,CHURCHILL,WINNIPEG,2025-08-07,5,Herchmer,HERC,2025-08-08T05:32:13Z,2025-08-08T05:18:00Z,ARR,med,14.0
692 (08-07),True,True,CHURCHILL,WINNIPEG,2025-08-07,6,Thibaudeau,THIB,2025-08-08T06:58:13Z,2025-08-08T06:44:00Z,ARR,med,14.0
692 (08-07),True,True,CHURCHILL,WINNIPEG,2025-08-07,7,Weir River,WEIR,2025-08-08T07:53:10Z,2025-08-08T07:46:00Z,ARR,med,7.0
692 (08-07),True,True,CHURCHILL,WINNIPEG,2025-08-07,8,Amery,AMRY,2025-08-08T08:35:57Z,2025-08-08T08:37:00Z,ARR,goo,-1.0
692 (08-07),True,True,CHURCHILL,WINNIPEG,2025-08-07,9,Bird,BIRD,2025-08-08T09:08:25Z,2025-08-08T09:00:00Z,ARR,med,8.0
692 (08-07),True,True,CHURCHILL,WINNIPEG,2025-08-07,10,Gillam,GILL,2025-08-08T09:54:40Z,2025-08-08T10:00:00Z,ARR,goo,-5.0
692 (08-07),True,True,CHURCHILL,WINNIPEG,2025-08-07,11,Wivenhoe,WVHO,2025-08-08T11:16:23Z,2025-08-08T11:16:00Z,ARR,goo,0.0
692 (08-07),True,True,CHURCHILL,WINNIPEG,2025-08-07,12,Ilford,ILFO,2025-08-08T12:12:31Z,2025-08-08T11:53:00Z,ARR,bad,19.0
692 (08-07),True,True,CHURCHILL,WINNIPEG,2025-08-07,13,Pit Siding,PITS,2025-08-08T13:13:31Z,2025-08-08T12:54:00Z,ARR,bad,19.0
692 (08-07),True,True,CHURCHILL,WINNIPEG,2025-08-07,14,Bridgar,BRGR,2025-08-08T14:35:31Z,2025-08-08T14:16:00Z,ARR,bad,19.0
692 (08-07),True,True,CHURCHILL,WINNIPEG,2025-08-07,15,Pikwitonei,PIKW,2025-08-08T14:46:31Z,2025-08-08T14:27:00Z,ARR,bad,19.0
692 (08-07),True,True,CHURCHILL,WINNIPEG,2025-08-07,16,Sipiwesk,SIPI,2025-08-08T15:13:31Z,2025-08-08T14:54:00Z,ARR,bad,19.0
692 (08-07),True,True,CHURCHILL,WINNIPEG,2025-08-07,17,Thompson,THOM,2025-08-08T18:32:56Z,2025-08-08T16:30:00Z,ARR,bad,122.0
692 (08-07),True,True,CHURCHILL,WINNIPEG,2025-08-07,18,Leven,LEVN,2025-08-08T21:46:07Z,2025-08-08T21:05:00Z,ARR,bad,41.0
692 (08-07),True,True,CHURCHILL,WINNIPEG,2025-08-07,19,Thicket Portage,THKP,2025-08-08T22:03:07Z,2025-08-08T21:22:00Z,ARR,bad,41.0
692 (08-07),True,True,CHURCHILL,WINNIPEG,2025-08-07,20,Hockin,HOCK,2025-08-08T21:27:35Z,2025-08-08T21:37:00Z,ARR,goo,-9.0
692 (08-07),True,True,CHURCHILL,WINNIPEG,2025-08-07,21,Odhill,ODHI,2025-08-08T22:07:06Z,2025-08-08T22:21:00Z,ARR,goo,-13.0
692 (08-07),True,True,CHURCHILL,WINNIPEG,2025-08-07,22,Lyddal,LYDD,2025-08-08T22:43:00Z,2025-08-08T22:43:00Z,ARR,goo,0.0
692 (08-07),True,True,CHURCHILL,WINNIPEG,2025-08-07,23,Wabowden,WBDN,2025-08-08T23:11:00Z,2025-08-08T23:11:00Z,ARR,goo,0.0
692 (08-07),True,True,CHURCHILL,WINNIPEG,2025-08-07,24,Pipun,PIPN,2025-08-08T23:34:00Z,2025-08-08T23:34:00Z,ARR,goo,0.0
692 (08-07),True,True,CHURCHILL,WINNIPEG,2025-08-07,25,Ponton,PNTN,2025-08-09T00:17:00Z,2025-08-09T00:17:00Z,ARR,goo,0.0
692 (08-07),True,True,CHURCHILL,WINNIPEG,2025-08-07,26,Turnbull,TURN,2025-08-09T00:49:00Z,2025-08-09T00:49:00Z,ARR,goo,0.0
692 (08-07),True,True,CHURCHILL,WINNIPEG,2025-08-07,27,Wekusko,WEKU,2025-08-09T01:16:00Z,2025-08-09T01:16:00Z,ARR,goo,0.0
692 (08-07),True,True,CHURCHILL,WINNIPEG,2025-08-07,28,Dyce,DYCE,2025-08-09T01:32:57Z,2025-08-09T02:00:00Z,ARR,goo,-27.0
692 (08-07),True,True,CHURCHILL,WINNIPEG,2025-08-07,29,Dering,DERI,2025-08-09T02:39:00Z,2025-08-09T02:39:00Z,ARR,goo,0.0
692 (08-07),True,True,CHURCHILL,WINNIPEG,2025-08-07,30,Cormorant,CORM,2025-08-09T02:47:00Z,2025-08-09T02:47:00Z,ARR,goo,0.0
692 (08-07),True,True,CHURCHILL,WINNIPEG,2025-08-07,31,Halcrow,HALC,2025-08-09T02:58:00Z,2025-08-09T02:58:00Z,ARR,goo,0.0
692 (08-07),True,True,CHURCHILL,WINNIPEG,2025-08-07,32,Orok,OROK,2025-08-09T03:52:00Z,2025-08-09T03:52:00Z,ARR,goo,0.0
692 (08-07),True,True,CHURCHILL,WINNIPEG,2025-08-07,33,The Pas,TPAS,2025-08-09T03:36:46Z,2025-08-09T04:30:00Z,ARR,goo,-53.0
692 (08-07),True,True,CHURCHILL,WINNIPEG,2025-08-07,34,Hudson Bay,HBAY,2025-08-09T10:36:33Z,2025-08-09T10:27:00Z,ARR,med,9.0
692 (08-07),True,True,CHURCHILL,WINNIPEG,2025-08-07,35,Reserve,RSRV,2025-08-09T11:32:25Z,2025-08-09T11:09:00Z,ARR,bad,23.0
692 (08-07),True,True,CHURCHILL,WINNIPEG,2025-08-07,36,Endeavour,ENDV,2025-08-09T12:24:38Z,2025-08-09T11:55:00Z,ARR,bad,29.0
692 (08-07),True,True,CHURCHILL,WINNIPEG,2025-08-07,37,Sturgis,STGS,2025-08-09T12:55:28Z,2025-08-09T12:24:00Z,ARR,bad,31.0
692 (08-07),True,True,CHURCHILL,WINNIPEG,2025-08-07,38,Canora,CANO,2025-08-09T13:40:18Z,2025-08-09T13:08:00Z,ARR,bad,32.0
692 (08-07),True,True,CHURCHILL,WINNIPEG,2025-08-07,39,Mikado,MIKA,2025-08-09T14:05:46Z,2025-08-09T13:30:00Z,ARR,bad,35.0
692 (08-07),True,True,CHURCHILL,WINNIPEG,2025-08-07,40,Veregin,VERE,2025-08-09T14:17:02Z,2025-08-09T13:43:00Z,ARR,bad,34.0
692 (08-07),True,True,CHURCHILL,WINNIPEG,2025-08-07,41,Kamsack,KAMS,2025-08-09T14:28:18Z,2025-08-09T13:58:00Z,ARR,bad,30.0
692 (08-07),True,True,CHURCHILL,WINNIPEG,2025-08-07,42,Togo,TOGO,2025-08-09T15:02:53Z,2025-08-09T14:37:00Z,ARR,bad,25.0
692 (08-07),True,True,CHURCHILL,WINNIPEG,2025-08-07,43,Roblin,RBLN,2025-08-09T15:37:06Z,2025-08-09T15:14:00Z,ARR,bad,23.0
692 (08-07),True,True,CHURCHILL,WINNIPEG,2025-08-07,44,Grandview,GVIE,2025-08-09T16:48:27Z,2025-08-09T16:12:00Z,ARR,bad,36.0
692 (08-07),True,True,CHURCHILL,WINNIPEG,2025-08-07,45,Gilbert Plains,GLBP,2025-08-09T17:06:10Z,2025-08-09T16:32:00Z,ARR,bad,34.0
692 (08-07),True,True,CHURCHILL,WINNIPEG,2025-08-07,46,Dauphin,DAUP,2025-08-09T18:17:58Z,2025-08-09T16:56:00Z,ARR,bad,81.0
692 (08-07),True,True,CHURCHILL,WINNIPEG,2025-08-07,47,Ochre River,OCHR,2025-08-09T18:47:25Z,2025-08-09T17:20:00Z,ARR,bad,87.0
692 (08-07),True,True,CHURCHILL,WINNIPEG,2025-08-07,48,Laurier,LRIE,2025-08-09T19:03:10Z,2025-08-09T17:38:00Z,ARR,bad,85.0
692 (08-07),True,True,CHURCHILL,WINNIPEG,2025-08-07,49,Mccreary,MCCR,2025-08-09T19:29:05Z,2025-08-09T17:54:00Z,ARR,bad,95.0
692 (08-07),True,True,CHURCHILL,WINNIPEG,2025-08-07,50,Glenella,GLNA,2025-08-09T20:22:11Z,2025-08-09T18:34:00Z,ARR,bad,108.0
692 (08-07),True,True,CHURCHILL,WINNIPEG,2025-08-07,51,Plumas,PLUM,2025-08-09T21:09:46Z,2025-08-09T19:06:00Z,ARR,bad,123.0
692 (08-07),True,True,CHURCHILL,WINNIPEG,2025-08-07,52,Gladstone,GSTO,2025-08-09T21:39:28Z,2025-08-09T19:51:00Z,ARR,bad,108.0
692 (08-07),True,True,CHURCHILL,WINNIPEG,2025-08-07,53,Portage La Prairie,PLPX,2025-08-09T22:26:43Z,2025-08-09T20:37:00Z,ARR,bad,109.0
692 (08-07),True,True,CHURCHILL,WINNIPEG,2025-08-07,54,Winnipeg,WNPG,2025-08-09T23:38:20Z,2025-08-09T21:45:00Z,ARR,bad,113.0
2 (08-08),True,False,VANCOUVER,TORONTO,2025-08-08,0,Vancouver,VCVR,2025-08-08T22:00:47Z,2025-08-08T22:00:00Z,ARR,goo,0.0
2 (08-08),True,False,VANCOUVER,TORONTO,2025-08-08,1,Mission Harbour,MSNH,2025-08-08T23:56:57Z,2025-08-08T23:35:00Z,ARR,bad,21.0
2 (08-08),True,False,VANCOUVER,TORONTO,2025-08-08,2,Agassiz,AGAS,2025-08-09T00:43:36Z,2025-08-09T00:03:00Z,ARR,bad,40.0
2 (08-08),True,False,VANCOUVER,TORONTO,2025-08-08,3,Katz,KATZ,2025-08-09T01:05:51Z,2025-08-09T00:17:00Z,ARR,bad,48.0
2 (08-08),True,False,VANCOUVER,TORONTO,2025-08-08,4,North Bend,NBND,2025-08-09T02:52:19Z,2025-08-09T02:46:00Z,ARR,med,6.0
2 (08-08),True,False,VANCOUVER,TORONTO,2025-08-08,5,Ashcroft,ASHN,2025-08-09T06:14:22Z,2025-08-09T05:32:00Z,ARR,bad,42.0
2 (08-08),True,False,VANCOUVER,TORONTO,2025-08-08,6,Kamloops North,KAMN,2025-08-09T07:56:13Z,2025-08-09T07:17:00Z,ARR,bad,39.0
2 (08-08),True,False,VANCOUVER,TORONTO,2025-08-08,7,Clearwater,CLWT,2025-08-09T10:07:14Z,2025-08-09T09:58:00Z,ARR,med,9.0
2 (08-08),True,False,VANCOUVER,TORONTO,2025-08-08,8,Blue River,BLUE,2025-08-09T12:02:33Z,2025-08-09T12:11:00Z,ARR,goo,-8.0
2 (08-08),True,False,VANCOUVER,TORONTO,2025-08-08,9,Valemount,VLMT,2025-08-09T13:57:23Z,2025-08-09T14:01:00Z,ARR,goo,-3.0
2 (08-08),True,False,VANCOUVER,TORONTO,2025-08-08,10,Jasper,JASP,2025-08-09T16:29:29Z,2025-08-09T17:00:00Z,ARR,goo,-30.0
2 (08-08),True,False,VANCOUVER,TORONTO,2025-08-08,11,Hinton,HINT,2025-08-09T20:21:49Z,2025-08-09T19:45:00Z,ARR,bad,36.0
2 (08-08),True,False,VANCOUVER,TORONTO,2025-08-08,12,Edson,EDSN,2025-08-10T00:00:25Z,2025-08-09T21:19:00Z,ARR,bad,161.0
2 (08-08),True,False,VANCOUVER,TORONTO,2025-08-08,13,Evansburg,EVAN,2025-08-10T01:49:27Z,2025-08-09T22:28:00Z,ARR,bad,201.0
2 (08-08),True,False,VANCOUVER,TORONTO,2025-08-08,14,Edmonton,EDMO,2025-08-10T03:06:23Z,2025-08-10T00:50:00Z,ARR,bad,136.0
2 (08-08),True,False,VANCOUVER,TORONTO,2025-08-08,15,Viking,VKNG,2025-08-10T06:09:39Z,2025-08-10T03:53:00Z,2h27,bad,136.0
2 (08-08),True,False,VANCOUVER,TORONTO,2025-08-08,16,Wainwright,WAIN,2025-08-10T08:30:39Z,2025-08-10T06:14:00Z,4h48,bad,136.0
2 (08-08),True,False,VANCOUVER,TORONTO,2025-08-08,17,Unity,UNIT,&mdash;,2025-08-10T07:47:00Z,&mdash;,,
2 (08-08),True,False,VANCOUVER,TORONTO,2025-08-08,18,Biggar,BIGG,&mdash;,2025-08-10T09:21:00Z,&mdash;,,
2 (08-08),True,False,VANCOUVER,TORONTO,2025-08-08,19,Saskatoon,SASK,&mdash;,2025-08-10T11:57:00Z,&mdash;,,
2 (08-08),True,False,VANCOUVER,TORONTO,2025-08-08,20,Watrous,WATR,&mdash;,2025-08-10T14:26:00Z,&mdash;,,
692 (08-09),True,False,CHURCHILL,WINNIPEG,2025-08-09,0,Churchill,CHUR,2025-08-10T01:30:00Z,2025-08-10T01:30:00Z,ARR,goo,0.0
692 (08-09),True,False,CHURCHILL,WINNIPEG,2025-08-09,1,Tidal,TIDL,2025-08-10T01:56:13Z,2025-08-10T01:52:00Z,ARR,goo,4.0
692 (08-09),True,False,CHURCHILL,WINNIPEG,2025-08-09,2,Chesnaye,CHES,2025-08-10T02:55:00Z,2025-08-10T02:38:00Z,ARR,bad,17.0
692 (08-09),True,False,CHURCHILL,WINNIPEG,2025-08-09,3,M'Clintock,MCLI,2025-08-10T04:15:03Z,2025-08-10T03:54:00Z,33 mins,bad,21.0
692 (08-09),True,False,CHURCHILL,WINNIPEG,2025-08-09,4,O'Day,ODAY,2025-08-10T05:00:03Z,2025-08-10T04:39:00Z,1h18,bad,21.0
692 (08-09),True,False,CHURCHILL,WINNIPEG,2025-08-09,5,Herchmer,HERC,2025-08-10T05:39:03Z,2025-08-10T05:18:00Z,1h57,bad,21.0
692 (08-09),True,False,CHURCHILL,WINNIPEG,2025-08-09,6,Thibaudeau,THIB,2025-08-10T07:05:03Z,2025-08-10T06:44:00Z,3h23,bad,21.0
692 (08-09),True,False,CHURCHILL,WINNIPEG,2025-08-09,7,Weir River,WEIR,2025-08-10T08:07:03Z,2025-08-10T07:46:00Z,4h25,bad,21.0
692 (08-09),True,False,CHURCHILL,WINNIPEG,2025-08-09,8,Amery,AMRY,2025-08-10T08:58:03Z,2025-08-10T08:37:00Z,5h16,bad,21.0
692 (08-09),True,False,CHURCHILL,WINNIPEG,2025-08-09,9,Bird,BIRD,2025-08-10T09:21:03Z,2025-08-10T09:00:00Z,5h39,bad,21.0
692 (08-09),True,False,CHURCHILL,WINNIPEG,2025-08-09,10,Gillam,GILL,2025-08-10T10:21:03Z,2025-08-10T10:00:00Z,6h39,bad,21.0
692 (08-09),True,False,CHURCHILL,WINNIPEG,2025-08-09,11,Wivenhoe,WVHO,2025-08-10T11:37:03Z,2025-08-10T11:16:00Z,7h55,bad,21.0
692 (08-09),True,False,CHURCHILL,WINNIPEG,2025-08-09,12,Ilford,ILFO,2025-08-10T12:14:03Z,2025-08-10T11:53:00Z,8h32,bad,21.0
692 (08-09),True,False,CHURCHILL,WINNIPEG,2025-08-09,13,Pit Siding,PITS,2025-08-10T13:15:03Z,2025-08-10T12:54:00Z,9h33,bad,21.0
692 (08-09),True,False,CHURCHILL,WINNIPEG,2025-08-09,14,Bridgar,BRGR,2025-08-10T14:37:03Z,2025-08-10T14:16:00Z,10h55,bad,21.0
692 (08-09),True,False,CHURCHILL,WINNIPEG,2025-08-09,15,Pikwitonei,PIKW,2025-08-10T14:48:03Z,2025-08-10T14:27:00Z,11h06,bad,21.0
692 (08-09),True,False,CHURCHILL,WINNIPEG,2025-08-09,16,Sipiwesk,SIPI,2025-08-10T15:15:03Z,2025-08-10T14:54:00Z,11h33,bad,21.0
692 (08-09),True,False,CHURCHILL,WINNIPEG,2025-08-09,17,Thompson,THOM,2025-08-10T16:51:03Z,2025-08-10T16:30:00Z,13h09,bad,21.0
15,True,True,HALIFAX,MONTRÉAL,2025-08-08,0,Halifax,HLFX,2025-08-08T14:55:28Z,2025-08-08T14:30:00Z,ARR,bad,25.0
15,True,True,HALIFAX,MONTRÉAL,2025-08-08,1,Truro,TRUR,2025-08-08T16:18:49Z,2025-08-08T15:56:00Z,ARR,bad,22.0
15,True,True,HALIFAX,MONTRÉAL,2025-08-08,2,Springhill Jct,SPRJ,2025-08-08T17:53:02Z,2025-08-08T17:11:00Z,ARR,bad,42.0
15,True,True,HALIFAX,MONTRÉAL,2025-08-08,3,Amherst,AMHS,2025-08-08T18:21:21Z,2025-08-08T17:34:00Z,ARR,bad,47.0
15,True,True,HALIFAX,MONTRÉAL,2025-08-08,4,Sackville,SACK,2025-08-08T18:36:39Z,2025-08-08T17:50:00Z,ARR,bad,46.0
15,True,True,HALIFAX,MONTRÉAL,2025-08-08,5,Moncton,MCTN,2025-08-08T19:24:40Z,2025-08-08T18:44:00Z,ARR,bad,40.0
15,True,True,HALIFAX,MONTRÉAL,2025-08-08,6,Rogersville,RGRV,2025-08-08T21:43:25Z,2025-08-08T20:08:00Z,ARR,bad,95.0
15,True,True,HALIFAX,MONTRÉAL,2025-08-08,7,Miramichi,MIRA,2025-08-08T22:36:09Z,2025-08-08T20:59:00Z,ARR,bad,97.0
15,True,True,HALIFAX,MONTRÉAL,2025-08-08,8,Bathurst,BTRS,2025-08-09T00:16:51Z,2025-08-08T22:55:00Z,ARR,bad,81.0
15,True,True,HALIFAX,MONTRÉAL,2025-08-08,9,Petit Rocher,PROC,2025-08-09T00:44:55Z,2025-08-08T23:22:00Z,ARR,bad,82.0
15,True,True,HALIFAX,MONTRÉAL,2025-08-08,10,Jacquet River,JACR,2025-08-09T01:26:11Z,2025-08-08T23:44:01Z,ARR,bad,102.0
15,True,True,HALIFAX,MONTRÉAL,2025-08-08,11,Charlo,CHLO,2025-08-09T02:23:37Z,2025-08-09T00:07:00Z,ARR,bad,136.0
15,True,True,HALIFAX,MONTRÉAL,2025-08-08,12,Campbellton,CBTN,2025-08-09T03:19:23Z,2025-08-09T01:10:00Z,ARR,bad,129.0
15,True,True,HALIFAX,MONTRÉAL,2025-08-08,13,Matapedia,MTPD,2025-08-09T04:06:40Z,2025-08-09T01:52:00Z,ARR,bad,134.0
15,True,True,HALIFAX,MONTRÉAL,2025-08-08,14,Causapscal,CAUS,2025-08-09T05:04:54Z,2025-08-09T02:41:00Z,ARR,bad,143.0
15,True,True,HALIFAX,MONTRÉAL,2025-08-08,15,Amqui,AMQU,2025-08-09T05:32:55Z,2025-08-09T03:01:00Z,ARR,bad,151.0
15,True,True,HALIFAX,MONTRÉAL,2025-08-08,16,Sayabec,SAYA,2025-08-09T06:06:38Z,2025-08-09T03:23:00Z,ARR,bad,163.0
15,True,True,HALIFAX,MONTRÉAL,2025-08-08,17,Mont-Joli,MJLI,2025-08-09T07:14:06Z,2025-08-09T04:53:00Z,ARR,bad,141.0
15,True,True,HALIFAX,MONTRÉAL,2025-08-08,18,Rimouski,RMSK,2025-08-09T07:44:40Z,2025-08-09T05:24:00Z,ARR,bad,140.0
15,True,True,HALIFAX,MONTRÉAL,2025-08-08,19,Trois Pistoles,TPIS,2025-08-09T09:00:28Z,2025-08-09T06:29:00Z,ARR,bad,151.0
15,True,True,HALIFAX,MONTRÉAL,2025-08-08,20,Rivière-Du-Loup,RDLX,2025-08-09T09:40:07Z,2025-08-09T07:16:00Z,ARR,bad,144.0
15,True,True,HALIFAX,MONTRÉAL,2025-08-08,21,La Pocatière,LPOC,2025-08-09T10:27:42Z,2025-08-09T08:05:00Z,ARR,bad,142.0
15,True,True,HALIFAX,MONTRÉAL,2025-08-08,22,Montmagny,MMGY,2025-08-09T10:55:42Z,2025-08-09T08:39:00Z,ARR,bad,136.0
15,True,True,HALIFAX,MONTRÉAL,2025-08-08,23,Ste-Foy,SFOY,2025-08-09T12:02:23Z,2025-08-09T10:13:00Z,ARR,bad,109.0
15,True,True,HALIFAX,MONTRÉAL,2025-08-08,24,Drummondville,DRMV,2025-08-09T14:29:13Z,2025-08-09T12:20:00Z,ARR,bad,129.0
15,True,True,HALIFAX,MONTRÉAL,2025-08-08,25,St. Hyacinthe,SHYA,2025-08-09T15:08:33Z,2025-08-09T13:00:00Z,ARR,bad,128.0
15,True,True,HALIFAX,MONTRÉAL,2025-08-08,26,St. Lambert,SLAM,2025-08-09T15:45:57Z,2025-08-09T13:34:00Z,ARR,bad,131.0
15,True,True,HALIFAX,MONTRÉAL,2025-08-08,27,Montréal,MTRL,2025-08-09T16:06:49Z,2025-08-09T13:53:00Z,ARR,bad,133.0
6,True,True,PRINCE RUPERT,JASPER,2025-08-08,0,Prince Rupert,PRUP,2025-08-08T15:09:30Z,2025-08-08T15:00:00Z,ARR,med,9.0
6,True,True,PRINCE RUPERT,JASPER,2025-08-08,1,Cassiar Cannery,CASS,2025-08-08T15:38:53Z,2025-08-08T15:20:00Z,ARR,bad,18.0
6,True,True,PRINCE RUPERT,JASPER,2025-08-08,2,Kwinitsa,KWIN,2025-08-08T16:17:44Z,2025-08-08T16:17:00Z,ARR,goo,0.0
6,True,True,PRINCE RUPERT,JASPER,2025-08-08,3,Terrace,TRRC,2025-08-08T17:23:39Z,2025-08-08T17:20:00Z,ARR,goo,3.0
6,True,True,PRINCE RUPERT,JASPER,2025-08-08,4,Usk,USKX,2025-08-08T18:02:40Z,2025-08-08T17:48:00Z,ARR,med,14.0
6,True,True,PRINCE RUPERT,JASPER,2025-08-08,5,Pacific,PACI,2025-08-08T18:18:34Z,2025-08-08T18:07:00Z,ARR,med,11.0
6,True,True,PRINCE RUPERT,JASPER,2025-08-08,6,Dorreen,DORR,2025-08-08T18:26:32Z,2025-08-08T18:19:00Z,ARR,med,7.0
6,True,True,PRINCE RUPERT,JASPER,2025-08-08,7,Cedarvale,CEDA,2025-08-08T18:48:51Z,2025-08-08T18:44:00Z,ARR,goo,4.0
6,True,True,PRINCE RUPERT,JASPER,2025-08-08,8,Kitwanga,KITW,2025-08-08T19:07:09Z,2025-08-08T18:48:01Z,ARR,bad,19.0
6,True,True,PRINCE RUPERT,JASPER,2025-08-08,9,New Hazelton,NHAZ,2025-08-08T19:51:01Z,2025-08-08T19:30:00Z,ARR,bad,21.0
6,True,True,PRINCE RUPERT,JASPER,2025-08-08,10,Smithers,SMTR,2025-08-08T21:02:08Z,2025-08-08T21:14:00Z,ARR,goo,-11.0
6,True,True,PRINCE RUPERT,JASPER,2025-08-08,11,Telkwa,TELK,2025-08-08T21:32:32Z,2025-08-08T21:37:00Z,ARR,goo,-4.0
6,True,True,PRINCE RUPERT,JASPER,2025-08-08,12,Houston,HOUS,2025-08-08T22:25:54Z,2025-08-08T22:22:00Z,ARR,goo,3.0
6,True,True,PRINCE RUPERT,JASPER,2025-08-08,13,Burns Lake,BRNL,2025-08-09T00:31:27Z,2025-08-08T23:32:00Z,ARR,bad,59.0
6,True,True,PRINCE RUPERT,JASPER,2025-08-08,14,Endako,ENDA,2025-08-09T01:22:35Z,2025-08-09T00:25:00Z,ARR,bad,57.0
6,True,True,PRINCE RUPERT,JASPER,2025-08-08,15,Fort Fraser,FFRA,2025-08-09T01:49:51Z,2025-08-09T00:57:00Z,ARR,bad,52.0
6,True,True,PRINCE RUPERT,JASPER,2025-08-08,16,Vanderhoof,VDRH,2025-08-09T02:23:27Z,2025-08-09T01:35:00Z,ARR,bad,48.0
6,True,True,PRINCE RUPERT,JASPER,2025-08-08,17,Prince George,PGEO,2025-08-09T04:28:06Z,2025-08-09T03:29:00Z,ARR,bad,59.0
6,True,True,PRINCE RUPERT,JASPER,2025-08-08,18,Willow River,WILR,2025-08-09T15:51:51Z,2025-08-09T15:48:00Z,ARR,goo,3.0
6,True,True,PRINCE RUPERT,JASPER,2025-08-08,19,Aleza Lake,ALZL,2025-08-09T16:17:02Z,2025-08-09T16:17:00Z,ARR,goo,0.0
6,True,True,PRINCE RUPERT,JASPER,2025-08-08,20,Upper Fraser,UFRZ,2025-08-09T16:25:02Z,2025-08-09T16:25:00Z,ARR,goo,0.0
6,True,True,PRINCE RUPERT,JASPER,2025-08-08,21,Mcgregor,MCGR,2025-08-09T16:26:27Z,2025-08-09T16:33:00Z,ARR,goo,-6.0
6,True,True,PRINCE RUPERT,JASPER,2025-08-08,22,Sinclair Mills,SINM,2025-08-09T16:38:50Z,2025-08-09T16:44:00Z,ARR,goo,-5.0
6,True,True,PRINCE RUPERT,JASPER,2025-08-08,23,Hutton,HUTT,2025-08-09T16:48:00Z,2025-08-09T16:48:00Z,ARR,goo,0.0
6,True,True,PRINCE RUPERT,JASPER,2025-08-08,24,Longworth,LWTH,2025-08-09T17:06:30Z,2025-08-09T16:59:00Z,ARR,med,7.0
6,True,True,PRINCE RUPERT,JASPER,2025-08-08,25,Penny,PENN,2025-08-09T17:27:39Z,2025-08-09T17:13:00Z,ARR,med,14.0
6,True,True,PRINCE RUPERT,JASPER,2025-08-08,26,Bend,BEND,2025-08-09T17:48:49Z,2025-08-09T17:32:00Z,ARR,bad,16.0
6,True,True,PRINCE RUPERT,JASPER,2025-08-08,27,Dome Creek,DOMC,2025-08-09T17:49:56Z,2025-08-09T17:33:07Z,ARR,bad,16.0
6,True,True,PRINCE RUPERT,JASPER,2025-08-08,28,Loos,LOOS,2025-08-09T19:06:01Z,2025-08-09T18:07:00Z,ARR,bad,59.0
6,True,True,PRINCE RUPERT,JASPER,2025-08-08,29,Goat River,GOAT,2025-08-09T19:18:50Z,2025-08-09T18:22:00Z,ARR,bad,56.0
6,True,True,PRINCE RUPERT,JASPER,2025-08-08,30,Mcbride,MCBR,2025-08-09T20:08:50Z,2025-08-09T19:18:00Z,ARR,bad,50.0
6,True,True,PRINCE RUPERT,JASPER,2025-08-08,31,Dunster,DNST,2025-08-09T20:41:32Z,2025-08-09T19:35:00Z,ARR,bad,66.0
6,True,True,PRINCE RUPERT,JASPER,2025-08-08,32,Harvey,HRVY,2025-08-09T21:14:07Z,2025-08-09T20:24:00Z,ARR,bad,50.0
6,True,True,PRINCE RUPERT,JASPER,2025-08-08,33,Jasper,JASP,2025-08-09T23:05:00Z,2025-08-09T23:00:00Z,ARR,med,5.0
691,True,True,THE PAS,CHURCHILL,2025-08-08,0,The Pas,TPAS,2025-08-08T07:30:00Z,2025-08-08T07:30:00Z,ARR,goo,0.0
691,True,True,THE PAS,CHURCHILL,2025-08-08,1,Orok,OROK,2025-08-08T08:08:54Z,2025-08-08T08:07:00Z,ARR,goo,1.0
691,True,True,THE PAS,CHURCHILL,2025-08-08,2,Halcrow,HALC,2025-08-08T09:00:58Z,2025-08-08T09:01:00Z,ARR,goo,0.0
691,True,True,THE PAS,CHURCHILL,2025-08-08,3,Cormorant,CORM,2025-08-08T09:12:00Z,2025-08-08T09:12:00Z,ARR,goo,0.0
691,True,True,THE PAS,CHURCHILL,2025-08-08,4,Dering,DERI,2025-08-08T09:20:00Z,2025-08-08T09:20:00Z,ARR,goo,0.0
691,True,True,THE PAS,CHURCHILL,2025-08-08,5,Dyce,DYCE,2025-08-08T09:55:56Z,2025-08-08T09:59:00Z,ARR,goo,-3.0
691,True,True,THE PAS,CHURCHILL,2025-08-08,6,Wekusko,WEKU,2025-08-08T10:34:52Z,2025-08-08T10:43:00Z,ARR,goo,-8.0
691,True,True,THE PAS,CHURCHILL,2025-08-08,7,Turnbull,TURN,2025-08-08T10:58:27Z,2025-08-08T11:10:00Z,ARR,goo,-11.0
691,True,True,THE PAS,CHURCHILL,2025-08-08,8,Ponton,PNTN,2025-08-08T11:25:53Z,2025-08-08T11:42:00Z,ARR,goo,-16.0
691,True,True,THE PAS,CHURCHILL,2025-08-08,9,Pipun,PIPN,2025-08-08T12:09:43Z,2025-08-08T12:25:00Z,ARR,goo,-15.0
691,True,True,THE PAS,CHURCHILL,2025-08-08,10,Wabowden,WBDN,2025-08-08T12:25:06Z,2025-08-08T12:48:00Z,ARR,goo,-22.0
691,True,True,THE PAS,CHURCHILL,2025-08-08,11,Lyddal,LYDD,2025-08-08T13:05:17Z,2025-08-08T13:16:00Z,ARR,goo,-10.0
691,True,True,THE PAS,CHURCHILL,2025-08-08,12,Odhill,ODHI,2025-08-08T13:26:18Z,2025-08-08T13:38:00Z,ARR,goo,-11.0
691,True,True,THE PAS,CHURCHILL,2025-08-08,13,Hockin,HOCK,2025-08-08T14:05:40Z,2025-08-08T14:22:00Z,ARR,goo,-16.0
691,True,True,THE PAS,CHURCHILL,2025-08-08,14,Thicket Portage,THKP,2025-08-08T14:18:46Z,2025-08-08T14:37:00Z,ARR,goo,-18.0
691,True,True,THE PAS,CHURCHILL,2025-08-08,15,Leven,LEVN,2025-08-08T14:47:50Z,2025-08-08T14:54:00Z,ARR,goo,-6.0
691,True,True,THE PAS,CHURCHILL,2025-08-08,16,Thompson,THOM,2025-08-08T18:09:42Z,2025-08-08T17:00:00Z,ARR,bad,69.0
691,True,True,THE PAS,CHURCHILL,2025-08-08,17,Sipiwesk,SIPI,2025-08-08T23:42:29Z,2025-08-08T23:35:00Z,ARR,med,7.0
691,True,True,THE PAS,CHURCHILL,2025-08-08,18,Pikwitonei,PIKW,2025-08-09T00:09:29Z,2025-08-09T00:02:00Z,ARR,med,7.0
691,True,True,THE PAS,CHURCHILL,2025-08-08,19,Bridgar,BRGR,2025-08-09T00:20:29Z,2025-08-09T00:13:00Z,ARR,med,7.0
691,True,True,THE PAS,CHURCHILL,2025-08-08,20,Pit Siding,PITS,2025-08-09T01:42:29Z,2025-08-09T01:35:00Z,ARR,med,7.0
691,True,True,THE PAS,CHURCHILL,2025-08-08,21,Ilford,ILFO,2025-08-09T02:56:15Z,2025-08-09T02:36:00Z,ARR,bad,20.0
691,True,True,THE PAS,CHURCHILL,2025-08-08,22,Wivenhoe,WVHO,2025-08-09T04:17:29Z,2025-08-09T03:13:00Z,ARR,bad,64.0
691,True,True,THE PAS,CHURCHILL,2025-08-08,23,Gillam,GILL,2025-08-09T05:04:15Z,2025-08-09T04:00:01Z,ARR,bad,64.0
691,True,True,THE PAS,CHURCHILL,2025-08-08,24,Bird,BIRD,2025-08-09T06:14:22Z,2025-08-09T05:29:00Z,ARR,bad,45.0
691,True,True,THE PAS,CHURCHILL,2025-08-08,25,Amery,AMRY,2025-08-09T06:47:21Z,2025-08-09T05:51:00Z,ARR,bad,56.0
691,True,True,THE PAS,CHURCHILL,2025-08-08,26,Weir River,WEIR,2025-08-09T07:45:08Z,2025-08-09T06:43:00Z,ARR,bad,62.0
691,True,True,THE PAS,CHURCHILL,2025-08-08,27,Thibaudeau,THIB,2025-08-09T08:32:18Z,2025-08-09T08:00:00Z,ARR,bad,32.0
691,True,True,THE PAS,CHURCHILL,2025-08-08,28,Herchmer,HERC,2025-08-09T09:39:01Z,2025-08-09T09:26:00Z,ARR,med,13.0
691,True,True,THE PAS,CHURCHILL,2025-08-08,29,O'Day,ODAY,2025-08-09T10:18:01Z,2025-08-09T10:05:00Z,ARR,med,13.0
691,True,True,THE PAS,CHURCHILL,2025-08-08,30,M'Clintock,MCLI,2025-08-09T10:57:59Z,2025-08-09T10:50:00Z,ARR,med,7.0
691,True,True,THE PAS,CHURCHILL,2025-08-08,31,Chesnaye,CHES,2025-08-09T11:46:07Z,2025-08-09T12:06:00Z,ARR,goo,-19.0
691,True,True,THE PAS,CHURCHILL,2025-08-08,32,Tidal,TIDL,2025-08-09T12:55:50Z,2025-08-09T13:37:00Z,ARR,goo,-41.0
691,True,True,THE PAS,CHURCHILL,2025-08-08,33,Churchill,CHUR,2025-08-09T13:40:02Z,2025-08-09T14:00:00Z,ARR,goo,-19.0
5,True,False,JASPER,PRINCE RUPERT,2025-08-08,0,Jasper,JASP,2025-08-08T16:46:13Z,2025-08-08T16:45:00Z,ARR,goo,1.0
5,True,False,JASPER,PRINCE RUPERT,2025-08-08,1,Harvey,HRVY,2025-08-08T19:17:04Z,2025-08-08T18:38:00Z,ARR,bad,39.0
5,True,False,JASPER,PRINCE RUPERT,2025-08-08,2,Dunster,DNST,2025-08-08T19:49:58Z,2025-08-08T19:12:00Z,ARR,bad,37.0
5,True,False,JASPER,PRINCE RUPERT,2025-08-08,3,Mcbride,MCBR,2025-08-08T20:20:41Z,2025-08-08T19:44:00Z,ARR,bad,36.0
5,True,False,JASPER,PRINCE RUPERT,2025-08-08,4,Goat River,GOAT,2025-08-08T21:10:40Z,2025-08-08T20:41:00Z,ARR,bad,29.0
5,True,False,JASPER,PRINCE RUPERT,2025-08-08,5,Loos,LOOS,2025-08-08T21:25:52Z,2025-08-08T20:58:00Z,ARR,bad,27.0
5,True,False,JASPER,PRINCE RUPERT,2025-08-08,6,Dome Creek,DOMC,2025-08-08T21:59:28Z,2025-08-08T21:32:00Z,ARR,bad,27.0
5,True,False,JASPER,PRINCE RUPERT,2025-08-08,7,Bend,BEND,2025-08-08T22:02:37Z,2025-08-08T21:36:00Z,ARR,bad,26.0
5,True,False,JASPER,PRINCE RUPERT,2025-08-08,8,Penny,PENN,2025-08-08T22:20:26Z,2025-08-08T21:56:00Z,ARR,bad,24.0
5,True,False,JASPER,PRINCE RUPERT,2025-08-08,9,Longworth,LWTH,2025-08-08T22:31:43Z,2025-08-08T22:11:00Z,ARR,bad,20.0
5,True,False,JASPER,PRINCE RUPERT,2025-08-08,10,Hutton,HUTT,2025-08-08T22:43:42Z,2025-08-08T22:24:00Z,ARR,bad,19.0
5,True,False,JASPER,PRINCE RUPERT,2025-08-08,11,Sinclair Mills,SINM,2025-08-08T22:49:42Z,2025-08-08T22:30:00Z,ARR,bad,19.0
5,True,False,JASPER,PRINCE RUPERT,2025-08-08,12,Mcgregor,MCGR,2025-08-08T23:03:08Z,2025-08-08T22:43:00Z,ARR,bad,20.0
5,True,False,JASPER,PRINCE RUPERT,2025-08-08,13,Upper Fraser,UFRZ,2025-08-08T23:12:08Z,2025-08-08T22:52:00Z,ARR,bad,20.0
5,True,False,JASPER,PRINCE RUPERT,2025-08-08,14,Aleza Lake,ALZL,2025-08-08T23:14:54Z,2025-08-08T23:01:00Z,ARR,med,13.0
5,True,False,JASPER,PRINCE RUPERT,2025-08-08,15,Willow River,WILR,2025-08-08T23:37:18Z,2025-08-08T23:31:00Z,ARR,med,6.0
5,True,False,JASPER,PRINCE RUPERT,2025-08-08,16,Prince George,PGEO,2025-08-09T00:05:30Z,2025-08-09T00:08:00Z,ARR,goo,-2.0
5,True,False,JASPER,PRINCE RUPERT,2025-08-08,17,Vanderhoof,VDRH,2025-08-09T16:38:55Z,2025-08-09T16:55:00Z,ARR,goo,-16.0
5,True,False,JASPER,PRINCE RUPERT,2025-08-08,18,Fort Fraser,FFRA,2025-08-09T17:13:55Z,2025-08-09T17:32:00Z,ARR,goo,-18.0
5,True,False,JASPER,PRINCE RUPERT,2025-08-08,19,Endako,ENDA,2025-08-09T17:41:10Z,2025-08-09T17:50:00Z,ARR,goo,-8.0
5,True,False,JASPER,PRINCE RUPERT,2025-08-08,20,Burns Lake,BRNL,2025-08-09T18:56:30Z,2025-08-09T18:58:00Z,ARR,goo,-1.0
5,True,False,JASPER,PRINCE RUPERT,2025-08-08,21,Houston,HOUS,2025-08-09T20:28:34Z,2025-08-09T20:08:00Z,ARR,bad,20.0
5,True,False,JASPER,PRINCE RUPERT,2025-08-08,22,Telkwa,TELK,2025-08-09T21:11:17Z,2025-08-09T20:52:00Z,ARR,bad,19.0
5,True,False,JASPER,PRINCE RUPERT,2025-08-08,23,Smithers,SMTR,2025-08-09T21:36:54Z,2025-08-09T21:10:00Z,ARR,bad,26.0
5,True,False,JASPER,PRINCE RUPERT,2025-08-08,24,New Hazelton,NHAZ,2025-08-09T22:54:50Z,2025-08-09T22:37:00Z,ARR,bad,17.0
5,True,False,JASPER,PRINCE RUPERT,2025-08-08,25,Kitwanga,KITW,2025-08-09T23:55:12Z,2025-08-09T23:27:00Z,ARR,bad,28.0
5,True,False,JASPER,PRINCE RUPERT,2025-08-08,26,Cedarvale,CEDA,2025-08-10T00:15:08Z,2025-08-09T23:51:00Z,ARR,bad,24.0
5,True,False,JASPER,PRINCE RUPERT,2025-08-08,27,Dorreen,DORR,2025-08-10T00:35:10Z,2025-08-10T00:12:00Z,ARR,bad,23.0
5,True,False,JASPER,PRINCE RUPERT,2025-08-08,28,Pacific,PACI,2025-08-10T00:42:37Z,2025-08-10T00:21:00Z,ARR,bad,21.0
5,True,False,JASPER,PRINCE RUPERT,2025-08-08,29,Usk,USKX,2025-08-10T00:57:38Z,2025-08-10T00:40:00Z,ARR,bad,17.0
5,True,False,JASPER,PRINCE RUPERT,2025-08-08,30,Terrace,TRRC,2025-08-10T01:14:17Z,2025-08-10T01:00:00Z,ARR,med,14.0
5,True,False,JASPER,PRINCE RUPERT,2025-08-08,31,Kwinitsa,KWIN,2025-08-10T02:21:09Z,2025-08-10T02:09:00Z,ARR,med,12.0
5,True,False,JASPER,PRINCE RUPERT,2025-08-08,32,Cassiar Cannery,CASS,2025-08-10T03:12:47Z,2025-08-10T02:45:00Z,ARR,bad,27.0
5,True,False,JASPER,PRINCE RUPERT,2025-08-08,33,Prince Rupert,PRUP,2025-08-10T03:46:09Z,2025-08-10T03:25:00Z,4 mins,bad,21.0
14,True,True,MONTRÉAL,HALIFAX,2025-08-08,0,Montréal,MTRL,2025-08-08T22:30:00Z,2025-08-08T22:30:00Z,ARR,goo,0.0
14,True,True,MONTRÉAL,HALIFAX,2025-08-08,1,St. Lambert,SLAM,2025-08-08T22:45:32Z,2025-08-08T22:45:00Z,ARR,goo,0.0
14,True,True,MONTRÉAL,HALIFAX,2025-08-08,2,St. Hyacinthe,SHYA,2025-08-08T23:24:42Z,2025-08-08T23:23:00Z,ARR,goo,1.0
14,True,True,MONTRÉAL,HALIFAX,2025-08-08,3,Drummondville,DRMV,2025-08-09T00:51:07Z,2025-08-09T00:04:00Z,ARR,bad,47.0
14,True,True,MONTRÉAL,HALIFAX,2025-08-08,4,Ste-Foy,SFOY,2025-08-09T02:32:21Z,2025-08-09T01:48:00Z,ARR,bad,44.0
14,True,True,MONTRÉAL,HALIFAX,2025-08-08,5,Montmagny,MMGY,2025-08-09T04:04:45Z,2025-08-09T03:17:00Z,ARR,bad,47.0
14,True,True,MONTRÉAL,HALIFAX,2025-08-08,6,La Pocatière,LPOC,2025-08-09T04:32:59Z,2025-08-09T03:50:00Z,ARR,bad,42.0
14,True,True,MONTRÉAL,HALIFAX,2025-08-08,7,Rivière-Du-Loup,RDLX,2025-08-09T05:20:51Z,2025-08-09T04:31:00Z,ARR,bad,49.0
14,True,True,MONTRÉAL,HALIFAX,2025-08-08,8,Trois Pistoles,TPIS,2025-08-09T06:05:38Z,2025-08-09T05:17:00Z,ARR,bad,48.0
14,True,True,MONTRÉAL,HALIFAX,2025-08-08,9,Rimouski,RMSK,2025-08-09T08:24:53Z,2025-08-09T06:25:00Z,ARR,bad,119.0
14,True,True,MONTRÉAL,HALIFAX,2025-08-08,10,Mont-Joli,MJLI,2025-08-09T08:59:57Z,2025-08-09T07:03:00Z,ARR,bad,116.0
14,True,True,MONTRÉAL,HALIFAX,2025-08-08,11,Sayabec,SAYA,2025-08-09T10:09:18Z,2025-08-09T08:06:00Z,ARR,bad,123.0
14,True,True,MONTRÉAL,HALIFAX,2025-08-08,12,Amqui,AMQU,2025-08-09T10:40:08Z,2025-08-09T08:27:00Z,ARR,bad,133.0
14,True,True,MONTRÉAL,HALIFAX,2025-08-08,13,Causapscal,CAUS,2025-08-09T11:12:36Z,2025-08-09T08:49:00Z,ARR,bad,143.0
14,True,True,MONTRÉAL,HALIFAX,2025-08-08,14,Matapedia,MTPD,2025-08-09T12:08:08Z,2025-08-09T09:35:00Z,ARR,bad,153.0
14,True,True,MONTRÉAL,HALIFAX,2025-08-08,15,Campbellton,CBTN,2025-08-09T12:49:52Z,2025-08-09T10:20:00Z,ARR,bad,149.0
14,True,True,MONTRÉAL,HALIFAX,2025-08-08,16,Charlo,CHLO,2025-08-09T13:59:36Z,2025-08-09T11:03:00Z,ARR,bad,176.0
14,True,True,MONTRÉAL,HALIFAX,2025-08-08,17,Jacquet River,JACR,2025-08-09T14:52:32Z,2025-08-09T11:26:00Z,ARR,bad,206.0
14,True,True,MONTRÉAL,HALIFAX,2025-08-08,18,Petit Rocher,PROC,2025-08-09T15:35:35Z,2025-08-09T11:48:00Z,ARR,bad,227.0
14,True,True,MONTRÉAL,HALIFAX,2025-08-08,19,Bathurst,BTRS,2025-08-09T16:00:28Z,2025-08-09T12:36:00Z,ARR,bad,204.0
14,True,True,MONTRÉAL,HALIFAX,2025-08-08,20,Miramichi,MIRA,2025-08-09T17:40:15Z,2025-08-09T14:25:00Z,ARR,bad,195.0
14,True,True,MONTRÉAL,HALIFAX,2025-08-08,21,Rogersville,RGRV,2025-08-09T18:33:40Z,2025-08-09T15:20:00Z,ARR,bad,193.0
14,True,True,MONTRÉAL,HALIFAX,2025-08-08,22,Moncton,MCTN,2025-08-09T20:41:53Z,2025-08-09T16:30:00Z,ARR,bad,251.0
14,True,True,MONTRÉAL,HALIFAX,2025-08-08,23,Sackville,SACK,2025-08-09T22:09:04Z,2025-08-09T17:40:00Z,ARR,bad,269.0
14,True,True,MONTRÉAL,HALIFAX,2025-08-08,24,Amherst,AMHS,2025-08-09T22:25:01Z,2025-08-09T17:55:00Z,ARR,bad,270.0
14,True,True,MONTRÉAL,HALIFAX,2025-08-08,25,Springhill Jct,SPRJ,2025-08-09T22:47:56Z,2025-08-09T18:17:00Z,ARR,bad,270.0
14,True,True,MONTRÉAL,HALIFAX,2025-08-08,26,Truro,TRUR,2025-08-09T23:57:41Z,2025-08-09T19:32:00Z,ARR,bad,265.0
14,True,True,MONTRÉAL,HALIFAX,2025-08-08,27,Halifax,HLFX,2025-08-10T01:43:28Z,2025-08-09T21:36:00Z,ARR,bad,247.0
24,True,True,OTTAWA,QUÉBEC,2025-08-09,0,Ottawa,OTTW,2025-08-09T14:13:00Z,2025-08-09T14:13:00Z,ARR,goo,0.0
24,True,True,OTTAWA,QUÉBEC,2025-08-09,1,Alexandria,ALEX,2025-08-09T14:57:17Z,2025-08-09T15:03:00Z,ARR,goo,-5.0
24,True,True,OTTAWA,QUÉBEC,2025-08-09,2,Coteau,COTO,2025-08-09T15:19:43Z,2025-08-09T15:26:00Z,ARR,goo,-6.0
24,True,True,OTTAWA,QUÉBEC,2025-08-09,3,Dorval,DORV,2025-08-09T15:49:26Z,2025-08-09T15:50:00Z,ARR,goo,0.0
24,True,True,OTTAWA,QUÉBEC,2025-08-09,4,Montréal,MTRL,2025-08-09T16:16:38Z,2025-08-09T16:15:00Z,ARR,goo,1.0
24,True,True,OTTAWA,QUÉBEC,2025-08-09,5,St. Lambert,SLAM,2025-08-09T17:04:17Z,2025-08-09T16:58:00Z,ARR,med,6.0
24,True,True,OTTAWA,QUÉBEC,2025-08-09,6,St. Hyacinthe,SHYA,2025-08-09T17:37:55Z,2025-08-09T17:26:00Z,ARR,med,11.0
24,True,True,OTTAWA,QUÉBEC,2025-08-09,7,Drummondville,DRMV,2025-08-09T18:10:10Z,2025-08-09T17:54:00Z,ARR,bad,16.0
24,True,True,OTTAWA,QUÉBEC,2025-08-09,8,Charny,CHNY,2025-08-09T19:53:49Z,2025-08-09T19:38:00Z,ARR,bad,15.0
24,True,True,OTTAWA,QUÉBEC,2025-08-09,9,Ste-Foy,SFOY,2025-08-09T20:03:15Z,2025-08-09T19:45:00Z,ARR,bad,18.0
24,True,True,OTTAWA,QUÉBEC,2025-08-09,10,Québec,QBEC,2025-08-09T20:37:09Z,2025-08-09T20:12:00Z,ARR,bad,25.0
37,True,True,QUÉBEC,OTTAWA,2025-08-09,0,Québec,QBEC,2025-08-09T16:38:03Z,2025-08-09T16:32:00Z,ARR,med,6.0
37,True,True,QUÉBEC,OTTAWA,2025-08-09,1,Ste-Foy,SFOY,2025-08-09T17:05:49Z,2025-08-09T16:57:00Z,ARR,med,8.0
37,True,True,QUÉBEC,OTTAWA,2025-08-09,2,Drummondville,DRMV,2025-08-09T19:03:50Z,2025-08-09T18:44:00Z,ARR,bad,19.0
37,True,True,QUÉBEC,OTTAWA,2025-08-09,3,St. Hyacinthe,SHYA,2025-08-09T19:41:33Z,2025-08-09T19:12:00Z,ARR,bad,29.0
37,True,True,QUÉBEC,OTTAWA,2025-08-09,4,St. Lambert,SLAM,2025-08-09T20:20:19Z,2025-08-09T19:39:00Z,ARR,bad,41.0
37,True,True,QUÉBEC,OTTAWA,2025-08-09,5,Montréal,MTRL,2025-08-09T20:35:34Z,2025-08-09T19:54:00Z,ARR,bad,41.0
37,True,True,QUÉBEC,OTTAWA,2025-08-09,6,Dorval,DORV,2025-08-09T21:27:11Z,2025-08-09T20:54:00Z,ARR,bad,33.0
37,True,True,QUÉBEC,OTTAWA,2025-08-09,7,Coteau,COTO,2025-08-09T22:00:05Z,2025-08-09T21:23:00Z,ARR,bad,37.0
37,True,True,QUÉBEC,OTTAWA,2025-08-09,8,Alexandria,ALEX,2025-08-09T22:21:42Z,2025-08-09T21:45:00Z,ARR,bad,36.0
37,True,True,QUÉBEC,OTTAWA,2025-08-09,9,Ottawa,OTTW,2025-08-09T23:05:28Z,2025-08-09T22:37:00Z,ARR,bad,28.0
41,True,True,OTTAWA,TORONTO,2025-08-09,0,Ottawa,OTTW,2025-08-09T09:21:00Z,2025-08-09T09:21:00Z,ARR,goo,0.0
41,True,True,OTTAWA,TORONTO,2025-08-09,1,Fallowfield,FALL,2025-08-09T09:36:23Z,2025-08-09T09:38:00Z,ARR,goo,-1.0
41,True,True,OTTAWA,TORONTO,2025-08-09,2,Smiths Falls,SMTF,2025-08-09T10:06:28Z,2025-08-09T10:08:00Z,ARR,goo,-1.0
41,True,True,OTTAWA,TORONTO,2025-08-09,3,Brockville,BRKV,2025-08-09T10:38:47Z,2025-08-09T10:40:00Z,ARR,goo,-1.0
41,True,True,OTTAWA,TORONTO,2025-08-09,4,Kingston,KGON,2025-08-09T11:31:36Z,2025-08-09T11:25:00Z,ARR,med,6.0
41,True,True,OTTAWA,TORONTO,2025-08-09,5,Napanee,NAPN,2025-08-09T11:57:59Z,2025-08-09T11:49:00Z,ARR,med,8.0
41,True,True,OTTAWA,TORONTO,2025-08-09,6,Belleville,BLVL,2025-08-09T12:25:27Z,2025-08-09T12:07:00Z,ARR,bad,18.0
41,True,True,OTTAWA,TORONTO,2025-08-09,7,Trenton Jct.,TRNJ,2025-08-09T12:42:44Z,2025-08-09T12:20:00Z,ARR,bad,22.0
41,True,True,OTTAWA,TORONTO,2025-08-09,8,Cobourg,CBRG,2025-08-09T13:15:35Z,2025-08-09T12:44:00Z,ARR,bad,31.0
41,True,True,OTTAWA,TORONTO,2025-08-09,9,Oshawa,OSHA,2025-08-09T13:57:25Z,2025-08-09T13:19:00Z,ARR,bad,38.0
41,True,True,OTTAWA,TORONTO,2025-08-09,10,Toronto,TRTO,2025-08-09T14:46:19Z,2025-08-09T14:02:00Z,ARR,bad,44.0
50,True,True,TORONTO,OTTAWA,2025-08-09,0,Toronto,TRTO,2025-08-09T10:32:00Z,2025-08-09T10:32:00Z,ARR,goo,0.0
50,True,True,TORONTO,OTTAWA,2025-08-09,1,Guildwood,GUIL,2025-08-09T10:50:52Z,2025-08-09T10:50:00Z,ARR,goo,0.0
50,True,True,TORONTO,OTTAWA,2025-08-09,2,Oshawa,OSHA,2025-08-09T11:11:00Z,2025-08-09T11:08:00Z,ARR,goo,3.0
50,True,True,TORONTO,OTTAWA,2025-08-09,3,Cobourg,CBRG,2025-08-09T11:45:03Z,2025-08-09T11:43:00Z,ARR,goo,2.0
50,True,True,TORONTO,OTTAWA,2025-08-09,4,Belleville,BLVL,2025-08-09T12:18:34Z,2025-08-09T12:18:00Z,ARR,goo,0.0
50,True,True,TORONTO,OTTAWA,2025-08-09,5,Kingston,KGON,2025-08-09T13:04:24Z,2025-08-09T12:57:00Z,ARR,med,7.0
50,True,True,TORONTO,OTTAWA,2025-08-09,6,Brockville,BRKV,2025-08-09T14:15:11Z,2025-08-09T13:54:00Z,ARR,bad,21.0
50,True,True,TORONTO,OTTAWA,2025-08-09,7,Smiths Falls,SMTF,2025-08-09T14:36:24Z,2025-08-09T14:29:00Z,ARR,med,7.0
50,True,True,TORONTO,OTTAWA,2025-08-09,8,Fallowfield,FALL,2025-08-09T15:12:02Z,2025-08-09T15:01:00Z,ARR,med,11.0
50,True,True,TORONTO,OTTAWA,2025-08-09,9,Ottawa,OTTW,2025-08-09T15:31:14Z,2025-08-09T15:21:00Z,ARR,med,10.0
52,True,True,TORONTO,OTTAWA,2025-08-09,0,Toronto,TRTO,2025-08-09T12:32:00Z,2025-08-09T12:32:00Z,ARR,goo,0.0
52,True,True,TORONTO,OTTAWA,2025-08-09,1,Guildwood,GUIL,2025-08-09T12:51:36Z,2025-08-09T12:50:00Z,ARR,goo,1.0
52,True,True,TORONTO,OTTAWA,2025-08-09,2,Oshawa,OSHA,2025-08-09T13:09:52Z,2025-08-09T13:09:00Z,ARR,goo,0.0
52,True,True,TORONTO,OTTAWA,2025-08-09,3,Cobourg,CBRG,2025-08-09T13:47:11Z,2025-08-09T13:44:00Z,ARR,goo,3.0
52,True,True,TORONTO,OTTAWA,2025-08-09,4,Belleville,BLVL,2025-08-09T14:31:25Z,2025-08-09T14:20:00Z,ARR,med,11.0
52,True,True,TORONTO,OTTAWA,2025-08-09,5,Kingston,KGON,2025-08-09T15:25:58Z,2025-08-09T15:00:00Z,ARR,bad,25.0
52,True,True,TORONTO,OTTAWA,2025-08-09,6,Brockville,BRKV,2025-08-09T16:19:28Z,2025-08-09T15:57:00Z,ARR,bad,22.0
52,True,True,TORONTO,OTTAWA,2025-08-09,7,Smiths Falls,SMTF,2025-08-09T17:04:47Z,2025-08-09T16:35:00Z,ARR,bad,29.0
52,True,True,TORONTO,OTTAWA,2025-08-09,8,Fallowfield,FALL,2025-08-09T17:26:01Z,2025-08-09T17:11:00Z,ARR,bad,15.0
52,True,True,TORONTO,OTTAWA,2025-08-09,9,Ottawa,OTTW,2025-08-09T17:44:13Z,2025-08-09T17:32:00Z,ARR,med,12.0
53,True,True,OTTAWA,TORONTO,2025-08-09,0,Ottawa,OTTW,2025-08-09T15:43:00Z,2025-08-09T15:43:00Z,ARR,goo,0.0
53,True,True,OTTAWA,TORONTO,2025-08-09,1,Fallowfield,FALL,2025-08-09T15:58:26Z,2025-08-09T16:00:00Z,ARR,goo,-1.0
53,True,True,OTTAWA,TORONTO,2025-08-09,2,Brockville,BRKV,2025-08-09T17:08:55Z,2025-08-09T17:01:00Z,ARR,med,7.0
53,True,True,OTTAWA,TORONTO,2025-08-09,3,Gananoque,GANA,2025-08-09T17:43:31Z,2025-08-09T17:31:00Z,ARR,med,12.0
53,True,True,OTTAWA,TORONTO,2025-08-09,4,Kingston,KGON,2025-08-09T18:07:31Z,2025-08-09T17:54:00Z,ARR,med,13.0
53,True,True,OTTAWA,TORONTO,2025-08-09,5,Belleville,BLVL,2025-08-09T18:56:36Z,2025-08-09T18:36:00Z,ARR,bad,20.0
53,True,True,OTTAWA,TORONTO,2025-08-09,6,Cobourg,CBRG,2025-08-09T19:39:31Z,2025-08-09T19:12:00Z,ARR,bad,27.0
53,True,True,OTTAWA,TORONTO,2025-08-09,7,Oshawa,OSHA,2025-08-09T20:19:26Z,2025-08-09T19:48:00Z,ARR,bad,31.0
53,True,True,OTTAWA,TORONTO,2025-08-09,8,Toronto,TRTO,2025-08-09T21:33:16Z,2025-08-09T20:33:00Z,ARR,bad,60.0
60,True,True,TORONTO,MONTRÉAL,2025-08-09,0,Toronto,TRTO,2025-08-09T10:32:00Z,2025-08-09T10:32:00Z,ARR,goo,0.0
60,True,True,TORONTO,MONTRÉAL,2025-08-09,1,Guildwood,GUIL,2025-08-09T10:52:18Z,2025-08-09T10:50:00Z,ARR,goo,2.0
60,True,True,TORONTO,MONTRÉAL,2025-08-09,2,Oshawa,OSHA,2025-08-09T11:10:55Z,2025-08-09T11:08:00Z,ARR,goo,2.0
60,True,True,TORONTO,MONTRÉAL,2025-08-09,3,Cobourg,CBRG,2025-08-09T11:44:59Z,2025-08-09T11:43:00Z,ARR,goo,1.0
60,True,True,TORONTO,MONTRÉAL,2025-08-09,4,Belleville,BLVL,2025-08-09T12:18:29Z,2025-08-09T12:18:00Z,ARR,goo,0.0
60,True,True,TORONTO,MONTRÉAL,2025-08-09,5,Kingston,KGON,2025-08-09T13:04:19Z,2025-08-09T12:57:00Z,ARR,med,7.0
60,True,True,TORONTO,MONTRÉAL,2025-08-09,6,Cornwall,CWLL,2025-08-09T14:39:37Z,2025-08-09T14:38:00Z,ARR,goo,1.0
60,True,True,TORONTO,MONTRÉAL,2025-08-09,7,Dorval,DORV,2025-08-09T15:38:16Z,2025-08-09T15:25:00Z,ARR,med,13.0
60,True,True,TORONTO,MONTRÉAL,2025-08-09,8,Montréal,MTRL,2025-08-09T16:03:19Z,2025-08-09T15:50:00Z,ARR,med,13.0
61,True,True,MONTRÉAL,TORONTO,2025-08-09,0,Montréal,MTRL,2025-08-09T10:45:00Z,2025-08-09T10:45:00Z,ARR,goo,0.0
61,True,True,MONTRÉAL,TORONTO,2025-08-09,1,Dorval,DORV,2025-08-09T11:08:00Z,2025-08-09T11:08:00Z,ARR,goo,0.0
61,True,True,MONTRÉAL,TORONTO,2025-08-09,2,Cornwall,CWLL,2025-08-09T12:01:00Z,2025-08-09T12:01:00Z,ARR,goo,0.0
61,True,True,MONTRÉAL,TORONTO,2025-08-09,3,Kingston,KGON,2025-08-09T13:29:00Z,2025-08-09T13:29:00Z,ARR,goo,0.0
61,True,True,MONTRÉAL,TORONTO,2025-08-09,4,Belleville,BLVL,2025-08-09T14:11:00Z,2025-08-09T14:11:00Z,ARR,goo,0.0
61,True,True,MONTRÉAL,TORONTO,2025-08-09,5,Oshawa,OSHA,2025-08-09T15:19:00Z,2025-08-09T15:19:00Z,ARR,goo,0.0
61,True,True,MONTRÉAL,TORONTO,2025-08-09,6,Guildwood,GUIL,2025-08-09T15:54:54Z,2025-08-09T15:43:00Z,ARR,med,11.0
61,True,True,MONTRÉAL,TORONTO,2025-08-09,7,Toronto,TRTO,2025-08-09T16:38:17Z,2025-08-09T16:03:00Z,ARR,bad,35.0
64,True,True,TORONTO,MONTRÉAL,2025-08-09,0,Toronto,TRTO,2025-08-09T15:38:11Z,2025-08-09T15:38:00Z,ARR,goo,0.0
64,True,True,TORONTO,MONTRÉAL,2025-08-09,1,Guildwood,GUIL,2025-08-09T15:54:56Z,2025-08-09T15:55:00Z,ARR,goo,0.0
64,True,True,TORONTO,MONTRÉAL,2025-08-09,2,Oshawa,OSHA,2025-08-09T16:24:05Z,2025-08-09T16:09:00Z,ARR,bad,15.0
64,True,True,TORONTO,MONTRÉAL,2025-08-09,3,Cobourg,CBRG,2025-08-09T17:03:56Z,2025-08-09T16:46:00Z,ARR,bad,17.0
64,True,True,TORONTO,MONTRÉAL,2025-08-09,4,Belleville,BLVL,2025-08-09T17:41:14Z,2025-08-09T17:22:00Z,ARR,bad,19.0
64,True,True,TORONTO,MONTRÉAL,2025-08-09,5,Kingston,KGON,2025-08-09T18:25:35Z,2025-08-09T18:03:00Z,ARR,bad,22.0
64,True,True,TORONTO,MONTRÉAL,2025-08-09,6,Brockville,BRKV,2025-08-09T19:16:52Z,2025-08-09T18:52:00Z,ARR,bad,24.0
64,True,True,TORONTO,MONTRÉAL,2025-08-09,7,Cornwall,CWLL,2025-08-09T20:41:58Z,2025-08-09T19:42:00Z,ARR,bad,59.0
64,True,True,TORONTO,MONTRÉAL,2025-08-09,8,Dorval,DORV,2025-08-09T22:24:10Z,2025-08-09T20:37:00Z,ARR,bad,107.0
64,True,True,TORONTO,MONTRÉAL,2025-08-09,9,Montréal,MTRL,2025-08-09T22:57:11Z,2025-08-09T21:05:00Z,ARR,bad,112.0
65,True,True,MONTRÉAL,TORONTO,2025-08-09,0,Montréal,MTRL,2025-08-09T14:49:00Z,2025-08-09T14:49:00Z,ARR,goo,0.0
65,True,True,MONTRÉAL,TORONTO,2025-08-09,1,Dorval,DORV,2025-08-09T15:22:46Z,2025-08-09T15:12:00Z,ARR,med,10.0
65,True,True,MONTRÉAL,TORONTO,2025-08-09,2,Cornwall,CWLL,2025-08-09T16:19:27Z,2025-08-09T16:06:00Z,ARR,med,13.0
65,True,True,MONTRÉAL,TORONTO,2025-08-09,3,Kingston,KGON,2025-08-09T17:53:59Z,2025-08-09T17:36:00Z,ARR,bad,17.0
65,True,True,MONTRÉAL,TORONTO,2025-08-09,4,Belleville,BLVL,2025-08-09T18:39:44Z,2025-08-09T18:20:00Z,ARR,bad,19.0
65,True,True,MONTRÉAL,TORONTO,2025-08-09,5,Cobourg,CBRG,2025-08-09T19:16:24Z,2025-08-09T18:58:00Z,ARR,bad,18.0
65,True,True,MONTRÉAL,TORONTO,2025-08-09,6,Oshawa,OSHA,2025-08-09T19:52:15Z,2025-08-09T19:34:00Z,ARR,bad,18.0
65,True,True,MONTRÉAL,TORONTO,2025-08-09,7,Toronto,TRTO,2025-08-09T21:00:01Z,2025-08-09T20:18:00Z,ARR,bad,42.0
67,True,True,MONTRÉAL,TORONTO,2025-08-09,0,Montréal,MTRL,2025-08-09T20:43:06Z,2025-08-09T17:22:00Z,ARR,bad,201.0
67,True,True,MONTRÉAL,TORONTO,2025-08-09,1,Dorval,DORV,2025-08-09T21:17:06Z,2025-08-09T17:47:00Z,ARR,bad,210.0
67,True,True,MONTRÉAL,TORONTO,2025-08-09,2,Cornwall,CWLL,2025-08-09T22:10:56Z,2025-08-09T18:38:00Z,ARR,bad,212.0
67,True,True,MONTRÉAL,TORONTO,2025-08-09,3,Kingston,KGON,2025-08-10T00:05:49Z,2025-08-09T20:03:00Z,ARR,bad,242.0
67,True,True,MONTRÉAL,TORONTO,2025-08-09,4,Belleville,BLVL,2025-08-10T00:47:09Z,2025-08-09T20:42:00Z,ARR,bad,245.0
67,True,True,MONTRÉAL,TORONTO,2025-08-09,5,Cobourg,CBRG,2025-08-10T01:21:20Z,2025-08-09T21:17:00Z,ARR,bad,244.0
67,True,True,MONTRÉAL,TORONTO,2025-08-09,6,Oshawa,OSHA,2025-08-10T01:58:20Z,2025-08-09T21:50:00Z,ARR,bad,248.0
67,True,True,MONTRÉAL,TORONTO,2025-08-09,7,Toronto,TRTO,2025-08-10T02:51:23Z,2025-08-09T22:45:00Z,ARR,bad,246.0
70,True,True,WINDSOR,TORONTO,2025-08-09,0,Windsor,WDON,2025-08-09T09:35:00Z,2025-08-09T09:35:00Z,ARR,goo,0.0
70,True,True,WINDSOR,TORONTO,2025-08-09,1,Chatham,CHAT,2025-08-09T10:18:23Z,2025-08-09T10:19:00Z,ARR,goo,0.0
70,True,True,WINDSOR,TORONTO,2025-08-09,2,London,LNDN,2025-08-09T11:34:14Z,2025-08-09T11:25:00Z,ARR,med,9.0
70,True,True,WINDSOR,TORONTO,2025-08-09,3,Ingersoll,INGR,2025-08-09T12:02:20Z,2025-08-09T11:55:00Z,ARR,med,7.0
70,True,True,WINDSOR,TORONTO,2025-08-09,4,Woodstock,WDST,2025-08-09T12:14:14Z,2025-08-09T12:08:00Z,ARR,med,6.0
70,True,True,WINDSOR,TORONTO,2025-08-09,5,Brantford,BRTF,2025-08-09T12:42:55Z,2025-08-09T12:44:00Z,ARR,goo,-1.0
70,True,True,WINDSOR,TORONTO,2025-08-09,6,Aldershot,ALDR,2025-08-09T13:18:44Z,2025-08-09T13:25:00Z,ARR,goo,-6.0
70,True,True,WINDSOR,TORONTO,2025-08-09,7,Oakville,OAKV,2025-08-09T13:44:04Z,2025-08-09T13:43:00Z,ARR,goo,1.0
70,True,True,WINDSOR,TORONTO,2025-08-09,8,Toronto,TRTO,2025-08-09T14:09:30Z,2025-08-09T14:10:00Z,ARR,goo,0.0
71,True,True,TORONTO,WINDSOR,2025-08-09,0,Toronto,TRTO,2025-08-09T10:50:00Z,2025-08-09T10:50:00Z,ARR,goo,0.0
71,True,True,TORONTO,WINDSOR,2025-08-09,1,Oakville,OAKV,2025-08-09T11:15:23Z,2025-08-09T11:13:00Z,ARR,goo,2.0
71,True,True,TORONTO,WINDSOR,2025-08-09,2,Aldershot,ALDR,2025-08-09T11:34:33Z,2025-08-09T11:29:00Z,ARR,med,5.0
71,True,True,TORONTO,WINDSOR,2025-08-09,3,Brantford,BRTF,2025-08-09T12:09:02Z,2025-08-09T11:55:00Z,ARR,med,14.0
71,True,True,TORONTO,WINDSOR,2025-08-09,4,Woodstock,WDST,2025-08-09T12:49:14Z,2025-08-09T12:30:00Z,ARR,bad,19.0
71,True,True,TORONTO,WINDSOR,2025-08-09,5,Ingersoll,INGR,2025-08-09T13:01:04Z,2025-08-09T12:43:00Z,ARR,bad,18.0
71,True,True,TORONTO,WINDSOR,2025-08-09,6,London,LNDN,2025-08-09T13:24:37Z,2025-08-09T13:06:00Z,ARR,bad,18.0
71,True,True,TORONTO,WINDSOR,2025-08-09,7,Glencoe,GLNC,2025-08-09T13:58:56Z,2025-08-09T13:39:00Z,ARR,bad,19.0
71,True,True,TORONTO,WINDSOR,2025-08-09,8,Chatham,CHAT,2025-08-09T14:45:47Z,2025-08-09T14:18:00Z,ARR,bad,27.0
71,True,True,TORONTO,WINDSOR,2025-08-09,9,Windsor,WDON,2025-08-09T15:29:22Z,2025-08-09T15:08:00Z,ARR,bad,21.0
72,True,True,WINDSOR,TORONTO,2025-08-09,0,Windsor,WDON,2025-08-09T12:43:00Z,2025-08-09T12:43:00Z,ARR,goo,0.0
72,True,True,WINDSOR,TORONTO,2025-08-09,1,Chatham,CHAT,2025-08-09T13:26:48Z,2025-08-09T13:25:00Z,ARR,goo,1.0
72,True,True,WINDSOR,TORONTO,2025-08-09,2,Glencoe,GLNC,2025-08-09T14:14:45Z,2025-08-09T14:05:00Z,ARR,med,9.0
72,True,True,WINDSOR,TORONTO,2025-08-09,3,London,LNDN,2025-08-09T14:52:30Z,2025-08-09T14:39:00Z,ARR,med,13.0
72,True,True,WINDSOR,TORONTO,2025-08-09,4,Ingersoll,INGR,2025-08-09T15:21:35Z,2025-08-09T15:07:00Z,ARR,med,14.0
72,True,True,WINDSOR,TORONTO,2025-08-09,5,Woodstock,WDST,2025-08-09T15:35:18Z,2025-08-09T15:23:00Z,ARR,med,12.0
72,True,True,WINDSOR,TORONTO,2025-08-09,6,Brantford,BRTF,2025-08-09T16:05:43Z,2025-08-09T15:55:00Z,ARR,med,10.0
72,True,True,WINDSOR,TORONTO,2025-08-09,7,Aldershot,ALDR,2025-08-09T16:41:28Z,2025-08-09T16:29:00Z,ARR,med,12.0
72,True,True,WINDSOR,TORONTO,2025-08-09,8,Oakville,OAKV,2025-08-09T16:58:28Z,2025-08-09T16:45:00Z,ARR,med,13.0
72,True,True,WINDSOR,TORONTO,2025-08-09,9,Toronto,TRTO,2025-08-09T17:23:51Z,2025-08-09T17:11:00Z,ARR,med,12.0
76,True,True,WINDSOR,TORONTO,2025-08-09,0,Windsor,WDON,2025-08-09T17:06:00Z,2025-08-09T17:06:00Z,ARR,goo,0.0
76,True,True,WINDSOR,TORONTO,2025-08-09,1,Chatham,CHAT,2025-08-09T17:48:21Z,2025-08-09T17:48:00Z,ARR,goo,0.0
76,True,True,WINDSOR,TORONTO,2025-08-09,2,Glencoe,GLNC,2025-08-09T18:38:38Z,2025-08-09T18:23:00Z,ARR,bad,15.0
76,True,True,WINDSOR,TORONTO,2025-08-09,3,London,LNDN,2025-08-09T19:16:16Z,2025-08-09T18:58:00Z,ARR,bad,18.0
76,True,True,WINDSOR,TORONTO,2025-08-09,4,Brantford,BRTF,2025-08-09T20:15:23Z,2025-08-09T19:59:00Z,ARR,bad,16.0
76,True,True,WINDSOR,TORONTO,2025-08-09,5,Aldershot,ALDR,2025-08-09T20:47:11Z,2025-08-09T20:30:00Z,ARR,bad,17.0
76,True,True,WINDSOR,TORONTO,2025-08-09,6,Oakville,OAKV,2025-08-09T21:10:39Z,2025-08-09T20:47:00Z,ARR,bad,23.0
76,True,True,WINDSOR,TORONTO,2025-08-09,7,Toronto,TRTO,2025-08-09T21:37:40Z,2025-08-09T21:13:00Z,ARR,bad,24.0
82,True,True,LONDON,TORONTO,2025-08-09,0,London,LNDN,2025-08-09T10:25:00Z,2025-08-09T10:25:00Z,ARR,goo,0.0
82,True,True,LONDON,TORONTO,2025-08-09,1,Woodstock,WDST,2025-08-09T10:54:24Z,2025-08-09T10:53:00Z,ARR,goo,1.0
82,True,True,LONDON,TORONTO,2025-08-09,2,Brantford,BRTF,2025-08-09T11:22:54Z,2025-08-09T11:23:00Z,ARR,goo,0.0
82,True,True,LONDON,TORONTO,2025-08-09,3,Toronto,TRTO,2025-08-09T12:31:00Z,2025-08-09T12:35:00Z,ARR,goo,-4.0
84,True,True,SARNIA,TORONTO,2025-08-09,0,Sarnia,SARN,2025-08-09T12:40:00Z,2025-08-09T12:40:00Z,ARR,goo,0.0
84,True,True,SARNIA,TORONTO,2025-08-09,1,Wyoming,WYOM,2025-08-09T12:58:05Z,2025-08-09T12:55:00Z,ARR,goo,3.0
84,True,True,SARNIA,TORONTO,2025-08-09,2,Strathroy,STRR,2025-08-09T13:23:59Z,2025-08-09T13:27:00Z,ARR,goo,-3.0
84,True,True,SARNIA,TORONTO,2025-08-09,3,London,LNDN,2025-08-09T13:53:23Z,2025-08-09T13:52:00Z,ARR,goo,1.0
84,True,True,SARNIA,TORONTO,2025-08-09,4,St.Marys,SMYS,2025-08-09T14:48:07Z,2025-08-09T14:45:00Z,ARR,goo,3.0
84,True,True,SARNIA,TORONTO,2025-08-09,5,Stratford,STRF,2025-08-09T15:18:05Z,2025-08-09T15:14:00Z,ARR,goo,4.0
84,True,True,SARNIA,TORONTO,2025-08-09,6,Kitchener,KITC,2025-08-09T16:10:27Z,2025-08-09T16:02:00Z,ARR,med,8.0
84,True,True,SARNIA,TORONTO,2025-08-09,7,Guelph,GUEL,2025-08-09T16:43:39Z,2025-08-09T16:24:00Z,ARR,bad,19.0
84,True,True,SARNIA,TORONTO,2025-08-09,8,Georgetown,GEOR,2025-08-09T17:07:50Z,2025-08-09T16:47:00Z,ARR,bad,20.0
84,True,True,SARNIA,TORONTO,2025-08-09,9,Brampton,BRMP,2025-08-09T17:20:30Z,2025-08-09T16:59:00Z,ARR,bad,21.0
84,True,True,SARNIA,TORONTO,2025-08-09,10,Malton,MALT,2025-08-09T17:36:05Z,2025-08-09T17:11:00Z,ARR,bad,25.0
84,True,True,SARNIA,TORONTO,2025-08-09,11,Toronto,TRTO,2025-08-09T18:02:12Z,2025-08-09T17:38:00Z,ARR,bad,24.0
73,True,True,TORONTO,WINDSOR,2025-08-09,0,Toronto,TRTO,2025-08-09T15:30:24Z,2025-08-09T15:30:00Z,ARR,goo,0.0
73,True,True,TORONTO,WINDSOR,2025-08-09,1,Oakville,OAKV,2025-08-09T15:55:01Z,2025-08-09T15:51:00Z,ARR,goo,4.0
73,True,True,TORONTO,WINDSOR,2025-08-09,2,Aldershot,ALDR,2025-08-09T16:12:32Z,2025-08-09T16:09:00Z,ARR,goo,3.0
73,True,True,TORONTO,WINDSOR,2025-08-09,3,Brantford,BRTF,2025-08-09T16:46:12Z,2025-08-09T16:40:00Z,ARR,med,6.0
73,True,True,TORONTO,WINDSOR,2025-08-09,4,Woodstock,WDST,2025-08-09T17:14:28Z,2025-08-09T17:09:00Z,ARR,med,5.0
73,True,True,TORONTO,WINDSOR,2025-08-09,5,London,LNDN,2025-08-09T17:46:25Z,2025-08-09T17:38:00Z,ARR,med,8.0
73,True,True,TORONTO,WINDSOR,2025-08-09,6,Chatham,CHAT,2025-08-09T19:12:59Z,2025-08-09T18:50:00Z,ARR,bad,22.0
73,True,True,TORONTO,WINDSOR,2025-08-09,7,Windsor,WDON,2025-08-09T19:58:29Z,2025-08-09T19:45:00Z,ARR,med,13.0
644,True,True,TORONTO,OTTAWA,2025-08-09,0,Toronto,TRTO,2025-08-09T17:23:00Z,2025-08-09T17:23:00Z,ARR,goo,0.0
644,True,True,TORONTO,OTTAWA,2025-08-09,1,Oshawa,OSHA,2025-08-09T18:24:34Z,2025-08-09T17:53:00Z,ARR,bad,31.0
644,True,True,TORONTO,OTTAWA,2025-08-09,2,Cobourg,CBRG,2025-08-09T19:13:13Z,2025-08-09T18:28:00Z,ARR,bad,45.0
644,True,True,TORONTO,OTTAWA,2025-08-09,3,Belleville,BLVL,2025-08-09T19:55:03Z,2025-08-09T19:03:00Z,ARR,bad,52.0
644,True,True,TORONTO,OTTAWA,2025-08-09,4,Kingston,KGON,2025-08-09T20:50:14Z,2025-08-09T19:43:00Z,ARR,bad,67.0
644,True,True,TORONTO,OTTAWA,2025-08-09,5,Fallowfield,FALL,2025-08-09T22:48:52Z,2025-08-09T21:30:00Z,ARR,bad,78.0
644,True,True,TORONTO,OTTAWA,2025-08-09,6,Ottawa,OTTW,2025-08-09T23:08:43Z,2025-08-09T21:53:00Z,ARR,bad,75.0
643,True,True,OTTAWA,TORONTO,2025-08-09,0,Ottawa,OTTW,2025-08-09T12:29:00Z,2025-08-09T12:29:00Z,ARR,goo,0.0
643,True,True,OTTAWA,TORONTO,2025-08-09,1,Fallowfield,FALL,2025-08-09T12:47:03Z,2025-08-09T12:45:00Z,ARR,goo,2.0
643,True,True,OTTAWA,TORONTO,2025-08-09,2,Smiths Falls,SMTF,2025-08-09T13:21:16Z,2025-08-09T13:17:00Z,ARR,goo,4.0
643,True,True,OTTAWA,TORONTO,2025-08-09,3,Brockville,BRKV,2025-08-09T13:55:07Z,2025-08-09T13:49:00Z,ARR,med,6.0
643,True,True,OTTAWA,TORONTO,2025-08-09,4,Kingston,KGON,2025-08-09T14:48:35Z,2025-08-09T14:32:00Z,ARR,bad,16.0
643,True,True,OTTAWA,TORONTO,2025-08-09,5,Napanee,NAPN,2025-08-09T15:34:55Z,2025-08-09T14:57:00Z,ARR,bad,37.0
643,True,True,OTTAWA,TORONTO,2025-08-09,6,Belleville,BLVL,2025-08-09T16:02:11Z,2025-08-09T15:17:00Z,ARR,bad,45.0
643,True,True,OTTAWA,TORONTO,2025-08-09,7,Trenton Jct.,TRNJ,2025-08-09T16:16:48Z,2025-08-09T15:31:00Z,ARR,bad,45.0
643,True,True,OTTAWA,TORONTO,2025-08-09,8,Cobourg,CBRG,2025-08-09T16:50:00Z,2025-08-09T15:57:00Z,ARR,bad,53.0
643,True,True,OTTAWA,TORONTO,2025-08-09,9,Port Hope,PHOP,2025-08-09T17:00:20Z,2025-08-09T16:07:00Z,ARR,bad,53.0
643,True,True,OTTAWA,TORONTO,2025-08-09,10,Oshawa,OSHA,2025-08-09T17:34:30Z,2025-08-09T16:35:00Z,ARR,bad,59.0
643,True,True,OTTAWA,TORONTO,2025-08-09,11,Guildwood,GUIL,2025-08-09T17:54:51Z,2025-08-09T16:58:00Z,ARR,bad,56.0
643,True,True,OTTAWA,TORONTO,2025-08-09,12,Toronto,TRTO,2025-08-09T18:26:56Z,2025-08-09T17:18:00Z,ARR,bad,68.0
62,True,True,TORONTO,MONTRÉAL,2025-08-09,0,Toronto,TRTO,2025-08-09T12:32:00Z,2025-08-09T12:32:00Z,ARR,goo,0.0
62,True,True,TORONTO,MONTRÉAL,2025-08-09,1,Guildwood,GUIL,2025-08-09T12:51:33Z,2025-08-09T12:50:00Z,ARR,goo,1.0
62,True,True,TORONTO,MONTRÉAL,2025-08-09,2,Oshawa,OSHA,2025-08-09T13:09:47Z,2025-08-09T13:09:00Z,ARR,goo,0.0
62,True,True,TORONTO,MONTRÉAL,2025-08-09,3,Cobourg,CBRG,2025-08-09T13:47:08Z,2025-08-09T13:44:00Z,ARR,goo,3.0
62,True,True,TORONTO,MONTRÉAL,2025-08-09,4,Belleville,BLVL,2025-08-09T14:31:21Z,2025-08-09T14:20:00Z,ARR,med,11.0
62,True,True,TORONTO,MONTRÉAL,2025-08-09,5,Kingston,KGON,2025-08-09T15:25:55Z,2025-08-09T15:00:00Z,ARR,bad,25.0
62,True,True,TORONTO,MONTRÉAL,2025-08-09,6,Cornwall,CWLL,2025-08-09T17:16:26Z,2025-08-09T16:43:00Z,ARR,bad,33.0
62,True,True,TORONTO,MONTRÉAL,2025-08-09,7,Dorval,DORV,2025-08-09T18:20:01Z,2025-08-09T17:34:00Z,ARR,bad,46.0
62,True,True,TORONTO,MONTRÉAL,2025-08-09,8,Montréal,MTRL,2025-08-09T18:47:41Z,2025-08-09T18:00:00Z,ARR,bad,47.0
97,True,True,TORONTO,NIAGARA FALLS,2025-08-09,0,Toronto,TRTO,2025-08-09T12:20:00Z,2025-08-09T12:20:00Z,ARR,goo,0.0
97,True,True,TORONTO,NIAGARA FALLS,2025-08-09,1,Oakville,OAKV,2025-08-09T12:43:00Z,2025-08-09T12:43:00Z,ARR,goo,0.0
97,True,True,TORONTO,NIAGARA FALLS,2025-08-09,2,Aldershot,ALDR,2025-08-09T12:56:00Z,2025-08-09T12:56:00Z,ARR,goo,0.0
97,True,True,TORONTO,NIAGARA FALLS,2025-08-09,3,Grimsby,GRIM,2025-08-09T13:37:00Z,2025-08-09T13:37:00Z,ARR,goo,0.0
97,True,True,TORONTO,NIAGARA FALLS,2025-08-09,4,St. Catharines,SCAT,2025-08-09T13:57:00Z,2025-08-09T13:57:00Z,ARR,goo,0.0
97,True,True,TORONTO,NIAGARA FALLS,2025-08-09,5,Niagara Falls,NIAG,2025-08-09T14:20:00Z,2025-08-09T14:20:00Z,ARR,goo,0.0
633,True,True,MONTRÉAL,OTTAWA,2025-08-09,0,Montréal,MTRL,2025-08-09T13:00:00Z,2025-08-09T13:00:00Z,ARR,goo,0.0
633,True,True,MONTRÉAL,OTTAWA,2025-08-09,1,Dorval,DORV,2025-08-09T13:23:52Z,2025-08-09T13:24:00Z,ARR,goo,0.0
633,True,True,MONTRÉAL,OTTAWA,2025-08-09,2,Alexandria,ALEX,2025-08-09T14:09:35Z,2025-08-09T14:11:00Z,ARR,goo,-1.0
633,True,True,MONTRÉAL,OTTAWA,2025-08-09,3,Casselman,CSLM,2025-08-09T14:41:47Z,2025-08-09T14:34:00Z,ARR,med,7.0
633,True,True,MONTRÉAL,OTTAWA,2025-08-09,4,Ottawa,OTTW,2025-08-09T15:08:07Z,2025-08-09T15:05:00Z,ARR,goo,3.0
622,True,True,MONTRÉAL,QUÉBEC,2025-08-09,0,Montréal,MTRL,2025-08-09T12:20:00Z,2025-08-09T12:20:00Z,ARR,goo,0.0
622,True,True,MONTRÉAL,QUÉBEC,2025-08-09,1,St. Lambert,SLAM,2025-08-09T12:34:27Z,2025-08-09T12:33:00Z,ARR,goo,1.0
622,True,True,MONTRÉAL,QUÉBEC,2025-08-09,2,St. Hyacinthe,SHYA,2025-08-09T13:06:47Z,2025-08-09T13:00:00Z,ARR,med,6.0
622,True,True,MONTRÉAL,QUÉBEC,2025-08-09,3,Drummondville,DRMV,2025-08-09T13:46:32Z,2025-08-09T13:29:00Z,ARR,bad,17.0
622,True,True,MONTRÉAL,QUÉBEC,2025-08-09,4,Ste-Foy,SFOY,2025-08-09T15:38:27Z,2025-08-09T15:11:00Z,ARR,bad,27.0
622,True,True,MONTRÉAL,QUÉBEC,2025-08-09,5,Québec,QBEC,2025-08-09T16:05:56Z,2025-08-09T15:39:00Z,ARR,bad,26.0
45,True,True,OTTAWA,TORONTO,2025-08-09,0,Ottawa,OTTW,2025-08-09T14:24:37Z,2025-08-09T14:24:00Z,ARR,goo,0.0
45,True,True,OTTAWA,TORONTO,2025-08-09,1,Fallowfield,FALL,2025-08-09T14:43:22Z,2025-08-09T14:40:00Z,ARR,goo,3.0
45,True,True,OTTAWA,TORONTO,2025-08-09,2,Kingston,KGON,2025-08-09T17:06:18Z,2025-08-09T16:26:00Z,ARR,bad,40.0
45,True,True,OTTAWA,TORONTO,2025-08-09,3,Toronto,TRTO,2025-08-09T20:41:44Z,2025-08-09T18:48:00Z,ARR,bad,113.0
185,True,True,SUDBURY,WHITE RIVER,2025-08-09,0,Sudbury,SUDB,2025-08-09T13:00:00Z,2025-08-09T13:00:00Z,ARR,goo,0.0
185,True,True,SUDBURY,WHITE RIVER,2025-08-09,1,Azilda,AZIL,2025-08-09T13:17:16Z,2025-08-09T13:10:00Z,ARR,med,7.0
185,True,True,SUDBURY,WHITE RIVER,2025-08-09,2,Chelmsford,CHEL,2025-08-09T13:22:16Z,2025-08-09T13:15:00Z,ARR,med,7.0
185,True,True,SUDBURY,WHITE RIVER,2025-08-09,3,Larchwood,LARC,2025-08-09T13:24:20Z,2025-08-09T13:19:00Z,ARR,med,5.0
185,True,True,SUDBURY,WHITE RIVER,2025-08-09,4,Levack,LEVA,2025-08-09T13:34:29Z,2025-08-09T13:30:00Z,ARR,goo,4.0
185,True,True,SUDBURY,WHITE RIVER,2025-08-09,5,Cartier,CART,2025-08-09T13:49:21Z,2025-08-09T13:45:00Z,ARR,goo,4.0
185,True,True,SUDBURY,WHITE RIVER,2025-08-09,6,Benny,BENN,2025-08-09T14:16:48Z,2025-08-09T14:05:00Z,ARR,med,11.0
185,True,True,SUDBURY,WHITE RIVER,2025-08-09,7,Stralak,STRL,2025-08-09T14:21:31Z,2025-08-09T14:12:00Z,ARR,med,9.0
185,True,True,SUDBURY,WHITE RIVER,2025-08-09,8,Pogamasing,POGA,2025-08-09T14:32:45Z,2025-08-09T14:25:00Z,ARR,med,7.0
185,True,True,SUDBURY,WHITE RIVER,2025-08-09,9,Sheahan,SHEA,2025-08-09T14:37:35Z,2025-08-09T14:30:00Z,ARR,med,7.0
185,True,True,SUDBURY,WHITE RIVER,2025-08-09,10,Forks,FRKS,2025-08-09T14:47:51Z,2025-08-09T14:40:00Z,ARR,med,7.0
185,True,True,SUDBURY,WHITE RIVER,2025-08-09,11,Metagama,MTGM,2025-08-09T14:57:51Z,2025-08-09T14:50:00Z,ARR,med,7.0
185,True,True,SUDBURY,WHITE RIVER,2025-08-09,12,Sinker,SNKR,2025-08-09T15:02:51Z,2025-08-09T14:55:00Z,ARR,med,7.0
185,True,True,SUDBURY,WHITE RIVER,2025-08-09,13,Biscotasing,BISC,2025-08-09T15:47:20Z,2025-08-09T15:20:00Z,ARR,bad,27.0
185,True,True,SUDBURY,WHITE RIVER,2025-08-09,14,Roberts,RBRT,2025-08-09T15:57:20Z,2025-08-09T15:30:00Z,ARR,bad,27.0
185,True,True,SUDBURY,WHITE RIVER,2025-08-09,15,Ramsey,RAMS,2025-08-09T16:12:20Z,2025-08-09T15:45:00Z,ARR,bad,27.0
185,True,True,SUDBURY,WHITE RIVER,2025-08-09,16,Woman River,WOMR,2025-08-09T16:39:44Z,2025-08-09T16:05:00Z,ARR,bad,34.0
185,True,True,SUDBURY,WHITE RIVER,2025-08-09,17,Sultan,SULT,2025-08-09T16:54:44Z,2025-08-09T16:20:00Z,ARR,bad,34.0
185,True,True,SUDBURY,WHITE RIVER,2025-08-09,18,Kormak,KORM,2025-08-09T17:09:44Z,2025-08-09T16:35:00Z,ARR,bad,34.0
185,True,True,SUDBURY,WHITE RIVER,2025-08-09,19,Kinogama,KINO,2025-08-09T17:14:44Z,2025-08-09T16:40:00Z,ARR,bad,34.0
185,True,True,SUDBURY,WHITE RIVER,2025-08-09,20,Nemegos,NEME,2025-08-09T17:49:27Z,2025-08-09T16:55:00Z,ARR,bad,54.0
185,True,True,SUDBURY,WHITE RIVER,2025-08-09,21,Devon,DEVN,2025-08-09T17:59:15Z,2025-08-09T17:05:00Z,ARR,bad,54.0
185,True,True,SUDBURY,WHITE RIVER,2025-08-09,22,Chapleau,CHAP,2025-08-09T18:17:49Z,2025-08-09T17:20:00Z,ARR,bad,57.0
185,True,True,SUDBURY,WHITE RIVER,2025-08-09,23,Esher,ESHR,2025-08-09T18:38:46Z,2025-08-09T17:50:00Z,ARR,bad,48.0
185,True,True,SUDBURY,WHITE RIVER,2025-08-09,24,Musk,MUSK,2025-08-09T18:54:32Z,2025-08-09T18:00:00Z,ARR,bad,54.0
185,True,True,SUDBURY,WHITE RIVER,2025-08-09,25,Nicholson,NICH,2025-08-09T19:00:28Z,2025-08-09T18:10:00Z,ARR,bad,50.0
185,True,True,SUDBURY,WHITE RIVER,2025-08-09,26,Bolkow,BOLK,2025-08-09T19:18:15Z,2025-08-09T18:30:00Z,ARR,bad,48.0
185,True,True,SUDBURY,WHITE RIVER,2025-08-09,27,Dalton,DALT,2025-08-09T19:33:15Z,2025-08-09T18:45:00Z,ARR,bad,48.0
185,True,True,SUDBURY,WHITE RIVER,2025-08-09,28,Missanabie,MSBI,2025-08-09T19:58:15Z,2025-08-09T19:10:00Z,ARR,bad,48.0
185,True,True,SUDBURY,WHITE RIVER,2025-08-09,29,Lochalsh,LOCH,2025-08-09T20:18:15Z,2025-08-09T19:30:00Z,ARR,bad,48.0
185,True,True,SUDBURY,WHITE RIVER,2025-08-09,30,Franz,FRNZ,2025-08-09T20:41:32Z,2025-08-09T19:50:00Z,ARR,bad,51.0
185,True,True,SUDBURY,WHITE RIVER,2025-08-09,31,Swanson,SWAN,2025-08-09T20:51:19Z,2025-08-09T20:00:00Z,ARR,bad,51.0
185,True,True,SUDBURY,WHITE RIVER,2025-08-09,32,Girdwood,GIRD,2025-08-09T21:20:12Z,2025-08-09T20:25:00Z,ARR,bad,55.0
185,True,True,SUDBURY,WHITE RIVER,2025-08-09,33,Amyot,AMYO,2025-08-09T21:31:27Z,2025-08-09T20:35:00Z,ARR,bad,56.0
185,True,True,SUDBURY,WHITE RIVER,2025-08-09,34,O'Brien,OBRI,2025-08-09T21:44:15Z,2025-08-09T20:50:00Z,ARR,bad,54.0
185,True,True,SUDBURY,WHITE RIVER,2025-08-09,35,White River,WHTR,2025-08-09T21:57:04Z,2025-08-09T21:05:00Z,ARR,bad,52.0
637,True,True,QUÉBEC,OTTAWA,2025-08-09,0,Québec,QBEC,2025-08-09T14:00:00Z,2025-08-09T14:00:00Z,ARR,goo,0.0
637,True,True,QUÉBEC,OTTAWA,2025-08-09,1,Ste-Foy,SFOY,2025-08-09T14:26:43Z,2025-08-09T14:25:00Z,ARR,goo,1.0
637,True,True,QUÉBEC,OTTAWA,2025-08-09,2,Drummondville,DRMV,2025-08-09T16:29:06Z,2025-08-09T16:08:00Z,ARR,bad,21.0
637,True,True,QUÉBEC,OTTAWA,2025-08-09,3,St. Lambert,SLAM,2025-08-09T17:52:11Z,2025-08-09T17:16:00Z,ARR,bad,36.0
637,True,True,QUÉBEC,OTTAWA,2025-08-09,4,Montréal,MTRL,2025-08-09T18:07:09Z,2025-08-09T17:31:00Z,ARR,bad,36.0
637,True,True,QUÉBEC,OTTAWA,2025-08-09,5,Dorval,DORV,2025-08-09T19:09:39Z,2025-08-09T18:20:00Z,ARR,bad,49.0
637,True,True,QUÉBEC,OTTAWA,2025-08-09,6,Alexandria,ALEX,2025-08-09T20:08:26Z,2025-08-09T19:10:00Z,ARR,bad,58.0
637,True,True,QUÉBEC,OTTAWA,2025-08-09,7,Ottawa,OTTW,2025-08-09T20:59:05Z,2025-08-09T19:56:00Z,ARR,bad,63.0
63,True,True,MONTRÉAL,TORONTO,2025-08-09,0,Montréal,MTRL,2025-08-09T12:46:00Z,2025-08-09T12:46:00Z,ARR,goo,0.0
63,True,True,MONTRÉAL,TORONTO,2025-08-09,1,Dorval,DORV,2025-08-09T13:11:36Z,2025-08-09T13:11:00Z,ARR,goo,0.0
63,True,True,MONTRÉAL,TORONTO,2025-08-09,2,Cornwall,CWLL,2025-08-09T14:06:28Z,2025-08-09T14:04:00Z,ARR,goo,2.0
63,True,True,MONTRÉAL,TORONTO,2025-08-09,3,Brockville,BRKV,2025-08-09T14:53:04Z,2025-08-09T14:54:00Z,ARR,goo,0.0
63,True,True,MONTRÉAL,TORONTO,2025-08-09,4,Kingston,KGON,2025-08-09T15:38:21Z,2025-08-09T15:39:00Z,ARR,goo,0.0
63,True,True,MONTRÉAL,TORONTO,2025-08-09,5,Belleville,BLVL,2025-08-09T16:25:16Z,2025-08-09T16:20:00Z,ARR,med,5.0
63,True,True,MONTRÉAL,TORONTO,2025-08-09,6,Cobourg,CBRG,2025-08-09T17:02:04Z,2025-08-09T16:58:00Z,ARR,goo,4.0
63,True,True,MONTRÉAL,TORONTO,2025-08-09,7,Oshawa,OSHA,2025-08-09T17:41:00Z,2025-08-09T17:34:00Z,ARR,med,7.0
63,True,True,MONTRÉAL,TORONTO,2025-08-09,8,Guildwood,GUIL,2025-08-09T18:16:07Z,2025-08-09T17:58:00Z,ARR,bad,18.0
63,True,True,MONTRÉAL,TORONTO,2025-08-09,9,Toronto,TRTO,2025-08-09T18:47:38Z,2025-08-09T18:18:00Z,ARR,bad,29.0
40,True,True,TORONTO,OTTAWA,2025-08-09,0,Toronto,TRTO,2025-08-09T14:38:00Z,2025-08-09T14:38:00Z,ARR,goo,0.0
40,True,True,TORONTO,OTTAWA,2025-08-09,1,Belleville,BLVL,2025-08-09T16:15:01Z,2025-08-09T16:09:00Z,ARR,med,6.0
40,True,True,TORONTO,OTTAWA,2025-08-09,2,Kingston,KGON,2025-08-09T16:58:34Z,2025-08-09T16:48:00Z,ARR,med,10.0
40,True,True,TORONTO,OTTAWA,2025-08-09,3,Fallowfield,FALL,2025-08-09T18:36:50Z,2025-08-09T18:38:00Z,ARR,goo,-1.0
40,True,True,TORONTO,OTTAWA,2025-08-09,4,Ottawa,OTTW,2025-08-09T18:55:52Z,2025-08-09T19:02:00Z,ARR,goo,-6.0
624,True,True,OTTAWA,QUÉBEC,2025-08-09,0,Ottawa,OTTW,2025-08-09T11:45:00Z,2025-08-09T11:45:00Z,ARR,goo,0.0
624,True,True,OTTAWA,QUÉBEC,2025-08-09,1,Alexandria,ALEX,2025-08-09T12:25:53Z,2025-08-09T12:31:00Z,ARR,goo,-5.0
624,True,True,OTTAWA,QUÉBEC,2025-08-09,2,Dorval,DORV,2025-08-09T13:16:49Z,2025-08-09T13:16:00Z,ARR,goo,0.0
624,True,True,OTTAWA,QUÉBEC,2025-08-09,3,Montréal,MTRL,2025-08-09T13:43:53Z,2025-08-09T13:39:00Z,ARR,goo,4.0
624,True,True,OTTAWA,QUÉBEC,2025-08-09,4,St. Lambert,SLAM,2025-08-09T14:30:04Z,2025-08-09T14:28:00Z,ARR,goo,2.0
624,True,True,OTTAWA,QUÉBEC,2025-08-09,5,St. Hyacinthe,SHYA,2025-08-09T15:04:45Z,2025-08-09T15:06:00Z,ARR,goo,-1.0
624,True,True,OTTAWA,QUÉBEC,2025-08-09,6,Drummondville,DRMV,2025-08-09T15:38:24Z,2025-08-09T15:34:00Z,ARR,goo,4.0
624,True,True,OTTAWA,QUÉBEC,2025-08-09,7,Charny,CHNY,2025-08-09T17:30:52Z,2025-08-09T17:13:00Z,ARR,bad,17.0
624,True,True,OTTAWA,QUÉBEC,2025-08-09,8,Ste-Foy,SFOY,2025-08-09T17:38:48Z,2025-08-09T17:20:00Z,ARR,bad,18.0
624,True,True,OTTAWA,QUÉBEC,2025-08-09,9,Québec,QBEC,2025-08-09T18:07:25Z,2025-08-09T17:48:00Z,ARR,bad,19.0
47,True,True,OTTAWA,TORONTO,2025-08-09,0,Ottawa,OTTW,2025-08-09T16:23:54Z,2025-08-09T16:23:00Z,ARR,goo,0.0
47,True,True,OTTAWA,TORONTO,2025-08-09,1,Fallowfield,FALL,2025-08-09T16:40:04Z,2025-08-09T16:40:00Z,ARR,goo,0.0
47,True,True,OTTAWA,TORONTO,2025-08-09,2,Smiths Falls,SMTF,2025-08-09T17:26:11Z,2025-08-09T17:18:00Z,ARR,med,8.0
47,True,True,OTTAWA,TORONTO,2025-08-09,3,Brockville,BRKV,2025-08-09T18:06:55Z,2025-08-09T17:54:00Z,ARR,med,12.0
47,True,True,OTTAWA,TORONTO,2025-08-09,4,Gananoque,GANA,2025-08-09T18:35:23Z,2025-08-09T18:22:00Z,ARR,med,13.0
47,True,True,OTTAWA,TORONTO,2025-08-09,5,Kingston,KGON,2025-08-09T19:00:04Z,2025-08-09T18:45:00Z,ARR,bad,15.0
47,True,True,OTTAWA,TORONTO,2025-08-09,6,Belleville,BLVL,2025-08-09T19:47:43Z,2025-08-09T19:26:00Z,ARR,bad,21.0
47,True,True,OTTAWA,TORONTO,2025-08-09,7,Oshawa,OSHA,2025-08-09T20:57:06Z,2025-08-09T20:33:00Z,ARR,bad,24.0
47,True,True,OTTAWA,TORONTO,2025-08-09,8,Guildwood,GUIL,2025-08-09T21:34:06Z,2025-08-09T20:58:00Z,ARR,bad,36.0
47,True,True,OTTAWA,TORONTO,2025-08-09,9,Toronto,TRTO,2025-08-09T22:00:26Z,2025-08-09T21:30:00Z,ARR,bad,30.0
35,True,True,QUÉBEC,OTTAWA,2025-08-09,0,Québec,QBEC,2025-08-09T12:06:00Z,2025-08-09T12:06:00Z,ARR,goo,0.0
35,True,True,QUÉBEC,OTTAWA,2025-08-09,1,Ste-Foy,SFOY,2025-08-09T12:37:30Z,2025-08-09T12:31:00Z,ARR,med,6.0
35,True,True,QUÉBEC,OTTAWA,2025-08-09,2,Charny,CHNY,2025-08-09T12:46:09Z,2025-08-09T12:40:00Z,ARR,med,6.0
35,True,True,QUÉBEC,OTTAWA,2025-08-09,3,Drummondville,DRMV,2025-08-09T14:44:34Z,2025-08-09T14:14:00Z,ARR,bad,30.0
35,True,True,QUÉBEC,OTTAWA,2025-08-09,4,St. Hyacinthe,SHYA,2025-08-09T15:27:34Z,2025-08-09T14:44:00Z,ARR,bad,43.0
35,True,True,QUÉBEC,OTTAWA,2025-08-09,5,St. Lambert,SLAM,2025-08-09T16:08:19Z,2025-08-09T15:11:00Z,ARR,bad,57.0
35,True,True,QUÉBEC,OTTAWA,2025-08-09,6,Montréal,MTRL,2025-08-09T16:27:35Z,2025-08-09T15:26:00Z,ARR,bad,61.0
35,True,True,QUÉBEC,OTTAWA,2025-08-09,7,Dorval,DORV,2025-08-09T17:15:13Z,2025-08-09T16:18:00Z,ARR,bad,57.0
35,True,True,QUÉBEC,OTTAWA,2025-08-09,8,Coteau,COTO,2025-08-09T17:47:55Z,2025-08-09T16:46:00Z,ARR,bad,61.0
35,True,True,QUÉBEC,OTTAWA,2025-08-09,9,Alexandria,ALEX,2025-08-09T18:09:46Z,2025-08-09T17:08:00Z,ARR,bad,61.0
35,True,True,QUÉBEC,OTTAWA,2025-08-09,10,Casselman,CSLM,2025-08-09T18:31:17Z,2025-08-09T17:31:00Z,ARR,bad,60.0
35,True,True,QUÉBEC,OTTAWA,2025-08-09,11,Ottawa,OTTW,2025-08-09T18:57:11Z,2025-08-09T17:58:00Z,ARR,bad,59.0
26,True,True,OTTAWA,QUÉBEC,2025-08-09,0,Ottawa,OTTW,2025-08-09T18:17:00Z,2025-08-09T18:17:00Z,ARR,goo,0.0
26,True,True,OTTAWA,QUÉBEC,2025-08-09,1,Alexandria,ALEX,2025-08-09T19:10:01Z,2025-08-09T19:03:00Z,ARR,med,7.0
26,True,True,OTTAWA,QUÉBEC,2025-08-09,2,Coteau,COTO,2025-08-09T19:31:56Z,2025-08-09T19:26:00Z,ARR,med,5.0
26,True,True,OTTAWA,QUÉBEC,2025-08-09,3,Dorval,DORV,2025-08-09T20:12:47Z,2025-08-09T19:49:00Z,ARR,bad,23.0
26,True,True,OTTAWA,QUÉBEC,2025-08-09,4,Montréal,MTRL,2025-08-09T20:43:15Z,2025-08-09T20:15:00Z,ARR,bad,28.0
26,True,True,OTTAWA,QUÉBEC,2025-08-09,5,St. Lambert,SLAM,2025-08-09T21:26:44Z,2025-08-09T20:53:00Z,ARR,bad,33.0
26,True,True,OTTAWA,QUÉBEC,2025-08-09,6,St. Hyacinthe,SHYA,2025-08-09T22:26:52Z,2025-08-09T21:20:00Z,ARR,bad,66.0
26,True,True,OTTAWA,QUÉBEC,2025-08-09,7,Drummondville,DRMV,2025-08-09T23:36:33Z,2025-08-09T22:05:00Z,ARR,bad,91.0
26,True,True,OTTAWA,QUÉBEC,2025-08-09,8,Charny,CHNY,2025-08-10T01:02:22Z,2025-08-09T23:44:00Z,ARR,bad,78.0
26,True,True,OTTAWA,QUÉBEC,2025-08-09,9,Ste-Foy,SFOY,2025-08-10T01:10:26Z,2025-08-09T23:52:00Z,ARR,bad,78.0
26,True,True,OTTAWA,QUÉBEC,2025-08-09,10,Québec,QBEC,2025-08-10T01:38:44Z,2025-08-10T00:19:00Z,ARR,bad,79.0
39,True,True,QUÉBEC,OTTAWA,2025-08-09,0,Québec,QBEC,2025-08-09T18:57:00Z,2025-08-09T18:57:00Z,ARR,goo,0.0
39,True,True,QUÉBEC,OTTAWA,2025-08-09,1,Ste-Foy,SFOY,2025-08-09T19:26:45Z,2025-08-09T19:22:00Z,ARR,goo,4.0
39,True,True,QUÉBEC,OTTAWA,2025-08-09,2,Drummondville,DRMV,2025-08-09T21:10:29Z,2025-08-09T20:58:00Z,ARR,med,12.0
39,True,True,QUÉBEC,OTTAWA,2025-08-09,3,St. Lambert,SLAM,2025-08-09T22:34:41Z,2025-08-09T21:57:00Z,ARR,bad,37.0
39,True,True,QUÉBEC,OTTAWA,2025-08-09,4,Montréal,MTRL,2025-08-09T22:52:42Z,2025-08-09T22:11:00Z,ARR,bad,41.0
39,True,True,QUÉBEC,OTTAWA,2025-08-09,5,Dorval,DORV,2025-08-09T23:45:47Z,2025-08-09T23:14:00Z,ARR,bad,31.0
39,True,True,QUÉBEC,OTTAWA,2025-08-09,6,Coteau,COTO,2025-08-10T00:19:34Z,2025-08-09T23:43:00Z,ARR,bad,36.0
39,True,True,QUÉBEC,OTTAWA,2025-08-09,7,Alexandria,ALEX,2025-08-10T00:43:19Z,2025-08-10T00:06:00Z,ARR,bad,37.0
39,True,True,QUÉBEC,OTTAWA,2025-08-09,8,Ottawa,OTTW,2025-08-10T01:27:30Z,2025-08-10T00:51:00Z,ARR,bad,36.0
66,True,True,TORONTO,MONTRÉAL,2025-08-09,0,Toronto,TRTO,2025-08-09T19:24:15Z,2025-08-09T19:23:00Z,ARR,goo,1.0
66,True,True,TORONTO,MONTRÉAL,2025-08-09,1,Guildwood,GUIL,2025-08-09T19:53:32Z,2025-08-09T19:40:00Z,ARR,med,13.0
66,True,True,TORONTO,MONTRÉAL,2025-08-09,2,Oshawa,OSHA,2025-08-09T20:20:46Z,2025-08-09T19:54:00Z,ARR,bad,26.0
66,True,True,TORONTO,MONTRÉAL,2025-08-09,3,Belleville,BLVL,2025-08-09T21:35:05Z,2025-08-09T21:00:00Z,ARR,bad,35.0
66,True,True,TORONTO,MONTRÉAL,2025-08-09,4,Kingston,KGON,2025-08-09T22:19:58Z,2025-08-09T21:40:00Z,ARR,bad,39.0
66,True,True,TORONTO,MONTRÉAL,2025-08-09,5,Cornwall,CWLL,2025-08-09T23:48:39Z,2025-08-09T23:07:00Z,ARR,bad,41.0
66,True,True,TORONTO,MONTRÉAL,2025-08-09,6,Dorval,DORV,2025-08-10T00:47:49Z,2025-08-09T23:58:00Z,ARR,bad,49.0
66,True,True,TORONTO,MONTRÉAL,2025-08-09,7,Montréal,MTRL,2025-08-10T01:15:56Z,2025-08-10T00:25:00Z,ARR,bad,50.0
46,True,True,TORONTO,OTTAWA,2025-08-09,0,Oshawa,OSHA,2025-08-09T21:16:24Z,2025-08-09T20:09:00Z,ARR,bad,67.0
46,True,True,TORONTO,OTTAWA,2025-08-09,1,Cobourg,CBRG,2025-08-09T22:01:56Z,2025-08-09T20:43:00Z,ARR,bad,78.0
46,True,True,TORONTO,OTTAWA,2025-08-09,2,Kingston,KGON,2025-08-09T23:30:36Z,2025-08-09T21:54:00Z,ARR,bad,96.0
46,True,True,TORONTO,OTTAWA,2025-08-09,3,Brockville,BRKV,2025-08-10T00:22:42Z,2025-08-09T22:40:00Z,ARR,bad,102.0
46,True,True,TORONTO,OTTAWA,2025-08-09,4,Fallowfield,FALL,2025-08-10T01:17:08Z,2025-08-09T23:40:00Z,ARR,bad,97.0
46,True,True,TORONTO,OTTAWA,2025-08-09,5,Ottawa,OTTW,2025-08-10T01:37:16Z,2025-08-10T00:00:00Z,ARR,bad,97.0
28,True,True,OTTAWA,QUÉBEC,2025-08-09,0,Ottawa,OTTW,2025-08-09T20:05:00Z,2025-08-09T20:05:00Z,ARR,goo,0.0
28,True,True,OTTAWA,QUÉBEC,2025-08-09,1,Casselman,CSLM,2025-08-09T20:30:30Z,2025-08-09T20:31:00Z,ARR,goo,0.0
28,True,True,OTTAWA,QUÉBEC,2025-08-09,2,Alexandria,ALEX,2025-08-09T20:55:19Z,2025-08-09T20:53:00Z,ARR,goo,2.0
28,True,True,OTTAWA,QUÉBEC,2025-08-09,3,Coteau,COTO,2025-08-09T21:15:01Z,2025-08-09T21:15:00Z,ARR,goo,0.0
28,True,True,OTTAWA,QUÉBEC,2025-08-09,4,Dorval,DORV,2025-08-09T22:13:10Z,2025-08-09T21:38:00Z,ARR,bad,35.0
28,True,True,OTTAWA,QUÉBEC,2025-08-09,5,Montréal,MTRL,2025-08-09T22:46:09Z,2025-08-09T22:04:00Z,ARR,bad,42.0
28,True,True,OTTAWA,QUÉBEC,2025-08-09,6,St. Lambert,SLAM,2025-08-09T23:31:14Z,2025-08-09T22:38:00Z,ARR,bad,53.0
28,True,True,OTTAWA,QUÉBEC,2025-08-09,7,St. Hyacinthe,SHYA,2025-08-10T00:08:24Z,2025-08-09T23:06:00Z,ARR,bad,62.0
28,True,True,OTTAWA,QUÉBEC,2025-08-09,8,Drummondville,DRMV,2025-08-10T01:00:30Z,2025-08-09T23:52:00Z,ARR,bad,68.0
28,True,True,OTTAWA,QUÉBEC,2025-08-09,9,Charny,CHNY,2025-08-10T02:32:36Z,2025-08-10T01:14:00Z,ARR,bad,78.0
28,True,True,OTTAWA,QUÉBEC,2025-08-09,10,Ste-Foy,SFOY,2025-08-10T02:43:56Z,2025-08-10T01:21:00Z,ARR,bad,82.0
28,True,True,OTTAWA,QUÉBEC,2025-08-09,11,Québec,QBEC,2025-08-10T03:14:47Z,2025-08-10T01:48:00Z,ARR,bad,86.0
69,True,True,MONTRÉAL,TORONTO,2025-08-09,0,Montréal,MTRL,2025-08-09T20:43:00Z,2025-08-09T20:38:00Z,ARR,med,5.0
69,True,True,MONTRÉAL,TORONTO,2025-08-09,1,Dorval,DORV,2025-08-09T21:17:14Z,2025-08-09T21:04:00Z,ARR,med,13.0
69,True,True,MONTRÉAL,TORONTO,2025-08-09,2,Cornwall,CWLL,2025-08-09T22:11:02Z,2025-08-09T21:53:00Z,ARR,bad,18.0
69,True,True,MONTRÉAL,TORONTO,2025-08-09,3,Brockville,BRKV,2025-08-09T23:18:54Z,2025-08-09T22:40:00Z,ARR,bad,38.0
69,True,True,MONTRÉAL,TORONTO,2025-08-09,4,Kingston,KGON,2025-08-10T00:05:55Z,2025-08-09T23:24:00Z,ARR,bad,41.0
69,True,True,MONTRÉAL,TORONTO,2025-08-09,5,Oshawa,OSHA,2025-08-10T01:58:23Z,2025-08-10T01:05:00Z,ARR,bad,53.0
69,True,True,MONTRÉAL,TORONTO,2025-08-09,6,Guildwood,GUIL,2025-08-10T02:30:41Z,2025-08-10T01:28:00Z,ARR,bad,62.0
69,True,True,MONTRÉAL,TORONTO,2025-08-09,7,Toronto,TRTO,2025-08-10T02:51:30Z,2025-08-10T01:48:00Z,ARR,bad,63.0
68,True,True,TORONTO,MONTRÉAL,2025-08-09,0,Toronto,TRTO,2025-08-09T21:08:00Z,2025-08-09T21:08:00Z,ARR,goo,0.0
68,True,True,TORONTO,MONTRÉAL,2025-08-09,1,Oshawa,OSHA,2025-08-09T21:57:53Z,2025-08-09T21:39:00Z,ARR,bad,18.0
68,True,True,TORONTO,MONTRÉAL,2025-08-09,2,Cobourg,CBRG,2025-08-09T22:34:04Z,2025-08-09T22:14:00Z,ARR,bad,20.0
68,True,True,TORONTO,MONTRÉAL,2025-08-09,3,Belleville,BLVL,2025-08-09T23:08:48Z,2025-08-09T22:49:00Z,ARR,bad,19.0
68,True,True,TORONTO,MONTRÉAL,2025-08-09,4,Kingston,KGON,2025-08-09T23:50:39Z,2025-08-09T23:26:00Z,ARR,bad,24.0
68,True,True,TORONTO,MONTRÉAL,2025-08-09,5,Brockville,BRKV,2025-08-10T00:35:29Z,2025-08-10T00:11:00Z,ARR,bad,24.0
68,True,True,TORONTO,MONTRÉAL,2025-08-09,6,Cornwall,CWLL,2025-08-10T01:20:44Z,2025-08-10T00:57:00Z,ARR,bad,23.0
68,True,True,TORONTO,MONTRÉAL,2025-08-09,7,Dorval,DORV,2025-08-10T02:15:49Z,2025-08-10T01:47:00Z,ARR,bad,28.0
68,True,True,TORONTO,MONTRÉAL,2025-08-09,8,Montréal,MTRL,2025-08-10T02:43:46Z,2025-08-10T02:14:00Z,ARR,bad,29.0
54,True,True,TORONTO,OTTAWA,2025-08-09,0,Toronto,TRTO,2025-08-09T21:38:00Z,2025-08-09T21:38:00Z,ARR,goo,0.0
54,True,True,TORONTO,OTTAWA,2025-08-09,1,Guildwood,GUIL,2025-08-09T21:58:54Z,2025-08-09T21:55:00Z,ARR,goo,3.0
54,True,True,TORONTO,OTTAWA,2025-08-09,2,Oshawa,OSHA,2025-08-09T22:28:33Z,2025-08-09T22:08:00Z,ARR,bad,20.0
54,True,True,TORONTO,OTTAWA,2025-08-09,3,Port Hope,PHOP,2025-08-09T23:06:25Z,2025-08-09T22:37:00Z,ARR,bad,29.0
54,True,True,TORONTO,OTTAWA,2025-08-09,4,Cobourg,CBRG,2025-08-09T23:22:49Z,2025-08-09T22:46:00Z,ARR,bad,36.0
54,True,True,TORONTO,OTTAWA,2025-08-09,5,Trenton Jct.,TRNJ,2025-08-09T23:56:41Z,2025-08-09T23:13:01Z,ARR,bad,43.0
54,True,True,TORONTO,OTTAWA,2025-08-09,6,Belleville,BLVL,2025-08-10T00:11:58Z,2025-08-09T23:27:00Z,ARR,bad,44.0
54,True,True,TORONTO,OTTAWA,2025-08-09,7,Napanee,NAPN,2025-08-10T00:39:20Z,2025-08-09T23:48:00Z,ARR,bad,51.0
54,True,True,TORONTO,OTTAWA,2025-08-09,8,Kingston,KGON,2025-08-10T01:03:55Z,2025-08-10T00:09:00Z,ARR,bad,54.0
54,True,True,TORONTO,OTTAWA,2025-08-09,9,Brockville,BRKV,2025-08-10T01:59:34Z,2025-08-10T00:54:00Z,ARR,bad,65.0
54,True,True,TORONTO,OTTAWA,2025-08-09,10,Smiths Falls,SMTF,2025-08-10T02:30:03Z,2025-08-10T01:25:00Z,ARR,bad,65.0
54,True,True,TORONTO,OTTAWA,2025-08-09,11,Fallowfield,FALL,2025-08-10T02:56:40Z,2025-08-10T01:52:00Z,ARR,bad,64.0
54,True,True,TORONTO,OTTAWA,2025-08-09,12,Ottawa,OTTW,2025-08-10T03:16:21Z,2025-08-10T02:13:00Z,ARR,bad,63.0
75,True,True,TORONTO,WINDSOR,2025-08-09,0,Toronto,TRTO,2025-08-09T21:51:53Z,2025-08-09T21:22:00Z,ARR,bad,29.0
75,True,True,TORONTO,WINDSOR,2025-08-09,1,Oakville,OAKV,2025-08-09T22:25:36Z,2025-08-09T21:45:00Z,ARR,bad,40.0
75,True,True,TORONTO,WINDSOR,2025-08-09,2,Aldershot,ALDR,2025-08-09T22:43:24Z,2025-08-09T22:01:00Z,ARR,bad,42.0
75,True,True,TORONTO,WINDSOR,2025-08-09,3,Brantford,BRTF,2025-08-09T23:15:17Z,2025-08-09T22:33:00Z,ARR,bad,42.0
75,True,True,TORONTO,WINDSOR,2025-08-09,4,Woodstock,WDST,2025-08-09T23:42:59Z,2025-08-09T23:04:00Z,ARR,bad,38.0
75,True,True,TORONTO,WINDSOR,2025-08-09,5,Ingersoll,INGR,2025-08-09T23:55:07Z,2025-08-09T23:19:00Z,ARR,bad,36.0
75,True,True,TORONTO,WINDSOR,2025-08-09,6,London,LNDN,2025-08-10T00:18:31Z,2025-08-09T23:47:00Z,ARR,bad,31.0
75,True,True,TORONTO,WINDSOR,2025-08-09,7,Glencoe,GLNC,2025-08-10T01:04:07Z,2025-08-10T00:21:00Z,ARR,bad,43.0
75,True,True,TORONTO,WINDSOR,2025-08-09,8,Chatham,CHAT,2025-08-10T01:47:12Z,2025-08-10T00:55:00Z,ARR,bad,52.0
75,True,True,TORONTO,WINDSOR,2025-08-09,9,Windsor,WDON,2025-08-10T02:32:54Z,2025-08-10T01:50:00Z,ARR,bad,42.0
98,True,True,NIAGARA FALLS,TORONTO,2025-08-09,0,Niagara Falls,NIAG,2025-08-09T22:40:00Z,2025-08-09T21:45:00Z,ARR,bad,55.0
98,True,True,NIAGARA FALLS,TORONTO,2025-08-09,1,St. Catharines,SCAT,2025-08-09T23:01:00Z,2025-08-09T22:06:00Z,ARR,bad,55.0
98,True,True,NIAGARA FALLS,TORONTO,2025-08-09,2,Grimsby,GRIM,2025-08-09T23:21:00Z,2025-08-09T22:26:00Z,ARR,bad,55.0
98,True,True,NIAGARA FALLS,TORONTO,2025-08-09,3,Aldershot,ALDR,2025-08-09T23:57:00Z,2025-08-09T23:02:00Z,ARR,bad,55.0
98,True,True,NIAGARA FALLS,TORONTO,2025-08-09,4,Oakville,OAKV,2025-08-10T00:17:00Z,2025-08-09T23:16:00Z,ARR,bad,61.0
98,True,True,NIAGARA FALLS,TORONTO,2025-08-09,5,Toronto,TRTO,2025-08-10T00:44:00Z,2025-08-09T23:43:00Z,ARR,bad,61.0
87,True,True,TORONTO,SARNIA,2025-08-09,0,Toronto,TRTO,2025-08-09T21:44:00Z,2025-08-09T21:40:00Z,ARR,goo,4.0
87,True,True,TORONTO,SARNIA,2025-08-09,1,Malton,MALT,2025-08-09T22:04:07Z,2025-08-09T22:00:00Z,ARR,goo,4.0
87,True,True,TORONTO,SARNIA,2025-08-09,2,Brampton,BRMP,2025-08-09T22:17:22Z,2025-08-09T22:12:00Z,ARR,med,5.0
87,True,True,TORONTO,SARNIA,2025-08-09,3,Georgetown,GEOR,2025-08-09T22:31:10Z,2025-08-09T22:24:00Z,ARR,med,7.0
87,True,True,TORONTO,SARNIA,2025-08-09,4,Guelph,GUEL,2025-08-09T22:54:21Z,2025-08-09T22:49:00Z,ARR,med,5.0
87,True,True,TORONTO,SARNIA,2025-08-09,5,Kitchener,KITC,2025-08-09T23:17:53Z,2025-08-09T23:16:00Z,ARR,goo,1.0
87,True,True,TORONTO,SARNIA,2025-08-09,6,Stratford,STRF,2025-08-10T00:09:10Z,2025-08-09T23:57:00Z,ARR,med,12.0
87,True,True,TORONTO,SARNIA,2025-08-09,7,St.Marys,SMYS,2025-08-10T00:40:53Z,2025-08-10T00:25:00Z,ARR,bad,15.0
87,True,True,TORONTO,SARNIA,2025-08-09,8,London,LNDN,2025-08-10T01:31:22Z,2025-08-10T01:13:00Z,ARR,bad,18.0
87,True,True,TORONTO,SARNIA,2025-08-09,9,Strathroy,STRR,2025-08-10T02:00:11Z,2025-08-10T01:39:00Z,ARR,bad,21.0
87,True,True,TORONTO,SARNIA,2025-08-09,10,Wyoming,WYOM,2025-08-10T02:28:26Z,2025-08-10T02:07:00Z,ARR,bad,21.0
87,True,True,TORONTO,SARNIA,2025-08-09,11,Sarnia,SARN,2025-08-10T02:46:05Z,2025-08-10T02:24:00Z,ARR,bad,22.0
29,True,True,QUÉBEC,MONTRÉAL,2025-08-09,0,Québec,QBEC,2025-08-09T21:41:41Z,2025-08-09T21:41:00Z,ARR,goo,0.0
29,True,True,QUÉBEC,MONTRÉAL,2025-08-09,1,Ste-Foy,SFOY,2025-08-09T22:13:05Z,2025-08-09T22:06:00Z,ARR,med,7.0
29,True,True,QUÉBEC,MONTRÉAL,2025-08-09,2,Drummondville,DRMV,2025-08-09T23:53:13Z,2025-08-09T23:42:00Z,ARR,med,11.0
29,True,True,QUÉBEC,MONTRÉAL,2025-08-09,3,St. Hyacinthe,SHYA,2025-08-10T00:36:09Z,2025-08-10T00:18:00Z,ARR,bad,18.0
29,True,True,QUÉBEC,MONTRÉAL,2025-08-09,4,St. Lambert,SLAM,2025-08-10T01:07:11Z,2025-08-10T00:45:00Z,ARR,bad,22.0
29,True,True,QUÉBEC,MONTRÉAL,2025-08-09,5,Montréal,MTRL,2025-08-10T01:26:24Z,2025-08-10T01:00:00Z,ARR,bad,26.0
59,True,True,OTTAWA,TORONTO,2025-08-09,0,Ottawa,OTTW,2025-08-09T22:03:00Z,2025-08-09T22:03:00Z,ARR,goo,0.0
59,True,True,OTTAWA,TORONTO,2025-08-09,1,Fallowfield,FALL,2025-08-09T22:20:30Z,2025-08-09T22:20:00Z,ARR,goo,0.0
59,True,True,OTTAWA,TORONTO,2025-08-09,2,Smiths Falls,SMTF,2025-08-09T22:54:04Z,2025-08-09T22:51:00Z,ARR,goo,3.0
59,True,True,OTTAWA,TORONTO,2025-08-09,3,Brockville,BRKV,2025-08-09T23:39:11Z,2025-08-09T23:25:00Z,ARR,med,14.0
59,True,True,OTTAWA,TORONTO,2025-08-09,4,Kingston,KGON,2025-08-10T00:26:27Z,2025-08-10T00:10:00Z,ARR,bad,16.0
59,True,True,OTTAWA,TORONTO,2025-08-09,5,Belleville,BLVL,2025-08-10T01:14:40Z,2025-08-10T00:51:00Z,ARR,bad,23.0
59,True,True,OTTAWA,TORONTO,2025-08-09,6,Trenton Jct.,TRNJ,2025-08-10T01:28:07Z,2025-08-10T01:05:00Z,ARR,bad,23.0
59,True,True,OTTAWA,TORONTO,2025-08-09,7,Cobourg,CBRG,2025-08-10T01:58:40Z,2025-08-10T01:31:00Z,ARR,bad,27.0
59,True,True,OTTAWA,TORONTO,2025-08-09,8,Oshawa,OSHA,2025-08-10T02:39:34Z,2025-08-10T02:05:00Z,ARR,bad,34.0
59,True,True,OTTAWA,TORONTO,2025-08-09,9,Guildwood,GUIL,2025-08-10T02:59:43Z,2025-08-10T02:28:00Z,ARR,bad,31.0
59,True,True,OTTAWA,TORONTO,2025-08-09,10,Toronto,TRTO,2025-08-10T03:29:43Z,2025-08-10T02:48:00Z,ARR,bad,41.0
78,True,True,WINDSOR,TORONTO,2025-08-09,0,Windsor,WDON,2025-08-09T21:40:00Z,2025-08-09T21:40:00Z,ARR,goo,0.0
78,True,True,WINDSOR,TORONTO,2025-08-09,1,Chatham,CHAT,2025-08-09T22:22:02Z,2025-08-09T22:24:00Z,ARR,goo,-1.0
78,True,True,WINDSOR,TORONTO,2025-08-09,2,Glencoe,GLNC,2025-08-09T23:09:24Z,2025-08-09T22:59:00Z,ARR,med,10.0
78,True,True,WINDSOR,TORONTO,2025-08-09,3,London,LNDN,2025-08-09T23:43:17Z,2025-08-09T23:32:00Z,ARR,med,11.0
78,True,True,WINDSOR,TORONTO,2025-08-09,4,Ingersoll,INGR,2025-08-10T00:11:34Z,2025-08-09T23:57:00Z,ARR,med,14.0
78,True,True,WINDSOR,TORONTO,2025-08-09,5,Woodstock,WDST,2025-08-10T00:23:51Z,2025-08-10T00:08:00Z,ARR,bad,15.0
78,True,True,WINDSOR,TORONTO,2025-08-09,6,Brantford,BRTF,2025-08-10T00:52:56Z,2025-08-10T00:39:00Z,ARR,med,13.0
78,True,True,WINDSOR,TORONTO,2025-08-09,7,Aldershot,ALDR,2025-08-10T01:25:29Z,2025-08-10T01:09:00Z,ARR,bad,16.0
78,True,True,WINDSOR,TORONTO,2025-08-09,8,Oakville,OAKV,2025-08-10T01:40:49Z,2025-08-10T01:24:00Z,ARR,bad,16.0
78,True,True,WINDSOR,TORONTO,2025-08-09,9,Toronto,TRTO,2025-08-10T02:05:22Z,2025-08-10T01:50:00Z,ARR,bad,15.0
38,True,True,OTTAWA,MONTRÉAL,2025-08-09,0,Ottawa,OTTW,2025-08-09T22:24:00Z,2025-08-09T21:55:00Z,ARR,bad,29.0
38,True,True,OTTAWA,MONTRÉAL,2025-08-09,1,Casselman,CSLM,2025-08-09T22:59:26Z,2025-08-09T22:26:00Z,ARR,bad,33.0
38,True,True,OTTAWA,MONTRÉAL,2025-08-09,2,Alexandria,ALEX,2025-08-09T23:23:47Z,2025-08-09T22:49:00Z,ARR,bad,34.0
38,True,True,OTTAWA,MONTRÉAL,2025-08-09,3,Dorval,DORV,2025-08-10T00:18:23Z,2025-08-09T23:33:00Z,ARR,bad,45.0
38,True,True,OTTAWA,MONTRÉAL,2025-08-09,4,Montréal,MTRL,2025-08-10T00:52:15Z,2025-08-09T23:57:00Z,ARR,bad,55.0
79,True,False,TORONTO,WINDSOR,2025-08-09,0,Toronto,TRTO,2025-08-09T23:45:24Z,2025-08-09T23:45:00Z,ARR,goo,0.0
79,True,False,TORONTO,WINDSOR,2025-08-09,1,Oakville,OAKV,2025-08-10T00:17:54Z,2025-08-10T00:07:00Z,ARR,med,10.0
79,True,False,TORONTO,WINDSOR,2025-08-09,2,Aldershot,ALDR,2025-08-10T00:34:42Z,2025-08-10T00:22:00Z,ARR,med,12.0
79,True,False,TORONTO,WINDSOR,2025-08-09,3,Brantford,BRTF,2025-08-10T01:07:46Z,2025-08-10T00:50:00Z,ARR,bad,17.0
79,True,False,TORONTO,WINDSOR,2025-08-09,4,Woodstock,WDST,2025-08-10T01:41:44Z,2025-08-10T01:17:00Z,ARR,bad,24.0
79,True,False,TORONTO,WINDSOR,2025-08-09,5,Ingersoll,INGR,2025-08-10T01:54:14Z,2025-08-10T01:30:00Z,ARR,bad,24.0
79,True,False,TORONTO,WINDSOR,2025-08-09,6,London,LNDN,2025-08-10T02:20:15Z,2025-08-10T01:52:00Z,ARR,bad,28.0
79,True,False,TORONTO,WINDSOR,2025-08-09,7,Glencoe,GLNC,2025-08-10T02:55:08Z,2025-08-10T02:25:00Z,ARR,bad,30.0
79,True,False,TORONTO,WINDSOR,2025-08-09,8,Chatham,CHAT,2025-08-10T03:39:40Z,2025-08-10T02:57:00Z,ARR,bad,42.0
79,True,False,TORONTO,WINDSOR,2025-08-09,9,Windsor,WDON,2025-08-10T04:26:40Z,2025-08-10T03:44:00Z,44 mins,bad,42.0
