train_id,departed,arrived,from,to,instance,stop_id,station,code,estimated,scheduled,eta,diff,diffMin
1 (05-28),True,False,TORONTO,VANCOUVER,2025-05-28,0,Toronto,TRTO,2025-05-28T13:55:00Z,2025-05-28T13:55:00Z,ARR,goo,0.0
1 (05-28),True,False,TORONTO,VANCOUVER,2025-05-28,1,Washago,WSHG,2025-05-28T17:33:41Z,2025-05-28T16:25:00Z,ARR,bad,68.0
1 (05-28),True,False,TORONTO,VANCOUVER,2025-05-28,2,South Parry,SPAR,2025-05-28T19:35:43Z,2025-05-28T18:27:00Z,ARR,bad,68.0
1 (05-28),True,False,TORONTO,VANCOUVER,2025-05-28,3,Sudbury (Jct.),SUDJ,2025-05-28T22:49:15Z,2025-05-28T20:57:00Z,ARR,bad,112.0
1 (05-28),True,False,TORONTO,VANCOUVER,2025-05-28,4,Capreol,CAPR,2025-05-28T23:50:03Z,2025-05-28T21:22:00Z,ARR,bad,148.0
1 (05-28),True,False,TORONTO,VANCOUVER,2025-05-28,5,Laforest,LAFO,2025-05-29T01:14:40Z,2025-05-28T22:48:00Z,ARR,bad,146.0
1 (05-28),True,False,TORONTO,VANCOUVER,2025-05-28,6,McKee's Camp,MCKC,2025-05-29T01:27:40Z,2025-05-28T23:01:00Z,ARR,bad,146.0
1 (05-28),True,False,TORONTO,VANCOUVER,2025-05-28,7,Felix,FELX,2025-05-29T01:47:40Z,2025-05-28T23:21:00Z,ARR,bad,146.0
1 (05-28),True,False,TORONTO,VANCOUVER,2025-05-28,8,Ruel,RUEL,2025-05-29T01:54:40Z,2025-05-28T23:28:00Z,ARR,bad,146.0
1 (05-28),True,False,TORONTO,VANCOUVER,2025-05-28,9,Westree,WSTR,2025-05-29T01:55:44Z,2025-05-28T23:45:00Z,ARR,bad,130.0
1 (05-28),True,False,TORONTO,VANCOUVER,2025-05-28,10,Gogama,GOGA,2025-05-29T02:42:59Z,2025-05-29T00:18:00Z,ARR,bad,144.0
1 (05-28),True,False,TORONTO,VANCOUVER,2025-05-28,11,Foleyet,FOLE,2025-05-29T05:09:00Z,2025-05-29T02:44:00Z,ARR,bad,145.0
1 (05-28),True,False,TORONTO,VANCOUVER,2025-05-28,12,Elsas,ELSA,2025-05-29T06:14:17Z,2025-05-29T03:38:00Z,ARR,bad,156.0
1 (05-28),True,False,TORONTO,VANCOUVER,2025-05-28,13,Oba,OBAX,2025-05-29T08:14:17Z,2025-05-29T05:38:00Z,ARR,bad,156.0
1 (05-28),True,False,TORONTO,VANCOUVER,2025-05-28,14,Hornepayne,HNPN,2025-05-29T08:58:49Z,2025-05-29T06:29:00Z,ARR,bad,149.0
1 (05-28),True,False,TORONTO,VANCOUVER,2025-05-28,15,Hillsport,HLSP,2025-05-29T10:35:38Z,2025-05-29T08:05:00Z,ARR,bad,150.0
1 (05-28),True,False,TORONTO,VANCOUVER,2025-05-28,16,Caramat,CARA,2025-05-29T11:13:49Z,2025-05-29T08:55:00Z,ARR,bad,138.0
1 (05-28),True,False,TORONTO,VANCOUVER,2025-05-28,17,Longlac,LLAC,2025-05-29T11:49:15Z,2025-05-29T09:34:00Z,ARR,bad,135.0
1 (05-28),True,False,TORONTO,VANCOUVER,2025-05-28,18,Nakina,NAKI,2025-05-29T12:41:46Z,2025-05-29T10:13:00Z,ARR,bad,148.0
1 (05-28),True,False,TORONTO,VANCOUVER,2025-05-28,19,Auden,AUDN,2025-05-29T13:44:46Z,2025-05-29T11:19:00Z,ARR,bad,145.0
1 (05-28),True,False,TORONTO,VANCOUVER,2025-05-28,20,Ferland,FERL,2025-05-29T14:21:46Z,2025-05-29T11:56:00Z,ARR,bad,145.0
1 (05-28),True,False,TORONTO,VANCOUVER,2025-05-28,21,Mud River,MUDR,2025-05-29T14:30:46Z,2025-05-29T12:05:00Z,ARR,bad,145.0
1 (05-28),True,False,TORONTO,VANCOUVER,2025-05-28,22,Armstrong,ARMG,2025-05-29T15:42:46Z,2025-05-29T13:17:00Z,ARR,bad,145.0
1 (05-28),True,False,TORONTO,VANCOUVER,2025-05-28,23,Collins,COLL,2025-05-29T16:26:19Z,2025-05-29T13:47:00Z,ARR,bad,159.0
1 (05-28),True,False,TORONTO,VANCOUVER,2025-05-28,24,Allanwater Bridge,ALWB,2025-05-29T17:05:19Z,2025-05-29T14:26:00Z,ARR,bad,159.0
1 (05-28),True,False,TORONTO,VANCOUVER,2025-05-28,25,Flindt Landing,FLTL,2025-05-29T17:21:19Z,2025-05-29T14:42:00Z,ARR,bad,159.0
1 (05-28),True,False,TORONTO,VANCOUVER,2025-05-28,26,Savant Lake,SAVL,2025-05-29T17:38:19Z,2025-05-29T14:59:00Z,ARR,bad,159.0
1 (05-28),True,False,TORONTO,VANCOUVER,2025-05-28,27,Sioux Lookout,SLKT,2025-05-29T19:31:31Z,2025-05-29T16:25:00Z,ARR,bad,186.0
1 (05-28),True,False,TORONTO,VANCOUVER,2025-05-28,28,Richan,RCHN,2025-05-29T21:14:13Z,2025-05-29T18:05:00Z,ARR,bad,189.0
1 (05-28),True,False,TORONTO,VANCOUVER,2025-05-28,29,Red Lake Road,RLRX,2025-05-29T21:46:17Z,2025-05-29T18:41:00Z,ARR,bad,185.0
1 (05-28),True,False,TORONTO,VANCOUVER,2025-05-28,30,Canyon,CNYK,2025-05-29T22:18:03Z,2025-05-29T19:10:00Z,ARR,bad,188.0
1 (05-28),True,False,TORONTO,VANCOUVER,2025-05-28,31,Farlane,FARL,2025-05-29T22:50:10Z,2025-05-29T19:47:00Z,ARR,bad,183.0
1 (05-28),True,False,TORONTO,VANCOUVER,2025-05-28,32,Redditt,RDDT,2025-05-29T23:04:15Z,2025-05-29T20:23:00Z,ARR,bad,161.0
1 (05-28),True,False,TORONTO,VANCOUVER,2025-05-28,33,Minaki,MNKI,2025-05-29T23:27:31Z,2025-05-29T20:44:00Z,ARR,bad,163.0
1 (05-28),True,False,TORONTO,VANCOUVER,2025-05-28,34,Ottermere,OTTM,2025-05-29T23:43:26Z,2025-05-29T21:01:00Z,ARR,bad,162.0
1 (05-28),True,False,TORONTO,VANCOUVER,2025-05-28,35,Malachi,MLCH,2025-05-29T23:46:41Z,2025-05-29T21:07:00Z,ARR,bad,159.0
1 (05-28),True,False,TORONTO,VANCOUVER,2025-05-28,36,Copelands Landing,COPE,2025-05-29T23:47:31Z,2025-05-29T21:09:00Z,ARR,bad,158.0
1 (05-28),True,False,TORONTO,VANCOUVER,2025-05-28,37,Rice Lake,RCLK,2025-05-29T23:57:42Z,2025-05-29T21:12:00Z,ARR,bad,165.0
1 (05-28),True,False,TORONTO,VANCOUVER,2025-05-28,38,Winnitoba,WNTB,2025-05-30T00:05:11Z,2025-05-29T21:26:00Z,ARR,bad,159.0
1 (05-28),True,False,TORONTO,VANCOUVER,2025-05-28,39,Ophir,OPHR,2025-05-30T00:07:32Z,2025-05-29T21:31:00Z,ARR,bad,156.0
1 (05-28),True,False,TORONTO,VANCOUVER,2025-05-28,40,Brereton Lake,BRTL,2025-05-30T00:21:12Z,2025-05-29T21:49:00Z,ARR,bad,152.0
1 (05-28),True,False,TORONTO,VANCOUVER,2025-05-28,41,Elma,ELMA,2025-05-30T00:37:29Z,2025-05-29T22:10:00Z,ARR,bad,147.0
1 (05-28),True,False,TORONTO,VANCOUVER,2025-05-28,42,Winnipeg,WNPG,2025-05-30T02:31:07Z,2025-05-30T00:30:00Z,ARR,bad,121.0
1 (05-28),True,False,TORONTO,VANCOUVER,2025-05-28,43,Portage La Prairie,PLPX,2025-05-30T08:10:12Z,2025-05-30T04:04:00Z,ARR,bad,246.0
1 (05-28),True,False,TORONTO,VANCOUVER,2025-05-28,44,Rivers,RVRS,2025-05-30T10:03:28Z,2025-05-30T06:31:00Z,ARR,bad,212.0
1 (05-28),True,False,TORONTO,VANCOUVER,2025-05-28,45,Melville,MELV,2025-05-30T12:57:07Z,2025-05-30T10:54:00Z,ARR,bad,123.0
1 (05-28),True,False,TORONTO,VANCOUVER,2025-05-28,46,Watrous,WATR,2025-05-30T15:27:16Z,2025-05-30T13:54:00Z,ARR,bad,93.0
1 (05-28),True,False,TORONTO,VANCOUVER,2025-05-28,47,Saskatoon,SASK,2025-05-30T16:25:31Z,2025-05-30T15:50:00Z,ARR,bad,35.0
1 (05-28),True,False,TORONTO,VANCOUVER,2025-05-28,48,Biggar,BIGG,2025-05-30T20:23:03Z,2025-05-30T18:29:00Z,ARR,bad,114.0
1 (05-28),True,False,TORONTO,VANCOUVER,2025-05-28,49,Unity,UNIT,2025-05-30T21:50:04Z,2025-05-30T19:44:00Z,ARR,bad,126.0
1 (05-28),True,False,TORONTO,VANCOUVER,2025-05-28,50,Wainwright,WAIN,2025-05-31T00:03:01Z,2025-05-30T22:33:00Z,ARR,bad,90.0
1 (05-28),True,False,TORONTO,VANCOUVER,2025-05-28,51,Viking,VKNG,2025-05-31T01:26:04Z,2025-05-30T23:26:00Z,ARR,bad,120.0
1 (05-28),True,False,TORONTO,VANCOUVER,2025-05-28,52,Edmonton,EDMO,2025-05-31T03:35:26Z,2025-05-31T02:50:00Z,ARR,bad,45.0
1 (05-28),True,False,TORONTO,VANCOUVER,2025-05-28,53,Evansburg,EVAN,2025-05-31T11:37:57Z,2025-05-31T07:29:00Z,ARR,bad,248.0
1 (05-28),True,False,TORONTO,VANCOUVER,2025-05-28,54,Edson,EDSN,2025-05-31T13:11:09Z,2025-05-31T08:52:00Z,ARR,bad,259.0
1 (05-28),True,False,TORONTO,VANCOUVER,2025-05-28,55,Hinton,HINT,2025-05-31T15:14:49Z,2025-05-31T09:58:00Z,ARR,bad,316.0
1 (05-28),True,False,TORONTO,VANCOUVER,2025-05-28,56,Jasper,JASP,2025-05-31T16:50:14Z,2025-05-31T12:30:00Z,ARR,bad,260.0
1 (05-28),True,False,TORONTO,VANCOUVER,2025-05-28,57,Valemount,VLMT,2025-05-31T20:23:05Z,2025-05-31T17:50:00Z,ARR,bad,153.0
1 (05-28),True,False,TORONTO,VANCOUVER,2025-05-28,58,Blue River,BLUE,2025-05-31T22:36:46Z,2025-05-31T20:36:00Z,ARR,bad,120.0
1 (05-28),True,False,TORONTO,VANCOUVER,2025-05-28,59,Clearwater,CLWT,2025-06-01T00:38:24Z,2025-05-31T22:45:00Z,ARR,bad,113.0
1 (05-28),True,False,TORONTO,VANCOUVER,2025-05-28,60,Kamloops North,KAMN,2025-06-01T02:43:12Z,2025-06-01T01:28:00Z,ARR,bad,75.0
1 (05-28),True,False,TORONTO,VANCOUVER,2025-05-28,61,Ashcroft,ASHN,2025-06-01T05:06:33Z,2025-06-01T03:49:00Z,1h28,bad,77.0
1 (05-28),True,False,TORONTO,VANCOUVER,2025-05-28,62,Boston Bar,BBAR,2025-06-01T07:53:33Z,2025-06-01T06:36:00Z,4h15,bad,77.0
1 (05-28),True,False,TORONTO,VANCOUVER,2025-05-28,63,Hope,HOPE,&mdash;,2025-06-01T08:06:00Z,&mdash;,,
1 (05-28),True,False,TORONTO,VANCOUVER,2025-05-28,64,Chilliwack,CHIL,&mdash;,2025-06-01T08:30:00Z,&mdash;,,
1 (05-28),True,False,TORONTO,VANCOUVER,2025-05-28,65,Abbotsford,ABBO,&mdash;,2025-06-01T09:00:00Z,&mdash;,,
1 (05-28),True,False,TORONTO,VANCOUVER,2025-05-28,66,Vancouver,VCVR,&mdash;,2025-06-01T15:00:00Z,&mdash;,,
692 (05-29),True,True,CHURCHILL,WINNIPEG,2025-05-29,0,Churchill,CHUR,2025-05-30T01:38:05Z,2025-05-30T01:30:00Z,ARR,med,8.0
692 (05-29),True,True,CHURCHILL,WINNIPEG,2025-05-29,1,Tidal,TIDL,2025-05-30T02:06:08Z,2025-05-30T01:52:00Z,ARR,med,14.0
692 (05-29),True,True,CHURCHILL,WINNIPEG,2025-05-29,2,Chesnaye,CHES,2025-05-30T02:59:06Z,2025-05-30T02:38:00Z,ARR,bad,21.0
692 (05-29),True,True,CHURCHILL,WINNIPEG,2025-05-29,3,M'Clintock,MCLI,2025-05-30T04:15:06Z,2025-05-30T03:54:00Z,ARR,bad,21.0
692 (05-29),True,True,CHURCHILL,WINNIPEG,2025-05-29,4,O'Day,ODAY,2025-05-30T05:00:06Z,2025-05-30T04:39:00Z,ARR,bad,21.0
692 (05-29),True,True,CHURCHILL,WINNIPEG,2025-05-29,5,Herchmer,HERC,2025-05-30T05:39:06Z,2025-05-30T05:18:00Z,ARR,bad,21.0
692 (05-29),True,True,CHURCHILL,WINNIPEG,2025-05-29,6,Thibaudeau,THIB,2025-05-30T07:05:06Z,2025-05-30T06:44:00Z,ARR,bad,21.0
692 (05-29),True,True,CHURCHILL,WINNIPEG,2025-05-29,7,Weir River,WEIR,2025-05-30T07:51:48Z,2025-05-30T07:46:00Z,ARR,med,5.0
692 (05-29),True,True,CHURCHILL,WINNIPEG,2025-05-29,8,Amery,AMRY,2025-05-30T08:40:29Z,2025-05-30T08:37:00Z,ARR,goo,3.0
692 (05-29),True,True,CHURCHILL,WINNIPEG,2025-05-29,9,Bird,BIRD,2025-05-30T09:16:50Z,2025-05-30T09:00:00Z,ARR,bad,16.0
692 (05-29),True,True,CHURCHILL,WINNIPEG,2025-05-29,10,Gillam,GILL,2025-05-30T10:02:30Z,2025-05-30T10:00:00Z,ARR,goo,2.0
692 (05-29),True,True,CHURCHILL,WINNIPEG,2025-05-29,11,Wivenhoe,WVHO,2025-05-30T11:18:42Z,2025-05-30T11:16:00Z,ARR,goo,2.0
692 (05-29),True,True,CHURCHILL,WINNIPEG,2025-05-29,12,Ilford,ILFO,2025-05-30T12:09:53Z,2025-05-30T11:53:00Z,ARR,bad,16.0
692 (05-29),True,True,CHURCHILL,WINNIPEG,2025-05-29,13,Pit Siding,PITS,2025-05-30T13:19:17Z,2025-05-30T12:54:00Z,ARR,bad,25.0
692 (05-29),True,True,CHURCHILL,WINNIPEG,2025-05-29,14,Bridgar,BRGR,2025-05-30T14:41:17Z,2025-05-30T14:16:00Z,ARR,bad,25.0
692 (05-29),True,True,CHURCHILL,WINNIPEG,2025-05-29,15,Pikwitonei,PIKW,2025-05-30T14:52:17Z,2025-05-30T14:27:00Z,ARR,bad,25.0
692 (05-29),True,True,CHURCHILL,WINNIPEG,2025-05-29,16,Sipiwesk,SIPI,2025-05-30T15:19:17Z,2025-05-30T14:54:00Z,ARR,bad,25.0
692 (05-29),True,True,CHURCHILL,WINNIPEG,2025-05-29,17,Thompson,THOM,2025-05-30T19:04:33Z,2025-05-30T16:30:00Z,ARR,bad,154.0
692 (05-29),True,True,CHURCHILL,WINNIPEG,2025-05-29,18,Leven,LEVN,2025-05-30T20:58:00Z,2025-05-30T21:05:00Z,ARR,goo,-7.0
692 (05-29),True,True,CHURCHILL,WINNIPEG,2025-05-29,19,Thicket Portage,THKP,2025-05-30T21:25:54Z,2025-05-30T21:22:00Z,ARR,goo,3.0
692 (05-29),True,True,CHURCHILL,WINNIPEG,2025-05-29,20,Hockin,HOCK,2025-05-30T21:24:24Z,2025-05-30T21:37:00Z,ARR,goo,-12.0
692 (05-29),True,True,CHURCHILL,WINNIPEG,2025-05-29,21,Odhill,ODHI,2025-05-30T22:01:55Z,2025-05-30T22:21:00Z,ARR,goo,-19.0
692 (05-29),True,True,CHURCHILL,WINNIPEG,2025-05-29,22,Lyddal,LYDD,2025-05-30T22:43:00Z,2025-05-30T22:43:00Z,ARR,goo,0.0
692 (05-29),True,True,CHURCHILL,WINNIPEG,2025-05-29,23,Wabowden,WBDN,2025-05-30T23:11:00Z,2025-05-30T23:11:00Z,ARR,goo,0.0
692 (05-29),True,True,CHURCHILL,WINNIPEG,2025-05-29,24,Pipun,PIPN,2025-05-30T23:34:00Z,2025-05-30T23:34:00Z,ARR,goo,0.0
692 (05-29),True,True,CHURCHILL,WINNIPEG,2025-05-29,25,Ponton,PNTN,2025-05-31T00:17:00Z,2025-05-31T00:17:00Z,ARR,goo,0.0
692 (05-29),True,True,CHURCHILL,WINNIPEG,2025-05-29,26,Turnbull,TURN,2025-05-31T00:49:00Z,2025-05-31T00:49:00Z,ARR,goo,0.0
692 (05-29),True,True,CHURCHILL,WINNIPEG,2025-05-29,27,Wekusko,WEKU,2025-05-31T01:16:00Z,2025-05-31T01:16:00Z,ARR,goo,0.0
692 (05-29),True,True,CHURCHILL,WINNIPEG,2025-05-29,28,Dyce,DYCE,2025-05-31T01:24:05Z,2025-05-31T02:00:00Z,ARR,goo,-35.0
692 (05-29),True,True,CHURCHILL,WINNIPEG,2025-05-29,29,Dering,DERI,2025-05-31T02:39:00Z,2025-05-31T02:39:00Z,ARR,goo,0.0
692 (05-29),True,True,CHURCHILL,WINNIPEG,2025-05-29,30,Cormorant,CORM,2025-05-31T02:47:00Z,2025-05-31T02:47:00Z,ARR,goo,0.0
692 (05-29),True,True,CHURCHILL,WINNIPEG,2025-05-29,31,Halcrow,HALC,2025-05-31T02:58:00Z,2025-05-31T02:58:00Z,ARR,goo,0.0
692 (05-29),True,True,CHURCHILL,WINNIPEG,2025-05-29,32,Orok,OROK,2025-05-31T03:52:00Z,2025-05-31T03:52:00Z,ARR,goo,0.0
692 (05-29),True,True,CHURCHILL,WINNIPEG,2025-05-29,33,The Pas,TPAS,2025-05-31T04:30:00Z,2025-05-31T04:30:00Z,ARR,goo,0.0
692 (05-29),True,True,CHURCHILL,WINNIPEG,2025-05-29,34,Hudson Bay,HBAY,2025-05-31T10:27:00Z,2025-05-31T10:27:00Z,ARR,goo,0.0
692 (05-29),True,True,CHURCHILL,WINNIPEG,2025-05-29,35,Reserve,RSRV,2025-05-31T11:09:00Z,2025-05-31T11:09:00Z,ARR,goo,0.0
692 (05-29),True,True,CHURCHILL,WINNIPEG,2025-05-29,36,Endeavour,ENDV,2025-05-31T11:55:00Z,2025-05-31T11:55:00Z,ARR,goo,0.0
692 (05-29),True,True,CHURCHILL,WINNIPEG,2025-05-29,37,Sturgis,STGS,2025-05-31T12:24:00Z,2025-05-31T12:24:00Z,ARR,goo,0.0
692 (05-29),True,True,CHURCHILL,WINNIPEG,2025-05-29,38,Canora,CANO,2025-05-31T13:08:00Z,2025-05-31T13:08:00Z,ARR,goo,0.0
692 (05-29),True,True,CHURCHILL,WINNIPEG,2025-05-29,39,Mikado,MIKA,2025-05-31T13:30:00Z,2025-05-31T13:30:00Z,ARR,goo,0.0
692 (05-29),True,True,CHURCHILL,WINNIPEG,2025-05-29,40,Veregin,VERE,2025-05-31T13:43:00Z,2025-05-31T13:43:00Z,ARR,goo,0.0
692 (05-29),True,True,CHURCHILL,WINNIPEG,2025-05-29,41,Kamsack,KAMS,2025-05-31T14:47:10Z,2025-05-31T13:58:00Z,ARR,bad,49.0
692 (05-29),True,True,CHURCHILL,WINNIPEG,2025-05-29,42,Togo,TOGO,2025-05-31T15:21:46Z,2025-05-31T14:37:00Z,ARR,bad,44.0
692 (05-29),True,True,CHURCHILL,WINNIPEG,2025-05-29,43,Roblin,RBLN,2025-05-31T15:46:56Z,2025-05-31T15:14:00Z,ARR,bad,32.0
692 (05-29),True,True,CHURCHILL,WINNIPEG,2025-05-29,44,Grandview,GVIE,2025-05-31T16:51:27Z,2025-05-31T16:12:00Z,ARR,bad,39.0
692 (05-29),True,True,CHURCHILL,WINNIPEG,2025-05-29,45,Gilbert Plains,GLBP,2025-05-31T17:09:34Z,2025-05-31T16:32:00Z,ARR,bad,37.0
692 (05-29),True,True,CHURCHILL,WINNIPEG,2025-05-29,46,Dauphin,DAUP,2025-05-31T17:54:13Z,2025-05-31T16:56:00Z,ARR,bad,58.0
692 (05-29),True,True,CHURCHILL,WINNIPEG,2025-05-29,47,Ochre River,OCHR,2025-05-31T19:35:43Z,2025-05-31T17:20:00Z,ARR,bad,135.0
692 (05-29),True,True,CHURCHILL,WINNIPEG,2025-05-29,48,Laurier,LRIE,2025-05-31T19:52:34Z,2025-05-31T17:38:00Z,ARR,bad,134.0
692 (05-29),True,True,CHURCHILL,WINNIPEG,2025-05-29,49,Mccreary,MCCR,2025-05-31T20:09:33Z,2025-05-31T17:54:00Z,ARR,bad,135.0
692 (05-29),True,True,CHURCHILL,WINNIPEG,2025-05-29,50,Glenella,GLNA,2025-05-31T21:09:43Z,2025-05-31T18:34:00Z,ARR,bad,155.0
692 (05-29),True,True,CHURCHILL,WINNIPEG,2025-05-29,51,Plumas,PLUM,2025-05-31T21:36:34Z,2025-05-31T19:06:00Z,ARR,bad,150.0
692 (05-29),True,True,CHURCHILL,WINNIPEG,2025-05-29,52,Gladstone,GSTO,2025-05-31T22:04:21Z,2025-05-31T19:51:00Z,ARR,bad,133.0
692 (05-29),True,True,CHURCHILL,WINNIPEG,2025-05-29,53,Portage La Prairie,PLPX,2025-05-31T22:52:05Z,2025-05-31T20:37:00Z,ARR,bad,135.0
692 (05-29),True,True,CHURCHILL,WINNIPEG,2025-05-29,54,Winnipeg,WNPG,2025-06-01T00:21:41Z,2025-05-31T21:45:00Z,ARR,bad,156.0
2 (05-30),True,False,VANCOUVER,TORONTO,2025-05-30,0,Vancouver,VCVR,2025-05-30T22:00:00Z,2025-05-30T22:00:00Z,ARR,goo,0.0
2 (05-30),True,False,VANCOUVER,TORONTO,2025-05-30,1,Mission Harbour,MSNH,2025-05-31T00:37:14Z,2025-05-30T23:35:00Z,ARR,bad,62.0
2 (05-30),True,False,VANCOUVER,TORONTO,2025-05-30,2,Agassiz,AGAS,2025-05-31T01:17:42Z,2025-05-31T00:03:00Z,ARR,bad,74.0
2 (05-30),True,False,VANCOUVER,TORONTO,2025-05-30,3,Katz,KATZ,2025-05-31T01:32:55Z,2025-05-31T00:17:00Z,ARR,bad,75.0
2 (05-30),True,False,VANCOUVER,TORONTO,2025-05-30,4,North Bend,NBND,2025-05-31T03:29:15Z,2025-05-31T02:46:00Z,ARR,bad,43.0
2 (05-30),True,False,VANCOUVER,TORONTO,2025-05-30,5,Ashcroft,ASHN,2025-05-31T05:57:31Z,2025-05-31T05:32:00Z,ARR,bad,25.0
2 (05-30),True,False,VANCOUVER,TORONTO,2025-05-30,6,Kamloops North,KAMN,2025-05-31T08:17:30Z,2025-05-31T07:17:00Z,ARR,bad,60.0
2 (05-30),True,False,VANCOUVER,TORONTO,2025-05-30,7,Clearwater,CLWT,2025-05-31T10:51:39Z,2025-05-31T09:58:00Z,ARR,bad,53.0
2 (05-30),True,False,VANCOUVER,TORONTO,2025-05-30,8,Blue River,BLUE,2025-05-31T13:38:40Z,2025-05-31T12:11:00Z,ARR,bad,87.0
2 (05-30),True,False,VANCOUVER,TORONTO,2025-05-30,9,Valemount,VLMT,2025-05-31T18:07:59Z,2025-05-31T14:01:00Z,ARR,bad,246.0
2 (05-30),True,False,VANCOUVER,TORONTO,2025-05-30,10,Jasper,JASP,2025-05-31T20:40:59Z,2025-05-31T17:00:00Z,ARR,bad,220.0
2 (05-30),True,False,VANCOUVER,TORONTO,2025-05-30,11,Hinton,HINT,2025-05-31T23:41:37Z,2025-05-31T19:45:00Z,ARR,bad,236.0
2 (05-30),True,False,VANCOUVER,TORONTO,2025-05-30,12,Edson,EDSN,2025-06-01T02:15:51Z,2025-05-31T21:19:00Z,ARR,bad,296.0
2 (05-30),True,False,VANCOUVER,TORONTO,2025-05-30,13,Evansburg,EVAN,2025-06-01T03:36:04Z,2025-05-31T22:28:00Z,ARR,bad,308.0
2 (05-30),True,False,VANCOUVER,TORONTO,2025-05-30,14,Edmonton,EDMO,2025-06-01T05:57:23Z,2025-06-01T00:50:00Z,2h19,bad,307.0
2 (05-30),True,False,VANCOUVER,TORONTO,2025-05-30,15,Viking,VKNG,2025-06-01T09:00:23Z,2025-06-01T03:53:00Z,5h22,bad,307.0
2 (05-30),True,False,VANCOUVER,TORONTO,2025-05-30,16,Wainwright,WAIN,&mdash;,2025-06-01T06:14:00Z,&mdash;,,
2 (05-30),True,False,VANCOUVER,TORONTO,2025-05-30,17,Unity,UNIT,&mdash;,2025-06-01T07:47:00Z,&mdash;,,
2 (05-30),True,False,VANCOUVER,TORONTO,2025-05-30,18,Biggar,BIGG,&mdash;,2025-06-01T09:21:00Z,&mdash;,,
2 (05-30),True,False,VANCOUVER,TORONTO,2025-05-30,19,Saskatoon,SASK,&mdash;,2025-06-01T11:57:00Z,&mdash;,,
2 (05-30),True,False,VANCOUVER,TORONTO,2025-05-30,20,Watrous,WATR,&mdash;,2025-06-01T14:26:00Z,&mdash;,,
692 (05-31),True,False,CHURCHILL,WINNIPEG,2025-05-31,0,Churchill,CHUR,2025-06-01T02:09:32Z,2025-06-01T01:30:00Z,ARR,bad,39.0
692 (05-31),True,False,CHURCHILL,WINNIPEG,2025-05-31,1,Tidal,TIDL,2025-06-01T02:36:31Z,2025-06-01T01:52:00Z,ARR,bad,44.0
692 (05-31),True,False,CHURCHILL,WINNIPEG,2025-05-31,2,Chesnaye,CHES,2025-06-01T03:32:29Z,2025-06-01T02:38:00Z,ARR,bad,54.0
692 (05-31),True,False,CHURCHILL,WINNIPEG,2025-05-31,3,M'Clintock,MCLI,2025-06-01T04:48:29Z,2025-06-01T03:54:00Z,1h10,bad,54.0
692 (05-31),True,False,CHURCHILL,WINNIPEG,2025-05-31,4,O'Day,ODAY,2025-06-01T05:33:29Z,2025-06-01T04:39:00Z,1h55,bad,54.0
692 (05-31),True,False,CHURCHILL,WINNIPEG,2025-05-31,5,Herchmer,HERC,2025-06-01T06:12:29Z,2025-06-01T05:18:00Z,2h34,bad,54.0
692 (05-31),True,False,CHURCHILL,WINNIPEG,2025-05-31,6,Thibaudeau,THIB,2025-06-01T07:38:29Z,2025-06-01T06:44:00Z,4h00,bad,54.0
692 (05-31),True,False,CHURCHILL,WINNIPEG,2025-05-31,7,Weir River,WEIR,2025-06-01T08:40:29Z,2025-06-01T07:46:00Z,5h02,bad,54.0
692 (05-31),True,False,CHURCHILL,WINNIPEG,2025-05-31,8,Amery,AMRY,2025-06-01T09:31:29Z,2025-06-01T08:37:00Z,5h53,bad,54.0
692 (05-31),True,False,CHURCHILL,WINNIPEG,2025-05-31,9,Bird,BIRD,2025-06-01T09:54:29Z,2025-06-01T09:00:00Z,6h16,bad,54.0
692 (05-31),True,False,CHURCHILL,WINNIPEG,2025-05-31,10,Gillam,GILL,2025-06-01T10:54:29Z,2025-06-01T10:00:00Z,7h16,bad,54.0
692 (05-31),True,False,CHURCHILL,WINNIPEG,2025-05-31,11,Wivenhoe,WVHO,2025-06-01T12:10:29Z,2025-06-01T11:16:00Z,8h32,bad,54.0
692 (05-31),True,False,CHURCHILL,WINNIPEG,2025-05-31,12,Ilford,ILFO,2025-06-01T12:47:29Z,2025-06-01T11:53:00Z,9h09,bad,54.0
692 (05-31),True,False,CHURCHILL,WINNIPEG,2025-05-31,13,Pit Siding,PITS,2025-06-01T13:48:29Z,2025-06-01T12:54:00Z,10h10,bad,54.0
692 (05-31),True,False,CHURCHILL,WINNIPEG,2025-05-31,14,Bridgar,BRGR,2025-06-01T15:10:29Z,2025-06-01T14:16:00Z,11h32,bad,54.0
692 (05-31),True,False,CHURCHILL,WINNIPEG,2025-05-31,15,Pikwitonei,PIKW,2025-06-01T15:21:29Z,2025-06-01T14:27:00Z,11h43,bad,54.0
692 (05-31),True,False,CHURCHILL,WINNIPEG,2025-05-31,16,Sipiwesk,SIPI,2025-06-01T15:48:29Z,2025-06-01T14:54:00Z,12h10,bad,54.0
692 (05-31),True,False,CHURCHILL,WINNIPEG,2025-05-31,17,Thompson,THOM,2025-06-01T17:24:29Z,2025-06-01T16:30:00Z,13h46,bad,54.0
15,True,True,HALIFAX,MONTRÉAL,2025-05-30,0,Halifax,HLFX,2025-05-30T14:31:12Z,2025-05-30T14:30:00Z,ARR,goo,1.0
15,True,True,HALIFAX,MONTRÉAL,2025-05-30,1,Truro,TRUR,2025-05-30T15:50:27Z,2025-05-30T15:56:00Z,ARR,goo,-5.0
15,True,True,HALIFAX,MONTRÉAL,2025-05-30,2,Springhill Jct,SPRJ,2025-05-30T17:11:23Z,2025-05-30T17:12:00Z,ARR,goo,0.0
15,True,True,HALIFAX,MONTRÉAL,2025-05-30,3,Amherst,AMHS,2025-05-30T17:32:15Z,2025-05-30T17:35:00Z,ARR,goo,-2.0
15,True,True,HALIFAX,MONTRÉAL,2025-05-30,4,Sackville,SACK,2025-05-30T17:49:49Z,2025-05-30T17:52:00Z,ARR,goo,-2.0
15,True,True,HALIFAX,MONTRÉAL,2025-05-30,5,Moncton,MCTN,2025-05-30T18:40:09Z,2025-05-30T18:47:00Z,ARR,goo,-6.0
15,True,True,HALIFAX,MONTRÉAL,2025-05-30,6,Rogersville,RGRV,2025-05-30T20:17:34Z,2025-05-30T20:01:00Z,ARR,bad,16.0
15,True,True,HALIFAX,MONTRÉAL,2025-05-30,7,Miramichi,MIRA,2025-05-30T21:01:44Z,2025-05-30T20:52:00Z,ARR,med,9.0
15,True,True,HALIFAX,MONTRÉAL,2025-05-30,8,Bathurst,BTRS,2025-05-30T22:43:45Z,2025-05-30T22:48:00Z,ARR,goo,-4.0
15,True,True,HALIFAX,MONTRÉAL,2025-05-30,9,Petit Rocher,PROC,2025-05-30T23:13:48Z,2025-05-30T23:17:00Z,ARR,goo,-3.0
15,True,True,HALIFAX,MONTRÉAL,2025-05-30,10,Jacquet River,JACR,2025-05-30T23:37:40Z,2025-05-30T23:40:01Z,ARR,goo,-2.0
15,True,True,HALIFAX,MONTRÉAL,2025-05-30,11,Charlo,CHLO,2025-05-31T00:14:26Z,2025-05-31T00:04:00Z,ARR,med,10.0
15,True,True,HALIFAX,MONTRÉAL,2025-05-30,12,Campbellton,CBTN,2025-05-31T01:04:50Z,2025-05-31T01:08:00Z,ARR,goo,-3.0
15,True,True,HALIFAX,MONTRÉAL,2025-05-30,13,Matapedia,MTPD,2025-05-31T01:47:31Z,2025-05-31T01:50:00Z,ARR,goo,-2.0
15,True,True,HALIFAX,MONTRÉAL,2025-05-30,14,Causapscal,CAUS,2025-05-31T02:48:37Z,2025-05-31T02:39:00Z,ARR,med,9.0
15,True,True,HALIFAX,MONTRÉAL,2025-05-30,15,Amqui,AMQU,2025-05-31T03:11:04Z,2025-05-31T02:59:00Z,ARR,med,12.0
15,True,True,HALIFAX,MONTRÉAL,2025-05-30,16,Sayabec,SAYA,2025-05-31T03:41:04Z,2025-05-31T03:21:00Z,ARR,bad,20.0
15,True,True,HALIFAX,MONTRÉAL,2025-05-30,17,Mont-Joli,MJLI,2025-05-31T04:47:05Z,2025-05-31T04:51:00Z,ARR,goo,-3.0
15,True,True,HALIFAX,MONTRÉAL,2025-05-30,18,Rimouski,RMSK,2025-05-31T05:15:40Z,2025-05-31T05:24:00Z,ARR,goo,-8.0
15,True,True,HALIFAX,MONTRÉAL,2025-05-30,19,Trois Pistoles,TPIS,2025-05-31T06:13:02Z,2025-05-31T06:31:00Z,ARR,goo,-17.0
15,True,True,HALIFAX,MONTRÉAL,2025-05-30,20,Rivière-Du-Loup,RDLX,2025-05-31T07:08:47Z,2025-05-31T07:18:00Z,ARR,goo,-9.0
15,True,True,HALIFAX,MONTRÉAL,2025-05-30,21,La Pocatière,LPOC,2025-05-31T07:55:13Z,2025-05-31T08:05:00Z,ARR,goo,-9.0
15,True,True,HALIFAX,MONTRÉAL,2025-05-30,22,Montmagny,MMGY,2025-05-31T08:57:22Z,2025-05-31T08:39:00Z,ARR,bad,18.0
15,True,True,HALIFAX,MONTRÉAL,2025-05-30,23,Ste-Foy,SFOY,2025-05-31T09:58:06Z,2025-05-31T10:13:00Z,ARR,goo,-14.0
15,True,True,HALIFAX,MONTRÉAL,2025-05-30,24,Drummondville,DRMV,2025-05-31T12:20:00Z,2025-05-31T12:20:00Z,ARR,goo,0.0
15,True,True,HALIFAX,MONTRÉAL,2025-05-30,25,St. Hyacinthe,SHYA,2025-05-31T12:48:32Z,2025-05-31T13:00:00Z,ARR,goo,-11.0
15,True,True,HALIFAX,MONTRÉAL,2025-05-30,26,St. Lambert,SLAM,2025-05-31T13:17:34Z,2025-05-31T13:34:00Z,ARR,goo,-16.0
15,True,True,HALIFAX,MONTRÉAL,2025-05-30,27,Montréal,MTRL,2025-05-31T13:38:16Z,2025-05-31T13:53:00Z,ARR,goo,-14.0
6,True,True,PRINCE RUPERT,JASPER,2025-05-30,0,Prince Rupert,PRUP,2025-05-30T15:00:00Z,2025-05-30T15:00:00Z,ARR,goo,0.0
6,True,True,PRINCE RUPERT,JASPER,2025-05-30,1,Cassiar Cannery,CASS,2025-05-30T15:34:15Z,2025-05-30T15:20:00Z,ARR,med,14.0
6,True,True,PRINCE RUPERT,JASPER,2025-05-30,2,Kwinitsa,KWIN,2025-05-30T16:13:19Z,2025-05-30T16:17:00Z,ARR,goo,-3.0
6,True,True,PRINCE RUPERT,JASPER,2025-05-30,3,Terrace,TRRC,2025-05-30T17:12:03Z,2025-05-30T17:20:00Z,ARR,goo,-7.0
6,True,True,PRINCE RUPERT,JASPER,2025-05-30,4,Usk,USKX,2025-05-30T17:40:53Z,2025-05-30T17:48:00Z,ARR,goo,-7.0
6,True,True,PRINCE RUPERT,JASPER,2025-05-30,5,Pacific,PACI,2025-05-30T17:56:19Z,2025-05-30T18:07:00Z,ARR,goo,-10.0
6,True,True,PRINCE RUPERT,JASPER,2025-05-30,6,Dorreen,DORR,2025-05-30T18:04:31Z,2025-05-30T18:19:00Z,ARR,goo,-14.0
6,True,True,PRINCE RUPERT,JASPER,2025-05-30,7,Cedarvale,CEDA,2025-05-30T18:22:37Z,2025-05-30T18:44:00Z,ARR,goo,-21.0
6,True,True,PRINCE RUPERT,JASPER,2025-05-30,8,Kitwanga,KITW,2025-05-30T18:40:05Z,2025-05-30T18:48:01Z,ARR,goo,-7.0
6,True,True,PRINCE RUPERT,JASPER,2025-05-30,9,New Hazelton,NHAZ,2025-05-30T19:38:22Z,2025-05-30T19:30:00Z,ARR,med,8.0
6,True,True,PRINCE RUPERT,JASPER,2025-05-30,10,Smithers,SMTR,2025-05-30T21:18:41Z,2025-05-30T21:14:00Z,ARR,goo,4.0
6,True,True,PRINCE RUPERT,JASPER,2025-05-30,11,Telkwa,TELK,2025-05-30T21:39:40Z,2025-05-30T21:37:00Z,ARR,goo,2.0
6,True,True,PRINCE RUPERT,JASPER,2025-05-30,12,Houston,HOUS,2025-05-30T22:19:28Z,2025-05-30T22:22:00Z,ARR,goo,-2.0
6,True,True,PRINCE RUPERT,JASPER,2025-05-30,13,Burns Lake,BRNL,2025-05-30T23:21:00Z,2025-05-30T23:32:00Z,ARR,goo,-11.0
6,True,True,PRINCE RUPERT,JASPER,2025-05-30,14,Endako,ENDA,2025-05-31T00:08:50Z,2025-05-31T00:25:00Z,ARR,goo,-16.0
6,True,True,PRINCE RUPERT,JASPER,2025-05-30,15,Fort Fraser,FFRA,2025-05-31T00:35:19Z,2025-05-31T00:57:00Z,ARR,goo,-21.0
6,True,True,PRINCE RUPERT,JASPER,2025-05-30,16,Vanderhoof,VDRH,2025-05-31T01:06:54Z,2025-05-31T01:35:00Z,ARR,goo,-28.0
6,True,True,PRINCE RUPERT,JASPER,2025-05-30,17,Prince George,PGEO,2025-05-31T03:18:29Z,2025-05-31T03:29:00Z,ARR,goo,-10.0
6,True,True,PRINCE RUPERT,JASPER,2025-05-30,18,Willow River,WILR,2025-05-31T15:44:22Z,2025-05-31T15:48:00Z,ARR,goo,-3.0
6,True,True,PRINCE RUPERT,JASPER,2025-05-30,19,Aleza Lake,ALZL,2025-05-31T16:12:53Z,2025-05-31T16:17:00Z,ARR,goo,-4.0
6,True,True,PRINCE RUPERT,JASPER,2025-05-30,20,Upper Fraser,UFRZ,2025-05-31T16:25:00Z,2025-05-31T16:25:00Z,ARR,goo,0.0
6,True,True,PRINCE RUPERT,JASPER,2025-05-30,21,Mcgregor,MCGR,2025-05-31T16:33:00Z,2025-05-31T16:33:00Z,ARR,goo,0.0
6,True,True,PRINCE RUPERT,JASPER,2025-05-30,22,Sinclair Mills,SINM,2025-05-31T16:44:00Z,2025-05-31T16:44:00Z,ARR,goo,0.0
6,True,True,PRINCE RUPERT,JASPER,2025-05-30,23,Hutton,HUTT,2025-05-31T16:48:00Z,2025-05-31T16:48:00Z,ARR,goo,0.0
6,True,True,PRINCE RUPERT,JASPER,2025-05-30,24,Longworth,LWTH,2025-05-31T16:52:24Z,2025-05-31T16:59:00Z,ARR,goo,-6.0
6,True,True,PRINCE RUPERT,JASPER,2025-05-30,25,Penny,PENN,2025-05-31T17:07:20Z,2025-05-31T17:13:00Z,ARR,goo,-5.0
6,True,True,PRINCE RUPERT,JASPER,2025-05-30,26,Bend,BEND,2025-05-31T17:24:05Z,2025-05-31T17:32:00Z,ARR,goo,-7.0
6,True,True,PRINCE RUPERT,JASPER,2025-05-30,27,Dome Creek,DOMC,2025-05-31T17:25:43Z,2025-05-31T17:33:07Z,ARR,goo,-7.0
6,True,True,PRINCE RUPERT,JASPER,2025-05-30,28,Loos,LOOS,2025-05-31T17:55:57Z,2025-05-31T18:07:00Z,ARR,goo,-11.0
6,True,True,PRINCE RUPERT,JASPER,2025-05-30,29,Goat River,GOAT,2025-05-31T18:23:22Z,2025-05-31T18:22:00Z,ARR,goo,1.0
6,True,True,PRINCE RUPERT,JASPER,2025-05-30,30,Mcbride,MCBR,2025-05-31T19:18:47Z,2025-05-31T19:18:00Z,ARR,goo,0.0
6,True,True,PRINCE RUPERT,JASPER,2025-05-30,31,Dunster,DNST,2025-05-31T19:52:19Z,2025-05-31T19:35:00Z,ARR,bad,17.0
6,True,True,PRINCE RUPERT,JASPER,2025-05-30,32,Harvey,HRVY,2025-05-31T20:25:33Z,2025-05-31T20:24:00Z,ARR,goo,1.0
6,True,True,PRINCE RUPERT,JASPER,2025-05-30,33,Jasper,JASP,2025-05-31T23:41:25Z,2025-05-31T23:00:00Z,ARR,bad,41.0
691,True,True,THE PAS,CHURCHILL,2025-05-30,0,Wekusko,WEKU,2025-05-30T10:29:50Z,2025-05-30T10:43:00Z,ARR,goo,-13.0
691,True,True,THE PAS,CHURCHILL,2025-05-30,1,Turnbull,TURN,2025-05-30T10:58:11Z,2025-05-30T11:10:00Z,ARR,goo,-11.0
691,True,True,THE PAS,CHURCHILL,2025-05-30,2,Ponton,PNTN,2025-05-30T11:24:51Z,2025-05-30T11:42:00Z,ARR,goo,-17.0
691,True,True,THE PAS,CHURCHILL,2025-05-30,3,Pipun,PIPN,2025-05-30T12:12:42Z,2025-05-30T12:25:00Z,ARR,goo,-12.0
691,True,True,THE PAS,CHURCHILL,2025-05-30,4,Wabowden,WBDN,2025-05-30T12:27:08Z,2025-05-30T12:48:00Z,ARR,goo,-20.0
691,True,True,THE PAS,CHURCHILL,2025-05-30,5,Lyddal,LYDD,2025-05-30T13:07:54Z,2025-05-30T13:16:00Z,ARR,goo,-8.0
691,True,True,THE PAS,CHURCHILL,2025-05-30,6,Odhill,ODHI,2025-05-30T13:27:26Z,2025-05-30T13:38:00Z,ARR,goo,-10.0
691,True,True,THE PAS,CHURCHILL,2025-05-30,7,Hockin,HOCK,2025-05-30T14:06:26Z,2025-05-30T14:22:00Z,ARR,goo,-15.0
691,True,True,THE PAS,CHURCHILL,2025-05-30,8,Thicket Portage,THKP,2025-05-30T14:37:00Z,2025-05-30T14:37:00Z,ARR,goo,0.0
691,True,True,THE PAS,CHURCHILL,2025-05-30,9,Leven,LEVN,2025-05-30T14:52:05Z,2025-05-30T14:54:00Z,ARR,goo,-1.0
691,True,True,THE PAS,CHURCHILL,2025-05-30,10,Thompson,THOM,2025-05-30T18:53:11Z,2025-05-30T17:00:00Z,ARR,bad,113.0
691,True,True,THE PAS,CHURCHILL,2025-05-30,11,Sipiwesk,SIPI,2025-05-30T23:23:14Z,2025-05-30T23:35:00Z,ARR,goo,-11.0
691,True,True,THE PAS,CHURCHILL,2025-05-30,12,Pikwitonei,PIKW,2025-05-31T00:02:00Z,2025-05-31T00:02:00Z,ARR,goo,0.0
691,True,True,THE PAS,CHURCHILL,2025-05-30,13,Bridgar,BRGR,2025-05-31T00:13:00Z,2025-05-31T00:13:00Z,ARR,goo,0.0
691,True,True,THE PAS,CHURCHILL,2025-05-30,14,Pit Siding,PITS,2025-05-31T01:35:00Z,2025-05-31T01:35:00Z,ARR,goo,0.0
691,True,True,THE PAS,CHURCHILL,2025-05-30,15,Ilford,ILFO,2025-05-31T02:41:13Z,2025-05-31T02:36:00Z,ARR,med,5.0
691,True,True,THE PAS,CHURCHILL,2025-05-30,16,Wivenhoe,WVHO,2025-05-31T03:37:34Z,2025-05-31T03:13:00Z,ARR,bad,24.0
691,True,True,THE PAS,CHURCHILL,2025-05-30,17,Gillam,GILL,2025-05-31T04:22:18Z,2025-05-31T04:00:01Z,ARR,bad,22.0
691,True,True,THE PAS,CHURCHILL,2025-05-30,18,Bird,BIRD,2025-05-31T05:22:25Z,2025-05-31T05:29:00Z,ARR,goo,-6.0
691,True,True,THE PAS,CHURCHILL,2025-05-30,19,Amery,AMRY,2025-05-31T05:55:32Z,2025-05-31T05:51:00Z,ARR,goo,4.0
691,True,True,THE PAS,CHURCHILL,2025-05-30,20,Weir River,WEIR,2025-05-31T06:55:57Z,2025-05-31T06:43:00Z,ARR,med,12.0
691,True,True,THE PAS,CHURCHILL,2025-05-30,21,Thibaudeau,THIB,2025-05-31T07:40:09Z,2025-05-31T08:00:00Z,ARR,goo,-19.0
691,True,True,THE PAS,CHURCHILL,2025-05-30,22,Herchmer,HERC,2025-05-31T09:26:00Z,2025-05-31T09:26:00Z,ARR,goo,0.0
691,True,True,THE PAS,CHURCHILL,2025-05-30,23,O'Day,ODAY,2025-05-31T10:05:00Z,2025-05-31T10:05:00Z,ARR,goo,0.0
691,True,True,THE PAS,CHURCHILL,2025-05-30,24,M'Clintock,MCLI,2025-05-31T10:50:00Z,2025-05-31T10:50:00Z,ARR,goo,0.0
691,True,True,THE PAS,CHURCHILL,2025-05-30,25,Chesnaye,CHES,2025-05-31T12:06:00Z,2025-05-31T12:06:00Z,ARR,goo,0.0
691,True,True,THE PAS,CHURCHILL,2025-05-30,26,Tidal,TIDL,2025-05-31T12:00:59Z,2025-05-31T13:37:00Z,ARR,goo,-96.0
691,True,True,THE PAS,CHURCHILL,2025-05-30,27,Churchill,CHUR,2025-05-31T12:49:32Z,2025-05-31T14:00:00Z,ARR,goo,-70.0
5,True,True,JASPER,PRINCE RUPERT,2025-05-30,0,Jasper,JASP,2025-05-30T16:45:00Z,2025-05-30T16:45:00Z,ARR,goo,0.0
5,True,True,JASPER,PRINCE RUPERT,2025-05-30,1,Harvey,HRVY,2025-05-30T18:37:10Z,2025-05-30T18:38:00Z,ARR,goo,0.0
5,True,True,JASPER,PRINCE RUPERT,2025-05-30,2,Dunster,DNST,2025-05-30T19:38:21Z,2025-05-30T19:12:00Z,ARR,bad,26.0
5,True,True,JASPER,PRINCE RUPERT,2025-05-30,3,Mcbride,MCBR,2025-05-30T20:20:50Z,2025-05-30T19:44:00Z,ARR,bad,36.0
5,True,True,JASPER,PRINCE RUPERT,2025-05-30,4,Goat River,GOAT,2025-05-30T21:14:29Z,2025-05-30T20:41:00Z,ARR,bad,33.0
5,True,True,JASPER,PRINCE RUPERT,2025-05-30,5,Loos,LOOS,2025-05-30T21:30:27Z,2025-05-30T20:58:00Z,ARR,bad,32.0
5,True,True,JASPER,PRINCE RUPERT,2025-05-30,6,Dome Creek,DOMC,2025-05-30T22:14:06Z,2025-05-30T21:32:00Z,ARR,bad,42.0
5,True,True,JASPER,PRINCE RUPERT,2025-05-30,7,Bend,BEND,2025-05-30T22:16:34Z,2025-05-30T21:36:00Z,ARR,bad,40.0
5,True,True,JASPER,PRINCE RUPERT,2025-05-30,8,Penny,PENN,2025-05-30T22:48:12Z,2025-05-30T21:56:00Z,ARR,bad,52.0
5,True,True,JASPER,PRINCE RUPERT,2025-05-30,9,Longworth,LWTH,2025-05-30T22:59:36Z,2025-05-30T22:11:00Z,ARR,bad,48.0
5,True,True,JASPER,PRINCE RUPERT,2025-05-30,10,Hutton,HUTT,2025-05-30T23:12:36Z,2025-05-30T22:24:00Z,ARR,bad,48.0
5,True,True,JASPER,PRINCE RUPERT,2025-05-30,11,Sinclair Mills,SINM,2025-05-30T23:18:36Z,2025-05-30T22:30:00Z,ARR,bad,48.0
5,True,True,JASPER,PRINCE RUPERT,2025-05-30,12,Mcgregor,MCGR,2025-05-30T23:27:46Z,2025-05-30T22:43:00Z,ARR,bad,44.0
5,True,True,JASPER,PRINCE RUPERT,2025-05-30,13,Upper Fraser,UFRZ,2025-05-30T23:36:46Z,2025-05-30T22:52:00Z,ARR,bad,44.0
5,True,True,JASPER,PRINCE RUPERT,2025-05-30,14,Aleza Lake,ALZL,2025-05-30T23:40:03Z,2025-05-30T23:01:00Z,ARR,bad,39.0
5,True,True,JASPER,PRINCE RUPERT,2025-05-30,15,Willow River,WILR,2025-05-31T00:04:39Z,2025-05-30T23:31:00Z,ARR,bad,33.0
5,True,True,JASPER,PRINCE RUPERT,2025-05-30,16,Prince George,PGEO,2025-05-31T00:55:45Z,2025-05-31T00:08:00Z,ARR,bad,47.0
5,True,True,JASPER,PRINCE RUPERT,2025-05-30,17,Vanderhoof,VDRH,2025-05-31T16:55:00Z,2025-05-31T16:55:00Z,ARR,goo,0.0
5,True,True,JASPER,PRINCE RUPERT,2025-05-30,18,Fort Fraser,FFRA,2025-05-31T17:32:00Z,2025-05-31T17:32:00Z,ARR,goo,0.0
5,True,True,JASPER,PRINCE RUPERT,2025-05-30,19,Endako,ENDA,2025-05-31T17:50:00Z,2025-05-31T17:50:00Z,ARR,goo,0.0
5,True,True,JASPER,PRINCE RUPERT,2025-05-30,20,Burns Lake,BRNL,2025-05-31T18:58:00Z,2025-05-31T18:58:00Z,ARR,goo,0.0
5,True,True,JASPER,PRINCE RUPERT,2025-05-30,21,Houston,HOUS,2025-05-31T20:08:00Z,2025-05-31T20:08:00Z,ARR,goo,0.0
5,True,True,JASPER,PRINCE RUPERT,2025-05-30,22,Telkwa,TELK,2025-05-31T20:52:00Z,2025-05-31T20:52:00Z,ARR,goo,0.0
5,True,True,JASPER,PRINCE RUPERT,2025-05-30,23,Smithers,SMTR,2025-05-31T21:10:00Z,2025-05-31T21:10:00Z,ARR,goo,0.0
5,True,True,JASPER,PRINCE RUPERT,2025-05-30,24,New Hazelton,NHAZ,2025-05-31T22:37:00Z,2025-05-31T22:37:00Z,ARR,goo,0.0
5,True,True,JASPER,PRINCE RUPERT,2025-05-30,25,Kitwanga,KITW,2025-05-31T23:27:00Z,2025-05-31T23:27:00Z,ARR,goo,0.0
5,True,True,JASPER,PRINCE RUPERT,2025-05-30,26,Cedarvale,CEDA,2025-05-31T23:51:00Z,2025-05-31T23:51:00Z,ARR,goo,0.0
5,True,True,JASPER,PRINCE RUPERT,2025-05-30,27,Dorreen,DORR,2025-06-01T00:12:00Z,2025-06-01T00:12:00Z,ARR,goo,0.0
5,True,True,JASPER,PRINCE RUPERT,2025-05-30,28,Pacific,PACI,2025-06-01T00:21:00Z,2025-06-01T00:21:00Z,ARR,goo,0.0
5,True,True,JASPER,PRINCE RUPERT,2025-05-30,29,Usk,USKX,2025-06-01T00:40:00Z,2025-06-01T00:40:00Z,ARR,goo,0.0
5,True,True,JASPER,PRINCE RUPERT,2025-05-30,30,Terrace,TRRC,2025-06-01T01:00:00Z,2025-06-01T01:00:00Z,ARR,goo,0.0
5,True,True,JASPER,PRINCE RUPERT,2025-05-30,31,Kwinitsa,KWIN,2025-06-01T02:09:00Z,2025-06-01T02:09:00Z,ARR,goo,0.0
5,True,True,JASPER,PRINCE RUPERT,2025-05-30,32,Cassiar Cannery,CASS,2025-06-01T02:45:00Z,2025-06-01T02:45:00Z,ARR,goo,0.0
5,True,True,JASPER,PRINCE RUPERT,2025-05-30,33,Prince Rupert,PRUP,2025-06-01T03:25:00Z,2025-06-01T03:25:00Z,ARR,goo,0.0
14,True,True,MONTRÉAL,HALIFAX,2025-05-30,0,Montréal,MTRL,2025-05-30T23:00:26Z,2025-05-30T22:30:00Z,ARR,bad,30.0
14,True,True,MONTRÉAL,HALIFAX,2025-05-30,1,St. Lambert,SLAM,2025-05-30T23:17:30Z,2025-05-30T22:45:00Z,ARR,bad,32.0
14,True,True,MONTRÉAL,HALIFAX,2025-05-30,2,St. Hyacinthe,SHYA,2025-05-30T23:58:18Z,2025-05-30T23:23:00Z,ARR,bad,35.0
14,True,True,MONTRÉAL,HALIFAX,2025-05-30,3,Drummondville,DRMV,2025-05-31T00:44:25Z,2025-05-31T00:04:00Z,ARR,bad,40.0
14,True,True,MONTRÉAL,HALIFAX,2025-05-30,4,Ste-Foy,SFOY,2025-05-31T02:51:48Z,2025-05-31T01:48:00Z,ARR,bad,63.0
14,True,True,MONTRÉAL,HALIFAX,2025-05-30,5,Montmagny,MMGY,2025-05-31T05:23:10Z,2025-05-31T03:17:00Z,ARR,bad,126.0
14,True,True,MONTRÉAL,HALIFAX,2025-05-30,6,La Pocatière,LPOC,2025-05-31T05:56:37Z,2025-05-31T03:50:00Z,ARR,bad,126.0
14,True,True,MONTRÉAL,HALIFAX,2025-05-30,7,Rivière-Du-Loup,RDLX,2025-05-31T06:39:14Z,2025-05-31T04:31:00Z,ARR,bad,128.0
14,True,True,MONTRÉAL,HALIFAX,2025-05-30,8,Trois Pistoles,TPIS,2025-05-31T07:28:53Z,2025-05-31T05:15:00Z,ARR,bad,133.0
14,True,True,MONTRÉAL,HALIFAX,2025-05-30,9,Rimouski,RMSK,2025-05-31T08:13:55Z,2025-05-31T06:24:00Z,ARR,bad,109.0
14,True,True,MONTRÉAL,HALIFAX,2025-05-30,10,Mont-Joli,MJLI,2025-05-31T08:43:25Z,2025-05-31T07:04:00Z,ARR,bad,99.0
14,True,True,MONTRÉAL,HALIFAX,2025-05-30,11,Sayabec,SAYA,2025-05-31T09:45:31Z,2025-05-31T08:09:00Z,ARR,bad,96.0
14,True,True,MONTRÉAL,HALIFAX,2025-05-30,12,Amqui,AMQU,2025-05-31T10:12:37Z,2025-05-31T08:30:00Z,ARR,bad,102.0
14,True,True,MONTRÉAL,HALIFAX,2025-05-30,13,Causapscal,CAUS,2025-05-31T10:37:28Z,2025-05-31T08:52:00Z,ARR,bad,105.0
14,True,True,MONTRÉAL,HALIFAX,2025-05-30,14,Matapedia,MTPD,2025-05-31T11:34:26Z,2025-05-31T09:38:00Z,ARR,bad,116.0
14,True,True,MONTRÉAL,HALIFAX,2025-05-30,15,Campbellton,CBTN,2025-05-31T12:33:46Z,2025-05-31T10:23:00Z,ARR,bad,130.0
14,True,True,MONTRÉAL,HALIFAX,2025-05-30,16,Charlo,CHLO,2025-05-31T13:33:16Z,2025-05-31T11:06:00Z,ARR,bad,147.0
14,True,True,MONTRÉAL,HALIFAX,2025-05-30,17,Jacquet River,JACR,2025-05-31T14:08:38Z,2025-05-31T11:30:00Z,ARR,bad,158.0
14,True,True,MONTRÉAL,HALIFAX,2025-05-30,18,Petit Rocher,PROC,2025-05-31T14:35:42Z,2025-05-31T11:53:00Z,ARR,bad,162.0
14,True,True,MONTRÉAL,HALIFAX,2025-05-30,19,Bathurst,BTRS,2025-05-31T14:56:24Z,2025-05-31T12:42:00Z,ARR,bad,134.0
14,True,True,MONTRÉAL,HALIFAX,2025-05-30,20,Miramichi,MIRA,2025-05-31T16:32:19Z,2025-05-31T14:33:00Z,ARR,bad,119.0
14,True,True,MONTRÉAL,HALIFAX,2025-05-30,21,Rogersville,RGRV,2025-05-31T17:25:21Z,2025-05-31T15:28:00Z,ARR,bad,117.0
14,True,True,MONTRÉAL,HALIFAX,2025-05-30,22,Moncton,MCTN,2025-05-31T18:41:14Z,2025-05-31T16:38:00Z,ARR,bad,123.0
14,True,True,MONTRÉAL,HALIFAX,2025-05-30,23,Sackville,SACK,2025-05-31T20:08:34Z,2025-05-31T17:38:00Z,ARR,bad,150.0
14,True,True,MONTRÉAL,HALIFAX,2025-05-30,24,Amherst,AMHS,2025-05-31T20:22:08Z,2025-05-31T17:54:00Z,ARR,bad,148.0
14,True,True,MONTRÉAL,HALIFAX,2025-05-30,25,Springhill Jct,SPRJ,2025-05-31T20:45:24Z,2025-05-31T18:18:00Z,ARR,bad,147.0
14,True,True,MONTRÉAL,HALIFAX,2025-05-30,26,Truro,TRUR,2025-05-31T21:54:30Z,2025-05-31T19:32:00Z,ARR,bad,142.0
14,True,True,MONTRÉAL,HALIFAX,2025-05-30,27,Halifax,HLFX,2025-05-31T23:21:45Z,2025-05-31T21:06:00Z,ARR,bad,135.0
37,True,True,QUÉBEC,OTTAWA,2025-05-31,0,Québec,QBEC,2025-05-31T16:32:00Z,2025-05-31T16:32:00Z,ARR,goo,0.0
37,True,True,QUÉBEC,OTTAWA,2025-05-31,1,Ste-Foy,SFOY,2025-05-31T16:57:51Z,2025-05-31T16:57:00Z,ARR,goo,0.0
37,True,True,QUÉBEC,OTTAWA,2025-05-31,2,Drummondville,DRMV,2025-05-31T18:45:15Z,2025-05-31T18:44:00Z,ARR,goo,1.0
37,True,True,QUÉBEC,OTTAWA,2025-05-31,3,St. Hyacinthe,SHYA,2025-05-31T19:20:20Z,2025-05-31T19:12:00Z,ARR,med,8.0
37,True,True,QUÉBEC,OTTAWA,2025-05-31,4,St. Lambert,SLAM,2025-05-31T19:52:56Z,2025-05-31T19:39:00Z,ARR,med,13.0
37,True,True,QUÉBEC,OTTAWA,2025-05-31,5,Montréal,MTRL,2025-05-31T20:07:27Z,2025-05-31T19:54:00Z,ARR,med,13.0
37,True,True,QUÉBEC,OTTAWA,2025-05-31,6,Dorval,DORV,2025-05-31T20:52:16Z,2025-05-31T20:54:00Z,ARR,goo,-1.0
37,True,True,QUÉBEC,OTTAWA,2025-05-31,7,Coteau,COTO,2025-05-31T21:34:10Z,2025-05-31T21:23:00Z,ARR,med,11.0
37,True,True,QUÉBEC,OTTAWA,2025-05-31,8,Alexandria,ALEX,2025-05-31T21:56:28Z,2025-05-31T21:45:00Z,ARR,med,11.0
37,True,True,QUÉBEC,OTTAWA,2025-05-31,9,Ottawa,OTTW,2025-05-31T22:38:30Z,2025-05-31T22:37:00Z,ARR,goo,1.0
24,True,True,OTTAWA,QUÉBEC,2025-05-31,0,Ottawa,OTTW,2025-05-31T14:13:00Z,2025-05-31T14:13:00Z,ARR,goo,0.0
24,True,True,OTTAWA,QUÉBEC,2025-05-31,1,Alexandria,ALEX,2025-05-31T14:54:58Z,2025-05-31T15:03:00Z,ARR,goo,-8.0
24,True,True,OTTAWA,QUÉBEC,2025-05-31,2,Coteau,COTO,2025-05-31T15:17:34Z,2025-05-31T15:26:00Z,ARR,goo,-8.0
24,True,True,OTTAWA,QUÉBEC,2025-05-31,3,Dorval,DORV,2025-05-31T15:41:45Z,2025-05-31T15:50:00Z,ARR,goo,-8.0
24,True,True,OTTAWA,QUÉBEC,2025-05-31,4,Montréal,MTRL,2025-05-31T16:07:13Z,2025-05-31T16:15:00Z,ARR,goo,-7.0
24,True,True,OTTAWA,QUÉBEC,2025-05-31,5,St. Lambert,SLAM,2025-05-31T17:11:04Z,2025-05-31T16:58:00Z,ARR,med,13.0
24,True,True,OTTAWA,QUÉBEC,2025-05-31,6,St. Hyacinthe,SHYA,2025-05-31T17:38:59Z,2025-05-31T17:26:00Z,ARR,med,12.0
24,True,True,OTTAWA,QUÉBEC,2025-05-31,7,Drummondville,DRMV,2025-05-31T18:08:39Z,2025-05-31T17:54:00Z,ARR,med,14.0
24,True,True,OTTAWA,QUÉBEC,2025-05-31,8,Charny,CHNY,2025-05-31T19:48:11Z,2025-05-31T19:38:00Z,ARR,med,10.0
24,True,True,OTTAWA,QUÉBEC,2025-05-31,9,Ste-Foy,SFOY,2025-05-31T19:55:44Z,2025-05-31T19:45:00Z,ARR,med,10.0
24,True,True,OTTAWA,QUÉBEC,2025-05-31,10,Québec,QBEC,2025-05-31T20:23:28Z,2025-05-31T20:12:00Z,ARR,med,11.0
41,True,True,OTTAWA,TORONTO,2025-05-31,0,Ottawa,OTTW,2025-05-31T09:21:00Z,2025-05-31T09:21:00Z,ARR,goo,0.0
41,True,True,OTTAWA,TORONTO,2025-05-31,1,Fallowfield,FALL,2025-05-31T09:35:56Z,2025-05-31T09:38:00Z,ARR,goo,-2.0
41,True,True,OTTAWA,TORONTO,2025-05-31,2,Smiths Falls,SMTF,2025-05-31T10:06:42Z,2025-05-31T10:08:00Z,ARR,goo,-1.0
41,True,True,OTTAWA,TORONTO,2025-05-31,3,Brockville,BRKV,2025-05-31T10:39:36Z,2025-05-31T10:40:00Z,ARR,goo,0.0
41,True,True,OTTAWA,TORONTO,2025-05-31,4,Kingston,KGON,2025-05-31T11:21:15Z,2025-05-31T11:25:00Z,ARR,goo,-3.0
41,True,True,OTTAWA,TORONTO,2025-05-31,5,Napanee,NAPN,2025-05-31T11:49:18Z,2025-05-31T11:49:00Z,ARR,goo,0.0
41,True,True,OTTAWA,TORONTO,2025-05-31,6,Belleville,BLVL,2025-05-31T12:07:55Z,2025-05-31T12:07:00Z,ARR,goo,0.0
41,True,True,OTTAWA,TORONTO,2025-05-31,7,Trenton Jct.,TRNJ,2025-05-31T12:23:47Z,2025-05-31T12:20:00Z,ARR,goo,3.0
41,True,True,OTTAWA,TORONTO,2025-05-31,8,Cobourg,CBRG,2025-05-31T12:48:43Z,2025-05-31T12:44:00Z,ARR,goo,4.0
41,True,True,OTTAWA,TORONTO,2025-05-31,9,Oshawa,OSHA,2025-05-31T13:24:22Z,2025-05-31T13:19:00Z,ARR,med,5.0
41,True,True,OTTAWA,TORONTO,2025-05-31,10,Toronto,TRTO,2025-05-31T13:59:26Z,2025-05-31T14:02:00Z,ARR,goo,-2.0
50,True,True,TORONTO,OTTAWA,2025-05-31,0,Toronto,TRTO,2025-05-31T10:32:00Z,2025-05-31T10:32:00Z,ARR,goo,0.0
50,True,True,TORONTO,OTTAWA,2025-05-31,1,Guildwood,GUIL,2025-05-31T10:48:41Z,2025-05-31T10:50:00Z,ARR,goo,-1.0
50,True,True,TORONTO,OTTAWA,2025-05-31,2,Oshawa,OSHA,2025-05-31T11:08:16Z,2025-05-31T11:08:00Z,ARR,goo,0.0
50,True,True,TORONTO,OTTAWA,2025-05-31,3,Cobourg,CBRG,2025-05-31T11:43:35Z,2025-05-31T11:43:00Z,ARR,goo,0.0
50,True,True,TORONTO,OTTAWA,2025-05-31,4,Belleville,BLVL,2025-05-31T12:17:36Z,2025-05-31T12:18:00Z,ARR,goo,0.0
50,True,True,TORONTO,OTTAWA,2025-05-31,5,Kingston,KGON,2025-05-31T12:55:38Z,2025-05-31T12:57:00Z,ARR,goo,-1.0
50,True,True,TORONTO,OTTAWA,2025-05-31,6,Brockville,BRKV,2025-05-31T14:02:08Z,2025-05-31T13:54:00Z,ARR,med,8.0
50,True,True,TORONTO,OTTAWA,2025-05-31,7,Smiths Falls,SMTF,2025-05-31T14:26:32Z,2025-05-31T14:29:00Z,ARR,goo,-2.0
50,True,True,TORONTO,OTTAWA,2025-05-31,8,Fallowfield,FALL,2025-05-31T15:10:33Z,2025-05-31T15:01:00Z,ARR,med,9.0
50,True,True,TORONTO,OTTAWA,2025-05-31,9,Ottawa,OTTW,2025-05-31T15:29:55Z,2025-05-31T15:21:00Z,ARR,med,8.0
53,True,True,OTTAWA,TORONTO,2025-05-31,0,Ottawa,OTTW,2025-05-31T15:43:00Z,2025-05-31T15:43:00Z,ARR,goo,0.0
53,True,True,OTTAWA,TORONTO,2025-05-31,1,Fallowfield,FALL,2025-05-31T15:59:03Z,2025-05-31T16:00:00Z,ARR,goo,0.0
53,True,True,OTTAWA,TORONTO,2025-05-31,2,Brockville,BRKV,2025-05-31T17:06:01Z,2025-05-31T17:01:00Z,ARR,med,5.0
53,True,True,OTTAWA,TORONTO,2025-05-31,3,Gananoque,GANA,2025-05-31T18:01:32Z,2025-05-31T17:31:00Z,ARR,bad,30.0
53,True,True,OTTAWA,TORONTO,2025-05-31,4,Kingston,KGON,2025-05-31T18:28:21Z,2025-05-31T17:54:00Z,ARR,bad,34.0
53,True,True,OTTAWA,TORONTO,2025-05-31,5,Belleville,BLVL,2025-05-31T19:19:31Z,2025-05-31T18:36:00Z,ARR,bad,43.0
53,True,True,OTTAWA,TORONTO,2025-05-31,6,Cobourg,CBRG,2025-05-31T20:05:16Z,2025-05-31T19:12:00Z,ARR,bad,53.0
53,True,True,OTTAWA,TORONTO,2025-05-31,7,Oshawa,OSHA,2025-05-31T20:46:43Z,2025-05-31T19:48:00Z,ARR,bad,58.0
53,True,True,OTTAWA,TORONTO,2025-05-31,8,Toronto,TRTO,2025-05-31T21:50:29Z,2025-05-31T20:33:00Z,ARR,bad,77.0
52,True,True,TORONTO,OTTAWA,2025-05-31,0,Toronto,TRTO,2025-05-31T12:32:00Z,2025-05-31T12:32:00Z,ARR,goo,0.0
52,True,True,TORONTO,OTTAWA,2025-05-31,1,Guildwood,GUIL,2025-05-31T12:48:43Z,2025-05-31T12:50:00Z,ARR,goo,-1.0
52,True,True,TORONTO,OTTAWA,2025-05-31,2,Oshawa,OSHA,2025-05-31T13:08:25Z,2025-05-31T13:09:00Z,ARR,goo,0.0
52,True,True,TORONTO,OTTAWA,2025-05-31,3,Cobourg,CBRG,2025-05-31T13:51:34Z,2025-05-31T13:44:00Z,ARR,med,7.0
52,True,True,TORONTO,OTTAWA,2025-05-31,4,Belleville,BLVL,2025-05-31T14:28:36Z,2025-05-31T14:20:00Z,ARR,med,8.0
52,True,True,TORONTO,OTTAWA,2025-05-31,5,Kingston,KGON,2025-05-31T15:05:00Z,2025-05-31T15:00:00Z,ARR,med,5.0
52,True,True,TORONTO,OTTAWA,2025-05-31,6,Brockville,BRKV,2025-05-31T16:06:52Z,2025-05-31T15:57:00Z,ARR,med,9.0
52,True,True,TORONTO,OTTAWA,2025-05-31,7,Smiths Falls,SMTF,2025-05-31T16:46:20Z,2025-05-31T16:35:00Z,ARR,med,11.0
52,True,True,TORONTO,OTTAWA,2025-05-31,8,Fallowfield,FALL,2025-05-31T17:10:41Z,2025-05-31T17:11:00Z,ARR,goo,0.0
52,True,True,TORONTO,OTTAWA,2025-05-31,9,Ottawa,OTTW,2025-05-31T17:29:18Z,2025-05-31T17:32:00Z,ARR,goo,-2.0
60,True,True,TORONTO,MONTRÉAL,2025-05-31,0,Toronto,TRTO,2025-05-31T10:32:00Z,2025-05-31T10:32:00Z,ARR,goo,0.0
60,True,True,TORONTO,MONTRÉAL,2025-05-31,1,Guildwood,GUIL,2025-05-31T10:48:27Z,2025-05-31T10:50:00Z,ARR,goo,-1.0
60,True,True,TORONTO,MONTRÉAL,2025-05-31,2,Oshawa,OSHA,2025-05-31T11:08:01Z,2025-05-31T11:08:00Z,ARR,goo,0.0
60,True,True,TORONTO,MONTRÉAL,2025-05-31,3,Cobourg,CBRG,2025-05-31T11:43:30Z,2025-05-31T11:43:00Z,ARR,goo,0.0
60,True,True,TORONTO,MONTRÉAL,2025-05-31,4,Belleville,BLVL,2025-05-31T12:17:29Z,2025-05-31T12:18:00Z,ARR,goo,0.0
60,True,True,TORONTO,MONTRÉAL,2025-05-31,5,Kingston,KGON,2025-05-31T12:55:33Z,2025-05-31T12:57:00Z,ARR,goo,-1.0
60,True,True,TORONTO,MONTRÉAL,2025-05-31,6,Cornwall,CWLL,2025-05-31T14:35:23Z,2025-05-31T14:38:00Z,ARR,goo,-2.0
60,True,True,TORONTO,MONTRÉAL,2025-05-31,7,Dorval,DORV,2025-05-31T15:34:58Z,2025-05-31T15:25:00Z,ARR,med,9.0
60,True,True,TORONTO,MONTRÉAL,2025-05-31,8,Montréal,MTRL,2025-05-31T16:00:07Z,2025-05-31T15:50:00Z,ARR,med,10.0
61,True,True,MONTRÉAL,TORONTO,2025-05-31,0,Montréal,MTRL,2025-05-31T10:45:10Z,2025-05-31T10:45:00Z,ARR,goo,0.0
61,True,True,MONTRÉAL,TORONTO,2025-05-31,1,Dorval,DORV,2025-05-31T11:10:49Z,2025-05-31T11:08:00Z,ARR,goo,2.0
61,True,True,MONTRÉAL,TORONTO,2025-05-31,2,Cornwall,CWLL,2025-05-31T12:10:25Z,2025-05-31T12:01:00Z,ARR,med,9.0
61,True,True,MONTRÉAL,TORONTO,2025-05-31,3,Kingston,KGON,2025-05-31T13:49:46Z,2025-05-31T13:29:00Z,ARR,bad,20.0
61,True,True,MONTRÉAL,TORONTO,2025-05-31,4,Belleville,BLVL,2025-05-31T14:44:02Z,2025-05-31T14:11:00Z,ARR,bad,33.0
61,True,True,MONTRÉAL,TORONTO,2025-05-31,5,Oshawa,OSHA,2025-05-31T16:03:39Z,2025-05-31T15:19:00Z,ARR,bad,44.0
61,True,True,MONTRÉAL,TORONTO,2025-05-31,6,Guildwood,GUIL,2025-05-31T16:26:40Z,2025-05-31T15:43:00Z,ARR,bad,43.0
61,True,True,MONTRÉAL,TORONTO,2025-05-31,7,Toronto,TRTO,2025-05-31T16:48:58Z,2025-05-31T16:03:00Z,ARR,bad,45.0
64,True,True,TORONTO,MONTRÉAL,2025-05-31,0,Toronto,TRTO,2025-05-31T16:17:00Z,2025-05-31T15:37:00Z,ARR,bad,40.0
64,True,True,TORONTO,MONTRÉAL,2025-05-31,1,Guildwood,GUIL,2025-05-31T16:45:15Z,2025-05-31T15:55:00Z,ARR,bad,50.0
64,True,True,TORONTO,MONTRÉAL,2025-05-31,2,Oshawa,OSHA,2025-05-31T17:12:46Z,2025-05-31T16:09:00Z,ARR,bad,63.0
64,True,True,TORONTO,MONTRÉAL,2025-05-31,3,Cobourg,CBRG,2025-05-31T17:44:39Z,2025-05-31T16:46:00Z,ARR,bad,58.0
64,True,True,TORONTO,MONTRÉAL,2025-05-31,4,Belleville,BLVL,2025-05-31T18:18:06Z,2025-05-31T17:22:00Z,ARR,bad,56.0
64,True,True,TORONTO,MONTRÉAL,2025-05-31,5,Kingston,KGON,2025-05-31T18:54:49Z,2025-05-31T18:03:00Z,ARR,bad,51.0
64,True,True,TORONTO,MONTRÉAL,2025-05-31,6,Brockville,BRKV,2025-05-31T19:53:02Z,2025-05-31T18:52:00Z,ARR,bad,61.0
64,True,True,TORONTO,MONTRÉAL,2025-05-31,7,Cornwall,CWLL,2025-05-31T20:37:47Z,2025-05-31T19:42:00Z,ARR,bad,55.0
64,True,True,TORONTO,MONTRÉAL,2025-05-31,8,Dorval,DORV,2025-05-31T22:10:17Z,2025-05-31T20:37:00Z,ARR,bad,93.0
64,True,True,TORONTO,MONTRÉAL,2025-05-31,9,Montréal,MTRL,2025-05-31T22:39:58Z,2025-05-31T21:05:00Z,ARR,bad,94.0
65,True,True,MONTRÉAL,TORONTO,2025-05-31,0,Montréal,MTRL,2025-05-31T14:49:00Z,2025-05-31T14:49:00Z,ARR,goo,0.0
65,True,True,MONTRÉAL,TORONTO,2025-05-31,1,Dorval,DORV,2025-05-31T15:13:59Z,2025-05-31T15:12:00Z,ARR,goo,1.0
65,True,True,MONTRÉAL,TORONTO,2025-05-31,2,Cornwall,CWLL,2025-05-31T16:04:53Z,2025-05-31T16:06:00Z,ARR,goo,-1.0
65,True,True,MONTRÉAL,TORONTO,2025-05-31,3,Kingston,KGON,2025-05-31T17:39:14Z,2025-05-31T17:36:00Z,ARR,goo,3.0
65,True,True,MONTRÉAL,TORONTO,2025-05-31,4,Belleville,BLVL,2025-05-31T18:19:24Z,2025-05-31T18:20:00Z,ARR,goo,0.0
65,True,True,MONTRÉAL,TORONTO,2025-05-31,5,Cobourg,CBRG,2025-05-31T19:08:20Z,2025-05-31T18:58:00Z,ARR,med,10.0
65,True,True,MONTRÉAL,TORONTO,2025-05-31,6,Oshawa,OSHA,2025-05-31T19:43:03Z,2025-05-31T19:34:00Z,ARR,med,9.0
65,True,True,MONTRÉAL,TORONTO,2025-05-31,7,Toronto,TRTO,2025-05-31T20:30:16Z,2025-05-31T20:18:00Z,ARR,med,12.0
67,True,True,MONTRÉAL,TORONTO,2025-05-31,0,Montréal,MTRL,2025-05-31T17:22:00Z,2025-05-31T17:22:00Z,ARR,goo,0.0
67,True,True,MONTRÉAL,TORONTO,2025-05-31,1,Dorval,DORV,2025-05-31T17:45:18Z,2025-05-31T17:47:00Z,ARR,goo,-1.0
67,True,True,MONTRÉAL,TORONTO,2025-05-31,2,Cornwall,CWLL,2025-05-31T18:41:15Z,2025-05-31T18:38:00Z,ARR,goo,3.0
67,True,True,MONTRÉAL,TORONTO,2025-05-31,3,Kingston,KGON,2025-05-31T20:12:34Z,2025-05-31T20:03:00Z,ARR,med,9.0
67,True,True,MONTRÉAL,TORONTO,2025-05-31,4,Belleville,BLVL,2025-05-31T20:55:37Z,2025-05-31T20:42:00Z,ARR,med,13.0
67,True,True,MONTRÉAL,TORONTO,2025-05-31,5,Cobourg,CBRG,2025-05-31T21:35:15Z,2025-05-31T21:17:00Z,ARR,bad,18.0
67,True,True,MONTRÉAL,TORONTO,2025-05-31,6,Oshawa,OSHA,2025-05-31T22:09:09Z,2025-05-31T21:50:00Z,ARR,bad,19.0
67,True,True,MONTRÉAL,TORONTO,2025-05-31,7,Toronto,TRTO,2025-05-31T23:43:23Z,2025-05-31T22:45:00Z,ARR,bad,58.0
70,True,True,WINDSOR,TORONTO,2025-05-31,0,Windsor,WDON,2025-05-31T10:58:00Z,2025-05-31T09:35:00Z,ARR,bad,83.0
70,True,True,WINDSOR,TORONTO,2025-05-31,1,Chatham,CHAT,2025-05-31T11:48:25Z,2025-05-31T10:19:00Z,ARR,bad,89.0
70,True,True,WINDSOR,TORONTO,2025-05-31,2,London,LNDN,2025-05-31T12:58:41Z,2025-05-31T11:25:00Z,ARR,bad,93.0
70,True,True,WINDSOR,TORONTO,2025-05-31,3,Ingersoll,INGR,2025-05-31T13:22:47Z,2025-05-31T11:55:00Z,ARR,bad,87.0
70,True,True,WINDSOR,TORONTO,2025-05-31,4,Woodstock,WDST,2025-05-31T13:33:38Z,2025-05-31T12:08:00Z,ARR,bad,85.0
70,True,True,WINDSOR,TORONTO,2025-05-31,5,Brantford,BRTF,2025-05-31T14:10:01Z,2025-05-31T12:44:00Z,ARR,bad,86.0
70,True,True,WINDSOR,TORONTO,2025-05-31,6,Aldershot,ALDR,2025-05-31T14:38:24Z,2025-05-31T13:25:00Z,ARR,bad,73.0
70,True,True,WINDSOR,TORONTO,2025-05-31,7,Oakville,OAKV,2025-05-31T15:07:09Z,2025-05-31T13:43:00Z,ARR,bad,84.0
70,True,True,WINDSOR,TORONTO,2025-05-31,8,Toronto,TRTO,2025-05-31T15:29:20Z,2025-05-31T14:10:00Z,ARR,bad,79.0
71,True,True,TORONTO,WINDSOR,2025-05-31,0,Toronto,TRTO,2025-05-31T10:52:49Z,2025-05-31T10:50:00Z,ARR,goo,2.0
71,True,True,TORONTO,WINDSOR,2025-05-31,1,Oakville,OAKV,2025-05-31T11:21:01Z,2025-05-31T11:13:00Z,ARR,med,8.0
71,True,True,TORONTO,WINDSOR,2025-05-31,2,Aldershot,ALDR,2025-05-31T11:39:09Z,2025-05-31T11:29:00Z,ARR,med,10.0
71,True,True,TORONTO,WINDSOR,2025-05-31,3,Brantford,BRTF,2025-05-31T12:10:56Z,2025-05-31T11:55:00Z,ARR,bad,15.0
71,True,True,TORONTO,WINDSOR,2025-05-31,4,Woodstock,WDST,2025-05-31T12:39:37Z,2025-05-31T12:30:00Z,ARR,med,9.0
71,True,True,TORONTO,WINDSOR,2025-05-31,5,Ingersoll,INGR,2025-05-31T12:50:35Z,2025-05-31T12:43:00Z,ARR,med,7.0
71,True,True,TORONTO,WINDSOR,2025-05-31,6,London,LNDN,2025-05-31T13:15:13Z,2025-05-31T13:06:00Z,ARR,med,9.0
71,True,True,TORONTO,WINDSOR,2025-05-31,7,Glencoe,GLNC,2025-05-31T13:52:52Z,2025-05-31T13:39:00Z,ARR,med,13.0
71,True,True,TORONTO,WINDSOR,2025-05-31,8,Chatham,CHAT,2025-05-31T14:48:58Z,2025-05-31T14:18:00Z,ARR,bad,30.0
71,True,True,TORONTO,WINDSOR,2025-05-31,9,Windsor,WDON,2025-05-31T15:38:04Z,2025-05-31T15:08:00Z,ARR,bad,30.0
73,True,True,TORONTO,WINDSOR,2025-05-31,0,Toronto,TRTO,2025-05-31T15:30:35Z,2025-05-31T15:30:00Z,ARR,goo,0.0
73,True,True,TORONTO,WINDSOR,2025-05-31,1,Oakville,OAKV,2025-05-31T15:53:48Z,2025-05-31T15:51:00Z,ARR,goo,2.0
73,True,True,TORONTO,WINDSOR,2025-05-31,2,Aldershot,ALDR,2025-05-31T16:15:19Z,2025-05-31T16:09:00Z,ARR,med,6.0
73,True,True,TORONTO,WINDSOR,2025-05-31,3,Brantford,BRTF,2025-05-31T16:46:25Z,2025-05-31T16:40:00Z,ARR,med,6.0
73,True,True,TORONTO,WINDSOR,2025-05-31,4,Woodstock,WDST,2025-05-31T17:16:21Z,2025-05-31T17:09:00Z,ARR,med,7.0
73,True,True,TORONTO,WINDSOR,2025-05-31,5,London,LNDN,2025-05-31T17:48:24Z,2025-05-31T17:38:00Z,ARR,med,10.0
73,True,True,TORONTO,WINDSOR,2025-05-31,6,Chatham,CHAT,2025-05-31T19:01:54Z,2025-05-31T18:50:00Z,ARR,med,11.0
73,True,True,TORONTO,WINDSOR,2025-05-31,7,Windsor,WDON,2025-05-31T19:54:14Z,2025-05-31T19:45:00Z,ARR,med,9.0
82,True,True,LONDON,TORONTO,2025-05-31,0,London,LNDN,2025-05-31T10:25:00Z,2025-05-31T10:25:00Z,ARR,goo,0.0
82,True,True,LONDON,TORONTO,2025-05-31,1,Woodstock,WDST,2025-05-31T10:53:32Z,2025-05-31T10:53:00Z,ARR,goo,0.0
82,True,True,LONDON,TORONTO,2025-05-31,2,Brantford,BRTF,2025-05-31T11:21:30Z,2025-05-31T11:23:00Z,ARR,goo,-1.0
82,True,True,LONDON,TORONTO,2025-05-31,3,Toronto,TRTO,2025-05-31T12:28:44Z,2025-05-31T12:35:00Z,ARR,goo,-6.0
84,True,True,SARNIA,TORONTO,2025-05-31,0,Sarnia,SARN,2025-05-31T12:40:00Z,2025-05-31T12:40:00Z,ARR,goo,0.0
84,True,True,SARNIA,TORONTO,2025-05-31,1,Wyoming,WYOM,2025-05-31T12:58:47Z,2025-05-31T12:55:00Z,ARR,goo,3.0
84,True,True,SARNIA,TORONTO,2025-05-31,2,Strathroy,STRR,2025-05-31T13:27:13Z,2025-05-31T13:27:00Z,ARR,goo,0.0
84,True,True,SARNIA,TORONTO,2025-05-31,3,London,LNDN,2025-05-31T13:49:20Z,2025-05-31T13:52:00Z,ARR,goo,-2.0
84,True,True,SARNIA,TORONTO,2025-05-31,4,St.Marys,SMYS,2025-05-31T14:47:29Z,2025-05-31T14:45:00Z,ARR,goo,2.0
84,True,True,SARNIA,TORONTO,2025-05-31,5,Stratford,STRF,2025-05-31T15:16:00Z,2025-05-31T15:14:00Z,ARR,goo,2.0
84,True,True,SARNIA,TORONTO,2025-05-31,6,Kitchener,KITC,2025-05-31T16:04:23Z,2025-05-31T16:02:00Z,ARR,goo,2.0
84,True,True,SARNIA,TORONTO,2025-05-31,7,Guelph,GUEL,2025-05-31T16:25:29Z,2025-05-31T16:24:00Z,ARR,goo,1.0
84,True,True,SARNIA,TORONTO,2025-05-31,8,Georgetown,GEOR,2025-05-31T16:51:54Z,2025-05-31T16:47:00Z,ARR,goo,4.0
84,True,True,SARNIA,TORONTO,2025-05-31,9,Brampton,BRMP,2025-05-31T17:04:16Z,2025-05-31T16:59:00Z,ARR,med,5.0
84,True,True,SARNIA,TORONTO,2025-05-31,10,Malton,MALT,2025-05-31T17:17:55Z,2025-05-31T17:11:00Z,ARR,med,6.0
84,True,True,SARNIA,TORONTO,2025-05-31,11,Toronto,TRTO,2025-05-31T17:41:08Z,2025-05-31T17:38:00Z,ARR,goo,3.0
644,True,True,TORONTO,OTTAWA,2025-05-31,0,Toronto,TRTO,2025-05-31T17:22:15Z,2025-05-31T17:22:00Z,ARR,goo,0.0
644,True,True,TORONTO,OTTAWA,2025-05-31,1,Oshawa,OSHA,2025-05-31T18:11:54Z,2025-05-31T17:53:00Z,ARR,bad,18.0
644,True,True,TORONTO,OTTAWA,2025-05-31,2,Cobourg,CBRG,2025-05-31T18:55:46Z,2025-05-31T18:28:00Z,ARR,bad,27.0
644,True,True,TORONTO,OTTAWA,2025-05-31,3,Belleville,BLVL,2025-05-31T19:37:08Z,2025-05-31T19:03:00Z,ARR,bad,34.0
644,True,True,TORONTO,OTTAWA,2025-05-31,4,Kingston,KGON,2025-05-31T20:22:32Z,2025-05-31T19:43:00Z,ARR,bad,39.0
644,True,True,TORONTO,OTTAWA,2025-05-31,5,Fallowfield,FALL,2025-05-31T22:11:01Z,2025-05-31T21:30:00Z,ARR,bad,41.0
644,True,True,TORONTO,OTTAWA,2025-05-31,6,Ottawa,OTTW,2025-05-31T22:32:48Z,2025-05-31T21:53:00Z,ARR,bad,39.0
643,True,True,OTTAWA,TORONTO,2025-05-31,0,Ottawa,OTTW,2025-05-31T12:29:23Z,2025-05-31T12:29:00Z,ARR,goo,0.0
643,True,True,OTTAWA,TORONTO,2025-05-31,1,Fallowfield,FALL,2025-05-31T12:45:52Z,2025-05-31T12:45:00Z,ARR,goo,0.0
643,True,True,OTTAWA,TORONTO,2025-05-31,2,Smiths Falls,SMTF,2025-05-31T13:16:14Z,2025-05-31T13:17:00Z,ARR,goo,0.0
643,True,True,OTTAWA,TORONTO,2025-05-31,3,Brockville,BRKV,2025-05-31T13:49:44Z,2025-05-31T13:49:00Z,ARR,goo,0.0
643,True,True,OTTAWA,TORONTO,2025-05-31,4,Kingston,KGON,2025-05-31T14:42:53Z,2025-05-31T14:32:00Z,ARR,med,10.0
643,True,True,OTTAWA,TORONTO,2025-05-31,5,Napanee,NAPN,2025-05-31T15:08:35Z,2025-05-31T14:57:00Z,ARR,med,11.0
643,True,True,OTTAWA,TORONTO,2025-05-31,6,Belleville,BLVL,2025-05-31T15:38:46Z,2025-05-31T15:17:00Z,ARR,bad,21.0
643,True,True,OTTAWA,TORONTO,2025-05-31,7,Trenton Jct.,TRNJ,2025-05-31T15:53:31Z,2025-05-31T15:31:00Z,ARR,bad,22.0
643,True,True,OTTAWA,TORONTO,2025-05-31,8,Cobourg,CBRG,2025-05-31T16:26:47Z,2025-05-31T15:57:00Z,ARR,bad,29.0
643,True,True,OTTAWA,TORONTO,2025-05-31,9,Port Hope,PHOP,2025-05-31T16:39:47Z,2025-05-31T16:07:00Z,ARR,bad,32.0
643,True,True,OTTAWA,TORONTO,2025-05-31,10,Oshawa,OSHA,2025-05-31T17:14:49Z,2025-05-31T16:35:00Z,ARR,bad,39.0
643,True,True,OTTAWA,TORONTO,2025-05-31,11,Guildwood,GUIL,2025-05-31T17:40:13Z,2025-05-31T16:58:00Z,ARR,bad,42.0
643,True,True,OTTAWA,TORONTO,2025-05-31,12,Toronto,TRTO,2025-05-31T17:57:54Z,2025-05-31T17:18:00Z,ARR,bad,39.0
62,True,True,TORONTO,MONTRÉAL,2025-05-31,0,Toronto,TRTO,2025-05-31T12:32:00Z,2025-05-31T12:32:00Z,ARR,goo,0.0
62,True,True,TORONTO,MONTRÉAL,2025-05-31,1,Guildwood,GUIL,2025-05-31T12:48:29Z,2025-05-31T12:50:00Z,ARR,goo,-1.0
62,True,True,TORONTO,MONTRÉAL,2025-05-31,2,Oshawa,OSHA,2025-05-31T13:08:22Z,2025-05-31T13:09:00Z,ARR,goo,0.0
62,True,True,TORONTO,MONTRÉAL,2025-05-31,3,Cobourg,CBRG,2025-05-31T13:51:27Z,2025-05-31T13:44:00Z,ARR,med,7.0
62,True,True,TORONTO,MONTRÉAL,2025-05-31,4,Belleville,BLVL,2025-05-31T14:28:31Z,2025-05-31T14:20:00Z,ARR,med,8.0
62,True,True,TORONTO,MONTRÉAL,2025-05-31,5,Kingston,KGON,2025-05-31T15:04:57Z,2025-05-31T15:00:00Z,ARR,goo,4.0
62,True,True,TORONTO,MONTRÉAL,2025-05-31,6,Cornwall,CWLL,2025-05-31T16:56:34Z,2025-05-31T16:43:00Z,ARR,med,13.0
62,True,True,TORONTO,MONTRÉAL,2025-05-31,7,Dorval,DORV,2025-05-31T17:56:04Z,2025-05-31T17:34:00Z,ARR,bad,22.0
62,True,True,TORONTO,MONTRÉAL,2025-05-31,8,Montréal,MTRL,2025-05-31T18:20:42Z,2025-05-31T18:00:00Z,ARR,bad,20.0
72,True,True,WINDSOR,TORONTO,2025-05-31,0,Windsor,WDON,2025-05-31T12:45:26Z,2025-05-31T12:43:00Z,ARR,goo,2.0
72,True,True,WINDSOR,TORONTO,2025-05-31,1,Chatham,CHAT,2025-05-31T13:33:59Z,2025-05-31T13:25:00Z,ARR,med,8.0
72,True,True,WINDSOR,TORONTO,2025-05-31,2,Glencoe,GLNC,2025-05-31T14:16:58Z,2025-05-31T14:05:00Z,ARR,med,11.0
72,True,True,WINDSOR,TORONTO,2025-05-31,3,London,LNDN,2025-05-31T14:48:59Z,2025-05-31T14:39:00Z,ARR,med,9.0
72,True,True,WINDSOR,TORONTO,2025-05-31,4,Ingersoll,INGR,2025-05-31T15:15:18Z,2025-05-31T15:07:00Z,ARR,med,8.0
72,True,True,WINDSOR,TORONTO,2025-05-31,5,Woodstock,WDST,2025-05-31T15:27:19Z,2025-05-31T15:23:00Z,ARR,goo,4.0
72,True,True,WINDSOR,TORONTO,2025-05-31,6,Brantford,BRTF,2025-05-31T16:00:23Z,2025-05-31T15:55:00Z,ARR,med,5.0
72,True,True,WINDSOR,TORONTO,2025-05-31,7,Aldershot,ALDR,2025-05-31T16:31:20Z,2025-05-31T16:29:00Z,ARR,goo,2.0
72,True,True,WINDSOR,TORONTO,2025-05-31,8,Oakville,OAKV,2025-05-31T16:54:19Z,2025-05-31T16:45:00Z,ARR,med,9.0
72,True,True,WINDSOR,TORONTO,2025-05-31,9,Toronto,TRTO,2025-05-31T17:23:31Z,2025-05-31T17:11:00Z,ARR,med,12.0
97,True,True,TORONTO,NIAGARA FALLS,2025-05-31,0,Toronto,TRTO,2025-05-31T12:20:00Z,2025-05-31T12:20:00Z,ARR,goo,0.0
97,True,True,TORONTO,NIAGARA FALLS,2025-05-31,1,Oakville,OAKV,2025-05-31T12:43:00Z,2025-05-31T12:43:00Z,ARR,goo,0.0
97,True,True,TORONTO,NIAGARA FALLS,2025-05-31,2,Aldershot,ALDR,2025-05-31T12:57:00Z,2025-05-31T12:56:00Z,ARR,goo,1.0
97,True,True,TORONTO,NIAGARA FALLS,2025-05-31,3,Grimsby,GRIM,2025-05-31T13:38:00Z,2025-05-31T13:37:00Z,ARR,goo,1.0
97,True,True,TORONTO,NIAGARA FALLS,2025-05-31,4,St. Catharines,SCAT,2025-05-31T13:57:00Z,2025-05-31T13:57:00Z,ARR,goo,0.0
97,True,True,TORONTO,NIAGARA FALLS,2025-05-31,5,Niagara Falls,NIAG,2025-05-31T14:20:00Z,2025-05-31T14:20:00Z,ARR,goo,0.0
633,True,True,MONTRÉAL,OTTAWA,2025-05-31,0,Montréal,MTRL,2025-05-31T13:00:00Z,2025-05-31T13:00:00Z,ARR,goo,0.0
633,True,True,MONTRÉAL,OTTAWA,2025-05-31,1,Dorval,DORV,2025-05-31T13:36:49Z,2025-05-31T13:24:00Z,ARR,med,12.0
633,True,True,MONTRÉAL,OTTAWA,2025-05-31,2,Alexandria,ALEX,2025-05-31T14:27:55Z,2025-05-31T14:11:00Z,ARR,bad,16.0
633,True,True,MONTRÉAL,OTTAWA,2025-05-31,3,Casselman,CSLM,2025-05-31T14:57:56Z,2025-05-31T14:34:00Z,ARR,bad,23.0
633,True,True,MONTRÉAL,OTTAWA,2025-05-31,4,Ottawa,OTTW,2025-05-31T15:23:47Z,2025-05-31T15:05:00Z,ARR,bad,18.0
622,True,True,MONTRÉAL,QUÉBEC,2025-05-31,0,Montréal,MTRL,2025-05-31T12:20:00Z,2025-05-31T12:20:00Z,ARR,goo,0.0
622,True,True,MONTRÉAL,QUÉBEC,2025-05-31,1,St. Lambert,SLAM,2025-05-31T12:34:23Z,2025-05-31T12:33:00Z,ARR,goo,1.0
622,True,True,MONTRÉAL,QUÉBEC,2025-05-31,2,St. Hyacinthe,SHYA,2025-05-31T13:06:57Z,2025-05-31T13:00:00Z,ARR,med,6.0
622,True,True,MONTRÉAL,QUÉBEC,2025-05-31,3,Drummondville,DRMV,2025-05-31T13:44:14Z,2025-05-31T13:29:00Z,ARR,bad,15.0
622,True,True,MONTRÉAL,QUÉBEC,2025-05-31,4,Ste-Foy,SFOY,2025-05-31T15:20:09Z,2025-05-31T15:11:00Z,ARR,med,9.0
622,True,True,MONTRÉAL,QUÉBEC,2025-05-31,5,Québec,QBEC,2025-05-31T15:47:23Z,2025-05-31T15:39:00Z,ARR,med,8.0
45,True,True,OTTAWA,TORONTO,2025-05-31,0,Ottawa,OTTW,2025-05-31T14:24:15Z,2025-05-31T14:24:00Z,ARR,goo,0.0
45,True,True,OTTAWA,TORONTO,2025-05-31,1,Fallowfield,FALL,2025-05-31T14:41:04Z,2025-05-31T14:40:00Z,ARR,goo,1.0
45,True,True,OTTAWA,TORONTO,2025-05-31,2,Kingston,KGON,2025-05-31T16:52:17Z,2025-05-31T16:26:00Z,ARR,bad,26.0
45,True,True,OTTAWA,TORONTO,2025-05-31,3,Toronto,TRTO,2025-05-31T20:05:54Z,2025-05-31T18:48:00Z,ARR,bad,77.0
185,True,True,SUDBURY,WHITE RIVER,2025-05-31,0,Sudbury,SUDB,2025-05-31T13:00:00Z,2025-05-31T13:00:00Z,ARR,goo,0.0
185,True,True,SUDBURY,WHITE RIVER,2025-05-31,1,Azilda,AZIL,2025-05-31T13:14:35Z,2025-05-31T13:10:00Z,ARR,goo,4.0
185,True,True,SUDBURY,WHITE RIVER,2025-05-31,2,Chelmsford,CHEL,2025-05-31T13:17:49Z,2025-05-31T13:15:00Z,ARR,goo,2.0
185,True,True,SUDBURY,WHITE RIVER,2025-05-31,3,Larchwood,LARC,2025-05-31T13:23:46Z,2025-05-31T13:19:00Z,ARR,goo,4.0
185,True,True,SUDBURY,WHITE RIVER,2025-05-31,4,Levack,LEVA,2025-05-31T13:33:47Z,2025-05-31T13:30:00Z,ARR,goo,3.0
185,True,True,SUDBURY,WHITE RIVER,2025-05-31,5,Cartier,CART,2025-05-31T13:47:25Z,2025-05-31T13:45:00Z,ARR,goo,2.0
185,True,True,SUDBURY,WHITE RIVER,2025-05-31,6,Benny,BENN,2025-05-31T14:03:52Z,2025-05-31T14:05:00Z,ARR,goo,-1.0
185,True,True,SUDBURY,WHITE RIVER,2025-05-31,7,Stralak,STRL,2025-05-31T14:08:17Z,2025-05-31T14:12:00Z,ARR,goo,-3.0
185,True,True,SUDBURY,WHITE RIVER,2025-05-31,8,Pogamasing,POGA,2025-05-31T14:19:33Z,2025-05-31T14:25:00Z,ARR,goo,-5.0
185,True,True,SUDBURY,WHITE RIVER,2025-05-31,9,Sheahan,SHEA,2025-05-31T14:24:33Z,2025-05-31T14:30:00Z,ARR,goo,-5.0
185,True,True,SUDBURY,WHITE RIVER,2025-05-31,10,Forks,FRKS,2025-05-31T14:32:56Z,2025-05-31T14:40:00Z,ARR,goo,-7.0
185,True,True,SUDBURY,WHITE RIVER,2025-05-31,11,Metagama,MTGM,2025-05-31T14:50:00Z,2025-05-31T14:50:00Z,ARR,goo,0.0
185,True,True,SUDBURY,WHITE RIVER,2025-05-31,12,Sinker,SNKR,2025-05-31T14:55:00Z,2025-05-31T14:55:00Z,ARR,goo,0.0
185,True,True,SUDBURY,WHITE RIVER,2025-05-31,13,Biscotasing,BISC,2025-05-31T15:14:36Z,2025-05-31T15:20:00Z,ARR,goo,-5.0
185,True,True,SUDBURY,WHITE RIVER,2025-05-31,14,Roberts,RBRT,2025-05-31T15:30:00Z,2025-05-31T15:30:00Z,ARR,goo,0.0
185,True,True,SUDBURY,WHITE RIVER,2025-05-31,15,Ramsey,RAMS,2025-05-31T15:45:00Z,2025-05-31T15:45:00Z,ARR,goo,0.0
185,True,True,SUDBURY,WHITE RIVER,2025-05-31,16,Woman River,WOMR,2025-05-31T16:52:05Z,2025-05-31T16:05:00Z,ARR,bad,47.0
185,True,True,SUDBURY,WHITE RIVER,2025-05-31,17,Sultan,SULT,2025-05-31T17:07:05Z,2025-05-31T16:20:00Z,ARR,bad,47.0
185,True,True,SUDBURY,WHITE RIVER,2025-05-31,18,Kormak,KORM,2025-05-31T17:22:05Z,2025-05-31T16:35:00Z,ARR,bad,47.0
185,True,True,SUDBURY,WHITE RIVER,2025-05-31,19,Kinogama,KINO,2025-05-31T17:27:05Z,2025-05-31T16:40:00Z,ARR,bad,47.0
185,True,True,SUDBURY,WHITE RIVER,2025-05-31,20,Nemegos,NEME,2025-05-31T17:56:17Z,2025-05-31T16:55:00Z,ARR,bad,61.0
185,True,True,SUDBURY,WHITE RIVER,2025-05-31,21,Devon,DEVN,2025-05-31T18:25:51Z,2025-05-31T17:05:00Z,ARR,bad,80.0
185,True,True,SUDBURY,WHITE RIVER,2025-05-31,22,Chapleau,CHAP,2025-05-31T18:53:36Z,2025-05-31T17:20:00Z,ARR,bad,93.0
185,True,True,SUDBURY,WHITE RIVER,2025-05-31,23,Esher,ESHR,2025-05-31T19:15:24Z,2025-05-31T17:50:00Z,ARR,bad,85.0
185,True,True,SUDBURY,WHITE RIVER,2025-05-31,24,Musk,MUSK,2025-05-31T19:29:34Z,2025-05-31T18:00:00Z,ARR,bad,89.0
185,True,True,SUDBURY,WHITE RIVER,2025-05-31,25,Nicholson,NICH,2025-05-31T19:34:56Z,2025-05-31T18:10:00Z,ARR,bad,84.0
185,True,True,SUDBURY,WHITE RIVER,2025-05-31,26,Bolkow,BOLK,2025-05-31T19:55:36Z,2025-05-31T18:30:00Z,ARR,bad,85.0
185,True,True,SUDBURY,WHITE RIVER,2025-05-31,27,Dalton,DALT,2025-05-31T20:10:36Z,2025-05-31T18:45:00Z,ARR,bad,85.0
185,True,True,SUDBURY,WHITE RIVER,2025-05-31,28,Missanabie,MSBI,2025-05-31T20:35:36Z,2025-05-31T19:10:00Z,ARR,bad,85.0
185,True,True,SUDBURY,WHITE RIVER,2025-05-31,29,Lochalsh,LOCH,2025-05-31T20:55:36Z,2025-05-31T19:30:00Z,ARR,bad,85.0
185,True,True,SUDBURY,WHITE RIVER,2025-05-31,30,Franz,FRNZ,2025-05-31T21:41:38Z,2025-05-31T19:50:00Z,ARR,bad,111.0
185,True,True,SUDBURY,WHITE RIVER,2025-05-31,31,Swanson,SWAN,2025-05-31T21:52:40Z,2025-05-31T20:00:00Z,ARR,bad,112.0
185,True,True,SUDBURY,WHITE RIVER,2025-05-31,32,Girdwood,GIRD,2025-05-31T22:26:46Z,2025-05-31T20:25:00Z,ARR,bad,121.0
185,True,True,SUDBURY,WHITE RIVER,2025-05-31,33,Amyot,AMYO,2025-05-31T22:33:12Z,2025-05-31T20:35:00Z,ARR,bad,118.0
185,True,True,SUDBURY,WHITE RIVER,2025-05-31,34,O'Brien,OBRI,2025-05-31T22:46:27Z,2025-05-31T20:50:00Z,ARR,bad,116.0
185,True,True,SUDBURY,WHITE RIVER,2025-05-31,35,White River,WHTR,2025-05-31T22:58:58Z,2025-05-31T21:05:00Z,ARR,bad,113.0
637,True,True,QUÉBEC,OTTAWA,2025-05-31,0,Québec,QBEC,2025-05-31T14:00:00Z,2025-05-31T14:00:00Z,ARR,goo,0.0
637,True,True,QUÉBEC,OTTAWA,2025-05-31,1,Ste-Foy,SFOY,2025-05-31T14:26:14Z,2025-05-31T14:25:00Z,ARR,goo,1.0
637,True,True,QUÉBEC,OTTAWA,2025-05-31,2,Drummondville,DRMV,2025-05-31T16:08:33Z,2025-05-31T16:08:00Z,ARR,goo,0.0
637,True,True,QUÉBEC,OTTAWA,2025-05-31,3,St. Lambert,SLAM,2025-05-31T17:15:43Z,2025-05-31T17:16:00Z,ARR,goo,0.0
637,True,True,QUÉBEC,OTTAWA,2025-05-31,4,Montréal,MTRL,2025-05-31T17:30:03Z,2025-05-31T17:31:00Z,ARR,goo,0.0
637,True,True,QUÉBEC,OTTAWA,2025-05-31,5,Dorval,DORV,2025-05-31T18:28:02Z,2025-05-31T18:20:00Z,ARR,med,8.0
637,True,True,QUÉBEC,OTTAWA,2025-05-31,6,Alexandria,ALEX,2025-05-31T19:25:17Z,2025-05-31T19:10:00Z,ARR,bad,15.0
637,True,True,QUÉBEC,OTTAWA,2025-05-31,7,Ottawa,OTTW,2025-05-31T20:05:33Z,2025-05-31T19:56:00Z,ARR,med,9.0
47,True,True,OTTAWA,TORONTO,2025-05-31,0,Ottawa,OTTW,2025-05-31T16:23:00Z,2025-05-31T16:23:00Z,ARR,goo,0.0
47,True,True,OTTAWA,TORONTO,2025-05-31,1,Fallowfield,FALL,2025-05-31T16:38:48Z,2025-05-31T16:40:00Z,ARR,goo,-1.0
47,True,True,OTTAWA,TORONTO,2025-05-31,2,Smiths Falls,SMTF,2025-05-31T17:20:39Z,2025-05-31T17:18:00Z,ARR,goo,2.0
47,True,True,OTTAWA,TORONTO,2025-05-31,3,Brockville,BRKV,2025-05-31T17:51:07Z,2025-05-31T17:54:00Z,ARR,goo,-2.0
47,True,True,OTTAWA,TORONTO,2025-05-31,4,Gananoque,GANA,2025-05-31T18:20:35Z,2025-05-31T18:22:00Z,ARR,goo,-1.0
47,True,True,OTTAWA,TORONTO,2025-05-31,5,Kingston,KGON,2025-05-31T19:07:17Z,2025-05-31T18:45:00Z,ARR,bad,22.0
47,True,True,OTTAWA,TORONTO,2025-05-31,6,Belleville,BLVL,2025-05-31T19:51:22Z,2025-05-31T19:26:00Z,ARR,bad,25.0
47,True,True,OTTAWA,TORONTO,2025-05-31,7,Oshawa,OSHA,2025-05-31T20:58:55Z,2025-05-31T20:33:00Z,ARR,bad,25.0
47,True,True,OTTAWA,TORONTO,2025-05-31,8,Guildwood,GUIL,2025-05-31T21:39:28Z,2025-05-31T20:58:00Z,ARR,bad,41.0
47,True,True,OTTAWA,TORONTO,2025-05-31,9,Toronto,TRTO,2025-05-31T22:36:31Z,2025-05-31T21:30:00Z,ARR,bad,66.0
63,True,True,MONTRÉAL,TORONTO,2025-05-31,0,Montréal,MTRL,2025-05-31T12:46:00Z,2025-05-31T12:46:00Z,ARR,goo,0.0
63,True,True,MONTRÉAL,TORONTO,2025-05-31,1,Dorval,DORV,2025-05-31T13:11:26Z,2025-05-31T13:11:00Z,ARR,goo,0.0
63,True,True,MONTRÉAL,TORONTO,2025-05-31,2,Cornwall,CWLL,2025-05-31T14:06:00Z,2025-05-31T14:04:00Z,ARR,goo,2.0
63,True,True,MONTRÉAL,TORONTO,2025-05-31,3,Brockville,BRKV,2025-05-31T14:59:02Z,2025-05-31T14:54:00Z,ARR,med,5.0
63,True,True,MONTRÉAL,TORONTO,2025-05-31,4,Kingston,KGON,2025-05-31T15:46:30Z,2025-05-31T15:39:00Z,ARR,med,7.0
63,True,True,MONTRÉAL,TORONTO,2025-05-31,5,Belleville,BLVL,2025-05-31T16:39:17Z,2025-05-31T16:20:00Z,ARR,bad,19.0
63,True,True,MONTRÉAL,TORONTO,2025-05-31,6,Cobourg,CBRG,2025-05-31T17:13:01Z,2025-05-31T16:58:00Z,ARR,bad,15.0
63,True,True,MONTRÉAL,TORONTO,2025-05-31,7,Oshawa,OSHA,2025-05-31T17:50:58Z,2025-05-31T17:34:00Z,ARR,bad,16.0
63,True,True,MONTRÉAL,TORONTO,2025-05-31,8,Guildwood,GUIL,2025-05-31T18:20:18Z,2025-05-31T17:58:00Z,ARR,bad,22.0
63,True,True,MONTRÉAL,TORONTO,2025-05-31,9,Toronto,TRTO,2025-05-31T18:43:32Z,2025-05-31T18:18:00Z,ARR,bad,25.0
624,True,True,OTTAWA,QUÉBEC,2025-05-31,0,Ottawa,OTTW,2025-05-31T11:45:03Z,2025-05-31T11:45:00Z,ARR,goo,0.0
624,True,True,OTTAWA,QUÉBEC,2025-05-31,1,Alexandria,ALEX,2025-05-31T12:26:59Z,2025-05-31T12:31:00Z,ARR,goo,-4.0
624,True,True,OTTAWA,QUÉBEC,2025-05-31,2,Dorval,DORV,2025-05-31T13:21:28Z,2025-05-31T13:16:00Z,ARR,med,5.0
624,True,True,OTTAWA,QUÉBEC,2025-05-31,3,Montréal,MTRL,2025-05-31T13:47:18Z,2025-05-31T13:39:00Z,ARR,med,8.0
624,True,True,OTTAWA,QUÉBEC,2025-05-31,4,St. Lambert,SLAM,2025-05-31T14:28:13Z,2025-05-31T14:28:00Z,ARR,goo,0.0
624,True,True,OTTAWA,QUÉBEC,2025-05-31,5,St. Hyacinthe,SHYA,2025-05-31T15:00:20Z,2025-05-31T15:06:00Z,ARR,goo,-5.0
624,True,True,OTTAWA,QUÉBEC,2025-05-31,6,Drummondville,DRMV,2025-05-31T15:34:15Z,2025-05-31T15:34:00Z,ARR,goo,0.0
624,True,True,OTTAWA,QUÉBEC,2025-05-31,7,Charny,CHNY,2025-05-31T17:02:52Z,2025-05-31T17:13:00Z,ARR,goo,-10.0
624,True,True,OTTAWA,QUÉBEC,2025-05-31,8,Ste-Foy,SFOY,2025-05-31T17:17:45Z,2025-05-31T17:20:00Z,ARR,goo,-2.0
624,True,True,OTTAWA,QUÉBEC,2025-05-31,9,Québec,QBEC,2025-05-31T17:44:58Z,2025-05-31T17:48:00Z,ARR,goo,-3.0
35,True,True,QUÉBEC,OTTAWA,2025-05-31,0,Québec,QBEC,2025-05-31T12:06:00Z,2025-05-31T12:06:00Z,ARR,goo,0.0
35,True,True,QUÉBEC,OTTAWA,2025-05-31,1,Ste-Foy,SFOY,2025-05-31T12:31:46Z,2025-05-31T12:31:00Z,ARR,goo,0.0
35,True,True,QUÉBEC,OTTAWA,2025-05-31,2,Charny,CHNY,2025-05-31T12:41:44Z,2025-05-31T12:40:00Z,ARR,goo,1.0
35,True,True,QUÉBEC,OTTAWA,2025-05-31,3,Drummondville,DRMV,2025-05-31T14:20:49Z,2025-05-31T14:14:00Z,ARR,med,6.0
35,True,True,QUÉBEC,OTTAWA,2025-05-31,4,St. Hyacinthe,SHYA,2025-05-31T14:57:00Z,2025-05-31T14:44:00Z,ARR,med,13.0
35,True,True,QUÉBEC,OTTAWA,2025-05-31,5,St. Lambert,SLAM,2025-05-31T15:36:45Z,2025-05-31T15:11:00Z,ARR,bad,25.0
35,True,True,QUÉBEC,OTTAWA,2025-05-31,6,Montréal,MTRL,2025-05-31T15:54:56Z,2025-05-31T15:26:00Z,ARR,bad,28.0
35,True,True,QUÉBEC,OTTAWA,2025-05-31,7,Dorval,DORV,2025-05-31T16:40:59Z,2025-05-31T16:18:00Z,ARR,bad,22.0
35,True,True,QUÉBEC,OTTAWA,2025-05-31,8,Coteau,COTO,2025-05-31T17:11:58Z,2025-05-31T16:46:00Z,ARR,bad,25.0
35,True,True,QUÉBEC,OTTAWA,2025-05-31,9,Alexandria,ALEX,2025-05-31T17:35:29Z,2025-05-31T17:08:00Z,ARR,bad,27.0
35,True,True,QUÉBEC,OTTAWA,2025-05-31,10,Casselman,CSLM,2025-05-31T17:58:51Z,2025-05-31T17:31:00Z,ARR,bad,27.0
35,True,True,QUÉBEC,OTTAWA,2025-05-31,11,Ottawa,OTTW,2025-05-31T18:25:14Z,2025-05-31T17:58:00Z,ARR,bad,27.0
40,True,True,TORONTO,OTTAWA,2025-05-31,0,Toronto,TRTO,2025-05-31T14:37:05Z,2025-05-31T14:37:00Z,ARR,goo,0.0
40,True,True,TORONTO,OTTAWA,2025-05-31,1,Belleville,BLVL,2025-05-31T16:25:30Z,2025-05-31T16:09:00Z,ARR,bad,16.0
40,True,True,TORONTO,OTTAWA,2025-05-31,2,Kingston,KGON,2025-05-31T17:05:12Z,2025-05-31T16:48:00Z,ARR,bad,17.0
40,True,True,TORONTO,OTTAWA,2025-05-31,3,Fallowfield,FALL,2025-05-31T19:07:17Z,2025-05-31T18:38:00Z,ARR,bad,29.0
40,True,True,TORONTO,OTTAWA,2025-05-31,4,Ottawa,OTTW,2025-05-31T19:27:06Z,2025-05-31T19:02:00Z,ARR,bad,25.0
76,True,True,WINDSOR,TORONTO,2025-05-31,0,Windsor,WDON,2025-05-31T17:46:00Z,2025-05-31T17:46:00Z,ARR,goo,0.0
76,True,True,WINDSOR,TORONTO,2025-05-31,1,Chatham,CHAT,2025-05-31T18:32:49Z,2025-05-31T18:28:00Z,ARR,goo,4.0
76,True,True,WINDSOR,TORONTO,2025-05-31,2,Glencoe,GLNC,2025-05-31T19:14:02Z,2025-05-31T19:03:00Z,ARR,med,11.0
76,True,True,WINDSOR,TORONTO,2025-05-31,3,London,LNDN,2025-05-31T20:12:45Z,2025-05-31T19:38:00Z,ARR,bad,34.0
76,True,True,WINDSOR,TORONTO,2025-05-31,4,Brantford,BRTF,2025-05-31T21:14:34Z,2025-05-31T20:39:00Z,ARR,bad,35.0
76,True,True,WINDSOR,TORONTO,2025-05-31,5,Aldershot,ALDR,2025-05-31T21:44:48Z,2025-05-31T21:10:00Z,ARR,bad,34.0
76,True,True,WINDSOR,TORONTO,2025-05-31,6,Oakville,OAKV,2025-05-31T22:01:51Z,2025-05-31T21:27:00Z,ARR,bad,34.0
76,True,True,WINDSOR,TORONTO,2025-05-31,7,Toronto,TRTO,2025-05-31T22:33:50Z,2025-05-31T21:53:00Z,ARR,bad,40.0
26,True,True,OTTAWA,QUÉBEC,2025-05-31,0,Ottawa,OTTW,2025-05-31T18:23:26Z,2025-05-31T18:17:00Z,ARR,med,6.0
26,True,True,OTTAWA,QUÉBEC,2025-05-31,1,Alexandria,ALEX,2025-05-31T19:08:01Z,2025-05-31T19:03:00Z,ARR,med,5.0
26,True,True,OTTAWA,QUÉBEC,2025-05-31,2,Coteau,COTO,2025-05-31T19:31:26Z,2025-05-31T19:26:00Z,ARR,med,5.0
26,True,True,OTTAWA,QUÉBEC,2025-05-31,3,Dorval,DORV,2025-05-31T20:00:46Z,2025-05-31T19:49:00Z,ARR,med,11.0
26,True,True,OTTAWA,QUÉBEC,2025-05-31,4,Montréal,MTRL,2025-05-31T20:26:54Z,2025-05-31T20:15:00Z,ARR,med,11.0
26,True,True,OTTAWA,QUÉBEC,2025-05-31,5,St. Lambert,SLAM,2025-05-31T21:07:02Z,2025-05-31T20:53:00Z,ARR,med,14.0
26,True,True,OTTAWA,QUÉBEC,2025-05-31,6,St. Hyacinthe,SHYA,2025-05-31T21:41:09Z,2025-05-31T21:20:00Z,ARR,bad,21.0
26,True,True,OTTAWA,QUÉBEC,2025-05-31,7,Drummondville,DRMV,2025-05-31T22:34:10Z,2025-05-31T22:05:00Z,ARR,bad,29.0
26,True,True,OTTAWA,QUÉBEC,2025-05-31,8,Charny,CHNY,2025-06-01T00:06:12Z,2025-05-31T23:44:00Z,ARR,bad,22.0
26,True,True,OTTAWA,QUÉBEC,2025-05-31,9,Ste-Foy,SFOY,2025-06-01T00:14:07Z,2025-05-31T23:52:00Z,ARR,bad,22.0
26,True,True,OTTAWA,QUÉBEC,2025-05-31,10,Québec,QBEC,2025-06-01T00:43:44Z,2025-06-01T00:19:00Z,ARR,bad,24.0
39,True,True,QUÉBEC,OTTAWA,2025-05-31,0,Québec,QBEC,2025-05-31T18:57:00Z,2025-05-31T18:57:00Z,ARR,goo,0.0
39,True,True,QUÉBEC,OTTAWA,2025-05-31,1,Ste-Foy,SFOY,2025-05-31T19:24:07Z,2025-05-31T19:22:00Z,ARR,goo,2.0
39,True,True,QUÉBEC,OTTAWA,2025-05-31,2,Drummondville,DRMV,2025-05-31T21:01:25Z,2025-05-31T20:58:00Z,ARR,goo,3.0
39,True,True,QUÉBEC,OTTAWA,2025-05-31,3,St. Lambert,SLAM,2025-05-31T22:10:34Z,2025-05-31T21:57:00Z,ARR,med,13.0
39,True,True,QUÉBEC,OTTAWA,2025-05-31,4,Montréal,MTRL,2025-05-31T22:27:56Z,2025-05-31T22:11:00Z,ARR,bad,16.0
39,True,True,QUÉBEC,OTTAWA,2025-05-31,5,Dorval,DORV,2025-05-31T23:14:59Z,2025-05-31T23:14:00Z,ARR,goo,0.0
39,True,True,QUÉBEC,OTTAWA,2025-05-31,6,Coteau,COTO,2025-05-31T23:46:36Z,2025-05-31T23:43:00Z,ARR,goo,3.0
39,True,True,QUÉBEC,OTTAWA,2025-05-31,7,Alexandria,ALEX,2025-06-01T00:07:37Z,2025-06-01T00:06:00Z,ARR,goo,1.0
39,True,True,QUÉBEC,OTTAWA,2025-05-31,8,Ottawa,OTTW,2025-06-01T00:52:14Z,2025-06-01T00:51:00Z,ARR,goo,1.0
66,True,True,TORONTO,MONTRÉAL,2025-05-31,0,Toronto,TRTO,2025-05-31T19:23:26Z,2025-05-31T19:22:00Z,ARR,goo,1.0
66,True,True,TORONTO,MONTRÉAL,2025-05-31,1,Guildwood,GUIL,2025-05-31T19:56:00Z,2025-05-31T19:40:00Z,ARR,bad,16.0
66,True,True,TORONTO,MONTRÉAL,2025-05-31,2,Oshawa,OSHA,2025-05-31T20:16:31Z,2025-05-31T19:54:00Z,ARR,bad,22.0
66,True,True,TORONTO,MONTRÉAL,2025-05-31,3,Belleville,BLVL,2025-05-31T21:21:58Z,2025-05-31T21:00:00Z,ARR,bad,21.0
66,True,True,TORONTO,MONTRÉAL,2025-05-31,4,Kingston,KGON,2025-05-31T22:00:52Z,2025-05-31T21:40:00Z,ARR,bad,20.0
66,True,True,TORONTO,MONTRÉAL,2025-05-31,5,Cornwall,CWLL,2025-05-31T23:25:18Z,2025-05-31T23:07:00Z,ARR,bad,18.0
66,True,True,TORONTO,MONTRÉAL,2025-05-31,6,Dorval,DORV,2025-06-01T00:12:50Z,2025-05-31T23:58:00Z,ARR,med,14.0
66,True,True,TORONTO,MONTRÉAL,2025-05-31,7,Montréal,MTRL,2025-06-01T00:39:20Z,2025-06-01T00:25:00Z,ARR,med,14.0
46,True,True,TORONTO,OTTAWA,2025-05-31,0,Toronto,TRTO,2025-05-31T19:37:00Z,2025-05-31T19:37:00Z,ARR,goo,0.0
46,True,True,TORONTO,OTTAWA,2025-05-31,1,Oshawa,OSHA,2025-05-31T20:23:39Z,2025-05-31T20:09:00Z,ARR,med,14.0
46,True,True,TORONTO,OTTAWA,2025-05-31,2,Cobourg,CBRG,2025-05-31T21:06:06Z,2025-05-31T20:43:00Z,ARR,bad,23.0
46,True,True,TORONTO,OTTAWA,2025-05-31,3,Kingston,KGON,2025-05-31T22:33:01Z,2025-05-31T21:54:00Z,ARR,bad,39.0
46,True,True,TORONTO,OTTAWA,2025-05-31,4,Brockville,BRKV,2025-05-31T23:26:21Z,2025-05-31T22:40:00Z,ARR,bad,46.0
46,True,True,TORONTO,OTTAWA,2025-05-31,5,Fallowfield,FALL,2025-06-01T00:20:09Z,2025-05-31T23:40:00Z,ARR,bad,40.0
46,True,True,TORONTO,OTTAWA,2025-05-31,6,Ottawa,OTTW,2025-06-01T00:39:26Z,2025-06-01T00:00:00Z,ARR,bad,39.0
28,True,True,OTTAWA,QUÉBEC,2025-05-31,0,Ottawa,OTTW,2025-05-31T20:05:20Z,2025-05-31T20:05:00Z,ARR,goo,0.0
28,True,True,OTTAWA,QUÉBEC,2025-05-31,1,Casselman,CSLM,2025-05-31T20:31:32Z,2025-05-31T20:31:00Z,ARR,goo,0.0
28,True,True,OTTAWA,QUÉBEC,2025-05-31,2,Alexandria,ALEX,2025-05-31T20:54:07Z,2025-05-31T20:53:00Z,ARR,goo,1.0
28,True,True,OTTAWA,QUÉBEC,2025-05-31,3,Coteau,COTO,2025-05-31T21:27:13Z,2025-05-31T21:15:00Z,ARR,med,12.0
28,True,True,OTTAWA,QUÉBEC,2025-05-31,4,Dorval,DORV,2025-05-31T22:01:51Z,2025-05-31T21:38:00Z,ARR,bad,23.0
28,True,True,OTTAWA,QUÉBEC,2025-05-31,5,Montréal,MTRL,2025-05-31T22:34:49Z,2025-05-31T22:04:00Z,ARR,bad,30.0
28,True,True,OTTAWA,QUÉBEC,2025-05-31,6,St. Lambert,SLAM,2025-05-31T23:23:27Z,2025-05-31T22:38:00Z,ARR,bad,45.0
28,True,True,OTTAWA,QUÉBEC,2025-05-31,7,St. Hyacinthe,SHYA,2025-05-31T23:55:45Z,2025-05-31T23:06:00Z,ARR,bad,49.0
28,True,True,OTTAWA,QUÉBEC,2025-05-31,8,Drummondville,DRMV,2025-06-01T00:37:31Z,2025-05-31T23:52:00Z,ARR,bad,45.0
28,True,True,OTTAWA,QUÉBEC,2025-05-31,9,Charny,CHNY,2025-06-01T02:07:19Z,2025-06-01T01:14:00Z,ARR,bad,53.0
28,True,True,OTTAWA,QUÉBEC,2025-05-31,10,Ste-Foy,SFOY,2025-06-01T02:14:51Z,2025-06-01T01:21:00Z,ARR,bad,53.0
28,True,True,OTTAWA,QUÉBEC,2025-05-31,11,Québec,QBEC,2025-06-01T02:43:41Z,2025-06-01T01:48:00Z,ARR,bad,55.0
69,True,True,MONTRÉAL,TORONTO,2025-05-31,0,Montréal,MTRL,2025-05-31T20:38:00Z,2025-05-31T20:38:00Z,ARR,goo,0.0
69,True,True,MONTRÉAL,TORONTO,2025-05-31,1,Dorval,DORV,2025-05-31T21:01:04Z,2025-05-31T21:04:00Z,ARR,goo,-2.0
69,True,True,MONTRÉAL,TORONTO,2025-05-31,2,Cornwall,CWLL,2025-05-31T22:06:46Z,2025-05-31T21:53:00Z,ARR,med,13.0
69,True,True,MONTRÉAL,TORONTO,2025-05-31,3,Brockville,BRKV,2025-05-31T22:55:17Z,2025-05-31T22:40:00Z,ARR,bad,15.0
69,True,True,MONTRÉAL,TORONTO,2025-05-31,4,Kingston,KGON,2025-05-31T23:45:59Z,2025-05-31T23:24:00Z,ARR,bad,21.0
69,True,True,MONTRÉAL,TORONTO,2025-05-31,5,Oshawa,OSHA,2025-06-01T01:47:11Z,2025-06-01T01:05:00Z,ARR,bad,42.0
69,True,True,MONTRÉAL,TORONTO,2025-05-31,6,Guildwood,GUIL,2025-06-01T02:35:51Z,2025-06-01T01:28:00Z,ARR,bad,67.0
69,True,True,MONTRÉAL,TORONTO,2025-05-31,7,Toronto,TRTO,2025-06-01T02:59:33Z,2025-06-01T01:48:00Z,ARR,bad,71.0
68,True,True,TORONTO,MONTRÉAL,2025-05-31,0,Toronto,TRTO,2025-05-31T21:07:00Z,2025-05-31T21:07:00Z,ARR,goo,0.0
68,True,True,TORONTO,MONTRÉAL,2025-05-31,1,Oshawa,OSHA,2025-05-31T22:43:17Z,2025-05-31T21:39:00Z,ARR,bad,64.0
68,True,True,TORONTO,MONTRÉAL,2025-05-31,2,Cobourg,CBRG,2025-05-31T23:17:14Z,2025-05-31T22:14:00Z,ARR,bad,63.0
68,True,True,TORONTO,MONTRÉAL,2025-05-31,3,Belleville,BLVL,2025-05-31T23:54:16Z,2025-05-31T22:49:00Z,ARR,bad,65.0
68,True,True,TORONTO,MONTRÉAL,2025-05-31,4,Kingston,KGON,2025-06-01T00:32:14Z,2025-05-31T23:26:00Z,ARR,bad,66.0
68,True,True,TORONTO,MONTRÉAL,2025-05-31,5,Brockville,BRKV,2025-06-01T01:18:41Z,2025-06-01T00:11:00Z,ARR,bad,67.0
68,True,True,TORONTO,MONTRÉAL,2025-05-31,6,Cornwall,CWLL,2025-06-01T02:03:36Z,2025-06-01T00:57:00Z,ARR,bad,66.0
68,True,True,TORONTO,MONTRÉAL,2025-05-31,7,Dorval,DORV,2025-06-01T02:49:07Z,2025-06-01T01:47:00Z,ARR,bad,62.0
68,True,True,TORONTO,MONTRÉAL,2025-05-31,8,Montréal,MTRL,2025-06-01T03:26:26Z,2025-06-01T02:14:00Z,ARR,bad,72.0
54,True,False,TORONTO,OTTAWA,2025-05-31,0,Toronto,TRTO,2025-05-31T21:39:00Z,2025-05-31T21:37:00Z,ARR,goo,2.0
54,True,False,TORONTO,OTTAWA,2025-05-31,1,Guildwood,GUIL,2025-05-31T23:13:46Z,2025-05-31T21:55:00Z,ARR,bad,78.0
54,True,False,TORONTO,OTTAWA,2025-05-31,2,Oshawa,OSHA,2025-05-31T23:53:17Z,2025-05-31T22:08:00Z,ARR,bad,105.0
54,True,False,TORONTO,OTTAWA,2025-05-31,3,Port Hope,PHOP,2025-06-01T00:33:20Z,2025-05-31T22:37:00Z,ARR,bad,116.0
54,True,False,TORONTO,OTTAWA,2025-05-31,4,Cobourg,CBRG,2025-06-01T00:44:38Z,2025-05-31T22:46:00Z,ARR,bad,118.0
54,True,False,TORONTO,OTTAWA,2025-05-31,5,Trenton Jct.,TRNJ,2025-06-01T01:19:37Z,2025-05-31T23:13:01Z,ARR,bad,126.0
54,True,False,TORONTO,OTTAWA,2025-05-31,6,Belleville,BLVL,2025-06-01T01:36:16Z,2025-05-31T23:27:00Z,ARR,bad,129.0
54,True,False,TORONTO,OTTAWA,2025-05-31,7,Napanee,NAPN,2025-06-01T02:04:41Z,2025-05-31T23:48:00Z,ARR,bad,136.0
54,True,False,TORONTO,OTTAWA,2025-05-31,8,Kingston,KGON,2025-06-01T02:29:37Z,2025-06-01T00:09:00Z,ARR,bad,140.0
54,True,False,TORONTO,OTTAWA,2025-05-31,9,Brockville,BRKV,2025-06-01T03:28:20Z,2025-06-01T00:54:00Z,ARR,bad,154.0
54,True,False,TORONTO,OTTAWA,2025-05-31,10,Smiths Falls,SMTF,2025-06-01T04:00:10Z,2025-06-01T01:25:00Z,21 mins,bad,155.0
54,True,False,TORONTO,OTTAWA,2025-05-31,11,Fallowfield,FALL,2025-06-01T04:27:10Z,2025-06-01T01:52:00Z,48 mins,bad,155.0
54,True,False,TORONTO,OTTAWA,2025-05-31,12,Ottawa,OTTW,2025-06-01T04:48:10Z,2025-06-01T02:13:00Z,1h09,bad,155.0
75,True,True,TORONTO,WINDSOR,2025-05-31,0,Toronto,TRTO,2025-05-31T21:23:15Z,2025-05-31T21:22:00Z,ARR,goo,1.0
75,True,True,TORONTO,WINDSOR,2025-05-31,1,Oakville,OAKV,2025-05-31T21:52:01Z,2025-05-31T21:45:00Z,ARR,med,7.0
75,True,True,TORONTO,WINDSOR,2025-05-31,2,Aldershot,ALDR,2025-05-31T22:10:35Z,2025-05-31T22:01:00Z,ARR,med,9.0
75,True,True,TORONTO,WINDSOR,2025-05-31,3,Brantford,BRTF,2025-05-31T22:39:21Z,2025-05-31T22:33:00Z,ARR,med,6.0
75,True,True,TORONTO,WINDSOR,2025-05-31,4,Woodstock,WDST,2025-05-31T23:07:58Z,2025-05-31T23:04:00Z,ARR,goo,3.0
75,True,True,TORONTO,WINDSOR,2025-05-31,5,Ingersoll,INGR,2025-05-31T23:20:43Z,2025-05-31T23:19:00Z,ARR,goo,1.0
75,True,True,TORONTO,WINDSOR,2025-05-31,6,London,LNDN,2025-05-31T23:43:04Z,2025-05-31T23:47:00Z,ARR,goo,-3.0
75,True,True,TORONTO,WINDSOR,2025-05-31,7,Glencoe,GLNC,2025-06-01T00:21:58Z,2025-06-01T00:21:00Z,ARR,goo,0.0
75,True,True,TORONTO,WINDSOR,2025-05-31,8,Chatham,CHAT,2025-06-01T01:00:55Z,2025-06-01T00:55:00Z,ARR,med,5.0
75,True,True,TORONTO,WINDSOR,2025-05-31,9,Windsor,WDON,2025-06-01T01:47:35Z,2025-06-01T01:50:00Z,ARR,goo,-2.0
98,True,False,NIAGARA FALLS,TORONTO,2025-05-31,0,Niagara Falls,NIAG,2025-05-31T21:45:00Z,2025-05-31T21:45:00Z,ARR,goo,0.0
98,True,False,NIAGARA FALLS,TORONTO,2025-05-31,1,St. Catharines,SCAT,2025-05-31T22:06:00Z,2025-05-31T22:06:00Z,ARR,goo,0.0
98,True,False,NIAGARA FALLS,TORONTO,2025-05-31,2,Grimsby,GRIM,2025-05-31T22:32:00Z,2025-05-31T22:26:00Z,ARR,med,6.0
98,True,False,NIAGARA FALLS,TORONTO,2025-05-31,3,Aldershot,ALDR,2025-05-31T23:08:00Z,2025-05-31T23:02:00Z,ARR,med,6.0
98,True,False,NIAGARA FALLS,TORONTO,2025-05-31,4,Oakville,OAKV,2025-05-31T23:22:00Z,2025-05-31T23:16:00Z,ARR,med,6.0
98,True,False,NIAGARA FALLS,TORONTO,2025-05-31,5,Toronto,TRTO,&mdash;,2025-05-31T23:43:00Z,&mdash;,,
87,True,True,TORONTO,SARNIA,2025-05-31,0,Toronto,TRTO,2025-05-31T21:40:00Z,2025-05-31T21:40:00Z,ARR,goo,0.0
87,True,True,TORONTO,SARNIA,2025-05-31,1,Malton,MALT,2025-05-31T22:01:59Z,2025-05-31T22:00:00Z,ARR,goo,1.0
87,True,True,TORONTO,SARNIA,2025-05-31,2,Brampton,BRMP,2025-05-31T22:12:02Z,2025-05-31T22:12:00Z,ARR,goo,0.0
87,True,True,TORONTO,SARNIA,2025-05-31,3,Georgetown,GEOR,2025-05-31T22:26:18Z,2025-05-31T22:24:00Z,ARR,goo,2.0
87,True,True,TORONTO,SARNIA,2025-05-31,4,Guelph,GUEL,2025-05-31T22:47:16Z,2025-05-31T22:49:00Z,ARR,goo,-1.0
87,True,True,TORONTO,SARNIA,2025-05-31,5,Kitchener,KITC,2025-05-31T23:08:56Z,2025-05-31T23:16:00Z,ARR,goo,-7.0
87,True,True,TORONTO,SARNIA,2025-05-31,6,Stratford,STRF,2025-05-31T23:58:59Z,2025-05-31T23:57:00Z,ARR,goo,1.0
87,True,True,TORONTO,SARNIA,2025-05-31,7,St.Marys,SMYS,2025-06-01T00:30:14Z,2025-06-01T00:25:00Z,ARR,med,5.0
87,True,True,TORONTO,SARNIA,2025-05-31,8,London,LNDN,2025-06-01T01:37:35Z,2025-06-01T01:13:00Z,ARR,bad,24.0
87,True,True,TORONTO,SARNIA,2025-05-31,9,Strathroy,STRR,2025-06-01T02:08:17Z,2025-06-01T01:39:00Z,ARR,bad,29.0
87,True,True,TORONTO,SARNIA,2025-05-31,10,Wyoming,WYOM,2025-06-01T02:36:06Z,2025-06-01T02:07:00Z,ARR,bad,29.0
87,True,True,TORONTO,SARNIA,2025-05-31,11,Sarnia,SARN,2025-06-01T02:50:31Z,2025-06-01T02:24:00Z,ARR,bad,26.0
29,True,True,QUÉBEC,MONTRÉAL,2025-05-31,0,Québec,QBEC,2025-05-31T21:41:00Z,2025-05-31T21:41:00Z,ARR,goo,0.0
29,True,True,QUÉBEC,MONTRÉAL,2025-05-31,1,Ste-Foy,SFOY,2025-05-31T22:05:47Z,2025-05-31T22:06:00Z,ARR,goo,0.0
29,True,True,QUÉBEC,MONTRÉAL,2025-05-31,2,Drummondville,DRMV,2025-06-01T00:00:44Z,2025-05-31T23:42:00Z,ARR,bad,18.0
29,True,True,QUÉBEC,MONTRÉAL,2025-05-31,3,St. Hyacinthe,SHYA,2025-06-01T00:44:12Z,2025-06-01T00:18:00Z,ARR,bad,26.0
29,True,True,QUÉBEC,MONTRÉAL,2025-05-31,4,St. Lambert,SLAM,2025-06-01T01:12:17Z,2025-06-01T00:45:00Z,ARR,bad,27.0
29,True,True,QUÉBEC,MONTRÉAL,2025-05-31,5,Montréal,MTRL,2025-06-01T01:29:39Z,2025-06-01T01:00:00Z,ARR,bad,29.0
59,True,False,OTTAWA,TORONTO,2025-05-31,0,Ottawa,OTTW,2025-05-31T22:03:00Z,2025-05-31T22:03:00Z,ARR,goo,0.0
59,True,False,OTTAWA,TORONTO,2025-05-31,1,Fallowfield,FALL,2025-05-31T22:29:52Z,2025-05-31T22:20:00Z,ARR,med,9.0
59,True,False,OTTAWA,TORONTO,2025-05-31,2,Smiths Falls,SMTF,2025-05-31T22:58:51Z,2025-05-31T22:51:00Z,ARR,med,7.0
59,True,False,OTTAWA,TORONTO,2025-05-31,3,Brockville,BRKV,2025-05-31T23:37:58Z,2025-05-31T23:25:00Z,ARR,med,12.0
59,True,False,OTTAWA,TORONTO,2025-05-31,4,Kingston,KGON,2025-06-01T00:24:17Z,2025-06-01T00:10:00Z,ARR,med,14.0
59,True,False,OTTAWA,TORONTO,2025-05-31,5,Belleville,BLVL,2025-06-01T01:12:58Z,2025-06-01T00:51:00Z,ARR,bad,21.0
59,True,False,OTTAWA,TORONTO,2025-05-31,6,Trenton Jct.,TRNJ,2025-06-01T01:31:12Z,2025-06-01T01:05:00Z,ARR,bad,26.0
59,True,False,OTTAWA,TORONTO,2025-05-31,7,Cobourg,CBRG,2025-06-01T02:10:47Z,2025-06-01T01:31:00Z,ARR,bad,39.0
59,True,False,OTTAWA,TORONTO,2025-05-31,8,Oshawa,OSHA,2025-06-01T02:58:56Z,2025-06-01T02:05:00Z,ARR,bad,53.0
59,True,False,OTTAWA,TORONTO,2025-05-31,9,Guildwood,GUIL,2025-06-01T03:27:49Z,2025-06-01T02:28:00Z,ARR,bad,59.0
59,True,False,OTTAWA,TORONTO,2025-05-31,10,Toronto,TRTO,2025-06-01T03:46:33Z,2025-06-01T02:48:00Z,8 mins,bad,58.0
78,True,True,WINDSOR,TORONTO,2025-05-31,0,Windsor,WDON,2025-05-31T21:40:00Z,2025-05-31T21:40:00Z,ARR,goo,0.0
78,True,True,WINDSOR,TORONTO,2025-05-31,1,Chatham,CHAT,2025-05-31T22:28:28Z,2025-05-31T22:24:00Z,ARR,goo,4.0
78,True,True,WINDSOR,TORONTO,2025-05-31,2,Glencoe,GLNC,2025-05-31T23:11:12Z,2025-05-31T22:59:00Z,ARR,med,12.0
78,True,True,WINDSOR,TORONTO,2025-05-31,3,London,LNDN,2025-05-31T23:43:19Z,2025-05-31T23:32:00Z,ARR,med,11.0
78,True,True,WINDSOR,TORONTO,2025-05-31,4,Ingersoll,INGR,2025-06-01T00:09:09Z,2025-05-31T23:57:00Z,ARR,med,12.0
78,True,True,WINDSOR,TORONTO,2025-05-31,5,Woodstock,WDST,2025-06-01T00:17:04Z,2025-06-01T00:08:00Z,ARR,med,9.0
78,True,True,WINDSOR,TORONTO,2025-05-31,6,Brantford,BRTF,2025-06-01T00:44:33Z,2025-06-01T00:39:00Z,ARR,med,5.0
78,True,True,WINDSOR,TORONTO,2025-05-31,7,Aldershot,ALDR,2025-06-01T01:13:39Z,2025-06-01T01:09:00Z,ARR,goo,4.0
78,True,True,WINDSOR,TORONTO,2025-05-31,8,Oakville,OAKV,2025-06-01T01:33:16Z,2025-06-01T01:24:00Z,ARR,med,9.0
78,True,True,WINDSOR,TORONTO,2025-05-31,9,Toronto,TRTO,2025-06-01T02:01:37Z,2025-06-01T01:50:00Z,ARR,med,11.0
38,True,True,OTTAWA,MONTRÉAL,2025-05-31,0,Ottawa,OTTW,2025-05-31T21:55:00Z,2025-05-31T21:55:00Z,ARR,goo,0.0
38,True,True,OTTAWA,MONTRÉAL,2025-05-31,1,Casselman,CSLM,2025-05-31T22:32:43Z,2025-05-31T22:26:00Z,ARR,med,6.0
38,True,True,OTTAWA,MONTRÉAL,2025-05-31,2,Alexandria,ALEX,2025-05-31T22:54:31Z,2025-05-31T22:49:00Z,ARR,med,5.0
38,True,True,OTTAWA,MONTRÉAL,2025-05-31,3,Dorval,DORV,2025-05-31T23:47:22Z,2025-05-31T23:33:00Z,ARR,med,14.0
38,True,True,OTTAWA,MONTRÉAL,2025-05-31,4,Montréal,MTRL,2025-06-01T00:13:20Z,2025-05-31T23:57:00Z,ARR,bad,16.0
79,True,False,TORONTO,WINDSOR,2025-05-31,0,Toronto,TRTO,2025-06-01T00:24:23Z,2025-05-31T23:45:00Z,ARR,bad,39.0
79,True,False,TORONTO,WINDSOR,2025-05-31,1,Oakville,OAKV,2025-06-01T00:53:27Z,2025-06-01T00:07:00Z,ARR,bad,46.0
79,True,False,TORONTO,WINDSOR,2025-05-31,2,Aldershot,ALDR,2025-06-01T01:16:18Z,2025-06-01T00:22:00Z,ARR,bad,54.0
79,True,False,TORONTO,WINDSOR,2025-05-31,3,Brantford,BRTF,2025-06-01T01:53:43Z,2025-06-01T00:50:00Z,ARR,bad,63.0
79,True,False,TORONTO,WINDSOR,2025-05-31,4,Woodstock,WDST,2025-06-01T02:21:40Z,2025-06-01T01:17:00Z,ARR,bad,64.0
79,True,False,TORONTO,WINDSOR,2025-05-31,5,Ingersoll,INGR,2025-06-01T02:39:09Z,2025-06-01T01:30:00Z,ARR,bad,69.0
79,True,False,TORONTO,WINDSOR,2025-05-31,6,London,LNDN,2025-06-01T03:02:37Z,2025-06-01T01:52:00Z,ARR,bad,70.0
79,True,False,TORONTO,WINDSOR,2025-05-31,7,Glencoe,GLNC,2025-06-01T03:36:54Z,2025-06-01T02:25:00Z,ARR,bad,71.0
79,True,False,TORONTO,WINDSOR,2025-05-31,8,Chatham,CHAT,2025-06-01T04:08:58Z,2025-06-01T02:57:00Z,30 mins,bad,71.0
79,True,False,TORONTO,WINDSOR,2025-05-31,9,Windsor,WDON,2025-06-01T04:55:58Z,2025-06-01T03:44:00Z,1h17,bad,71.0
