train_id,departed,arrived,from,to,instance,stop_id,station,code,estimated,scheduled,eta,diff,diffMin
1 (10-01),True,False,TORONTO,VANCOUVER,2025-10-01,0,Toronto,TRTO,2025-10-01T13:55:00Z,2025-10-01T13:55:00Z,ARR,goo,0.0
1 (10-01),True,False,TORONTO,VANCOUVER,2025-10-01,1,Washago,WSHG,2025-10-01T16:39:43Z,2025-10-01T16:25:00Z,ARR,med,14.0
1 (10-01),True,False,TORONTO,VANCOUVER,2025-10-01,2,South Parry,SPAR,2025-10-01T18:43:13Z,2025-10-01T18:27:00Z,ARR,bad,16.0
1 (10-01),True,False,TORONTO,VANCOUVER,2025-10-01,3,Sudbury (Jct.),SUDJ,2025-10-01T21:06:20Z,2025-10-01T20:57:00Z,ARR,med,9.0
1 (10-01),True,False,TORONTO,VANCOUVER,2025-10-01,4,Capreol,CAPR,2025-10-01T21:39:27Z,2025-10-01T21:22:00Z,ARR,bad,17.0
1 (10-01),True,False,TORONTO,VANCOUVER,2025-10-01,5,Laforest,LAFO,2025-10-01T23:01:43Z,2025-10-01T22:48:00Z,ARR,med,13.0
1 (10-01),True,False,TORONTO,VANCOUVER,2025-10-01,6,McKee's Camp,MCKC,2025-10-01T23:14:43Z,2025-10-01T23:01:00Z,ARR,med,13.0
1 (10-01),True,False,TORONTO,VANCOUVER,2025-10-01,7,Felix,FELX,2025-10-01T23:34:43Z,2025-10-01T23:21:00Z,ARR,med,13.0
1 (10-01),True,False,TORONTO,VANCOUVER,2025-10-01,8,Ruel,RUEL,2025-10-01T23:41:43Z,2025-10-01T23:28:00Z,ARR,med,13.0
1 (10-01),True,False,TORONTO,VANCOUVER,2025-10-01,9,Westree,WSTR,2025-10-02T00:22:14Z,2025-10-01T23:45:00Z,ARR,bad,37.0
1 (10-01),True,False,TORONTO,VANCOUVER,2025-10-01,10,Gogama,GOGA,2025-10-02T01:11:16Z,2025-10-02T00:18:00Z,ARR,bad,53.0
1 (10-01),True,False,TORONTO,VANCOUVER,2025-10-01,11,Foleyet,FOLE,2025-10-02T02:38:12Z,2025-10-02T02:44:00Z,ARR,goo,-5.0
1 (10-01),True,False,TORONTO,VANCOUVER,2025-10-01,12,Elsas,ELSA,2025-10-02T03:52:24Z,2025-10-02T03:38:00Z,ARR,med,14.0
1 (10-01),True,False,TORONTO,VANCOUVER,2025-10-01,13,Oba,OBAX,2025-10-02T05:52:24Z,2025-10-02T05:38:00Z,ARR,med,14.0
1 (10-01),True,False,TORONTO,VANCOUVER,2025-10-01,14,Hornepayne,HNPN,2025-10-02T06:19:30Z,2025-10-02T06:29:00Z,ARR,goo,-9.0
1 (10-01),True,False,TORONTO,VANCOUVER,2025-10-01,15,Hillsport,HLSP,2025-10-02T08:00:08Z,2025-10-02T08:05:00Z,ARR,goo,-4.0
1 (10-01),True,False,TORONTO,VANCOUVER,2025-10-01,16,Caramat,CARA,2025-10-02T09:10:43Z,2025-10-02T08:55:00Z,ARR,bad,15.0
1 (10-01),True,False,TORONTO,VANCOUVER,2025-10-01,17,Longlac,LLAC,2025-10-02T09:36:12Z,2025-10-02T09:34:00Z,ARR,goo,2.0
1 (10-01),True,False,TORONTO,VANCOUVER,2025-10-01,18,Nakina,NAKI,2025-10-02T10:33:03Z,2025-10-02T10:13:00Z,ARR,bad,20.0
1 (10-01),True,False,TORONTO,VANCOUVER,2025-10-01,19,Auden,AUDN,2025-10-02T11:40:46Z,2025-10-02T11:19:00Z,ARR,bad,21.0
1 (10-01),True,False,TORONTO,VANCOUVER,2025-10-01,20,Ferland,FERL,2025-10-02T12:17:46Z,2025-10-02T11:56:00Z,ARR,bad,21.0
1 (10-01),True,False,TORONTO,VANCOUVER,2025-10-01,21,Mud River,MUDR,2025-10-02T12:26:46Z,2025-10-02T12:05:00Z,ARR,bad,21.0
1 (10-01),True,False,TORONTO,VANCOUVER,2025-10-01,22,Armstrong,ARMG,2025-10-02T12:54:19Z,2025-10-02T13:17:00Z,ARR,goo,-22.0
1 (10-01),True,False,TORONTO,VANCOUVER,2025-10-01,23,Collins,COLL,2025-10-02T13:47:45Z,2025-10-02T13:47:00Z,ARR,goo,0.0
1 (10-01),True,False,TORONTO,VANCOUVER,2025-10-01,24,Allanwater Bridge,ALWB,2025-10-02T14:26:45Z,2025-10-02T14:26:00Z,ARR,goo,0.0
1 (10-01),True,False,TORONTO,VANCOUVER,2025-10-01,25,Flindt Landing,FLTL,2025-10-02T14:42:45Z,2025-10-02T14:42:00Z,ARR,goo,0.0
1 (10-01),True,False,TORONTO,VANCOUVER,2025-10-01,26,Savant Lake,SAVL,2025-10-02T14:59:45Z,2025-10-02T14:59:00Z,ARR,goo,0.0
1 (10-01),True,False,TORONTO,VANCOUVER,2025-10-01,27,Sioux Lookout,SLKT,2025-10-02T17:07:36Z,2025-10-02T16:25:00Z,ARR,bad,42.0
1 (10-01),True,False,TORONTO,VANCOUVER,2025-10-01,28,Richan,RCHN,2025-10-02T18:40:07Z,2025-10-02T18:05:00Z,ARR,bad,35.0
1 (10-01),True,False,TORONTO,VANCOUVER,2025-10-01,29,Red Lake Road,RLRX,2025-10-02T19:34:55Z,2025-10-02T18:41:00Z,ARR,bad,53.0
1 (10-01),True,False,TORONTO,VANCOUVER,2025-10-01,30,Canyon,CNYK,2025-10-02T19:58:41Z,2025-10-02T19:10:00Z,ARR,bad,48.0
1 (10-01),True,False,TORONTO,VANCOUVER,2025-10-01,31,Farlane,FARL,2025-10-02T20:31:20Z,2025-10-02T19:47:00Z,ARR,bad,44.0
1 (10-01),True,False,TORONTO,VANCOUVER,2025-10-01,32,Redditt,RDDT,2025-10-02T20:46:29Z,2025-10-02T20:23:00Z,ARR,bad,23.0
1 (10-01),True,False,TORONTO,VANCOUVER,2025-10-01,33,Minaki,MNKI,2025-10-02T21:03:01Z,2025-10-02T20:44:00Z,ARR,bad,19.0
1 (10-01),True,False,TORONTO,VANCOUVER,2025-10-01,34,Ottermere,OTTM,2025-10-02T21:19:36Z,2025-10-02T21:01:00Z,ARR,bad,18.0
1 (10-01),True,False,TORONTO,VANCOUVER,2025-10-01,35,Malachi,MLCH,2025-10-02T21:25:36Z,2025-10-02T21:07:00Z,ARR,bad,18.0
1 (10-01),True,False,TORONTO,VANCOUVER,2025-10-01,36,Copelands Landing,COPE,2025-10-02T21:27:36Z,2025-10-02T21:09:00Z,ARR,bad,18.0
1 (10-01),True,False,TORONTO,VANCOUVER,2025-10-01,37,Rice Lake,RCLK,2025-10-02T21:32:56Z,2025-10-02T21:12:00Z,ARR,bad,20.0
1 (10-01),True,False,TORONTO,VANCOUVER,2025-10-01,38,Winnitoba,WNTB,2025-10-02T21:46:56Z,2025-10-02T21:26:00Z,ARR,bad,20.0
1 (10-01),True,False,TORONTO,VANCOUVER,2025-10-01,39,Ophir,OPHR,2025-10-02T21:51:56Z,2025-10-02T21:31:00Z,ARR,bad,20.0
1 (10-01),True,False,TORONTO,VANCOUVER,2025-10-01,40,Brereton Lake,BRTL,2025-10-02T21:53:31Z,2025-10-02T21:49:00Z,ARR,goo,4.0
1 (10-01),True,False,TORONTO,VANCOUVER,2025-10-01,41,Elma,ELMA,2025-10-02T22:09:23Z,2025-10-02T22:10:00Z,ARR,goo,0.0
1 (10-01),True,False,TORONTO,VANCOUVER,2025-10-01,42,Winnipeg,WNPG,2025-10-02T23:36:19Z,2025-10-03T00:30:00Z,ARR,goo,-53.0
1 (10-01),True,False,TORONTO,VANCOUVER,2025-10-01,43,Portage La Prairie,PLPX,2025-10-03T04:06:11Z,2025-10-03T04:04:00Z,ARR,goo,2.0
1 (10-01),True,False,TORONTO,VANCOUVER,2025-10-01,44,Rivers,RVRS,2025-10-03T06:41:52Z,2025-10-03T06:31:00Z,ARR,med,10.0
1 (10-01),True,False,TORONTO,VANCOUVER,2025-10-01,45,Melville,MELV,2025-10-03T09:45:11Z,2025-10-03T10:54:00Z,ARR,goo,-68.0
1 (10-01),True,False,TORONTO,VANCOUVER,2025-10-01,46,Watrous,WATR,2025-10-03T13:37:39Z,2025-10-03T13:54:00Z,ARR,goo,-16.0
1 (10-01),True,False,TORONTO,VANCOUVER,2025-10-01,47,Saskatoon,SASK,2025-10-03T15:55:11Z,2025-10-03T15:50:00Z,ARR,med,5.0
1 (10-01),True,False,TORONTO,VANCOUVER,2025-10-01,48,Biggar,BIGG,2025-10-03T19:41:44Z,2025-10-03T18:29:00Z,ARR,bad,72.0
1 (10-01),True,False,TORONTO,VANCOUVER,2025-10-01,49,Unity,UNIT,2025-10-03T21:06:34Z,2025-10-03T19:44:00Z,ARR,bad,82.0
1 (10-01),True,False,TORONTO,VANCOUVER,2025-10-01,50,Wainwright,WAIN,2025-10-03T23:02:42Z,2025-10-03T22:33:00Z,ARR,bad,29.0
1 (10-01),True,False,TORONTO,VANCOUVER,2025-10-01,51,Viking,VKNG,2025-10-04T00:05:37Z,2025-10-03T23:26:00Z,ARR,bad,39.0
1 (10-01),True,False,TORONTO,VANCOUVER,2025-10-01,52,Edmonton,EDMO,2025-10-04T03:51:39Z,2025-10-04T02:50:00Z,ARR,bad,61.0
1 (10-01),True,False,TORONTO,VANCOUVER,2025-10-01,53,Evansburg,EVAN,2025-10-04T07:23:20Z,2025-10-04T07:29:00Z,ARR,goo,-5.0
1 (10-01),True,False,TORONTO,VANCOUVER,2025-10-01,54,Edson,EDSN,2025-10-04T10:02:20Z,2025-10-04T08:52:00Z,ARR,bad,70.0
1 (10-01),True,False,TORONTO,VANCOUVER,2025-10-01,55,Hinton,HINT,2025-10-04T11:30:02Z,2025-10-04T09:58:00Z,ARR,bad,92.0
1 (10-01),True,False,TORONTO,VANCOUVER,2025-10-01,56,Jasper,JASP,2025-10-04T13:20:54Z,2025-10-04T12:30:00Z,ARR,bad,50.0
1 (10-01),True,False,TORONTO,VANCOUVER,2025-10-01,57,Valemount,VLMT,2025-10-04T18:40:30Z,2025-10-04T17:50:00Z,ARR,bad,50.0
1 (10-01),True,False,TORONTO,VANCOUVER,2025-10-01,58,Blue River,BLUE,2025-10-04T21:16:09Z,2025-10-04T20:36:00Z,ARR,bad,40.0
1 (10-01),True,False,TORONTO,VANCOUVER,2025-10-01,59,Clearwater,CLWT,2025-10-04T23:57:22Z,2025-10-04T22:45:00Z,ARR,bad,72.0
1 (10-01),True,False,TORONTO,VANCOUVER,2025-10-01,60,Kamloops North,KAMN,2025-10-05T01:53:24Z,2025-10-05T01:28:00Z,ARR,bad,25.0
1 (10-01),True,False,TORONTO,VANCOUVER,2025-10-01,61,Ashcroft,ASHN,2025-10-05T04:18:57Z,2025-10-05T03:49:00Z,27 mins,bad,29.0
1 (10-01),True,False,TORONTO,VANCOUVER,2025-10-01,62,Boston Bar,BBAR,2025-10-05T07:05:57Z,2025-10-05T06:36:00Z,3h14,bad,29.0
1 (10-01),True,False,TORONTO,VANCOUVER,2025-10-01,63,Hope,HOPE,&mdash;,2025-10-05T08:06:00Z,&mdash;,,
1 (10-01),True,False,TORONTO,VANCOUVER,2025-10-01,64,Chilliwack,CHIL,&mdash;,2025-10-05T08:30:00Z,&mdash;,,
1 (10-01),True,False,TORONTO,VANCOUVER,2025-10-01,65,Abbotsford,ABBO,&mdash;,2025-10-05T09:00:00Z,&mdash;,,
1 (10-01),True,False,TORONTO,VANCOUVER,2025-10-01,66,Vancouver,VCVR,&mdash;,2025-10-05T15:00:00Z,&mdash;,,
692 (10-02),True,True,CHURCHILL,WINNIPEG,2025-10-02,0,Churchill,CHUR,2025-10-03T01:30:00Z,2025-10-03T01:30:00Z,ARR,goo,0.0
692 (10-02),True,True,CHURCHILL,WINNIPEG,2025-10-02,1,Tidal,TIDL,2025-10-03T01:57:38Z,2025-10-03T01:52:00Z,ARR,med,5.0
692 (10-02),True,True,CHURCHILL,WINNIPEG,2025-10-02,2,Chesnaye,CHES,2025-10-03T02:53:55Z,2025-10-03T02:38:00Z,ARR,bad,15.0
692 (10-02),True,True,CHURCHILL,WINNIPEG,2025-10-02,3,M'Clintock,MCLI,2025-10-03T04:09:55Z,2025-10-03T03:54:00Z,ARR,bad,15.0
692 (10-02),True,True,CHURCHILL,WINNIPEG,2025-10-02,4,O'Day,ODAY,2025-10-03T04:54:55Z,2025-10-03T04:39:00Z,ARR,bad,15.0
692 (10-02),True,True,CHURCHILL,WINNIPEG,2025-10-02,5,Herchmer,HERC,2025-10-03T05:33:55Z,2025-10-03T05:18:00Z,ARR,bad,15.0
692 (10-02),True,True,CHURCHILL,WINNIPEG,2025-10-02,6,Thibaudeau,THIB,2025-10-03T06:56:42Z,2025-10-03T06:44:00Z,ARR,med,12.0
692 (10-02),True,True,CHURCHILL,WINNIPEG,2025-10-02,7,Weir River,WEIR,2025-10-03T07:36:14Z,2025-10-03T07:46:00Z,ARR,goo,-9.0
692 (10-02),True,True,CHURCHILL,WINNIPEG,2025-10-02,8,Amery,AMRY,2025-10-03T08:13:11Z,2025-10-03T08:37:00Z,ARR,goo,-23.0
692 (10-02),True,True,CHURCHILL,WINNIPEG,2025-10-02,9,Bird,BIRD,2025-10-03T08:54:37Z,2025-10-03T09:00:00Z,ARR,goo,-5.0
692 (10-02),True,True,CHURCHILL,WINNIPEG,2025-10-02,10,Gillam,GILL,2025-10-03T09:40:09Z,2025-10-03T10:00:00Z,ARR,goo,-19.0
692 (10-02),True,True,CHURCHILL,WINNIPEG,2025-10-02,11,Wivenhoe,WVHO,2025-10-03T11:15:37Z,2025-10-03T11:16:00Z,ARR,goo,0.0
692 (10-02),True,True,CHURCHILL,WINNIPEG,2025-10-02,12,Ilford,ILFO,2025-10-03T11:50:39Z,2025-10-03T11:53:00Z,ARR,goo,-2.0
692 (10-02),True,True,CHURCHILL,WINNIPEG,2025-10-02,13,Pit Siding,PITS,2025-10-03T13:07:51Z,2025-10-03T12:54:00Z,ARR,med,13.0
692 (10-02),True,True,CHURCHILL,WINNIPEG,2025-10-02,14,Bridgar,BRGR,2025-10-03T14:29:53Z,2025-10-03T14:16:00Z,ARR,med,13.0
692 (10-02),True,True,CHURCHILL,WINNIPEG,2025-10-02,15,Pikwitonei,PIKW,2025-10-03T14:40:53Z,2025-10-03T14:27:00Z,ARR,med,13.0
692 (10-02),True,True,CHURCHILL,WINNIPEG,2025-10-02,16,Sipiwesk,SIPI,2025-10-03T15:16:16Z,2025-10-03T14:54:00Z,ARR,bad,22.0
692 (10-02),True,True,CHURCHILL,WINNIPEG,2025-10-02,17,Thompson,THOM,2025-10-03T18:21:02Z,2025-10-03T16:30:00Z,ARR,bad,111.0
692 (10-02),True,True,CHURCHILL,WINNIPEG,2025-10-02,18,Leven,LEVN,2025-10-03T22:04:55Z,2025-10-03T21:05:00Z,ARR,bad,59.0
692 (10-02),True,True,CHURCHILL,WINNIPEG,2025-10-02,19,Thicket Portage,THKP,2025-10-03T21:22:00Z,2025-10-03T21:22:00Z,ARR,goo,0.0
692 (10-02),True,True,CHURCHILL,WINNIPEG,2025-10-02,20,Hockin,HOCK,2025-10-03T21:49:12Z,2025-10-03T21:37:00Z,ARR,med,12.0
692 (10-02),True,True,CHURCHILL,WINNIPEG,2025-10-02,21,Odhill,ODHI,2025-10-03T22:25:25Z,2025-10-03T22:21:00Z,ARR,goo,4.0
692 (10-02),True,True,CHURCHILL,WINNIPEG,2025-10-02,22,Lyddal,LYDD,2025-10-03T22:43:00Z,2025-10-03T22:43:00Z,ARR,goo,0.0
692 (10-02),True,True,CHURCHILL,WINNIPEG,2025-10-02,23,Wabowden,WBDN,2025-10-03T23:11:00Z,2025-10-03T23:11:00Z,ARR,goo,0.0
692 (10-02),True,True,CHURCHILL,WINNIPEG,2025-10-02,24,Pipun,PIPN,2025-10-03T23:34:00Z,2025-10-03T23:34:00Z,ARR,goo,0.0
692 (10-02),True,True,CHURCHILL,WINNIPEG,2025-10-02,25,Ponton,PNTN,2025-10-04T00:17:00Z,2025-10-04T00:17:00Z,ARR,goo,0.0
692 (10-02),True,True,CHURCHILL,WINNIPEG,2025-10-02,26,Turnbull,TURN,2025-10-04T00:49:00Z,2025-10-04T00:49:00Z,ARR,goo,0.0
692 (10-02),True,True,CHURCHILL,WINNIPEG,2025-10-02,27,Wekusko,WEKU,2025-10-04T01:16:00Z,2025-10-04T01:16:00Z,ARR,goo,0.0
692 (10-02),True,True,CHURCHILL,WINNIPEG,2025-10-02,28,Dyce,DYCE,2025-10-04T01:44:41Z,2025-10-04T02:00:00Z,ARR,goo,-15.0
692 (10-02),True,True,CHURCHILL,WINNIPEG,2025-10-02,29,Dering,DERI,2025-10-04T02:39:00Z,2025-10-04T02:39:00Z,ARR,goo,0.0
692 (10-02),True,True,CHURCHILL,WINNIPEG,2025-10-02,30,Cormorant,CORM,2025-10-04T02:47:00Z,2025-10-04T02:47:00Z,ARR,goo,0.0
692 (10-02),True,True,CHURCHILL,WINNIPEG,2025-10-02,31,Halcrow,HALC,2025-10-04T02:58:00Z,2025-10-04T02:58:00Z,ARR,goo,0.0
692 (10-02),True,True,CHURCHILL,WINNIPEG,2025-10-02,32,Orok,OROK,2025-10-04T03:52:00Z,2025-10-04T03:52:00Z,ARR,goo,0.0
692 (10-02),True,True,CHURCHILL,WINNIPEG,2025-10-02,33,The Pas,TPAS,2025-10-04T04:30:00Z,2025-10-04T04:30:00Z,ARR,goo,0.0
692 (10-02),True,True,CHURCHILL,WINNIPEG,2025-10-02,34,Hudson Bay,HBAY,2025-10-04T10:35:46Z,2025-10-04T10:27:00Z,ARR,med,8.0
692 (10-02),True,True,CHURCHILL,WINNIPEG,2025-10-02,35,Reserve,RSRV,2025-10-04T11:40:20Z,2025-10-04T11:09:00Z,ARR,bad,31.0
692 (10-02),True,True,CHURCHILL,WINNIPEG,2025-10-02,36,Endeavour,ENDV,2025-10-04T12:30:17Z,2025-10-04T11:55:00Z,ARR,bad,35.0
692 (10-02),True,True,CHURCHILL,WINNIPEG,2025-10-02,37,Sturgis,STGS,2025-10-04T13:00:28Z,2025-10-04T12:24:00Z,ARR,bad,36.0
692 (10-02),True,True,CHURCHILL,WINNIPEG,2025-10-02,38,Canora,CANO,2025-10-04T14:08:37Z,2025-10-04T13:08:00Z,ARR,bad,60.0
692 (10-02),True,True,CHURCHILL,WINNIPEG,2025-10-02,39,Mikado,MIKA,2025-10-04T14:34:56Z,2025-10-04T13:30:00Z,ARR,bad,64.0
692 (10-02),True,True,CHURCHILL,WINNIPEG,2025-10-02,40,Veregin,VERE,2025-10-04T14:47:55Z,2025-10-04T13:43:00Z,ARR,bad,64.0
692 (10-02),True,True,CHURCHILL,WINNIPEG,2025-10-02,41,Kamsack,KAMS,2025-10-04T14:59:46Z,2025-10-04T13:58:00Z,ARR,bad,61.0
692 (10-02),True,True,CHURCHILL,WINNIPEG,2025-10-02,42,Togo,TOGO,2025-10-04T15:33:45Z,2025-10-04T14:37:00Z,ARR,bad,56.0
692 (10-02),True,True,CHURCHILL,WINNIPEG,2025-10-02,43,Roblin,RBLN,2025-10-04T16:04:17Z,2025-10-04T15:14:00Z,ARR,bad,50.0
692 (10-02),True,True,CHURCHILL,WINNIPEG,2025-10-02,44,Grandview,GVIE,2025-10-04T18:45:11Z,2025-10-04T16:12:00Z,ARR,bad,153.0
692 (10-02),True,True,CHURCHILL,WINNIPEG,2025-10-02,45,Gilbert Plains,GLBP,2025-10-04T19:09:07Z,2025-10-04T16:32:00Z,ARR,bad,157.0
692 (10-02),True,True,CHURCHILL,WINNIPEG,2025-10-02,46,Dauphin,DAUP,2025-10-04T21:07:12Z,2025-10-04T16:56:00Z,ARR,bad,251.0
692 (10-02),True,True,CHURCHILL,WINNIPEG,2025-10-02,47,Ochre River,OCHR,2025-10-04T21:45:59Z,2025-10-04T17:20:00Z,ARR,bad,265.0
692 (10-02),True,True,CHURCHILL,WINNIPEG,2025-10-02,48,Laurier,LRIE,2025-10-04T22:02:49Z,2025-10-04T17:38:00Z,ARR,bad,264.0
692 (10-02),True,True,CHURCHILL,WINNIPEG,2025-10-02,49,Mccreary,MCCR,2025-10-04T22:24:32Z,2025-10-04T17:54:00Z,ARR,bad,270.0
692 (10-02),True,True,CHURCHILL,WINNIPEG,2025-10-02,50,Glenella,GLNA,2025-10-04T23:03:18Z,2025-10-04T18:34:00Z,ARR,bad,269.0
692 (10-02),True,True,CHURCHILL,WINNIPEG,2025-10-02,51,Plumas,PLUM,2025-10-04T23:30:28Z,2025-10-04T19:06:00Z,ARR,bad,264.0
692 (10-02),True,True,CHURCHILL,WINNIPEG,2025-10-02,52,Gladstone,GSTO,2025-10-05T00:00:39Z,2025-10-04T19:51:00Z,ARR,bad,249.0
692 (10-02),True,True,CHURCHILL,WINNIPEG,2025-10-02,53,Portage La Prairie,PLPX,2025-10-05T00:52:48Z,2025-10-04T20:37:00Z,ARR,bad,255.0
692 (10-02),True,True,CHURCHILL,WINNIPEG,2025-10-02,54,Winnipeg,WNPG,2025-10-05T01:56:26Z,2025-10-04T21:45:00Z,ARR,bad,251.0
2 (10-03),True,False,VANCOUVER,TORONTO,2025-10-03,0,Vancouver,VCVR,2025-10-03T22:00:00Z,2025-10-03T22:00:00Z,ARR,goo,0.0
2 (10-03),True,False,VANCOUVER,TORONTO,2025-10-03,1,Mission Harbour,MSNH,2025-10-04T00:34:01Z,2025-10-03T23:35:00Z,ARR,bad,59.0
2 (10-03),True,False,VANCOUVER,TORONTO,2025-10-03,2,Agassiz,AGAS,2025-10-04T01:20:37Z,2025-10-04T00:03:00Z,ARR,bad,77.0
2 (10-03),True,False,VANCOUVER,TORONTO,2025-10-03,3,Katz,KATZ,2025-10-04T01:36:18Z,2025-10-04T00:17:00Z,ARR,bad,79.0
2 (10-03),True,False,VANCOUVER,TORONTO,2025-10-03,4,North Bend,NBND,2025-10-04T03:24:46Z,2025-10-04T02:46:00Z,ARR,bad,38.0
2 (10-03),True,False,VANCOUVER,TORONTO,2025-10-03,5,Ashcroft,ASHN,2025-10-04T05:41:25Z,2025-10-04T05:32:00Z,ARR,med,9.0
2 (10-03),True,False,VANCOUVER,TORONTO,2025-10-03,6,Kamloops North,KAMN,2025-10-04T07:59:33Z,2025-10-04T07:17:00Z,ARR,bad,42.0
2 (10-03),True,False,VANCOUVER,TORONTO,2025-10-03,7,Clearwater,CLWT,2025-10-04T10:19:33Z,2025-10-04T09:58:00Z,ARR,bad,21.0
2 (10-03),True,False,VANCOUVER,TORONTO,2025-10-03,8,Blue River,BLUE,2025-10-04T13:18:26Z,2025-10-04T12:11:00Z,ARR,bad,67.0
2 (10-03),True,False,VANCOUVER,TORONTO,2025-10-03,9,Valemount,VLMT,2025-10-04T15:45:33Z,2025-10-04T14:01:00Z,ARR,bad,104.0
2 (10-03),True,False,VANCOUVER,TORONTO,2025-10-03,10,Jasper,JASP,2025-10-04T18:04:25Z,2025-10-04T17:00:00Z,ARR,bad,64.0
2 (10-03),True,False,VANCOUVER,TORONTO,2025-10-03,11,Hinton,HINT,2025-10-04T22:31:59Z,2025-10-04T19:45:00Z,ARR,bad,166.0
2 (10-03),True,False,VANCOUVER,TORONTO,2025-10-03,12,Edson,EDSN,2025-10-05T00:14:52Z,2025-10-04T21:19:00Z,ARR,bad,175.0
2 (10-03),True,False,VANCOUVER,TORONTO,2025-10-03,13,Evansburg,EVAN,2025-10-05T01:33:59Z,2025-10-04T22:28:00Z,ARR,bad,185.0
2 (10-03),True,False,VANCOUVER,TORONTO,2025-10-03,14,Edmonton,EDMO,2025-10-05T03:06:02Z,2025-10-05T00:50:00Z,ARR,bad,136.0
2 (10-03),True,False,VANCOUVER,TORONTO,2025-10-03,15,Viking,VKNG,2025-10-05T06:08:10Z,2025-10-05T03:53:00Z,2h16,bad,135.0
2 (10-03),True,False,VANCOUVER,TORONTO,2025-10-03,16,Wainwright,WAIN,2025-10-05T08:29:10Z,2025-10-05T06:14:00Z,4h37,bad,135.0
2 (10-03),True,False,VANCOUVER,TORONTO,2025-10-03,17,Unity,UNIT,&mdash;,2025-10-05T07:47:00Z,&mdash;,,
2 (10-03),True,False,VANCOUVER,TORONTO,2025-10-03,18,Biggar,BIGG,&mdash;,2025-10-05T09:21:00Z,&mdash;,,
2 (10-03),True,False,VANCOUVER,TORONTO,2025-10-03,19,Saskatoon,SASK,&mdash;,2025-10-05T11:57:00Z,&mdash;,,
2 (10-03),True,False,VANCOUVER,TORONTO,2025-10-03,20,Watrous,WATR,&mdash;,2025-10-05T14:26:00Z,&mdash;,,
692 (10-04),True,False,CHURCHILL,WINNIPEG,2025-10-04,0,Churchill,CHUR,2025-10-05T01:30:00Z,2025-10-05T01:30:00Z,ARR,goo,0.0
692 (10-04),True,False,CHURCHILL,WINNIPEG,2025-10-04,1,Tidal,TIDL,2025-10-05T01:58:07Z,2025-10-05T01:52:00Z,ARR,med,6.0
692 (10-04),True,False,CHURCHILL,WINNIPEG,2025-10-04,2,Chesnaye,CHES,2025-10-05T02:49:01Z,2025-10-05T02:38:00Z,ARR,med,11.0
692 (10-04),True,False,CHURCHILL,WINNIPEG,2025-10-04,3,M'Clintock,MCLI,2025-10-05T04:05:01Z,2025-10-05T03:54:00Z,13 mins,med,11.0
692 (10-04),True,False,CHURCHILL,WINNIPEG,2025-10-04,4,O'Day,ODAY,2025-10-05T04:50:01Z,2025-10-05T04:39:00Z,58 mins,med,11.0
692 (10-04),True,False,CHURCHILL,WINNIPEG,2025-10-04,5,Herchmer,HERC,2025-10-05T05:29:01Z,2025-10-05T05:18:00Z,1h37,med,11.0
692 (10-04),True,False,CHURCHILL,WINNIPEG,2025-10-04,6,Thibaudeau,THIB,2025-10-05T06:55:01Z,2025-10-05T06:44:00Z,3h03,med,11.0
692 (10-04),True,False,CHURCHILL,WINNIPEG,2025-10-04,7,Weir River,WEIR,2025-10-05T07:57:01Z,2025-10-05T07:46:00Z,4h05,med,11.0
692 (10-04),True,False,CHURCHILL,WINNIPEG,2025-10-04,8,Amery,AMRY,2025-10-05T08:48:01Z,2025-10-05T08:37:00Z,4h56,med,11.0
692 (10-04),True,False,CHURCHILL,WINNIPEG,2025-10-04,9,Bird,BIRD,2025-10-05T09:11:01Z,2025-10-05T09:00:00Z,5h19,med,11.0
692 (10-04),True,False,CHURCHILL,WINNIPEG,2025-10-04,10,Gillam,GILL,2025-10-05T10:11:01Z,2025-10-05T10:00:00Z,6h19,med,11.0
692 (10-04),True,False,CHURCHILL,WINNIPEG,2025-10-04,11,Wivenhoe,WVHO,2025-10-05T11:27:01Z,2025-10-05T11:16:00Z,7h35,med,11.0
692 (10-04),True,False,CHURCHILL,WINNIPEG,2025-10-04,12,Ilford,ILFO,2025-10-05T12:04:01Z,2025-10-05T11:53:00Z,8h12,med,11.0
692 (10-04),True,False,CHURCHILL,WINNIPEG,2025-10-04,13,Pit Siding,PITS,2025-10-05T13:05:01Z,2025-10-05T12:54:00Z,9h13,med,11.0
692 (10-04),True,False,CHURCHILL,WINNIPEG,2025-10-04,14,Bridgar,BRGR,2025-10-05T14:27:01Z,2025-10-05T14:16:00Z,10h35,med,11.0
692 (10-04),True,False,CHURCHILL,WINNIPEG,2025-10-04,15,Pikwitonei,PIKW,2025-10-05T14:38:01Z,2025-10-05T14:27:00Z,10h46,med,11.0
692 (10-04),True,False,CHURCHILL,WINNIPEG,2025-10-04,16,Sipiwesk,SIPI,2025-10-05T15:05:01Z,2025-10-05T14:54:00Z,11h13,med,11.0
692 (10-04),True,False,CHURCHILL,WINNIPEG,2025-10-04,17,Thompson,THOM,2025-10-05T16:41:01Z,2025-10-05T16:30:00Z,12h49,med,11.0
6,True,True,PRINCE RUPERT,JASPER,2025-10-03,0,Cassiar Cannery,CASS,2025-10-03T15:56:03Z,2025-10-03T15:20:00Z,ARR,bad,36.0
6,True,True,PRINCE RUPERT,JASPER,2025-10-03,1,Kwinitsa,KWIN,2025-10-03T16:43:07Z,2025-10-03T16:17:00Z,ARR,bad,26.0
6,True,True,PRINCE RUPERT,JASPER,2025-10-03,2,Terrace,TRRC,2025-10-03T17:38:52Z,2025-10-03T17:20:00Z,ARR,bad,18.0
6,True,True,PRINCE RUPERT,JASPER,2025-10-03,3,Usk,USKX,2025-10-03T18:01:14Z,2025-10-03T17:48:00Z,ARR,med,13.0
6,True,True,PRINCE RUPERT,JASPER,2025-10-03,4,Pacific,PACI,2025-10-03T18:55:14Z,2025-10-03T18:07:00Z,ARR,bad,48.0
6,True,True,PRINCE RUPERT,JASPER,2025-10-03,5,Dorreen,DORR,2025-10-03T19:03:39Z,2025-10-03T18:19:00Z,ARR,bad,44.0
6,True,True,PRINCE RUPERT,JASPER,2025-10-03,6,Cedarvale,CEDA,2025-10-03T19:22:32Z,2025-10-03T18:44:00Z,ARR,bad,38.0
6,True,True,PRINCE RUPERT,JASPER,2025-10-03,7,Kitwanga,KITW,2025-10-03T19:36:51Z,2025-10-03T18:48:01Z,ARR,bad,48.0
6,True,True,PRINCE RUPERT,JASPER,2025-10-03,8,New Hazelton,NHAZ,2025-10-03T20:20:37Z,2025-10-03T19:30:00Z,ARR,bad,50.0
6,True,True,PRINCE RUPERT,JASPER,2025-10-03,9,Smithers,SMTR,2025-10-03T21:38:03Z,2025-10-03T21:14:00Z,ARR,bad,24.0
6,True,True,PRINCE RUPERT,JASPER,2025-10-03,10,Telkwa,TELK,2025-10-03T22:06:45Z,2025-10-03T21:37:00Z,ARR,bad,29.0
6,True,True,PRINCE RUPERT,JASPER,2025-10-03,11,Houston,HOUS,2025-10-03T22:49:03Z,2025-10-03T22:22:00Z,ARR,bad,27.0
6,True,True,PRINCE RUPERT,JASPER,2025-10-03,12,Burns Lake,BRNL,2025-10-03T23:52:23Z,2025-10-03T23:32:00Z,ARR,bad,20.0
6,True,True,PRINCE RUPERT,JASPER,2025-10-03,13,Endako,ENDA,2025-10-04T00:38:10Z,2025-10-04T00:25:00Z,ARR,med,13.0
6,True,True,PRINCE RUPERT,JASPER,2025-10-03,14,Fort Fraser,FFRA,2025-10-04T01:05:02Z,2025-10-04T00:57:00Z,ARR,med,8.0
6,True,True,PRINCE RUPERT,JASPER,2025-10-03,15,Vanderhoof,VDRH,2025-10-04T01:36:54Z,2025-10-04T01:35:00Z,ARR,goo,1.0
6,True,True,PRINCE RUPERT,JASPER,2025-10-03,16,Prince George,PGEO,2025-10-04T03:57:41Z,2025-10-04T03:29:00Z,ARR,bad,28.0
6,True,True,PRINCE RUPERT,JASPER,2025-10-03,17,Willow River,WILR,2025-10-04T16:03:55Z,2025-10-04T15:48:00Z,ARR,bad,15.0
6,True,True,PRINCE RUPERT,JASPER,2025-10-03,18,Aleza Lake,ALZL,2025-10-04T16:29:30Z,2025-10-04T16:17:00Z,ARR,med,12.0
6,True,True,PRINCE RUPERT,JASPER,2025-10-03,19,Upper Fraser,UFRZ,2025-10-04T16:37:30Z,2025-10-04T16:25:00Z,ARR,med,12.0
6,True,True,PRINCE RUPERT,JASPER,2025-10-03,20,Mcgregor,MCGR,2025-10-04T16:45:30Z,2025-10-04T16:33:00Z,ARR,med,12.0
6,True,True,PRINCE RUPERT,JASPER,2025-10-03,21,Sinclair Mills,SINM,2025-10-04T16:56:30Z,2025-10-04T16:44:00Z,ARR,med,12.0
6,True,True,PRINCE RUPERT,JASPER,2025-10-03,22,Hutton,HUTT,2025-10-04T17:15:24Z,2025-10-04T16:48:00Z,ARR,bad,27.0
6,True,True,PRINCE RUPERT,JASPER,2025-10-03,23,Longworth,LWTH,2025-10-04T17:26:24Z,2025-10-04T16:59:00Z,ARR,bad,27.0
6,True,True,PRINCE RUPERT,JASPER,2025-10-03,24,Penny,PENN,2025-10-04T17:40:24Z,2025-10-04T17:13:00Z,ARR,bad,27.0
6,True,True,PRINCE RUPERT,JASPER,2025-10-03,25,Bend,BEND,2025-10-04T17:59:24Z,2025-10-04T17:32:00Z,ARR,bad,27.0
6,True,True,PRINCE RUPERT,JASPER,2025-10-03,26,Dome Creek,DOMC,2025-10-04T18:00:31Z,2025-10-04T17:33:07Z,ARR,bad,27.0
6,True,True,PRINCE RUPERT,JASPER,2025-10-03,27,Loos,LOOS,2025-10-04T18:42:41Z,2025-10-04T18:07:00Z,ARR,bad,35.0
6,True,True,PRINCE RUPERT,JASPER,2025-10-03,28,Goat River,GOAT,2025-10-04T19:36:10Z,2025-10-04T18:22:00Z,ARR,bad,74.0
6,True,True,PRINCE RUPERT,JASPER,2025-10-03,29,Mcbride,MCBR,2025-10-04T20:51:21Z,2025-10-04T19:18:00Z,ARR,bad,93.0
6,True,True,PRINCE RUPERT,JASPER,2025-10-03,30,Dunster,DNST,2025-10-04T21:36:52Z,2025-10-04T19:35:00Z,ARR,bad,121.0
6,True,True,PRINCE RUPERT,JASPER,2025-10-03,31,Harvey,HRVY,2025-10-04T23:08:12Z,2025-10-04T20:24:00Z,ARR,bad,164.0
6,True,True,PRINCE RUPERT,JASPER,2025-10-03,32,Jasper,JASP,2025-10-05T01:29:53Z,2025-10-04T23:00:00Z,ARR,bad,149.0
691,True,True,THE PAS,CHURCHILL,2025-10-03,0,The Pas,TPAS,2025-10-03T07:30:00Z,2025-10-03T07:30:00Z,ARR,goo,0.0
691,True,True,THE PAS,CHURCHILL,2025-10-03,1,Orok,OROK,2025-10-03T08:08:23Z,2025-10-03T08:07:00Z,ARR,goo,1.0
691,True,True,THE PAS,CHURCHILL,2025-10-03,2,Halcrow,HALC,2025-10-03T08:55:47Z,2025-10-03T09:01:00Z,ARR,goo,-5.0
691,True,True,THE PAS,CHURCHILL,2025-10-03,3,Cormorant,CORM,2025-10-03T09:10:15Z,2025-10-03T09:12:00Z,ARR,goo,-1.0
691,True,True,THE PAS,CHURCHILL,2025-10-03,4,Dering,DERI,2025-10-03T09:18:40Z,2025-10-03T09:20:00Z,ARR,goo,-1.0
691,True,True,THE PAS,CHURCHILL,2025-10-03,5,Dyce,DYCE,2025-10-03T09:59:00Z,2025-10-03T09:59:00Z,ARR,goo,0.0
691,True,True,THE PAS,CHURCHILL,2025-10-03,6,Wekusko,WEKU,2025-10-03T10:32:26Z,2025-10-03T10:43:00Z,ARR,goo,-10.0
691,True,True,THE PAS,CHURCHILL,2025-10-03,7,Turnbull,TURN,2025-10-03T10:55:59Z,2025-10-03T11:10:00Z,ARR,goo,-14.0
691,True,True,THE PAS,CHURCHILL,2025-10-03,8,Ponton,PNTN,2025-10-03T11:23:26Z,2025-10-03T11:42:00Z,ARR,goo,-18.0
691,True,True,THE PAS,CHURCHILL,2025-10-03,9,Pipun,PIPN,2025-10-03T12:09:24Z,2025-10-03T12:25:00Z,ARR,goo,-15.0
691,True,True,THE PAS,CHURCHILL,2025-10-03,10,Wabowden,WBDN,2025-10-03T12:24:43Z,2025-10-03T12:48:00Z,ARR,goo,-23.0
691,True,True,THE PAS,CHURCHILL,2025-10-03,11,Lyddal,LYDD,2025-10-03T13:03:38Z,2025-10-03T13:16:00Z,ARR,goo,-12.0
691,True,True,THE PAS,CHURCHILL,2025-10-03,12,Odhill,ODHI,2025-10-03T13:23:26Z,2025-10-03T13:38:00Z,ARR,goo,-14.0
691,True,True,THE PAS,CHURCHILL,2025-10-03,13,Hockin,HOCK,2025-10-03T14:02:07Z,2025-10-03T14:22:00Z,ARR,goo,-19.0
691,True,True,THE PAS,CHURCHILL,2025-10-03,14,Thicket Portage,THKP,2025-10-03T14:37:00Z,2025-10-03T14:37:00Z,ARR,goo,0.0
691,True,True,THE PAS,CHURCHILL,2025-10-03,15,Leven,LEVN,2025-10-03T14:39:53Z,2025-10-03T14:54:00Z,ARR,goo,-14.0
691,True,True,THE PAS,CHURCHILL,2025-10-03,16,Thompson,THOM,2025-10-03T18:07:23Z,2025-10-03T17:00:00Z,ARR,bad,67.0
691,True,True,THE PAS,CHURCHILL,2025-10-03,17,Sipiwesk,SIPI,2025-10-03T23:28:22Z,2025-10-03T23:35:00Z,ARR,goo,-6.0
691,True,True,THE PAS,CHURCHILL,2025-10-03,18,Pikwitonei,PIKW,2025-10-04T00:02:00Z,2025-10-04T00:02:00Z,ARR,goo,0.0
691,True,True,THE PAS,CHURCHILL,2025-10-03,19,Bridgar,BRGR,2025-10-04T00:13:00Z,2025-10-04T00:13:00Z,ARR,goo,0.0
691,True,True,THE PAS,CHURCHILL,2025-10-03,20,Pit Siding,PITS,2025-10-04T01:35:00Z,2025-10-04T01:35:00Z,ARR,goo,0.0
691,True,True,THE PAS,CHURCHILL,2025-10-03,21,Ilford,ILFO,2025-10-04T02:36:15Z,2025-10-04T02:36:00Z,ARR,goo,0.0
691,True,True,THE PAS,CHURCHILL,2025-10-03,22,Wivenhoe,WVHO,2025-10-04T03:13:00Z,2025-10-04T03:13:00Z,ARR,goo,0.0
691,True,True,THE PAS,CHURCHILL,2025-10-03,23,Gillam,GILL,2025-10-04T04:00:01Z,2025-10-04T04:00:01Z,ARR,goo,0.0
691,True,True,THE PAS,CHURCHILL,2025-10-03,24,Bird,BIRD,2025-10-04T05:29:00Z,2025-10-04T05:29:00Z,ARR,goo,0.0
691,True,True,THE PAS,CHURCHILL,2025-10-03,25,Amery,AMRY,2025-10-04T05:51:00Z,2025-10-04T05:51:00Z,ARR,goo,0.0
691,True,True,THE PAS,CHURCHILL,2025-10-03,26,Weir River,WEIR,2025-10-04T06:43:00Z,2025-10-04T06:43:00Z,ARR,goo,0.0
691,True,True,THE PAS,CHURCHILL,2025-10-03,27,Thibaudeau,THIB,2025-10-04T07:45:35Z,2025-10-04T08:00:00Z,ARR,goo,-14.0
691,True,True,THE PAS,CHURCHILL,2025-10-03,28,Herchmer,HERC,2025-10-04T09:26:00Z,2025-10-04T09:26:00Z,ARR,goo,0.0
691,True,True,THE PAS,CHURCHILL,2025-10-03,29,O'Day,ODAY,2025-10-04T10:05:00Z,2025-10-04T10:05:00Z,ARR,goo,0.0
691,True,True,THE PAS,CHURCHILL,2025-10-03,30,M'Clintock,MCLI,2025-10-04T10:50:00Z,2025-10-04T10:50:00Z,ARR,goo,0.0
691,True,True,THE PAS,CHURCHILL,2025-10-03,31,Chesnaye,CHES,2025-10-04T12:06:00Z,2025-10-04T12:06:00Z,ARR,goo,0.0
691,True,True,THE PAS,CHURCHILL,2025-10-03,32,Tidal,TIDL,2025-10-04T12:20:39Z,2025-10-04T13:37:00Z,ARR,goo,-76.0
691,True,True,THE PAS,CHURCHILL,2025-10-03,33,Churchill,CHUR,2025-10-04T13:05:52Z,2025-10-04T14:00:00Z,ARR,goo,-54.0
15,True,True,HALIFAX,MONTRÉAL,2025-10-03,0,Halifax,HLFX,2025-10-03T16:30:00Z,2025-10-03T14:30:00Z,ARR,bad,120.0
15,True,True,HALIFAX,MONTRÉAL,2025-10-03,1,Truro,TRUR,2025-10-03T17:44:02Z,2025-10-03T15:56:00Z,ARR,bad,108.0
15,True,True,HALIFAX,MONTRÉAL,2025-10-03,2,Springhill Jct,SPRJ,2025-10-03T18:59:49Z,2025-10-03T17:11:00Z,ARR,bad,108.0
15,True,True,HALIFAX,MONTRÉAL,2025-10-03,3,Amherst,AMHS,2025-10-03T19:20:00Z,2025-10-03T17:34:00Z,ARR,bad,106.0
15,True,True,HALIFAX,MONTRÉAL,2025-10-03,4,Sackville,SACK,2025-10-03T19:43:23Z,2025-10-03T17:50:00Z,ARR,bad,113.0
15,True,True,HALIFAX,MONTRÉAL,2025-10-03,5,Moncton,MCTN,2025-10-03T20:28:35Z,2025-10-03T18:44:00Z,ARR,bad,104.0
15,True,True,HALIFAX,MONTRÉAL,2025-10-03,6,Rogersville,RGRV,2025-10-03T22:51:51Z,2025-10-03T20:08:00Z,ARR,bad,163.0
15,True,True,HALIFAX,MONTRÉAL,2025-10-03,7,Miramichi,MIRA,2025-10-03T23:42:42Z,2025-10-03T20:59:00Z,ARR,bad,163.0
15,True,True,HALIFAX,MONTRÉAL,2025-10-03,8,Bathurst,BTRS,2025-10-04T01:27:35Z,2025-10-03T22:55:00Z,ARR,bad,152.0
15,True,True,HALIFAX,MONTRÉAL,2025-10-03,9,Petit Rocher,PROC,2025-10-04T01:49:01Z,2025-10-03T23:22:00Z,ARR,bad,147.0
15,True,True,HALIFAX,MONTRÉAL,2025-10-03,10,Jacquet River,JACR,2025-10-04T02:21:31Z,2025-10-03T23:44:01Z,ARR,bad,157.0
15,True,True,HALIFAX,MONTRÉAL,2025-10-03,11,Charlo,CHLO,2025-10-04T02:58:26Z,2025-10-04T00:07:00Z,ARR,bad,171.0
15,True,True,HALIFAX,MONTRÉAL,2025-10-03,12,Campbellton,CBTN,2025-10-04T03:48:59Z,2025-10-04T01:10:00Z,ARR,bad,158.0
15,True,True,HALIFAX,MONTRÉAL,2025-10-03,13,Matapedia,MTPD,2025-10-04T04:34:39Z,2025-10-04T01:52:00Z,ARR,bad,162.0
15,True,True,HALIFAX,MONTRÉAL,2025-10-03,14,Causapscal,CAUS,2025-10-04T05:40:24Z,2025-10-04T02:41:00Z,ARR,bad,179.0
15,True,True,HALIFAX,MONTRÉAL,2025-10-03,15,Amqui,AMQU,2025-10-04T06:08:33Z,2025-10-04T03:01:00Z,ARR,bad,187.0
15,True,True,HALIFAX,MONTRÉAL,2025-10-03,16,Sayabec,SAYA,2025-10-04T06:43:39Z,2025-10-04T03:23:00Z,ARR,bad,200.0
15,True,True,HALIFAX,MONTRÉAL,2025-10-03,17,Mont-Joli,MJLI,2025-10-04T07:52:23Z,2025-10-04T04:53:00Z,ARR,bad,179.0
15,True,True,HALIFAX,MONTRÉAL,2025-10-03,18,Rimouski,RMSK,2025-10-04T08:16:40Z,2025-10-04T05:24:00Z,ARR,bad,172.0
15,True,True,HALIFAX,MONTRÉAL,2025-10-03,19,Trois Pistoles,TPIS,2025-10-04T09:19:21Z,2025-10-04T06:29:00Z,ARR,bad,170.0
15,True,True,HALIFAX,MONTRÉAL,2025-10-03,20,Rivière-Du-Loup,RDLX,2025-10-04T10:02:23Z,2025-10-04T07:16:00Z,ARR,bad,166.0
15,True,True,HALIFAX,MONTRÉAL,2025-10-03,21,La Pocatière,LPOC,2025-10-04T10:47:40Z,2025-10-04T08:05:00Z,ARR,bad,162.0
15,True,True,HALIFAX,MONTRÉAL,2025-10-03,22,Montmagny,MMGY,2025-10-04T11:38:24Z,2025-10-04T08:39:00Z,ARR,bad,179.0
15,True,True,HALIFAX,MONTRÉAL,2025-10-03,23,Ste-Foy,SFOY,2025-10-04T12:57:35Z,2025-10-04T10:13:00Z,ARR,bad,164.0
15,True,True,HALIFAX,MONTRÉAL,2025-10-03,24,Drummondville,DRMV,2025-10-04T15:08:29Z,2025-10-04T12:20:00Z,ARR,bad,168.0
15,True,True,HALIFAX,MONTRÉAL,2025-10-03,25,St. Hyacinthe,SHYA,2025-10-04T15:42:19Z,2025-10-04T13:00:00Z,ARR,bad,162.0
15,True,True,HALIFAX,MONTRÉAL,2025-10-03,26,St. Lambert,SLAM,2025-10-04T16:13:02Z,2025-10-04T13:34:00Z,ARR,bad,159.0
15,True,True,HALIFAX,MONTRÉAL,2025-10-03,27,Montréal,MTRL,2025-10-04T16:33:56Z,2025-10-04T13:53:00Z,ARR,bad,160.0
5,True,True,JASPER,PRINCE RUPERT,2025-10-03,0,Jasper,JASP,2025-10-03T16:50:50Z,2025-10-03T16:45:00Z,ARR,med,5.0
5,True,True,JASPER,PRINCE RUPERT,2025-10-03,1,Harvey,HRVY,2025-10-03T18:54:56Z,2025-10-03T18:38:00Z,ARR,bad,16.0
5,True,True,JASPER,PRINCE RUPERT,2025-10-03,2,Dunster,DNST,2025-10-03T19:26:11Z,2025-10-03T19:12:00Z,ARR,med,14.0
5,True,True,JASPER,PRINCE RUPERT,2025-10-03,3,Mcbride,MCBR,2025-10-03T19:57:49Z,2025-10-03T19:44:00Z,ARR,med,13.0
5,True,True,JASPER,PRINCE RUPERT,2025-10-03,4,Goat River,GOAT,2025-10-03T20:50:01Z,2025-10-03T20:41:00Z,ARR,med,9.0
5,True,True,JASPER,PRINCE RUPERT,2025-10-03,5,Loos,LOOS,2025-10-03T21:04:58Z,2025-10-03T20:58:00Z,ARR,med,6.0
5,True,True,JASPER,PRINCE RUPERT,2025-10-03,6,Dome Creek,DOMC,2025-10-03T21:58:41Z,2025-10-03T21:32:00Z,ARR,bad,26.0
5,True,True,JASPER,PRINCE RUPERT,2025-10-03,7,Bend,BEND,2025-10-03T22:00:42Z,2025-10-03T21:36:00Z,ARR,bad,24.0
5,True,True,JASPER,PRINCE RUPERT,2025-10-03,8,Penny,PENN,2025-10-03T22:17:57Z,2025-10-03T21:56:00Z,ARR,bad,21.0
5,True,True,JASPER,PRINCE RUPERT,2025-10-03,9,Longworth,LWTH,2025-10-03T22:29:38Z,2025-10-03T22:11:00Z,ARR,bad,18.0
5,True,True,JASPER,PRINCE RUPERT,2025-10-03,10,Hutton,HUTT,2025-10-03T22:42:38Z,2025-10-03T22:24:00Z,ARR,bad,18.0
5,True,True,JASPER,PRINCE RUPERT,2025-10-03,11,Sinclair Mills,SINM,2025-10-03T22:48:38Z,2025-10-03T22:30:00Z,ARR,bad,18.0
5,True,True,JASPER,PRINCE RUPERT,2025-10-03,12,Mcgregor,MCGR,2025-10-03T23:00:56Z,2025-10-03T22:43:00Z,ARR,bad,17.0
5,True,True,JASPER,PRINCE RUPERT,2025-10-03,13,Upper Fraser,UFRZ,2025-10-03T23:09:56Z,2025-10-03T22:52:00Z,ARR,bad,17.0
5,True,True,JASPER,PRINCE RUPERT,2025-10-03,14,Aleza Lake,ALZL,2025-10-03T23:18:56Z,2025-10-03T23:01:00Z,ARR,bad,17.0
5,True,True,JASPER,PRINCE RUPERT,2025-10-03,15,Willow River,WILR,2025-10-04T00:12:58Z,2025-10-03T23:31:00Z,ARR,bad,41.0
5,True,True,JASPER,PRINCE RUPERT,2025-10-03,16,Prince George,PGEO,2025-10-04T00:41:09Z,2025-10-04T00:08:00Z,ARR,bad,33.0
5,True,True,JASPER,PRINCE RUPERT,2025-10-03,17,Vanderhoof,VDRH,2025-10-04T16:58:01Z,2025-10-04T16:55:00Z,ARR,goo,3.0
5,True,True,JASPER,PRINCE RUPERT,2025-10-03,18,Fort Fraser,FFRA,2025-10-04T17:32:57Z,2025-10-04T17:32:00Z,ARR,goo,0.0
5,True,True,JASPER,PRINCE RUPERT,2025-10-03,19,Endako,ENDA,2025-10-04T17:59:56Z,2025-10-04T17:50:00Z,ARR,med,9.0
5,True,True,JASPER,PRINCE RUPERT,2025-10-03,20,Burns Lake,BRNL,2025-10-04T19:14:34Z,2025-10-04T18:58:00Z,ARR,bad,16.0
5,True,True,JASPER,PRINCE RUPERT,2025-10-03,21,Houston,HOUS,2025-10-04T20:15:05Z,2025-10-04T20:08:00Z,ARR,med,7.0
5,True,True,JASPER,PRINCE RUPERT,2025-10-03,22,Telkwa,TELK,2025-10-04T20:56:07Z,2025-10-04T20:52:00Z,ARR,goo,4.0
5,True,True,JASPER,PRINCE RUPERT,2025-10-03,23,Smithers,SMTR,2025-10-04T21:08:10Z,2025-10-04T21:10:00Z,ARR,goo,-1.0
5,True,True,JASPER,PRINCE RUPERT,2025-10-03,24,New Hazelton,NHAZ,2025-10-04T23:17:45Z,2025-10-04T22:37:00Z,ARR,bad,40.0
5,True,True,JASPER,PRINCE RUPERT,2025-10-03,25,Kitwanga,KITW,2025-10-05T00:01:12Z,2025-10-04T23:27:00Z,ARR,bad,34.0
5,True,True,JASPER,PRINCE RUPERT,2025-10-03,26,Cedarvale,CEDA,2025-10-05T00:19:26Z,2025-10-04T23:51:00Z,ARR,bad,28.0
5,True,True,JASPER,PRINCE RUPERT,2025-10-03,27,Dorreen,DORR,2025-10-05T00:38:02Z,2025-10-05T00:12:00Z,ARR,bad,26.0
5,True,True,JASPER,PRINCE RUPERT,2025-10-03,28,Pacific,PACI,2025-10-05T00:45:26Z,2025-10-05T00:21:00Z,ARR,bad,24.0
5,True,True,JASPER,PRINCE RUPERT,2025-10-03,29,Usk,USKX,2025-10-05T01:16:25Z,2025-10-05T00:40:00Z,ARR,bad,36.0
5,True,True,JASPER,PRINCE RUPERT,2025-10-03,30,Terrace,TRRC,2025-10-05T01:33:24Z,2025-10-05T01:00:00Z,ARR,bad,33.0
5,True,True,JASPER,PRINCE RUPERT,2025-10-03,31,Kwinitsa,KWIN,2025-10-05T02:36:23Z,2025-10-05T02:09:00Z,ARR,bad,27.0
5,True,True,JASPER,PRINCE RUPERT,2025-10-03,32,Cassiar Cannery,CASS,2025-10-05T03:14:47Z,2025-10-05T02:45:00Z,ARR,bad,29.0
5,True,True,JASPER,PRINCE RUPERT,2025-10-03,33,Prince Rupert,PRUP,2025-10-05T03:45:07Z,2025-10-05T03:25:00Z,ARR,bad,20.0
14,True,True,MONTRÉAL,HALIFAX,2025-10-03,0,Montréal,MTRL,2025-10-04T00:58:01Z,2025-10-03T22:30:00Z,ARR,bad,148.0
14,True,True,MONTRÉAL,HALIFAX,2025-10-03,1,St. Lambert,SLAM,2025-10-04T01:15:51Z,2025-10-03T22:45:00Z,ARR,bad,150.0
14,True,True,MONTRÉAL,HALIFAX,2025-10-03,2,St. Hyacinthe,SHYA,2025-10-04T01:50:41Z,2025-10-03T23:23:00Z,ARR,bad,147.0
14,True,True,MONTRÉAL,HALIFAX,2025-10-03,3,Drummondville,DRMV,2025-10-04T02:26:31Z,2025-10-04T00:04:00Z,ARR,bad,142.0
14,True,True,MONTRÉAL,HALIFAX,2025-10-03,4,Ste-Foy,SFOY,2025-10-04T04:03:36Z,2025-10-04T01:48:00Z,ARR,bad,135.0
14,True,True,MONTRÉAL,HALIFAX,2025-10-03,5,Montmagny,MMGY,2025-10-04T05:33:39Z,2025-10-04T03:17:00Z,ARR,bad,136.0
14,True,True,MONTRÉAL,HALIFAX,2025-10-03,6,La Pocatière,LPOC,2025-10-04T06:05:57Z,2025-10-04T03:50:00Z,ARR,bad,135.0
14,True,True,MONTRÉAL,HALIFAX,2025-10-03,7,Rivière-Du-Loup,RDLX,2025-10-04T06:51:47Z,2025-10-04T04:31:00Z,ARR,bad,140.0
14,True,True,MONTRÉAL,HALIFAX,2025-10-03,8,Trois Pistoles,TPIS,2025-10-04T07:32:50Z,2025-10-04T05:17:00Z,ARR,bad,135.0
14,True,True,MONTRÉAL,HALIFAX,2025-10-03,9,Rimouski,RMSK,2025-10-04T08:57:55Z,2025-10-04T06:25:00Z,ARR,bad,152.0
14,True,True,MONTRÉAL,HALIFAX,2025-10-03,10,Mont-Joli,MJLI,2025-10-04T09:36:20Z,2025-10-04T07:03:00Z,ARR,bad,153.0
14,True,True,MONTRÉAL,HALIFAX,2025-10-03,11,Sayabec,SAYA,2025-10-04T10:39:58Z,2025-10-04T08:06:00Z,ARR,bad,153.0
14,True,True,MONTRÉAL,HALIFAX,2025-10-03,12,Amqui,AMQU,2025-10-04T11:09:56Z,2025-10-04T08:27:00Z,ARR,bad,162.0
14,True,True,MONTRÉAL,HALIFAX,2025-10-03,13,Causapscal,CAUS,2025-10-04T11:40:16Z,2025-10-04T08:49:00Z,ARR,bad,171.0
14,True,True,MONTRÉAL,HALIFAX,2025-10-03,14,Matapedia,MTPD,2025-10-04T12:33:54Z,2025-10-04T09:35:00Z,ARR,bad,178.0
14,True,True,MONTRÉAL,HALIFAX,2025-10-03,15,Campbellton,CBTN,2025-10-04T13:11:31Z,2025-10-04T10:20:00Z,ARR,bad,171.0
14,True,True,MONTRÉAL,HALIFAX,2025-10-03,16,Charlo,CHLO,2025-10-04T14:11:25Z,2025-10-04T11:03:00Z,ARR,bad,188.0
14,True,True,MONTRÉAL,HALIFAX,2025-10-03,17,Jacquet River,JACR,2025-10-04T14:49:42Z,2025-10-04T11:26:00Z,ARR,bad,203.0
14,True,True,MONTRÉAL,HALIFAX,2025-10-03,18,Petit Rocher,PROC,2025-10-04T15:18:32Z,2025-10-04T11:48:00Z,ARR,bad,210.0
14,True,True,MONTRÉAL,HALIFAX,2025-10-03,19,Bathurst,BTRS,2025-10-04T15:36:12Z,2025-10-04T12:36:00Z,ARR,bad,180.0
14,True,True,MONTRÉAL,HALIFAX,2025-10-03,20,Miramichi,MIRA,2025-10-04T17:15:42Z,2025-10-04T14:25:00Z,ARR,bad,170.0
14,True,True,MONTRÉAL,HALIFAX,2025-10-03,21,Rogersville,RGRV,2025-10-04T18:08:15Z,2025-10-04T15:20:00Z,ARR,bad,168.0
14,True,True,MONTRÉAL,HALIFAX,2025-10-03,22,Moncton,MCTN,2025-10-04T19:31:56Z,2025-10-04T16:30:00Z,ARR,bad,181.0
14,True,True,MONTRÉAL,HALIFAX,2025-10-03,23,Sackville,SACK,2025-10-04T20:45:40Z,2025-10-04T17:40:00Z,ARR,bad,185.0
14,True,True,MONTRÉAL,HALIFAX,2025-10-03,24,Amherst,AMHS,2025-10-04T21:00:49Z,2025-10-04T17:55:00Z,ARR,bad,185.0
14,True,True,MONTRÉAL,HALIFAX,2025-10-03,25,Springhill Jct,SPRJ,2025-10-04T21:22:30Z,2025-10-04T18:17:00Z,ARR,bad,185.0
14,True,True,MONTRÉAL,HALIFAX,2025-10-03,26,Truro,TRUR,2025-10-04T22:30:39Z,2025-10-04T19:32:00Z,ARR,bad,178.0
14,True,True,MONTRÉAL,HALIFAX,2025-10-03,27,Halifax,HLFX,2025-10-05T00:10:22Z,2025-10-04T21:36:00Z,ARR,bad,154.0
24,True,True,OTTAWA,QUÉBEC,2025-10-04,0,Alexandria,ALEX,2025-10-04T15:03:00Z,2025-10-04T15:03:00Z,ARR,goo,0.0
24,True,True,OTTAWA,QUÉBEC,2025-10-04,1,Coteau,COTO,2025-10-04T15:26:00Z,2025-10-04T15:26:00Z,ARR,goo,0.0
24,True,True,OTTAWA,QUÉBEC,2025-10-04,2,Dorval,DORV,2025-10-04T15:50:00Z,2025-10-04T15:50:00Z,ARR,goo,0.0
24,True,True,OTTAWA,QUÉBEC,2025-10-04,3,Montréal,MTRL,2025-10-04T16:15:00Z,2025-10-04T16:15:00Z,ARR,goo,0.0
24,True,True,OTTAWA,QUÉBEC,2025-10-04,4,St. Lambert,SLAM,2025-10-04T17:28:00Z,2025-10-04T16:58:00Z,ARR,bad,30.0
24,True,True,OTTAWA,QUÉBEC,2025-10-04,5,St. Hyacinthe,SHYA,2025-10-04T18:08:38Z,2025-10-04T17:26:00Z,ARR,bad,42.0
24,True,True,OTTAWA,QUÉBEC,2025-10-04,6,Drummondville,DRMV,2025-10-04T18:40:53Z,2025-10-04T17:54:00Z,ARR,bad,46.0
24,True,True,OTTAWA,QUÉBEC,2025-10-04,7,Charny,CHNY,2025-10-04T20:09:53Z,2025-10-04T19:38:00Z,ARR,bad,31.0
24,True,True,OTTAWA,QUÉBEC,2025-10-04,8,Ste-Foy,SFOY,2025-10-04T20:18:12Z,2025-10-04T19:45:00Z,ARR,bad,33.0
24,True,True,OTTAWA,QUÉBEC,2025-10-04,9,Québec,QBEC,2025-10-04T20:47:20Z,2025-10-04T20:12:00Z,ARR,bad,35.0
37,True,True,QUÉBEC,OTTAWA,2025-10-04,0,Québec,QBEC,2025-10-04T16:32:00Z,2025-10-04T16:32:00Z,ARR,goo,0.0
37,True,True,QUÉBEC,OTTAWA,2025-10-04,1,Ste-Foy,SFOY,2025-10-04T16:57:51Z,2025-10-04T16:57:00Z,ARR,goo,0.0
37,True,True,QUÉBEC,OTTAWA,2025-10-04,2,Drummondville,DRMV,2025-10-04T18:57:21Z,2025-10-04T18:44:00Z,ARR,med,13.0
37,True,True,QUÉBEC,OTTAWA,2025-10-04,3,St. Hyacinthe,SHYA,2025-10-04T19:27:37Z,2025-10-04T19:12:00Z,ARR,bad,15.0
37,True,True,QUÉBEC,OTTAWA,2025-10-04,4,St. Lambert,SLAM,2025-10-04T19:54:34Z,2025-10-04T19:39:00Z,ARR,bad,15.0
37,True,True,QUÉBEC,OTTAWA,2025-10-04,5,Montréal,MTRL,2025-10-04T20:09:18Z,2025-10-04T19:54:00Z,ARR,bad,15.0
37,True,True,QUÉBEC,OTTAWA,2025-10-04,6,Dorval,DORV,2025-10-04T21:16:12Z,2025-10-04T20:54:00Z,ARR,bad,22.0
37,True,True,QUÉBEC,OTTAWA,2025-10-04,7,Coteau,COTO,2025-10-04T21:52:39Z,2025-10-04T21:23:00Z,ARR,bad,29.0
37,True,True,QUÉBEC,OTTAWA,2025-10-04,8,Alexandria,ALEX,2025-10-04T22:11:29Z,2025-10-04T21:45:00Z,ARR,bad,26.0
37,True,True,QUÉBEC,OTTAWA,2025-10-04,9,Ottawa,OTTW,2025-10-04T23:05:14Z,2025-10-04T22:37:00Z,ARR,bad,28.0
41,True,True,OTTAWA,TORONTO,2025-10-04,0,Ottawa,OTTW,2025-10-04T09:21:00Z,2025-10-04T09:21:00Z,ARR,goo,0.0
41,True,True,OTTAWA,TORONTO,2025-10-04,1,Fallowfield,FALL,2025-10-04T09:36:38Z,2025-10-04T09:38:00Z,ARR,goo,-1.0
41,True,True,OTTAWA,TORONTO,2025-10-04,2,Smiths Falls,SMTF,2025-10-04T10:07:47Z,2025-10-04T10:08:00Z,ARR,goo,0.0
41,True,True,OTTAWA,TORONTO,2025-10-04,3,Brockville,BRKV,2025-10-04T10:40:26Z,2025-10-04T10:40:00Z,ARR,goo,0.0
41,True,True,OTTAWA,TORONTO,2025-10-04,4,Kingston,KGON,2025-10-04T11:28:40Z,2025-10-04T11:25:00Z,ARR,goo,3.0
41,True,True,OTTAWA,TORONTO,2025-10-04,5,Napanee,NAPN,2025-10-04T11:53:01Z,2025-10-04T11:49:00Z,ARR,goo,4.0
41,True,True,OTTAWA,TORONTO,2025-10-04,6,Belleville,BLVL,2025-10-04T12:14:39Z,2025-10-04T12:07:00Z,ARR,med,7.0
41,True,True,OTTAWA,TORONTO,2025-10-04,7,Trenton Jct.,TRNJ,2025-10-04T12:30:20Z,2025-10-04T12:20:00Z,ARR,med,10.0
41,True,True,OTTAWA,TORONTO,2025-10-04,8,Cobourg,CBRG,2025-10-04T12:59:28Z,2025-10-04T12:44:00Z,ARR,bad,15.0
41,True,True,OTTAWA,TORONTO,2025-10-04,9,Oshawa,OSHA,2025-10-04T13:36:40Z,2025-10-04T13:19:00Z,ARR,bad,17.0
41,True,True,OTTAWA,TORONTO,2025-10-04,10,Toronto,TRTO,2025-10-04T14:21:45Z,2025-10-04T14:02:00Z,ARR,bad,19.0
50,True,True,TORONTO,OTTAWA,2025-10-04,0,Toronto,TRTO,2025-10-04T10:32:00Z,2025-10-04T10:32:00Z,ARR,goo,0.0
50,True,True,TORONTO,OTTAWA,2025-10-04,1,Guildwood,GUIL,2025-10-04T10:47:47Z,2025-10-04T10:50:00Z,ARR,goo,-2.0
50,True,True,TORONTO,OTTAWA,2025-10-04,2,Oshawa,OSHA,2025-10-04T11:08:26Z,2025-10-04T11:08:00Z,ARR,goo,0.0
50,True,True,TORONTO,OTTAWA,2025-10-04,3,Cobourg,CBRG,2025-10-04T11:46:30Z,2025-10-04T11:43:00Z,ARR,goo,3.0
50,True,True,TORONTO,OTTAWA,2025-10-04,4,Belleville,BLVL,2025-10-04T12:37:05Z,2025-10-04T12:18:00Z,ARR,bad,19.0
50,True,True,TORONTO,OTTAWA,2025-10-04,5,Kingston,KGON,2025-10-04T13:21:33Z,2025-10-04T12:57:00Z,ARR,bad,24.0
50,True,True,TORONTO,OTTAWA,2025-10-04,6,Brockville,BRKV,2025-10-04T14:32:21Z,2025-10-04T13:54:00Z,ARR,bad,38.0
50,True,True,TORONTO,OTTAWA,2025-10-04,7,Smiths Falls,SMTF,2025-10-04T15:01:00Z,2025-10-04T14:29:00Z,ARR,bad,32.0
50,True,True,TORONTO,OTTAWA,2025-10-04,8,Fallowfield,FALL,2025-10-04T15:43:10Z,2025-10-04T15:01:00Z,ARR,bad,42.0
50,True,True,TORONTO,OTTAWA,2025-10-04,9,Ottawa,OTTW,2025-10-04T16:04:44Z,2025-10-04T15:21:00Z,ARR,bad,43.0
53,True,True,OTTAWA,TORONTO,2025-10-04,0,Ottawa,OTTW,2025-10-04T15:43:00Z,2025-10-04T15:43:00Z,ARR,goo,0.0
53,True,True,OTTAWA,TORONTO,2025-10-04,1,Fallowfield,FALL,2025-10-04T15:59:43Z,2025-10-04T16:00:00Z,ARR,goo,0.0
53,True,True,OTTAWA,TORONTO,2025-10-04,2,Brockville,BRKV,2025-10-04T16:59:25Z,2025-10-04T17:01:00Z,ARR,goo,-1.0
53,True,True,OTTAWA,TORONTO,2025-10-04,3,Gananoque,GANA,2025-10-04T17:33:09Z,2025-10-04T17:31:00Z,ARR,goo,2.0
53,True,True,OTTAWA,TORONTO,2025-10-04,4,Kingston,KGON,2025-10-04T17:56:07Z,2025-10-04T17:54:00Z,ARR,goo,2.0
53,True,True,OTTAWA,TORONTO,2025-10-04,5,Belleville,BLVL,2025-10-04T18:38:51Z,2025-10-04T18:36:00Z,ARR,goo,2.0
53,True,True,OTTAWA,TORONTO,2025-10-04,6,Cobourg,CBRG,2025-10-04T19:14:46Z,2025-10-04T19:12:00Z,ARR,goo,2.0
53,True,True,OTTAWA,TORONTO,2025-10-04,7,Oshawa,OSHA,2025-10-04T19:53:00Z,2025-10-04T19:48:00Z,ARR,med,5.0
53,True,True,OTTAWA,TORONTO,2025-10-04,8,Toronto,TRTO,2025-10-04T20:33:49Z,2025-10-04T20:33:00Z,ARR,goo,0.0
52,True,True,TORONTO,OTTAWA,2025-10-04,0,Toronto,TRTO,2025-10-04T12:32:00Z,2025-10-04T12:32:00Z,ARR,goo,0.0
52,True,True,TORONTO,OTTAWA,2025-10-04,1,Guildwood,GUIL,2025-10-04T12:48:44Z,2025-10-04T12:50:00Z,ARR,goo,-1.0
52,True,True,TORONTO,OTTAWA,2025-10-04,2,Oshawa,OSHA,2025-10-04T13:07:59Z,2025-10-04T13:09:00Z,ARR,goo,-1.0
52,True,True,TORONTO,OTTAWA,2025-10-04,3,Cobourg,CBRG,2025-10-04T13:50:25Z,2025-10-04T13:44:00Z,ARR,med,6.0
52,True,True,TORONTO,OTTAWA,2025-10-04,4,Belleville,BLVL,2025-10-04T14:25:13Z,2025-10-04T14:20:00Z,ARR,med,5.0
52,True,True,TORONTO,OTTAWA,2025-10-04,5,Kingston,KGON,2025-10-04T15:15:04Z,2025-10-04T15:00:00Z,ARR,bad,15.0
52,True,True,TORONTO,OTTAWA,2025-10-04,6,Brockville,BRKV,2025-10-04T16:18:59Z,2025-10-04T15:57:00Z,ARR,bad,21.0
52,True,True,TORONTO,OTTAWA,2025-10-04,7,Smiths Falls,SMTF,2025-10-04T17:01:35Z,2025-10-04T16:35:00Z,ARR,bad,26.0
52,True,True,TORONTO,OTTAWA,2025-10-04,8,Fallowfield,FALL,2025-10-04T17:24:33Z,2025-10-04T17:11:00Z,ARR,med,13.0
52,True,True,TORONTO,OTTAWA,2025-10-04,9,Ottawa,OTTW,2025-10-04T17:44:43Z,2025-10-04T17:32:00Z,ARR,med,12.0
60,True,True,TORONTO,MONTRÉAL,2025-10-04,0,Toronto,TRTO,2025-10-04T10:32:00Z,2025-10-04T10:32:00Z,ARR,goo,0.0
60,True,True,TORONTO,MONTRÉAL,2025-10-04,1,Guildwood,GUIL,2025-10-04T10:47:40Z,2025-10-04T10:50:00Z,ARR,goo,-2.0
60,True,True,TORONTO,MONTRÉAL,2025-10-04,2,Oshawa,OSHA,2025-10-04T11:08:23Z,2025-10-04T11:08:00Z,ARR,goo,0.0
60,True,True,TORONTO,MONTRÉAL,2025-10-04,3,Cobourg,CBRG,2025-10-04T11:46:27Z,2025-10-04T11:43:00Z,ARR,goo,3.0
60,True,True,TORONTO,MONTRÉAL,2025-10-04,4,Belleville,BLVL,2025-10-04T12:37:01Z,2025-10-04T12:18:00Z,ARR,bad,19.0
60,True,True,TORONTO,MONTRÉAL,2025-10-04,5,Kingston,KGON,2025-10-04T13:21:29Z,2025-10-04T12:57:00Z,ARR,bad,24.0
60,True,True,TORONTO,MONTRÉAL,2025-10-04,6,Cornwall,CWLL,2025-10-04T15:12:14Z,2025-10-04T14:38:00Z,ARR,bad,34.0
60,True,True,TORONTO,MONTRÉAL,2025-10-04,7,Dorval,DORV,2025-10-04T16:03:39Z,2025-10-04T15:25:00Z,ARR,bad,38.0
60,True,True,TORONTO,MONTRÉAL,2025-10-04,8,Montréal,MTRL,2025-10-04T16:27:47Z,2025-10-04T15:50:00Z,ARR,bad,37.0
61,True,True,MONTRÉAL,TORONTO,2025-10-04,0,Montréal,MTRL,2025-10-04T10:45:00Z,2025-10-04T10:45:00Z,ARR,goo,0.0
61,True,True,MONTRÉAL,TORONTO,2025-10-04,1,Dorval,DORV,2025-10-04T11:10:56Z,2025-10-04T11:08:00Z,ARR,goo,2.0
61,True,True,MONTRÉAL,TORONTO,2025-10-04,2,Cornwall,CWLL,2025-10-04T12:04:22Z,2025-10-04T12:01:00Z,ARR,goo,3.0
61,True,True,MONTRÉAL,TORONTO,2025-10-04,3,Kingston,KGON,2025-10-04T13:35:43Z,2025-10-04T13:29:00Z,ARR,med,6.0
61,True,True,MONTRÉAL,TORONTO,2025-10-04,4,Belleville,BLVL,2025-10-04T14:19:34Z,2025-10-04T14:11:00Z,ARR,med,8.0
61,True,True,MONTRÉAL,TORONTO,2025-10-04,5,Oshawa,OSHA,2025-10-04T15:27:22Z,2025-10-04T15:19:00Z,ARR,med,8.0
61,True,True,MONTRÉAL,TORONTO,2025-10-04,6,Guildwood,GUIL,2025-10-04T15:47:39Z,2025-10-04T15:43:00Z,ARR,goo,4.0
61,True,True,MONTRÉAL,TORONTO,2025-10-04,7,Toronto,TRTO,2025-10-04T16:06:17Z,2025-10-04T16:03:00Z,ARR,goo,3.0
64,True,True,TORONTO,MONTRÉAL,2025-10-04,0,Toronto,TRTO,2025-10-04T15:38:26Z,2025-10-04T15:38:00Z,ARR,goo,0.0
64,True,True,TORONTO,MONTRÉAL,2025-10-04,1,Guildwood,GUIL,2025-10-04T15:53:40Z,2025-10-04T15:55:00Z,ARR,goo,-1.0
64,True,True,TORONTO,MONTRÉAL,2025-10-04,2,Oshawa,OSHA,2025-10-04T16:13:13Z,2025-10-04T16:09:00Z,ARR,goo,4.0
64,True,True,TORONTO,MONTRÉAL,2025-10-04,3,Cobourg,CBRG,2025-10-04T16:51:23Z,2025-10-04T16:46:00Z,ARR,med,5.0
64,True,True,TORONTO,MONTRÉAL,2025-10-04,4,Belleville,BLVL,2025-10-04T17:26:01Z,2025-10-04T17:22:00Z,ARR,goo,4.0
64,True,True,TORONTO,MONTRÉAL,2025-10-04,5,Kingston,KGON,2025-10-04T18:03:02Z,2025-10-04T18:03:00Z,ARR,goo,0.0
64,True,True,TORONTO,MONTRÉAL,2025-10-04,6,Brockville,BRKV,2025-10-04T18:56:11Z,2025-10-04T18:52:00Z,ARR,goo,4.0
64,True,True,TORONTO,MONTRÉAL,2025-10-04,7,Cornwall,CWLL,2025-10-04T19:41:41Z,2025-10-04T19:42:00Z,ARR,goo,0.0
64,True,True,TORONTO,MONTRÉAL,2025-10-04,8,Dorval,DORV,2025-10-04T20:36:28Z,2025-10-04T20:37:00Z,ARR,goo,0.0
64,True,True,TORONTO,MONTRÉAL,2025-10-04,9,Montréal,MTRL,2025-10-04T21:10:09Z,2025-10-04T21:05:00Z,ARR,med,5.0
65,True,True,MONTRÉAL,TORONTO,2025-10-04,0,Montréal,MTRL,2025-10-04T14:49:00Z,2025-10-04T14:49:00Z,ARR,goo,0.0
65,True,True,MONTRÉAL,TORONTO,2025-10-04,1,Dorval,DORV,2025-10-04T15:12:23Z,2025-10-04T15:12:00Z,ARR,goo,0.0
65,True,True,MONTRÉAL,TORONTO,2025-10-04,2,Cornwall,CWLL,2025-10-04T16:04:51Z,2025-10-04T16:06:00Z,ARR,goo,-1.0
65,True,True,MONTRÉAL,TORONTO,2025-10-04,3,Kingston,KGON,2025-10-04T17:48:23Z,2025-10-04T17:36:00Z,ARR,med,12.0
65,True,True,MONTRÉAL,TORONTO,2025-10-04,4,Belleville,BLVL,2025-10-04T18:26:11Z,2025-10-04T18:20:00Z,ARR,med,6.0
65,True,True,MONTRÉAL,TORONTO,2025-10-04,5,Cobourg,CBRG,2025-10-04T18:58:48Z,2025-10-04T18:58:00Z,ARR,goo,0.0
65,True,True,MONTRÉAL,TORONTO,2025-10-04,6,Oshawa,OSHA,2025-10-04T19:33:13Z,2025-10-04T19:34:00Z,ARR,goo,0.0
65,True,True,MONTRÉAL,TORONTO,2025-10-04,7,Toronto,TRTO,2025-10-04T20:29:47Z,2025-10-04T20:18:00Z,ARR,med,11.0
67,True,True,MONTRÉAL,TORONTO,2025-10-04,0,Montréal,MTRL,2025-10-04T17:22:00Z,2025-10-04T17:22:00Z,ARR,goo,0.0
67,True,True,MONTRÉAL,TORONTO,2025-10-04,1,Dorval,DORV,2025-10-04T17:48:20Z,2025-10-04T17:47:00Z,ARR,goo,1.0
67,True,True,MONTRÉAL,TORONTO,2025-10-04,2,Cornwall,CWLL,2025-10-04T18:54:01Z,2025-10-04T18:38:00Z,ARR,bad,16.0
67,True,True,MONTRÉAL,TORONTO,2025-10-04,3,Kingston,KGON,2025-10-04T20:29:21Z,2025-10-04T20:03:00Z,ARR,bad,26.0
67,True,True,MONTRÉAL,TORONTO,2025-10-04,4,Belleville,BLVL,2025-10-04T21:08:37Z,2025-10-04T20:42:00Z,ARR,bad,26.0
67,True,True,MONTRÉAL,TORONTO,2025-10-04,5,Cobourg,CBRG,2025-10-04T21:43:50Z,2025-10-04T21:17:00Z,ARR,bad,26.0
67,True,True,MONTRÉAL,TORONTO,2025-10-04,6,Oshawa,OSHA,2025-10-04T22:31:38Z,2025-10-04T21:50:00Z,ARR,bad,41.0
67,True,True,MONTRÉAL,TORONTO,2025-10-04,7,Toronto,TRTO,2025-10-04T23:27:25Z,2025-10-04T22:45:00Z,ARR,bad,42.0
70,True,True,WINDSOR,TORONTO,2025-10-04,0,Windsor,WDON,2025-10-04T09:35:00Z,2025-10-04T09:35:00Z,ARR,goo,0.0
70,True,True,WINDSOR,TORONTO,2025-10-04,1,Chatham,CHAT,2025-10-04T10:18:31Z,2025-10-04T10:19:00Z,ARR,goo,0.0
70,True,True,WINDSOR,TORONTO,2025-10-04,2,London,LNDN,2025-10-04T11:34:17Z,2025-10-04T11:25:00Z,ARR,med,9.0
70,True,True,WINDSOR,TORONTO,2025-10-04,3,Ingersoll,INGR,2025-10-04T12:00:08Z,2025-10-04T11:55:00Z,ARR,med,5.0
70,True,True,WINDSOR,TORONTO,2025-10-04,4,Woodstock,WDST,2025-10-04T12:08:33Z,2025-10-04T12:08:00Z,ARR,goo,0.0
70,True,True,WINDSOR,TORONTO,2025-10-04,5,Brantford,BRTF,2025-10-04T12:58:54Z,2025-10-04T12:44:00Z,ARR,med,14.0
70,True,True,WINDSOR,TORONTO,2025-10-04,6,Aldershot,ALDR,2025-10-04T13:29:30Z,2025-10-04T13:25:00Z,ARR,goo,4.0
70,True,True,WINDSOR,TORONTO,2025-10-04,7,Oakville,OAKV,2025-10-04T13:44:13Z,2025-10-04T13:43:00Z,ARR,goo,1.0
70,True,True,WINDSOR,TORONTO,2025-10-04,8,Toronto,TRTO,2025-10-04T14:07:45Z,2025-10-04T14:10:00Z,ARR,goo,-2.0
72,True,True,WINDSOR,TORONTO,2025-10-04,0,Chatham,CHAT,2025-10-04T13:46:43Z,2025-10-04T13:25:00Z,ARR,bad,21.0
72,True,True,WINDSOR,TORONTO,2025-10-04,1,Glencoe,GLNC,2025-10-04T14:52:26Z,2025-10-04T14:05:00Z,ARR,bad,47.0
72,True,True,WINDSOR,TORONTO,2025-10-04,2,London,LNDN,2025-10-04T15:25:50Z,2025-10-04T14:39:00Z,ARR,bad,46.0
72,True,True,WINDSOR,TORONTO,2025-10-04,3,Ingersoll,INGR,2025-10-04T15:56:39Z,2025-10-04T15:07:00Z,ARR,bad,49.0
72,True,True,WINDSOR,TORONTO,2025-10-04,4,Woodstock,WDST,2025-10-04T16:11:23Z,2025-10-04T15:23:00Z,ARR,bad,48.0
72,True,True,WINDSOR,TORONTO,2025-10-04,5,Brantford,BRTF,2025-10-04T16:49:07Z,2025-10-04T15:55:00Z,ARR,bad,54.0
72,True,True,WINDSOR,TORONTO,2025-10-04,6,Aldershot,ALDR,2025-10-04T17:24:48Z,2025-10-04T16:29:00Z,ARR,bad,55.0
72,True,True,WINDSOR,TORONTO,2025-10-04,7,Oakville,OAKV,2025-10-04T17:44:56Z,2025-10-04T16:45:00Z,ARR,bad,59.0
72,True,True,WINDSOR,TORONTO,2025-10-04,8,Toronto,TRTO,2025-10-04T18:12:30Z,2025-10-04T17:11:00Z,ARR,bad,61.0
71,True,True,TORONTO,WINDSOR,2025-10-04,0,Toronto,TRTO,2025-10-04T10:50:00Z,2025-10-04T10:50:00Z,ARR,goo,0.0
71,True,True,TORONTO,WINDSOR,2025-10-04,1,Oakville,OAKV,2025-10-04T11:15:32Z,2025-10-04T11:13:00Z,ARR,goo,2.0
71,True,True,TORONTO,WINDSOR,2025-10-04,2,Aldershot,ALDR,2025-10-04T11:30:48Z,2025-10-04T11:29:00Z,ARR,goo,1.0
71,True,True,TORONTO,WINDSOR,2025-10-04,3,Brantford,BRTF,2025-10-04T12:04:30Z,2025-10-04T11:55:00Z,ARR,med,9.0
71,True,True,TORONTO,WINDSOR,2025-10-04,4,Woodstock,WDST,2025-10-04T12:37:05Z,2025-10-04T12:30:00Z,ARR,med,7.0
71,True,True,TORONTO,WINDSOR,2025-10-04,5,Ingersoll,INGR,2025-10-04T12:50:13Z,2025-10-04T12:43:00Z,ARR,med,7.0
71,True,True,TORONTO,WINDSOR,2025-10-04,6,London,LNDN,2025-10-04T13:12:12Z,2025-10-04T13:06:00Z,ARR,med,6.0
71,True,True,TORONTO,WINDSOR,2025-10-04,7,Glencoe,GLNC,2025-10-04T13:46:24Z,2025-10-04T13:39:00Z,ARR,med,7.0
71,True,True,TORONTO,WINDSOR,2025-10-04,8,Chatham,CHAT,2025-10-04T14:52:37Z,2025-10-04T14:18:00Z,ARR,bad,34.0
71,True,True,TORONTO,WINDSOR,2025-10-04,9,Windsor,WDON,2025-10-04T15:36:59Z,2025-10-04T15:08:00Z,ARR,bad,28.0
73,True,True,TORONTO,WINDSOR,2025-10-04,0,Toronto,TRTO,2025-10-04T15:30:51Z,2025-10-04T15:30:00Z,ARR,goo,0.0
73,True,True,TORONTO,WINDSOR,2025-10-04,1,Oakville,OAKV,2025-10-04T15:56:47Z,2025-10-04T15:51:00Z,ARR,med,5.0
73,True,True,TORONTO,WINDSOR,2025-10-04,2,Aldershot,ALDR,2025-10-04T16:13:56Z,2025-10-04T16:09:00Z,ARR,goo,4.0
73,True,True,TORONTO,WINDSOR,2025-10-04,3,Brantford,BRTF,2025-10-04T17:04:00Z,2025-10-04T16:40:00Z,ARR,bad,24.0
73,True,True,TORONTO,WINDSOR,2025-10-04,4,Woodstock,WDST,2025-10-04T17:37:51Z,2025-10-04T17:09:00Z,ARR,bad,28.0
73,True,True,TORONTO,WINDSOR,2025-10-04,5,London,LNDN,2025-10-04T18:13:20Z,2025-10-04T17:38:00Z,ARR,bad,35.0
73,True,True,TORONTO,WINDSOR,2025-10-04,6,Chatham,CHAT,2025-10-04T19:45:23Z,2025-10-04T18:50:00Z,ARR,bad,55.0
73,True,True,TORONTO,WINDSOR,2025-10-04,7,Windsor,WDON,2025-10-04T20:31:45Z,2025-10-04T19:45:00Z,ARR,bad,46.0
76,True,True,WINDSOR,TORONTO,2025-10-04,0,Windsor,WDON,2025-10-04T17:41:00Z,2025-10-04T17:06:00Z,ARR,bad,35.0
76,True,True,WINDSOR,TORONTO,2025-10-04,1,Chatham,CHAT,2025-10-04T18:23:15Z,2025-10-04T17:48:00Z,ARR,bad,35.0
76,True,True,WINDSOR,TORONTO,2025-10-04,2,Glencoe,GLNC,2025-10-04T19:10:23Z,2025-10-04T18:23:00Z,ARR,bad,47.0
76,True,True,WINDSOR,TORONTO,2025-10-04,3,London,LNDN,2025-10-04T19:42:24Z,2025-10-04T18:58:00Z,ARR,bad,44.0
76,True,True,WINDSOR,TORONTO,2025-10-04,4,Brantford,BRTF,2025-10-04T20:47:39Z,2025-10-04T19:59:00Z,ARR,bad,48.0
76,True,True,WINDSOR,TORONTO,2025-10-04,5,Aldershot,ALDR,2025-10-04T21:29:13Z,2025-10-04T20:30:00Z,ARR,bad,59.0
76,True,True,WINDSOR,TORONTO,2025-10-04,6,Oakville,OAKV,2025-10-04T21:51:47Z,2025-10-04T20:47:00Z,ARR,bad,64.0
76,True,True,WINDSOR,TORONTO,2025-10-04,7,Toronto,TRTO,2025-10-04T22:22:18Z,2025-10-04T21:13:00Z,ARR,bad,69.0
82,True,True,LONDON,TORONTO,2025-10-04,0,London,LNDN,2025-10-04T10:25:00Z,2025-10-04T10:25:00Z,ARR,goo,0.0
82,True,True,LONDON,TORONTO,2025-10-04,1,Woodstock,WDST,2025-10-04T10:58:36Z,2025-10-04T10:53:00Z,ARR,med,5.0
82,True,True,LONDON,TORONTO,2025-10-04,2,Brantford,BRTF,2025-10-04T11:32:05Z,2025-10-04T11:23:00Z,ARR,med,9.0
82,True,True,LONDON,TORONTO,2025-10-04,3,Toronto,TRTO,2025-10-04T12:34:47Z,2025-10-04T12:35:00Z,ARR,goo,0.0
84,True,True,SARNIA,TORONTO,2025-10-04,0,Sarnia,SARN,2025-10-04T12:40:00Z,2025-10-04T12:40:00Z,ARR,goo,0.0
84,True,True,SARNIA,TORONTO,2025-10-04,1,Wyoming,WYOM,2025-10-04T13:28:23Z,2025-10-04T12:55:00Z,ARR,bad,33.0
84,True,True,SARNIA,TORONTO,2025-10-04,2,Strathroy,STRR,2025-10-04T13:53:18Z,2025-10-04T13:27:00Z,ARR,bad,26.0
84,True,True,SARNIA,TORONTO,2025-10-04,3,London,LNDN,2025-10-04T14:20:48Z,2025-10-04T13:52:00Z,ARR,bad,28.0
84,True,True,SARNIA,TORONTO,2025-10-04,4,St.Marys,SMYS,2025-10-04T15:21:35Z,2025-10-04T14:45:00Z,ARR,bad,36.0
84,True,True,SARNIA,TORONTO,2025-10-04,5,Stratford,STRF,2025-10-04T15:50:54Z,2025-10-04T15:14:00Z,ARR,bad,36.0
84,True,True,SARNIA,TORONTO,2025-10-04,6,Kitchener,KITC,2025-10-04T16:41:14Z,2025-10-04T16:02:00Z,ARR,bad,39.0
84,True,True,SARNIA,TORONTO,2025-10-04,7,Guelph,GUEL,2025-10-04T17:08:19Z,2025-10-04T16:24:00Z,ARR,bad,44.0
84,True,True,SARNIA,TORONTO,2025-10-04,8,Georgetown,GEOR,2025-10-04T17:34:46Z,2025-10-04T16:47:00Z,ARR,bad,47.0
84,True,True,SARNIA,TORONTO,2025-10-04,9,Brampton,BRMP,2025-10-04T17:47:12Z,2025-10-04T16:59:00Z,ARR,bad,48.0
84,True,True,SARNIA,TORONTO,2025-10-04,10,Malton,MALT,2025-10-04T18:01:24Z,2025-10-04T17:11:00Z,ARR,bad,50.0
84,True,True,SARNIA,TORONTO,2025-10-04,11,Toronto,TRTO,2025-10-04T18:24:57Z,2025-10-04T17:38:00Z,ARR,bad,46.0
644,True,True,TORONTO,OTTAWA,2025-10-04,0,Toronto,TRTO,2025-10-04T17:44:37Z,2025-10-04T17:23:00Z,ARR,bad,21.0
644,True,True,TORONTO,OTTAWA,2025-10-04,1,Oshawa,OSHA,2025-10-04T18:17:27Z,2025-10-04T17:53:00Z,ARR,bad,24.0
644,True,True,TORONTO,OTTAWA,2025-10-04,2,Cobourg,CBRG,2025-10-04T18:50:56Z,2025-10-04T18:28:00Z,ARR,bad,22.0
644,True,True,TORONTO,OTTAWA,2025-10-04,3,Belleville,BLVL,2025-10-04T19:23:24Z,2025-10-04T19:03:00Z,ARR,bad,20.0
644,True,True,TORONTO,OTTAWA,2025-10-04,4,Kingston,KGON,2025-10-04T19:59:16Z,2025-10-04T19:43:00Z,ARR,bad,16.0
644,True,True,TORONTO,OTTAWA,2025-10-04,5,Fallowfield,FALL,2025-10-04T21:44:25Z,2025-10-04T21:30:00Z,ARR,med,14.0
644,True,True,TORONTO,OTTAWA,2025-10-04,6,Ottawa,OTTW,2025-10-04T22:04:15Z,2025-10-04T21:53:00Z,ARR,med,11.0
62,True,True,TORONTO,MONTRÉAL,2025-10-04,0,Toronto,TRTO,2025-10-04T12:32:00Z,2025-10-04T12:32:00Z,ARR,goo,0.0
62,True,True,TORONTO,MONTRÉAL,2025-10-04,1,Guildwood,GUIL,2025-10-04T12:48:59Z,2025-10-04T12:50:00Z,ARR,goo,-1.0
62,True,True,TORONTO,MONTRÉAL,2025-10-04,2,Oshawa,OSHA,2025-10-04T13:07:53Z,2025-10-04T13:09:00Z,ARR,goo,-1.0
62,True,True,TORONTO,MONTRÉAL,2025-10-04,3,Cobourg,CBRG,2025-10-04T13:49:17Z,2025-10-04T13:44:00Z,ARR,med,5.0
62,True,True,TORONTO,MONTRÉAL,2025-10-04,4,Belleville,BLVL,2025-10-04T14:25:10Z,2025-10-04T14:20:00Z,ARR,med,5.0
62,True,True,TORONTO,MONTRÉAL,2025-10-04,5,Kingston,KGON,2025-10-04T15:14:56Z,2025-10-04T15:00:00Z,ARR,med,14.0
62,True,True,TORONTO,MONTRÉAL,2025-10-04,6,Cornwall,CWLL,2025-10-04T17:18:00Z,2025-10-04T16:43:00Z,ARR,bad,35.0
62,True,True,TORONTO,MONTRÉAL,2025-10-04,7,Dorval,DORV,2025-10-04T18:17:50Z,2025-10-04T17:34:00Z,ARR,bad,43.0
62,True,True,TORONTO,MONTRÉAL,2025-10-04,8,Montréal,MTRL,2025-10-04T18:43:32Z,2025-10-04T18:00:00Z,ARR,bad,43.0
97,True,True,TORONTO,NIAGARA FALLS,2025-10-04,0,Toronto,TRTO,2025-10-04T12:20:00Z,2025-10-04T12:20:00Z,ARR,goo,0.0
97,True,True,TORONTO,NIAGARA FALLS,2025-10-04,1,Oakville,OAKV,2025-10-04T12:43:00Z,2025-10-04T12:43:00Z,ARR,goo,0.0
97,True,True,TORONTO,NIAGARA FALLS,2025-10-04,2,Aldershot,ALDR,2025-10-04T12:56:00Z,2025-10-04T12:56:00Z,ARR,goo,0.0
97,True,True,TORONTO,NIAGARA FALLS,2025-10-04,3,Grimsby,GRIM,2025-10-04T13:37:00Z,2025-10-04T13:37:00Z,ARR,goo,0.0
97,True,True,TORONTO,NIAGARA FALLS,2025-10-04,4,St. Catharines,SCAT,2025-10-04T13:57:00Z,2025-10-04T13:57:00Z,ARR,goo,0.0
97,True,True,TORONTO,NIAGARA FALLS,2025-10-04,5,Niagara Falls,NIAG,2025-10-04T14:20:00Z,2025-10-04T14:20:00Z,ARR,goo,0.0
643,True,True,OTTAWA,TORONTO,2025-10-04,0,Ottawa,OTTW,2025-10-04T12:29:20Z,2025-10-04T12:29:00Z,ARR,goo,0.0
643,True,True,OTTAWA,TORONTO,2025-10-04,1,Fallowfield,FALL,2025-10-04T12:45:55Z,2025-10-04T12:45:00Z,ARR,goo,0.0
643,True,True,OTTAWA,TORONTO,2025-10-04,2,Smiths Falls,SMTF,2025-10-04T13:20:45Z,2025-10-04T13:17:00Z,ARR,goo,3.0
643,True,True,OTTAWA,TORONTO,2025-10-04,3,Brockville,BRKV,2025-10-04T13:54:48Z,2025-10-04T13:49:00Z,ARR,med,5.0
643,True,True,OTTAWA,TORONTO,2025-10-04,4,Kingston,KGON,2025-10-04T14:38:30Z,2025-10-04T14:32:00Z,ARR,med,6.0
643,True,True,OTTAWA,TORONTO,2025-10-04,5,Napanee,NAPN,2025-10-04T15:03:57Z,2025-10-04T14:57:00Z,ARR,med,6.0
643,True,True,OTTAWA,TORONTO,2025-10-04,6,Belleville,BLVL,2025-10-04T15:22:32Z,2025-10-04T15:17:00Z,ARR,med,5.0
643,True,True,OTTAWA,TORONTO,2025-10-04,7,Trenton Jct.,TRNJ,2025-10-04T15:38:48Z,2025-10-04T15:31:00Z,ARR,med,7.0
643,True,True,OTTAWA,TORONTO,2025-10-04,8,Cobourg,CBRG,2025-10-04T16:08:16Z,2025-10-04T15:57:00Z,ARR,med,11.0
643,True,True,OTTAWA,TORONTO,2025-10-04,9,Port Hope,PHOP,2025-10-04T16:21:27Z,2025-10-04T16:07:00Z,ARR,med,14.0
643,True,True,OTTAWA,TORONTO,2025-10-04,10,Oshawa,OSHA,2025-10-04T16:47:08Z,2025-10-04T16:35:00Z,ARR,med,12.0
643,True,True,OTTAWA,TORONTO,2025-10-04,11,Guildwood,GUIL,2025-10-04T17:12:02Z,2025-10-04T16:58:00Z,ARR,med,14.0
643,True,True,OTTAWA,TORONTO,2025-10-04,12,Toronto,TRTO,2025-10-04T17:30:01Z,2025-10-04T17:18:00Z,ARR,med,12.0
622,True,True,MONTRÉAL,QUÉBEC,2025-10-04,0,Montréal,MTRL,2025-10-04T12:20:00Z,2025-10-04T12:20:00Z,ARR,goo,0.0
622,True,True,MONTRÉAL,QUÉBEC,2025-10-04,1,St. Lambert,SLAM,2025-10-04T12:33:54Z,2025-10-04T12:33:00Z,ARR,goo,0.0
622,True,True,MONTRÉAL,QUÉBEC,2025-10-04,2,St. Hyacinthe,SHYA,2025-10-04T13:03:10Z,2025-10-04T13:00:00Z,ARR,goo,3.0
622,True,True,MONTRÉAL,QUÉBEC,2025-10-04,3,Drummondville,DRMV,2025-10-04T13:38:58Z,2025-10-04T13:29:00Z,ARR,med,9.0
622,True,True,MONTRÉAL,QUÉBEC,2025-10-04,4,Ste-Foy,SFOY,2025-10-04T15:19:06Z,2025-10-04T15:11:00Z,ARR,med,8.0
622,True,True,MONTRÉAL,QUÉBEC,2025-10-04,5,Québec,QBEC,2025-10-04T15:47:56Z,2025-10-04T15:39:00Z,ARR,med,8.0
45,True,True,OTTAWA,TORONTO,2025-10-04,0,Ottawa,OTTW,2025-10-04T14:24:00Z,2025-10-04T14:24:00Z,ARR,goo,0.0
45,True,True,OTTAWA,TORONTO,2025-10-04,1,Fallowfield,FALL,2025-10-04T14:40:13Z,2025-10-04T14:40:00Z,ARR,goo,0.0
45,True,True,OTTAWA,TORONTO,2025-10-04,2,Kingston,KGON,2025-10-04T16:28:29Z,2025-10-04T16:26:00Z,ARR,goo,2.0
45,True,True,OTTAWA,TORONTO,2025-10-04,3,Toronto,TRTO,2025-10-04T18:53:40Z,2025-10-04T18:48:00Z,ARR,med,5.0
633,True,True,MONTRÉAL,OTTAWA,2025-10-04,0,Montréal,MTRL,2025-10-04T13:00:00Z,2025-10-04T13:00:00Z,ARR,goo,0.0
633,True,True,MONTRÉAL,OTTAWA,2025-10-04,1,Dorval,DORV,2025-10-04T13:25:59Z,2025-10-04T13:24:00Z,ARR,goo,1.0
633,True,True,MONTRÉAL,OTTAWA,2025-10-04,2,Alexandria,ALEX,2025-10-04T14:20:30Z,2025-10-04T14:11:00Z,ARR,med,9.0
633,True,True,MONTRÉAL,OTTAWA,2025-10-04,3,Casselman,CSLM,2025-10-04T14:42:06Z,2025-10-04T14:34:00Z,ARR,med,8.0
633,True,True,MONTRÉAL,OTTAWA,2025-10-04,4,Ottawa,OTTW,2025-10-04T15:06:50Z,2025-10-04T15:05:00Z,ARR,goo,1.0
185,True,True,SUDBURY,WHITE RIVER,2025-10-04,0,Sudbury,SUDB,2025-10-04T13:00:00Z,2025-10-04T13:00:00Z,ARR,goo,0.0
185,True,True,SUDBURY,WHITE RIVER,2025-10-04,1,Azilda,AZIL,2025-10-04T13:28:31Z,2025-10-04T13:10:00Z,ARR,bad,18.0
185,True,True,SUDBURY,WHITE RIVER,2025-10-04,2,Chelmsford,CHEL,2025-10-04T13:31:19Z,2025-10-04T13:15:00Z,ARR,bad,16.0
185,True,True,SUDBURY,WHITE RIVER,2025-10-04,3,Larchwood,LARC,2025-10-04T13:35:14Z,2025-10-04T13:19:00Z,ARR,bad,16.0
185,True,True,SUDBURY,WHITE RIVER,2025-10-04,4,Levack,LEVA,2025-10-04T13:46:51Z,2025-10-04T13:30:00Z,ARR,bad,16.0
185,True,True,SUDBURY,WHITE RIVER,2025-10-04,5,Cartier,CART,2025-10-04T14:03:09Z,2025-10-04T13:45:00Z,ARR,bad,18.0
185,True,True,SUDBURY,WHITE RIVER,2025-10-04,6,Benny,BENN,2025-10-04T14:16:47Z,2025-10-04T14:05:00Z,ARR,med,11.0
185,True,True,SUDBURY,WHITE RIVER,2025-10-04,7,Stralak,STRL,2025-10-04T14:21:23Z,2025-10-04T14:12:00Z,ARR,med,9.0
185,True,True,SUDBURY,WHITE RIVER,2025-10-04,8,Pogamasing,POGA,2025-10-04T14:32:41Z,2025-10-04T14:25:00Z,ARR,med,7.0
185,True,True,SUDBURY,WHITE RIVER,2025-10-04,9,Sheahan,SHEA,2025-10-04T14:38:15Z,2025-10-04T14:30:00Z,ARR,med,8.0
185,True,True,SUDBURY,WHITE RIVER,2025-10-04,10,Forks,FRKS,2025-10-04T14:48:15Z,2025-10-04T14:40:00Z,ARR,med,8.0
185,True,True,SUDBURY,WHITE RIVER,2025-10-04,11,Metagama,MTGM,2025-10-04T14:58:15Z,2025-10-04T14:50:00Z,ARR,med,8.0
185,True,True,SUDBURY,WHITE RIVER,2025-10-04,12,Sinker,SNKR,2025-10-04T15:03:15Z,2025-10-04T14:55:00Z,ARR,med,8.0
185,True,True,SUDBURY,WHITE RIVER,2025-10-04,13,Biscotasing,BISC,2025-10-04T15:25:30Z,2025-10-04T15:20:00Z,ARR,med,5.0
185,True,True,SUDBURY,WHITE RIVER,2025-10-04,14,Roberts,RBRT,2025-10-04T15:35:30Z,2025-10-04T15:30:00Z,ARR,med,5.0
185,True,True,SUDBURY,WHITE RIVER,2025-10-04,15,Ramsey,RAMS,2025-10-04T15:50:30Z,2025-10-04T15:45:00Z,ARR,med,5.0
185,True,True,SUDBURY,WHITE RIVER,2025-10-04,16,Woman River,WOMR,2025-10-04T16:10:30Z,2025-10-04T16:05:00Z,ARR,med,5.0
185,True,True,SUDBURY,WHITE RIVER,2025-10-04,17,Sultan,SULT,2025-10-04T16:25:30Z,2025-10-04T16:20:00Z,ARR,med,5.0
185,True,True,SUDBURY,WHITE RIVER,2025-10-04,18,Kormak,KORM,2025-10-04T16:40:30Z,2025-10-04T16:35:00Z,ARR,med,5.0
185,True,True,SUDBURY,WHITE RIVER,2025-10-04,19,Kinogama,KINO,2025-10-04T16:45:30Z,2025-10-04T16:40:00Z,ARR,med,5.0
185,True,True,SUDBURY,WHITE RIVER,2025-10-04,20,Nemegos,NEME,2025-10-04T17:00:30Z,2025-10-04T16:55:00Z,ARR,med,5.0
185,True,True,SUDBURY,WHITE RIVER,2025-10-04,21,Devon,DEVN,2025-10-04T17:00:36Z,2025-10-04T17:05:00Z,ARR,goo,-4.0
185,True,True,SUDBURY,WHITE RIVER,2025-10-04,22,Chapleau,CHAP,2025-10-04T17:26:08Z,2025-10-04T17:20:00Z,ARR,med,6.0
185,True,True,SUDBURY,WHITE RIVER,2025-10-04,23,Esher,ESHR,2025-10-04T17:47:23Z,2025-10-04T17:50:00Z,ARR,goo,-2.0
185,True,True,SUDBURY,WHITE RIVER,2025-10-04,24,Musk,MUSK,2025-10-04T17:57:34Z,2025-10-04T18:00:00Z,ARR,goo,-2.0
185,True,True,SUDBURY,WHITE RIVER,2025-10-04,25,Nicholson,NICH,2025-10-04T18:03:43Z,2025-10-04T18:10:00Z,ARR,goo,-6.0
185,True,True,SUDBURY,WHITE RIVER,2025-10-04,26,Bolkow,BOLK,2025-10-04T18:21:05Z,2025-10-04T18:30:00Z,ARR,goo,-8.0
185,True,True,SUDBURY,WHITE RIVER,2025-10-04,27,Dalton,DALT,2025-10-04T18:45:00Z,2025-10-04T18:45:00Z,ARR,goo,0.0
185,True,True,SUDBURY,WHITE RIVER,2025-10-04,28,Missanabie,MSBI,2025-10-04T19:10:00Z,2025-10-04T19:10:00Z,ARR,goo,0.0
185,True,True,SUDBURY,WHITE RIVER,2025-10-04,29,Lochalsh,LOCH,2025-10-04T19:30:00Z,2025-10-04T19:30:00Z,ARR,goo,0.0
185,True,True,SUDBURY,WHITE RIVER,2025-10-04,30,Franz,FRNZ,2025-10-04T20:07:20Z,2025-10-04T19:50:00Z,ARR,bad,17.0
185,True,True,SUDBURY,WHITE RIVER,2025-10-04,31,Swanson,SWAN,2025-10-04T20:16:23Z,2025-10-04T20:00:00Z,ARR,bad,16.0
185,True,True,SUDBURY,WHITE RIVER,2025-10-04,32,Girdwood,GIRD,2025-10-04T20:42:12Z,2025-10-04T20:25:00Z,ARR,bad,17.0
185,True,True,SUDBURY,WHITE RIVER,2025-10-04,33,Amyot,AMYO,2025-10-04T20:46:32Z,2025-10-04T20:35:00Z,ARR,med,11.0
185,True,True,SUDBURY,WHITE RIVER,2025-10-04,34,O'Brien,OBRI,2025-10-04T20:59:47Z,2025-10-04T20:50:00Z,ARR,med,9.0
185,True,True,SUDBURY,WHITE RIVER,2025-10-04,35,White River,WHTR,2025-10-04T21:12:51Z,2025-10-04T21:05:00Z,ARR,med,7.0
637,True,True,QUÉBEC,OTTAWA,2025-10-04,0,Québec,QBEC,2025-10-04T14:00:00Z,2025-10-04T14:00:00Z,ARR,goo,0.0
637,True,True,QUÉBEC,OTTAWA,2025-10-04,1,Ste-Foy,SFOY,2025-10-04T14:27:27Z,2025-10-04T14:25:00Z,ARR,goo,2.0
637,True,True,QUÉBEC,OTTAWA,2025-10-04,2,Drummondville,DRMV,2025-10-04T16:01:46Z,2025-10-04T16:08:00Z,ARR,goo,-6.0
637,True,True,QUÉBEC,OTTAWA,2025-10-04,3,St. Lambert,SLAM,2025-10-04T17:26:59Z,2025-10-04T17:16:00Z,ARR,med,10.0
637,True,True,QUÉBEC,OTTAWA,2025-10-04,4,Montréal,MTRL,2025-10-04T17:40:53Z,2025-10-04T17:31:00Z,ARR,med,9.0
637,True,True,QUÉBEC,OTTAWA,2025-10-04,5,Dorval,DORV,2025-10-04T18:39:50Z,2025-10-04T18:20:00Z,ARR,bad,19.0
637,True,True,QUÉBEC,OTTAWA,2025-10-04,6,Alexandria,ALEX,2025-10-04T19:33:16Z,2025-10-04T19:10:00Z,ARR,bad,23.0
637,True,True,QUÉBEC,OTTAWA,2025-10-04,7,Ottawa,OTTW,2025-10-04T20:30:59Z,2025-10-04T19:56:00Z,ARR,bad,34.0
63,True,True,MONTRÉAL,TORONTO,2025-10-04,0,Montréal,MTRL,2025-10-04T12:46:00Z,2025-10-04T12:46:00Z,ARR,goo,0.0
63,True,True,MONTRÉAL,TORONTO,2025-10-04,1,Dorval,DORV,2025-10-04T13:10:03Z,2025-10-04T13:11:00Z,ARR,goo,0.0
63,True,True,MONTRÉAL,TORONTO,2025-10-04,2,Cornwall,CWLL,2025-10-04T14:14:34Z,2025-10-04T14:04:00Z,ARR,med,10.0
63,True,True,MONTRÉAL,TORONTO,2025-10-04,3,Brockville,BRKV,2025-10-04T15:03:42Z,2025-10-04T14:54:00Z,ARR,med,9.0
63,True,True,MONTRÉAL,TORONTO,2025-10-04,4,Kingston,KGON,2025-10-04T15:48:47Z,2025-10-04T15:39:00Z,ARR,med,9.0
63,True,True,MONTRÉAL,TORONTO,2025-10-04,5,Belleville,BLVL,2025-10-04T16:54:38Z,2025-10-04T16:20:00Z,ARR,bad,34.0
63,True,True,MONTRÉAL,TORONTO,2025-10-04,6,Cobourg,CBRG,2025-10-04T17:29:59Z,2025-10-04T16:58:00Z,ARR,bad,31.0
63,True,True,MONTRÉAL,TORONTO,2025-10-04,7,Oshawa,OSHA,2025-10-04T18:07:01Z,2025-10-04T17:34:00Z,ARR,bad,33.0
63,True,True,MONTRÉAL,TORONTO,2025-10-04,8,Guildwood,GUIL,2025-10-04T18:28:46Z,2025-10-04T17:58:00Z,ARR,bad,30.0
63,True,True,MONTRÉAL,TORONTO,2025-10-04,9,Toronto,TRTO,2025-10-04T18:46:41Z,2025-10-04T18:18:00Z,ARR,bad,28.0
624,True,True,OTTAWA,QUÉBEC,2025-10-04,0,Ottawa,OTTW,2025-10-04T11:45:00Z,2025-10-04T11:45:00Z,ARR,goo,0.0
624,True,True,OTTAWA,QUÉBEC,2025-10-04,1,Alexandria,ALEX,2025-10-04T12:26:12Z,2025-10-04T12:31:00Z,ARR,goo,-4.0
624,True,True,OTTAWA,QUÉBEC,2025-10-04,2,Dorval,DORV,2025-10-04T13:40:54Z,2025-10-04T13:16:00Z,ARR,bad,24.0
624,True,True,OTTAWA,QUÉBEC,2025-10-04,3,Montréal,MTRL,2025-10-04T14:03:28Z,2025-10-04T13:39:00Z,ARR,bad,24.0
624,True,True,OTTAWA,QUÉBEC,2025-10-04,4,St. Lambert,SLAM,2025-10-04T14:54:28Z,2025-10-04T14:28:00Z,ARR,bad,26.0
624,True,True,OTTAWA,QUÉBEC,2025-10-04,5,St. Hyacinthe,SHYA,2025-10-04T15:36:55Z,2025-10-04T15:06:00Z,ARR,bad,30.0
624,True,True,OTTAWA,QUÉBEC,2025-10-04,6,Drummondville,DRMV,2025-10-04T16:08:49Z,2025-10-04T15:34:00Z,ARR,bad,34.0
624,True,True,OTTAWA,QUÉBEC,2025-10-04,7,Charny,CHNY,2025-10-04T18:07:34Z,2025-10-04T17:13:00Z,ARR,bad,54.0
624,True,True,OTTAWA,QUÉBEC,2025-10-04,8,Ste-Foy,SFOY,2025-10-04T18:18:58Z,2025-10-04T17:20:00Z,ARR,bad,58.0
624,True,True,OTTAWA,QUÉBEC,2025-10-04,9,Québec,QBEC,2025-10-04T18:47:02Z,2025-10-04T17:48:00Z,ARR,bad,59.0
47,True,True,OTTAWA,TORONTO,2025-10-04,0,Ottawa,OTTW,2025-10-04T16:23:00Z,2025-10-04T16:23:00Z,ARR,goo,0.0
47,True,True,OTTAWA,TORONTO,2025-10-04,1,Fallowfield,FALL,2025-10-04T16:39:12Z,2025-10-04T16:40:00Z,ARR,goo,0.0
47,True,True,OTTAWA,TORONTO,2025-10-04,2,Smiths Falls,SMTF,2025-10-04T17:25:37Z,2025-10-04T17:18:00Z,ARR,med,7.0
47,True,True,OTTAWA,TORONTO,2025-10-04,3,Brockville,BRKV,2025-10-04T17:56:11Z,2025-10-04T17:54:00Z,ARR,goo,2.0
47,True,True,OTTAWA,TORONTO,2025-10-04,4,Gananoque,GANA,2025-10-04T18:24:44Z,2025-10-04T18:22:00Z,ARR,goo,2.0
47,True,True,OTTAWA,TORONTO,2025-10-04,5,Kingston,KGON,2025-10-04T18:50:33Z,2025-10-04T18:45:00Z,ARR,med,5.0
47,True,True,OTTAWA,TORONTO,2025-10-04,6,Belleville,BLVL,2025-10-04T19:40:10Z,2025-10-04T19:26:00Z,ARR,med,14.0
47,True,True,OTTAWA,TORONTO,2025-10-04,7,Oshawa,OSHA,2025-10-04T21:03:42Z,2025-10-04T20:33:00Z,ARR,bad,30.0
47,True,True,OTTAWA,TORONTO,2025-10-04,8,Guildwood,GUIL,2025-10-04T21:33:17Z,2025-10-04T20:58:00Z,ARR,bad,35.0
47,True,True,OTTAWA,TORONTO,2025-10-04,9,Toronto,TRTO,2025-10-04T21:58:25Z,2025-10-04T21:30:00Z,ARR,bad,28.0
40,True,True,TORONTO,OTTAWA,2025-10-04,0,Toronto,TRTO,2025-10-04T14:38:21Z,2025-10-04T14:38:00Z,ARR,goo,0.0
40,True,True,TORONTO,OTTAWA,2025-10-04,1,Belleville,BLVL,2025-10-04T16:21:00Z,2025-10-04T16:09:00Z,ARR,med,12.0
40,True,True,TORONTO,OTTAWA,2025-10-04,2,Kingston,KGON,2025-10-04T17:15:51Z,2025-10-04T16:48:00Z,ARR,bad,27.0
40,True,True,TORONTO,OTTAWA,2025-10-04,3,Fallowfield,FALL,2025-10-04T19:01:21Z,2025-10-04T18:38:00Z,ARR,bad,23.0
40,True,True,TORONTO,OTTAWA,2025-10-04,4,Ottawa,OTTW,2025-10-04T19:20:07Z,2025-10-04T19:02:00Z,ARR,bad,18.0
35,True,True,QUÉBEC,OTTAWA,2025-10-04,0,Québec,QBEC,2025-10-04T12:06:00Z,2025-10-04T12:06:00Z,ARR,goo,0.0
35,True,True,QUÉBEC,OTTAWA,2025-10-04,1,Ste-Foy,SFOY,2025-10-04T12:32:25Z,2025-10-04T12:31:00Z,ARR,goo,1.0
35,True,True,QUÉBEC,OTTAWA,2025-10-04,2,Charny,CHNY,2025-10-04T12:41:44Z,2025-10-04T12:40:00Z,ARR,goo,1.0
35,True,True,QUÉBEC,OTTAWA,2025-10-04,3,Drummondville,DRMV,2025-10-04T14:15:14Z,2025-10-04T14:14:00Z,ARR,goo,1.0
35,True,True,QUÉBEC,OTTAWA,2025-10-04,4,St. Hyacinthe,SHYA,2025-10-04T14:47:50Z,2025-10-04T14:44:00Z,ARR,goo,3.0
35,True,True,QUÉBEC,OTTAWA,2025-10-04,5,St. Lambert,SLAM,2025-10-04T15:36:11Z,2025-10-04T15:11:00Z,ARR,bad,25.0
35,True,True,QUÉBEC,OTTAWA,2025-10-04,6,Montréal,MTRL,2025-10-04T15:51:55Z,2025-10-04T15:26:00Z,ARR,bad,25.0
35,True,True,QUÉBEC,OTTAWA,2025-10-04,7,Dorval,DORV,2025-10-04T16:42:46Z,2025-10-04T16:18:00Z,ARR,bad,24.0
35,True,True,QUÉBEC,OTTAWA,2025-10-04,8,Coteau,COTO,2025-10-04T17:13:45Z,2025-10-04T16:46:00Z,ARR,bad,27.0
35,True,True,QUÉBEC,OTTAWA,2025-10-04,9,Alexandria,ALEX,2025-10-04T17:34:44Z,2025-10-04T17:08:00Z,ARR,bad,26.0
35,True,True,QUÉBEC,OTTAWA,2025-10-04,10,Casselman,CSLM,2025-10-04T17:56:02Z,2025-10-04T17:31:00Z,ARR,bad,25.0
35,True,True,QUÉBEC,OTTAWA,2025-10-04,11,Ottawa,OTTW,2025-10-04T18:20:43Z,2025-10-04T17:58:00Z,ARR,bad,22.0
39,True,True,QUÉBEC,OTTAWA,2025-10-04,0,Québec,QBEC,2025-10-04T19:15:53Z,2025-10-04T18:57:00Z,ARR,bad,18.0
39,True,True,QUÉBEC,OTTAWA,2025-10-04,1,Ste-Foy,SFOY,2025-10-04T19:41:10Z,2025-10-04T19:22:00Z,ARR,bad,19.0
39,True,True,QUÉBEC,OTTAWA,2025-10-04,2,Drummondville,DRMV,2025-10-04T21:19:22Z,2025-10-04T20:58:00Z,ARR,bad,21.0
39,True,True,QUÉBEC,OTTAWA,2025-10-04,3,St. Lambert,SLAM,2025-10-04T22:22:37Z,2025-10-04T21:57:00Z,ARR,bad,25.0
39,True,True,QUÉBEC,OTTAWA,2025-10-04,4,Montréal,MTRL,2025-10-04T22:37:44Z,2025-10-04T22:11:00Z,ARR,bad,26.0
39,True,True,QUÉBEC,OTTAWA,2025-10-04,5,Dorval,DORV,2025-10-04T23:24:14Z,2025-10-04T23:14:00Z,ARR,med,10.0
39,True,True,QUÉBEC,OTTAWA,2025-10-04,6,Coteau,COTO,2025-10-04T23:54:12Z,2025-10-04T23:43:00Z,ARR,med,11.0
39,True,True,QUÉBEC,OTTAWA,2025-10-04,7,Alexandria,ALEX,2025-10-05T00:20:53Z,2025-10-05T00:06:00Z,ARR,med,14.0
39,True,True,QUÉBEC,OTTAWA,2025-10-04,8,Ottawa,OTTW,2025-10-05T01:00:53Z,2025-10-05T00:51:00Z,ARR,med,9.0
26,True,True,OTTAWA,QUÉBEC,2025-10-04,0,Ottawa,OTTW,2025-10-04T18:18:36Z,2025-10-04T18:17:00Z,ARR,goo,1.0
26,True,True,OTTAWA,QUÉBEC,2025-10-04,1,Alexandria,ALEX,2025-10-04T19:02:07Z,2025-10-04T19:03:00Z,ARR,goo,0.0
26,True,True,OTTAWA,QUÉBEC,2025-10-04,2,Coteau,COTO,2025-10-04T19:29:27Z,2025-10-04T19:26:00Z,ARR,goo,3.0
26,True,True,OTTAWA,QUÉBEC,2025-10-04,3,Dorval,DORV,2025-10-04T19:54:20Z,2025-10-04T19:49:00Z,ARR,med,5.0
26,True,True,OTTAWA,QUÉBEC,2025-10-04,4,Montréal,MTRL,2025-10-04T20:18:50Z,2025-10-04T20:15:00Z,ARR,goo,3.0
26,True,True,OTTAWA,QUÉBEC,2025-10-04,5,St. Lambert,SLAM,2025-10-04T21:06:35Z,2025-10-04T20:53:00Z,ARR,med,13.0
26,True,True,OTTAWA,QUÉBEC,2025-10-04,6,St. Hyacinthe,SHYA,2025-10-04T21:34:14Z,2025-10-04T21:20:00Z,ARR,med,14.0
26,True,True,OTTAWA,QUÉBEC,2025-10-04,7,Drummondville,DRMV,2025-10-04T22:10:12Z,2025-10-04T22:05:00Z,ARR,med,5.0
26,True,True,OTTAWA,QUÉBEC,2025-10-04,8,Charny,CHNY,2025-10-04T23:44:04Z,2025-10-04T23:44:00Z,ARR,goo,0.0
26,True,True,OTTAWA,QUÉBEC,2025-10-04,9,Ste-Foy,SFOY,2025-10-04T23:53:23Z,2025-10-04T23:52:00Z,ARR,goo,1.0
26,True,True,OTTAWA,QUÉBEC,2025-10-04,10,Québec,QBEC,2025-10-05T00:23:39Z,2025-10-05T00:19:00Z,ARR,goo,4.0
66,True,True,TORONTO,MONTRÉAL,2025-10-04,0,Toronto,TRTO,2025-10-04T19:37:00Z,2025-10-04T19:23:00Z,ARR,med,14.0
66,True,True,TORONTO,MONTRÉAL,2025-10-04,1,Guildwood,GUIL,2025-10-04T19:56:40Z,2025-10-04T19:40:00Z,ARR,bad,16.0
66,True,True,TORONTO,MONTRÉAL,2025-10-04,2,Oshawa,OSHA,2025-10-04T20:16:37Z,2025-10-04T19:54:00Z,ARR,bad,22.0
66,True,True,TORONTO,MONTRÉAL,2025-10-04,3,Belleville,BLVL,2025-10-04T21:22:25Z,2025-10-04T21:00:00Z,ARR,bad,22.0
66,True,True,TORONTO,MONTRÉAL,2025-10-04,4,Kingston,KGON,2025-10-04T21:59:58Z,2025-10-04T21:40:00Z,ARR,bad,19.0
66,True,True,TORONTO,MONTRÉAL,2025-10-04,5,Cornwall,CWLL,2025-10-04T23:23:35Z,2025-10-04T23:07:00Z,ARR,bad,16.0
66,True,True,TORONTO,MONTRÉAL,2025-10-04,6,Dorval,DORV,2025-10-05T00:24:17Z,2025-10-04T23:58:00Z,ARR,bad,26.0
66,True,True,TORONTO,MONTRÉAL,2025-10-04,7,Montréal,MTRL,2025-10-05T00:56:25Z,2025-10-05T00:25:00Z,ARR,bad,31.0
46,True,True,TORONTO,OTTAWA,2025-10-04,0,Toronto,TRTO,2025-10-04T19:43:47Z,2025-10-04T19:38:00Z,ARR,med,5.0
46,True,True,TORONTO,OTTAWA,2025-10-04,1,Oshawa,OSHA,2025-10-04T20:28:44Z,2025-10-04T20:09:00Z,ARR,bad,19.0
46,True,True,TORONTO,OTTAWA,2025-10-04,2,Cobourg,CBRG,2025-10-04T21:09:54Z,2025-10-04T20:43:00Z,ARR,bad,26.0
46,True,True,TORONTO,OTTAWA,2025-10-04,3,Kingston,KGON,2025-10-04T22:21:23Z,2025-10-04T21:54:00Z,ARR,bad,27.0
46,True,True,TORONTO,OTTAWA,2025-10-04,4,Brockville,BRKV,2025-10-04T23:09:09Z,2025-10-04T22:40:00Z,ARR,bad,29.0
46,True,True,TORONTO,OTTAWA,2025-10-04,5,Fallowfield,FALL,2025-10-05T00:18:11Z,2025-10-04T23:40:00Z,ARR,bad,38.0
46,True,True,TORONTO,OTTAWA,2025-10-04,6,Ottawa,OTTW,2025-10-05T00:37:59Z,2025-10-05T00:00:00Z,ARR,bad,37.0
28,True,True,OTTAWA,QUÉBEC,2025-10-04,0,Ottawa,OTTW,2025-10-04T20:05:00Z,2025-10-04T20:05:00Z,ARR,goo,0.0
28,True,True,OTTAWA,QUÉBEC,2025-10-04,1,Casselman,CSLM,2025-10-04T20:30:21Z,2025-10-04T20:31:00Z,ARR,goo,0.0
28,True,True,OTTAWA,QUÉBEC,2025-10-04,2,Alexandria,ALEX,2025-10-04T20:51:58Z,2025-10-04T20:53:00Z,ARR,goo,-1.0
28,True,True,OTTAWA,QUÉBEC,2025-10-04,3,Coteau,COTO,2025-10-04T21:14:06Z,2025-10-04T21:15:00Z,ARR,goo,0.0
28,True,True,OTTAWA,QUÉBEC,2025-10-04,4,Dorval,DORV,2025-10-04T21:45:24Z,2025-10-04T21:38:00Z,ARR,med,7.0
28,True,True,OTTAWA,QUÉBEC,2025-10-04,5,Montréal,MTRL,2025-10-04T22:14:42Z,2025-10-04T22:04:00Z,ARR,med,10.0
28,True,True,OTTAWA,QUÉBEC,2025-10-04,6,St. Lambert,SLAM,2025-10-04T22:47:58Z,2025-10-04T22:38:00Z,ARR,med,9.0
28,True,True,OTTAWA,QUÉBEC,2025-10-04,7,St. Hyacinthe,SHYA,2025-10-04T23:17:16Z,2025-10-04T23:06:00Z,ARR,med,11.0
28,True,True,OTTAWA,QUÉBEC,2025-10-04,8,Drummondville,DRMV,2025-10-05T00:02:50Z,2025-10-04T23:52:00Z,ARR,med,10.0
28,True,True,OTTAWA,QUÉBEC,2025-10-04,9,Charny,CHNY,2025-10-05T01:30:34Z,2025-10-05T01:14:00Z,ARR,bad,16.0
28,True,True,OTTAWA,QUÉBEC,2025-10-04,10,Ste-Foy,SFOY,2025-10-05T01:39:12Z,2025-10-05T01:21:00Z,ARR,bad,18.0
28,True,True,OTTAWA,QUÉBEC,2025-10-04,11,Québec,QBEC,2025-10-05T02:07:50Z,2025-10-05T01:48:00Z,ARR,bad,19.0
69,True,True,MONTRÉAL,TORONTO,2025-10-04,0,Montréal,MTRL,2025-10-04T20:38:00Z,2025-10-04T20:38:00Z,ARR,goo,0.0
69,True,True,MONTRÉAL,TORONTO,2025-10-04,1,Dorval,DORV,2025-10-04T21:09:17Z,2025-10-04T21:04:00Z,ARR,med,5.0
69,True,True,MONTRÉAL,TORONTO,2025-10-04,2,Cornwall,CWLL,2025-10-04T22:10:16Z,2025-10-04T21:53:00Z,ARR,bad,17.0
69,True,True,MONTRÉAL,TORONTO,2025-10-04,3,Brockville,BRKV,2025-10-04T22:54:01Z,2025-10-04T22:40:00Z,ARR,med,14.0
69,True,True,MONTRÉAL,TORONTO,2025-10-04,4,Kingston,KGON,2025-10-04T23:41:11Z,2025-10-04T23:24:00Z,ARR,bad,17.0
69,True,True,MONTRÉAL,TORONTO,2025-10-04,5,Oshawa,OSHA,2025-10-05T01:28:18Z,2025-10-05T01:05:00Z,ARR,bad,23.0
69,True,True,MONTRÉAL,TORONTO,2025-10-04,6,Guildwood,GUIL,2025-10-05T01:47:48Z,2025-10-05T01:28:00Z,ARR,bad,19.0
69,True,True,MONTRÉAL,TORONTO,2025-10-04,7,Toronto,TRTO,2025-10-05T02:10:32Z,2025-10-05T01:48:00Z,ARR,bad,22.0
68,True,True,TORONTO,MONTRÉAL,2025-10-04,0,Toronto,TRTO,2025-10-04T21:08:12Z,2025-10-04T21:08:00Z,ARR,goo,0.0
68,True,True,TORONTO,MONTRÉAL,2025-10-04,1,Oshawa,OSHA,2025-10-04T21:43:02Z,2025-10-04T21:39:00Z,ARR,goo,4.0
68,True,True,TORONTO,MONTRÉAL,2025-10-04,2,Cobourg,CBRG,2025-10-04T22:28:37Z,2025-10-04T22:14:00Z,ARR,med,14.0
68,True,True,TORONTO,MONTRÉAL,2025-10-04,3,Belleville,BLVL,2025-10-04T23:00:48Z,2025-10-04T22:49:00Z,ARR,med,11.0
68,True,True,TORONTO,MONTRÉAL,2025-10-04,4,Kingston,KGON,2025-10-04T23:37:47Z,2025-10-04T23:26:00Z,ARR,med,11.0
68,True,True,TORONTO,MONTRÉAL,2025-10-04,5,Brockville,BRKV,2025-10-05T00:22:17Z,2025-10-05T00:11:00Z,ARR,med,11.0
68,True,True,TORONTO,MONTRÉAL,2025-10-04,6,Cornwall,CWLL,2025-10-05T01:07:24Z,2025-10-05T00:57:00Z,ARR,med,10.0
68,True,True,TORONTO,MONTRÉAL,2025-10-04,7,Dorval,DORV,2025-10-05T01:55:38Z,2025-10-05T01:47:00Z,ARR,med,8.0
68,True,True,TORONTO,MONTRÉAL,2025-10-04,8,Montréal,MTRL,2025-10-05T02:23:05Z,2025-10-05T02:14:00Z,ARR,med,9.0
54,True,True,TORONTO,OTTAWA,2025-10-04,0,Toronto,TRTO,2025-10-04T21:38:30Z,2025-10-04T21:38:00Z,ARR,goo,0.0
54,True,True,TORONTO,OTTAWA,2025-10-04,1,Guildwood,GUIL,2025-10-04T22:01:25Z,2025-10-04T21:55:00Z,ARR,med,6.0
54,True,True,TORONTO,OTTAWA,2025-10-04,2,Oshawa,OSHA,2025-10-04T22:28:02Z,2025-10-04T22:08:00Z,ARR,bad,20.0
54,True,True,TORONTO,OTTAWA,2025-10-04,3,Port Hope,PHOP,2025-10-04T22:57:01Z,2025-10-04T22:37:00Z,ARR,bad,20.0
54,True,True,TORONTO,OTTAWA,2025-10-04,4,Cobourg,CBRG,2025-10-04T23:06:43Z,2025-10-04T22:46:00Z,ARR,bad,20.0
54,True,True,TORONTO,OTTAWA,2025-10-04,5,Trenton Jct.,TRNJ,2025-10-04T23:32:05Z,2025-10-04T23:13:01Z,ARR,bad,19.0
54,True,True,TORONTO,OTTAWA,2025-10-04,6,Belleville,BLVL,2025-10-04T23:46:07Z,2025-10-04T23:27:00Z,ARR,bad,19.0
54,True,True,TORONTO,OTTAWA,2025-10-04,7,Napanee,NAPN,2025-10-05T00:07:55Z,2025-10-04T23:48:00Z,ARR,bad,19.0
54,True,True,TORONTO,OTTAWA,2025-10-04,8,Kingston,KGON,2025-10-05T00:28:26Z,2025-10-05T00:09:00Z,ARR,bad,19.0
54,True,True,TORONTO,OTTAWA,2025-10-04,9,Brockville,BRKV,2025-10-05T01:20:09Z,2025-10-05T00:54:00Z,ARR,bad,26.0
54,True,True,TORONTO,OTTAWA,2025-10-04,10,Smiths Falls,SMTF,2025-10-05T01:54:06Z,2025-10-05T01:25:00Z,ARR,bad,29.0
54,True,True,TORONTO,OTTAWA,2025-10-04,11,Fallowfield,FALL,2025-10-05T02:25:03Z,2025-10-05T01:52:00Z,ARR,bad,33.0
54,True,True,TORONTO,OTTAWA,2025-10-04,12,Ottawa,OTTW,2025-10-05T02:46:42Z,2025-10-05T02:13:00Z,ARR,bad,33.0
75,True,True,TORONTO,WINDSOR,2025-10-04,0,Toronto,TRTO,2025-10-04T21:22:00Z,2025-10-04T21:22:00Z,ARR,goo,0.0
75,True,True,TORONTO,WINDSOR,2025-10-04,1,Oakville,OAKV,2025-10-04T21:49:49Z,2025-10-04T21:45:00Z,ARR,goo,4.0
75,True,True,TORONTO,WINDSOR,2025-10-04,2,Aldershot,ALDR,2025-10-04T22:16:32Z,2025-10-04T22:01:00Z,ARR,bad,15.0
75,True,True,TORONTO,WINDSOR,2025-10-04,3,Brantford,BRTF,2025-10-04T22:48:46Z,2025-10-04T22:33:00Z,ARR,bad,15.0
75,True,True,TORONTO,WINDSOR,2025-10-04,4,Woodstock,WDST,2025-10-04T23:19:30Z,2025-10-04T23:04:00Z,ARR,bad,15.0
75,True,True,TORONTO,WINDSOR,2025-10-04,5,Ingersoll,INGR,2025-10-04T23:32:13Z,2025-10-04T23:19:00Z,ARR,med,13.0
75,True,True,TORONTO,WINDSOR,2025-10-04,6,London,LNDN,2025-10-05T00:01:46Z,2025-10-04T23:47:00Z,ARR,med,14.0
75,True,True,TORONTO,WINDSOR,2025-10-04,7,Glencoe,GLNC,2025-10-05T00:36:30Z,2025-10-05T00:21:00Z,ARR,bad,15.0
75,True,True,TORONTO,WINDSOR,2025-10-04,8,Chatham,CHAT,2025-10-05T01:17:36Z,2025-10-05T00:55:00Z,ARR,bad,22.0
75,True,True,TORONTO,WINDSOR,2025-10-04,9,Windsor,WDON,2025-10-05T02:02:37Z,2025-10-05T01:50:00Z,ARR,med,12.0
87,True,True,TORONTO,SARNIA,2025-10-04,0,Toronto,TRTO,2025-10-04T21:40:09Z,2025-10-04T21:40:00Z,ARR,goo,0.0
87,True,True,TORONTO,SARNIA,2025-10-04,1,Malton,MALT,2025-10-04T22:01:18Z,2025-10-04T22:00:00Z,ARR,goo,1.0
87,True,True,TORONTO,SARNIA,2025-10-04,2,Brampton,BRMP,2025-10-04T22:17:26Z,2025-10-04T22:12:00Z,ARR,med,5.0
87,True,True,TORONTO,SARNIA,2025-10-04,3,Georgetown,GEOR,2025-10-04T22:30:30Z,2025-10-04T22:24:00Z,ARR,med,6.0
87,True,True,TORONTO,SARNIA,2025-10-04,4,Guelph,GUEL,2025-10-04T22:51:53Z,2025-10-04T22:49:00Z,ARR,goo,2.0
87,True,True,TORONTO,SARNIA,2025-10-04,5,Kitchener,KITC,2025-10-04T23:14:44Z,2025-10-04T23:16:00Z,ARR,goo,-1.0
87,True,True,TORONTO,SARNIA,2025-10-04,6,Stratford,STRF,2025-10-05T00:04:00Z,2025-10-04T23:57:00Z,ARR,med,7.0
87,True,True,TORONTO,SARNIA,2025-10-04,7,St.Marys,SMYS,2025-10-05T00:40:41Z,2025-10-05T00:25:00Z,ARR,bad,15.0
87,True,True,TORONTO,SARNIA,2025-10-04,8,London,LNDN,2025-10-05T01:32:47Z,2025-10-05T01:13:00Z,ARR,bad,19.0
87,True,True,TORONTO,SARNIA,2025-10-04,9,Strathroy,STRR,2025-10-05T02:02:02Z,2025-10-05T01:39:00Z,ARR,bad,23.0
87,True,True,TORONTO,SARNIA,2025-10-04,10,Wyoming,WYOM,2025-10-05T02:29:59Z,2025-10-05T02:07:00Z,ARR,bad,22.0
87,True,True,TORONTO,SARNIA,2025-10-04,11,Sarnia,SARN,2025-10-05T02:47:19Z,2025-10-05T02:24:00Z,ARR,bad,23.0
98,True,True,NIAGARA FALLS,TORONTO,2025-10-04,0,Niagara Falls,NIAG,2025-10-04T21:47:00Z,2025-10-04T21:45:00Z,ARR,goo,2.0
98,True,True,NIAGARA FALLS,TORONTO,2025-10-04,1,St. Catharines,SCAT,2025-10-04T22:08:00Z,2025-10-04T22:06:00Z,ARR,goo,2.0
98,True,True,NIAGARA FALLS,TORONTO,2025-10-04,2,Grimsby,GRIM,2025-10-04T22:28:00Z,2025-10-04T22:26:00Z,ARR,goo,2.0
98,True,True,NIAGARA FALLS,TORONTO,2025-10-04,3,Aldershot,ALDR,2025-10-04T23:24:00Z,2025-10-04T23:02:00Z,ARR,bad,22.0
98,True,True,NIAGARA FALLS,TORONTO,2025-10-04,4,Oakville,OAKV,2025-10-04T23:38:00Z,2025-10-04T23:16:00Z,ARR,bad,22.0
98,True,True,NIAGARA FALLS,TORONTO,2025-10-04,5,Toronto,TRTO,2025-10-05T00:06:00Z,2025-10-04T23:43:00Z,ARR,bad,23.0
29,True,True,QUÉBEC,MONTRÉAL,2025-10-04,0,Québec,QBEC,2025-10-04T21:41:00Z,2025-10-04T21:41:00Z,ARR,goo,0.0
29,True,True,QUÉBEC,MONTRÉAL,2025-10-04,1,Ste-Foy,SFOY,2025-10-04T22:07:24Z,2025-10-04T22:06:00Z,ARR,goo,1.0
29,True,True,QUÉBEC,MONTRÉAL,2025-10-04,2,Drummondville,DRMV,2025-10-04T23:51:08Z,2025-10-04T23:42:00Z,ARR,med,9.0
29,True,True,QUÉBEC,MONTRÉAL,2025-10-04,3,St. Hyacinthe,SHYA,2025-10-05T00:23:03Z,2025-10-05T00:18:00Z,ARR,med,5.0
29,True,True,QUÉBEC,MONTRÉAL,2025-10-04,4,St. Lambert,SLAM,2025-10-05T00:55:22Z,2025-10-05T00:45:00Z,ARR,med,10.0
29,True,True,QUÉBEC,MONTRÉAL,2025-10-04,5,Montréal,MTRL,2025-10-05T01:10:09Z,2025-10-05T01:00:00Z,ARR,med,10.0
59,True,True,OTTAWA,TORONTO,2025-10-04,0,Ottawa,OTTW,2025-10-04T22:03:07Z,2025-10-04T22:03:00Z,ARR,goo,0.0
59,True,True,OTTAWA,TORONTO,2025-10-04,1,Fallowfield,FALL,2025-10-04T22:20:05Z,2025-10-04T22:20:00Z,ARR,goo,0.0
59,True,True,OTTAWA,TORONTO,2025-10-04,2,Smiths Falls,SMTF,2025-10-04T22:53:36Z,2025-10-04T22:51:00Z,ARR,goo,2.0
59,True,True,OTTAWA,TORONTO,2025-10-04,3,Brockville,BRKV,2025-10-04T23:30:16Z,2025-10-04T23:25:00Z,ARR,med,5.0
59,True,True,OTTAWA,TORONTO,2025-10-04,4,Kingston,KGON,2025-10-05T00:14:37Z,2025-10-05T00:10:00Z,ARR,goo,4.0
59,True,True,OTTAWA,TORONTO,2025-10-04,5,Belleville,BLVL,2025-10-05T00:59:16Z,2025-10-05T00:51:00Z,ARR,med,8.0
59,True,True,OTTAWA,TORONTO,2025-10-04,6,Trenton Jct.,TRNJ,2025-10-05T01:12:03Z,2025-10-05T01:05:00Z,ARR,med,7.0
59,True,True,OTTAWA,TORONTO,2025-10-04,7,Cobourg,CBRG,2025-10-05T01:39:06Z,2025-10-05T01:31:00Z,ARR,med,8.0
59,True,True,OTTAWA,TORONTO,2025-10-04,8,Oshawa,OSHA,2025-10-05T02:15:12Z,2025-10-05T02:05:00Z,ARR,med,10.0
59,True,True,OTTAWA,TORONTO,2025-10-04,9,Guildwood,GUIL,2025-10-05T02:44:57Z,2025-10-05T02:28:00Z,ARR,bad,16.0
59,True,True,OTTAWA,TORONTO,2025-10-04,10,Toronto,TRTO,2025-10-05T03:06:23Z,2025-10-05T02:48:00Z,ARR,bad,18.0
78,True,True,WINDSOR,TORONTO,2025-10-04,0,Windsor,WDON,2025-10-04T21:40:00Z,2025-10-04T21:40:00Z,ARR,goo,0.0
78,True,True,WINDSOR,TORONTO,2025-10-04,1,Chatham,CHAT,2025-10-04T22:22:43Z,2025-10-04T22:24:00Z,ARR,goo,-1.0
78,True,True,WINDSOR,TORONTO,2025-10-04,2,Glencoe,GLNC,2025-10-04T23:13:40Z,2025-10-04T22:59:00Z,ARR,med,14.0
78,True,True,WINDSOR,TORONTO,2025-10-04,3,London,LNDN,2025-10-04T23:45:52Z,2025-10-04T23:32:00Z,ARR,med,13.0
78,True,True,WINDSOR,TORONTO,2025-10-04,4,Ingersoll,INGR,2025-10-05T00:16:58Z,2025-10-04T23:57:00Z,ARR,bad,19.0
78,True,True,WINDSOR,TORONTO,2025-10-04,5,Woodstock,WDST,2025-10-05T00:30:39Z,2025-10-05T00:08:00Z,ARR,bad,22.0
78,True,True,WINDSOR,TORONTO,2025-10-04,6,Brantford,BRTF,2025-10-05T01:03:08Z,2025-10-05T00:39:00Z,ARR,bad,24.0
78,True,True,WINDSOR,TORONTO,2025-10-04,7,Aldershot,ALDR,2025-10-05T01:35:56Z,2025-10-05T01:09:00Z,ARR,bad,26.0
78,True,True,WINDSOR,TORONTO,2025-10-04,8,Oakville,OAKV,2025-10-05T01:51:54Z,2025-10-05T01:24:00Z,ARR,bad,27.0
78,True,True,WINDSOR,TORONTO,2025-10-04,9,Toronto,TRTO,2025-10-05T02:17:20Z,2025-10-05T01:50:00Z,ARR,bad,27.0
38,True,True,OTTAWA,MONTRÉAL,2025-10-04,0,Ottawa,OTTW,2025-10-04T21:55:00Z,2025-10-04T21:55:00Z,ARR,goo,0.0
38,True,True,OTTAWA,MONTRÉAL,2025-10-04,1,Casselman,CSLM,2025-10-04T22:20:01Z,2025-10-04T22:26:00Z,ARR,goo,-5.0
38,True,True,OTTAWA,MONTRÉAL,2025-10-04,2,Alexandria,ALEX,2025-10-04T22:41:39Z,2025-10-04T22:49:00Z,ARR,goo,-7.0
38,True,True,OTTAWA,MONTRÉAL,2025-10-04,3,Dorval,DORV,2025-10-04T23:31:42Z,2025-10-04T23:33:00Z,ARR,goo,-1.0
38,True,True,OTTAWA,MONTRÉAL,2025-10-04,4,Montréal,MTRL,2025-10-04T23:58:45Z,2025-10-04T23:57:00Z,ARR,goo,1.0
79,True,False,TORONTO,WINDSOR,2025-10-04,0,Toronto,TRTO,2025-10-04T23:58:00Z,2025-10-04T23:45:00Z,ARR,med,13.0
79,True,False,TORONTO,WINDSOR,2025-10-04,1,Oakville,OAKV,2025-10-05T00:22:17Z,2025-10-05T00:07:00Z,ARR,bad,15.0
79,True,False,TORONTO,WINDSOR,2025-10-04,2,Aldershot,ALDR,2025-10-05T00:37:41Z,2025-10-05T00:22:00Z,ARR,bad,15.0
79,True,False,TORONTO,WINDSOR,2025-10-04,3,Brantford,BRTF,2025-10-05T01:14:38Z,2025-10-05T00:50:00Z,ARR,bad,24.0
79,True,False,TORONTO,WINDSOR,2025-10-04,4,Woodstock,WDST,2025-10-05T01:46:45Z,2025-10-05T01:17:00Z,ARR,bad,29.0
79,True,False,TORONTO,WINDSOR,2025-10-04,5,Ingersoll,INGR,2025-10-05T01:57:53Z,2025-10-05T01:30:00Z,ARR,bad,27.0
79,True,False,TORONTO,WINDSOR,2025-10-04,6,London,LNDN,2025-10-05T02:21:17Z,2025-10-05T01:52:00Z,ARR,bad,29.0
79,True,False,TORONTO,WINDSOR,2025-10-04,7,Glencoe,GLNC,2025-10-05T02:55:18Z,2025-10-05T02:25:00Z,ARR,bad,30.0
79,True,False,TORONTO,WINDSOR,2025-10-04,8,Chatham,CHAT,2025-10-05T03:46:19Z,2025-10-05T02:57:00Z,ARR,bad,49.0
79,True,False,TORONTO,WINDSOR,2025-10-04,9,Windsor,WDON,2025-10-05T04:29:27Z,2025-10-05T03:44:00Z,37 mins,bad,45.0
