train_id,departed,arrived,from,to,instance,stop_id,station,code,estimated,scheduled,eta,diff,diffMin
2 (06-20),True,True,VANCOUVER,TORONTO,2025-06-20,0,Vancouver,VCVR,2025-06-20T22:02:51Z,2025-06-20T22:00:00Z,ARR,goo,2.0
2 (06-20),True,True,VANCOUVER,TORONTO,2025-06-20,1,Mission Harbour,MSNH,2025-06-21T00:38:55Z,2025-06-20T23:35:00Z,ARR,bad,63.0
2 (06-20),True,True,VANCOUVER,TORONTO,2025-06-20,2,Agassiz,AGAS,2025-06-21T01:24:37Z,2025-06-21T00:03:00Z,ARR,bad,81.0
2 (06-20),True,True,VANCOUVER,TORONTO,2025-06-20,3,Katz,KATZ,2025-06-21T01:45:57Z,2025-06-21T00:17:00Z,ARR,bad,88.0
2 (06-20),True,True,VANCOUVER,TORONTO,2025-06-20,4,North Bend,NBND,2025-06-21T03:37:55Z,2025-06-21T02:46:00Z,ARR,bad,51.0
2 (06-20),True,True,VANCOUVER,TORONTO,2025-06-20,5,Ashcroft,ASHN,2025-06-21T06:40:22Z,2025-06-21T05:32:00Z,ARR,bad,68.0
2 (06-20),True,True,VANCOUVER,TORONTO,2025-06-20,6,Kamloops North,KAMN,2025-06-21T09:54:56Z,2025-06-21T07:17:00Z,ARR,bad,157.0
2 (06-20),True,True,VANCOUVER,TORONTO,2025-06-20,7,Clearwater,CLWT,2025-06-21T12:58:46Z,2025-06-21T09:58:00Z,ARR,bad,180.0
2 (06-20),True,True,VANCOUVER,TORONTO,2025-06-20,8,Blue River,BLUE,2025-06-21T15:13:03Z,2025-06-21T12:11:00Z,ARR,bad,182.0
2 (06-20),True,True,VANCOUVER,TORONTO,2025-06-20,9,Valemount,VLMT,2025-06-21T17:12:18Z,2025-06-21T14:01:00Z,ARR,bad,191.0
2 (06-20),True,True,VANCOUVER,TORONTO,2025-06-20,10,Jasper,JASP,2025-06-21T19:13:52Z,2025-06-21T17:00:00Z,ARR,bad,133.0
2 (06-20),True,True,VANCOUVER,TORONTO,2025-06-20,11,Hinton,HINT,2025-06-21T22:32:13Z,2025-06-21T19:45:00Z,ARR,bad,167.0
2 (06-20),True,True,VANCOUVER,TORONTO,2025-06-20,12,Edson,EDSN,2025-06-22T02:19:42Z,2025-06-21T21:19:00Z,ARR,bad,300.0
2 (06-20),True,True,VANCOUVER,TORONTO,2025-06-20,13,Evansburg,EVAN,2025-06-22T03:52:41Z,2025-06-21T22:28:00Z,ARR,bad,324.0
2 (06-20),True,True,VANCOUVER,TORONTO,2025-06-20,14,Edmonton,EDMO,2025-06-22T05:17:55Z,2025-06-22T00:50:00Z,ARR,bad,267.0
2 (06-20),True,True,VANCOUVER,TORONTO,2025-06-20,15,Viking,VKNG,2025-06-22T09:30:21Z,2025-06-22T03:53:00Z,ARR,bad,337.0
2 (06-20),True,True,VANCOUVER,TORONTO,2025-06-20,16,Wainwright,WAIN,2025-06-22T10:15:58Z,2025-06-22T06:14:00Z,ARR,bad,241.0
2 (06-20),True,True,VANCOUVER,TORONTO,2025-06-20,17,Unity,UNIT,2025-06-22T12:37:39Z,2025-06-22T07:47:00Z,ARR,bad,290.0
2 (06-20),True,True,VANCOUVER,TORONTO,2025-06-20,18,Biggar,BIGG,2025-06-22T13:54:30Z,2025-06-22T09:21:00Z,ARR,bad,273.0
2 (06-20),True,True,VANCOUVER,TORONTO,2025-06-20,19,Saskatoon,SASK,2025-06-22T16:07:54Z,2025-06-22T11:57:00Z,ARR,bad,250.0
2 (06-20),True,True,VANCOUVER,TORONTO,2025-06-20,20,Watrous,WATR,2025-06-22T18:24:29Z,2025-06-22T14:26:00Z,ARR,bad,238.0
2 (06-20),True,True,VANCOUVER,TORONTO,2025-06-20,21,Melville,MELV,2025-06-22T21:24:04Z,2025-06-22T18:47:00Z,ARR,bad,157.0
2 (06-20),True,True,VANCOUVER,TORONTO,2025-06-20,22,Rivers,RVRS,2025-06-23T01:04:10Z,2025-06-22T22:22:00Z,ARR,bad,162.0
2 (06-20),True,True,VANCOUVER,TORONTO,2025-06-20,23,Portage La Prairie,PLPX,2025-06-23T02:52:34Z,2025-06-23T00:15:00Z,ARR,bad,157.0
2 (06-20),True,True,VANCOUVER,TORONTO,2025-06-20,24,Winnipeg,WNPG,2025-06-23T04:16:39Z,2025-06-23T03:00:00Z,ARR,bad,76.0
2 (06-20),True,True,VANCOUVER,TORONTO,2025-06-20,25,Elma,ELMA,2025-06-23T08:57:50Z,2025-06-23T05:37:00Z,ARR,bad,200.0
2 (06-20),True,True,VANCOUVER,TORONTO,2025-06-20,26,Brereton Lake,BRTL,2025-06-23T09:23:32Z,2025-06-23T05:58:00Z,ARR,bad,205.0
2 (06-20),True,True,VANCOUVER,TORONTO,2025-06-20,27,Ophir,OPHR,2025-06-23T09:43:48Z,2025-06-23T06:16:00Z,ARR,bad,207.0
2 (06-20),True,True,VANCOUVER,TORONTO,2025-06-20,28,Winnitoba,WNTB,2025-06-23T09:48:50Z,2025-06-23T06:21:00Z,ARR,bad,207.0
2 (06-20),True,True,VANCOUVER,TORONTO,2025-06-20,29,Rice Lake,RCLK,2025-06-23T09:59:36Z,2025-06-23T06:35:00Z,ARR,bad,204.0
2 (06-20),True,True,VANCOUVER,TORONTO,2025-06-20,30,Copelands Landing,COPE,2025-06-23T10:05:21Z,2025-06-23T06:38:00Z,ARR,bad,207.0
2 (06-20),True,True,VANCOUVER,TORONTO,2025-06-20,31,Malachi,MLCH,2025-06-23T10:06:38Z,2025-06-23T06:40:00Z,ARR,bad,206.0
2 (06-20),True,True,VANCOUVER,TORONTO,2025-06-20,32,Ottermere,OTTM,2025-06-23T10:11:56Z,2025-06-23T06:46:00Z,ARR,bad,205.0
2 (06-20),True,True,VANCOUVER,TORONTO,2025-06-20,33,Minaki,MNKI,2025-06-23T10:27:46Z,2025-06-23T07:03:00Z,ARR,bad,204.0
2 (06-20),True,True,VANCOUVER,TORONTO,2025-06-20,34,Redditt,RDDT,2025-06-23T10:46:51Z,2025-06-23T07:29:00Z,ARR,bad,197.0
2 (06-20),True,True,VANCOUVER,TORONTO,2025-06-20,35,Farlane,FARL,2025-06-23T11:08:48Z,2025-06-23T07:46:00Z,ARR,bad,202.0
2 (06-20),True,True,VANCOUVER,TORONTO,2025-06-20,36,Canyon,CNYK,2025-06-23T11:38:49Z,2025-06-23T08:23:00Z,ARR,bad,195.0
2 (06-20),True,True,VANCOUVER,TORONTO,2025-06-20,37,Red Lake Road,RLRX,2025-06-23T12:02:14Z,2025-06-23T08:51:00Z,ARR,bad,191.0
2 (06-20),True,True,VANCOUVER,TORONTO,2025-06-20,38,Richan,RCHN,2025-06-23T12:42:39Z,2025-06-23T09:28:00Z,ARR,bad,194.0
2 (06-20),True,True,VANCOUVER,TORONTO,2025-06-20,39,Sioux Lookout,SLKT,2025-06-23T14:07:53Z,2025-06-23T11:01:00Z,ARR,bad,186.0
2 (06-20),True,True,VANCOUVER,TORONTO,2025-06-20,40,Savant Lake,SAVL,2025-06-23T16:31:35Z,2025-06-23T13:14:00Z,ARR,bad,197.0
2 (06-20),True,True,VANCOUVER,TORONTO,2025-06-20,41,Flindt Landing,FLTL,2025-06-23T16:48:35Z,2025-06-23T13:31:00Z,ARR,bad,197.0
2 (06-20),True,True,VANCOUVER,TORONTO,2025-06-20,42,Allanwater Bridge,ALWB,2025-06-23T17:03:35Z,2025-06-23T13:46:00Z,ARR,bad,197.0
2 (06-20),True,True,VANCOUVER,TORONTO,2025-06-20,43,Collins,COLL,2025-06-23T17:43:35Z,2025-06-23T14:26:00Z,ARR,bad,197.0
2 (06-20),True,True,VANCOUVER,TORONTO,2025-06-20,44,Armstrong,ARMG,2025-06-23T18:55:31Z,2025-06-23T14:57:00Z,ARR,bad,238.0
2 (06-20),True,True,VANCOUVER,TORONTO,2025-06-20,45,Mud River,MUDR,2025-06-23T19:33:41Z,2025-06-23T15:29:00Z,ARR,bad,244.0
2 (06-20),True,True,VANCOUVER,TORONTO,2025-06-20,46,Ferland,FERL,2025-06-23T19:41:41Z,2025-06-23T15:37:00Z,ARR,bad,244.0
2 (06-20),True,True,VANCOUVER,TORONTO,2025-06-20,47,Auden,AUDN,2025-06-23T20:18:41Z,2025-06-23T16:14:00Z,ARR,bad,244.0
2 (06-20),True,True,VANCOUVER,TORONTO,2025-06-20,48,Nakina,NAKI,2025-06-23T21:10:31Z,2025-06-23T17:20:00Z,ARR,bad,230.0
2 (06-20),True,True,VANCOUVER,TORONTO,2025-06-20,49,Longlac,LLAC,2025-06-23T21:43:13Z,2025-06-23T18:11:00Z,ARR,bad,212.0
2 (06-20),True,True,VANCOUVER,TORONTO,2025-06-20,50,Caramat,CARA,2025-06-23T22:12:56Z,2025-06-23T18:39:00Z,ARR,bad,213.0
2 (06-20),True,True,VANCOUVER,TORONTO,2025-06-20,51,Hillsport,HLSP,2025-06-23T22:58:46Z,2025-06-23T19:29:00Z,ARR,bad,209.0
2 (06-20),True,True,VANCOUVER,TORONTO,2025-06-20,52,Hornepayne,HNPN,2025-06-24T00:12:46Z,2025-06-23T21:44:00Z,ARR,bad,148.0
2 (06-20),True,True,VANCOUVER,TORONTO,2025-06-20,53,Oba,OBAX,2025-06-24T02:07:11Z,2025-06-23T23:30:00Z,ARR,bad,157.0
2 (06-20),True,True,VANCOUVER,TORONTO,2025-06-20,54,Elsas,ELSA,2025-06-24T03:41:11Z,2025-06-24T01:04:00Z,ARR,bad,157.0
2 (06-20),True,True,VANCOUVER,TORONTO,2025-06-20,55,Foleyet,FOLE,2025-06-24T05:04:11Z,2025-06-24T02:27:00Z,ARR,bad,157.0
2 (06-20),True,True,VANCOUVER,TORONTO,2025-06-20,56,Gogama,GOGA,2025-06-24T06:30:24Z,2025-06-24T04:02:00Z,ARR,bad,148.0
2 (06-20),True,True,VANCOUVER,TORONTO,2025-06-20,57,Westree,WSTR,2025-06-24T07:40:35Z,2025-06-24T04:35:00Z,ARR,bad,185.0
2 (06-20),True,True,VANCOUVER,TORONTO,2025-06-20,58,Ruel,RUEL,2025-06-24T07:55:41Z,2025-06-24T04:52:00Z,ARR,bad,183.0
2 (06-20),True,True,VANCOUVER,TORONTO,2025-06-20,59,Felix,FELX,2025-06-24T08:03:41Z,2025-06-24T05:00:00Z,ARR,bad,183.0
2 (06-20),True,True,VANCOUVER,TORONTO,2025-06-20,60,McKee's Camp,MCKC,2025-06-24T08:23:41Z,2025-06-24T05:20:00Z,ARR,bad,183.0
2 (06-20),True,True,VANCOUVER,TORONTO,2025-06-20,61,Laforest,LAFO,2025-06-24T08:36:41Z,2025-06-24T05:33:00Z,ARR,bad,183.0
2 (06-20),True,True,VANCOUVER,TORONTO,2025-06-20,62,Capreol,CAPR,2025-06-24T09:14:23Z,2025-06-24T07:47:00Z,ARR,bad,87.0
2 (06-20),True,True,VANCOUVER,TORONTO,2025-06-20,63,Sudbury (Jct.),SUDJ,2025-06-24T10:11:54Z,2025-06-24T08:49:00Z,ARR,bad,82.0
2 (06-20),True,True,VANCOUVER,TORONTO,2025-06-20,64,Parry Sound,PARS,2025-06-24T13:47:17Z,2025-06-24T12:00:00Z,ARR,bad,107.0
2 (06-20),True,True,VANCOUVER,TORONTO,2025-06-20,65,Washago,WSHG,2025-06-24T16:50:33Z,2025-06-24T14:00:00Z,ARR,bad,170.0
2 (06-20),True,True,VANCOUVER,TORONTO,2025-06-20,66,Toronto,TRTO,2025-06-24T21:49:25Z,2025-06-24T18:29:00Z,ARR,bad,200.0
1 (06-22),True,False,TORONTO,VANCOUVER,2025-06-22,0,Toronto,TRTO,2025-06-22T13:55:00Z,2025-06-22T13:55:00Z,ARR,goo,0.0
1 (06-22),True,False,TORONTO,VANCOUVER,2025-06-22,1,Washago,WSHG,2025-06-22T17:21:59Z,2025-06-22T16:25:00Z,ARR,bad,56.0
1 (06-22),True,False,TORONTO,VANCOUVER,2025-06-22,2,South Parry,SPAR,2025-06-22T19:10:47Z,2025-06-22T18:27:00Z,ARR,bad,43.0
1 (06-22),True,False,TORONTO,VANCOUVER,2025-06-22,3,Sudbury (Jct.),SUDJ,2025-06-22T21:26:12Z,2025-06-22T20:57:00Z,ARR,bad,29.0
1 (06-22),True,False,TORONTO,VANCOUVER,2025-06-22,4,Capreol,CAPR,2025-06-22T22:02:17Z,2025-06-22T21:22:00Z,ARR,bad,40.0
1 (06-22),True,False,TORONTO,VANCOUVER,2025-06-22,5,Laforest,LAFO,2025-06-22T23:22:29Z,2025-06-22T22:48:00Z,ARR,bad,34.0
1 (06-22),True,False,TORONTO,VANCOUVER,2025-06-22,6,McKee's Camp,MCKC,2025-06-22T23:35:29Z,2025-06-22T23:01:00Z,ARR,bad,34.0
1 (06-22),True,False,TORONTO,VANCOUVER,2025-06-22,7,Felix,FELX,2025-06-22T23:55:29Z,2025-06-22T23:21:00Z,ARR,bad,34.0
1 (06-22),True,False,TORONTO,VANCOUVER,2025-06-22,8,Ruel,RUEL,2025-06-23T00:02:29Z,2025-06-22T23:28:00Z,ARR,bad,34.0
1 (06-22),True,False,TORONTO,VANCOUVER,2025-06-22,9,Westree,WSTR,2025-06-23T00:38:00Z,2025-06-22T23:45:00Z,ARR,bad,53.0
1 (06-22),True,False,TORONTO,VANCOUVER,2025-06-22,10,Gogama,GOGA,2025-06-23T01:15:14Z,2025-06-23T00:18:00Z,ARR,bad,57.0
1 (06-22),True,False,TORONTO,VANCOUVER,2025-06-22,11,Foleyet,FOLE,2025-06-23T02:51:35Z,2025-06-23T02:44:00Z,ARR,med,7.0
1 (06-22),True,False,TORONTO,VANCOUVER,2025-06-22,12,Elsas,ELSA,2025-06-23T03:48:47Z,2025-06-23T03:38:00Z,ARR,med,10.0
1 (06-22),True,False,TORONTO,VANCOUVER,2025-06-22,13,Oba,OBAX,2025-06-23T05:48:47Z,2025-06-23T05:38:00Z,ARR,med,10.0
1 (06-22),True,False,TORONTO,VANCOUVER,2025-06-22,14,Hornepayne,HNPN,2025-06-23T08:15:58Z,2025-06-23T06:29:00Z,ARR,bad,106.0
1 (06-22),True,False,TORONTO,VANCOUVER,2025-06-22,15,Hillsport,HLSP,2025-06-23T10:28:24Z,2025-06-23T08:05:00Z,ARR,bad,143.0
1 (06-22),True,False,TORONTO,VANCOUVER,2025-06-22,16,Caramat,CARA,2025-06-23T11:34:02Z,2025-06-23T08:55:00Z,ARR,bad,159.0
1 (06-22),True,False,TORONTO,VANCOUVER,2025-06-22,17,Longlac,LLAC,2025-06-23T12:12:37Z,2025-06-23T09:34:00Z,ARR,bad,158.0
1 (06-22),True,False,TORONTO,VANCOUVER,2025-06-22,18,Nakina,NAKI,2025-06-23T12:54:24Z,2025-06-23T10:13:00Z,ARR,bad,161.0
1 (06-22),True,False,TORONTO,VANCOUVER,2025-06-22,19,Auden,AUDN,2025-06-23T14:01:40Z,2025-06-23T11:19:00Z,ARR,bad,162.0
1 (06-22),True,False,TORONTO,VANCOUVER,2025-06-22,20,Ferland,FERL,2025-06-23T14:38:40Z,2025-06-23T11:56:00Z,ARR,bad,162.0
1 (06-22),True,False,TORONTO,VANCOUVER,2025-06-22,21,Mud River,MUDR,2025-06-23T14:47:40Z,2025-06-23T12:05:00Z,ARR,bad,162.0
1 (06-22),True,False,TORONTO,VANCOUVER,2025-06-22,22,Armstrong,ARMG,2025-06-23T15:20:12Z,2025-06-23T13:17:00Z,ARR,bad,123.0
1 (06-22),True,False,TORONTO,VANCOUVER,2025-06-22,23,Collins,COLL,2025-06-23T16:06:50Z,2025-06-23T13:47:00Z,ARR,bad,139.0
1 (06-22),True,False,TORONTO,VANCOUVER,2025-06-22,24,Allanwater Bridge,ALWB,2025-06-23T16:45:50Z,2025-06-23T14:26:00Z,ARR,bad,139.0
1 (06-22),True,False,TORONTO,VANCOUVER,2025-06-22,25,Flindt Landing,FLTL,2025-06-23T17:01:50Z,2025-06-23T14:42:00Z,ARR,bad,139.0
1 (06-22),True,False,TORONTO,VANCOUVER,2025-06-22,26,Savant Lake,SAVL,2025-06-23T17:18:50Z,2025-06-23T14:59:00Z,ARR,bad,139.0
1 (06-22),True,False,TORONTO,VANCOUVER,2025-06-22,27,Sioux Lookout,SLKT,2025-06-23T19:08:56Z,2025-06-23T16:25:00Z,ARR,bad,163.0
1 (06-22),True,False,TORONTO,VANCOUVER,2025-06-22,28,Richan,RCHN,2025-06-23T20:59:00Z,2025-06-23T18:05:00Z,ARR,bad,174.0
1 (06-22),True,False,TORONTO,VANCOUVER,2025-06-22,29,Red Lake Road,RLRX,2025-06-23T21:45:39Z,2025-06-23T18:41:00Z,ARR,bad,184.0
1 (06-22),True,False,TORONTO,VANCOUVER,2025-06-22,30,Canyon,CNYK,2025-06-23T22:14:15Z,2025-06-23T19:10:00Z,ARR,bad,184.0
1 (06-22),True,False,TORONTO,VANCOUVER,2025-06-22,31,Farlane,FARL,2025-06-23T22:45:39Z,2025-06-23T19:47:00Z,ARR,bad,178.0
1 (06-22),True,False,TORONTO,VANCOUVER,2025-06-22,32,Redditt,RDDT,2025-06-23T22:59:23Z,2025-06-23T20:23:00Z,ARR,bad,156.0
1 (06-22),True,False,TORONTO,VANCOUVER,2025-06-22,33,Minaki,MNKI,2025-06-23T23:23:12Z,2025-06-23T20:44:00Z,ARR,bad,159.0
1 (06-22),True,False,TORONTO,VANCOUVER,2025-06-22,34,Ottermere,OTTM,2025-06-23T23:38:28Z,2025-06-23T21:01:00Z,ARR,bad,157.0
1 (06-22),True,False,TORONTO,VANCOUVER,2025-06-22,35,Malachi,MLCH,2025-06-23T23:41:55Z,2025-06-23T21:07:00Z,ARR,bad,154.0
1 (06-22),True,False,TORONTO,VANCOUVER,2025-06-22,36,Copelands Landing,COPE,2025-06-23T23:43:55Z,2025-06-23T21:09:00Z,ARR,bad,154.0
1 (06-22),True,False,TORONTO,VANCOUVER,2025-06-22,37,Rice Lake,RCLK,2025-06-24T00:13:41Z,2025-06-23T21:12:00Z,ARR,bad,181.0
1 (06-22),True,False,TORONTO,VANCOUVER,2025-06-22,38,Winnitoba,WNTB,2025-06-24T00:27:41Z,2025-06-23T21:26:00Z,ARR,bad,181.0
1 (06-22),True,False,TORONTO,VANCOUVER,2025-06-22,39,Ophir,OPHR,2025-06-24T00:21:16Z,2025-06-23T21:31:00Z,ARR,bad,170.0
1 (06-22),True,False,TORONTO,VANCOUVER,2025-06-22,40,Brereton Lake,BRTL,2025-06-24T00:37:06Z,2025-06-23T21:49:00Z,ARR,bad,168.0
1 (06-22),True,False,TORONTO,VANCOUVER,2025-06-22,41,Elma,ELMA,2025-06-24T00:52:34Z,2025-06-23T22:10:00Z,ARR,bad,162.0
1 (06-22),True,False,TORONTO,VANCOUVER,2025-06-22,42,Winnipeg,WNPG,2025-06-24T02:53:47Z,2025-06-24T00:30:00Z,ARR,bad,143.0
1 (06-22),True,False,TORONTO,VANCOUVER,2025-06-22,43,Portage La Prairie,PLPX,2025-06-24T08:32:52Z,2025-06-24T04:04:00Z,ARR,bad,268.0
1 (06-22),True,False,TORONTO,VANCOUVER,2025-06-22,44,Rivers,RVRS,2025-06-24T10:12:14Z,2025-06-24T06:31:00Z,ARR,bad,221.0
1 (06-22),True,False,TORONTO,VANCOUVER,2025-06-22,45,Melville,MELV,2025-06-24T13:27:18Z,2025-06-24T10:54:00Z,ARR,bad,153.0
1 (06-22),True,False,TORONTO,VANCOUVER,2025-06-22,46,Watrous,WATR,2025-06-24T16:16:39Z,2025-06-24T13:54:00Z,ARR,bad,142.0
1 (06-22),True,False,TORONTO,VANCOUVER,2025-06-22,47,Saskatoon,SASK,2025-06-24T19:00:09Z,2025-06-24T15:50:00Z,ARR,bad,190.0
1 (06-22),True,False,TORONTO,VANCOUVER,2025-06-22,48,Biggar,BIGG,2025-06-24T22:17:21Z,2025-06-24T18:29:00Z,ARR,bad,228.0
1 (06-22),True,False,TORONTO,VANCOUVER,2025-06-22,49,Unity,UNIT,2025-06-25T00:10:17Z,2025-06-24T19:44:00Z,ARR,bad,266.0
1 (06-22),True,False,TORONTO,VANCOUVER,2025-06-22,50,Wainwright,WAIN,2025-06-25T01:38:51Z,2025-06-24T22:33:00Z,ARR,bad,185.0
1 (06-22),True,False,TORONTO,VANCOUVER,2025-06-22,51,Viking,VKNG,2025-06-25T02:32:26Z,2025-06-24T23:26:00Z,ARR,bad,186.0
1 (06-22),True,False,TORONTO,VANCOUVER,2025-06-22,52,Edmonton,EDMO,2025-06-25T06:05:00Z,2025-06-25T02:50:00Z,2h47,bad,195.0
1 (06-22),True,False,TORONTO,VANCOUVER,2025-06-22,53,Evansburg,EVAN,2025-06-25T10:44:00Z,2025-06-25T07:29:00Z,7h26,bad,195.0
1 (06-22),True,False,TORONTO,VANCOUVER,2025-06-22,54,Edson,EDSN,&mdash;,2025-06-25T08:52:00Z,&mdash;,,
1 (06-22),True,False,TORONTO,VANCOUVER,2025-06-22,55,Hinton,HINT,&mdash;,2025-06-25T09:58:00Z,&mdash;,,
1 (06-22),True,False,TORONTO,VANCOUVER,2025-06-22,56,Jasper,JASP,&mdash;,2025-06-25T12:30:00Z,&mdash;,,
693 (06-22),True,True,WINNIPEG,CHURCHILL,2025-06-22,0,Winnipeg,WNPG,2025-06-22T17:13:00Z,2025-06-22T17:05:00Z,ARR,med,8.0
693 (06-22),True,True,WINNIPEG,CHURCHILL,2025-06-22,1,Portage La Prairie,PLPX,2025-06-22T18:24:12Z,2025-06-22T18:15:00Z,ARR,med,9.0
693 (06-22),True,True,WINNIPEG,CHURCHILL,2025-06-22,2,Gladstone,GSTO,2025-06-22T19:15:12Z,2025-06-22T19:07:00Z,ARR,med,8.0
693 (06-22),True,True,WINNIPEG,CHURCHILL,2025-06-22,3,Plumas,PLUM,2025-06-22T19:48:43Z,2025-06-22T19:44:00Z,ARR,goo,4.0
693 (06-22),True,True,WINNIPEG,CHURCHILL,2025-06-22,4,Glenella,GLNA,2025-06-22T20:17:35Z,2025-06-22T20:16:00Z,ARR,goo,1.0
693 (06-22),True,True,WINNIPEG,CHURCHILL,2025-06-22,5,Mccreary,MCCR,2025-06-22T21:00:03Z,2025-06-22T20:57:00Z,ARR,goo,3.0
693 (06-22),True,True,WINNIPEG,CHURCHILL,2025-06-22,6,Laurier,LRIE,2025-06-22T21:16:30Z,2025-06-22T21:15:00Z,ARR,goo,1.0
693 (06-22),True,True,WINNIPEG,CHURCHILL,2025-06-22,7,Ochre River,OCHR,2025-06-22T21:32:56Z,2025-06-22T21:36:00Z,ARR,goo,-3.0
693 (06-22),True,True,WINNIPEG,CHURCHILL,2025-06-22,8,Dauphin,DAUP,2025-06-22T21:50:59Z,2025-06-22T21:56:00Z,ARR,goo,-5.0
693 (06-22),True,True,WINNIPEG,CHURCHILL,2025-06-22,9,Gilbert Plains,GLBP,2025-06-22T22:36:59Z,2025-06-22T22:44:00Z,ARR,goo,-7.0
693 (06-22),True,True,WINNIPEG,CHURCHILL,2025-06-22,10,Grandview,GVIE,2025-06-22T22:56:44Z,2025-06-22T23:00:00Z,ARR,goo,-3.0
693 (06-22),True,True,WINNIPEG,CHURCHILL,2025-06-22,11,Roblin,RBLN,2025-06-23T00:06:43Z,2025-06-22T23:55:00Z,ARR,med,11.0
693 (06-22),True,True,WINNIPEG,CHURCHILL,2025-06-22,12,Togo,TOGO,2025-06-23T00:39:34Z,2025-06-23T00:22:00Z,ARR,bad,17.0
693 (06-22),True,True,WINNIPEG,CHURCHILL,2025-06-22,13,Kamsack,KAMS,2025-06-23T01:11:31Z,2025-06-23T00:59:00Z,ARR,med,12.0
693 (06-22),True,True,WINNIPEG,CHURCHILL,2025-06-22,14,Veregin,VERE,2025-06-23T01:24:51Z,2025-06-23T01:12:00Z,ARR,med,12.0
693 (06-22),True,True,WINNIPEG,CHURCHILL,2025-06-22,15,Mikado,MIKA,2025-06-23T01:36:10Z,2025-06-23T01:22:00Z,ARR,med,14.0
693 (06-22),True,True,WINNIPEG,CHURCHILL,2025-06-22,16,Canora,CANO,2025-06-23T01:47:33Z,2025-06-23T01:36:00Z,ARR,med,11.0
693 (06-22),True,True,WINNIPEG,CHURCHILL,2025-06-22,17,Sturgis,STGS,2025-06-23T02:58:40Z,2025-06-23T02:21:00Z,ARR,bad,37.0
693 (06-22),True,True,WINNIPEG,CHURCHILL,2025-06-22,18,Endeavour,ENDV,2025-06-23T03:35:33Z,2025-06-23T02:54:00Z,ARR,bad,41.0
693 (06-22),True,True,WINNIPEG,CHURCHILL,2025-06-22,19,Reserve,RSRV,2025-06-23T04:37:01Z,2025-06-23T03:34:00Z,ARR,bad,63.0
693 (06-22),True,True,WINNIPEG,CHURCHILL,2025-06-22,20,Hudson Bay,HBAY,2025-06-23T05:24:50Z,2025-06-23T04:32:00Z,ARR,bad,52.0
693 (06-22),True,True,WINNIPEG,CHURCHILL,2025-06-22,21,The Pas,TPAS,2025-06-23T07:56:22Z,2025-06-23T06:45:00Z,ARR,bad,71.0
693 (06-22),True,True,WINNIPEG,CHURCHILL,2025-06-22,22,Orok,OROK,2025-06-23T08:46:31Z,2025-06-23T08:07:00Z,ARR,bad,39.0
693 (06-22),True,True,WINNIPEG,CHURCHILL,2025-06-22,23,Halcrow,HALC,2025-06-23T09:35:17Z,2025-06-23T09:01:00Z,ARR,bad,34.0
693 (06-22),True,True,WINNIPEG,CHURCHILL,2025-06-22,24,Cormorant,CORM,2025-06-23T09:46:17Z,2025-06-23T09:12:00Z,ARR,bad,34.0
693 (06-22),True,True,WINNIPEG,CHURCHILL,2025-06-22,25,Dering,DERI,2025-06-23T09:54:17Z,2025-06-23T09:20:00Z,ARR,bad,34.0
693 (06-22),True,True,WINNIPEG,CHURCHILL,2025-06-22,26,Dyce,DYCE,2025-06-23T10:33:17Z,2025-06-23T09:59:00Z,ARR,bad,34.0
693 (06-22),True,True,WINNIPEG,CHURCHILL,2025-06-22,27,Wekusko,WEKU,2025-06-23T11:03:30Z,2025-06-23T10:43:00Z,ARR,bad,20.0
693 (06-22),True,True,WINNIPEG,CHURCHILL,2025-06-22,28,Turnbull,TURN,2025-06-23T11:31:15Z,2025-06-23T11:10:00Z,ARR,bad,21.0
693 (06-22),True,True,WINNIPEG,CHURCHILL,2025-06-22,29,Ponton,PNTN,2025-06-23T11:58:47Z,2025-06-23T11:42:00Z,ARR,bad,16.0
693 (06-22),True,True,WINNIPEG,CHURCHILL,2025-06-22,30,Pipun,PIPN,2025-06-23T12:45:00Z,2025-06-23T12:25:00Z,ARR,bad,20.0
693 (06-22),True,True,WINNIPEG,CHURCHILL,2025-06-22,31,Wabowden,WBDN,2025-06-23T12:59:28Z,2025-06-23T12:48:00Z,ARR,med,11.0
693 (06-22),True,True,WINNIPEG,CHURCHILL,2025-06-22,32,Lyddal,LYDD,2025-06-23T13:31:02Z,2025-06-23T13:16:00Z,ARR,bad,15.0
693 (06-22),True,True,WINNIPEG,CHURCHILL,2025-06-22,33,Odhill,ODHI,2025-06-23T13:49:46Z,2025-06-23T13:38:00Z,ARR,med,11.0
693 (06-22),True,True,WINNIPEG,CHURCHILL,2025-06-22,34,Hockin,HOCK,2025-06-23T14:28:50Z,2025-06-23T14:22:00Z,ARR,med,6.0
693 (06-22),True,True,WINNIPEG,CHURCHILL,2025-06-22,35,Thicket Portage,THKP,2025-06-23T14:43:50Z,2025-06-23T14:37:00Z,ARR,med,6.0
693 (06-22),True,True,WINNIPEG,CHURCHILL,2025-06-22,36,Leven,LEVN,2025-06-23T15:06:57Z,2025-06-23T14:54:00Z,ARR,med,12.0
693 (06-22),True,True,WINNIPEG,CHURCHILL,2025-06-22,37,Thompson,THOM,2025-06-23T18:36:08Z,2025-06-23T17:00:00Z,ARR,bad,96.0
693 (06-22),True,True,WINNIPEG,CHURCHILL,2025-06-22,38,Sipiwesk,SIPI,2025-06-23T23:22:59Z,2025-06-23T23:35:00Z,ARR,goo,-12.0
693 (06-22),True,True,WINNIPEG,CHURCHILL,2025-06-22,39,Pikwitonei,PIKW,2025-06-24T00:02:00Z,2025-06-24T00:02:00Z,ARR,goo,0.0
693 (06-22),True,True,WINNIPEG,CHURCHILL,2025-06-22,40,Bridgar,BRGR,2025-06-24T00:13:00Z,2025-06-24T00:13:00Z,ARR,goo,0.0
693 (06-22),True,True,WINNIPEG,CHURCHILL,2025-06-22,41,Pit Siding,PITS,2025-06-24T01:28:47Z,2025-06-24T01:35:00Z,ARR,goo,-6.0
693 (06-22),True,True,WINNIPEG,CHURCHILL,2025-06-22,42,Ilford,ILFO,2025-06-24T02:36:00Z,2025-06-24T02:36:00Z,ARR,goo,0.0
693 (06-22),True,True,WINNIPEG,CHURCHILL,2025-06-22,43,Wivenhoe,WVHO,2025-06-24T03:35:44Z,2025-06-24T03:13:00Z,ARR,bad,22.0
693 (06-22),True,True,WINNIPEG,CHURCHILL,2025-06-22,44,Gillam,GILL,2025-06-24T04:20:56Z,2025-06-24T04:00:01Z,ARR,bad,20.0
693 (06-22),True,True,WINNIPEG,CHURCHILL,2025-06-22,45,Bird,BIRD,2025-06-24T05:18:41Z,2025-06-24T05:29:00Z,ARR,goo,-10.0
693 (06-22),True,True,WINNIPEG,CHURCHILL,2025-06-22,46,Amery,AMRY,2025-06-24T05:48:38Z,2025-06-24T05:52:00Z,ARR,goo,-3.0
693 (06-22),True,True,WINNIPEG,CHURCHILL,2025-06-22,47,Weir River,WEIR,2025-06-24T06:48:19Z,2025-06-24T06:43:00Z,ARR,med,5.0
693 (06-22),True,True,WINNIPEG,CHURCHILL,2025-06-22,48,Thibaudeau,THIB,2025-06-24T07:37:10Z,2025-06-24T08:00:00Z,ARR,goo,-22.0
693 (06-22),True,True,WINNIPEG,CHURCHILL,2025-06-22,49,Herchmer,HERC,2025-06-24T08:39:27Z,2025-06-24T09:26:00Z,ARR,goo,-46.0
693 (06-22),True,True,WINNIPEG,CHURCHILL,2025-06-22,50,O'Day,ODAY,2025-06-24T09:19:50Z,2025-06-24T10:05:00Z,ARR,goo,-45.0
693 (06-22),True,True,WINNIPEG,CHURCHILL,2025-06-22,51,M'Clintock,MCLI,2025-06-24T09:58:50Z,2025-06-24T10:50:00Z,ARR,goo,-51.0
693 (06-22),True,True,WINNIPEG,CHURCHILL,2025-06-22,52,Chesnaye,CHES,2025-06-24T10:59:59Z,2025-06-24T12:06:00Z,ARR,goo,-66.0
693 (06-22),True,True,WINNIPEG,CHURCHILL,2025-06-22,53,Tidal,TIDL,2025-06-24T12:04:02Z,2025-06-24T13:37:00Z,ARR,goo,-92.0
693 (06-22),True,True,WINNIPEG,CHURCHILL,2025-06-22,54,Churchill,CHUR,2025-06-24T12:51:01Z,2025-06-24T14:00:00Z,ARR,goo,-68.0
2 (06-23),True,False,VANCOUVER,TORONTO,2025-06-23,0,Vancouver,VCVR,2025-06-23T22:06:23Z,2025-06-23T22:00:00Z,ARR,med,6.0
2 (06-23),True,False,VANCOUVER,TORONTO,2025-06-23,1,Mission Harbour,MSNH,2025-06-24T01:01:35Z,2025-06-23T23:35:00Z,ARR,bad,86.0
2 (06-23),True,False,VANCOUVER,TORONTO,2025-06-23,2,Agassiz,AGAS,2025-06-24T01:53:41Z,2025-06-24T00:03:00Z,ARR,bad,110.0
2 (06-23),True,False,VANCOUVER,TORONTO,2025-06-23,3,Katz,KATZ,2025-06-24T02:08:13Z,2025-06-24T00:17:00Z,ARR,bad,111.0
2 (06-23),True,False,VANCOUVER,TORONTO,2025-06-23,4,North Bend,NBND,2025-06-24T04:47:04Z,2025-06-24T02:46:00Z,ARR,bad,121.0
2 (06-23),True,False,VANCOUVER,TORONTO,2025-06-23,5,Ashcroft,ASHN,2025-06-24T07:31:19Z,2025-06-24T05:32:00Z,ARR,bad,119.0
2 (06-23),True,False,VANCOUVER,TORONTO,2025-06-23,6,Kamloops North,KAMN,2025-06-24T09:12:45Z,2025-06-24T07:17:00Z,ARR,bad,115.0
2 (06-23),True,False,VANCOUVER,TORONTO,2025-06-23,7,Clearwater,CLWT,2025-06-24T11:30:43Z,2025-06-24T09:58:00Z,ARR,bad,92.0
2 (06-23),True,False,VANCOUVER,TORONTO,2025-06-23,8,Blue River,BLUE,2025-06-24T13:55:58Z,2025-06-24T12:11:00Z,ARR,bad,104.0
2 (06-23),True,False,VANCOUVER,TORONTO,2025-06-23,9,Valemount,VLMT,2025-06-24T15:48:32Z,2025-06-24T14:01:00Z,ARR,bad,107.0
2 (06-23),True,False,VANCOUVER,TORONTO,2025-06-23,10,Jasper,JASP,2025-06-24T19:05:07Z,2025-06-24T17:00:00Z,ARR,bad,125.0
2 (06-23),True,False,VANCOUVER,TORONTO,2025-06-23,11,Hinton,HINT,2025-06-24T21:49:39Z,2025-06-24T19:45:00Z,ARR,bad,124.0
2 (06-23),True,False,VANCOUVER,TORONTO,2025-06-23,12,Edson,EDSN,2025-06-24T23:00:54Z,2025-06-24T21:19:00Z,ARR,bad,101.0
2 (06-23),True,False,VANCOUVER,TORONTO,2025-06-23,13,Evansburg,EVAN,2025-06-25T00:05:22Z,2025-06-24T22:28:00Z,ARR,bad,97.0
2 (06-23),True,False,VANCOUVER,TORONTO,2025-06-23,14,Edmonton,EDMO,2025-06-25T02:07:20Z,2025-06-25T00:50:00Z,ARR,bad,77.0
2 (06-23),True,False,VANCOUVER,TORONTO,2025-06-23,15,Viking,VKNG,2025-06-25T05:18:00Z,2025-06-25T03:53:00Z,2h00,bad,85.0
2 (06-23),True,False,VANCOUVER,TORONTO,2025-06-23,16,Wainwright,WAIN,2025-06-25T07:39:00Z,2025-06-25T06:14:00Z,4h21,bad,85.0
2 (06-23),True,False,VANCOUVER,TORONTO,2025-06-23,17,Unity,UNIT,&mdash;,2025-06-25T07:47:00Z,&mdash;,,
2 (06-23),True,False,VANCOUVER,TORONTO,2025-06-23,18,Biggar,BIGG,&mdash;,2025-06-25T09:21:00Z,&mdash;,,
2 (06-23),True,False,VANCOUVER,TORONTO,2025-06-23,19,Saskatoon,SASK,&mdash;,2025-06-25T11:57:00Z,&mdash;,,
2 (06-23),True,False,VANCOUVER,TORONTO,2025-06-23,20,Watrous,WATR,&mdash;,2025-06-25T14:26:00Z,&mdash;,,
693 (06-24),True,False,WINNIPEG,CHURCHILL,2025-06-24,0,Portage La Prairie,PLPX,2025-06-24T18:12:03Z,2025-06-24T18:15:00Z,ARR,goo,-2.0
693 (06-24),True,False,WINNIPEG,CHURCHILL,2025-06-24,1,Gladstone,GSTO,2025-06-24T19:02:03Z,2025-06-24T19:07:00Z,ARR,goo,-4.0
693 (06-24),True,False,WINNIPEG,CHURCHILL,2025-06-24,2,Plumas,PLUM,2025-06-24T19:33:00Z,2025-06-24T19:44:00Z,ARR,goo,-11.0
693 (06-24),True,False,WINNIPEG,CHURCHILL,2025-06-24,3,Glenella,GLNA,2025-06-24T20:02:50Z,2025-06-24T20:16:00Z,ARR,goo,-13.0
693 (06-24),True,False,WINNIPEG,CHURCHILL,2025-06-24,4,Mccreary,MCCR,2025-06-24T20:43:58Z,2025-06-24T20:57:00Z,ARR,goo,-13.0
693 (06-24),True,False,WINNIPEG,CHURCHILL,2025-06-24,5,Laurier,LRIE,2025-06-24T20:59:59Z,2025-06-24T21:15:00Z,ARR,goo,-15.0
693 (06-24),True,False,WINNIPEG,CHURCHILL,2025-06-24,6,Ochre River,OCHR,2025-06-24T21:20:00Z,2025-06-24T21:36:00Z,ARR,goo,-16.0
693 (06-24),True,False,WINNIPEG,CHURCHILL,2025-06-24,7,Dauphin,DAUP,2025-06-24T21:41:51Z,2025-06-24T21:56:00Z,ARR,goo,-14.0
693 (06-24),True,False,WINNIPEG,CHURCHILL,2025-06-24,8,Gilbert Plains,GLBP,2025-06-24T22:35:02Z,2025-06-24T22:44:00Z,ARR,goo,-8.0
693 (06-24),True,False,WINNIPEG,CHURCHILL,2025-06-24,9,Grandview,GVIE,2025-06-24T22:54:20Z,2025-06-24T23:00:00Z,ARR,goo,-5.0
693 (06-24),True,False,WINNIPEG,CHURCHILL,2025-06-24,10,Roblin,RBLN,2025-06-24T23:59:06Z,2025-06-24T23:55:00Z,ARR,goo,4.0
693 (06-24),True,False,WINNIPEG,CHURCHILL,2025-06-24,11,Togo,TOGO,2025-06-25T00:30:36Z,2025-06-25T00:22:00Z,ARR,med,8.0
693 (06-24),True,False,WINNIPEG,CHURCHILL,2025-06-24,12,Kamsack,KAMS,2025-06-25T01:02:31Z,2025-06-25T00:59:00Z,ARR,goo,3.0
693 (06-24),True,False,WINNIPEG,CHURCHILL,2025-06-24,13,Veregin,VERE,2025-06-25T01:13:35Z,2025-06-25T01:12:00Z,ARR,goo,1.0
693 (06-24),True,False,WINNIPEG,CHURCHILL,2025-06-24,14,Mikado,MIKA,2025-06-25T01:24:30Z,2025-06-25T01:22:00Z,ARR,goo,2.0
693 (06-24),True,False,WINNIPEG,CHURCHILL,2025-06-24,15,Canora,CANO,2025-06-25T01:35:57Z,2025-06-25T01:36:00Z,ARR,goo,0.0
693 (06-24),True,False,WINNIPEG,CHURCHILL,2025-06-24,16,Sturgis,STGS,2025-06-25T03:18:22Z,2025-06-25T02:21:00Z,1 min,bad,57.0
693 (06-24),True,False,WINNIPEG,CHURCHILL,2025-06-24,17,Endeavour,ENDV,2025-06-25T03:51:22Z,2025-06-25T02:54:00Z,34 mins,bad,57.0
693 (06-24),True,False,WINNIPEG,CHURCHILL,2025-06-24,18,Reserve,RSRV,2025-06-25T04:31:22Z,2025-06-25T03:34:00Z,1h14,bad,57.0
693 (06-24),True,False,WINNIPEG,CHURCHILL,2025-06-24,19,Hudson Bay,HBAY,2025-06-25T05:29:22Z,2025-06-25T04:32:00Z,2h12,bad,57.0
693 (06-24),True,False,WINNIPEG,CHURCHILL,2025-06-24,20,The Pas,TPAS,2025-06-25T07:42:22Z,2025-06-25T06:45:00Z,4h25,bad,57.0
693 (06-24),True,False,WINNIPEG,CHURCHILL,2025-06-24,21,Orok,OROK,2025-06-25T09:04:22Z,2025-06-25T08:07:00Z,5h47,bad,57.0
693 (06-24),True,False,WINNIPEG,CHURCHILL,2025-06-24,22,Halcrow,HALC,2025-06-25T09:58:22Z,2025-06-25T09:01:00Z,6h41,bad,57.0
693 (06-24),True,False,WINNIPEG,CHURCHILL,2025-06-24,23,Cormorant,CORM,2025-06-25T10:09:22Z,2025-06-25T09:12:00Z,6h52,bad,57.0
693 (06-24),True,False,WINNIPEG,CHURCHILL,2025-06-24,24,Dering,DERI,2025-06-25T10:17:22Z,2025-06-25T09:20:00Z,7h00,bad,57.0
693 (06-24),True,False,WINNIPEG,CHURCHILL,2025-06-24,25,Dyce,DYCE,2025-06-25T10:56:22Z,2025-06-25T09:59:00Z,7h39,bad,57.0
693 (06-24),True,False,WINNIPEG,CHURCHILL,2025-06-24,26,Wekusko,WEKU,2025-06-25T11:40:22Z,2025-06-25T10:43:00Z,8h23,bad,57.0
693 (06-24),True,False,WINNIPEG,CHURCHILL,2025-06-24,27,Turnbull,TURN,2025-06-25T12:07:22Z,2025-06-25T11:10:00Z,8h50,bad,57.0
693 (06-24),True,False,WINNIPEG,CHURCHILL,2025-06-24,28,Ponton,PNTN,2025-06-25T12:39:22Z,2025-06-25T11:42:00Z,9h22,bad,57.0
693 (06-24),True,False,WINNIPEG,CHURCHILL,2025-06-24,29,Pipun,PIPN,2025-06-25T13:22:22Z,2025-06-25T12:25:00Z,10h05,bad,57.0
693 (06-24),True,False,WINNIPEG,CHURCHILL,2025-06-24,30,Wabowden,WBDN,2025-06-25T13:45:22Z,2025-06-25T12:48:00Z,10h28,bad,57.0
693 (06-24),True,False,WINNIPEG,CHURCHILL,2025-06-24,31,Lyddal,LYDD,2025-06-25T14:13:22Z,2025-06-25T13:16:00Z,10h56,bad,57.0
693 (06-24),True,False,WINNIPEG,CHURCHILL,2025-06-24,32,Odhill,ODHI,2025-06-25T14:35:22Z,2025-06-25T13:38:00Z,11h18,bad,57.0
693 (06-24),True,False,WINNIPEG,CHURCHILL,2025-06-24,33,Hockin,HOCK,2025-06-25T15:19:22Z,2025-06-25T14:22:00Z,12h02,bad,57.0
693 (06-24),True,False,WINNIPEG,CHURCHILL,2025-06-24,34,Thicket Portage,THKP,2025-06-25T15:34:22Z,2025-06-25T14:37:00Z,12h17,bad,57.0
693 (06-24),True,False,WINNIPEG,CHURCHILL,2025-06-24,35,Leven,LEVN,2025-06-25T15:51:22Z,2025-06-25T14:54:00Z,12h34,bad,57.0
693 (06-24),True,False,WINNIPEG,CHURCHILL,2025-06-24,36,Thompson,THOM,2025-06-25T17:57:22Z,2025-06-25T17:00:00Z,14h40,bad,57.0
20,True,True,MONTRÉAL,QUÉBEC,2025-06-24,0,Montréal,MTRL,2025-06-24T10:25:00Z,2025-06-24T10:25:00Z,ARR,goo,0.0
20,True,True,MONTRÉAL,QUÉBEC,2025-06-24,1,St. Lambert,SLAM,2025-06-24T10:39:46Z,2025-06-24T10:38:00Z,ARR,goo,1.0
20,True,True,MONTRÉAL,QUÉBEC,2025-06-24,2,St. Hyacinthe,SHYA,2025-06-24T11:06:14Z,2025-06-24T11:06:00Z,ARR,goo,0.0
20,True,True,MONTRÉAL,QUÉBEC,2025-06-24,3,Drummondville,DRMV,2025-06-24T11:36:53Z,2025-06-24T11:43:00Z,ARR,goo,-6.0
20,True,True,MONTRÉAL,QUÉBEC,2025-06-24,4,Ste-Foy,SFOY,2025-06-24T13:13:56Z,2025-06-24T13:25:00Z,ARR,goo,-11.0
20,True,True,MONTRÉAL,QUÉBEC,2025-06-24,5,Québec,QBEC,2025-06-24T13:41:53Z,2025-06-24T13:52:00Z,ARR,goo,-10.0
24,True,True,OTTAWA,QUÉBEC,2025-06-24,0,Ottawa,OTTW,2025-06-24T14:13:03Z,2025-06-24T14:13:00Z,ARR,goo,0.0
24,True,True,OTTAWA,QUÉBEC,2025-06-24,1,Alexandria,ALEX,2025-06-24T14:57:05Z,2025-06-24T15:03:00Z,ARR,goo,-5.0
24,True,True,OTTAWA,QUÉBEC,2025-06-24,2,Coteau,COTO,2025-06-24T15:19:22Z,2025-06-24T15:26:00Z,ARR,goo,-6.0
24,True,True,OTTAWA,QUÉBEC,2025-06-24,3,Dorval,DORV,2025-06-24T15:50:05Z,2025-06-24T15:50:00Z,ARR,goo,0.0
24,True,True,OTTAWA,QUÉBEC,2025-06-24,4,Montréal,MTRL,2025-06-24T16:16:58Z,2025-06-24T16:15:00Z,ARR,goo,1.0
24,True,True,OTTAWA,QUÉBEC,2025-06-24,5,St. Lambert,SLAM,2025-06-24T17:07:12Z,2025-06-24T16:58:00Z,ARR,med,9.0
24,True,True,OTTAWA,QUÉBEC,2025-06-24,6,St. Hyacinthe,SHYA,2025-06-24T17:44:31Z,2025-06-24T17:26:00Z,ARR,bad,18.0
24,True,True,OTTAWA,QUÉBEC,2025-06-24,7,Drummondville,DRMV,2025-06-24T18:21:31Z,2025-06-24T17:54:00Z,ARR,bad,27.0
24,True,True,OTTAWA,QUÉBEC,2025-06-24,8,Charny,CHNY,2025-06-24T20:20:15Z,2025-06-24T19:38:00Z,ARR,bad,42.0
24,True,True,OTTAWA,QUÉBEC,2025-06-24,9,Ste-Foy,SFOY,2025-06-24T20:30:05Z,2025-06-24T19:45:00Z,ARR,bad,45.0
24,True,True,OTTAWA,QUÉBEC,2025-06-24,10,Québec,QBEC,2025-06-24T21:07:11Z,2025-06-24T20:12:00Z,ARR,bad,55.0
22,True,True,OTTAWA,QUÉBEC,2025-06-24,0,Ottawa,OTTW,2025-06-24T10:07:00Z,2025-06-24T10:07:00Z,ARR,goo,0.0
22,True,True,OTTAWA,QUÉBEC,2025-06-24,1,Casselman,CSLM,2025-06-24T10:29:33Z,2025-06-24T10:33:00Z,ARR,goo,-3.0
22,True,True,OTTAWA,QUÉBEC,2025-06-24,2,Alexandria,ALEX,2025-06-24T10:51:16Z,2025-06-24T10:55:00Z,ARR,goo,-3.0
22,True,True,OTTAWA,QUÉBEC,2025-06-24,3,Coteau,COTO,2025-06-24T11:12:54Z,2025-06-24T11:23:00Z,ARR,goo,-10.0
22,True,True,OTTAWA,QUÉBEC,2025-06-24,4,Dorval,DORV,2025-06-24T11:42:50Z,2025-06-24T11:47:00Z,ARR,goo,-4.0
22,True,True,OTTAWA,QUÉBEC,2025-06-24,5,Montréal,MTRL,2025-06-24T12:08:54Z,2025-06-24T12:11:00Z,ARR,goo,-2.0
22,True,True,OTTAWA,QUÉBEC,2025-06-24,6,St. Lambert,SLAM,2025-06-24T12:54:32Z,2025-06-24T12:49:00Z,ARR,med,5.0
22,True,True,OTTAWA,QUÉBEC,2025-06-24,7,St. Hyacinthe,SHYA,2025-06-24T13:26:59Z,2025-06-24T13:16:00Z,ARR,med,10.0
22,True,True,OTTAWA,QUÉBEC,2025-06-24,8,Drummondville,DRMV,2025-06-24T14:02:44Z,2025-06-24T13:44:00Z,ARR,bad,18.0
22,True,True,OTTAWA,QUÉBEC,2025-06-24,9,Ste-Foy,SFOY,2025-06-24T15:51:17Z,2025-06-24T15:19:00Z,ARR,bad,32.0
22,True,True,OTTAWA,QUÉBEC,2025-06-24,10,Québec,QBEC,2025-06-24T16:25:04Z,2025-06-24T15:47:00Z,ARR,bad,38.0
37,True,True,QUÉBEC,OTTAWA,2025-06-24,0,Québec,QBEC,2025-06-24T16:36:50Z,2025-06-24T16:32:00Z,ARR,goo,4.0
37,True,True,QUÉBEC,OTTAWA,2025-06-24,1,Ste-Foy,SFOY,2025-06-24T17:10:16Z,2025-06-24T16:57:00Z,ARR,med,13.0
37,True,True,QUÉBEC,OTTAWA,2025-06-24,2,Drummondville,DRMV,2025-06-24T19:06:55Z,2025-06-24T18:44:00Z,ARR,bad,22.0
37,True,True,QUÉBEC,OTTAWA,2025-06-24,3,St. Hyacinthe,SHYA,2025-06-24T19:50:36Z,2025-06-24T19:12:00Z,ARR,bad,38.0
37,True,True,QUÉBEC,OTTAWA,2025-06-24,4,St. Lambert,SLAM,2025-06-24T20:32:54Z,2025-06-24T19:39:00Z,ARR,bad,53.0
37,True,True,QUÉBEC,OTTAWA,2025-06-24,5,Montréal,MTRL,2025-06-24T20:51:35Z,2025-06-24T19:54:00Z,ARR,bad,57.0
37,True,True,QUÉBEC,OTTAWA,2025-06-24,6,Dorval,DORV,2025-06-24T21:50:26Z,2025-06-24T20:54:00Z,ARR,bad,56.0
37,True,True,QUÉBEC,OTTAWA,2025-06-24,7,Coteau,COTO,2025-06-24T22:25:08Z,2025-06-24T21:23:00Z,ARR,bad,62.0
37,True,True,QUÉBEC,OTTAWA,2025-06-24,8,Alexandria,ALEX,2025-06-24T22:45:40Z,2025-06-24T21:45:00Z,ARR,bad,60.0
37,True,True,QUÉBEC,OTTAWA,2025-06-24,9,Ottawa,OTTW,2025-06-24T23:28:30Z,2025-06-24T22:37:00Z,ARR,bad,51.0
41,True,True,OTTAWA,TORONTO,2025-06-24,0,Ottawa,OTTW,2025-06-24T09:21:00Z,2025-06-24T09:21:00Z,ARR,goo,0.0
41,True,True,OTTAWA,TORONTO,2025-06-24,1,Fallowfield,FALL,2025-06-24T09:37:29Z,2025-06-24T09:38:00Z,ARR,goo,0.0
41,True,True,OTTAWA,TORONTO,2025-06-24,2,Smiths Falls,SMTF,2025-06-24T10:08:46Z,2025-06-24T10:08:00Z,ARR,goo,0.0
41,True,True,OTTAWA,TORONTO,2025-06-24,3,Brockville,BRKV,2025-06-24T10:43:04Z,2025-06-24T10:40:00Z,ARR,goo,3.0
41,True,True,OTTAWA,TORONTO,2025-06-24,4,Kingston,KGON,2025-06-24T11:35:20Z,2025-06-24T11:25:00Z,ARR,med,10.0
41,True,True,OTTAWA,TORONTO,2025-06-24,5,Napanee,NAPN,2025-06-24T12:01:12Z,2025-06-24T11:49:00Z,ARR,med,12.0
41,True,True,OTTAWA,TORONTO,2025-06-24,6,Belleville,BLVL,2025-06-24T12:27:30Z,2025-06-24T12:07:00Z,ARR,bad,20.0
41,True,True,OTTAWA,TORONTO,2025-06-24,7,Trenton Jct.,TRNJ,2025-06-24T12:43:22Z,2025-06-24T12:20:00Z,ARR,bad,23.0
41,True,True,OTTAWA,TORONTO,2025-06-24,8,Cobourg,CBRG,2025-06-24T13:15:24Z,2025-06-24T12:44:00Z,ARR,bad,31.0
41,True,True,OTTAWA,TORONTO,2025-06-24,9,Oshawa,OSHA,2025-06-24T14:01:36Z,2025-06-24T13:19:00Z,ARR,bad,42.0
41,True,True,OTTAWA,TORONTO,2025-06-24,10,Toronto,TRTO,2025-06-24T14:45:01Z,2025-06-24T14:02:00Z,ARR,bad,43.0
50,True,True,TORONTO,OTTAWA,2025-06-24,0,Toronto,TRTO,2025-06-24T10:32:12Z,2025-06-24T10:32:00Z,ARR,goo,0.0
50,True,True,TORONTO,OTTAWA,2025-06-24,1,Guildwood,GUIL,2025-06-24T10:49:07Z,2025-06-24T10:50:00Z,ARR,goo,0.0
50,True,True,TORONTO,OTTAWA,2025-06-24,2,Oshawa,OSHA,2025-06-24T11:13:19Z,2025-06-24T11:08:00Z,ARR,med,5.0
50,True,True,TORONTO,OTTAWA,2025-06-24,3,Cobourg,CBRG,2025-06-24T11:57:26Z,2025-06-24T11:43:00Z,ARR,med,14.0
50,True,True,TORONTO,OTTAWA,2025-06-24,4,Belleville,BLVL,2025-06-24T12:33:50Z,2025-06-24T12:18:00Z,ARR,bad,15.0
50,True,True,TORONTO,OTTAWA,2025-06-24,5,Kingston,KGON,2025-06-24T13:15:08Z,2025-06-24T12:57:00Z,ARR,bad,18.0
50,True,True,TORONTO,OTTAWA,2025-06-24,6,Brockville,BRKV,2025-06-24T14:11:02Z,2025-06-24T13:54:00Z,ARR,bad,17.0
50,True,True,TORONTO,OTTAWA,2025-06-24,7,Smiths Falls,SMTF,2025-06-24T14:55:08Z,2025-06-24T14:29:00Z,ARR,bad,26.0
50,True,True,TORONTO,OTTAWA,2025-06-24,8,Fallowfield,FALL,2025-06-24T15:25:36Z,2025-06-24T15:01:00Z,ARR,bad,24.0
50,True,True,TORONTO,OTTAWA,2025-06-24,9,Ottawa,OTTW,2025-06-24T15:48:16Z,2025-06-24T15:21:00Z,ARR,bad,27.0
52,True,True,TORONTO,OTTAWA,2025-06-24,0,Toronto,TRTO,2025-06-24T12:32:00Z,2025-06-24T12:32:00Z,ARR,goo,0.0
52,True,True,TORONTO,OTTAWA,2025-06-24,1,Guildwood,GUIL,2025-06-24T12:49:37Z,2025-06-24T12:50:00Z,ARR,goo,0.0
52,True,True,TORONTO,OTTAWA,2025-06-24,2,Oshawa,OSHA,2025-06-24T13:09:29Z,2025-06-24T13:09:00Z,ARR,goo,0.0
52,True,True,TORONTO,OTTAWA,2025-06-24,3,Cobourg,CBRG,2025-06-24T13:50:59Z,2025-06-24T13:44:00Z,ARR,med,6.0
52,True,True,TORONTO,OTTAWA,2025-06-24,4,Belleville,BLVL,2025-06-24T14:24:40Z,2025-06-24T14:20:00Z,ARR,goo,4.0
52,True,True,TORONTO,OTTAWA,2025-06-24,5,Kingston,KGON,2025-06-24T15:09:11Z,2025-06-24T15:00:00Z,ARR,med,9.0
52,True,True,TORONTO,OTTAWA,2025-06-24,6,Brockville,BRKV,2025-06-24T16:22:56Z,2025-06-24T15:57:00Z,ARR,bad,25.0
52,True,True,TORONTO,OTTAWA,2025-06-24,7,Smiths Falls,SMTF,2025-06-24T17:34:24Z,2025-06-24T16:35:00Z,ARR,bad,59.0
52,True,True,TORONTO,OTTAWA,2025-06-24,8,Fallowfield,FALL,2025-06-24T17:58:13Z,2025-06-24T17:11:00Z,ARR,bad,47.0
52,True,True,TORONTO,OTTAWA,2025-06-24,9,Ottawa,OTTW,2025-06-24T18:19:28Z,2025-06-24T17:32:00Z,ARR,bad,47.0
53,True,True,OTTAWA,TORONTO,2025-06-24,0,Ottawa,OTTW,2025-06-24T15:48:05Z,2025-06-24T15:43:00Z,ARR,med,5.0
53,True,True,OTTAWA,TORONTO,2025-06-24,1,Fallowfield,FALL,2025-06-24T16:04:28Z,2025-06-24T16:00:00Z,ARR,goo,4.0
53,True,True,OTTAWA,TORONTO,2025-06-24,2,Brockville,BRKV,2025-06-24T17:45:52Z,2025-06-24T17:01:00Z,ARR,bad,44.0
53,True,True,OTTAWA,TORONTO,2025-06-24,3,Gananoque,GANA,2025-06-24T18:17:53Z,2025-06-24T17:31:00Z,ARR,bad,46.0
53,True,True,OTTAWA,TORONTO,2025-06-24,4,Kingston,KGON,2025-06-24T18:41:41Z,2025-06-24T17:54:00Z,ARR,bad,47.0
53,True,True,OTTAWA,TORONTO,2025-06-24,5,Belleville,BLVL,2025-06-24T20:03:46Z,2025-06-24T18:36:00Z,ARR,bad,87.0
53,True,True,OTTAWA,TORONTO,2025-06-24,6,Cobourg,CBRG,2025-06-24T20:46:34Z,2025-06-24T19:12:00Z,ARR,bad,94.0
53,True,True,OTTAWA,TORONTO,2025-06-24,7,Oshawa,OSHA,2025-06-24T21:24:19Z,2025-06-24T19:48:00Z,ARR,bad,96.0
53,True,True,OTTAWA,TORONTO,2025-06-24,8,Toronto,TRTO,2025-06-24T22:32:48Z,2025-06-24T20:33:00Z,ARR,bad,119.0
60,True,True,TORONTO,MONTRÉAL,2025-06-24,0,Toronto,TRTO,2025-06-24T10:32:00Z,2025-06-24T10:32:00Z,ARR,goo,0.0
60,True,True,TORONTO,MONTRÉAL,2025-06-24,1,Guildwood,GUIL,2025-06-24T10:48:51Z,2025-06-24T10:50:00Z,ARR,goo,-1.0
60,True,True,TORONTO,MONTRÉAL,2025-06-24,2,Oshawa,OSHA,2025-06-24T11:13:13Z,2025-06-24T11:08:00Z,ARR,med,5.0
60,True,True,TORONTO,MONTRÉAL,2025-06-24,3,Cobourg,CBRG,2025-06-24T11:57:24Z,2025-06-24T11:43:00Z,ARR,med,14.0
60,True,True,TORONTO,MONTRÉAL,2025-06-24,4,Belleville,BLVL,2025-06-24T12:33:45Z,2025-06-24T12:18:00Z,ARR,bad,15.0
60,True,True,TORONTO,MONTRÉAL,2025-06-24,5,Kingston,KGON,2025-06-24T13:15:04Z,2025-06-24T12:57:00Z,ARR,bad,18.0
60,True,True,TORONTO,MONTRÉAL,2025-06-24,6,Cornwall,CWLL,2025-06-24T15:14:53Z,2025-06-24T14:38:00Z,ARR,bad,36.0
60,True,True,TORONTO,MONTRÉAL,2025-06-24,7,Dorval,DORV,2025-06-24T16:18:06Z,2025-06-24T15:25:00Z,ARR,bad,53.0
60,True,True,TORONTO,MONTRÉAL,2025-06-24,8,Montréal,MTRL,2025-06-24T16:43:12Z,2025-06-24T15:50:00Z,ARR,bad,53.0
61,True,True,MONTRÉAL,TORONTO,2025-06-24,0,Montréal,MTRL,2025-06-24T10:45:00Z,2025-06-24T10:45:00Z,ARR,goo,0.0
61,True,True,MONTRÉAL,TORONTO,2025-06-24,1,Dorval,DORV,2025-06-24T11:12:05Z,2025-06-24T11:08:00Z,ARR,goo,4.0
61,True,True,MONTRÉAL,TORONTO,2025-06-24,2,Cornwall,CWLL,2025-06-24T12:14:47Z,2025-06-24T12:01:00Z,ARR,med,13.0
61,True,True,MONTRÉAL,TORONTO,2025-06-24,3,Kingston,KGON,2025-06-24T13:59:55Z,2025-06-24T13:29:00Z,ARR,bad,30.0
61,True,True,MONTRÉAL,TORONTO,2025-06-24,4,Belleville,BLVL,2025-06-24T14:50:53Z,2025-06-24T14:11:00Z,ARR,bad,39.0
61,True,True,MONTRÉAL,TORONTO,2025-06-24,5,Oshawa,OSHA,2025-06-24T16:13:21Z,2025-06-24T15:19:00Z,ARR,bad,54.0
61,True,True,MONTRÉAL,TORONTO,2025-06-24,6,Guildwood,GUIL,2025-06-24T16:40:30Z,2025-06-24T15:43:00Z,ARR,bad,57.0
61,True,True,MONTRÉAL,TORONTO,2025-06-24,7,Toronto,TRTO,2025-06-24T16:58:48Z,2025-06-24T16:03:00Z,ARR,bad,55.0
64,True,True,TORONTO,MONTRÉAL,2025-06-24,0,Toronto,TRTO,2025-06-24T15:38:17Z,2025-06-24T15:38:00Z,ARR,goo,0.0
64,True,True,TORONTO,MONTRÉAL,2025-06-24,1,Guildwood,GUIL,2025-06-24T15:55:10Z,2025-06-24T15:55:00Z,ARR,goo,0.0
64,True,True,TORONTO,MONTRÉAL,2025-06-24,2,Oshawa,OSHA,2025-06-24T16:15:18Z,2025-06-24T16:09:00Z,ARR,med,6.0
64,True,True,TORONTO,MONTRÉAL,2025-06-24,3,Cobourg,CBRG,2025-06-24T16:51:43Z,2025-06-24T16:46:00Z,ARR,med,5.0
64,True,True,TORONTO,MONTRÉAL,2025-06-24,4,Belleville,BLVL,2025-06-24T17:25:45Z,2025-06-24T17:22:00Z,ARR,goo,3.0
64,True,True,TORONTO,MONTRÉAL,2025-06-24,5,Kingston,KGON,2025-06-24T18:16:10Z,2025-06-24T18:03:00Z,ARR,med,13.0
64,True,True,TORONTO,MONTRÉAL,2025-06-24,6,Brockville,BRKV,2025-06-24T19:06:46Z,2025-06-24T18:52:00Z,ARR,med,14.0
64,True,True,TORONTO,MONTRÉAL,2025-06-24,7,Cornwall,CWLL,2025-06-24T20:14:13Z,2025-06-24T19:42:00Z,ARR,bad,32.0
64,True,True,TORONTO,MONTRÉAL,2025-06-24,8,Dorval,DORV,2025-06-24T21:26:31Z,2025-06-24T20:37:00Z,ARR,bad,49.0
64,True,True,TORONTO,MONTRÉAL,2025-06-24,9,Montréal,MTRL,2025-06-24T21:55:30Z,2025-06-24T21:05:00Z,ARR,bad,50.0
65,True,True,MONTRÉAL,TORONTO,2025-06-24,0,Montréal,MTRL,2025-06-24T14:52:00Z,2025-06-24T14:49:00Z,ARR,goo,3.0
65,True,True,MONTRÉAL,TORONTO,2025-06-24,1,Dorval,DORV,2025-06-24T15:16:20Z,2025-06-24T15:12:00Z,ARR,goo,4.0
65,True,True,MONTRÉAL,TORONTO,2025-06-24,2,Cornwall,CWLL,2025-06-24T16:36:40Z,2025-06-24T16:06:00Z,ARR,bad,30.0
65,True,True,MONTRÉAL,TORONTO,2025-06-24,3,Kingston,KGON,2025-06-24T19:16:17Z,2025-06-24T17:36:00Z,ARR,bad,100.0
65,True,True,MONTRÉAL,TORONTO,2025-06-24,4,Belleville,BLVL,2025-06-24T20:29:37Z,2025-06-24T18:20:00Z,ARR,bad,129.0
65,True,True,MONTRÉAL,TORONTO,2025-06-24,5,Cobourg,CBRG,2025-06-24T21:09:43Z,2025-06-24T18:58:00Z,ARR,bad,131.0
65,True,True,MONTRÉAL,TORONTO,2025-06-24,6,Oshawa,OSHA,2025-06-24T21:43:48Z,2025-06-24T19:34:00Z,ARR,bad,129.0
65,True,True,MONTRÉAL,TORONTO,2025-06-24,7,Toronto,TRTO,2025-06-24T22:57:07Z,2025-06-24T20:18:00Z,ARR,bad,159.0
67,True,True,MONTRÉAL,TORONTO,2025-06-24,0,Montréal,MTRL,2025-06-24T17:22:00Z,2025-06-24T17:22:00Z,ARR,goo,0.0
67,True,True,MONTRÉAL,TORONTO,2025-06-24,1,Dorval,DORV,2025-06-24T17:51:28Z,2025-06-24T17:47:00Z,ARR,goo,4.0
67,True,True,MONTRÉAL,TORONTO,2025-06-24,2,Cornwall,CWLL,2025-06-24T20:05:04Z,2025-06-24T18:38:00Z,ARR,bad,87.0
67,True,True,MONTRÉAL,TORONTO,2025-06-24,3,Kingston,KGON,2025-06-24T21:43:49Z,2025-06-24T20:03:00Z,ARR,bad,100.0
67,True,True,MONTRÉAL,TORONTO,2025-06-24,4,Belleville,BLVL,2025-06-24T22:37:10Z,2025-06-24T20:42:00Z,ARR,bad,115.0
67,True,True,MONTRÉAL,TORONTO,2025-06-24,5,Cobourg,CBRG,2025-06-24T23:14:57Z,2025-06-24T21:17:00Z,ARR,bad,117.0
67,True,True,MONTRÉAL,TORONTO,2025-06-24,6,Oshawa,OSHA,2025-06-24T23:55:53Z,2025-06-24T21:50:00Z,ARR,bad,125.0
67,True,True,MONTRÉAL,TORONTO,2025-06-24,7,Toronto,TRTO,2025-06-25T00:59:58Z,2025-06-24T22:45:00Z,ARR,bad,134.0
70,True,True,WINDSOR,TORONTO,2025-06-24,0,Windsor,WDON,2025-06-24T09:38:17Z,2025-06-24T09:35:00Z,ARR,goo,3.0
70,True,True,WINDSOR,TORONTO,2025-06-24,1,Chatham,CHAT,2025-06-24T10:22:05Z,2025-06-24T10:19:00Z,ARR,goo,3.0
70,True,True,WINDSOR,TORONTO,2025-06-24,2,London,LNDN,2025-06-24T11:45:57Z,2025-06-24T11:25:00Z,ARR,bad,20.0
70,True,True,WINDSOR,TORONTO,2025-06-24,3,Ingersoll,INGR,2025-06-24T12:13:37Z,2025-06-24T11:55:00Z,ARR,bad,18.0
70,True,True,WINDSOR,TORONTO,2025-06-24,4,Woodstock,WDST,2025-06-24T12:26:00Z,2025-06-24T12:08:00Z,ARR,bad,18.0
70,True,True,WINDSOR,TORONTO,2025-06-24,5,Brantford,BRTF,2025-06-24T12:58:15Z,2025-06-24T12:44:00Z,ARR,med,14.0
70,True,True,WINDSOR,TORONTO,2025-06-24,6,Aldershot,ALDR,2025-06-24T13:30:42Z,2025-06-24T13:25:00Z,ARR,med,5.0
70,True,True,WINDSOR,TORONTO,2025-06-24,7,Oakville,OAKV,2025-06-24T13:46:35Z,2025-06-24T13:43:00Z,ARR,goo,3.0
70,True,True,WINDSOR,TORONTO,2025-06-24,8,Toronto,TRTO,2025-06-24T14:14:26Z,2025-06-24T14:10:00Z,ARR,goo,4.0
71,True,True,TORONTO,WINDSOR,2025-06-24,0,Toronto,TRTO,2025-06-24T10:50:06Z,2025-06-24T10:50:00Z,ARR,goo,0.0
71,True,True,TORONTO,WINDSOR,2025-06-24,1,Oakville,OAKV,2025-06-24T11:14:07Z,2025-06-24T11:13:00Z,ARR,goo,1.0
71,True,True,TORONTO,WINDSOR,2025-06-24,2,Aldershot,ALDR,2025-06-24T11:29:28Z,2025-06-24T11:29:00Z,ARR,goo,0.0
71,True,True,TORONTO,WINDSOR,2025-06-24,3,Brantford,BRTF,2025-06-24T11:59:41Z,2025-06-24T11:55:00Z,ARR,goo,4.0
71,True,True,TORONTO,WINDSOR,2025-06-24,4,Woodstock,WDST,2025-06-24T12:43:11Z,2025-06-24T12:30:00Z,ARR,med,13.0
71,True,True,TORONTO,WINDSOR,2025-06-24,5,Ingersoll,INGR,2025-06-24T12:54:19Z,2025-06-24T12:43:00Z,ARR,med,11.0
71,True,True,TORONTO,WINDSOR,2025-06-24,6,London,LNDN,2025-06-24T13:17:25Z,2025-06-24T13:06:00Z,ARR,med,11.0
71,True,True,TORONTO,WINDSOR,2025-06-24,7,Glencoe,GLNC,2025-06-24T13:56:31Z,2025-06-24T13:39:00Z,ARR,bad,17.0
71,True,True,TORONTO,WINDSOR,2025-06-24,8,Chatham,CHAT,2025-06-24T14:47:12Z,2025-06-24T14:18:00Z,ARR,bad,29.0
71,True,True,TORONTO,WINDSOR,2025-06-24,9,Windsor,WDON,2025-06-24T15:33:05Z,2025-06-24T15:08:00Z,ARR,bad,25.0
73,True,True,TORONTO,WINDSOR,2025-06-24,0,Toronto,TRTO,2025-06-24T15:40:35Z,2025-06-24T15:30:00Z,ARR,med,10.0
73,True,True,TORONTO,WINDSOR,2025-06-24,1,Oakville,OAKV,2025-06-24T16:05:43Z,2025-06-24T15:51:00Z,ARR,med,14.0
73,True,True,TORONTO,WINDSOR,2025-06-24,2,Aldershot,ALDR,2025-06-24T16:26:00Z,2025-06-24T16:09:00Z,ARR,bad,17.0
73,True,True,TORONTO,WINDSOR,2025-06-24,3,Brantford,BRTF,2025-06-24T16:59:11Z,2025-06-24T16:40:00Z,ARR,bad,19.0
73,True,True,TORONTO,WINDSOR,2025-06-24,4,Woodstock,WDST,2025-06-24T17:30:33Z,2025-06-24T17:09:00Z,ARR,bad,21.0
73,True,True,TORONTO,WINDSOR,2025-06-24,5,London,LNDN,2025-06-24T18:07:37Z,2025-06-24T17:38:00Z,ARR,bad,29.0
73,True,True,TORONTO,WINDSOR,2025-06-24,6,Chatham,CHAT,2025-06-24T19:34:04Z,2025-06-24T18:50:00Z,ARR,bad,44.0
73,True,True,TORONTO,WINDSOR,2025-06-24,7,Windsor,WDON,2025-06-24T20:17:56Z,2025-06-24T19:45:00Z,ARR,bad,32.0
72,True,True,WINDSOR,TORONTO,2025-06-24,0,Windsor,WDON,2025-06-24T12:43:51Z,2025-06-24T12:43:00Z,ARR,goo,0.0
72,True,True,WINDSOR,TORONTO,2025-06-24,1,Chatham,CHAT,2025-06-24T13:28:55Z,2025-06-24T13:25:00Z,ARR,goo,3.0
72,True,True,WINDSOR,TORONTO,2025-06-24,2,Glencoe,GLNC,2025-06-24T14:12:40Z,2025-06-24T14:05:00Z,ARR,med,7.0
72,True,True,WINDSOR,TORONTO,2025-06-24,3,London,LNDN,2025-06-24T14:48:25Z,2025-06-24T14:39:00Z,ARR,med,9.0
72,True,True,WINDSOR,TORONTO,2025-06-24,4,Ingersoll,INGR,2025-06-24T15:14:25Z,2025-06-24T15:07:00Z,ARR,med,7.0
72,True,True,WINDSOR,TORONTO,2025-06-24,5,Woodstock,WDST,2025-06-24T15:26:10Z,2025-06-24T15:23:00Z,ARR,goo,3.0
72,True,True,WINDSOR,TORONTO,2025-06-24,6,Brantford,BRTF,2025-06-24T15:57:20Z,2025-06-24T15:55:00Z,ARR,goo,2.0
72,True,True,WINDSOR,TORONTO,2025-06-24,7,Aldershot,ALDR,2025-06-24T16:36:29Z,2025-06-24T16:29:00Z,ARR,med,7.0
72,True,True,WINDSOR,TORONTO,2025-06-24,8,Oakville,OAKV,2025-06-24T16:55:42Z,2025-06-24T16:45:00Z,ARR,med,10.0
72,True,True,WINDSOR,TORONTO,2025-06-24,9,Toronto,TRTO,2025-06-24T17:25:15Z,2025-06-24T17:11:00Z,ARR,med,14.0
82,True,False,LONDON,TORONTO,2025-06-24,0,Toronto,TRTO,&mdash;,2025-06-24T12:35:00Z,&mdash;,,
84,True,True,SARNIA,TORONTO,2025-06-24,0,Sarnia,SARN,2025-06-24T12:41:47Z,2025-06-24T12:40:00Z,ARR,goo,1.0
84,True,True,SARNIA,TORONTO,2025-06-24,1,Wyoming,WYOM,2025-06-24T13:09:55Z,2025-06-24T12:55:00Z,ARR,med,14.0
84,True,True,SARNIA,TORONTO,2025-06-24,2,Strathroy,STRR,2025-06-24T13:39:39Z,2025-06-24T13:27:00Z,ARR,med,12.0
84,True,True,SARNIA,TORONTO,2025-06-24,3,London,LNDN,2025-06-24T14:06:04Z,2025-06-24T13:52:00Z,ARR,med,14.0
84,True,True,SARNIA,TORONTO,2025-06-24,4,St.Marys,SMYS,2025-06-24T15:09:46Z,2025-06-24T14:45:00Z,ARR,bad,24.0
84,True,True,SARNIA,TORONTO,2025-06-24,5,Stratford,STRF,2025-06-24T15:40:02Z,2025-06-24T15:14:00Z,ARR,bad,26.0
84,True,True,SARNIA,TORONTO,2025-06-24,6,Kitchener,KITC,2025-06-24T16:31:11Z,2025-06-24T16:02:00Z,ARR,bad,29.0
84,True,True,SARNIA,TORONTO,2025-06-24,7,Guelph,GUEL,2025-06-24T17:18:53Z,2025-06-24T16:24:00Z,ARR,bad,54.0
84,True,True,SARNIA,TORONTO,2025-06-24,8,Georgetown,GEOR,2025-06-24T17:53:40Z,2025-06-24T16:47:00Z,ARR,bad,66.0
84,True,True,SARNIA,TORONTO,2025-06-24,9,Brampton,BRMP,2025-06-24T18:15:00Z,2025-06-24T16:59:00Z,ARR,bad,76.0
84,True,True,SARNIA,TORONTO,2025-06-24,10,Malton,MALT,2025-06-24T19:22:15Z,2025-06-24T17:11:00Z,ARR,bad,131.0
84,True,True,SARNIA,TORONTO,2025-06-24,11,Toronto,TRTO,2025-06-24T20:10:05Z,2025-06-24T17:38:00Z,ARR,bad,152.0
641,True,True,OTTAWA,TORONTO,2025-06-24,0,Ottawa,OTTW,2025-06-24T08:13:07Z,2025-06-24T08:13:00Z,ARR,goo,0.0
641,True,True,OTTAWA,TORONTO,2025-06-24,1,Fallowfield,FALL,2025-06-24T08:28:55Z,2025-06-24T08:30:00Z,ARR,goo,-1.0
641,True,True,OTTAWA,TORONTO,2025-06-24,2,Smiths Falls,SMTF,2025-06-24T09:02:10Z,2025-06-24T09:00:00Z,ARR,goo,2.0
641,True,True,OTTAWA,TORONTO,2025-06-24,3,Brockville,BRKV,2025-06-24T09:40:54Z,2025-06-24T09:32:00Z,ARR,med,8.0
641,True,True,OTTAWA,TORONTO,2025-06-24,4,Kingston,KGON,2025-06-24T10:22:59Z,2025-06-24T10:16:00Z,ARR,med,6.0
641,True,True,OTTAWA,TORONTO,2025-06-24,5,Belleville,BLVL,2025-06-24T11:03:54Z,2025-06-24T10:56:00Z,ARR,med,7.0
641,True,True,OTTAWA,TORONTO,2025-06-24,6,Cobourg,CBRG,2025-06-24T11:37:00Z,2025-06-24T11:31:00Z,ARR,med,6.0
641,True,True,OTTAWA,TORONTO,2025-06-24,7,Port Hope,PHOP,2025-06-24T11:46:50Z,2025-06-24T11:41:00Z,ARR,med,5.0
641,True,True,OTTAWA,TORONTO,2025-06-24,8,Toronto,TRTO,2025-06-24T13:28:17Z,2025-06-24T12:48:00Z,ARR,bad,40.0
644,True,True,TORONTO,OTTAWA,2025-06-24,0,Toronto,TRTO,2025-06-24T17:23:01Z,2025-06-24T17:23:00Z,ARR,goo,0.0
644,True,True,TORONTO,OTTAWA,2025-06-24,1,Oshawa,OSHA,2025-06-24T18:17:53Z,2025-06-24T17:53:00Z,ARR,bad,24.0
644,True,True,TORONTO,OTTAWA,2025-06-24,2,Cobourg,CBRG,2025-06-24T19:06:06Z,2025-06-24T18:28:00Z,ARR,bad,38.0
644,True,True,TORONTO,OTTAWA,2025-06-24,3,Belleville,BLVL,2025-06-24T19:51:13Z,2025-06-24T19:03:00Z,ARR,bad,48.0
644,True,True,TORONTO,OTTAWA,2025-06-24,4,Kingston,KGON,2025-06-24T21:12:25Z,2025-06-24T19:43:00Z,ARR,bad,89.0
644,True,True,TORONTO,OTTAWA,2025-06-24,5,Fallowfield,FALL,2025-06-24T23:24:27Z,2025-06-24T21:30:00Z,ARR,bad,114.0
644,True,True,TORONTO,OTTAWA,2025-06-24,6,Ottawa,OTTW,2025-06-24T23:44:57Z,2025-06-24T21:53:00Z,ARR,bad,111.0
643,True,True,OTTAWA,TORONTO,2025-06-24,0,Ottawa,OTTW,2025-06-24T12:29:15Z,2025-06-24T12:29:00Z,ARR,goo,0.0
643,True,True,OTTAWA,TORONTO,2025-06-24,1,Fallowfield,FALL,2025-06-24T12:46:33Z,2025-06-24T12:45:00Z,ARR,goo,1.0
643,True,True,OTTAWA,TORONTO,2025-06-24,2,Smiths Falls,SMTF,2025-06-24T13:19:54Z,2025-06-24T13:17:00Z,ARR,goo,2.0
643,True,True,OTTAWA,TORONTO,2025-06-24,3,Brockville,BRKV,2025-06-24T13:55:02Z,2025-06-24T13:49:00Z,ARR,med,6.0
643,True,True,OTTAWA,TORONTO,2025-06-24,4,Kingston,KGON,2025-06-24T14:40:13Z,2025-06-24T14:32:00Z,ARR,med,8.0
643,True,True,OTTAWA,TORONTO,2025-06-24,5,Napanee,NAPN,2025-06-24T15:13:26Z,2025-06-24T14:57:00Z,ARR,bad,16.0
643,True,True,OTTAWA,TORONTO,2025-06-24,6,Belleville,BLVL,2025-06-24T15:40:46Z,2025-06-24T15:17:00Z,ARR,bad,23.0
643,True,True,OTTAWA,TORONTO,2025-06-24,7,Trenton Jct.,TRNJ,2025-06-24T15:56:52Z,2025-06-24T15:31:00Z,ARR,bad,25.0
643,True,True,OTTAWA,TORONTO,2025-06-24,8,Cobourg,CBRG,2025-06-24T16:23:27Z,2025-06-24T15:57:00Z,ARR,bad,26.0
643,True,True,OTTAWA,TORONTO,2025-06-24,9,Port Hope,PHOP,2025-06-24T16:34:10Z,2025-06-24T16:07:00Z,ARR,bad,27.0
643,True,True,OTTAWA,TORONTO,2025-06-24,10,Oshawa,OSHA,2025-06-24T17:03:41Z,2025-06-24T16:35:00Z,ARR,bad,28.0
643,True,True,OTTAWA,TORONTO,2025-06-24,11,Guildwood,GUIL,2025-06-24T17:32:32Z,2025-06-24T16:58:00Z,ARR,bad,34.0
643,True,True,OTTAWA,TORONTO,2025-06-24,12,Toronto,TRTO,2025-06-24T17:56:54Z,2025-06-24T17:18:00Z,ARR,bad,38.0
97,True,True,TORONTO,NIAGARA FALLS,2025-06-24,0,Toronto,TRTO,2025-06-24T12:20:00Z,2025-06-24T12:20:00Z,ARR,goo,0.0
97,True,True,TORONTO,NIAGARA FALLS,2025-06-24,1,Oakville,OAKV,2025-06-24T12:43:00Z,2025-06-24T12:43:00Z,ARR,goo,0.0
97,True,True,TORONTO,NIAGARA FALLS,2025-06-24,2,Aldershot,ALDR,2025-06-24T12:57:00Z,2025-06-24T12:56:00Z,ARR,goo,1.0
97,True,True,TORONTO,NIAGARA FALLS,2025-06-24,3,Grimsby,GRIM,2025-06-24T13:39:00Z,2025-06-24T13:37:00Z,ARR,goo,2.0
97,True,True,TORONTO,NIAGARA FALLS,2025-06-24,4,St. Catharines,SCAT,2025-06-24T13:59:00Z,2025-06-24T13:57:00Z,ARR,goo,2.0
97,True,True,TORONTO,NIAGARA FALLS,2025-06-24,5,Niagara Falls,NIAG,2025-06-24T14:31:00Z,2025-06-24T14:20:00Z,ARR,med,11.0
62,True,True,TORONTO,MONTRÉAL,2025-06-24,0,Toronto,TRTO,2025-06-24T12:32:00Z,2025-06-24T12:32:00Z,ARR,goo,0.0
62,True,True,TORONTO,MONTRÉAL,2025-06-24,1,Guildwood,GUIL,2025-06-24T12:49:28Z,2025-06-24T12:50:00Z,ARR,goo,0.0
62,True,True,TORONTO,MONTRÉAL,2025-06-24,2,Oshawa,OSHA,2025-06-24T13:09:13Z,2025-06-24T13:09:00Z,ARR,goo,0.0
62,True,True,TORONTO,MONTRÉAL,2025-06-24,3,Cobourg,CBRG,2025-06-24T13:50:54Z,2025-06-24T13:44:00Z,ARR,med,6.0
62,True,True,TORONTO,MONTRÉAL,2025-06-24,4,Belleville,BLVL,2025-06-24T14:24:31Z,2025-06-24T14:20:00Z,ARR,goo,4.0
62,True,True,TORONTO,MONTRÉAL,2025-06-24,5,Kingston,KGON,2025-06-24T15:09:07Z,2025-06-24T15:00:00Z,ARR,med,9.0
62,True,True,TORONTO,MONTRÉAL,2025-06-24,6,Cornwall,CWLL,2025-06-24T17:31:03Z,2025-06-24T16:43:00Z,ARR,bad,48.0
62,True,True,TORONTO,MONTRÉAL,2025-06-24,7,Dorval,DORV,2025-06-24T19:09:20Z,2025-06-24T17:34:00Z,ARR,bad,95.0
62,True,True,TORONTO,MONTRÉAL,2025-06-24,8,Montréal,MTRL,2025-06-24T19:36:22Z,2025-06-24T18:00:00Z,ARR,bad,96.0
45,True,True,OTTAWA,TORONTO,2025-06-24,0,Ottawa,OTTW,2025-06-24T14:24:00Z,2025-06-24T14:24:00Z,ARR,goo,0.0
45,True,True,OTTAWA,TORONTO,2025-06-24,1,Fallowfield,FALL,2025-06-24T14:41:03Z,2025-06-24T14:40:00Z,ARR,goo,1.0
45,True,True,OTTAWA,TORONTO,2025-06-24,2,Kingston,KGON,2025-06-24T16:48:20Z,2025-06-24T16:26:00Z,ARR,bad,22.0
45,True,True,OTTAWA,TORONTO,2025-06-24,3,Toronto,TRTO,2025-06-24T19:51:27Z,2025-06-24T18:48:00Z,ARR,bad,63.0
33,True,True,QUÉBEC,OTTAWA,2025-06-24,0,Québec,QBEC,2025-06-24T09:29:00Z,2025-06-24T09:29:00Z,ARR,goo,0.0
33,True,True,QUÉBEC,OTTAWA,2025-06-24,1,Ste-Foy,SFOY,2025-06-24T09:56:57Z,2025-06-24T09:54:00Z,ARR,goo,2.0
33,True,True,QUÉBEC,OTTAWA,2025-06-24,2,Charny,CHNY,2025-06-24T10:06:49Z,2025-06-24T10:03:00Z,ARR,goo,3.0
33,True,True,QUÉBEC,OTTAWA,2025-06-24,3,Drummondville,DRMV,2025-06-24T11:39:58Z,2025-06-24T11:26:00Z,ARR,med,13.0
33,True,True,QUÉBEC,OTTAWA,2025-06-24,4,St. Hyacinthe,SHYA,2025-06-24T12:14:50Z,2025-06-24T11:57:00Z,ARR,bad,17.0
33,True,True,QUÉBEC,OTTAWA,2025-06-24,5,St. Lambert,SLAM,2025-06-24T12:48:05Z,2025-06-24T12:23:00Z,ARR,bad,25.0
33,True,True,QUÉBEC,OTTAWA,2025-06-24,6,Montréal,MTRL,2025-06-24T13:03:28Z,2025-06-24T12:37:00Z,ARR,bad,26.0
33,True,True,QUÉBEC,OTTAWA,2025-06-24,7,Dorval,DORV,2025-06-24T13:45:12Z,2025-06-24T13:24:00Z,ARR,bad,21.0
33,True,True,QUÉBEC,OTTAWA,2025-06-24,8,Alexandria,ALEX,2025-06-24T14:50:48Z,2025-06-24T14:10:00Z,ARR,bad,40.0
33,True,True,QUÉBEC,OTTAWA,2025-06-24,9,Casselman,CSLM,2025-06-24T15:16:56Z,2025-06-24T14:33:00Z,ARR,bad,43.0
33,True,True,QUÉBEC,OTTAWA,2025-06-24,10,Ottawa,OTTW,2025-06-24T15:43:17Z,2025-06-24T15:04:00Z,ARR,bad,39.0
185,True,False,SUDBURY,WHITE RIVER,2025-06-24,0,Sudbury,SUDB,2025-06-24T13:00:00Z,2025-06-24T13:00:00Z,ARR,goo,0.0
185,True,False,SUDBURY,WHITE RIVER,2025-06-24,1,Azilda,AZIL,2025-06-24T13:14:14Z,2025-06-24T13:10:00Z,ARR,goo,4.0
185,True,False,SUDBURY,WHITE RIVER,2025-06-24,2,Chelmsford,CHEL,2025-06-24T13:17:28Z,2025-06-24T13:15:00Z,ARR,goo,2.0
185,True,False,SUDBURY,WHITE RIVER,2025-06-24,3,Larchwood,LARC,2025-06-24T13:21:11Z,2025-06-24T13:19:00Z,ARR,goo,2.0
185,True,False,SUDBURY,WHITE RIVER,2025-06-24,4,Levack,LEVA,2025-06-24T13:35:22Z,2025-06-24T13:30:00Z,ARR,med,5.0
185,True,False,SUDBURY,WHITE RIVER,2025-06-24,5,Cartier,CART,2025-06-24T14:21:16Z,2025-06-24T13:45:00Z,ARR,bad,36.0
185,True,False,SUDBURY,WHITE RIVER,2025-06-24,6,Benny,BENN,2025-06-24T14:39:41Z,2025-06-24T14:05:00Z,ARR,bad,34.0
185,True,False,SUDBURY,WHITE RIVER,2025-06-24,7,Stralak,STRL,2025-06-24T14:43:49Z,2025-06-24T14:12:00Z,ARR,bad,31.0
185,True,False,SUDBURY,WHITE RIVER,2025-06-24,8,Pogamasing,POGA,2025-06-24T14:55:00Z,2025-06-24T14:25:00Z,ARR,bad,30.0
185,True,False,SUDBURY,WHITE RIVER,2025-06-24,9,Sheahan,SHEA,2025-06-24T15:00:15Z,2025-06-24T14:30:00Z,ARR,bad,30.0
185,True,False,SUDBURY,WHITE RIVER,2025-06-24,10,Forks,FRKS,2025-06-24T15:08:54Z,2025-06-24T14:40:00Z,ARR,bad,28.0
185,True,False,SUDBURY,WHITE RIVER,2025-06-24,11,Metagama,MTGM,2025-06-24T15:18:54Z,2025-06-24T14:50:00Z,ARR,bad,28.0
185,True,False,SUDBURY,WHITE RIVER,2025-06-24,12,Sinker,SNKR,2025-06-24T15:23:54Z,2025-06-24T14:55:00Z,ARR,bad,28.0
185,True,False,SUDBURY,WHITE RIVER,2025-06-24,13,Biscotasing,BISC,2025-06-24T15:53:16Z,2025-06-24T15:20:00Z,ARR,bad,33.0
185,True,False,SUDBURY,WHITE RIVER,2025-06-24,14,Roberts,RBRT,2025-06-24T16:03:16Z,2025-06-24T15:30:00Z,ARR,bad,33.0
185,True,False,SUDBURY,WHITE RIVER,2025-06-24,15,Ramsey,RAMS,2025-06-24T16:18:16Z,2025-06-24T15:45:00Z,ARR,bad,33.0
185,True,False,SUDBURY,WHITE RIVER,2025-06-24,16,Woman River,WOMR,2025-06-24T16:38:16Z,2025-06-24T16:05:00Z,ARR,bad,33.0
185,True,False,SUDBURY,WHITE RIVER,2025-06-24,17,Sultan,SULT,2025-06-24T16:53:16Z,2025-06-24T16:20:00Z,ARR,bad,33.0
185,True,False,SUDBURY,WHITE RIVER,2025-06-24,18,Kormak,KORM,2025-06-24T17:08:16Z,2025-06-24T16:35:00Z,ARR,bad,33.0
185,True,False,SUDBURY,WHITE RIVER,2025-06-24,19,Kinogama,KINO,2025-06-24T17:13:16Z,2025-06-24T16:40:00Z,ARR,bad,33.0
185,True,False,SUDBURY,WHITE RIVER,2025-06-24,20,Nemegos,NEME,2025-06-24T17:28:16Z,2025-06-24T16:55:00Z,ARR,bad,33.0
185,True,False,SUDBURY,WHITE RIVER,2025-06-24,21,Devon,DEVN,2025-06-24T19:16:13Z,2025-06-24T17:05:00Z,ARR,bad,131.0
185,True,False,SUDBURY,WHITE RIVER,2025-06-24,22,Chapleau,CHAP,2025-06-24T19:42:50Z,2025-06-24T17:20:00Z,ARR,bad,142.0
185,True,False,SUDBURY,WHITE RIVER,2025-06-24,23,Esher,ESHR,2025-06-24T20:09:12Z,2025-06-24T17:50:00Z,ARR,bad,139.0
185,True,False,SUDBURY,WHITE RIVER,2025-06-24,24,Musk,MUSK,2025-06-24T20:19:26Z,2025-06-24T18:00:00Z,ARR,bad,139.0
185,True,False,SUDBURY,WHITE RIVER,2025-06-24,25,Nicholson,NICH,2025-06-24T20:25:11Z,2025-06-24T18:10:00Z,ARR,bad,135.0
185,True,False,SUDBURY,WHITE RIVER,2025-06-24,26,Bolkow,BOLK,2025-06-24T20:43:07Z,2025-06-24T18:30:00Z,ARR,bad,133.0
185,True,False,SUDBURY,WHITE RIVER,2025-06-24,27,Dalton,DALT,2025-06-24T20:58:07Z,2025-06-24T18:45:00Z,ARR,bad,133.0
185,True,False,SUDBURY,WHITE RIVER,2025-06-24,28,Missanabie,MSBI,2025-06-24T21:23:07Z,2025-06-24T19:10:00Z,ARR,bad,133.0
185,True,False,SUDBURY,WHITE RIVER,2025-06-24,29,Lochalsh,LOCH,2025-06-24T21:43:07Z,2025-06-24T19:30:00Z,ARR,bad,133.0
185,True,False,SUDBURY,WHITE RIVER,2025-06-24,30,Franz,FRNZ,2025-06-24T23:04:36Z,2025-06-24T19:50:00Z,ARR,bad,194.0
185,True,False,SUDBURY,WHITE RIVER,2025-06-24,31,Swanson,SWAN,2025-06-25T02:03:05Z,2025-06-24T20:00:00Z,ARR,bad,363.0
185,True,False,SUDBURY,WHITE RIVER,2025-06-24,32,Girdwood,GIRD,2025-06-25T03:36:53Z,2025-06-24T20:25:00Z,19 mins,bad,431.0
185,True,False,SUDBURY,WHITE RIVER,2025-06-24,33,Amyot,AMYO,2025-06-25T03:46:53Z,2025-06-24T20:35:00Z,29 mins,bad,431.0
185,True,False,SUDBURY,WHITE RIVER,2025-06-24,34,O'Brien,OBRI,2025-06-25T04:01:53Z,2025-06-24T20:50:00Z,44 mins,bad,431.0
185,True,False,SUDBURY,WHITE RIVER,2025-06-24,35,White River,WHTR,2025-06-25T04:16:53Z,2025-06-24T21:05:00Z,59 mins,bad,431.0
47,True,True,OTTAWA,TORONTO,2025-06-24,0,Ottawa,OTTW,2025-06-24T16:23:15Z,2025-06-24T16:23:00Z,ARR,goo,0.0
47,True,True,OTTAWA,TORONTO,2025-06-24,1,Fallowfield,FALL,2025-06-24T16:40:40Z,2025-06-24T16:40:00Z,ARR,goo,0.0
47,True,True,OTTAWA,TORONTO,2025-06-24,2,Smiths Falls,SMTF,2025-06-24T17:18:10Z,2025-06-24T17:18:00Z,ARR,goo,0.0
47,True,True,OTTAWA,TORONTO,2025-06-24,3,Brockville,BRKV,2025-06-24T17:55:20Z,2025-06-24T17:54:00Z,ARR,goo,1.0
47,True,True,OTTAWA,TORONTO,2025-06-24,4,Gananoque,GANA,2025-06-24T18:27:04Z,2025-06-24T18:22:00Z,ARR,med,5.0
47,True,True,OTTAWA,TORONTO,2025-06-24,5,Kingston,KGON,2025-06-24T18:51:35Z,2025-06-24T18:45:00Z,ARR,med,6.0
47,True,True,OTTAWA,TORONTO,2025-06-24,6,Belleville,BLVL,2025-06-24T20:17:46Z,2025-06-24T19:26:00Z,ARR,bad,51.0
47,True,True,OTTAWA,TORONTO,2025-06-24,7,Oshawa,OSHA,2025-06-24T21:34:05Z,2025-06-24T20:33:00Z,ARR,bad,61.0
47,True,True,OTTAWA,TORONTO,2025-06-24,8,Guildwood,GUIL,2025-06-24T22:14:40Z,2025-06-24T20:58:00Z,ARR,bad,76.0
47,True,True,OTTAWA,TORONTO,2025-06-24,9,Toronto,TRTO,2025-06-24T22:52:14Z,2025-06-24T21:30:00Z,ARR,bad,82.0
63,True,True,MONTRÉAL,TORONTO,2025-06-24,0,Montréal,MTRL,2025-06-24T12:46:00Z,2025-06-24T12:46:00Z,ARR,goo,0.0
63,True,True,MONTRÉAL,TORONTO,2025-06-24,1,Dorval,DORV,2025-06-24T13:09:21Z,2025-06-24T13:11:00Z,ARR,goo,-1.0
63,True,True,MONTRÉAL,TORONTO,2025-06-24,2,Cornwall,CWLL,2025-06-24T15:05:06Z,2025-06-24T14:04:00Z,ARR,bad,61.0
63,True,True,MONTRÉAL,TORONTO,2025-06-24,3,Brockville,BRKV,2025-06-24T16:07:55Z,2025-06-24T14:54:00Z,ARR,bad,73.0
63,True,True,MONTRÉAL,TORONTO,2025-06-24,4,Kingston,KGON,2025-06-24T17:19:42Z,2025-06-24T15:39:00Z,ARR,bad,100.0
63,True,True,MONTRÉAL,TORONTO,2025-06-24,5,Belleville,BLVL,2025-06-24T18:26:03Z,2025-06-24T16:20:00Z,ARR,bad,126.0
63,True,True,MONTRÉAL,TORONTO,2025-06-24,6,Cobourg,CBRG,2025-06-24T19:12:43Z,2025-06-24T16:58:00Z,ARR,bad,134.0
63,True,True,MONTRÉAL,TORONTO,2025-06-24,7,Oshawa,OSHA,2025-06-24T19:58:49Z,2025-06-24T17:34:00Z,ARR,bad,144.0
63,True,True,MONTRÉAL,TORONTO,2025-06-24,8,Guildwood,GUIL,2025-06-24T20:57:42Z,2025-06-24T17:58:00Z,ARR,bad,179.0
63,True,True,MONTRÉAL,TORONTO,2025-06-24,9,Toronto,TRTO,2025-06-24T21:38:52Z,2025-06-24T18:18:00Z,ARR,bad,200.0
40,True,True,TORONTO,OTTAWA,2025-06-24,0,Toronto,TRTO,2025-06-24T14:38:16Z,2025-06-24T14:38:00Z,ARR,goo,0.0
40,True,True,TORONTO,OTTAWA,2025-06-24,1,Belleville,BLVL,2025-06-24T16:32:04Z,2025-06-24T16:09:00Z,ARR,bad,23.0
40,True,True,TORONTO,OTTAWA,2025-06-24,2,Kingston,KGON,2025-06-24T17:31:18Z,2025-06-24T16:48:00Z,ARR,bad,43.0
40,True,True,TORONTO,OTTAWA,2025-06-24,3,Fallowfield,FALL,2025-06-24T19:54:39Z,2025-06-24T18:38:00Z,ARR,bad,76.0
40,True,True,TORONTO,OTTAWA,2025-06-24,4,Ottawa,OTTW,2025-06-24T20:14:02Z,2025-06-24T19:02:00Z,ARR,bad,72.0
31,True,True,MONTRÉAL,OTTAWA,2025-06-24,0,Montréal,MTRL,2025-06-24T10:20:00Z,2025-06-24T10:20:00Z,ARR,goo,0.0
31,True,True,MONTRÉAL,OTTAWA,2025-06-24,1,Dorval,DORV,2025-06-24T10:45:13Z,2025-06-24T10:44:00Z,ARR,goo,1.0
31,True,True,MONTRÉAL,OTTAWA,2025-06-24,2,Alexandria,ALEX,2025-06-24T11:37:03Z,2025-06-24T11:36:00Z,ARR,goo,1.0
31,True,True,MONTRÉAL,OTTAWA,2025-06-24,3,Casselman,CSLM,2025-06-24T11:59:15Z,2025-06-24T11:59:00Z,ARR,goo,0.0
31,True,True,MONTRÉAL,OTTAWA,2025-06-24,4,Ottawa,OTTW,2025-06-24T12:24:18Z,2025-06-24T12:25:00Z,ARR,goo,0.0
35,True,True,QUÉBEC,OTTAWA,2025-06-24,0,Québec,QBEC,2025-06-24T12:06:00Z,2025-06-24T12:06:00Z,ARR,goo,0.0
35,True,True,QUÉBEC,OTTAWA,2025-06-24,1,Ste-Foy,SFOY,2025-06-24T12:38:12Z,2025-06-24T12:31:00Z,ARR,med,7.0
35,True,True,QUÉBEC,OTTAWA,2025-06-24,2,Charny,CHNY,2025-06-24T12:47:06Z,2025-06-24T12:40:00Z,ARR,med,7.0
35,True,True,QUÉBEC,OTTAWA,2025-06-24,3,Drummondville,DRMV,2025-06-24T14:22:25Z,2025-06-24T14:14:00Z,ARR,med,8.0
35,True,True,QUÉBEC,OTTAWA,2025-06-24,4,St. Hyacinthe,SHYA,2025-06-24T14:59:53Z,2025-06-24T14:44:00Z,ARR,bad,15.0
35,True,True,QUÉBEC,OTTAWA,2025-06-24,5,St. Lambert,SLAM,2025-06-24T15:36:35Z,2025-06-24T15:11:00Z,ARR,bad,25.0
35,True,True,QUÉBEC,OTTAWA,2025-06-24,6,Montréal,MTRL,2025-06-24T15:52:49Z,2025-06-24T15:26:00Z,ARR,bad,26.0
35,True,True,QUÉBEC,OTTAWA,2025-06-24,7,Dorval,DORV,2025-06-24T16:49:59Z,2025-06-24T16:18:00Z,ARR,bad,31.0
35,True,True,QUÉBEC,OTTAWA,2025-06-24,8,Coteau,COTO,2025-06-24T17:26:27Z,2025-06-24T16:46:00Z,ARR,bad,40.0
35,True,True,QUÉBEC,OTTAWA,2025-06-24,9,Alexandria,ALEX,2025-06-24T17:50:31Z,2025-06-24T17:08:00Z,ARR,bad,42.0
35,True,True,QUÉBEC,OTTAWA,2025-06-24,10,Casselman,CSLM,2025-06-24T18:12:08Z,2025-06-24T17:31:00Z,ARR,bad,41.0
35,True,True,QUÉBEC,OTTAWA,2025-06-24,11,Ottawa,OTTW,2025-06-24T18:42:03Z,2025-06-24T17:58:00Z,ARR,bad,44.0
76,True,True,WINDSOR,TORONTO,2025-06-24,0,Windsor,WDON,2025-06-24T17:46:00Z,2025-06-24T17:46:00Z,ARR,goo,0.0
76,True,True,WINDSOR,TORONTO,2025-06-24,1,Chatham,CHAT,2025-06-24T18:30:24Z,2025-06-24T18:28:00Z,ARR,goo,2.0
76,True,True,WINDSOR,TORONTO,2025-06-24,2,Glencoe,GLNC,2025-06-24T19:35:32Z,2025-06-24T19:03:00Z,ARR,bad,32.0
76,True,True,WINDSOR,TORONTO,2025-06-24,3,London,LNDN,2025-06-24T20:14:42Z,2025-06-24T19:38:00Z,ARR,bad,36.0
76,True,True,WINDSOR,TORONTO,2025-06-24,4,Brantford,BRTF,2025-06-24T21:13:26Z,2025-06-24T20:39:00Z,ARR,bad,34.0
76,True,True,WINDSOR,TORONTO,2025-06-24,5,Aldershot,ALDR,2025-06-24T21:48:16Z,2025-06-24T21:10:00Z,ARR,bad,38.0
76,True,True,WINDSOR,TORONTO,2025-06-24,6,Oakville,OAKV,2025-06-24T22:24:58Z,2025-06-24T21:27:00Z,ARR,bad,57.0
76,True,True,WINDSOR,TORONTO,2025-06-24,7,Toronto,TRTO,2025-06-24T23:05:20Z,2025-06-24T21:53:00Z,ARR,bad,72.0
645,True,True,OTTAWA,TORONTO,2025-06-24,0,Ottawa,OTTW,2025-06-24T18:29:00Z,2025-06-24T18:29:00Z,ARR,goo,0.0
645,True,True,OTTAWA,TORONTO,2025-06-24,1,Fallowfield,FALL,2025-06-24T18:46:34Z,2025-06-24T18:49:00Z,ARR,goo,-2.0
645,True,True,OTTAWA,TORONTO,2025-06-24,2,Kingston,KGON,2025-06-24T21:04:32Z,2025-06-24T20:34:00Z,ARR,bad,30.0
645,True,True,OTTAWA,TORONTO,2025-06-24,3,Belleville,BLVL,2025-06-24T22:14:35Z,2025-06-24T21:15:00Z,ARR,bad,59.0
645,True,True,OTTAWA,TORONTO,2025-06-24,4,Oshawa,OSHA,2025-06-24T23:44:48Z,2025-06-24T22:20:00Z,ARR,bad,84.0
645,True,True,OTTAWA,TORONTO,2025-06-24,5,Toronto,TRTO,2025-06-25T00:36:35Z,2025-06-24T23:15:00Z,ARR,bad,81.0
44,True,True,TORONTO,OTTAWA,2025-06-24,0,Toronto,TRTO,2025-06-24T18:25:55Z,2025-06-24T18:23:00Z,ARR,goo,2.0
44,True,True,TORONTO,OTTAWA,2025-06-24,1,Oshawa,OSHA,2025-06-24T19:40:13Z,2025-06-24T18:54:00Z,ARR,bad,46.0
44,True,True,TORONTO,OTTAWA,2025-06-24,2,Kingston,KGON,2025-06-24T22:28:41Z,2025-06-24T20:32:00Z,ARR,bad,116.0
44,True,True,TORONTO,OTTAWA,2025-06-24,3,Brockville,BRKV,2025-06-25T00:05:52Z,2025-06-24T21:19:00Z,ARR,bad,166.0
44,True,True,TORONTO,OTTAWA,2025-06-24,4,Smiths Falls,SMTF,2025-06-25T00:47:01Z,2025-06-24T21:50:00Z,ARR,bad,177.0
44,True,True,TORONTO,OTTAWA,2025-06-24,5,Fallowfield,FALL,2025-06-25T01:16:04Z,2025-06-24T22:22:00Z,ARR,bad,174.0
44,True,True,TORONTO,OTTAWA,2025-06-24,6,Ottawa,OTTW,2025-06-25T01:35:45Z,2025-06-24T22:43:00Z,ARR,bad,172.0
26,True,True,OTTAWA,QUÉBEC,2025-06-24,0,Ottawa,OTTW,2025-06-24T18:17:00Z,2025-06-24T18:17:00Z,ARR,goo,0.0
26,True,True,OTTAWA,QUÉBEC,2025-06-24,1,Alexandria,ALEX,2025-06-24T19:04:05Z,2025-06-24T19:03:00Z,ARR,goo,1.0
26,True,True,OTTAWA,QUÉBEC,2025-06-24,2,Coteau,COTO,2025-06-24T19:24:25Z,2025-06-24T19:26:00Z,ARR,goo,-1.0
26,True,True,OTTAWA,QUÉBEC,2025-06-24,3,Dorval,DORV,2025-06-24T20:10:42Z,2025-06-24T19:49:00Z,ARR,bad,21.0
26,True,True,OTTAWA,QUÉBEC,2025-06-24,4,Montréal,MTRL,2025-06-24T20:43:13Z,2025-06-24T20:15:00Z,ARR,bad,28.0
26,True,True,OTTAWA,QUÉBEC,2025-06-24,5,St. Lambert,SLAM,2025-06-24T21:27:30Z,2025-06-24T20:53:00Z,ARR,bad,34.0
26,True,True,OTTAWA,QUÉBEC,2025-06-24,6,St. Hyacinthe,SHYA,2025-06-24T22:03:29Z,2025-06-24T21:20:00Z,ARR,bad,43.0
26,True,True,OTTAWA,QUÉBEC,2025-06-24,7,Drummondville,DRMV,2025-06-24T23:06:24Z,2025-06-24T22:05:00Z,ARR,bad,61.0
26,True,True,OTTAWA,QUÉBEC,2025-06-24,8,Charny,CHNY,2025-06-25T00:56:20Z,2025-06-24T23:44:00Z,ARR,bad,72.0
26,True,True,OTTAWA,QUÉBEC,2025-06-24,9,Ste-Foy,SFOY,2025-06-25T01:05:02Z,2025-06-24T23:52:00Z,ARR,bad,73.0
26,True,True,OTTAWA,QUÉBEC,2025-06-24,10,Québec,QBEC,2025-06-25T01:36:47Z,2025-06-25T00:19:00Z,ARR,bad,77.0
39,True,True,QUÉBEC,OTTAWA,2025-06-24,0,Québec,QBEC,2025-06-24T18:57:00Z,2025-06-24T18:57:00Z,ARR,goo,0.0
39,True,True,QUÉBEC,OTTAWA,2025-06-24,1,Ste-Foy,SFOY,2025-06-24T19:28:51Z,2025-06-24T19:22:00Z,ARR,med,6.0
39,True,True,QUÉBEC,OTTAWA,2025-06-24,2,Drummondville,DRMV,2025-06-24T21:33:03Z,2025-06-24T20:58:00Z,ARR,bad,35.0
39,True,True,QUÉBEC,OTTAWA,2025-06-24,3,St. Lambert,SLAM,2025-06-24T22:50:49Z,2025-06-24T21:57:00Z,ARR,bad,53.0
39,True,True,QUÉBEC,OTTAWA,2025-06-24,4,Montréal,MTRL,2025-06-24T23:05:57Z,2025-06-24T22:11:00Z,ARR,bad,54.0
39,True,True,QUÉBEC,OTTAWA,2025-06-24,5,Dorval,DORV,2025-06-25T00:07:59Z,2025-06-24T23:14:00Z,ARR,bad,53.0
39,True,True,QUÉBEC,OTTAWA,2025-06-24,6,Coteau,COTO,2025-06-25T00:40:28Z,2025-06-24T23:43:00Z,ARR,bad,57.0
39,True,True,QUÉBEC,OTTAWA,2025-06-24,7,Alexandria,ALEX,2025-06-25T01:01:50Z,2025-06-25T00:06:00Z,ARR,bad,55.0
39,True,True,QUÉBEC,OTTAWA,2025-06-24,8,Ottawa,OTTW,2025-06-25T01:43:48Z,2025-06-25T00:51:00Z,ARR,bad,52.0
46,True,True,TORONTO,OTTAWA,2025-06-24,0,Toronto,TRTO,2025-06-24T19:51:20Z,2025-06-24T19:38:00Z,ARR,med,13.0
46,True,True,TORONTO,OTTAWA,2025-06-24,1,Oshawa,OSHA,2025-06-24T20:48:14Z,2025-06-24T20:09:00Z,ARR,bad,39.0
46,True,True,TORONTO,OTTAWA,2025-06-24,2,Cobourg,CBRG,2025-06-24T21:32:31Z,2025-06-24T20:43:00Z,ARR,bad,49.0
46,True,True,TORONTO,OTTAWA,2025-06-24,3,Kingston,KGON,2025-06-24T23:19:14Z,2025-06-24T21:54:00Z,ARR,bad,85.0
46,True,True,TORONTO,OTTAWA,2025-06-24,4,Brockville,BRKV,2025-06-25T00:50:31Z,2025-06-24T22:40:00Z,ARR,bad,130.0
46,True,True,TORONTO,OTTAWA,2025-06-24,5,Fallowfield,FALL,2025-06-25T01:57:33Z,2025-06-24T23:40:00Z,ARR,bad,137.0
46,True,True,TORONTO,OTTAWA,2025-06-24,6,Ottawa,OTTW,2025-06-25T02:16:55Z,2025-06-25T00:00:00Z,ARR,bad,136.0
66,True,True,TORONTO,MONTRÉAL,2025-06-24,0,Toronto,TRTO,2025-06-24T19:23:20Z,2025-06-24T19:23:00Z,ARR,goo,0.0
66,True,True,TORONTO,MONTRÉAL,2025-06-24,1,Guildwood,GUIL,2025-06-24T19:48:36Z,2025-06-24T19:40:00Z,ARR,med,8.0
66,True,True,TORONTO,MONTRÉAL,2025-06-24,2,Oshawa,OSHA,2025-06-24T20:30:14Z,2025-06-24T19:54:00Z,ARR,bad,36.0
66,True,True,TORONTO,MONTRÉAL,2025-06-24,3,Belleville,BLVL,2025-06-24T21:55:17Z,2025-06-24T21:00:00Z,ARR,bad,55.0
66,True,True,TORONTO,MONTRÉAL,2025-06-24,4,Kingston,KGON,2025-06-24T22:58:57Z,2025-06-24T21:40:00Z,ARR,bad,78.0
66,True,True,TORONTO,MONTRÉAL,2025-06-24,5,Cornwall,CWLL,2025-06-25T01:27:37Z,2025-06-24T23:07:00Z,ARR,bad,140.0
66,True,True,TORONTO,MONTRÉAL,2025-06-24,6,Dorval,DORV,2025-06-25T02:17:01Z,2025-06-24T23:58:00Z,ARR,bad,139.0
66,True,True,TORONTO,MONTRÉAL,2025-06-24,7,Montréal,MTRL,2025-06-25T02:44:33Z,2025-06-25T00:25:00Z,ARR,bad,139.0
83,True,True,TORONTO,LONDON,2025-06-24,0,Toronto,TRTO,2025-06-24T20:34:51Z,2025-06-24T20:15:00Z,ARR,bad,19.0
83,True,True,TORONTO,LONDON,2025-06-24,1,Aldershot,ALDR,2025-06-24T22:09:33Z,2025-06-24T20:50:00Z,ARR,bad,79.0
83,True,True,TORONTO,LONDON,2025-06-24,2,Brantford,BRTF,2025-06-24T22:42:55Z,2025-06-24T21:20:00Z,ARR,bad,82.0
83,True,True,TORONTO,LONDON,2025-06-24,3,Woodstock,WDST,2025-06-24T23:12:32Z,2025-06-24T21:48:00Z,ARR,bad,84.0
83,True,True,TORONTO,LONDON,2025-06-24,4,London,LNDN,2025-06-24T23:58:59Z,2025-06-24T22:27:00Z,ARR,bad,91.0
28,True,False,OTTAWA,QUÉBEC,2025-06-24,0,Ottawa,OTTW,2025-06-24T20:22:16Z,2025-06-24T20:05:00Z,ARR,bad,17.0
28,True,False,OTTAWA,QUÉBEC,2025-06-24,1,Casselman,CSLM,2025-06-24T20:50:25Z,2025-06-24T20:31:00Z,ARR,bad,19.0
28,True,False,OTTAWA,QUÉBEC,2025-06-24,2,Alexandria,ALEX,2025-06-24T21:12:49Z,2025-06-24T20:53:00Z,ARR,bad,19.0
28,True,False,OTTAWA,QUÉBEC,2025-06-24,3,Coteau,COTO,2025-06-24T21:34:05Z,2025-06-24T21:15:00Z,ARR,bad,19.0
28,True,False,OTTAWA,QUÉBEC,2025-06-24,4,Dorval,DORV,2025-06-24T22:20:24Z,2025-06-24T21:38:00Z,ARR,bad,42.0
28,True,False,OTTAWA,QUÉBEC,2025-06-24,5,Montréal,MTRL,2025-06-24T22:48:47Z,2025-06-24T22:04:00Z,ARR,bad,44.0
28,True,False,OTTAWA,QUÉBEC,2025-06-24,6,St. Lambert,SLAM,2025-06-24T23:43:01Z,2025-06-24T22:38:00Z,ARR,bad,65.0
28,True,False,OTTAWA,QUÉBEC,2025-06-24,7,St. Hyacinthe,SHYA,2025-06-25T00:21:30Z,2025-06-24T23:06:00Z,ARR,bad,75.0
28,True,False,OTTAWA,QUÉBEC,2025-06-24,8,Drummondville,DRMV,2025-06-25T01:34:36Z,2025-06-24T23:52:00Z,ARR,bad,102.0
28,True,False,OTTAWA,QUÉBEC,2025-06-24,9,Charny,CHNY,2025-06-25T03:11:12Z,2025-06-25T01:14:00Z,ARR,bad,117.0
28,True,False,OTTAWA,QUÉBEC,2025-06-24,10,Ste-Foy,SFOY,2025-06-25T03:19:17Z,2025-06-25T01:21:00Z,2 mins,bad,118.0
28,True,False,OTTAWA,QUÉBEC,2025-06-24,11,Québec,QBEC,2025-06-25T03:46:17Z,2025-06-25T01:48:00Z,29 mins,bad,118.0
69,True,False,MONTRÉAL,TORONTO,2025-06-24,0,Montréal,MTRL,2025-06-24T20:38:00Z,2025-06-24T20:38:00Z,ARR,goo,0.0
69,True,False,MONTRÉAL,TORONTO,2025-06-24,1,Dorval,DORV,2025-06-24T21:09:59Z,2025-06-24T21:04:00Z,ARR,med,5.0
69,True,False,MONTRÉAL,TORONTO,2025-06-24,2,Cornwall,CWLL,2025-06-24T22:22:31Z,2025-06-24T21:53:00Z,ARR,bad,29.0
69,True,False,MONTRÉAL,TORONTO,2025-06-24,3,Brockville,BRKV,2025-06-24T23:23:33Z,2025-06-24T22:40:00Z,ARR,bad,43.0
69,True,False,MONTRÉAL,TORONTO,2025-06-24,4,Kingston,KGON,2025-06-25T00:21:48Z,2025-06-24T23:24:00Z,ARR,bad,57.0
69,True,False,MONTRÉAL,TORONTO,2025-06-24,5,Oshawa,OSHA,2025-06-25T02:43:36Z,2025-06-25T01:05:00Z,ARR,bad,98.0
69,True,False,MONTRÉAL,TORONTO,2025-06-24,6,Guildwood,GUIL,2025-06-25T03:11:55Z,2025-06-25T01:28:00Z,ARR,bad,103.0
69,True,False,MONTRÉAL,TORONTO,2025-06-24,7,Toronto,TRTO,2025-06-25T03:31:47Z,2025-06-25T01:48:00Z,14 mins,bad,103.0
68,True,False,TORONTO,MONTRÉAL,2025-06-24,0,Toronto,TRTO,2025-06-24T21:18:59Z,2025-06-24T21:08:00Z,ARR,med,10.0
68,True,False,TORONTO,MONTRÉAL,2025-06-24,1,Oshawa,OSHA,2025-06-24T22:22:45Z,2025-06-24T21:39:00Z,ARR,bad,43.0
68,True,False,TORONTO,MONTRÉAL,2025-06-24,2,Cobourg,CBRG,2025-06-24T23:00:21Z,2025-06-24T22:14:00Z,ARR,bad,46.0
68,True,False,TORONTO,MONTRÉAL,2025-06-24,3,Belleville,BLVL,2025-06-24T23:39:12Z,2025-06-24T22:49:00Z,ARR,bad,50.0
68,True,False,TORONTO,MONTRÉAL,2025-06-24,4,Kingston,KGON,2025-06-25T00:20:04Z,2025-06-24T23:26:00Z,ARR,bad,54.0
68,True,False,TORONTO,MONTRÉAL,2025-06-24,5,Brockville,BRKV,2025-06-25T01:59:16Z,2025-06-25T00:11:00Z,ARR,bad,108.0
68,True,False,TORONTO,MONTRÉAL,2025-06-24,6,Cornwall,CWLL,2025-06-25T02:43:04Z,2025-06-25T00:57:00Z,ARR,bad,106.0
68,True,False,TORONTO,MONTRÉAL,2025-06-24,7,Dorval,DORV,2025-06-25T03:36:14Z,2025-06-25T01:47:00Z,18 mins,bad,109.0
68,True,False,TORONTO,MONTRÉAL,2025-06-24,8,Montréal,MTRL,2025-06-25T04:03:14Z,2025-06-25T02:14:00Z,45 mins,bad,109.0
75,True,False,TORONTO,WINDSOR,2025-06-24,0,Toronto,TRTO,2025-06-24T23:12:00Z,2025-06-24T21:22:00Z,ARR,bad,110.0
75,True,False,TORONTO,WINDSOR,2025-06-24,1,Oakville,OAKV,2025-06-25T00:17:37Z,2025-06-24T21:45:00Z,ARR,bad,152.0
75,True,False,TORONTO,WINDSOR,2025-06-24,2,Aldershot,ALDR,2025-06-25T00:40:55Z,2025-06-24T22:01:00Z,ARR,bad,159.0
75,True,False,TORONTO,WINDSOR,2025-06-24,3,Brantford,BRTF,2025-06-25T01:36:07Z,2025-06-24T22:33:00Z,ARR,bad,183.0
75,True,False,TORONTO,WINDSOR,2025-06-24,4,Woodstock,WDST,2025-06-25T02:11:32Z,2025-06-24T23:04:00Z,ARR,bad,187.0
75,True,False,TORONTO,WINDSOR,2025-06-24,5,Ingersoll,INGR,2025-06-25T02:25:23Z,2025-06-24T23:19:00Z,ARR,bad,186.0
75,True,False,TORONTO,WINDSOR,2025-06-24,6,London,LNDN,2025-06-25T02:52:20Z,2025-06-24T23:47:00Z,ARR,bad,185.0
75,True,False,TORONTO,WINDSOR,2025-06-24,7,Glencoe,GLNC,2025-06-25T03:29:22Z,2025-06-25T00:21:00Z,12 mins,bad,188.0
75,True,False,TORONTO,WINDSOR,2025-06-24,8,Chatham,CHAT,2025-06-25T04:03:22Z,2025-06-25T00:55:00Z,46 mins,bad,188.0
75,True,False,TORONTO,WINDSOR,2025-06-24,9,Windsor,WDON,2025-06-25T04:58:22Z,2025-06-25T01:50:00Z,1h41,bad,188.0
54,True,False,TORONTO,OTTAWA,2025-06-24,0,Toronto,TRTO,2025-06-24T22:40:00Z,2025-06-24T21:38:00Z,ARR,bad,62.0
54,True,False,TORONTO,OTTAWA,2025-06-24,1,Guildwood,GUIL,2025-06-24T23:40:39Z,2025-06-24T21:55:00Z,ARR,bad,105.0
54,True,False,TORONTO,OTTAWA,2025-06-24,2,Oshawa,OSHA,2025-06-25T00:05:06Z,2025-06-24T22:08:00Z,ARR,bad,117.0
54,True,False,TORONTO,OTTAWA,2025-06-24,3,Port Hope,PHOP,2025-06-25T00:33:53Z,2025-06-24T22:37:00Z,ARR,bad,116.0
54,True,False,TORONTO,OTTAWA,2025-06-24,4,Cobourg,CBRG,2025-06-25T00:42:00Z,2025-06-24T22:46:00Z,ARR,bad,116.0
54,True,False,TORONTO,OTTAWA,2025-06-24,5,Trenton Jct.,TRNJ,2025-06-25T01:07:12Z,2025-06-24T23:13:01Z,ARR,bad,114.0
54,True,False,TORONTO,OTTAWA,2025-06-24,6,Belleville,BLVL,2025-06-25T01:22:40Z,2025-06-24T23:27:00Z,ARR,bad,115.0
54,True,False,TORONTO,OTTAWA,2025-06-24,7,Napanee,NAPN,2025-06-25T01:41:23Z,2025-06-24T23:48:00Z,ARR,bad,113.0
54,True,False,TORONTO,OTTAWA,2025-06-24,8,Kingston,KGON,2025-06-25T02:02:24Z,2025-06-25T00:09:00Z,ARR,bad,113.0
54,True,False,TORONTO,OTTAWA,2025-06-24,9,Brockville,BRKV,2025-06-25T02:55:23Z,2025-06-25T00:54:00Z,ARR,bad,121.0
54,True,False,TORONTO,OTTAWA,2025-06-24,10,Smiths Falls,SMTF,2025-06-25T03:27:21Z,2025-06-25T01:25:00Z,10 mins,bad,122.0
54,True,False,TORONTO,OTTAWA,2025-06-24,11,Fallowfield,FALL,2025-06-25T03:54:21Z,2025-06-25T01:52:00Z,37 mins,bad,122.0
54,True,False,TORONTO,OTTAWA,2025-06-24,12,Ottawa,OTTW,2025-06-25T04:15:21Z,2025-06-25T02:13:00Z,58 mins,bad,122.0
98,True,True,NIAGARA FALLS,TORONTO,2025-06-24,0,Niagara Falls,NIAG,2025-06-24T21:45:00Z,2025-06-24T21:45:00Z,ARR,goo,0.0
98,True,True,NIAGARA FALLS,TORONTO,2025-06-24,1,St. Catharines,SCAT,2025-06-24T22:06:00Z,2025-06-24T22:06:00Z,ARR,goo,0.0
98,True,True,NIAGARA FALLS,TORONTO,2025-06-24,2,Grimsby,GRIM,2025-06-24T22:26:00Z,2025-06-24T22:26:00Z,ARR,goo,0.0
98,True,True,NIAGARA FALLS,TORONTO,2025-06-24,3,Aldershot,ALDR,2025-06-24T23:18:00Z,2025-06-24T23:02:00Z,ARR,bad,16.0
98,True,True,NIAGARA FALLS,TORONTO,2025-06-24,4,Oakville,OAKV,2025-06-24T23:32:00Z,2025-06-24T23:16:00Z,ARR,bad,16.0
98,True,True,NIAGARA FALLS,TORONTO,2025-06-24,5,Toronto,TRTO,2025-06-24T23:59:00Z,2025-06-24T23:43:00Z,ARR,bad,16.0
87,True,True,TORONTO,SARNIA,2025-06-24,0,Toronto,TRTO,2025-06-24T21:49:39Z,2025-06-24T21:40:00Z,ARR,med,9.0
87,True,True,TORONTO,SARNIA,2025-06-24,1,Malton,MALT,2025-06-24T22:10:42Z,2025-06-24T22:00:00Z,ARR,med,10.0
87,True,True,TORONTO,SARNIA,2025-06-24,2,Brampton,BRMP,2025-06-24T22:22:41Z,2025-06-24T22:12:00Z,ARR,med,10.0
87,True,True,TORONTO,SARNIA,2025-06-24,3,Georgetown,GEOR,2025-06-24T22:35:57Z,2025-06-24T22:24:00Z,ARR,med,11.0
87,True,True,TORONTO,SARNIA,2025-06-24,4,Guelph,GUEL,2025-06-24T23:10:16Z,2025-06-24T22:49:00Z,ARR,bad,21.0
87,True,True,TORONTO,SARNIA,2025-06-24,5,Kitchener,KITC,2025-06-24T23:36:37Z,2025-06-24T23:16:00Z,ARR,bad,20.0
87,True,True,TORONTO,SARNIA,2025-06-24,6,Stratford,STRF,2025-06-25T00:23:39Z,2025-06-24T23:57:00Z,ARR,bad,26.0
87,True,True,TORONTO,SARNIA,2025-06-24,7,St.Marys,SMYS,2025-06-25T00:52:43Z,2025-06-25T00:25:00Z,ARR,bad,27.0
87,True,True,TORONTO,SARNIA,2025-06-24,8,London,LNDN,2025-06-25T01:43:08Z,2025-06-25T01:13:00Z,ARR,bad,30.0
87,True,True,TORONTO,SARNIA,2025-06-24,9,Strathroy,STRR,2025-06-25T02:07:52Z,2025-06-25T01:39:00Z,ARR,bad,28.0
87,True,True,TORONTO,SARNIA,2025-06-24,10,Wyoming,WYOM,2025-06-25T02:30:12Z,2025-06-25T02:07:00Z,ARR,bad,23.0
87,True,True,TORONTO,SARNIA,2025-06-24,11,Sarnia,SARN,2025-06-25T02:47:01Z,2025-06-25T02:24:00Z,ARR,bad,23.0
29,True,True,QUÉBEC,MONTRÉAL,2025-06-24,0,Québec,QBEC,2025-06-24T21:47:39Z,2025-06-24T21:41:00Z,ARR,med,6.0
29,True,True,QUÉBEC,MONTRÉAL,2025-06-24,1,Ste-Foy,SFOY,2025-06-24T22:18:30Z,2025-06-24T22:06:00Z,ARR,med,12.0
29,True,True,QUÉBEC,MONTRÉAL,2025-06-24,2,Drummondville,DRMV,2025-06-25T00:12:55Z,2025-06-24T23:42:00Z,ARR,bad,30.0
29,True,True,QUÉBEC,MONTRÉAL,2025-06-24,3,St. Hyacinthe,SHYA,2025-06-25T01:03:07Z,2025-06-25T00:18:00Z,ARR,bad,45.0
29,True,True,QUÉBEC,MONTRÉAL,2025-06-24,4,St. Lambert,SLAM,2025-06-25T01:43:56Z,2025-06-25T00:45:00Z,ARR,bad,58.0
29,True,True,QUÉBEC,MONTRÉAL,2025-06-24,5,Montréal,MTRL,2025-06-25T01:59:16Z,2025-06-25T01:00:00Z,ARR,bad,59.0
668,True,False,TORONTO,MONTRÉAL,2025-06-24,0,Toronto,TRTO,2025-06-24T22:48:31Z,2025-06-24T22:08:00Z,ARR,bad,40.0
668,True,False,TORONTO,MONTRÉAL,2025-06-24,1,Guildwood,GUIL,2025-06-24T23:15:53Z,2025-06-24T22:25:00Z,ARR,bad,50.0
668,True,False,TORONTO,MONTRÉAL,2025-06-24,2,Oshawa,OSHA,2025-06-24T23:38:55Z,2025-06-24T22:39:00Z,ARR,bad,59.0
668,True,False,TORONTO,MONTRÉAL,2025-06-24,3,Kingston,KGON,2025-06-25T01:46:27Z,2025-06-25T00:22:00Z,ARR,bad,84.0
668,True,False,TORONTO,MONTRÉAL,2025-06-24,4,Cornwall,CWLL,2025-06-25T03:41:56Z,2025-06-25T01:49:00Z,24 mins,bad,112.0
668,True,False,TORONTO,MONTRÉAL,2025-06-24,5,Dorval,DORV,2025-06-25T04:30:56Z,2025-06-25T02:38:00Z,1h13,bad,112.0
668,True,False,TORONTO,MONTRÉAL,2025-06-24,6,Montréal,MTRL,2025-06-25T04:56:56Z,2025-06-25T03:04:00Z,1h39,bad,112.0
59,True,False,OTTAWA,TORONTO,2025-06-24,0,Fallowfield,FALL,2025-06-24T22:19:31Z,2025-06-24T22:20:00Z,ARR,goo,0.0
59,True,False,OTTAWA,TORONTO,2025-06-24,1,Smiths Falls,SMTF,2025-06-24T22:50:29Z,2025-06-24T22:51:00Z,ARR,goo,0.0
59,True,False,OTTAWA,TORONTO,2025-06-24,2,Brockville,BRKV,2025-06-24T23:46:05Z,2025-06-24T23:25:00Z,ARR,bad,21.0
59,True,False,OTTAWA,TORONTO,2025-06-24,3,Kingston,KGON,2025-06-25T00:38:39Z,2025-06-25T00:10:00Z,ARR,bad,28.0
59,True,False,OTTAWA,TORONTO,2025-06-24,4,Belleville,BLVL,2025-06-25T01:27:25Z,2025-06-25T00:51:00Z,ARR,bad,36.0
59,True,False,OTTAWA,TORONTO,2025-06-24,5,Trenton Jct.,TRNJ,2025-06-25T01:41:22Z,2025-06-25T01:05:00Z,ARR,bad,36.0
59,True,False,OTTAWA,TORONTO,2025-06-24,6,Cobourg,CBRG,2025-06-25T02:13:45Z,2025-06-25T01:31:00Z,ARR,bad,42.0
59,True,False,OTTAWA,TORONTO,2025-06-24,7,Oshawa,OSHA,2025-06-25T02:54:22Z,2025-06-25T02:05:00Z,ARR,bad,49.0
59,True,False,OTTAWA,TORONTO,2025-06-24,8,Guildwood,GUIL,2025-06-25T03:17:59Z,2025-06-25T02:28:00Z,< 1 min,bad,49.0
59,True,False,OTTAWA,TORONTO,2025-06-24,9,Toronto,TRTO,2025-06-25T03:37:59Z,2025-06-25T02:48:00Z,20 mins,bad,49.0
78,True,True,WINDSOR,TORONTO,2025-06-24,0,Windsor,WDON,2025-06-24T21:40:00Z,2025-06-24T21:40:00Z,ARR,goo,0.0
78,True,True,WINDSOR,TORONTO,2025-06-24,1,Chatham,CHAT,2025-06-24T22:21:39Z,2025-06-24T22:24:00Z,ARR,goo,-2.0
78,True,True,WINDSOR,TORONTO,2025-06-24,2,Glencoe,GLNC,2025-06-24T23:09:33Z,2025-06-24T22:59:00Z,ARR,med,10.0
78,True,True,WINDSOR,TORONTO,2025-06-24,3,London,LNDN,2025-06-24T23:45:47Z,2025-06-24T23:32:00Z,ARR,med,13.0
78,True,True,WINDSOR,TORONTO,2025-06-24,4,Ingersoll,INGR,2025-06-25T00:12:03Z,2025-06-24T23:57:00Z,ARR,bad,15.0
78,True,True,WINDSOR,TORONTO,2025-06-24,5,Woodstock,WDST,2025-06-25T00:23:58Z,2025-06-25T00:08:00Z,ARR,bad,15.0
78,True,True,WINDSOR,TORONTO,2025-06-24,6,Brantford,BRTF,2025-06-25T00:54:59Z,2025-06-25T00:39:00Z,ARR,bad,15.0
78,True,True,WINDSOR,TORONTO,2025-06-24,7,Aldershot,ALDR,2025-06-25T01:35:04Z,2025-06-25T01:09:00Z,ARR,bad,26.0
78,True,True,WINDSOR,TORONTO,2025-06-24,8,Oakville,OAKV,2025-06-25T01:50:32Z,2025-06-25T01:24:00Z,ARR,bad,26.0
78,True,True,WINDSOR,TORONTO,2025-06-24,9,Toronto,TRTO,2025-06-25T02:17:54Z,2025-06-25T01:50:00Z,ARR,bad,27.0
38,True,True,OTTAWA,MONTRÉAL,2025-06-24,0,Ottawa,OTTW,2025-06-24T21:55:00Z,2025-06-24T21:55:00Z,ARR,goo,0.0
38,True,True,OTTAWA,MONTRÉAL,2025-06-24,1,Casselman,CSLM,2025-06-24T22:19:17Z,2025-06-24T22:26:00Z,ARR,goo,-6.0
38,True,True,OTTAWA,MONTRÉAL,2025-06-24,2,Alexandria,ALEX,2025-06-24T22:47:31Z,2025-06-24T22:49:00Z,ARR,goo,-1.0
38,True,True,OTTAWA,MONTRÉAL,2025-06-24,3,Dorval,DORV,2025-06-24T23:42:45Z,2025-06-24T23:33:00Z,ARR,med,9.0
38,True,True,OTTAWA,MONTRÉAL,2025-06-24,4,Montréal,MTRL,2025-06-25T00:14:50Z,2025-06-24T23:57:00Z,ARR,bad,17.0
669,True,False,MONTRÉAL,TORONTO,2025-06-24,0,Montréal,MTRL,2025-06-24T22:09:00Z,2025-06-24T22:09:00Z,ARR,goo,0.0
669,True,False,MONTRÉAL,TORONTO,2025-06-24,1,Dorval,DORV,2025-06-24T22:36:06Z,2025-06-24T22:34:00Z,ARR,goo,2.0
669,True,False,MONTRÉAL,TORONTO,2025-06-24,2,Cornwall,CWLL,2025-06-24T23:38:07Z,2025-06-24T23:26:00Z,ARR,med,12.0
669,True,False,MONTRÉAL,TORONTO,2025-06-24,3,Kingston,KGON,2025-06-25T01:16:35Z,2025-06-25T00:52:00Z,ARR,bad,24.0
669,True,False,MONTRÉAL,TORONTO,2025-06-24,4,Oshawa,OSHA,2025-06-25T03:22:20Z,2025-06-25T02:35:00Z,5 mins,bad,47.0
669,True,False,MONTRÉAL,TORONTO,2025-06-24,5,Toronto,TRTO,2025-06-25T04:05:20Z,2025-06-25T03:18:00Z,48 mins,bad,47.0
48,True,False,TORONTO,OTTAWA,2025-06-24,0,Toronto,TRTO,2025-06-25T00:09:39Z,2025-06-24T22:38:00Z,ARR,bad,91.0
48,True,False,TORONTO,OTTAWA,2025-06-24,1,Oshawa,OSHA,2025-06-25T00:45:35Z,2025-06-24T23:08:00Z,ARR,bad,97.0
48,True,False,TORONTO,OTTAWA,2025-06-24,2,Port Hope,PHOP,2025-06-25T01:13:49Z,2025-06-24T23:36:00Z,ARR,bad,97.0
48,True,False,TORONTO,OTTAWA,2025-06-24,3,Cobourg,CBRG,2025-06-25T01:21:50Z,2025-06-24T23:45:00Z,ARR,bad,96.0
48,True,False,TORONTO,OTTAWA,2025-06-24,4,Trenton Jct.,TRNJ,2025-06-25T02:00:12Z,2025-06-25T00:12:01Z,ARR,bad,108.0
48,True,False,TORONTO,OTTAWA,2025-06-24,5,Belleville,BLVL,2025-06-25T02:13:32Z,2025-06-25T00:25:00Z,ARR,bad,108.0
48,True,False,TORONTO,OTTAWA,2025-06-24,6,Napanee,NAPN,2025-06-25T02:34:14Z,2025-06-25T00:46:00Z,ARR,bad,108.0
48,True,False,TORONTO,OTTAWA,2025-06-24,7,Kingston,KGON,2025-06-25T02:55:00Z,2025-06-25T01:06:00Z,ARR,bad,109.0
48,True,False,TORONTO,OTTAWA,2025-06-24,8,Gananoque,GANA,2025-06-25T03:19:48Z,2025-06-25T01:28:00Z,2 mins,bad,111.0
48,True,False,TORONTO,OTTAWA,2025-06-24,9,Brockville,BRKV,2025-06-25T03:44:48Z,2025-06-25T01:53:00Z,27 mins,bad,111.0
48,True,False,TORONTO,OTTAWA,2025-06-24,10,Smiths Falls,SMTF,2025-06-25T04:15:48Z,2025-06-25T02:24:00Z,58 mins,bad,111.0
48,True,False,TORONTO,OTTAWA,2025-06-24,11,Fallowfield,FALL,2025-06-25T04:42:48Z,2025-06-25T02:51:00Z,1h25,bad,111.0
48,True,False,TORONTO,OTTAWA,2025-06-24,12,Ottawa,OTTW,2025-06-25T05:02:48Z,2025-06-25T03:11:00Z,1h45,bad,111.0
79,True,False,TORONTO,WINDSOR,2025-06-24,0,Toronto,TRTO,2025-06-25T01:44:00Z,2025-06-24T23:45:00Z,ARR,bad,119.0
79,True,False,TORONTO,WINDSOR,2025-06-24,1,Oakville,OAKV,2025-06-25T02:10:27Z,2025-06-25T00:07:00Z,ARR,bad,123.0
79,True,False,TORONTO,WINDSOR,2025-06-24,2,Aldershot,ALDR,2025-06-25T02:28:54Z,2025-06-25T00:22:00Z,ARR,bad,126.0
79,True,False,TORONTO,WINDSOR,2025-06-24,3,Brantford,BRTF,2025-06-25T03:00:15Z,2025-06-25T00:50:00Z,ARR,bad,130.0
79,True,False,TORONTO,WINDSOR,2025-06-24,4,Woodstock,WDST,2025-06-25T03:30:20Z,2025-06-25T01:17:00Z,13 mins,bad,133.0
79,True,False,TORONTO,WINDSOR,2025-06-24,5,Ingersoll,INGR,2025-06-25T03:43:20Z,2025-06-25T01:30:00Z,26 mins,bad,133.0
79,True,False,TORONTO,WINDSOR,2025-06-24,6,London,LNDN,2025-06-25T04:05:20Z,2025-06-25T01:52:00Z,48 mins,bad,133.0
79,True,False,TORONTO,WINDSOR,2025-06-24,7,Glencoe,GLNC,2025-06-25T04:38:20Z,2025-06-25T02:25:00Z,1h21,bad,133.0
79,True,False,TORONTO,WINDSOR,2025-06-24,8,Chatham,CHAT,2025-06-25T05:10:20Z,2025-06-25T02:57:00Z,1h53,bad,133.0
79,True,False,TORONTO,WINDSOR,2025-06-24,9,Windsor,WDON,2025-06-25T05:57:20Z,2025-06-25T03:44:00Z,2h40,bad,133.0
604,True,False,SENNETERRE,MONTRÉAL,2025-06-24,0,Senneterre,SENN,2025-06-25T00:07:20Z,2025-06-25T00:00:00Z,ARR,med,7.0
604,True,False,SENNETERRE,MONTRÉAL,2025-06-24,1,Mégiscane,MEGI,2025-06-25T00:22:42Z,2025-06-25T00:14:00Z,ARR,med,8.0
604,True,False,SENNETERRE,MONTRÉAL,2025-06-24,2,Signai,SIGN,2025-06-25T00:40:23Z,2025-06-25T00:30:00Z,ARR,med,10.0
604,True,False,SENNETERRE,MONTRÉAL,2025-06-24,3,Press,PRSS,2025-06-25T00:48:23Z,2025-06-25T00:38:00Z,ARR,med,10.0
604,True,False,SENNETERRE,MONTRÉAL,2025-06-24,4,Forsythe,FORS,2025-06-25T01:07:23Z,2025-06-25T00:57:00Z,ARR,med,10.0
604,True,False,SENNETERRE,MONTRÉAL,2025-06-24,5,Bolger,BGQU,2025-06-25T01:14:23Z,2025-06-25T01:04:00Z,ARR,med,10.0
604,True,False,SENNETERRE,MONTRÉAL,2025-06-24,6,Dix,DIXX,2025-06-25T01:25:23Z,2025-06-25T01:15:00Z,ARR,med,10.0
604,True,False,SENNETERRE,MONTRÉAL,2025-06-24,7,Gagnon,GAGN,2025-06-25T01:29:23Z,2025-06-25T01:19:00Z,ARR,med,10.0
604,True,False,SENNETERRE,MONTRÉAL,2025-06-24,8,Da-Rou-Lac Lodge,DRLL,2025-06-25T01:38:23Z,2025-06-25T01:28:00Z,ARR,med,10.0
604,True,False,SENNETERRE,MONTRÉAL,2025-06-24,9,Langlade,LNGL,2025-06-25T01:39:29Z,2025-06-25T01:29:06Z,ARR,med,10.0
604,True,False,SENNETERRE,MONTRÉAL,2025-06-24,10,Club Beaudin Inc.,BDNC,2025-06-25T01:46:23Z,2025-06-25T01:36:00Z,ARR,med,10.0
604,True,False,SENNETERRE,MONTRÉAL,2025-06-24,11,Bourmont,BRMT,2025-06-25T01:51:23Z,2025-06-25T01:41:00Z,ARR,med,10.0
604,True,False,SENNETERRE,MONTRÉAL,2025-06-24,12,Club Kapitachuan,KPTC,2025-06-25T01:53:23Z,2025-06-25T01:43:00Z,ARR,med,10.0
604,True,False,SENNETERRE,MONTRÉAL,2025-06-24,13,Consolidated Bathurst,CBAT,2025-06-25T01:57:23Z,2025-06-25T01:47:00Z,ARR,med,10.0
604,True,False,SENNETERRE,MONTRÉAL,2025-06-24,14,Monet,MNET,2025-06-25T02:04:23Z,2025-06-25T01:54:00Z,ARR,med,10.0
604,True,False,SENNETERRE,MONTRÉAL,2025-06-24,15,Coquar,COQU,2025-06-25T02:15:23Z,2025-06-25T02:05:00Z,ARR,med,10.0
604,True,False,SENNETERRE,MONTRÉAL,2025-06-24,16,Clova,CLOV,2025-06-25T02:24:23Z,2025-06-25T02:14:00Z,ARR,med,10.0
604,True,False,SENNETERRE,MONTRÉAL,2025-06-24,17,Rivière Oskélanéo,OSKR,2025-06-25T02:37:23Z,2025-06-25T02:27:00Z,ARR,med,10.0
604,True,False,SENNETERRE,MONTRÉAL,2025-06-24,18,Oskelaneo Lodge,OSKL,2025-06-25T02:49:23Z,2025-06-25T02:39:00Z,ARR,med,10.0
604,True,False,SENNETERRE,MONTRÉAL,2025-06-24,19,Greening,GRNG,2025-06-25T02:57:23Z,2025-06-25T02:47:00Z,ARR,med,10.0
604,True,False,SENNETERRE,MONTRÉAL,2025-06-24,20,Club Maniwawa,MWWC,2025-06-25T03:08:23Z,2025-06-25T02:58:00Z,ARR,med,10.0
604,True,False,SENNETERRE,MONTRÉAL,2025-06-24,21,Strachan,STRN,2025-06-25T03:15:23Z,2025-06-25T03:05:00Z,ARR,med,10.0
604,True,False,SENNETERRE,MONTRÉAL,2025-06-24,22,Club Rita Inc.,RTAC,2025-06-25T03:19:23Z,2025-06-25T03:09:00Z,2 mins,med,10.0
604,True,False,SENNETERRE,MONTRÉAL,2025-06-24,23,Timbrell,TIMB,2025-06-25T03:29:23Z,2025-06-25T03:19:00Z,12 mins,med,10.0
604,True,False,SENNETERRE,MONTRÉAL,2025-06-24,24,Parent,PARE,2025-06-25T03:49:23Z,2025-06-25T03:39:00Z,32 mins,med,10.0
604,True,False,SENNETERRE,MONTRÉAL,2025-06-24,25,Manjobagues,MJBG,2025-06-25T04:07:23Z,2025-06-25T03:57:00Z,50 mins,med,10.0
604,True,False,SENNETERRE,MONTRÉAL,2025-06-24,26,Club Sisco,SSCC,2025-06-25T04:15:23Z,2025-06-25T04:05:00Z,58 mins,med,10.0
604,True,False,SENNETERRE,MONTRÉAL,2025-06-24,27,Mccarthy,MCCA,2025-06-25T04:18:23Z,2025-06-25T04:08:00Z,1h01,med,10.0
604,True,False,SENNETERRE,MONTRÉAL,2025-06-24,28,Casey,CASY,2025-06-25T04:33:23Z,2025-06-25T04:23:00Z,1h16,med,10.0
604,True,False,SENNETERRE,MONTRÉAL,2025-06-24,29,Hibbard,HIBB,2025-06-25T04:46:23Z,2025-06-25T04:36:00Z,1h29,med,10.0
604,True,False,SENNETERRE,MONTRÉAL,2025-06-24,30,Club Belanger,BLGC,2025-06-25T04:57:23Z,2025-06-25T04:47:00Z,1h40,med,10.0
604,True,False,SENNETERRE,MONTRÉAL,2025-06-24,31,Cann,CANN,2025-06-25T05:03:23Z,2025-06-25T04:53:00Z,1h46,med,10.0
604,True,False,SENNETERRE,MONTRÉAL,2025-06-24,32,Sanmaur,SANM,2025-06-25T05:10:23Z,2025-06-25T05:00:00Z,1h53,med,10.0
604,True,False,SENNETERRE,MONTRÉAL,2025-06-24,33,Weymont,WYMT,2025-06-25T05:12:23Z,2025-06-25T05:02:00Z,1h55,med,10.0
604,True,False,SENNETERRE,MONTRÉAL,2025-06-24,34,Saint-Maurice Rivière-Boom,SMRB,2025-06-25T05:15:23Z,2025-06-25T05:05:00Z,1h58,med,10.0
604,True,False,SENNETERRE,MONTRÉAL,2025-06-24,35,Dessane,DESS,2025-06-25T05:24:23Z,2025-06-25T05:14:00Z,2h07,med,10.0
604,True,False,SENNETERRE,MONTRÉAL,2025-06-24,36,Vandry,VDRY,2025-06-25T05:30:23Z,2025-06-25T05:20:00Z,2h13,med,10.0
604,True,False,SENNETERRE,MONTRÉAL,2025-06-24,37,Club Wigwam,WGWC,2025-06-25T05:38:23Z,2025-06-25T05:28:00Z,2h21,med,10.0
604,True,False,SENNETERRE,MONTRÉAL,2025-06-24,38,Ferguson,FERG,2025-06-25T05:44:23Z,2025-06-25T05:34:00Z,2h27,med,10.0
604,True,False,SENNETERRE,MONTRÉAL,2025-06-24,39,Windigo,WNDG,2025-06-25T05:52:23Z,2025-06-25T05:42:00Z,2h35,med,10.0
604,True,False,SENNETERRE,MONTRÉAL,2025-06-24,40,Mctavish,MCTC,2025-06-25T05:54:23Z,2025-06-25T05:44:00Z,2h37,med,10.0
604,True,False,SENNETERRE,MONTRÉAL,2025-06-24,41,Duplessis,DUPL,2025-06-25T06:07:23Z,2025-06-25T05:57:00Z,2h50,med,10.0
604,True,False,SENNETERRE,MONTRÉAL,2025-06-24,42,Lac-Darey,LDAR,2025-06-25T06:20:23Z,2025-06-25T06:10:00Z,3h03,med,10.0
604,True,False,SENNETERRE,MONTRÉAL,2025-06-24,43,Rapide-Blanc,RAPB,2025-06-25T06:40:23Z,2025-06-25T06:30:00Z,3h23,med,10.0
604,True,False,SENNETERRE,MONTRÉAL,2025-06-24,44,Club Vermillion,VMLC,2025-06-25T06:43:23Z,2025-06-25T06:33:00Z,3h26,med,10.0
604,True,False,SENNETERRE,MONTRÉAL,2025-06-24,45,Cressman,CRSM,2025-06-25T06:50:23Z,2025-06-25T06:40:00Z,3h33,med,10.0
604,True,False,SENNETERRE,MONTRÉAL,2025-06-24,46,Fitzpatrick,FITZ,2025-06-25T07:10:23Z,2025-06-25T07:00:00Z,3h53,med,10.0
604,True,False,SENNETERRE,MONTRÉAL,2025-06-24,47,La Tuque,LTUQ,2025-06-25T07:22:23Z,2025-06-25T07:12:00Z,4h05,med,10.0
604,True,False,SENNETERRE,MONTRÉAL,2025-06-24,48,Hervey,HERV,2025-06-25T08:57:23Z,2025-06-25T08:47:00Z,5h40,med,10.0
604,True,False,SENNETERRE,MONTRÉAL,2025-06-24,49,Saint-Tite,STIT,2025-06-25T09:30:23Z,2025-06-25T09:20:00Z,6h13,med,10.0
604,True,False,SENNETERRE,MONTRÉAL,2025-06-24,50,Garneau,GARN,2025-06-25T09:44:23Z,2025-06-25T09:34:00Z,6h27,med,10.0
604,True,False,SENNETERRE,MONTRÉAL,2025-06-24,51,Grand-Mère,GMRE,2025-06-25T09:57:23Z,2025-06-25T09:47:00Z,6h40,med,10.0
604,True,False,SENNETERRE,MONTRÉAL,2025-06-24,52,Shawinigan,SHWN,2025-06-25T10:05:23Z,2025-06-25T09:55:00Z,6h48,med,10.0
604,True,False,SENNETERRE,MONTRÉAL,2025-06-24,53,Charette,CHRT,2025-06-25T10:28:23Z,2025-06-25T10:18:00Z,7h11,med,10.0
604,True,False,SENNETERRE,MONTRÉAL,2025-06-24,54,St-Paulin,SPAU,2025-06-25T10:37:23Z,2025-06-25T10:27:00Z,7h20,med,10.0
604,True,False,SENNETERRE,MONTRÉAL,2025-06-24,55,St-Justin,SJUS,2025-06-25T10:51:23Z,2025-06-25T10:41:00Z,7h34,med,10.0
604,True,False,SENNETERRE,MONTRÉAL,2025-06-24,56,Joliette,JOLI,2025-06-25T11:20:23Z,2025-06-25T11:10:00Z,8h03,med,10.0
604,True,False,SENNETERRE,MONTRÉAL,2025-06-24,57,Anjou,ANJO,2025-06-25T12:03:24Z,2025-06-25T11:53:01Z,8h46,med,10.0
604,True,False,SENNETERRE,MONTRÉAL,2025-06-24,58,Sauvé,SAUV,2025-06-25T12:17:23Z,2025-06-25T12:07:00Z,9h00,med,10.0
604,True,False,SENNETERRE,MONTRÉAL,2025-06-24,59,Montréal,MTRL,2025-06-25T13:28:23Z,2025-06-25T13:18:00Z,10h11,med,10.0
690,True,False,CHURCHILL,THE PAS,2025-06-24,0,Churchill,CHUR,2025-06-25T01:30:00Z,2025-06-25T01:30:00Z,ARR,goo,0.0
690,True,False,CHURCHILL,THE PAS,2025-06-24,1,Tidal,TIDL,2025-06-25T01:56:56Z,2025-06-25T01:52:00Z,ARR,goo,4.0
690,True,False,CHURCHILL,THE PAS,2025-06-24,2,Chesnaye,CHES,2025-06-25T03:06:37Z,2025-06-25T02:38:00Z,ARR,bad,28.0
690,True,False,CHURCHILL,THE PAS,2025-06-24,3,M'Clintock,MCLI,2025-06-25T04:20:05Z,2025-06-25T03:54:00Z,1h02,bad,26.0
690,True,False,CHURCHILL,THE PAS,2025-06-24,4,O'Day,ODAY,2025-06-25T05:05:05Z,2025-06-25T04:39:00Z,1h47,bad,26.0
690,True,False,CHURCHILL,THE PAS,2025-06-24,5,Herchmer,HERC,2025-06-25T05:44:05Z,2025-06-25T05:18:00Z,2h26,bad,26.0
690,True,False,CHURCHILL,THE PAS,2025-06-24,6,Thibaudeau,THIB,2025-06-25T07:10:05Z,2025-06-25T06:44:00Z,3h52,bad,26.0
690,True,False,CHURCHILL,THE PAS,2025-06-24,7,Weir River,WEIR,2025-06-25T08:12:05Z,2025-06-25T07:46:00Z,4h54,bad,26.0
690,True,False,CHURCHILL,THE PAS,2025-06-24,8,Amery,AMRY,2025-06-25T09:03:05Z,2025-06-25T08:37:00Z,5h45,bad,26.0
690,True,False,CHURCHILL,THE PAS,2025-06-24,9,Bird,BIRD,2025-06-25T09:26:05Z,2025-06-25T09:00:00Z,6h08,bad,26.0
690,True,False,CHURCHILL,THE PAS,2025-06-24,10,Gillam,GILL,2025-06-25T10:26:05Z,2025-06-25T10:00:00Z,7h08,bad,26.0
690,True,False,CHURCHILL,THE PAS,2025-06-24,11,Wivenhoe,WVHO,2025-06-25T11:42:05Z,2025-06-25T11:16:00Z,8h24,bad,26.0
690,True,False,CHURCHILL,THE PAS,2025-06-24,12,Ilford,ILFO,2025-06-25T12:19:05Z,2025-06-25T11:53:00Z,9h01,bad,26.0
690,True,False,CHURCHILL,THE PAS,2025-06-24,13,Pit Siding,PITS,2025-06-25T13:20:05Z,2025-06-25T12:54:00Z,10h02,bad,26.0
690,True,False,CHURCHILL,THE PAS,2025-06-24,14,Bridgar,BRGR,2025-06-25T14:42:05Z,2025-06-25T14:16:00Z,11h24,bad,26.0
690,True,False,CHURCHILL,THE PAS,2025-06-24,15,Pikwitonei,PIKW,2025-06-25T14:53:05Z,2025-06-25T14:27:00Z,11h35,bad,26.0
690,True,False,CHURCHILL,THE PAS,2025-06-24,16,Sipiwesk,SIPI,2025-06-25T15:20:05Z,2025-06-25T14:54:00Z,12h02,bad,26.0
690,True,False,CHURCHILL,THE PAS,2025-06-24,17,Thompson,THOM,2025-06-25T16:56:05Z,2025-06-25T16:30:00Z,13h38,bad,26.0
600,False,False,RIVIÈRE-À-PIERRE,MONTRÉAL,2025-06-24,0,Rivière-À-Pierre,RAPX,&mdash;,2025-06-25T08:25:00Z,&mdash;,,
600,False,False,RIVIÈRE-À-PIERRE,MONTRÉAL,2025-06-24,1,Rousseau,ROUS,&mdash;,2025-06-25T08:41:00Z,&mdash;,,
600,False,False,RIVIÈRE-À-PIERRE,MONTRÉAL,2025-06-24,2,Hervey,HERV,&mdash;,2025-06-25T09:12:00Z,&mdash;,,
600,False,False,RIVIÈRE-À-PIERRE,MONTRÉAL,2025-06-24,3,Saint-Tite,STIT,&mdash;,2025-06-25T09:40:00Z,&mdash;,,
600,False,False,RIVIÈRE-À-PIERRE,MONTRÉAL,2025-06-24,4,Garneau,GARN,&mdash;,2025-06-25T09:54:00Z,&mdash;,,
600,False,False,RIVIÈRE-À-PIERRE,MONTRÉAL,2025-06-24,5,Grand-Mère,GMRE,&mdash;,2025-06-25T10:07:00Z,&mdash;,,
600,False,False,RIVIÈRE-À-PIERRE,MONTRÉAL,2025-06-24,6,Shawinigan,SHWN,&mdash;,2025-06-25T10:15:00Z,&mdash;,,
600,False,False,RIVIÈRE-À-PIERRE,MONTRÉAL,2025-06-24,7,Charette,CHRT,&mdash;,2025-06-25T10:38:00Z,&mdash;,,
600,False,False,RIVIÈRE-À-PIERRE,MONTRÉAL,2025-06-24,8,St-Justin,SJUS,&mdash;,2025-06-25T11:01:00Z,&mdash;,,
600,False,False,RIVIÈRE-À-PIERRE,MONTRÉAL,2025-06-24,9,Joliette,JOLI,&mdash;,2025-06-25T11:30:00Z,&mdash;,,
600,False,False,RIVIÈRE-À-PIERRE,MONTRÉAL,2025-06-24,10,Anjou,ANJO,&mdash;,2025-06-25T12:13:00Z,&mdash;,,
600,False,False,RIVIÈRE-À-PIERRE,MONTRÉAL,2025-06-24,11,Sauvé,SAUV,&mdash;,2025-06-25T12:27:00Z,&mdash;,,
600,False,False,RIVIÈRE-À-PIERRE,MONTRÉAL,2025-06-24,12,Montréal,MTRL,&mdash;,2025-06-25T13:38:00Z,&mdash;,,
