train_id,departed,arrived,from,to,instance,stop_id,station,code,estimated,scheduled,eta,diff,diffMin
1 (08-13),True,False,TORONTO,VANCOUVER,2025-08-13,0,Toronto,TRTO,2025-08-13T13:55:00Z,2025-08-13T13:55:00Z,ARR,goo,0.0
1 (08-13),True,False,TORONTO,VANCOUVER,2025-08-13,1,Washago,WSHG,2025-08-13T16:33:13Z,2025-08-13T16:25:00Z,ARR,med,8.0
1 (08-13),True,False,TORONTO,VANCOUVER,2025-08-13,2,South Parry,SPAR,2025-08-13T18:37:32Z,2025-08-13T18:27:00Z,ARR,med,10.0
1 (08-13),True,False,TORONTO,VANCOUVER,2025-08-13,3,Sudbury (Jct.),SUDJ,2025-08-13T20:59:23Z,2025-08-13T20:57:00Z,ARR,goo,2.0
1 (08-13),True,False,TORONTO,VANCOUVER,2025-08-13,4,Capreol,CAPR,2025-08-13T22:12:32Z,2025-08-13T21:22:00Z,ARR,bad,50.0
1 (08-13),True,False,TORONTO,VANCOUVER,2025-08-13,5,Laforest,LAFO,2025-08-13T23:56:38Z,2025-08-13T22:48:00Z,ARR,bad,68.0
1 (08-13),True,False,TORONTO,VANCOUVER,2025-08-13,6,McKee's Camp,MCKC,2025-08-14T00:09:38Z,2025-08-13T23:01:00Z,ARR,bad,68.0
1 (08-13),True,False,TORONTO,VANCOUVER,2025-08-13,7,Felix,FELX,2025-08-14T00:29:38Z,2025-08-13T23:21:00Z,ARR,bad,68.0
1 (08-13),True,False,TORONTO,VANCOUVER,2025-08-13,8,Ruel,RUEL,2025-08-14T00:36:38Z,2025-08-13T23:28:00Z,ARR,bad,68.0
1 (08-13),True,False,TORONTO,VANCOUVER,2025-08-13,9,Westree,WSTR,2025-08-14T01:12:21Z,2025-08-13T23:45:00Z,ARR,bad,87.0
1 (08-13),True,False,TORONTO,VANCOUVER,2025-08-13,10,Gogama,GOGA,2025-08-14T01:39:35Z,2025-08-14T00:18:00Z,ARR,bad,81.0
1 (08-13),True,False,TORONTO,VANCOUVER,2025-08-13,11,Foleyet,FOLE,2025-08-14T03:43:46Z,2025-08-14T02:44:00Z,ARR,bad,59.0
1 (08-13),True,False,TORONTO,VANCOUVER,2025-08-13,12,Elsas,ELSA,2025-08-14T04:33:08Z,2025-08-14T03:38:00Z,ARR,bad,55.0
1 (08-13),True,False,TORONTO,VANCOUVER,2025-08-13,13,Oba,OBAX,2025-08-14T06:33:08Z,2025-08-14T05:38:00Z,ARR,bad,55.0
1 (08-13),True,False,TORONTO,VANCOUVER,2025-08-13,14,Hornepayne,HNPN,2025-08-14T06:53:29Z,2025-08-14T06:29:00Z,ARR,bad,24.0
1 (08-13),True,False,TORONTO,VANCOUVER,2025-08-13,15,Hillsport,HLSP,2025-08-14T08:50:52Z,2025-08-14T08:05:00Z,ARR,bad,45.0
1 (08-13),True,False,TORONTO,VANCOUVER,2025-08-13,16,Caramat,CARA,2025-08-14T10:44:22Z,2025-08-14T08:55:00Z,ARR,bad,109.0
1 (08-13),True,False,TORONTO,VANCOUVER,2025-08-13,17,Longlac,LLAC,2025-08-14T11:07:21Z,2025-08-14T09:34:00Z,ARR,bad,93.0
1 (08-13),True,False,TORONTO,VANCOUVER,2025-08-13,18,Nakina,NAKI,2025-08-14T11:54:46Z,2025-08-14T10:13:00Z,ARR,bad,101.0
1 (08-13),True,False,TORONTO,VANCOUVER,2025-08-13,19,Auden,AUDN,2025-08-14T12:55:18Z,2025-08-14T11:19:00Z,ARR,bad,96.0
1 (08-13),True,False,TORONTO,VANCOUVER,2025-08-13,20,Ferland,FERL,2025-08-14T13:32:18Z,2025-08-14T11:56:00Z,ARR,bad,96.0
1 (08-13),True,False,TORONTO,VANCOUVER,2025-08-13,21,Mud River,MUDR,2025-08-14T13:41:18Z,2025-08-14T12:05:00Z,ARR,bad,96.0
1 (08-13),True,False,TORONTO,VANCOUVER,2025-08-13,22,Armstrong,ARMG,2025-08-14T13:57:51Z,2025-08-14T13:17:00Z,ARR,bad,40.0
1 (08-13),True,False,TORONTO,VANCOUVER,2025-08-13,23,Collins,COLL,2025-08-14T14:37:12Z,2025-08-14T13:47:00Z,ARR,bad,50.0
1 (08-13),True,False,TORONTO,VANCOUVER,2025-08-13,24,Allanwater Bridge,ALWB,2025-08-14T15:16:12Z,2025-08-14T14:26:00Z,ARR,bad,50.0
1 (08-13),True,False,TORONTO,VANCOUVER,2025-08-13,25,Flindt Landing,FLTL,2025-08-14T15:32:12Z,2025-08-14T14:42:00Z,ARR,bad,50.0
1 (08-13),True,False,TORONTO,VANCOUVER,2025-08-13,26,Savant Lake,SAVL,2025-08-14T15:49:12Z,2025-08-14T14:59:00Z,ARR,bad,50.0
1 (08-13),True,False,TORONTO,VANCOUVER,2025-08-13,27,Sioux Lookout,SLKT,2025-08-14T17:51:43Z,2025-08-14T16:25:00Z,ARR,bad,86.0
1 (08-13),True,False,TORONTO,VANCOUVER,2025-08-13,28,Richan,RCHN,2025-08-14T19:55:21Z,2025-08-14T18:05:00Z,ARR,bad,110.0
1 (08-13),True,False,TORONTO,VANCOUVER,2025-08-13,29,Red Lake Road,RLRX,2025-08-14T20:28:09Z,2025-08-14T18:41:00Z,ARR,bad,107.0
1 (08-13),True,False,TORONTO,VANCOUVER,2025-08-13,30,Canyon,CNYK,2025-08-14T20:58:12Z,2025-08-14T19:10:00Z,ARR,bad,108.0
1 (08-13),True,False,TORONTO,VANCOUVER,2025-08-13,31,Farlane,FARL,2025-08-14T21:28:58Z,2025-08-14T19:47:00Z,ARR,bad,101.0
1 (08-13),True,False,TORONTO,VANCOUVER,2025-08-13,32,Redditt,RDDT,2025-08-14T21:45:28Z,2025-08-14T20:23:00Z,ARR,bad,82.0
1 (08-13),True,False,TORONTO,VANCOUVER,2025-08-13,33,Minaki,MNKI,2025-08-14T22:03:51Z,2025-08-14T20:44:00Z,ARR,bad,79.0
1 (08-13),True,False,TORONTO,VANCOUVER,2025-08-13,34,Ottermere,OTTM,2025-08-14T22:20:39Z,2025-08-14T21:01:00Z,ARR,bad,79.0
1 (08-13),True,False,TORONTO,VANCOUVER,2025-08-13,35,Malachi,MLCH,2025-08-14T22:29:34Z,2025-08-14T21:07:00Z,ARR,bad,82.0
1 (08-13),True,False,TORONTO,VANCOUVER,2025-08-13,36,Copelands Landing,COPE,2025-08-14T22:31:34Z,2025-08-14T21:09:00Z,ARR,bad,82.0
1 (08-13),True,False,TORONTO,VANCOUVER,2025-08-13,37,Rice Lake,RCLK,2025-08-14T22:40:12Z,2025-08-14T21:12:00Z,ARR,bad,88.0
1 (08-13),True,False,TORONTO,VANCOUVER,2025-08-13,38,Winnitoba,WNTB,2025-08-14T22:52:38Z,2025-08-14T21:26:00Z,ARR,bad,86.0
1 (08-13),True,False,TORONTO,VANCOUVER,2025-08-13,39,Ophir,OPHR,2025-08-14T22:53:38Z,2025-08-14T21:31:00Z,ARR,bad,82.0
1 (08-13),True,False,TORONTO,VANCOUVER,2025-08-13,40,Brereton Lake,BRTL,2025-08-14T23:25:56Z,2025-08-14T21:49:00Z,ARR,bad,96.0
1 (08-13),True,False,TORONTO,VANCOUVER,2025-08-13,41,Elma,ELMA,2025-08-14T23:41:30Z,2025-08-14T22:10:00Z,ARR,bad,91.0
1 (08-13),True,False,TORONTO,VANCOUVER,2025-08-13,42,Winnipeg,WNPG,2025-08-15T01:54:49Z,2025-08-15T00:30:00Z,ARR,bad,84.0
1 (08-13),True,False,TORONTO,VANCOUVER,2025-08-13,43,Portage La Prairie,PLPX,2025-08-15T05:06:22Z,2025-08-15T04:04:00Z,ARR,bad,62.0
1 (08-13),True,False,TORONTO,VANCOUVER,2025-08-13,44,Rivers,RVRS,2025-08-15T07:31:48Z,2025-08-15T06:31:00Z,ARR,bad,60.0
1 (08-13),True,False,TORONTO,VANCOUVER,2025-08-13,45,Melville,MELV,2025-08-15T10:31:47Z,2025-08-15T10:54:00Z,ARR,goo,-22.0
1 (08-13),True,False,TORONTO,VANCOUVER,2025-08-13,46,Watrous,WATR,2025-08-15T13:46:11Z,2025-08-15T13:54:00Z,ARR,goo,-7.0
1 (08-13),True,False,TORONTO,VANCOUVER,2025-08-13,47,Saskatoon,SASK,2025-08-15T15:28:39Z,2025-08-15T15:50:00Z,ARR,goo,-21.0
1 (08-13),True,False,TORONTO,VANCOUVER,2025-08-13,48,Biggar,BIGG,2025-08-15T18:24:50Z,2025-08-15T18:29:00Z,ARR,goo,-4.0
1 (08-13),True,False,TORONTO,VANCOUVER,2025-08-13,49,Unity,UNIT,2025-08-15T19:49:07Z,2025-08-15T19:44:00Z,ARR,med,5.0
1 (08-13),True,False,TORONTO,VANCOUVER,2025-08-13,50,Wainwright,WAIN,2025-08-15T21:49:41Z,2025-08-15T22:33:00Z,ARR,goo,-43.0
1 (08-13),True,False,TORONTO,VANCOUVER,2025-08-13,51,Viking,VKNG,2025-08-15T23:46:51Z,2025-08-15T23:26:00Z,ARR,bad,20.0
1 (08-13),True,False,TORONTO,VANCOUVER,2025-08-13,52,Edmonton,EDMO,2025-08-16T02:55:25Z,2025-08-16T02:50:00Z,ARR,med,5.0
1 (08-13),True,False,TORONTO,VANCOUVER,2025-08-13,53,Evansburg,EVAN,2025-08-16T07:30:11Z,2025-08-16T07:29:00Z,ARR,goo,1.0
1 (08-13),True,False,TORONTO,VANCOUVER,2025-08-13,54,Edson,EDSN,2025-08-16T08:42:08Z,2025-08-16T08:52:00Z,ARR,goo,-9.0
1 (08-13),True,False,TORONTO,VANCOUVER,2025-08-13,55,Hinton,HINT,2025-08-16T11:05:25Z,2025-08-16T09:58:00Z,ARR,bad,67.0
1 (08-13),True,False,TORONTO,VANCOUVER,2025-08-13,56,Jasper,JASP,2025-08-16T12:36:26Z,2025-08-16T12:30:00Z,ARR,med,6.0
1 (08-13),True,False,TORONTO,VANCOUVER,2025-08-13,57,Valemount,VLMT,2025-08-16T18:08:33Z,2025-08-16T17:50:00Z,ARR,bad,18.0
1 (08-13),True,False,TORONTO,VANCOUVER,2025-08-13,58,Blue River,BLUE,2025-08-16T20:27:29Z,2025-08-16T20:36:00Z,ARR,goo,-8.0
1 (08-13),True,False,TORONTO,VANCOUVER,2025-08-13,59,Clearwater,CLWT,2025-08-16T22:44:10Z,2025-08-16T22:45:00Z,ARR,goo,0.0
1 (08-13),True,False,TORONTO,VANCOUVER,2025-08-13,60,Kamloops North,KAMN,2025-08-17T01:32:25Z,2025-08-17T01:28:00Z,ARR,goo,4.0
1 (08-13),True,False,TORONTO,VANCOUVER,2025-08-13,61,Ashcroft,ASHN,2025-08-17T03:50:12Z,2025-08-17T03:49:00Z,26 mins,goo,1.0
1 (08-13),True,False,TORONTO,VANCOUVER,2025-08-13,62,Boston Bar,BBAR,2025-08-17T06:37:12Z,2025-08-17T06:36:00Z,3h13,goo,1.0
1 (08-13),True,False,TORONTO,VANCOUVER,2025-08-13,63,Hope,HOPE,&mdash;,2025-08-17T08:06:00Z,&mdash;,,
1 (08-13),True,False,TORONTO,VANCOUVER,2025-08-13,64,Chilliwack,CHIL,&mdash;,2025-08-17T08:30:00Z,&mdash;,,
1 (08-13),True,False,TORONTO,VANCOUVER,2025-08-13,65,Abbotsford,ABBO,&mdash;,2025-08-17T09:00:00Z,&mdash;,,
1 (08-13),True,False,TORONTO,VANCOUVER,2025-08-13,66,Vancouver,VCVR,&mdash;,2025-08-17T15:00:00Z,&mdash;,,
692 (08-14),True,True,CHURCHILL,WINNIPEG,2025-08-14,0,Churchill,CHUR,2025-08-15T01:30:41Z,2025-08-15T01:30:00Z,ARR,goo,0.0
692 (08-14),True,True,CHURCHILL,WINNIPEG,2025-08-14,1,Tidal,TIDL,2025-08-15T01:59:00Z,2025-08-15T01:52:00Z,ARR,med,7.0
692 (08-14),True,True,CHURCHILL,WINNIPEG,2025-08-14,2,Chesnaye,CHES,2025-08-15T03:01:25Z,2025-08-15T02:38:00Z,ARR,bad,23.0
692 (08-14),True,True,CHURCHILL,WINNIPEG,2025-08-14,3,M'Clintock,MCLI,2025-08-15T04:18:08Z,2025-08-15T03:54:00Z,ARR,bad,24.0
692 (08-14),True,True,CHURCHILL,WINNIPEG,2025-08-14,4,O'Day,ODAY,2025-08-15T04:58:27Z,2025-08-15T04:39:00Z,ARR,bad,19.0
692 (08-14),True,True,CHURCHILL,WINNIPEG,2025-08-14,5,Herchmer,HERC,2025-08-15T05:15:26Z,2025-08-15T05:18:00Z,ARR,goo,-2.0
692 (08-14),True,True,CHURCHILL,WINNIPEG,2025-08-14,6,Thibaudeau,THIB,2025-08-15T06:36:13Z,2025-08-15T06:44:00Z,ARR,goo,-7.0
692 (08-14),True,True,CHURCHILL,WINNIPEG,2025-08-14,7,Weir River,WEIR,2025-08-15T07:31:24Z,2025-08-15T07:46:00Z,ARR,goo,-14.0
692 (08-14),True,True,CHURCHILL,WINNIPEG,2025-08-14,8,Amery,AMRY,2025-08-15T08:08:57Z,2025-08-15T08:37:00Z,ARR,goo,-28.0
692 (08-14),True,True,CHURCHILL,WINNIPEG,2025-08-14,9,Bird,BIRD,2025-08-15T08:50:09Z,2025-08-15T09:00:00Z,ARR,goo,-9.0
692 (08-14),True,True,CHURCHILL,WINNIPEG,2025-08-14,10,Gillam,GILL,2025-08-15T09:42:25Z,2025-08-15T10:00:00Z,ARR,goo,-17.0
692 (08-14),True,True,CHURCHILL,WINNIPEG,2025-08-14,11,Wivenhoe,WVHO,2025-08-15T11:23:51Z,2025-08-15T11:16:00Z,ARR,med,7.0
692 (08-14),True,True,CHURCHILL,WINNIPEG,2025-08-14,12,Ilford,ILFO,2025-08-15T12:17:58Z,2025-08-15T11:53:00Z,ARR,bad,24.0
692 (08-14),True,True,CHURCHILL,WINNIPEG,2025-08-14,13,Pit Siding,PITS,2025-08-15T13:28:36Z,2025-08-15T12:54:00Z,ARR,bad,34.0
692 (08-14),True,True,CHURCHILL,WINNIPEG,2025-08-14,14,Bridgar,BRGR,2025-08-15T14:49:33Z,2025-08-15T14:16:00Z,ARR,bad,33.0
692 (08-14),True,True,CHURCHILL,WINNIPEG,2025-08-14,15,Pikwitonei,PIKW,2025-08-15T14:58:44Z,2025-08-15T14:27:00Z,ARR,bad,31.0
692 (08-14),True,True,CHURCHILL,WINNIPEG,2025-08-14,16,Sipiwesk,SIPI,2025-08-15T15:25:44Z,2025-08-15T14:54:00Z,ARR,bad,31.0
692 (08-14),True,True,CHURCHILL,WINNIPEG,2025-08-14,17,Thompson,THOM,2025-08-15T18:23:02Z,2025-08-15T16:30:00Z,ARR,bad,113.0
692 (08-14),True,True,CHURCHILL,WINNIPEG,2025-08-14,18,Leven,LEVN,2025-08-15T20:58:10Z,2025-08-15T21:05:00Z,ARR,goo,-6.0
692 (08-14),True,True,CHURCHILL,WINNIPEG,2025-08-14,19,Thicket Portage,THKP,2025-08-15T21:22:00Z,2025-08-15T21:22:00Z,ARR,goo,0.0
692 (08-14),True,True,CHURCHILL,WINNIPEG,2025-08-14,20,Hockin,HOCK,2025-08-15T21:27:46Z,2025-08-15T21:37:00Z,ARR,goo,-9.0
692 (08-14),True,True,CHURCHILL,WINNIPEG,2025-08-14,21,Odhill,ODHI,2025-08-15T22:07:46Z,2025-08-15T22:21:00Z,ARR,goo,-13.0
692 (08-14),True,True,CHURCHILL,WINNIPEG,2025-08-14,22,Lyddal,LYDD,2025-08-15T22:43:00Z,2025-08-15T22:43:00Z,ARR,goo,0.0
692 (08-14),True,True,CHURCHILL,WINNIPEG,2025-08-14,23,Wabowden,WBDN,2025-08-15T23:11:00Z,2025-08-15T23:11:00Z,ARR,goo,0.0
692 (08-14),True,True,CHURCHILL,WINNIPEG,2025-08-14,24,Pipun,PIPN,2025-08-15T23:34:00Z,2025-08-15T23:34:00Z,ARR,goo,0.0
692 (08-14),True,True,CHURCHILL,WINNIPEG,2025-08-14,25,Ponton,PNTN,2025-08-16T00:17:00Z,2025-08-16T00:17:00Z,ARR,goo,0.0
692 (08-14),True,True,CHURCHILL,WINNIPEG,2025-08-14,26,Turnbull,TURN,2025-08-16T00:49:00Z,2025-08-16T00:49:00Z,ARR,goo,0.0
692 (08-14),True,True,CHURCHILL,WINNIPEG,2025-08-14,27,Wekusko,WEKU,2025-08-16T01:16:00Z,2025-08-16T01:16:00Z,ARR,goo,0.0
692 (08-14),True,True,CHURCHILL,WINNIPEG,2025-08-14,28,Dyce,DYCE,2025-08-16T01:24:39Z,2025-08-16T02:00:00Z,ARR,goo,-35.0
692 (08-14),True,True,CHURCHILL,WINNIPEG,2025-08-14,29,Dering,DERI,2025-08-16T01:57:27Z,2025-08-16T02:39:00Z,ARR,goo,-41.0
692 (08-14),True,True,CHURCHILL,WINNIPEG,2025-08-14,30,Cormorant,CORM,2025-08-16T02:47:00Z,2025-08-16T02:47:00Z,ARR,goo,0.0
692 (08-14),True,True,CHURCHILL,WINNIPEG,2025-08-14,31,Halcrow,HALC,2025-08-16T02:11:46Z,2025-08-16T02:58:00Z,ARR,goo,-46.0
692 (08-14),True,True,CHURCHILL,WINNIPEG,2025-08-14,32,Orok,OROK,2025-08-16T03:52:00Z,2025-08-16T03:52:00Z,ARR,goo,0.0
692 (08-14),True,True,CHURCHILL,WINNIPEG,2025-08-14,33,The Pas,TPAS,2025-08-16T03:30:34Z,2025-08-16T04:30:00Z,ARR,goo,-59.0
692 (08-14),True,True,CHURCHILL,WINNIPEG,2025-08-14,34,Hudson Bay,HBAY,2025-08-16T10:27:00Z,2025-08-16T10:27:00Z,ARR,goo,0.0
692 (08-14),True,True,CHURCHILL,WINNIPEG,2025-08-14,35,Reserve,RSRV,2025-08-16T11:09:00Z,2025-08-16T11:09:00Z,ARR,goo,0.0
692 (08-14),True,True,CHURCHILL,WINNIPEG,2025-08-14,36,Endeavour,ENDV,2025-08-16T11:55:00Z,2025-08-16T11:55:00Z,ARR,goo,0.0
692 (08-14),True,True,CHURCHILL,WINNIPEG,2025-08-14,37,Sturgis,STGS,2025-08-16T12:24:00Z,2025-08-16T12:24:00Z,ARR,goo,0.0
692 (08-14),True,True,CHURCHILL,WINNIPEG,2025-08-14,38,Canora,CANO,2025-08-16T13:08:00Z,2025-08-16T13:08:00Z,ARR,goo,0.0
692 (08-14),True,True,CHURCHILL,WINNIPEG,2025-08-14,39,Mikado,MIKA,2025-08-16T13:30:00Z,2025-08-16T13:30:00Z,ARR,goo,0.0
692 (08-14),True,True,CHURCHILL,WINNIPEG,2025-08-14,40,Veregin,VERE,2025-08-16T13:43:00Z,2025-08-16T13:43:00Z,ARR,goo,0.0
692 (08-14),True,True,CHURCHILL,WINNIPEG,2025-08-14,41,Kamsack,KAMS,2025-08-16T14:44:33Z,2025-08-16T13:58:00Z,ARR,bad,46.0
692 (08-14),True,True,CHURCHILL,WINNIPEG,2025-08-14,42,Togo,TOGO,2025-08-16T15:21:35Z,2025-08-16T14:37:00Z,ARR,bad,44.0
692 (08-14),True,True,CHURCHILL,WINNIPEG,2025-08-14,43,Roblin,RBLN,2025-08-16T15:50:20Z,2025-08-16T15:14:00Z,ARR,bad,36.0
692 (08-14),True,True,CHURCHILL,WINNIPEG,2025-08-14,44,Grandview,GVIE,2025-08-16T17:20:43Z,2025-08-16T16:12:00Z,ARR,bad,68.0
692 (08-14),True,True,CHURCHILL,WINNIPEG,2025-08-14,45,Gilbert Plains,GLBP,2025-08-16T17:43:41Z,2025-08-16T16:32:00Z,ARR,bad,71.0
692 (08-14),True,True,CHURCHILL,WINNIPEG,2025-08-14,46,Dauphin,DAUP,2025-08-16T18:19:27Z,2025-08-16T16:56:00Z,ARR,bad,83.0
692 (08-14),True,True,CHURCHILL,WINNIPEG,2025-08-14,47,Ochre River,OCHR,2025-08-16T18:47:32Z,2025-08-16T17:20:00Z,ARR,bad,87.0
692 (08-14),True,True,CHURCHILL,WINNIPEG,2025-08-14,48,Laurier,LRIE,2025-08-16T19:03:42Z,2025-08-16T17:38:00Z,ARR,bad,85.0
692 (08-14),True,True,CHURCHILL,WINNIPEG,2025-08-14,49,Mccreary,MCCR,2025-08-16T19:24:01Z,2025-08-16T17:54:00Z,ARR,bad,90.0
692 (08-14),True,True,CHURCHILL,WINNIPEG,2025-08-14,50,Glenella,GLNA,2025-08-16T20:07:49Z,2025-08-16T18:34:00Z,ARR,bad,93.0
692 (08-14),True,True,CHURCHILL,WINNIPEG,2025-08-14,51,Plumas,PLUM,2025-08-16T20:34:45Z,2025-08-16T19:06:00Z,ARR,bad,88.0
692 (08-14),True,True,CHURCHILL,WINNIPEG,2025-08-14,52,Gladstone,GSTO,2025-08-16T21:03:18Z,2025-08-16T19:51:00Z,ARR,bad,72.0
692 (08-14),True,True,CHURCHILL,WINNIPEG,2025-08-14,53,Portage La Prairie,PLPX,2025-08-16T21:47:37Z,2025-08-16T20:37:00Z,ARR,bad,70.0
692 (08-14),True,True,CHURCHILL,WINNIPEG,2025-08-14,54,Winnipeg,WNPG,2025-08-16T23:14:41Z,2025-08-16T21:45:00Z,ARR,bad,89.0
2 (08-15),True,False,VANCOUVER,TORONTO,2025-08-15,0,Vancouver,VCVR,2025-08-15T22:01:40Z,2025-08-15T22:00:00Z,ARR,goo,1.0
2 (08-15),True,False,VANCOUVER,TORONTO,2025-08-15,1,Mission Harbour,MSNH,2025-08-16T02:37:37Z,2025-08-15T23:35:00Z,ARR,bad,182.0
2 (08-15),True,False,VANCOUVER,TORONTO,2025-08-15,2,Agassiz,AGAS,2025-08-16T03:26:54Z,2025-08-16T00:03:00Z,ARR,bad,203.0
2 (08-15),True,False,VANCOUVER,TORONTO,2025-08-15,3,Katz,KATZ,2025-08-16T03:41:19Z,2025-08-16T00:17:00Z,ARR,bad,204.0
2 (08-15),True,False,VANCOUVER,TORONTO,2025-08-15,4,North Bend,NBND,2025-08-16T05:31:36Z,2025-08-16T02:46:00Z,ARR,bad,165.0
2 (08-15),True,False,VANCOUVER,TORONTO,2025-08-15,5,Ashcroft,ASHN,2025-08-16T08:01:45Z,2025-08-16T05:32:00Z,ARR,bad,149.0
2 (08-15),True,False,VANCOUVER,TORONTO,2025-08-15,6,Kamloops North,KAMN,2025-08-16T09:25:10Z,2025-08-16T07:17:00Z,ARR,bad,128.0
2 (08-15),True,False,VANCOUVER,TORONTO,2025-08-15,7,Clearwater,CLWT,2025-08-16T12:04:10Z,2025-08-16T09:58:00Z,ARR,bad,126.0
2 (08-15),True,False,VANCOUVER,TORONTO,2025-08-15,8,Blue River,BLUE,2025-08-16T14:11:01Z,2025-08-16T12:11:00Z,ARR,bad,120.0
2 (08-15),True,False,VANCOUVER,TORONTO,2025-08-15,9,Valemount,VLMT,2025-08-16T16:14:48Z,2025-08-16T14:01:00Z,ARR,bad,133.0
2 (08-15),True,False,VANCOUVER,TORONTO,2025-08-15,10,Jasper,JASP,2025-08-16T18:49:52Z,2025-08-16T17:00:00Z,ARR,bad,109.0
2 (08-15),True,False,VANCOUVER,TORONTO,2025-08-15,11,Hinton,HINT,2025-08-16T22:22:04Z,2025-08-16T19:45:00Z,ARR,bad,157.0
2 (08-15),True,False,VANCOUVER,TORONTO,2025-08-15,12,Edson,EDSN,2025-08-17T00:04:32Z,2025-08-16T21:19:00Z,ARR,bad,165.0
2 (08-15),True,False,VANCOUVER,TORONTO,2025-08-15,13,Evansburg,EVAN,2025-08-17T01:41:11Z,2025-08-16T22:28:00Z,ARR,bad,193.0
2 (08-15),True,False,VANCOUVER,TORONTO,2025-08-15,14,Edmonton,EDMO,2025-08-17T03:34:17Z,2025-08-17T00:50:00Z,10 mins,bad,164.0
2 (08-15),True,False,VANCOUVER,TORONTO,2025-08-15,15,Viking,VKNG,2025-08-17T06:37:17Z,2025-08-17T03:53:00Z,3h13,bad,164.0
2 (08-15),True,False,VANCOUVER,TORONTO,2025-08-15,16,Wainwright,WAIN,&mdash;,2025-08-17T06:14:00Z,&mdash;,,
2 (08-15),True,False,VANCOUVER,TORONTO,2025-08-15,17,Unity,UNIT,&mdash;,2025-08-17T07:47:00Z,&mdash;,,
2 (08-15),True,False,VANCOUVER,TORONTO,2025-08-15,18,Biggar,BIGG,&mdash;,2025-08-17T09:21:00Z,&mdash;,,
2 (08-15),True,False,VANCOUVER,TORONTO,2025-08-15,19,Saskatoon,SASK,&mdash;,2025-08-17T11:57:00Z,&mdash;,,
2 (08-15),True,False,VANCOUVER,TORONTO,2025-08-15,20,Watrous,WATR,&mdash;,2025-08-17T14:26:00Z,&mdash;,,
692 (08-16),True,False,CHURCHILL,WINNIPEG,2025-08-16,0,Churchill,CHUR,2025-08-17T01:30:49Z,2025-08-17T01:30:00Z,ARR,goo,0.0
692 (08-16),True,False,CHURCHILL,WINNIPEG,2025-08-16,1,Tidal,TIDL,2025-08-17T01:58:19Z,2025-08-17T01:52:00Z,ARR,med,6.0
692 (08-16),True,False,CHURCHILL,WINNIPEG,2025-08-16,2,Chesnaye,CHES,2025-08-17T02:55:02Z,2025-08-17T02:38:00Z,ARR,bad,17.0
692 (08-16),True,False,CHURCHILL,WINNIPEG,2025-08-16,3,M'Clintock,MCLI,2025-08-17T04:11:02Z,2025-08-17T03:54:00Z,47 mins,bad,17.0
692 (08-16),True,False,CHURCHILL,WINNIPEG,2025-08-16,4,O'Day,ODAY,2025-08-17T04:56:02Z,2025-08-17T04:39:00Z,1h32,bad,17.0
692 (08-16),True,False,CHURCHILL,WINNIPEG,2025-08-16,5,Herchmer,HERC,2025-08-17T05:35:02Z,2025-08-17T05:18:00Z,2h11,bad,17.0
692 (08-16),True,False,CHURCHILL,WINNIPEG,2025-08-16,6,Thibaudeau,THIB,2025-08-17T07:01:02Z,2025-08-17T06:44:00Z,3h37,bad,17.0
692 (08-16),True,False,CHURCHILL,WINNIPEG,2025-08-16,7,Weir River,WEIR,2025-08-17T08:03:02Z,2025-08-17T07:46:00Z,4h39,bad,17.0
692 (08-16),True,False,CHURCHILL,WINNIPEG,2025-08-16,8,Amery,AMRY,2025-08-17T08:54:02Z,2025-08-17T08:37:00Z,5h30,bad,17.0
692 (08-16),True,False,CHURCHILL,WINNIPEG,2025-08-16,9,Bird,BIRD,2025-08-17T09:17:02Z,2025-08-17T09:00:00Z,5h53,bad,17.0
692 (08-16),True,False,CHURCHILL,WINNIPEG,2025-08-16,10,Gillam,GILL,2025-08-17T10:17:02Z,2025-08-17T10:00:00Z,6h53,bad,17.0
692 (08-16),True,False,CHURCHILL,WINNIPEG,2025-08-16,11,Wivenhoe,WVHO,2025-08-17T11:33:02Z,2025-08-17T11:16:00Z,8h09,bad,17.0
692 (08-16),True,False,CHURCHILL,WINNIPEG,2025-08-16,12,Ilford,ILFO,2025-08-17T12:10:02Z,2025-08-17T11:53:00Z,8h46,bad,17.0
692 (08-16),True,False,CHURCHILL,WINNIPEG,2025-08-16,13,Pit Siding,PITS,2025-08-17T13:11:02Z,2025-08-17T12:54:00Z,9h47,bad,17.0
692 (08-16),True,False,CHURCHILL,WINNIPEG,2025-08-16,14,Bridgar,BRGR,2025-08-17T14:33:02Z,2025-08-17T14:16:00Z,11h09,bad,17.0
692 (08-16),True,False,CHURCHILL,WINNIPEG,2025-08-16,15,Pikwitonei,PIKW,2025-08-17T14:44:02Z,2025-08-17T14:27:00Z,11h20,bad,17.0
692 (08-16),True,False,CHURCHILL,WINNIPEG,2025-08-16,16,Sipiwesk,SIPI,2025-08-17T15:11:02Z,2025-08-17T14:54:00Z,11h47,bad,17.0
692 (08-16),True,False,CHURCHILL,WINNIPEG,2025-08-16,17,Thompson,THOM,2025-08-17T16:47:02Z,2025-08-17T16:30:00Z,13h23,bad,17.0
15,True,True,HALIFAX,MONTRÉAL,2025-08-15,0,Halifax,HLFX,2025-08-15T14:31:06Z,2025-08-15T14:30:00Z,ARR,goo,1.0
15,True,True,HALIFAX,MONTRÉAL,2025-08-15,1,Truro,TRUR,2025-08-15T16:00:08Z,2025-08-15T15:56:00Z,ARR,goo,4.0
15,True,True,HALIFAX,MONTRÉAL,2025-08-15,2,Springhill Jct,SPRJ,2025-08-15T17:19:56Z,2025-08-15T17:11:00Z,ARR,med,8.0
15,True,True,HALIFAX,MONTRÉAL,2025-08-15,3,Amherst,AMHS,2025-08-15T17:40:22Z,2025-08-15T17:34:00Z,ARR,med,6.0
15,True,True,HALIFAX,MONTRÉAL,2025-08-15,4,Sackville,SACK,2025-08-15T18:06:30Z,2025-08-15T17:50:00Z,ARR,bad,16.0
15,True,True,HALIFAX,MONTRÉAL,2025-08-15,5,Moncton,MCTN,2025-08-15T19:02:00Z,2025-08-15T18:44:00Z,ARR,bad,18.0
15,True,True,HALIFAX,MONTRÉAL,2025-08-15,6,Rogersville,RGRV,2025-08-15T20:47:07Z,2025-08-15T20:08:00Z,ARR,bad,39.0
15,True,True,HALIFAX,MONTRÉAL,2025-08-15,7,Miramichi,MIRA,2025-08-15T21:43:59Z,2025-08-15T20:59:00Z,ARR,bad,44.0
15,True,True,HALIFAX,MONTRÉAL,2025-08-15,8,Bathurst,BTRS,2025-08-15T23:24:05Z,2025-08-15T22:55:00Z,ARR,bad,29.0
15,True,True,HALIFAX,MONTRÉAL,2025-08-15,9,Petit Rocher,PROC,2025-08-15T23:50:45Z,2025-08-15T23:22:00Z,ARR,bad,28.0
15,True,True,HALIFAX,MONTRÉAL,2025-08-15,10,Jacquet River,JACR,2025-08-16T00:17:25Z,2025-08-15T23:44:01Z,ARR,bad,33.0
15,True,True,HALIFAX,MONTRÉAL,2025-08-15,11,Charlo,CHLO,2025-08-16T01:00:41Z,2025-08-16T00:07:00Z,ARR,bad,53.0
15,True,True,HALIFAX,MONTRÉAL,2025-08-15,12,Campbellton,CBTN,2025-08-16T01:48:13Z,2025-08-16T01:10:00Z,ARR,bad,38.0
15,True,True,HALIFAX,MONTRÉAL,2025-08-15,13,Matapedia,MTPD,2025-08-16T02:33:58Z,2025-08-16T01:52:00Z,ARR,bad,41.0
15,True,True,HALIFAX,MONTRÉAL,2025-08-15,14,Causapscal,CAUS,2025-08-16T03:38:04Z,2025-08-16T02:41:00Z,ARR,bad,57.0
15,True,True,HALIFAX,MONTRÉAL,2025-08-15,15,Amqui,AMQU,2025-08-16T04:05:17Z,2025-08-16T03:01:00Z,ARR,bad,64.0
15,True,True,HALIFAX,MONTRÉAL,2025-08-15,16,Sayabec,SAYA,2025-08-16T04:38:58Z,2025-08-16T03:23:00Z,ARR,bad,75.0
15,True,True,HALIFAX,MONTRÉAL,2025-08-15,17,Mont-Joli,MJLI,2025-08-16T05:45:35Z,2025-08-16T04:53:00Z,ARR,bad,52.0
15,True,True,HALIFAX,MONTRÉAL,2025-08-15,18,Rimouski,RMSK,2025-08-16T06:16:26Z,2025-08-16T05:24:00Z,ARR,bad,52.0
15,True,True,HALIFAX,MONTRÉAL,2025-08-15,19,Trois Pistoles,TPIS,2025-08-16T08:05:13Z,2025-08-16T06:29:00Z,ARR,bad,96.0
15,True,True,HALIFAX,MONTRÉAL,2025-08-15,20,Rivière-Du-Loup,RDLX,2025-08-16T08:50:24Z,2025-08-16T07:16:00Z,ARR,bad,94.0
15,True,True,HALIFAX,MONTRÉAL,2025-08-15,21,La Pocatière,LPOC,2025-08-16T09:40:33Z,2025-08-16T08:05:00Z,ARR,bad,95.0
15,True,True,HALIFAX,MONTRÉAL,2025-08-15,22,Montmagny,MMGY,2025-08-16T10:08:47Z,2025-08-16T08:39:00Z,ARR,bad,89.0
15,True,True,HALIFAX,MONTRÉAL,2025-08-15,23,Ste-Foy,SFOY,2025-08-16T11:16:43Z,2025-08-16T10:13:00Z,ARR,bad,63.0
15,True,True,HALIFAX,MONTRÉAL,2025-08-15,24,Drummondville,DRMV,2025-08-16T13:24:16Z,2025-08-16T12:20:00Z,ARR,bad,64.0
15,True,True,HALIFAX,MONTRÉAL,2025-08-15,25,St. Hyacinthe,SHYA,2025-08-16T14:09:28Z,2025-08-16T13:00:00Z,ARR,bad,69.0
15,True,True,HALIFAX,MONTRÉAL,2025-08-15,26,St. Lambert,SLAM,2025-08-16T14:45:41Z,2025-08-16T13:34:00Z,ARR,bad,71.0
15,True,True,HALIFAX,MONTRÉAL,2025-08-15,27,Montréal,MTRL,2025-08-16T15:05:35Z,2025-08-16T13:53:00Z,ARR,bad,72.0
6,True,True,PRINCE RUPERT,JASPER,2025-08-15,0,Prince Rupert,PRUP,2025-08-15T15:00:00Z,2025-08-15T15:00:00Z,ARR,goo,0.0
6,True,True,PRINCE RUPERT,JASPER,2025-08-15,1,Cassiar Cannery,CASS,2025-08-15T15:59:22Z,2025-08-15T15:20:00Z,ARR,bad,39.0
6,True,True,PRINCE RUPERT,JASPER,2025-08-15,2,Kwinitsa,KWIN,2025-08-15T16:41:28Z,2025-08-15T16:17:00Z,ARR,bad,24.0
6,True,True,PRINCE RUPERT,JASPER,2025-08-15,3,Terrace,TRRC,2025-08-15T17:37:25Z,2025-08-15T17:20:00Z,ARR,bad,17.0
6,True,True,PRINCE RUPERT,JASPER,2025-08-15,4,Usk,USKX,2025-08-15T18:03:15Z,2025-08-15T17:48:00Z,ARR,bad,15.0
6,True,True,PRINCE RUPERT,JASPER,2025-08-15,5,Pacific,PACI,2025-08-15T18:18:29Z,2025-08-15T18:07:00Z,ARR,med,11.0
6,True,True,PRINCE RUPERT,JASPER,2025-08-15,6,Dorreen,DORR,2025-08-15T18:26:19Z,2025-08-15T18:19:00Z,ARR,med,7.0
6,True,True,PRINCE RUPERT,JASPER,2025-08-15,7,Cedarvale,CEDA,2025-08-15T18:46:22Z,2025-08-15T18:44:00Z,ARR,goo,2.0
6,True,True,PRINCE RUPERT,JASPER,2025-08-15,8,Kitwanga,KITW,2025-08-15T19:06:03Z,2025-08-15T18:48:01Z,ARR,bad,18.0
6,True,True,PRINCE RUPERT,JASPER,2025-08-15,9,New Hazelton,NHAZ,2025-08-15T19:51:40Z,2025-08-15T19:30:00Z,ARR,bad,21.0
6,True,True,PRINCE RUPERT,JASPER,2025-08-15,10,Smithers,SMTR,2025-08-15T22:21:32Z,2025-08-15T21:14:00Z,ARR,bad,67.0
6,True,True,PRINCE RUPERT,JASPER,2025-08-15,11,Telkwa,TELK,2025-08-15T22:41:06Z,2025-08-15T21:37:00Z,ARR,bad,64.0
6,True,True,PRINCE RUPERT,JASPER,2025-08-15,12,Houston,HOUS,2025-08-15T23:20:40Z,2025-08-15T22:22:00Z,ARR,bad,58.0
6,True,True,PRINCE RUPERT,JASPER,2025-08-15,13,Burns Lake,BRNL,2025-08-16T00:41:31Z,2025-08-15T23:32:00Z,ARR,bad,69.0
6,True,True,PRINCE RUPERT,JASPER,2025-08-15,14,Endako,ENDA,2025-08-16T01:32:22Z,2025-08-16T00:25:00Z,ARR,bad,67.0
6,True,True,PRINCE RUPERT,JASPER,2025-08-15,15,Fort Fraser,FFRA,2025-08-16T01:59:24Z,2025-08-16T00:57:00Z,ARR,bad,62.0
6,True,True,PRINCE RUPERT,JASPER,2025-08-15,16,Vanderhoof,VDRH,2025-08-16T02:32:02Z,2025-08-16T01:35:00Z,ARR,bad,57.0
6,True,True,PRINCE RUPERT,JASPER,2025-08-15,17,Prince George,PGEO,2025-08-16T04:11:19Z,2025-08-16T03:29:00Z,ARR,bad,42.0
6,True,True,PRINCE RUPERT,JASPER,2025-08-15,18,Willow River,WILR,2025-08-16T15:48:00Z,2025-08-16T15:48:00Z,ARR,goo,0.0
6,True,True,PRINCE RUPERT,JASPER,2025-08-15,19,Aleza Lake,ALZL,2025-08-16T16:04:38Z,2025-08-16T16:17:00Z,ARR,goo,-12.0
6,True,True,PRINCE RUPERT,JASPER,2025-08-15,20,Upper Fraser,UFRZ,2025-08-16T16:25:00Z,2025-08-16T16:25:00Z,ARR,goo,0.0
6,True,True,PRINCE RUPERT,JASPER,2025-08-15,21,Mcgregor,MCGR,2025-08-16T16:33:00Z,2025-08-16T16:33:00Z,ARR,goo,0.0
6,True,True,PRINCE RUPERT,JASPER,2025-08-15,22,Sinclair Mills,SINM,2025-08-16T16:25:48Z,2025-08-16T16:44:00Z,ARR,goo,-18.0
6,True,True,PRINCE RUPERT,JASPER,2025-08-15,23,Hutton,HUTT,2025-08-16T16:48:00Z,2025-08-16T16:48:00Z,ARR,goo,0.0
6,True,True,PRINCE RUPERT,JASPER,2025-08-15,24,Longworth,LWTH,2025-08-16T16:59:00Z,2025-08-16T16:59:00Z,ARR,goo,0.0
6,True,True,PRINCE RUPERT,JASPER,2025-08-15,25,Penny,PENN,2025-08-16T17:13:00Z,2025-08-16T17:13:00Z,ARR,goo,0.0
6,True,True,PRINCE RUPERT,JASPER,2025-08-15,26,Bend,BEND,2025-08-16T17:18:26Z,2025-08-16T17:32:00Z,ARR,goo,-13.0
6,True,True,PRINCE RUPERT,JASPER,2025-08-15,27,Dome Creek,DOMC,2025-08-16T17:19:47Z,2025-08-16T17:33:07Z,ARR,goo,-13.0
6,True,True,PRINCE RUPERT,JASPER,2025-08-15,28,Loos,LOOS,2025-08-16T17:53:44Z,2025-08-16T18:07:00Z,ARR,goo,-13.0
6,True,True,PRINCE RUPERT,JASPER,2025-08-15,29,Goat River,GOAT,2025-08-16T18:49:59Z,2025-08-16T18:22:00Z,ARR,bad,27.0
6,True,True,PRINCE RUPERT,JASPER,2025-08-15,30,Mcbride,MCBR,2025-08-16T19:39:24Z,2025-08-16T19:18:00Z,ARR,bad,21.0
6,True,True,PRINCE RUPERT,JASPER,2025-08-15,31,Dunster,DNST,2025-08-16T20:14:50Z,2025-08-16T19:35:00Z,ARR,bad,39.0
6,True,True,PRINCE RUPERT,JASPER,2025-08-15,32,Harvey,HRVY,2025-08-16T20:49:43Z,2025-08-16T20:24:00Z,ARR,bad,25.0
6,True,True,PRINCE RUPERT,JASPER,2025-08-15,33,Jasper,JASP,2025-08-16T22:45:13Z,2025-08-16T23:00:00Z,ARR,goo,-14.0
691,True,True,THE PAS,CHURCHILL,2025-08-15,0,The Pas,TPAS,2025-08-15T07:30:00Z,2025-08-15T07:30:00Z,ARR,goo,0.0
691,True,True,THE PAS,CHURCHILL,2025-08-15,1,Orok,OROK,2025-08-15T08:06:44Z,2025-08-15T08:07:00Z,ARR,goo,0.0
691,True,True,THE PAS,CHURCHILL,2025-08-15,2,Halcrow,HALC,2025-08-15T08:56:43Z,2025-08-15T09:01:00Z,ARR,goo,-4.0
691,True,True,THE PAS,CHURCHILL,2025-08-15,3,Cormorant,CORM,2025-08-15T09:12:00Z,2025-08-15T09:12:00Z,ARR,goo,0.0
691,True,True,THE PAS,CHURCHILL,2025-08-15,4,Dering,DERI,2025-08-15T09:20:00Z,2025-08-15T09:20:00Z,ARR,goo,0.0
691,True,True,THE PAS,CHURCHILL,2025-08-15,5,Dyce,DYCE,2025-08-15T09:59:00Z,2025-08-15T09:59:00Z,ARR,goo,0.0
691,True,True,THE PAS,CHURCHILL,2025-08-15,6,Wekusko,WEKU,2025-08-15T10:22:38Z,2025-08-15T10:43:00Z,ARR,goo,-20.0
691,True,True,THE PAS,CHURCHILL,2025-08-15,7,Turnbull,TURN,2025-08-15T10:43:44Z,2025-08-15T11:10:00Z,ARR,goo,-26.0
691,True,True,THE PAS,CHURCHILL,2025-08-15,8,Ponton,PNTN,2025-08-15T11:09:54Z,2025-08-15T11:42:00Z,ARR,goo,-32.0
691,True,True,THE PAS,CHURCHILL,2025-08-15,9,Pipun,PIPN,2025-08-15T11:52:26Z,2025-08-15T12:25:00Z,ARR,goo,-32.0
691,True,True,THE PAS,CHURCHILL,2025-08-15,10,Wabowden,WBDN,2025-08-15T12:07:05Z,2025-08-15T12:48:00Z,ARR,goo,-40.0
691,True,True,THE PAS,CHURCHILL,2025-08-15,11,Lyddal,LYDD,2025-08-15T13:11:34Z,2025-08-15T13:16:00Z,ARR,goo,-4.0
691,True,True,THE PAS,CHURCHILL,2025-08-15,12,Odhill,ODHI,2025-08-15T13:32:47Z,2025-08-15T13:38:00Z,ARR,goo,-5.0
691,True,True,THE PAS,CHURCHILL,2025-08-15,13,Hockin,HOCK,2025-08-15T14:11:30Z,2025-08-15T14:22:00Z,ARR,goo,-10.0
691,True,True,THE PAS,CHURCHILL,2025-08-15,14,Thicket Portage,THKP,2025-08-15T14:37:00Z,2025-08-15T14:37:00Z,ARR,goo,0.0
691,True,True,THE PAS,CHURCHILL,2025-08-15,15,Leven,LEVN,2025-08-15T14:54:00Z,2025-08-15T14:54:00Z,ARR,goo,0.0
691,True,True,THE PAS,CHURCHILL,2025-08-15,16,Thompson,THOM,2025-08-15T18:15:12Z,2025-08-15T17:00:00Z,ARR,bad,75.0
691,True,True,THE PAS,CHURCHILL,2025-08-15,17,Sipiwesk,SIPI,2025-08-15T23:30:54Z,2025-08-15T23:35:00Z,ARR,goo,-4.0
691,True,True,THE PAS,CHURCHILL,2025-08-15,18,Pikwitonei,PIKW,2025-08-16T00:02:00Z,2025-08-16T00:02:00Z,ARR,goo,0.0
691,True,True,THE PAS,CHURCHILL,2025-08-15,19,Bridgar,BRGR,2025-08-16T00:13:00Z,2025-08-16T00:13:00Z,ARR,goo,0.0
691,True,True,THE PAS,CHURCHILL,2025-08-15,20,Pit Siding,PITS,2025-08-16T01:35:00Z,2025-08-16T01:35:00Z,ARR,goo,0.0
691,True,True,THE PAS,CHURCHILL,2025-08-15,21,Ilford,ILFO,2025-08-16T02:39:20Z,2025-08-16T02:36:00Z,ARR,goo,3.0
691,True,True,THE PAS,CHURCHILL,2025-08-15,22,Wivenhoe,WVHO,2025-08-16T03:52:40Z,2025-08-16T03:13:00Z,ARR,bad,39.0
691,True,True,THE PAS,CHURCHILL,2025-08-15,23,Gillam,GILL,2025-08-16T04:38:41Z,2025-08-16T04:00:01Z,ARR,bad,38.0
691,True,True,THE PAS,CHURCHILL,2025-08-15,24,Bird,BIRD,2025-08-16T05:42:15Z,2025-08-16T05:29:00Z,ARR,med,13.0
691,True,True,THE PAS,CHURCHILL,2025-08-15,25,Amery,AMRY,2025-08-16T06:16:50Z,2025-08-16T05:51:00Z,ARR,bad,25.0
691,True,True,THE PAS,CHURCHILL,2025-08-15,26,Weir River,WEIR,2025-08-16T07:16:29Z,2025-08-16T06:43:00Z,ARR,bad,33.0
691,True,True,THE PAS,CHURCHILL,2025-08-15,27,Thibaudeau,THIB,2025-08-16T08:04:44Z,2025-08-16T08:00:00Z,ARR,goo,4.0
691,True,True,THE PAS,CHURCHILL,2025-08-15,28,Herchmer,HERC,2025-08-16T09:30:44Z,2025-08-16T09:26:00Z,ARR,goo,4.0
691,True,True,THE PAS,CHURCHILL,2025-08-15,29,O'Day,ODAY,2025-08-16T10:09:44Z,2025-08-16T10:05:00Z,ARR,goo,4.0
691,True,True,THE PAS,CHURCHILL,2025-08-15,30,M'Clintock,MCLI,2025-08-16T10:54:44Z,2025-08-16T10:50:00Z,ARR,goo,4.0
691,True,True,THE PAS,CHURCHILL,2025-08-15,31,Chesnaye,CHES,2025-08-16T12:10:44Z,2025-08-16T12:06:00Z,ARR,goo,4.0
691,True,True,THE PAS,CHURCHILL,2025-08-15,32,Tidal,TIDL,2025-08-16T12:25:10Z,2025-08-16T13:37:00Z,ARR,goo,-71.0
691,True,True,THE PAS,CHURCHILL,2025-08-15,33,Churchill,CHUR,2025-08-16T13:10:00Z,2025-08-16T14:00:00Z,ARR,goo,-50.0
5,True,False,JASPER,PRINCE RUPERT,2025-08-15,0,Jasper,JASP,2025-08-15T16:45:00Z,2025-08-15T16:45:00Z,ARR,goo,0.0
5,True,False,JASPER,PRINCE RUPERT,2025-08-15,1,Harvey,HRVY,2025-08-15T18:23:03Z,2025-08-15T18:38:00Z,ARR,goo,-14.0
5,True,False,JASPER,PRINCE RUPERT,2025-08-15,2,Dunster,DNST,2025-08-15T18:54:22Z,2025-08-15T19:12:00Z,ARR,goo,-17.0
5,True,False,JASPER,PRINCE RUPERT,2025-08-15,3,Mcbride,MCBR,2025-08-15T19:24:35Z,2025-08-15T19:44:00Z,ARR,goo,-19.0
5,True,False,JASPER,PRINCE RUPERT,2025-08-15,4,Goat River,GOAT,2025-08-15T20:21:47Z,2025-08-15T20:41:00Z,ARR,goo,-19.0
5,True,False,JASPER,PRINCE RUPERT,2025-08-15,5,Loos,LOOS,2025-08-15T20:35:50Z,2025-08-15T20:58:00Z,ARR,goo,-22.0
5,True,False,JASPER,PRINCE RUPERT,2025-08-15,6,Dome Creek,DOMC,2025-08-15T21:03:50Z,2025-08-15T21:32:00Z,ARR,goo,-28.0
5,True,False,JASPER,PRINCE RUPERT,2025-08-15,7,Bend,BEND,2025-08-15T21:05:54Z,2025-08-15T21:36:00Z,ARR,goo,-30.0
5,True,False,JASPER,PRINCE RUPERT,2025-08-15,8,Penny,PENN,2025-08-15T21:25:31Z,2025-08-15T21:56:00Z,ARR,goo,-30.0
5,True,False,JASPER,PRINCE RUPERT,2025-08-15,9,Longworth,LWTH,2025-08-15T21:38:31Z,2025-08-15T22:11:00Z,ARR,goo,-32.0
5,True,False,JASPER,PRINCE RUPERT,2025-08-15,10,Hutton,HUTT,2025-08-15T22:24:00Z,2025-08-15T22:24:00Z,ARR,goo,0.0
5,True,False,JASPER,PRINCE RUPERT,2025-08-15,11,Sinclair Mills,SINM,2025-08-15T22:30:00Z,2025-08-15T22:30:00Z,ARR,goo,0.0
5,True,False,JASPER,PRINCE RUPERT,2025-08-15,12,Mcgregor,MCGR,2025-08-15T22:12:40Z,2025-08-15T22:43:00Z,ARR,goo,-30.0
5,True,False,JASPER,PRINCE RUPERT,2025-08-15,13,Upper Fraser,UFRZ,2025-08-15T22:52:00Z,2025-08-15T22:52:00Z,ARR,goo,0.0
5,True,False,JASPER,PRINCE RUPERT,2025-08-15,14,Aleza Lake,ALZL,2025-08-15T22:26:02Z,2025-08-15T23:01:00Z,ARR,goo,-34.0
5,True,False,JASPER,PRINCE RUPERT,2025-08-15,15,Willow River,WILR,2025-08-15T23:23:06Z,2025-08-15T23:31:00Z,ARR,goo,-7.0
5,True,False,JASPER,PRINCE RUPERT,2025-08-15,16,Prince George,PGEO,2025-08-15T23:52:58Z,2025-08-16T00:08:00Z,ARR,goo,-15.0
5,True,False,JASPER,PRINCE RUPERT,2025-08-15,17,Vanderhoof,VDRH,2025-08-16T16:55:00Z,2025-08-16T16:55:00Z,ARR,goo,0.0
5,True,False,JASPER,PRINCE RUPERT,2025-08-15,18,Fort Fraser,FFRA,2025-08-16T17:45:54Z,2025-08-16T17:32:00Z,ARR,med,13.0
5,True,False,JASPER,PRINCE RUPERT,2025-08-15,19,Endako,ENDA,2025-08-16T18:13:12Z,2025-08-16T17:50:00Z,ARR,bad,23.0
5,True,False,JASPER,PRINCE RUPERT,2025-08-15,20,Burns Lake,BRNL,2025-08-16T19:05:38Z,2025-08-16T18:58:00Z,ARR,med,7.0
5,True,False,JASPER,PRINCE RUPERT,2025-08-15,21,Houston,HOUS,2025-08-16T20:09:41Z,2025-08-16T20:08:00Z,ARR,goo,1.0
5,True,False,JASPER,PRINCE RUPERT,2025-08-15,22,Telkwa,TELK,2025-08-16T20:51:32Z,2025-08-16T20:52:00Z,ARR,goo,0.0
5,True,False,JASPER,PRINCE RUPERT,2025-08-15,23,Smithers,SMTR,2025-08-16T21:20:56Z,2025-08-16T21:10:00Z,ARR,med,10.0
5,True,False,JASPER,PRINCE RUPERT,2025-08-15,24,New Hazelton,NHAZ,2025-08-16T22:48:00Z,2025-08-16T22:37:00Z,ARR,med,11.0
5,True,False,JASPER,PRINCE RUPERT,2025-08-15,25,Kitwanga,KITW,2025-08-16T23:30:22Z,2025-08-16T23:27:00Z,ARR,goo,3.0
5,True,False,JASPER,PRINCE RUPERT,2025-08-15,26,Cedarvale,CEDA,2025-08-17T00:04:03Z,2025-08-16T23:51:00Z,ARR,med,13.0
5,True,False,JASPER,PRINCE RUPERT,2025-08-15,27,Dorreen,DORR,2025-08-17T00:22:48Z,2025-08-17T00:12:00Z,ARR,med,10.0
5,True,False,JASPER,PRINCE RUPERT,2025-08-15,28,Pacific,PACI,2025-08-17T00:33:59Z,2025-08-17T00:21:00Z,ARR,med,12.0
5,True,False,JASPER,PRINCE RUPERT,2025-08-15,29,Usk,USKX,2025-08-17T01:36:03Z,2025-08-17T00:40:00Z,ARR,bad,56.0
5,True,False,JASPER,PRINCE RUPERT,2025-08-15,30,Terrace,TRRC,2025-08-17T01:52:51Z,2025-08-17T01:00:00Z,ARR,bad,52.0
5,True,False,JASPER,PRINCE RUPERT,2025-08-15,31,Kwinitsa,KWIN,2025-08-17T02:56:01Z,2025-08-17T02:09:00Z,ARR,bad,47.0
5,True,False,JASPER,PRINCE RUPERT,2025-08-15,32,Cassiar Cannery,CASS,2025-08-17T03:31:57Z,2025-08-17T02:45:00Z,8 mins,bad,46.0
5,True,False,JASPER,PRINCE RUPERT,2025-08-15,33,Prince Rupert,PRUP,2025-08-17T04:11:57Z,2025-08-17T03:25:00Z,48 mins,bad,46.0
14,True,True,MONTRÉAL,HALIFAX,2025-08-15,0,Montréal,MTRL,2025-08-15T22:43:13Z,2025-08-15T22:30:00Z,ARR,med,13.0
14,True,True,MONTRÉAL,HALIFAX,2025-08-15,1,St. Lambert,SLAM,2025-08-15T23:02:25Z,2025-08-15T22:45:00Z,ARR,bad,17.0
14,True,True,MONTRÉAL,HALIFAX,2025-08-15,2,St. Hyacinthe,SHYA,2025-08-15T23:38:52Z,2025-08-15T23:23:00Z,ARR,bad,15.0
14,True,True,MONTRÉAL,HALIFAX,2025-08-15,3,Drummondville,DRMV,2025-08-16T00:40:25Z,2025-08-16T00:04:00Z,ARR,bad,36.0
14,True,True,MONTRÉAL,HALIFAX,2025-08-15,4,Ste-Foy,SFOY,2025-08-16T02:19:01Z,2025-08-16T01:48:00Z,ARR,bad,31.0
14,True,True,MONTRÉAL,HALIFAX,2025-08-15,5,Montmagny,MMGY,2025-08-16T04:01:42Z,2025-08-16T03:17:00Z,ARR,bad,44.0
14,True,True,MONTRÉAL,HALIFAX,2025-08-15,6,La Pocatière,LPOC,2025-08-16T04:37:48Z,2025-08-16T03:50:00Z,ARR,bad,47.0
14,True,True,MONTRÉAL,HALIFAX,2025-08-15,7,Rivière-Du-Loup,RDLX,2025-08-16T05:24:40Z,2025-08-16T04:31:00Z,ARR,bad,53.0
14,True,True,MONTRÉAL,HALIFAX,2025-08-15,8,Trois Pistoles,TPIS,2025-08-16T06:09:16Z,2025-08-16T05:17:00Z,ARR,bad,52.0
14,True,True,MONTRÉAL,HALIFAX,2025-08-15,9,Rimouski,RMSK,2025-08-16T07:33:42Z,2025-08-16T06:25:00Z,ARR,bad,68.0
14,True,True,MONTRÉAL,HALIFAX,2025-08-15,10,Mont-Joli,MJLI,2025-08-16T08:15:11Z,2025-08-16T07:03:00Z,ARR,bad,72.0
14,True,True,MONTRÉAL,HALIFAX,2025-08-15,11,Sayabec,SAYA,2025-08-16T09:29:24Z,2025-08-16T08:06:00Z,ARR,bad,83.0
14,True,True,MONTRÉAL,HALIFAX,2025-08-15,12,Amqui,AMQU,2025-08-16T10:05:33Z,2025-08-16T08:27:00Z,ARR,bad,98.0
14,True,True,MONTRÉAL,HALIFAX,2025-08-15,13,Causapscal,CAUS,2025-08-16T10:36:36Z,2025-08-16T08:49:00Z,ARR,bad,107.0
14,True,True,MONTRÉAL,HALIFAX,2025-08-15,14,Matapedia,MTPD,2025-08-16T11:32:40Z,2025-08-16T09:35:00Z,ARR,bad,117.0
14,True,True,MONTRÉAL,HALIFAX,2025-08-15,15,Campbellton,CBTN,2025-08-16T12:07:51Z,2025-08-16T10:20:00Z,ARR,bad,107.0
14,True,True,MONTRÉAL,HALIFAX,2025-08-15,16,Charlo,CHLO,2025-08-16T13:08:26Z,2025-08-16T11:03:00Z,ARR,bad,125.0
14,True,True,MONTRÉAL,HALIFAX,2025-08-15,17,Jacquet River,JACR,2025-08-16T13:52:28Z,2025-08-16T11:26:00Z,ARR,bad,146.0
14,True,True,MONTRÉAL,HALIFAX,2025-08-15,18,Petit Rocher,PROC,2025-08-16T14:22:29Z,2025-08-16T11:48:00Z,ARR,bad,154.0
14,True,True,MONTRÉAL,HALIFAX,2025-08-15,19,Bathurst,BTRS,2025-08-16T14:42:18Z,2025-08-16T12:36:00Z,ARR,bad,126.0
14,True,True,MONTRÉAL,HALIFAX,2025-08-15,20,Miramichi,MIRA,2025-08-16T16:24:13Z,2025-08-16T14:25:00Z,ARR,bad,119.0
14,True,True,MONTRÉAL,HALIFAX,2025-08-15,21,Rogersville,RGRV,2025-08-16T17:14:14Z,2025-08-16T15:20:00Z,ARR,bad,114.0
14,True,True,MONTRÉAL,HALIFAX,2025-08-15,22,Moncton,MCTN,2025-08-16T18:32:54Z,2025-08-16T16:30:00Z,ARR,bad,122.0
14,True,True,MONTRÉAL,HALIFAX,2025-08-15,23,Sackville,SACK,2025-08-16T20:05:12Z,2025-08-16T17:40:00Z,ARR,bad,145.0
14,True,True,MONTRÉAL,HALIFAX,2025-08-15,24,Amherst,AMHS,2025-08-16T20:20:54Z,2025-08-16T17:55:00Z,ARR,bad,145.0
14,True,True,MONTRÉAL,HALIFAX,2025-08-15,25,Springhill Jct,SPRJ,2025-08-16T20:47:32Z,2025-08-16T18:17:00Z,ARR,bad,150.0
14,True,True,MONTRÉAL,HALIFAX,2025-08-15,26,Truro,TRUR,2025-08-16T22:07:38Z,2025-08-16T19:32:00Z,ARR,bad,155.0
14,True,True,MONTRÉAL,HALIFAX,2025-08-15,27,Halifax,HLFX,2025-08-16T23:40:07Z,2025-08-16T21:36:00Z,ARR,bad,124.0
24,True,True,OTTAWA,QUÉBEC,2025-08-16,0,Ottawa,OTTW,2025-08-16T14:13:11Z,2025-08-16T14:13:00Z,ARR,goo,0.0
24,True,True,OTTAWA,QUÉBEC,2025-08-16,1,Alexandria,ALEX,2025-08-16T15:03:32Z,2025-08-16T15:03:00Z,ARR,goo,0.0
24,True,True,OTTAWA,QUÉBEC,2025-08-16,2,Coteau,COTO,2025-08-16T15:25:34Z,2025-08-16T15:26:00Z,ARR,goo,0.0
24,True,True,OTTAWA,QUÉBEC,2025-08-16,3,Dorval,DORV,2025-08-16T15:58:28Z,2025-08-16T15:50:00Z,ARR,med,8.0
24,True,True,OTTAWA,QUÉBEC,2025-08-16,4,Montréal,MTRL,2025-08-16T16:22:34Z,2025-08-16T16:15:00Z,ARR,med,7.0
24,True,True,OTTAWA,QUÉBEC,2025-08-16,5,St. Lambert,SLAM,2025-08-16T16:58:00Z,2025-08-16T16:58:00Z,ARR,goo,0.0
24,True,True,OTTAWA,QUÉBEC,2025-08-16,6,St. Hyacinthe,SHYA,2025-08-16T17:26:00Z,2025-08-16T17:26:00Z,ARR,goo,0.0
24,True,True,OTTAWA,QUÉBEC,2025-08-16,7,Drummondville,DRMV,2025-08-16T17:54:00Z,2025-08-16T17:54:00Z,ARR,goo,0.0
24,True,True,OTTAWA,QUÉBEC,2025-08-16,8,Charny,CHNY,2025-08-16T19:38:00Z,2025-08-16T19:38:00Z,ARR,goo,0.0
24,True,True,OTTAWA,QUÉBEC,2025-08-16,9,Ste-Foy,SFOY,2025-08-16T19:45:00Z,2025-08-16T19:45:00Z,ARR,goo,0.0
24,True,True,OTTAWA,QUÉBEC,2025-08-16,10,Québec,QBEC,2025-08-16T20:12:00Z,2025-08-16T20:12:00Z,ARR,goo,0.0
37,True,True,QUÉBEC,OTTAWA,2025-08-16,0,Québec,QBEC,2025-08-16T16:32:00Z,2025-08-16T16:32:00Z,ARR,goo,0.0
37,True,True,QUÉBEC,OTTAWA,2025-08-16,1,Ste-Foy,SFOY,2025-08-16T16:58:47Z,2025-08-16T16:57:00Z,ARR,goo,1.0
37,True,True,QUÉBEC,OTTAWA,2025-08-16,2,Drummondville,DRMV,2025-08-16T19:10:25Z,2025-08-16T18:44:00Z,ARR,bad,26.0
37,True,True,QUÉBEC,OTTAWA,2025-08-16,3,St. Hyacinthe,SHYA,2025-08-16T19:46:48Z,2025-08-16T19:12:00Z,ARR,bad,34.0
37,True,True,QUÉBEC,OTTAWA,2025-08-16,4,St. Lambert,SLAM,2025-08-16T20:21:39Z,2025-08-16T19:39:00Z,ARR,bad,42.0
37,True,True,QUÉBEC,OTTAWA,2025-08-16,5,Montréal,MTRL,2025-08-16T20:36:03Z,2025-08-16T19:54:00Z,ARR,bad,42.0
37,True,True,QUÉBEC,OTTAWA,2025-08-16,6,Dorval,DORV,2025-08-16T21:34:52Z,2025-08-16T20:54:00Z,ARR,bad,40.0
37,True,True,QUÉBEC,OTTAWA,2025-08-16,7,Coteau,COTO,2025-08-16T22:09:10Z,2025-08-16T21:23:00Z,ARR,bad,46.0
37,True,True,QUÉBEC,OTTAWA,2025-08-16,8,Alexandria,ALEX,2025-08-16T22:34:00Z,2025-08-16T21:45:00Z,ARR,bad,49.0
37,True,True,QUÉBEC,OTTAWA,2025-08-16,9,Ottawa,OTTW,2025-08-16T23:18:53Z,2025-08-16T22:37:00Z,ARR,bad,41.0
41,True,True,OTTAWA,TORONTO,2025-08-16,0,Ottawa,OTTW,2025-08-16T09:21:00Z,2025-08-16T09:21:00Z,ARR,goo,0.0
41,True,True,OTTAWA,TORONTO,2025-08-16,1,Fallowfield,FALL,2025-08-16T09:36:39Z,2025-08-16T09:38:00Z,ARR,goo,-1.0
41,True,True,OTTAWA,TORONTO,2025-08-16,2,Smiths Falls,SMTF,2025-08-16T10:07:29Z,2025-08-16T10:08:00Z,ARR,goo,0.0
41,True,True,OTTAWA,TORONTO,2025-08-16,3,Brockville,BRKV,2025-08-16T10:40:25Z,2025-08-16T10:40:00Z,ARR,goo,0.0
41,True,True,OTTAWA,TORONTO,2025-08-16,4,Kingston,KGON,2025-08-16T11:37:54Z,2025-08-16T11:25:00Z,ARR,med,12.0
41,True,True,OTTAWA,TORONTO,2025-08-16,5,Napanee,NAPN,2025-08-16T12:04:12Z,2025-08-16T11:49:00Z,ARR,bad,15.0
41,True,True,OTTAWA,TORONTO,2025-08-16,6,Belleville,BLVL,2025-08-16T12:33:24Z,2025-08-16T12:07:00Z,ARR,bad,26.0
41,True,True,OTTAWA,TORONTO,2025-08-16,7,Trenton Jct.,TRNJ,2025-08-16T12:49:53Z,2025-08-16T12:20:00Z,ARR,bad,29.0
41,True,True,OTTAWA,TORONTO,2025-08-16,8,Cobourg,CBRG,2025-08-16T13:25:19Z,2025-08-16T12:44:00Z,ARR,bad,41.0
41,True,True,OTTAWA,TORONTO,2025-08-16,9,Oshawa,OSHA,2025-08-16T14:38:47Z,2025-08-16T13:19:00Z,ARR,bad,79.0
41,True,True,OTTAWA,TORONTO,2025-08-16,10,Toronto,TRTO,2025-08-16T15:16:29Z,2025-08-16T14:02:00Z,ARR,bad,74.0
52,True,True,TORONTO,OTTAWA,2025-08-16,0,Toronto,TRTO,2025-08-16T13:32:00Z,2025-08-16T12:32:00Z,ARR,bad,60.0
52,True,True,TORONTO,OTTAWA,2025-08-16,1,Guildwood,GUIL,2025-08-16T13:52:33Z,2025-08-16T12:50:00Z,ARR,bad,62.0
52,True,True,TORONTO,OTTAWA,2025-08-16,2,Oshawa,OSHA,2025-08-16T14:16:55Z,2025-08-16T13:09:00Z,ARR,bad,67.0
52,True,True,TORONTO,OTTAWA,2025-08-16,3,Cobourg,CBRG,2025-08-16T14:54:28Z,2025-08-16T13:44:00Z,ARR,bad,70.0
52,True,True,TORONTO,OTTAWA,2025-08-16,4,Belleville,BLVL,2025-08-16T15:58:58Z,2025-08-16T14:20:00Z,ARR,bad,98.0
52,True,True,TORONTO,OTTAWA,2025-08-16,5,Kingston,KGON,2025-08-16T16:52:11Z,2025-08-16T15:00:00Z,ARR,bad,112.0
52,True,True,TORONTO,OTTAWA,2025-08-16,6,Brockville,BRKV,2025-08-16T17:50:05Z,2025-08-16T15:57:00Z,ARR,bad,113.0
52,True,True,TORONTO,OTTAWA,2025-08-16,7,Smiths Falls,SMTF,2025-08-16T18:30:03Z,2025-08-16T16:35:00Z,ARR,bad,115.0
52,True,True,TORONTO,OTTAWA,2025-08-16,8,Fallowfield,FALL,2025-08-16T18:55:43Z,2025-08-16T17:11:00Z,ARR,bad,104.0
52,True,True,TORONTO,OTTAWA,2025-08-16,9,Ottawa,OTTW,2025-08-16T19:14:34Z,2025-08-16T17:32:00Z,ARR,bad,102.0
50,True,True,TORONTO,OTTAWA,2025-08-16,0,Toronto,TRTO,2025-08-16T10:32:00Z,2025-08-16T10:32:00Z,ARR,goo,0.0
50,True,True,TORONTO,OTTAWA,2025-08-16,1,Guildwood,GUIL,2025-08-16T10:50:00Z,2025-08-16T10:50:00Z,ARR,goo,0.0
50,True,True,TORONTO,OTTAWA,2025-08-16,2,Oshawa,OSHA,2025-08-16T11:08:00Z,2025-08-16T11:08:00Z,ARR,goo,0.0
50,True,True,TORONTO,OTTAWA,2025-08-16,3,Cobourg,CBRG,2025-08-16T11:45:00Z,2025-08-16T11:43:00Z,ARR,goo,2.0
50,True,True,TORONTO,OTTAWA,2025-08-16,4,Belleville,BLVL,2025-08-16T13:30:04Z,2025-08-16T12:18:00Z,ARR,bad,72.0
50,True,True,TORONTO,OTTAWA,2025-08-16,5,Kingston,KGON,2025-08-16T15:01:13Z,2025-08-16T12:57:00Z,ARR,bad,124.0
50,True,True,TORONTO,OTTAWA,2025-08-16,6,Brockville,BRKV,2025-08-16T16:10:47Z,2025-08-16T13:54:00Z,ARR,bad,136.0
50,True,True,TORONTO,OTTAWA,2025-08-16,7,Smiths Falls,SMTF,2025-08-16T16:30:05Z,2025-08-16T14:29:00Z,ARR,bad,121.0
50,True,True,TORONTO,OTTAWA,2025-08-16,8,Fallowfield,FALL,2025-08-16T17:08:16Z,2025-08-16T15:01:00Z,ARR,bad,127.0
50,True,True,TORONTO,OTTAWA,2025-08-16,9,Ottawa,OTTW,2025-08-16T17:27:13Z,2025-08-16T15:21:00Z,ARR,bad,126.0
53,True,True,OTTAWA,TORONTO,2025-08-16,0,Ottawa,OTTW,2025-08-16T15:43:00Z,2025-08-16T15:43:00Z,ARR,goo,0.0
53,True,True,OTTAWA,TORONTO,2025-08-16,1,Fallowfield,FALL,2025-08-16T15:58:27Z,2025-08-16T16:00:00Z,ARR,goo,-1.0
53,True,True,OTTAWA,TORONTO,2025-08-16,2,Brockville,BRKV,2025-08-16T16:57:21Z,2025-08-16T17:01:00Z,ARR,goo,-3.0
53,True,True,OTTAWA,TORONTO,2025-08-16,3,Gananoque,GANA,2025-08-16T17:44:53Z,2025-08-16T17:31:00Z,ARR,med,13.0
53,True,True,OTTAWA,TORONTO,2025-08-16,4,Kingston,KGON,2025-08-16T18:10:52Z,2025-08-16T17:54:00Z,ARR,bad,16.0
53,True,True,OTTAWA,TORONTO,2025-08-16,5,Belleville,BLVL,2025-08-16T19:11:04Z,2025-08-16T18:36:00Z,ARR,bad,35.0
53,True,True,OTTAWA,TORONTO,2025-08-16,6,Cobourg,CBRG,2025-08-16T20:21:16Z,2025-08-16T19:12:00Z,ARR,bad,69.0
53,True,True,OTTAWA,TORONTO,2025-08-16,7,Oshawa,OSHA,2025-08-16T21:55:36Z,2025-08-16T19:48:00Z,ARR,bad,127.0
53,True,True,OTTAWA,TORONTO,2025-08-16,8,Toronto,TRTO,2025-08-16T22:48:16Z,2025-08-16T20:33:00Z,ARR,bad,135.0
60,True,True,TORONTO,MONTRÉAL,2025-08-16,0,Toronto,TRTO,2025-08-16T10:32:00Z,2025-08-16T10:32:00Z,ARR,goo,0.0
60,True,True,TORONTO,MONTRÉAL,2025-08-16,1,Guildwood,GUIL,2025-08-16T10:49:42Z,2025-08-16T10:50:00Z,ARR,goo,0.0
60,True,True,TORONTO,MONTRÉAL,2025-08-16,2,Oshawa,OSHA,2025-08-16T11:09:18Z,2025-08-16T11:08:00Z,ARR,goo,1.0
60,True,True,TORONTO,MONTRÉAL,2025-08-16,3,Cobourg,CBRG,2025-08-16T11:44:58Z,2025-08-16T11:43:00Z,ARR,goo,1.0
60,True,True,TORONTO,MONTRÉAL,2025-08-16,4,Belleville,BLVL,2025-08-16T13:30:01Z,2025-08-16T12:18:00Z,ARR,bad,72.0
60,True,True,TORONTO,MONTRÉAL,2025-08-16,5,Kingston,KGON,2025-08-16T15:01:11Z,2025-08-16T12:57:00Z,ARR,bad,124.0
60,True,True,TORONTO,MONTRÉAL,2025-08-16,6,Cornwall,CWLL,2025-08-16T16:45:13Z,2025-08-16T14:38:00Z,ARR,bad,127.0
60,True,True,TORONTO,MONTRÉAL,2025-08-16,7,Dorval,DORV,2025-08-16T17:44:36Z,2025-08-16T15:25:00Z,ARR,bad,139.0
60,True,True,TORONTO,MONTRÉAL,2025-08-16,8,Montréal,MTRL,2025-08-16T18:09:47Z,2025-08-16T15:50:00Z,ARR,bad,139.0
61,True,True,MONTRÉAL,TORONTO,2025-08-16,0,Montréal,MTRL,2025-08-16T10:45:00Z,2025-08-16T10:45:00Z,ARR,goo,0.0
61,True,True,MONTRÉAL,TORONTO,2025-08-16,1,Dorval,DORV,2025-08-16T11:10:41Z,2025-08-16T11:08:00Z,ARR,goo,2.0
61,True,True,MONTRÉAL,TORONTO,2025-08-16,2,Cornwall,CWLL,2025-08-16T11:59:16Z,2025-08-16T12:01:00Z,ARR,goo,-1.0
61,True,True,MONTRÉAL,TORONTO,2025-08-16,3,Kingston,KGON,2025-08-16T13:29:15Z,2025-08-16T13:29:00Z,ARR,goo,0.0
61,True,True,MONTRÉAL,TORONTO,2025-08-16,4,Belleville,BLVL,2025-08-16T15:39:42Z,2025-08-16T14:11:00Z,ARR,bad,88.0
61,True,True,MONTRÉAL,TORONTO,2025-08-16,5,Oshawa,OSHA,2025-08-16T19:12:56Z,2025-08-16T15:19:00Z,ARR,bad,233.0
61,True,True,MONTRÉAL,TORONTO,2025-08-16,6,Guildwood,GUIL,2025-08-16T19:55:03Z,2025-08-16T15:43:00Z,ARR,bad,252.0
61,True,True,MONTRÉAL,TORONTO,2025-08-16,7,Toronto,TRTO,2025-08-16T20:29:41Z,2025-08-16T16:03:00Z,ARR,bad,266.0
64,True,True,TORONTO,MONTRÉAL,2025-08-16,0,Toronto,TRTO,2025-08-16T15:38:00Z,2025-08-16T15:38:00Z,ARR,goo,0.0
64,True,True,TORONTO,MONTRÉAL,2025-08-16,1,Guildwood,GUIL,2025-08-16T15:55:20Z,2025-08-16T15:55:00Z,ARR,goo,0.0
64,True,True,TORONTO,MONTRÉAL,2025-08-16,2,Oshawa,OSHA,2025-08-16T16:16:54Z,2025-08-16T16:09:00Z,ARR,med,7.0
64,True,True,TORONTO,MONTRÉAL,2025-08-16,3,Cobourg,CBRG,2025-08-16T20:29:18Z,2025-08-16T16:46:00Z,ARR,bad,223.0
64,True,True,TORONTO,MONTRÉAL,2025-08-16,4,Belleville,BLVL,2025-08-16T21:04:28Z,2025-08-16T17:22:00Z,ARR,bad,222.0
64,True,True,TORONTO,MONTRÉAL,2025-08-16,5,Kingston,KGON,2025-08-16T21:51:19Z,2025-08-16T18:03:00Z,ARR,bad,228.0
64,True,True,TORONTO,MONTRÉAL,2025-08-16,6,Brockville,BRKV,2025-08-16T22:42:19Z,2025-08-16T18:52:00Z,ARR,bad,230.0
64,True,True,TORONTO,MONTRÉAL,2025-08-16,7,Cornwall,CWLL,2025-08-16T23:50:12Z,2025-08-16T19:42:00Z,ARR,bad,248.0
64,True,True,TORONTO,MONTRÉAL,2025-08-16,8,Dorval,DORV,2025-08-17T00:44:54Z,2025-08-16T20:37:00Z,ARR,bad,247.0
64,True,True,TORONTO,MONTRÉAL,2025-08-16,9,Montréal,MTRL,2025-08-17T01:15:26Z,2025-08-16T21:05:00Z,ARR,bad,250.0
65,True,True,MONTRÉAL,TORONTO,2025-08-16,0,Montréal,MTRL,2025-08-16T14:49:00Z,2025-08-16T14:49:00Z,ARR,goo,0.0
65,True,True,MONTRÉAL,TORONTO,2025-08-16,1,Dorval,DORV,2025-08-16T15:15:17Z,2025-08-16T15:12:00Z,ARR,goo,3.0
65,True,True,MONTRÉAL,TORONTO,2025-08-16,2,Cornwall,CWLL,2025-08-16T16:01:27Z,2025-08-16T16:06:00Z,ARR,goo,-4.0
65,True,True,MONTRÉAL,TORONTO,2025-08-16,3,Kingston,KGON,2025-08-16T17:47:13Z,2025-08-16T17:36:00Z,ARR,med,11.0
65,True,True,MONTRÉAL,TORONTO,2025-08-16,4,Belleville,BLVL,2025-08-16T18:49:44Z,2025-08-16T18:20:00Z,ARR,bad,29.0
65,True,True,MONTRÉAL,TORONTO,2025-08-16,5,Cobourg,CBRG,2025-08-16T19:43:57Z,2025-08-16T18:58:00Z,ARR,bad,45.0
65,True,True,MONTRÉAL,TORONTO,2025-08-16,6,Oshawa,OSHA,2025-08-16T21:48:55Z,2025-08-16T19:34:00Z,ARR,bad,134.0
65,True,True,MONTRÉAL,TORONTO,2025-08-16,7,Toronto,TRTO,2025-08-16T22:34:21Z,2025-08-16T20:18:00Z,ARR,bad,136.0
67,True,True,MONTRÉAL,TORONTO,2025-08-16,0,Montréal,MTRL,2025-08-16T17:22:00Z,2025-08-16T17:22:00Z,ARR,goo,0.0
67,True,True,MONTRÉAL,TORONTO,2025-08-16,1,Dorval,DORV,2025-08-16T18:04:26Z,2025-08-16T17:47:00Z,ARR,bad,17.0
67,True,True,MONTRÉAL,TORONTO,2025-08-16,2,Cornwall,CWLL,2025-08-16T19:00:52Z,2025-08-16T18:38:00Z,ARR,bad,22.0
67,True,True,MONTRÉAL,TORONTO,2025-08-16,3,Kingston,KGON,2025-08-16T21:11:57Z,2025-08-16T20:03:00Z,ARR,bad,68.0
67,True,True,MONTRÉAL,TORONTO,2025-08-16,4,Belleville,BLVL,2025-08-16T22:00:36Z,2025-08-16T20:42:00Z,ARR,bad,78.0
67,True,True,MONTRÉAL,TORONTO,2025-08-16,5,Cobourg,CBRG,2025-08-16T22:39:24Z,2025-08-16T21:17:00Z,ARR,bad,82.0
67,True,True,MONTRÉAL,TORONTO,2025-08-16,6,Oshawa,OSHA,2025-08-16T23:21:12Z,2025-08-16T21:50:00Z,ARR,bad,91.0
67,True,True,MONTRÉAL,TORONTO,2025-08-16,7,Toronto,TRTO,2025-08-17T00:06:57Z,2025-08-16T22:45:00Z,ARR,bad,81.0
70,True,True,WINDSOR,TORONTO,2025-08-16,0,Windsor,WDON,2025-08-16T09:35:00Z,2025-08-16T09:35:00Z,ARR,goo,0.0
70,True,True,WINDSOR,TORONTO,2025-08-16,1,Chatham,CHAT,2025-08-16T10:16:42Z,2025-08-16T10:19:00Z,ARR,goo,-2.0
70,True,True,WINDSOR,TORONTO,2025-08-16,2,London,LNDN,2025-08-16T11:35:42Z,2025-08-16T11:25:00Z,ARR,med,10.0
70,True,True,WINDSOR,TORONTO,2025-08-16,3,Ingersoll,INGR,2025-08-16T12:13:18Z,2025-08-16T11:55:00Z,ARR,bad,18.0
70,True,True,WINDSOR,TORONTO,2025-08-16,4,Woodstock,WDST,2025-08-16T12:27:27Z,2025-08-16T12:08:00Z,ARR,bad,19.0
70,True,True,WINDSOR,TORONTO,2025-08-16,5,Brantford,BRTF,2025-08-16T13:13:11Z,2025-08-16T12:44:00Z,ARR,bad,29.0
70,True,True,WINDSOR,TORONTO,2025-08-16,6,Aldershot,ALDR,2025-08-16T13:48:55Z,2025-08-16T13:25:00Z,ARR,bad,23.0
70,True,True,WINDSOR,TORONTO,2025-08-16,7,Oakville,OAKV,2025-08-16T14:10:18Z,2025-08-16T13:43:00Z,ARR,bad,27.0
70,True,True,WINDSOR,TORONTO,2025-08-16,8,Toronto,TRTO,2025-08-16T14:34:46Z,2025-08-16T14:10:00Z,ARR,bad,24.0
71,True,True,TORONTO,WINDSOR,2025-08-16,0,Toronto,TRTO,2025-08-16T10:50:26Z,2025-08-16T10:50:00Z,ARR,goo,0.0
71,True,True,TORONTO,WINDSOR,2025-08-16,1,Oakville,OAKV,2025-08-16T11:15:37Z,2025-08-16T11:13:00Z,ARR,goo,2.0
71,True,True,TORONTO,WINDSOR,2025-08-16,2,Aldershot,ALDR,2025-08-16T11:32:40Z,2025-08-16T11:29:00Z,ARR,goo,3.0
71,True,True,TORONTO,WINDSOR,2025-08-16,3,Brantford,BRTF,2025-08-16T12:04:52Z,2025-08-16T11:55:00Z,ARR,med,9.0
71,True,True,TORONTO,WINDSOR,2025-08-16,4,Woodstock,WDST,2025-08-16T13:09:57Z,2025-08-16T12:30:00Z,ARR,bad,39.0
71,True,True,TORONTO,WINDSOR,2025-08-16,5,Ingersoll,INGR,2025-08-16T13:21:39Z,2025-08-16T12:43:00Z,ARR,bad,38.0
71,True,True,TORONTO,WINDSOR,2025-08-16,6,London,LNDN,2025-08-16T13:45:58Z,2025-08-16T13:06:00Z,ARR,bad,39.0
71,True,True,TORONTO,WINDSOR,2025-08-16,7,Glencoe,GLNC,2025-08-16T14:21:02Z,2025-08-16T13:39:00Z,ARR,bad,42.0
71,True,True,TORONTO,WINDSOR,2025-08-16,8,Chatham,CHAT,2025-08-16T15:02:51Z,2025-08-16T14:18:00Z,ARR,bad,44.0
71,True,True,TORONTO,WINDSOR,2025-08-16,9,Windsor,WDON,2025-08-16T15:51:10Z,2025-08-16T15:08:00Z,ARR,bad,43.0
72,True,True,WINDSOR,TORONTO,2025-08-16,0,Windsor,WDON,2025-08-16T12:43:22Z,2025-08-16T12:43:00Z,ARR,goo,0.0
72,True,True,WINDSOR,TORONTO,2025-08-16,1,Chatham,CHAT,2025-08-16T13:25:41Z,2025-08-16T13:25:00Z,ARR,goo,0.0
72,True,True,WINDSOR,TORONTO,2025-08-16,2,Glencoe,GLNC,2025-08-16T14:30:34Z,2025-08-16T14:05:00Z,ARR,bad,25.0
72,True,True,WINDSOR,TORONTO,2025-08-16,3,London,LNDN,2025-08-16T15:11:54Z,2025-08-16T14:39:00Z,ARR,bad,32.0
72,True,True,WINDSOR,TORONTO,2025-08-16,4,Ingersoll,INGR,2025-08-16T15:46:44Z,2025-08-16T15:07:00Z,ARR,bad,39.0
72,True,True,WINDSOR,TORONTO,2025-08-16,5,Woodstock,WDST,2025-08-16T16:00:08Z,2025-08-16T15:23:00Z,ARR,bad,37.0
72,True,True,WINDSOR,TORONTO,2025-08-16,6,Brantford,BRTF,2025-08-16T16:36:14Z,2025-08-16T15:55:00Z,ARR,bad,41.0
72,True,True,WINDSOR,TORONTO,2025-08-16,7,Aldershot,ALDR,2025-08-16T17:09:56Z,2025-08-16T16:29:00Z,ARR,bad,40.0
72,True,True,WINDSOR,TORONTO,2025-08-16,8,Oakville,OAKV,2025-08-16T17:27:49Z,2025-08-16T16:45:00Z,ARR,bad,42.0
72,True,True,WINDSOR,TORONTO,2025-08-16,9,Toronto,TRTO,2025-08-16T18:03:01Z,2025-08-16T17:11:00Z,ARR,bad,52.0
73,True,True,TORONTO,WINDSOR,2025-08-16,0,Toronto,TRTO,2025-08-16T15:30:00Z,2025-08-16T15:30:00Z,ARR,goo,0.0
73,True,True,TORONTO,WINDSOR,2025-08-16,1,Oakville,OAKV,2025-08-16T15:53:03Z,2025-08-16T15:51:00Z,ARR,goo,2.0
73,True,True,TORONTO,WINDSOR,2025-08-16,2,Aldershot,ALDR,2025-08-16T16:12:47Z,2025-08-16T16:09:00Z,ARR,goo,3.0
73,True,True,TORONTO,WINDSOR,2025-08-16,3,Brantford,BRTF,2025-08-16T16:49:22Z,2025-08-16T16:40:00Z,ARR,med,9.0
73,True,True,TORONTO,WINDSOR,2025-08-16,4,Woodstock,WDST,2025-08-16T17:18:40Z,2025-08-16T17:09:00Z,ARR,med,9.0
73,True,True,TORONTO,WINDSOR,2025-08-16,5,London,LNDN,2025-08-16T17:50:26Z,2025-08-16T17:38:00Z,ARR,med,12.0
73,True,True,TORONTO,WINDSOR,2025-08-16,6,Chatham,CHAT,2025-08-16T19:09:58Z,2025-08-16T18:50:00Z,ARR,bad,19.0
73,True,True,TORONTO,WINDSOR,2025-08-16,7,Windsor,WDON,2025-08-16T19:56:11Z,2025-08-16T19:45:00Z,ARR,med,11.0
76,True,True,WINDSOR,TORONTO,2025-08-16,0,Windsor,WDON,2025-08-16T17:06:00Z,2025-08-16T17:06:00Z,ARR,goo,0.0
76,True,True,WINDSOR,TORONTO,2025-08-16,1,Chatham,CHAT,2025-08-16T17:48:25Z,2025-08-16T17:48:00Z,ARR,goo,0.0
76,True,True,WINDSOR,TORONTO,2025-08-16,2,Glencoe,GLNC,2025-08-16T18:35:17Z,2025-08-16T18:23:00Z,ARR,med,12.0
76,True,True,WINDSOR,TORONTO,2025-08-16,3,London,LNDN,2025-08-16T19:12:02Z,2025-08-16T18:58:00Z,ARR,med,14.0
76,True,True,WINDSOR,TORONTO,2025-08-16,4,Brantford,BRTF,2025-08-16T20:12:01Z,2025-08-16T19:59:00Z,ARR,med,13.0
76,True,True,WINDSOR,TORONTO,2025-08-16,5,Aldershot,ALDR,2025-08-16T20:48:00Z,2025-08-16T20:30:00Z,ARR,bad,18.0
76,True,True,WINDSOR,TORONTO,2025-08-16,6,Oakville,OAKV,2025-08-16T21:11:20Z,2025-08-16T20:47:00Z,ARR,bad,24.0
76,True,True,WINDSOR,TORONTO,2025-08-16,7,Toronto,TRTO,2025-08-16T21:45:15Z,2025-08-16T21:13:00Z,ARR,bad,32.0
82,True,True,LONDON,TORONTO,2025-08-16,0,London,LNDN,2025-08-16T10:25:00Z,2025-08-16T10:25:00Z,ARR,goo,0.0
82,True,True,LONDON,TORONTO,2025-08-16,1,Woodstock,WDST,2025-08-16T10:53:37Z,2025-08-16T10:53:00Z,ARR,goo,0.0
82,True,True,LONDON,TORONTO,2025-08-16,2,Brantford,BRTF,2025-08-16T11:22:07Z,2025-08-16T11:23:00Z,ARR,goo,0.0
82,True,True,LONDON,TORONTO,2025-08-16,3,Toronto,TRTO,2025-08-16T12:30:14Z,2025-08-16T12:35:00Z,ARR,goo,-4.0
84,True,True,SARNIA,TORONTO,2025-08-16,0,Sarnia,SARN,2025-08-16T12:40:00Z,2025-08-16T12:40:00Z,ARR,goo,0.0
84,True,True,SARNIA,TORONTO,2025-08-16,1,Wyoming,WYOM,2025-08-16T12:58:38Z,2025-08-16T12:55:00Z,ARR,goo,3.0
84,True,True,SARNIA,TORONTO,2025-08-16,2,Strathroy,STRR,2025-08-16T13:26:33Z,2025-08-16T13:27:00Z,ARR,goo,0.0
84,True,True,SARNIA,TORONTO,2025-08-16,3,London,LNDN,2025-08-16T13:58:45Z,2025-08-16T13:52:00Z,ARR,med,6.0
84,True,True,SARNIA,TORONTO,2025-08-16,4,St.Marys,SMYS,2025-08-16T15:20:58Z,2025-08-16T14:45:00Z,ARR,bad,35.0
84,True,True,SARNIA,TORONTO,2025-08-16,5,Stratford,STRF,2025-08-16T16:01:13Z,2025-08-16T15:14:00Z,ARR,bad,47.0
84,True,True,SARNIA,TORONTO,2025-08-16,6,Kitchener,KITC,2025-08-16T16:54:38Z,2025-08-16T16:02:00Z,ARR,bad,52.0
84,True,True,SARNIA,TORONTO,2025-08-16,7,Guelph,GUEL,2025-08-16T17:20:45Z,2025-08-16T16:24:00Z,ARR,bad,56.0
84,True,True,SARNIA,TORONTO,2025-08-16,8,Georgetown,GEOR,2025-08-16T17:45:14Z,2025-08-16T16:47:00Z,ARR,bad,58.0
84,True,True,SARNIA,TORONTO,2025-08-16,9,Brampton,BRMP,2025-08-16T17:59:57Z,2025-08-16T16:59:00Z,ARR,bad,60.0
84,True,True,SARNIA,TORONTO,2025-08-16,10,Malton,MALT,2025-08-16T18:15:05Z,2025-08-16T17:11:00Z,ARR,bad,64.0
84,True,True,SARNIA,TORONTO,2025-08-16,11,Toronto,TRTO,2025-08-16T18:41:36Z,2025-08-16T17:38:00Z,ARR,bad,63.0
644,True,True,TORONTO,OTTAWA,2025-08-16,0,Toronto,TRTO,2025-08-16T17:23:00Z,2025-08-16T17:23:00Z,ARR,goo,0.0
644,True,True,TORONTO,OTTAWA,2025-08-16,1,Oshawa,OSHA,2025-08-16T18:02:57Z,2025-08-16T17:53:00Z,ARR,med,9.0
644,True,True,TORONTO,OTTAWA,2025-08-16,2,Cobourg,CBRG,2025-08-16T20:43:08Z,2025-08-16T18:28:00Z,ARR,bad,135.0
644,True,True,TORONTO,OTTAWA,2025-08-16,3,Belleville,BLVL,2025-08-16T21:25:01Z,2025-08-16T19:03:00Z,ARR,bad,142.0
644,True,True,TORONTO,OTTAWA,2025-08-16,4,Kingston,KGON,2025-08-16T22:15:06Z,2025-08-16T19:43:00Z,ARR,bad,152.0
644,True,True,TORONTO,OTTAWA,2025-08-16,5,Fallowfield,FALL,2025-08-17T01:06:08Z,2025-08-16T21:30:00Z,ARR,bad,216.0
644,True,True,TORONTO,OTTAWA,2025-08-16,6,Ottawa,OTTW,2025-08-17T01:27:16Z,2025-08-16T21:53:00Z,ARR,bad,214.0
97,True,True,TORONTO,NIAGARA FALLS,2025-08-16,0,Toronto,TRTO,2025-08-16T12:20:00Z,2025-08-16T12:20:00Z,ARR,goo,0.0
97,True,True,TORONTO,NIAGARA FALLS,2025-08-16,1,Oakville,OAKV,2025-08-16T12:43:00Z,2025-08-16T12:43:00Z,ARR,goo,0.0
97,True,True,TORONTO,NIAGARA FALLS,2025-08-16,2,Aldershot,ALDR,2025-08-16T12:56:00Z,2025-08-16T12:56:00Z,ARR,goo,0.0
97,True,True,TORONTO,NIAGARA FALLS,2025-08-16,3,Grimsby,GRIM,2025-08-16T14:09:00Z,2025-08-16T13:37:00Z,ARR,bad,32.0
97,True,True,TORONTO,NIAGARA FALLS,2025-08-16,4,St. Catharines,SCAT,2025-08-16T14:39:00Z,2025-08-16T13:57:00Z,ARR,bad,42.0
97,True,True,TORONTO,NIAGARA FALLS,2025-08-16,5,Niagara Falls,NIAG,2025-08-16T15:00:00Z,2025-08-16T14:20:00Z,ARR,bad,40.0
643,True,True,OTTAWA,TORONTO,2025-08-16,0,Ottawa,OTTW,2025-08-16T12:29:00Z,2025-08-16T12:29:00Z,ARR,goo,0.0
643,True,True,OTTAWA,TORONTO,2025-08-16,1,Fallowfield,FALL,2025-08-16T12:46:08Z,2025-08-16T12:45:00Z,ARR,goo,1.0
643,True,True,OTTAWA,TORONTO,2025-08-16,2,Smiths Falls,SMTF,2025-08-16T13:20:43Z,2025-08-16T13:17:00Z,ARR,goo,3.0
643,True,True,OTTAWA,TORONTO,2025-08-16,3,Brockville,BRKV,2025-08-16T13:53:22Z,2025-08-16T13:49:00Z,ARR,goo,4.0
643,True,True,OTTAWA,TORONTO,2025-08-16,4,Kingston,KGON,2025-08-16T14:51:57Z,2025-08-16T14:32:00Z,ARR,bad,19.0
643,True,True,OTTAWA,TORONTO,2025-08-16,5,Napanee,NAPN,2025-08-16T15:20:54Z,2025-08-16T14:57:00Z,ARR,bad,23.0
643,True,True,OTTAWA,TORONTO,2025-08-16,6,Belleville,BLVL,2025-08-16T15:51:20Z,2025-08-16T15:17:00Z,ARR,bad,34.0
643,True,True,OTTAWA,TORONTO,2025-08-16,7,Trenton Jct.,TRNJ,2025-08-16T16:06:02Z,2025-08-16T15:31:00Z,ARR,bad,35.0
643,True,True,OTTAWA,TORONTO,2025-08-16,8,Cobourg,CBRG,2025-08-16T16:39:33Z,2025-08-16T15:57:00Z,ARR,bad,42.0
643,True,True,OTTAWA,TORONTO,2025-08-16,9,Port Hope,PHOP,2025-08-16T18:21:48Z,2025-08-16T16:07:00Z,ARR,bad,134.0
643,True,True,OTTAWA,TORONTO,2025-08-16,10,Oshawa,OSHA,2025-08-16T19:20:28Z,2025-08-16T16:35:00Z,ARR,bad,165.0
643,True,True,OTTAWA,TORONTO,2025-08-16,11,Guildwood,GUIL,2025-08-16T20:07:13Z,2025-08-16T16:58:00Z,ARR,bad,189.0
643,True,True,OTTAWA,TORONTO,2025-08-16,12,Toronto,TRTO,2025-08-16T20:41:43Z,2025-08-16T17:18:00Z,ARR,bad,203.0
62,True,True,TORONTO,MONTRÉAL,2025-08-16,0,Toronto,TRTO,2025-08-16T13:32:00Z,2025-08-16T12:32:00Z,ARR,bad,60.0
62,True,True,TORONTO,MONTRÉAL,2025-08-16,1,Guildwood,GUIL,2025-08-16T13:52:25Z,2025-08-16T12:50:00Z,ARR,bad,62.0
62,True,True,TORONTO,MONTRÉAL,2025-08-16,2,Oshawa,OSHA,2025-08-16T14:16:52Z,2025-08-16T13:09:00Z,ARR,bad,67.0
62,True,True,TORONTO,MONTRÉAL,2025-08-16,3,Cobourg,CBRG,2025-08-16T14:54:24Z,2025-08-16T13:44:00Z,ARR,bad,70.0
62,True,True,TORONTO,MONTRÉAL,2025-08-16,4,Belleville,BLVL,2025-08-16T15:58:55Z,2025-08-16T14:20:00Z,ARR,bad,98.0
62,True,True,TORONTO,MONTRÉAL,2025-08-16,5,Kingston,KGON,2025-08-16T16:52:06Z,2025-08-16T15:00:00Z,ARR,bad,112.0
62,True,True,TORONTO,MONTRÉAL,2025-08-16,6,Cornwall,CWLL,2025-08-16T19:11:30Z,2025-08-16T16:43:00Z,ARR,bad,148.0
62,True,True,TORONTO,MONTRÉAL,2025-08-16,7,Dorval,DORV,2025-08-16T20:36:48Z,2025-08-16T17:34:00Z,ARR,bad,182.0
62,True,True,TORONTO,MONTRÉAL,2025-08-16,8,Montréal,MTRL,2025-08-16T21:03:01Z,2025-08-16T18:00:00Z,ARR,bad,183.0
633,True,True,MONTRÉAL,OTTAWA,2025-08-16,0,Montréal,MTRL,2025-08-16T13:00:00Z,2025-08-16T13:00:00Z,ARR,goo,0.0
633,True,True,MONTRÉAL,OTTAWA,2025-08-16,1,Dorval,DORV,2025-08-16T13:26:53Z,2025-08-16T13:24:00Z,ARR,goo,2.0
633,True,True,MONTRÉAL,OTTAWA,2025-08-16,2,Alexandria,ALEX,2025-08-16T14:19:51Z,2025-08-16T14:11:00Z,ARR,med,8.0
633,True,True,MONTRÉAL,OTTAWA,2025-08-16,3,Casselman,CSLM,2025-08-16T14:42:53Z,2025-08-16T14:34:00Z,ARR,med,8.0
633,True,True,MONTRÉAL,OTTAWA,2025-08-16,4,Ottawa,OTTW,2025-08-16T15:08:27Z,2025-08-16T15:05:00Z,ARR,goo,3.0
622,True,True,MONTRÉAL,QUÉBEC,2025-08-16,0,Montréal,MTRL,2025-08-16T12:20:00Z,2025-08-16T12:20:00Z,ARR,goo,0.0
622,True,True,MONTRÉAL,QUÉBEC,2025-08-16,1,St. Lambert,SLAM,2025-08-16T12:33:40Z,2025-08-16T12:33:00Z,ARR,goo,0.0
622,True,True,MONTRÉAL,QUÉBEC,2025-08-16,2,St. Hyacinthe,SHYA,2025-08-16T13:06:34Z,2025-08-16T13:00:00Z,ARR,med,6.0
622,True,True,MONTRÉAL,QUÉBEC,2025-08-16,3,Drummondville,DRMV,2025-08-16T13:46:16Z,2025-08-16T13:29:00Z,ARR,bad,17.0
622,True,True,MONTRÉAL,QUÉBEC,2025-08-16,4,Ste-Foy,SFOY,2025-08-16T15:28:47Z,2025-08-16T15:11:00Z,ARR,bad,17.0
622,True,True,MONTRÉAL,QUÉBEC,2025-08-16,5,Québec,QBEC,2025-08-16T15:57:07Z,2025-08-16T15:39:00Z,ARR,bad,18.0
45,True,True,OTTAWA,TORONTO,2025-08-16,0,Ottawa,OTTW,2025-08-16T14:24:00Z,2025-08-16T14:24:00Z,ARR,goo,0.0
45,True,True,OTTAWA,TORONTO,2025-08-16,1,Fallowfield,FALL,2025-08-16T14:40:11Z,2025-08-16T14:40:00Z,ARR,goo,0.0
45,True,True,OTTAWA,TORONTO,2025-08-16,2,Kingston,KGON,2025-08-16T16:27:34Z,2025-08-16T16:26:00Z,ARR,goo,1.0
45,True,True,OTTAWA,TORONTO,2025-08-16,3,Toronto,TRTO,2025-08-16T21:59:23Z,2025-08-16T18:48:00Z,ARR,bad,191.0
185,True,True,SUDBURY,WHITE RIVER,2025-08-16,0,Sudbury,SUDB,2025-08-16T13:00:00Z,2025-08-16T13:00:00Z,ARR,goo,0.0
185,True,True,SUDBURY,WHITE RIVER,2025-08-16,1,Azilda,AZIL,2025-08-16T13:15:56Z,2025-08-16T13:10:00Z,ARR,med,5.0
185,True,True,SUDBURY,WHITE RIVER,2025-08-16,2,Chelmsford,CHEL,2025-08-16T13:19:04Z,2025-08-16T13:15:00Z,ARR,goo,4.0
185,True,True,SUDBURY,WHITE RIVER,2025-08-16,3,Larchwood,LARC,2025-08-16T13:25:16Z,2025-08-16T13:19:00Z,ARR,med,6.0
185,True,True,SUDBURY,WHITE RIVER,2025-08-16,4,Levack,LEVA,2025-08-16T13:35:04Z,2025-08-16T13:30:00Z,ARR,med,5.0
185,True,True,SUDBURY,WHITE RIVER,2025-08-16,5,Cartier,CART,2025-08-16T13:48:46Z,2025-08-16T13:45:00Z,ARR,goo,3.0
185,True,True,SUDBURY,WHITE RIVER,2025-08-16,6,Benny,BENN,2025-08-16T14:19:43Z,2025-08-16T14:05:00Z,ARR,med,14.0
185,True,True,SUDBURY,WHITE RIVER,2025-08-16,7,Stralak,STRL,2025-08-16T14:24:09Z,2025-08-16T14:12:00Z,ARR,med,12.0
185,True,True,SUDBURY,WHITE RIVER,2025-08-16,8,Pogamasing,POGA,2025-08-16T14:36:35Z,2025-08-16T14:25:00Z,ARR,med,11.0
185,True,True,SUDBURY,WHITE RIVER,2025-08-16,9,Sheahan,SHEA,2025-08-16T14:41:35Z,2025-08-16T14:30:00Z,ARR,med,11.0
185,True,True,SUDBURY,WHITE RIVER,2025-08-16,10,Forks,FRKS,2025-08-16T14:49:09Z,2025-08-16T14:40:00Z,ARR,med,9.0
185,True,True,SUDBURY,WHITE RIVER,2025-08-16,11,Metagama,MTGM,2025-08-16T14:59:09Z,2025-08-16T14:50:00Z,ARR,med,9.0
185,True,True,SUDBURY,WHITE RIVER,2025-08-16,12,Sinker,SNKR,2025-08-16T15:04:09Z,2025-08-16T14:55:00Z,ARR,med,9.0
185,True,True,SUDBURY,WHITE RIVER,2025-08-16,13,Biscotasing,BISC,2025-08-16T15:29:09Z,2025-08-16T15:20:00Z,ARR,med,9.0
185,True,True,SUDBURY,WHITE RIVER,2025-08-16,14,Roberts,RBRT,2025-08-16T15:39:09Z,2025-08-16T15:30:00Z,ARR,med,9.0
185,True,True,SUDBURY,WHITE RIVER,2025-08-16,15,Ramsey,RAMS,2025-08-16T15:54:09Z,2025-08-16T15:45:00Z,ARR,med,9.0
185,True,True,SUDBURY,WHITE RIVER,2025-08-16,16,Woman River,WOMR,2025-08-16T16:14:09Z,2025-08-16T16:05:00Z,ARR,med,9.0
185,True,True,SUDBURY,WHITE RIVER,2025-08-16,17,Sultan,SULT,2025-08-16T16:29:09Z,2025-08-16T16:20:00Z,ARR,med,9.0
185,True,True,SUDBURY,WHITE RIVER,2025-08-16,18,Kormak,KORM,2025-08-16T16:44:09Z,2025-08-16T16:35:00Z,ARR,med,9.0
185,True,True,SUDBURY,WHITE RIVER,2025-08-16,19,Kinogama,KINO,2025-08-16T16:49:09Z,2025-08-16T16:40:00Z,ARR,med,9.0
185,True,True,SUDBURY,WHITE RIVER,2025-08-16,20,Nemegos,NEME,2025-08-16T17:04:09Z,2025-08-16T16:55:00Z,ARR,med,9.0
185,True,True,SUDBURY,WHITE RIVER,2025-08-16,21,Devon,DEVN,2025-08-16T18:07:30Z,2025-08-16T17:05:00Z,ARR,bad,62.0
185,True,True,SUDBURY,WHITE RIVER,2025-08-16,22,Chapleau,CHAP,2025-08-16T18:22:37Z,2025-08-16T17:20:00Z,ARR,bad,62.0
185,True,True,SUDBURY,WHITE RIVER,2025-08-16,23,Esher,ESHR,2025-08-16T18:45:31Z,2025-08-16T17:50:00Z,ARR,bad,55.0
185,True,True,SUDBURY,WHITE RIVER,2025-08-16,24,Musk,MUSK,2025-08-16T19:00:34Z,2025-08-16T18:00:00Z,ARR,bad,60.0
185,True,True,SUDBURY,WHITE RIVER,2025-08-16,25,Nicholson,NICH,2025-08-16T19:06:45Z,2025-08-16T18:10:00Z,ARR,bad,56.0
185,True,True,SUDBURY,WHITE RIVER,2025-08-16,26,Bolkow,BOLK,2025-08-16T20:08:09Z,2025-08-16T18:30:00Z,ARR,bad,98.0
185,True,True,SUDBURY,WHITE RIVER,2025-08-16,27,Dalton,DALT,2025-08-16T20:23:09Z,2025-08-16T18:45:00Z,ARR,bad,98.0
185,True,True,SUDBURY,WHITE RIVER,2025-08-16,28,Missanabie,MSBI,2025-08-16T20:48:09Z,2025-08-16T19:10:00Z,ARR,bad,98.0
185,True,True,SUDBURY,WHITE RIVER,2025-08-16,29,Lochalsh,LOCH,2025-08-16T21:00:47Z,2025-08-16T19:30:00Z,ARR,bad,90.0
185,True,True,SUDBURY,WHITE RIVER,2025-08-16,30,Franz,FRNZ,2025-08-16T21:22:22Z,2025-08-16T19:50:00Z,ARR,bad,92.0
185,True,True,SUDBURY,WHITE RIVER,2025-08-16,31,Swanson,SWAN,2025-08-16T21:40:57Z,2025-08-16T20:00:00Z,ARR,bad,100.0
185,True,True,SUDBURY,WHITE RIVER,2025-08-16,32,Girdwood,GIRD,2025-08-16T22:02:03Z,2025-08-16T20:25:00Z,ARR,bad,97.0
185,True,True,SUDBURY,WHITE RIVER,2025-08-16,33,Amyot,AMYO,2025-08-16T22:09:19Z,2025-08-16T20:35:00Z,ARR,bad,94.0
185,True,True,SUDBURY,WHITE RIVER,2025-08-16,34,O'Brien,OBRI,2025-08-16T22:22:42Z,2025-08-16T20:50:00Z,ARR,bad,92.0
185,True,True,SUDBURY,WHITE RIVER,2025-08-16,35,White River,WHTR,2025-08-16T22:35:27Z,2025-08-16T21:05:00Z,ARR,bad,90.0
637,True,True,QUÉBEC,OTTAWA,2025-08-16,0,Québec,QBEC,2025-08-16T14:00:00Z,2025-08-16T14:00:00Z,ARR,goo,0.0
637,True,True,QUÉBEC,OTTAWA,2025-08-16,1,Ste-Foy,SFOY,2025-08-16T14:24:49Z,2025-08-16T14:25:00Z,ARR,goo,0.0
637,True,True,QUÉBEC,OTTAWA,2025-08-16,2,Drummondville,DRMV,2025-08-16T16:01:01Z,2025-08-16T16:08:00Z,ARR,goo,-6.0
637,True,True,QUÉBEC,OTTAWA,2025-08-16,3,St. Lambert,SLAM,2025-08-16T17:21:47Z,2025-08-16T17:16:00Z,ARR,med,5.0
637,True,True,QUÉBEC,OTTAWA,2025-08-16,4,Montréal,MTRL,2025-08-16T17:37:45Z,2025-08-16T17:31:00Z,ARR,med,6.0
637,True,True,QUÉBEC,OTTAWA,2025-08-16,5,Dorval,DORV,2025-08-16T18:20:00Z,2025-08-16T18:20:00Z,ARR,goo,0.0
637,True,True,QUÉBEC,OTTAWA,2025-08-16,6,Alexandria,ALEX,2025-08-16T19:39:14Z,2025-08-16T19:10:00Z,ARR,bad,29.0
637,True,True,QUÉBEC,OTTAWA,2025-08-16,7,Ottawa,OTTW,2025-08-16T20:40:41Z,2025-08-16T19:56:00Z,ARR,bad,44.0
624,True,True,OTTAWA,QUÉBEC,2025-08-16,0,Ottawa,OTTW,2025-08-16T11:45:00Z,2025-08-16T11:45:00Z,ARR,goo,0.0
624,True,True,OTTAWA,QUÉBEC,2025-08-16,1,Alexandria,ALEX,2025-08-16T12:26:54Z,2025-08-16T12:31:00Z,ARR,goo,-4.0
624,True,True,OTTAWA,QUÉBEC,2025-08-16,2,Dorval,DORV,2025-08-16T13:20:41Z,2025-08-16T13:16:00Z,ARR,goo,4.0
624,True,True,OTTAWA,QUÉBEC,2025-08-16,3,Montréal,MTRL,2025-08-16T13:43:08Z,2025-08-16T13:39:00Z,ARR,goo,4.0
624,True,True,OTTAWA,QUÉBEC,2025-08-16,4,St. Lambert,SLAM,2025-08-16T14:33:39Z,2025-08-16T14:28:00Z,ARR,med,5.0
624,True,True,OTTAWA,QUÉBEC,2025-08-16,5,St. Hyacinthe,SHYA,2025-08-16T15:05:10Z,2025-08-16T15:06:00Z,ARR,goo,0.0
624,True,True,OTTAWA,QUÉBEC,2025-08-16,6,Drummondville,DRMV,2025-08-16T15:39:16Z,2025-08-16T15:34:00Z,ARR,med,5.0
624,True,True,OTTAWA,QUÉBEC,2025-08-16,7,Charny,CHNY,2025-08-16T17:26:59Z,2025-08-16T17:13:00Z,ARR,med,13.0
624,True,True,OTTAWA,QUÉBEC,2025-08-16,8,Ste-Foy,SFOY,2025-08-16T17:35:20Z,2025-08-16T17:20:00Z,ARR,bad,15.0
624,True,True,OTTAWA,QUÉBEC,2025-08-16,9,Québec,QBEC,2025-08-16T18:06:32Z,2025-08-16T17:48:00Z,ARR,bad,18.0
63,True,True,MONTRÉAL,TORONTO,2025-08-16,0,Montréal,MTRL,2025-08-16T12:46:00Z,2025-08-16T12:46:00Z,ARR,goo,0.0
63,True,True,MONTRÉAL,TORONTO,2025-08-16,1,Dorval,DORV,2025-08-16T13:08:23Z,2025-08-16T13:11:00Z,ARR,goo,-2.0
63,True,True,MONTRÉAL,TORONTO,2025-08-16,2,Cornwall,CWLL,2025-08-16T15:16:31Z,2025-08-16T14:04:00Z,ARR,bad,72.0
63,True,True,MONTRÉAL,TORONTO,2025-08-16,3,Brockville,BRKV,2025-08-16T16:14:20Z,2025-08-16T14:54:00Z,ARR,bad,80.0
63,True,True,MONTRÉAL,TORONTO,2025-08-16,4,Kingston,KGON,2025-08-16T17:03:12Z,2025-08-16T15:39:00Z,ARR,bad,84.0
63,True,True,MONTRÉAL,TORONTO,2025-08-16,5,Belleville,BLVL,2025-08-16T17:59:47Z,2025-08-16T16:20:00Z,ARR,bad,99.0
63,True,True,MONTRÉAL,TORONTO,2025-08-16,6,Cobourg,CBRG,2025-08-16T19:39:02Z,2025-08-16T16:58:00Z,ARR,bad,161.0
63,True,True,MONTRÉAL,TORONTO,2025-08-16,7,Oshawa,OSHA,2025-08-16T21:12:38Z,2025-08-16T17:34:00Z,ARR,bad,218.0
63,True,True,MONTRÉAL,TORONTO,2025-08-16,8,Guildwood,GUIL,2025-08-16T21:52:38Z,2025-08-16T17:58:00Z,ARR,bad,234.0
63,True,True,MONTRÉAL,TORONTO,2025-08-16,9,Toronto,TRTO,2025-08-16T22:15:12Z,2025-08-16T18:18:00Z,ARR,bad,237.0
40,True,True,TORONTO,OTTAWA,2025-08-16,0,Toronto,TRTO,2025-08-16T14:38:00Z,2025-08-16T14:38:00Z,ARR,goo,0.0
40,True,True,TORONTO,OTTAWA,2025-08-16,1,Belleville,BLVL,2025-08-16T20:31:45Z,2025-08-16T16:09:00Z,ARR,bad,262.0
40,True,True,TORONTO,OTTAWA,2025-08-16,2,Kingston,KGON,2025-08-16T21:23:09Z,2025-08-16T16:48:00Z,ARR,bad,275.0
40,True,True,TORONTO,OTTAWA,2025-08-16,3,Fallowfield,FALL,2025-08-16T23:05:03Z,2025-08-16T18:38:00Z,ARR,bad,267.0
40,True,True,TORONTO,OTTAWA,2025-08-16,4,Ottawa,OTTW,2025-08-16T23:25:58Z,2025-08-16T19:02:00Z,ARR,bad,263.0
47,True,True,OTTAWA,TORONTO,2025-08-16,0,Ottawa,OTTW,2025-08-16T16:23:00Z,2025-08-16T16:23:00Z,ARR,goo,0.0
47,True,True,OTTAWA,TORONTO,2025-08-16,1,Fallowfield,FALL,2025-08-16T16:38:35Z,2025-08-16T16:40:00Z,ARR,goo,-1.0
47,True,True,OTTAWA,TORONTO,2025-08-16,2,Smiths Falls,SMTF,2025-08-16T17:13:26Z,2025-08-16T17:18:00Z,ARR,goo,-4.0
47,True,True,OTTAWA,TORONTO,2025-08-16,3,Brockville,BRKV,2025-08-16T17:59:31Z,2025-08-16T17:54:00Z,ARR,med,5.0
47,True,True,OTTAWA,TORONTO,2025-08-16,4,Gananoque,GANA,2025-08-16T18:29:25Z,2025-08-16T18:22:00Z,ARR,med,7.0
47,True,True,OTTAWA,TORONTO,2025-08-16,5,Kingston,KGON,2025-08-16T18:52:20Z,2025-08-16T18:45:00Z,ARR,med,7.0
47,True,True,OTTAWA,TORONTO,2025-08-16,6,Belleville,BLVL,2025-08-16T19:50:09Z,2025-08-16T19:26:00Z,ARR,bad,24.0
47,True,True,OTTAWA,TORONTO,2025-08-16,7,Oshawa,OSHA,2025-08-16T22:02:48Z,2025-08-16T20:33:00Z,ARR,bad,89.0
47,True,True,OTTAWA,TORONTO,2025-08-16,8,Guildwood,GUIL,2025-08-16T22:45:10Z,2025-08-16T20:58:00Z,ARR,bad,107.0
47,True,True,OTTAWA,TORONTO,2025-08-16,9,Toronto,TRTO,2025-08-16T23:06:16Z,2025-08-16T21:30:00Z,ARR,bad,96.0
35,True,True,QUÉBEC,OTTAWA,2025-08-16,0,Québec,QBEC,2025-08-16T12:06:00Z,2025-08-16T12:06:00Z,ARR,goo,0.0
35,True,True,QUÉBEC,OTTAWA,2025-08-16,1,Ste-Foy,SFOY,2025-08-16T12:31:52Z,2025-08-16T12:31:00Z,ARR,goo,0.0
35,True,True,QUÉBEC,OTTAWA,2025-08-16,2,Charny,CHNY,2025-08-16T12:41:59Z,2025-08-16T12:40:00Z,ARR,goo,1.0
35,True,True,QUÉBEC,OTTAWA,2025-08-16,3,Drummondville,DRMV,2025-08-16T14:24:57Z,2025-08-16T14:14:00Z,ARR,med,10.0
35,True,True,QUÉBEC,OTTAWA,2025-08-16,4,St. Hyacinthe,SHYA,2025-08-16T15:02:16Z,2025-08-16T14:44:00Z,ARR,bad,18.0
35,True,True,QUÉBEC,OTTAWA,2025-08-16,5,St. Lambert,SLAM,2025-08-16T15:40:09Z,2025-08-16T15:11:00Z,ARR,bad,29.0
35,True,True,QUÉBEC,OTTAWA,2025-08-16,6,Montréal,MTRL,2025-08-16T15:56:38Z,2025-08-16T15:26:00Z,ARR,bad,30.0
35,True,True,QUÉBEC,OTTAWA,2025-08-16,7,Dorval,DORV,2025-08-16T16:18:00Z,2025-08-16T16:18:00Z,ARR,goo,0.0
35,True,True,QUÉBEC,OTTAWA,2025-08-16,8,Coteau,COTO,2025-08-16T17:19:43Z,2025-08-16T16:46:00Z,ARR,bad,33.0
35,True,True,QUÉBEC,OTTAWA,2025-08-16,9,Alexandria,ALEX,2025-08-16T17:43:24Z,2025-08-16T17:08:00Z,ARR,bad,35.0
35,True,True,QUÉBEC,OTTAWA,2025-08-16,10,Casselman,CSLM,2025-08-16T18:04:42Z,2025-08-16T17:31:00Z,ARR,bad,33.0
35,True,True,QUÉBEC,OTTAWA,2025-08-16,11,Ottawa,OTTW,2025-08-16T18:39:43Z,2025-08-16T17:58:00Z,ARR,bad,41.0
26,True,True,OTTAWA,QUÉBEC,2025-08-16,0,Ottawa,OTTW,2025-08-16T18:17:00Z,2025-08-16T18:17:00Z,ARR,goo,0.0
26,True,True,OTTAWA,QUÉBEC,2025-08-16,1,Alexandria,ALEX,2025-08-16T18:59:30Z,2025-08-16T19:03:00Z,ARR,goo,-3.0
26,True,True,OTTAWA,QUÉBEC,2025-08-16,2,Coteau,COTO,2025-08-16T19:36:22Z,2025-08-16T19:26:00Z,ARR,med,10.0
26,True,True,OTTAWA,QUÉBEC,2025-08-16,3,Dorval,DORV,2025-08-16T20:04:55Z,2025-08-16T19:49:00Z,ARR,bad,15.0
26,True,True,OTTAWA,QUÉBEC,2025-08-16,4,Montréal,MTRL,2025-08-16T20:31:11Z,2025-08-16T20:15:00Z,ARR,bad,16.0
26,True,True,OTTAWA,QUÉBEC,2025-08-16,5,St. Lambert,SLAM,2025-08-16T21:09:17Z,2025-08-16T20:53:00Z,ARR,bad,16.0
26,True,True,OTTAWA,QUÉBEC,2025-08-16,6,St. Hyacinthe,SHYA,2025-08-16T21:42:33Z,2025-08-16T21:20:00Z,ARR,bad,22.0
26,True,True,OTTAWA,QUÉBEC,2025-08-16,7,Drummondville,DRMV,2025-08-16T22:30:45Z,2025-08-16T22:05:00Z,ARR,bad,25.0
26,True,True,OTTAWA,QUÉBEC,2025-08-16,8,Charny,CHNY,2025-08-17T00:11:52Z,2025-08-16T23:44:00Z,ARR,bad,27.0
26,True,True,OTTAWA,QUÉBEC,2025-08-16,9,Ste-Foy,SFOY,2025-08-17T00:21:02Z,2025-08-16T23:52:00Z,ARR,bad,29.0
26,True,True,OTTAWA,QUÉBEC,2025-08-16,10,Québec,QBEC,2025-08-17T00:50:42Z,2025-08-17T00:19:00Z,ARR,bad,31.0
39,True,True,QUÉBEC,OTTAWA,2025-08-16,0,Québec,QBEC,2025-08-16T18:57:00Z,2025-08-16T18:57:00Z,ARR,goo,0.0
39,True,True,QUÉBEC,OTTAWA,2025-08-16,1,Ste-Foy,SFOY,2025-08-16T19:22:00Z,2025-08-16T19:22:00Z,ARR,goo,0.0
39,True,True,QUÉBEC,OTTAWA,2025-08-16,2,Drummondville,DRMV,2025-08-16T20:52:40Z,2025-08-16T20:58:00Z,ARR,goo,-5.0
39,True,True,QUÉBEC,OTTAWA,2025-08-16,3,St. Lambert,SLAM,2025-08-16T21:54:12Z,2025-08-16T21:57:00Z,ARR,goo,-2.0
39,True,True,QUÉBEC,OTTAWA,2025-08-16,4,Montréal,MTRL,2025-08-16T22:06:29Z,2025-08-16T22:11:00Z,ARR,goo,-4.0
39,True,True,QUÉBEC,OTTAWA,2025-08-16,5,Dorval,DORV,2025-08-16T23:15:45Z,2025-08-16T23:14:00Z,ARR,goo,1.0
39,True,True,QUÉBEC,OTTAWA,2025-08-16,6,Coteau,COTO,2025-08-16T23:45:30Z,2025-08-16T23:43:00Z,ARR,goo,2.0
39,True,True,QUÉBEC,OTTAWA,2025-08-16,7,Alexandria,ALEX,2025-08-17T00:09:46Z,2025-08-17T00:06:00Z,ARR,goo,3.0
39,True,True,QUÉBEC,OTTAWA,2025-08-16,8,Ottawa,OTTW,2025-08-17T00:54:29Z,2025-08-17T00:51:00Z,ARR,goo,3.0
46,True,True,TORONTO,OTTAWA,2025-08-16,0,Toronto,TRTO,2025-08-16T20:08:00Z,2025-08-16T19:38:00Z,ARR,bad,30.0
46,True,True,TORONTO,OTTAWA,2025-08-16,1,Oshawa,OSHA,2025-08-16T22:24:25Z,2025-08-16T20:09:00Z,ARR,bad,135.0
46,True,True,TORONTO,OTTAWA,2025-08-16,2,Cobourg,CBRG,2025-08-16T23:07:06Z,2025-08-16T20:43:00Z,ARR,bad,144.0
46,True,True,TORONTO,OTTAWA,2025-08-16,3,Kingston,KGON,2025-08-17T00:33:11Z,2025-08-16T21:54:00Z,ARR,bad,159.0
46,True,True,TORONTO,OTTAWA,2025-08-16,4,Brockville,BRKV,2025-08-17T01:31:14Z,2025-08-16T22:40:00Z,ARR,bad,171.0
46,True,True,TORONTO,OTTAWA,2025-08-16,5,Fallowfield,FALL,2025-08-17T02:27:47Z,2025-08-16T23:40:00Z,ARR,bad,167.0
46,True,True,TORONTO,OTTAWA,2025-08-16,6,Ottawa,OTTW,2025-08-17T02:51:48Z,2025-08-17T00:00:00Z,ARR,bad,171.0
66,True,True,TORONTO,MONTRÉAL,2025-08-16,0,Toronto,TRTO,2025-08-16T19:23:58Z,2025-08-16T19:23:00Z,ARR,goo,0.0
66,True,True,TORONTO,MONTRÉAL,2025-08-16,1,Guildwood,GUIL,2025-08-16T19:59:46Z,2025-08-16T19:40:00Z,ARR,bad,19.0
66,True,True,TORONTO,MONTRÉAL,2025-08-16,2,Oshawa,OSHA,2025-08-16T20:26:49Z,2025-08-16T19:54:00Z,ARR,bad,32.0
66,True,True,TORONTO,MONTRÉAL,2025-08-16,3,Belleville,BLVL,2025-08-16T22:10:55Z,2025-08-16T21:00:00Z,ARR,bad,70.0
66,True,True,TORONTO,MONTRÉAL,2025-08-16,4,Kingston,KGON,2025-08-16T22:56:29Z,2025-08-16T21:40:00Z,ARR,bad,76.0
66,True,True,TORONTO,MONTRÉAL,2025-08-16,5,Cornwall,CWLL,2025-08-17T00:25:57Z,2025-08-16T23:07:00Z,ARR,bad,78.0
66,True,True,TORONTO,MONTRÉAL,2025-08-16,6,Dorval,DORV,2025-08-17T01:20:57Z,2025-08-16T23:58:00Z,ARR,bad,82.0
66,True,True,TORONTO,MONTRÉAL,2025-08-16,7,Montréal,MTRL,2025-08-17T01:50:53Z,2025-08-17T00:25:00Z,ARR,bad,85.0
28,True,True,OTTAWA,QUÉBEC,2025-08-16,0,Ottawa,OTTW,2025-08-16T20:13:39Z,2025-08-16T20:05:00Z,ARR,med,8.0
28,True,True,OTTAWA,QUÉBEC,2025-08-16,1,Casselman,CSLM,2025-08-16T20:40:13Z,2025-08-16T20:31:00Z,ARR,med,9.0
28,True,True,OTTAWA,QUÉBEC,2025-08-16,2,Alexandria,ALEX,2025-08-16T21:02:45Z,2025-08-16T20:53:00Z,ARR,med,9.0
28,True,True,OTTAWA,QUÉBEC,2025-08-16,3,Coteau,COTO,2025-08-16T21:23:40Z,2025-08-16T21:15:00Z,ARR,med,8.0
28,True,True,OTTAWA,QUÉBEC,2025-08-16,4,Dorval,DORV,2025-08-16T21:51:41Z,2025-08-16T21:38:00Z,ARR,med,13.0
28,True,True,OTTAWA,QUÉBEC,2025-08-16,5,Montréal,MTRL,2025-08-16T22:18:09Z,2025-08-16T22:04:00Z,ARR,med,14.0
28,True,True,OTTAWA,QUÉBEC,2025-08-16,6,St. Lambert,SLAM,2025-08-16T22:55:19Z,2025-08-16T22:38:00Z,ARR,bad,17.0
28,True,True,OTTAWA,QUÉBEC,2025-08-16,7,St. Hyacinthe,SHYA,2025-08-16T23:27:25Z,2025-08-16T23:06:00Z,ARR,bad,21.0
28,True,True,OTTAWA,QUÉBEC,2025-08-16,8,Drummondville,DRMV,2025-08-17T00:05:04Z,2025-08-16T23:52:00Z,ARR,med,13.0
28,True,True,OTTAWA,QUÉBEC,2025-08-16,9,Charny,CHNY,2025-08-17T01:42:13Z,2025-08-17T01:14:00Z,ARR,bad,28.0
28,True,True,OTTAWA,QUÉBEC,2025-08-16,10,Ste-Foy,SFOY,2025-08-17T01:49:47Z,2025-08-17T01:21:00Z,ARR,bad,28.0
28,True,True,OTTAWA,QUÉBEC,2025-08-16,11,Québec,QBEC,2025-08-17T02:17:21Z,2025-08-17T01:48:00Z,ARR,bad,29.0
69,True,True,MONTRÉAL,TORONTO,2025-08-16,0,Montréal,MTRL,2025-08-16T20:38:00Z,2025-08-16T20:38:00Z,ARR,goo,0.0
69,True,True,MONTRÉAL,TORONTO,2025-08-16,1,Dorval,DORV,2025-08-16T21:05:21Z,2025-08-16T21:04:00Z,ARR,goo,1.0
69,True,True,MONTRÉAL,TORONTO,2025-08-16,2,Cornwall,CWLL,2025-08-16T22:19:03Z,2025-08-16T21:53:00Z,ARR,bad,26.0
69,True,True,MONTRÉAL,TORONTO,2025-08-16,3,Brockville,BRKV,2025-08-16T23:29:54Z,2025-08-16T22:40:00Z,ARR,bad,49.0
69,True,True,MONTRÉAL,TORONTO,2025-08-16,4,Kingston,KGON,2025-08-17T00:27:45Z,2025-08-16T23:24:00Z,ARR,bad,63.0
69,True,True,MONTRÉAL,TORONTO,2025-08-16,5,Oshawa,OSHA,2025-08-17T02:34:28Z,2025-08-17T01:05:00Z,ARR,bad,89.0
69,True,True,MONTRÉAL,TORONTO,2025-08-16,6,Guildwood,GUIL,2025-08-17T03:00:31Z,2025-08-17T01:28:00Z,ARR,bad,92.0
69,True,True,MONTRÉAL,TORONTO,2025-08-16,7,Toronto,TRTO,2025-08-17T03:19:24Z,2025-08-17T01:48:00Z,ARR,bad,91.0
68,True,False,TORONTO,MONTRÉAL,2025-08-16,0,Toronto,TRTO,2025-08-16T23:37:41Z,2025-08-16T21:08:00Z,ARR,bad,149.0
68,True,False,TORONTO,MONTRÉAL,2025-08-16,1,Oshawa,OSHA,2025-08-17T00:15:04Z,2025-08-16T21:39:00Z,ARR,bad,156.0
68,True,False,TORONTO,MONTRÉAL,2025-08-16,2,Cobourg,CBRG,2025-08-17T00:52:14Z,2025-08-16T22:14:00Z,ARR,bad,158.0
68,True,False,TORONTO,MONTRÉAL,2025-08-16,3,Belleville,BLVL,2025-08-17T01:46:58Z,2025-08-16T22:49:00Z,ARR,bad,177.0
68,True,False,TORONTO,MONTRÉAL,2025-08-16,4,Kingston,KGON,2025-08-17T02:28:49Z,2025-08-16T23:26:00Z,ARR,bad,182.0
68,True,False,TORONTO,MONTRÉAL,2025-08-16,5,Brockville,BRKV,2025-08-17T03:19:27Z,2025-08-17T00:11:00Z,ARR,bad,188.0
68,True,False,TORONTO,MONTRÉAL,2025-08-16,6,Cornwall,CWLL,2025-08-17T04:05:25Z,2025-08-17T00:57:00Z,41 mins,bad,188.0
68,True,False,TORONTO,MONTRÉAL,2025-08-16,7,Dorval,DORV,2025-08-17T04:55:25Z,2025-08-17T01:47:00Z,1h31,bad,188.0
68,True,False,TORONTO,MONTRÉAL,2025-08-16,8,Montréal,MTRL,2025-08-17T05:22:25Z,2025-08-17T02:14:00Z,1h58,bad,188.0
54,True,False,TORONTO,OTTAWA,2025-08-16,0,Toronto,TRTO,2025-08-16T21:38:31Z,2025-08-16T21:38:00Z,ARR,goo,0.0
54,True,False,TORONTO,OTTAWA,2025-08-16,1,Guildwood,GUIL,2025-08-16T21:59:37Z,2025-08-16T21:55:00Z,ARR,goo,4.0
54,True,False,TORONTO,OTTAWA,2025-08-16,2,Oshawa,OSHA,2025-08-16T22:33:47Z,2025-08-16T22:08:00Z,ARR,bad,25.0
54,True,False,TORONTO,OTTAWA,2025-08-16,3,Port Hope,PHOP,2025-08-16T23:10:22Z,2025-08-16T22:37:00Z,ARR,bad,33.0
54,True,False,TORONTO,OTTAWA,2025-08-16,4,Cobourg,CBRG,2025-08-16T23:18:52Z,2025-08-16T22:46:00Z,ARR,bad,32.0
54,True,False,TORONTO,OTTAWA,2025-08-16,5,Trenton Jct.,TRNJ,2025-08-16T23:53:11Z,2025-08-16T23:13:01Z,ARR,bad,40.0
54,True,False,TORONTO,OTTAWA,2025-08-16,6,Belleville,BLVL,2025-08-17T00:07:31Z,2025-08-16T23:27:00Z,ARR,bad,40.0
54,True,False,TORONTO,OTTAWA,2025-08-16,7,Napanee,NAPN,2025-08-17T00:40:12Z,2025-08-16T23:48:00Z,ARR,bad,52.0
54,True,False,TORONTO,OTTAWA,2025-08-16,8,Kingston,KGON,2025-08-17T01:03:26Z,2025-08-17T00:09:00Z,ARR,bad,54.0
54,True,False,TORONTO,OTTAWA,2025-08-16,9,Brockville,BRKV,2025-08-17T02:00:05Z,2025-08-17T00:54:00Z,ARR,bad,66.0
54,True,False,TORONTO,OTTAWA,2025-08-16,10,Smiths Falls,SMTF,2025-08-17T02:35:09Z,2025-08-17T01:25:00Z,ARR,bad,70.0
54,True,False,TORONTO,OTTAWA,2025-08-16,11,Fallowfield,FALL,2025-08-17T03:04:17Z,2025-08-17T01:52:00Z,ARR,bad,72.0
54,True,False,TORONTO,OTTAWA,2025-08-16,12,Ottawa,OTTW,2025-08-17T03:24:05Z,2025-08-17T02:13:00Z,< 1 min,bad,71.0
87,True,False,TORONTO,SARNIA,2025-08-16,0,Toronto,TRTO,2025-08-16T22:38:12Z,2025-08-16T21:40:00Z,ARR,bad,58.0
87,True,False,TORONTO,SARNIA,2025-08-16,1,Malton,MALT,2025-08-16T22:59:05Z,2025-08-16T22:00:00Z,ARR,bad,59.0
87,True,False,TORONTO,SARNIA,2025-08-16,2,Brampton,BRMP,2025-08-16T23:10:31Z,2025-08-16T22:12:00Z,ARR,bad,58.0
87,True,False,TORONTO,SARNIA,2025-08-16,3,Georgetown,GEOR,2025-08-16T23:24:20Z,2025-08-16T22:24:00Z,ARR,bad,60.0
87,True,False,TORONTO,SARNIA,2025-08-16,4,Guelph,GUEL,2025-08-16T23:44:52Z,2025-08-16T22:49:00Z,ARR,bad,55.0
87,True,False,TORONTO,SARNIA,2025-08-16,5,Kitchener,KITC,2025-08-17T00:05:59Z,2025-08-16T23:16:00Z,ARR,bad,49.0
87,True,False,TORONTO,SARNIA,2025-08-16,6,Stratford,STRF,2025-08-17T00:57:53Z,2025-08-16T23:57:00Z,ARR,bad,60.0
87,True,False,TORONTO,SARNIA,2025-08-16,7,St.Marys,SMYS,2025-08-17T01:26:51Z,2025-08-17T00:25:00Z,ARR,bad,61.0
87,True,False,TORONTO,SARNIA,2025-08-16,8,London,LNDN,2025-08-17T02:19:24Z,2025-08-17T01:13:00Z,ARR,bad,66.0
87,True,False,TORONTO,SARNIA,2025-08-16,9,Strathroy,STRR,2025-08-17T02:43:43Z,2025-08-17T01:39:00Z,ARR,bad,64.0
87,True,False,TORONTO,SARNIA,2025-08-16,10,Wyoming,WYOM,2025-08-17T03:09:22Z,2025-08-17T02:07:00Z,ARR,bad,62.0
87,True,False,TORONTO,SARNIA,2025-08-16,11,Sarnia,SARN,2025-08-17T03:27:06Z,2025-08-17T02:24:00Z,3 mins,bad,63.0
75,True,True,TORONTO,WINDSOR,2025-08-16,0,Toronto,TRTO,2025-08-16T21:34:40Z,2025-08-16T21:22:00Z,ARR,med,12.0
75,True,True,TORONTO,WINDSOR,2025-08-16,1,Oakville,OAKV,2025-08-16T22:05:46Z,2025-08-16T21:45:00Z,ARR,bad,20.0
75,True,True,TORONTO,WINDSOR,2025-08-16,2,Aldershot,ALDR,2025-08-16T22:29:29Z,2025-08-16T22:01:00Z,ARR,bad,28.0
75,True,True,TORONTO,WINDSOR,2025-08-16,3,Brantford,BRTF,2025-08-16T23:00:38Z,2025-08-16T22:33:00Z,ARR,bad,27.0
75,True,True,TORONTO,WINDSOR,2025-08-16,4,Woodstock,WDST,2025-08-16T23:29:56Z,2025-08-16T23:04:00Z,ARR,bad,25.0
75,True,True,TORONTO,WINDSOR,2025-08-16,5,Ingersoll,INGR,2025-08-16T23:44:00Z,2025-08-16T23:19:00Z,ARR,bad,25.0
75,True,True,TORONTO,WINDSOR,2025-08-16,6,London,LNDN,2025-08-17T00:09:02Z,2025-08-16T23:47:00Z,ARR,bad,22.0
75,True,True,TORONTO,WINDSOR,2025-08-16,7,Glencoe,GLNC,2025-08-17T00:49:34Z,2025-08-17T00:21:00Z,ARR,bad,28.0
75,True,True,TORONTO,WINDSOR,2025-08-16,8,Chatham,CHAT,2025-08-17T01:34:14Z,2025-08-17T00:55:00Z,ARR,bad,39.0
75,True,True,TORONTO,WINDSOR,2025-08-16,9,Windsor,WDON,2025-08-17T02:16:48Z,2025-08-17T01:50:00Z,ARR,bad,26.0
98,True,True,NIAGARA FALLS,TORONTO,2025-08-16,0,Niagara Falls,NIAG,2025-08-16T22:05:00Z,2025-08-16T21:45:00Z,ARR,bad,20.0
98,True,True,NIAGARA FALLS,TORONTO,2025-08-16,1,St. Catharines,SCAT,2025-08-16T22:26:00Z,2025-08-16T22:06:00Z,ARR,bad,20.0
98,True,True,NIAGARA FALLS,TORONTO,2025-08-16,2,Grimsby,GRIM,2025-08-16T22:47:00Z,2025-08-16T22:26:00Z,ARR,bad,21.0
98,True,True,NIAGARA FALLS,TORONTO,2025-08-16,3,Aldershot,ALDR,2025-08-16T23:25:00Z,2025-08-16T23:02:00Z,ARR,bad,23.0
98,True,True,NIAGARA FALLS,TORONTO,2025-08-16,4,Oakville,OAKV,2025-08-16T23:39:00Z,2025-08-16T23:16:00Z,ARR,bad,23.0
98,True,True,NIAGARA FALLS,TORONTO,2025-08-16,5,Toronto,TRTO,2025-08-17T00:15:00Z,2025-08-16T23:43:00Z,ARR,bad,32.0
29,True,True,QUÉBEC,MONTRÉAL,2025-08-16,0,Québec,QBEC,2025-08-16T21:41:00Z,2025-08-16T21:41:00Z,ARR,goo,0.0
29,True,True,QUÉBEC,MONTRÉAL,2025-08-16,1,Ste-Foy,SFOY,2025-08-16T22:07:42Z,2025-08-16T22:06:00Z,ARR,goo,1.0
29,True,True,QUÉBEC,MONTRÉAL,2025-08-16,2,Drummondville,DRMV,2025-08-16T23:37:34Z,2025-08-16T23:42:00Z,ARR,goo,-4.0
29,True,True,QUÉBEC,MONTRÉAL,2025-08-16,3,St. Hyacinthe,SHYA,2025-08-17T00:20:30Z,2025-08-17T00:18:00Z,ARR,goo,2.0
29,True,True,QUÉBEC,MONTRÉAL,2025-08-16,4,St. Lambert,SLAM,2025-08-17T00:48:55Z,2025-08-17T00:45:00Z,ARR,goo,3.0
29,True,True,QUÉBEC,MONTRÉAL,2025-08-16,5,Montréal,MTRL,2025-08-17T01:08:17Z,2025-08-17T01:00:00Z,ARR,med,8.0
59,True,False,OTTAWA,TORONTO,2025-08-16,0,Ottawa,OTTW,2025-08-16T22:03:00Z,2025-08-16T22:03:00Z,ARR,goo,0.0
59,True,False,OTTAWA,TORONTO,2025-08-16,1,Fallowfield,FALL,2025-08-16T22:20:18Z,2025-08-16T22:20:00Z,ARR,goo,0.0
59,True,False,OTTAWA,TORONTO,2025-08-16,2,Smiths Falls,SMTF,2025-08-16T23:04:18Z,2025-08-16T22:51:00Z,ARR,med,13.0
59,True,False,OTTAWA,TORONTO,2025-08-16,3,Brockville,BRKV,2025-08-16T23:55:57Z,2025-08-16T23:25:00Z,ARR,bad,30.0
59,True,False,OTTAWA,TORONTO,2025-08-16,4,Kingston,KGON,2025-08-17T00:45:27Z,2025-08-17T00:10:00Z,ARR,bad,35.0
59,True,False,OTTAWA,TORONTO,2025-08-16,5,Belleville,BLVL,2025-08-17T01:36:42Z,2025-08-17T00:51:00Z,ARR,bad,45.0
59,True,False,OTTAWA,TORONTO,2025-08-16,6,Trenton Jct.,TRNJ,2025-08-17T01:50:30Z,2025-08-17T01:05:00Z,ARR,bad,45.0
59,True,False,OTTAWA,TORONTO,2025-08-16,7,Cobourg,CBRG,2025-08-17T02:22:53Z,2025-08-17T01:31:00Z,ARR,bad,51.0
59,True,False,OTTAWA,TORONTO,2025-08-16,8,Oshawa,OSHA,2025-08-17T03:06:24Z,2025-08-17T02:05:00Z,ARR,bad,61.0
59,True,False,OTTAWA,TORONTO,2025-08-16,9,Guildwood,GUIL,2025-08-17T03:27:07Z,2025-08-17T02:28:00Z,3 mins,bad,59.0
59,True,False,OTTAWA,TORONTO,2025-08-16,10,Toronto,TRTO,2025-08-17T03:47:07Z,2025-08-17T02:48:00Z,23 mins,bad,59.0
78,True,False,WINDSOR,TORONTO,2025-08-16,0,Windsor,WDON,2025-08-16T21:47:08Z,2025-08-16T21:40:00Z,ARR,med,7.0
78,True,False,WINDSOR,TORONTO,2025-08-16,1,Chatham,CHAT,2025-08-16T22:24:31Z,2025-08-16T22:24:00Z,ARR,goo,0.0
78,True,False,WINDSOR,TORONTO,2025-08-16,2,Glencoe,GLNC,2025-08-16T23:08:50Z,2025-08-16T22:59:00Z,ARR,med,9.0
78,True,False,WINDSOR,TORONTO,2025-08-16,3,London,LNDN,2025-08-16T23:57:01Z,2025-08-16T23:32:00Z,ARR,bad,25.0
78,True,False,WINDSOR,TORONTO,2025-08-16,4,Ingersoll,INGR,2025-08-17T00:22:36Z,2025-08-16T23:57:00Z,ARR,bad,25.0
78,True,False,WINDSOR,TORONTO,2025-08-16,5,Woodstock,WDST,2025-08-17T00:42:44Z,2025-08-17T00:08:00Z,ARR,bad,34.0
78,True,False,WINDSOR,TORONTO,2025-08-16,6,Brantford,BRTF,2025-08-17T01:23:48Z,2025-08-17T00:39:00Z,ARR,bad,44.0
78,True,False,WINDSOR,TORONTO,2025-08-16,7,Aldershot,ALDR,2025-08-17T02:35:16Z,2025-08-17T01:09:00Z,ARR,bad,86.0
78,True,False,WINDSOR,TORONTO,2025-08-16,8,Oakville,OAKV,2025-08-17T03:30:00Z,2025-08-17T01:24:00Z,6 mins,bad,126.0
78,True,False,WINDSOR,TORONTO,2025-08-16,9,Toronto,TRTO,2025-08-17T03:33:38Z,2025-08-17T01:50:00Z,10 mins,bad,103.0
38,True,True,OTTAWA,MONTRÉAL,2025-08-16,0,Ottawa,OTTW,2025-08-16T21:55:00Z,2025-08-16T21:55:00Z,ARR,goo,0.0
38,True,True,OTTAWA,MONTRÉAL,2025-08-16,1,Casselman,CSLM,2025-08-16T22:21:07Z,2025-08-16T22:26:00Z,ARR,goo,-4.0
38,True,True,OTTAWA,MONTRÉAL,2025-08-16,2,Alexandria,ALEX,2025-08-16T23:01:43Z,2025-08-16T22:49:00Z,ARR,med,12.0
38,True,True,OTTAWA,MONTRÉAL,2025-08-16,3,Dorval,DORV,2025-08-16T23:57:20Z,2025-08-16T23:33:00Z,ARR,bad,24.0
38,True,True,OTTAWA,MONTRÉAL,2025-08-16,4,Montréal,MTRL,2025-08-17T00:27:52Z,2025-08-16T23:57:00Z,ARR,bad,30.0
79,True,False,TORONTO,WINDSOR,2025-08-16,0,Toronto,TRTO,2025-08-17T00:59:45Z,2025-08-16T23:45:00Z,ARR,bad,74.0
79,True,False,TORONTO,WINDSOR,2025-08-16,1,Oakville,OAKV,2025-08-17T01:24:41Z,2025-08-17T00:07:00Z,ARR,bad,77.0
79,True,False,TORONTO,WINDSOR,2025-08-16,2,Aldershot,ALDR,2025-08-17T01:43:16Z,2025-08-17T00:22:00Z,ARR,bad,81.0
79,True,False,TORONTO,WINDSOR,2025-08-16,3,Brantford,BRTF,2025-08-17T02:15:07Z,2025-08-17T00:50:00Z,ARR,bad,85.0
79,True,False,TORONTO,WINDSOR,2025-08-16,4,Woodstock,WDST,2025-08-17T02:45:22Z,2025-08-17T01:17:00Z,ARR,bad,88.0
79,True,False,TORONTO,WINDSOR,2025-08-16,5,Ingersoll,INGR,2025-08-17T02:58:03Z,2025-08-17T01:30:00Z,ARR,bad,88.0
79,True,False,TORONTO,WINDSOR,2025-08-16,6,London,LNDN,2025-08-17T03:20:43Z,2025-08-17T01:52:00Z,ARR,bad,88.0
79,True,False,TORONTO,WINDSOR,2025-08-16,7,Glencoe,GLNC,2025-08-17T03:53:45Z,2025-08-17T02:25:00Z,30 mins,bad,88.0
79,True,False,TORONTO,WINDSOR,2025-08-16,8,Chatham,CHAT,2025-08-17T04:25:45Z,2025-08-17T02:57:00Z,1h02,bad,88.0
79,True,False,TORONTO,WINDSOR,2025-08-16,9,Windsor,WDON,2025-08-17T05:12:45Z,2025-08-17T03:44:00Z,1h49,bad,88.0
603,True,True,MONTRÉAL,SENNETERRE,2025-08-15,0,Cressman,CRSM,2025-08-16T02:26:14Z,2025-08-16T01:34:00Z,ARR,bad,52.0
603,True,True,MONTRÉAL,SENNETERRE,2025-08-15,1,Club Vermillion,VMLC,2025-08-16T02:34:14Z,2025-08-16T01:42:00Z,ARR,bad,52.0
603,True,True,MONTRÉAL,SENNETERRE,2025-08-15,2,Rapide-Blanc,RAPB,2025-08-16T02:37:14Z,2025-08-16T01:45:00Z,ARR,bad,52.0
603,True,True,MONTRÉAL,SENNETERRE,2025-08-15,3,Lac-Darey,LDAR,2025-08-16T02:56:14Z,2025-08-16T02:04:00Z,ARR,bad,52.0
603,True,True,MONTRÉAL,SENNETERRE,2025-08-15,4,Duplessis,DUPL,2025-08-16T03:09:14Z,2025-08-16T02:17:00Z,ARR,bad,52.0
603,True,True,MONTRÉAL,SENNETERRE,2025-08-15,5,Mctavish,MCTC,2025-08-16T03:22:14Z,2025-08-16T02:30:00Z,ARR,bad,52.0
603,True,True,MONTRÉAL,SENNETERRE,2025-08-15,6,Windigo,WNDG,2025-08-16T03:24:14Z,2025-08-16T02:32:00Z,ARR,bad,52.0
603,True,True,MONTRÉAL,SENNETERRE,2025-08-15,7,Ferguson,FERG,2025-08-16T03:32:14Z,2025-08-16T02:40:00Z,ARR,bad,52.0
603,True,True,MONTRÉAL,SENNETERRE,2025-08-15,8,Club Wigwam,WGWC,2025-08-16T03:38:14Z,2025-08-16T02:46:00Z,ARR,bad,52.0
603,True,True,MONTRÉAL,SENNETERRE,2025-08-15,9,Vandry,VDRY,2025-08-16T03:46:14Z,2025-08-16T02:54:00Z,ARR,bad,52.0
603,True,True,MONTRÉAL,SENNETERRE,2025-08-15,10,Dessane,DESS,2025-08-16T03:52:24Z,2025-08-16T03:00:00Z,ARR,bad,52.0
603,True,True,MONTRÉAL,SENNETERRE,2025-08-15,11,Club Belanger,BLGC,2025-08-16T04:18:22Z,2025-08-16T03:27:00Z,ARR,bad,51.0
603,True,True,MONTRÉAL,SENNETERRE,2025-08-15,12,Hibbard,HIBB,2025-08-16T04:31:26Z,2025-08-16T03:38:00Z,ARR,bad,53.0
603,True,True,MONTRÉAL,SENNETERRE,2025-08-15,13,Casey,CASY,2025-08-16T04:44:26Z,2025-08-16T03:51:00Z,ARR,bad,53.0
603,True,True,MONTRÉAL,SENNETERRE,2025-08-15,14,Mccarthy,MCCA,2025-08-16T04:59:26Z,2025-08-16T04:06:00Z,ARR,bad,53.0
603,True,True,MONTRÉAL,SENNETERRE,2025-08-15,15,Club Sisco,SSCC,2025-08-16T05:02:26Z,2025-08-16T04:09:00Z,ARR,bad,53.0
603,True,True,MONTRÉAL,SENNETERRE,2025-08-15,16,Manjobagues,MJBG,2025-08-16T05:10:26Z,2025-08-16T04:17:00Z,ARR,bad,53.0
603,True,True,MONTRÉAL,SENNETERRE,2025-08-15,17,Parent,PARE,2025-08-16T05:25:26Z,2025-08-16T04:32:00Z,ARR,bad,53.0
603,True,True,MONTRÉAL,SENNETERRE,2025-08-15,18,Timbrell,TIMB,2025-08-16T05:49:26Z,2025-08-16T04:56:00Z,ARR,bad,53.0
603,True,True,MONTRÉAL,SENNETERRE,2025-08-15,19,Club Rita Inc.,RTAC,2025-08-16T05:59:26Z,2025-08-16T05:06:00Z,ARR,bad,53.0
603,True,True,MONTRÉAL,SENNETERRE,2025-08-15,20,Strachan,STRN,2025-08-16T06:03:26Z,2025-08-16T05:10:00Z,ARR,bad,53.0
603,True,True,MONTRÉAL,SENNETERRE,2025-08-15,21,Club Maniwawa,MWWC,2025-08-16T06:10:26Z,2025-08-16T05:17:00Z,ARR,bad,53.0
603,True,True,MONTRÉAL,SENNETERRE,2025-08-15,22,Greening,GRNG,2025-08-16T06:21:26Z,2025-08-16T05:28:00Z,ARR,bad,53.0
603,True,True,MONTRÉAL,SENNETERRE,2025-08-15,23,Oskelaneo Lodge,OSKL,2025-08-16T06:29:26Z,2025-08-16T05:36:00Z,ARR,bad,53.0
603,True,True,MONTRÉAL,SENNETERRE,2025-08-15,24,Rivière Oskélanéo,OSKR,2025-08-16T06:40:26Z,2025-08-16T05:47:00Z,ARR,bad,53.0
603,True,True,MONTRÉAL,SENNETERRE,2025-08-15,25,Clova,CLOV,2025-08-16T06:50:26Z,2025-08-16T05:57:00Z,ARR,bad,53.0
603,True,True,MONTRÉAL,SENNETERRE,2025-08-15,26,Coquar,COQU,2025-08-16T07:02:26Z,2025-08-16T06:09:00Z,ARR,bad,53.0
603,True,True,MONTRÉAL,SENNETERRE,2025-08-15,27,Monet,MNET,2025-08-16T07:13:26Z,2025-08-16T06:20:00Z,ARR,bad,53.0
603,True,True,MONTRÉAL,SENNETERRE,2025-08-15,28,Consolidated Bathurst,CBAT,2025-08-16T07:20:26Z,2025-08-16T06:27:00Z,ARR,bad,53.0
603,True,True,MONTRÉAL,SENNETERRE,2025-08-15,29,Club Kapitachuan,KPTC,2025-08-16T07:24:26Z,2025-08-16T06:31:00Z,ARR,bad,53.0
603,True,True,MONTRÉAL,SENNETERRE,2025-08-15,30,Bourmont,BRMT,2025-08-16T07:26:26Z,2025-08-16T06:33:00Z,ARR,bad,53.0
603,True,True,MONTRÉAL,SENNETERRE,2025-08-15,31,Club Beaudin Inc.,BDNC,2025-08-16T07:31:26Z,2025-08-16T06:38:00Z,ARR,bad,53.0
603,True,True,MONTRÉAL,SENNETERRE,2025-08-15,32,Langlade,LNGL,2025-08-16T07:38:26Z,2025-08-16T06:45:00Z,ARR,bad,53.0
603,True,True,MONTRÉAL,SENNETERRE,2025-08-15,33,Da-Rou-Lac Lodge,DRLL,2025-08-16T07:39:27Z,2025-08-16T06:46:01Z,ARR,bad,53.0
603,True,True,MONTRÉAL,SENNETERRE,2025-08-15,34,Gagnon,GAGN,2025-08-16T07:48:26Z,2025-08-16T06:55:00Z,ARR,bad,53.0
603,True,True,MONTRÉAL,SENNETERRE,2025-08-15,35,Dix,DIXX,2025-08-16T07:51:26Z,2025-08-16T06:58:00Z,ARR,bad,53.0
603,True,True,MONTRÉAL,SENNETERRE,2025-08-15,36,Bolger,BGQU,2025-08-16T08:03:26Z,2025-08-16T07:10:00Z,ARR,bad,53.0
603,True,True,MONTRÉAL,SENNETERRE,2025-08-15,37,Forsythe,FORS,2025-08-16T08:10:26Z,2025-08-16T07:17:00Z,ARR,bad,53.0
603,True,True,MONTRÉAL,SENNETERRE,2025-08-15,38,Press,PRSS,2025-08-16T08:30:52Z,2025-08-16T07:36:00Z,ARR,bad,54.0
603,True,True,MONTRÉAL,SENNETERRE,2025-08-15,39,Signai,SIGN,2025-08-16T08:38:52Z,2025-08-16T07:44:00Z,ARR,bad,54.0
603,True,True,MONTRÉAL,SENNETERRE,2025-08-15,40,Mégiscane,MEGI,2025-08-16T08:54:52Z,2025-08-16T08:00:00Z,ARR,bad,54.0
603,True,True,MONTRÉAL,SENNETERRE,2025-08-15,41,Senneterre,SENN,2025-08-16T09:41:52Z,2025-08-16T08:47:00Z,ARR,bad,54.0
