train_id,departed,arrived,from,to,instance,stop_id,station,code,estimated,scheduled,eta,diff,diffMin
1 (12-17),True,False,TORONTO,VANCOUVER,2025-12-17,0,Toronto,TRTO,2025-12-17T15:24:38Z,2025-12-17T14:55:00Z,ARR,bad,29.0
1 (12-17),True,False,TORONTO,VANCOUVER,2025-12-17,1,Washago,WSHG,2025-12-17T19:32:27Z,2025-12-17T17:25:00Z,ARR,bad,127.0
1 (12-17),True,False,TORONTO,VANCOUVER,2025-12-17,2,South Parry,SPAR,2025-12-17T21:15:25Z,2025-12-17T19:27:00Z,ARR,bad,108.0
1 (12-17),True,False,TORONTO,VANCOUVER,2025-12-17,3,Sudbury (Jct.),SUDJ,2025-12-17T23:51:06Z,2025-12-17T21:57:00Z,ARR,bad,114.0
1 (12-17),True,False,TORONTO,VANCOUVER,2025-12-17,4,Capreol,CAPR,2025-12-18T00:21:54Z,2025-12-17T22:22:00Z,ARR,bad,119.0
1 (12-17),True,False,TORONTO,VANCOUVER,2025-12-17,5,Laforest,LAFO,2025-12-18T01:39:42Z,2025-12-17T23:48:00Z,ARR,bad,111.0
1 (12-17),True,False,TORONTO,VANCOUVER,2025-12-17,6,McKee's Camp,MCKC,2025-12-18T01:49:30Z,2025-12-18T00:01:00Z,ARR,bad,108.0
1 (12-17),True,False,TORONTO,VANCOUVER,2025-12-17,7,Felix,FELX,2025-12-18T02:09:30Z,2025-12-18T00:21:00Z,ARR,bad,108.0
1 (12-17),True,False,TORONTO,VANCOUVER,2025-12-17,8,Ruel,RUEL,2025-12-18T02:16:30Z,2025-12-18T00:28:00Z,ARR,bad,108.0
1 (12-17),True,False,TORONTO,VANCOUVER,2025-12-17,9,Westree,WSTR,2025-12-18T02:34:21Z,2025-12-18T00:45:00Z,ARR,bad,109.0
1 (12-17),True,False,TORONTO,VANCOUVER,2025-12-17,10,Gogama,GOGA,2025-12-18T03:00:50Z,2025-12-18T01:18:00Z,ARR,bad,102.0
1 (12-17),True,False,TORONTO,VANCOUVER,2025-12-17,11,Foleyet,FOLE,2025-12-18T04:53:14Z,2025-12-18T03:44:00Z,ARR,bad,69.0
1 (12-17),True,False,TORONTO,VANCOUVER,2025-12-17,12,Elsas,ELSA,2025-12-18T06:07:30Z,2025-12-18T04:38:00Z,ARR,bad,89.0
1 (12-17),True,False,TORONTO,VANCOUVER,2025-12-17,13,Oba,OBAX,2025-12-18T07:27:24Z,2025-12-18T06:38:00Z,ARR,bad,49.0
1 (12-17),True,False,TORONTO,VANCOUVER,2025-12-17,14,Hornepayne,HNPN,2025-12-18T09:10:02Z,2025-12-18T07:29:00Z,ARR,bad,101.0
1 (12-17),True,False,TORONTO,VANCOUVER,2025-12-17,15,Hillsport,HLSP,2025-12-18T10:43:08Z,2025-12-18T09:05:00Z,ARR,bad,98.0
1 (12-17),True,False,TORONTO,VANCOUVER,2025-12-17,16,Caramat,CARA,2025-12-18T11:23:01Z,2025-12-18T09:55:00Z,ARR,bad,88.0
1 (12-17),True,False,TORONTO,VANCOUVER,2025-12-17,17,Longlac,LLAC,2025-12-18T11:45:38Z,2025-12-18T10:34:00Z,ARR,bad,71.0
1 (12-17),True,False,TORONTO,VANCOUVER,2025-12-17,18,Nakina,NAKI,2025-12-18T12:37:04Z,2025-12-18T11:13:00Z,ARR,bad,84.0
1 (12-17),True,False,TORONTO,VANCOUVER,2025-12-17,19,Auden,AUDN,2025-12-18T15:30:52Z,2025-12-18T12:19:00Z,ARR,bad,191.0
1 (12-17),True,False,TORONTO,VANCOUVER,2025-12-17,20,Ferland,FERL,2025-12-18T16:07:52Z,2025-12-18T12:56:00Z,ARR,bad,191.0
1 (12-17),True,False,TORONTO,VANCOUVER,2025-12-17,21,Mud River,MUDR,2025-12-18T16:13:33Z,2025-12-18T13:05:00Z,ARR,bad,188.0
1 (12-17),True,False,TORONTO,VANCOUVER,2025-12-17,22,Armstrong,ARMG,2025-12-18T17:13:55Z,2025-12-18T14:17:00Z,ARR,bad,176.0
1 (12-17),True,False,TORONTO,VANCOUVER,2025-12-17,23,Collins,COLL,2025-12-18T17:51:08Z,2025-12-18T14:47:00Z,ARR,bad,184.0
1 (12-17),True,False,TORONTO,VANCOUVER,2025-12-17,24,Allanwater Bridge,ALWB,2025-12-18T18:27:10Z,2025-12-18T15:26:00Z,ARR,bad,181.0
1 (12-17),True,False,TORONTO,VANCOUVER,2025-12-17,25,Flindt Landing,FLTL,2025-12-18T18:43:10Z,2025-12-18T15:42:00Z,ARR,bad,181.0
1 (12-17),True,False,TORONTO,VANCOUVER,2025-12-17,26,Savant Lake,SAVL,2025-12-18T19:00:10Z,2025-12-18T15:59:00Z,ARR,bad,181.0
1 (12-17),True,False,TORONTO,VANCOUVER,2025-12-17,27,Sioux Lookout,SLKT,2025-12-18T20:04:48Z,2025-12-18T17:25:00Z,ARR,bad,159.0
1 (12-17),True,False,TORONTO,VANCOUVER,2025-12-17,28,Richan,RCHN,2025-12-18T22:24:49Z,2025-12-18T19:05:00Z,ARR,bad,199.0
1 (12-17),True,False,TORONTO,VANCOUVER,2025-12-17,29,Red Lake Road,RLRX,2025-12-18T23:08:00Z,2025-12-18T19:41:00Z,ARR,bad,207.0
1 (12-17),True,False,TORONTO,VANCOUVER,2025-12-17,30,Canyon,CNYK,2025-12-18T23:32:32Z,2025-12-18T20:10:00Z,ARR,bad,202.0
1 (12-17),True,False,TORONTO,VANCOUVER,2025-12-17,31,Farlane,FARL,2025-12-19T00:04:33Z,2025-12-18T20:47:00Z,ARR,bad,197.0
1 (12-17),True,False,TORONTO,VANCOUVER,2025-12-17,32,Redditt,RDDT,2025-12-19T01:00:53Z,2025-12-18T21:23:00Z,ARR,bad,217.0
1 (12-17),True,False,TORONTO,VANCOUVER,2025-12-17,33,Minaki,MNKI,2025-12-19T01:28:12Z,2025-12-18T21:44:00Z,ARR,bad,224.0
1 (12-17),True,False,TORONTO,VANCOUVER,2025-12-17,34,Ottermere,OTTM,2025-12-19T01:44:14Z,2025-12-18T22:01:00Z,ARR,bad,223.0
1 (12-17),True,False,TORONTO,VANCOUVER,2025-12-17,35,Malachi,MLCH,2025-12-19T01:47:17Z,2025-12-18T22:07:00Z,ARR,bad,220.0
1 (12-17),True,False,TORONTO,VANCOUVER,2025-12-17,36,Copelands Landing,COPE,2025-12-19T01:48:13Z,2025-12-18T22:09:00Z,ARR,bad,219.0
1 (12-17),True,False,TORONTO,VANCOUVER,2025-12-17,37,Rice Lake,RCLK,2025-12-19T02:10:01Z,2025-12-18T22:12:00Z,ARR,bad,238.0
1 (12-17),True,False,TORONTO,VANCOUVER,2025-12-17,38,Winnitoba,WNTB,2025-12-19T02:17:53Z,2025-12-18T22:26:00Z,ARR,bad,231.0
1 (12-17),True,False,TORONTO,VANCOUVER,2025-12-17,39,Ophir,OPHR,2025-12-19T02:18:26Z,2025-12-18T22:31:00Z,ARR,bad,227.0
1 (12-17),True,False,TORONTO,VANCOUVER,2025-12-17,40,Brereton Lake,BRTL,2025-12-19T02:35:07Z,2025-12-18T22:49:00Z,ARR,bad,226.0
1 (12-17),True,False,TORONTO,VANCOUVER,2025-12-17,41,Elma,ELMA,2025-12-19T02:50:32Z,2025-12-18T23:10:00Z,ARR,bad,220.0
1 (12-17),True,False,TORONTO,VANCOUVER,2025-12-17,42,Winnipeg,WNPG,2025-12-19T04:12:12Z,2025-12-19T01:30:00Z,ARR,bad,162.0
1 (12-17),True,False,TORONTO,VANCOUVER,2025-12-17,43,Portage La Prairie,PLPX,2025-12-19T09:17:18Z,2025-12-19T05:04:00Z,ARR,bad,253.0
1 (12-17),True,False,TORONTO,VANCOUVER,2025-12-17,44,Rivers,RVRS,2025-12-19T11:54:20Z,2025-12-19T07:31:00Z,ARR,bad,263.0
1 (12-17),True,False,TORONTO,VANCOUVER,2025-12-17,45,Melville,MELV,2025-12-19T16:53:11Z,2025-12-19T11:54:00Z,ARR,bad,299.0
1 (12-17),True,False,TORONTO,VANCOUVER,2025-12-17,46,Watrous,WATR,2025-12-19T21:44:37Z,2025-12-19T14:54:00Z,ARR,bad,410.0
1 (12-17),True,False,TORONTO,VANCOUVER,2025-12-17,47,Saskatoon,SASK,2025-12-20T00:03:37Z,2025-12-19T16:50:00Z,ARR,bad,433.0
1 (12-17),True,False,TORONTO,VANCOUVER,2025-12-17,48,Biggar,BIGG,2025-12-20T02:53:33Z,2025-12-19T19:29:00Z,ARR,bad,444.0
1 (12-17),True,False,TORONTO,VANCOUVER,2025-12-17,49,Unity,UNIT,2025-12-20T03:42:41Z,2025-12-19T20:44:00Z,ARR,bad,418.0
1 (12-17),True,False,TORONTO,VANCOUVER,2025-12-17,50,Wainwright,WAIN,2025-12-20T08:17:15Z,2025-12-19T23:33:00Z,ARR,bad,524.0
1 (12-17),True,False,TORONTO,VANCOUVER,2025-12-17,51,Viking,VKNG,2025-12-20T10:52:15Z,2025-12-20T00:26:00Z,ARR,bad,626.0
1 (12-17),True,False,TORONTO,VANCOUVER,2025-12-17,52,Edmonton,EDMO,2025-12-20T13:15:12Z,2025-12-20T03:50:00Z,ARR,bad,565.0
1 (12-17),True,False,TORONTO,VANCOUVER,2025-12-17,53,Evansburg,EVAN,2025-12-20T16:28:22Z,2025-12-20T08:29:00Z,ARR,bad,479.0
1 (12-17),True,False,TORONTO,VANCOUVER,2025-12-17,54,Edson,EDSN,2025-12-20T18:35:45Z,2025-12-20T09:52:00Z,ARR,bad,523.0
1 (12-17),True,False,TORONTO,VANCOUVER,2025-12-17,55,Hinton,HINT,2025-12-20T19:45:27Z,2025-12-20T10:58:00Z,ARR,bad,527.0
1 (12-17),True,False,TORONTO,VANCOUVER,2025-12-17,56,Jasper,JASP,2025-12-20T21:42:51Z,2025-12-20T13:30:00Z,ARR,bad,492.0
1 (12-17),True,False,TORONTO,VANCOUVER,2025-12-17,57,Valemount,VLMT,2025-12-21T01:39:58Z,2025-12-20T18:50:00Z,ARR,bad,409.0
1 (12-17),True,False,TORONTO,VANCOUVER,2025-12-17,58,Blue River,BLUE,2025-12-21T03:34:55Z,2025-12-20T21:36:00Z,8 mins,bad,358.0
1 (12-17),True,False,TORONTO,VANCOUVER,2025-12-17,59,Clearwater,CLWT,2025-12-21T05:43:55Z,2025-12-20T23:45:00Z,2h17,bad,358.0
1 (12-17),True,False,TORONTO,VANCOUVER,2025-12-17,60,Kamloops North,KAMN,&mdash;,2025-12-21T02:28:00Z,&mdash;,,
1 (12-17),True,False,TORONTO,VANCOUVER,2025-12-17,61,Ashcroft,ASHN,&mdash;,2025-12-21T04:49:00Z,&mdash;,,
1 (12-17),True,False,TORONTO,VANCOUVER,2025-12-17,62,Boston Bar,BBAR,&mdash;,2025-12-21T07:36:00Z,&mdash;,,
1 (12-17),True,False,TORONTO,VANCOUVER,2025-12-17,63,Hope,HOPE,&mdash;,2025-12-21T09:06:00Z,&mdash;,,
1 (12-17),True,False,TORONTO,VANCOUVER,2025-12-17,64,Chilliwack,CHIL,&mdash;,2025-12-21T09:30:00Z,&mdash;,,
1 (12-17),True,False,TORONTO,VANCOUVER,2025-12-17,65,Abbotsford,ABBO,&mdash;,2025-12-21T10:00:00Z,&mdash;,,
1 (12-17),True,False,TORONTO,VANCOUVER,2025-12-17,66,Vancouver,VCVR,&mdash;,2025-12-21T16:00:00Z,&mdash;,,
692 (12-18),True,True,CHURCHILL,WINNIPEG,2025-12-18,0,Churchill,CHUR,2025-12-19T05:00:00Z,2025-12-19T02:30:00Z,ARR,bad,150.0
692 (12-18),True,True,CHURCHILL,WINNIPEG,2025-12-18,1,Tidal,TIDL,2025-12-19T05:22:00Z,2025-12-19T02:52:00Z,ARR,bad,150.0
692 (12-18),True,True,CHURCHILL,WINNIPEG,2025-12-18,2,Chesnaye,CHES,2025-12-19T07:05:00Z,2025-12-19T03:38:00Z,ARR,bad,207.0
692 (12-18),True,True,CHURCHILL,WINNIPEG,2025-12-18,3,M'Clintock,MCLI,2025-12-19T08:45:31Z,2025-12-19T04:54:00Z,ARR,bad,231.0
692 (12-18),True,True,CHURCHILL,WINNIPEG,2025-12-18,4,O'Day,ODAY,2025-12-19T08:09:00Z,2025-12-19T05:39:00Z,ARR,bad,150.0
692 (12-18),True,True,CHURCHILL,WINNIPEG,2025-12-18,5,Herchmer,HERC,2025-12-19T10:28:59Z,2025-12-19T06:18:00Z,ARR,bad,250.0
692 (12-18),True,True,CHURCHILL,WINNIPEG,2025-12-18,6,Thibaudeau,THIB,2025-12-19T12:21:56Z,2025-12-19T07:44:00Z,ARR,bad,277.0
692 (12-18),True,True,CHURCHILL,WINNIPEG,2025-12-18,7,Weir River,WEIR,2025-12-19T12:55:51Z,2025-12-19T08:46:00Z,ARR,bad,249.0
692 (12-18),True,True,CHURCHILL,WINNIPEG,2025-12-18,8,Amery,AMRY,2025-12-19T13:40:51Z,2025-12-19T09:37:00Z,ARR,bad,243.0
692 (12-18),True,True,CHURCHILL,WINNIPEG,2025-12-18,9,Bird,BIRD,2025-12-19T14:08:33Z,2025-12-19T10:00:00Z,ARR,bad,248.0
692 (12-18),True,True,CHURCHILL,WINNIPEG,2025-12-18,10,Gillam,GILL,2025-12-19T15:05:28Z,2025-12-19T11:00:00Z,ARR,bad,245.0
692 (12-18),True,True,CHURCHILL,WINNIPEG,2025-12-18,11,Wivenhoe,WVHO,2025-12-19T16:16:00Z,2025-12-19T12:16:00Z,ARR,bad,240.0
692 (12-18),True,True,CHURCHILL,WINNIPEG,2025-12-18,12,Ilford,ILFO,2025-12-19T17:01:31Z,2025-12-19T12:53:00Z,ARR,bad,248.0
692 (12-18),True,True,CHURCHILL,WINNIPEG,2025-12-18,13,Pit Siding,PITS,2025-12-19T18:37:56Z,2025-12-19T13:54:00Z,ARR,bad,283.0
692 (12-18),True,True,CHURCHILL,WINNIPEG,2025-12-18,14,Bridgar,BRGR,2025-12-19T20:13:08Z,2025-12-19T15:16:00Z,ARR,bad,297.0
692 (12-18),True,True,CHURCHILL,WINNIPEG,2025-12-18,15,Pikwitonei,PIKW,2025-12-19T20:24:08Z,2025-12-19T15:27:00Z,ARR,bad,297.0
692 (12-18),True,True,CHURCHILL,WINNIPEG,2025-12-18,16,Sipiwesk,SIPI,2025-12-19T20:51:08Z,2025-12-19T15:54:00Z,ARR,bad,297.0
692 (12-18),True,True,CHURCHILL,WINNIPEG,2025-12-18,17,Thompson,THOM,2025-12-20T01:01:04Z,2025-12-19T17:30:00Z,ARR,bad,451.0
692 (12-18),True,True,CHURCHILL,WINNIPEG,2025-12-18,18,Leven,LEVN,2025-12-20T03:13:20Z,2025-12-19T22:05:00Z,ARR,bad,308.0
692 (12-18),True,True,CHURCHILL,WINNIPEG,2025-12-18,19,Thicket Portage,THKP,2025-12-20T02:26:15Z,2025-12-19T22:22:00Z,ARR,bad,244.0
692 (12-18),True,True,CHURCHILL,WINNIPEG,2025-12-18,20,Hockin,HOCK,2025-12-20T02:48:20Z,2025-12-19T22:37:00Z,ARR,bad,251.0
692 (12-18),True,True,CHURCHILL,WINNIPEG,2025-12-18,21,Odhill,ODHI,2025-12-20T03:26:58Z,2025-12-19T23:21:00Z,ARR,bad,245.0
692 (12-18),True,True,CHURCHILL,WINNIPEG,2025-12-18,22,Lyddal,LYDD,2025-12-20T03:51:32Z,2025-12-19T23:43:00Z,ARR,bad,248.0
692 (12-18),True,True,CHURCHILL,WINNIPEG,2025-12-18,23,Wabowden,WBDN,2025-12-20T04:17:12Z,2025-12-20T00:11:00Z,ARR,bad,246.0
692 (12-18),True,True,CHURCHILL,WINNIPEG,2025-12-18,24,Pipun,PIPN,2025-12-20T04:35:45Z,2025-12-20T00:34:00Z,ARR,bad,241.0
692 (12-18),True,True,CHURCHILL,WINNIPEG,2025-12-18,25,Ponton,PNTN,2025-12-20T05:22:55Z,2025-12-20T01:17:00Z,ARR,bad,245.0
692 (12-18),True,True,CHURCHILL,WINNIPEG,2025-12-18,26,Turnbull,TURN,2025-12-20T05:50:48Z,2025-12-20T01:49:00Z,ARR,bad,241.0
692 (12-18),True,True,CHURCHILL,WINNIPEG,2025-12-18,27,Wekusko,WEKU,2025-12-20T06:14:21Z,2025-12-20T02:16:00Z,ARR,bad,238.0
692 (12-18),True,True,CHURCHILL,WINNIPEG,2025-12-18,28,Dyce,DYCE,2025-12-20T07:04:56Z,2025-12-20T03:00:00Z,ARR,bad,244.0
692 (12-18),True,True,CHURCHILL,WINNIPEG,2025-12-18,29,Dering,DERI,2025-12-20T07:41:25Z,2025-12-20T03:39:00Z,ARR,bad,242.0
692 (12-18),True,True,CHURCHILL,WINNIPEG,2025-12-18,30,Cormorant,CORM,2025-12-20T07:44:40Z,2025-12-20T03:47:00Z,ARR,bad,237.0
692 (12-18),True,True,CHURCHILL,WINNIPEG,2025-12-18,31,Halcrow,HALC,2025-12-20T07:55:40Z,2025-12-20T03:58:00Z,ARR,bad,237.0
692 (12-18),True,True,CHURCHILL,WINNIPEG,2025-12-18,32,Orok,OROK,2025-12-20T08:46:06Z,2025-12-20T04:52:00Z,ARR,bad,234.0
692 (12-18),True,True,CHURCHILL,WINNIPEG,2025-12-18,33,The Pas,TPAS,2025-12-20T09:26:51Z,2025-12-20T05:30:00Z,ARR,bad,236.0
692 (12-18),True,True,CHURCHILL,WINNIPEG,2025-12-18,34,Hudson Bay,HBAY,2025-12-20T12:30:08Z,2025-12-20T11:27:00Z,ARR,bad,63.0
692 (12-18),True,True,CHURCHILL,WINNIPEG,2025-12-18,35,Reserve,RSRV,2025-12-20T13:26:44Z,2025-12-20T12:09:00Z,ARR,bad,77.0
692 (12-18),True,True,CHURCHILL,WINNIPEG,2025-12-18,36,Endeavour,ENDV,2025-12-20T14:08:37Z,2025-12-20T12:55:00Z,ARR,bad,73.0
692 (12-18),True,True,CHURCHILL,WINNIPEG,2025-12-18,37,Sturgis,STGS,2025-12-20T14:39:33Z,2025-12-20T13:24:00Z,ARR,bad,75.0
692 (12-18),True,True,CHURCHILL,WINNIPEG,2025-12-18,38,Canora,CANO,2025-12-20T15:22:46Z,2025-12-20T14:08:00Z,ARR,bad,74.0
692 (12-18),True,True,CHURCHILL,WINNIPEG,2025-12-18,39,Mikado,MIKA,2025-12-20T15:43:28Z,2025-12-20T14:30:00Z,ARR,bad,73.0
692 (12-18),True,True,CHURCHILL,WINNIPEG,2025-12-18,40,Veregin,VERE,2025-12-20T15:55:16Z,2025-12-20T14:43:00Z,ARR,bad,72.0
692 (12-18),True,True,CHURCHILL,WINNIPEG,2025-12-18,41,Kamsack,KAMS,2025-12-20T16:07:42Z,2025-12-20T14:58:00Z,ARR,bad,69.0
692 (12-18),True,True,CHURCHILL,WINNIPEG,2025-12-18,42,Togo,TOGO,2025-12-20T16:44:48Z,2025-12-20T15:37:00Z,ARR,bad,67.0
692 (12-18),True,True,CHURCHILL,WINNIPEG,2025-12-18,43,Roblin,RBLN,2025-12-20T17:16:47Z,2025-12-20T16:14:00Z,ARR,bad,62.0
692 (12-18),True,True,CHURCHILL,WINNIPEG,2025-12-18,44,Grandview,GVIE,2025-12-20T18:35:45Z,2025-12-20T17:12:00Z,ARR,bad,83.0
692 (12-18),True,True,CHURCHILL,WINNIPEG,2025-12-18,45,Gilbert Plains,GLBP,2025-12-20T18:59:59Z,2025-12-20T17:32:00Z,ARR,bad,87.0
692 (12-18),True,True,CHURCHILL,WINNIPEG,2025-12-18,46,Dauphin,DAUP,2025-12-20T19:40:21Z,2025-12-20T17:56:00Z,ARR,bad,104.0
692 (12-18),True,True,CHURCHILL,WINNIPEG,2025-12-18,47,Ochre River,OCHR,2025-12-20T20:10:33Z,2025-12-20T18:20:00Z,ARR,bad,110.0
692 (12-18),True,True,CHURCHILL,WINNIPEG,2025-12-18,48,Laurier,LRIE,2025-12-20T20:27:05Z,2025-12-20T18:38:00Z,ARR,bad,109.0
692 (12-18),True,True,CHURCHILL,WINNIPEG,2025-12-18,49,Mccreary,MCCR,2025-12-20T20:49:44Z,2025-12-20T18:54:00Z,ARR,bad,115.0
692 (12-18),True,True,CHURCHILL,WINNIPEG,2025-12-18,50,Glenella,GLNA,2025-12-20T21:33:41Z,2025-12-20T19:34:00Z,ARR,bad,119.0
692 (12-18),True,True,CHURCHILL,WINNIPEG,2025-12-18,51,Plumas,PLUM,2025-12-20T22:01:12Z,2025-12-20T20:06:00Z,ARR,bad,115.0
692 (12-18),True,True,CHURCHILL,WINNIPEG,2025-12-18,52,Gladstone,GSTO,2025-12-20T22:30:20Z,2025-12-20T20:51:00Z,ARR,bad,99.0
692 (12-18),True,True,CHURCHILL,WINNIPEG,2025-12-18,53,Portage La Prairie,PLPX,2025-12-20T23:15:01Z,2025-12-20T21:37:00Z,ARR,bad,98.0
692 (12-18),True,True,CHURCHILL,WINNIPEG,2025-12-18,54,Winnipeg,WNPG,2025-12-21T00:16:48Z,2025-12-20T22:45:00Z,ARR,bad,91.0
2 (12-19),True,False,VANCOUVER,TORONTO,2025-12-19,0,Vancouver,VCVR,2025-12-19T23:00:00Z,2025-12-19T23:00:00Z,ARR,goo,0.0
2 (12-19),True,False,VANCOUVER,TORONTO,2025-12-19,1,Mission Harbour,MSNH,2025-12-20T01:34:48Z,2025-12-20T00:35:00Z,ARR,bad,59.0
2 (12-19),True,False,VANCOUVER,TORONTO,2025-12-19,2,Agassiz,AGAS,2025-12-20T02:37:56Z,2025-12-20T01:03:00Z,ARR,bad,94.0
2 (12-19),True,False,VANCOUVER,TORONTO,2025-12-19,3,Katz,KATZ,2025-12-20T02:58:49Z,2025-12-20T01:17:00Z,ARR,bad,101.0
2 (12-19),True,False,VANCOUVER,TORONTO,2025-12-19,4,North Bend,NBND,2025-12-20T04:59:38Z,2025-12-20T03:46:00Z,ARR,bad,73.0
2 (12-19),True,False,VANCOUVER,TORONTO,2025-12-19,5,Ashcroft,ASHN,2025-12-20T08:02:38Z,2025-12-20T06:32:00Z,ARR,bad,90.0
2 (12-19),True,False,VANCOUVER,TORONTO,2025-12-19,6,Kamloops North,KAMN,2025-12-20T09:33:54Z,2025-12-20T08:17:00Z,ARR,bad,76.0
2 (12-19),True,False,VANCOUVER,TORONTO,2025-12-19,7,Clearwater,CLWT,2025-12-20T11:50:30Z,2025-12-20T10:58:00Z,ARR,bad,52.0
2 (12-19),True,False,VANCOUVER,TORONTO,2025-12-19,8,Blue River,BLUE,2025-12-20T13:55:48Z,2025-12-20T13:11:00Z,ARR,bad,44.0
2 (12-19),True,False,VANCOUVER,TORONTO,2025-12-19,9,Valemount,VLMT,2025-12-20T16:50:33Z,2025-12-20T15:01:00Z,ARR,bad,109.0
2 (12-19),True,False,VANCOUVER,TORONTO,2025-12-19,10,Jasper,JASP,2025-12-20T18:51:03Z,2025-12-20T18:00:00Z,ARR,bad,51.0
2 (12-19),True,False,VANCOUVER,TORONTO,2025-12-19,11,Hinton,HINT,2025-12-20T21:48:20Z,2025-12-20T20:45:00Z,ARR,bad,63.0
2 (12-19),True,False,VANCOUVER,TORONTO,2025-12-19,12,Edson,EDSN,2025-12-20T23:27:32Z,2025-12-20T22:19:00Z,ARR,bad,68.0
2 (12-19),True,False,VANCOUVER,TORONTO,2025-12-19,13,Evansburg,EVAN,2025-12-21T00:32:06Z,2025-12-20T23:28:00Z,ARR,bad,64.0
2 (12-19),True,False,VANCOUVER,TORONTO,2025-12-19,14,Edmonton,EDMO,2025-12-21T02:28:35Z,2025-12-21T01:50:00Z,ARR,bad,38.0
2 (12-19),True,False,VANCOUVER,TORONTO,2025-12-19,15,Viking,VKNG,2025-12-21T05:31:35Z,2025-12-21T04:53:00Z,2h04,bad,38.0
2 (12-19),True,False,VANCOUVER,TORONTO,2025-12-19,16,Wainwright,WAIN,2025-12-21T07:52:35Z,2025-12-21T07:14:00Z,4h25,bad,38.0
2 (12-19),True,False,VANCOUVER,TORONTO,2025-12-19,17,Unity,UNIT,&mdash;,2025-12-21T08:47:00Z,&mdash;,,
2 (12-19),True,False,VANCOUVER,TORONTO,2025-12-19,18,Biggar,BIGG,&mdash;,2025-12-21T10:21:00Z,&mdash;,,
2 (12-19),True,False,VANCOUVER,TORONTO,2025-12-19,19,Saskatoon,SASK,&mdash;,2025-12-21T12:57:00Z,&mdash;,,
2 (12-19),True,False,VANCOUVER,TORONTO,2025-12-19,20,Watrous,WATR,&mdash;,2025-12-21T15:26:00Z,&mdash;,,
692 (12-20),True,False,CHURCHILL,WINNIPEG,2025-12-20,0,Churchill,CHUR,2025-12-21T05:55:00Z,2025-12-21T02:30:00Z,2h28,bad,205.0
692 (12-20),True,False,CHURCHILL,WINNIPEG,2025-12-20,1,Tidal,TIDL,2025-12-21T06:17:00Z,2025-12-21T02:52:00Z,2h50,bad,205.0
692 (12-20),True,False,CHURCHILL,WINNIPEG,2025-12-20,2,Chesnaye,CHES,2025-12-21T07:03:00Z,2025-12-21T03:38:00Z,3h36,bad,205.0
692 (12-20),True,False,CHURCHILL,WINNIPEG,2025-12-20,3,M'Clintock,MCLI,2025-12-21T08:19:00Z,2025-12-21T04:54:00Z,4h52,bad,205.0
692 (12-20),True,False,CHURCHILL,WINNIPEG,2025-12-20,4,O'Day,ODAY,2025-12-21T09:04:00Z,2025-12-21T05:39:00Z,5h37,bad,205.0
692 (12-20),True,False,CHURCHILL,WINNIPEG,2025-12-20,5,Herchmer,HERC,2025-12-21T09:43:00Z,2025-12-21T06:18:00Z,6h16,bad,205.0
692 (12-20),True,False,CHURCHILL,WINNIPEG,2025-12-20,6,Thibaudeau,THIB,2025-12-21T11:09:00Z,2025-12-21T07:44:00Z,7h42,bad,205.0
692 (12-20),True,False,CHURCHILL,WINNIPEG,2025-12-20,7,Weir River,WEIR,2025-12-21T12:11:00Z,2025-12-21T08:46:00Z,8h44,bad,205.0
692 (12-20),True,False,CHURCHILL,WINNIPEG,2025-12-20,8,Amery,AMRY,2025-12-21T13:02:00Z,2025-12-21T09:37:00Z,9h35,bad,205.0
692 (12-20),True,False,CHURCHILL,WINNIPEG,2025-12-20,9,Bird,BIRD,2025-12-21T13:25:00Z,2025-12-21T10:00:00Z,9h58,bad,205.0
692 (12-20),True,False,CHURCHILL,WINNIPEG,2025-12-20,10,Gillam,GILL,2025-12-21T14:25:00Z,2025-12-21T11:00:00Z,10h58,bad,205.0
692 (12-20),True,False,CHURCHILL,WINNIPEG,2025-12-20,11,Wivenhoe,WVHO,2025-12-21T15:41:00Z,2025-12-21T12:16:00Z,12h14,bad,205.0
692 (12-20),True,False,CHURCHILL,WINNIPEG,2025-12-20,12,Ilford,ILFO,2025-12-21T16:18:00Z,2025-12-21T12:53:00Z,12h51,bad,205.0
692 (12-20),True,False,CHURCHILL,WINNIPEG,2025-12-20,13,Pit Siding,PITS,2025-12-21T17:19:00Z,2025-12-21T13:54:00Z,13h52,bad,205.0
692 (12-20),True,False,CHURCHILL,WINNIPEG,2025-12-20,14,Bridgar,BRGR,2025-12-21T18:41:00Z,2025-12-21T15:16:00Z,15h14,bad,205.0
692 (12-20),True,False,CHURCHILL,WINNIPEG,2025-12-20,15,Pikwitonei,PIKW,2025-12-21T18:52:00Z,2025-12-21T15:27:00Z,15h25,bad,205.0
692 (12-20),True,False,CHURCHILL,WINNIPEG,2025-12-20,16,Sipiwesk,SIPI,2025-12-21T19:19:00Z,2025-12-21T15:54:00Z,15h52,bad,205.0
15,True,True,HALIFAX,MONTRÉAL,2025-12-19,0,Halifax,HLFX,2025-12-19T15:30:20Z,2025-12-19T15:30:00Z,ARR,goo,0.0
15,True,True,HALIFAX,MONTRÉAL,2025-12-19,1,Truro,TRUR,2025-12-19T16:57:48Z,2025-12-19T16:56:00Z,ARR,goo,1.0
15,True,True,HALIFAX,MONTRÉAL,2025-12-19,2,Springhill Jct,SPRJ,2025-12-19T18:18:20Z,2025-12-19T18:11:00Z,ARR,med,7.0
15,True,True,HALIFAX,MONTRÉAL,2025-12-19,3,Amherst,AMHS,2025-12-19T18:38:50Z,2025-12-19T18:34:00Z,ARR,goo,4.0
15,True,True,HALIFAX,MONTRÉAL,2025-12-19,4,Sackville,SACK,2025-12-19T18:59:19Z,2025-12-19T18:50:00Z,ARR,med,9.0
15,True,True,HALIFAX,MONTRÉAL,2025-12-19,5,Moncton,MCTN,2025-12-19T20:00:31Z,2025-12-19T19:44:00Z,ARR,med,16.0
15,True,True,HALIFAX,MONTRÉAL,2025-12-19,6,Rogersville,RGRV,2025-12-19T22:03:13Z,2025-12-19T21:08:00Z,ARR,bad,55.0
15,True,True,HALIFAX,MONTRÉAL,2025-12-19,7,Miramichi,MIRA,2025-12-19T22:55:52Z,2025-12-19T21:59:00Z,ARR,bad,56.0
15,True,True,HALIFAX,MONTRÉAL,2025-12-19,8,Bathurst,BTRS,2025-12-20T00:41:00Z,2025-12-19T23:55:00Z,ARR,bad,46.0
15,True,True,HALIFAX,MONTRÉAL,2025-12-19,9,Petit Rocher,PROC,2025-12-20T01:04:37Z,2025-12-20T00:22:00Z,ARR,bad,42.0
15,True,True,HALIFAX,MONTRÉAL,2025-12-19,10,Jacquet River,JACR,2025-12-20T01:37:13Z,2025-12-20T00:44:01Z,ARR,bad,53.0
15,True,True,HALIFAX,MONTRÉAL,2025-12-19,11,Charlo,CHLO,2025-12-20T02:16:00Z,2025-12-20T01:07:00Z,ARR,bad,69.0
15,True,True,HALIFAX,MONTRÉAL,2025-12-19,12,Campbellton,CBTN,2025-12-20T03:04:53Z,2025-12-20T02:10:00Z,ARR,bad,54.0
15,True,True,HALIFAX,MONTRÉAL,2025-12-19,13,Matapedia,MTPD,2025-12-20T03:50:31Z,2025-12-20T02:52:00Z,ARR,bad,58.0
15,True,True,HALIFAX,MONTRÉAL,2025-12-19,14,Causapscal,CAUS,2025-12-20T04:51:30Z,2025-12-20T03:41:00Z,ARR,bad,70.0
15,True,True,HALIFAX,MONTRÉAL,2025-12-19,15,Amqui,AMQU,2025-12-20T05:24:04Z,2025-12-20T04:01:00Z,ARR,bad,83.0
15,True,True,HALIFAX,MONTRÉAL,2025-12-19,16,Sayabec,SAYA,2025-12-20T05:58:38Z,2025-12-20T04:23:00Z,ARR,bad,95.0
15,True,True,HALIFAX,MONTRÉAL,2025-12-19,17,Mont-Joli,MJLI,2025-12-20T07:08:16Z,2025-12-20T05:53:00Z,ARR,bad,75.0
15,True,True,HALIFAX,MONTRÉAL,2025-12-19,18,Rimouski,RMSK,2025-12-20T07:39:13Z,2025-12-20T06:24:00Z,ARR,bad,75.0
15,True,True,HALIFAX,MONTRÉAL,2025-12-19,19,Trois Pistoles,TPIS,2025-12-20T08:56:41Z,2025-12-20T07:29:00Z,ARR,bad,87.0
15,True,True,HALIFAX,MONTRÉAL,2025-12-19,20,Rivière-Du-Loup,RDLX,2025-12-20T09:35:26Z,2025-12-20T08:16:00Z,ARR,bad,79.0
15,True,True,HALIFAX,MONTRÉAL,2025-12-19,21,La Pocatière,LPOC,2025-12-20T10:23:34Z,2025-12-20T09:05:00Z,ARR,bad,78.0
15,True,True,HALIFAX,MONTRÉAL,2025-12-19,22,Montmagny,MMGY,2025-12-20T10:56:41Z,2025-12-20T09:39:00Z,ARR,bad,77.0
15,True,True,HALIFAX,MONTRÉAL,2025-12-19,23,Ste-Foy,SFOY,2025-12-20T11:58:32Z,2025-12-20T11:13:00Z,ARR,bad,45.0
15,True,True,HALIFAX,MONTRÉAL,2025-12-19,24,Drummondville,DRMV,2025-12-20T14:14:13Z,2025-12-20T13:20:00Z,ARR,bad,54.0
15,True,True,HALIFAX,MONTRÉAL,2025-12-19,25,St. Hyacinthe,SHYA,2025-12-20T14:55:35Z,2025-12-20T14:00:00Z,ARR,bad,55.0
15,True,True,HALIFAX,MONTRÉAL,2025-12-19,26,St. Lambert,SLAM,2025-12-20T15:37:24Z,2025-12-20T14:34:00Z,ARR,bad,63.0
15,True,True,HALIFAX,MONTRÉAL,2025-12-19,27,Montréal,MTRL,2025-12-20T15:57:59Z,2025-12-20T14:53:00Z,ARR,bad,64.0
6,True,True,PRINCE RUPERT,JASPER,2025-12-19,0,Prince Rupert,PRUP,2025-12-19T16:00:56Z,2025-12-19T16:00:00Z,ARR,goo,0.0
6,True,True,PRINCE RUPERT,JASPER,2025-12-19,1,Cassiar Cannery,CASS,2025-12-19T16:31:01Z,2025-12-19T16:20:00Z,ARR,med,11.0
6,True,True,PRINCE RUPERT,JASPER,2025-12-19,2,Kwinitsa,KWIN,2025-12-19T17:11:23Z,2025-12-19T17:17:00Z,ARR,goo,-5.0
6,True,True,PRINCE RUPERT,JASPER,2025-12-19,3,Terrace,TRRC,2025-12-19T18:12:04Z,2025-12-19T18:20:00Z,ARR,goo,-7.0
6,True,True,PRINCE RUPERT,JASPER,2025-12-19,4,Usk,USKX,2025-12-19T18:49:39Z,2025-12-19T18:48:00Z,ARR,goo,1.0
6,True,True,PRINCE RUPERT,JASPER,2025-12-19,5,Pacific,PACI,2025-12-19T19:05:16Z,2025-12-19T19:07:00Z,ARR,goo,-1.0
6,True,True,PRINCE RUPERT,JASPER,2025-12-19,6,Dorreen,DORR,2025-12-19T19:13:05Z,2025-12-19T19:19:00Z,ARR,goo,-5.0
6,True,True,PRINCE RUPERT,JASPER,2025-12-19,7,Cedarvale,CEDA,2025-12-19T19:31:37Z,2025-12-19T19:44:00Z,ARR,goo,-12.0
6,True,True,PRINCE RUPERT,JASPER,2025-12-19,8,Kitwanga,KITW,2025-12-19T19:50:32Z,2025-12-19T19:48:01Z,ARR,goo,2.0
6,True,True,PRINCE RUPERT,JASPER,2025-12-19,9,New Hazelton,NHAZ,2025-12-19T20:33:33Z,2025-12-19T20:30:00Z,ARR,goo,3.0
6,True,True,PRINCE RUPERT,JASPER,2025-12-19,10,Smithers,SMTR,2025-12-19T22:28:53Z,2025-12-19T22:14:00Z,ARR,med,14.0
6,True,True,PRINCE RUPERT,JASPER,2025-12-19,11,Telkwa,TELK,2025-12-19T23:15:09Z,2025-12-19T22:37:00Z,ARR,bad,38.0
6,True,True,PRINCE RUPERT,JASPER,2025-12-19,12,Houston,HOUS,2025-12-19T23:54:02Z,2025-12-19T23:22:00Z,ARR,bad,32.0
6,True,True,PRINCE RUPERT,JASPER,2025-12-19,13,Burns Lake,BRNL,2025-12-20T01:12:05Z,2025-12-20T00:32:00Z,ARR,bad,40.0
6,True,True,PRINCE RUPERT,JASPER,2025-12-19,14,Endako,ENDA,2025-12-20T02:00:45Z,2025-12-20T01:25:00Z,ARR,bad,35.0
6,True,True,PRINCE RUPERT,JASPER,2025-12-19,15,Fort Fraser,FFRA,2025-12-20T02:27:29Z,2025-12-20T01:57:00Z,ARR,bad,30.0
6,True,True,PRINCE RUPERT,JASPER,2025-12-19,16,Vanderhoof,VDRH,2025-12-20T03:02:30Z,2025-12-20T02:35:00Z,ARR,bad,27.0
6,True,True,PRINCE RUPERT,JASPER,2025-12-19,17,Prince George,PGEO,2025-12-20T05:03:18Z,2025-12-20T04:29:00Z,ARR,bad,34.0
6,True,True,PRINCE RUPERT,JASPER,2025-12-19,18,Willow River,WILR,2025-12-20T16:50:42Z,2025-12-20T16:48:00Z,ARR,goo,2.0
6,True,True,PRINCE RUPERT,JASPER,2025-12-19,19,Aleza Lake,ALZL,2025-12-20T17:13:49Z,2025-12-20T17:17:00Z,ARR,goo,-3.0
6,True,True,PRINCE RUPERT,JASPER,2025-12-19,20,Upper Fraser,UFRZ,2025-12-20T17:25:00Z,2025-12-20T17:25:00Z,ARR,goo,0.0
6,True,True,PRINCE RUPERT,JASPER,2025-12-19,21,Mcgregor,MCGR,2025-12-20T17:33:00Z,2025-12-20T17:33:00Z,ARR,goo,0.0
6,True,True,PRINCE RUPERT,JASPER,2025-12-19,22,Sinclair Mills,SINM,2025-12-20T17:35:35Z,2025-12-20T17:44:00Z,ARR,goo,-8.0
6,True,True,PRINCE RUPERT,JASPER,2025-12-19,23,Hutton,HUTT,2025-12-20T17:48:00Z,2025-12-20T17:48:00Z,ARR,goo,0.0
6,True,True,PRINCE RUPERT,JASPER,2025-12-19,24,Longworth,LWTH,2025-12-20T17:52:32Z,2025-12-20T17:59:00Z,ARR,goo,-6.0
6,True,True,PRINCE RUPERT,JASPER,2025-12-19,25,Penny,PENN,2025-12-20T18:06:01Z,2025-12-20T18:13:00Z,ARR,goo,-6.0
6,True,True,PRINCE RUPERT,JASPER,2025-12-19,26,Bend,BEND,2025-12-20T18:23:05Z,2025-12-20T18:32:00Z,ARR,goo,-8.0
6,True,True,PRINCE RUPERT,JASPER,2025-12-19,27,Dome Creek,DOMC,2025-12-20T18:24:45Z,2025-12-20T18:33:07Z,ARR,goo,-8.0
6,True,True,PRINCE RUPERT,JASPER,2025-12-19,28,Loos,LOOS,2025-12-20T18:53:13Z,2025-12-20T19:07:00Z,ARR,goo,-13.0
6,True,True,PRINCE RUPERT,JASPER,2025-12-19,29,Goat River,GOAT,2025-12-20T19:09:52Z,2025-12-20T19:22:00Z,ARR,goo,-12.0
6,True,True,PRINCE RUPERT,JASPER,2025-12-19,30,Mcbride,MCBR,2025-12-20T20:00:12Z,2025-12-20T20:18:00Z,ARR,goo,-17.0
6,True,True,PRINCE RUPERT,JASPER,2025-12-19,31,Dunster,DNST,2025-12-20T20:33:21Z,2025-12-20T20:35:00Z,ARR,goo,-1.0
6,True,True,PRINCE RUPERT,JASPER,2025-12-19,32,Harvey,HRVY,2025-12-20T21:06:01Z,2025-12-20T21:24:00Z,ARR,goo,-17.0
6,True,True,PRINCE RUPERT,JASPER,2025-12-19,33,Jasper,JASP,2025-12-20T23:06:38Z,2025-12-21T00:00:00Z,ARR,goo,-53.0
691,True,True,THE PAS,CHURCHILL,2025-12-19,0,The Pas,TPAS,2025-12-19T09:13:20Z,2025-12-19T08:30:00Z,ARR,bad,43.0
691,True,True,THE PAS,CHURCHILL,2025-12-19,1,Orok,OROK,2025-12-19T10:00:18Z,2025-12-19T09:07:00Z,ARR,bad,53.0
691,True,True,THE PAS,CHURCHILL,2025-12-19,2,Halcrow,HALC,2025-12-19T10:58:30Z,2025-12-19T10:01:00Z,ARR,bad,57.0
691,True,True,THE PAS,CHURCHILL,2025-12-19,3,Cormorant,CORM,2025-12-19T11:12:09Z,2025-12-19T10:12:00Z,ARR,bad,60.0
691,True,True,THE PAS,CHURCHILL,2025-12-19,4,Dering,DERI,2025-12-19T11:20:09Z,2025-12-19T10:20:00Z,ARR,bad,60.0
691,True,True,THE PAS,CHURCHILL,2025-12-19,5,Dyce,DYCE,2025-12-19T11:59:09Z,2025-12-19T10:59:00Z,ARR,bad,60.0
691,True,True,THE PAS,CHURCHILL,2025-12-19,6,Wekusko,WEKU,2025-12-19T13:06:07Z,2025-12-19T11:43:00Z,ARR,bad,83.0
691,True,True,THE PAS,CHURCHILL,2025-12-19,7,Turnbull,TURN,2025-12-19T13:35:48Z,2025-12-19T12:10:00Z,ARR,bad,85.0
691,True,True,THE PAS,CHURCHILL,2025-12-19,8,Ponton,PNTN,2025-12-19T14:09:17Z,2025-12-19T12:42:00Z,ARR,bad,87.0
691,True,True,THE PAS,CHURCHILL,2025-12-19,9,Pipun,PIPN,2025-12-19T15:04:47Z,2025-12-19T13:25:00Z,ARR,bad,99.0
691,True,True,THE PAS,CHURCHILL,2025-12-19,10,Wabowden,WBDN,2025-12-19T15:21:53Z,2025-12-19T13:48:00Z,ARR,bad,93.0
691,True,True,THE PAS,CHURCHILL,2025-12-19,11,Lyddal,LYDD,2025-12-19T16:00:49Z,2025-12-19T14:16:00Z,ARR,bad,104.0
691,True,True,THE PAS,CHURCHILL,2025-12-19,12,Odhill,ODHI,2025-12-19T16:26:08Z,2025-12-19T14:38:00Z,ARR,bad,108.0
691,True,True,THE PAS,CHURCHILL,2025-12-19,13,Hockin,HOCK,2025-12-19T17:05:02Z,2025-12-19T15:22:00Z,ARR,bad,103.0
691,True,True,THE PAS,CHURCHILL,2025-12-19,14,Thicket Portage,THKP,2025-12-19T17:18:48Z,2025-12-19T15:37:00Z,ARR,bad,101.0
691,True,True,THE PAS,CHURCHILL,2025-12-19,15,Leven,LEVN,2025-12-19T17:41:23Z,2025-12-19T15:54:00Z,ARR,bad,107.0
691,True,True,THE PAS,CHURCHILL,2025-12-19,16,Thompson,THOM,2025-12-19T21:29:13Z,2025-12-19T18:00:00Z,ARR,bad,209.0
691,True,True,THE PAS,CHURCHILL,2025-12-19,17,Sipiwesk,SIPI,2025-12-20T02:54:55Z,2025-12-20T00:35:00Z,ARR,bad,139.0
691,True,True,THE PAS,CHURCHILL,2025-12-19,18,Pikwitonei,PIKW,2025-12-20T03:21:55Z,2025-12-20T01:02:00Z,ARR,bad,139.0
691,True,True,THE PAS,CHURCHILL,2025-12-19,19,Bridgar,BRGR,2025-12-20T03:32:55Z,2025-12-20T01:13:00Z,ARR,bad,139.0
691,True,True,THE PAS,CHURCHILL,2025-12-19,20,Pit Siding,PITS,2025-12-20T05:08:55Z,2025-12-20T02:35:00Z,ARR,bad,153.0
691,True,True,THE PAS,CHURCHILL,2025-12-19,21,Ilford,ILFO,2025-12-20T06:40:57Z,2025-12-20T03:36:00Z,ARR,bad,184.0
691,True,True,THE PAS,CHURCHILL,2025-12-19,22,Wivenhoe,WVHO,2025-12-20T07:34:43Z,2025-12-20T04:13:00Z,ARR,bad,201.0
691,True,True,THE PAS,CHURCHILL,2025-12-19,23,Gillam,GILL,2025-12-20T08:26:48Z,2025-12-20T05:00:01Z,ARR,bad,206.0
691,True,True,THE PAS,CHURCHILL,2025-12-19,24,Bird,BIRD,2025-12-20T10:08:32Z,2025-12-20T06:29:00Z,ARR,bad,219.0
691,True,True,THE PAS,CHURCHILL,2025-12-19,25,Amery,AMRY,2025-12-20T10:44:50Z,2025-12-20T06:51:00Z,ARR,bad,233.0
691,True,True,THE PAS,CHURCHILL,2025-12-19,26,Weir River,WEIR,2025-12-20T11:51:05Z,2025-12-20T07:43:00Z,ARR,bad,248.0
691,True,True,THE PAS,CHURCHILL,2025-12-19,27,Thibaudeau,THIB,2025-12-20T13:02:10Z,2025-12-20T09:00:00Z,ARR,bad,242.0
691,True,True,THE PAS,CHURCHILL,2025-12-19,28,Herchmer,HERC,2025-12-20T13:35:30Z,2025-12-20T10:26:00Z,ARR,bad,189.0
691,True,True,THE PAS,CHURCHILL,2025-12-19,29,O'Day,ODAY,2025-12-20T14:34:28Z,2025-12-20T11:05:00Z,ARR,bad,209.0
691,True,True,THE PAS,CHURCHILL,2025-12-19,30,M'Clintock,MCLI,2025-12-20T15:23:52Z,2025-12-20T11:50:00Z,ARR,bad,213.0
691,True,True,THE PAS,CHURCHILL,2025-12-19,31,Chesnaye,CHES,2025-12-20T16:45:20Z,2025-12-20T13:06:00Z,ARR,bad,219.0
691,True,True,THE PAS,CHURCHILL,2025-12-19,32,Tidal,TIDL,2025-12-20T18:08:09Z,2025-12-20T14:37:00Z,ARR,bad,211.0
691,True,True,THE PAS,CHURCHILL,2025-12-19,33,Churchill,CHUR,2025-12-20T19:00:01Z,2025-12-20T15:00:00Z,ARR,bad,240.0
5,True,False,JASPER,PRINCE RUPERT,2025-12-19,0,Jasper,JASP,2025-12-19T17:53:43Z,2025-12-19T17:45:00Z,ARR,med,8.0
5,True,False,JASPER,PRINCE RUPERT,2025-12-19,1,Harvey,HRVY,2025-12-19T19:33:30Z,2025-12-19T19:38:00Z,ARR,goo,-4.0
5,True,False,JASPER,PRINCE RUPERT,2025-12-19,2,Dunster,DNST,2025-12-19T20:05:05Z,2025-12-19T20:12:00Z,ARR,goo,-6.0
5,True,False,JASPER,PRINCE RUPERT,2025-12-19,3,Mcbride,MCBR,2025-12-19T20:36:31Z,2025-12-19T20:44:00Z,ARR,goo,-7.0
5,True,False,JASPER,PRINCE RUPERT,2025-12-19,4,Goat River,GOAT,2025-12-19T21:27:27Z,2025-12-19T21:41:00Z,ARR,goo,-13.0
5,True,False,JASPER,PRINCE RUPERT,2025-12-19,5,Loos,LOOS,2025-12-19T21:43:22Z,2025-12-19T21:58:00Z,ARR,goo,-14.0
5,True,False,JASPER,PRINCE RUPERT,2025-12-19,6,Dome Creek,DOMC,2025-12-19T22:28:33Z,2025-12-19T22:32:00Z,ARR,goo,-3.0
5,True,False,JASPER,PRINCE RUPERT,2025-12-19,7,Bend,BEND,2025-12-19T22:30:36Z,2025-12-19T22:36:00Z,ARR,goo,-5.0
5,True,False,JASPER,PRINCE RUPERT,2025-12-19,8,Penny,PENN,2025-12-19T23:26:28Z,2025-12-19T22:56:00Z,ARR,bad,30.0
5,True,False,JASPER,PRINCE RUPERT,2025-12-19,9,Longworth,LWTH,2025-12-19T23:38:57Z,2025-12-19T23:11:00Z,ARR,bad,27.0
5,True,False,JASPER,PRINCE RUPERT,2025-12-19,10,Hutton,HUTT,2025-12-19T23:52:50Z,2025-12-19T23:24:00Z,ARR,bad,28.0
5,True,False,JASPER,PRINCE RUPERT,2025-12-19,11,Sinclair Mills,SINM,2025-12-19T23:58:50Z,2025-12-19T23:30:00Z,ARR,bad,28.0
5,True,False,JASPER,PRINCE RUPERT,2025-12-19,12,Mcgregor,MCGR,2025-12-20T00:07:23Z,2025-12-19T23:43:00Z,ARR,bad,24.0
5,True,False,JASPER,PRINCE RUPERT,2025-12-19,13,Upper Fraser,UFRZ,2025-12-20T00:16:56Z,2025-12-19T23:52:00Z,ARR,bad,24.0
5,True,False,JASPER,PRINCE RUPERT,2025-12-19,14,Aleza Lake,ALZL,2025-12-20T00:19:56Z,2025-12-20T00:01:00Z,ARR,med,18.0
5,True,False,JASPER,PRINCE RUPERT,2025-12-19,15,Willow River,WILR,2025-12-20T00:50:51Z,2025-12-20T00:31:00Z,ARR,med,19.0
5,True,False,JASPER,PRINCE RUPERT,2025-12-19,16,Prince George,PGEO,2025-12-20T01:19:52Z,2025-12-20T01:08:00Z,ARR,med,11.0
5,True,False,JASPER,PRINCE RUPERT,2025-12-19,17,Vanderhoof,VDRH,2025-12-20T17:52:53Z,2025-12-20T17:55:00Z,ARR,goo,-2.0
5,True,False,JASPER,PRINCE RUPERT,2025-12-19,18,Fort Fraser,FFRA,2025-12-20T18:28:48Z,2025-12-20T18:32:00Z,ARR,goo,-3.0
5,True,False,JASPER,PRINCE RUPERT,2025-12-19,19,Endako,ENDA,2025-12-20T18:56:07Z,2025-12-20T18:50:00Z,ARR,med,6.0
5,True,False,JASPER,PRINCE RUPERT,2025-12-19,20,Burns Lake,BRNL,2025-12-20T19:42:35Z,2025-12-20T19:58:00Z,ARR,goo,-15.0
5,True,False,JASPER,PRINCE RUPERT,2025-12-19,21,Houston,HOUS,2025-12-20T21:15:32Z,2025-12-20T21:08:00Z,ARR,med,7.0
5,True,False,JASPER,PRINCE RUPERT,2025-12-19,22,Telkwa,TELK,2025-12-20T21:59:17Z,2025-12-20T21:52:00Z,ARR,med,7.0
5,True,False,JASPER,PRINCE RUPERT,2025-12-19,23,Smithers,SMTR,2025-12-20T22:12:32Z,2025-12-20T22:10:00Z,ARR,goo,2.0
5,True,False,JASPER,PRINCE RUPERT,2025-12-19,24,New Hazelton,NHAZ,2025-12-21T00:11:35Z,2025-12-20T23:37:00Z,ARR,bad,34.0
5,True,False,JASPER,PRINCE RUPERT,2025-12-19,25,Kitwanga,KITW,2025-12-21T01:24:15Z,2025-12-21T00:27:00Z,ARR,bad,57.0
5,True,False,JASPER,PRINCE RUPERT,2025-12-19,26,Cedarvale,CEDA,2025-12-21T01:42:18Z,2025-12-21T00:51:00Z,ARR,bad,51.0
5,True,False,JASPER,PRINCE RUPERT,2025-12-19,27,Dorreen,DORR,2025-12-21T02:01:09Z,2025-12-21T01:12:00Z,ARR,bad,49.0
5,True,False,JASPER,PRINCE RUPERT,2025-12-19,28,Pacific,PACI,2025-12-21T02:08:18Z,2025-12-21T01:21:00Z,ARR,bad,47.0
5,True,False,JASPER,PRINCE RUPERT,2025-12-19,29,Usk,USKX,2025-12-21T03:11:14Z,2025-12-21T01:40:00Z,ARR,bad,91.0
5,True,False,JASPER,PRINCE RUPERT,2025-12-19,30,Terrace,TRRC,2025-12-21T03:28:26Z,2025-12-21T02:00:00Z,1 min,bad,88.0
5,True,False,JASPER,PRINCE RUPERT,2025-12-19,31,Kwinitsa,KWIN,2025-12-21T04:37:26Z,2025-12-21T03:09:00Z,1h10,bad,88.0
5,True,False,JASPER,PRINCE RUPERT,2025-12-19,32,Cassiar Cannery,CASS,2025-12-21T05:13:26Z,2025-12-21T03:45:00Z,1h46,bad,88.0
5,True,False,JASPER,PRINCE RUPERT,2025-12-19,33,Prince Rupert,PRUP,2025-12-21T05:53:26Z,2025-12-21T04:25:00Z,2h26,bad,88.0
14,True,True,MONTRÉAL,HALIFAX,2025-12-19,0,Montréal,MTRL,2025-12-20T00:14:00Z,2025-12-19T23:30:00Z,ARR,bad,44.0
14,True,True,MONTRÉAL,HALIFAX,2025-12-19,1,St. Lambert,SLAM,2025-12-20T00:34:07Z,2025-12-19T23:45:00Z,ARR,bad,49.0
14,True,True,MONTRÉAL,HALIFAX,2025-12-19,2,St. Hyacinthe,SHYA,2025-12-20T01:10:03Z,2025-12-20T00:23:00Z,ARR,bad,47.0
14,True,True,MONTRÉAL,HALIFAX,2025-12-19,3,Drummondville,DRMV,2025-12-20T02:01:20Z,2025-12-20T01:04:00Z,ARR,bad,57.0
14,True,True,MONTRÉAL,HALIFAX,2025-12-19,4,Ste-Foy,SFOY,2025-12-20T03:51:13Z,2025-12-20T02:48:00Z,ARR,bad,63.0
14,True,True,MONTRÉAL,HALIFAX,2025-12-19,5,Montmagny,MMGY,2025-12-20T05:01:23Z,2025-12-20T04:17:00Z,ARR,bad,44.0
14,True,True,MONTRÉAL,HALIFAX,2025-12-19,6,La Pocatière,LPOC,2025-12-20T05:37:02Z,2025-12-20T04:50:00Z,ARR,bad,47.0
14,True,True,MONTRÉAL,HALIFAX,2025-12-19,7,Rivière-Du-Loup,RDLX,2025-12-20T06:24:49Z,2025-12-20T05:31:00Z,ARR,bad,53.0
14,True,True,MONTRÉAL,HALIFAX,2025-12-19,8,Trois Pistoles,TPIS,2025-12-20T07:07:25Z,2025-12-20T06:17:00Z,ARR,bad,50.0
14,True,True,MONTRÉAL,HALIFAX,2025-12-19,9,Rimouski,RMSK,2025-12-20T08:27:24Z,2025-12-20T07:25:00Z,ARR,bad,62.0
14,True,True,MONTRÉAL,HALIFAX,2025-12-19,10,Mont-Joli,MJLI,2025-12-20T09:05:33Z,2025-12-20T08:03:00Z,ARR,bad,62.0
14,True,True,MONTRÉAL,HALIFAX,2025-12-19,11,Sayabec,SAYA,2025-12-20T10:12:36Z,2025-12-20T09:06:00Z,ARR,bad,66.0
14,True,True,MONTRÉAL,HALIFAX,2025-12-19,12,Amqui,AMQU,2025-12-20T10:42:40Z,2025-12-20T09:27:00Z,ARR,bad,75.0
14,True,True,MONTRÉAL,HALIFAX,2025-12-19,13,Causapscal,CAUS,2025-12-20T11:13:50Z,2025-12-20T09:49:00Z,ARR,bad,84.0
14,True,True,MONTRÉAL,HALIFAX,2025-12-19,14,Matapedia,MTPD,2025-12-20T12:06:21Z,2025-12-20T10:35:00Z,ARR,bad,91.0
14,True,True,MONTRÉAL,HALIFAX,2025-12-19,15,Campbellton,CBTN,2025-12-20T12:41:47Z,2025-12-20T11:20:00Z,ARR,bad,81.0
14,True,True,MONTRÉAL,HALIFAX,2025-12-19,16,Charlo,CHLO,2025-12-20T13:54:40Z,2025-12-20T12:03:00Z,ARR,bad,111.0
14,True,True,MONTRÉAL,HALIFAX,2025-12-19,17,Jacquet River,JACR,2025-12-20T14:32:59Z,2025-12-20T12:26:00Z,ARR,bad,126.0
14,True,True,MONTRÉAL,HALIFAX,2025-12-19,18,Petit Rocher,PROC,2025-12-20T15:02:56Z,2025-12-20T12:48:00Z,ARR,bad,134.0
14,True,True,MONTRÉAL,HALIFAX,2025-12-19,19,Bathurst,BTRS,2025-12-20T15:22:52Z,2025-12-20T13:36:00Z,ARR,bad,106.0
14,True,True,MONTRÉAL,HALIFAX,2025-12-19,20,Miramichi,MIRA,2025-12-20T17:31:10Z,2025-12-20T15:25:00Z,ARR,bad,126.0
14,True,True,MONTRÉAL,HALIFAX,2025-12-19,21,Rogersville,RGRV,2025-12-20T18:28:19Z,2025-12-20T16:20:00Z,ARR,bad,128.0
14,True,True,MONTRÉAL,HALIFAX,2025-12-19,22,Moncton,MCTN,2025-12-20T19:44:39Z,2025-12-20T17:30:00Z,ARR,bad,134.0
14,True,True,MONTRÉAL,HALIFAX,2025-12-19,23,Sackville,SACK,2025-12-20T21:02:57Z,2025-12-20T18:40:00Z,ARR,bad,142.0
14,True,True,MONTRÉAL,HALIFAX,2025-12-19,24,Amherst,AMHS,2025-12-20T21:18:11Z,2025-12-20T18:55:00Z,ARR,bad,143.0
14,True,True,MONTRÉAL,HALIFAX,2025-12-19,25,Springhill Jct,SPRJ,2025-12-20T21:43:29Z,2025-12-20T19:17:00Z,ARR,bad,146.0
14,True,True,MONTRÉAL,HALIFAX,2025-12-19,26,Truro,TRUR,2025-12-20T22:56:05Z,2025-12-20T20:32:00Z,ARR,bad,144.0
14,True,True,MONTRÉAL,HALIFAX,2025-12-19,27,Halifax,HLFX,2025-12-21T00:34:28Z,2025-12-20T22:36:00Z,ARR,bad,118.0
72,True,True,WINDSOR,TORONTO,2025-12-20,0,Windsor,WDON,2025-12-20T13:43:00Z,2025-12-20T13:43:00Z,ARR,goo,0.0
72,True,True,WINDSOR,TORONTO,2025-12-20,1,Chatham,CHAT,2025-12-20T14:48:40Z,2025-12-20T14:25:00Z,ARR,bad,23.0
72,True,True,WINDSOR,TORONTO,2025-12-20,2,Glencoe,GLNC,2025-12-20T15:48:31Z,2025-12-20T15:05:00Z,ARR,bad,43.0
72,True,True,WINDSOR,TORONTO,2025-12-20,3,London,LNDN,2025-12-20T16:21:45Z,2025-12-20T15:39:00Z,ARR,bad,42.0
72,True,True,WINDSOR,TORONTO,2025-12-20,4,Ingersoll,INGR,2025-12-20T16:53:36Z,2025-12-20T16:07:00Z,ARR,bad,46.0
72,True,True,WINDSOR,TORONTO,2025-12-20,5,Woodstock,WDST,2025-12-20T17:08:00Z,2025-12-20T16:23:00Z,ARR,bad,45.0
72,True,True,WINDSOR,TORONTO,2025-12-20,6,Brantford,BRTF,2025-12-20T17:41:59Z,2025-12-20T16:55:00Z,ARR,bad,46.0
72,True,True,WINDSOR,TORONTO,2025-12-20,7,Aldershot,ALDR,2025-12-20T18:19:22Z,2025-12-20T17:29:00Z,ARR,bad,50.0
72,True,True,WINDSOR,TORONTO,2025-12-20,8,Toronto,TRTO,2025-12-20T20:13:11Z,2025-12-20T18:51:00Z,ARR,bad,82.0
97,True,True,TORONTO,NIAGARA FALLS,2025-12-20,0,Toronto,TRTO,2025-12-20T13:20:00Z,2025-12-20T13:20:00Z,ARR,goo,0.0
97,True,True,TORONTO,NIAGARA FALLS,2025-12-20,1,Aldershot,ALDR,2025-12-20T14:39:00Z,2025-12-20T14:39:00Z,ARR,goo,0.0
97,True,True,TORONTO,NIAGARA FALLS,2025-12-20,2,Grimsby,GRIM,2025-12-20T15:32:00Z,2025-12-20T15:17:00Z,ARR,med,15.0
97,True,True,TORONTO,NIAGARA FALLS,2025-12-20,3,St. Catharines,SCAT,2025-12-20T15:52:00Z,2025-12-20T15:37:00Z,ARR,med,15.0
97,True,True,TORONTO,NIAGARA FALLS,2025-12-20,4,Niagara Falls,NIAG,2025-12-20T16:15:00Z,2025-12-20T16:00:00Z,ARR,med,15.0
65,True,True,MONTRÉAL,TORONTO,2025-12-20,0,Montréal,MTRL,2025-12-20T16:11:14Z,2025-12-20T15:49:00Z,ARR,bad,22.0
65,True,True,MONTRÉAL,TORONTO,2025-12-20,1,Dorval,DORV,2025-12-20T16:36:53Z,2025-12-20T16:12:00Z,ARR,bad,24.0
65,True,True,MONTRÉAL,TORONTO,2025-12-20,2,Cornwall,CWLL,2025-12-20T17:25:02Z,2025-12-20T17:06:00Z,ARR,med,19.0
65,True,True,MONTRÉAL,TORONTO,2025-12-20,3,Kingston,KGON,2025-12-20T19:46:16Z,2025-12-20T18:36:00Z,ARR,bad,70.0
65,True,True,MONTRÉAL,TORONTO,2025-12-20,4,Belleville,BLVL,2025-12-20T20:32:42Z,2025-12-20T19:20:00Z,ARR,bad,72.0
65,True,True,MONTRÉAL,TORONTO,2025-12-20,5,Cobourg,CBRG,2025-12-20T21:08:27Z,2025-12-20T19:58:00Z,ARR,bad,70.0
65,True,True,MONTRÉAL,TORONTO,2025-12-20,6,Oshawa,OSHA,2025-12-20T21:41:48Z,2025-12-20T20:34:00Z,ARR,bad,67.0
65,True,True,MONTRÉAL,TORONTO,2025-12-20,7,Toronto,TRTO,2025-12-20T22:27:38Z,2025-12-20T21:18:00Z,ARR,bad,69.0
45,True,True,OTTAWA,TORONTO,2025-12-20,0,Fallowfield,FALL,2025-12-20T15:39:48Z,2025-12-20T15:40:00Z,ARR,goo,0.0
45,True,True,OTTAWA,TORONTO,2025-12-20,1,Kingston,KGON,2025-12-20T19:34:19Z,2025-12-20T17:26:00Z,ARR,bad,128.0
45,True,True,OTTAWA,TORONTO,2025-12-20,2,Toronto,TRTO,2025-12-20T22:05:51Z,2025-12-20T19:48:00Z,ARR,bad,137.0
644,True,True,TORONTO,OTTAWA,2025-12-20,0,Toronto,TRTO,2025-12-20T18:23:00Z,2025-12-20T18:23:00Z,ARR,goo,0.0
644,True,True,TORONTO,OTTAWA,2025-12-20,1,Oshawa,OSHA,2025-12-20T18:59:43Z,2025-12-20T18:53:00Z,ARR,med,6.0
644,True,True,TORONTO,OTTAWA,2025-12-20,2,Cobourg,CBRG,2025-12-20T19:37:31Z,2025-12-20T19:28:00Z,ARR,med,9.0
644,True,True,TORONTO,OTTAWA,2025-12-20,3,Belleville,BLVL,2025-12-20T20:14:28Z,2025-12-20T20:03:00Z,ARR,med,11.0
644,True,True,TORONTO,OTTAWA,2025-12-20,4,Kingston,KGON,2025-12-20T20:58:33Z,2025-12-20T20:43:00Z,ARR,med,15.0
644,True,True,TORONTO,OTTAWA,2025-12-20,5,Fallowfield,FALL,2025-12-20T22:47:23Z,2025-12-20T22:30:00Z,ARR,med,17.0
644,True,True,TORONTO,OTTAWA,2025-12-20,6,Ottawa,OTTW,2025-12-20T23:11:34Z,2025-12-20T22:53:00Z,ARR,med,18.0
47,True,True,OTTAWA,TORONTO,2025-12-20,0,Ottawa,OTTW,2025-12-20T17:23:00Z,2025-12-20T17:23:00Z,ARR,goo,0.0
47,True,True,OTTAWA,TORONTO,2025-12-20,1,Fallowfield,FALL,2025-12-20T17:39:56Z,2025-12-20T17:40:00Z,ARR,goo,0.0
47,True,True,OTTAWA,TORONTO,2025-12-20,2,Smiths Falls,SMTF,2025-12-20T18:11:02Z,2025-12-20T18:18:00Z,ARR,goo,-6.0
47,True,True,OTTAWA,TORONTO,2025-12-20,3,Brockville,BRKV,2025-12-20T18:46:06Z,2025-12-20T18:54:00Z,ARR,goo,-7.0
47,True,True,OTTAWA,TORONTO,2025-12-20,4,Gananoque,GANA,2025-12-20T19:31:03Z,2025-12-20T19:22:00Z,ARR,med,9.0
47,True,True,OTTAWA,TORONTO,2025-12-20,5,Kingston,KGON,2025-12-20T20:09:42Z,2025-12-20T19:45:00Z,ARR,bad,24.0
47,True,True,OTTAWA,TORONTO,2025-12-20,6,Belleville,BLVL,2025-12-20T20:56:11Z,2025-12-20T20:26:00Z,ARR,bad,30.0
47,True,True,OTTAWA,TORONTO,2025-12-20,7,Oshawa,OSHA,2025-12-20T22:15:07Z,2025-12-20T21:33:00Z,ARR,bad,42.0
47,True,True,OTTAWA,TORONTO,2025-12-20,8,Guildwood,GUIL,2025-12-20T22:44:45Z,2025-12-20T21:58:00Z,ARR,bad,46.0
47,True,True,OTTAWA,TORONTO,2025-12-20,9,Toronto,TRTO,2025-12-20T23:06:06Z,2025-12-20T22:30:00Z,ARR,bad,36.0
61,True,True,MONTRÉAL,TORONTO,2025-12-20,0,Montréal,MTRL,2025-12-20T11:45:00Z,2025-12-20T11:45:00Z,ARR,goo,0.0
61,True,True,MONTRÉAL,TORONTO,2025-12-20,1,Dorval,DORV,2025-12-20T12:12:02Z,2025-12-20T12:08:00Z,ARR,goo,4.0
61,True,True,MONTRÉAL,TORONTO,2025-12-20,2,Cornwall,CWLL,2025-12-20T13:07:33Z,2025-12-20T13:01:00Z,ARR,med,6.0
61,True,True,MONTRÉAL,TORONTO,2025-12-20,3,Kingston,KGON,2025-12-20T15:27:02Z,2025-12-20T14:29:00Z,ARR,bad,58.0
61,True,True,MONTRÉAL,TORONTO,2025-12-20,4,Belleville,BLVL,2025-12-20T16:17:27Z,2025-12-20T15:11:00Z,ARR,bad,66.0
61,True,True,MONTRÉAL,TORONTO,2025-12-20,5,Oshawa,OSHA,2025-12-20T17:34:20Z,2025-12-20T16:19:00Z,ARR,bad,75.0
61,True,True,MONTRÉAL,TORONTO,2025-12-20,6,Guildwood,GUIL,2025-12-20T18:11:46Z,2025-12-20T16:43:00Z,ARR,bad,88.0
61,True,True,MONTRÉAL,TORONTO,2025-12-20,7,Toronto,TRTO,2025-12-20T18:30:34Z,2025-12-20T17:03:00Z,ARR,bad,87.0
35,True,True,QUÉBEC,OTTAWA,2025-12-20,0,Québec,QBEC,2025-12-20T13:06:00Z,2025-12-20T13:06:00Z,ARR,goo,0.0
35,True,True,QUÉBEC,OTTAWA,2025-12-20,1,Ste-Foy,SFOY,2025-12-20T13:31:38Z,2025-12-20T13:31:00Z,ARR,goo,0.0
35,True,True,QUÉBEC,OTTAWA,2025-12-20,2,Charny,CHNY,2025-12-20T13:42:31Z,2025-12-20T13:40:00Z,ARR,goo,2.0
35,True,True,QUÉBEC,OTTAWA,2025-12-20,3,Drummondville,DRMV,2025-12-20T15:09:04Z,2025-12-20T15:14:00Z,ARR,goo,-4.0
35,True,True,QUÉBEC,OTTAWA,2025-12-20,4,St. Hyacinthe,SHYA,2025-12-20T15:43:05Z,2025-12-20T15:44:00Z,ARR,goo,0.0
35,True,True,QUÉBEC,OTTAWA,2025-12-20,5,St. Lambert,SLAM,2025-12-20T16:10:44Z,2025-12-20T16:11:00Z,ARR,goo,0.0
35,True,True,QUÉBEC,OTTAWA,2025-12-20,6,Montréal,MTRL,2025-12-20T16:24:47Z,2025-12-20T16:26:00Z,ARR,goo,-1.0
35,True,True,QUÉBEC,OTTAWA,2025-12-20,7,Dorval,DORV,2025-12-20T17:22:29Z,2025-12-20T17:18:00Z,ARR,goo,4.0
35,True,True,QUÉBEC,OTTAWA,2025-12-20,8,Coteau,COTO,2025-12-20T17:51:15Z,2025-12-20T17:46:00Z,ARR,goo,5.0
35,True,True,QUÉBEC,OTTAWA,2025-12-20,9,Alexandria,ALEX,2025-12-20T18:14:33Z,2025-12-20T18:08:00Z,ARR,med,6.0
35,True,True,QUÉBEC,OTTAWA,2025-12-20,10,Casselman,CSLM,2025-12-20T18:35:56Z,2025-12-20T18:31:00Z,ARR,goo,4.0
35,True,True,QUÉBEC,OTTAWA,2025-12-20,11,Ottawa,OTTW,2025-12-20T19:00:46Z,2025-12-20T18:58:00Z,ARR,goo,2.0
24,True,True,OTTAWA,QUÉBEC,2025-12-20,0,Ottawa,OTTW,2025-12-20T15:13:00Z,2025-12-20T15:13:00Z,ARR,goo,0.0
24,True,True,OTTAWA,QUÉBEC,2025-12-20,1,Alexandria,ALEX,2025-12-20T15:56:53Z,2025-12-20T16:03:00Z,ARR,goo,-6.0
24,True,True,OTTAWA,QUÉBEC,2025-12-20,2,Coteau,COTO,2025-12-20T16:18:00Z,2025-12-20T16:26:00Z,ARR,goo,-8.0
24,True,True,OTTAWA,QUÉBEC,2025-12-20,3,Dorval,DORV,2025-12-20T16:51:52Z,2025-12-20T16:50:00Z,ARR,goo,1.0
24,True,True,OTTAWA,QUÉBEC,2025-12-20,4,Montréal,MTRL,2025-12-20T17:22:03Z,2025-12-20T17:15:00Z,ARR,med,7.0
24,True,True,OTTAWA,QUÉBEC,2025-12-20,5,St. Lambert,SLAM,2025-12-20T18:10:38Z,2025-12-20T17:58:00Z,ARR,med,12.0
24,True,True,OTTAWA,QUÉBEC,2025-12-20,6,St. Hyacinthe,SHYA,2025-12-20T18:40:22Z,2025-12-20T18:26:00Z,ARR,med,14.0
24,True,True,OTTAWA,QUÉBEC,2025-12-20,7,Drummondville,DRMV,2025-12-20T19:12:35Z,2025-12-20T18:54:00Z,ARR,med,18.0
24,True,True,OTTAWA,QUÉBEC,2025-12-20,8,Charny,CHNY,2025-12-20T20:48:00Z,2025-12-20T20:38:00Z,ARR,med,10.0
24,True,True,OTTAWA,QUÉBEC,2025-12-20,9,Ste-Foy,SFOY,2025-12-20T20:57:08Z,2025-12-20T20:45:00Z,ARR,med,12.0
24,True,True,OTTAWA,QUÉBEC,2025-12-20,10,Québec,QBEC,2025-12-20T21:27:31Z,2025-12-20T21:12:00Z,ARR,med,15.0
185,True,True,SUDBURY,WHITE RIVER,2025-12-20,0,Sudbury,SUDB,2025-12-20T14:42:15Z,2025-12-20T14:00:00Z,ARR,bad,42.0
185,True,True,SUDBURY,WHITE RIVER,2025-12-20,1,Azilda,AZIL,2025-12-20T14:54:17Z,2025-12-20T14:10:00Z,ARR,bad,44.0
185,True,True,SUDBURY,WHITE RIVER,2025-12-20,2,Chelmsford,CHEL,2025-12-20T14:57:15Z,2025-12-20T14:15:00Z,ARR,bad,42.0
185,True,True,SUDBURY,WHITE RIVER,2025-12-20,3,Larchwood,LARC,2025-12-20T15:03:08Z,2025-12-20T14:19:00Z,ARR,bad,44.0
185,True,True,SUDBURY,WHITE RIVER,2025-12-20,4,Levack,LEVA,2025-12-20T15:13:03Z,2025-12-20T14:30:00Z,ARR,bad,43.0
185,True,True,SUDBURY,WHITE RIVER,2025-12-20,5,Cartier,CART,2025-12-20T15:25:16Z,2025-12-20T14:45:00Z,ARR,bad,40.0
185,True,True,SUDBURY,WHITE RIVER,2025-12-20,6,Benny,BENN,2025-12-20T15:37:09Z,2025-12-20T15:05:00Z,ARR,bad,32.0
185,True,True,SUDBURY,WHITE RIVER,2025-12-20,7,Stralak,STRL,2025-12-20T15:41:51Z,2025-12-20T15:12:00Z,ARR,bad,29.0
185,True,True,SUDBURY,WHITE RIVER,2025-12-20,8,Pogamasing,POGA,2025-12-20T16:01:32Z,2025-12-20T15:25:00Z,ARR,bad,36.0
185,True,True,SUDBURY,WHITE RIVER,2025-12-20,9,Sheahan,SHEA,2025-12-20T16:05:22Z,2025-12-20T15:30:00Z,ARR,bad,35.0
185,True,True,SUDBURY,WHITE RIVER,2025-12-20,10,Forks,FRKS,2025-12-20T16:15:09Z,2025-12-20T15:40:00Z,ARR,bad,35.0
185,True,True,SUDBURY,WHITE RIVER,2025-12-20,11,Metagama,MTGM,2025-12-20T16:25:09Z,2025-12-20T15:50:00Z,ARR,bad,35.0
185,True,True,SUDBURY,WHITE RIVER,2025-12-20,12,Sinker,SNKR,2025-12-20T16:30:09Z,2025-12-20T15:55:00Z,ARR,bad,35.0
185,True,True,SUDBURY,WHITE RIVER,2025-12-20,13,Biscotasing,BISC,2025-12-20T16:52:49Z,2025-12-20T16:20:00Z,ARR,bad,32.0
185,True,True,SUDBURY,WHITE RIVER,2025-12-20,14,Roberts,RBRT,2025-12-20T17:02:49Z,2025-12-20T16:30:00Z,ARR,bad,32.0
185,True,True,SUDBURY,WHITE RIVER,2025-12-20,15,Ramsey,RAMS,2025-12-20T17:17:49Z,2025-12-20T16:45:00Z,ARR,bad,32.0
185,True,True,SUDBURY,WHITE RIVER,2025-12-20,16,Woman River,WOMR,2025-12-20T17:37:49Z,2025-12-20T17:05:00Z,ARR,bad,32.0
185,True,True,SUDBURY,WHITE RIVER,2025-12-20,17,Sultan,SULT,2025-12-20T17:52:49Z,2025-12-20T17:20:00Z,ARR,bad,32.0
185,True,True,SUDBURY,WHITE RIVER,2025-12-20,18,Kormak,KORM,2025-12-20T18:07:49Z,2025-12-20T17:35:00Z,ARR,bad,32.0
185,True,True,SUDBURY,WHITE RIVER,2025-12-20,19,Kinogama,KINO,2025-12-20T18:12:49Z,2025-12-20T17:40:00Z,ARR,bad,32.0
185,True,True,SUDBURY,WHITE RIVER,2025-12-20,20,Nemegos,NEME,2025-12-20T19:13:14Z,2025-12-20T17:55:00Z,ARR,bad,78.0
185,True,True,SUDBURY,WHITE RIVER,2025-12-20,21,Devon,DEVN,2025-12-20T19:23:18Z,2025-12-20T18:05:00Z,ARR,bad,78.0
185,True,True,SUDBURY,WHITE RIVER,2025-12-20,22,Chapleau,CHAP,2025-12-20T19:43:02Z,2025-12-20T18:20:00Z,ARR,bad,83.0
185,True,True,SUDBURY,WHITE RIVER,2025-12-20,23,Esher,ESHR,2025-12-20T20:02:02Z,2025-12-20T18:50:00Z,ARR,bad,72.0
185,True,True,SUDBURY,WHITE RIVER,2025-12-20,24,Musk,MUSK,2025-12-20T20:12:50Z,2025-12-20T19:00:00Z,ARR,bad,72.0
185,True,True,SUDBURY,WHITE RIVER,2025-12-20,25,Nicholson,NICH,2025-12-20T20:18:37Z,2025-12-20T19:10:00Z,ARR,bad,68.0
185,True,True,SUDBURY,WHITE RIVER,2025-12-20,26,Bolkow,BOLK,2025-12-20T20:36:01Z,2025-12-20T19:30:00Z,ARR,bad,66.0
185,True,True,SUDBURY,WHITE RIVER,2025-12-20,27,Dalton,DALT,2025-12-20T20:51:01Z,2025-12-20T19:45:00Z,ARR,bad,66.0
185,True,True,SUDBURY,WHITE RIVER,2025-12-20,28,Missanabie,MSBI,2025-12-20T21:16:01Z,2025-12-20T20:10:00Z,ARR,bad,66.0
185,True,True,SUDBURY,WHITE RIVER,2025-12-20,29,Lochalsh,LOCH,2025-12-20T21:36:01Z,2025-12-20T20:30:00Z,ARR,bad,66.0
185,True,True,SUDBURY,WHITE RIVER,2025-12-20,30,Franz,FRNZ,2025-12-20T21:43:00Z,2025-12-20T20:50:00Z,ARR,bad,53.0
185,True,True,SUDBURY,WHITE RIVER,2025-12-20,31,Swanson,SWAN,2025-12-20T22:09:43Z,2025-12-20T21:00:00Z,ARR,bad,69.0
185,True,True,SUDBURY,WHITE RIVER,2025-12-20,32,Girdwood,GIRD,2025-12-20T22:28:29Z,2025-12-20T21:25:00Z,ARR,bad,63.0
185,True,True,SUDBURY,WHITE RIVER,2025-12-20,33,Amyot,AMYO,2025-12-20T22:37:53Z,2025-12-20T21:35:00Z,ARR,bad,62.0
185,True,True,SUDBURY,WHITE RIVER,2025-12-20,34,O'Brien,OBRI,2025-12-20T22:53:53Z,2025-12-20T21:50:00Z,ARR,bad,63.0
185,True,True,SUDBURY,WHITE RIVER,2025-12-20,35,White River,WHTR,2025-12-20T23:09:06Z,2025-12-20T22:05:00Z,ARR,bad,64.0
52,True,True,TORONTO,OTTAWA,2025-12-20,0,Toronto,TRTO,2025-12-20T13:32:35Z,2025-12-20T13:32:00Z,ARR,goo,0.0
52,True,True,TORONTO,OTTAWA,2025-12-20,1,Guildwood,GUIL,2025-12-20T13:49:45Z,2025-12-20T13:50:00Z,ARR,goo,0.0
52,True,True,TORONTO,OTTAWA,2025-12-20,2,Oshawa,OSHA,2025-12-20T14:09:00Z,2025-12-20T14:09:00Z,ARR,goo,0.0
52,True,True,TORONTO,OTTAWA,2025-12-20,3,Cobourg,CBRG,2025-12-20T14:43:57Z,2025-12-20T14:44:00Z,ARR,goo,0.0
52,True,True,TORONTO,OTTAWA,2025-12-20,4,Belleville,BLVL,2025-12-20T15:24:12Z,2025-12-20T15:20:00Z,ARR,goo,4.0
52,True,True,TORONTO,OTTAWA,2025-12-20,5,Kingston,KGON,2025-12-20T16:01:42Z,2025-12-20T16:00:00Z,ARR,goo,1.0
52,True,True,TORONTO,OTTAWA,2025-12-20,6,Brockville,BRKV,2025-12-20T17:32:41Z,2025-12-20T16:57:00Z,ARR,bad,35.0
52,True,True,TORONTO,OTTAWA,2025-12-20,7,Smiths Falls,SMTF,2025-12-20T18:29:39Z,2025-12-20T17:35:00Z,ARR,bad,54.0
52,True,True,TORONTO,OTTAWA,2025-12-20,8,Fallowfield,FALL,2025-12-20T18:51:24Z,2025-12-20T18:11:00Z,ARR,bad,40.0
52,True,True,TORONTO,OTTAWA,2025-12-20,9,Ottawa,OTTW,2025-12-20T19:11:27Z,2025-12-20T18:32:00Z,ARR,bad,39.0
62,True,True,TORONTO,MONTRÉAL,2025-12-20,0,Toronto,TRTO,2025-12-20T13:32:12Z,2025-12-20T13:32:00Z,ARR,goo,0.0
62,True,True,TORONTO,MONTRÉAL,2025-12-20,1,Guildwood,GUIL,2025-12-20T13:49:39Z,2025-12-20T13:50:00Z,ARR,goo,0.0
62,True,True,TORONTO,MONTRÉAL,2025-12-20,2,Oshawa,OSHA,2025-12-20T14:08:55Z,2025-12-20T14:09:00Z,ARR,goo,0.0
62,True,True,TORONTO,MONTRÉAL,2025-12-20,3,Cobourg,CBRG,2025-12-20T14:43:53Z,2025-12-20T14:44:00Z,ARR,goo,0.0
62,True,True,TORONTO,MONTRÉAL,2025-12-20,4,Belleville,BLVL,2025-12-20T15:23:52Z,2025-12-20T15:20:00Z,ARR,goo,3.0
62,True,True,TORONTO,MONTRÉAL,2025-12-20,5,Kingston,KGON,2025-12-20T16:01:36Z,2025-12-20T16:00:00Z,ARR,goo,1.0
62,True,True,TORONTO,MONTRÉAL,2025-12-20,6,Cornwall,CWLL,2025-12-20T18:02:05Z,2025-12-20T17:43:00Z,ARR,med,19.0
62,True,True,TORONTO,MONTRÉAL,2025-12-20,7,Dorval,DORV,2025-12-20T18:56:36Z,2025-12-20T18:34:00Z,ARR,bad,22.0
62,True,True,TORONTO,MONTRÉAL,2025-12-20,8,Montréal,MTRL,2025-12-20T19:23:19Z,2025-12-20T19:00:00Z,ARR,bad,23.0
84,True,True,SARNIA,TORONTO,2025-12-20,0,Sarnia,SARN,2025-12-20T13:50:20Z,2025-12-20T13:40:00Z,ARR,med,10.0
84,True,True,SARNIA,TORONTO,2025-12-20,1,Wyoming,WYOM,2025-12-20T14:10:04Z,2025-12-20T13:55:00Z,ARR,med,15.0
84,True,True,SARNIA,TORONTO,2025-12-20,2,Strathroy,STRR,2025-12-20T14:35:00Z,2025-12-20T14:27:00Z,ARR,med,8.0
84,True,True,SARNIA,TORONTO,2025-12-20,3,London,LNDN,2025-12-20T15:03:48Z,2025-12-20T14:52:00Z,ARR,med,11.0
84,True,True,SARNIA,TORONTO,2025-12-20,4,St.Marys,SMYS,2025-12-20T16:12:43Z,2025-12-20T15:45:00Z,ARR,bad,27.0
84,True,True,SARNIA,TORONTO,2025-12-20,5,Stratford,STRF,2025-12-20T16:42:41Z,2025-12-20T16:14:00Z,ARR,bad,28.0
84,True,True,SARNIA,TORONTO,2025-12-20,6,Kitchener,KITC,2025-12-20T17:34:39Z,2025-12-20T17:02:00Z,ARR,bad,32.0
84,True,True,SARNIA,TORONTO,2025-12-20,7,Guelph,GUEL,2025-12-20T17:57:34Z,2025-12-20T17:24:00Z,ARR,bad,33.0
84,True,True,SARNIA,TORONTO,2025-12-20,8,Georgetown,GEOR,2025-12-20T18:22:04Z,2025-12-20T17:47:00Z,ARR,bad,35.0
84,True,True,SARNIA,TORONTO,2025-12-20,9,Brampton,BRMP,2025-12-20T18:34:39Z,2025-12-20T17:59:00Z,ARR,bad,35.0
84,True,True,SARNIA,TORONTO,2025-12-20,10,Malton,MALT,2025-12-20T18:49:58Z,2025-12-20T18:11:00Z,ARR,bad,38.0
84,True,True,SARNIA,TORONTO,2025-12-20,11,Toronto,TRTO,2025-12-20T19:11:10Z,2025-12-20T18:38:00Z,ARR,bad,33.0
53,True,True,OTTAWA,TORONTO,2025-12-20,0,Ottawa,OTTW,2025-12-20T16:43:00Z,2025-12-20T16:43:00Z,ARR,goo,0.0
53,True,True,OTTAWA,TORONTO,2025-12-20,1,Fallowfield,FALL,2025-12-20T17:00:45Z,2025-12-20T17:00:00Z,ARR,goo,0.0
53,True,True,OTTAWA,TORONTO,2025-12-20,2,Brockville,BRKV,2025-12-20T18:01:53Z,2025-12-20T18:01:00Z,ARR,goo,0.0
53,True,True,OTTAWA,TORONTO,2025-12-20,3,Gananoque,GANA,2025-12-20T19:18:42Z,2025-12-20T18:31:00Z,ARR,bad,47.0
53,True,True,OTTAWA,TORONTO,2025-12-20,4,Kingston,KGON,2025-12-20T19:59:12Z,2025-12-20T18:54:00Z,ARR,bad,65.0
53,True,True,OTTAWA,TORONTO,2025-12-20,5,Belleville,BLVL,2025-12-20T20:45:14Z,2025-12-20T19:36:00Z,ARR,bad,69.0
53,True,True,OTTAWA,TORONTO,2025-12-20,6,Cobourg,CBRG,2025-12-20T21:25:02Z,2025-12-20T20:12:00Z,ARR,bad,73.0
53,True,True,OTTAWA,TORONTO,2025-12-20,7,Oshawa,OSHA,2025-12-20T22:04:03Z,2025-12-20T20:48:00Z,ARR,bad,76.0
53,True,True,OTTAWA,TORONTO,2025-12-20,8,Toronto,TRTO,2025-12-20T22:46:58Z,2025-12-20T21:33:00Z,ARR,bad,73.0
633,True,True,MONTRÉAL,OTTAWA,2025-12-20,0,Montréal,MTRL,2025-12-20T14:00:00Z,2025-12-20T14:00:00Z,ARR,goo,0.0
633,True,True,MONTRÉAL,OTTAWA,2025-12-20,1,Dorval,DORV,2025-12-20T14:23:31Z,2025-12-20T14:24:00Z,ARR,goo,0.0
633,True,True,MONTRÉAL,OTTAWA,2025-12-20,2,Alexandria,ALEX,2025-12-20T15:10:21Z,2025-12-20T15:11:00Z,ARR,goo,0.0
633,True,True,MONTRÉAL,OTTAWA,2025-12-20,3,Casselman,CSLM,2025-12-20T15:40:13Z,2025-12-20T15:34:00Z,ARR,med,6.0
633,True,True,MONTRÉAL,OTTAWA,2025-12-20,4,Ottawa,OTTW,2025-12-20T16:04:11Z,2025-12-20T16:05:00Z,ARR,goo,0.0
63,True,True,MONTRÉAL,TORONTO,2025-12-20,0,Montréal,MTRL,2025-12-20T13:46:00Z,2025-12-20T13:46:00Z,ARR,goo,0.0
63,True,True,MONTRÉAL,TORONTO,2025-12-20,1,Dorval,DORV,2025-12-20T14:10:00Z,2025-12-20T14:11:00Z,ARR,goo,-1.0
63,True,True,MONTRÉAL,TORONTO,2025-12-20,2,Cornwall,CWLL,2025-12-20T15:05:10Z,2025-12-20T15:04:00Z,ARR,goo,1.0
63,True,True,MONTRÉAL,TORONTO,2025-12-20,3,Brockville,BRKV,2025-12-20T15:58:05Z,2025-12-20T15:54:00Z,ARR,goo,4.0
63,True,True,MONTRÉAL,TORONTO,2025-12-20,4,Kingston,KGON,2025-12-20T17:16:01Z,2025-12-20T16:39:00Z,ARR,bad,37.0
63,True,True,MONTRÉAL,TORONTO,2025-12-20,5,Belleville,BLVL,2025-12-20T18:07:51Z,2025-12-20T17:20:00Z,ARR,bad,47.0
63,True,True,MONTRÉAL,TORONTO,2025-12-20,6,Cobourg,CBRG,2025-12-20T18:46:05Z,2025-12-20T17:58:00Z,ARR,bad,48.0
63,True,True,MONTRÉAL,TORONTO,2025-12-20,7,Oshawa,OSHA,2025-12-20T19:22:44Z,2025-12-20T18:34:00Z,ARR,bad,48.0
63,True,True,MONTRÉAL,TORONTO,2025-12-20,8,Guildwood,GUIL,2025-12-20T19:46:17Z,2025-12-20T18:58:00Z,ARR,bad,48.0
63,True,True,MONTRÉAL,TORONTO,2025-12-20,9,Toronto,TRTO,2025-12-20T20:13:36Z,2025-12-20T19:18:00Z,ARR,bad,55.0
50,True,True,TORONTO,OTTAWA,2025-12-20,0,Toronto,TRTO,2025-12-20T11:33:08Z,2025-12-20T11:32:00Z,ARR,goo,1.0
50,True,True,TORONTO,OTTAWA,2025-12-20,1,Guildwood,GUIL,2025-12-20T11:49:44Z,2025-12-20T11:50:00Z,ARR,goo,0.0
50,True,True,TORONTO,OTTAWA,2025-12-20,2,Oshawa,OSHA,2025-12-20T12:10:12Z,2025-12-20T12:08:00Z,ARR,goo,2.0
50,True,True,TORONTO,OTTAWA,2025-12-20,3,Cobourg,CBRG,2025-12-20T12:43:46Z,2025-12-20T12:43:00Z,ARR,goo,0.0
50,True,True,TORONTO,OTTAWA,2025-12-20,4,Belleville,BLVL,2025-12-20T13:24:29Z,2025-12-20T13:18:00Z,ARR,med,6.0
50,True,True,TORONTO,OTTAWA,2025-12-20,5,Kingston,KGON,2025-12-20T14:00:24Z,2025-12-20T13:57:00Z,ARR,goo,3.0
50,True,True,TORONTO,OTTAWA,2025-12-20,6,Brockville,BRKV,2025-12-20T15:13:01Z,2025-12-20T14:54:00Z,ARR,med,19.0
50,True,True,TORONTO,OTTAWA,2025-12-20,7,Smiths Falls,SMTF,2025-12-20T15:38:54Z,2025-12-20T15:29:00Z,ARR,med,9.0
50,True,True,TORONTO,OTTAWA,2025-12-20,8,Fallowfield,FALL,2025-12-20T16:07:37Z,2025-12-20T16:01:00Z,ARR,med,6.0
50,True,True,TORONTO,OTTAWA,2025-12-20,9,Ottawa,OTTW,2025-12-20T16:29:00Z,2025-12-20T16:21:00Z,ARR,med,8.0
60,True,True,TORONTO,MONTRÉAL,2025-12-20,0,Toronto,TRTO,2025-12-20T11:35:27Z,2025-12-20T11:32:00Z,ARR,goo,3.0
60,True,True,TORONTO,MONTRÉAL,2025-12-20,1,Guildwood,GUIL,2025-12-20T11:49:41Z,2025-12-20T11:50:00Z,ARR,goo,0.0
60,True,True,TORONTO,MONTRÉAL,2025-12-20,2,Oshawa,OSHA,2025-12-20T12:10:13Z,2025-12-20T12:08:00Z,ARR,goo,2.0
60,True,True,TORONTO,MONTRÉAL,2025-12-20,3,Cobourg,CBRG,2025-12-20T12:43:44Z,2025-12-20T12:43:00Z,ARR,goo,0.0
60,True,True,TORONTO,MONTRÉAL,2025-12-20,4,Belleville,BLVL,2025-12-20T13:24:21Z,2025-12-20T13:18:00Z,ARR,med,6.0
60,True,True,TORONTO,MONTRÉAL,2025-12-20,5,Kingston,KGON,2025-12-20T14:00:22Z,2025-12-20T13:57:00Z,ARR,goo,3.0
60,True,True,TORONTO,MONTRÉAL,2025-12-20,6,Cornwall,CWLL,2025-12-20T15:45:19Z,2025-12-20T15:38:00Z,ARR,med,7.0
60,True,True,TORONTO,MONTRÉAL,2025-12-20,7,Dorval,DORV,2025-12-20T16:45:00Z,2025-12-20T16:25:00Z,ARR,bad,20.0
60,True,True,TORONTO,MONTRÉAL,2025-12-20,8,Montréal,MTRL,2025-12-20T17:09:43Z,2025-12-20T16:50:00Z,ARR,med,19.0
624,True,True,OTTAWA,QUÉBEC,2025-12-20,0,Ottawa,OTTW,2025-12-20T12:45:00Z,2025-12-20T12:45:00Z,ARR,goo,0.0
624,True,True,OTTAWA,QUÉBEC,2025-12-20,1,Alexandria,ALEX,2025-12-20T13:27:46Z,2025-12-20T13:31:00Z,ARR,goo,-3.0
624,True,True,OTTAWA,QUÉBEC,2025-12-20,2,Dorval,DORV,2025-12-20T14:10:03Z,2025-12-20T14:16:00Z,ARR,goo,-5.0
624,True,True,OTTAWA,QUÉBEC,2025-12-20,3,Montréal,MTRL,2025-12-20T14:37:24Z,2025-12-20T14:39:00Z,ARR,goo,-1.0
624,True,True,OTTAWA,QUÉBEC,2025-12-20,4,St. Lambert,SLAM,2025-12-20T15:31:03Z,2025-12-20T15:28:00Z,ARR,goo,3.0
624,True,True,OTTAWA,QUÉBEC,2025-12-20,5,St. Hyacinthe,SHYA,2025-12-20T16:01:29Z,2025-12-20T16:06:00Z,ARR,goo,-4.0
624,True,True,OTTAWA,QUÉBEC,2025-12-20,6,Drummondville,DRMV,2025-12-20T16:33:27Z,2025-12-20T16:34:00Z,ARR,goo,0.0
624,True,True,OTTAWA,QUÉBEC,2025-12-20,7,Charny,CHNY,2025-12-20T18:00:20Z,2025-12-20T18:13:00Z,ARR,goo,-12.0
624,True,True,OTTAWA,QUÉBEC,2025-12-20,8,Ste-Foy,SFOY,2025-12-20T18:23:24Z,2025-12-20T18:20:00Z,ARR,goo,3.0
624,True,True,OTTAWA,QUÉBEC,2025-12-20,9,Québec,QBEC,2025-12-20T18:53:55Z,2025-12-20T18:48:00Z,ARR,goo,5.0
82,True,True,LONDON,TORONTO,2025-12-20,0,London,LNDN,2025-12-20T11:25:00Z,2025-12-20T11:25:00Z,ARR,goo,0.0
82,True,True,LONDON,TORONTO,2025-12-20,1,Woodstock,WDST,2025-12-20T12:00:41Z,2025-12-20T11:53:00Z,ARR,med,7.0
82,True,True,LONDON,TORONTO,2025-12-20,2,Brantford,BRTF,2025-12-20T12:38:01Z,2025-12-20T12:23:00Z,ARR,med,15.0
82,True,True,LONDON,TORONTO,2025-12-20,3,Toronto,TRTO,2025-12-20T14:43:31Z,2025-12-20T14:15:00Z,ARR,bad,28.0
40,True,True,TORONTO,OTTAWA,2025-12-20,0,Toronto,TRTO,2025-12-20T15:38:00Z,2025-12-20T15:38:00Z,ARR,goo,0.0
40,True,True,TORONTO,OTTAWA,2025-12-20,1,Belleville,BLVL,2025-12-20T17:17:37Z,2025-12-20T17:09:00Z,ARR,med,8.0
40,True,True,TORONTO,OTTAWA,2025-12-20,2,Kingston,KGON,2025-12-20T17:57:05Z,2025-12-20T17:48:00Z,ARR,med,9.0
40,True,True,TORONTO,OTTAWA,2025-12-20,3,Fallowfield,FALL,2025-12-20T19:59:17Z,2025-12-20T19:38:00Z,ARR,bad,21.0
40,True,True,TORONTO,OTTAWA,2025-12-20,4,Ottawa,OTTW,2025-12-20T20:21:52Z,2025-12-20T20:02:00Z,ARR,med,19.0
76,True,True,WINDSOR,TORONTO,2025-12-20,0,Windsor,WDON,2025-12-20T18:06:00Z,2025-12-20T18:06:00Z,ARR,goo,0.0
76,True,True,WINDSOR,TORONTO,2025-12-20,1,Chatham,CHAT,2025-12-20T18:46:49Z,2025-12-20T18:48:01Z,ARR,goo,-1.0
76,True,True,WINDSOR,TORONTO,2025-12-20,2,Glencoe,GLNC,2025-12-20T19:35:59Z,2025-12-20T19:23:00Z,ARR,med,12.0
76,True,True,WINDSOR,TORONTO,2025-12-20,3,London,LNDN,2025-12-20T20:07:09Z,2025-12-20T19:58:00Z,ARR,med,9.0
76,True,True,WINDSOR,TORONTO,2025-12-20,4,Brantford,BRTF,2025-12-20T21:14:52Z,2025-12-20T20:59:00Z,ARR,med,15.0
76,True,True,WINDSOR,TORONTO,2025-12-20,5,Aldershot,ALDR,2025-12-20T21:48:07Z,2025-12-20T21:30:00Z,ARR,med,18.0
76,True,True,WINDSOR,TORONTO,2025-12-20,6,Toronto,TRTO,2025-12-20T23:15:56Z,2025-12-20T22:53:00Z,ARR,bad,22.0
71,True,True,TORONTO,WINDSOR,2025-12-20,0,Toronto,TRTO,2025-12-20T11:50:44Z,2025-12-20T11:50:00Z,ARR,goo,0.0
71,True,True,TORONTO,WINDSOR,2025-12-20,1,Aldershot,ALDR,2025-12-20T13:15:37Z,2025-12-20T13:09:00Z,ARR,med,6.0
71,True,True,TORONTO,WINDSOR,2025-12-20,2,Brantford,BRTF,2025-12-20T13:51:07Z,2025-12-20T13:35:00Z,ARR,med,16.0
71,True,True,TORONTO,WINDSOR,2025-12-20,3,Woodstock,WDST,2025-12-20T14:22:16Z,2025-12-20T14:10:00Z,ARR,med,12.0
71,True,True,TORONTO,WINDSOR,2025-12-20,4,Ingersoll,INGR,2025-12-20T14:37:06Z,2025-12-20T14:23:00Z,ARR,med,14.0
71,True,True,TORONTO,WINDSOR,2025-12-20,5,London,LNDN,2025-12-20T15:00:46Z,2025-12-20T14:46:00Z,ARR,med,14.0
71,True,True,TORONTO,WINDSOR,2025-12-20,6,Glencoe,GLNC,2025-12-20T15:38:29Z,2025-12-20T15:19:00Z,ARR,med,19.0
71,True,True,TORONTO,WINDSOR,2025-12-20,7,Chatham,CHAT,2025-12-20T16:24:21Z,2025-12-20T15:58:00Z,ARR,bad,26.0
71,True,True,TORONTO,WINDSOR,2025-12-20,8,Windsor,WDON,2025-12-20T17:11:42Z,2025-12-20T16:48:00Z,ARR,bad,23.0
643,True,True,OTTAWA,TORONTO,2025-12-20,0,Ottawa,OTTW,2025-12-20T13:30:02Z,2025-12-20T13:29:00Z,ARR,goo,1.0
643,True,True,OTTAWA,TORONTO,2025-12-20,1,Fallowfield,FALL,2025-12-20T13:45:33Z,2025-12-20T13:45:00Z,ARR,goo,0.0
643,True,True,OTTAWA,TORONTO,2025-12-20,2,Smiths Falls,SMTF,2025-12-20T14:15:35Z,2025-12-20T14:17:00Z,ARR,goo,-1.0
643,True,True,OTTAWA,TORONTO,2025-12-20,3,Brockville,BRKV,2025-12-20T14:49:39Z,2025-12-20T14:49:00Z,ARR,goo,0.0
643,True,True,OTTAWA,TORONTO,2025-12-20,4,Kingston,KGON,2025-12-20T15:41:41Z,2025-12-20T15:32:00Z,ARR,med,9.0
643,True,True,OTTAWA,TORONTO,2025-12-20,5,Napanee,NAPN,2025-12-20T16:07:55Z,2025-12-20T15:57:00Z,ARR,med,10.0
643,True,True,OTTAWA,TORONTO,2025-12-20,6,Belleville,BLVL,2025-12-20T16:32:16Z,2025-12-20T16:17:00Z,ARR,med,15.0
643,True,True,OTTAWA,TORONTO,2025-12-20,7,Trenton Jct.,TRNJ,2025-12-20T16:48:29Z,2025-12-20T16:31:00Z,ARR,med,17.0
643,True,True,OTTAWA,TORONTO,2025-12-20,8,Cobourg,CBRG,2025-12-20T17:14:20Z,2025-12-20T16:57:00Z,ARR,med,17.0
643,True,True,OTTAWA,TORONTO,2025-12-20,9,Port Hope,PHOP,2025-12-20T17:26:02Z,2025-12-20T17:07:00Z,ARR,med,19.0
643,True,True,OTTAWA,TORONTO,2025-12-20,10,Oshawa,OSHA,2025-12-20T18:02:40Z,2025-12-20T17:35:00Z,ARR,bad,27.0
643,True,True,OTTAWA,TORONTO,2025-12-20,11,Guildwood,GUIL,2025-12-20T18:23:30Z,2025-12-20T17:58:00Z,ARR,bad,25.0
643,True,True,OTTAWA,TORONTO,2025-12-20,12,Toronto,TRTO,2025-12-20T18:42:35Z,2025-12-20T18:18:00Z,ARR,bad,24.0
622,True,True,MONTRÉAL,QUÉBEC,2025-12-20,0,Montréal,MTRL,2025-12-20T13:20:00Z,2025-12-20T13:20:00Z,ARR,goo,0.0
622,True,True,MONTRÉAL,QUÉBEC,2025-12-20,1,St. Lambert,SLAM,2025-12-20T13:35:35Z,2025-12-20T13:33:00Z,ARR,goo,2.0
622,True,True,MONTRÉAL,QUÉBEC,2025-12-20,2,St. Hyacinthe,SHYA,2025-12-20T14:03:16Z,2025-12-20T14:00:00Z,ARR,goo,3.0
622,True,True,MONTRÉAL,QUÉBEC,2025-12-20,3,Drummondville,DRMV,2025-12-20T14:36:02Z,2025-12-20T14:29:00Z,ARR,med,7.0
622,True,True,MONTRÉAL,QUÉBEC,2025-12-20,4,Ste-Foy,SFOY,2025-12-20T16:20:16Z,2025-12-20T16:11:00Z,ARR,med,9.0
622,True,True,MONTRÉAL,QUÉBEC,2025-12-20,5,Québec,QBEC,2025-12-20T16:49:53Z,2025-12-20T16:39:00Z,ARR,med,10.0
41,True,True,OTTAWA,TORONTO,2025-12-20,0,Ottawa,OTTW,2025-12-20T10:21:00Z,2025-12-20T10:21:00Z,ARR,goo,0.0
41,True,True,OTTAWA,TORONTO,2025-12-20,1,Fallowfield,FALL,2025-12-20T10:36:25Z,2025-12-20T10:38:00Z,ARR,goo,-1.0
41,True,True,OTTAWA,TORONTO,2025-12-20,2,Smiths Falls,SMTF,2025-12-20T11:06:34Z,2025-12-20T11:08:00Z,ARR,goo,-1.0
41,True,True,OTTAWA,TORONTO,2025-12-20,3,Brockville,BRKV,2025-12-20T11:39:56Z,2025-12-20T11:40:00Z,ARR,goo,0.0
41,True,True,OTTAWA,TORONTO,2025-12-20,4,Kingston,KGON,2025-12-20T12:27:10Z,2025-12-20T12:25:00Z,ARR,goo,2.0
41,True,True,OTTAWA,TORONTO,2025-12-20,5,Napanee,NAPN,2025-12-20T12:53:34Z,2025-12-20T12:49:00Z,ARR,goo,4.0
41,True,True,OTTAWA,TORONTO,2025-12-20,6,Belleville,BLVL,2025-12-20T13:11:32Z,2025-12-20T13:07:00Z,ARR,goo,4.0
41,True,True,OTTAWA,TORONTO,2025-12-20,7,Trenton Jct.,TRNJ,2025-12-20T13:30:32Z,2025-12-20T13:20:00Z,ARR,med,10.0
41,True,True,OTTAWA,TORONTO,2025-12-20,8,Cobourg,CBRG,2025-12-20T14:00:02Z,2025-12-20T13:44:00Z,ARR,med,16.0
41,True,True,OTTAWA,TORONTO,2025-12-20,9,Oshawa,OSHA,2025-12-20T14:37:51Z,2025-12-20T14:19:00Z,ARR,med,18.0
41,True,True,OTTAWA,TORONTO,2025-12-20,10,Toronto,TRTO,2025-12-20T15:14:59Z,2025-12-20T15:02:00Z,ARR,med,12.0
64,True,True,TORONTO,MONTRÉAL,2025-12-20,0,Toronto,TRTO,2025-12-20T16:48:00Z,2025-12-20T16:38:00Z,ARR,med,10.0
64,True,True,TORONTO,MONTRÉAL,2025-12-20,1,Guildwood,GUIL,2025-12-20T17:15:43Z,2025-12-20T16:55:00Z,ARR,bad,20.0
64,True,True,TORONTO,MONTRÉAL,2025-12-20,2,Oshawa,OSHA,2025-12-20T17:45:56Z,2025-12-20T17:09:00Z,ARR,bad,36.0
64,True,True,TORONTO,MONTRÉAL,2025-12-20,3,Cobourg,CBRG,2025-12-20T18:24:12Z,2025-12-20T17:46:00Z,ARR,bad,38.0
64,True,True,TORONTO,MONTRÉAL,2025-12-20,4,Belleville,BLVL,2025-12-20T18:58:19Z,2025-12-20T18:22:00Z,ARR,bad,36.0
64,True,True,TORONTO,MONTRÉAL,2025-12-20,5,Kingston,KGON,2025-12-20T19:37:17Z,2025-12-20T19:03:00Z,ARR,bad,34.0
64,True,True,TORONTO,MONTRÉAL,2025-12-20,6,Brockville,BRKV,2025-12-20T21:28:37Z,2025-12-20T19:52:00Z,ARR,bad,96.0
64,True,True,TORONTO,MONTRÉAL,2025-12-20,7,Cornwall,CWLL,2025-12-20T22:18:57Z,2025-12-20T20:42:00Z,ARR,bad,96.0
64,True,True,TORONTO,MONTRÉAL,2025-12-20,8,Dorval,DORV,2025-12-20T23:39:11Z,2025-12-20T21:37:00Z,ARR,bad,122.0
64,True,True,TORONTO,MONTRÉAL,2025-12-20,9,Montréal,MTRL,2025-12-21T00:05:50Z,2025-12-20T22:05:00Z,ARR,bad,120.0
70,True,True,WINDSOR,TORONTO,2025-12-20,0,Windsor,WDON,2025-12-20T10:35:00Z,2025-12-20T10:35:00Z,ARR,goo,0.0
70,True,True,WINDSOR,TORONTO,2025-12-20,1,Chatham,CHAT,2025-12-20T11:19:23Z,2025-12-20T11:19:00Z,ARR,goo,0.0
70,True,True,WINDSOR,TORONTO,2025-12-20,2,London,LNDN,2025-12-20T12:33:14Z,2025-12-20T12:25:00Z,ARR,med,8.0
70,True,True,WINDSOR,TORONTO,2025-12-20,3,Ingersoll,INGR,2025-12-20T13:00:03Z,2025-12-20T12:55:00Z,ARR,goo,5.0
70,True,True,WINDSOR,TORONTO,2025-12-20,4,Woodstock,WDST,2025-12-20T13:11:49Z,2025-12-20T13:08:00Z,ARR,goo,3.0
70,True,True,WINDSOR,TORONTO,2025-12-20,5,Brantford,BRTF,2025-12-20T14:04:52Z,2025-12-20T13:44:00Z,ARR,bad,20.0
70,True,True,WINDSOR,TORONTO,2025-12-20,6,Aldershot,ALDR,2025-12-20T14:33:31Z,2025-12-20T14:25:00Z,ARR,med,8.0
70,True,True,WINDSOR,TORONTO,2025-12-20,7,Toronto,TRTO,2025-12-20T15:58:51Z,2025-12-20T15:50:00Z,ARR,med,8.0
37,True,True,QUÉBEC,OTTAWA,2025-12-20,0,Québec,QBEC,2025-12-20T17:35:06Z,2025-12-20T17:32:00Z,ARR,goo,3.0
37,True,True,QUÉBEC,OTTAWA,2025-12-20,1,Ste-Foy,SFOY,2025-12-20T18:04:25Z,2025-12-20T17:57:00Z,ARR,med,7.0
37,True,True,QUÉBEC,OTTAWA,2025-12-20,2,Drummondville,DRMV,2025-12-20T19:32:20Z,2025-12-20T19:44:00Z,ARR,goo,-11.0
37,True,True,QUÉBEC,OTTAWA,2025-12-20,3,St. Hyacinthe,SHYA,2025-12-20T20:24:39Z,2025-12-20T20:12:00Z,ARR,med,12.0
37,True,True,QUÉBEC,OTTAWA,2025-12-20,4,St. Lambert,SLAM,2025-12-20T20:58:50Z,2025-12-20T20:39:00Z,ARR,med,19.0
37,True,True,QUÉBEC,OTTAWA,2025-12-20,5,Montréal,MTRL,2025-12-20T21:13:57Z,2025-12-20T20:54:00Z,ARR,med,19.0
37,True,True,QUÉBEC,OTTAWA,2025-12-20,6,Dorval,DORV,2025-12-20T22:40:20Z,2025-12-20T21:54:00Z,ARR,bad,46.0
37,True,True,QUÉBEC,OTTAWA,2025-12-20,7,Coteau,COTO,2025-12-20T23:28:17Z,2025-12-20T22:23:00Z,ARR,bad,65.0
37,True,True,QUÉBEC,OTTAWA,2025-12-20,8,Alexandria,ALEX,2025-12-20T23:51:17Z,2025-12-20T22:45:00Z,ARR,bad,66.0
37,True,True,QUÉBEC,OTTAWA,2025-12-20,9,Ottawa,OTTW,2025-12-21T00:53:45Z,2025-12-20T23:37:00Z,ARR,bad,76.0
637,True,True,QUÉBEC,OTTAWA,2025-12-20,0,Québec,QBEC,2025-12-20T15:00:00Z,2025-12-20T15:00:00Z,ARR,goo,0.0
637,True,True,QUÉBEC,OTTAWA,2025-12-20,1,Ste-Foy,SFOY,2025-12-20T15:27:49Z,2025-12-20T15:25:00Z,ARR,goo,2.0
637,True,True,QUÉBEC,OTTAWA,2025-12-20,2,Drummondville,DRMV,2025-12-20T17:10:08Z,2025-12-20T17:08:00Z,ARR,goo,2.0
637,True,True,QUÉBEC,OTTAWA,2025-12-20,3,St. Lambert,SLAM,2025-12-20T18:18:44Z,2025-12-20T18:16:00Z,ARR,goo,2.0
637,True,True,QUÉBEC,OTTAWA,2025-12-20,4,Montréal,MTRL,2025-12-20T18:36:57Z,2025-12-20T18:31:00Z,ARR,goo,5.0
637,True,True,QUÉBEC,OTTAWA,2025-12-20,5,Dorval,DORV,2025-12-20T19:35:57Z,2025-12-20T19:20:00Z,ARR,med,15.0
637,True,True,QUÉBEC,OTTAWA,2025-12-20,6,Alexandria,ALEX,2025-12-20T20:23:54Z,2025-12-20T20:10:00Z,ARR,med,13.0
637,True,True,QUÉBEC,OTTAWA,2025-12-20,7,Ottawa,OTTW,2025-12-20T22:18:32Z,2025-12-20T20:56:00Z,ARR,bad,82.0
67,True,True,MONTRÉAL,TORONTO,2025-12-20,0,Montréal,MTRL,2025-12-20T18:22:00Z,2025-12-20T18:22:00Z,ARR,goo,0.0
67,True,True,MONTRÉAL,TORONTO,2025-12-20,1,Dorval,DORV,2025-12-20T18:45:47Z,2025-12-20T18:47:00Z,ARR,goo,-1.0
67,True,True,MONTRÉAL,TORONTO,2025-12-20,2,Cornwall,CWLL,2025-12-20T19:38:46Z,2025-12-20T19:38:00Z,ARR,goo,0.0
67,True,True,MONTRÉAL,TORONTO,2025-12-20,3,Kingston,KGON,2025-12-20T21:54:12Z,2025-12-20T21:03:00Z,ARR,bad,51.0
67,True,True,MONTRÉAL,TORONTO,2025-12-20,4,Belleville,BLVL,2025-12-20T22:36:17Z,2025-12-20T21:42:00Z,ARR,bad,54.0
67,True,True,MONTRÉAL,TORONTO,2025-12-20,5,Cobourg,CBRG,2025-12-20T23:12:11Z,2025-12-20T22:17:00Z,ARR,bad,55.0
67,True,True,MONTRÉAL,TORONTO,2025-12-20,6,Oshawa,OSHA,2025-12-21T00:03:55Z,2025-12-20T22:50:00Z,ARR,bad,73.0
67,True,True,MONTRÉAL,TORONTO,2025-12-20,7,Toronto,TRTO,2025-12-21T00:43:45Z,2025-12-20T23:45:00Z,ARR,bad,58.0
73,True,True,TORONTO,WINDSOR,2025-12-20,0,Toronto,TRTO,2025-12-20T16:30:00Z,2025-12-20T16:30:00Z,ARR,goo,0.0
73,True,True,TORONTO,WINDSOR,2025-12-20,1,Aldershot,ALDR,2025-12-20T18:36:55Z,2025-12-20T17:49:00Z,ARR,bad,47.0
73,True,True,TORONTO,WINDSOR,2025-12-20,2,Brantford,BRTF,2025-12-20T19:15:02Z,2025-12-20T18:20:00Z,ARR,bad,55.0
73,True,True,TORONTO,WINDSOR,2025-12-20,3,Woodstock,WDST,2025-12-20T20:03:28Z,2025-12-20T18:49:00Z,ARR,bad,74.0
73,True,True,TORONTO,WINDSOR,2025-12-20,4,London,LNDN,2025-12-20T20:39:55Z,2025-12-20T19:18:00Z,ARR,bad,81.0
73,True,True,TORONTO,WINDSOR,2025-12-20,5,Chatham,CHAT,2025-12-20T21:58:11Z,2025-12-20T20:30:00Z,ARR,bad,88.0
73,True,True,TORONTO,WINDSOR,2025-12-20,6,Windsor,WDON,2025-12-20T22:44:19Z,2025-12-20T21:25:00Z,ARR,bad,79.0
26,True,True,OTTAWA,QUÉBEC,2025-12-20,0,Ottawa,OTTW,2025-12-20T19:19:58Z,2025-12-20T19:17:00Z,ARR,goo,2.0
26,True,True,OTTAWA,QUÉBEC,2025-12-20,1,Alexandria,ALEX,2025-12-20T20:44:31Z,2025-12-20T20:03:00Z,ARR,bad,41.0
26,True,True,OTTAWA,QUÉBEC,2025-12-20,2,Coteau,COTO,2025-12-20T21:06:40Z,2025-12-20T20:26:00Z,ARR,bad,40.0
26,True,True,OTTAWA,QUÉBEC,2025-12-20,3,Dorval,DORV,2025-12-20T21:27:34Z,2025-12-20T20:49:00Z,ARR,bad,38.0
26,True,True,OTTAWA,QUÉBEC,2025-12-20,4,Montréal,MTRL,2025-12-20T21:51:17Z,2025-12-20T21:15:00Z,ARR,bad,36.0
26,True,True,OTTAWA,QUÉBEC,2025-12-20,5,St. Lambert,SLAM,2025-12-20T22:36:54Z,2025-12-20T21:53:00Z,ARR,bad,43.0
26,True,True,OTTAWA,QUÉBEC,2025-12-20,6,St. Hyacinthe,SHYA,2025-12-20T23:05:13Z,2025-12-20T22:20:00Z,ARR,bad,45.0
26,True,True,OTTAWA,QUÉBEC,2025-12-20,7,Drummondville,DRMV,2025-12-20T23:44:52Z,2025-12-20T23:05:00Z,ARR,bad,39.0
26,True,True,OTTAWA,QUÉBEC,2025-12-20,8,Charny,CHNY,2025-12-21T01:10:07Z,2025-12-21T00:44:00Z,ARR,bad,26.0
26,True,True,OTTAWA,QUÉBEC,2025-12-20,9,Ste-Foy,SFOY,2025-12-21T01:18:22Z,2025-12-21T00:52:00Z,ARR,bad,26.0
26,True,True,OTTAWA,QUÉBEC,2025-12-20,10,Québec,QBEC,2025-12-21T01:47:28Z,2025-12-21T01:19:00Z,ARR,bad,28.0
39,True,True,QUÉBEC,OTTAWA,2025-12-20,0,Québec,QBEC,2025-12-20T19:57:00Z,2025-12-20T19:57:00Z,ARR,goo,0.0
39,True,True,QUÉBEC,OTTAWA,2025-12-20,1,Ste-Foy,SFOY,2025-12-20T20:21:43Z,2025-12-20T20:22:00Z,ARR,goo,0.0
39,True,True,QUÉBEC,OTTAWA,2025-12-20,2,Drummondville,DRMV,2025-12-20T22:01:33Z,2025-12-20T21:58:00Z,ARR,goo,3.0
39,True,True,QUÉBEC,OTTAWA,2025-12-20,3,St. Lambert,SLAM,2025-12-20T22:55:34Z,2025-12-20T22:57:00Z,ARR,goo,-1.0
39,True,True,QUÉBEC,OTTAWA,2025-12-20,4,Montréal,MTRL,2025-12-20T23:10:19Z,2025-12-20T23:11:00Z,ARR,goo,0.0
39,True,True,QUÉBEC,OTTAWA,2025-12-20,5,Dorval,DORV,2025-12-21T00:18:07Z,2025-12-21T00:14:00Z,ARR,goo,4.0
39,True,True,QUÉBEC,OTTAWA,2025-12-20,6,Coteau,COTO,2025-12-21T00:45:43Z,2025-12-21T00:43:00Z,ARR,goo,2.0
39,True,True,QUÉBEC,OTTAWA,2025-12-20,7,Alexandria,ALEX,2025-12-21T01:06:16Z,2025-12-21T01:06:00Z,ARR,goo,0.0
39,True,True,QUÉBEC,OTTAWA,2025-12-20,8,Ottawa,OTTW,2025-12-21T01:52:47Z,2025-12-21T01:51:00Z,ARR,goo,1.0
66,True,True,TORONTO,MONTRÉAL,2025-12-20,0,Toronto,TRTO,2025-12-20T20:52:00Z,2025-12-20T20:23:00Z,ARR,bad,29.0
66,True,True,TORONTO,MONTRÉAL,2025-12-20,1,Guildwood,GUIL,2025-12-20T21:25:20Z,2025-12-20T20:40:00Z,ARR,bad,45.0
66,True,True,TORONTO,MONTRÉAL,2025-12-20,2,Oshawa,OSHA,2025-12-20T21:45:50Z,2025-12-20T20:54:00Z,ARR,bad,51.0
66,True,True,TORONTO,MONTRÉAL,2025-12-20,3,Belleville,BLVL,2025-12-20T22:52:27Z,2025-12-20T22:00:00Z,ARR,bad,52.0
66,True,True,TORONTO,MONTRÉAL,2025-12-20,4,Kingston,KGON,2025-12-20T23:31:04Z,2025-12-20T22:40:00Z,ARR,bad,51.0
66,True,True,TORONTO,MONTRÉAL,2025-12-20,5,Cornwall,CWLL,2025-12-21T01:02:35Z,2025-12-21T00:07:00Z,ARR,bad,55.0
66,True,True,TORONTO,MONTRÉAL,2025-12-20,6,Dorval,DORV,2025-12-21T01:54:45Z,2025-12-21T00:58:00Z,ARR,bad,56.0
66,True,True,TORONTO,MONTRÉAL,2025-12-20,7,Montréal,MTRL,2025-12-21T02:24:02Z,2025-12-21T01:25:00Z,ARR,bad,59.0
46,True,True,TORONTO,OTTAWA,2025-12-20,0,Toronto,TRTO,2025-12-20T20:38:40Z,2025-12-20T20:38:00Z,ARR,goo,0.0
46,True,True,TORONTO,OTTAWA,2025-12-20,1,Oshawa,OSHA,2025-12-20T21:13:02Z,2025-12-20T21:09:00Z,ARR,goo,4.0
46,True,True,TORONTO,OTTAWA,2025-12-20,2,Cobourg,CBRG,2025-12-20T21:50:17Z,2025-12-20T21:43:00Z,ARR,med,7.0
46,True,True,TORONTO,OTTAWA,2025-12-20,3,Kingston,KGON,2025-12-20T23:03:42Z,2025-12-20T22:54:00Z,ARR,med,9.0
46,True,True,TORONTO,OTTAWA,2025-12-20,4,Brockville,BRKV,2025-12-20T23:55:15Z,2025-12-20T23:40:00Z,ARR,med,15.0
46,True,True,TORONTO,OTTAWA,2025-12-20,5,Fallowfield,FALL,2025-12-21T00:49:04Z,2025-12-21T00:40:00Z,ARR,med,9.0
46,True,True,TORONTO,OTTAWA,2025-12-20,6,Ottawa,OTTW,2025-12-21T01:09:58Z,2025-12-21T01:00:00Z,ARR,med,9.0
28,True,False,OTTAWA,QUÉBEC,2025-12-20,0,Ottawa,OTTW,2025-12-20T21:14:18Z,2025-12-20T21:05:00Z,ARR,med,9.0
28,True,False,OTTAWA,QUÉBEC,2025-12-20,1,Casselman,CSLM,2025-12-20T21:40:50Z,2025-12-20T21:31:00Z,ARR,med,9.0
28,True,False,OTTAWA,QUÉBEC,2025-12-20,2,Alexandria,ALEX,2025-12-20T22:11:13Z,2025-12-20T21:53:00Z,ARR,med,18.0
28,True,False,OTTAWA,QUÉBEC,2025-12-20,3,Coteau,COTO,2025-12-20T22:47:48Z,2025-12-20T22:15:00Z,ARR,bad,32.0
28,True,False,OTTAWA,QUÉBEC,2025-12-20,4,Dorval,DORV,2025-12-20T23:28:38Z,2025-12-20T22:38:00Z,ARR,bad,50.0
28,True,False,OTTAWA,QUÉBEC,2025-12-20,5,Montréal,MTRL,2025-12-20T23:53:46Z,2025-12-20T23:04:00Z,ARR,bad,49.0
28,True,False,OTTAWA,QUÉBEC,2025-12-20,6,St. Lambert,SLAM,2025-12-21T00:42:11Z,2025-12-20T23:38:00Z,ARR,bad,64.0
28,True,False,OTTAWA,QUÉBEC,2025-12-20,7,St. Hyacinthe,SHYA,2025-12-21T01:13:52Z,2025-12-21T00:06:00Z,ARR,bad,67.0
28,True,False,OTTAWA,QUÉBEC,2025-12-20,8,Drummondville,DRMV,2025-12-21T01:55:24Z,2025-12-21T00:52:00Z,ARR,bad,63.0
28,True,False,OTTAWA,QUÉBEC,2025-12-20,9,Charny,CHNY,2025-12-21T03:18:12Z,2025-12-21T02:14:00Z,ARR,bad,64.0
28,True,False,OTTAWA,QUÉBEC,2025-12-20,10,Ste-Foy,SFOY,2025-12-21T03:26:54Z,2025-12-21T02:21:00Z,< 1 min,bad,65.0
28,True,False,OTTAWA,QUÉBEC,2025-12-20,11,Québec,QBEC,2025-12-21T03:53:54Z,2025-12-21T02:48:00Z,27 mins,bad,65.0
69,True,True,MONTRÉAL,TORONTO,2025-12-20,0,Montréal,MTRL,2025-12-20T21:38:00Z,2025-12-20T21:38:00Z,ARR,goo,0.0
69,True,True,MONTRÉAL,TORONTO,2025-12-20,1,Dorval,DORV,2025-12-20T22:02:59Z,2025-12-20T22:04:00Z,ARR,goo,-1.0
69,True,True,MONTRÉAL,TORONTO,2025-12-20,2,Cornwall,CWLL,2025-12-20T23:03:05Z,2025-12-20T22:53:00Z,ARR,med,10.0
69,True,True,MONTRÉAL,TORONTO,2025-12-20,3,Brockville,BRKV,2025-12-20T23:48:15Z,2025-12-20T23:40:00Z,ARR,med,8.0
69,True,True,MONTRÉAL,TORONTO,2025-12-20,4,Kingston,KGON,2025-12-21T00:30:35Z,2025-12-21T00:24:00Z,ARR,med,6.0
69,True,True,MONTRÉAL,TORONTO,2025-12-20,5,Oshawa,OSHA,2025-12-21T02:09:29Z,2025-12-21T02:05:00Z,ARR,goo,4.0
69,True,True,MONTRÉAL,TORONTO,2025-12-20,6,Guildwood,GUIL,2025-12-21T02:30:35Z,2025-12-21T02:28:00Z,ARR,goo,2.0
69,True,True,MONTRÉAL,TORONTO,2025-12-20,7,Toronto,TRTO,2025-12-21T02:49:06Z,2025-12-21T02:48:00Z,ARR,goo,1.0
68,True,False,TORONTO,MONTRÉAL,2025-12-20,0,Toronto,TRTO,2025-12-20T22:08:00Z,2025-12-20T22:08:00Z,ARR,goo,0.0
68,True,False,TORONTO,MONTRÉAL,2025-12-20,1,Oshawa,OSHA,2025-12-20T22:44:10Z,2025-12-20T22:39:00Z,ARR,goo,5.0
68,True,False,TORONTO,MONTRÉAL,2025-12-20,2,Cobourg,CBRG,2025-12-20T23:25:30Z,2025-12-20T23:14:00Z,ARR,med,11.0
68,True,False,TORONTO,MONTRÉAL,2025-12-20,3,Belleville,BLVL,2025-12-21T00:01:26Z,2025-12-20T23:49:00Z,ARR,med,12.0
68,True,False,TORONTO,MONTRÉAL,2025-12-20,4,Kingston,KGON,2025-12-21T00:42:06Z,2025-12-21T00:26:00Z,ARR,med,16.0
68,True,False,TORONTO,MONTRÉAL,2025-12-20,5,Brockville,BRKV,2025-12-21T01:32:39Z,2025-12-21T01:11:00Z,ARR,bad,21.0
68,True,False,TORONTO,MONTRÉAL,2025-12-20,6,Cornwall,CWLL,2025-12-21T02:17:23Z,2025-12-21T01:57:00Z,ARR,bad,20.0
68,True,False,TORONTO,MONTRÉAL,2025-12-20,7,Dorval,DORV,2025-12-21T03:09:22Z,2025-12-21T02:47:00Z,ARR,bad,22.0
68,True,False,TORONTO,MONTRÉAL,2025-12-20,8,Montréal,MTRL,2025-12-21T03:39:08Z,2025-12-21T03:14:00Z,12 mins,bad,25.0
54,True,True,TORONTO,OTTAWA,2025-12-20,0,Toronto,TRTO,2025-12-20T22:38:00Z,2025-12-20T22:38:00Z,ARR,goo,0.0
54,True,True,TORONTO,OTTAWA,2025-12-20,1,Guildwood,GUIL,2025-12-20T22:54:57Z,2025-12-20T22:55:00Z,ARR,goo,0.0
54,True,True,TORONTO,OTTAWA,2025-12-20,2,Oshawa,OSHA,2025-12-20T23:15:22Z,2025-12-20T23:08:00Z,ARR,med,7.0
54,True,True,TORONTO,OTTAWA,2025-12-20,3,Port Hope,PHOP,2025-12-20T23:44:54Z,2025-12-20T23:37:00Z,ARR,med,7.0
54,True,True,TORONTO,OTTAWA,2025-12-20,4,Cobourg,CBRG,2025-12-20T23:53:22Z,2025-12-20T23:46:00Z,ARR,med,7.0
54,True,True,TORONTO,OTTAWA,2025-12-20,5,Trenton Jct.,TRNJ,2025-12-21T00:19:18Z,2025-12-21T00:13:01Z,ARR,med,6.0
54,True,True,TORONTO,OTTAWA,2025-12-20,6,Belleville,BLVL,2025-12-21T00:33:48Z,2025-12-21T00:27:00Z,ARR,med,6.0
54,True,True,TORONTO,OTTAWA,2025-12-20,7,Napanee,NAPN,2025-12-21T00:54:26Z,2025-12-21T00:48:00Z,ARR,med,6.0
54,True,True,TORONTO,OTTAWA,2025-12-20,8,Kingston,KGON,2025-12-21T01:21:41Z,2025-12-21T01:09:00Z,ARR,med,12.0
54,True,True,TORONTO,OTTAWA,2025-12-20,9,Brockville,BRKV,2025-12-21T02:05:50Z,2025-12-21T01:54:00Z,ARR,med,11.0
54,True,True,TORONTO,OTTAWA,2025-12-20,10,Smiths Falls,SMTF,2025-12-21T02:35:35Z,2025-12-21T02:25:00Z,ARR,med,10.0
54,True,True,TORONTO,OTTAWA,2025-12-20,11,Fallowfield,FALL,2025-12-21T03:03:01Z,2025-12-21T02:52:00Z,ARR,med,11.0
54,True,True,TORONTO,OTTAWA,2025-12-20,12,Ottawa,OTTW,2025-12-21T03:24:24Z,2025-12-21T03:13:00Z,ARR,med,11.0
78,True,False,WINDSOR,TORONTO,2025-12-20,0,Windsor,WDON,2025-12-20T23:10:00Z,2025-12-20T22:40:00Z,ARR,bad,30.0
78,True,False,WINDSOR,TORONTO,2025-12-20,1,Chatham,CHAT,2025-12-21T00:07:57Z,2025-12-20T23:24:00Z,ARR,bad,43.0
78,True,False,WINDSOR,TORONTO,2025-12-20,2,Glencoe,GLNC,2025-12-21T00:53:23Z,2025-12-20T23:59:00Z,ARR,bad,54.0
78,True,False,WINDSOR,TORONTO,2025-12-20,3,London,LNDN,2025-12-21T01:20:42Z,2025-12-21T00:32:00Z,ARR,bad,48.0
78,True,False,WINDSOR,TORONTO,2025-12-20,4,Ingersoll,INGR,2025-12-21T01:47:33Z,2025-12-21T00:57:00Z,ARR,bad,50.0
78,True,False,WINDSOR,TORONTO,2025-12-20,5,Woodstock,WDST,2025-12-21T01:58:50Z,2025-12-21T01:08:00Z,ARR,bad,50.0
78,True,False,WINDSOR,TORONTO,2025-12-20,6,Brantford,BRTF,2025-12-21T02:27:56Z,2025-12-21T01:39:00Z,ARR,bad,48.0
78,True,False,WINDSOR,TORONTO,2025-12-20,7,Aldershot,ALDR,2025-12-21T03:25:44Z,2025-12-21T02:09:00Z,ARR,bad,76.0
78,True,False,WINDSOR,TORONTO,2025-12-20,8,Toronto,TRTO,2025-12-21T04:46:55Z,2025-12-21T03:30:00Z,1h20,bad,76.0
29,True,True,QUÉBEC,MONTRÉAL,2025-12-20,0,Québec,QBEC,2025-12-20T22:41:00Z,2025-12-20T22:41:00Z,ARR,goo,0.0
29,True,True,QUÉBEC,MONTRÉAL,2025-12-20,1,Ste-Foy,SFOY,2025-12-20T23:13:15Z,2025-12-20T23:06:00Z,ARR,med,7.0
29,True,True,QUÉBEC,MONTRÉAL,2025-12-20,2,Drummondville,DRMV,2025-12-21T00:53:40Z,2025-12-21T00:42:00Z,ARR,med,11.0
29,True,True,QUÉBEC,MONTRÉAL,2025-12-20,3,St. Hyacinthe,SHYA,2025-12-21T01:26:39Z,2025-12-21T01:18:00Z,ARR,med,8.0
29,True,True,QUÉBEC,MONTRÉAL,2025-12-20,4,St. Lambert,SLAM,2025-12-21T01:56:29Z,2025-12-21T01:45:00Z,ARR,med,11.0
29,True,True,QUÉBEC,MONTRÉAL,2025-12-20,5,Montréal,MTRL,2025-12-21T02:27:23Z,2025-12-21T02:00:00Z,ARR,bad,27.0
98,True,True,NIAGARA FALLS,TORONTO,2025-12-20,0,Niagara Falls,NIAG,2025-12-20T22:45:00Z,2025-12-20T22:45:00Z,ARR,goo,0.0
98,True,True,NIAGARA FALLS,TORONTO,2025-12-20,1,St. Catharines,SCAT,2025-12-20T23:35:00Z,2025-12-20T23:06:00Z,ARR,bad,29.0
98,True,True,NIAGARA FALLS,TORONTO,2025-12-20,2,Grimsby,GRIM,2025-12-20T23:56:00Z,2025-12-20T23:26:00Z,ARR,bad,30.0
98,True,True,NIAGARA FALLS,TORONTO,2025-12-20,3,Aldershot,ALDR,2025-12-21T00:33:00Z,2025-12-21T00:02:00Z,ARR,bad,31.0
98,True,True,NIAGARA FALLS,TORONTO,2025-12-20,4,Toronto,TRTO,2025-12-21T02:20:00Z,2025-12-21T01:23:00Z,ARR,bad,57.0
87,True,False,TORONTO,SARNIA,2025-12-20,0,Toronto,TRTO,2025-12-20T23:01:31Z,2025-12-20T22:40:00Z,ARR,bad,21.0
87,True,False,TORONTO,SARNIA,2025-12-20,1,Malton,MALT,2025-12-20T23:30:16Z,2025-12-20T23:00:00Z,ARR,bad,30.0
87,True,False,TORONTO,SARNIA,2025-12-20,2,Brampton,BRMP,2025-12-20T23:45:14Z,2025-12-20T23:12:00Z,ARR,bad,33.0
87,True,False,TORONTO,SARNIA,2025-12-20,3,Georgetown,GEOR,2025-12-20T23:58:59Z,2025-12-20T23:24:00Z,ARR,bad,34.0
87,True,False,TORONTO,SARNIA,2025-12-20,4,Guelph,GUEL,2025-12-21T00:22:47Z,2025-12-20T23:49:00Z,ARR,bad,33.0
87,True,False,TORONTO,SARNIA,2025-12-20,5,Kitchener,KITC,2025-12-21T00:48:11Z,2025-12-21T00:16:00Z,ARR,bad,32.0
87,True,False,TORONTO,SARNIA,2025-12-20,6,Stratford,STRF,2025-12-21T01:38:34Z,2025-12-21T00:57:00Z,ARR,bad,41.0
87,True,False,TORONTO,SARNIA,2025-12-20,7,St.Marys,SMYS,2025-12-21T02:08:42Z,2025-12-21T01:25:00Z,ARR,bad,43.0
87,True,False,TORONTO,SARNIA,2025-12-20,8,London,LNDN,2025-12-21T03:03:55Z,2025-12-21T02:13:00Z,ARR,bad,50.0
87,True,False,TORONTO,SARNIA,2025-12-20,9,Strathroy,STRR,2025-12-21T03:34:55Z,2025-12-21T02:39:00Z,8 mins,bad,55.0
87,True,False,TORONTO,SARNIA,2025-12-20,10,Wyoming,WYOM,2025-12-21T04:02:55Z,2025-12-21T03:07:00Z,36 mins,bad,55.0
87,True,False,TORONTO,SARNIA,2025-12-20,11,Sarnia,SARN,2025-12-21T04:19:55Z,2025-12-21T03:24:00Z,53 mins,bad,55.0
59,True,False,OTTAWA,TORONTO,2025-12-20,0,Ottawa,OTTW,2025-12-20T23:09:39Z,2025-12-20T23:03:00Z,ARR,med,6.0
59,True,False,OTTAWA,TORONTO,2025-12-20,1,Fallowfield,FALL,2025-12-20T23:27:16Z,2025-12-20T23:20:00Z,ARR,med,7.0
59,True,False,OTTAWA,TORONTO,2025-12-20,2,Smiths Falls,SMTF,2025-12-20T23:55:15Z,2025-12-20T23:51:00Z,ARR,goo,4.0
59,True,False,OTTAWA,TORONTO,2025-12-20,3,Brockville,BRKV,2025-12-21T00:41:35Z,2025-12-21T00:25:00Z,ARR,med,16.0
59,True,False,OTTAWA,TORONTO,2025-12-20,4,Kingston,KGON,2025-12-21T01:23:18Z,2025-12-21T01:10:00Z,ARR,med,13.0
59,True,False,OTTAWA,TORONTO,2025-12-20,5,Belleville,BLVL,2025-12-21T02:05:24Z,2025-12-21T01:51:00Z,ARR,med,14.0
59,True,False,OTTAWA,TORONTO,2025-12-20,6,Trenton Jct.,TRNJ,2025-12-21T02:30:07Z,2025-12-21T02:05:00Z,ARR,bad,25.0
59,True,False,OTTAWA,TORONTO,2025-12-20,7,Cobourg,CBRG,2025-12-21T03:04:12Z,2025-12-21T02:31:00Z,ARR,bad,33.0
59,True,False,OTTAWA,TORONTO,2025-12-20,8,Oshawa,OSHA,2025-12-21T03:39:16Z,2025-12-21T03:05:00Z,12 mins,bad,34.0
59,True,False,OTTAWA,TORONTO,2025-12-20,9,Guildwood,GUIL,2025-12-21T04:02:16Z,2025-12-21T03:28:00Z,35 mins,bad,34.0
59,True,False,OTTAWA,TORONTO,2025-12-20,10,Toronto,TRTO,2025-12-21T04:22:16Z,2025-12-21T03:48:00Z,55 mins,bad,34.0
38,True,True,OTTAWA,MONTRÉAL,2025-12-20,0,Ottawa,OTTW,2025-12-20T23:13:05Z,2025-12-20T22:55:00Z,ARR,med,18.0
38,True,True,OTTAWA,MONTRÉAL,2025-12-20,1,Casselman,CSLM,2025-12-20T23:37:58Z,2025-12-20T23:26:00Z,ARR,med,11.0
38,True,True,OTTAWA,MONTRÉAL,2025-12-20,2,Alexandria,ALEX,2025-12-21T00:08:57Z,2025-12-20T23:49:00Z,ARR,med,19.0
38,True,True,OTTAWA,MONTRÉAL,2025-12-20,3,Dorval,DORV,2025-12-21T01:17:56Z,2025-12-21T00:33:00Z,ARR,bad,44.0
38,True,True,OTTAWA,MONTRÉAL,2025-12-20,4,Montréal,MTRL,2025-12-21T01:40:51Z,2025-12-21T00:57:00Z,ARR,bad,43.0
75,True,False,TORONTO,WINDSOR,2025-12-20,0,Toronto,TRTO,2025-12-20T23:24:34Z,2025-12-20T22:22:00Z,ARR,bad,62.0
75,True,False,TORONTO,WINDSOR,2025-12-20,1,Aldershot,ALDR,2025-12-21T00:46:40Z,2025-12-20T23:41:00Z,ARR,bad,65.0
75,True,False,TORONTO,WINDSOR,2025-12-20,2,Brantford,BRTF,2025-12-21T01:20:57Z,2025-12-21T00:13:00Z,ARR,bad,67.0
75,True,False,TORONTO,WINDSOR,2025-12-20,3,Woodstock,WDST,2025-12-21T01:49:55Z,2025-12-21T00:44:00Z,ARR,bad,65.0
75,True,False,TORONTO,WINDSOR,2025-12-20,4,Ingersoll,INGR,2025-12-21T02:04:45Z,2025-12-21T00:59:00Z,ARR,bad,65.0
75,True,False,TORONTO,WINDSOR,2025-12-20,5,London,LNDN,2025-12-21T02:28:15Z,2025-12-21T01:27:00Z,ARR,bad,61.0
75,True,False,TORONTO,WINDSOR,2025-12-20,6,Glencoe,GLNC,2025-12-21T03:08:42Z,2025-12-21T02:01:00Z,ARR,bad,67.0
75,True,False,TORONTO,WINDSOR,2025-12-20,7,Chatham,CHAT,2025-12-21T03:46:17Z,2025-12-21T02:35:00Z,19 mins,bad,71.0
75,True,False,TORONTO,WINDSOR,2025-12-20,8,Windsor,WDON,2025-12-21T04:41:17Z,2025-12-21T03:30:00Z,1h14,bad,71.0
79,True,False,TORONTO,WINDSOR,2025-12-20,0,Toronto,TRTO,2025-12-21T01:39:30Z,2025-12-21T00:45:00Z,ARR,bad,54.0
79,True,False,TORONTO,WINDSOR,2025-12-20,1,Aldershot,ALDR,2025-12-21T02:55:45Z,2025-12-21T02:02:00Z,ARR,bad,53.0
79,True,False,TORONTO,WINDSOR,2025-12-20,2,Brantford,BRTF,2025-12-21T03:27:12Z,2025-12-21T02:30:00Z,< 1 min,bad,57.0
79,True,False,TORONTO,WINDSOR,2025-12-20,3,Woodstock,WDST,2025-12-21T03:54:12Z,2025-12-21T02:57:00Z,27 mins,bad,57.0
79,True,False,TORONTO,WINDSOR,2025-12-20,4,Ingersoll,INGR,2025-12-21T04:07:12Z,2025-12-21T03:10:00Z,40 mins,bad,57.0
79,True,False,TORONTO,WINDSOR,2025-12-20,5,London,LNDN,2025-12-21T04:29:12Z,2025-12-21T03:32:00Z,1h02,bad,57.0
79,True,False,TORONTO,WINDSOR,2025-12-20,6,Glencoe,GLNC,2025-12-21T05:02:12Z,2025-12-21T04:05:00Z,1h35,bad,57.0
79,True,False,TORONTO,WINDSOR,2025-12-20,7,Chatham,CHAT,2025-12-21T05:34:12Z,2025-12-21T04:37:00Z,2h07,bad,57.0
79,True,False,TORONTO,WINDSOR,2025-12-20,8,Windsor,WDON,2025-12-21T06:21:12Z,2025-12-21T05:24:00Z,2h54,bad,57.0
