train_id,departed,arrived,from,to,instance,stop_id,station,code,estimated,scheduled,eta,diff,diffMin
1 (08-27),True,False,TORONTO,VANCOUVER,2025-08-27,0,Toronto,TRTO,2025-08-27T13:55:00Z,2025-08-27T13:55:00Z,ARR,goo,0.0
1 (08-27),True,False,TORONTO,VANCOUVER,2025-08-27,1,Washago,WSHG,2025-08-27T17:54:14Z,2025-08-27T16:25:00Z,ARR,bad,89.0
1 (08-27),True,False,TORONTO,VANCOUVER,2025-08-27,2,South Parry,SPAR,2025-08-27T19:39:46Z,2025-08-27T18:27:00Z,ARR,bad,72.0
1 (08-27),True,False,TORONTO,VANCOUVER,2025-08-27,3,Sudbury (Jct.),SUDJ,2025-08-27T22:04:29Z,2025-08-27T20:57:00Z,ARR,bad,67.0
1 (08-27),True,False,TORONTO,VANCOUVER,2025-08-27,4,Capreol,CAPR,2025-08-27T22:31:23Z,2025-08-27T21:22:00Z,ARR,bad,69.0
1 (08-27),True,False,TORONTO,VANCOUVER,2025-08-27,5,Laforest,LAFO,2025-08-28T00:01:08Z,2025-08-27T22:48:00Z,ARR,bad,73.0
1 (08-27),True,False,TORONTO,VANCOUVER,2025-08-27,6,McKee's Camp,MCKC,2025-08-28T00:14:08Z,2025-08-27T23:01:00Z,ARR,bad,73.0
1 (08-27),True,False,TORONTO,VANCOUVER,2025-08-27,7,Felix,FELX,2025-08-28T00:34:08Z,2025-08-27T23:21:00Z,ARR,bad,73.0
1 (08-27),True,False,TORONTO,VANCOUVER,2025-08-27,8,Ruel,RUEL,2025-08-28T00:41:08Z,2025-08-27T23:28:00Z,ARR,bad,73.0
1 (08-27),True,False,TORONTO,VANCOUVER,2025-08-27,9,Westree,WSTR,2025-08-28T00:58:08Z,2025-08-27T23:45:00Z,ARR,bad,73.0
1 (08-27),True,False,TORONTO,VANCOUVER,2025-08-27,10,Gogama,GOGA,2025-08-28T01:06:00Z,2025-08-28T00:18:00Z,ARR,bad,48.0
1 (08-27),True,False,TORONTO,VANCOUVER,2025-08-27,11,Foleyet,FOLE,2025-08-28T02:46:11Z,2025-08-28T02:44:00Z,ARR,goo,2.0
1 (08-27),True,False,TORONTO,VANCOUVER,2025-08-27,12,Elsas,ELSA,2025-08-28T03:43:36Z,2025-08-28T03:38:00Z,ARR,med,5.0
1 (08-27),True,False,TORONTO,VANCOUVER,2025-08-27,13,Oba,OBAX,2025-08-28T05:43:36Z,2025-08-28T05:38:00Z,ARR,med,5.0
1 (08-27),True,False,TORONTO,VANCOUVER,2025-08-27,14,Hornepayne,HNPN,2025-08-28T07:58:32Z,2025-08-28T06:29:00Z,ARR,bad,89.0
1 (08-27),True,False,TORONTO,VANCOUVER,2025-08-27,15,Hillsport,HLSP,2025-08-28T09:32:57Z,2025-08-28T08:05:00Z,ARR,bad,87.0
1 (08-27),True,False,TORONTO,VANCOUVER,2025-08-27,16,Caramat,CARA,2025-08-28T10:30:41Z,2025-08-28T08:55:00Z,ARR,bad,95.0
1 (08-27),True,False,TORONTO,VANCOUVER,2025-08-27,17,Longlac,LLAC,2025-08-28T11:01:06Z,2025-08-28T09:34:00Z,ARR,bad,87.0
1 (08-27),True,False,TORONTO,VANCOUVER,2025-08-27,18,Nakina,NAKI,2025-08-28T11:48:13Z,2025-08-28T10:13:00Z,ARR,bad,95.0
1 (08-27),True,False,TORONTO,VANCOUVER,2025-08-27,19,Auden,AUDN,2025-08-28T12:53:08Z,2025-08-28T11:19:00Z,ARR,bad,94.0
1 (08-27),True,False,TORONTO,VANCOUVER,2025-08-27,20,Ferland,FERL,2025-08-28T13:30:08Z,2025-08-28T11:56:00Z,ARR,bad,94.0
1 (08-27),True,False,TORONTO,VANCOUVER,2025-08-27,21,Mud River,MUDR,2025-08-28T13:39:08Z,2025-08-28T12:05:00Z,ARR,bad,94.0
1 (08-27),True,False,TORONTO,VANCOUVER,2025-08-27,22,Armstrong,ARMG,2025-08-28T14:14:59Z,2025-08-28T13:17:00Z,ARR,bad,57.0
1 (08-27),True,False,TORONTO,VANCOUVER,2025-08-27,23,Collins,COLL,2025-08-28T14:50:32Z,2025-08-28T13:47:00Z,ARR,bad,63.0
1 (08-27),True,False,TORONTO,VANCOUVER,2025-08-27,24,Allanwater Bridge,ALWB,2025-08-28T15:29:32Z,2025-08-28T14:26:00Z,ARR,bad,63.0
1 (08-27),True,False,TORONTO,VANCOUVER,2025-08-27,25,Flindt Landing,FLTL,2025-08-28T15:45:32Z,2025-08-28T14:42:00Z,ARR,bad,63.0
1 (08-27),True,False,TORONTO,VANCOUVER,2025-08-27,26,Savant Lake,SAVL,2025-08-28T16:02:32Z,2025-08-28T14:59:00Z,ARR,bad,63.0
1 (08-27),True,False,TORONTO,VANCOUVER,2025-08-27,27,Sioux Lookout,SLKT,2025-08-28T17:43:48Z,2025-08-28T16:25:00Z,ARR,bad,78.0
1 (08-27),True,False,TORONTO,VANCOUVER,2025-08-27,28,Richan,RCHN,2025-08-28T20:16:16Z,2025-08-28T18:05:00Z,ARR,bad,131.0
1 (08-27),True,False,TORONTO,VANCOUVER,2025-08-27,29,Red Lake Road,RLRX,2025-08-28T21:15:38Z,2025-08-28T18:41:00Z,ARR,bad,154.0
1 (08-27),True,False,TORONTO,VANCOUVER,2025-08-27,30,Canyon,CNYK,2025-08-28T21:53:54Z,2025-08-28T19:10:00Z,ARR,bad,163.0
1 (08-27),True,False,TORONTO,VANCOUVER,2025-08-27,31,Farlane,FARL,2025-08-28T22:25:31Z,2025-08-28T19:47:00Z,ARR,bad,158.0
1 (08-27),True,False,TORONTO,VANCOUVER,2025-08-27,32,Redditt,RDDT,2025-08-28T22:39:54Z,2025-08-28T20:23:00Z,ARR,bad,136.0
1 (08-27),True,False,TORONTO,VANCOUVER,2025-08-27,33,Minaki,MNKI,2025-08-28T23:05:41Z,2025-08-28T20:44:00Z,ARR,bad,141.0
1 (08-27),True,False,TORONTO,VANCOUVER,2025-08-27,34,Ottermere,OTTM,2025-08-28T23:26:39Z,2025-08-28T21:01:00Z,ARR,bad,145.0
1 (08-27),True,False,TORONTO,VANCOUVER,2025-08-27,35,Malachi,MLCH,2025-08-28T23:40:47Z,2025-08-28T21:07:00Z,ARR,bad,153.0
1 (08-27),True,False,TORONTO,VANCOUVER,2025-08-27,36,Copelands Landing,COPE,2025-08-28T23:42:18Z,2025-08-28T21:09:00Z,ARR,bad,153.0
1 (08-27),True,False,TORONTO,VANCOUVER,2025-08-27,37,Rice Lake,RCLK,2025-08-28T23:57:13Z,2025-08-28T21:12:00Z,ARR,bad,165.0
1 (08-27),True,False,TORONTO,VANCOUVER,2025-08-27,38,Winnitoba,WNTB,2025-08-29T00:07:51Z,2025-08-28T21:26:00Z,ARR,bad,161.0
1 (08-27),True,False,TORONTO,VANCOUVER,2025-08-27,39,Ophir,OPHR,2025-08-29T00:10:08Z,2025-08-28T21:31:00Z,ARR,bad,159.0
1 (08-27),True,False,TORONTO,VANCOUVER,2025-08-27,40,Brereton Lake,BRTL,2025-08-29T00:22:40Z,2025-08-28T21:49:00Z,ARR,bad,153.0
1 (08-27),True,False,TORONTO,VANCOUVER,2025-08-27,41,Elma,ELMA,2025-08-29T01:24:56Z,2025-08-28T22:10:00Z,ARR,bad,194.0
1 (08-27),True,False,TORONTO,VANCOUVER,2025-08-27,42,Winnipeg,WNPG,2025-08-29T02:25:07Z,2025-08-29T00:30:00Z,ARR,bad,115.0
1 (08-27),True,False,TORONTO,VANCOUVER,2025-08-27,43,Portage La Prairie,PLPX,2025-08-29T05:44:43Z,2025-08-29T04:04:00Z,ARR,bad,100.0
1 (08-27),True,False,TORONTO,VANCOUVER,2025-08-27,44,Rivers,RVRS,2025-08-29T07:29:09Z,2025-08-29T06:31:00Z,ARR,bad,58.0
1 (08-27),True,False,TORONTO,VANCOUVER,2025-08-27,45,Melville,MELV,2025-08-29T10:07:56Z,2025-08-29T10:54:00Z,ARR,goo,-46.0
1 (08-27),True,False,TORONTO,VANCOUVER,2025-08-27,46,Watrous,WATR,2025-08-29T13:40:44Z,2025-08-29T13:54:00Z,ARR,goo,-13.0
1 (08-27),True,False,TORONTO,VANCOUVER,2025-08-27,47,Saskatoon,SASK,2025-08-29T14:52:19Z,2025-08-29T15:50:00Z,ARR,goo,-57.0
1 (08-27),True,False,TORONTO,VANCOUVER,2025-08-27,48,Biggar,BIGG,2025-08-29T19:02:38Z,2025-08-29T18:29:00Z,ARR,bad,33.0
1 (08-27),True,False,TORONTO,VANCOUVER,2025-08-27,49,Unity,UNIT,2025-08-29T20:34:39Z,2025-08-29T19:44:00Z,ARR,bad,50.0
1 (08-27),True,False,TORONTO,VANCOUVER,2025-08-27,50,Wainwright,WAIN,2025-08-29T22:31:17Z,2025-08-29T22:33:00Z,ARR,goo,-1.0
1 (08-27),True,False,TORONTO,VANCOUVER,2025-08-27,51,Viking,VKNG,2025-08-30T00:03:14Z,2025-08-29T23:26:00Z,ARR,bad,37.0
1 (08-27),True,False,TORONTO,VANCOUVER,2025-08-27,52,Edmonton,EDMO,2025-08-30T02:10:48Z,2025-08-30T02:50:00Z,ARR,goo,-39.0
1 (08-27),True,False,TORONTO,VANCOUVER,2025-08-27,53,Evansburg,EVAN,2025-08-30T09:09:14Z,2025-08-30T07:29:00Z,ARR,bad,100.0
1 (08-27),True,False,TORONTO,VANCOUVER,2025-08-27,54,Edson,EDSN,2025-08-30T11:31:58Z,2025-08-30T08:52:00Z,ARR,bad,159.0
1 (08-27),True,False,TORONTO,VANCOUVER,2025-08-27,55,Hinton,HINT,2025-08-30T13:21:20Z,2025-08-30T09:58:00Z,ARR,bad,203.0
1 (08-27),True,False,TORONTO,VANCOUVER,2025-08-27,56,Jasper,JASP,2025-08-30T16:20:01Z,2025-08-30T12:30:00Z,ARR,bad,230.0
1 (08-27),True,False,TORONTO,VANCOUVER,2025-08-27,57,Valemount,VLMT,2025-08-30T20:25:33Z,2025-08-30T17:50:00Z,ARR,bad,155.0
1 (08-27),True,False,TORONTO,VANCOUVER,2025-08-27,58,Blue River,BLUE,2025-08-30T22:38:57Z,2025-08-30T20:36:00Z,ARR,bad,122.0
1 (08-27),True,False,TORONTO,VANCOUVER,2025-08-27,59,Clearwater,CLWT,2025-08-31T00:28:41Z,2025-08-30T22:45:00Z,ARR,bad,103.0
1 (08-27),True,False,TORONTO,VANCOUVER,2025-08-27,60,Kamloops North,KAMN,2025-08-31T02:24:27Z,2025-08-31T01:28:00Z,ARR,bad,56.0
1 (08-27),True,False,TORONTO,VANCOUVER,2025-08-27,61,Ashcroft,ASHN,2025-08-31T04:50:33Z,2025-08-31T03:49:00Z,55 mins,bad,61.0
1 (08-27),True,False,TORONTO,VANCOUVER,2025-08-27,62,Boston Bar,BBAR,2025-08-31T07:37:33Z,2025-08-31T06:36:00Z,3h42,bad,61.0
1 (08-27),True,False,TORONTO,VANCOUVER,2025-08-27,63,Hope,HOPE,&mdash;,2025-08-31T08:06:00Z,&mdash;,,
1 (08-27),True,False,TORONTO,VANCOUVER,2025-08-27,64,Chilliwack,CHIL,&mdash;,2025-08-31T08:30:00Z,&mdash;,,
1 (08-27),True,False,TORONTO,VANCOUVER,2025-08-27,65,Abbotsford,ABBO,&mdash;,2025-08-31T09:00:00Z,&mdash;,,
1 (08-27),True,False,TORONTO,VANCOUVER,2025-08-27,66,Vancouver,VCVR,&mdash;,2025-08-31T15:00:00Z,&mdash;,,
692 (08-28),True,True,CHURCHILL,WINNIPEG,2025-08-28,0,Churchill,CHUR,2025-08-29T01:30:01Z,2025-08-29T01:30:00Z,ARR,goo,0.0
692 (08-28),True,True,CHURCHILL,WINNIPEG,2025-08-28,1,Tidal,TIDL,2025-08-29T01:52:00Z,2025-08-29T01:52:00Z,ARR,goo,0.0
692 (08-28),True,True,CHURCHILL,WINNIPEG,2025-08-28,2,Chesnaye,CHES,2025-08-29T02:54:13Z,2025-08-29T02:38:00Z,ARR,bad,16.0
692 (08-28),True,True,CHURCHILL,WINNIPEG,2025-08-28,3,M'Clintock,MCLI,2025-08-29T04:10:13Z,2025-08-29T03:54:00Z,ARR,bad,16.0
692 (08-28),True,True,CHURCHILL,WINNIPEG,2025-08-28,4,O'Day,ODAY,2025-08-29T04:55:13Z,2025-08-29T04:39:00Z,ARR,bad,16.0
692 (08-28),True,True,CHURCHILL,WINNIPEG,2025-08-28,5,Herchmer,HERC,2025-08-29T05:34:13Z,2025-08-29T05:18:00Z,ARR,bad,16.0
692 (08-28),True,True,CHURCHILL,WINNIPEG,2025-08-28,6,Thibaudeau,THIB,2025-08-29T07:00:13Z,2025-08-29T06:44:00Z,ARR,bad,16.0
692 (08-28),True,True,CHURCHILL,WINNIPEG,2025-08-28,7,Weir River,WEIR,2025-08-29T07:46:00Z,2025-08-29T07:46:00Z,ARR,goo,0.0
692 (08-28),True,True,CHURCHILL,WINNIPEG,2025-08-28,8,Amery,AMRY,2025-08-29T08:37:00Z,2025-08-29T08:37:00Z,ARR,goo,0.0
692 (08-28),True,True,CHURCHILL,WINNIPEG,2025-08-28,9,Bird,BIRD,2025-08-29T09:00:00Z,2025-08-29T09:00:00Z,ARR,goo,0.0
692 (08-28),True,True,CHURCHILL,WINNIPEG,2025-08-28,10,Gillam,GILL,2025-08-29T10:00:00Z,2025-08-29T10:00:00Z,ARR,goo,0.0
692 (08-28),True,True,CHURCHILL,WINNIPEG,2025-08-28,11,Wivenhoe,WVHO,2025-08-29T11:16:00Z,2025-08-29T11:16:00Z,ARR,goo,0.0
692 (08-28),True,True,CHURCHILL,WINNIPEG,2025-08-28,12,Ilford,ILFO,2025-08-29T11:56:59Z,2025-08-29T11:53:00Z,ARR,goo,3.0
692 (08-28),True,True,CHURCHILL,WINNIPEG,2025-08-28,13,Pit Siding,PITS,2025-08-29T13:14:57Z,2025-08-29T12:54:00Z,ARR,bad,20.0
692 (08-28),True,True,CHURCHILL,WINNIPEG,2025-08-28,14,Bridgar,BRGR,2025-08-29T14:36:57Z,2025-08-29T14:16:00Z,ARR,bad,20.0
692 (08-28),True,True,CHURCHILL,WINNIPEG,2025-08-28,15,Pikwitonei,PIKW,2025-08-29T14:47:57Z,2025-08-29T14:27:00Z,ARR,bad,20.0
692 (08-28),True,True,CHURCHILL,WINNIPEG,2025-08-28,16,Sipiwesk,SIPI,2025-08-29T15:14:57Z,2025-08-29T14:54:00Z,ARR,bad,20.0
692 (08-28),True,True,CHURCHILL,WINNIPEG,2025-08-28,17,Thompson,THOM,2025-08-29T18:27:06Z,2025-08-29T16:30:00Z,ARR,bad,117.0
692 (08-28),True,True,CHURCHILL,WINNIPEG,2025-08-28,18,Leven,LEVN,2025-08-29T21:12:49Z,2025-08-29T21:05:00Z,ARR,med,7.0
692 (08-28),True,True,CHURCHILL,WINNIPEG,2025-08-28,19,Thicket Portage,THKP,2025-08-29T21:29:49Z,2025-08-29T21:22:00Z,ARR,med,7.0
692 (08-28),True,True,CHURCHILL,WINNIPEG,2025-08-28,20,Hockin,HOCK,2025-08-29T21:51:44Z,2025-08-29T21:37:00Z,ARR,med,14.0
692 (08-28),True,True,CHURCHILL,WINNIPEG,2025-08-28,21,Odhill,ODHI,2025-08-29T22:31:03Z,2025-08-29T22:21:00Z,ARR,med,10.0
692 (08-28),True,True,CHURCHILL,WINNIPEG,2025-08-28,22,Lyddal,LYDD,2025-08-29T22:51:26Z,2025-08-29T22:43:00Z,ARR,med,8.0
692 (08-28),True,True,CHURCHILL,WINNIPEG,2025-08-28,23,Wabowden,WBDN,2025-08-29T23:18:22Z,2025-08-29T23:11:00Z,ARR,med,7.0
692 (08-28),True,True,CHURCHILL,WINNIPEG,2025-08-28,24,Pipun,PIPN,2025-08-29T23:38:37Z,2025-08-29T23:34:00Z,ARR,goo,4.0
692 (08-28),True,True,CHURCHILL,WINNIPEG,2025-08-28,25,Ponton,PNTN,2025-08-30T00:24:05Z,2025-08-30T00:17:00Z,ARR,med,7.0
692 (08-28),True,True,CHURCHILL,WINNIPEG,2025-08-28,26,Turnbull,TURN,2025-08-30T00:51:38Z,2025-08-30T00:49:00Z,ARR,goo,2.0
692 (08-28),True,True,CHURCHILL,WINNIPEG,2025-08-28,27,Wekusko,WEKU,2025-08-30T01:15:21Z,2025-08-30T01:16:00Z,ARR,goo,0.0
692 (08-28),True,True,CHURCHILL,WINNIPEG,2025-08-28,28,Dyce,DYCE,2025-08-30T01:55:26Z,2025-08-30T02:00:00Z,ARR,goo,-4.0
692 (08-28),True,True,CHURCHILL,WINNIPEG,2025-08-28,29,Dering,DERI,2025-08-30T02:39:00Z,2025-08-30T02:39:00Z,ARR,goo,0.0
692 (08-28),True,True,CHURCHILL,WINNIPEG,2025-08-28,30,Cormorant,CORM,2025-08-30T02:34:07Z,2025-08-30T02:47:00Z,ARR,goo,-12.0
692 (08-28),True,True,CHURCHILL,WINNIPEG,2025-08-28,31,Halcrow,HALC,2025-08-30T02:43:49Z,2025-08-30T02:58:00Z,ARR,goo,-14.0
692 (08-28),True,True,CHURCHILL,WINNIPEG,2025-08-28,32,Orok,OROK,2025-08-30T03:30:02Z,2025-08-30T03:52:00Z,ARR,goo,-21.0
692 (08-28),True,True,CHURCHILL,WINNIPEG,2025-08-28,33,The Pas,TPAS,2025-08-30T04:03:54Z,2025-08-30T04:30:00Z,ARR,goo,-26.0
692 (08-28),True,True,CHURCHILL,WINNIPEG,2025-08-28,34,Hudson Bay,HBAY,2025-08-30T10:35:31Z,2025-08-30T10:27:00Z,ARR,med,8.0
692 (08-28),True,True,CHURCHILL,WINNIPEG,2025-08-28,35,Reserve,RSRV,2025-08-30T11:41:31Z,2025-08-30T11:09:00Z,ARR,bad,32.0
692 (08-28),True,True,CHURCHILL,WINNIPEG,2025-08-28,36,Endeavour,ENDV,2025-08-30T12:33:14Z,2025-08-30T11:55:00Z,ARR,bad,38.0
692 (08-28),True,True,CHURCHILL,WINNIPEG,2025-08-28,37,Sturgis,STGS,2025-08-30T13:04:11Z,2025-08-30T12:24:00Z,ARR,bad,40.0
692 (08-28),True,True,CHURCHILL,WINNIPEG,2025-08-28,38,Canora,CANO,2025-08-30T13:48:39Z,2025-08-30T13:08:00Z,ARR,bad,40.0
692 (08-28),True,True,CHURCHILL,WINNIPEG,2025-08-28,39,Mikado,MIKA,2025-08-30T14:07:52Z,2025-08-30T13:30:00Z,ARR,bad,37.0
692 (08-28),True,True,CHURCHILL,WINNIPEG,2025-08-28,40,Veregin,VERE,2025-08-30T14:21:06Z,2025-08-30T13:43:00Z,ARR,bad,38.0
692 (08-28),True,True,CHURCHILL,WINNIPEG,2025-08-28,41,Kamsack,KAMS,2025-08-30T14:32:53Z,2025-08-30T13:58:00Z,ARR,bad,34.0
692 (08-28),True,True,CHURCHILL,WINNIPEG,2025-08-28,42,Togo,TOGO,2025-08-30T15:10:35Z,2025-08-30T14:37:00Z,ARR,bad,33.0
692 (08-28),True,True,CHURCHILL,WINNIPEG,2025-08-28,43,Roblin,RBLN,2025-08-30T15:38:05Z,2025-08-30T15:14:00Z,ARR,bad,24.0
692 (08-28),True,True,CHURCHILL,WINNIPEG,2025-08-28,44,Grandview,GVIE,2025-08-30T16:47:49Z,2025-08-30T16:12:00Z,ARR,bad,35.0
692 (08-28),True,True,CHURCHILL,WINNIPEG,2025-08-28,45,Gilbert Plains,GLBP,2025-08-30T17:08:23Z,2025-08-30T16:32:00Z,ARR,bad,36.0
692 (08-28),True,True,CHURCHILL,WINNIPEG,2025-08-28,46,Dauphin,DAUP,2025-08-30T17:45:49Z,2025-08-30T16:56:00Z,ARR,bad,49.0
692 (08-28),True,True,CHURCHILL,WINNIPEG,2025-08-28,47,Ochre River,OCHR,2025-08-30T18:25:34Z,2025-08-30T17:20:00Z,ARR,bad,65.0
692 (08-28),True,True,CHURCHILL,WINNIPEG,2025-08-28,48,Laurier,LRIE,2025-08-30T18:49:25Z,2025-08-30T17:38:00Z,ARR,bad,71.0
692 (08-28),True,True,CHURCHILL,WINNIPEG,2025-08-28,49,Mccreary,MCCR,2025-08-30T19:07:17Z,2025-08-30T17:54:00Z,ARR,bad,73.0
692 (08-28),True,True,CHURCHILL,WINNIPEG,2025-08-28,50,Glenella,GLNA,2025-08-30T19:50:15Z,2025-08-30T18:34:00Z,ARR,bad,76.0
692 (08-28),True,True,CHURCHILL,WINNIPEG,2025-08-28,51,Plumas,PLUM,2025-08-30T20:16:28Z,2025-08-30T19:06:00Z,ARR,bad,70.0
692 (08-28),True,True,CHURCHILL,WINNIPEG,2025-08-28,52,Gladstone,GSTO,2025-08-30T20:46:04Z,2025-08-30T19:51:00Z,ARR,bad,55.0
692 (08-28),True,True,CHURCHILL,WINNIPEG,2025-08-28,53,Portage La Prairie,PLPX,2025-08-30T21:59:33Z,2025-08-30T20:37:00Z,ARR,bad,82.0
692 (08-28),True,True,CHURCHILL,WINNIPEG,2025-08-28,54,Winnipeg,WNPG,2025-08-31T00:37:26Z,2025-08-30T21:45:00Z,ARR,bad,172.0
2 (08-29),True,False,VANCOUVER,TORONTO,2025-08-29,0,Vancouver,VCVR,2025-08-29T22:00:00Z,2025-08-29T22:00:00Z,ARR,goo,0.0
2 (08-29),True,False,VANCOUVER,TORONTO,2025-08-29,1,Mission Harbour,MSNH,2025-08-30T00:36:45Z,2025-08-29T23:35:00Z,ARR,bad,61.0
2 (08-29),True,False,VANCOUVER,TORONTO,2025-08-29,2,Agassiz,AGAS,2025-08-30T01:18:33Z,2025-08-30T00:03:00Z,ARR,bad,75.0
2 (08-29),True,False,VANCOUVER,TORONTO,2025-08-29,3,Katz,KATZ,2025-08-30T01:40:33Z,2025-08-30T00:17:00Z,ARR,bad,83.0
2 (08-29),True,False,VANCOUVER,TORONTO,2025-08-29,4,North Bend,NBND,2025-08-30T03:30:20Z,2025-08-30T02:46:00Z,ARR,bad,44.0
2 (08-29),True,False,VANCOUVER,TORONTO,2025-08-29,5,Ashcroft,ASHN,2025-08-30T05:53:35Z,2025-08-30T05:32:00Z,ARR,bad,21.0
2 (08-29),True,False,VANCOUVER,TORONTO,2025-08-29,6,Kamloops North,KAMN,2025-08-30T07:45:17Z,2025-08-30T07:17:00Z,ARR,bad,28.0
2 (08-29),True,False,VANCOUVER,TORONTO,2025-08-29,7,Clearwater,CLWT,2025-08-30T10:10:42Z,2025-08-30T09:58:00Z,ARR,med,12.0
2 (08-29),True,False,VANCOUVER,TORONTO,2025-08-29,8,Blue River,BLUE,2025-08-30T12:06:43Z,2025-08-30T12:11:00Z,ARR,goo,-4.0
2 (08-29),True,False,VANCOUVER,TORONTO,2025-08-29,9,Valemount,VLMT,2025-08-30T13:56:14Z,2025-08-30T14:01:00Z,ARR,goo,-4.0
2 (08-29),True,False,VANCOUVER,TORONTO,2025-08-29,10,Jasper,JASP,2025-08-30T18:32:24Z,2025-08-30T17:00:00Z,ARR,bad,92.0
2 (08-29),True,False,VANCOUVER,TORONTO,2025-08-29,11,Hinton,HINT,2025-08-30T22:39:18Z,2025-08-30T19:45:00Z,ARR,bad,174.0
2 (08-29),True,False,VANCOUVER,TORONTO,2025-08-29,12,Edson,EDSN,2025-08-31T00:13:16Z,2025-08-30T21:19:00Z,ARR,bad,174.0
2 (08-29),True,False,VANCOUVER,TORONTO,2025-08-29,13,Evansburg,EVAN,2025-08-31T01:26:06Z,2025-08-30T22:28:00Z,ARR,bad,178.0
2 (08-29),True,False,VANCOUVER,TORONTO,2025-08-29,14,Edmonton,EDMO,2025-08-31T03:43:43Z,2025-08-31T00:50:00Z,ARR,bad,173.0
2 (08-29),True,False,VANCOUVER,TORONTO,2025-08-29,15,Viking,VKNG,2025-08-31T06:48:24Z,2025-08-31T03:53:00Z,2h53,bad,175.0
2 (08-29),True,False,VANCOUVER,TORONTO,2025-08-29,16,Wainwright,WAIN,2025-08-31T09:09:24Z,2025-08-31T06:14:00Z,5h14,bad,175.0
2 (08-29),True,False,VANCOUVER,TORONTO,2025-08-29,17,Unity,UNIT,&mdash;,2025-08-31T07:47:00Z,&mdash;,,
2 (08-29),True,False,VANCOUVER,TORONTO,2025-08-29,18,Biggar,BIGG,&mdash;,2025-08-31T09:21:00Z,&mdash;,,
2 (08-29),True,False,VANCOUVER,TORONTO,2025-08-29,19,Saskatoon,SASK,&mdash;,2025-08-31T11:57:00Z,&mdash;,,
2 (08-29),True,False,VANCOUVER,TORONTO,2025-08-29,20,Watrous,WATR,&mdash;,2025-08-31T14:26:00Z,&mdash;,,
692 (08-30),True,False,CHURCHILL,WINNIPEG,2025-08-30,0,Churchill,CHUR,2025-08-31T01:30:00Z,2025-08-31T01:30:00Z,ARR,goo,0.0
692 (08-30),True,False,CHURCHILL,WINNIPEG,2025-08-30,1,Tidal,TIDL,2025-08-31T01:55:39Z,2025-08-31T01:52:00Z,ARR,goo,3.0
692 (08-30),True,False,CHURCHILL,WINNIPEG,2025-08-30,2,Chesnaye,CHES,2025-08-31T03:05:20Z,2025-08-31T02:38:00Z,ARR,bad,27.0
692 (08-30),True,False,CHURCHILL,WINNIPEG,2025-08-30,3,M'Clintock,MCLI,2025-08-31T04:18:55Z,2025-08-31T03:54:00Z,23 mins,bad,24.0
692 (08-30),True,False,CHURCHILL,WINNIPEG,2025-08-30,4,O'Day,ODAY,2025-08-31T05:03:55Z,2025-08-31T04:39:00Z,1h08,bad,24.0
692 (08-30),True,False,CHURCHILL,WINNIPEG,2025-08-30,5,Herchmer,HERC,2025-08-31T05:42:55Z,2025-08-31T05:18:00Z,1h47,bad,24.0
692 (08-30),True,False,CHURCHILL,WINNIPEG,2025-08-30,6,Thibaudeau,THIB,2025-08-31T07:08:55Z,2025-08-31T06:44:00Z,3h13,bad,24.0
692 (08-30),True,False,CHURCHILL,WINNIPEG,2025-08-30,7,Weir River,WEIR,2025-08-31T08:10:55Z,2025-08-31T07:46:00Z,4h15,bad,24.0
692 (08-30),True,False,CHURCHILL,WINNIPEG,2025-08-30,8,Amery,AMRY,2025-08-31T09:01:55Z,2025-08-31T08:37:00Z,5h06,bad,24.0
692 (08-30),True,False,CHURCHILL,WINNIPEG,2025-08-30,9,Bird,BIRD,2025-08-31T09:24:55Z,2025-08-31T09:00:00Z,5h29,bad,24.0
692 (08-30),True,False,CHURCHILL,WINNIPEG,2025-08-30,10,Gillam,GILL,2025-08-31T10:24:55Z,2025-08-31T10:00:00Z,6h29,bad,24.0
692 (08-30),True,False,CHURCHILL,WINNIPEG,2025-08-30,11,Wivenhoe,WVHO,2025-08-31T11:40:55Z,2025-08-31T11:16:00Z,7h45,bad,24.0
692 (08-30),True,False,CHURCHILL,WINNIPEG,2025-08-30,12,Ilford,ILFO,2025-08-31T12:17:55Z,2025-08-31T11:53:00Z,8h22,bad,24.0
692 (08-30),True,False,CHURCHILL,WINNIPEG,2025-08-30,13,Pit Siding,PITS,2025-08-31T13:18:55Z,2025-08-31T12:54:00Z,9h23,bad,24.0
692 (08-30),True,False,CHURCHILL,WINNIPEG,2025-08-30,14,Bridgar,BRGR,2025-08-31T14:40:55Z,2025-08-31T14:16:00Z,10h45,bad,24.0
692 (08-30),True,False,CHURCHILL,WINNIPEG,2025-08-30,15,Pikwitonei,PIKW,2025-08-31T14:51:55Z,2025-08-31T14:27:00Z,10h56,bad,24.0
692 (08-30),True,False,CHURCHILL,WINNIPEG,2025-08-30,16,Sipiwesk,SIPI,2025-08-31T15:18:55Z,2025-08-31T14:54:00Z,11h23,bad,24.0
692 (08-30),True,False,CHURCHILL,WINNIPEG,2025-08-30,17,Thompson,THOM,2025-08-31T16:54:55Z,2025-08-31T16:30:00Z,12h59,bad,24.0
6,True,True,PRINCE RUPERT,JASPER,2025-08-29,0,Prince Rupert,PRUP,2025-08-29T15:00:00Z,2025-08-29T15:00:00Z,ARR,goo,0.0
6,True,True,PRINCE RUPERT,JASPER,2025-08-29,1,Cassiar Cannery,CASS,2025-08-29T15:33:27Z,2025-08-29T15:20:00Z,ARR,med,13.0
6,True,True,PRINCE RUPERT,JASPER,2025-08-29,2,Kwinitsa,KWIN,2025-08-29T16:12:35Z,2025-08-29T16:17:00Z,ARR,goo,-4.0
6,True,True,PRINCE RUPERT,JASPER,2025-08-29,3,Terrace,TRRC,2025-08-29T17:08:29Z,2025-08-29T17:20:00Z,ARR,goo,-11.0
6,True,True,PRINCE RUPERT,JASPER,2025-08-29,4,Usk,USKX,2025-08-29T17:43:16Z,2025-08-29T17:48:00Z,ARR,goo,-4.0
6,True,True,PRINCE RUPERT,JASPER,2025-08-29,5,Pacific,PACI,2025-08-29T17:58:51Z,2025-08-29T18:07:00Z,ARR,goo,-8.0
6,True,True,PRINCE RUPERT,JASPER,2025-08-29,6,Dorreen,DORR,2025-08-29T18:06:29Z,2025-08-29T18:19:00Z,ARR,goo,-12.0
6,True,True,PRINCE RUPERT,JASPER,2025-08-29,7,Cedarvale,CEDA,2025-08-29T18:27:24Z,2025-08-29T18:44:00Z,ARR,goo,-16.0
6,True,True,PRINCE RUPERT,JASPER,2025-08-29,8,Kitwanga,KITW,2025-08-29T18:46:21Z,2025-08-29T18:48:01Z,ARR,goo,-1.0
6,True,True,PRINCE RUPERT,JASPER,2025-08-29,9,New Hazelton,NHAZ,2025-08-29T20:05:49Z,2025-08-29T19:30:00Z,ARR,bad,35.0
6,True,True,PRINCE RUPERT,JASPER,2025-08-29,10,Smithers,SMTR,2025-08-29T21:17:44Z,2025-08-29T21:14:00Z,ARR,goo,3.0
6,True,True,PRINCE RUPERT,JASPER,2025-08-29,11,Telkwa,TELK,2025-08-29T21:38:43Z,2025-08-29T21:37:00Z,ARR,goo,1.0
6,True,True,PRINCE RUPERT,JASPER,2025-08-29,12,Houston,HOUS,2025-08-29T22:36:37Z,2025-08-29T22:22:00Z,ARR,med,14.0
6,True,True,PRINCE RUPERT,JASPER,2025-08-29,13,Burns Lake,BRNL,2025-08-30T00:05:58Z,2025-08-29T23:32:00Z,ARR,bad,33.0
6,True,True,PRINCE RUPERT,JASPER,2025-08-29,14,Endako,ENDA,2025-08-30T01:08:28Z,2025-08-30T00:25:00Z,ARR,bad,43.0
6,True,True,PRINCE RUPERT,JASPER,2025-08-29,15,Fort Fraser,FFRA,2025-08-30T01:45:11Z,2025-08-30T00:57:00Z,ARR,bad,48.0
6,True,True,PRINCE RUPERT,JASPER,2025-08-29,16,Vanderhoof,VDRH,2025-08-30T02:31:20Z,2025-08-30T01:35:00Z,ARR,bad,56.0
6,True,True,PRINCE RUPERT,JASPER,2025-08-29,17,Prince George,PGEO,2025-08-30T04:51:50Z,2025-08-30T03:29:00Z,ARR,bad,82.0
6,True,True,PRINCE RUPERT,JASPER,2025-08-29,18,Willow River,WILR,2025-08-30T15:48:00Z,2025-08-30T15:48:00Z,ARR,goo,0.0
6,True,True,PRINCE RUPERT,JASPER,2025-08-29,19,Aleza Lake,ALZL,2025-08-30T16:30:45Z,2025-08-30T16:17:00Z,ARR,med,13.0
6,True,True,PRINCE RUPERT,JASPER,2025-08-29,20,Upper Fraser,UFRZ,2025-08-30T16:38:45Z,2025-08-30T16:25:00Z,ARR,med,13.0
6,True,True,PRINCE RUPERT,JASPER,2025-08-29,21,Mcgregor,MCGR,2025-08-30T16:46:45Z,2025-08-30T16:33:00Z,ARR,med,13.0
6,True,True,PRINCE RUPERT,JASPER,2025-08-29,22,Sinclair Mills,SINM,2025-08-30T16:54:41Z,2025-08-30T16:44:00Z,ARR,med,10.0
6,True,True,PRINCE RUPERT,JASPER,2025-08-29,23,Hutton,HUTT,2025-08-30T16:58:41Z,2025-08-30T16:48:00Z,ARR,med,10.0
6,True,True,PRINCE RUPERT,JASPER,2025-08-29,24,Longworth,LWTH,2025-08-30T16:59:00Z,2025-08-30T16:59:00Z,ARR,goo,0.0
6,True,True,PRINCE RUPERT,JASPER,2025-08-29,25,Penny,PENN,2025-08-30T17:27:44Z,2025-08-30T17:13:00Z,ARR,med,14.0
6,True,True,PRINCE RUPERT,JASPER,2025-08-29,26,Bend,BEND,2025-08-30T18:16:50Z,2025-08-30T17:32:00Z,ARR,bad,44.0
6,True,True,PRINCE RUPERT,JASPER,2025-08-29,27,Dome Creek,DOMC,2025-08-30T18:18:37Z,2025-08-30T17:33:07Z,ARR,bad,45.0
6,True,True,PRINCE RUPERT,JASPER,2025-08-29,28,Loos,LOOS,2025-08-30T18:48:28Z,2025-08-30T18:07:00Z,ARR,bad,41.0
6,True,True,PRINCE RUPERT,JASPER,2025-08-29,29,Goat River,GOAT,2025-08-30T19:03:06Z,2025-08-30T18:22:00Z,ARR,bad,41.0
6,True,True,PRINCE RUPERT,JASPER,2025-08-29,30,Mcbride,MCBR,2025-08-30T20:16:49Z,2025-08-30T19:18:00Z,ARR,bad,58.0
6,True,True,PRINCE RUPERT,JASPER,2025-08-29,31,Dunster,DNST,2025-08-30T20:45:58Z,2025-08-30T19:35:00Z,ARR,bad,70.0
6,True,True,PRINCE RUPERT,JASPER,2025-08-29,32,Harvey,HRVY,2025-08-30T21:37:37Z,2025-08-30T20:24:00Z,ARR,bad,73.0
6,True,True,PRINCE RUPERT,JASPER,2025-08-29,33,Jasper,JASP,2025-08-31T00:23:03Z,2025-08-30T23:00:00Z,ARR,bad,83.0
15,True,True,HALIFAX,MONTRÉAL,2025-08-29,0,Truro,TRUR,2025-08-29T15:58:36Z,2025-08-29T15:56:00Z,ARR,goo,2.0
15,True,True,HALIFAX,MONTRÉAL,2025-08-29,1,Springhill Jct,SPRJ,2025-08-29T17:27:13Z,2025-08-29T17:11:00Z,ARR,bad,16.0
15,True,True,HALIFAX,MONTRÉAL,2025-08-29,2,Amherst,AMHS,2025-08-29T17:47:44Z,2025-08-29T17:34:00Z,ARR,med,13.0
15,True,True,HALIFAX,MONTRÉAL,2025-08-29,3,Sackville,SACK,2025-08-29T18:04:45Z,2025-08-29T17:50:00Z,ARR,med,14.0
15,True,True,HALIFAX,MONTRÉAL,2025-08-29,4,Moncton,MCTN,2025-08-29T18:50:26Z,2025-08-29T18:44:00Z,ARR,med,6.0
15,True,True,HALIFAX,MONTRÉAL,2025-08-29,5,Rogersville,RGRV,2025-08-29T20:46:25Z,2025-08-29T20:08:00Z,ARR,bad,38.0
15,True,True,HALIFAX,MONTRÉAL,2025-08-29,6,Miramichi,MIRA,2025-08-29T21:38:59Z,2025-08-29T20:59:00Z,ARR,bad,39.0
15,True,True,HALIFAX,MONTRÉAL,2025-08-29,7,Bathurst,BTRS,2025-08-29T23:14:12Z,2025-08-29T22:55:00Z,ARR,bad,19.0
15,True,True,HALIFAX,MONTRÉAL,2025-08-29,8,Petit Rocher,PROC,2025-08-29T23:36:13Z,2025-08-29T23:22:00Z,ARR,med,14.0
15,True,True,HALIFAX,MONTRÉAL,2025-08-29,9,Jacquet River,JACR,2025-08-30T00:01:45Z,2025-08-29T23:44:01Z,ARR,bad,17.0
15,True,True,HALIFAX,MONTRÉAL,2025-08-29,10,Charlo,CHLO,2025-08-30T00:39:50Z,2025-08-30T00:07:00Z,ARR,bad,32.0
15,True,True,HALIFAX,MONTRÉAL,2025-08-29,11,Campbellton,CBTN,2025-08-30T01:24:01Z,2025-08-30T01:10:00Z,ARR,med,14.0
15,True,True,HALIFAX,MONTRÉAL,2025-08-29,12,Matapedia,MTPD,2025-08-30T02:16:44Z,2025-08-30T01:52:00Z,ARR,bad,24.0
15,True,True,HALIFAX,MONTRÉAL,2025-08-29,13,Causapscal,CAUS,2025-08-30T03:15:59Z,2025-08-30T02:41:00Z,ARR,bad,34.0
15,True,True,HALIFAX,MONTRÉAL,2025-08-29,14,Amqui,AMQU,2025-08-30T03:44:02Z,2025-08-30T03:01:00Z,ARR,bad,43.0
15,True,True,HALIFAX,MONTRÉAL,2025-08-29,15,Sayabec,SAYA,2025-08-30T04:22:02Z,2025-08-30T03:23:00Z,ARR,bad,59.0
15,True,True,HALIFAX,MONTRÉAL,2025-08-29,16,Mont-Joli,MJLI,2025-08-30T05:36:52Z,2025-08-30T04:53:00Z,ARR,bad,43.0
15,True,True,HALIFAX,MONTRÉAL,2025-08-29,17,Rimouski,RMSK,2025-08-30T06:18:32Z,2025-08-30T05:24:00Z,ARR,bad,54.0
15,True,True,HALIFAX,MONTRÉAL,2025-08-29,18,Trois Pistoles,TPIS,2025-08-30T07:45:08Z,2025-08-30T06:29:00Z,ARR,bad,76.0
15,True,True,HALIFAX,MONTRÉAL,2025-08-29,19,Rivière-Du-Loup,RDLX,2025-08-30T08:26:42Z,2025-08-30T07:16:00Z,ARR,bad,70.0
15,True,True,HALIFAX,MONTRÉAL,2025-08-29,20,La Pocatière,LPOC,2025-08-30T09:10:37Z,2025-08-30T08:05:00Z,ARR,bad,65.0
15,True,True,HALIFAX,MONTRÉAL,2025-08-29,21,Montmagny,MMGY,2025-08-30T09:44:03Z,2025-08-30T08:39:00Z,ARR,bad,65.0
15,True,True,HALIFAX,MONTRÉAL,2025-08-29,22,Ste-Foy,SFOY,2025-08-30T10:56:26Z,2025-08-30T10:13:00Z,ARR,bad,43.0
15,True,True,HALIFAX,MONTRÉAL,2025-08-29,23,Drummondville,DRMV,2025-08-30T12:49:57Z,2025-08-30T12:20:00Z,ARR,bad,29.0
15,True,True,HALIFAX,MONTRÉAL,2025-08-29,24,St. Hyacinthe,SHYA,2025-08-30T13:28:59Z,2025-08-30T13:00:00Z,ARR,bad,28.0
15,True,True,HALIFAX,MONTRÉAL,2025-08-29,25,St. Lambert,SLAM,2025-08-30T14:00:58Z,2025-08-30T13:34:00Z,ARR,bad,26.0
15,True,True,HALIFAX,MONTRÉAL,2025-08-29,26,Montréal,MTRL,2025-08-30T14:17:47Z,2025-08-30T13:53:00Z,ARR,bad,24.0
691,True,True,THE PAS,CHURCHILL,2025-08-29,0,The Pas,TPAS,2025-08-29T07:30:00Z,2025-08-29T07:30:00Z,ARR,goo,0.0
691,True,True,THE PAS,CHURCHILL,2025-08-29,1,Orok,OROK,2025-08-29T08:06:02Z,2025-08-29T08:07:00Z,ARR,goo,0.0
691,True,True,THE PAS,CHURCHILL,2025-08-29,2,Halcrow,HALC,2025-08-29T08:58:11Z,2025-08-29T09:01:00Z,ARR,goo,-2.0
691,True,True,THE PAS,CHURCHILL,2025-08-29,3,Cormorant,CORM,2025-08-29T09:15:20Z,2025-08-29T09:12:00Z,ARR,goo,3.0
691,True,True,THE PAS,CHURCHILL,2025-08-29,4,Dering,DERI,2025-08-29T09:23:50Z,2025-08-29T09:20:00Z,ARR,goo,3.0
691,True,True,THE PAS,CHURCHILL,2025-08-29,5,Dyce,DYCE,2025-08-29T09:57:56Z,2025-08-29T09:59:00Z,ARR,goo,-1.0
691,True,True,THE PAS,CHURCHILL,2025-08-29,6,Wekusko,WEKU,2025-08-29T10:38:26Z,2025-08-29T10:43:00Z,ARR,goo,-4.0
691,True,True,THE PAS,CHURCHILL,2025-08-29,7,Turnbull,TURN,2025-08-29T11:02:09Z,2025-08-29T11:10:00Z,ARR,goo,-7.0
691,True,True,THE PAS,CHURCHILL,2025-08-29,8,Ponton,PNTN,2025-08-29T11:29:48Z,2025-08-29T11:42:00Z,ARR,goo,-12.0
691,True,True,THE PAS,CHURCHILL,2025-08-29,9,Pipun,PIPN,2025-08-29T12:16:06Z,2025-08-29T12:25:00Z,ARR,goo,-8.0
691,True,True,THE PAS,CHURCHILL,2025-08-29,10,Wabowden,WBDN,2025-08-29T12:30:46Z,2025-08-29T12:48:00Z,ARR,goo,-17.0
691,True,True,THE PAS,CHURCHILL,2025-08-29,11,Lyddal,LYDD,2025-08-29T13:04:30Z,2025-08-29T13:16:00Z,ARR,goo,-11.0
691,True,True,THE PAS,CHURCHILL,2025-08-29,12,Odhill,ODHI,2025-08-29T13:25:28Z,2025-08-29T13:38:00Z,ARR,goo,-12.0
691,True,True,THE PAS,CHURCHILL,2025-08-29,13,Hockin,HOCK,2025-08-29T14:04:44Z,2025-08-29T14:22:00Z,ARR,goo,-17.0
691,True,True,THE PAS,CHURCHILL,2025-08-29,14,Thicket Portage,THKP,2025-08-29T14:37:00Z,2025-08-29T14:37:00Z,ARR,goo,0.0
691,True,True,THE PAS,CHURCHILL,2025-08-29,15,Leven,LEVN,2025-08-29T14:46:38Z,2025-08-29T14:54:00Z,ARR,goo,-7.0
691,True,True,THE PAS,CHURCHILL,2025-08-29,16,Thompson,THOM,2025-08-29T18:06:02Z,2025-08-29T17:00:00Z,ARR,bad,66.0
691,True,True,THE PAS,CHURCHILL,2025-08-29,17,Sipiwesk,SIPI,2025-08-29T23:33:16Z,2025-08-29T23:35:00Z,ARR,goo,-1.0
691,True,True,THE PAS,CHURCHILL,2025-08-29,18,Pikwitonei,PIKW,2025-08-30T00:02:00Z,2025-08-30T00:02:00Z,ARR,goo,0.0
691,True,True,THE PAS,CHURCHILL,2025-08-29,19,Bridgar,BRGR,2025-08-30T00:13:00Z,2025-08-30T00:13:00Z,ARR,goo,0.0
691,True,True,THE PAS,CHURCHILL,2025-08-29,20,Pit Siding,PITS,2025-08-30T01:45:55Z,2025-08-30T01:35:00Z,ARR,med,10.0
691,True,True,THE PAS,CHURCHILL,2025-08-29,21,Ilford,ILFO,2025-08-30T02:54:20Z,2025-08-30T02:36:00Z,ARR,bad,18.0
691,True,True,THE PAS,CHURCHILL,2025-08-29,22,Wivenhoe,WVHO,2025-08-30T03:42:01Z,2025-08-30T03:13:00Z,ARR,bad,29.0
691,True,True,THE PAS,CHURCHILL,2025-08-29,23,Gillam,GILL,2025-08-30T04:26:26Z,2025-08-30T04:00:01Z,ARR,bad,26.0
691,True,True,THE PAS,CHURCHILL,2025-08-29,24,Bird,BIRD,2025-08-30T05:39:05Z,2025-08-30T05:29:00Z,ARR,med,10.0
691,True,True,THE PAS,CHURCHILL,2025-08-29,25,Amery,AMRY,2025-08-30T06:19:38Z,2025-08-30T05:51:00Z,ARR,bad,28.0
691,True,True,THE PAS,CHURCHILL,2025-08-29,26,Weir River,WEIR,2025-08-30T07:18:40Z,2025-08-30T06:43:00Z,ARR,bad,35.0
691,True,True,THE PAS,CHURCHILL,2025-08-29,27,Thibaudeau,THIB,2025-08-30T08:09:33Z,2025-08-30T08:00:00Z,ARR,med,9.0
691,True,True,THE PAS,CHURCHILL,2025-08-29,28,Herchmer,HERC,2025-08-30T09:13:01Z,2025-08-30T09:26:00Z,ARR,goo,-12.0
691,True,True,THE PAS,CHURCHILL,2025-08-29,29,O'Day,ODAY,2025-08-30T09:45:28Z,2025-08-30T10:05:00Z,ARR,goo,-19.0
691,True,True,THE PAS,CHURCHILL,2025-08-29,30,M'Clintock,MCLI,2025-08-30T10:31:10Z,2025-08-30T10:50:00Z,ARR,goo,-18.0
691,True,True,THE PAS,CHURCHILL,2025-08-29,31,Chesnaye,CHES,2025-08-30T11:34:20Z,2025-08-30T12:06:00Z,ARR,goo,-31.0
691,True,True,THE PAS,CHURCHILL,2025-08-29,32,Tidal,TIDL,2025-08-30T12:42:55Z,2025-08-30T13:37:00Z,ARR,goo,-54.0
691,True,True,THE PAS,CHURCHILL,2025-08-29,33,Churchill,CHUR,2025-08-30T13:40:18Z,2025-08-30T14:00:00Z,ARR,goo,-19.0
5,True,False,JASPER,PRINCE RUPERT,2025-08-29,0,Jasper,JASP,2025-08-29T16:50:02Z,2025-08-29T16:45:00Z,ARR,med,5.0
5,True,False,JASPER,PRINCE RUPERT,2025-08-29,1,Harvey,HRVY,2025-08-29T18:40:18Z,2025-08-29T18:38:00Z,ARR,goo,2.0
5,True,False,JASPER,PRINCE RUPERT,2025-08-29,2,Dunster,DNST,2025-08-29T19:14:53Z,2025-08-29T19:12:00Z,ARR,goo,2.0
5,True,False,JASPER,PRINCE RUPERT,2025-08-29,3,Mcbride,MCBR,2025-08-29T20:32:44Z,2025-08-29T19:44:00Z,ARR,bad,48.0
5,True,False,JASPER,PRINCE RUPERT,2025-08-29,4,Goat River,GOAT,2025-08-29T21:24:39Z,2025-08-29T20:41:00Z,ARR,bad,43.0
5,True,False,JASPER,PRINCE RUPERT,2025-08-29,5,Loos,LOOS,2025-08-29T21:41:23Z,2025-08-29T20:58:00Z,ARR,bad,43.0
5,True,False,JASPER,PRINCE RUPERT,2025-08-29,6,Dome Creek,DOMC,2025-08-29T22:25:26Z,2025-08-29T21:32:00Z,ARR,bad,53.0
5,True,False,JASPER,PRINCE RUPERT,2025-08-29,7,Bend,BEND,2025-08-29T22:28:48Z,2025-08-29T21:36:00Z,ARR,bad,52.0
5,True,False,JASPER,PRINCE RUPERT,2025-08-29,8,Penny,PENN,2025-08-29T22:52:52Z,2025-08-29T21:56:00Z,ARR,bad,56.0
5,True,False,JASPER,PRINCE RUPERT,2025-08-29,9,Longworth,LWTH,2025-08-29T23:05:58Z,2025-08-29T22:11:00Z,ARR,bad,54.0
5,True,False,JASPER,PRINCE RUPERT,2025-08-29,10,Hutton,HUTT,2025-08-29T23:48:51Z,2025-08-29T22:24:00Z,ARR,bad,84.0
5,True,False,JASPER,PRINCE RUPERT,2025-08-29,11,Sinclair Mills,SINM,2025-08-29T23:54:51Z,2025-08-29T22:30:00Z,ARR,bad,84.0
5,True,False,JASPER,PRINCE RUPERT,2025-08-29,12,Mcgregor,MCGR,2025-08-30T00:08:15Z,2025-08-29T22:43:00Z,ARR,bad,85.0
5,True,False,JASPER,PRINCE RUPERT,2025-08-29,13,Upper Fraser,UFRZ,2025-08-30T00:17:15Z,2025-08-29T22:52:00Z,ARR,bad,85.0
5,True,False,JASPER,PRINCE RUPERT,2025-08-29,14,Aleza Lake,ALZL,2025-08-30T00:26:15Z,2025-08-29T23:01:00Z,ARR,bad,85.0
5,True,False,JASPER,PRINCE RUPERT,2025-08-29,15,Willow River,WILR,2025-08-30T00:55:53Z,2025-08-29T23:31:00Z,ARR,bad,84.0
5,True,False,JASPER,PRINCE RUPERT,2025-08-29,16,Prince George,PGEO,2025-08-30T01:29:55Z,2025-08-30T00:08:00Z,ARR,bad,81.0
5,True,False,JASPER,PRINCE RUPERT,2025-08-29,17,Vanderhoof,VDRH,2025-08-30T16:55:00Z,2025-08-30T16:55:00Z,ARR,goo,0.0
5,True,False,JASPER,PRINCE RUPERT,2025-08-29,18,Fort Fraser,FFRA,2025-08-30T17:52:55Z,2025-08-30T17:32:00Z,ARR,bad,20.0
5,True,False,JASPER,PRINCE RUPERT,2025-08-29,19,Endako,ENDA,2025-08-30T18:21:10Z,2025-08-30T17:50:00Z,ARR,bad,31.0
5,True,False,JASPER,PRINCE RUPERT,2025-08-29,20,Burns Lake,BRNL,2025-08-30T19:07:18Z,2025-08-30T18:58:00Z,ARR,med,9.0
5,True,False,JASPER,PRINCE RUPERT,2025-08-29,21,Houston,HOUS,2025-08-30T20:09:18Z,2025-08-30T20:08:00Z,ARR,goo,1.0
5,True,False,JASPER,PRINCE RUPERT,2025-08-29,22,Telkwa,TELK,2025-08-30T20:50:48Z,2025-08-30T20:52:00Z,ARR,goo,-1.0
5,True,False,JASPER,PRINCE RUPERT,2025-08-29,23,Smithers,SMTR,2025-08-30T21:26:00Z,2025-08-30T21:10:00Z,ARR,bad,16.0
5,True,False,JASPER,PRINCE RUPERT,2025-08-29,24,New Hazelton,NHAZ,2025-08-30T23:34:53Z,2025-08-30T22:37:00Z,ARR,bad,57.0
5,True,False,JASPER,PRINCE RUPERT,2025-08-29,25,Kitwanga,KITW,2025-08-31T00:21:22Z,2025-08-30T23:27:00Z,ARR,bad,54.0
5,True,False,JASPER,PRINCE RUPERT,2025-08-29,26,Cedarvale,CEDA,2025-08-31T00:42:32Z,2025-08-30T23:51:00Z,ARR,bad,51.0
5,True,False,JASPER,PRINCE RUPERT,2025-08-29,27,Dorreen,DORR,2025-08-31T01:01:39Z,2025-08-31T00:12:00Z,ARR,bad,49.0
5,True,False,JASPER,PRINCE RUPERT,2025-08-29,28,Pacific,PACI,2025-08-31T01:15:05Z,2025-08-31T00:21:00Z,ARR,bad,54.0
5,True,False,JASPER,PRINCE RUPERT,2025-08-29,29,Usk,USKX,2025-08-31T01:36:10Z,2025-08-31T00:40:00Z,ARR,bad,56.0
5,True,False,JASPER,PRINCE RUPERT,2025-08-29,30,Terrace,TRRC,2025-08-31T01:53:11Z,2025-08-31T01:00:00Z,ARR,bad,53.0
5,True,False,JASPER,PRINCE RUPERT,2025-08-29,31,Kwinitsa,KWIN,2025-08-31T03:17:52Z,2025-08-31T02:09:00Z,ARR,bad,68.0
5,True,False,JASPER,PRINCE RUPERT,2025-08-29,32,Cassiar Cannery,CASS,2025-08-31T03:57:28Z,2025-08-31T02:45:00Z,2 mins,bad,72.0
5,True,False,JASPER,PRINCE RUPERT,2025-08-29,33,Prince Rupert,PRUP,2025-08-31T04:37:28Z,2025-08-31T03:25:00Z,42 mins,bad,72.0
14,True,True,MONTRÉAL,HALIFAX,2025-08-29,0,Montréal,MTRL,2025-08-29T22:55:00Z,2025-08-29T22:30:00Z,ARR,bad,25.0
14,True,True,MONTRÉAL,HALIFAX,2025-08-29,1,St. Lambert,SLAM,2025-08-29T23:18:27Z,2025-08-29T22:45:00Z,ARR,bad,33.0
14,True,True,MONTRÉAL,HALIFAX,2025-08-29,2,St. Hyacinthe,SHYA,2025-08-29T23:52:26Z,2025-08-29T23:23:00Z,ARR,bad,29.0
14,True,True,MONTRÉAL,HALIFAX,2025-08-29,3,Drummondville,DRMV,2025-08-30T00:39:02Z,2025-08-30T00:04:00Z,ARR,bad,35.0
14,True,True,MONTRÉAL,HALIFAX,2025-08-29,4,Ste-Foy,SFOY,2025-08-30T02:12:55Z,2025-08-30T01:48:00Z,ARR,bad,24.0
14,True,True,MONTRÉAL,HALIFAX,2025-08-29,5,Montmagny,MMGY,2025-08-30T04:14:32Z,2025-08-30T03:17:00Z,ARR,bad,57.0
14,True,True,MONTRÉAL,HALIFAX,2025-08-29,6,La Pocatière,LPOC,2025-08-30T04:46:51Z,2025-08-30T03:50:00Z,ARR,bad,56.0
14,True,True,MONTRÉAL,HALIFAX,2025-08-29,7,Rivière-Du-Loup,RDLX,2025-08-30T05:29:20Z,2025-08-30T04:31:00Z,ARR,bad,58.0
14,True,True,MONTRÉAL,HALIFAX,2025-08-29,8,Trois Pistoles,TPIS,2025-08-30T06:22:58Z,2025-08-30T05:17:00Z,ARR,bad,65.0
14,True,True,MONTRÉAL,HALIFAX,2025-08-29,9,Rimouski,RMSK,2025-08-30T07:31:31Z,2025-08-30T06:25:00Z,ARR,bad,66.0
14,True,True,MONTRÉAL,HALIFAX,2025-08-29,10,Mont-Joli,MJLI,2025-08-30T08:09:30Z,2025-08-30T07:03:00Z,ARR,bad,66.0
14,True,True,MONTRÉAL,HALIFAX,2025-08-29,11,Sayabec,SAYA,2025-08-30T09:21:27Z,2025-08-30T08:06:00Z,ARR,bad,75.0
14,True,True,MONTRÉAL,HALIFAX,2025-08-29,12,Amqui,AMQU,2025-08-30T10:00:35Z,2025-08-30T08:27:00Z,ARR,bad,93.0
14,True,True,MONTRÉAL,HALIFAX,2025-08-29,13,Causapscal,CAUS,2025-08-30T10:30:38Z,2025-08-30T08:49:00Z,ARR,bad,101.0
14,True,True,MONTRÉAL,HALIFAX,2025-08-29,14,Matapedia,MTPD,2025-08-30T11:26:44Z,2025-08-30T09:35:00Z,ARR,bad,111.0
14,True,True,MONTRÉAL,HALIFAX,2025-08-29,15,Campbellton,CBTN,2025-08-30T12:03:17Z,2025-08-30T10:20:00Z,ARR,bad,103.0
14,True,True,MONTRÉAL,HALIFAX,2025-08-29,16,Charlo,CHLO,2025-08-30T13:14:04Z,2025-08-30T11:03:00Z,ARR,bad,131.0
14,True,True,MONTRÉAL,HALIFAX,2025-08-29,17,Jacquet River,JACR,2025-08-30T13:57:28Z,2025-08-30T11:26:00Z,ARR,bad,151.0
14,True,True,MONTRÉAL,HALIFAX,2025-08-29,18,Petit Rocher,PROC,2025-08-30T14:29:01Z,2025-08-30T11:48:00Z,ARR,bad,161.0
14,True,True,MONTRÉAL,HALIFAX,2025-08-29,19,Bathurst,BTRS,2025-08-30T14:49:37Z,2025-08-30T12:36:00Z,ARR,bad,133.0
14,True,True,MONTRÉAL,HALIFAX,2025-08-29,20,Miramichi,MIRA,2025-08-30T16:28:35Z,2025-08-30T14:25:00Z,ARR,bad,123.0
14,True,True,MONTRÉAL,HALIFAX,2025-08-29,21,Rogersville,RGRV,2025-08-30T17:32:52Z,2025-08-30T15:20:00Z,ARR,bad,132.0
14,True,True,MONTRÉAL,HALIFAX,2025-08-29,22,Moncton,MCTN,2025-08-30T19:12:22Z,2025-08-30T16:30:00Z,ARR,bad,162.0
14,True,True,MONTRÉAL,HALIFAX,2025-08-29,23,Sackville,SACK,2025-08-30T20:29:09Z,2025-08-30T17:40:00Z,ARR,bad,169.0
14,True,True,MONTRÉAL,HALIFAX,2025-08-29,24,Amherst,AMHS,2025-08-30T20:45:36Z,2025-08-30T17:55:00Z,ARR,bad,170.0
14,True,True,MONTRÉAL,HALIFAX,2025-08-29,25,Springhill Jct,SPRJ,2025-08-30T21:11:52Z,2025-08-30T18:17:00Z,ARR,bad,174.0
14,True,True,MONTRÉAL,HALIFAX,2025-08-29,26,Truro,TRUR,2025-08-30T22:23:34Z,2025-08-30T19:32:00Z,ARR,bad,171.0
14,True,True,MONTRÉAL,HALIFAX,2025-08-29,27,Halifax,HLFX,2025-08-31T00:10:30Z,2025-08-30T21:36:00Z,ARR,bad,154.0
24,True,True,OTTAWA,QUÉBEC,2025-08-30,0,Ottawa,OTTW,2025-08-30T14:13:00Z,2025-08-30T14:13:00Z,ARR,goo,0.0
24,True,True,OTTAWA,QUÉBEC,2025-08-30,1,Alexandria,ALEX,2025-08-30T14:55:35Z,2025-08-30T15:03:00Z,ARR,goo,-7.0
24,True,True,OTTAWA,QUÉBEC,2025-08-30,2,Coteau,COTO,2025-08-30T15:18:15Z,2025-08-30T15:26:00Z,ARR,goo,-7.0
24,True,True,OTTAWA,QUÉBEC,2025-08-30,3,Dorval,DORV,2025-08-30T15:43:21Z,2025-08-30T15:50:00Z,ARR,goo,-6.0
24,True,True,OTTAWA,QUÉBEC,2025-08-30,4,Montréal,MTRL,2025-08-30T16:13:24Z,2025-08-30T16:15:00Z,ARR,goo,-1.0
24,True,True,OTTAWA,QUÉBEC,2025-08-30,5,St. Lambert,SLAM,2025-08-30T16:58:44Z,2025-08-30T16:58:00Z,ARR,goo,0.0
24,True,True,OTTAWA,QUÉBEC,2025-08-30,6,St. Hyacinthe,SHYA,2025-08-30T17:26:05Z,2025-08-30T17:26:00Z,ARR,goo,0.0
24,True,True,OTTAWA,QUÉBEC,2025-08-30,7,Drummondville,DRMV,2025-08-30T17:54:26Z,2025-08-30T17:54:00Z,ARR,goo,0.0
24,True,True,OTTAWA,QUÉBEC,2025-08-30,8,Charny,CHNY,2025-08-30T19:24:51Z,2025-08-30T19:38:00Z,ARR,goo,-13.0
24,True,True,OTTAWA,QUÉBEC,2025-08-30,9,Ste-Foy,SFOY,2025-08-30T19:42:19Z,2025-08-30T19:45:00Z,ARR,goo,-2.0
24,True,True,OTTAWA,QUÉBEC,2025-08-30,10,Québec,QBEC,2025-08-30T20:10:12Z,2025-08-30T20:12:00Z,ARR,goo,-1.0
37,True,True,QUÉBEC,OTTAWA,2025-08-30,0,Québec,QBEC,2025-08-30T16:34:02Z,2025-08-30T16:32:00Z,ARR,goo,2.0
37,True,True,QUÉBEC,OTTAWA,2025-08-30,1,Ste-Foy,SFOY,2025-08-30T17:00:34Z,2025-08-30T16:57:00Z,ARR,goo,3.0
37,True,True,QUÉBEC,OTTAWA,2025-08-30,2,Drummondville,DRMV,2025-08-30T18:55:22Z,2025-08-30T18:44:00Z,ARR,med,11.0
37,True,True,QUÉBEC,OTTAWA,2025-08-30,3,St. Hyacinthe,SHYA,2025-08-30T19:26:43Z,2025-08-30T19:12:00Z,ARR,med,14.0
37,True,True,QUÉBEC,OTTAWA,2025-08-30,4,St. Lambert,SLAM,2025-08-30T19:55:24Z,2025-08-30T19:39:00Z,ARR,bad,16.0
37,True,True,QUÉBEC,OTTAWA,2025-08-30,5,Montréal,MTRL,2025-08-30T20:11:54Z,2025-08-30T19:54:00Z,ARR,bad,17.0
37,True,True,QUÉBEC,OTTAWA,2025-08-30,6,Dorval,DORV,2025-08-30T20:57:37Z,2025-08-30T20:54:00Z,ARR,goo,3.0
37,True,True,QUÉBEC,OTTAWA,2025-08-30,7,Coteau,COTO,2025-08-30T21:25:33Z,2025-08-30T21:23:00Z,ARR,goo,2.0
37,True,True,QUÉBEC,OTTAWA,2025-08-30,8,Alexandria,ALEX,2025-08-30T21:43:30Z,2025-08-30T21:45:00Z,ARR,goo,-1.0
37,True,True,QUÉBEC,OTTAWA,2025-08-30,9,Ottawa,OTTW,2025-08-30T22:34:38Z,2025-08-30T22:37:00Z,ARR,goo,-2.0
41,True,True,OTTAWA,TORONTO,2025-08-30,0,Ottawa,OTTW,2025-08-30T09:21:00Z,2025-08-30T09:21:00Z,ARR,goo,0.0
41,True,True,OTTAWA,TORONTO,2025-08-30,1,Fallowfield,FALL,2025-08-30T09:36:45Z,2025-08-30T09:38:00Z,ARR,goo,-1.0
41,True,True,OTTAWA,TORONTO,2025-08-30,2,Smiths Falls,SMTF,2025-08-30T10:07:10Z,2025-08-30T10:08:00Z,ARR,goo,0.0
41,True,True,OTTAWA,TORONTO,2025-08-30,3,Brockville,BRKV,2025-08-30T10:39:22Z,2025-08-30T10:40:00Z,ARR,goo,0.0
41,True,True,OTTAWA,TORONTO,2025-08-30,4,Kingston,KGON,2025-08-30T11:26:31Z,2025-08-30T11:25:00Z,ARR,goo,1.0
41,True,True,OTTAWA,TORONTO,2025-08-30,5,Napanee,NAPN,2025-08-30T11:51:25Z,2025-08-30T11:49:00Z,ARR,goo,2.0
41,True,True,OTTAWA,TORONTO,2025-08-30,6,Belleville,BLVL,2025-08-30T12:14:23Z,2025-08-30T12:07:00Z,ARR,med,7.0
41,True,True,OTTAWA,TORONTO,2025-08-30,7,Trenton Jct.,TRNJ,2025-08-30T12:29:57Z,2025-08-30T12:20:00Z,ARR,med,9.0
41,True,True,OTTAWA,TORONTO,2025-08-30,8,Cobourg,CBRG,2025-08-30T12:59:17Z,2025-08-30T12:44:00Z,ARR,bad,15.0
41,True,True,OTTAWA,TORONTO,2025-08-30,9,Oshawa,OSHA,2025-08-30T13:36:34Z,2025-08-30T13:19:00Z,ARR,bad,17.0
41,True,True,OTTAWA,TORONTO,2025-08-30,10,Toronto,TRTO,2025-08-30T14:15:37Z,2025-08-30T14:02:00Z,ARR,med,13.0
50,True,True,TORONTO,OTTAWA,2025-08-30,0,Toronto,TRTO,2025-08-30T10:32:47Z,2025-08-30T10:32:00Z,ARR,goo,0.0
50,True,True,TORONTO,OTTAWA,2025-08-30,1,Guildwood,GUIL,2025-08-30T10:52:50Z,2025-08-30T10:50:00Z,ARR,goo,2.0
50,True,True,TORONTO,OTTAWA,2025-08-30,2,Oshawa,OSHA,2025-08-30T11:15:36Z,2025-08-30T11:08:00Z,ARR,med,7.0
50,True,True,TORONTO,OTTAWA,2025-08-30,3,Cobourg,CBRG,2025-08-30T11:58:04Z,2025-08-30T11:43:00Z,ARR,bad,15.0
50,True,True,TORONTO,OTTAWA,2025-08-30,4,Belleville,BLVL,2025-08-30T12:46:54Z,2025-08-30T12:18:00Z,ARR,bad,28.0
50,True,True,TORONTO,OTTAWA,2025-08-30,5,Kingston,KGON,2025-08-30T13:26:41Z,2025-08-30T12:57:00Z,ARR,bad,29.0
50,True,True,TORONTO,OTTAWA,2025-08-30,6,Brockville,BRKV,2025-08-30T14:26:12Z,2025-08-30T13:54:00Z,ARR,bad,32.0
50,True,True,TORONTO,OTTAWA,2025-08-30,7,Smiths Falls,SMTF,2025-08-30T14:46:24Z,2025-08-30T14:29:00Z,ARR,bad,17.0
50,True,True,TORONTO,OTTAWA,2025-08-30,8,Fallowfield,FALL,2025-08-30T15:22:18Z,2025-08-30T15:01:00Z,ARR,bad,21.0
50,True,True,TORONTO,OTTAWA,2025-08-30,9,Ottawa,OTTW,2025-08-30T15:41:35Z,2025-08-30T15:21:00Z,ARR,bad,20.0
52,True,True,TORONTO,OTTAWA,2025-08-30,0,Toronto,TRTO,2025-08-30T12:32:00Z,2025-08-30T12:32:00Z,ARR,goo,0.0
52,True,True,TORONTO,OTTAWA,2025-08-30,1,Guildwood,GUIL,2025-08-30T12:48:54Z,2025-08-30T12:50:00Z,ARR,goo,-1.0
52,True,True,TORONTO,OTTAWA,2025-08-30,2,Oshawa,OSHA,2025-08-30T13:08:57Z,2025-08-30T13:09:00Z,ARR,goo,0.0
52,True,True,TORONTO,OTTAWA,2025-08-30,3,Cobourg,CBRG,2025-08-30T13:43:45Z,2025-08-30T13:44:00Z,ARR,goo,0.0
52,True,True,TORONTO,OTTAWA,2025-08-30,4,Belleville,BLVL,2025-08-30T14:17:40Z,2025-08-30T14:20:00Z,ARR,goo,-2.0
52,True,True,TORONTO,OTTAWA,2025-08-30,5,Kingston,KGON,2025-08-30T14:56:33Z,2025-08-30T15:00:00Z,ARR,goo,-3.0
52,True,True,TORONTO,OTTAWA,2025-08-30,6,Brockville,BRKV,2025-08-30T16:00:30Z,2025-08-30T15:57:00Z,ARR,goo,3.0
52,True,True,TORONTO,OTTAWA,2025-08-30,7,Smiths Falls,SMTF,2025-08-30T16:41:21Z,2025-08-30T16:35:00Z,ARR,med,6.0
52,True,True,TORONTO,OTTAWA,2025-08-30,8,Fallowfield,FALL,2025-08-30T17:08:33Z,2025-08-30T17:11:00Z,ARR,goo,-2.0
52,True,True,TORONTO,OTTAWA,2025-08-30,9,Ottawa,OTTW,2025-08-30T17:31:29Z,2025-08-30T17:32:00Z,ARR,goo,0.0
53,True,True,OTTAWA,TORONTO,2025-08-30,0,Ottawa,OTTW,2025-08-30T15:43:00Z,2025-08-30T15:43:00Z,ARR,goo,0.0
53,True,True,OTTAWA,TORONTO,2025-08-30,1,Fallowfield,FALL,2025-08-30T15:58:43Z,2025-08-30T16:00:00Z,ARR,goo,-1.0
53,True,True,OTTAWA,TORONTO,2025-08-30,2,Brockville,BRKV,2025-08-30T17:03:01Z,2025-08-30T17:01:00Z,ARR,goo,2.0
53,True,True,OTTAWA,TORONTO,2025-08-30,3,Gananoque,GANA,2025-08-30T17:31:51Z,2025-08-30T17:31:00Z,ARR,goo,0.0
53,True,True,OTTAWA,TORONTO,2025-08-30,4,Kingston,KGON,2025-08-30T17:52:28Z,2025-08-30T17:54:00Z,ARR,goo,-1.0
53,True,True,OTTAWA,TORONTO,2025-08-30,5,Belleville,BLVL,2025-08-30T18:36:24Z,2025-08-30T18:36:00Z,ARR,goo,0.0
53,True,True,OTTAWA,TORONTO,2025-08-30,6,Cobourg,CBRG,2025-08-30T19:14:48Z,2025-08-30T19:12:00Z,ARR,goo,2.0
53,True,True,OTTAWA,TORONTO,2025-08-30,7,Oshawa,OSHA,2025-08-30T19:51:04Z,2025-08-30T19:48:00Z,ARR,goo,3.0
53,True,True,OTTAWA,TORONTO,2025-08-30,8,Toronto,TRTO,2025-08-30T20:34:19Z,2025-08-30T20:33:00Z,ARR,goo,1.0
60,True,True,TORONTO,MONTRÉAL,2025-08-30,0,Toronto,TRTO,2025-08-30T10:32:00Z,2025-08-30T10:32:00Z,ARR,goo,0.0
60,True,True,TORONTO,MONTRÉAL,2025-08-30,1,Guildwood,GUIL,2025-08-30T10:46:53Z,2025-08-30T10:50:00Z,ARR,goo,-3.0
60,True,True,TORONTO,MONTRÉAL,2025-08-30,2,Oshawa,OSHA,2025-08-30T11:07:02Z,2025-08-30T11:08:00Z,ARR,goo,0.0
60,True,True,TORONTO,MONTRÉAL,2025-08-30,3,Cobourg,CBRG,2025-08-30T11:46:56Z,2025-08-30T11:43:00Z,ARR,goo,3.0
60,True,True,TORONTO,MONTRÉAL,2025-08-30,4,Belleville,BLVL,2025-08-30T12:22:48Z,2025-08-30T12:18:00Z,ARR,goo,4.0
60,True,True,TORONTO,MONTRÉAL,2025-08-30,5,Kingston,KGON,2025-08-30T13:02:43Z,2025-08-30T12:57:00Z,ARR,med,5.0
60,True,True,TORONTO,MONTRÉAL,2025-08-30,6,Cornwall,CWLL,2025-08-30T14:31:15Z,2025-08-30T14:38:00Z,ARR,goo,-6.0
60,True,True,TORONTO,MONTRÉAL,2025-08-30,7,Dorval,DORV,2025-08-30T15:27:26Z,2025-08-30T15:25:00Z,ARR,goo,2.0
60,True,True,TORONTO,MONTRÉAL,2025-08-30,8,Montréal,MTRL,2025-08-30T15:52:12Z,2025-08-30T15:50:00Z,ARR,goo,2.0
61,True,True,MONTRÉAL,TORONTO,2025-08-30,0,Montréal,MTRL,2025-08-30T10:45:00Z,2025-08-30T10:45:00Z,ARR,goo,0.0
61,True,True,MONTRÉAL,TORONTO,2025-08-30,1,Dorval,DORV,2025-08-30T11:16:39Z,2025-08-30T11:08:00Z,ARR,med,8.0
61,True,True,MONTRÉAL,TORONTO,2025-08-30,2,Cornwall,CWLL,2025-08-30T12:36:33Z,2025-08-30T12:01:00Z,ARR,bad,35.0
61,True,True,MONTRÉAL,TORONTO,2025-08-30,3,Kingston,KGON,2025-08-30T14:09:20Z,2025-08-30T13:29:00Z,ARR,bad,40.0
61,True,True,MONTRÉAL,TORONTO,2025-08-30,4,Belleville,BLVL,2025-08-30T14:52:55Z,2025-08-30T14:11:00Z,ARR,bad,41.0
61,True,True,MONTRÉAL,TORONTO,2025-08-30,5,Oshawa,OSHA,2025-08-30T15:59:32Z,2025-08-30T15:19:00Z,ARR,bad,40.0
61,True,True,MONTRÉAL,TORONTO,2025-08-30,6,Guildwood,GUIL,2025-08-30T16:26:37Z,2025-08-30T15:43:00Z,ARR,bad,43.0
61,True,True,MONTRÉAL,TORONTO,2025-08-30,7,Toronto,TRTO,2025-08-30T16:46:38Z,2025-08-30T16:03:00Z,ARR,bad,43.0
64,True,True,TORONTO,MONTRÉAL,2025-08-30,0,Toronto,TRTO,2025-08-30T15:38:57Z,2025-08-30T15:38:00Z,ARR,goo,0.0
64,True,True,TORONTO,MONTRÉAL,2025-08-30,1,Guildwood,GUIL,2025-08-30T15:56:40Z,2025-08-30T15:55:00Z,ARR,goo,1.0
64,True,True,TORONTO,MONTRÉAL,2025-08-30,2,Oshawa,OSHA,2025-08-30T16:17:06Z,2025-08-30T16:09:00Z,ARR,med,8.0
64,True,True,TORONTO,MONTRÉAL,2025-08-30,3,Cobourg,CBRG,2025-08-30T16:51:55Z,2025-08-30T16:46:00Z,ARR,med,5.0
64,True,True,TORONTO,MONTRÉAL,2025-08-30,4,Belleville,BLVL,2025-08-30T17:25:35Z,2025-08-30T17:22:00Z,ARR,goo,3.0
64,True,True,TORONTO,MONTRÉAL,2025-08-30,5,Kingston,KGON,2025-08-30T18:03:12Z,2025-08-30T18:03:00Z,ARR,goo,0.0
64,True,True,TORONTO,MONTRÉAL,2025-08-30,6,Brockville,BRKV,2025-08-30T18:48:48Z,2025-08-30T18:52:00Z,ARR,goo,-3.0
64,True,True,TORONTO,MONTRÉAL,2025-08-30,7,Cornwall,CWLL,2025-08-30T19:36:44Z,2025-08-30T19:42:00Z,ARR,goo,-5.0
64,True,True,TORONTO,MONTRÉAL,2025-08-30,8,Dorval,DORV,2025-08-30T20:22:48Z,2025-08-30T20:37:00Z,ARR,goo,-14.0
64,True,True,TORONTO,MONTRÉAL,2025-08-30,9,Montréal,MTRL,2025-08-30T20:50:57Z,2025-08-30T21:05:00Z,ARR,goo,-14.0
65,True,True,MONTRÉAL,TORONTO,2025-08-30,0,Montréal,MTRL,2025-08-30T14:56:31Z,2025-08-30T14:49:00Z,ARR,med,7.0
65,True,True,MONTRÉAL,TORONTO,2025-08-30,1,Dorval,DORV,2025-08-30T15:17:44Z,2025-08-30T15:12:00Z,ARR,med,5.0
65,True,True,MONTRÉAL,TORONTO,2025-08-30,2,Cornwall,CWLL,2025-08-30T16:11:15Z,2025-08-30T16:06:00Z,ARR,med,5.0
65,True,True,MONTRÉAL,TORONTO,2025-08-30,3,Kingston,KGON,2025-08-30T17:34:16Z,2025-08-30T17:36:00Z,ARR,goo,-1.0
65,True,True,MONTRÉAL,TORONTO,2025-08-30,4,Belleville,BLVL,2025-08-30T18:22:38Z,2025-08-30T18:20:00Z,ARR,goo,2.0
65,True,True,MONTRÉAL,TORONTO,2025-08-30,5,Cobourg,CBRG,2025-08-30T19:00:26Z,2025-08-30T18:58:00Z,ARR,goo,2.0
65,True,True,MONTRÉAL,TORONTO,2025-08-30,6,Oshawa,OSHA,2025-08-30T19:32:48Z,2025-08-30T19:34:00Z,ARR,goo,-1.0
65,True,True,MONTRÉAL,TORONTO,2025-08-30,7,Toronto,TRTO,2025-08-30T20:26:40Z,2025-08-30T20:18:00Z,ARR,med,8.0
67,True,True,MONTRÉAL,TORONTO,2025-08-30,0,Montréal,MTRL,2025-08-30T17:26:31Z,2025-08-30T17:22:00Z,ARR,goo,4.0
67,True,True,MONTRÉAL,TORONTO,2025-08-30,1,Dorval,DORV,2025-08-30T17:58:31Z,2025-08-30T17:47:00Z,ARR,med,11.0
67,True,True,MONTRÉAL,TORONTO,2025-08-30,2,Cornwall,CWLL,2025-08-30T18:54:05Z,2025-08-30T18:38:00Z,ARR,bad,16.0
67,True,True,MONTRÉAL,TORONTO,2025-08-30,3,Kingston,KGON,2025-08-30T20:17:31Z,2025-08-30T20:03:00Z,ARR,med,14.0
67,True,True,MONTRÉAL,TORONTO,2025-08-30,4,Belleville,BLVL,2025-08-30T21:09:01Z,2025-08-30T20:42:00Z,ARR,bad,27.0
67,True,True,MONTRÉAL,TORONTO,2025-08-30,5,Cobourg,CBRG,2025-08-30T21:48:52Z,2025-08-30T21:17:00Z,ARR,bad,31.0
67,True,True,MONTRÉAL,TORONTO,2025-08-30,6,Oshawa,OSHA,2025-08-30T22:29:28Z,2025-08-30T21:50:00Z,ARR,bad,39.0
67,True,True,MONTRÉAL,TORONTO,2025-08-30,7,Toronto,TRTO,2025-08-30T23:26:39Z,2025-08-30T22:45:00Z,ARR,bad,41.0
70,True,True,WINDSOR,TORONTO,2025-08-30,0,Windsor,WDON,2025-08-30T09:35:00Z,2025-08-30T09:35:00Z,ARR,goo,0.0
70,True,True,WINDSOR,TORONTO,2025-08-30,1,Chatham,CHAT,2025-08-30T10:52:20Z,2025-08-30T10:19:00Z,ARR,bad,33.0
70,True,True,WINDSOR,TORONTO,2025-08-30,2,London,LNDN,2025-08-30T12:03:00Z,2025-08-30T11:25:00Z,ARR,bad,38.0
70,True,True,WINDSOR,TORONTO,2025-08-30,3,Ingersoll,INGR,2025-08-30T12:29:49Z,2025-08-30T11:55:00Z,ARR,bad,34.0
70,True,True,WINDSOR,TORONTO,2025-08-30,4,Woodstock,WDST,2025-08-30T12:41:40Z,2025-08-30T12:08:00Z,ARR,bad,33.0
70,True,True,WINDSOR,TORONTO,2025-08-30,5,Brantford,BRTF,2025-08-30T13:12:03Z,2025-08-30T12:44:00Z,ARR,bad,28.0
70,True,True,WINDSOR,TORONTO,2025-08-30,6,Aldershot,ALDR,2025-08-30T13:41:45Z,2025-08-30T13:25:00Z,ARR,bad,16.0
70,True,True,WINDSOR,TORONTO,2025-08-30,7,Oakville,OAKV,2025-08-30T14:08:23Z,2025-08-30T13:43:00Z,ARR,bad,25.0
70,True,True,WINDSOR,TORONTO,2025-08-30,8,Toronto,TRTO,2025-08-30T14:32:56Z,2025-08-30T14:10:00Z,ARR,bad,22.0
72,True,True,WINDSOR,TORONTO,2025-08-30,0,Windsor,WDON,2025-08-30T12:43:00Z,2025-08-30T12:43:00Z,ARR,goo,0.0
72,True,True,WINDSOR,TORONTO,2025-08-30,1,Chatham,CHAT,2025-08-30T13:28:51Z,2025-08-30T13:25:00Z,ARR,goo,3.0
72,True,True,WINDSOR,TORONTO,2025-08-30,2,Glencoe,GLNC,2025-08-30T14:12:36Z,2025-08-30T14:05:00Z,ARR,med,7.0
72,True,True,WINDSOR,TORONTO,2025-08-30,3,London,LNDN,2025-08-30T14:51:23Z,2025-08-30T14:39:00Z,ARR,med,12.0
72,True,True,WINDSOR,TORONTO,2025-08-30,4,Ingersoll,INGR,2025-08-30T15:19:34Z,2025-08-30T15:07:00Z,ARR,med,12.0
72,True,True,WINDSOR,TORONTO,2025-08-30,5,Woodstock,WDST,2025-08-30T15:33:07Z,2025-08-30T15:23:00Z,ARR,med,10.0
72,True,True,WINDSOR,TORONTO,2025-08-30,6,Brantford,BRTF,2025-08-30T16:02:30Z,2025-08-30T15:55:00Z,ARR,med,7.0
72,True,True,WINDSOR,TORONTO,2025-08-30,7,Aldershot,ALDR,2025-08-30T16:36:50Z,2025-08-30T16:29:00Z,ARR,med,7.0
72,True,True,WINDSOR,TORONTO,2025-08-30,8,Oakville,OAKV,2025-08-30T16:58:51Z,2025-08-30T16:45:00Z,ARR,med,13.0
72,True,True,WINDSOR,TORONTO,2025-08-30,9,Toronto,TRTO,2025-08-30T17:36:30Z,2025-08-30T17:11:00Z,ARR,bad,25.0
71,True,True,TORONTO,WINDSOR,2025-08-30,0,Toronto,TRTO,2025-08-30T10:52:53Z,2025-08-30T10:50:00Z,ARR,goo,2.0
71,True,True,TORONTO,WINDSOR,2025-08-30,1,Oakville,OAKV,2025-08-30T11:15:54Z,2025-08-30T11:13:00Z,ARR,goo,2.0
71,True,True,TORONTO,WINDSOR,2025-08-30,2,Aldershot,ALDR,2025-08-30T11:32:53Z,2025-08-30T11:29:00Z,ARR,goo,3.0
71,True,True,TORONTO,WINDSOR,2025-08-30,3,Brantford,BRTF,2025-08-30T12:05:53Z,2025-08-30T11:55:00Z,ARR,med,10.0
71,True,True,TORONTO,WINDSOR,2025-08-30,4,Woodstock,WDST,2025-08-30T12:34:42Z,2025-08-30T12:30:00Z,ARR,goo,4.0
71,True,True,TORONTO,WINDSOR,2025-08-30,5,Ingersoll,INGR,2025-08-30T12:48:18Z,2025-08-30T12:43:00Z,ARR,med,5.0
71,True,True,TORONTO,WINDSOR,2025-08-30,6,London,LNDN,2025-08-30T13:12:07Z,2025-08-30T13:06:00Z,ARR,med,6.0
71,True,True,TORONTO,WINDSOR,2025-08-30,7,Glencoe,GLNC,2025-08-30T13:47:26Z,2025-08-30T13:39:00Z,ARR,med,8.0
71,True,True,TORONTO,WINDSOR,2025-08-30,8,Chatham,CHAT,2025-08-30T14:47:19Z,2025-08-30T14:18:00Z,ARR,bad,29.0
71,True,True,TORONTO,WINDSOR,2025-08-30,9,Windsor,WDON,2025-08-30T15:40:17Z,2025-08-30T15:08:00Z,ARR,bad,32.0
73,True,True,TORONTO,WINDSOR,2025-08-30,0,Toronto,TRTO,2025-08-30T15:30:15Z,2025-08-30T15:30:00Z,ARR,goo,0.0
73,True,True,TORONTO,WINDSOR,2025-08-30,1,Oakville,OAKV,2025-08-30T15:53:20Z,2025-08-30T15:51:00Z,ARR,goo,2.0
73,True,True,TORONTO,WINDSOR,2025-08-30,2,Aldershot,ALDR,2025-08-30T16:13:39Z,2025-08-30T16:09:00Z,ARR,goo,4.0
73,True,True,TORONTO,WINDSOR,2025-08-30,3,Brantford,BRTF,2025-08-30T16:47:14Z,2025-08-30T16:40:00Z,ARR,med,7.0
73,True,True,TORONTO,WINDSOR,2025-08-30,4,Woodstock,WDST,2025-08-30T17:16:29Z,2025-08-30T17:09:00Z,ARR,med,7.0
73,True,True,TORONTO,WINDSOR,2025-08-30,5,London,LNDN,2025-08-30T17:48:27Z,2025-08-30T17:38:00Z,ARR,med,10.0
73,True,True,TORONTO,WINDSOR,2025-08-30,6,Chatham,CHAT,2025-08-30T19:04:25Z,2025-08-30T18:50:00Z,ARR,med,14.0
73,True,True,TORONTO,WINDSOR,2025-08-30,7,Windsor,WDON,2025-08-30T19:50:58Z,2025-08-30T19:45:00Z,ARR,med,5.0
76,True,True,WINDSOR,TORONTO,2025-08-30,0,Windsor,WDON,2025-08-30T17:06:00Z,2025-08-30T17:06:00Z,ARR,goo,0.0
76,True,True,WINDSOR,TORONTO,2025-08-30,1,Chatham,CHAT,2025-08-30T17:48:21Z,2025-08-30T17:48:00Z,ARR,goo,0.0
76,True,True,WINDSOR,TORONTO,2025-08-30,2,Glencoe,GLNC,2025-08-30T18:32:00Z,2025-08-30T18:23:00Z,ARR,med,9.0
76,True,True,WINDSOR,TORONTO,2025-08-30,3,London,LNDN,2025-08-30T19:09:56Z,2025-08-30T18:58:00Z,ARR,med,11.0
76,True,True,WINDSOR,TORONTO,2025-08-30,4,Brantford,BRTF,2025-08-30T20:08:52Z,2025-08-30T19:59:00Z,ARR,med,9.0
76,True,True,WINDSOR,TORONTO,2025-08-30,5,Aldershot,ALDR,2025-08-30T20:40:38Z,2025-08-30T20:30:00Z,ARR,med,10.0
76,True,True,WINDSOR,TORONTO,2025-08-30,6,Oakville,OAKV,2025-08-30T20:56:09Z,2025-08-30T20:47:00Z,ARR,med,9.0
76,True,True,WINDSOR,TORONTO,2025-08-30,7,Toronto,TRTO,2025-08-30T21:27:52Z,2025-08-30T21:13:00Z,ARR,med,14.0
82,True,True,LONDON,TORONTO,2025-08-30,0,London,LNDN,2025-08-30T10:25:00Z,2025-08-30T10:25:00Z,ARR,goo,0.0
82,True,True,LONDON,TORONTO,2025-08-30,1,Woodstock,WDST,2025-08-30T10:53:15Z,2025-08-30T10:53:00Z,ARR,goo,0.0
82,True,True,LONDON,TORONTO,2025-08-30,2,Brantford,BRTF,2025-08-30T11:22:27Z,2025-08-30T11:23:00Z,ARR,goo,0.0
82,True,True,LONDON,TORONTO,2025-08-30,3,Toronto,TRTO,2025-08-30T12:28:48Z,2025-08-30T12:35:00Z,ARR,goo,-6.0
84,True,True,SARNIA,TORONTO,2025-08-30,0,Sarnia,SARN,2025-08-30T12:40:00Z,2025-08-30T12:40:00Z,ARR,goo,0.0
84,True,True,SARNIA,TORONTO,2025-08-30,1,Wyoming,WYOM,2025-08-30T12:58:41Z,2025-08-30T12:55:00Z,ARR,goo,3.0
84,True,True,SARNIA,TORONTO,2025-08-30,2,Strathroy,STRR,2025-08-30T13:25:19Z,2025-08-30T13:27:00Z,ARR,goo,-1.0
84,True,True,SARNIA,TORONTO,2025-08-30,3,London,LNDN,2025-08-30T13:50:03Z,2025-08-30T13:52:00Z,ARR,goo,-1.0
84,True,True,SARNIA,TORONTO,2025-08-30,4,St.Marys,SMYS,2025-08-30T14:46:14Z,2025-08-30T14:45:00Z,ARR,goo,1.0
84,True,True,SARNIA,TORONTO,2025-08-30,5,Stratford,STRF,2025-08-30T15:16:42Z,2025-08-30T15:14:00Z,ARR,goo,2.0
84,True,True,SARNIA,TORONTO,2025-08-30,6,Kitchener,KITC,2025-08-30T16:08:34Z,2025-08-30T16:02:00Z,ARR,med,6.0
84,True,True,SARNIA,TORONTO,2025-08-30,7,Guelph,GUEL,2025-08-30T16:30:19Z,2025-08-30T16:24:00Z,ARR,med,6.0
84,True,True,SARNIA,TORONTO,2025-08-30,8,Georgetown,GEOR,2025-08-30T16:52:54Z,2025-08-30T16:47:00Z,ARR,med,5.0
84,True,True,SARNIA,TORONTO,2025-08-30,9,Brampton,BRMP,2025-08-30T17:04:17Z,2025-08-30T16:59:00Z,ARR,med,5.0
84,True,True,SARNIA,TORONTO,2025-08-30,10,Malton,MALT,2025-08-30T17:19:27Z,2025-08-30T17:11:00Z,ARR,med,8.0
84,True,True,SARNIA,TORONTO,2025-08-30,11,Toronto,TRTO,2025-08-30T17:44:05Z,2025-08-30T17:38:00Z,ARR,med,6.0
644,True,True,TORONTO,OTTAWA,2025-08-30,0,Toronto,TRTO,2025-08-30T17:23:00Z,2025-08-30T17:23:00Z,ARR,goo,0.0
644,True,True,TORONTO,OTTAWA,2025-08-30,1,Oshawa,OSHA,2025-08-30T17:59:17Z,2025-08-30T17:53:00Z,ARR,med,6.0
644,True,True,TORONTO,OTTAWA,2025-08-30,2,Cobourg,CBRG,2025-08-30T18:40:15Z,2025-08-30T18:28:00Z,ARR,med,12.0
644,True,True,TORONTO,OTTAWA,2025-08-30,3,Belleville,BLVL,2025-08-30T19:21:58Z,2025-08-30T19:03:00Z,ARR,bad,18.0
644,True,True,TORONTO,OTTAWA,2025-08-30,4,Kingston,KGON,2025-08-30T20:08:18Z,2025-08-30T19:43:00Z,ARR,bad,25.0
644,True,True,TORONTO,OTTAWA,2025-08-30,5,Fallowfield,FALL,2025-08-30T21:53:29Z,2025-08-30T21:30:00Z,ARR,bad,23.0
644,True,True,TORONTO,OTTAWA,2025-08-30,6,Ottawa,OTTW,2025-08-30T22:25:57Z,2025-08-30T21:53:00Z,ARR,bad,32.0
643,True,True,OTTAWA,TORONTO,2025-08-30,0,Ottawa,OTTW,2025-08-30T12:29:00Z,2025-08-30T12:29:00Z,ARR,goo,0.0
643,True,True,OTTAWA,TORONTO,2025-08-30,1,Fallowfield,FALL,2025-08-30T12:45:14Z,2025-08-30T12:45:00Z,ARR,goo,0.0
643,True,True,OTTAWA,TORONTO,2025-08-30,2,Smiths Falls,SMTF,2025-08-30T13:15:39Z,2025-08-30T13:17:00Z,ARR,goo,-1.0
643,True,True,OTTAWA,TORONTO,2025-08-30,3,Brockville,BRKV,2025-08-30T13:50:26Z,2025-08-30T13:49:00Z,ARR,goo,1.0
643,True,True,OTTAWA,TORONTO,2025-08-30,4,Kingston,KGON,2025-08-30T14:36:26Z,2025-08-30T14:32:00Z,ARR,goo,4.0
643,True,True,OTTAWA,TORONTO,2025-08-30,5,Napanee,NAPN,2025-08-30T15:02:55Z,2025-08-30T14:57:00Z,ARR,med,5.0
643,True,True,OTTAWA,TORONTO,2025-08-30,6,Belleville,BLVL,2025-08-30T15:23:36Z,2025-08-30T15:17:00Z,ARR,med,6.0
643,True,True,OTTAWA,TORONTO,2025-08-30,7,Trenton Jct.,TRNJ,2025-08-30T15:36:29Z,2025-08-30T15:31:00Z,ARR,med,5.0
643,True,True,OTTAWA,TORONTO,2025-08-30,8,Cobourg,CBRG,2025-08-30T16:03:06Z,2025-08-30T15:57:00Z,ARR,med,6.0
643,True,True,OTTAWA,TORONTO,2025-08-30,9,Port Hope,PHOP,2025-08-30T16:13:59Z,2025-08-30T16:07:00Z,ARR,med,6.0
643,True,True,OTTAWA,TORONTO,2025-08-30,10,Oshawa,OSHA,2025-08-30T16:43:45Z,2025-08-30T16:35:00Z,ARR,med,8.0
643,True,True,OTTAWA,TORONTO,2025-08-30,11,Guildwood,GUIL,2025-08-30T17:13:29Z,2025-08-30T16:58:00Z,ARR,bad,15.0
643,True,True,OTTAWA,TORONTO,2025-08-30,12,Toronto,TRTO,2025-08-30T17:31:02Z,2025-08-30T17:18:00Z,ARR,med,13.0
97,True,True,TORONTO,NIAGARA FALLS,2025-08-30,0,Toronto,TRTO,2025-08-30T12:20:00Z,2025-08-30T12:20:00Z,ARR,goo,0.0
97,True,True,TORONTO,NIAGARA FALLS,2025-08-30,1,Oakville,OAKV,2025-08-30T12:43:00Z,2025-08-30T12:43:00Z,ARR,goo,0.0
97,True,True,TORONTO,NIAGARA FALLS,2025-08-30,2,Aldershot,ALDR,2025-08-30T12:56:00Z,2025-08-30T12:56:00Z,ARR,goo,0.0
97,True,True,TORONTO,NIAGARA FALLS,2025-08-30,3,Grimsby,GRIM,2025-08-30T13:37:00Z,2025-08-30T13:37:00Z,ARR,goo,0.0
97,True,True,TORONTO,NIAGARA FALLS,2025-08-30,4,St. Catharines,SCAT,2025-08-30T14:04:00Z,2025-08-30T13:57:00Z,ARR,med,7.0
97,True,True,TORONTO,NIAGARA FALLS,2025-08-30,5,Niagara Falls,NIAG,2025-08-30T14:27:00Z,2025-08-30T14:20:00Z,ARR,med,7.0
622,True,True,MONTRÉAL,QUÉBEC,2025-08-30,0,Montréal,MTRL,2025-08-30T12:20:00Z,2025-08-30T12:20:00Z,ARR,goo,0.0
622,True,True,MONTRÉAL,QUÉBEC,2025-08-30,1,St. Lambert,SLAM,2025-08-30T12:33:40Z,2025-08-30T12:33:00Z,ARR,goo,0.0
622,True,True,MONTRÉAL,QUÉBEC,2025-08-30,2,St. Hyacinthe,SHYA,2025-08-30T13:28:40Z,2025-08-30T13:00:00Z,ARR,bad,28.0
622,True,True,MONTRÉAL,QUÉBEC,2025-08-30,3,Drummondville,DRMV,2025-08-30T13:50:29Z,2025-08-30T13:29:00Z,ARR,bad,21.0
622,True,True,MONTRÉAL,QUÉBEC,2025-08-30,4,Ste-Foy,SFOY,2025-08-30T15:25:51Z,2025-08-30T15:11:00Z,ARR,med,14.0
622,True,True,MONTRÉAL,QUÉBEC,2025-08-30,5,Québec,QBEC,2025-08-30T15:54:51Z,2025-08-30T15:39:00Z,ARR,bad,15.0
45,True,True,OTTAWA,TORONTO,2025-08-30,0,Ottawa,OTTW,2025-08-30T14:24:00Z,2025-08-30T14:24:00Z,ARR,goo,0.0
45,True,True,OTTAWA,TORONTO,2025-08-30,1,Fallowfield,FALL,2025-08-30T14:41:30Z,2025-08-30T14:40:00Z,ARR,goo,1.0
45,True,True,OTTAWA,TORONTO,2025-08-30,2,Kingston,KGON,2025-08-30T17:02:16Z,2025-08-30T16:26:00Z,ARR,bad,36.0
45,True,True,OTTAWA,TORONTO,2025-08-30,3,Toronto,TRTO,2025-08-30T19:29:17Z,2025-08-30T18:48:00Z,ARR,bad,41.0
62,True,True,TORONTO,MONTRÉAL,2025-08-30,0,Toronto,TRTO,2025-08-30T12:32:00Z,2025-08-30T12:32:00Z,ARR,goo,0.0
62,True,True,TORONTO,MONTRÉAL,2025-08-30,1,Guildwood,GUIL,2025-08-30T12:48:47Z,2025-08-30T12:50:00Z,ARR,goo,-1.0
62,True,True,TORONTO,MONTRÉAL,2025-08-30,2,Oshawa,OSHA,2025-08-30T13:08:53Z,2025-08-30T13:09:00Z,ARR,goo,0.0
62,True,True,TORONTO,MONTRÉAL,2025-08-30,3,Cobourg,CBRG,2025-08-30T13:43:25Z,2025-08-30T13:44:00Z,ARR,goo,0.0
62,True,True,TORONTO,MONTRÉAL,2025-08-30,4,Belleville,BLVL,2025-08-30T14:17:36Z,2025-08-30T14:20:00Z,ARR,goo,-2.0
62,True,True,TORONTO,MONTRÉAL,2025-08-30,5,Kingston,KGON,2025-08-30T14:56:30Z,2025-08-30T15:00:00Z,ARR,goo,-3.0
62,True,True,TORONTO,MONTRÉAL,2025-08-30,6,Cornwall,CWLL,2025-08-30T16:47:30Z,2025-08-30T16:43:00Z,ARR,goo,4.0
62,True,True,TORONTO,MONTRÉAL,2025-08-30,7,Dorval,DORV,2025-08-30T17:37:07Z,2025-08-30T17:34:00Z,ARR,goo,3.0
62,True,True,TORONTO,MONTRÉAL,2025-08-30,8,Montréal,MTRL,2025-08-30T18:02:11Z,2025-08-30T18:00:00Z,ARR,goo,2.0
185,True,True,SUDBURY,WHITE RIVER,2025-08-30,0,Sudbury,SUDB,2025-08-30T13:00:00Z,2025-08-30T13:00:00Z,ARR,goo,0.0
185,True,True,SUDBURY,WHITE RIVER,2025-08-30,1,Azilda,AZIL,2025-08-30T13:15:49Z,2025-08-30T13:10:00Z,ARR,med,5.0
185,True,True,SUDBURY,WHITE RIVER,2025-08-30,2,Chelmsford,CHEL,2025-08-30T13:18:42Z,2025-08-30T13:15:00Z,ARR,goo,3.0
185,True,True,SUDBURY,WHITE RIVER,2025-08-30,3,Larchwood,LARC,2025-08-30T13:24:13Z,2025-08-30T13:19:00Z,ARR,med,5.0
185,True,True,SUDBURY,WHITE RIVER,2025-08-30,4,Levack,LEVA,2025-08-30T13:34:18Z,2025-08-30T13:30:00Z,ARR,goo,4.0
185,True,True,SUDBURY,WHITE RIVER,2025-08-30,5,Cartier,CART,2025-08-30T13:46:47Z,2025-08-30T13:45:00Z,ARR,goo,1.0
185,True,True,SUDBURY,WHITE RIVER,2025-08-30,6,Benny,BENN,2025-08-30T14:06:19Z,2025-08-30T14:05:00Z,ARR,goo,1.0
185,True,True,SUDBURY,WHITE RIVER,2025-08-30,7,Stralak,STRL,2025-08-30T14:10:41Z,2025-08-30T14:12:00Z,ARR,goo,-1.0
185,True,True,SUDBURY,WHITE RIVER,2025-08-30,8,Pogamasing,POGA,2025-08-30T14:21:52Z,2025-08-30T14:25:00Z,ARR,goo,-3.0
185,True,True,SUDBURY,WHITE RIVER,2025-08-30,9,Sheahan,SHEA,2025-08-30T14:27:08Z,2025-08-30T14:30:00Z,ARR,goo,-2.0
185,True,True,SUDBURY,WHITE RIVER,2025-08-30,10,Forks,FRKS,2025-08-30T14:35:58Z,2025-08-30T14:40:00Z,ARR,goo,-4.0
185,True,True,SUDBURY,WHITE RIVER,2025-08-30,11,Metagama,MTGM,2025-08-30T14:50:00Z,2025-08-30T14:50:00Z,ARR,goo,0.0
185,True,True,SUDBURY,WHITE RIVER,2025-08-30,12,Sinker,SNKR,2025-08-30T14:55:00Z,2025-08-30T14:55:00Z,ARR,goo,0.0
185,True,True,SUDBURY,WHITE RIVER,2025-08-30,13,Biscotasing,BISC,2025-08-30T15:20:00Z,2025-08-30T15:20:00Z,ARR,goo,0.0
185,True,True,SUDBURY,WHITE RIVER,2025-08-30,14,Roberts,RBRT,2025-08-30T15:30:00Z,2025-08-30T15:30:00Z,ARR,goo,0.0
185,True,True,SUDBURY,WHITE RIVER,2025-08-30,15,Ramsey,RAMS,2025-08-30T15:45:00Z,2025-08-30T15:45:00Z,ARR,goo,0.0
185,True,True,SUDBURY,WHITE RIVER,2025-08-30,16,Woman River,WOMR,2025-08-30T16:08:09Z,2025-08-30T16:05:00Z,ARR,goo,3.0
185,True,True,SUDBURY,WHITE RIVER,2025-08-30,17,Sultan,SULT,2025-08-30T16:23:09Z,2025-08-30T16:20:00Z,ARR,goo,3.0
185,True,True,SUDBURY,WHITE RIVER,2025-08-30,18,Kormak,KORM,2025-08-30T16:38:09Z,2025-08-30T16:35:00Z,ARR,goo,3.0
185,True,True,SUDBURY,WHITE RIVER,2025-08-30,19,Kinogama,KINO,2025-08-30T16:43:09Z,2025-08-30T16:40:00Z,ARR,goo,3.0
185,True,True,SUDBURY,WHITE RIVER,2025-08-30,20,Nemegos,NEME,2025-08-30T16:58:09Z,2025-08-30T16:55:00Z,ARR,goo,3.0
185,True,True,SUDBURY,WHITE RIVER,2025-08-30,21,Devon,DEVN,2025-08-30T17:17:29Z,2025-08-30T17:05:00Z,ARR,med,12.0
185,True,True,SUDBURY,WHITE RIVER,2025-08-30,22,Chapleau,CHAP,2025-08-30T17:34:37Z,2025-08-30T17:20:00Z,ARR,med,14.0
185,True,True,SUDBURY,WHITE RIVER,2025-08-30,23,Esher,ESHR,2025-08-30T17:55:03Z,2025-08-30T17:50:00Z,ARR,med,5.0
185,True,True,SUDBURY,WHITE RIVER,2025-08-30,24,Musk,MUSK,2025-08-30T18:10:12Z,2025-08-30T18:00:00Z,ARR,med,10.0
185,True,True,SUDBURY,WHITE RIVER,2025-08-30,25,Nicholson,NICH,2025-08-30T18:16:05Z,2025-08-30T18:10:00Z,ARR,med,6.0
185,True,True,SUDBURY,WHITE RIVER,2025-08-30,26,Bolkow,BOLK,2025-08-30T18:37:48Z,2025-08-30T18:30:00Z,ARR,med,7.0
185,True,True,SUDBURY,WHITE RIVER,2025-08-30,27,Dalton,DALT,2025-08-30T18:52:48Z,2025-08-30T18:45:00Z,ARR,med,7.0
185,True,True,SUDBURY,WHITE RIVER,2025-08-30,28,Missanabie,MSBI,2025-08-30T19:21:58Z,2025-08-30T19:10:00Z,ARR,med,11.0
185,True,True,SUDBURY,WHITE RIVER,2025-08-30,29,Lochalsh,LOCH,2025-08-30T19:34:11Z,2025-08-30T19:30:00Z,ARR,goo,4.0
185,True,True,SUDBURY,WHITE RIVER,2025-08-30,30,Franz,FRNZ,2025-08-30T19:55:24Z,2025-08-30T19:50:00Z,ARR,med,5.0
185,True,True,SUDBURY,WHITE RIVER,2025-08-30,31,Swanson,SWAN,2025-08-30T20:04:34Z,2025-08-30T20:00:00Z,ARR,goo,4.0
185,True,True,SUDBURY,WHITE RIVER,2025-08-30,32,Girdwood,GIRD,2025-08-30T20:35:02Z,2025-08-30T20:25:00Z,ARR,med,10.0
185,True,True,SUDBURY,WHITE RIVER,2025-08-30,33,Amyot,AMYO,2025-08-30T20:50:42Z,2025-08-30T20:35:00Z,ARR,bad,15.0
185,True,True,SUDBURY,WHITE RIVER,2025-08-30,34,O'Brien,OBRI,2025-08-30T21:04:26Z,2025-08-30T20:50:00Z,ARR,med,14.0
185,True,True,SUDBURY,WHITE RIVER,2025-08-30,35,White River,WHTR,2025-08-30T21:19:11Z,2025-08-30T21:05:00Z,ARR,med,14.0
633,True,True,MONTRÉAL,OTTAWA,2025-08-30,0,Montréal,MTRL,2025-08-30T13:00:00Z,2025-08-30T13:00:00Z,ARR,goo,0.0
633,True,True,MONTRÉAL,OTTAWA,2025-08-30,1,Dorval,DORV,2025-08-30T13:21:28Z,2025-08-30T13:24:00Z,ARR,goo,-2.0
633,True,True,MONTRÉAL,OTTAWA,2025-08-30,2,Alexandria,ALEX,2025-08-30T14:09:11Z,2025-08-30T14:11:00Z,ARR,goo,-1.0
633,True,True,MONTRÉAL,OTTAWA,2025-08-30,3,Casselman,CSLM,2025-08-30T14:40:58Z,2025-08-30T14:34:00Z,ARR,med,6.0
633,True,True,MONTRÉAL,OTTAWA,2025-08-30,4,Ottawa,OTTW,2025-08-30T15:05:50Z,2025-08-30T15:05:00Z,ARR,goo,0.0
637,True,True,QUÉBEC,OTTAWA,2025-08-30,0,Québec,QBEC,2025-08-30T14:00:00Z,2025-08-30T14:00:00Z,ARR,goo,0.0
637,True,True,QUÉBEC,OTTAWA,2025-08-30,1,Ste-Foy,SFOY,2025-08-30T14:25:23Z,2025-08-30T14:25:00Z,ARR,goo,0.0
637,True,True,QUÉBEC,OTTAWA,2025-08-30,2,Drummondville,DRMV,2025-08-30T15:59:27Z,2025-08-30T16:08:00Z,ARR,goo,-8.0
637,True,True,QUÉBEC,OTTAWA,2025-08-30,3,St. Lambert,SLAM,2025-08-30T17:04:09Z,2025-08-30T17:16:00Z,ARR,goo,-11.0
637,True,True,QUÉBEC,OTTAWA,2025-08-30,4,Montréal,MTRL,2025-08-30T17:30:33Z,2025-08-30T17:31:00Z,ARR,goo,0.0
637,True,True,QUÉBEC,OTTAWA,2025-08-30,5,Dorval,DORV,2025-08-30T18:23:29Z,2025-08-30T18:20:00Z,ARR,goo,3.0
637,True,True,QUÉBEC,OTTAWA,2025-08-30,6,Alexandria,ALEX,2025-08-30T19:21:27Z,2025-08-30T19:10:00Z,ARR,med,11.0
637,True,True,QUÉBEC,OTTAWA,2025-08-30,7,Ottawa,OTTW,2025-08-30T20:05:38Z,2025-08-30T19:56:00Z,ARR,med,9.0
47,True,True,OTTAWA,TORONTO,2025-08-30,0,Ottawa,OTTW,2025-08-30T16:23:00Z,2025-08-30T16:23:00Z,ARR,goo,0.0
47,True,True,OTTAWA,TORONTO,2025-08-30,1,Fallowfield,FALL,2025-08-30T16:39:32Z,2025-08-30T16:40:00Z,ARR,goo,0.0
47,True,True,OTTAWA,TORONTO,2025-08-30,2,Smiths Falls,SMTF,2025-08-30T17:14:55Z,2025-08-30T17:18:00Z,ARR,goo,-3.0
47,True,True,OTTAWA,TORONTO,2025-08-30,3,Brockville,BRKV,2025-08-30T18:17:16Z,2025-08-30T17:54:00Z,ARR,bad,23.0
47,True,True,OTTAWA,TORONTO,2025-08-30,4,Gananoque,GANA,2025-08-30T18:42:52Z,2025-08-30T18:22:00Z,ARR,bad,20.0
47,True,True,OTTAWA,TORONTO,2025-08-30,5,Kingston,KGON,2025-08-30T19:02:32Z,2025-08-30T18:45:00Z,ARR,bad,17.0
47,True,True,OTTAWA,TORONTO,2025-08-30,6,Belleville,BLVL,2025-08-30T19:42:05Z,2025-08-30T19:26:00Z,ARR,bad,16.0
47,True,True,OTTAWA,TORONTO,2025-08-30,7,Oshawa,OSHA,2025-08-30T20:48:32Z,2025-08-30T20:33:00Z,ARR,bad,15.0
47,True,True,OTTAWA,TORONTO,2025-08-30,8,Guildwood,GUIL,2025-08-30T21:14:45Z,2025-08-30T20:58:00Z,ARR,bad,16.0
47,True,True,OTTAWA,TORONTO,2025-08-30,9,Toronto,TRTO,2025-08-30T21:32:59Z,2025-08-30T21:30:00Z,ARR,goo,2.0
63,True,True,MONTRÉAL,TORONTO,2025-08-30,0,Montréal,MTRL,2025-08-30T12:46:00Z,2025-08-30T12:46:00Z,ARR,goo,0.0
63,True,True,MONTRÉAL,TORONTO,2025-08-30,1,Dorval,DORV,2025-08-30T13:10:34Z,2025-08-30T13:11:00Z,ARR,goo,0.0
63,True,True,MONTRÉAL,TORONTO,2025-08-30,2,Cornwall,CWLL,2025-08-30T14:03:59Z,2025-08-30T14:04:00Z,ARR,goo,0.0
63,True,True,MONTRÉAL,TORONTO,2025-08-30,3,Brockville,BRKV,2025-08-30T14:53:09Z,2025-08-30T14:54:00Z,ARR,goo,0.0
63,True,True,MONTRÉAL,TORONTO,2025-08-30,4,Kingston,KGON,2025-08-30T15:37:19Z,2025-08-30T15:39:00Z,ARR,goo,-1.0
63,True,True,MONTRÉAL,TORONTO,2025-08-30,5,Belleville,BLVL,2025-08-30T16:17:07Z,2025-08-30T16:20:00Z,ARR,goo,-2.0
63,True,True,MONTRÉAL,TORONTO,2025-08-30,6,Cobourg,CBRG,2025-08-30T16:55:07Z,2025-08-30T16:58:00Z,ARR,goo,-2.0
63,True,True,MONTRÉAL,TORONTO,2025-08-30,7,Oshawa,OSHA,2025-08-30T17:30:45Z,2025-08-30T17:34:00Z,ARR,goo,-3.0
63,True,True,MONTRÉAL,TORONTO,2025-08-30,8,Guildwood,GUIL,2025-08-30T17:51:09Z,2025-08-30T17:58:00Z,ARR,goo,-6.0
63,True,True,MONTRÉAL,TORONTO,2025-08-30,9,Toronto,TRTO,2025-08-30T18:26:48Z,2025-08-30T18:18:00Z,ARR,med,8.0
40,True,True,TORONTO,OTTAWA,2025-08-30,0,Toronto,TRTO,2025-08-30T14:38:00Z,2025-08-30T14:38:00Z,ARR,goo,0.0
40,True,True,TORONTO,OTTAWA,2025-08-30,1,Belleville,BLVL,2025-08-30T16:17:00Z,2025-08-30T16:09:00Z,ARR,med,8.0
40,True,True,TORONTO,OTTAWA,2025-08-30,2,Kingston,KGON,2025-08-30T16:54:28Z,2025-08-30T16:48:00Z,ARR,med,6.0
40,True,True,TORONTO,OTTAWA,2025-08-30,3,Fallowfield,FALL,2025-08-30T18:30:58Z,2025-08-30T18:38:00Z,ARR,goo,-7.0
40,True,True,TORONTO,OTTAWA,2025-08-30,4,Ottawa,OTTW,2025-08-30T18:50:33Z,2025-08-30T19:02:00Z,ARR,goo,-11.0
624,True,True,OTTAWA,QUÉBEC,2025-08-30,0,Ottawa,OTTW,2025-08-30T11:45:00Z,2025-08-30T11:45:00Z,ARR,goo,0.0
624,True,True,OTTAWA,QUÉBEC,2025-08-30,1,Alexandria,ALEX,2025-08-30T12:27:40Z,2025-08-30T12:31:00Z,ARR,goo,-3.0
624,True,True,OTTAWA,QUÉBEC,2025-08-30,2,Dorval,DORV,2025-08-30T13:24:14Z,2025-08-30T13:16:00Z,ARR,med,8.0
624,True,True,OTTAWA,QUÉBEC,2025-08-30,3,Montréal,MTRL,2025-08-30T13:46:47Z,2025-08-30T13:39:00Z,ARR,med,7.0
624,True,True,OTTAWA,QUÉBEC,2025-08-30,4,St. Lambert,SLAM,2025-08-30T14:30:04Z,2025-08-30T14:28:00Z,ARR,goo,2.0
624,True,True,OTTAWA,QUÉBEC,2025-08-30,5,St. Hyacinthe,SHYA,2025-08-30T15:10:34Z,2025-08-30T15:06:00Z,ARR,goo,4.0
624,True,True,OTTAWA,QUÉBEC,2025-08-30,6,Drummondville,DRMV,2025-08-30T15:41:18Z,2025-08-30T15:34:00Z,ARR,med,7.0
624,True,True,OTTAWA,QUÉBEC,2025-08-30,7,Charny,CHNY,2025-08-30T17:25:17Z,2025-08-30T17:13:00Z,ARR,med,12.0
624,True,True,OTTAWA,QUÉBEC,2025-08-30,8,Ste-Foy,SFOY,2025-08-30T17:31:42Z,2025-08-30T17:20:00Z,ARR,med,11.0
624,True,True,OTTAWA,QUÉBEC,2025-08-30,9,Québec,QBEC,2025-08-30T18:00:54Z,2025-08-30T17:48:00Z,ARR,med,12.0
35,True,True,QUÉBEC,OTTAWA,2025-08-30,0,Québec,QBEC,2025-08-30T12:06:00Z,2025-08-30T12:06:00Z,ARR,goo,0.0
35,True,True,QUÉBEC,OTTAWA,2025-08-30,1,Ste-Foy,SFOY,2025-08-30T12:31:26Z,2025-08-30T12:31:00Z,ARR,goo,0.0
35,True,True,QUÉBEC,OTTAWA,2025-08-30,2,Charny,CHNY,2025-08-30T12:42:22Z,2025-08-30T12:40:00Z,ARR,goo,2.0
35,True,True,QUÉBEC,OTTAWA,2025-08-30,3,Drummondville,DRMV,2025-08-30T14:07:54Z,2025-08-30T14:14:00Z,ARR,goo,-6.0
35,True,True,QUÉBEC,OTTAWA,2025-08-30,4,St. Hyacinthe,SHYA,2025-08-30T14:42:53Z,2025-08-30T14:44:00Z,ARR,goo,-1.0
35,True,True,QUÉBEC,OTTAWA,2025-08-30,5,St. Lambert,SLAM,2025-08-30T15:15:23Z,2025-08-30T15:11:00Z,ARR,goo,4.0
35,True,True,QUÉBEC,OTTAWA,2025-08-30,6,Montréal,MTRL,2025-08-30T15:32:57Z,2025-08-30T15:26:00Z,ARR,med,6.0
35,True,True,QUÉBEC,OTTAWA,2025-08-30,7,Dorval,DORV,2025-08-30T16:24:45Z,2025-08-30T16:18:00Z,ARR,med,6.0
35,True,True,QUÉBEC,OTTAWA,2025-08-30,8,Coteau,COTO,2025-08-30T16:53:47Z,2025-08-30T16:46:00Z,ARR,med,7.0
35,True,True,QUÉBEC,OTTAWA,2025-08-30,9,Alexandria,ALEX,2025-08-30T17:14:56Z,2025-08-30T17:08:00Z,ARR,med,6.0
35,True,True,QUÉBEC,OTTAWA,2025-08-30,10,Casselman,CSLM,2025-08-30T17:37:44Z,2025-08-30T17:31:00Z,ARR,med,6.0
35,True,True,QUÉBEC,OTTAWA,2025-08-30,11,Ottawa,OTTW,2025-08-30T18:04:14Z,2025-08-30T17:58:00Z,ARR,med,6.0
26,True,True,OTTAWA,QUÉBEC,2025-08-30,0,Ottawa,OTTW,2025-08-30T18:17:00Z,2025-08-30T18:17:00Z,ARR,goo,0.0
26,True,True,OTTAWA,QUÉBEC,2025-08-30,1,Alexandria,ALEX,2025-08-30T19:01:34Z,2025-08-30T19:03:00Z,ARR,goo,-1.0
26,True,True,OTTAWA,QUÉBEC,2025-08-30,2,Coteau,COTO,2025-08-30T19:23:58Z,2025-08-30T19:26:00Z,ARR,goo,-2.0
26,True,True,OTTAWA,QUÉBEC,2025-08-30,3,Dorval,DORV,2025-08-30T19:47:51Z,2025-08-30T19:49:00Z,ARR,goo,-1.0
26,True,True,OTTAWA,QUÉBEC,2025-08-30,4,Montréal,MTRL,2025-08-30T20:13:05Z,2025-08-30T20:15:00Z,ARR,goo,-1.0
26,True,True,OTTAWA,QUÉBEC,2025-08-30,5,St. Lambert,SLAM,2025-08-30T20:55:53Z,2025-08-30T20:53:00Z,ARR,goo,2.0
26,True,True,OTTAWA,QUÉBEC,2025-08-30,6,St. Hyacinthe,SHYA,2025-08-30T21:23:57Z,2025-08-30T21:20:00Z,ARR,goo,3.0
26,True,True,OTTAWA,QUÉBEC,2025-08-30,7,Drummondville,DRMV,2025-08-30T21:57:47Z,2025-08-30T22:05:00Z,ARR,goo,-7.0
26,True,True,OTTAWA,QUÉBEC,2025-08-30,8,Charny,CHNY,2025-08-30T23:27:43Z,2025-08-30T23:44:00Z,ARR,goo,-16.0
26,True,True,OTTAWA,QUÉBEC,2025-08-30,9,Ste-Foy,SFOY,2025-08-30T23:35:51Z,2025-08-30T23:52:00Z,ARR,goo,-16.0
26,True,True,OTTAWA,QUÉBEC,2025-08-30,10,Québec,QBEC,2025-08-31T00:05:47Z,2025-08-31T00:19:00Z,ARR,goo,-13.0
39,True,True,QUÉBEC,OTTAWA,2025-08-30,0,Québec,QBEC,2025-08-30T18:57:00Z,2025-08-30T18:57:00Z,ARR,goo,0.0
39,True,True,QUÉBEC,OTTAWA,2025-08-30,1,Ste-Foy,SFOY,2025-08-30T19:23:10Z,2025-08-30T19:22:00Z,ARR,goo,1.0
39,True,True,QUÉBEC,OTTAWA,2025-08-30,2,Drummondville,DRMV,2025-08-30T20:55:33Z,2025-08-30T20:58:00Z,ARR,goo,-2.0
39,True,True,QUÉBEC,OTTAWA,2025-08-30,3,St. Lambert,SLAM,2025-08-30T21:54:23Z,2025-08-30T21:57:00Z,ARR,goo,-2.0
39,True,True,QUÉBEC,OTTAWA,2025-08-30,4,Montréal,MTRL,2025-08-30T22:14:20Z,2025-08-30T22:11:00Z,ARR,goo,3.0
39,True,True,QUÉBEC,OTTAWA,2025-08-30,5,Dorval,DORV,2025-08-30T23:13:46Z,2025-08-30T23:14:00Z,ARR,goo,0.0
39,True,True,QUÉBEC,OTTAWA,2025-08-30,6,Coteau,COTO,2025-08-30T23:44:29Z,2025-08-30T23:43:00Z,ARR,goo,1.0
39,True,True,QUÉBEC,OTTAWA,2025-08-30,7,Alexandria,ALEX,2025-08-31T00:05:02Z,2025-08-31T00:06:00Z,ARR,goo,0.0
39,True,True,QUÉBEC,OTTAWA,2025-08-30,8,Ottawa,OTTW,2025-08-31T00:47:48Z,2025-08-31T00:51:00Z,ARR,goo,-3.0
66,True,True,TORONTO,MONTRÉAL,2025-08-30,0,Toronto,TRTO,2025-08-30T19:23:00Z,2025-08-30T19:23:00Z,ARR,goo,0.0
66,True,True,TORONTO,MONTRÉAL,2025-08-30,1,Guildwood,GUIL,2025-08-30T19:42:34Z,2025-08-30T19:40:00Z,ARR,goo,2.0
66,True,True,TORONTO,MONTRÉAL,2025-08-30,2,Oshawa,OSHA,2025-08-30T19:59:43Z,2025-08-30T19:54:00Z,ARR,med,5.0
66,True,True,TORONTO,MONTRÉAL,2025-08-30,3,Belleville,BLVL,2025-08-30T21:08:46Z,2025-08-30T21:00:00Z,ARR,med,8.0
66,True,True,TORONTO,MONTRÉAL,2025-08-30,4,Kingston,KGON,2025-08-30T21:53:05Z,2025-08-30T21:40:00Z,ARR,med,13.0
66,True,True,TORONTO,MONTRÉAL,2025-08-30,5,Cornwall,CWLL,2025-08-30T23:13:15Z,2025-08-30T23:07:00Z,ARR,med,6.0
66,True,True,TORONTO,MONTRÉAL,2025-08-30,6,Dorval,DORV,2025-08-30T23:58:44Z,2025-08-30T23:58:00Z,ARR,goo,0.0
66,True,True,TORONTO,MONTRÉAL,2025-08-30,7,Montréal,MTRL,2025-08-31T00:25:12Z,2025-08-31T00:25:00Z,ARR,goo,0.0
46,True,True,TORONTO,OTTAWA,2025-08-30,0,Toronto,TRTO,2025-08-30T19:38:00Z,2025-08-30T19:38:00Z,ARR,goo,0.0
46,True,True,TORONTO,OTTAWA,2025-08-30,1,Oshawa,OSHA,2025-08-30T20:20:48Z,2025-08-30T20:09:00Z,ARR,med,11.0
46,True,True,TORONTO,OTTAWA,2025-08-30,2,Cobourg,CBRG,2025-08-30T20:58:47Z,2025-08-30T20:43:00Z,ARR,bad,15.0
46,True,True,TORONTO,OTTAWA,2025-08-30,3,Kingston,KGON,2025-08-30T22:27:36Z,2025-08-30T21:54:00Z,ARR,bad,33.0
46,True,True,TORONTO,OTTAWA,2025-08-30,4,Brockville,BRKV,2025-08-30T23:18:10Z,2025-08-30T22:40:00Z,ARR,bad,38.0
46,True,True,TORONTO,OTTAWA,2025-08-30,5,Fallowfield,FALL,2025-08-31T00:19:33Z,2025-08-30T23:40:00Z,ARR,bad,39.0
46,True,True,TORONTO,OTTAWA,2025-08-30,6,Ottawa,OTTW,2025-08-31T00:41:36Z,2025-08-31T00:00:00Z,ARR,bad,41.0
28,True,True,OTTAWA,QUÉBEC,2025-08-30,0,Ottawa,OTTW,2025-08-30T20:05:00Z,2025-08-30T20:05:00Z,ARR,goo,0.0
28,True,True,OTTAWA,QUÉBEC,2025-08-30,1,Casselman,CSLM,2025-08-30T20:31:25Z,2025-08-30T20:31:00Z,ARR,goo,0.0
28,True,True,OTTAWA,QUÉBEC,2025-08-30,2,Alexandria,ALEX,2025-08-30T20:54:00Z,2025-08-30T20:53:00Z,ARR,goo,1.0
28,True,True,OTTAWA,QUÉBEC,2025-08-30,3,Coteau,COTO,2025-08-30T21:14:44Z,2025-08-30T21:15:00Z,ARR,goo,0.0
28,True,True,OTTAWA,QUÉBEC,2025-08-30,4,Dorval,DORV,2025-08-30T21:42:23Z,2025-08-30T21:38:00Z,ARR,goo,4.0
28,True,True,OTTAWA,QUÉBEC,2025-08-30,5,Montréal,MTRL,2025-08-30T22:09:08Z,2025-08-30T22:04:00Z,ARR,med,5.0
28,True,True,OTTAWA,QUÉBEC,2025-08-30,6,St. Lambert,SLAM,2025-08-30T22:53:56Z,2025-08-30T22:38:00Z,ARR,bad,15.0
28,True,True,OTTAWA,QUÉBEC,2025-08-30,7,St. Hyacinthe,SHYA,2025-08-30T23:22:04Z,2025-08-30T23:06:00Z,ARR,bad,16.0
28,True,True,OTTAWA,QUÉBEC,2025-08-30,8,Drummondville,DRMV,2025-08-30T23:54:31Z,2025-08-30T23:52:00Z,ARR,goo,2.0
28,True,True,OTTAWA,QUÉBEC,2025-08-30,9,Charny,CHNY,2025-08-31T01:20:08Z,2025-08-31T01:14:00Z,ARR,med,6.0
28,True,True,OTTAWA,QUÉBEC,2025-08-30,10,Ste-Foy,SFOY,2025-08-31T01:27:32Z,2025-08-31T01:21:00Z,ARR,med,6.0
28,True,True,OTTAWA,QUÉBEC,2025-08-30,11,Québec,QBEC,2025-08-31T01:55:56Z,2025-08-31T01:48:00Z,ARR,med,7.0
69,True,True,MONTRÉAL,TORONTO,2025-08-30,0,Montréal,MTRL,2025-08-30T20:38:00Z,2025-08-30T20:38:00Z,ARR,goo,0.0
69,True,True,MONTRÉAL,TORONTO,2025-08-30,1,Dorval,DORV,2025-08-30T21:05:31Z,2025-08-30T21:04:00Z,ARR,goo,1.0
69,True,True,MONTRÉAL,TORONTO,2025-08-30,2,Cornwall,CWLL,2025-08-30T21:59:40Z,2025-08-30T21:53:00Z,ARR,med,6.0
69,True,True,MONTRÉAL,TORONTO,2025-08-30,3,Brockville,BRKV,2025-08-30T22:43:18Z,2025-08-30T22:40:00Z,ARR,goo,3.0
69,True,True,MONTRÉAL,TORONTO,2025-08-30,4,Kingston,KGON,2025-08-30T23:30:48Z,2025-08-30T23:24:00Z,ARR,med,6.0
69,True,True,MONTRÉAL,TORONTO,2025-08-30,5,Oshawa,OSHA,2025-08-31T01:18:41Z,2025-08-31T01:05:00Z,ARR,med,13.0
69,True,True,MONTRÉAL,TORONTO,2025-08-30,6,Guildwood,GUIL,2025-08-31T01:40:14Z,2025-08-31T01:28:00Z,ARR,med,12.0
69,True,True,MONTRÉAL,TORONTO,2025-08-30,7,Toronto,TRTO,2025-08-31T02:02:36Z,2025-08-31T01:48:00Z,ARR,med,14.0
68,True,True,TORONTO,MONTRÉAL,2025-08-30,0,Toronto,TRTO,2025-08-30T21:09:43Z,2025-08-30T21:08:00Z,ARR,goo,1.0
68,True,True,TORONTO,MONTRÉAL,2025-08-30,1,Oshawa,OSHA,2025-08-30T21:55:55Z,2025-08-30T21:39:00Z,ARR,bad,16.0
68,True,True,TORONTO,MONTRÉAL,2025-08-30,2,Cobourg,CBRG,2025-08-30T22:32:31Z,2025-08-30T22:14:00Z,ARR,bad,18.0
68,True,True,TORONTO,MONTRÉAL,2025-08-30,3,Belleville,BLVL,2025-08-30T23:06:38Z,2025-08-30T22:49:00Z,ARR,bad,17.0
68,True,True,TORONTO,MONTRÉAL,2025-08-30,4,Kingston,KGON,2025-08-30T23:45:28Z,2025-08-30T23:26:00Z,ARR,bad,19.0
68,True,True,TORONTO,MONTRÉAL,2025-08-30,5,Brockville,BRKV,2025-08-31T00:33:26Z,2025-08-31T00:11:00Z,ARR,bad,22.0
68,True,True,TORONTO,MONTRÉAL,2025-08-30,6,Cornwall,CWLL,2025-08-31T01:23:37Z,2025-08-31T00:57:00Z,ARR,bad,26.0
68,True,True,TORONTO,MONTRÉAL,2025-08-30,7,Dorval,DORV,2025-08-31T02:16:34Z,2025-08-31T01:47:00Z,ARR,bad,29.0
68,True,True,TORONTO,MONTRÉAL,2025-08-30,8,Montréal,MTRL,2025-08-31T02:42:27Z,2025-08-31T02:14:00Z,ARR,bad,28.0
54,True,True,TORONTO,OTTAWA,2025-08-30,0,Toronto,TRTO,2025-08-30T21:38:27Z,2025-08-30T21:38:00Z,ARR,goo,0.0
54,True,True,TORONTO,OTTAWA,2025-08-30,1,Guildwood,GUIL,2025-08-30T21:56:27Z,2025-08-30T21:55:00Z,ARR,goo,1.0
54,True,True,TORONTO,OTTAWA,2025-08-30,2,Oshawa,OSHA,2025-08-30T22:15:42Z,2025-08-30T22:08:00Z,ARR,med,7.0
54,True,True,TORONTO,OTTAWA,2025-08-30,3,Port Hope,PHOP,2025-08-30T22:48:54Z,2025-08-30T22:37:00Z,ARR,med,11.0
54,True,True,TORONTO,OTTAWA,2025-08-30,4,Cobourg,CBRG,2025-08-30T22:59:28Z,2025-08-30T22:46:00Z,ARR,med,13.0
54,True,True,TORONTO,OTTAWA,2025-08-30,5,Trenton Jct.,TRNJ,2025-08-30T23:28:30Z,2025-08-30T23:13:01Z,ARR,bad,15.0
54,True,True,TORONTO,OTTAWA,2025-08-30,6,Belleville,BLVL,2025-08-30T23:43:20Z,2025-08-30T23:27:00Z,ARR,bad,16.0
54,True,True,TORONTO,OTTAWA,2025-08-30,7,Napanee,NAPN,2025-08-31T00:05:01Z,2025-08-30T23:48:00Z,ARR,bad,17.0
54,True,True,TORONTO,OTTAWA,2025-08-30,8,Kingston,KGON,2025-08-31T00:27:45Z,2025-08-31T00:09:00Z,ARR,bad,18.0
54,True,True,TORONTO,OTTAWA,2025-08-30,9,Brockville,BRKV,2025-08-31T01:17:45Z,2025-08-31T00:54:00Z,ARR,bad,23.0
54,True,True,TORONTO,OTTAWA,2025-08-30,10,Smiths Falls,SMTF,2025-08-31T02:15:53Z,2025-08-31T01:25:00Z,ARR,bad,50.0
54,True,True,TORONTO,OTTAWA,2025-08-30,11,Fallowfield,FALL,2025-08-31T02:44:48Z,2025-08-31T01:52:00Z,ARR,bad,52.0
54,True,True,TORONTO,OTTAWA,2025-08-30,12,Ottawa,OTTW,2025-08-31T03:08:15Z,2025-08-31T02:13:00Z,ARR,bad,55.0
75,True,True,TORONTO,WINDSOR,2025-08-30,0,Toronto,TRTO,2025-08-30T21:22:00Z,2025-08-30T21:22:00Z,ARR,goo,0.0
75,True,True,TORONTO,WINDSOR,2025-08-30,1,Oakville,OAKV,2025-08-30T21:54:19Z,2025-08-30T21:45:00Z,ARR,med,9.0
75,True,True,TORONTO,WINDSOR,2025-08-30,2,Aldershot,ALDR,2025-08-30T22:14:25Z,2025-08-30T22:01:00Z,ARR,med,13.0
75,True,True,TORONTO,WINDSOR,2025-08-30,3,Brantford,BRTF,2025-08-30T22:46:52Z,2025-08-30T22:33:00Z,ARR,med,13.0
75,True,True,TORONTO,WINDSOR,2025-08-30,4,Woodstock,WDST,2025-08-30T23:20:51Z,2025-08-30T23:04:00Z,ARR,bad,16.0
75,True,True,TORONTO,WINDSOR,2025-08-30,5,Ingersoll,INGR,2025-08-30T23:33:20Z,2025-08-30T23:19:00Z,ARR,med,14.0
75,True,True,TORONTO,WINDSOR,2025-08-30,6,London,LNDN,2025-08-30T23:55:45Z,2025-08-30T23:47:00Z,ARR,med,8.0
75,True,True,TORONTO,WINDSOR,2025-08-30,7,Glencoe,GLNC,2025-08-31T00:32:22Z,2025-08-31T00:21:00Z,ARR,med,11.0
75,True,True,TORONTO,WINDSOR,2025-08-30,8,Chatham,CHAT,2025-08-31T01:15:51Z,2025-08-31T00:55:00Z,ARR,bad,20.0
75,True,True,TORONTO,WINDSOR,2025-08-30,9,Windsor,WDON,2025-08-31T02:02:04Z,2025-08-31T01:50:00Z,ARR,med,12.0
98,True,True,NIAGARA FALLS,TORONTO,2025-08-30,0,Niagara Falls,NIAG,2025-08-30T21:53:00Z,2025-08-30T21:45:00Z,ARR,med,8.0
98,True,True,NIAGARA FALLS,TORONTO,2025-08-30,1,St. Catharines,SCAT,2025-08-30T22:14:00Z,2025-08-30T22:06:00Z,ARR,med,8.0
98,True,True,NIAGARA FALLS,TORONTO,2025-08-30,2,Grimsby,GRIM,2025-08-30T22:34:00Z,2025-08-30T22:26:00Z,ARR,med,8.0
98,True,True,NIAGARA FALLS,TORONTO,2025-08-30,3,Aldershot,ALDR,2025-08-30T23:10:00Z,2025-08-30T23:02:00Z,ARR,med,8.0
98,True,True,NIAGARA FALLS,TORONTO,2025-08-30,4,Oakville,OAKV,2025-08-30T23:24:00Z,2025-08-30T23:16:00Z,ARR,med,8.0
98,True,True,NIAGARA FALLS,TORONTO,2025-08-30,5,Toronto,TRTO,2025-08-30T23:49:00Z,2025-08-30T23:43:00Z,ARR,med,6.0
87,True,True,TORONTO,SARNIA,2025-08-30,0,Toronto,TRTO,2025-08-30T21:40:00Z,2025-08-30T21:40:00Z,ARR,goo,0.0
87,True,True,TORONTO,SARNIA,2025-08-30,1,Malton,MALT,2025-08-30T21:59:20Z,2025-08-30T22:00:00Z,ARR,goo,0.0
87,True,True,TORONTO,SARNIA,2025-08-30,2,Brampton,BRMP,2025-08-30T22:09:31Z,2025-08-30T22:12:00Z,ARR,goo,-2.0
87,True,True,TORONTO,SARNIA,2025-08-30,3,Georgetown,GEOR,2025-08-30T22:25:14Z,2025-08-30T22:24:00Z,ARR,goo,1.0
87,True,True,TORONTO,SARNIA,2025-08-30,4,Guelph,GUEL,2025-08-30T22:47:51Z,2025-08-30T22:49:00Z,ARR,goo,-1.0
87,True,True,TORONTO,SARNIA,2025-08-30,5,Kitchener,KITC,2025-08-30T23:11:32Z,2025-08-30T23:16:00Z,ARR,goo,-4.0
87,True,True,TORONTO,SARNIA,2025-08-30,6,Stratford,STRF,2025-08-31T00:04:54Z,2025-08-30T23:57:00Z,ARR,med,7.0
87,True,True,TORONTO,SARNIA,2025-08-30,7,St.Marys,SMYS,2025-08-31T00:36:30Z,2025-08-31T00:25:00Z,ARR,med,11.0
87,True,True,TORONTO,SARNIA,2025-08-30,8,London,LNDN,2025-08-31T01:27:34Z,2025-08-31T01:13:00Z,ARR,med,14.0
87,True,True,TORONTO,SARNIA,2025-08-30,9,Strathroy,STRR,2025-08-31T01:53:21Z,2025-08-31T01:39:00Z,ARR,med,14.0
87,True,True,TORONTO,SARNIA,2025-08-30,10,Wyoming,WYOM,2025-08-31T02:18:40Z,2025-08-31T02:07:00Z,ARR,med,11.0
87,True,True,TORONTO,SARNIA,2025-08-30,11,Sarnia,SARN,2025-08-31T02:37:40Z,2025-08-31T02:24:00Z,ARR,med,13.0
29,True,True,QUÉBEC,MONTRÉAL,2025-08-30,0,Québec,QBEC,2025-08-30T21:41:00Z,2025-08-30T21:41:00Z,ARR,goo,0.0
29,True,True,QUÉBEC,MONTRÉAL,2025-08-30,1,Ste-Foy,SFOY,2025-08-30T22:07:18Z,2025-08-30T22:06:00Z,ARR,goo,1.0
29,True,True,QUÉBEC,MONTRÉAL,2025-08-30,2,Drummondville,DRMV,2025-08-30T23:47:35Z,2025-08-30T23:42:00Z,ARR,med,5.0
29,True,True,QUÉBEC,MONTRÉAL,2025-08-30,3,St. Hyacinthe,SHYA,2025-08-31T00:15:52Z,2025-08-31T00:18:00Z,ARR,goo,-2.0
29,True,True,QUÉBEC,MONTRÉAL,2025-08-30,4,St. Lambert,SLAM,2025-08-31T00:44:47Z,2025-08-31T00:45:00Z,ARR,goo,0.0
29,True,True,QUÉBEC,MONTRÉAL,2025-08-30,5,Montréal,MTRL,2025-08-31T00:58:37Z,2025-08-31T01:00:00Z,ARR,goo,-1.0
59,True,True,OTTAWA,TORONTO,2025-08-30,0,Ottawa,OTTW,2025-08-30T22:03:00Z,2025-08-30T22:03:00Z,ARR,goo,0.0
59,True,True,OTTAWA,TORONTO,2025-08-30,1,Fallowfield,FALL,2025-08-30T22:20:53Z,2025-08-30T22:20:00Z,ARR,goo,0.0
59,True,True,OTTAWA,TORONTO,2025-08-30,2,Smiths Falls,SMTF,2025-08-30T22:49:52Z,2025-08-30T22:51:00Z,ARR,goo,-1.0
59,True,True,OTTAWA,TORONTO,2025-08-30,3,Brockville,BRKV,2025-08-30T23:30:33Z,2025-08-30T23:25:00Z,ARR,med,5.0
59,True,True,OTTAWA,TORONTO,2025-08-30,4,Kingston,KGON,2025-08-31T00:11:26Z,2025-08-31T00:10:00Z,ARR,goo,1.0
59,True,True,OTTAWA,TORONTO,2025-08-30,5,Belleville,BLVL,2025-08-31T00:53:19Z,2025-08-31T00:51:00Z,ARR,goo,2.0
59,True,True,OTTAWA,TORONTO,2025-08-30,6,Trenton Jct.,TRNJ,2025-08-31T01:06:13Z,2025-08-31T01:05:00Z,ARR,goo,1.0
59,True,True,OTTAWA,TORONTO,2025-08-30,7,Cobourg,CBRG,2025-08-31T01:34:11Z,2025-08-31T01:31:00Z,ARR,goo,3.0
59,True,True,OTTAWA,TORONTO,2025-08-30,8,Oshawa,OSHA,2025-08-31T02:11:18Z,2025-08-31T02:05:00Z,ARR,med,6.0
59,True,True,OTTAWA,TORONTO,2025-08-30,9,Guildwood,GUIL,2025-08-31T02:30:46Z,2025-08-31T02:28:00Z,ARR,goo,2.0
59,True,True,OTTAWA,TORONTO,2025-08-30,10,Toronto,TRTO,2025-08-31T02:48:36Z,2025-08-31T02:48:00Z,ARR,goo,0.0
78,True,True,WINDSOR,TORONTO,2025-08-30,0,Windsor,WDON,2025-08-30T21:40:00Z,2025-08-30T21:40:00Z,ARR,goo,0.0
78,True,True,WINDSOR,TORONTO,2025-08-30,1,Chatham,CHAT,2025-08-30T22:22:56Z,2025-08-30T22:24:00Z,ARR,goo,-1.0
78,True,True,WINDSOR,TORONTO,2025-08-30,2,Glencoe,GLNC,2025-08-30T23:09:12Z,2025-08-30T22:59:00Z,ARR,med,10.0
78,True,True,WINDSOR,TORONTO,2025-08-30,3,London,LNDN,2025-08-30T23:39:21Z,2025-08-30T23:32:00Z,ARR,med,7.0
78,True,True,WINDSOR,TORONTO,2025-08-30,4,Ingersoll,INGR,2025-08-31T00:06:01Z,2025-08-30T23:57:00Z,ARR,med,9.0
78,True,True,WINDSOR,TORONTO,2025-08-30,5,Woodstock,WDST,2025-08-31T00:14:31Z,2025-08-31T00:08:00Z,ARR,med,6.0
78,True,True,WINDSOR,TORONTO,2025-08-30,6,Brantford,BRTF,2025-08-31T00:43:45Z,2025-08-31T00:39:00Z,ARR,goo,4.0
78,True,True,WINDSOR,TORONTO,2025-08-30,7,Aldershot,ALDR,2025-08-31T01:19:49Z,2025-08-31T01:09:00Z,ARR,med,10.0
78,True,True,WINDSOR,TORONTO,2025-08-30,8,Oakville,OAKV,2025-08-31T01:35:55Z,2025-08-31T01:24:00Z,ARR,med,11.0
78,True,True,WINDSOR,TORONTO,2025-08-30,9,Toronto,TRTO,2025-08-31T02:07:16Z,2025-08-31T01:50:00Z,ARR,bad,17.0
38,True,True,OTTAWA,MONTRÉAL,2025-08-30,0,Ottawa,OTTW,2025-08-30T21:55:00Z,2025-08-30T21:55:00Z,ARR,goo,0.0
38,True,True,OTTAWA,MONTRÉAL,2025-08-30,1,Casselman,CSLM,2025-08-30T22:21:10Z,2025-08-30T22:26:00Z,ARR,goo,-4.0
38,True,True,OTTAWA,MONTRÉAL,2025-08-30,2,Alexandria,ALEX,2025-08-30T22:43:11Z,2025-08-30T22:49:00Z,ARR,goo,-5.0
38,True,True,OTTAWA,MONTRÉAL,2025-08-30,3,Dorval,DORV,2025-08-30T23:30:49Z,2025-08-30T23:33:00Z,ARR,goo,-2.0
38,True,True,OTTAWA,MONTRÉAL,2025-08-30,4,Montréal,MTRL,2025-08-30T23:55:21Z,2025-08-30T23:57:00Z,ARR,goo,-1.0
79,True,False,TORONTO,WINDSOR,2025-08-30,0,Toronto,TRTO,2025-08-31T00:07:00Z,2025-08-30T23:45:00Z,ARR,bad,22.0
79,True,False,TORONTO,WINDSOR,2025-08-30,1,Oakville,OAKV,2025-08-31T00:32:09Z,2025-08-31T00:07:00Z,ARR,bad,25.0
79,True,False,TORONTO,WINDSOR,2025-08-30,2,Aldershot,ALDR,2025-08-31T01:07:15Z,2025-08-31T00:22:00Z,ARR,bad,45.0
79,True,False,TORONTO,WINDSOR,2025-08-30,3,Brantford,BRTF,2025-08-31T01:38:32Z,2025-08-31T00:50:00Z,ARR,bad,48.0
79,True,False,TORONTO,WINDSOR,2025-08-30,4,Woodstock,WDST,2025-08-31T02:09:55Z,2025-08-31T01:17:00Z,ARR,bad,52.0
79,True,False,TORONTO,WINDSOR,2025-08-30,5,Ingersoll,INGR,2025-08-31T02:21:36Z,2025-08-31T01:30:00Z,ARR,bad,51.0
79,True,False,TORONTO,WINDSOR,2025-08-30,6,London,LNDN,2025-08-31T02:44:24Z,2025-08-31T01:52:00Z,ARR,bad,52.0
79,True,False,TORONTO,WINDSOR,2025-08-30,7,Glencoe,GLNC,2025-08-31T03:18:30Z,2025-08-31T02:25:00Z,ARR,bad,53.0
79,True,False,TORONTO,WINDSOR,2025-08-30,8,Chatham,CHAT,2025-08-31T03:56:15Z,2025-08-31T02:57:00Z,< 1 min,bad,59.0
79,True,False,TORONTO,WINDSOR,2025-08-30,9,Windsor,WDON,2025-08-31T04:43:15Z,2025-08-31T03:44:00Z,47 mins,bad,59.0
