train_id,departed,arrived,from,to,instance,stop_id,station,code,estimated,scheduled,eta,diff,diffMin
2 (08-29),True,True,VANCOUVER,TORONTO,2025-08-29,0,Vancouver,VCVR,2025-08-29T22:00:00Z,2025-08-29T22:00:00Z,ARR,goo,0.0
2 (08-29),True,True,VANCOUVER,TORONTO,2025-08-29,1,Mission Harbour,MSNH,2025-08-30T00:36:45Z,2025-08-29T23:35:00Z,ARR,bad,61.0
2 (08-29),True,True,VANCOUVER,TORONTO,2025-08-29,2,Agassiz,AGAS,2025-08-30T01:18:33Z,2025-08-30T00:03:00Z,ARR,bad,75.0
2 (08-29),True,True,VANCOUVER,TORONTO,2025-08-29,3,Katz,KATZ,2025-08-30T01:40:33Z,2025-08-30T00:17:00Z,ARR,bad,83.0
2 (08-29),True,True,VANCOUVER,TORONTO,2025-08-29,4,North Bend,NBND,2025-08-30T03:30:20Z,2025-08-30T02:46:00Z,ARR,bad,44.0
2 (08-29),True,True,VANCOUVER,TORONTO,2025-08-29,5,Ashcroft,ASHN,2025-08-30T05:53:35Z,2025-08-30T05:32:00Z,ARR,bad,21.0
2 (08-29),True,True,VANCOUVER,TORONTO,2025-08-29,6,Kamloops North,KAMN,2025-08-30T07:45:17Z,2025-08-30T07:17:00Z,ARR,bad,28.0
2 (08-29),True,True,VANCOUVER,TORONTO,2025-08-29,7,Clearwater,CLWT,2025-08-30T10:10:42Z,2025-08-30T09:58:00Z,ARR,med,12.0
2 (08-29),True,True,VANCOUVER,TORONTO,2025-08-29,8,Blue River,BLUE,2025-08-30T12:06:43Z,2025-08-30T12:11:00Z,ARR,goo,-4.0
2 (08-29),True,True,VANCOUVER,TORONTO,2025-08-29,9,Valemount,VLMT,2025-08-30T13:56:14Z,2025-08-30T14:01:00Z,ARR,goo,-4.0
2 (08-29),True,True,VANCOUVER,TORONTO,2025-08-29,10,Jasper,JASP,2025-08-30T18:32:24Z,2025-08-30T17:00:00Z,ARR,bad,92.0
2 (08-29),True,True,VANCOUVER,TORONTO,2025-08-29,11,Hinton,HINT,2025-08-30T22:39:18Z,2025-08-30T19:45:00Z,ARR,bad,174.0
2 (08-29),True,True,VANCOUVER,TORONTO,2025-08-29,12,Edson,EDSN,2025-08-31T00:13:16Z,2025-08-30T21:19:00Z,ARR,bad,174.0
2 (08-29),True,True,VANCOUVER,TORONTO,2025-08-29,13,Evansburg,EVAN,2025-08-31T01:26:06Z,2025-08-30T22:28:00Z,ARR,bad,178.0
2 (08-29),True,True,VANCOUVER,TORONTO,2025-08-29,14,Edmonton,EDMO,2025-08-31T03:43:43Z,2025-08-31T00:50:00Z,ARR,bad,173.0
2 (08-29),True,True,VANCOUVER,TORONTO,2025-08-29,15,Viking,VKNG,2025-08-31T07:25:51Z,2025-08-31T03:53:00Z,ARR,bad,212.0
2 (08-29),True,True,VANCOUVER,TORONTO,2025-08-29,16,Wainwright,WAIN,2025-08-31T08:25:49Z,2025-08-31T06:14:00Z,ARR,bad,131.0
2 (08-29),True,True,VANCOUVER,TORONTO,2025-08-29,17,Unity,UNIT,2025-08-31T09:59:54Z,2025-08-31T07:47:00Z,ARR,bad,132.0
2 (08-29),True,True,VANCOUVER,TORONTO,2025-08-29,18,Biggar,BIGG,2025-08-31T11:11:29Z,2025-08-31T09:21:00Z,ARR,bad,110.0
2 (08-29),True,True,VANCOUVER,TORONTO,2025-08-29,19,Saskatoon,SASK,2025-08-31T12:23:28Z,2025-08-31T11:57:00Z,ARR,bad,26.0
2 (08-29),True,True,VANCOUVER,TORONTO,2025-08-29,20,Watrous,WATR,2025-08-31T14:56:24Z,2025-08-31T14:26:00Z,ARR,bad,30.0
2 (08-29),True,True,VANCOUVER,TORONTO,2025-08-29,21,Melville,MELV,2025-08-31T19:28:21Z,2025-08-31T18:47:00Z,ARR,bad,41.0
2 (08-29),True,True,VANCOUVER,TORONTO,2025-08-29,22,Rivers,RVRS,2025-08-31T22:34:01Z,2025-08-31T22:22:00Z,ARR,med,12.0
2 (08-29),True,True,VANCOUVER,TORONTO,2025-08-29,23,Portage La Prairie,PLPX,2025-09-01T00:53:43Z,2025-09-01T00:15:00Z,ARR,bad,38.0
2 (08-29),True,True,VANCOUVER,TORONTO,2025-08-29,24,Winnipeg,WNPG,2025-09-01T02:14:22Z,2025-09-01T03:00:00Z,ARR,goo,-45.0
2 (08-29),True,True,VANCOUVER,TORONTO,2025-08-29,25,Elma,ELMA,2025-09-01T07:19:11Z,2025-09-01T05:37:00Z,ARR,bad,102.0
2 (08-29),True,True,VANCOUVER,TORONTO,2025-08-29,26,Brereton Lake,BRTL,2025-09-01T08:03:30Z,2025-09-01T05:58:00Z,ARR,bad,125.0
2 (08-29),True,True,VANCOUVER,TORONTO,2025-08-29,27,Ophir,OPHR,2025-09-01T08:17:05Z,2025-09-01T06:16:00Z,ARR,bad,121.0
2 (08-29),True,True,VANCOUVER,TORONTO,2025-08-29,28,Winnitoba,WNTB,2025-09-01T08:20:18Z,2025-09-01T06:21:00Z,ARR,bad,119.0
2 (08-29),True,True,VANCOUVER,TORONTO,2025-08-29,29,Rice Lake,RCLK,2025-09-01T08:25:56Z,2025-09-01T06:35:00Z,ARR,bad,110.0
2 (08-29),True,True,VANCOUVER,TORONTO,2025-08-29,30,Copelands Landing,COPE,2025-09-01T08:31:32Z,2025-09-01T06:38:00Z,ARR,bad,113.0
2 (08-29),True,True,VANCOUVER,TORONTO,2025-08-29,31,Malachi,MLCH,2025-09-01T08:33:32Z,2025-09-01T06:40:00Z,ARR,bad,113.0
2 (08-29),True,True,VANCOUVER,TORONTO,2025-08-29,32,Ottermere,OTTM,2025-09-01T08:37:50Z,2025-09-01T06:46:00Z,ARR,bad,111.0
2 (08-29),True,True,VANCOUVER,TORONTO,2025-08-29,33,Minaki,MNKI,2025-09-01T08:52:10Z,2025-09-01T07:03:00Z,ARR,bad,109.0
2 (08-29),True,True,VANCOUVER,TORONTO,2025-08-29,34,Redditt,RDDT,2025-09-01T09:12:24Z,2025-09-01T07:29:00Z,ARR,bad,103.0
2 (08-29),True,True,VANCOUVER,TORONTO,2025-08-29,35,Farlane,FARL,2025-09-01T09:33:13Z,2025-09-01T07:46:00Z,ARR,bad,107.0
2 (08-29),True,True,VANCOUVER,TORONTO,2025-08-29,36,Canyon,CNYK,2025-09-01T10:04:31Z,2025-09-01T08:23:00Z,ARR,bad,101.0
2 (08-29),True,True,VANCOUVER,TORONTO,2025-08-29,37,Red Lake Road,RLRX,2025-09-01T10:28:33Z,2025-09-01T08:51:00Z,ARR,bad,97.0
2 (08-29),True,True,VANCOUVER,TORONTO,2025-08-29,38,Richan,RCHN,2025-09-01T11:08:49Z,2025-09-01T09:28:00Z,ARR,bad,100.0
2 (08-29),True,True,VANCOUVER,TORONTO,2025-08-29,39,Sioux Lookout,SLKT,2025-09-01T12:44:36Z,2025-09-01T11:01:00Z,ARR,bad,103.0
2 (08-29),True,True,VANCOUVER,TORONTO,2025-08-29,40,Savant Lake,SAVL,2025-09-01T14:34:05Z,2025-09-01T13:14:00Z,ARR,bad,80.0
2 (08-29),True,True,VANCOUVER,TORONTO,2025-08-29,41,Flindt Landing,FLTL,2025-09-01T14:51:05Z,2025-09-01T13:31:00Z,ARR,bad,80.0
2 (08-29),True,True,VANCOUVER,TORONTO,2025-08-29,42,Allanwater Bridge,ALWB,2025-09-01T15:27:34Z,2025-09-01T13:46:00Z,ARR,bad,101.0
2 (08-29),True,True,VANCOUVER,TORONTO,2025-08-29,43,Collins,COLL,2025-09-01T16:07:34Z,2025-09-01T14:26:00Z,ARR,bad,101.0
2 (08-29),True,True,VANCOUVER,TORONTO,2025-08-29,44,Armstrong,ARMG,2025-09-01T17:02:19Z,2025-09-01T14:57:00Z,ARR,bad,125.0
2 (08-29),True,True,VANCOUVER,TORONTO,2025-08-29,45,Mud River,MUDR,2025-09-01T17:47:59Z,2025-09-01T15:29:00Z,ARR,bad,138.0
2 (08-29),True,True,VANCOUVER,TORONTO,2025-08-29,46,Ferland,FERL,2025-09-01T17:55:59Z,2025-09-01T15:37:00Z,ARR,bad,138.0
2 (08-29),True,True,VANCOUVER,TORONTO,2025-08-29,47,Auden,AUDN,2025-09-01T18:33:14Z,2025-09-01T16:14:00Z,ARR,bad,139.0
2 (08-29),True,True,VANCOUVER,TORONTO,2025-08-29,48,Nakina,NAKI,2025-09-01T20:40:49Z,2025-09-01T17:20:00Z,ARR,bad,200.0
2 (08-29),True,True,VANCOUVER,TORONTO,2025-08-29,49,Longlac,LLAC,2025-09-01T21:14:29Z,2025-09-01T18:11:00Z,ARR,bad,183.0
2 (08-29),True,True,VANCOUVER,TORONTO,2025-08-29,50,Caramat,CARA,2025-09-01T21:49:56Z,2025-09-01T18:39:00Z,ARR,bad,190.0
2 (08-29),True,True,VANCOUVER,TORONTO,2025-08-29,51,Hillsport,HLSP,2025-09-01T22:36:13Z,2025-09-01T19:29:00Z,ARR,bad,187.0
2 (08-29),True,True,VANCOUVER,TORONTO,2025-08-29,52,Hornepayne,HNPN,2025-09-01T23:34:59Z,2025-09-01T21:44:00Z,ARR,bad,110.0
2 (08-29),True,True,VANCOUVER,TORONTO,2025-08-29,53,Oba,OBAX,2025-09-02T00:55:43Z,2025-09-01T23:30:00Z,ARR,bad,85.0
2 (08-29),True,True,VANCOUVER,TORONTO,2025-08-29,54,Elsas,ELSA,2025-09-02T02:15:40Z,2025-09-02T01:04:00Z,ARR,bad,71.0
2 (08-29),True,True,VANCOUVER,TORONTO,2025-08-29,55,Foleyet,FOLE,2025-09-02T03:00:39Z,2025-09-02T02:27:00Z,ARR,bad,33.0
2 (08-29),True,True,VANCOUVER,TORONTO,2025-08-29,56,Gogama,GOGA,2025-09-02T04:35:06Z,2025-09-02T04:02:00Z,ARR,bad,33.0
2 (08-29),True,True,VANCOUVER,TORONTO,2025-08-29,57,Westree,WSTR,2025-09-02T05:27:55Z,2025-09-02T04:35:00Z,ARR,bad,52.0
2 (08-29),True,True,VANCOUVER,TORONTO,2025-08-29,58,Ruel,RUEL,2025-09-02T05:42:52Z,2025-09-02T04:52:00Z,ARR,bad,50.0
2 (08-29),True,True,VANCOUVER,TORONTO,2025-08-29,59,Felix,FELX,2025-09-02T05:50:52Z,2025-09-02T05:00:00Z,ARR,bad,50.0
2 (08-29),True,True,VANCOUVER,TORONTO,2025-08-29,60,McKee's Camp,MCKC,2025-09-02T06:10:52Z,2025-09-02T05:20:00Z,ARR,bad,50.0
2 (08-29),True,True,VANCOUVER,TORONTO,2025-08-29,61,Laforest,LAFO,2025-09-02T06:14:47Z,2025-09-02T05:33:00Z,ARR,bad,41.0
2 (08-29),True,True,VANCOUVER,TORONTO,2025-08-29,62,Capreol,CAPR,2025-09-02T07:02:24Z,2025-09-02T07:47:00Z,ARR,goo,-44.0
2 (08-29),True,True,VANCOUVER,TORONTO,2025-08-29,63,Sudbury (Jct.),SUDJ,2025-09-02T08:50:52Z,2025-09-02T08:49:00Z,ARR,goo,1.0
2 (08-29),True,True,VANCOUVER,TORONTO,2025-08-29,64,Parry Sound,PARS,2025-09-02T11:54:05Z,2025-09-02T12:00:00Z,ARR,goo,-5.0
2 (08-29),True,True,VANCOUVER,TORONTO,2025-08-29,65,Washago,WSHG,2025-09-02T13:55:09Z,2025-09-02T14:00:00Z,ARR,goo,-4.0
2 (08-29),True,True,VANCOUVER,TORONTO,2025-08-29,66,Toronto,TRTO,2025-09-02T16:28:11Z,2025-09-02T18:29:00Z,ARR,goo,-120.0
693 (08-31),True,True,WINNIPEG,CHURCHILL,2025-08-31,0,Winnipeg,WNPG,2025-08-31T17:14:37Z,2025-08-31T17:05:00Z,ARR,med,9.0
693 (08-31),True,True,WINNIPEG,CHURCHILL,2025-08-31,1,Portage La Prairie,PLPX,2025-08-31T18:56:37Z,2025-08-31T18:15:00Z,ARR,bad,41.0
693 (08-31),True,True,WINNIPEG,CHURCHILL,2025-08-31,2,Gladstone,GSTO,2025-08-31T20:19:48Z,2025-08-31T19:07:00Z,ARR,bad,72.0
693 (08-31),True,True,WINNIPEG,CHURCHILL,2025-08-31,3,Plumas,PLUM,2025-08-31T20:51:31Z,2025-08-31T19:44:00Z,ARR,bad,67.0
693 (08-31),True,True,WINNIPEG,CHURCHILL,2025-08-31,4,Glenella,GLNA,2025-08-31T21:18:24Z,2025-08-31T20:16:00Z,ARR,bad,62.0
693 (08-31),True,True,WINNIPEG,CHURCHILL,2025-08-31,5,Mccreary,MCCR,2025-08-31T22:00:53Z,2025-08-31T20:57:00Z,ARR,bad,63.0
693 (08-31),True,True,WINNIPEG,CHURCHILL,2025-08-31,6,Laurier,LRIE,2025-08-31T22:22:27Z,2025-08-31T21:15:00Z,ARR,bad,67.0
693 (08-31),True,True,WINNIPEG,CHURCHILL,2025-08-31,7,Ochre River,OCHR,2025-08-31T22:50:57Z,2025-08-31T21:36:00Z,ARR,bad,74.0
693 (08-31),True,True,WINNIPEG,CHURCHILL,2025-08-31,8,Dauphin,DAUP,2025-08-31T23:16:30Z,2025-08-31T21:56:00Z,ARR,bad,80.0
693 (08-31),True,True,WINNIPEG,CHURCHILL,2025-08-31,9,Gilbert Plains,GLBP,2025-09-01T00:23:22Z,2025-08-31T22:44:00Z,ARR,bad,99.0
693 (08-31),True,True,WINNIPEG,CHURCHILL,2025-08-31,10,Grandview,GVIE,2025-09-01T00:42:41Z,2025-08-31T23:00:00Z,ARR,bad,102.0
693 (08-31),True,True,WINNIPEG,CHURCHILL,2025-08-31,11,Roblin,RBLN,2025-09-01T01:53:14Z,2025-08-31T23:55:00Z,ARR,bad,118.0
693 (08-31),True,True,WINNIPEG,CHURCHILL,2025-08-31,12,Togo,TOGO,2025-09-01T02:27:56Z,2025-09-01T00:22:00Z,ARR,bad,125.0
693 (08-31),True,True,WINNIPEG,CHURCHILL,2025-08-31,13,Kamsack,KAMS,2025-09-01T03:04:15Z,2025-09-01T00:59:00Z,ARR,bad,125.0
693 (08-31),True,True,WINNIPEG,CHURCHILL,2025-08-31,14,Veregin,VERE,2025-09-01T03:22:15Z,2025-09-01T01:12:00Z,ARR,bad,130.0
693 (08-31),True,True,WINNIPEG,CHURCHILL,2025-08-31,15,Mikado,MIKA,2025-09-01T03:36:54Z,2025-09-01T01:22:00Z,ARR,bad,134.0
693 (08-31),True,True,WINNIPEG,CHURCHILL,2025-08-31,16,Canora,CANO,2025-09-01T03:51:02Z,2025-09-01T01:36:00Z,ARR,bad,135.0
693 (08-31),True,True,WINNIPEG,CHURCHILL,2025-08-31,17,Sturgis,STGS,2025-09-01T04:57:57Z,2025-09-01T02:21:00Z,ARR,bad,156.0
693 (08-31),True,True,WINNIPEG,CHURCHILL,2025-08-31,18,Endeavour,ENDV,2025-09-01T05:30:01Z,2025-09-01T02:54:00Z,ARR,bad,156.0
693 (08-31),True,True,WINNIPEG,CHURCHILL,2025-08-31,19,Reserve,RSRV,2025-09-01T06:23:59Z,2025-09-01T03:34:00Z,ARR,bad,169.0
693 (08-31),True,True,WINNIPEG,CHURCHILL,2025-08-31,20,Hudson Bay,HBAY,2025-09-01T07:16:35Z,2025-09-01T04:32:00Z,ARR,bad,164.0
693 (08-31),True,True,WINNIPEG,CHURCHILL,2025-08-31,21,The Pas,TPAS,2025-09-01T09:45:04Z,2025-09-01T06:45:00Z,ARR,bad,180.0
693 (08-31),True,True,WINNIPEG,CHURCHILL,2025-08-31,22,Orok,OROK,2025-09-01T10:30:17Z,2025-09-01T08:07:00Z,ARR,bad,143.0
693 (08-31),True,True,WINNIPEG,CHURCHILL,2025-08-31,23,Halcrow,HALC,2025-09-01T11:20:38Z,2025-09-01T09:01:00Z,ARR,bad,139.0
693 (08-31),True,True,WINNIPEG,CHURCHILL,2025-08-31,24,Cormorant,CORM,2025-09-01T11:31:38Z,2025-09-01T09:12:00Z,ARR,bad,139.0
693 (08-31),True,True,WINNIPEG,CHURCHILL,2025-08-31,25,Dering,DERI,2025-09-01T11:39:38Z,2025-09-01T09:20:00Z,ARR,bad,139.0
693 (08-31),True,True,WINNIPEG,CHURCHILL,2025-08-31,26,Dyce,DYCE,2025-09-01T12:18:38Z,2025-09-01T09:59:00Z,ARR,bad,139.0
693 (08-31),True,True,WINNIPEG,CHURCHILL,2025-08-31,27,Wekusko,WEKU,2025-09-01T12:45:02Z,2025-09-01T10:43:00Z,ARR,bad,122.0
693 (08-31),True,True,WINNIPEG,CHURCHILL,2025-08-31,28,Turnbull,TURN,2025-09-01T13:08:42Z,2025-09-01T11:10:00Z,ARR,bad,118.0
693 (08-31),True,True,WINNIPEG,CHURCHILL,2025-08-31,29,Ponton,PNTN,2025-09-01T13:35:52Z,2025-09-01T11:42:00Z,ARR,bad,113.0
693 (08-31),True,True,WINNIPEG,CHURCHILL,2025-08-31,30,Pipun,PIPN,2025-09-01T14:21:11Z,2025-09-01T12:25:00Z,ARR,bad,116.0
693 (08-31),True,True,WINNIPEG,CHURCHILL,2025-08-31,31,Wabowden,WBDN,2025-09-01T14:35:22Z,2025-09-01T12:48:00Z,ARR,bad,107.0
693 (08-31),True,True,WINNIPEG,CHURCHILL,2025-08-31,32,Lyddal,LYDD,2025-09-01T15:07:58Z,2025-09-01T13:16:00Z,ARR,bad,111.0
693 (08-31),True,True,WINNIPEG,CHURCHILL,2025-08-31,33,Odhill,ODHI,2025-09-01T15:28:50Z,2025-09-01T13:38:00Z,ARR,bad,110.0
693 (08-31),True,True,WINNIPEG,CHURCHILL,2025-08-31,34,Hockin,HOCK,2025-09-01T16:07:32Z,2025-09-01T14:22:00Z,ARR,bad,105.0
693 (08-31),True,True,WINNIPEG,CHURCHILL,2025-08-31,35,Thicket Portage,THKP,2025-09-01T16:22:32Z,2025-09-01T14:37:00Z,ARR,bad,105.0
693 (08-31),True,True,WINNIPEG,CHURCHILL,2025-08-31,36,Leven,LEVN,2025-09-01T16:48:41Z,2025-09-01T14:54:00Z,ARR,bad,114.0
693 (08-31),True,True,WINNIPEG,CHURCHILL,2025-08-31,37,Thompson,THOM,2025-09-01T20:08:15Z,2025-09-01T17:00:00Z,ARR,bad,188.0
693 (08-31),True,True,WINNIPEG,CHURCHILL,2025-08-31,38,Sipiwesk,SIPI,2025-09-01T23:25:44Z,2025-09-01T23:35:00Z,ARR,goo,-9.0
693 (08-31),True,True,WINNIPEG,CHURCHILL,2025-08-31,39,Pikwitonei,PIKW,2025-09-02T00:02:00Z,2025-09-02T00:02:00Z,ARR,goo,0.0
693 (08-31),True,True,WINNIPEG,CHURCHILL,2025-08-31,40,Bridgar,BRGR,2025-09-02T00:13:00Z,2025-09-02T00:13:00Z,ARR,goo,0.0
693 (08-31),True,True,WINNIPEG,CHURCHILL,2025-08-31,41,Pit Siding,PITS,2025-09-02T01:35:00Z,2025-09-02T01:35:00Z,ARR,goo,0.0
693 (08-31),True,True,WINNIPEG,CHURCHILL,2025-08-31,42,Ilford,ILFO,2025-09-02T02:37:10Z,2025-09-02T02:36:00Z,ARR,goo,1.0
693 (08-31),True,True,WINNIPEG,CHURCHILL,2025-08-31,43,Wivenhoe,WVHO,2025-09-02T03:28:22Z,2025-09-02T03:13:00Z,ARR,bad,15.0
693 (08-31),True,True,WINNIPEG,CHURCHILL,2025-08-31,44,Gillam,GILL,2025-09-02T04:13:16Z,2025-09-02T04:00:01Z,ARR,med,13.0
693 (08-31),True,True,WINNIPEG,CHURCHILL,2025-08-31,45,Bird,BIRD,2025-09-02T05:24:35Z,2025-09-02T05:29:00Z,ARR,goo,-4.0
693 (08-31),True,True,WINNIPEG,CHURCHILL,2025-08-31,46,Amery,AMRY,2025-09-02T06:06:16Z,2025-09-02T05:52:00Z,ARR,med,14.0
693 (08-31),True,True,WINNIPEG,CHURCHILL,2025-08-31,47,Weir River,WEIR,2025-09-02T07:05:06Z,2025-09-02T06:43:00Z,ARR,bad,22.0
693 (08-31),True,True,WINNIPEG,CHURCHILL,2025-08-31,48,Thibaudeau,THIB,2025-09-02T07:54:05Z,2025-09-02T08:00:00Z,ARR,goo,-5.0
693 (08-31),True,True,WINNIPEG,CHURCHILL,2025-08-31,49,Herchmer,HERC,2025-09-02T09:26:00Z,2025-09-02T09:26:00Z,ARR,goo,0.0
693 (08-31),True,True,WINNIPEG,CHURCHILL,2025-08-31,50,O'Day,ODAY,2025-09-02T10:05:00Z,2025-09-02T10:05:00Z,ARR,goo,0.0
693 (08-31),True,True,WINNIPEG,CHURCHILL,2025-08-31,51,M'Clintock,MCLI,2025-09-02T10:50:00Z,2025-09-02T10:50:00Z,ARR,goo,0.0
693 (08-31),True,True,WINNIPEG,CHURCHILL,2025-08-31,52,Chesnaye,CHES,2025-09-02T12:06:00Z,2025-09-02T12:06:00Z,ARR,goo,0.0
693 (08-31),True,True,WINNIPEG,CHURCHILL,2025-08-31,53,Tidal,TIDL,2025-09-02T12:14:59Z,2025-09-02T13:37:00Z,ARR,goo,-82.0
693 (08-31),True,True,WINNIPEG,CHURCHILL,2025-08-31,54,Churchill,CHUR,2025-09-02T12:58:39Z,2025-09-02T14:00:00Z,ARR,goo,-61.0
1 (08-31),True,False,TORONTO,VANCOUVER,2025-08-31,0,Toronto,TRTO,2025-08-31T13:55:00Z,2025-08-31T13:55:00Z,ARR,goo,0.0
1 (08-31),True,False,TORONTO,VANCOUVER,2025-08-31,1,Washago,WSHG,2025-08-31T16:31:43Z,2025-08-31T16:25:00Z,ARR,med,6.0
1 (08-31),True,False,TORONTO,VANCOUVER,2025-08-31,2,South Parry,SPAR,2025-08-31T18:19:58Z,2025-08-31T18:27:00Z,ARR,goo,-7.0
1 (08-31),True,False,TORONTO,VANCOUVER,2025-08-31,3,Sudbury (Jct.),SUDJ,2025-08-31T20:52:01Z,2025-08-31T20:57:00Z,ARR,goo,-4.0
1 (08-31),True,False,TORONTO,VANCOUVER,2025-08-31,4,Capreol,CAPR,2025-08-31T21:42:45Z,2025-08-31T21:22:00Z,ARR,bad,20.0
1 (08-31),True,False,TORONTO,VANCOUVER,2025-08-31,5,Laforest,LAFO,2025-08-31T22:56:03Z,2025-08-31T22:48:00Z,ARR,med,8.0
1 (08-31),True,False,TORONTO,VANCOUVER,2025-08-31,6,McKee's Camp,MCKC,2025-08-31T23:05:52Z,2025-08-31T23:01:00Z,ARR,goo,4.0
1 (08-31),True,False,TORONTO,VANCOUVER,2025-08-31,7,Felix,FELX,2025-08-31T23:25:52Z,2025-08-31T23:21:00Z,ARR,goo,4.0
1 (08-31),True,False,TORONTO,VANCOUVER,2025-08-31,8,Ruel,RUEL,2025-08-31T23:32:52Z,2025-08-31T23:28:00Z,ARR,goo,4.0
1 (08-31),True,False,TORONTO,VANCOUVER,2025-08-31,9,Westree,WSTR,2025-08-31T23:40:04Z,2025-08-31T23:45:00Z,ARR,goo,-4.0
1 (08-31),True,False,TORONTO,VANCOUVER,2025-08-31,10,Gogama,GOGA,2025-09-01T00:46:52Z,2025-09-01T00:18:00Z,ARR,bad,28.0
1 (08-31),True,False,TORONTO,VANCOUVER,2025-08-31,11,Foleyet,FOLE,2025-09-01T02:21:19Z,2025-09-01T02:44:00Z,ARR,goo,-22.0
1 (08-31),True,False,TORONTO,VANCOUVER,2025-08-31,12,Elsas,ELSA,2025-09-01T03:36:35Z,2025-09-01T03:38:00Z,ARR,goo,-1.0
1 (08-31),True,False,TORONTO,VANCOUVER,2025-08-31,13,Oba,OBAX,2025-09-01T05:26:31Z,2025-09-01T05:38:00Z,ARR,goo,-11.0
1 (08-31),True,False,TORONTO,VANCOUVER,2025-08-31,14,Hornepayne,HNPN,2025-09-01T06:09:36Z,2025-09-01T06:29:00Z,ARR,goo,-19.0
1 (08-31),True,False,TORONTO,VANCOUVER,2025-08-31,15,Hillsport,HLSP,2025-09-01T08:20:27Z,2025-09-01T08:05:00Z,ARR,bad,15.0
1 (08-31),True,False,TORONTO,VANCOUVER,2025-08-31,16,Caramat,CARA,2025-09-01T08:54:30Z,2025-09-01T08:55:00Z,ARR,goo,0.0
1 (08-31),True,False,TORONTO,VANCOUVER,2025-08-31,17,Longlac,LLAC,2025-09-01T09:33:43Z,2025-09-01T09:34:00Z,ARR,goo,0.0
1 (08-31),True,False,TORONTO,VANCOUVER,2025-08-31,18,Nakina,NAKI,2025-09-01T10:12:18Z,2025-09-01T10:13:00Z,ARR,goo,0.0
1 (08-31),True,False,TORONTO,VANCOUVER,2025-08-31,19,Auden,AUDN,2025-09-01T11:26:51Z,2025-09-01T11:19:00Z,ARR,med,7.0
1 (08-31),True,False,TORONTO,VANCOUVER,2025-08-31,20,Ferland,FERL,2025-09-01T12:03:51Z,2025-09-01T11:56:00Z,ARR,med,7.0
1 (08-31),True,False,TORONTO,VANCOUVER,2025-08-31,21,Mud River,MUDR,2025-09-01T12:12:51Z,2025-09-01T12:05:00Z,ARR,med,7.0
1 (08-31),True,False,TORONTO,VANCOUVER,2025-08-31,22,Armstrong,ARMG,2025-09-01T12:56:57Z,2025-09-01T13:17:00Z,ARR,goo,-20.0
1 (08-31),True,False,TORONTO,VANCOUVER,2025-08-31,23,Collins,COLL,2025-09-01T13:35:29Z,2025-09-01T13:47:00Z,ARR,goo,-11.0
1 (08-31),True,False,TORONTO,VANCOUVER,2025-08-31,24,Allanwater Bridge,ALWB,2025-09-01T14:26:00Z,2025-09-01T14:26:00Z,ARR,goo,0.0
1 (08-31),True,False,TORONTO,VANCOUVER,2025-08-31,25,Flindt Landing,FLTL,2025-09-01T14:42:00Z,2025-09-01T14:42:00Z,ARR,goo,0.0
1 (08-31),True,False,TORONTO,VANCOUVER,2025-08-31,26,Savant Lake,SAVL,2025-09-01T14:59:00Z,2025-09-01T14:59:00Z,ARR,goo,0.0
1 (08-31),True,False,TORONTO,VANCOUVER,2025-08-31,27,Sioux Lookout,SLKT,2025-09-01T17:32:12Z,2025-09-01T16:25:00Z,ARR,bad,67.0
1 (08-31),True,False,TORONTO,VANCOUVER,2025-08-31,28,Richan,RCHN,2025-09-01T19:17:59Z,2025-09-01T18:05:00Z,ARR,bad,72.0
1 (08-31),True,False,TORONTO,VANCOUVER,2025-08-31,29,Red Lake Road,RLRX,2025-09-01T19:46:39Z,2025-09-01T18:41:00Z,ARR,bad,65.0
1 (08-31),True,False,TORONTO,VANCOUVER,2025-08-31,30,Canyon,CNYK,2025-09-01T20:38:57Z,2025-09-01T19:10:00Z,ARR,bad,88.0
1 (08-31),True,False,TORONTO,VANCOUVER,2025-08-31,31,Farlane,FARL,2025-09-01T21:09:09Z,2025-09-01T19:47:00Z,ARR,bad,82.0
1 (08-31),True,False,TORONTO,VANCOUVER,2025-08-31,32,Redditt,RDDT,2025-09-01T21:22:39Z,2025-09-01T20:23:00Z,ARR,bad,59.0
1 (08-31),True,False,TORONTO,VANCOUVER,2025-08-31,33,Minaki,MNKI,2025-09-01T21:39:57Z,2025-09-01T20:44:00Z,ARR,bad,55.0
1 (08-31),True,False,TORONTO,VANCOUVER,2025-08-31,34,Ottermere,OTTM,2025-09-01T21:55:47Z,2025-09-01T21:01:00Z,ARR,bad,54.0
1 (08-31),True,False,TORONTO,VANCOUVER,2025-08-31,35,Malachi,MLCH,2025-09-01T22:01:47Z,2025-09-01T21:07:00Z,ARR,bad,54.0
1 (08-31),True,False,TORONTO,VANCOUVER,2025-08-31,36,Copelands Landing,COPE,2025-09-01T22:03:47Z,2025-09-01T21:09:00Z,ARR,bad,54.0
1 (08-31),True,False,TORONTO,VANCOUVER,2025-08-31,37,Rice Lake,RCLK,2025-09-01T22:12:47Z,2025-09-01T21:12:00Z,ARR,bad,60.0
1 (08-31),True,False,TORONTO,VANCOUVER,2025-08-31,38,Winnitoba,WNTB,2025-09-01T22:26:58Z,2025-09-01T21:26:00Z,ARR,bad,60.0
1 (08-31),True,False,TORONTO,VANCOUVER,2025-08-31,39,Ophir,OPHR,2025-09-01T22:20:41Z,2025-09-01T21:31:00Z,ARR,bad,49.0
1 (08-31),True,False,TORONTO,VANCOUVER,2025-08-31,40,Brereton Lake,BRTL,2025-09-01T22:33:31Z,2025-09-01T21:49:00Z,ARR,bad,44.0
1 (08-31),True,False,TORONTO,VANCOUVER,2025-08-31,41,Elma,ELMA,2025-09-01T23:10:22Z,2025-09-01T22:10:00Z,ARR,bad,60.0
1 (08-31),True,False,TORONTO,VANCOUVER,2025-08-31,42,Winnipeg,WNPG,2025-09-02T02:28:34Z,2025-09-02T00:30:00Z,ARR,bad,118.0
1 (08-31),True,False,TORONTO,VANCOUVER,2025-08-31,43,Portage La Prairie,PLPX,2025-09-02T05:47:06Z,2025-09-02T04:04:00Z,ARR,bad,103.0
1 (08-31),True,False,TORONTO,VANCOUVER,2025-08-31,44,Rivers,RVRS,2025-09-02T08:08:20Z,2025-09-02T06:31:00Z,ARR,bad,97.0
1 (08-31),True,False,TORONTO,VANCOUVER,2025-08-31,45,Melville,MELV,2025-09-02T11:33:34Z,2025-09-02T10:54:00Z,ARR,bad,39.0
1 (08-31),True,False,TORONTO,VANCOUVER,2025-08-31,46,Watrous,WATR,2025-09-02T14:45:48Z,2025-09-02T13:54:00Z,ARR,bad,51.0
1 (08-31),True,False,TORONTO,VANCOUVER,2025-08-31,47,Saskatoon,SASK,2025-09-02T15:50:55Z,2025-09-02T15:50:00Z,ARR,goo,0.0
1 (08-31),True,False,TORONTO,VANCOUVER,2025-08-31,48,Biggar,BIGG,2025-09-02T18:43:01Z,2025-09-02T18:29:00Z,ARR,med,14.0
1 (08-31),True,False,TORONTO,VANCOUVER,2025-08-31,49,Unity,UNIT,2025-09-02T19:32:29Z,2025-09-02T19:44:00Z,ARR,goo,-11.0
1 (08-31),True,False,TORONTO,VANCOUVER,2025-08-31,50,Wainwright,WAIN,2025-09-02T21:44:17Z,2025-09-02T22:33:00Z,ARR,goo,-48.0
1 (08-31),True,False,TORONTO,VANCOUVER,2025-08-31,51,Viking,VKNG,2025-09-02T23:19:19Z,2025-09-02T23:26:00Z,ARR,goo,-6.0
1 (08-31),True,False,TORONTO,VANCOUVER,2025-08-31,52,Edmonton,EDMO,2025-09-03T02:29:18Z,2025-09-03T02:50:00Z,ARR,goo,-20.0
1 (08-31),True,False,TORONTO,VANCOUVER,2025-08-31,53,Evansburg,EVAN,2025-09-03T07:08:08Z,2025-09-03T07:29:00Z,3h17,goo,-20.0
1 (08-31),True,False,TORONTO,VANCOUVER,2025-08-31,54,Edson,EDSN,2025-09-03T08:52:00Z,2025-09-03T08:52:00Z,5h01,goo,0.0
1 (08-31),True,False,TORONTO,VANCOUVER,2025-08-31,55,Hinton,HINT,&mdash;,2025-09-03T09:58:00Z,&mdash;,,
1 (08-31),True,False,TORONTO,VANCOUVER,2025-08-31,56,Jasper,JASP,&mdash;,2025-09-03T12:30:00Z,&mdash;,,
1 (08-31),True,False,TORONTO,VANCOUVER,2025-08-31,57,Valemount,VLMT,&mdash;,2025-09-03T17:50:00Z,&mdash;,,
2 (09-01),True,False,VANCOUVER,TORONTO,2025-09-01,0,Mission Harbour,MSNH,2025-09-02T00:05:13Z,2025-09-01T23:35:00Z,ARR,bad,30.0
2 (09-01),True,False,VANCOUVER,TORONTO,2025-09-01,1,Agassiz,AGAS,2025-09-02T00:55:16Z,2025-09-02T00:03:00Z,ARR,bad,52.0
2 (09-01),True,False,VANCOUVER,TORONTO,2025-09-01,2,Katz,KATZ,2025-09-02T01:17:14Z,2025-09-02T00:17:00Z,ARR,bad,60.0
2 (09-01),True,False,VANCOUVER,TORONTO,2025-09-01,3,North Bend,NBND,2025-09-02T03:00:44Z,2025-09-02T02:46:00Z,ARR,med,14.0
2 (09-01),True,False,VANCOUVER,TORONTO,2025-09-01,4,Ashcroft,ASHN,2025-09-02T05:39:32Z,2025-09-02T05:32:00Z,ARR,med,7.0
2 (09-01),True,False,VANCOUVER,TORONTO,2025-09-01,5,Kamloops North,KAMN,2025-09-02T07:23:40Z,2025-09-02T07:17:00Z,ARR,med,6.0
2 (09-01),True,False,VANCOUVER,TORONTO,2025-09-01,6,Clearwater,CLWT,2025-09-02T09:59:45Z,2025-09-02T09:58:00Z,ARR,goo,1.0
2 (09-01),True,False,VANCOUVER,TORONTO,2025-09-01,7,Blue River,BLUE,2025-09-02T12:16:08Z,2025-09-02T12:11:00Z,ARR,med,5.0
2 (09-01),True,False,VANCOUVER,TORONTO,2025-09-01,8,Valemount,VLMT,2025-09-02T14:13:49Z,2025-09-02T14:01:00Z,ARR,med,12.0
2 (09-01),True,False,VANCOUVER,TORONTO,2025-09-01,9,Jasper,JASP,2025-09-02T16:10:38Z,2025-09-02T17:00:00Z,ARR,goo,-49.0
2 (09-01),True,False,VANCOUVER,TORONTO,2025-09-01,10,Hinton,HINT,2025-09-02T20:00:31Z,2025-09-02T19:45:00Z,ARR,bad,15.0
2 (09-01),True,False,VANCOUVER,TORONTO,2025-09-01,11,Edson,EDSN,2025-09-02T21:35:05Z,2025-09-02T21:19:00Z,ARR,bad,16.0
2 (09-01),True,False,VANCOUVER,TORONTO,2025-09-01,12,Evansburg,EVAN,2025-09-02T23:13:54Z,2025-09-02T22:28:00Z,ARR,bad,45.0
2 (09-01),True,False,VANCOUVER,TORONTO,2025-09-01,13,Edmonton,EDMO,2025-09-03T02:03:08Z,2025-09-03T00:50:00Z,ARR,bad,73.0
2 (09-01),True,False,VANCOUVER,TORONTO,2025-09-01,14,Viking,VKNG,2025-09-03T05:50:34Z,2025-09-03T03:53:00Z,1h59,bad,117.0
2 (09-01),True,False,VANCOUVER,TORONTO,2025-09-01,15,Wainwright,WAIN,2025-09-03T08:11:34Z,2025-09-03T06:14:00Z,4h20,bad,117.0
2 (09-01),True,False,VANCOUVER,TORONTO,2025-09-01,16,Unity,UNIT,&mdash;,2025-09-03T07:47:00Z,&mdash;,,
2 (09-01),True,False,VANCOUVER,TORONTO,2025-09-01,17,Biggar,BIGG,&mdash;,2025-09-03T09:21:00Z,&mdash;,,
2 (09-01),True,False,VANCOUVER,TORONTO,2025-09-01,18,Saskatoon,SASK,&mdash;,2025-09-03T11:57:00Z,&mdash;,,
2 (09-01),True,False,VANCOUVER,TORONTO,2025-09-01,19,Watrous,WATR,&mdash;,2025-09-03T14:26:00Z,&mdash;,,
693 (09-02),True,False,WINNIPEG,CHURCHILL,2025-09-02,0,Winnipeg,WNPG,2025-09-02T18:00:19Z,2025-09-02T17:05:00Z,ARR,bad,55.0
693 (09-02),True,False,WINNIPEG,CHURCHILL,2025-09-02,1,Portage La Prairie,PLPX,2025-09-02T19:43:23Z,2025-09-02T18:15:00Z,ARR,bad,88.0
693 (09-02),True,False,WINNIPEG,CHURCHILL,2025-09-02,2,Gladstone,GSTO,2025-09-02T20:28:55Z,2025-09-02T19:07:00Z,ARR,bad,81.0
693 (09-02),True,False,WINNIPEG,CHURCHILL,2025-09-02,3,Plumas,PLUM,2025-09-02T21:02:23Z,2025-09-02T19:44:00Z,ARR,bad,78.0
693 (09-02),True,False,WINNIPEG,CHURCHILL,2025-09-02,4,Glenella,GLNA,2025-09-02T21:28:30Z,2025-09-02T20:16:00Z,ARR,bad,72.0
693 (09-02),True,False,WINNIPEG,CHURCHILL,2025-09-02,5,Mccreary,MCCR,2025-09-02T22:12:37Z,2025-09-02T20:57:00Z,ARR,bad,75.0
693 (09-02),True,False,WINNIPEG,CHURCHILL,2025-09-02,6,Laurier,LRIE,2025-09-02T22:29:34Z,2025-09-02T21:15:00Z,ARR,bad,74.0
693 (09-02),True,False,WINNIPEG,CHURCHILL,2025-09-02,7,Ochre River,OCHR,2025-09-02T22:45:43Z,2025-09-02T21:36:00Z,ARR,bad,69.0
693 (09-02),True,False,WINNIPEG,CHURCHILL,2025-09-02,8,Dauphin,DAUP,2025-09-02T23:03:02Z,2025-09-02T21:56:00Z,ARR,bad,67.0
693 (09-02),True,False,WINNIPEG,CHURCHILL,2025-09-02,9,Gilbert Plains,GLBP,2025-09-02T23:54:39Z,2025-09-02T22:44:00Z,ARR,bad,70.0
693 (09-02),True,False,WINNIPEG,CHURCHILL,2025-09-02,10,Grandview,GVIE,2025-09-03T00:13:30Z,2025-09-02T23:00:00Z,ARR,bad,73.0
693 (09-02),True,False,WINNIPEG,CHURCHILL,2025-09-02,11,Roblin,RBLN,2025-09-03T01:24:02Z,2025-09-02T23:55:00Z,ARR,bad,89.0
693 (09-02),True,False,WINNIPEG,CHURCHILL,2025-09-02,12,Togo,TOGO,2025-09-03T01:50:08Z,2025-09-03T00:22:00Z,ARR,bad,88.0
693 (09-02),True,False,WINNIPEG,CHURCHILL,2025-09-02,13,Kamsack,KAMS,2025-09-03T02:24:23Z,2025-09-03T00:59:00Z,ARR,bad,85.0
693 (09-02),True,False,WINNIPEG,CHURCHILL,2025-09-02,14,Veregin,VERE,2025-09-03T02:35:31Z,2025-09-03T01:12:00Z,ARR,bad,83.0
693 (09-02),True,False,WINNIPEG,CHURCHILL,2025-09-02,15,Mikado,MIKA,2025-09-03T02:48:18Z,2025-09-03T01:22:00Z,ARR,bad,86.0
693 (09-02),True,False,WINNIPEG,CHURCHILL,2025-09-02,16,Canora,CANO,2025-09-03T02:58:56Z,2025-09-03T01:36:00Z,ARR,bad,82.0
693 (09-02),True,False,WINNIPEG,CHURCHILL,2025-09-02,17,Sturgis,STGS,2025-09-03T04:05:45Z,2025-09-03T02:21:00Z,14 mins,bad,104.0
693 (09-02),True,False,WINNIPEG,CHURCHILL,2025-09-02,18,Endeavour,ENDV,2025-09-03T04:38:45Z,2025-09-03T02:54:00Z,47 mins,bad,104.0
693 (09-02),True,False,WINNIPEG,CHURCHILL,2025-09-02,19,Reserve,RSRV,2025-09-03T05:18:45Z,2025-09-03T03:34:00Z,1h27,bad,104.0
693 (09-02),True,False,WINNIPEG,CHURCHILL,2025-09-02,20,Hudson Bay,HBAY,2025-09-03T06:16:45Z,2025-09-03T04:32:00Z,2h25,bad,104.0
693 (09-02),True,False,WINNIPEG,CHURCHILL,2025-09-02,21,The Pas,TPAS,2025-09-03T08:29:45Z,2025-09-03T06:45:00Z,4h38,bad,104.0
693 (09-02),True,False,WINNIPEG,CHURCHILL,2025-09-02,22,Orok,OROK,2025-09-03T09:51:45Z,2025-09-03T08:07:00Z,6h00,bad,104.0
693 (09-02),True,False,WINNIPEG,CHURCHILL,2025-09-02,23,Halcrow,HALC,2025-09-03T10:45:45Z,2025-09-03T09:01:00Z,6h54,bad,104.0
693 (09-02),True,False,WINNIPEG,CHURCHILL,2025-09-02,24,Cormorant,CORM,2025-09-03T10:56:45Z,2025-09-03T09:12:00Z,7h05,bad,104.0
693 (09-02),True,False,WINNIPEG,CHURCHILL,2025-09-02,25,Dering,DERI,2025-09-03T11:04:45Z,2025-09-03T09:20:00Z,7h13,bad,104.0
693 (09-02),True,False,WINNIPEG,CHURCHILL,2025-09-02,26,Dyce,DYCE,2025-09-03T11:43:45Z,2025-09-03T09:59:00Z,7h52,bad,104.0
693 (09-02),True,False,WINNIPEG,CHURCHILL,2025-09-02,27,Wekusko,WEKU,2025-09-03T12:27:45Z,2025-09-03T10:43:00Z,8h36,bad,104.0
693 (09-02),True,False,WINNIPEG,CHURCHILL,2025-09-02,28,Turnbull,TURN,2025-09-03T12:54:45Z,2025-09-03T11:10:00Z,9h03,bad,104.0
693 (09-02),True,False,WINNIPEG,CHURCHILL,2025-09-02,29,Ponton,PNTN,2025-09-03T13:26:45Z,2025-09-03T11:42:00Z,9h35,bad,104.0
693 (09-02),True,False,WINNIPEG,CHURCHILL,2025-09-02,30,Pipun,PIPN,2025-09-03T14:09:45Z,2025-09-03T12:25:00Z,10h18,bad,104.0
693 (09-02),True,False,WINNIPEG,CHURCHILL,2025-09-02,31,Wabowden,WBDN,2025-09-03T14:32:45Z,2025-09-03T12:48:00Z,10h41,bad,104.0
693 (09-02),True,False,WINNIPEG,CHURCHILL,2025-09-02,32,Lyddal,LYDD,2025-09-03T15:00:45Z,2025-09-03T13:16:00Z,11h09,bad,104.0
693 (09-02),True,False,WINNIPEG,CHURCHILL,2025-09-02,33,Odhill,ODHI,2025-09-03T15:22:45Z,2025-09-03T13:38:00Z,11h31,bad,104.0
693 (09-02),True,False,WINNIPEG,CHURCHILL,2025-09-02,34,Hockin,HOCK,2025-09-03T16:06:45Z,2025-09-03T14:22:00Z,12h15,bad,104.0
693 (09-02),True,False,WINNIPEG,CHURCHILL,2025-09-02,35,Thicket Portage,THKP,2025-09-03T16:21:45Z,2025-09-03T14:37:00Z,12h30,bad,104.0
693 (09-02),True,False,WINNIPEG,CHURCHILL,2025-09-02,36,Leven,LEVN,2025-09-03T16:38:45Z,2025-09-03T14:54:00Z,12h47,bad,104.0
693 (09-02),True,False,WINNIPEG,CHURCHILL,2025-09-02,37,Thompson,THOM,2025-09-03T18:44:45Z,2025-09-03T17:00:00Z,14h53,bad,104.0
20,True,True,MONTRÉAL,QUÉBEC,2025-09-02,0,Montréal,MTRL,2025-09-02T10:25:00Z,2025-09-02T10:25:00Z,ARR,goo,0.0
20,True,True,MONTRÉAL,QUÉBEC,2025-09-02,1,St. Lambert,SLAM,2025-09-02T10:38:50Z,2025-09-02T10:38:00Z,ARR,goo,0.0
20,True,True,MONTRÉAL,QUÉBEC,2025-09-02,2,St. Hyacinthe,SHYA,2025-09-02T11:07:51Z,2025-09-02T11:06:00Z,ARR,goo,1.0
20,True,True,MONTRÉAL,QUÉBEC,2025-09-02,3,Drummondville,DRMV,2025-09-02T11:42:01Z,2025-09-02T11:43:00Z,ARR,goo,0.0
20,True,True,MONTRÉAL,QUÉBEC,2025-09-02,4,Ste-Foy,SFOY,2025-09-02T13:07:51Z,2025-09-02T13:25:00Z,ARR,goo,-17.0
20,True,True,MONTRÉAL,QUÉBEC,2025-09-02,5,Québec,QBEC,2025-09-02T13:38:39Z,2025-09-02T13:52:00Z,ARR,goo,-13.0
22,True,True,OTTAWA,QUÉBEC,2025-09-02,0,Ottawa,OTTW,2025-09-02T10:07:00Z,2025-09-02T10:07:00Z,ARR,goo,0.0
22,True,True,OTTAWA,QUÉBEC,2025-09-02,1,Casselman,CSLM,2025-09-02T10:31:08Z,2025-09-02T10:33:00Z,ARR,goo,-1.0
22,True,True,OTTAWA,QUÉBEC,2025-09-02,2,Alexandria,ALEX,2025-09-02T10:53:11Z,2025-09-02T10:55:00Z,ARR,goo,-1.0
22,True,True,OTTAWA,QUÉBEC,2025-09-02,3,Coteau,COTO,2025-09-02T11:18:31Z,2025-09-02T11:23:00Z,ARR,goo,-4.0
22,True,True,OTTAWA,QUÉBEC,2025-09-02,4,Dorval,DORV,2025-09-02T11:47:09Z,2025-09-02T11:47:00Z,ARR,goo,0.0
22,True,True,OTTAWA,QUÉBEC,2025-09-02,5,Montréal,MTRL,2025-09-02T12:09:07Z,2025-09-02T12:11:00Z,ARR,goo,-1.0
22,True,True,OTTAWA,QUÉBEC,2025-09-02,6,St. Lambert,SLAM,2025-09-02T12:49:00Z,2025-09-02T12:49:00Z,ARR,goo,0.0
22,True,True,OTTAWA,QUÉBEC,2025-09-02,7,St. Hyacinthe,SHYA,2025-09-02T13:21:33Z,2025-09-02T13:16:00Z,ARR,med,5.0
22,True,True,OTTAWA,QUÉBEC,2025-09-02,8,Drummondville,DRMV,2025-09-02T13:53:35Z,2025-09-02T13:44:00Z,ARR,med,9.0
22,True,True,OTTAWA,QUÉBEC,2025-09-02,9,Ste-Foy,SFOY,2025-09-02T15:24:04Z,2025-09-02T15:19:00Z,ARR,med,5.0
22,True,True,OTTAWA,QUÉBEC,2025-09-02,10,Québec,QBEC,2025-09-02T15:55:23Z,2025-09-02T15:47:00Z,ARR,med,8.0
24,True,True,OTTAWA,QUÉBEC,2025-09-02,0,Ottawa,OTTW,2025-09-02T14:13:00Z,2025-09-02T14:13:00Z,ARR,goo,0.0
24,True,True,OTTAWA,QUÉBEC,2025-09-02,1,Alexandria,ALEX,2025-09-02T15:05:04Z,2025-09-02T15:03:00Z,ARR,goo,2.0
24,True,True,OTTAWA,QUÉBEC,2025-09-02,2,Coteau,COTO,2025-09-02T15:33:55Z,2025-09-02T15:26:00Z,ARR,med,7.0
24,True,True,OTTAWA,QUÉBEC,2025-09-02,3,Dorval,DORV,2025-09-02T15:58:38Z,2025-09-02T15:50:00Z,ARR,med,8.0
24,True,True,OTTAWA,QUÉBEC,2025-09-02,4,Montréal,MTRL,2025-09-02T16:20:36Z,2025-09-02T16:15:00Z,ARR,med,5.0
24,True,True,OTTAWA,QUÉBEC,2025-09-02,5,St. Lambert,SLAM,2025-09-02T17:01:17Z,2025-09-02T16:58:00Z,ARR,goo,3.0
24,True,True,OTTAWA,QUÉBEC,2025-09-02,6,St. Hyacinthe,SHYA,2025-09-02T17:32:20Z,2025-09-02T17:26:00Z,ARR,med,6.0
24,True,True,OTTAWA,QUÉBEC,2025-09-02,7,Drummondville,DRMV,2025-09-02T18:03:36Z,2025-09-02T17:54:00Z,ARR,med,9.0
24,True,True,OTTAWA,QUÉBEC,2025-09-02,8,Charny,CHNY,2025-09-02T19:55:28Z,2025-09-02T19:38:00Z,ARR,bad,17.0
24,True,True,OTTAWA,QUÉBEC,2025-09-02,9,Ste-Foy,SFOY,2025-09-02T20:05:31Z,2025-09-02T19:45:00Z,ARR,bad,20.0
24,True,True,OTTAWA,QUÉBEC,2025-09-02,10,Québec,QBEC,2025-09-02T20:32:20Z,2025-09-02T20:12:00Z,ARR,bad,20.0
37,True,True,QUÉBEC,OTTAWA,2025-09-02,0,Québec,QBEC,2025-09-02T16:32:00Z,2025-09-02T16:32:00Z,ARR,goo,0.0
37,True,True,QUÉBEC,OTTAWA,2025-09-02,1,Ste-Foy,SFOY,2025-09-02T16:59:31Z,2025-09-02T16:57:00Z,ARR,goo,2.0
37,True,True,QUÉBEC,OTTAWA,2025-09-02,2,Drummondville,DRMV,2025-09-02T19:01:48Z,2025-09-02T18:44:00Z,ARR,bad,17.0
37,True,True,QUÉBEC,OTTAWA,2025-09-02,3,St. Hyacinthe,SHYA,2025-09-02T19:39:03Z,2025-09-02T19:12:00Z,ARR,bad,27.0
37,True,True,QUÉBEC,OTTAWA,2025-09-02,4,St. Lambert,SLAM,2025-09-02T20:09:28Z,2025-09-02T19:39:00Z,ARR,bad,30.0
37,True,True,QUÉBEC,OTTAWA,2025-09-02,5,Montréal,MTRL,2025-09-02T20:23:52Z,2025-09-02T19:54:00Z,ARR,bad,29.0
37,True,True,QUÉBEC,OTTAWA,2025-09-02,6,Dorval,DORV,2025-09-02T21:12:11Z,2025-09-02T20:54:00Z,ARR,bad,18.0
37,True,True,QUÉBEC,OTTAWA,2025-09-02,7,Coteau,COTO,2025-09-02T21:41:04Z,2025-09-02T21:23:00Z,ARR,bad,18.0
37,True,True,QUÉBEC,OTTAWA,2025-09-02,8,Alexandria,ALEX,2025-09-02T22:03:32Z,2025-09-02T21:45:00Z,ARR,bad,18.0
37,True,True,QUÉBEC,OTTAWA,2025-09-02,9,Ottawa,OTTW,2025-09-02T22:51:00Z,2025-09-02T22:37:00Z,ARR,med,14.0
41,True,True,OTTAWA,TORONTO,2025-09-02,0,Oshawa,OSHA,2025-09-02T13:37:23Z,2025-09-02T13:19:00Z,ARR,bad,18.0
41,True,True,OTTAWA,TORONTO,2025-09-02,1,Toronto,TRTO,2025-09-02T14:26:26Z,2025-09-02T14:02:00Z,ARR,bad,24.0
50,True,True,TORONTO,OTTAWA,2025-09-02,0,Toronto,TRTO,2025-09-02T10:32:00Z,2025-09-02T10:32:00Z,ARR,goo,0.0
50,True,True,TORONTO,OTTAWA,2025-09-02,1,Guildwood,GUIL,2025-09-02T10:48:39Z,2025-09-02T10:50:00Z,ARR,goo,-1.0
50,True,True,TORONTO,OTTAWA,2025-09-02,2,Oshawa,OSHA,2025-09-02T11:09:58Z,2025-09-02T11:08:00Z,ARR,goo,1.0
50,True,True,TORONTO,OTTAWA,2025-09-02,3,Cobourg,CBRG,2025-09-02T11:45:25Z,2025-09-02T11:43:00Z,ARR,goo,2.0
50,True,True,TORONTO,OTTAWA,2025-09-02,4,Belleville,BLVL,2025-09-02T12:19:41Z,2025-09-02T12:18:00Z,ARR,goo,1.0
50,True,True,TORONTO,OTTAWA,2025-09-02,5,Kingston,KGON,2025-09-02T12:56:02Z,2025-09-02T12:57:00Z,ARR,goo,0.0
50,True,True,TORONTO,OTTAWA,2025-09-02,6,Brockville,BRKV,2025-09-02T14:11:21Z,2025-09-02T13:54:00Z,ARR,bad,17.0
50,True,True,TORONTO,OTTAWA,2025-09-02,7,Smiths Falls,SMTF,2025-09-02T14:39:17Z,2025-09-02T14:29:00Z,ARR,med,10.0
50,True,True,TORONTO,OTTAWA,2025-09-02,8,Fallowfield,FALL,2025-09-02T15:09:43Z,2025-09-02T15:01:00Z,ARR,med,8.0
50,True,True,TORONTO,OTTAWA,2025-09-02,9,Ottawa,OTTW,2025-09-02T15:28:52Z,2025-09-02T15:21:00Z,ARR,med,7.0
52,True,True,TORONTO,OTTAWA,2025-09-02,0,Toronto,TRTO,2025-09-02T12:32:00Z,2025-09-02T12:32:00Z,ARR,goo,0.0
52,True,True,TORONTO,OTTAWA,2025-09-02,1,Guildwood,GUIL,2025-09-02T12:48:20Z,2025-09-02T12:50:00Z,ARR,goo,-1.0
52,True,True,TORONTO,OTTAWA,2025-09-02,2,Oshawa,OSHA,2025-09-02T13:09:48Z,2025-09-02T13:09:00Z,ARR,goo,0.0
52,True,True,TORONTO,OTTAWA,2025-09-02,3,Cobourg,CBRG,2025-09-02T13:46:32Z,2025-09-02T13:44:00Z,ARR,goo,2.0
52,True,True,TORONTO,OTTAWA,2025-09-02,4,Belleville,BLVL,2025-09-02T14:20:24Z,2025-09-02T14:20:00Z,ARR,goo,0.0
52,True,True,TORONTO,OTTAWA,2025-09-02,5,Kingston,KGON,2025-09-02T15:04:50Z,2025-09-02T15:00:00Z,ARR,goo,4.0
52,True,True,TORONTO,OTTAWA,2025-09-02,6,Brockville,BRKV,2025-09-02T16:01:23Z,2025-09-02T15:57:00Z,ARR,goo,4.0
52,True,True,TORONTO,OTTAWA,2025-09-02,7,Smiths Falls,SMTF,2025-09-02T16:46:09Z,2025-09-02T16:35:00Z,ARR,med,11.0
52,True,True,TORONTO,OTTAWA,2025-09-02,8,Fallowfield,FALL,2025-09-02T17:11:58Z,2025-09-02T17:11:00Z,ARR,goo,0.0
52,True,True,TORONTO,OTTAWA,2025-09-02,9,Ottawa,OTTW,2025-09-02T17:29:49Z,2025-09-02T17:32:00Z,ARR,goo,-2.0
53,True,True,OTTAWA,TORONTO,2025-09-02,0,Ottawa,OTTW,2025-09-02T15:43:00Z,2025-09-02T15:43:00Z,ARR,goo,0.0
53,True,True,OTTAWA,TORONTO,2025-09-02,1,Fallowfield,FALL,2025-09-02T15:59:05Z,2025-09-02T16:00:00Z,ARR,goo,0.0
53,True,True,OTTAWA,TORONTO,2025-09-02,2,Brockville,BRKV,2025-09-02T17:03:58Z,2025-09-02T17:01:00Z,ARR,goo,2.0
53,True,True,OTTAWA,TORONTO,2025-09-02,3,Gananoque,GANA,2025-09-02T17:40:15Z,2025-09-02T17:31:00Z,ARR,med,9.0
53,True,True,OTTAWA,TORONTO,2025-09-02,4,Kingston,KGON,2025-09-02T18:01:33Z,2025-09-02T17:54:00Z,ARR,med,7.0
53,True,True,OTTAWA,TORONTO,2025-09-02,5,Belleville,BLVL,2025-09-02T18:40:27Z,2025-09-02T18:36:00Z,ARR,goo,4.0
53,True,True,OTTAWA,TORONTO,2025-09-02,6,Cobourg,CBRG,2025-09-02T19:13:45Z,2025-09-02T19:12:00Z,ARR,goo,1.0
53,True,True,OTTAWA,TORONTO,2025-09-02,7,Oshawa,OSHA,2025-09-02T19:45:12Z,2025-09-02T19:48:00Z,ARR,goo,-2.0
53,True,True,OTTAWA,TORONTO,2025-09-02,8,Toronto,TRTO,2025-09-02T20:30:03Z,2025-09-02T20:33:00Z,ARR,goo,-2.0
60,True,True,TORONTO,MONTRÉAL,2025-09-02,0,Toronto,TRTO,2025-09-02T10:32:00Z,2025-09-02T10:32:00Z,ARR,goo,0.0
60,True,True,TORONTO,MONTRÉAL,2025-09-02,1,Guildwood,GUIL,2025-09-02T10:48:33Z,2025-09-02T10:50:00Z,ARR,goo,-1.0
60,True,True,TORONTO,MONTRÉAL,2025-09-02,2,Oshawa,OSHA,2025-09-02T11:09:54Z,2025-09-02T11:08:00Z,ARR,goo,1.0
60,True,True,TORONTO,MONTRÉAL,2025-09-02,3,Cobourg,CBRG,2025-09-02T11:45:20Z,2025-09-02T11:43:00Z,ARR,goo,2.0
60,True,True,TORONTO,MONTRÉAL,2025-09-02,4,Belleville,BLVL,2025-09-02T12:19:36Z,2025-09-02T12:18:00Z,ARR,goo,1.0
60,True,True,TORONTO,MONTRÉAL,2025-09-02,5,Kingston,KGON,2025-09-02T12:55:57Z,2025-09-02T12:57:00Z,ARR,goo,-1.0
60,True,True,TORONTO,MONTRÉAL,2025-09-02,6,Cornwall,CWLL,2025-09-02T14:27:31Z,2025-09-02T14:38:00Z,ARR,goo,-10.0
60,True,True,TORONTO,MONTRÉAL,2025-09-02,7,Dorval,DORV,2025-09-02T15:45:00Z,2025-09-02T15:25:00Z,ARR,bad,20.0
60,True,True,TORONTO,MONTRÉAL,2025-09-02,8,Montréal,MTRL,2025-09-02T16:08:39Z,2025-09-02T15:50:00Z,ARR,bad,18.0
64,True,True,TORONTO,MONTRÉAL,2025-09-02,0,Toronto,TRTO,2025-09-02T15:38:00Z,2025-09-02T15:38:00Z,ARR,goo,0.0
64,True,True,TORONTO,MONTRÉAL,2025-09-02,1,Guildwood,GUIL,2025-09-02T15:54:13Z,2025-09-02T15:55:00Z,ARR,goo,0.0
64,True,True,TORONTO,MONTRÉAL,2025-09-02,2,Oshawa,OSHA,2025-09-02T16:15:43Z,2025-09-02T16:09:00Z,ARR,med,6.0
64,True,True,TORONTO,MONTRÉAL,2025-09-02,3,Cobourg,CBRG,2025-09-02T16:49:20Z,2025-09-02T16:46:00Z,ARR,goo,3.0
64,True,True,TORONTO,MONTRÉAL,2025-09-02,4,Belleville,BLVL,2025-09-02T17:25:05Z,2025-09-02T17:22:00Z,ARR,goo,3.0
64,True,True,TORONTO,MONTRÉAL,2025-09-02,5,Kingston,KGON,2025-09-02T18:02:02Z,2025-09-02T18:03:00Z,ARR,goo,0.0
64,True,True,TORONTO,MONTRÉAL,2025-09-02,6,Brockville,BRKV,2025-09-02T18:55:20Z,2025-09-02T18:52:00Z,ARR,goo,3.0
64,True,True,TORONTO,MONTRÉAL,2025-09-02,7,Cornwall,CWLL,2025-09-02T19:43:33Z,2025-09-02T19:42:00Z,ARR,goo,1.0
64,True,True,TORONTO,MONTRÉAL,2025-09-02,8,Dorval,DORV,2025-09-02T20:34:27Z,2025-09-02T20:37:00Z,ARR,goo,-2.0
64,True,True,TORONTO,MONTRÉAL,2025-09-02,9,Montréal,MTRL,2025-09-02T21:04:28Z,2025-09-02T21:05:00Z,ARR,goo,0.0
65,True,True,MONTRÉAL,TORONTO,2025-09-02,0,Montréal,MTRL,2025-09-02T14:49:00Z,2025-09-02T14:49:00Z,ARR,goo,0.0
65,True,True,MONTRÉAL,TORONTO,2025-09-02,1,Dorval,DORV,2025-09-02T15:14:28Z,2025-09-02T15:12:00Z,ARR,goo,2.0
65,True,True,MONTRÉAL,TORONTO,2025-09-02,2,Cornwall,CWLL,2025-09-02T16:14:36Z,2025-09-02T16:06:00Z,ARR,med,8.0
65,True,True,MONTRÉAL,TORONTO,2025-09-02,3,Kingston,KGON,2025-09-02T17:39:44Z,2025-09-02T17:36:00Z,ARR,goo,3.0
65,True,True,MONTRÉAL,TORONTO,2025-09-02,4,Belleville,BLVL,2025-09-02T18:19:51Z,2025-09-02T18:20:00Z,ARR,goo,0.0
65,True,True,MONTRÉAL,TORONTO,2025-09-02,5,Cobourg,CBRG,2025-09-02T18:55:33Z,2025-09-02T18:58:00Z,ARR,goo,-2.0
65,True,True,MONTRÉAL,TORONTO,2025-09-02,6,Oshawa,OSHA,2025-09-02T19:32:43Z,2025-09-02T19:34:00Z,ARR,goo,-1.0
65,True,True,MONTRÉAL,TORONTO,2025-09-02,7,Toronto,TRTO,2025-09-02T20:21:06Z,2025-09-02T20:18:00Z,ARR,goo,3.0
61,True,True,MONTRÉAL,TORONTO,2025-09-02,0,Montréal,MTRL,2025-09-02T10:45:00Z,2025-09-02T10:45:00Z,ARR,goo,0.0
61,True,True,MONTRÉAL,TORONTO,2025-09-02,1,Dorval,DORV,2025-09-02T11:10:19Z,2025-09-02T11:08:00Z,ARR,goo,2.0
61,True,True,MONTRÉAL,TORONTO,2025-09-02,2,Cornwall,CWLL,2025-09-02T12:06:05Z,2025-09-02T12:01:00Z,ARR,med,5.0
61,True,True,MONTRÉAL,TORONTO,2025-09-02,3,Kingston,KGON,2025-09-02T13:36:35Z,2025-09-02T13:29:00Z,ARR,med,7.0
61,True,True,MONTRÉAL,TORONTO,2025-09-02,4,Belleville,BLVL,2025-09-02T14:19:06Z,2025-09-02T14:11:00Z,ARR,med,8.0
61,True,True,MONTRÉAL,TORONTO,2025-09-02,5,Oshawa,OSHA,2025-09-02T15:30:29Z,2025-09-02T15:19:00Z,ARR,med,11.0
61,True,True,MONTRÉAL,TORONTO,2025-09-02,6,Guildwood,GUIL,2025-09-02T15:49:18Z,2025-09-02T15:43:00Z,ARR,med,6.0
61,True,True,MONTRÉAL,TORONTO,2025-09-02,7,Toronto,TRTO,2025-09-02T16:11:28Z,2025-09-02T16:03:00Z,ARR,med,8.0
67,True,True,MONTRÉAL,TORONTO,2025-09-02,0,Montréal,MTRL,2025-09-02T17:22:00Z,2025-09-02T17:22:00Z,ARR,goo,0.0
67,True,True,MONTRÉAL,TORONTO,2025-09-02,1,Dorval,DORV,2025-09-02T17:45:16Z,2025-09-02T17:47:00Z,ARR,goo,-1.0
67,True,True,MONTRÉAL,TORONTO,2025-09-02,2,Cornwall,CWLL,2025-09-02T18:45:45Z,2025-09-02T18:38:00Z,ARR,med,7.0
67,True,True,MONTRÉAL,TORONTO,2025-09-02,3,Kingston,KGON,2025-09-02T20:14:24Z,2025-09-02T20:03:00Z,ARR,med,11.0
67,True,True,MONTRÉAL,TORONTO,2025-09-02,4,Belleville,BLVL,2025-09-02T20:54:56Z,2025-09-02T20:42:00Z,ARR,med,12.0
67,True,True,MONTRÉAL,TORONTO,2025-09-02,5,Cobourg,CBRG,2025-09-02T21:27:57Z,2025-09-02T21:17:00Z,ARR,med,10.0
67,True,True,MONTRÉAL,TORONTO,2025-09-02,6,Oshawa,OSHA,2025-09-02T22:00:58Z,2025-09-02T21:50:00Z,ARR,med,10.0
67,True,True,MONTRÉAL,TORONTO,2025-09-02,7,Toronto,TRTO,2025-09-02T22:47:00Z,2025-09-02T22:45:00Z,ARR,goo,2.0
70,True,True,WINDSOR,TORONTO,2025-09-02,0,Windsor,WDON,2025-09-02T09:55:00Z,2025-09-02T09:35:00Z,ARR,bad,20.0
70,True,True,WINDSOR,TORONTO,2025-09-02,1,Chatham,CHAT,2025-09-02T10:36:20Z,2025-09-02T10:19:00Z,ARR,bad,17.0
70,True,True,WINDSOR,TORONTO,2025-09-02,2,London,LNDN,2025-09-02T11:48:17Z,2025-09-02T11:25:00Z,ARR,bad,23.0
70,True,True,WINDSOR,TORONTO,2025-09-02,3,Ingersoll,INGR,2025-09-02T12:15:27Z,2025-09-02T11:55:00Z,ARR,bad,20.0
70,True,True,WINDSOR,TORONTO,2025-09-02,4,Woodstock,WDST,2025-09-02T12:33:23Z,2025-09-02T12:08:00Z,ARR,bad,25.0
70,True,True,WINDSOR,TORONTO,2025-09-02,5,Brantford,BRTF,2025-09-02T13:09:08Z,2025-09-02T12:44:00Z,ARR,bad,25.0
70,True,True,WINDSOR,TORONTO,2025-09-02,6,Aldershot,ALDR,2025-09-02T13:40:41Z,2025-09-02T13:25:00Z,ARR,bad,15.0
70,True,True,WINDSOR,TORONTO,2025-09-02,7,Oakville,OAKV,2025-09-02T14:04:40Z,2025-09-02T13:43:00Z,ARR,bad,21.0
70,True,True,WINDSOR,TORONTO,2025-09-02,8,Toronto,TRTO,2025-09-02T14:37:57Z,2025-09-02T14:10:00Z,ARR,bad,27.0
71,True,True,TORONTO,WINDSOR,2025-09-02,0,Toronto,TRTO,2025-09-02T10:50:00Z,2025-09-02T10:50:00Z,ARR,goo,0.0
71,True,True,TORONTO,WINDSOR,2025-09-02,1,Oakville,OAKV,2025-09-02T11:13:15Z,2025-09-02T11:13:00Z,ARR,goo,0.0
71,True,True,TORONTO,WINDSOR,2025-09-02,2,Aldershot,ALDR,2025-09-02T11:29:11Z,2025-09-02T11:29:00Z,ARR,goo,0.0
71,True,True,TORONTO,WINDSOR,2025-09-02,3,Brantford,BRTF,2025-09-02T12:00:44Z,2025-09-02T11:55:00Z,ARR,med,5.0
71,True,True,TORONTO,WINDSOR,2025-09-02,4,Woodstock,WDST,2025-09-02T12:55:45Z,2025-09-02T12:30:00Z,ARR,bad,25.0
71,True,True,TORONTO,WINDSOR,2025-09-02,5,Ingersoll,INGR,2025-09-02T13:07:14Z,2025-09-02T12:43:00Z,ARR,bad,24.0
71,True,True,TORONTO,WINDSOR,2025-09-02,6,London,LNDN,2025-09-02T13:29:36Z,2025-09-02T13:06:00Z,ARR,bad,23.0
71,True,True,TORONTO,WINDSOR,2025-09-02,7,Glencoe,GLNC,2025-09-02T14:02:37Z,2025-09-02T13:39:00Z,ARR,bad,23.0
71,True,True,TORONTO,WINDSOR,2025-09-02,8,Chatham,CHAT,2025-09-02T14:43:17Z,2025-09-02T14:18:00Z,ARR,bad,25.0
71,True,True,TORONTO,WINDSOR,2025-09-02,9,Windsor,WDON,2025-09-02T15:26:44Z,2025-09-02T15:08:00Z,ARR,bad,18.0
72,True,True,WINDSOR,TORONTO,2025-09-02,0,Windsor,WDON,2025-09-02T12:43:00Z,2025-09-02T12:43:00Z,ARR,goo,0.0
72,True,True,WINDSOR,TORONTO,2025-09-02,1,Chatham,CHAT,2025-09-02T14:05:54Z,2025-09-02T13:25:00Z,ARR,bad,40.0
72,True,True,WINDSOR,TORONTO,2025-09-02,2,Glencoe,GLNC,2025-09-02T14:51:38Z,2025-09-02T14:05:00Z,ARR,bad,46.0
72,True,True,WINDSOR,TORONTO,2025-09-02,3,London,LNDN,2025-09-02T15:22:52Z,2025-09-02T14:39:00Z,ARR,bad,43.0
72,True,True,WINDSOR,TORONTO,2025-09-02,4,Ingersoll,INGR,2025-09-02T15:52:23Z,2025-09-02T15:07:00Z,ARR,bad,45.0
72,True,True,WINDSOR,TORONTO,2025-09-02,5,Woodstock,WDST,2025-09-02T16:05:05Z,2025-09-02T15:23:00Z,ARR,bad,42.0
72,True,True,WINDSOR,TORONTO,2025-09-02,6,Brantford,BRTF,2025-09-02T16:36:55Z,2025-09-02T15:55:00Z,ARR,bad,41.0
72,True,True,WINDSOR,TORONTO,2025-09-02,7,Aldershot,ALDR,2025-09-02T17:11:02Z,2025-09-02T16:29:00Z,ARR,bad,42.0
72,True,True,WINDSOR,TORONTO,2025-09-02,8,Oakville,OAKV,2025-09-02T17:30:02Z,2025-09-02T16:45:00Z,ARR,bad,45.0
72,True,True,WINDSOR,TORONTO,2025-09-02,9,Toronto,TRTO,2025-09-02T17:58:41Z,2025-09-02T17:11:00Z,ARR,bad,47.0
73,True,True,TORONTO,WINDSOR,2025-09-02,0,Toronto,TRTO,2025-09-02T15:30:00Z,2025-09-02T15:30:00Z,ARR,goo,0.0
73,True,True,TORONTO,WINDSOR,2025-09-02,1,Oakville,OAKV,2025-09-02T15:59:31Z,2025-09-02T15:51:00Z,ARR,med,8.0
73,True,True,TORONTO,WINDSOR,2025-09-02,2,Aldershot,ALDR,2025-09-02T16:17:03Z,2025-09-02T16:09:00Z,ARR,med,8.0
73,True,True,TORONTO,WINDSOR,2025-09-02,3,Brantford,BRTF,2025-09-02T16:48:59Z,2025-09-02T16:40:00Z,ARR,med,8.0
73,True,True,TORONTO,WINDSOR,2025-09-02,4,Woodstock,WDST,2025-09-02T17:15:44Z,2025-09-02T17:09:00Z,ARR,med,6.0
73,True,True,TORONTO,WINDSOR,2025-09-02,5,London,LNDN,2025-09-02T17:45:04Z,2025-09-02T17:38:00Z,ARR,med,7.0
73,True,True,TORONTO,WINDSOR,2025-09-02,6,Chatham,CHAT,2025-09-02T19:06:26Z,2025-09-02T18:50:00Z,ARR,bad,16.0
73,True,True,TORONTO,WINDSOR,2025-09-02,7,Windsor,WDON,2025-09-02T19:50:07Z,2025-09-02T19:45:00Z,ARR,med,5.0
76,True,True,WINDSOR,TORONTO,2025-09-02,0,Windsor,WDON,2025-09-02T17:06:00Z,2025-09-02T17:06:00Z,ARR,goo,0.0
76,True,True,WINDSOR,TORONTO,2025-09-02,1,Chatham,CHAT,2025-09-02T17:49:43Z,2025-09-02T17:48:00Z,ARR,goo,1.0
76,True,True,WINDSOR,TORONTO,2025-09-02,2,Glencoe,GLNC,2025-09-02T18:34:41Z,2025-09-02T18:23:00Z,ARR,med,11.0
76,True,True,WINDSOR,TORONTO,2025-09-02,3,London,LNDN,2025-09-02T19:07:05Z,2025-09-02T18:58:00Z,ARR,med,9.0
76,True,True,WINDSOR,TORONTO,2025-09-02,4,Brantford,BRTF,2025-09-02T20:05:28Z,2025-09-02T19:59:00Z,ARR,med,6.0
76,True,True,WINDSOR,TORONTO,2025-09-02,5,Aldershot,ALDR,2025-09-02T20:41:38Z,2025-09-02T20:30:00Z,ARR,med,11.0
76,True,True,WINDSOR,TORONTO,2025-09-02,6,Oakville,OAKV,2025-09-02T20:56:40Z,2025-09-02T20:47:00Z,ARR,med,9.0
76,True,True,WINDSOR,TORONTO,2025-09-02,7,Toronto,TRTO,2025-09-02T21:27:40Z,2025-09-02T21:13:00Z,ARR,med,14.0
82,True,True,LONDON,TORONTO,2025-09-02,0,London,LNDN,2025-09-02T10:25:00Z,2025-09-02T10:25:00Z,ARR,goo,0.0
82,True,True,LONDON,TORONTO,2025-09-02,1,Woodstock,WDST,2025-09-02T10:54:56Z,2025-09-02T10:53:00Z,ARR,goo,1.0
82,True,True,LONDON,TORONTO,2025-09-02,2,Brantford,BRTF,2025-09-02T11:22:49Z,2025-09-02T11:23:00Z,ARR,goo,0.0
82,True,True,LONDON,TORONTO,2025-09-02,3,Toronto,TRTO,2025-09-02T12:38:10Z,2025-09-02T12:35:00Z,ARR,goo,3.0
84,True,True,SARNIA,TORONTO,2025-09-02,0,Sarnia,SARN,2025-09-02T12:40:00Z,2025-09-02T12:40:00Z,ARR,goo,0.0
84,True,True,SARNIA,TORONTO,2025-09-02,1,Wyoming,WYOM,2025-09-02T12:58:23Z,2025-09-02T12:55:00Z,ARR,goo,3.0
84,True,True,SARNIA,TORONTO,2025-09-02,2,Strathroy,STRR,2025-09-02T13:24:54Z,2025-09-02T13:27:00Z,ARR,goo,-2.0
84,True,True,SARNIA,TORONTO,2025-09-02,3,London,LNDN,2025-09-02T13:51:13Z,2025-09-02T13:52:00Z,ARR,goo,0.0
84,True,True,SARNIA,TORONTO,2025-09-02,4,St.Marys,SMYS,2025-09-02T14:45:02Z,2025-09-02T14:45:00Z,ARR,goo,0.0
84,True,True,SARNIA,TORONTO,2025-09-02,5,Stratford,STRF,2025-09-02T15:13:25Z,2025-09-02T15:14:00Z,ARR,goo,0.0
84,True,True,SARNIA,TORONTO,2025-09-02,6,Kitchener,KITC,2025-09-02T16:02:37Z,2025-09-02T16:02:00Z,ARR,goo,0.0
84,True,True,SARNIA,TORONTO,2025-09-02,7,Guelph,GUEL,2025-09-02T16:27:36Z,2025-09-02T16:24:00Z,ARR,goo,3.0
84,True,True,SARNIA,TORONTO,2025-09-02,8,Georgetown,GEOR,2025-09-02T16:51:51Z,2025-09-02T16:47:00Z,ARR,goo,4.0
84,True,True,SARNIA,TORONTO,2025-09-02,9,Brampton,BRMP,2025-09-02T17:13:55Z,2025-09-02T16:59:00Z,ARR,med,14.0
84,True,True,SARNIA,TORONTO,2025-09-02,10,Malton,MALT,2025-09-02T17:41:41Z,2025-09-02T17:11:00Z,ARR,bad,30.0
84,True,True,SARNIA,TORONTO,2025-09-02,11,Toronto,TRTO,2025-09-02T18:09:40Z,2025-09-02T17:38:00Z,ARR,bad,31.0
641,True,True,OTTAWA,TORONTO,2025-09-02,0,Ottawa,OTTW,2025-09-02T08:13:00Z,2025-09-02T08:13:00Z,ARR,goo,0.0
641,True,True,OTTAWA,TORONTO,2025-09-02,1,Fallowfield,FALL,2025-09-02T08:29:40Z,2025-09-02T08:30:00Z,ARR,goo,0.0
641,True,True,OTTAWA,TORONTO,2025-09-02,2,Smiths Falls,SMTF,2025-09-02T08:58:42Z,2025-09-02T09:00:00Z,ARR,goo,-1.0
641,True,True,OTTAWA,TORONTO,2025-09-02,3,Brockville,BRKV,2025-09-02T09:30:04Z,2025-09-02T09:32:00Z,ARR,goo,-1.0
641,True,True,OTTAWA,TORONTO,2025-09-02,4,Kingston,KGON,2025-09-02T10:18:42Z,2025-09-02T10:16:00Z,ARR,goo,2.0
641,True,True,OTTAWA,TORONTO,2025-09-02,5,Belleville,BLVL,2025-09-02T10:59:44Z,2025-09-02T10:56:00Z,ARR,goo,3.0
641,True,True,OTTAWA,TORONTO,2025-09-02,6,Cobourg,CBRG,2025-09-02T11:36:03Z,2025-09-02T11:31:00Z,ARR,med,5.0
641,True,True,OTTAWA,TORONTO,2025-09-02,7,Port Hope,PHOP,2025-09-02T11:46:23Z,2025-09-02T11:41:00Z,ARR,med,5.0
641,True,True,OTTAWA,TORONTO,2025-09-02,8,Toronto,TRTO,2025-09-02T12:57:03Z,2025-09-02T12:48:00Z,ARR,med,9.0
644,True,True,TORONTO,OTTAWA,2025-09-02,0,Toronto,TRTO,2025-09-02T17:23:00Z,2025-09-02T17:23:00Z,ARR,goo,0.0
644,True,True,TORONTO,OTTAWA,2025-09-02,1,Oshawa,OSHA,2025-09-02T17:56:53Z,2025-09-02T17:53:00Z,ARR,goo,3.0
644,True,True,TORONTO,OTTAWA,2025-09-02,2,Cobourg,CBRG,2025-09-02T18:32:06Z,2025-09-02T18:28:00Z,ARR,goo,4.0
644,True,True,TORONTO,OTTAWA,2025-09-02,3,Belleville,BLVL,2025-09-02T19:16:37Z,2025-09-02T19:03:00Z,ARR,med,13.0
644,True,True,TORONTO,OTTAWA,2025-09-02,4,Kingston,KGON,2025-09-02T19:53:35Z,2025-09-02T19:43:00Z,ARR,med,10.0
644,True,True,TORONTO,OTTAWA,2025-09-02,5,Fallowfield,FALL,2025-09-02T21:28:05Z,2025-09-02T21:30:00Z,ARR,goo,-1.0
644,True,True,TORONTO,OTTAWA,2025-09-02,6,Ottawa,OTTW,2025-09-02T21:47:23Z,2025-09-02T21:53:00Z,ARR,goo,-5.0
643,True,True,OTTAWA,TORONTO,2025-09-02,0,Ottawa,OTTW,2025-09-02T12:29:00Z,2025-09-02T12:29:00Z,ARR,goo,0.0
643,True,True,OTTAWA,TORONTO,2025-09-02,1,Fallowfield,FALL,2025-09-02T12:48:19Z,2025-09-02T12:45:00Z,ARR,goo,3.0
643,True,True,OTTAWA,TORONTO,2025-09-02,2,Smiths Falls,SMTF,2025-09-02T13:21:46Z,2025-09-02T13:17:00Z,ARR,goo,4.0
643,True,True,OTTAWA,TORONTO,2025-09-02,3,Brockville,BRKV,2025-09-02T13:56:20Z,2025-09-02T13:49:00Z,ARR,med,7.0
643,True,True,OTTAWA,TORONTO,2025-09-02,4,Kingston,KGON,2025-09-02T14:42:36Z,2025-09-02T14:32:00Z,ARR,med,10.0
643,True,True,OTTAWA,TORONTO,2025-09-02,5,Napanee,NAPN,2025-09-02T15:07:14Z,2025-09-02T14:57:00Z,ARR,med,10.0
643,True,True,OTTAWA,TORONTO,2025-09-02,6,Belleville,BLVL,2025-09-02T15:27:06Z,2025-09-02T15:17:00Z,ARR,med,10.0
643,True,True,OTTAWA,TORONTO,2025-09-02,7,Trenton Jct.,TRNJ,2025-09-02T15:43:54Z,2025-09-02T15:31:00Z,ARR,med,12.0
643,True,True,OTTAWA,TORONTO,2025-09-02,8,Cobourg,CBRG,2025-09-02T16:11:11Z,2025-09-02T15:57:00Z,ARR,med,14.0
643,True,True,OTTAWA,TORONTO,2025-09-02,9,Port Hope,PHOP,2025-09-02T16:21:19Z,2025-09-02T16:07:00Z,ARR,med,14.0
643,True,True,OTTAWA,TORONTO,2025-09-02,10,Oshawa,OSHA,2025-09-02T16:47:01Z,2025-09-02T16:35:00Z,ARR,med,12.0
643,True,True,OTTAWA,TORONTO,2025-09-02,11,Guildwood,GUIL,2025-09-02T17:11:35Z,2025-09-02T16:58:00Z,ARR,med,13.0
643,True,True,OTTAWA,TORONTO,2025-09-02,12,Toronto,TRTO,2025-09-02T17:30:33Z,2025-09-02T17:18:00Z,ARR,med,12.0
97,True,True,TORONTO,NIAGARA FALLS,2025-09-02,0,Toronto,TRTO,2025-09-02T12:22:00Z,2025-09-02T12:20:00Z,ARR,goo,2.0
97,True,True,TORONTO,NIAGARA FALLS,2025-09-02,1,Oakville,OAKV,2025-09-02T12:43:00Z,2025-09-02T12:43:00Z,ARR,goo,0.0
97,True,True,TORONTO,NIAGARA FALLS,2025-09-02,2,Aldershot,ALDR,2025-09-02T12:56:00Z,2025-09-02T12:56:00Z,ARR,goo,0.0
97,True,True,TORONTO,NIAGARA FALLS,2025-09-02,3,Grimsby,GRIM,2025-09-02T13:37:00Z,2025-09-02T13:37:00Z,ARR,goo,0.0
97,True,True,TORONTO,NIAGARA FALLS,2025-09-02,4,St. Catharines,SCAT,2025-09-02T13:57:00Z,2025-09-02T13:57:00Z,ARR,goo,0.0
97,True,True,TORONTO,NIAGARA FALLS,2025-09-02,5,Niagara Falls,NIAG,2025-09-02T14:20:00Z,2025-09-02T14:20:00Z,ARR,goo,0.0
62,True,True,TORONTO,MONTRÉAL,2025-09-02,0,Toronto,TRTO,2025-09-02T12:32:00Z,2025-09-02T12:32:00Z,ARR,goo,0.0
62,True,True,TORONTO,MONTRÉAL,2025-09-02,1,Guildwood,GUIL,2025-09-02T12:48:23Z,2025-09-02T12:50:00Z,ARR,goo,-1.0
62,True,True,TORONTO,MONTRÉAL,2025-09-02,2,Oshawa,OSHA,2025-09-02T13:09:44Z,2025-09-02T13:09:00Z,ARR,goo,0.0
62,True,True,TORONTO,MONTRÉAL,2025-09-02,3,Cobourg,CBRG,2025-09-02T13:46:28Z,2025-09-02T13:44:00Z,ARR,goo,2.0
62,True,True,TORONTO,MONTRÉAL,2025-09-02,4,Belleville,BLVL,2025-09-02T14:20:16Z,2025-09-02T14:20:00Z,ARR,goo,0.0
62,True,True,TORONTO,MONTRÉAL,2025-09-02,5,Kingston,KGON,2025-09-02T15:04:28Z,2025-09-02T15:00:00Z,ARR,goo,4.0
62,True,True,TORONTO,MONTRÉAL,2025-09-02,6,Cornwall,CWLL,2025-09-02T16:52:04Z,2025-09-02T16:43:00Z,ARR,med,9.0
62,True,True,TORONTO,MONTRÉAL,2025-09-02,7,Dorval,DORV,2025-09-02T17:55:59Z,2025-09-02T17:34:00Z,ARR,bad,21.0
62,True,True,TORONTO,MONTRÉAL,2025-09-02,8,Montréal,MTRL,2025-09-02T18:20:30Z,2025-09-02T18:00:00Z,ARR,bad,20.0
33,True,True,QUÉBEC,OTTAWA,2025-09-02,0,Québec,QBEC,2025-09-02T09:29:00Z,2025-09-02T09:29:00Z,ARR,goo,0.0
33,True,True,QUÉBEC,OTTAWA,2025-09-02,1,Ste-Foy,SFOY,2025-09-02T09:54:22Z,2025-09-02T09:54:00Z,ARR,goo,0.0
33,True,True,QUÉBEC,OTTAWA,2025-09-02,2,Charny,CHNY,2025-09-02T10:03:37Z,2025-09-02T10:03:00Z,ARR,goo,0.0
33,True,True,QUÉBEC,OTTAWA,2025-09-02,3,Drummondville,DRMV,2025-09-02T11:26:23Z,2025-09-02T11:26:00Z,ARR,goo,0.0
33,True,True,QUÉBEC,OTTAWA,2025-09-02,4,St. Hyacinthe,SHYA,2025-09-02T12:11:07Z,2025-09-02T11:57:00Z,ARR,med,14.0
33,True,True,QUÉBEC,OTTAWA,2025-09-02,5,St. Lambert,SLAM,2025-09-02T12:40:06Z,2025-09-02T12:23:00Z,ARR,bad,17.0
33,True,True,QUÉBEC,OTTAWA,2025-09-02,6,Montréal,MTRL,2025-09-02T12:55:11Z,2025-09-02T12:37:00Z,ARR,bad,18.0
33,True,True,QUÉBEC,OTTAWA,2025-09-02,7,Dorval,DORV,2025-09-02T13:37:51Z,2025-09-02T13:24:00Z,ARR,med,13.0
33,True,True,QUÉBEC,OTTAWA,2025-09-02,8,Alexandria,ALEX,2025-09-02T14:25:54Z,2025-09-02T14:10:00Z,ARR,bad,15.0
33,True,True,QUÉBEC,OTTAWA,2025-09-02,9,Casselman,CSLM,2025-09-02T14:44:26Z,2025-09-02T14:33:00Z,ARR,med,11.0
33,True,True,QUÉBEC,OTTAWA,2025-09-02,10,Ottawa,OTTW,2025-09-02T15:10:42Z,2025-09-02T15:04:00Z,ARR,med,6.0
45,True,True,OTTAWA,TORONTO,2025-09-02,0,Ottawa,OTTW,2025-09-02T14:24:00Z,2025-09-02T14:24:00Z,ARR,goo,0.0
45,True,True,OTTAWA,TORONTO,2025-09-02,1,Fallowfield,FALL,2025-09-02T14:40:14Z,2025-09-02T14:40:00Z,ARR,goo,0.0
45,True,True,OTTAWA,TORONTO,2025-09-02,2,Kingston,KGON,2025-09-02T16:36:15Z,2025-09-02T16:26:00Z,ARR,med,10.0
45,True,True,OTTAWA,TORONTO,2025-09-02,3,Toronto,TRTO,2025-09-02T19:01:08Z,2025-09-02T18:48:00Z,ARR,med,13.0
185,True,True,SUDBURY,WHITE RIVER,2025-09-02,0,Sudbury,SUDB,2025-09-02T13:00:00Z,2025-09-02T13:00:00Z,ARR,goo,0.0
185,True,True,SUDBURY,WHITE RIVER,2025-09-02,1,Azilda,AZIL,2025-09-02T13:15:16Z,2025-09-02T13:10:00Z,ARR,med,5.0
185,True,True,SUDBURY,WHITE RIVER,2025-09-02,2,Chelmsford,CHEL,2025-09-02T13:18:25Z,2025-09-02T13:15:00Z,ARR,goo,3.0
185,True,True,SUDBURY,WHITE RIVER,2025-09-02,3,Larchwood,LARC,2025-09-02T13:22:06Z,2025-09-02T13:19:00Z,ARR,goo,3.0
185,True,True,SUDBURY,WHITE RIVER,2025-09-02,4,Levack,LEVA,2025-09-02T13:32:02Z,2025-09-02T13:30:00Z,ARR,goo,2.0
185,True,True,SUDBURY,WHITE RIVER,2025-09-02,5,Cartier,CART,2025-09-02T13:45:03Z,2025-09-02T13:45:00Z,ARR,goo,0.0
185,True,True,SUDBURY,WHITE RIVER,2025-09-02,6,Benny,BENN,2025-09-02T14:02:40Z,2025-09-02T14:05:00Z,ARR,goo,-2.0
185,True,True,SUDBURY,WHITE RIVER,2025-09-02,7,Stralak,STRL,2025-09-02T14:07:14Z,2025-09-02T14:12:00Z,ARR,goo,-4.0
185,True,True,SUDBURY,WHITE RIVER,2025-09-02,8,Pogamasing,POGA,2025-09-02T14:18:25Z,2025-09-02T14:25:00Z,ARR,goo,-6.0
185,True,True,SUDBURY,WHITE RIVER,2025-09-02,9,Sheahan,SHEA,2025-09-02T14:24:28Z,2025-09-02T14:30:00Z,ARR,goo,-5.0
185,True,True,SUDBURY,WHITE RIVER,2025-09-02,10,Forks,FRKS,2025-09-02T14:40:00Z,2025-09-02T14:40:00Z,ARR,goo,0.0
185,True,True,SUDBURY,WHITE RIVER,2025-09-02,11,Metagama,MTGM,2025-09-02T14:50:00Z,2025-09-02T14:50:00Z,ARR,goo,0.0
185,True,True,SUDBURY,WHITE RIVER,2025-09-02,12,Sinker,SNKR,2025-09-02T14:55:00Z,2025-09-02T14:55:00Z,ARR,goo,0.0
185,True,True,SUDBURY,WHITE RIVER,2025-09-02,13,Biscotasing,BISC,2025-09-02T15:22:36Z,2025-09-02T15:20:00Z,ARR,goo,2.0
185,True,True,SUDBURY,WHITE RIVER,2025-09-02,14,Roberts,RBRT,2025-09-02T15:32:36Z,2025-09-02T15:30:00Z,ARR,goo,2.0
185,True,True,SUDBURY,WHITE RIVER,2025-09-02,15,Ramsey,RAMS,2025-09-02T15:47:36Z,2025-09-02T15:45:00Z,ARR,goo,2.0
185,True,True,SUDBURY,WHITE RIVER,2025-09-02,16,Woman River,WOMR,2025-09-02T16:07:36Z,2025-09-02T16:05:00Z,ARR,goo,2.0
185,True,True,SUDBURY,WHITE RIVER,2025-09-02,17,Sultan,SULT,2025-09-02T16:22:36Z,2025-09-02T16:20:00Z,ARR,goo,2.0
185,True,True,SUDBURY,WHITE RIVER,2025-09-02,18,Kormak,KORM,2025-09-02T16:37:36Z,2025-09-02T16:35:00Z,ARR,goo,2.0
185,True,True,SUDBURY,WHITE RIVER,2025-09-02,19,Kinogama,KINO,2025-09-02T16:42:36Z,2025-09-02T16:40:00Z,ARR,goo,2.0
185,True,True,SUDBURY,WHITE RIVER,2025-09-02,20,Nemegos,NEME,2025-09-02T18:24:54Z,2025-09-02T16:55:00Z,ARR,bad,89.0
185,True,True,SUDBURY,WHITE RIVER,2025-09-02,21,Devon,DEVN,2025-09-02T18:42:35Z,2025-09-02T17:05:00Z,ARR,bad,97.0
185,True,True,SUDBURY,WHITE RIVER,2025-09-02,22,Chapleau,CHAP,2025-09-02T18:58:14Z,2025-09-02T17:20:00Z,ARR,bad,98.0
185,True,True,SUDBURY,WHITE RIVER,2025-09-02,23,Esher,ESHR,2025-09-02T19:19:00Z,2025-09-02T17:50:00Z,ARR,bad,89.0
185,True,True,SUDBURY,WHITE RIVER,2025-09-02,24,Musk,MUSK,2025-09-02T19:43:48Z,2025-09-02T18:00:00Z,ARR,bad,103.0
185,True,True,SUDBURY,WHITE RIVER,2025-09-02,25,Nicholson,NICH,2025-09-02T19:50:23Z,2025-09-02T18:10:00Z,ARR,bad,100.0
185,True,True,SUDBURY,WHITE RIVER,2025-09-02,26,Bolkow,BOLK,2025-09-02T20:07:11Z,2025-09-02T18:30:00Z,ARR,bad,97.0
185,True,True,SUDBURY,WHITE RIVER,2025-09-02,27,Dalton,DALT,2025-09-02T20:22:11Z,2025-09-02T18:45:00Z,ARR,bad,97.0
185,True,True,SUDBURY,WHITE RIVER,2025-09-02,28,Missanabie,MSBI,2025-09-02T20:47:11Z,2025-09-02T19:10:00Z,ARR,bad,97.0
185,True,True,SUDBURY,WHITE RIVER,2025-09-02,29,Lochalsh,LOCH,2025-09-02T21:07:11Z,2025-09-02T19:30:00Z,ARR,bad,97.0
185,True,True,SUDBURY,WHITE RIVER,2025-09-02,30,Franz,FRNZ,2025-09-02T21:11:29Z,2025-09-02T19:50:00Z,ARR,bad,81.0
185,True,True,SUDBURY,WHITE RIVER,2025-09-02,31,Swanson,SWAN,2025-09-02T21:24:10Z,2025-09-02T20:00:00Z,ARR,bad,84.0
185,True,True,SUDBURY,WHITE RIVER,2025-09-02,32,Girdwood,GIRD,2025-09-02T21:45:59Z,2025-09-02T20:25:00Z,ARR,bad,80.0
185,True,True,SUDBURY,WHITE RIVER,2025-09-02,33,Amyot,AMYO,2025-09-02T21:56:26Z,2025-09-02T20:35:00Z,ARR,bad,81.0
185,True,True,SUDBURY,WHITE RIVER,2025-09-02,34,O'Brien,OBRI,2025-09-02T22:10:32Z,2025-09-02T20:50:00Z,ARR,bad,80.0
185,True,True,SUDBURY,WHITE RIVER,2025-09-02,35,White River,WHTR,2025-09-02T22:25:26Z,2025-09-02T21:05:00Z,ARR,bad,80.0
604,True,True,SENNETERRE,MONTRÉAL,2025-09-02,0,Senneterre,SENN,2025-09-02T10:28:00Z,2025-09-02T10:28:00Z,ARR,goo,0.0
604,True,True,SENNETERRE,MONTRÉAL,2025-09-02,1,Mégiscane,MEGI,2025-09-02T10:42:07Z,2025-09-02T10:42:00Z,ARR,goo,0.0
604,True,True,SENNETERRE,MONTRÉAL,2025-09-02,2,Signai,SIGN,2025-09-02T10:57:38Z,2025-09-02T10:58:00Z,ARR,goo,0.0
604,True,True,SENNETERRE,MONTRÉAL,2025-09-02,3,Press,PRSS,2025-09-02T11:06:00Z,2025-09-02T11:06:00Z,ARR,goo,0.0
604,True,True,SENNETERRE,MONTRÉAL,2025-09-02,4,Forsythe,FORS,2025-09-02T11:25:00Z,2025-09-02T11:25:00Z,ARR,goo,0.0
604,True,True,SENNETERRE,MONTRÉAL,2025-09-02,5,Bolger,BGQU,2025-09-02T11:32:00Z,2025-09-02T11:32:00Z,ARR,goo,0.0
604,True,True,SENNETERRE,MONTRÉAL,2025-09-02,6,Dix,DIXX,2025-09-02T11:43:00Z,2025-09-02T11:43:00Z,ARR,goo,0.0
604,True,True,SENNETERRE,MONTRÉAL,2025-09-02,7,Gagnon,GAGN,2025-09-02T11:47:00Z,2025-09-02T11:47:00Z,ARR,goo,0.0
604,True,True,SENNETERRE,MONTRÉAL,2025-09-02,8,Da-Rou-Lac Lodge,DRLL,2025-09-02T11:56:00Z,2025-09-02T11:56:00Z,ARR,goo,0.0
604,True,True,SENNETERRE,MONTRÉAL,2025-09-02,9,Langlade,LNGL,2025-09-02T11:57:01Z,2025-09-02T11:57:01Z,ARR,goo,0.0
604,True,True,SENNETERRE,MONTRÉAL,2025-09-02,10,Club Beaudin Inc.,BDNC,2025-09-02T12:04:00Z,2025-09-02T12:04:00Z,ARR,goo,0.0
604,True,True,SENNETERRE,MONTRÉAL,2025-09-02,11,Bourmont,BRMT,2025-09-02T12:09:00Z,2025-09-02T12:09:00Z,ARR,goo,0.0
604,True,True,SENNETERRE,MONTRÉAL,2025-09-02,12,Club Kapitachuan,KPTC,2025-09-02T12:11:00Z,2025-09-02T12:11:00Z,ARR,goo,0.0
604,True,True,SENNETERRE,MONTRÉAL,2025-09-02,13,Consolidated Bathurst,CBAT,2025-09-02T12:15:00Z,2025-09-02T12:15:00Z,ARR,goo,0.0
604,True,True,SENNETERRE,MONTRÉAL,2025-09-02,14,Monet,MNET,2025-09-02T12:22:00Z,2025-09-02T12:22:00Z,ARR,goo,0.0
604,True,True,SENNETERRE,MONTRÉAL,2025-09-02,15,Coquar,COQU,2025-09-02T12:33:00Z,2025-09-02T12:33:00Z,ARR,goo,0.0
604,True,True,SENNETERRE,MONTRÉAL,2025-09-02,16,Clova,CLOV,2025-09-02T12:42:00Z,2025-09-02T12:42:00Z,ARR,goo,0.0
604,True,True,SENNETERRE,MONTRÉAL,2025-09-02,17,Rivière Oskélanéo,OSKR,2025-09-02T12:55:00Z,2025-09-02T12:55:00Z,ARR,goo,0.0
604,True,True,SENNETERRE,MONTRÉAL,2025-09-02,18,Riviere Oskelaneo,,&mdash;,&mdash;,&mdash;,,
604,True,True,SENNETERRE,MONTRÉAL,2025-09-02,19,Oskelaneo Lodge,OSKL,2025-09-02T13:07:00Z,2025-09-02T13:07:00Z,ARR,goo,0.0
604,True,True,SENNETERRE,MONTRÉAL,2025-09-02,20,Greening,GRNG,2025-09-02T13:15:00Z,2025-09-02T13:15:00Z,ARR,goo,0.0
604,True,True,SENNETERRE,MONTRÉAL,2025-09-02,21,Club Maniwawa,MWWC,2025-09-02T13:26:00Z,2025-09-02T13:26:00Z,ARR,goo,0.0
604,True,True,SENNETERRE,MONTRÉAL,2025-09-02,22,Strachan,STRN,2025-09-02T13:33:00Z,2025-09-02T13:33:00Z,ARR,goo,0.0
604,True,True,SENNETERRE,MONTRÉAL,2025-09-02,23,Club Rita Inc.,RTAC,2025-09-02T13:37:00Z,2025-09-02T13:37:00Z,ARR,goo,0.0
604,True,True,SENNETERRE,MONTRÉAL,2025-09-02,24,Timbrell,TIMB,2025-09-02T13:47:00Z,2025-09-02T13:47:00Z,ARR,goo,0.0
604,True,True,SENNETERRE,MONTRÉAL,2025-09-02,25,Parent,PARE,2025-09-02T14:07:00Z,2025-09-02T14:07:00Z,ARR,goo,0.0
604,True,True,SENNETERRE,MONTRÉAL,2025-09-02,26,Manjobagues,MJBG,2025-09-02T14:44:01Z,2025-09-02T14:25:00Z,ARR,bad,19.0
604,True,True,SENNETERRE,MONTRÉAL,2025-09-02,27,Club Sisco,SSCC,2025-09-02T14:52:01Z,2025-09-02T14:33:00Z,ARR,bad,19.0
604,True,True,SENNETERRE,MONTRÉAL,2025-09-02,28,Mccarthy,MCCA,2025-09-02T14:55:01Z,2025-09-02T14:36:00Z,ARR,bad,19.0
604,True,True,SENNETERRE,MONTRÉAL,2025-09-02,29,Casey,CASY,2025-09-02T15:10:01Z,2025-09-02T14:51:00Z,ARR,bad,19.0
604,True,True,SENNETERRE,MONTRÉAL,2025-09-02,30,Hibbard,HIBB,2025-09-02T15:23:01Z,2025-09-02T15:04:00Z,ARR,bad,19.0
604,True,True,SENNETERRE,MONTRÉAL,2025-09-02,31,Club Belanger,BLGC,2025-09-02T15:38:16Z,2025-09-02T15:15:00Z,ARR,bad,23.0
604,True,True,SENNETERRE,MONTRÉAL,2025-09-02,32,Cann,CANN,2025-09-02T15:45:42Z,2025-09-02T15:21:00Z,ARR,bad,24.0
604,True,True,SENNETERRE,MONTRÉAL,2025-09-02,33,Sanmaur,SANM,2025-09-02T15:50:59Z,2025-09-02T15:28:00Z,ARR,bad,22.0
604,True,True,SENNETERRE,MONTRÉAL,2025-09-02,34,Weymont,WYMT,2025-09-02T15:59:41Z,2025-09-02T15:30:00Z,ARR,bad,29.0
604,True,True,SENNETERRE,MONTRÉAL,2025-09-02,35,Saint-Maurice Rivière-Boom,SMRB,2025-09-02T16:01:09Z,2025-09-02T15:33:00Z,ARR,bad,28.0
604,True,True,SENNETERRE,MONTRÉAL,2025-09-02,36,Dessane,DESS,2025-09-02T16:11:37Z,2025-09-02T15:42:00Z,ARR,bad,29.0
604,True,True,SENNETERRE,MONTRÉAL,2025-09-02,37,Vandry,VDRY,2025-09-02T16:18:04Z,2025-09-02T15:48:00Z,ARR,bad,30.0
604,True,True,SENNETERRE,MONTRÉAL,2025-09-02,38,Club Wigwam,WGWC,2025-09-02T16:26:04Z,2025-09-02T15:56:00Z,ARR,bad,30.0
604,True,True,SENNETERRE,MONTRÉAL,2025-09-02,39,Ferguson,FERG,2025-09-02T16:32:04Z,2025-09-02T16:02:00Z,ARR,bad,30.0
604,True,True,SENNETERRE,MONTRÉAL,2025-09-02,40,Windigo,WNDG,2025-09-02T16:40:04Z,2025-09-02T16:10:00Z,ARR,bad,30.0
604,True,True,SENNETERRE,MONTRÉAL,2025-09-02,41,Mctavish,MCTC,2025-09-02T16:42:04Z,2025-09-02T16:12:00Z,ARR,bad,30.0
604,True,True,SENNETERRE,MONTRÉAL,2025-09-02,42,Duplessis,DUPL,2025-09-02T16:55:04Z,2025-09-02T16:25:00Z,ARR,bad,30.0
604,True,True,SENNETERRE,MONTRÉAL,2025-09-02,43,Lac-Darey,LDAR,2025-09-02T17:08:04Z,2025-09-02T16:38:00Z,ARR,bad,30.0
604,True,True,SENNETERRE,MONTRÉAL,2025-09-02,44,Rapide-Blanc,RAPB,2025-09-02T17:28:04Z,2025-09-02T16:58:00Z,ARR,bad,30.0
604,True,True,SENNETERRE,MONTRÉAL,2025-09-02,45,Club Vermillion,VMLC,2025-09-02T17:31:04Z,2025-09-02T17:01:00Z,ARR,bad,30.0
604,True,True,SENNETERRE,MONTRÉAL,2025-09-02,46,Cressman,CRSM,2025-09-02T17:53:54Z,2025-09-02T17:08:00Z,ARR,bad,45.0
604,True,True,SENNETERRE,MONTRÉAL,2025-09-02,47,Fitzpatrick,FITZ,2025-09-02T18:21:15Z,2025-09-02T17:28:00Z,ARR,bad,53.0
604,True,True,SENNETERRE,MONTRÉAL,2025-09-02,48,La Tuque,LTUQ,2025-09-02T18:33:28Z,2025-09-02T17:40:00Z,ARR,bad,53.0
604,True,True,SENNETERRE,MONTRÉAL,2025-09-02,49,Hervey,HERV,2025-09-02T20:33:43Z,2025-09-02T19:15:00Z,ARR,bad,78.0
604,True,True,SENNETERRE,MONTRÉAL,2025-09-02,50,Saint-Tite,STIT,2025-09-02T21:16:29Z,2025-09-02T19:48:00Z,ARR,bad,88.0
604,True,True,SENNETERRE,MONTRÉAL,2025-09-02,51,Garneau,GARN,2025-09-02T21:34:27Z,2025-09-02T20:02:00Z,ARR,bad,92.0
604,True,True,SENNETERRE,MONTRÉAL,2025-09-02,52,Grand-Mère,GMRE,2025-09-02T21:47:10Z,2025-09-02T20:15:00Z,ARR,bad,92.0
604,True,True,SENNETERRE,MONTRÉAL,2025-09-02,53,Shawinigan,SHWN,2025-09-02T22:00:07Z,2025-09-02T20:23:00Z,ARR,bad,97.0
604,True,True,SENNETERRE,MONTRÉAL,2025-09-02,54,Charette,CHRT,2025-09-02T22:26:27Z,2025-09-02T20:46:00Z,ARR,bad,100.0
604,True,True,SENNETERRE,MONTRÉAL,2025-09-02,55,St-Paulin,SPAU,2025-09-02T22:42:00Z,2025-09-02T20:55:00Z,ARR,bad,107.0
604,True,True,SENNETERRE,MONTRÉAL,2025-09-02,56,St-Justin,SJUS,2025-09-02T22:51:23Z,2025-09-02T21:09:00Z,ARR,bad,102.0
604,True,True,SENNETERRE,MONTRÉAL,2025-09-02,57,Joliette,JOLI,2025-09-02T23:22:52Z,2025-09-02T21:38:00Z,ARR,bad,104.0
604,True,True,SENNETERRE,MONTRÉAL,2025-09-02,58,Anjou,ANJO,2025-09-03T00:25:21Z,2025-09-02T22:21:01Z,ARR,bad,124.0
604,True,True,SENNETERRE,MONTRÉAL,2025-09-02,59,Sauvé,SAUV,2025-09-03T00:35:36Z,2025-09-02T22:35:00Z,ARR,bad,120.0
604,True,True,SENNETERRE,MONTRÉAL,2025-09-02,60,Montréal,MTRL,2025-09-03T01:22:57Z,2025-09-02T23:46:00Z,ARR,bad,96.0
47,True,True,OTTAWA,TORONTO,2025-09-02,0,Ottawa,OTTW,2025-09-02T16:23:00Z,2025-09-02T16:23:00Z,ARR,goo,0.0
47,True,True,OTTAWA,TORONTO,2025-09-02,1,Fallowfield,FALL,2025-09-02T16:39:28Z,2025-09-02T16:40:00Z,ARR,goo,0.0
47,True,True,OTTAWA,TORONTO,2025-09-02,2,Smiths Falls,SMTF,2025-09-02T17:19:26Z,2025-09-02T17:18:00Z,ARR,goo,1.0
47,True,True,OTTAWA,TORONTO,2025-09-02,3,Brockville,BRKV,2025-09-02T17:51:11Z,2025-09-02T17:54:00Z,ARR,goo,-2.0
47,True,True,OTTAWA,TORONTO,2025-09-02,4,Gananoque,GANA,2025-09-02T18:24:08Z,2025-09-02T18:22:00Z,ARR,goo,2.0
47,True,True,OTTAWA,TORONTO,2025-09-02,5,Kingston,KGON,2025-09-02T18:47:00Z,2025-09-02T18:45:00Z,ARR,goo,2.0
47,True,True,OTTAWA,TORONTO,2025-09-02,6,Belleville,BLVL,2025-09-02T19:29:25Z,2025-09-02T19:26:00Z,ARR,goo,3.0
47,True,True,OTTAWA,TORONTO,2025-09-02,7,Oshawa,OSHA,2025-09-02T20:39:56Z,2025-09-02T20:33:00Z,ARR,med,6.0
47,True,True,OTTAWA,TORONTO,2025-09-02,8,Guildwood,GUIL,2025-09-02T21:00:31Z,2025-09-02T20:58:00Z,ARR,goo,2.0
47,True,True,OTTAWA,TORONTO,2025-09-02,9,Toronto,TRTO,2025-09-02T21:29:40Z,2025-09-02T21:30:00Z,ARR,goo,0.0
600,True,True,JONQUIÈRE,MONTRÉAL,2025-09-02,0,Jonquière,JONQ,2025-09-02T12:58:00Z,2025-09-02T12:58:00Z,ARR,goo,0.0
600,True,True,JONQUIÈRE,MONTRÉAL,2025-09-02,1,Hébertville,HEBV,2025-09-02T13:31:17Z,2025-09-02T13:32:00Z,ARR,goo,0.0
600,True,True,JONQUIÈRE,MONTRÉAL,2025-09-02,2,Chambord,CHBD,2025-09-02T14:11:59Z,2025-09-02T14:09:00Z,ARR,goo,2.0
600,True,True,JONQUIÈRE,MONTRÉAL,2025-09-02,3,Lac-Bouchette,LBOU,2025-09-02T15:02:11Z,2025-09-02T14:47:00Z,ARR,bad,15.0
600,True,True,JONQUIÈRE,MONTRÉAL,2025-09-02,4,Club Lizotte,LIZO,2025-09-02T15:24:10Z,2025-09-02T15:12:00Z,ARR,med,12.0
600,True,True,JONQUIÈRE,MONTRÉAL,2025-09-02,5,Kondiaronk,KOND,2025-09-02T15:37:10Z,2025-09-02T15:25:00Z,ARR,med,12.0
600,True,True,JONQUIÈRE,MONTRÉAL,2025-09-02,6,Lac Des Roches,LDES,2025-09-02T15:40:10Z,2025-09-02T15:28:00Z,ARR,med,12.0
600,True,True,JONQUIÈRE,MONTRÉAL,2025-09-02,7,Van Bruyssel,VBRU,2025-09-02T15:50:10Z,2025-09-02T15:38:00Z,ARR,med,12.0
600,True,True,JONQUIÈRE,MONTRÉAL,2025-09-02,8,Kiskissink,KISK,2025-09-02T15:51:11Z,2025-09-02T15:39:01Z,ARR,med,12.0
600,True,True,JONQUIÈRE,MONTRÉAL,2025-09-02,9,Brooks,BRQU,2025-09-02T16:03:10Z,2025-09-02T15:51:00Z,ARR,med,12.0
600,True,True,JONQUIÈRE,MONTRÉAL,2025-09-02,10,Summit,SMQU,2025-09-02T16:14:10Z,2025-09-02T16:02:00Z,ARR,med,12.0
600,True,True,JONQUIÈRE,MONTRÉAL,2025-09-02,11,Club Sommet,SMMC,2025-09-02T16:15:11Z,2025-09-02T16:03:01Z,ARR,med,12.0
600,True,True,JONQUIÈRE,MONTRÉAL,2025-09-02,12,Club Grégoire,GRGC,2025-09-02T16:19:10Z,2025-09-02T16:07:00Z,ARR,med,12.0
600,True,True,JONQUIÈRE,MONTRÉAL,2025-09-02,13,Caribou,CARI,2025-09-02T16:26:10Z,2025-09-02T16:14:00Z,ARR,med,12.0
600,True,True,JONQUIÈRE,MONTRÉAL,2025-09-02,14,Cherokee,CHER,2025-09-02T16:28:10Z,2025-09-02T16:16:00Z,ARR,med,12.0
600,True,True,JONQUIÈRE,MONTRÉAL,2025-09-02,15,Lac-Édouard,LEDW,2025-09-02T16:41:29Z,2025-09-02T16:29:00Z,ARR,med,12.0
600,True,True,JONQUIÈRE,MONTRÉAL,2025-09-02,16,Club Triton,TRTC,2025-09-02T16:54:07Z,2025-09-02T16:42:00Z,ARR,med,12.0
600,True,True,JONQUIÈRE,MONTRÉAL,2025-09-02,17,Club Nicole,NCLC,2025-09-02T17:02:07Z,2025-09-02T16:50:00Z,ARR,med,12.0
600,True,True,JONQUIÈRE,MONTRÉAL,2025-09-02,18,Hirondelle,HRDL,2025-09-02T17:08:07Z,2025-09-02T16:56:00Z,ARR,med,12.0
600,True,True,JONQUIÈRE,MONTRÉAL,2025-09-02,19,Pearl Lake,PRLL,2025-09-02T17:11:08Z,2025-09-02T16:59:01Z,ARR,med,12.0
600,True,True,JONQUIÈRE,MONTRÉAL,2025-09-02,20,Sanford,SANF,2025-09-02T17:22:07Z,2025-09-02T17:10:00Z,ARR,med,12.0
600,True,True,JONQUIÈRE,MONTRÉAL,2025-09-02,21,Stadacona,STAD,2025-09-02T17:30:07Z,2025-09-02T17:18:00Z,ARR,med,12.0
600,True,True,JONQUIÈRE,MONTRÉAL,2025-09-02,22,Club Iroquois,IRQC,2025-09-02T17:34:07Z,2025-09-02T17:22:00Z,ARR,med,12.0
600,True,True,JONQUIÈRE,MONTRÉAL,2025-09-02,23,Lac Malouin,LMAL,2025-09-02T17:38:07Z,2025-09-02T17:26:00Z,ARR,med,12.0
600,True,True,JONQUIÈRE,MONTRÉAL,2025-09-02,24,Bima,BIMA,2025-09-02T17:40:07Z,2025-09-02T17:28:00Z,ARR,med,12.0
600,True,True,JONQUIÈRE,MONTRÉAL,2025-09-02,25,Saint-Hilaire,SHPN,2025-09-02T17:43:07Z,2025-09-02T17:31:00Z,ARR,med,12.0
600,True,True,JONQUIÈRE,MONTRÉAL,2025-09-02,26,Pont Beaudet,PBDT,2025-09-02T17:45:07Z,2025-09-02T17:33:00Z,ARR,med,12.0
600,True,True,JONQUIÈRE,MONTRÉAL,2025-09-02,27,Falrie,FALR,2025-09-02T17:48:07Z,2025-09-02T17:36:00Z,ARR,med,12.0
600,True,True,JONQUIÈRE,MONTRÉAL,2025-09-02,28,Club Jacques-Cartier,JACC,2025-09-02T17:51:07Z,2025-09-02T17:39:00Z,ARR,med,12.0
600,True,True,JONQUIÈRE,MONTRÉAL,2025-09-02,29,Miquick,MIQK,2025-09-02T18:05:07Z,2025-09-02T17:53:00Z,ARR,med,12.0
600,True,True,JONQUIÈRE,MONTRÉAL,2025-09-02,30,Rivière-À-Pierre,RAPX,2025-09-02T18:40:07Z,2025-09-02T18:28:00Z,ARR,med,12.0
600,True,True,JONQUIÈRE,MONTRÉAL,2025-09-02,31,Rousseau,ROUS,2025-09-02T19:01:07Z,2025-09-02T18:49:00Z,ARR,med,12.0
600,True,True,JONQUIÈRE,MONTRÉAL,2025-09-02,32,Hervey,HERV,2025-09-02T19:34:06Z,2025-09-02T19:20:00Z,ARR,med,14.0
600,True,True,JONQUIÈRE,MONTRÉAL,2025-09-02,33,Saint-Tite,STIT,2025-09-02T21:16:32Z,2025-09-02T19:48:00Z,ARR,bad,88.0
600,True,True,JONQUIÈRE,MONTRÉAL,2025-09-02,34,Garneau,GARN,2025-09-02T21:34:30Z,2025-09-02T20:02:00Z,ARR,bad,92.0
600,True,True,JONQUIÈRE,MONTRÉAL,2025-09-02,35,Grand-Mère,GMRE,2025-09-02T21:47:09Z,2025-09-02T20:15:00Z,ARR,bad,92.0
600,True,True,JONQUIÈRE,MONTRÉAL,2025-09-02,36,Shawinigan,SHWN,2025-09-02T22:00:43Z,2025-09-02T20:23:00Z,ARR,bad,97.0
600,True,True,JONQUIÈRE,MONTRÉAL,2025-09-02,37,Charette,CHRT,2025-09-02T22:26:38Z,2025-09-02T20:46:00Z,ARR,bad,100.0
600,True,True,JONQUIÈRE,MONTRÉAL,2025-09-02,38,St-Paulin,SPAU,2025-09-02T22:41:11Z,2025-09-02T20:55:00Z,ARR,bad,106.0
600,True,True,JONQUIÈRE,MONTRÉAL,2025-09-02,39,St-Justin,SJUS,2025-09-02T22:52:31Z,2025-09-02T21:09:00Z,ARR,bad,103.0
600,True,True,JONQUIÈRE,MONTRÉAL,2025-09-02,40,Joliette,JOLI,2025-09-02T23:23:05Z,2025-09-02T21:38:00Z,ARR,bad,105.0
600,True,True,JONQUIÈRE,MONTRÉAL,2025-09-02,41,Anjou,ANJO,2025-09-03T00:25:24Z,2025-09-02T22:21:01Z,ARR,bad,124.0
600,True,True,JONQUIÈRE,MONTRÉAL,2025-09-02,42,Sauvé,SAUV,2025-09-03T00:35:43Z,2025-09-02T22:35:00Z,ARR,bad,120.0
600,True,True,JONQUIÈRE,MONTRÉAL,2025-09-02,43,Montréal,MTRL,2025-09-03T01:23:07Z,2025-09-02T23:46:00Z,ARR,bad,97.0
63,True,True,MONTRÉAL,TORONTO,2025-09-02,0,Montréal,MTRL,2025-09-02T12:46:00Z,2025-09-02T12:46:00Z,ARR,goo,0.0
63,True,True,MONTRÉAL,TORONTO,2025-09-02,1,Dorval,DORV,2025-09-02T13:09:34Z,2025-09-02T13:11:00Z,ARR,goo,-1.0
63,True,True,MONTRÉAL,TORONTO,2025-09-02,2,Cornwall,CWLL,2025-09-02T13:58:56Z,2025-09-02T14:04:00Z,ARR,goo,-5.0
63,True,True,MONTRÉAL,TORONTO,2025-09-02,3,Brockville,BRKV,2025-09-02T15:03:19Z,2025-09-02T14:54:00Z,ARR,med,9.0
63,True,True,MONTRÉAL,TORONTO,2025-09-02,4,Kingston,KGON,2025-09-02T15:51:36Z,2025-09-02T15:39:00Z,ARR,med,12.0
63,True,True,MONTRÉAL,TORONTO,2025-09-02,5,Belleville,BLVL,2025-09-02T16:31:19Z,2025-09-02T16:20:00Z,ARR,med,11.0
63,True,True,MONTRÉAL,TORONTO,2025-09-02,6,Cobourg,CBRG,2025-09-02T17:04:41Z,2025-09-02T16:58:00Z,ARR,med,6.0
63,True,True,MONTRÉAL,TORONTO,2025-09-02,7,Oshawa,OSHA,2025-09-02T17:44:53Z,2025-09-02T17:34:00Z,ARR,med,10.0
63,True,True,MONTRÉAL,TORONTO,2025-09-02,8,Guildwood,GUIL,2025-09-02T18:16:21Z,2025-09-02T17:58:00Z,ARR,bad,18.0
63,True,True,MONTRÉAL,TORONTO,2025-09-02,9,Toronto,TRTO,2025-09-02T18:36:35Z,2025-09-02T18:18:00Z,ARR,bad,18.0
40,True,True,TORONTO,OTTAWA,2025-09-02,0,Toronto,TRTO,2025-09-02T14:38:16Z,2025-09-02T14:38:00Z,ARR,goo,0.0
40,True,True,TORONTO,OTTAWA,2025-09-02,1,Belleville,BLVL,2025-09-02T16:25:01Z,2025-09-02T16:09:00Z,ARR,bad,16.0
40,True,True,TORONTO,OTTAWA,2025-09-02,2,Kingston,KGON,2025-09-02T17:07:45Z,2025-09-02T16:48:00Z,ARR,bad,19.0
40,True,True,TORONTO,OTTAWA,2025-09-02,3,Fallowfield,FALL,2025-09-02T18:55:51Z,2025-09-02T18:38:00Z,ARR,bad,17.0
40,True,True,TORONTO,OTTAWA,2025-09-02,4,Ottawa,OTTW,2025-09-02T19:16:19Z,2025-09-02T19:02:00Z,ARR,med,14.0
31,True,True,MONTRÉAL,OTTAWA,2025-09-02,0,Montréal,MTRL,2025-09-02T10:20:00Z,2025-09-02T10:20:00Z,ARR,goo,0.0
31,True,True,MONTRÉAL,OTTAWA,2025-09-02,1,Dorval,DORV,2025-09-02T10:43:50Z,2025-09-02T10:44:00Z,ARR,goo,0.0
31,True,True,MONTRÉAL,OTTAWA,2025-09-02,2,Alexandria,ALEX,2025-09-02T11:39:10Z,2025-09-02T11:36:00Z,ARR,goo,3.0
31,True,True,MONTRÉAL,OTTAWA,2025-09-02,3,Casselman,CSLM,2025-09-02T12:01:11Z,2025-09-02T11:59:00Z,ARR,goo,2.0
31,True,True,MONTRÉAL,OTTAWA,2025-09-02,4,Ottawa,OTTW,2025-09-02T12:25:53Z,2025-09-02T12:25:00Z,ARR,goo,0.0
35,True,True,QUÉBEC,OTTAWA,2025-09-02,0,Québec,QBEC,2025-09-02T12:06:00Z,2025-09-02T12:06:00Z,ARR,goo,0.0
35,True,True,QUÉBEC,OTTAWA,2025-09-02,1,Ste-Foy,SFOY,2025-09-02T12:31:49Z,2025-09-02T12:31:00Z,ARR,goo,0.0
35,True,True,QUÉBEC,OTTAWA,2025-09-02,2,Charny,CHNY,2025-09-02T12:43:03Z,2025-09-02T12:40:00Z,ARR,goo,3.0
35,True,True,QUÉBEC,OTTAWA,2025-09-02,3,Drummondville,DRMV,2025-09-02T14:30:10Z,2025-09-02T14:14:00Z,ARR,bad,16.0
35,True,True,QUÉBEC,OTTAWA,2025-09-02,4,St. Hyacinthe,SHYA,2025-09-02T15:04:49Z,2025-09-02T14:44:00Z,ARR,bad,20.0
35,True,True,QUÉBEC,OTTAWA,2025-09-02,5,St. Lambert,SLAM,2025-09-02T15:38:57Z,2025-09-02T15:11:00Z,ARR,bad,27.0
35,True,True,QUÉBEC,OTTAWA,2025-09-02,6,Montréal,MTRL,2025-09-02T15:57:01Z,2025-09-02T15:26:00Z,ARR,bad,31.0
35,True,True,QUÉBEC,OTTAWA,2025-09-02,7,Dorval,DORV,2025-09-02T17:04:57Z,2025-09-02T16:18:00Z,ARR,bad,46.0
35,True,True,QUÉBEC,OTTAWA,2025-09-02,8,Coteau,COTO,2025-09-02T17:38:18Z,2025-09-02T16:46:00Z,ARR,bad,52.0
35,True,True,QUÉBEC,OTTAWA,2025-09-02,9,Alexandria,ALEX,2025-09-02T18:04:47Z,2025-09-02T17:08:00Z,ARR,bad,56.0
35,True,True,QUÉBEC,OTTAWA,2025-09-02,10,Casselman,CSLM,2025-09-02T18:27:15Z,2025-09-02T17:31:00Z,ARR,bad,56.0
35,True,True,QUÉBEC,OTTAWA,2025-09-02,11,Ottawa,OTTW,2025-09-02T18:54:29Z,2025-09-02T17:58:00Z,ARR,bad,56.0
645,True,True,OTTAWA,TORONTO,2025-09-02,0,Ottawa,OTTW,2025-09-02T18:29:00Z,2025-09-02T18:29:00Z,ARR,goo,0.0
645,True,True,OTTAWA,TORONTO,2025-09-02,1,Fallowfield,FALL,2025-09-02T18:47:49Z,2025-09-02T18:49:00Z,ARR,goo,-1.0
645,True,True,OTTAWA,TORONTO,2025-09-02,2,Kingston,KGON,2025-09-02T20:49:31Z,2025-09-02T20:34:00Z,ARR,bad,15.0
645,True,True,OTTAWA,TORONTO,2025-09-02,3,Belleville,BLVL,2025-09-02T21:30:45Z,2025-09-02T21:15:00Z,ARR,bad,15.0
645,True,True,OTTAWA,TORONTO,2025-09-02,4,Oshawa,OSHA,2025-09-02T22:39:50Z,2025-09-02T22:20:00Z,ARR,bad,19.0
645,True,True,OTTAWA,TORONTO,2025-09-02,5,Toronto,TRTO,2025-09-02T23:16:41Z,2025-09-02T23:15:00Z,ARR,goo,1.0
44,True,True,TORONTO,OTTAWA,2025-09-02,0,Toronto,TRTO,2025-09-02T18:23:27Z,2025-09-02T18:23:00Z,ARR,goo,0.0
44,True,True,TORONTO,OTTAWA,2025-09-02,1,Oshawa,OSHA,2025-09-02T18:55:31Z,2025-09-02T18:54:00Z,ARR,goo,1.0
44,True,True,TORONTO,OTTAWA,2025-09-02,2,Kingston,KGON,2025-09-02T20:42:22Z,2025-09-02T20:32:00Z,ARR,med,10.0
44,True,True,TORONTO,OTTAWA,2025-09-02,3,Brockville,BRKV,2025-09-02T21:29:49Z,2025-09-02T21:19:00Z,ARR,med,10.0
44,True,True,TORONTO,OTTAWA,2025-09-02,4,Smiths Falls,SMTF,2025-09-02T21:59:32Z,2025-09-02T21:50:00Z,ARR,med,9.0
44,True,True,TORONTO,OTTAWA,2025-09-02,5,Fallowfield,FALL,2025-09-02T22:25:50Z,2025-09-02T22:22:00Z,ARR,goo,3.0
44,True,True,TORONTO,OTTAWA,2025-09-02,6,Ottawa,OTTW,2025-09-02T22:48:36Z,2025-09-02T22:43:00Z,ARR,med,5.0
26,True,True,OTTAWA,QUÉBEC,2025-09-02,0,Ottawa,OTTW,2025-09-02T18:17:00Z,2025-09-02T18:17:00Z,ARR,goo,0.0
26,True,True,OTTAWA,QUÉBEC,2025-09-02,1,Alexandria,ALEX,2025-09-02T19:05:31Z,2025-09-02T19:03:00Z,ARR,goo,2.0
26,True,True,OTTAWA,QUÉBEC,2025-09-02,2,Coteau,COTO,2025-09-02T19:28:10Z,2025-09-02T19:26:00Z,ARR,goo,2.0
26,True,True,OTTAWA,QUÉBEC,2025-09-02,3,Dorval,DORV,2025-09-02T19:53:03Z,2025-09-02T19:49:00Z,ARR,goo,4.0
26,True,True,OTTAWA,QUÉBEC,2025-09-02,4,Montréal,MTRL,2025-09-02T20:16:13Z,2025-09-02T20:15:00Z,ARR,goo,1.0
26,True,True,OTTAWA,QUÉBEC,2025-09-02,5,St. Lambert,SLAM,2025-09-02T21:00:25Z,2025-09-02T20:53:00Z,ARR,med,7.0
26,True,True,OTTAWA,QUÉBEC,2025-09-02,6,St. Hyacinthe,SHYA,2025-09-02T21:33:02Z,2025-09-02T21:20:00Z,ARR,med,13.0
26,True,True,OTTAWA,QUÉBEC,2025-09-02,7,Drummondville,DRMV,2025-09-02T22:08:39Z,2025-09-02T22:05:00Z,ARR,goo,3.0
26,True,True,OTTAWA,QUÉBEC,2025-09-02,8,Charny,CHNY,2025-09-02T23:38:20Z,2025-09-02T23:44:00Z,ARR,goo,-5.0
26,True,True,OTTAWA,QUÉBEC,2025-09-02,9,Ste-Foy,SFOY,2025-09-02T23:47:08Z,2025-09-02T23:52:00Z,ARR,goo,-4.0
26,True,True,OTTAWA,QUÉBEC,2025-09-02,10,Québec,QBEC,2025-09-03T00:15:50Z,2025-09-03T00:19:00Z,ARR,goo,-3.0
39,True,True,QUÉBEC,OTTAWA,2025-09-02,0,Québec,QBEC,2025-09-02T18:57:00Z,2025-09-02T18:57:00Z,ARR,goo,0.0
39,True,True,QUÉBEC,OTTAWA,2025-09-02,1,Ste-Foy,SFOY,2025-09-02T19:22:53Z,2025-09-02T19:22:00Z,ARR,goo,0.0
39,True,True,QUÉBEC,OTTAWA,2025-09-02,2,Drummondville,DRMV,2025-09-02T21:26:01Z,2025-09-02T20:58:00Z,ARR,bad,28.0
39,True,True,QUÉBEC,OTTAWA,2025-09-02,3,St. Lambert,SLAM,2025-09-02T22:22:47Z,2025-09-02T21:57:00Z,ARR,bad,25.0
39,True,True,QUÉBEC,OTTAWA,2025-09-02,4,Montréal,MTRL,2025-09-02T22:37:01Z,2025-09-02T22:11:00Z,ARR,bad,26.0
39,True,True,QUÉBEC,OTTAWA,2025-09-02,5,Dorval,DORV,2025-09-02T23:17:46Z,2025-09-02T23:14:00Z,ARR,goo,3.0
39,True,True,QUÉBEC,OTTAWA,2025-09-02,6,Coteau,COTO,2025-09-02T23:44:18Z,2025-09-02T23:43:00Z,ARR,goo,1.0
39,True,True,QUÉBEC,OTTAWA,2025-09-02,7,Alexandria,ALEX,2025-09-03T00:02:45Z,2025-09-03T00:06:00Z,ARR,goo,-3.0
39,True,True,QUÉBEC,OTTAWA,2025-09-02,8,Ottawa,OTTW,2025-09-03T00:44:37Z,2025-09-03T00:51:00Z,ARR,goo,-6.0
66,True,True,TORONTO,MONTRÉAL,2025-09-02,0,Toronto,TRTO,2025-09-02T19:23:49Z,2025-09-02T19:23:00Z,ARR,goo,0.0
66,True,True,TORONTO,MONTRÉAL,2025-09-02,1,Guildwood,GUIL,2025-09-02T19:42:35Z,2025-09-02T19:40:00Z,ARR,goo,2.0
66,True,True,TORONTO,MONTRÉAL,2025-09-02,2,Oshawa,OSHA,2025-09-02T20:01:52Z,2025-09-02T19:54:00Z,ARR,med,7.0
66,True,True,TORONTO,MONTRÉAL,2025-09-02,3,Belleville,BLVL,2025-09-02T21:06:52Z,2025-09-02T21:00:00Z,ARR,med,6.0
66,True,True,TORONTO,MONTRÉAL,2025-09-02,4,Kingston,KGON,2025-09-02T21:44:08Z,2025-09-02T21:40:00Z,ARR,goo,4.0
66,True,True,TORONTO,MONTRÉAL,2025-09-02,5,Cornwall,CWLL,2025-09-02T23:14:45Z,2025-09-02T23:07:00Z,ARR,med,7.0
66,True,True,TORONTO,MONTRÉAL,2025-09-02,6,Dorval,DORV,2025-09-03T00:05:49Z,2025-09-02T23:58:00Z,ARR,med,7.0
66,True,True,TORONTO,MONTRÉAL,2025-09-02,7,Montréal,MTRL,2025-09-03T00:33:01Z,2025-09-03T00:25:00Z,ARR,med,8.0
46,True,True,TORONTO,OTTAWA,2025-09-02,0,Toronto,TRTO,2025-09-02T19:38:00Z,2025-09-02T19:38:00Z,ARR,goo,0.0
46,True,True,TORONTO,OTTAWA,2025-09-02,1,Oshawa,OSHA,2025-09-02T20:13:17Z,2025-09-02T20:09:00Z,ARR,goo,4.0
46,True,True,TORONTO,OTTAWA,2025-09-02,2,Cobourg,CBRG,2025-09-02T20:49:14Z,2025-09-02T20:43:00Z,ARR,med,6.0
46,True,True,TORONTO,OTTAWA,2025-09-02,3,Kingston,KGON,2025-09-02T22:00:43Z,2025-09-02T21:54:00Z,ARR,med,6.0
46,True,True,TORONTO,OTTAWA,2025-09-02,4,Brockville,BRKV,2025-09-02T22:50:58Z,2025-09-02T22:40:00Z,ARR,med,10.0
46,True,True,TORONTO,OTTAWA,2025-09-02,5,Fallowfield,FALL,2025-09-02T23:42:38Z,2025-09-02T23:40:00Z,ARR,goo,2.0
46,True,True,TORONTO,OTTAWA,2025-09-02,6,Ottawa,OTTW,2025-09-03T00:03:50Z,2025-09-03T00:00:00Z,ARR,goo,3.0
83,True,True,TORONTO,LONDON,2025-09-02,0,Toronto,TRTO,2025-09-02T20:15:17Z,2025-09-02T20:15:00Z,ARR,goo,0.0
83,True,True,TORONTO,LONDON,2025-09-02,1,Aldershot,ALDR,2025-09-02T21:13:18Z,2025-09-02T20:50:00Z,ARR,bad,23.0
83,True,True,TORONTO,LONDON,2025-09-02,2,Brantford,BRTF,2025-09-02T21:53:25Z,2025-09-02T21:20:00Z,ARR,bad,33.0
83,True,True,TORONTO,LONDON,2025-09-02,3,Woodstock,WDST,2025-09-02T22:26:17Z,2025-09-02T21:48:00Z,ARR,bad,38.0
83,True,True,TORONTO,LONDON,2025-09-02,4,London,LNDN,2025-09-02T22:59:59Z,2025-09-02T22:27:00Z,ARR,bad,32.0
28,True,True,OTTAWA,QUÉBEC,2025-09-02,0,Ottawa,OTTW,2025-09-02T20:05:00Z,2025-09-02T20:05:00Z,ARR,goo,0.0
28,True,True,OTTAWA,QUÉBEC,2025-09-02,1,Casselman,CSLM,2025-09-02T20:32:56Z,2025-09-02T20:31:00Z,ARR,goo,1.0
28,True,True,OTTAWA,QUÉBEC,2025-09-02,2,Alexandria,ALEX,2025-09-02T20:51:32Z,2025-09-02T20:53:00Z,ARR,goo,-1.0
28,True,True,OTTAWA,QUÉBEC,2025-09-02,3,Coteau,COTO,2025-09-02T21:11:36Z,2025-09-02T21:15:00Z,ARR,goo,-3.0
28,True,True,OTTAWA,QUÉBEC,2025-09-02,4,Dorval,DORV,2025-09-02T21:38:38Z,2025-09-02T21:38:00Z,ARR,goo,0.0
28,True,True,OTTAWA,QUÉBEC,2025-09-02,5,Montréal,MTRL,2025-09-02T22:11:07Z,2025-09-02T22:04:00Z,ARR,med,7.0
28,True,True,OTTAWA,QUÉBEC,2025-09-02,6,St. Lambert,SLAM,2025-09-02T22:46:41Z,2025-09-02T22:38:00Z,ARR,med,8.0
28,True,True,OTTAWA,QUÉBEC,2025-09-02,7,St. Hyacinthe,SHYA,2025-09-02T23:21:37Z,2025-09-02T23:06:00Z,ARR,bad,15.0
28,True,True,OTTAWA,QUÉBEC,2025-09-02,8,Drummondville,DRMV,2025-09-03T00:01:05Z,2025-09-02T23:52:00Z,ARR,med,9.0
28,True,True,OTTAWA,QUÉBEC,2025-09-02,9,Charny,CHNY,2025-09-03T01:32:17Z,2025-09-03T01:14:00Z,ARR,bad,18.0
28,True,True,OTTAWA,QUÉBEC,2025-09-02,10,Ste-Foy,SFOY,2025-09-03T01:40:55Z,2025-09-03T01:21:00Z,ARR,bad,19.0
28,True,True,OTTAWA,QUÉBEC,2025-09-02,11,Québec,QBEC,2025-09-03T02:10:02Z,2025-09-03T01:48:00Z,ARR,bad,22.0
69,True,True,MONTRÉAL,TORONTO,2025-09-02,0,Montréal,MTRL,2025-09-02T20:38:00Z,2025-09-02T20:38:00Z,ARR,goo,0.0
69,True,True,MONTRÉAL,TORONTO,2025-09-02,1,Dorval,DORV,2025-09-02T21:03:33Z,2025-09-02T21:04:00Z,ARR,goo,0.0
69,True,True,MONTRÉAL,TORONTO,2025-09-02,2,Cornwall,CWLL,2025-09-02T21:54:43Z,2025-09-02T21:53:00Z,ARR,goo,1.0
69,True,True,MONTRÉAL,TORONTO,2025-09-02,3,Brockville,BRKV,2025-09-02T22:43:05Z,2025-09-02T22:40:00Z,ARR,goo,3.0
69,True,True,MONTRÉAL,TORONTO,2025-09-02,4,Kingston,KGON,2025-09-02T23:30:48Z,2025-09-02T23:24:00Z,ARR,med,6.0
69,True,True,MONTRÉAL,TORONTO,2025-09-02,5,Oshawa,OSHA,2025-09-03T01:29:13Z,2025-09-03T01:05:00Z,ARR,bad,24.0
69,True,True,MONTRÉAL,TORONTO,2025-09-02,6,Guildwood,GUIL,2025-09-03T01:48:23Z,2025-09-03T01:28:00Z,ARR,bad,20.0
69,True,True,MONTRÉAL,TORONTO,2025-09-02,7,Toronto,TRTO,2025-09-03T02:13:17Z,2025-09-03T01:48:00Z,ARR,bad,25.0
68,True,True,TORONTO,MONTRÉAL,2025-09-02,0,Toronto,TRTO,2025-09-02T21:08:00Z,2025-09-02T21:08:00Z,ARR,goo,0.0
68,True,True,TORONTO,MONTRÉAL,2025-09-02,1,Oshawa,OSHA,2025-09-02T21:44:23Z,2025-09-02T21:39:00Z,ARR,med,5.0
68,True,True,TORONTO,MONTRÉAL,2025-09-02,2,Cobourg,CBRG,2025-09-02T22:20:02Z,2025-09-02T22:14:00Z,ARR,med,6.0
68,True,True,TORONTO,MONTRÉAL,2025-09-02,3,Belleville,BLVL,2025-09-02T22:53:47Z,2025-09-02T22:49:00Z,ARR,goo,4.0
68,True,True,TORONTO,MONTRÉAL,2025-09-02,4,Kingston,KGON,2025-09-02T23:29:53Z,2025-09-02T23:26:00Z,ARR,goo,3.0
68,True,True,TORONTO,MONTRÉAL,2025-09-02,5,Brockville,BRKV,2025-09-03T00:12:36Z,2025-09-03T00:11:00Z,ARR,goo,1.0
68,True,True,TORONTO,MONTRÉAL,2025-09-02,6,Cornwall,CWLL,2025-09-03T01:00:18Z,2025-09-03T00:57:00Z,ARR,goo,3.0
68,True,True,TORONTO,MONTRÉAL,2025-09-02,7,Dorval,DORV,2025-09-03T01:44:22Z,2025-09-03T01:47:00Z,ARR,goo,-2.0
68,True,True,TORONTO,MONTRÉAL,2025-09-02,8,Montréal,MTRL,2025-09-03T02:09:56Z,2025-09-03T02:14:00Z,ARR,goo,-4.0
75,True,True,TORONTO,WINDSOR,2025-09-02,0,Toronto,TRTO,2025-09-02T21:22:00Z,2025-09-02T21:22:00Z,ARR,goo,0.0
75,True,True,TORONTO,WINDSOR,2025-09-02,1,Oakville,OAKV,2025-09-02T21:54:08Z,2025-09-02T21:45:00Z,ARR,med,9.0
75,True,True,TORONTO,WINDSOR,2025-09-02,2,Aldershot,ALDR,2025-09-02T22:13:35Z,2025-09-02T22:01:00Z,ARR,med,12.0
75,True,True,TORONTO,WINDSOR,2025-09-02,3,Brantford,BRTF,2025-09-02T22:46:35Z,2025-09-02T22:33:00Z,ARR,med,13.0
75,True,True,TORONTO,WINDSOR,2025-09-02,4,Woodstock,WDST,2025-09-02T23:16:17Z,2025-09-02T23:04:00Z,ARR,med,12.0
75,True,True,TORONTO,WINDSOR,2025-09-02,5,Ingersoll,INGR,2025-09-02T23:28:39Z,2025-09-02T23:19:00Z,ARR,med,9.0
75,True,True,TORONTO,WINDSOR,2025-09-02,6,London,LNDN,2025-09-02T23:51:52Z,2025-09-02T23:47:00Z,ARR,goo,4.0
75,True,True,TORONTO,WINDSOR,2025-09-02,7,Glencoe,GLNC,2025-09-03T00:30:16Z,2025-09-03T00:21:00Z,ARR,med,9.0
75,True,True,TORONTO,WINDSOR,2025-09-02,8,Chatham,CHAT,2025-09-03T01:12:10Z,2025-09-03T00:55:00Z,ARR,bad,17.0
75,True,True,TORONTO,WINDSOR,2025-09-02,9,Windsor,WDON,2025-09-03T01:58:45Z,2025-09-03T01:50:00Z,ARR,med,8.0
98,True,True,NIAGARA FALLS,TORONTO,2025-09-02,0,Niagara Falls,NIAG,2025-09-02T21:45:00Z,2025-09-02T21:45:00Z,ARR,goo,0.0
98,True,True,NIAGARA FALLS,TORONTO,2025-09-02,1,St. Catharines,SCAT,2025-09-02T22:06:00Z,2025-09-02T22:06:00Z,ARR,goo,0.0
98,True,True,NIAGARA FALLS,TORONTO,2025-09-02,2,Grimsby,GRIM,2025-09-02T22:26:00Z,2025-09-02T22:26:00Z,ARR,goo,0.0
98,True,True,NIAGARA FALLS,TORONTO,2025-09-02,3,Aldershot,ALDR,2025-09-02T22:56:00Z,2025-09-02T23:02:00Z,ARR,goo,-6.0
98,True,True,NIAGARA FALLS,TORONTO,2025-09-02,4,Oakville,OAKV,2025-09-02T23:10:00Z,2025-09-02T23:16:00Z,ARR,goo,-6.0
98,True,True,NIAGARA FALLS,TORONTO,2025-09-02,5,Toronto,TRTO,2025-09-02T23:37:00Z,2025-09-02T23:43:00Z,ARR,goo,-6.0
54,True,True,TORONTO,OTTAWA,2025-09-02,0,Toronto,TRTO,2025-09-02T21:41:00Z,2025-09-02T21:38:00Z,ARR,goo,3.0
54,True,True,TORONTO,OTTAWA,2025-09-02,1,Guildwood,GUIL,2025-09-02T21:57:57Z,2025-09-02T21:55:00Z,ARR,goo,2.0
54,True,True,TORONTO,OTTAWA,2025-09-02,2,Oshawa,OSHA,2025-09-02T22:15:27Z,2025-09-02T22:08:00Z,ARR,med,7.0
54,True,True,TORONTO,OTTAWA,2025-09-02,3,Port Hope,PHOP,2025-09-02T22:41:05Z,2025-09-02T22:37:00Z,ARR,goo,4.0
54,True,True,TORONTO,OTTAWA,2025-09-02,4,Cobourg,CBRG,2025-09-02T22:49:01Z,2025-09-02T22:46:00Z,ARR,goo,3.0
54,True,True,TORONTO,OTTAWA,2025-09-02,5,Trenton Jct.,TRNJ,2025-09-02T23:14:06Z,2025-09-02T23:13:01Z,ARR,goo,1.0
54,True,True,TORONTO,OTTAWA,2025-09-02,6,Belleville,BLVL,2025-09-02T23:25:47Z,2025-09-02T23:27:00Z,ARR,goo,-1.0
54,True,True,TORONTO,OTTAWA,2025-09-02,7,Napanee,NAPN,2025-09-02T23:45:50Z,2025-09-02T23:48:00Z,ARR,goo,-2.0
54,True,True,TORONTO,OTTAWA,2025-09-02,8,Kingston,KGON,2025-09-03T00:05:25Z,2025-09-03T00:09:00Z,ARR,goo,-3.0
54,True,True,TORONTO,OTTAWA,2025-09-02,9,Brockville,BRKV,2025-09-03T00:51:59Z,2025-09-03T00:54:00Z,ARR,goo,-2.0
54,True,True,TORONTO,OTTAWA,2025-09-02,10,Smiths Falls,SMTF,2025-09-03T01:48:46Z,2025-09-03T01:25:00Z,ARR,bad,23.0
54,True,True,TORONTO,OTTAWA,2025-09-02,11,Fallowfield,FALL,2025-09-03T02:18:29Z,2025-09-03T01:52:00Z,ARR,bad,26.0
54,True,True,TORONTO,OTTAWA,2025-09-02,12,Ottawa,OTTW,2025-09-03T02:37:31Z,2025-09-03T02:13:00Z,ARR,bad,24.0
87,True,True,TORONTO,SARNIA,2025-09-02,0,Toronto,TRTO,2025-09-02T21:45:00Z,2025-09-02T21:40:00Z,ARR,med,5.0
87,True,True,TORONTO,SARNIA,2025-09-02,1,Malton,MALT,2025-09-02T22:50:49Z,2025-09-02T22:00:00Z,ARR,bad,50.0
87,True,True,TORONTO,SARNIA,2025-09-02,2,Brampton,BRMP,2025-09-02T23:00:47Z,2025-09-02T22:12:00Z,ARR,bad,48.0
87,True,True,TORONTO,SARNIA,2025-09-02,3,Georgetown,GEOR,2025-09-02T23:13:44Z,2025-09-02T22:24:00Z,ARR,bad,49.0
87,True,True,TORONTO,SARNIA,2025-09-02,4,Guelph,GUEL,2025-09-02T23:41:52Z,2025-09-02T22:49:00Z,ARR,bad,52.0
87,True,True,TORONTO,SARNIA,2025-09-02,5,Kitchener,KITC,2025-09-03T00:09:09Z,2025-09-02T23:16:00Z,ARR,bad,53.0
87,True,True,TORONTO,SARNIA,2025-09-02,6,Stratford,STRF,2025-09-03T00:59:42Z,2025-09-02T23:57:00Z,ARR,bad,62.0
87,True,True,TORONTO,SARNIA,2025-09-02,7,St.Marys,SMYS,2025-09-03T01:31:21Z,2025-09-03T00:25:00Z,ARR,bad,66.0
87,True,True,TORONTO,SARNIA,2025-09-02,8,London,LNDN,2025-09-03T02:21:13Z,2025-09-03T01:13:00Z,ARR,bad,68.0
87,True,True,TORONTO,SARNIA,2025-09-02,9,Strathroy,STRR,2025-09-03T02:51:05Z,2025-09-03T01:39:00Z,ARR,bad,72.0
87,True,True,TORONTO,SARNIA,2025-09-02,10,Wyoming,WYOM,2025-09-03T03:17:01Z,2025-09-03T02:07:00Z,ARR,bad,70.0
87,True,True,TORONTO,SARNIA,2025-09-02,11,Sarnia,SARN,2025-09-03T03:34:10Z,2025-09-03T02:24:00Z,ARR,bad,70.0
29,True,True,QUÉBEC,MONTRÉAL,2025-09-02,0,Québec,QBEC,2025-09-02T21:41:00Z,2025-09-02T21:41:00Z,ARR,goo,0.0
29,True,True,QUÉBEC,MONTRÉAL,2025-09-02,1,Ste-Foy,SFOY,2025-09-02T22:08:41Z,2025-09-02T22:06:00Z,ARR,goo,2.0
29,True,True,QUÉBEC,MONTRÉAL,2025-09-02,2,Drummondville,DRMV,2025-09-02T23:53:49Z,2025-09-02T23:42:00Z,ARR,med,11.0
29,True,True,QUÉBEC,MONTRÉAL,2025-09-02,3,St. Hyacinthe,SHYA,2025-09-03T00:28:06Z,2025-09-03T00:18:00Z,ARR,med,10.0
29,True,True,QUÉBEC,MONTRÉAL,2025-09-02,4,St. Lambert,SLAM,2025-09-03T01:02:54Z,2025-09-03T00:45:00Z,ARR,bad,17.0
29,True,True,QUÉBEC,MONTRÉAL,2025-09-02,5,Montréal,MTRL,2025-09-03T01:17:05Z,2025-09-03T01:00:00Z,ARR,bad,17.0
668,True,True,TORONTO,MONTRÉAL,2025-09-02,0,Toronto,TRTO,2025-09-02T22:11:26Z,2025-09-02T22:08:00Z,ARR,goo,3.0
668,True,True,TORONTO,MONTRÉAL,2025-09-02,1,Guildwood,GUIL,2025-09-02T22:28:32Z,2025-09-02T22:25:00Z,ARR,goo,3.0
668,True,True,TORONTO,MONTRÉAL,2025-09-02,2,Oshawa,OSHA,2025-09-02T22:47:52Z,2025-09-02T22:39:00Z,ARR,med,8.0
668,True,True,TORONTO,MONTRÉAL,2025-09-02,3,Kingston,KGON,2025-09-03T00:23:24Z,2025-09-03T00:22:00Z,ARR,goo,1.0
668,True,True,TORONTO,MONTRÉAL,2025-09-02,4,Cornwall,CWLL,2025-09-03T01:49:23Z,2025-09-03T01:49:00Z,ARR,goo,0.0
668,True,True,TORONTO,MONTRÉAL,2025-09-02,5,Dorval,DORV,2025-09-03T02:38:12Z,2025-09-03T02:38:00Z,ARR,goo,0.0
668,True,True,TORONTO,MONTRÉAL,2025-09-02,6,Montréal,MTRL,2025-09-03T03:04:02Z,2025-09-03T03:04:00Z,ARR,goo,0.0
59,True,True,OTTAWA,TORONTO,2025-09-02,0,Ottawa,OTTW,2025-09-02T22:09:35Z,2025-09-02T22:03:00Z,ARR,med,6.0
59,True,True,OTTAWA,TORONTO,2025-09-02,1,Fallowfield,FALL,2025-09-02T22:30:41Z,2025-09-02T22:20:00Z,ARR,med,10.0
59,True,True,OTTAWA,TORONTO,2025-09-02,2,Smiths Falls,SMTF,2025-09-02T23:00:44Z,2025-09-02T22:51:00Z,ARR,med,9.0
59,True,True,OTTAWA,TORONTO,2025-09-02,3,Brockville,BRKV,2025-09-02T23:48:46Z,2025-09-02T23:25:00Z,ARR,bad,23.0
59,True,True,OTTAWA,TORONTO,2025-09-02,4,Kingston,KGON,2025-09-03T00:33:13Z,2025-09-03T00:10:00Z,ARR,bad,23.0
59,True,True,OTTAWA,TORONTO,2025-09-02,5,Belleville,BLVL,2025-09-03T01:16:31Z,2025-09-03T00:51:00Z,ARR,bad,25.0
59,True,True,OTTAWA,TORONTO,2025-09-02,6,Trenton Jct.,TRNJ,2025-09-03T01:30:20Z,2025-09-03T01:05:00Z,ARR,bad,25.0
59,True,True,OTTAWA,TORONTO,2025-09-02,7,Cobourg,CBRG,2025-09-03T01:58:12Z,2025-09-03T01:31:00Z,ARR,bad,27.0
59,True,True,OTTAWA,TORONTO,2025-09-02,8,Oshawa,OSHA,2025-09-03T02:38:37Z,2025-09-03T02:05:00Z,ARR,bad,33.0
59,True,True,OTTAWA,TORONTO,2025-09-02,9,Guildwood,GUIL,2025-09-03T02:58:53Z,2025-09-03T02:28:00Z,ARR,bad,30.0
59,True,True,OTTAWA,TORONTO,2025-09-02,10,Toronto,TRTO,2025-09-03T03:23:36Z,2025-09-03T02:48:00Z,ARR,bad,35.0
78,True,True,WINDSOR,TORONTO,2025-09-02,0,Windsor,WDON,2025-09-02T21:40:00Z,2025-09-02T21:40:00Z,ARR,goo,0.0
78,True,True,WINDSOR,TORONTO,2025-09-02,1,Chatham,CHAT,2025-09-02T22:22:42Z,2025-09-02T22:24:00Z,ARR,goo,-1.0
78,True,True,WINDSOR,TORONTO,2025-09-02,2,Glencoe,GLNC,2025-09-02T23:08:23Z,2025-09-02T22:59:00Z,ARR,med,9.0
78,True,True,WINDSOR,TORONTO,2025-09-02,3,London,LNDN,2025-09-02T23:59:24Z,2025-09-02T23:32:00Z,ARR,bad,27.0
78,True,True,WINDSOR,TORONTO,2025-09-02,4,Ingersoll,INGR,2025-09-03T00:23:45Z,2025-09-02T23:57:00Z,ARR,bad,26.0
78,True,True,WINDSOR,TORONTO,2025-09-02,5,Woodstock,WDST,2025-09-03T00:35:03Z,2025-09-03T00:08:00Z,ARR,bad,27.0
78,True,True,WINDSOR,TORONTO,2025-09-02,6,Brantford,BRTF,2025-09-03T01:15:17Z,2025-09-03T00:39:00Z,ARR,bad,36.0
78,True,True,WINDSOR,TORONTO,2025-09-02,7,Aldershot,ALDR,2025-09-03T01:46:25Z,2025-09-03T01:09:00Z,ARR,bad,37.0
78,True,True,WINDSOR,TORONTO,2025-09-02,8,Oakville,OAKV,2025-09-03T02:00:31Z,2025-09-03T01:24:00Z,ARR,bad,36.0
78,True,True,WINDSOR,TORONTO,2025-09-02,9,Toronto,TRTO,2025-09-03T02:24:15Z,2025-09-03T01:50:00Z,ARR,bad,34.0
38,True,True,OTTAWA,MONTRÉAL,2025-09-02,0,Ottawa,OTTW,2025-09-02T21:55:00Z,2025-09-02T21:55:00Z,ARR,goo,0.0
38,True,True,OTTAWA,MONTRÉAL,2025-09-02,1,Casselman,CSLM,2025-09-02T22:20:25Z,2025-09-02T22:26:00Z,ARR,goo,-5.0
38,True,True,OTTAWA,MONTRÉAL,2025-09-02,2,Alexandria,ALEX,2025-09-02T22:49:17Z,2025-09-02T22:49:00Z,ARR,goo,0.0
38,True,True,OTTAWA,MONTRÉAL,2025-09-02,3,Dorval,DORV,2025-09-02T23:34:29Z,2025-09-02T23:33:00Z,ARR,goo,1.0
38,True,True,OTTAWA,MONTRÉAL,2025-09-02,4,Montréal,MTRL,2025-09-03T00:00:10Z,2025-09-02T23:57:00Z,ARR,goo,3.0
669,True,True,MONTRÉAL,TORONTO,2025-09-02,0,Montréal,MTRL,2025-09-02T22:09:00Z,2025-09-02T22:09:00Z,ARR,goo,0.0
669,True,True,MONTRÉAL,TORONTO,2025-09-02,1,Dorval,DORV,2025-09-02T22:31:36Z,2025-09-02T22:34:00Z,ARR,goo,-2.0
669,True,True,MONTRÉAL,TORONTO,2025-09-02,2,Cornwall,CWLL,2025-09-02T23:28:05Z,2025-09-02T23:26:00Z,ARR,goo,2.0
669,True,True,MONTRÉAL,TORONTO,2025-09-02,3,Kingston,KGON,2025-09-03T00:56:46Z,2025-09-03T00:52:00Z,ARR,goo,4.0
669,True,True,MONTRÉAL,TORONTO,2025-09-02,4,Oshawa,OSHA,2025-09-03T02:46:04Z,2025-09-03T02:35:00Z,ARR,med,11.0
669,True,True,MONTRÉAL,TORONTO,2025-09-02,5,Toronto,TRTO,2025-09-03T03:29:49Z,2025-09-03T03:18:00Z,ARR,med,11.0
48,True,True,TORONTO,OTTAWA,2025-09-02,0,Toronto,TRTO,2025-09-02T22:38:18Z,2025-09-02T22:38:00Z,ARR,goo,0.0
48,True,True,TORONTO,OTTAWA,2025-09-02,1,Oshawa,OSHA,2025-09-02T23:18:32Z,2025-09-02T23:08:00Z,ARR,med,10.0
48,True,True,TORONTO,OTTAWA,2025-09-02,2,Port Hope,PHOP,2025-09-02T23:51:38Z,2025-09-02T23:36:00Z,ARR,bad,15.0
48,True,True,TORONTO,OTTAWA,2025-09-02,3,Cobourg,CBRG,2025-09-03T00:00:12Z,2025-09-02T23:45:00Z,ARR,bad,15.0
48,True,True,TORONTO,OTTAWA,2025-09-02,4,Trenton Jct.,TRNJ,2025-09-03T00:29:13Z,2025-09-03T00:12:01Z,ARR,bad,17.0
48,True,True,TORONTO,OTTAWA,2025-09-02,5,Belleville,BLVL,2025-09-03T00:42:54Z,2025-09-03T00:25:00Z,ARR,bad,17.0
48,True,True,TORONTO,OTTAWA,2025-09-02,6,Napanee,NAPN,2025-09-03T01:06:42Z,2025-09-03T00:46:00Z,ARR,bad,20.0
48,True,True,TORONTO,OTTAWA,2025-09-02,7,Kingston,KGON,2025-09-03T01:27:43Z,2025-09-03T01:06:00Z,ARR,bad,21.0
48,True,True,TORONTO,OTTAWA,2025-09-02,8,Gananoque,GANA,2025-09-03T01:53:46Z,2025-09-03T01:28:00Z,ARR,bad,25.0
48,True,True,TORONTO,OTTAWA,2025-09-02,9,Brockville,BRKV,2025-09-03T02:21:26Z,2025-09-03T01:53:00Z,ARR,bad,28.0
48,True,True,TORONTO,OTTAWA,2025-09-02,10,Smiths Falls,SMTF,2025-09-03T03:02:52Z,2025-09-03T02:24:00Z,ARR,bad,38.0
48,True,True,TORONTO,OTTAWA,2025-09-02,11,Fallowfield,FALL,2025-09-03T03:30:08Z,2025-09-03T02:51:00Z,ARR,bad,39.0
48,True,True,TORONTO,OTTAWA,2025-09-02,12,Ottawa,OTTW,2025-09-03T03:49:16Z,2025-09-03T03:11:00Z,ARR,bad,38.0
79,True,False,TORONTO,WINDSOR,2025-09-02,0,Toronto,TRTO,2025-09-02T23:48:00Z,2025-09-02T23:45:00Z,ARR,goo,3.0
79,True,False,TORONTO,WINDSOR,2025-09-02,1,Oakville,OAKV,2025-09-03T00:12:57Z,2025-09-03T00:07:00Z,ARR,med,5.0
79,True,False,TORONTO,WINDSOR,2025-09-02,2,Aldershot,ALDR,2025-09-03T00:29:27Z,2025-09-03T00:22:00Z,ARR,med,7.0
79,True,False,TORONTO,WINDSOR,2025-09-02,3,Brantford,BRTF,2025-09-03T01:01:20Z,2025-09-03T00:50:00Z,ARR,med,11.0
79,True,False,TORONTO,WINDSOR,2025-09-02,4,Woodstock,WDST,2025-09-03T01:32:45Z,2025-09-03T01:17:00Z,ARR,bad,15.0
79,True,False,TORONTO,WINDSOR,2025-09-02,5,Ingersoll,INGR,2025-09-03T01:45:43Z,2025-09-03T01:30:00Z,ARR,bad,15.0
79,True,False,TORONTO,WINDSOR,2025-09-02,6,London,LNDN,2025-09-03T02:10:29Z,2025-09-03T01:52:00Z,ARR,bad,18.0
79,True,False,TORONTO,WINDSOR,2025-09-02,7,Glencoe,GLNC,2025-09-03T02:44:23Z,2025-09-03T02:25:00Z,ARR,bad,19.0
79,True,False,TORONTO,WINDSOR,2025-09-02,8,Chatham,CHAT,2025-09-03T03:25:00Z,2025-09-03T02:57:00Z,ARR,bad,28.0
79,True,False,TORONTO,WINDSOR,2025-09-02,9,Windsor,WDON,2025-09-03T04:08:04Z,2025-09-03T03:44:00Z,17 mins,bad,24.0
690,True,False,CHURCHILL,THE PAS,2025-09-02,0,Churchill,CHUR,2025-09-03T01:30:00Z,2025-09-03T01:30:00Z,ARR,goo,0.0
690,True,False,CHURCHILL,THE PAS,2025-09-02,1,Tidal,TIDL,2025-09-03T01:59:19Z,2025-09-03T01:52:00Z,ARR,med,7.0
690,True,False,CHURCHILL,THE PAS,2025-09-02,2,Chesnaye,CHES,2025-09-03T02:55:51Z,2025-09-03T02:38:00Z,ARR,bad,17.0
690,True,False,CHURCHILL,THE PAS,2025-09-02,3,M'Clintock,MCLI,2025-09-03T04:11:51Z,2025-09-03T03:54:00Z,21 mins,bad,17.0
690,True,False,CHURCHILL,THE PAS,2025-09-02,4,O'Day,ODAY,2025-09-03T04:56:51Z,2025-09-03T04:39:00Z,1h06,bad,17.0
690,True,False,CHURCHILL,THE PAS,2025-09-02,5,Herchmer,HERC,2025-09-03T05:35:51Z,2025-09-03T05:18:00Z,1h45,bad,17.0
690,True,False,CHURCHILL,THE PAS,2025-09-02,6,Thibaudeau,THIB,2025-09-03T07:01:51Z,2025-09-03T06:44:00Z,3h11,bad,17.0
690,True,False,CHURCHILL,THE PAS,2025-09-02,7,Weir River,WEIR,2025-09-03T08:03:51Z,2025-09-03T07:46:00Z,4h13,bad,17.0
690,True,False,CHURCHILL,THE PAS,2025-09-02,8,Amery,AMRY,2025-09-03T08:54:51Z,2025-09-03T08:37:00Z,5h04,bad,17.0
690,True,False,CHURCHILL,THE PAS,2025-09-02,9,Bird,BIRD,2025-09-03T09:17:51Z,2025-09-03T09:00:00Z,5h27,bad,17.0
690,True,False,CHURCHILL,THE PAS,2025-09-02,10,Gillam,GILL,2025-09-03T10:17:51Z,2025-09-03T10:00:00Z,6h27,bad,17.0
690,True,False,CHURCHILL,THE PAS,2025-09-02,11,Wivenhoe,WVHO,2025-09-03T11:33:51Z,2025-09-03T11:16:00Z,7h43,bad,17.0
690,True,False,CHURCHILL,THE PAS,2025-09-02,12,Ilford,ILFO,2025-09-03T12:10:51Z,2025-09-03T11:53:00Z,8h20,bad,17.0
690,True,False,CHURCHILL,THE PAS,2025-09-02,13,Pit Siding,PITS,2025-09-03T13:11:51Z,2025-09-03T12:54:00Z,9h21,bad,17.0
690,True,False,CHURCHILL,THE PAS,2025-09-02,14,Bridgar,BRGR,2025-09-03T14:33:51Z,2025-09-03T14:16:00Z,10h43,bad,17.0
690,True,False,CHURCHILL,THE PAS,2025-09-02,15,Pikwitonei,PIKW,2025-09-03T14:44:51Z,2025-09-03T14:27:00Z,10h54,bad,17.0
690,True,False,CHURCHILL,THE PAS,2025-09-02,16,Sipiwesk,SIPI,2025-09-03T15:11:51Z,2025-09-03T14:54:00Z,11h21,bad,17.0
690,True,False,CHURCHILL,THE PAS,2025-09-02,17,Thompson,THOM,2025-09-03T16:47:51Z,2025-09-03T16:30:00Z,12h57,bad,17.0
