train_id,departed,arrived,from,to,instance,stop_id,station,code,estimated,scheduled,eta,diff,diffMin
1 (06-04),True,False,TORONTO,VANCOUVER,2025-06-04,0,Toronto,TRTO,2025-06-04T13:55:00Z,2025-06-04T13:55:00Z,ARR,goo,0.0
1 (06-04),True,False,TORONTO,VANCOUVER,2025-06-04,1,Washago,WSHG,2025-06-04T17:23:33Z,2025-06-04T16:25:00Z,ARR,bad,58.0
1 (06-04),True,False,TORONTO,VANCOUVER,2025-06-04,2,South Parry,SPAR,2025-06-04T19:01:57Z,2025-06-04T18:27:00Z,ARR,bad,34.0
1 (06-04),True,False,TORONTO,VANCOUVER,2025-06-04,3,Sudbury (Jct.),SUDJ,2025-06-04T22:22:23Z,2025-06-04T20:57:00Z,ARR,bad,85.0
1 (06-04),True,False,TORONTO,VANCOUVER,2025-06-04,4,Capreol,CAPR,2025-06-04T22:59:31Z,2025-06-04T21:22:00Z,ARR,bad,97.0
1 (06-04),True,False,TORONTO,VANCOUVER,2025-06-04,5,Laforest,LAFO,2025-06-05T00:18:53Z,2025-06-04T22:48:00Z,ARR,bad,90.0
1 (06-04),True,False,TORONTO,VANCOUVER,2025-06-04,6,McKee's Camp,MCKC,2025-06-05T00:31:53Z,2025-06-04T23:01:00Z,ARR,bad,90.0
1 (06-04),True,False,TORONTO,VANCOUVER,2025-06-04,7,Felix,FELX,2025-06-05T00:51:53Z,2025-06-04T23:21:00Z,ARR,bad,90.0
1 (06-04),True,False,TORONTO,VANCOUVER,2025-06-04,8,Ruel,RUEL,2025-06-05T00:58:53Z,2025-06-04T23:28:00Z,ARR,bad,90.0
1 (06-04),True,False,TORONTO,VANCOUVER,2025-06-04,9,Westree,WSTR,2025-06-05T01:37:08Z,2025-06-04T23:45:00Z,ARR,bad,112.0
1 (06-04),True,False,TORONTO,VANCOUVER,2025-06-04,10,Gogama,GOGA,2025-06-05T02:04:08Z,2025-06-05T00:18:00Z,ARR,bad,106.0
1 (06-04),True,False,TORONTO,VANCOUVER,2025-06-04,11,Foleyet,FOLE,2025-06-05T04:04:49Z,2025-06-05T02:44:00Z,ARR,bad,80.0
1 (06-04),True,False,TORONTO,VANCOUVER,2025-06-04,12,Elsas,ELSA,2025-06-05T05:06:03Z,2025-06-05T03:38:00Z,ARR,bad,88.0
1 (06-04),True,False,TORONTO,VANCOUVER,2025-06-04,13,Oba,OBAX,2025-06-05T07:06:03Z,2025-06-05T05:38:00Z,ARR,bad,88.0
1 (06-04),True,False,TORONTO,VANCOUVER,2025-06-04,14,Hornepayne,HNPN,2025-06-05T07:47:53Z,2025-06-05T06:29:00Z,ARR,bad,78.0
1 (06-04),True,False,TORONTO,VANCOUVER,2025-06-04,15,Hillsport,HLSP,2025-06-05T09:05:27Z,2025-06-05T08:05:00Z,ARR,bad,60.0
1 (06-04),True,False,TORONTO,VANCOUVER,2025-06-04,16,Caramat,CARA,2025-06-05T09:59:56Z,2025-06-05T08:55:00Z,ARR,bad,64.0
1 (06-04),True,False,TORONTO,VANCOUVER,2025-06-04,17,Longlac,LLAC,2025-06-05T10:22:17Z,2025-06-05T09:34:00Z,ARR,bad,48.0
1 (06-04),True,False,TORONTO,VANCOUVER,2025-06-04,18,Nakina,NAKI,2025-06-05T11:02:11Z,2025-06-05T10:13:00Z,ARR,bad,49.0
1 (06-04),True,False,TORONTO,VANCOUVER,2025-06-04,19,Auden,AUDN,2025-06-05T12:10:51Z,2025-06-05T11:19:00Z,ARR,bad,51.0
1 (06-04),True,False,TORONTO,VANCOUVER,2025-06-04,20,Ferland,FERL,2025-06-05T12:47:51Z,2025-06-05T11:56:00Z,ARR,bad,51.0
1 (06-04),True,False,TORONTO,VANCOUVER,2025-06-04,21,Mud River,MUDR,2025-06-05T12:56:51Z,2025-06-05T12:05:00Z,ARR,bad,51.0
1 (06-04),True,False,TORONTO,VANCOUVER,2025-06-04,22,Armstrong,ARMG,2025-06-05T13:58:30Z,2025-06-05T13:17:00Z,ARR,bad,41.0
1 (06-04),True,False,TORONTO,VANCOUVER,2025-06-04,23,Collins,COLL,2025-06-05T15:27:04Z,2025-06-05T13:47:00Z,ARR,bad,100.0
1 (06-04),True,False,TORONTO,VANCOUVER,2025-06-04,24,Allanwater Bridge,ALWB,2025-06-05T16:06:04Z,2025-06-05T14:26:00Z,ARR,bad,100.0
1 (06-04),True,False,TORONTO,VANCOUVER,2025-06-04,25,Flindt Landing,FLTL,2025-06-05T16:22:04Z,2025-06-05T14:42:00Z,ARR,bad,100.0
1 (06-04),True,False,TORONTO,VANCOUVER,2025-06-04,26,Savant Lake,SAVL,2025-06-05T16:39:04Z,2025-06-05T14:59:00Z,ARR,bad,100.0
1 (06-04),True,False,TORONTO,VANCOUVER,2025-06-04,27,Sioux Lookout,SLKT,2025-06-05T18:31:28Z,2025-06-05T16:25:00Z,ARR,bad,126.0
1 (06-04),True,False,TORONTO,VANCOUVER,2025-06-04,28,Richan,RCHN,2025-06-05T20:54:33Z,2025-06-05T18:05:00Z,ARR,bad,169.0
1 (06-04),True,False,TORONTO,VANCOUVER,2025-06-04,29,Red Lake Road,RLRX,2025-06-05T21:36:26Z,2025-06-05T18:41:00Z,ARR,bad,175.0
1 (06-04),True,False,TORONTO,VANCOUVER,2025-06-04,30,Canyon,CNYK,2025-06-05T21:59:27Z,2025-06-05T19:10:00Z,ARR,bad,169.0
1 (06-04),True,False,TORONTO,VANCOUVER,2025-06-04,31,Farlane,FARL,2025-06-05T22:31:01Z,2025-06-05T19:47:00Z,ARR,bad,164.0
1 (06-04),True,False,TORONTO,VANCOUVER,2025-06-04,32,Redditt,RDDT,2025-06-05T22:43:20Z,2025-06-05T20:23:00Z,ARR,bad,140.0
1 (06-04),True,False,TORONTO,VANCOUVER,2025-06-04,33,Minaki,MNKI,2025-06-05T23:08:11Z,2025-06-05T20:44:00Z,ARR,bad,144.0
1 (06-04),True,False,TORONTO,VANCOUVER,2025-06-04,34,Ottermere,OTTM,2025-06-05T23:23:24Z,2025-06-05T21:01:00Z,ARR,bad,142.0
1 (06-04),True,False,TORONTO,VANCOUVER,2025-06-04,35,Malachi,MLCH,2025-06-05T23:26:35Z,2025-06-05T21:07:00Z,ARR,bad,139.0
1 (06-04),True,False,TORONTO,VANCOUVER,2025-06-04,36,Copelands Landing,COPE,2025-06-05T23:27:14Z,2025-06-05T21:09:00Z,ARR,bad,138.0
1 (06-04),True,False,TORONTO,VANCOUVER,2025-06-04,37,Rice Lake,RCLK,2025-06-06T00:29:07Z,2025-06-05T21:12:00Z,ARR,bad,197.0
1 (06-04),True,False,TORONTO,VANCOUVER,2025-06-04,38,Winnitoba,WNTB,2025-06-06T00:36:37Z,2025-06-05T21:26:00Z,ARR,bad,190.0
1 (06-04),True,False,TORONTO,VANCOUVER,2025-06-04,39,Ophir,OPHR,2025-06-06T00:37:25Z,2025-06-05T21:31:00Z,ARR,bad,186.0
1 (06-04),True,False,TORONTO,VANCOUVER,2025-06-04,40,Brereton Lake,BRTL,2025-06-06T00:50:09Z,2025-06-05T21:49:00Z,ARR,bad,181.0
1 (06-04),True,False,TORONTO,VANCOUVER,2025-06-04,41,Elma,ELMA,2025-06-06T01:07:26Z,2025-06-05T22:10:00Z,ARR,bad,177.0
1 (06-04),True,False,TORONTO,VANCOUVER,2025-06-04,42,Winnipeg,WNPG,2025-06-06T02:46:20Z,2025-06-06T00:30:00Z,ARR,bad,136.0
1 (06-04),True,False,TORONTO,VANCOUVER,2025-06-04,43,Portage La Prairie,PLPX,2025-06-06T06:27:00Z,2025-06-06T04:04:00Z,ARR,bad,143.0
1 (06-04),True,False,TORONTO,VANCOUVER,2025-06-04,44,Rivers,RVRS,2025-06-06T08:31:15Z,2025-06-06T06:31:00Z,ARR,bad,120.0
1 (06-04),True,False,TORONTO,VANCOUVER,2025-06-04,45,Melville,MELV,2025-06-06T11:37:07Z,2025-06-06T10:54:00Z,ARR,bad,43.0
1 (06-04),True,False,TORONTO,VANCOUVER,2025-06-04,46,Watrous,WATR,2025-06-06T14:32:07Z,2025-06-06T13:54:00Z,ARR,bad,38.0
1 (06-04),True,False,TORONTO,VANCOUVER,2025-06-04,47,Saskatoon,SASK,2025-06-06T16:17:47Z,2025-06-06T15:50:00Z,ARR,bad,27.0
1 (06-04),True,False,TORONTO,VANCOUVER,2025-06-04,48,Biggar,BIGG,2025-06-06T18:46:50Z,2025-06-06T18:29:00Z,ARR,bad,17.0
1 (06-04),True,False,TORONTO,VANCOUVER,2025-06-04,49,Unity,UNIT,2025-06-06T19:55:02Z,2025-06-06T19:44:00Z,ARR,med,11.0
1 (06-04),True,False,TORONTO,VANCOUVER,2025-06-04,50,Wainwright,WAIN,2025-06-06T22:21:34Z,2025-06-06T22:33:00Z,ARR,goo,-11.0
1 (06-04),True,False,TORONTO,VANCOUVER,2025-06-04,51,Viking,VKNG,2025-06-06T23:20:28Z,2025-06-06T23:26:00Z,ARR,goo,-5.0
1 (06-04),True,False,TORONTO,VANCOUVER,2025-06-04,52,Edmonton,EDMO,2025-06-07T02:16:17Z,2025-06-07T02:50:00Z,ARR,goo,-33.0
1 (06-04),True,False,TORONTO,VANCOUVER,2025-06-04,53,Evansburg,EVAN,2025-06-07T07:40:13Z,2025-06-07T07:29:00Z,ARR,med,11.0
1 (06-04),True,False,TORONTO,VANCOUVER,2025-06-04,54,Edson,EDSN,2025-06-07T09:55:40Z,2025-06-07T08:52:00Z,ARR,bad,63.0
1 (06-04),True,False,TORONTO,VANCOUVER,2025-06-04,55,Hinton,HINT,2025-06-07T11:34:24Z,2025-06-07T09:58:00Z,ARR,bad,96.0
1 (06-04),True,False,TORONTO,VANCOUVER,2025-06-04,56,Jasper,JASP,2025-06-07T13:01:29Z,2025-06-07T12:30:00Z,ARR,bad,31.0
1 (06-04),True,False,TORONTO,VANCOUVER,2025-06-04,57,Valemount,VLMT,2025-06-07T18:05:22Z,2025-06-07T17:50:00Z,ARR,bad,15.0
1 (06-04),True,False,TORONTO,VANCOUVER,2025-06-04,58,Blue River,BLUE,2025-06-07T20:35:38Z,2025-06-07T20:36:00Z,ARR,goo,0.0
1 (06-04),True,False,TORONTO,VANCOUVER,2025-06-04,59,Clearwater,CLWT,2025-06-07T23:01:26Z,2025-06-07T22:45:00Z,ARR,bad,16.0
1 (06-04),True,False,TORONTO,VANCOUVER,2025-06-04,60,Kamloops North,KAMN,2025-06-08T01:17:23Z,2025-06-08T01:28:00Z,ARR,goo,-10.0
1 (06-04),True,False,TORONTO,VANCOUVER,2025-06-04,61,Ashcroft,ASHN,2025-06-08T03:34:16Z,2025-06-08T03:49:00Z,12 mins,goo,-14.0
1 (06-04),True,False,TORONTO,VANCOUVER,2025-06-04,62,Boston Bar,BBAR,2025-06-08T06:36:00Z,2025-06-08T06:36:00Z,3h14,goo,0.0
1 (06-04),True,False,TORONTO,VANCOUVER,2025-06-04,63,Hope,HOPE,&mdash;,2025-06-08T08:06:00Z,&mdash;,,
1 (06-04),True,False,TORONTO,VANCOUVER,2025-06-04,64,Chilliwack,CHIL,&mdash;,2025-06-08T08:30:00Z,&mdash;,,
1 (06-04),True,False,TORONTO,VANCOUVER,2025-06-04,65,Abbotsford,ABBO,&mdash;,2025-06-08T09:00:00Z,&mdash;,,
1 (06-04),True,False,TORONTO,VANCOUVER,2025-06-04,66,Vancouver,VCVR,&mdash;,2025-06-08T15:00:00Z,&mdash;,,
692 (06-05),True,True,CHURCHILL,WINNIPEG,2025-06-05,0,Churchill,CHUR,2025-06-06T01:30:00Z,2025-06-06T01:30:00Z,ARR,goo,0.0
692 (06-05),True,True,CHURCHILL,WINNIPEG,2025-06-05,1,Tidal,TIDL,2025-06-06T01:53:56Z,2025-06-06T01:52:00Z,ARR,goo,1.0
692 (06-05),True,True,CHURCHILL,WINNIPEG,2025-06-05,2,Chesnaye,CHES,2025-06-06T02:50:13Z,2025-06-06T02:38:00Z,ARR,med,12.0
692 (06-05),True,True,CHURCHILL,WINNIPEG,2025-06-05,3,M'Clintock,MCLI,2025-06-06T04:06:13Z,2025-06-06T03:54:00Z,ARR,med,12.0
692 (06-05),True,True,CHURCHILL,WINNIPEG,2025-06-05,4,O'Day,ODAY,2025-06-06T04:51:13Z,2025-06-06T04:39:00Z,ARR,med,12.0
692 (06-05),True,True,CHURCHILL,WINNIPEG,2025-06-05,5,Herchmer,HERC,2025-06-06T05:30:13Z,2025-06-06T05:18:00Z,ARR,med,12.0
692 (06-05),True,True,CHURCHILL,WINNIPEG,2025-06-05,6,Thibaudeau,THIB,2025-06-06T06:56:13Z,2025-06-06T06:44:00Z,ARR,med,12.0
692 (06-05),True,True,CHURCHILL,WINNIPEG,2025-06-05,7,Weir River,WEIR,2025-06-06T07:23:57Z,2025-06-06T07:46:00Z,ARR,goo,-22.0
692 (06-05),True,True,CHURCHILL,WINNIPEG,2025-06-05,8,Amery,AMRY,2025-06-06T08:01:42Z,2025-06-06T08:37:00Z,ARR,goo,-35.0
692 (06-05),True,True,CHURCHILL,WINNIPEG,2025-06-05,9,Bird,BIRD,2025-06-06T08:30:41Z,2025-06-06T09:00:00Z,ARR,goo,-29.0
692 (06-05),True,True,CHURCHILL,WINNIPEG,2025-06-05,10,Gillam,GILL,2025-06-06T09:16:38Z,2025-06-06T10:00:00Z,ARR,goo,-43.0
692 (06-05),True,True,CHURCHILL,WINNIPEG,2025-06-05,11,Wivenhoe,WVHO,2025-06-06T11:17:05Z,2025-06-06T11:16:00Z,ARR,goo,1.0
692 (06-05),True,True,CHURCHILL,WINNIPEG,2025-06-05,12,Ilford,ILFO,2025-06-06T12:06:56Z,2025-06-06T11:53:00Z,ARR,med,13.0
692 (06-05),True,True,CHURCHILL,WINNIPEG,2025-06-05,13,Pit Siding,PITS,2025-06-06T13:20:35Z,2025-06-06T12:54:00Z,ARR,bad,26.0
692 (06-05),True,True,CHURCHILL,WINNIPEG,2025-06-05,14,Bridgar,BRGR,2025-06-06T14:42:35Z,2025-06-06T14:16:00Z,ARR,bad,26.0
692 (06-05),True,True,CHURCHILL,WINNIPEG,2025-06-05,15,Pikwitonei,PIKW,2025-06-06T14:53:35Z,2025-06-06T14:27:00Z,ARR,bad,26.0
692 (06-05),True,True,CHURCHILL,WINNIPEG,2025-06-05,16,Sipiwesk,SIPI,2025-06-06T15:20:35Z,2025-06-06T14:54:00Z,ARR,bad,26.0
692 (06-05),True,True,CHURCHILL,WINNIPEG,2025-06-05,17,Thompson,THOM,2025-06-06T18:42:33Z,2025-06-06T16:30:00Z,ARR,bad,132.0
692 (06-05),True,True,CHURCHILL,WINNIPEG,2025-06-05,18,Leven,LEVN,2025-06-06T20:58:25Z,2025-06-06T21:05:00Z,ARR,goo,-6.0
692 (06-05),True,True,CHURCHILL,WINNIPEG,2025-06-05,19,Thicket Portage,THKP,2025-06-06T21:15:25Z,2025-06-06T21:22:00Z,ARR,goo,-6.0
692 (06-05),True,True,CHURCHILL,WINNIPEG,2025-06-05,20,Hockin,HOCK,2025-06-06T21:12:24Z,2025-06-06T21:37:00Z,ARR,goo,-24.0
692 (06-05),True,True,CHURCHILL,WINNIPEG,2025-06-05,21,Odhill,ODHI,2025-06-06T21:58:22Z,2025-06-06T22:21:00Z,ARR,goo,-22.0
692 (06-05),True,True,CHURCHILL,WINNIPEG,2025-06-05,22,Lyddal,LYDD,2025-06-06T22:16:55Z,2025-06-06T22:43:00Z,ARR,goo,-26.0
692 (06-05),True,True,CHURCHILL,WINNIPEG,2025-06-05,23,Wabowden,WBDN,2025-06-06T22:40:57Z,2025-06-06T23:11:00Z,ARR,goo,-30.0
692 (06-05),True,True,CHURCHILL,WINNIPEG,2025-06-05,24,Pipun,PIPN,2025-06-06T22:57:37Z,2025-06-06T23:34:00Z,ARR,goo,-36.0
692 (06-05),True,True,CHURCHILL,WINNIPEG,2025-06-05,25,Ponton,PNTN,2025-06-06T23:42:49Z,2025-06-07T00:17:00Z,ARR,goo,-34.0
692 (06-05),True,True,CHURCHILL,WINNIPEG,2025-06-05,26,Turnbull,TURN,2025-06-07T00:10:01Z,2025-06-07T00:49:00Z,ARR,goo,-38.0
692 (06-05),True,True,CHURCHILL,WINNIPEG,2025-06-05,27,Wekusko,WEKU,2025-06-07T00:37:16Z,2025-06-07T01:16:00Z,ARR,goo,-38.0
692 (06-05),True,True,CHURCHILL,WINNIPEG,2025-06-05,28,Dyce,DYCE,2025-06-07T01:17:45Z,2025-06-07T02:00:00Z,ARR,goo,-42.0
692 (06-05),True,True,CHURCHILL,WINNIPEG,2025-06-05,29,Dering,DERI,2025-06-07T02:39:00Z,2025-06-07T02:39:00Z,ARR,goo,0.0
692 (06-05),True,True,CHURCHILL,WINNIPEG,2025-06-05,30,Cormorant,CORM,2025-06-07T02:47:00Z,2025-06-07T02:47:00Z,ARR,goo,0.0
692 (06-05),True,True,CHURCHILL,WINNIPEG,2025-06-05,31,Halcrow,HALC,2025-06-07T02:58:00Z,2025-06-07T02:58:00Z,ARR,goo,0.0
692 (06-05),True,True,CHURCHILL,WINNIPEG,2025-06-05,32,Orok,OROK,2025-06-07T02:49:45Z,2025-06-07T03:52:00Z,ARR,goo,-62.0
692 (06-05),True,True,CHURCHILL,WINNIPEG,2025-06-05,33,The Pas,TPAS,2025-06-07T03:18:59Z,2025-06-07T04:30:00Z,ARR,goo,-71.0
692 (06-05),True,True,CHURCHILL,WINNIPEG,2025-06-05,34,Hudson Bay,HBAY,2025-06-07T10:40:05Z,2025-06-07T10:27:00Z,ARR,med,13.0
692 (06-05),True,True,CHURCHILL,WINNIPEG,2025-06-05,35,Reserve,RSRV,2025-06-07T11:33:03Z,2025-06-07T11:09:00Z,ARR,bad,24.0
692 (06-05),True,True,CHURCHILL,WINNIPEG,2025-06-05,36,Endeavour,ENDV,2025-06-07T12:22:23Z,2025-06-07T11:55:00Z,ARR,bad,27.0
692 (06-05),True,True,CHURCHILL,WINNIPEG,2025-06-05,37,Sturgis,STGS,2025-06-07T12:53:07Z,2025-06-07T12:24:00Z,ARR,bad,29.0
692 (06-05),True,True,CHURCHILL,WINNIPEG,2025-06-05,38,Canora,CANO,2025-06-07T13:48:17Z,2025-06-07T13:08:00Z,ARR,bad,40.0
692 (06-05),True,True,CHURCHILL,WINNIPEG,2025-06-05,39,Mikado,MIKA,2025-06-07T14:02:52Z,2025-06-07T13:30:00Z,ARR,bad,32.0
692 (06-05),True,True,CHURCHILL,WINNIPEG,2025-06-05,40,Veregin,VERE,2025-06-07T14:14:40Z,2025-06-07T13:43:00Z,ARR,bad,31.0
692 (06-05),True,True,CHURCHILL,WINNIPEG,2025-06-05,41,Kamsack,KAMS,2025-06-07T14:26:04Z,2025-06-07T13:58:00Z,ARR,bad,28.0
692 (06-05),True,True,CHURCHILL,WINNIPEG,2025-06-05,42,Togo,TOGO,2025-06-07T14:59:25Z,2025-06-07T14:37:00Z,ARR,bad,22.0
692 (06-05),True,True,CHURCHILL,WINNIPEG,2025-06-05,43,Roblin,RBLN,2025-06-07T15:24:31Z,2025-06-07T15:14:00Z,ARR,med,10.0
692 (06-05),True,True,CHURCHILL,WINNIPEG,2025-06-05,44,Grandview,GVIE,2025-06-07T16:49:31Z,2025-06-07T16:12:00Z,ARR,bad,37.0
692 (06-05),True,True,CHURCHILL,WINNIPEG,2025-06-05,45,Gilbert Plains,GLBP,2025-06-07T17:07:44Z,2025-06-07T16:32:00Z,ARR,bad,35.0
692 (06-05),True,True,CHURCHILL,WINNIPEG,2025-06-05,46,Dauphin,DAUP,2025-06-07T17:46:02Z,2025-06-07T16:56:00Z,ARR,bad,50.0
692 (06-05),True,True,CHURCHILL,WINNIPEG,2025-06-05,47,Ochre River,OCHR,2025-06-07T18:15:06Z,2025-06-07T17:20:00Z,ARR,bad,55.0
692 (06-05),True,True,CHURCHILL,WINNIPEG,2025-06-05,48,Laurier,LRIE,2025-06-07T18:30:23Z,2025-06-07T17:38:00Z,ARR,bad,52.0
692 (06-05),True,True,CHURCHILL,WINNIPEG,2025-06-05,49,Mccreary,MCCR,2025-06-07T18:47:26Z,2025-06-07T17:54:00Z,ARR,bad,53.0
692 (06-05),True,True,CHURCHILL,WINNIPEG,2025-06-05,50,Glenella,GLNA,2025-06-07T19:26:49Z,2025-06-07T18:34:00Z,ARR,bad,52.0
692 (06-05),True,True,CHURCHILL,WINNIPEG,2025-06-05,51,Plumas,PLUM,2025-06-07T19:53:28Z,2025-06-07T19:06:00Z,ARR,bad,47.0
692 (06-05),True,True,CHURCHILL,WINNIPEG,2025-06-05,52,Gladstone,GSTO,2025-06-07T20:21:20Z,2025-06-07T19:51:00Z,ARR,bad,30.0
692 (06-05),True,True,CHURCHILL,WINNIPEG,2025-06-05,53,Portage La Prairie,PLPX,2025-06-07T21:04:48Z,2025-06-07T20:37:00Z,ARR,bad,27.0
692 (06-05),True,True,CHURCHILL,WINNIPEG,2025-06-05,54,Winnipeg,WNPG,2025-06-07T22:19:57Z,2025-06-07T21:45:00Z,ARR,bad,34.0
2 (06-06),True,False,VANCOUVER,TORONTO,2025-06-06,0,Vancouver,VCVR,2025-06-06T22:00:30Z,2025-06-06T22:00:00Z,ARR,goo,0.0
2 (06-06),True,False,VANCOUVER,TORONTO,2025-06-06,1,Mission Harbour,MSNH,2025-06-07T00:02:44Z,2025-06-06T23:35:00Z,ARR,bad,27.0
2 (06-06),True,False,VANCOUVER,TORONTO,2025-06-06,2,Agassiz,AGAS,2025-06-07T00:53:50Z,2025-06-07T00:03:00Z,ARR,bad,50.0
2 (06-06),True,False,VANCOUVER,TORONTO,2025-06-06,3,Katz,KATZ,2025-06-07T01:21:46Z,2025-06-07T00:17:00Z,ARR,bad,64.0
2 (06-06),True,False,VANCOUVER,TORONTO,2025-06-06,4,North Bend,NBND,2025-06-07T03:21:00Z,2025-06-07T02:46:00Z,ARR,bad,35.0
2 (06-06),True,False,VANCOUVER,TORONTO,2025-06-06,5,Ashcroft,ASHN,2025-06-07T06:02:46Z,2025-06-07T05:32:00Z,ARR,bad,30.0
2 (06-06),True,False,VANCOUVER,TORONTO,2025-06-06,6,Kamloops North,KAMN,2025-06-07T08:27:23Z,2025-06-07T07:17:00Z,ARR,bad,70.0
2 (06-06),True,False,VANCOUVER,TORONTO,2025-06-06,7,Clearwater,CLWT,2025-06-07T10:52:53Z,2025-06-07T09:58:00Z,ARR,bad,54.0
2 (06-06),True,False,VANCOUVER,TORONTO,2025-06-06,8,Blue River,BLUE,2025-06-07T12:38:03Z,2025-06-07T12:11:00Z,ARR,bad,27.0
2 (06-06),True,False,VANCOUVER,TORONTO,2025-06-06,9,Valemount,VLMT,2025-06-07T14:38:47Z,2025-06-07T14:01:00Z,ARR,bad,37.0
2 (06-06),True,False,VANCOUVER,TORONTO,2025-06-06,10,Jasper,JASP,2025-06-07T16:50:26Z,2025-06-07T17:00:00Z,ARR,goo,-9.0
2 (06-06),True,False,VANCOUVER,TORONTO,2025-06-06,11,Hinton,HINT,2025-06-07T19:59:23Z,2025-06-07T19:45:00Z,ARR,med,14.0
2 (06-06),True,False,VANCOUVER,TORONTO,2025-06-06,12,Edson,EDSN,2025-06-07T21:34:55Z,2025-06-07T21:19:00Z,ARR,bad,15.0
2 (06-06),True,False,VANCOUVER,TORONTO,2025-06-06,13,Evansburg,EVAN,2025-06-07T22:43:54Z,2025-06-07T22:28:00Z,ARR,bad,15.0
2 (06-06),True,False,VANCOUVER,TORONTO,2025-06-06,14,Edmonton,EDMO,2025-06-08T00:22:44Z,2025-06-08T00:50:00Z,ARR,goo,-27.0
2 (06-06),True,False,VANCOUVER,TORONTO,2025-06-06,15,Viking,VKNG,2025-06-08T03:58:51Z,2025-06-08T03:53:00Z,37 mins,med,5.0
2 (06-06),True,False,VANCOUVER,TORONTO,2025-06-06,16,Wainwright,WAIN,2025-06-08T06:19:51Z,2025-06-08T06:14:00Z,2h58,med,5.0
2 (06-06),True,False,VANCOUVER,TORONTO,2025-06-06,17,Unity,UNIT,&mdash;,2025-06-08T07:47:00Z,&mdash;,,
2 (06-06),True,False,VANCOUVER,TORONTO,2025-06-06,18,Biggar,BIGG,&mdash;,2025-06-08T09:21:00Z,&mdash;,,
2 (06-06),True,False,VANCOUVER,TORONTO,2025-06-06,19,Saskatoon,SASK,&mdash;,2025-06-08T11:57:00Z,&mdash;,,
2 (06-06),True,False,VANCOUVER,TORONTO,2025-06-06,20,Watrous,WATR,&mdash;,2025-06-08T14:26:00Z,&mdash;,,
692 (06-07),True,False,CHURCHILL,WINNIPEG,2025-06-07,0,Churchill,CHUR,2025-06-08T01:30:00Z,2025-06-08T01:30:00Z,ARR,goo,0.0
692 (06-07),True,False,CHURCHILL,WINNIPEG,2025-06-07,1,Tidal,TIDL,2025-06-08T01:51:20Z,2025-06-08T01:52:00Z,ARR,goo,0.0
692 (06-07),True,False,CHURCHILL,WINNIPEG,2025-06-07,2,Chesnaye,CHES,2025-06-08T02:52:01Z,2025-06-08T02:38:00Z,ARR,med,14.0
692 (06-07),True,False,CHURCHILL,WINNIPEG,2025-06-07,3,M'Clintock,MCLI,2025-06-08T04:08:01Z,2025-06-08T03:54:00Z,46 mins,med,14.0
692 (06-07),True,False,CHURCHILL,WINNIPEG,2025-06-07,4,O'Day,ODAY,2025-06-08T04:53:01Z,2025-06-08T04:39:00Z,1h31,med,14.0
692 (06-07),True,False,CHURCHILL,WINNIPEG,2025-06-07,5,Herchmer,HERC,2025-06-08T05:32:01Z,2025-06-08T05:18:00Z,2h10,med,14.0
692 (06-07),True,False,CHURCHILL,WINNIPEG,2025-06-07,6,Thibaudeau,THIB,2025-06-08T06:58:01Z,2025-06-08T06:44:00Z,3h36,med,14.0
692 (06-07),True,False,CHURCHILL,WINNIPEG,2025-06-07,7,Weir River,WEIR,2025-06-08T08:00:01Z,2025-06-08T07:46:00Z,4h38,med,14.0
692 (06-07),True,False,CHURCHILL,WINNIPEG,2025-06-07,8,Amery,AMRY,2025-06-08T08:51:01Z,2025-06-08T08:37:00Z,5h29,med,14.0
692 (06-07),True,False,CHURCHILL,WINNIPEG,2025-06-07,9,Bird,BIRD,2025-06-08T09:14:01Z,2025-06-08T09:00:00Z,5h52,med,14.0
692 (06-07),True,False,CHURCHILL,WINNIPEG,2025-06-07,10,Gillam,GILL,2025-06-08T10:14:01Z,2025-06-08T10:00:00Z,6h52,med,14.0
692 (06-07),True,False,CHURCHILL,WINNIPEG,2025-06-07,11,Wivenhoe,WVHO,2025-06-08T11:30:01Z,2025-06-08T11:16:00Z,8h08,med,14.0
692 (06-07),True,False,CHURCHILL,WINNIPEG,2025-06-07,12,Ilford,ILFO,2025-06-08T12:07:01Z,2025-06-08T11:53:00Z,8h45,med,14.0
692 (06-07),True,False,CHURCHILL,WINNIPEG,2025-06-07,13,Pit Siding,PITS,2025-06-08T13:08:01Z,2025-06-08T12:54:00Z,9h46,med,14.0
692 (06-07),True,False,CHURCHILL,WINNIPEG,2025-06-07,14,Bridgar,BRGR,2025-06-08T14:30:01Z,2025-06-08T14:16:00Z,11h08,med,14.0
692 (06-07),True,False,CHURCHILL,WINNIPEG,2025-06-07,15,Pikwitonei,PIKW,2025-06-08T14:41:01Z,2025-06-08T14:27:00Z,11h19,med,14.0
692 (06-07),True,False,CHURCHILL,WINNIPEG,2025-06-07,16,Sipiwesk,SIPI,2025-06-08T15:08:01Z,2025-06-08T14:54:00Z,11h46,med,14.0
692 (06-07),True,False,CHURCHILL,WINNIPEG,2025-06-07,17,Thompson,THOM,2025-06-08T16:44:01Z,2025-06-08T16:30:00Z,13h22,med,14.0
15,True,True,HALIFAX,MONTRÉAL,2025-06-06,0,Halifax,HLFX,2025-06-06T14:30:00Z,2025-06-06T14:30:00Z,ARR,goo,0.0
15,True,True,HALIFAX,MONTRÉAL,2025-06-06,1,Truro,TRUR,2025-06-06T17:01:55Z,2025-06-06T15:56:00Z,ARR,bad,65.0
15,True,True,HALIFAX,MONTRÉAL,2025-06-06,2,Springhill Jct,SPRJ,2025-06-06T18:17:26Z,2025-06-06T17:12:00Z,ARR,bad,65.0
15,True,True,HALIFAX,MONTRÉAL,2025-06-06,3,Amherst,AMHS,2025-06-06T18:38:05Z,2025-06-06T17:35:00Z,ARR,bad,63.0
15,True,True,HALIFAX,MONTRÉAL,2025-06-06,4,Sackville,SACK,2025-06-06T18:56:43Z,2025-06-06T17:52:00Z,ARR,bad,64.0
15,True,True,HALIFAX,MONTRÉAL,2025-06-06,5,Moncton,MCTN,2025-06-06T19:45:33Z,2025-06-06T18:47:00Z,ARR,bad,58.0
15,True,True,HALIFAX,MONTRÉAL,2025-06-06,6,Rogersville,RGRV,2025-06-06T21:52:49Z,2025-06-06T20:01:00Z,ARR,bad,111.0
15,True,True,HALIFAX,MONTRÉAL,2025-06-06,7,Miramichi,MIRA,2025-06-06T22:43:53Z,2025-06-06T20:52:00Z,ARR,bad,111.0
15,True,True,HALIFAX,MONTRÉAL,2025-06-06,8,Bathurst,BTRS,2025-06-07T00:21:47Z,2025-06-06T22:48:00Z,ARR,bad,93.0
15,True,True,HALIFAX,MONTRÉAL,2025-06-06,9,Petit Rocher,PROC,2025-06-07T00:42:41Z,2025-06-06T23:17:00Z,ARR,bad,85.0
15,True,True,HALIFAX,MONTRÉAL,2025-06-06,10,Jacquet River,JACR,2025-06-07T01:09:38Z,2025-06-06T23:40:01Z,ARR,bad,89.0
15,True,True,HALIFAX,MONTRÉAL,2025-06-06,11,Charlo,CHLO,2025-06-07T01:45:00Z,2025-06-07T00:04:00Z,ARR,bad,101.0
15,True,True,HALIFAX,MONTRÉAL,2025-06-06,12,Campbellton,CBTN,2025-06-07T02:30:37Z,2025-06-07T01:08:00Z,ARR,bad,82.0
15,True,True,HALIFAX,MONTRÉAL,2025-06-06,13,Matapedia,MTPD,2025-06-07T03:08:48Z,2025-06-07T01:50:00Z,ARR,bad,78.0
15,True,True,HALIFAX,MONTRÉAL,2025-06-06,14,Causapscal,CAUS,2025-06-07T04:08:46Z,2025-06-07T02:39:00Z,ARR,bad,89.0
15,True,True,HALIFAX,MONTRÉAL,2025-06-06,15,Amqui,AMQU,2025-06-07T04:34:24Z,2025-06-07T02:59:00Z,ARR,bad,95.0
15,True,True,HALIFAX,MONTRÉAL,2025-06-06,16,Sayabec,SAYA,2025-06-07T05:05:05Z,2025-06-07T03:21:00Z,ARR,bad,104.0
15,True,True,HALIFAX,MONTRÉAL,2025-06-06,17,Mont-Joli,MJLI,2025-06-07T06:10:02Z,2025-06-07T04:51:00Z,ARR,bad,79.0
15,True,True,HALIFAX,MONTRÉAL,2025-06-06,18,Rimouski,RMSK,2025-06-07T06:36:00Z,2025-06-07T05:24:00Z,ARR,bad,72.0
15,True,True,HALIFAX,MONTRÉAL,2025-06-06,19,Trois Pistoles,TPIS,2025-06-07T07:33:40Z,2025-06-07T06:31:00Z,ARR,bad,62.0
15,True,True,HALIFAX,MONTRÉAL,2025-06-06,20,Rivière-Du-Loup,RDLX,2025-06-07T08:13:04Z,2025-06-07T07:18:00Z,ARR,bad,55.0
15,True,True,HALIFAX,MONTRÉAL,2025-06-06,21,La Pocatière,LPOC,2025-06-07T08:51:37Z,2025-06-07T08:05:00Z,ARR,bad,46.0
15,True,True,HALIFAX,MONTRÉAL,2025-06-06,22,Montmagny,MMGY,2025-06-07T09:19:03Z,2025-06-07T08:39:00Z,ARR,bad,40.0
15,True,True,HALIFAX,MONTRÉAL,2025-06-06,23,Ste-Foy,SFOY,2025-06-07T10:12:44Z,2025-06-07T10:13:00Z,ARR,goo,0.0
15,True,True,HALIFAX,MONTRÉAL,2025-06-06,24,Drummondville,DRMV,2025-06-07T12:12:58Z,2025-06-07T12:20:00Z,ARR,goo,-7.0
15,True,True,HALIFAX,MONTRÉAL,2025-06-06,25,St. Hyacinthe,SHYA,2025-06-07T12:45:44Z,2025-06-07T13:00:00Z,ARR,goo,-14.0
15,True,True,HALIFAX,MONTRÉAL,2025-06-06,26,St. Lambert,SLAM,2025-06-07T13:23:00Z,2025-06-07T13:34:00Z,ARR,goo,-11.0
15,True,True,HALIFAX,MONTRÉAL,2025-06-06,27,Montréal,MTRL,2025-06-07T13:39:37Z,2025-06-07T13:53:00Z,ARR,goo,-13.0
6,True,True,PRINCE RUPERT,JASPER,2025-06-06,0,Prince Rupert,PRUP,2025-06-06T15:00:00Z,2025-06-06T15:00:00Z,ARR,goo,0.0
6,True,True,PRINCE RUPERT,JASPER,2025-06-06,1,Cassiar Cannery,CASS,2025-06-06T15:31:35Z,2025-06-06T15:20:00Z,ARR,med,11.0
6,True,True,PRINCE RUPERT,JASPER,2025-06-06,2,Kwinitsa,KWIN,2025-06-06T16:11:35Z,2025-06-06T16:17:00Z,ARR,goo,-5.0
6,True,True,PRINCE RUPERT,JASPER,2025-06-06,3,Terrace,TRRC,2025-06-06T17:07:49Z,2025-06-06T17:20:00Z,ARR,goo,-12.0
6,True,True,PRINCE RUPERT,JASPER,2025-06-06,4,Usk,USKX,2025-06-06T17:43:38Z,2025-06-06T17:48:00Z,ARR,goo,-4.0
6,True,True,PRINCE RUPERT,JASPER,2025-06-06,5,Pacific,PACI,2025-06-06T18:00:51Z,2025-06-06T18:07:00Z,ARR,goo,-6.0
6,True,True,PRINCE RUPERT,JASPER,2025-06-06,6,Dorreen,DORR,2025-06-06T18:15:29Z,2025-06-06T18:19:00Z,ARR,goo,-3.0
6,True,True,PRINCE RUPERT,JASPER,2025-06-06,7,Cedarvale,CEDA,2025-06-06T18:33:52Z,2025-06-06T18:44:00Z,ARR,goo,-10.0
6,True,True,PRINCE RUPERT,JASPER,2025-06-06,8,Kitwanga,KITW,2025-06-06T18:51:15Z,2025-06-06T18:48:01Z,ARR,goo,3.0
6,True,True,PRINCE RUPERT,JASPER,2025-06-06,9,New Hazelton,NHAZ,2025-06-06T19:37:37Z,2025-06-06T19:30:00Z,ARR,med,7.0
6,True,True,PRINCE RUPERT,JASPER,2025-06-06,10,Smithers,SMTR,2025-06-06T20:52:25Z,2025-06-06T21:14:00Z,ARR,goo,-21.0
6,True,True,PRINCE RUPERT,JASPER,2025-06-06,11,Telkwa,TELK,2025-06-06T21:41:20Z,2025-06-06T21:37:00Z,ARR,goo,4.0
6,True,True,PRINCE RUPERT,JASPER,2025-06-06,12,Houston,HOUS,2025-06-06T22:35:10Z,2025-06-06T22:22:00Z,ARR,med,13.0
6,True,True,PRINCE RUPERT,JASPER,2025-06-06,13,Burns Lake,BRNL,2025-06-06T23:43:35Z,2025-06-06T23:32:00Z,ARR,med,11.0
6,True,True,PRINCE RUPERT,JASPER,2025-06-06,14,Endako,ENDA,2025-06-07T00:30:45Z,2025-06-07T00:25:00Z,ARR,med,5.0
6,True,True,PRINCE RUPERT,JASPER,2025-06-06,15,Fort Fraser,FFRA,2025-06-07T00:57:24Z,2025-06-07T00:57:00Z,ARR,goo,0.0
6,True,True,PRINCE RUPERT,JASPER,2025-06-06,16,Vanderhoof,VDRH,2025-06-07T01:40:50Z,2025-06-07T01:35:00Z,ARR,med,5.0
6,True,True,PRINCE RUPERT,JASPER,2025-06-06,17,Prince George,PGEO,2025-06-07T03:25:50Z,2025-06-07T03:29:00Z,ARR,goo,-3.0
6,True,True,PRINCE RUPERT,JASPER,2025-06-06,18,Willow River,WILR,2025-06-07T15:44:20Z,2025-06-07T15:48:00Z,ARR,goo,-3.0
6,True,True,PRINCE RUPERT,JASPER,2025-06-06,19,Aleza Lake,ALZL,2025-06-07T16:12:20Z,2025-06-07T16:17:00Z,ARR,goo,-4.0
6,True,True,PRINCE RUPERT,JASPER,2025-06-06,20,Upper Fraser,UFRZ,2025-06-07T16:25:00Z,2025-06-07T16:25:00Z,ARR,goo,0.0
6,True,True,PRINCE RUPERT,JASPER,2025-06-06,21,Mcgregor,MCGR,2025-06-07T16:33:00Z,2025-06-07T16:33:00Z,ARR,goo,0.0
6,True,True,PRINCE RUPERT,JASPER,2025-06-06,22,Sinclair Mills,SINM,2025-06-07T16:44:00Z,2025-06-07T16:44:00Z,ARR,goo,0.0
6,True,True,PRINCE RUPERT,JASPER,2025-06-06,23,Hutton,HUTT,2025-06-07T16:36:29Z,2025-06-07T16:48:00Z,ARR,goo,-11.0
6,True,True,PRINCE RUPERT,JASPER,2025-06-06,24,Longworth,LWTH,2025-06-07T16:47:31Z,2025-06-07T16:59:00Z,ARR,goo,-11.0
6,True,True,PRINCE RUPERT,JASPER,2025-06-06,25,Penny,PENN,2025-06-07T16:59:44Z,2025-06-07T17:13:00Z,ARR,goo,-13.0
6,True,True,PRINCE RUPERT,JASPER,2025-06-06,26,Bend,BEND,2025-06-07T17:16:50Z,2025-06-07T17:32:00Z,ARR,goo,-15.0
6,True,True,PRINCE RUPERT,JASPER,2025-06-06,27,Dome Creek,DOMC,2025-06-07T17:19:29Z,2025-06-07T17:33:07Z,ARR,goo,-13.0
6,True,True,PRINCE RUPERT,JASPER,2025-06-06,28,Loos,LOOS,2025-06-07T18:15:35Z,2025-06-07T18:07:00Z,ARR,med,8.0
6,True,True,PRINCE RUPERT,JASPER,2025-06-06,29,Goat River,GOAT,2025-06-07T18:28:52Z,2025-06-07T18:22:00Z,ARR,med,6.0
6,True,True,PRINCE RUPERT,JASPER,2025-06-06,30,Mcbride,MCBR,2025-06-07T19:19:57Z,2025-06-07T19:18:00Z,ARR,goo,1.0
6,True,True,PRINCE RUPERT,JASPER,2025-06-06,31,Dunster,DNST,2025-06-07T19:50:55Z,2025-06-07T19:35:00Z,ARR,bad,15.0
6,True,True,PRINCE RUPERT,JASPER,2025-06-06,32,Harvey,HRVY,2025-06-07T20:26:15Z,2025-06-07T20:24:00Z,ARR,goo,2.0
6,True,True,PRINCE RUPERT,JASPER,2025-06-06,33,Jasper,JASP,2025-06-07T23:05:35Z,2025-06-07T23:00:00Z,ARR,med,5.0
691,True,True,THE PAS,CHURCHILL,2025-06-06,0,The Pas,TPAS,2025-06-06T07:31:11Z,2025-06-06T07:30:00Z,ARR,goo,1.0
691,True,True,THE PAS,CHURCHILL,2025-06-06,1,Orok,OROK,2025-06-06T08:09:07Z,2025-06-06T08:07:00Z,ARR,goo,2.0
691,True,True,THE PAS,CHURCHILL,2025-06-06,2,Halcrow,HALC,2025-06-06T08:59:13Z,2025-06-06T09:01:00Z,ARR,goo,-1.0
691,True,True,THE PAS,CHURCHILL,2025-06-06,3,Cormorant,CORM,2025-06-06T09:12:00Z,2025-06-06T09:12:00Z,ARR,goo,0.0
691,True,True,THE PAS,CHURCHILL,2025-06-06,4,Dering,DERI,2025-06-06T09:15:16Z,2025-06-06T09:20:00Z,ARR,goo,-4.0
691,True,True,THE PAS,CHURCHILL,2025-06-06,5,Dyce,DYCE,2025-06-06T09:59:00Z,2025-06-06T09:59:00Z,ARR,goo,0.0
691,True,True,THE PAS,CHURCHILL,2025-06-06,6,Wekusko,WEKU,2025-06-06T10:29:49Z,2025-06-06T10:43:00Z,ARR,goo,-13.0
691,True,True,THE PAS,CHURCHILL,2025-06-06,7,Turnbull,TURN,2025-06-06T10:57:53Z,2025-06-06T11:10:00Z,ARR,goo,-12.0
691,True,True,THE PAS,CHURCHILL,2025-06-06,8,Ponton,PNTN,2025-06-06T11:25:22Z,2025-06-06T11:42:00Z,ARR,goo,-16.0
691,True,True,THE PAS,CHURCHILL,2025-06-06,9,Pipun,PIPN,2025-06-06T12:12:43Z,2025-06-06T12:25:00Z,ARR,goo,-12.0
691,True,True,THE PAS,CHURCHILL,2025-06-06,10,Wabowden,WBDN,2025-06-06T12:27:12Z,2025-06-06T12:48:00Z,ARR,goo,-20.0
691,True,True,THE PAS,CHURCHILL,2025-06-06,11,Lyddal,LYDD,2025-06-06T13:04:15Z,2025-06-06T13:16:00Z,ARR,goo,-11.0
691,True,True,THE PAS,CHURCHILL,2025-06-06,12,Odhill,ODHI,2025-06-06T13:24:37Z,2025-06-06T13:38:00Z,ARR,goo,-13.0
691,True,True,THE PAS,CHURCHILL,2025-06-06,13,Hockin,HOCK,2025-06-06T14:02:03Z,2025-06-06T14:22:00Z,ARR,goo,-19.0
691,True,True,THE PAS,CHURCHILL,2025-06-06,14,Thicket Portage,THKP,2025-06-06T14:37:00Z,2025-06-06T14:37:00Z,ARR,goo,0.0
691,True,True,THE PAS,CHURCHILL,2025-06-06,15,Leven,LEVN,2025-06-06T14:31:54Z,2025-06-06T14:54:00Z,ARR,goo,-22.0
691,True,True,THE PAS,CHURCHILL,2025-06-06,16,Thompson,THOM,2025-06-06T18:15:52Z,2025-06-06T17:00:00Z,ARR,bad,75.0
691,True,True,THE PAS,CHURCHILL,2025-06-06,17,Sipiwesk,SIPI,2025-06-06T23:33:03Z,2025-06-06T23:35:00Z,ARR,goo,-1.0
691,True,True,THE PAS,CHURCHILL,2025-06-06,18,Pikwitonei,PIKW,2025-06-07T00:02:00Z,2025-06-07T00:02:00Z,ARR,goo,0.0
691,True,True,THE PAS,CHURCHILL,2025-06-06,19,Bridgar,BRGR,2025-06-07T00:13:00Z,2025-06-07T00:13:00Z,ARR,goo,0.0
691,True,True,THE PAS,CHURCHILL,2025-06-06,20,Pit Siding,PITS,2025-06-07T01:35:00Z,2025-06-07T01:35:00Z,ARR,goo,0.0
691,True,True,THE PAS,CHURCHILL,2025-06-06,21,Ilford,ILFO,2025-06-07T02:36:00Z,2025-06-07T02:36:00Z,ARR,goo,0.0
691,True,True,THE PAS,CHURCHILL,2025-06-06,22,Wivenhoe,WVHO,2025-06-07T03:48:29Z,2025-06-07T03:13:00Z,ARR,bad,35.0
691,True,True,THE PAS,CHURCHILL,2025-06-06,23,Gillam,GILL,2025-06-07T04:32:35Z,2025-06-07T04:00:01Z,ARR,bad,32.0
691,True,True,THE PAS,CHURCHILL,2025-06-06,24,Bird,BIRD,2025-06-07T05:39:01Z,2025-06-07T05:29:00Z,ARR,med,10.0
691,True,True,THE PAS,CHURCHILL,2025-06-06,25,Amery,AMRY,2025-06-07T06:15:23Z,2025-06-07T05:51:00Z,ARR,bad,24.0
691,True,True,THE PAS,CHURCHILL,2025-06-06,26,Weir River,WEIR,2025-06-07T07:15:22Z,2025-06-07T06:43:00Z,ARR,bad,32.0
691,True,True,THE PAS,CHURCHILL,2025-06-06,27,Thibaudeau,THIB,2025-06-07T08:21:18Z,2025-06-07T08:00:00Z,ARR,bad,21.0
691,True,True,THE PAS,CHURCHILL,2025-06-06,28,Herchmer,HERC,2025-06-07T09:00:20Z,2025-06-07T09:26:00Z,ARR,goo,-25.0
691,True,True,THE PAS,CHURCHILL,2025-06-06,29,O'Day,ODAY,2025-06-07T09:49:30Z,2025-06-07T10:05:00Z,ARR,goo,-15.0
691,True,True,THE PAS,CHURCHILL,2025-06-06,30,M'Clintock,MCLI,2025-06-07T10:17:49Z,2025-06-07T10:50:00Z,ARR,goo,-32.0
691,True,True,THE PAS,CHURCHILL,2025-06-06,31,Chesnaye,CHES,2025-06-07T11:23:08Z,2025-06-07T12:06:00Z,ARR,goo,-42.0
691,True,True,THE PAS,CHURCHILL,2025-06-06,32,Tidal,TIDL,2025-06-07T12:29:33Z,2025-06-07T13:37:00Z,ARR,goo,-67.0
691,True,True,THE PAS,CHURCHILL,2025-06-06,33,Churchill,CHUR,2025-06-07T13:16:47Z,2025-06-07T14:00:00Z,ARR,goo,-43.0
5,True,False,JASPER,PRINCE RUPERT,2025-06-06,0,Harvey,HRVY,2025-06-06T18:47:42Z,2025-06-06T18:38:00Z,ARR,med,9.0
5,True,False,JASPER,PRINCE RUPERT,2025-06-06,1,Dunster,DNST,2025-06-06T19:21:42Z,2025-06-06T19:12:00Z,ARR,med,9.0
5,True,False,JASPER,PRINCE RUPERT,2025-06-06,2,Mcbride,MCBR,2025-06-06T19:53:42Z,2025-06-06T19:44:00Z,ARR,med,9.0
5,True,False,JASPER,PRINCE RUPERT,2025-06-06,3,Goat River,GOAT,2025-06-06T20:50:42Z,2025-06-06T20:41:00Z,ARR,med,9.0
5,True,False,JASPER,PRINCE RUPERT,2025-06-06,4,Loos,LOOS,2025-06-06T21:07:42Z,2025-06-06T20:58:00Z,ARR,med,9.0
5,True,False,JASPER,PRINCE RUPERT,2025-06-06,5,Dome Creek,DOMC,2025-06-06T21:41:42Z,2025-06-06T21:32:00Z,ARR,med,9.0
5,True,False,JASPER,PRINCE RUPERT,2025-06-06,6,Bend,BEND,2025-06-06T21:45:42Z,2025-06-06T21:36:00Z,ARR,med,9.0
5,True,False,JASPER,PRINCE RUPERT,2025-06-06,7,Penny,PENN,2025-06-06T22:05:42Z,2025-06-06T21:56:00Z,ARR,med,9.0
5,True,False,JASPER,PRINCE RUPERT,2025-06-06,8,Longworth,LWTH,2025-06-06T22:20:42Z,2025-06-06T22:11:00Z,ARR,med,9.0
5,True,False,JASPER,PRINCE RUPERT,2025-06-06,9,Hutton,HUTT,2025-06-06T22:33:42Z,2025-06-06T22:24:00Z,ARR,med,9.0
5,True,False,JASPER,PRINCE RUPERT,2025-06-06,10,Sinclair Mills,SINM,2025-06-06T22:39:42Z,2025-06-06T22:30:00Z,ARR,med,9.0
5,True,False,JASPER,PRINCE RUPERT,2025-06-06,11,Mcgregor,MCGR,2025-06-06T22:52:42Z,2025-06-06T22:43:00Z,ARR,med,9.0
5,True,False,JASPER,PRINCE RUPERT,2025-06-06,12,Upper Fraser,UFRZ,2025-06-06T23:01:42Z,2025-06-06T22:52:00Z,ARR,med,9.0
5,True,False,JASPER,PRINCE RUPERT,2025-06-06,13,Aleza Lake,ALZL,2025-06-06T23:10:42Z,2025-06-06T23:01:00Z,ARR,med,9.0
5,True,False,JASPER,PRINCE RUPERT,2025-06-06,14,Willow River,WILR,2025-06-06T23:40:42Z,2025-06-06T23:31:00Z,ARR,med,9.0
5,True,False,JASPER,PRINCE RUPERT,2025-06-06,15,Prince George,PGEO,2025-06-07T00:17:42Z,2025-06-07T00:08:00Z,ARR,med,9.0
5,True,False,JASPER,PRINCE RUPERT,2025-06-06,16,Vanderhoof,VDRH,2025-06-07T17:02:47Z,2025-06-07T16:55:00Z,ARR,med,7.0
5,True,False,JASPER,PRINCE RUPERT,2025-06-06,17,Fort Fraser,FFRA,2025-06-07T18:08:42Z,2025-06-07T17:32:00Z,ARR,bad,36.0
5,True,False,JASPER,PRINCE RUPERT,2025-06-06,18,Endako,ENDA,2025-06-07T18:48:44Z,2025-06-07T17:50:00Z,ARR,bad,58.0
5,True,False,JASPER,PRINCE RUPERT,2025-06-06,19,Burns Lake,BRNL,2025-06-07T19:34:30Z,2025-06-07T18:58:00Z,ARR,bad,36.0
5,True,False,JASPER,PRINCE RUPERT,2025-06-06,20,Houston,HOUS,2025-06-07T21:38:10Z,2025-06-07T20:08:00Z,ARR,bad,90.0
5,True,False,JASPER,PRINCE RUPERT,2025-06-06,21,Telkwa,TELK,2025-06-07T22:20:58Z,2025-06-07T20:52:00Z,ARR,bad,88.0
5,True,False,JASPER,PRINCE RUPERT,2025-06-06,22,Smithers,SMTR,2025-06-07T22:36:35Z,2025-06-07T21:10:00Z,ARR,bad,86.0
5,True,False,JASPER,PRINCE RUPERT,2025-06-06,23,New Hazelton,NHAZ,2025-06-08T00:05:07Z,2025-06-07T22:37:00Z,ARR,bad,88.0
5,True,False,JASPER,PRINCE RUPERT,2025-06-06,24,Kitwanga,KITW,2025-06-08T00:46:47Z,2025-06-07T23:27:00Z,ARR,bad,79.0
5,True,False,JASPER,PRINCE RUPERT,2025-06-06,25,Cedarvale,CEDA,2025-06-08T01:06:09Z,2025-06-07T23:51:00Z,ARR,bad,75.0
5,True,False,JASPER,PRINCE RUPERT,2025-06-06,26,Dorreen,DORR,2025-06-08T02:11:24Z,2025-06-08T00:12:00Z,ARR,bad,119.0
5,True,False,JASPER,PRINCE RUPERT,2025-06-06,27,Pacific,PACI,2025-06-08T02:18:33Z,2025-06-08T00:21:00Z,ARR,bad,117.0
5,True,False,JASPER,PRINCE RUPERT,2025-06-06,28,Usk,USKX,2025-06-08T02:33:26Z,2025-06-08T00:40:00Z,ARR,bad,113.0
5,True,False,JASPER,PRINCE RUPERT,2025-06-06,29,Terrace,TRRC,2025-06-08T02:50:49Z,2025-06-08T01:00:00Z,ARR,bad,110.0
5,True,False,JASPER,PRINCE RUPERT,2025-06-06,30,Kwinitsa,KWIN,2025-06-08T04:24:15Z,2025-06-08T02:09:00Z,1h02,bad,135.0
5,True,False,JASPER,PRINCE RUPERT,2025-06-06,31,Cassiar Cannery,CASS,2025-06-08T05:00:15Z,2025-06-08T02:45:00Z,1h38,bad,135.0
5,True,False,JASPER,PRINCE RUPERT,2025-06-06,32,Prince Rupert,PRUP,2025-06-08T05:40:15Z,2025-06-08T03:25:00Z,2h18,bad,135.0
14,True,True,MONTRÉAL,HALIFAX,2025-06-06,0,Montréal,MTRL,2025-06-06T22:33:35Z,2025-06-06T22:30:00Z,ARR,goo,3.0
14,True,True,MONTRÉAL,HALIFAX,2025-06-06,1,St. Lambert,SLAM,2025-06-06T22:54:59Z,2025-06-06T22:45:00Z,ARR,med,9.0
14,True,True,MONTRÉAL,HALIFAX,2025-06-06,2,St. Hyacinthe,SHYA,2025-06-06T23:33:01Z,2025-06-06T23:23:00Z,ARR,med,10.0
14,True,True,MONTRÉAL,HALIFAX,2025-06-06,3,Drummondville,DRMV,2025-06-07T00:35:18Z,2025-06-07T00:04:00Z,ARR,bad,31.0
14,True,True,MONTRÉAL,HALIFAX,2025-06-06,4,Ste-Foy,SFOY,2025-06-07T02:01:19Z,2025-06-07T01:48:00Z,ARR,med,13.0
14,True,True,MONTRÉAL,HALIFAX,2025-06-06,5,Montmagny,MMGY,2025-06-07T03:42:45Z,2025-06-07T03:17:00Z,ARR,bad,25.0
14,True,True,MONTRÉAL,HALIFAX,2025-06-06,6,La Pocatière,LPOC,2025-06-07T04:25:45Z,2025-06-07T03:50:00Z,ARR,bad,35.0
14,True,True,MONTRÉAL,HALIFAX,2025-06-06,7,Rivière-Du-Loup,RDLX,2025-06-07T05:04:38Z,2025-06-07T04:31:00Z,ARR,bad,33.0
14,True,True,MONTRÉAL,HALIFAX,2025-06-06,8,Trois Pistoles,TPIS,2025-06-07T05:45:28Z,2025-06-07T05:15:00Z,ARR,bad,30.0
14,True,True,MONTRÉAL,HALIFAX,2025-06-06,9,Rimouski,RMSK,2025-06-07T07:10:10Z,2025-06-07T06:24:00Z,ARR,bad,46.0
14,True,True,MONTRÉAL,HALIFAX,2025-06-06,10,Mont-Joli,MJLI,2025-06-07T07:44:47Z,2025-06-07T07:04:00Z,ARR,bad,40.0
14,True,True,MONTRÉAL,HALIFAX,2025-06-06,11,Sayabec,SAYA,2025-06-07T08:51:41Z,2025-06-07T08:09:00Z,ARR,bad,42.0
14,True,True,MONTRÉAL,HALIFAX,2025-06-06,12,Amqui,AMQU,2025-06-07T09:19:01Z,2025-06-07T08:30:00Z,ARR,bad,49.0
14,True,True,MONTRÉAL,HALIFAX,2025-06-06,13,Causapscal,CAUS,2025-06-07T09:44:54Z,2025-06-07T08:52:00Z,ARR,bad,52.0
14,True,True,MONTRÉAL,HALIFAX,2025-06-06,14,Matapedia,MTPD,2025-06-07T10:40:12Z,2025-06-07T09:38:00Z,ARR,bad,62.0
14,True,True,MONTRÉAL,HALIFAX,2025-06-06,15,Campbellton,CBTN,2025-06-07T11:14:45Z,2025-06-07T10:23:00Z,ARR,bad,51.0
14,True,True,MONTRÉAL,HALIFAX,2025-06-06,16,Charlo,CHLO,2025-06-07T12:24:07Z,2025-06-07T11:06:00Z,ARR,bad,78.0
14,True,True,MONTRÉAL,HALIFAX,2025-06-06,17,Jacquet River,JACR,2025-06-07T12:59:07Z,2025-06-07T11:30:00Z,ARR,bad,89.0
14,True,True,MONTRÉAL,HALIFAX,2025-06-06,18,Petit Rocher,PROC,2025-06-07T13:25:50Z,2025-06-07T11:53:00Z,ARR,bad,92.0
14,True,True,MONTRÉAL,HALIFAX,2025-06-06,19,Bathurst,BTRS,2025-06-07T13:42:07Z,2025-06-07T12:42:00Z,ARR,bad,60.0
14,True,True,MONTRÉAL,HALIFAX,2025-06-06,20,Miramichi,MIRA,2025-06-07T15:22:33Z,2025-06-07T14:33:00Z,ARR,bad,49.0
14,True,True,MONTRÉAL,HALIFAX,2025-06-06,21,Rogersville,RGRV,2025-06-07T16:06:27Z,2025-06-07T15:28:00Z,ARR,bad,38.0
14,True,True,MONTRÉAL,HALIFAX,2025-06-06,22,Moncton,MCTN,2025-06-07T17:23:57Z,2025-06-07T16:38:00Z,ARR,bad,45.0
14,True,True,MONTRÉAL,HALIFAX,2025-06-06,23,Sackville,SACK,2025-06-07T18:29:15Z,2025-06-07T17:38:00Z,ARR,bad,51.0
14,True,True,MONTRÉAL,HALIFAX,2025-06-06,24,Amherst,AMHS,2025-06-07T18:45:12Z,2025-06-07T17:54:00Z,ARR,bad,51.0
14,True,True,MONTRÉAL,HALIFAX,2025-06-06,25,Springhill Jct,SPRJ,2025-06-07T19:12:26Z,2025-06-07T18:18:00Z,ARR,bad,54.0
14,True,True,MONTRÉAL,HALIFAX,2025-06-06,26,Truro,TRUR,2025-06-07T20:21:27Z,2025-06-07T19:32:00Z,ARR,bad,49.0
14,True,True,MONTRÉAL,HALIFAX,2025-06-06,27,Halifax,HLFX,2025-06-07T21:52:17Z,2025-06-07T21:06:00Z,ARR,bad,46.0
37,True,True,QUÉBEC,OTTAWA,2025-06-07,0,Québec,QBEC,2025-06-07T16:32:00Z,2025-06-07T16:32:00Z,ARR,goo,0.0
37,True,True,QUÉBEC,OTTAWA,2025-06-07,1,Ste-Foy,SFOY,2025-06-07T16:59:38Z,2025-06-07T16:57:00Z,ARR,goo,2.0
37,True,True,QUÉBEC,OTTAWA,2025-06-07,2,Drummondville,DRMV,2025-06-07T19:05:13Z,2025-06-07T18:44:00Z,ARR,bad,21.0
37,True,True,QUÉBEC,OTTAWA,2025-06-07,3,St. Hyacinthe,SHYA,2025-06-07T19:45:30Z,2025-06-07T19:12:00Z,ARR,bad,33.0
37,True,True,QUÉBEC,OTTAWA,2025-06-07,4,St. Lambert,SLAM,2025-06-07T20:19:19Z,2025-06-07T19:39:00Z,ARR,bad,40.0
37,True,True,QUÉBEC,OTTAWA,2025-06-07,5,Montréal,MTRL,2025-06-07T20:36:49Z,2025-06-07T19:54:00Z,ARR,bad,42.0
37,True,True,QUÉBEC,OTTAWA,2025-06-07,6,Dorval,DORV,2025-06-07T21:26:10Z,2025-06-07T20:54:00Z,ARR,bad,32.0
37,True,True,QUÉBEC,OTTAWA,2025-06-07,7,Coteau,COTO,2025-06-07T21:58:22Z,2025-06-07T21:23:00Z,ARR,bad,35.0
37,True,True,QUÉBEC,OTTAWA,2025-06-07,8,Alexandria,ALEX,2025-06-07T22:19:10Z,2025-06-07T21:45:00Z,ARR,bad,34.0
37,True,True,QUÉBEC,OTTAWA,2025-06-07,9,Ottawa,OTTW,2025-06-07T23:08:14Z,2025-06-07T22:37:00Z,ARR,bad,31.0
24,True,True,OTTAWA,QUÉBEC,2025-06-07,0,Ottawa,OTTW,2025-06-07T14:13:49Z,2025-06-07T14:13:00Z,ARR,goo,0.0
24,True,True,OTTAWA,QUÉBEC,2025-06-07,1,Alexandria,ALEX,2025-06-07T15:04:10Z,2025-06-07T15:03:00Z,ARR,goo,1.0
24,True,True,OTTAWA,QUÉBEC,2025-06-07,2,Coteau,COTO,2025-06-07T15:24:52Z,2025-06-07T15:26:00Z,ARR,goo,-1.0
24,True,True,OTTAWA,QUÉBEC,2025-06-07,3,Dorval,DORV,2025-06-07T15:50:47Z,2025-06-07T15:50:00Z,ARR,goo,0.0
24,True,True,OTTAWA,QUÉBEC,2025-06-07,4,Montréal,MTRL,2025-06-07T16:16:43Z,2025-06-07T16:15:00Z,ARR,goo,1.0
24,True,True,OTTAWA,QUÉBEC,2025-06-07,5,St. Lambert,SLAM,2025-06-07T17:00:45Z,2025-06-07T16:58:00Z,ARR,goo,2.0
24,True,True,OTTAWA,QUÉBEC,2025-06-07,6,St. Hyacinthe,SHYA,2025-06-07T17:27:19Z,2025-06-07T17:26:00Z,ARR,goo,1.0
24,True,True,OTTAWA,QUÉBEC,2025-06-07,7,Drummondville,DRMV,2025-06-07T17:55:44Z,2025-06-07T17:54:00Z,ARR,goo,1.0
24,True,True,OTTAWA,QUÉBEC,2025-06-07,8,Charny,CHNY,2025-06-07T19:59:11Z,2025-06-07T19:38:00Z,ARR,bad,21.0
24,True,True,OTTAWA,QUÉBEC,2025-06-07,9,Ste-Foy,SFOY,2025-06-07T20:06:56Z,2025-06-07T19:45:00Z,ARR,bad,21.0
24,True,True,OTTAWA,QUÉBEC,2025-06-07,10,Québec,QBEC,2025-06-07T20:35:54Z,2025-06-07T20:12:00Z,ARR,bad,23.0
41,True,True,OTTAWA,TORONTO,2025-06-07,0,Fallowfield,FALL,2025-06-07T09:36:43Z,2025-06-07T09:38:00Z,ARR,goo,-1.0
41,True,True,OTTAWA,TORONTO,2025-06-07,1,Smiths Falls,SMTF,2025-06-07T10:06:48Z,2025-06-07T10:08:00Z,ARR,goo,-1.0
41,True,True,OTTAWA,TORONTO,2025-06-07,2,Brockville,BRKV,2025-06-07T10:41:26Z,2025-06-07T10:40:00Z,ARR,goo,1.0
41,True,True,OTTAWA,TORONTO,2025-06-07,3,Kingston,KGON,2025-06-07T11:24:55Z,2025-06-07T11:25:00Z,ARR,goo,0.0
41,True,True,OTTAWA,TORONTO,2025-06-07,4,Napanee,NAPN,2025-06-07T11:50:08Z,2025-06-07T11:49:00Z,ARR,goo,1.0
41,True,True,OTTAWA,TORONTO,2025-06-07,5,Belleville,BLVL,2025-06-07T12:09:31Z,2025-06-07T12:07:00Z,ARR,goo,2.0
41,True,True,OTTAWA,TORONTO,2025-06-07,6,Trenton Jct.,TRNJ,2025-06-07T12:27:02Z,2025-06-07T12:20:00Z,ARR,med,7.0
41,True,True,OTTAWA,TORONTO,2025-06-07,7,Cobourg,CBRG,2025-06-07T12:52:31Z,2025-06-07T12:44:00Z,ARR,med,8.0
41,True,True,OTTAWA,TORONTO,2025-06-07,8,Oshawa,OSHA,2025-06-07T13:26:42Z,2025-06-07T13:19:00Z,ARR,med,7.0
41,True,True,OTTAWA,TORONTO,2025-06-07,9,Toronto,TRTO,2025-06-07T14:06:25Z,2025-06-07T14:02:00Z,ARR,goo,4.0
52,True,True,TORONTO,OTTAWA,2025-06-07,0,Toronto,TRTO,2025-06-07T12:32:00Z,2025-06-07T12:32:00Z,ARR,goo,0.0
52,True,True,TORONTO,OTTAWA,2025-06-07,1,Guildwood,GUIL,2025-06-07T12:49:17Z,2025-06-07T12:50:00Z,ARR,goo,0.0
52,True,True,TORONTO,OTTAWA,2025-06-07,2,Oshawa,OSHA,2025-06-07T13:09:07Z,2025-06-07T13:09:00Z,ARR,goo,0.0
52,True,True,TORONTO,OTTAWA,2025-06-07,3,Cobourg,CBRG,2025-06-07T13:48:38Z,2025-06-07T13:44:00Z,ARR,goo,4.0
52,True,True,TORONTO,OTTAWA,2025-06-07,4,Belleville,BLVL,2025-06-07T14:25:53Z,2025-06-07T14:20:00Z,ARR,med,5.0
52,True,True,TORONTO,OTTAWA,2025-06-07,5,Kingston,KGON,2025-06-07T15:02:00Z,2025-06-07T15:00:00Z,ARR,goo,2.0
52,True,True,TORONTO,OTTAWA,2025-06-07,6,Brockville,BRKV,2025-06-07T15:54:00Z,2025-06-07T15:57:00Z,ARR,goo,-3.0
52,True,True,TORONTO,OTTAWA,2025-06-07,7,Smiths Falls,SMTF,2025-06-07T16:34:37Z,2025-06-07T16:35:00Z,ARR,goo,0.0
52,True,True,TORONTO,OTTAWA,2025-06-07,8,Fallowfield,FALL,2025-06-07T17:07:31Z,2025-06-07T17:11:00Z,ARR,goo,-3.0
52,True,True,TORONTO,OTTAWA,2025-06-07,9,Ottawa,OTTW,2025-06-07T17:29:28Z,2025-06-07T17:32:00Z,ARR,goo,-2.0
53,True,True,OTTAWA,TORONTO,2025-06-07,0,Ottawa,OTTW,2025-06-07T15:59:41Z,2025-06-07T15:43:00Z,ARR,bad,16.0
53,True,True,OTTAWA,TORONTO,2025-06-07,1,Fallowfield,FALL,2025-06-07T16:16:19Z,2025-06-07T16:00:00Z,ARR,bad,16.0
53,True,True,OTTAWA,TORONTO,2025-06-07,2,Brockville,BRKV,2025-06-07T17:30:44Z,2025-06-07T17:01:00Z,ARR,bad,29.0
53,True,True,OTTAWA,TORONTO,2025-06-07,3,Gananoque,GANA,2025-06-07T18:03:52Z,2025-06-07T17:31:00Z,ARR,bad,32.0
53,True,True,OTTAWA,TORONTO,2025-06-07,4,Kingston,KGON,2025-06-07T18:30:09Z,2025-06-07T17:54:00Z,ARR,bad,36.0
53,True,True,OTTAWA,TORONTO,2025-06-07,5,Belleville,BLVL,2025-06-07T19:22:38Z,2025-06-07T18:36:00Z,ARR,bad,46.0
53,True,True,OTTAWA,TORONTO,2025-06-07,6,Cobourg,CBRG,2025-06-07T20:20:31Z,2025-06-07T19:12:00Z,ARR,bad,68.0
53,True,True,OTTAWA,TORONTO,2025-06-07,7,Oshawa,OSHA,2025-06-07T21:00:22Z,2025-06-07T19:48:00Z,ARR,bad,72.0
53,True,True,OTTAWA,TORONTO,2025-06-07,8,Toronto,TRTO,2025-06-07T21:56:18Z,2025-06-07T20:33:00Z,ARR,bad,83.0
50,True,True,TORONTO,OTTAWA,2025-06-07,0,Toronto,TRTO,2025-06-07T10:32:00Z,2025-06-07T10:32:00Z,ARR,goo,0.0
50,True,True,TORONTO,OTTAWA,2025-06-07,1,Guildwood,GUIL,2025-06-07T11:06:33Z,2025-06-07T10:50:00Z,ARR,bad,16.0
50,True,True,TORONTO,OTTAWA,2025-06-07,2,Oshawa,OSHA,2025-06-07T11:53:21Z,2025-06-07T11:08:00Z,ARR,bad,45.0
50,True,True,TORONTO,OTTAWA,2025-06-07,3,Cobourg,CBRG,2025-06-07T12:26:42Z,2025-06-07T11:43:00Z,ARR,bad,43.0
50,True,True,TORONTO,OTTAWA,2025-06-07,4,Belleville,BLVL,2025-06-07T12:59:39Z,2025-06-07T12:18:00Z,ARR,bad,41.0
50,True,True,TORONTO,OTTAWA,2025-06-07,5,Kingston,KGON,2025-06-07T13:36:26Z,2025-06-07T12:57:00Z,ARR,bad,39.0
50,True,True,TORONTO,OTTAWA,2025-06-07,6,Brockville,BRKV,2025-06-07T14:41:48Z,2025-06-07T13:54:00Z,ARR,bad,47.0
50,True,True,TORONTO,OTTAWA,2025-06-07,7,Smiths Falls,SMTF,2025-06-07T15:05:58Z,2025-06-07T14:29:00Z,ARR,bad,36.0
50,True,True,TORONTO,OTTAWA,2025-06-07,8,Fallowfield,FALL,2025-06-07T15:38:39Z,2025-06-07T15:01:00Z,ARR,bad,37.0
50,True,True,TORONTO,OTTAWA,2025-06-07,9,Ottawa,OTTW,2025-06-07T15:59:18Z,2025-06-07T15:21:00Z,ARR,bad,38.0
61,True,True,MONTRÉAL,TORONTO,2025-06-07,0,Montréal,MTRL,2025-06-07T10:45:00Z,2025-06-07T10:45:00Z,ARR,goo,0.0
61,True,True,MONTRÉAL,TORONTO,2025-06-07,1,Dorval,DORV,2025-06-07T11:09:50Z,2025-06-07T11:08:00Z,ARR,goo,1.0
61,True,True,MONTRÉAL,TORONTO,2025-06-07,2,Cornwall,CWLL,2025-06-07T12:07:18Z,2025-06-07T12:01:00Z,ARR,med,6.0
61,True,True,MONTRÉAL,TORONTO,2025-06-07,3,Kingston,KGON,2025-06-07T13:34:27Z,2025-06-07T13:29:00Z,ARR,med,5.0
61,True,True,MONTRÉAL,TORONTO,2025-06-07,4,Belleville,BLVL,2025-06-07T14:16:39Z,2025-06-07T14:11:00Z,ARR,med,5.0
61,True,True,MONTRÉAL,TORONTO,2025-06-07,5,Oshawa,OSHA,2025-06-07T15:25:44Z,2025-06-07T15:19:00Z,ARR,med,6.0
61,True,True,MONTRÉAL,TORONTO,2025-06-07,6,Guildwood,GUIL,2025-06-07T15:47:28Z,2025-06-07T15:43:00Z,ARR,goo,4.0
61,True,True,MONTRÉAL,TORONTO,2025-06-07,7,Toronto,TRTO,2025-06-07T16:28:54Z,2025-06-07T16:03:00Z,ARR,bad,25.0
64,True,True,TORONTO,MONTRÉAL,2025-06-07,0,Toronto,TRTO,2025-06-07T15:53:55Z,2025-06-07T15:37:00Z,ARR,bad,16.0
64,True,True,TORONTO,MONTRÉAL,2025-06-07,1,Guildwood,GUIL,2025-06-07T16:35:29Z,2025-06-07T15:55:00Z,ARR,bad,40.0
64,True,True,TORONTO,MONTRÉAL,2025-06-07,2,Oshawa,OSHA,2025-06-07T16:54:46Z,2025-06-07T16:09:00Z,ARR,bad,45.0
64,True,True,TORONTO,MONTRÉAL,2025-06-07,3,Cobourg,CBRG,2025-06-07T17:29:50Z,2025-06-07T16:46:00Z,ARR,bad,43.0
64,True,True,TORONTO,MONTRÉAL,2025-06-07,4,Belleville,BLVL,2025-06-07T18:03:00Z,2025-06-07T17:22:00Z,ARR,bad,41.0
64,True,True,TORONTO,MONTRÉAL,2025-06-07,5,Kingston,KGON,2025-06-07T18:51:08Z,2025-06-07T18:03:00Z,ARR,bad,48.0
64,True,True,TORONTO,MONTRÉAL,2025-06-07,6,Brockville,BRKV,2025-06-07T20:08:16Z,2025-06-07T18:52:00Z,ARR,bad,76.0
64,True,True,TORONTO,MONTRÉAL,2025-06-07,7,Cornwall,CWLL,2025-06-07T20:55:17Z,2025-06-07T19:42:00Z,ARR,bad,73.0
64,True,True,TORONTO,MONTRÉAL,2025-06-07,8,Dorval,DORV,2025-06-07T21:51:33Z,2025-06-07T20:37:00Z,ARR,bad,74.0
64,True,True,TORONTO,MONTRÉAL,2025-06-07,9,Montréal,MTRL,2025-06-07T22:31:03Z,2025-06-07T21:05:00Z,ARR,bad,86.0
65,True,True,MONTRÉAL,TORONTO,2025-06-07,0,Montréal,MTRL,2025-06-07T14:49:00Z,2025-06-07T14:49:00Z,ARR,goo,0.0
65,True,True,MONTRÉAL,TORONTO,2025-06-07,1,Dorval,DORV,2025-06-07T15:11:04Z,2025-06-07T15:12:00Z,ARR,goo,0.0
65,True,True,MONTRÉAL,TORONTO,2025-06-07,2,Cornwall,CWLL,2025-06-07T15:59:56Z,2025-06-07T16:06:00Z,ARR,goo,-6.0
65,True,True,MONTRÉAL,TORONTO,2025-06-07,3,Kingston,KGON,2025-06-07T17:45:30Z,2025-06-07T17:36:00Z,ARR,med,9.0
65,True,True,MONTRÉAL,TORONTO,2025-06-07,4,Belleville,BLVL,2025-06-07T18:34:55Z,2025-06-07T18:20:00Z,ARR,med,14.0
65,True,True,MONTRÉAL,TORONTO,2025-06-07,5,Cobourg,CBRG,2025-06-07T19:08:43Z,2025-06-07T18:58:00Z,ARR,med,10.0
65,True,True,MONTRÉAL,TORONTO,2025-06-07,6,Oshawa,OSHA,2025-06-07T19:43:28Z,2025-06-07T19:34:00Z,ARR,med,9.0
65,True,True,MONTRÉAL,TORONTO,2025-06-07,7,Toronto,TRTO,2025-06-07T20:30:11Z,2025-06-07T20:18:00Z,ARR,med,12.0
67,True,True,MONTRÉAL,TORONTO,2025-06-07,0,Montréal,MTRL,2025-06-07T17:22:00Z,2025-06-07T17:22:00Z,ARR,goo,0.0
67,True,True,MONTRÉAL,TORONTO,2025-06-07,1,Dorval,DORV,2025-06-07T17:49:41Z,2025-06-07T17:47:00Z,ARR,goo,2.0
67,True,True,MONTRÉAL,TORONTO,2025-06-07,2,Cornwall,CWLL,2025-06-07T18:37:19Z,2025-06-07T18:38:00Z,ARR,goo,0.0
67,True,True,MONTRÉAL,TORONTO,2025-06-07,3,Kingston,KGON,2025-06-07T21:04:45Z,2025-06-07T20:03:00Z,ARR,bad,61.0
67,True,True,MONTRÉAL,TORONTO,2025-06-07,4,Belleville,BLVL,2025-06-07T21:48:29Z,2025-06-07T20:42:00Z,ARR,bad,66.0
67,True,True,MONTRÉAL,TORONTO,2025-06-07,5,Cobourg,CBRG,2025-06-07T22:28:07Z,2025-06-07T21:17:00Z,ARR,bad,71.0
67,True,True,MONTRÉAL,TORONTO,2025-06-07,6,Oshawa,OSHA,2025-06-07T23:01:05Z,2025-06-07T21:50:00Z,ARR,bad,71.0
67,True,True,MONTRÉAL,TORONTO,2025-06-07,7,Toronto,TRTO,2025-06-07T23:47:16Z,2025-06-07T22:45:00Z,ARR,bad,62.0
60,True,True,TORONTO,MONTRÉAL,2025-06-07,0,Toronto,TRTO,2025-06-07T10:32:00Z,2025-06-07T10:32:00Z,ARR,goo,0.0
60,True,True,TORONTO,MONTRÉAL,2025-06-07,1,Guildwood,GUIL,2025-06-07T11:06:28Z,2025-06-07T10:50:00Z,ARR,bad,16.0
60,True,True,TORONTO,MONTRÉAL,2025-06-07,2,Oshawa,OSHA,2025-06-07T11:53:20Z,2025-06-07T11:08:00Z,ARR,bad,45.0
60,True,True,TORONTO,MONTRÉAL,2025-06-07,3,Cobourg,CBRG,2025-06-07T12:26:27Z,2025-06-07T11:43:00Z,ARR,bad,43.0
60,True,True,TORONTO,MONTRÉAL,2025-06-07,4,Belleville,BLVL,2025-06-07T12:59:35Z,2025-06-07T12:18:00Z,ARR,bad,41.0
60,True,True,TORONTO,MONTRÉAL,2025-06-07,5,Kingston,KGON,2025-06-07T13:36:21Z,2025-06-07T12:57:00Z,ARR,bad,39.0
60,True,True,TORONTO,MONTRÉAL,2025-06-07,6,Cornwall,CWLL,2025-06-07T15:14:25Z,2025-06-07T14:38:00Z,ARR,bad,36.0
60,True,True,TORONTO,MONTRÉAL,2025-06-07,7,Dorval,DORV,2025-06-07T16:11:01Z,2025-06-07T15:25:00Z,ARR,bad,46.0
60,True,True,TORONTO,MONTRÉAL,2025-06-07,8,Montréal,MTRL,2025-06-07T16:35:52Z,2025-06-07T15:50:00Z,ARR,bad,45.0
70,True,True,WINDSOR,TORONTO,2025-06-07,0,Windsor,WDON,2025-06-07T09:35:00Z,2025-06-07T09:35:00Z,ARR,goo,0.0
70,True,True,WINDSOR,TORONTO,2025-06-07,1,Chatham,CHAT,2025-06-07T10:19:00Z,2025-06-07T10:19:00Z,ARR,goo,0.0
70,True,True,WINDSOR,TORONTO,2025-06-07,2,London,LNDN,2025-06-07T11:35:44Z,2025-06-07T11:25:00Z,ARR,med,10.0
70,True,True,WINDSOR,TORONTO,2025-06-07,3,Ingersoll,INGR,2025-06-07T12:41:04Z,2025-06-07T11:55:00Z,ARR,bad,46.0
70,True,True,WINDSOR,TORONTO,2025-06-07,4,Woodstock,WDST,2025-06-07T12:54:14Z,2025-06-07T12:08:00Z,ARR,bad,46.0
70,True,True,WINDSOR,TORONTO,2025-06-07,5,Brantford,BRTF,2025-06-07T13:34:24Z,2025-06-07T12:44:00Z,ARR,bad,50.0
70,True,True,WINDSOR,TORONTO,2025-06-07,6,Aldershot,ALDR,2025-06-07T14:05:22Z,2025-06-07T13:25:00Z,ARR,bad,40.0
70,True,True,WINDSOR,TORONTO,2025-06-07,7,Oakville,OAKV,2025-06-07T14:36:31Z,2025-06-07T13:43:00Z,ARR,bad,53.0
70,True,True,WINDSOR,TORONTO,2025-06-07,8,Toronto,TRTO,2025-06-07T15:01:44Z,2025-06-07T14:10:00Z,ARR,bad,51.0
71,True,True,TORONTO,WINDSOR,2025-06-07,0,Toronto,TRTO,2025-06-07T10:50:16Z,2025-06-07T10:50:00Z,ARR,goo,0.0
71,True,True,TORONTO,WINDSOR,2025-06-07,1,Oakville,OAKV,2025-06-07T11:16:37Z,2025-06-07T11:13:00Z,ARR,goo,3.0
71,True,True,TORONTO,WINDSOR,2025-06-07,2,Aldershot,ALDR,2025-06-07T11:34:03Z,2025-06-07T11:29:00Z,ARR,med,5.0
71,True,True,TORONTO,WINDSOR,2025-06-07,3,Brantford,BRTF,2025-06-07T12:05:26Z,2025-06-07T11:55:00Z,ARR,med,10.0
71,True,True,TORONTO,WINDSOR,2025-06-07,4,Woodstock,WDST,2025-06-07T13:43:53Z,2025-06-07T12:30:00Z,ARR,bad,73.0
71,True,True,TORONTO,WINDSOR,2025-06-07,5,Ingersoll,INGR,2025-06-07T13:55:33Z,2025-06-07T12:43:00Z,ARR,bad,72.0
71,True,True,TORONTO,WINDSOR,2025-06-07,6,London,LNDN,2025-06-07T14:18:44Z,2025-06-07T13:06:00Z,ARR,bad,72.0
71,True,True,TORONTO,WINDSOR,2025-06-07,7,Glencoe,GLNC,2025-06-07T15:18:08Z,2025-06-07T13:39:00Z,ARR,bad,99.0
71,True,True,TORONTO,WINDSOR,2025-06-07,8,Chatham,CHAT,2025-06-07T15:58:22Z,2025-06-07T14:18:00Z,ARR,bad,100.0
71,True,True,TORONTO,WINDSOR,2025-06-07,9,Windsor,WDON,2025-06-07T16:41:40Z,2025-06-07T15:08:00Z,ARR,bad,93.0
72,True,True,WINDSOR,TORONTO,2025-06-07,0,Windsor,WDON,2025-06-07T13:16:43Z,2025-06-07T12:43:00Z,ARR,bad,33.0
72,True,True,WINDSOR,TORONTO,2025-06-07,1,Chatham,CHAT,2025-06-07T14:01:02Z,2025-06-07T13:25:00Z,ARR,bad,36.0
72,True,True,WINDSOR,TORONTO,2025-06-07,2,Glencoe,GLNC,2025-06-07T15:25:07Z,2025-06-07T14:05:00Z,ARR,bad,80.0
72,True,True,WINDSOR,TORONTO,2025-06-07,3,London,LNDN,2025-06-07T16:00:28Z,2025-06-07T14:39:00Z,ARR,bad,81.0
72,True,True,WINDSOR,TORONTO,2025-06-07,4,Ingersoll,INGR,2025-06-07T16:38:49Z,2025-06-07T15:07:00Z,ARR,bad,91.0
72,True,True,WINDSOR,TORONTO,2025-06-07,5,Woodstock,WDST,2025-06-07T16:53:35Z,2025-06-07T15:23:00Z,ARR,bad,90.0
72,True,True,WINDSOR,TORONTO,2025-06-07,6,Brantford,BRTF,2025-06-07T17:27:51Z,2025-06-07T15:55:00Z,ARR,bad,92.0
72,True,True,WINDSOR,TORONTO,2025-06-07,7,Aldershot,ALDR,2025-06-07T18:00:13Z,2025-06-07T16:29:00Z,ARR,bad,91.0
72,True,True,WINDSOR,TORONTO,2025-06-07,8,Oakville,OAKV,2025-06-07T18:21:13Z,2025-06-07T16:45:00Z,ARR,bad,96.0
72,True,True,WINDSOR,TORONTO,2025-06-07,9,Toronto,TRTO,2025-06-07T18:48:54Z,2025-06-07T17:11:00Z,ARR,bad,97.0
73,True,True,TORONTO,WINDSOR,2025-06-07,0,Toronto,TRTO,2025-06-07T15:30:33Z,2025-06-07T15:30:00Z,ARR,goo,0.0
73,True,True,TORONTO,WINDSOR,2025-06-07,1,Oakville,OAKV,2025-06-07T15:54:07Z,2025-06-07T15:51:00Z,ARR,goo,3.0
73,True,True,TORONTO,WINDSOR,2025-06-07,2,Aldershot,ALDR,2025-06-07T16:15:06Z,2025-06-07T16:09:00Z,ARR,med,6.0
73,True,True,TORONTO,WINDSOR,2025-06-07,3,Brantford,BRTF,2025-06-07T16:46:07Z,2025-06-07T16:40:00Z,ARR,med,6.0
73,True,True,TORONTO,WINDSOR,2025-06-07,4,Woodstock,WDST,2025-06-07T17:26:25Z,2025-06-07T17:09:00Z,ARR,bad,17.0
73,True,True,TORONTO,WINDSOR,2025-06-07,5,London,LNDN,2025-06-07T17:57:12Z,2025-06-07T17:38:00Z,ARR,bad,19.0
73,True,True,TORONTO,WINDSOR,2025-06-07,6,Chatham,CHAT,2025-06-07T19:45:20Z,2025-06-07T18:50:00Z,ARR,bad,55.0
73,True,True,TORONTO,WINDSOR,2025-06-07,7,Windsor,WDON,2025-06-07T20:30:01Z,2025-06-07T19:45:00Z,ARR,bad,45.0
82,True,True,LONDON,TORONTO,2025-06-07,0,London,LNDN,2025-06-07T12:03:13Z,2025-06-07T10:25:00Z,ARR,bad,98.0
82,True,True,LONDON,TORONTO,2025-06-07,1,Woodstock,WDST,2025-06-07T12:32:55Z,2025-06-07T10:53:00Z,ARR,bad,99.0
82,True,True,LONDON,TORONTO,2025-06-07,2,Brantford,BRTF,2025-06-07T13:23:32Z,2025-06-07T11:23:00Z,ARR,bad,120.0
82,True,True,LONDON,TORONTO,2025-06-07,3,Toronto,TRTO,2025-06-07T14:34:38Z,2025-06-07T12:35:00Z,ARR,bad,119.0
84,True,True,SARNIA,TORONTO,2025-06-07,0,Sarnia,SARN,2025-06-07T12:40:00Z,2025-06-07T12:40:00Z,ARR,goo,0.0
84,True,True,SARNIA,TORONTO,2025-06-07,1,Wyoming,WYOM,2025-06-07T13:08:40Z,2025-06-07T12:55:00Z,ARR,med,13.0
84,True,True,SARNIA,TORONTO,2025-06-07,2,Strathroy,STRR,2025-06-07T13:32:17Z,2025-06-07T13:27:00Z,ARR,med,5.0
84,True,True,SARNIA,TORONTO,2025-06-07,3,London,LNDN,2025-06-07T13:54:34Z,2025-06-07T13:52:00Z,ARR,goo,2.0
84,True,True,SARNIA,TORONTO,2025-06-07,4,St.Marys,SMYS,2025-06-07T14:50:14Z,2025-06-07T14:45:00Z,ARR,med,5.0
84,True,True,SARNIA,TORONTO,2025-06-07,5,Stratford,STRF,2025-06-07T15:17:29Z,2025-06-07T15:14:00Z,ARR,goo,3.0
84,True,True,SARNIA,TORONTO,2025-06-07,6,Kitchener,KITC,2025-06-07T16:03:37Z,2025-06-07T16:02:00Z,ARR,goo,1.0
84,True,True,SARNIA,TORONTO,2025-06-07,7,Guelph,GUEL,2025-06-07T16:24:19Z,2025-06-07T16:24:00Z,ARR,goo,0.0
84,True,True,SARNIA,TORONTO,2025-06-07,8,Georgetown,GEOR,2025-06-07T16:48:32Z,2025-06-07T16:47:00Z,ARR,goo,1.0
84,True,True,SARNIA,TORONTO,2025-06-07,9,Brampton,BRMP,2025-06-07T16:59:01Z,2025-06-07T16:59:00Z,ARR,goo,0.0
84,True,True,SARNIA,TORONTO,2025-06-07,10,Malton,MALT,2025-06-07T17:12:21Z,2025-06-07T17:11:00Z,ARR,goo,1.0
84,True,True,SARNIA,TORONTO,2025-06-07,11,Toronto,TRTO,2025-06-07T17:33:13Z,2025-06-07T17:38:00Z,ARR,goo,-4.0
644,True,True,TORONTO,OTTAWA,2025-06-07,0,Toronto,TRTO,2025-06-07T17:23:05Z,2025-06-07T17:22:00Z,ARR,goo,1.0
644,True,True,TORONTO,OTTAWA,2025-06-07,1,Oshawa,OSHA,2025-06-07T17:56:30Z,2025-06-07T17:53:00Z,ARR,goo,3.0
644,True,True,TORONTO,OTTAWA,2025-06-07,2,Cobourg,CBRG,2025-06-07T18:29:35Z,2025-06-07T18:28:00Z,ARR,goo,1.0
644,True,True,TORONTO,OTTAWA,2025-06-07,3,Belleville,BLVL,2025-06-07T19:04:42Z,2025-06-07T19:03:00Z,ARR,goo,1.0
644,True,True,TORONTO,OTTAWA,2025-06-07,4,Kingston,KGON,2025-06-07T19:45:21Z,2025-06-07T19:43:00Z,ARR,goo,2.0
644,True,True,TORONTO,OTTAWA,2025-06-07,5,Fallowfield,FALL,2025-06-07T21:54:03Z,2025-06-07T21:30:00Z,ARR,bad,24.0
644,True,True,TORONTO,OTTAWA,2025-06-07,6,Ottawa,OTTW,2025-06-07T22:25:29Z,2025-06-07T21:53:00Z,ARR,bad,32.0
643,True,True,OTTAWA,TORONTO,2025-06-07,0,Ottawa,OTTW,2025-06-07T12:29:13Z,2025-06-07T12:29:00Z,ARR,goo,0.0
643,True,True,OTTAWA,TORONTO,2025-06-07,1,Fallowfield,FALL,2025-06-07T12:45:56Z,2025-06-07T12:45:00Z,ARR,goo,0.0
643,True,True,OTTAWA,TORONTO,2025-06-07,2,Smiths Falls,SMTF,2025-06-07T13:15:38Z,2025-06-07T13:17:00Z,ARR,goo,-1.0
643,True,True,OTTAWA,TORONTO,2025-06-07,3,Brockville,BRKV,2025-06-07T13:49:23Z,2025-06-07T13:49:00Z,ARR,goo,0.0
643,True,True,OTTAWA,TORONTO,2025-06-07,4,Kingston,KGON,2025-06-07T14:48:35Z,2025-06-07T14:32:00Z,ARR,bad,16.0
643,True,True,OTTAWA,TORONTO,2025-06-07,5,Napanee,NAPN,2025-06-07T15:16:32Z,2025-06-07T14:57:00Z,ARR,bad,19.0
643,True,True,OTTAWA,TORONTO,2025-06-07,6,Belleville,BLVL,2025-06-07T15:41:46Z,2025-06-07T15:17:00Z,ARR,bad,24.0
643,True,True,OTTAWA,TORONTO,2025-06-07,7,Trenton Jct.,TRNJ,2025-06-07T15:55:51Z,2025-06-07T15:31:00Z,ARR,bad,24.0
643,True,True,OTTAWA,TORONTO,2025-06-07,8,Cobourg,CBRG,2025-06-07T16:27:46Z,2025-06-07T15:57:00Z,ARR,bad,30.0
643,True,True,OTTAWA,TORONTO,2025-06-07,9,Port Hope,PHOP,2025-06-07T16:38:26Z,2025-06-07T16:07:00Z,ARR,bad,31.0
643,True,True,OTTAWA,TORONTO,2025-06-07,10,Oshawa,OSHA,2025-06-07T17:15:44Z,2025-06-07T16:35:00Z,ARR,bad,40.0
643,True,True,OTTAWA,TORONTO,2025-06-07,11,Guildwood,GUIL,2025-06-07T17:36:15Z,2025-06-07T16:58:00Z,ARR,bad,38.0
643,True,True,OTTAWA,TORONTO,2025-06-07,12,Toronto,TRTO,2025-06-07T17:56:22Z,2025-06-07T17:18:00Z,ARR,bad,38.0
97,True,True,TORONTO,NIAGARA FALLS,2025-06-07,0,Toronto,TRTO,2025-06-07T12:20:00Z,2025-06-07T12:20:00Z,ARR,goo,0.0
97,True,True,TORONTO,NIAGARA FALLS,2025-06-07,1,Oakville,OAKV,2025-06-07T12:43:00Z,2025-06-07T12:43:00Z,ARR,goo,0.0
97,True,True,TORONTO,NIAGARA FALLS,2025-06-07,2,Aldershot,ALDR,2025-06-07T12:56:00Z,2025-06-07T12:56:00Z,ARR,goo,0.0
97,True,True,TORONTO,NIAGARA FALLS,2025-06-07,3,Grimsby,GRIM,2025-06-07T13:40:00Z,2025-06-07T13:37:00Z,ARR,goo,3.0
97,True,True,TORONTO,NIAGARA FALLS,2025-06-07,4,St. Catharines,SCAT,2025-06-07T14:00:00Z,2025-06-07T13:57:00Z,ARR,goo,3.0
97,True,True,TORONTO,NIAGARA FALLS,2025-06-07,5,Niagara Falls,NIAG,2025-06-07T14:23:00Z,2025-06-07T14:20:00Z,ARR,goo,3.0
633,True,True,MONTRÉAL,OTTAWA,2025-06-07,0,Montréal,MTRL,2025-06-07T13:00:00Z,2025-06-07T13:00:00Z,ARR,goo,0.0
633,True,True,MONTRÉAL,OTTAWA,2025-06-07,1,Dorval,DORV,2025-06-07T13:33:11Z,2025-06-07T13:24:00Z,ARR,med,9.0
633,True,True,MONTRÉAL,OTTAWA,2025-06-07,2,Alexandria,ALEX,2025-06-07T14:21:41Z,2025-06-07T14:11:00Z,ARR,med,10.0
633,True,True,MONTRÉAL,OTTAWA,2025-06-07,3,Casselman,CSLM,2025-06-07T14:43:49Z,2025-06-07T14:34:00Z,ARR,med,9.0
633,True,True,MONTRÉAL,OTTAWA,2025-06-07,4,Ottawa,OTTW,2025-06-07T15:06:16Z,2025-06-07T15:05:00Z,ARR,goo,1.0
622,True,True,MONTRÉAL,QUÉBEC,2025-06-07,0,Montréal,MTRL,2025-06-07T12:20:00Z,2025-06-07T12:20:00Z,ARR,goo,0.0
622,True,True,MONTRÉAL,QUÉBEC,2025-06-07,1,St. Lambert,SLAM,2025-06-07T12:35:31Z,2025-06-07T12:33:00Z,ARR,goo,2.0
622,True,True,MONTRÉAL,QUÉBEC,2025-06-07,2,St. Hyacinthe,SHYA,2025-06-07T13:08:44Z,2025-06-07T13:00:00Z,ARR,med,8.0
622,True,True,MONTRÉAL,QUÉBEC,2025-06-07,3,Drummondville,DRMV,2025-06-07T13:46:26Z,2025-06-07T13:29:00Z,ARR,bad,17.0
622,True,True,MONTRÉAL,QUÉBEC,2025-06-07,4,Ste-Foy,SFOY,2025-06-07T15:32:55Z,2025-06-07T15:11:00Z,ARR,bad,21.0
622,True,True,MONTRÉAL,QUÉBEC,2025-06-07,5,Québec,QBEC,2025-06-07T16:02:16Z,2025-06-07T15:39:00Z,ARR,bad,23.0
45,True,True,OTTAWA,TORONTO,2025-06-07,0,Ottawa,OTTW,2025-06-07T14:24:01Z,2025-06-07T14:24:00Z,ARR,goo,0.0
45,True,True,OTTAWA,TORONTO,2025-06-07,1,Fallowfield,FALL,2025-06-07T14:44:47Z,2025-06-07T14:40:00Z,ARR,goo,4.0
45,True,True,OTTAWA,TORONTO,2025-06-07,2,Kingston,KGON,2025-06-07T17:09:42Z,2025-06-07T16:26:00Z,ARR,bad,43.0
45,True,True,OTTAWA,TORONTO,2025-06-07,3,Toronto,TRTO,2025-06-07T20:14:03Z,2025-06-07T18:48:00Z,ARR,bad,86.0
62,True,True,TORONTO,MONTRÉAL,2025-06-07,0,Toronto,TRTO,2025-06-07T12:32:01Z,2025-06-07T12:32:00Z,ARR,goo,0.0
62,True,True,TORONTO,MONTRÉAL,2025-06-07,1,Guildwood,GUIL,2025-06-07T12:49:26Z,2025-06-07T12:50:00Z,ARR,goo,0.0
62,True,True,TORONTO,MONTRÉAL,2025-06-07,2,Oshawa,OSHA,2025-06-07T13:08:37Z,2025-06-07T13:09:00Z,ARR,goo,0.0
62,True,True,TORONTO,MONTRÉAL,2025-06-07,3,Cobourg,CBRG,2025-06-07T13:48:31Z,2025-06-07T13:44:00Z,ARR,goo,4.0
62,True,True,TORONTO,MONTRÉAL,2025-06-07,4,Belleville,BLVL,2025-06-07T14:25:28Z,2025-06-07T14:20:00Z,ARR,med,5.0
62,True,True,TORONTO,MONTRÉAL,2025-06-07,5,Kingston,KGON,2025-06-07T15:01:59Z,2025-06-07T15:00:00Z,ARR,goo,1.0
62,True,True,TORONTO,MONTRÉAL,2025-06-07,6,Cornwall,CWLL,2025-06-07T16:47:35Z,2025-06-07T16:43:00Z,ARR,goo,4.0
62,True,True,TORONTO,MONTRÉAL,2025-06-07,7,Dorval,DORV,2025-06-07T17:46:45Z,2025-06-07T17:34:00Z,ARR,med,12.0
62,True,True,TORONTO,MONTRÉAL,2025-06-07,8,Montréal,MTRL,2025-06-07T18:12:27Z,2025-06-07T18:00:00Z,ARR,med,12.0
185,True,True,SUDBURY,WHITE RIVER,2025-06-07,0,Sudbury,SUDB,2025-06-07T13:06:35Z,2025-06-07T13:00:00Z,ARR,med,6.0
185,True,True,SUDBURY,WHITE RIVER,2025-06-07,1,Azilda,AZIL,2025-06-07T13:39:01Z,2025-06-07T13:10:00Z,ARR,bad,29.0
185,True,True,SUDBURY,WHITE RIVER,2025-06-07,2,Chelmsford,CHEL,2025-06-07T13:42:25Z,2025-06-07T13:15:00Z,ARR,bad,27.0
185,True,True,SUDBURY,WHITE RIVER,2025-06-07,3,Larchwood,LARC,2025-06-07T13:46:16Z,2025-06-07T13:19:00Z,ARR,bad,27.0
185,True,True,SUDBURY,WHITE RIVER,2025-06-07,4,Levack,LEVA,2025-06-07T13:57:45Z,2025-06-07T13:30:00Z,ARR,bad,27.0
185,True,True,SUDBURY,WHITE RIVER,2025-06-07,5,Cartier,CART,2025-06-07T14:09:52Z,2025-06-07T13:45:00Z,ARR,bad,24.0
185,True,True,SUDBURY,WHITE RIVER,2025-06-07,6,Benny,BENN,2025-06-07T14:21:39Z,2025-06-07T14:05:00Z,ARR,bad,16.0
185,True,True,SUDBURY,WHITE RIVER,2025-06-07,7,Stralak,STRL,2025-06-07T14:25:59Z,2025-06-07T14:12:00Z,ARR,med,13.0
185,True,True,SUDBURY,WHITE RIVER,2025-06-07,8,Pogamasing,POGA,2025-06-07T14:37:14Z,2025-06-07T14:25:00Z,ARR,med,12.0
185,True,True,SUDBURY,WHITE RIVER,2025-06-07,9,Sheahan,SHEA,2025-06-07T14:41:56Z,2025-06-07T14:30:00Z,ARR,med,11.0
185,True,True,SUDBURY,WHITE RIVER,2025-06-07,10,Forks,FRKS,2025-06-07T14:51:56Z,2025-06-07T14:40:00Z,ARR,med,11.0
185,True,True,SUDBURY,WHITE RIVER,2025-06-07,11,Metagama,MTGM,2025-06-07T15:01:56Z,2025-06-07T14:50:00Z,ARR,med,11.0
185,True,True,SUDBURY,WHITE RIVER,2025-06-07,12,Sinker,SNKR,2025-06-07T15:06:56Z,2025-06-07T14:55:00Z,ARR,med,11.0
185,True,True,SUDBURY,WHITE RIVER,2025-06-07,13,Biscotasing,BISC,2025-06-07T15:38:28Z,2025-06-07T15:20:00Z,ARR,bad,18.0
185,True,True,SUDBURY,WHITE RIVER,2025-06-07,14,Roberts,RBRT,2025-06-07T15:48:28Z,2025-06-07T15:30:00Z,ARR,bad,18.0
185,True,True,SUDBURY,WHITE RIVER,2025-06-07,15,Ramsey,RAMS,2025-06-07T16:03:28Z,2025-06-07T15:45:00Z,ARR,bad,18.0
185,True,True,SUDBURY,WHITE RIVER,2025-06-07,16,Woman River,WOMR,2025-06-07T16:14:56Z,2025-06-07T16:05:00Z,ARR,med,9.0
185,True,True,SUDBURY,WHITE RIVER,2025-06-07,17,Sultan,SULT,2025-06-07T16:29:56Z,2025-06-07T16:20:00Z,ARR,med,9.0
185,True,True,SUDBURY,WHITE RIVER,2025-06-07,18,Kormak,KORM,2025-06-07T16:44:56Z,2025-06-07T16:35:00Z,ARR,med,9.0
185,True,True,SUDBURY,WHITE RIVER,2025-06-07,19,Kinogama,KINO,2025-06-07T16:49:56Z,2025-06-07T16:40:00Z,ARR,med,9.0
185,True,True,SUDBURY,WHITE RIVER,2025-06-07,20,Nemegos,NEME,2025-06-07T16:56:32Z,2025-06-07T16:55:00Z,ARR,goo,1.0
185,True,True,SUDBURY,WHITE RIVER,2025-06-07,21,Devon,DEVN,2025-06-07T17:22:56Z,2025-06-07T17:05:00Z,ARR,bad,17.0
185,True,True,SUDBURY,WHITE RIVER,2025-06-07,22,Chapleau,CHAP,2025-06-07T17:48:25Z,2025-06-07T17:20:00Z,ARR,bad,28.0
185,True,True,SUDBURY,WHITE RIVER,2025-06-07,23,Esher,ESHR,2025-06-07T18:07:47Z,2025-06-07T17:50:00Z,ARR,bad,17.0
185,True,True,SUDBURY,WHITE RIVER,2025-06-07,24,Musk,MUSK,2025-06-07T18:22:39Z,2025-06-07T18:00:00Z,ARR,bad,22.0
185,True,True,SUDBURY,WHITE RIVER,2025-06-07,25,Nicholson,NICH,2025-06-07T18:28:31Z,2025-06-07T18:10:00Z,ARR,bad,18.0
185,True,True,SUDBURY,WHITE RIVER,2025-06-07,26,Bolkow,BOLK,2025-06-07T18:45:34Z,2025-06-07T18:30:00Z,ARR,bad,15.0
185,True,True,SUDBURY,WHITE RIVER,2025-06-07,27,Dalton,DALT,2025-06-07T19:00:34Z,2025-06-07T18:45:00Z,ARR,bad,15.0
185,True,True,SUDBURY,WHITE RIVER,2025-06-07,28,Missanabie,MSBI,2025-06-07T19:25:34Z,2025-06-07T19:10:00Z,ARR,bad,15.0
185,True,True,SUDBURY,WHITE RIVER,2025-06-07,29,Lochalsh,LOCH,2025-06-07T19:53:27Z,2025-06-07T19:30:00Z,ARR,bad,23.0
185,True,True,SUDBURY,WHITE RIVER,2025-06-07,30,Franz,FRNZ,2025-06-07T20:09:03Z,2025-06-07T19:50:00Z,ARR,bad,19.0
185,True,True,SUDBURY,WHITE RIVER,2025-06-07,31,Swanson,SWAN,2025-06-07T20:22:38Z,2025-06-07T20:00:00Z,ARR,bad,22.0
185,True,True,SUDBURY,WHITE RIVER,2025-06-07,32,Girdwood,GIRD,2025-06-07T20:53:54Z,2025-06-07T20:25:00Z,ARR,bad,28.0
185,True,True,SUDBURY,WHITE RIVER,2025-06-07,33,Amyot,AMYO,2025-06-07T21:03:38Z,2025-06-07T20:35:00Z,ARR,bad,28.0
185,True,True,SUDBURY,WHITE RIVER,2025-06-07,34,O'Brien,OBRI,2025-06-07T21:17:08Z,2025-06-07T20:50:00Z,ARR,bad,27.0
185,True,True,SUDBURY,WHITE RIVER,2025-06-07,35,White River,WHTR,2025-06-07T21:30:16Z,2025-06-07T21:05:00Z,ARR,bad,25.0
637,True,True,QUÉBEC,OTTAWA,2025-06-07,0,Québec,QBEC,2025-06-07T14:00:33Z,2025-06-07T14:00:00Z,ARR,goo,0.0
637,True,True,QUÉBEC,OTTAWA,2025-06-07,1,Ste-Foy,SFOY,2025-06-07T14:30:43Z,2025-06-07T14:25:00Z,ARR,med,5.0
637,True,True,QUÉBEC,OTTAWA,2025-06-07,2,Drummondville,DRMV,2025-06-07T16:14:10Z,2025-06-07T16:08:00Z,ARR,med,6.0
637,True,True,QUÉBEC,OTTAWA,2025-06-07,3,St. Lambert,SLAM,2025-06-07T17:32:35Z,2025-06-07T17:16:00Z,ARR,bad,16.0
637,True,True,QUÉBEC,OTTAWA,2025-06-07,4,Montréal,MTRL,2025-06-07T17:49:14Z,2025-06-07T17:31:00Z,ARR,bad,18.0
637,True,True,QUÉBEC,OTTAWA,2025-06-07,5,Dorval,DORV,2025-06-07T18:34:43Z,2025-06-07T18:20:00Z,ARR,med,14.0
637,True,True,QUÉBEC,OTTAWA,2025-06-07,6,Alexandria,ALEX,2025-06-07T19:29:18Z,2025-06-07T19:10:00Z,ARR,bad,19.0
637,True,True,QUÉBEC,OTTAWA,2025-06-07,7,Ottawa,OTTW,2025-06-07T20:11:45Z,2025-06-07T19:56:00Z,ARR,bad,15.0
47,True,True,OTTAWA,TORONTO,2025-06-07,0,Ottawa,OTTW,2025-06-07T16:23:46Z,2025-06-07T16:23:00Z,ARR,goo,0.0
47,True,True,OTTAWA,TORONTO,2025-06-07,1,Fallowfield,FALL,2025-06-07T16:40:32Z,2025-06-07T16:40:00Z,ARR,goo,0.0
47,True,True,OTTAWA,TORONTO,2025-06-07,2,Smiths Falls,SMTF,2025-06-07T17:12:42Z,2025-06-07T17:18:00Z,ARR,goo,-5.0
47,True,True,OTTAWA,TORONTO,2025-06-07,3,Brockville,BRKV,2025-06-07T17:51:01Z,2025-06-07T17:54:00Z,ARR,goo,-2.0
47,True,True,OTTAWA,TORONTO,2025-06-07,4,Gananoque,GANA,2025-06-07T18:21:37Z,2025-06-07T18:22:00Z,ARR,goo,0.0
47,True,True,OTTAWA,TORONTO,2025-06-07,5,Kingston,KGON,2025-06-07T19:02:17Z,2025-06-07T18:45:00Z,ARR,bad,17.0
47,True,True,OTTAWA,TORONTO,2025-06-07,6,Belleville,BLVL,2025-06-07T19:45:00Z,2025-06-07T19:26:00Z,ARR,bad,19.0
47,True,True,OTTAWA,TORONTO,2025-06-07,7,Oshawa,OSHA,2025-06-07T21:07:38Z,2025-06-07T20:33:00Z,ARR,bad,34.0
47,True,True,OTTAWA,TORONTO,2025-06-07,8,Guildwood,GUIL,2025-06-07T21:45:18Z,2025-06-07T20:58:00Z,ARR,bad,47.0
47,True,True,OTTAWA,TORONTO,2025-06-07,9,Toronto,TRTO,2025-06-07T22:05:57Z,2025-06-07T21:30:00Z,ARR,bad,35.0
35,True,True,QUÉBEC,OTTAWA,2025-06-07,0,Québec,QBEC,2025-06-07T12:06:00Z,2025-06-07T12:06:00Z,ARR,goo,0.0
35,True,True,QUÉBEC,OTTAWA,2025-06-07,1,Ste-Foy,SFOY,2025-06-07T12:31:21Z,2025-06-07T12:31:00Z,ARR,goo,0.0
35,True,True,QUÉBEC,OTTAWA,2025-06-07,2,Charny,CHNY,2025-06-07T12:40:51Z,2025-06-07T12:40:00Z,ARR,goo,0.0
35,True,True,QUÉBEC,OTTAWA,2025-06-07,3,Drummondville,DRMV,2025-06-07T14:11:27Z,2025-06-07T14:14:00Z,ARR,goo,-2.0
35,True,True,QUÉBEC,OTTAWA,2025-06-07,4,St. Hyacinthe,SHYA,2025-06-07T14:48:36Z,2025-06-07T14:44:00Z,ARR,goo,4.0
35,True,True,QUÉBEC,OTTAWA,2025-06-07,5,St. Lambert,SLAM,2025-06-07T15:25:50Z,2025-06-07T15:11:00Z,ARR,med,14.0
35,True,True,QUÉBEC,OTTAWA,2025-06-07,6,Montréal,MTRL,2025-06-07T15:43:48Z,2025-06-07T15:26:00Z,ARR,bad,17.0
35,True,True,QUÉBEC,OTTAWA,2025-06-07,7,Dorval,DORV,2025-06-07T16:35:42Z,2025-06-07T16:18:00Z,ARR,bad,17.0
35,True,True,QUÉBEC,OTTAWA,2025-06-07,8,Coteau,COTO,2025-06-07T17:06:31Z,2025-06-07T16:46:00Z,ARR,bad,20.0
35,True,True,QUÉBEC,OTTAWA,2025-06-07,9,Alexandria,ALEX,2025-06-07T17:28:29Z,2025-06-07T17:08:00Z,ARR,bad,20.0
35,True,True,QUÉBEC,OTTAWA,2025-06-07,10,Casselman,CSLM,2025-06-07T17:51:10Z,2025-06-07T17:31:00Z,ARR,bad,20.0
35,True,True,QUÉBEC,OTTAWA,2025-06-07,11,Ottawa,OTTW,2025-06-07T18:18:43Z,2025-06-07T17:58:00Z,ARR,bad,20.0
40,True,True,TORONTO,OTTAWA,2025-06-07,0,Toronto,TRTO,2025-06-07T14:38:51Z,2025-06-07T14:37:00Z,ARR,goo,1.0
40,True,True,TORONTO,OTTAWA,2025-06-07,1,Belleville,BLVL,2025-06-07T16:29:35Z,2025-06-07T16:09:00Z,ARR,bad,20.0
40,True,True,TORONTO,OTTAWA,2025-06-07,2,Kingston,KGON,2025-06-07T17:49:04Z,2025-06-07T16:48:00Z,ARR,bad,61.0
40,True,True,TORONTO,OTTAWA,2025-06-07,3,Fallowfield,FALL,2025-06-07T20:26:04Z,2025-06-07T18:38:00Z,ARR,bad,108.0
40,True,True,TORONTO,OTTAWA,2025-06-07,4,Ottawa,OTTW,2025-06-07T20:46:36Z,2025-06-07T19:02:00Z,ARR,bad,104.0
63,True,True,MONTRÉAL,TORONTO,2025-06-07,0,Montréal,MTRL,2025-06-07T12:46:00Z,2025-06-07T12:46:00Z,ARR,goo,0.0
63,True,True,MONTRÉAL,TORONTO,2025-06-07,1,Dorval,DORV,2025-06-07T13:26:31Z,2025-06-07T13:11:00Z,ARR,bad,15.0
63,True,True,MONTRÉAL,TORONTO,2025-06-07,2,Cornwall,CWLL,2025-06-07T14:22:56Z,2025-06-07T14:04:00Z,ARR,bad,18.0
63,True,True,MONTRÉAL,TORONTO,2025-06-07,3,Brockville,BRKV,2025-06-07T15:12:59Z,2025-06-07T14:54:00Z,ARR,bad,18.0
63,True,True,MONTRÉAL,TORONTO,2025-06-07,4,Kingston,KGON,2025-06-07T16:05:51Z,2025-06-07T15:39:00Z,ARR,bad,26.0
63,True,True,MONTRÉAL,TORONTO,2025-06-07,5,Belleville,BLVL,2025-06-07T16:53:37Z,2025-06-07T16:20:00Z,ARR,bad,33.0
63,True,True,MONTRÉAL,TORONTO,2025-06-07,6,Cobourg,CBRG,2025-06-07T17:36:15Z,2025-06-07T16:58:00Z,ARR,bad,38.0
63,True,True,MONTRÉAL,TORONTO,2025-06-07,7,Oshawa,OSHA,2025-06-07T18:17:52Z,2025-06-07T17:34:00Z,ARR,bad,43.0
63,True,True,MONTRÉAL,TORONTO,2025-06-07,8,Guildwood,GUIL,2025-06-07T18:40:32Z,2025-06-07T17:58:00Z,ARR,bad,42.0
63,True,True,MONTRÉAL,TORONTO,2025-06-07,9,Toronto,TRTO,2025-06-07T18:58:31Z,2025-06-07T18:18:00Z,ARR,bad,40.0
624,True,True,OTTAWA,QUÉBEC,2025-06-07,0,Ottawa,OTTW,2025-06-07T11:45:31Z,2025-06-07T11:45:00Z,ARR,goo,0.0
624,True,True,OTTAWA,QUÉBEC,2025-06-07,1,Alexandria,ALEX,2025-06-07T12:26:38Z,2025-06-07T12:31:00Z,ARR,goo,-4.0
624,True,True,OTTAWA,QUÉBEC,2025-06-07,2,Dorval,DORV,2025-06-07T13:24:55Z,2025-06-07T13:16:00Z,ARR,med,8.0
624,True,True,OTTAWA,QUÉBEC,2025-06-07,3,Montréal,MTRL,2025-06-07T13:50:21Z,2025-06-07T13:39:00Z,ARR,med,11.0
624,True,True,OTTAWA,QUÉBEC,2025-06-07,4,St. Lambert,SLAM,2025-06-07T14:35:07Z,2025-06-07T14:28:00Z,ARR,med,7.0
624,True,True,OTTAWA,QUÉBEC,2025-06-07,5,St. Hyacinthe,SHYA,2025-06-07T15:04:43Z,2025-06-07T15:06:00Z,ARR,goo,-1.0
624,True,True,OTTAWA,QUÉBEC,2025-06-07,6,Drummondville,DRMV,2025-06-07T15:34:04Z,2025-06-07T15:34:00Z,ARR,goo,0.0
624,True,True,OTTAWA,QUÉBEC,2025-06-07,7,Charny,CHNY,2025-06-07T17:08:57Z,2025-06-07T17:13:00Z,ARR,goo,-4.0
624,True,True,OTTAWA,QUÉBEC,2025-06-07,8,Ste-Foy,SFOY,2025-06-07T17:26:53Z,2025-06-07T17:20:00Z,ARR,med,6.0
624,True,True,OTTAWA,QUÉBEC,2025-06-07,9,Québec,QBEC,2025-06-07T17:57:54Z,2025-06-07T17:48:00Z,ARR,med,9.0
76,True,True,WINDSOR,TORONTO,2025-06-07,0,Windsor,WDON,2025-06-07T17:47:56Z,2025-06-07T17:46:00Z,ARR,goo,1.0
76,True,True,WINDSOR,TORONTO,2025-06-07,1,Chatham,CHAT,2025-06-07T18:30:00Z,2025-06-07T18:28:00Z,ARR,goo,2.0
76,True,True,WINDSOR,TORONTO,2025-06-07,2,Glencoe,GLNC,2025-06-07T19:11:58Z,2025-06-07T19:03:00Z,ARR,med,8.0
76,True,True,WINDSOR,TORONTO,2025-06-07,3,London,LNDN,2025-06-07T19:48:09Z,2025-06-07T19:38:00Z,ARR,med,10.0
76,True,True,WINDSOR,TORONTO,2025-06-07,4,Brantford,BRTF,2025-06-07T20:44:16Z,2025-06-07T20:39:00Z,ARR,med,5.0
76,True,True,WINDSOR,TORONTO,2025-06-07,5,Aldershot,ALDR,2025-06-07T21:15:10Z,2025-06-07T21:10:00Z,ARR,med,5.0
76,True,True,WINDSOR,TORONTO,2025-06-07,6,Oakville,OAKV,2025-06-07T21:31:30Z,2025-06-07T21:27:00Z,ARR,goo,4.0
76,True,True,WINDSOR,TORONTO,2025-06-07,7,Toronto,TRTO,2025-06-07T22:02:25Z,2025-06-07T21:53:00Z,ARR,med,9.0
26,True,True,OTTAWA,QUÉBEC,2025-06-07,0,Ottawa,OTTW,2025-06-07T18:17:00Z,2025-06-07T18:17:00Z,ARR,goo,0.0
26,True,True,OTTAWA,QUÉBEC,2025-06-07,1,Alexandria,ALEX,2025-06-07T19:00:42Z,2025-06-07T19:03:00Z,ARR,goo,-2.0
26,True,True,OTTAWA,QUÉBEC,2025-06-07,2,Coteau,COTO,2025-06-07T19:25:33Z,2025-06-07T19:26:00Z,ARR,goo,0.0
26,True,True,OTTAWA,QUÉBEC,2025-06-07,3,Dorval,DORV,2025-06-07T19:53:21Z,2025-06-07T19:49:00Z,ARR,goo,4.0
26,True,True,OTTAWA,QUÉBEC,2025-06-07,4,Montréal,MTRL,2025-06-07T20:17:33Z,2025-06-07T20:15:00Z,ARR,goo,2.0
26,True,True,OTTAWA,QUÉBEC,2025-06-07,5,St. Lambert,SLAM,2025-06-07T20:59:27Z,2025-06-07T20:53:00Z,ARR,med,6.0
26,True,True,OTTAWA,QUÉBEC,2025-06-07,6,St. Hyacinthe,SHYA,2025-06-07T21:32:25Z,2025-06-07T21:20:00Z,ARR,med,12.0
26,True,True,OTTAWA,QUÉBEC,2025-06-07,7,Drummondville,DRMV,2025-06-07T22:11:45Z,2025-06-07T22:05:00Z,ARR,med,6.0
26,True,True,OTTAWA,QUÉBEC,2025-06-07,8,Charny,CHNY,2025-06-07T23:58:03Z,2025-06-07T23:44:00Z,ARR,med,14.0
26,True,True,OTTAWA,QUÉBEC,2025-06-07,9,Ste-Foy,SFOY,2025-06-08T00:05:48Z,2025-06-07T23:52:00Z,ARR,med,13.0
26,True,True,OTTAWA,QUÉBEC,2025-06-07,10,Québec,QBEC,2025-06-08T00:35:59Z,2025-06-08T00:19:00Z,ARR,bad,16.0
39,True,True,QUÉBEC,OTTAWA,2025-06-07,0,Québec,QBEC,2025-06-07T18:57:00Z,2025-06-07T18:57:00Z,ARR,goo,0.0
39,True,True,QUÉBEC,OTTAWA,2025-06-07,1,Ste-Foy,SFOY,2025-06-07T19:27:57Z,2025-06-07T19:22:00Z,ARR,med,5.0
39,True,True,QUÉBEC,OTTAWA,2025-06-07,2,Drummondville,DRMV,2025-06-07T21:06:57Z,2025-06-07T20:58:00Z,ARR,med,8.0
39,True,True,QUÉBEC,OTTAWA,2025-06-07,3,St. Lambert,SLAM,2025-06-07T22:00:16Z,2025-06-07T21:57:00Z,ARR,goo,3.0
39,True,True,QUÉBEC,OTTAWA,2025-06-07,4,Montréal,MTRL,2025-06-07T22:19:36Z,2025-06-07T22:11:00Z,ARR,med,8.0
39,True,True,QUÉBEC,OTTAWA,2025-06-07,5,Dorval,DORV,2025-06-07T23:20:17Z,2025-06-07T23:14:00Z,ARR,med,6.0
39,True,True,QUÉBEC,OTTAWA,2025-06-07,6,Coteau,COTO,2025-06-07T23:55:13Z,2025-06-07T23:43:00Z,ARR,med,12.0
39,True,True,QUÉBEC,OTTAWA,2025-06-07,7,Alexandria,ALEX,2025-06-08T00:16:17Z,2025-06-08T00:06:00Z,ARR,med,10.0
39,True,True,QUÉBEC,OTTAWA,2025-06-07,8,Ottawa,OTTW,2025-06-08T00:59:27Z,2025-06-08T00:51:00Z,ARR,med,8.0
66,True,True,TORONTO,MONTRÉAL,2025-06-07,0,Toronto,TRTO,2025-06-07T19:25:28Z,2025-06-07T19:22:00Z,ARR,goo,3.0
66,True,True,TORONTO,MONTRÉAL,2025-06-07,1,Guildwood,GUIL,2025-06-07T19:44:33Z,2025-06-07T19:40:00Z,ARR,goo,4.0
66,True,True,TORONTO,MONTRÉAL,2025-06-07,2,Oshawa,OSHA,2025-06-07T20:03:29Z,2025-06-07T19:54:00Z,ARR,med,9.0
66,True,True,TORONTO,MONTRÉAL,2025-06-07,3,Belleville,BLVL,2025-06-07T21:08:41Z,2025-06-07T21:00:00Z,ARR,med,8.0
66,True,True,TORONTO,MONTRÉAL,2025-06-07,4,Kingston,KGON,2025-06-07T21:45:21Z,2025-06-07T21:40:00Z,ARR,med,5.0
66,True,True,TORONTO,MONTRÉAL,2025-06-07,5,Cornwall,CWLL,2025-06-07T23:11:30Z,2025-06-07T23:07:00Z,ARR,goo,4.0
66,True,True,TORONTO,MONTRÉAL,2025-06-07,6,Dorval,DORV,2025-06-08T00:07:32Z,2025-06-07T23:58:00Z,ARR,med,9.0
66,True,True,TORONTO,MONTRÉAL,2025-06-07,7,Montréal,MTRL,2025-06-08T00:33:34Z,2025-06-08T00:25:00Z,ARR,med,8.0
46,True,True,TORONTO,OTTAWA,2025-06-07,0,Toronto,TRTO,2025-06-07T19:37:46Z,2025-06-07T19:37:00Z,ARR,goo,0.0
46,True,True,TORONTO,OTTAWA,2025-06-07,1,Oshawa,OSHA,2025-06-07T20:15:17Z,2025-06-07T20:09:00Z,ARR,med,6.0
46,True,True,TORONTO,OTTAWA,2025-06-07,2,Cobourg,CBRG,2025-06-07T20:56:56Z,2025-06-07T20:43:00Z,ARR,med,13.0
46,True,True,TORONTO,OTTAWA,2025-06-07,3,Kingston,KGON,2025-06-07T22:31:45Z,2025-06-07T21:54:00Z,ARR,bad,37.0
46,True,True,TORONTO,OTTAWA,2025-06-07,4,Brockville,BRKV,2025-06-07T23:32:50Z,2025-06-07T22:40:00Z,ARR,bad,52.0
46,True,True,TORONTO,OTTAWA,2025-06-07,5,Fallowfield,FALL,2025-06-08T00:29:40Z,2025-06-07T23:40:00Z,ARR,bad,49.0
46,True,True,TORONTO,OTTAWA,2025-06-07,6,Ottawa,OTTW,2025-06-08T00:50:42Z,2025-06-08T00:00:00Z,ARR,bad,50.0
28,True,True,OTTAWA,QUÉBEC,2025-06-07,0,Ottawa,OTTW,2025-06-07T20:09:30Z,2025-06-07T20:05:00Z,ARR,goo,4.0
28,True,True,OTTAWA,QUÉBEC,2025-06-07,1,Casselman,CSLM,2025-06-07T20:35:49Z,2025-06-07T20:31:00Z,ARR,goo,4.0
28,True,True,OTTAWA,QUÉBEC,2025-06-07,2,Alexandria,ALEX,2025-06-07T20:57:05Z,2025-06-07T20:53:00Z,ARR,goo,4.0
28,True,True,OTTAWA,QUÉBEC,2025-06-07,3,Coteau,COTO,2025-06-07T21:15:59Z,2025-06-07T21:15:00Z,ARR,goo,0.0
28,True,True,OTTAWA,QUÉBEC,2025-06-07,4,Dorval,DORV,2025-06-07T21:41:53Z,2025-06-07T21:38:00Z,ARR,goo,3.0
28,True,True,OTTAWA,QUÉBEC,2025-06-07,5,Montréal,MTRL,2025-06-07T22:05:51Z,2025-06-07T22:04:00Z,ARR,goo,1.0
28,True,True,OTTAWA,QUÉBEC,2025-06-07,6,St. Lambert,SLAM,2025-06-07T22:55:20Z,2025-06-07T22:38:00Z,ARR,bad,17.0
28,True,True,OTTAWA,QUÉBEC,2025-06-07,7,St. Hyacinthe,SHYA,2025-06-07T23:26:42Z,2025-06-07T23:06:00Z,ARR,bad,20.0
28,True,True,OTTAWA,QUÉBEC,2025-06-07,8,Drummondville,DRMV,2025-06-08T00:25:36Z,2025-06-07T23:52:00Z,ARR,bad,33.0
28,True,True,OTTAWA,QUÉBEC,2025-06-07,9,Charny,CHNY,2025-06-08T02:04:02Z,2025-06-08T01:14:00Z,ARR,bad,50.0
28,True,True,OTTAWA,QUÉBEC,2025-06-07,10,Ste-Foy,SFOY,2025-06-08T02:12:41Z,2025-06-08T01:21:00Z,ARR,bad,51.0
28,True,True,OTTAWA,QUÉBEC,2025-06-07,11,Québec,QBEC,2025-06-08T02:56:40Z,2025-06-08T01:48:00Z,ARR,bad,68.0
69,True,True,MONTRÉAL,TORONTO,2025-06-07,0,Montréal,MTRL,2025-06-07T20:38:28Z,2025-06-07T20:38:00Z,ARR,goo,0.0
69,True,True,MONTRÉAL,TORONTO,2025-06-07,1,Dorval,DORV,2025-06-07T21:05:02Z,2025-06-07T21:04:00Z,ARR,goo,1.0
69,True,True,MONTRÉAL,TORONTO,2025-06-07,2,Cornwall,CWLL,2025-06-07T22:00:10Z,2025-06-07T21:53:00Z,ARR,med,7.0
69,True,True,MONTRÉAL,TORONTO,2025-06-07,3,Brockville,BRKV,2025-06-07T22:47:46Z,2025-06-07T22:40:00Z,ARR,med,7.0
69,True,True,MONTRÉAL,TORONTO,2025-06-07,4,Kingston,KGON,2025-06-07T23:38:57Z,2025-06-07T23:24:00Z,ARR,med,14.0
69,True,True,MONTRÉAL,TORONTO,2025-06-07,5,Oshawa,OSHA,2025-06-08T01:42:12Z,2025-06-08T01:05:00Z,ARR,bad,37.0
69,True,True,MONTRÉAL,TORONTO,2025-06-07,6,Guildwood,GUIL,2025-06-08T02:01:28Z,2025-06-08T01:28:00Z,ARR,bad,33.0
69,True,True,MONTRÉAL,TORONTO,2025-06-07,7,Toronto,TRTO,2025-06-08T02:21:15Z,2025-06-08T01:48:00Z,ARR,bad,33.0
68,True,True,TORONTO,MONTRÉAL,2025-06-07,0,Toronto,TRTO,2025-06-07T21:07:16Z,2025-06-07T21:07:00Z,ARR,goo,0.0
68,True,True,TORONTO,MONTRÉAL,2025-06-07,1,Oshawa,OSHA,2025-06-07T21:46:07Z,2025-06-07T21:39:00Z,ARR,med,7.0
68,True,True,TORONTO,MONTRÉAL,2025-06-07,2,Cobourg,CBRG,2025-06-07T22:25:13Z,2025-06-07T22:14:00Z,ARR,med,11.0
68,True,True,TORONTO,MONTRÉAL,2025-06-07,3,Belleville,BLVL,2025-06-07T23:07:32Z,2025-06-07T22:49:00Z,ARR,bad,18.0
68,True,True,TORONTO,MONTRÉAL,2025-06-07,4,Kingston,KGON,2025-06-07T23:43:51Z,2025-06-07T23:26:00Z,ARR,bad,17.0
68,True,True,TORONTO,MONTRÉAL,2025-06-07,5,Brockville,BRKV,2025-06-08T00:31:58Z,2025-06-08T00:11:00Z,ARR,bad,20.0
68,True,True,TORONTO,MONTRÉAL,2025-06-07,6,Cornwall,CWLL,2025-06-08T01:30:39Z,2025-06-08T00:57:00Z,ARR,bad,33.0
68,True,True,TORONTO,MONTRÉAL,2025-06-07,7,Dorval,DORV,2025-06-08T02:16:02Z,2025-06-08T01:47:00Z,ARR,bad,29.0
68,True,True,TORONTO,MONTRÉAL,2025-06-07,8,Montréal,MTRL,2025-06-08T02:41:03Z,2025-06-08T02:14:00Z,ARR,bad,27.0
54,True,True,TORONTO,OTTAWA,2025-06-07,0,Toronto,TRTO,2025-06-07T21:37:00Z,2025-06-07T21:37:00Z,ARR,goo,0.0
54,True,True,TORONTO,OTTAWA,2025-06-07,1,Guildwood,GUIL,2025-06-07T22:00:08Z,2025-06-07T21:55:00Z,ARR,med,5.0
54,True,True,TORONTO,OTTAWA,2025-06-07,2,Oshawa,OSHA,2025-06-07T22:18:55Z,2025-06-07T22:08:00Z,ARR,med,10.0
54,True,True,TORONTO,OTTAWA,2025-06-07,3,Port Hope,PHOP,2025-06-07T23:02:40Z,2025-06-07T22:37:00Z,ARR,bad,25.0
54,True,True,TORONTO,OTTAWA,2025-06-07,4,Cobourg,CBRG,2025-06-07T23:13:19Z,2025-06-07T22:46:00Z,ARR,bad,27.0
54,True,True,TORONTO,OTTAWA,2025-06-07,5,Trenton Jct.,TRNJ,2025-06-07T23:47:22Z,2025-06-07T23:13:01Z,ARR,bad,34.0
54,True,True,TORONTO,OTTAWA,2025-06-07,6,Belleville,BLVL,2025-06-08T00:02:10Z,2025-06-07T23:27:00Z,ARR,bad,35.0
54,True,True,TORONTO,OTTAWA,2025-06-07,7,Napanee,NAPN,2025-06-08T00:29:06Z,2025-06-07T23:48:00Z,ARR,bad,41.0
54,True,True,TORONTO,OTTAWA,2025-06-07,8,Kingston,KGON,2025-06-08T00:53:08Z,2025-06-08T00:09:00Z,ARR,bad,44.0
54,True,True,TORONTO,OTTAWA,2025-06-07,9,Brockville,BRKV,2025-06-08T01:47:45Z,2025-06-08T00:54:00Z,ARR,bad,53.0
54,True,True,TORONTO,OTTAWA,2025-06-07,10,Smiths Falls,SMTF,2025-06-08T02:17:46Z,2025-06-08T01:25:00Z,ARR,bad,52.0
54,True,True,TORONTO,OTTAWA,2025-06-07,11,Fallowfield,FALL,2025-06-08T02:44:52Z,2025-06-08T01:52:00Z,ARR,bad,52.0
54,True,True,TORONTO,OTTAWA,2025-06-07,12,Ottawa,OTTW,2025-06-08T03:04:25Z,2025-06-08T02:13:00Z,ARR,bad,51.0
75,True,True,TORONTO,WINDSOR,2025-06-07,0,Toronto,TRTO,2025-06-07T21:22:50Z,2025-06-07T21:22:00Z,ARR,goo,0.0
75,True,True,TORONTO,WINDSOR,2025-06-07,1,Oakville,OAKV,2025-06-07T22:05:23Z,2025-06-07T21:45:00Z,ARR,bad,20.0
75,True,True,TORONTO,WINDSOR,2025-06-07,2,Aldershot,ALDR,2025-06-07T22:31:24Z,2025-06-07T22:01:00Z,ARR,bad,30.0
75,True,True,TORONTO,WINDSOR,2025-06-07,3,Brantford,BRTF,2025-06-07T23:02:22Z,2025-06-07T22:33:00Z,ARR,bad,29.0
75,True,True,TORONTO,WINDSOR,2025-06-07,4,Woodstock,WDST,2025-06-07T23:30:58Z,2025-06-07T23:04:00Z,ARR,bad,26.0
75,True,True,TORONTO,WINDSOR,2025-06-07,5,Ingersoll,INGR,2025-06-07T23:42:43Z,2025-06-07T23:19:00Z,ARR,bad,23.0
75,True,True,TORONTO,WINDSOR,2025-06-07,6,London,LNDN,2025-06-08T00:05:28Z,2025-06-07T23:47:00Z,ARR,bad,18.0
75,True,True,TORONTO,WINDSOR,2025-06-07,7,Glencoe,GLNC,2025-06-08T00:39:07Z,2025-06-08T00:21:00Z,ARR,bad,18.0
75,True,True,TORONTO,WINDSOR,2025-06-07,8,Chatham,CHAT,2025-06-08T01:19:39Z,2025-06-08T00:55:00Z,ARR,bad,24.0
75,True,True,TORONTO,WINDSOR,2025-06-07,9,Windsor,WDON,2025-06-08T02:02:41Z,2025-06-08T01:50:00Z,ARR,med,12.0
98,True,True,NIAGARA FALLS,TORONTO,2025-06-07,0,Niagara Falls,NIAG,2025-06-07T22:11:00Z,2025-06-07T21:45:00Z,ARR,bad,26.0
98,True,True,NIAGARA FALLS,TORONTO,2025-06-07,1,St. Catharines,SCAT,2025-06-07T23:25:00Z,2025-06-07T22:06:00Z,ARR,bad,79.0
98,True,True,NIAGARA FALLS,TORONTO,2025-06-07,2,Grimsby,GRIM,2025-06-07T23:39:00Z,2025-06-07T22:26:00Z,ARR,bad,73.0
98,True,True,NIAGARA FALLS,TORONTO,2025-06-07,3,Aldershot,ALDR,2025-06-08T00:16:00Z,2025-06-07T23:02:00Z,ARR,bad,74.0
98,True,True,NIAGARA FALLS,TORONTO,2025-06-07,4,Oakville,OAKV,2025-06-08T00:27:00Z,2025-06-07T23:16:00Z,ARR,bad,71.0
98,True,True,NIAGARA FALLS,TORONTO,2025-06-07,5,Toronto,TRTO,2025-06-08T00:59:00Z,2025-06-07T23:43:00Z,ARR,bad,76.0
87,True,True,TORONTO,SARNIA,2025-06-07,0,Toronto,TRTO,2025-06-07T21:41:07Z,2025-06-07T21:40:00Z,ARR,goo,1.0
87,True,True,TORONTO,SARNIA,2025-06-07,1,Malton,MALT,2025-06-07T22:05:49Z,2025-06-07T22:00:00Z,ARR,med,5.0
87,True,True,TORONTO,SARNIA,2025-06-07,2,Brampton,BRMP,2025-06-07T22:17:03Z,2025-06-07T22:12:00Z,ARR,med,5.0
87,True,True,TORONTO,SARNIA,2025-06-07,3,Georgetown,GEOR,2025-06-07T22:30:26Z,2025-06-07T22:24:00Z,ARR,med,6.0
87,True,True,TORONTO,SARNIA,2025-06-07,4,Guelph,GUEL,2025-06-07T22:54:29Z,2025-06-07T22:49:00Z,ARR,med,5.0
87,True,True,TORONTO,SARNIA,2025-06-07,5,Kitchener,KITC,2025-06-07T23:19:59Z,2025-06-07T23:16:00Z,ARR,goo,3.0
87,True,True,TORONTO,SARNIA,2025-06-07,6,Stratford,STRF,2025-06-08T00:14:41Z,2025-06-07T23:57:00Z,ARR,bad,17.0
87,True,True,TORONTO,SARNIA,2025-06-07,7,St.Marys,SMYS,2025-06-08T00:46:48Z,2025-06-08T00:25:00Z,ARR,bad,21.0
87,True,True,TORONTO,SARNIA,2025-06-07,8,London,LNDN,2025-06-08T01:46:20Z,2025-06-08T01:13:00Z,ARR,bad,33.0
87,True,True,TORONTO,SARNIA,2025-06-07,9,Strathroy,STRR,2025-06-08T02:16:13Z,2025-06-08T01:39:00Z,ARR,bad,37.0
87,True,True,TORONTO,SARNIA,2025-06-07,10,Wyoming,WYOM,2025-06-08T02:47:03Z,2025-06-08T02:07:00Z,ARR,bad,40.0
87,True,True,TORONTO,SARNIA,2025-06-07,11,Sarnia,SARN,2025-06-08T03:07:14Z,2025-06-08T02:24:00Z,ARR,bad,43.0
29,True,True,QUÉBEC,MONTRÉAL,2025-06-07,0,Québec,QBEC,2025-06-07T21:41:00Z,2025-06-07T21:41:00Z,ARR,goo,0.0
29,True,True,QUÉBEC,MONTRÉAL,2025-06-07,1,Ste-Foy,SFOY,2025-06-07T22:08:26Z,2025-06-07T22:06:00Z,ARR,goo,2.0
29,True,True,QUÉBEC,MONTRÉAL,2025-06-07,2,Drummondville,DRMV,2025-06-07T23:43:29Z,2025-06-07T23:42:00Z,ARR,goo,1.0
29,True,True,QUÉBEC,MONTRÉAL,2025-06-07,3,St. Hyacinthe,SHYA,2025-06-08T00:40:41Z,2025-06-08T00:18:00Z,ARR,bad,22.0
29,True,True,QUÉBEC,MONTRÉAL,2025-06-07,4,St. Lambert,SLAM,2025-06-08T01:09:55Z,2025-06-08T00:45:00Z,ARR,bad,24.0
29,True,True,QUÉBEC,MONTRÉAL,2025-06-07,5,Montréal,MTRL,2025-06-08T01:28:04Z,2025-06-08T01:00:00Z,ARR,bad,28.0
59,True,False,OTTAWA,TORONTO,2025-06-07,0,Ottawa,OTTW,2025-06-07T22:03:00Z,2025-06-07T22:03:00Z,ARR,goo,0.0
59,True,False,OTTAWA,TORONTO,2025-06-07,1,Fallowfield,FALL,2025-06-07T22:20:12Z,2025-06-07T22:20:00Z,ARR,goo,0.0
59,True,False,OTTAWA,TORONTO,2025-06-07,2,Smiths Falls,SMTF,2025-06-07T22:47:55Z,2025-06-07T22:51:00Z,ARR,goo,-3.0
59,True,False,OTTAWA,TORONTO,2025-06-07,3,Brockville,BRKV,2025-06-07T23:26:08Z,2025-06-07T23:25:00Z,ARR,goo,1.0
59,True,False,OTTAWA,TORONTO,2025-06-07,4,Kingston,KGON,2025-06-08T00:14:43Z,2025-06-08T00:10:00Z,ARR,goo,4.0
59,True,False,OTTAWA,TORONTO,2025-06-07,5,Belleville,BLVL,2025-06-08T01:02:34Z,2025-06-08T00:51:00Z,ARR,med,11.0
59,True,False,OTTAWA,TORONTO,2025-06-07,6,Trenton Jct.,TRNJ,2025-06-08T01:20:48Z,2025-06-08T01:05:00Z,ARR,bad,15.0
59,True,False,OTTAWA,TORONTO,2025-06-07,7,Cobourg,CBRG,2025-06-08T01:59:28Z,2025-06-08T01:31:00Z,ARR,bad,28.0
59,True,False,OTTAWA,TORONTO,2025-06-07,8,Oshawa,OSHA,2025-06-08T02:42:00Z,2025-06-08T02:05:00Z,ARR,bad,37.0
59,True,False,OTTAWA,TORONTO,2025-06-07,9,Guildwood,GUIL,2025-06-08T03:17:37Z,2025-06-08T02:28:00Z,ARR,bad,49.0
59,True,False,OTTAWA,TORONTO,2025-06-07,10,Toronto,TRTO,2025-06-08T03:36:37Z,2025-06-08T02:48:00Z,14 mins,bad,48.0
78,True,True,WINDSOR,TORONTO,2025-06-07,0,Windsor,WDON,2025-06-07T21:40:00Z,2025-06-07T21:40:00Z,ARR,goo,0.0
78,True,True,WINDSOR,TORONTO,2025-06-07,1,Chatham,CHAT,2025-06-07T22:23:39Z,2025-06-07T22:24:00Z,ARR,goo,0.0
78,True,True,WINDSOR,TORONTO,2025-06-07,2,Glencoe,GLNC,2025-06-07T23:10:26Z,2025-06-07T22:59:00Z,ARR,med,11.0
78,True,True,WINDSOR,TORONTO,2025-06-07,3,London,LNDN,2025-06-07T23:47:58Z,2025-06-07T23:32:00Z,ARR,bad,15.0
78,True,True,WINDSOR,TORONTO,2025-06-07,4,Ingersoll,INGR,2025-06-08T00:13:52Z,2025-06-07T23:57:00Z,ARR,bad,16.0
78,True,True,WINDSOR,TORONTO,2025-06-07,5,Woodstock,WDST,2025-06-08T00:25:38Z,2025-06-08T00:08:00Z,ARR,bad,17.0
78,True,True,WINDSOR,TORONTO,2025-06-07,6,Brantford,BRTF,2025-06-08T00:59:03Z,2025-06-08T00:39:00Z,ARR,bad,20.0
78,True,True,WINDSOR,TORONTO,2025-06-07,7,Aldershot,ALDR,2025-06-08T01:33:09Z,2025-06-08T01:09:00Z,ARR,bad,24.0
78,True,True,WINDSOR,TORONTO,2025-06-07,8,Oakville,OAKV,2025-06-08T01:48:32Z,2025-06-08T01:24:00Z,ARR,bad,24.0
78,True,True,WINDSOR,TORONTO,2025-06-07,9,Toronto,TRTO,2025-06-08T02:15:37Z,2025-06-08T01:50:00Z,ARR,bad,25.0
38,True,True,OTTAWA,MONTRÉAL,2025-06-07,0,Ottawa,OTTW,2025-06-07T21:55:00Z,2025-06-07T21:55:00Z,ARR,goo,0.0
38,True,True,OTTAWA,MONTRÉAL,2025-06-07,1,Casselman,CSLM,2025-06-07T22:20:10Z,2025-06-07T22:26:00Z,ARR,goo,-5.0
38,True,True,OTTAWA,MONTRÉAL,2025-06-07,2,Alexandria,ALEX,2025-06-07T22:44:20Z,2025-06-07T22:49:00Z,ARR,goo,-4.0
38,True,True,OTTAWA,MONTRÉAL,2025-06-07,3,Dorval,DORV,2025-06-07T23:42:02Z,2025-06-07T23:33:00Z,ARR,med,9.0
38,True,True,OTTAWA,MONTRÉAL,2025-06-07,4,Montréal,MTRL,2025-06-08T00:06:03Z,2025-06-07T23:57:00Z,ARR,med,9.0
79,True,False,TORONTO,WINDSOR,2025-06-07,0,Toronto,TRTO,2025-06-08T00:24:38Z,2025-06-07T23:45:00Z,ARR,bad,39.0
79,True,False,TORONTO,WINDSOR,2025-06-07,1,Oakville,OAKV,2025-06-08T00:57:00Z,2025-06-08T00:07:00Z,ARR,bad,50.0
79,True,False,TORONTO,WINDSOR,2025-06-07,2,Aldershot,ALDR,2025-06-08T01:16:46Z,2025-06-08T00:22:00Z,ARR,bad,54.0
79,True,False,TORONTO,WINDSOR,2025-06-07,3,Brantford,BRTF,2025-06-08T01:47:38Z,2025-06-08T00:50:00Z,ARR,bad,57.0
79,True,False,TORONTO,WINDSOR,2025-06-07,4,Woodstock,WDST,2025-06-08T02:18:30Z,2025-06-08T01:17:00Z,ARR,bad,61.0
79,True,False,TORONTO,WINDSOR,2025-06-07,5,Ingersoll,INGR,2025-06-08T02:30:00Z,2025-06-08T01:30:00Z,ARR,bad,60.0
79,True,False,TORONTO,WINDSOR,2025-06-07,6,London,LNDN,2025-06-08T02:54:03Z,2025-06-08T01:52:00Z,ARR,bad,62.0
79,True,False,TORONTO,WINDSOR,2025-06-07,7,Glencoe,GLNC,2025-06-08T03:28:51Z,2025-06-08T02:25:00Z,7 mins,bad,63.0
79,True,False,TORONTO,WINDSOR,2025-06-07,8,Chatham,CHAT,2025-06-08T04:00:51Z,2025-06-08T02:57:00Z,39 mins,bad,63.0
79,True,False,TORONTO,WINDSOR,2025-06-07,9,Windsor,WDON,2025-06-08T04:47:51Z,2025-06-08T03:44:00Z,1h26,bad,63.0
