train_id,departed,arrived,from,to,instance,stop_id,station,code,estimated,scheduled,eta,diff,diffMin
1 (04-23),True,True,TORONTO,VANCOUVER,2025-04-23,0,Toronto,TRTO,2025-04-23T13:55:00Z,2025-04-23T13:55:00Z,ARR,goo,0.0
1 (04-23),True,True,TORONTO,VANCOUVER,2025-04-23,1,Washago,WSHG,2025-04-23T16:20:01Z,2025-04-23T16:25:00Z,ARR,goo,-4.0
1 (04-23),True,True,TORONTO,VANCOUVER,2025-04-23,2,South Parry,SPAR,2025-04-23T18:04:44Z,2025-04-23T18:27:00Z,ARR,goo,-22.0
1 (04-23),True,True,TORONTO,VANCOUVER,2025-04-23,3,Sudbury (Jct.),SUDJ,2025-04-23T20:22:51Z,2025-04-23T20:57:00Z,ARR,goo,-34.0
1 (04-23),True,True,TORONTO,VANCOUVER,2025-04-23,4,Capreol,CAPR,2025-04-23T21:19:13Z,2025-04-23T21:22:00Z,ARR,goo,-2.0
1 (04-23),True,True,TORONTO,VANCOUVER,2025-04-23,5,Laforest,LAFO,2025-04-23T23:17:38Z,2025-04-23T22:48:00Z,ARR,bad,29.0
1 (04-23),True,True,TORONTO,VANCOUVER,2025-04-23,6,McKee's Camp,MCKC,2025-04-23T23:30:38Z,2025-04-23T23:01:00Z,ARR,bad,29.0
1 (04-23),True,True,TORONTO,VANCOUVER,2025-04-23,7,Felix,FELX,2025-04-23T23:50:38Z,2025-04-23T23:21:00Z,ARR,bad,29.0
1 (04-23),True,True,TORONTO,VANCOUVER,2025-04-23,8,Ruel,RUEL,2025-04-23T23:57:38Z,2025-04-23T23:28:00Z,ARR,bad,29.0
1 (04-23),True,True,TORONTO,VANCOUVER,2025-04-23,9,Westree,WSTR,2025-04-24T00:04:46Z,2025-04-23T23:45:00Z,ARR,bad,19.0
1 (04-23),True,True,TORONTO,VANCOUVER,2025-04-23,10,Gogama,GOGA,2025-04-24T00:31:15Z,2025-04-24T00:18:00Z,ARR,med,13.0
1 (04-23),True,True,TORONTO,VANCOUVER,2025-04-23,11,Foleyet,FOLE,2025-04-24T02:36:06Z,2025-04-24T02:44:00Z,ARR,goo,-7.0
1 (04-23),True,True,TORONTO,VANCOUVER,2025-04-23,12,Elsas,ELSA,2025-04-24T03:38:41Z,2025-04-24T03:38:00Z,ARR,goo,0.0
1 (04-23),True,True,TORONTO,VANCOUVER,2025-04-23,13,Oba,OBAX,2025-04-24T05:18:19Z,2025-04-24T05:38:00Z,ARR,goo,-19.0
1 (04-23),True,True,TORONTO,VANCOUVER,2025-04-23,14,Hornepayne,HNPN,2025-04-24T06:24:11Z,2025-04-24T06:29:00Z,ARR,goo,-4.0
1 (04-23),True,True,TORONTO,VANCOUVER,2025-04-23,15,Hillsport,HLSP,2025-04-24T08:14:09Z,2025-04-24T08:05:00Z,ARR,med,9.0
1 (04-23),True,True,TORONTO,VANCOUVER,2025-04-23,16,Caramat,CARA,2025-04-24T08:56:56Z,2025-04-24T08:55:00Z,ARR,goo,1.0
1 (04-23),True,True,TORONTO,VANCOUVER,2025-04-23,17,Longlac,LLAC,2025-04-24T09:19:16Z,2025-04-24T09:34:00Z,ARR,goo,-14.0
1 (04-23),True,True,TORONTO,VANCOUVER,2025-04-23,18,Nakina,NAKI,2025-04-24T10:00:00Z,2025-04-24T10:13:00Z,ARR,goo,-13.0
1 (04-23),True,True,TORONTO,VANCOUVER,2025-04-23,19,Auden,AUDN,2025-04-24T11:15:29Z,2025-04-24T11:19:00Z,ARR,goo,-3.0
1 (04-23),True,True,TORONTO,VANCOUVER,2025-04-23,20,Ferland,FERL,2025-04-24T11:56:00Z,2025-04-24T11:56:00Z,ARR,goo,0.0
1 (04-23),True,True,TORONTO,VANCOUVER,2025-04-23,21,Mud River,MUDR,2025-04-24T12:05:00Z,2025-04-24T12:05:00Z,ARR,goo,0.0
1 (04-23),True,True,TORONTO,VANCOUVER,2025-04-23,22,Armstrong,ARMG,2025-04-24T12:22:57Z,2025-04-24T13:17:00Z,ARR,goo,-54.0
1 (04-23),True,True,TORONTO,VANCOUVER,2025-04-23,23,Collins,COLL,2025-04-24T13:00:54Z,2025-04-24T13:47:00Z,ARR,goo,-46.0
1 (04-23),True,True,TORONTO,VANCOUVER,2025-04-23,24,Allanwater Bridge,ALWB,2025-04-24T14:26:00Z,2025-04-24T14:26:00Z,ARR,goo,0.0
1 (04-23),True,True,TORONTO,VANCOUVER,2025-04-23,25,Flindt Landing,FLTL,2025-04-24T14:42:00Z,2025-04-24T14:42:00Z,ARR,goo,0.0
1 (04-23),True,True,TORONTO,VANCOUVER,2025-04-23,26,Savant Lake,SAVL,2025-04-24T14:59:00Z,2025-04-24T14:59:00Z,ARR,goo,0.0
1 (04-23),True,True,TORONTO,VANCOUVER,2025-04-23,27,Sioux Lookout,SLKT,2025-04-24T15:34:10Z,2025-04-24T16:25:00Z,ARR,goo,-50.0
1 (04-23),True,True,TORONTO,VANCOUVER,2025-04-23,28,Richan,RCHN,2025-04-24T18:12:50Z,2025-04-24T18:05:00Z,ARR,med,7.0
1 (04-23),True,True,TORONTO,VANCOUVER,2025-04-23,29,Red Lake Road,RLRX,2025-04-24T19:35:58Z,2025-04-24T18:41:00Z,ARR,bad,54.0
1 (04-23),True,True,TORONTO,VANCOUVER,2025-04-23,30,Canyon,CNYK,2025-04-24T20:20:25Z,2025-04-24T19:10:00Z,ARR,bad,70.0
1 (04-23),True,True,TORONTO,VANCOUVER,2025-04-23,31,Farlane,FARL,2025-04-24T20:52:31Z,2025-04-24T19:47:00Z,ARR,bad,65.0
1 (04-23),True,True,TORONTO,VANCOUVER,2025-04-23,32,Redditt,RDDT,2025-04-24T21:08:12Z,2025-04-24T20:23:00Z,ARR,bad,45.0
1 (04-23),True,True,TORONTO,VANCOUVER,2025-04-23,33,Minaki,MNKI,2025-04-24T21:31:08Z,2025-04-24T20:44:00Z,ARR,bad,47.0
1 (04-23),True,True,TORONTO,VANCOUVER,2025-04-23,34,Ottermere,OTTM,2025-04-24T21:46:58Z,2025-04-24T21:01:00Z,ARR,bad,45.0
1 (04-23),True,True,TORONTO,VANCOUVER,2025-04-23,35,Malachi,MLCH,2025-04-24T21:56:49Z,2025-04-24T21:07:00Z,ARR,bad,49.0
1 (04-23),True,True,TORONTO,VANCOUVER,2025-04-23,36,Copelands Landing,COPE,2025-04-24T21:55:57Z,2025-04-24T21:09:00Z,ARR,bad,46.0
1 (04-23),True,True,TORONTO,VANCOUVER,2025-04-23,37,Rice Lake,RCLK,2025-04-24T22:04:19Z,2025-04-24T21:12:00Z,ARR,bad,52.0
1 (04-23),True,True,TORONTO,VANCOUVER,2025-04-23,38,Winnitoba,WNTB,2025-04-24T22:14:35Z,2025-04-24T21:26:00Z,ARR,bad,48.0
1 (04-23),True,True,TORONTO,VANCOUVER,2025-04-23,39,Ophir,OPHR,2025-04-24T22:12:26Z,2025-04-24T21:31:00Z,ARR,bad,41.0
1 (04-23),True,True,TORONTO,VANCOUVER,2025-04-23,40,Brereton Lake,BRTL,2025-04-24T22:25:11Z,2025-04-24T21:49:00Z,ARR,bad,36.0
1 (04-23),True,True,TORONTO,VANCOUVER,2025-04-23,41,Elma,ELMA,2025-04-24T22:41:49Z,2025-04-24T22:10:00Z,ARR,bad,31.0
1 (04-23),True,True,TORONTO,VANCOUVER,2025-04-23,42,Winnipeg,WNPG,2025-04-25T00:21:35Z,2025-04-25T00:30:00Z,ARR,goo,-8.0
1 (04-23),True,True,TORONTO,VANCOUVER,2025-04-23,43,Portage La Prairie,PLPX,2025-04-25T04:05:36Z,2025-04-25T04:04:00Z,ARR,goo,1.0
1 (04-23),True,True,TORONTO,VANCOUVER,2025-04-23,44,Rivers,RVRS,2025-04-25T05:55:42Z,2025-04-25T06:31:00Z,ARR,goo,-35.0
1 (04-23),True,True,TORONTO,VANCOUVER,2025-04-23,45,Melville,MELV,2025-04-25T10:00:28Z,2025-04-25T10:54:00Z,ARR,goo,-53.0
1 (04-23),True,True,TORONTO,VANCOUVER,2025-04-23,46,Watrous,WATR,2025-04-25T13:33:43Z,2025-04-25T13:54:00Z,ARR,goo,-20.0
1 (04-23),True,True,TORONTO,VANCOUVER,2025-04-23,47,Saskatoon,SASK,2025-04-25T15:15:48Z,2025-04-25T15:50:00Z,ARR,goo,-34.0
1 (04-23),True,True,TORONTO,VANCOUVER,2025-04-23,48,Biggar,BIGG,2025-04-25T19:29:43Z,2025-04-25T18:29:00Z,ARR,bad,60.0
1 (04-23),True,True,TORONTO,VANCOUVER,2025-04-23,49,Unity,UNIT,2025-04-25T20:46:16Z,2025-04-25T19:44:00Z,ARR,bad,62.0
1 (04-23),True,True,TORONTO,VANCOUVER,2025-04-23,50,Wainwright,WAIN,2025-04-25T22:59:10Z,2025-04-25T22:33:00Z,ARR,bad,26.0
1 (04-23),True,True,TORONTO,VANCOUVER,2025-04-23,51,Viking,VKNG,2025-04-26T00:20:05Z,2025-04-25T23:26:00Z,ARR,bad,54.0
1 (04-23),True,True,TORONTO,VANCOUVER,2025-04-23,52,Edmonton,EDMO,2025-04-26T05:24:15Z,2025-04-26T02:50:00Z,ARR,bad,154.0
1 (04-23),True,True,TORONTO,VANCOUVER,2025-04-23,53,Evansburg,EVAN,2025-04-26T09:18:41Z,2025-04-26T07:29:00Z,ARR,bad,109.0
1 (04-23),True,True,TORONTO,VANCOUVER,2025-04-23,54,Edson,EDSN,2025-04-26T10:56:21Z,2025-04-26T08:52:00Z,ARR,bad,124.0
1 (04-23),True,True,TORONTO,VANCOUVER,2025-04-23,55,Hinton,HINT,2025-04-26T13:21:42Z,2025-04-26T09:58:00Z,ARR,bad,203.0
1 (04-23),True,True,TORONTO,VANCOUVER,2025-04-23,56,Jasper,JASP,2025-04-26T15:23:24Z,2025-04-26T12:30:00Z,ARR,bad,173.0
1 (04-23),True,True,TORONTO,VANCOUVER,2025-04-23,57,Valemount,VLMT,2025-04-26T19:09:18Z,2025-04-26T17:50:00Z,ARR,bad,79.0
1 (04-23),True,True,TORONTO,VANCOUVER,2025-04-23,58,Blue River,BLUE,2025-04-26T21:15:01Z,2025-04-26T20:36:00Z,ARR,bad,39.0
1 (04-23),True,True,TORONTO,VANCOUVER,2025-04-23,59,Clearwater,CLWT,2025-04-26T23:55:20Z,2025-04-26T22:45:00Z,ARR,bad,70.0
1 (04-23),True,True,TORONTO,VANCOUVER,2025-04-23,60,Kamloops North,KAMN,2025-04-27T01:47:55Z,2025-04-27T01:28:00Z,ARR,bad,19.0
1 (04-23),True,True,TORONTO,VANCOUVER,2025-04-23,61,Ashcroft,ASHN,2025-04-27T04:48:29Z,2025-04-27T03:49:00Z,ARR,bad,59.0
1 (04-23),True,True,TORONTO,VANCOUVER,2025-04-23,62,Boston Bar,BBAR,2025-04-27T07:43:58Z,2025-04-27T06:36:00Z,ARR,bad,67.0
1 (04-23),True,True,TORONTO,VANCOUVER,2025-04-23,63,Hope,HOPE,2025-04-27T10:06:45Z,2025-04-27T08:06:00Z,ARR,bad,120.0
1 (04-23),True,True,TORONTO,VANCOUVER,2025-04-23,64,Chilliwack,CHIL,2025-04-27T10:59:15Z,2025-04-27T08:30:00Z,ARR,bad,149.0
1 (04-23),True,True,TORONTO,VANCOUVER,2025-04-23,65,Abbotsford,ABBO,2025-04-27T11:47:35Z,2025-04-27T09:00:00Z,ARR,bad,167.0
1 (04-23),True,True,TORONTO,VANCOUVER,2025-04-23,66,Vancouver,VCVR,2025-04-27T13:50:35Z,2025-04-27T15:00:00Z,ARR,goo,-69.0
2 (04-25),True,False,VANCOUVER,TORONTO,2025-04-25,0,Vancouver,VCVR,2025-04-25T22:00:00Z,2025-04-25T22:00:00Z,ARR,goo,0.0
2 (04-25),True,False,VANCOUVER,TORONTO,2025-04-25,1,Mission Harbour,MSNH,2025-04-25T23:57:32Z,2025-04-25T23:35:00Z,ARR,bad,22.0
2 (04-25),True,False,VANCOUVER,TORONTO,2025-04-25,2,Agassiz,AGAS,2025-04-26T01:52:48Z,2025-04-26T00:03:00Z,ARR,bad,109.0
2 (04-25),True,False,VANCOUVER,TORONTO,2025-04-25,3,Katz,KATZ,2025-04-26T02:15:23Z,2025-04-26T00:17:00Z,ARR,bad,118.0
2 (04-25),True,False,VANCOUVER,TORONTO,2025-04-25,4,North Bend,NBND,2025-04-26T04:08:48Z,2025-04-26T02:46:00Z,ARR,bad,82.0
2 (04-25),True,False,VANCOUVER,TORONTO,2025-04-25,5,Ashcroft,ASHN,2025-04-26T07:32:35Z,2025-04-26T05:32:00Z,ARR,bad,120.0
2 (04-25),True,False,VANCOUVER,TORONTO,2025-04-25,6,Kamloops North,KAMN,2025-04-26T09:11:48Z,2025-04-26T07:17:00Z,ARR,bad,114.0
2 (04-25),True,False,VANCOUVER,TORONTO,2025-04-25,7,Clearwater,CLWT,2025-04-26T12:53:20Z,2025-04-26T09:58:00Z,ARR,bad,175.0
2 (04-25),True,False,VANCOUVER,TORONTO,2025-04-25,8,Blue River,BLUE,2025-04-26T14:50:20Z,2025-04-26T12:11:00Z,ARR,bad,159.0
2 (04-25),True,False,VANCOUVER,TORONTO,2025-04-25,9,Valemount,VLMT,2025-04-26T16:21:24Z,2025-04-26T14:01:00Z,ARR,bad,140.0
2 (04-25),True,False,VANCOUVER,TORONTO,2025-04-25,10,Jasper,JASP,2025-04-26T19:08:02Z,2025-04-26T17:00:00Z,ARR,bad,128.0
2 (04-25),True,False,VANCOUVER,TORONTO,2025-04-25,11,Hinton,HINT,2025-04-26T22:16:46Z,2025-04-26T19:45:00Z,ARR,bad,151.0
2 (04-25),True,False,VANCOUVER,TORONTO,2025-04-25,12,Edson,EDSN,2025-04-26T23:14:04Z,2025-04-26T21:19:00Z,ARR,bad,115.0
2 (04-25),True,False,VANCOUVER,TORONTO,2025-04-25,13,Evansburg,EVAN,2025-04-27T00:32:32Z,2025-04-26T22:28:00Z,ARR,bad,124.0
2 (04-25),True,False,VANCOUVER,TORONTO,2025-04-25,14,Edmonton,EDMO,2025-04-27T01:58:02Z,2025-04-27T00:50:00Z,ARR,bad,68.0
2 (04-25),True,False,VANCOUVER,TORONTO,2025-04-25,15,Viking,VKNG,2025-04-27T08:20:35Z,2025-04-27T03:53:00Z,ARR,bad,267.0
2 (04-25),True,False,VANCOUVER,TORONTO,2025-04-25,16,Wainwright,WAIN,2025-04-27T10:51:15Z,2025-04-27T06:14:00Z,ARR,bad,277.0
2 (04-25),True,False,VANCOUVER,TORONTO,2025-04-25,17,Unity,UNIT,2025-04-27T13:28:37Z,2025-04-27T07:47:00Z,ARR,bad,341.0
2 (04-25),True,False,VANCOUVER,TORONTO,2025-04-25,18,Biggar,BIGG,2025-04-27T14:35:18Z,2025-04-27T09:21:00Z,ARR,bad,314.0
2 (04-25),True,False,VANCOUVER,TORONTO,2025-04-25,19,Saskatoon,SASK,2025-04-27T16:05:23Z,2025-04-27T11:57:00Z,ARR,bad,248.0
2 (04-25),True,False,VANCOUVER,TORONTO,2025-04-25,20,Watrous,WATR,2025-04-27T19:00:03Z,2025-04-27T14:26:00Z,ARR,bad,274.0
2 (04-25),True,False,VANCOUVER,TORONTO,2025-04-25,21,Melville,MELV,2025-04-27T22:12:50Z,2025-04-27T18:47:00Z,ARR,bad,205.0
2 (04-25),True,False,VANCOUVER,TORONTO,2025-04-25,22,Rivers,RVRS,2025-04-28T01:54:05Z,2025-04-27T22:22:00Z,ARR,bad,212.0
2 (04-25),True,False,VANCOUVER,TORONTO,2025-04-25,23,Portage La Prairie,PLPX,2025-04-28T03:40:51Z,2025-04-28T00:15:00Z,ARR,bad,205.0
2 (04-25),True,False,VANCOUVER,TORONTO,2025-04-25,24,Winnipeg,WNPG,2025-04-28T06:23:48Z,2025-04-28T03:00:00Z,2h36,bad,203.0
2 (04-25),True,False,VANCOUVER,TORONTO,2025-04-25,25,Elma,ELMA,2025-04-28T09:00:48Z,2025-04-28T05:37:00Z,5h13,bad,203.0
2 (04-25),True,False,VANCOUVER,TORONTO,2025-04-25,26,Brereton Lake,BRTL,&mdash;,2025-04-28T05:58:00Z,&mdash;,,
2 (04-25),True,False,VANCOUVER,TORONTO,2025-04-25,27,Ophir,OPHR,&mdash;,2025-04-28T06:16:00Z,&mdash;,,
2 (04-25),True,False,VANCOUVER,TORONTO,2025-04-25,28,Winnitoba,WNTB,&mdash;,2025-04-28T06:21:00Z,&mdash;,,
2 (04-25),True,False,VANCOUVER,TORONTO,2025-04-25,29,Rice Lake,RCLK,&mdash;,2025-04-28T06:35:00Z,&mdash;,,
2 (04-25),True,False,VANCOUVER,TORONTO,2025-04-25,30,Copelands Landing,COPE,&mdash;,2025-04-28T06:38:00Z,&mdash;,,
2 (04-25),True,False,VANCOUVER,TORONTO,2025-04-25,31,Malachi,MLCH,&mdash;,2025-04-28T06:40:00Z,&mdash;,,
2 (04-25),True,False,VANCOUVER,TORONTO,2025-04-25,32,Ottermere,OTTM,&mdash;,2025-04-28T06:46:00Z,&mdash;,,
2 (04-25),True,False,VANCOUVER,TORONTO,2025-04-25,33,Minaki,MNKI,&mdash;,2025-04-28T07:03:00Z,&mdash;,,
2 (04-25),True,False,VANCOUVER,TORONTO,2025-04-25,34,Redditt,RDDT,&mdash;,2025-04-28T07:29:00Z,&mdash;,,
2 (04-25),True,False,VANCOUVER,TORONTO,2025-04-25,35,Farlane,FARL,&mdash;,2025-04-28T07:46:00Z,&mdash;,,
2 (04-25),True,False,VANCOUVER,TORONTO,2025-04-25,36,Canyon,CNYK,&mdash;,2025-04-28T08:23:00Z,&mdash;,,
2 (04-25),True,False,VANCOUVER,TORONTO,2025-04-25,37,Red Lake Road,RLRX,&mdash;,2025-04-28T08:51:00Z,&mdash;,,
2 (04-25),True,False,VANCOUVER,TORONTO,2025-04-25,38,Richan,RCHN,&mdash;,2025-04-28T09:28:00Z,&mdash;,,
2 (04-25),True,False,VANCOUVER,TORONTO,2025-04-25,39,Sioux Lookout,SLKT,&mdash;,2025-04-28T11:01:00Z,&mdash;,,
2 (04-25),True,False,VANCOUVER,TORONTO,2025-04-25,40,Savant Lake,SAVL,&mdash;,2025-04-28T13:14:00Z,&mdash;,,
2 (04-25),True,False,VANCOUVER,TORONTO,2025-04-25,41,Flindt Landing,FLTL,&mdash;,2025-04-28T13:31:00Z,&mdash;,,
2 (04-25),True,False,VANCOUVER,TORONTO,2025-04-25,42,Allanwater Bridge,ALWB,&mdash;,2025-04-28T13:46:00Z,&mdash;,,
2 (04-25),True,False,VANCOUVER,TORONTO,2025-04-25,43,Collins,COLL,&mdash;,2025-04-28T14:26:00Z,&mdash;,,
2 (04-25),True,False,VANCOUVER,TORONTO,2025-04-25,44,Armstrong,ARMG,&mdash;,2025-04-28T14:57:00Z,&mdash;,,
2 (04-25),True,False,VANCOUVER,TORONTO,2025-04-25,45,Mud River,MUDR,&mdash;,2025-04-28T15:29:00Z,&mdash;,,
2 (04-25),True,False,VANCOUVER,TORONTO,2025-04-25,46,Ferland,FERL,&mdash;,2025-04-28T15:37:00Z,&mdash;,,
2 (04-25),True,False,VANCOUVER,TORONTO,2025-04-25,47,Auden,AUDN,&mdash;,2025-04-28T16:14:00Z,&mdash;,,
2 (04-25),True,False,VANCOUVER,TORONTO,2025-04-25,48,Nakina,NAKI,&mdash;,2025-04-28T17:20:00Z,&mdash;,,
1 (04-27),True,False,TORONTO,VANCOUVER,2025-04-27,0,Toronto,TRTO,2025-04-27T13:55:00Z,2025-04-27T13:55:00Z,ARR,goo,0.0
1 (04-27),True,False,TORONTO,VANCOUVER,2025-04-27,1,Washago,WSHG,2025-04-27T17:14:33Z,2025-04-27T16:25:00Z,ARR,bad,49.0
1 (04-27),True,False,TORONTO,VANCOUVER,2025-04-27,2,South Parry,SPAR,2025-04-27T19:00:35Z,2025-04-27T18:27:00Z,ARR,bad,33.0
1 (04-27),True,False,TORONTO,VANCOUVER,2025-04-27,3,Sudbury (Jct.),SUDJ,2025-04-27T21:59:24Z,2025-04-27T20:57:00Z,ARR,bad,62.0
1 (04-27),True,False,TORONTO,VANCOUVER,2025-04-27,4,Capreol,CAPR,2025-04-27T22:49:24Z,2025-04-27T21:22:00Z,ARR,bad,87.0
1 (04-27),True,False,TORONTO,VANCOUVER,2025-04-27,5,Laforest,LAFO,2025-04-28T00:02:55Z,2025-04-27T22:48:00Z,ARR,bad,74.0
1 (04-27),True,False,TORONTO,VANCOUVER,2025-04-27,6,McKee's Camp,MCKC,2025-04-28T00:15:55Z,2025-04-27T23:01:00Z,ARR,bad,74.0
1 (04-27),True,False,TORONTO,VANCOUVER,2025-04-27,7,Felix,FELX,2025-04-28T00:35:55Z,2025-04-27T23:21:00Z,ARR,bad,74.0
1 (04-27),True,False,TORONTO,VANCOUVER,2025-04-27,8,Ruel,RUEL,2025-04-28T00:42:55Z,2025-04-27T23:28:00Z,ARR,bad,74.0
1 (04-27),True,False,TORONTO,VANCOUVER,2025-04-27,9,Westree,WSTR,2025-04-28T01:04:15Z,2025-04-27T23:45:00Z,ARR,bad,79.0
1 (04-27),True,False,TORONTO,VANCOUVER,2025-04-27,10,Gogama,GOGA,2025-04-28T01:56:56Z,2025-04-28T00:18:00Z,ARR,bad,98.0
1 (04-27),True,False,TORONTO,VANCOUVER,2025-04-27,11,Foleyet,FOLE,2025-04-28T03:44:44Z,2025-04-28T02:44:00Z,ARR,bad,60.0
1 (04-27),True,False,TORONTO,VANCOUVER,2025-04-27,12,Elsas,ELSA,2025-04-28T04:38:44Z,2025-04-28T03:38:00Z,50 mins,bad,60.0
1 (04-27),True,False,TORONTO,VANCOUVER,2025-04-27,13,Oba,OBAX,2025-04-28T06:38:44Z,2025-04-28T05:38:00Z,2h50,bad,60.0
1 (04-27),True,False,TORONTO,VANCOUVER,2025-04-27,14,Hornepayne,HNPN,&mdash;,2025-04-28T06:29:00Z,&mdash;,,
1 (04-27),True,False,TORONTO,VANCOUVER,2025-04-27,15,Hillsport,HLSP,&mdash;,2025-04-28T08:05:00Z,&mdash;,,
1 (04-27),True,False,TORONTO,VANCOUVER,2025-04-27,16,Caramat,CARA,&mdash;,2025-04-28T08:55:00Z,&mdash;,,
1 (04-27),True,False,TORONTO,VANCOUVER,2025-04-27,17,Longlac,LLAC,&mdash;,2025-04-28T09:34:00Z,&mdash;,,
1 (04-27),True,False,TORONTO,VANCOUVER,2025-04-27,18,Nakina,NAKI,&mdash;,2025-04-28T10:13:00Z,&mdash;,,
1 (04-27),True,False,TORONTO,VANCOUVER,2025-04-27,19,Auden,AUDN,&mdash;,2025-04-28T11:19:00Z,&mdash;,,
1 (04-27),True,False,TORONTO,VANCOUVER,2025-04-27,20,Ferland,FERL,&mdash;,2025-04-28T11:56:00Z,&mdash;,,
1 (04-27),True,False,TORONTO,VANCOUVER,2025-04-27,21,Mud River,MUDR,&mdash;,2025-04-28T12:05:00Z,&mdash;,,
1 (04-27),True,False,TORONTO,VANCOUVER,2025-04-27,22,Armstrong,ARMG,&mdash;,2025-04-28T13:17:00Z,&mdash;,,
1 (04-27),True,False,TORONTO,VANCOUVER,2025-04-27,23,Collins,COLL,&mdash;,2025-04-28T13:47:00Z,&mdash;,,
1 (04-27),True,False,TORONTO,VANCOUVER,2025-04-27,24,Allanwater Bridge,ALWB,&mdash;,2025-04-28T14:26:00Z,&mdash;,,
1 (04-27),True,False,TORONTO,VANCOUVER,2025-04-27,25,Flindt Landing,FLTL,&mdash;,2025-04-28T14:42:00Z,&mdash;,,
1 (04-27),True,False,TORONTO,VANCOUVER,2025-04-27,26,Savant Lake,SAVL,&mdash;,2025-04-28T14:59:00Z,&mdash;,,
1 (04-27),True,False,TORONTO,VANCOUVER,2025-04-27,27,Sioux Lookout,SLKT,&mdash;,2025-04-28T16:25:00Z,&mdash;,,
691,True,True,THE PAS,CHURCHILL,2025-04-25,0,The Pas,TPAS,2025-04-25T07:30:00Z,2025-04-25T07:30:00Z,ARR,goo,0.0
691,True,True,THE PAS,CHURCHILL,2025-04-25,1,Orok,OROK,2025-04-25T08:04:21Z,2025-04-25T08:07:00Z,ARR,goo,-2.0
691,True,True,THE PAS,CHURCHILL,2025-04-25,2,Halcrow,HALC,2025-04-25T08:50:53Z,2025-04-25T09:01:00Z,ARR,goo,-10.0
691,True,True,THE PAS,CHURCHILL,2025-04-25,3,Cormorant,CORM,2025-04-25T08:59:26Z,2025-04-25T09:12:00Z,ARR,goo,-12.0
691,True,True,THE PAS,CHURCHILL,2025-04-25,4,Dering,DERI,2025-04-25T09:20:00Z,2025-04-25T09:20:00Z,ARR,goo,0.0
691,True,True,THE PAS,CHURCHILL,2025-04-25,5,Dyce,DYCE,2025-04-25T09:39:49Z,2025-04-25T09:59:00Z,ARR,goo,-19.0
691,True,True,THE PAS,CHURCHILL,2025-04-25,6,Wekusko,WEKU,2025-04-25T10:18:41Z,2025-04-25T10:43:00Z,ARR,goo,-24.0
691,True,True,THE PAS,CHURCHILL,2025-04-25,7,Turnbull,TURN,2025-04-25T10:40:51Z,2025-04-25T11:10:00Z,ARR,goo,-29.0
691,True,True,THE PAS,CHURCHILL,2025-04-25,8,Ponton,PNTN,2025-04-25T11:08:36Z,2025-04-25T11:42:00Z,ARR,goo,-33.0
691,True,True,THE PAS,CHURCHILL,2025-04-25,9,Pipun,PIPN,2025-04-25T11:55:38Z,2025-04-25T12:25:00Z,ARR,goo,-29.0
691,True,True,THE PAS,CHURCHILL,2025-04-25,10,Wabowden,WBDN,2025-04-25T12:09:23Z,2025-04-25T12:48:00Z,ARR,goo,-38.0
691,True,True,THE PAS,CHURCHILL,2025-04-25,11,Lyddal,LYDD,2025-04-25T13:07:34Z,2025-04-25T13:16:00Z,ARR,goo,-8.0
691,True,True,THE PAS,CHURCHILL,2025-04-25,12,Odhill,ODHI,2025-04-25T13:26:35Z,2025-04-25T13:38:00Z,ARR,goo,-11.0
691,True,True,THE PAS,CHURCHILL,2025-04-25,13,Hockin,HOCK,2025-04-25T14:04:46Z,2025-04-25T14:22:00Z,ARR,goo,-17.0
691,True,True,THE PAS,CHURCHILL,2025-04-25,14,Thicket Portage,THKP,2025-04-25T14:37:00Z,2025-04-25T14:37:00Z,ARR,goo,0.0
691,True,True,THE PAS,CHURCHILL,2025-04-25,15,Leven,LEVN,2025-04-25T14:54:00Z,2025-04-25T14:54:00Z,ARR,goo,0.0
691,True,True,THE PAS,CHURCHILL,2025-04-25,16,Thompson,THOM,2025-04-25T18:10:36Z,2025-04-25T17:00:00Z,ARR,bad,70.0
691,True,True,THE PAS,CHURCHILL,2025-04-25,17,Sipiwesk,SIPI,2025-04-25T23:34:08Z,2025-04-25T23:35:00Z,ARR,goo,0.0
691,True,True,THE PAS,CHURCHILL,2025-04-25,18,Pikwitonei,PIKW,2025-04-26T00:02:00Z,2025-04-26T00:02:00Z,ARR,goo,0.0
691,True,True,THE PAS,CHURCHILL,2025-04-25,19,Bridgar,BRGR,2025-04-26T00:13:00Z,2025-04-26T00:13:00Z,ARR,goo,0.0
691,True,True,THE PAS,CHURCHILL,2025-04-25,20,Pit Siding,PITS,2025-04-26T01:35:00Z,2025-04-26T01:35:00Z,ARR,goo,0.0
691,True,True,THE PAS,CHURCHILL,2025-04-25,21,Ilford,ILFO,2025-04-26T02:55:16Z,2025-04-26T02:36:00Z,ARR,bad,19.0
691,True,True,THE PAS,CHURCHILL,2025-04-25,22,Wivenhoe,WVHO,2025-04-26T04:00:54Z,2025-04-26T03:13:00Z,ARR,bad,47.0
691,True,True,THE PAS,CHURCHILL,2025-04-25,23,Gillam,GILL,2025-04-26T04:57:24Z,2025-04-26T04:00:01Z,ARR,bad,57.0
691,True,True,THE PAS,CHURCHILL,2025-04-25,24,Bird,BIRD,2025-04-26T05:58:53Z,2025-04-26T05:29:00Z,ARR,bad,29.0
691,True,True,THE PAS,CHURCHILL,2025-04-25,25,Amery,AMRY,2025-04-26T06:24:58Z,2025-04-26T05:51:00Z,ARR,bad,33.0
691,True,True,THE PAS,CHURCHILL,2025-04-25,26,Weir River,WEIR,2025-04-26T07:23:01Z,2025-04-26T06:43:00Z,ARR,bad,40.0
691,True,True,THE PAS,CHURCHILL,2025-04-25,27,Thibaudeau,THIB,2025-04-26T08:12:25Z,2025-04-26T08:00:00Z,ARR,med,12.0
691,True,True,THE PAS,CHURCHILL,2025-04-25,28,Herchmer,HERC,2025-04-26T09:38:25Z,2025-04-26T09:26:00Z,ARR,med,12.0
691,True,True,THE PAS,CHURCHILL,2025-04-25,29,O'Day,ODAY,2025-04-26T10:17:25Z,2025-04-26T10:05:00Z,ARR,med,12.0
691,True,True,THE PAS,CHURCHILL,2025-04-25,30,M'Clintock,MCLI,2025-04-26T11:02:25Z,2025-04-26T10:50:00Z,ARR,med,12.0
691,True,True,THE PAS,CHURCHILL,2025-04-25,31,Chesnaye,CHES,2025-04-26T12:18:25Z,2025-04-26T12:06:00Z,ARR,med,12.0
691,True,True,THE PAS,CHURCHILL,2025-04-25,32,Tidal,TIDL,2025-04-26T12:28:30Z,2025-04-26T13:37:00Z,ARR,goo,-68.0
691,True,True,THE PAS,CHURCHILL,2025-04-25,33,Churchill,CHUR,2025-04-26T13:20:11Z,2025-04-26T14:00:00Z,ARR,goo,-39.0
692,True,False,CHURCHILL,WINNIPEG,2025-04-26,0,Churchill,CHUR,2025-04-27T01:30:00Z,2025-04-27T01:30:00Z,ARR,goo,0.0
692,True,False,CHURCHILL,WINNIPEG,2025-04-26,1,Tidal,TIDL,2025-04-27T01:57:22Z,2025-04-27T01:52:00Z,ARR,med,5.0
692,True,False,CHURCHILL,WINNIPEG,2025-04-26,2,Chesnaye,CHES,2025-04-27T02:51:44Z,2025-04-27T02:38:00Z,ARR,med,13.0
692,True,False,CHURCHILL,WINNIPEG,2025-04-26,3,M'Clintock,MCLI,2025-04-27T04:07:44Z,2025-04-27T03:54:00Z,ARR,med,13.0
692,True,False,CHURCHILL,WINNIPEG,2025-04-26,4,O'Day,ODAY,2025-04-27T04:52:44Z,2025-04-27T04:39:00Z,ARR,med,13.0
692,True,False,CHURCHILL,WINNIPEG,2025-04-26,5,Herchmer,HERC,2025-04-27T05:31:44Z,2025-04-27T05:18:00Z,ARR,med,13.0
692,True,False,CHURCHILL,WINNIPEG,2025-04-26,6,Thibaudeau,THIB,2025-04-27T06:57:44Z,2025-04-27T06:44:00Z,ARR,med,13.0
692,True,False,CHURCHILL,WINNIPEG,2025-04-26,7,Weir River,WEIR,2025-04-27T07:30:28Z,2025-04-27T07:46:00Z,ARR,goo,-15.0
692,True,False,CHURCHILL,WINNIPEG,2025-04-26,8,Amery,AMRY,2025-04-27T08:06:04Z,2025-04-27T08:37:00Z,ARR,goo,-30.0
692,True,False,CHURCHILL,WINNIPEG,2025-04-26,9,Bird,BIRD,2025-04-27T08:40:07Z,2025-04-27T09:00:00Z,ARR,goo,-19.0
692,True,False,CHURCHILL,WINNIPEG,2025-04-26,10,Gillam,GILL,2025-04-27T09:26:57Z,2025-04-27T10:00:00Z,ARR,goo,-33.0
692,True,False,CHURCHILL,WINNIPEG,2025-04-26,11,Wivenhoe,WVHO,2025-04-27T11:20:23Z,2025-04-27T11:16:00Z,ARR,goo,4.0
692,True,False,CHURCHILL,WINNIPEG,2025-04-26,12,Ilford,ILFO,2025-04-27T12:22:24Z,2025-04-27T11:53:00Z,ARR,bad,29.0
692,True,False,CHURCHILL,WINNIPEG,2025-04-26,13,Pit Siding,PITS,2025-04-27T13:32:04Z,2025-04-27T12:54:00Z,ARR,bad,38.0
692,True,False,CHURCHILL,WINNIPEG,2025-04-26,14,Bridgar,BRGR,2025-04-27T14:54:04Z,2025-04-27T14:16:00Z,ARR,bad,38.0
692,True,False,CHURCHILL,WINNIPEG,2025-04-26,15,Pikwitonei,PIKW,2025-04-27T15:05:04Z,2025-04-27T14:27:00Z,ARR,bad,38.0
692,True,False,CHURCHILL,WINNIPEG,2025-04-26,16,Sipiwesk,SIPI,2025-04-27T15:32:04Z,2025-04-27T14:54:00Z,ARR,bad,38.0
692,True,False,CHURCHILL,WINNIPEG,2025-04-26,17,Thompson,THOM,2025-04-27T18:07:42Z,2025-04-27T16:30:00Z,ARR,bad,97.0
692,True,False,CHURCHILL,WINNIPEG,2025-04-26,18,Leven,LEVN,2025-04-27T22:08:21Z,2025-04-27T21:05:00Z,ARR,bad,63.0
692,True,False,CHURCHILL,WINNIPEG,2025-04-26,19,Thicket Portage,THKP,2025-04-27T22:25:21Z,2025-04-27T21:22:00Z,ARR,bad,63.0
692,True,False,CHURCHILL,WINNIPEG,2025-04-26,20,Hockin,HOCK,2025-04-27T21:53:51Z,2025-04-27T21:37:00Z,ARR,bad,16.0
692,True,False,CHURCHILL,WINNIPEG,2025-04-26,21,Odhill,ODHI,2025-04-27T22:36:42Z,2025-04-27T22:21:00Z,ARR,bad,15.0
692,True,False,CHURCHILL,WINNIPEG,2025-04-26,22,Lyddal,LYDD,2025-04-27T22:55:46Z,2025-04-27T22:43:00Z,ARR,med,12.0
692,True,False,CHURCHILL,WINNIPEG,2025-04-26,23,Wabowden,WBDN,2025-04-27T23:20:58Z,2025-04-27T23:11:00Z,ARR,med,9.0
692,True,False,CHURCHILL,WINNIPEG,2025-04-26,24,Pipun,PIPN,2025-04-27T23:42:05Z,2025-04-27T23:34:00Z,ARR,med,8.0
692,True,False,CHURCHILL,WINNIPEG,2025-04-26,25,Ponton,PNTN,2025-04-28T00:29:09Z,2025-04-28T00:17:00Z,ARR,med,12.0
692,True,False,CHURCHILL,WINNIPEG,2025-04-26,26,Turnbull,TURN,2025-04-28T00:56:54Z,2025-04-28T00:49:00Z,ARR,med,7.0
692,True,False,CHURCHILL,WINNIPEG,2025-04-26,27,Wekusko,WEKU,2025-04-28T01:19:48Z,2025-04-28T01:16:00Z,ARR,goo,3.0
692,True,False,CHURCHILL,WINNIPEG,2025-04-26,28,Dyce,DYCE,2025-04-28T02:00:40Z,2025-04-28T02:00:00Z,ARR,goo,0.0
692,True,False,CHURCHILL,WINNIPEG,2025-04-26,29,Dering,DERI,2025-04-28T02:39:40Z,2025-04-28T02:39:00Z,ARR,goo,0.0
692,True,False,CHURCHILL,WINNIPEG,2025-04-26,30,Cormorant,CORM,2025-04-28T02:47:40Z,2025-04-28T02:47:00Z,ARR,goo,0.0
692,True,False,CHURCHILL,WINNIPEG,2025-04-26,31,Halcrow,HALC,2025-04-28T02:47:53Z,2025-04-28T02:58:00Z,ARR,goo,-10.0
692,True,False,CHURCHILL,WINNIPEG,2025-04-26,32,Orok,OROK,2025-04-28T03:34:27Z,2025-04-28T03:52:00Z,ARR,goo,-17.0
692,True,False,CHURCHILL,WINNIPEG,2025-04-26,33,The Pas,TPAS,2025-04-28T04:05:39Z,2025-04-28T04:30:00Z,17 mins,goo,-24.0
692,True,False,CHURCHILL,WINNIPEG,2025-04-26,34,Hudson Bay,HBAY,2025-04-28T10:27:00Z,2025-04-28T10:27:00Z,6h39,goo,0.0
692,True,False,CHURCHILL,WINNIPEG,2025-04-26,35,Reserve,RSRV,2025-04-28T11:09:00Z,2025-04-28T11:09:00Z,7h21,goo,0.0
692,True,False,CHURCHILL,WINNIPEG,2025-04-26,36,Endeavour,ENDV,2025-04-28T11:55:00Z,2025-04-28T11:55:00Z,8h07,goo,0.0
692,True,False,CHURCHILL,WINNIPEG,2025-04-26,37,Sturgis,STGS,2025-04-28T12:24:00Z,2025-04-28T12:24:00Z,8h36,goo,0.0
692,True,False,CHURCHILL,WINNIPEG,2025-04-26,38,Canora,CANO,2025-04-28T13:08:00Z,2025-04-28T13:08:00Z,9h20,goo,0.0
692,True,False,CHURCHILL,WINNIPEG,2025-04-26,39,Mikado,MIKA,2025-04-28T13:30:00Z,2025-04-28T13:30:00Z,9h42,goo,0.0
692,True,False,CHURCHILL,WINNIPEG,2025-04-26,40,Veregin,VERE,2025-04-28T13:43:00Z,2025-04-28T13:43:00Z,9h55,goo,0.0
692,True,False,CHURCHILL,WINNIPEG,2025-04-26,41,Kamsack,KAMS,2025-04-28T13:58:00Z,2025-04-28T13:58:00Z,10h10,goo,0.0
692,True,False,CHURCHILL,WINNIPEG,2025-04-26,42,Togo,TOGO,2025-04-28T14:37:00Z,2025-04-28T14:37:00Z,10h49,goo,0.0
692,True,False,CHURCHILL,WINNIPEG,2025-04-26,43,Roblin,RBLN,2025-04-28T15:14:00Z,2025-04-28T15:14:00Z,11h26,goo,0.0
692,True,False,CHURCHILL,WINNIPEG,2025-04-26,44,Grandview,GVIE,2025-04-28T16:12:00Z,2025-04-28T16:12:00Z,12h24,goo,0.0
692,True,False,CHURCHILL,WINNIPEG,2025-04-26,45,Gilbert Plains,GLBP,2025-04-28T16:32:00Z,2025-04-28T16:32:00Z,12h44,goo,0.0
692,True,False,CHURCHILL,WINNIPEG,2025-04-26,46,Dauphin,DAUP,2025-04-28T16:56:00Z,2025-04-28T16:56:00Z,13h08,goo,0.0
692,True,False,CHURCHILL,WINNIPEG,2025-04-26,47,Ochre River,OCHR,2025-04-28T17:20:00Z,2025-04-28T17:20:00Z,13h32,goo,0.0
692,True,False,CHURCHILL,WINNIPEG,2025-04-26,48,Laurier,LRIE,2025-04-28T17:38:00Z,2025-04-28T17:38:00Z,13h50,goo,0.0
24,True,True,OTTAWA,QUÉBEC,2025-04-27,0,Ottawa,OTTW,2025-04-27T14:13:06Z,2025-04-27T14:13:00Z,ARR,goo,0.0
24,True,True,OTTAWA,QUÉBEC,2025-04-27,1,Alexandria,ALEX,2025-04-27T15:04:27Z,2025-04-27T15:03:00Z,ARR,goo,1.0
24,True,True,OTTAWA,QUÉBEC,2025-04-27,2,Coteau,COTO,2025-04-27T15:29:22Z,2025-04-27T15:26:00Z,ARR,goo,3.0
24,True,True,OTTAWA,QUÉBEC,2025-04-27,3,Dorval,DORV,2025-04-27T16:10:08Z,2025-04-27T15:50:00Z,ARR,bad,20.0
24,True,True,OTTAWA,QUÉBEC,2025-04-27,4,Montréal,MTRL,2025-04-27T16:40:05Z,2025-04-27T16:15:00Z,ARR,bad,25.0
24,True,True,OTTAWA,QUÉBEC,2025-04-27,5,St. Lambert,SLAM,2025-04-27T17:17:31Z,2025-04-27T16:58:00Z,ARR,bad,19.0
24,True,True,OTTAWA,QUÉBEC,2025-04-27,6,St. Hyacinthe,SHYA,2025-04-27T17:53:15Z,2025-04-27T17:26:00Z,ARR,bad,27.0
24,True,True,OTTAWA,QUÉBEC,2025-04-27,7,Drummondville,DRMV,2025-04-27T18:31:51Z,2025-04-27T17:54:00Z,ARR,bad,37.0
24,True,True,OTTAWA,QUÉBEC,2025-04-27,8,Charny,CHNY,2025-04-27T20:24:12Z,2025-04-27T19:38:00Z,ARR,bad,46.0
24,True,True,OTTAWA,QUÉBEC,2025-04-27,9,Ste-Foy,SFOY,2025-04-27T20:32:59Z,2025-04-27T19:45:00Z,ARR,bad,47.0
24,True,True,OTTAWA,QUÉBEC,2025-04-27,10,Québec,QBEC,2025-04-27T21:03:06Z,2025-04-27T20:12:00Z,ARR,bad,51.0
37,True,True,QUÉBEC,OTTAWA,2025-04-27,0,Québec,QBEC,2025-04-27T16:32:00Z,2025-04-27T16:32:00Z,ARR,goo,0.0
37,True,True,QUÉBEC,OTTAWA,2025-04-27,1,Ste-Foy,SFOY,2025-04-27T16:58:20Z,2025-04-27T16:57:00Z,ARR,goo,1.0
37,True,True,QUÉBEC,OTTAWA,2025-04-27,2,Drummondville,DRMV,2025-04-27T18:50:04Z,2025-04-27T18:44:00Z,ARR,med,6.0
37,True,True,QUÉBEC,OTTAWA,2025-04-27,3,St. Hyacinthe,SHYA,2025-04-27T19:18:48Z,2025-04-27T19:12:00Z,ARR,med,6.0
37,True,True,QUÉBEC,OTTAWA,2025-04-27,4,St. Lambert,SLAM,2025-04-27T19:45:52Z,2025-04-27T19:39:00Z,ARR,med,6.0
37,True,True,QUÉBEC,OTTAWA,2025-04-27,5,Montréal,MTRL,2025-04-27T20:01:23Z,2025-04-27T19:54:00Z,ARR,med,7.0
37,True,True,QUÉBEC,OTTAWA,2025-04-27,6,Dorval,DORV,2025-04-27T20:55:37Z,2025-04-27T20:54:00Z,ARR,goo,1.0
37,True,True,QUÉBEC,OTTAWA,2025-04-27,7,Coteau,COTO,2025-04-27T21:23:01Z,2025-04-27T21:23:00Z,ARR,goo,0.0
37,True,True,QUÉBEC,OTTAWA,2025-04-27,8,Alexandria,ALEX,2025-04-27T21:42:49Z,2025-04-27T21:45:00Z,ARR,goo,-2.0
37,True,True,QUÉBEC,OTTAWA,2025-04-27,9,Ottawa,OTTW,2025-04-27T22:32:17Z,2025-04-27T22:37:00Z,ARR,goo,-4.0
50,True,True,TORONTO,OTTAWA,2025-04-27,0,Toronto,TRTO,2025-04-27T10:32:00Z,2025-04-27T10:32:00Z,ARR,goo,0.0
50,True,True,TORONTO,OTTAWA,2025-04-27,1,Guildwood,GUIL,2025-04-27T10:48:16Z,2025-04-27T10:50:00Z,ARR,goo,-1.0
50,True,True,TORONTO,OTTAWA,2025-04-27,2,Oshawa,OSHA,2025-04-27T11:07:51Z,2025-04-27T11:08:00Z,ARR,goo,0.0
50,True,True,TORONTO,OTTAWA,2025-04-27,3,Cobourg,CBRG,2025-04-27T11:51:48Z,2025-04-27T11:43:00Z,ARR,med,8.0
50,True,True,TORONTO,OTTAWA,2025-04-27,4,Belleville,BLVL,2025-04-27T12:34:21Z,2025-04-27T12:18:00Z,ARR,bad,16.0
50,True,True,TORONTO,OTTAWA,2025-04-27,5,Kingston,KGON,2025-04-27T13:20:54Z,2025-04-27T12:57:00Z,ARR,bad,23.0
50,True,True,TORONTO,OTTAWA,2025-04-27,6,Brockville,BRKV,2025-04-27T14:23:03Z,2025-04-27T13:54:00Z,ARR,bad,29.0
50,True,True,TORONTO,OTTAWA,2025-04-27,7,Smiths Falls,SMTF,2025-04-27T14:52:16Z,2025-04-27T14:29:00Z,ARR,bad,23.0
50,True,True,TORONTO,OTTAWA,2025-04-27,8,Fallowfield,FALL,2025-04-27T15:19:59Z,2025-04-27T15:01:00Z,ARR,bad,18.0
50,True,True,TORONTO,OTTAWA,2025-04-27,9,Ottawa,OTTW,2025-04-27T15:39:14Z,2025-04-27T15:21:00Z,ARR,bad,18.0
52,True,True,TORONTO,OTTAWA,2025-04-27,0,Toronto,TRTO,2025-04-27T12:32:00Z,2025-04-27T12:32:00Z,ARR,goo,0.0
52,True,True,TORONTO,OTTAWA,2025-04-27,1,Guildwood,GUIL,2025-04-27T12:49:33Z,2025-04-27T12:50:00Z,ARR,goo,0.0
52,True,True,TORONTO,OTTAWA,2025-04-27,2,Oshawa,OSHA,2025-04-27T13:13:44Z,2025-04-27T13:09:00Z,ARR,goo,4.0
52,True,True,TORONTO,OTTAWA,2025-04-27,3,Cobourg,CBRG,2025-04-27T13:50:15Z,2025-04-27T13:44:00Z,ARR,med,6.0
52,True,True,TORONTO,OTTAWA,2025-04-27,4,Belleville,BLVL,2025-04-27T14:24:46Z,2025-04-27T14:20:00Z,ARR,goo,4.0
52,True,True,TORONTO,OTTAWA,2025-04-27,5,Kingston,KGON,2025-04-27T15:05:36Z,2025-04-27T15:00:00Z,ARR,med,5.0
52,True,True,TORONTO,OTTAWA,2025-04-27,6,Brockville,BRKV,2025-04-27T16:02:24Z,2025-04-27T15:57:00Z,ARR,med,5.0
52,True,True,TORONTO,OTTAWA,2025-04-27,7,Smiths Falls,SMTF,2025-04-27T16:42:16Z,2025-04-27T16:35:00Z,ARR,med,7.0
52,True,True,TORONTO,OTTAWA,2025-04-27,8,Fallowfield,FALL,2025-04-27T17:09:25Z,2025-04-27T17:11:00Z,ARR,goo,-1.0
52,True,True,TORONTO,OTTAWA,2025-04-27,9,Ottawa,OTTW,2025-04-27T17:28:10Z,2025-04-27T17:32:00Z,ARR,goo,-3.0
53,True,True,OTTAWA,TORONTO,2025-04-27,0,Ottawa,OTTW,2025-04-27T15:43:00Z,2025-04-27T15:43:00Z,ARR,goo,0.0
53,True,True,OTTAWA,TORONTO,2025-04-27,1,Fallowfield,FALL,2025-04-27T15:58:50Z,2025-04-27T16:00:00Z,ARR,goo,-1.0
53,True,True,OTTAWA,TORONTO,2025-04-27,2,Brockville,BRKV,2025-04-27T17:11:48Z,2025-04-27T17:01:00Z,ARR,med,10.0
53,True,True,OTTAWA,TORONTO,2025-04-27,3,Gananoque,GANA,2025-04-27T17:44:46Z,2025-04-27T17:31:00Z,ARR,med,13.0
53,True,True,OTTAWA,TORONTO,2025-04-27,4,Kingston,KGON,2025-04-27T18:06:38Z,2025-04-27T17:54:00Z,ARR,med,12.0
53,True,True,OTTAWA,TORONTO,2025-04-27,5,Belleville,BLVL,2025-04-27T19:01:17Z,2025-04-27T18:36:00Z,ARR,bad,25.0
53,True,True,OTTAWA,TORONTO,2025-04-27,6,Cobourg,CBRG,2025-04-27T19:45:04Z,2025-04-27T19:12:00Z,ARR,bad,33.0
53,True,True,OTTAWA,TORONTO,2025-04-27,7,Oshawa,OSHA,2025-04-27T20:29:04Z,2025-04-27T19:48:00Z,ARR,bad,41.0
53,True,True,OTTAWA,TORONTO,2025-04-27,8,Toronto,TRTO,2025-04-27T21:20:00Z,2025-04-27T20:33:00Z,ARR,bad,47.0
64,True,True,TORONTO,MONTRÉAL,2025-04-27,0,Toronto,TRTO,2025-04-27T15:37:27Z,2025-04-27T15:37:00Z,ARR,goo,0.0
64,True,True,TORONTO,MONTRÉAL,2025-04-27,1,Guildwood,GUIL,2025-04-27T15:54:30Z,2025-04-27T15:55:00Z,ARR,goo,0.0
64,True,True,TORONTO,MONTRÉAL,2025-04-27,2,Oshawa,OSHA,2025-04-27T16:13:40Z,2025-04-27T16:09:00Z,ARR,goo,4.0
64,True,True,TORONTO,MONTRÉAL,2025-04-27,3,Cobourg,CBRG,2025-04-27T16:47:26Z,2025-04-27T16:46:00Z,ARR,goo,1.0
64,True,True,TORONTO,MONTRÉAL,2025-04-27,4,Belleville,BLVL,2025-04-27T17:27:01Z,2025-04-27T17:22:00Z,ARR,med,5.0
64,True,True,TORONTO,MONTRÉAL,2025-04-27,5,Kingston,KGON,2025-04-27T18:10:23Z,2025-04-27T18:03:00Z,ARR,med,7.0
64,True,True,TORONTO,MONTRÉAL,2025-04-27,6,Brockville,BRKV,2025-04-27T18:59:58Z,2025-04-27T18:52:00Z,ARR,med,7.0
64,True,True,TORONTO,MONTRÉAL,2025-04-27,7,Cornwall,CWLL,2025-04-27T19:47:21Z,2025-04-27T19:42:00Z,ARR,med,5.0
64,True,True,TORONTO,MONTRÉAL,2025-04-27,8,Dorval,DORV,2025-04-27T20:37:44Z,2025-04-27T20:37:00Z,ARR,goo,0.0
64,True,True,TORONTO,MONTRÉAL,2025-04-27,9,Montréal,MTRL,2025-04-27T21:05:07Z,2025-04-27T21:05:00Z,ARR,goo,0.0
65,True,True,MONTRÉAL,TORONTO,2025-04-27,0,Montréal,MTRL,2025-04-27T14:49:00Z,2025-04-27T14:49:00Z,ARR,goo,0.0
65,True,True,MONTRÉAL,TORONTO,2025-04-27,1,Dorval,DORV,2025-04-27T15:13:18Z,2025-04-27T15:12:00Z,ARR,goo,1.0
65,True,True,MONTRÉAL,TORONTO,2025-04-27,2,Cornwall,CWLL,2025-04-27T16:10:37Z,2025-04-27T16:06:00Z,ARR,goo,4.0
65,True,True,MONTRÉAL,TORONTO,2025-04-27,3,Kingston,KGON,2025-04-27T17:39:56Z,2025-04-27T17:36:00Z,ARR,goo,3.0
65,True,True,MONTRÉAL,TORONTO,2025-04-27,4,Belleville,BLVL,2025-04-27T18:23:41Z,2025-04-27T18:20:00Z,ARR,goo,3.0
65,True,True,MONTRÉAL,TORONTO,2025-04-27,5,Cobourg,CBRG,2025-04-27T18:58:26Z,2025-04-27T18:58:00Z,ARR,goo,0.0
65,True,True,MONTRÉAL,TORONTO,2025-04-27,6,Oshawa,OSHA,2025-04-27T19:32:28Z,2025-04-27T19:34:00Z,ARR,goo,-1.0
65,True,True,MONTRÉAL,TORONTO,2025-04-27,7,Toronto,TRTO,2025-04-27T20:20:12Z,2025-04-27T20:18:00Z,ARR,goo,2.0
67,True,True,MONTRÉAL,TORONTO,2025-04-27,0,Montréal,MTRL,2025-04-27T17:22:00Z,2025-04-27T17:22:00Z,ARR,goo,0.0
67,True,True,MONTRÉAL,TORONTO,2025-04-27,1,Dorval,DORV,2025-04-27T17:44:50Z,2025-04-27T17:47:00Z,ARR,goo,-2.0
67,True,True,MONTRÉAL,TORONTO,2025-04-27,2,Cornwall,CWLL,2025-04-27T18:41:03Z,2025-04-27T18:38:00Z,ARR,goo,3.0
67,True,True,MONTRÉAL,TORONTO,2025-04-27,3,Kingston,KGON,2025-04-27T20:04:24Z,2025-04-27T20:03:00Z,ARR,goo,1.0
67,True,True,MONTRÉAL,TORONTO,2025-04-27,4,Belleville,BLVL,2025-04-27T20:44:58Z,2025-04-27T20:42:00Z,ARR,goo,2.0
67,True,True,MONTRÉAL,TORONTO,2025-04-27,5,Cobourg,CBRG,2025-04-27T21:20:15Z,2025-04-27T21:17:00Z,ARR,goo,3.0
67,True,True,MONTRÉAL,TORONTO,2025-04-27,6,Oshawa,OSHA,2025-04-27T21:59:10Z,2025-04-27T21:50:00Z,ARR,med,9.0
67,True,True,MONTRÉAL,TORONTO,2025-04-27,7,Toronto,TRTO,2025-04-27T22:47:06Z,2025-04-27T22:45:00Z,ARR,goo,2.0
70,True,True,WINDSOR,TORONTO,2025-04-27,0,Windsor,WDON,2025-04-27T09:35:07Z,2025-04-27T09:35:00Z,ARR,goo,0.0
70,True,True,WINDSOR,TORONTO,2025-04-27,1,Chatham,CHAT,2025-04-27T10:19:00Z,2025-04-27T10:19:00Z,ARR,goo,0.0
70,True,True,WINDSOR,TORONTO,2025-04-27,2,London,LNDN,2025-04-27T11:37:26Z,2025-04-27T11:25:00Z,ARR,med,12.0
70,True,True,WINDSOR,TORONTO,2025-04-27,3,Ingersoll,INGR,2025-04-27T12:03:49Z,2025-04-27T11:55:00Z,ARR,med,8.0
70,True,True,WINDSOR,TORONTO,2025-04-27,4,Woodstock,WDST,2025-04-27T12:15:41Z,2025-04-27T12:08:00Z,ARR,med,7.0
70,True,True,WINDSOR,TORONTO,2025-04-27,5,Brantford,BRTF,2025-04-27T12:48:26Z,2025-04-27T12:44:00Z,ARR,goo,4.0
70,True,True,WINDSOR,TORONTO,2025-04-27,6,Aldershot,ALDR,2025-04-27T13:18:52Z,2025-04-27T13:25:00Z,ARR,goo,-6.0
70,True,True,WINDSOR,TORONTO,2025-04-27,7,Oakville,OAKV,2025-04-27T13:44:23Z,2025-04-27T13:43:00Z,ARR,goo,1.0
70,True,True,WINDSOR,TORONTO,2025-04-27,8,Toronto,TRTO,2025-04-27T14:09:06Z,2025-04-27T14:10:00Z,ARR,goo,0.0
71,True,True,TORONTO,WINDSOR,2025-04-27,0,Toronto,TRTO,2025-04-27T10:50:00Z,2025-04-27T10:50:00Z,ARR,goo,0.0
71,True,True,TORONTO,WINDSOR,2025-04-27,1,Oakville,OAKV,2025-04-27T11:29:33Z,2025-04-27T11:13:00Z,ARR,bad,16.0
71,True,True,TORONTO,WINDSOR,2025-04-27,2,Aldershot,ALDR,2025-04-27T11:47:28Z,2025-04-27T11:29:00Z,ARR,bad,18.0
71,True,True,TORONTO,WINDSOR,2025-04-27,3,Brantford,BRTF,2025-04-27T12:18:16Z,2025-04-27T11:55:00Z,ARR,bad,23.0
71,True,True,TORONTO,WINDSOR,2025-04-27,4,Woodstock,WDST,2025-04-27T12:47:44Z,2025-04-27T12:30:00Z,ARR,bad,17.0
71,True,True,TORONTO,WINDSOR,2025-04-27,5,Ingersoll,INGR,2025-04-27T12:59:04Z,2025-04-27T12:43:00Z,ARR,bad,16.0
71,True,True,TORONTO,WINDSOR,2025-04-27,6,London,LNDN,2025-04-27T13:23:17Z,2025-04-27T13:06:00Z,ARR,bad,17.0
71,True,True,TORONTO,WINDSOR,2025-04-27,7,Glencoe,GLNC,2025-04-27T13:57:30Z,2025-04-27T13:39:00Z,ARR,bad,18.0
71,True,True,TORONTO,WINDSOR,2025-04-27,8,Chatham,CHAT,2025-04-27T14:42:20Z,2025-04-27T14:18:00Z,ARR,bad,24.0
71,True,True,TORONTO,WINDSOR,2025-04-27,9,Windsor,WDON,2025-04-27T15:25:36Z,2025-04-27T15:08:00Z,ARR,bad,17.0
72,True,True,WINDSOR,TORONTO,2025-04-27,0,Windsor,WDON,2025-04-27T12:43:09Z,2025-04-27T12:43:00Z,ARR,goo,0.0
72,True,True,WINDSOR,TORONTO,2025-04-27,1,Chatham,CHAT,2025-04-27T13:23:39Z,2025-04-27T13:25:00Z,ARR,goo,-1.0
72,True,True,WINDSOR,TORONTO,2025-04-27,2,Glencoe,GLNC,2025-04-27T14:12:04Z,2025-04-27T14:05:00Z,ARR,med,7.0
72,True,True,WINDSOR,TORONTO,2025-04-27,3,London,LNDN,2025-04-27T14:43:08Z,2025-04-27T14:39:00Z,ARR,goo,4.0
72,True,True,WINDSOR,TORONTO,2025-04-27,4,Ingersoll,INGR,2025-04-27T15:14:14Z,2025-04-27T15:07:00Z,ARR,med,7.0
72,True,True,WINDSOR,TORONTO,2025-04-27,5,Woodstock,WDST,2025-04-27T15:26:13Z,2025-04-27T15:23:00Z,ARR,goo,3.0
72,True,True,WINDSOR,TORONTO,2025-04-27,6,Brantford,BRTF,2025-04-27T15:55:46Z,2025-04-27T15:55:00Z,ARR,goo,0.0
72,True,True,WINDSOR,TORONTO,2025-04-27,7,Aldershot,ALDR,2025-04-27T16:25:43Z,2025-04-27T16:29:00Z,ARR,goo,-3.0
72,True,True,WINDSOR,TORONTO,2025-04-27,8,Oakville,OAKV,2025-04-27T16:44:26Z,2025-04-27T16:45:00Z,ARR,goo,0.0
72,True,True,WINDSOR,TORONTO,2025-04-27,9,Toronto,TRTO,2025-04-27T17:10:24Z,2025-04-27T17:11:00Z,ARR,goo,0.0
73,True,True,TORONTO,WINDSOR,2025-04-27,0,Toronto,TRTO,2025-04-27T15:30:55Z,2025-04-27T15:30:00Z,ARR,goo,0.0
73,True,True,TORONTO,WINDSOR,2025-04-27,1,Oakville,OAKV,2025-04-27T15:54:49Z,2025-04-27T15:51:00Z,ARR,goo,3.0
73,True,True,TORONTO,WINDSOR,2025-04-27,2,Aldershot,ALDR,2025-04-27T16:09:30Z,2025-04-27T16:09:00Z,ARR,goo,0.0
73,True,True,TORONTO,WINDSOR,2025-04-27,3,Brantford,BRTF,2025-04-27T17:10:01Z,2025-04-27T16:40:00Z,ARR,bad,30.0
73,True,True,TORONTO,WINDSOR,2025-04-27,4,Woodstock,WDST,2025-04-27T17:39:10Z,2025-04-27T17:09:00Z,ARR,bad,30.0
73,True,True,TORONTO,WINDSOR,2025-04-27,5,London,LNDN,2025-04-27T18:10:19Z,2025-04-27T17:38:00Z,ARR,bad,32.0
73,True,True,TORONTO,WINDSOR,2025-04-27,6,Chatham,CHAT,2025-04-27T19:26:36Z,2025-04-27T18:50:00Z,ARR,bad,36.0
73,True,True,TORONTO,WINDSOR,2025-04-27,7,Windsor,WDON,2025-04-27T20:13:05Z,2025-04-27T19:45:00Z,ARR,bad,28.0
84,True,True,SARNIA,TORONTO,2025-04-27,0,Sarnia,SARN,2025-04-27T12:40:00Z,2025-04-27T12:40:00Z,ARR,goo,0.0
84,True,True,SARNIA,TORONTO,2025-04-27,1,Wyoming,WYOM,2025-04-27T12:58:15Z,2025-04-27T12:55:00Z,ARR,goo,3.0
84,True,True,SARNIA,TORONTO,2025-04-27,2,Strathroy,STRR,2025-04-27T13:24:33Z,2025-04-27T13:27:00Z,ARR,goo,-2.0
84,True,True,SARNIA,TORONTO,2025-04-27,3,London,LNDN,2025-04-27T13:49:09Z,2025-04-27T13:52:00Z,ARR,goo,-2.0
84,True,True,SARNIA,TORONTO,2025-04-27,4,St.Marys,SMYS,2025-04-27T14:48:35Z,2025-04-27T14:45:00Z,ARR,goo,3.0
84,True,True,SARNIA,TORONTO,2025-04-27,5,Stratford,STRF,2025-04-27T15:28:52Z,2025-04-27T15:14:00Z,ARR,med,14.0
84,True,True,SARNIA,TORONTO,2025-04-27,6,Kitchener,KITC,2025-04-27T16:15:33Z,2025-04-27T16:02:00Z,ARR,med,13.0
84,True,True,SARNIA,TORONTO,2025-04-27,7,Guelph,GUEL,2025-04-27T16:36:45Z,2025-04-27T16:24:00Z,ARR,med,12.0
84,True,True,SARNIA,TORONTO,2025-04-27,8,Georgetown,GEOR,2025-04-27T16:59:43Z,2025-04-27T16:47:00Z,ARR,med,12.0
84,True,True,SARNIA,TORONTO,2025-04-27,9,Brampton,BRMP,2025-04-27T17:10:54Z,2025-04-27T16:59:00Z,ARR,med,11.0
84,True,True,SARNIA,TORONTO,2025-04-27,10,Malton,MALT,2025-04-27T17:24:20Z,2025-04-27T17:11:00Z,ARR,med,13.0
84,True,True,SARNIA,TORONTO,2025-04-27,11,Toronto,TRTO,2025-04-27T17:47:10Z,2025-04-27T17:38:00Z,ARR,med,9.0
643,True,True,OTTAWA,TORONTO,2025-04-27,0,Ottawa,OTTW,2025-04-27T12:29:38Z,2025-04-27T12:29:00Z,ARR,goo,0.0
643,True,True,OTTAWA,TORONTO,2025-04-27,1,Fallowfield,FALL,2025-04-27T12:46:46Z,2025-04-27T12:45:00Z,ARR,goo,1.0
643,True,True,OTTAWA,TORONTO,2025-04-27,2,Smiths Falls,SMTF,2025-04-27T13:18:11Z,2025-04-27T13:17:00Z,ARR,goo,1.0
643,True,True,OTTAWA,TORONTO,2025-04-27,3,Brockville,BRKV,2025-04-27T13:50:40Z,2025-04-27T13:49:00Z,ARR,goo,1.0
643,True,True,OTTAWA,TORONTO,2025-04-27,4,Kingston,KGON,2025-04-27T14:34:58Z,2025-04-27T14:32:00Z,ARR,goo,2.0
643,True,True,OTTAWA,TORONTO,2025-04-27,5,Napanee,NAPN,2025-04-27T14:57:06Z,2025-04-27T14:57:00Z,ARR,goo,0.0
643,True,True,OTTAWA,TORONTO,2025-04-27,6,Belleville,BLVL,2025-04-27T15:17:34Z,2025-04-27T15:17:00Z,ARR,goo,0.0
643,True,True,OTTAWA,TORONTO,2025-04-27,7,Trenton Jct.,TRNJ,2025-04-27T15:30:31Z,2025-04-27T15:31:00Z,ARR,goo,0.0
643,True,True,OTTAWA,TORONTO,2025-04-27,8,Cobourg,CBRG,2025-04-27T15:55:38Z,2025-04-27T15:57:00Z,ARR,goo,-1.0
643,True,True,OTTAWA,TORONTO,2025-04-27,9,Port Hope,PHOP,2025-04-27T16:05:57Z,2025-04-27T16:07:00Z,ARR,goo,-1.0
643,True,True,OTTAWA,TORONTO,2025-04-27,10,Oshawa,OSHA,2025-04-27T16:33:10Z,2025-04-27T16:35:00Z,ARR,goo,-1.0
643,True,True,OTTAWA,TORONTO,2025-04-27,11,Guildwood,GUIL,2025-04-27T16:56:40Z,2025-04-27T16:58:00Z,ARR,goo,-1.0
643,True,True,OTTAWA,TORONTO,2025-04-27,12,Toronto,TRTO,2025-04-27T17:20:11Z,2025-04-27T17:18:00Z,ARR,goo,2.0
62,True,True,TORONTO,MONTRÉAL,2025-04-27,0,Toronto,TRTO,2025-04-27T12:32:00Z,2025-04-27T12:32:00Z,ARR,goo,0.0
62,True,True,TORONTO,MONTRÉAL,2025-04-27,1,Guildwood,GUIL,2025-04-27T12:49:37Z,2025-04-27T12:50:00Z,ARR,goo,0.0
62,True,True,TORONTO,MONTRÉAL,2025-04-27,2,Oshawa,OSHA,2025-04-27T13:13:40Z,2025-04-27T13:09:00Z,ARR,goo,4.0
62,True,True,TORONTO,MONTRÉAL,2025-04-27,3,Cobourg,CBRG,2025-04-27T13:50:11Z,2025-04-27T13:44:00Z,ARR,med,6.0
62,True,True,TORONTO,MONTRÉAL,2025-04-27,4,Belleville,BLVL,2025-04-27T14:24:40Z,2025-04-27T14:20:00Z,ARR,goo,4.0
62,True,True,TORONTO,MONTRÉAL,2025-04-27,5,Kingston,KGON,2025-04-27T15:05:32Z,2025-04-27T15:00:00Z,ARR,med,5.0
62,True,True,TORONTO,MONTRÉAL,2025-04-27,6,Cornwall,CWLL,2025-04-27T16:55:55Z,2025-04-27T16:43:00Z,ARR,med,12.0
62,True,True,TORONTO,MONTRÉAL,2025-04-27,7,Dorval,DORV,2025-04-27T17:59:51Z,2025-04-27T17:34:00Z,ARR,bad,25.0
62,True,True,TORONTO,MONTRÉAL,2025-04-27,8,Montréal,MTRL,2025-04-27T18:29:12Z,2025-04-27T18:00:00Z,ARR,bad,29.0
97,True,True,TORONTO,NIAGARA FALLS,2025-04-27,0,Toronto,TRTO,2025-04-27T12:20:00Z,2025-04-27T12:20:00Z,ARR,goo,0.0
97,True,True,TORONTO,NIAGARA FALLS,2025-04-27,1,Oakville,OAKV,2025-04-27T12:43:00Z,2025-04-27T12:43:00Z,ARR,goo,0.0
97,True,True,TORONTO,NIAGARA FALLS,2025-04-27,2,Aldershot,ALDR,2025-04-27T12:56:00Z,2025-04-27T12:56:00Z,ARR,goo,0.0
97,True,True,TORONTO,NIAGARA FALLS,2025-04-27,3,Grimsby,GRIM,2025-04-27T13:37:00Z,2025-04-27T13:37:00Z,ARR,goo,0.0
97,True,True,TORONTO,NIAGARA FALLS,2025-04-27,4,St. Catharines,SCAT,2025-04-27T13:57:00Z,2025-04-27T13:57:00Z,ARR,goo,0.0
97,True,True,TORONTO,NIAGARA FALLS,2025-04-27,5,Niagara Falls,NIAG,2025-04-27T14:20:00Z,2025-04-27T14:20:00Z,ARR,goo,0.0
622,True,True,MONTRÉAL,QUÉBEC,2025-04-27,0,Montréal,MTRL,2025-04-27T12:20:00Z,2025-04-27T12:20:00Z,ARR,goo,0.0
622,True,True,MONTRÉAL,QUÉBEC,2025-04-27,1,St. Lambert,SLAM,2025-04-27T12:33:54Z,2025-04-27T12:33:00Z,ARR,goo,0.0
622,True,True,MONTRÉAL,QUÉBEC,2025-04-27,2,St. Hyacinthe,SHYA,2025-04-27T13:01:08Z,2025-04-27T13:00:00Z,ARR,goo,1.0
622,True,True,MONTRÉAL,QUÉBEC,2025-04-27,3,Drummondville,DRMV,2025-04-27T13:31:29Z,2025-04-27T13:29:00Z,ARR,goo,2.0
622,True,True,MONTRÉAL,QUÉBEC,2025-04-27,4,Ste-Foy,SFOY,2025-04-27T15:04:57Z,2025-04-27T15:11:00Z,ARR,goo,-6.0
622,True,True,MONTRÉAL,QUÉBEC,2025-04-27,5,Québec,QBEC,2025-04-27T15:31:52Z,2025-04-27T15:39:00Z,ARR,goo,-7.0
43,True,True,OTTAWA,TORONTO,2025-04-27,0,Ottawa,OTTW,2025-04-27T13:35:15Z,2025-04-27T13:35:00Z,ARR,goo,0.0
43,True,True,OTTAWA,TORONTO,2025-04-27,1,Fallowfield,FALL,2025-04-27T13:51:04Z,2025-04-27T13:52:00Z,ARR,goo,0.0
43,True,True,OTTAWA,TORONTO,2025-04-27,2,Kingston,KGON,2025-04-27T15:49:03Z,2025-04-27T15:31:00Z,ARR,bad,18.0
43,True,True,OTTAWA,TORONTO,2025-04-27,3,Guildwood,GUIL,2025-04-27T18:11:19Z,2025-04-27T17:28:00Z,ARR,bad,43.0
43,True,True,OTTAWA,TORONTO,2025-04-27,4,Toronto,TRTO,2025-04-27T18:43:27Z,2025-04-27T17:48:00Z,ARR,bad,55.0
633,True,True,MONTRÉAL,OTTAWA,2025-04-27,0,Montréal,MTRL,2025-04-27T13:00:00Z,2025-04-27T13:00:00Z,ARR,goo,0.0
633,True,True,MONTRÉAL,OTTAWA,2025-04-27,1,Dorval,DORV,2025-04-27T13:36:17Z,2025-04-27T13:24:00Z,ARR,med,12.0
633,True,True,MONTRÉAL,OTTAWA,2025-04-27,2,Alexandria,ALEX,2025-04-27T14:31:40Z,2025-04-27T14:11:00Z,ARR,bad,20.0
633,True,True,MONTRÉAL,OTTAWA,2025-04-27,3,Casselman,CSLM,2025-04-27T15:00:23Z,2025-04-27T14:34:00Z,ARR,bad,26.0
633,True,True,MONTRÉAL,OTTAWA,2025-04-27,4,Ottawa,OTTW,2025-04-27T15:26:46Z,2025-04-27T15:05:00Z,ARR,bad,21.0
45,True,True,OTTAWA,TORONTO,2025-04-27,0,Ottawa,OTTW,2025-04-27T14:24:00Z,2025-04-27T14:24:00Z,ARR,goo,0.0
45,True,True,OTTAWA,TORONTO,2025-04-27,1,Fallowfield,FALL,2025-04-27T14:40:00Z,2025-04-27T14:40:00Z,ARR,goo,0.0
45,True,True,OTTAWA,TORONTO,2025-04-27,2,Kingston,KGON,2025-04-27T16:28:35Z,2025-04-27T16:26:00Z,ARR,goo,2.0
45,True,True,OTTAWA,TORONTO,2025-04-27,3,Toronto,TRTO,2025-04-27T19:14:25Z,2025-04-27T18:48:00Z,ARR,bad,26.0
15,True,False,HALIFAX,MONTRÉAL,2025-04-27,0,Halifax,HLFX,2025-04-27T14:30:00Z,2025-04-27T14:30:00Z,ARR,goo,0.0
15,True,False,HALIFAX,MONTRÉAL,2025-04-27,1,Truro,TRUR,2025-04-27T15:54:54Z,2025-04-27T15:56:00Z,ARR,goo,-1.0
15,True,False,HALIFAX,MONTRÉAL,2025-04-27,2,Springhill Jct,SPRJ,2025-04-27T17:10:16Z,2025-04-27T17:12:00Z,ARR,goo,-1.0
15,True,False,HALIFAX,MONTRÉAL,2025-04-27,3,Amherst,AMHS,2025-04-27T17:30:55Z,2025-04-27T17:35:00Z,ARR,goo,-4.0
15,True,False,HALIFAX,MONTRÉAL,2025-04-27,4,Sackville,SACK,2025-04-27T17:45:45Z,2025-04-27T17:52:00Z,ARR,goo,-6.0
15,True,False,HALIFAX,MONTRÉAL,2025-04-27,5,Moncton,MCTN,2025-04-27T18:32:37Z,2025-04-27T18:47:00Z,ARR,goo,-14.0
15,True,False,HALIFAX,MONTRÉAL,2025-04-27,6,Rogersville,RGRV,2025-04-27T20:07:50Z,2025-04-27T20:01:00Z,ARR,med,6.0
15,True,False,HALIFAX,MONTRÉAL,2025-04-27,7,Miramichi,MIRA,2025-04-27T20:56:22Z,2025-04-27T20:52:00Z,ARR,goo,4.0
15,True,False,HALIFAX,MONTRÉAL,2025-04-27,8,Bathurst,BTRS,2025-04-27T22:35:07Z,2025-04-27T22:48:00Z,ARR,goo,-12.0
15,True,False,HALIFAX,MONTRÉAL,2025-04-27,9,Petit Rocher,PROC,2025-04-27T23:15:16Z,2025-04-27T23:17:00Z,ARR,goo,-1.0
15,True,False,HALIFAX,MONTRÉAL,2025-04-27,10,Jacquet River,JACR,2025-04-27T23:39:54Z,2025-04-27T23:40:01Z,ARR,goo,0.0
15,True,False,HALIFAX,MONTRÉAL,2025-04-27,11,Charlo,CHLO,2025-04-28T00:13:53Z,2025-04-28T00:04:00Z,ARR,med,9.0
15,True,False,HALIFAX,MONTRÉAL,2025-04-27,12,Campbellton,CBTN,2025-04-28T01:03:17Z,2025-04-28T01:08:00Z,ARR,goo,-4.0
15,True,False,HALIFAX,MONTRÉAL,2025-04-27,13,Matapedia,MTPD,2025-04-28T01:45:12Z,2025-04-28T01:50:00Z,ARR,goo,-4.0
15,True,False,HALIFAX,MONTRÉAL,2025-04-27,14,Causapscal,CAUS,2025-04-28T02:45:46Z,2025-04-28T02:39:00Z,ARR,med,6.0
15,True,False,HALIFAX,MONTRÉAL,2025-04-27,15,Amqui,AMQU,2025-04-28T03:11:15Z,2025-04-28T02:59:00Z,ARR,med,12.0
15,True,False,HALIFAX,MONTRÉAL,2025-04-27,16,Sayabec,SAYA,2025-04-28T03:41:29Z,2025-04-28T03:21:00Z,ARR,bad,20.0
15,True,False,HALIFAX,MONTRÉAL,2025-04-27,17,Mont-Joli,MJLI,2025-04-28T05:10:17Z,2025-04-28T04:51:00Z,1h22,bad,19.0
15,True,False,HALIFAX,MONTRÉAL,2025-04-27,18,Rimouski,RMSK,2025-04-28T05:43:17Z,2025-04-28T05:24:00Z,1h55,bad,19.0
15,True,False,HALIFAX,MONTRÉAL,2025-04-27,19,Trois Pistoles,TPIS,2025-04-28T06:50:17Z,2025-04-28T06:31:00Z,3h02,bad,19.0
15,True,False,HALIFAX,MONTRÉAL,2025-04-27,20,Rivière-Du-Loup,RDLX,2025-04-28T07:37:17Z,2025-04-28T07:18:00Z,3h49,bad,19.0
15,True,False,HALIFAX,MONTRÉAL,2025-04-27,21,La Pocatière,LPOC,2025-04-28T08:24:17Z,2025-04-28T08:05:00Z,4h36,bad,19.0
15,True,False,HALIFAX,MONTRÉAL,2025-04-27,22,Montmagny,MMGY,2025-04-28T08:58:17Z,2025-04-28T08:39:00Z,5h10,bad,19.0
15,True,False,HALIFAX,MONTRÉAL,2025-04-27,23,Ste-Foy,SFOY,2025-04-28T10:32:17Z,2025-04-28T10:13:00Z,6h44,bad,19.0
15,True,False,HALIFAX,MONTRÉAL,2025-04-27,24,Drummondville,DRMV,2025-04-28T12:39:17Z,2025-04-28T12:20:00Z,8h51,bad,19.0
15,True,False,HALIFAX,MONTRÉAL,2025-04-27,25,St. Hyacinthe,SHYA,2025-04-28T13:19:17Z,2025-04-28T13:00:00Z,9h31,bad,19.0
15,True,False,HALIFAX,MONTRÉAL,2025-04-27,26,St. Lambert,SLAM,2025-04-28T13:53:17Z,2025-04-28T13:34:00Z,10h05,bad,19.0
15,True,False,HALIFAX,MONTRÉAL,2025-04-27,27,Montréal,MTRL,2025-04-28T14:12:17Z,2025-04-28T13:53:00Z,10h24,bad,19.0
637,True,True,QUÉBEC,OTTAWA,2025-04-27,0,Québec,QBEC,2025-04-27T14:00:00Z,2025-04-27T14:00:00Z,ARR,goo,0.0
637,True,True,QUÉBEC,OTTAWA,2025-04-27,1,Ste-Foy,SFOY,2025-04-27T14:25:31Z,2025-04-27T14:25:00Z,ARR,goo,0.0
637,True,True,QUÉBEC,OTTAWA,2025-04-27,2,Drummondville,DRMV,2025-04-27T16:04:55Z,2025-04-27T16:08:00Z,ARR,goo,-3.0
637,True,True,QUÉBEC,OTTAWA,2025-04-27,3,St. Lambert,SLAM,2025-04-27T17:33:28Z,2025-04-27T17:16:00Z,ARR,bad,17.0
637,True,True,QUÉBEC,OTTAWA,2025-04-27,4,Montréal,MTRL,2025-04-27T17:49:11Z,2025-04-27T17:31:00Z,ARR,bad,18.0
637,True,True,QUÉBEC,OTTAWA,2025-04-27,5,Dorval,DORV,2025-04-27T18:39:35Z,2025-04-27T18:20:00Z,ARR,bad,19.0
637,True,True,QUÉBEC,OTTAWA,2025-04-27,6,Alexandria,ALEX,2025-04-27T19:36:03Z,2025-04-27T19:10:00Z,ARR,bad,26.0
637,True,True,QUÉBEC,OTTAWA,2025-04-27,7,Ottawa,OTTW,2025-04-27T20:28:22Z,2025-04-27T19:56:00Z,ARR,bad,32.0
602,True,True,JONQUIÈRE,MONTRÉAL,2025-04-27,0,Jonquière,JONQ,2025-04-27T15:58:00Z,2025-04-27T15:58:00Z,ARR,goo,0.0
602,True,True,JONQUIÈRE,MONTRÉAL,2025-04-27,1,Hébertville,HEBV,2025-04-27T16:38:47Z,2025-04-27T16:32:00Z,ARR,med,6.0
602,True,True,JONQUIÈRE,MONTRÉAL,2025-04-27,2,Chambord,CHBD,2025-04-27T17:15:28Z,2025-04-27T17:09:00Z,ARR,med,6.0
602,True,True,JONQUIÈRE,MONTRÉAL,2025-04-27,3,Lac-Bouchette,LBOU,2025-04-27T17:58:37Z,2025-04-27T17:47:00Z,ARR,med,11.0
602,True,True,JONQUIÈRE,MONTRÉAL,2025-04-27,4,Club Lizotte,LIZO,2025-04-27T18:19:16Z,2025-04-27T18:13:00Z,ARR,med,6.0
602,True,True,JONQUIÈRE,MONTRÉAL,2025-04-27,5,Kondiaronk,KOND,2025-04-27T18:33:45Z,2025-04-27T18:26:00Z,ARR,med,7.0
602,True,True,JONQUIÈRE,MONTRÉAL,2025-04-27,6,Lac Des Roches,LDES,2025-04-27T18:35:33Z,2025-04-27T18:29:00Z,ARR,med,6.0
602,True,True,JONQUIÈRE,MONTRÉAL,2025-04-27,7,Van Bruyssel,VBRU,2025-04-27T18:44:24Z,2025-04-27T18:39:00Z,ARR,med,5.0
602,True,True,JONQUIÈRE,MONTRÉAL,2025-04-27,8,Kiskissink,KISK,2025-04-27T18:45:38Z,2025-04-27T18:40:14Z,ARR,med,5.0
602,True,True,JONQUIÈRE,MONTRÉAL,2025-04-27,9,Brooks,BRQU,2025-04-27T18:57:24Z,2025-04-27T18:52:00Z,ARR,med,5.0
602,True,True,JONQUIÈRE,MONTRÉAL,2025-04-27,10,Summit,SMQU,2025-04-27T19:07:24Z,2025-04-27T19:02:00Z,ARR,med,5.0
602,True,True,JONQUIÈRE,MONTRÉAL,2025-04-27,11,Club Sommet,SMMC,2025-04-27T19:08:30Z,2025-04-27T19:03:06Z,ARR,med,5.0
602,True,True,JONQUIÈRE,MONTRÉAL,2025-04-27,12,Club Grégoire,GRGC,2025-04-27T19:12:24Z,2025-04-27T19:07:00Z,ARR,med,5.0
602,True,True,JONQUIÈRE,MONTRÉAL,2025-04-27,13,Caribou,CARI,2025-04-27T19:19:24Z,2025-04-27T19:14:00Z,ARR,med,5.0
602,True,True,JONQUIÈRE,MONTRÉAL,2025-04-27,14,Cherokee,CHER,2025-04-27T19:21:24Z,2025-04-27T19:16:00Z,ARR,med,5.0
602,True,True,JONQUIÈRE,MONTRÉAL,2025-04-27,15,Lac-Édouard,LEDW,2025-04-27T19:34:24Z,2025-04-27T19:29:00Z,ARR,med,5.0
602,True,True,JONQUIÈRE,MONTRÉAL,2025-04-27,16,Club Triton,TRTC,2025-04-27T19:47:24Z,2025-04-27T19:42:00Z,ARR,med,5.0
602,True,True,JONQUIÈRE,MONTRÉAL,2025-04-27,17,Club Nicole,NCLC,2025-04-27T19:55:24Z,2025-04-27T19:50:00Z,ARR,med,5.0
602,True,True,JONQUIÈRE,MONTRÉAL,2025-04-27,18,Hirondelle,HRDL,2025-04-27T20:01:24Z,2025-04-27T19:56:00Z,ARR,med,5.0
602,True,True,JONQUIÈRE,MONTRÉAL,2025-04-27,19,Pearl Lake,PRLL,2025-04-27T20:04:38Z,2025-04-27T19:59:14Z,ARR,med,5.0
602,True,True,JONQUIÈRE,MONTRÉAL,2025-04-27,20,Sanford,SANF,2025-04-27T20:15:24Z,2025-04-27T20:10:00Z,ARR,med,5.0
602,True,True,JONQUIÈRE,MONTRÉAL,2025-04-27,21,Stadacona,STAD,2025-04-27T20:22:24Z,2025-04-27T20:17:00Z,ARR,med,5.0
602,True,True,JONQUIÈRE,MONTRÉAL,2025-04-27,22,Club Iroquois,IRQC,2025-04-27T20:27:24Z,2025-04-27T20:22:00Z,ARR,med,5.0
602,True,True,JONQUIÈRE,MONTRÉAL,2025-04-27,23,Lac Malouin,LMAL,2025-04-27T20:31:24Z,2025-04-27T20:26:00Z,ARR,med,5.0
602,True,True,JONQUIÈRE,MONTRÉAL,2025-04-27,24,Bima,BIMA,2025-04-27T20:33:24Z,2025-04-27T20:28:00Z,ARR,med,5.0
602,True,True,JONQUIÈRE,MONTRÉAL,2025-04-27,25,Saint-Hilaire,SHPN,2025-04-27T20:36:24Z,2025-04-27T20:31:00Z,ARR,med,5.0
602,True,True,JONQUIÈRE,MONTRÉAL,2025-04-27,26,Pont Beaudet,PBDT,2025-04-27T20:38:24Z,2025-04-27T20:33:00Z,ARR,med,5.0
602,True,True,JONQUIÈRE,MONTRÉAL,2025-04-27,27,Falrie,FALR,2025-04-27T20:41:24Z,2025-04-27T20:36:00Z,ARR,med,5.0
602,True,True,JONQUIÈRE,MONTRÉAL,2025-04-27,28,Club Jacques-Cartier,JACC,2025-04-27T20:44:24Z,2025-04-27T20:39:00Z,ARR,med,5.0
602,True,True,JONQUIÈRE,MONTRÉAL,2025-04-27,29,Miquick,MIQK,2025-04-27T20:58:24Z,2025-04-27T20:53:00Z,ARR,med,5.0
602,True,True,JONQUIÈRE,MONTRÉAL,2025-04-27,30,Rivière-À-Pierre,RAPX,2025-04-27T21:33:24Z,2025-04-27T21:28:00Z,ARR,med,5.0
602,True,True,JONQUIÈRE,MONTRÉAL,2025-04-27,31,Rousseau,ROUS,2025-04-27T21:54:24Z,2025-04-27T21:49:00Z,ARR,med,5.0
602,True,True,JONQUIÈRE,MONTRÉAL,2025-04-27,32,Hervey,HERV,2025-04-27T22:04:52Z,2025-04-27T22:20:00Z,ARR,goo,-15.0
602,True,True,JONQUIÈRE,MONTRÉAL,2025-04-27,33,Saint-Tite,STIT,2025-04-27T22:24:04Z,2025-04-27T22:48:00Z,ARR,goo,-23.0
602,True,True,JONQUIÈRE,MONTRÉAL,2025-04-27,34,Garneau,GARN,2025-04-27T22:37:14Z,2025-04-27T23:02:00Z,ARR,goo,-24.0
602,True,True,JONQUIÈRE,MONTRÉAL,2025-04-27,35,Grand-Mère,GMRE,2025-04-27T22:52:34Z,2025-04-27T23:15:00Z,ARR,goo,-22.0
602,True,True,JONQUIÈRE,MONTRÉAL,2025-04-27,36,Shawinigan,SHWN,2025-04-27T22:59:29Z,2025-04-27T23:23:00Z,ARR,goo,-23.0
602,True,True,JONQUIÈRE,MONTRÉAL,2025-04-27,37,Charette,CHRT,2025-04-27T23:41:45Z,2025-04-27T23:46:00Z,ARR,goo,-4.0
602,True,True,JONQUIÈRE,MONTRÉAL,2025-04-27,38,St-Paulin,SPAU,2025-04-27T23:56:43Z,2025-04-27T23:56:00Z,ARR,goo,0.0
602,True,True,JONQUIÈRE,MONTRÉAL,2025-04-27,39,St-Justin,SJUS,2025-04-28T00:04:29Z,2025-04-28T00:09:00Z,ARR,goo,-4.0
602,True,True,JONQUIÈRE,MONTRÉAL,2025-04-27,40,Joliette,JOLI,2025-04-28T00:28:42Z,2025-04-28T00:38:00Z,ARR,goo,-9.0
602,True,True,JONQUIÈRE,MONTRÉAL,2025-04-27,41,Anjou,ANJO,2025-04-28T01:13:27Z,2025-04-28T01:21:01Z,ARR,goo,-7.0
602,True,True,JONQUIÈRE,MONTRÉAL,2025-04-27,42,Sauvé,SAUV,2025-04-28T01:20:33Z,2025-04-28T01:35:00Z,ARR,goo,-14.0
602,True,True,JONQUIÈRE,MONTRÉAL,2025-04-27,43,Montréal,MTRL,2025-04-28T02:06:43Z,2025-04-28T02:46:00Z,ARR,goo,-39.0
624,True,True,OTTAWA,QUÉBEC,2025-04-27,0,Ottawa,OTTW,2025-04-27T11:45:00Z,2025-04-27T11:45:00Z,ARR,goo,0.0
624,True,True,OTTAWA,QUÉBEC,2025-04-27,1,Alexandria,ALEX,2025-04-27T12:28:19Z,2025-04-27T12:31:00Z,ARR,goo,-2.0
624,True,True,OTTAWA,QUÉBEC,2025-04-27,2,Dorval,DORV,2025-04-27T13:19:29Z,2025-04-27T13:16:00Z,ARR,goo,3.0
624,True,True,OTTAWA,QUÉBEC,2025-04-27,3,Montréal,MTRL,2025-04-27T13:44:25Z,2025-04-27T13:39:00Z,ARR,med,5.0
624,True,True,OTTAWA,QUÉBEC,2025-04-27,4,St. Lambert,SLAM,2025-04-27T14:29:30Z,2025-04-27T14:28:00Z,ARR,goo,1.0
624,True,True,OTTAWA,QUÉBEC,2025-04-27,5,St. Hyacinthe,SHYA,2025-04-27T15:31:59Z,2025-04-27T15:06:00Z,ARR,bad,25.0
624,True,True,OTTAWA,QUÉBEC,2025-04-27,6,Drummondville,DRMV,2025-04-27T16:12:38Z,2025-04-27T15:34:00Z,ARR,bad,38.0
624,True,True,OTTAWA,QUÉBEC,2025-04-27,7,Charny,CHNY,2025-04-27T17:48:26Z,2025-04-27T17:13:00Z,ARR,bad,35.0
624,True,True,OTTAWA,QUÉBEC,2025-04-27,8,Ste-Foy,SFOY,2025-04-27T17:56:12Z,2025-04-27T17:20:00Z,ARR,bad,36.0
624,True,True,OTTAWA,QUÉBEC,2025-04-27,9,Québec,QBEC,2025-04-27T18:23:59Z,2025-04-27T17:48:00Z,ARR,bad,35.0
63,True,True,MONTRÉAL,TORONTO,2025-04-27,0,Montréal,MTRL,2025-04-27T12:46:00Z,2025-04-27T12:46:00Z,ARR,goo,0.0
63,True,True,MONTRÉAL,TORONTO,2025-04-27,1,Dorval,DORV,2025-04-27T13:08:51Z,2025-04-27T13:11:00Z,ARR,goo,-2.0
63,True,True,MONTRÉAL,TORONTO,2025-04-27,2,Cornwall,CWLL,2025-04-27T14:02:09Z,2025-04-27T14:04:00Z,ARR,goo,-1.0
63,True,True,MONTRÉAL,TORONTO,2025-04-27,3,Brockville,BRKV,2025-04-27T14:51:14Z,2025-04-27T14:54:00Z,ARR,goo,-2.0
63,True,True,MONTRÉAL,TORONTO,2025-04-27,4,Kingston,KGON,2025-04-27T15:39:42Z,2025-04-27T15:39:00Z,ARR,goo,0.0
63,True,True,MONTRÉAL,TORONTO,2025-04-27,5,Belleville,BLVL,2025-04-27T16:18:49Z,2025-04-27T16:20:00Z,ARR,goo,-1.0
63,True,True,MONTRÉAL,TORONTO,2025-04-27,6,Cobourg,CBRG,2025-04-27T16:58:02Z,2025-04-27T16:58:00Z,ARR,goo,0.0
63,True,True,MONTRÉAL,TORONTO,2025-04-27,7,Oshawa,OSHA,2025-04-27T17:34:04Z,2025-04-27T17:34:00Z,ARR,goo,0.0
63,True,True,MONTRÉAL,TORONTO,2025-04-27,8,Guildwood,GUIL,2025-04-27T17:58:14Z,2025-04-27T17:58:00Z,ARR,goo,0.0
63,True,True,MONTRÉAL,TORONTO,2025-04-27,9,Toronto,TRTO,2025-04-27T18:24:28Z,2025-04-27T18:18:00Z,ARR,med,6.0
47,True,True,OTTAWA,TORONTO,2025-04-27,0,Ottawa,OTTW,2025-04-27T16:23:17Z,2025-04-27T16:23:00Z,ARR,goo,0.0
47,True,True,OTTAWA,TORONTO,2025-04-27,1,Fallowfield,FALL,2025-04-27T16:40:18Z,2025-04-27T16:40:00Z,ARR,goo,0.0
47,True,True,OTTAWA,TORONTO,2025-04-27,2,Smiths Falls,SMTF,2025-04-27T17:16:57Z,2025-04-27T17:18:00Z,ARR,goo,-1.0
47,True,True,OTTAWA,TORONTO,2025-04-27,3,Brockville,BRKV,2025-04-27T17:48:25Z,2025-04-27T17:54:00Z,ARR,goo,-5.0
47,True,True,OTTAWA,TORONTO,2025-04-27,4,Gananoque,GANA,2025-04-27T18:22:08Z,2025-04-27T18:22:00Z,ARR,goo,0.0
47,True,True,OTTAWA,TORONTO,2025-04-27,5,Kingston,KGON,2025-04-27T18:43:15Z,2025-04-27T18:45:00Z,ARR,goo,-1.0
47,True,True,OTTAWA,TORONTO,2025-04-27,6,Belleville,BLVL,2025-04-27T19:26:49Z,2025-04-27T19:26:00Z,ARR,goo,0.0
47,True,True,OTTAWA,TORONTO,2025-04-27,7,Oshawa,OSHA,2025-04-27T20:36:58Z,2025-04-27T20:33:00Z,ARR,goo,3.0
47,True,True,OTTAWA,TORONTO,2025-04-27,8,Guildwood,GUIL,2025-04-27T21:14:12Z,2025-04-27T20:58:00Z,ARR,bad,16.0
47,True,True,OTTAWA,TORONTO,2025-04-27,9,Toronto,TRTO,2025-04-27T21:44:40Z,2025-04-27T21:30:00Z,ARR,med,14.0
40,True,True,TORONTO,OTTAWA,2025-04-27,0,Toronto,TRTO,2025-04-27T14:37:00Z,2025-04-27T14:37:00Z,ARR,goo,0.0
40,True,True,TORONTO,OTTAWA,2025-04-27,1,Belleville,BLVL,2025-04-27T16:18:54Z,2025-04-27T16:09:00Z,ARR,med,9.0
40,True,True,TORONTO,OTTAWA,2025-04-27,2,Kingston,KGON,2025-04-27T16:56:16Z,2025-04-27T16:48:00Z,ARR,med,8.0
40,True,True,TORONTO,OTTAWA,2025-04-27,3,Fallowfield,FALL,2025-04-27T18:40:34Z,2025-04-27T18:38:00Z,ARR,goo,2.0
40,True,True,TORONTO,OTTAWA,2025-04-27,4,Ottawa,OTTW,2025-04-27T19:01:02Z,2025-04-27T19:02:00Z,ARR,goo,0.0
35,True,True,QUÉBEC,OTTAWA,2025-04-27,0,Québec,QBEC,2025-04-27T12:06:00Z,2025-04-27T12:06:00Z,ARR,goo,0.0
35,True,True,QUÉBEC,OTTAWA,2025-04-27,1,Ste-Foy,SFOY,2025-04-27T12:32:33Z,2025-04-27T12:31:00Z,ARR,goo,1.0
35,True,True,QUÉBEC,OTTAWA,2025-04-27,2,Charny,CHNY,2025-04-27T12:45:24Z,2025-04-27T12:40:00Z,ARR,med,5.0
35,True,True,QUÉBEC,OTTAWA,2025-04-27,3,Drummondville,DRMV,2025-04-27T14:18:23Z,2025-04-27T14:14:00Z,ARR,goo,4.0
35,True,True,QUÉBEC,OTTAWA,2025-04-27,4,St. Hyacinthe,SHYA,2025-04-27T14:52:53Z,2025-04-27T14:44:00Z,ARR,med,8.0
35,True,True,QUÉBEC,OTTAWA,2025-04-27,5,St. Lambert,SLAM,2025-04-27T15:28:17Z,2025-04-27T15:11:00Z,ARR,bad,17.0
35,True,True,QUÉBEC,OTTAWA,2025-04-27,6,Montréal,MTRL,2025-04-27T15:43:17Z,2025-04-27T15:26:00Z,ARR,bad,17.0
35,True,True,QUÉBEC,OTTAWA,2025-04-27,7,Dorval,DORV,2025-04-27T16:36:51Z,2025-04-27T16:18:00Z,ARR,bad,18.0
35,True,True,QUÉBEC,OTTAWA,2025-04-27,8,Coteau,COTO,2025-04-27T17:08:24Z,2025-04-27T16:46:00Z,ARR,bad,22.0
35,True,True,QUÉBEC,OTTAWA,2025-04-27,9,Alexandria,ALEX,2025-04-27T17:26:43Z,2025-04-27T17:08:00Z,ARR,bad,18.0
35,True,True,QUÉBEC,OTTAWA,2025-04-27,10,Casselman,CSLM,2025-04-27T17:48:55Z,2025-04-27T17:31:00Z,ARR,bad,17.0
35,True,True,QUÉBEC,OTTAWA,2025-04-27,11,Ottawa,OTTW,2025-04-27T18:13:33Z,2025-04-27T17:58:00Z,ARR,bad,15.0
6,True,False,PRINCE RUPERT,JASPER,2025-04-27,0,Prince Rupert,PRUP,2025-04-27T15:01:34Z,2025-04-27T15:00:00Z,ARR,goo,1.0
6,True,False,PRINCE RUPERT,JASPER,2025-04-27,1,Cassiar Cannery,CASS,2025-04-27T15:34:37Z,2025-04-27T15:20:00Z,ARR,med,14.0
6,True,False,PRINCE RUPERT,JASPER,2025-04-27,2,Kwinitsa,KWIN,2025-04-27T16:24:46Z,2025-04-27T16:17:00Z,ARR,med,7.0
6,True,False,PRINCE RUPERT,JASPER,2025-04-27,3,Terrace,TRRC,2025-04-27T17:35:05Z,2025-04-27T17:20:00Z,ARR,bad,15.0
6,True,False,PRINCE RUPERT,JASPER,2025-04-27,4,Usk,USKX,2025-04-27T18:23:30Z,2025-04-27T17:48:00Z,ARR,bad,35.0
6,True,False,PRINCE RUPERT,JASPER,2025-04-27,5,Pacific,PACI,2025-04-27T18:38:54Z,2025-04-27T18:07:00Z,ARR,bad,31.0
6,True,False,PRINCE RUPERT,JASPER,2025-04-27,6,Dorreen,DORR,2025-04-27T18:46:51Z,2025-04-27T18:19:00Z,ARR,bad,27.0
6,True,False,PRINCE RUPERT,JASPER,2025-04-27,7,Cedarvale,CEDA,2025-04-27T19:06:36Z,2025-04-27T18:44:00Z,ARR,bad,22.0
6,True,False,PRINCE RUPERT,JASPER,2025-04-27,8,Kitwanga,KITW,2025-04-27T19:43:48Z,2025-04-27T18:48:01Z,ARR,bad,55.0
6,True,False,PRINCE RUPERT,JASPER,2025-04-27,9,New Hazelton,NHAZ,2025-04-27T20:35:44Z,2025-04-27T19:30:00Z,ARR,bad,65.0
6,True,False,PRINCE RUPERT,JASPER,2025-04-27,10,Smithers,SMTR,2025-04-27T22:57:39Z,2025-04-27T21:14:00Z,ARR,bad,103.0
6,True,False,PRINCE RUPERT,JASPER,2025-04-27,11,Telkwa,TELK,2025-04-27T23:18:12Z,2025-04-27T21:37:00Z,ARR,bad,101.0
6,True,False,PRINCE RUPERT,JASPER,2025-04-27,12,Houston,HOUS,2025-04-28T00:15:02Z,2025-04-27T22:22:00Z,ARR,bad,113.0
6,True,False,PRINCE RUPERT,JASPER,2025-04-27,13,Burns Lake,BRNL,2025-04-28T01:34:59Z,2025-04-27T23:32:00Z,ARR,bad,122.0
6,True,False,PRINCE RUPERT,JASPER,2025-04-27,14,Endako,ENDA,2025-04-28T02:23:00Z,2025-04-28T00:25:00Z,ARR,bad,118.0
6,True,False,PRINCE RUPERT,JASPER,2025-04-27,15,Fort Fraser,FFRA,2025-04-28T02:49:13Z,2025-04-28T00:57:00Z,ARR,bad,112.0
6,True,False,PRINCE RUPERT,JASPER,2025-04-27,16,Vanderhoof,VDRH,2025-04-28T03:24:50Z,2025-04-28T01:35:00Z,ARR,bad,109.0
6,True,False,PRINCE RUPERT,JASPER,2025-04-27,17,Prince George,PGEO,2025-04-28T05:14:40Z,2025-04-28T03:29:00Z,1h26,bad,105.0
6,True,False,PRINCE RUPERT,JASPER,2025-04-27,18,Willow River,WILR,2025-04-28T15:48:00Z,2025-04-28T15:48:00Z,12h00,goo,0.0
6,True,False,PRINCE RUPERT,JASPER,2025-04-27,19,Aleza Lake,ALZL,2025-04-28T16:17:00Z,2025-04-28T16:17:00Z,12h29,goo,0.0
6,True,False,PRINCE RUPERT,JASPER,2025-04-27,20,Upper Fraser,UFRZ,2025-04-28T16:25:00Z,2025-04-28T16:25:00Z,12h37,goo,0.0
6,True,False,PRINCE RUPERT,JASPER,2025-04-27,21,Mcgregor,MCGR,2025-04-28T16:33:00Z,2025-04-28T16:33:00Z,12h45,goo,0.0
6,True,False,PRINCE RUPERT,JASPER,2025-04-27,22,Sinclair Mills,SINM,2025-04-28T16:44:00Z,2025-04-28T16:44:00Z,12h56,goo,0.0
6,True,False,PRINCE RUPERT,JASPER,2025-04-27,23,Hutton,HUTT,2025-04-28T16:48:00Z,2025-04-28T16:48:00Z,13h00,goo,0.0
6,True,False,PRINCE RUPERT,JASPER,2025-04-27,24,Longworth,LWTH,2025-04-28T16:59:00Z,2025-04-28T16:59:00Z,13h11,goo,0.0
6,True,False,PRINCE RUPERT,JASPER,2025-04-27,25,Penny,PENN,2025-04-28T17:13:00Z,2025-04-28T17:13:00Z,13h25,goo,0.0
6,True,False,PRINCE RUPERT,JASPER,2025-04-27,26,Bend,BEND,2025-04-28T17:32:00Z,2025-04-28T17:32:00Z,13h44,goo,0.0
6,True,False,PRINCE RUPERT,JASPER,2025-04-27,27,Dome Creek,DOMC,2025-04-28T17:33:07Z,2025-04-28T17:33:07Z,13h45,goo,0.0
693,True,False,WINNIPEG,CHURCHILL,2025-04-27,0,Winnipeg,WNPG,2025-04-27T17:05:00Z,2025-04-27T17:05:00Z,ARR,goo,0.0
693,True,False,WINNIPEG,CHURCHILL,2025-04-27,1,Portage La Prairie,PLPX,2025-04-27T18:30:55Z,2025-04-27T18:15:00Z,ARR,bad,15.0
693,True,False,WINNIPEG,CHURCHILL,2025-04-27,2,Gladstone,GSTO,2025-04-27T19:13:48Z,2025-04-27T19:07:00Z,ARR,med,6.0
693,True,False,WINNIPEG,CHURCHILL,2025-04-27,3,Plumas,PLUM,2025-04-27T20:12:32Z,2025-04-27T19:44:00Z,ARR,bad,28.0
693,True,False,WINNIPEG,CHURCHILL,2025-04-27,4,Glenella,GLNA,2025-04-27T20:38:47Z,2025-04-27T20:16:00Z,ARR,bad,22.0
693,True,False,WINNIPEG,CHURCHILL,2025-04-27,5,Mccreary,MCCR,2025-04-27T21:18:40Z,2025-04-27T20:57:00Z,ARR,bad,21.0
693,True,False,WINNIPEG,CHURCHILL,2025-04-27,6,Laurier,LRIE,2025-04-27T21:38:00Z,2025-04-27T21:15:00Z,ARR,bad,23.0
693,True,False,WINNIPEG,CHURCHILL,2025-04-27,7,Ochre River,OCHR,2025-04-27T22:04:17Z,2025-04-27T21:36:00Z,ARR,bad,28.0
693,True,False,WINNIPEG,CHURCHILL,2025-04-27,8,Dauphin,DAUP,2025-04-27T22:30:43Z,2025-04-27T21:56:00Z,ARR,bad,34.0
693,True,False,WINNIPEG,CHURCHILL,2025-04-27,9,Gilbert Plains,GLBP,2025-04-27T23:21:46Z,2025-04-27T22:44:00Z,ARR,bad,37.0
693,True,False,WINNIPEG,CHURCHILL,2025-04-27,10,Grandview,GVIE,2025-04-27T23:41:50Z,2025-04-27T23:00:00Z,ARR,bad,41.0
693,True,False,WINNIPEG,CHURCHILL,2025-04-27,11,Roblin,RBLN,2025-04-28T00:51:24Z,2025-04-27T23:55:00Z,ARR,bad,56.0
693,True,False,WINNIPEG,CHURCHILL,2025-04-27,12,Togo,TOGO,2025-04-28T01:21:56Z,2025-04-28T00:22:00Z,ARR,bad,59.0
693,True,False,WINNIPEG,CHURCHILL,2025-04-27,13,Kamsack,KAMS,2025-04-28T01:54:56Z,2025-04-28T00:59:00Z,ARR,bad,55.0
693,True,False,WINNIPEG,CHURCHILL,2025-04-27,14,Veregin,VERE,2025-04-28T02:06:10Z,2025-04-28T01:12:00Z,ARR,bad,54.0
693,True,False,WINNIPEG,CHURCHILL,2025-04-27,15,Mikado,MIKA,2025-04-28T02:17:46Z,2025-04-28T01:22:00Z,ARR,bad,55.0
693,True,False,WINNIPEG,CHURCHILL,2025-04-27,16,Canora,CANO,2025-04-28T02:30:23Z,2025-04-28T01:36:00Z,ARR,bad,54.0
693,True,False,WINNIPEG,CHURCHILL,2025-04-27,17,Sturgis,STGS,2025-04-28T03:38:21Z,2025-04-28T02:21:00Z,ARR,bad,77.0
693,True,False,WINNIPEG,CHURCHILL,2025-04-27,18,Endeavour,ENDV,2025-04-28T04:09:39Z,2025-04-28T02:54:00Z,21 mins,bad,75.0
693,True,False,WINNIPEG,CHURCHILL,2025-04-27,19,Reserve,RSRV,2025-04-28T04:49:39Z,2025-04-28T03:34:00Z,1h01,bad,75.0
693,True,False,WINNIPEG,CHURCHILL,2025-04-27,20,Hudson Bay,HBAY,2025-04-28T05:47:39Z,2025-04-28T04:32:00Z,1h59,bad,75.0
693,True,False,WINNIPEG,CHURCHILL,2025-04-27,21,The Pas,TPAS,2025-04-28T08:00:39Z,2025-04-28T06:45:00Z,4h12,bad,75.0
693,True,False,WINNIPEG,CHURCHILL,2025-04-27,22,Orok,OROK,2025-04-28T09:22:39Z,2025-04-28T08:07:00Z,5h34,bad,75.0
693,True,False,WINNIPEG,CHURCHILL,2025-04-27,23,Halcrow,HALC,2025-04-28T10:16:39Z,2025-04-28T09:01:00Z,6h28,bad,75.0
693,True,False,WINNIPEG,CHURCHILL,2025-04-27,24,Cormorant,CORM,2025-04-28T10:27:39Z,2025-04-28T09:12:00Z,6h39,bad,75.0
693,True,False,WINNIPEG,CHURCHILL,2025-04-27,25,Dering,DERI,2025-04-28T10:35:39Z,2025-04-28T09:20:00Z,6h47,bad,75.0
693,True,False,WINNIPEG,CHURCHILL,2025-04-27,26,Dyce,DYCE,2025-04-28T11:14:39Z,2025-04-28T09:59:00Z,7h26,bad,75.0
693,True,False,WINNIPEG,CHURCHILL,2025-04-27,27,Wekusko,WEKU,2025-04-28T11:58:39Z,2025-04-28T10:43:00Z,8h10,bad,75.0
693,True,False,WINNIPEG,CHURCHILL,2025-04-27,28,Turnbull,TURN,2025-04-28T12:25:39Z,2025-04-28T11:10:00Z,8h37,bad,75.0
693,True,False,WINNIPEG,CHURCHILL,2025-04-27,29,Ponton,PNTN,2025-04-28T12:57:39Z,2025-04-28T11:42:00Z,9h09,bad,75.0
693,True,False,WINNIPEG,CHURCHILL,2025-04-27,30,Pipun,PIPN,2025-04-28T13:40:39Z,2025-04-28T12:25:00Z,9h52,bad,75.0
693,True,False,WINNIPEG,CHURCHILL,2025-04-27,31,Wabowden,WBDN,2025-04-28T14:03:39Z,2025-04-28T12:48:00Z,10h15,bad,75.0
693,True,False,WINNIPEG,CHURCHILL,2025-04-27,32,Lyddal,LYDD,2025-04-28T14:31:39Z,2025-04-28T13:16:00Z,10h43,bad,75.0
693,True,False,WINNIPEG,CHURCHILL,2025-04-27,33,Odhill,ODHI,2025-04-28T14:53:39Z,2025-04-28T13:38:00Z,11h05,bad,75.0
693,True,False,WINNIPEG,CHURCHILL,2025-04-27,34,Hockin,HOCK,2025-04-28T15:37:39Z,2025-04-28T14:22:00Z,11h49,bad,75.0
693,True,False,WINNIPEG,CHURCHILL,2025-04-27,35,Thicket Portage,THKP,2025-04-28T15:52:39Z,2025-04-28T14:37:00Z,12h04,bad,75.0
693,True,False,WINNIPEG,CHURCHILL,2025-04-27,36,Leven,LEVN,2025-04-28T16:09:39Z,2025-04-28T14:54:00Z,12h21,bad,75.0
693,True,False,WINNIPEG,CHURCHILL,2025-04-27,37,Thompson,THOM,2025-04-28T18:15:39Z,2025-04-28T17:00:00Z,14h27,bad,75.0
44,True,True,TORONTO,OTTAWA,2025-04-27,0,Toronto,TRTO,2025-04-27T18:23:37Z,2025-04-27T18:22:00Z,ARR,goo,1.0
44,True,True,TORONTO,OTTAWA,2025-04-27,1,Oshawa,OSHA,2025-04-27T19:01:31Z,2025-04-27T18:54:00Z,ARR,med,7.0
44,True,True,TORONTO,OTTAWA,2025-04-27,2,Kingston,KGON,2025-04-27T20:40:26Z,2025-04-27T20:32:00Z,ARR,med,8.0
44,True,True,TORONTO,OTTAWA,2025-04-27,3,Brockville,BRKV,2025-04-27T21:27:19Z,2025-04-27T21:19:00Z,ARR,med,8.0
44,True,True,TORONTO,OTTAWA,2025-04-27,4,Smiths Falls,SMTF,2025-04-27T22:04:44Z,2025-04-27T21:50:00Z,ARR,med,14.0
44,True,True,TORONTO,OTTAWA,2025-04-27,5,Fallowfield,FALL,2025-04-27T22:48:48Z,2025-04-27T22:22:00Z,ARR,bad,26.0
44,True,True,TORONTO,OTTAWA,2025-04-27,6,Ottawa,OTTW,2025-04-27T23:10:59Z,2025-04-27T22:43:00Z,ARR,bad,27.0
76,True,True,WINDSOR,MIMC,2025-04-27,0,Windsor,WDON,2025-04-27T17:46:12Z,2025-04-27T17:46:00Z,ARR,goo,0.0
76,True,True,WINDSOR,MIMC,2025-04-27,1,Chatham,CHAT,2025-04-27T18:31:33Z,2025-04-27T18:28:00Z,ARR,goo,3.0
76,True,True,WINDSOR,MIMC,2025-04-27,2,Glencoe,GLNC,2025-04-27T19:30:25Z,2025-04-27T19:03:00Z,ARR,bad,27.0
76,True,True,WINDSOR,MIMC,2025-04-27,3,London,LNDN,2025-04-27T20:03:08Z,2025-04-27T19:38:00Z,ARR,bad,25.0
76,True,True,WINDSOR,MIMC,2025-04-27,4,Brantford,BRTF,2025-04-27T21:05:20Z,2025-04-27T20:39:00Z,ARR,bad,26.0
76,True,True,WINDSOR,MIMC,2025-04-27,5,Aldershot,ALDR,2025-04-27T21:36:55Z,2025-04-27T21:10:00Z,ARR,bad,26.0
76,True,True,WINDSOR,MIMC,2025-04-27,6,Oakville,OAKV,2025-04-27T22:11:00Z,2025-04-27T21:27:00Z,ARR,bad,44.0
76,True,True,WINDSOR,MIMC,2025-04-27,7,Toronto,TRTO,2025-04-27T22:36:51Z,2025-04-27T21:53:00Z,ARR,bad,43.0
76,True,True,WINDSOR,MIMC,2025-04-27,8,Mimc,MIMC,2025-04-27T22:38:16Z,2025-04-27T21:54:25Z,ARR,bad,43.0
5,True,False,JASPER,PRINCE RUPERT,2025-04-27,0,Jasper,JASP,2025-04-27T16:45:00Z,2025-04-27T16:45:00Z,ARR,goo,0.0
5,True,False,JASPER,PRINCE RUPERT,2025-04-27,1,Harvey,HRVY,2025-04-27T19:00:47Z,2025-04-27T18:38:00Z,ARR,bad,22.0
5,True,False,JASPER,PRINCE RUPERT,2025-04-27,2,Dunster,DNST,2025-04-27T19:43:42Z,2025-04-27T19:12:00Z,ARR,bad,31.0
5,True,False,JASPER,PRINCE RUPERT,2025-04-27,3,Mcbride,MCBR,2025-04-27T20:21:27Z,2025-04-27T19:44:00Z,ARR,bad,37.0
5,True,False,JASPER,PRINCE RUPERT,2025-04-27,4,Goat River,GOAT,2025-04-27T21:25:13Z,2025-04-27T20:41:00Z,ARR,bad,44.0
5,True,False,JASPER,PRINCE RUPERT,2025-04-27,5,Loos,LOOS,2025-04-27T21:40:03Z,2025-04-27T20:58:00Z,ARR,bad,42.0
5,True,False,JASPER,PRINCE RUPERT,2025-04-27,6,Dome Creek,DOMC,2025-04-27T22:08:26Z,2025-04-27T21:32:00Z,ARR,bad,36.0
5,True,False,JASPER,PRINCE RUPERT,2025-04-27,7,Bend,BEND,2025-04-27T22:10:33Z,2025-04-27T21:36:00Z,ARR,bad,34.0
5,True,False,JASPER,PRINCE RUPERT,2025-04-27,8,Penny,PENN,2025-04-27T22:28:01Z,2025-04-27T21:56:00Z,ARR,bad,32.0
5,True,False,JASPER,PRINCE RUPERT,2025-04-27,9,Longworth,LWTH,2025-04-27T22:40:33Z,2025-04-27T22:11:00Z,ARR,bad,29.0
5,True,False,JASPER,PRINCE RUPERT,2025-04-27,10,Hutton,HUTT,2025-04-27T22:50:54Z,2025-04-27T22:24:00Z,ARR,bad,26.0
5,True,False,JASPER,PRINCE RUPERT,2025-04-27,11,Sinclair Mills,SINM,2025-04-27T22:56:54Z,2025-04-27T22:30:00Z,ARR,bad,26.0
5,True,False,JASPER,PRINCE RUPERT,2025-04-27,12,Mcgregor,MCGR,2025-04-27T23:04:53Z,2025-04-27T22:43:00Z,ARR,bad,21.0
5,True,False,JASPER,PRINCE RUPERT,2025-04-27,13,Upper Fraser,UFRZ,2025-04-27T23:13:53Z,2025-04-27T22:52:00Z,ARR,bad,21.0
5,True,False,JASPER,PRINCE RUPERT,2025-04-27,14,Aleza Lake,ALZL,2025-04-27T23:22:53Z,2025-04-27T23:01:00Z,ARR,bad,21.0
5,True,False,JASPER,PRINCE RUPERT,2025-04-27,15,Willow River,WILR,2025-04-27T23:41:05Z,2025-04-27T23:31:00Z,ARR,med,10.0
5,True,False,JASPER,PRINCE RUPERT,2025-04-27,16,Prince George,PGEO,2025-04-28T00:26:29Z,2025-04-28T00:08:00Z,ARR,bad,18.0
5,True,False,JASPER,PRINCE RUPERT,2025-04-27,17,Vanderhoof,VDRH,2025-04-28T16:55:00Z,2025-04-28T16:55:00Z,13h07,goo,0.0
5,True,False,JASPER,PRINCE RUPERT,2025-04-27,18,Fort Fraser,FFRA,2025-04-28T17:32:00Z,2025-04-28T17:32:00Z,13h44,goo,0.0
645,True,True,OTTAWA,TORONTO,2025-04-27,0,Ottawa,OTTW,2025-04-27T18:29:00Z,2025-04-27T18:29:00Z,ARR,goo,0.0
645,True,True,OTTAWA,TORONTO,2025-04-27,1,Fallowfield,FALL,2025-04-27T18:59:01Z,2025-04-27T18:49:00Z,ARR,med,10.0
645,True,True,OTTAWA,TORONTO,2025-04-27,2,Kingston,KGON,2025-04-27T20:46:30Z,2025-04-27T20:34:00Z,ARR,med,12.0
645,True,True,OTTAWA,TORONTO,2025-04-27,3,Belleville,BLVL,2025-04-27T21:33:24Z,2025-04-27T21:15:00Z,ARR,bad,18.0
645,True,True,OTTAWA,TORONTO,2025-04-27,4,Oshawa,OSHA,2025-04-27T22:54:15Z,2025-04-27T22:20:00Z,ARR,bad,34.0
645,True,True,OTTAWA,TORONTO,2025-04-27,5,Toronto,TRTO,2025-04-27T23:32:30Z,2025-04-27T23:15:00Z,ARR,bad,17.0
26,True,True,OTTAWA,QUÉBEC,2025-04-27,0,Ottawa,OTTW,2025-04-27T18:17:01Z,2025-04-27T18:17:00Z,ARR,goo,0.0
26,True,True,OTTAWA,QUÉBEC,2025-04-27,1,Alexandria,ALEX,2025-04-27T19:03:21Z,2025-04-27T19:03:00Z,ARR,goo,0.0
26,True,True,OTTAWA,QUÉBEC,2025-04-27,2,Coteau,COTO,2025-04-27T19:29:15Z,2025-04-27T19:26:00Z,ARR,goo,3.0
26,True,True,OTTAWA,QUÉBEC,2025-04-27,3,Dorval,DORV,2025-04-27T20:02:56Z,2025-04-27T19:49:00Z,ARR,med,13.0
26,True,True,OTTAWA,QUÉBEC,2025-04-27,4,Montréal,MTRL,2025-04-27T20:33:29Z,2025-04-27T20:15:00Z,ARR,bad,18.0
26,True,True,OTTAWA,QUÉBEC,2025-04-27,5,St. Lambert,SLAM,2025-04-27T21:10:07Z,2025-04-27T20:53:00Z,ARR,bad,17.0
26,True,True,OTTAWA,QUÉBEC,2025-04-27,6,St. Hyacinthe,SHYA,2025-04-27T21:42:29Z,2025-04-27T21:20:00Z,ARR,bad,22.0
26,True,True,OTTAWA,QUÉBEC,2025-04-27,7,Drummondville,DRMV,2025-04-27T22:37:00Z,2025-04-27T22:05:00Z,ARR,bad,32.0
26,True,True,OTTAWA,QUÉBEC,2025-04-27,8,Charny,CHNY,2025-04-28T00:10:25Z,2025-04-27T23:44:00Z,ARR,bad,26.0
26,True,True,OTTAWA,QUÉBEC,2025-04-27,9,Ste-Foy,SFOY,2025-04-28T00:19:02Z,2025-04-27T23:52:00Z,ARR,bad,27.0
26,True,True,OTTAWA,QUÉBEC,2025-04-27,10,Québec,QBEC,2025-04-28T00:51:34Z,2025-04-28T00:19:00Z,ARR,bad,32.0
39,True,True,QUÉBEC,OTTAWA,2025-04-27,0,Québec,QBEC,2025-04-27T19:02:23Z,2025-04-27T18:57:00Z,ARR,med,5.0
39,True,True,QUÉBEC,OTTAWA,2025-04-27,1,Ste-Foy,SFOY,2025-04-27T19:28:55Z,2025-04-27T19:22:00Z,ARR,med,6.0
39,True,True,QUÉBEC,OTTAWA,2025-04-27,2,Drummondville,DRMV,2025-04-27T21:11:42Z,2025-04-27T20:58:00Z,ARR,med,13.0
39,True,True,QUÉBEC,OTTAWA,2025-04-27,3,St. Lambert,SLAM,2025-04-27T22:21:02Z,2025-04-27T21:57:00Z,ARR,bad,24.0
39,True,True,QUÉBEC,OTTAWA,2025-04-27,4,Montréal,MTRL,2025-04-27T22:38:03Z,2025-04-27T22:11:00Z,ARR,bad,27.0
39,True,True,QUÉBEC,OTTAWA,2025-04-27,5,Dorval,DORV,2025-04-27T23:20:45Z,2025-04-27T23:14:00Z,ARR,med,6.0
39,True,True,QUÉBEC,OTTAWA,2025-04-27,6,Coteau,COTO,2025-04-27T23:55:12Z,2025-04-27T23:43:00Z,ARR,med,12.0
39,True,True,QUÉBEC,OTTAWA,2025-04-27,7,Alexandria,ALEX,2025-04-28T00:16:58Z,2025-04-28T00:06:00Z,ARR,med,10.0
39,True,True,QUÉBEC,OTTAWA,2025-04-27,8,Ottawa,OTTW,2025-04-28T01:08:26Z,2025-04-28T00:51:00Z,ARR,bad,17.0
66,True,True,TORONTO,MONTRÉAL,2025-04-27,0,Toronto,TRTO,2025-04-27T19:25:17Z,2025-04-27T19:22:00Z,ARR,goo,3.0
66,True,True,TORONTO,MONTRÉAL,2025-04-27,1,Guildwood,GUIL,2025-04-27T19:47:41Z,2025-04-27T19:40:00Z,ARR,med,7.0
66,True,True,TORONTO,MONTRÉAL,2025-04-27,2,Oshawa,OSHA,2025-04-27T20:14:18Z,2025-04-27T19:54:00Z,ARR,bad,20.0
66,True,True,TORONTO,MONTRÉAL,2025-04-27,3,Belleville,BLVL,2025-04-27T21:18:24Z,2025-04-27T21:00:00Z,ARR,bad,18.0
66,True,True,TORONTO,MONTRÉAL,2025-04-27,4,Kingston,KGON,2025-04-27T21:57:50Z,2025-04-27T21:40:00Z,ARR,bad,17.0
66,True,True,TORONTO,MONTRÉAL,2025-04-27,5,Cornwall,CWLL,2025-04-27T23:20:30Z,2025-04-27T23:07:00Z,ARR,med,13.0
66,True,True,TORONTO,MONTRÉAL,2025-04-27,6,Dorval,DORV,2025-04-28T00:13:09Z,2025-04-27T23:58:00Z,ARR,bad,15.0
66,True,True,TORONTO,MONTRÉAL,2025-04-27,7,Montréal,MTRL,2025-04-28T00:40:12Z,2025-04-28T00:25:00Z,ARR,bad,15.0
186,True,False,WHITE RIVER,SUDBURY,2025-04-27,0,Sudbury,SUDB,&mdash;,2025-04-27T19:50:00Z,&mdash;,,
46,True,True,TORONTO,OTTAWA,2025-04-27,0,Toronto,TRTO,2025-04-27T19:37:53Z,2025-04-27T19:37:00Z,ARR,goo,0.0
46,True,True,TORONTO,OTTAWA,2025-04-27,1,Oshawa,OSHA,2025-04-27T20:23:24Z,2025-04-27T20:09:00Z,ARR,med,14.0
46,True,True,TORONTO,OTTAWA,2025-04-27,2,Cobourg,CBRG,2025-04-27T20:55:22Z,2025-04-27T20:43:00Z,ARR,med,12.0
46,True,True,TORONTO,OTTAWA,2025-04-27,3,Kingston,KGON,2025-04-27T22:07:28Z,2025-04-27T21:54:00Z,ARR,med,13.0
46,True,True,TORONTO,OTTAWA,2025-04-27,4,Brockville,BRKV,2025-04-27T22:52:21Z,2025-04-27T22:40:00Z,ARR,med,12.0
46,True,True,TORONTO,OTTAWA,2025-04-27,5,Fallowfield,FALL,2025-04-28T00:08:10Z,2025-04-27T23:40:00Z,ARR,bad,28.0
46,True,True,TORONTO,OTTAWA,2025-04-27,6,Ottawa,OTTW,2025-04-28T00:28:15Z,2025-04-28T00:00:00Z,ARR,bad,28.0
83,True,True,TORONTO,LONDON,2025-04-27,0,Toronto,TRTO,2025-04-27T20:16:06Z,2025-04-27T20:15:00Z,ARR,goo,1.0
83,True,True,TORONTO,LONDON,2025-04-27,1,Aldershot,ALDR,2025-04-27T20:55:49Z,2025-04-27T20:50:00Z,ARR,med,5.0
83,True,True,TORONTO,LONDON,2025-04-27,2,Brantford,BRTF,2025-04-27T21:31:08Z,2025-04-27T21:20:00Z,ARR,med,11.0
83,True,True,TORONTO,LONDON,2025-04-27,3,Woodstock,WDST,2025-04-27T22:02:59Z,2025-04-27T21:48:00Z,ARR,med,14.0
83,True,True,TORONTO,LONDON,2025-04-27,4,London,LNDN,2025-04-27T22:35:52Z,2025-04-27T22:27:00Z,ARR,med,8.0
28,True,True,OTTAWA,QUÉBEC,2025-04-27,0,Ottawa,OTTW,2025-04-27T20:05:00Z,2025-04-27T20:05:00Z,ARR,goo,0.0
28,True,True,OTTAWA,QUÉBEC,2025-04-27,1,Casselman,CSLM,2025-04-27T20:29:32Z,2025-04-27T20:31:00Z,ARR,goo,-1.0
28,True,True,OTTAWA,QUÉBEC,2025-04-27,2,Alexandria,ALEX,2025-04-27T20:52:31Z,2025-04-27T20:53:00Z,ARR,goo,0.0
28,True,True,OTTAWA,QUÉBEC,2025-04-27,3,Coteau,COTO,2025-04-27T21:13:32Z,2025-04-27T21:15:00Z,ARR,goo,-1.0
28,True,True,OTTAWA,QUÉBEC,2025-04-27,4,Dorval,DORV,2025-04-27T21:46:14Z,2025-04-27T21:38:00Z,ARR,med,8.0
28,True,True,OTTAWA,QUÉBEC,2025-04-27,5,Montréal,MTRL,2025-04-27T22:09:52Z,2025-04-27T22:04:00Z,ARR,med,5.0
28,True,True,OTTAWA,QUÉBEC,2025-04-27,6,St. Lambert,SLAM,2025-04-27T22:54:43Z,2025-04-27T22:38:00Z,ARR,bad,16.0
28,True,True,OTTAWA,QUÉBEC,2025-04-27,7,St. Hyacinthe,SHYA,2025-04-27T23:27:15Z,2025-04-27T23:06:00Z,ARR,bad,21.0
28,True,True,OTTAWA,QUÉBEC,2025-04-27,8,Drummondville,DRMV,2025-04-28T00:05:32Z,2025-04-27T23:52:00Z,ARR,med,13.0
28,True,True,OTTAWA,QUÉBEC,2025-04-27,9,Charny,CHNY,2025-04-28T01:35:49Z,2025-04-28T01:14:00Z,ARR,bad,21.0
28,True,True,OTTAWA,QUÉBEC,2025-04-27,10,Ste-Foy,SFOY,2025-04-28T01:44:57Z,2025-04-28T01:21:00Z,ARR,bad,23.0
28,True,True,OTTAWA,QUÉBEC,2025-04-27,11,Québec,QBEC,2025-04-28T02:13:16Z,2025-04-28T01:48:00Z,ARR,bad,25.0
69,True,True,MONTRÉAL,TORONTO,2025-04-27,0,Montréal,MTRL,2025-04-27T20:38:00Z,2025-04-27T20:38:00Z,ARR,goo,0.0
69,True,True,MONTRÉAL,TORONTO,2025-04-27,1,Dorval,DORV,2025-04-27T21:03:47Z,2025-04-27T21:04:00Z,ARR,goo,0.0
69,True,True,MONTRÉAL,TORONTO,2025-04-27,2,Cornwall,CWLL,2025-04-27T22:12:28Z,2025-04-27T21:53:00Z,ARR,bad,19.0
69,True,True,MONTRÉAL,TORONTO,2025-04-27,3,Brockville,BRKV,2025-04-27T23:01:13Z,2025-04-27T22:40:00Z,ARR,bad,21.0
69,True,True,MONTRÉAL,TORONTO,2025-04-27,4,Kingston,KGON,2025-04-27T23:59:58Z,2025-04-27T23:24:00Z,ARR,bad,35.0
69,True,True,MONTRÉAL,TORONTO,2025-04-27,5,Oshawa,OSHA,2025-04-28T02:03:17Z,2025-04-28T01:05:00Z,ARR,bad,58.0
69,True,True,MONTRÉAL,TORONTO,2025-04-27,6,Guildwood,GUIL,2025-04-28T02:28:47Z,2025-04-28T01:28:00Z,ARR,bad,60.0
69,True,True,MONTRÉAL,TORONTO,2025-04-27,7,Toronto,TRTO,2025-04-28T02:59:23Z,2025-04-28T01:48:00Z,ARR,bad,71.0
68,True,True,TORONTO,MONTRÉAL,2025-04-27,0,Toronto,TRTO,2025-04-27T21:09:48Z,2025-04-27T21:07:00Z,ARR,goo,2.0
68,True,True,TORONTO,MONTRÉAL,2025-04-27,1,Oshawa,OSHA,2025-04-27T21:44:50Z,2025-04-27T21:39:00Z,ARR,med,5.0
68,True,True,TORONTO,MONTRÉAL,2025-04-27,2,Cobourg,CBRG,2025-04-27T22:36:58Z,2025-04-27T22:14:00Z,ARR,bad,22.0
68,True,True,TORONTO,MONTRÉAL,2025-04-27,3,Belleville,BLVL,2025-04-27T23:09:54Z,2025-04-27T22:49:00Z,ARR,bad,20.0
68,True,True,TORONTO,MONTRÉAL,2025-04-27,4,Kingston,KGON,2025-04-27T23:46:03Z,2025-04-27T23:26:00Z,ARR,bad,20.0
68,True,True,TORONTO,MONTRÉAL,2025-04-27,5,Brockville,BRKV,2025-04-28T00:31:42Z,2025-04-28T00:11:00Z,ARR,bad,20.0
68,True,True,TORONTO,MONTRÉAL,2025-04-27,6,Cornwall,CWLL,2025-04-28T01:16:53Z,2025-04-28T00:57:00Z,ARR,bad,19.0
68,True,True,TORONTO,MONTRÉAL,2025-04-27,7,Dorval,DORV,2025-04-28T02:07:42Z,2025-04-28T01:47:00Z,ARR,bad,20.0
68,True,True,TORONTO,MONTRÉAL,2025-04-27,8,Montréal,MTRL,2025-04-28T02:35:05Z,2025-04-28T02:14:00Z,ARR,bad,21.0
646,True,True,TORONTO,OTTAWA,2025-04-27,0,Toronto,TRTO,2025-04-27T20:37:37Z,2025-04-27T20:37:00Z,ARR,goo,0.0
646,True,True,TORONTO,OTTAWA,2025-04-27,1,Oshawa,OSHA,2025-04-27T21:21:26Z,2025-04-27T21:09:00Z,ARR,med,12.0
646,True,True,TORONTO,OTTAWA,2025-04-27,2,Belleville,BLVL,2025-04-27T22:41:26Z,2025-04-27T22:13:00Z,ARR,bad,28.0
646,True,True,TORONTO,OTTAWA,2025-04-27,3,Fallowfield,FALL,2025-04-28T01:03:05Z,2025-04-28T00:23:00Z,ARR,bad,40.0
646,True,True,TORONTO,OTTAWA,2025-04-27,4,Ottawa,OTTW,2025-04-28T01:24:10Z,2025-04-28T00:46:00Z,ARR,bad,38.0
647,True,True,OTTAWA,TORONTO,2025-04-27,0,Ottawa,OTTW,2025-04-27T20:51:27Z,2025-04-27T20:51:00Z,ARR,goo,0.0
647,True,True,OTTAWA,TORONTO,2025-04-27,1,Fallowfield,FALL,2025-04-27T21:08:42Z,2025-04-27T21:09:00Z,ARR,goo,0.0
647,True,True,OTTAWA,TORONTO,2025-04-27,2,Kingston,KGON,2025-04-27T22:52:26Z,2025-04-27T22:55:00Z,ARR,goo,-2.0
647,True,True,OTTAWA,TORONTO,2025-04-27,3,Oshawa,OSHA,2025-04-28T01:01:01Z,2025-04-28T00:36:00Z,ARR,bad,25.0
647,True,True,OTTAWA,TORONTO,2025-04-27,4,Guildwood,GUIL,2025-04-28T01:27:31Z,2025-04-28T00:58:00Z,ARR,bad,29.0
647,True,True,OTTAWA,TORONTO,2025-04-27,5,Toronto,TRTO,2025-04-28T01:58:09Z,2025-04-28T01:18:00Z,ARR,bad,40.0
54,True,True,TORONTO,OTTAWA,2025-04-27,0,Toronto,TRTO,2025-04-27T21:37:34Z,2025-04-27T21:37:00Z,ARR,goo,0.0
54,True,True,TORONTO,OTTAWA,2025-04-27,1,Guildwood,GUIL,2025-04-27T21:56:39Z,2025-04-27T21:55:00Z,ARR,goo,1.0
54,True,True,TORONTO,OTTAWA,2025-04-27,2,Oshawa,OSHA,2025-04-27T22:29:56Z,2025-04-27T22:08:00Z,ARR,bad,21.0
54,True,True,TORONTO,OTTAWA,2025-04-27,3,Port Hope,PHOP,2025-04-27T22:55:34Z,2025-04-27T22:37:00Z,ARR,bad,18.0
54,True,True,TORONTO,OTTAWA,2025-04-27,4,Cobourg,CBRG,2025-04-27T23:03:59Z,2025-04-27T22:46:00Z,ARR,bad,17.0
54,True,True,TORONTO,OTTAWA,2025-04-27,5,Trenton Jct.,TRNJ,2025-04-27T23:41:01Z,2025-04-27T23:13:01Z,ARR,bad,28.0
54,True,True,TORONTO,OTTAWA,2025-04-27,6,Belleville,BLVL,2025-04-27T23:57:05Z,2025-04-27T23:27:00Z,ARR,bad,30.0
54,True,True,TORONTO,OTTAWA,2025-04-27,7,Napanee,NAPN,2025-04-28T00:15:51Z,2025-04-27T23:48:00Z,ARR,bad,27.0
54,True,True,TORONTO,OTTAWA,2025-04-27,8,Kingston,KGON,2025-04-28T00:34:46Z,2025-04-28T00:09:00Z,ARR,bad,25.0
54,True,True,TORONTO,OTTAWA,2025-04-27,9,Brockville,BRKV,2025-04-28T01:16:32Z,2025-04-28T00:54:00Z,ARR,bad,22.0
54,True,True,TORONTO,OTTAWA,2025-04-27,10,Smiths Falls,SMTF,2025-04-28T01:46:16Z,2025-04-28T01:25:00Z,ARR,bad,21.0
54,True,True,TORONTO,OTTAWA,2025-04-27,11,Fallowfield,FALL,2025-04-28T02:11:47Z,2025-04-28T01:52:00Z,ARR,bad,19.0
54,True,True,TORONTO,OTTAWA,2025-04-27,12,Ottawa,OTTW,2025-04-28T02:29:46Z,2025-04-28T02:13:00Z,ARR,bad,16.0
87,True,True,TORONTO,SARNIA,2025-04-27,0,Toronto,TRTO,2025-04-27T21:58:00Z,2025-04-27T21:40:00Z,ARR,bad,18.0
87,True,True,TORONTO,SARNIA,2025-04-27,1,Malton,MALT,2025-04-27T22:19:46Z,2025-04-27T22:00:00Z,ARR,bad,19.0
87,True,True,TORONTO,SARNIA,2025-04-27,2,Brampton,BRMP,2025-04-27T22:31:25Z,2025-04-27T22:12:00Z,ARR,bad,19.0
87,True,True,TORONTO,SARNIA,2025-04-27,3,Georgetown,GEOR,2025-04-27T22:48:02Z,2025-04-27T22:24:00Z,ARR,bad,24.0
87,True,True,TORONTO,SARNIA,2025-04-27,4,Guelph,GUEL,2025-04-27T23:09:59Z,2025-04-27T22:49:00Z,ARR,bad,20.0
87,True,True,TORONTO,SARNIA,2025-04-27,5,Kitchener,KITC,2025-04-27T23:34:30Z,2025-04-27T23:16:00Z,ARR,bad,18.0
87,True,True,TORONTO,SARNIA,2025-04-27,6,Stratford,STRF,2025-04-28T00:23:28Z,2025-04-27T23:57:00Z,ARR,bad,26.0
87,True,True,TORONTO,SARNIA,2025-04-27,7,St.Marys,SMYS,2025-04-28T01:06:15Z,2025-04-28T00:25:00Z,ARR,bad,41.0
87,True,True,TORONTO,SARNIA,2025-04-27,8,London,LNDN,2025-04-28T02:04:32Z,2025-04-28T01:13:00Z,ARR,bad,51.0
87,True,True,TORONTO,SARNIA,2025-04-27,9,Strathroy,STRR,2025-04-28T02:37:06Z,2025-04-28T01:39:00Z,ARR,bad,58.0
87,True,True,TORONTO,SARNIA,2025-04-27,10,Wyoming,WYOM,2025-04-28T03:08:00Z,2025-04-28T02:07:00Z,ARR,bad,61.0
87,True,True,TORONTO,SARNIA,2025-04-27,11,Sarnia,SARN,2025-04-28T03:26:44Z,2025-04-28T02:24:00Z,ARR,bad,62.0
75,True,True,TORONTO,WINDSOR,2025-04-27,0,Toronto,TRTO,2025-04-27T21:29:00Z,2025-04-27T21:22:00Z,ARR,med,7.0
75,True,True,TORONTO,WINDSOR,2025-04-27,1,Oakville,OAKV,2025-04-27T22:04:52Z,2025-04-27T21:45:00Z,ARR,bad,19.0
75,True,True,TORONTO,WINDSOR,2025-04-27,2,Aldershot,ALDR,2025-04-27T22:39:00Z,2025-04-27T22:01:00Z,ARR,bad,38.0
75,True,True,TORONTO,WINDSOR,2025-04-27,3,Brantford,BRTF,2025-04-27T23:11:11Z,2025-04-27T22:33:00Z,ARR,bad,38.0
75,True,True,TORONTO,WINDSOR,2025-04-27,4,Woodstock,WDST,2025-04-27T23:38:42Z,2025-04-27T23:04:00Z,ARR,bad,34.0
75,True,True,TORONTO,WINDSOR,2025-04-27,5,Ingersoll,INGR,2025-04-27T23:50:04Z,2025-04-27T23:19:00Z,ARR,bad,31.0
75,True,True,TORONTO,WINDSOR,2025-04-27,6,London,LNDN,2025-04-28T00:13:55Z,2025-04-27T23:47:00Z,ARR,bad,26.0
75,True,True,TORONTO,WINDSOR,2025-04-27,7,Glencoe,GLNC,2025-04-28T00:47:52Z,2025-04-28T00:21:00Z,ARR,bad,26.0
75,True,True,TORONTO,WINDSOR,2025-04-27,8,Chatham,CHAT,2025-04-28T01:27:06Z,2025-04-28T00:55:00Z,ARR,bad,32.0
75,True,True,TORONTO,WINDSOR,2025-04-27,9,Windsor,WDON,2025-04-28T02:10:42Z,2025-04-28T01:50:00Z,ARR,bad,20.0
98,True,True,NIAGARA FALLS,TORONTO,2025-04-27,0,Niagara Falls,NIAG,2025-04-27T21:45:00Z,2025-04-27T21:45:00Z,ARR,goo,0.0
98,True,True,NIAGARA FALLS,TORONTO,2025-04-27,1,St. Catharines,SCAT,2025-04-27T22:06:00Z,2025-04-27T22:06:00Z,ARR,goo,0.0
98,True,True,NIAGARA FALLS,TORONTO,2025-04-27,2,Grimsby,GRIM,2025-04-27T22:30:00Z,2025-04-27T22:26:00Z,ARR,goo,4.0
98,True,True,NIAGARA FALLS,TORONTO,2025-04-27,3,Aldershot,ALDR,2025-04-27T23:06:00Z,2025-04-27T23:02:00Z,ARR,goo,4.0
98,True,True,NIAGARA FALLS,TORONTO,2025-04-27,4,Oakville,OAKV,2025-04-27T23:24:00Z,2025-04-27T23:16:00Z,ARR,med,8.0
98,True,True,NIAGARA FALLS,TORONTO,2025-04-27,5,Toronto,TRTO,2025-04-27T23:50:00Z,2025-04-27T23:43:00Z,ARR,med,7.0
29,True,True,QUÉBEC,MONTRÉAL,2025-04-27,0,Québec,QBEC,2025-04-27T21:41:00Z,2025-04-27T21:41:00Z,ARR,goo,0.0
29,True,True,QUÉBEC,MONTRÉAL,2025-04-27,1,Ste-Foy,SFOY,2025-04-27T22:07:48Z,2025-04-27T22:06:00Z,ARR,goo,1.0
29,True,True,QUÉBEC,MONTRÉAL,2025-04-27,2,Drummondville,DRMV,2025-04-27T23:51:36Z,2025-04-27T23:42:00Z,ARR,med,9.0
29,True,True,QUÉBEC,MONTRÉAL,2025-04-27,3,St. Hyacinthe,SHYA,2025-04-28T00:33:33Z,2025-04-28T00:18:00Z,ARR,bad,15.0
29,True,True,QUÉBEC,MONTRÉAL,2025-04-27,4,St. Lambert,SLAM,2025-04-28T01:07:12Z,2025-04-28T00:45:00Z,ARR,bad,22.0
29,True,True,QUÉBEC,MONTRÉAL,2025-04-27,5,Montréal,MTRL,2025-04-28T01:21:51Z,2025-04-28T01:00:00Z,ARR,bad,21.0
668,True,True,TORONTO,MONTRÉAL,2025-04-27,0,Toronto,TRTO,2025-04-27T22:08:24Z,2025-04-27T22:07:00Z,ARR,goo,1.0
668,True,True,TORONTO,MONTRÉAL,2025-04-27,1,Guildwood,GUIL,2025-04-27T22:37:36Z,2025-04-27T22:25:00Z,ARR,med,12.0
668,True,True,TORONTO,MONTRÉAL,2025-04-27,2,Oshawa,OSHA,2025-04-27T22:58:02Z,2025-04-27T22:39:00Z,ARR,bad,19.0
668,True,True,TORONTO,MONTRÉAL,2025-04-27,3,Kingston,KGON,2025-04-28T00:43:09Z,2025-04-28T00:22:00Z,ARR,bad,21.0
668,True,True,TORONTO,MONTRÉAL,2025-04-27,4,Cornwall,CWLL,2025-04-28T02:03:59Z,2025-04-28T01:49:00Z,ARR,med,14.0
668,True,True,TORONTO,MONTRÉAL,2025-04-27,5,Dorval,DORV,2025-04-28T02:51:02Z,2025-04-28T02:38:00Z,ARR,med,13.0
668,True,True,TORONTO,MONTRÉAL,2025-04-27,6,Montréal,MTRL,2025-04-28T03:16:31Z,2025-04-28T03:04:00Z,ARR,med,12.0
59,True,True,OTTAWA,TORONTO,2025-04-27,0,Ottawa,OTTW,2025-04-27T22:03:00Z,2025-04-27T22:03:00Z,ARR,goo,0.0
59,True,True,OTTAWA,TORONTO,2025-04-27,1,Fallowfield,FALL,2025-04-27T22:18:30Z,2025-04-27T22:20:00Z,ARR,goo,-1.0
59,True,True,OTTAWA,TORONTO,2025-04-27,2,Smiths Falls,SMTF,2025-04-27T22:53:30Z,2025-04-27T22:51:00Z,ARR,goo,2.0
59,True,True,OTTAWA,TORONTO,2025-04-27,3,Brockville,BRKV,2025-04-27T23:28:36Z,2025-04-27T23:25:00Z,ARR,goo,3.0
59,True,True,OTTAWA,TORONTO,2025-04-27,4,Kingston,KGON,2025-04-28T00:16:15Z,2025-04-28T00:10:00Z,ARR,med,6.0
59,True,True,OTTAWA,TORONTO,2025-04-27,5,Belleville,BLVL,2025-04-28T01:04:16Z,2025-04-28T00:51:00Z,ARR,med,13.0
59,True,True,OTTAWA,TORONTO,2025-04-27,6,Trenton Jct.,TRNJ,2025-04-28T01:19:08Z,2025-04-28T01:05:00Z,ARR,med,14.0
59,True,True,OTTAWA,TORONTO,2025-04-27,7,Cobourg,CBRG,2025-04-28T01:55:16Z,2025-04-28T01:31:00Z,ARR,bad,24.0
59,True,True,OTTAWA,TORONTO,2025-04-27,8,Oshawa,OSHA,2025-04-28T02:39:43Z,2025-04-28T02:05:00Z,ARR,bad,34.0
59,True,True,OTTAWA,TORONTO,2025-04-27,9,Guildwood,GUIL,2025-04-28T03:01:39Z,2025-04-28T02:28:00Z,ARR,bad,33.0
59,True,True,OTTAWA,TORONTO,2025-04-27,10,Toronto,TRTO,2025-04-28T03:29:27Z,2025-04-28T02:48:00Z,ARR,bad,41.0
78,True,True,WINDSOR,TORONTO,2025-04-27,0,Windsor,WDON,2025-04-27T21:40:00Z,2025-04-27T21:40:00Z,ARR,goo,0.0
78,True,True,WINDSOR,TORONTO,2025-04-27,1,Chatham,CHAT,2025-04-27T22:23:40Z,2025-04-27T22:24:00Z,ARR,goo,0.0
78,True,True,WINDSOR,TORONTO,2025-04-27,2,Glencoe,GLNC,2025-04-27T23:08:46Z,2025-04-27T22:59:00Z,ARR,med,9.0
78,True,True,WINDSOR,TORONTO,2025-04-27,3,London,LNDN,2025-04-27T23:41:12Z,2025-04-27T23:32:00Z,ARR,med,9.0
78,True,True,WINDSOR,TORONTO,2025-04-27,4,Ingersoll,INGR,2025-04-28T00:06:59Z,2025-04-27T23:57:00Z,ARR,med,9.0
78,True,True,WINDSOR,TORONTO,2025-04-27,5,Woodstock,WDST,2025-04-28T00:15:55Z,2025-04-28T00:08:00Z,ARR,med,7.0
78,True,True,WINDSOR,TORONTO,2025-04-27,6,Brantford,BRTF,2025-04-28T00:46:36Z,2025-04-28T00:39:00Z,ARR,med,7.0
78,True,True,WINDSOR,TORONTO,2025-04-27,7,Aldershot,ALDR,2025-04-28T01:16:36Z,2025-04-28T01:09:00Z,ARR,med,7.0
78,True,True,WINDSOR,TORONTO,2025-04-27,8,Oakville,OAKV,2025-04-28T01:35:11Z,2025-04-28T01:24:00Z,ARR,med,11.0
78,True,True,WINDSOR,TORONTO,2025-04-27,9,Toronto,TRTO,2025-04-28T02:00:36Z,2025-04-28T01:50:00Z,ARR,med,10.0
38,True,True,OTTAWA,MONTRÉAL,2025-04-27,0,Ottawa,OTTW,2025-04-27T21:55:11Z,2025-04-27T21:55:00Z,ARR,goo,0.0
38,True,True,OTTAWA,MONTRÉAL,2025-04-27,1,Casselman,CSLM,2025-04-27T22:20:14Z,2025-04-27T22:26:00Z,ARR,goo,-5.0
38,True,True,OTTAWA,MONTRÉAL,2025-04-27,2,Alexandria,ALEX,2025-04-27T22:44:13Z,2025-04-27T22:49:00Z,ARR,goo,-4.0
38,True,True,OTTAWA,MONTRÉAL,2025-04-27,3,Dorval,DORV,2025-04-27T23:45:55Z,2025-04-27T23:33:00Z,ARR,med,12.0
38,True,True,OTTAWA,MONTRÉAL,2025-04-27,4,Montréal,MTRL,2025-04-28T00:11:13Z,2025-04-27T23:57:00Z,ARR,med,14.0
14,True,False,MONTRÉAL,HALIFAX,2025-04-27,0,Montréal,MTRL,2025-04-27T22:37:00Z,2025-04-27T22:30:00Z,ARR,med,7.0
14,True,False,MONTRÉAL,HALIFAX,2025-04-27,1,St. Lambert,SLAM,2025-04-27T22:59:45Z,2025-04-27T22:45:00Z,ARR,med,14.0
14,True,False,MONTRÉAL,HALIFAX,2025-04-27,2,St. Hyacinthe,SHYA,2025-04-27T23:33:57Z,2025-04-27T23:23:00Z,ARR,med,10.0
14,True,False,MONTRÉAL,HALIFAX,2025-04-27,3,Drummondville,DRMV,2025-04-28T00:12:53Z,2025-04-28T00:04:00Z,ARR,med,8.0
14,True,False,MONTRÉAL,HALIFAX,2025-04-27,4,Ste-Foy,SFOY,2025-04-28T01:42:11Z,2025-04-28T01:48:00Z,ARR,goo,-5.0
14,True,False,MONTRÉAL,HALIFAX,2025-04-27,5,Montmagny,MMGY,2025-04-28T03:12:43Z,2025-04-28T03:17:00Z,ARR,goo,-4.0
14,True,False,MONTRÉAL,HALIFAX,2025-04-27,6,La Pocatière,LPOC,2025-04-28T03:45:16Z,2025-04-28T03:50:00Z,ARR,goo,-4.0
14,True,False,MONTRÉAL,HALIFAX,2025-04-27,7,Rivière-Du-Loup,RDLX,2025-04-28T04:26:16Z,2025-04-28T04:31:00Z,38 mins,goo,-4.0
14,True,False,MONTRÉAL,HALIFAX,2025-04-27,8,Trois Pistoles,TPIS,2025-04-28T05:15:00Z,2025-04-28T05:15:00Z,1h27,goo,0.0
14,True,False,MONTRÉAL,HALIFAX,2025-04-27,9,Rimouski,RMSK,2025-04-28T06:24:00Z,2025-04-28T06:24:00Z,2h36,goo,0.0
14,True,False,MONTRÉAL,HALIFAX,2025-04-27,10,Mont-Joli,MJLI,2025-04-28T07:04:00Z,2025-04-28T07:04:00Z,3h16,goo,0.0
14,True,False,MONTRÉAL,HALIFAX,2025-04-27,11,Sayabec,SAYA,2025-04-28T08:09:00Z,2025-04-28T08:09:00Z,4h21,goo,0.0
14,True,False,MONTRÉAL,HALIFAX,2025-04-27,12,Amqui,AMQU,2025-04-28T08:30:00Z,2025-04-28T08:30:00Z,4h42,goo,0.0
14,True,False,MONTRÉAL,HALIFAX,2025-04-27,13,Causapscal,CAUS,2025-04-28T08:52:00Z,2025-04-28T08:52:00Z,5h04,goo,0.0
14,True,False,MONTRÉAL,HALIFAX,2025-04-27,14,Matapedia,MTPD,2025-04-28T09:38:00Z,2025-04-28T09:38:00Z,5h50,goo,0.0
14,True,False,MONTRÉAL,HALIFAX,2025-04-27,15,Campbellton,CBTN,2025-04-28T10:23:00Z,2025-04-28T10:23:00Z,6h35,goo,0.0
14,True,False,MONTRÉAL,HALIFAX,2025-04-27,16,Charlo,CHLO,2025-04-28T11:06:00Z,2025-04-28T11:06:00Z,7h18,goo,0.0
14,True,False,MONTRÉAL,HALIFAX,2025-04-27,17,Jacquet River,JACR,2025-04-28T11:30:00Z,2025-04-28T11:30:00Z,7h42,goo,0.0
14,True,False,MONTRÉAL,HALIFAX,2025-04-27,18,Petit Rocher,PROC,2025-04-28T11:53:00Z,2025-04-28T11:53:00Z,8h05,goo,0.0
14,True,False,MONTRÉAL,HALIFAX,2025-04-27,19,Bathurst,BTRS,2025-04-28T12:42:00Z,2025-04-28T12:42:00Z,8h54,goo,0.0
14,True,False,MONTRÉAL,HALIFAX,2025-04-27,20,Miramichi,MIRA,2025-04-28T14:33:00Z,2025-04-28T14:33:00Z,10h45,goo,0.0
14,True,False,MONTRÉAL,HALIFAX,2025-04-27,21,Rogersville,RGRV,2025-04-28T15:28:00Z,2025-04-28T15:28:00Z,11h40,goo,0.0
14,True,False,MONTRÉAL,HALIFAX,2025-04-27,22,Moncton,MCTN,2025-04-28T16:38:00Z,2025-04-28T16:38:00Z,12h50,goo,0.0
14,True,False,MONTRÉAL,HALIFAX,2025-04-27,23,Sackville,SACK,2025-04-28T17:38:00Z,2025-04-28T17:38:00Z,13h50,goo,0.0
669,True,False,MONTRÉAL,TORONTO,2025-04-27,0,Montréal,MTRL,2025-04-27T22:09:58Z,2025-04-27T22:09:00Z,ARR,goo,0.0
669,True,False,MONTRÉAL,TORONTO,2025-04-27,1,Dorval,DORV,2025-04-27T22:37:30Z,2025-04-27T22:34:00Z,ARR,goo,3.0
669,True,False,MONTRÉAL,TORONTO,2025-04-27,2,Cornwall,CWLL,2025-04-27T23:51:49Z,2025-04-27T23:26:00Z,ARR,bad,25.0
669,True,False,MONTRÉAL,TORONTO,2025-04-27,3,Kingston,KGON,2025-04-28T01:32:15Z,2025-04-28T00:52:00Z,ARR,bad,40.0
669,True,False,MONTRÉAL,TORONTO,2025-04-27,4,Oshawa,OSHA,2025-04-28T03:44:37Z,2025-04-28T02:35:00Z,ARR,bad,69.0
669,True,False,MONTRÉAL,TORONTO,2025-04-27,5,Toronto,TRTO,2025-04-28T04:27:37Z,2025-04-28T03:18:00Z,39 mins,bad,69.0
48,True,False,TORONTO,OTTAWA,2025-04-27,0,Toronto,TRTO,2025-04-27T22:53:00Z,2025-04-27T22:37:00Z,ARR,bad,16.0
48,True,False,TORONTO,OTTAWA,2025-04-27,1,Oshawa,OSHA,2025-04-27T23:42:17Z,2025-04-27T23:08:00Z,ARR,bad,34.0
48,True,False,TORONTO,OTTAWA,2025-04-27,2,Port Hope,PHOP,2025-04-28T00:26:14Z,2025-04-27T23:36:00Z,ARR,bad,50.0
48,True,False,TORONTO,OTTAWA,2025-04-27,3,Cobourg,CBRG,2025-04-28T00:34:36Z,2025-04-27T23:45:00Z,ARR,bad,49.0
48,True,False,TORONTO,OTTAWA,2025-04-27,4,Trenton Jct.,TRNJ,2025-04-28T01:08:25Z,2025-04-28T00:12:01Z,ARR,bad,56.0
48,True,False,TORONTO,OTTAWA,2025-04-27,5,Belleville,BLVL,2025-04-28T01:22:23Z,2025-04-28T00:25:00Z,ARR,bad,57.0
48,True,False,TORONTO,OTTAWA,2025-04-27,6,Napanee,NAPN,2025-04-28T01:51:26Z,2025-04-28T00:46:00Z,ARR,bad,65.0
48,True,False,TORONTO,OTTAWA,2025-04-27,7,Kingston,KGON,2025-04-28T02:14:09Z,2025-04-28T01:06:00Z,ARR,bad,68.0
48,True,False,TORONTO,OTTAWA,2025-04-27,8,Gananoque,GANA,2025-04-28T02:41:39Z,2025-04-28T01:28:00Z,ARR,bad,73.0
48,True,False,TORONTO,OTTAWA,2025-04-27,9,Brockville,BRKV,2025-04-28T03:10:50Z,2025-04-28T01:53:00Z,ARR,bad,77.0
48,True,False,TORONTO,OTTAWA,2025-04-27,10,Smiths Falls,SMTF,2025-04-28T03:41:26Z,2025-04-28T02:24:00Z,ARR,bad,77.0
48,True,False,TORONTO,OTTAWA,2025-04-27,11,Fallowfield,FALL,2025-04-28T04:07:53Z,2025-04-28T02:51:00Z,20 mins,bad,76.0
48,True,False,TORONTO,OTTAWA,2025-04-27,12,Ottawa,OTTW,2025-04-28T04:27:53Z,2025-04-28T03:11:00Z,40 mins,bad,76.0
79,True,False,TORONTO,WINDSOR,2025-04-27,0,Toronto,TRTO,2025-04-27T23:45:25Z,2025-04-27T23:45:00Z,ARR,goo,0.0
79,True,False,TORONTO,WINDSOR,2025-04-27,1,Oakville,OAKV,2025-04-28T00:14:20Z,2025-04-28T00:07:00Z,ARR,med,7.0
79,True,False,TORONTO,WINDSOR,2025-04-27,2,Aldershot,ALDR,2025-04-28T00:32:24Z,2025-04-28T00:22:00Z,ARR,med,10.0
79,True,False,TORONTO,WINDSOR,2025-04-27,3,Brantford,BRTF,2025-04-28T01:06:07Z,2025-04-28T00:50:00Z,ARR,bad,16.0
79,True,False,TORONTO,WINDSOR,2025-04-27,4,Woodstock,WDST,2025-04-28T01:35:07Z,2025-04-28T01:17:00Z,ARR,bad,18.0
79,True,False,TORONTO,WINDSOR,2025-04-27,5,Ingersoll,INGR,2025-04-28T01:47:08Z,2025-04-28T01:30:00Z,ARR,bad,17.0
79,True,False,TORONTO,WINDSOR,2025-04-27,6,London,LNDN,2025-04-28T02:11:56Z,2025-04-28T01:52:00Z,ARR,bad,19.0
79,True,False,TORONTO,WINDSOR,2025-04-27,7,Glencoe,GLNC,2025-04-28T02:47:40Z,2025-04-28T02:25:00Z,ARR,bad,22.0
79,True,False,TORONTO,WINDSOR,2025-04-27,8,Chatham,CHAT,2025-04-28T03:25:11Z,2025-04-28T02:57:00Z,ARR,bad,28.0
79,True,False,TORONTO,WINDSOR,2025-04-27,9,Windsor,WDON,2025-04-28T04:08:34Z,2025-04-28T03:44:00Z,20 mins,bad,24.0
606,True,False,SENNETERRE,MONTRÉAL,2025-04-27,0,Montréal,MTRL,&mdash;,2025-04-28T02:46:00Z,&mdash;,,
