train_id,departed,arrived,from,to,instance,stop_id,station,code,estimated,scheduled,eta,diff,diffMin
1 (09-17),True,False,TORONTO,VANCOUVER,2025-09-17,0,Toronto,TRTO,2025-09-17T13:55:04Z,2025-09-17T13:55:00Z,ARR,goo,0.0
1 (09-17),True,False,TORONTO,VANCOUVER,2025-09-17,1,Washago,WSHG,2025-09-17T16:57:07Z,2025-09-17T16:25:00Z,ARR,bad,32.0
1 (09-17),True,False,TORONTO,VANCOUVER,2025-09-17,2,South Parry,SPAR,2025-09-17T18:47:37Z,2025-09-17T18:27:00Z,ARR,bad,20.0
1 (09-17),True,False,TORONTO,VANCOUVER,2025-09-17,3,Sudbury (Jct.),SUDJ,2025-09-17T21:22:47Z,2025-09-17T20:57:00Z,ARR,bad,25.0
1 (09-17),True,False,TORONTO,VANCOUVER,2025-09-17,4,Capreol,CAPR,2025-09-17T21:54:54Z,2025-09-17T21:22:00Z,ARR,bad,32.0
1 (09-17),True,False,TORONTO,VANCOUVER,2025-09-17,5,Laforest,LAFO,2025-09-17T23:09:05Z,2025-09-17T22:48:00Z,ARR,bad,21.0
1 (09-17),True,False,TORONTO,VANCOUVER,2025-09-17,6,McKee's Camp,MCKC,2025-09-17T23:22:05Z,2025-09-17T23:01:00Z,ARR,bad,21.0
1 (09-17),True,False,TORONTO,VANCOUVER,2025-09-17,7,Felix,FELX,2025-09-17T23:42:05Z,2025-09-17T23:21:00Z,ARR,bad,21.0
1 (09-17),True,False,TORONTO,VANCOUVER,2025-09-17,8,Ruel,RUEL,2025-09-17T23:49:05Z,2025-09-17T23:28:00Z,ARR,bad,21.0
1 (09-17),True,False,TORONTO,VANCOUVER,2025-09-17,9,Westree,WSTR,2025-09-18T00:42:00Z,2025-09-17T23:45:00Z,ARR,bad,57.0
1 (09-17),True,False,TORONTO,VANCOUVER,2025-09-17,10,Gogama,GOGA,2025-09-18T01:13:14Z,2025-09-18T00:18:00Z,ARR,bad,55.0
1 (09-17),True,False,TORONTO,VANCOUVER,2025-09-17,11,Foleyet,FOLE,2025-09-18T03:06:13Z,2025-09-18T02:44:00Z,ARR,bad,22.0
1 (09-17),True,False,TORONTO,VANCOUVER,2025-09-17,12,Elsas,ELSA,2025-09-18T04:13:24Z,2025-09-18T03:38:00Z,ARR,bad,35.0
1 (09-17),True,False,TORONTO,VANCOUVER,2025-09-17,13,Oba,OBAX,2025-09-18T06:13:24Z,2025-09-18T05:38:00Z,ARR,bad,35.0
1 (09-17),True,False,TORONTO,VANCOUVER,2025-09-17,14,Hornepayne,HNPN,2025-09-18T06:42:05Z,2025-09-18T06:29:00Z,ARR,med,13.0
1 (09-17),True,False,TORONTO,VANCOUVER,2025-09-17,15,Hillsport,HLSP,2025-09-18T08:21:16Z,2025-09-18T08:05:00Z,ARR,bad,16.0
1 (09-17),True,False,TORONTO,VANCOUVER,2025-09-17,16,Caramat,CARA,2025-09-18T09:03:47Z,2025-09-18T08:55:00Z,ARR,med,8.0
1 (09-17),True,False,TORONTO,VANCOUVER,2025-09-17,17,Longlac,LLAC,2025-09-18T09:27:37Z,2025-09-18T09:34:00Z,ARR,goo,-6.0
1 (09-17),True,False,TORONTO,VANCOUVER,2025-09-17,18,Nakina,NAKI,2025-09-18T10:24:08Z,2025-09-18T10:13:00Z,ARR,med,11.0
1 (09-17),True,False,TORONTO,VANCOUVER,2025-09-17,19,Auden,AUDN,2025-09-18T11:35:32Z,2025-09-18T11:19:00Z,ARR,bad,16.0
1 (09-17),True,False,TORONTO,VANCOUVER,2025-09-17,20,Ferland,FERL,2025-09-18T12:12:32Z,2025-09-18T11:56:00Z,ARR,bad,16.0
1 (09-17),True,False,TORONTO,VANCOUVER,2025-09-17,21,Mud River,MUDR,2025-09-18T12:21:32Z,2025-09-18T12:05:00Z,ARR,bad,16.0
1 (09-17),True,False,TORONTO,VANCOUVER,2025-09-17,22,Armstrong,ARMG,2025-09-18T13:33:32Z,2025-09-18T13:17:00Z,ARR,bad,16.0
1 (09-17),True,False,TORONTO,VANCOUVER,2025-09-17,23,Collins,COLL,2025-09-18T13:47:42Z,2025-09-18T13:47:00Z,ARR,goo,0.0
1 (09-17),True,False,TORONTO,VANCOUVER,2025-09-17,24,Allanwater Bridge,ALWB,2025-09-18T14:26:42Z,2025-09-18T14:26:00Z,ARR,goo,0.0
1 (09-17),True,False,TORONTO,VANCOUVER,2025-09-17,25,Flindt Landing,FLTL,2025-09-18T14:42:42Z,2025-09-18T14:42:00Z,ARR,goo,0.0
1 (09-17),True,False,TORONTO,VANCOUVER,2025-09-17,26,Savant Lake,SAVL,2025-09-18T14:59:42Z,2025-09-18T14:59:00Z,ARR,goo,0.0
1 (09-17),True,False,TORONTO,VANCOUVER,2025-09-17,27,Sioux Lookout,SLKT,2025-09-18T17:04:59Z,2025-09-18T16:25:00Z,ARR,bad,39.0
1 (09-17),True,False,TORONTO,VANCOUVER,2025-09-17,28,Richan,RCHN,2025-09-18T18:28:15Z,2025-09-18T18:05:00Z,ARR,bad,23.0
1 (09-17),True,False,TORONTO,VANCOUVER,2025-09-17,29,Red Lake Road,RLRX,2025-09-18T19:14:16Z,2025-09-18T18:41:00Z,ARR,bad,33.0
1 (09-17),True,False,TORONTO,VANCOUVER,2025-09-17,30,Canyon,CNYK,2025-09-18T19:39:47Z,2025-09-18T19:10:00Z,ARR,bad,29.0
1 (09-17),True,False,TORONTO,VANCOUVER,2025-09-17,31,Farlane,FARL,2025-09-18T20:50:11Z,2025-09-18T19:47:00Z,ARR,bad,63.0
1 (09-17),True,False,TORONTO,VANCOUVER,2025-09-17,32,Redditt,RDDT,2025-09-18T21:02:45Z,2025-09-18T20:23:00Z,ARR,bad,39.0
1 (09-17),True,False,TORONTO,VANCOUVER,2025-09-17,33,Minaki,MNKI,2025-09-18T21:20:28Z,2025-09-18T20:44:00Z,ARR,bad,36.0
1 (09-17),True,False,TORONTO,VANCOUVER,2025-09-17,34,Ottermere,OTTM,2025-09-18T21:37:30Z,2025-09-18T21:01:00Z,ARR,bad,36.0
1 (09-17),True,False,TORONTO,VANCOUVER,2025-09-17,35,Malachi,MLCH,2025-09-18T21:46:52Z,2025-09-18T21:07:00Z,ARR,bad,39.0
1 (09-17),True,False,TORONTO,VANCOUVER,2025-09-17,36,Copelands Landing,COPE,2025-09-18T21:48:52Z,2025-09-18T21:09:00Z,ARR,bad,39.0
1 (09-17),True,False,TORONTO,VANCOUVER,2025-09-17,37,Rice Lake,RCLK,2025-09-18T21:55:11Z,2025-09-18T21:12:00Z,ARR,bad,43.0
1 (09-17),True,False,TORONTO,VANCOUVER,2025-09-17,38,Winnitoba,WNTB,2025-09-18T22:06:05Z,2025-09-18T21:26:00Z,ARR,bad,40.0
1 (09-17),True,False,TORONTO,VANCOUVER,2025-09-17,39,Ophir,OPHR,2025-09-18T22:04:05Z,2025-09-18T21:31:00Z,ARR,bad,33.0
1 (09-17),True,False,TORONTO,VANCOUVER,2025-09-17,40,Brereton Lake,BRTL,2025-09-18T22:16:42Z,2025-09-18T21:49:00Z,ARR,bad,27.0
1 (09-17),True,False,TORONTO,VANCOUVER,2025-09-17,41,Elma,ELMA,2025-09-18T22:32:00Z,2025-09-18T22:10:00Z,ARR,bad,22.0
1 (09-17),True,False,TORONTO,VANCOUVER,2025-09-17,42,Winnipeg,WNPG,2025-09-18T23:31:32Z,2025-09-19T00:30:00Z,ARR,goo,-58.0
1 (09-17),True,False,TORONTO,VANCOUVER,2025-09-17,43,Portage La Prairie,PLPX,2025-09-19T04:23:36Z,2025-09-19T04:04:00Z,ARR,bad,19.0
1 (09-17),True,False,TORONTO,VANCOUVER,2025-09-17,44,Rivers,RVRS,2025-09-19T06:50:54Z,2025-09-19T06:31:00Z,ARR,bad,19.0
1 (09-17),True,False,TORONTO,VANCOUVER,2025-09-17,45,Melville,MELV,2025-09-19T11:56:45Z,2025-09-19T10:54:00Z,ARR,bad,62.0
1 (09-17),True,False,TORONTO,VANCOUVER,2025-09-17,46,Watrous,WATR,2025-09-19T15:12:37Z,2025-09-19T13:54:00Z,ARR,bad,78.0
1 (09-17),True,False,TORONTO,VANCOUVER,2025-09-17,47,Saskatoon,SASK,2025-09-19T16:39:51Z,2025-09-19T15:50:00Z,ARR,bad,49.0
1 (09-17),True,False,TORONTO,VANCOUVER,2025-09-17,48,Biggar,BIGG,2025-09-19T20:30:07Z,2025-09-19T18:29:00Z,ARR,bad,121.0
1 (09-17),True,False,TORONTO,VANCOUVER,2025-09-17,49,Unity,UNIT,2025-09-19T21:25:55Z,2025-09-19T19:44:00Z,ARR,bad,101.0
1 (09-17),True,False,TORONTO,VANCOUVER,2025-09-17,50,Wainwright,WAIN,2025-09-20T00:13:56Z,2025-09-19T22:33:00Z,ARR,bad,100.0
1 (09-17),True,False,TORONTO,VANCOUVER,2025-09-17,51,Viking,VKNG,2025-09-20T01:41:42Z,2025-09-19T23:26:00Z,ARR,bad,135.0
1 (09-17),True,False,TORONTO,VANCOUVER,2025-09-17,52,Edmonton,EDMO,2025-09-20T03:53:32Z,2025-09-20T02:50:00Z,ARR,bad,63.0
1 (09-17),True,False,TORONTO,VANCOUVER,2025-09-17,53,Evansburg,EVAN,2025-09-20T07:52:25Z,2025-09-20T07:29:00Z,ARR,bad,23.0
1 (09-17),True,False,TORONTO,VANCOUVER,2025-09-17,54,Edson,EDSN,2025-09-20T10:41:25Z,2025-09-20T08:52:00Z,ARR,bad,109.0
1 (09-17),True,False,TORONTO,VANCOUVER,2025-09-17,55,Hinton,HINT,2025-09-20T13:09:12Z,2025-09-20T09:58:00Z,ARR,bad,191.0
1 (09-17),True,False,TORONTO,VANCOUVER,2025-09-17,56,Jasper,JASP,2025-09-20T14:59:42Z,2025-09-20T12:30:00Z,ARR,bad,149.0
1 (09-17),True,False,TORONTO,VANCOUVER,2025-09-17,57,Valemount,VLMT,2025-09-20T19:04:10Z,2025-09-20T17:50:00Z,ARR,bad,74.0
1 (09-17),True,False,TORONTO,VANCOUVER,2025-09-17,58,Blue River,BLUE,2025-09-20T22:10:38Z,2025-09-20T20:36:00Z,ARR,bad,94.0
1 (09-17),True,False,TORONTO,VANCOUVER,2025-09-17,59,Clearwater,CLWT,2025-09-21T00:37:20Z,2025-09-20T22:45:00Z,ARR,bad,112.0
1 (09-17),True,False,TORONTO,VANCOUVER,2025-09-17,60,Kamloops North,KAMN,2025-09-21T02:39:27Z,2025-09-21T01:28:00Z,ARR,bad,71.0
1 (09-17),True,False,TORONTO,VANCOUVER,2025-09-17,61,Ashcroft,ASHN,2025-09-21T04:41:32Z,2025-09-21T03:49:00Z,45 mins,bad,52.0
1 (09-17),True,False,TORONTO,VANCOUVER,2025-09-17,62,Boston Bar,BBAR,2025-09-21T07:28:32Z,2025-09-21T06:36:00Z,3h32,bad,52.0
1 (09-17),True,False,TORONTO,VANCOUVER,2025-09-17,63,Hope,HOPE,&mdash;,2025-09-21T08:06:00Z,&mdash;,,
1 (09-17),True,False,TORONTO,VANCOUVER,2025-09-17,64,Chilliwack,CHIL,&mdash;,2025-09-21T08:30:00Z,&mdash;,,
1 (09-17),True,False,TORONTO,VANCOUVER,2025-09-17,65,Abbotsford,ABBO,&mdash;,2025-09-21T09:00:00Z,&mdash;,,
1 (09-17),True,False,TORONTO,VANCOUVER,2025-09-17,66,Vancouver,VCVR,&mdash;,2025-09-21T15:00:00Z,&mdash;,,
692 (09-18),True,True,CHURCHILL,WINNIPEG,2025-09-18,0,Churchill,CHUR,2025-09-19T01:30:00Z,2025-09-19T01:30:00Z,ARR,goo,0.0
692 (09-18),True,True,CHURCHILL,WINNIPEG,2025-09-18,1,Tidal,TIDL,2025-09-19T01:57:23Z,2025-09-19T01:52:00Z,ARR,med,5.0
692 (09-18),True,True,CHURCHILL,WINNIPEG,2025-09-18,2,Chesnaye,CHES,2025-09-19T02:50:03Z,2025-09-19T02:38:00Z,ARR,med,12.0
692 (09-18),True,True,CHURCHILL,WINNIPEG,2025-09-18,3,M'Clintock,MCLI,2025-09-19T04:06:03Z,2025-09-19T03:54:00Z,ARR,med,12.0
692 (09-18),True,True,CHURCHILL,WINNIPEG,2025-09-18,4,O'Day,ODAY,2025-09-19T04:51:03Z,2025-09-19T04:39:00Z,ARR,med,12.0
692 (09-18),True,True,CHURCHILL,WINNIPEG,2025-09-18,5,Herchmer,HERC,2025-09-19T05:30:03Z,2025-09-19T05:18:00Z,ARR,med,12.0
692 (09-18),True,True,CHURCHILL,WINNIPEG,2025-09-18,6,Thibaudeau,THIB,2025-09-19T06:56:03Z,2025-09-19T06:44:00Z,ARR,med,12.0
692 (09-18),True,True,CHURCHILL,WINNIPEG,2025-09-18,7,Weir River,WEIR,2025-09-19T07:54:17Z,2025-09-19T07:46:00Z,ARR,med,8.0
692 (09-18),True,True,CHURCHILL,WINNIPEG,2025-09-18,8,Amery,AMRY,2025-09-19T08:34:55Z,2025-09-19T08:37:00Z,ARR,goo,-2.0
692 (09-18),True,True,CHURCHILL,WINNIPEG,2025-09-18,9,Bird,BIRD,2025-09-19T09:02:59Z,2025-09-19T09:00:00Z,ARR,goo,2.0
692 (09-18),True,True,CHURCHILL,WINNIPEG,2025-09-18,10,Gillam,GILL,2025-09-19T09:48:13Z,2025-09-19T10:00:00Z,ARR,goo,-11.0
692 (09-18),True,True,CHURCHILL,WINNIPEG,2025-09-18,11,Wivenhoe,WVHO,2025-09-19T11:16:33Z,2025-09-19T11:16:00Z,ARR,goo,0.0
692 (09-18),True,True,CHURCHILL,WINNIPEG,2025-09-18,12,Ilford,ILFO,2025-09-19T11:51:27Z,2025-09-19T11:53:00Z,ARR,goo,-1.0
692 (09-18),True,True,CHURCHILL,WINNIPEG,2025-09-18,13,Pit Siding,PITS,2025-09-19T13:00:23Z,2025-09-19T12:54:00Z,ARR,med,6.0
692 (09-18),True,True,CHURCHILL,WINNIPEG,2025-09-18,14,Bridgar,BRGR,2025-09-19T14:22:23Z,2025-09-19T14:16:00Z,ARR,med,6.0
692 (09-18),True,True,CHURCHILL,WINNIPEG,2025-09-18,15,Pikwitonei,PIKW,2025-09-19T14:33:23Z,2025-09-19T14:27:00Z,ARR,med,6.0
692 (09-18),True,True,CHURCHILL,WINNIPEG,2025-09-18,16,Sipiwesk,SIPI,2025-09-19T15:00:23Z,2025-09-19T14:54:00Z,ARR,med,6.0
692 (09-18),True,True,CHURCHILL,WINNIPEG,2025-09-18,17,Thompson,THOM,2025-09-19T18:12:34Z,2025-09-19T16:30:00Z,ARR,bad,102.0
692 (09-18),True,True,CHURCHILL,WINNIPEG,2025-09-18,18,Leven,LEVN,2025-09-19T21:43:31Z,2025-09-19T21:05:00Z,ARR,bad,38.0
692 (09-18),True,True,CHURCHILL,WINNIPEG,2025-09-18,19,Thicket Portage,THKP,2025-09-19T21:22:00Z,2025-09-19T21:22:00Z,ARR,goo,0.0
692 (09-18),True,True,CHURCHILL,WINNIPEG,2025-09-18,20,Hockin,HOCK,2025-09-19T21:27:12Z,2025-09-19T21:37:00Z,ARR,goo,-9.0
692 (09-18),True,True,CHURCHILL,WINNIPEG,2025-09-18,21,Odhill,ODHI,2025-09-19T22:06:16Z,2025-09-19T22:21:00Z,ARR,goo,-14.0
692 (09-18),True,True,CHURCHILL,WINNIPEG,2025-09-18,22,Lyddal,LYDD,2025-09-19T22:24:30Z,2025-09-19T22:43:00Z,ARR,goo,-18.0
692 (09-18),True,True,CHURCHILL,WINNIPEG,2025-09-18,23,Wabowden,WBDN,2025-09-19T22:48:34Z,2025-09-19T23:11:00Z,ARR,goo,-22.0
692 (09-18),True,True,CHURCHILL,WINNIPEG,2025-09-18,24,Pipun,PIPN,2025-09-19T23:26:33Z,2025-09-19T23:34:00Z,ARR,goo,-7.0
692 (09-18),True,True,CHURCHILL,WINNIPEG,2025-09-18,25,Ponton,PNTN,2025-09-20T00:11:23Z,2025-09-20T00:17:00Z,ARR,goo,-5.0
692 (09-18),True,True,CHURCHILL,WINNIPEG,2025-09-18,26,Turnbull,TURN,2025-09-20T00:38:31Z,2025-09-20T00:49:00Z,ARR,goo,-10.0
692 (09-18),True,True,CHURCHILL,WINNIPEG,2025-09-18,27,Wekusko,WEKU,2025-09-20T01:01:56Z,2025-09-20T01:16:00Z,ARR,goo,-14.0
692 (09-18),True,True,CHURCHILL,WINNIPEG,2025-09-18,28,Dyce,DYCE,2025-09-20T01:42:04Z,2025-09-20T02:00:00Z,ARR,goo,-17.0
692 (09-18),True,True,CHURCHILL,WINNIPEG,2025-09-18,29,Dering,DERI,2025-09-20T02:39:00Z,2025-09-20T02:39:00Z,ARR,goo,0.0
692 (09-18),True,True,CHURCHILL,WINNIPEG,2025-09-18,30,Cormorant,CORM,2025-09-20T02:47:00Z,2025-09-20T02:47:00Z,ARR,goo,0.0
692 (09-18),True,True,CHURCHILL,WINNIPEG,2025-09-18,31,Halcrow,HALC,2025-09-20T02:32:35Z,2025-09-20T02:58:00Z,ARR,goo,-25.0
692 (09-18),True,True,CHURCHILL,WINNIPEG,2025-09-18,32,Orok,OROK,2025-09-20T03:18:52Z,2025-09-20T03:52:00Z,ARR,goo,-33.0
692 (09-18),True,True,CHURCHILL,WINNIPEG,2025-09-18,33,The Pas,TPAS,2025-09-20T03:53:25Z,2025-09-20T04:30:00Z,ARR,goo,-36.0
692 (09-18),True,True,CHURCHILL,WINNIPEG,2025-09-18,34,Hudson Bay,HBAY,2025-09-20T10:46:09Z,2025-09-20T10:27:00Z,ARR,bad,19.0
692 (09-18),True,True,CHURCHILL,WINNIPEG,2025-09-18,35,Reserve,RSRV,2025-09-20T11:52:50Z,2025-09-20T11:09:00Z,ARR,bad,43.0
692 (09-18),True,True,CHURCHILL,WINNIPEG,2025-09-18,36,Endeavour,ENDV,2025-09-20T12:44:02Z,2025-09-20T11:55:00Z,ARR,bad,49.0
692 (09-18),True,True,CHURCHILL,WINNIPEG,2025-09-18,37,Sturgis,STGS,2025-09-20T13:15:20Z,2025-09-20T12:24:00Z,ARR,bad,51.0
692 (09-18),True,True,CHURCHILL,WINNIPEG,2025-09-18,38,Canora,CANO,2025-09-20T14:03:42Z,2025-09-20T13:08:00Z,ARR,bad,55.0
692 (09-18),True,True,CHURCHILL,WINNIPEG,2025-09-18,39,Mikado,MIKA,2025-09-20T14:23:56Z,2025-09-20T13:30:00Z,ARR,bad,53.0
692 (09-18),True,True,CHURCHILL,WINNIPEG,2025-09-18,40,Veregin,VERE,2025-09-20T14:37:31Z,2025-09-20T13:43:00Z,ARR,bad,54.0
692 (09-18),True,True,CHURCHILL,WINNIPEG,2025-09-18,41,Kamsack,KAMS,2025-09-20T14:49:50Z,2025-09-20T13:58:00Z,ARR,bad,51.0
692 (09-18),True,True,CHURCHILL,WINNIPEG,2025-09-18,42,Togo,TOGO,2025-09-20T15:30:12Z,2025-09-20T14:37:00Z,ARR,bad,53.0
692 (09-18),True,True,CHURCHILL,WINNIPEG,2025-09-18,43,Roblin,RBLN,2025-09-20T15:58:55Z,2025-09-20T15:14:00Z,ARR,bad,44.0
692 (09-18),True,True,CHURCHILL,WINNIPEG,2025-09-18,44,Grandview,GVIE,2025-09-20T17:11:19Z,2025-09-20T16:12:00Z,ARR,bad,59.0
692 (09-18),True,True,CHURCHILL,WINNIPEG,2025-09-18,45,Gilbert Plains,GLBP,2025-09-20T17:31:37Z,2025-09-20T16:32:00Z,ARR,bad,59.0
692 (09-18),True,True,CHURCHILL,WINNIPEG,2025-09-18,46,Dauphin,DAUP,2025-09-20T18:13:24Z,2025-09-20T16:56:00Z,ARR,bad,77.0
692 (09-18),True,True,CHURCHILL,WINNIPEG,2025-09-18,47,Ochre River,OCHR,2025-09-20T18:47:19Z,2025-09-20T17:20:00Z,ARR,bad,87.0
692 (09-18),True,True,CHURCHILL,WINNIPEG,2025-09-18,48,Laurier,LRIE,2025-09-20T19:02:54Z,2025-09-20T17:38:00Z,ARR,bad,84.0
692 (09-18),True,True,CHURCHILL,WINNIPEG,2025-09-18,49,Mccreary,MCCR,2025-09-20T19:22:37Z,2025-09-20T17:54:00Z,ARR,bad,88.0
692 (09-18),True,True,CHURCHILL,WINNIPEG,2025-09-18,50,Glenella,GLNA,2025-09-20T20:04:43Z,2025-09-20T18:34:00Z,ARR,bad,90.0
692 (09-18),True,True,CHURCHILL,WINNIPEG,2025-09-18,51,Plumas,PLUM,2025-09-20T20:33:43Z,2025-09-20T19:06:00Z,ARR,bad,87.0
692 (09-18),True,True,CHURCHILL,WINNIPEG,2025-09-18,52,Gladstone,GSTO,2025-09-20T21:01:32Z,2025-09-20T19:51:00Z,ARR,bad,70.0
692 (09-18),True,True,CHURCHILL,WINNIPEG,2025-09-18,53,Portage La Prairie,PLPX,2025-09-20T21:43:25Z,2025-09-20T20:37:00Z,ARR,bad,66.0
692 (09-18),True,True,CHURCHILL,WINNIPEG,2025-09-18,54,Winnipeg,WNPG,2025-09-20T22:43:39Z,2025-09-20T21:45:00Z,ARR,bad,58.0
2 (09-19),True,False,VANCOUVER,TORONTO,2025-09-19,0,Vancouver,VCVR,2025-09-19T22:00:00Z,2025-09-19T22:00:00Z,ARR,goo,0.0
2 (09-19),True,False,VANCOUVER,TORONTO,2025-09-19,1,Mission Harbour,MSNH,2025-09-19T23:54:23Z,2025-09-19T23:35:00Z,ARR,bad,19.0
2 (09-19),True,False,VANCOUVER,TORONTO,2025-09-19,2,Agassiz,AGAS,2025-09-20T00:44:22Z,2025-09-20T00:03:00Z,ARR,bad,41.0
2 (09-19),True,False,VANCOUVER,TORONTO,2025-09-19,3,Katz,KATZ,2025-09-20T01:01:34Z,2025-09-20T00:17:00Z,ARR,bad,44.0
2 (09-19),True,False,VANCOUVER,TORONTO,2025-09-19,4,North Bend,NBND,2025-09-20T03:00:24Z,2025-09-20T02:46:00Z,ARR,med,14.0
2 (09-19),True,False,VANCOUVER,TORONTO,2025-09-19,5,Ashcroft,ASHN,2025-09-20T05:23:20Z,2025-09-20T05:32:00Z,ARR,goo,-8.0
2 (09-19),True,False,VANCOUVER,TORONTO,2025-09-19,6,Kamloops North,KAMN,2025-09-20T07:55:49Z,2025-09-20T07:17:00Z,ARR,bad,38.0
2 (09-19),True,False,VANCOUVER,TORONTO,2025-09-19,7,Clearwater,CLWT,2025-09-20T10:10:40Z,2025-09-20T09:58:00Z,ARR,med,12.0
2 (09-19),True,False,VANCOUVER,TORONTO,2025-09-19,8,Blue River,BLUE,2025-09-20T12:18:52Z,2025-09-20T12:11:00Z,ARR,med,7.0
2 (09-19),True,False,VANCOUVER,TORONTO,2025-09-19,9,Valemount,VLMT,2025-09-20T14:16:10Z,2025-09-20T14:01:00Z,ARR,bad,15.0
2 (09-19),True,False,VANCOUVER,TORONTO,2025-09-19,10,Jasper,JASP,2025-09-20T17:50:32Z,2025-09-20T17:00:00Z,ARR,bad,50.0
2 (09-19),True,False,VANCOUVER,TORONTO,2025-09-19,11,Hinton,HINT,2025-09-20T21:47:54Z,2025-09-20T19:45:00Z,ARR,bad,122.0
2 (09-19),True,False,VANCOUVER,TORONTO,2025-09-19,12,Edson,EDSN,2025-09-20T23:27:02Z,2025-09-20T21:19:00Z,ARR,bad,128.0
2 (09-19),True,False,VANCOUVER,TORONTO,2025-09-19,13,Evansburg,EVAN,2025-09-21T00:35:40Z,2025-09-20T22:28:00Z,ARR,bad,127.0
2 (09-19),True,False,VANCOUVER,TORONTO,2025-09-19,14,Edmonton,EDMO,2025-09-21T01:45:32Z,2025-09-21T00:50:00Z,ARR,bad,55.0
2 (09-19),True,False,VANCOUVER,TORONTO,2025-09-19,15,Viking,VKNG,2025-09-21T05:55:32Z,2025-09-21T03:53:00Z,1h59,bad,122.0
2 (09-19),True,False,VANCOUVER,TORONTO,2025-09-19,16,Wainwright,WAIN,2025-09-21T08:16:32Z,2025-09-21T06:14:00Z,4h20,bad,122.0
2 (09-19),True,False,VANCOUVER,TORONTO,2025-09-19,17,Unity,UNIT,&mdash;,2025-09-21T07:47:00Z,&mdash;,,
2 (09-19),True,False,VANCOUVER,TORONTO,2025-09-19,18,Biggar,BIGG,&mdash;,2025-09-21T09:21:00Z,&mdash;,,
2 (09-19),True,False,VANCOUVER,TORONTO,2025-09-19,19,Saskatoon,SASK,&mdash;,2025-09-21T11:57:00Z,&mdash;,,
2 (09-19),True,False,VANCOUVER,TORONTO,2025-09-19,20,Watrous,WATR,&mdash;,2025-09-21T14:26:00Z,&mdash;,,
692 (09-20),True,False,CHURCHILL,WINNIPEG,2025-09-20,0,Churchill,CHUR,2025-09-21T01:30:00Z,2025-09-21T01:30:00Z,ARR,goo,0.0
692 (09-20),True,False,CHURCHILL,WINNIPEG,2025-09-20,1,Tidal,TIDL,2025-09-21T01:56:31Z,2025-09-21T01:52:00Z,ARR,goo,4.0
692 (09-20),True,False,CHURCHILL,WINNIPEG,2025-09-20,2,Chesnaye,CHES,2025-09-21T02:52:24Z,2025-09-21T02:38:00Z,ARR,med,14.0
692 (09-20),True,False,CHURCHILL,WINNIPEG,2025-09-20,3,M'Clintock,MCLI,2025-09-21T04:08:24Z,2025-09-21T03:54:00Z,12 mins,med,14.0
692 (09-20),True,False,CHURCHILL,WINNIPEG,2025-09-20,4,O'Day,ODAY,2025-09-21T04:53:24Z,2025-09-21T04:39:00Z,57 mins,med,14.0
692 (09-20),True,False,CHURCHILL,WINNIPEG,2025-09-20,5,Herchmer,HERC,2025-09-21T05:32:24Z,2025-09-21T05:18:00Z,1h36,med,14.0
692 (09-20),True,False,CHURCHILL,WINNIPEG,2025-09-20,6,Thibaudeau,THIB,2025-09-21T06:58:24Z,2025-09-21T06:44:00Z,3h02,med,14.0
692 (09-20),True,False,CHURCHILL,WINNIPEG,2025-09-20,7,Weir River,WEIR,2025-09-21T08:00:24Z,2025-09-21T07:46:00Z,4h04,med,14.0
692 (09-20),True,False,CHURCHILL,WINNIPEG,2025-09-20,8,Amery,AMRY,2025-09-21T08:51:24Z,2025-09-21T08:37:00Z,4h55,med,14.0
692 (09-20),True,False,CHURCHILL,WINNIPEG,2025-09-20,9,Bird,BIRD,2025-09-21T09:14:24Z,2025-09-21T09:00:00Z,5h18,med,14.0
692 (09-20),True,False,CHURCHILL,WINNIPEG,2025-09-20,10,Gillam,GILL,2025-09-21T10:14:24Z,2025-09-21T10:00:00Z,6h18,med,14.0
692 (09-20),True,False,CHURCHILL,WINNIPEG,2025-09-20,11,Wivenhoe,WVHO,2025-09-21T11:30:24Z,2025-09-21T11:16:00Z,7h34,med,14.0
692 (09-20),True,False,CHURCHILL,WINNIPEG,2025-09-20,12,Ilford,ILFO,2025-09-21T12:07:24Z,2025-09-21T11:53:00Z,8h11,med,14.0
692 (09-20),True,False,CHURCHILL,WINNIPEG,2025-09-20,13,Pit Siding,PITS,2025-09-21T13:08:24Z,2025-09-21T12:54:00Z,9h12,med,14.0
692 (09-20),True,False,CHURCHILL,WINNIPEG,2025-09-20,14,Bridgar,BRGR,2025-09-21T14:30:24Z,2025-09-21T14:16:00Z,10h34,med,14.0
692 (09-20),True,False,CHURCHILL,WINNIPEG,2025-09-20,15,Pikwitonei,PIKW,2025-09-21T14:41:24Z,2025-09-21T14:27:00Z,10h45,med,14.0
692 (09-20),True,False,CHURCHILL,WINNIPEG,2025-09-20,16,Sipiwesk,SIPI,2025-09-21T15:08:24Z,2025-09-21T14:54:00Z,11h12,med,14.0
692 (09-20),True,False,CHURCHILL,WINNIPEG,2025-09-20,17,Thompson,THOM,2025-09-21T16:44:24Z,2025-09-21T16:30:00Z,12h48,med,14.0
15,True,True,HALIFAX,MONTRÉAL,2025-09-19,0,Halifax,HLFX,2025-09-19T14:30:00Z,2025-09-19T14:30:00Z,ARR,goo,0.0
15,True,True,HALIFAX,MONTRÉAL,2025-09-19,1,Truro,TRUR,2025-09-19T16:02:50Z,2025-09-19T15:56:00Z,ARR,med,6.0
15,True,True,HALIFAX,MONTRÉAL,2025-09-19,2,Springhill Jct,SPRJ,2025-09-19T17:19:09Z,2025-09-19T17:11:00Z,ARR,med,8.0
15,True,True,HALIFAX,MONTRÉAL,2025-09-19,3,Amherst,AMHS,2025-09-19T17:42:13Z,2025-09-19T17:34:00Z,ARR,med,8.0
15,True,True,HALIFAX,MONTRÉAL,2025-09-19,4,Sackville,SACK,2025-09-19T17:57:33Z,2025-09-19T17:50:00Z,ARR,med,7.0
15,True,True,HALIFAX,MONTRÉAL,2025-09-19,5,Moncton,MCTN,2025-09-19T18:42:57Z,2025-09-19T18:44:00Z,ARR,goo,-1.0
15,True,True,HALIFAX,MONTRÉAL,2025-09-19,6,Rogersville,RGRV,2025-09-19T20:28:09Z,2025-09-19T20:08:00Z,ARR,bad,20.0
15,True,True,HALIFAX,MONTRÉAL,2025-09-19,7,Miramichi,MIRA,2025-09-19T21:14:36Z,2025-09-19T20:59:00Z,ARR,bad,15.0
15,True,True,HALIFAX,MONTRÉAL,2025-09-19,8,Bathurst,BTRS,2025-09-19T22:51:23Z,2025-09-19T22:55:00Z,ARR,goo,-3.0
15,True,True,HALIFAX,MONTRÉAL,2025-09-19,9,Petit Rocher,PROC,2025-09-19T23:13:13Z,2025-09-19T23:22:00Z,ARR,goo,-8.0
15,True,True,HALIFAX,MONTRÉAL,2025-09-19,10,Jacquet River,JACR,2025-09-19T23:43:17Z,2025-09-19T23:44:01Z,ARR,goo,0.0
15,True,True,HALIFAX,MONTRÉAL,2025-09-19,11,Charlo,CHLO,2025-09-20T00:20:31Z,2025-09-20T00:07:00Z,ARR,med,13.0
15,True,True,HALIFAX,MONTRÉAL,2025-09-19,12,Campbellton,CBTN,2025-09-20T01:04:50Z,2025-09-20T01:10:00Z,ARR,goo,-5.0
15,True,True,HALIFAX,MONTRÉAL,2025-09-19,13,Matapedia,MTPD,2025-09-20T01:53:02Z,2025-09-20T01:52:00Z,ARR,goo,1.0
15,True,True,HALIFAX,MONTRÉAL,2025-09-19,14,Causapscal,CAUS,2025-09-20T02:48:05Z,2025-09-20T02:41:00Z,ARR,med,7.0
15,True,True,HALIFAX,MONTRÉAL,2025-09-19,15,Amqui,AMQU,2025-09-20T03:15:26Z,2025-09-20T03:01:00Z,ARR,med,14.0
15,True,True,HALIFAX,MONTRÉAL,2025-09-19,16,Sayabec,SAYA,2025-09-20T03:48:29Z,2025-09-20T03:23:00Z,ARR,bad,25.0
15,True,True,HALIFAX,MONTRÉAL,2025-09-19,17,Mont-Joli,MJLI,2025-09-20T04:55:05Z,2025-09-20T04:53:00Z,ARR,goo,2.0
15,True,True,HALIFAX,MONTRÉAL,2025-09-19,18,Rimouski,RMSK,2025-09-20T05:24:51Z,2025-09-20T05:24:00Z,ARR,goo,0.0
15,True,True,HALIFAX,MONTRÉAL,2025-09-19,19,Trois Pistoles,TPIS,2025-09-20T06:32:57Z,2025-09-20T06:29:00Z,ARR,goo,3.0
15,True,True,HALIFAX,MONTRÉAL,2025-09-19,20,Rivière-Du-Loup,RDLX,2025-09-20T07:17:44Z,2025-09-20T07:16:00Z,ARR,goo,1.0
15,True,True,HALIFAX,MONTRÉAL,2025-09-19,21,La Pocatière,LPOC,2025-09-20T08:14:57Z,2025-09-20T08:05:00Z,ARR,med,9.0
15,True,True,HALIFAX,MONTRÉAL,2025-09-19,22,Montmagny,MMGY,2025-09-20T08:42:53Z,2025-09-20T08:39:00Z,ARR,goo,3.0
15,True,True,HALIFAX,MONTRÉAL,2025-09-19,23,Ste-Foy,SFOY,2025-09-20T09:49:35Z,2025-09-20T10:13:00Z,ARR,goo,-23.0
15,True,True,HALIFAX,MONTRÉAL,2025-09-19,24,Drummondville,DRMV,2025-09-20T12:14:44Z,2025-09-20T12:20:00Z,ARR,goo,-5.0
15,True,True,HALIFAX,MONTRÉAL,2025-09-19,25,St. Hyacinthe,SHYA,2025-09-20T12:44:36Z,2025-09-20T13:00:00Z,ARR,goo,-15.0
15,True,True,HALIFAX,MONTRÉAL,2025-09-19,26,St. Lambert,SLAM,2025-09-20T13:29:07Z,2025-09-20T13:34:00Z,ARR,goo,-4.0
15,True,True,HALIFAX,MONTRÉAL,2025-09-19,27,Montréal,MTRL,2025-09-20T13:55:07Z,2025-09-20T13:53:00Z,ARR,goo,2.0
6,True,True,PRINCE RUPERT,JASPER,2025-09-19,0,Prince Rupert,PRUP,2025-09-19T15:00:00Z,2025-09-19T15:00:00Z,ARR,goo,0.0
6,True,True,PRINCE RUPERT,JASPER,2025-09-19,1,Cassiar Cannery,CASS,2025-09-19T15:29:38Z,2025-09-19T15:20:00Z,ARR,med,9.0
6,True,True,PRINCE RUPERT,JASPER,2025-09-19,2,Kwinitsa,KWIN,2025-09-19T16:08:55Z,2025-09-19T16:17:00Z,ARR,goo,-8.0
6,True,True,PRINCE RUPERT,JASPER,2025-09-19,3,Terrace,TRRC,2025-09-19T17:06:20Z,2025-09-19T17:20:00Z,ARR,goo,-13.0
6,True,True,PRINCE RUPERT,JASPER,2025-09-19,4,Usk,USKX,2025-09-19T17:34:27Z,2025-09-19T17:48:00Z,ARR,goo,-13.0
6,True,True,PRINCE RUPERT,JASPER,2025-09-19,5,Pacific,PACI,2025-09-19T17:50:49Z,2025-09-19T18:07:00Z,ARR,goo,-16.0
6,True,True,PRINCE RUPERT,JASPER,2025-09-19,6,Dorreen,DORR,2025-09-19T17:58:44Z,2025-09-19T18:19:00Z,ARR,goo,-20.0
6,True,True,PRINCE RUPERT,JASPER,2025-09-19,7,Cedarvale,CEDA,2025-09-19T18:17:15Z,2025-09-19T18:44:00Z,ARR,goo,-26.0
6,True,True,PRINCE RUPERT,JASPER,2025-09-19,8,Kitwanga,KITW,2025-09-19T18:35:29Z,2025-09-19T18:48:01Z,ARR,goo,-12.0
6,True,True,PRINCE RUPERT,JASPER,2025-09-19,9,New Hazelton,NHAZ,2025-09-19T19:17:20Z,2025-09-19T19:30:00Z,ARR,goo,-12.0
6,True,True,PRINCE RUPERT,JASPER,2025-09-19,10,Smithers,SMTR,2025-09-19T20:31:07Z,2025-09-19T21:14:00Z,ARR,goo,-42.0
6,True,True,PRINCE RUPERT,JASPER,2025-09-19,11,Telkwa,TELK,2025-09-19T21:59:42Z,2025-09-19T21:37:00Z,ARR,bad,22.0
6,True,True,PRINCE RUPERT,JASPER,2025-09-19,12,Houston,HOUS,2025-09-19T22:46:09Z,2025-09-19T22:22:00Z,ARR,bad,24.0
6,True,True,PRINCE RUPERT,JASPER,2025-09-19,13,Burns Lake,BRNL,2025-09-19T23:47:47Z,2025-09-19T23:32:00Z,ARR,bad,15.0
6,True,True,PRINCE RUPERT,JASPER,2025-09-19,14,Endako,ENDA,2025-09-20T00:38:28Z,2025-09-20T00:25:00Z,ARR,med,13.0
6,True,True,PRINCE RUPERT,JASPER,2025-09-19,15,Fort Fraser,FFRA,2025-09-20T01:13:23Z,2025-09-20T00:57:00Z,ARR,bad,16.0
6,True,True,PRINCE RUPERT,JASPER,2025-09-19,16,Vanderhoof,VDRH,2025-09-20T02:48:10Z,2025-09-20T01:35:00Z,ARR,bad,73.0
6,True,True,PRINCE RUPERT,JASPER,2025-09-19,17,Prince George,PGEO,2025-09-20T04:48:47Z,2025-09-20T03:29:00Z,ARR,bad,79.0
6,True,True,PRINCE RUPERT,JASPER,2025-09-19,18,Willow River,WILR,2025-09-20T15:48:00Z,2025-09-20T15:48:00Z,ARR,goo,0.0
6,True,True,PRINCE RUPERT,JASPER,2025-09-19,19,Aleza Lake,ALZL,2025-09-20T16:13:25Z,2025-09-20T16:17:00Z,ARR,goo,-3.0
6,True,True,PRINCE RUPERT,JASPER,2025-09-19,20,Upper Fraser,UFRZ,2025-09-20T16:25:00Z,2025-09-20T16:25:00Z,ARR,goo,0.0
6,True,True,PRINCE RUPERT,JASPER,2025-09-19,21,Mcgregor,MCGR,2025-09-20T16:33:00Z,2025-09-20T16:33:00Z,ARR,goo,0.0
6,True,True,PRINCE RUPERT,JASPER,2025-09-19,22,Sinclair Mills,SINM,2025-09-20T16:36:14Z,2025-09-20T16:44:00Z,ARR,goo,-7.0
6,True,True,PRINCE RUPERT,JASPER,2025-09-19,23,Hutton,HUTT,2025-09-20T16:41:49Z,2025-09-20T16:48:00Z,ARR,goo,-6.0
6,True,True,PRINCE RUPERT,JASPER,2025-09-19,24,Longworth,LWTH,2025-09-20T16:59:00Z,2025-09-20T16:59:00Z,ARR,goo,0.0
6,True,True,PRINCE RUPERT,JASPER,2025-09-19,25,Penny,PENN,2025-09-20T17:13:00Z,2025-09-20T17:13:00Z,ARR,goo,0.0
6,True,True,PRINCE RUPERT,JASPER,2025-09-19,26,Bend,BEND,2025-09-20T17:32:00Z,2025-09-20T17:32:00Z,ARR,goo,0.0
6,True,True,PRINCE RUPERT,JASPER,2025-09-19,27,Dome Creek,DOMC,2025-09-20T17:33:07Z,2025-09-20T17:33:07Z,ARR,goo,0.0
6,True,True,PRINCE RUPERT,JASPER,2025-09-19,28,Loos,LOOS,2025-09-20T18:07:00Z,2025-09-20T18:07:00Z,ARR,goo,0.0
6,True,True,PRINCE RUPERT,JASPER,2025-09-19,29,Goat River,GOAT,2025-09-20T18:22:00Z,2025-09-20T18:22:00Z,ARR,goo,0.0
6,True,True,PRINCE RUPERT,JASPER,2025-09-19,30,Mcbride,MCBR,2025-09-20T19:18:00Z,2025-09-20T19:18:00Z,ARR,goo,0.0
6,True,True,PRINCE RUPERT,JASPER,2025-09-19,31,Dunster,DNST,2025-09-20T19:35:00Z,2025-09-20T19:35:00Z,ARR,goo,0.0
6,True,True,PRINCE RUPERT,JASPER,2025-09-19,32,Harvey,HRVY,2025-09-20T20:24:00Z,2025-09-20T20:24:00Z,ARR,goo,0.0
6,True,True,PRINCE RUPERT,JASPER,2025-09-19,33,Jasper,JASP,2025-09-21T00:48:07Z,2025-09-20T23:00:00Z,ARR,bad,108.0
691,True,True,THE PAS,CHURCHILL,2025-09-19,0,The Pas,TPAS,2025-09-19T07:30:03Z,2025-09-19T07:30:00Z,ARR,goo,0.0
691,True,True,THE PAS,CHURCHILL,2025-09-19,1,Orok,OROK,2025-09-19T08:13:00Z,2025-09-19T08:07:00Z,ARR,med,6.0
691,True,True,THE PAS,CHURCHILL,2025-09-19,2,Halcrow,HALC,2025-09-19T09:03:21Z,2025-09-19T09:01:00Z,ARR,goo,2.0
691,True,True,THE PAS,CHURCHILL,2025-09-19,3,Cormorant,CORM,2025-09-19T09:14:21Z,2025-09-19T09:12:00Z,ARR,goo,2.0
691,True,True,THE PAS,CHURCHILL,2025-09-19,4,Dering,DERI,2025-09-19T09:22:21Z,2025-09-19T09:20:00Z,ARR,goo,2.0
691,True,True,THE PAS,CHURCHILL,2025-09-19,5,Dyce,DYCE,2025-09-19T10:01:21Z,2025-09-19T09:59:00Z,ARR,goo,2.0
691,True,True,THE PAS,CHURCHILL,2025-09-19,6,Wekusko,WEKU,2025-09-19T10:28:23Z,2025-09-19T10:43:00Z,ARR,goo,-14.0
691,True,True,THE PAS,CHURCHILL,2025-09-19,7,Turnbull,TURN,2025-09-19T10:52:27Z,2025-09-19T11:10:00Z,ARR,goo,-17.0
691,True,True,THE PAS,CHURCHILL,2025-09-19,8,Ponton,PNTN,2025-09-19T11:19:22Z,2025-09-19T11:42:00Z,ARR,goo,-22.0
691,True,True,THE PAS,CHURCHILL,2025-09-19,9,Pipun,PIPN,2025-09-19T12:05:14Z,2025-09-19T12:25:00Z,ARR,goo,-19.0
691,True,True,THE PAS,CHURCHILL,2025-09-19,10,Wabowden,WBDN,2025-09-19T12:19:20Z,2025-09-19T12:48:00Z,ARR,goo,-28.0
691,True,True,THE PAS,CHURCHILL,2025-09-19,11,Lyddal,LYDD,2025-09-19T13:03:49Z,2025-09-19T13:16:00Z,ARR,goo,-12.0
691,True,True,THE PAS,CHURCHILL,2025-09-19,12,Odhill,ODHI,2025-09-19T13:23:56Z,2025-09-19T13:38:00Z,ARR,goo,-14.0
691,True,True,THE PAS,CHURCHILL,2025-09-19,13,Hockin,HOCK,2025-09-19T14:03:12Z,2025-09-19T14:22:00Z,ARR,goo,-18.0
691,True,True,THE PAS,CHURCHILL,2025-09-19,14,Thicket Portage,THKP,2025-09-19T14:37:00Z,2025-09-19T14:37:00Z,ARR,goo,0.0
691,True,True,THE PAS,CHURCHILL,2025-09-19,15,Leven,LEVN,2025-09-19T14:54:00Z,2025-09-19T14:54:00Z,ARR,goo,0.0
691,True,True,THE PAS,CHURCHILL,2025-09-19,16,Thompson,THOM,2025-09-19T18:09:27Z,2025-09-19T17:00:00Z,ARR,bad,69.0
691,True,True,THE PAS,CHURCHILL,2025-09-19,17,Sipiwesk,SIPI,2025-09-19T23:22:17Z,2025-09-19T23:35:00Z,ARR,goo,-12.0
691,True,True,THE PAS,CHURCHILL,2025-09-19,18,Pikwitonei,PIKW,2025-09-20T00:02:00Z,2025-09-20T00:02:00Z,ARR,goo,0.0
691,True,True,THE PAS,CHURCHILL,2025-09-19,19,Bridgar,BRGR,2025-09-20T00:13:00Z,2025-09-20T00:13:00Z,ARR,goo,0.0
691,True,True,THE PAS,CHURCHILL,2025-09-19,20,Pit Siding,PITS,2025-09-20T01:35:00Z,2025-09-20T01:35:00Z,ARR,goo,0.0
691,True,True,THE PAS,CHURCHILL,2025-09-19,21,Ilford,ILFO,2025-09-20T02:37:36Z,2025-09-20T02:36:00Z,ARR,goo,1.0
691,True,True,THE PAS,CHURCHILL,2025-09-19,22,Wivenhoe,WVHO,2025-09-20T03:46:46Z,2025-09-20T03:13:00Z,ARR,bad,33.0
691,True,True,THE PAS,CHURCHILL,2025-09-19,23,Gillam,GILL,2025-09-20T04:33:27Z,2025-09-20T04:00:01Z,ARR,bad,33.0
691,True,True,THE PAS,CHURCHILL,2025-09-19,24,Bird,BIRD,2025-09-20T05:35:21Z,2025-09-20T05:29:00Z,ARR,med,6.0
691,True,True,THE PAS,CHURCHILL,2025-09-19,25,Amery,AMRY,2025-09-20T06:02:09Z,2025-09-20T05:51:00Z,ARR,med,11.0
691,True,True,THE PAS,CHURCHILL,2025-09-19,26,Weir River,WEIR,2025-09-20T07:01:17Z,2025-09-20T06:43:00Z,ARR,bad,18.0
691,True,True,THE PAS,CHURCHILL,2025-09-19,27,Thibaudeau,THIB,2025-09-20T07:55:48Z,2025-09-20T08:00:00Z,ARR,goo,-4.0
691,True,True,THE PAS,CHURCHILL,2025-09-19,28,Herchmer,HERC,2025-09-20T09:26:00Z,2025-09-20T09:26:00Z,ARR,goo,0.0
691,True,True,THE PAS,CHURCHILL,2025-09-19,29,O'Day,ODAY,2025-09-20T10:05:00Z,2025-09-20T10:05:00Z,ARR,goo,0.0
691,True,True,THE PAS,CHURCHILL,2025-09-19,30,M'Clintock,MCLI,2025-09-20T10:50:00Z,2025-09-20T10:50:00Z,ARR,goo,0.0
691,True,True,THE PAS,CHURCHILL,2025-09-19,31,Chesnaye,CHES,2025-09-20T12:06:00Z,2025-09-20T12:06:00Z,ARR,goo,0.0
691,True,True,THE PAS,CHURCHILL,2025-09-19,32,Tidal,TIDL,2025-09-20T12:14:44Z,2025-09-20T13:37:00Z,ARR,goo,-82.0
691,True,True,THE PAS,CHURCHILL,2025-09-19,33,Churchill,CHUR,2025-09-20T12:58:12Z,2025-09-20T14:00:00Z,ARR,goo,-61.0
5,True,False,JASPER,PRINCE RUPERT,2025-09-19,0,Jasper,JASP,2025-09-19T16:50:22Z,2025-09-19T16:45:00Z,ARR,med,5.0
5,True,False,JASPER,PRINCE RUPERT,2025-09-19,1,Harvey,HRVY,2025-09-19T19:39:05Z,2025-09-19T18:38:00Z,ARR,bad,61.0
5,True,False,JASPER,PRINCE RUPERT,2025-09-19,2,Dunster,DNST,2025-09-19T20:12:26Z,2025-09-19T19:12:00Z,ARR,bad,60.0
5,True,False,JASPER,PRINCE RUPERT,2025-09-19,3,Mcbride,MCBR,2025-09-19T20:44:35Z,2025-09-19T19:44:00Z,ARR,bad,60.0
5,True,False,JASPER,PRINCE RUPERT,2025-09-19,4,Goat River,GOAT,2025-09-19T21:37:16Z,2025-09-19T20:41:00Z,ARR,bad,56.0
5,True,False,JASPER,PRINCE RUPERT,2025-09-19,5,Loos,LOOS,2025-09-19T21:51:11Z,2025-09-19T20:58:00Z,ARR,bad,53.0
5,True,False,JASPER,PRINCE RUPERT,2025-09-19,6,Dome Creek,DOMC,2025-09-19T22:18:46Z,2025-09-19T21:32:00Z,ARR,bad,46.0
5,True,False,JASPER,PRINCE RUPERT,2025-09-19,7,Bend,BEND,2025-09-19T22:21:09Z,2025-09-19T21:36:00Z,ARR,bad,45.0
5,True,False,JASPER,PRINCE RUPERT,2025-09-19,8,Penny,PENN,2025-09-19T22:38:29Z,2025-09-19T21:56:00Z,ARR,bad,42.0
5,True,False,JASPER,PRINCE RUPERT,2025-09-19,9,Longworth,LWTH,2025-09-19T22:50:02Z,2025-09-19T22:11:00Z,ARR,bad,39.0
5,True,False,JASPER,PRINCE RUPERT,2025-09-19,10,Hutton,HUTT,2025-09-19T23:03:02Z,2025-09-19T22:24:00Z,ARR,bad,39.0
5,True,False,JASPER,PRINCE RUPERT,2025-09-19,11,Sinclair Mills,SINM,2025-09-19T23:09:02Z,2025-09-19T22:30:00Z,ARR,bad,39.0
5,True,False,JASPER,PRINCE RUPERT,2025-09-19,12,Mcgregor,MCGR,2025-09-19T23:19:37Z,2025-09-19T22:43:00Z,ARR,bad,36.0
5,True,False,JASPER,PRINCE RUPERT,2025-09-19,13,Upper Fraser,UFRZ,2025-09-19T23:28:37Z,2025-09-19T22:52:00Z,ARR,bad,36.0
5,True,False,JASPER,PRINCE RUPERT,2025-09-19,14,Aleza Lake,ALZL,2025-09-19T23:37:37Z,2025-09-19T23:01:00Z,ARR,bad,36.0
5,True,False,JASPER,PRINCE RUPERT,2025-09-19,15,Willow River,WILR,2025-09-19T23:55:00Z,2025-09-19T23:31:00Z,ARR,bad,24.0
5,True,False,JASPER,PRINCE RUPERT,2025-09-19,16,Prince George,PGEO,2025-09-20T00:28:27Z,2025-09-20T00:08:00Z,ARR,bad,20.0
5,True,False,JASPER,PRINCE RUPERT,2025-09-19,17,Vanderhoof,VDRH,2025-09-20T16:55:00Z,2025-09-20T16:55:00Z,ARR,goo,0.0
5,True,False,JASPER,PRINCE RUPERT,2025-09-19,18,Fort Fraser,FFRA,2025-09-20T17:32:00Z,2025-09-20T17:32:00Z,ARR,goo,0.0
5,True,False,JASPER,PRINCE RUPERT,2025-09-19,19,Endako,ENDA,2025-09-20T17:50:00Z,2025-09-20T17:50:00Z,ARR,goo,0.0
5,True,False,JASPER,PRINCE RUPERT,2025-09-19,20,Burns Lake,BRNL,2025-09-20T18:58:00Z,2025-09-20T18:58:00Z,ARR,goo,0.0
5,True,False,JASPER,PRINCE RUPERT,2025-09-19,21,Houston,HOUS,2025-09-20T20:08:00Z,2025-09-20T20:08:00Z,ARR,goo,0.0
5,True,False,JASPER,PRINCE RUPERT,2025-09-19,22,Telkwa,TELK,2025-09-20T20:52:00Z,2025-09-20T20:52:00Z,ARR,goo,0.0
5,True,False,JASPER,PRINCE RUPERT,2025-09-19,23,Smithers,SMTR,2025-09-20T21:10:00Z,2025-09-20T21:10:00Z,ARR,goo,0.0
5,True,False,JASPER,PRINCE RUPERT,2025-09-19,24,New Hazelton,NHAZ,2025-09-20T22:23:09Z,2025-09-20T22:37:00Z,ARR,goo,-13.0
5,True,False,JASPER,PRINCE RUPERT,2025-09-19,25,Kitwanga,KITW,2025-09-20T23:20:26Z,2025-09-20T23:27:00Z,ARR,goo,-6.0
5,True,False,JASPER,PRINCE RUPERT,2025-09-19,26,Cedarvale,CEDA,2025-09-20T23:43:41Z,2025-09-20T23:51:00Z,ARR,goo,-7.0
5,True,False,JASPER,PRINCE RUPERT,2025-09-19,27,Dorreen,DORR,2025-09-21T00:12:42Z,2025-09-21T00:12:00Z,ARR,goo,0.0
5,True,False,JASPER,PRINCE RUPERT,2025-09-19,28,Pacific,PACI,2025-09-21T00:19:58Z,2025-09-21T00:21:00Z,ARR,goo,-1.0
5,True,False,JASPER,PRINCE RUPERT,2025-09-19,29,Usk,USKX,2025-09-21T01:42:58Z,2025-09-21T00:40:00Z,ARR,bad,62.0
5,True,False,JASPER,PRINCE RUPERT,2025-09-19,30,Terrace,TRRC,2025-09-21T01:59:48Z,2025-09-21T01:00:00Z,ARR,bad,59.0
5,True,False,JASPER,PRINCE RUPERT,2025-09-19,31,Kwinitsa,KWIN,2025-09-21T02:58:18Z,2025-09-21T02:09:00Z,ARR,bad,49.0
5,True,False,JASPER,PRINCE RUPERT,2025-09-19,32,Cassiar Cannery,CASS,2025-09-21T03:35:13Z,2025-09-21T02:45:00Z,ARR,bad,50.0
5,True,False,JASPER,PRINCE RUPERT,2025-09-19,33,Prince Rupert,PRUP,2025-09-21T04:14:24Z,2025-09-21T03:25:00Z,18 mins,bad,49.0
14,True,True,MONTRÉAL,HALIFAX,2025-09-19,0,Montréal,MTRL,2025-09-19T22:30:00Z,2025-09-19T22:30:00Z,ARR,goo,0.0
14,True,True,MONTRÉAL,HALIFAX,2025-09-19,1,St. Lambert,SLAM,2025-09-19T22:45:47Z,2025-09-19T22:45:00Z,ARR,goo,0.0
14,True,True,MONTRÉAL,HALIFAX,2025-09-19,2,St. Hyacinthe,SHYA,2025-09-19T23:25:09Z,2025-09-19T23:23:00Z,ARR,goo,2.0
14,True,True,MONTRÉAL,HALIFAX,2025-09-19,3,Drummondville,DRMV,2025-09-20T00:21:47Z,2025-09-20T00:04:00Z,ARR,bad,17.0
14,True,True,MONTRÉAL,HALIFAX,2025-09-19,4,Ste-Foy,SFOY,2025-09-20T02:01:14Z,2025-09-20T01:48:00Z,ARR,med,13.0
14,True,True,MONTRÉAL,HALIFAX,2025-09-19,5,Montmagny,MMGY,2025-09-20T03:21:39Z,2025-09-20T03:17:00Z,ARR,goo,4.0
14,True,True,MONTRÉAL,HALIFAX,2025-09-19,6,La Pocatière,LPOC,2025-09-20T03:56:24Z,2025-09-20T03:50:00Z,ARR,med,6.0
14,True,True,MONTRÉAL,HALIFAX,2025-09-19,7,Rivière-Du-Loup,RDLX,2025-09-20T04:44:14Z,2025-09-20T04:31:00Z,ARR,med,13.0
14,True,True,MONTRÉAL,HALIFAX,2025-09-19,8,Trois Pistoles,TPIS,2025-09-20T05:31:57Z,2025-09-20T05:17:00Z,ARR,med,14.0
14,True,True,MONTRÉAL,HALIFAX,2025-09-19,9,Rimouski,RMSK,2025-09-20T06:38:21Z,2025-09-20T06:25:00Z,ARR,med,13.0
14,True,True,MONTRÉAL,HALIFAX,2025-09-19,10,Mont-Joli,MJLI,2025-09-20T07:13:12Z,2025-09-20T07:03:00Z,ARR,med,10.0
14,True,True,MONTRÉAL,HALIFAX,2025-09-19,11,Sayabec,SAYA,2025-09-20T08:18:04Z,2025-09-20T08:06:00Z,ARR,med,12.0
14,True,True,MONTRÉAL,HALIFAX,2025-09-19,12,Amqui,AMQU,2025-09-20T08:49:17Z,2025-09-20T08:27:00Z,ARR,bad,22.0
14,True,True,MONTRÉAL,HALIFAX,2025-09-19,13,Causapscal,CAUS,2025-09-20T09:17:35Z,2025-09-20T08:49:00Z,ARR,bad,28.0
14,True,True,MONTRÉAL,HALIFAX,2025-09-19,14,Matapedia,MTPD,2025-09-20T10:14:20Z,2025-09-20T09:35:00Z,ARR,bad,39.0
14,True,True,MONTRÉAL,HALIFAX,2025-09-19,15,Campbellton,CBTN,2025-09-20T10:48:05Z,2025-09-20T10:20:00Z,ARR,bad,28.0
14,True,True,MONTRÉAL,HALIFAX,2025-09-19,16,Charlo,CHLO,2025-09-20T11:44:57Z,2025-09-20T11:03:00Z,ARR,bad,41.0
14,True,True,MONTRÉAL,HALIFAX,2025-09-19,17,Jacquet River,JACR,2025-09-20T12:19:33Z,2025-09-20T11:26:00Z,ARR,bad,53.0
14,True,True,MONTRÉAL,HALIFAX,2025-09-19,18,Petit Rocher,PROC,2025-09-20T12:49:25Z,2025-09-20T11:48:00Z,ARR,bad,61.0
14,True,True,MONTRÉAL,HALIFAX,2025-09-19,19,Bathurst,BTRS,2025-09-20T13:05:36Z,2025-09-20T12:36:00Z,ARR,bad,29.0
14,True,True,MONTRÉAL,HALIFAX,2025-09-19,20,Miramichi,MIRA,2025-09-20T14:38:28Z,2025-09-20T14:25:00Z,ARR,med,13.0
14,True,True,MONTRÉAL,HALIFAX,2025-09-19,21,Rogersville,RGRV,2025-09-20T15:31:02Z,2025-09-20T15:20:00Z,ARR,med,11.0
14,True,True,MONTRÉAL,HALIFAX,2025-09-19,22,Moncton,MCTN,2025-09-20T16:58:36Z,2025-09-20T16:30:00Z,ARR,bad,28.0
14,True,True,MONTRÉAL,HALIFAX,2025-09-19,23,Sackville,SACK,2025-09-20T18:11:30Z,2025-09-20T17:40:00Z,ARR,bad,31.0
14,True,True,MONTRÉAL,HALIFAX,2025-09-19,24,Amherst,AMHS,2025-09-20T18:25:57Z,2025-09-20T17:55:00Z,ARR,bad,30.0
14,True,True,MONTRÉAL,HALIFAX,2025-09-19,25,Springhill Jct,SPRJ,2025-09-20T18:49:34Z,2025-09-20T18:17:00Z,ARR,bad,32.0
14,True,True,MONTRÉAL,HALIFAX,2025-09-19,26,Truro,TRUR,2025-09-20T19:58:55Z,2025-09-20T19:32:00Z,ARR,bad,26.0
14,True,True,MONTRÉAL,HALIFAX,2025-09-19,27,Halifax,HLFX,2025-09-20T21:28:56Z,2025-09-20T21:36:00Z,ARR,goo,-7.0
61,True,True,MONTRÉAL,TORONTO,2025-09-20,0,Montréal,MTRL,2025-09-20T10:45:00Z,2025-09-20T10:45:00Z,ARR,goo,0.0
61,True,True,MONTRÉAL,TORONTO,2025-09-20,1,Dorval,DORV,2025-09-20T11:18:24Z,2025-09-20T11:08:00Z,ARR,med,10.0
61,True,True,MONTRÉAL,TORONTO,2025-09-20,2,Cornwall,CWLL,2025-09-20T12:12:20Z,2025-09-20T12:01:00Z,ARR,med,11.0
61,True,True,MONTRÉAL,TORONTO,2025-09-20,3,Kingston,KGON,2025-09-20T13:40:18Z,2025-09-20T13:29:00Z,ARR,med,11.0
61,True,True,MONTRÉAL,TORONTO,2025-09-20,4,Belleville,BLVL,2025-09-20T14:28:53Z,2025-09-20T14:11:00Z,ARR,bad,17.0
61,True,True,MONTRÉAL,TORONTO,2025-09-20,5,Oshawa,OSHA,2025-09-20T15:35:32Z,2025-09-20T15:19:00Z,ARR,bad,16.0
61,True,True,MONTRÉAL,TORONTO,2025-09-20,6,Guildwood,GUIL,2025-09-20T15:59:20Z,2025-09-20T15:43:00Z,ARR,bad,16.0
61,True,True,MONTRÉAL,TORONTO,2025-09-20,7,Toronto,TRTO,2025-09-20T16:23:11Z,2025-09-20T16:03:00Z,ARR,bad,20.0
24,True,True,OTTAWA,QUÉBEC,2025-09-20,0,Ottawa,OTTW,2025-09-20T14:13:05Z,2025-09-20T14:13:00Z,ARR,goo,0.0
24,True,True,OTTAWA,QUÉBEC,2025-09-20,1,Alexandria,ALEX,2025-09-20T14:57:21Z,2025-09-20T15:03:00Z,ARR,goo,-5.0
24,True,True,OTTAWA,QUÉBEC,2025-09-20,2,Coteau,COTO,2025-09-20T15:19:35Z,2025-09-20T15:26:00Z,ARR,goo,-6.0
24,True,True,OTTAWA,QUÉBEC,2025-09-20,3,Dorval,DORV,2025-09-20T15:46:44Z,2025-09-20T15:50:00Z,ARR,goo,-3.0
24,True,True,OTTAWA,QUÉBEC,2025-09-20,4,Montréal,MTRL,2025-09-20T16:43:46Z,2025-09-20T16:15:00Z,ARR,bad,28.0
24,True,True,OTTAWA,QUÉBEC,2025-09-20,5,St. Lambert,SLAM,2025-09-20T17:33:00Z,2025-09-20T16:58:00Z,ARR,bad,35.0
24,True,True,OTTAWA,QUÉBEC,2025-09-20,6,St. Hyacinthe,SHYA,2025-09-20T18:01:05Z,2025-09-20T17:26:00Z,ARR,bad,35.0
24,True,True,OTTAWA,QUÉBEC,2025-09-20,7,Drummondville,DRMV,2025-09-20T18:30:28Z,2025-09-20T17:54:00Z,ARR,bad,36.0
24,True,True,OTTAWA,QUÉBEC,2025-09-20,8,Charny,CHNY,2025-09-20T20:02:26Z,2025-09-20T19:38:00Z,ARR,bad,24.0
24,True,True,OTTAWA,QUÉBEC,2025-09-20,9,Ste-Foy,SFOY,2025-09-20T20:10:35Z,2025-09-20T19:45:00Z,ARR,bad,25.0
24,True,True,OTTAWA,QUÉBEC,2025-09-20,10,Québec,QBEC,2025-09-20T20:40:46Z,2025-09-20T20:12:00Z,ARR,bad,28.0
37,True,True,QUÉBEC,OTTAWA,2025-09-20,0,Québec,QBEC,2025-09-20T16:32:00Z,2025-09-20T16:32:00Z,ARR,goo,0.0
37,True,True,QUÉBEC,OTTAWA,2025-09-20,1,Ste-Foy,SFOY,2025-09-20T16:58:58Z,2025-09-20T16:57:00Z,ARR,goo,1.0
37,True,True,QUÉBEC,OTTAWA,2025-09-20,2,Drummondville,DRMV,2025-09-20T18:54:10Z,2025-09-20T18:44:00Z,ARR,med,10.0
37,True,True,QUÉBEC,OTTAWA,2025-09-20,3,St. Hyacinthe,SHYA,2025-09-20T19:25:27Z,2025-09-20T19:12:00Z,ARR,med,13.0
37,True,True,QUÉBEC,OTTAWA,2025-09-20,4,St. Lambert,SLAM,2025-09-20T19:56:20Z,2025-09-20T19:39:00Z,ARR,bad,17.0
37,True,True,QUÉBEC,OTTAWA,2025-09-20,5,Montréal,MTRL,2025-09-20T20:12:08Z,2025-09-20T19:54:00Z,ARR,bad,18.0
37,True,True,QUÉBEC,OTTAWA,2025-09-20,6,Dorval,DORV,2025-09-20T21:20:55Z,2025-09-20T20:54:00Z,ARR,bad,26.0
37,True,True,QUÉBEC,OTTAWA,2025-09-20,7,Coteau,COTO,2025-09-20T21:48:31Z,2025-09-20T21:23:00Z,ARR,bad,25.0
37,True,True,QUÉBEC,OTTAWA,2025-09-20,8,Alexandria,ALEX,2025-09-20T22:09:57Z,2025-09-20T21:45:00Z,ARR,bad,24.0
37,True,True,QUÉBEC,OTTAWA,2025-09-20,9,Ottawa,OTTW,2025-09-20T23:06:02Z,2025-09-20T22:37:00Z,ARR,bad,29.0
41,True,True,OTTAWA,TORONTO,2025-09-20,0,Ottawa,OTTW,2025-09-20T09:21:02Z,2025-09-20T09:21:00Z,ARR,goo,0.0
41,True,True,OTTAWA,TORONTO,2025-09-20,1,Fallowfield,FALL,2025-09-20T09:38:23Z,2025-09-20T09:38:00Z,ARR,goo,0.0
41,True,True,OTTAWA,TORONTO,2025-09-20,2,Smiths Falls,SMTF,2025-09-20T10:07:27Z,2025-09-20T10:08:00Z,ARR,goo,0.0
41,True,True,OTTAWA,TORONTO,2025-09-20,3,Brockville,BRKV,2025-09-20T10:38:58Z,2025-09-20T10:40:00Z,ARR,goo,-1.0
41,True,True,OTTAWA,TORONTO,2025-09-20,4,Kingston,KGON,2025-09-20T11:27:54Z,2025-09-20T11:25:00Z,ARR,goo,2.0
41,True,True,OTTAWA,TORONTO,2025-09-20,5,Napanee,NAPN,2025-09-20T11:54:00Z,2025-09-20T11:49:00Z,ARR,med,5.0
41,True,True,OTTAWA,TORONTO,2025-09-20,6,Belleville,BLVL,2025-09-20T12:16:19Z,2025-09-20T12:07:00Z,ARR,med,9.0
41,True,True,OTTAWA,TORONTO,2025-09-20,7,Trenton Jct.,TRNJ,2025-09-20T12:30:09Z,2025-09-20T12:20:00Z,ARR,med,10.0
41,True,True,OTTAWA,TORONTO,2025-09-20,8,Cobourg,CBRG,2025-09-20T12:56:33Z,2025-09-20T12:44:00Z,ARR,med,12.0
41,True,True,OTTAWA,TORONTO,2025-09-20,9,Oshawa,OSHA,2025-09-20T13:42:45Z,2025-09-20T13:19:00Z,ARR,bad,23.0
41,True,True,OTTAWA,TORONTO,2025-09-20,10,Toronto,TRTO,2025-09-20T14:27:18Z,2025-09-20T14:02:00Z,ARR,bad,25.0
50,True,True,TORONTO,OTTAWA,2025-09-20,0,Toronto,TRTO,2025-09-20T10:32:00Z,2025-09-20T10:32:00Z,ARR,goo,0.0
50,True,True,TORONTO,OTTAWA,2025-09-20,1,Guildwood,GUIL,2025-09-20T10:49:51Z,2025-09-20T10:50:00Z,ARR,goo,0.0
50,True,True,TORONTO,OTTAWA,2025-09-20,2,Oshawa,OSHA,2025-09-20T11:08:53Z,2025-09-20T11:08:00Z,ARR,goo,0.0
50,True,True,TORONTO,OTTAWA,2025-09-20,3,Cobourg,CBRG,2025-09-20T11:43:27Z,2025-09-20T11:43:00Z,ARR,goo,0.0
50,True,True,TORONTO,OTTAWA,2025-09-20,4,Belleville,BLVL,2025-09-20T12:24:58Z,2025-09-20T12:18:00Z,ARR,med,6.0
50,True,True,TORONTO,OTTAWA,2025-09-20,5,Kingston,KGON,2025-09-20T13:06:34Z,2025-09-20T12:57:00Z,ARR,med,9.0
50,True,True,TORONTO,OTTAWA,2025-09-20,6,Brockville,BRKV,2025-09-20T14:13:57Z,2025-09-20T13:54:00Z,ARR,bad,19.0
50,True,True,TORONTO,OTTAWA,2025-09-20,7,Smiths Falls,SMTF,2025-09-20T14:35:13Z,2025-09-20T14:29:00Z,ARR,med,6.0
50,True,True,TORONTO,OTTAWA,2025-09-20,8,Fallowfield,FALL,2025-09-20T15:01:37Z,2025-09-20T15:01:00Z,ARR,goo,0.0
50,True,True,TORONTO,OTTAWA,2025-09-20,9,Ottawa,OTTW,2025-09-20T15:26:18Z,2025-09-20T15:21:00Z,ARR,med,5.0
52,True,True,TORONTO,OTTAWA,2025-09-20,0,Toronto,TRTO,2025-09-20T12:32:00Z,2025-09-20T12:32:00Z,ARR,goo,0.0
52,True,True,TORONTO,OTTAWA,2025-09-20,1,Guildwood,GUIL,2025-09-20T12:50:01Z,2025-09-20T12:50:00Z,ARR,goo,0.0
52,True,True,TORONTO,OTTAWA,2025-09-20,2,Oshawa,OSHA,2025-09-20T13:10:42Z,2025-09-20T13:09:00Z,ARR,goo,1.0
52,True,True,TORONTO,OTTAWA,2025-09-20,3,Cobourg,CBRG,2025-09-20T13:53:56Z,2025-09-20T13:44:00Z,ARR,med,9.0
52,True,True,TORONTO,OTTAWA,2025-09-20,4,Belleville,BLVL,2025-09-20T14:30:19Z,2025-09-20T14:20:00Z,ARR,med,10.0
52,True,True,TORONTO,OTTAWA,2025-09-20,5,Kingston,KGON,2025-09-20T15:11:53Z,2025-09-20T15:00:00Z,ARR,med,11.0
52,True,True,TORONTO,OTTAWA,2025-09-20,6,Brockville,BRKV,2025-09-20T16:07:09Z,2025-09-20T15:57:00Z,ARR,med,10.0
52,True,True,TORONTO,OTTAWA,2025-09-20,7,Smiths Falls,SMTF,2025-09-20T16:39:24Z,2025-09-20T16:35:00Z,ARR,goo,4.0
52,True,True,TORONTO,OTTAWA,2025-09-20,8,Fallowfield,FALL,2025-09-20T17:08:03Z,2025-09-20T17:11:00Z,ARR,goo,-2.0
52,True,True,TORONTO,OTTAWA,2025-09-20,9,Ottawa,OTTW,2025-09-20T17:25:39Z,2025-09-20T17:32:00Z,ARR,goo,-6.0
53,True,True,OTTAWA,TORONTO,2025-09-20,0,Ottawa,OTTW,2025-09-20T15:43:00Z,2025-09-20T15:43:00Z,ARR,goo,0.0
53,True,True,OTTAWA,TORONTO,2025-09-20,1,Fallowfield,FALL,2025-09-20T15:59:23Z,2025-09-20T16:00:00Z,ARR,goo,0.0
53,True,True,OTTAWA,TORONTO,2025-09-20,2,Brockville,BRKV,2025-09-20T17:05:48Z,2025-09-20T17:01:00Z,ARR,goo,4.0
53,True,True,OTTAWA,TORONTO,2025-09-20,3,Gananoque,GANA,2025-09-20T17:41:09Z,2025-09-20T17:31:00Z,ARR,med,10.0
53,True,True,OTTAWA,TORONTO,2025-09-20,4,Kingston,KGON,2025-09-20T18:07:23Z,2025-09-20T17:54:00Z,ARR,med,13.0
53,True,True,OTTAWA,TORONTO,2025-09-20,5,Belleville,BLVL,2025-09-20T19:06:50Z,2025-09-20T18:36:00Z,ARR,bad,30.0
53,True,True,OTTAWA,TORONTO,2025-09-20,6,Cobourg,CBRG,2025-09-20T19:46:20Z,2025-09-20T19:12:00Z,ARR,bad,34.0
53,True,True,OTTAWA,TORONTO,2025-09-20,7,Oshawa,OSHA,2025-09-20T20:24:03Z,2025-09-20T19:48:00Z,ARR,bad,36.0
53,True,True,OTTAWA,TORONTO,2025-09-20,8,Toronto,TRTO,2025-09-20T21:13:35Z,2025-09-20T20:33:00Z,ARR,bad,40.0
60,True,True,TORONTO,MONTRÉAL,2025-09-20,0,Toronto,TRTO,2025-09-20T10:32:03Z,2025-09-20T10:32:00Z,ARR,goo,0.0
60,True,True,TORONTO,MONTRÉAL,2025-09-20,1,Guildwood,GUIL,2025-09-20T10:49:45Z,2025-09-20T10:50:00Z,ARR,goo,0.0
60,True,True,TORONTO,MONTRÉAL,2025-09-20,2,Oshawa,OSHA,2025-09-20T11:08:49Z,2025-09-20T11:08:00Z,ARR,goo,0.0
60,True,True,TORONTO,MONTRÉAL,2025-09-20,3,Cobourg,CBRG,2025-09-20T11:43:23Z,2025-09-20T11:43:00Z,ARR,goo,0.0
60,True,True,TORONTO,MONTRÉAL,2025-09-20,4,Belleville,BLVL,2025-09-20T12:24:53Z,2025-09-20T12:18:00Z,ARR,med,6.0
60,True,True,TORONTO,MONTRÉAL,2025-09-20,5,Kingston,KGON,2025-09-20T13:06:29Z,2025-09-20T12:57:00Z,ARR,med,9.0
60,True,True,TORONTO,MONTRÉAL,2025-09-20,6,Cornwall,CWLL,2025-09-20T14:45:31Z,2025-09-20T14:38:00Z,ARR,med,7.0
60,True,True,TORONTO,MONTRÉAL,2025-09-20,7,Dorval,DORV,2025-09-20T15:39:55Z,2025-09-20T15:25:00Z,ARR,med,14.0
60,True,True,TORONTO,MONTRÉAL,2025-09-20,8,Montréal,MTRL,2025-09-20T16:32:24Z,2025-09-20T15:50:00Z,ARR,bad,42.0
64,True,True,TORONTO,MONTRÉAL,2025-09-20,0,Toronto,TRTO,2025-09-20T15:38:00Z,2025-09-20T15:38:00Z,ARR,goo,0.0
64,True,True,TORONTO,MONTRÉAL,2025-09-20,1,Guildwood,GUIL,2025-09-20T15:54:24Z,2025-09-20T15:55:00Z,ARR,goo,0.0
64,True,True,TORONTO,MONTRÉAL,2025-09-20,2,Oshawa,OSHA,2025-09-20T16:13:39Z,2025-09-20T16:09:00Z,ARR,goo,4.0
64,True,True,TORONTO,MONTRÉAL,2025-09-20,3,Cobourg,CBRG,2025-09-20T16:48:42Z,2025-09-20T16:46:00Z,ARR,goo,2.0
64,True,True,TORONTO,MONTRÉAL,2025-09-20,4,Belleville,BLVL,2025-09-20T17:29:31Z,2025-09-20T17:22:00Z,ARR,med,7.0
64,True,True,TORONTO,MONTRÉAL,2025-09-20,5,Kingston,KGON,2025-09-20T18:07:42Z,2025-09-20T18:03:00Z,ARR,goo,4.0
64,True,True,TORONTO,MONTRÉAL,2025-09-20,6,Brockville,BRKV,2025-09-20T18:52:30Z,2025-09-20T18:52:00Z,ARR,goo,0.0
64,True,True,TORONTO,MONTRÉAL,2025-09-20,7,Cornwall,CWLL,2025-09-20T19:35:59Z,2025-09-20T19:42:00Z,ARR,goo,-6.0
64,True,True,TORONTO,MONTRÉAL,2025-09-20,8,Dorval,DORV,2025-09-20T20:28:59Z,2025-09-20T20:37:00Z,ARR,goo,-8.0
64,True,True,TORONTO,MONTRÉAL,2025-09-20,9,Montréal,MTRL,2025-09-20T21:48:13Z,2025-09-20T21:05:00Z,ARR,bad,43.0
65,True,True,MONTRÉAL,TORONTO,2025-09-20,0,Montréal,MTRL,2025-09-20T14:49:00Z,2025-09-20T14:49:00Z,ARR,goo,0.0
65,True,True,MONTRÉAL,TORONTO,2025-09-20,1,Dorval,DORV,2025-09-20T15:24:53Z,2025-09-20T15:12:00Z,ARR,med,12.0
65,True,True,MONTRÉAL,TORONTO,2025-09-20,2,Cornwall,CWLL,2025-09-20T16:16:19Z,2025-09-20T16:06:00Z,ARR,med,10.0
65,True,True,MONTRÉAL,TORONTO,2025-09-20,3,Kingston,KGON,2025-09-20T17:55:23Z,2025-09-20T17:36:00Z,ARR,bad,19.0
65,True,True,MONTRÉAL,TORONTO,2025-09-20,4,Belleville,BLVL,2025-09-20T18:56:15Z,2025-09-20T18:20:00Z,ARR,bad,36.0
65,True,True,MONTRÉAL,TORONTO,2025-09-20,5,Cobourg,CBRG,2025-09-20T19:36:01Z,2025-09-20T18:58:00Z,ARR,bad,38.0
65,True,True,MONTRÉAL,TORONTO,2025-09-20,6,Oshawa,OSHA,2025-09-20T20:10:50Z,2025-09-20T19:34:00Z,ARR,bad,36.0
65,True,True,MONTRÉAL,TORONTO,2025-09-20,7,Toronto,TRTO,2025-09-20T21:01:45Z,2025-09-20T20:18:00Z,ARR,bad,43.0
67,True,True,MONTRÉAL,TORONTO,2025-09-20,0,Montréal,MTRL,2025-09-20T17:26:54Z,2025-09-20T17:22:00Z,ARR,goo,4.0
67,True,True,MONTRÉAL,TORONTO,2025-09-20,1,Dorval,DORV,2025-09-20T18:04:24Z,2025-09-20T17:47:00Z,ARR,bad,17.0
67,True,True,MONTRÉAL,TORONTO,2025-09-20,2,Cornwall,CWLL,2025-09-20T18:55:41Z,2025-09-20T18:38:00Z,ARR,bad,17.0
67,True,True,MONTRÉAL,TORONTO,2025-09-20,3,Kingston,KGON,2025-09-20T20:22:20Z,2025-09-20T20:03:00Z,ARR,bad,19.0
67,True,True,MONTRÉAL,TORONTO,2025-09-20,4,Belleville,BLVL,2025-09-20T21:05:39Z,2025-09-20T20:42:00Z,ARR,bad,23.0
67,True,True,MONTRÉAL,TORONTO,2025-09-20,5,Cobourg,CBRG,2025-09-20T21:46:01Z,2025-09-20T21:17:00Z,ARR,bad,29.0
67,True,True,MONTRÉAL,TORONTO,2025-09-20,6,Oshawa,OSHA,2025-09-20T22:28:17Z,2025-09-20T21:50:00Z,ARR,bad,38.0
67,True,True,MONTRÉAL,TORONTO,2025-09-20,7,Toronto,TRTO,2025-09-20T23:07:15Z,2025-09-20T22:45:00Z,ARR,bad,22.0
70,True,True,WINDSOR,TORONTO,2025-09-20,0,Windsor,WDON,2025-09-20T09:35:26Z,2025-09-20T09:35:00Z,ARR,goo,0.0
70,True,True,WINDSOR,TORONTO,2025-09-20,1,Chatham,CHAT,2025-09-20T10:17:03Z,2025-09-20T10:19:00Z,ARR,goo,-1.0
70,True,True,WINDSOR,TORONTO,2025-09-20,2,London,LNDN,2025-09-20T11:33:25Z,2025-09-20T11:25:00Z,ARR,med,8.0
70,True,True,WINDSOR,TORONTO,2025-09-20,3,Ingersoll,INGR,2025-09-20T11:59:20Z,2025-09-20T11:55:00Z,ARR,goo,4.0
70,True,True,WINDSOR,TORONTO,2025-09-20,4,Woodstock,WDST,2025-09-20T12:10:29Z,2025-09-20T12:08:00Z,ARR,goo,2.0
70,True,True,WINDSOR,TORONTO,2025-09-20,5,Brantford,BRTF,2025-09-20T12:44:38Z,2025-09-20T12:44:00Z,ARR,goo,0.0
70,True,True,WINDSOR,TORONTO,2025-09-20,6,Aldershot,ALDR,2025-09-20T13:18:49Z,2025-09-20T13:25:00Z,ARR,goo,-6.0
70,True,True,WINDSOR,TORONTO,2025-09-20,7,Oakville,OAKV,2025-09-20T13:43:45Z,2025-09-20T13:43:00Z,ARR,goo,0.0
70,True,True,WINDSOR,TORONTO,2025-09-20,8,Toronto,TRTO,2025-09-20T14:09:15Z,2025-09-20T14:10:00Z,ARR,goo,0.0
72,True,True,WINDSOR,TORONTO,2025-09-20,0,Windsor,WDON,2025-09-20T12:43:00Z,2025-09-20T12:43:00Z,ARR,goo,0.0
72,True,True,WINDSOR,TORONTO,2025-09-20,1,Chatham,CHAT,2025-09-20T13:25:50Z,2025-09-20T13:25:00Z,ARR,goo,0.0
72,True,True,WINDSOR,TORONTO,2025-09-20,2,Glencoe,GLNC,2025-09-20T14:11:35Z,2025-09-20T14:05:00Z,ARR,med,6.0
72,True,True,WINDSOR,TORONTO,2025-09-20,3,London,LNDN,2025-09-20T14:43:04Z,2025-09-20T14:39:00Z,ARR,goo,4.0
72,True,True,WINDSOR,TORONTO,2025-09-20,4,Ingersoll,INGR,2025-09-20T15:11:38Z,2025-09-20T15:07:00Z,ARR,goo,4.0
72,True,True,WINDSOR,TORONTO,2025-09-20,5,Woodstock,WDST,2025-09-20T15:20:26Z,2025-09-20T15:23:00Z,ARR,goo,-2.0
72,True,True,WINDSOR,TORONTO,2025-09-20,6,Brantford,BRTF,2025-09-20T15:53:41Z,2025-09-20T15:55:00Z,ARR,goo,-1.0
72,True,True,WINDSOR,TORONTO,2025-09-20,7,Aldershot,ALDR,2025-09-20T16:39:08Z,2025-09-20T16:29:00Z,ARR,med,10.0
72,True,True,WINDSOR,TORONTO,2025-09-20,8,Oakville,OAKV,2025-09-20T16:56:12Z,2025-09-20T16:45:00Z,ARR,med,11.0
72,True,True,WINDSOR,TORONTO,2025-09-20,9,Toronto,TRTO,2025-09-20T17:23:59Z,2025-09-20T17:11:00Z,ARR,med,12.0
71,True,True,TORONTO,WINDSOR,2025-09-20,0,Toronto,TRTO,2025-09-20T10:50:00Z,2025-09-20T10:50:00Z,ARR,goo,0.0
71,True,True,TORONTO,WINDSOR,2025-09-20,1,Oakville,OAKV,2025-09-20T11:15:39Z,2025-09-20T11:13:00Z,ARR,goo,2.0
71,True,True,TORONTO,WINDSOR,2025-09-20,2,Aldershot,ALDR,2025-09-20T11:31:51Z,2025-09-20T11:29:00Z,ARR,goo,2.0
71,True,True,TORONTO,WINDSOR,2025-09-20,3,Brantford,BRTF,2025-09-20T12:05:17Z,2025-09-20T11:55:00Z,ARR,med,10.0
71,True,True,TORONTO,WINDSOR,2025-09-20,4,Woodstock,WDST,2025-09-20T12:36:15Z,2025-09-20T12:30:00Z,ARR,med,6.0
71,True,True,TORONTO,WINDSOR,2025-09-20,5,Ingersoll,INGR,2025-09-20T12:47:07Z,2025-09-20T12:43:00Z,ARR,goo,4.0
71,True,True,TORONTO,WINDSOR,2025-09-20,6,London,LNDN,2025-09-20T13:10:36Z,2025-09-20T13:06:00Z,ARR,goo,4.0
71,True,True,TORONTO,WINDSOR,2025-09-20,7,Glencoe,GLNC,2025-09-20T13:43:22Z,2025-09-20T13:39:00Z,ARR,goo,4.0
71,True,True,TORONTO,WINDSOR,2025-09-20,8,Chatham,CHAT,2025-09-20T14:43:29Z,2025-09-20T14:18:00Z,ARR,bad,25.0
71,True,True,TORONTO,WINDSOR,2025-09-20,9,Windsor,WDON,2025-09-20T15:27:42Z,2025-09-20T15:08:00Z,ARR,bad,19.0
73,True,True,TORONTO,WINDSOR,2025-09-20,0,Toronto,TRTO,2025-09-20T15:30:00Z,2025-09-20T15:30:00Z,ARR,goo,0.0
73,True,True,TORONTO,WINDSOR,2025-09-20,1,Oakville,OAKV,2025-09-20T15:56:42Z,2025-09-20T15:51:00Z,ARR,med,5.0
73,True,True,TORONTO,WINDSOR,2025-09-20,2,Aldershot,ALDR,2025-09-20T16:17:21Z,2025-09-20T16:09:00Z,ARR,med,8.0
73,True,True,TORONTO,WINDSOR,2025-09-20,3,Brantford,BRTF,2025-09-20T16:49:30Z,2025-09-20T16:40:00Z,ARR,med,9.0
73,True,True,TORONTO,WINDSOR,2025-09-20,4,Woodstock,WDST,2025-09-20T17:19:08Z,2025-09-20T17:09:00Z,ARR,med,10.0
73,True,True,TORONTO,WINDSOR,2025-09-20,5,London,LNDN,2025-09-20T17:56:58Z,2025-09-20T17:38:00Z,ARR,bad,18.0
73,True,True,TORONTO,WINDSOR,2025-09-20,6,Chatham,CHAT,2025-09-20T19:11:10Z,2025-09-20T18:50:00Z,ARR,bad,21.0
73,True,True,TORONTO,WINDSOR,2025-09-20,7,Windsor,WDON,2025-09-20T19:55:19Z,2025-09-20T19:45:00Z,ARR,med,10.0
76,True,True,WINDSOR,TORONTO,2025-09-20,0,Windsor,WDON,2025-09-20T17:06:00Z,2025-09-20T17:06:00Z,ARR,goo,0.0
76,True,True,WINDSOR,TORONTO,2025-09-20,1,Chatham,CHAT,2025-09-20T17:49:01Z,2025-09-20T17:48:00Z,ARR,goo,1.0
76,True,True,WINDSOR,TORONTO,2025-09-20,2,Glencoe,GLNC,2025-09-20T18:35:46Z,2025-09-20T18:23:00Z,ARR,med,12.0
76,True,True,WINDSOR,TORONTO,2025-09-20,3,London,LNDN,2025-09-20T19:04:58Z,2025-09-20T18:58:00Z,ARR,med,6.0
76,True,True,WINDSOR,TORONTO,2025-09-20,4,Brantford,BRTF,2025-09-20T20:18:53Z,2025-09-20T19:59:00Z,ARR,bad,19.0
76,True,True,WINDSOR,TORONTO,2025-09-20,5,Aldershot,ALDR,2025-09-20T20:49:40Z,2025-09-20T20:30:00Z,ARR,bad,19.0
76,True,True,WINDSOR,TORONTO,2025-09-20,6,Oakville,OAKV,2025-09-20T21:05:42Z,2025-09-20T20:47:00Z,ARR,bad,18.0
76,True,True,WINDSOR,TORONTO,2025-09-20,7,Toronto,TRTO,2025-09-20T21:32:14Z,2025-09-20T21:13:00Z,ARR,bad,19.0
82,True,True,LONDON,TORONTO,2025-09-20,0,London,LNDN,2025-09-20T10:25:00Z,2025-09-20T10:25:00Z,ARR,goo,0.0
82,True,True,LONDON,TORONTO,2025-09-20,1,Woodstock,WDST,2025-09-20T10:53:32Z,2025-09-20T10:53:00Z,ARR,goo,0.0
82,True,True,LONDON,TORONTO,2025-09-20,2,Brantford,BRTF,2025-09-20T11:22:36Z,2025-09-20T11:23:00Z,ARR,goo,0.0
82,True,True,LONDON,TORONTO,2025-09-20,3,Toronto,TRTO,2025-09-20T12:30:20Z,2025-09-20T12:35:00Z,ARR,goo,-4.0
84,True,False,SARNIA,TORONTO,2025-09-20,0,Sarnia,SARN,2025-09-20T12:40:00Z,2025-09-20T12:40:00Z,ARR,goo,0.0
84,True,False,SARNIA,TORONTO,2025-09-20,1,Wyoming,WYOM,&mdash;,2025-09-20T12:55:00Z,&mdash;,,
84,True,False,SARNIA,TORONTO,2025-09-20,2,Strathroy,STRR,&mdash;,2025-09-20T13:27:00Z,&mdash;,,
84,True,False,SARNIA,TORONTO,2025-09-20,3,London,LNDN,&mdash;,2025-09-20T13:52:00Z,&mdash;,,
84,True,False,SARNIA,TORONTO,2025-09-20,4,St.Marys,SMYS,&mdash;,2025-09-20T14:45:00Z,&mdash;,,
84,True,False,SARNIA,TORONTO,2025-09-20,5,Kitchener,KITC,&mdash;,2025-09-20T16:02:00Z,&mdash;,,
84,True,False,SARNIA,TORONTO,2025-09-20,6,Toronto,TRTO,&mdash;,2025-09-20T17:38:00Z,&mdash;,,
644,True,True,TORONTO,OTTAWA,2025-09-20,0,Toronto,TRTO,2025-09-20T17:23:20Z,2025-09-20T17:23:00Z,ARR,goo,0.0
644,True,True,TORONTO,OTTAWA,2025-09-20,1,Oshawa,OSHA,2025-09-20T18:04:55Z,2025-09-20T17:53:00Z,ARR,med,11.0
644,True,True,TORONTO,OTTAWA,2025-09-20,2,Cobourg,CBRG,2025-09-20T18:43:03Z,2025-09-20T18:28:00Z,ARR,bad,15.0
644,True,True,TORONTO,OTTAWA,2025-09-20,3,Belleville,BLVL,2025-09-20T19:19:06Z,2025-09-20T19:03:00Z,ARR,bad,16.0
644,True,True,TORONTO,OTTAWA,2025-09-20,4,Kingston,KGON,2025-09-20T20:08:01Z,2025-09-20T19:43:00Z,ARR,bad,25.0
644,True,True,TORONTO,OTTAWA,2025-09-20,5,Fallowfield,FALL,2025-09-20T21:50:07Z,2025-09-20T21:30:00Z,ARR,bad,20.0
644,True,True,TORONTO,OTTAWA,2025-09-20,6,Ottawa,OTTW,2025-09-20T22:24:02Z,2025-09-20T21:53:00Z,ARR,bad,31.0
62,True,True,TORONTO,MONTRÉAL,2025-09-20,0,Toronto,TRTO,2025-09-20T12:32:00Z,2025-09-20T12:32:00Z,ARR,goo,0.0
62,True,True,TORONTO,MONTRÉAL,2025-09-20,1,Guildwood,GUIL,2025-09-20T12:49:53Z,2025-09-20T12:50:00Z,ARR,goo,0.0
62,True,True,TORONTO,MONTRÉAL,2025-09-20,2,Oshawa,OSHA,2025-09-20T13:10:38Z,2025-09-20T13:09:00Z,ARR,goo,1.0
62,True,True,TORONTO,MONTRÉAL,2025-09-20,3,Cobourg,CBRG,2025-09-20T13:53:56Z,2025-09-20T13:44:00Z,ARR,med,9.0
62,True,True,TORONTO,MONTRÉAL,2025-09-20,4,Belleville,BLVL,2025-09-20T14:30:13Z,2025-09-20T14:20:00Z,ARR,med,10.0
62,True,True,TORONTO,MONTRÉAL,2025-09-20,5,Kingston,KGON,2025-09-20T15:11:31Z,2025-09-20T15:00:00Z,ARR,med,11.0
62,True,True,TORONTO,MONTRÉAL,2025-09-20,6,Cornwall,CWLL,2025-09-20T16:42:44Z,2025-09-20T16:43:00Z,ARR,goo,0.0
62,True,True,TORONTO,MONTRÉAL,2025-09-20,7,Dorval,DORV,2025-09-20T17:32:31Z,2025-09-20T17:34:00Z,ARR,goo,-1.0
62,True,True,TORONTO,MONTRÉAL,2025-09-20,8,Montréal,MTRL,2025-09-20T18:14:36Z,2025-09-20T18:00:00Z,ARR,med,14.0
643,True,True,OTTAWA,TORONTO,2025-09-20,0,Ottawa,OTTW,2025-09-20T12:29:00Z,2025-09-20T12:29:00Z,ARR,goo,0.0
643,True,True,OTTAWA,TORONTO,2025-09-20,1,Fallowfield,FALL,2025-09-20T12:44:35Z,2025-09-20T12:45:00Z,ARR,goo,0.0
643,True,True,OTTAWA,TORONTO,2025-09-20,2,Smiths Falls,SMTF,2025-09-20T13:15:39Z,2025-09-20T13:17:00Z,ARR,goo,-1.0
643,True,True,OTTAWA,TORONTO,2025-09-20,3,Brockville,BRKV,2025-09-20T13:49:05Z,2025-09-20T13:49:00Z,ARR,goo,0.0
643,True,True,OTTAWA,TORONTO,2025-09-20,4,Kingston,KGON,2025-09-20T14:38:18Z,2025-09-20T14:32:00Z,ARR,med,6.0
643,True,True,OTTAWA,TORONTO,2025-09-20,5,Napanee,NAPN,2025-09-20T15:04:19Z,2025-09-20T14:57:00Z,ARR,med,7.0
643,True,True,OTTAWA,TORONTO,2025-09-20,6,Belleville,BLVL,2025-09-20T15:27:44Z,2025-09-20T15:17:00Z,ARR,med,10.0
643,True,True,OTTAWA,TORONTO,2025-09-20,7,Trenton Jct.,TRNJ,2025-09-20T15:41:09Z,2025-09-20T15:31:00Z,ARR,med,10.0
643,True,True,OTTAWA,TORONTO,2025-09-20,8,Cobourg,CBRG,2025-09-20T16:08:57Z,2025-09-20T15:57:00Z,ARR,med,11.0
643,True,True,OTTAWA,TORONTO,2025-09-20,9,Port Hope,PHOP,2025-09-20T16:21:53Z,2025-09-20T16:07:00Z,ARR,med,14.0
643,True,True,OTTAWA,TORONTO,2025-09-20,10,Oshawa,OSHA,2025-09-20T16:52:01Z,2025-09-20T16:35:00Z,ARR,bad,17.0
643,True,True,OTTAWA,TORONTO,2025-09-20,11,Guildwood,GUIL,2025-09-20T17:15:58Z,2025-09-20T16:58:00Z,ARR,bad,17.0
643,True,True,OTTAWA,TORONTO,2025-09-20,12,Toronto,TRTO,2025-09-20T17:34:00Z,2025-09-20T17:18:00Z,ARR,bad,16.0
97,True,True,TORONTO,NIAGARA FALLS,2025-09-20,0,Toronto,TRTO,2025-09-20T12:20:00Z,2025-09-20T12:20:00Z,ARR,goo,0.0
97,True,True,TORONTO,NIAGARA FALLS,2025-09-20,1,Oakville,OAKV,2025-09-20T12:43:00Z,2025-09-20T12:43:00Z,ARR,goo,0.0
97,True,True,TORONTO,NIAGARA FALLS,2025-09-20,2,Aldershot,ALDR,2025-09-20T12:56:00Z,2025-09-20T12:56:00Z,ARR,goo,0.0
97,True,True,TORONTO,NIAGARA FALLS,2025-09-20,3,Grimsby,GRIM,2025-09-20T13:37:00Z,2025-09-20T13:37:00Z,ARR,goo,0.0
97,True,True,TORONTO,NIAGARA FALLS,2025-09-20,4,St. Catharines,SCAT,2025-09-20T13:57:00Z,2025-09-20T13:57:00Z,ARR,goo,0.0
97,True,True,TORONTO,NIAGARA FALLS,2025-09-20,5,Niagara Falls,NIAG,2025-09-20T14:20:00Z,2025-09-20T14:20:00Z,ARR,goo,0.0
633,True,True,MONTRÉAL,OTTAWA,2025-09-20,0,Montréal,MTRL,2025-09-20T13:04:05Z,2025-09-20T13:00:00Z,ARR,goo,4.0
633,True,True,MONTRÉAL,OTTAWA,2025-09-20,1,Dorval,DORV,2025-09-20T13:46:34Z,2025-09-20T13:24:00Z,ARR,bad,22.0
633,True,True,MONTRÉAL,OTTAWA,2025-09-20,2,Alexandria,ALEX,2025-09-20T14:50:02Z,2025-09-20T14:11:00Z,ARR,bad,39.0
633,True,True,MONTRÉAL,OTTAWA,2025-09-20,3,Casselman,CSLM,2025-09-20T15:18:56Z,2025-09-20T14:34:00Z,ARR,bad,44.0
633,True,True,MONTRÉAL,OTTAWA,2025-09-20,4,Ottawa,OTTW,2025-09-20T15:40:54Z,2025-09-20T15:05:00Z,ARR,bad,35.0
622,True,True,MONTRÉAL,QUÉBEC,2025-09-20,0,Montréal,MTRL,2025-09-20T12:20:00Z,2025-09-20T12:20:00Z,ARR,goo,0.0
622,True,True,MONTRÉAL,QUÉBEC,2025-09-20,1,St. Lambert,SLAM,2025-09-20T12:35:11Z,2025-09-20T12:33:00Z,ARR,goo,2.0
622,True,True,MONTRÉAL,QUÉBEC,2025-09-20,2,St. Hyacinthe,SHYA,2025-09-20T13:20:44Z,2025-09-20T13:00:00Z,ARR,bad,20.0
622,True,True,MONTRÉAL,QUÉBEC,2025-09-20,3,Drummondville,DRMV,2025-09-20T13:52:53Z,2025-09-20T13:29:00Z,ARR,bad,23.0
622,True,True,MONTRÉAL,QUÉBEC,2025-09-20,4,Ste-Foy,SFOY,2025-09-20T15:26:27Z,2025-09-20T15:11:00Z,ARR,bad,15.0
622,True,True,MONTRÉAL,QUÉBEC,2025-09-20,5,Québec,QBEC,2025-09-20T15:55:49Z,2025-09-20T15:39:00Z,ARR,bad,16.0
45,True,True,OTTAWA,TORONTO,2025-09-20,0,Ottawa,OTTW,2025-09-20T14:24:00Z,2025-09-20T14:24:00Z,ARR,goo,0.0
45,True,True,OTTAWA,TORONTO,2025-09-20,1,Fallowfield,FALL,2025-09-20T15:08:50Z,2025-09-20T14:40:00Z,ARR,bad,28.0
45,True,True,OTTAWA,TORONTO,2025-09-20,2,Kingston,KGON,2025-09-20T16:58:52Z,2025-09-20T16:26:00Z,ARR,bad,32.0
45,True,True,OTTAWA,TORONTO,2025-09-20,3,Toronto,TRTO,2025-09-20T19:29:32Z,2025-09-20T18:48:00Z,ARR,bad,41.0
185,True,False,SUDBURY,WHITE RIVER,2025-09-20,0,Sudbury,SUDB,2025-09-20T13:00:00Z,2025-09-20T13:00:00Z,ARR,goo,0.0
185,True,False,SUDBURY,WHITE RIVER,2025-09-20,1,Azilda,AZIL,2025-09-20T13:15:33Z,2025-09-20T13:10:00Z,ARR,med,5.0
185,True,False,SUDBURY,WHITE RIVER,2025-09-20,2,Chelmsford,CHEL,2025-09-20T13:18:27Z,2025-09-20T13:15:00Z,ARR,goo,3.0
185,True,False,SUDBURY,WHITE RIVER,2025-09-20,3,Larchwood,LARC,2025-09-20T13:22:06Z,2025-09-20T13:19:00Z,ARR,goo,3.0
185,True,False,SUDBURY,WHITE RIVER,2025-09-20,4,Levack,LEVA,2025-09-20T13:32:12Z,2025-09-20T13:30:00Z,ARR,goo,2.0
185,True,False,SUDBURY,WHITE RIVER,2025-09-20,5,Cartier,CART,2025-09-20T13:44:31Z,2025-09-20T13:45:00Z,ARR,goo,0.0
185,True,False,SUDBURY,WHITE RIVER,2025-09-20,6,Benny,BENN,2025-09-20T14:15:26Z,2025-09-20T14:05:00Z,ARR,med,10.0
185,True,False,SUDBURY,WHITE RIVER,2025-09-20,7,Stralak,STRL,2025-09-20T14:19:59Z,2025-09-20T14:12:00Z,ARR,med,7.0
185,True,False,SUDBURY,WHITE RIVER,2025-09-20,8,Pogamasing,POGA,2025-09-20T14:31:18Z,2025-09-20T14:25:00Z,ARR,med,6.0
185,True,False,SUDBURY,WHITE RIVER,2025-09-20,9,Sheahan,SHEA,2025-09-20T14:36:20Z,2025-09-20T14:30:00Z,ARR,med,6.0
185,True,False,SUDBURY,WHITE RIVER,2025-09-20,10,Forks,FRKS,2025-09-20T14:45:07Z,2025-09-20T14:40:00Z,ARR,med,5.0
185,True,False,SUDBURY,WHITE RIVER,2025-09-20,11,Metagama,MTGM,2025-09-20T14:55:07Z,2025-09-20T14:50:00Z,ARR,med,5.0
185,True,False,SUDBURY,WHITE RIVER,2025-09-20,12,Sinker,SNKR,2025-09-20T15:00:07Z,2025-09-20T14:55:00Z,ARR,med,5.0
185,True,False,SUDBURY,WHITE RIVER,2025-09-20,13,Biscotasing,BISC,2025-09-20T15:25:07Z,2025-09-20T15:20:00Z,ARR,med,5.0
185,True,False,SUDBURY,WHITE RIVER,2025-09-20,14,Roberts,RBRT,2025-09-20T15:35:07Z,2025-09-20T15:30:00Z,ARR,med,5.0
185,True,False,SUDBURY,WHITE RIVER,2025-09-20,15,Ramsey,RAMS,2025-09-20T15:50:07Z,2025-09-20T15:45:00Z,ARR,med,5.0
185,True,False,SUDBURY,WHITE RIVER,2025-09-20,16,Woman River,WOMR,2025-09-20T16:10:07Z,2025-09-20T16:05:00Z,ARR,med,5.0
185,True,False,SUDBURY,WHITE RIVER,2025-09-20,17,Sultan,SULT,2025-09-20T16:25:07Z,2025-09-20T16:20:00Z,ARR,med,5.0
185,True,False,SUDBURY,WHITE RIVER,2025-09-20,18,Kormak,KORM,2025-09-20T16:40:07Z,2025-09-20T16:35:00Z,ARR,med,5.0
185,True,False,SUDBURY,WHITE RIVER,2025-09-20,19,Kinogama,KINO,2025-09-20T16:45:07Z,2025-09-20T16:40:00Z,ARR,med,5.0
185,True,False,SUDBURY,WHITE RIVER,2025-09-20,20,Nemegos,NEME,2025-09-20T19:19:54Z,2025-09-20T16:55:00Z,ARR,bad,144.0
185,True,False,SUDBURY,WHITE RIVER,2025-09-20,21,Devon,DEVN,2025-09-20T20:17:30Z,2025-09-20T17:05:00Z,ARR,bad,192.0
185,True,False,SUDBURY,WHITE RIVER,2025-09-20,22,Chapleau,CHAP,2025-09-20T20:33:14Z,2025-09-20T17:20:00Z,ARR,bad,193.0
185,True,False,SUDBURY,WHITE RIVER,2025-09-20,23,Esher,ESHR,2025-09-21T04:07:36Z,2025-09-20T17:50:00Z,11 mins,bad,617.0
185,True,False,SUDBURY,WHITE RIVER,2025-09-20,24,Musk,MUSK,2025-09-21T04:17:36Z,2025-09-20T18:00:00Z,21 mins,bad,617.0
185,True,False,SUDBURY,WHITE RIVER,2025-09-20,25,Nicholson,NICH,2025-09-21T04:27:36Z,2025-09-20T18:10:00Z,31 mins,bad,617.0
185,True,False,SUDBURY,WHITE RIVER,2025-09-20,26,Bolkow,BOLK,2025-09-21T04:47:36Z,2025-09-20T18:30:00Z,51 mins,bad,617.0
185,True,False,SUDBURY,WHITE RIVER,2025-09-20,27,Dalton,DALT,2025-09-21T05:02:36Z,2025-09-20T18:45:00Z,1h06,bad,617.0
185,True,False,SUDBURY,WHITE RIVER,2025-09-20,28,Missanabie,MSBI,2025-09-21T05:27:36Z,2025-09-20T19:10:00Z,1h31,bad,617.0
185,True,False,SUDBURY,WHITE RIVER,2025-09-20,29,Lochalsh,LOCH,2025-09-21T05:47:36Z,2025-09-20T19:30:00Z,1h51,bad,617.0
185,True,False,SUDBURY,WHITE RIVER,2025-09-20,30,Franz,FRNZ,2025-09-21T06:07:36Z,2025-09-20T19:50:00Z,2h11,bad,617.0
185,True,False,SUDBURY,WHITE RIVER,2025-09-20,31,Swanson,SWAN,2025-09-21T06:17:36Z,2025-09-20T20:00:00Z,2h21,bad,617.0
185,True,False,SUDBURY,WHITE RIVER,2025-09-20,32,Girdwood,GIRD,2025-09-21T06:42:36Z,2025-09-20T20:25:00Z,2h46,bad,617.0
185,True,False,SUDBURY,WHITE RIVER,2025-09-20,33,Amyot,AMYO,2025-09-21T06:52:36Z,2025-09-20T20:35:00Z,2h56,bad,617.0
185,True,False,SUDBURY,WHITE RIVER,2025-09-20,34,O'Brien,OBRI,2025-09-21T07:07:36Z,2025-09-20T20:50:00Z,3h11,bad,617.0
185,True,False,SUDBURY,WHITE RIVER,2025-09-20,35,White River,WHTR,2025-09-21T07:22:36Z,2025-09-20T21:05:00Z,3h26,bad,617.0
637,True,True,QUÉBEC,OTTAWA,2025-09-20,0,Québec,QBEC,2025-09-20T14:00:00Z,2025-09-20T14:00:00Z,ARR,goo,0.0
637,True,True,QUÉBEC,OTTAWA,2025-09-20,1,Ste-Foy,SFOY,2025-09-20T14:26:25Z,2025-09-20T14:25:00Z,ARR,goo,1.0
637,True,True,QUÉBEC,OTTAWA,2025-09-20,2,Drummondville,DRMV,2025-09-20T15:56:46Z,2025-09-20T16:08:00Z,ARR,goo,-11.0
637,True,True,QUÉBEC,OTTAWA,2025-09-20,3,St. Lambert,SLAM,2025-09-20T16:57:17Z,2025-09-20T17:16:00Z,ARR,goo,-18.0
637,True,True,QUÉBEC,OTTAWA,2025-09-20,4,Montréal,MTRL,2025-09-20T17:23:54Z,2025-09-20T17:31:00Z,ARR,goo,-7.0
637,True,True,QUÉBEC,OTTAWA,2025-09-20,5,Dorval,DORV,2025-09-20T18:39:39Z,2025-09-20T18:20:00Z,ARR,bad,19.0
637,True,True,QUÉBEC,OTTAWA,2025-09-20,6,Alexandria,ALEX,2025-09-20T19:31:47Z,2025-09-20T19:10:00Z,ARR,bad,21.0
637,True,True,QUÉBEC,OTTAWA,2025-09-20,7,Ottawa,OTTW,2025-09-20T20:30:22Z,2025-09-20T19:56:00Z,ARR,bad,34.0
47,True,True,OTTAWA,TORONTO,2025-09-20,0,Ottawa,OTTW,2025-09-20T16:23:00Z,2025-09-20T16:23:00Z,ARR,goo,0.0
47,True,True,OTTAWA,TORONTO,2025-09-20,1,Fallowfield,FALL,2025-09-20T16:39:14Z,2025-09-20T16:40:00Z,ARR,goo,0.0
47,True,True,OTTAWA,TORONTO,2025-09-20,2,Smiths Falls,SMTF,2025-09-20T17:14:09Z,2025-09-20T17:18:00Z,ARR,goo,-3.0
47,True,True,OTTAWA,TORONTO,2025-09-20,3,Brockville,BRKV,2025-09-20T17:49:41Z,2025-09-20T17:54:00Z,ARR,goo,-4.0
47,True,True,OTTAWA,TORONTO,2025-09-20,4,Gananoque,GANA,2025-09-20T18:23:35Z,2025-09-20T18:22:00Z,ARR,goo,1.0
47,True,True,OTTAWA,TORONTO,2025-09-20,5,Kingston,KGON,2025-09-20T18:45:50Z,2025-09-20T18:45:00Z,ARR,goo,0.0
47,True,True,OTTAWA,TORONTO,2025-09-20,6,Belleville,BLVL,2025-09-20T19:28:39Z,2025-09-20T19:26:00Z,ARR,goo,2.0
47,True,True,OTTAWA,TORONTO,2025-09-20,7,Oshawa,OSHA,2025-09-20T20:35:35Z,2025-09-20T20:33:00Z,ARR,goo,2.0
47,True,True,OTTAWA,TORONTO,2025-09-20,8,Guildwood,GUIL,2025-09-20T20:58:26Z,2025-09-20T20:58:00Z,ARR,goo,0.0
47,True,True,OTTAWA,TORONTO,2025-09-20,9,Toronto,TRTO,2025-09-20T21:20:15Z,2025-09-20T21:30:00Z,ARR,goo,-9.0
624,True,True,OTTAWA,QUÉBEC,2025-09-20,0,Ottawa,OTTW,2025-09-20T11:45:00Z,2025-09-20T11:45:00Z,ARR,goo,0.0
624,True,True,OTTAWA,QUÉBEC,2025-09-20,1,Alexandria,ALEX,2025-09-20T12:27:24Z,2025-09-20T12:31:00Z,ARR,goo,-3.0
624,True,True,OTTAWA,QUÉBEC,2025-09-20,2,Dorval,DORV,2025-09-20T13:12:57Z,2025-09-20T13:16:00Z,ARR,goo,-3.0
624,True,True,OTTAWA,QUÉBEC,2025-09-20,3,Montréal,MTRL,2025-09-20T14:45:21Z,2025-09-20T13:39:00Z,ARR,bad,66.0
624,True,True,OTTAWA,QUÉBEC,2025-09-20,4,St. Lambert,SLAM,2025-09-20T15:13:00Z,2025-09-20T14:28:00Z,ARR,bad,45.0
624,True,True,OTTAWA,QUÉBEC,2025-09-20,5,St. Hyacinthe,SHYA,2025-09-20T15:56:58Z,2025-09-20T15:06:00Z,ARR,bad,50.0
624,True,True,OTTAWA,QUÉBEC,2025-09-20,6,Drummondville,DRMV,2025-09-20T16:36:09Z,2025-09-20T15:34:00Z,ARR,bad,62.0
624,True,True,OTTAWA,QUÉBEC,2025-09-20,7,Charny,CHNY,2025-09-20T17:59:44Z,2025-09-20T17:13:00Z,ARR,bad,46.0
624,True,True,OTTAWA,QUÉBEC,2025-09-20,8,Ste-Foy,SFOY,2025-09-20T18:08:12Z,2025-09-20T17:20:00Z,ARR,bad,48.0
624,True,True,OTTAWA,QUÉBEC,2025-09-20,9,Québec,QBEC,2025-09-20T18:37:55Z,2025-09-20T17:48:00Z,ARR,bad,49.0
40,True,True,TORONTO,OTTAWA,2025-09-20,0,Toronto,TRTO,2025-09-20T14:38:00Z,2025-09-20T14:38:00Z,ARR,goo,0.0
40,True,True,TORONTO,OTTAWA,2025-09-20,1,Belleville,BLVL,2025-09-20T16:26:11Z,2025-09-20T16:09:00Z,ARR,bad,17.0
40,True,True,TORONTO,OTTAWA,2025-09-20,2,Kingston,KGON,2025-09-20T17:12:35Z,2025-09-20T16:48:00Z,ARR,bad,24.0
40,True,True,TORONTO,OTTAWA,2025-09-20,3,Fallowfield,FALL,2025-09-20T18:55:27Z,2025-09-20T18:38:00Z,ARR,bad,17.0
40,True,True,TORONTO,OTTAWA,2025-09-20,4,Ottawa,OTTW,2025-09-20T19:15:20Z,2025-09-20T19:02:00Z,ARR,med,13.0
35,True,True,QUÉBEC,OTTAWA,2025-09-20,0,Québec,QBEC,2025-09-20T12:06:00Z,2025-09-20T12:06:00Z,ARR,goo,0.0
35,True,True,QUÉBEC,OTTAWA,2025-09-20,1,Ste-Foy,SFOY,2025-09-20T12:31:40Z,2025-09-20T12:31:00Z,ARR,goo,0.0
35,True,True,QUÉBEC,OTTAWA,2025-09-20,2,Charny,CHNY,2025-09-20T12:43:07Z,2025-09-20T12:40:00Z,ARR,goo,3.0
35,True,True,QUÉBEC,OTTAWA,2025-09-20,3,Drummondville,DRMV,2025-09-20T14:09:59Z,2025-09-20T14:14:00Z,ARR,goo,-4.0
35,True,True,QUÉBEC,OTTAWA,2025-09-20,4,St. Hyacinthe,SHYA,2025-09-20T14:40:25Z,2025-09-20T14:44:00Z,ARR,goo,-3.0
35,True,True,QUÉBEC,OTTAWA,2025-09-20,5,St. Lambert,SLAM,2025-09-20T15:11:47Z,2025-09-20T15:11:00Z,ARR,goo,0.0
35,True,True,QUÉBEC,OTTAWA,2025-09-20,6,Montréal,MTRL,2025-09-20T15:26:25Z,2025-09-20T15:26:00Z,ARR,goo,0.0
35,True,True,QUÉBEC,OTTAWA,2025-09-20,7,Dorval,DORV,2025-09-20T16:52:54Z,2025-09-20T16:18:00Z,ARR,bad,34.0
35,True,True,QUÉBEC,OTTAWA,2025-09-20,8,Coteau,COTO,2025-09-20T17:20:53Z,2025-09-20T16:46:00Z,ARR,bad,34.0
35,True,True,QUÉBEC,OTTAWA,2025-09-20,9,Alexandria,ALEX,2025-09-20T17:43:20Z,2025-09-20T17:08:00Z,ARR,bad,35.0
35,True,True,QUÉBEC,OTTAWA,2025-09-20,10,Casselman,CSLM,2025-09-20T18:04:31Z,2025-09-20T17:31:00Z,ARR,bad,33.0
35,True,True,QUÉBEC,OTTAWA,2025-09-20,11,Ottawa,OTTW,2025-09-20T18:41:42Z,2025-09-20T17:58:00Z,ARR,bad,43.0
63,True,True,MONTRÉAL,TORONTO,2025-09-20,0,Montréal,MTRL,2025-09-20T12:46:00Z,2025-09-20T12:46:00Z,ARR,goo,0.0
63,True,True,MONTRÉAL,TORONTO,2025-09-20,1,Dorval,DORV,2025-09-20T13:28:47Z,2025-09-20T13:11:00Z,ARR,bad,17.0
63,True,True,MONTRÉAL,TORONTO,2025-09-20,2,Cornwall,CWLL,2025-09-20T14:15:57Z,2025-09-20T14:04:00Z,ARR,med,11.0
63,True,True,MONTRÉAL,TORONTO,2025-09-20,3,Brockville,BRKV,2025-09-20T14:59:39Z,2025-09-20T14:54:00Z,ARR,med,5.0
63,True,True,MONTRÉAL,TORONTO,2025-09-20,4,Kingston,KGON,2025-09-20T15:44:12Z,2025-09-20T15:39:00Z,ARR,med,5.0
63,True,True,MONTRÉAL,TORONTO,2025-09-20,5,Belleville,BLVL,2025-09-20T16:39:56Z,2025-09-20T16:20:00Z,ARR,bad,19.0
63,True,True,MONTRÉAL,TORONTO,2025-09-20,6,Cobourg,CBRG,2025-09-20T17:15:03Z,2025-09-20T16:58:00Z,ARR,bad,17.0
63,True,True,MONTRÉAL,TORONTO,2025-09-20,7,Oshawa,OSHA,2025-09-20T17:47:28Z,2025-09-20T17:34:00Z,ARR,med,13.0
63,True,True,MONTRÉAL,TORONTO,2025-09-20,8,Guildwood,GUIL,2025-09-20T18:13:22Z,2025-09-20T17:58:00Z,ARR,bad,15.0
63,True,True,MONTRÉAL,TORONTO,2025-09-20,9,Toronto,TRTO,2025-09-20T18:31:18Z,2025-09-20T18:18:00Z,ARR,med,13.0
26,True,True,OTTAWA,QUÉBEC,2025-09-20,0,Ottawa,OTTW,2025-09-20T18:17:00Z,2025-09-20T18:17:00Z,ARR,goo,0.0
26,True,True,OTTAWA,QUÉBEC,2025-09-20,1,Alexandria,ALEX,2025-09-20T19:01:33Z,2025-09-20T19:03:00Z,ARR,goo,-1.0
26,True,True,OTTAWA,QUÉBEC,2025-09-20,2,Coteau,COTO,2025-09-20T19:26:03Z,2025-09-20T19:26:00Z,ARR,goo,0.0
26,True,True,OTTAWA,QUÉBEC,2025-09-20,3,Dorval,DORV,2025-09-20T19:51:19Z,2025-09-20T19:49:00Z,ARR,goo,2.0
26,True,True,OTTAWA,QUÉBEC,2025-09-20,4,Montréal,MTRL,2025-09-20T21:33:03Z,2025-09-20T20:15:00Z,ARR,bad,78.0
26,True,True,OTTAWA,QUÉBEC,2025-09-20,5,St. Lambert,SLAM,2025-09-20T22:14:21Z,2025-09-20T20:53:00Z,ARR,bad,81.0
26,True,True,OTTAWA,QUÉBEC,2025-09-20,6,St. Hyacinthe,SHYA,2025-09-20T22:42:32Z,2025-09-20T21:20:00Z,ARR,bad,82.0
26,True,True,OTTAWA,QUÉBEC,2025-09-20,7,Drummondville,DRMV,2025-09-20T23:27:56Z,2025-09-20T22:05:00Z,ARR,bad,82.0
26,True,True,OTTAWA,QUÉBEC,2025-09-20,8,Charny,CHNY,2025-09-21T00:49:14Z,2025-09-20T23:44:00Z,ARR,bad,65.0
26,True,True,OTTAWA,QUÉBEC,2025-09-20,9,Ste-Foy,SFOY,2025-09-21T00:56:57Z,2025-09-20T23:52:00Z,ARR,bad,64.0
26,True,True,OTTAWA,QUÉBEC,2025-09-20,10,Québec,QBEC,2025-09-21T01:24:15Z,2025-09-21T00:19:00Z,ARR,bad,65.0
39,True,True,QUÉBEC,OTTAWA,2025-09-20,0,Québec,QBEC,2025-09-20T19:01:50Z,2025-09-20T18:57:00Z,ARR,goo,4.0
39,True,True,QUÉBEC,OTTAWA,2025-09-20,1,Ste-Foy,SFOY,2025-09-20T19:31:56Z,2025-09-20T19:22:00Z,ARR,med,9.0
39,True,True,QUÉBEC,OTTAWA,2025-09-20,2,Drummondville,DRMV,2025-09-20T21:13:39Z,2025-09-20T20:58:00Z,ARR,bad,15.0
39,True,True,QUÉBEC,OTTAWA,2025-09-20,3,St. Lambert,SLAM,2025-09-20T22:22:28Z,2025-09-20T21:57:00Z,ARR,bad,25.0
39,True,True,QUÉBEC,OTTAWA,2025-09-20,4,Montréal,MTRL,2025-09-20T22:42:23Z,2025-09-20T22:11:00Z,ARR,bad,31.0
39,True,True,QUÉBEC,OTTAWA,2025-09-20,5,Dorval,DORV,2025-09-20T23:48:40Z,2025-09-20T23:14:00Z,ARR,bad,34.0
39,True,True,QUÉBEC,OTTAWA,2025-09-20,6,Coteau,COTO,2025-09-21T00:16:33Z,2025-09-20T23:43:00Z,ARR,bad,33.0
39,True,True,QUÉBEC,OTTAWA,2025-09-20,7,Alexandria,ALEX,2025-09-21T00:37:49Z,2025-09-21T00:06:00Z,ARR,bad,31.0
39,True,True,QUÉBEC,OTTAWA,2025-09-20,8,Ottawa,OTTW,2025-09-21T01:22:43Z,2025-09-21T00:51:00Z,ARR,bad,31.0
46,True,True,TORONTO,OTTAWA,2025-09-20,0,Toronto,TRTO,2025-09-20T19:38:00Z,2025-09-20T19:38:00Z,ARR,goo,0.0
46,True,True,TORONTO,OTTAWA,2025-09-20,1,Oshawa,OSHA,2025-09-20T20:20:55Z,2025-09-20T20:09:00Z,ARR,med,11.0
46,True,True,TORONTO,OTTAWA,2025-09-20,2,Cobourg,CBRG,2025-09-20T20:57:44Z,2025-09-20T20:43:00Z,ARR,med,14.0
46,True,True,TORONTO,OTTAWA,2025-09-20,3,Kingston,KGON,2025-09-20T22:13:10Z,2025-09-20T21:54:00Z,ARR,bad,19.0
46,True,True,TORONTO,OTTAWA,2025-09-20,4,Brockville,BRKV,2025-09-20T23:02:22Z,2025-09-20T22:40:00Z,ARR,bad,22.0
46,True,True,TORONTO,OTTAWA,2025-09-20,5,Fallowfield,FALL,2025-09-20T23:54:44Z,2025-09-20T23:40:00Z,ARR,med,14.0
46,True,True,TORONTO,OTTAWA,2025-09-20,6,Ottawa,OTTW,2025-09-21T00:13:43Z,2025-09-21T00:00:00Z,ARR,med,13.0
66,True,True,TORONTO,MONTRÉAL,2025-09-20,0,Toronto,TRTO,2025-09-20T19:23:46Z,2025-09-20T19:23:00Z,ARR,goo,0.0
66,True,True,TORONTO,MONTRÉAL,2025-09-20,1,Guildwood,GUIL,2025-09-20T19:43:08Z,2025-09-20T19:40:00Z,ARR,goo,3.0
66,True,True,TORONTO,MONTRÉAL,2025-09-20,2,Oshawa,OSHA,2025-09-20T20:02:42Z,2025-09-20T19:54:00Z,ARR,med,8.0
66,True,True,TORONTO,MONTRÉAL,2025-09-20,3,Belleville,BLVL,2025-09-20T21:14:52Z,2025-09-20T21:00:00Z,ARR,med,14.0
66,True,True,TORONTO,MONTRÉAL,2025-09-20,4,Kingston,KGON,2025-09-20T21:54:20Z,2025-09-20T21:40:00Z,ARR,med,14.0
66,True,True,TORONTO,MONTRÉAL,2025-09-20,5,Cornwall,CWLL,2025-09-20T23:16:21Z,2025-09-20T23:07:00Z,ARR,med,9.0
66,True,True,TORONTO,MONTRÉAL,2025-09-20,6,Dorval,DORV,2025-09-21T00:25:12Z,2025-09-20T23:58:00Z,ARR,bad,27.0
66,True,True,TORONTO,MONTRÉAL,2025-09-20,7,Montréal,MTRL,2025-09-21T01:09:26Z,2025-09-21T00:25:00Z,ARR,bad,44.0
28,True,True,OTTAWA,QUÉBEC,2025-09-20,0,Ottawa,OTTW,2025-09-20T20:05:00Z,2025-09-20T20:05:00Z,ARR,goo,0.0
28,True,True,OTTAWA,QUÉBEC,2025-09-20,1,Casselman,CSLM,2025-09-20T20:30:03Z,2025-09-20T20:31:00Z,ARR,goo,0.0
28,True,True,OTTAWA,QUÉBEC,2025-09-20,2,Alexandria,ALEX,2025-09-20T20:51:45Z,2025-09-20T20:53:00Z,ARR,goo,-1.0
28,True,True,OTTAWA,QUÉBEC,2025-09-20,3,Coteau,COTO,2025-09-20T21:13:07Z,2025-09-20T21:15:00Z,ARR,goo,-1.0
28,True,True,OTTAWA,QUÉBEC,2025-09-20,4,Dorval,DORV,2025-09-20T21:46:25Z,2025-09-20T21:38:00Z,ARR,med,8.0
28,True,True,OTTAWA,QUÉBEC,2025-09-20,5,Montréal,MTRL,2025-09-20T22:32:39Z,2025-09-20T22:04:00Z,ARR,bad,28.0
28,True,True,OTTAWA,QUÉBEC,2025-09-20,6,St. Lambert,SLAM,2025-09-20T23:08:28Z,2025-09-20T22:38:00Z,ARR,bad,30.0
28,True,True,OTTAWA,QUÉBEC,2025-09-20,7,St. Hyacinthe,SHYA,2025-09-20T23:36:35Z,2025-09-20T23:06:00Z,ARR,bad,30.0
28,True,True,OTTAWA,QUÉBEC,2025-09-20,8,Drummondville,DRMV,2025-09-21T00:10:14Z,2025-09-20T23:52:00Z,ARR,bad,18.0
28,True,True,OTTAWA,QUÉBEC,2025-09-20,9,Charny,CHNY,2025-09-21T01:30:43Z,2025-09-21T01:14:00Z,ARR,bad,16.0
28,True,True,OTTAWA,QUÉBEC,2025-09-20,10,Ste-Foy,SFOY,2025-09-21T01:41:20Z,2025-09-21T01:21:00Z,ARR,bad,20.0
28,True,True,OTTAWA,QUÉBEC,2025-09-20,11,Québec,QBEC,2025-09-21T02:10:33Z,2025-09-21T01:48:00Z,ARR,bad,22.0
69,True,True,MONTRÉAL,TORONTO,2025-09-20,0,Montréal,MTRL,2025-09-20T20:38:00Z,2025-09-20T20:38:00Z,ARR,goo,0.0
69,True,True,MONTRÉAL,TORONTO,2025-09-20,1,Dorval,DORV,2025-09-20T21:40:11Z,2025-09-20T21:04:00Z,ARR,bad,36.0
69,True,True,MONTRÉAL,TORONTO,2025-09-20,2,Cornwall,CWLL,2025-09-20T22:36:34Z,2025-09-20T21:53:00Z,ARR,bad,43.0
69,True,True,MONTRÉAL,TORONTO,2025-09-20,3,Brockville,BRKV,2025-09-20T23:25:41Z,2025-09-20T22:40:00Z,ARR,bad,45.0
69,True,True,MONTRÉAL,TORONTO,2025-09-20,4,Kingston,KGON,2025-09-21T00:18:25Z,2025-09-20T23:24:00Z,ARR,bad,54.0
69,True,True,MONTRÉAL,TORONTO,2025-09-20,5,Oshawa,OSHA,2025-09-21T02:16:52Z,2025-09-21T01:05:00Z,ARR,bad,71.0
69,True,True,MONTRÉAL,TORONTO,2025-09-20,6,Guildwood,GUIL,2025-09-21T02:46:00Z,2025-09-21T01:28:00Z,ARR,bad,78.0
69,True,True,MONTRÉAL,TORONTO,2025-09-20,7,Toronto,TRTO,2025-09-21T03:06:30Z,2025-09-21T01:48:00Z,ARR,bad,78.0
68,True,True,TORONTO,MONTRÉAL,2025-09-20,0,Toronto,TRTO,2025-09-20T21:08:00Z,2025-09-20T21:08:00Z,ARR,goo,0.0
68,True,True,TORONTO,MONTRÉAL,2025-09-20,1,Oshawa,OSHA,2025-09-20T21:46:01Z,2025-09-20T21:39:00Z,ARR,med,7.0
68,True,True,TORONTO,MONTRÉAL,2025-09-20,2,Cobourg,CBRG,2025-09-20T22:20:59Z,2025-09-20T22:14:00Z,ARR,med,6.0
68,True,True,TORONTO,MONTRÉAL,2025-09-20,3,Belleville,BLVL,2025-09-20T22:57:51Z,2025-09-20T22:49:00Z,ARR,med,8.0
68,True,True,TORONTO,MONTRÉAL,2025-09-20,4,Kingston,KGON,2025-09-20T23:37:40Z,2025-09-20T23:26:00Z,ARR,med,11.0
68,True,True,TORONTO,MONTRÉAL,2025-09-20,5,Brockville,BRKV,2025-09-21T00:41:34Z,2025-09-21T00:11:00Z,ARR,bad,30.0
68,True,True,TORONTO,MONTRÉAL,2025-09-20,6,Cornwall,CWLL,2025-09-21T01:32:53Z,2025-09-21T00:57:00Z,ARR,bad,35.0
68,True,True,TORONTO,MONTRÉAL,2025-09-20,7,Dorval,DORV,2025-09-21T02:22:29Z,2025-09-21T01:47:00Z,ARR,bad,35.0
68,True,True,TORONTO,MONTRÉAL,2025-09-20,8,Montréal,MTRL,2025-09-21T03:03:03Z,2025-09-21T02:14:00Z,ARR,bad,49.0
54,True,True,TORONTO,OTTAWA,2025-09-20,0,Toronto,TRTO,2025-09-20T21:38:00Z,2025-09-20T21:38:00Z,ARR,goo,0.0
54,True,True,TORONTO,OTTAWA,2025-09-20,1,Guildwood,GUIL,2025-09-20T21:55:20Z,2025-09-20T21:55:00Z,ARR,goo,0.0
54,True,True,TORONTO,OTTAWA,2025-09-20,2,Oshawa,OSHA,2025-09-20T22:16:32Z,2025-09-20T22:08:00Z,ARR,med,8.0
54,True,True,TORONTO,OTTAWA,2025-09-20,3,Port Hope,PHOP,2025-09-20T22:48:58Z,2025-09-20T22:37:00Z,ARR,med,11.0
54,True,True,TORONTO,OTTAWA,2025-09-20,4,Cobourg,CBRG,2025-09-20T22:57:51Z,2025-09-20T22:46:00Z,ARR,med,11.0
54,True,True,TORONTO,OTTAWA,2025-09-20,5,Trenton Jct.,TRNJ,2025-09-20T23:27:58Z,2025-09-20T23:13:01Z,ARR,med,14.0
54,True,True,TORONTO,OTTAWA,2025-09-20,6,Belleville,BLVL,2025-09-20T23:43:20Z,2025-09-20T23:27:00Z,ARR,bad,16.0
54,True,True,TORONTO,OTTAWA,2025-09-20,7,Napanee,NAPN,2025-09-21T00:07:41Z,2025-09-20T23:48:00Z,ARR,bad,19.0
54,True,True,TORONTO,OTTAWA,2025-09-20,8,Kingston,KGON,2025-09-21T00:34:16Z,2025-09-21T00:09:00Z,ARR,bad,25.0
54,True,True,TORONTO,OTTAWA,2025-09-20,9,Brockville,BRKV,2025-09-21T01:28:17Z,2025-09-21T00:54:00Z,ARR,bad,34.0
54,True,True,TORONTO,OTTAWA,2025-09-20,10,Smiths Falls,SMTF,2025-09-21T01:58:49Z,2025-09-21T01:25:00Z,ARR,bad,33.0
54,True,True,TORONTO,OTTAWA,2025-09-20,11,Fallowfield,FALL,2025-09-21T02:25:49Z,2025-09-21T01:52:00Z,ARR,bad,33.0
54,True,True,TORONTO,OTTAWA,2025-09-20,12,Ottawa,OTTW,2025-09-21T02:45:14Z,2025-09-21T02:13:00Z,ARR,bad,32.0
75,True,True,TORONTO,WINDSOR,2025-09-20,0,Toronto,TRTO,2025-09-20T21:41:12Z,2025-09-20T21:22:00Z,ARR,bad,19.0
75,True,True,TORONTO,WINDSOR,2025-09-20,1,Oakville,OAKV,2025-09-20T22:10:58Z,2025-09-20T21:45:00Z,ARR,bad,25.0
75,True,True,TORONTO,WINDSOR,2025-09-20,2,Aldershot,ALDR,2025-09-20T22:31:41Z,2025-09-20T22:01:00Z,ARR,bad,30.0
75,True,True,TORONTO,WINDSOR,2025-09-20,3,Brantford,BRTF,2025-09-20T23:06:46Z,2025-09-20T22:33:00Z,ARR,bad,33.0
75,True,True,TORONTO,WINDSOR,2025-09-20,4,Woodstock,WDST,2025-09-20T23:36:55Z,2025-09-20T23:04:00Z,ARR,bad,32.0
75,True,True,TORONTO,WINDSOR,2025-09-20,5,Ingersoll,INGR,2025-09-20T23:50:19Z,2025-09-20T23:19:00Z,ARR,bad,31.0
75,True,True,TORONTO,WINDSOR,2025-09-20,6,London,LNDN,2025-09-21T00:12:58Z,2025-09-20T23:47:00Z,ARR,bad,25.0
75,True,True,TORONTO,WINDSOR,2025-09-20,7,Glencoe,GLNC,2025-09-21T00:50:52Z,2025-09-21T00:21:00Z,ARR,bad,29.0
75,True,True,TORONTO,WINDSOR,2025-09-20,8,Chatham,CHAT,2025-09-21T01:33:50Z,2025-09-21T00:55:00Z,ARR,bad,38.0
75,True,True,TORONTO,WINDSOR,2025-09-20,9,Windsor,WDON,2025-09-21T02:21:52Z,2025-09-21T01:50:00Z,ARR,bad,31.0
98,True,True,NIAGARA FALLS,TORONTO,2025-09-20,0,Niagara Falls,NIAG,2025-09-20T21:45:00Z,2025-09-20T21:45:00Z,ARR,goo,0.0
98,True,True,NIAGARA FALLS,TORONTO,2025-09-20,1,St. Catharines,SCAT,2025-09-20T22:06:00Z,2025-09-20T22:06:00Z,ARR,goo,0.0
98,True,True,NIAGARA FALLS,TORONTO,2025-09-20,2,Grimsby,GRIM,2025-09-20T22:33:00Z,2025-09-20T22:26:00Z,ARR,med,7.0
98,True,True,NIAGARA FALLS,TORONTO,2025-09-20,3,Aldershot,ALDR,2025-09-20T23:09:00Z,2025-09-20T23:02:00Z,ARR,med,7.0
98,True,True,NIAGARA FALLS,TORONTO,2025-09-20,4,Oakville,OAKV,2025-09-20T23:22:00Z,2025-09-20T23:16:00Z,ARR,med,6.0
98,True,True,NIAGARA FALLS,TORONTO,2025-09-20,5,Toronto,TRTO,2025-09-20T23:49:00Z,2025-09-20T23:43:00Z,ARR,med,6.0
29,True,True,QUÉBEC,MONTRÉAL,2025-09-20,0,Québec,QBEC,2025-09-20T21:41:00Z,2025-09-20T21:41:00Z,ARR,goo,0.0
29,True,True,QUÉBEC,MONTRÉAL,2025-09-20,1,Ste-Foy,SFOY,2025-09-20T22:06:57Z,2025-09-20T22:06:00Z,ARR,goo,0.0
29,True,True,QUÉBEC,MONTRÉAL,2025-09-20,2,Drummondville,DRMV,2025-09-20T23:45:04Z,2025-09-20T23:42:00Z,ARR,goo,3.0
29,True,True,QUÉBEC,MONTRÉAL,2025-09-20,3,St. Hyacinthe,SHYA,2025-09-21T00:27:30Z,2025-09-21T00:18:00Z,ARR,med,9.0
29,True,True,QUÉBEC,MONTRÉAL,2025-09-20,4,St. Lambert,SLAM,2025-09-21T00:55:48Z,2025-09-21T00:45:00Z,ARR,med,10.0
29,True,True,QUÉBEC,MONTRÉAL,2025-09-20,5,Montréal,MTRL,2025-09-21T01:13:27Z,2025-09-21T01:00:00Z,ARR,med,13.0
59,True,True,OTTAWA,TORONTO,2025-09-20,0,Ottawa,OTTW,2025-09-20T22:03:00Z,2025-09-20T22:03:00Z,ARR,goo,0.0
59,True,True,OTTAWA,TORONTO,2025-09-20,1,Fallowfield,FALL,2025-09-20T22:19:24Z,2025-09-20T22:20:00Z,ARR,goo,0.0
59,True,True,OTTAWA,TORONTO,2025-09-20,2,Smiths Falls,SMTF,2025-09-20T22:48:44Z,2025-09-20T22:51:00Z,ARR,goo,-2.0
59,True,True,OTTAWA,TORONTO,2025-09-20,3,Brockville,BRKV,2025-09-20T23:38:54Z,2025-09-20T23:25:00Z,ARR,med,13.0
59,True,True,OTTAWA,TORONTO,2025-09-20,4,Kingston,KGON,2025-09-21T00:28:47Z,2025-09-21T00:10:00Z,ARR,bad,18.0
59,True,True,OTTAWA,TORONTO,2025-09-20,5,Belleville,BLVL,2025-09-21T01:13:12Z,2025-09-21T00:51:00Z,ARR,bad,22.0
59,True,True,OTTAWA,TORONTO,2025-09-20,6,Trenton Jct.,TRNJ,2025-09-21T01:26:51Z,2025-09-21T01:05:00Z,ARR,bad,21.0
59,True,True,OTTAWA,TORONTO,2025-09-20,7,Cobourg,CBRG,2025-09-21T01:56:06Z,2025-09-21T01:31:00Z,ARR,bad,25.0
59,True,True,OTTAWA,TORONTO,2025-09-20,8,Oshawa,OSHA,2025-09-21T02:33:23Z,2025-09-21T02:05:00Z,ARR,bad,28.0
59,True,True,OTTAWA,TORONTO,2025-09-20,9,Guildwood,GUIL,2025-09-21T02:57:16Z,2025-09-21T02:28:00Z,ARR,bad,29.0
59,True,True,OTTAWA,TORONTO,2025-09-20,10,Toronto,TRTO,2025-09-21T03:19:46Z,2025-09-21T02:48:00Z,ARR,bad,31.0
78,True,True,WINDSOR,TORONTO,2025-09-20,0,Windsor,WDON,2025-09-20T21:40:00Z,2025-09-20T21:40:00Z,ARR,goo,0.0
78,True,True,WINDSOR,TORONTO,2025-09-20,1,Chatham,CHAT,2025-09-20T22:22:35Z,2025-09-20T22:24:00Z,ARR,goo,-1.0
78,True,True,WINDSOR,TORONTO,2025-09-20,2,Glencoe,GLNC,2025-09-20T23:07:27Z,2025-09-20T22:59:00Z,ARR,med,8.0
78,True,True,WINDSOR,TORONTO,2025-09-20,3,London,LNDN,2025-09-20T23:35:06Z,2025-09-20T23:32:00Z,ARR,goo,3.0
78,True,True,WINDSOR,TORONTO,2025-09-20,4,Ingersoll,INGR,2025-09-21T00:03:19Z,2025-09-20T23:57:00Z,ARR,med,6.0
78,True,True,WINDSOR,TORONTO,2025-09-20,5,Woodstock,WDST,2025-09-21T00:12:05Z,2025-09-21T00:08:00Z,ARR,goo,4.0
78,True,True,WINDSOR,TORONTO,2025-09-20,6,Brantford,BRTF,2025-09-21T00:41:28Z,2025-09-21T00:39:00Z,ARR,goo,2.0
78,True,True,WINDSOR,TORONTO,2025-09-20,7,Aldershot,ALDR,2025-09-21T01:12:39Z,2025-09-21T01:09:00Z,ARR,goo,3.0
78,True,True,WINDSOR,TORONTO,2025-09-20,8,Oakville,OAKV,2025-09-21T01:27:51Z,2025-09-21T01:24:00Z,ARR,goo,3.0
78,True,True,WINDSOR,TORONTO,2025-09-20,9,Toronto,TRTO,2025-09-21T01:54:09Z,2025-09-21T01:50:00Z,ARR,goo,4.0
38,True,True,OTTAWA,MONTRÉAL,2025-09-20,0,Ottawa,OTTW,2025-09-20T21:55:00Z,2025-09-20T21:55:00Z,ARR,goo,0.0
38,True,True,OTTAWA,MONTRÉAL,2025-09-20,1,Casselman,CSLM,2025-09-20T22:20:58Z,2025-09-20T22:26:00Z,ARR,goo,-5.0
38,True,True,OTTAWA,MONTRÉAL,2025-09-20,2,Alexandria,ALEX,2025-09-20T22:42:42Z,2025-09-20T22:49:00Z,ARR,goo,-6.0
38,True,True,OTTAWA,MONTRÉAL,2025-09-20,3,Dorval,DORV,2025-09-20T23:29:29Z,2025-09-20T23:33:00Z,ARR,goo,-3.0
38,True,True,OTTAWA,MONTRÉAL,2025-09-20,4,Montréal,MTRL,2025-09-21T00:17:02Z,2025-09-20T23:57:00Z,ARR,bad,20.0
79,True,True,TORONTO,WINDSOR,2025-09-20,0,Toronto,TRTO,2025-09-20T23:45:19Z,2025-09-20T23:45:00Z,ARR,goo,0.0
79,True,True,TORONTO,WINDSOR,2025-09-20,1,Oakville,OAKV,2025-09-21T00:11:08Z,2025-09-21T00:07:00Z,ARR,goo,4.0
79,True,True,TORONTO,WINDSOR,2025-09-20,2,Aldershot,ALDR,2025-09-21T00:27:57Z,2025-09-21T00:22:00Z,ARR,med,5.0
79,True,True,TORONTO,WINDSOR,2025-09-20,3,Brantford,BRTF,2025-09-21T00:58:42Z,2025-09-21T00:50:00Z,ARR,med,8.0
79,True,True,TORONTO,WINDSOR,2025-09-20,4,Woodstock,WDST,2025-09-21T01:27:35Z,2025-09-21T01:17:00Z,ARR,med,10.0
79,True,True,TORONTO,WINDSOR,2025-09-20,5,Ingersoll,INGR,2025-09-21T01:38:36Z,2025-09-21T01:30:00Z,ARR,med,8.0
79,True,True,TORONTO,WINDSOR,2025-09-20,6,London,LNDN,2025-09-21T02:01:23Z,2025-09-21T01:52:00Z,ARR,med,9.0
79,True,True,TORONTO,WINDSOR,2025-09-20,7,Glencoe,GLNC,2025-09-21T02:35:23Z,2025-09-21T02:25:00Z,ARR,med,10.0
79,True,True,TORONTO,WINDSOR,2025-09-20,8,Chatham,CHAT,2025-09-21T03:13:06Z,2025-09-21T02:57:00Z,ARR,bad,16.0
79,True,True,TORONTO,WINDSOR,2025-09-20,9,Windsor,WDON,2025-09-21T03:54:38Z,2025-09-21T03:44:00Z,ARR,med,10.0
87,True,False,TORONTO,SARNIA,2025-09-20,0,Toronto,TRTO,2025-09-20T21:50:00Z,2025-09-20T21:40:00Z,ARR,med,10.0
87,True,False,TORONTO,SARNIA,2025-09-20,1,Guelph,GUEL,&mdash;,2025-09-20T22:49:00Z,&mdash;,,
87,True,False,TORONTO,SARNIA,2025-09-20,2,Kitchener,KITC,&mdash;,2025-09-20T23:16:00Z,&mdash;,,
87,True,False,TORONTO,SARNIA,2025-09-20,3,London,LNDN,&mdash;,2025-09-21T01:13:00Z,&mdash;,,
87,True,False,TORONTO,SARNIA,2025-09-20,4,Sarnia,SARN,&mdash;,2025-09-21T02:24:00Z,&mdash;,,
