train_id,departed,arrived,from,to,instance,stop_id,station,code,estimated,scheduled,eta,diff,diffMin
2 (12-05),True,True,VANCOUVER,TORONTO,2025-12-05,0,Vancouver,VCVR,2025-12-05T23:00:00Z,2025-12-05T23:00:00Z,ARR,goo,0.0
2 (12-05),True,True,VANCOUVER,TORONTO,2025-12-05,1,Mission Harbour,MSNH,2025-12-06T01:32:53Z,2025-12-06T00:35:00Z,ARR,bad,57.0
2 (12-05),True,True,VANCOUVER,TORONTO,2025-12-05,2,Agassiz,AGAS,2025-12-06T02:15:23Z,2025-12-06T01:03:00Z,ARR,bad,72.0
2 (12-05),True,True,VANCOUVER,TORONTO,2025-12-05,3,Katz,KATZ,2025-12-06T02:36:03Z,2025-12-06T01:17:00Z,ARR,bad,79.0
2 (12-05),True,True,VANCOUVER,TORONTO,2025-12-05,4,North Bend,NBND,2025-12-06T05:01:12Z,2025-12-06T03:46:00Z,ARR,bad,75.0
2 (12-05),True,True,VANCOUVER,TORONTO,2025-12-05,5,Ashcroft,ASHN,2025-12-06T10:10:11Z,2025-12-06T06:32:00Z,ARR,bad,218.0
2 (12-05),True,True,VANCOUVER,TORONTO,2025-12-05,6,Kamloops North,KAMN,2025-12-06T12:32:44Z,2025-12-06T08:17:00Z,ARR,bad,255.0
2 (12-05),True,True,VANCOUVER,TORONTO,2025-12-05,7,Clearwater,CLWT,2025-12-06T14:48:39Z,2025-12-06T10:58:00Z,ARR,bad,230.0
2 (12-05),True,True,VANCOUVER,TORONTO,2025-12-05,8,Blue River,BLUE,2025-12-06T16:48:57Z,2025-12-06T13:11:00Z,ARR,bad,217.0
2 (12-05),True,True,VANCOUVER,TORONTO,2025-12-05,9,Valemount,VLMT,2025-12-06T18:38:48Z,2025-12-06T15:01:00Z,ARR,bad,217.0
2 (12-05),True,True,VANCOUVER,TORONTO,2025-12-05,10,Jasper,JASP,2025-12-06T20:41:37Z,2025-12-06T18:00:00Z,ARR,bad,161.0
2 (12-05),True,True,VANCOUVER,TORONTO,2025-12-05,11,Hinton,HINT,2025-12-06T23:46:17Z,2025-12-06T20:45:00Z,ARR,bad,181.0
2 (12-05),True,True,VANCOUVER,TORONTO,2025-12-05,12,Edson,EDSN,2025-12-07T00:48:16Z,2025-12-06T22:19:00Z,ARR,bad,149.0
2 (12-05),True,True,VANCOUVER,TORONTO,2025-12-05,13,Evansburg,EVAN,2025-12-07T02:06:47Z,2025-12-06T23:28:00Z,ARR,bad,158.0
2 (12-05),True,True,VANCOUVER,TORONTO,2025-12-05,14,Edmonton,EDMO,2025-12-07T04:19:49Z,2025-12-07T01:50:00Z,ARR,bad,149.0
2 (12-05),True,True,VANCOUVER,TORONTO,2025-12-05,15,Viking,VKNG,2025-12-07T08:24:38Z,2025-12-07T04:53:00Z,ARR,bad,211.0
2 (12-05),True,True,VANCOUVER,TORONTO,2025-12-05,16,Wainwright,WAIN,2025-12-07T10:29:28Z,2025-12-07T07:14:00Z,ARR,bad,195.0
2 (12-05),True,True,VANCOUVER,TORONTO,2025-12-05,17,Unity,UNIT,2025-12-07T12:36:47Z,2025-12-07T08:47:00Z,ARR,bad,229.0
2 (12-05),True,True,VANCOUVER,TORONTO,2025-12-05,18,Biggar,BIGG,2025-12-07T14:31:58Z,2025-12-07T10:21:00Z,ARR,bad,250.0
2 (12-05),True,True,VANCOUVER,TORONTO,2025-12-05,19,Saskatoon,SASK,2025-12-07T15:24:47Z,2025-12-07T12:57:00Z,ARR,bad,147.0
2 (12-05),True,True,VANCOUVER,TORONTO,2025-12-05,20,Watrous,WATR,2025-12-07T18:53:08Z,2025-12-07T15:26:00Z,ARR,bad,207.0
2 (12-05),True,True,VANCOUVER,TORONTO,2025-12-05,21,Melville,MELV,2025-12-07T22:26:20Z,2025-12-07T19:47:00Z,ARR,bad,159.0
2 (12-05),True,True,VANCOUVER,TORONTO,2025-12-05,22,Rivers,RVRS,2025-12-08T02:55:53Z,2025-12-07T23:22:00Z,ARR,bad,213.0
2 (12-05),True,True,VANCOUVER,TORONTO,2025-12-05,23,Portage La Prairie,PLPX,2025-12-08T05:06:41Z,2025-12-08T01:15:00Z,ARR,bad,231.0
2 (12-05),True,True,VANCOUVER,TORONTO,2025-12-05,24,Winnipeg,WNPG,2025-12-08T06:19:07Z,2025-12-08T04:00:00Z,ARR,bad,139.0
2 (12-05),True,True,VANCOUVER,TORONTO,2025-12-05,25,Elma,ELMA,2025-12-08T14:03:28Z,2025-12-08T06:37:00Z,ARR,bad,446.0
2 (12-05),True,True,VANCOUVER,TORONTO,2025-12-05,26,Brereton Lake,BRTL,2025-12-08T14:25:49Z,2025-12-08T06:58:00Z,ARR,bad,447.0
2 (12-05),True,True,VANCOUVER,TORONTO,2025-12-05,27,Ophir,OPHR,2025-12-08T14:38:08Z,2025-12-08T07:16:00Z,ARR,bad,442.0
2 (12-05),True,True,VANCOUVER,TORONTO,2025-12-05,28,Winnitoba,WNTB,2025-12-08T14:41:42Z,2025-12-08T07:21:00Z,ARR,bad,440.0
2 (12-05),True,True,VANCOUVER,TORONTO,2025-12-05,29,Rice Lake,RCLK,2025-12-08T14:48:47Z,2025-12-08T07:35:00Z,ARR,bad,433.0
2 (12-05),True,True,VANCOUVER,TORONTO,2025-12-05,30,Copelands Landing,COPE,2025-12-08T14:51:42Z,2025-12-08T07:38:00Z,ARR,bad,433.0
2 (12-05),True,True,VANCOUVER,TORONTO,2025-12-05,31,Malachi,MLCH,2025-12-08T14:53:42Z,2025-12-08T07:40:00Z,ARR,bad,433.0
2 (12-05),True,True,VANCOUVER,TORONTO,2025-12-05,32,Ottermere,OTTM,2025-12-08T15:04:24Z,2025-12-08T07:46:00Z,ARR,bad,438.0
2 (12-05),True,True,VANCOUVER,TORONTO,2025-12-05,33,Minaki,MNKI,2025-12-08T15:20:30Z,2025-12-08T08:03:00Z,ARR,bad,437.0
2 (12-05),True,True,VANCOUVER,TORONTO,2025-12-05,34,Redditt,RDDT,2025-12-08T16:05:30Z,2025-12-08T08:29:00Z,ARR,bad,456.0
2 (12-05),True,True,VANCOUVER,TORONTO,2025-12-05,35,Farlane,FARL,2025-12-08T17:19:32Z,2025-12-08T08:46:00Z,ARR,bad,513.0
2 (12-05),True,True,VANCOUVER,TORONTO,2025-12-05,36,Canyon,CNYK,2025-12-08T17:50:24Z,2025-12-08T09:23:00Z,ARR,bad,507.0
2 (12-05),True,True,VANCOUVER,TORONTO,2025-12-05,37,Red Lake Road,RLRX,2025-12-08T18:48:48Z,2025-12-08T09:51:00Z,ARR,bad,537.0
2 (12-05),True,True,VANCOUVER,TORONTO,2025-12-05,38,Richan,RCHN,2025-12-08T19:31:28Z,2025-12-08T10:28:00Z,ARR,bad,543.0
2 (12-05),True,True,VANCOUVER,TORONTO,2025-12-05,39,Sioux Lookout,SLKT,2025-12-08T21:01:11Z,2025-12-08T12:01:00Z,ARR,bad,540.0
2 (12-05),True,True,VANCOUVER,TORONTO,2025-12-05,40,Savant Lake,SAVL,2025-12-08T22:42:07Z,2025-12-08T14:14:00Z,ARR,bad,508.0
2 (12-05),True,True,VANCOUVER,TORONTO,2025-12-05,41,Flindt Landing,FLTL,2025-12-08T22:59:07Z,2025-12-08T14:31:00Z,ARR,bad,508.0
2 (12-05),True,True,VANCOUVER,TORONTO,2025-12-05,42,Allanwater Bridge,ALWB,2025-12-08T23:14:07Z,2025-12-08T14:46:00Z,ARR,bad,508.0
2 (12-05),True,True,VANCOUVER,TORONTO,2025-12-05,43,Collins,COLL,2025-12-08T23:54:07Z,2025-12-08T15:26:00Z,ARR,bad,508.0
2 (12-05),True,True,VANCOUVER,TORONTO,2025-12-05,44,Armstrong,ARMG,2025-12-09T00:41:46Z,2025-12-08T15:57:00Z,ARR,bad,524.0
2 (12-05),True,True,VANCOUVER,TORONTO,2025-12-05,45,Mud River,MUDR,2025-12-09T01:22:15Z,2025-12-08T16:29:00Z,ARR,bad,533.0
2 (12-05),True,True,VANCOUVER,TORONTO,2025-12-05,46,Ferland,FERL,2025-12-09T01:30:15Z,2025-12-08T16:37:00Z,ARR,bad,533.0
2 (12-05),True,True,VANCOUVER,TORONTO,2025-12-05,47,Auden,AUDN,2025-12-09T02:07:15Z,2025-12-08T17:14:00Z,ARR,bad,533.0
2 (12-05),True,True,VANCOUVER,TORONTO,2025-12-05,48,Nakina,NAKI,2025-12-09T03:39:11Z,2025-12-08T18:20:00Z,ARR,bad,559.0
2 (12-05),True,True,VANCOUVER,TORONTO,2025-12-05,49,Longlac,LLAC,2025-12-09T04:29:29Z,2025-12-08T19:11:00Z,ARR,bad,558.0
2 (12-05),True,True,VANCOUVER,TORONTO,2025-12-05,50,Caramat,CARA,2025-12-09T05:28:21Z,2025-12-08T19:39:00Z,ARR,bad,589.0
2 (12-05),True,True,VANCOUVER,TORONTO,2025-12-05,51,Hillsport,HLSP,2025-12-09T06:14:39Z,2025-12-08T20:29:00Z,ARR,bad,585.0
2 (12-05),True,True,VANCOUVER,TORONTO,2025-12-05,52,Hornepayne,HNPN,2025-12-09T08:59:48Z,2025-12-08T22:44:00Z,ARR,bad,615.0
2 (12-05),True,True,VANCOUVER,TORONTO,2025-12-05,53,Oba,OBAX,2025-12-09T10:06:47Z,2025-12-09T00:30:00Z,ARR,bad,576.0
2 (12-05),True,True,VANCOUVER,TORONTO,2025-12-05,54,Elsas,ELSA,2025-12-09T12:11:24Z,2025-12-09T02:04:00Z,ARR,bad,607.0
2 (12-05),True,True,VANCOUVER,TORONTO,2025-12-05,55,Foleyet,FOLE,2025-12-09T12:54:46Z,2025-12-09T03:27:00Z,ARR,bad,567.0
2 (12-05),True,True,VANCOUVER,TORONTO,2025-12-05,56,Gogama,GOGA,2025-12-09T14:19:39Z,2025-12-09T05:02:00Z,ARR,bad,557.0
2 (12-05),True,True,VANCOUVER,TORONTO,2025-12-05,57,Westree,WSTR,2025-12-09T14:46:26Z,2025-12-09T05:35:00Z,ARR,bad,551.0
2 (12-05),True,True,VANCOUVER,TORONTO,2025-12-05,58,Ruel,RUEL,2025-12-09T15:03:26Z,2025-12-09T05:52:00Z,ARR,bad,551.0
2 (12-05),True,True,VANCOUVER,TORONTO,2025-12-05,59,Felix,FELX,2025-12-09T15:11:26Z,2025-12-09T06:00:00Z,ARR,bad,551.0
2 (12-05),True,True,VANCOUVER,TORONTO,2025-12-05,60,McKee's Camp,MCKC,2025-12-09T15:31:26Z,2025-12-09T06:20:00Z,ARR,bad,551.0
2 (12-05),True,True,VANCOUVER,TORONTO,2025-12-05,61,Laforest,LAFO,2025-12-09T15:44:26Z,2025-12-09T06:33:00Z,ARR,bad,551.0
2 (12-05),True,True,VANCOUVER,TORONTO,2025-12-05,62,Capreol,CAPR,2025-12-09T16:31:21Z,2025-12-09T08:47:00Z,ARR,bad,464.0
2 (12-05),True,True,VANCOUVER,TORONTO,2025-12-05,63,Sudbury (Jct.),SUDJ,2025-12-09T17:34:26Z,2025-12-09T09:49:00Z,ARR,bad,465.0
2 (12-05),True,True,VANCOUVER,TORONTO,2025-12-05,64,Parry Sound,PARS,2025-12-09T20:20:21Z,2025-12-09T13:00:00Z,ARR,bad,440.0
2 (12-05),True,True,VANCOUVER,TORONTO,2025-12-05,65,Washago,WSHG,2025-12-09T22:42:46Z,2025-12-09T15:00:00Z,ARR,bad,462.0
2 (12-05),True,True,VANCOUVER,TORONTO,2025-12-05,66,Toronto,TRTO,2025-12-10T01:10:30Z,2025-12-09T19:29:00Z,ARR,bad,341.0
1 (12-07),True,False,TORONTO,VANCOUVER,2025-12-07,0,Toronto,TRTO,2025-12-07T14:55:00Z,2025-12-07T14:55:00Z,ARR,goo,0.0
1 (12-07),True,False,TORONTO,VANCOUVER,2025-12-07,1,Washago,WSHG,2025-12-07T17:08:20Z,2025-12-07T17:25:00Z,ARR,goo,-16.0
1 (12-07),True,False,TORONTO,VANCOUVER,2025-12-07,2,South Parry,SPAR,2025-12-07T19:59:14Z,2025-12-07T19:27:00Z,ARR,bad,32.0
1 (12-07),True,False,TORONTO,VANCOUVER,2025-12-07,3,Sudbury (Jct.),SUDJ,2025-12-07T22:18:41Z,2025-12-07T21:57:00Z,ARR,bad,21.0
1 (12-07),True,False,TORONTO,VANCOUVER,2025-12-07,4,Capreol,CAPR,2025-12-07T22:56:17Z,2025-12-07T22:22:00Z,ARR,bad,34.0
1 (12-07),True,False,TORONTO,VANCOUVER,2025-12-07,5,Laforest,LAFO,2025-12-08T00:06:22Z,2025-12-07T23:48:00Z,ARR,med,18.0
1 (12-07),True,False,TORONTO,VANCOUVER,2025-12-07,6,McKee's Camp,MCKC,2025-12-08T00:19:22Z,2025-12-08T00:01:00Z,ARR,med,18.0
1 (12-07),True,False,TORONTO,VANCOUVER,2025-12-07,7,Felix,FELX,2025-12-08T00:39:22Z,2025-12-08T00:21:00Z,ARR,med,18.0
1 (12-07),True,False,TORONTO,VANCOUVER,2025-12-07,8,Ruel,RUEL,2025-12-08T00:46:22Z,2025-12-08T00:28:00Z,ARR,med,18.0
1 (12-07),True,False,TORONTO,VANCOUVER,2025-12-07,9,Westree,WSTR,2025-12-08T00:50:01Z,2025-12-08T00:45:00Z,ARR,goo,5.0
1 (12-07),True,False,TORONTO,VANCOUVER,2025-12-07,10,Gogama,GOGA,2025-12-08T01:17:02Z,2025-12-08T01:18:00Z,ARR,goo,0.0
1 (12-07),True,False,TORONTO,VANCOUVER,2025-12-07,11,Foleyet,FOLE,2025-12-08T02:51:15Z,2025-12-08T03:44:00Z,ARR,goo,-52.0
1 (12-07),True,False,TORONTO,VANCOUVER,2025-12-07,12,Elsas,ELSA,2025-12-08T03:50:39Z,2025-12-08T04:38:00Z,ARR,goo,-47.0
1 (12-07),True,False,TORONTO,VANCOUVER,2025-12-07,13,Oba,OBAX,2025-12-08T05:50:32Z,2025-12-08T06:38:00Z,ARR,goo,-47.0
1 (12-07),True,False,TORONTO,VANCOUVER,2025-12-07,14,Hornepayne,HNPN,2025-12-08T09:08:24Z,2025-12-08T07:29:00Z,ARR,bad,99.0
1 (12-07),True,False,TORONTO,VANCOUVER,2025-12-07,15,Hillsport,HLSP,2025-12-08T10:36:17Z,2025-12-08T09:05:00Z,ARR,bad,91.0
1 (12-07),True,False,TORONTO,VANCOUVER,2025-12-07,16,Caramat,CARA,2025-12-08T11:14:27Z,2025-12-08T09:55:00Z,ARR,bad,79.0
1 (12-07),True,False,TORONTO,VANCOUVER,2025-12-07,17,Longlac,LLAC,2025-12-08T11:55:10Z,2025-12-08T10:34:00Z,ARR,bad,81.0
1 (12-07),True,False,TORONTO,VANCOUVER,2025-12-07,18,Nakina,NAKI,2025-12-08T12:26:15Z,2025-12-08T11:13:00Z,ARR,bad,73.0
1 (12-07),True,False,TORONTO,VANCOUVER,2025-12-07,19,Auden,AUDN,2025-12-08T13:50:14Z,2025-12-08T12:19:00Z,ARR,bad,91.0
1 (12-07),True,False,TORONTO,VANCOUVER,2025-12-07,20,Ferland,FERL,2025-12-08T14:27:14Z,2025-12-08T12:56:00Z,ARR,bad,91.0
1 (12-07),True,False,TORONTO,VANCOUVER,2025-12-07,21,Mud River,MUDR,2025-12-08T14:36:14Z,2025-12-08T13:05:00Z,ARR,bad,91.0
1 (12-07),True,False,TORONTO,VANCOUVER,2025-12-07,22,Armstrong,ARMG,2025-12-08T15:12:03Z,2025-12-08T14:17:00Z,ARR,bad,55.0
1 (12-07),True,False,TORONTO,VANCOUVER,2025-12-07,23,Collins,COLL,2025-12-08T15:49:31Z,2025-12-08T14:47:00Z,ARR,bad,62.0
1 (12-07),True,False,TORONTO,VANCOUVER,2025-12-07,24,Allanwater Bridge,ALWB,2025-12-08T16:42:30Z,2025-12-08T15:26:00Z,ARR,bad,76.0
1 (12-07),True,False,TORONTO,VANCOUVER,2025-12-07,25,Flindt Landing,FLTL,2025-12-08T16:58:30Z,2025-12-08T15:42:00Z,ARR,bad,76.0
1 (12-07),True,False,TORONTO,VANCOUVER,2025-12-07,26,Savant Lake,SAVL,2025-12-08T17:15:30Z,2025-12-08T15:59:00Z,ARR,bad,76.0
1 (12-07),True,False,TORONTO,VANCOUVER,2025-12-07,27,Sioux Lookout,SLKT,2025-12-08T18:42:13Z,2025-12-08T17:25:00Z,ARR,bad,77.0
1 (12-07),True,False,TORONTO,VANCOUVER,2025-12-07,28,Richan,RCHN,2025-12-08T20:36:43Z,2025-12-08T19:05:00Z,ARR,bad,91.0
1 (12-07),True,False,TORONTO,VANCOUVER,2025-12-07,29,Red Lake Road,RLRX,2025-12-08T21:21:05Z,2025-12-08T19:41:00Z,ARR,bad,100.0
1 (12-07),True,False,TORONTO,VANCOUVER,2025-12-07,30,Canyon,CNYK,2025-12-08T21:45:17Z,2025-12-08T20:10:00Z,ARR,bad,95.0
1 (12-07),True,False,TORONTO,VANCOUVER,2025-12-07,31,Farlane,FARL,2025-12-08T22:16:42Z,2025-12-08T20:47:00Z,ARR,bad,89.0
1 (12-07),True,False,TORONTO,VANCOUVER,2025-12-07,32,Redditt,RDDT,2025-12-08T22:31:05Z,2025-12-08T21:23:00Z,ARR,bad,68.0
1 (12-07),True,False,TORONTO,VANCOUVER,2025-12-07,33,Minaki,MNKI,2025-12-08T22:49:28Z,2025-12-08T21:44:00Z,ARR,bad,65.0
1 (12-07),True,False,TORONTO,VANCOUVER,2025-12-07,34,Ottermere,OTTM,2025-12-08T23:19:11Z,2025-12-08T22:01:00Z,ARR,bad,78.0
1 (12-07),True,False,TORONTO,VANCOUVER,2025-12-07,35,Malachi,MLCH,2025-12-08T23:41:25Z,2025-12-08T22:07:00Z,ARR,bad,94.0
1 (12-07),True,False,TORONTO,VANCOUVER,2025-12-07,36,Copelands Landing,COPE,2025-12-08T23:43:25Z,2025-12-08T22:09:00Z,ARR,bad,94.0
1 (12-07),True,False,TORONTO,VANCOUVER,2025-12-07,37,Rice Lake,RCLK,2025-12-09T00:21:46Z,2025-12-08T22:12:00Z,ARR,bad,129.0
1 (12-07),True,False,TORONTO,VANCOUVER,2025-12-07,38,Winnitoba,WNTB,2025-12-09T00:30:14Z,2025-12-08T22:26:00Z,ARR,bad,124.0
1 (12-07),True,False,TORONTO,VANCOUVER,2025-12-07,39,Ophir,OPHR,2025-12-09T00:30:09Z,2025-12-08T22:31:00Z,ARR,bad,119.0
1 (12-07),True,False,TORONTO,VANCOUVER,2025-12-07,40,Brereton Lake,BRTL,2025-12-09T00:43:42Z,2025-12-08T22:49:00Z,ARR,bad,114.0
1 (12-07),True,False,TORONTO,VANCOUVER,2025-12-07,41,Elma,ELMA,2025-12-09T01:05:42Z,2025-12-08T23:10:00Z,ARR,bad,115.0
1 (12-07),True,False,TORONTO,VANCOUVER,2025-12-07,42,Winnipeg,WNPG,2025-12-09T03:40:43Z,2025-12-09T01:30:00Z,ARR,bad,130.0
1 (12-07),True,False,TORONTO,VANCOUVER,2025-12-07,43,Portage La Prairie,PLPX,2025-12-09T07:47:35Z,2025-12-09T05:04:00Z,ARR,bad,163.0
1 (12-07),True,False,TORONTO,VANCOUVER,2025-12-07,44,Rivers,RVRS,2025-12-09T09:51:57Z,2025-12-09T07:31:00Z,ARR,bad,140.0
1 (12-07),True,False,TORONTO,VANCOUVER,2025-12-07,45,Melville,MELV,2025-12-09T13:39:09Z,2025-12-09T11:54:00Z,ARR,bad,105.0
1 (12-07),True,False,TORONTO,VANCOUVER,2025-12-07,46,Watrous,WATR,2025-12-09T17:27:18Z,2025-12-09T14:54:00Z,ARR,bad,153.0
1 (12-07),True,False,TORONTO,VANCOUVER,2025-12-07,47,Saskatoon,SASK,2025-12-09T19:43:30Z,2025-12-09T16:50:00Z,ARR,bad,173.0
1 (12-07),True,False,TORONTO,VANCOUVER,2025-12-07,48,Biggar,BIGG,2025-12-09T23:14:36Z,2025-12-09T19:29:00Z,ARR,bad,225.0
1 (12-07),True,False,TORONTO,VANCOUVER,2025-12-07,49,Unity,UNIT,2025-12-10T01:26:00Z,2025-12-09T20:44:00Z,ARR,bad,282.0
1 (12-07),True,False,TORONTO,VANCOUVER,2025-12-07,50,Wainwright,WAIN,2025-12-10T03:21:19Z,2025-12-09T23:33:00Z,< 1 min,bad,228.0
1 (12-07),True,False,TORONTO,VANCOUVER,2025-12-07,51,Viking,VKNG,2025-12-10T04:14:19Z,2025-12-10T00:26:00Z,53 mins,bad,228.0
1 (12-07),True,False,TORONTO,VANCOUVER,2025-12-07,52,Edmonton,EDMO,&mdash;,2025-12-10T03:50:00Z,&mdash;,,
1 (12-07),True,False,TORONTO,VANCOUVER,2025-12-07,53,Evansburg,EVAN,&mdash;,2025-12-10T08:29:00Z,&mdash;,,
1 (12-07),True,False,TORONTO,VANCOUVER,2025-12-07,54,Edson,EDSN,&mdash;,2025-12-10T09:52:00Z,&mdash;,,
1 (12-07),True,False,TORONTO,VANCOUVER,2025-12-07,55,Hinton,HINT,&mdash;,2025-12-10T10:58:00Z,&mdash;,,
1 (12-07),True,False,TORONTO,VANCOUVER,2025-12-07,56,Jasper,JASP,&mdash;,2025-12-10T13:30:00Z,&mdash;,,
693 (12-07),True,True,WINNIPEG,CHURCHILL,2025-12-07,0,Winnipeg,WNPG,2025-12-07T18:29:30Z,2025-12-07T18:05:00Z,ARR,bad,24.0
693 (12-07),True,True,WINNIPEG,CHURCHILL,2025-12-07,1,Portage La Prairie,PLPX,2025-12-07T19:40:57Z,2025-12-07T19:15:00Z,ARR,bad,25.0
693 (12-07),True,True,WINNIPEG,CHURCHILL,2025-12-07,2,Gladstone,GSTO,2025-12-07T20:36:23Z,2025-12-07T20:07:00Z,ARR,bad,29.0
693 (12-07),True,True,WINNIPEG,CHURCHILL,2025-12-07,3,Plumas,PLUM,2025-12-07T21:13:00Z,2025-12-07T20:44:00Z,ARR,bad,29.0
693 (12-07),True,True,WINNIPEG,CHURCHILL,2025-12-07,4,Glenella,GLNA,2025-12-07T21:39:34Z,2025-12-07T21:16:00Z,ARR,bad,23.0
693 (12-07),True,True,WINNIPEG,CHURCHILL,2025-12-07,5,Mccreary,MCCR,2025-12-07T22:20:10Z,2025-12-07T21:57:00Z,ARR,bad,23.0
693 (12-07),True,True,WINNIPEG,CHURCHILL,2025-12-07,6,Laurier,LRIE,2025-12-07T22:37:07Z,2025-12-07T22:15:00Z,ARR,bad,22.0
693 (12-07),True,True,WINNIPEG,CHURCHILL,2025-12-07,7,Ochre River,OCHR,2025-12-07T22:53:50Z,2025-12-07T22:36:00Z,ARR,med,17.0
693 (12-07),True,True,WINNIPEG,CHURCHILL,2025-12-07,8,Dauphin,DAUP,2025-12-07T23:14:40Z,2025-12-07T22:56:00Z,ARR,med,18.0
693 (12-07),True,True,WINNIPEG,CHURCHILL,2025-12-07,9,Gilbert Plains,GLBP,2025-12-08T00:04:41Z,2025-12-07T23:44:00Z,ARR,bad,20.0
693 (12-07),True,True,WINNIPEG,CHURCHILL,2025-12-07,10,Grandview,GVIE,2025-12-08T00:24:55Z,2025-12-08T00:00:00Z,ARR,bad,24.0
693 (12-07),True,True,WINNIPEG,CHURCHILL,2025-12-07,11,Roblin,RBLN,2025-12-08T01:32:36Z,2025-12-08T00:55:00Z,ARR,bad,37.0
693 (12-07),True,True,WINNIPEG,CHURCHILL,2025-12-07,12,Togo,TOGO,2025-12-08T01:59:11Z,2025-12-08T01:22:00Z,ARR,bad,37.0
693 (12-07),True,True,WINNIPEG,CHURCHILL,2025-12-07,13,Kamsack,KAMS,2025-12-08T02:33:46Z,2025-12-08T01:59:00Z,ARR,bad,34.0
693 (12-07),True,True,WINNIPEG,CHURCHILL,2025-12-07,14,Veregin,VERE,2025-12-08T02:44:27Z,2025-12-08T02:12:00Z,ARR,bad,32.0
693 (12-07),True,True,WINNIPEG,CHURCHILL,2025-12-07,15,Mikado,MIKA,2025-12-08T02:56:04Z,2025-12-08T02:22:00Z,ARR,bad,34.0
693 (12-07),True,True,WINNIPEG,CHURCHILL,2025-12-07,16,Canora,CANO,2025-12-08T03:11:10Z,2025-12-08T02:36:00Z,ARR,bad,35.0
693 (12-07),True,True,WINNIPEG,CHURCHILL,2025-12-07,17,Sturgis,STGS,2025-12-08T04:14:48Z,2025-12-08T03:21:00Z,ARR,bad,53.0
693 (12-07),True,True,WINNIPEG,CHURCHILL,2025-12-07,18,Endeavour,ENDV,2025-12-08T04:50:10Z,2025-12-08T03:54:00Z,ARR,bad,56.0
693 (12-07),True,True,WINNIPEG,CHURCHILL,2025-12-07,19,Reserve,RSRV,2025-12-08T05:38:45Z,2025-12-08T04:34:00Z,ARR,bad,64.0
693 (12-07),True,True,WINNIPEG,CHURCHILL,2025-12-07,20,Hudson Bay,HBAY,2025-12-08T06:27:59Z,2025-12-08T05:32:00Z,ARR,bad,55.0
693 (12-07),True,True,WINNIPEG,CHURCHILL,2025-12-07,21,The Pas,TPAS,2025-12-08T08:58:42Z,2025-12-08T07:45:00Z,ARR,bad,73.0
693 (12-07),True,True,WINNIPEG,CHURCHILL,2025-12-07,22,Orok,OROK,2025-12-08T09:52:02Z,2025-12-08T09:07:00Z,ARR,bad,45.0
693 (12-07),True,True,WINNIPEG,CHURCHILL,2025-12-07,23,Halcrow,HALC,2025-12-08T10:40:14Z,2025-12-08T10:01:00Z,ARR,bad,39.0
693 (12-07),True,True,WINNIPEG,CHURCHILL,2025-12-07,24,Cormorant,CORM,2025-12-08T10:47:55Z,2025-12-08T10:12:00Z,ARR,bad,35.0
693 (12-07),True,True,WINNIPEG,CHURCHILL,2025-12-07,25,Dering,DERI,2025-12-08T10:55:55Z,2025-12-08T10:20:00Z,ARR,bad,35.0
693 (12-07),True,True,WINNIPEG,CHURCHILL,2025-12-07,26,Dyce,DYCE,2025-12-08T11:36:04Z,2025-12-08T10:59:00Z,ARR,bad,37.0
693 (12-07),True,True,WINNIPEG,CHURCHILL,2025-12-07,27,Wekusko,WEKU,2025-12-08T12:24:51Z,2025-12-08T11:43:00Z,ARR,bad,41.0
693 (12-07),True,True,WINNIPEG,CHURCHILL,2025-12-07,28,Turnbull,TURN,2025-12-08T12:49:24Z,2025-12-08T12:10:00Z,ARR,bad,39.0
693 (12-07),True,True,WINNIPEG,CHURCHILL,2025-12-07,29,Ponton,PNTN,2025-12-08T13:17:09Z,2025-12-08T12:42:00Z,ARR,bad,35.0
693 (12-07),True,True,WINNIPEG,CHURCHILL,2025-12-07,30,Pipun,PIPN,2025-12-08T14:04:11Z,2025-12-08T13:25:00Z,ARR,bad,39.0
693 (12-07),True,True,WINNIPEG,CHURCHILL,2025-12-07,31,Wabowden,WBDN,2025-12-08T14:19:05Z,2025-12-08T13:48:00Z,ARR,bad,31.0
693 (12-07),True,True,WINNIPEG,CHURCHILL,2025-12-07,32,Lyddal,LYDD,2025-12-08T14:45:22Z,2025-12-08T14:16:00Z,ARR,bad,29.0
693 (12-07),True,True,WINNIPEG,CHURCHILL,2025-12-07,33,Odhill,ODHI,2025-12-08T15:08:53Z,2025-12-08T14:38:00Z,ARR,bad,30.0
693 (12-07),True,True,WINNIPEG,CHURCHILL,2025-12-07,34,Hockin,HOCK,2025-12-08T15:48:12Z,2025-12-08T15:22:00Z,ARR,bad,26.0
693 (12-07),True,True,WINNIPEG,CHURCHILL,2025-12-07,35,Thicket Portage,THKP,2025-12-08T16:02:14Z,2025-12-08T15:37:00Z,ARR,bad,25.0
693 (12-07),True,True,WINNIPEG,CHURCHILL,2025-12-07,36,Leven,LEVN,2025-12-08T16:25:48Z,2025-12-08T15:54:00Z,ARR,bad,31.0
693 (12-07),True,True,WINNIPEG,CHURCHILL,2025-12-07,37,Thompson,THOM,2025-12-08T20:05:03Z,2025-12-08T18:00:00Z,ARR,bad,125.0
693 (12-07),True,True,WINNIPEG,CHURCHILL,2025-12-07,38,Sipiwesk,SIPI,2025-12-09T00:34:25Z,2025-12-09T00:35:00Z,ARR,goo,0.0
693 (12-07),True,True,WINNIPEG,CHURCHILL,2025-12-07,39,Pikwitonei,PIKW,2025-12-09T01:02:00Z,2025-12-09T01:02:00Z,ARR,goo,0.0
693 (12-07),True,True,WINNIPEG,CHURCHILL,2025-12-07,40,Bridgar,BRGR,2025-12-09T01:13:00Z,2025-12-09T01:13:00Z,ARR,goo,0.0
693 (12-07),True,True,WINNIPEG,CHURCHILL,2025-12-07,41,Pit Siding,PITS,2025-12-09T02:35:00Z,2025-12-09T02:35:00Z,ARR,goo,0.0
693 (12-07),True,True,WINNIPEG,CHURCHILL,2025-12-07,42,Ilford,ILFO,2025-12-09T04:42:43Z,2025-12-09T03:36:00Z,ARR,bad,66.0
693 (12-07),True,True,WINNIPEG,CHURCHILL,2025-12-07,43,Wivenhoe,WVHO,2025-12-09T05:31:04Z,2025-12-09T04:13:00Z,ARR,bad,78.0
693 (12-07),True,True,WINNIPEG,CHURCHILL,2025-12-07,44,Gillam,GILL,2025-12-09T06:17:09Z,2025-12-09T05:00:01Z,ARR,bad,77.0
693 (12-07),True,True,WINNIPEG,CHURCHILL,2025-12-07,45,Bird,BIRD,2025-12-09T07:30:08Z,2025-12-09T06:29:00Z,ARR,bad,61.0
693 (12-07),True,True,WINNIPEG,CHURCHILL,2025-12-07,46,Amery,AMRY,2025-12-09T08:12:41Z,2025-12-09T06:52:00Z,ARR,bad,80.0
693 (12-07),True,True,WINNIPEG,CHURCHILL,2025-12-07,47,Weir River,WEIR,2025-12-09T09:18:36Z,2025-12-09T07:43:00Z,ARR,bad,95.0
693 (12-07),True,True,WINNIPEG,CHURCHILL,2025-12-07,48,Thibaudeau,THIB,2025-12-09T10:31:09Z,2025-12-09T09:00:00Z,ARR,bad,91.0
693 (12-07),True,True,WINNIPEG,CHURCHILL,2025-12-07,49,Herchmer,HERC,2025-12-09T11:03:30Z,2025-12-09T10:26:00Z,ARR,bad,37.0
693 (12-07),True,True,WINNIPEG,CHURCHILL,2025-12-07,50,O'Day,ODAY,2025-12-09T11:42:30Z,2025-12-09T11:05:00Z,ARR,bad,37.0
693 (12-07),True,True,WINNIPEG,CHURCHILL,2025-12-07,51,M'Clintock,MCLI,2025-12-09T12:53:42Z,2025-12-09T11:50:00Z,ARR,bad,63.0
693 (12-07),True,True,WINNIPEG,CHURCHILL,2025-12-07,52,Chesnaye,CHES,2025-12-09T14:13:14Z,2025-12-09T13:06:00Z,ARR,bad,67.0
693 (12-07),True,True,WINNIPEG,CHURCHILL,2025-12-07,53,Tidal,TIDL,2025-12-09T15:39:52Z,2025-12-09T14:37:00Z,ARR,bad,62.0
693 (12-07),True,True,WINNIPEG,CHURCHILL,2025-12-07,54,Churchill,CHUR,2025-12-09T16:40:20Z,2025-12-09T15:00:00Z,ARR,bad,100.0
2 (12-08),True,False,VANCOUVER,TORONTO,2025-12-08,0,Vancouver,VCVR,2025-12-08T23:00:00Z,2025-12-08T23:00:00Z,ARR,goo,0.0
2 (12-08),True,False,VANCOUVER,TORONTO,2025-12-08,1,Mission Harbour,MSNH,2025-12-09T01:05:44Z,2025-12-09T00:35:00Z,ARR,bad,30.0
2 (12-08),True,False,VANCOUVER,TORONTO,2025-12-08,2,Agassiz,AGAS,2025-12-09T01:50:27Z,2025-12-09T01:03:00Z,ARR,bad,47.0
2 (12-08),True,False,VANCOUVER,TORONTO,2025-12-08,3,Katz,KATZ,2025-12-09T02:10:20Z,2025-12-09T01:17:00Z,ARR,bad,53.0
2 (12-08),True,False,VANCOUVER,TORONTO,2025-12-08,4,North Bend,NBND,2025-12-09T04:30:03Z,2025-12-09T03:46:00Z,ARR,bad,44.0
2 (12-08),True,False,VANCOUVER,TORONTO,2025-12-08,5,Ashcroft,ASHN,2025-12-09T06:59:56Z,2025-12-09T06:32:00Z,ARR,bad,27.0
2 (12-08),True,False,VANCOUVER,TORONTO,2025-12-08,6,Kamloops North,KAMN,2025-12-09T08:47:48Z,2025-12-09T08:17:00Z,ARR,bad,30.0
2 (12-08),True,False,VANCOUVER,TORONTO,2025-12-08,7,Clearwater,CLWT,2025-12-09T11:28:20Z,2025-12-09T10:58:00Z,ARR,bad,30.0
2 (12-08),True,False,VANCOUVER,TORONTO,2025-12-08,8,Blue River,BLUE,2025-12-09T13:54:37Z,2025-12-09T13:11:00Z,ARR,bad,43.0
2 (12-08),True,False,VANCOUVER,TORONTO,2025-12-08,9,Valemount,VLMT,2025-12-09T15:31:40Z,2025-12-09T15:01:00Z,ARR,bad,30.0
2 (12-08),True,False,VANCOUVER,TORONTO,2025-12-08,10,Jasper,JASP,2025-12-09T17:59:33Z,2025-12-09T18:00:00Z,ARR,goo,0.0
2 (12-08),True,False,VANCOUVER,TORONTO,2025-12-08,11,Hinton,HINT,2025-12-09T21:21:29Z,2025-12-09T20:45:00Z,ARR,bad,36.0
2 (12-08),True,False,VANCOUVER,TORONTO,2025-12-08,12,Edson,EDSN,2025-12-09T22:29:12Z,2025-12-09T22:19:00Z,ARR,med,10.0
2 (12-08),True,False,VANCOUVER,TORONTO,2025-12-08,13,Evansburg,EVAN,2025-12-09T23:37:19Z,2025-12-09T23:28:00Z,ARR,med,9.0
2 (12-08),True,False,VANCOUVER,TORONTO,2025-12-08,14,Edmonton,EDMO,2025-12-10T01:44:10Z,2025-12-10T01:50:00Z,ARR,goo,-5.0
2 (12-08),True,False,VANCOUVER,TORONTO,2025-12-08,15,Viking,VKNG,2025-12-10T05:21:45Z,2025-12-10T04:53:00Z,2h01,bad,28.0
2 (12-08),True,False,VANCOUVER,TORONTO,2025-12-08,16,Wainwright,WAIN,2025-12-10T07:42:45Z,2025-12-10T07:14:00Z,4h22,bad,28.0
2 (12-08),True,False,VANCOUVER,TORONTO,2025-12-08,17,Unity,UNIT,&mdash;,2025-12-10T08:47:00Z,&mdash;,,
2 (12-08),True,False,VANCOUVER,TORONTO,2025-12-08,18,Biggar,BIGG,&mdash;,2025-12-10T10:21:00Z,&mdash;,,
2 (12-08),True,False,VANCOUVER,TORONTO,2025-12-08,19,Saskatoon,SASK,&mdash;,2025-12-10T12:57:00Z,&mdash;,,
2 (12-08),True,False,VANCOUVER,TORONTO,2025-12-08,20,Watrous,WATR,&mdash;,2025-12-10T15:26:00Z,&mdash;,,
693 (12-09),True,False,WINNIPEG,CHURCHILL,2025-12-09,0,Winnipeg,WNPG,2025-12-10T00:00:00Z,2025-12-09T18:05:00Z,ARR,bad,355.0
693 (12-09),True,False,WINNIPEG,CHURCHILL,2025-12-09,1,Portage La Prairie,PLPX,2025-12-10T02:23:53Z,2025-12-09T19:15:00Z,ARR,bad,428.0
693 (12-09),True,False,WINNIPEG,CHURCHILL,2025-12-09,2,Gladstone,GSTO,2025-12-10T03:14:08Z,2025-12-09T20:07:00Z,ARR,bad,427.0
693 (12-09),True,False,WINNIPEG,CHURCHILL,2025-12-09,3,Plumas,PLUM,2025-12-10T03:50:45Z,2025-12-09T20:44:00Z,30 mins,bad,426.0
693 (12-09),True,False,WINNIPEG,CHURCHILL,2025-12-09,4,Glenella,GLNA,2025-12-10T04:22:45Z,2025-12-09T21:16:00Z,1h02,bad,426.0
693 (12-09),True,False,WINNIPEG,CHURCHILL,2025-12-09,5,Mccreary,MCCR,2025-12-10T05:03:45Z,2025-12-09T21:57:00Z,1h43,bad,426.0
693 (12-09),True,False,WINNIPEG,CHURCHILL,2025-12-09,6,Laurier,LRIE,2025-12-10T05:21:45Z,2025-12-09T22:15:00Z,2h01,bad,426.0
693 (12-09),True,False,WINNIPEG,CHURCHILL,2025-12-09,7,Ochre River,OCHR,2025-12-10T05:42:45Z,2025-12-09T22:36:00Z,2h22,bad,426.0
693 (12-09),True,False,WINNIPEG,CHURCHILL,2025-12-09,8,Dauphin,DAUP,2025-12-10T06:02:45Z,2025-12-09T22:56:00Z,2h42,bad,426.0
693 (12-09),True,False,WINNIPEG,CHURCHILL,2025-12-09,9,Gilbert Plains,GLBP,2025-12-10T06:50:45Z,2025-12-09T23:44:00Z,3h30,bad,426.0
693 (12-09),True,False,WINNIPEG,CHURCHILL,2025-12-09,10,Grandview,GVIE,2025-12-10T07:06:45Z,2025-12-10T00:00:00Z,3h46,bad,426.0
693 (12-09),True,False,WINNIPEG,CHURCHILL,2025-12-09,11,Roblin,RBLN,2025-12-10T08:01:45Z,2025-12-10T00:55:00Z,4h41,bad,426.0
693 (12-09),True,False,WINNIPEG,CHURCHILL,2025-12-09,12,Togo,TOGO,2025-12-10T08:28:45Z,2025-12-10T01:22:00Z,5h08,bad,426.0
693 (12-09),True,False,WINNIPEG,CHURCHILL,2025-12-09,13,Kamsack,KAMS,2025-12-10T09:05:45Z,2025-12-10T01:59:00Z,5h45,bad,426.0
693 (12-09),True,False,WINNIPEG,CHURCHILL,2025-12-09,14,Veregin,VERE,2025-12-10T09:18:45Z,2025-12-10T02:12:00Z,5h58,bad,426.0
693 (12-09),True,False,WINNIPEG,CHURCHILL,2025-12-09,15,Mikado,MIKA,2025-12-10T09:28:45Z,2025-12-10T02:22:00Z,6h08,bad,426.0
693 (12-09),True,False,WINNIPEG,CHURCHILL,2025-12-09,16,Canora,CANO,2025-12-10T09:42:45Z,2025-12-10T02:36:00Z,6h22,bad,426.0
693 (12-09),True,False,WINNIPEG,CHURCHILL,2025-12-09,17,Sturgis,STGS,2025-12-10T10:27:45Z,2025-12-10T03:21:00Z,7h07,bad,426.0
693 (12-09),True,False,WINNIPEG,CHURCHILL,2025-12-09,18,Endeavour,ENDV,2025-12-10T11:00:45Z,2025-12-10T03:54:00Z,7h40,bad,426.0
693 (12-09),True,False,WINNIPEG,CHURCHILL,2025-12-09,19,Reserve,RSRV,2025-12-10T11:40:45Z,2025-12-10T04:34:00Z,8h20,bad,426.0
693 (12-09),True,False,WINNIPEG,CHURCHILL,2025-12-09,20,Hudson Bay,HBAY,2025-12-10T12:38:45Z,2025-12-10T05:32:00Z,9h18,bad,426.0
693 (12-09),True,False,WINNIPEG,CHURCHILL,2025-12-09,21,The Pas,TPAS,2025-12-10T14:51:45Z,2025-12-10T07:45:00Z,11h31,bad,426.0
693 (12-09),True,False,WINNIPEG,CHURCHILL,2025-12-09,22,Orok,OROK,2025-12-10T16:13:45Z,2025-12-10T09:07:00Z,12h53,bad,426.0
693 (12-09),True,False,WINNIPEG,CHURCHILL,2025-12-09,23,Halcrow,HALC,2025-12-10T17:07:45Z,2025-12-10T10:01:00Z,13h47,bad,426.0
693 (12-09),True,False,WINNIPEG,CHURCHILL,2025-12-09,24,Cormorant,CORM,2025-12-10T17:18:45Z,2025-12-10T10:12:00Z,13h58,bad,426.0
693 (12-09),True,False,WINNIPEG,CHURCHILL,2025-12-09,25,Dering,DERI,2025-12-10T17:26:45Z,2025-12-10T10:20:00Z,14h06,bad,426.0
693 (12-09),True,False,WINNIPEG,CHURCHILL,2025-12-09,26,Dyce,DYCE,2025-12-10T18:05:45Z,2025-12-10T10:59:00Z,14h45,bad,426.0
693 (12-09),True,False,WINNIPEG,CHURCHILL,2025-12-09,27,Wekusko,WEKU,2025-12-10T18:49:45Z,2025-12-10T11:43:00Z,15h29,bad,426.0
693 (12-09),True,False,WINNIPEG,CHURCHILL,2025-12-09,28,Turnbull,TURN,2025-12-10T19:16:45Z,2025-12-10T12:10:00Z,15h56,bad,426.0
693 (12-09),True,False,WINNIPEG,CHURCHILL,2025-12-09,29,Ponton,PNTN,2025-12-10T19:48:45Z,2025-12-10T12:42:00Z,16h28,bad,426.0
693 (12-09),True,False,WINNIPEG,CHURCHILL,2025-12-09,30,Pipun,PIPN,2025-12-10T20:31:45Z,2025-12-10T13:25:00Z,17h11,bad,426.0
693 (12-09),True,False,WINNIPEG,CHURCHILL,2025-12-09,31,Wabowden,WBDN,2025-12-10T20:54:45Z,2025-12-10T13:48:00Z,17h34,bad,426.0
693 (12-09),True,False,WINNIPEG,CHURCHILL,2025-12-09,32,Lyddal,LYDD,2025-12-10T21:22:45Z,2025-12-10T14:16:00Z,18h02,bad,426.0
693 (12-09),True,False,WINNIPEG,CHURCHILL,2025-12-09,33,Odhill,ODHI,2025-12-10T21:44:45Z,2025-12-10T14:38:00Z,18h24,bad,426.0
693 (12-09),True,False,WINNIPEG,CHURCHILL,2025-12-09,34,Hockin,HOCK,2025-12-10T22:28:45Z,2025-12-10T15:22:00Z,19h08,bad,426.0
693 (12-09),True,False,WINNIPEG,CHURCHILL,2025-12-09,35,Thicket Portage,THKP,2025-12-10T22:43:45Z,2025-12-10T15:37:00Z,19h23,bad,426.0
693 (12-09),True,False,WINNIPEG,CHURCHILL,2025-12-09,36,Leven,LEVN,2025-12-10T23:00:45Z,2025-12-10T15:54:00Z,19h40,bad,426.0
40,True,True,TORONTO,OTTAWA,2025-12-09,0,Toronto,TRTO,2025-12-09T15:38:00Z,2025-12-09T15:38:00Z,ARR,goo,0.0
40,True,True,TORONTO,OTTAWA,2025-12-09,1,Belleville,BLVL,2025-12-09T17:23:45Z,2025-12-09T17:09:00Z,ARR,med,14.0
40,True,True,TORONTO,OTTAWA,2025-12-09,2,Kingston,KGON,2025-12-09T18:05:29Z,2025-12-09T17:48:00Z,ARR,med,17.0
40,True,True,TORONTO,OTTAWA,2025-12-09,3,Fallowfield,FALL,2025-12-09T19:49:22Z,2025-12-09T19:38:00Z,ARR,med,11.0
40,True,True,TORONTO,OTTAWA,2025-12-09,4,Ottawa,OTTW,2025-12-09T20:09:58Z,2025-12-09T20:02:00Z,ARR,med,7.0
52,True,True,TORONTO,OTTAWA,2025-12-09,0,Toronto,TRTO,2025-12-09T13:32:00Z,2025-12-09T13:32:00Z,ARR,goo,0.0
52,True,True,TORONTO,OTTAWA,2025-12-09,1,Guildwood,GUIL,2025-12-09T13:54:44Z,2025-12-09T13:50:00Z,ARR,goo,4.0
52,True,True,TORONTO,OTTAWA,2025-12-09,2,Oshawa,OSHA,2025-12-09T14:17:55Z,2025-12-09T14:09:00Z,ARR,med,8.0
52,True,True,TORONTO,OTTAWA,2025-12-09,3,Cobourg,CBRG,2025-12-09T14:56:58Z,2025-12-09T14:44:00Z,ARR,med,12.0
52,True,True,TORONTO,OTTAWA,2025-12-09,4,Belleville,BLVL,2025-12-09T15:33:42Z,2025-12-09T15:20:00Z,ARR,med,13.0
52,True,True,TORONTO,OTTAWA,2025-12-09,5,Kingston,KGON,2025-12-09T16:18:11Z,2025-12-09T16:00:00Z,ARR,med,18.0
52,True,True,TORONTO,OTTAWA,2025-12-09,6,Brockville,BRKV,2025-12-09T17:26:14Z,2025-12-09T16:57:00Z,ARR,bad,29.0
52,True,True,TORONTO,OTTAWA,2025-12-09,7,Smiths Falls,SMTF,2025-12-09T18:06:56Z,2025-12-09T17:35:00Z,ARR,bad,31.0
52,True,True,TORONTO,OTTAWA,2025-12-09,8,Fallowfield,FALL,2025-12-09T18:26:43Z,2025-12-09T18:11:00Z,ARR,med,15.0
52,True,True,TORONTO,OTTAWA,2025-12-09,9,Ottawa,OTTW,2025-12-09T18:47:06Z,2025-12-09T18:32:00Z,ARR,med,15.0
53,True,True,OTTAWA,TORONTO,2025-12-09,0,Ottawa,OTTW,2025-12-09T16:43:24Z,2025-12-09T16:43:00Z,ARR,goo,0.0
53,True,True,OTTAWA,TORONTO,2025-12-09,1,Fallowfield,FALL,2025-12-09T17:01:07Z,2025-12-09T17:00:00Z,ARR,goo,1.0
53,True,True,OTTAWA,TORONTO,2025-12-09,2,Brockville,BRKV,2025-12-09T18:04:41Z,2025-12-09T18:01:00Z,ARR,goo,3.0
53,True,True,OTTAWA,TORONTO,2025-12-09,3,Gananoque,GANA,2025-12-09T18:33:21Z,2025-12-09T18:31:00Z,ARR,goo,2.0
53,True,True,OTTAWA,TORONTO,2025-12-09,4,Kingston,KGON,2025-12-09T18:55:58Z,2025-12-09T18:54:00Z,ARR,goo,1.0
53,True,True,OTTAWA,TORONTO,2025-12-09,5,Belleville,BLVL,2025-12-09T19:35:23Z,2025-12-09T19:36:00Z,ARR,goo,0.0
53,True,True,OTTAWA,TORONTO,2025-12-09,6,Cobourg,CBRG,2025-12-09T20:09:34Z,2025-12-09T20:12:00Z,ARR,goo,-2.0
53,True,True,OTTAWA,TORONTO,2025-12-09,7,Oshawa,OSHA,2025-12-09T20:45:53Z,2025-12-09T20:48:00Z,ARR,goo,-2.0
53,True,True,OTTAWA,TORONTO,2025-12-09,8,Toronto,TRTO,2025-12-09T21:30:59Z,2025-12-09T21:33:00Z,ARR,goo,-2.0
41,True,True,OTTAWA,TORONTO,2025-12-09,0,Ottawa,OTTW,2025-12-09T11:01:00Z,2025-12-09T10:21:00Z,ARR,bad,40.0
41,True,True,OTTAWA,TORONTO,2025-12-09,1,Fallowfield,FALL,2025-12-09T11:17:57Z,2025-12-09T10:38:00Z,ARR,bad,39.0
41,True,True,OTTAWA,TORONTO,2025-12-09,2,Smiths Falls,SMTF,2025-12-09T11:46:48Z,2025-12-09T11:08:00Z,ARR,bad,38.0
41,True,True,OTTAWA,TORONTO,2025-12-09,3,Brockville,BRKV,2025-12-09T12:18:27Z,2025-12-09T11:40:00Z,ARR,bad,38.0
41,True,True,OTTAWA,TORONTO,2025-12-09,4,Kingston,KGON,2025-12-09T13:05:57Z,2025-12-09T12:25:00Z,ARR,bad,40.0
41,True,True,OTTAWA,TORONTO,2025-12-09,5,Napanee,NAPN,2025-12-09T13:31:00Z,2025-12-09T12:49:00Z,ARR,bad,42.0
41,True,True,OTTAWA,TORONTO,2025-12-09,6,Belleville,BLVL,2025-12-09T13:54:09Z,2025-12-09T13:07:00Z,ARR,bad,47.0
41,True,True,OTTAWA,TORONTO,2025-12-09,7,Trenton Jct.,TRNJ,2025-12-09T14:08:55Z,2025-12-09T13:20:00Z,ARR,bad,48.0
41,True,True,OTTAWA,TORONTO,2025-12-09,8,Cobourg,CBRG,2025-12-09T14:38:05Z,2025-12-09T13:44:00Z,ARR,bad,54.0
41,True,True,OTTAWA,TORONTO,2025-12-09,9,Oshawa,OSHA,2025-12-09T15:30:22Z,2025-12-09T14:19:00Z,ARR,bad,71.0
41,True,True,OTTAWA,TORONTO,2025-12-09,10,Toronto,TRTO,2025-12-09T16:06:48Z,2025-12-09T15:02:00Z,ARR,bad,64.0
643,True,True,OTTAWA,TORONTO,2025-12-09,0,Ottawa,OTTW,2025-12-09T13:29:00Z,2025-12-09T13:29:00Z,ARR,goo,0.0
643,True,True,OTTAWA,TORONTO,2025-12-09,1,Fallowfield,FALL,2025-12-09T13:45:33Z,2025-12-09T13:45:00Z,ARR,goo,0.0
643,True,True,OTTAWA,TORONTO,2025-12-09,2,Smiths Falls,SMTF,2025-12-09T14:16:19Z,2025-12-09T14:17:00Z,ARR,goo,0.0
643,True,True,OTTAWA,TORONTO,2025-12-09,3,Brockville,BRKV,2025-12-09T14:50:10Z,2025-12-09T14:49:00Z,ARR,goo,1.0
643,True,True,OTTAWA,TORONTO,2025-12-09,4,Kingston,KGON,2025-12-09T15:39:07Z,2025-12-09T15:32:00Z,ARR,med,7.0
643,True,True,OTTAWA,TORONTO,2025-12-09,5,Napanee,NAPN,2025-12-09T16:05:11Z,2025-12-09T15:57:00Z,ARR,med,8.0
643,True,True,OTTAWA,TORONTO,2025-12-09,6,Belleville,BLVL,2025-12-09T16:27:16Z,2025-12-09T16:17:00Z,ARR,med,10.0
643,True,True,OTTAWA,TORONTO,2025-12-09,7,Trenton Jct.,TRNJ,2025-12-09T16:44:29Z,2025-12-09T16:31:00Z,ARR,med,13.0
643,True,True,OTTAWA,TORONTO,2025-12-09,8,Cobourg,CBRG,2025-12-09T17:14:01Z,2025-12-09T16:57:00Z,ARR,med,17.0
643,True,True,OTTAWA,TORONTO,2025-12-09,9,Port Hope,PHOP,2025-12-09T17:25:45Z,2025-12-09T17:07:00Z,ARR,med,18.0
643,True,True,OTTAWA,TORONTO,2025-12-09,10,Oshawa,OSHA,2025-12-09T17:55:23Z,2025-12-09T17:35:00Z,ARR,bad,20.0
643,True,True,OTTAWA,TORONTO,2025-12-09,11,Guildwood,GUIL,2025-12-09T18:15:59Z,2025-12-09T17:58:00Z,ARR,med,17.0
643,True,True,OTTAWA,TORONTO,2025-12-09,12,Toronto,TRTO,2025-12-09T18:34:46Z,2025-12-09T18:18:00Z,ARR,med,16.0
62,True,True,TORONTO,MONTRÉAL,2025-12-09,0,Toronto,TRTO,2025-12-09T13:32:00Z,2025-12-09T13:32:00Z,ARR,goo,0.0
62,True,True,TORONTO,MONTRÉAL,2025-12-09,1,Guildwood,GUIL,2025-12-09T13:49:20Z,2025-12-09T13:50:00Z,ARR,goo,0.0
62,True,True,TORONTO,MONTRÉAL,2025-12-09,2,Oshawa,OSHA,2025-12-09T14:08:32Z,2025-12-09T14:09:00Z,ARR,goo,0.0
62,True,True,TORONTO,MONTRÉAL,2025-12-09,3,Cobourg,CBRG,2025-12-09T14:49:26Z,2025-12-09T14:44:00Z,ARR,goo,5.0
62,True,True,TORONTO,MONTRÉAL,2025-12-09,4,Belleville,BLVL,2025-12-09T15:23:00Z,2025-12-09T15:20:00Z,ARR,goo,3.0
62,True,True,TORONTO,MONTRÉAL,2025-12-09,5,Kingston,KGON,2025-12-09T16:09:44Z,2025-12-09T16:00:00Z,ARR,med,9.0
62,True,True,TORONTO,MONTRÉAL,2025-12-09,6,Cornwall,CWLL,2025-12-09T17:43:22Z,2025-12-09T17:43:00Z,ARR,goo,0.0
62,True,True,TORONTO,MONTRÉAL,2025-12-09,7,Dorval,DORV,2025-12-09T18:37:52Z,2025-12-09T18:34:00Z,ARR,goo,3.0
62,True,True,TORONTO,MONTRÉAL,2025-12-09,8,Montréal,MTRL,2025-12-09T19:05:58Z,2025-12-09T19:00:00Z,ARR,goo,5.0
600,True,True,JONQUIÈRE,MONTRÉAL,2025-12-09,0,Jonquière,JONQ,2025-12-09T14:27:33Z,2025-12-09T13:58:00Z,ARR,bad,29.0
600,True,True,JONQUIÈRE,MONTRÉAL,2025-12-09,1,Hébertville,HEBV,2025-12-09T15:09:30Z,2025-12-09T14:32:00Z,ARR,bad,37.0
600,True,True,JONQUIÈRE,MONTRÉAL,2025-12-09,2,Chambord,CHBD,2025-12-09T15:50:02Z,2025-12-09T15:09:00Z,ARR,bad,41.0
600,True,True,JONQUIÈRE,MONTRÉAL,2025-12-09,3,Lac-Bouchette,LBOU,2025-12-09T16:27:51Z,2025-12-09T15:47:00Z,ARR,bad,40.0
600,True,True,JONQUIÈRE,MONTRÉAL,2025-12-09,4,Club Lizotte,LIZO,2025-12-09T16:51:02Z,2025-12-09T16:12:00Z,ARR,bad,39.0
600,True,True,JONQUIÈRE,MONTRÉAL,2025-12-09,5,Kondiaronk,KOND,2025-12-09T17:03:49Z,2025-12-09T16:25:00Z,ARR,bad,38.0
600,True,True,JONQUIÈRE,MONTRÉAL,2025-12-09,6,Lac Des Roches,LDES,2025-12-09T17:05:55Z,2025-12-09T16:28:00Z,ARR,bad,37.0
600,True,True,JONQUIÈRE,MONTRÉAL,2025-12-09,7,Van Bruyssel,VBRU,2025-12-09T17:15:09Z,2025-12-09T16:38:00Z,ARR,bad,37.0
600,True,True,JONQUIÈRE,MONTRÉAL,2025-12-09,8,Kiskissink,KISK,2025-12-09T17:16:10Z,2025-12-09T16:39:01Z,ARR,bad,37.0
600,True,True,JONQUIÈRE,MONTRÉAL,2025-12-09,9,Brooks,BRQU,2025-12-09T17:27:09Z,2025-12-09T16:51:00Z,ARR,bad,36.0
600,True,True,JONQUIÈRE,MONTRÉAL,2025-12-09,10,Summit,SMQU,2025-12-09T17:52:01Z,2025-12-09T17:02:00Z,ARR,bad,50.0
600,True,True,JONQUIÈRE,MONTRÉAL,2025-12-09,11,Club Sommet,SMMC,2025-12-09T17:53:02Z,2025-12-09T17:03:01Z,ARR,bad,50.0
600,True,True,JONQUIÈRE,MONTRÉAL,2025-12-09,12,Club Grégoire,GRGC,2025-12-09T17:57:01Z,2025-12-09T17:07:00Z,ARR,bad,50.0
600,True,True,JONQUIÈRE,MONTRÉAL,2025-12-09,13,Caribou,CARI,2025-12-09T18:04:01Z,2025-12-09T17:14:00Z,ARR,bad,50.0
600,True,True,JONQUIÈRE,MONTRÉAL,2025-12-09,14,Cherokee,CHER,2025-12-09T18:06:01Z,2025-12-09T17:16:00Z,ARR,bad,50.0
600,True,True,JONQUIÈRE,MONTRÉAL,2025-12-09,15,Lac-Édouard,LEDW,2025-12-09T18:15:04Z,2025-12-09T17:29:00Z,ARR,bad,46.0
600,True,True,JONQUIÈRE,MONTRÉAL,2025-12-09,16,Club Triton,TRTC,2025-12-09T18:26:57Z,2025-12-09T17:42:00Z,ARR,bad,44.0
600,True,True,JONQUIÈRE,MONTRÉAL,2025-12-09,17,Club Nicole,NCLC,2025-12-09T18:32:59Z,2025-12-09T17:50:00Z,ARR,bad,42.0
600,True,True,JONQUIÈRE,MONTRÉAL,2025-12-09,18,Hirondelle,HRDL,2025-12-09T18:38:00Z,2025-12-09T17:56:00Z,ARR,bad,42.0
600,True,True,JONQUIÈRE,MONTRÉAL,2025-12-09,19,Pearl Lake,PRLL,2025-12-09T18:41:01Z,2025-12-09T17:59:01Z,ARR,bad,42.0
600,True,True,JONQUIÈRE,MONTRÉAL,2025-12-09,20,Sanford,SANF,2025-12-09T18:47:42Z,2025-12-09T18:10:00Z,ARR,bad,37.0
600,True,True,JONQUIÈRE,MONTRÉAL,2025-12-09,21,Stadacona,STAD,2025-12-09T18:55:42Z,2025-12-09T18:18:00Z,ARR,bad,37.0
600,True,True,JONQUIÈRE,MONTRÉAL,2025-12-09,22,Club Iroquois,IRQC,2025-12-09T18:59:42Z,2025-12-09T18:22:00Z,ARR,bad,37.0
600,True,True,JONQUIÈRE,MONTRÉAL,2025-12-09,23,Lac Malouin,LMAL,2025-12-09T19:03:42Z,2025-12-09T18:26:00Z,ARR,bad,37.0
600,True,True,JONQUIÈRE,MONTRÉAL,2025-12-09,24,Bima,BIMA,2025-12-09T19:05:42Z,2025-12-09T18:28:00Z,ARR,bad,37.0
600,True,True,JONQUIÈRE,MONTRÉAL,2025-12-09,25,Saint-Hilaire,SHPN,2025-12-09T19:08:42Z,2025-12-09T18:31:00Z,ARR,bad,37.0
600,True,True,JONQUIÈRE,MONTRÉAL,2025-12-09,26,Pont Beaudet,PBDT,2025-12-09T19:10:42Z,2025-12-09T18:33:00Z,ARR,bad,37.0
600,True,True,JONQUIÈRE,MONTRÉAL,2025-12-09,27,Falrie,FALR,2025-12-09T19:13:42Z,2025-12-09T18:36:00Z,ARR,bad,37.0
600,True,True,JONQUIÈRE,MONTRÉAL,2025-12-09,28,Club Jacques-Cartier,JACC,2025-12-09T19:16:42Z,2025-12-09T18:39:00Z,ARR,bad,37.0
600,True,True,JONQUIÈRE,MONTRÉAL,2025-12-09,29,Miquick,MIQK,2025-12-09T19:24:53Z,2025-12-09T18:53:00Z,ARR,bad,31.0
600,True,True,JONQUIÈRE,MONTRÉAL,2025-12-09,30,Rivière-À-Pierre,RAPX,2025-12-09T19:57:20Z,2025-12-09T19:28:00Z,ARR,bad,29.0
600,True,True,JONQUIÈRE,MONTRÉAL,2025-12-09,31,Rousseau,ROUS,2025-12-09T20:18:20Z,2025-12-09T19:49:00Z,ARR,bad,29.0
600,True,True,JONQUIÈRE,MONTRÉAL,2025-12-09,32,Hervey,HERV,2025-12-09T20:42:33Z,2025-12-09T20:20:00Z,ARR,bad,22.0
600,True,True,JONQUIÈRE,MONTRÉAL,2025-12-09,33,Saint-Tite,STIT,2025-12-09T21:13:17Z,2025-12-09T20:48:00Z,ARR,bad,25.0
600,True,True,JONQUIÈRE,MONTRÉAL,2025-12-09,34,Garneau,GARN,2025-12-09T21:31:56Z,2025-12-09T21:02:00Z,ARR,bad,29.0
600,True,True,JONQUIÈRE,MONTRÉAL,2025-12-09,35,Grand-Mère,GMRE,2025-12-09T21:44:53Z,2025-12-09T21:15:00Z,ARR,bad,29.0
600,True,True,JONQUIÈRE,MONTRÉAL,2025-12-09,36,Shawinigan,SHWN,2025-12-09T21:52:25Z,2025-12-09T21:23:00Z,ARR,bad,29.0
600,True,True,JONQUIÈRE,MONTRÉAL,2025-12-09,37,Charette,CHRT,2025-12-09T22:12:34Z,2025-12-09T21:46:00Z,ARR,bad,26.0
600,True,True,JONQUIÈRE,MONTRÉAL,2025-12-09,38,St-Paulin,SPAU,2025-12-09T22:27:15Z,2025-12-09T21:55:00Z,ARR,bad,32.0
600,True,True,JONQUIÈRE,MONTRÉAL,2025-12-09,39,St-Justin,SJUS,2025-12-09T22:36:30Z,2025-12-09T22:09:00Z,ARR,bad,27.0
600,True,True,JONQUIÈRE,MONTRÉAL,2025-12-09,40,Joliette,JOLI,2025-12-09T23:02:20Z,2025-12-09T22:38:00Z,ARR,bad,24.0
600,True,True,JONQUIÈRE,MONTRÉAL,2025-12-09,41,Anjou,ANJO,2025-12-09T23:44:43Z,2025-12-09T23:21:01Z,ARR,bad,23.0
600,True,True,JONQUIÈRE,MONTRÉAL,2025-12-09,42,Sauvé,SAUV,2025-12-09T23:53:22Z,2025-12-09T23:35:00Z,ARR,med,18.0
600,True,True,JONQUIÈRE,MONTRÉAL,2025-12-09,43,Montréal,MTRL,2025-12-10T01:07:32Z,2025-12-10T00:46:00Z,ARR,bad,21.0
70,True,True,WINDSOR,TORONTO,2025-12-09,0,Windsor,WDON,2025-12-09T10:35:00Z,2025-12-09T10:35:00Z,ARR,goo,0.0
70,True,True,WINDSOR,TORONTO,2025-12-09,1,Chatham,CHAT,2025-12-09T11:19:18Z,2025-12-09T11:19:00Z,ARR,goo,0.0
70,True,True,WINDSOR,TORONTO,2025-12-09,2,London,LNDN,2025-12-09T12:33:42Z,2025-12-09T12:25:00Z,ARR,med,8.0
70,True,True,WINDSOR,TORONTO,2025-12-09,3,Ingersoll,INGR,2025-12-09T12:59:56Z,2025-12-09T12:55:00Z,ARR,goo,4.0
70,True,True,WINDSOR,TORONTO,2025-12-09,4,Woodstock,WDST,2025-12-09T13:14:04Z,2025-12-09T13:08:00Z,ARR,med,6.0
70,True,True,WINDSOR,TORONTO,2025-12-09,5,Brantford,BRTF,2025-12-09T13:50:42Z,2025-12-09T13:44:00Z,ARR,med,6.0
70,True,True,WINDSOR,TORONTO,2025-12-09,6,Aldershot,ALDR,2025-12-09T14:25:15Z,2025-12-09T14:25:00Z,ARR,goo,0.0
70,True,True,WINDSOR,TORONTO,2025-12-09,7,Oakville,OAKV,2025-12-09T14:45:39Z,2025-12-09T14:43:00Z,ARR,goo,2.0
70,True,True,WINDSOR,TORONTO,2025-12-09,8,Toronto,TRTO,2025-12-09T15:17:29Z,2025-12-09T15:10:00Z,ARR,med,7.0
73,True,True,TORONTO,WINDSOR,2025-12-09,0,Toronto,TRTO,2025-12-09T16:46:00Z,2025-12-09T16:30:00Z,ARR,med,16.0
73,True,True,TORONTO,WINDSOR,2025-12-09,1,Oakville,OAKV,2025-12-09T17:12:09Z,2025-12-09T16:51:00Z,ARR,bad,21.0
73,True,True,TORONTO,WINDSOR,2025-12-09,2,Aldershot,ALDR,2025-12-09T17:28:15Z,2025-12-09T17:09:00Z,ARR,med,19.0
73,True,True,TORONTO,WINDSOR,2025-12-09,3,Brantford,BRTF,2025-12-09T17:59:54Z,2025-12-09T17:40:00Z,ARR,med,19.0
73,True,True,TORONTO,WINDSOR,2025-12-09,4,Woodstock,WDST,2025-12-09T18:32:37Z,2025-12-09T18:09:00Z,ARR,bad,23.0
73,True,True,TORONTO,WINDSOR,2025-12-09,5,London,LNDN,2025-12-09T19:07:42Z,2025-12-09T18:38:00Z,ARR,bad,29.0
73,True,True,TORONTO,WINDSOR,2025-12-09,6,Chatham,CHAT,2025-12-09T20:26:13Z,2025-12-09T19:50:00Z,ARR,bad,36.0
73,True,True,TORONTO,WINDSOR,2025-12-09,7,Windsor,WDON,2025-12-09T21:14:46Z,2025-12-09T20:45:00Z,ARR,bad,29.0
84,True,True,SARNIA,TORONTO,2025-12-09,0,Sarnia,SARN,2025-12-09T13:40:00Z,2025-12-09T13:40:00Z,ARR,goo,0.0
84,True,True,SARNIA,TORONTO,2025-12-09,1,Wyoming,WYOM,2025-12-09T13:59:23Z,2025-12-09T13:55:00Z,ARR,goo,4.0
84,True,True,SARNIA,TORONTO,2025-12-09,2,Strathroy,STRR,2025-12-09T14:27:05Z,2025-12-09T14:27:00Z,ARR,goo,0.0
84,True,True,SARNIA,TORONTO,2025-12-09,3,London,LNDN,2025-12-09T14:52:51Z,2025-12-09T14:52:00Z,ARR,goo,0.0
84,True,True,SARNIA,TORONTO,2025-12-09,4,St.Marys,SMYS,2025-12-09T15:48:57Z,2025-12-09T15:45:00Z,ARR,goo,3.0
84,True,True,SARNIA,TORONTO,2025-12-09,5,Stratford,STRF,2025-12-09T16:17:14Z,2025-12-09T16:14:00Z,ARR,goo,3.0
84,True,True,SARNIA,TORONTO,2025-12-09,6,Kitchener,KITC,2025-12-09T17:03:54Z,2025-12-09T17:02:00Z,ARR,goo,1.0
84,True,True,SARNIA,TORONTO,2025-12-09,7,Guelph,GUEL,2025-12-09T17:22:22Z,2025-12-09T17:24:00Z,ARR,goo,-1.0
84,True,True,SARNIA,TORONTO,2025-12-09,8,Georgetown,GEOR,2025-12-09T17:47:33Z,2025-12-09T17:47:00Z,ARR,goo,0.0
84,True,True,SARNIA,TORONTO,2025-12-09,9,Brampton,BRMP,2025-12-09T18:00:44Z,2025-12-09T17:59:00Z,ARR,goo,1.0
84,True,True,SARNIA,TORONTO,2025-12-09,10,Malton,MALT,2025-12-09T18:14:01Z,2025-12-09T18:11:00Z,ARR,goo,3.0
84,True,True,SARNIA,TORONTO,2025-12-09,11,Toronto,TRTO,2025-12-09T18:39:48Z,2025-12-09T18:38:00Z,ARR,goo,1.0
82,True,True,LONDON,TORONTO,2025-12-09,0,London,LNDN,2025-12-09T11:25:00Z,2025-12-09T11:25:00Z,ARR,goo,0.0
82,True,True,LONDON,TORONTO,2025-12-09,1,Woodstock,WDST,2025-12-09T12:00:18Z,2025-12-09T11:53:00Z,ARR,med,7.0
82,True,True,LONDON,TORONTO,2025-12-09,2,Brantford,BRTF,2025-12-09T12:35:17Z,2025-12-09T12:23:00Z,ARR,med,12.0
82,True,True,LONDON,TORONTO,2025-12-09,3,Toronto,TRTO,2025-12-09T13:51:53Z,2025-12-09T13:35:00Z,ARR,med,16.0
64,True,True,TORONTO,MONTRÉAL,2025-12-09,0,Toronto,TRTO,2025-12-09T16:38:51Z,2025-12-09T16:38:00Z,ARR,goo,0.0
64,True,True,TORONTO,MONTRÉAL,2025-12-09,1,Guildwood,GUIL,2025-12-09T16:56:22Z,2025-12-09T16:55:00Z,ARR,goo,1.0
64,True,True,TORONTO,MONTRÉAL,2025-12-09,2,Oshawa,OSHA,2025-12-09T17:18:10Z,2025-12-09T17:09:00Z,ARR,med,9.0
64,True,True,TORONTO,MONTRÉAL,2025-12-09,3,Cobourg,CBRG,2025-12-09T17:52:04Z,2025-12-09T17:46:00Z,ARR,med,6.0
64,True,True,TORONTO,MONTRÉAL,2025-12-09,4,Belleville,BLVL,2025-12-09T18:26:23Z,2025-12-09T18:22:00Z,ARR,goo,4.0
64,True,True,TORONTO,MONTRÉAL,2025-12-09,5,Kingston,KGON,2025-12-09T19:05:07Z,2025-12-09T19:03:00Z,ARR,goo,2.0
64,True,True,TORONTO,MONTRÉAL,2025-12-09,6,Brockville,BRKV,2025-12-09T19:50:48Z,2025-12-09T19:52:00Z,ARR,goo,-1.0
64,True,True,TORONTO,MONTRÉAL,2025-12-09,7,Cornwall,CWLL,2025-12-09T20:38:34Z,2025-12-09T20:42:00Z,ARR,goo,-3.0
64,True,True,TORONTO,MONTRÉAL,2025-12-09,8,Dorval,DORV,2025-12-09T21:29:01Z,2025-12-09T21:37:00Z,ARR,goo,-7.0
64,True,True,TORONTO,MONTRÉAL,2025-12-09,9,Montréal,MTRL,2025-12-09T21:55:35Z,2025-12-09T22:05:00Z,ARR,goo,-9.0
97,True,True,TORONTO,NIAGARA FALLS,2025-12-09,0,Toronto,TRTO,2025-12-09T13:20:00Z,2025-12-09T13:20:00Z,ARR,goo,0.0
97,True,True,TORONTO,NIAGARA FALLS,2025-12-09,1,Oakville,OAKV,2025-12-09T13:43:00Z,2025-12-09T13:43:00Z,ARR,goo,0.0
97,True,True,TORONTO,NIAGARA FALLS,2025-12-09,2,Aldershot,ALDR,2025-12-09T13:56:00Z,2025-12-09T13:56:00Z,ARR,goo,0.0
97,True,True,TORONTO,NIAGARA FALLS,2025-12-09,3,Grimsby,GRIM,2025-12-09T14:37:00Z,2025-12-09T14:37:00Z,ARR,goo,0.0
97,True,True,TORONTO,NIAGARA FALLS,2025-12-09,4,St. Catharines,SCAT,2025-12-09T14:57:00Z,2025-12-09T14:57:00Z,ARR,goo,0.0
97,True,True,TORONTO,NIAGARA FALLS,2025-12-09,5,Niagara Falls,NIAG,2025-12-09T15:20:00Z,2025-12-09T15:20:00Z,ARR,goo,0.0
35,True,True,QUÉBEC,OTTAWA,2025-12-09,0,Québec,QBEC,2025-12-09T13:06:00Z,2025-12-09T13:06:00Z,ARR,goo,0.0
35,True,True,QUÉBEC,OTTAWA,2025-12-09,1,Ste-Foy,SFOY,2025-12-09T13:35:46Z,2025-12-09T13:31:00Z,ARR,goo,4.0
35,True,True,QUÉBEC,OTTAWA,2025-12-09,2,Charny,CHNY,2025-12-09T13:46:22Z,2025-12-09T13:40:00Z,ARR,med,6.0
35,True,True,QUÉBEC,OTTAWA,2025-12-09,3,Drummondville,DRMV,2025-12-09T15:10:06Z,2025-12-09T15:14:00Z,ARR,goo,-3.0
35,True,True,QUÉBEC,OTTAWA,2025-12-09,4,St. Hyacinthe,SHYA,2025-12-09T15:48:15Z,2025-12-09T15:44:00Z,ARR,goo,4.0
35,True,True,QUÉBEC,OTTAWA,2025-12-09,5,St. Lambert,SLAM,2025-12-09T16:17:01Z,2025-12-09T16:11:00Z,ARR,med,6.0
35,True,True,QUÉBEC,OTTAWA,2025-12-09,6,Montréal,MTRL,2025-12-09T16:32:16Z,2025-12-09T16:26:00Z,ARR,med,6.0
35,True,True,QUÉBEC,OTTAWA,2025-12-09,7,Dorval,DORV,2025-12-09T17:23:02Z,2025-12-09T17:18:00Z,ARR,goo,5.0
35,True,True,QUÉBEC,OTTAWA,2025-12-09,8,Coteau,COTO,2025-12-09T17:54:49Z,2025-12-09T17:46:00Z,ARR,med,8.0
35,True,True,QUÉBEC,OTTAWA,2025-12-09,9,Alexandria,ALEX,2025-12-09T18:17:25Z,2025-12-09T18:08:00Z,ARR,med,9.0
35,True,True,QUÉBEC,OTTAWA,2025-12-09,10,Casselman,CSLM,2025-12-09T18:39:48Z,2025-12-09T18:31:00Z,ARR,med,8.0
35,True,True,QUÉBEC,OTTAWA,2025-12-09,11,Ottawa,OTTW,2025-12-09T19:01:47Z,2025-12-09T18:58:00Z,ARR,goo,3.0
22,True,True,OTTAWA,QUÉBEC,2025-12-09,0,Ottawa,OTTW,2025-12-09T11:07:00Z,2025-12-09T11:07:00Z,ARR,goo,0.0
22,True,True,OTTAWA,QUÉBEC,2025-12-09,1,Casselman,CSLM,2025-12-09T11:32:23Z,2025-12-09T11:33:00Z,ARR,goo,0.0
22,True,True,OTTAWA,QUÉBEC,2025-12-09,2,Alexandria,ALEX,2025-12-09T12:02:32Z,2025-12-09T11:55:00Z,ARR,med,7.0
22,True,True,OTTAWA,QUÉBEC,2025-12-09,3,Coteau,COTO,2025-12-09T12:30:43Z,2025-12-09T12:23:00Z,ARR,med,7.0
22,True,True,OTTAWA,QUÉBEC,2025-12-09,4,Dorval,DORV,2025-12-09T13:00:10Z,2025-12-09T12:47:00Z,ARR,med,13.0
22,True,True,OTTAWA,QUÉBEC,2025-12-09,5,Montréal,MTRL,2025-12-09T13:25:42Z,2025-12-09T13:11:00Z,ARR,med,14.0
22,True,True,OTTAWA,QUÉBEC,2025-12-09,6,St. Lambert,SLAM,2025-12-09T14:18:44Z,2025-12-09T13:49:00Z,ARR,bad,29.0
22,True,True,OTTAWA,QUÉBEC,2025-12-09,7,St. Hyacinthe,SHYA,2025-12-09T14:49:55Z,2025-12-09T14:16:00Z,ARR,bad,33.0
22,True,True,OTTAWA,QUÉBEC,2025-12-09,8,Drummondville,DRMV,2025-12-09T15:24:50Z,2025-12-09T14:44:00Z,ARR,bad,40.0
22,True,True,OTTAWA,QUÉBEC,2025-12-09,9,Ste-Foy,SFOY,2025-12-09T17:13:33Z,2025-12-09T16:19:00Z,ARR,bad,54.0
22,True,True,OTTAWA,QUÉBEC,2025-12-09,10,Québec,QBEC,2025-12-09T17:43:53Z,2025-12-09T16:47:00Z,ARR,bad,56.0
50,True,True,TORONTO,OTTAWA,2025-12-09,0,Toronto,TRTO,2025-12-09T11:32:00Z,2025-12-09T11:32:00Z,ARR,goo,0.0
50,True,True,TORONTO,OTTAWA,2025-12-09,1,Guildwood,GUIL,2025-12-09T11:49:50Z,2025-12-09T11:50:00Z,ARR,goo,0.0
50,True,True,TORONTO,OTTAWA,2025-12-09,2,Oshawa,OSHA,2025-12-09T12:09:13Z,2025-12-09T12:08:00Z,ARR,goo,1.0
50,True,True,TORONTO,OTTAWA,2025-12-09,3,Cobourg,CBRG,2025-12-09T12:45:21Z,2025-12-09T12:43:00Z,ARR,goo,2.0
50,True,True,TORONTO,OTTAWA,2025-12-09,4,Belleville,BLVL,2025-12-09T13:20:45Z,2025-12-09T13:18:00Z,ARR,goo,2.0
50,True,True,TORONTO,OTTAWA,2025-12-09,5,Kingston,KGON,2025-12-09T13:59:59Z,2025-12-09T13:57:00Z,ARR,goo,2.0
50,True,True,TORONTO,OTTAWA,2025-12-09,6,Brockville,BRKV,2025-12-09T15:12:55Z,2025-12-09T14:54:00Z,ARR,med,18.0
50,True,True,TORONTO,OTTAWA,2025-12-09,7,Smiths Falls,SMTF,2025-12-09T15:48:52Z,2025-12-09T15:29:00Z,ARR,med,19.0
50,True,True,TORONTO,OTTAWA,2025-12-09,8,Fallowfield,FALL,2025-12-09T16:22:14Z,2025-12-09T16:01:00Z,ARR,bad,21.0
50,True,True,TORONTO,OTTAWA,2025-12-09,9,Ottawa,OTTW,2025-12-09T16:42:03Z,2025-12-09T16:21:00Z,ARR,bad,21.0
63,True,True,MONTRÉAL,TORONTO,2025-12-09,0,Montréal,MTRL,2025-12-09T13:56:50Z,2025-12-09T13:46:00Z,ARR,med,10.0
63,True,True,MONTRÉAL,TORONTO,2025-12-09,1,Dorval,DORV,2025-12-09T14:23:03Z,2025-12-09T14:11:00Z,ARR,med,12.0
63,True,True,MONTRÉAL,TORONTO,2025-12-09,2,Cornwall,CWLL,2025-12-09T15:16:36Z,2025-12-09T15:04:00Z,ARR,med,12.0
63,True,True,MONTRÉAL,TORONTO,2025-12-09,3,Brockville,BRKV,2025-12-09T16:03:30Z,2025-12-09T15:54:00Z,ARR,med,9.0
63,True,True,MONTRÉAL,TORONTO,2025-12-09,4,Kingston,KGON,2025-12-09T16:53:48Z,2025-12-09T16:39:00Z,ARR,med,14.0
63,True,True,MONTRÉAL,TORONTO,2025-12-09,5,Belleville,BLVL,2025-12-09T17:35:26Z,2025-12-09T17:20:00Z,ARR,med,15.0
63,True,True,MONTRÉAL,TORONTO,2025-12-09,6,Cobourg,CBRG,2025-12-09T18:12:27Z,2025-12-09T17:58:00Z,ARR,med,14.0
63,True,True,MONTRÉAL,TORONTO,2025-12-09,7,Oshawa,OSHA,2025-12-09T18:51:01Z,2025-12-09T18:34:00Z,ARR,med,17.0
63,True,True,MONTRÉAL,TORONTO,2025-12-09,8,Guildwood,GUIL,2025-12-09T19:18:44Z,2025-12-09T18:58:00Z,ARR,bad,20.0
63,True,True,MONTRÉAL,TORONTO,2025-12-09,9,Toronto,TRTO,2025-12-09T19:38:06Z,2025-12-09T19:18:00Z,ARR,bad,20.0
60,True,True,TORONTO,MONTRÉAL,2025-12-09,0,Toronto,TRTO,2025-12-09T11:32:00Z,2025-12-09T11:32:00Z,ARR,goo,0.0
60,True,True,TORONTO,MONTRÉAL,2025-12-09,1,Guildwood,GUIL,2025-12-09T11:49:44Z,2025-12-09T11:50:00Z,ARR,goo,0.0
60,True,True,TORONTO,MONTRÉAL,2025-12-09,2,Oshawa,OSHA,2025-12-09T12:09:05Z,2025-12-09T12:08:00Z,ARR,goo,1.0
60,True,True,TORONTO,MONTRÉAL,2025-12-09,3,Cobourg,CBRG,2025-12-09T12:45:05Z,2025-12-09T12:43:00Z,ARR,goo,2.0
60,True,True,TORONTO,MONTRÉAL,2025-12-09,4,Belleville,BLVL,2025-12-09T13:20:40Z,2025-12-09T13:18:00Z,ARR,goo,2.0
60,True,True,TORONTO,MONTRÉAL,2025-12-09,5,Kingston,KGON,2025-12-09T13:59:51Z,2025-12-09T13:57:00Z,ARR,goo,2.0
60,True,True,TORONTO,MONTRÉAL,2025-12-09,6,Cornwall,CWLL,2025-12-09T15:47:23Z,2025-12-09T15:38:00Z,ARR,med,9.0
60,True,True,TORONTO,MONTRÉAL,2025-12-09,7,Dorval,DORV,2025-12-09T16:38:07Z,2025-12-09T16:25:00Z,ARR,med,13.0
60,True,True,TORONTO,MONTRÉAL,2025-12-09,8,Montréal,MTRL,2025-12-09T17:03:20Z,2025-12-09T16:50:00Z,ARR,med,13.0
72,True,True,WINDSOR,TORONTO,2025-12-09,0,Windsor,WDON,2025-12-09T13:43:35Z,2025-12-09T13:43:00Z,ARR,goo,0.0
72,True,True,WINDSOR,TORONTO,2025-12-09,1,Chatham,CHAT,2025-12-09T14:33:41Z,2025-12-09T14:25:00Z,ARR,med,8.0
72,True,True,WINDSOR,TORONTO,2025-12-09,2,Glencoe,GLNC,2025-12-09T15:23:05Z,2025-12-09T15:05:00Z,ARR,med,18.0
72,True,True,WINDSOR,TORONTO,2025-12-09,3,London,LNDN,2025-12-09T16:00:48Z,2025-12-09T15:39:00Z,ARR,bad,21.0
72,True,True,WINDSOR,TORONTO,2025-12-09,4,Ingersoll,INGR,2025-12-09T16:31:58Z,2025-12-09T16:07:00Z,ARR,bad,24.0
72,True,True,WINDSOR,TORONTO,2025-12-09,5,Woodstock,WDST,2025-12-09T16:45:40Z,2025-12-09T16:23:00Z,ARR,bad,22.0
72,True,True,WINDSOR,TORONTO,2025-12-09,6,Brantford,BRTF,2025-12-09T17:18:58Z,2025-12-09T16:55:00Z,ARR,bad,23.0
72,True,True,WINDSOR,TORONTO,2025-12-09,7,Aldershot,ALDR,2025-12-09T17:51:20Z,2025-12-09T17:29:00Z,ARR,bad,22.0
72,True,True,WINDSOR,TORONTO,2025-12-09,8,Oakville,OAKV,2025-12-09T18:11:44Z,2025-12-09T17:45:00Z,ARR,bad,26.0
72,True,True,WINDSOR,TORONTO,2025-12-09,9,Toronto,TRTO,2025-12-09T18:51:14Z,2025-12-09T18:11:00Z,ARR,bad,40.0
76,True,True,WINDSOR,TORONTO,2025-12-09,0,Windsor,WDON,2025-12-09T18:06:00Z,2025-12-09T18:06:00Z,ARR,goo,0.0
76,True,True,WINDSOR,TORONTO,2025-12-09,1,Chatham,CHAT,2025-12-09T18:49:06Z,2025-12-09T18:48:00Z,ARR,goo,1.0
76,True,True,WINDSOR,TORONTO,2025-12-09,2,Glencoe,GLNC,2025-12-09T19:50:00Z,2025-12-09T19:23:00Z,ARR,bad,27.0
76,True,True,WINDSOR,TORONTO,2025-12-09,3,London,LNDN,2025-12-09T20:21:09Z,2025-12-09T19:58:00Z,ARR,bad,23.0
76,True,True,WINDSOR,TORONTO,2025-12-09,4,Brantford,BRTF,2025-12-09T21:28:20Z,2025-12-09T20:59:00Z,ARR,bad,29.0
76,True,True,WINDSOR,TORONTO,2025-12-09,5,Aldershot,ALDR,2025-12-09T21:59:12Z,2025-12-09T21:30:00Z,ARR,bad,29.0
76,True,True,WINDSOR,TORONTO,2025-12-09,6,Oakville,OAKV,2025-12-09T22:14:49Z,2025-12-09T21:47:00Z,ARR,bad,27.0
76,True,True,WINDSOR,TORONTO,2025-12-09,7,Toronto,TRTO,2025-12-09T22:47:07Z,2025-12-09T22:13:00Z,ARR,bad,34.0
71,True,True,TORONTO,WINDSOR,2025-12-09,0,Toronto,TRTO,2025-12-09T11:50:00Z,2025-12-09T11:50:00Z,ARR,goo,0.0
71,True,True,TORONTO,WINDSOR,2025-12-09,1,Oakville,OAKV,2025-12-09T12:13:16Z,2025-12-09T12:13:00Z,ARR,goo,0.0
71,True,True,TORONTO,WINDSOR,2025-12-09,2,Aldershot,ALDR,2025-12-09T12:30:47Z,2025-12-09T12:29:00Z,ARR,goo,1.0
71,True,True,TORONTO,WINDSOR,2025-12-09,3,Brantford,BRTF,2025-12-09T13:14:48Z,2025-12-09T12:55:00Z,ARR,med,19.0
71,True,True,TORONTO,WINDSOR,2025-12-09,4,Woodstock,WDST,2025-12-09T13:43:10Z,2025-12-09T13:30:00Z,ARR,med,13.0
71,True,True,TORONTO,WINDSOR,2025-12-09,5,Ingersoll,INGR,2025-12-09T13:54:54Z,2025-12-09T13:43:00Z,ARR,med,11.0
71,True,True,TORONTO,WINDSOR,2025-12-09,6,London,LNDN,2025-12-09T14:18:20Z,2025-12-09T14:06:00Z,ARR,med,12.0
71,True,True,TORONTO,WINDSOR,2025-12-09,7,Glencoe,GLNC,2025-12-09T14:50:43Z,2025-12-09T14:39:00Z,ARR,med,11.0
71,True,True,TORONTO,WINDSOR,2025-12-09,8,Chatham,CHAT,2025-12-09T16:00:44Z,2025-12-09T15:18:00Z,ARR,bad,42.0
71,True,True,TORONTO,WINDSOR,2025-12-09,9,Windsor,WDON,2025-12-09T16:48:03Z,2025-12-09T16:08:00Z,ARR,bad,40.0
47,True,True,OTTAWA,TORONTO,2025-12-09,0,Ottawa,OTTW,2025-12-09T17:24:38Z,2025-12-09T17:23:00Z,ARR,goo,1.0
47,True,True,OTTAWA,TORONTO,2025-12-09,1,Fallowfield,FALL,2025-12-09T17:43:02Z,2025-12-09T17:40:00Z,ARR,goo,3.0
47,True,True,OTTAWA,TORONTO,2025-12-09,2,Smiths Falls,SMTF,2025-12-09T18:28:04Z,2025-12-09T18:18:00Z,ARR,med,10.0
47,True,True,OTTAWA,TORONTO,2025-12-09,3,Brockville,BRKV,2025-12-09T19:00:03Z,2025-12-09T18:54:00Z,ARR,med,6.0
47,True,True,OTTAWA,TORONTO,2025-12-09,4,Gananoque,GANA,2025-12-09T19:32:06Z,2025-12-09T19:22:00Z,ARR,med,10.0
47,True,True,OTTAWA,TORONTO,2025-12-09,5,Kingston,KGON,2025-12-09T19:56:17Z,2025-12-09T19:45:00Z,ARR,med,11.0
47,True,True,OTTAWA,TORONTO,2025-12-09,6,Belleville,BLVL,2025-12-09T20:43:24Z,2025-12-09T20:26:00Z,ARR,med,17.0
47,True,True,OTTAWA,TORONTO,2025-12-09,7,Oshawa,OSHA,2025-12-09T22:03:30Z,2025-12-09T21:33:00Z,ARR,bad,30.0
47,True,True,OTTAWA,TORONTO,2025-12-09,8,Guildwood,GUIL,2025-12-09T23:33:58Z,2025-12-09T21:58:00Z,ARR,bad,95.0
47,True,True,OTTAWA,TORONTO,2025-12-09,9,Toronto,TRTO,2025-12-09T23:57:15Z,2025-12-09T22:30:00Z,ARR,bad,87.0
31,True,True,MONTRÉAL,OTTAWA,2025-12-09,0,Montréal,MTRL,2025-12-09T11:20:00Z,2025-12-09T11:20:00Z,ARR,goo,0.0
31,True,True,MONTRÉAL,OTTAWA,2025-12-09,1,Dorval,DORV,2025-12-09T11:41:58Z,2025-12-09T11:44:00Z,ARR,goo,-2.0
31,True,True,MONTRÉAL,OTTAWA,2025-12-09,2,Alexandria,ALEX,2025-12-09T12:33:07Z,2025-12-09T12:36:00Z,ARR,goo,-2.0
31,True,True,MONTRÉAL,OTTAWA,2025-12-09,3,Casselman,CSLM,2025-12-09T12:55:42Z,2025-12-09T12:59:00Z,ARR,goo,-3.0
31,True,True,MONTRÉAL,OTTAWA,2025-12-09,4,Ottawa,OTTW,2025-12-09T13:23:23Z,2025-12-09T13:25:00Z,ARR,goo,-1.0
45,True,True,OTTAWA,TORONTO,2025-12-09,0,Ottawa,OTTW,2025-12-09T15:24:00Z,2025-12-09T15:24:00Z,ARR,goo,0.0
45,True,True,OTTAWA,TORONTO,2025-12-09,1,Fallowfield,FALL,2025-12-09T15:40:14Z,2025-12-09T15:40:00Z,ARR,goo,0.0
45,True,True,OTTAWA,TORONTO,2025-12-09,2,Kingston,KGON,2025-12-09T17:32:50Z,2025-12-09T17:26:00Z,ARR,med,6.0
45,True,True,OTTAWA,TORONTO,2025-12-09,3,Toronto,TRTO,2025-12-09T20:05:06Z,2025-12-09T19:48:00Z,ARR,med,17.0
20,True,True,MONTRÉAL,QUÉBEC,2025-12-09,0,Montréal,MTRL,2025-12-09T11:25:00Z,2025-12-09T11:25:00Z,ARR,goo,0.0
20,True,True,MONTRÉAL,QUÉBEC,2025-12-09,1,St. Lambert,SLAM,2025-12-09T11:37:37Z,2025-12-09T11:38:00Z,ARR,goo,0.0
20,True,True,MONTRÉAL,QUÉBEC,2025-12-09,2,St. Hyacinthe,SHYA,2025-12-09T12:05:54Z,2025-12-09T12:06:00Z,ARR,goo,0.0
20,True,True,MONTRÉAL,QUÉBEC,2025-12-09,3,Drummondville,DRMV,2025-12-09T12:54:30Z,2025-12-09T12:43:00Z,ARR,med,11.0
20,True,True,MONTRÉAL,QUÉBEC,2025-12-09,4,Ste-Foy,SFOY,2025-12-09T14:28:29Z,2025-12-09T14:25:00Z,ARR,goo,3.0
20,True,True,MONTRÉAL,QUÉBEC,2025-12-09,5,Québec,QBEC,2025-12-09T14:55:41Z,2025-12-09T14:52:00Z,ARR,goo,3.0
37,True,True,QUÉBEC,OTTAWA,2025-12-09,0,Québec,QBEC,2025-12-09T17:42:41Z,2025-12-09T17:32:00Z,ARR,med,10.0
37,True,True,QUÉBEC,OTTAWA,2025-12-09,1,Ste-Foy,SFOY,2025-12-09T18:10:09Z,2025-12-09T17:57:00Z,ARR,med,13.0
37,True,True,QUÉBEC,OTTAWA,2025-12-09,2,Drummondville,DRMV,2025-12-09T20:01:54Z,2025-12-09T19:44:00Z,ARR,med,17.0
37,True,True,QUÉBEC,OTTAWA,2025-12-09,3,St. Hyacinthe,SHYA,2025-12-09T20:32:42Z,2025-12-09T20:12:00Z,ARR,bad,20.0
37,True,True,QUÉBEC,OTTAWA,2025-12-09,4,St. Lambert,SLAM,2025-12-09T21:01:11Z,2025-12-09T20:39:00Z,ARR,bad,22.0
37,True,True,QUÉBEC,OTTAWA,2025-12-09,5,Montréal,MTRL,2025-12-09T21:16:49Z,2025-12-09T20:54:00Z,ARR,bad,22.0
37,True,True,QUÉBEC,OTTAWA,2025-12-09,6,Dorval,DORV,2025-12-09T21:56:47Z,2025-12-09T21:54:00Z,ARR,goo,2.0
37,True,True,QUÉBEC,OTTAWA,2025-12-09,7,Coteau,COTO,2025-12-09T22:28:35Z,2025-12-09T22:23:00Z,ARR,goo,5.0
37,True,True,QUÉBEC,OTTAWA,2025-12-09,8,Alexandria,ALEX,2025-12-09T22:51:16Z,2025-12-09T22:45:00Z,ARR,med,6.0
37,True,True,QUÉBEC,OTTAWA,2025-12-09,9,Ottawa,OTTW,2025-12-09T23:34:05Z,2025-12-09T23:37:00Z,ARR,goo,-2.0
604,True,True,SENNETERRE,MONTRÉAL,2025-12-09,0,Senneterre,SENN,2025-12-09T11:28:06Z,2025-12-09T11:28:00Z,ARR,goo,0.0
604,True,True,SENNETERRE,MONTRÉAL,2025-12-09,1,Mégiscane,MEGI,2025-12-09T12:31:11Z,2025-12-09T11:42:00Z,ARR,bad,49.0
604,True,True,SENNETERRE,MONTRÉAL,2025-12-09,2,Signai,SIGN,2025-12-09T12:46:25Z,2025-12-09T11:58:00Z,ARR,bad,48.0
604,True,True,SENNETERRE,MONTRÉAL,2025-12-09,3,Press,PRSS,2025-12-09T12:53:08Z,2025-12-09T12:06:00Z,ARR,bad,47.0
604,True,True,SENNETERRE,MONTRÉAL,2025-12-09,4,Forsythe,FORS,2025-12-09T13:12:43Z,2025-12-09T12:25:00Z,ARR,bad,47.0
604,True,True,SENNETERRE,MONTRÉAL,2025-12-09,5,Bolger,BGQU,2025-12-09T13:21:16Z,2025-12-09T12:32:00Z,ARR,bad,49.0
604,True,True,SENNETERRE,MONTRÉAL,2025-12-09,6,Dix,DIXX,2025-12-09T13:31:37Z,2025-12-09T12:43:00Z,ARR,bad,48.0
604,True,True,SENNETERRE,MONTRÉAL,2025-12-09,7,Gagnon,GAGN,2025-12-09T13:35:37Z,2025-12-09T12:47:00Z,ARR,bad,48.0
604,True,True,SENNETERRE,MONTRÉAL,2025-12-09,8,Da-Rou-Lac Lodge,DRLL,2025-12-09T13:44:37Z,2025-12-09T12:56:00Z,ARR,bad,48.0
604,True,True,SENNETERRE,MONTRÉAL,2025-12-09,9,Langlade,LNGL,2025-12-09T13:45:38Z,2025-12-09T12:57:01Z,ARR,bad,48.0
604,True,True,SENNETERRE,MONTRÉAL,2025-12-09,10,Club Beaudin Inc.,BDNC,2025-12-09T13:52:37Z,2025-12-09T13:04:00Z,ARR,bad,48.0
604,True,True,SENNETERRE,MONTRÉAL,2025-12-09,11,Bourmont,BRMT,2025-12-09T13:53:58Z,2025-12-09T13:09:00Z,ARR,bad,44.0
604,True,True,SENNETERRE,MONTRÉAL,2025-12-09,12,Club Kapitachuan,KPTC,2025-12-09T13:55:58Z,2025-12-09T13:11:00Z,ARR,bad,44.0
604,True,True,SENNETERRE,MONTRÉAL,2025-12-09,13,Consolidated Bathurst,CBAT,2025-12-09T13:59:58Z,2025-12-09T13:15:00Z,ARR,bad,44.0
604,True,True,SENNETERRE,MONTRÉAL,2025-12-09,14,Monet,MNET,2025-12-09T14:06:58Z,2025-12-09T13:22:00Z,ARR,bad,44.0
604,True,True,SENNETERRE,MONTRÉAL,2025-12-09,15,Coquar,COQU,2025-12-09T14:17:19Z,2025-12-09T13:33:00Z,ARR,bad,44.0
604,True,True,SENNETERRE,MONTRÉAL,2025-12-09,16,Clova,CLOV,2025-12-09T14:26:35Z,2025-12-09T13:42:00Z,ARR,bad,44.0
604,True,True,SENNETERRE,MONTRÉAL,2025-12-09,17,Rivière Oskélanéo,OSKR,2025-12-09T14:39:35Z,2025-12-09T13:55:00Z,ARR,bad,44.0
604,True,True,SENNETERRE,MONTRÉAL,2025-12-09,18,Oskelaneo Lodge,OSKL,2025-12-09T14:51:35Z,2025-12-09T14:07:00Z,ARR,bad,44.0
604,True,True,SENNETERRE,MONTRÉAL,2025-12-09,19,Greening,GRNG,2025-12-09T14:57:10Z,2025-12-09T14:15:00Z,ARR,bad,42.0
604,True,True,SENNETERRE,MONTRÉAL,2025-12-09,20,Club Maniwawa,MWWC,2025-12-09T15:06:28Z,2025-12-09T14:26:00Z,ARR,bad,40.0
604,True,True,SENNETERRE,MONTRÉAL,2025-12-09,21,Strachan,STRN,2025-12-09T15:11:46Z,2025-12-09T14:33:00Z,ARR,bad,38.0
604,True,True,SENNETERRE,MONTRÉAL,2025-12-09,22,Club Rita Inc.,RTAC,2025-12-09T15:15:46Z,2025-12-09T14:37:00Z,ARR,bad,38.0
604,True,True,SENNETERRE,MONTRÉAL,2025-12-09,23,Timbrell,TIMB,2025-12-09T15:25:46Z,2025-12-09T14:47:00Z,ARR,bad,38.0
604,True,True,SENNETERRE,MONTRÉAL,2025-12-09,24,Parent,PARE,2025-12-09T15:40:07Z,2025-12-09T15:07:00Z,ARR,bad,33.0
604,True,True,SENNETERRE,MONTRÉAL,2025-12-09,25,Manjobagues,MJBG,2025-12-09T16:02:30Z,2025-12-09T15:25:00Z,ARR,bad,37.0
604,True,True,SENNETERRE,MONTRÉAL,2025-12-09,26,Club Sisco,SSCC,2025-12-09T16:08:56Z,2025-12-09T15:33:00Z,ARR,bad,35.0
604,True,True,SENNETERRE,MONTRÉAL,2025-12-09,27,Mccarthy,MCCA,2025-12-09T16:11:56Z,2025-12-09T15:36:00Z,ARR,bad,35.0
604,True,True,SENNETERRE,MONTRÉAL,2025-12-09,28,Casey,CASY,2025-12-09T16:26:56Z,2025-12-09T15:51:00Z,ARR,bad,35.0
604,True,True,SENNETERRE,MONTRÉAL,2025-12-09,29,Hibbard,HIBB,2025-12-09T16:39:56Z,2025-12-09T16:04:00Z,ARR,bad,35.0
604,True,True,SENNETERRE,MONTRÉAL,2025-12-09,30,Club Belanger,BLGC,2025-12-09T16:51:37Z,2025-12-09T16:15:00Z,ARR,bad,36.0
604,True,True,SENNETERRE,MONTRÉAL,2025-12-09,31,Cann,CANN,2025-12-09T16:56:57Z,2025-12-09T16:21:00Z,ARR,bad,35.0
604,True,True,SENNETERRE,MONTRÉAL,2025-12-09,32,Sanmaur,SANM,2025-12-09T17:02:47Z,2025-12-09T16:28:00Z,ARR,bad,34.0
604,True,True,SENNETERRE,MONTRÉAL,2025-12-09,33,Weymont,WYMT,2025-12-09T17:06:47Z,2025-12-09T16:30:00Z,ARR,bad,36.0
604,True,True,SENNETERRE,MONTRÉAL,2025-12-09,34,Saint-Maurice Rivière-Boom,SMRB,2025-12-09T17:08:21Z,2025-12-09T16:33:00Z,ARR,bad,35.0
604,True,True,SENNETERRE,MONTRÉAL,2025-12-09,35,Dessane,DESS,2025-12-09T17:16:49Z,2025-12-09T16:42:00Z,ARR,bad,34.0
604,True,True,SENNETERRE,MONTRÉAL,2025-12-09,36,Vandry,VDRY,2025-12-09T17:21:41Z,2025-12-09T16:48:00Z,ARR,bad,33.0
604,True,True,SENNETERRE,MONTRÉAL,2025-12-09,37,Club Wigwam,WGWC,2025-12-09T17:29:41Z,2025-12-09T16:56:00Z,ARR,bad,33.0
604,True,True,SENNETERRE,MONTRÉAL,2025-12-09,38,Ferguson,FERG,2025-12-09T17:35:41Z,2025-12-09T17:02:00Z,ARR,bad,33.0
604,True,True,SENNETERRE,MONTRÉAL,2025-12-09,39,Windigo,WNDG,2025-12-09T17:46:25Z,2025-12-09T17:10:00Z,ARR,bad,36.0
604,True,True,SENNETERRE,MONTRÉAL,2025-12-09,40,Mctavish,MCTC,2025-12-09T17:48:25Z,2025-12-09T17:12:00Z,ARR,bad,36.0
604,True,True,SENNETERRE,MONTRÉAL,2025-12-09,41,Duplessis,DUPL,2025-12-09T18:00:39Z,2025-12-09T17:25:00Z,ARR,bad,35.0
604,True,True,SENNETERRE,MONTRÉAL,2025-12-09,42,Lac-Darey,LDAR,2025-12-09T18:13:39Z,2025-12-09T17:38:00Z,ARR,bad,35.0
604,True,True,SENNETERRE,MONTRÉAL,2025-12-09,43,Rapide-Blanc,RAPB,2025-12-09T18:33:39Z,2025-12-09T17:58:00Z,ARR,bad,35.0
604,True,True,SENNETERRE,MONTRÉAL,2025-12-09,44,Club Vermillion,VMLC,2025-12-09T18:31:26Z,2025-12-09T18:01:00Z,ARR,bad,30.0
604,True,True,SENNETERRE,MONTRÉAL,2025-12-09,45,Cressman,CRSM,2025-12-09T18:38:06Z,2025-12-09T18:08:00Z,ARR,bad,30.0
604,True,True,SENNETERRE,MONTRÉAL,2025-12-09,46,Fitzpatrick,FITZ,2025-12-09T19:02:10Z,2025-12-09T18:28:00Z,ARR,bad,34.0
604,True,True,SENNETERRE,MONTRÉAL,2025-12-09,47,La Tuque,LTUQ,2025-12-09T19:18:54Z,2025-12-09T18:40:00Z,ARR,bad,38.0
604,True,True,SENNETERRE,MONTRÉAL,2025-12-09,48,Hervey,HERV,2025-12-09T20:45:51Z,2025-12-09T20:15:00Z,ARR,bad,30.0
604,True,True,SENNETERRE,MONTRÉAL,2025-12-09,49,Saint-Tite,STIT,2025-12-09T21:13:14Z,2025-12-09T20:48:00Z,ARR,bad,25.0
604,True,True,SENNETERRE,MONTRÉAL,2025-12-09,50,Garneau,GARN,2025-12-09T21:31:48Z,2025-12-09T21:02:00Z,ARR,bad,29.0
604,True,True,SENNETERRE,MONTRÉAL,2025-12-09,51,Grand-Mère,GMRE,2025-12-09T21:44:44Z,2025-12-09T21:15:00Z,ARR,bad,29.0
604,True,True,SENNETERRE,MONTRÉAL,2025-12-09,52,Shawinigan,SHWN,2025-12-09T21:52:19Z,2025-12-09T21:23:00Z,ARR,bad,29.0
604,True,True,SENNETERRE,MONTRÉAL,2025-12-09,53,Charette,CHRT,2025-12-09T22:12:30Z,2025-12-09T21:46:00Z,ARR,bad,26.0
604,True,True,SENNETERRE,MONTRÉAL,2025-12-09,54,St-Paulin,SPAU,2025-12-09T22:27:15Z,2025-12-09T21:55:00Z,ARR,bad,32.0
604,True,True,SENNETERRE,MONTRÉAL,2025-12-09,55,St-Justin,SJUS,2025-12-09T22:36:25Z,2025-12-09T22:09:00Z,ARR,bad,27.0
604,True,True,SENNETERRE,MONTRÉAL,2025-12-09,56,Joliette,JOLI,2025-12-09T23:02:12Z,2025-12-09T22:38:00Z,ARR,bad,24.0
604,True,True,SENNETERRE,MONTRÉAL,2025-12-09,57,Anjou,ANJO,2025-12-09T23:44:42Z,2025-12-09T23:21:01Z,ARR,bad,23.0
604,True,True,SENNETERRE,MONTRÉAL,2025-12-09,58,Sauvé,SAUV,2025-12-09T23:53:03Z,2025-12-09T23:35:00Z,ARR,med,18.0
604,True,True,SENNETERRE,MONTRÉAL,2025-12-09,59,Montréal,MTRL,2025-12-10T01:07:22Z,2025-12-10T00:46:00Z,ARR,bad,21.0
65,True,True,MONTRÉAL,TORONTO,2025-12-09,0,Montréal,MTRL,2025-12-09T15:52:00Z,2025-12-09T15:49:00Z,ARR,goo,3.0
65,True,True,MONTRÉAL,TORONTO,2025-12-09,1,Dorval,DORV,2025-12-09T16:15:23Z,2025-12-09T16:12:00Z,ARR,goo,3.0
65,True,True,MONTRÉAL,TORONTO,2025-12-09,2,Cornwall,CWLL,2025-12-09T17:05:38Z,2025-12-09T17:06:00Z,ARR,goo,0.0
65,True,True,MONTRÉAL,TORONTO,2025-12-09,3,Kingston,KGON,2025-12-09T18:31:20Z,2025-12-09T18:36:00Z,ARR,goo,-4.0
65,True,True,MONTRÉAL,TORONTO,2025-12-09,4,Belleville,BLVL,2025-12-09T19:16:52Z,2025-12-09T19:20:00Z,ARR,goo,-3.0
65,True,True,MONTRÉAL,TORONTO,2025-12-09,5,Cobourg,CBRG,2025-12-09T19:54:37Z,2025-12-09T19:58:00Z,ARR,goo,-3.0
65,True,True,MONTRÉAL,TORONTO,2025-12-09,6,Oshawa,OSHA,2025-12-09T20:30:07Z,2025-12-09T20:34:00Z,ARR,goo,-3.0
65,True,True,MONTRÉAL,TORONTO,2025-12-09,7,Toronto,TRTO,2025-12-09T21:14:13Z,2025-12-09T21:18:00Z,ARR,goo,-3.0
644,True,True,TORONTO,OTTAWA,2025-12-09,0,Toronto,TRTO,2025-12-09T18:25:30Z,2025-12-09T18:23:00Z,ARR,goo,2.0
644,True,True,TORONTO,OTTAWA,2025-12-09,1,Oshawa,OSHA,2025-12-09T18:58:07Z,2025-12-09T18:53:00Z,ARR,goo,5.0
644,True,True,TORONTO,OTTAWA,2025-12-09,2,Cobourg,CBRG,2025-12-09T19:33:10Z,2025-12-09T19:28:00Z,ARR,goo,5.0
644,True,True,TORONTO,OTTAWA,2025-12-09,3,Belleville,BLVL,2025-12-09T20:07:33Z,2025-12-09T20:03:00Z,ARR,goo,4.0
644,True,True,TORONTO,OTTAWA,2025-12-09,4,Kingston,KGON,2025-12-09T20:44:26Z,2025-12-09T20:43:00Z,ARR,goo,1.0
644,True,True,TORONTO,OTTAWA,2025-12-09,5,Fallowfield,FALL,2025-12-09T22:17:55Z,2025-12-09T22:30:00Z,ARR,goo,-12.0
644,True,True,TORONTO,OTTAWA,2025-12-09,6,Ottawa,OTTW,2025-12-09T22:39:11Z,2025-12-09T22:53:00Z,ARR,goo,-13.0
61,True,True,MONTRÉAL,TORONTO,2025-12-09,0,Montréal,MTRL,2025-12-09T11:45:00Z,2025-12-09T11:45:00Z,ARR,goo,0.0
61,True,True,MONTRÉAL,TORONTO,2025-12-09,1,Dorval,DORV,2025-12-09T12:08:15Z,2025-12-09T12:08:00Z,ARR,goo,0.0
61,True,True,MONTRÉAL,TORONTO,2025-12-09,2,Cornwall,CWLL,2025-12-09T13:03:28Z,2025-12-09T13:01:00Z,ARR,goo,2.0
61,True,True,MONTRÉAL,TORONTO,2025-12-09,3,Kingston,KGON,2025-12-09T14:31:49Z,2025-12-09T14:29:00Z,ARR,goo,2.0
61,True,True,MONTRÉAL,TORONTO,2025-12-09,4,Belleville,BLVL,2025-12-09T15:12:40Z,2025-12-09T15:11:00Z,ARR,goo,1.0
61,True,True,MONTRÉAL,TORONTO,2025-12-09,5,Oshawa,OSHA,2025-12-09T16:27:22Z,2025-12-09T16:19:00Z,ARR,med,8.0
61,True,True,MONTRÉAL,TORONTO,2025-12-09,6,Guildwood,GUIL,2025-12-09T16:49:16Z,2025-12-09T16:43:00Z,ARR,med,6.0
61,True,True,MONTRÉAL,TORONTO,2025-12-09,7,Toronto,TRTO,2025-12-09T17:15:12Z,2025-12-09T17:03:00Z,ARR,med,12.0
641,True,True,OTTAWA,TORONTO,2025-12-09,0,Ottawa,OTTW,2025-12-09T11:01:00Z,2025-12-09T09:13:00Z,ARR,bad,108.0
641,True,True,OTTAWA,TORONTO,2025-12-09,1,Fallowfield,FALL,2025-12-09T11:18:00Z,2025-12-09T09:30:00Z,ARR,bad,108.0
641,True,True,OTTAWA,TORONTO,2025-12-09,2,Smiths Falls,SMTF,2025-12-09T11:47:00Z,2025-12-09T10:00:00Z,ARR,bad,107.0
641,True,True,OTTAWA,TORONTO,2025-12-09,3,Brockville,BRKV,2025-12-09T12:19:00Z,2025-12-09T10:32:00Z,ARR,bad,107.0
641,True,True,OTTAWA,TORONTO,2025-12-09,4,Kingston,KGON,2025-12-09T13:03:00Z,2025-12-09T11:16:00Z,ARR,bad,107.0
641,True,True,OTTAWA,TORONTO,2025-12-09,5,Belleville,BLVL,2025-12-09T13:45:00Z,2025-12-09T11:56:00Z,ARR,bad,109.0
641,True,True,OTTAWA,TORONTO,2025-12-09,6,Cobourg,CBRG,2025-12-09T14:20:00Z,2025-12-09T12:31:00Z,ARR,bad,109.0
641,True,True,OTTAWA,TORONTO,2025-12-09,7,Port Hope,PHOP,2025-12-09T14:30:00Z,2025-12-09T12:41:00Z,ARR,bad,109.0
641,True,True,OTTAWA,TORONTO,2025-12-09,8,Toronto,TRTO,2025-12-09T15:37:00Z,2025-12-09T13:48:00Z,ARR,bad,109.0
67,True,True,MONTRÉAL,TORONTO,2025-12-09,0,Montréal,MTRL,2025-12-09T18:22:00Z,2025-12-09T18:22:00Z,ARR,goo,0.0
67,True,True,MONTRÉAL,TORONTO,2025-12-09,1,Dorval,DORV,2025-12-09T18:52:54Z,2025-12-09T18:47:00Z,ARR,goo,5.0
67,True,True,MONTRÉAL,TORONTO,2025-12-09,2,Cornwall,CWLL,2025-12-09T19:41:47Z,2025-12-09T19:38:00Z,ARR,goo,3.0
67,True,True,MONTRÉAL,TORONTO,2025-12-09,3,Kingston,KGON,2025-12-09T21:05:11Z,2025-12-09T21:03:00Z,ARR,goo,2.0
67,True,True,MONTRÉAL,TORONTO,2025-12-09,4,Belleville,BLVL,2025-12-09T21:45:11Z,2025-12-09T21:42:00Z,ARR,goo,3.0
67,True,True,MONTRÉAL,TORONTO,2025-12-09,5,Cobourg,CBRG,2025-12-09T22:24:59Z,2025-12-09T22:17:00Z,ARR,med,7.0
67,True,True,MONTRÉAL,TORONTO,2025-12-09,6,Oshawa,OSHA,2025-12-09T22:59:48Z,2025-12-09T22:50:00Z,ARR,med,9.0
67,True,True,MONTRÉAL,TORONTO,2025-12-09,7,Toronto,TRTO,2025-12-10T00:07:24Z,2025-12-09T23:45:00Z,ARR,bad,22.0
24,True,True,OTTAWA,QUÉBEC,2025-12-09,0,Ottawa,OTTW,2025-12-09T15:13:00Z,2025-12-09T15:13:00Z,ARR,goo,0.0
24,True,True,OTTAWA,QUÉBEC,2025-12-09,1,Alexandria,ALEX,2025-12-09T16:04:51Z,2025-12-09T16:03:00Z,ARR,goo,1.0
24,True,True,OTTAWA,QUÉBEC,2025-12-09,2,Coteau,COTO,2025-12-09T16:24:41Z,2025-12-09T16:26:00Z,ARR,goo,-1.0
24,True,True,OTTAWA,QUÉBEC,2025-12-09,3,Dorval,DORV,2025-12-09T16:47:51Z,2025-12-09T16:50:00Z,ARR,goo,-2.0
24,True,True,OTTAWA,QUÉBEC,2025-12-09,4,Montréal,MTRL,2025-12-09T17:11:53Z,2025-12-09T17:15:00Z,ARR,goo,-3.0
24,True,True,OTTAWA,QUÉBEC,2025-12-09,5,St. Lambert,SLAM,2025-12-09T18:00:36Z,2025-12-09T17:58:00Z,ARR,goo,2.0
24,True,True,OTTAWA,QUÉBEC,2025-12-09,6,St. Hyacinthe,SHYA,2025-12-09T18:29:10Z,2025-12-09T18:26:00Z,ARR,goo,3.0
24,True,True,OTTAWA,QUÉBEC,2025-12-09,7,Drummondville,DRMV,2025-12-09T19:00:02Z,2025-12-09T18:54:00Z,ARR,med,6.0
24,True,True,OTTAWA,QUÉBEC,2025-12-09,8,Charny,CHNY,2025-12-09T20:55:22Z,2025-12-09T20:38:00Z,ARR,med,17.0
24,True,True,OTTAWA,QUÉBEC,2025-12-09,9,Ste-Foy,SFOY,2025-12-09T21:21:16Z,2025-12-09T20:45:00Z,ARR,bad,36.0
24,True,True,OTTAWA,QUÉBEC,2025-12-09,10,Québec,QBEC,2025-12-09T21:51:23Z,2025-12-09T21:12:00Z,ARR,bad,39.0
33,True,True,QUÉBEC,OTTAWA,2025-12-09,0,Québec,QBEC,2025-12-09T10:29:00Z,2025-12-09T10:29:00Z,ARR,goo,0.0
33,True,True,QUÉBEC,OTTAWA,2025-12-09,1,Ste-Foy,SFOY,2025-12-09T10:56:53Z,2025-12-09T10:54:00Z,ARR,goo,2.0
33,True,True,QUÉBEC,OTTAWA,2025-12-09,2,Charny,CHNY,2025-12-09T11:09:14Z,2025-12-09T11:03:00Z,ARR,med,6.0
33,True,True,QUÉBEC,OTTAWA,2025-12-09,3,Drummondville,DRMV,2025-12-09T12:27:39Z,2025-12-09T12:26:00Z,ARR,goo,1.0
33,True,True,QUÉBEC,OTTAWA,2025-12-09,4,St. Hyacinthe,SHYA,2025-12-09T12:56:47Z,2025-12-09T12:57:00Z,ARR,goo,0.0
33,True,True,QUÉBEC,OTTAWA,2025-12-09,5,St. Lambert,SLAM,2025-12-09T13:24:55Z,2025-12-09T13:23:00Z,ARR,goo,1.0
33,True,True,QUÉBEC,OTTAWA,2025-12-09,6,Montréal,MTRL,2025-12-09T13:41:18Z,2025-12-09T13:37:00Z,ARR,goo,4.0
33,True,True,QUÉBEC,OTTAWA,2025-12-09,7,Dorval,DORV,2025-12-09T14:35:55Z,2025-12-09T14:24:00Z,ARR,med,11.0
33,True,True,QUÉBEC,OTTAWA,2025-12-09,8,Alexandria,ALEX,2025-12-09T15:22:47Z,2025-12-09T15:10:00Z,ARR,med,12.0
33,True,True,QUÉBEC,OTTAWA,2025-12-09,9,Casselman,CSLM,2025-12-09T15:46:08Z,2025-12-09T15:33:00Z,ARR,med,13.0
33,True,True,QUÉBEC,OTTAWA,2025-12-09,10,Ottawa,OTTW,2025-12-09T16:11:51Z,2025-12-09T16:04:00Z,ARR,med,7.0
26,True,True,OTTAWA,QUÉBEC,2025-12-09,0,Ottawa,OTTW,2025-12-09T19:17:00Z,2025-12-09T19:17:00Z,ARR,goo,0.0
26,True,True,OTTAWA,QUÉBEC,2025-12-09,1,Alexandria,ALEX,2025-12-09T19:59:00Z,2025-12-09T20:03:00Z,ARR,goo,-4.0
26,True,True,OTTAWA,QUÉBEC,2025-12-09,2,Coteau,COTO,2025-12-09T20:19:30Z,2025-12-09T20:26:00Z,ARR,goo,-6.0
26,True,True,OTTAWA,QUÉBEC,2025-12-09,3,Dorval,DORV,2025-12-09T20:40:59Z,2025-12-09T20:49:00Z,ARR,goo,-8.0
26,True,True,OTTAWA,QUÉBEC,2025-12-09,4,Montréal,MTRL,2025-12-09T21:05:00Z,2025-12-09T21:15:00Z,ARR,goo,-10.0
26,True,True,OTTAWA,QUÉBEC,2025-12-09,5,St. Lambert,SLAM,2025-12-09T21:57:40Z,2025-12-09T21:53:00Z,ARR,goo,4.0
26,True,True,OTTAWA,QUÉBEC,2025-12-09,6,St. Hyacinthe,SHYA,2025-12-09T22:32:10Z,2025-12-09T22:20:00Z,ARR,med,12.0
26,True,True,OTTAWA,QUÉBEC,2025-12-09,7,Drummondville,DRMV,2025-12-09T23:23:33Z,2025-12-09T23:05:00Z,ARR,med,18.0
26,True,True,OTTAWA,QUÉBEC,2025-12-09,8,Charny,CHNY,2025-12-10T00:40:34Z,2025-12-10T00:44:00Z,ARR,goo,-3.0
26,True,True,OTTAWA,QUÉBEC,2025-12-09,9,Ste-Foy,SFOY,2025-12-10T00:49:13Z,2025-12-10T00:52:00Z,ARR,goo,-2.0
26,True,True,OTTAWA,QUÉBEC,2025-12-09,10,Québec,QBEC,2025-12-10T01:19:02Z,2025-12-10T01:19:00Z,ARR,goo,0.0
645,True,True,OTTAWA,TORONTO,2025-12-09,0,Ottawa,OTTW,2025-12-09T19:29:00Z,2025-12-09T19:29:00Z,ARR,goo,0.0
645,True,True,OTTAWA,TORONTO,2025-12-09,1,Fallowfield,FALL,2025-12-09T19:50:20Z,2025-12-09T19:49:00Z,ARR,goo,1.0
645,True,True,OTTAWA,TORONTO,2025-12-09,2,Kingston,KGON,2025-12-09T21:36:01Z,2025-12-09T21:34:00Z,ARR,goo,2.0
645,True,True,OTTAWA,TORONTO,2025-12-09,3,Belleville,BLVL,2025-12-09T22:16:19Z,2025-12-09T22:15:00Z,ARR,goo,1.0
645,True,True,OTTAWA,TORONTO,2025-12-09,4,Oshawa,OSHA,2025-12-09T23:30:00Z,2025-12-09T23:20:00Z,ARR,med,10.0
645,True,True,OTTAWA,TORONTO,2025-12-09,5,Toronto,TRTO,2025-12-10T00:40:13Z,2025-12-10T00:15:00Z,ARR,bad,25.0
44,True,True,TORONTO,OTTAWA,2025-12-09,0,Toronto,TRTO,2025-12-09T19:36:57Z,2025-12-09T19:23:00Z,ARR,med,13.0
44,True,True,TORONTO,OTTAWA,2025-12-09,1,Oshawa,OSHA,2025-12-09T20:13:39Z,2025-12-09T19:54:00Z,ARR,med,19.0
44,True,True,TORONTO,OTTAWA,2025-12-09,2,Kingston,KGON,2025-12-09T22:00:44Z,2025-12-09T21:32:00Z,ARR,bad,28.0
44,True,True,TORONTO,OTTAWA,2025-12-09,3,Brockville,BRKV,2025-12-09T22:49:38Z,2025-12-09T22:19:00Z,ARR,bad,30.0
44,True,True,TORONTO,OTTAWA,2025-12-09,4,Smiths Falls,SMTF,2025-12-09T23:20:58Z,2025-12-09T22:50:00Z,ARR,bad,30.0
44,True,True,TORONTO,OTTAWA,2025-12-09,5,Fallowfield,FALL,2025-12-09T23:57:34Z,2025-12-09T23:22:00Z,ARR,bad,35.0
44,True,True,TORONTO,OTTAWA,2025-12-09,6,Ottawa,OTTW,2025-12-10T00:17:01Z,2025-12-09T23:43:00Z,ARR,bad,34.0
39,True,False,QUÉBEC,OTTAWA,2025-12-09,0,Québec,QBEC,2025-12-09T19:57:00Z,2025-12-09T19:57:00Z,ARR,goo,0.0
39,True,False,QUÉBEC,OTTAWA,2025-12-09,1,Ste-Foy,SFOY,2025-12-09T20:23:24Z,2025-12-09T20:22:00Z,ARR,goo,1.0
39,True,False,QUÉBEC,OTTAWA,2025-12-09,2,Drummondville,DRMV,2025-12-09T22:20:49Z,2025-12-09T21:58:00Z,ARR,bad,22.0
39,True,False,QUÉBEC,OTTAWA,2025-12-09,3,St. Lambert,SLAM,2025-12-10T00:29:21Z,2025-12-09T22:57:00Z,ARR,bad,92.0
39,True,False,QUÉBEC,OTTAWA,2025-12-09,4,Montréal,MTRL,2025-12-10T00:46:53Z,2025-12-09T23:11:00Z,ARR,bad,95.0
39,True,False,QUÉBEC,OTTAWA,2025-12-09,5,Dorval,DORV,2025-12-10T01:41:39Z,2025-12-10T00:14:00Z,ARR,bad,87.0
39,True,False,QUÉBEC,OTTAWA,2025-12-09,6,Coteau,COTO,2025-12-10T02:09:43Z,2025-12-10T00:43:00Z,ARR,bad,86.0
39,True,False,QUÉBEC,OTTAWA,2025-12-09,7,Alexandria,ALEX,2025-12-10T02:31:30Z,2025-12-10T01:06:00Z,ARR,bad,85.0
39,True,False,QUÉBEC,OTTAWA,2025-12-09,8,Ottawa,OTTW,2025-12-10T03:22:08Z,2025-12-10T01:51:00Z,1 min,bad,91.0
66,True,True,TORONTO,MONTRÉAL,2025-12-09,0,Toronto,TRTO,2025-12-09T20:23:55Z,2025-12-09T20:23:00Z,ARR,goo,0.0
66,True,True,TORONTO,MONTRÉAL,2025-12-09,1,Guildwood,GUIL,2025-12-09T20:43:28Z,2025-12-09T20:40:00Z,ARR,goo,3.0
66,True,True,TORONTO,MONTRÉAL,2025-12-09,2,Oshawa,OSHA,2025-12-09T21:02:55Z,2025-12-09T20:54:00Z,ARR,med,8.0
66,True,True,TORONTO,MONTRÉAL,2025-12-09,3,Belleville,BLVL,2025-12-09T22:12:34Z,2025-12-09T22:00:00Z,ARR,med,12.0
66,True,True,TORONTO,MONTRÉAL,2025-12-09,4,Kingston,KGON,2025-12-09T22:55:49Z,2025-12-09T22:40:00Z,ARR,med,15.0
66,True,True,TORONTO,MONTRÉAL,2025-12-09,5,Cornwall,CWLL,2025-12-10T00:28:54Z,2025-12-10T00:07:00Z,ARR,bad,21.0
66,True,True,TORONTO,MONTRÉAL,2025-12-09,6,Dorval,DORV,2025-12-10T01:21:10Z,2025-12-10T00:58:00Z,ARR,bad,23.0
66,True,True,TORONTO,MONTRÉAL,2025-12-09,7,Montréal,MTRL,2025-12-10T01:53:12Z,2025-12-10T01:25:00Z,ARR,bad,28.0
46,True,True,TORONTO,OTTAWA,2025-12-09,0,Toronto,TRTO,2025-12-09T20:38:00Z,2025-12-09T20:38:00Z,ARR,goo,0.0
46,True,True,TORONTO,OTTAWA,2025-12-09,1,Oshawa,OSHA,2025-12-09T21:15:44Z,2025-12-09T21:09:00Z,ARR,med,6.0
46,True,True,TORONTO,OTTAWA,2025-12-09,2,Cobourg,CBRG,2025-12-09T21:53:49Z,2025-12-09T21:43:00Z,ARR,med,10.0
46,True,True,TORONTO,OTTAWA,2025-12-09,3,Kingston,KGON,2025-12-09T23:08:02Z,2025-12-09T22:54:00Z,ARR,med,14.0
46,True,True,TORONTO,OTTAWA,2025-12-09,4,Brockville,BRKV,2025-12-09T23:56:47Z,2025-12-09T23:40:00Z,ARR,med,16.0
46,True,True,TORONTO,OTTAWA,2025-12-09,5,Fallowfield,FALL,2025-12-10T00:54:00Z,2025-12-10T00:40:00Z,ARR,med,14.0
46,True,True,TORONTO,OTTAWA,2025-12-09,6,Ottawa,OTTW,2025-12-10T01:14:08Z,2025-12-10T01:00:00Z,ARR,med,14.0
28,True,False,OTTAWA,QUÉBEC,2025-12-09,0,Ottawa,OTTW,2025-12-09T21:09:23Z,2025-12-09T21:05:00Z,ARR,goo,4.0
28,True,False,OTTAWA,QUÉBEC,2025-12-09,1,Casselman,CSLM,2025-12-09T21:36:37Z,2025-12-09T21:31:00Z,ARR,goo,5.0
28,True,False,OTTAWA,QUÉBEC,2025-12-09,2,Alexandria,ALEX,2025-12-09T21:59:18Z,2025-12-09T21:53:00Z,ARR,med,6.0
28,True,False,OTTAWA,QUÉBEC,2025-12-09,3,Coteau,COTO,2025-12-09T22:21:49Z,2025-12-09T22:15:00Z,ARR,med,6.0
28,True,False,OTTAWA,QUÉBEC,2025-12-09,4,Dorval,DORV,2025-12-09T22:50:42Z,2025-12-09T22:38:00Z,ARR,med,12.0
28,True,False,OTTAWA,QUÉBEC,2025-12-09,5,Montréal,MTRL,2025-12-09T23:16:39Z,2025-12-09T23:04:00Z,ARR,med,12.0
28,True,False,OTTAWA,QUÉBEC,2025-12-09,6,St. Lambert,SLAM,2025-12-10T00:06:24Z,2025-12-09T23:38:00Z,ARR,bad,28.0
28,True,False,OTTAWA,QUÉBEC,2025-12-09,7,St. Hyacinthe,SHYA,2025-12-10T01:28:21Z,2025-12-10T00:06:00Z,ARR,bad,82.0
28,True,False,OTTAWA,QUÉBEC,2025-12-09,8,Drummondville,DRMV,2025-12-10T02:06:40Z,2025-12-10T00:52:00Z,ARR,bad,74.0
28,True,False,OTTAWA,QUÉBEC,2025-12-09,9,Charny,CHNY,2025-12-10T03:30:44Z,2025-12-10T02:14:00Z,10 mins,bad,76.0
28,True,False,OTTAWA,QUÉBEC,2025-12-09,10,Ste-Foy,SFOY,2025-12-10T03:37:44Z,2025-12-10T02:21:00Z,17 mins,bad,76.0
28,True,False,OTTAWA,QUÉBEC,2025-12-09,11,Québec,QBEC,2025-12-10T04:04:44Z,2025-12-10T02:48:00Z,44 mins,bad,76.0
83,True,True,TORONTO,LONDON,2025-12-09,0,Toronto,TRTO,2025-12-09T21:17:23Z,2025-12-09T21:15:00Z,ARR,goo,2.0
83,True,True,TORONTO,LONDON,2025-12-09,1,Aldershot,ALDR,2025-12-09T21:59:14Z,2025-12-09T21:50:00Z,ARR,med,9.0
83,True,True,TORONTO,LONDON,2025-12-09,2,Brantford,BRTF,2025-12-09T22:32:20Z,2025-12-09T22:20:00Z,ARR,med,12.0
83,True,True,TORONTO,LONDON,2025-12-09,3,Woodstock,WDST,2025-12-09T23:06:21Z,2025-12-09T22:48:00Z,ARR,med,18.0
83,True,True,TORONTO,LONDON,2025-12-09,4,London,LNDN,2025-12-09T23:48:01Z,2025-12-09T23:27:00Z,ARR,bad,21.0
69,True,True,MONTRÉAL,TORONTO,2025-12-09,0,Montréal,MTRL,2025-12-09T21:38:00Z,2025-12-09T21:38:00Z,ARR,goo,0.0
69,True,True,MONTRÉAL,TORONTO,2025-12-09,1,Dorval,DORV,2025-12-09T22:06:04Z,2025-12-09T22:04:00Z,ARR,goo,2.0
69,True,True,MONTRÉAL,TORONTO,2025-12-09,2,Cornwall,CWLL,2025-12-09T22:57:21Z,2025-12-09T22:53:00Z,ARR,goo,4.0
69,True,True,MONTRÉAL,TORONTO,2025-12-09,3,Brockville,BRKV,2025-12-09T23:47:15Z,2025-12-09T23:40:00Z,ARR,med,7.0
69,True,True,MONTRÉAL,TORONTO,2025-12-09,4,Kingston,KGON,2025-12-10T00:37:37Z,2025-12-10T00:24:00Z,ARR,med,13.0
69,True,True,MONTRÉAL,TORONTO,2025-12-09,5,Oshawa,OSHA,2025-12-10T02:24:16Z,2025-12-10T02:05:00Z,ARR,med,19.0
69,True,True,MONTRÉAL,TORONTO,2025-12-09,6,Guildwood,GUIL,2025-12-10T02:46:45Z,2025-12-10T02:28:00Z,ARR,med,18.0
69,True,True,MONTRÉAL,TORONTO,2025-12-09,7,Toronto,TRTO,2025-12-10T03:13:55Z,2025-12-10T02:48:00Z,ARR,bad,25.0
185,True,False,SUDBURY,WHITE RIVER,2025-12-09,0,White River,WHTR,&mdash;,2025-12-09T22:05:00Z,&mdash;,,
68,True,False,TORONTO,MONTRÉAL,2025-12-09,0,Toronto,TRTO,2025-12-09T22:08:00Z,2025-12-09T22:08:00Z,ARR,goo,0.0
68,True,False,TORONTO,MONTRÉAL,2025-12-09,1,Oshawa,OSHA,2025-12-09T23:24:18Z,2025-12-09T22:39:00Z,ARR,bad,45.0
68,True,False,TORONTO,MONTRÉAL,2025-12-09,2,Cobourg,CBRG,2025-12-10T00:02:53Z,2025-12-09T23:14:00Z,ARR,bad,48.0
68,True,False,TORONTO,MONTRÉAL,2025-12-09,3,Belleville,BLVL,2025-12-10T00:37:39Z,2025-12-09T23:49:00Z,ARR,bad,48.0
68,True,False,TORONTO,MONTRÉAL,2025-12-09,4,Kingston,KGON,2025-12-10T01:13:57Z,2025-12-10T00:26:00Z,ARR,bad,47.0
68,True,False,TORONTO,MONTRÉAL,2025-12-09,5,Brockville,BRKV,2025-12-10T01:59:10Z,2025-12-10T01:11:00Z,ARR,bad,48.0
68,True,False,TORONTO,MONTRÉAL,2025-12-09,6,Cornwall,CWLL,2025-12-10T02:46:39Z,2025-12-10T01:57:00Z,ARR,bad,49.0
68,True,False,TORONTO,MONTRÉAL,2025-12-09,7,Dorval,DORV,2025-12-10T03:38:26Z,2025-12-10T02:47:00Z,17 mins,bad,51.0
68,True,False,TORONTO,MONTRÉAL,2025-12-09,8,Montréal,MTRL,2025-12-10T04:05:26Z,2025-12-10T03:14:00Z,44 mins,bad,51.0
75,True,True,TORONTO,WINDSOR,2025-12-09,0,Toronto,TRTO,2025-12-09T22:22:00Z,2025-12-09T22:22:00Z,ARR,goo,0.0
75,True,True,TORONTO,WINDSOR,2025-12-09,1,Oakville,OAKV,2025-12-09T22:51:48Z,2025-12-09T22:45:00Z,ARR,med,6.0
75,True,True,TORONTO,WINDSOR,2025-12-09,2,Aldershot,ALDR,2025-12-09T23:08:57Z,2025-12-09T23:01:00Z,ARR,med,7.0
75,True,True,TORONTO,WINDSOR,2025-12-09,3,Brantford,BRTF,2025-12-09T23:39:19Z,2025-12-09T23:33:00Z,ARR,med,6.0
75,True,True,TORONTO,WINDSOR,2025-12-09,4,Woodstock,WDST,2025-12-10T00:06:16Z,2025-12-10T00:04:00Z,ARR,goo,2.0
75,True,True,TORONTO,WINDSOR,2025-12-09,5,Ingersoll,INGR,2025-12-10T00:17:23Z,2025-12-10T00:19:00Z,ARR,goo,-1.0
75,True,True,TORONTO,WINDSOR,2025-12-09,6,London,LNDN,2025-12-10T00:53:53Z,2025-12-10T00:47:00Z,ARR,med,6.0
75,True,True,TORONTO,WINDSOR,2025-12-09,7,Glencoe,GLNC,2025-12-10T01:27:23Z,2025-12-10T01:21:00Z,ARR,med,6.0
75,True,True,TORONTO,WINDSOR,2025-12-09,8,Chatham,CHAT,2025-12-10T02:07:13Z,2025-12-10T01:55:00Z,ARR,med,12.0
75,True,True,TORONTO,WINDSOR,2025-12-09,9,Windsor,WDON,2025-12-10T02:52:37Z,2025-12-10T02:50:00Z,ARR,goo,2.0
54,True,False,TORONTO,OTTAWA,2025-12-09,0,Toronto,TRTO,2025-12-09T22:39:42Z,2025-12-09T22:38:00Z,ARR,goo,1.0
54,True,False,TORONTO,OTTAWA,2025-12-09,1,Guildwood,GUIL,2025-12-09T23:04:27Z,2025-12-09T22:55:00Z,ARR,med,9.0
54,True,False,TORONTO,OTTAWA,2025-12-09,2,Oshawa,OSHA,2025-12-09T23:41:39Z,2025-12-09T23:08:00Z,ARR,bad,33.0
54,True,False,TORONTO,OTTAWA,2025-12-09,3,Port Hope,PHOP,2025-12-10T00:09:48Z,2025-12-09T23:37:00Z,ARR,bad,32.0
54,True,False,TORONTO,OTTAWA,2025-12-09,4,Cobourg,CBRG,2025-12-10T00:18:02Z,2025-12-09T23:46:00Z,ARR,bad,32.0
54,True,False,TORONTO,OTTAWA,2025-12-09,5,Trenton Jct.,TRNJ,2025-12-10T00:43:55Z,2025-12-10T00:13:01Z,ARR,bad,30.0
54,True,False,TORONTO,OTTAWA,2025-12-09,6,Belleville,BLVL,2025-12-10T01:01:06Z,2025-12-10T00:27:00Z,ARR,bad,34.0
54,True,False,TORONTO,OTTAWA,2025-12-09,7,Napanee,NAPN,2025-12-10T01:20:33Z,2025-12-10T00:48:00Z,ARR,bad,32.0
54,True,False,TORONTO,OTTAWA,2025-12-09,8,Kingston,KGON,2025-12-10T01:54:06Z,2025-12-10T01:09:00Z,ARR,bad,45.0
54,True,False,TORONTO,OTTAWA,2025-12-09,9,Brockville,BRKV,2025-12-10T02:38:27Z,2025-12-10T01:54:00Z,ARR,bad,44.0
54,True,False,TORONTO,OTTAWA,2025-12-09,10,Smiths Falls,SMTF,2025-12-10T03:09:10Z,2025-12-10T02:25:00Z,ARR,bad,44.0
54,True,False,TORONTO,OTTAWA,2025-12-09,11,Fallowfield,FALL,2025-12-10T03:36:09Z,2025-12-10T02:52:00Z,15 mins,bad,44.0
54,True,False,TORONTO,OTTAWA,2025-12-09,12,Ottawa,OTTW,2025-12-10T03:57:09Z,2025-12-10T03:13:00Z,36 mins,bad,44.0
87,True,False,TORONTO,SARNIA,2025-12-09,0,Toronto,TRTO,2025-12-09T22:40:51Z,2025-12-09T22:40:00Z,ARR,goo,0.0
87,True,False,TORONTO,SARNIA,2025-12-09,1,Malton,MALT,2025-12-09T23:03:31Z,2025-12-09T23:00:00Z,ARR,goo,3.0
87,True,False,TORONTO,SARNIA,2025-12-09,2,Brampton,BRMP,2025-12-09T23:15:37Z,2025-12-09T23:12:00Z,ARR,goo,3.0
87,True,False,TORONTO,SARNIA,2025-12-09,3,Georgetown,GEOR,2025-12-09T23:28:35Z,2025-12-09T23:24:00Z,ARR,goo,4.0
87,True,False,TORONTO,SARNIA,2025-12-09,4,Guelph,GUEL,2025-12-10T00:00:59Z,2025-12-09T23:49:00Z,ARR,med,11.0
87,True,False,TORONTO,SARNIA,2025-12-09,5,Kitchener,KITC,2025-12-10T00:24:14Z,2025-12-10T00:16:00Z,ARR,med,8.0
87,True,False,TORONTO,SARNIA,2025-12-09,6,Stratford,STRF,2025-12-10T01:12:45Z,2025-12-10T00:57:00Z,ARR,med,15.0
87,True,False,TORONTO,SARNIA,2025-12-09,7,St.Marys,SMYS,2025-12-10T01:42:59Z,2025-12-10T01:25:00Z,ARR,med,17.0
87,True,False,TORONTO,SARNIA,2025-12-09,8,London,LNDN,2025-12-10T02:35:44Z,2025-12-10T02:13:00Z,ARR,bad,22.0
87,True,False,TORONTO,SARNIA,2025-12-09,9,Strathroy,STRR,2025-12-10T03:02:48Z,2025-12-10T02:39:00Z,ARR,bad,23.0
87,True,False,TORONTO,SARNIA,2025-12-09,10,Wyoming,WYOM,2025-12-10T03:27:13Z,2025-12-10T03:07:00Z,6 mins,bad,20.0
87,True,False,TORONTO,SARNIA,2025-12-09,11,Sarnia,SARN,2025-12-10T03:44:13Z,2025-12-10T03:24:00Z,23 mins,bad,20.0
29,True,True,QUÉBEC,MONTRÉAL,2025-12-09,0,Québec,QBEC,2025-12-09T22:41:00Z,2025-12-09T22:41:00Z,ARR,goo,0.0
29,True,True,QUÉBEC,MONTRÉAL,2025-12-09,1,Ste-Foy,SFOY,2025-12-09T23:06:27Z,2025-12-09T23:06:00Z,ARR,goo,0.0
29,True,True,QUÉBEC,MONTRÉAL,2025-12-09,2,Drummondville,DRMV,2025-12-10T00:44:50Z,2025-12-10T00:42:00Z,ARR,goo,2.0
29,True,True,QUÉBEC,MONTRÉAL,2025-12-09,3,St. Hyacinthe,SHYA,2025-12-10T01:26:43Z,2025-12-10T01:18:00Z,ARR,med,8.0
29,True,True,QUÉBEC,MONTRÉAL,2025-12-09,4,St. Lambert,SLAM,2025-12-10T02:01:52Z,2025-12-10T01:45:00Z,ARR,med,16.0
29,True,True,QUÉBEC,MONTRÉAL,2025-12-09,5,Montréal,MTRL,2025-12-10T02:16:22Z,2025-12-10T02:00:00Z,ARR,med,16.0
98,True,True,NIAGARA FALLS,TORONTO,2025-12-09,0,Niagara Falls,NIAG,2025-12-09T22:52:00Z,2025-12-09T22:45:00Z,ARR,med,7.0
98,True,True,NIAGARA FALLS,TORONTO,2025-12-09,1,St. Catharines,SCAT,2025-12-09T23:15:00Z,2025-12-09T23:06:00Z,ARR,med,9.0
98,True,True,NIAGARA FALLS,TORONTO,2025-12-09,2,Grimsby,GRIM,2025-12-09T23:36:00Z,2025-12-09T23:26:00Z,ARR,med,10.0
98,True,True,NIAGARA FALLS,TORONTO,2025-12-09,3,Aldershot,ALDR,2025-12-10T00:11:00Z,2025-12-10T00:02:00Z,ARR,med,9.0
98,True,True,NIAGARA FALLS,TORONTO,2025-12-09,4,Oakville,OAKV,2025-12-10T00:23:00Z,2025-12-10T00:16:00Z,ARR,med,7.0
98,True,True,NIAGARA FALLS,TORONTO,2025-12-09,5,Toronto,TRTO,2025-12-10T00:48:00Z,2025-12-10T00:43:00Z,ARR,goo,5.0
38,True,True,OTTAWA,MONTRÉAL,2025-12-09,0,Ottawa,OTTW,2025-12-09T22:55:00Z,2025-12-09T22:55:00Z,ARR,goo,0.0
38,True,True,OTTAWA,MONTRÉAL,2025-12-09,1,Casselman,CSLM,2025-12-09T23:27:58Z,2025-12-09T23:26:00Z,ARR,goo,1.0
38,True,True,OTTAWA,MONTRÉAL,2025-12-09,2,Alexandria,ALEX,2025-12-09T23:46:18Z,2025-12-09T23:49:00Z,ARR,goo,-2.0
38,True,True,OTTAWA,MONTRÉAL,2025-12-09,3,Dorval,DORV,2025-12-10T00:35:00Z,2025-12-10T00:33:00Z,ARR,goo,2.0
38,True,True,OTTAWA,MONTRÉAL,2025-12-09,4,Montréal,MTRL,2025-12-10T00:58:52Z,2025-12-10T00:57:00Z,ARR,goo,1.0
59,True,False,OTTAWA,TORONTO,2025-12-09,0,Ottawa,OTTW,2025-12-09T23:03:24Z,2025-12-09T23:03:00Z,ARR,goo,0.0
59,True,False,OTTAWA,TORONTO,2025-12-09,1,Fallowfield,FALL,2025-12-09T23:20:27Z,2025-12-09T23:20:00Z,ARR,goo,0.0
59,True,False,OTTAWA,TORONTO,2025-12-09,2,Smiths Falls,SMTF,2025-12-09T23:50:10Z,2025-12-09T23:51:00Z,ARR,goo,0.0
59,True,False,OTTAWA,TORONTO,2025-12-09,3,Brockville,BRKV,2025-12-10T00:27:49Z,2025-12-10T00:25:00Z,ARR,goo,2.0
59,True,False,OTTAWA,TORONTO,2025-12-09,4,Kingston,KGON,2025-12-10T01:17:19Z,2025-12-10T01:10:00Z,ARR,med,7.0
59,True,False,OTTAWA,TORONTO,2025-12-09,5,Belleville,BLVL,2025-12-10T02:00:58Z,2025-12-10T01:51:00Z,ARR,med,9.0
59,True,False,OTTAWA,TORONTO,2025-12-09,6,Trenton Jct.,TRNJ,2025-12-10T02:15:14Z,2025-12-10T02:05:00Z,ARR,med,10.0
59,True,False,OTTAWA,TORONTO,2025-12-09,7,Cobourg,CBRG,2025-12-10T02:45:30Z,2025-12-10T02:31:00Z,ARR,med,14.0
59,True,False,OTTAWA,TORONTO,2025-12-09,8,Oshawa,OSHA,2025-12-10T03:30:34Z,2025-12-10T03:05:00Z,10 mins,bad,25.0
59,True,False,OTTAWA,TORONTO,2025-12-09,9,Guildwood,GUIL,2025-12-10T03:53:34Z,2025-12-10T03:28:00Z,33 mins,bad,25.0
59,True,False,OTTAWA,TORONTO,2025-12-09,10,Toronto,TRTO,2025-12-10T04:13:34Z,2025-12-10T03:48:00Z,53 mins,bad,25.0
668,True,False,TORONTO,MONTRÉAL,2025-12-09,0,Toronto,TRTO,2025-12-09T23:20:00Z,2025-12-09T23:08:00Z,ARR,med,12.0
668,True,False,TORONTO,MONTRÉAL,2025-12-09,1,Guildwood,GUIL,2025-12-10T00:05:29Z,2025-12-09T23:25:00Z,ARR,bad,40.0
668,True,False,TORONTO,MONTRÉAL,2025-12-09,2,Oshawa,OSHA,2025-12-10T00:31:30Z,2025-12-09T23:39:00Z,ARR,bad,52.0
668,True,False,TORONTO,MONTRÉAL,2025-12-09,3,Kingston,KGON,2025-12-10T02:19:47Z,2025-12-10T01:22:00Z,ARR,bad,57.0
668,True,False,TORONTO,MONTRÉAL,2025-12-09,4,Cornwall,CWLL,2025-12-10T03:49:12Z,2025-12-10T02:49:00Z,28 mins,bad,60.0
668,True,False,TORONTO,MONTRÉAL,2025-12-09,5,Dorval,DORV,2025-12-10T04:38:12Z,2025-12-10T03:38:00Z,1h17,bad,60.0
668,True,False,TORONTO,MONTRÉAL,2025-12-09,6,Montréal,MTRL,2025-12-10T05:04:12Z,2025-12-10T04:04:00Z,1h43,bad,60.0
669,True,False,MONTRÉAL,TORONTO,2025-12-09,0,Montréal,MTRL,2025-12-09T23:09:00Z,2025-12-09T23:09:00Z,ARR,goo,0.0
669,True,False,MONTRÉAL,TORONTO,2025-12-09,1,Dorval,DORV,2025-12-09T23:38:02Z,2025-12-09T23:34:00Z,ARR,goo,4.0
669,True,False,MONTRÉAL,TORONTO,2025-12-09,2,Cornwall,CWLL,2025-12-10T00:40:48Z,2025-12-10T00:26:00Z,ARR,med,14.0
669,True,False,MONTRÉAL,TORONTO,2025-12-09,3,Kingston,KGON,2025-12-10T02:15:46Z,2025-12-10T01:52:00Z,ARR,bad,23.0
669,True,False,MONTRÉAL,TORONTO,2025-12-09,4,Oshawa,OSHA,2025-12-10T04:05:04Z,2025-12-10T03:35:00Z,44 mins,bad,30.0
669,True,False,MONTRÉAL,TORONTO,2025-12-09,5,Toronto,TRTO,2025-12-10T04:48:04Z,2025-12-10T04:18:00Z,1h27,bad,30.0
78,True,True,WINDSOR,TORONTO,2025-12-09,0,Windsor,WDON,2025-12-09T22:40:00Z,2025-12-09T22:40:00Z,ARR,goo,0.0
78,True,True,WINDSOR,TORONTO,2025-12-09,1,Chatham,CHAT,2025-12-09T23:24:05Z,2025-12-09T23:24:00Z,ARR,goo,0.0
78,True,True,WINDSOR,TORONTO,2025-12-09,2,Glencoe,GLNC,2025-12-10T00:10:56Z,2025-12-09T23:59:00Z,ARR,med,11.0
78,True,True,WINDSOR,TORONTO,2025-12-09,3,London,LNDN,2025-12-10T00:41:19Z,2025-12-10T00:32:00Z,ARR,med,9.0
78,True,True,WINDSOR,TORONTO,2025-12-09,4,Ingersoll,INGR,2025-12-10T01:08:46Z,2025-12-10T00:57:00Z,ARR,med,11.0
78,True,True,WINDSOR,TORONTO,2025-12-09,5,Woodstock,WDST,2025-12-10T01:21:26Z,2025-12-10T01:08:00Z,ARR,med,13.0
78,True,True,WINDSOR,TORONTO,2025-12-09,6,Brantford,BRTF,2025-12-10T01:51:04Z,2025-12-10T01:39:00Z,ARR,med,12.0
78,True,True,WINDSOR,TORONTO,2025-12-09,7,Aldershot,ALDR,2025-12-10T02:21:41Z,2025-12-10T02:09:00Z,ARR,med,12.0
78,True,True,WINDSOR,TORONTO,2025-12-09,8,Oakville,OAKV,2025-12-10T02:37:02Z,2025-12-10T02:24:00Z,ARR,med,13.0
78,True,True,WINDSOR,TORONTO,2025-12-09,9,Toronto,TRTO,2025-12-10T03:04:49Z,2025-12-10T02:50:00Z,ARR,med,14.0
48,True,False,TORONTO,OTTAWA,2025-12-09,0,Toronto,TRTO,2025-12-09T23:38:03Z,2025-12-09T23:38:00Z,ARR,goo,0.0
48,True,False,TORONTO,OTTAWA,2025-12-09,1,Oshawa,OSHA,2025-12-10T00:41:50Z,2025-12-10T00:08:00Z,ARR,bad,33.0
48,True,False,TORONTO,OTTAWA,2025-12-09,2,Port Hope,PHOP,2025-12-10T01:09:47Z,2025-12-10T00:36:00Z,ARR,bad,33.0
48,True,False,TORONTO,OTTAWA,2025-12-09,3,Cobourg,CBRG,2025-12-10T01:17:31Z,2025-12-10T00:45:00Z,ARR,bad,32.0
48,True,False,TORONTO,OTTAWA,2025-12-09,4,Trenton Jct.,TRNJ,2025-12-10T01:45:32Z,2025-12-10T01:12:01Z,ARR,bad,33.0
48,True,False,TORONTO,OTTAWA,2025-12-09,5,Belleville,BLVL,2025-12-10T02:04:37Z,2025-12-10T01:25:00Z,ARR,bad,39.0
48,True,False,TORONTO,OTTAWA,2025-12-09,6,Napanee,NAPN,2025-12-10T02:23:55Z,2025-12-10T01:46:00Z,ARR,bad,37.0
48,True,False,TORONTO,OTTAWA,2025-12-09,7,Kingston,KGON,2025-12-10T02:45:48Z,2025-12-10T02:06:00Z,ARR,bad,39.0
48,True,False,TORONTO,OTTAWA,2025-12-09,8,Gananoque,GANA,2025-12-10T03:07:32Z,2025-12-10T02:28:00Z,ARR,bad,39.0
48,True,False,TORONTO,OTTAWA,2025-12-09,9,Brockville,BRKV,2025-12-10T03:33:04Z,2025-12-10T02:53:00Z,12 mins,bad,40.0
48,True,False,TORONTO,OTTAWA,2025-12-09,10,Smiths Falls,SMTF,2025-12-10T04:04:04Z,2025-12-10T03:24:00Z,43 mins,bad,40.0
48,True,False,TORONTO,OTTAWA,2025-12-09,11,Fallowfield,FALL,2025-12-10T04:31:04Z,2025-12-10T03:51:00Z,1h10,bad,40.0
48,True,False,TORONTO,OTTAWA,2025-12-09,12,Ottawa,OTTW,2025-12-10T04:51:04Z,2025-12-10T04:11:00Z,1h30,bad,40.0
79,True,False,TORONTO,WINDSOR,2025-12-09,0,Toronto,TRTO,2025-12-10T00:59:50Z,2025-12-10T00:45:00Z,ARR,med,14.0
79,True,False,TORONTO,WINDSOR,2025-12-09,1,Oakville,OAKV,2025-12-10T01:26:55Z,2025-12-10T01:07:00Z,ARR,med,19.0
79,True,False,TORONTO,WINDSOR,2025-12-09,2,Aldershot,ALDR,2025-12-10T01:42:34Z,2025-12-10T01:22:00Z,ARR,bad,20.0
79,True,False,TORONTO,WINDSOR,2025-12-09,3,Brantford,BRTF,2025-12-10T02:12:21Z,2025-12-10T01:50:00Z,ARR,bad,22.0
79,True,False,TORONTO,WINDSOR,2025-12-09,4,Woodstock,WDST,2025-12-10T02:43:57Z,2025-12-10T02:17:00Z,ARR,bad,26.0
79,True,False,TORONTO,WINDSOR,2025-12-09,5,Ingersoll,INGR,2025-12-10T02:55:21Z,2025-12-10T02:30:00Z,ARR,bad,25.0
79,True,False,TORONTO,WINDSOR,2025-12-09,6,London,LNDN,2025-12-10T03:17:56Z,2025-12-10T02:52:00Z,ARR,bad,25.0
79,True,False,TORONTO,WINDSOR,2025-12-09,7,Glencoe,GLNC,2025-12-10T03:50:58Z,2025-12-10T03:25:00Z,30 mins,bad,25.0
79,True,False,TORONTO,WINDSOR,2025-12-09,8,Chatham,CHAT,2025-12-10T04:22:58Z,2025-12-10T03:57:00Z,1h02,bad,25.0
79,True,False,TORONTO,WINDSOR,2025-12-09,9,Windsor,WDON,2025-12-10T05:09:58Z,2025-12-10T04:44:00Z,1h49,bad,25.0
690,True,False,CHURCHILL,THE PAS,2025-12-09,0,Churchill,CHUR,2025-12-10T03:10:00Z,2025-12-10T02:30:00Z,ARR,bad,40.0
690,True,False,CHURCHILL,THE PAS,2025-12-09,1,Tidal,TIDL,2025-12-10T03:32:00Z,2025-12-10T02:52:00Z,11 mins,bad,40.0
690,True,False,CHURCHILL,THE PAS,2025-12-09,2,Chesnaye,CHES,2025-12-10T04:18:00Z,2025-12-10T03:38:00Z,57 mins,bad,40.0
690,True,False,CHURCHILL,THE PAS,2025-12-09,3,M'Clintock,MCLI,2025-12-10T05:34:00Z,2025-12-10T04:54:00Z,2h13,bad,40.0
690,True,False,CHURCHILL,THE PAS,2025-12-09,4,O'Day,ODAY,2025-12-10T06:19:00Z,2025-12-10T05:39:00Z,2h58,bad,40.0
690,True,False,CHURCHILL,THE PAS,2025-12-09,5,Herchmer,HERC,2025-12-10T06:58:00Z,2025-12-10T06:18:00Z,3h37,bad,40.0
690,True,False,CHURCHILL,THE PAS,2025-12-09,6,Thibaudeau,THIB,2025-12-10T08:24:00Z,2025-12-10T07:44:00Z,5h03,bad,40.0
690,True,False,CHURCHILL,THE PAS,2025-12-09,7,Weir River,WEIR,2025-12-10T09:26:00Z,2025-12-10T08:46:00Z,6h05,bad,40.0
690,True,False,CHURCHILL,THE PAS,2025-12-09,8,Amery,AMRY,2025-12-10T10:17:00Z,2025-12-10T09:37:00Z,6h56,bad,40.0
690,True,False,CHURCHILL,THE PAS,2025-12-09,9,Bird,BIRD,2025-12-10T10:40:00Z,2025-12-10T10:00:00Z,7h19,bad,40.0
690,True,False,CHURCHILL,THE PAS,2025-12-09,10,Gillam,GILL,2025-12-10T11:40:00Z,2025-12-10T11:00:00Z,8h19,bad,40.0
690,True,False,CHURCHILL,THE PAS,2025-12-09,11,Wivenhoe,WVHO,2025-12-10T12:56:00Z,2025-12-10T12:16:00Z,9h35,bad,40.0
690,True,False,CHURCHILL,THE PAS,2025-12-09,12,Ilford,ILFO,2025-12-10T13:33:00Z,2025-12-10T12:53:00Z,10h12,bad,40.0
690,True,False,CHURCHILL,THE PAS,2025-12-09,13,Pit Siding,PITS,2025-12-10T14:34:00Z,2025-12-10T13:54:00Z,11h13,bad,40.0
690,True,False,CHURCHILL,THE PAS,2025-12-09,14,Bridgar,BRGR,2025-12-10T15:56:00Z,2025-12-10T15:16:00Z,12h35,bad,40.0
690,True,False,CHURCHILL,THE PAS,2025-12-09,15,Pikwitonei,PIKW,2025-12-10T16:07:00Z,2025-12-10T15:27:00Z,12h46,bad,40.0
690,True,False,CHURCHILL,THE PAS,2025-12-09,16,Sipiwesk,SIPI,2025-12-10T16:34:00Z,2025-12-10T15:54:00Z,13h13,bad,40.0
