train_id,departed,arrived,from,to,instance,stop_id,station,code,estimated,scheduled,eta,diff,diffMin
2 (10-17),True,True,VANCOUVER,TORONTO,2025-10-17,0,Vancouver,VCVR,2025-10-17T22:00:00Z,2025-10-17T22:00:00Z,ARR,goo,0.0
2 (10-17),True,True,VANCOUVER,TORONTO,2025-10-17,1,Mission Harbour,MSNH,2025-10-18T00:13:51Z,2025-10-17T23:35:00Z,ARR,bad,38.0
2 (10-17),True,True,VANCOUVER,TORONTO,2025-10-17,2,Agassiz,AGAS,2025-10-18T01:00:11Z,2025-10-18T00:03:00Z,ARR,bad,57.0
2 (10-17),True,True,VANCOUVER,TORONTO,2025-10-17,3,Katz,KATZ,2025-10-18T01:20:04Z,2025-10-18T00:17:00Z,ARR,bad,63.0
2 (10-17),True,True,VANCOUVER,TORONTO,2025-10-17,4,North Bend,NBND,2025-10-18T03:30:18Z,2025-10-18T02:46:00Z,ARR,bad,44.0
2 (10-17),True,True,VANCOUVER,TORONTO,2025-10-17,5,Ashcroft,ASHN,2025-10-18T06:03:09Z,2025-10-18T05:32:00Z,ARR,bad,31.0
2 (10-17),True,True,VANCOUVER,TORONTO,2025-10-17,6,Kamloops North,KAMN,2025-10-18T07:42:05Z,2025-10-18T07:17:00Z,ARR,bad,25.0
2 (10-17),True,True,VANCOUVER,TORONTO,2025-10-17,7,Clearwater,CLWT,2025-10-18T10:21:26Z,2025-10-18T09:58:00Z,ARR,bad,23.0
2 (10-17),True,True,VANCOUVER,TORONTO,2025-10-17,8,Blue River,BLUE,2025-10-18T13:07:24Z,2025-10-18T12:11:00Z,ARR,bad,56.0
2 (10-17),True,True,VANCOUVER,TORONTO,2025-10-17,9,Valemount,VLMT,2025-10-18T17:15:24Z,2025-10-18T14:01:00Z,ARR,bad,194.0
2 (10-17),True,True,VANCOUVER,TORONTO,2025-10-17,10,Jasper,JASP,2025-10-18T20:38:42Z,2025-10-18T17:00:00Z,ARR,bad,218.0
2 (10-17),True,True,VANCOUVER,TORONTO,2025-10-17,11,Hinton,HINT,2025-10-19T01:03:06Z,2025-10-18T19:45:00Z,ARR,bad,318.0
2 (10-17),True,True,VANCOUVER,TORONTO,2025-10-17,12,Edson,EDSN,2025-10-19T02:42:33Z,2025-10-18T21:19:00Z,ARR,bad,323.0
2 (10-17),True,True,VANCOUVER,TORONTO,2025-10-17,13,Evansburg,EVAN,2025-10-19T03:50:06Z,2025-10-18T22:28:00Z,ARR,bad,322.0
2 (10-17),True,True,VANCOUVER,TORONTO,2025-10-17,14,Edmonton,EDMO,2025-10-19T05:29:35Z,2025-10-19T00:50:00Z,ARR,bad,279.0
2 (10-17),True,True,VANCOUVER,TORONTO,2025-10-17,15,Viking,VKNG,2025-10-19T11:03:28Z,2025-10-19T03:53:00Z,ARR,bad,430.0
2 (10-17),True,True,VANCOUVER,TORONTO,2025-10-17,16,Wainwright,WAIN,2025-10-19T13:31:08Z,2025-10-19T06:14:00Z,ARR,bad,437.0
2 (10-17),True,True,VANCOUVER,TORONTO,2025-10-17,17,Unity,UNIT,2025-10-19T14:57:59Z,2025-10-19T07:47:00Z,ARR,bad,430.0
2 (10-17),True,True,VANCOUVER,TORONTO,2025-10-17,18,Biggar,BIGG,2025-10-19T16:30:58Z,2025-10-19T09:21:00Z,ARR,bad,429.0
2 (10-17),True,True,VANCOUVER,TORONTO,2025-10-17,19,Saskatoon,SASK,2025-10-19T18:07:53Z,2025-10-19T11:57:00Z,ARR,bad,370.0
2 (10-17),True,True,VANCOUVER,TORONTO,2025-10-17,20,Watrous,WATR,2025-10-19T21:35:59Z,2025-10-19T14:26:00Z,ARR,bad,429.0
2 (10-17),True,True,VANCOUVER,TORONTO,2025-10-17,21,Melville,MELV,2025-10-19T23:45:23Z,2025-10-19T18:47:00Z,ARR,bad,298.0
2 (10-17),True,True,VANCOUVER,TORONTO,2025-10-17,22,Rivers,RVRS,2025-10-20T03:23:20Z,2025-10-19T22:22:00Z,ARR,bad,301.0
2 (10-17),True,True,VANCOUVER,TORONTO,2025-10-17,23,Portage La Prairie,PLPX,2025-10-20T04:56:11Z,2025-10-20T00:15:00Z,ARR,bad,281.0
2 (10-17),True,True,VANCOUVER,TORONTO,2025-10-17,24,Winnipeg,WNPG,2025-10-20T06:15:30Z,2025-10-20T03:00:00Z,ARR,bad,195.0
2 (10-17),True,True,VANCOUVER,TORONTO,2025-10-17,25,Elma,ELMA,2025-10-20T13:15:01Z,2025-10-20T05:37:00Z,ARR,bad,458.0
2 (10-17),True,True,VANCOUVER,TORONTO,2025-10-17,26,Brereton Lake,BRTL,2025-10-20T13:33:38Z,2025-10-20T05:58:00Z,ARR,bad,455.0
2 (10-17),True,True,VANCOUVER,TORONTO,2025-10-17,27,Ophir,OPHR,2025-10-20T13:49:33Z,2025-10-20T06:16:00Z,ARR,bad,453.0
2 (10-17),True,True,VANCOUVER,TORONTO,2025-10-17,28,Winnitoba,WNTB,2025-10-20T13:53:42Z,2025-10-20T06:21:00Z,ARR,bad,452.0
2 (10-17),True,True,VANCOUVER,TORONTO,2025-10-17,29,Rice Lake,RCLK,2025-10-20T14:04:01Z,2025-10-20T06:35:00Z,ARR,bad,449.0
2 (10-17),True,True,VANCOUVER,TORONTO,2025-10-17,30,Copelands Landing,COPE,2025-10-20T14:06:03Z,2025-10-20T06:38:00Z,ARR,bad,448.0
2 (10-17),True,True,VANCOUVER,TORONTO,2025-10-17,31,Malachi,MLCH,2025-10-20T14:08:03Z,2025-10-20T06:40:00Z,ARR,bad,448.0
2 (10-17),True,True,VANCOUVER,TORONTO,2025-10-17,32,Ottermere,OTTM,2025-10-20T14:12:36Z,2025-10-20T06:46:00Z,ARR,bad,446.0
2 (10-17),True,True,VANCOUVER,TORONTO,2025-10-17,33,Minaki,MNKI,2025-10-20T14:33:23Z,2025-10-20T07:03:00Z,ARR,bad,450.0
2 (10-17),True,True,VANCOUVER,TORONTO,2025-10-17,34,Redditt,RDDT,2025-10-20T14:53:04Z,2025-10-20T07:29:00Z,ARR,bad,444.0
2 (10-17),True,True,VANCOUVER,TORONTO,2025-10-17,35,Farlane,FARL,2025-10-20T15:07:08Z,2025-10-20T07:46:00Z,ARR,bad,441.0
2 (10-17),True,True,VANCOUVER,TORONTO,2025-10-17,36,Canyon,CNYK,2025-10-20T15:36:47Z,2025-10-20T08:23:00Z,ARR,bad,433.0
2 (10-17),True,True,VANCOUVER,TORONTO,2025-10-17,37,Red Lake Road,RLRX,2025-10-20T16:00:30Z,2025-10-20T08:51:00Z,ARR,bad,429.0
2 (10-17),True,True,VANCOUVER,TORONTO,2025-10-17,38,Richan,RCHN,2025-10-20T16:31:26Z,2025-10-20T09:28:00Z,ARR,bad,423.0
2 (10-17),True,True,VANCOUVER,TORONTO,2025-10-17,39,Sioux Lookout,SLKT,2025-10-20T17:49:59Z,2025-10-20T11:01:00Z,ARR,bad,408.0
2 (10-17),True,True,VANCOUVER,TORONTO,2025-10-17,40,Savant Lake,SAVL,2025-10-20T19:24:50Z,2025-10-20T13:14:00Z,ARR,bad,370.0
2 (10-17),True,True,VANCOUVER,TORONTO,2025-10-17,41,Flindt Landing,FLTL,2025-10-20T19:41:50Z,2025-10-20T13:31:00Z,ARR,bad,370.0
2 (10-17),True,True,VANCOUVER,TORONTO,2025-10-17,42,Allanwater Bridge,ALWB,2025-10-20T19:56:50Z,2025-10-20T13:46:00Z,ARR,bad,370.0
2 (10-17),True,True,VANCOUVER,TORONTO,2025-10-17,43,Collins,COLL,2025-10-20T20:36:50Z,2025-10-20T14:26:00Z,ARR,bad,370.0
2 (10-17),True,True,VANCOUVER,TORONTO,2025-10-17,44,Armstrong,ARMG,2025-10-20T21:56:09Z,2025-10-20T14:57:00Z,ARR,bad,419.0
2 (10-17),True,True,VANCOUVER,TORONTO,2025-10-17,45,Mud River,MUDR,2025-10-20T22:37:31Z,2025-10-20T15:29:00Z,ARR,bad,428.0
2 (10-17),True,True,VANCOUVER,TORONTO,2025-10-17,46,Ferland,FERL,2025-10-20T22:45:31Z,2025-10-20T15:37:00Z,ARR,bad,428.0
2 (10-17),True,True,VANCOUVER,TORONTO,2025-10-17,47,Auden,AUDN,2025-10-20T23:22:31Z,2025-10-20T16:14:00Z,ARR,bad,428.0
2 (10-17),True,True,VANCOUVER,TORONTO,2025-10-17,48,Nakina,NAKI,2025-10-21T00:34:52Z,2025-10-20T17:20:00Z,ARR,bad,434.0
2 (10-17),True,True,VANCOUVER,TORONTO,2025-10-17,49,Longlac,LLAC,2025-10-21T01:10:31Z,2025-10-20T18:11:00Z,ARR,bad,419.0
2 (10-17),True,True,VANCOUVER,TORONTO,2025-10-17,50,Caramat,CARA,2025-10-21T01:47:28Z,2025-10-20T18:39:00Z,ARR,bad,428.0
2 (10-17),True,True,VANCOUVER,TORONTO,2025-10-17,51,Hillsport,HLSP,2025-10-21T02:42:31Z,2025-10-20T19:29:00Z,ARR,bad,433.0
2 (10-17),True,True,VANCOUVER,TORONTO,2025-10-17,52,Hornepayne,HNPN,2025-10-21T03:43:48Z,2025-10-20T21:44:00Z,ARR,bad,359.0
2 (10-17),True,True,VANCOUVER,TORONTO,2025-10-17,53,Oba,OBAX,2025-10-21T05:24:17Z,2025-10-20T23:30:00Z,ARR,bad,354.0
2 (10-17),True,True,VANCOUVER,TORONTO,2025-10-17,54,Elsas,ELSA,2025-10-21T06:58:17Z,2025-10-21T01:04:00Z,ARR,bad,354.0
2 (10-17),True,True,VANCOUVER,TORONTO,2025-10-17,55,Foleyet,FOLE,2025-10-21T07:42:43Z,2025-10-21T02:27:00Z,ARR,bad,315.0
2 (10-17),True,True,VANCOUVER,TORONTO,2025-10-17,56,Gogama,GOGA,2025-10-21T09:05:44Z,2025-10-21T04:02:00Z,ARR,bad,303.0
2 (10-17),True,True,VANCOUVER,TORONTO,2025-10-17,57,Westree,WSTR,2025-10-21T09:33:37Z,2025-10-21T04:35:00Z,ARR,bad,298.0
2 (10-17),True,True,VANCOUVER,TORONTO,2025-10-17,58,Ruel,RUEL,2025-10-21T09:50:37Z,2025-10-21T04:52:00Z,ARR,bad,298.0
2 (10-17),True,True,VANCOUVER,TORONTO,2025-10-17,59,Felix,FELX,2025-10-21T09:53:33Z,2025-10-21T05:00:00Z,ARR,bad,293.0
2 (10-17),True,True,VANCOUVER,TORONTO,2025-10-17,60,McKee's Camp,MCKC,2025-10-21T10:13:33Z,2025-10-21T05:20:00Z,ARR,bad,293.0
2 (10-17),True,True,VANCOUVER,TORONTO,2025-10-17,61,Laforest,LAFO,2025-10-21T10:26:33Z,2025-10-21T05:33:00Z,ARR,bad,293.0
2 (10-17),True,True,VANCOUVER,TORONTO,2025-10-17,62,Capreol,CAPR,2025-10-21T11:10:09Z,2025-10-21T07:47:00Z,ARR,bad,203.0
2 (10-17),True,True,VANCOUVER,TORONTO,2025-10-17,63,Sudbury (Jct.),SUDJ,2025-10-21T11:58:06Z,2025-10-21T08:49:00Z,ARR,bad,189.0
2 (10-17),True,True,VANCOUVER,TORONTO,2025-10-17,64,Parry Sound,PARS,2025-10-21T14:45:08Z,2025-10-21T12:00:00Z,ARR,bad,165.0
2 (10-17),True,True,VANCOUVER,TORONTO,2025-10-17,65,Washago,WSHG,2025-10-21T16:27:44Z,2025-10-21T14:00:00Z,ARR,bad,147.0
2 (10-17),True,True,VANCOUVER,TORONTO,2025-10-17,66,Toronto,TRTO,2025-10-21T19:06:54Z,2025-10-21T18:29:00Z,ARR,bad,37.0
1 (10-19),True,False,TORONTO,VANCOUVER,2025-10-19,0,Washago,WSHG,2025-10-19T16:14:00Z,2025-10-19T16:25:00Z,ARR,goo,-11.0
1 (10-19),True,False,TORONTO,VANCOUVER,2025-10-19,1,South Parry,SPAR,2025-10-19T18:29:29Z,2025-10-19T18:27:00Z,ARR,goo,2.0
1 (10-19),True,False,TORONTO,VANCOUVER,2025-10-19,2,Sudbury (Jct.),SUDJ,2025-10-19T21:15:51Z,2025-10-19T20:57:00Z,ARR,bad,18.0
1 (10-19),True,False,TORONTO,VANCOUVER,2025-10-19,3,Capreol,CAPR,2025-10-19T22:11:24Z,2025-10-19T21:22:00Z,ARR,bad,49.0
1 (10-19),True,False,TORONTO,VANCOUVER,2025-10-19,4,Laforest,LAFO,2025-10-19T23:22:48Z,2025-10-19T22:48:00Z,ARR,bad,34.0
1 (10-19),True,False,TORONTO,VANCOUVER,2025-10-19,5,McKee's Camp,MCKC,2025-10-19T23:35:48Z,2025-10-19T23:01:00Z,ARR,bad,34.0
1 (10-19),True,False,TORONTO,VANCOUVER,2025-10-19,6,Felix,FELX,2025-10-19T23:55:48Z,2025-10-19T23:21:00Z,ARR,bad,34.0
1 (10-19),True,False,TORONTO,VANCOUVER,2025-10-19,7,Ruel,RUEL,2025-10-20T00:02:48Z,2025-10-19T23:28:00Z,ARR,bad,34.0
1 (10-19),True,False,TORONTO,VANCOUVER,2025-10-19,8,Westree,WSTR,2025-10-20T00:43:17Z,2025-10-19T23:45:00Z,ARR,bad,58.0
1 (10-19),True,False,TORONTO,VANCOUVER,2025-10-19,9,Gogama,GOGA,2025-10-20T01:47:30Z,2025-10-20T00:18:00Z,ARR,bad,89.0
1 (10-19),True,False,TORONTO,VANCOUVER,2025-10-19,10,Foleyet,FOLE,2025-10-20T03:51:25Z,2025-10-20T02:44:00Z,ARR,bad,67.0
1 (10-19),True,False,TORONTO,VANCOUVER,2025-10-19,11,Elsas,ELSA,2025-10-20T04:53:11Z,2025-10-20T03:38:00Z,ARR,bad,75.0
1 (10-19),True,False,TORONTO,VANCOUVER,2025-10-19,12,Oba,OBAX,2025-10-20T06:53:11Z,2025-10-20T05:38:00Z,ARR,bad,75.0
1 (10-19),True,False,TORONTO,VANCOUVER,2025-10-19,13,Hornepayne,HNPN,2025-10-20T07:36:13Z,2025-10-20T06:29:00Z,ARR,bad,67.0
1 (10-19),True,False,TORONTO,VANCOUVER,2025-10-19,14,Hillsport,HLSP,2025-10-20T09:12:03Z,2025-10-20T08:05:00Z,ARR,bad,67.0
1 (10-19),True,False,TORONTO,VANCOUVER,2025-10-19,15,Caramat,CARA,2025-10-20T10:01:09Z,2025-10-20T08:55:00Z,ARR,bad,66.0
1 (10-19),True,False,TORONTO,VANCOUVER,2025-10-19,16,Longlac,LLAC,2025-10-20T10:23:37Z,2025-10-20T09:34:00Z,ARR,bad,49.0
1 (10-19),True,False,TORONTO,VANCOUVER,2025-10-19,17,Nakina,NAKI,2025-10-20T11:09:42Z,2025-10-20T10:13:00Z,ARR,bad,56.0
1 (10-19),True,False,TORONTO,VANCOUVER,2025-10-19,18,Auden,AUDN,2025-10-20T12:20:11Z,2025-10-20T11:19:00Z,ARR,bad,61.0
1 (10-19),True,False,TORONTO,VANCOUVER,2025-10-19,19,Ferland,FERL,2025-10-20T12:57:11Z,2025-10-20T11:56:00Z,ARR,bad,61.0
1 (10-19),True,False,TORONTO,VANCOUVER,2025-10-19,20,Mud River,MUDR,2025-10-20T13:06:11Z,2025-10-20T12:05:00Z,ARR,bad,61.0
1 (10-19),True,False,TORONTO,VANCOUVER,2025-10-19,21,Armstrong,ARMG,2025-10-20T13:19:20Z,2025-10-20T13:17:00Z,ARR,goo,2.0
1 (10-19),True,False,TORONTO,VANCOUVER,2025-10-19,22,Collins,COLL,2025-10-20T13:58:57Z,2025-10-20T13:47:00Z,ARR,med,11.0
1 (10-19),True,False,TORONTO,VANCOUVER,2025-10-19,23,Allanwater Bridge,ALWB,2025-10-20T14:37:57Z,2025-10-20T14:26:00Z,ARR,med,11.0
1 (10-19),True,False,TORONTO,VANCOUVER,2025-10-19,24,Flindt Landing,FLTL,2025-10-20T14:53:57Z,2025-10-20T14:42:00Z,ARR,med,11.0
1 (10-19),True,False,TORONTO,VANCOUVER,2025-10-19,25,Savant Lake,SAVL,2025-10-20T15:10:57Z,2025-10-20T14:59:00Z,ARR,med,11.0
1 (10-19),True,False,TORONTO,VANCOUVER,2025-10-19,26,Sioux Lookout,SLKT,2025-10-20T16:44:45Z,2025-10-20T16:25:00Z,ARR,bad,19.0
1 (10-19),True,False,TORONTO,VANCOUVER,2025-10-19,27,Richan,RCHN,2025-10-20T18:43:37Z,2025-10-20T18:05:00Z,ARR,bad,38.0
1 (10-19),True,False,TORONTO,VANCOUVER,2025-10-19,28,Red Lake Road,RLRX,2025-10-20T19:14:35Z,2025-10-20T18:41:00Z,ARR,bad,33.0
1 (10-19),True,False,TORONTO,VANCOUVER,2025-10-19,29,Canyon,CNYK,2025-10-20T19:45:11Z,2025-10-20T19:10:00Z,ARR,bad,35.0
1 (10-19),True,False,TORONTO,VANCOUVER,2025-10-19,30,Farlane,FARL,2025-10-20T20:17:13Z,2025-10-20T19:47:00Z,ARR,bad,30.0
1 (10-19),True,False,TORONTO,VANCOUVER,2025-10-19,31,Redditt,RDDT,2025-10-20T20:31:15Z,2025-10-20T20:23:00Z,ARR,med,8.0
1 (10-19),True,False,TORONTO,VANCOUVER,2025-10-19,32,Minaki,MNKI,2025-10-20T20:48:46Z,2025-10-20T20:44:00Z,ARR,goo,4.0
1 (10-19),True,False,TORONTO,VANCOUVER,2025-10-19,33,Ottermere,OTTM,2025-10-20T21:04:59Z,2025-10-20T21:01:00Z,ARR,goo,3.0
1 (10-19),True,False,TORONTO,VANCOUVER,2025-10-19,34,Malachi,MLCH,2025-10-20T21:19:14Z,2025-10-20T21:07:00Z,ARR,med,12.0
1 (10-19),True,False,TORONTO,VANCOUVER,2025-10-19,35,Copelands Landing,COPE,2025-10-20T21:21:14Z,2025-10-20T21:09:00Z,ARR,med,12.0
1 (10-19),True,False,TORONTO,VANCOUVER,2025-10-19,36,Rice Lake,RCLK,2025-10-20T21:30:00Z,2025-10-20T21:12:00Z,ARR,bad,18.0
1 (10-19),True,False,TORONTO,VANCOUVER,2025-10-19,37,Winnitoba,WNTB,2025-10-20T21:44:00Z,2025-10-20T21:26:00Z,ARR,bad,18.0
1 (10-19),True,False,TORONTO,VANCOUVER,2025-10-19,38,Ophir,OPHR,2025-10-20T21:38:05Z,2025-10-20T21:31:00Z,ARR,med,7.0
1 (10-19),True,False,TORONTO,VANCOUVER,2025-10-19,39,Brereton Lake,BRTL,2025-10-20T21:50:18Z,2025-10-20T21:49:00Z,ARR,goo,1.0
1 (10-19),True,False,TORONTO,VANCOUVER,2025-10-19,40,Elma,ELMA,2025-10-20T22:06:03Z,2025-10-20T22:10:00Z,ARR,goo,-3.0
1 (10-19),True,False,TORONTO,VANCOUVER,2025-10-19,41,Winnipeg,WNPG,2025-10-20T23:08:37Z,2025-10-21T00:30:00Z,ARR,goo,-81.0
1 (10-19),True,False,TORONTO,VANCOUVER,2025-10-19,42,Portage La Prairie,PLPX,2025-10-21T05:04:20Z,2025-10-21T04:04:00Z,ARR,bad,60.0
1 (10-19),True,False,TORONTO,VANCOUVER,2025-10-19,43,Rivers,RVRS,2025-10-21T07:54:46Z,2025-10-21T06:31:00Z,ARR,bad,83.0
1 (10-19),True,False,TORONTO,VANCOUVER,2025-10-19,44,Melville,MELV,2025-10-21T11:16:53Z,2025-10-21T10:54:00Z,ARR,bad,22.0
1 (10-19),True,False,TORONTO,VANCOUVER,2025-10-19,45,Watrous,WATR,2025-10-21T15:09:34Z,2025-10-21T13:54:00Z,ARR,bad,75.0
1 (10-19),True,False,TORONTO,VANCOUVER,2025-10-19,46,Saskatoon,SASK,2025-10-21T17:06:26Z,2025-10-21T15:50:00Z,ARR,bad,76.0
1 (10-19),True,False,TORONTO,VANCOUVER,2025-10-19,47,Biggar,BIGG,2025-10-21T20:25:33Z,2025-10-21T18:29:00Z,ARR,bad,116.0
1 (10-19),True,False,TORONTO,VANCOUVER,2025-10-19,48,Unity,UNIT,2025-10-21T21:50:58Z,2025-10-21T19:44:00Z,ARR,bad,126.0
1 (10-19),True,False,TORONTO,VANCOUVER,2025-10-19,49,Wainwright,WAIN,2025-10-22T01:54:34Z,2025-10-21T22:33:00Z,ARR,bad,201.0
1 (10-19),True,False,TORONTO,VANCOUVER,2025-10-19,50,Viking,VKNG,2025-10-22T03:04:05Z,2025-10-21T23:26:00Z,ARR,bad,218.0
1 (10-19),True,False,TORONTO,VANCOUVER,2025-10-19,51,Edmonton,EDMO,2025-10-22T06:02:33Z,2025-10-22T02:50:00Z,2h12,bad,192.0
1 (10-19),True,False,TORONTO,VANCOUVER,2025-10-19,52,Evansburg,EVAN,2025-10-22T10:41:33Z,2025-10-22T07:29:00Z,6h51,bad,192.0
1 (10-19),True,False,TORONTO,VANCOUVER,2025-10-19,53,Edson,EDSN,&mdash;,2025-10-22T08:52:00Z,&mdash;,,
1 (10-19),True,False,TORONTO,VANCOUVER,2025-10-19,54,Hinton,HINT,&mdash;,2025-10-22T09:58:00Z,&mdash;,,
1 (10-19),True,False,TORONTO,VANCOUVER,2025-10-19,55,Jasper,JASP,&mdash;,2025-10-22T12:30:00Z,&mdash;,,
693 (10-19),True,True,WINNIPEG,CHURCHILL,2025-10-19,0,Winnipeg,WNPG,2025-10-19T17:49:35Z,2025-10-19T17:05:00Z,ARR,bad,44.0
693 (10-19),True,True,WINNIPEG,CHURCHILL,2025-10-19,1,Portage La Prairie,PLPX,2025-10-19T18:55:05Z,2025-10-19T18:15:00Z,ARR,bad,40.0
693 (10-19),True,True,WINNIPEG,CHURCHILL,2025-10-19,2,Gladstone,GSTO,2025-10-19T19:42:22Z,2025-10-19T19:07:00Z,ARR,bad,35.0
693 (10-19),True,True,WINNIPEG,CHURCHILL,2025-10-19,3,Plumas,PLUM,2025-10-19T20:14:48Z,2025-10-19T19:44:00Z,ARR,bad,30.0
693 (10-19),True,True,WINNIPEG,CHURCHILL,2025-10-19,4,Glenella,GLNA,2025-10-19T20:47:53Z,2025-10-19T20:16:00Z,ARR,bad,31.0
693 (10-19),True,True,WINNIPEG,CHURCHILL,2025-10-19,5,Mccreary,MCCR,2025-10-19T21:26:17Z,2025-10-19T20:57:00Z,ARR,bad,29.0
693 (10-19),True,True,WINNIPEG,CHURCHILL,2025-10-19,6,Laurier,LRIE,2025-10-19T21:42:54Z,2025-10-19T21:15:00Z,ARR,bad,27.0
693 (10-19),True,True,WINNIPEG,CHURCHILL,2025-10-19,7,Ochre River,OCHR,2025-10-19T21:58:45Z,2025-10-19T21:36:00Z,ARR,bad,22.0
693 (10-19),True,True,WINNIPEG,CHURCHILL,2025-10-19,8,Dauphin,DAUP,2025-10-19T22:16:03Z,2025-10-19T21:56:00Z,ARR,bad,20.0
693 (10-19),True,True,WINNIPEG,CHURCHILL,2025-10-19,9,Gilbert Plains,GLBP,2025-10-19T23:15:07Z,2025-10-19T22:44:00Z,ARR,bad,31.0
693 (10-19),True,True,WINNIPEG,CHURCHILL,2025-10-19,10,Grandview,GVIE,2025-10-19T23:37:13Z,2025-10-19T23:00:00Z,ARR,bad,37.0
693 (10-19),True,True,WINNIPEG,CHURCHILL,2025-10-19,11,Roblin,RBLN,2025-10-20T00:49:38Z,2025-10-19T23:55:00Z,ARR,bad,54.0
693 (10-19),True,True,WINNIPEG,CHURCHILL,2025-10-19,12,Togo,TOGO,2025-10-20T01:19:38Z,2025-10-20T00:22:00Z,ARR,bad,57.0
693 (10-19),True,True,WINNIPEG,CHURCHILL,2025-10-19,13,Kamsack,KAMS,2025-10-20T01:59:28Z,2025-10-20T00:59:00Z,ARR,bad,60.0
693 (10-19),True,True,WINNIPEG,CHURCHILL,2025-10-19,14,Veregin,VERE,2025-10-20T02:17:59Z,2025-10-20T01:12:00Z,ARR,bad,65.0
693 (10-19),True,True,WINNIPEG,CHURCHILL,2025-10-19,15,Mikado,MIKA,2025-10-20T02:29:23Z,2025-10-20T01:22:00Z,ARR,bad,67.0
693 (10-19),True,True,WINNIPEG,CHURCHILL,2025-10-19,16,Canora,CANO,2025-10-20T02:43:28Z,2025-10-20T01:36:00Z,ARR,bad,67.0
693 (10-19),True,True,WINNIPEG,CHURCHILL,2025-10-19,17,Sturgis,STGS,2025-10-20T03:38:54Z,2025-10-20T02:21:00Z,ARR,bad,77.0
693 (10-19),True,True,WINNIPEG,CHURCHILL,2025-10-19,18,Endeavour,ENDV,2025-10-20T04:10:22Z,2025-10-20T02:54:00Z,ARR,bad,76.0
693 (10-19),True,True,WINNIPEG,CHURCHILL,2025-10-19,19,Reserve,RSRV,2025-10-20T04:57:35Z,2025-10-20T03:34:00Z,ARR,bad,83.0
693 (10-19),True,True,WINNIPEG,CHURCHILL,2025-10-19,20,Hudson Bay,HBAY,2025-10-20T05:51:11Z,2025-10-20T04:32:00Z,ARR,bad,79.0
693 (10-19),True,True,WINNIPEG,CHURCHILL,2025-10-19,21,The Pas,TPAS,2025-10-20T08:27:14Z,2025-10-20T06:45:00Z,ARR,bad,102.0
693 (10-19),True,True,WINNIPEG,CHURCHILL,2025-10-19,22,Orok,OROK,2025-10-20T09:15:46Z,2025-10-20T08:07:00Z,ARR,bad,68.0
693 (10-19),True,True,WINNIPEG,CHURCHILL,2025-10-19,23,Halcrow,HALC,2025-10-20T10:04:30Z,2025-10-20T09:01:00Z,ARR,bad,63.0
693 (10-19),True,True,WINNIPEG,CHURCHILL,2025-10-19,24,Cormorant,CORM,2025-10-20T10:15:30Z,2025-10-20T09:12:00Z,ARR,bad,63.0
693 (10-19),True,True,WINNIPEG,CHURCHILL,2025-10-19,25,Dering,DERI,2025-10-20T10:23:30Z,2025-10-20T09:20:00Z,ARR,bad,63.0
693 (10-19),True,True,WINNIPEG,CHURCHILL,2025-10-19,26,Dyce,DYCE,2025-10-20T11:02:30Z,2025-10-20T09:59:00Z,ARR,bad,63.0
693 (10-19),True,True,WINNIPEG,CHURCHILL,2025-10-19,27,Wekusko,WEKU,2025-10-20T11:35:39Z,2025-10-20T10:43:00Z,ARR,bad,52.0
693 (10-19),True,True,WINNIPEG,CHURCHILL,2025-10-19,28,Turnbull,TURN,2025-10-20T11:57:24Z,2025-10-20T11:10:00Z,ARR,bad,47.0
693 (10-19),True,True,WINNIPEG,CHURCHILL,2025-10-19,29,Ponton,PNTN,2025-10-20T12:24:46Z,2025-10-20T11:42:00Z,ARR,bad,42.0
693 (10-19),True,True,WINNIPEG,CHURCHILL,2025-10-19,30,Pipun,PIPN,2025-10-20T13:09:55Z,2025-10-20T12:25:00Z,ARR,bad,44.0
693 (10-19),True,True,WINNIPEG,CHURCHILL,2025-10-19,31,Wabowden,WBDN,2025-10-20T13:23:49Z,2025-10-20T12:48:00Z,ARR,bad,35.0
693 (10-19),True,True,WINNIPEG,CHURCHILL,2025-10-19,32,Lyddal,LYDD,2025-10-20T13:57:34Z,2025-10-20T13:16:00Z,ARR,bad,41.0
693 (10-19),True,True,WINNIPEG,CHURCHILL,2025-10-19,33,Odhill,ODHI,2025-10-20T14:15:45Z,2025-10-20T13:38:00Z,ARR,bad,37.0
693 (10-19),True,True,WINNIPEG,CHURCHILL,2025-10-19,34,Hockin,HOCK,2025-10-20T14:54:40Z,2025-10-20T14:22:00Z,ARR,bad,32.0
693 (10-19),True,True,WINNIPEG,CHURCHILL,2025-10-19,35,Thicket Portage,THKP,2025-10-20T15:09:40Z,2025-10-20T14:37:00Z,ARR,bad,32.0
693 (10-19),True,True,WINNIPEG,CHURCHILL,2025-10-19,36,Leven,LEVN,2025-10-20T15:26:40Z,2025-10-20T14:54:00Z,ARR,bad,32.0
693 (10-19),True,True,WINNIPEG,CHURCHILL,2025-10-19,37,Thompson,THOM,2025-10-20T19:03:44Z,2025-10-20T17:00:00Z,ARR,bad,123.0
693 (10-19),True,True,WINNIPEG,CHURCHILL,2025-10-19,38,Sipiwesk,SIPI,2025-10-20T23:32:10Z,2025-10-20T23:35:00Z,ARR,goo,-2.0
693 (10-19),True,True,WINNIPEG,CHURCHILL,2025-10-19,39,Pikwitonei,PIKW,2025-10-21T00:02:00Z,2025-10-21T00:02:00Z,ARR,goo,0.0
693 (10-19),True,True,WINNIPEG,CHURCHILL,2025-10-19,40,Bridgar,BRGR,2025-10-21T00:13:00Z,2025-10-21T00:13:00Z,ARR,goo,0.0
693 (10-19),True,True,WINNIPEG,CHURCHILL,2025-10-19,41,Pit Siding,PITS,2025-10-21T01:35:00Z,2025-10-21T01:35:00Z,ARR,goo,0.0
693 (10-19),True,True,WINNIPEG,CHURCHILL,2025-10-19,42,Ilford,ILFO,2025-10-21T02:43:21Z,2025-10-21T02:36:00Z,ARR,med,7.0
693 (10-19),True,True,WINNIPEG,CHURCHILL,2025-10-19,43,Wivenhoe,WVHO,2025-10-21T03:44:10Z,2025-10-21T03:13:00Z,ARR,bad,31.0
693 (10-19),True,True,WINNIPEG,CHURCHILL,2025-10-19,44,Gillam,GILL,2025-10-21T04:28:00Z,2025-10-21T04:00:01Z,ARR,bad,27.0
693 (10-19),True,True,WINNIPEG,CHURCHILL,2025-10-19,45,Bird,BIRD,2025-10-21T05:35:18Z,2025-10-21T05:29:00Z,ARR,med,6.0
693 (10-19),True,True,WINNIPEG,CHURCHILL,2025-10-19,46,Amery,AMRY,2025-10-21T06:11:58Z,2025-10-21T05:52:00Z,ARR,bad,19.0
693 (10-19),True,True,WINNIPEG,CHURCHILL,2025-10-19,47,Weir River,WEIR,2025-10-21T07:09:14Z,2025-10-21T06:43:00Z,ARR,bad,26.0
693 (10-19),True,True,WINNIPEG,CHURCHILL,2025-10-19,48,Thibaudeau,THIB,2025-10-21T07:57:16Z,2025-10-21T08:00:00Z,ARR,goo,-2.0
693 (10-19),True,True,WINNIPEG,CHURCHILL,2025-10-19,49,Herchmer,HERC,2025-10-21T09:26:00Z,2025-10-21T09:26:00Z,ARR,goo,0.0
693 (10-19),True,True,WINNIPEG,CHURCHILL,2025-10-19,50,O'Day,ODAY,2025-10-21T10:05:00Z,2025-10-21T10:05:00Z,ARR,goo,0.0
693 (10-19),True,True,WINNIPEG,CHURCHILL,2025-10-19,51,M'Clintock,MCLI,2025-10-21T10:50:00Z,2025-10-21T10:50:00Z,ARR,goo,0.0
693 (10-19),True,True,WINNIPEG,CHURCHILL,2025-10-19,52,Chesnaye,CHES,2025-10-21T12:06:00Z,2025-10-21T12:06:00Z,ARR,goo,0.0
693 (10-19),True,True,WINNIPEG,CHURCHILL,2025-10-19,53,Tidal,TIDL,2025-10-21T12:37:43Z,2025-10-21T13:37:00Z,ARR,goo,-59.0
693 (10-19),True,True,WINNIPEG,CHURCHILL,2025-10-19,54,Churchill,CHUR,2025-10-21T13:26:28Z,2025-10-21T14:00:00Z,ARR,goo,-33.0
2 (10-20),True,False,VANCOUVER,TORONTO,2025-10-20,0,Vancouver,VCVR,2025-10-20T22:18:47Z,2025-10-20T22:00:00Z,ARR,bad,18.0
2 (10-20),True,False,VANCOUVER,TORONTO,2025-10-20,1,Mission Harbour,MSNH,2025-10-21T00:13:49Z,2025-10-20T23:35:00Z,ARR,bad,38.0
2 (10-20),True,False,VANCOUVER,TORONTO,2025-10-20,2,Agassiz,AGAS,2025-10-21T01:03:56Z,2025-10-21T00:03:00Z,ARR,bad,60.0
2 (10-20),True,False,VANCOUVER,TORONTO,2025-10-20,3,Katz,KATZ,2025-10-21T01:34:48Z,2025-10-21T00:17:00Z,ARR,bad,77.0
2 (10-20),True,False,VANCOUVER,TORONTO,2025-10-20,4,North Bend,NBND,2025-10-21T03:40:53Z,2025-10-21T02:46:00Z,ARR,bad,54.0
2 (10-20),True,False,VANCOUVER,TORONTO,2025-10-20,5,Ashcroft,ASHN,2025-10-21T06:43:52Z,2025-10-21T05:32:00Z,ARR,bad,71.0
2 (10-20),True,False,VANCOUVER,TORONTO,2025-10-20,6,Kamloops North,KAMN,2025-10-21T09:44:49Z,2025-10-21T07:17:00Z,ARR,bad,147.0
2 (10-20),True,False,VANCOUVER,TORONTO,2025-10-20,7,Clearwater,CLWT,2025-10-21T12:07:51Z,2025-10-21T09:58:00Z,ARR,bad,129.0
2 (10-20),True,False,VANCOUVER,TORONTO,2025-10-20,8,Blue River,BLUE,2025-10-21T14:09:24Z,2025-10-21T12:11:00Z,ARR,bad,118.0
2 (10-20),True,False,VANCOUVER,TORONTO,2025-10-20,9,Valemount,VLMT,2025-10-21T16:03:55Z,2025-10-21T14:01:00Z,ARR,bad,122.0
2 (10-20),True,False,VANCOUVER,TORONTO,2025-10-20,10,Jasper,JASP,2025-10-21T19:44:58Z,2025-10-21T17:00:00Z,ARR,bad,164.0
2 (10-20),True,False,VANCOUVER,TORONTO,2025-10-20,11,Hinton,HINT,2025-10-21T23:01:08Z,2025-10-21T19:45:00Z,ARR,bad,196.0
2 (10-20),True,False,VANCOUVER,TORONTO,2025-10-20,12,Edson,EDSN,2025-10-22T01:13:13Z,2025-10-21T21:19:00Z,ARR,bad,234.0
2 (10-20),True,False,VANCOUVER,TORONTO,2025-10-20,13,Evansburg,EVAN,2025-10-22T02:14:42Z,2025-10-21T22:28:00Z,ARR,bad,226.0
2 (10-20),True,False,VANCOUVER,TORONTO,2025-10-20,14,Edmonton,EDMO,2025-10-22T03:30:00Z,2025-10-22T00:50:00Z,ARR,bad,160.0
2 (10-20),True,False,VANCOUVER,TORONTO,2025-10-20,15,Viking,VKNG,2025-10-22T06:37:30Z,2025-10-22T03:53:00Z,2h47,bad,164.0
2 (10-20),True,False,VANCOUVER,TORONTO,2025-10-20,16,Wainwright,WAIN,2025-10-22T08:58:30Z,2025-10-22T06:14:00Z,5h08,bad,164.0
2 (10-20),True,False,VANCOUVER,TORONTO,2025-10-20,17,Unity,UNIT,&mdash;,2025-10-22T07:47:00Z,&mdash;,,
2 (10-20),True,False,VANCOUVER,TORONTO,2025-10-20,18,Biggar,BIGG,&mdash;,2025-10-22T09:21:00Z,&mdash;,,
2 (10-20),True,False,VANCOUVER,TORONTO,2025-10-20,19,Saskatoon,SASK,&mdash;,2025-10-22T11:57:00Z,&mdash;,,
2 (10-20),True,False,VANCOUVER,TORONTO,2025-10-20,20,Watrous,WATR,&mdash;,2025-10-22T14:26:00Z,&mdash;,,
693 (10-21),True,False,WINNIPEG,CHURCHILL,2025-10-21,0,Portage La Prairie,PLPX,2025-10-21T18:20:09Z,2025-10-21T18:15:00Z,ARR,med,5.0
693 (10-21),True,False,WINNIPEG,CHURCHILL,2025-10-21,1,Gladstone,GSTO,2025-10-21T19:29:02Z,2025-10-21T19:07:00Z,ARR,bad,22.0
693 (10-21),True,False,WINNIPEG,CHURCHILL,2025-10-21,2,Plumas,PLUM,2025-10-21T20:01:33Z,2025-10-21T19:44:00Z,ARR,bad,17.0
693 (10-21),True,False,WINNIPEG,CHURCHILL,2025-10-21,3,Glenella,GLNA,2025-10-21T20:36:23Z,2025-10-21T20:16:00Z,ARR,bad,20.0
693 (10-21),True,False,WINNIPEG,CHURCHILL,2025-10-21,4,Mccreary,MCCR,2025-10-21T21:17:41Z,2025-10-21T20:57:00Z,ARR,bad,20.0
693 (10-21),True,False,WINNIPEG,CHURCHILL,2025-10-21,5,Laurier,LRIE,2025-10-21T21:41:47Z,2025-10-21T21:15:00Z,ARR,bad,26.0
693 (10-21),True,False,WINNIPEG,CHURCHILL,2025-10-21,6,Ochre River,OCHR,2025-10-21T22:03:11Z,2025-10-21T21:36:00Z,ARR,bad,27.0
693 (10-21),True,False,WINNIPEG,CHURCHILL,2025-10-21,7,Dauphin,DAUP,2025-10-21T23:21:10Z,2025-10-21T21:56:00Z,ARR,bad,85.0
693 (10-21),True,False,WINNIPEG,CHURCHILL,2025-10-21,8,Gilbert Plains,GLBP,2025-10-22T00:31:29Z,2025-10-21T22:44:00Z,ARR,bad,107.0
693 (10-21),True,False,WINNIPEG,CHURCHILL,2025-10-21,9,Grandview,GVIE,2025-10-22T00:54:00Z,2025-10-21T23:00:00Z,ARR,bad,114.0
693 (10-21),True,False,WINNIPEG,CHURCHILL,2025-10-21,10,Roblin,RBLN,2025-10-22T02:08:28Z,2025-10-21T23:55:00Z,ARR,bad,133.0
693 (10-21),True,False,WINNIPEG,CHURCHILL,2025-10-21,11,Togo,TOGO,2025-10-22T02:42:27Z,2025-10-22T00:22:00Z,ARR,bad,140.0
693 (10-21),True,False,WINNIPEG,CHURCHILL,2025-10-21,12,Kamsack,KAMS,2025-10-22T03:43:04Z,2025-10-22T00:59:00Z,ARR,bad,164.0
693 (10-21),True,False,WINNIPEG,CHURCHILL,2025-10-21,13,Veregin,VERE,2025-10-22T04:01:13Z,2025-10-22T01:12:00Z,11 mins,bad,169.0
693 (10-21),True,False,WINNIPEG,CHURCHILL,2025-10-21,14,Mikado,MIKA,2025-10-22T04:11:13Z,2025-10-22T01:22:00Z,21 mins,bad,169.0
693 (10-21),True,False,WINNIPEG,CHURCHILL,2025-10-21,15,Canora,CANO,2025-10-22T04:25:13Z,2025-10-22T01:36:00Z,35 mins,bad,169.0
693 (10-21),True,False,WINNIPEG,CHURCHILL,2025-10-21,16,Sturgis,STGS,2025-10-22T05:10:13Z,2025-10-22T02:21:00Z,1h20,bad,169.0
693 (10-21),True,False,WINNIPEG,CHURCHILL,2025-10-21,17,Endeavour,ENDV,2025-10-22T05:43:13Z,2025-10-22T02:54:00Z,1h53,bad,169.0
693 (10-21),True,False,WINNIPEG,CHURCHILL,2025-10-21,18,Reserve,RSRV,2025-10-22T06:23:13Z,2025-10-22T03:34:00Z,2h33,bad,169.0
693 (10-21),True,False,WINNIPEG,CHURCHILL,2025-10-21,19,Hudson Bay,HBAY,2025-10-22T07:21:13Z,2025-10-22T04:32:00Z,3h31,bad,169.0
693 (10-21),True,False,WINNIPEG,CHURCHILL,2025-10-21,20,The Pas,TPAS,2025-10-22T09:34:13Z,2025-10-22T06:45:00Z,5h44,bad,169.0
693 (10-21),True,False,WINNIPEG,CHURCHILL,2025-10-21,21,Orok,OROK,2025-10-22T10:56:13Z,2025-10-22T08:07:00Z,7h06,bad,169.0
693 (10-21),True,False,WINNIPEG,CHURCHILL,2025-10-21,22,Halcrow,HALC,2025-10-22T11:50:13Z,2025-10-22T09:01:00Z,8h00,bad,169.0
693 (10-21),True,False,WINNIPEG,CHURCHILL,2025-10-21,23,Cormorant,CORM,2025-10-22T12:01:13Z,2025-10-22T09:12:00Z,8h11,bad,169.0
693 (10-21),True,False,WINNIPEG,CHURCHILL,2025-10-21,24,Dering,DERI,2025-10-22T12:09:13Z,2025-10-22T09:20:00Z,8h19,bad,169.0
693 (10-21),True,False,WINNIPEG,CHURCHILL,2025-10-21,25,Dyce,DYCE,2025-10-22T12:48:13Z,2025-10-22T09:59:00Z,8h58,bad,169.0
693 (10-21),True,False,WINNIPEG,CHURCHILL,2025-10-21,26,Wekusko,WEKU,2025-10-22T13:32:13Z,2025-10-22T10:43:00Z,9h42,bad,169.0
693 (10-21),True,False,WINNIPEG,CHURCHILL,2025-10-21,27,Turnbull,TURN,2025-10-22T13:59:13Z,2025-10-22T11:10:00Z,10h09,bad,169.0
693 (10-21),True,False,WINNIPEG,CHURCHILL,2025-10-21,28,Ponton,PNTN,2025-10-22T14:31:13Z,2025-10-22T11:42:00Z,10h41,bad,169.0
693 (10-21),True,False,WINNIPEG,CHURCHILL,2025-10-21,29,Pipun,PIPN,2025-10-22T15:14:13Z,2025-10-22T12:25:00Z,11h24,bad,169.0
693 (10-21),True,False,WINNIPEG,CHURCHILL,2025-10-21,30,Wabowden,WBDN,2025-10-22T15:37:13Z,2025-10-22T12:48:00Z,11h47,bad,169.0
693 (10-21),True,False,WINNIPEG,CHURCHILL,2025-10-21,31,Lyddal,LYDD,2025-10-22T16:05:13Z,2025-10-22T13:16:00Z,12h15,bad,169.0
693 (10-21),True,False,WINNIPEG,CHURCHILL,2025-10-21,32,Odhill,ODHI,2025-10-22T16:27:13Z,2025-10-22T13:38:00Z,12h37,bad,169.0
693 (10-21),True,False,WINNIPEG,CHURCHILL,2025-10-21,33,Hockin,HOCK,2025-10-22T17:11:13Z,2025-10-22T14:22:00Z,13h21,bad,169.0
693 (10-21),True,False,WINNIPEG,CHURCHILL,2025-10-21,34,Thicket Portage,THKP,2025-10-22T17:26:13Z,2025-10-22T14:37:00Z,13h36,bad,169.0
693 (10-21),True,False,WINNIPEG,CHURCHILL,2025-10-21,35,Leven,LEVN,2025-10-22T17:43:13Z,2025-10-22T14:54:00Z,13h53,bad,169.0
693 (10-21),True,False,WINNIPEG,CHURCHILL,2025-10-21,36,Thompson,THOM,2025-10-22T19:49:13Z,2025-10-22T17:00:00Z,15h59,bad,169.0
20,True,True,MONTRÉAL,QUÉBEC,2025-10-21,0,Montréal,MTRL,2025-10-21T10:25:00Z,2025-10-21T10:25:00Z,ARR,goo,0.0
20,True,True,MONTRÉAL,QUÉBEC,2025-10-21,1,St. Lambert,SLAM,2025-10-21T10:40:18Z,2025-10-21T10:38:00Z,ARR,goo,2.0
20,True,True,MONTRÉAL,QUÉBEC,2025-10-21,2,St. Hyacinthe,SHYA,2025-10-21T11:12:23Z,2025-10-21T11:06:00Z,ARR,med,6.0
20,True,True,MONTRÉAL,QUÉBEC,2025-10-21,3,Drummondville,DRMV,2025-10-21T11:44:44Z,2025-10-21T11:43:00Z,ARR,goo,1.0
20,True,True,MONTRÉAL,QUÉBEC,2025-10-21,4,Ste-Foy,SFOY,2025-10-21T13:27:17Z,2025-10-21T13:25:00Z,ARR,goo,2.0
20,True,True,MONTRÉAL,QUÉBEC,2025-10-21,5,Québec,QBEC,2025-10-21T13:55:58Z,2025-10-21T13:52:00Z,ARR,goo,3.0
24,True,True,OTTAWA,QUÉBEC,2025-10-21,0,Ottawa,OTTW,2025-10-21T14:13:00Z,2025-10-21T14:13:00Z,ARR,goo,0.0
24,True,True,OTTAWA,QUÉBEC,2025-10-21,1,Alexandria,ALEX,2025-10-21T14:56:37Z,2025-10-21T15:03:00Z,ARR,goo,-6.0
24,True,True,OTTAWA,QUÉBEC,2025-10-21,2,Coteau,COTO,2025-10-21T15:18:35Z,2025-10-21T15:26:00Z,ARR,goo,-7.0
24,True,True,OTTAWA,QUÉBEC,2025-10-21,3,Dorval,DORV,2025-10-21T15:50:43Z,2025-10-21T15:50:00Z,ARR,goo,0.0
24,True,True,OTTAWA,QUÉBEC,2025-10-21,4,Montréal,MTRL,2025-10-21T16:14:46Z,2025-10-21T16:15:00Z,ARR,goo,0.0
24,True,True,OTTAWA,QUÉBEC,2025-10-21,5,St. Lambert,SLAM,2025-10-21T17:10:30Z,2025-10-21T16:58:00Z,ARR,med,12.0
24,True,True,OTTAWA,QUÉBEC,2025-10-21,6,St. Hyacinthe,SHYA,2025-10-21T17:42:48Z,2025-10-21T17:26:00Z,ARR,bad,16.0
24,True,True,OTTAWA,QUÉBEC,2025-10-21,7,Drummondville,DRMV,2025-10-21T18:21:53Z,2025-10-21T17:54:00Z,ARR,bad,27.0
24,True,True,OTTAWA,QUÉBEC,2025-10-21,8,Charny,CHNY,2025-10-21T20:13:20Z,2025-10-21T19:38:00Z,ARR,bad,35.0
24,True,True,OTTAWA,QUÉBEC,2025-10-21,9,Ste-Foy,SFOY,2025-10-21T20:22:27Z,2025-10-21T19:45:00Z,ARR,bad,37.0
24,True,True,OTTAWA,QUÉBEC,2025-10-21,10,Québec,QBEC,2025-10-21T20:50:52Z,2025-10-21T20:12:00Z,ARR,bad,38.0
22,True,True,OTTAWA,QUÉBEC,2025-10-21,0,Ottawa,OTTW,2025-10-21T10:07:02Z,2025-10-21T10:07:00Z,ARR,goo,0.0
22,True,True,OTTAWA,QUÉBEC,2025-10-21,1,Casselman,CSLM,2025-10-21T10:30:19Z,2025-10-21T10:33:00Z,ARR,goo,-2.0
22,True,True,OTTAWA,QUÉBEC,2025-10-21,2,Alexandria,ALEX,2025-10-21T10:55:56Z,2025-10-21T10:55:00Z,ARR,goo,0.0
22,True,True,OTTAWA,QUÉBEC,2025-10-21,3,Coteau,COTO,2025-10-21T11:18:11Z,2025-10-21T11:23:00Z,ARR,goo,-4.0
22,True,True,OTTAWA,QUÉBEC,2025-10-21,4,Dorval,DORV,2025-10-21T11:50:15Z,2025-10-21T11:47:00Z,ARR,goo,3.0
22,True,True,OTTAWA,QUÉBEC,2025-10-21,5,Montréal,MTRL,2025-10-21T12:12:28Z,2025-10-21T12:11:00Z,ARR,goo,1.0
22,True,True,OTTAWA,QUÉBEC,2025-10-21,6,St. Lambert,SLAM,2025-10-21T12:59:22Z,2025-10-21T12:49:00Z,ARR,med,10.0
22,True,True,OTTAWA,QUÉBEC,2025-10-21,7,St. Hyacinthe,SHYA,2025-10-21T13:29:31Z,2025-10-21T13:16:00Z,ARR,med,13.0
22,True,True,OTTAWA,QUÉBEC,2025-10-21,8,Drummondville,DRMV,2025-10-21T14:00:46Z,2025-10-21T13:44:00Z,ARR,bad,16.0
22,True,True,OTTAWA,QUÉBEC,2025-10-21,9,Ste-Foy,SFOY,2025-10-21T15:33:40Z,2025-10-21T15:19:00Z,ARR,med,14.0
22,True,True,OTTAWA,QUÉBEC,2025-10-21,10,Québec,QBEC,2025-10-21T16:02:05Z,2025-10-21T15:47:00Z,ARR,bad,15.0
37,True,True,QUÉBEC,OTTAWA,2025-10-21,0,Québec,QBEC,2025-10-21T16:32:00Z,2025-10-21T16:32:00Z,ARR,goo,0.0
37,True,True,QUÉBEC,OTTAWA,2025-10-21,1,Ste-Foy,SFOY,2025-10-21T16:57:16Z,2025-10-21T16:57:00Z,ARR,goo,0.0
37,True,True,QUÉBEC,OTTAWA,2025-10-21,2,Drummondville,DRMV,2025-10-21T18:50:00Z,2025-10-21T18:44:00Z,ARR,med,6.0
37,True,True,QUÉBEC,OTTAWA,2025-10-21,3,St. Hyacinthe,SHYA,2025-10-21T19:20:28Z,2025-10-21T19:12:00Z,ARR,med,8.0
37,True,True,QUÉBEC,OTTAWA,2025-10-21,4,St. Lambert,SLAM,2025-10-21T19:51:47Z,2025-10-21T19:39:00Z,ARR,med,12.0
37,True,True,QUÉBEC,OTTAWA,2025-10-21,5,Montréal,MTRL,2025-10-21T20:05:48Z,2025-10-21T19:54:00Z,ARR,med,11.0
37,True,True,QUÉBEC,OTTAWA,2025-10-21,6,Dorval,DORV,2025-10-21T21:01:00Z,2025-10-21T20:54:00Z,ARR,med,7.0
37,True,True,QUÉBEC,OTTAWA,2025-10-21,7,Coteau,COTO,2025-10-21T21:30:15Z,2025-10-21T21:23:00Z,ARR,med,7.0
37,True,True,QUÉBEC,OTTAWA,2025-10-21,8,Alexandria,ALEX,2025-10-21T21:52:43Z,2025-10-21T21:45:00Z,ARR,med,7.0
37,True,True,QUÉBEC,OTTAWA,2025-10-21,9,Ottawa,OTTW,2025-10-21T22:50:17Z,2025-10-21T22:37:00Z,ARR,med,13.0
41,True,True,OTTAWA,TORONTO,2025-10-21,0,Ottawa,OTTW,2025-10-21T09:21:00Z,2025-10-21T09:21:00Z,ARR,goo,0.0
41,True,True,OTTAWA,TORONTO,2025-10-21,1,Fallowfield,FALL,2025-10-21T09:35:55Z,2025-10-21T09:38:00Z,ARR,goo,-2.0
41,True,True,OTTAWA,TORONTO,2025-10-21,2,Smiths Falls,SMTF,2025-10-21T10:05:52Z,2025-10-21T10:08:00Z,ARR,goo,-2.0
41,True,True,OTTAWA,TORONTO,2025-10-21,3,Brockville,BRKV,2025-10-21T10:38:58Z,2025-10-21T10:40:00Z,ARR,goo,-1.0
41,True,True,OTTAWA,TORONTO,2025-10-21,4,Kingston,KGON,2025-10-21T11:25:40Z,2025-10-21T11:25:00Z,ARR,goo,0.0
41,True,True,OTTAWA,TORONTO,2025-10-21,5,Napanee,NAPN,2025-10-21T11:50:12Z,2025-10-21T11:49:00Z,ARR,goo,1.0
41,True,True,OTTAWA,TORONTO,2025-10-21,6,Belleville,BLVL,2025-10-21T12:12:32Z,2025-10-21T12:07:00Z,ARR,med,5.0
41,True,True,OTTAWA,TORONTO,2025-10-21,7,Trenton Jct.,TRNJ,2025-10-21T12:25:42Z,2025-10-21T12:20:00Z,ARR,med,5.0
41,True,True,OTTAWA,TORONTO,2025-10-21,8,Cobourg,CBRG,2025-10-21T12:53:42Z,2025-10-21T12:44:00Z,ARR,med,9.0
41,True,True,OTTAWA,TORONTO,2025-10-21,9,Oshawa,OSHA,2025-10-21T13:32:03Z,2025-10-21T13:19:00Z,ARR,med,13.0
41,True,True,OTTAWA,TORONTO,2025-10-21,10,Toronto,TRTO,2025-10-21T14:13:21Z,2025-10-21T14:02:00Z,ARR,med,11.0
50,True,True,TORONTO,OTTAWA,2025-10-21,0,Toronto,TRTO,2025-10-21T10:32:00Z,2025-10-21T10:32:00Z,ARR,goo,0.0
50,True,True,TORONTO,OTTAWA,2025-10-21,1,Guildwood,GUIL,2025-10-21T10:50:30Z,2025-10-21T10:50:00Z,ARR,goo,0.0
50,True,True,TORONTO,OTTAWA,2025-10-21,2,Oshawa,OSHA,2025-10-21T11:15:30Z,2025-10-21T11:08:00Z,ARR,med,7.0
50,True,True,TORONTO,OTTAWA,2025-10-21,3,Cobourg,CBRG,2025-10-21T11:53:29Z,2025-10-21T11:43:00Z,ARR,med,10.0
50,True,True,TORONTO,OTTAWA,2025-10-21,4,Belleville,BLVL,2025-10-21T12:28:48Z,2025-10-21T12:18:00Z,ARR,med,10.0
50,True,True,TORONTO,OTTAWA,2025-10-21,5,Kingston,KGON,2025-10-21T13:07:22Z,2025-10-21T12:57:00Z,ARR,med,10.0
50,True,True,TORONTO,OTTAWA,2025-10-21,6,Brockville,BRKV,2025-10-21T14:19:36Z,2025-10-21T13:54:00Z,ARR,bad,25.0
50,True,True,TORONTO,OTTAWA,2025-10-21,7,Smiths Falls,SMTF,2025-10-21T14:45:07Z,2025-10-21T14:29:00Z,ARR,bad,16.0
50,True,True,TORONTO,OTTAWA,2025-10-21,8,Fallowfield,FALL,2025-10-21T15:18:33Z,2025-10-21T15:01:00Z,ARR,bad,17.0
50,True,True,TORONTO,OTTAWA,2025-10-21,9,Ottawa,OTTW,2025-10-21T15:38:48Z,2025-10-21T15:21:00Z,ARR,bad,17.0
52,True,True,TORONTO,OTTAWA,2025-10-21,0,Toronto,TRTO,2025-10-21T12:32:00Z,2025-10-21T12:32:00Z,ARR,goo,0.0
52,True,True,TORONTO,OTTAWA,2025-10-21,1,Guildwood,GUIL,2025-10-21T12:49:54Z,2025-10-21T12:50:00Z,ARR,goo,0.0
52,True,True,TORONTO,OTTAWA,2025-10-21,2,Oshawa,OSHA,2025-10-21T13:09:55Z,2025-10-21T13:09:00Z,ARR,goo,0.0
52,True,True,TORONTO,OTTAWA,2025-10-21,3,Cobourg,CBRG,2025-10-21T13:47:40Z,2025-10-21T13:44:00Z,ARR,goo,3.0
52,True,True,TORONTO,OTTAWA,2025-10-21,4,Belleville,BLVL,2025-10-21T14:30:59Z,2025-10-21T14:20:00Z,ARR,med,10.0
52,True,True,TORONTO,OTTAWA,2025-10-21,5,Kingston,KGON,2025-10-21T15:09:53Z,2025-10-21T15:00:00Z,ARR,med,9.0
52,True,True,TORONTO,OTTAWA,2025-10-21,6,Brockville,BRKV,2025-10-21T15:55:51Z,2025-10-21T15:57:00Z,ARR,goo,-1.0
52,True,True,TORONTO,OTTAWA,2025-10-21,7,Smiths Falls,SMTF,2025-10-21T16:44:32Z,2025-10-21T16:35:00Z,ARR,med,9.0
52,True,True,TORONTO,OTTAWA,2025-10-21,8,Fallowfield,FALL,2025-10-21T17:08:06Z,2025-10-21T17:11:00Z,ARR,goo,-2.0
52,True,True,TORONTO,OTTAWA,2025-10-21,9,Ottawa,OTTW,2025-10-21T17:27:49Z,2025-10-21T17:32:00Z,ARR,goo,-4.0
53,True,True,OTTAWA,TORONTO,2025-10-21,0,Ottawa,OTTW,2025-10-21T15:43:00Z,2025-10-21T15:43:00Z,ARR,goo,0.0
53,True,True,OTTAWA,TORONTO,2025-10-21,1,Fallowfield,FALL,2025-10-21T16:01:09Z,2025-10-21T16:00:00Z,ARR,goo,1.0
53,True,True,OTTAWA,TORONTO,2025-10-21,2,Brockville,BRKV,2025-10-21T17:00:38Z,2025-10-21T17:01:00Z,ARR,goo,0.0
53,True,True,OTTAWA,TORONTO,2025-10-21,3,Gananoque,GANA,2025-10-21T17:32:24Z,2025-10-21T17:31:00Z,ARR,goo,1.0
53,True,True,OTTAWA,TORONTO,2025-10-21,4,Kingston,KGON,2025-10-21T17:53:58Z,2025-10-21T17:54:00Z,ARR,goo,0.0
53,True,True,OTTAWA,TORONTO,2025-10-21,5,Belleville,BLVL,2025-10-21T18:37:08Z,2025-10-21T18:36:00Z,ARR,goo,1.0
53,True,True,OTTAWA,TORONTO,2025-10-21,6,Cobourg,CBRG,2025-10-21T19:13:41Z,2025-10-21T19:12:00Z,ARR,goo,1.0
53,True,True,OTTAWA,TORONTO,2025-10-21,7,Oshawa,OSHA,2025-10-21T19:52:35Z,2025-10-21T19:48:00Z,ARR,goo,4.0
53,True,True,OTTAWA,TORONTO,2025-10-21,8,Toronto,TRTO,2025-10-21T20:34:47Z,2025-10-21T20:33:00Z,ARR,goo,1.0
60,True,True,TORONTO,MONTRÉAL,2025-10-21,0,Toronto,TRTO,2025-10-21T10:32:00Z,2025-10-21T10:32:00Z,ARR,goo,0.0
60,True,True,TORONTO,MONTRÉAL,2025-10-21,1,Guildwood,GUIL,2025-10-21T10:50:20Z,2025-10-21T10:50:00Z,ARR,goo,0.0
60,True,True,TORONTO,MONTRÉAL,2025-10-21,2,Oshawa,OSHA,2025-10-21T11:15:26Z,2025-10-21T11:08:00Z,ARR,med,7.0
60,True,True,TORONTO,MONTRÉAL,2025-10-21,3,Cobourg,CBRG,2025-10-21T11:53:19Z,2025-10-21T11:43:00Z,ARR,med,10.0
60,True,True,TORONTO,MONTRÉAL,2025-10-21,4,Belleville,BLVL,2025-10-21T12:28:39Z,2025-10-21T12:18:00Z,ARR,med,10.0
60,True,True,TORONTO,MONTRÉAL,2025-10-21,5,Kingston,KGON,2025-10-21T13:07:18Z,2025-10-21T12:57:00Z,ARR,med,10.0
60,True,True,TORONTO,MONTRÉAL,2025-10-21,6,Cornwall,CWLL,2025-10-21T14:51:38Z,2025-10-21T14:38:00Z,ARR,med,13.0
60,True,True,TORONTO,MONTRÉAL,2025-10-21,7,Dorval,DORV,2025-10-21T15:43:04Z,2025-10-21T15:25:00Z,ARR,bad,18.0
60,True,True,TORONTO,MONTRÉAL,2025-10-21,8,Montréal,MTRL,2025-10-21T16:08:01Z,2025-10-21T15:50:00Z,ARR,bad,18.0
61,True,True,MONTRÉAL,TORONTO,2025-10-21,0,Montréal,MTRL,2025-10-21T10:56:57Z,2025-10-21T10:45:00Z,ARR,med,11.0
61,True,True,MONTRÉAL,TORONTO,2025-10-21,1,Dorval,DORV,2025-10-21T11:24:56Z,2025-10-21T11:08:00Z,ARR,bad,16.0
61,True,True,MONTRÉAL,TORONTO,2025-10-21,2,Cornwall,CWLL,2025-10-21T12:25:51Z,2025-10-21T12:01:00Z,ARR,bad,24.0
61,True,True,MONTRÉAL,TORONTO,2025-10-21,3,Kingston,KGON,2025-10-21T13:48:42Z,2025-10-21T13:29:00Z,ARR,bad,19.0
61,True,True,MONTRÉAL,TORONTO,2025-10-21,4,Belleville,BLVL,2025-10-21T14:30:26Z,2025-10-21T14:11:00Z,ARR,bad,19.0
61,True,True,MONTRÉAL,TORONTO,2025-10-21,5,Oshawa,OSHA,2025-10-21T15:39:34Z,2025-10-21T15:19:00Z,ARR,bad,20.0
61,True,True,MONTRÉAL,TORONTO,2025-10-21,6,Guildwood,GUIL,2025-10-21T16:01:28Z,2025-10-21T15:43:00Z,ARR,bad,18.0
61,True,True,MONTRÉAL,TORONTO,2025-10-21,7,Toronto,TRTO,2025-10-21T16:21:16Z,2025-10-21T16:03:00Z,ARR,bad,18.0
64,True,True,TORONTO,MONTRÉAL,2025-10-21,0,Toronto,TRTO,2025-10-21T15:38:05Z,2025-10-21T15:38:00Z,ARR,goo,0.0
64,True,True,TORONTO,MONTRÉAL,2025-10-21,1,Guildwood,GUIL,2025-10-21T15:54:38Z,2025-10-21T15:55:00Z,ARR,goo,0.0
64,True,True,TORONTO,MONTRÉAL,2025-10-21,2,Oshawa,OSHA,2025-10-21T16:15:10Z,2025-10-21T16:09:00Z,ARR,med,6.0
64,True,True,TORONTO,MONTRÉAL,2025-10-21,3,Cobourg,CBRG,2025-10-21T16:48:31Z,2025-10-21T16:46:00Z,ARR,goo,2.0
64,True,True,TORONTO,MONTRÉAL,2025-10-21,4,Belleville,BLVL,2025-10-21T17:24:19Z,2025-10-21T17:22:00Z,ARR,goo,2.0
64,True,True,TORONTO,MONTRÉAL,2025-10-21,5,Kingston,KGON,2025-10-21T18:15:42Z,2025-10-21T18:03:00Z,ARR,med,12.0
64,True,True,TORONTO,MONTRÉAL,2025-10-21,6,Brockville,BRKV,2025-10-21T19:11:36Z,2025-10-21T18:52:00Z,ARR,bad,19.0
64,True,True,TORONTO,MONTRÉAL,2025-10-21,7,Cornwall,CWLL,2025-10-21T19:56:48Z,2025-10-21T19:42:00Z,ARR,med,14.0
64,True,True,TORONTO,MONTRÉAL,2025-10-21,8,Dorval,DORV,2025-10-21T20:54:08Z,2025-10-21T20:37:00Z,ARR,bad,17.0
64,True,True,TORONTO,MONTRÉAL,2025-10-21,9,Montréal,MTRL,2025-10-21T21:20:36Z,2025-10-21T21:05:00Z,ARR,bad,15.0
65,True,True,MONTRÉAL,TORONTO,2025-10-21,0,Montréal,MTRL,2025-10-21T15:00:00Z,2025-10-21T14:49:00Z,ARR,med,11.0
65,True,True,MONTRÉAL,TORONTO,2025-10-21,1,Dorval,DORV,2025-10-21T15:33:16Z,2025-10-21T15:12:00Z,ARR,bad,21.0
65,True,True,MONTRÉAL,TORONTO,2025-10-21,2,Cornwall,CWLL,2025-10-21T16:27:33Z,2025-10-21T16:06:00Z,ARR,bad,21.0
65,True,True,MONTRÉAL,TORONTO,2025-10-21,3,Kingston,KGON,2025-10-21T18:03:58Z,2025-10-21T17:36:00Z,ARR,bad,27.0
65,True,True,MONTRÉAL,TORONTO,2025-10-21,4,Belleville,BLVL,2025-10-21T18:47:42Z,2025-10-21T18:20:00Z,ARR,bad,27.0
65,True,True,MONTRÉAL,TORONTO,2025-10-21,5,Cobourg,CBRG,2025-10-21T19:23:26Z,2025-10-21T18:58:00Z,ARR,bad,25.0
65,True,True,MONTRÉAL,TORONTO,2025-10-21,6,Oshawa,OSHA,2025-10-21T19:59:39Z,2025-10-21T19:34:00Z,ARR,bad,25.0
65,True,True,MONTRÉAL,TORONTO,2025-10-21,7,Toronto,TRTO,2025-10-21T20:56:44Z,2025-10-21T20:18:00Z,ARR,bad,38.0
67,True,True,MONTRÉAL,TORONTO,2025-10-21,0,Montréal,MTRL,2025-10-21T17:22:00Z,2025-10-21T17:22:00Z,ARR,goo,0.0
67,True,True,MONTRÉAL,TORONTO,2025-10-21,1,Dorval,DORV,2025-10-21T17:54:53Z,2025-10-21T17:47:00Z,ARR,med,7.0
67,True,True,MONTRÉAL,TORONTO,2025-10-21,2,Cornwall,CWLL,2025-10-21T18:48:31Z,2025-10-21T18:38:00Z,ARR,med,10.0
67,True,True,MONTRÉAL,TORONTO,2025-10-21,3,Kingston,KGON,2025-10-21T20:14:19Z,2025-10-21T20:03:00Z,ARR,med,11.0
67,True,True,MONTRÉAL,TORONTO,2025-10-21,4,Belleville,BLVL,2025-10-21T20:55:58Z,2025-10-21T20:42:00Z,ARR,med,13.0
67,True,True,MONTRÉAL,TORONTO,2025-10-21,5,Cobourg,CBRG,2025-10-21T21:29:07Z,2025-10-21T21:17:00Z,ARR,med,12.0
67,True,True,MONTRÉAL,TORONTO,2025-10-21,6,Oshawa,OSHA,2025-10-21T22:01:47Z,2025-10-21T21:50:00Z,ARR,med,11.0
67,True,True,MONTRÉAL,TORONTO,2025-10-21,7,Toronto,TRTO,2025-10-21T22:45:38Z,2025-10-21T22:45:00Z,ARR,goo,0.0
70,True,True,WINDSOR,TORONTO,2025-10-21,0,Windsor,WDON,2025-10-21T09:35:08Z,2025-10-21T09:35:00Z,ARR,goo,0.0
70,True,True,WINDSOR,TORONTO,2025-10-21,1,Chatham,CHAT,2025-10-21T10:17:11Z,2025-10-21T10:19:00Z,ARR,goo,-1.0
70,True,True,WINDSOR,TORONTO,2025-10-21,2,London,LNDN,2025-10-21T11:34:28Z,2025-10-21T11:25:00Z,ARR,med,9.0
70,True,True,WINDSOR,TORONTO,2025-10-21,3,Ingersoll,INGR,2025-10-21T12:00:57Z,2025-10-21T11:55:00Z,ARR,med,5.0
70,True,True,WINDSOR,TORONTO,2025-10-21,4,Woodstock,WDST,2025-10-21T12:13:15Z,2025-10-21T12:08:00Z,ARR,med,5.0
70,True,True,WINDSOR,TORONTO,2025-10-21,5,Brantford,BRTF,2025-10-21T12:45:52Z,2025-10-21T12:44:00Z,ARR,goo,1.0
70,True,True,WINDSOR,TORONTO,2025-10-21,6,Aldershot,ALDR,2025-10-21T13:23:48Z,2025-10-21T13:25:00Z,ARR,goo,-1.0
70,True,True,WINDSOR,TORONTO,2025-10-21,7,Oakville,OAKV,2025-10-21T13:42:44Z,2025-10-21T13:43:00Z,ARR,goo,0.0
70,True,True,WINDSOR,TORONTO,2025-10-21,8,Toronto,TRTO,2025-10-21T14:14:23Z,2025-10-21T14:10:00Z,ARR,goo,4.0
71,True,True,TORONTO,WINDSOR,2025-10-21,0,Toronto,TRTO,2025-10-21T10:50:00Z,2025-10-21T10:50:00Z,ARR,goo,0.0
71,True,True,TORONTO,WINDSOR,2025-10-21,1,Oakville,OAKV,2025-10-21T11:14:50Z,2025-10-21T11:13:00Z,ARR,goo,1.0
71,True,True,TORONTO,WINDSOR,2025-10-21,2,Aldershot,ALDR,2025-10-21T11:30:25Z,2025-10-21T11:29:00Z,ARR,goo,1.0
71,True,True,TORONTO,WINDSOR,2025-10-21,3,Brantford,BRTF,2025-10-21T12:00:26Z,2025-10-21T11:55:00Z,ARR,med,5.0
71,True,True,TORONTO,WINDSOR,2025-10-21,4,Woodstock,WDST,2025-10-21T12:31:42Z,2025-10-21T12:30:00Z,ARR,goo,1.0
71,True,True,TORONTO,WINDSOR,2025-10-21,5,Ingersoll,INGR,2025-10-21T12:44:53Z,2025-10-21T12:43:00Z,ARR,goo,1.0
71,True,True,TORONTO,WINDSOR,2025-10-21,6,London,LNDN,2025-10-21T13:06:29Z,2025-10-21T13:06:00Z,ARR,goo,0.0
71,True,True,TORONTO,WINDSOR,2025-10-21,7,Glencoe,GLNC,2025-10-21T13:44:11Z,2025-10-21T13:39:00Z,ARR,med,5.0
71,True,True,TORONTO,WINDSOR,2025-10-21,8,Chatham,CHAT,2025-10-21T14:28:44Z,2025-10-21T14:18:00Z,ARR,med,10.0
71,True,True,TORONTO,WINDSOR,2025-10-21,9,Windsor,WDON,2025-10-21T15:17:55Z,2025-10-21T15:08:00Z,ARR,med,9.0
72,True,True,WINDSOR,TORONTO,2025-10-21,0,Windsor,WDON,2025-10-21T12:43:11Z,2025-10-21T12:43:00Z,ARR,goo,0.0
72,True,True,WINDSOR,TORONTO,2025-10-21,1,Chatham,CHAT,2025-10-21T13:36:56Z,2025-10-21T13:25:00Z,ARR,med,11.0
72,True,True,WINDSOR,TORONTO,2025-10-21,2,Glencoe,GLNC,2025-10-21T14:30:27Z,2025-10-21T14:05:00Z,ARR,bad,25.0
72,True,True,WINDSOR,TORONTO,2025-10-21,3,London,LNDN,2025-10-21T15:02:26Z,2025-10-21T14:39:00Z,ARR,bad,23.0
72,True,True,WINDSOR,TORONTO,2025-10-21,4,Ingersoll,INGR,2025-10-21T15:31:41Z,2025-10-21T15:07:00Z,ARR,bad,24.0
72,True,True,WINDSOR,TORONTO,2025-10-21,5,Woodstock,WDST,2025-10-21T15:43:48Z,2025-10-21T15:23:00Z,ARR,bad,20.0
72,True,True,WINDSOR,TORONTO,2025-10-21,6,Brantford,BRTF,2025-10-21T16:14:49Z,2025-10-21T15:55:00Z,ARR,bad,19.0
72,True,True,WINDSOR,TORONTO,2025-10-21,7,Aldershot,ALDR,2025-10-21T16:46:55Z,2025-10-21T16:29:00Z,ARR,bad,17.0
72,True,True,WINDSOR,TORONTO,2025-10-21,8,Oakville,OAKV,2025-10-21T17:02:58Z,2025-10-21T16:45:00Z,ARR,bad,17.0
72,True,True,WINDSOR,TORONTO,2025-10-21,9,Toronto,TRTO,2025-10-21T17:45:24Z,2025-10-21T17:11:00Z,ARR,bad,34.0
73,True,True,TORONTO,WINDSOR,2025-10-21,0,Toronto,TRTO,2025-10-21T15:30:01Z,2025-10-21T15:30:00Z,ARR,goo,0.0
73,True,True,TORONTO,WINDSOR,2025-10-21,1,Oakville,OAKV,2025-10-21T15:57:56Z,2025-10-21T15:51:00Z,ARR,med,6.0
73,True,True,TORONTO,WINDSOR,2025-10-21,2,Aldershot,ALDR,2025-10-21T16:14:08Z,2025-10-21T16:09:00Z,ARR,med,5.0
73,True,True,TORONTO,WINDSOR,2025-10-21,3,Brantford,BRTF,2025-10-21T16:49:16Z,2025-10-21T16:40:00Z,ARR,med,9.0
73,True,True,TORONTO,WINDSOR,2025-10-21,4,Woodstock,WDST,2025-10-21T17:21:33Z,2025-10-21T17:09:00Z,ARR,med,12.0
73,True,True,TORONTO,WINDSOR,2025-10-21,5,London,LNDN,2025-10-21T17:58:52Z,2025-10-21T17:38:00Z,ARR,bad,20.0
73,True,True,TORONTO,WINDSOR,2025-10-21,6,Chatham,CHAT,2025-10-21T19:22:58Z,2025-10-21T18:50:00Z,ARR,bad,32.0
73,True,True,TORONTO,WINDSOR,2025-10-21,7,Windsor,WDON,2025-10-21T20:22:18Z,2025-10-21T19:45:00Z,ARR,bad,37.0
76,True,True,WINDSOR,TORONTO,2025-10-21,0,Windsor,WDON,2025-10-21T17:06:23Z,2025-10-21T17:06:00Z,ARR,goo,0.0
76,True,True,WINDSOR,TORONTO,2025-10-21,1,Chatham,CHAT,2025-10-21T17:52:52Z,2025-10-21T17:48:00Z,ARR,goo,4.0
76,True,True,WINDSOR,TORONTO,2025-10-21,2,Glencoe,GLNC,2025-10-21T18:42:40Z,2025-10-21T18:23:00Z,ARR,bad,19.0
76,True,True,WINDSOR,TORONTO,2025-10-21,3,London,LNDN,2025-10-21T19:15:40Z,2025-10-21T18:58:00Z,ARR,bad,17.0
76,True,True,WINDSOR,TORONTO,2025-10-21,4,Brantford,BRTF,2025-10-21T20:20:25Z,2025-10-21T19:59:00Z,ARR,bad,21.0
76,True,True,WINDSOR,TORONTO,2025-10-21,5,Aldershot,ALDR,2025-10-21T21:06:56Z,2025-10-21T20:30:00Z,ARR,bad,36.0
76,True,True,WINDSOR,TORONTO,2025-10-21,6,Oakville,OAKV,2025-10-21T21:27:17Z,2025-10-21T20:47:00Z,ARR,bad,40.0
76,True,True,WINDSOR,TORONTO,2025-10-21,7,Toronto,TRTO,2025-10-21T21:57:41Z,2025-10-21T21:13:00Z,ARR,bad,44.0
82,True,True,LONDON,TORONTO,2025-10-21,0,London,LNDN,2025-10-21T10:25:00Z,2025-10-21T10:25:00Z,ARR,goo,0.0
82,True,True,LONDON,TORONTO,2025-10-21,1,Woodstock,WDST,2025-10-21T10:58:49Z,2025-10-21T10:53:00Z,ARR,med,5.0
82,True,True,LONDON,TORONTO,2025-10-21,2,Brantford,BRTF,2025-10-21T11:31:20Z,2025-10-21T11:23:00Z,ARR,med,8.0
82,True,True,LONDON,TORONTO,2025-10-21,3,Toronto,TRTO,2025-10-21T12:48:00Z,2025-10-21T12:35:00Z,ARR,med,13.0
84,True,True,SARNIA,TORONTO,2025-10-21,0,Sarnia,SARN,2025-10-21T12:40:00Z,2025-10-21T12:40:00Z,ARR,goo,0.0
84,True,True,SARNIA,TORONTO,2025-10-21,1,Wyoming,WYOM,2025-10-21T12:58:51Z,2025-10-21T12:55:00Z,ARR,goo,3.0
84,True,True,SARNIA,TORONTO,2025-10-21,2,Strathroy,STRR,2025-10-21T13:26:03Z,2025-10-21T13:27:00Z,ARR,goo,0.0
84,True,True,SARNIA,TORONTO,2025-10-21,3,London,LNDN,2025-10-21T13:53:28Z,2025-10-21T13:52:00Z,ARR,goo,1.0
84,True,True,SARNIA,TORONTO,2025-10-21,4,St.Marys,SMYS,2025-10-21T15:05:03Z,2025-10-21T14:45:00Z,ARR,bad,20.0
84,True,True,SARNIA,TORONTO,2025-10-21,5,Stratford,STRF,2025-10-21T15:32:57Z,2025-10-21T15:14:00Z,ARR,bad,18.0
84,True,True,SARNIA,TORONTO,2025-10-21,6,Kitchener,KITC,2025-10-21T16:18:06Z,2025-10-21T16:02:00Z,ARR,bad,16.0
84,True,True,SARNIA,TORONTO,2025-10-21,7,Guelph,GUEL,2025-10-21T16:40:07Z,2025-10-21T16:24:00Z,ARR,bad,16.0
84,True,True,SARNIA,TORONTO,2025-10-21,8,Georgetown,GEOR,2025-10-21T17:03:52Z,2025-10-21T16:47:00Z,ARR,bad,16.0
84,True,True,SARNIA,TORONTO,2025-10-21,9,Brampton,BRMP,2025-10-21T17:16:04Z,2025-10-21T16:59:00Z,ARR,bad,17.0
84,True,True,SARNIA,TORONTO,2025-10-21,10,Malton,MALT,2025-10-21T17:27:54Z,2025-10-21T17:11:00Z,ARR,bad,16.0
84,True,True,SARNIA,TORONTO,2025-10-21,11,Toronto,TRTO,2025-10-21T17:47:17Z,2025-10-21T17:38:00Z,ARR,med,9.0
644,True,True,TORONTO,OTTAWA,2025-10-21,0,Toronto,TRTO,2025-10-21T17:23:38Z,2025-10-21T17:23:00Z,ARR,goo,0.0
644,True,True,TORONTO,OTTAWA,2025-10-21,1,Oshawa,OSHA,2025-10-21T18:00:00Z,2025-10-21T17:53:00Z,ARR,med,7.0
644,True,True,TORONTO,OTTAWA,2025-10-21,2,Cobourg,CBRG,2025-10-21T18:37:55Z,2025-10-21T18:28:00Z,ARR,med,9.0
644,True,True,TORONTO,OTTAWA,2025-10-21,3,Belleville,BLVL,2025-10-21T19:25:44Z,2025-10-21T19:03:00Z,ARR,bad,22.0
644,True,True,TORONTO,OTTAWA,2025-10-21,4,Kingston,KGON,2025-10-21T20:04:45Z,2025-10-21T19:43:00Z,ARR,bad,21.0
644,True,True,TORONTO,OTTAWA,2025-10-21,5,Fallowfield,FALL,2025-10-21T21:38:27Z,2025-10-21T21:30:00Z,ARR,med,8.0
644,True,True,TORONTO,OTTAWA,2025-10-21,6,Ottawa,OTTW,2025-10-21T21:58:42Z,2025-10-21T21:53:00Z,ARR,med,5.0
641,True,True,OTTAWA,TORONTO,2025-10-21,0,Ottawa,OTTW,2025-10-21T08:13:03Z,2025-10-21T08:13:00Z,ARR,goo,0.0
641,True,True,OTTAWA,TORONTO,2025-10-21,1,Fallowfield,FALL,2025-10-21T08:29:48Z,2025-10-21T08:30:00Z,ARR,goo,0.0
641,True,True,OTTAWA,TORONTO,2025-10-21,2,Smiths Falls,SMTF,2025-10-21T08:59:05Z,2025-10-21T09:00:00Z,ARR,goo,0.0
641,True,True,OTTAWA,TORONTO,2025-10-21,3,Brockville,BRKV,2025-10-21T09:31:44Z,2025-10-21T09:32:00Z,ARR,goo,0.0
641,True,True,OTTAWA,TORONTO,2025-10-21,4,Kingston,KGON,2025-10-21T10:17:22Z,2025-10-21T10:16:00Z,ARR,goo,1.0
641,True,True,OTTAWA,TORONTO,2025-10-21,5,Belleville,BLVL,2025-10-21T10:56:39Z,2025-10-21T10:56:00Z,ARR,goo,0.0
641,True,True,OTTAWA,TORONTO,2025-10-21,6,Cobourg,CBRG,2025-10-21T11:30:47Z,2025-10-21T11:31:00Z,ARR,goo,0.0
641,True,True,OTTAWA,TORONTO,2025-10-21,7,Port Hope,PHOP,2025-10-21T11:41:01Z,2025-10-21T11:41:00Z,ARR,goo,0.0
641,True,True,OTTAWA,TORONTO,2025-10-21,8,Toronto,TRTO,2025-10-21T12:56:04Z,2025-10-21T12:48:00Z,ARR,med,8.0
643,True,True,OTTAWA,TORONTO,2025-10-21,0,Ottawa,OTTW,2025-10-21T12:29:00Z,2025-10-21T12:29:00Z,ARR,goo,0.0
643,True,True,OTTAWA,TORONTO,2025-10-21,1,Fallowfield,FALL,2025-10-21T12:45:34Z,2025-10-21T12:45:00Z,ARR,goo,0.0
643,True,True,OTTAWA,TORONTO,2025-10-21,2,Smiths Falls,SMTF,2025-10-21T13:16:24Z,2025-10-21T13:17:00Z,ARR,goo,0.0
643,True,True,OTTAWA,TORONTO,2025-10-21,3,Brockville,BRKV,2025-10-21T13:49:36Z,2025-10-21T13:49:00Z,ARR,goo,0.0
643,True,True,OTTAWA,TORONTO,2025-10-21,4,Kingston,KGON,2025-10-21T14:39:01Z,2025-10-21T14:32:00Z,ARR,med,7.0
643,True,True,OTTAWA,TORONTO,2025-10-21,5,Napanee,NAPN,2025-10-21T15:02:00Z,2025-10-21T14:57:00Z,ARR,med,5.0
643,True,True,OTTAWA,TORONTO,2025-10-21,6,Belleville,BLVL,2025-10-21T15:23:34Z,2025-10-21T15:17:00Z,ARR,med,6.0
643,True,True,OTTAWA,TORONTO,2025-10-21,7,Trenton Jct.,TRNJ,2025-10-21T15:36:33Z,2025-10-21T15:31:00Z,ARR,med,5.0
643,True,True,OTTAWA,TORONTO,2025-10-21,8,Cobourg,CBRG,2025-10-21T16:08:49Z,2025-10-21T15:57:00Z,ARR,med,11.0
643,True,True,OTTAWA,TORONTO,2025-10-21,9,Port Hope,PHOP,2025-10-21T16:19:47Z,2025-10-21T16:07:00Z,ARR,med,12.0
643,True,True,OTTAWA,TORONTO,2025-10-21,10,Oshawa,OSHA,2025-10-21T16:49:27Z,2025-10-21T16:35:00Z,ARR,med,14.0
643,True,True,OTTAWA,TORONTO,2025-10-21,11,Guildwood,GUIL,2025-10-21T17:11:26Z,2025-10-21T16:58:00Z,ARR,med,13.0
643,True,True,OTTAWA,TORONTO,2025-10-21,12,Toronto,TRTO,2025-10-21T17:30:40Z,2025-10-21T17:18:00Z,ARR,med,12.0
97,True,True,TORONTO,NIAGARA FALLS,2025-10-21,0,Toronto,TRTO,2025-10-21T12:20:00Z,2025-10-21T12:20:00Z,ARR,goo,0.0
97,True,True,TORONTO,NIAGARA FALLS,2025-10-21,1,Oakville,OAKV,2025-10-21T12:43:00Z,2025-10-21T12:43:00Z,ARR,goo,0.0
97,True,True,TORONTO,NIAGARA FALLS,2025-10-21,2,Aldershot,ALDR,2025-10-21T13:11:00Z,2025-10-21T12:56:00Z,ARR,bad,15.0
97,True,True,TORONTO,NIAGARA FALLS,2025-10-21,3,Grimsby,GRIM,2025-10-21T13:48:00Z,2025-10-21T13:37:00Z,ARR,med,11.0
97,True,True,TORONTO,NIAGARA FALLS,2025-10-21,4,St. Catharines,SCAT,2025-10-21T14:08:00Z,2025-10-21T13:57:00Z,ARR,med,11.0
97,True,True,TORONTO,NIAGARA FALLS,2025-10-21,5,Niagara Falls,NIAG,2025-10-21T14:31:00Z,2025-10-21T14:20:00Z,ARR,med,11.0
62,True,True,TORONTO,MONTRÉAL,2025-10-21,0,Toronto,TRTO,2025-10-21T12:32:00Z,2025-10-21T12:32:00Z,ARR,goo,0.0
62,True,True,TORONTO,MONTRÉAL,2025-10-21,1,Guildwood,GUIL,2025-10-21T12:49:46Z,2025-10-21T12:50:00Z,ARR,goo,0.0
62,True,True,TORONTO,MONTRÉAL,2025-10-21,2,Oshawa,OSHA,2025-10-21T13:09:53Z,2025-10-21T13:09:00Z,ARR,goo,0.0
62,True,True,TORONTO,MONTRÉAL,2025-10-21,3,Cobourg,CBRG,2025-10-21T13:47:36Z,2025-10-21T13:44:00Z,ARR,goo,3.0
62,True,True,TORONTO,MONTRÉAL,2025-10-21,4,Belleville,BLVL,2025-10-21T14:30:54Z,2025-10-21T14:20:00Z,ARR,med,10.0
62,True,True,TORONTO,MONTRÉAL,2025-10-21,5,Kingston,KGON,2025-10-21T15:09:52Z,2025-10-21T15:00:00Z,ARR,med,9.0
62,True,True,TORONTO,MONTRÉAL,2025-10-21,6,Cornwall,CWLL,2025-10-21T16:42:16Z,2025-10-21T16:43:00Z,ARR,goo,0.0
62,True,True,TORONTO,MONTRÉAL,2025-10-21,7,Dorval,DORV,2025-10-21T17:39:46Z,2025-10-21T17:34:00Z,ARR,med,5.0
62,True,True,TORONTO,MONTRÉAL,2025-10-21,8,Montréal,MTRL,2025-10-21T18:07:57Z,2025-10-21T18:00:00Z,ARR,med,7.0
33,True,True,QUÉBEC,OTTAWA,2025-10-21,0,Québec,QBEC,2025-10-21T09:29:00Z,2025-10-21T09:29:00Z,ARR,goo,0.0
33,True,True,QUÉBEC,OTTAWA,2025-10-21,1,Ste-Foy,SFOY,2025-10-21T09:56:13Z,2025-10-21T09:54:00Z,ARR,goo,2.0
33,True,True,QUÉBEC,OTTAWA,2025-10-21,2,Charny,CHNY,2025-10-21T10:05:22Z,2025-10-21T10:03:00Z,ARR,goo,2.0
33,True,True,QUÉBEC,OTTAWA,2025-10-21,3,Drummondville,DRMV,2025-10-21T11:25:03Z,2025-10-21T11:26:00Z,ARR,goo,0.0
33,True,True,QUÉBEC,OTTAWA,2025-10-21,4,St. Hyacinthe,SHYA,2025-10-21T12:01:17Z,2025-10-21T11:57:00Z,ARR,goo,4.0
33,True,True,QUÉBEC,OTTAWA,2025-10-21,5,St. Lambert,SLAM,2025-10-21T12:30:45Z,2025-10-21T12:23:00Z,ARR,med,7.0
33,True,True,QUÉBEC,OTTAWA,2025-10-21,6,Montréal,MTRL,2025-10-21T12:45:14Z,2025-10-21T12:37:00Z,ARR,med,8.0
33,True,True,QUÉBEC,OTTAWA,2025-10-21,7,Dorval,DORV,2025-10-21T13:38:18Z,2025-10-21T13:24:00Z,ARR,med,14.0
33,True,True,QUÉBEC,OTTAWA,2025-10-21,8,Alexandria,ALEX,2025-10-21T14:28:19Z,2025-10-21T14:10:00Z,ARR,bad,18.0
33,True,True,QUÉBEC,OTTAWA,2025-10-21,9,Casselman,CSLM,2025-10-21T15:00:07Z,2025-10-21T14:33:00Z,ARR,bad,27.0
33,True,True,QUÉBEC,OTTAWA,2025-10-21,10,Ottawa,OTTW,2025-10-21T15:23:17Z,2025-10-21T15:04:00Z,ARR,bad,19.0
45,True,True,OTTAWA,TORONTO,2025-10-21,0,Ottawa,OTTW,2025-10-21T14:24:00Z,2025-10-21T14:24:00Z,ARR,goo,0.0
45,True,True,OTTAWA,TORONTO,2025-10-21,1,Fallowfield,FALL,2025-10-21T14:39:44Z,2025-10-21T14:40:00Z,ARR,goo,0.0
45,True,True,OTTAWA,TORONTO,2025-10-21,2,Kingston,KGON,2025-10-21T16:21:09Z,2025-10-21T16:26:00Z,ARR,goo,-4.0
45,True,True,OTTAWA,TORONTO,2025-10-21,3,Toronto,TRTO,2025-10-21T19:06:06Z,2025-10-21T18:48:00Z,ARR,bad,18.0
185,True,True,SUDBURY,WHITE RIVER,2025-10-21,0,Sudbury,SUDB,2025-10-21T13:29:30Z,2025-10-21T13:00:00Z,ARR,bad,29.0
185,True,True,SUDBURY,WHITE RIVER,2025-10-21,1,Azilda,AZIL,2025-10-21T13:44:36Z,2025-10-21T13:10:00Z,ARR,bad,34.0
185,True,True,SUDBURY,WHITE RIVER,2025-10-21,2,Chelmsford,CHEL,2025-10-21T13:47:57Z,2025-10-21T13:15:00Z,ARR,bad,32.0
185,True,True,SUDBURY,WHITE RIVER,2025-10-21,3,Larchwood,LARC,2025-10-21T13:59:28Z,2025-10-21T13:19:00Z,ARR,bad,40.0
185,True,True,SUDBURY,WHITE RIVER,2025-10-21,4,Levack,LEVA,2025-10-21T14:30:13Z,2025-10-21T13:30:00Z,ARR,bad,60.0
185,True,True,SUDBURY,WHITE RIVER,2025-10-21,5,Cartier,CART,2025-10-21T17:10:41Z,2025-10-21T13:45:00Z,ARR,bad,205.0
185,True,True,SUDBURY,WHITE RIVER,2025-10-21,6,Benny,BENN,2025-10-21T17:30:41Z,2025-10-21T14:05:00Z,ARR,bad,205.0
185,True,True,SUDBURY,WHITE RIVER,2025-10-21,7,Stralak,STRL,2025-10-21T17:37:41Z,2025-10-21T14:12:00Z,ARR,bad,205.0
185,True,True,SUDBURY,WHITE RIVER,2025-10-21,8,Pogamasing,POGA,2025-10-21T17:50:41Z,2025-10-21T14:25:00Z,ARR,bad,205.0
185,True,True,SUDBURY,WHITE RIVER,2025-10-21,9,Sheahan,SHEA,2025-10-21T17:55:41Z,2025-10-21T14:30:00Z,ARR,bad,205.0
185,True,True,SUDBURY,WHITE RIVER,2025-10-21,10,Forks,FRKS,2025-10-21T18:05:41Z,2025-10-21T14:40:00Z,ARR,bad,205.0
185,True,True,SUDBURY,WHITE RIVER,2025-10-21,11,Metagama,MTGM,2025-10-21T18:15:41Z,2025-10-21T14:50:00Z,ARR,bad,205.0
185,True,True,SUDBURY,WHITE RIVER,2025-10-21,12,Sinker,SNKR,2025-10-21T18:20:41Z,2025-10-21T14:55:00Z,ARR,bad,205.0
185,True,True,SUDBURY,WHITE RIVER,2025-10-21,13,Biscotasing,BISC,2025-10-21T18:45:41Z,2025-10-21T15:20:00Z,ARR,bad,205.0
185,True,True,SUDBURY,WHITE RIVER,2025-10-21,14,Roberts,RBRT,2025-10-21T18:55:41Z,2025-10-21T15:30:00Z,ARR,bad,205.0
185,True,True,SUDBURY,WHITE RIVER,2025-10-21,15,Ramsey,RAMS,2025-10-21T19:10:41Z,2025-10-21T15:45:00Z,ARR,bad,205.0
185,True,True,SUDBURY,WHITE RIVER,2025-10-21,16,Woman River,WOMR,2025-10-21T19:30:41Z,2025-10-21T16:05:00Z,ARR,bad,205.0
185,True,True,SUDBURY,WHITE RIVER,2025-10-21,17,Sultan,SULT,2025-10-21T19:45:41Z,2025-10-21T16:20:00Z,ARR,bad,205.0
185,True,True,SUDBURY,WHITE RIVER,2025-10-21,18,Kormak,KORM,2025-10-21T20:00:41Z,2025-10-21T16:35:00Z,ARR,bad,205.0
185,True,True,SUDBURY,WHITE RIVER,2025-10-21,19,Kinogama,KINO,2025-10-21T20:05:41Z,2025-10-21T16:40:00Z,ARR,bad,205.0
185,True,True,SUDBURY,WHITE RIVER,2025-10-21,20,Nemegos,NEME,2025-10-21T20:20:41Z,2025-10-21T16:55:00Z,ARR,bad,205.0
185,True,True,SUDBURY,WHITE RIVER,2025-10-21,21,Devon,DEVN,2025-10-21T20:30:41Z,2025-10-21T17:05:00Z,ARR,bad,205.0
185,True,True,SUDBURY,WHITE RIVER,2025-10-21,22,Chapleau,CHAP,2025-10-21T20:45:41Z,2025-10-21T17:20:00Z,ARR,bad,205.0
185,True,True,SUDBURY,WHITE RIVER,2025-10-21,23,Esher,ESHR,2025-10-21T21:15:41Z,2025-10-21T17:50:00Z,ARR,bad,205.0
185,True,True,SUDBURY,WHITE RIVER,2025-10-21,24,Musk,MUSK,2025-10-21T21:25:41Z,2025-10-21T18:00:00Z,ARR,bad,205.0
185,True,True,SUDBURY,WHITE RIVER,2025-10-21,25,Nicholson,NICH,2025-10-21T21:35:41Z,2025-10-21T18:10:00Z,ARR,bad,205.0
185,True,True,SUDBURY,WHITE RIVER,2025-10-21,26,Bolkow,BOLK,2025-10-21T21:55:41Z,2025-10-21T18:30:00Z,ARR,bad,205.0
185,True,True,SUDBURY,WHITE RIVER,2025-10-21,27,Dalton,DALT,2025-10-21T22:10:41Z,2025-10-21T18:45:00Z,ARR,bad,205.0
185,True,True,SUDBURY,WHITE RIVER,2025-10-21,28,Missanabie,MSBI,2025-10-21T22:35:41Z,2025-10-21T19:10:00Z,ARR,bad,205.0
185,True,True,SUDBURY,WHITE RIVER,2025-10-21,29,Lochalsh,LOCH,2025-10-21T22:55:41Z,2025-10-21T19:30:00Z,ARR,bad,205.0
185,True,True,SUDBURY,WHITE RIVER,2025-10-21,30,Franz,FRNZ,2025-10-21T23:15:41Z,2025-10-21T19:50:00Z,ARR,bad,205.0
185,True,True,SUDBURY,WHITE RIVER,2025-10-21,31,Swanson,SWAN,2025-10-21T23:25:41Z,2025-10-21T20:00:00Z,ARR,bad,205.0
185,True,True,SUDBURY,WHITE RIVER,2025-10-21,32,Girdwood,GIRD,2025-10-21T23:50:41Z,2025-10-21T20:25:00Z,ARR,bad,205.0
185,True,True,SUDBURY,WHITE RIVER,2025-10-21,33,Amyot,AMYO,2025-10-22T00:00:41Z,2025-10-21T20:35:00Z,ARR,bad,205.0
185,True,True,SUDBURY,WHITE RIVER,2025-10-21,34,O'Brien,OBRI,2025-10-22T00:15:41Z,2025-10-21T20:50:00Z,ARR,bad,205.0
185,True,True,SUDBURY,WHITE RIVER,2025-10-21,35,White River,WHTR,2025-10-22T00:30:41Z,2025-10-21T21:05:00Z,ARR,bad,205.0
600,True,True,JONQUIÈRE,MONTRÉAL,2025-10-21,0,Jonquière,JONQ,2025-10-21T12:58:00Z,2025-10-21T12:58:00Z,ARR,goo,0.0
600,True,True,JONQUIÈRE,MONTRÉAL,2025-10-21,1,Hébertville,HEBV,2025-10-21T13:37:38Z,2025-10-21T13:32:00Z,ARR,med,5.0
600,True,True,JONQUIÈRE,MONTRÉAL,2025-10-21,2,Chambord,CHBD,2025-10-21T14:18:48Z,2025-10-21T14:09:00Z,ARR,med,9.0
600,True,True,JONQUIÈRE,MONTRÉAL,2025-10-21,3,Lac-Bouchette,LBOU,2025-10-21T15:00:37Z,2025-10-21T14:47:00Z,ARR,med,13.0
600,True,True,JONQUIÈRE,MONTRÉAL,2025-10-21,4,Club Lizotte,LIZO,2025-10-21T15:24:20Z,2025-10-21T15:12:00Z,ARR,med,12.0
600,True,True,JONQUIÈRE,MONTRÉAL,2025-10-21,5,Kondiaronk,KOND,2025-10-21T15:36:11Z,2025-10-21T15:25:00Z,ARR,med,11.0
600,True,True,JONQUIÈRE,MONTRÉAL,2025-10-21,6,Lac Des Roches,LDES,2025-10-21T15:38:05Z,2025-10-21T15:28:00Z,ARR,med,10.0
600,True,True,JONQUIÈRE,MONTRÉAL,2025-10-21,7,Van Bruyssel,VBRU,2025-10-21T15:47:02Z,2025-10-21T15:38:00Z,ARR,med,9.0
600,True,True,JONQUIÈRE,MONTRÉAL,2025-10-21,8,Kiskissink,KISK,2025-10-21T15:48:03Z,2025-10-21T15:39:01Z,ARR,med,9.0
600,True,True,JONQUIÈRE,MONTRÉAL,2025-10-21,9,Brooks,BRQU,2025-10-21T16:01:40Z,2025-10-21T15:51:00Z,ARR,med,10.0
600,True,True,JONQUIÈRE,MONTRÉAL,2025-10-21,10,Summit,SMQU,2025-10-21T16:12:40Z,2025-10-21T16:02:00Z,ARR,med,10.0
600,True,True,JONQUIÈRE,MONTRÉAL,2025-10-21,11,Club Sommet,SMMC,2025-10-21T16:13:41Z,2025-10-21T16:03:01Z,ARR,med,10.0
600,True,True,JONQUIÈRE,MONTRÉAL,2025-10-21,12,Club Grégoire,GRGC,2025-10-21T16:17:40Z,2025-10-21T16:07:00Z,ARR,med,10.0
600,True,True,JONQUIÈRE,MONTRÉAL,2025-10-21,13,Caribou,CARI,2025-10-21T16:24:40Z,2025-10-21T16:14:00Z,ARR,med,10.0
600,True,True,JONQUIÈRE,MONTRÉAL,2025-10-21,14,Cherokee,CHER,2025-10-21T16:30:39Z,2025-10-21T16:16:00Z,ARR,med,14.0
600,True,True,JONQUIÈRE,MONTRÉAL,2025-10-21,15,Lac-Édouard,LEDW,2025-10-21T16:42:31Z,2025-10-21T16:29:00Z,ARR,med,13.0
600,True,True,JONQUIÈRE,MONTRÉAL,2025-10-21,16,Club Triton,TRTC,2025-10-21T16:56:47Z,2025-10-21T16:42:00Z,ARR,med,14.0
600,True,True,JONQUIÈRE,MONTRÉAL,2025-10-21,17,Club Nicole,NCLC,2025-10-21T17:01:43Z,2025-10-21T16:50:00Z,ARR,med,11.0
600,True,True,JONQUIÈRE,MONTRÉAL,2025-10-21,18,Hirondelle,HRDL,2025-10-21T17:07:43Z,2025-10-21T16:56:00Z,ARR,med,11.0
600,True,True,JONQUIÈRE,MONTRÉAL,2025-10-21,19,Pearl Lake,PRLL,2025-10-21T17:10:44Z,2025-10-21T16:59:01Z,ARR,med,11.0
600,True,True,JONQUIÈRE,MONTRÉAL,2025-10-21,20,Sanford,SANF,2025-10-21T17:21:43Z,2025-10-21T17:10:00Z,ARR,med,11.0
600,True,True,JONQUIÈRE,MONTRÉAL,2025-10-21,21,Stadacona,STAD,2025-10-21T17:29:43Z,2025-10-21T17:18:00Z,ARR,med,11.0
600,True,True,JONQUIÈRE,MONTRÉAL,2025-10-21,22,Club Iroquois,IRQC,2025-10-21T17:33:43Z,2025-10-21T17:22:00Z,ARR,med,11.0
600,True,True,JONQUIÈRE,MONTRÉAL,2025-10-21,23,Lac Malouin,LMAL,2025-10-21T17:37:43Z,2025-10-21T17:26:00Z,ARR,med,11.0
600,True,True,JONQUIÈRE,MONTRÉAL,2025-10-21,24,Bima,BIMA,2025-10-21T17:39:43Z,2025-10-21T17:28:00Z,ARR,med,11.0
600,True,True,JONQUIÈRE,MONTRÉAL,2025-10-21,25,Saint-Hilaire,SHPN,2025-10-21T17:42:43Z,2025-10-21T17:31:00Z,ARR,med,11.0
600,True,True,JONQUIÈRE,MONTRÉAL,2025-10-21,26,Pont Beaudet,PBDT,2025-10-21T17:44:43Z,2025-10-21T17:33:00Z,ARR,med,11.0
600,True,True,JONQUIÈRE,MONTRÉAL,2025-10-21,27,Falrie,FALR,2025-10-21T17:47:43Z,2025-10-21T17:36:00Z,ARR,med,11.0
600,True,True,JONQUIÈRE,MONTRÉAL,2025-10-21,28,Club Jacques-Cartier,JACC,2025-10-21T17:50:43Z,2025-10-21T17:39:00Z,ARR,med,11.0
600,True,True,JONQUIÈRE,MONTRÉAL,2025-10-21,29,Miquick,MIQK,2025-10-21T18:04:43Z,2025-10-21T17:53:00Z,ARR,med,11.0
600,True,True,JONQUIÈRE,MONTRÉAL,2025-10-21,30,Rivière-À-Pierre,RAPX,2025-10-21T18:39:43Z,2025-10-21T18:28:00Z,ARR,med,11.0
600,True,True,JONQUIÈRE,MONTRÉAL,2025-10-21,31,Rousseau,ROUS,2025-10-21T19:00:43Z,2025-10-21T18:49:00Z,ARR,med,11.0
600,True,True,JONQUIÈRE,MONTRÉAL,2025-10-21,32,Hervey,HERV,2025-10-21T19:14:58Z,2025-10-21T19:20:00Z,ARR,goo,-5.0
600,True,True,JONQUIÈRE,MONTRÉAL,2025-10-21,33,Saint-Tite,STIT,2025-10-21T20:01:28Z,2025-10-21T19:48:00Z,ARR,med,13.0
600,True,True,JONQUIÈRE,MONTRÉAL,2025-10-21,34,Garneau,GARN,2025-10-21T20:20:25Z,2025-10-21T20:02:00Z,ARR,bad,18.0
600,True,True,JONQUIÈRE,MONTRÉAL,2025-10-21,35,Grand-Mère,GMRE,2025-10-21T20:30:54Z,2025-10-21T20:15:00Z,ARR,bad,15.0
600,True,True,JONQUIÈRE,MONTRÉAL,2025-10-21,36,Shawinigan,SHWN,2025-10-21T20:38:16Z,2025-10-21T20:23:00Z,ARR,bad,15.0
600,True,True,JONQUIÈRE,MONTRÉAL,2025-10-21,37,Charette,CHRT,2025-10-21T20:58:43Z,2025-10-21T20:46:00Z,ARR,med,12.0
600,True,True,JONQUIÈRE,MONTRÉAL,2025-10-21,38,St-Paulin,SPAU,2025-10-21T21:12:11Z,2025-10-21T20:55:00Z,ARR,bad,17.0
600,True,True,JONQUIÈRE,MONTRÉAL,2025-10-21,39,St-Justin,SJUS,2025-10-21T21:21:51Z,2025-10-21T21:09:00Z,ARR,med,12.0
600,True,True,JONQUIÈRE,MONTRÉAL,2025-10-21,40,Joliette,JOLI,2025-10-21T22:01:26Z,2025-10-21T21:38:00Z,ARR,bad,23.0
600,True,True,JONQUIÈRE,MONTRÉAL,2025-10-21,41,Anjou,ANJO,2025-10-21T22:37:51Z,2025-10-21T22:21:01Z,ARR,bad,16.0
600,True,True,JONQUIÈRE,MONTRÉAL,2025-10-21,42,Sauvé,SAUV,2025-10-21T22:46:04Z,2025-10-21T22:35:00Z,ARR,med,11.0
600,True,True,JONQUIÈRE,MONTRÉAL,2025-10-21,43,Montréal,MTRL,2025-10-21T23:22:39Z,2025-10-21T23:46:00Z,ARR,goo,-23.0
47,True,True,OTTAWA,TORONTO,2025-10-21,0,Ottawa,OTTW,2025-10-21T16:23:19Z,2025-10-21T16:23:00Z,ARR,goo,0.0
47,True,True,OTTAWA,TORONTO,2025-10-21,1,Fallowfield,FALL,2025-10-21T16:40:19Z,2025-10-21T16:40:00Z,ARR,goo,0.0
47,True,True,OTTAWA,TORONTO,2025-10-21,2,Smiths Falls,SMTF,2025-10-21T17:17:21Z,2025-10-21T17:18:00Z,ARR,goo,0.0
47,True,True,OTTAWA,TORONTO,2025-10-21,3,Brockville,BRKV,2025-10-21T17:48:17Z,2025-10-21T17:54:00Z,ARR,goo,-5.0
47,True,True,OTTAWA,TORONTO,2025-10-21,4,Gananoque,GANA,2025-10-21T18:23:28Z,2025-10-21T18:22:00Z,ARR,goo,1.0
47,True,True,OTTAWA,TORONTO,2025-10-21,5,Kingston,KGON,2025-10-21T18:44:12Z,2025-10-21T18:45:00Z,ARR,goo,0.0
47,True,True,OTTAWA,TORONTO,2025-10-21,6,Belleville,BLVL,2025-10-21T19:38:53Z,2025-10-21T19:26:00Z,ARR,med,12.0
47,True,True,OTTAWA,TORONTO,2025-10-21,7,Oshawa,OSHA,2025-10-21T20:48:34Z,2025-10-21T20:33:00Z,ARR,bad,15.0
47,True,True,OTTAWA,TORONTO,2025-10-21,8,Guildwood,GUIL,2025-10-21T21:19:22Z,2025-10-21T20:58:00Z,ARR,bad,21.0
47,True,True,OTTAWA,TORONTO,2025-10-21,9,Toronto,TRTO,2025-10-21T21:45:47Z,2025-10-21T21:30:00Z,ARR,bad,15.0
63,True,True,MONTRÉAL,TORONTO,2025-10-21,0,Montréal,MTRL,2025-10-21T12:46:00Z,2025-10-21T12:46:00Z,ARR,goo,0.0
63,True,True,MONTRÉAL,TORONTO,2025-10-21,1,Dorval,DORV,2025-10-21T13:11:15Z,2025-10-21T13:11:00Z,ARR,goo,0.0
63,True,True,MONTRÉAL,TORONTO,2025-10-21,2,Cornwall,CWLL,2025-10-21T14:07:24Z,2025-10-21T14:04:00Z,ARR,goo,3.0
63,True,True,MONTRÉAL,TORONTO,2025-10-21,3,Brockville,BRKV,2025-10-21T14:54:24Z,2025-10-21T14:54:00Z,ARR,goo,0.0
63,True,True,MONTRÉAL,TORONTO,2025-10-21,4,Kingston,KGON,2025-10-21T15:41:47Z,2025-10-21T15:39:00Z,ARR,goo,2.0
63,True,True,MONTRÉAL,TORONTO,2025-10-21,5,Belleville,BLVL,2025-10-21T16:23:51Z,2025-10-21T16:20:00Z,ARR,goo,3.0
63,True,True,MONTRÉAL,TORONTO,2025-10-21,6,Cobourg,CBRG,2025-10-21T17:01:17Z,2025-10-21T16:58:00Z,ARR,goo,3.0
63,True,True,MONTRÉAL,TORONTO,2025-10-21,7,Oshawa,OSHA,2025-10-21T17:37:59Z,2025-10-21T17:34:00Z,ARR,goo,3.0
63,True,True,MONTRÉAL,TORONTO,2025-10-21,8,Guildwood,GUIL,2025-10-21T17:57:45Z,2025-10-21T17:58:00Z,ARR,goo,0.0
63,True,True,MONTRÉAL,TORONTO,2025-10-21,9,Toronto,TRTO,2025-10-21T18:20:45Z,2025-10-21T18:18:00Z,ARR,goo,2.0
40,True,True,TORONTO,OTTAWA,2025-10-21,0,Toronto,TRTO,2025-10-21T14:38:49Z,2025-10-21T14:38:00Z,ARR,goo,0.0
40,True,True,TORONTO,OTTAWA,2025-10-21,1,Belleville,BLVL,2025-10-21T16:49:26Z,2025-10-21T16:09:00Z,ARR,bad,40.0
40,True,True,TORONTO,OTTAWA,2025-10-21,2,Kingston,KGON,2025-10-21T18:04:51Z,2025-10-21T16:48:00Z,ARR,bad,76.0
40,True,True,TORONTO,OTTAWA,2025-10-21,3,Fallowfield,FALL,2025-10-21T19:50:39Z,2025-10-21T18:38:00Z,ARR,bad,72.0
40,True,True,TORONTO,OTTAWA,2025-10-21,4,Ottawa,OTTW,2025-10-21T20:10:58Z,2025-10-21T19:02:00Z,ARR,bad,68.0
31,True,True,MONTRÉAL,OTTAWA,2025-10-21,0,Montréal,MTRL,2025-10-21T10:20:00Z,2025-10-21T10:20:00Z,ARR,goo,0.0
31,True,True,MONTRÉAL,OTTAWA,2025-10-21,1,Dorval,DORV,2025-10-21T10:47:00Z,2025-10-21T10:44:00Z,ARR,goo,3.0
31,True,True,MONTRÉAL,OTTAWA,2025-10-21,2,Alexandria,ALEX,2025-10-21T11:39:56Z,2025-10-21T11:36:00Z,ARR,goo,3.0
31,True,True,MONTRÉAL,OTTAWA,2025-10-21,3,Casselman,CSLM,2025-10-21T12:04:56Z,2025-10-21T11:59:00Z,ARR,med,5.0
31,True,True,MONTRÉAL,OTTAWA,2025-10-21,4,Ottawa,OTTW,2025-10-21T12:31:45Z,2025-10-21T12:25:00Z,ARR,med,6.0
35,True,True,QUÉBEC,OTTAWA,2025-10-21,0,Québec,QBEC,2025-10-21T12:06:00Z,2025-10-21T12:06:00Z,ARR,goo,0.0
35,True,True,QUÉBEC,OTTAWA,2025-10-21,1,Ste-Foy,SFOY,2025-10-21T12:32:58Z,2025-10-21T12:31:00Z,ARR,goo,1.0
35,True,True,QUÉBEC,OTTAWA,2025-10-21,2,Charny,CHNY,2025-10-21T12:44:10Z,2025-10-21T12:40:00Z,ARR,goo,4.0
35,True,True,QUÉBEC,OTTAWA,2025-10-21,3,Drummondville,DRMV,2025-10-21T14:17:17Z,2025-10-21T14:14:00Z,ARR,goo,3.0
35,True,True,QUÉBEC,OTTAWA,2025-10-21,4,St. Hyacinthe,SHYA,2025-10-21T14:48:20Z,2025-10-21T14:44:00Z,ARR,goo,4.0
35,True,True,QUÉBEC,OTTAWA,2025-10-21,5,St. Lambert,SLAM,2025-10-21T15:19:55Z,2025-10-21T15:11:00Z,ARR,med,8.0
35,True,True,QUÉBEC,OTTAWA,2025-10-21,6,Montréal,MTRL,2025-10-21T15:37:28Z,2025-10-21T15:26:00Z,ARR,med,11.0
35,True,True,QUÉBEC,OTTAWA,2025-10-21,7,Dorval,DORV,2025-10-21T16:32:08Z,2025-10-21T16:18:00Z,ARR,med,14.0
35,True,True,QUÉBEC,OTTAWA,2025-10-21,8,Coteau,COTO,2025-10-21T17:05:57Z,2025-10-21T16:46:00Z,ARR,bad,19.0
35,True,True,QUÉBEC,OTTAWA,2025-10-21,9,Alexandria,ALEX,2025-10-21T17:34:31Z,2025-10-21T17:08:00Z,ARR,bad,26.0
35,True,True,QUÉBEC,OTTAWA,2025-10-21,10,Casselman,CSLM,2025-10-21T17:55:00Z,2025-10-21T17:31:00Z,ARR,bad,24.0
35,True,True,QUÉBEC,OTTAWA,2025-10-21,11,Ottawa,OTTW,2025-10-21T18:17:40Z,2025-10-21T17:58:00Z,ARR,bad,19.0
604,True,True,SENNETERRE,MONTRÉAL,2025-10-21,0,Senneterre,SENN,2025-10-21T10:28:00Z,2025-10-21T10:28:00Z,ARR,goo,0.0
604,True,True,SENNETERRE,MONTRÉAL,2025-10-21,1,Mégiscane,MEGI,2025-10-21T10:44:23Z,2025-10-21T10:42:00Z,ARR,goo,2.0
604,True,True,SENNETERRE,MONTRÉAL,2025-10-21,2,Signai,SIGN,2025-10-21T11:00:23Z,2025-10-21T10:58:00Z,ARR,goo,2.0
604,True,True,SENNETERRE,MONTRÉAL,2025-10-21,3,Press,PRSS,2025-10-21T11:08:23Z,2025-10-21T11:06:00Z,ARR,goo,2.0
604,True,True,SENNETERRE,MONTRÉAL,2025-10-21,4,Forsythe,FORS,2025-10-21T11:27:23Z,2025-10-21T11:25:00Z,ARR,goo,2.0
604,True,True,SENNETERRE,MONTRÉAL,2025-10-21,5,Bolger,BGQU,2025-10-21T11:34:23Z,2025-10-21T11:32:00Z,ARR,goo,2.0
604,True,True,SENNETERRE,MONTRÉAL,2025-10-21,6,Dix,DIXX,2025-10-21T11:45:23Z,2025-10-21T11:43:00Z,ARR,goo,2.0
604,True,True,SENNETERRE,MONTRÉAL,2025-10-21,7,Gagnon,GAGN,2025-10-21T11:49:23Z,2025-10-21T11:47:00Z,ARR,goo,2.0
604,True,True,SENNETERRE,MONTRÉAL,2025-10-21,8,Da-Rou-Lac Lodge,DRLL,2025-10-21T11:58:23Z,2025-10-21T11:56:00Z,ARR,goo,2.0
604,True,True,SENNETERRE,MONTRÉAL,2025-10-21,9,Langlade,LNGL,2025-10-21T11:59:24Z,2025-10-21T11:57:01Z,ARR,goo,2.0
604,True,True,SENNETERRE,MONTRÉAL,2025-10-21,10,Club Beaudin Inc.,BDNC,2025-10-21T12:06:23Z,2025-10-21T12:04:00Z,ARR,goo,2.0
604,True,True,SENNETERRE,MONTRÉAL,2025-10-21,11,Bourmont,BRMT,2025-10-21T12:11:23Z,2025-10-21T12:09:00Z,ARR,goo,2.0
604,True,True,SENNETERRE,MONTRÉAL,2025-10-21,12,Club Kapitachuan,KPTC,2025-10-21T12:13:23Z,2025-10-21T12:11:00Z,ARR,goo,2.0
604,True,True,SENNETERRE,MONTRÉAL,2025-10-21,13,Consolidated Bathurst,CBAT,2025-10-21T12:17:23Z,2025-10-21T12:15:00Z,ARR,goo,2.0
604,True,True,SENNETERRE,MONTRÉAL,2025-10-21,14,Monet,MNET,2025-10-21T12:24:23Z,2025-10-21T12:22:00Z,ARR,goo,2.0
604,True,True,SENNETERRE,MONTRÉAL,2025-10-21,15,Coquar,COQU,2025-10-21T12:35:23Z,2025-10-21T12:33:00Z,ARR,goo,2.0
604,True,True,SENNETERRE,MONTRÉAL,2025-10-21,16,Clova,CLOV,2025-10-21T12:44:23Z,2025-10-21T12:42:00Z,ARR,goo,2.0
604,True,True,SENNETERRE,MONTRÉAL,2025-10-21,17,Rivière Oskélanéo,OSKR,2025-10-21T12:57:23Z,2025-10-21T12:55:00Z,ARR,goo,2.0
604,True,True,SENNETERRE,MONTRÉAL,2025-10-21,18,Oskelaneo Lodge,OSKL,2025-10-21T13:09:23Z,2025-10-21T13:07:00Z,ARR,goo,2.0
604,True,True,SENNETERRE,MONTRÉAL,2025-10-21,19,Greening,GRNG,2025-10-21T13:17:23Z,2025-10-21T13:15:00Z,ARR,goo,2.0
604,True,True,SENNETERRE,MONTRÉAL,2025-10-21,20,Club Maniwawa,MWWC,2025-10-21T13:28:23Z,2025-10-21T13:26:00Z,ARR,goo,2.0
604,True,True,SENNETERRE,MONTRÉAL,2025-10-21,21,Strachan,STRN,2025-10-21T13:35:23Z,2025-10-21T13:33:00Z,ARR,goo,2.0
604,True,True,SENNETERRE,MONTRÉAL,2025-10-21,22,Club Rita Inc.,RTAC,2025-10-21T13:39:23Z,2025-10-21T13:37:00Z,ARR,goo,2.0
604,True,True,SENNETERRE,MONTRÉAL,2025-10-21,23,Timbrell,TIMB,2025-10-21T13:49:23Z,2025-10-21T13:47:00Z,ARR,goo,2.0
604,True,True,SENNETERRE,MONTRÉAL,2025-10-21,24,Parent,PARE,2025-10-21T14:11:10Z,2025-10-21T14:07:00Z,ARR,goo,4.0
604,True,True,SENNETERRE,MONTRÉAL,2025-10-21,25,Manjobagues,MJBG,2025-10-21T14:29:10Z,2025-10-21T14:25:00Z,ARR,goo,4.0
604,True,True,SENNETERRE,MONTRÉAL,2025-10-21,26,Club Sisco,SSCC,2025-10-21T14:37:10Z,2025-10-21T14:33:00Z,ARR,goo,4.0
604,True,True,SENNETERRE,MONTRÉAL,2025-10-21,27,Mccarthy,MCCA,2025-10-21T14:40:10Z,2025-10-21T14:36:00Z,ARR,goo,4.0
604,True,True,SENNETERRE,MONTRÉAL,2025-10-21,28,Casey,CASY,2025-10-21T14:55:10Z,2025-10-21T14:51:00Z,ARR,goo,4.0
604,True,True,SENNETERRE,MONTRÉAL,2025-10-21,29,Hibbard,HIBB,2025-10-21T15:08:10Z,2025-10-21T15:04:00Z,ARR,goo,4.0
604,True,True,SENNETERRE,MONTRÉAL,2025-10-21,30,Club Belanger,BLGC,2025-10-21T15:19:10Z,2025-10-21T15:15:00Z,ARR,goo,4.0
604,True,True,SENNETERRE,MONTRÉAL,2025-10-21,31,Cann,CANN,2025-10-21T15:25:10Z,2025-10-21T15:21:00Z,ARR,goo,4.0
604,True,True,SENNETERRE,MONTRÉAL,2025-10-21,32,Sanmaur,SANM,2025-10-21T15:32:10Z,2025-10-21T15:28:00Z,ARR,goo,4.0
604,True,True,SENNETERRE,MONTRÉAL,2025-10-21,33,Weymont,WYMT,2025-10-21T15:34:10Z,2025-10-21T15:30:00Z,ARR,goo,4.0
604,True,True,SENNETERRE,MONTRÉAL,2025-10-21,34,Saint-Maurice Rivière-Boom,SMRB,2025-10-21T15:37:10Z,2025-10-21T15:33:00Z,ARR,goo,4.0
604,True,True,SENNETERRE,MONTRÉAL,2025-10-21,35,Dessane,DESS,2025-10-21T15:46:10Z,2025-10-21T15:42:00Z,ARR,goo,4.0
604,True,True,SENNETERRE,MONTRÉAL,2025-10-21,36,Vandry,VDRY,2025-10-21T15:52:10Z,2025-10-21T15:48:00Z,ARR,goo,4.0
604,True,True,SENNETERRE,MONTRÉAL,2025-10-21,37,Club Wigwam,WGWC,2025-10-21T16:00:10Z,2025-10-21T15:56:00Z,ARR,goo,4.0
604,True,True,SENNETERRE,MONTRÉAL,2025-10-21,38,Ferguson,FERG,2025-10-21T16:06:10Z,2025-10-21T16:02:00Z,ARR,goo,4.0
604,True,True,SENNETERRE,MONTRÉAL,2025-10-21,39,Windigo,WNDG,2025-10-21T16:14:10Z,2025-10-21T16:10:00Z,ARR,goo,4.0
604,True,True,SENNETERRE,MONTRÉAL,2025-10-21,40,Mctavish,MCTC,2025-10-21T16:16:10Z,2025-10-21T16:12:00Z,ARR,goo,4.0
604,True,True,SENNETERRE,MONTRÉAL,2025-10-21,41,Duplessis,DUPL,2025-10-21T16:29:10Z,2025-10-21T16:25:00Z,ARR,goo,4.0
604,True,True,SENNETERRE,MONTRÉAL,2025-10-21,42,Lac-Darey,LDAR,2025-10-21T16:42:10Z,2025-10-21T16:38:00Z,ARR,goo,4.0
604,True,True,SENNETERRE,MONTRÉAL,2025-10-21,43,Rapide-Blanc,RAPB,2025-10-21T17:02:10Z,2025-10-21T16:58:00Z,ARR,goo,4.0
604,True,True,SENNETERRE,MONTRÉAL,2025-10-21,44,Club Vermillion,VMLC,2025-10-21T17:05:10Z,2025-10-21T17:01:00Z,ARR,goo,4.0
604,True,True,SENNETERRE,MONTRÉAL,2025-10-21,45,Cressman,CRSM,2025-10-21T17:12:10Z,2025-10-21T17:08:00Z,ARR,goo,4.0
604,True,True,SENNETERRE,MONTRÉAL,2025-10-21,46,Fitzpatrick,FITZ,2025-10-21T17:32:10Z,2025-10-21T17:28:00Z,ARR,goo,4.0
604,True,True,SENNETERRE,MONTRÉAL,2025-10-21,47,La Tuque,LTUQ,2025-10-21T17:53:26Z,2025-10-21T17:40:00Z,ARR,med,13.0
604,True,True,SENNETERRE,MONTRÉAL,2025-10-21,48,Hervey,HERV,2025-10-21T19:18:40Z,2025-10-21T19:15:00Z,ARR,goo,3.0
604,True,True,SENNETERRE,MONTRÉAL,2025-10-21,49,Saint-Tite,STIT,2025-10-21T20:01:23Z,2025-10-21T19:48:00Z,ARR,med,13.0
604,True,True,SENNETERRE,MONTRÉAL,2025-10-21,50,Garneau,GARN,2025-10-21T20:21:17Z,2025-10-21T20:02:00Z,ARR,bad,19.0
604,True,True,SENNETERRE,MONTRÉAL,2025-10-21,51,Grand-Mère,GMRE,2025-10-21T20:30:49Z,2025-10-21T20:15:00Z,ARR,bad,15.0
604,True,True,SENNETERRE,MONTRÉAL,2025-10-21,52,Shawinigan,SHWN,2025-10-21T20:38:11Z,2025-10-21T20:23:00Z,ARR,bad,15.0
604,True,True,SENNETERRE,MONTRÉAL,2025-10-21,53,Charette,CHRT,2025-10-21T20:58:38Z,2025-10-21T20:46:00Z,ARR,med,12.0
604,True,True,SENNETERRE,MONTRÉAL,2025-10-21,54,St-Paulin,SPAU,2025-10-21T21:07:38Z,2025-10-21T20:55:00Z,ARR,med,12.0
604,True,True,SENNETERRE,MONTRÉAL,2025-10-21,55,St-Justin,SJUS,2025-10-21T21:21:38Z,2025-10-21T21:09:00Z,ARR,med,12.0
604,True,True,SENNETERRE,MONTRÉAL,2025-10-21,56,Joliette,JOLI,2025-10-21T22:01:25Z,2025-10-21T21:38:00Z,ARR,bad,23.0
604,True,True,SENNETERRE,MONTRÉAL,2025-10-21,57,Anjou,ANJO,2025-10-21T22:37:50Z,2025-10-21T22:21:01Z,ARR,bad,16.0
604,True,True,SENNETERRE,MONTRÉAL,2025-10-21,58,Sauvé,SAUV,2025-10-21T22:46:03Z,2025-10-21T22:35:00Z,ARR,med,11.0
604,True,True,SENNETERRE,MONTRÉAL,2025-10-21,59,Montréal,MTRL,2025-10-21T23:22:29Z,2025-10-21T23:46:00Z,ARR,goo,-23.0
645,True,True,OTTAWA,TORONTO,2025-10-21,0,Ottawa,OTTW,2025-10-21T18:29:10Z,2025-10-21T18:29:00Z,ARR,goo,0.0
645,True,True,OTTAWA,TORONTO,2025-10-21,1,Fallowfield,FALL,2025-10-21T18:46:36Z,2025-10-21T18:49:00Z,ARR,goo,-2.0
645,True,True,OTTAWA,TORONTO,2025-10-21,2,Kingston,KGON,2025-10-21T20:33:47Z,2025-10-21T20:34:00Z,ARR,goo,0.0
645,True,True,OTTAWA,TORONTO,2025-10-21,3,Belleville,BLVL,2025-10-21T21:13:48Z,2025-10-21T21:15:00Z,ARR,goo,-1.0
645,True,True,OTTAWA,TORONTO,2025-10-21,4,Oshawa,OSHA,2025-10-21T22:17:51Z,2025-10-21T22:20:00Z,ARR,goo,-2.0
645,True,True,OTTAWA,TORONTO,2025-10-21,5,Toronto,TRTO,2025-10-21T22:57:18Z,2025-10-21T23:15:00Z,ARR,goo,-17.0
44,True,True,TORONTO,OTTAWA,2025-10-21,0,Toronto,TRTO,2025-10-21T18:23:39Z,2025-10-21T18:23:00Z,ARR,goo,0.0
44,True,True,TORONTO,OTTAWA,2025-10-21,1,Oshawa,OSHA,2025-10-21T18:56:09Z,2025-10-21T18:54:00Z,ARR,goo,2.0
44,True,True,TORONTO,OTTAWA,2025-10-21,2,Kingston,KGON,2025-10-21T20:42:11Z,2025-10-21T20:32:00Z,ARR,med,10.0
44,True,True,TORONTO,OTTAWA,2025-10-21,3,Brockville,BRKV,2025-10-21T21:28:27Z,2025-10-21T21:19:00Z,ARR,med,9.0
44,True,True,TORONTO,OTTAWA,2025-10-21,4,Smiths Falls,SMTF,2025-10-21T21:59:11Z,2025-10-21T21:50:00Z,ARR,med,9.0
44,True,True,TORONTO,OTTAWA,2025-10-21,5,Fallowfield,FALL,2025-10-21T22:25:46Z,2025-10-21T22:22:00Z,ARR,goo,3.0
44,True,True,TORONTO,OTTAWA,2025-10-21,6,Ottawa,OTTW,2025-10-21T22:46:43Z,2025-10-21T22:43:00Z,ARR,goo,3.0
26,True,True,OTTAWA,QUÉBEC,2025-10-21,0,Ottawa,OTTW,2025-10-21T18:17:17Z,2025-10-21T18:17:00Z,ARR,goo,0.0
26,True,True,OTTAWA,QUÉBEC,2025-10-21,1,Alexandria,ALEX,2025-10-21T19:03:18Z,2025-10-21T19:03:00Z,ARR,goo,0.0
26,True,True,OTTAWA,QUÉBEC,2025-10-21,2,Coteau,COTO,2025-10-21T19:27:57Z,2025-10-21T19:26:00Z,ARR,goo,1.0
26,True,True,OTTAWA,QUÉBEC,2025-10-21,3,Dorval,DORV,2025-10-21T19:49:34Z,2025-10-21T19:49:00Z,ARR,goo,0.0
26,True,True,OTTAWA,QUÉBEC,2025-10-21,4,Montréal,MTRL,2025-10-21T20:13:37Z,2025-10-21T20:15:00Z,ARR,goo,-1.0
26,True,True,OTTAWA,QUÉBEC,2025-10-21,5,St. Lambert,SLAM,2025-10-21T20:59:45Z,2025-10-21T20:53:00Z,ARR,med,6.0
26,True,True,OTTAWA,QUÉBEC,2025-10-21,6,St. Hyacinthe,SHYA,2025-10-21T21:34:56Z,2025-10-21T21:20:00Z,ARR,med,14.0
26,True,True,OTTAWA,QUÉBEC,2025-10-21,7,Drummondville,DRMV,2025-10-21T22:28:49Z,2025-10-21T22:05:00Z,ARR,bad,23.0
26,True,True,OTTAWA,QUÉBEC,2025-10-21,8,Charny,CHNY,2025-10-22T00:00:10Z,2025-10-21T23:44:00Z,ARR,bad,16.0
26,True,True,OTTAWA,QUÉBEC,2025-10-21,9,Ste-Foy,SFOY,2025-10-22T00:08:47Z,2025-10-21T23:52:00Z,ARR,bad,16.0
26,True,True,OTTAWA,QUÉBEC,2025-10-21,10,Québec,QBEC,2025-10-22T00:37:53Z,2025-10-22T00:19:00Z,ARR,bad,18.0
39,True,True,QUÉBEC,OTTAWA,2025-10-21,0,Québec,QBEC,2025-10-21T18:57:00Z,2025-10-21T18:57:00Z,ARR,goo,0.0
39,True,True,QUÉBEC,OTTAWA,2025-10-21,1,Ste-Foy,SFOY,2025-10-21T19:21:48Z,2025-10-21T19:22:00Z,ARR,goo,0.0
39,True,True,QUÉBEC,OTTAWA,2025-10-21,2,Drummondville,DRMV,2025-10-21T20:48:43Z,2025-10-21T20:58:00Z,ARR,goo,-9.0
39,True,True,QUÉBEC,OTTAWA,2025-10-21,3,St. Lambert,SLAM,2025-10-21T21:55:48Z,2025-10-21T21:57:00Z,ARR,goo,-1.0
39,True,True,QUÉBEC,OTTAWA,2025-10-21,4,Montréal,MTRL,2025-10-21T22:10:42Z,2025-10-21T22:11:00Z,ARR,goo,0.0
39,True,True,QUÉBEC,OTTAWA,2025-10-21,5,Dorval,DORV,2025-10-21T23:13:07Z,2025-10-21T23:14:00Z,ARR,goo,0.0
39,True,True,QUÉBEC,OTTAWA,2025-10-21,6,Coteau,COTO,2025-10-21T23:46:30Z,2025-10-21T23:43:00Z,ARR,goo,3.0
39,True,True,QUÉBEC,OTTAWA,2025-10-21,7,Alexandria,ALEX,2025-10-22T00:09:03Z,2025-10-22T00:06:00Z,ARR,goo,3.0
39,True,True,QUÉBEC,OTTAWA,2025-10-21,8,Ottawa,OTTW,2025-10-22T00:53:41Z,2025-10-22T00:51:00Z,ARR,goo,2.0
66,True,True,TORONTO,MONTRÉAL,2025-10-21,0,Toronto,TRTO,2025-10-21T19:23:31Z,2025-10-21T19:23:00Z,ARR,goo,0.0
66,True,True,TORONTO,MONTRÉAL,2025-10-21,1,Guildwood,GUIL,2025-10-21T19:42:35Z,2025-10-21T19:40:00Z,ARR,goo,2.0
66,True,True,TORONTO,MONTRÉAL,2025-10-21,2,Oshawa,OSHA,2025-10-21T20:04:23Z,2025-10-21T19:54:00Z,ARR,med,10.0
66,True,True,TORONTO,MONTRÉAL,2025-10-21,3,Belleville,BLVL,2025-10-21T21:11:24Z,2025-10-21T21:00:00Z,ARR,med,11.0
66,True,True,TORONTO,MONTRÉAL,2025-10-21,4,Kingston,KGON,2025-10-21T21:49:39Z,2025-10-21T21:40:00Z,ARR,med,9.0
66,True,True,TORONTO,MONTRÉAL,2025-10-21,5,Cornwall,CWLL,2025-10-21T23:14:43Z,2025-10-21T23:07:00Z,ARR,med,7.0
66,True,True,TORONTO,MONTRÉAL,2025-10-21,6,Dorval,DORV,2025-10-22T00:17:12Z,2025-10-21T23:58:00Z,ARR,bad,19.0
66,True,True,TORONTO,MONTRÉAL,2025-10-21,7,Montréal,MTRL,2025-10-22T00:44:33Z,2025-10-22T00:25:00Z,ARR,bad,19.0
46,True,True,TORONTO,OTTAWA,2025-10-21,0,Toronto,TRTO,2025-10-21T19:38:00Z,2025-10-21T19:38:00Z,ARR,goo,0.0
46,True,True,TORONTO,OTTAWA,2025-10-21,1,Oshawa,OSHA,2025-10-21T20:17:09Z,2025-10-21T20:09:00Z,ARR,med,8.0
46,True,True,TORONTO,OTTAWA,2025-10-21,2,Cobourg,CBRG,2025-10-21T20:54:16Z,2025-10-21T20:43:00Z,ARR,med,11.0
46,True,True,TORONTO,OTTAWA,2025-10-21,3,Kingston,KGON,2025-10-21T22:09:45Z,2025-10-21T21:54:00Z,ARR,bad,15.0
46,True,True,TORONTO,OTTAWA,2025-10-21,4,Brockville,BRKV,2025-10-21T23:00:12Z,2025-10-21T22:40:00Z,ARR,bad,20.0
46,True,True,TORONTO,OTTAWA,2025-10-21,5,Fallowfield,FALL,2025-10-21T23:58:32Z,2025-10-21T23:40:00Z,ARR,bad,18.0
46,True,True,TORONTO,OTTAWA,2025-10-21,6,Ottawa,OTTW,2025-10-22T00:17:28Z,2025-10-22T00:00:00Z,ARR,bad,17.0
28,True,True,OTTAWA,QUÉBEC,2025-10-21,0,Ottawa,OTTW,2025-10-21T20:05:00Z,2025-10-21T20:05:00Z,ARR,goo,0.0
28,True,True,OTTAWA,QUÉBEC,2025-10-21,1,Casselman,CSLM,2025-10-21T20:32:13Z,2025-10-21T20:31:00Z,ARR,goo,1.0
28,True,True,OTTAWA,QUÉBEC,2025-10-21,2,Alexandria,ALEX,2025-10-21T20:57:25Z,2025-10-21T20:53:00Z,ARR,goo,4.0
28,True,True,OTTAWA,QUÉBEC,2025-10-21,3,Coteau,COTO,2025-10-21T21:22:44Z,2025-10-21T21:15:00Z,ARR,med,7.0
28,True,True,OTTAWA,QUÉBEC,2025-10-21,4,Dorval,DORV,2025-10-21T21:51:30Z,2025-10-21T21:38:00Z,ARR,med,13.0
28,True,True,OTTAWA,QUÉBEC,2025-10-21,5,Montréal,MTRL,2025-10-21T22:17:50Z,2025-10-21T22:04:00Z,ARR,med,13.0
28,True,True,OTTAWA,QUÉBEC,2025-10-21,6,St. Lambert,SLAM,2025-10-21T22:56:46Z,2025-10-21T22:38:00Z,ARR,bad,18.0
28,True,True,OTTAWA,QUÉBEC,2025-10-21,7,St. Hyacinthe,SHYA,2025-10-21T23:32:05Z,2025-10-21T23:06:00Z,ARR,bad,26.0
28,True,True,OTTAWA,QUÉBEC,2025-10-21,8,Drummondville,DRMV,2025-10-22T00:04:34Z,2025-10-21T23:52:00Z,ARR,med,12.0
28,True,True,OTTAWA,QUÉBEC,2025-10-21,9,Charny,CHNY,2025-10-22T01:45:30Z,2025-10-22T01:14:00Z,ARR,bad,31.0
28,True,True,OTTAWA,QUÉBEC,2025-10-21,10,Ste-Foy,SFOY,2025-10-22T01:54:09Z,2025-10-22T01:21:00Z,ARR,bad,33.0
28,True,True,OTTAWA,QUÉBEC,2025-10-21,11,Québec,QBEC,2025-10-22T02:23:56Z,2025-10-22T01:48:00Z,ARR,bad,35.0
83,True,True,TORONTO,LONDON,2025-10-21,0,Toronto,TRTO,2025-10-21T20:15:00Z,2025-10-21T20:15:00Z,ARR,goo,0.0
83,True,True,TORONTO,LONDON,2025-10-21,1,Aldershot,ALDR,2025-10-21T20:55:12Z,2025-10-21T20:50:00Z,ARR,med,5.0
83,True,True,TORONTO,LONDON,2025-10-21,2,Brantford,BRTF,2025-10-21T21:28:23Z,2025-10-21T21:20:00Z,ARR,med,8.0
83,True,True,TORONTO,LONDON,2025-10-21,3,Woodstock,WDST,2025-10-21T22:00:32Z,2025-10-21T21:48:00Z,ARR,med,12.0
83,True,True,TORONTO,LONDON,2025-10-21,4,London,LNDN,2025-10-21T22:36:02Z,2025-10-21T22:27:00Z,ARR,med,9.0
69,True,True,MONTRÉAL,TORONTO,2025-10-21,0,Montréal,MTRL,2025-10-21T20:39:00Z,2025-10-21T20:38:00Z,ARR,goo,1.0
69,True,True,MONTRÉAL,TORONTO,2025-10-21,1,Dorval,DORV,2025-10-21T21:10:22Z,2025-10-21T21:04:00Z,ARR,med,6.0
69,True,True,MONTRÉAL,TORONTO,2025-10-21,2,Cornwall,CWLL,2025-10-21T22:05:06Z,2025-10-21T21:53:00Z,ARR,med,12.0
69,True,True,MONTRÉAL,TORONTO,2025-10-21,3,Brockville,BRKV,2025-10-21T22:52:37Z,2025-10-21T22:40:00Z,ARR,med,12.0
69,True,True,MONTRÉAL,TORONTO,2025-10-21,4,Kingston,KGON,2025-10-21T23:34:43Z,2025-10-21T23:24:00Z,ARR,med,10.0
69,True,True,MONTRÉAL,TORONTO,2025-10-21,5,Oshawa,OSHA,2025-10-22T01:14:32Z,2025-10-22T01:05:00Z,ARR,med,9.0
69,True,True,MONTRÉAL,TORONTO,2025-10-21,6,Guildwood,GUIL,2025-10-22T01:33:11Z,2025-10-22T01:28:00Z,ARR,med,5.0
69,True,True,MONTRÉAL,TORONTO,2025-10-21,7,Toronto,TRTO,2025-10-22T01:51:09Z,2025-10-22T01:48:00Z,ARR,goo,3.0
68,True,True,TORONTO,MONTRÉAL,2025-10-21,0,Toronto,TRTO,2025-10-21T21:08:00Z,2025-10-21T21:08:00Z,ARR,goo,0.0
68,True,True,TORONTO,MONTRÉAL,2025-10-21,1,Oshawa,OSHA,2025-10-21T21:43:34Z,2025-10-21T21:39:00Z,ARR,goo,4.0
68,True,True,TORONTO,MONTRÉAL,2025-10-21,2,Cobourg,CBRG,2025-10-21T22:16:37Z,2025-10-21T22:14:00Z,ARR,goo,2.0
68,True,True,TORONTO,MONTRÉAL,2025-10-21,3,Belleville,BLVL,2025-10-21T22:49:36Z,2025-10-21T22:49:00Z,ARR,goo,0.0
68,True,True,TORONTO,MONTRÉAL,2025-10-21,4,Kingston,KGON,2025-10-21T23:26:39Z,2025-10-21T23:26:00Z,ARR,goo,0.0
68,True,True,TORONTO,MONTRÉAL,2025-10-21,5,Brockville,BRKV,2025-10-22T00:10:40Z,2025-10-22T00:11:00Z,ARR,goo,0.0
68,True,True,TORONTO,MONTRÉAL,2025-10-21,6,Cornwall,CWLL,2025-10-22T00:56:08Z,2025-10-22T00:57:00Z,ARR,goo,0.0
68,True,True,TORONTO,MONTRÉAL,2025-10-21,7,Dorval,DORV,2025-10-22T01:53:38Z,2025-10-22T01:47:00Z,ARR,med,6.0
68,True,True,TORONTO,MONTRÉAL,2025-10-21,8,Montréal,MTRL,2025-10-22T02:16:17Z,2025-10-22T02:14:00Z,ARR,goo,2.0
75,True,True,TORONTO,WINDSOR,2025-10-21,0,Toronto,TRTO,2025-10-21T21:45:35Z,2025-10-21T21:22:00Z,ARR,bad,23.0
75,True,True,TORONTO,WINDSOR,2025-10-21,1,Oakville,OAKV,2025-10-21T22:11:22Z,2025-10-21T21:45:00Z,ARR,bad,26.0
75,True,True,TORONTO,WINDSOR,2025-10-21,2,Aldershot,ALDR,2025-10-21T22:26:52Z,2025-10-21T22:01:00Z,ARR,bad,25.0
75,True,True,TORONTO,WINDSOR,2025-10-21,3,Brantford,BRTF,2025-10-21T22:59:11Z,2025-10-21T22:33:00Z,ARR,bad,26.0
75,True,True,TORONTO,WINDSOR,2025-10-21,4,Woodstock,WDST,2025-10-21T23:30:04Z,2025-10-21T23:04:00Z,ARR,bad,26.0
75,True,True,TORONTO,WINDSOR,2025-10-21,5,Ingersoll,INGR,2025-10-21T23:42:49Z,2025-10-21T23:19:00Z,ARR,bad,23.0
75,True,True,TORONTO,WINDSOR,2025-10-21,6,London,LNDN,2025-10-22T00:05:21Z,2025-10-21T23:47:00Z,ARR,bad,18.0
75,True,True,TORONTO,WINDSOR,2025-10-21,7,Glencoe,GLNC,2025-10-22T00:44:48Z,2025-10-22T00:21:00Z,ARR,bad,23.0
75,True,True,TORONTO,WINDSOR,2025-10-21,8,Chatham,CHAT,2025-10-22T01:31:29Z,2025-10-22T00:55:00Z,ARR,bad,36.0
75,True,True,TORONTO,WINDSOR,2025-10-21,9,Windsor,WDON,2025-10-22T02:19:45Z,2025-10-22T01:50:00Z,ARR,bad,29.0
98,True,True,NIAGARA FALLS,TORONTO,2025-10-21,0,Niagara Falls,NIAG,2025-10-21T22:36:00Z,2025-10-21T21:45:00Z,ARR,bad,51.0
98,True,True,NIAGARA FALLS,TORONTO,2025-10-21,1,St. Catharines,SCAT,2025-10-21T22:57:00Z,2025-10-21T22:06:00Z,ARR,bad,51.0
98,True,True,NIAGARA FALLS,TORONTO,2025-10-21,2,Grimsby,GRIM,2025-10-21T23:17:00Z,2025-10-21T22:26:00Z,ARR,bad,51.0
98,True,True,NIAGARA FALLS,TORONTO,2025-10-21,3,Aldershot,ALDR,2025-10-22T00:14:00Z,2025-10-21T23:02:00Z,ARR,bad,72.0
98,True,True,NIAGARA FALLS,TORONTO,2025-10-21,4,Oakville,OAKV,2025-10-22T00:24:00Z,2025-10-21T23:16:00Z,ARR,bad,68.0
98,True,True,NIAGARA FALLS,TORONTO,2025-10-21,5,Toronto,TRTO,2025-10-22T00:54:00Z,2025-10-21T23:43:00Z,ARR,bad,71.0
54,True,True,TORONTO,OTTAWA,2025-10-21,0,Toronto,TRTO,2025-10-21T21:38:32Z,2025-10-21T21:38:00Z,ARR,goo,0.0
54,True,True,TORONTO,OTTAWA,2025-10-21,1,Guildwood,GUIL,2025-10-21T21:57:27Z,2025-10-21T21:55:00Z,ARR,goo,2.0
54,True,True,TORONTO,OTTAWA,2025-10-21,2,Oshawa,OSHA,2025-10-21T22:15:22Z,2025-10-21T22:08:00Z,ARR,med,7.0
54,True,True,TORONTO,OTTAWA,2025-10-21,3,Port Hope,PHOP,2025-10-21T22:46:55Z,2025-10-21T22:37:00Z,ARR,med,9.0
54,True,True,TORONTO,OTTAWA,2025-10-21,4,Cobourg,CBRG,2025-10-21T22:57:29Z,2025-10-21T22:46:00Z,ARR,med,11.0
54,True,True,TORONTO,OTTAWA,2025-10-21,5,Trenton Jct.,TRNJ,2025-10-21T23:25:56Z,2025-10-21T23:13:01Z,ARR,med,12.0
54,True,True,TORONTO,OTTAWA,2025-10-21,6,Belleville,BLVL,2025-10-21T23:40:44Z,2025-10-21T23:27:00Z,ARR,med,13.0
54,True,True,TORONTO,OTTAWA,2025-10-21,7,Napanee,NAPN,2025-10-22T00:04:55Z,2025-10-21T23:48:00Z,ARR,bad,16.0
54,True,True,TORONTO,OTTAWA,2025-10-21,8,Kingston,KGON,2025-10-22T00:27:32Z,2025-10-22T00:09:00Z,ARR,bad,18.0
54,True,True,TORONTO,OTTAWA,2025-10-21,9,Brockville,BRKV,2025-10-22T01:16:31Z,2025-10-22T00:54:00Z,ARR,bad,22.0
54,True,True,TORONTO,OTTAWA,2025-10-21,10,Smiths Falls,SMTF,2025-10-22T01:50:47Z,2025-10-22T01:25:00Z,ARR,bad,25.0
54,True,True,TORONTO,OTTAWA,2025-10-21,11,Fallowfield,FALL,2025-10-22T02:17:07Z,2025-10-22T01:52:00Z,ARR,bad,25.0
54,True,True,TORONTO,OTTAWA,2025-10-21,12,Ottawa,OTTW,2025-10-22T02:36:16Z,2025-10-22T02:13:00Z,ARR,bad,23.0
87,True,True,TORONTO,SARNIA,2025-10-21,0,Toronto,TRTO,2025-10-21T21:40:00Z,2025-10-21T21:40:00Z,ARR,goo,0.0
87,True,True,TORONTO,SARNIA,2025-10-21,1,Malton,MALT,2025-10-21T22:00:00Z,2025-10-21T22:00:00Z,ARR,goo,0.0
87,True,True,TORONTO,SARNIA,2025-10-21,2,Brampton,BRMP,2025-10-21T22:11:45Z,2025-10-21T22:12:00Z,ARR,goo,0.0
87,True,True,TORONTO,SARNIA,2025-10-21,3,Georgetown,GEOR,2025-10-21T22:25:07Z,2025-10-21T22:24:00Z,ARR,goo,1.0
87,True,True,TORONTO,SARNIA,2025-10-21,4,Guelph,GUEL,2025-10-21T22:52:39Z,2025-10-21T22:49:00Z,ARR,goo,3.0
87,True,True,TORONTO,SARNIA,2025-10-21,5,Kitchener,KITC,2025-10-21T23:17:16Z,2025-10-21T23:16:00Z,ARR,goo,1.0
87,True,True,TORONTO,SARNIA,2025-10-21,6,Stratford,STRF,2025-10-22T00:06:37Z,2025-10-21T23:57:00Z,ARR,med,9.0
87,True,True,TORONTO,SARNIA,2025-10-21,7,St.Marys,SMYS,2025-10-22T00:37:58Z,2025-10-22T00:25:00Z,ARR,med,12.0
87,True,True,TORONTO,SARNIA,2025-10-21,8,London,LNDN,2025-10-22T01:28:19Z,2025-10-22T01:13:00Z,ARR,bad,15.0
87,True,True,TORONTO,SARNIA,2025-10-21,9,Strathroy,STRR,2025-10-22T01:53:09Z,2025-10-22T01:39:00Z,ARR,med,14.0
87,True,True,TORONTO,SARNIA,2025-10-21,10,Wyoming,WYOM,2025-10-22T02:19:02Z,2025-10-22T02:07:00Z,ARR,med,12.0
87,True,True,TORONTO,SARNIA,2025-10-21,11,Sarnia,SARN,2025-10-22T02:35:59Z,2025-10-22T02:24:00Z,ARR,med,11.0
29,True,True,QUÉBEC,MONTRÉAL,2025-10-21,0,Québec,QBEC,2025-10-21T21:41:00Z,2025-10-21T21:41:00Z,ARR,goo,0.0
29,True,True,QUÉBEC,MONTRÉAL,2025-10-21,1,Ste-Foy,SFOY,2025-10-21T22:08:41Z,2025-10-21T22:06:00Z,ARR,goo,2.0
29,True,True,QUÉBEC,MONTRÉAL,2025-10-21,2,Drummondville,DRMV,2025-10-21T23:44:03Z,2025-10-21T23:42:00Z,ARR,goo,2.0
29,True,True,QUÉBEC,MONTRÉAL,2025-10-21,3,St. Hyacinthe,SHYA,2025-10-22T00:20:22Z,2025-10-22T00:18:00Z,ARR,goo,2.0
29,True,True,QUÉBEC,MONTRÉAL,2025-10-21,4,St. Lambert,SLAM,2025-10-22T00:50:14Z,2025-10-22T00:45:00Z,ARR,med,5.0
29,True,True,QUÉBEC,MONTRÉAL,2025-10-21,5,Montréal,MTRL,2025-10-22T01:05:00Z,2025-10-22T01:00:00Z,ARR,med,5.0
668,True,False,TORONTO,MONTRÉAL,2025-10-21,0,Toronto,TRTO,2025-10-21T22:42:33Z,2025-10-21T22:08:00Z,ARR,bad,34.0
668,True,False,TORONTO,MONTRÉAL,2025-10-21,1,Guildwood,GUIL,2025-10-21T22:59:10Z,2025-10-21T22:25:00Z,ARR,bad,34.0
668,True,False,TORONTO,MONTRÉAL,2025-10-21,2,Oshawa,OSHA,2025-10-21T23:18:30Z,2025-10-21T22:39:00Z,ARR,bad,39.0
668,True,False,TORONTO,MONTRÉAL,2025-10-21,3,Kingston,KGON,2025-10-22T00:58:49Z,2025-10-22T00:22:00Z,ARR,bad,36.0
668,True,False,TORONTO,MONTRÉAL,2025-10-21,4,Cornwall,CWLL,2025-10-22T02:37:55Z,2025-10-22T01:49:00Z,ARR,bad,48.0
668,True,False,TORONTO,MONTRÉAL,2025-10-21,5,Dorval,DORV,2025-10-22T03:34:27Z,2025-10-22T02:38:00Z,ARR,bad,56.0
668,True,False,TORONTO,MONTRÉAL,2025-10-21,6,Montréal,MTRL,2025-10-22T03:58:11Z,2025-10-22T03:04:00Z,8 mins,bad,54.0
59,True,True,OTTAWA,TORONTO,2025-10-21,0,Ottawa,OTTW,2025-10-21T22:03:00Z,2025-10-21T22:03:00Z,ARR,goo,0.0
59,True,True,OTTAWA,TORONTO,2025-10-21,1,Fallowfield,FALL,2025-10-21T22:19:42Z,2025-10-21T22:20:00Z,ARR,goo,0.0
59,True,True,OTTAWA,TORONTO,2025-10-21,2,Smiths Falls,SMTF,2025-10-21T22:52:14Z,2025-10-21T22:51:00Z,ARR,goo,1.0
59,True,True,OTTAWA,TORONTO,2025-10-21,3,Brockville,BRKV,2025-10-21T23:30:31Z,2025-10-21T23:25:00Z,ARR,med,5.0
59,True,True,OTTAWA,TORONTO,2025-10-21,4,Kingston,KGON,2025-10-22T00:13:20Z,2025-10-22T00:10:00Z,ARR,goo,3.0
59,True,True,OTTAWA,TORONTO,2025-10-21,5,Belleville,BLVL,2025-10-22T00:53:58Z,2025-10-22T00:51:00Z,ARR,goo,2.0
59,True,True,OTTAWA,TORONTO,2025-10-21,6,Trenton Jct.,TRNJ,2025-10-22T01:06:37Z,2025-10-22T01:05:00Z,ARR,goo,1.0
59,True,True,OTTAWA,TORONTO,2025-10-21,7,Cobourg,CBRG,2025-10-22T01:33:56Z,2025-10-22T01:31:00Z,ARR,goo,2.0
59,True,True,OTTAWA,TORONTO,2025-10-21,8,Oshawa,OSHA,2025-10-22T02:09:32Z,2025-10-22T02:05:00Z,ARR,goo,4.0
59,True,True,OTTAWA,TORONTO,2025-10-21,9,Guildwood,GUIL,2025-10-22T02:31:13Z,2025-10-22T02:28:00Z,ARR,goo,3.0
59,True,True,OTTAWA,TORONTO,2025-10-21,10,Toronto,TRTO,2025-10-22T02:56:32Z,2025-10-22T02:48:00Z,ARR,med,8.0
78,True,True,WINDSOR,TORONTO,2025-10-21,0,Windsor,WDON,2025-10-21T21:40:00Z,2025-10-21T21:40:00Z,ARR,goo,0.0
78,True,True,WINDSOR,TORONTO,2025-10-21,1,Chatham,CHAT,2025-10-21T22:25:35Z,2025-10-21T22:24:00Z,ARR,goo,1.0
78,True,True,WINDSOR,TORONTO,2025-10-21,2,Glencoe,GLNC,2025-10-21T23:14:18Z,2025-10-21T22:59:00Z,ARR,bad,15.0
78,True,True,WINDSOR,TORONTO,2025-10-21,3,London,LNDN,2025-10-21T23:49:06Z,2025-10-21T23:32:00Z,ARR,bad,17.0
78,True,True,WINDSOR,TORONTO,2025-10-21,4,Ingersoll,INGR,2025-10-22T00:17:43Z,2025-10-21T23:57:00Z,ARR,bad,20.0
78,True,True,WINDSOR,TORONTO,2025-10-21,5,Woodstock,WDST,2025-10-22T00:27:30Z,2025-10-22T00:08:00Z,ARR,bad,19.0
78,True,True,WINDSOR,TORONTO,2025-10-21,6,Brantford,BRTF,2025-10-22T00:59:34Z,2025-10-22T00:39:00Z,ARR,bad,20.0
78,True,True,WINDSOR,TORONTO,2025-10-21,7,Aldershot,ALDR,2025-10-22T01:35:12Z,2025-10-22T01:09:00Z,ARR,bad,26.0
78,True,True,WINDSOR,TORONTO,2025-10-21,8,Oakville,OAKV,2025-10-22T01:51:03Z,2025-10-22T01:24:00Z,ARR,bad,27.0
78,True,True,WINDSOR,TORONTO,2025-10-21,9,Toronto,TRTO,2025-10-22T02:18:42Z,2025-10-22T01:50:00Z,ARR,bad,28.0
38,True,True,OTTAWA,MONTRÉAL,2025-10-21,0,Ottawa,OTTW,2025-10-21T21:55:00Z,2025-10-21T21:55:00Z,ARR,goo,0.0
38,True,True,OTTAWA,MONTRÉAL,2025-10-21,1,Casselman,CSLM,2025-10-21T22:20:10Z,2025-10-21T22:26:00Z,ARR,goo,-5.0
38,True,True,OTTAWA,MONTRÉAL,2025-10-21,2,Alexandria,ALEX,2025-10-21T22:45:02Z,2025-10-21T22:49:00Z,ARR,goo,-3.0
38,True,True,OTTAWA,MONTRÉAL,2025-10-21,3,Dorval,DORV,2025-10-21T23:36:05Z,2025-10-21T23:33:00Z,ARR,goo,3.0
38,True,True,OTTAWA,MONTRÉAL,2025-10-21,4,Montréal,MTRL,2025-10-22T00:16:36Z,2025-10-21T23:57:00Z,ARR,bad,19.0
669,True,True,MONTRÉAL,TORONTO,2025-10-21,0,Montréal,MTRL,2025-10-21T22:09:00Z,2025-10-21T22:09:00Z,ARR,goo,0.0
669,True,True,MONTRÉAL,TORONTO,2025-10-21,1,Dorval,DORV,2025-10-21T22:37:44Z,2025-10-21T22:34:00Z,ARR,goo,3.0
669,True,True,MONTRÉAL,TORONTO,2025-10-21,2,Cornwall,CWLL,2025-10-21T23:29:47Z,2025-10-21T23:26:00Z,ARR,goo,3.0
669,True,True,MONTRÉAL,TORONTO,2025-10-21,3,Kingston,KGON,2025-10-22T01:02:44Z,2025-10-22T00:52:00Z,ARR,med,10.0
669,True,True,MONTRÉAL,TORONTO,2025-10-21,4,Oshawa,OSHA,2025-10-22T02:49:48Z,2025-10-22T02:35:00Z,ARR,med,14.0
669,True,True,MONTRÉAL,TORONTO,2025-10-21,5,Toronto,TRTO,2025-10-22T03:30:13Z,2025-10-22T03:18:00Z,ARR,med,12.0
48,True,True,TORONTO,OTTAWA,2025-10-21,0,Toronto,TRTO,2025-10-21T22:38:00Z,2025-10-21T22:38:00Z,ARR,goo,0.0
48,True,True,TORONTO,OTTAWA,2025-10-21,1,Oshawa,OSHA,2025-10-21T23:13:00Z,2025-10-21T23:08:00Z,ARR,med,5.0
48,True,True,TORONTO,OTTAWA,2025-10-21,2,Port Hope,PHOP,2025-10-21T23:39:11Z,2025-10-21T23:36:00Z,ARR,goo,3.0
48,True,True,TORONTO,OTTAWA,2025-10-21,3,Cobourg,CBRG,2025-10-21T23:55:05Z,2025-10-21T23:45:00Z,ARR,med,10.0
48,True,True,TORONTO,OTTAWA,2025-10-21,4,Trenton Jct.,TRNJ,2025-10-22T00:19:23Z,2025-10-22T00:12:01Z,ARR,med,7.0
48,True,True,TORONTO,OTTAWA,2025-10-21,5,Belleville,BLVL,2025-10-22T00:30:57Z,2025-10-22T00:25:00Z,ARR,med,5.0
48,True,True,TORONTO,OTTAWA,2025-10-21,6,Napanee,NAPN,2025-10-22T00:50:21Z,2025-10-22T00:46:00Z,ARR,goo,4.0
48,True,True,TORONTO,OTTAWA,2025-10-21,7,Kingston,KGON,2025-10-22T01:09:29Z,2025-10-22T01:06:00Z,ARR,goo,3.0
48,True,True,TORONTO,OTTAWA,2025-10-21,8,Gananoque,GANA,2025-10-22T01:30:45Z,2025-10-22T01:28:00Z,ARR,goo,2.0
48,True,True,TORONTO,OTTAWA,2025-10-21,9,Brockville,BRKV,2025-10-22T01:56:46Z,2025-10-22T01:53:00Z,ARR,goo,3.0
48,True,True,TORONTO,OTTAWA,2025-10-21,10,Smiths Falls,SMTF,2025-10-22T02:26:12Z,2025-10-22T02:24:00Z,ARR,goo,2.0
48,True,True,TORONTO,OTTAWA,2025-10-21,11,Fallowfield,FALL,2025-10-22T02:51:06Z,2025-10-22T02:51:00Z,ARR,goo,0.0
48,True,True,TORONTO,OTTAWA,2025-10-21,12,Ottawa,OTTW,2025-10-22T03:11:18Z,2025-10-22T03:11:00Z,ARR,goo,0.0
79,True,False,TORONTO,WINDSOR,2025-10-21,0,Toronto,TRTO,2025-10-21T23:45:20Z,2025-10-21T23:45:00Z,ARR,goo,0.0
79,True,False,TORONTO,WINDSOR,2025-10-21,1,Oakville,OAKV,2025-10-22T00:10:33Z,2025-10-22T00:07:00Z,ARR,goo,3.0
79,True,False,TORONTO,WINDSOR,2025-10-21,2,Aldershot,ALDR,2025-10-22T00:28:04Z,2025-10-22T00:22:00Z,ARR,med,6.0
79,True,False,TORONTO,WINDSOR,2025-10-21,3,Brantford,BRTF,2025-10-22T01:12:42Z,2025-10-22T00:50:00Z,ARR,bad,22.0
79,True,False,TORONTO,WINDSOR,2025-10-21,4,Woodstock,WDST,2025-10-22T01:42:57Z,2025-10-22T01:17:00Z,ARR,bad,25.0
79,True,False,TORONTO,WINDSOR,2025-10-21,5,Ingersoll,INGR,2025-10-22T01:55:04Z,2025-10-22T01:30:00Z,ARR,bad,25.0
79,True,False,TORONTO,WINDSOR,2025-10-21,6,London,LNDN,2025-10-22T02:18:52Z,2025-10-22T01:52:00Z,ARR,bad,26.0
79,True,False,TORONTO,WINDSOR,2025-10-21,7,Glencoe,GLNC,2025-10-22T02:57:56Z,2025-10-22T02:25:00Z,ARR,bad,32.0
79,True,False,TORONTO,WINDSOR,2025-10-21,8,Chatham,CHAT,2025-10-22T03:39:20Z,2025-10-22T02:57:00Z,ARR,bad,42.0
79,True,False,TORONTO,WINDSOR,2025-10-21,9,Windsor,WDON,2025-10-22T04:22:24Z,2025-10-22T03:44:00Z,32 mins,bad,38.0
690,True,False,CHURCHILL,THE PAS,2025-10-21,0,Churchill,CHUR,2025-10-22T01:30:00Z,2025-10-22T01:30:00Z,ARR,goo,0.0
690,True,False,CHURCHILL,THE PAS,2025-10-21,1,Tidal,TIDL,2025-10-22T01:57:51Z,2025-10-22T01:52:00Z,ARR,med,5.0
690,True,False,CHURCHILL,THE PAS,2025-10-21,2,Chesnaye,CHES,2025-10-22T02:56:35Z,2025-10-22T02:38:00Z,ARR,bad,18.0
690,True,False,CHURCHILL,THE PAS,2025-10-21,3,M'Clintock,MCLI,2025-10-22T04:12:35Z,2025-10-22T03:54:00Z,22 mins,bad,18.0
690,True,False,CHURCHILL,THE PAS,2025-10-21,4,O'Day,ODAY,2025-10-22T04:57:35Z,2025-10-22T04:39:00Z,1h07,bad,18.0
690,True,False,CHURCHILL,THE PAS,2025-10-21,5,Herchmer,HERC,2025-10-22T05:36:35Z,2025-10-22T05:18:00Z,1h46,bad,18.0
690,True,False,CHURCHILL,THE PAS,2025-10-21,6,Thibaudeau,THIB,2025-10-22T07:02:35Z,2025-10-22T06:44:00Z,3h12,bad,18.0
690,True,False,CHURCHILL,THE PAS,2025-10-21,7,Weir River,WEIR,2025-10-22T08:04:35Z,2025-10-22T07:46:00Z,4h14,bad,18.0
690,True,False,CHURCHILL,THE PAS,2025-10-21,8,Amery,AMRY,2025-10-22T08:55:35Z,2025-10-22T08:37:00Z,5h05,bad,18.0
690,True,False,CHURCHILL,THE PAS,2025-10-21,9,Bird,BIRD,2025-10-22T09:18:35Z,2025-10-22T09:00:00Z,5h28,bad,18.0
690,True,False,CHURCHILL,THE PAS,2025-10-21,10,Gillam,GILL,2025-10-22T10:18:35Z,2025-10-22T10:00:00Z,6h28,bad,18.0
690,True,False,CHURCHILL,THE PAS,2025-10-21,11,Wivenhoe,WVHO,2025-10-22T11:34:35Z,2025-10-22T11:16:00Z,7h44,bad,18.0
690,True,False,CHURCHILL,THE PAS,2025-10-21,12,Ilford,ILFO,2025-10-22T12:11:35Z,2025-10-22T11:53:00Z,8h21,bad,18.0
690,True,False,CHURCHILL,THE PAS,2025-10-21,13,Pit Siding,PITS,2025-10-22T13:12:35Z,2025-10-22T12:54:00Z,9h22,bad,18.0
690,True,False,CHURCHILL,THE PAS,2025-10-21,14,Bridgar,BRGR,2025-10-22T14:34:35Z,2025-10-22T14:16:00Z,10h44,bad,18.0
690,True,False,CHURCHILL,THE PAS,2025-10-21,15,Pikwitonei,PIKW,2025-10-22T14:45:35Z,2025-10-22T14:27:00Z,10h55,bad,18.0
690,True,False,CHURCHILL,THE PAS,2025-10-21,16,Sipiwesk,SIPI,2025-10-22T15:12:35Z,2025-10-22T14:54:00Z,11h22,bad,18.0
690,True,False,CHURCHILL,THE PAS,2025-10-21,17,Thompson,THOM,2025-10-22T16:48:35Z,2025-10-22T16:30:00Z,12h58,bad,18.0
