train_id,departed,arrived,from,to,instance,stop_id,station,code,estimated,scheduled,eta,diff,diffMin
1 (07-02),True,False,TORONTO,VANCOUVER,2025-07-02,0,Toronto,TRTO,2025-07-02T13:55:00Z,2025-07-02T13:55:00Z,ARR,goo,0.0
1 (07-02),True,False,TORONTO,VANCOUVER,2025-07-02,1,Washago,WSHG,2025-07-02T17:36:56Z,2025-07-02T16:25:00Z,ARR,bad,71.0
1 (07-02),True,False,TORONTO,VANCOUVER,2025-07-02,2,South Parry,SPAR,2025-07-02T19:34:13Z,2025-07-02T18:27:00Z,ARR,bad,67.0
1 (07-02),True,False,TORONTO,VANCOUVER,2025-07-02,3,Sudbury (Jct.),SUDJ,2025-07-02T22:48:41Z,2025-07-02T20:57:00Z,ARR,bad,111.0
1 (07-02),True,False,TORONTO,VANCOUVER,2025-07-02,4,Capreol,CAPR,2025-07-02T23:35:48Z,2025-07-02T21:22:00Z,ARR,bad,133.0
1 (07-02),True,False,TORONTO,VANCOUVER,2025-07-02,5,Laforest,LAFO,2025-07-03T01:01:29Z,2025-07-02T22:48:00Z,ARR,bad,133.0
1 (07-02),True,False,TORONTO,VANCOUVER,2025-07-02,6,McKee's Camp,MCKC,2025-07-03T01:14:29Z,2025-07-02T23:01:00Z,ARR,bad,133.0
1 (07-02),True,False,TORONTO,VANCOUVER,2025-07-02,7,Felix,FELX,2025-07-03T01:34:29Z,2025-07-02T23:21:00Z,ARR,bad,133.0
1 (07-02),True,False,TORONTO,VANCOUVER,2025-07-02,8,Ruel,RUEL,2025-07-03T01:41:29Z,2025-07-02T23:28:00Z,ARR,bad,133.0
1 (07-02),True,False,TORONTO,VANCOUVER,2025-07-02,9,Westree,WSTR,2025-07-03T01:54:13Z,2025-07-02T23:45:00Z,ARR,bad,129.0
1 (07-02),True,False,TORONTO,VANCOUVER,2025-07-02,10,Gogama,GOGA,2025-07-03T02:29:55Z,2025-07-03T00:18:00Z,ARR,bad,131.0
1 (07-02),True,False,TORONTO,VANCOUVER,2025-07-02,11,Foleyet,FOLE,2025-07-03T04:03:12Z,2025-07-03T02:44:00Z,ARR,bad,79.0
1 (07-02),True,False,TORONTO,VANCOUVER,2025-07-02,12,Elsas,ELSA,2025-07-03T05:05:51Z,2025-07-03T03:38:00Z,ARR,bad,87.0
1 (07-02),True,False,TORONTO,VANCOUVER,2025-07-02,13,Oba,OBAX,2025-07-03T07:05:51Z,2025-07-03T05:38:00Z,ARR,bad,87.0
1 (07-02),True,False,TORONTO,VANCOUVER,2025-07-02,14,Hornepayne,HNPN,2025-07-03T08:32:41Z,2025-07-03T06:29:00Z,ARR,bad,123.0
1 (07-02),True,False,TORONTO,VANCOUVER,2025-07-02,15,Hillsport,HLSP,2025-07-03T10:13:57Z,2025-07-03T08:05:00Z,ARR,bad,128.0
1 (07-02),True,False,TORONTO,VANCOUVER,2025-07-02,16,Caramat,CARA,2025-07-03T11:22:37Z,2025-07-03T08:55:00Z,ARR,bad,147.0
1 (07-02),True,False,TORONTO,VANCOUVER,2025-07-02,17,Longlac,LLAC,2025-07-03T11:45:36Z,2025-07-03T09:34:00Z,ARR,bad,131.0
1 (07-02),True,False,TORONTO,VANCOUVER,2025-07-02,18,Nakina,NAKI,2025-07-03T12:34:06Z,2025-07-03T10:13:00Z,ARR,bad,141.0
1 (07-02),True,False,TORONTO,VANCOUVER,2025-07-02,19,Auden,AUDN,2025-07-03T13:35:16Z,2025-07-03T11:19:00Z,ARR,bad,136.0
1 (07-02),True,False,TORONTO,VANCOUVER,2025-07-02,20,Ferland,FERL,2025-07-03T14:12:16Z,2025-07-03T11:56:00Z,ARR,bad,136.0
1 (07-02),True,False,TORONTO,VANCOUVER,2025-07-02,21,Mud River,MUDR,2025-07-03T14:21:16Z,2025-07-03T12:05:00Z,ARR,bad,136.0
1 (07-02),True,False,TORONTO,VANCOUVER,2025-07-02,22,Armstrong,ARMG,2025-07-03T16:23:42Z,2025-07-03T13:17:00Z,ARR,bad,186.0
1 (07-02),True,False,TORONTO,VANCOUVER,2025-07-02,23,Collins,COLL,2025-07-03T17:18:39Z,2025-07-03T13:47:00Z,ARR,bad,211.0
1 (07-02),True,False,TORONTO,VANCOUVER,2025-07-02,24,Allanwater Bridge,ALWB,2025-07-03T17:57:39Z,2025-07-03T14:26:00Z,ARR,bad,211.0
1 (07-02),True,False,TORONTO,VANCOUVER,2025-07-02,25,Flindt Landing,FLTL,2025-07-03T18:13:39Z,2025-07-03T14:42:00Z,ARR,bad,211.0
1 (07-02),True,False,TORONTO,VANCOUVER,2025-07-02,26,Savant Lake,SAVL,2025-07-03T18:30:39Z,2025-07-03T14:59:00Z,ARR,bad,211.0
1 (07-02),True,False,TORONTO,VANCOUVER,2025-07-02,27,Sioux Lookout,SLKT,2025-07-03T19:54:16Z,2025-07-03T16:25:00Z,ARR,bad,209.0
1 (07-02),True,False,TORONTO,VANCOUVER,2025-07-02,28,Richan,RCHN,2025-07-03T22:09:21Z,2025-07-03T18:05:00Z,ARR,bad,244.0
1 (07-02),True,False,TORONTO,VANCOUVER,2025-07-02,29,Red Lake Road,RLRX,2025-07-03T23:00:57Z,2025-07-03T18:41:00Z,ARR,bad,259.0
1 (07-02),True,False,TORONTO,VANCOUVER,2025-07-02,30,Canyon,CNYK,2025-07-03T23:38:56Z,2025-07-03T19:10:00Z,ARR,bad,268.0
1 (07-02),True,False,TORONTO,VANCOUVER,2025-07-02,31,Farlane,FARL,2025-07-04T00:14:17Z,2025-07-03T19:47:00Z,ARR,bad,267.0
1 (07-02),True,False,TORONTO,VANCOUVER,2025-07-02,32,Redditt,RDDT,2025-07-04T00:32:41Z,2025-07-03T20:23:00Z,ARR,bad,249.0
1 (07-02),True,False,TORONTO,VANCOUVER,2025-07-02,33,Minaki,MNKI,2025-07-04T00:58:31Z,2025-07-03T20:44:00Z,ARR,bad,254.0
1 (07-02),True,False,TORONTO,VANCOUVER,2025-07-02,34,Ottermere,OTTM,2025-07-04T01:16:04Z,2025-07-03T21:01:00Z,ARR,bad,255.0
1 (07-02),True,False,TORONTO,VANCOUVER,2025-07-02,35,Malachi,MLCH,2025-07-04T01:26:20Z,2025-07-03T21:07:00Z,ARR,bad,259.0
1 (07-02),True,False,TORONTO,VANCOUVER,2025-07-02,36,Copelands Landing,COPE,2025-07-04T01:26:42Z,2025-07-03T21:09:00Z,ARR,bad,257.0
1 (07-02),True,False,TORONTO,VANCOUVER,2025-07-02,37,Rice Lake,RCLK,2025-07-04T01:37:40Z,2025-07-03T21:12:00Z,ARR,bad,265.0
1 (07-02),True,False,TORONTO,VANCOUVER,2025-07-02,38,Winnitoba,WNTB,2025-07-04T01:45:35Z,2025-07-03T21:26:00Z,ARR,bad,259.0
1 (07-02),True,False,TORONTO,VANCOUVER,2025-07-02,39,Ophir,OPHR,2025-07-04T01:46:10Z,2025-07-03T21:31:00Z,ARR,bad,255.0
1 (07-02),True,False,TORONTO,VANCOUVER,2025-07-02,40,Brereton Lake,BRTL,2025-07-04T01:59:17Z,2025-07-03T21:49:00Z,ARR,bad,250.0
1 (07-02),True,False,TORONTO,VANCOUVER,2025-07-02,41,Elma,ELMA,2025-07-04T02:48:14Z,2025-07-03T22:10:00Z,ARR,bad,278.0
1 (07-02),True,False,TORONTO,VANCOUVER,2025-07-02,42,Winnipeg,WNPG,2025-07-04T04:57:40Z,2025-07-04T00:30:00Z,ARR,bad,267.0
1 (07-02),True,False,TORONTO,VANCOUVER,2025-07-02,43,Portage La Prairie,PLPX,2025-07-04T08:53:08Z,2025-07-04T04:04:00Z,ARR,bad,289.0
1 (07-02),True,False,TORONTO,VANCOUVER,2025-07-02,44,Rivers,RVRS,2025-07-04T10:38:02Z,2025-07-04T06:31:00Z,ARR,bad,247.0
1 (07-02),True,False,TORONTO,VANCOUVER,2025-07-02,45,Melville,MELV,2025-07-04T14:16:36Z,2025-07-04T10:54:00Z,ARR,bad,202.0
1 (07-02),True,False,TORONTO,VANCOUVER,2025-07-02,46,Watrous,WATR,2025-07-04T18:00:47Z,2025-07-04T13:54:00Z,ARR,bad,246.0
1 (07-02),True,False,TORONTO,VANCOUVER,2025-07-02,47,Saskatoon,SASK,2025-07-04T19:10:20Z,2025-07-04T15:50:00Z,ARR,bad,200.0
1 (07-02),True,False,TORONTO,VANCOUVER,2025-07-02,48,Biggar,BIGG,2025-07-04T21:58:24Z,2025-07-04T18:29:00Z,ARR,bad,209.0
1 (07-02),True,False,TORONTO,VANCOUVER,2025-07-02,49,Unity,UNIT,2025-07-05T00:37:08Z,2025-07-04T19:44:00Z,ARR,bad,293.0
1 (07-02),True,False,TORONTO,VANCOUVER,2025-07-02,50,Wainwright,WAIN,2025-07-05T01:56:28Z,2025-07-04T22:33:00Z,ARR,bad,203.0
1 (07-02),True,False,TORONTO,VANCOUVER,2025-07-02,51,Viking,VKNG,2025-07-05T02:52:02Z,2025-07-04T23:26:00Z,ARR,bad,206.0
1 (07-02),True,False,TORONTO,VANCOUVER,2025-07-02,52,Edmonton,EDMO,2025-07-05T04:25:41Z,2025-07-05T02:50:00Z,ARR,bad,95.0
1 (07-02),True,False,TORONTO,VANCOUVER,2025-07-02,53,Evansburg,EVAN,2025-07-05T07:20:09Z,2025-07-05T07:29:00Z,ARR,goo,-8.0
1 (07-02),True,False,TORONTO,VANCOUVER,2025-07-02,54,Edson,EDSN,2025-07-05T09:41:56Z,2025-07-05T08:52:00Z,ARR,bad,49.0
1 (07-02),True,False,TORONTO,VANCOUVER,2025-07-02,55,Hinton,HINT,2025-07-05T11:40:23Z,2025-07-05T09:58:00Z,ARR,bad,102.0
1 (07-02),True,False,TORONTO,VANCOUVER,2025-07-02,56,Jasper,JASP,2025-07-05T14:34:55Z,2025-07-05T12:30:00Z,ARR,bad,124.0
1 (07-02),True,False,TORONTO,VANCOUVER,2025-07-02,57,Valemount,VLMT,2025-07-05T18:20:10Z,2025-07-05T17:50:00Z,ARR,bad,30.0
1 (07-02),True,False,TORONTO,VANCOUVER,2025-07-02,58,Blue River,BLUE,2025-07-05T20:20:35Z,2025-07-05T20:36:00Z,ARR,goo,-15.0
1 (07-02),True,False,TORONTO,VANCOUVER,2025-07-02,59,Clearwater,CLWT,2025-07-05T22:42:44Z,2025-07-05T22:45:00Z,ARR,goo,-2.0
1 (07-02),True,False,TORONTO,VANCOUVER,2025-07-02,60,Kamloops North,KAMN,2025-07-06T01:00:09Z,2025-07-06T01:28:00Z,ARR,goo,-27.0
1 (07-02),True,False,TORONTO,VANCOUVER,2025-07-02,61,Ashcroft,ASHN,2025-07-06T03:17:51Z,2025-07-06T03:49:00Z,ARR,goo,-31.0
1 (07-02),True,False,TORONTO,VANCOUVER,2025-07-02,62,Boston Bar,BBAR,2025-07-06T06:01:58Z,2025-07-06T06:36:00Z,2h37,goo,-34.0
1 (07-02),True,False,TORONTO,VANCOUVER,2025-07-02,63,Hope,HOPE,2025-07-06T08:06:00Z,2025-07-06T08:06:00Z,4h41,goo,0.0
1 (07-02),True,False,TORONTO,VANCOUVER,2025-07-02,64,Chilliwack,CHIL,&mdash;,2025-07-06T08:30:00Z,&mdash;,,
1 (07-02),True,False,TORONTO,VANCOUVER,2025-07-02,65,Abbotsford,ABBO,&mdash;,2025-07-06T09:00:00Z,&mdash;,,
1 (07-02),True,False,TORONTO,VANCOUVER,2025-07-02,66,Vancouver,VCVR,&mdash;,2025-07-06T15:00:00Z,&mdash;,,
692 (07-03),True,True,CHURCHILL,WINNIPEG,2025-07-03,0,Churchill,CHUR,2025-07-04T01:30:00Z,2025-07-04T01:30:00Z,ARR,goo,0.0
692 (07-03),True,True,CHURCHILL,WINNIPEG,2025-07-03,1,Tidal,TIDL,2025-07-04T01:55:04Z,2025-07-04T01:52:00Z,ARR,goo,3.0
692 (07-03),True,True,CHURCHILL,WINNIPEG,2025-07-03,2,Chesnaye,CHES,2025-07-04T02:59:05Z,2025-07-04T02:38:00Z,ARR,bad,21.0
692 (07-03),True,True,CHURCHILL,WINNIPEG,2025-07-03,3,M'Clintock,MCLI,2025-07-04T04:12:01Z,2025-07-04T03:54:00Z,ARR,bad,18.0
692 (07-03),True,True,CHURCHILL,WINNIPEG,2025-07-03,4,O'Day,ODAY,2025-07-04T05:05:26Z,2025-07-04T04:39:00Z,ARR,bad,26.0
692 (07-03),True,True,CHURCHILL,WINNIPEG,2025-07-03,5,Herchmer,HERC,2025-07-04T05:26:37Z,2025-07-04T05:18:00Z,ARR,med,8.0
692 (07-03),True,True,CHURCHILL,WINNIPEG,2025-07-03,6,Thibaudeau,THIB,2025-07-04T07:01:33Z,2025-07-04T06:44:00Z,ARR,bad,17.0
692 (07-03),True,True,CHURCHILL,WINNIPEG,2025-07-03,7,Weir River,WEIR,2025-07-04T07:40:24Z,2025-07-04T07:46:00Z,ARR,goo,-5.0
692 (07-03),True,True,CHURCHILL,WINNIPEG,2025-07-03,8,Amery,AMRY,2025-07-04T08:16:34Z,2025-07-04T08:37:00Z,ARR,goo,-20.0
692 (07-03),True,True,CHURCHILL,WINNIPEG,2025-07-03,9,Bird,BIRD,2025-07-04T09:06:38Z,2025-07-04T09:00:00Z,ARR,med,6.0
692 (07-03),True,True,CHURCHILL,WINNIPEG,2025-07-03,10,Gillam,GILL,2025-07-04T09:53:44Z,2025-07-04T10:00:00Z,ARR,goo,-6.0
692 (07-03),True,True,CHURCHILL,WINNIPEG,2025-07-03,11,Wivenhoe,WVHO,2025-07-04T11:16:11Z,2025-07-04T11:16:00Z,ARR,goo,0.0
692 (07-03),True,True,CHURCHILL,WINNIPEG,2025-07-03,12,Ilford,ILFO,2025-07-04T12:03:49Z,2025-07-04T11:53:00Z,ARR,med,10.0
692 (07-03),True,True,CHURCHILL,WINNIPEG,2025-07-03,13,Pit Siding,PITS,2025-07-04T13:04:49Z,2025-07-04T12:54:00Z,ARR,med,10.0
692 (07-03),True,True,CHURCHILL,WINNIPEG,2025-07-03,14,Bridgar,BRGR,2025-07-04T14:26:49Z,2025-07-04T14:16:00Z,ARR,med,10.0
692 (07-03),True,True,CHURCHILL,WINNIPEG,2025-07-03,15,Pikwitonei,PIKW,2025-07-04T14:37:49Z,2025-07-04T14:27:00Z,ARR,med,10.0
692 (07-03),True,True,CHURCHILL,WINNIPEG,2025-07-03,16,Sipiwesk,SIPI,2025-07-04T15:04:49Z,2025-07-04T14:54:00Z,ARR,med,10.0
692 (07-03),True,True,CHURCHILL,WINNIPEG,2025-07-03,17,Thompson,THOM,2025-07-04T18:42:06Z,2025-07-04T16:30:00Z,ARR,bad,132.0
692 (07-03),True,True,CHURCHILL,WINNIPEG,2025-07-03,18,Leven,LEVN,2025-07-04T21:45:32Z,2025-07-04T21:05:00Z,ARR,bad,40.0
692 (07-03),True,True,CHURCHILL,WINNIPEG,2025-07-03,19,Thicket Portage,THKP,2025-07-04T21:02:04Z,2025-07-04T21:22:00Z,ARR,goo,-19.0
692 (07-03),True,True,CHURCHILL,WINNIPEG,2025-07-03,20,Hockin,HOCK,2025-07-04T21:25:46Z,2025-07-04T21:37:00Z,ARR,goo,-11.0
692 (07-03),True,True,CHURCHILL,WINNIPEG,2025-07-03,21,Odhill,ODHI,2025-07-04T22:03:41Z,2025-07-04T22:21:00Z,ARR,goo,-17.0
692 (07-03),True,True,CHURCHILL,WINNIPEG,2025-07-03,22,Lyddal,LYDD,2025-07-04T22:22:01Z,2025-07-04T22:43:00Z,ARR,goo,-20.0
692 (07-03),True,True,CHURCHILL,WINNIPEG,2025-07-03,23,Wabowden,WBDN,2025-07-04T22:45:51Z,2025-07-04T23:11:00Z,ARR,goo,-25.0
692 (07-03),True,True,CHURCHILL,WINNIPEG,2025-07-03,24,Pipun,PIPN,2025-07-04T23:06:32Z,2025-07-04T23:34:00Z,ARR,goo,-27.0
692 (07-03),True,True,CHURCHILL,WINNIPEG,2025-07-03,25,Ponton,PNTN,2025-07-04T23:53:06Z,2025-07-05T00:17:00Z,ARR,goo,-23.0
692 (07-03),True,True,CHURCHILL,WINNIPEG,2025-07-03,26,Turnbull,TURN,2025-07-05T00:21:03Z,2025-07-05T00:49:00Z,ARR,goo,-27.0
692 (07-03),True,True,CHURCHILL,WINNIPEG,2025-07-03,27,Wekusko,WEKU,2025-07-05T00:44:03Z,2025-07-05T01:16:00Z,ARR,goo,-31.0
692 (07-03),True,True,CHURCHILL,WINNIPEG,2025-07-03,28,Dyce,DYCE,2025-07-05T01:24:15Z,2025-07-05T02:00:00Z,ARR,goo,-35.0
692 (07-03),True,True,CHURCHILL,WINNIPEG,2025-07-03,29,Dering,DERI,2025-07-05T02:01:52Z,2025-07-05T02:39:00Z,ARR,goo,-37.0
692 (07-03),True,True,CHURCHILL,WINNIPEG,2025-07-03,30,Cormorant,CORM,2025-07-05T02:47:00Z,2025-07-05T02:47:00Z,ARR,goo,0.0
692 (07-03),True,True,CHURCHILL,WINNIPEG,2025-07-03,31,Halcrow,HALC,2025-07-05T02:15:47Z,2025-07-05T02:58:00Z,ARR,goo,-42.0
692 (07-03),True,True,CHURCHILL,WINNIPEG,2025-07-03,32,Orok,OROK,2025-07-05T03:00:36Z,2025-07-05T03:52:00Z,ARR,goo,-51.0
692 (07-03),True,True,CHURCHILL,WINNIPEG,2025-07-03,33,The Pas,TPAS,2025-07-05T03:31:43Z,2025-07-05T04:30:00Z,ARR,goo,-58.0
692 (07-03),True,True,CHURCHILL,WINNIPEG,2025-07-03,34,Hudson Bay,HBAY,2025-07-05T10:46:23Z,2025-07-05T10:27:00Z,ARR,bad,19.0
692 (07-03),True,True,CHURCHILL,WINNIPEG,2025-07-03,35,Reserve,RSRV,2025-07-05T11:46:20Z,2025-07-05T11:09:00Z,ARR,bad,37.0
692 (07-03),True,True,CHURCHILL,WINNIPEG,2025-07-03,36,Endeavour,ENDV,2025-07-05T12:40:21Z,2025-07-05T11:55:00Z,ARR,bad,45.0
692 (07-03),True,True,CHURCHILL,WINNIPEG,2025-07-03,37,Sturgis,STGS,2025-07-05T13:16:27Z,2025-07-05T12:24:00Z,ARR,bad,52.0
692 (07-03),True,True,CHURCHILL,WINNIPEG,2025-07-03,38,Canora,CANO,2025-07-05T14:07:35Z,2025-07-05T13:08:00Z,ARR,bad,59.0
692 (07-03),True,True,CHURCHILL,WINNIPEG,2025-07-03,39,Mikado,MIKA,2025-07-05T14:30:05Z,2025-07-05T13:30:00Z,ARR,bad,60.0
692 (07-03),True,True,CHURCHILL,WINNIPEG,2025-07-03,40,Veregin,VERE,2025-07-05T14:41:09Z,2025-07-05T13:43:00Z,ARR,bad,58.0
692 (07-03),True,True,CHURCHILL,WINNIPEG,2025-07-03,41,Kamsack,KAMS,2025-07-05T14:52:12Z,2025-07-05T13:58:00Z,ARR,bad,54.0
692 (07-03),True,True,CHURCHILL,WINNIPEG,2025-07-03,42,Togo,TOGO,2025-07-05T15:29:39Z,2025-07-05T14:37:00Z,ARR,bad,52.0
692 (07-03),True,True,CHURCHILL,WINNIPEG,2025-07-03,43,Roblin,RBLN,2025-07-05T15:55:40Z,2025-07-05T15:14:00Z,ARR,bad,41.0
692 (07-03),True,True,CHURCHILL,WINNIPEG,2025-07-03,44,Grandview,GVIE,2025-07-05T17:04:17Z,2025-07-05T16:12:00Z,ARR,bad,52.0
692 (07-03),True,True,CHURCHILL,WINNIPEG,2025-07-03,45,Gilbert Plains,GLBP,2025-07-05T17:25:26Z,2025-07-05T16:32:00Z,ARR,bad,53.0
692 (07-03),True,True,CHURCHILL,WINNIPEG,2025-07-03,46,Dauphin,DAUP,2025-07-05T18:00:57Z,2025-07-05T16:56:00Z,ARR,bad,64.0
692 (07-03),True,True,CHURCHILL,WINNIPEG,2025-07-03,47,Ochre River,OCHR,2025-07-05T18:32:37Z,2025-07-05T17:20:00Z,ARR,bad,72.0
692 (07-03),True,True,CHURCHILL,WINNIPEG,2025-07-03,48,Laurier,LRIE,2025-07-05T18:48:39Z,2025-07-05T17:38:00Z,ARR,bad,70.0
692 (07-03),True,True,CHURCHILL,WINNIPEG,2025-07-03,49,Mccreary,MCCR,2025-07-05T19:05:04Z,2025-07-05T17:54:00Z,ARR,bad,71.0
692 (07-03),True,True,CHURCHILL,WINNIPEG,2025-07-03,50,Glenella,GLNA,2025-07-05T19:49:25Z,2025-07-05T18:34:00Z,ARR,bad,75.0
692 (07-03),True,True,CHURCHILL,WINNIPEG,2025-07-03,51,Plumas,PLUM,2025-07-05T20:16:10Z,2025-07-05T19:06:00Z,ARR,bad,70.0
692 (07-03),True,True,CHURCHILL,WINNIPEG,2025-07-03,52,Gladstone,GSTO,2025-07-05T20:44:14Z,2025-07-05T19:51:00Z,ARR,bad,53.0
692 (07-03),True,True,CHURCHILL,WINNIPEG,2025-07-03,53,Portage La Prairie,PLPX,2025-07-05T21:29:12Z,2025-07-05T20:37:00Z,ARR,bad,52.0
692 (07-03),True,True,CHURCHILL,WINNIPEG,2025-07-03,54,Winnipeg,WNPG,2025-07-05T22:30:53Z,2025-07-05T21:45:00Z,ARR,bad,45.0
2 (07-04),True,False,VANCOUVER,TORONTO,2025-07-04,0,Vancouver,VCVR,2025-07-04T22:04:35Z,2025-07-04T22:00:00Z,ARR,goo,4.0
2 (07-04),True,False,VANCOUVER,TORONTO,2025-07-04,1,Mission Harbour,MSNH,2025-07-04T23:58:27Z,2025-07-04T23:35:00Z,ARR,bad,23.0
2 (07-04),True,False,VANCOUVER,TORONTO,2025-07-04,2,Agassiz,AGAS,2025-07-05T01:09:36Z,2025-07-05T00:03:00Z,ARR,bad,66.0
2 (07-04),True,False,VANCOUVER,TORONTO,2025-07-04,3,Katz,KATZ,2025-07-05T01:48:39Z,2025-07-05T00:17:00Z,ARR,bad,91.0
2 (07-04),True,False,VANCOUVER,TORONTO,2025-07-04,4,North Bend,NBND,2025-07-05T03:41:30Z,2025-07-05T02:46:00Z,ARR,bad,55.0
2 (07-04),True,False,VANCOUVER,TORONTO,2025-07-04,5,Ashcroft,ASHN,2025-07-05T06:04:38Z,2025-07-05T05:32:00Z,ARR,bad,32.0
2 (07-04),True,False,VANCOUVER,TORONTO,2025-07-04,6,Kamloops North,KAMN,2025-07-05T07:47:37Z,2025-07-05T07:17:00Z,ARR,bad,30.0
2 (07-04),True,False,VANCOUVER,TORONTO,2025-07-04,7,Clearwater,CLWT,2025-07-05T10:17:54Z,2025-07-05T09:58:00Z,ARR,bad,19.0
2 (07-04),True,False,VANCOUVER,TORONTO,2025-07-04,8,Blue River,BLUE,2025-07-05T12:13:57Z,2025-07-05T12:11:00Z,ARR,goo,2.0
2 (07-04),True,False,VANCOUVER,TORONTO,2025-07-04,9,Valemount,VLMT,2025-07-05T13:45:54Z,2025-07-05T14:01:00Z,ARR,goo,-15.0
2 (07-04),True,False,VANCOUVER,TORONTO,2025-07-04,10,Jasper,JASP,2025-07-05T16:43:51Z,2025-07-05T17:00:00Z,ARR,goo,-16.0
2 (07-04),True,False,VANCOUVER,TORONTO,2025-07-04,11,Hinton,HINT,2025-07-05T20:29:54Z,2025-07-05T19:45:00Z,ARR,bad,44.0
2 (07-04),True,False,VANCOUVER,TORONTO,2025-07-04,12,Edson,EDSN,2025-07-05T21:59:03Z,2025-07-05T21:19:00Z,ARR,bad,40.0
2 (07-04),True,False,VANCOUVER,TORONTO,2025-07-04,13,Evansburg,EVAN,2025-07-05T23:21:48Z,2025-07-05T22:28:00Z,ARR,bad,53.0
2 (07-04),True,False,VANCOUVER,TORONTO,2025-07-04,14,Edmonton,EDMO,2025-07-06T00:27:05Z,2025-07-06T00:50:00Z,ARR,goo,-22.0
2 (07-04),True,False,VANCOUVER,TORONTO,2025-07-04,15,Viking,VKNG,2025-07-06T04:37:46Z,2025-07-06T03:53:00Z,1h13,bad,44.0
2 (07-04),True,False,VANCOUVER,TORONTO,2025-07-04,16,Wainwright,WAIN,2025-07-06T06:58:46Z,2025-07-06T06:14:00Z,3h34,bad,44.0
2 (07-04),True,False,VANCOUVER,TORONTO,2025-07-04,17,Unity,UNIT,&mdash;,2025-07-06T07:47:00Z,&mdash;,,
2 (07-04),True,False,VANCOUVER,TORONTO,2025-07-04,18,Biggar,BIGG,&mdash;,2025-07-06T09:21:00Z,&mdash;,,
2 (07-04),True,False,VANCOUVER,TORONTO,2025-07-04,19,Saskatoon,SASK,&mdash;,2025-07-06T11:57:00Z,&mdash;,,
2 (07-04),True,False,VANCOUVER,TORONTO,2025-07-04,20,Watrous,WATR,&mdash;,2025-07-06T14:26:00Z,&mdash;,,
692 (07-05),True,False,CHURCHILL,WINNIPEG,2025-07-05,0,Churchill,CHUR,2025-07-06T01:30:15Z,2025-07-06T01:30:00Z,ARR,goo,0.0
692 (07-05),True,False,CHURCHILL,WINNIPEG,2025-07-05,1,Tidal,TIDL,2025-07-06T01:56:52Z,2025-07-06T01:52:00Z,ARR,goo,4.0
692 (07-05),True,False,CHURCHILL,WINNIPEG,2025-07-05,2,Chesnaye,CHES,2025-07-06T02:52:46Z,2025-07-06T02:38:00Z,ARR,med,14.0
692 (07-05),True,False,CHURCHILL,WINNIPEG,2025-07-05,3,M'Clintock,MCLI,2025-07-06T04:08:46Z,2025-07-06T03:54:00Z,44 mins,med,14.0
692 (07-05),True,False,CHURCHILL,WINNIPEG,2025-07-05,4,O'Day,ODAY,2025-07-06T04:53:46Z,2025-07-06T04:39:00Z,1h29,med,14.0
692 (07-05),True,False,CHURCHILL,WINNIPEG,2025-07-05,5,Herchmer,HERC,2025-07-06T05:32:46Z,2025-07-06T05:18:00Z,2h08,med,14.0
692 (07-05),True,False,CHURCHILL,WINNIPEG,2025-07-05,6,Thibaudeau,THIB,2025-07-06T06:58:46Z,2025-07-06T06:44:00Z,3h34,med,14.0
692 (07-05),True,False,CHURCHILL,WINNIPEG,2025-07-05,7,Weir River,WEIR,2025-07-06T08:00:46Z,2025-07-06T07:46:00Z,4h36,med,14.0
692 (07-05),True,False,CHURCHILL,WINNIPEG,2025-07-05,8,Amery,AMRY,2025-07-06T08:51:46Z,2025-07-06T08:37:00Z,5h27,med,14.0
692 (07-05),True,False,CHURCHILL,WINNIPEG,2025-07-05,9,Bird,BIRD,2025-07-06T09:14:46Z,2025-07-06T09:00:00Z,5h50,med,14.0
692 (07-05),True,False,CHURCHILL,WINNIPEG,2025-07-05,10,Gillam,GILL,2025-07-06T10:14:46Z,2025-07-06T10:00:00Z,6h50,med,14.0
692 (07-05),True,False,CHURCHILL,WINNIPEG,2025-07-05,11,Wivenhoe,WVHO,2025-07-06T11:30:46Z,2025-07-06T11:16:00Z,8h06,med,14.0
692 (07-05),True,False,CHURCHILL,WINNIPEG,2025-07-05,12,Ilford,ILFO,2025-07-06T12:07:46Z,2025-07-06T11:53:00Z,8h43,med,14.0
692 (07-05),True,False,CHURCHILL,WINNIPEG,2025-07-05,13,Pit Siding,PITS,2025-07-06T13:08:46Z,2025-07-06T12:54:00Z,9h44,med,14.0
692 (07-05),True,False,CHURCHILL,WINNIPEG,2025-07-05,14,Bridgar,BRGR,2025-07-06T14:30:46Z,2025-07-06T14:16:00Z,11h06,med,14.0
692 (07-05),True,False,CHURCHILL,WINNIPEG,2025-07-05,15,Pikwitonei,PIKW,2025-07-06T14:41:46Z,2025-07-06T14:27:00Z,11h17,med,14.0
692 (07-05),True,False,CHURCHILL,WINNIPEG,2025-07-05,16,Sipiwesk,SIPI,2025-07-06T15:08:46Z,2025-07-06T14:54:00Z,11h44,med,14.0
692 (07-05),True,False,CHURCHILL,WINNIPEG,2025-07-05,17,Thompson,THOM,2025-07-06T16:44:46Z,2025-07-06T16:30:00Z,13h20,med,14.0
6,True,True,PRINCE RUPERT,JASPER,2025-07-04,0,Prince Rupert,PRUP,2025-07-04T15:00:00Z,2025-07-04T15:00:00Z,ARR,goo,0.0
6,True,True,PRINCE RUPERT,JASPER,2025-07-04,1,Cassiar Cannery,CASS,2025-07-04T15:26:11Z,2025-07-04T15:20:00Z,ARR,med,6.0
6,True,True,PRINCE RUPERT,JASPER,2025-07-04,2,Kwinitsa,KWIN,2025-07-04T16:29:02Z,2025-07-04T16:17:00Z,ARR,med,12.0
6,True,True,PRINCE RUPERT,JASPER,2025-07-04,3,Terrace,TRRC,2025-07-04T17:56:10Z,2025-07-04T17:20:00Z,ARR,bad,36.0
6,True,True,PRINCE RUPERT,JASPER,2025-07-04,4,Usk,USKX,2025-07-04T18:21:44Z,2025-07-04T17:48:00Z,ARR,bad,33.0
6,True,True,PRINCE RUPERT,JASPER,2025-07-04,5,Pacific,PACI,2025-07-04T18:38:55Z,2025-07-04T18:07:00Z,ARR,bad,31.0
6,True,True,PRINCE RUPERT,JASPER,2025-07-04,6,Dorreen,DORR,2025-07-04T18:50:55Z,2025-07-04T18:19:00Z,ARR,bad,31.0
6,True,True,PRINCE RUPERT,JASPER,2025-07-04,7,Cedarvale,CEDA,2025-07-04T19:05:52Z,2025-07-04T18:44:00Z,ARR,bad,21.0
6,True,True,PRINCE RUPERT,JASPER,2025-07-04,8,Kitwanga,KITW,2025-07-04T19:21:23Z,2025-07-04T18:48:01Z,ARR,bad,33.0
6,True,True,PRINCE RUPERT,JASPER,2025-07-04,9,New Hazelton,NHAZ,2025-07-04T20:59:20Z,2025-07-04T19:30:00Z,ARR,bad,89.0
6,True,True,PRINCE RUPERT,JASPER,2025-07-04,10,Smithers,SMTR,2025-07-04T22:11:28Z,2025-07-04T21:14:00Z,ARR,bad,57.0
6,True,True,PRINCE RUPERT,JASPER,2025-07-04,11,Telkwa,TELK,2025-07-04T22:50:10Z,2025-07-04T21:37:00Z,ARR,bad,73.0
6,True,True,PRINCE RUPERT,JASPER,2025-07-04,12,Houston,HOUS,2025-07-05T00:10:22Z,2025-07-04T22:22:00Z,ARR,bad,108.0
6,True,True,PRINCE RUPERT,JASPER,2025-07-04,13,Burns Lake,BRNL,2025-07-05T01:18:43Z,2025-07-04T23:32:00Z,ARR,bad,106.0
6,True,True,PRINCE RUPERT,JASPER,2025-07-04,14,Endako,ENDA,2025-07-05T02:05:01Z,2025-07-05T00:25:00Z,ARR,bad,100.0
6,True,True,PRINCE RUPERT,JASPER,2025-07-04,15,Fort Fraser,FFRA,2025-07-05T02:31:17Z,2025-07-05T00:57:00Z,ARR,bad,94.0
6,True,True,PRINCE RUPERT,JASPER,2025-07-04,16,Vanderhoof,VDRH,2025-07-05T03:02:51Z,2025-07-05T01:35:00Z,ARR,bad,87.0
6,True,True,PRINCE RUPERT,JASPER,2025-07-04,17,Prince George,PGEO,2025-07-05T04:49:08Z,2025-07-05T03:29:00Z,ARR,bad,80.0
6,True,True,PRINCE RUPERT,JASPER,2025-07-04,18,Willow River,WILR,2025-07-05T16:24:55Z,2025-07-05T15:48:00Z,ARR,bad,36.0
6,True,True,PRINCE RUPERT,JASPER,2025-07-04,19,Aleza Lake,ALZL,2025-07-05T16:51:04Z,2025-07-05T16:17:00Z,ARR,bad,34.0
6,True,True,PRINCE RUPERT,JASPER,2025-07-04,20,Upper Fraser,UFRZ,2025-07-05T16:59:04Z,2025-07-05T16:25:00Z,ARR,bad,34.0
6,True,True,PRINCE RUPERT,JASPER,2025-07-04,21,Mcgregor,MCGR,2025-07-05T17:01:23Z,2025-07-05T16:33:00Z,ARR,bad,28.0
6,True,True,PRINCE RUPERT,JASPER,2025-07-04,22,Sinclair Mills,SINM,2025-07-05T17:13:34Z,2025-07-05T16:44:00Z,ARR,bad,29.0
6,True,True,PRINCE RUPERT,JASPER,2025-07-04,23,Hutton,HUTT,2025-07-05T17:17:34Z,2025-07-05T16:48:00Z,ARR,bad,29.0
6,True,True,PRINCE RUPERT,JASPER,2025-07-04,24,Longworth,LWTH,2025-07-05T17:28:35Z,2025-07-05T16:59:00Z,ARR,bad,29.0
6,True,True,PRINCE RUPERT,JASPER,2025-07-04,25,Penny,PENN,2025-07-05T17:40:12Z,2025-07-05T17:13:00Z,ARR,bad,27.0
6,True,True,PRINCE RUPERT,JASPER,2025-07-04,26,Bend,BEND,2025-07-05T17:57:11Z,2025-07-05T17:32:00Z,ARR,bad,25.0
6,True,True,PRINCE RUPERT,JASPER,2025-07-04,27,Dome Creek,DOMC,2025-07-05T17:58:55Z,2025-07-05T17:33:07Z,ARR,bad,25.0
6,True,True,PRINCE RUPERT,JASPER,2025-07-04,28,Loos,LOOS,2025-07-05T18:35:57Z,2025-07-05T18:07:00Z,ARR,bad,28.0
6,True,True,PRINCE RUPERT,JASPER,2025-07-04,29,Goat River,GOAT,2025-07-05T18:48:44Z,2025-07-05T18:22:00Z,ARR,bad,26.0
6,True,True,PRINCE RUPERT,JASPER,2025-07-04,30,Mcbride,MCBR,2025-07-05T19:38:06Z,2025-07-05T19:18:00Z,ARR,bad,20.0
6,True,True,PRINCE RUPERT,JASPER,2025-07-04,31,Dunster,DNST,2025-07-05T20:08:51Z,2025-07-05T19:35:00Z,ARR,bad,33.0
6,True,True,PRINCE RUPERT,JASPER,2025-07-04,32,Harvey,HRVY,2025-07-05T20:40:39Z,2025-07-05T20:24:00Z,ARR,bad,16.0
6,True,True,PRINCE RUPERT,JASPER,2025-07-04,33,Jasper,JASP,2025-07-05T23:02:22Z,2025-07-05T23:00:00Z,ARR,goo,2.0
15,True,True,HALIFAX,MONTRÉAL,2025-07-04,0,Halifax,HLFX,2025-07-04T14:30:00Z,2025-07-04T14:30:00Z,ARR,goo,0.0
15,True,True,HALIFAX,MONTRÉAL,2025-07-04,1,Truro,TRUR,2025-07-04T16:07:37Z,2025-07-04T15:56:00Z,ARR,med,11.0
15,True,True,HALIFAX,MONTRÉAL,2025-07-04,2,Springhill Jct,SPRJ,2025-07-04T17:29:35Z,2025-07-04T17:12:00Z,ARR,bad,17.0
15,True,True,HALIFAX,MONTRÉAL,2025-07-04,3,Amherst,AMHS,2025-07-04T17:59:46Z,2025-07-04T17:35:00Z,ARR,bad,24.0
15,True,True,HALIFAX,MONTRÉAL,2025-07-04,4,Sackville,SACK,2025-07-04T18:18:43Z,2025-07-04T17:52:00Z,ARR,bad,26.0
15,True,True,HALIFAX,MONTRÉAL,2025-07-04,5,Moncton,MCTN,2025-07-04T19:12:49Z,2025-07-04T18:47:00Z,ARR,bad,25.0
15,True,True,HALIFAX,MONTRÉAL,2025-07-04,6,Rogersville,RGRV,2025-07-04T20:56:41Z,2025-07-04T20:01:00Z,ARR,bad,55.0
15,True,True,HALIFAX,MONTRÉAL,2025-07-04,7,Miramichi,MIRA,2025-07-04T21:39:41Z,2025-07-04T20:52:00Z,ARR,bad,47.0
15,True,True,HALIFAX,MONTRÉAL,2025-07-04,8,Bathurst,BTRS,2025-07-04T23:19:11Z,2025-07-04T22:48:00Z,ARR,bad,31.0
15,True,True,HALIFAX,MONTRÉAL,2025-07-04,9,Petit Rocher,PROC,2025-07-04T23:40:24Z,2025-07-04T23:17:00Z,ARR,bad,23.0
15,True,True,HALIFAX,MONTRÉAL,2025-07-04,10,Jacquet River,JACR,2025-07-05T00:18:14Z,2025-07-04T23:40:01Z,ARR,bad,38.0
15,True,True,HALIFAX,MONTRÉAL,2025-07-04,11,Charlo,CHLO,2025-07-05T01:13:51Z,2025-07-05T00:04:00Z,ARR,bad,69.0
15,True,True,HALIFAX,MONTRÉAL,2025-07-04,12,Campbellton,CBTN,2025-07-05T02:07:50Z,2025-07-05T01:08:00Z,ARR,bad,59.0
15,True,True,HALIFAX,MONTRÉAL,2025-07-04,13,Matapedia,MTPD,2025-07-05T02:57:18Z,2025-07-05T01:50:00Z,ARR,bad,67.0
15,True,True,HALIFAX,MONTRÉAL,2025-07-04,14,Causapscal,CAUS,2025-07-05T03:58:27Z,2025-07-05T02:39:00Z,ARR,bad,79.0
15,True,True,HALIFAX,MONTRÉAL,2025-07-04,15,Amqui,AMQU,2025-07-05T04:29:16Z,2025-07-05T02:59:00Z,ARR,bad,90.0
15,True,True,HALIFAX,MONTRÉAL,2025-07-04,16,Sayabec,SAYA,2025-07-05T05:07:44Z,2025-07-05T03:21:00Z,ARR,bad,106.0
15,True,True,HALIFAX,MONTRÉAL,2025-07-04,17,Mont-Joli,MJLI,2025-07-05T06:18:53Z,2025-07-05T04:51:00Z,ARR,bad,87.0
15,True,True,HALIFAX,MONTRÉAL,2025-07-04,18,Rimouski,RMSK,2025-07-05T06:44:41Z,2025-07-05T05:24:00Z,ARR,bad,80.0
15,True,True,HALIFAX,MONTRÉAL,2025-07-04,19,Trois Pistoles,TPIS,2025-07-05T08:20:16Z,2025-07-05T06:31:00Z,ARR,bad,109.0
15,True,True,HALIFAX,MONTRÉAL,2025-07-04,20,Rivière-Du-Loup,RDLX,2025-07-05T09:00:57Z,2025-07-05T07:18:00Z,ARR,bad,102.0
15,True,True,HALIFAX,MONTRÉAL,2025-07-04,21,La Pocatière,LPOC,2025-07-05T09:54:44Z,2025-07-05T08:05:00Z,ARR,bad,109.0
15,True,True,HALIFAX,MONTRÉAL,2025-07-04,22,Montmagny,MMGY,2025-07-05T10:31:30Z,2025-07-05T08:39:00Z,ARR,bad,112.0
15,True,True,HALIFAX,MONTRÉAL,2025-07-04,23,Ste-Foy,SFOY,2025-07-05T11:13:31Z,2025-07-05T10:13:00Z,ARR,bad,60.0
15,True,True,HALIFAX,MONTRÉAL,2025-07-04,24,Drummondville,DRMV,2025-07-05T13:29:11Z,2025-07-05T12:20:00Z,ARR,bad,69.0
15,True,True,HALIFAX,MONTRÉAL,2025-07-04,25,St. Hyacinthe,SHYA,2025-07-05T14:08:05Z,2025-07-05T13:00:00Z,ARR,bad,68.0
15,True,True,HALIFAX,MONTRÉAL,2025-07-04,26,St. Lambert,SLAM,2025-07-05T14:55:20Z,2025-07-05T13:34:00Z,ARR,bad,81.0
15,True,True,HALIFAX,MONTRÉAL,2025-07-04,27,Montréal,MTRL,2025-07-05T15:12:46Z,2025-07-05T13:53:00Z,ARR,bad,79.0
691,True,True,THE PAS,CHURCHILL,2025-07-04,0,The Pas,TPAS,2025-07-04T07:30:00Z,2025-07-04T07:30:00Z,ARR,goo,0.0
691,True,True,THE PAS,CHURCHILL,2025-07-04,1,Orok,OROK,2025-07-04T08:08:08Z,2025-07-04T08:07:00Z,ARR,goo,1.0
691,True,True,THE PAS,CHURCHILL,2025-07-04,2,Halcrow,HALC,2025-07-04T08:54:55Z,2025-07-04T09:01:00Z,ARR,goo,-6.0
691,True,True,THE PAS,CHURCHILL,2025-07-04,3,Cormorant,CORM,2025-07-04T09:09:01Z,2025-07-04T09:12:00Z,ARR,goo,-2.0
691,True,True,THE PAS,CHURCHILL,2025-07-04,4,Dering,DERI,2025-07-04T09:20:00Z,2025-07-04T09:20:00Z,ARR,goo,0.0
691,True,True,THE PAS,CHURCHILL,2025-07-04,5,Dyce,DYCE,2025-07-04T09:51:47Z,2025-07-04T09:59:00Z,ARR,goo,-7.0
691,True,True,THE PAS,CHURCHILL,2025-07-04,6,Wekusko,WEKU,2025-07-04T10:33:54Z,2025-07-04T10:43:00Z,ARR,goo,-9.0
691,True,True,THE PAS,CHURCHILL,2025-07-04,7,Turnbull,TURN,2025-07-04T10:56:32Z,2025-07-04T11:10:00Z,ARR,goo,-13.0
691,True,True,THE PAS,CHURCHILL,2025-07-04,8,Ponton,PNTN,2025-07-04T11:22:38Z,2025-07-04T11:42:00Z,ARR,goo,-19.0
691,True,True,THE PAS,CHURCHILL,2025-07-04,9,Pipun,PIPN,2025-07-04T12:07:04Z,2025-07-04T12:25:00Z,ARR,goo,-17.0
691,True,True,THE PAS,CHURCHILL,2025-07-04,10,Wabowden,WBDN,2025-07-04T12:24:12Z,2025-07-04T12:48:00Z,ARR,goo,-23.0
691,True,True,THE PAS,CHURCHILL,2025-07-04,11,Lyddal,LYDD,2025-07-04T13:16:41Z,2025-07-04T13:16:00Z,ARR,goo,0.0
691,True,True,THE PAS,CHURCHILL,2025-07-04,12,Odhill,ODHI,2025-07-04T13:36:48Z,2025-07-04T13:38:00Z,ARR,goo,-1.0
691,True,True,THE PAS,CHURCHILL,2025-07-04,13,Hockin,HOCK,2025-07-04T14:13:54Z,2025-07-04T14:22:00Z,ARR,goo,-8.0
691,True,True,THE PAS,CHURCHILL,2025-07-04,14,Thicket Portage,THKP,2025-07-04T14:37:00Z,2025-07-04T14:37:00Z,ARR,goo,0.0
691,True,True,THE PAS,CHURCHILL,2025-07-04,15,Leven,LEVN,2025-07-04T14:56:03Z,2025-07-04T14:54:00Z,ARR,goo,2.0
691,True,True,THE PAS,CHURCHILL,2025-07-04,16,Thompson,THOM,2025-07-04T18:38:35Z,2025-07-04T17:00:00Z,ARR,bad,98.0
691,True,True,THE PAS,CHURCHILL,2025-07-04,17,Sipiwesk,SIPI,2025-07-04T23:30:40Z,2025-07-04T23:35:00Z,ARR,goo,-4.0
691,True,True,THE PAS,CHURCHILL,2025-07-04,18,Pikwitonei,PIKW,2025-07-05T00:02:00Z,2025-07-05T00:02:00Z,ARR,goo,0.0
691,True,True,THE PAS,CHURCHILL,2025-07-04,19,Bridgar,BRGR,2025-07-05T00:13:00Z,2025-07-05T00:13:00Z,ARR,goo,0.0
691,True,True,THE PAS,CHURCHILL,2025-07-04,20,Pit Siding,PITS,2025-07-05T01:35:00Z,2025-07-05T01:35:00Z,ARR,goo,0.0
691,True,True,THE PAS,CHURCHILL,2025-07-04,21,Ilford,ILFO,2025-07-05T02:36:00Z,2025-07-05T02:36:00Z,ARR,goo,0.0
691,True,True,THE PAS,CHURCHILL,2025-07-04,22,Wivenhoe,WVHO,2025-07-05T03:39:59Z,2025-07-05T03:13:00Z,ARR,bad,26.0
691,True,True,THE PAS,CHURCHILL,2025-07-04,23,Gillam,GILL,2025-07-05T04:23:25Z,2025-07-05T04:00:01Z,ARR,bad,23.0
691,True,True,THE PAS,CHURCHILL,2025-07-04,24,Bird,BIRD,2025-07-05T05:24:16Z,2025-07-05T05:29:00Z,ARR,goo,-4.0
691,True,True,THE PAS,CHURCHILL,2025-07-04,25,Amery,AMRY,2025-07-05T05:56:25Z,2025-07-05T05:51:00Z,ARR,med,5.0
691,True,True,THE PAS,CHURCHILL,2025-07-04,26,Weir River,WEIR,2025-07-05T06:56:15Z,2025-07-05T06:43:00Z,ARR,med,13.0
691,True,True,THE PAS,CHURCHILL,2025-07-04,27,Thibaudeau,THIB,2025-07-05T07:47:02Z,2025-07-05T08:00:00Z,ARR,goo,-12.0
691,True,True,THE PAS,CHURCHILL,2025-07-04,28,Herchmer,HERC,2025-07-05T08:50:28Z,2025-07-05T09:26:00Z,ARR,goo,-35.0
691,True,True,THE PAS,CHURCHILL,2025-07-04,29,O'Day,ODAY,2025-07-05T10:05:00Z,2025-07-05T10:05:00Z,ARR,goo,0.0
691,True,True,THE PAS,CHURCHILL,2025-07-04,30,M'Clintock,MCLI,2025-07-05T10:50:00Z,2025-07-05T10:50:00Z,ARR,goo,0.0
691,True,True,THE PAS,CHURCHILL,2025-07-04,31,Chesnaye,CHES,2025-07-05T12:06:00Z,2025-07-05T12:06:00Z,ARR,goo,0.0
691,True,True,THE PAS,CHURCHILL,2025-07-04,32,Tidal,TIDL,2025-07-05T11:55:09Z,2025-07-05T13:37:00Z,ARR,goo,-101.0
691,True,True,THE PAS,CHURCHILL,2025-07-04,33,Churchill,CHUR,2025-07-05T12:43:55Z,2025-07-05T14:00:00Z,ARR,goo,-76.0
5,True,False,JASPER,PRINCE RUPERT,2025-07-04,0,Jasper,JASP,2025-07-04T16:45:00Z,2025-07-04T16:45:00Z,ARR,goo,0.0
5,True,False,JASPER,PRINCE RUPERT,2025-07-04,1,Harvey,HRVY,2025-07-04T18:26:47Z,2025-07-04T18:38:00Z,ARR,goo,-11.0
5,True,False,JASPER,PRINCE RUPERT,2025-07-04,2,Dunster,DNST,2025-07-04T19:25:16Z,2025-07-04T19:12:00Z,ARR,med,13.0
5,True,False,JASPER,PRINCE RUPERT,2025-07-04,3,Mcbride,MCBR,2025-07-04T20:11:41Z,2025-07-04T19:44:00Z,ARR,bad,27.0
5,True,False,JASPER,PRINCE RUPERT,2025-07-04,4,Goat River,GOAT,2025-07-04T21:09:22Z,2025-07-04T20:41:00Z,ARR,bad,28.0
5,True,False,JASPER,PRINCE RUPERT,2025-07-04,5,Loos,LOOS,2025-07-04T21:22:40Z,2025-07-04T20:58:00Z,ARR,bad,24.0
5,True,False,JASPER,PRINCE RUPERT,2025-07-04,6,Dome Creek,DOMC,2025-07-04T21:48:57Z,2025-07-04T21:32:00Z,ARR,bad,16.0
5,True,False,JASPER,PRINCE RUPERT,2025-07-04,7,Bend,BEND,2025-07-04T21:51:38Z,2025-07-04T21:36:00Z,ARR,bad,15.0
5,True,False,JASPER,PRINCE RUPERT,2025-07-04,8,Penny,PENN,2025-07-04T22:09:16Z,2025-07-04T21:56:00Z,ARR,med,13.0
5,True,False,JASPER,PRINCE RUPERT,2025-07-04,9,Longworth,LWTH,2025-07-04T22:20:02Z,2025-07-04T22:11:00Z,ARR,med,9.0
5,True,False,JASPER,PRINCE RUPERT,2025-07-04,10,Hutton,HUTT,2025-07-04T22:31:49Z,2025-07-04T22:24:00Z,ARR,med,7.0
5,True,False,JASPER,PRINCE RUPERT,2025-07-04,11,Sinclair Mills,SINM,2025-07-04T22:37:49Z,2025-07-04T22:30:00Z,ARR,med,7.0
5,True,False,JASPER,PRINCE RUPERT,2025-07-04,12,Mcgregor,MCGR,2025-07-04T23:06:12Z,2025-07-04T22:43:00Z,ARR,bad,23.0
5,True,False,JASPER,PRINCE RUPERT,2025-07-04,13,Upper Fraser,UFRZ,2025-07-04T23:15:12Z,2025-07-04T22:52:00Z,ARR,bad,23.0
5,True,False,JASPER,PRINCE RUPERT,2025-07-04,14,Aleza Lake,ALZL,2025-07-04T23:19:33Z,2025-07-04T23:01:00Z,ARR,bad,18.0
5,True,False,JASPER,PRINCE RUPERT,2025-07-04,15,Willow River,WILR,2025-07-04T23:45:46Z,2025-07-04T23:31:00Z,ARR,med,14.0
5,True,False,JASPER,PRINCE RUPERT,2025-07-04,16,Prince George,PGEO,2025-07-05T00:15:16Z,2025-07-05T00:08:00Z,ARR,med,7.0
5,True,False,JASPER,PRINCE RUPERT,2025-07-04,17,Vanderhoof,VDRH,2025-07-05T17:00:16Z,2025-07-05T16:55:00Z,ARR,med,5.0
5,True,False,JASPER,PRINCE RUPERT,2025-07-04,18,Fort Fraser,FFRA,2025-07-05T17:45:28Z,2025-07-05T17:32:00Z,ARR,med,13.0
5,True,False,JASPER,PRINCE RUPERT,2025-07-04,19,Endako,ENDA,2025-07-05T18:06:08Z,2025-07-05T17:50:00Z,ARR,bad,16.0
5,True,False,JASPER,PRINCE RUPERT,2025-07-04,20,Burns Lake,BRNL,2025-07-05T19:23:34Z,2025-07-05T18:58:00Z,ARR,bad,25.0
5,True,False,JASPER,PRINCE RUPERT,2025-07-04,21,Houston,HOUS,2025-07-05T20:30:36Z,2025-07-05T20:08:00Z,ARR,bad,22.0
5,True,False,JASPER,PRINCE RUPERT,2025-07-04,22,Telkwa,TELK,2025-07-05T21:12:41Z,2025-07-05T20:52:00Z,ARR,bad,20.0
5,True,False,JASPER,PRINCE RUPERT,2025-07-04,23,Smithers,SMTR,2025-07-05T21:49:46Z,2025-07-05T21:10:00Z,ARR,bad,39.0
5,True,False,JASPER,PRINCE RUPERT,2025-07-04,24,New Hazelton,NHAZ,2025-07-05T23:55:11Z,2025-07-05T22:37:00Z,ARR,bad,78.0
5,True,False,JASPER,PRINCE RUPERT,2025-07-04,25,Kitwanga,KITW,2025-07-06T01:16:37Z,2025-07-05T23:27:00Z,ARR,bad,109.0
5,True,False,JASPER,PRINCE RUPERT,2025-07-04,26,Cedarvale,CEDA,2025-07-06T01:36:24Z,2025-07-05T23:51:00Z,ARR,bad,105.0
5,True,False,JASPER,PRINCE RUPERT,2025-07-04,27,Dorreen,DORR,2025-07-06T01:56:27Z,2025-07-06T00:12:00Z,ARR,bad,104.0
5,True,False,JASPER,PRINCE RUPERT,2025-07-04,28,Pacific,PACI,2025-07-06T02:03:23Z,2025-07-06T00:21:00Z,ARR,bad,102.0
5,True,False,JASPER,PRINCE RUPERT,2025-07-04,29,Usk,USKX,2025-07-06T02:49:33Z,2025-07-06T00:40:00Z,ARR,bad,129.0
5,True,False,JASPER,PRINCE RUPERT,2025-07-04,30,Terrace,TRRC,2025-07-06T03:06:43Z,2025-07-06T01:00:00Z,ARR,bad,126.0
5,True,False,JASPER,PRINCE RUPERT,2025-07-04,31,Kwinitsa,KWIN,2025-07-06T04:11:54Z,2025-07-06T02:09:00Z,47 mins,bad,122.0
5,True,False,JASPER,PRINCE RUPERT,2025-07-04,32,Cassiar Cannery,CASS,2025-07-06T04:47:54Z,2025-07-06T02:45:00Z,1h23,bad,122.0
5,True,False,JASPER,PRINCE RUPERT,2025-07-04,33,Prince Rupert,PRUP,2025-07-06T05:27:54Z,2025-07-06T03:25:00Z,2h03,bad,122.0
14,True,True,MONTRÉAL,HALIFAX,2025-07-04,0,Montréal,MTRL,2025-07-04T22:30:00Z,2025-07-04T22:30:00Z,ARR,goo,0.0
14,True,True,MONTRÉAL,HALIFAX,2025-07-04,1,St. Lambert,SLAM,2025-07-04T22:48:50Z,2025-07-04T22:45:00Z,ARR,goo,3.0
14,True,True,MONTRÉAL,HALIFAX,2025-07-04,2,St. Hyacinthe,SHYA,2025-07-04T23:23:40Z,2025-07-04T23:23:00Z,ARR,goo,0.0
14,True,True,MONTRÉAL,HALIFAX,2025-07-04,3,Drummondville,DRMV,2025-07-05T00:20:32Z,2025-07-05T00:04:00Z,ARR,bad,16.0
14,True,True,MONTRÉAL,HALIFAX,2025-07-04,4,Ste-Foy,SFOY,2025-07-05T02:22:13Z,2025-07-05T01:48:00Z,ARR,bad,34.0
14,True,True,MONTRÉAL,HALIFAX,2025-07-04,5,Montmagny,MMGY,2025-07-05T04:20:08Z,2025-07-05T03:17:00Z,ARR,bad,63.0
14,True,True,MONTRÉAL,HALIFAX,2025-07-04,6,La Pocatière,LPOC,2025-07-05T04:53:48Z,2025-07-05T03:50:00Z,ARR,bad,63.0
14,True,True,MONTRÉAL,HALIFAX,2025-07-04,7,Rivière-Du-Loup,RDLX,2025-07-05T05:43:55Z,2025-07-05T04:31:00Z,ARR,bad,72.0
14,True,True,MONTRÉAL,HALIFAX,2025-07-04,8,Trois Pistoles,TPIS,2025-07-05T06:30:34Z,2025-07-05T05:15:00Z,ARR,bad,75.0
14,True,True,MONTRÉAL,HALIFAX,2025-07-04,9,Rimouski,RMSK,2025-07-05T07:43:58Z,2025-07-05T06:24:00Z,ARR,bad,79.0
14,True,True,MONTRÉAL,HALIFAX,2025-07-04,10,Mont-Joli,MJLI,2025-07-05T08:21:51Z,2025-07-05T07:04:00Z,ARR,bad,77.0
14,True,True,MONTRÉAL,HALIFAX,2025-07-04,11,Sayabec,SAYA,2025-07-05T09:27:09Z,2025-07-05T08:09:00Z,ARR,bad,78.0
14,True,True,MONTRÉAL,HALIFAX,2025-07-04,12,Amqui,AMQU,2025-07-05T09:57:17Z,2025-07-05T08:30:00Z,ARR,bad,87.0
14,True,True,MONTRÉAL,HALIFAX,2025-07-04,13,Causapscal,CAUS,2025-07-05T10:30:24Z,2025-07-05T08:52:00Z,ARR,bad,98.0
14,True,True,MONTRÉAL,HALIFAX,2025-07-04,14,Matapedia,MTPD,2025-07-05T11:28:56Z,2025-07-05T09:38:00Z,ARR,bad,110.0
14,True,True,MONTRÉAL,HALIFAX,2025-07-04,15,Campbellton,CBTN,2025-07-05T12:14:00Z,2025-07-05T10:23:00Z,ARR,bad,111.0
14,True,True,MONTRÉAL,HALIFAX,2025-07-04,16,Charlo,CHLO,2025-07-05T13:19:50Z,2025-07-05T11:06:00Z,ARR,bad,133.0
14,True,True,MONTRÉAL,HALIFAX,2025-07-04,17,Jacquet River,JACR,2025-07-05T14:14:49Z,2025-07-05T11:30:00Z,ARR,bad,164.0
14,True,True,MONTRÉAL,HALIFAX,2025-07-04,18,Petit Rocher,PROC,2025-07-05T14:51:26Z,2025-07-05T11:53:00Z,ARR,bad,178.0
14,True,True,MONTRÉAL,HALIFAX,2025-07-04,19,Bathurst,BTRS,2025-07-05T15:17:52Z,2025-07-05T12:42:00Z,ARR,bad,155.0
14,True,True,MONTRÉAL,HALIFAX,2025-07-04,20,Miramichi,MIRA,2025-07-05T16:56:33Z,2025-07-05T14:33:00Z,ARR,bad,143.0
14,True,True,MONTRÉAL,HALIFAX,2025-07-04,21,Rogersville,RGRV,2025-07-05T17:45:57Z,2025-07-05T15:28:00Z,ARR,bad,137.0
14,True,True,MONTRÉAL,HALIFAX,2025-07-04,22,Moncton,MCTN,2025-07-05T19:09:10Z,2025-07-05T16:38:00Z,ARR,bad,151.0
14,True,True,MONTRÉAL,HALIFAX,2025-07-04,23,Sackville,SACK,2025-07-05T20:26:50Z,2025-07-05T17:38:00Z,ARR,bad,168.0
14,True,True,MONTRÉAL,HALIFAX,2025-07-04,24,Amherst,AMHS,2025-07-05T20:41:04Z,2025-07-05T17:54:00Z,ARR,bad,167.0
14,True,True,MONTRÉAL,HALIFAX,2025-07-04,25,Springhill Jct,SPRJ,2025-07-05T21:08:48Z,2025-07-05T18:18:00Z,ARR,bad,170.0
14,True,True,MONTRÉAL,HALIFAX,2025-07-04,26,Truro,TRUR,2025-07-05T22:21:04Z,2025-07-05T19:32:00Z,ARR,bad,169.0
14,True,True,MONTRÉAL,HALIFAX,2025-07-04,27,Halifax,HLFX,2025-07-06T00:14:18Z,2025-07-05T21:06:00Z,ARR,bad,188.0
24,True,True,OTTAWA,QUÉBEC,2025-07-05,0,Ottawa,OTTW,2025-07-05T14:13:03Z,2025-07-05T14:13:00Z,ARR,goo,0.0
24,True,True,OTTAWA,QUÉBEC,2025-07-05,1,Alexandria,ALEX,2025-07-05T15:01:34Z,2025-07-05T15:03:00Z,ARR,goo,-1.0
24,True,True,OTTAWA,QUÉBEC,2025-07-05,2,Coteau,COTO,2025-07-05T15:26:37Z,2025-07-05T15:26:00Z,ARR,goo,0.0
24,True,True,OTTAWA,QUÉBEC,2025-07-05,3,Dorval,DORV,2025-07-05T16:01:02Z,2025-07-05T15:50:00Z,ARR,med,11.0
24,True,True,OTTAWA,QUÉBEC,2025-07-05,4,Montréal,MTRL,2025-07-05T16:25:32Z,2025-07-05T16:15:00Z,ARR,med,10.0
24,True,True,OTTAWA,QUÉBEC,2025-07-05,5,St. Lambert,SLAM,2025-07-05T17:10:21Z,2025-07-05T16:58:00Z,ARR,med,12.0
24,True,True,OTTAWA,QUÉBEC,2025-07-05,6,St. Hyacinthe,SHYA,2025-07-05T17:38:44Z,2025-07-05T17:26:00Z,ARR,med,12.0
24,True,True,OTTAWA,QUÉBEC,2025-07-05,7,Drummondville,DRMV,2025-07-05T18:09:24Z,2025-07-05T17:54:00Z,ARR,bad,15.0
24,True,True,OTTAWA,QUÉBEC,2025-07-05,8,Charny,CHNY,2025-07-05T20:13:26Z,2025-07-05T19:38:00Z,ARR,bad,35.0
24,True,True,OTTAWA,QUÉBEC,2025-07-05,9,Ste-Foy,SFOY,2025-07-05T20:21:53Z,2025-07-05T19:45:00Z,ARR,bad,36.0
24,True,True,OTTAWA,QUÉBEC,2025-07-05,10,Québec,QBEC,2025-07-05T20:51:52Z,2025-07-05T20:12:00Z,ARR,bad,39.0
37,True,True,QUÉBEC,OTTAWA,2025-07-05,0,Québec,QBEC,2025-07-05T16:35:57Z,2025-07-05T16:32:00Z,ARR,goo,3.0
37,True,True,QUÉBEC,OTTAWA,2025-07-05,1,Ste-Foy,SFOY,2025-07-05T17:03:20Z,2025-07-05T16:57:00Z,ARR,med,6.0
37,True,True,QUÉBEC,OTTAWA,2025-07-05,2,Drummondville,DRMV,2025-07-05T18:57:16Z,2025-07-05T18:44:00Z,ARR,med,13.0
37,True,True,QUÉBEC,OTTAWA,2025-07-05,3,St. Hyacinthe,SHYA,2025-07-05T19:34:22Z,2025-07-05T19:12:00Z,ARR,bad,22.0
37,True,True,QUÉBEC,OTTAWA,2025-07-05,4,St. Lambert,SLAM,2025-07-05T20:14:36Z,2025-07-05T19:39:00Z,ARR,bad,35.0
37,True,True,QUÉBEC,OTTAWA,2025-07-05,5,Montréal,MTRL,2025-07-05T20:31:47Z,2025-07-05T19:54:00Z,ARR,bad,37.0
37,True,True,QUÉBEC,OTTAWA,2025-07-05,6,Dorval,DORV,2025-07-05T21:19:20Z,2025-07-05T20:54:00Z,ARR,bad,25.0
37,True,True,QUÉBEC,OTTAWA,2025-07-05,7,Coteau,COTO,2025-07-05T21:51:40Z,2025-07-05T21:23:00Z,ARR,bad,28.0
37,True,True,QUÉBEC,OTTAWA,2025-07-05,8,Alexandria,ALEX,2025-07-05T22:11:17Z,2025-07-05T21:45:00Z,ARR,bad,26.0
37,True,True,QUÉBEC,OTTAWA,2025-07-05,9,Ottawa,OTTW,2025-07-05T22:57:55Z,2025-07-05T22:37:00Z,ARR,bad,20.0
41,True,True,OTTAWA,TORONTO,2025-07-05,0,Ottawa,OTTW,2025-07-05T09:21:00Z,2025-07-05T09:21:00Z,ARR,goo,0.0
41,True,True,OTTAWA,TORONTO,2025-07-05,1,Fallowfield,FALL,2025-07-05T09:37:05Z,2025-07-05T09:38:00Z,ARR,goo,0.0
41,True,True,OTTAWA,TORONTO,2025-07-05,2,Smiths Falls,SMTF,2025-07-05T10:08:11Z,2025-07-05T10:08:00Z,ARR,goo,0.0
41,True,True,OTTAWA,TORONTO,2025-07-05,3,Brockville,BRKV,2025-07-05T10:40:08Z,2025-07-05T10:40:00Z,ARR,goo,0.0
41,True,True,OTTAWA,TORONTO,2025-07-05,4,Kingston,KGON,2025-07-05T11:27:04Z,2025-07-05T11:25:00Z,ARR,goo,2.0
41,True,True,OTTAWA,TORONTO,2025-07-05,5,Napanee,NAPN,2025-07-05T11:53:08Z,2025-07-05T11:49:00Z,ARR,goo,4.0
41,True,True,OTTAWA,TORONTO,2025-07-05,6,Belleville,BLVL,2025-07-05T12:13:48Z,2025-07-05T12:07:00Z,ARR,med,6.0
41,True,True,OTTAWA,TORONTO,2025-07-05,7,Trenton Jct.,TRNJ,2025-07-05T12:30:05Z,2025-07-05T12:20:00Z,ARR,med,10.0
41,True,True,OTTAWA,TORONTO,2025-07-05,8,Cobourg,CBRG,2025-07-05T12:56:10Z,2025-07-05T12:44:00Z,ARR,med,12.0
41,True,True,OTTAWA,TORONTO,2025-07-05,9,Oshawa,OSHA,2025-07-05T13:34:21Z,2025-07-05T13:19:00Z,ARR,bad,15.0
41,True,True,OTTAWA,TORONTO,2025-07-05,10,Toronto,TRTO,2025-07-05T14:15:27Z,2025-07-05T14:02:00Z,ARR,med,13.0
50,True,True,TORONTO,OTTAWA,2025-07-05,0,Toronto,TRTO,2025-07-05T10:32:00Z,2025-07-05T10:32:00Z,ARR,goo,0.0
50,True,True,TORONTO,OTTAWA,2025-07-05,1,Guildwood,GUIL,2025-07-05T10:49:50Z,2025-07-05T10:50:00Z,ARR,goo,0.0
50,True,True,TORONTO,OTTAWA,2025-07-05,2,Oshawa,OSHA,2025-07-05T11:10:43Z,2025-07-05T11:08:00Z,ARR,goo,2.0
50,True,True,TORONTO,OTTAWA,2025-07-05,3,Cobourg,CBRG,2025-07-05T11:46:11Z,2025-07-05T11:43:00Z,ARR,goo,3.0
50,True,True,TORONTO,OTTAWA,2025-07-05,4,Belleville,BLVL,2025-07-05T12:20:36Z,2025-07-05T12:18:00Z,ARR,goo,2.0
50,True,True,TORONTO,OTTAWA,2025-07-05,5,Kingston,KGON,2025-07-05T12:59:07Z,2025-07-05T12:57:00Z,ARR,goo,2.0
50,True,True,TORONTO,OTTAWA,2025-07-05,6,Brockville,BRKV,2025-07-05T14:22:05Z,2025-07-05T13:54:00Z,ARR,bad,28.0
50,True,True,TORONTO,OTTAWA,2025-07-05,7,Smiths Falls,SMTF,2025-07-05T14:53:53Z,2025-07-05T14:29:00Z,ARR,bad,24.0
50,True,True,TORONTO,OTTAWA,2025-07-05,8,Fallowfield,FALL,2025-07-05T15:20:52Z,2025-07-05T15:01:00Z,ARR,bad,19.0
50,True,True,TORONTO,OTTAWA,2025-07-05,9,Ottawa,OTTW,2025-07-05T15:42:23Z,2025-07-05T15:21:00Z,ARR,bad,21.0
52,True,True,TORONTO,OTTAWA,2025-07-05,0,Toronto,TRTO,2025-07-05T12:33:12Z,2025-07-05T12:32:00Z,ARR,goo,1.0
52,True,True,TORONTO,OTTAWA,2025-07-05,1,Guildwood,GUIL,2025-07-05T12:50:11Z,2025-07-05T12:50:00Z,ARR,goo,0.0
52,True,True,TORONTO,OTTAWA,2025-07-05,2,Oshawa,OSHA,2025-07-05T13:11:08Z,2025-07-05T13:09:00Z,ARR,goo,2.0
52,True,True,TORONTO,OTTAWA,2025-07-05,3,Cobourg,CBRG,2025-07-05T13:46:08Z,2025-07-05T13:44:00Z,ARR,goo,2.0
52,True,True,TORONTO,OTTAWA,2025-07-05,4,Belleville,BLVL,2025-07-05T14:19:51Z,2025-07-05T14:20:00Z,ARR,goo,0.0
52,True,True,TORONTO,OTTAWA,2025-07-05,5,Kingston,KGON,2025-07-05T14:58:48Z,2025-07-05T15:00:00Z,ARR,goo,-1.0
52,True,True,TORONTO,OTTAWA,2025-07-05,6,Brockville,BRKV,2025-07-05T15:48:03Z,2025-07-05T15:57:00Z,ARR,goo,-8.0
52,True,True,TORONTO,OTTAWA,2025-07-05,7,Smiths Falls,SMTF,2025-07-05T16:36:23Z,2025-07-05T16:35:00Z,ARR,goo,1.0
52,True,True,TORONTO,OTTAWA,2025-07-05,8,Fallowfield,FALL,2025-07-05T17:08:15Z,2025-07-05T17:11:00Z,ARR,goo,-2.0
52,True,True,TORONTO,OTTAWA,2025-07-05,9,Ottawa,OTTW,2025-07-05T17:27:59Z,2025-07-05T17:32:00Z,ARR,goo,-4.0
53,True,True,OTTAWA,TORONTO,2025-07-05,0,Ottawa,OTTW,2025-07-05T15:43:00Z,2025-07-05T15:43:00Z,ARR,goo,0.0
53,True,True,OTTAWA,TORONTO,2025-07-05,1,Fallowfield,FALL,2025-07-05T15:58:36Z,2025-07-05T16:00:00Z,ARR,goo,-1.0
53,True,True,OTTAWA,TORONTO,2025-07-05,2,Brockville,BRKV,2025-07-05T17:02:07Z,2025-07-05T17:01:00Z,ARR,goo,1.0
53,True,True,OTTAWA,TORONTO,2025-07-05,3,Gananoque,GANA,2025-07-05T17:33:16Z,2025-07-05T17:31:00Z,ARR,goo,2.0
53,True,True,OTTAWA,TORONTO,2025-07-05,4,Kingston,KGON,2025-07-05T17:56:45Z,2025-07-05T17:54:00Z,ARR,goo,2.0
53,True,True,OTTAWA,TORONTO,2025-07-05,5,Belleville,BLVL,2025-07-05T18:42:08Z,2025-07-05T18:36:00Z,ARR,med,6.0
53,True,True,OTTAWA,TORONTO,2025-07-05,6,Cobourg,CBRG,2025-07-05T19:24:03Z,2025-07-05T19:12:00Z,ARR,med,12.0
53,True,True,OTTAWA,TORONTO,2025-07-05,7,Oshawa,OSHA,2025-07-05T20:03:24Z,2025-07-05T19:48:00Z,ARR,bad,15.0
53,True,True,OTTAWA,TORONTO,2025-07-05,8,Toronto,TRTO,2025-07-05T20:44:43Z,2025-07-05T20:33:00Z,ARR,med,11.0
60,True,True,TORONTO,MONTRÉAL,2025-07-05,0,Toronto,TRTO,2025-07-05T10:32:00Z,2025-07-05T10:32:00Z,ARR,goo,0.0
60,True,True,TORONTO,MONTRÉAL,2025-07-05,1,Guildwood,GUIL,2025-07-05T10:49:42Z,2025-07-05T10:50:00Z,ARR,goo,0.0
60,True,True,TORONTO,MONTRÉAL,2025-07-05,2,Oshawa,OSHA,2025-07-05T11:10:27Z,2025-07-05T11:08:00Z,ARR,goo,2.0
60,True,True,TORONTO,MONTRÉAL,2025-07-05,3,Cobourg,CBRG,2025-07-05T11:46:10Z,2025-07-05T11:43:00Z,ARR,goo,3.0
60,True,True,TORONTO,MONTRÉAL,2025-07-05,4,Belleville,BLVL,2025-07-05T12:20:28Z,2025-07-05T12:18:00Z,ARR,goo,2.0
60,True,True,TORONTO,MONTRÉAL,2025-07-05,5,Kingston,KGON,2025-07-05T12:59:00Z,2025-07-05T12:57:00Z,ARR,goo,2.0
60,True,True,TORONTO,MONTRÉAL,2025-07-05,6,Cornwall,CWLL,2025-07-05T14:55:48Z,2025-07-05T14:38:00Z,ARR,bad,17.0
60,True,True,TORONTO,MONTRÉAL,2025-07-05,7,Dorval,DORV,2025-07-05T16:40:23Z,2025-07-05T15:25:00Z,ARR,bad,75.0
60,True,True,TORONTO,MONTRÉAL,2025-07-05,8,Montréal,MTRL,2025-07-05T17:07:56Z,2025-07-05T15:50:00Z,ARR,bad,77.0
61,True,True,MONTRÉAL,TORONTO,2025-07-05,0,Montréal,MTRL,2025-07-05T10:45:00Z,2025-07-05T10:45:00Z,ARR,goo,0.0
61,True,True,MONTRÉAL,TORONTO,2025-07-05,1,Dorval,DORV,2025-07-05T11:10:44Z,2025-07-05T11:08:00Z,ARR,goo,2.0
61,True,True,MONTRÉAL,TORONTO,2025-07-05,2,Cornwall,CWLL,2025-07-05T12:01:58Z,2025-07-05T12:01:00Z,ARR,goo,0.0
61,True,True,MONTRÉAL,TORONTO,2025-07-05,3,Kingston,KGON,2025-07-05T13:34:44Z,2025-07-05T13:29:00Z,ARR,med,5.0
61,True,True,MONTRÉAL,TORONTO,2025-07-05,4,Belleville,BLVL,2025-07-05T14:17:33Z,2025-07-05T14:11:00Z,ARR,med,6.0
61,True,True,MONTRÉAL,TORONTO,2025-07-05,5,Oshawa,OSHA,2025-07-05T15:26:31Z,2025-07-05T15:19:00Z,ARR,med,7.0
61,True,True,MONTRÉAL,TORONTO,2025-07-05,6,Guildwood,GUIL,2025-07-05T15:49:22Z,2025-07-05T15:43:00Z,ARR,med,6.0
61,True,True,MONTRÉAL,TORONTO,2025-07-05,7,Toronto,TRTO,2025-07-05T16:16:13Z,2025-07-05T16:03:00Z,ARR,med,13.0
64,True,True,TORONTO,MONTRÉAL,2025-07-05,0,Toronto,TRTO,2025-07-05T15:38:36Z,2025-07-05T15:38:00Z,ARR,goo,0.0
64,True,True,TORONTO,MONTRÉAL,2025-07-05,1,Guildwood,GUIL,2025-07-05T15:59:21Z,2025-07-05T15:55:00Z,ARR,goo,4.0
64,True,True,TORONTO,MONTRÉAL,2025-07-05,2,Oshawa,OSHA,2025-07-05T16:20:25Z,2025-07-05T16:09:00Z,ARR,med,11.0
64,True,True,TORONTO,MONTRÉAL,2025-07-05,3,Cobourg,CBRG,2025-07-05T17:00:51Z,2025-07-05T16:46:00Z,ARR,med,14.0
64,True,True,TORONTO,MONTRÉAL,2025-07-05,4,Belleville,BLVL,2025-07-05T17:36:58Z,2025-07-05T17:22:00Z,ARR,med,14.0
64,True,True,TORONTO,MONTRÉAL,2025-07-05,5,Kingston,KGON,2025-07-05T18:17:30Z,2025-07-05T18:03:00Z,ARR,med,14.0
64,True,True,TORONTO,MONTRÉAL,2025-07-05,6,Brockville,BRKV,2025-07-05T19:02:47Z,2025-07-05T18:52:00Z,ARR,med,10.0
64,True,True,TORONTO,MONTRÉAL,2025-07-05,7,Cornwall,CWLL,2025-07-05T20:00:12Z,2025-07-05T19:42:00Z,ARR,bad,18.0
64,True,True,TORONTO,MONTRÉAL,2025-07-05,8,Dorval,DORV,2025-07-05T20:55:42Z,2025-07-05T20:37:00Z,ARR,bad,18.0
64,True,True,TORONTO,MONTRÉAL,2025-07-05,9,Montréal,MTRL,2025-07-05T21:27:12Z,2025-07-05T21:05:00Z,ARR,bad,22.0
65,True,True,MONTRÉAL,TORONTO,2025-07-05,0,Montréal,MTRL,2025-07-05T14:49:00Z,2025-07-05T14:49:00Z,ARR,goo,0.0
65,True,True,MONTRÉAL,TORONTO,2025-07-05,1,Dorval,DORV,2025-07-05T15:12:25Z,2025-07-05T15:12:00Z,ARR,goo,0.0
65,True,True,MONTRÉAL,TORONTO,2025-07-05,2,Cornwall,CWLL,2025-07-05T16:04:40Z,2025-07-05T16:06:00Z,ARR,goo,-1.0
65,True,True,MONTRÉAL,TORONTO,2025-07-05,3,Kingston,KGON,2025-07-05T17:31:34Z,2025-07-05T17:36:00Z,ARR,goo,-4.0
65,True,True,MONTRÉAL,TORONTO,2025-07-05,4,Belleville,BLVL,2025-07-05T18:18:34Z,2025-07-05T18:20:00Z,ARR,goo,-1.0
65,True,True,MONTRÉAL,TORONTO,2025-07-05,5,Cobourg,CBRG,2025-07-05T18:58:56Z,2025-07-05T18:58:00Z,ARR,goo,0.0
65,True,True,MONTRÉAL,TORONTO,2025-07-05,6,Oshawa,OSHA,2025-07-05T19:33:11Z,2025-07-05T19:34:00Z,ARR,goo,0.0
65,True,True,MONTRÉAL,TORONTO,2025-07-05,7,Toronto,TRTO,2025-07-05T20:18:55Z,2025-07-05T20:18:00Z,ARR,goo,0.0
67,True,True,MONTRÉAL,TORONTO,2025-07-05,0,Montréal,MTRL,2025-07-05T17:22:00Z,2025-07-05T17:22:00Z,ARR,goo,0.0
67,True,True,MONTRÉAL,TORONTO,2025-07-05,1,Dorval,DORV,2025-07-05T17:47:53Z,2025-07-05T17:47:00Z,ARR,goo,0.0
67,True,True,MONTRÉAL,TORONTO,2025-07-05,2,Cornwall,CWLL,2025-07-05T18:36:56Z,2025-07-05T18:38:00Z,ARR,goo,-1.0
67,True,True,MONTRÉAL,TORONTO,2025-07-05,3,Kingston,KGON,2025-07-05T20:16:44Z,2025-07-05T20:03:00Z,ARR,med,13.0
67,True,True,MONTRÉAL,TORONTO,2025-07-05,4,Belleville,BLVL,2025-07-05T21:00:58Z,2025-07-05T20:42:00Z,ARR,bad,18.0
67,True,True,MONTRÉAL,TORONTO,2025-07-05,5,Cobourg,CBRG,2025-07-05T21:38:55Z,2025-07-05T21:17:00Z,ARR,bad,21.0
67,True,True,MONTRÉAL,TORONTO,2025-07-05,6,Oshawa,OSHA,2025-07-05T22:12:52Z,2025-07-05T21:50:00Z,ARR,bad,22.0
67,True,True,MONTRÉAL,TORONTO,2025-07-05,7,Toronto,TRTO,2025-07-05T23:04:09Z,2025-07-05T22:45:00Z,ARR,bad,19.0
70,True,True,WINDSOR,TORONTO,2025-07-05,0,Windsor,WDON,2025-07-05T09:35:00Z,2025-07-05T09:35:00Z,ARR,goo,0.0
70,True,True,WINDSOR,TORONTO,2025-07-05,1,Chatham,CHAT,2025-07-05T10:34:05Z,2025-07-05T10:19:00Z,ARR,bad,15.0
70,True,True,WINDSOR,TORONTO,2025-07-05,2,London,LNDN,2025-07-05T11:49:45Z,2025-07-05T11:25:00Z,ARR,bad,24.0
70,True,True,WINDSOR,TORONTO,2025-07-05,3,Ingersoll,INGR,2025-07-05T12:19:27Z,2025-07-05T11:55:00Z,ARR,bad,24.0
70,True,True,WINDSOR,TORONTO,2025-07-05,4,Woodstock,WDST,2025-07-05T12:30:17Z,2025-07-05T12:08:00Z,ARR,bad,22.0
70,True,True,WINDSOR,TORONTO,2025-07-05,5,Brantford,BRTF,2025-07-05T13:01:08Z,2025-07-05T12:44:00Z,ARR,bad,17.0
70,True,True,WINDSOR,TORONTO,2025-07-05,6,Aldershot,ALDR,2025-07-05T13:31:49Z,2025-07-05T13:25:00Z,ARR,med,6.0
70,True,True,WINDSOR,TORONTO,2025-07-05,7,Oakville,OAKV,2025-07-05T13:48:56Z,2025-07-05T13:43:00Z,ARR,med,5.0
70,True,True,WINDSOR,TORONTO,2025-07-05,8,Toronto,TRTO,2025-07-05T14:13:45Z,2025-07-05T14:10:00Z,ARR,goo,3.0
71,True,True,TORONTO,WINDSOR,2025-07-05,0,Toronto,TRTO,2025-07-05T10:50:00Z,2025-07-05T10:50:00Z,ARR,goo,0.0
71,True,True,TORONTO,WINDSOR,2025-07-05,1,Oakville,OAKV,2025-07-05T11:15:18Z,2025-07-05T11:13:00Z,ARR,goo,2.0
71,True,True,TORONTO,WINDSOR,2025-07-05,2,Aldershot,ALDR,2025-07-05T11:32:10Z,2025-07-05T11:29:00Z,ARR,goo,3.0
71,True,True,TORONTO,WINDSOR,2025-07-05,3,Brantford,BRTF,2025-07-05T12:02:55Z,2025-07-05T11:55:00Z,ARR,med,7.0
71,True,True,TORONTO,WINDSOR,2025-07-05,4,Woodstock,WDST,2025-07-05T12:47:02Z,2025-07-05T12:30:00Z,ARR,bad,17.0
71,True,True,TORONTO,WINDSOR,2025-07-05,5,Ingersoll,INGR,2025-07-05T12:57:50Z,2025-07-05T12:43:00Z,ARR,med,14.0
71,True,True,TORONTO,WINDSOR,2025-07-05,6,London,LNDN,2025-07-05T13:22:38Z,2025-07-05T13:06:00Z,ARR,bad,16.0
71,True,True,TORONTO,WINDSOR,2025-07-05,7,Glencoe,GLNC,2025-07-05T14:02:27Z,2025-07-05T13:39:00Z,ARR,bad,23.0
71,True,True,TORONTO,WINDSOR,2025-07-05,8,Chatham,CHAT,2025-07-05T15:01:20Z,2025-07-05T14:18:00Z,ARR,bad,43.0
71,True,True,TORONTO,WINDSOR,2025-07-05,9,Windsor,WDON,2025-07-05T15:45:26Z,2025-07-05T15:08:00Z,ARR,bad,37.0
72,True,True,WINDSOR,TORONTO,2025-07-05,0,Windsor,WDON,2025-07-05T12:43:00Z,2025-07-05T12:43:00Z,ARR,goo,0.0
72,True,True,WINDSOR,TORONTO,2025-07-05,1,Chatham,CHAT,2025-07-05T13:25:15Z,2025-07-05T13:25:00Z,ARR,goo,0.0
72,True,True,WINDSOR,TORONTO,2025-07-05,2,Glencoe,GLNC,2025-07-05T14:30:28Z,2025-07-05T14:05:00Z,ARR,bad,25.0
72,True,True,WINDSOR,TORONTO,2025-07-05,3,London,LNDN,2025-07-05T15:14:41Z,2025-07-05T14:39:00Z,ARR,bad,35.0
72,True,True,WINDSOR,TORONTO,2025-07-05,4,Ingersoll,INGR,2025-07-05T15:44:21Z,2025-07-05T15:07:00Z,ARR,bad,37.0
72,True,True,WINDSOR,TORONTO,2025-07-05,5,Woodstock,WDST,2025-07-05T15:57:13Z,2025-07-05T15:23:00Z,ARR,bad,34.0
72,True,True,WINDSOR,TORONTO,2025-07-05,6,Brantford,BRTF,2025-07-05T16:28:55Z,2025-07-05T15:55:00Z,ARR,bad,33.0
72,True,True,WINDSOR,TORONTO,2025-07-05,7,Aldershot,ALDR,2025-07-05T17:04:26Z,2025-07-05T16:29:00Z,ARR,bad,35.0
72,True,True,WINDSOR,TORONTO,2025-07-05,8,Oakville,OAKV,2025-07-05T17:21:30Z,2025-07-05T16:45:00Z,ARR,bad,36.0
72,True,True,WINDSOR,TORONTO,2025-07-05,9,Toronto,TRTO,2025-07-05T17:49:25Z,2025-07-05T17:11:00Z,ARR,bad,38.0
73,True,True,TORONTO,WINDSOR,2025-07-05,0,Toronto,TRTO,2025-07-05T15:30:04Z,2025-07-05T15:30:00Z,ARR,goo,0.0
73,True,True,TORONTO,WINDSOR,2025-07-05,1,Oakville,OAKV,2025-07-05T15:54:16Z,2025-07-05T15:51:00Z,ARR,goo,3.0
73,True,True,TORONTO,WINDSOR,2025-07-05,2,Aldershot,ALDR,2025-07-05T16:11:24Z,2025-07-05T16:09:00Z,ARR,goo,2.0
73,True,True,TORONTO,WINDSOR,2025-07-05,3,Brantford,BRTF,2025-07-05T16:59:59Z,2025-07-05T16:40:00Z,ARR,bad,19.0
73,True,True,TORONTO,WINDSOR,2025-07-05,4,Woodstock,WDST,2025-07-05T17:27:56Z,2025-07-05T17:09:00Z,ARR,bad,18.0
73,True,True,TORONTO,WINDSOR,2025-07-05,5,London,LNDN,2025-07-05T17:59:32Z,2025-07-05T17:38:00Z,ARR,bad,21.0
73,True,True,TORONTO,WINDSOR,2025-07-05,6,Chatham,CHAT,2025-07-05T19:18:51Z,2025-07-05T18:50:00Z,ARR,bad,28.0
73,True,True,TORONTO,WINDSOR,2025-07-05,7,Windsor,WDON,2025-07-05T20:02:56Z,2025-07-05T19:45:00Z,ARR,bad,17.0
82,True,True,LONDON,TORONTO,2025-07-05,0,London,LNDN,2025-07-05T10:25:00Z,2025-07-05T10:25:00Z,ARR,goo,0.0
82,True,True,LONDON,TORONTO,2025-07-05,1,Woodstock,WDST,2025-07-05T10:54:51Z,2025-07-05T10:53:00Z,ARR,goo,1.0
82,True,True,LONDON,TORONTO,2025-07-05,2,Brantford,BRTF,2025-07-05T11:21:48Z,2025-07-05T11:23:00Z,ARR,goo,-1.0
82,True,True,LONDON,TORONTO,2025-07-05,3,Toronto,TRTO,2025-07-05T12:34:44Z,2025-07-05T12:35:00Z,ARR,goo,0.0
84,True,True,SARNIA,TORONTO,2025-07-05,0,Sarnia,SARN,2025-07-05T12:40:00Z,2025-07-05T12:40:00Z,ARR,goo,0.0
84,True,True,SARNIA,TORONTO,2025-07-05,1,Wyoming,WYOM,2025-07-05T12:58:34Z,2025-07-05T12:55:00Z,ARR,goo,3.0
84,True,True,SARNIA,TORONTO,2025-07-05,2,Strathroy,STRR,2025-07-05T13:29:06Z,2025-07-05T13:27:00Z,ARR,goo,2.0
84,True,True,SARNIA,TORONTO,2025-07-05,3,London,LNDN,2025-07-05T13:58:13Z,2025-07-05T13:52:00Z,ARR,med,6.0
84,True,True,SARNIA,TORONTO,2025-07-05,4,St.Marys,SMYS,2025-07-05T15:00:25Z,2025-07-05T14:45:00Z,ARR,bad,15.0
84,True,True,SARNIA,TORONTO,2025-07-05,5,Stratford,STRF,2025-07-05T15:29:40Z,2025-07-05T15:14:00Z,ARR,bad,15.0
84,True,True,SARNIA,TORONTO,2025-07-05,6,Kitchener,KITC,2025-07-05T16:19:47Z,2025-07-05T16:02:00Z,ARR,bad,17.0
84,True,True,SARNIA,TORONTO,2025-07-05,7,Guelph,GUEL,2025-07-05T16:45:11Z,2025-07-05T16:24:00Z,ARR,bad,21.0
84,True,True,SARNIA,TORONTO,2025-07-05,8,Georgetown,GEOR,2025-07-05T17:15:58Z,2025-07-05T16:47:00Z,ARR,bad,28.0
84,True,True,SARNIA,TORONTO,2025-07-05,9,Brampton,BRMP,2025-07-05T17:29:09Z,2025-07-05T16:59:00Z,ARR,bad,30.0
84,True,True,SARNIA,TORONTO,2025-07-05,10,Malton,MALT,2025-07-05T17:51:15Z,2025-07-05T17:11:00Z,ARR,bad,40.0
84,True,True,SARNIA,TORONTO,2025-07-05,11,Toronto,TRTO,2025-07-05T18:13:46Z,2025-07-05T17:38:00Z,ARR,bad,35.0
644,True,True,TORONTO,OTTAWA,2025-07-05,0,Toronto,TRTO,2025-07-05T17:24:31Z,2025-07-05T17:23:00Z,ARR,goo,1.0
644,True,True,TORONTO,OTTAWA,2025-07-05,1,Oshawa,OSHA,2025-07-05T18:13:03Z,2025-07-05T17:53:00Z,ARR,bad,20.0
644,True,True,TORONTO,OTTAWA,2025-07-05,2,Cobourg,CBRG,2025-07-05T19:00:13Z,2025-07-05T18:28:00Z,ARR,bad,32.0
644,True,True,TORONTO,OTTAWA,2025-07-05,3,Belleville,BLVL,2025-07-05T19:47:42Z,2025-07-05T19:03:00Z,ARR,bad,44.0
644,True,True,TORONTO,OTTAWA,2025-07-05,4,Kingston,KGON,2025-07-05T20:38:51Z,2025-07-05T19:43:00Z,ARR,bad,55.0
644,True,True,TORONTO,OTTAWA,2025-07-05,5,Fallowfield,FALL,2025-07-05T22:28:49Z,2025-07-05T21:30:00Z,ARR,bad,58.0
644,True,True,TORONTO,OTTAWA,2025-07-05,6,Ottawa,OTTW,2025-07-05T22:49:43Z,2025-07-05T21:53:00Z,ARR,bad,56.0
97,True,True,TORONTO,NIAGARA FALLS,2025-07-05,0,Toronto,TRTO,2025-07-05T12:20:00Z,2025-07-05T12:20:00Z,ARR,goo,0.0
97,True,True,TORONTO,NIAGARA FALLS,2025-07-05,1,Oakville,OAKV,2025-07-05T12:43:00Z,2025-07-05T12:43:00Z,ARR,goo,0.0
97,True,True,TORONTO,NIAGARA FALLS,2025-07-05,2,Aldershot,ALDR,2025-07-05T12:58:00Z,2025-07-05T12:56:00Z,ARR,goo,2.0
97,True,True,TORONTO,NIAGARA FALLS,2025-07-05,3,Grimsby,GRIM,2025-07-05T13:39:00Z,2025-07-05T13:37:00Z,ARR,goo,2.0
97,True,True,TORONTO,NIAGARA FALLS,2025-07-05,4,St. Catharines,SCAT,2025-07-05T14:01:00Z,2025-07-05T13:57:00Z,ARR,goo,4.0
97,True,True,TORONTO,NIAGARA FALLS,2025-07-05,5,Niagara Falls,NIAG,2025-07-05T14:24:00Z,2025-07-05T14:20:00Z,ARR,goo,4.0
62,True,True,TORONTO,MONTRÉAL,2025-07-05,0,Toronto,TRTO,2025-07-05T12:33:10Z,2025-07-05T12:32:00Z,ARR,goo,1.0
62,True,True,TORONTO,MONTRÉAL,2025-07-05,1,Guildwood,GUIL,2025-07-05T12:50:06Z,2025-07-05T12:50:00Z,ARR,goo,0.0
62,True,True,TORONTO,MONTRÉAL,2025-07-05,2,Oshawa,OSHA,2025-07-05T13:11:03Z,2025-07-05T13:09:00Z,ARR,goo,2.0
62,True,True,TORONTO,MONTRÉAL,2025-07-05,3,Cobourg,CBRG,2025-07-05T13:45:56Z,2025-07-05T13:44:00Z,ARR,goo,1.0
62,True,True,TORONTO,MONTRÉAL,2025-07-05,4,Belleville,BLVL,2025-07-05T14:19:45Z,2025-07-05T14:20:00Z,ARR,goo,0.0
62,True,True,TORONTO,MONTRÉAL,2025-07-05,5,Kingston,KGON,2025-07-05T14:58:43Z,2025-07-05T15:00:00Z,ARR,goo,-1.0
62,True,True,TORONTO,MONTRÉAL,2025-07-05,6,Cornwall,CWLL,2025-07-05T16:38:53Z,2025-07-05T16:43:00Z,ARR,goo,-4.0
62,True,True,TORONTO,MONTRÉAL,2025-07-05,7,Dorval,DORV,2025-07-05T17:45:14Z,2025-07-05T17:34:00Z,ARR,med,11.0
62,True,True,TORONTO,MONTRÉAL,2025-07-05,8,Montréal,MTRL,2025-07-05T18:10:49Z,2025-07-05T18:00:00Z,ARR,med,10.0
633,True,True,MONTRÉAL,OTTAWA,2025-07-05,0,Montréal,MTRL,2025-07-05T13:00:00Z,2025-07-05T13:00:00Z,ARR,goo,0.0
633,True,True,MONTRÉAL,OTTAWA,2025-07-05,1,Dorval,DORV,2025-07-05T13:41:54Z,2025-07-05T13:24:00Z,ARR,bad,17.0
633,True,True,MONTRÉAL,OTTAWA,2025-07-05,2,Alexandria,ALEX,2025-07-05T14:29:41Z,2025-07-05T14:11:00Z,ARR,bad,18.0
633,True,True,MONTRÉAL,OTTAWA,2025-07-05,3,Casselman,CSLM,2025-07-05T15:00:30Z,2025-07-05T14:34:00Z,ARR,bad,26.0
633,True,True,MONTRÉAL,OTTAWA,2025-07-05,4,Ottawa,OTTW,2025-07-05T15:27:08Z,2025-07-05T15:05:00Z,ARR,bad,22.0
643,True,True,OTTAWA,TORONTO,2025-07-05,0,Ottawa,OTTW,2025-07-05T12:29:00Z,2025-07-05T12:29:00Z,ARR,goo,0.0
643,True,True,OTTAWA,TORONTO,2025-07-05,1,Fallowfield,FALL,2025-07-05T12:45:44Z,2025-07-05T12:45:00Z,ARR,goo,0.0
643,True,True,OTTAWA,TORONTO,2025-07-05,2,Smiths Falls,SMTF,2025-07-05T13:20:16Z,2025-07-05T13:17:00Z,ARR,goo,3.0
643,True,True,OTTAWA,TORONTO,2025-07-05,3,Brockville,BRKV,2025-07-05T13:53:47Z,2025-07-05T13:49:00Z,ARR,goo,4.0
643,True,True,OTTAWA,TORONTO,2025-07-05,4,Kingston,KGON,2025-07-05T14:52:19Z,2025-07-05T14:32:00Z,ARR,bad,20.0
643,True,True,OTTAWA,TORONTO,2025-07-05,5,Napanee,NAPN,2025-07-05T15:18:04Z,2025-07-05T14:57:00Z,ARR,bad,21.0
643,True,True,OTTAWA,TORONTO,2025-07-05,6,Belleville,BLVL,2025-07-05T15:45:01Z,2025-07-05T15:17:00Z,ARR,bad,28.0
643,True,True,OTTAWA,TORONTO,2025-07-05,7,Trenton Jct.,TRNJ,2025-07-05T15:59:27Z,2025-07-05T15:31:00Z,ARR,bad,28.0
643,True,True,OTTAWA,TORONTO,2025-07-05,8,Cobourg,CBRG,2025-07-05T16:31:13Z,2025-07-05T15:57:00Z,ARR,bad,34.0
643,True,True,OTTAWA,TORONTO,2025-07-05,9,Port Hope,PHOP,2025-07-05T16:42:04Z,2025-07-05T16:07:00Z,ARR,bad,35.0
643,True,True,OTTAWA,TORONTO,2025-07-05,10,Oshawa,OSHA,2025-07-05T17:16:53Z,2025-07-05T16:35:00Z,ARR,bad,41.0
643,True,True,OTTAWA,TORONTO,2025-07-05,11,Guildwood,GUIL,2025-07-05T17:50:52Z,2025-07-05T16:58:00Z,ARR,bad,52.0
643,True,True,OTTAWA,TORONTO,2025-07-05,12,Toronto,TRTO,2025-07-05T18:16:30Z,2025-07-05T17:18:00Z,ARR,bad,58.0
622,True,True,MONTRÉAL,QUÉBEC,2025-07-05,0,Montréal,MTRL,2025-07-05T12:20:00Z,2025-07-05T12:20:00Z,ARR,goo,0.0
622,True,True,MONTRÉAL,QUÉBEC,2025-07-05,1,St. Lambert,SLAM,2025-07-05T12:36:15Z,2025-07-05T12:33:00Z,ARR,goo,3.0
622,True,True,MONTRÉAL,QUÉBEC,2025-07-05,2,St. Hyacinthe,SHYA,2025-07-05T13:09:16Z,2025-07-05T13:00:00Z,ARR,med,9.0
622,True,True,MONTRÉAL,QUÉBEC,2025-07-05,3,Drummondville,DRMV,2025-07-05T13:59:16Z,2025-07-05T13:29:00Z,ARR,bad,30.0
622,True,True,MONTRÉAL,QUÉBEC,2025-07-05,4,Ste-Foy,SFOY,2025-07-05T15:37:53Z,2025-07-05T15:11:00Z,ARR,bad,26.0
622,True,True,MONTRÉAL,QUÉBEC,2025-07-05,5,Québec,QBEC,2025-07-05T16:05:17Z,2025-07-05T15:39:00Z,ARR,bad,26.0
45,True,True,OTTAWA,TORONTO,2025-07-05,0,Ottawa,OTTW,2025-07-05T14:24:00Z,2025-07-05T14:24:00Z,ARR,goo,0.0
45,True,True,OTTAWA,TORONTO,2025-07-05,1,Fallowfield,FALL,2025-07-05T14:41:00Z,2025-07-05T14:40:00Z,ARR,goo,1.0
45,True,True,OTTAWA,TORONTO,2025-07-05,2,Kingston,KGON,2025-07-05T16:58:20Z,2025-07-05T16:26:00Z,ARR,bad,32.0
45,True,True,OTTAWA,TORONTO,2025-07-05,3,Toronto,TRTO,2025-07-05T19:48:48Z,2025-07-05T18:48:00Z,ARR,bad,60.0
637,True,True,QUÉBEC,OTTAWA,2025-07-05,0,Québec,QBEC,2025-07-05T14:00:00Z,2025-07-05T14:00:00Z,ARR,goo,0.0
637,True,True,QUÉBEC,OTTAWA,2025-07-05,1,Ste-Foy,SFOY,2025-07-05T14:24:26Z,2025-07-05T14:25:00Z,ARR,goo,0.0
637,True,True,QUÉBEC,OTTAWA,2025-07-05,2,Drummondville,DRMV,2025-07-05T16:30:38Z,2025-07-05T16:08:00Z,ARR,bad,22.0
637,True,True,QUÉBEC,OTTAWA,2025-07-05,3,St. Lambert,SLAM,2025-07-05T17:38:22Z,2025-07-05T17:16:00Z,ARR,bad,22.0
637,True,True,QUÉBEC,OTTAWA,2025-07-05,4,Montréal,MTRL,2025-07-05T17:54:55Z,2025-07-05T17:31:00Z,ARR,bad,23.0
637,True,True,QUÉBEC,OTTAWA,2025-07-05,5,Dorval,DORV,2025-07-05T18:46:32Z,2025-07-05T18:20:00Z,ARR,bad,26.0
637,True,True,QUÉBEC,OTTAWA,2025-07-05,6,Alexandria,ALEX,2025-07-05T19:40:10Z,2025-07-05T19:10:00Z,ARR,bad,30.0
637,True,True,QUÉBEC,OTTAWA,2025-07-05,7,Ottawa,OTTW,2025-07-05T20:34:06Z,2025-07-05T19:56:00Z,ARR,bad,38.0
47,True,True,OTTAWA,TORONTO,2025-07-05,0,Ottawa,OTTW,2025-07-05T16:23:00Z,2025-07-05T16:23:00Z,ARR,goo,0.0
47,True,True,OTTAWA,TORONTO,2025-07-05,1,Fallowfield,FALL,2025-07-05T16:38:00Z,2025-07-05T16:40:00Z,ARR,goo,-2.0
47,True,True,OTTAWA,TORONTO,2025-07-05,2,Smiths Falls,SMTF,2025-07-05T17:13:48Z,2025-07-05T17:18:00Z,ARR,goo,-4.0
47,True,True,OTTAWA,TORONTO,2025-07-05,3,Brockville,BRKV,2025-07-05T17:54:20Z,2025-07-05T17:54:00Z,ARR,goo,0.0
47,True,True,OTTAWA,TORONTO,2025-07-05,4,Gananoque,GANA,2025-07-05T18:22:48Z,2025-07-05T18:22:00Z,ARR,goo,0.0
47,True,True,OTTAWA,TORONTO,2025-07-05,5,Kingston,KGON,2025-07-05T18:40:52Z,2025-07-05T18:45:00Z,ARR,goo,-4.0
47,True,True,OTTAWA,TORONTO,2025-07-05,6,Belleville,BLVL,2025-07-05T19:36:41Z,2025-07-05T19:26:00Z,ARR,med,10.0
47,True,True,OTTAWA,TORONTO,2025-07-05,7,Oshawa,OSHA,2025-07-05T20:49:31Z,2025-07-05T20:33:00Z,ARR,bad,16.0
47,True,True,OTTAWA,TORONTO,2025-07-05,8,Guildwood,GUIL,2025-07-05T21:17:55Z,2025-07-05T20:58:00Z,ARR,bad,19.0
47,True,True,OTTAWA,TORONTO,2025-07-05,9,Toronto,TRTO,2025-07-05T21:44:08Z,2025-07-05T21:30:00Z,ARR,med,14.0
624,True,True,OTTAWA,QUÉBEC,2025-07-05,0,Ottawa,OTTW,2025-07-05T11:45:00Z,2025-07-05T11:45:00Z,ARR,goo,0.0
624,True,True,OTTAWA,QUÉBEC,2025-07-05,1,Alexandria,ALEX,2025-07-05T12:30:07Z,2025-07-05T12:31:00Z,ARR,goo,0.0
624,True,True,OTTAWA,QUÉBEC,2025-07-05,2,Dorval,DORV,2025-07-05T13:23:54Z,2025-07-05T13:16:00Z,ARR,med,7.0
624,True,True,OTTAWA,QUÉBEC,2025-07-05,3,Montréal,MTRL,2025-07-05T13:55:20Z,2025-07-05T13:39:00Z,ARR,bad,16.0
624,True,True,OTTAWA,QUÉBEC,2025-07-05,4,St. Lambert,SLAM,2025-07-05T14:37:47Z,2025-07-05T14:28:00Z,ARR,med,9.0
624,True,True,OTTAWA,QUÉBEC,2025-07-05,5,St. Hyacinthe,SHYA,2025-07-05T15:13:10Z,2025-07-05T15:06:00Z,ARR,med,7.0
624,True,True,OTTAWA,QUÉBEC,2025-07-05,6,Drummondville,DRMV,2025-07-05T15:48:21Z,2025-07-05T15:34:00Z,ARR,med,14.0
624,True,True,OTTAWA,QUÉBEC,2025-07-05,7,Charny,CHNY,2025-07-05T17:28:03Z,2025-07-05T17:13:00Z,ARR,bad,15.0
624,True,True,OTTAWA,QUÉBEC,2025-07-05,8,Ste-Foy,SFOY,2025-07-05T17:34:00Z,2025-07-05T17:20:00Z,ARR,med,14.0
624,True,True,OTTAWA,QUÉBEC,2025-07-05,9,Québec,QBEC,2025-07-05T18:03:36Z,2025-07-05T17:48:00Z,ARR,bad,15.0
63,True,True,MONTRÉAL,TORONTO,2025-07-05,0,Montréal,MTRL,2025-07-05T12:50:20Z,2025-07-05T12:46:00Z,ARR,goo,4.0
63,True,True,MONTRÉAL,TORONTO,2025-07-05,1,Dorval,DORV,2025-07-05T13:14:36Z,2025-07-05T13:11:00Z,ARR,goo,3.0
63,True,True,MONTRÉAL,TORONTO,2025-07-05,2,Cornwall,CWLL,2025-07-05T14:06:39Z,2025-07-05T14:04:00Z,ARR,goo,2.0
63,True,True,MONTRÉAL,TORONTO,2025-07-05,3,Brockville,BRKV,2025-07-05T15:04:18Z,2025-07-05T14:54:00Z,ARR,med,10.0
63,True,True,MONTRÉAL,TORONTO,2025-07-05,4,Kingston,KGON,2025-07-05T15:50:30Z,2025-07-05T15:39:00Z,ARR,med,11.0
63,True,True,MONTRÉAL,TORONTO,2025-07-05,5,Belleville,BLVL,2025-07-05T16:30:12Z,2025-07-05T16:20:00Z,ARR,med,10.0
63,True,True,MONTRÉAL,TORONTO,2025-07-05,6,Cobourg,CBRG,2025-07-05T17:04:11Z,2025-07-05T16:58:00Z,ARR,med,6.0
63,True,True,MONTRÉAL,TORONTO,2025-07-05,7,Oshawa,OSHA,2025-07-05T17:37:08Z,2025-07-05T17:34:00Z,ARR,goo,3.0
63,True,True,MONTRÉAL,TORONTO,2025-07-05,8,Guildwood,GUIL,2025-07-05T17:59:23Z,2025-07-05T17:58:00Z,ARR,goo,1.0
63,True,True,MONTRÉAL,TORONTO,2025-07-05,9,Toronto,TRTO,2025-07-05T18:20:50Z,2025-07-05T18:18:00Z,ARR,goo,2.0
40,True,True,TORONTO,OTTAWA,2025-07-05,0,Toronto,TRTO,2025-07-05T14:39:37Z,2025-07-05T14:38:00Z,ARR,goo,1.0
40,True,True,TORONTO,OTTAWA,2025-07-05,1,Belleville,BLVL,2025-07-05T16:13:30Z,2025-07-05T16:09:00Z,ARR,goo,4.0
40,True,True,TORONTO,OTTAWA,2025-07-05,2,Kingston,KGON,2025-07-05T16:52:39Z,2025-07-05T16:48:00Z,ARR,goo,4.0
40,True,True,TORONTO,OTTAWA,2025-07-05,3,Fallowfield,FALL,2025-07-05T18:57:56Z,2025-07-05T18:38:00Z,ARR,bad,19.0
40,True,True,TORONTO,OTTAWA,2025-07-05,4,Ottawa,OTTW,2025-07-05T19:20:48Z,2025-07-05T19:02:00Z,ARR,bad,18.0
35,True,True,QUÉBEC,OTTAWA,2025-07-05,0,Québec,QBEC,2025-07-05T12:06:00Z,2025-07-05T12:06:00Z,ARR,goo,0.0
35,True,True,QUÉBEC,OTTAWA,2025-07-05,1,Ste-Foy,SFOY,2025-07-05T12:32:51Z,2025-07-05T12:31:00Z,ARR,goo,1.0
35,True,True,QUÉBEC,OTTAWA,2025-07-05,2,Charny,CHNY,2025-07-05T12:43:05Z,2025-07-05T12:40:00Z,ARR,goo,3.0
35,True,True,QUÉBEC,OTTAWA,2025-07-05,3,Drummondville,DRMV,2025-07-05T14:18:12Z,2025-07-05T14:14:00Z,ARR,goo,4.0
35,True,True,QUÉBEC,OTTAWA,2025-07-05,4,St. Hyacinthe,SHYA,2025-07-05T14:56:14Z,2025-07-05T14:44:00Z,ARR,med,12.0
35,True,True,QUÉBEC,OTTAWA,2025-07-05,5,St. Lambert,SLAM,2025-07-05T15:32:43Z,2025-07-05T15:11:00Z,ARR,bad,21.0
35,True,True,QUÉBEC,OTTAWA,2025-07-05,6,Montréal,MTRL,2025-07-05T15:58:48Z,2025-07-05T15:26:00Z,ARR,bad,32.0
35,True,True,QUÉBEC,OTTAWA,2025-07-05,7,Dorval,DORV,2025-07-05T16:56:42Z,2025-07-05T16:18:00Z,ARR,bad,38.0
35,True,True,QUÉBEC,OTTAWA,2025-07-05,8,Coteau,COTO,2025-07-05T17:37:58Z,2025-07-05T16:46:00Z,ARR,bad,51.0
35,True,True,QUÉBEC,OTTAWA,2025-07-05,9,Alexandria,ALEX,2025-07-05T18:01:30Z,2025-07-05T17:08:00Z,ARR,bad,53.0
35,True,True,QUÉBEC,OTTAWA,2025-07-05,10,Casselman,CSLM,2025-07-05T18:26:53Z,2025-07-05T17:31:00Z,ARR,bad,55.0
35,True,True,QUÉBEC,OTTAWA,2025-07-05,11,Ottawa,OTTW,2025-07-05T18:55:27Z,2025-07-05T17:58:00Z,ARR,bad,57.0
185,True,True,SUDBURY,WHITE RIVER,2025-07-05,0,Sudbury,SUDB,2025-07-05T13:01:37Z,2025-07-05T13:00:00Z,ARR,goo,1.0
185,True,True,SUDBURY,WHITE RIVER,2025-07-05,1,Azilda,AZIL,2025-07-05T13:40:46Z,2025-07-05T13:10:00Z,ARR,bad,30.0
185,True,True,SUDBURY,WHITE RIVER,2025-07-05,2,Chelmsford,CHEL,2025-07-05T13:43:54Z,2025-07-05T13:15:00Z,ARR,bad,28.0
185,True,True,SUDBURY,WHITE RIVER,2025-07-05,3,Larchwood,LARC,2025-07-05T13:47:32Z,2025-07-05T13:19:00Z,ARR,bad,28.0
185,True,True,SUDBURY,WHITE RIVER,2025-07-05,4,Levack,LEVA,2025-07-05T13:59:09Z,2025-07-05T13:30:00Z,ARR,bad,29.0
185,True,True,SUDBURY,WHITE RIVER,2025-07-05,5,Cartier,CART,2025-07-05T14:11:17Z,2025-07-05T13:45:00Z,ARR,bad,26.0
185,True,True,SUDBURY,WHITE RIVER,2025-07-05,6,Benny,BENN,2025-07-05T14:33:32Z,2025-07-05T14:05:00Z,ARR,bad,28.0
185,True,True,SUDBURY,WHITE RIVER,2025-07-05,7,Stralak,STRL,2025-07-05T14:38:05Z,2025-07-05T14:12:00Z,ARR,bad,26.0
185,True,True,SUDBURY,WHITE RIVER,2025-07-05,8,Pogamasing,POGA,2025-07-05T14:49:29Z,2025-07-05T14:25:00Z,ARR,bad,24.0
185,True,True,SUDBURY,WHITE RIVER,2025-07-05,9,Sheahan,SHEA,2025-07-05T14:54:46Z,2025-07-05T14:30:00Z,ARR,bad,24.0
185,True,True,SUDBURY,WHITE RIVER,2025-07-05,10,Forks,FRKS,2025-07-05T15:08:28Z,2025-07-05T14:40:00Z,ARR,bad,28.0
185,True,True,SUDBURY,WHITE RIVER,2025-07-05,11,Metagama,MTGM,2025-07-05T15:18:28Z,2025-07-05T14:50:00Z,ARR,bad,28.0
185,True,True,SUDBURY,WHITE RIVER,2025-07-05,12,Sinker,SNKR,2025-07-05T15:23:28Z,2025-07-05T14:55:00Z,ARR,bad,28.0
185,True,True,SUDBURY,WHITE RIVER,2025-07-05,13,Biscotasing,BISC,2025-07-05T15:48:28Z,2025-07-05T15:20:00Z,ARR,bad,28.0
185,True,True,SUDBURY,WHITE RIVER,2025-07-05,14,Roberts,RBRT,2025-07-05T15:58:28Z,2025-07-05T15:30:00Z,ARR,bad,28.0
185,True,True,SUDBURY,WHITE RIVER,2025-07-05,15,Ramsey,RAMS,2025-07-05T16:13:28Z,2025-07-05T15:45:00Z,ARR,bad,28.0
185,True,True,SUDBURY,WHITE RIVER,2025-07-05,16,Woman River,WOMR,2025-07-05T16:33:28Z,2025-07-05T16:05:00Z,ARR,bad,28.0
185,True,True,SUDBURY,WHITE RIVER,2025-07-05,17,Sultan,SULT,2025-07-05T16:48:28Z,2025-07-05T16:20:00Z,ARR,bad,28.0
185,True,True,SUDBURY,WHITE RIVER,2025-07-05,18,Kormak,KORM,2025-07-05T17:03:28Z,2025-07-05T16:35:00Z,ARR,bad,28.0
185,True,True,SUDBURY,WHITE RIVER,2025-07-05,19,Kinogama,KINO,2025-07-05T17:08:28Z,2025-07-05T16:40:00Z,ARR,bad,28.0
185,True,True,SUDBURY,WHITE RIVER,2025-07-05,20,Nemegos,NEME,2025-07-05T17:31:31Z,2025-07-05T16:55:00Z,ARR,bad,36.0
185,True,True,SUDBURY,WHITE RIVER,2025-07-05,21,Devon,DEVN,2025-07-05T17:41:16Z,2025-07-05T17:05:00Z,ARR,bad,36.0
185,True,True,SUDBURY,WHITE RIVER,2025-07-05,22,Chapleau,CHAP,2025-07-05T18:03:01Z,2025-07-05T17:20:00Z,ARR,bad,43.0
185,True,True,SUDBURY,WHITE RIVER,2025-07-05,23,Esher,ESHR,2025-07-05T18:22:50Z,2025-07-05T17:50:00Z,ARR,bad,32.0
185,True,True,SUDBURY,WHITE RIVER,2025-07-05,24,Musk,MUSK,2025-07-05T18:37:59Z,2025-07-05T18:00:00Z,ARR,bad,37.0
185,True,True,SUDBURY,WHITE RIVER,2025-07-05,25,Nicholson,NICH,2025-07-05T18:43:39Z,2025-07-05T18:10:00Z,ARR,bad,33.0
185,True,True,SUDBURY,WHITE RIVER,2025-07-05,26,Bolkow,BOLK,2025-07-05T19:03:46Z,2025-07-05T18:30:00Z,ARR,bad,33.0
185,True,True,SUDBURY,WHITE RIVER,2025-07-05,27,Dalton,DALT,2025-07-05T19:18:46Z,2025-07-05T18:45:00Z,ARR,bad,33.0
185,True,True,SUDBURY,WHITE RIVER,2025-07-05,28,Missanabie,MSBI,2025-07-05T19:52:29Z,2025-07-05T19:10:00Z,ARR,bad,42.0
185,True,True,SUDBURY,WHITE RIVER,2025-07-05,29,Lochalsh,LOCH,2025-07-05T20:12:29Z,2025-07-05T19:30:00Z,ARR,bad,42.0
185,True,True,SUDBURY,WHITE RIVER,2025-07-05,30,Franz,FRNZ,2025-07-05T20:28:51Z,2025-07-05T19:50:00Z,ARR,bad,38.0
185,True,True,SUDBURY,WHITE RIVER,2025-07-05,31,Swanson,SWAN,2025-07-05T20:45:54Z,2025-07-05T20:00:00Z,ARR,bad,45.0
185,True,True,SUDBURY,WHITE RIVER,2025-07-05,32,Girdwood,GIRD,2025-07-05T21:06:48Z,2025-07-05T20:25:00Z,ARR,bad,41.0
185,True,True,SUDBURY,WHITE RIVER,2025-07-05,33,Amyot,AMYO,2025-07-05T21:14:55Z,2025-07-05T20:35:00Z,ARR,bad,39.0
185,True,True,SUDBURY,WHITE RIVER,2025-07-05,34,O'Brien,OBRI,2025-07-05T21:28:26Z,2025-07-05T20:50:00Z,ARR,bad,38.0
185,True,True,SUDBURY,WHITE RIVER,2025-07-05,35,White River,WHTR,2025-07-05T21:41:45Z,2025-07-05T21:05:00Z,ARR,bad,36.0
76,True,True,WINDSOR,TORONTO,2025-07-05,0,Windsor,WDON,2025-07-05T17:47:34Z,2025-07-05T17:46:00Z,ARR,goo,1.0
76,True,True,WINDSOR,TORONTO,2025-07-05,1,Chatham,CHAT,2025-07-05T18:31:48Z,2025-07-05T18:28:00Z,ARR,goo,3.0
76,True,True,WINDSOR,TORONTO,2025-07-05,2,Glencoe,GLNC,2025-07-05T19:22:16Z,2025-07-05T19:03:00Z,ARR,bad,19.0
76,True,True,WINDSOR,TORONTO,2025-07-05,3,London,LNDN,2025-07-05T19:59:57Z,2025-07-05T19:38:00Z,ARR,bad,21.0
76,True,True,WINDSOR,TORONTO,2025-07-05,4,Brantford,BRTF,2025-07-05T21:01:47Z,2025-07-05T20:39:00Z,ARR,bad,22.0
76,True,True,WINDSOR,TORONTO,2025-07-05,5,Aldershot,ALDR,2025-07-05T21:33:28Z,2025-07-05T21:10:00Z,ARR,bad,23.0
76,True,True,WINDSOR,TORONTO,2025-07-05,6,Oakville,OAKV,2025-07-05T21:47:59Z,2025-07-05T21:27:00Z,ARR,bad,20.0
76,True,True,WINDSOR,TORONTO,2025-07-05,7,Toronto,TRTO,2025-07-05T22:16:13Z,2025-07-05T21:53:00Z,ARR,bad,23.0
26,True,True,OTTAWA,QUÉBEC,2025-07-05,0,Ottawa,OTTW,2025-07-05T18:17:42Z,2025-07-05T18:17:00Z,ARR,goo,0.0
26,True,True,OTTAWA,QUÉBEC,2025-07-05,1,Alexandria,ALEX,2025-07-05T19:06:41Z,2025-07-05T19:03:00Z,ARR,goo,3.0
26,True,True,OTTAWA,QUÉBEC,2025-07-05,2,Coteau,COTO,2025-07-05T19:35:43Z,2025-07-05T19:26:00Z,ARR,med,9.0
26,True,True,OTTAWA,QUÉBEC,2025-07-05,3,Dorval,DORV,2025-07-05T20:03:38Z,2025-07-05T19:49:00Z,ARR,med,14.0
26,True,True,OTTAWA,QUÉBEC,2025-07-05,4,Montréal,MTRL,2025-07-05T20:26:51Z,2025-07-05T20:15:00Z,ARR,med,11.0
26,True,True,OTTAWA,QUÉBEC,2025-07-05,5,St. Lambert,SLAM,2025-07-05T21:09:15Z,2025-07-05T20:53:00Z,ARR,bad,16.0
26,True,True,OTTAWA,QUÉBEC,2025-07-05,6,St. Hyacinthe,SHYA,2025-07-05T21:42:33Z,2025-07-05T21:20:00Z,ARR,bad,22.0
26,True,True,OTTAWA,QUÉBEC,2025-07-05,7,Drummondville,DRMV,2025-07-05T22:39:43Z,2025-07-05T22:05:00Z,ARR,bad,34.0
26,True,True,OTTAWA,QUÉBEC,2025-07-05,8,Charny,CHNY,2025-07-06T00:18:19Z,2025-07-05T23:44:00Z,ARR,bad,34.0
26,True,True,OTTAWA,QUÉBEC,2025-07-05,9,Ste-Foy,SFOY,2025-07-06T00:27:40Z,2025-07-05T23:52:00Z,ARR,bad,35.0
26,True,True,OTTAWA,QUÉBEC,2025-07-05,10,Québec,QBEC,2025-07-06T00:56:37Z,2025-07-06T00:19:00Z,ARR,bad,37.0
39,True,True,QUÉBEC,OTTAWA,2025-07-05,0,Québec,QBEC,2025-07-05T18:57:00Z,2025-07-05T18:57:00Z,ARR,goo,0.0
39,True,True,QUÉBEC,OTTAWA,2025-07-05,1,Ste-Foy,SFOY,2025-07-05T19:21:28Z,2025-07-05T19:22:00Z,ARR,goo,0.0
39,True,True,QUÉBEC,OTTAWA,2025-07-05,2,Drummondville,DRMV,2025-07-05T21:07:17Z,2025-07-05T20:58:00Z,ARR,med,9.0
39,True,True,QUÉBEC,OTTAWA,2025-07-05,3,St. Lambert,SLAM,2025-07-05T22:17:32Z,2025-07-05T21:57:00Z,ARR,bad,20.0
39,True,True,QUÉBEC,OTTAWA,2025-07-05,4,Montréal,MTRL,2025-07-05T22:35:15Z,2025-07-05T22:11:00Z,ARR,bad,24.0
39,True,True,QUÉBEC,OTTAWA,2025-07-05,5,Dorval,DORV,2025-07-05T23:19:20Z,2025-07-05T23:14:00Z,ARR,med,5.0
39,True,True,QUÉBEC,OTTAWA,2025-07-05,6,Coteau,COTO,2025-07-05T23:58:29Z,2025-07-05T23:43:00Z,ARR,bad,15.0
39,True,True,QUÉBEC,OTTAWA,2025-07-05,7,Alexandria,ALEX,2025-07-06T00:16:48Z,2025-07-06T00:06:00Z,ARR,med,10.0
39,True,True,QUÉBEC,OTTAWA,2025-07-05,8,Ottawa,OTTW,2025-07-06T01:01:14Z,2025-07-06T00:51:00Z,ARR,med,10.0
66,True,True,TORONTO,MONTRÉAL,2025-07-05,0,Toronto,TRTO,2025-07-05T19:23:37Z,2025-07-05T19:23:00Z,ARR,goo,0.0
66,True,True,TORONTO,MONTRÉAL,2025-07-05,1,Guildwood,GUIL,2025-07-05T19:46:15Z,2025-07-05T19:40:00Z,ARR,med,6.0
66,True,True,TORONTO,MONTRÉAL,2025-07-05,2,Oshawa,OSHA,2025-07-05T20:12:29Z,2025-07-05T19:54:00Z,ARR,bad,18.0
66,True,True,TORONTO,MONTRÉAL,2025-07-05,3,Belleville,BLVL,2025-07-05T21:27:21Z,2025-07-05T21:00:00Z,ARR,bad,27.0
66,True,True,TORONTO,MONTRÉAL,2025-07-05,4,Kingston,KGON,2025-07-05T22:11:31Z,2025-07-05T21:40:00Z,ARR,bad,31.0
66,True,True,TORONTO,MONTRÉAL,2025-07-05,5,Cornwall,CWLL,2025-07-05T23:46:11Z,2025-07-05T23:07:00Z,ARR,bad,39.0
66,True,True,TORONTO,MONTRÉAL,2025-07-05,6,Dorval,DORV,2025-07-06T00:38:18Z,2025-07-05T23:58:00Z,ARR,bad,40.0
66,True,True,TORONTO,MONTRÉAL,2025-07-05,7,Montréal,MTRL,2025-07-06T01:06:58Z,2025-07-06T00:25:00Z,ARR,bad,41.0
46,True,True,TORONTO,OTTAWA,2025-07-05,0,Toronto,TRTO,2025-07-05T19:38:47Z,2025-07-05T19:38:00Z,ARR,goo,0.0
46,True,True,TORONTO,OTTAWA,2025-07-05,1,Oshawa,OSHA,2025-07-05T20:21:51Z,2025-07-05T20:09:00Z,ARR,med,12.0
46,True,True,TORONTO,OTTAWA,2025-07-05,2,Cobourg,CBRG,2025-07-05T21:10:12Z,2025-07-05T20:43:00Z,ARR,bad,27.0
46,True,True,TORONTO,OTTAWA,2025-07-05,3,Kingston,KGON,2025-07-05T22:50:40Z,2025-07-05T21:54:00Z,ARR,bad,56.0
46,True,True,TORONTO,OTTAWA,2025-07-05,4,Brockville,BRKV,2025-07-05T23:50:54Z,2025-07-05T22:40:00Z,ARR,bad,70.0
46,True,True,TORONTO,OTTAWA,2025-07-05,5,Fallowfield,FALL,2025-07-06T00:49:23Z,2025-07-05T23:40:00Z,ARR,bad,69.0
46,True,True,TORONTO,OTTAWA,2025-07-05,6,Ottawa,OTTW,2025-07-06T01:14:07Z,2025-07-06T00:00:00Z,ARR,bad,74.0
28,True,True,OTTAWA,QUÉBEC,2025-07-05,0,Ottawa,OTTW,2025-07-05T20:05:00Z,2025-07-05T20:05:00Z,ARR,goo,0.0
28,True,True,OTTAWA,QUÉBEC,2025-07-05,1,Casselman,CSLM,2025-07-05T20:39:22Z,2025-07-05T20:31:00Z,ARR,med,8.0
28,True,True,OTTAWA,QUÉBEC,2025-07-05,2,Alexandria,ALEX,2025-07-05T21:04:52Z,2025-07-05T20:53:00Z,ARR,med,11.0
28,True,True,OTTAWA,QUÉBEC,2025-07-05,3,Coteau,COTO,2025-07-05T21:25:05Z,2025-07-05T21:15:00Z,ARR,med,10.0
28,True,True,OTTAWA,QUÉBEC,2025-07-05,4,Dorval,DORV,2025-07-05T21:56:24Z,2025-07-05T21:38:00Z,ARR,bad,18.0
28,True,True,OTTAWA,QUÉBEC,2025-07-05,5,Montréal,MTRL,2025-07-05T22:20:35Z,2025-07-05T22:04:00Z,ARR,bad,16.0
28,True,True,OTTAWA,QUÉBEC,2025-07-05,6,St. Lambert,SLAM,2025-07-05T22:44:14Z,2025-07-05T22:38:00Z,ARR,med,6.0
28,True,True,OTTAWA,QUÉBEC,2025-07-05,7,St. Hyacinthe,SHYA,2025-07-05T23:14:14Z,2025-07-05T23:06:00Z,ARR,med,8.0
28,True,True,OTTAWA,QUÉBEC,2025-07-05,8,Drummondville,DRMV,2025-07-06T00:06:07Z,2025-07-05T23:52:00Z,ARR,med,14.0
28,True,True,OTTAWA,QUÉBEC,2025-07-05,9,Charny,CHNY,2025-07-06T01:32:45Z,2025-07-06T01:14:00Z,ARR,bad,18.0
28,True,True,OTTAWA,QUÉBEC,2025-07-05,10,Ste-Foy,SFOY,2025-07-06T01:41:19Z,2025-07-06T01:21:00Z,ARR,bad,20.0
28,True,True,OTTAWA,QUÉBEC,2025-07-05,11,Québec,QBEC,2025-07-06T02:11:02Z,2025-07-06T01:48:00Z,ARR,bad,23.0
69,True,True,MONTRÉAL,TORONTO,2025-07-05,0,Montréal,MTRL,2025-07-05T20:38:00Z,2025-07-05T20:38:00Z,ARR,goo,0.0
69,True,True,MONTRÉAL,TORONTO,2025-07-05,1,Dorval,DORV,2025-07-05T21:00:33Z,2025-07-05T21:04:00Z,ARR,goo,-3.0
69,True,True,MONTRÉAL,TORONTO,2025-07-05,2,Cornwall,CWLL,2025-07-05T22:02:37Z,2025-07-05T21:53:00Z,ARR,med,9.0
69,True,True,MONTRÉAL,TORONTO,2025-07-05,3,Brockville,BRKV,2025-07-05T22:53:36Z,2025-07-05T22:40:00Z,ARR,med,13.0
69,True,True,MONTRÉAL,TORONTO,2025-07-05,4,Kingston,KGON,2025-07-05T23:45:45Z,2025-07-05T23:24:00Z,ARR,bad,21.0
69,True,True,MONTRÉAL,TORONTO,2025-07-05,5,Oshawa,OSHA,2025-07-06T01:44:18Z,2025-07-06T01:05:00Z,ARR,bad,39.0
69,True,True,MONTRÉAL,TORONTO,2025-07-05,6,Guildwood,GUIL,2025-07-06T02:15:19Z,2025-07-06T01:28:00Z,ARR,bad,47.0
69,True,True,MONTRÉAL,TORONTO,2025-07-05,7,Toronto,TRTO,2025-07-06T02:34:40Z,2025-07-06T01:48:00Z,ARR,bad,46.0
68,True,True,TORONTO,MONTRÉAL,2025-07-05,0,Toronto,TRTO,2025-07-05T21:08:48Z,2025-07-05T21:08:00Z,ARR,goo,0.0
68,True,True,TORONTO,MONTRÉAL,2025-07-05,1,Oshawa,OSHA,2025-07-05T21:44:10Z,2025-07-05T21:39:00Z,ARR,med,5.0
68,True,True,TORONTO,MONTRÉAL,2025-07-05,2,Cobourg,CBRG,2025-07-05T22:27:14Z,2025-07-05T22:14:00Z,ARR,med,13.0
68,True,True,TORONTO,MONTRÉAL,2025-07-05,3,Belleville,BLVL,2025-07-05T23:01:32Z,2025-07-05T22:49:00Z,ARR,med,12.0
68,True,True,TORONTO,MONTRÉAL,2025-07-05,4,Kingston,KGON,2025-07-05T23:41:45Z,2025-07-05T23:26:00Z,ARR,bad,15.0
68,True,True,TORONTO,MONTRÉAL,2025-07-05,5,Brockville,BRKV,2025-07-06T00:30:10Z,2025-07-06T00:11:00Z,ARR,bad,19.0
68,True,True,TORONTO,MONTRÉAL,2025-07-05,6,Cornwall,CWLL,2025-07-06T01:18:41Z,2025-07-06T00:57:00Z,ARR,bad,21.0
68,True,True,TORONTO,MONTRÉAL,2025-07-05,7,Dorval,DORV,2025-07-06T02:05:11Z,2025-07-06T01:47:00Z,ARR,bad,18.0
68,True,True,TORONTO,MONTRÉAL,2025-07-05,8,Montréal,MTRL,2025-07-06T02:29:11Z,2025-07-06T02:14:00Z,ARR,bad,15.0
54,True,True,TORONTO,OTTAWA,2025-07-05,0,Toronto,TRTO,2025-07-05T21:38:00Z,2025-07-05T21:38:00Z,ARR,goo,0.0
54,True,True,TORONTO,OTTAWA,2025-07-05,1,Guildwood,GUIL,2025-07-05T22:00:31Z,2025-07-05T21:55:00Z,ARR,med,5.0
54,True,True,TORONTO,OTTAWA,2025-07-05,2,Oshawa,OSHA,2025-07-05T22:27:16Z,2025-07-05T22:08:00Z,ARR,bad,19.0
54,True,True,TORONTO,OTTAWA,2025-07-05,3,Port Hope,PHOP,2025-07-05T23:02:29Z,2025-07-05T22:37:00Z,ARR,bad,25.0
54,True,True,TORONTO,OTTAWA,2025-07-05,4,Cobourg,CBRG,2025-07-05T23:11:02Z,2025-07-05T22:46:00Z,ARR,bad,25.0
54,True,True,TORONTO,OTTAWA,2025-07-05,5,Trenton Jct.,TRNJ,2025-07-05T23:43:31Z,2025-07-05T23:13:01Z,ARR,bad,30.0
54,True,True,TORONTO,OTTAWA,2025-07-05,6,Belleville,BLVL,2025-07-05T23:59:01Z,2025-07-05T23:27:00Z,ARR,bad,32.0
54,True,True,TORONTO,OTTAWA,2025-07-05,7,Napanee,NAPN,2025-07-06T00:25:25Z,2025-07-05T23:48:00Z,ARR,bad,37.0
54,True,True,TORONTO,OTTAWA,2025-07-05,8,Kingston,KGON,2025-07-06T00:51:51Z,2025-07-06T00:09:00Z,ARR,bad,42.0
54,True,True,TORONTO,OTTAWA,2025-07-05,9,Brockville,BRKV,2025-07-06T01:46:34Z,2025-07-06T00:54:00Z,ARR,bad,52.0
54,True,True,TORONTO,OTTAWA,2025-07-05,10,Smiths Falls,SMTF,2025-07-06T02:16:25Z,2025-07-06T01:25:00Z,ARR,bad,51.0
54,True,True,TORONTO,OTTAWA,2025-07-05,11,Fallowfield,FALL,2025-07-06T02:43:20Z,2025-07-06T01:52:00Z,ARR,bad,51.0
54,True,True,TORONTO,OTTAWA,2025-07-05,12,Ottawa,OTTW,2025-07-06T03:03:33Z,2025-07-06T02:13:00Z,ARR,bad,50.0
75,True,True,TORONTO,WINDSOR,2025-07-05,0,Toronto,TRTO,2025-07-05T21:22:00Z,2025-07-05T21:22:00Z,ARR,goo,0.0
75,True,True,TORONTO,WINDSOR,2025-07-05,1,Oakville,OAKV,2025-07-05T21:49:24Z,2025-07-05T21:45:00Z,ARR,goo,4.0
75,True,True,TORONTO,WINDSOR,2025-07-05,2,Aldershot,ALDR,2025-07-05T22:08:43Z,2025-07-05T22:01:00Z,ARR,med,7.0
75,True,True,TORONTO,WINDSOR,2025-07-05,3,Brantford,BRTF,2025-07-05T22:40:21Z,2025-07-05T22:33:00Z,ARR,med,7.0
75,True,True,TORONTO,WINDSOR,2025-07-05,4,Woodstock,WDST,2025-07-05T23:09:09Z,2025-07-05T23:04:00Z,ARR,med,5.0
75,True,True,TORONTO,WINDSOR,2025-07-05,5,Ingersoll,INGR,2025-07-05T23:21:40Z,2025-07-05T23:19:00Z,ARR,goo,2.0
75,True,True,TORONTO,WINDSOR,2025-07-05,6,London,LNDN,2025-07-05T23:45:31Z,2025-07-05T23:47:00Z,ARR,goo,-1.0
75,True,True,TORONTO,WINDSOR,2025-07-05,7,Glencoe,GLNC,2025-07-06T00:33:37Z,2025-07-06T00:21:00Z,ARR,med,12.0
75,True,True,TORONTO,WINDSOR,2025-07-05,8,Chatham,CHAT,2025-07-06T01:25:47Z,2025-07-06T00:55:00Z,ARR,bad,30.0
75,True,True,TORONTO,WINDSOR,2025-07-05,9,Windsor,WDON,2025-07-06T02:09:31Z,2025-07-06T01:50:00Z,ARR,bad,19.0
98,True,True,NIAGARA FALLS,TORONTO,2025-07-05,0,Niagara Falls,NIAG,2025-07-05T22:20:00Z,2025-07-05T21:45:00Z,ARR,bad,35.0
98,True,True,NIAGARA FALLS,TORONTO,2025-07-05,1,St. Catharines,SCAT,2025-07-05T23:01:00Z,2025-07-05T22:06:00Z,ARR,bad,55.0
98,True,True,NIAGARA FALLS,TORONTO,2025-07-05,2,Grimsby,GRIM,2025-07-05T23:20:00Z,2025-07-05T22:26:00Z,ARR,bad,54.0
98,True,True,NIAGARA FALLS,TORONTO,2025-07-05,3,Aldershot,ALDR,2025-07-06T00:00:00Z,2025-07-05T23:02:00Z,ARR,bad,58.0
98,True,True,NIAGARA FALLS,TORONTO,2025-07-05,4,Oakville,OAKV,2025-07-06T00:13:00Z,2025-07-05T23:16:00Z,ARR,bad,57.0
98,True,True,NIAGARA FALLS,TORONTO,2025-07-05,5,Toronto,TRTO,2025-07-06T00:41:00Z,2025-07-05T23:43:00Z,ARR,bad,58.0
87,True,True,TORONTO,SARNIA,2025-07-05,0,Toronto,TRTO,2025-07-05T21:40:00Z,2025-07-05T21:40:00Z,ARR,goo,0.0
87,True,True,TORONTO,SARNIA,2025-07-05,1,Malton,MALT,2025-07-05T21:59:42Z,2025-07-05T22:00:00Z,ARR,goo,0.0
87,True,True,TORONTO,SARNIA,2025-07-05,2,Brampton,BRMP,2025-07-05T22:12:28Z,2025-07-05T22:12:00Z,ARR,goo,0.0
87,True,True,TORONTO,SARNIA,2025-07-05,3,Georgetown,GEOR,2025-07-05T22:27:55Z,2025-07-05T22:24:00Z,ARR,goo,3.0
87,True,True,TORONTO,SARNIA,2025-07-05,4,Guelph,GUEL,2025-07-05T22:50:47Z,2025-07-05T22:49:00Z,ARR,goo,1.0
87,True,True,TORONTO,SARNIA,2025-07-05,5,Kitchener,KITC,2025-07-05T23:14:44Z,2025-07-05T23:16:00Z,ARR,goo,-1.0
87,True,True,TORONTO,SARNIA,2025-07-05,6,Stratford,STRF,2025-07-06T00:05:47Z,2025-07-05T23:57:00Z,ARR,med,8.0
87,True,True,TORONTO,SARNIA,2025-07-05,7,St.Marys,SMYS,2025-07-06T00:36:58Z,2025-07-06T00:25:00Z,ARR,med,11.0
87,True,True,TORONTO,SARNIA,2025-07-05,8,London,LNDN,2025-07-06T01:30:22Z,2025-07-06T01:13:00Z,ARR,bad,17.0
87,True,True,TORONTO,SARNIA,2025-07-05,9,Strathroy,STRR,2025-07-06T01:57:40Z,2025-07-06T01:39:00Z,ARR,bad,18.0
87,True,True,TORONTO,SARNIA,2025-07-05,10,Wyoming,WYOM,2025-07-06T02:43:14Z,2025-07-06T02:07:00Z,ARR,bad,36.0
87,True,True,TORONTO,SARNIA,2025-07-05,11,Sarnia,SARN,2025-07-06T03:01:03Z,2025-07-06T02:24:00Z,ARR,bad,37.0
29,True,True,QUÉBEC,MONTRÉAL,2025-07-05,0,Québec,QBEC,2025-07-05T21:41:00Z,2025-07-05T21:41:00Z,ARR,goo,0.0
29,True,True,QUÉBEC,MONTRÉAL,2025-07-05,1,Ste-Foy,SFOY,2025-07-05T22:07:28Z,2025-07-05T22:06:00Z,ARR,goo,1.0
29,True,True,QUÉBEC,MONTRÉAL,2025-07-05,2,Drummondville,DRMV,2025-07-05T23:41:25Z,2025-07-05T23:42:00Z,ARR,goo,0.0
29,True,True,QUÉBEC,MONTRÉAL,2025-07-05,3,St. Hyacinthe,SHYA,2025-07-06T00:25:22Z,2025-07-06T00:18:00Z,ARR,med,7.0
29,True,True,QUÉBEC,MONTRÉAL,2025-07-05,4,St. Lambert,SLAM,2025-07-06T01:00:32Z,2025-07-06T00:45:00Z,ARR,bad,15.0
29,True,True,QUÉBEC,MONTRÉAL,2025-07-05,5,Montréal,MTRL,2025-07-06T01:15:26Z,2025-07-06T01:00:00Z,ARR,bad,15.0
59,True,True,OTTAWA,TORONTO,2025-07-05,0,Ottawa,OTTW,2025-07-05T22:03:00Z,2025-07-05T22:03:00Z,ARR,goo,0.0
59,True,True,OTTAWA,TORONTO,2025-07-05,1,Fallowfield,FALL,2025-07-05T22:21:50Z,2025-07-05T22:20:00Z,ARR,goo,1.0
59,True,True,OTTAWA,TORONTO,2025-07-05,2,Smiths Falls,SMTF,2025-07-05T22:55:43Z,2025-07-05T22:51:00Z,ARR,goo,4.0
59,True,True,OTTAWA,TORONTO,2025-07-05,3,Brockville,BRKV,2025-07-05T23:37:10Z,2025-07-05T23:25:00Z,ARR,med,12.0
59,True,True,OTTAWA,TORONTO,2025-07-05,4,Kingston,KGON,2025-07-06T00:24:36Z,2025-07-06T00:10:00Z,ARR,med,14.0
59,True,True,OTTAWA,TORONTO,2025-07-05,5,Belleville,BLVL,2025-07-06T01:11:15Z,2025-07-06T00:51:00Z,ARR,bad,20.0
59,True,True,OTTAWA,TORONTO,2025-07-05,6,Trenton Jct.,TRNJ,2025-07-06T01:25:08Z,2025-07-06T01:05:00Z,ARR,bad,20.0
59,True,True,OTTAWA,TORONTO,2025-07-05,7,Cobourg,CBRG,2025-07-06T01:57:28Z,2025-07-06T01:31:00Z,ARR,bad,26.0
59,True,True,OTTAWA,TORONTO,2025-07-05,8,Oshawa,OSHA,2025-07-06T02:38:30Z,2025-07-06T02:05:00Z,ARR,bad,33.0
59,True,True,OTTAWA,TORONTO,2025-07-05,9,Guildwood,GUIL,2025-07-06T03:00:04Z,2025-07-06T02:28:00Z,ARR,bad,32.0
59,True,True,OTTAWA,TORONTO,2025-07-05,10,Toronto,TRTO,2025-07-06T03:18:50Z,2025-07-06T02:48:00Z,ARR,bad,30.0
78,True,True,WINDSOR,TORONTO,2025-07-05,0,Windsor,WDON,2025-07-05T21:40:00Z,2025-07-05T21:40:00Z,ARR,goo,0.0
78,True,True,WINDSOR,TORONTO,2025-07-05,1,Chatham,CHAT,2025-07-05T22:22:56Z,2025-07-05T22:24:00Z,ARR,goo,-1.0
78,True,True,WINDSOR,TORONTO,2025-07-05,2,Glencoe,GLNC,2025-07-05T23:07:51Z,2025-07-05T22:59:00Z,ARR,med,8.0
78,True,True,WINDSOR,TORONTO,2025-07-05,3,London,LNDN,2025-07-05T23:44:29Z,2025-07-05T23:32:00Z,ARR,med,12.0
78,True,True,WINDSOR,TORONTO,2025-07-05,4,Ingersoll,INGR,2025-07-06T00:08:47Z,2025-07-05T23:57:00Z,ARR,med,11.0
78,True,True,WINDSOR,TORONTO,2025-07-05,5,Woodstock,WDST,2025-07-06T00:19:12Z,2025-07-06T00:08:00Z,ARR,med,11.0
78,True,True,WINDSOR,TORONTO,2025-07-05,6,Brantford,BRTF,2025-07-06T00:48:16Z,2025-07-06T00:39:00Z,ARR,med,9.0
78,True,True,WINDSOR,TORONTO,2025-07-05,7,Aldershot,ALDR,2025-07-06T01:20:27Z,2025-07-06T01:09:00Z,ARR,med,11.0
78,True,True,WINDSOR,TORONTO,2025-07-05,8,Oakville,OAKV,2025-07-06T01:36:38Z,2025-07-06T01:24:00Z,ARR,med,12.0
78,True,True,WINDSOR,TORONTO,2025-07-05,9,Toronto,TRTO,2025-07-06T02:01:59Z,2025-07-06T01:50:00Z,ARR,med,11.0
38,True,True,OTTAWA,MONTRÉAL,2025-07-05,0,Ottawa,OTTW,2025-07-05T21:55:00Z,2025-07-05T21:55:00Z,ARR,goo,0.0
38,True,True,OTTAWA,MONTRÉAL,2025-07-05,1,Casselman,CSLM,2025-07-05T22:20:03Z,2025-07-05T22:26:00Z,ARR,goo,-5.0
38,True,True,OTTAWA,MONTRÉAL,2025-07-05,2,Alexandria,ALEX,2025-07-05T22:58:58Z,2025-07-05T22:49:00Z,ARR,med,9.0
38,True,True,OTTAWA,MONTRÉAL,2025-07-05,3,Dorval,DORV,2025-07-05T23:47:36Z,2025-07-05T23:33:00Z,ARR,med,14.0
38,True,True,OTTAWA,MONTRÉAL,2025-07-05,4,Montréal,MTRL,2025-07-06T00:10:54Z,2025-07-05T23:57:00Z,ARR,med,13.0
79,True,False,TORONTO,WINDSOR,2025-07-05,0,Toronto,TRTO,2025-07-05T23:45:00Z,2025-07-05T23:45:00Z,ARR,goo,0.0
79,True,False,TORONTO,WINDSOR,2025-07-05,1,Oakville,OAKV,2025-07-06T00:06:57Z,2025-07-06T00:07:00Z,ARR,goo,0.0
79,True,False,TORONTO,WINDSOR,2025-07-05,2,Aldershot,ALDR,2025-07-06T00:29:21Z,2025-07-06T00:22:00Z,ARR,med,7.0
79,True,False,TORONTO,WINDSOR,2025-07-05,3,Brantford,BRTF,2025-07-06T01:00:37Z,2025-07-06T00:50:00Z,ARR,med,10.0
79,True,False,TORONTO,WINDSOR,2025-07-05,4,Woodstock,WDST,2025-07-06T01:28:50Z,2025-07-06T01:17:00Z,ARR,med,11.0
79,True,False,TORONTO,WINDSOR,2025-07-05,5,Ingersoll,INGR,2025-07-06T01:42:45Z,2025-07-06T01:30:00Z,ARR,med,12.0
79,True,False,TORONTO,WINDSOR,2025-07-05,6,London,LNDN,2025-07-06T02:11:27Z,2025-07-06T01:52:00Z,ARR,bad,19.0
79,True,False,TORONTO,WINDSOR,2025-07-05,7,Glencoe,GLNC,2025-07-06T02:49:40Z,2025-07-06T02:25:00Z,ARR,bad,24.0
79,True,False,TORONTO,WINDSOR,2025-07-05,8,Chatham,CHAT,2025-07-06T03:28:38Z,2025-07-06T02:57:00Z,4 mins,bad,31.0
79,True,False,TORONTO,WINDSOR,2025-07-05,9,Windsor,WDON,2025-07-06T04:15:38Z,2025-07-06T03:44:00Z,51 mins,bad,31.0
