train_id,departed,arrived,from,to,instance,stop_id,station,code,estimated,scheduled,eta,diff,diffMin
1 (04-16),True,False,TORONTO,VANCOUVER,2025-04-16,0,Toronto,TRTO,2025-04-16T13:55:00Z,2025-04-16T13:55:00Z,ARR,goo,0.0
1 (04-16),True,False,TORONTO,VANCOUVER,2025-04-16,1,Washago,WSHG,2025-04-16T16:52:26Z,2025-04-16T16:25:00Z,ARR,bad,27.0
1 (04-16),True,False,TORONTO,VANCOUVER,2025-04-16,2,South Parry,SPAR,2025-04-16T18:35:52Z,2025-04-16T18:27:00Z,ARR,med,8.0
1 (04-16),True,False,TORONTO,VANCOUVER,2025-04-16,3,Sudbury (Jct.),SUDJ,2025-04-16T21:33:34Z,2025-04-16T20:57:00Z,ARR,bad,36.0
1 (04-16),True,False,TORONTO,VANCOUVER,2025-04-16,4,Capreol,CAPR,2025-04-16T22:07:24Z,2025-04-16T21:22:00Z,ARR,bad,45.0
1 (04-16),True,False,TORONTO,VANCOUVER,2025-04-16,5,Laforest,LAFO,2025-04-16T23:21:07Z,2025-04-16T22:48:00Z,ARR,bad,33.0
1 (04-16),True,False,TORONTO,VANCOUVER,2025-04-16,6,McKee's Camp,MCKC,2025-04-16T23:34:07Z,2025-04-16T23:01:00Z,ARR,bad,33.0
1 (04-16),True,False,TORONTO,VANCOUVER,2025-04-16,7,Felix,FELX,2025-04-16T23:54:07Z,2025-04-16T23:21:00Z,ARR,bad,33.0
1 (04-16),True,False,TORONTO,VANCOUVER,2025-04-16,8,Ruel,RUEL,2025-04-17T00:01:07Z,2025-04-16T23:28:00Z,ARR,bad,33.0
1 (04-16),True,False,TORONTO,VANCOUVER,2025-04-16,9,Westree,WSTR,2025-04-17T00:29:45Z,2025-04-16T23:45:00Z,ARR,bad,44.0
1 (04-16),True,False,TORONTO,VANCOUVER,2025-04-16,10,Gogama,GOGA,2025-04-17T00:58:22Z,2025-04-17T00:18:00Z,ARR,bad,40.0
1 (04-16),True,False,TORONTO,VANCOUVER,2025-04-16,11,Foleyet,FOLE,2025-04-17T03:27:31Z,2025-04-17T02:44:00Z,ARR,bad,43.0
1 (04-16),True,False,TORONTO,VANCOUVER,2025-04-16,12,Elsas,ELSA,2025-04-17T04:22:02Z,2025-04-17T03:38:00Z,ARR,bad,44.0
1 (04-16),True,False,TORONTO,VANCOUVER,2025-04-16,13,Oba,OBAX,2025-04-17T06:22:02Z,2025-04-17T05:38:00Z,ARR,bad,44.0
1 (04-16),True,False,TORONTO,VANCOUVER,2025-04-16,14,Hornepayne,HNPN,2025-04-17T06:41:58Z,2025-04-17T06:29:00Z,ARR,med,12.0
1 (04-16),True,False,TORONTO,VANCOUVER,2025-04-16,15,Hillsport,HLSP,2025-04-17T08:13:30Z,2025-04-17T08:05:00Z,ARR,med,8.0
1 (04-16),True,False,TORONTO,VANCOUVER,2025-04-16,16,Caramat,CARA,2025-04-17T09:43:45Z,2025-04-17T08:55:00Z,ARR,bad,48.0
1 (04-16),True,False,TORONTO,VANCOUVER,2025-04-16,17,Longlac,LLAC,2025-04-17T10:35:06Z,2025-04-17T09:34:00Z,ARR,bad,61.0
1 (04-16),True,False,TORONTO,VANCOUVER,2025-04-16,18,Nakina,NAKI,2025-04-17T11:12:36Z,2025-04-17T10:13:00Z,ARR,bad,59.0
1 (04-16),True,False,TORONTO,VANCOUVER,2025-04-16,19,Auden,AUDN,2025-04-17T12:42:44Z,2025-04-17T11:19:00Z,ARR,bad,83.0
1 (04-16),True,False,TORONTO,VANCOUVER,2025-04-16,20,Ferland,FERL,2025-04-17T13:19:44Z,2025-04-17T11:56:00Z,ARR,bad,83.0
1 (04-16),True,False,TORONTO,VANCOUVER,2025-04-16,21,Mud River,MUDR,2025-04-17T13:28:44Z,2025-04-17T12:05:00Z,ARR,bad,83.0
1 (04-16),True,False,TORONTO,VANCOUVER,2025-04-16,22,Armstrong,ARMG,2025-04-17T14:20:51Z,2025-04-17T13:17:00Z,ARR,bad,63.0
1 (04-16),True,False,TORONTO,VANCOUVER,2025-04-16,23,Collins,COLL,2025-04-17T14:54:15Z,2025-04-17T13:47:00Z,ARR,bad,67.0
1 (04-16),True,False,TORONTO,VANCOUVER,2025-04-16,24,Allanwater Bridge,ALWB,2025-04-17T15:33:15Z,2025-04-17T14:26:00Z,ARR,bad,67.0
1 (04-16),True,False,TORONTO,VANCOUVER,2025-04-16,25,Flindt Landing,FLTL,2025-04-17T15:49:15Z,2025-04-17T14:42:00Z,ARR,bad,67.0
1 (04-16),True,False,TORONTO,VANCOUVER,2025-04-16,26,Savant Lake,SAVL,2025-04-17T16:06:15Z,2025-04-17T14:59:00Z,ARR,bad,67.0
1 (04-16),True,False,TORONTO,VANCOUVER,2025-04-16,27,Sioux Lookout,SLKT,2025-04-17T17:48:12Z,2025-04-17T16:25:00Z,ARR,bad,83.0
1 (04-16),True,False,TORONTO,VANCOUVER,2025-04-16,28,Richan,RCHN,2025-04-17T20:24:46Z,2025-04-17T18:05:00Z,ARR,bad,139.0
1 (04-16),True,False,TORONTO,VANCOUVER,2025-04-16,29,Red Lake Road,RLRX,2025-04-17T20:55:51Z,2025-04-17T18:41:00Z,ARR,bad,134.0
1 (04-16),True,False,TORONTO,VANCOUVER,2025-04-16,30,Canyon,CNYK,2025-04-17T21:23:48Z,2025-04-17T19:10:00Z,ARR,bad,133.0
1 (04-16),True,False,TORONTO,VANCOUVER,2025-04-16,31,Farlane,FARL,2025-04-17T21:55:54Z,2025-04-17T19:47:00Z,ARR,bad,128.0
1 (04-16),True,False,TORONTO,VANCOUVER,2025-04-16,32,Redditt,RDDT,2025-04-17T22:10:04Z,2025-04-17T20:23:00Z,ARR,bad,107.0
1 (04-16),True,False,TORONTO,VANCOUVER,2025-04-16,33,Minaki,MNKI,2025-04-17T22:33:08Z,2025-04-17T20:44:00Z,ARR,bad,109.0
1 (04-16),True,False,TORONTO,VANCOUVER,2025-04-16,34,Ottermere,OTTM,2025-04-17T22:48:19Z,2025-04-17T21:01:00Z,ARR,bad,107.0
1 (04-16),True,False,TORONTO,VANCOUVER,2025-04-16,35,Malachi,MLCH,2025-04-17T22:55:56Z,2025-04-17T21:07:00Z,ARR,bad,108.0
1 (04-16),True,False,TORONTO,VANCOUVER,2025-04-16,36,Copelands Landing,COPE,2025-04-17T22:56:03Z,2025-04-17T21:09:00Z,ARR,bad,107.0
1 (04-16),True,False,TORONTO,VANCOUVER,2025-04-16,37,Rice Lake,RCLK,2025-04-17T23:05:16Z,2025-04-17T21:12:00Z,ARR,bad,113.0
1 (04-16),True,False,TORONTO,VANCOUVER,2025-04-16,38,Winnitoba,WNTB,2025-04-17T23:15:18Z,2025-04-17T21:26:00Z,ARR,bad,109.0
1 (04-16),True,False,TORONTO,VANCOUVER,2025-04-16,39,Ophir,OPHR,2025-04-17T23:13:17Z,2025-04-17T21:31:00Z,ARR,bad,102.0
1 (04-16),True,False,TORONTO,VANCOUVER,2025-04-16,40,Brereton Lake,BRTL,2025-04-17T23:26:52Z,2025-04-17T21:49:00Z,ARR,bad,97.0
1 (04-16),True,False,TORONTO,VANCOUVER,2025-04-16,41,Elma,ELMA,2025-04-18T01:49:54Z,2025-04-17T22:10:00Z,ARR,bad,219.0
1 (04-16),True,False,TORONTO,VANCOUVER,2025-04-16,42,Winnipeg,WNPG,2025-04-18T03:20:58Z,2025-04-18T00:30:00Z,ARR,bad,170.0
1 (04-16),True,False,TORONTO,VANCOUVER,2025-04-16,43,Portage La Prairie,PLPX,2025-04-18T07:15:52Z,2025-04-18T04:04:00Z,ARR,bad,191.0
1 (04-16),True,False,TORONTO,VANCOUVER,2025-04-16,44,Rivers,RVRS,2025-04-18T09:14:27Z,2025-04-18T06:31:00Z,ARR,bad,163.0
1 (04-16),True,False,TORONTO,VANCOUVER,2025-04-16,45,Melville,MELV,2025-04-18T13:09:54Z,2025-04-18T10:54:00Z,ARR,bad,135.0
1 (04-16),True,False,TORONTO,VANCOUVER,2025-04-16,46,Watrous,WATR,2025-04-18T16:33:32Z,2025-04-18T13:54:00Z,ARR,bad,159.0
1 (04-16),True,False,TORONTO,VANCOUVER,2025-04-16,47,Saskatoon,SASK,2025-04-18T17:55:29Z,2025-04-18T15:50:00Z,ARR,bad,125.0
1 (04-16),True,False,TORONTO,VANCOUVER,2025-04-16,48,Biggar,BIGG,2025-04-18T20:08:18Z,2025-04-18T18:29:00Z,ARR,bad,99.0
1 (04-16),True,False,TORONTO,VANCOUVER,2025-04-16,49,Unity,UNIT,2025-04-18T22:10:46Z,2025-04-18T19:44:00Z,ARR,bad,146.0
1 (04-16),True,False,TORONTO,VANCOUVER,2025-04-16,50,Wainwright,WAIN,2025-04-18T23:43:46Z,2025-04-18T22:33:00Z,ARR,bad,70.0
1 (04-16),True,False,TORONTO,VANCOUVER,2025-04-16,51,Viking,VKNG,2025-04-19T01:15:33Z,2025-04-18T23:26:00Z,ARR,bad,109.0
1 (04-16),True,False,TORONTO,VANCOUVER,2025-04-16,52,Edmonton,EDMO,2025-04-19T03:52:38Z,2025-04-19T02:50:00Z,ARR,bad,62.0
1 (04-16),True,False,TORONTO,VANCOUVER,2025-04-16,53,Evansburg,EVAN,2025-04-19T08:10:10Z,2025-04-19T07:29:00Z,ARR,bad,41.0
1 (04-16),True,False,TORONTO,VANCOUVER,2025-04-16,54,Edson,EDSN,2025-04-19T10:13:27Z,2025-04-19T08:52:00Z,ARR,bad,81.0
1 (04-16),True,False,TORONTO,VANCOUVER,2025-04-16,55,Hinton,HINT,2025-04-19T12:15:00Z,2025-04-19T09:58:00Z,ARR,bad,137.0
1 (04-16),True,False,TORONTO,VANCOUVER,2025-04-16,56,Jasper,JASP,2025-04-19T13:30:43Z,2025-04-19T12:30:00Z,ARR,bad,60.0
1 (04-16),True,False,TORONTO,VANCOUVER,2025-04-16,57,Valemount,VLMT,2025-04-19T18:32:34Z,2025-04-19T17:50:00Z,ARR,bad,42.0
1 (04-16),True,False,TORONTO,VANCOUVER,2025-04-16,58,Blue River,BLUE,2025-04-19T21:12:08Z,2025-04-19T20:36:00Z,ARR,bad,36.0
1 (04-16),True,False,TORONTO,VANCOUVER,2025-04-16,59,Clearwater,CLWT,2025-04-19T23:06:31Z,2025-04-19T22:45:00Z,ARR,bad,21.0
1 (04-16),True,False,TORONTO,VANCOUVER,2025-04-16,60,Kamloops North,KAMN,2025-04-20T01:21:19Z,2025-04-20T01:28:00Z,ARR,goo,-6.0
1 (04-16),True,False,TORONTO,VANCOUVER,2025-04-16,61,Ashcroft,ASHN,2025-04-20T03:29:46Z,2025-04-20T03:49:00Z,ARR,goo,-19.0
1 (04-16),True,False,TORONTO,VANCOUVER,2025-04-16,62,Boston Bar,BBAR,2025-04-20T06:21:01Z,2025-04-20T06:36:00Z,2h24,goo,-14.0
1 (04-16),True,False,TORONTO,VANCOUVER,2025-04-16,63,Hope,HOPE,2025-04-20T08:06:00Z,2025-04-20T08:06:00Z,4h09,goo,0.0
1 (04-16),True,False,TORONTO,VANCOUVER,2025-04-16,64,Chilliwack,CHIL,&mdash;,2025-04-20T08:30:00Z,&mdash;,,
1 (04-16),True,False,TORONTO,VANCOUVER,2025-04-16,65,Abbotsford,ABBO,&mdash;,2025-04-20T09:00:00Z,&mdash;,,
1 (04-16),True,False,TORONTO,VANCOUVER,2025-04-16,66,Vancouver,VCVR,&mdash;,2025-04-20T15:00:00Z,&mdash;,,
692 (04-17),True,True,CHURCHILL,WINNIPEG,2025-04-17,0,Churchill,CHUR,2025-04-18T01:30:00Z,2025-04-18T01:30:00Z,ARR,goo,0.0
692 (04-17),True,True,CHURCHILL,WINNIPEG,2025-04-17,1,Tidal,TIDL,2025-04-18T01:53:38Z,2025-04-18T01:52:00Z,ARR,goo,1.0
692 (04-17),True,True,CHURCHILL,WINNIPEG,2025-04-17,2,Chesnaye,CHES,2025-04-18T02:47:24Z,2025-04-18T02:38:00Z,ARR,med,9.0
692 (04-17),True,True,CHURCHILL,WINNIPEG,2025-04-17,3,M'Clintock,MCLI,2025-04-18T04:03:24Z,2025-04-18T03:54:00Z,ARR,med,9.0
692 (04-17),True,True,CHURCHILL,WINNIPEG,2025-04-17,4,O'Day,ODAY,2025-04-18T04:48:24Z,2025-04-18T04:39:00Z,ARR,med,9.0
692 (04-17),True,True,CHURCHILL,WINNIPEG,2025-04-17,5,Herchmer,HERC,2025-04-18T05:09:05Z,2025-04-18T05:18:00Z,ARR,goo,-8.0
692 (04-17),True,True,CHURCHILL,WINNIPEG,2025-04-17,6,Thibaudeau,THIB,2025-04-18T06:44:00Z,2025-04-18T06:44:00Z,ARR,goo,0.0
692 (04-17),True,True,CHURCHILL,WINNIPEG,2025-04-17,7,Weir River,WEIR,2025-04-18T07:07:58Z,2025-04-18T07:46:00Z,ARR,goo,-38.0
692 (04-17),True,True,CHURCHILL,WINNIPEG,2025-04-17,8,Amery,AMRY,2025-04-18T07:43:29Z,2025-04-18T08:37:00Z,ARR,goo,-53.0
692 (04-17),True,True,CHURCHILL,WINNIPEG,2025-04-17,9,Bird,BIRD,2025-04-18T08:33:51Z,2025-04-18T09:00:00Z,ARR,goo,-26.0
692 (04-17),True,True,CHURCHILL,WINNIPEG,2025-04-17,10,Gillam,GILL,2025-04-18T09:16:55Z,2025-04-18T10:00:00Z,ARR,goo,-43.0
692 (04-17),True,True,CHURCHILL,WINNIPEG,2025-04-17,11,Wivenhoe,WVHO,2025-04-18T11:16:49Z,2025-04-18T11:16:00Z,ARR,goo,0.0
692 (04-17),True,True,CHURCHILL,WINNIPEG,2025-04-17,12,Ilford,ILFO,2025-04-18T12:04:26Z,2025-04-18T11:53:00Z,ARR,med,11.0
692 (04-17),True,True,CHURCHILL,WINNIPEG,2025-04-17,13,Pit Siding,PITS,2025-04-18T13:16:45Z,2025-04-18T12:54:00Z,ARR,bad,22.0
692 (04-17),True,True,CHURCHILL,WINNIPEG,2025-04-17,14,Bridgar,BRGR,2025-04-18T14:38:45Z,2025-04-18T14:16:00Z,ARR,bad,22.0
692 (04-17),True,True,CHURCHILL,WINNIPEG,2025-04-17,15,Pikwitonei,PIKW,2025-04-18T14:49:45Z,2025-04-18T14:27:00Z,ARR,bad,22.0
692 (04-17),True,True,CHURCHILL,WINNIPEG,2025-04-17,16,Sipiwesk,SIPI,2025-04-18T15:16:45Z,2025-04-18T14:54:00Z,ARR,bad,22.0
692 (04-17),True,True,CHURCHILL,WINNIPEG,2025-04-17,17,Thompson,THOM,2025-04-18T18:35:19Z,2025-04-18T16:30:00Z,ARR,bad,125.0
692 (04-17),True,True,CHURCHILL,WINNIPEG,2025-04-17,18,Leven,LEVN,2025-04-18T20:58:53Z,2025-04-18T21:05:00Z,ARR,goo,-6.0
692 (04-17),True,True,CHURCHILL,WINNIPEG,2025-04-17,19,Thicket Portage,THKP,2025-04-18T21:24:38Z,2025-04-18T21:22:00Z,ARR,goo,2.0
692 (04-17),True,True,CHURCHILL,WINNIPEG,2025-04-17,20,Hockin,HOCK,2025-04-18T21:39:38Z,2025-04-18T21:37:00Z,ARR,goo,2.0
692 (04-17),True,True,CHURCHILL,WINNIPEG,2025-04-17,21,Odhill,ODHI,2025-04-18T22:01:14Z,2025-04-18T22:21:00Z,ARR,goo,-19.0
692 (04-17),True,True,CHURCHILL,WINNIPEG,2025-04-17,22,Lyddal,LYDD,2025-04-18T22:43:00Z,2025-04-18T22:43:00Z,ARR,goo,0.0
692 (04-17),True,True,CHURCHILL,WINNIPEG,2025-04-17,23,Wabowden,WBDN,2025-04-18T23:11:00Z,2025-04-18T23:11:00Z,ARR,goo,0.0
692 (04-17),True,True,CHURCHILL,WINNIPEG,2025-04-17,24,Pipun,PIPN,2025-04-18T23:34:00Z,2025-04-18T23:34:00Z,ARR,goo,0.0
692 (04-17),True,True,CHURCHILL,WINNIPEG,2025-04-17,25,Ponton,PNTN,2025-04-19T00:17:00Z,2025-04-19T00:17:00Z,ARR,goo,0.0
692 (04-17),True,True,CHURCHILL,WINNIPEG,2025-04-17,26,Turnbull,TURN,2025-04-19T00:11:03Z,2025-04-19T00:49:00Z,ARR,goo,-37.0
692 (04-17),True,True,CHURCHILL,WINNIPEG,2025-04-17,27,Wekusko,WEKU,2025-04-19T00:33:51Z,2025-04-19T01:16:00Z,ARR,goo,-42.0
692 (04-17),True,True,CHURCHILL,WINNIPEG,2025-04-17,28,Dyce,DYCE,2025-04-19T01:14:40Z,2025-04-19T02:00:00Z,ARR,goo,-45.0
692 (04-17),True,True,CHURCHILL,WINNIPEG,2025-04-17,29,Dering,DERI,2025-04-19T02:39:00Z,2025-04-19T02:39:00Z,ARR,goo,0.0
692 (04-17),True,True,CHURCHILL,WINNIPEG,2025-04-17,30,Cormorant,CORM,2025-04-19T02:47:00Z,2025-04-19T02:47:00Z,ARR,goo,0.0
692 (04-17),True,True,CHURCHILL,WINNIPEG,2025-04-17,31,Halcrow,HALC,2025-04-19T02:07:53Z,2025-04-19T02:58:00Z,ARR,goo,-50.0
692 (04-17),True,True,CHURCHILL,WINNIPEG,2025-04-17,32,Orok,OROK,2025-04-19T02:54:09Z,2025-04-19T03:52:00Z,ARR,goo,-57.0
692 (04-17),True,True,CHURCHILL,WINNIPEG,2025-04-17,33,The Pas,TPAS,2025-04-19T03:28:00Z,2025-04-19T04:30:00Z,ARR,goo,-62.0
692 (04-17),True,True,CHURCHILL,WINNIPEG,2025-04-17,34,Hudson Bay,HBAY,2025-04-19T11:01:02Z,2025-04-19T10:27:00Z,ARR,bad,34.0
692 (04-17),True,True,CHURCHILL,WINNIPEG,2025-04-17,35,Reserve,RSRV,2025-04-19T11:54:37Z,2025-04-19T11:09:00Z,ARR,bad,45.0
692 (04-17),True,True,CHURCHILL,WINNIPEG,2025-04-17,36,Endeavour,ENDV,2025-04-19T12:45:48Z,2025-04-19T11:55:00Z,ARR,bad,50.0
692 (04-17),True,True,CHURCHILL,WINNIPEG,2025-04-17,37,Sturgis,STGS,2025-04-19T13:15:22Z,2025-04-19T12:24:00Z,ARR,bad,51.0
692 (04-17),True,True,CHURCHILL,WINNIPEG,2025-04-17,38,Canora,CANO,2025-04-19T14:00:43Z,2025-04-19T13:08:00Z,ARR,bad,52.0
692 (04-17),True,True,CHURCHILL,WINNIPEG,2025-04-17,39,Mikado,MIKA,2025-04-19T14:25:22Z,2025-04-19T13:30:00Z,ARR,bad,55.0
692 (04-17),True,True,CHURCHILL,WINNIPEG,2025-04-17,40,Veregin,VERE,2025-04-19T14:36:41Z,2025-04-19T13:43:00Z,ARR,bad,53.0
692 (04-17),True,True,CHURCHILL,WINNIPEG,2025-04-17,41,Kamsack,KAMS,2025-04-19T14:48:20Z,2025-04-19T13:58:00Z,ARR,bad,50.0
692 (04-17),True,True,CHURCHILL,WINNIPEG,2025-04-17,42,Togo,TOGO,2025-04-19T15:22:13Z,2025-04-19T14:37:00Z,ARR,bad,45.0
692 (04-17),True,True,CHURCHILL,WINNIPEG,2025-04-17,43,Roblin,RBLN,2025-04-19T15:48:00Z,2025-04-19T15:14:00Z,ARR,bad,34.0
692 (04-17),True,True,CHURCHILL,WINNIPEG,2025-04-17,44,Grandview,GVIE,2025-04-19T16:52:41Z,2025-04-19T16:12:00Z,ARR,bad,40.0
692 (04-17),True,True,CHURCHILL,WINNIPEG,2025-04-17,45,Gilbert Plains,GLBP,2025-04-19T17:16:59Z,2025-04-19T16:32:00Z,ARR,bad,44.0
692 (04-17),True,True,CHURCHILL,WINNIPEG,2025-04-17,46,Dauphin,DAUP,2025-04-19T17:54:39Z,2025-04-19T16:56:00Z,ARR,bad,58.0
692 (04-17),True,True,CHURCHILL,WINNIPEG,2025-04-17,47,Ochre River,OCHR,2025-04-19T18:19:42Z,2025-04-19T17:20:00Z,ARR,bad,59.0
692 (04-17),True,True,CHURCHILL,WINNIPEG,2025-04-17,48,Laurier,LRIE,2025-04-19T18:39:49Z,2025-04-19T17:38:00Z,ARR,bad,61.0
692 (04-17),True,True,CHURCHILL,WINNIPEG,2025-04-17,49,Mccreary,MCCR,2025-04-19T18:57:38Z,2025-04-19T17:54:00Z,ARR,bad,63.0
692 (04-17),True,True,CHURCHILL,WINNIPEG,2025-04-17,50,Glenella,GLNA,2025-04-19T19:42:02Z,2025-04-19T18:34:00Z,ARR,bad,68.0
692 (04-17),True,True,CHURCHILL,WINNIPEG,2025-04-17,51,Plumas,PLUM,2025-04-19T20:19:50Z,2025-04-19T19:06:00Z,ARR,bad,73.0
692 (04-17),True,True,CHURCHILL,WINNIPEG,2025-04-17,52,Gladstone,GSTO,2025-04-19T20:53:53Z,2025-04-19T19:51:00Z,ARR,bad,62.0
692 (04-17),True,True,CHURCHILL,WINNIPEG,2025-04-17,53,Portage La Prairie,PLPX,2025-04-19T21:47:47Z,2025-04-19T20:37:00Z,ARR,bad,70.0
692 (04-17),True,True,CHURCHILL,WINNIPEG,2025-04-17,54,Winnipeg,WNPG,2025-04-19T23:14:05Z,2025-04-19T21:45:00Z,ARR,bad,89.0
2 (04-18),True,False,VANCOUVER,TORONTO,2025-04-18,0,Vancouver,VCVR,2025-04-18T22:00:01Z,2025-04-18T22:00:00Z,ARR,goo,0.0
2 (04-18),True,False,VANCOUVER,TORONTO,2025-04-18,1,Mission Harbour,MSNH,2025-04-19T01:23:09Z,2025-04-18T23:35:00Z,ARR,bad,108.0
2 (04-18),True,False,VANCOUVER,TORONTO,2025-04-18,2,Agassiz,AGAS,2025-04-19T02:07:40Z,2025-04-19T00:03:00Z,ARR,bad,124.0
2 (04-18),True,False,VANCOUVER,TORONTO,2025-04-18,3,Katz,KATZ,2025-04-19T02:22:06Z,2025-04-19T00:17:00Z,ARR,bad,125.0
2 (04-18),True,False,VANCOUVER,TORONTO,2025-04-18,4,North Bend,NBND,2025-04-19T04:04:50Z,2025-04-19T02:46:00Z,ARR,bad,78.0
2 (04-18),True,False,VANCOUVER,TORONTO,2025-04-18,5,Ashcroft,ASHN,2025-04-19T07:00:49Z,2025-04-19T05:32:00Z,ARR,bad,88.0
2 (04-18),True,False,VANCOUVER,TORONTO,2025-04-18,6,Kamloops North,KAMN,2025-04-19T09:26:58Z,2025-04-19T07:17:00Z,ARR,bad,129.0
2 (04-18),True,False,VANCOUVER,TORONTO,2025-04-18,7,Clearwater,CLWT,2025-04-19T11:53:50Z,2025-04-19T09:58:00Z,ARR,bad,115.0
2 (04-18),True,False,VANCOUVER,TORONTO,2025-04-18,8,Blue River,BLUE,2025-04-19T15:41:46Z,2025-04-19T12:11:00Z,ARR,bad,210.0
2 (04-18),True,False,VANCOUVER,TORONTO,2025-04-18,9,Valemount,VLMT,2025-04-19T17:27:07Z,2025-04-19T14:01:00Z,ARR,bad,206.0
2 (04-18),True,False,VANCOUVER,TORONTO,2025-04-18,10,Jasper,JASP,2025-04-19T20:26:07Z,2025-04-19T17:00:00Z,ARR,bad,206.0
2 (04-18),True,False,VANCOUVER,TORONTO,2025-04-18,11,Hinton,HINT,2025-04-19T23:25:40Z,2025-04-19T19:45:00Z,ARR,bad,220.0
2 (04-18),True,False,VANCOUVER,TORONTO,2025-04-18,12,Edson,EDSN,2025-04-20T01:04:01Z,2025-04-19T21:19:00Z,ARR,bad,225.0
2 (04-18),True,False,VANCOUVER,TORONTO,2025-04-18,13,Evansburg,EVAN,2025-04-20T02:28:58Z,2025-04-19T22:28:00Z,ARR,bad,240.0
2 (04-18),True,False,VANCOUVER,TORONTO,2025-04-18,14,Edmonton,EDMO,2025-04-20T04:10:54Z,2025-04-20T00:50:00Z,14 mins,bad,200.0
2 (04-18),True,False,VANCOUVER,TORONTO,2025-04-18,15,Viking,VKNG,2025-04-20T07:13:54Z,2025-04-20T03:53:00Z,3h17,bad,200.0
2 (04-18),True,False,VANCOUVER,TORONTO,2025-04-18,16,Wainwright,WAIN,&mdash;,2025-04-20T06:14:00Z,&mdash;,,
2 (04-18),True,False,VANCOUVER,TORONTO,2025-04-18,17,Unity,UNIT,&mdash;,2025-04-20T07:47:00Z,&mdash;,,
2 (04-18),True,False,VANCOUVER,TORONTO,2025-04-18,18,Biggar,BIGG,&mdash;,2025-04-20T09:21:00Z,&mdash;,,
2 (04-18),True,False,VANCOUVER,TORONTO,2025-04-18,19,Saskatoon,SASK,&mdash;,2025-04-20T11:57:00Z,&mdash;,,
2 (04-18),True,False,VANCOUVER,TORONTO,2025-04-18,20,Watrous,WATR,&mdash;,2025-04-20T14:26:00Z,&mdash;,,
692 (04-19),True,False,CHURCHILL,WINNIPEG,2025-04-19,0,Churchill,CHUR,2025-04-20T01:30:00Z,2025-04-20T01:30:00Z,ARR,goo,0.0
692 (04-19),True,False,CHURCHILL,WINNIPEG,2025-04-19,1,Tidal,TIDL,2025-04-20T01:55:18Z,2025-04-20T01:52:00Z,ARR,goo,3.0
692 (04-19),True,False,CHURCHILL,WINNIPEG,2025-04-19,2,Chesnaye,CHES,2025-04-20T03:02:48Z,2025-04-20T02:38:00Z,ARR,bad,24.0
692 (04-19),True,False,CHURCHILL,WINNIPEG,2025-04-19,3,M'Clintock,MCLI,2025-04-20T04:11:28Z,2025-04-20T03:54:00Z,14 mins,bad,17.0
692 (04-19),True,False,CHURCHILL,WINNIPEG,2025-04-19,4,O'Day,ODAY,2025-04-20T04:56:28Z,2025-04-20T04:39:00Z,59 mins,bad,17.0
692 (04-19),True,False,CHURCHILL,WINNIPEG,2025-04-19,5,Herchmer,HERC,2025-04-20T05:35:28Z,2025-04-20T05:18:00Z,1h38,bad,17.0
692 (04-19),True,False,CHURCHILL,WINNIPEG,2025-04-19,6,Thibaudeau,THIB,2025-04-20T07:01:28Z,2025-04-20T06:44:00Z,3h04,bad,17.0
692 (04-19),True,False,CHURCHILL,WINNIPEG,2025-04-19,7,Weir River,WEIR,2025-04-20T08:03:28Z,2025-04-20T07:46:00Z,4h06,bad,17.0
692 (04-19),True,False,CHURCHILL,WINNIPEG,2025-04-19,8,Amery,AMRY,2025-04-20T08:54:28Z,2025-04-20T08:37:00Z,4h57,bad,17.0
692 (04-19),True,False,CHURCHILL,WINNIPEG,2025-04-19,9,Bird,BIRD,2025-04-20T09:17:28Z,2025-04-20T09:00:00Z,5h20,bad,17.0
692 (04-19),True,False,CHURCHILL,WINNIPEG,2025-04-19,10,Gillam,GILL,2025-04-20T10:17:28Z,2025-04-20T10:00:00Z,6h20,bad,17.0
692 (04-19),True,False,CHURCHILL,WINNIPEG,2025-04-19,11,Wivenhoe,WVHO,2025-04-20T11:33:28Z,2025-04-20T11:16:00Z,7h36,bad,17.0
692 (04-19),True,False,CHURCHILL,WINNIPEG,2025-04-19,12,Ilford,ILFO,2025-04-20T12:10:28Z,2025-04-20T11:53:00Z,8h13,bad,17.0
692 (04-19),True,False,CHURCHILL,WINNIPEG,2025-04-19,13,Pit Siding,PITS,2025-04-20T13:11:28Z,2025-04-20T12:54:00Z,9h14,bad,17.0
692 (04-19),True,False,CHURCHILL,WINNIPEG,2025-04-19,14,Bridgar,BRGR,2025-04-20T14:33:28Z,2025-04-20T14:16:00Z,10h36,bad,17.0
692 (04-19),True,False,CHURCHILL,WINNIPEG,2025-04-19,15,Pikwitonei,PIKW,2025-04-20T14:44:28Z,2025-04-20T14:27:00Z,10h47,bad,17.0
692 (04-19),True,False,CHURCHILL,WINNIPEG,2025-04-19,16,Sipiwesk,SIPI,2025-04-20T15:11:28Z,2025-04-20T14:54:00Z,11h14,bad,17.0
692 (04-19),True,False,CHURCHILL,WINNIPEG,2025-04-19,17,Thompson,THOM,2025-04-20T16:47:28Z,2025-04-20T16:30:00Z,12h50,bad,17.0
6,True,True,PRINCE RUPERT,JASPER,2025-04-18,0,Prince Rupert,PRUP,2025-04-18T15:00:00Z,2025-04-18T15:00:00Z,ARR,goo,0.0
6,True,True,PRINCE RUPERT,JASPER,2025-04-18,1,Cassiar Cannery,CASS,2025-04-18T15:30:43Z,2025-04-18T15:20:00Z,ARR,med,10.0
6,True,True,PRINCE RUPERT,JASPER,2025-04-18,2,Kwinitsa,KWIN,2025-04-18T16:12:04Z,2025-04-18T16:17:00Z,ARR,goo,-4.0
6,True,True,PRINCE RUPERT,JASPER,2025-04-18,3,Terrace,TRRC,2025-04-18T17:10:48Z,2025-04-18T17:20:00Z,ARR,goo,-9.0
6,True,True,PRINCE RUPERT,JASPER,2025-04-18,4,Usk,USKX,2025-04-18T17:44:07Z,2025-04-18T17:48:00Z,ARR,goo,-3.0
6,True,True,PRINCE RUPERT,JASPER,2025-04-18,5,Pacific,PACI,2025-04-18T18:02:26Z,2025-04-18T18:07:00Z,ARR,goo,-4.0
6,True,True,PRINCE RUPERT,JASPER,2025-04-18,6,Dorreen,DORR,2025-04-18T18:16:37Z,2025-04-18T18:19:00Z,ARR,goo,-2.0
6,True,True,PRINCE RUPERT,JASPER,2025-04-18,7,Cedarvale,CEDA,2025-04-18T18:35:10Z,2025-04-18T18:44:00Z,ARR,goo,-8.0
6,True,True,PRINCE RUPERT,JASPER,2025-04-18,8,Kitwanga,KITW,2025-04-18T18:51:35Z,2025-04-18T18:48:01Z,ARR,goo,3.0
6,True,True,PRINCE RUPERT,JASPER,2025-04-18,9,New Hazelton,NHAZ,2025-04-18T19:36:45Z,2025-04-18T19:30:00Z,ARR,med,6.0
6,True,True,PRINCE RUPERT,JASPER,2025-04-18,10,Smithers,SMTR,2025-04-18T20:55:56Z,2025-04-18T21:14:00Z,ARR,goo,-18.0
6,True,True,PRINCE RUPERT,JASPER,2025-04-18,11,Telkwa,TELK,2025-04-18T21:37:54Z,2025-04-18T21:37:00Z,ARR,goo,0.0
6,True,True,PRINCE RUPERT,JASPER,2025-04-18,12,Houston,HOUS,2025-04-18T22:33:14Z,2025-04-18T22:22:00Z,ARR,med,11.0
6,True,True,PRINCE RUPERT,JASPER,2025-04-18,13,Burns Lake,BRNL,2025-04-18T23:36:05Z,2025-04-18T23:32:00Z,ARR,goo,4.0
6,True,True,PRINCE RUPERT,JASPER,2025-04-18,14,Endako,ENDA,2025-04-19T00:48:43Z,2025-04-19T00:25:00Z,ARR,bad,23.0
6,True,True,PRINCE RUPERT,JASPER,2025-04-18,15,Fort Fraser,FFRA,2025-04-19T01:17:05Z,2025-04-19T00:57:00Z,ARR,bad,20.0
6,True,True,PRINCE RUPERT,JASPER,2025-04-18,16,Vanderhoof,VDRH,2025-04-19T02:03:32Z,2025-04-19T01:35:00Z,ARR,bad,28.0
6,True,True,PRINCE RUPERT,JASPER,2025-04-18,17,Prince George,PGEO,2025-04-19T03:44:32Z,2025-04-19T03:29:00Z,ARR,bad,15.0
6,True,True,PRINCE RUPERT,JASPER,2025-04-18,18,Willow River,WILR,2025-04-19T15:40:40Z,2025-04-19T15:48:00Z,ARR,goo,-7.0
6,True,True,PRINCE RUPERT,JASPER,2025-04-18,19,Aleza Lake,ALZL,2025-04-19T16:05:58Z,2025-04-19T16:17:00Z,ARR,goo,-11.0
6,True,True,PRINCE RUPERT,JASPER,2025-04-18,20,Upper Fraser,UFRZ,2025-04-19T16:25:00Z,2025-04-19T16:25:00Z,ARR,goo,0.0
6,True,True,PRINCE RUPERT,JASPER,2025-04-18,21,Mcgregor,MCGR,2025-04-19T16:33:00Z,2025-04-19T16:33:00Z,ARR,goo,0.0
6,True,True,PRINCE RUPERT,JASPER,2025-04-18,22,Sinclair Mills,SINM,2025-04-19T16:36:23Z,2025-04-19T16:44:00Z,ARR,goo,-7.0
6,True,True,PRINCE RUPERT,JASPER,2025-04-18,23,Hutton,HUTT,2025-04-19T16:41:14Z,2025-04-19T16:48:00Z,ARR,goo,-6.0
6,True,True,PRINCE RUPERT,JASPER,2025-04-18,24,Longworth,LWTH,2025-04-19T16:51:21Z,2025-04-19T16:59:00Z,ARR,goo,-7.0
6,True,True,PRINCE RUPERT,JASPER,2025-04-18,25,Penny,PENN,2025-04-19T17:04:44Z,2025-04-19T17:13:00Z,ARR,goo,-8.0
6,True,True,PRINCE RUPERT,JASPER,2025-04-18,26,Bend,BEND,2025-04-19T17:23:06Z,2025-04-19T17:32:00Z,ARR,goo,-8.0
6,True,True,PRINCE RUPERT,JASPER,2025-04-18,27,Dome Creek,DOMC,2025-04-19T17:24:47Z,2025-04-19T17:33:07Z,ARR,goo,-8.0
6,True,True,PRINCE RUPERT,JASPER,2025-04-18,28,Loos,LOOS,2025-04-19T17:53:54Z,2025-04-19T18:07:00Z,ARR,goo,-13.0
6,True,True,PRINCE RUPERT,JASPER,2025-04-18,29,Goat River,GOAT,2025-04-19T18:08:27Z,2025-04-19T18:22:00Z,ARR,goo,-13.0
6,True,True,PRINCE RUPERT,JASPER,2025-04-18,30,Mcbride,MCBR,2025-04-19T19:45:39Z,2025-04-19T19:18:00Z,ARR,bad,27.0
6,True,True,PRINCE RUPERT,JASPER,2025-04-18,31,Dunster,DNST,2025-04-19T20:56:38Z,2025-04-19T19:35:00Z,ARR,bad,81.0
6,True,True,PRINCE RUPERT,JASPER,2025-04-18,32,Harvey,HRVY,2025-04-19T21:33:02Z,2025-04-19T20:24:00Z,ARR,bad,69.0
6,True,True,PRINCE RUPERT,JASPER,2025-04-18,33,Jasper,JASP,2025-04-20T00:09:31Z,2025-04-19T23:00:00Z,ARR,bad,69.0
15,True,True,HALIFAX,MONTRÉAL,2025-04-18,0,Halifax,HLFX,2025-04-18T14:30:00Z,2025-04-18T14:30:00Z,ARR,goo,0.0
15,True,True,HALIFAX,MONTRÉAL,2025-04-18,1,Truro,TRUR,2025-04-18T16:28:20Z,2025-04-18T15:56:00Z,ARR,bad,32.0
15,True,True,HALIFAX,MONTRÉAL,2025-04-18,2,Springhill Jct,SPRJ,2025-04-18T17:47:35Z,2025-04-18T17:12:00Z,ARR,bad,35.0
15,True,True,HALIFAX,MONTRÉAL,2025-04-18,3,Amherst,AMHS,2025-04-18T18:16:22Z,2025-04-18T17:35:00Z,ARR,bad,41.0
15,True,True,HALIFAX,MONTRÉAL,2025-04-18,4,Sackville,SACK,2025-04-18T18:34:06Z,2025-04-18T17:52:00Z,ARR,bad,42.0
15,True,True,HALIFAX,MONTRÉAL,2025-04-18,5,Moncton,MCTN,2025-04-18T19:34:48Z,2025-04-18T18:47:00Z,ARR,bad,47.0
15,True,True,HALIFAX,MONTRÉAL,2025-04-18,6,Rogersville,RGRV,2025-04-18T21:10:31Z,2025-04-18T20:01:00Z,ARR,bad,69.0
15,True,True,HALIFAX,MONTRÉAL,2025-04-18,7,Miramichi,MIRA,2025-04-18T22:05:24Z,2025-04-18T20:52:00Z,ARR,bad,73.0
15,True,True,HALIFAX,MONTRÉAL,2025-04-18,8,Bathurst,BTRS,2025-04-19T00:51:49Z,2025-04-18T22:48:00Z,ARR,bad,123.0
15,True,True,HALIFAX,MONTRÉAL,2025-04-18,9,Petit Rocher,PROC,2025-04-19T01:13:56Z,2025-04-18T23:17:00Z,ARR,bad,116.0
15,True,True,HALIFAX,MONTRÉAL,2025-04-18,10,Jacquet River,JACR,2025-04-19T01:44:35Z,2025-04-18T23:40:01Z,ARR,bad,124.0
15,True,True,HALIFAX,MONTRÉAL,2025-04-18,11,Charlo,CHLO,2025-04-19T02:21:49Z,2025-04-19T00:04:00Z,ARR,bad,137.0
15,True,True,HALIFAX,MONTRÉAL,2025-04-18,12,Campbellton,CBTN,2025-04-19T03:11:17Z,2025-04-19T01:08:00Z,ARR,bad,123.0
15,True,True,HALIFAX,MONTRÉAL,2025-04-18,13,Matapedia,MTPD,2025-04-19T03:46:58Z,2025-04-19T01:50:00Z,ARR,bad,116.0
15,True,True,HALIFAX,MONTRÉAL,2025-04-18,14,Causapscal,CAUS,2025-04-19T04:43:23Z,2025-04-19T02:39:00Z,ARR,bad,124.0
15,True,True,HALIFAX,MONTRÉAL,2025-04-18,15,Amqui,AMQU,2025-04-19T05:06:28Z,2025-04-19T02:59:00Z,ARR,bad,127.0
15,True,True,HALIFAX,MONTRÉAL,2025-04-18,16,Sayabec,SAYA,2025-04-19T06:03:52Z,2025-04-19T03:21:00Z,ARR,bad,162.0
15,True,True,HALIFAX,MONTRÉAL,2025-04-18,17,Mont-Joli,MJLI,2025-04-19T07:11:10Z,2025-04-19T04:51:00Z,ARR,bad,140.0
15,True,True,HALIFAX,MONTRÉAL,2025-04-18,18,Rimouski,RMSK,2025-04-19T07:44:49Z,2025-04-19T05:24:00Z,ARR,bad,140.0
15,True,True,HALIFAX,MONTRÉAL,2025-04-18,19,Trois Pistoles,TPIS,2025-04-19T08:35:15Z,2025-04-19T06:31:00Z,ARR,bad,124.0
15,True,True,HALIFAX,MONTRÉAL,2025-04-18,20,Rivière-Du-Loup,RDLX,2025-04-19T09:15:48Z,2025-04-19T07:18:00Z,ARR,bad,117.0
15,True,True,HALIFAX,MONTRÉAL,2025-04-18,21,La Pocatière,LPOC,2025-04-19T09:53:33Z,2025-04-19T08:05:00Z,ARR,bad,108.0
15,True,True,HALIFAX,MONTRÉAL,2025-04-18,22,Montmagny,MMGY,2025-04-19T10:21:21Z,2025-04-19T08:39:00Z,ARR,bad,102.0
15,True,True,HALIFAX,MONTRÉAL,2025-04-18,23,Ste-Foy,SFOY,2025-04-19T11:23:17Z,2025-04-19T10:13:00Z,ARR,bad,70.0
15,True,True,HALIFAX,MONTRÉAL,2025-04-18,24,Drummondville,DRMV,2025-04-19T13:20:45Z,2025-04-19T12:20:00Z,ARR,bad,60.0
15,True,True,HALIFAX,MONTRÉAL,2025-04-18,25,St. Hyacinthe,SHYA,2025-04-19T14:07:18Z,2025-04-19T13:00:00Z,ARR,bad,67.0
15,True,True,HALIFAX,MONTRÉAL,2025-04-18,26,St. Lambert,SLAM,2025-04-19T14:44:31Z,2025-04-19T13:34:00Z,ARR,bad,70.0
15,True,True,HALIFAX,MONTRÉAL,2025-04-18,27,Montréal,MTRL,2025-04-19T15:04:51Z,2025-04-19T13:53:00Z,ARR,bad,71.0
691,True,True,THE PAS,CHURCHILL,2025-04-18,0,The Pas,TPAS,2025-04-18T07:33:16Z,2025-04-18T07:30:00Z,ARR,goo,3.0
691,True,True,THE PAS,CHURCHILL,2025-04-18,1,Orok,OROK,2025-04-18T08:08:34Z,2025-04-18T08:07:00Z,ARR,goo,1.0
691,True,True,THE PAS,CHURCHILL,2025-04-18,2,Halcrow,HALC,2025-04-18T08:53:49Z,2025-04-18T09:01:00Z,ARR,goo,-7.0
691,True,True,THE PAS,CHURCHILL,2025-04-18,3,Cormorant,CORM,2025-04-18T09:05:39Z,2025-04-18T09:12:00Z,ARR,goo,-6.0
691,True,True,THE PAS,CHURCHILL,2025-04-18,4,Dering,DERI,2025-04-18T09:20:00Z,2025-04-18T09:20:00Z,ARR,goo,0.0
691,True,True,THE PAS,CHURCHILL,2025-04-18,5,Dyce,DYCE,2025-04-18T09:49:41Z,2025-04-18T09:59:00Z,ARR,goo,-9.0
691,True,True,THE PAS,CHURCHILL,2025-04-18,6,Wekusko,WEKU,2025-04-18T10:25:57Z,2025-04-18T10:43:00Z,ARR,goo,-17.0
691,True,True,THE PAS,CHURCHILL,2025-04-18,7,Turnbull,TURN,2025-04-18T10:48:38Z,2025-04-18T11:10:00Z,ARR,goo,-21.0
691,True,True,THE PAS,CHURCHILL,2025-04-18,8,Ponton,PNTN,2025-04-18T11:15:28Z,2025-04-18T11:42:00Z,ARR,goo,-26.0
691,True,True,THE PAS,CHURCHILL,2025-04-18,9,Pipun,PIPN,2025-04-18T12:01:22Z,2025-04-18T12:25:00Z,ARR,goo,-23.0
691,True,True,THE PAS,CHURCHILL,2025-04-18,10,Wabowden,WBDN,2025-04-18T12:17:11Z,2025-04-18T12:48:00Z,ARR,goo,-30.0
691,True,True,THE PAS,CHURCHILL,2025-04-18,11,Lyddal,LYDD,2025-04-18T13:14:11Z,2025-04-18T13:16:00Z,ARR,goo,-1.0
691,True,True,THE PAS,CHURCHILL,2025-04-18,12,Odhill,ODHI,2025-04-18T13:32:55Z,2025-04-18T13:38:00Z,ARR,goo,-5.0
691,True,True,THE PAS,CHURCHILL,2025-04-18,13,Hockin,HOCK,2025-04-18T14:09:34Z,2025-04-18T14:22:00Z,ARR,goo,-12.0
691,True,True,THE PAS,CHURCHILL,2025-04-18,14,Thicket Portage,THKP,2025-04-18T14:37:00Z,2025-04-18T14:37:00Z,ARR,goo,0.0
691,True,True,THE PAS,CHURCHILL,2025-04-18,15,Leven,LEVN,2025-04-18T14:41:34Z,2025-04-18T14:54:00Z,ARR,goo,-12.0
691,True,True,THE PAS,CHURCHILL,2025-04-18,16,Thompson,THOM,2025-04-18T18:14:05Z,2025-04-18T17:00:00Z,ARR,bad,74.0
691,True,True,THE PAS,CHURCHILL,2025-04-18,17,Sipiwesk,SIPI,2025-04-18T23:26:47Z,2025-04-18T23:35:00Z,ARR,goo,-8.0
691,True,True,THE PAS,CHURCHILL,2025-04-18,18,Pikwitonei,PIKW,2025-04-19T00:02:00Z,2025-04-19T00:02:00Z,ARR,goo,0.0
691,True,True,THE PAS,CHURCHILL,2025-04-18,19,Bridgar,BRGR,2025-04-19T00:13:00Z,2025-04-19T00:13:00Z,ARR,goo,0.0
691,True,True,THE PAS,CHURCHILL,2025-04-18,20,Pit Siding,PITS,2025-04-19T01:34:36Z,2025-04-19T01:35:00Z,ARR,goo,0.0
691,True,True,THE PAS,CHURCHILL,2025-04-18,21,Ilford,ILFO,2025-04-19T02:39:38Z,2025-04-19T02:36:00Z,ARR,goo,3.0
691,True,True,THE PAS,CHURCHILL,2025-04-18,22,Wivenhoe,WVHO,2025-04-19T03:54:12Z,2025-04-19T03:13:00Z,ARR,bad,41.0
691,True,True,THE PAS,CHURCHILL,2025-04-18,23,Gillam,GILL,2025-04-19T04:44:56Z,2025-04-19T04:00:01Z,ARR,bad,44.0
691,True,True,THE PAS,CHURCHILL,2025-04-18,24,Bird,BIRD,2025-04-19T05:46:32Z,2025-04-19T05:29:00Z,ARR,bad,17.0
691,True,True,THE PAS,CHURCHILL,2025-04-18,25,Amery,AMRY,2025-04-19T06:19:38Z,2025-04-19T05:51:00Z,ARR,bad,28.0
691,True,True,THE PAS,CHURCHILL,2025-04-18,26,Weir River,WEIR,2025-04-19T07:14:35Z,2025-04-19T06:43:00Z,ARR,bad,31.0
691,True,True,THE PAS,CHURCHILL,2025-04-18,27,Thibaudeau,THIB,2025-04-19T08:02:18Z,2025-04-19T08:00:00Z,ARR,goo,2.0
691,True,True,THE PAS,CHURCHILL,2025-04-18,28,Herchmer,HERC,2025-04-19T09:28:18Z,2025-04-19T09:26:00Z,ARR,goo,2.0
691,True,True,THE PAS,CHURCHILL,2025-04-18,29,O'Day,ODAY,2025-04-19T10:07:18Z,2025-04-19T10:05:00Z,ARR,goo,2.0
691,True,True,THE PAS,CHURCHILL,2025-04-18,30,M'Clintock,MCLI,2025-04-19T10:52:18Z,2025-04-19T10:50:00Z,ARR,goo,2.0
691,True,True,THE PAS,CHURCHILL,2025-04-18,31,Chesnaye,CHES,2025-04-19T12:08:18Z,2025-04-19T12:06:00Z,ARR,goo,2.0
691,True,True,THE PAS,CHURCHILL,2025-04-18,32,Tidal,TIDL,2025-04-19T12:08:03Z,2025-04-19T13:37:00Z,ARR,goo,-88.0
691,True,True,THE PAS,CHURCHILL,2025-04-18,33,Churchill,CHUR,2025-04-19T12:49:01Z,2025-04-19T14:00:00Z,ARR,goo,-70.0
5,True,False,JASPER,PRINCE RUPERT,2025-04-18,0,Jasper,JASP,2025-04-18T16:59:58Z,2025-04-18T16:45:00Z,ARR,med,14.0
5,True,False,JASPER,PRINCE RUPERT,2025-04-18,1,Harvey,HRVY,2025-04-18T19:21:38Z,2025-04-18T18:38:00Z,ARR,bad,43.0
5,True,False,JASPER,PRINCE RUPERT,2025-04-18,2,Dunster,DNST,2025-04-18T19:53:45Z,2025-04-18T19:12:00Z,ARR,bad,41.0
5,True,False,JASPER,PRINCE RUPERT,2025-04-18,3,Mcbride,MCBR,2025-04-18T20:26:16Z,2025-04-18T19:44:00Z,ARR,bad,42.0
5,True,False,JASPER,PRINCE RUPERT,2025-04-18,4,Goat River,GOAT,2025-04-18T21:20:38Z,2025-04-18T20:41:00Z,ARR,bad,39.0
5,True,False,JASPER,PRINCE RUPERT,2025-04-18,5,Loos,LOOS,2025-04-18T21:36:25Z,2025-04-18T20:58:00Z,ARR,bad,38.0
5,True,False,JASPER,PRINCE RUPERT,2025-04-18,6,Dome Creek,DOMC,2025-04-18T22:04:10Z,2025-04-18T21:32:00Z,ARR,bad,32.0
5,True,False,JASPER,PRINCE RUPERT,2025-04-18,7,Bend,BEND,2025-04-18T22:05:57Z,2025-04-18T21:36:00Z,ARR,bad,29.0
5,True,False,JASPER,PRINCE RUPERT,2025-04-18,8,Penny,PENN,2025-04-18T22:30:09Z,2025-04-18T21:56:00Z,ARR,bad,34.0
5,True,False,JASPER,PRINCE RUPERT,2025-04-18,9,Longworth,LWTH,2025-04-18T23:26:26Z,2025-04-18T22:11:00Z,ARR,bad,75.0
5,True,False,JASPER,PRINCE RUPERT,2025-04-18,10,Hutton,HUTT,2025-04-18T23:39:05Z,2025-04-18T22:24:00Z,ARR,bad,75.0
5,True,False,JASPER,PRINCE RUPERT,2025-04-18,11,Sinclair Mills,SINM,2025-04-18T23:45:05Z,2025-04-18T22:30:00Z,ARR,bad,75.0
5,True,False,JASPER,PRINCE RUPERT,2025-04-18,12,Mcgregor,MCGR,2025-04-18T23:54:49Z,2025-04-18T22:43:00Z,ARR,bad,71.0
5,True,False,JASPER,PRINCE RUPERT,2025-04-18,13,Upper Fraser,UFRZ,2025-04-19T00:03:49Z,2025-04-18T22:52:00Z,ARR,bad,71.0
5,True,False,JASPER,PRINCE RUPERT,2025-04-18,14,Aleza Lake,ALZL,2025-04-19T00:12:49Z,2025-04-18T23:01:00Z,ARR,bad,71.0
5,True,False,JASPER,PRINCE RUPERT,2025-04-18,15,Willow River,WILR,2025-04-19T00:28:28Z,2025-04-18T23:31:00Z,ARR,bad,57.0
5,True,False,JASPER,PRINCE RUPERT,2025-04-18,16,Prince George,PGEO,2025-04-19T01:08:14Z,2025-04-19T00:08:00Z,ARR,bad,60.0
5,True,False,JASPER,PRINCE RUPERT,2025-04-18,17,Vanderhoof,VDRH,2025-04-19T17:23:03Z,2025-04-19T16:55:00Z,ARR,bad,28.0
5,True,False,JASPER,PRINCE RUPERT,2025-04-18,18,Fort Fraser,FFRA,2025-04-19T17:58:06Z,2025-04-19T17:32:00Z,ARR,bad,26.0
5,True,False,JASPER,PRINCE RUPERT,2025-04-18,19,Endako,ENDA,2025-04-19T18:26:39Z,2025-04-19T17:50:00Z,ARR,bad,36.0
5,True,False,JASPER,PRINCE RUPERT,2025-04-18,20,Burns Lake,BRNL,2025-04-19T19:12:45Z,2025-04-19T18:58:00Z,ARR,med,14.0
5,True,False,JASPER,PRINCE RUPERT,2025-04-18,21,Houston,HOUS,2025-04-19T20:38:34Z,2025-04-19T20:08:00Z,ARR,bad,30.0
5,True,False,JASPER,PRINCE RUPERT,2025-04-18,22,Telkwa,TELK,2025-04-19T21:34:27Z,2025-04-19T20:52:00Z,ARR,bad,42.0
5,True,False,JASPER,PRINCE RUPERT,2025-04-18,23,Smithers,SMTR,2025-04-19T21:53:58Z,2025-04-19T21:10:00Z,ARR,bad,43.0
5,True,False,JASPER,PRINCE RUPERT,2025-04-18,24,New Hazelton,NHAZ,2025-04-19T23:09:38Z,2025-04-19T22:37:00Z,ARR,bad,32.0
5,True,False,JASPER,PRINCE RUPERT,2025-04-18,25,Kitwanga,KITW,2025-04-19T23:50:00Z,2025-04-19T23:27:00Z,ARR,bad,23.0
5,True,False,JASPER,PRINCE RUPERT,2025-04-18,26,Cedarvale,CEDA,2025-04-20T00:07:45Z,2025-04-19T23:51:00Z,ARR,bad,16.0
5,True,False,JASPER,PRINCE RUPERT,2025-04-18,27,Dorreen,DORR,2025-04-20T00:52:52Z,2025-04-20T00:12:00Z,ARR,bad,40.0
5,True,False,JASPER,PRINCE RUPERT,2025-04-18,28,Pacific,PACI,2025-04-20T01:00:09Z,2025-04-20T00:21:00Z,ARR,bad,39.0
5,True,False,JASPER,PRINCE RUPERT,2025-04-18,29,Usk,USKX,2025-04-20T01:40:50Z,2025-04-20T00:40:00Z,ARR,bad,60.0
5,True,False,JASPER,PRINCE RUPERT,2025-04-18,30,Terrace,TRRC,2025-04-20T01:57:22Z,2025-04-20T01:00:00Z,ARR,bad,57.0
5,True,False,JASPER,PRINCE RUPERT,2025-04-18,31,Kwinitsa,KWIN,2025-04-20T02:57:29Z,2025-04-20T02:09:00Z,ARR,bad,48.0
5,True,False,JASPER,PRINCE RUPERT,2025-04-18,32,Cassiar Cannery,CASS,2025-04-20T03:57:55Z,2025-04-20T02:45:00Z,1 min,bad,72.0
5,True,False,JASPER,PRINCE RUPERT,2025-04-18,33,Prince Rupert,PRUP,2025-04-20T04:37:55Z,2025-04-20T03:25:00Z,41 mins,bad,72.0
14,True,True,MONTRÉAL,HALIFAX,2025-04-18,0,Montréal,MTRL,2025-04-18T22:30:00Z,2025-04-18T22:30:00Z,ARR,goo,0.0
14,True,True,MONTRÉAL,HALIFAX,2025-04-18,1,St. Lambert,SLAM,2025-04-18T22:47:01Z,2025-04-18T22:45:00Z,ARR,goo,2.0
14,True,True,MONTRÉAL,HALIFAX,2025-04-18,2,St. Hyacinthe,SHYA,2025-04-18T23:22:38Z,2025-04-18T23:23:00Z,ARR,goo,0.0
14,True,True,MONTRÉAL,HALIFAX,2025-04-18,3,Drummondville,DRMV,2025-04-19T00:09:38Z,2025-04-19T00:04:00Z,ARR,med,5.0
14,True,True,MONTRÉAL,HALIFAX,2025-04-18,4,Ste-Foy,SFOY,2025-04-19T01:48:55Z,2025-04-19T01:48:00Z,ARR,goo,0.0
14,True,True,MONTRÉAL,HALIFAX,2025-04-18,5,Montmagny,MMGY,2025-04-19T03:29:01Z,2025-04-19T03:17:00Z,ARR,med,12.0
14,True,True,MONTRÉAL,HALIFAX,2025-04-18,6,La Pocatière,LPOC,2025-04-19T04:01:08Z,2025-04-19T03:50:00Z,ARR,med,11.0
14,True,True,MONTRÉAL,HALIFAX,2025-04-18,7,Rivière-Du-Loup,RDLX,2025-04-19T04:44:08Z,2025-04-19T04:31:00Z,ARR,med,13.0
14,True,True,MONTRÉAL,HALIFAX,2025-04-18,8,Trois Pistoles,TPIS,2025-04-19T05:24:35Z,2025-04-19T05:15:00Z,ARR,med,9.0
14,True,True,MONTRÉAL,HALIFAX,2025-04-18,9,Rimouski,RMSK,2025-04-19T06:18:43Z,2025-04-19T06:24:00Z,ARR,goo,-5.0
14,True,True,MONTRÉAL,HALIFAX,2025-04-18,10,Mont-Joli,MJLI,2025-04-19T07:00:39Z,2025-04-19T07:04:00Z,ARR,goo,-3.0
14,True,True,MONTRÉAL,HALIFAX,2025-04-18,11,Sayabec,SAYA,2025-04-19T08:28:00Z,2025-04-19T08:09:00Z,ARR,bad,19.0
14,True,True,MONTRÉAL,HALIFAX,2025-04-18,12,Amqui,AMQU,2025-04-19T08:55:35Z,2025-04-19T08:30:00Z,ARR,bad,25.0
14,True,True,MONTRÉAL,HALIFAX,2025-04-18,13,Causapscal,CAUS,2025-04-19T09:23:42Z,2025-04-19T08:52:00Z,ARR,bad,31.0
14,True,True,MONTRÉAL,HALIFAX,2025-04-18,14,Matapedia,MTPD,2025-04-19T10:17:31Z,2025-04-19T09:38:00Z,ARR,bad,39.0
14,True,True,MONTRÉAL,HALIFAX,2025-04-18,15,Campbellton,CBTN,2025-04-19T10:54:40Z,2025-04-19T10:23:00Z,ARR,bad,31.0
14,True,True,MONTRÉAL,HALIFAX,2025-04-18,16,Charlo,CHLO,2025-04-19T12:00:17Z,2025-04-19T11:06:00Z,ARR,bad,54.0
14,True,True,MONTRÉAL,HALIFAX,2025-04-18,17,Jacquet River,JACR,2025-04-19T12:38:17Z,2025-04-19T11:30:00Z,ARR,bad,68.0
14,True,True,MONTRÉAL,HALIFAX,2025-04-18,18,Petit Rocher,PROC,2025-04-19T13:04:38Z,2025-04-19T11:53:00Z,ARR,bad,71.0
14,True,True,MONTRÉAL,HALIFAX,2025-04-18,19,Bathurst,BTRS,2025-04-19T13:22:31Z,2025-04-19T12:42:00Z,ARR,bad,40.0
14,True,True,MONTRÉAL,HALIFAX,2025-04-18,20,Miramichi,MIRA,2025-04-19T15:02:54Z,2025-04-19T14:33:00Z,ARR,bad,29.0
14,True,True,MONTRÉAL,HALIFAX,2025-04-18,21,Rogersville,RGRV,2025-04-19T16:00:27Z,2025-04-19T15:28:00Z,ARR,bad,32.0
14,True,True,MONTRÉAL,HALIFAX,2025-04-18,22,Moncton,MCTN,2025-04-19T17:13:35Z,2025-04-19T16:38:00Z,ARR,bad,35.0
14,True,True,MONTRÉAL,HALIFAX,2025-04-18,23,Sackville,SACK,2025-04-19T19:32:22Z,2025-04-19T17:38:00Z,ARR,bad,114.0
14,True,True,MONTRÉAL,HALIFAX,2025-04-18,24,Amherst,AMHS,2025-04-19T19:46:40Z,2025-04-19T17:54:00Z,ARR,bad,112.0
14,True,True,MONTRÉAL,HALIFAX,2025-04-18,25,Springhill Jct,SPRJ,2025-04-19T20:12:27Z,2025-04-19T18:18:00Z,ARR,bad,114.0
14,True,True,MONTRÉAL,HALIFAX,2025-04-18,26,Truro,TRUR,2025-04-19T21:19:20Z,2025-04-19T19:32:00Z,ARR,bad,107.0
14,True,True,MONTRÉAL,HALIFAX,2025-04-18,27,Halifax,HLFX,2025-04-19T22:44:28Z,2025-04-19T21:06:00Z,ARR,bad,98.0
24,True,True,OTTAWA,QUÉBEC,2025-04-19,0,Ottawa,OTTW,2025-04-19T14:13:00Z,2025-04-19T14:13:00Z,ARR,goo,0.0
24,True,True,OTTAWA,QUÉBEC,2025-04-19,1,Alexandria,ALEX,2025-04-19T15:06:24Z,2025-04-19T15:03:00Z,ARR,goo,3.0
24,True,True,OTTAWA,QUÉBEC,2025-04-19,2,Coteau,COTO,2025-04-19T15:31:52Z,2025-04-19T15:26:00Z,ARR,med,5.0
24,True,True,OTTAWA,QUÉBEC,2025-04-19,3,Dorval,DORV,2025-04-19T15:57:53Z,2025-04-19T15:50:00Z,ARR,med,7.0
24,True,True,OTTAWA,QUÉBEC,2025-04-19,4,Montréal,MTRL,2025-04-19T16:23:20Z,2025-04-19T16:15:00Z,ARR,med,8.0
24,True,True,OTTAWA,QUÉBEC,2025-04-19,5,St. Lambert,SLAM,2025-04-19T17:05:09Z,2025-04-19T16:58:00Z,ARR,med,7.0
24,True,True,OTTAWA,QUÉBEC,2025-04-19,6,St. Hyacinthe,SHYA,2025-04-19T17:35:52Z,2025-04-19T17:26:00Z,ARR,med,9.0
24,True,True,OTTAWA,QUÉBEC,2025-04-19,7,Drummondville,DRMV,2025-04-19T18:09:34Z,2025-04-19T17:54:00Z,ARR,bad,15.0
24,True,True,OTTAWA,QUÉBEC,2025-04-19,8,Charny,CHNY,2025-04-19T20:28:16Z,2025-04-19T19:38:00Z,ARR,bad,50.0
24,True,True,OTTAWA,QUÉBEC,2025-04-19,9,Ste-Foy,SFOY,2025-04-19T20:36:59Z,2025-04-19T19:45:00Z,ARR,bad,51.0
24,True,True,OTTAWA,QUÉBEC,2025-04-19,10,Québec,QBEC,2025-04-19T21:08:41Z,2025-04-19T20:12:00Z,ARR,bad,56.0
37,True,True,QUÉBEC,OTTAWA,2025-04-19,0,Québec,QBEC,2025-04-19T16:32:00Z,2025-04-19T16:32:00Z,ARR,goo,0.0
37,True,True,QUÉBEC,OTTAWA,2025-04-19,1,Ste-Foy,SFOY,2025-04-19T16:58:00Z,2025-04-19T16:57:00Z,ARR,goo,1.0
37,True,True,QUÉBEC,OTTAWA,2025-04-19,2,Drummondville,DRMV,2025-04-19T19:11:25Z,2025-04-19T18:44:00Z,ARR,bad,27.0
37,True,True,QUÉBEC,OTTAWA,2025-04-19,3,St. Hyacinthe,SHYA,2025-04-19T19:49:30Z,2025-04-19T19:12:00Z,ARR,bad,37.0
37,True,True,QUÉBEC,OTTAWA,2025-04-19,4,St. Lambert,SLAM,2025-04-19T20:27:14Z,2025-04-19T19:39:00Z,ARR,bad,48.0
37,True,True,QUÉBEC,OTTAWA,2025-04-19,5,Montréal,MTRL,2025-04-19T20:44:00Z,2025-04-19T19:54:00Z,ARR,bad,50.0
37,True,True,QUÉBEC,OTTAWA,2025-04-19,6,Dorval,DORV,2025-04-19T21:41:33Z,2025-04-19T20:54:00Z,ARR,bad,47.0
37,True,True,QUÉBEC,OTTAWA,2025-04-19,7,Coteau,COTO,2025-04-19T22:14:11Z,2025-04-19T21:23:00Z,ARR,bad,51.0
37,True,True,QUÉBEC,OTTAWA,2025-04-19,8,Alexandria,ALEX,2025-04-19T22:37:26Z,2025-04-19T21:45:00Z,ARR,bad,52.0
37,True,True,QUÉBEC,OTTAWA,2025-04-19,9,Ottawa,OTTW,2025-04-19T23:25:50Z,2025-04-19T22:37:00Z,ARR,bad,48.0
41,True,True,OTTAWA,TORONTO,2025-04-19,0,Ottawa,OTTW,2025-04-19T09:21:00Z,2025-04-19T09:21:00Z,ARR,goo,0.0
41,True,True,OTTAWA,TORONTO,2025-04-19,1,Fallowfield,FALL,2025-04-19T09:36:10Z,2025-04-19T09:38:00Z,ARR,goo,-1.0
41,True,True,OTTAWA,TORONTO,2025-04-19,2,Smiths Falls,SMTF,2025-04-19T10:07:24Z,2025-04-19T10:08:00Z,ARR,goo,0.0
41,True,True,OTTAWA,TORONTO,2025-04-19,3,Brockville,BRKV,2025-04-19T10:39:43Z,2025-04-19T10:40:00Z,ARR,goo,0.0
41,True,True,OTTAWA,TORONTO,2025-04-19,4,Kingston,KGON,2025-04-19T11:20:50Z,2025-04-19T11:25:00Z,ARR,goo,-4.0
41,True,True,OTTAWA,TORONTO,2025-04-19,5,Napanee,NAPN,2025-04-19T11:49:12Z,2025-04-19T11:49:00Z,ARR,goo,0.0
41,True,True,OTTAWA,TORONTO,2025-04-19,6,Belleville,BLVL,2025-04-19T12:09:14Z,2025-04-19T12:07:00Z,ARR,goo,2.0
41,True,True,OTTAWA,TORONTO,2025-04-19,7,Trenton Jct.,TRNJ,2025-04-19T12:21:53Z,2025-04-19T12:20:00Z,ARR,goo,1.0
41,True,True,OTTAWA,TORONTO,2025-04-19,8,Cobourg,CBRG,2025-04-19T12:47:20Z,2025-04-19T12:44:00Z,ARR,goo,3.0
41,True,True,OTTAWA,TORONTO,2025-04-19,9,Oshawa,OSHA,2025-04-19T13:20:00Z,2025-04-19T13:19:00Z,ARR,goo,1.0
41,True,True,OTTAWA,TORONTO,2025-04-19,10,Toronto,TRTO,2025-04-19T14:00:38Z,2025-04-19T14:02:00Z,ARR,goo,-1.0
50,True,True,TORONTO,OTTAWA,2025-04-19,0,Toronto,TRTO,2025-04-19T10:32:00Z,2025-04-19T10:32:00Z,ARR,goo,0.0
50,True,True,TORONTO,OTTAWA,2025-04-19,1,Guildwood,GUIL,2025-04-19T10:48:39Z,2025-04-19T10:50:00Z,ARR,goo,-1.0
50,True,True,TORONTO,OTTAWA,2025-04-19,2,Oshawa,OSHA,2025-04-19T11:08:32Z,2025-04-19T11:08:00Z,ARR,goo,0.0
50,True,True,TORONTO,OTTAWA,2025-04-19,3,Cobourg,CBRG,2025-04-19T11:42:52Z,2025-04-19T11:43:00Z,ARR,goo,0.0
50,True,True,TORONTO,OTTAWA,2025-04-19,4,Belleville,BLVL,2025-04-19T12:16:58Z,2025-04-19T12:18:00Z,ARR,goo,-1.0
50,True,True,TORONTO,OTTAWA,2025-04-19,5,Kingston,KGON,2025-04-19T12:54:21Z,2025-04-19T12:57:00Z,ARR,goo,-2.0
50,True,True,TORONTO,OTTAWA,2025-04-19,6,Brockville,BRKV,2025-04-19T14:07:14Z,2025-04-19T13:54:00Z,ARR,med,13.0
50,True,True,TORONTO,OTTAWA,2025-04-19,7,Smiths Falls,SMTF,2025-04-19T14:29:14Z,2025-04-19T14:29:00Z,ARR,goo,0.0
50,True,True,TORONTO,OTTAWA,2025-04-19,8,Fallowfield,FALL,2025-04-19T14:56:39Z,2025-04-19T15:01:00Z,ARR,goo,-4.0
50,True,True,TORONTO,OTTAWA,2025-04-19,9,Ottawa,OTTW,2025-04-19T15:12:45Z,2025-04-19T15:21:00Z,ARR,goo,-8.0
52,True,True,TORONTO,OTTAWA,2025-04-19,0,Toronto,TRTO,2025-04-19T12:32:35Z,2025-04-19T12:32:00Z,ARR,goo,0.0
52,True,True,TORONTO,OTTAWA,2025-04-19,1,Guildwood,GUIL,2025-04-19T12:49:29Z,2025-04-19T12:50:00Z,ARR,goo,0.0
52,True,True,TORONTO,OTTAWA,2025-04-19,2,Oshawa,OSHA,2025-04-19T13:09:30Z,2025-04-19T13:09:00Z,ARR,goo,0.0
52,True,True,TORONTO,OTTAWA,2025-04-19,3,Cobourg,CBRG,2025-04-19T13:44:59Z,2025-04-19T13:44:00Z,ARR,goo,0.0
52,True,True,TORONTO,OTTAWA,2025-04-19,4,Belleville,BLVL,2025-04-19T14:21:53Z,2025-04-19T14:20:00Z,ARR,goo,1.0
52,True,True,TORONTO,OTTAWA,2025-04-19,5,Kingston,KGON,2025-04-19T15:01:11Z,2025-04-19T15:00:00Z,ARR,goo,1.0
52,True,True,TORONTO,OTTAWA,2025-04-19,6,Brockville,BRKV,2025-04-19T15:50:40Z,2025-04-19T15:57:00Z,ARR,goo,-6.0
52,True,True,TORONTO,OTTAWA,2025-04-19,7,Smiths Falls,SMTF,2025-04-19T16:30:18Z,2025-04-19T16:35:00Z,ARR,goo,-4.0
52,True,True,TORONTO,OTTAWA,2025-04-19,8,Fallowfield,FALL,2025-04-19T17:07:41Z,2025-04-19T17:11:00Z,ARR,goo,-3.0
52,True,True,TORONTO,OTTAWA,2025-04-19,9,Ottawa,OTTW,2025-04-19T17:27:27Z,2025-04-19T17:32:00Z,ARR,goo,-4.0
53,True,True,OTTAWA,TORONTO,2025-04-19,0,Ottawa,OTTW,2025-04-19T15:43:00Z,2025-04-19T15:43:00Z,ARR,goo,0.0
53,True,True,OTTAWA,TORONTO,2025-04-19,1,Fallowfield,FALL,2025-04-19T15:57:42Z,2025-04-19T16:00:00Z,ARR,goo,-2.0
53,True,True,OTTAWA,TORONTO,2025-04-19,2,Brockville,BRKV,2025-04-19T17:06:22Z,2025-04-19T17:01:00Z,ARR,med,5.0
53,True,True,OTTAWA,TORONTO,2025-04-19,3,Gananoque,GANA,2025-04-19T17:36:21Z,2025-04-19T17:31:00Z,ARR,med,5.0
53,True,True,OTTAWA,TORONTO,2025-04-19,4,Kingston,KGON,2025-04-19T17:56:41Z,2025-04-19T17:54:00Z,ARR,goo,2.0
53,True,True,OTTAWA,TORONTO,2025-04-19,5,Belleville,BLVL,2025-04-19T18:36:13Z,2025-04-19T18:36:00Z,ARR,goo,0.0
53,True,True,OTTAWA,TORONTO,2025-04-19,6,Cobourg,CBRG,2025-04-19T19:09:00Z,2025-04-19T19:12:00Z,ARR,goo,-3.0
53,True,True,OTTAWA,TORONTO,2025-04-19,7,Oshawa,OSHA,2025-04-19T19:43:47Z,2025-04-19T19:48:00Z,ARR,goo,-4.0
53,True,True,OTTAWA,TORONTO,2025-04-19,8,Toronto,TRTO,2025-04-19T20:42:23Z,2025-04-19T20:33:00Z,ARR,med,9.0
60,True,True,TORONTO,MONTRÉAL,2025-04-19,0,Toronto,TRTO,2025-04-19T10:32:00Z,2025-04-19T10:32:00Z,ARR,goo,0.0
60,True,True,TORONTO,MONTRÉAL,2025-04-19,1,Guildwood,GUIL,2025-04-19T10:48:35Z,2025-04-19T10:50:00Z,ARR,goo,-1.0
60,True,True,TORONTO,MONTRÉAL,2025-04-19,2,Oshawa,OSHA,2025-04-19T11:08:28Z,2025-04-19T11:08:00Z,ARR,goo,0.0
60,True,True,TORONTO,MONTRÉAL,2025-04-19,3,Cobourg,CBRG,2025-04-19T11:42:47Z,2025-04-19T11:43:00Z,ARR,goo,0.0
60,True,True,TORONTO,MONTRÉAL,2025-04-19,4,Belleville,BLVL,2025-04-19T12:16:51Z,2025-04-19T12:18:00Z,ARR,goo,-1.0
60,True,True,TORONTO,MONTRÉAL,2025-04-19,5,Kingston,KGON,2025-04-19T12:54:17Z,2025-04-19T12:57:00Z,ARR,goo,-2.0
60,True,True,TORONTO,MONTRÉAL,2025-04-19,6,Cornwall,CWLL,2025-04-19T14:34:38Z,2025-04-19T14:38:00Z,ARR,goo,-3.0
60,True,True,TORONTO,MONTRÉAL,2025-04-19,7,Dorval,DORV,2025-04-19T15:35:27Z,2025-04-19T15:25:00Z,ARR,med,10.0
60,True,True,TORONTO,MONTRÉAL,2025-04-19,8,Montréal,MTRL,2025-04-19T15:57:45Z,2025-04-19T15:50:00Z,ARR,med,7.0
61,True,True,MONTRÉAL,TORONTO,2025-04-19,0,Montréal,MTRL,2025-04-19T10:45:00Z,2025-04-19T10:45:00Z,ARR,goo,0.0
61,True,True,MONTRÉAL,TORONTO,2025-04-19,1,Dorval,DORV,2025-04-19T11:10:51Z,2025-04-19T11:08:00Z,ARR,goo,2.0
61,True,True,MONTRÉAL,TORONTO,2025-04-19,2,Cornwall,CWLL,2025-04-19T12:02:13Z,2025-04-19T12:01:00Z,ARR,goo,1.0
61,True,True,MONTRÉAL,TORONTO,2025-04-19,3,Kingston,KGON,2025-04-19T13:29:06Z,2025-04-19T13:29:00Z,ARR,goo,0.0
61,True,True,MONTRÉAL,TORONTO,2025-04-19,4,Belleville,BLVL,2025-04-19T14:13:33Z,2025-04-19T14:11:00Z,ARR,goo,2.0
61,True,True,MONTRÉAL,TORONTO,2025-04-19,5,Oshawa,OSHA,2025-04-19T15:22:04Z,2025-04-19T15:19:00Z,ARR,goo,3.0
61,True,True,MONTRÉAL,TORONTO,2025-04-19,6,Guildwood,GUIL,2025-04-19T15:45:01Z,2025-04-19T15:43:00Z,ARR,goo,2.0
61,True,True,MONTRÉAL,TORONTO,2025-04-19,7,Toronto,TRTO,2025-04-19T16:11:54Z,2025-04-19T16:03:00Z,ARR,med,8.0
64,True,True,TORONTO,MONTRÉAL,2025-04-19,0,Toronto,TRTO,2025-04-19T15:37:00Z,2025-04-19T15:37:00Z,ARR,goo,0.0
64,True,True,TORONTO,MONTRÉAL,2025-04-19,1,Guildwood,GUIL,2025-04-19T15:54:54Z,2025-04-19T15:55:00Z,ARR,goo,0.0
64,True,True,TORONTO,MONTRÉAL,2025-04-19,2,Oshawa,OSHA,2025-04-19T16:13:09Z,2025-04-19T16:09:00Z,ARR,goo,4.0
64,True,True,TORONTO,MONTRÉAL,2025-04-19,3,Cobourg,CBRG,2025-04-19T16:48:20Z,2025-04-19T16:46:00Z,ARR,goo,2.0
64,True,True,TORONTO,MONTRÉAL,2025-04-19,4,Belleville,BLVL,2025-04-19T17:25:51Z,2025-04-19T17:22:00Z,ARR,goo,3.0
64,True,True,TORONTO,MONTRÉAL,2025-04-19,5,Kingston,KGON,2025-04-19T18:03:40Z,2025-04-19T18:03:00Z,ARR,goo,0.0
64,True,True,TORONTO,MONTRÉAL,2025-04-19,6,Brockville,BRKV,2025-04-19T18:52:47Z,2025-04-19T18:52:00Z,ARR,goo,0.0
64,True,True,TORONTO,MONTRÉAL,2025-04-19,7,Cornwall,CWLL,2025-04-19T19:40:16Z,2025-04-19T19:42:00Z,ARR,goo,-1.0
64,True,True,TORONTO,MONTRÉAL,2025-04-19,8,Dorval,DORV,2025-04-19T20:29:19Z,2025-04-19T20:37:00Z,ARR,goo,-7.0
64,True,True,TORONTO,MONTRÉAL,2025-04-19,9,Montréal,MTRL,2025-04-19T20:59:55Z,2025-04-19T21:05:00Z,ARR,goo,-5.0
65,True,True,MONTRÉAL,TORONTO,2025-04-19,0,Montréal,MTRL,2025-04-19T14:49:00Z,2025-04-19T14:49:00Z,ARR,goo,0.0
65,True,True,MONTRÉAL,TORONTO,2025-04-19,1,Dorval,DORV,2025-04-19T15:12:56Z,2025-04-19T15:12:00Z,ARR,goo,0.0
65,True,True,MONTRÉAL,TORONTO,2025-04-19,2,Cornwall,CWLL,2025-04-19T16:03:26Z,2025-04-19T16:06:00Z,ARR,goo,-2.0
65,True,True,MONTRÉAL,TORONTO,2025-04-19,3,Kingston,KGON,2025-04-19T17:30:18Z,2025-04-19T17:36:00Z,ARR,goo,-5.0
65,True,True,MONTRÉAL,TORONTO,2025-04-19,4,Belleville,BLVL,2025-04-19T18:18:58Z,2025-04-19T18:20:00Z,ARR,goo,-1.0
65,True,True,MONTRÉAL,TORONTO,2025-04-19,5,Cobourg,CBRG,2025-04-19T18:58:16Z,2025-04-19T18:58:00Z,ARR,goo,0.0
65,True,True,MONTRÉAL,TORONTO,2025-04-19,6,Oshawa,OSHA,2025-04-19T19:32:07Z,2025-04-19T19:34:00Z,ARR,goo,-1.0
65,True,True,MONTRÉAL,TORONTO,2025-04-19,7,Toronto,TRTO,2025-04-19T20:32:40Z,2025-04-19T20:18:00Z,ARR,med,14.0
67,True,True,MONTRÉAL,TORONTO,2025-04-19,0,Montréal,MTRL,2025-04-19T17:22:00Z,2025-04-19T17:22:00Z,ARR,goo,0.0
67,True,True,MONTRÉAL,TORONTO,2025-04-19,1,Dorval,DORV,2025-04-19T17:47:28Z,2025-04-19T17:47:00Z,ARR,goo,0.0
67,True,True,MONTRÉAL,TORONTO,2025-04-19,2,Cornwall,CWLL,2025-04-19T18:37:41Z,2025-04-19T18:38:00Z,ARR,goo,0.0
67,True,True,MONTRÉAL,TORONTO,2025-04-19,3,Kingston,KGON,2025-04-19T20:05:22Z,2025-04-19T20:03:00Z,ARR,goo,2.0
67,True,True,MONTRÉAL,TORONTO,2025-04-19,4,Belleville,BLVL,2025-04-19T20:48:33Z,2025-04-19T20:42:00Z,ARR,med,6.0
67,True,True,MONTRÉAL,TORONTO,2025-04-19,5,Cobourg,CBRG,2025-04-19T21:22:34Z,2025-04-19T21:17:00Z,ARR,med,5.0
67,True,True,MONTRÉAL,TORONTO,2025-04-19,6,Oshawa,OSHA,2025-04-19T22:05:39Z,2025-04-19T21:50:00Z,ARR,bad,15.0
67,True,True,MONTRÉAL,TORONTO,2025-04-19,7,Toronto,TRTO,2025-04-19T22:48:36Z,2025-04-19T22:45:00Z,ARR,goo,3.0
70,True,True,WINDSOR,TORONTO,2025-04-19,0,Windsor,WDON,2025-04-19T09:35:00Z,2025-04-19T09:35:00Z,ARR,goo,0.0
70,True,True,WINDSOR,TORONTO,2025-04-19,1,Chatham,CHAT,2025-04-19T10:24:01Z,2025-04-19T10:19:00Z,ARR,med,5.0
70,True,True,WINDSOR,TORONTO,2025-04-19,2,London,LNDN,2025-04-19T11:35:23Z,2025-04-19T11:25:00Z,ARR,med,10.0
70,True,True,WINDSOR,TORONTO,2025-04-19,3,Ingersoll,INGR,2025-04-19T12:00:09Z,2025-04-19T11:55:00Z,ARR,med,5.0
70,True,True,WINDSOR,TORONTO,2025-04-19,4,Woodstock,WDST,2025-04-19T12:12:18Z,2025-04-19T12:08:00Z,ARR,goo,4.0
70,True,True,WINDSOR,TORONTO,2025-04-19,5,Brantford,BRTF,2025-04-19T12:42:13Z,2025-04-19T12:44:00Z,ARR,goo,-1.0
70,True,True,WINDSOR,TORONTO,2025-04-19,6,Aldershot,ALDR,2025-04-19T13:26:17Z,2025-04-19T13:25:00Z,ARR,goo,1.0
70,True,True,WINDSOR,TORONTO,2025-04-19,7,Oakville,OAKV,2025-04-19T13:46:01Z,2025-04-19T13:43:00Z,ARR,goo,3.0
70,True,True,WINDSOR,TORONTO,2025-04-19,8,Toronto,TRTO,2025-04-19T14:14:43Z,2025-04-19T14:10:00Z,ARR,goo,4.0
72,True,True,WINDSOR,TORONTO,2025-04-19,0,Windsor,WDON,2025-04-19T12:43:00Z,2025-04-19T12:43:00Z,ARR,goo,0.0
72,True,True,WINDSOR,TORONTO,2025-04-19,1,Chatham,CHAT,2025-04-19T13:26:04Z,2025-04-19T13:25:00Z,ARR,goo,1.0
72,True,True,WINDSOR,TORONTO,2025-04-19,2,Glencoe,GLNC,2025-04-19T14:12:53Z,2025-04-19T14:05:00Z,ARR,med,7.0
72,True,True,WINDSOR,TORONTO,2025-04-19,3,London,LNDN,2025-04-19T14:44:33Z,2025-04-19T14:39:00Z,ARR,med,5.0
72,True,True,WINDSOR,TORONTO,2025-04-19,4,Ingersoll,INGR,2025-04-19T15:12:33Z,2025-04-19T15:07:00Z,ARR,med,5.0
72,True,True,WINDSOR,TORONTO,2025-04-19,5,Woodstock,WDST,2025-04-19T15:24:07Z,2025-04-19T15:23:00Z,ARR,goo,1.0
72,True,True,WINDSOR,TORONTO,2025-04-19,6,Brantford,BRTF,2025-04-19T15:55:31Z,2025-04-19T15:55:00Z,ARR,goo,0.0
72,True,True,WINDSOR,TORONTO,2025-04-19,7,Aldershot,ALDR,2025-04-19T16:31:10Z,2025-04-19T16:29:00Z,ARR,goo,2.0
72,True,True,WINDSOR,TORONTO,2025-04-19,8,Oakville,OAKV,2025-04-19T16:47:47Z,2025-04-19T16:45:00Z,ARR,goo,2.0
72,True,True,WINDSOR,TORONTO,2025-04-19,9,Toronto,TRTO,2025-04-19T17:15:00Z,2025-04-19T17:11:00Z,ARR,goo,4.0
73,True,True,TORONTO,WINDSOR,2025-04-19,0,Toronto,TRTO,2025-04-19T15:30:00Z,2025-04-19T15:30:00Z,ARR,goo,0.0
73,True,True,TORONTO,WINDSOR,2025-04-19,1,Oakville,OAKV,2025-04-19T15:53:46Z,2025-04-19T15:51:00Z,ARR,goo,2.0
73,True,True,TORONTO,WINDSOR,2025-04-19,2,Aldershot,ALDR,2025-04-19T16:11:13Z,2025-04-19T16:09:00Z,ARR,goo,2.0
73,True,True,TORONTO,WINDSOR,2025-04-19,3,Brantford,BRTF,2025-04-19T16:43:50Z,2025-04-19T16:40:00Z,ARR,goo,3.0
73,True,True,TORONTO,WINDSOR,2025-04-19,4,Woodstock,WDST,2025-04-19T17:15:09Z,2025-04-19T17:09:00Z,ARR,med,6.0
73,True,True,TORONTO,WINDSOR,2025-04-19,5,London,LNDN,2025-04-19T17:45:14Z,2025-04-19T17:38:00Z,ARR,med,7.0
73,True,True,TORONTO,WINDSOR,2025-04-19,6,Chatham,CHAT,2025-04-19T18:59:09Z,2025-04-19T18:50:00Z,ARR,med,9.0
73,True,True,TORONTO,WINDSOR,2025-04-19,7,Windsor,WDON,2025-04-19T19:45:35Z,2025-04-19T19:45:00Z,ARR,goo,0.0
71,True,True,TORONTO,WINDSOR,2025-04-19,0,Toronto,TRTO,2025-04-19T10:50:00Z,2025-04-19T10:50:00Z,ARR,goo,0.0
71,True,True,TORONTO,WINDSOR,2025-04-19,1,Oakville,OAKV,2025-04-19T11:17:50Z,2025-04-19T11:13:00Z,ARR,goo,4.0
71,True,True,TORONTO,WINDSOR,2025-04-19,2,Aldershot,ALDR,2025-04-19T11:34:58Z,2025-04-19T11:29:00Z,ARR,med,5.0
71,True,True,TORONTO,WINDSOR,2025-04-19,3,Brantford,BRTF,2025-04-19T12:07:13Z,2025-04-19T11:55:00Z,ARR,med,12.0
71,True,True,TORONTO,WINDSOR,2025-04-19,4,Woodstock,WDST,2025-04-19T12:42:15Z,2025-04-19T12:30:00Z,ARR,med,12.0
71,True,True,TORONTO,WINDSOR,2025-04-19,5,Ingersoll,INGR,2025-04-19T12:59:29Z,2025-04-19T12:43:00Z,ARR,bad,16.0
71,True,True,TORONTO,WINDSOR,2025-04-19,6,London,LNDN,2025-04-19T13:23:50Z,2025-04-19T13:06:00Z,ARR,bad,17.0
71,True,True,TORONTO,WINDSOR,2025-04-19,7,Glencoe,GLNC,2025-04-19T14:00:33Z,2025-04-19T13:39:00Z,ARR,bad,21.0
71,True,True,TORONTO,WINDSOR,2025-04-19,8,Chatham,CHAT,2025-04-19T14:43:24Z,2025-04-19T14:18:00Z,ARR,bad,25.0
71,True,True,TORONTO,WINDSOR,2025-04-19,9,Windsor,WDON,2025-04-19T15:33:53Z,2025-04-19T15:08:00Z,ARR,bad,25.0
82,True,True,LONDON,TORONTO,2025-04-19,0,London,LNDN,2025-04-19T10:25:00Z,2025-04-19T10:25:00Z,ARR,goo,0.0
82,True,True,LONDON,TORONTO,2025-04-19,1,Woodstock,WDST,2025-04-19T10:53:32Z,2025-04-19T10:53:00Z,ARR,goo,0.0
82,True,True,LONDON,TORONTO,2025-04-19,2,Brantford,BRTF,2025-04-19T11:23:07Z,2025-04-19T11:23:00Z,ARR,goo,0.0
82,True,True,LONDON,TORONTO,2025-04-19,3,Toronto,TRTO,2025-04-19T12:25:03Z,2025-04-19T12:35:00Z,ARR,goo,-9.0
84,True,True,SARNIA,TORONTO,2025-04-19,0,Sarnia,SARN,2025-04-19T12:40:00Z,2025-04-19T12:40:00Z,ARR,goo,0.0
84,True,True,SARNIA,TORONTO,2025-04-19,1,Wyoming,WYOM,2025-04-19T12:58:03Z,2025-04-19T12:55:00Z,ARR,goo,3.0
84,True,True,SARNIA,TORONTO,2025-04-19,2,Strathroy,STRR,2025-04-19T13:25:13Z,2025-04-19T13:27:00Z,ARR,goo,-1.0
84,True,True,SARNIA,TORONTO,2025-04-19,3,London,LNDN,2025-04-19T13:55:37Z,2025-04-19T13:52:00Z,ARR,goo,3.0
84,True,True,SARNIA,TORONTO,2025-04-19,4,St.Marys,SMYS,2025-04-19T14:49:42Z,2025-04-19T14:45:00Z,ARR,goo,4.0
84,True,True,SARNIA,TORONTO,2025-04-19,5,Stratford,STRF,2025-04-19T15:18:23Z,2025-04-19T15:14:00Z,ARR,goo,4.0
84,True,True,SARNIA,TORONTO,2025-04-19,6,Kitchener,KITC,2025-04-19T16:03:31Z,2025-04-19T16:02:00Z,ARR,goo,1.0
84,True,True,SARNIA,TORONTO,2025-04-19,7,Guelph,GUEL,2025-04-19T16:26:09Z,2025-04-19T16:24:00Z,ARR,goo,2.0
84,True,True,SARNIA,TORONTO,2025-04-19,8,Georgetown,GEOR,2025-04-19T16:51:14Z,2025-04-19T16:47:00Z,ARR,goo,4.0
84,True,True,SARNIA,TORONTO,2025-04-19,9,Brampton,BRMP,2025-04-19T17:02:12Z,2025-04-19T16:59:00Z,ARR,goo,3.0
84,True,True,SARNIA,TORONTO,2025-04-19,10,Malton,MALT,2025-04-19T17:15:41Z,2025-04-19T17:11:00Z,ARR,goo,4.0
84,True,True,SARNIA,TORONTO,2025-04-19,11,Toronto,TRTO,2025-04-19T17:35:23Z,2025-04-19T17:38:00Z,ARR,goo,-2.0
644,True,True,TORONTO,OTTAWA,2025-04-19,0,Toronto,TRTO,2025-04-19T17:22:00Z,2025-04-19T17:22:00Z,ARR,goo,0.0
644,True,True,TORONTO,OTTAWA,2025-04-19,1,Oshawa,OSHA,2025-04-19T17:58:58Z,2025-04-19T17:53:00Z,ARR,med,5.0
644,True,True,TORONTO,OTTAWA,2025-04-19,2,Cobourg,CBRG,2025-04-19T18:38:11Z,2025-04-19T18:28:00Z,ARR,med,10.0
644,True,True,TORONTO,OTTAWA,2025-04-19,3,Belleville,BLVL,2025-04-19T19:18:02Z,2025-04-19T19:03:00Z,ARR,bad,15.0
644,True,True,TORONTO,OTTAWA,2025-04-19,4,Kingston,KGON,2025-04-19T20:01:18Z,2025-04-19T19:43:00Z,ARR,bad,18.0
644,True,True,TORONTO,OTTAWA,2025-04-19,5,Fallowfield,FALL,2025-04-19T21:41:48Z,2025-04-19T21:30:00Z,ARR,med,11.0
644,True,True,TORONTO,OTTAWA,2025-04-19,6,Ottawa,OTTW,2025-04-19T22:00:35Z,2025-04-19T21:53:00Z,ARR,med,7.0
643,True,True,OTTAWA,TORONTO,2025-04-19,0,Ottawa,OTTW,2025-04-19T12:29:00Z,2025-04-19T12:29:00Z,ARR,goo,0.0
643,True,True,OTTAWA,TORONTO,2025-04-19,1,Fallowfield,FALL,2025-04-19T12:46:12Z,2025-04-19T12:45:00Z,ARR,goo,1.0
643,True,True,OTTAWA,TORONTO,2025-04-19,2,Smiths Falls,SMTF,2025-04-19T13:16:42Z,2025-04-19T13:17:00Z,ARR,goo,0.0
643,True,True,OTTAWA,TORONTO,2025-04-19,3,Brockville,BRKV,2025-04-19T13:50:49Z,2025-04-19T13:49:00Z,ARR,goo,1.0
643,True,True,OTTAWA,TORONTO,2025-04-19,4,Kingston,KGON,2025-04-19T14:46:32Z,2025-04-19T14:32:00Z,ARR,med,14.0
643,True,True,OTTAWA,TORONTO,2025-04-19,5,Napanee,NAPN,2025-04-19T15:12:13Z,2025-04-19T14:57:00Z,ARR,bad,15.0
643,True,True,OTTAWA,TORONTO,2025-04-19,6,Belleville,BLVL,2025-04-19T15:36:44Z,2025-04-19T15:17:00Z,ARR,bad,19.0
643,True,True,OTTAWA,TORONTO,2025-04-19,7,Trenton Jct.,TRNJ,2025-04-19T15:51:29Z,2025-04-19T15:31:00Z,ARR,bad,20.0
643,True,True,OTTAWA,TORONTO,2025-04-19,8,Cobourg,CBRG,2025-04-19T16:25:10Z,2025-04-19T15:57:00Z,ARR,bad,28.0
643,True,True,OTTAWA,TORONTO,2025-04-19,9,Port Hope,PHOP,2025-04-19T16:37:28Z,2025-04-19T16:07:00Z,ARR,bad,30.0
643,True,True,OTTAWA,TORONTO,2025-04-19,10,Oshawa,OSHA,2025-04-19T17:10:21Z,2025-04-19T16:35:00Z,ARR,bad,35.0
643,True,True,OTTAWA,TORONTO,2025-04-19,11,Guildwood,GUIL,2025-04-19T17:31:49Z,2025-04-19T16:58:00Z,ARR,bad,33.0
643,True,True,OTTAWA,TORONTO,2025-04-19,12,Toronto,TRTO,2025-04-19T17:51:24Z,2025-04-19T17:18:00Z,ARR,bad,33.0
97,True,True,TORONTO,NIAGARA FALLS,2025-04-19,0,Toronto,TRTO,2025-04-19T12:20:00Z,2025-04-19T12:20:00Z,ARR,goo,0.0
97,True,True,TORONTO,NIAGARA FALLS,2025-04-19,1,Oakville,OAKV,2025-04-19T12:43:00Z,2025-04-19T12:43:00Z,ARR,goo,0.0
97,True,True,TORONTO,NIAGARA FALLS,2025-04-19,2,Aldershot,ALDR,2025-04-19T12:56:00Z,2025-04-19T12:56:00Z,ARR,goo,0.0
97,True,True,TORONTO,NIAGARA FALLS,2025-04-19,3,Grimsby,GRIM,2025-04-19T13:37:00Z,2025-04-19T13:37:00Z,ARR,goo,0.0
97,True,True,TORONTO,NIAGARA FALLS,2025-04-19,4,St. Catharines,SCAT,2025-04-19T13:57:00Z,2025-04-19T13:57:00Z,ARR,goo,0.0
97,True,True,TORONTO,NIAGARA FALLS,2025-04-19,5,Niagara Falls,NIAG,2025-04-19T14:20:00Z,2025-04-19T14:20:00Z,ARR,goo,0.0
62,True,True,TORONTO,MONTRÉAL,2025-04-19,0,Toronto,TRTO,2025-04-19T12:32:00Z,2025-04-19T12:32:00Z,ARR,goo,0.0
62,True,True,TORONTO,MONTRÉAL,2025-04-19,1,Guildwood,GUIL,2025-04-19T12:49:21Z,2025-04-19T12:50:00Z,ARR,goo,0.0
62,True,True,TORONTO,MONTRÉAL,2025-04-19,2,Oshawa,OSHA,2025-04-19T13:09:27Z,2025-04-19T13:09:00Z,ARR,goo,0.0
62,True,True,TORONTO,MONTRÉAL,2025-04-19,3,Cobourg,CBRG,2025-04-19T13:44:54Z,2025-04-19T13:44:00Z,ARR,goo,0.0
62,True,True,TORONTO,MONTRÉAL,2025-04-19,4,Belleville,BLVL,2025-04-19T14:21:49Z,2025-04-19T14:20:00Z,ARR,goo,1.0
62,True,True,TORONTO,MONTRÉAL,2025-04-19,5,Kingston,KGON,2025-04-19T15:01:07Z,2025-04-19T15:00:00Z,ARR,goo,1.0
62,True,True,TORONTO,MONTRÉAL,2025-04-19,6,Cornwall,CWLL,2025-04-19T16:38:15Z,2025-04-19T16:43:00Z,ARR,goo,-4.0
62,True,True,TORONTO,MONTRÉAL,2025-04-19,7,Dorval,DORV,2025-04-19T17:55:42Z,2025-04-19T17:34:00Z,ARR,bad,21.0
62,True,True,TORONTO,MONTRÉAL,2025-04-19,8,Montréal,MTRL,2025-04-19T18:23:12Z,2025-04-19T18:00:00Z,ARR,bad,23.0
622,True,True,MONTRÉAL,QUÉBEC,2025-04-19,0,Montréal,MTRL,2025-04-19T12:20:00Z,2025-04-19T12:20:00Z,ARR,goo,0.0
622,True,True,MONTRÉAL,QUÉBEC,2025-04-19,1,St. Lambert,SLAM,2025-04-19T12:35:36Z,2025-04-19T12:33:00Z,ARR,goo,2.0
622,True,True,MONTRÉAL,QUÉBEC,2025-04-19,2,St. Hyacinthe,SHYA,2025-04-19T13:08:07Z,2025-04-19T13:00:00Z,ARR,med,8.0
622,True,True,MONTRÉAL,QUÉBEC,2025-04-19,3,Drummondville,DRMV,2025-04-19T13:51:39Z,2025-04-19T13:29:00Z,ARR,bad,22.0
622,True,True,MONTRÉAL,QUÉBEC,2025-04-19,4,Ste-Foy,SFOY,2025-04-19T15:33:20Z,2025-04-19T15:11:00Z,ARR,bad,22.0
622,True,True,MONTRÉAL,QUÉBEC,2025-04-19,5,Québec,QBEC,2025-04-19T16:00:13Z,2025-04-19T15:39:00Z,ARR,bad,21.0
633,True,True,MONTRÉAL,OTTAWA,2025-04-19,0,Montréal,MTRL,2025-04-19T13:00:00Z,2025-04-19T13:00:00Z,ARR,goo,0.0
633,True,True,MONTRÉAL,OTTAWA,2025-04-19,1,Dorval,DORV,2025-04-19T13:33:46Z,2025-04-19T13:24:00Z,ARR,med,9.0
633,True,True,MONTRÉAL,OTTAWA,2025-04-19,2,Alexandria,ALEX,2025-04-19T14:22:03Z,2025-04-19T14:11:00Z,ARR,med,11.0
633,True,True,MONTRÉAL,OTTAWA,2025-04-19,3,Casselman,CSLM,2025-04-19T14:44:48Z,2025-04-19T14:34:00Z,ARR,med,10.0
633,True,True,MONTRÉAL,OTTAWA,2025-04-19,4,Ottawa,OTTW,2025-04-19T15:11:07Z,2025-04-19T15:05:00Z,ARR,med,6.0
637,True,True,QUÉBEC,OTTAWA,2025-04-19,0,Québec,QBEC,2025-04-19T14:00:00Z,2025-04-19T14:00:00Z,ARR,goo,0.0
637,True,True,QUÉBEC,OTTAWA,2025-04-19,1,Ste-Foy,SFOY,2025-04-19T14:26:00Z,2025-04-19T14:25:00Z,ARR,goo,1.0
637,True,True,QUÉBEC,OTTAWA,2025-04-19,2,Drummondville,DRMV,2025-04-19T16:14:46Z,2025-04-19T16:08:00Z,ARR,med,6.0
637,True,True,QUÉBEC,OTTAWA,2025-04-19,3,St. Lambert,SLAM,2025-04-19T17:30:40Z,2025-04-19T17:16:00Z,ARR,med,14.0
637,True,True,QUÉBEC,OTTAWA,2025-04-19,4,Montréal,MTRL,2025-04-19T17:49:05Z,2025-04-19T17:31:00Z,ARR,bad,18.0
637,True,True,QUÉBEC,OTTAWA,2025-04-19,5,Dorval,DORV,2025-04-19T18:20:00Z,2025-04-19T18:20:00Z,ARR,goo,0.0
637,True,True,QUÉBEC,OTTAWA,2025-04-19,6,Alexandria,ALEX,2025-04-19T19:33:21Z,2025-04-19T19:10:00Z,ARR,bad,23.0
637,True,True,QUÉBEC,OTTAWA,2025-04-19,7,Ottawa,OTTW,2025-04-19T20:28:41Z,2025-04-19T19:56:00Z,ARR,bad,32.0
185,True,True,SUDBURY,WHITE RIVER,2025-04-19,0,Sudbury,SUDB,2025-04-19T13:00:00Z,2025-04-19T13:00:00Z,ARR,goo,0.0
185,True,True,SUDBURY,WHITE RIVER,2025-04-19,1,Azilda,AZIL,2025-04-19T13:31:18Z,2025-04-19T13:10:00Z,ARR,bad,21.0
185,True,True,SUDBURY,WHITE RIVER,2025-04-19,2,Chelmsford,CHEL,2025-04-19T13:36:18Z,2025-04-19T13:15:00Z,ARR,bad,21.0
185,True,True,SUDBURY,WHITE RIVER,2025-04-19,3,Larchwood,LARC,2025-04-19T13:39:14Z,2025-04-19T13:19:00Z,ARR,bad,20.0
185,True,True,SUDBURY,WHITE RIVER,2025-04-19,4,Levack,LEVA,2025-04-19T13:48:57Z,2025-04-19T13:30:00Z,ARR,bad,18.0
185,True,True,SUDBURY,WHITE RIVER,2025-04-19,5,Cartier,CART,2025-04-19T14:02:02Z,2025-04-19T13:45:00Z,ARR,bad,17.0
185,True,True,SUDBURY,WHITE RIVER,2025-04-19,6,Benny,BENN,2025-04-19T14:15:56Z,2025-04-19T14:05:00Z,ARR,med,10.0
185,True,True,SUDBURY,WHITE RIVER,2025-04-19,7,Stralak,STRL,2025-04-19T14:20:27Z,2025-04-19T14:12:00Z,ARR,med,8.0
185,True,True,SUDBURY,WHITE RIVER,2025-04-19,8,Pogamasing,POGA,2025-04-19T14:31:34Z,2025-04-19T14:25:00Z,ARR,med,6.0
185,True,True,SUDBURY,WHITE RIVER,2025-04-19,9,Sheahan,SHEA,2025-04-19T14:37:45Z,2025-04-19T14:30:00Z,ARR,med,7.0
185,True,True,SUDBURY,WHITE RIVER,2025-04-19,10,Forks,FRKS,2025-04-19T14:47:45Z,2025-04-19T14:40:00Z,ARR,med,7.0
185,True,True,SUDBURY,WHITE RIVER,2025-04-19,11,Metagama,MTGM,2025-04-19T14:57:45Z,2025-04-19T14:50:00Z,ARR,med,7.0
185,True,True,SUDBURY,WHITE RIVER,2025-04-19,12,Sinker,SNKR,2025-04-19T15:02:45Z,2025-04-19T14:55:00Z,ARR,med,7.0
185,True,True,SUDBURY,WHITE RIVER,2025-04-19,13,Biscotasing,BISC,2025-04-19T15:27:45Z,2025-04-19T15:20:00Z,ARR,med,7.0
185,True,True,SUDBURY,WHITE RIVER,2025-04-19,14,Roberts,RBRT,2025-04-19T15:37:45Z,2025-04-19T15:30:00Z,ARR,med,7.0
185,True,True,SUDBURY,WHITE RIVER,2025-04-19,15,Ramsey,RAMS,2025-04-19T15:52:45Z,2025-04-19T15:45:00Z,ARR,med,7.0
185,True,True,SUDBURY,WHITE RIVER,2025-04-19,16,Woman River,WOMR,2025-04-19T16:05:29Z,2025-04-19T16:05:00Z,ARR,goo,0.0
185,True,True,SUDBURY,WHITE RIVER,2025-04-19,17,Sultan,SULT,2025-04-19T16:20:29Z,2025-04-19T16:20:00Z,ARR,goo,0.0
185,True,True,SUDBURY,WHITE RIVER,2025-04-19,18,Kormak,KORM,2025-04-19T16:35:29Z,2025-04-19T16:35:00Z,ARR,goo,0.0
185,True,True,SUDBURY,WHITE RIVER,2025-04-19,19,Kinogama,KINO,2025-04-19T16:40:29Z,2025-04-19T16:40:00Z,ARR,goo,0.0
185,True,True,SUDBURY,WHITE RIVER,2025-04-19,20,Nemegos,NEME,2025-04-19T16:55:29Z,2025-04-19T16:55:00Z,ARR,goo,0.0
185,True,True,SUDBURY,WHITE RIVER,2025-04-19,21,Devon,DEVN,2025-04-19T17:03:46Z,2025-04-19T17:05:00Z,ARR,goo,-1.0
185,True,True,SUDBURY,WHITE RIVER,2025-04-19,22,Chapleau,CHAP,2025-04-19T17:27:28Z,2025-04-19T17:20:00Z,ARR,med,7.0
185,True,True,SUDBURY,WHITE RIVER,2025-04-19,23,Esher,ESHR,2025-04-19T17:40:06Z,2025-04-19T17:50:00Z,ARR,goo,-9.0
185,True,True,SUDBURY,WHITE RIVER,2025-04-19,24,Musk,MUSK,2025-04-19T18:10:14Z,2025-04-19T18:00:00Z,ARR,med,10.0
185,True,True,SUDBURY,WHITE RIVER,2025-04-19,25,Nicholson,NICH,2025-04-19T18:15:45Z,2025-04-19T18:10:00Z,ARR,med,5.0
185,True,True,SUDBURY,WHITE RIVER,2025-04-19,26,Bolkow,BOLK,2025-04-19T18:33:06Z,2025-04-19T18:30:00Z,ARR,goo,3.0
185,True,True,SUDBURY,WHITE RIVER,2025-04-19,27,Dalton,DALT,2025-04-19T18:48:06Z,2025-04-19T18:45:00Z,ARR,goo,3.0
185,True,True,SUDBURY,WHITE RIVER,2025-04-19,28,Missanabie,MSBI,2025-04-19T19:13:06Z,2025-04-19T19:10:00Z,ARR,goo,3.0
185,True,True,SUDBURY,WHITE RIVER,2025-04-19,29,Lochalsh,LOCH,2025-04-19T19:33:06Z,2025-04-19T19:30:00Z,ARR,goo,3.0
185,True,True,SUDBURY,WHITE RIVER,2025-04-19,30,Franz,FRNZ,2025-04-19T19:37:10Z,2025-04-19T19:50:00Z,ARR,goo,-12.0
185,True,True,SUDBURY,WHITE RIVER,2025-04-19,31,Swanson,SWAN,2025-04-19T19:45:42Z,2025-04-19T20:00:00Z,ARR,goo,-14.0
185,True,True,SUDBURY,WHITE RIVER,2025-04-19,32,Girdwood,GIRD,2025-04-19T20:05:26Z,2025-04-19T20:25:00Z,ARR,goo,-19.0
185,True,True,SUDBURY,WHITE RIVER,2025-04-19,33,Amyot,AMYO,2025-04-19T20:12:31Z,2025-04-19T20:35:00Z,ARR,goo,-22.0
185,True,True,SUDBURY,WHITE RIVER,2025-04-19,34,O'Brien,OBRI,2025-04-19T20:25:56Z,2025-04-19T20:50:00Z,ARR,goo,-24.0
185,True,True,SUDBURY,WHITE RIVER,2025-04-19,35,White River,WHTR,2025-04-19T20:44:29Z,2025-04-19T21:05:00Z,ARR,goo,-20.0
47,True,True,OTTAWA,TORONTO,2025-04-19,0,Ottawa,OTTW,2025-04-19T16:23:00Z,2025-04-19T16:23:00Z,ARR,goo,0.0
47,True,True,OTTAWA,TORONTO,2025-04-19,1,Fallowfield,FALL,2025-04-19T16:38:53Z,2025-04-19T16:40:00Z,ARR,goo,-1.0
47,True,True,OTTAWA,TORONTO,2025-04-19,2,Smiths Falls,SMTF,2025-04-19T17:12:49Z,2025-04-19T17:18:00Z,ARR,goo,-5.0
47,True,True,OTTAWA,TORONTO,2025-04-19,3,Brockville,BRKV,2025-04-19T17:53:59Z,2025-04-19T17:54:00Z,ARR,goo,0.0
47,True,True,OTTAWA,TORONTO,2025-04-19,4,Gananoque,GANA,2025-04-19T18:21:25Z,2025-04-19T18:22:00Z,ARR,goo,0.0
47,True,True,OTTAWA,TORONTO,2025-04-19,5,Kingston,KGON,2025-04-19T18:40:46Z,2025-04-19T18:45:00Z,ARR,goo,-4.0
47,True,True,OTTAWA,TORONTO,2025-04-19,6,Belleville,BLVL,2025-04-19T19:23:17Z,2025-04-19T19:26:00Z,ARR,goo,-2.0
47,True,True,OTTAWA,TORONTO,2025-04-19,7,Oshawa,OSHA,2025-04-19T20:29:31Z,2025-04-19T20:33:00Z,ARR,goo,-3.0
47,True,True,OTTAWA,TORONTO,2025-04-19,8,Guildwood,GUIL,2025-04-19T20:57:46Z,2025-04-19T20:58:00Z,ARR,goo,0.0
47,True,True,OTTAWA,TORONTO,2025-04-19,9,Toronto,TRTO,2025-04-19T21:19:09Z,2025-04-19T21:30:00Z,ARR,goo,-10.0
40,True,True,TORONTO,OTTAWA,2025-04-19,0,Toronto,TRTO,2025-04-19T14:37:00Z,2025-04-19T14:37:00Z,ARR,goo,0.0
40,True,True,TORONTO,OTTAWA,2025-04-19,1,Guildwood,GUIL,2025-04-19T14:53:08Z,2025-04-19T14:55:00Z,ARR,goo,-1.0
40,True,True,TORONTO,OTTAWA,2025-04-19,2,Belleville,BLVL,2025-04-19T16:22:39Z,2025-04-19T16:14:00Z,ARR,med,8.0
40,True,True,TORONTO,OTTAWA,2025-04-19,3,Kingston,KGON,2025-04-19T17:00:29Z,2025-04-19T16:53:00Z,ARR,med,7.0
40,True,True,TORONTO,OTTAWA,2025-04-19,4,Fallowfield,FALL,2025-04-19T18:42:17Z,2025-04-19T18:43:00Z,ARR,goo,0.0
40,True,True,TORONTO,OTTAWA,2025-04-19,5,Ottawa,OTTW,2025-04-19T19:07:34Z,2025-04-19T19:07:00Z,ARR,goo,0.0
63,True,True,MONTRÉAL,TORONTO,2025-04-19,0,Montréal,MTRL,2025-04-19T12:46:00Z,2025-04-19T12:46:00Z,ARR,goo,0.0
63,True,True,MONTRÉAL,TORONTO,2025-04-19,1,Dorval,DORV,2025-04-19T13:10:20Z,2025-04-19T13:11:00Z,ARR,goo,0.0
63,True,True,MONTRÉAL,TORONTO,2025-04-19,2,Cornwall,CWLL,2025-04-19T14:02:00Z,2025-04-19T14:04:00Z,ARR,goo,-2.0
63,True,True,MONTRÉAL,TORONTO,2025-04-19,3,Brockville,BRKV,2025-04-19T14:59:35Z,2025-04-19T14:54:00Z,ARR,med,5.0
63,True,True,MONTRÉAL,TORONTO,2025-04-19,4,Kingston,KGON,2025-04-19T15:44:50Z,2025-04-19T15:39:00Z,ARR,med,5.0
63,True,True,MONTRÉAL,TORONTO,2025-04-19,5,Belleville,BLVL,2025-04-19T16:26:22Z,2025-04-19T16:20:00Z,ARR,med,6.0
63,True,True,MONTRÉAL,TORONTO,2025-04-19,6,Cobourg,CBRG,2025-04-19T16:59:07Z,2025-04-19T16:58:00Z,ARR,goo,1.0
63,True,True,MONTRÉAL,TORONTO,2025-04-19,7,Oshawa,OSHA,2025-04-19T17:32:06Z,2025-04-19T17:34:00Z,ARR,goo,-1.0
63,True,True,MONTRÉAL,TORONTO,2025-04-19,8,Guildwood,GUIL,2025-04-19T17:55:33Z,2025-04-19T17:58:00Z,ARR,goo,-2.0
63,True,True,MONTRÉAL,TORONTO,2025-04-19,9,Toronto,TRTO,2025-04-19T18:26:57Z,2025-04-19T18:18:00Z,ARR,med,8.0
35,True,True,QUÉBEC,OTTAWA,2025-04-19,0,Québec,QBEC,2025-04-19T12:06:00Z,2025-04-19T12:06:00Z,ARR,goo,0.0
35,True,True,QUÉBEC,OTTAWA,2025-04-19,1,Ste-Foy,SFOY,2025-04-19T12:31:41Z,2025-04-19T12:31:00Z,ARR,goo,0.0
35,True,True,QUÉBEC,OTTAWA,2025-04-19,2,Charny,CHNY,2025-04-19T12:41:33Z,2025-04-19T12:40:00Z,ARR,goo,1.0
35,True,True,QUÉBEC,OTTAWA,2025-04-19,3,Drummondville,DRMV,2025-04-19T14:27:29Z,2025-04-19T14:14:00Z,ARR,med,13.0
35,True,True,QUÉBEC,OTTAWA,2025-04-19,4,St. Hyacinthe,SHYA,2025-04-19T15:04:29Z,2025-04-19T14:44:00Z,ARR,bad,20.0
35,True,True,QUÉBEC,OTTAWA,2025-04-19,5,St. Lambert,SLAM,2025-04-19T15:42:41Z,2025-04-19T15:11:00Z,ARR,bad,31.0
35,True,True,QUÉBEC,OTTAWA,2025-04-19,6,Montréal,MTRL,2025-04-19T16:02:12Z,2025-04-19T15:26:00Z,ARR,bad,36.0
35,True,True,QUÉBEC,OTTAWA,2025-04-19,7,Dorval,DORV,2025-04-19T16:39:00Z,2025-04-19T16:18:00Z,ARR,bad,21.0
35,True,True,QUÉBEC,OTTAWA,2025-04-19,8,Coteau,COTO,2025-04-19T17:07:00Z,2025-04-19T16:46:00Z,ARR,bad,21.0
35,True,True,QUÉBEC,OTTAWA,2025-04-19,9,Alexandria,ALEX,2025-04-19T17:52:51Z,2025-04-19T17:08:00Z,ARR,bad,44.0
35,True,True,QUÉBEC,OTTAWA,2025-04-19,10,Casselman,CSLM,2025-04-19T18:14:18Z,2025-04-19T17:31:00Z,ARR,bad,43.0
35,True,True,QUÉBEC,OTTAWA,2025-04-19,11,Ottawa,OTTW,2025-04-19T18:40:18Z,2025-04-19T17:58:00Z,ARR,bad,42.0
624,True,True,OTTAWA,QUÉBEC,2025-04-19,0,Ottawa,OTTW,2025-04-19T11:45:00Z,2025-04-19T11:45:00Z,ARR,goo,0.0
624,True,True,OTTAWA,QUÉBEC,2025-04-19,1,Alexandria,ALEX,2025-04-19T12:27:15Z,2025-04-19T12:31:00Z,ARR,goo,-3.0
624,True,True,OTTAWA,QUÉBEC,2025-04-19,2,Dorval,DORV,2025-04-19T13:20:35Z,2025-04-19T13:16:00Z,ARR,goo,4.0
624,True,True,OTTAWA,QUÉBEC,2025-04-19,3,Montréal,MTRL,2025-04-19T13:44:23Z,2025-04-19T13:39:00Z,ARR,med,5.0
624,True,True,OTTAWA,QUÉBEC,2025-04-19,4,St. Lambert,SLAM,2025-04-19T14:28:00Z,2025-04-19T14:28:00Z,ARR,goo,0.0
624,True,True,OTTAWA,QUÉBEC,2025-04-19,5,St. Hyacinthe,SHYA,2025-04-19T15:01:00Z,2025-04-19T15:06:00Z,ARR,goo,-5.0
624,True,True,OTTAWA,QUÉBEC,2025-04-19,6,Drummondville,DRMV,2025-04-19T15:39:20Z,2025-04-19T15:34:00Z,ARR,med,5.0
624,True,True,OTTAWA,QUÉBEC,2025-04-19,7,Charny,CHNY,2025-04-19T17:35:59Z,2025-04-19T17:13:00Z,ARR,bad,22.0
624,True,True,OTTAWA,QUÉBEC,2025-04-19,8,Ste-Foy,SFOY,2025-04-19T17:43:33Z,2025-04-19T17:20:00Z,ARR,bad,23.0
624,True,True,OTTAWA,QUÉBEC,2025-04-19,9,Québec,QBEC,2025-04-19T18:11:05Z,2025-04-19T17:48:00Z,ARR,bad,23.0
76,True,True,WINDSOR,TORONTO,2025-04-19,0,Windsor,WDON,2025-04-19T17:46:00Z,2025-04-19T17:46:00Z,ARR,goo,0.0
76,True,True,WINDSOR,TORONTO,2025-04-19,1,Chatham,CHAT,2025-04-19T18:30:30Z,2025-04-19T18:28:00Z,ARR,goo,2.0
76,True,True,WINDSOR,TORONTO,2025-04-19,2,Glencoe,GLNC,2025-04-19T19:12:15Z,2025-04-19T19:03:00Z,ARR,med,9.0
76,True,True,WINDSOR,TORONTO,2025-04-19,3,London,LNDN,2025-04-19T19:43:41Z,2025-04-19T19:38:00Z,ARR,med,5.0
76,True,True,WINDSOR,TORONTO,2025-04-19,4,Brantford,BRTF,2025-04-19T20:42:44Z,2025-04-19T20:39:00Z,ARR,goo,3.0
76,True,True,WINDSOR,TORONTO,2025-04-19,5,Aldershot,ALDR,2025-04-19T21:20:23Z,2025-04-19T21:10:00Z,ARR,med,10.0
76,True,True,WINDSOR,TORONTO,2025-04-19,6,Oakville,OAKV,2025-04-19T21:36:07Z,2025-04-19T21:27:00Z,ARR,med,9.0
76,True,True,WINDSOR,TORONTO,2025-04-19,7,Toronto,TRTO,2025-04-19T21:59:36Z,2025-04-19T21:53:00Z,ARR,med,6.0
645,True,True,OTTAWA,TORONTO,2025-04-19,0,Ottawa,OTTW,2025-04-19T18:29:00Z,2025-04-19T18:29:00Z,ARR,goo,0.0
645,True,True,OTTAWA,TORONTO,2025-04-19,1,Fallowfield,FALL,2025-04-19T18:47:18Z,2025-04-19T18:49:00Z,ARR,goo,-1.0
645,True,True,OTTAWA,TORONTO,2025-04-19,2,Kingston,KGON,2025-04-19T20:41:08Z,2025-04-19T20:34:00Z,ARR,med,7.0
645,True,True,OTTAWA,TORONTO,2025-04-19,3,Belleville,BLVL,2025-04-19T21:29:25Z,2025-04-19T21:15:00Z,ARR,med,14.0
645,True,True,OTTAWA,TORONTO,2025-04-19,4,Oshawa,OSHA,2025-04-19T22:51:00Z,2025-04-19T22:20:00Z,ARR,bad,31.0
645,True,True,OTTAWA,TORONTO,2025-04-19,5,Toronto,TRTO,2025-04-19T23:30:42Z,2025-04-19T23:15:00Z,ARR,bad,15.0
26,True,True,OTTAWA,QUÉBEC,2025-04-19,0,Ottawa,OTTW,2025-04-19T18:17:00Z,2025-04-19T18:17:00Z,ARR,goo,0.0
26,True,True,OTTAWA,QUÉBEC,2025-04-19,1,Alexandria,ALEX,2025-04-19T19:04:31Z,2025-04-19T19:03:00Z,ARR,goo,1.0
26,True,True,OTTAWA,QUÉBEC,2025-04-19,2,Coteau,COTO,2025-04-19T19:25:33Z,2025-04-19T19:26:00Z,ARR,goo,0.0
26,True,True,OTTAWA,QUÉBEC,2025-04-19,3,Dorval,DORV,2025-04-19T19:54:27Z,2025-04-19T19:49:00Z,ARR,med,5.0
26,True,True,OTTAWA,QUÉBEC,2025-04-19,4,Montréal,MTRL,2025-04-19T20:18:10Z,2025-04-19T20:15:00Z,ARR,goo,3.0
26,True,True,OTTAWA,QUÉBEC,2025-04-19,5,St. Lambert,SLAM,2025-04-19T20:58:52Z,2025-04-19T20:53:00Z,ARR,med,5.0
26,True,True,OTTAWA,QUÉBEC,2025-04-19,6,St. Hyacinthe,SHYA,2025-04-19T21:30:31Z,2025-04-19T21:20:00Z,ARR,med,10.0
26,True,True,OTTAWA,QUÉBEC,2025-04-19,7,Drummondville,DRMV,2025-04-19T22:16:09Z,2025-04-19T22:05:00Z,ARR,med,11.0
26,True,True,OTTAWA,QUÉBEC,2025-04-19,8,Charny,CHNY,2025-04-19T23:52:16Z,2025-04-19T23:44:00Z,ARR,med,8.0
26,True,True,OTTAWA,QUÉBEC,2025-04-19,9,Ste-Foy,SFOY,2025-04-20T00:00:27Z,2025-04-19T23:52:00Z,ARR,med,8.0
26,True,True,OTTAWA,QUÉBEC,2025-04-19,10,Québec,QBEC,2025-04-20T00:28:04Z,2025-04-20T00:19:00Z,ARR,med,9.0
39,True,True,QUÉBEC,OTTAWA,2025-04-19,0,Québec,QBEC,2025-04-19T18:57:00Z,2025-04-19T18:57:00Z,ARR,goo,0.0
39,True,True,QUÉBEC,OTTAWA,2025-04-19,1,Ste-Foy,SFOY,2025-04-19T19:25:08Z,2025-04-19T19:22:00Z,ARR,goo,3.0
39,True,True,QUÉBEC,OTTAWA,2025-04-19,2,Drummondville,DRMV,2025-04-19T21:28:55Z,2025-04-19T20:58:00Z,ARR,bad,30.0
39,True,True,QUÉBEC,OTTAWA,2025-04-19,3,St. Lambert,SLAM,2025-04-19T22:33:53Z,2025-04-19T21:57:00Z,ARR,bad,36.0
39,True,True,QUÉBEC,OTTAWA,2025-04-19,4,Montréal,MTRL,2025-04-19T22:48:44Z,2025-04-19T22:11:00Z,ARR,bad,37.0
39,True,True,QUÉBEC,OTTAWA,2025-04-19,5,Dorval,DORV,2025-04-19T23:58:19Z,2025-04-19T23:14:00Z,ARR,bad,44.0
39,True,True,QUÉBEC,OTTAWA,2025-04-19,6,Coteau,COTO,2025-04-20T00:29:58Z,2025-04-19T23:43:00Z,ARR,bad,46.0
39,True,True,QUÉBEC,OTTAWA,2025-04-19,7,Alexandria,ALEX,2025-04-20T00:52:58Z,2025-04-20T00:06:00Z,ARR,bad,46.0
39,True,True,QUÉBEC,OTTAWA,2025-04-19,8,Ottawa,OTTW,2025-04-20T01:37:04Z,2025-04-20T00:51:00Z,ARR,bad,46.0
66,True,True,TORONTO,MONTRÉAL,2025-04-19,0,Toronto,TRTO,2025-04-19T19:24:19Z,2025-04-19T19:22:00Z,ARR,goo,2.0
66,True,True,TORONTO,MONTRÉAL,2025-04-19,1,Guildwood,GUIL,2025-04-19T19:43:45Z,2025-04-19T19:40:00Z,ARR,goo,3.0
66,True,True,TORONTO,MONTRÉAL,2025-04-19,2,Oshawa,OSHA,2025-04-19T20:02:07Z,2025-04-19T19:54:00Z,ARR,med,8.0
66,True,True,TORONTO,MONTRÉAL,2025-04-19,3,Belleville,BLVL,2025-04-19T21:06:52Z,2025-04-19T21:00:00Z,ARR,med,6.0
66,True,True,TORONTO,MONTRÉAL,2025-04-19,4,Kingston,KGON,2025-04-19T21:59:05Z,2025-04-19T21:40:00Z,ARR,bad,19.0
66,True,True,TORONTO,MONTRÉAL,2025-04-19,5,Cornwall,CWLL,2025-04-19T23:21:34Z,2025-04-19T23:07:00Z,ARR,med,14.0
66,True,True,TORONTO,MONTRÉAL,2025-04-19,6,Dorval,DORV,2025-04-20T00:10:06Z,2025-04-19T23:58:00Z,ARR,med,12.0
66,True,True,TORONTO,MONTRÉAL,2025-04-19,7,Montréal,MTRL,2025-04-20T00:38:01Z,2025-04-20T00:25:00Z,ARR,med,13.0
46,True,True,TORONTO,OTTAWA,2025-04-19,0,Toronto,TRTO,2025-04-19T19:37:00Z,2025-04-19T19:37:00Z,ARR,goo,0.0
46,True,True,TORONTO,OTTAWA,2025-04-19,1,Oshawa,OSHA,2025-04-19T20:13:20Z,2025-04-19T20:09:00Z,ARR,goo,4.0
46,True,True,TORONTO,OTTAWA,2025-04-19,2,Cobourg,CBRG,2025-04-19T20:44:55Z,2025-04-19T20:43:00Z,ARR,goo,1.0
46,True,True,TORONTO,OTTAWA,2025-04-19,3,Kingston,KGON,2025-04-19T22:06:49Z,2025-04-19T21:54:00Z,ARR,med,12.0
46,True,True,TORONTO,OTTAWA,2025-04-19,4,Brockville,BRKV,2025-04-19T22:49:20Z,2025-04-19T22:40:00Z,ARR,med,9.0
46,True,True,TORONTO,OTTAWA,2025-04-19,5,Fallowfield,FALL,2025-04-19T23:41:05Z,2025-04-19T23:40:00Z,ARR,goo,1.0
46,True,True,TORONTO,OTTAWA,2025-04-19,6,Ottawa,OTTW,2025-04-19T23:59:34Z,2025-04-20T00:00:00Z,ARR,goo,0.0
28,True,True,OTTAWA,QUÉBEC,2025-04-19,0,Ottawa,OTTW,2025-04-19T20:05:00Z,2025-04-19T20:05:00Z,ARR,goo,0.0
28,True,True,OTTAWA,QUÉBEC,2025-04-19,1,Casselman,CSLM,2025-04-19T20:29:12Z,2025-04-19T20:31:00Z,ARR,goo,-1.0
28,True,True,OTTAWA,QUÉBEC,2025-04-19,2,Alexandria,ALEX,2025-04-19T20:51:22Z,2025-04-19T20:53:00Z,ARR,goo,-1.0
28,True,True,OTTAWA,QUÉBEC,2025-04-19,3,Coteau,COTO,2025-04-19T21:11:21Z,2025-04-19T21:15:00Z,ARR,goo,-3.0
28,True,True,OTTAWA,QUÉBEC,2025-04-19,4,Dorval,DORV,2025-04-19T21:49:11Z,2025-04-19T21:38:00Z,ARR,med,11.0
28,True,True,OTTAWA,QUÉBEC,2025-04-19,5,Montréal,MTRL,2025-04-19T22:13:58Z,2025-04-19T22:04:00Z,ARR,med,9.0
28,True,True,OTTAWA,QUÉBEC,2025-04-19,6,St. Lambert,SLAM,2025-04-19T22:52:06Z,2025-04-19T22:38:00Z,ARR,med,14.0
28,True,True,OTTAWA,QUÉBEC,2025-04-19,7,St. Hyacinthe,SHYA,2025-04-19T23:25:09Z,2025-04-19T23:06:00Z,ARR,bad,19.0
28,True,True,OTTAWA,QUÉBEC,2025-04-19,8,Drummondville,DRMV,2025-04-20T00:03:41Z,2025-04-19T23:52:00Z,ARR,med,11.0
28,True,True,OTTAWA,QUÉBEC,2025-04-19,9,Charny,CHNY,2025-04-20T01:38:57Z,2025-04-20T01:14:00Z,ARR,bad,24.0
28,True,True,OTTAWA,QUÉBEC,2025-04-19,10,Ste-Foy,SFOY,2025-04-20T01:47:35Z,2025-04-20T01:21:00Z,ARR,bad,26.0
28,True,True,OTTAWA,QUÉBEC,2025-04-19,11,Québec,QBEC,2025-04-20T02:17:26Z,2025-04-20T01:48:00Z,ARR,bad,29.0
69,True,True,MONTRÉAL,TORONTO,2025-04-19,0,Montréal,MTRL,2025-04-19T20:38:00Z,2025-04-19T20:38:00Z,ARR,goo,0.0
69,True,True,MONTRÉAL,TORONTO,2025-04-19,1,Dorval,DORV,2025-04-19T21:00:26Z,2025-04-19T21:04:00Z,ARR,goo,-3.0
69,True,True,MONTRÉAL,TORONTO,2025-04-19,2,Cornwall,CWLL,2025-04-19T22:03:44Z,2025-04-19T21:53:00Z,ARR,med,10.0
69,True,True,MONTRÉAL,TORONTO,2025-04-19,3,Brockville,BRKV,2025-04-19T22:55:24Z,2025-04-19T22:40:00Z,ARR,bad,15.0
69,True,True,MONTRÉAL,TORONTO,2025-04-19,4,Kingston,KGON,2025-04-19T23:46:03Z,2025-04-19T23:24:00Z,ARR,bad,22.0
69,True,True,MONTRÉAL,TORONTO,2025-04-19,5,Oshawa,OSHA,2025-04-20T01:47:20Z,2025-04-20T01:05:00Z,ARR,bad,42.0
69,True,True,MONTRÉAL,TORONTO,2025-04-19,6,Guildwood,GUIL,2025-04-20T02:14:41Z,2025-04-20T01:28:00Z,ARR,bad,46.0
69,True,True,MONTRÉAL,TORONTO,2025-04-19,7,Toronto,TRTO,2025-04-20T02:44:23Z,2025-04-20T01:48:00Z,ARR,bad,56.0
68,True,True,TORONTO,MONTRÉAL,2025-04-19,0,Toronto,TRTO,2025-04-19T21:10:09Z,2025-04-19T21:07:00Z,ARR,goo,3.0
68,True,True,TORONTO,MONTRÉAL,2025-04-19,1,Oshawa,OSHA,2025-04-19T21:52:54Z,2025-04-19T21:39:00Z,ARR,med,13.0
68,True,True,TORONTO,MONTRÉAL,2025-04-19,2,Cobourg,CBRG,2025-04-19T22:28:13Z,2025-04-19T22:14:00Z,ARR,med,14.0
68,True,True,TORONTO,MONTRÉAL,2025-04-19,3,Belleville,BLVL,2025-04-19T23:01:12Z,2025-04-19T22:49:00Z,ARR,med,12.0
68,True,True,TORONTO,MONTRÉAL,2025-04-19,4,Kingston,KGON,2025-04-19T23:36:46Z,2025-04-19T23:26:00Z,ARR,med,10.0
68,True,True,TORONTO,MONTRÉAL,2025-04-19,5,Brockville,BRKV,2025-04-20T00:20:17Z,2025-04-20T00:11:00Z,ARR,med,9.0
68,True,True,TORONTO,MONTRÉAL,2025-04-19,6,Cornwall,CWLL,2025-04-20T01:05:53Z,2025-04-20T00:57:00Z,ARR,med,8.0
68,True,True,TORONTO,MONTRÉAL,2025-04-19,7,Dorval,DORV,2025-04-20T01:56:59Z,2025-04-20T01:47:00Z,ARR,med,9.0
68,True,True,TORONTO,MONTRÉAL,2025-04-19,8,Montréal,MTRL,2025-04-20T02:23:10Z,2025-04-20T02:14:00Z,ARR,med,9.0
54,True,True,TORONTO,OTTAWA,2025-04-19,0,Toronto,TRTO,2025-04-19T21:37:48Z,2025-04-19T21:37:00Z,ARR,goo,0.0
54,True,True,TORONTO,OTTAWA,2025-04-19,1,Guildwood,GUIL,2025-04-19T21:57:34Z,2025-04-19T21:55:00Z,ARR,goo,2.0
54,True,True,TORONTO,OTTAWA,2025-04-19,2,Oshawa,OSHA,2025-04-19T22:27:38Z,2025-04-19T22:08:00Z,ARR,bad,19.0
54,True,True,TORONTO,OTTAWA,2025-04-19,3,Port Hope,PHOP,2025-04-19T23:05:18Z,2025-04-19T22:37:00Z,ARR,bad,28.0
54,True,True,TORONTO,OTTAWA,2025-04-19,4,Cobourg,CBRG,2025-04-19T23:14:34Z,2025-04-19T22:46:00Z,ARR,bad,28.0
54,True,True,TORONTO,OTTAWA,2025-04-19,5,Trenton Jct.,TRNJ,2025-04-19T23:45:31Z,2025-04-19T23:13:01Z,ARR,bad,32.0
54,True,True,TORONTO,OTTAWA,2025-04-19,6,Belleville,BLVL,2025-04-20T00:00:43Z,2025-04-19T23:27:00Z,ARR,bad,33.0
54,True,True,TORONTO,OTTAWA,2025-04-19,7,Napanee,NAPN,2025-04-20T00:27:34Z,2025-04-19T23:48:00Z,ARR,bad,39.0
54,True,True,TORONTO,OTTAWA,2025-04-19,8,Kingston,KGON,2025-04-20T00:50:52Z,2025-04-20T00:09:00Z,ARR,bad,41.0
54,True,True,TORONTO,OTTAWA,2025-04-19,9,Brockville,BRKV,2025-04-20T01:42:56Z,2025-04-20T00:54:00Z,ARR,bad,48.0
54,True,True,TORONTO,OTTAWA,2025-04-19,10,Smiths Falls,SMTF,2025-04-20T02:12:10Z,2025-04-20T01:25:00Z,ARR,bad,47.0
54,True,True,TORONTO,OTTAWA,2025-04-19,11,Fallowfield,FALL,2025-04-20T02:37:45Z,2025-04-20T01:52:00Z,ARR,bad,45.0
54,True,True,TORONTO,OTTAWA,2025-04-19,12,Ottawa,OTTW,2025-04-20T02:57:49Z,2025-04-20T02:13:00Z,ARR,bad,44.0
75,True,True,TORONTO,WINDSOR,2025-04-19,0,Toronto,TRTO,2025-04-19T21:22:00Z,2025-04-19T21:22:00Z,ARR,goo,0.0
75,True,True,TORONTO,WINDSOR,2025-04-19,1,Oakville,OAKV,2025-04-19T21:51:56Z,2025-04-19T21:45:00Z,ARR,med,6.0
75,True,True,TORONTO,WINDSOR,2025-04-19,2,Aldershot,ALDR,2025-04-19T22:08:37Z,2025-04-19T22:01:00Z,ARR,med,7.0
75,True,True,TORONTO,WINDSOR,2025-04-19,3,Brantford,BRTF,2025-04-19T22:40:25Z,2025-04-19T22:33:00Z,ARR,med,7.0
75,True,True,TORONTO,WINDSOR,2025-04-19,4,Woodstock,WDST,2025-04-19T23:08:35Z,2025-04-19T23:04:00Z,ARR,goo,4.0
75,True,True,TORONTO,WINDSOR,2025-04-19,5,Ingersoll,INGR,2025-04-19T23:20:03Z,2025-04-19T23:19:00Z,ARR,goo,1.0
75,True,True,TORONTO,WINDSOR,2025-04-19,6,London,LNDN,2025-04-19T23:51:54Z,2025-04-19T23:47:00Z,ARR,goo,4.0
75,True,True,TORONTO,WINDSOR,2025-04-19,7,Glencoe,GLNC,2025-04-20T00:25:49Z,2025-04-20T00:21:00Z,ARR,goo,4.0
75,True,True,TORONTO,WINDSOR,2025-04-19,8,Chatham,CHAT,2025-04-20T01:05:23Z,2025-04-20T00:55:00Z,ARR,med,10.0
75,True,True,TORONTO,WINDSOR,2025-04-19,9,Windsor,WDON,2025-04-20T01:50:32Z,2025-04-20T01:50:00Z,ARR,goo,0.0
98,True,False,NIAGARA FALLS,TORONTO,2025-04-19,0,Niagara Falls,NIAG,2025-04-19T21:45:00Z,2025-04-19T21:45:00Z,ARR,goo,0.0
98,True,False,NIAGARA FALLS,TORONTO,2025-04-19,1,St. Catharines,SCAT,2025-04-19T22:06:00Z,2025-04-19T22:06:00Z,ARR,goo,0.0
98,True,False,NIAGARA FALLS,TORONTO,2025-04-19,2,Grimsby,GRIM,2025-04-19T22:26:00Z,2025-04-19T22:26:00Z,ARR,goo,0.0
98,True,False,NIAGARA FALLS,TORONTO,2025-04-19,3,Aldershot,ALDR,2025-04-19T23:09:00Z,2025-04-19T23:02:00Z,ARR,med,7.0
98,True,False,NIAGARA FALLS,TORONTO,2025-04-19,4,Oakville,OAKV,2025-04-19T23:23:00Z,2025-04-19T23:16:00Z,ARR,med,7.0
98,True,False,NIAGARA FALLS,TORONTO,2025-04-19,5,Toronto,TRTO,&mdash;,2025-04-19T23:43:00Z,&mdash;,,
87,True,True,TORONTO,SARNIA,2025-04-19,0,Toronto,TRTO,2025-04-19T21:40:20Z,2025-04-19T21:40:00Z,ARR,goo,0.0
87,True,True,TORONTO,SARNIA,2025-04-19,1,Malton,MALT,2025-04-19T22:00:45Z,2025-04-19T22:00:00Z,ARR,goo,0.0
87,True,True,TORONTO,SARNIA,2025-04-19,2,Brampton,BRMP,2025-04-19T22:11:02Z,2025-04-19T22:12:00Z,ARR,goo,0.0
87,True,True,TORONTO,SARNIA,2025-04-19,3,Georgetown,GEOR,2025-04-19T22:22:15Z,2025-04-19T22:24:00Z,ARR,goo,-1.0
87,True,True,TORONTO,SARNIA,2025-04-19,4,Guelph,GUEL,2025-04-19T22:45:49Z,2025-04-19T22:49:00Z,ARR,goo,-3.0
87,True,True,TORONTO,SARNIA,2025-04-19,5,Kitchener,KITC,2025-04-19T23:09:33Z,2025-04-19T23:16:00Z,ARR,goo,-6.0
87,True,True,TORONTO,SARNIA,2025-04-19,6,Stratford,STRF,2025-04-20T00:04:22Z,2025-04-19T23:57:00Z,ARR,med,7.0
87,True,True,TORONTO,SARNIA,2025-04-19,7,St.Marys,SMYS,2025-04-20T00:33:48Z,2025-04-20T00:25:00Z,ARR,med,8.0
87,True,True,TORONTO,SARNIA,2025-04-19,8,London,LNDN,2025-04-20T01:27:13Z,2025-04-20T01:13:00Z,ARR,med,14.0
87,True,True,TORONTO,SARNIA,2025-04-19,9,Strathroy,STRR,2025-04-20T01:52:19Z,2025-04-20T01:39:00Z,ARR,med,13.0
87,True,True,TORONTO,SARNIA,2025-04-19,10,Wyoming,WYOM,2025-04-20T02:34:55Z,2025-04-20T02:07:00Z,ARR,bad,27.0
87,True,True,TORONTO,SARNIA,2025-04-19,11,Sarnia,SARN,2025-04-20T02:52:34Z,2025-04-20T02:24:00Z,ARR,bad,28.0
29,True,True,QUÉBEC,MONTRÉAL,2025-04-19,0,Québec,QBEC,2025-04-19T21:45:45Z,2025-04-19T21:41:00Z,ARR,goo,4.0
29,True,True,QUÉBEC,MONTRÉAL,2025-04-19,1,Ste-Foy,SFOY,2025-04-19T22:14:23Z,2025-04-19T22:06:00Z,ARR,med,8.0
29,True,True,QUÉBEC,MONTRÉAL,2025-04-19,2,Drummondville,DRMV,2025-04-19T23:45:32Z,2025-04-19T23:42:00Z,ARR,goo,3.0
29,True,True,QUÉBEC,MONTRÉAL,2025-04-19,3,St. Hyacinthe,SHYA,2025-04-20T00:21:39Z,2025-04-20T00:18:00Z,ARR,goo,3.0
29,True,True,QUÉBEC,MONTRÉAL,2025-04-19,4,St. Lambert,SLAM,2025-04-20T00:56:28Z,2025-04-20T00:45:00Z,ARR,med,11.0
29,True,True,QUÉBEC,MONTRÉAL,2025-04-19,5,Montréal,MTRL,2025-04-20T01:13:11Z,2025-04-20T01:00:00Z,ARR,med,13.0
59,True,True,OTTAWA,TORONTO,2025-04-19,0,Ottawa,OTTW,2025-04-19T22:03:00Z,2025-04-19T22:03:00Z,ARR,goo,0.0
59,True,True,OTTAWA,TORONTO,2025-04-19,1,Fallowfield,FALL,2025-04-19T22:19:19Z,2025-04-19T22:20:00Z,ARR,goo,0.0
59,True,True,OTTAWA,TORONTO,2025-04-19,2,Smiths Falls,SMTF,2025-04-19T22:48:21Z,2025-04-19T22:51:00Z,ARR,goo,-2.0
59,True,True,OTTAWA,TORONTO,2025-04-19,3,Brockville,BRKV,2025-04-19T23:33:34Z,2025-04-19T23:25:00Z,ARR,med,8.0
59,True,True,OTTAWA,TORONTO,2025-04-19,4,Kingston,KGON,2025-04-20T00:19:40Z,2025-04-20T00:10:00Z,ARR,med,9.0
59,True,True,OTTAWA,TORONTO,2025-04-19,5,Belleville,BLVL,2025-04-20T01:05:32Z,2025-04-20T00:51:00Z,ARR,med,14.0
59,True,True,OTTAWA,TORONTO,2025-04-19,6,Trenton Jct.,TRNJ,2025-04-20T01:18:31Z,2025-04-20T01:05:00Z,ARR,med,13.0
59,True,True,OTTAWA,TORONTO,2025-04-19,7,Cobourg,CBRG,2025-04-20T01:50:45Z,2025-04-20T01:31:00Z,ARR,bad,19.0
59,True,True,OTTAWA,TORONTO,2025-04-19,8,Oshawa,OSHA,2025-04-20T02:31:44Z,2025-04-20T02:05:00Z,ARR,bad,26.0
59,True,True,OTTAWA,TORONTO,2025-04-19,9,Guildwood,GUIL,2025-04-20T02:58:15Z,2025-04-20T02:28:00Z,ARR,bad,30.0
59,True,True,OTTAWA,TORONTO,2025-04-19,10,Toronto,TRTO,2025-04-20T03:18:43Z,2025-04-20T02:48:00Z,ARR,bad,30.0
78,True,True,WINDSOR,TORONTO,2025-04-19,0,Windsor,WDON,2025-04-19T21:40:00Z,2025-04-19T21:40:00Z,ARR,goo,0.0
78,True,True,WINDSOR,TORONTO,2025-04-19,1,Chatham,CHAT,2025-04-19T22:25:45Z,2025-04-19T22:24:00Z,ARR,goo,1.0
78,True,True,WINDSOR,TORONTO,2025-04-19,2,Glencoe,GLNC,2025-04-19T23:08:30Z,2025-04-19T22:59:00Z,ARR,med,9.0
78,True,True,WINDSOR,TORONTO,2025-04-19,3,London,LNDN,2025-04-19T23:39:35Z,2025-04-19T23:32:00Z,ARR,med,7.0
78,True,True,WINDSOR,TORONTO,2025-04-19,4,Ingersoll,INGR,2025-04-20T00:06:56Z,2025-04-19T23:57:00Z,ARR,med,9.0
78,True,True,WINDSOR,TORONTO,2025-04-19,5,Woodstock,WDST,2025-04-20T00:18:16Z,2025-04-20T00:08:00Z,ARR,med,10.0
78,True,True,WINDSOR,TORONTO,2025-04-19,6,Brantford,BRTF,2025-04-20T00:47:21Z,2025-04-20T00:39:00Z,ARR,med,8.0
78,True,True,WINDSOR,TORONTO,2025-04-19,7,Aldershot,ALDR,2025-04-20T01:22:52Z,2025-04-20T01:09:00Z,ARR,med,13.0
78,True,True,WINDSOR,TORONTO,2025-04-19,8,Oakville,OAKV,2025-04-20T01:38:43Z,2025-04-20T01:24:00Z,ARR,med,14.0
78,True,True,WINDSOR,TORONTO,2025-04-19,9,Toronto,TRTO,2025-04-20T02:02:38Z,2025-04-20T01:50:00Z,ARR,med,12.0
38,True,True,OTTAWA,MONTRÉAL,2025-04-19,0,Ottawa,OTTW,2025-04-19T21:55:00Z,2025-04-19T21:55:00Z,ARR,goo,0.0
38,True,True,OTTAWA,MONTRÉAL,2025-04-19,1,Casselman,CSLM,2025-04-19T22:20:17Z,2025-04-19T22:26:00Z,ARR,goo,-5.0
38,True,True,OTTAWA,MONTRÉAL,2025-04-19,2,Alexandria,ALEX,2025-04-19T22:42:59Z,2025-04-19T22:49:00Z,ARR,goo,-6.0
38,True,True,OTTAWA,MONTRÉAL,2025-04-19,3,Dorval,DORV,2025-04-19T23:38:56Z,2025-04-19T23:33:00Z,ARR,med,5.0
38,True,True,OTTAWA,MONTRÉAL,2025-04-19,4,Montréal,MTRL,2025-04-20T00:05:21Z,2025-04-19T23:57:00Z,ARR,med,8.0
79,True,False,TORONTO,WINDSOR,2025-04-19,0,Toronto,TRTO,2025-04-19T23:45:00Z,2025-04-19T23:45:00Z,ARR,goo,0.0
79,True,False,TORONTO,WINDSOR,2025-04-19,1,Oakville,OAKV,2025-04-20T00:08:25Z,2025-04-20T00:07:00Z,ARR,goo,1.0
79,True,False,TORONTO,WINDSOR,2025-04-19,2,Aldershot,ALDR,2025-04-20T00:26:48Z,2025-04-20T00:22:00Z,ARR,goo,4.0
79,True,False,TORONTO,WINDSOR,2025-04-19,3,Brantford,BRTF,2025-04-20T01:03:04Z,2025-04-20T00:50:00Z,ARR,med,13.0
79,True,False,TORONTO,WINDSOR,2025-04-19,4,Woodstock,WDST,2025-04-20T01:32:33Z,2025-04-20T01:17:00Z,ARR,bad,15.0
79,True,False,TORONTO,WINDSOR,2025-04-19,5,Ingersoll,INGR,2025-04-20T01:48:56Z,2025-04-20T01:30:00Z,ARR,bad,18.0
79,True,False,TORONTO,WINDSOR,2025-04-19,6,London,LNDN,2025-04-20T02:20:10Z,2025-04-20T01:52:00Z,ARR,bad,28.0
79,True,False,TORONTO,WINDSOR,2025-04-19,7,Glencoe,GLNC,2025-04-20T02:53:39Z,2025-04-20T02:25:00Z,ARR,bad,28.0
79,True,False,TORONTO,WINDSOR,2025-04-19,8,Chatham,CHAT,2025-04-20T03:32:41Z,2025-04-20T02:57:00Z,ARR,bad,35.0
79,True,False,TORONTO,WINDSOR,2025-04-19,9,Windsor,WDON,2025-04-20T04:18:38Z,2025-04-20T03:44:00Z,21 mins,bad,34.0
