train_id,departed,arrived,from,to,instance,stop_id,station,code,estimated,scheduled,eta,diff,diffMin
2 (08-01),True,True,VANCOUVER,TORONTO,2025-08-01,0,Vancouver,VCVR,2025-08-01T22:00:00Z,2025-08-01T22:00:00Z,ARR,goo,0.0
2 (08-01),True,True,VANCOUVER,TORONTO,2025-08-01,1,Mission Harbour,MSNH,2025-08-02T00:44:22Z,2025-08-01T23:35:00Z,ARR,bad,69.0
2 (08-01),True,True,VANCOUVER,TORONTO,2025-08-01,2,Agassiz,AGAS,2025-08-02T01:53:25Z,2025-08-02T00:03:00Z,ARR,bad,110.0
2 (08-01),True,True,VANCOUVER,TORONTO,2025-08-01,3,Katz,KATZ,2025-08-02T02:13:48Z,2025-08-02T00:17:00Z,ARR,bad,116.0
2 (08-01),True,True,VANCOUVER,TORONTO,2025-08-01,4,North Bend,NBND,2025-08-02T04:00:06Z,2025-08-02T02:46:00Z,ARR,bad,74.0
2 (08-01),True,True,VANCOUVER,TORONTO,2025-08-01,5,Ashcroft,ASHN,2025-08-02T06:35:53Z,2025-08-02T05:32:00Z,ARR,bad,63.0
2 (08-01),True,True,VANCOUVER,TORONTO,2025-08-01,6,Kamloops North,KAMN,2025-08-02T08:21:31Z,2025-08-02T07:17:00Z,ARR,bad,64.0
2 (08-01),True,True,VANCOUVER,TORONTO,2025-08-01,7,Clearwater,CLWT,2025-08-02T10:58:55Z,2025-08-02T09:58:00Z,ARR,bad,60.0
2 (08-01),True,True,VANCOUVER,TORONTO,2025-08-01,8,Blue River,BLUE,2025-08-02T13:00:04Z,2025-08-02T12:11:00Z,ARR,bad,49.0
2 (08-01),True,True,VANCOUVER,TORONTO,2025-08-01,9,Valemount,VLMT,2025-08-02T14:28:37Z,2025-08-02T14:01:00Z,ARR,bad,27.0
2 (08-01),True,True,VANCOUVER,TORONTO,2025-08-01,10,Jasper,JASP,2025-08-02T17:03:41Z,2025-08-02T17:00:00Z,ARR,goo,3.0
2 (08-01),True,True,VANCOUVER,TORONTO,2025-08-01,11,Hinton,HINT,2025-08-02T21:33:07Z,2025-08-02T19:45:00Z,ARR,bad,108.0
2 (08-01),True,True,VANCOUVER,TORONTO,2025-08-01,12,Edson,EDSN,2025-08-02T22:47:27Z,2025-08-02T21:19:00Z,ARR,bad,88.0
2 (08-01),True,True,VANCOUVER,TORONTO,2025-08-01,13,Evansburg,EVAN,2025-08-03T00:07:27Z,2025-08-02T22:28:00Z,ARR,bad,99.0
2 (08-01),True,True,VANCOUVER,TORONTO,2025-08-01,14,Edmonton,EDMO,2025-08-03T01:58:12Z,2025-08-03T00:50:00Z,ARR,bad,68.0
2 (08-01),True,True,VANCOUVER,TORONTO,2025-08-01,15,Viking,VKNG,2025-08-03T08:26:56Z,2025-08-03T03:53:00Z,ARR,bad,273.0
2 (08-01),True,True,VANCOUVER,TORONTO,2025-08-01,16,Wainwright,WAIN,2025-08-03T09:06:30Z,2025-08-03T06:14:00Z,ARR,bad,172.0
2 (08-01),True,True,VANCOUVER,TORONTO,2025-08-01,17,Unity,UNIT,2025-08-03T11:48:08Z,2025-08-03T07:47:00Z,ARR,bad,241.0
2 (08-01),True,True,VANCOUVER,TORONTO,2025-08-01,18,Biggar,BIGG,2025-08-03T14:11:26Z,2025-08-03T09:21:00Z,ARR,bad,290.0
2 (08-01),True,True,VANCOUVER,TORONTO,2025-08-01,19,Saskatoon,SASK,2025-08-03T15:47:12Z,2025-08-03T11:57:00Z,ARR,bad,230.0
2 (08-01),True,True,VANCOUVER,TORONTO,2025-08-01,20,Watrous,WATR,2025-08-03T19:11:23Z,2025-08-03T14:26:00Z,ARR,bad,285.0
2 (08-01),True,True,VANCOUVER,TORONTO,2025-08-01,21,Melville,MELV,2025-08-03T22:18:39Z,2025-08-03T18:47:00Z,ARR,bad,211.0
2 (08-01),True,True,VANCOUVER,TORONTO,2025-08-01,22,Rivers,RVRS,2025-08-04T01:24:22Z,2025-08-03T22:22:00Z,ARR,bad,182.0
2 (08-01),True,True,VANCOUVER,TORONTO,2025-08-01,23,Portage La Prairie,PLPX,2025-08-04T05:17:57Z,2025-08-04T00:15:00Z,ARR,bad,302.0
2 (08-01),True,True,VANCOUVER,TORONTO,2025-08-01,24,Winnipeg,WNPG,2025-08-04T07:06:13Z,2025-08-04T03:00:00Z,ARR,bad,246.0
2 (08-01),True,True,VANCOUVER,TORONTO,2025-08-01,25,Elma,ELMA,2025-08-04T11:34:00Z,2025-08-04T05:37:00Z,ARR,bad,357.0
2 (08-01),True,True,VANCOUVER,TORONTO,2025-08-01,26,Brereton Lake,BRTL,2025-08-04T12:01:14Z,2025-08-04T05:58:00Z,ARR,bad,363.0
2 (08-01),True,True,VANCOUVER,TORONTO,2025-08-01,27,Ophir,OPHR,2025-08-04T12:13:48Z,2025-08-04T06:16:00Z,ARR,bad,357.0
2 (08-01),True,True,VANCOUVER,TORONTO,2025-08-01,28,Winnitoba,WNTB,2025-08-04T12:17:16Z,2025-08-04T06:21:00Z,ARR,bad,356.0
2 (08-01),True,True,VANCOUVER,TORONTO,2025-08-01,29,Rice Lake,RCLK,2025-08-04T12:21:20Z,2025-08-04T06:35:00Z,ARR,bad,346.0
2 (08-01),True,True,VANCOUVER,TORONTO,2025-08-01,30,Copelands Landing,COPE,2025-08-04T12:26:27Z,2025-08-04T06:38:00Z,ARR,bad,348.0
2 (08-01),True,True,VANCOUVER,TORONTO,2025-08-01,31,Malachi,MLCH,2025-08-04T12:30:59Z,2025-08-04T06:40:00Z,ARR,bad,350.0
2 (08-01),True,True,VANCOUVER,TORONTO,2025-08-01,32,Ottermere,OTTM,2025-08-04T12:42:04Z,2025-08-04T06:46:00Z,ARR,bad,356.0
2 (08-01),True,True,VANCOUVER,TORONTO,2025-08-01,33,Minaki,MNKI,2025-08-04T13:05:54Z,2025-08-04T07:03:00Z,ARR,bad,362.0
2 (08-01),True,True,VANCOUVER,TORONTO,2025-08-01,34,Redditt,RDDT,2025-08-04T13:24:43Z,2025-08-04T07:29:00Z,ARR,bad,355.0
2 (08-01),True,True,VANCOUVER,TORONTO,2025-08-01,35,Farlane,FARL,2025-08-04T13:44:52Z,2025-08-04T07:46:00Z,ARR,bad,358.0
2 (08-01),True,True,VANCOUVER,TORONTO,2025-08-01,36,Canyon,CNYK,2025-08-04T14:38:59Z,2025-08-04T08:23:00Z,ARR,bad,375.0
2 (08-01),True,True,VANCOUVER,TORONTO,2025-08-01,37,Red Lake Road,RLRX,2025-08-04T15:03:14Z,2025-08-04T08:51:00Z,ARR,bad,372.0
2 (08-01),True,True,VANCOUVER,TORONTO,2025-08-01,38,Richan,RCHN,2025-08-04T15:40:15Z,2025-08-04T09:28:00Z,ARR,bad,372.0
2 (08-01),True,True,VANCOUVER,TORONTO,2025-08-01,39,Sioux Lookout,SLKT,2025-08-04T17:54:50Z,2025-08-04T11:01:00Z,ARR,bad,413.0
2 (08-01),True,True,VANCOUVER,TORONTO,2025-08-01,40,Savant Lake,SAVL,2025-08-04T19:37:44Z,2025-08-04T13:14:00Z,ARR,bad,383.0
2 (08-01),True,True,VANCOUVER,TORONTO,2025-08-01,41,Flindt Landing,FLTL,2025-08-04T19:54:44Z,2025-08-04T13:31:00Z,ARR,bad,383.0
2 (08-01),True,True,VANCOUVER,TORONTO,2025-08-01,42,Allanwater Bridge,ALWB,2025-08-04T20:09:44Z,2025-08-04T13:46:00Z,ARR,bad,383.0
2 (08-01),True,True,VANCOUVER,TORONTO,2025-08-01,43,Collins,COLL,2025-08-04T20:49:44Z,2025-08-04T14:26:00Z,ARR,bad,383.0
2 (08-01),True,True,VANCOUVER,TORONTO,2025-08-01,44,Armstrong,ARMG,2025-08-04T23:01:26Z,2025-08-04T14:57:00Z,ARR,bad,484.0
2 (08-01),True,True,VANCOUVER,TORONTO,2025-08-01,45,Mud River,MUDR,2025-08-04T23:48:53Z,2025-08-04T15:29:00Z,ARR,bad,499.0
2 (08-01),True,True,VANCOUVER,TORONTO,2025-08-01,46,Ferland,FERL,2025-08-04T23:56:53Z,2025-08-04T15:37:00Z,ARR,bad,499.0
2 (08-01),True,True,VANCOUVER,TORONTO,2025-08-01,47,Auden,AUDN,2025-08-05T00:33:53Z,2025-08-04T16:14:00Z,ARR,bad,499.0
2 (08-01),True,True,VANCOUVER,TORONTO,2025-08-01,48,Nakina,NAKI,2025-08-05T01:27:16Z,2025-08-04T17:20:00Z,ARR,bad,487.0
2 (08-01),True,True,VANCOUVER,TORONTO,2025-08-01,49,Longlac,LLAC,2025-08-05T02:09:33Z,2025-08-04T18:11:00Z,ARR,bad,478.0
2 (08-01),True,True,VANCOUVER,TORONTO,2025-08-01,50,Caramat,CARA,2025-08-05T03:34:05Z,2025-08-04T18:39:00Z,ARR,bad,535.0
2 (08-01),True,True,VANCOUVER,TORONTO,2025-08-01,51,Hillsport,HLSP,2025-08-05T04:19:08Z,2025-08-04T19:29:00Z,ARR,bad,530.0
2 (08-01),True,True,VANCOUVER,TORONTO,2025-08-01,52,Hornepayne,HNPN,2025-08-05T06:09:22Z,2025-08-04T21:44:00Z,ARR,bad,505.0
2 (08-01),True,True,VANCOUVER,TORONTO,2025-08-01,53,Oba,OBAX,2025-08-05T07:24:54Z,2025-08-04T23:30:00Z,ARR,bad,474.0
2 (08-01),True,True,VANCOUVER,TORONTO,2025-08-01,54,Elsas,ELSA,2025-08-05T08:53:47Z,2025-08-05T01:04:00Z,ARR,bad,469.0
2 (08-01),True,True,VANCOUVER,TORONTO,2025-08-01,55,Foleyet,FOLE,2025-08-05T10:35:14Z,2025-08-05T02:27:00Z,ARR,bad,488.0
2 (08-01),True,True,VANCOUVER,TORONTO,2025-08-01,56,Gogama,GOGA,2025-08-05T12:00:09Z,2025-08-05T04:02:00Z,ARR,bad,478.0
2 (08-01),True,True,VANCOUVER,TORONTO,2025-08-01,57,Westree,WSTR,2025-08-05T12:27:12Z,2025-08-05T04:35:00Z,ARR,bad,472.0
2 (08-01),True,True,VANCOUVER,TORONTO,2025-08-01,58,Ruel,RUEL,2025-08-05T12:44:12Z,2025-08-05T04:52:00Z,ARR,bad,472.0
2 (08-01),True,True,VANCOUVER,TORONTO,2025-08-01,59,Felix,FELX,2025-08-05T12:52:12Z,2025-08-05T05:00:00Z,ARR,bad,472.0
2 (08-01),True,True,VANCOUVER,TORONTO,2025-08-01,60,McKee's Camp,MCKC,2025-08-05T13:12:12Z,2025-08-05T05:20:00Z,ARR,bad,472.0
2 (08-01),True,True,VANCOUVER,TORONTO,2025-08-01,61,Laforest,LAFO,2025-08-05T13:25:12Z,2025-08-05T05:33:00Z,ARR,bad,472.0
2 (08-01),True,True,VANCOUVER,TORONTO,2025-08-01,62,Capreol,CAPR,2025-08-05T14:24:32Z,2025-08-05T07:47:00Z,ARR,bad,397.0
2 (08-01),True,True,VANCOUVER,TORONTO,2025-08-01,63,Sudbury (Jct.),SUDJ,2025-08-05T16:09:52Z,2025-08-05T08:49:00Z,ARR,bad,440.0
2 (08-01),True,True,VANCOUVER,TORONTO,2025-08-01,64,Parry Sound,PARS,2025-08-05T18:56:02Z,2025-08-05T12:00:00Z,ARR,bad,416.0
2 (08-01),True,True,VANCOUVER,TORONTO,2025-08-01,65,Washago,WSHG,2025-08-05T21:13:24Z,2025-08-05T14:00:00Z,ARR,bad,433.0
2 (08-01),True,True,VANCOUVER,TORONTO,2025-08-01,66,Toronto,TRTO,2025-08-06T00:27:18Z,2025-08-05T18:29:00Z,ARR,bad,358.0
1 (08-03),True,False,TORONTO,VANCOUVER,2025-08-03,0,Toronto,TRTO,2025-08-03T13:55:17Z,2025-08-03T13:55:00Z,ARR,goo,0.0
1 (08-03),True,False,TORONTO,VANCOUVER,2025-08-03,1,Washago,WSHG,2025-08-03T17:09:10Z,2025-08-03T16:25:00Z,ARR,bad,44.0
1 (08-03),True,False,TORONTO,VANCOUVER,2025-08-03,2,South Parry,SPAR,2025-08-03T19:07:14Z,2025-08-03T18:27:00Z,ARR,bad,40.0
1 (08-03),True,False,TORONTO,VANCOUVER,2025-08-03,3,Sudbury (Jct.),SUDJ,2025-08-03T21:25:07Z,2025-08-03T20:57:00Z,ARR,bad,28.0
1 (08-03),True,False,TORONTO,VANCOUVER,2025-08-03,4,Capreol,CAPR,2025-08-03T21:54:10Z,2025-08-03T21:22:00Z,ARR,bad,32.0
1 (08-03),True,False,TORONTO,VANCOUVER,2025-08-03,5,Laforest,LAFO,2025-08-03T23:11:28Z,2025-08-03T22:48:00Z,ARR,bad,23.0
1 (08-03),True,False,TORONTO,VANCOUVER,2025-08-03,6,McKee's Camp,MCKC,2025-08-03T23:24:28Z,2025-08-03T23:01:00Z,ARR,bad,23.0
1 (08-03),True,False,TORONTO,VANCOUVER,2025-08-03,7,Felix,FELX,2025-08-03T23:44:28Z,2025-08-03T23:21:00Z,ARR,bad,23.0
1 (08-03),True,False,TORONTO,VANCOUVER,2025-08-03,8,Ruel,RUEL,2025-08-03T23:51:28Z,2025-08-03T23:28:00Z,ARR,bad,23.0
1 (08-03),True,False,TORONTO,VANCOUVER,2025-08-03,9,Westree,WSTR,2025-08-04T00:01:11Z,2025-08-03T23:45:00Z,ARR,bad,16.0
1 (08-03),True,False,TORONTO,VANCOUVER,2025-08-03,10,Gogama,GOGA,2025-08-04T00:46:02Z,2025-08-04T00:18:00Z,ARR,bad,28.0
1 (08-03),True,False,TORONTO,VANCOUVER,2025-08-03,11,Foleyet,FOLE,2025-08-04T02:24:14Z,2025-08-04T02:44:00Z,ARR,goo,-19.0
1 (08-03),True,False,TORONTO,VANCOUVER,2025-08-03,12,Elsas,ELSA,2025-08-04T03:24:19Z,2025-08-04T03:38:00Z,ARR,goo,-13.0
1 (08-03),True,False,TORONTO,VANCOUVER,2025-08-03,13,Oba,OBAX,2025-08-04T05:23:49Z,2025-08-04T05:38:00Z,ARR,goo,-14.0
1 (08-03),True,False,TORONTO,VANCOUVER,2025-08-03,14,Hornepayne,HNPN,2025-08-04T06:00:20Z,2025-08-04T06:29:00Z,ARR,goo,-28.0
1 (08-03),True,False,TORONTO,VANCOUVER,2025-08-03,15,Hillsport,HLSP,2025-08-04T08:24:56Z,2025-08-04T08:05:00Z,ARR,bad,19.0
1 (08-03),True,False,TORONTO,VANCOUVER,2025-08-03,16,Caramat,CARA,2025-08-04T09:22:45Z,2025-08-04T08:55:00Z,ARR,bad,27.0
1 (08-03),True,False,TORONTO,VANCOUVER,2025-08-03,17,Longlac,LLAC,2025-08-04T09:45:20Z,2025-08-04T09:34:00Z,ARR,med,11.0
1 (08-03),True,False,TORONTO,VANCOUVER,2025-08-03,18,Nakina,NAKI,2025-08-04T10:29:20Z,2025-08-04T10:13:00Z,ARR,bad,16.0
1 (08-03),True,False,TORONTO,VANCOUVER,2025-08-03,19,Auden,AUDN,2025-08-04T11:36:39Z,2025-08-04T11:19:00Z,ARR,bad,17.0
1 (08-03),True,False,TORONTO,VANCOUVER,2025-08-03,20,Ferland,FERL,2025-08-04T12:13:39Z,2025-08-04T11:56:00Z,ARR,bad,17.0
1 (08-03),True,False,TORONTO,VANCOUVER,2025-08-03,21,Mud River,MUDR,2025-08-04T12:22:39Z,2025-08-04T12:05:00Z,ARR,bad,17.0
1 (08-03),True,False,TORONTO,VANCOUVER,2025-08-03,22,Armstrong,ARMG,2025-08-04T13:06:07Z,2025-08-04T13:17:00Z,ARR,goo,-10.0
1 (08-03),True,False,TORONTO,VANCOUVER,2025-08-03,23,Collins,COLL,2025-08-04T13:46:09Z,2025-08-04T13:47:00Z,ARR,goo,0.0
1 (08-03),True,False,TORONTO,VANCOUVER,2025-08-03,24,Allanwater Bridge,ALWB,2025-08-04T14:26:00Z,2025-08-04T14:26:00Z,ARR,goo,0.0
1 (08-03),True,False,TORONTO,VANCOUVER,2025-08-03,25,Flindt Landing,FLTL,2025-08-04T14:42:00Z,2025-08-04T14:42:00Z,ARR,goo,0.0
1 (08-03),True,False,TORONTO,VANCOUVER,2025-08-03,26,Savant Lake,SAVL,2025-08-04T14:59:00Z,2025-08-04T14:59:00Z,ARR,goo,0.0
1 (08-03),True,False,TORONTO,VANCOUVER,2025-08-03,27,Sioux Lookout,SLKT,2025-08-04T16:50:35Z,2025-08-04T16:25:00Z,ARR,bad,25.0
1 (08-03),True,False,TORONTO,VANCOUVER,2025-08-03,28,Richan,RCHN,2025-08-04T18:38:45Z,2025-08-04T18:05:00Z,ARR,bad,33.0
1 (08-03),True,False,TORONTO,VANCOUVER,2025-08-03,29,Red Lake Road,RLRX,2025-08-04T20:15:43Z,2025-08-04T18:41:00Z,ARR,bad,94.0
1 (08-03),True,False,TORONTO,VANCOUVER,2025-08-03,30,Canyon,CNYK,2025-08-04T20:57:59Z,2025-08-04T19:10:00Z,ARR,bad,107.0
1 (08-03),True,False,TORONTO,VANCOUVER,2025-08-03,31,Farlane,FARL,2025-08-04T21:30:33Z,2025-08-04T19:47:00Z,ARR,bad,103.0
1 (08-03),True,False,TORONTO,VANCOUVER,2025-08-03,32,Redditt,RDDT,2025-08-04T21:44:17Z,2025-08-04T20:23:00Z,ARR,bad,81.0
1 (08-03),True,False,TORONTO,VANCOUVER,2025-08-03,33,Minaki,MNKI,2025-08-04T22:13:16Z,2025-08-04T20:44:00Z,ARR,bad,89.0
1 (08-03),True,False,TORONTO,VANCOUVER,2025-08-03,34,Ottermere,OTTM,2025-08-04T22:33:55Z,2025-08-04T21:01:00Z,ARR,bad,92.0
1 (08-03),True,False,TORONTO,VANCOUVER,2025-08-03,35,Malachi,MLCH,2025-08-04T22:47:47Z,2025-08-04T21:07:00Z,ARR,bad,100.0
1 (08-03),True,False,TORONTO,VANCOUVER,2025-08-03,36,Copelands Landing,COPE,2025-08-04T22:49:47Z,2025-08-04T21:09:00Z,ARR,bad,100.0
1 (08-03),True,False,TORONTO,VANCOUVER,2025-08-03,37,Rice Lake,RCLK,2025-08-04T23:00:02Z,2025-08-04T21:12:00Z,ARR,bad,108.0
1 (08-03),True,False,TORONTO,VANCOUVER,2025-08-03,38,Winnitoba,WNTB,2025-08-04T23:08:28Z,2025-08-04T21:26:00Z,ARR,bad,102.0
1 (08-03),True,False,TORONTO,VANCOUVER,2025-08-03,39,Ophir,OPHR,2025-08-04T23:08:34Z,2025-08-04T21:31:00Z,ARR,bad,97.0
1 (08-03),True,False,TORONTO,VANCOUVER,2025-08-03,40,Brereton Lake,BRTL,2025-08-04T23:21:47Z,2025-08-04T21:49:00Z,ARR,bad,92.0
1 (08-03),True,False,TORONTO,VANCOUVER,2025-08-03,41,Elma,ELMA,2025-08-05T00:05:22Z,2025-08-04T22:10:00Z,ARR,bad,115.0
1 (08-03),True,False,TORONTO,VANCOUVER,2025-08-03,42,Winnipeg,WNPG,2025-08-05T03:41:01Z,2025-08-05T00:30:00Z,ARR,bad,191.0
1 (08-03),True,False,TORONTO,VANCOUVER,2025-08-03,43,Portage La Prairie,PLPX,2025-08-05T07:26:23Z,2025-08-05T04:04:00Z,ARR,bad,202.0
1 (08-03),True,False,TORONTO,VANCOUVER,2025-08-03,44,Rivers,RVRS,2025-08-05T09:10:29Z,2025-08-05T06:31:00Z,ARR,bad,159.0
1 (08-03),True,False,TORONTO,VANCOUVER,2025-08-03,45,Melville,MELV,2025-08-05T12:32:48Z,2025-08-05T10:54:00Z,ARR,bad,98.0
1 (08-03),True,False,TORONTO,VANCOUVER,2025-08-03,46,Watrous,WATR,2025-08-05T15:47:54Z,2025-08-05T13:54:00Z,ARR,bad,113.0
1 (08-03),True,False,TORONTO,VANCOUVER,2025-08-03,47,Saskatoon,SASK,2025-08-05T17:11:00Z,2025-08-05T15:50:00Z,ARR,bad,81.0
1 (08-03),True,False,TORONTO,VANCOUVER,2025-08-03,48,Biggar,BIGG,2025-08-05T20:01:04Z,2025-08-05T18:29:00Z,ARR,bad,92.0
1 (08-03),True,False,TORONTO,VANCOUVER,2025-08-03,49,Unity,UNIT,2025-08-05T21:32:09Z,2025-08-05T19:44:00Z,ARR,bad,108.0
1 (08-03),True,False,TORONTO,VANCOUVER,2025-08-03,50,Wainwright,WAIN,2025-08-05T22:49:47Z,2025-08-05T22:33:00Z,ARR,bad,16.0
1 (08-03),True,False,TORONTO,VANCOUVER,2025-08-03,51,Viking,VKNG,2025-08-06T00:34:56Z,2025-08-05T23:26:00Z,ARR,bad,68.0
1 (08-03),True,False,TORONTO,VANCOUVER,2025-08-03,52,Edmonton,EDMO,2025-08-06T02:18:36Z,2025-08-06T02:50:00Z,ARR,goo,-31.0
1 (08-03),True,False,TORONTO,VANCOUVER,2025-08-03,53,Evansburg,EVAN,2025-08-06T06:57:25Z,2025-08-06T07:29:00Z,3h15,goo,-31.0
1 (08-03),True,False,TORONTO,VANCOUVER,2025-08-03,54,Edson,EDSN,2025-08-06T08:52:00Z,2025-08-06T08:52:00Z,5h09,goo,0.0
1 (08-03),True,False,TORONTO,VANCOUVER,2025-08-03,55,Hinton,HINT,&mdash;,2025-08-06T09:58:00Z,&mdash;,,
1 (08-03),True,False,TORONTO,VANCOUVER,2025-08-03,56,Jasper,JASP,&mdash;,2025-08-06T12:30:00Z,&mdash;,,
693 (08-03),True,True,WINNIPEG,CHURCHILL,2025-08-03,0,Winnipeg,WNPG,2025-08-03T17:16:32Z,2025-08-03T17:05:00Z,ARR,med,11.0
693 (08-03),True,True,WINNIPEG,CHURCHILL,2025-08-03,1,Portage La Prairie,PLPX,2025-08-03T18:53:22Z,2025-08-03T18:15:00Z,ARR,bad,38.0
693 (08-03),True,True,WINNIPEG,CHURCHILL,2025-08-03,2,Gladstone,GSTO,2025-08-03T20:01:24Z,2025-08-03T19:07:00Z,ARR,bad,54.0
693 (08-03),True,True,WINNIPEG,CHURCHILL,2025-08-03,3,Plumas,PLUM,2025-08-03T20:39:38Z,2025-08-03T19:44:00Z,ARR,bad,55.0
693 (08-03),True,True,WINNIPEG,CHURCHILL,2025-08-03,4,Glenella,GLNA,2025-08-03T21:06:04Z,2025-08-03T20:16:00Z,ARR,bad,50.0
693 (08-03),True,True,WINNIPEG,CHURCHILL,2025-08-03,5,Mccreary,MCCR,2025-08-03T21:47:02Z,2025-08-03T20:57:00Z,ARR,bad,50.0
693 (08-03),True,True,WINNIPEG,CHURCHILL,2025-08-03,6,Laurier,LRIE,2025-08-03T22:08:02Z,2025-08-03T21:15:00Z,ARR,bad,53.0
693 (08-03),True,True,WINNIPEG,CHURCHILL,2025-08-03,7,Ochre River,OCHR,2025-08-03T22:44:18Z,2025-08-03T21:36:00Z,ARR,bad,68.0
693 (08-03),True,True,WINNIPEG,CHURCHILL,2025-08-03,8,Dauphin,DAUP,2025-08-03T23:17:06Z,2025-08-03T21:56:00Z,ARR,bad,81.0
693 (08-03),True,True,WINNIPEG,CHURCHILL,2025-08-03,9,Gilbert Plains,GLBP,2025-08-04T00:16:59Z,2025-08-03T22:44:00Z,ARR,bad,92.0
693 (08-03),True,True,WINNIPEG,CHURCHILL,2025-08-03,10,Grandview,GVIE,2025-08-04T00:43:06Z,2025-08-03T23:00:00Z,ARR,bad,103.0
693 (08-03),True,True,WINNIPEG,CHURCHILL,2025-08-03,11,Roblin,RBLN,2025-08-04T02:08:58Z,2025-08-03T23:55:00Z,ARR,bad,133.0
693 (08-03),True,True,WINNIPEG,CHURCHILL,2025-08-03,12,Togo,TOGO,2025-08-04T02:39:22Z,2025-08-04T00:22:00Z,ARR,bad,137.0
693 (08-03),True,True,WINNIPEG,CHURCHILL,2025-08-03,13,Kamsack,KAMS,2025-08-04T03:11:56Z,2025-08-04T00:59:00Z,ARR,bad,132.0
693 (08-03),True,True,WINNIPEG,CHURCHILL,2025-08-03,14,Veregin,VERE,2025-08-04T03:28:00Z,2025-08-04T01:12:00Z,ARR,bad,136.0
693 (08-03),True,True,WINNIPEG,CHURCHILL,2025-08-03,15,Mikado,MIKA,2025-08-04T03:38:51Z,2025-08-04T01:22:00Z,ARR,bad,136.0
693 (08-03),True,True,WINNIPEG,CHURCHILL,2025-08-03,16,Canora,CANO,2025-08-04T03:52:21Z,2025-08-04T01:36:00Z,ARR,bad,136.0
693 (08-03),True,True,WINNIPEG,CHURCHILL,2025-08-03,17,Sturgis,STGS,2025-08-04T04:50:04Z,2025-08-04T02:21:00Z,ARR,bad,149.0
693 (08-03),True,True,WINNIPEG,CHURCHILL,2025-08-03,18,Endeavour,ENDV,2025-08-04T05:20:41Z,2025-08-04T02:54:00Z,ARR,bad,146.0
693 (08-03),True,True,WINNIPEG,CHURCHILL,2025-08-03,19,Reserve,RSRV,2025-08-04T06:09:17Z,2025-08-04T03:34:00Z,ARR,bad,155.0
693 (08-03),True,True,WINNIPEG,CHURCHILL,2025-08-03,20,Hudson Bay,HBAY,2025-08-04T07:03:25Z,2025-08-04T04:32:00Z,ARR,bad,151.0
693 (08-03),True,True,WINNIPEG,CHURCHILL,2025-08-03,21,The Pas,TPAS,2025-08-04T09:34:36Z,2025-08-04T06:45:00Z,ARR,bad,169.0
693 (08-03),True,True,WINNIPEG,CHURCHILL,2025-08-03,22,Orok,OROK,2025-08-04T10:25:22Z,2025-08-04T08:07:00Z,ARR,bad,138.0
693 (08-03),True,True,WINNIPEG,CHURCHILL,2025-08-03,23,Halcrow,HALC,2025-08-04T11:13:13Z,2025-08-04T09:01:00Z,ARR,bad,132.0
693 (08-03),True,True,WINNIPEG,CHURCHILL,2025-08-03,24,Cormorant,CORM,2025-08-04T11:24:13Z,2025-08-04T09:12:00Z,ARR,bad,132.0
693 (08-03),True,True,WINNIPEG,CHURCHILL,2025-08-03,25,Dering,DERI,2025-08-04T11:32:13Z,2025-08-04T09:20:00Z,ARR,bad,132.0
693 (08-03),True,True,WINNIPEG,CHURCHILL,2025-08-03,26,Dyce,DYCE,2025-08-04T12:04:52Z,2025-08-04T09:59:00Z,ARR,bad,125.0
693 (08-03),True,True,WINNIPEG,CHURCHILL,2025-08-03,27,Wekusko,WEKU,2025-08-04T12:43:09Z,2025-08-04T10:43:00Z,ARR,bad,120.0
693 (08-03),True,True,WINNIPEG,CHURCHILL,2025-08-03,28,Turnbull,TURN,2025-08-04T13:06:29Z,2025-08-04T11:10:00Z,ARR,bad,116.0
693 (08-03),True,True,WINNIPEG,CHURCHILL,2025-08-03,29,Ponton,PNTN,2025-08-04T13:33:00Z,2025-08-04T11:42:00Z,ARR,bad,111.0
693 (08-03),True,True,WINNIPEG,CHURCHILL,2025-08-03,30,Pipun,PIPN,2025-08-04T14:17:02Z,2025-08-04T12:25:00Z,ARR,bad,112.0
693 (08-03),True,True,WINNIPEG,CHURCHILL,2025-08-03,31,Wabowden,WBDN,2025-08-04T14:31:31Z,2025-08-04T12:48:00Z,ARR,bad,103.0
693 (08-03),True,True,WINNIPEG,CHURCHILL,2025-08-03,32,Lyddal,LYDD,2025-08-04T14:57:11Z,2025-08-04T13:16:00Z,ARR,bad,101.0
693 (08-03),True,True,WINNIPEG,CHURCHILL,2025-08-03,33,Odhill,ODHI,2025-08-04T15:19:16Z,2025-08-04T13:38:00Z,ARR,bad,101.0
693 (08-03),True,True,WINNIPEG,CHURCHILL,2025-08-03,34,Hockin,HOCK,2025-08-04T15:57:54Z,2025-08-04T14:22:00Z,ARR,bad,95.0
693 (08-03),True,True,WINNIPEG,CHURCHILL,2025-08-03,35,Thicket Portage,THKP,2025-08-04T16:11:40Z,2025-08-04T14:37:00Z,ARR,bad,94.0
693 (08-03),True,True,WINNIPEG,CHURCHILL,2025-08-03,36,Leven,LEVN,2025-08-04T16:40:37Z,2025-08-04T14:54:00Z,ARR,bad,106.0
693 (08-03),True,True,WINNIPEG,CHURCHILL,2025-08-03,37,Thompson,THOM,2025-08-04T20:02:03Z,2025-08-04T17:00:00Z,ARR,bad,182.0
693 (08-03),True,True,WINNIPEG,CHURCHILL,2025-08-03,38,Sipiwesk,SIPI,2025-08-04T23:25:22Z,2025-08-04T23:35:00Z,ARR,goo,-9.0
693 (08-03),True,True,WINNIPEG,CHURCHILL,2025-08-03,39,Pikwitonei,PIKW,2025-08-05T00:02:00Z,2025-08-05T00:02:00Z,ARR,goo,0.0
693 (08-03),True,True,WINNIPEG,CHURCHILL,2025-08-03,40,Bridgar,BRGR,2025-08-05T00:13:00Z,2025-08-05T00:13:00Z,ARR,goo,0.0
693 (08-03),True,True,WINNIPEG,CHURCHILL,2025-08-03,41,Pit Siding,PITS,2025-08-05T01:35:00Z,2025-08-05T01:35:00Z,ARR,goo,0.0
693 (08-03),True,True,WINNIPEG,CHURCHILL,2025-08-03,42,Ilford,ILFO,2025-08-05T02:34:48Z,2025-08-05T02:36:00Z,ARR,goo,-1.0
693 (08-03),True,True,WINNIPEG,CHURCHILL,2025-08-03,43,Wivenhoe,WVHO,2025-08-05T03:13:00Z,2025-08-05T03:13:00Z,ARR,goo,0.0
693 (08-03),True,True,WINNIPEG,CHURCHILL,2025-08-03,44,Gillam,GILL,2025-08-05T04:00:01Z,2025-08-05T04:00:01Z,ARR,goo,0.0
693 (08-03),True,True,WINNIPEG,CHURCHILL,2025-08-03,45,Bird,BIRD,2025-08-05T05:29:00Z,2025-08-05T05:29:00Z,ARR,goo,0.0
693 (08-03),True,True,WINNIPEG,CHURCHILL,2025-08-03,46,Amery,AMRY,2025-08-05T05:52:00Z,2025-08-05T05:52:00Z,ARR,goo,0.0
693 (08-03),True,True,WINNIPEG,CHURCHILL,2025-08-03,47,Weir River,WEIR,2025-08-05T06:54:44Z,2025-08-05T06:43:00Z,ARR,med,11.0
693 (08-03),True,True,WINNIPEG,CHURCHILL,2025-08-03,48,Thibaudeau,THIB,2025-08-05T08:11:08Z,2025-08-05T08:00:00Z,ARR,med,11.0
693 (08-03),True,True,WINNIPEG,CHURCHILL,2025-08-03,49,Herchmer,HERC,2025-08-05T08:53:53Z,2025-08-05T09:26:00Z,ARR,goo,-32.0
693 (08-03),True,True,WINNIPEG,CHURCHILL,2025-08-03,50,O'Day,ODAY,2025-08-05T09:39:24Z,2025-08-05T10:05:00Z,ARR,goo,-25.0
693 (08-03),True,True,WINNIPEG,CHURCHILL,2025-08-03,51,M'Clintock,MCLI,2025-08-05T10:02:17Z,2025-08-05T10:50:00Z,ARR,goo,-47.0
693 (08-03),True,True,WINNIPEG,CHURCHILL,2025-08-03,52,Chesnaye,CHES,2025-08-05T10:59:10Z,2025-08-05T12:06:00Z,ARR,goo,-66.0
693 (08-03),True,True,WINNIPEG,CHURCHILL,2025-08-03,53,Tidal,TIDL,2025-08-05T12:07:01Z,2025-08-05T13:37:00Z,ARR,goo,-89.0
693 (08-03),True,True,WINNIPEG,CHURCHILL,2025-08-03,54,Churchill,CHUR,2025-08-05T12:56:37Z,2025-08-05T14:00:00Z,ARR,goo,-63.0
2 (08-04),True,False,VANCOUVER,TORONTO,2025-08-04,0,Vancouver,VCVR,2025-08-04T22:00:00Z,2025-08-04T22:00:00Z,ARR,goo,0.0
2 (08-04),True,False,VANCOUVER,TORONTO,2025-08-04,1,Mission Harbour,MSNH,2025-08-05T00:25:52Z,2025-08-04T23:35:00Z,ARR,bad,50.0
2 (08-04),True,False,VANCOUVER,TORONTO,2025-08-04,2,Agassiz,AGAS,2025-08-05T01:12:51Z,2025-08-05T00:03:00Z,ARR,bad,69.0
2 (08-04),True,False,VANCOUVER,TORONTO,2025-08-04,3,Katz,KATZ,2025-08-05T01:27:22Z,2025-08-05T00:17:00Z,ARR,bad,70.0
2 (08-04),True,False,VANCOUVER,TORONTO,2025-08-04,4,North Bend,NBND,2025-08-05T03:10:56Z,2025-08-05T02:46:00Z,ARR,bad,24.0
2 (08-04),True,False,VANCOUVER,TORONTO,2025-08-04,5,Ashcroft,ASHN,2025-08-05T05:36:31Z,2025-08-05T05:32:00Z,ARR,goo,4.0
2 (08-04),True,False,VANCOUVER,TORONTO,2025-08-04,6,Kamloops North,KAMN,2025-08-05T07:31:54Z,2025-08-05T07:17:00Z,ARR,med,14.0
2 (08-04),True,False,VANCOUVER,TORONTO,2025-08-04,7,Clearwater,CLWT,2025-08-05T09:59:53Z,2025-08-05T09:58:00Z,ARR,goo,1.0
2 (08-04),True,False,VANCOUVER,TORONTO,2025-08-04,8,Blue River,BLUE,2025-08-05T11:47:20Z,2025-08-05T12:11:00Z,ARR,goo,-23.0
2 (08-04),True,False,VANCOUVER,TORONTO,2025-08-04,9,Valemount,VLMT,2025-08-05T14:26:39Z,2025-08-05T14:01:00Z,ARR,bad,25.0
2 (08-04),True,False,VANCOUVER,TORONTO,2025-08-04,10,Jasper,JASP,2025-08-05T17:42:34Z,2025-08-05T17:00:00Z,ARR,bad,42.0
2 (08-04),True,False,VANCOUVER,TORONTO,2025-08-04,11,Hinton,HINT,2025-08-05T21:16:11Z,2025-08-05T19:45:00Z,ARR,bad,91.0
2 (08-04),True,False,VANCOUVER,TORONTO,2025-08-04,12,Edson,EDSN,2025-08-05T22:27:43Z,2025-08-05T21:19:00Z,ARR,bad,68.0
2 (08-04),True,False,VANCOUVER,TORONTO,2025-08-04,13,Evansburg,EVAN,2025-08-05T23:53:11Z,2025-08-05T22:28:00Z,ARR,bad,85.0
2 (08-04),True,False,VANCOUVER,TORONTO,2025-08-04,14,Edmonton,EDMO,2025-08-06T01:18:37Z,2025-08-06T00:50:00Z,ARR,bad,28.0
2 (08-04),True,False,VANCOUVER,TORONTO,2025-08-04,15,Viking,VKNG,2025-08-06T05:05:35Z,2025-08-06T03:53:00Z,1h23,bad,72.0
2 (08-04),True,False,VANCOUVER,TORONTO,2025-08-04,16,Wainwright,WAIN,2025-08-06T07:26:35Z,2025-08-06T06:14:00Z,3h44,bad,72.0
2 (08-04),True,False,VANCOUVER,TORONTO,2025-08-04,17,Unity,UNIT,&mdash;,2025-08-06T07:47:00Z,&mdash;,,
2 (08-04),True,False,VANCOUVER,TORONTO,2025-08-04,18,Biggar,BIGG,&mdash;,2025-08-06T09:21:00Z,&mdash;,,
2 (08-04),True,False,VANCOUVER,TORONTO,2025-08-04,19,Saskatoon,SASK,&mdash;,2025-08-06T11:57:00Z,&mdash;,,
2 (08-04),True,False,VANCOUVER,TORONTO,2025-08-04,20,Watrous,WATR,&mdash;,2025-08-06T14:26:00Z,&mdash;,,
693 (08-05),True,False,WINNIPEG,CHURCHILL,2025-08-05,0,Winnipeg,WNPG,2025-08-05T18:05:00Z,2025-08-05T17:05:00Z,ARR,bad,60.0
693 (08-05),True,False,WINNIPEG,CHURCHILL,2025-08-05,1,Portage La Prairie,PLPX,2025-08-05T20:09:02Z,2025-08-05T18:15:00Z,ARR,bad,114.0
693 (08-05),True,False,WINNIPEG,CHURCHILL,2025-08-05,2,Gladstone,GSTO,2025-08-05T20:55:33Z,2025-08-05T19:07:00Z,ARR,bad,108.0
693 (08-05),True,False,WINNIPEG,CHURCHILL,2025-08-05,3,Plumas,PLUM,2025-08-05T21:25:38Z,2025-08-05T19:44:00Z,ARR,bad,101.0
693 (08-05),True,False,WINNIPEG,CHURCHILL,2025-08-05,4,Glenella,GLNA,2025-08-05T21:51:17Z,2025-08-05T20:16:00Z,ARR,bad,95.0
693 (08-05),True,False,WINNIPEG,CHURCHILL,2025-08-05,5,Mccreary,MCCR,2025-08-05T22:31:24Z,2025-08-05T20:57:00Z,ARR,bad,94.0
693 (08-05),True,False,WINNIPEG,CHURCHILL,2025-08-05,6,Laurier,LRIE,2025-08-05T22:51:14Z,2025-08-05T21:15:00Z,ARR,bad,96.0
693 (08-05),True,False,WINNIPEG,CHURCHILL,2025-08-05,7,Ochre River,OCHR,2025-08-05T23:17:36Z,2025-08-05T21:36:00Z,ARR,bad,101.0
693 (08-05),True,False,WINNIPEG,CHURCHILL,2025-08-05,8,Dauphin,DAUP,2025-08-05T23:34:39Z,2025-08-05T21:56:00Z,ARR,bad,98.0
693 (08-05),True,False,WINNIPEG,CHURCHILL,2025-08-05,9,Gilbert Plains,GLBP,2025-08-06T00:29:41Z,2025-08-05T22:44:00Z,ARR,bad,105.0
693 (08-05),True,False,WINNIPEG,CHURCHILL,2025-08-05,10,Grandview,GVIE,2025-08-06T00:48:34Z,2025-08-05T23:00:00Z,ARR,bad,108.0
693 (08-05),True,False,WINNIPEG,CHURCHILL,2025-08-05,11,Roblin,RBLN,2025-08-06T01:57:53Z,2025-08-05T23:55:00Z,ARR,bad,122.0
693 (08-05),True,False,WINNIPEG,CHURCHILL,2025-08-05,12,Togo,TOGO,2025-08-06T02:24:05Z,2025-08-06T00:22:00Z,ARR,bad,122.0
693 (08-05),True,False,WINNIPEG,CHURCHILL,2025-08-05,13,Kamsack,KAMS,2025-08-06T02:56:15Z,2025-08-06T00:59:00Z,ARR,bad,117.0
693 (08-05),True,False,WINNIPEG,CHURCHILL,2025-08-05,14,Veregin,VERE,2025-08-06T03:08:00Z,2025-08-06T01:12:00Z,ARR,bad,116.0
693 (08-05),True,False,WINNIPEG,CHURCHILL,2025-08-05,15,Mikado,MIKA,2025-08-06T03:19:03Z,2025-08-06T01:22:00Z,ARR,bad,117.0
693 (08-05),True,False,WINNIPEG,CHURCHILL,2025-08-05,16,Canora,CANO,2025-08-06T03:30:55Z,2025-08-06T01:36:00Z,ARR,bad,114.0
693 (08-05),True,False,WINNIPEG,CHURCHILL,2025-08-05,17,Sturgis,STGS,2025-08-06T04:15:59Z,2025-08-06T02:21:00Z,33 mins,bad,114.0
693 (08-05),True,False,WINNIPEG,CHURCHILL,2025-08-05,18,Endeavour,ENDV,2025-08-06T04:48:59Z,2025-08-06T02:54:00Z,1h06,bad,114.0
693 (08-05),True,False,WINNIPEG,CHURCHILL,2025-08-05,19,Reserve,RSRV,2025-08-06T05:28:59Z,2025-08-06T03:34:00Z,1h46,bad,114.0
693 (08-05),True,False,WINNIPEG,CHURCHILL,2025-08-05,20,Hudson Bay,HBAY,2025-08-06T06:26:59Z,2025-08-06T04:32:00Z,2h44,bad,114.0
693 (08-05),True,False,WINNIPEG,CHURCHILL,2025-08-05,21,The Pas,TPAS,2025-08-06T08:39:59Z,2025-08-06T06:45:00Z,4h57,bad,114.0
693 (08-05),True,False,WINNIPEG,CHURCHILL,2025-08-05,22,Orok,OROK,2025-08-06T10:01:59Z,2025-08-06T08:07:00Z,6h19,bad,114.0
693 (08-05),True,False,WINNIPEG,CHURCHILL,2025-08-05,23,Halcrow,HALC,2025-08-06T10:55:59Z,2025-08-06T09:01:00Z,7h13,bad,114.0
693 (08-05),True,False,WINNIPEG,CHURCHILL,2025-08-05,24,Cormorant,CORM,2025-08-06T11:06:59Z,2025-08-06T09:12:00Z,7h24,bad,114.0
693 (08-05),True,False,WINNIPEG,CHURCHILL,2025-08-05,25,Dering,DERI,2025-08-06T11:14:59Z,2025-08-06T09:20:00Z,7h32,bad,114.0
693 (08-05),True,False,WINNIPEG,CHURCHILL,2025-08-05,26,Dyce,DYCE,2025-08-06T11:53:59Z,2025-08-06T09:59:00Z,8h11,bad,114.0
693 (08-05),True,False,WINNIPEG,CHURCHILL,2025-08-05,27,Wekusko,WEKU,2025-08-06T12:37:59Z,2025-08-06T10:43:00Z,8h55,bad,114.0
693 (08-05),True,False,WINNIPEG,CHURCHILL,2025-08-05,28,Turnbull,TURN,2025-08-06T13:04:59Z,2025-08-06T11:10:00Z,9h22,bad,114.0
693 (08-05),True,False,WINNIPEG,CHURCHILL,2025-08-05,29,Ponton,PNTN,2025-08-06T13:36:59Z,2025-08-06T11:42:00Z,9h54,bad,114.0
693 (08-05),True,False,WINNIPEG,CHURCHILL,2025-08-05,30,Pipun,PIPN,2025-08-06T14:19:59Z,2025-08-06T12:25:00Z,10h37,bad,114.0
693 (08-05),True,False,WINNIPEG,CHURCHILL,2025-08-05,31,Wabowden,WBDN,2025-08-06T14:42:59Z,2025-08-06T12:48:00Z,11h00,bad,114.0
693 (08-05),True,False,WINNIPEG,CHURCHILL,2025-08-05,32,Lyddal,LYDD,2025-08-06T15:10:59Z,2025-08-06T13:16:00Z,11h28,bad,114.0
693 (08-05),True,False,WINNIPEG,CHURCHILL,2025-08-05,33,Odhill,ODHI,2025-08-06T15:32:59Z,2025-08-06T13:38:00Z,11h50,bad,114.0
693 (08-05),True,False,WINNIPEG,CHURCHILL,2025-08-05,34,Hockin,HOCK,2025-08-06T16:16:59Z,2025-08-06T14:22:00Z,12h34,bad,114.0
693 (08-05),True,False,WINNIPEG,CHURCHILL,2025-08-05,35,Thicket Portage,THKP,2025-08-06T16:31:59Z,2025-08-06T14:37:00Z,12h49,bad,114.0
693 (08-05),True,False,WINNIPEG,CHURCHILL,2025-08-05,36,Leven,LEVN,2025-08-06T16:48:59Z,2025-08-06T14:54:00Z,13h06,bad,114.0
693 (08-05),True,False,WINNIPEG,CHURCHILL,2025-08-05,37,Thompson,THOM,2025-08-06T18:54:59Z,2025-08-06T17:00:00Z,15h12,bad,114.0
20,True,True,MONTRÉAL,QUÉBEC,2025-08-05,0,Montréal,MTRL,2025-08-05T10:25:00Z,2025-08-05T10:25:00Z,ARR,goo,0.0
20,True,True,MONTRÉAL,QUÉBEC,2025-08-05,1,St. Lambert,SLAM,2025-08-05T10:39:54Z,2025-08-05T10:38:00Z,ARR,goo,1.0
20,True,True,MONTRÉAL,QUÉBEC,2025-08-05,2,St. Hyacinthe,SHYA,2025-08-05T11:06:17Z,2025-08-05T11:06:00Z,ARR,goo,0.0
20,True,True,MONTRÉAL,QUÉBEC,2025-08-05,3,Drummondville,DRMV,2025-08-05T11:40:17Z,2025-08-05T11:43:00Z,ARR,goo,-2.0
20,True,True,MONTRÉAL,QUÉBEC,2025-08-05,4,Ste-Foy,SFOY,2025-08-05T13:08:02Z,2025-08-05T13:25:00Z,ARR,goo,-16.0
20,True,True,MONTRÉAL,QUÉBEC,2025-08-05,5,Québec,QBEC,2025-08-05T13:34:40Z,2025-08-05T13:52:00Z,ARR,goo,-17.0
24,True,True,OTTAWA,QUÉBEC,2025-08-05,0,Ottawa,OTTW,2025-08-05T14:13:00Z,2025-08-05T14:13:00Z,ARR,goo,0.0
24,True,True,OTTAWA,QUÉBEC,2025-08-05,1,Alexandria,ALEX,2025-08-05T14:54:08Z,2025-08-05T15:03:00Z,ARR,goo,-8.0
24,True,True,OTTAWA,QUÉBEC,2025-08-05,2,Coteau,COTO,2025-08-05T15:16:07Z,2025-08-05T15:26:00Z,ARR,goo,-9.0
24,True,True,OTTAWA,QUÉBEC,2025-08-05,3,Dorval,DORV,2025-08-05T15:45:37Z,2025-08-05T15:50:00Z,ARR,goo,-4.0
24,True,True,OTTAWA,QUÉBEC,2025-08-05,4,Montréal,MTRL,2025-08-05T16:13:51Z,2025-08-05T16:15:00Z,ARR,goo,-1.0
24,True,True,OTTAWA,QUÉBEC,2025-08-05,5,St. Lambert,SLAM,2025-08-05T17:00:21Z,2025-08-05T16:58:00Z,ARR,goo,2.0
24,True,True,OTTAWA,QUÉBEC,2025-08-05,6,St. Hyacinthe,SHYA,2025-08-05T17:32:31Z,2025-08-05T17:26:00Z,ARR,med,6.0
24,True,True,OTTAWA,QUÉBEC,2025-08-05,7,Drummondville,DRMV,2025-08-05T18:10:41Z,2025-08-05T17:54:00Z,ARR,bad,16.0
24,True,True,OTTAWA,QUÉBEC,2025-08-05,8,Charny,CHNY,2025-08-05T19:51:34Z,2025-08-05T19:38:00Z,ARR,med,13.0
24,True,True,OTTAWA,QUÉBEC,2025-08-05,9,Ste-Foy,SFOY,2025-08-05T19:59:39Z,2025-08-05T19:45:00Z,ARR,med,14.0
24,True,True,OTTAWA,QUÉBEC,2025-08-05,10,Québec,QBEC,2025-08-05T20:28:09Z,2025-08-05T20:12:00Z,ARR,bad,16.0
22,True,True,OTTAWA,QUÉBEC,2025-08-05,0,Ottawa,OTTW,2025-08-05T10:07:00Z,2025-08-05T10:07:00Z,ARR,goo,0.0
22,True,True,OTTAWA,QUÉBEC,2025-08-05,1,Casselman,CSLM,2025-08-05T10:30:29Z,2025-08-05T10:33:00Z,ARR,goo,-2.0
22,True,True,OTTAWA,QUÉBEC,2025-08-05,2,Alexandria,ALEX,2025-08-05T10:52:26Z,2025-08-05T10:55:00Z,ARR,goo,-2.0
22,True,True,OTTAWA,QUÉBEC,2025-08-05,3,Coteau,COTO,2025-08-05T11:14:10Z,2025-08-05T11:23:00Z,ARR,goo,-8.0
22,True,True,OTTAWA,QUÉBEC,2025-08-05,4,Dorval,DORV,2025-08-05T11:47:48Z,2025-08-05T11:47:00Z,ARR,goo,0.0
22,True,True,OTTAWA,QUÉBEC,2025-08-05,5,Montréal,MTRL,2025-08-05T12:11:19Z,2025-08-05T12:11:00Z,ARR,goo,0.0
22,True,True,OTTAWA,QUÉBEC,2025-08-05,6,St. Lambert,SLAM,2025-08-05T12:56:54Z,2025-08-05T12:49:00Z,ARR,med,7.0
22,True,True,OTTAWA,QUÉBEC,2025-08-05,7,St. Hyacinthe,SHYA,2025-08-05T13:32:39Z,2025-08-05T13:16:00Z,ARR,bad,16.0
22,True,True,OTTAWA,QUÉBEC,2025-08-05,8,Drummondville,DRMV,2025-08-05T14:09:49Z,2025-08-05T13:44:00Z,ARR,bad,25.0
22,True,True,OTTAWA,QUÉBEC,2025-08-05,9,Ste-Foy,SFOY,2025-08-05T15:54:04Z,2025-08-05T15:19:00Z,ARR,bad,35.0
22,True,True,OTTAWA,QUÉBEC,2025-08-05,10,Québec,QBEC,2025-08-05T16:22:48Z,2025-08-05T15:47:00Z,ARR,bad,35.0
37,True,True,QUÉBEC,OTTAWA,2025-08-05,0,Québec,QBEC,2025-08-05T16:32:00Z,2025-08-05T16:32:00Z,ARR,goo,0.0
37,True,True,QUÉBEC,OTTAWA,2025-08-05,1,Ste-Foy,SFOY,2025-08-05T16:59:00Z,2025-08-05T16:57:00Z,ARR,goo,2.0
37,True,True,QUÉBEC,OTTAWA,2025-08-05,2,Drummondville,DRMV,2025-08-05T18:43:47Z,2025-08-05T18:44:00Z,ARR,goo,0.0
37,True,True,QUÉBEC,OTTAWA,2025-08-05,3,St. Hyacinthe,SHYA,2025-08-05T19:12:32Z,2025-08-05T19:12:00Z,ARR,goo,0.0
37,True,True,QUÉBEC,OTTAWA,2025-08-05,4,St. Lambert,SLAM,2025-08-05T19:43:09Z,2025-08-05T19:39:00Z,ARR,goo,4.0
37,True,True,QUÉBEC,OTTAWA,2025-08-05,5,Montréal,MTRL,2025-08-05T19:59:40Z,2025-08-05T19:54:00Z,ARR,med,5.0
37,True,True,QUÉBEC,OTTAWA,2025-08-05,6,Dorval,DORV,2025-08-05T20:51:34Z,2025-08-05T20:54:00Z,ARR,goo,-2.0
37,True,True,QUÉBEC,OTTAWA,2025-08-05,7,Coteau,COTO,2025-08-05T21:24:27Z,2025-08-05T21:23:00Z,ARR,goo,1.0
37,True,True,QUÉBEC,OTTAWA,2025-08-05,8,Alexandria,ALEX,2025-08-05T21:45:29Z,2025-08-05T21:45:00Z,ARR,goo,0.0
37,True,True,QUÉBEC,OTTAWA,2025-08-05,9,Ottawa,OTTW,2025-08-05T22:36:24Z,2025-08-05T22:37:00Z,ARR,goo,0.0
41,True,True,OTTAWA,TORONTO,2025-08-05,0,Ottawa,OTTW,2025-08-05T09:21:00Z,2025-08-05T09:21:00Z,ARR,goo,0.0
41,True,True,OTTAWA,TORONTO,2025-08-05,1,Fallowfield,FALL,2025-08-05T09:36:28Z,2025-08-05T09:38:00Z,ARR,goo,-1.0
41,True,True,OTTAWA,TORONTO,2025-08-05,2,Smiths Falls,SMTF,2025-08-05T10:06:50Z,2025-08-05T10:08:00Z,ARR,goo,-1.0
41,True,True,OTTAWA,TORONTO,2025-08-05,3,Brockville,BRKV,2025-08-05T10:46:34Z,2025-08-05T10:40:00Z,ARR,med,6.0
41,True,True,OTTAWA,TORONTO,2025-08-05,4,Kingston,KGON,2025-08-05T11:27:50Z,2025-08-05T11:25:00Z,ARR,goo,2.0
41,True,True,OTTAWA,TORONTO,2025-08-05,5,Napanee,NAPN,2025-08-05T11:51:50Z,2025-08-05T11:49:00Z,ARR,goo,2.0
41,True,True,OTTAWA,TORONTO,2025-08-05,6,Belleville,BLVL,2025-08-05T12:14:49Z,2025-08-05T12:07:00Z,ARR,med,7.0
41,True,True,OTTAWA,TORONTO,2025-08-05,7,Trenton Jct.,TRNJ,2025-08-05T12:29:52Z,2025-08-05T12:20:00Z,ARR,med,9.0
41,True,True,OTTAWA,TORONTO,2025-08-05,8,Cobourg,CBRG,2025-08-05T12:56:40Z,2025-08-05T12:44:00Z,ARR,med,12.0
41,True,True,OTTAWA,TORONTO,2025-08-05,9,Oshawa,OSHA,2025-08-05T13:31:54Z,2025-08-05T13:19:00Z,ARR,med,12.0
41,True,True,OTTAWA,TORONTO,2025-08-05,10,Toronto,TRTO,2025-08-05T14:16:27Z,2025-08-05T14:02:00Z,ARR,med,14.0
52,True,True,TORONTO,OTTAWA,2025-08-05,0,Toronto,TRTO,2025-08-05T12:32:21Z,2025-08-05T12:32:00Z,ARR,goo,0.0
52,True,True,TORONTO,OTTAWA,2025-08-05,1,Guildwood,GUIL,2025-08-05T12:49:25Z,2025-08-05T12:50:00Z,ARR,goo,0.0
52,True,True,TORONTO,OTTAWA,2025-08-05,2,Oshawa,OSHA,2025-08-05T13:09:39Z,2025-08-05T13:09:00Z,ARR,goo,0.0
52,True,True,TORONTO,OTTAWA,2025-08-05,3,Cobourg,CBRG,2025-08-05T13:45:17Z,2025-08-05T13:44:00Z,ARR,goo,1.0
52,True,True,TORONTO,OTTAWA,2025-08-05,4,Belleville,BLVL,2025-08-05T14:19:44Z,2025-08-05T14:20:00Z,ARR,goo,0.0
52,True,True,TORONTO,OTTAWA,2025-08-05,5,Kingston,KGON,2025-08-05T14:58:01Z,2025-08-05T15:00:00Z,ARR,goo,-1.0
52,True,True,TORONTO,OTTAWA,2025-08-05,6,Brockville,BRKV,2025-08-05T16:00:43Z,2025-08-05T15:57:00Z,ARR,goo,3.0
52,True,True,TORONTO,OTTAWA,2025-08-05,7,Smiths Falls,SMTF,2025-08-05T16:45:55Z,2025-08-05T16:35:00Z,ARR,med,10.0
52,True,True,TORONTO,OTTAWA,2025-08-05,8,Fallowfield,FALL,2025-08-05T17:09:30Z,2025-08-05T17:11:00Z,ARR,goo,-1.0
52,True,True,TORONTO,OTTAWA,2025-08-05,9,Ottawa,OTTW,2025-08-05T17:28:09Z,2025-08-05T17:32:00Z,ARR,goo,-3.0
50,True,True,TORONTO,OTTAWA,2025-08-05,0,Toronto,TRTO,2025-08-05T10:32:50Z,2025-08-05T10:32:00Z,ARR,goo,0.0
50,True,True,TORONTO,OTTAWA,2025-08-05,1,Guildwood,GUIL,2025-08-05T10:49:59Z,2025-08-05T10:50:00Z,ARR,goo,0.0
50,True,True,TORONTO,OTTAWA,2025-08-05,2,Oshawa,OSHA,2025-08-05T11:12:41Z,2025-08-05T11:08:00Z,ARR,goo,4.0
50,True,True,TORONTO,OTTAWA,2025-08-05,3,Cobourg,CBRG,2025-08-05T11:46:29Z,2025-08-05T11:43:00Z,ARR,goo,3.0
50,True,True,TORONTO,OTTAWA,2025-08-05,4,Belleville,BLVL,2025-08-05T12:24:03Z,2025-08-05T12:18:00Z,ARR,med,6.0
50,True,True,TORONTO,OTTAWA,2025-08-05,5,Kingston,KGON,2025-08-05T13:02:28Z,2025-08-05T12:57:00Z,ARR,med,5.0
50,True,True,TORONTO,OTTAWA,2025-08-05,6,Brockville,BRKV,2025-08-05T14:12:02Z,2025-08-05T13:54:00Z,ARR,bad,18.0
50,True,True,TORONTO,OTTAWA,2025-08-05,7,Smiths Falls,SMTF,2025-08-05T14:33:07Z,2025-08-05T14:29:00Z,ARR,goo,4.0
50,True,True,TORONTO,OTTAWA,2025-08-05,8,Fallowfield,FALL,2025-08-05T15:11:26Z,2025-08-05T15:01:00Z,ARR,med,10.0
50,True,True,TORONTO,OTTAWA,2025-08-05,9,Ottawa,OTTW,2025-08-05T15:28:30Z,2025-08-05T15:21:00Z,ARR,med,7.0
53,True,True,OTTAWA,TORONTO,2025-08-05,0,Ottawa,OTTW,2025-08-05T15:43:00Z,2025-08-05T15:43:00Z,ARR,goo,0.0
53,True,True,OTTAWA,TORONTO,2025-08-05,1,Fallowfield,FALL,2025-08-05T15:58:59Z,2025-08-05T16:00:00Z,ARR,goo,-1.0
53,True,True,OTTAWA,TORONTO,2025-08-05,2,Brockville,BRKV,2025-08-05T17:03:41Z,2025-08-05T17:01:00Z,ARR,goo,2.0
53,True,True,OTTAWA,TORONTO,2025-08-05,3,Gananoque,GANA,2025-08-05T17:31:29Z,2025-08-05T17:31:00Z,ARR,goo,0.0
53,True,True,OTTAWA,TORONTO,2025-08-05,4,Kingston,KGON,2025-08-05T18:02:39Z,2025-08-05T17:54:00Z,ARR,med,8.0
53,True,True,OTTAWA,TORONTO,2025-08-05,5,Belleville,BLVL,2025-08-05T19:07:35Z,2025-08-05T18:36:00Z,ARR,bad,31.0
53,True,True,OTTAWA,TORONTO,2025-08-05,6,Cobourg,CBRG,2025-08-05T19:45:12Z,2025-08-05T19:12:00Z,ARR,bad,33.0
53,True,True,OTTAWA,TORONTO,2025-08-05,7,Oshawa,OSHA,2025-08-05T20:17:28Z,2025-08-05T19:48:00Z,ARR,bad,29.0
53,True,True,OTTAWA,TORONTO,2025-08-05,8,Toronto,TRTO,2025-08-05T21:00:48Z,2025-08-05T20:33:00Z,ARR,bad,27.0
60,True,True,TORONTO,MONTRÉAL,2025-08-05,0,Toronto,TRTO,2025-08-05T10:32:42Z,2025-08-05T10:32:00Z,ARR,goo,0.0
60,True,True,TORONTO,MONTRÉAL,2025-08-05,1,Guildwood,GUIL,2025-08-05T10:49:55Z,2025-08-05T10:50:00Z,ARR,goo,0.0
60,True,True,TORONTO,MONTRÉAL,2025-08-05,2,Oshawa,OSHA,2025-08-05T11:12:00Z,2025-08-05T11:08:00Z,ARR,goo,4.0
60,True,True,TORONTO,MONTRÉAL,2025-08-05,3,Cobourg,CBRG,2025-08-05T11:46:26Z,2025-08-05T11:43:00Z,ARR,goo,3.0
60,True,True,TORONTO,MONTRÉAL,2025-08-05,4,Belleville,BLVL,2025-08-05T12:23:54Z,2025-08-05T12:18:00Z,ARR,med,5.0
60,True,True,TORONTO,MONTRÉAL,2025-08-05,5,Kingston,KGON,2025-08-05T13:02:23Z,2025-08-05T12:57:00Z,ARR,med,5.0
60,True,True,TORONTO,MONTRÉAL,2025-08-05,6,Cornwall,CWLL,2025-08-05T14:37:42Z,2025-08-05T14:38:00Z,ARR,goo,0.0
60,True,True,TORONTO,MONTRÉAL,2025-08-05,7,Dorval,DORV,2025-08-05T15:33:23Z,2025-08-05T15:25:00Z,ARR,med,8.0
60,True,True,TORONTO,MONTRÉAL,2025-08-05,8,Montréal,MTRL,2025-08-05T16:00:52Z,2025-08-05T15:50:00Z,ARR,med,10.0
61,True,True,MONTRÉAL,TORONTO,2025-08-05,0,Montréal,MTRL,2025-08-05T10:45:00Z,2025-08-05T10:45:00Z,ARR,goo,0.0
61,True,True,MONTRÉAL,TORONTO,2025-08-05,1,Dorval,DORV,2025-08-05T11:07:10Z,2025-08-05T11:08:00Z,ARR,goo,0.0
61,True,True,MONTRÉAL,TORONTO,2025-08-05,2,Cornwall,CWLL,2025-08-05T12:09:43Z,2025-08-05T12:01:00Z,ARR,med,8.0
61,True,True,MONTRÉAL,TORONTO,2025-08-05,3,Kingston,KGON,2025-08-05T13:44:13Z,2025-08-05T13:29:00Z,ARR,bad,15.0
61,True,True,MONTRÉAL,TORONTO,2025-08-05,4,Belleville,BLVL,2025-08-05T14:30:00Z,2025-08-05T14:11:00Z,ARR,bad,19.0
61,True,True,MONTRÉAL,TORONTO,2025-08-05,5,Oshawa,OSHA,2025-08-05T15:48:17Z,2025-08-05T15:19:00Z,ARR,bad,29.0
61,True,True,MONTRÉAL,TORONTO,2025-08-05,6,Guildwood,GUIL,2025-08-05T16:14:35Z,2025-08-05T15:43:00Z,ARR,bad,31.0
61,True,True,MONTRÉAL,TORONTO,2025-08-05,7,Toronto,TRTO,2025-08-05T16:33:16Z,2025-08-05T16:03:00Z,ARR,bad,30.0
64,True,True,TORONTO,MONTRÉAL,2025-08-05,0,Toronto,TRTO,2025-08-05T15:38:11Z,2025-08-05T15:38:00Z,ARR,goo,0.0
64,True,True,TORONTO,MONTRÉAL,2025-08-05,1,Guildwood,GUIL,2025-08-05T15:54:55Z,2025-08-05T15:55:00Z,ARR,goo,0.0
64,True,True,TORONTO,MONTRÉAL,2025-08-05,2,Oshawa,OSHA,2025-08-05T16:14:44Z,2025-08-05T16:09:00Z,ARR,med,5.0
64,True,True,TORONTO,MONTRÉAL,2025-08-05,3,Cobourg,CBRG,2025-08-05T16:49:11Z,2025-08-05T16:46:00Z,ARR,goo,3.0
64,True,True,TORONTO,MONTRÉAL,2025-08-05,4,Belleville,BLVL,2025-08-05T17:25:46Z,2025-08-05T17:22:00Z,ARR,goo,3.0
64,True,True,TORONTO,MONTRÉAL,2025-08-05,5,Kingston,KGON,2025-08-05T18:21:16Z,2025-08-05T18:03:00Z,ARR,bad,18.0
64,True,True,TORONTO,MONTRÉAL,2025-08-05,6,Brockville,BRKV,2025-08-05T19:10:20Z,2025-08-05T18:52:00Z,ARR,bad,18.0
64,True,True,TORONTO,MONTRÉAL,2025-08-05,7,Cornwall,CWLL,2025-08-05T19:59:13Z,2025-08-05T19:42:00Z,ARR,bad,17.0
64,True,True,TORONTO,MONTRÉAL,2025-08-05,8,Dorval,DORV,2025-08-05T21:03:02Z,2025-08-05T20:37:00Z,ARR,bad,26.0
64,True,True,TORONTO,MONTRÉAL,2025-08-05,9,Montréal,MTRL,2025-08-05T21:46:18Z,2025-08-05T21:05:00Z,ARR,bad,41.0
65,True,True,MONTRÉAL,TORONTO,2025-08-05,0,Montréal,MTRL,2025-08-05T14:49:00Z,2025-08-05T14:49:00Z,ARR,goo,0.0
65,True,True,MONTRÉAL,TORONTO,2025-08-05,1,Dorval,DORV,2025-08-05T15:11:45Z,2025-08-05T15:12:00Z,ARR,goo,0.0
65,True,True,MONTRÉAL,TORONTO,2025-08-05,2,Cornwall,CWLL,2025-08-05T16:09:58Z,2025-08-05T16:06:00Z,ARR,goo,3.0
65,True,True,MONTRÉAL,TORONTO,2025-08-05,3,Kingston,KGON,2025-08-05T17:48:39Z,2025-08-05T17:36:00Z,ARR,med,12.0
65,True,True,MONTRÉAL,TORONTO,2025-08-05,4,Belleville,BLVL,2025-08-05T18:55:45Z,2025-08-05T18:20:00Z,ARR,bad,35.0
65,True,True,MONTRÉAL,TORONTO,2025-08-05,5,Cobourg,CBRG,2025-08-05T19:34:32Z,2025-08-05T18:58:00Z,ARR,bad,36.0
65,True,True,MONTRÉAL,TORONTO,2025-08-05,6,Oshawa,OSHA,2025-08-05T20:06:54Z,2025-08-05T19:34:00Z,ARR,bad,32.0
65,True,True,MONTRÉAL,TORONTO,2025-08-05,7,Toronto,TRTO,2025-08-05T20:50:16Z,2025-08-05T20:18:00Z,ARR,bad,32.0
67,True,True,MONTRÉAL,TORONTO,2025-08-05,0,Montréal,MTRL,2025-08-05T17:32:11Z,2025-08-05T17:22:00Z,ARR,med,10.0
67,True,True,MONTRÉAL,TORONTO,2025-08-05,1,Dorval,DORV,2025-08-05T18:01:03Z,2025-08-05T17:47:00Z,ARR,med,14.0
67,True,True,MONTRÉAL,TORONTO,2025-08-05,2,Cornwall,CWLL,2025-08-05T18:54:12Z,2025-08-05T18:38:00Z,ARR,bad,16.0
67,True,True,MONTRÉAL,TORONTO,2025-08-05,3,Kingston,KGON,2025-08-05T20:18:24Z,2025-08-05T20:03:00Z,ARR,bad,15.0
67,True,True,MONTRÉAL,TORONTO,2025-08-05,4,Belleville,BLVL,2025-08-05T21:00:44Z,2025-08-05T20:42:00Z,ARR,bad,18.0
67,True,True,MONTRÉAL,TORONTO,2025-08-05,5,Cobourg,CBRG,2025-08-05T21:37:35Z,2025-08-05T21:17:00Z,ARR,bad,20.0
67,True,True,MONTRÉAL,TORONTO,2025-08-05,6,Oshawa,OSHA,2025-08-05T22:26:34Z,2025-08-05T21:50:00Z,ARR,bad,36.0
67,True,True,MONTRÉAL,TORONTO,2025-08-05,7,Toronto,TRTO,2025-08-05T23:10:15Z,2025-08-05T22:45:00Z,ARR,bad,25.0
70,True,True,WINDSOR,TORONTO,2025-08-05,0,Windsor,WDON,2025-08-05T09:35:00Z,2025-08-05T09:35:00Z,ARR,goo,0.0
70,True,True,WINDSOR,TORONTO,2025-08-05,1,Chatham,CHAT,2025-08-05T10:17:16Z,2025-08-05T10:19:00Z,ARR,goo,-1.0
70,True,True,WINDSOR,TORONTO,2025-08-05,2,London,LNDN,2025-08-05T11:33:22Z,2025-08-05T11:25:00Z,ARR,med,8.0
70,True,True,WINDSOR,TORONTO,2025-08-05,3,Ingersoll,INGR,2025-08-05T11:59:00Z,2025-08-05T11:55:00Z,ARR,goo,4.0
70,True,True,WINDSOR,TORONTO,2025-08-05,4,Woodstock,WDST,2025-08-05T12:11:17Z,2025-08-05T12:08:00Z,ARR,goo,3.0
70,True,True,WINDSOR,TORONTO,2025-08-05,5,Brantford,BRTF,2025-08-05T12:42:52Z,2025-08-05T12:44:00Z,ARR,goo,-1.0
70,True,True,WINDSOR,TORONTO,2025-08-05,6,Aldershot,ALDR,2025-08-05T13:19:05Z,2025-08-05T13:25:00Z,ARR,goo,-5.0
70,True,True,WINDSOR,TORONTO,2025-08-05,7,Oakville,OAKV,2025-08-05T13:44:07Z,2025-08-05T13:43:00Z,ARR,goo,1.0
70,True,True,WINDSOR,TORONTO,2025-08-05,8,Toronto,TRTO,2025-08-05T14:24:20Z,2025-08-05T14:10:00Z,ARR,med,14.0
71,True,True,TORONTO,WINDSOR,2025-08-05,0,Toronto,TRTO,2025-08-05T10:52:00Z,2025-08-05T10:50:00Z,ARR,goo,2.0
71,True,True,TORONTO,WINDSOR,2025-08-05,1,Oakville,OAKV,2025-08-05T11:18:08Z,2025-08-05T11:13:00Z,ARR,med,5.0
71,True,True,TORONTO,WINDSOR,2025-08-05,2,Aldershot,ALDR,2025-08-05T11:34:37Z,2025-08-05T11:29:00Z,ARR,med,5.0
71,True,True,TORONTO,WINDSOR,2025-08-05,3,Brantford,BRTF,2025-08-05T12:04:31Z,2025-08-05T11:55:00Z,ARR,med,9.0
71,True,True,TORONTO,WINDSOR,2025-08-05,4,Woodstock,WDST,2025-08-05T12:35:50Z,2025-08-05T12:30:00Z,ARR,med,5.0
71,True,True,TORONTO,WINDSOR,2025-08-05,5,Ingersoll,INGR,2025-08-05T12:46:41Z,2025-08-05T12:43:00Z,ARR,goo,3.0
71,True,True,TORONTO,WINDSOR,2025-08-05,6,London,LNDN,2025-08-05T13:09:37Z,2025-08-05T13:06:00Z,ARR,goo,3.0
71,True,True,TORONTO,WINDSOR,2025-08-05,7,Glencoe,GLNC,2025-08-05T13:43:08Z,2025-08-05T13:39:00Z,ARR,goo,4.0
71,True,True,TORONTO,WINDSOR,2025-08-05,8,Chatham,CHAT,2025-08-05T14:44:01Z,2025-08-05T14:18:00Z,ARR,bad,26.0
71,True,True,TORONTO,WINDSOR,2025-08-05,9,Windsor,WDON,2025-08-05T15:28:02Z,2025-08-05T15:08:00Z,ARR,bad,20.0
72,True,True,WINDSOR,TORONTO,2025-08-05,0,Windsor,WDON,2025-08-05T12:43:00Z,2025-08-05T12:43:00Z,ARR,goo,0.0
72,True,True,WINDSOR,TORONTO,2025-08-05,1,Chatham,CHAT,2025-08-05T13:26:37Z,2025-08-05T13:25:00Z,ARR,goo,1.0
72,True,True,WINDSOR,TORONTO,2025-08-05,2,Glencoe,GLNC,2025-08-05T14:12:56Z,2025-08-05T14:05:00Z,ARR,med,7.0
72,True,True,WINDSOR,TORONTO,2025-08-05,3,London,LNDN,2025-08-05T14:41:11Z,2025-08-05T14:39:00Z,ARR,goo,2.0
72,True,True,WINDSOR,TORONTO,2025-08-05,4,Ingersoll,INGR,2025-08-05T15:10:19Z,2025-08-05T15:07:00Z,ARR,goo,3.0
72,True,True,WINDSOR,TORONTO,2025-08-05,5,Woodstock,WDST,2025-08-05T15:24:41Z,2025-08-05T15:23:00Z,ARR,goo,1.0
72,True,True,WINDSOR,TORONTO,2025-08-05,6,Brantford,BRTF,2025-08-05T15:58:14Z,2025-08-05T15:55:00Z,ARR,goo,3.0
72,True,True,WINDSOR,TORONTO,2025-08-05,7,Aldershot,ALDR,2025-08-05T16:32:42Z,2025-08-05T16:29:00Z,ARR,goo,3.0
72,True,True,WINDSOR,TORONTO,2025-08-05,8,Oakville,OAKV,2025-08-05T17:00:45Z,2025-08-05T16:45:00Z,ARR,bad,15.0
72,True,True,WINDSOR,TORONTO,2025-08-05,9,Toronto,TRTO,2025-08-05T17:38:25Z,2025-08-05T17:11:00Z,ARR,bad,27.0
73,True,True,TORONTO,WINDSOR,2025-08-05,0,Toronto,TRTO,2025-08-05T16:00:00Z,2025-08-05T15:30:00Z,ARR,bad,30.0
73,True,True,TORONTO,WINDSOR,2025-08-05,1,Oakville,OAKV,2025-08-05T16:27:03Z,2025-08-05T15:51:00Z,ARR,bad,36.0
73,True,True,TORONTO,WINDSOR,2025-08-05,2,Aldershot,ALDR,2025-08-05T16:56:42Z,2025-08-05T16:09:00Z,ARR,bad,47.0
73,True,True,TORONTO,WINDSOR,2025-08-05,3,Brantford,BRTF,2025-08-05T17:30:03Z,2025-08-05T16:40:00Z,ARR,bad,50.0
73,True,True,TORONTO,WINDSOR,2025-08-05,4,Woodstock,WDST,2025-08-05T19:07:16Z,2025-08-05T17:09:00Z,ARR,bad,118.0
73,True,True,TORONTO,WINDSOR,2025-08-05,5,London,LNDN,2025-08-05T19:38:08Z,2025-08-05T17:38:00Z,ARR,bad,120.0
73,True,True,TORONTO,WINDSOR,2025-08-05,6,Chatham,CHAT,2025-08-05T20:56:25Z,2025-08-05T18:50:00Z,ARR,bad,126.0
73,True,True,TORONTO,WINDSOR,2025-08-05,7,Windsor,WDON,2025-08-05T21:39:58Z,2025-08-05T19:45:00Z,ARR,bad,114.0
76,True,True,WINDSOR,TORONTO,2025-08-05,0,Windsor,WDON,2025-08-05T17:06:00Z,2025-08-05T17:06:00Z,ARR,goo,0.0
76,True,True,WINDSOR,TORONTO,2025-08-05,1,Chatham,CHAT,2025-08-05T17:47:50Z,2025-08-05T17:48:00Z,ARR,goo,0.0
76,True,True,WINDSOR,TORONTO,2025-08-05,2,Glencoe,GLNC,2025-08-05T18:35:26Z,2025-08-05T18:23:00Z,ARR,med,12.0
76,True,True,WINDSOR,TORONTO,2025-08-05,3,London,LNDN,2025-08-05T19:08:32Z,2025-08-05T18:58:00Z,ARR,med,10.0
76,True,True,WINDSOR,TORONTO,2025-08-05,4,Brantford,BRTF,2025-08-05T20:10:07Z,2025-08-05T19:59:00Z,ARR,med,11.0
76,True,True,WINDSOR,TORONTO,2025-08-05,5,Aldershot,ALDR,2025-08-05T20:40:01Z,2025-08-05T20:30:00Z,ARR,med,10.0
76,True,True,WINDSOR,TORONTO,2025-08-05,6,Oakville,OAKV,2025-08-05T21:01:53Z,2025-08-05T20:47:00Z,ARR,med,14.0
76,True,True,WINDSOR,TORONTO,2025-08-05,7,Toronto,TRTO,2025-08-05T21:34:37Z,2025-08-05T21:13:00Z,ARR,bad,21.0
82,True,True,LONDON,TORONTO,2025-08-05,0,London,LNDN,2025-08-05T10:25:00Z,2025-08-05T10:25:00Z,ARR,goo,0.0
82,True,True,LONDON,TORONTO,2025-08-05,1,Woodstock,WDST,2025-08-05T10:54:05Z,2025-08-05T10:53:00Z,ARR,goo,1.0
82,True,True,LONDON,TORONTO,2025-08-05,2,Brantford,BRTF,2025-08-05T11:27:12Z,2025-08-05T11:23:00Z,ARR,goo,4.0
82,True,True,LONDON,TORONTO,2025-08-05,3,Toronto,TRTO,2025-08-05T12:36:27Z,2025-08-05T12:35:00Z,ARR,goo,1.0
84,True,True,SARNIA,TORONTO,2025-08-05,0,Sarnia,SARN,2025-08-05T12:40:00Z,2025-08-05T12:40:00Z,ARR,goo,0.0
84,True,True,SARNIA,TORONTO,2025-08-05,1,Wyoming,WYOM,2025-08-05T12:58:38Z,2025-08-05T12:55:00Z,ARR,goo,3.0
84,True,True,SARNIA,TORONTO,2025-08-05,2,Strathroy,STRR,2025-08-05T13:26:11Z,2025-08-05T13:27:00Z,ARR,goo,0.0
84,True,True,SARNIA,TORONTO,2025-08-05,3,London,LNDN,2025-08-05T13:52:17Z,2025-08-05T13:52:00Z,ARR,goo,0.0
84,True,True,SARNIA,TORONTO,2025-08-05,4,St.Marys,SMYS,2025-08-05T14:46:00Z,2025-08-05T14:45:00Z,ARR,goo,1.0
84,True,True,SARNIA,TORONTO,2025-08-05,5,Stratford,STRF,2025-08-05T15:15:05Z,2025-08-05T15:14:00Z,ARR,goo,1.0
84,True,True,SARNIA,TORONTO,2025-08-05,6,Kitchener,KITC,2025-08-05T16:07:18Z,2025-08-05T16:02:00Z,ARR,med,5.0
84,True,True,SARNIA,TORONTO,2025-08-05,7,Guelph,GUEL,2025-08-05T16:32:12Z,2025-08-05T16:24:00Z,ARR,med,8.0
84,True,True,SARNIA,TORONTO,2025-08-05,8,Georgetown,GEOR,2025-08-05T16:56:19Z,2025-08-05T16:47:00Z,ARR,med,9.0
84,True,True,SARNIA,TORONTO,2025-08-05,9,Brampton,BRMP,2025-08-05T17:05:33Z,2025-08-05T16:59:00Z,ARR,med,6.0
84,True,True,SARNIA,TORONTO,2025-08-05,10,Malton,MALT,2025-08-05T17:19:01Z,2025-08-05T17:11:00Z,ARR,med,8.0
84,True,True,SARNIA,TORONTO,2025-08-05,11,Toronto,TRTO,2025-08-05T17:42:11Z,2025-08-05T17:38:00Z,ARR,goo,4.0
641,True,True,OTTAWA,TORONTO,2025-08-05,0,Ottawa,OTTW,2025-08-05T08:13:00Z,2025-08-05T08:13:00Z,ARR,goo,0.0
641,True,True,OTTAWA,TORONTO,2025-08-05,1,Fallowfield,FALL,2025-08-05T08:28:52Z,2025-08-05T08:30:00Z,ARR,goo,-1.0
641,True,True,OTTAWA,TORONTO,2025-08-05,2,Smiths Falls,SMTF,2025-08-05T08:58:04Z,2025-08-05T09:00:00Z,ARR,goo,-1.0
641,True,True,OTTAWA,TORONTO,2025-08-05,3,Brockville,BRKV,2025-08-05T09:30:44Z,2025-08-05T09:32:00Z,ARR,goo,-1.0
641,True,True,OTTAWA,TORONTO,2025-08-05,4,Kingston,KGON,2025-08-05T10:23:22Z,2025-08-05T10:16:00Z,ARR,med,7.0
641,True,True,OTTAWA,TORONTO,2025-08-05,5,Belleville,BLVL,2025-08-05T11:11:42Z,2025-08-05T10:56:00Z,ARR,bad,15.0
641,True,True,OTTAWA,TORONTO,2025-08-05,6,Cobourg,CBRG,2025-08-05T11:53:33Z,2025-08-05T11:31:00Z,ARR,bad,22.0
641,True,True,OTTAWA,TORONTO,2025-08-05,7,Port Hope,PHOP,2025-08-05T12:03:36Z,2025-08-05T11:41:00Z,ARR,bad,22.0
641,True,True,OTTAWA,TORONTO,2025-08-05,8,Toronto,TRTO,2025-08-05T13:16:57Z,2025-08-05T12:48:00Z,ARR,bad,28.0
644,True,True,TORONTO,OTTAWA,2025-08-05,0,Toronto,TRTO,2025-08-05T17:23:00Z,2025-08-05T17:23:00Z,ARR,goo,0.0
644,True,True,TORONTO,OTTAWA,2025-08-05,1,Oshawa,OSHA,2025-08-05T18:01:07Z,2025-08-05T17:53:00Z,ARR,med,8.0
644,True,True,TORONTO,OTTAWA,2025-08-05,2,Cobourg,CBRG,2025-08-05T18:38:21Z,2025-08-05T18:28:00Z,ARR,med,10.0
644,True,True,TORONTO,OTTAWA,2025-08-05,3,Belleville,BLVL,2025-08-05T19:17:00Z,2025-08-05T19:03:00Z,ARR,med,14.0
644,True,True,TORONTO,OTTAWA,2025-08-05,4,Kingston,KGON,2025-08-05T20:08:33Z,2025-08-05T19:43:00Z,ARR,bad,25.0
644,True,True,TORONTO,OTTAWA,2025-08-05,5,Fallowfield,FALL,2025-08-05T21:46:51Z,2025-08-05T21:30:00Z,ARR,bad,16.0
644,True,True,TORONTO,OTTAWA,2025-08-05,6,Ottawa,OTTW,2025-08-05T22:07:41Z,2025-08-05T21:53:00Z,ARR,med,14.0
643,True,True,OTTAWA,TORONTO,2025-08-05,0,Ottawa,OTTW,2025-08-05T12:29:00Z,2025-08-05T12:29:00Z,ARR,goo,0.0
643,True,True,OTTAWA,TORONTO,2025-08-05,1,Fallowfield,FALL,2025-08-05T12:45:56Z,2025-08-05T12:45:00Z,ARR,goo,0.0
643,True,True,OTTAWA,TORONTO,2025-08-05,2,Smiths Falls,SMTF,2025-08-05T13:16:48Z,2025-08-05T13:17:00Z,ARR,goo,0.0
643,True,True,OTTAWA,TORONTO,2025-08-05,3,Brockville,BRKV,2025-08-05T13:50:58Z,2025-08-05T13:49:00Z,ARR,goo,1.0
643,True,True,OTTAWA,TORONTO,2025-08-05,4,Kingston,KGON,2025-08-05T14:32:52Z,2025-08-05T14:32:00Z,ARR,goo,0.0
643,True,True,OTTAWA,TORONTO,2025-08-05,5,Napanee,NAPN,2025-08-05T15:00:30Z,2025-08-05T14:57:00Z,ARR,goo,3.0
643,True,True,OTTAWA,TORONTO,2025-08-05,6,Belleville,BLVL,2025-08-05T15:20:28Z,2025-08-05T15:17:00Z,ARR,goo,3.0
643,True,True,OTTAWA,TORONTO,2025-08-05,7,Trenton Jct.,TRNJ,2025-08-05T15:36:47Z,2025-08-05T15:31:00Z,ARR,med,5.0
643,True,True,OTTAWA,TORONTO,2025-08-05,8,Cobourg,CBRG,2025-08-05T16:02:31Z,2025-08-05T15:57:00Z,ARR,med,5.0
643,True,True,OTTAWA,TORONTO,2025-08-05,9,Port Hope,PHOP,2025-08-05T16:12:30Z,2025-08-05T16:07:00Z,ARR,med,5.0
643,True,True,OTTAWA,TORONTO,2025-08-05,10,Oshawa,OSHA,2025-08-05T16:39:15Z,2025-08-05T16:35:00Z,ARR,goo,4.0
643,True,True,OTTAWA,TORONTO,2025-08-05,11,Guildwood,GUIL,2025-08-05T17:00:05Z,2025-08-05T16:58:00Z,ARR,goo,2.0
643,True,True,OTTAWA,TORONTO,2025-08-05,12,Toronto,TRTO,2025-08-05T17:29:27Z,2025-08-05T17:18:00Z,ARR,med,11.0
62,True,True,TORONTO,MONTRÉAL,2025-08-05,0,Toronto,TRTO,2025-08-05T12:32:11Z,2025-08-05T12:32:00Z,ARR,goo,0.0
62,True,True,TORONTO,MONTRÉAL,2025-08-05,1,Guildwood,GUIL,2025-08-05T12:49:17Z,2025-08-05T12:50:00Z,ARR,goo,0.0
62,True,True,TORONTO,MONTRÉAL,2025-08-05,2,Oshawa,OSHA,2025-08-05T13:09:34Z,2025-08-05T13:09:00Z,ARR,goo,0.0
62,True,True,TORONTO,MONTRÉAL,2025-08-05,3,Cobourg,CBRG,2025-08-05T13:45:12Z,2025-08-05T13:44:00Z,ARR,goo,1.0
62,True,True,TORONTO,MONTRÉAL,2025-08-05,4,Belleville,BLVL,2025-08-05T14:19:39Z,2025-08-05T14:20:00Z,ARR,goo,0.0
62,True,True,TORONTO,MONTRÉAL,2025-08-05,5,Kingston,KGON,2025-08-05T14:57:57Z,2025-08-05T15:00:00Z,ARR,goo,-2.0
62,True,True,TORONTO,MONTRÉAL,2025-08-05,6,Cornwall,CWLL,2025-08-05T16:43:37Z,2025-08-05T16:43:00Z,ARR,goo,0.0
62,True,True,TORONTO,MONTRÉAL,2025-08-05,7,Dorval,DORV,2025-08-05T17:45:23Z,2025-08-05T17:34:00Z,ARR,med,11.0
62,True,True,TORONTO,MONTRÉAL,2025-08-05,8,Montréal,MTRL,2025-08-05T18:12:06Z,2025-08-05T18:00:00Z,ARR,med,12.0
97,True,True,TORONTO,NIAGARA FALLS,2025-08-05,0,Toronto,TRTO,2025-08-05T12:20:00Z,2025-08-05T12:20:00Z,ARR,goo,0.0
97,True,True,TORONTO,NIAGARA FALLS,2025-08-05,1,Oakville,OAKV,2025-08-05T12:43:00Z,2025-08-05T12:43:00Z,ARR,goo,0.0
97,True,True,TORONTO,NIAGARA FALLS,2025-08-05,2,Aldershot,ALDR,2025-08-05T12:56:00Z,2025-08-05T12:56:00Z,ARR,goo,0.0
97,True,True,TORONTO,NIAGARA FALLS,2025-08-05,3,Grimsby,GRIM,2025-08-05T13:37:00Z,2025-08-05T13:37:00Z,ARR,goo,0.0
97,True,True,TORONTO,NIAGARA FALLS,2025-08-05,4,St. Catharines,SCAT,2025-08-05T13:57:00Z,2025-08-05T13:57:00Z,ARR,goo,0.0
97,True,True,TORONTO,NIAGARA FALLS,2025-08-05,5,Niagara Falls,NIAG,2025-08-05T14:20:00Z,2025-08-05T14:20:00Z,ARR,goo,0.0
45,True,True,OTTAWA,TORONTO,2025-08-05,0,Ottawa,OTTW,2025-08-05T14:24:07Z,2025-08-05T14:24:00Z,ARR,goo,0.0
45,True,True,OTTAWA,TORONTO,2025-08-05,1,Fallowfield,FALL,2025-08-05T14:41:03Z,2025-08-05T14:40:00Z,ARR,goo,1.0
45,True,True,OTTAWA,TORONTO,2025-08-05,2,Kingston,KGON,2025-08-05T16:36:28Z,2025-08-05T16:26:00Z,ARR,med,10.0
45,True,True,OTTAWA,TORONTO,2025-08-05,3,Toronto,TRTO,2025-08-05T19:30:03Z,2025-08-05T18:48:00Z,ARR,bad,42.0
33,True,True,QUÉBEC,OTTAWA,2025-08-05,0,Québec,QBEC,2025-08-05T09:29:00Z,2025-08-05T09:29:00Z,ARR,goo,0.0
33,True,True,QUÉBEC,OTTAWA,2025-08-05,1,Ste-Foy,SFOY,2025-08-05T09:55:51Z,2025-08-05T09:54:00Z,ARR,goo,1.0
33,True,True,QUÉBEC,OTTAWA,2025-08-05,2,Charny,CHNY,2025-08-05T10:06:13Z,2025-08-05T10:03:00Z,ARR,goo,3.0
33,True,True,QUÉBEC,OTTAWA,2025-08-05,3,Drummondville,DRMV,2025-08-05T11:40:47Z,2025-08-05T11:26:00Z,ARR,med,14.0
33,True,True,QUÉBEC,OTTAWA,2025-08-05,4,St. Hyacinthe,SHYA,2025-08-05T12:15:52Z,2025-08-05T11:57:00Z,ARR,bad,18.0
33,True,True,QUÉBEC,OTTAWA,2025-08-05,5,St. Lambert,SLAM,2025-08-05T12:48:38Z,2025-08-05T12:23:00Z,ARR,bad,25.0
33,True,True,QUÉBEC,OTTAWA,2025-08-05,6,Montréal,MTRL,2025-08-05T13:07:49Z,2025-08-05T12:37:00Z,ARR,bad,30.0
33,True,True,QUÉBEC,OTTAWA,2025-08-05,7,Dorval,DORV,2025-08-05T13:54:52Z,2025-08-05T13:24:00Z,ARR,bad,30.0
33,True,True,QUÉBEC,OTTAWA,2025-08-05,8,Alexandria,ALEX,2025-08-05T14:50:57Z,2025-08-05T14:10:00Z,ARR,bad,40.0
33,True,True,QUÉBEC,OTTAWA,2025-08-05,9,Casselman,CSLM,2025-08-05T15:16:01Z,2025-08-05T14:33:00Z,ARR,bad,43.0
33,True,True,QUÉBEC,OTTAWA,2025-08-05,10,Ottawa,OTTW,2025-08-05T15:47:54Z,2025-08-05T15:04:00Z,ARR,bad,43.0
185,True,True,SUDBURY,WHITE RIVER,2025-08-05,0,Sudbury,SUDB,2025-08-05T13:00:00Z,2025-08-05T13:00:00Z,ARR,goo,0.0
185,True,True,SUDBURY,WHITE RIVER,2025-08-05,1,Azilda,AZIL,2025-08-05T13:16:04Z,2025-08-05T13:10:00Z,ARR,med,6.0
185,True,True,SUDBURY,WHITE RIVER,2025-08-05,2,Chelmsford,CHEL,2025-08-05T13:19:10Z,2025-08-05T13:15:00Z,ARR,goo,4.0
185,True,True,SUDBURY,WHITE RIVER,2025-08-05,3,Larchwood,LARC,2025-08-05T13:22:55Z,2025-08-05T13:19:00Z,ARR,goo,3.0
185,True,True,SUDBURY,WHITE RIVER,2025-08-05,4,Levack,LEVA,2025-08-05T13:32:53Z,2025-08-05T13:30:00Z,ARR,goo,2.0
185,True,True,SUDBURY,WHITE RIVER,2025-08-05,5,Cartier,CART,2025-08-05T13:46:28Z,2025-08-05T13:45:00Z,ARR,goo,1.0
185,True,True,SUDBURY,WHITE RIVER,2025-08-05,6,Benny,BENN,2025-08-05T13:59:33Z,2025-08-05T14:05:00Z,ARR,goo,-5.0
185,True,True,SUDBURY,WHITE RIVER,2025-08-05,7,Stralak,STRL,2025-08-05T14:06:15Z,2025-08-05T14:12:00Z,ARR,goo,-5.0
185,True,True,SUDBURY,WHITE RIVER,2025-08-05,8,Pogamasing,POGA,2025-08-05T14:17:38Z,2025-08-05T14:25:00Z,ARR,goo,-7.0
185,True,True,SUDBURY,WHITE RIVER,2025-08-05,9,Sheahan,SHEA,2025-08-05T14:23:06Z,2025-08-05T14:30:00Z,ARR,goo,-6.0
185,True,True,SUDBURY,WHITE RIVER,2025-08-05,10,Forks,FRKS,2025-08-05T14:32:16Z,2025-08-05T14:40:00Z,ARR,goo,-7.0
185,True,True,SUDBURY,WHITE RIVER,2025-08-05,11,Metagama,MTGM,2025-08-05T14:50:00Z,2025-08-05T14:50:00Z,ARR,goo,0.0
185,True,True,SUDBURY,WHITE RIVER,2025-08-05,12,Sinker,SNKR,2025-08-05T14:55:00Z,2025-08-05T14:55:00Z,ARR,goo,0.0
185,True,True,SUDBURY,WHITE RIVER,2025-08-05,13,Biscotasing,BISC,2025-08-05T15:19:41Z,2025-08-05T15:20:00Z,ARR,goo,0.0
185,True,True,SUDBURY,WHITE RIVER,2025-08-05,14,Roberts,RBRT,2025-08-05T15:30:00Z,2025-08-05T15:30:00Z,ARR,goo,0.0
185,True,True,SUDBURY,WHITE RIVER,2025-08-05,15,Ramsey,RAMS,2025-08-05T15:45:00Z,2025-08-05T15:45:00Z,ARR,goo,0.0
185,True,True,SUDBURY,WHITE RIVER,2025-08-05,16,Woman River,WOMR,2025-08-05T16:05:00Z,2025-08-05T16:05:00Z,ARR,goo,0.0
185,True,True,SUDBURY,WHITE RIVER,2025-08-05,17,Sultan,SULT,2025-08-05T16:20:00Z,2025-08-05T16:20:00Z,ARR,goo,0.0
185,True,True,SUDBURY,WHITE RIVER,2025-08-05,18,Kormak,KORM,2025-08-05T16:35:00Z,2025-08-05T16:35:00Z,ARR,goo,0.0
185,True,True,SUDBURY,WHITE RIVER,2025-08-05,19,Kinogama,KINO,2025-08-05T16:40:00Z,2025-08-05T16:40:00Z,ARR,goo,0.0
185,True,True,SUDBURY,WHITE RIVER,2025-08-05,20,Nemegos,NEME,2025-08-05T17:38:42Z,2025-08-05T16:55:00Z,ARR,bad,43.0
185,True,True,SUDBURY,WHITE RIVER,2025-08-05,21,Devon,DEVN,2025-08-05T17:47:53Z,2025-08-05T17:05:00Z,ARR,bad,42.0
185,True,True,SUDBURY,WHITE RIVER,2025-08-05,22,Chapleau,CHAP,2025-08-05T18:08:45Z,2025-08-05T17:20:00Z,ARR,bad,48.0
185,True,True,SUDBURY,WHITE RIVER,2025-08-05,23,Esher,ESHR,2025-08-05T18:30:51Z,2025-08-05T17:50:00Z,ARR,bad,40.0
185,True,True,SUDBURY,WHITE RIVER,2025-08-05,24,Musk,MUSK,2025-08-05T18:44:34Z,2025-08-05T18:00:00Z,ARR,bad,44.0
185,True,True,SUDBURY,WHITE RIVER,2025-08-05,25,Nicholson,NICH,2025-08-05T18:50:42Z,2025-08-05T18:10:00Z,ARR,bad,40.0
185,True,True,SUDBURY,WHITE RIVER,2025-08-05,26,Bolkow,BOLK,2025-08-05T19:13:52Z,2025-08-05T18:30:00Z,ARR,bad,43.0
185,True,True,SUDBURY,WHITE RIVER,2025-08-05,27,Dalton,DALT,2025-08-05T19:28:52Z,2025-08-05T18:45:00Z,ARR,bad,43.0
185,True,True,SUDBURY,WHITE RIVER,2025-08-05,28,Missanabie,MSBI,2025-08-05T19:53:52Z,2025-08-05T19:10:00Z,ARR,bad,43.0
185,True,True,SUDBURY,WHITE RIVER,2025-08-05,29,Lochalsh,LOCH,2025-08-05T20:13:52Z,2025-08-05T19:30:00Z,ARR,bad,43.0
185,True,True,SUDBURY,WHITE RIVER,2025-08-05,30,Franz,FRNZ,2025-08-05T20:25:08Z,2025-08-05T19:50:00Z,ARR,bad,35.0
185,True,True,SUDBURY,WHITE RIVER,2025-08-05,31,Swanson,SWAN,2025-08-05T20:41:01Z,2025-08-05T20:00:00Z,ARR,bad,41.0
185,True,True,SUDBURY,WHITE RIVER,2025-08-05,32,Girdwood,GIRD,2025-08-05T21:23:32Z,2025-08-05T20:25:00Z,ARR,bad,58.0
185,True,True,SUDBURY,WHITE RIVER,2025-08-05,33,Amyot,AMYO,2025-08-05T21:32:06Z,2025-08-05T20:35:00Z,ARR,bad,57.0
185,True,True,SUDBURY,WHITE RIVER,2025-08-05,34,O'Brien,OBRI,2025-08-05T21:46:13Z,2025-08-05T20:50:00Z,ARR,bad,56.0
185,True,True,SUDBURY,WHITE RIVER,2025-08-05,35,White River,WHTR,2025-08-05T22:19:04Z,2025-08-05T21:05:00Z,ARR,bad,74.0
47,True,True,OTTAWA,TORONTO,2025-08-05,0,Ottawa,OTTW,2025-08-05T16:24:31Z,2025-08-05T16:23:00Z,ARR,goo,1.0
47,True,True,OTTAWA,TORONTO,2025-08-05,1,Fallowfield,FALL,2025-08-05T16:41:13Z,2025-08-05T16:40:00Z,ARR,goo,1.0
47,True,True,OTTAWA,TORONTO,2025-08-05,2,Smiths Falls,SMTF,2025-08-05T17:19:20Z,2025-08-05T17:18:00Z,ARR,goo,1.0
47,True,True,OTTAWA,TORONTO,2025-08-05,3,Brockville,BRKV,2025-08-05T17:51:52Z,2025-08-05T17:54:00Z,ARR,goo,-2.0
47,True,True,OTTAWA,TORONTO,2025-08-05,4,Gananoque,GANA,2025-08-05T18:36:40Z,2025-08-05T18:22:00Z,ARR,med,14.0
47,True,True,OTTAWA,TORONTO,2025-08-05,5,Kingston,KGON,2025-08-05T19:00:44Z,2025-08-05T18:45:00Z,ARR,bad,15.0
47,True,True,OTTAWA,TORONTO,2025-08-05,6,Belleville,BLVL,2025-08-05T19:48:43Z,2025-08-05T19:26:00Z,ARR,bad,22.0
47,True,True,OTTAWA,TORONTO,2025-08-05,7,Oshawa,OSHA,2025-08-05T21:12:34Z,2025-08-05T20:33:00Z,ARR,bad,39.0
47,True,True,OTTAWA,TORONTO,2025-08-05,8,Guildwood,GUIL,2025-08-05T21:35:42Z,2025-08-05T20:58:00Z,ARR,bad,37.0
47,True,True,OTTAWA,TORONTO,2025-08-05,9,Toronto,TRTO,2025-08-05T22:06:42Z,2025-08-05T21:30:00Z,ARR,bad,36.0
63,True,True,MONTRÉAL,TORONTO,2025-08-05,0,Montréal,MTRL,2025-08-05T12:46:00Z,2025-08-05T12:46:00Z,ARR,goo,0.0
63,True,True,MONTRÉAL,TORONTO,2025-08-05,1,Dorval,DORV,2025-08-05T13:07:58Z,2025-08-05T13:11:00Z,ARR,goo,-3.0
63,True,True,MONTRÉAL,TORONTO,2025-08-05,2,Cornwall,CWLL,2025-08-05T14:00:01Z,2025-08-05T14:04:00Z,ARR,goo,-3.0
63,True,True,MONTRÉAL,TORONTO,2025-08-05,3,Brockville,BRKV,2025-08-05T14:48:55Z,2025-08-05T14:54:00Z,ARR,goo,-5.0
63,True,True,MONTRÉAL,TORONTO,2025-08-05,4,Kingston,KGON,2025-08-05T15:36:12Z,2025-08-05T15:39:00Z,ARR,goo,-2.0
63,True,True,MONTRÉAL,TORONTO,2025-08-05,5,Belleville,BLVL,2025-08-05T16:16:28Z,2025-08-05T16:20:00Z,ARR,goo,-3.0
63,True,True,MONTRÉAL,TORONTO,2025-08-05,6,Cobourg,CBRG,2025-08-05T16:57:28Z,2025-08-05T16:58:00Z,ARR,goo,0.0
63,True,True,MONTRÉAL,TORONTO,2025-08-05,7,Oshawa,OSHA,2025-08-05T17:34:40Z,2025-08-05T17:34:00Z,ARR,goo,0.0
63,True,True,MONTRÉAL,TORONTO,2025-08-05,8,Guildwood,GUIL,2025-08-05T17:56:48Z,2025-08-05T17:58:00Z,ARR,goo,-1.0
63,True,True,MONTRÉAL,TORONTO,2025-08-05,9,Toronto,TRTO,2025-08-05T18:27:17Z,2025-08-05T18:18:00Z,ARR,med,9.0
40,True,True,TORONTO,OTTAWA,2025-08-05,0,Toronto,TRTO,2025-08-05T14:38:55Z,2025-08-05T14:38:00Z,ARR,goo,0.0
40,True,True,TORONTO,OTTAWA,2025-08-05,1,Belleville,BLVL,2025-08-05T16:27:30Z,2025-08-05T16:09:00Z,ARR,bad,18.0
40,True,True,TORONTO,OTTAWA,2025-08-05,2,Kingston,KGON,2025-08-05T17:19:28Z,2025-08-05T16:48:00Z,ARR,bad,31.0
40,True,True,TORONTO,OTTAWA,2025-08-05,3,Fallowfield,FALL,2025-08-05T19:19:26Z,2025-08-05T18:38:00Z,ARR,bad,41.0
40,True,True,TORONTO,OTTAWA,2025-08-05,4,Ottawa,OTTW,2025-08-05T19:37:12Z,2025-08-05T19:02:00Z,ARR,bad,35.0
35,True,True,QUÉBEC,OTTAWA,2025-08-05,0,Québec,QBEC,2025-08-05T12:06:00Z,2025-08-05T12:06:00Z,ARR,goo,0.0
35,True,True,QUÉBEC,OTTAWA,2025-08-05,1,Ste-Foy,SFOY,2025-08-05T12:33:22Z,2025-08-05T12:31:00Z,ARR,goo,2.0
35,True,True,QUÉBEC,OTTAWA,2025-08-05,2,Charny,CHNY,2025-08-05T12:42:55Z,2025-08-05T12:40:00Z,ARR,goo,2.0
35,True,True,QUÉBEC,OTTAWA,2025-08-05,3,Drummondville,DRMV,2025-08-05T14:27:36Z,2025-08-05T14:14:00Z,ARR,med,13.0
35,True,True,QUÉBEC,OTTAWA,2025-08-05,4,St. Hyacinthe,SHYA,2025-08-05T15:04:03Z,2025-08-05T14:44:00Z,ARR,bad,20.0
35,True,True,QUÉBEC,OTTAWA,2025-08-05,5,St. Lambert,SLAM,2025-08-05T15:40:20Z,2025-08-05T15:11:00Z,ARR,bad,29.0
35,True,True,QUÉBEC,OTTAWA,2025-08-05,6,Montréal,MTRL,2025-08-05T15:57:39Z,2025-08-05T15:26:00Z,ARR,bad,31.0
35,True,True,QUÉBEC,OTTAWA,2025-08-05,7,Dorval,DORV,2025-08-05T16:53:48Z,2025-08-05T16:18:00Z,ARR,bad,35.0
35,True,True,QUÉBEC,OTTAWA,2025-08-05,8,Coteau,COTO,2025-08-05T17:25:36Z,2025-08-05T16:46:00Z,ARR,bad,39.0
35,True,True,QUÉBEC,OTTAWA,2025-08-05,9,Alexandria,ALEX,2025-08-05T17:50:26Z,2025-08-05T17:08:00Z,ARR,bad,42.0
35,True,True,QUÉBEC,OTTAWA,2025-08-05,10,Casselman,CSLM,2025-08-05T18:13:44Z,2025-08-05T17:31:00Z,ARR,bad,42.0
35,True,True,QUÉBEC,OTTAWA,2025-08-05,11,Ottawa,OTTW,2025-08-05T19:17:04Z,2025-08-05T17:58:00Z,ARR,bad,79.0
31,True,True,MONTRÉAL,OTTAWA,2025-08-05,0,Montréal,MTRL,2025-08-05T10:20:00Z,2025-08-05T10:20:00Z,ARR,goo,0.0
31,True,True,MONTRÉAL,OTTAWA,2025-08-05,1,Dorval,DORV,2025-08-05T10:43:10Z,2025-08-05T10:44:00Z,ARR,goo,0.0
31,True,True,MONTRÉAL,OTTAWA,2025-08-05,2,Alexandria,ALEX,2025-08-05T11:37:19Z,2025-08-05T11:36:00Z,ARR,goo,1.0
31,True,True,MONTRÉAL,OTTAWA,2025-08-05,3,Casselman,CSLM,2025-08-05T12:00:11Z,2025-08-05T11:59:00Z,ARR,goo,1.0
31,True,True,MONTRÉAL,OTTAWA,2025-08-05,4,Ottawa,OTTW,2025-08-05T12:26:29Z,2025-08-05T12:25:00Z,ARR,goo,1.0
645,True,True,OTTAWA,TORONTO,2025-08-05,0,Ottawa,OTTW,2025-08-05T18:29:00Z,2025-08-05T18:29:00Z,ARR,goo,0.0
645,True,True,OTTAWA,TORONTO,2025-08-05,1,Fallowfield,FALL,2025-08-05T18:46:59Z,2025-08-05T18:49:00Z,ARR,goo,-2.0
645,True,True,OTTAWA,TORONTO,2025-08-05,2,Kingston,KGON,2025-08-05T20:42:57Z,2025-08-05T20:34:00Z,ARR,med,8.0
645,True,True,OTTAWA,TORONTO,2025-08-05,3,Belleville,BLVL,2025-08-05T21:33:27Z,2025-08-05T21:15:00Z,ARR,bad,18.0
645,True,True,OTTAWA,TORONTO,2025-08-05,4,Oshawa,OSHA,2025-08-05T22:58:02Z,2025-08-05T22:20:00Z,ARR,bad,38.0
645,True,True,OTTAWA,TORONTO,2025-08-05,5,Toronto,TRTO,2025-08-05T23:37:20Z,2025-08-05T23:15:00Z,ARR,bad,22.0
44,True,True,TORONTO,OTTAWA,2025-08-05,0,Toronto,TRTO,2025-08-05T18:23:14Z,2025-08-05T18:23:00Z,ARR,goo,0.0
44,True,True,TORONTO,OTTAWA,2025-08-05,1,Oshawa,OSHA,2025-08-05T18:54:24Z,2025-08-05T18:54:00Z,ARR,goo,0.0
44,True,True,TORONTO,OTTAWA,2025-08-05,2,Kingston,KGON,2025-08-05T21:10:39Z,2025-08-05T20:32:00Z,ARR,bad,38.0
44,True,True,TORONTO,OTTAWA,2025-08-05,3,Brockville,BRKV,2025-08-05T22:09:31Z,2025-08-05T21:19:00Z,ARR,bad,50.0
44,True,True,TORONTO,OTTAWA,2025-08-05,4,Smiths Falls,SMTF,2025-08-05T22:41:12Z,2025-08-05T21:50:00Z,ARR,bad,51.0
44,True,True,TORONTO,OTTAWA,2025-08-05,5,Fallowfield,FALL,2025-08-05T23:09:17Z,2025-08-05T22:22:00Z,ARR,bad,47.0
44,True,True,TORONTO,OTTAWA,2025-08-05,6,Ottawa,OTTW,2025-08-05T23:26:57Z,2025-08-05T22:43:00Z,ARR,bad,43.0
26,True,True,OTTAWA,QUÉBEC,2025-08-05,0,Ottawa,OTTW,2025-08-05T18:17:00Z,2025-08-05T18:17:00Z,ARR,goo,0.0
26,True,True,OTTAWA,QUÉBEC,2025-08-05,1,Alexandria,ALEX,2025-08-05T19:14:06Z,2025-08-05T19:03:00Z,ARR,med,11.0
26,True,True,OTTAWA,QUÉBEC,2025-08-05,2,Coteau,COTO,2025-08-05T19:35:18Z,2025-08-05T19:26:00Z,ARR,med,9.0
26,True,True,OTTAWA,QUÉBEC,2025-08-05,3,Dorval,DORV,2025-08-05T20:02:09Z,2025-08-05T19:49:00Z,ARR,med,13.0
26,True,True,OTTAWA,QUÉBEC,2025-08-05,4,Montréal,MTRL,2025-08-05T20:27:36Z,2025-08-05T20:15:00Z,ARR,med,12.0
26,True,True,OTTAWA,QUÉBEC,2025-08-05,5,St. Lambert,SLAM,2025-08-05T21:24:10Z,2025-08-05T20:53:00Z,ARR,bad,31.0
26,True,True,OTTAWA,QUÉBEC,2025-08-05,6,St. Hyacinthe,SHYA,2025-08-05T22:05:08Z,2025-08-05T21:20:00Z,ARR,bad,45.0
26,True,True,OTTAWA,QUÉBEC,2025-08-05,7,Drummondville,DRMV,2025-08-05T22:42:23Z,2025-08-05T22:05:00Z,ARR,bad,37.0
26,True,True,OTTAWA,QUÉBEC,2025-08-05,8,Charny,CHNY,2025-08-06T00:22:05Z,2025-08-05T23:44:00Z,ARR,bad,38.0
26,True,True,OTTAWA,QUÉBEC,2025-08-05,9,Ste-Foy,SFOY,2025-08-06T00:30:46Z,2025-08-05T23:52:00Z,ARR,bad,38.0
26,True,True,OTTAWA,QUÉBEC,2025-08-05,10,Québec,QBEC,2025-08-06T00:59:04Z,2025-08-06T00:19:00Z,ARR,bad,40.0
39,True,True,QUÉBEC,OTTAWA,2025-08-05,0,Québec,QBEC,2025-08-05T18:57:00Z,2025-08-05T18:57:00Z,ARR,goo,0.0
39,True,True,QUÉBEC,OTTAWA,2025-08-05,1,Ste-Foy,SFOY,2025-08-05T19:24:11Z,2025-08-05T19:22:00Z,ARR,goo,2.0
39,True,True,QUÉBEC,OTTAWA,2025-08-05,2,Drummondville,DRMV,2025-08-05T21:07:25Z,2025-08-05T20:58:00Z,ARR,med,9.0
39,True,True,QUÉBEC,OTTAWA,2025-08-05,3,St. Lambert,SLAM,2025-08-05T22:21:45Z,2025-08-05T21:57:00Z,ARR,bad,24.0
39,True,True,QUÉBEC,OTTAWA,2025-08-05,4,Montréal,MTRL,2025-08-05T22:38:21Z,2025-08-05T22:11:00Z,ARR,bad,27.0
39,True,True,QUÉBEC,OTTAWA,2025-08-05,5,Dorval,DORV,2025-08-05T23:24:17Z,2025-08-05T23:14:00Z,ARR,med,10.0
39,True,True,QUÉBEC,OTTAWA,2025-08-05,6,Coteau,COTO,2025-08-06T00:05:34Z,2025-08-05T23:43:00Z,ARR,bad,22.0
39,True,True,QUÉBEC,OTTAWA,2025-08-05,7,Alexandria,ALEX,2025-08-06T00:27:09Z,2025-08-06T00:06:00Z,ARR,bad,21.0
39,True,True,QUÉBEC,OTTAWA,2025-08-05,8,Ottawa,OTTW,2025-08-06T01:10:20Z,2025-08-06T00:51:00Z,ARR,bad,19.0
66,True,True,TORONTO,MONTRÉAL,2025-08-05,0,Toronto,TRTO,2025-08-05T19:23:00Z,2025-08-05T19:23:00Z,ARR,goo,0.0
66,True,True,TORONTO,MONTRÉAL,2025-08-05,1,Guildwood,GUIL,2025-08-05T19:42:31Z,2025-08-05T19:40:00Z,ARR,goo,2.0
66,True,True,TORONTO,MONTRÉAL,2025-08-05,2,Oshawa,OSHA,2025-08-05T20:01:50Z,2025-08-05T19:54:00Z,ARR,med,7.0
66,True,True,TORONTO,MONTRÉAL,2025-08-05,3,Belleville,BLVL,2025-08-05T21:13:05Z,2025-08-05T21:00:00Z,ARR,med,13.0
66,True,True,TORONTO,MONTRÉAL,2025-08-05,4,Kingston,KGON,2025-08-05T21:55:01Z,2025-08-05T21:40:00Z,ARR,bad,15.0
66,True,True,TORONTO,MONTRÉAL,2025-08-05,5,Cornwall,CWLL,2025-08-05T23:27:23Z,2025-08-05T23:07:00Z,ARR,bad,20.0
66,True,True,TORONTO,MONTRÉAL,2025-08-05,6,Dorval,DORV,2025-08-06T00:20:10Z,2025-08-05T23:58:00Z,ARR,bad,22.0
66,True,True,TORONTO,MONTRÉAL,2025-08-05,7,Montréal,MTRL,2025-08-06T00:47:09Z,2025-08-06T00:25:00Z,ARR,bad,22.0
46,True,True,TORONTO,OTTAWA,2025-08-05,0,Toronto,TRTO,2025-08-05T19:38:00Z,2025-08-05T19:38:00Z,ARR,goo,0.0
46,True,True,TORONTO,OTTAWA,2025-08-05,1,Oshawa,OSHA,2025-08-05T20:14:58Z,2025-08-05T20:09:00Z,ARR,med,5.0
46,True,True,TORONTO,OTTAWA,2025-08-05,2,Cobourg,CBRG,2025-08-05T20:55:17Z,2025-08-05T20:43:00Z,ARR,med,12.0
46,True,True,TORONTO,OTTAWA,2025-08-05,3,Kingston,KGON,2025-08-05T22:20:31Z,2025-08-05T21:54:00Z,ARR,bad,26.0
46,True,True,TORONTO,OTTAWA,2025-08-05,4,Brockville,BRKV,2025-08-05T23:15:27Z,2025-08-05T22:40:00Z,ARR,bad,35.0
46,True,True,TORONTO,OTTAWA,2025-08-05,5,Fallowfield,FALL,2025-08-06T00:10:39Z,2025-08-05T23:40:00Z,ARR,bad,30.0
46,True,True,TORONTO,OTTAWA,2025-08-05,6,Ottawa,OTTW,2025-08-06T00:29:56Z,2025-08-06T00:00:00Z,ARR,bad,29.0
83,True,True,TORONTO,LONDON,2025-08-05,0,Toronto,TRTO,2025-08-05T20:15:00Z,2025-08-05T20:15:00Z,ARR,goo,0.0
83,True,True,TORONTO,LONDON,2025-08-05,1,Aldershot,ALDR,2025-08-05T21:01:12Z,2025-08-05T20:50:00Z,ARR,med,11.0
83,True,True,TORONTO,LONDON,2025-08-05,2,Brantford,BRTF,2025-08-05T21:30:37Z,2025-08-05T21:20:00Z,ARR,med,10.0
83,True,True,TORONTO,LONDON,2025-08-05,3,Woodstock,WDST,2025-08-05T22:00:39Z,2025-08-05T21:48:00Z,ARR,med,12.0
83,True,True,TORONTO,LONDON,2025-08-05,4,London,LNDN,2025-08-05T22:32:33Z,2025-08-05T22:27:00Z,ARR,med,5.0
28,True,True,OTTAWA,QUÉBEC,2025-08-05,0,Ottawa,OTTW,2025-08-05T20:09:31Z,2025-08-05T20:05:00Z,ARR,goo,4.0
28,True,True,OTTAWA,QUÉBEC,2025-08-05,1,Casselman,CSLM,2025-08-05T20:36:35Z,2025-08-05T20:31:00Z,ARR,med,5.0
28,True,True,OTTAWA,QUÉBEC,2025-08-05,2,Alexandria,ALEX,2025-08-05T20:59:05Z,2025-08-05T20:53:00Z,ARR,med,6.0
28,True,True,OTTAWA,QUÉBEC,2025-08-05,3,Coteau,COTO,2025-08-05T21:21:19Z,2025-08-05T21:15:00Z,ARR,med,6.0
28,True,True,OTTAWA,QUÉBEC,2025-08-05,4,Dorval,DORV,2025-08-05T21:52:31Z,2025-08-05T21:38:00Z,ARR,med,14.0
28,True,True,OTTAWA,QUÉBEC,2025-08-05,5,Montréal,MTRL,2025-08-05T22:17:38Z,2025-08-05T22:04:00Z,ARR,med,13.0
28,True,True,OTTAWA,QUÉBEC,2025-08-05,6,St. Lambert,SLAM,2025-08-05T22:59:57Z,2025-08-05T22:38:00Z,ARR,bad,21.0
28,True,True,OTTAWA,QUÉBEC,2025-08-05,7,St. Hyacinthe,SHYA,2025-08-05T23:31:40Z,2025-08-05T23:06:00Z,ARR,bad,25.0
28,True,True,OTTAWA,QUÉBEC,2025-08-05,8,Drummondville,DRMV,2025-08-06T00:10:41Z,2025-08-05T23:52:00Z,ARR,bad,18.0
28,True,True,OTTAWA,QUÉBEC,2025-08-05,9,Charny,CHNY,2025-08-06T01:44:14Z,2025-08-06T01:14:00Z,ARR,bad,30.0
28,True,True,OTTAWA,QUÉBEC,2025-08-05,10,Ste-Foy,SFOY,2025-08-06T01:53:17Z,2025-08-06T01:21:00Z,ARR,bad,32.0
28,True,True,OTTAWA,QUÉBEC,2025-08-05,11,Québec,QBEC,2025-08-06T02:24:44Z,2025-08-06T01:48:00Z,ARR,bad,36.0
69,True,True,MONTRÉAL,TORONTO,2025-08-05,0,Montréal,MTRL,2025-08-05T20:38:00Z,2025-08-05T20:38:00Z,ARR,goo,0.0
69,True,True,MONTRÉAL,TORONTO,2025-08-05,1,Dorval,DORV,2025-08-05T21:06:11Z,2025-08-05T21:04:00Z,ARR,goo,2.0
69,True,True,MONTRÉAL,TORONTO,2025-08-05,2,Cornwall,CWLL,2025-08-05T22:12:01Z,2025-08-05T21:53:00Z,ARR,bad,19.0
69,True,True,MONTRÉAL,TORONTO,2025-08-05,3,Brockville,BRKV,2025-08-05T23:03:37Z,2025-08-05T22:40:00Z,ARR,bad,23.0
69,True,True,MONTRÉAL,TORONTO,2025-08-05,4,Kingston,KGON,2025-08-05T23:59:08Z,2025-08-05T23:24:00Z,ARR,bad,35.0
69,True,True,MONTRÉAL,TORONTO,2025-08-05,5,Oshawa,OSHA,2025-08-06T02:05:45Z,2025-08-06T01:05:00Z,ARR,bad,60.0
69,True,True,MONTRÉAL,TORONTO,2025-08-05,6,Guildwood,GUIL,2025-08-06T02:28:28Z,2025-08-06T01:28:00Z,ARR,bad,60.0
69,True,True,MONTRÉAL,TORONTO,2025-08-05,7,Toronto,TRTO,2025-08-06T02:50:11Z,2025-08-06T01:48:00Z,ARR,bad,62.0
68,True,True,TORONTO,MONTRÉAL,2025-08-05,0,Toronto,TRTO,2025-08-05T21:08:20Z,2025-08-05T21:08:00Z,ARR,goo,0.0
68,True,True,TORONTO,MONTRÉAL,2025-08-05,1,Oshawa,OSHA,2025-08-05T21:44:42Z,2025-08-05T21:39:00Z,ARR,med,5.0
68,True,True,TORONTO,MONTRÉAL,2025-08-05,2,Cobourg,CBRG,2025-08-05T22:27:27Z,2025-08-05T22:14:00Z,ARR,med,13.0
68,True,True,TORONTO,MONTRÉAL,2025-08-05,3,Belleville,BLVL,2025-08-05T23:01:26Z,2025-08-05T22:49:00Z,ARR,med,12.0
68,True,True,TORONTO,MONTRÉAL,2025-08-05,4,Kingston,KGON,2025-08-05T23:37:39Z,2025-08-05T23:26:00Z,ARR,med,11.0
68,True,True,TORONTO,MONTRÉAL,2025-08-05,5,Brockville,BRKV,2025-08-06T00:26:56Z,2025-08-06T00:11:00Z,ARR,bad,15.0
68,True,True,TORONTO,MONTRÉAL,2025-08-05,6,Cornwall,CWLL,2025-08-06T01:13:13Z,2025-08-06T00:57:00Z,ARR,bad,16.0
68,True,True,TORONTO,MONTRÉAL,2025-08-05,7,Dorval,DORV,2025-08-06T02:02:43Z,2025-08-06T01:47:00Z,ARR,bad,15.0
68,True,True,TORONTO,MONTRÉAL,2025-08-05,8,Montréal,MTRL,2025-08-06T02:28:32Z,2025-08-06T02:14:00Z,ARR,med,14.0
78,True,True,WINDSOR,TORONTO,2025-08-05,0,Windsor,WDON,2025-08-05T22:40:00Z,2025-08-05T21:40:00Z,ARR,bad,60.0
78,True,True,WINDSOR,TORONTO,2025-08-05,1,Chatham,CHAT,2025-08-05T23:23:11Z,2025-08-05T22:24:00Z,ARR,bad,59.0
78,True,True,WINDSOR,TORONTO,2025-08-05,2,Glencoe,GLNC,2025-08-06T00:07:44Z,2025-08-05T22:59:00Z,ARR,bad,68.0
78,True,True,WINDSOR,TORONTO,2025-08-05,3,London,LNDN,2025-08-06T00:42:16Z,2025-08-05T23:32:00Z,ARR,bad,70.0
78,True,True,WINDSOR,TORONTO,2025-08-05,4,Ingersoll,INGR,2025-08-06T01:09:11Z,2025-08-05T23:57:00Z,ARR,bad,72.0
78,True,True,WINDSOR,TORONTO,2025-08-05,5,Woodstock,WDST,2025-08-06T01:20:10Z,2025-08-06T00:08:00Z,ARR,bad,72.0
78,True,True,WINDSOR,TORONTO,2025-08-05,6,Brantford,BRTF,2025-08-06T01:50:50Z,2025-08-06T00:39:00Z,ARR,bad,71.0
78,True,True,WINDSOR,TORONTO,2025-08-05,7,Aldershot,ALDR,2025-08-06T02:23:06Z,2025-08-06T01:09:00Z,ARR,bad,74.0
78,True,True,WINDSOR,TORONTO,2025-08-05,8,Oakville,OAKV,2025-08-06T02:40:52Z,2025-08-06T01:24:00Z,ARR,bad,76.0
78,True,True,WINDSOR,TORONTO,2025-08-05,9,Toronto,TRTO,2025-08-06T03:21:33Z,2025-08-06T01:50:00Z,ARR,bad,91.0
75,True,True,TORONTO,WINDSOR,2025-08-05,0,Toronto,TRTO,2025-08-05T21:35:00Z,2025-08-05T21:22:00Z,ARR,med,13.0
75,True,True,TORONTO,WINDSOR,2025-08-05,1,Oakville,OAKV,2025-08-05T22:03:24Z,2025-08-05T21:45:00Z,ARR,bad,18.0
75,True,True,TORONTO,WINDSOR,2025-08-05,2,Aldershot,ALDR,2025-08-05T22:22:04Z,2025-08-05T22:01:00Z,ARR,bad,21.0
75,True,True,TORONTO,WINDSOR,2025-08-05,3,Brantford,BRTF,2025-08-05T22:53:49Z,2025-08-05T22:33:00Z,ARR,bad,20.0
75,True,True,TORONTO,WINDSOR,2025-08-05,4,Woodstock,WDST,2025-08-05T23:23:32Z,2025-08-05T23:04:00Z,ARR,bad,19.0
75,True,True,TORONTO,WINDSOR,2025-08-05,5,Ingersoll,INGR,2025-08-05T23:37:46Z,2025-08-05T23:19:00Z,ARR,bad,18.0
75,True,True,TORONTO,WINDSOR,2025-08-05,6,London,LNDN,2025-08-06T00:01:48Z,2025-08-05T23:47:00Z,ARR,med,14.0
75,True,True,TORONTO,WINDSOR,2025-08-05,7,Glencoe,GLNC,2025-08-06T00:53:57Z,2025-08-06T00:21:00Z,ARR,bad,32.0
75,True,True,TORONTO,WINDSOR,2025-08-05,8,Chatham,CHAT,2025-08-06T01:34:02Z,2025-08-06T00:55:00Z,ARR,bad,39.0
75,True,True,TORONTO,WINDSOR,2025-08-05,9,Windsor,WDON,2025-08-06T02:18:45Z,2025-08-06T01:50:00Z,ARR,bad,28.0
98,True,True,NIAGARA FALLS,TORONTO,2025-08-05,0,Niagara Falls,NIAG,2025-08-05T22:15:00Z,2025-08-05T21:45:00Z,ARR,bad,30.0
98,True,True,NIAGARA FALLS,TORONTO,2025-08-05,1,St. Catharines,SCAT,2025-08-05T22:36:00Z,2025-08-05T22:06:00Z,ARR,bad,30.0
98,True,True,NIAGARA FALLS,TORONTO,2025-08-05,2,Grimsby,GRIM,2025-08-05T22:56:00Z,2025-08-05T22:26:00Z,ARR,bad,30.0
98,True,True,NIAGARA FALLS,TORONTO,2025-08-05,3,Aldershot,ALDR,2025-08-05T23:32:00Z,2025-08-05T23:02:00Z,ARR,bad,30.0
98,True,True,NIAGARA FALLS,TORONTO,2025-08-05,4,Oakville,OAKV,2025-08-05T23:47:00Z,2025-08-05T23:16:00Z,ARR,bad,31.0
98,True,True,NIAGARA FALLS,TORONTO,2025-08-05,5,Toronto,TRTO,2025-08-06T00:14:00Z,2025-08-05T23:43:00Z,ARR,bad,31.0
54,True,True,TORONTO,OTTAWA,2025-08-05,0,Toronto,TRTO,2025-08-05T21:52:35Z,2025-08-05T21:38:00Z,ARR,med,14.0
54,True,True,TORONTO,OTTAWA,2025-08-05,1,Guildwood,GUIL,2025-08-05T22:12:30Z,2025-08-05T21:55:00Z,ARR,bad,17.0
54,True,True,TORONTO,OTTAWA,2025-08-05,2,Oshawa,OSHA,2025-08-05T22:32:49Z,2025-08-05T22:08:00Z,ARR,bad,24.0
54,True,True,TORONTO,OTTAWA,2025-08-05,3,Port Hope,PHOP,2025-08-05T23:01:07Z,2025-08-05T22:37:00Z,ARR,bad,24.0
54,True,True,TORONTO,OTTAWA,2025-08-05,4,Cobourg,CBRG,2025-08-05T23:09:47Z,2025-08-05T22:46:00Z,ARR,bad,23.0
54,True,True,TORONTO,OTTAWA,2025-08-05,5,Trenton Jct.,TRNJ,2025-08-05T23:34:53Z,2025-08-05T23:13:01Z,ARR,bad,21.0
54,True,True,TORONTO,OTTAWA,2025-08-05,6,Belleville,BLVL,2025-08-05T23:47:40Z,2025-08-05T23:27:00Z,ARR,bad,20.0
54,True,True,TORONTO,OTTAWA,2025-08-05,7,Napanee,NAPN,2025-08-06T00:07:50Z,2025-08-05T23:48:00Z,ARR,bad,19.0
54,True,True,TORONTO,OTTAWA,2025-08-05,8,Kingston,KGON,2025-08-06T00:27:44Z,2025-08-06T00:09:00Z,ARR,bad,18.0
54,True,True,TORONTO,OTTAWA,2025-08-05,9,Brockville,BRKV,2025-08-06T01:12:43Z,2025-08-06T00:54:00Z,ARR,bad,18.0
54,True,True,TORONTO,OTTAWA,2025-08-05,10,Smiths Falls,SMTF,2025-08-06T01:42:10Z,2025-08-06T01:25:00Z,ARR,bad,17.0
54,True,True,TORONTO,OTTAWA,2025-08-05,11,Fallowfield,FALL,2025-08-06T02:07:20Z,2025-08-06T01:52:00Z,ARR,bad,15.0
54,True,True,TORONTO,OTTAWA,2025-08-05,12,Ottawa,OTTW,2025-08-06T02:26:10Z,2025-08-06T02:13:00Z,ARR,med,13.0
87,True,True,TORONTO,SARNIA,2025-08-05,0,Toronto,TRTO,2025-08-05T21:40:00Z,2025-08-05T21:40:00Z,ARR,goo,0.0
87,True,True,TORONTO,SARNIA,2025-08-05,1,Malton,MALT,2025-08-05T22:09:06Z,2025-08-05T22:00:00Z,ARR,med,9.0
87,True,True,TORONTO,SARNIA,2025-08-05,2,Brampton,BRMP,2025-08-05T22:22:08Z,2025-08-05T22:12:00Z,ARR,med,10.0
87,True,True,TORONTO,SARNIA,2025-08-05,3,Georgetown,GEOR,2025-08-05T22:34:57Z,2025-08-05T22:24:00Z,ARR,med,10.0
87,True,True,TORONTO,SARNIA,2025-08-05,4,Guelph,GUEL,2025-08-05T22:57:26Z,2025-08-05T22:49:00Z,ARR,med,8.0
87,True,True,TORONTO,SARNIA,2025-08-05,5,Kitchener,KITC,2025-08-05T23:26:23Z,2025-08-05T23:16:00Z,ARR,med,10.0
87,True,True,TORONTO,SARNIA,2025-08-05,6,Stratford,STRF,2025-08-06T00:18:11Z,2025-08-05T23:57:00Z,ARR,bad,21.0
87,True,True,TORONTO,SARNIA,2025-08-05,7,St.Marys,SMYS,2025-08-06T00:50:39Z,2025-08-06T00:25:00Z,ARR,bad,25.0
87,True,True,TORONTO,SARNIA,2025-08-05,8,London,LNDN,2025-08-06T01:45:06Z,2025-08-06T01:13:00Z,ARR,bad,32.0
87,True,True,TORONTO,SARNIA,2025-08-05,9,Strathroy,STRR,2025-08-06T02:13:01Z,2025-08-06T01:39:00Z,ARR,bad,34.0
87,True,True,TORONTO,SARNIA,2025-08-05,10,Wyoming,WYOM,2025-08-06T02:38:47Z,2025-08-06T02:07:00Z,ARR,bad,31.0
87,True,True,TORONTO,SARNIA,2025-08-05,11,Sarnia,SARN,2025-08-06T02:57:20Z,2025-08-06T02:24:00Z,ARR,bad,33.0
29,True,True,QUÉBEC,MONTRÉAL,2025-08-05,0,Québec,QBEC,2025-08-05T21:41:00Z,2025-08-05T21:41:00Z,ARR,goo,0.0
29,True,True,QUÉBEC,MONTRÉAL,2025-08-05,1,Ste-Foy,SFOY,2025-08-05T22:06:54Z,2025-08-05T22:06:00Z,ARR,goo,0.0
29,True,True,QUÉBEC,MONTRÉAL,2025-08-05,2,Drummondville,DRMV,2025-08-05T23:51:33Z,2025-08-05T23:42:00Z,ARR,med,9.0
29,True,True,QUÉBEC,MONTRÉAL,2025-08-05,3,St. Hyacinthe,SHYA,2025-08-06T00:39:55Z,2025-08-06T00:18:00Z,ARR,bad,21.0
29,True,True,QUÉBEC,MONTRÉAL,2025-08-05,4,St. Lambert,SLAM,2025-08-06T01:13:43Z,2025-08-06T00:45:00Z,ARR,bad,28.0
29,True,True,QUÉBEC,MONTRÉAL,2025-08-05,5,Montréal,MTRL,2025-08-06T01:29:07Z,2025-08-06T01:00:00Z,ARR,bad,29.0
668,True,True,TORONTO,MONTRÉAL,2025-08-05,0,Toronto,TRTO,2025-08-05T22:08:13Z,2025-08-05T22:08:00Z,ARR,goo,0.0
668,True,True,TORONTO,MONTRÉAL,2025-08-05,1,Guildwood,GUIL,2025-08-05T22:26:00Z,2025-08-05T22:25:00Z,ARR,goo,1.0
668,True,True,TORONTO,MONTRÉAL,2025-08-05,2,Oshawa,OSHA,2025-08-05T22:46:16Z,2025-08-05T22:39:00Z,ARR,med,7.0
668,True,True,TORONTO,MONTRÉAL,2025-08-05,3,Kingston,KGON,2025-08-06T00:37:09Z,2025-08-06T00:22:00Z,ARR,bad,15.0
668,True,True,TORONTO,MONTRÉAL,2025-08-05,4,Cornwall,CWLL,2025-08-06T02:03:05Z,2025-08-06T01:49:00Z,ARR,med,14.0
668,True,True,TORONTO,MONTRÉAL,2025-08-05,5,Dorval,DORV,2025-08-06T02:53:48Z,2025-08-06T02:38:00Z,ARR,bad,15.0
668,True,True,TORONTO,MONTRÉAL,2025-08-05,6,Montréal,MTRL,2025-08-06T03:18:50Z,2025-08-06T03:04:00Z,ARR,med,14.0
59,True,True,OTTAWA,TORONTO,2025-08-05,0,Ottawa,OTTW,2025-08-05T22:04:39Z,2025-08-05T22:03:00Z,ARR,goo,1.0
59,True,True,OTTAWA,TORONTO,2025-08-05,1,Fallowfield,FALL,2025-08-05T22:24:01Z,2025-08-05T22:20:00Z,ARR,goo,4.0
59,True,True,OTTAWA,TORONTO,2025-08-05,2,Smiths Falls,SMTF,2025-08-05T23:07:32Z,2025-08-05T22:51:00Z,ARR,bad,16.0
59,True,True,OTTAWA,TORONTO,2025-08-05,3,Brockville,BRKV,2025-08-05T23:46:53Z,2025-08-05T23:25:00Z,ARR,bad,21.0
59,True,True,OTTAWA,TORONTO,2025-08-05,4,Kingston,KGON,2025-08-06T00:33:07Z,2025-08-06T00:10:00Z,ARR,bad,23.0
59,True,True,OTTAWA,TORONTO,2025-08-05,5,Belleville,BLVL,2025-08-06T01:19:27Z,2025-08-06T00:51:00Z,ARR,bad,28.0
59,True,True,OTTAWA,TORONTO,2025-08-05,6,Trenton Jct.,TRNJ,2025-08-06T01:32:36Z,2025-08-06T01:05:00Z,ARR,bad,27.0
59,True,True,OTTAWA,TORONTO,2025-08-05,7,Cobourg,CBRG,2025-08-06T02:03:18Z,2025-08-06T01:31:00Z,ARR,bad,32.0
59,True,True,OTTAWA,TORONTO,2025-08-05,8,Oshawa,OSHA,2025-08-06T02:45:19Z,2025-08-06T02:05:00Z,ARR,bad,40.0
59,True,True,OTTAWA,TORONTO,2025-08-05,9,Guildwood,GUIL,2025-08-06T03:10:12Z,2025-08-06T02:28:00Z,ARR,bad,42.0
59,True,True,OTTAWA,TORONTO,2025-08-05,10,Toronto,TRTO,2025-08-06T03:29:55Z,2025-08-06T02:48:00Z,ARR,bad,41.0
38,True,True,OTTAWA,MONTRÉAL,2025-08-05,0,Ottawa,OTTW,2025-08-05T21:55:00Z,2025-08-05T21:55:00Z,ARR,goo,0.0
38,True,True,OTTAWA,MONTRÉAL,2025-08-05,1,Casselman,CSLM,2025-08-05T22:24:04Z,2025-08-05T22:26:00Z,ARR,goo,-1.0
38,True,True,OTTAWA,MONTRÉAL,2025-08-05,2,Alexandria,ALEX,2025-08-05T22:45:51Z,2025-08-05T22:49:00Z,ARR,goo,-3.0
38,True,True,OTTAWA,MONTRÉAL,2025-08-05,3,Dorval,DORV,2025-08-05T23:37:16Z,2025-08-05T23:33:00Z,ARR,goo,4.0
38,True,True,OTTAWA,MONTRÉAL,2025-08-05,4,Montréal,MTRL,2025-08-06T00:02:36Z,2025-08-05T23:57:00Z,ARR,med,5.0
669,True,False,MONTRÉAL,TORONTO,2025-08-05,0,Montréal,MTRL,2025-08-05T22:09:00Z,2025-08-05T22:09:00Z,ARR,goo,0.0
669,True,False,MONTRÉAL,TORONTO,2025-08-05,1,Dorval,DORV,2025-08-05T22:35:35Z,2025-08-05T22:34:00Z,ARR,goo,1.0
669,True,False,MONTRÉAL,TORONTO,2025-08-05,2,Cornwall,CWLL,2025-08-05T23:34:58Z,2025-08-05T23:26:00Z,ARR,med,8.0
669,True,False,MONTRÉAL,TORONTO,2025-08-05,3,Kingston,KGON,2025-08-06T01:08:58Z,2025-08-06T00:52:00Z,ARR,bad,16.0
669,True,False,MONTRÉAL,TORONTO,2025-08-05,4,Oshawa,OSHA,2025-08-06T03:10:35Z,2025-08-06T02:35:00Z,ARR,bad,35.0
669,True,False,MONTRÉAL,TORONTO,2025-08-05,5,Toronto,TRTO,2025-08-06T03:48:23Z,2025-08-06T03:18:00Z,6 mins,bad,30.0
48,True,False,TORONTO,OTTAWA,2025-08-05,0,Toronto,TRTO,2025-08-05T22:47:11Z,2025-08-05T22:38:00Z,ARR,med,9.0
48,True,False,TORONTO,OTTAWA,2025-08-05,1,Oshawa,OSHA,2025-08-05T23:18:55Z,2025-08-05T23:08:00Z,ARR,med,10.0
48,True,False,TORONTO,OTTAWA,2025-08-05,2,Port Hope,PHOP,2025-08-05T23:52:39Z,2025-08-05T23:36:00Z,ARR,bad,16.0
48,True,False,TORONTO,OTTAWA,2025-08-05,3,Cobourg,CBRG,2025-08-06T00:00:46Z,2025-08-05T23:45:00Z,ARR,bad,15.0
48,True,False,TORONTO,OTTAWA,2025-08-05,4,Trenton Jct.,TRNJ,2025-08-06T00:32:26Z,2025-08-06T00:12:01Z,ARR,bad,20.0
48,True,False,TORONTO,OTTAWA,2025-08-05,5,Belleville,BLVL,2025-08-06T00:46:50Z,2025-08-06T00:25:00Z,ARR,bad,21.0
48,True,False,TORONTO,OTTAWA,2025-08-05,6,Napanee,NAPN,2025-08-06T01:12:22Z,2025-08-06T00:46:00Z,ARR,bad,26.0
48,True,False,TORONTO,OTTAWA,2025-08-05,7,Kingston,KGON,2025-08-06T01:34:39Z,2025-08-06T01:06:00Z,ARR,bad,28.0
48,True,False,TORONTO,OTTAWA,2025-08-05,8,Gananoque,GANA,2025-08-06T01:59:42Z,2025-08-06T01:28:00Z,ARR,bad,31.0
48,True,False,TORONTO,OTTAWA,2025-08-05,9,Brockville,BRKV,2025-08-06T02:31:29Z,2025-08-06T01:53:00Z,ARR,bad,38.0
48,True,False,TORONTO,OTTAWA,2025-08-05,10,Smiths Falls,SMTF,2025-08-06T03:05:59Z,2025-08-06T02:24:00Z,ARR,bad,41.0
48,True,False,TORONTO,OTTAWA,2025-08-05,11,Fallowfield,FALL,2025-08-06T03:30:24Z,2025-08-06T02:51:00Z,ARR,bad,39.0
48,True,False,TORONTO,OTTAWA,2025-08-05,12,Ottawa,OTTW,2025-08-06T03:50:04Z,2025-08-06T03:11:00Z,7 mins,bad,39.0
79,True,False,TORONTO,WINDSOR,2025-08-05,0,Toronto,TRTO,2025-08-05T23:45:05Z,2025-08-05T23:45:00Z,ARR,goo,0.0
79,True,False,TORONTO,WINDSOR,2025-08-05,1,Oakville,OAKV,2025-08-06T00:09:52Z,2025-08-06T00:07:00Z,ARR,goo,2.0
79,True,False,TORONTO,WINDSOR,2025-08-05,2,Aldershot,ALDR,2025-08-06T00:28:40Z,2025-08-06T00:22:00Z,ARR,med,6.0
79,True,False,TORONTO,WINDSOR,2025-08-05,3,Brantford,BRTF,2025-08-06T01:00:18Z,2025-08-06T00:50:00Z,ARR,med,10.0
79,True,False,TORONTO,WINDSOR,2025-08-05,4,Woodstock,WDST,2025-08-06T01:37:19Z,2025-08-06T01:17:00Z,ARR,bad,20.0
79,True,False,TORONTO,WINDSOR,2025-08-05,5,Ingersoll,INGR,2025-08-06T01:49:28Z,2025-08-06T01:30:00Z,ARR,bad,19.0
79,True,False,TORONTO,WINDSOR,2025-08-05,6,London,LNDN,2025-08-06T02:14:39Z,2025-08-06T01:52:00Z,ARR,bad,22.0
79,True,False,TORONTO,WINDSOR,2025-08-05,7,Glencoe,GLNC,2025-08-06T02:47:47Z,2025-08-06T02:25:00Z,ARR,bad,22.0
79,True,False,TORONTO,WINDSOR,2025-08-05,8,Chatham,CHAT,2025-08-06T03:31:00Z,2025-08-06T02:57:00Z,ARR,bad,34.0
79,True,False,TORONTO,WINDSOR,2025-08-05,9,Windsor,WDON,2025-08-06T04:14:56Z,2025-08-06T03:44:00Z,32 mins,bad,30.0
690,True,False,CHURCHILL,THE PAS,2025-08-05,0,Churchill,CHUR,2025-08-06T01:30:00Z,2025-08-06T01:30:00Z,ARR,goo,0.0
690,True,False,CHURCHILL,THE PAS,2025-08-05,1,Tidal,TIDL,2025-08-06T01:59:29Z,2025-08-06T01:52:00Z,ARR,med,7.0
690,True,False,CHURCHILL,THE PAS,2025-08-05,2,Chesnaye,CHES,2025-08-06T03:08:11Z,2025-08-06T02:38:00Z,ARR,bad,30.0
690,True,False,CHURCHILL,THE PAS,2025-08-05,3,M'Clintock,MCLI,2025-08-06T04:24:11Z,2025-08-06T03:54:00Z,41 mins,bad,30.0
690,True,False,CHURCHILL,THE PAS,2025-08-05,4,O'Day,ODAY,2025-08-06T05:09:11Z,2025-08-06T04:39:00Z,1h26,bad,30.0
690,True,False,CHURCHILL,THE PAS,2025-08-05,5,Herchmer,HERC,2025-08-06T05:48:11Z,2025-08-06T05:18:00Z,2h05,bad,30.0
690,True,False,CHURCHILL,THE PAS,2025-08-05,6,Thibaudeau,THIB,2025-08-06T07:14:11Z,2025-08-06T06:44:00Z,3h31,bad,30.0
690,True,False,CHURCHILL,THE PAS,2025-08-05,7,Weir River,WEIR,2025-08-06T08:16:11Z,2025-08-06T07:46:00Z,4h33,bad,30.0
690,True,False,CHURCHILL,THE PAS,2025-08-05,8,Amery,AMRY,2025-08-06T09:07:11Z,2025-08-06T08:37:00Z,5h24,bad,30.0
690,True,False,CHURCHILL,THE PAS,2025-08-05,9,Bird,BIRD,2025-08-06T09:30:11Z,2025-08-06T09:00:00Z,5h47,bad,30.0
690,True,False,CHURCHILL,THE PAS,2025-08-05,10,Gillam,GILL,2025-08-06T10:30:11Z,2025-08-06T10:00:00Z,6h47,bad,30.0
690,True,False,CHURCHILL,THE PAS,2025-08-05,11,Wivenhoe,WVHO,2025-08-06T11:46:11Z,2025-08-06T11:16:00Z,8h03,bad,30.0
690,True,False,CHURCHILL,THE PAS,2025-08-05,12,Ilford,ILFO,2025-08-06T12:23:11Z,2025-08-06T11:53:00Z,8h40,bad,30.0
690,True,False,CHURCHILL,THE PAS,2025-08-05,13,Pit Siding,PITS,2025-08-06T13:24:11Z,2025-08-06T12:54:00Z,9h41,bad,30.0
690,True,False,CHURCHILL,THE PAS,2025-08-05,14,Bridgar,BRGR,2025-08-06T14:46:11Z,2025-08-06T14:16:00Z,11h03,bad,30.0
690,True,False,CHURCHILL,THE PAS,2025-08-05,15,Pikwitonei,PIKW,2025-08-06T14:57:11Z,2025-08-06T14:27:00Z,11h14,bad,30.0
690,True,False,CHURCHILL,THE PAS,2025-08-05,16,Sipiwesk,SIPI,2025-08-06T15:24:11Z,2025-08-06T14:54:00Z,11h41,bad,30.0
690,True,False,CHURCHILL,THE PAS,2025-08-05,17,Thompson,THOM,2025-08-06T17:00:11Z,2025-08-06T16:30:00Z,13h17,bad,30.0
600,True,False,JONQUIÈRE,MONTRÉAL,2025-08-05,0,Jonquière,JONQ,2025-08-06T02:50:06Z,2025-08-06T02:50:00Z,ARR,goo,0.0
600,True,False,JONQUIÈRE,MONTRÉAL,2025-08-05,1,Hébertville,HEBV,2025-08-06T03:23:35Z,2025-08-06T03:24:00Z,ARR,goo,0.0
600,True,False,JONQUIÈRE,MONTRÉAL,2025-08-05,2,Chambord,CHBD,2025-08-06T04:01:52Z,2025-08-06T04:01:00Z,19 mins,goo,0.0
600,True,False,JONQUIÈRE,MONTRÉAL,2025-08-05,3,Lac-Bouchette,LBOU,2025-08-06T04:39:52Z,2025-08-06T04:39:00Z,57 mins,goo,0.0
600,True,False,JONQUIÈRE,MONTRÉAL,2025-08-05,4,Club Lizotte,LIZO,2025-08-06T05:04:52Z,2025-08-06T05:04:00Z,1h22,goo,0.0
600,True,False,JONQUIÈRE,MONTRÉAL,2025-08-05,5,Kondiaronk,KOND,2025-08-06T05:17:52Z,2025-08-06T05:17:00Z,1h35,goo,0.0
600,True,False,JONQUIÈRE,MONTRÉAL,2025-08-05,6,Lac Des Roches,LDES,2025-08-06T05:20:52Z,2025-08-06T05:20:00Z,1h38,goo,0.0
600,True,False,JONQUIÈRE,MONTRÉAL,2025-08-05,7,Van Bruyssel,VBRU,2025-08-06T05:30:52Z,2025-08-06T05:30:00Z,1h48,goo,0.0
600,True,False,JONQUIÈRE,MONTRÉAL,2025-08-05,8,Kiskissink,KISK,2025-08-06T05:31:53Z,2025-08-06T05:31:01Z,1h49,goo,0.0
600,True,False,JONQUIÈRE,MONTRÉAL,2025-08-05,9,Brooks,BRQU,2025-08-06T05:43:52Z,2025-08-06T05:43:00Z,2h01,goo,0.0
600,True,False,JONQUIÈRE,MONTRÉAL,2025-08-05,10,Summit,SMQU,2025-08-06T05:53:52Z,2025-08-06T05:53:00Z,2h11,goo,0.0
600,True,False,JONQUIÈRE,MONTRÉAL,2025-08-05,11,Club Sommet,SMMC,2025-08-06T05:55:52Z,2025-08-06T05:55:00Z,2h13,goo,0.0
600,True,False,JONQUIÈRE,MONTRÉAL,2025-08-05,12,Club Grégoire,GRGC,2025-08-06T05:59:52Z,2025-08-06T05:59:00Z,2h17,goo,0.0
600,True,False,JONQUIÈRE,MONTRÉAL,2025-08-05,13,Caribou,CARI,2025-08-06T06:06:52Z,2025-08-06T06:06:00Z,2h24,goo,0.0
600,True,False,JONQUIÈRE,MONTRÉAL,2025-08-05,14,Cherokee,CHER,2025-08-06T06:08:52Z,2025-08-06T06:08:00Z,2h26,goo,0.0
600,True,False,JONQUIÈRE,MONTRÉAL,2025-08-05,15,Lac-Édouard,LEDW,2025-08-06T06:21:52Z,2025-08-06T06:21:00Z,2h39,goo,0.0
600,True,False,JONQUIÈRE,MONTRÉAL,2025-08-05,16,Club Triton,TRTC,2025-08-06T06:34:52Z,2025-08-06T06:34:00Z,2h52,goo,0.0
600,True,False,JONQUIÈRE,MONTRÉAL,2025-08-05,17,Hirondelle,HRDL,2025-08-06T06:48:52Z,2025-08-06T06:48:00Z,3h06,goo,0.0
600,True,False,JONQUIÈRE,MONTRÉAL,2025-08-05,18,Lac-Aux-Perles,PRLL,2025-08-06T06:51:53Z,2025-08-06T06:51:01Z,3h09,goo,0.0
600,True,False,JONQUIÈRE,MONTRÉAL,2025-08-05,19,Sanford,SANF,2025-08-06T07:02:52Z,2025-08-06T07:02:00Z,3h20,goo,0.0
600,True,False,JONQUIÈRE,MONTRÉAL,2025-08-05,20,Stadacona,STAD,2025-08-06T07:10:52Z,2025-08-06T07:10:00Z,3h28,goo,0.0
600,True,False,JONQUIÈRE,MONTRÉAL,2025-08-05,21,Club Iroquois,IRQC,2025-08-06T07:14:52Z,2025-08-06T07:14:00Z,3h32,goo,0.0
600,True,False,JONQUIÈRE,MONTRÉAL,2025-08-05,22,Lac Malouin,LMAL,2025-08-06T07:18:52Z,2025-08-06T07:18:00Z,3h36,goo,0.0
600,True,False,JONQUIÈRE,MONTRÉAL,2025-08-05,23,Bima,BIMA,2025-08-06T07:20:52Z,2025-08-06T07:20:00Z,3h38,goo,0.0
600,True,False,JONQUIÈRE,MONTRÉAL,2025-08-05,24,Saint-Hilaire,SHPN,2025-08-06T07:23:52Z,2025-08-06T07:23:00Z,3h41,goo,0.0
600,True,False,JONQUIÈRE,MONTRÉAL,2025-08-05,25,Pont Beaudet,PBDT,2025-08-06T07:25:52Z,2025-08-06T07:25:00Z,3h43,goo,0.0
600,True,False,JONQUIÈRE,MONTRÉAL,2025-08-05,26,Falrie,FALR,2025-08-06T07:28:52Z,2025-08-06T07:28:00Z,3h46,goo,0.0
600,True,False,JONQUIÈRE,MONTRÉAL,2025-08-05,27,Club Jacques-Cartier,JACC,2025-08-06T07:31:52Z,2025-08-06T07:31:00Z,3h49,goo,0.0
600,True,False,JONQUIÈRE,MONTRÉAL,2025-08-05,28,Miquick,MIQK,2025-08-06T07:45:52Z,2025-08-06T07:45:00Z,4h03,goo,0.0
600,True,False,JONQUIÈRE,MONTRÉAL,2025-08-05,29,Rivière-À-Pierre,RAPX,2025-08-06T08:20:52Z,2025-08-06T08:20:00Z,4h38,goo,0.0
600,True,False,JONQUIÈRE,MONTRÉAL,2025-08-05,30,Rousseau,ROUS,2025-08-06T08:41:52Z,2025-08-06T08:41:00Z,4h59,goo,0.0
600,True,False,JONQUIÈRE,MONTRÉAL,2025-08-05,31,Hervey,HERV,2025-08-06T09:12:52Z,2025-08-06T09:12:00Z,5h30,goo,0.0
600,True,False,JONQUIÈRE,MONTRÉAL,2025-08-05,32,Saint-Tite,STIT,2025-08-06T09:40:52Z,2025-08-06T09:40:00Z,5h58,goo,0.0
600,True,False,JONQUIÈRE,MONTRÉAL,2025-08-05,33,Garneau,GARN,2025-08-06T09:54:52Z,2025-08-06T09:54:00Z,6h12,goo,0.0
600,True,False,JONQUIÈRE,MONTRÉAL,2025-08-05,34,Grand-Mère,GMRE,2025-08-06T10:07:52Z,2025-08-06T10:07:00Z,6h25,goo,0.0
600,True,False,JONQUIÈRE,MONTRÉAL,2025-08-05,35,Shawinigan,SHWN,2025-08-06T10:15:52Z,2025-08-06T10:15:00Z,6h33,goo,0.0
600,True,False,JONQUIÈRE,MONTRÉAL,2025-08-05,36,Charette,CHRT,2025-08-06T10:38:52Z,2025-08-06T10:38:00Z,6h56,goo,0.0
600,True,False,JONQUIÈRE,MONTRÉAL,2025-08-05,37,St-Justin,SJUS,2025-08-06T11:01:52Z,2025-08-06T11:01:00Z,7h19,goo,0.0
600,True,False,JONQUIÈRE,MONTRÉAL,2025-08-05,38,Joliette,JOLI,2025-08-06T11:30:52Z,2025-08-06T11:30:00Z,7h48,goo,0.0
600,True,False,JONQUIÈRE,MONTRÉAL,2025-08-05,39,Anjou,ANJO,2025-08-06T12:13:52Z,2025-08-06T12:13:00Z,8h31,goo,0.0
600,True,False,JONQUIÈRE,MONTRÉAL,2025-08-05,40,Sauvé,SAUV,2025-08-06T12:27:52Z,2025-08-06T12:27:00Z,8h45,goo,0.0
600,True,False,JONQUIÈRE,MONTRÉAL,2025-08-05,41,Montréal,MTRL,2025-08-06T13:38:52Z,2025-08-06T13:38:00Z,9h56,goo,0.0
604,True,False,SENNETERRE,MONTRÉAL,2025-08-05,0,Mégiscane,MEGI,&mdash;,2025-08-06T00:14:00Z,&mdash;,,
604,True,False,SENNETERRE,MONTRÉAL,2025-08-05,1,Signai,SIGN,&mdash;,2025-08-06T00:30:00Z,&mdash;,,
604,True,False,SENNETERRE,MONTRÉAL,2025-08-05,2,Press,PRSS,&mdash;,2025-08-06T00:38:00Z,&mdash;,,
604,True,False,SENNETERRE,MONTRÉAL,2025-08-05,3,Forsythe,FORS,&mdash;,2025-08-06T00:57:00Z,&mdash;,,
604,True,False,SENNETERRE,MONTRÉAL,2025-08-05,4,Bolger,BGQU,&mdash;,2025-08-06T01:04:00Z,&mdash;,,
604,True,False,SENNETERRE,MONTRÉAL,2025-08-05,5,Dix,DIXX,&mdash;,2025-08-06T01:15:00Z,&mdash;,,
604,True,False,SENNETERRE,MONTRÉAL,2025-08-05,6,Gagnon,GAGN,&mdash;,2025-08-06T01:19:00Z,&mdash;,,
604,True,False,SENNETERRE,MONTRÉAL,2025-08-05,7,Da-Rou-Lac Lodge,DRLL,&mdash;,2025-08-06T01:28:00Z,&mdash;,,
604,True,False,SENNETERRE,MONTRÉAL,2025-08-05,8,Langlade,LNGL,&mdash;,2025-08-06T01:29:01Z,&mdash;,,
604,True,False,SENNETERRE,MONTRÉAL,2025-08-05,9,Club Beaudin Inc.,BDNC,&mdash;,2025-08-06T01:36:00Z,&mdash;,,
604,True,False,SENNETERRE,MONTRÉAL,2025-08-05,10,Bourmont,BRMT,&mdash;,2025-08-06T01:41:00Z,&mdash;,,
604,True,False,SENNETERRE,MONTRÉAL,2025-08-05,11,Club Kapitachuan,KPTC,&mdash;,2025-08-06T01:43:00Z,&mdash;,,
604,True,False,SENNETERRE,MONTRÉAL,2025-08-05,12,Consolidated Bathurst,CBAT,&mdash;,2025-08-06T01:47:00Z,&mdash;,,
604,True,False,SENNETERRE,MONTRÉAL,2025-08-05,13,Monet,MNET,&mdash;,2025-08-06T01:54:00Z,&mdash;,,
604,True,False,SENNETERRE,MONTRÉAL,2025-08-05,14,Coquar,COQU,&mdash;,2025-08-06T02:05:00Z,&mdash;,,
604,True,False,SENNETERRE,MONTRÉAL,2025-08-05,15,Clova,CLOV,&mdash;,2025-08-06T02:14:00Z,&mdash;,,
604,True,False,SENNETERRE,MONTRÉAL,2025-08-05,16,Rivière Oskélanéo,OSKR,&mdash;,2025-08-06T02:27:00Z,&mdash;,,
604,True,False,SENNETERRE,MONTRÉAL,2025-08-05,17,Oskelaneo Lodge,OSKL,&mdash;,2025-08-06T02:39:00Z,&mdash;,,
604,True,False,SENNETERRE,MONTRÉAL,2025-08-05,18,Greening,GRNG,&mdash;,2025-08-06T02:47:00Z,&mdash;,,
604,True,False,SENNETERRE,MONTRÉAL,2025-08-05,19,Club Maniwawa,MWWC,&mdash;,2025-08-06T02:58:00Z,&mdash;,,
604,True,False,SENNETERRE,MONTRÉAL,2025-08-05,20,Strachan,STRN,&mdash;,2025-08-06T03:05:00Z,&mdash;,,
604,True,False,SENNETERRE,MONTRÉAL,2025-08-05,21,Club Rita Inc.,RTAC,&mdash;,2025-08-06T03:09:00Z,&mdash;,,
604,True,False,SENNETERRE,MONTRÉAL,2025-08-05,22,Timbrell,TIMB,&mdash;,2025-08-06T03:19:00Z,&mdash;,,
604,True,False,SENNETERRE,MONTRÉAL,2025-08-05,23,Parent,PARE,&mdash;,2025-08-06T03:39:00Z,&mdash;,,
604,True,False,SENNETERRE,MONTRÉAL,2025-08-05,24,Manjobagues,MJBG,&mdash;,2025-08-06T03:57:00Z,&mdash;,,
604,True,False,SENNETERRE,MONTRÉAL,2025-08-05,25,Club Sisco,SSCC,&mdash;,2025-08-06T04:05:00Z,&mdash;,,
604,True,False,SENNETERRE,MONTRÉAL,2025-08-05,26,Mccarthy,MCCA,&mdash;,2025-08-06T04:08:00Z,&mdash;,,
604,True,False,SENNETERRE,MONTRÉAL,2025-08-05,27,Casey,CASY,&mdash;,2025-08-06T04:23:00Z,&mdash;,,
604,True,False,SENNETERRE,MONTRÉAL,2025-08-05,28,Hibbard,HIBB,&mdash;,2025-08-06T04:36:00Z,&mdash;,,
604,True,False,SENNETERRE,MONTRÉAL,2025-08-05,29,Club Belanger,BLGC,&mdash;,2025-08-06T04:47:00Z,&mdash;,,
604,True,False,SENNETERRE,MONTRÉAL,2025-08-05,30,Cann,CANN,&mdash;,2025-08-06T04:53:00Z,&mdash;,,
604,True,False,SENNETERRE,MONTRÉAL,2025-08-05,31,Sanmaur,SANM,&mdash;,2025-08-06T05:00:00Z,&mdash;,,
604,True,False,SENNETERRE,MONTRÉAL,2025-08-05,32,Weymont,WYMT,&mdash;,2025-08-06T05:02:01Z,&mdash;,,
604,True,False,SENNETERRE,MONTRÉAL,2025-08-05,33,Saint-Maurice Rivière-Boom,SMRB,&mdash;,2025-08-06T05:05:00Z,&mdash;,,
604,True,False,SENNETERRE,MONTRÉAL,2025-08-05,34,Dessane,DESS,&mdash;,2025-08-06T05:14:00Z,&mdash;,,
604,True,False,SENNETERRE,MONTRÉAL,2025-08-05,35,Vandry,VDRY,&mdash;,2025-08-06T05:20:00Z,&mdash;,,
604,True,False,SENNETERRE,MONTRÉAL,2025-08-05,36,Club Wigwam,WGWC,&mdash;,2025-08-06T05:28:00Z,&mdash;,,
604,True,False,SENNETERRE,MONTRÉAL,2025-08-05,37,Ferguson,FERG,&mdash;,2025-08-06T05:34:00Z,&mdash;,,
604,True,False,SENNETERRE,MONTRÉAL,2025-08-05,38,Windigo,WNDG,&mdash;,2025-08-06T05:42:00Z,&mdash;,,
604,True,False,SENNETERRE,MONTRÉAL,2025-08-05,39,Mctavish,MCTC,&mdash;,2025-08-06T05:44:00Z,&mdash;,,
604,True,False,SENNETERRE,MONTRÉAL,2025-08-05,40,Duplessis,DUPL,&mdash;,2025-08-06T05:57:00Z,&mdash;,,
604,True,False,SENNETERRE,MONTRÉAL,2025-08-05,41,Lac-Darey,LDAR,&mdash;,2025-08-06T06:10:00Z,&mdash;,,
604,True,False,SENNETERRE,MONTRÉAL,2025-08-05,42,Rapide-Blanc,RAPB,&mdash;,2025-08-06T06:30:00Z,&mdash;,,
604,True,False,SENNETERRE,MONTRÉAL,2025-08-05,43,Club Vermillion,VMLC,&mdash;,2025-08-06T06:33:00Z,&mdash;,,
604,True,False,SENNETERRE,MONTRÉAL,2025-08-05,44,Cressman,CRSM,&mdash;,2025-08-06T06:40:00Z,&mdash;,,
604,True,False,SENNETERRE,MONTRÉAL,2025-08-05,45,Fitzpatrick,FITZ,&mdash;,2025-08-06T07:00:00Z,&mdash;,,
604,True,False,SENNETERRE,MONTRÉAL,2025-08-05,46,La Tuque,LTUQ,&mdash;,2025-08-06T07:32:00Z,&mdash;,,
604,True,False,SENNETERRE,MONTRÉAL,2025-08-05,47,Hervey,HERV,&mdash;,2025-08-06T09:07:00Z,&mdash;,,
604,True,False,SENNETERRE,MONTRÉAL,2025-08-05,48,Saint-Tite,STIT,&mdash;,2025-08-06T09:40:00Z,&mdash;,,
604,True,False,SENNETERRE,MONTRÉAL,2025-08-05,49,Garneau,GARN,&mdash;,2025-08-06T09:54:00Z,&mdash;,,
604,True,False,SENNETERRE,MONTRÉAL,2025-08-05,50,Grand-Mère,GMRE,&mdash;,2025-08-06T10:07:00Z,&mdash;,,
604,True,False,SENNETERRE,MONTRÉAL,2025-08-05,51,Shawinigan,SHWN,&mdash;,2025-08-06T10:15:00Z,&mdash;,,
604,True,False,SENNETERRE,MONTRÉAL,2025-08-05,52,Charette,CHRT,&mdash;,2025-08-06T10:38:00Z,&mdash;,,
604,True,False,SENNETERRE,MONTRÉAL,2025-08-05,53,St-Paulin,SPAU,&mdash;,2025-08-06T10:48:00Z,&mdash;,,
604,True,False,SENNETERRE,MONTRÉAL,2025-08-05,54,St-Justin,SJUS,&mdash;,2025-08-06T11:01:00Z,&mdash;,,
604,True,False,SENNETERRE,MONTRÉAL,2025-08-05,55,Joliette,JOLI,&mdash;,2025-08-06T11:30:00Z,&mdash;,,
604,True,False,SENNETERRE,MONTRÉAL,2025-08-05,56,Anjou,ANJO,&mdash;,2025-08-06T12:13:00Z,&mdash;,,
604,True,False,SENNETERRE,MONTRÉAL,2025-08-05,57,Sauvé,SAUV,&mdash;,2025-08-06T12:27:00Z,&mdash;,,
604,True,False,SENNETERRE,MONTRÉAL,2025-08-05,58,Montréal,MTRL,&mdash;,2025-08-06T13:38:00Z,&mdash;,,
