train_id,departed,arrived,from,to,instance,stop_id,station,code,estimated,scheduled,eta,diff,diffMin
1 (07-09),True,False,TORONTO,VANCOUVER,2025-07-09,0,Toronto,TRTO,2025-07-09T13:55:00Z,2025-07-09T13:55:00Z,ARR,goo,0.0
1 (07-09),True,False,TORONTO,VANCOUVER,2025-07-09,1,Washago,WSHG,2025-07-09T16:30:42Z,2025-07-09T16:25:00Z,ARR,med,5.0
1 (07-09),True,False,TORONTO,VANCOUVER,2025-07-09,2,South Parry,SPAR,2025-07-09T18:12:35Z,2025-07-09T18:27:00Z,ARR,goo,-14.0
1 (07-09),True,False,TORONTO,VANCOUVER,2025-07-09,3,Sudbury (Jct.),SUDJ,2025-07-09T21:55:48Z,2025-07-09T20:57:00Z,ARR,bad,58.0
1 (07-09),True,False,TORONTO,VANCOUVER,2025-07-09,4,Capreol,CAPR,2025-07-09T22:52:39Z,2025-07-09T21:22:00Z,ARR,bad,90.0
1 (07-09),True,False,TORONTO,VANCOUVER,2025-07-09,5,Laforest,LAFO,2025-07-10T00:43:44Z,2025-07-09T22:48:00Z,ARR,bad,115.0
1 (07-09),True,False,TORONTO,VANCOUVER,2025-07-09,6,McKee's Camp,MCKC,2025-07-10T00:56:44Z,2025-07-09T23:01:00Z,ARR,bad,115.0
1 (07-09),True,False,TORONTO,VANCOUVER,2025-07-09,7,Felix,FELX,2025-07-10T01:16:44Z,2025-07-09T23:21:00Z,ARR,bad,115.0
1 (07-09),True,False,TORONTO,VANCOUVER,2025-07-09,8,Ruel,RUEL,2025-07-10T01:23:44Z,2025-07-09T23:28:00Z,ARR,bad,115.0
1 (07-09),True,False,TORONTO,VANCOUVER,2025-07-09,9,Westree,WSTR,2025-07-10T01:32:22Z,2025-07-09T23:45:00Z,ARR,bad,107.0
1 (07-09),True,False,TORONTO,VANCOUVER,2025-07-09,10,Gogama,GOGA,2025-07-10T02:43:40Z,2025-07-10T00:18:00Z,ARR,bad,145.0
1 (07-09),True,False,TORONTO,VANCOUVER,2025-07-09,11,Foleyet,FOLE,2025-07-10T04:14:17Z,2025-07-10T02:44:00Z,ARR,bad,90.0
1 (07-09),True,False,TORONTO,VANCOUVER,2025-07-09,12,Elsas,ELSA,2025-07-10T06:13:19Z,2025-07-10T03:38:00Z,ARR,bad,155.0
1 (07-09),True,False,TORONTO,VANCOUVER,2025-07-09,13,Oba,OBAX,2025-07-10T08:13:19Z,2025-07-10T05:38:00Z,ARR,bad,155.0
1 (07-09),True,False,TORONTO,VANCOUVER,2025-07-09,14,Hornepayne,HNPN,2025-07-10T08:48:40Z,2025-07-10T06:29:00Z,ARR,bad,139.0
1 (07-09),True,False,TORONTO,VANCOUVER,2025-07-09,15,Hillsport,HLSP,2025-07-10T10:37:28Z,2025-07-10T08:05:00Z,ARR,bad,152.0
1 (07-09),True,False,TORONTO,VANCOUVER,2025-07-09,16,Caramat,CARA,2025-07-10T11:39:09Z,2025-07-10T08:55:00Z,ARR,bad,164.0
1 (07-09),True,False,TORONTO,VANCOUVER,2025-07-09,17,Longlac,LLAC,2025-07-10T12:22:59Z,2025-07-10T09:34:00Z,ARR,bad,168.0
1 (07-09),True,False,TORONTO,VANCOUVER,2025-07-09,18,Nakina,NAKI,2025-07-10T13:03:59Z,2025-07-10T10:13:00Z,ARR,bad,170.0
1 (07-09),True,False,TORONTO,VANCOUVER,2025-07-09,19,Auden,AUDN,2025-07-10T14:25:20Z,2025-07-10T11:19:00Z,ARR,bad,186.0
1 (07-09),True,False,TORONTO,VANCOUVER,2025-07-09,20,Ferland,FERL,2025-07-10T15:02:20Z,2025-07-10T11:56:00Z,ARR,bad,186.0
1 (07-09),True,False,TORONTO,VANCOUVER,2025-07-09,21,Mud River,MUDR,2025-07-10T15:11:20Z,2025-07-10T12:05:00Z,ARR,bad,186.0
1 (07-09),True,False,TORONTO,VANCOUVER,2025-07-09,22,Armstrong,ARMG,2025-07-10T15:23:21Z,2025-07-10T13:17:00Z,ARR,bad,126.0
1 (07-09),True,False,TORONTO,VANCOUVER,2025-07-09,23,Collins,COLL,2025-07-10T16:03:52Z,2025-07-10T13:47:00Z,ARR,bad,136.0
1 (07-09),True,False,TORONTO,VANCOUVER,2025-07-09,24,Allanwater Bridge,ALWB,2025-07-10T16:42:52Z,2025-07-10T14:26:00Z,ARR,bad,136.0
1 (07-09),True,False,TORONTO,VANCOUVER,2025-07-09,25,Flindt Landing,FLTL,2025-07-10T16:58:52Z,2025-07-10T14:42:00Z,ARR,bad,136.0
1 (07-09),True,False,TORONTO,VANCOUVER,2025-07-09,26,Savant Lake,SAVL,2025-07-10T17:15:52Z,2025-07-10T14:59:00Z,ARR,bad,136.0
1 (07-09),True,False,TORONTO,VANCOUVER,2025-07-09,27,Sioux Lookout,SLKT,2025-07-10T18:59:06Z,2025-07-10T16:25:00Z,ARR,bad,154.0
1 (07-09),True,False,TORONTO,VANCOUVER,2025-07-09,28,Richan,RCHN,2025-07-10T20:34:35Z,2025-07-10T18:05:00Z,ARR,bad,149.0
1 (07-09),True,False,TORONTO,VANCOUVER,2025-07-09,29,Red Lake Road,RLRX,2025-07-10T21:53:01Z,2025-07-10T18:41:00Z,ARR,bad,192.0
1 (07-09),True,False,TORONTO,VANCOUVER,2025-07-09,30,Canyon,CNYK,2025-07-10T22:34:06Z,2025-07-10T19:10:00Z,ARR,bad,204.0
1 (07-09),True,False,TORONTO,VANCOUVER,2025-07-09,31,Farlane,FARL,2025-07-10T23:09:06Z,2025-07-10T19:47:00Z,ARR,bad,202.0
1 (07-09),True,False,TORONTO,VANCOUVER,2025-07-09,32,Redditt,RDDT,2025-07-10T23:26:40Z,2025-07-10T20:23:00Z,ARR,bad,183.0
1 (07-09),True,False,TORONTO,VANCOUVER,2025-07-09,33,Minaki,MNKI,2025-07-10T23:50:15Z,2025-07-10T20:44:00Z,ARR,bad,186.0
1 (07-09),True,False,TORONTO,VANCOUVER,2025-07-09,34,Ottermere,OTTM,2025-07-11T00:17:10Z,2025-07-10T21:01:00Z,ARR,bad,196.0
1 (07-09),True,False,TORONTO,VANCOUVER,2025-07-09,35,Malachi,MLCH,2025-07-11T00:32:39Z,2025-07-10T21:07:00Z,ARR,bad,205.0
1 (07-09),True,False,TORONTO,VANCOUVER,2025-07-09,36,Copelands Landing,COPE,2025-07-11T00:34:39Z,2025-07-10T21:09:00Z,ARR,bad,205.0
1 (07-09),True,False,TORONTO,VANCOUVER,2025-07-09,37,Rice Lake,RCLK,2025-07-11T00:44:52Z,2025-07-10T21:12:00Z,ARR,bad,212.0
1 (07-09),True,False,TORONTO,VANCOUVER,2025-07-09,38,Winnitoba,WNTB,2025-07-11T00:53:10Z,2025-07-10T21:26:00Z,ARR,bad,207.0
1 (07-09),True,False,TORONTO,VANCOUVER,2025-07-09,39,Ophir,OPHR,2025-07-11T00:54:09Z,2025-07-10T21:31:00Z,ARR,bad,203.0
1 (07-09),True,False,TORONTO,VANCOUVER,2025-07-09,40,Brereton Lake,BRTL,2025-07-11T01:06:22Z,2025-07-10T21:49:00Z,ARR,bad,197.0
1 (07-09),True,False,TORONTO,VANCOUVER,2025-07-09,41,Elma,ELMA,2025-07-11T01:23:07Z,2025-07-10T22:10:00Z,ARR,bad,193.0
1 (07-09),True,False,TORONTO,VANCOUVER,2025-07-09,42,Winnipeg,WNPG,2025-07-11T04:15:35Z,2025-07-11T00:30:00Z,ARR,bad,225.0
1 (07-09),True,False,TORONTO,VANCOUVER,2025-07-09,43,Portage La Prairie,PLPX,2025-07-11T08:23:22Z,2025-07-11T04:04:00Z,ARR,bad,259.0
1 (07-09),True,False,TORONTO,VANCOUVER,2025-07-09,44,Rivers,RVRS,2025-07-11T10:24:58Z,2025-07-11T06:31:00Z,ARR,bad,233.0
1 (07-09),True,False,TORONTO,VANCOUVER,2025-07-09,45,Melville,MELV,2025-07-11T15:03:28Z,2025-07-11T10:54:00Z,ARR,bad,249.0
1 (07-09),True,False,TORONTO,VANCOUVER,2025-07-09,46,Watrous,WATR,2025-07-11T18:05:21Z,2025-07-11T13:54:00Z,ARR,bad,251.0
1 (07-09),True,False,TORONTO,VANCOUVER,2025-07-09,47,Saskatoon,SASK,2025-07-11T19:30:30Z,2025-07-11T15:50:00Z,ARR,bad,220.0
1 (07-09),True,False,TORONTO,VANCOUVER,2025-07-09,48,Biggar,BIGG,2025-07-11T22:36:14Z,2025-07-11T18:29:00Z,ARR,bad,247.0
1 (07-09),True,False,TORONTO,VANCOUVER,2025-07-09,49,Unity,UNIT,2025-07-11T23:44:08Z,2025-07-11T19:44:00Z,ARR,bad,240.0
1 (07-09),True,False,TORONTO,VANCOUVER,2025-07-09,50,Wainwright,WAIN,2025-07-12T01:57:58Z,2025-07-11T22:33:00Z,ARR,bad,204.0
1 (07-09),True,False,TORONTO,VANCOUVER,2025-07-09,51,Viking,VKNG,2025-07-12T03:13:54Z,2025-07-11T23:26:00Z,ARR,bad,227.0
1 (07-09),True,False,TORONTO,VANCOUVER,2025-07-09,52,Edmonton,EDMO,2025-07-12T05:32:34Z,2025-07-12T02:50:00Z,ARR,bad,162.0
1 (07-09),True,False,TORONTO,VANCOUVER,2025-07-09,53,Evansburg,EVAN,2025-07-12T07:54:34Z,2025-07-12T07:29:00Z,ARR,bad,25.0
1 (07-09),True,False,TORONTO,VANCOUVER,2025-07-09,54,Edson,EDSN,2025-07-12T09:31:39Z,2025-07-12T08:52:00Z,ARR,bad,39.0
1 (07-09),True,False,TORONTO,VANCOUVER,2025-07-09,55,Hinton,HINT,2025-07-12T10:30:42Z,2025-07-12T09:58:00Z,ARR,bad,32.0
1 (07-09),True,False,TORONTO,VANCOUVER,2025-07-09,56,Jasper,JASP,2025-07-12T12:22:55Z,2025-07-12T12:30:00Z,ARR,goo,-7.0
1 (07-09),True,False,TORONTO,VANCOUVER,2025-07-09,57,Valemount,VLMT,2025-07-12T18:17:26Z,2025-07-12T17:50:00Z,ARR,bad,27.0
1 (07-09),True,False,TORONTO,VANCOUVER,2025-07-09,58,Blue River,BLUE,2025-07-12T21:03:54Z,2025-07-12T20:36:00Z,ARR,bad,27.0
1 (07-09),True,False,TORONTO,VANCOUVER,2025-07-09,59,Clearwater,CLWT,2025-07-12T23:20:35Z,2025-07-12T22:45:00Z,ARR,bad,35.0
1 (07-09),True,False,TORONTO,VANCOUVER,2025-07-09,60,Kamloops North,KAMN,2025-07-13T01:50:59Z,2025-07-13T01:28:00Z,ARR,bad,22.0
1 (07-09),True,False,TORONTO,VANCOUVER,2025-07-09,61,Ashcroft,ASHN,2025-07-13T04:01:35Z,2025-07-13T03:49:00Z,23 mins,med,12.0
1 (07-09),True,False,TORONTO,VANCOUVER,2025-07-09,62,Boston Bar,BBAR,2025-07-13T06:48:35Z,2025-07-13T06:36:00Z,3h10,med,12.0
1 (07-09),True,False,TORONTO,VANCOUVER,2025-07-09,63,Hope,HOPE,&mdash;,2025-07-13T08:06:00Z,&mdash;,,
1 (07-09),True,False,TORONTO,VANCOUVER,2025-07-09,64,Chilliwack,CHIL,&mdash;,2025-07-13T08:30:00Z,&mdash;,,
1 (07-09),True,False,TORONTO,VANCOUVER,2025-07-09,65,Abbotsford,ABBO,&mdash;,2025-07-13T09:00:00Z,&mdash;,,
1 (07-09),True,False,TORONTO,VANCOUVER,2025-07-09,66,Vancouver,VCVR,&mdash;,2025-07-13T15:00:00Z,&mdash;,,
692 (07-10),True,True,CHURCHILL,WINNIPEG,2025-07-10,0,Churchill,CHUR,2025-07-11T01:30:00Z,2025-07-11T01:30:00Z,ARR,goo,0.0
692 (07-10),True,True,CHURCHILL,WINNIPEG,2025-07-10,1,Tidal,TIDL,2025-07-11T01:59:28Z,2025-07-11T01:52:00Z,ARR,med,7.0
692 (07-10),True,True,CHURCHILL,WINNIPEG,2025-07-10,2,Chesnaye,CHES,2025-07-11T03:03:51Z,2025-07-11T02:38:00Z,ARR,bad,25.0
692 (07-10),True,True,CHURCHILL,WINNIPEG,2025-07-10,3,M'Clintock,MCLI,2025-07-11T04:19:51Z,2025-07-11T03:54:00Z,ARR,bad,25.0
692 (07-10),True,True,CHURCHILL,WINNIPEG,2025-07-10,4,O'Day,ODAY,2025-07-11T05:04:51Z,2025-07-11T04:39:00Z,ARR,bad,25.0
692 (07-10),True,True,CHURCHILL,WINNIPEG,2025-07-10,5,Herchmer,HERC,2025-07-11T05:43:51Z,2025-07-11T05:18:00Z,ARR,bad,25.0
692 (07-10),True,True,CHURCHILL,WINNIPEG,2025-07-10,6,Thibaudeau,THIB,2025-07-11T06:45:23Z,2025-07-11T06:44:00Z,ARR,goo,1.0
692 (07-10),True,True,CHURCHILL,WINNIPEG,2025-07-10,7,Weir River,WEIR,2025-07-11T07:43:33Z,2025-07-11T07:46:00Z,ARR,goo,-2.0
692 (07-10),True,True,CHURCHILL,WINNIPEG,2025-07-10,8,Amery,AMRY,2025-07-11T08:21:33Z,2025-07-11T08:37:00Z,ARR,goo,-15.0
692 (07-10),True,True,CHURCHILL,WINNIPEG,2025-07-10,9,Bird,BIRD,2025-07-11T09:04:14Z,2025-07-11T09:00:00Z,ARR,goo,4.0
692 (07-10),True,True,CHURCHILL,WINNIPEG,2025-07-10,10,Gillam,GILL,2025-07-11T09:51:09Z,2025-07-11T10:00:00Z,ARR,goo,-8.0
692 (07-10),True,True,CHURCHILL,WINNIPEG,2025-07-10,11,Wivenhoe,WVHO,2025-07-11T11:18:12Z,2025-07-11T11:16:00Z,ARR,goo,2.0
692 (07-10),True,True,CHURCHILL,WINNIPEG,2025-07-10,12,Ilford,ILFO,2025-07-11T12:07:44Z,2025-07-11T11:53:00Z,ARR,med,14.0
692 (07-10),True,True,CHURCHILL,WINNIPEG,2025-07-10,13,Pit Siding,PITS,2025-07-11T13:19:04Z,2025-07-11T12:54:00Z,ARR,bad,25.0
692 (07-10),True,True,CHURCHILL,WINNIPEG,2025-07-10,14,Bridgar,BRGR,2025-07-11T14:48:21Z,2025-07-11T14:16:00Z,ARR,bad,32.0
692 (07-10),True,True,CHURCHILL,WINNIPEG,2025-07-10,15,Pikwitonei,PIKW,2025-07-11T14:59:21Z,2025-07-11T14:27:00Z,ARR,bad,32.0
692 (07-10),True,True,CHURCHILL,WINNIPEG,2025-07-10,16,Sipiwesk,SIPI,2025-07-11T15:37:15Z,2025-07-11T14:54:00Z,ARR,bad,43.0
692 (07-10),True,True,CHURCHILL,WINNIPEG,2025-07-10,17,Thompson,THOM,2025-07-11T18:53:28Z,2025-07-11T16:30:00Z,ARR,bad,143.0
692 (07-10),True,True,CHURCHILL,WINNIPEG,2025-07-10,18,Leven,LEVN,2025-07-11T20:56:07Z,2025-07-11T21:05:00Z,ARR,goo,-8.0
692 (07-10),True,True,CHURCHILL,WINNIPEG,2025-07-10,19,Thicket Portage,THKP,2025-07-11T21:13:07Z,2025-07-11T21:22:00Z,ARR,goo,-8.0
692 (07-10),True,True,CHURCHILL,WINNIPEG,2025-07-10,20,Hockin,HOCK,2025-07-11T21:37:00Z,2025-07-11T21:37:00Z,ARR,goo,0.0
692 (07-10),True,True,CHURCHILL,WINNIPEG,2025-07-10,21,Odhill,ODHI,2025-07-11T21:58:40Z,2025-07-11T22:21:00Z,ARR,goo,-22.0
692 (07-10),True,True,CHURCHILL,WINNIPEG,2025-07-10,22,Lyddal,LYDD,2025-07-11T22:17:27Z,2025-07-11T22:43:00Z,ARR,goo,-25.0
692 (07-10),True,True,CHURCHILL,WINNIPEG,2025-07-10,23,Wabowden,WBDN,2025-07-11T22:41:39Z,2025-07-11T23:11:00Z,ARR,goo,-29.0
692 (07-10),True,True,CHURCHILL,WINNIPEG,2025-07-10,24,Pipun,PIPN,2025-07-11T23:04:27Z,2025-07-11T23:34:00Z,ARR,goo,-29.0
692 (07-10),True,True,CHURCHILL,WINNIPEG,2025-07-10,25,Ponton,PNTN,2025-07-11T23:48:43Z,2025-07-12T00:17:00Z,ARR,goo,-28.0
692 (07-10),True,True,CHURCHILL,WINNIPEG,2025-07-10,26,Turnbull,TURN,2025-07-12T00:15:35Z,2025-07-12T00:49:00Z,ARR,goo,-33.0
692 (07-10),True,True,CHURCHILL,WINNIPEG,2025-07-10,27,Wekusko,WEKU,2025-07-12T00:38:12Z,2025-07-12T01:16:00Z,ARR,goo,-37.0
692 (07-10),True,True,CHURCHILL,WINNIPEG,2025-07-10,28,Dyce,DYCE,2025-07-12T01:18:54Z,2025-07-12T02:00:00Z,ARR,goo,-41.0
692 (07-10),True,True,CHURCHILL,WINNIPEG,2025-07-10,29,Dering,DERI,2025-07-12T02:39:00Z,2025-07-12T02:39:00Z,ARR,goo,0.0
692 (07-10),True,True,CHURCHILL,WINNIPEG,2025-07-10,30,Cormorant,CORM,2025-07-12T02:00:08Z,2025-07-12T02:47:00Z,ARR,goo,-46.0
692 (07-10),True,True,CHURCHILL,WINNIPEG,2025-07-10,31,Halcrow,HALC,2025-07-12T02:58:00Z,2025-07-12T02:58:00Z,ARR,goo,0.0
692 (07-10),True,True,CHURCHILL,WINNIPEG,2025-07-10,32,Orok,OROK,2025-07-12T02:55:36Z,2025-07-12T03:52:00Z,ARR,goo,-56.0
692 (07-10),True,True,CHURCHILL,WINNIPEG,2025-07-10,33,The Pas,TPAS,2025-07-12T03:27:27Z,2025-07-12T04:30:00Z,ARR,goo,-62.0
692 (07-10),True,True,CHURCHILL,WINNIPEG,2025-07-10,34,Hudson Bay,HBAY,2025-07-12T10:36:04Z,2025-07-12T10:27:00Z,ARR,med,9.0
692 (07-10),True,True,CHURCHILL,WINNIPEG,2025-07-10,35,Reserve,RSRV,2025-07-12T11:38:27Z,2025-07-12T11:09:00Z,ARR,bad,29.0
692 (07-10),True,True,CHURCHILL,WINNIPEG,2025-07-10,36,Endeavour,ENDV,2025-07-12T12:31:46Z,2025-07-12T11:55:00Z,ARR,bad,36.0
692 (07-10),True,True,CHURCHILL,WINNIPEG,2025-07-10,37,Sturgis,STGS,2025-07-12T13:05:54Z,2025-07-12T12:24:00Z,ARR,bad,41.0
692 (07-10),True,True,CHURCHILL,WINNIPEG,2025-07-10,38,Canora,CANO,2025-07-12T13:50:37Z,2025-07-12T13:08:00Z,ARR,bad,42.0
692 (07-10),True,True,CHURCHILL,WINNIPEG,2025-07-10,39,Mikado,MIKA,2025-07-12T14:16:03Z,2025-07-12T13:30:00Z,ARR,bad,46.0
692 (07-10),True,True,CHURCHILL,WINNIPEG,2025-07-10,40,Veregin,VERE,2025-07-12T14:27:46Z,2025-07-12T13:43:00Z,ARR,bad,44.0
692 (07-10),True,True,CHURCHILL,WINNIPEG,2025-07-10,41,Kamsack,KAMS,2025-07-12T14:39:18Z,2025-07-12T13:58:00Z,ARR,bad,41.0
692 (07-10),True,True,CHURCHILL,WINNIPEG,2025-07-10,42,Togo,TOGO,2025-07-12T15:13:38Z,2025-07-12T14:37:00Z,ARR,bad,36.0
692 (07-10),True,True,CHURCHILL,WINNIPEG,2025-07-10,43,Roblin,RBLN,2025-07-12T15:44:30Z,2025-07-12T15:14:00Z,ARR,bad,30.0
692 (07-10),True,True,CHURCHILL,WINNIPEG,2025-07-10,44,Grandview,GVIE,2025-07-12T16:55:39Z,2025-07-12T16:12:00Z,ARR,bad,43.0
692 (07-10),True,True,CHURCHILL,WINNIPEG,2025-07-10,45,Gilbert Plains,GLBP,2025-07-12T17:28:24Z,2025-07-12T16:32:00Z,ARR,bad,56.0
692 (07-10),True,True,CHURCHILL,WINNIPEG,2025-07-10,46,Dauphin,DAUP,2025-07-12T18:07:26Z,2025-07-12T16:56:00Z,ARR,bad,71.0
692 (07-10),True,True,CHURCHILL,WINNIPEG,2025-07-10,47,Ochre River,OCHR,2025-07-12T18:42:59Z,2025-07-12T17:20:00Z,ARR,bad,82.0
692 (07-10),True,True,CHURCHILL,WINNIPEG,2025-07-10,48,Laurier,LRIE,2025-07-12T19:00:50Z,2025-07-12T17:38:00Z,ARR,bad,82.0
692 (07-10),True,True,CHURCHILL,WINNIPEG,2025-07-10,49,Mccreary,MCCR,2025-07-12T19:19:06Z,2025-07-12T17:54:00Z,ARR,bad,85.0
692 (07-10),True,True,CHURCHILL,WINNIPEG,2025-07-10,50,Glenella,GLNA,2025-07-12T20:05:24Z,2025-07-12T18:34:00Z,ARR,bad,91.0
692 (07-10),True,True,CHURCHILL,WINNIPEG,2025-07-10,51,Plumas,PLUM,2025-07-12T20:31:46Z,2025-07-12T19:06:00Z,ARR,bad,85.0
692 (07-10),True,True,CHURCHILL,WINNIPEG,2025-07-10,52,Gladstone,GSTO,2025-07-12T21:01:07Z,2025-07-12T19:51:00Z,ARR,bad,70.0
692 (07-10),True,True,CHURCHILL,WINNIPEG,2025-07-10,53,Portage La Prairie,PLPX,2025-07-12T21:54:16Z,2025-07-12T20:37:00Z,ARR,bad,77.0
692 (07-10),True,True,CHURCHILL,WINNIPEG,2025-07-10,54,Winnipeg,WNPG,2025-07-12T23:25:19Z,2025-07-12T21:45:00Z,ARR,bad,100.0
2 (07-11),True,False,VANCOUVER,TORONTO,2025-07-11,0,Vancouver,VCVR,2025-07-11T22:00:00Z,2025-07-11T22:00:00Z,ARR,goo,0.0
2 (07-11),True,False,VANCOUVER,TORONTO,2025-07-11,1,Mission Harbour,MSNH,2025-07-12T00:07:13Z,2025-07-11T23:35:00Z,ARR,bad,32.0
2 (07-11),True,False,VANCOUVER,TORONTO,2025-07-11,2,Agassiz,AGAS,2025-07-12T00:58:46Z,2025-07-12T00:03:00Z,ARR,bad,55.0
2 (07-11),True,False,VANCOUVER,TORONTO,2025-07-11,3,Katz,KATZ,2025-07-12T01:25:06Z,2025-07-12T00:17:00Z,ARR,bad,68.0
2 (07-11),True,False,VANCOUVER,TORONTO,2025-07-11,4,North Bend,NBND,2025-07-12T03:41:37Z,2025-07-12T02:46:00Z,ARR,bad,55.0
2 (07-11),True,False,VANCOUVER,TORONTO,2025-07-11,5,Ashcroft,ASHN,2025-07-12T06:49:12Z,2025-07-12T05:32:00Z,ARR,bad,77.0
2 (07-11),True,False,VANCOUVER,TORONTO,2025-07-11,6,Kamloops North,KAMN,2025-07-12T08:26:47Z,2025-07-12T07:17:00Z,ARR,bad,69.0
2 (07-11),True,False,VANCOUVER,TORONTO,2025-07-11,7,Clearwater,CLWT,2025-07-12T10:47:03Z,2025-07-12T09:58:00Z,ARR,bad,49.0
2 (07-11),True,False,VANCOUVER,TORONTO,2025-07-11,8,Blue River,BLUE,2025-07-12T12:58:49Z,2025-07-12T12:11:00Z,ARR,bad,47.0
2 (07-11),True,False,VANCOUVER,TORONTO,2025-07-11,9,Valemount,VLMT,2025-07-12T15:12:13Z,2025-07-12T14:01:00Z,ARR,bad,71.0
2 (07-11),True,False,VANCOUVER,TORONTO,2025-07-11,10,Jasper,JASP,2025-07-12T17:45:34Z,2025-07-12T17:00:00Z,ARR,bad,45.0
2 (07-11),True,False,VANCOUVER,TORONTO,2025-07-11,11,Hinton,HINT,2025-07-12T21:21:32Z,2025-07-12T19:45:00Z,ARR,bad,96.0
2 (07-11),True,False,VANCOUVER,TORONTO,2025-07-11,12,Edson,EDSN,2025-07-12T22:37:06Z,2025-07-12T21:19:00Z,ARR,bad,78.0
2 (07-11),True,False,VANCOUVER,TORONTO,2025-07-11,13,Evansburg,EVAN,2025-07-13T00:16:27Z,2025-07-12T22:28:00Z,ARR,bad,108.0
2 (07-11),True,False,VANCOUVER,TORONTO,2025-07-11,14,Edmonton,EDMO,2025-07-13T01:26:21Z,2025-07-13T00:50:00Z,ARR,bad,36.0
2 (07-11),True,False,VANCOUVER,TORONTO,2025-07-11,15,Viking,VKNG,2025-07-13T04:58:28Z,2025-07-13T03:53:00Z,1h20,bad,65.0
2 (07-11),True,False,VANCOUVER,TORONTO,2025-07-11,16,Wainwright,WAIN,2025-07-13T07:19:28Z,2025-07-13T06:14:00Z,3h41,bad,65.0
2 (07-11),True,False,VANCOUVER,TORONTO,2025-07-11,17,Unity,UNIT,&mdash;,2025-07-13T07:47:00Z,&mdash;,,
2 (07-11),True,False,VANCOUVER,TORONTO,2025-07-11,18,Biggar,BIGG,&mdash;,2025-07-13T09:21:00Z,&mdash;,,
2 (07-11),True,False,VANCOUVER,TORONTO,2025-07-11,19,Saskatoon,SASK,&mdash;,2025-07-13T11:57:00Z,&mdash;,,
2 (07-11),True,False,VANCOUVER,TORONTO,2025-07-11,20,Watrous,WATR,&mdash;,2025-07-13T14:26:00Z,&mdash;,,
692 (07-12),True,False,CHURCHILL,WINNIPEG,2025-07-12,0,Churchill,CHUR,2025-07-13T01:30:00Z,2025-07-13T01:30:00Z,ARR,goo,0.0
692 (07-12),True,False,CHURCHILL,WINNIPEG,2025-07-12,1,Tidal,TIDL,2025-07-13T01:57:14Z,2025-07-13T01:52:00Z,ARR,med,5.0
692 (07-12),True,False,CHURCHILL,WINNIPEG,2025-07-12,2,Chesnaye,CHES,2025-07-13T02:52:40Z,2025-07-13T02:38:00Z,ARR,med,14.0
692 (07-12),True,False,CHURCHILL,WINNIPEG,2025-07-12,3,M'Clintock,MCLI,2025-07-13T04:08:40Z,2025-07-13T03:54:00Z,30 mins,med,14.0
692 (07-12),True,False,CHURCHILL,WINNIPEG,2025-07-12,4,O'Day,ODAY,2025-07-13T04:53:40Z,2025-07-13T04:39:00Z,1h15,med,14.0
692 (07-12),True,False,CHURCHILL,WINNIPEG,2025-07-12,5,Herchmer,HERC,2025-07-13T05:32:40Z,2025-07-13T05:18:00Z,1h54,med,14.0
692 (07-12),True,False,CHURCHILL,WINNIPEG,2025-07-12,6,Thibaudeau,THIB,2025-07-13T06:58:40Z,2025-07-13T06:44:00Z,3h20,med,14.0
692 (07-12),True,False,CHURCHILL,WINNIPEG,2025-07-12,7,Weir River,WEIR,2025-07-13T08:00:40Z,2025-07-13T07:46:00Z,4h22,med,14.0
692 (07-12),True,False,CHURCHILL,WINNIPEG,2025-07-12,8,Amery,AMRY,2025-07-13T08:51:40Z,2025-07-13T08:37:00Z,5h13,med,14.0
692 (07-12),True,False,CHURCHILL,WINNIPEG,2025-07-12,9,Bird,BIRD,2025-07-13T09:14:40Z,2025-07-13T09:00:00Z,5h36,med,14.0
692 (07-12),True,False,CHURCHILL,WINNIPEG,2025-07-12,10,Gillam,GILL,2025-07-13T10:14:40Z,2025-07-13T10:00:00Z,6h36,med,14.0
692 (07-12),True,False,CHURCHILL,WINNIPEG,2025-07-12,11,Wivenhoe,WVHO,2025-07-13T11:30:40Z,2025-07-13T11:16:00Z,7h52,med,14.0
692 (07-12),True,False,CHURCHILL,WINNIPEG,2025-07-12,12,Ilford,ILFO,2025-07-13T12:07:40Z,2025-07-13T11:53:00Z,8h29,med,14.0
692 (07-12),True,False,CHURCHILL,WINNIPEG,2025-07-12,13,Pit Siding,PITS,2025-07-13T13:08:40Z,2025-07-13T12:54:00Z,9h30,med,14.0
692 (07-12),True,False,CHURCHILL,WINNIPEG,2025-07-12,14,Bridgar,BRGR,2025-07-13T14:30:40Z,2025-07-13T14:16:00Z,10h52,med,14.0
692 (07-12),True,False,CHURCHILL,WINNIPEG,2025-07-12,15,Pikwitonei,PIKW,2025-07-13T14:41:40Z,2025-07-13T14:27:00Z,11h03,med,14.0
692 (07-12),True,False,CHURCHILL,WINNIPEG,2025-07-12,16,Sipiwesk,SIPI,2025-07-13T15:08:40Z,2025-07-13T14:54:00Z,11h30,med,14.0
692 (07-12),True,False,CHURCHILL,WINNIPEG,2025-07-12,17,Thompson,THOM,2025-07-13T16:44:40Z,2025-07-13T16:30:00Z,13h06,med,14.0
15,True,True,HALIFAX,MONTRÉAL,2025-07-11,0,Halifax,HLFX,2025-07-11T15:00:00Z,2025-07-11T14:30:00Z,ARR,bad,30.0
15,True,True,HALIFAX,MONTRÉAL,2025-07-11,1,Truro,TRUR,2025-07-11T16:18:35Z,2025-07-11T15:56:00Z,ARR,bad,22.0
15,True,True,HALIFAX,MONTRÉAL,2025-07-11,2,Springhill Jct,SPRJ,2025-07-11T17:34:23Z,2025-07-11T17:12:00Z,ARR,bad,22.0
15,True,True,HALIFAX,MONTRÉAL,2025-07-11,3,Amherst,AMHS,2025-07-11T17:56:28Z,2025-07-11T17:35:00Z,ARR,bad,21.0
15,True,True,HALIFAX,MONTRÉAL,2025-07-11,4,Sackville,SACK,2025-07-11T18:24:18Z,2025-07-11T17:52:00Z,ARR,bad,32.0
15,True,True,HALIFAX,MONTRÉAL,2025-07-11,5,Moncton,MCTN,2025-07-11T19:10:20Z,2025-07-11T18:47:00Z,ARR,bad,23.0
15,True,True,HALIFAX,MONTRÉAL,2025-07-11,6,Rogersville,RGRV,2025-07-11T20:49:12Z,2025-07-11T20:01:00Z,ARR,bad,48.0
15,True,True,HALIFAX,MONTRÉAL,2025-07-11,7,Miramichi,MIRA,2025-07-11T21:36:10Z,2025-07-11T20:52:00Z,ARR,bad,44.0
15,True,True,HALIFAX,MONTRÉAL,2025-07-11,8,Bathurst,BTRS,2025-07-11T23:14:31Z,2025-07-11T22:48:00Z,ARR,bad,26.0
15,True,True,HALIFAX,MONTRÉAL,2025-07-11,9,Petit Rocher,PROC,2025-07-11T23:39:49Z,2025-07-11T23:17:00Z,ARR,bad,22.0
15,True,True,HALIFAX,MONTRÉAL,2025-07-11,10,Jacquet River,JACR,2025-07-12T00:13:43Z,2025-07-11T23:40:01Z,ARR,bad,33.0
15,True,True,HALIFAX,MONTRÉAL,2025-07-11,11,Charlo,CHLO,2025-07-12T01:04:13Z,2025-07-12T00:04:00Z,ARR,bad,60.0
15,True,True,HALIFAX,MONTRÉAL,2025-07-11,12,Campbellton,CBTN,2025-07-12T01:59:23Z,2025-07-12T01:08:00Z,ARR,bad,51.0
15,True,True,HALIFAX,MONTRÉAL,2025-07-11,13,Matapedia,MTPD,2025-07-12T03:29:09Z,2025-07-12T01:50:00Z,ARR,bad,99.0
15,True,True,HALIFAX,MONTRÉAL,2025-07-11,14,Causapscal,CAUS,2025-07-12T04:31:44Z,2025-07-12T02:39:00Z,ARR,bad,112.0
15,True,True,HALIFAX,MONTRÉAL,2025-07-11,15,Amqui,AMQU,2025-07-12T04:59:18Z,2025-07-12T02:59:00Z,ARR,bad,120.0
15,True,True,HALIFAX,MONTRÉAL,2025-07-11,16,Sayabec,SAYA,2025-07-12T05:40:08Z,2025-07-12T03:21:00Z,ARR,bad,139.0
15,True,True,HALIFAX,MONTRÉAL,2025-07-11,17,Mont-Joli,MJLI,2025-07-12T06:49:46Z,2025-07-12T04:51:00Z,ARR,bad,118.0
15,True,True,HALIFAX,MONTRÉAL,2025-07-11,18,Rimouski,RMSK,2025-07-12T07:25:10Z,2025-07-12T05:24:00Z,ARR,bad,121.0
15,True,True,HALIFAX,MONTRÉAL,2025-07-11,19,Trois Pistoles,TPIS,2025-07-12T08:39:03Z,2025-07-12T06:31:00Z,ARR,bad,128.0
15,True,True,HALIFAX,MONTRÉAL,2025-07-11,20,Rivière-Du-Loup,RDLX,2025-07-12T09:25:45Z,2025-07-12T07:18:00Z,ARR,bad,127.0
15,True,True,HALIFAX,MONTRÉAL,2025-07-11,21,La Pocatière,LPOC,2025-07-12T10:24:55Z,2025-07-12T08:05:00Z,ARR,bad,139.0
15,True,True,HALIFAX,MONTRÉAL,2025-07-11,22,Montmagny,MMGY,2025-07-12T10:53:53Z,2025-07-12T08:39:00Z,ARR,bad,134.0
15,True,True,HALIFAX,MONTRÉAL,2025-07-11,23,Ste-Foy,SFOY,2025-07-12T11:47:36Z,2025-07-12T10:13:00Z,ARR,bad,94.0
15,True,True,HALIFAX,MONTRÉAL,2025-07-11,24,Drummondville,DRMV,2025-07-12T14:06:40Z,2025-07-12T12:20:00Z,ARR,bad,106.0
15,True,True,HALIFAX,MONTRÉAL,2025-07-11,25,St. Hyacinthe,SHYA,2025-07-12T14:43:59Z,2025-07-12T13:00:00Z,ARR,bad,103.0
15,True,True,HALIFAX,MONTRÉAL,2025-07-11,26,St. Lambert,SLAM,2025-07-12T15:23:42Z,2025-07-12T13:34:00Z,ARR,bad,109.0
15,True,True,HALIFAX,MONTRÉAL,2025-07-11,27,Montréal,MTRL,2025-07-12T15:44:17Z,2025-07-12T13:53:00Z,ARR,bad,111.0
6,True,True,PRINCE RUPERT,JASPER,2025-07-11,0,Prince Rupert,PRUP,2025-07-11T15:01:03Z,2025-07-11T15:00:00Z,ARR,goo,1.0
6,True,True,PRINCE RUPERT,JASPER,2025-07-11,1,Cassiar Cannery,CASS,2025-07-11T15:59:42Z,2025-07-11T15:20:00Z,ARR,bad,39.0
6,True,True,PRINCE RUPERT,JASPER,2025-07-11,2,Kwinitsa,KWIN,2025-07-11T17:10:34Z,2025-07-11T16:17:00Z,ARR,bad,53.0
6,True,True,PRINCE RUPERT,JASPER,2025-07-11,3,Terrace,TRRC,2025-07-11T18:35:46Z,2025-07-11T17:20:00Z,ARR,bad,75.0
6,True,True,PRINCE RUPERT,JASPER,2025-07-11,4,Usk,USKX,2025-07-11T19:10:50Z,2025-07-11T17:48:00Z,ARR,bad,82.0
6,True,True,PRINCE RUPERT,JASPER,2025-07-11,5,Pacific,PACI,2025-07-11T19:26:09Z,2025-07-11T18:07:00Z,ARR,bad,79.0
6,True,True,PRINCE RUPERT,JASPER,2025-07-11,6,Dorreen,DORR,2025-07-11T19:34:57Z,2025-07-11T18:19:00Z,ARR,bad,75.0
6,True,True,PRINCE RUPERT,JASPER,2025-07-11,7,Cedarvale,CEDA,2025-07-11T20:25:13Z,2025-07-11T18:44:00Z,ARR,bad,101.0
6,True,True,PRINCE RUPERT,JASPER,2025-07-11,8,Kitwanga,KITW,2025-07-11T20:42:56Z,2025-07-11T18:48:01Z,ARR,bad,114.0
6,True,True,PRINCE RUPERT,JASPER,2025-07-11,9,New Hazelton,NHAZ,2025-07-11T21:25:03Z,2025-07-11T19:30:00Z,ARR,bad,115.0
6,True,True,PRINCE RUPERT,JASPER,2025-07-11,10,Smithers,SMTR,2025-07-11T23:02:55Z,2025-07-11T21:14:00Z,ARR,bad,108.0
6,True,True,PRINCE RUPERT,JASPER,2025-07-11,11,Telkwa,TELK,2025-07-11T23:23:21Z,2025-07-11T21:37:00Z,ARR,bad,106.0
6,True,True,PRINCE RUPERT,JASPER,2025-07-11,12,Houston,HOUS,2025-07-12T00:01:52Z,2025-07-11T22:22:00Z,ARR,bad,99.0
6,True,True,PRINCE RUPERT,JASPER,2025-07-11,13,Burns Lake,BRNL,2025-07-12T01:04:49Z,2025-07-11T23:32:00Z,ARR,bad,92.0
6,True,True,PRINCE RUPERT,JASPER,2025-07-11,14,Endako,ENDA,2025-07-12T02:41:25Z,2025-07-12T00:25:00Z,ARR,bad,136.0
6,True,True,PRINCE RUPERT,JASPER,2025-07-11,15,Fort Fraser,FFRA,2025-07-12T03:08:20Z,2025-07-12T00:57:00Z,ARR,bad,131.0
6,True,True,PRINCE RUPERT,JASPER,2025-07-11,16,Vanderhoof,VDRH,2025-07-12T03:40:20Z,2025-07-12T01:35:00Z,ARR,bad,125.0
6,True,True,PRINCE RUPERT,JASPER,2025-07-11,17,Prince George,PGEO,2025-07-12T06:30:32Z,2025-07-12T03:29:00Z,ARR,bad,181.0
6,True,True,PRINCE RUPERT,JASPER,2025-07-11,18,Willow River,WILR,2025-07-12T15:48:00Z,2025-07-12T15:48:00Z,ARR,goo,0.0
6,True,True,PRINCE RUPERT,JASPER,2025-07-11,19,Aleza Lake,ALZL,2025-07-12T16:17:00Z,2025-07-12T16:17:00Z,ARR,goo,0.0
6,True,True,PRINCE RUPERT,JASPER,2025-07-11,20,Upper Fraser,UFRZ,2025-07-12T16:25:00Z,2025-07-12T16:25:00Z,ARR,goo,0.0
6,True,True,PRINCE RUPERT,JASPER,2025-07-11,21,Mcgregor,MCGR,2025-07-12T16:33:00Z,2025-07-12T16:33:00Z,ARR,goo,0.0
6,True,True,PRINCE RUPERT,JASPER,2025-07-11,22,Sinclair Mills,SINM,2025-07-12T16:44:00Z,2025-07-12T16:44:00Z,ARR,goo,0.0
6,True,True,PRINCE RUPERT,JASPER,2025-07-11,23,Hutton,HUTT,2025-07-12T16:48:00Z,2025-07-12T16:48:00Z,ARR,goo,0.0
6,True,True,PRINCE RUPERT,JASPER,2025-07-11,24,Longworth,LWTH,2025-07-12T16:59:00Z,2025-07-12T16:59:00Z,ARR,goo,0.0
6,True,True,PRINCE RUPERT,JASPER,2025-07-11,25,Penny,PENN,2025-07-12T17:13:00Z,2025-07-12T17:13:00Z,ARR,goo,0.0
6,True,True,PRINCE RUPERT,JASPER,2025-07-11,26,Bend,BEND,2025-07-12T17:32:00Z,2025-07-12T17:32:00Z,ARR,goo,0.0
6,True,True,PRINCE RUPERT,JASPER,2025-07-11,27,Dome Creek,DOMC,2025-07-12T17:33:07Z,2025-07-12T17:33:07Z,ARR,goo,0.0
6,True,True,PRINCE RUPERT,JASPER,2025-07-11,28,Loos,LOOS,2025-07-12T18:07:00Z,2025-07-12T18:07:00Z,ARR,goo,0.0
6,True,True,PRINCE RUPERT,JASPER,2025-07-11,29,Goat River,GOAT,2025-07-12T18:22:00Z,2025-07-12T18:22:00Z,ARR,goo,0.0
6,True,True,PRINCE RUPERT,JASPER,2025-07-11,30,Mcbride,MCBR,2025-07-12T19:18:00Z,2025-07-12T19:18:00Z,ARR,goo,0.0
6,True,True,PRINCE RUPERT,JASPER,2025-07-11,31,Dunster,DNST,2025-07-12T19:35:00Z,2025-07-12T19:35:00Z,ARR,goo,0.0
6,True,True,PRINCE RUPERT,JASPER,2025-07-11,32,Harvey,HRVY,2025-07-12T20:24:00Z,2025-07-12T20:24:00Z,ARR,goo,0.0
6,True,True,PRINCE RUPERT,JASPER,2025-07-11,33,Jasper,JASP,2025-07-12T23:00:00Z,2025-07-12T23:00:00Z,ARR,goo,0.0
691,True,True,THE PAS,CHURCHILL,2025-07-11,0,The Pas,TPAS,2025-07-11T07:30:00Z,2025-07-11T07:30:00Z,ARR,goo,0.0
691,True,True,THE PAS,CHURCHILL,2025-07-11,1,Orok,OROK,2025-07-11T08:06:50Z,2025-07-11T08:07:00Z,ARR,goo,0.0
691,True,True,THE PAS,CHURCHILL,2025-07-11,2,Halcrow,HALC,2025-07-11T08:59:33Z,2025-07-11T09:01:00Z,ARR,goo,-1.0
691,True,True,THE PAS,CHURCHILL,2025-07-11,3,Cormorant,CORM,2025-07-11T09:12:00Z,2025-07-11T09:12:00Z,ARR,goo,0.0
691,True,True,THE PAS,CHURCHILL,2025-07-11,4,Dering,DERI,2025-07-11T09:20:00Z,2025-07-11T09:20:00Z,ARR,goo,0.0
691,True,True,THE PAS,CHURCHILL,2025-07-11,5,Dyce,DYCE,2025-07-11T09:59:00Z,2025-07-11T09:59:00Z,ARR,goo,0.0
691,True,True,THE PAS,CHURCHILL,2025-07-11,6,Wekusko,WEKU,2025-07-11T10:38:44Z,2025-07-11T10:43:00Z,ARR,goo,-4.0
691,True,True,THE PAS,CHURCHILL,2025-07-11,7,Turnbull,TURN,2025-07-11T11:01:03Z,2025-07-11T11:10:00Z,ARR,goo,-8.0
691,True,True,THE PAS,CHURCHILL,2025-07-11,8,Ponton,PNTN,2025-07-11T11:28:17Z,2025-07-11T11:42:00Z,ARR,goo,-13.0
691,True,True,THE PAS,CHURCHILL,2025-07-11,9,Pipun,PIPN,2025-07-11T12:13:36Z,2025-07-11T12:25:00Z,ARR,goo,-11.0
691,True,True,THE PAS,CHURCHILL,2025-07-11,10,Wabowden,WBDN,2025-07-11T12:30:07Z,2025-07-11T12:48:00Z,ARR,goo,-17.0
691,True,True,THE PAS,CHURCHILL,2025-07-11,11,Lyddal,LYDD,2025-07-11T13:14:30Z,2025-07-11T13:16:00Z,ARR,goo,-1.0
691,True,True,THE PAS,CHURCHILL,2025-07-11,12,Odhill,ODHI,2025-07-11T13:34:16Z,2025-07-11T13:38:00Z,ARR,goo,-3.0
691,True,True,THE PAS,CHURCHILL,2025-07-11,13,Hockin,HOCK,2025-07-11T14:13:12Z,2025-07-11T14:22:00Z,ARR,goo,-8.0
691,True,True,THE PAS,CHURCHILL,2025-07-11,14,Thicket Portage,THKP,2025-07-11T14:37:00Z,2025-07-11T14:37:00Z,ARR,goo,0.0
691,True,True,THE PAS,CHURCHILL,2025-07-11,15,Leven,LEVN,2025-07-11T14:54:00Z,2025-07-11T14:54:00Z,ARR,goo,0.0
691,True,True,THE PAS,CHURCHILL,2025-07-11,16,Thompson,THOM,2025-07-11T18:15:23Z,2025-07-11T17:00:00Z,ARR,bad,75.0
691,True,True,THE PAS,CHURCHILL,2025-07-11,17,Sipiwesk,SIPI,2025-07-11T23:41:53Z,2025-07-11T23:35:00Z,ARR,med,6.0
691,True,True,THE PAS,CHURCHILL,2025-07-11,18,Pikwitonei,PIKW,2025-07-12T00:08:53Z,2025-07-12T00:02:00Z,ARR,med,6.0
691,True,True,THE PAS,CHURCHILL,2025-07-11,19,Bridgar,BRGR,2025-07-12T00:19:53Z,2025-07-12T00:13:00Z,ARR,med,6.0
691,True,True,THE PAS,CHURCHILL,2025-07-11,20,Pit Siding,PITS,2025-07-12T01:41:53Z,2025-07-12T01:35:00Z,ARR,med,6.0
691,True,True,THE PAS,CHURCHILL,2025-07-11,21,Ilford,ILFO,2025-07-12T02:55:06Z,2025-07-12T02:36:00Z,ARR,bad,19.0
691,True,True,THE PAS,CHURCHILL,2025-07-11,22,Wivenhoe,WVHO,2025-07-12T04:08:39Z,2025-07-12T03:13:00Z,ARR,bad,55.0
691,True,True,THE PAS,CHURCHILL,2025-07-11,23,Gillam,GILL,2025-07-12T04:54:16Z,2025-07-12T04:00:01Z,ARR,bad,54.0
691,True,True,THE PAS,CHURCHILL,2025-07-11,24,Bird,BIRD,2025-07-12T05:59:54Z,2025-07-12T05:29:00Z,ARR,bad,30.0
691,True,True,THE PAS,CHURCHILL,2025-07-11,25,Amery,AMRY,2025-07-12T06:31:32Z,2025-07-12T05:51:00Z,ARR,bad,40.0
691,True,True,THE PAS,CHURCHILL,2025-07-11,26,Weir River,WEIR,2025-07-12T07:30:22Z,2025-07-12T06:43:00Z,ARR,bad,47.0
691,True,True,THE PAS,CHURCHILL,2025-07-11,27,Thibaudeau,THIB,2025-07-12T08:17:17Z,2025-07-12T08:00:00Z,ARR,bad,17.0
691,True,True,THE PAS,CHURCHILL,2025-07-11,28,Herchmer,HERC,2025-07-12T09:43:17Z,2025-07-12T09:26:00Z,ARR,bad,17.0
691,True,True,THE PAS,CHURCHILL,2025-07-11,29,O'Day,ODAY,2025-07-12T10:22:17Z,2025-07-12T10:05:00Z,ARR,bad,17.0
691,True,True,THE PAS,CHURCHILL,2025-07-11,30,M'Clintock,MCLI,2025-07-12T11:07:17Z,2025-07-12T10:50:00Z,ARR,bad,17.0
691,True,True,THE PAS,CHURCHILL,2025-07-11,31,Chesnaye,CHES,2025-07-12T12:23:17Z,2025-07-12T12:06:00Z,ARR,bad,17.0
691,True,True,THE PAS,CHURCHILL,2025-07-11,32,Tidal,TIDL,2025-07-12T12:29:35Z,2025-07-12T13:37:00Z,ARR,goo,-67.0
691,True,True,THE PAS,CHURCHILL,2025-07-11,33,Churchill,CHUR,2025-07-12T13:20:32Z,2025-07-12T14:00:00Z,ARR,goo,-39.0
5,True,False,JASPER,PRINCE RUPERT,2025-07-11,0,Jasper,JASP,2025-07-11T16:47:58Z,2025-07-11T16:45:00Z,ARR,goo,2.0
5,True,False,JASPER,PRINCE RUPERT,2025-07-11,1,Harvey,HRVY,2025-07-11T18:28:31Z,2025-07-11T18:38:00Z,ARR,goo,-9.0
5,True,False,JASPER,PRINCE RUPERT,2025-07-11,2,Dunster,DNST,2025-07-11T19:02:47Z,2025-07-11T19:12:00Z,ARR,goo,-9.0
5,True,False,JASPER,PRINCE RUPERT,2025-07-11,3,Mcbride,MCBR,2025-07-11T20:43:03Z,2025-07-11T19:44:00Z,ARR,bad,59.0
5,True,False,JASPER,PRINCE RUPERT,2025-07-11,4,Goat River,GOAT,2025-07-11T21:43:23Z,2025-07-11T20:41:00Z,ARR,bad,62.0
5,True,False,JASPER,PRINCE RUPERT,2025-07-11,5,Loos,LOOS,2025-07-11T21:57:50Z,2025-07-11T20:58:00Z,ARR,bad,59.0
5,True,False,JASPER,PRINCE RUPERT,2025-07-11,6,Dome Creek,DOMC,2025-07-11T22:25:41Z,2025-07-11T21:32:00Z,ARR,bad,53.0
5,True,False,JASPER,PRINCE RUPERT,2025-07-11,7,Bend,BEND,2025-07-11T22:28:00Z,2025-07-11T21:36:00Z,ARR,bad,52.0
5,True,False,JASPER,PRINCE RUPERT,2025-07-11,8,Penny,PENN,2025-07-11T22:48:58Z,2025-07-11T21:56:00Z,ARR,bad,52.0
5,True,False,JASPER,PRINCE RUPERT,2025-07-11,9,Longworth,LWTH,2025-07-11T23:23:19Z,2025-07-11T22:11:00Z,ARR,bad,72.0
5,True,False,JASPER,PRINCE RUPERT,2025-07-11,10,Hutton,HUTT,2025-07-11T23:33:59Z,2025-07-11T22:24:00Z,ARR,bad,69.0
5,True,False,JASPER,PRINCE RUPERT,2025-07-11,11,Sinclair Mills,SINM,2025-07-11T23:39:59Z,2025-07-11T22:30:00Z,ARR,bad,69.0
5,True,False,JASPER,PRINCE RUPERT,2025-07-11,12,Mcgregor,MCGR,2025-07-11T23:52:14Z,2025-07-11T22:43:00Z,ARR,bad,69.0
5,True,False,JASPER,PRINCE RUPERT,2025-07-11,13,Upper Fraser,UFRZ,2025-07-12T00:01:14Z,2025-07-11T22:52:00Z,ARR,bad,69.0
5,True,False,JASPER,PRINCE RUPERT,2025-07-11,14,Aleza Lake,ALZL,2025-07-12T00:10:14Z,2025-07-11T23:01:00Z,ARR,bad,69.0
5,True,False,JASPER,PRINCE RUPERT,2025-07-11,15,Willow River,WILR,2025-07-12T00:30:17Z,2025-07-11T23:31:00Z,ARR,bad,59.0
5,True,False,JASPER,PRINCE RUPERT,2025-07-11,16,Prince George,PGEO,2025-07-12T02:13:53Z,2025-07-12T00:08:00Z,ARR,bad,125.0
5,True,False,JASPER,PRINCE RUPERT,2025-07-11,17,Vanderhoof,VDRH,2025-07-12T17:06:34Z,2025-07-12T16:55:00Z,ARR,med,11.0
5,True,False,JASPER,PRINCE RUPERT,2025-07-11,18,Fort Fraser,FFRA,2025-07-12T17:43:34Z,2025-07-12T17:32:00Z,ARR,med,11.0
5,True,False,JASPER,PRINCE RUPERT,2025-07-11,19,Endako,ENDA,2025-07-12T18:01:34Z,2025-07-12T17:50:00Z,ARR,med,11.0
5,True,False,JASPER,PRINCE RUPERT,2025-07-11,20,Burns Lake,BRNL,2025-07-12T19:09:34Z,2025-07-12T18:58:00Z,ARR,med,11.0
5,True,False,JASPER,PRINCE RUPERT,2025-07-11,21,Houston,HOUS,2025-07-12T20:21:08Z,2025-07-12T20:08:00Z,ARR,med,13.0
5,True,False,JASPER,PRINCE RUPERT,2025-07-11,22,Telkwa,TELK,2025-07-12T21:05:29Z,2025-07-12T20:52:00Z,ARR,med,13.0
5,True,False,JASPER,PRINCE RUPERT,2025-07-11,23,Smithers,SMTR,2025-07-12T21:17:04Z,2025-07-12T21:10:00Z,ARR,med,7.0
5,True,False,JASPER,PRINCE RUPERT,2025-07-11,24,New Hazelton,NHAZ,2025-07-12T22:37:29Z,2025-07-12T22:37:00Z,ARR,goo,0.0
5,True,False,JASPER,PRINCE RUPERT,2025-07-11,25,Kitwanga,KITW,2025-07-13T00:25:34Z,2025-07-12T23:27:00Z,ARR,bad,58.0
5,True,False,JASPER,PRINCE RUPERT,2025-07-11,26,Cedarvale,CEDA,2025-07-13T00:48:06Z,2025-07-12T23:51:00Z,ARR,bad,57.0
5,True,False,JASPER,PRINCE RUPERT,2025-07-11,27,Dorreen,DORR,2025-07-13T01:22:37Z,2025-07-13T00:12:00Z,ARR,bad,70.0
5,True,False,JASPER,PRINCE RUPERT,2025-07-11,28,Pacific,PACI,2025-07-13T01:30:28Z,2025-07-13T00:21:00Z,ARR,bad,69.0
5,True,False,JASPER,PRINCE RUPERT,2025-07-11,29,Usk,USKX,2025-07-13T02:07:32Z,2025-07-13T00:40:00Z,ARR,bad,87.0
5,True,False,JASPER,PRINCE RUPERT,2025-07-11,30,Terrace,TRRC,2025-07-13T02:24:13Z,2025-07-13T01:00:00Z,ARR,bad,84.0
5,True,False,JASPER,PRINCE RUPERT,2025-07-11,31,Kwinitsa,KWIN,2025-07-13T03:28:54Z,2025-07-13T02:09:00Z,ARR,bad,79.0
5,True,False,JASPER,PRINCE RUPERT,2025-07-11,32,Cassiar Cannery,CASS,2025-07-13T04:03:52Z,2025-07-13T02:45:00Z,25 mins,bad,78.0
5,True,False,JASPER,PRINCE RUPERT,2025-07-11,33,Prince Rupert,PRUP,2025-07-13T04:43:52Z,2025-07-13T03:25:00Z,1h05,bad,78.0
14,True,True,MONTRÉAL,HALIFAX,2025-07-11,0,Montréal,MTRL,2025-07-11T23:11:00Z,2025-07-11T22:30:00Z,ARR,bad,41.0
14,True,True,MONTRÉAL,HALIFAX,2025-07-11,1,St. Lambert,SLAM,2025-07-11T23:30:32Z,2025-07-11T22:45:00Z,ARR,bad,45.0
14,True,True,MONTRÉAL,HALIFAX,2025-07-11,2,St. Hyacinthe,SHYA,2025-07-12T00:07:55Z,2025-07-11T23:23:00Z,ARR,bad,44.0
14,True,True,MONTRÉAL,HALIFAX,2025-07-11,3,Drummondville,DRMV,2025-07-12T00:58:01Z,2025-07-12T00:04:00Z,ARR,bad,54.0
14,True,True,MONTRÉAL,HALIFAX,2025-07-11,4,Ste-Foy,SFOY,2025-07-12T02:24:08Z,2025-07-12T01:48:00Z,ARR,bad,36.0
14,True,True,MONTRÉAL,HALIFAX,2025-07-11,5,Montmagny,MMGY,2025-07-12T04:16:26Z,2025-07-12T03:17:00Z,ARR,bad,59.0
14,True,True,MONTRÉAL,HALIFAX,2025-07-11,6,La Pocatière,LPOC,2025-07-12T04:49:21Z,2025-07-12T03:50:00Z,ARR,bad,59.0
14,True,True,MONTRÉAL,HALIFAX,2025-07-11,7,Rivière-Du-Loup,RDLX,2025-07-12T05:40:09Z,2025-07-12T04:31:00Z,ARR,bad,69.0
14,True,True,MONTRÉAL,HALIFAX,2025-07-11,8,Trois Pistoles,TPIS,2025-07-12T06:20:25Z,2025-07-12T05:15:00Z,ARR,bad,65.0
14,True,True,MONTRÉAL,HALIFAX,2025-07-11,9,Rimouski,RMSK,2025-07-12T08:04:51Z,2025-07-12T06:24:00Z,ARR,bad,100.0
14,True,True,MONTRÉAL,HALIFAX,2025-07-11,10,Mont-Joli,MJLI,2025-07-12T08:41:17Z,2025-07-12T07:04:00Z,ARR,bad,97.0
14,True,True,MONTRÉAL,HALIFAX,2025-07-11,11,Sayabec,SAYA,2025-07-12T09:48:25Z,2025-07-12T08:09:00Z,ARR,bad,99.0
14,True,True,MONTRÉAL,HALIFAX,2025-07-11,12,Amqui,AMQU,2025-07-12T10:23:20Z,2025-07-12T08:30:00Z,ARR,bad,113.0
14,True,True,MONTRÉAL,HALIFAX,2025-07-11,13,Causapscal,CAUS,2025-07-12T10:55:16Z,2025-07-12T08:52:00Z,ARR,bad,123.0
14,True,True,MONTRÉAL,HALIFAX,2025-07-11,14,Matapedia,MTPD,2025-07-12T11:54:48Z,2025-07-12T09:38:00Z,ARR,bad,136.0
14,True,True,MONTRÉAL,HALIFAX,2025-07-11,15,Campbellton,CBTN,2025-07-12T12:32:32Z,2025-07-12T10:23:00Z,ARR,bad,129.0
14,True,True,MONTRÉAL,HALIFAX,2025-07-11,16,Charlo,CHLO,2025-07-12T13:43:01Z,2025-07-12T11:06:00Z,ARR,bad,157.0
14,True,True,MONTRÉAL,HALIFAX,2025-07-11,17,Jacquet River,JACR,2025-07-12T14:36:37Z,2025-07-12T11:30:00Z,ARR,bad,186.0
14,True,True,MONTRÉAL,HALIFAX,2025-07-11,18,Petit Rocher,PROC,2025-07-12T15:09:26Z,2025-07-12T11:53:00Z,ARR,bad,196.0
14,True,True,MONTRÉAL,HALIFAX,2025-07-11,19,Bathurst,BTRS,2025-07-12T15:30:40Z,2025-07-12T12:42:00Z,ARR,bad,168.0
14,True,True,MONTRÉAL,HALIFAX,2025-07-11,20,Miramichi,MIRA,2025-07-12T17:10:21Z,2025-07-12T14:33:00Z,ARR,bad,157.0
14,True,True,MONTRÉAL,HALIFAX,2025-07-11,21,Rogersville,RGRV,2025-07-12T18:01:14Z,2025-07-12T15:28:00Z,ARR,bad,153.0
14,True,True,MONTRÉAL,HALIFAX,2025-07-11,22,Moncton,MCTN,2025-07-12T19:38:44Z,2025-07-12T16:38:00Z,ARR,bad,180.0
14,True,True,MONTRÉAL,HALIFAX,2025-07-11,23,Sackville,SACK,2025-07-12T20:55:14Z,2025-07-12T17:38:00Z,ARR,bad,197.0
14,True,True,MONTRÉAL,HALIFAX,2025-07-11,24,Amherst,AMHS,2025-07-12T21:11:11Z,2025-07-12T17:54:00Z,ARR,bad,197.0
14,True,True,MONTRÉAL,HALIFAX,2025-07-11,25,Springhill Jct,SPRJ,2025-07-12T21:37:18Z,2025-07-12T18:18:00Z,ARR,bad,199.0
14,True,True,MONTRÉAL,HALIFAX,2025-07-11,26,Truro,TRUR,2025-07-12T22:48:48Z,2025-07-12T19:32:00Z,ARR,bad,196.0
14,True,True,MONTRÉAL,HALIFAX,2025-07-11,27,Halifax,HLFX,2025-07-13T00:27:25Z,2025-07-12T21:06:00Z,ARR,bad,201.0
24,True,True,OTTAWA,QUÉBEC,2025-07-12,0,Ottawa,OTTW,2025-07-12T14:13:03Z,2025-07-12T14:13:00Z,ARR,goo,0.0
24,True,True,OTTAWA,QUÉBEC,2025-07-12,1,Alexandria,ALEX,2025-07-12T14:59:46Z,2025-07-12T15:03:00Z,ARR,goo,-3.0
24,True,True,OTTAWA,QUÉBEC,2025-07-12,2,Coteau,COTO,2025-07-12T15:28:11Z,2025-07-12T15:26:00Z,ARR,goo,2.0
24,True,True,OTTAWA,QUÉBEC,2025-07-12,3,Dorval,DORV,2025-07-12T16:00:26Z,2025-07-12T15:50:00Z,ARR,med,10.0
24,True,True,OTTAWA,QUÉBEC,2025-07-12,4,Montréal,MTRL,2025-07-12T16:26:29Z,2025-07-12T16:15:00Z,ARR,med,11.0
24,True,True,OTTAWA,QUÉBEC,2025-07-12,5,St. Lambert,SLAM,2025-07-12T17:10:49Z,2025-07-12T16:58:00Z,ARR,med,12.0
24,True,True,OTTAWA,QUÉBEC,2025-07-12,6,St. Hyacinthe,SHYA,2025-07-12T17:45:06Z,2025-07-12T17:26:00Z,ARR,bad,19.0
24,True,True,OTTAWA,QUÉBEC,2025-07-12,7,Drummondville,DRMV,2025-07-12T18:19:57Z,2025-07-12T17:54:00Z,ARR,bad,25.0
24,True,True,OTTAWA,QUÉBEC,2025-07-12,8,Charny,CHNY,2025-07-12T20:50:28Z,2025-07-12T19:38:00Z,ARR,bad,72.0
24,True,True,OTTAWA,QUÉBEC,2025-07-12,9,Ste-Foy,SFOY,2025-07-12T20:57:48Z,2025-07-12T19:45:00Z,ARR,bad,72.0
24,True,True,OTTAWA,QUÉBEC,2025-07-12,10,Québec,QBEC,2025-07-12T21:31:50Z,2025-07-12T20:12:00Z,ARR,bad,79.0
37,True,True,QUÉBEC,OTTAWA,2025-07-12,0,Québec,QBEC,2025-07-12T16:43:35Z,2025-07-12T16:32:00Z,ARR,med,11.0
37,True,True,QUÉBEC,OTTAWA,2025-07-12,1,Ste-Foy,SFOY,2025-07-12T17:18:51Z,2025-07-12T16:57:00Z,ARR,bad,21.0
37,True,True,QUÉBEC,OTTAWA,2025-07-12,2,Drummondville,DRMV,2025-07-12T19:20:41Z,2025-07-12T18:44:00Z,ARR,bad,36.0
37,True,True,QUÉBEC,OTTAWA,2025-07-12,3,St. Hyacinthe,SHYA,2025-07-12T20:07:12Z,2025-07-12T19:12:00Z,ARR,bad,55.0
37,True,True,QUÉBEC,OTTAWA,2025-07-12,4,St. Lambert,SLAM,2025-07-12T20:44:07Z,2025-07-12T19:39:00Z,ARR,bad,65.0
37,True,True,QUÉBEC,OTTAWA,2025-07-12,5,Montréal,MTRL,2025-07-12T21:03:07Z,2025-07-12T19:54:00Z,ARR,bad,69.0
37,True,True,QUÉBEC,OTTAWA,2025-07-12,6,Dorval,DORV,2025-07-12T22:13:02Z,2025-07-12T20:54:00Z,ARR,bad,79.0
37,True,True,QUÉBEC,OTTAWA,2025-07-12,7,Coteau,COTO,2025-07-12T23:00:08Z,2025-07-12T21:23:00Z,ARR,bad,97.0
37,True,True,QUÉBEC,OTTAWA,2025-07-12,8,Alexandria,ALEX,2025-07-12T23:32:10Z,2025-07-12T21:45:00Z,ARR,bad,107.0
37,True,True,QUÉBEC,OTTAWA,2025-07-12,9,Ottawa,OTTW,2025-07-13T00:18:58Z,2025-07-12T22:37:00Z,ARR,bad,101.0
41,True,True,OTTAWA,TORONTO,2025-07-12,0,Ottawa,OTTW,2025-07-12T09:21:09Z,2025-07-12T09:21:00Z,ARR,goo,0.0
41,True,True,OTTAWA,TORONTO,2025-07-12,1,Fallowfield,FALL,2025-07-12T09:36:47Z,2025-07-12T09:38:00Z,ARR,goo,-1.0
41,True,True,OTTAWA,TORONTO,2025-07-12,2,Smiths Falls,SMTF,2025-07-12T10:06:20Z,2025-07-12T10:08:00Z,ARR,goo,-1.0
41,True,True,OTTAWA,TORONTO,2025-07-12,3,Brockville,BRKV,2025-07-12T10:38:27Z,2025-07-12T10:40:00Z,ARR,goo,-1.0
41,True,True,OTTAWA,TORONTO,2025-07-12,4,Kingston,KGON,2025-07-12T11:32:34Z,2025-07-12T11:25:00Z,ARR,med,7.0
41,True,True,OTTAWA,TORONTO,2025-07-12,5,Napanee,NAPN,2025-07-12T12:00:35Z,2025-07-12T11:49:00Z,ARR,med,11.0
41,True,True,OTTAWA,TORONTO,2025-07-12,6,Belleville,BLVL,2025-07-12T12:26:46Z,2025-07-12T12:07:00Z,ARR,bad,19.0
41,True,True,OTTAWA,TORONTO,2025-07-12,7,Trenton Jct.,TRNJ,2025-07-12T12:40:39Z,2025-07-12T12:20:00Z,ARR,bad,20.0
41,True,True,OTTAWA,TORONTO,2025-07-12,8,Cobourg,CBRG,2025-07-12T13:13:52Z,2025-07-12T12:44:00Z,ARR,bad,29.0
41,True,True,OTTAWA,TORONTO,2025-07-12,9,Oshawa,OSHA,2025-07-12T14:05:45Z,2025-07-12T13:19:00Z,ARR,bad,46.0
41,True,True,OTTAWA,TORONTO,2025-07-12,10,Toronto,TRTO,2025-07-12T14:46:01Z,2025-07-12T14:02:00Z,ARR,bad,44.0
50,True,True,TORONTO,OTTAWA,2025-07-12,0,Toronto,TRTO,2025-07-12T10:32:00Z,2025-07-12T10:32:00Z,ARR,goo,0.0
50,True,True,TORONTO,OTTAWA,2025-07-12,1,Guildwood,GUIL,2025-07-12T10:47:18Z,2025-07-12T10:50:00Z,ARR,goo,-2.0
50,True,True,TORONTO,OTTAWA,2025-07-12,2,Oshawa,OSHA,2025-07-12T11:08:12Z,2025-07-12T11:08:00Z,ARR,goo,0.0
50,True,True,TORONTO,OTTAWA,2025-07-12,3,Cobourg,CBRG,2025-07-12T11:42:41Z,2025-07-12T11:43:00Z,ARR,goo,0.0
50,True,True,TORONTO,OTTAWA,2025-07-12,4,Belleville,BLVL,2025-07-12T12:33:58Z,2025-07-12T12:18:00Z,ARR,bad,15.0
50,True,True,TORONTO,OTTAWA,2025-07-12,5,Kingston,KGON,2025-07-12T13:10:33Z,2025-07-12T12:57:00Z,ARR,med,13.0
50,True,True,TORONTO,OTTAWA,2025-07-12,6,Brockville,BRKV,2025-07-12T14:13:58Z,2025-07-12T13:54:00Z,ARR,bad,19.0
50,True,True,TORONTO,OTTAWA,2025-07-12,7,Smiths Falls,SMTF,2025-07-12T14:48:19Z,2025-07-12T14:29:00Z,ARR,bad,19.0
50,True,True,TORONTO,OTTAWA,2025-07-12,8,Fallowfield,FALL,2025-07-12T15:20:54Z,2025-07-12T15:01:00Z,ARR,bad,19.0
50,True,True,TORONTO,OTTAWA,2025-07-12,9,Ottawa,OTTW,2025-07-12T15:40:56Z,2025-07-12T15:21:00Z,ARR,bad,19.0
53,True,True,OTTAWA,TORONTO,2025-07-12,0,Ottawa,OTTW,2025-07-12T15:43:00Z,2025-07-12T15:43:00Z,ARR,goo,0.0
53,True,True,OTTAWA,TORONTO,2025-07-12,1,Fallowfield,FALL,2025-07-12T15:58:51Z,2025-07-12T16:00:00Z,ARR,goo,-1.0
53,True,True,OTTAWA,TORONTO,2025-07-12,2,Brockville,BRKV,2025-07-12T17:06:23Z,2025-07-12T17:01:00Z,ARR,med,5.0
53,True,True,OTTAWA,TORONTO,2025-07-12,3,Gananoque,GANA,2025-07-12T17:39:10Z,2025-07-12T17:31:00Z,ARR,med,8.0
53,True,True,OTTAWA,TORONTO,2025-07-12,4,Kingston,KGON,2025-07-12T18:04:26Z,2025-07-12T17:54:00Z,ARR,med,10.0
53,True,True,OTTAWA,TORONTO,2025-07-12,5,Belleville,BLVL,2025-07-12T19:01:49Z,2025-07-12T18:36:00Z,ARR,bad,25.0
53,True,True,OTTAWA,TORONTO,2025-07-12,6,Cobourg,CBRG,2025-07-12T19:59:20Z,2025-07-12T19:12:00Z,ARR,bad,47.0
53,True,True,OTTAWA,TORONTO,2025-07-12,7,Oshawa,OSHA,2025-07-12T20:40:21Z,2025-07-12T19:48:00Z,ARR,bad,52.0
53,True,True,OTTAWA,TORONTO,2025-07-12,8,Toronto,TRTO,2025-07-12T21:20:47Z,2025-07-12T20:33:00Z,ARR,bad,47.0
52,True,True,TORONTO,OTTAWA,2025-07-12,0,Toronto,TRTO,2025-07-12T12:32:00Z,2025-07-12T12:32:00Z,ARR,goo,0.0
52,True,True,TORONTO,OTTAWA,2025-07-12,1,Guildwood,GUIL,2025-07-12T12:48:12Z,2025-07-12T12:50:00Z,ARR,goo,-1.0
52,True,True,TORONTO,OTTAWA,2025-07-12,2,Oshawa,OSHA,2025-07-12T13:08:21Z,2025-07-12T13:09:00Z,ARR,goo,0.0
52,True,True,TORONTO,OTTAWA,2025-07-12,3,Cobourg,CBRG,2025-07-12T13:50:16Z,2025-07-12T13:44:00Z,ARR,med,6.0
52,True,True,TORONTO,OTTAWA,2025-07-12,4,Belleville,BLVL,2025-07-12T14:29:24Z,2025-07-12T14:20:00Z,ARR,med,9.0
52,True,True,TORONTO,OTTAWA,2025-07-12,5,Kingston,KGON,2025-07-12T15:10:06Z,2025-07-12T15:00:00Z,ARR,med,10.0
52,True,True,TORONTO,OTTAWA,2025-07-12,6,Brockville,BRKV,2025-07-12T15:58:40Z,2025-07-12T15:57:00Z,ARR,goo,1.0
52,True,True,TORONTO,OTTAWA,2025-07-12,7,Smiths Falls,SMTF,2025-07-12T16:40:02Z,2025-07-12T16:35:00Z,ARR,med,5.0
52,True,True,TORONTO,OTTAWA,2025-07-12,8,Fallowfield,FALL,2025-07-12T17:07:53Z,2025-07-12T17:11:00Z,ARR,goo,-3.0
52,True,True,TORONTO,OTTAWA,2025-07-12,9,Ottawa,OTTW,2025-07-12T17:27:05Z,2025-07-12T17:32:00Z,ARR,goo,-4.0
60,True,True,TORONTO,MONTRÉAL,2025-07-12,0,Toronto,TRTO,2025-07-12T10:32:00Z,2025-07-12T10:32:00Z,ARR,goo,0.0
60,True,True,TORONTO,MONTRÉAL,2025-07-12,1,Guildwood,GUIL,2025-07-12T10:47:12Z,2025-07-12T10:50:00Z,ARR,goo,-2.0
60,True,True,TORONTO,MONTRÉAL,2025-07-12,2,Oshawa,OSHA,2025-07-12T11:08:08Z,2025-07-12T11:08:00Z,ARR,goo,0.0
60,True,True,TORONTO,MONTRÉAL,2025-07-12,3,Cobourg,CBRG,2025-07-12T11:42:44Z,2025-07-12T11:43:00Z,ARR,goo,0.0
60,True,True,TORONTO,MONTRÉAL,2025-07-12,4,Belleville,BLVL,2025-07-12T12:33:51Z,2025-07-12T12:18:00Z,ARR,bad,15.0
60,True,True,TORONTO,MONTRÉAL,2025-07-12,5,Kingston,KGON,2025-07-12T13:10:28Z,2025-07-12T12:57:00Z,ARR,med,13.0
60,True,True,TORONTO,MONTRÉAL,2025-07-12,6,Cornwall,CWLL,2025-07-12T14:55:02Z,2025-07-12T14:38:00Z,ARR,bad,17.0
60,True,True,TORONTO,MONTRÉAL,2025-07-12,7,Dorval,DORV,2025-07-12T15:53:41Z,2025-07-12T15:25:00Z,ARR,bad,28.0
60,True,True,TORONTO,MONTRÉAL,2025-07-12,8,Montréal,MTRL,2025-07-12T16:19:50Z,2025-07-12T15:50:00Z,ARR,bad,29.0
61,True,True,MONTRÉAL,TORONTO,2025-07-12,0,Montréal,MTRL,2025-07-12T10:45:00Z,2025-07-12T10:45:00Z,ARR,goo,0.0
61,True,True,MONTRÉAL,TORONTO,2025-07-12,1,Dorval,DORV,2025-07-12T11:08:41Z,2025-07-12T11:08:00Z,ARR,goo,0.0
61,True,True,MONTRÉAL,TORONTO,2025-07-12,2,Cornwall,CWLL,2025-07-12T11:59:58Z,2025-07-12T12:01:00Z,ARR,goo,-1.0
61,True,True,MONTRÉAL,TORONTO,2025-07-12,3,Kingston,KGON,2025-07-12T13:25:34Z,2025-07-12T13:29:00Z,ARR,goo,-3.0
61,True,True,MONTRÉAL,TORONTO,2025-07-12,4,Belleville,BLVL,2025-07-12T14:10:26Z,2025-07-12T14:11:00Z,ARR,goo,0.0
61,True,True,MONTRÉAL,TORONTO,2025-07-12,5,Oshawa,OSHA,2025-07-12T15:24:24Z,2025-07-12T15:19:00Z,ARR,med,5.0
61,True,True,MONTRÉAL,TORONTO,2025-07-12,6,Guildwood,GUIL,2025-07-12T15:48:15Z,2025-07-12T15:43:00Z,ARR,med,5.0
61,True,True,MONTRÉAL,TORONTO,2025-07-12,7,Toronto,TRTO,2025-07-12T16:14:29Z,2025-07-12T16:03:00Z,ARR,med,11.0
64,True,True,TORONTO,MONTRÉAL,2025-07-12,0,Toronto,TRTO,2025-07-12T15:40:09Z,2025-07-12T15:38:00Z,ARR,goo,2.0
64,True,True,TORONTO,MONTRÉAL,2025-07-12,1,Guildwood,GUIL,2025-07-12T15:57:13Z,2025-07-12T15:55:00Z,ARR,goo,2.0
64,True,True,TORONTO,MONTRÉAL,2025-07-12,2,Oshawa,OSHA,2025-07-12T16:17:22Z,2025-07-12T16:09:00Z,ARR,med,8.0
64,True,True,TORONTO,MONTRÉAL,2025-07-12,3,Cobourg,CBRG,2025-07-12T16:53:52Z,2025-07-12T16:46:00Z,ARR,med,7.0
64,True,True,TORONTO,MONTRÉAL,2025-07-12,4,Belleville,BLVL,2025-07-12T17:36:04Z,2025-07-12T17:22:00Z,ARR,med,14.0
64,True,True,TORONTO,MONTRÉAL,2025-07-12,5,Kingston,KGON,2025-07-12T18:33:28Z,2025-07-12T18:03:00Z,ARR,bad,30.0
64,True,True,TORONTO,MONTRÉAL,2025-07-12,6,Brockville,BRKV,2025-07-12T19:29:00Z,2025-07-12T18:52:00Z,ARR,bad,37.0
64,True,True,TORONTO,MONTRÉAL,2025-07-12,7,Cornwall,CWLL,2025-07-12T21:18:14Z,2025-07-12T19:42:00Z,ARR,bad,96.0
64,True,True,TORONTO,MONTRÉAL,2025-07-12,8,Dorval,DORV,2025-07-12T22:52:17Z,2025-07-12T20:37:00Z,ARR,bad,135.0
64,True,True,TORONTO,MONTRÉAL,2025-07-12,9,Montréal,MTRL,2025-07-12T23:25:53Z,2025-07-12T21:05:00Z,ARR,bad,140.0
65,True,True,MONTRÉAL,TORONTO,2025-07-12,0,Montréal,MTRL,2025-07-12T14:49:00Z,2025-07-12T14:49:00Z,ARR,goo,0.0
65,True,True,MONTRÉAL,TORONTO,2025-07-12,1,Dorval,DORV,2025-07-12T15:15:30Z,2025-07-12T15:12:00Z,ARR,goo,3.0
65,True,True,MONTRÉAL,TORONTO,2025-07-12,2,Cornwall,CWLL,2025-07-12T16:21:11Z,2025-07-12T16:06:00Z,ARR,bad,15.0
65,True,True,MONTRÉAL,TORONTO,2025-07-12,3,Kingston,KGON,2025-07-12T18:26:20Z,2025-07-12T17:36:00Z,ARR,bad,50.0
65,True,True,MONTRÉAL,TORONTO,2025-07-12,4,Belleville,BLVL,2025-07-12T19:11:51Z,2025-07-12T18:20:00Z,ARR,bad,51.0
65,True,True,MONTRÉAL,TORONTO,2025-07-12,5,Cobourg,CBRG,2025-07-12T20:07:09Z,2025-07-12T18:58:00Z,ARR,bad,69.0
65,True,True,MONTRÉAL,TORONTO,2025-07-12,6,Oshawa,OSHA,2025-07-12T20:46:38Z,2025-07-12T19:34:00Z,ARR,bad,72.0
65,True,True,MONTRÉAL,TORONTO,2025-07-12,7,Toronto,TRTO,2025-07-12T21:42:07Z,2025-07-12T20:18:00Z,ARR,bad,84.0
67,True,True,MONTRÉAL,TORONTO,2025-07-12,0,Montréal,MTRL,2025-07-12T17:27:02Z,2025-07-12T17:22:00Z,ARR,med,5.0
67,True,True,MONTRÉAL,TORONTO,2025-07-12,1,Dorval,DORV,2025-07-12T17:53:24Z,2025-07-12T17:47:00Z,ARR,med,6.0
67,True,True,MONTRÉAL,TORONTO,2025-07-12,2,Cornwall,CWLL,2025-07-12T19:06:10Z,2025-07-12T18:38:00Z,ARR,bad,28.0
67,True,True,MONTRÉAL,TORONTO,2025-07-12,3,Kingston,KGON,2025-07-12T21:40:36Z,2025-07-12T20:03:00Z,ARR,bad,97.0
67,True,True,MONTRÉAL,TORONTO,2025-07-12,4,Belleville,BLVL,2025-07-12T22:42:11Z,2025-07-12T20:42:00Z,ARR,bad,120.0
67,True,True,MONTRÉAL,TORONTO,2025-07-12,5,Cobourg,CBRG,2025-07-13T00:00:53Z,2025-07-12T21:17:00Z,ARR,bad,163.0
67,True,True,MONTRÉAL,TORONTO,2025-07-12,6,Oshawa,OSHA,2025-07-13T00:34:39Z,2025-07-12T21:50:00Z,ARR,bad,164.0
67,True,True,MONTRÉAL,TORONTO,2025-07-12,7,Toronto,TRTO,2025-07-13T01:26:34Z,2025-07-12T22:45:00Z,ARR,bad,161.0
70,True,True,WINDSOR,TORONTO,2025-07-12,0,Windsor,WDON,2025-07-12T09:35:00Z,2025-07-12T09:35:00Z,ARR,goo,0.0
70,True,True,WINDSOR,TORONTO,2025-07-12,1,Chatham,CHAT,2025-07-12T10:17:49Z,2025-07-12T10:19:00Z,ARR,goo,-1.0
70,True,True,WINDSOR,TORONTO,2025-07-12,2,London,LNDN,2025-07-12T11:32:49Z,2025-07-12T11:25:00Z,ARR,med,7.0
70,True,True,WINDSOR,TORONTO,2025-07-12,3,Ingersoll,INGR,2025-07-12T11:59:55Z,2025-07-12T11:55:00Z,ARR,goo,4.0
70,True,True,WINDSOR,TORONTO,2025-07-12,4,Woodstock,WDST,2025-07-12T12:10:20Z,2025-07-12T12:08:00Z,ARR,goo,2.0
70,True,True,WINDSOR,TORONTO,2025-07-12,5,Brantford,BRTF,2025-07-12T12:39:31Z,2025-07-12T12:44:00Z,ARR,goo,-4.0
70,True,True,WINDSOR,TORONTO,2025-07-12,6,Aldershot,ALDR,2025-07-12T13:33:46Z,2025-07-12T13:25:00Z,ARR,med,8.0
70,True,True,WINDSOR,TORONTO,2025-07-12,7,Oakville,OAKV,2025-07-12T13:49:01Z,2025-07-12T13:43:00Z,ARR,med,6.0
70,True,True,WINDSOR,TORONTO,2025-07-12,8,Toronto,TRTO,2025-07-12T14:14:28Z,2025-07-12T14:10:00Z,ARR,goo,4.0
71,True,True,TORONTO,WINDSOR,2025-07-12,0,Toronto,TRTO,2025-07-12T10:50:12Z,2025-07-12T10:50:00Z,ARR,goo,0.0
71,True,True,TORONTO,WINDSOR,2025-07-12,1,Oakville,OAKV,2025-07-12T11:15:23Z,2025-07-12T11:13:00Z,ARR,goo,2.0
71,True,True,TORONTO,WINDSOR,2025-07-12,2,Aldershot,ALDR,2025-07-12T11:32:16Z,2025-07-12T11:29:00Z,ARR,goo,3.0
71,True,True,TORONTO,WINDSOR,2025-07-12,3,Brantford,BRTF,2025-07-12T12:04:13Z,2025-07-12T11:55:00Z,ARR,med,9.0
71,True,True,TORONTO,WINDSOR,2025-07-12,4,Woodstock,WDST,2025-07-12T12:36:46Z,2025-07-12T12:30:00Z,ARR,med,6.0
71,True,True,TORONTO,WINDSOR,2025-07-12,5,Ingersoll,INGR,2025-07-12T12:47:38Z,2025-07-12T12:43:00Z,ARR,goo,4.0
71,True,True,TORONTO,WINDSOR,2025-07-12,6,London,LNDN,2025-07-12T13:11:15Z,2025-07-12T13:06:00Z,ARR,med,5.0
71,True,True,TORONTO,WINDSOR,2025-07-12,7,Glencoe,GLNC,2025-07-12T13:45:46Z,2025-07-12T13:39:00Z,ARR,med,6.0
71,True,True,TORONTO,WINDSOR,2025-07-12,8,Chatham,CHAT,2025-07-12T14:42:34Z,2025-07-12T14:18:00Z,ARR,bad,24.0
71,True,True,TORONTO,WINDSOR,2025-07-12,9,Windsor,WDON,2025-07-12T15:26:02Z,2025-07-12T15:08:00Z,ARR,bad,18.0
72,True,True,WINDSOR,TORONTO,2025-07-12,0,Windsor,WDON,2025-07-12T12:43:00Z,2025-07-12T12:43:00Z,ARR,goo,0.0
72,True,True,WINDSOR,TORONTO,2025-07-12,1,Chatham,CHAT,2025-07-12T13:25:52Z,2025-07-12T13:25:00Z,ARR,goo,0.0
72,True,True,WINDSOR,TORONTO,2025-07-12,2,Glencoe,GLNC,2025-07-12T14:11:22Z,2025-07-12T14:05:00Z,ARR,med,6.0
72,True,True,WINDSOR,TORONTO,2025-07-12,3,London,LNDN,2025-07-12T14:49:44Z,2025-07-12T14:39:00Z,ARR,med,10.0
72,True,True,WINDSOR,TORONTO,2025-07-12,4,Ingersoll,INGR,2025-07-12T15:17:23Z,2025-07-12T15:07:00Z,ARR,med,10.0
72,True,True,WINDSOR,TORONTO,2025-07-12,5,Woodstock,WDST,2025-07-12T15:30:38Z,2025-07-12T15:23:00Z,ARR,med,7.0
72,True,True,WINDSOR,TORONTO,2025-07-12,6,Brantford,BRTF,2025-07-12T16:03:07Z,2025-07-12T15:55:00Z,ARR,med,8.0
72,True,True,WINDSOR,TORONTO,2025-07-12,7,Aldershot,ALDR,2025-07-12T16:45:11Z,2025-07-12T16:29:00Z,ARR,bad,16.0
72,True,True,WINDSOR,TORONTO,2025-07-12,8,Oakville,OAKV,2025-07-12T17:04:03Z,2025-07-12T16:45:00Z,ARR,bad,19.0
72,True,True,WINDSOR,TORONTO,2025-07-12,9,Toronto,TRTO,2025-07-12T17:30:43Z,2025-07-12T17:11:00Z,ARR,bad,19.0
73,True,True,TORONTO,WINDSOR,2025-07-12,0,Toronto,TRTO,2025-07-12T15:30:00Z,2025-07-12T15:30:00Z,ARR,goo,0.0
73,True,True,TORONTO,WINDSOR,2025-07-12,1,Oakville,OAKV,2025-07-12T15:53:40Z,2025-07-12T15:51:00Z,ARR,goo,2.0
73,True,True,TORONTO,WINDSOR,2025-07-12,2,Aldershot,ALDR,2025-07-12T16:09:50Z,2025-07-12T16:09:00Z,ARR,goo,0.0
73,True,True,TORONTO,WINDSOR,2025-07-12,3,Brantford,BRTF,2025-07-12T16:44:13Z,2025-07-12T16:40:00Z,ARR,goo,4.0
73,True,True,TORONTO,WINDSOR,2025-07-12,4,Woodstock,WDST,2025-07-12T17:14:02Z,2025-07-12T17:09:00Z,ARR,med,5.0
73,True,True,TORONTO,WINDSOR,2025-07-12,5,London,LNDN,2025-07-12T17:47:03Z,2025-07-12T17:38:00Z,ARR,med,9.0
73,True,True,TORONTO,WINDSOR,2025-07-12,6,Chatham,CHAT,2025-07-12T19:05:54Z,2025-07-12T18:50:00Z,ARR,bad,15.0
73,True,True,TORONTO,WINDSOR,2025-07-12,7,Windsor,WDON,2025-07-12T19:51:12Z,2025-07-12T19:45:00Z,ARR,med,6.0
76,True,True,WINDSOR,TORONTO,2025-07-12,0,Windsor,WDON,2025-07-12T17:06:02Z,2025-07-12T17:06:00Z,ARR,goo,0.0
76,True,True,WINDSOR,TORONTO,2025-07-12,1,Chatham,CHAT,2025-07-12T17:52:11Z,2025-07-12T17:48:00Z,ARR,goo,4.0
76,True,True,WINDSOR,TORONTO,2025-07-12,2,Glencoe,GLNC,2025-07-12T19:09:36Z,2025-07-12T18:23:00Z,ARR,bad,46.0
76,True,True,WINDSOR,TORONTO,2025-07-12,3,London,LNDN,2025-07-12T19:46:27Z,2025-07-12T18:58:00Z,ARR,bad,48.0
76,True,True,WINDSOR,TORONTO,2025-07-12,4,Brantford,BRTF,2025-07-12T20:44:07Z,2025-07-12T19:59:00Z,ARR,bad,45.0
76,True,True,WINDSOR,TORONTO,2025-07-12,5,Aldershot,ALDR,2025-07-12T21:16:08Z,2025-07-12T20:30:00Z,ARR,bad,46.0
76,True,True,WINDSOR,TORONTO,2025-07-12,6,Oakville,OAKV,2025-07-12T21:32:21Z,2025-07-12T20:47:00Z,ARR,bad,45.0
76,True,True,WINDSOR,TORONTO,2025-07-12,7,Toronto,TRTO,2025-07-12T22:09:01Z,2025-07-12T21:13:00Z,ARR,bad,56.0
82,True,True,LONDON,TORONTO,2025-07-12,0,London,LNDN,2025-07-12T10:25:00Z,2025-07-12T10:25:00Z,ARR,goo,0.0
82,True,True,LONDON,TORONTO,2025-07-12,1,Woodstock,WDST,2025-07-12T10:55:10Z,2025-07-12T10:53:00Z,ARR,goo,2.0
82,True,True,LONDON,TORONTO,2025-07-12,2,Brantford,BRTF,2025-07-12T11:23:02Z,2025-07-12T11:23:00Z,ARR,goo,0.0
82,True,True,LONDON,TORONTO,2025-07-12,3,Toronto,TRTO,2025-07-12T12:29:04Z,2025-07-12T12:35:00Z,ARR,goo,-5.0
84,True,True,SARNIA,TORONTO,2025-07-12,0,Sarnia,SARN,2025-07-12T12:40:00Z,2025-07-12T12:40:00Z,ARR,goo,0.0
84,True,True,SARNIA,TORONTO,2025-07-12,1,Wyoming,WYOM,2025-07-12T12:58:23Z,2025-07-12T12:55:00Z,ARR,goo,3.0
84,True,True,SARNIA,TORONTO,2025-07-12,2,Strathroy,STRR,2025-07-12T13:26:32Z,2025-07-12T13:27:00Z,ARR,goo,0.0
84,True,True,SARNIA,TORONTO,2025-07-12,3,London,LNDN,2025-07-12T13:53:19Z,2025-07-12T13:52:00Z,ARR,goo,1.0
84,True,True,SARNIA,TORONTO,2025-07-12,4,St.Marys,SMYS,2025-07-12T15:02:06Z,2025-07-12T14:45:00Z,ARR,bad,17.0
84,True,True,SARNIA,TORONTO,2025-07-12,5,Stratford,STRF,2025-07-12T15:31:01Z,2025-07-12T15:14:00Z,ARR,bad,17.0
84,True,True,SARNIA,TORONTO,2025-07-12,6,Kitchener,KITC,2025-07-12T16:25:26Z,2025-07-12T16:02:00Z,ARR,bad,23.0
84,True,True,SARNIA,TORONTO,2025-07-12,7,Guelph,GUEL,2025-07-12T16:49:50Z,2025-07-12T16:24:00Z,ARR,bad,25.0
84,True,True,SARNIA,TORONTO,2025-07-12,8,Georgetown,GEOR,2025-07-12T17:13:56Z,2025-07-12T16:47:00Z,ARR,bad,26.0
84,True,True,SARNIA,TORONTO,2025-07-12,9,Brampton,BRMP,2025-07-12T17:27:00Z,2025-07-12T16:59:00Z,ARR,bad,28.0
84,True,True,SARNIA,TORONTO,2025-07-12,10,Malton,MALT,2025-07-12T17:41:37Z,2025-07-12T17:11:00Z,ARR,bad,30.0
84,True,True,SARNIA,TORONTO,2025-07-12,11,Toronto,TRTO,2025-07-12T18:03:40Z,2025-07-12T17:38:00Z,ARR,bad,25.0
644,True,True,TORONTO,OTTAWA,2025-07-12,0,Toronto,TRTO,2025-07-12T17:23:00Z,2025-07-12T17:23:00Z,ARR,goo,0.0
644,True,True,TORONTO,OTTAWA,2025-07-12,1,Oshawa,OSHA,2025-07-12T17:59:09Z,2025-07-12T17:53:00Z,ARR,med,6.0
644,True,True,TORONTO,OTTAWA,2025-07-12,2,Cobourg,CBRG,2025-07-12T18:41:44Z,2025-07-12T18:28:00Z,ARR,med,13.0
644,True,True,TORONTO,OTTAWA,2025-07-12,3,Belleville,BLVL,2025-07-12T19:28:17Z,2025-07-12T19:03:00Z,ARR,bad,25.0
644,True,True,TORONTO,OTTAWA,2025-07-12,4,Kingston,KGON,2025-07-12T20:19:19Z,2025-07-12T19:43:00Z,ARR,bad,36.0
644,True,True,TORONTO,OTTAWA,2025-07-12,5,Fallowfield,FALL,2025-07-12T22:07:12Z,2025-07-12T21:30:00Z,ARR,bad,37.0
644,True,True,TORONTO,OTTAWA,2025-07-12,6,Ottawa,OTTW,2025-07-12T22:27:41Z,2025-07-12T21:53:00Z,ARR,bad,34.0
62,True,True,TORONTO,MONTRÉAL,2025-07-12,0,Toronto,TRTO,2025-07-12T12:32:00Z,2025-07-12T12:32:00Z,ARR,goo,0.0
62,True,True,TORONTO,MONTRÉAL,2025-07-12,1,Guildwood,GUIL,2025-07-12T12:48:29Z,2025-07-12T12:50:00Z,ARR,goo,-1.0
62,True,True,TORONTO,MONTRÉAL,2025-07-12,2,Oshawa,OSHA,2025-07-12T13:08:19Z,2025-07-12T13:09:00Z,ARR,goo,0.0
62,True,True,TORONTO,MONTRÉAL,2025-07-12,3,Cobourg,CBRG,2025-07-12T13:50:09Z,2025-07-12T13:44:00Z,ARR,med,6.0
62,True,True,TORONTO,MONTRÉAL,2025-07-12,4,Belleville,BLVL,2025-07-12T14:29:20Z,2025-07-12T14:20:00Z,ARR,med,9.0
62,True,True,TORONTO,MONTRÉAL,2025-07-12,5,Kingston,KGON,2025-07-12T15:10:02Z,2025-07-12T15:00:00Z,ARR,med,10.0
62,True,True,TORONTO,MONTRÉAL,2025-07-12,6,Cornwall,CWLL,2025-07-12T16:53:20Z,2025-07-12T16:43:00Z,ARR,med,10.0
62,True,True,TORONTO,MONTRÉAL,2025-07-12,7,Dorval,DORV,2025-07-12T18:06:30Z,2025-07-12T17:34:00Z,ARR,bad,32.0
62,True,True,TORONTO,MONTRÉAL,2025-07-12,8,Montréal,MTRL,2025-07-12T18:33:47Z,2025-07-12T18:00:00Z,ARR,bad,33.0
643,True,True,OTTAWA,TORONTO,2025-07-12,0,Ottawa,OTTW,2025-07-12T12:33:00Z,2025-07-12T12:29:00Z,ARR,goo,4.0
643,True,True,OTTAWA,TORONTO,2025-07-12,1,Fallowfield,FALL,2025-07-12T12:50:48Z,2025-07-12T12:45:00Z,ARR,med,5.0
643,True,True,OTTAWA,TORONTO,2025-07-12,2,Smiths Falls,SMTF,2025-07-12T13:20:52Z,2025-07-12T13:17:00Z,ARR,goo,3.0
643,True,True,OTTAWA,TORONTO,2025-07-12,3,Brockville,BRKV,2025-07-12T13:53:37Z,2025-07-12T13:49:00Z,ARR,goo,4.0
643,True,True,OTTAWA,TORONTO,2025-07-12,4,Kingston,KGON,2025-07-12T14:46:48Z,2025-07-12T14:32:00Z,ARR,med,14.0
643,True,True,OTTAWA,TORONTO,2025-07-12,5,Napanee,NAPN,2025-07-12T15:12:50Z,2025-07-12T14:57:00Z,ARR,bad,15.0
643,True,True,OTTAWA,TORONTO,2025-07-12,6,Belleville,BLVL,2025-07-12T15:42:01Z,2025-07-12T15:17:00Z,ARR,bad,25.0
643,True,True,OTTAWA,TORONTO,2025-07-12,7,Trenton Jct.,TRNJ,2025-07-12T15:58:43Z,2025-07-12T15:31:00Z,ARR,bad,27.0
643,True,True,OTTAWA,TORONTO,2025-07-12,8,Cobourg,CBRG,2025-07-12T16:39:46Z,2025-07-12T15:57:00Z,ARR,bad,42.0
643,True,True,OTTAWA,TORONTO,2025-07-12,9,Port Hope,PHOP,2025-07-12T16:51:40Z,2025-07-12T16:07:00Z,ARR,bad,44.0
643,True,True,OTTAWA,TORONTO,2025-07-12,10,Oshawa,OSHA,2025-07-12T17:28:49Z,2025-07-12T16:35:00Z,ARR,bad,53.0
643,True,True,OTTAWA,TORONTO,2025-07-12,11,Guildwood,GUIL,2025-07-12T17:52:55Z,2025-07-12T16:58:00Z,ARR,bad,54.0
643,True,True,OTTAWA,TORONTO,2025-07-12,12,Toronto,TRTO,2025-07-12T18:15:48Z,2025-07-12T17:18:00Z,ARR,bad,57.0
97,True,True,TORONTO,NIAGARA FALLS,2025-07-12,0,Toronto,TRTO,2025-07-12T12:20:00Z,2025-07-12T12:20:00Z,ARR,goo,0.0
97,True,True,TORONTO,NIAGARA FALLS,2025-07-12,1,Oakville,OAKV,2025-07-12T12:43:00Z,2025-07-12T12:43:00Z,ARR,goo,0.0
97,True,True,TORONTO,NIAGARA FALLS,2025-07-12,2,Aldershot,ALDR,2025-07-12T12:56:00Z,2025-07-12T12:56:00Z,ARR,goo,0.0
97,True,True,TORONTO,NIAGARA FALLS,2025-07-12,3,Grimsby,GRIM,2025-07-12T13:37:00Z,2025-07-12T13:37:00Z,ARR,goo,0.0
97,True,True,TORONTO,NIAGARA FALLS,2025-07-12,4,St. Catharines,SCAT,2025-07-12T13:57:00Z,2025-07-12T13:57:00Z,ARR,goo,0.0
97,True,True,TORONTO,NIAGARA FALLS,2025-07-12,5,Niagara Falls,NIAG,2025-07-12T14:20:00Z,2025-07-12T14:20:00Z,ARR,goo,0.0
633,True,True,MONTRÉAL,OTTAWA,2025-07-12,0,Montréal,MTRL,2025-07-12T13:00:00Z,2025-07-12T13:00:00Z,ARR,goo,0.0
633,True,True,MONTRÉAL,OTTAWA,2025-07-12,1,Dorval,DORV,2025-07-12T13:23:03Z,2025-07-12T13:24:00Z,ARR,goo,0.0
633,True,True,MONTRÉAL,OTTAWA,2025-07-12,2,Alexandria,ALEX,2025-07-12T14:11:27Z,2025-07-12T14:11:00Z,ARR,goo,0.0
633,True,True,MONTRÉAL,OTTAWA,2025-07-12,3,Casselman,CSLM,2025-07-12T14:41:37Z,2025-07-12T14:34:00Z,ARR,med,7.0
633,True,True,MONTRÉAL,OTTAWA,2025-07-12,4,Ottawa,OTTW,2025-07-12T15:07:18Z,2025-07-12T15:05:00Z,ARR,goo,2.0
622,True,True,MONTRÉAL,QUÉBEC,2025-07-12,0,Montréal,MTRL,2025-07-12T12:20:00Z,2025-07-12T12:20:00Z,ARR,goo,0.0
622,True,True,MONTRÉAL,QUÉBEC,2025-07-12,1,St. Lambert,SLAM,2025-07-12T12:35:09Z,2025-07-12T12:33:00Z,ARR,goo,2.0
622,True,True,MONTRÉAL,QUÉBEC,2025-07-12,2,St. Hyacinthe,SHYA,2025-07-12T13:08:51Z,2025-07-12T13:00:00Z,ARR,med,8.0
622,True,True,MONTRÉAL,QUÉBEC,2025-07-12,3,Drummondville,DRMV,2025-07-12T13:45:26Z,2025-07-12T13:29:00Z,ARR,bad,16.0
622,True,True,MONTRÉAL,QUÉBEC,2025-07-12,4,Ste-Foy,SFOY,2025-07-12T15:35:09Z,2025-07-12T15:11:00Z,ARR,bad,24.0
622,True,True,MONTRÉAL,QUÉBEC,2025-07-12,5,Québec,QBEC,2025-07-12T16:12:21Z,2025-07-12T15:39:00Z,ARR,bad,33.0
45,True,True,OTTAWA,TORONTO,2025-07-12,0,Ottawa,OTTW,2025-07-12T14:24:00Z,2025-07-12T14:24:00Z,ARR,goo,0.0
45,True,True,OTTAWA,TORONTO,2025-07-12,1,Fallowfield,FALL,2025-07-12T14:41:40Z,2025-07-12T14:40:00Z,ARR,goo,1.0
45,True,True,OTTAWA,TORONTO,2025-07-12,2,Kingston,KGON,2025-07-12T16:35:08Z,2025-07-12T16:26:00Z,ARR,med,9.0
45,True,True,OTTAWA,TORONTO,2025-07-12,3,Toronto,TRTO,2025-07-12T19:45:43Z,2025-07-12T18:48:00Z,ARR,bad,57.0
185,True,True,SUDBURY,WHITE RIVER,2025-07-12,0,Sudbury,SUDB,2025-07-12T13:00:00Z,2025-07-12T13:00:00Z,ARR,goo,0.0
185,True,True,SUDBURY,WHITE RIVER,2025-07-12,1,Azilda,AZIL,2025-07-12T13:31:12Z,2025-07-12T13:10:00Z,ARR,bad,21.0
185,True,True,SUDBURY,WHITE RIVER,2025-07-12,2,Chelmsford,CHEL,2025-07-12T13:34:26Z,2025-07-12T13:15:00Z,ARR,bad,19.0
185,True,True,SUDBURY,WHITE RIVER,2025-07-12,3,Larchwood,LARC,2025-07-12T13:42:03Z,2025-07-12T13:19:00Z,ARR,bad,23.0
185,True,True,SUDBURY,WHITE RIVER,2025-07-12,4,Levack,LEVA,2025-07-12T13:52:05Z,2025-07-12T13:30:00Z,ARR,bad,22.0
185,True,True,SUDBURY,WHITE RIVER,2025-07-12,5,Cartier,CART,2025-07-12T14:04:31Z,2025-07-12T13:45:00Z,ARR,bad,19.0
185,True,True,SUDBURY,WHITE RIVER,2025-07-12,6,Benny,BENN,2025-07-12T14:27:22Z,2025-07-12T14:05:00Z,ARR,bad,22.0
185,True,True,SUDBURY,WHITE RIVER,2025-07-12,7,Stralak,STRL,2025-07-12T14:32:22Z,2025-07-12T14:12:00Z,ARR,bad,20.0
185,True,True,SUDBURY,WHITE RIVER,2025-07-12,8,Pogamasing,POGA,2025-07-12T14:43:11Z,2025-07-12T14:25:00Z,ARR,bad,18.0
185,True,True,SUDBURY,WHITE RIVER,2025-07-12,9,Sheahan,SHEA,2025-07-12T14:48:53Z,2025-07-12T14:30:00Z,ARR,bad,18.0
185,True,True,SUDBURY,WHITE RIVER,2025-07-12,10,Forks,FRKS,2025-07-12T15:02:23Z,2025-07-12T14:40:00Z,ARR,bad,22.0
185,True,True,SUDBURY,WHITE RIVER,2025-07-12,11,Metagama,MTGM,2025-07-12T15:12:23Z,2025-07-12T14:50:00Z,ARR,bad,22.0
185,True,True,SUDBURY,WHITE RIVER,2025-07-12,12,Sinker,SNKR,2025-07-12T15:17:23Z,2025-07-12T14:55:00Z,ARR,bad,22.0
185,True,True,SUDBURY,WHITE RIVER,2025-07-12,13,Biscotasing,BISC,2025-07-12T16:02:45Z,2025-07-12T15:20:00Z,ARR,bad,42.0
185,True,True,SUDBURY,WHITE RIVER,2025-07-12,14,Roberts,RBRT,2025-07-12T16:12:45Z,2025-07-12T15:30:00Z,ARR,bad,42.0
185,True,True,SUDBURY,WHITE RIVER,2025-07-12,15,Ramsey,RAMS,2025-07-12T16:27:45Z,2025-07-12T15:45:00Z,ARR,bad,42.0
185,True,True,SUDBURY,WHITE RIVER,2025-07-12,16,Woman River,WOMR,2025-07-12T16:46:49Z,2025-07-12T16:05:00Z,ARR,bad,41.0
185,True,True,SUDBURY,WHITE RIVER,2025-07-12,17,Sultan,SULT,2025-07-12T17:01:49Z,2025-07-12T16:20:00Z,ARR,bad,41.0
185,True,True,SUDBURY,WHITE RIVER,2025-07-12,18,Kormak,KORM,2025-07-12T17:16:49Z,2025-07-12T16:35:00Z,ARR,bad,41.0
185,True,True,SUDBURY,WHITE RIVER,2025-07-12,19,Kinogama,KINO,2025-07-12T17:21:49Z,2025-07-12T16:40:00Z,ARR,bad,41.0
185,True,True,SUDBURY,WHITE RIVER,2025-07-12,20,Nemegos,NEME,2025-07-12T17:31:08Z,2025-07-12T16:55:00Z,ARR,bad,36.0
185,True,True,SUDBURY,WHITE RIVER,2025-07-12,21,Devon,DEVN,2025-07-12T18:11:05Z,2025-07-12T17:05:00Z,ARR,bad,66.0
185,True,True,SUDBURY,WHITE RIVER,2025-07-12,22,Chapleau,CHAP,2025-07-12T18:35:11Z,2025-07-12T17:20:00Z,ARR,bad,75.0
185,True,True,SUDBURY,WHITE RIVER,2025-07-12,23,Esher,ESHR,2025-07-12T19:37:38Z,2025-07-12T17:50:00Z,ARR,bad,107.0
185,True,True,SUDBURY,WHITE RIVER,2025-07-12,24,Musk,MUSK,2025-07-12T19:55:19Z,2025-07-12T18:00:00Z,ARR,bad,115.0
185,True,True,SUDBURY,WHITE RIVER,2025-07-12,25,Nicholson,NICH,2025-07-12T20:01:05Z,2025-07-12T18:10:00Z,ARR,bad,111.0
185,True,True,SUDBURY,WHITE RIVER,2025-07-12,26,Bolkow,BOLK,2025-07-12T20:20:27Z,2025-07-12T18:30:00Z,ARR,bad,110.0
185,True,True,SUDBURY,WHITE RIVER,2025-07-12,27,Dalton,DALT,2025-07-12T20:35:27Z,2025-07-12T18:45:00Z,ARR,bad,110.0
185,True,True,SUDBURY,WHITE RIVER,2025-07-12,28,Missanabie,MSBI,2025-07-12T21:03:26Z,2025-07-12T19:10:00Z,ARR,bad,113.0
185,True,True,SUDBURY,WHITE RIVER,2025-07-12,29,Lochalsh,LOCH,2025-07-12T21:23:26Z,2025-07-12T19:30:00Z,ARR,bad,113.0
185,True,True,SUDBURY,WHITE RIVER,2025-07-12,30,Franz,FRNZ,2025-07-12T21:38:48Z,2025-07-12T19:50:00Z,ARR,bad,108.0
185,True,True,SUDBURY,WHITE RIVER,2025-07-12,31,Swanson,SWAN,2025-07-12T22:02:02Z,2025-07-12T20:00:00Z,ARR,bad,122.0
185,True,True,SUDBURY,WHITE RIVER,2025-07-12,32,Girdwood,GIRD,2025-07-12T22:23:19Z,2025-07-12T20:25:00Z,ARR,bad,118.0
185,True,True,SUDBURY,WHITE RIVER,2025-07-12,33,Amyot,AMYO,2025-07-12T22:31:06Z,2025-07-12T20:35:00Z,ARR,bad,116.0
185,True,True,SUDBURY,WHITE RIVER,2025-07-12,34,O'Brien,OBRI,2025-07-12T22:45:40Z,2025-07-12T20:50:00Z,ARR,bad,115.0
185,True,True,SUDBURY,WHITE RIVER,2025-07-12,35,White River,WHTR,2025-07-12T22:58:08Z,2025-07-12T21:05:00Z,ARR,bad,113.0
637,True,True,QUÉBEC,OTTAWA,2025-07-12,0,Québec,QBEC,2025-07-12T14:00:00Z,2025-07-12T14:00:00Z,ARR,goo,0.0
637,True,True,QUÉBEC,OTTAWA,2025-07-12,1,Ste-Foy,SFOY,2025-07-12T14:30:17Z,2025-07-12T14:25:00Z,ARR,med,5.0
637,True,True,QUÉBEC,OTTAWA,2025-07-12,2,Drummondville,DRMV,2025-07-12T16:15:17Z,2025-07-12T16:08:00Z,ARR,med,7.0
637,True,True,QUÉBEC,OTTAWA,2025-07-12,3,St. Lambert,SLAM,2025-07-12T17:25:04Z,2025-07-12T17:16:00Z,ARR,med,9.0
637,True,True,QUÉBEC,OTTAWA,2025-07-12,4,Montréal,MTRL,2025-07-12T17:41:26Z,2025-07-12T17:31:00Z,ARR,med,10.0
637,True,True,QUÉBEC,OTTAWA,2025-07-12,5,Dorval,DORV,2025-07-12T18:33:04Z,2025-07-12T18:20:00Z,ARR,med,13.0
637,True,True,QUÉBEC,OTTAWA,2025-07-12,6,Alexandria,ALEX,2025-07-12T19:31:58Z,2025-07-12T19:10:00Z,ARR,bad,21.0
637,True,True,QUÉBEC,OTTAWA,2025-07-12,7,Ottawa,OTTW,2025-07-12T20:29:43Z,2025-07-12T19:56:00Z,ARR,bad,33.0
63,True,True,MONTRÉAL,TORONTO,2025-07-12,0,Montréal,MTRL,2025-07-12T12:46:00Z,2025-07-12T12:46:00Z,ARR,goo,0.0
63,True,True,MONTRÉAL,TORONTO,2025-07-12,1,Dorval,DORV,2025-07-12T13:09:41Z,2025-07-12T13:11:00Z,ARR,goo,-1.0
63,True,True,MONTRÉAL,TORONTO,2025-07-12,2,Cornwall,CWLL,2025-07-12T13:59:21Z,2025-07-12T14:04:00Z,ARR,goo,-4.0
63,True,True,MONTRÉAL,TORONTO,2025-07-12,3,Brockville,BRKV,2025-07-12T14:52:28Z,2025-07-12T14:54:00Z,ARR,goo,-1.0
63,True,True,MONTRÉAL,TORONTO,2025-07-12,4,Kingston,KGON,2025-07-12T15:41:56Z,2025-07-12T15:39:00Z,ARR,goo,2.0
63,True,True,MONTRÉAL,TORONTO,2025-07-12,5,Belleville,BLVL,2025-07-12T16:23:26Z,2025-07-12T16:20:00Z,ARR,goo,3.0
63,True,True,MONTRÉAL,TORONTO,2025-07-12,6,Cobourg,CBRG,2025-07-12T17:02:59Z,2025-07-12T16:58:00Z,ARR,goo,4.0
63,True,True,MONTRÉAL,TORONTO,2025-07-12,7,Oshawa,OSHA,2025-07-12T17:37:35Z,2025-07-12T17:34:00Z,ARR,goo,3.0
63,True,True,MONTRÉAL,TORONTO,2025-07-12,8,Guildwood,GUIL,2025-07-12T18:01:50Z,2025-07-12T17:58:00Z,ARR,goo,3.0
63,True,True,MONTRÉAL,TORONTO,2025-07-12,9,Toronto,TRTO,2025-07-12T18:26:32Z,2025-07-12T18:18:00Z,ARR,med,8.0
47,True,True,OTTAWA,TORONTO,2025-07-12,0,Ottawa,OTTW,2025-07-12T16:23:00Z,2025-07-12T16:23:00Z,ARR,goo,0.0
47,True,True,OTTAWA,TORONTO,2025-07-12,1,Fallowfield,FALL,2025-07-12T16:37:51Z,2025-07-12T16:40:00Z,ARR,goo,-2.0
47,True,True,OTTAWA,TORONTO,2025-07-12,2,Smiths Falls,SMTF,2025-07-12T17:15:46Z,2025-07-12T17:18:00Z,ARR,goo,-2.0
47,True,True,OTTAWA,TORONTO,2025-07-12,3,Brockville,BRKV,2025-07-12T17:50:17Z,2025-07-12T17:54:00Z,ARR,goo,-3.0
47,True,True,OTTAWA,TORONTO,2025-07-12,4,Gananoque,GANA,2025-07-12T18:24:06Z,2025-07-12T18:22:00Z,ARR,goo,2.0
47,True,True,OTTAWA,TORONTO,2025-07-12,5,Kingston,KGON,2025-07-12T18:46:31Z,2025-07-12T18:45:00Z,ARR,goo,1.0
47,True,True,OTTAWA,TORONTO,2025-07-12,6,Belleville,BLVL,2025-07-12T19:28:41Z,2025-07-12T19:26:00Z,ARR,goo,2.0
47,True,True,OTTAWA,TORONTO,2025-07-12,7,Oshawa,OSHA,2025-07-12T20:53:25Z,2025-07-12T20:33:00Z,ARR,bad,20.0
47,True,True,OTTAWA,TORONTO,2025-07-12,8,Guildwood,GUIL,2025-07-12T21:45:10Z,2025-07-12T20:58:00Z,ARR,bad,47.0
47,True,True,OTTAWA,TORONTO,2025-07-12,9,Toronto,TRTO,2025-07-12T22:12:27Z,2025-07-12T21:30:00Z,ARR,bad,42.0
624,True,True,OTTAWA,QUÉBEC,2025-07-12,0,Ottawa,OTTW,2025-07-12T11:45:00Z,2025-07-12T11:45:00Z,ARR,goo,0.0
624,True,True,OTTAWA,QUÉBEC,2025-07-12,1,Alexandria,ALEX,2025-07-12T12:31:34Z,2025-07-12T12:31:00Z,ARR,goo,0.0
624,True,True,OTTAWA,QUÉBEC,2025-07-12,2,Dorval,DORV,2025-07-12T13:19:22Z,2025-07-12T13:16:00Z,ARR,goo,3.0
624,True,True,OTTAWA,QUÉBEC,2025-07-12,3,Montréal,MTRL,2025-07-12T13:43:08Z,2025-07-12T13:39:00Z,ARR,goo,4.0
624,True,True,OTTAWA,QUÉBEC,2025-07-12,4,St. Lambert,SLAM,2025-07-12T14:28:54Z,2025-07-12T14:28:00Z,ARR,goo,0.0
624,True,True,OTTAWA,QUÉBEC,2025-07-12,5,St. Hyacinthe,SHYA,2025-07-12T15:01:37Z,2025-07-12T15:06:00Z,ARR,goo,-4.0
624,True,True,OTTAWA,QUÉBEC,2025-07-12,6,Drummondville,DRMV,2025-07-12T15:36:12Z,2025-07-12T15:34:00Z,ARR,goo,2.0
624,True,True,OTTAWA,QUÉBEC,2025-07-12,7,Charny,CHNY,2025-07-12T17:19:52Z,2025-07-12T17:13:00Z,ARR,med,6.0
624,True,True,OTTAWA,QUÉBEC,2025-07-12,8,Ste-Foy,SFOY,2025-07-12T17:42:35Z,2025-07-12T17:20:00Z,ARR,bad,22.0
624,True,True,OTTAWA,QUÉBEC,2025-07-12,9,Québec,QBEC,2025-07-12T18:16:34Z,2025-07-12T17:48:00Z,ARR,bad,28.0
40,True,True,TORONTO,OTTAWA,2025-07-12,0,Toronto,TRTO,2025-07-12T14:39:15Z,2025-07-12T14:38:00Z,ARR,goo,1.0
40,True,True,TORONTO,OTTAWA,2025-07-12,1,Belleville,BLVL,2025-07-12T16:23:09Z,2025-07-12T16:09:00Z,ARR,med,14.0
40,True,True,TORONTO,OTTAWA,2025-07-12,2,Kingston,KGON,2025-07-12T17:11:27Z,2025-07-12T16:48:00Z,ARR,bad,23.0
40,True,True,TORONTO,OTTAWA,2025-07-12,3,Fallowfield,FALL,2025-07-12T18:57:12Z,2025-07-12T18:38:00Z,ARR,bad,19.0
40,True,True,TORONTO,OTTAWA,2025-07-12,4,Ottawa,OTTW,2025-07-12T19:18:53Z,2025-07-12T19:02:00Z,ARR,bad,16.0
35,True,True,QUÉBEC,OTTAWA,2025-07-12,0,Québec,QBEC,2025-07-12T12:06:00Z,2025-07-12T12:06:00Z,ARR,goo,0.0
35,True,True,QUÉBEC,OTTAWA,2025-07-12,1,Ste-Foy,SFOY,2025-07-12T12:39:12Z,2025-07-12T12:31:00Z,ARR,med,8.0
35,True,True,QUÉBEC,OTTAWA,2025-07-12,2,Charny,CHNY,2025-07-12T12:49:00Z,2025-07-12T12:40:00Z,ARR,med,9.0
35,True,True,QUÉBEC,OTTAWA,2025-07-12,3,Drummondville,DRMV,2025-07-12T14:29:30Z,2025-07-12T14:14:00Z,ARR,bad,15.0
35,True,True,QUÉBEC,OTTAWA,2025-07-12,4,St. Hyacinthe,SHYA,2025-07-12T15:06:19Z,2025-07-12T14:44:00Z,ARR,bad,22.0
35,True,True,QUÉBEC,OTTAWA,2025-07-12,5,St. Lambert,SLAM,2025-07-12T15:44:10Z,2025-07-12T15:11:00Z,ARR,bad,33.0
35,True,True,QUÉBEC,OTTAWA,2025-07-12,6,Montréal,MTRL,2025-07-12T15:59:25Z,2025-07-12T15:26:00Z,ARR,bad,33.0
35,True,True,QUÉBEC,OTTAWA,2025-07-12,7,Dorval,DORV,2025-07-12T16:52:11Z,2025-07-12T16:18:00Z,ARR,bad,34.0
35,True,True,QUÉBEC,OTTAWA,2025-07-12,8,Coteau,COTO,2025-07-12T17:23:43Z,2025-07-12T16:46:00Z,ARR,bad,37.0
35,True,True,QUÉBEC,OTTAWA,2025-07-12,9,Alexandria,ALEX,2025-07-12T17:44:14Z,2025-07-12T17:08:00Z,ARR,bad,36.0
35,True,True,QUÉBEC,OTTAWA,2025-07-12,10,Casselman,CSLM,2025-07-12T18:07:35Z,2025-07-12T17:31:00Z,ARR,bad,36.0
35,True,True,QUÉBEC,OTTAWA,2025-07-12,11,Ottawa,OTTW,2025-07-12T18:39:32Z,2025-07-12T17:58:00Z,ARR,bad,41.0
26,True,True,OTTAWA,QUÉBEC,2025-07-12,0,Ottawa,OTTW,2025-07-12T18:17:00Z,2025-07-12T18:17:00Z,ARR,goo,0.0
26,True,True,OTTAWA,QUÉBEC,2025-07-12,1,Alexandria,ALEX,2025-07-12T19:01:26Z,2025-07-12T19:03:00Z,ARR,goo,-1.0
26,True,True,OTTAWA,QUÉBEC,2025-07-12,2,Coteau,COTO,2025-07-12T19:24:15Z,2025-07-12T19:26:00Z,ARR,goo,-1.0
26,True,True,OTTAWA,QUÉBEC,2025-07-12,3,Dorval,DORV,2025-07-12T19:54:51Z,2025-07-12T19:49:00Z,ARR,med,5.0
26,True,True,OTTAWA,QUÉBEC,2025-07-12,4,Montréal,MTRL,2025-07-12T20:20:39Z,2025-07-12T20:15:00Z,ARR,med,5.0
26,True,True,OTTAWA,QUÉBEC,2025-07-12,5,St. Lambert,SLAM,2025-07-12T21:02:22Z,2025-07-12T20:53:00Z,ARR,med,9.0
26,True,True,OTTAWA,QUÉBEC,2025-07-12,6,St. Hyacinthe,SHYA,2025-07-12T21:41:36Z,2025-07-12T21:20:00Z,ARR,bad,21.0
26,True,True,OTTAWA,QUÉBEC,2025-07-12,7,Drummondville,DRMV,2025-07-12T22:55:31Z,2025-07-12T22:05:00Z,ARR,bad,50.0
26,True,True,OTTAWA,QUÉBEC,2025-07-12,8,Charny,CHNY,2025-07-13T00:44:16Z,2025-07-12T23:44:00Z,ARR,bad,60.0
26,True,True,OTTAWA,QUÉBEC,2025-07-12,9,Ste-Foy,SFOY,2025-07-13T00:51:53Z,2025-07-12T23:52:00Z,ARR,bad,59.0
26,True,True,OTTAWA,QUÉBEC,2025-07-12,10,Québec,QBEC,2025-07-13T01:30:12Z,2025-07-13T00:19:00Z,ARR,bad,71.0
39,True,True,QUÉBEC,OTTAWA,2025-07-12,0,Québec,QBEC,2025-07-12T18:57:00Z,2025-07-12T18:57:00Z,ARR,goo,0.0
39,True,True,QUÉBEC,OTTAWA,2025-07-12,1,Ste-Foy,SFOY,2025-07-12T19:39:24Z,2025-07-12T19:22:00Z,ARR,bad,17.0
39,True,True,QUÉBEC,OTTAWA,2025-07-12,2,Drummondville,DRMV,2025-07-12T21:53:55Z,2025-07-12T20:58:00Z,ARR,bad,55.0
39,True,True,QUÉBEC,OTTAWA,2025-07-12,3,St. Lambert,SLAM,2025-07-12T23:37:32Z,2025-07-12T21:57:00Z,ARR,bad,100.0
39,True,True,QUÉBEC,OTTAWA,2025-07-12,4,Montréal,MTRL,2025-07-12T23:53:02Z,2025-07-12T22:11:00Z,ARR,bad,102.0
39,True,True,QUÉBEC,OTTAWA,2025-07-12,5,Dorval,DORV,2025-07-13T00:48:28Z,2025-07-12T23:14:00Z,ARR,bad,94.0
39,True,True,QUÉBEC,OTTAWA,2025-07-12,6,Coteau,COTO,2025-07-13T01:23:21Z,2025-07-12T23:43:00Z,ARR,bad,100.0
39,True,True,QUÉBEC,OTTAWA,2025-07-12,7,Alexandria,ALEX,2025-07-13T01:42:18Z,2025-07-13T00:06:00Z,ARR,bad,96.0
39,True,True,QUÉBEC,OTTAWA,2025-07-12,8,Ottawa,OTTW,2025-07-13T02:28:10Z,2025-07-13T00:51:00Z,ARR,bad,97.0
66,True,True,TORONTO,MONTRÉAL,2025-07-12,0,Toronto,TRTO,2025-07-12T19:23:40Z,2025-07-12T19:23:00Z,ARR,goo,0.0
66,True,True,TORONTO,MONTRÉAL,2025-07-12,1,Guildwood,GUIL,2025-07-12T19:49:25Z,2025-07-12T19:40:00Z,ARR,med,9.0
66,True,True,TORONTO,MONTRÉAL,2025-07-12,2,Oshawa,OSHA,2025-07-12T20:14:22Z,2025-07-12T19:54:00Z,ARR,bad,20.0
66,True,True,TORONTO,MONTRÉAL,2025-07-12,3,Belleville,BLVL,2025-07-12T21:39:56Z,2025-07-12T21:00:00Z,ARR,bad,39.0
66,True,True,TORONTO,MONTRÉAL,2025-07-12,4,Kingston,KGON,2025-07-12T22:50:10Z,2025-07-12T21:40:00Z,ARR,bad,70.0
66,True,True,TORONTO,MONTRÉAL,2025-07-12,5,Cornwall,CWLL,2025-07-13T00:23:39Z,2025-07-12T23:07:00Z,ARR,bad,76.0
66,True,True,TORONTO,MONTRÉAL,2025-07-12,6,Dorval,DORV,2025-07-13T01:34:09Z,2025-07-12T23:58:00Z,ARR,bad,96.0
66,True,True,TORONTO,MONTRÉAL,2025-07-12,7,Montréal,MTRL,2025-07-13T02:07:54Z,2025-07-13T00:25:00Z,ARR,bad,102.0
46,True,True,TORONTO,OTTAWA,2025-07-12,0,Toronto,TRTO,2025-07-12T19:38:00Z,2025-07-12T19:38:00Z,ARR,goo,0.0
46,True,True,TORONTO,OTTAWA,2025-07-12,1,Oshawa,OSHA,2025-07-12T20:22:12Z,2025-07-12T20:09:00Z,ARR,med,13.0
46,True,True,TORONTO,OTTAWA,2025-07-12,2,Cobourg,CBRG,2025-07-12T21:03:14Z,2025-07-12T20:43:00Z,ARR,bad,20.0
46,True,True,TORONTO,OTTAWA,2025-07-12,3,Kingston,KGON,2025-07-12T23:03:31Z,2025-07-12T21:54:00Z,ARR,bad,69.0
46,True,True,TORONTO,OTTAWA,2025-07-12,4,Brockville,BRKV,2025-07-12T23:58:12Z,2025-07-12T22:40:00Z,ARR,bad,78.0
46,True,True,TORONTO,OTTAWA,2025-07-12,5,Fallowfield,FALL,2025-07-13T00:51:51Z,2025-07-12T23:40:00Z,ARR,bad,71.0
46,True,True,TORONTO,OTTAWA,2025-07-12,6,Ottawa,OTTW,2025-07-13T01:11:33Z,2025-07-13T00:00:00Z,ARR,bad,71.0
28,True,True,OTTAWA,QUÉBEC,2025-07-12,0,Ottawa,OTTW,2025-07-12T20:05:00Z,2025-07-12T20:05:00Z,ARR,goo,0.0
28,True,True,OTTAWA,QUÉBEC,2025-07-12,1,Casselman,CSLM,2025-07-12T20:30:03Z,2025-07-12T20:31:00Z,ARR,goo,0.0
28,True,True,OTTAWA,QUÉBEC,2025-07-12,2,Alexandria,ALEX,2025-07-12T20:55:57Z,2025-07-12T20:53:00Z,ARR,goo,2.0
28,True,True,OTTAWA,QUÉBEC,2025-07-12,3,Coteau,COTO,2025-07-12T21:16:41Z,2025-07-12T21:15:00Z,ARR,goo,1.0
28,True,True,OTTAWA,QUÉBEC,2025-07-12,4,Dorval,DORV,2025-07-12T22:21:49Z,2025-07-12T21:38:00Z,ARR,bad,43.0
28,True,True,OTTAWA,QUÉBEC,2025-07-12,5,Montréal,MTRL,2025-07-12T22:50:56Z,2025-07-12T22:04:00Z,ARR,bad,46.0
28,True,True,OTTAWA,QUÉBEC,2025-07-12,6,St. Lambert,SLAM,2025-07-12T23:43:00Z,2025-07-12T22:38:00Z,ARR,bad,65.0
28,True,True,OTTAWA,QUÉBEC,2025-07-12,7,St. Hyacinthe,SHYA,2025-07-13T00:25:00Z,2025-07-12T23:06:00Z,ARR,bad,79.0
28,True,True,OTTAWA,QUÉBEC,2025-07-12,8,Drummondville,DRMV,2025-07-13T01:09:57Z,2025-07-12T23:52:00Z,ARR,bad,77.0
28,True,True,OTTAWA,QUÉBEC,2025-07-12,9,Charny,CHNY,2025-07-13T02:48:25Z,2025-07-13T01:14:00Z,ARR,bad,94.0
28,True,True,OTTAWA,QUÉBEC,2025-07-12,10,Ste-Foy,SFOY,2025-07-13T02:56:45Z,2025-07-13T01:21:00Z,ARR,bad,95.0
28,True,True,OTTAWA,QUÉBEC,2025-07-12,11,Québec,QBEC,2025-07-13T03:34:45Z,2025-07-13T01:48:00Z,ARR,bad,106.0
69,True,True,MONTRÉAL,TORONTO,2025-07-12,0,Montréal,MTRL,2025-07-12T20:38:00Z,2025-07-12T20:38:00Z,ARR,goo,0.0
69,True,True,MONTRÉAL,TORONTO,2025-07-12,1,Dorval,DORV,2025-07-12T21:05:55Z,2025-07-12T21:04:00Z,ARR,goo,1.0
69,True,True,MONTRÉAL,TORONTO,2025-07-12,2,Cornwall,CWLL,2025-07-12T22:46:51Z,2025-07-12T21:53:00Z,ARR,bad,53.0
69,True,True,MONTRÉAL,TORONTO,2025-07-12,3,Brockville,BRKV,2025-07-12T23:52:17Z,2025-07-12T22:40:00Z,ARR,bad,72.0
69,True,True,MONTRÉAL,TORONTO,2025-07-12,4,Kingston,KGON,2025-07-13T00:48:25Z,2025-07-12T23:24:00Z,ARR,bad,84.0
69,True,True,MONTRÉAL,TORONTO,2025-07-12,5,Oshawa,OSHA,2025-07-13T02:47:05Z,2025-07-13T01:05:00Z,ARR,bad,102.0
69,True,True,MONTRÉAL,TORONTO,2025-07-12,6,Guildwood,GUIL,2025-07-13T03:16:23Z,2025-07-13T01:28:00Z,ARR,bad,108.0
69,True,True,MONTRÉAL,TORONTO,2025-07-12,7,Toronto,TRTO,2025-07-13T03:35:22Z,2025-07-13T01:48:00Z,ARR,bad,107.0
68,True,True,TORONTO,MONTRÉAL,2025-07-12,0,Toronto,TRTO,2025-07-12T21:08:05Z,2025-07-12T21:08:00Z,ARR,goo,0.0
68,True,True,TORONTO,MONTRÉAL,2025-07-12,1,Oshawa,OSHA,2025-07-12T21:56:49Z,2025-07-12T21:39:00Z,ARR,bad,17.0
68,True,True,TORONTO,MONTRÉAL,2025-07-12,2,Cobourg,CBRG,2025-07-12T22:32:51Z,2025-07-12T22:14:00Z,ARR,bad,18.0
68,True,True,TORONTO,MONTRÉAL,2025-07-12,3,Belleville,BLVL,2025-07-12T23:26:40Z,2025-07-12T22:49:00Z,ARR,bad,37.0
68,True,True,TORONTO,MONTRÉAL,2025-07-12,4,Kingston,KGON,2025-07-13T00:21:31Z,2025-07-12T23:26:00Z,ARR,bad,55.0
68,True,True,TORONTO,MONTRÉAL,2025-07-12,5,Brockville,BRKV,2025-07-13T01:06:19Z,2025-07-13T00:11:00Z,ARR,bad,55.0
68,True,True,TORONTO,MONTRÉAL,2025-07-12,6,Cornwall,CWLL,2025-07-13T01:52:22Z,2025-07-13T00:57:00Z,ARR,bad,55.0
68,True,True,TORONTO,MONTRÉAL,2025-07-12,7,Dorval,DORV,2025-07-13T02:44:53Z,2025-07-13T01:47:00Z,ARR,bad,57.0
68,True,True,TORONTO,MONTRÉAL,2025-07-12,8,Montréal,MTRL,2025-07-13T03:11:48Z,2025-07-13T02:14:00Z,ARR,bad,57.0
75,True,False,TORONTO,WINDSOR,2025-07-12,0,Toronto,TRTO,2025-07-12T22:09:38Z,2025-07-12T21:22:00Z,ARR,bad,47.0
75,True,False,TORONTO,WINDSOR,2025-07-12,1,Oakville,OAKV,2025-07-12T23:05:18Z,2025-07-12T21:45:00Z,ARR,bad,80.0
75,True,False,TORONTO,WINDSOR,2025-07-12,2,Aldershot,ALDR,2025-07-12T23:30:05Z,2025-07-12T22:01:00Z,ARR,bad,89.0
75,True,False,TORONTO,WINDSOR,2025-07-12,3,Brantford,BRTF,2025-07-13T00:04:21Z,2025-07-12T22:33:00Z,ARR,bad,91.0
75,True,False,TORONTO,WINDSOR,2025-07-12,4,Woodstock,WDST,2025-07-13T00:44:26Z,2025-07-12T23:04:00Z,ARR,bad,100.0
75,True,False,TORONTO,WINDSOR,2025-07-12,5,Ingersoll,INGR,2025-07-13T00:58:35Z,2025-07-12T23:19:00Z,ARR,bad,99.0
75,True,False,TORONTO,WINDSOR,2025-07-12,6,London,LNDN,2025-07-13T01:38:17Z,2025-07-12T23:47:00Z,ARR,bad,111.0
75,True,False,TORONTO,WINDSOR,2025-07-12,7,Glencoe,GLNC,2025-07-13T02:16:11Z,2025-07-13T00:21:00Z,ARR,bad,115.0
75,True,False,TORONTO,WINDSOR,2025-07-12,8,Chatham,CHAT,2025-07-13T03:03:33Z,2025-07-13T00:55:00Z,ARR,bad,128.0
75,True,False,TORONTO,WINDSOR,2025-07-12,9,Windsor,WDON,2025-07-13T03:47:46Z,2025-07-13T01:50:00Z,9 mins,bad,117.0
54,True,True,TORONTO,OTTAWA,2025-07-12,0,Toronto,TRTO,2025-07-12T21:38:33Z,2025-07-12T21:38:00Z,ARR,goo,0.0
54,True,True,TORONTO,OTTAWA,2025-07-12,1,Guildwood,GUIL,2025-07-12T22:09:28Z,2025-07-12T21:55:00Z,ARR,med,14.0
54,True,True,TORONTO,OTTAWA,2025-07-12,2,Oshawa,OSHA,2025-07-12T22:33:35Z,2025-07-12T22:08:00Z,ARR,bad,25.0
54,True,True,TORONTO,OTTAWA,2025-07-12,3,Port Hope,PHOP,2025-07-12T23:18:26Z,2025-07-12T22:37:00Z,ARR,bad,41.0
54,True,True,TORONTO,OTTAWA,2025-07-12,4,Cobourg,CBRG,2025-07-12T23:30:23Z,2025-07-12T22:46:00Z,ARR,bad,44.0
54,True,True,TORONTO,OTTAWA,2025-07-12,5,Trenton Jct.,TRNJ,2025-07-13T00:06:59Z,2025-07-12T23:13:01Z,ARR,bad,53.0
54,True,True,TORONTO,OTTAWA,2025-07-12,6,Belleville,BLVL,2025-07-13T00:21:44Z,2025-07-12T23:27:00Z,ARR,bad,54.0
54,True,True,TORONTO,OTTAWA,2025-07-12,7,Napanee,NAPN,2025-07-13T00:52:52Z,2025-07-12T23:48:00Z,ARR,bad,64.0
54,True,True,TORONTO,OTTAWA,2025-07-12,8,Kingston,KGON,2025-07-13T01:17:14Z,2025-07-13T00:09:00Z,ARR,bad,68.0
54,True,True,TORONTO,OTTAWA,2025-07-12,9,Brockville,BRKV,2025-07-13T02:14:15Z,2025-07-13T00:54:00Z,ARR,bad,80.0
54,True,True,TORONTO,OTTAWA,2025-07-12,10,Smiths Falls,SMTF,2025-07-13T02:45:10Z,2025-07-13T01:25:00Z,ARR,bad,80.0
54,True,True,TORONTO,OTTAWA,2025-07-12,11,Fallowfield,FALL,2025-07-13T03:11:56Z,2025-07-13T01:52:00Z,ARR,bad,79.0
54,True,True,TORONTO,OTTAWA,2025-07-12,12,Ottawa,OTTW,2025-07-13T03:32:50Z,2025-07-13T02:13:00Z,ARR,bad,79.0
98,True,True,NIAGARA FALLS,TORONTO,2025-07-12,0,Niagara Falls,NIAG,2025-07-12T21:45:00Z,2025-07-12T21:45:00Z,ARR,goo,0.0
98,True,True,NIAGARA FALLS,TORONTO,2025-07-12,1,St. Catharines,SCAT,2025-07-12T22:06:00Z,2025-07-12T22:06:00Z,ARR,goo,0.0
98,True,True,NIAGARA FALLS,TORONTO,2025-07-12,2,Grimsby,GRIM,2025-07-12T22:26:00Z,2025-07-12T22:26:00Z,ARR,goo,0.0
98,True,True,NIAGARA FALLS,TORONTO,2025-07-12,3,Aldershot,ALDR,2025-07-12T23:26:00Z,2025-07-12T23:02:00Z,ARR,bad,24.0
98,True,True,NIAGARA FALLS,TORONTO,2025-07-12,4,Oakville,OAKV,2025-07-12T23:40:00Z,2025-07-12T23:16:00Z,ARR,bad,24.0
98,True,True,NIAGARA FALLS,TORONTO,2025-07-12,5,Toronto,TRTO,2025-07-13T00:07:00Z,2025-07-12T23:43:00Z,ARR,bad,24.0
87,True,True,TORONTO,SARNIA,2025-07-12,0,Toronto,TRTO,2025-07-12T21:54:49Z,2025-07-12T21:40:00Z,ARR,med,14.0
87,True,True,TORONTO,SARNIA,2025-07-12,1,Malton,MALT,2025-07-12T22:18:32Z,2025-07-12T22:00:00Z,ARR,bad,18.0
87,True,True,TORONTO,SARNIA,2025-07-12,2,Brampton,BRMP,2025-07-12T22:36:19Z,2025-07-12T22:12:00Z,ARR,bad,24.0
87,True,True,TORONTO,SARNIA,2025-07-12,3,Georgetown,GEOR,2025-07-12T22:51:19Z,2025-07-12T22:24:00Z,ARR,bad,27.0
87,True,True,TORONTO,SARNIA,2025-07-12,4,Guelph,GUEL,2025-07-12T23:14:19Z,2025-07-12T22:49:00Z,ARR,bad,25.0
87,True,True,TORONTO,SARNIA,2025-07-12,5,Kitchener,KITC,2025-07-12T23:36:49Z,2025-07-12T23:16:00Z,ARR,bad,20.0
87,True,True,TORONTO,SARNIA,2025-07-12,6,Stratford,STRF,2025-07-13T00:25:40Z,2025-07-12T23:57:00Z,ARR,bad,28.0
87,True,True,TORONTO,SARNIA,2025-07-12,7,St.Marys,SMYS,2025-07-13T00:55:28Z,2025-07-13T00:25:00Z,ARR,bad,30.0
87,True,True,TORONTO,SARNIA,2025-07-12,8,London,LNDN,2025-07-13T01:57:00Z,2025-07-13T01:13:00Z,ARR,bad,44.0
87,True,True,TORONTO,SARNIA,2025-07-12,9,Strathroy,STRR,2025-07-13T02:22:31Z,2025-07-13T01:39:00Z,ARR,bad,43.0
87,True,True,TORONTO,SARNIA,2025-07-12,10,Wyoming,WYOM,2025-07-13T02:50:46Z,2025-07-13T02:07:00Z,ARR,bad,43.0
87,True,True,TORONTO,SARNIA,2025-07-12,11,Sarnia,SARN,2025-07-13T03:09:06Z,2025-07-13T02:24:00Z,ARR,bad,45.0
29,True,True,QUÉBEC,MONTRÉAL,2025-07-12,0,Québec,QBEC,2025-07-12T22:11:09Z,2025-07-12T21:41:00Z,ARR,bad,30.0
29,True,True,QUÉBEC,MONTRÉAL,2025-07-12,1,Ste-Foy,SFOY,2025-07-12T22:41:44Z,2025-07-12T22:06:00Z,ARR,bad,35.0
29,True,True,QUÉBEC,MONTRÉAL,2025-07-12,2,Drummondville,DRMV,2025-07-13T00:03:13Z,2025-07-12T23:42:00Z,ARR,bad,21.0
29,True,True,QUÉBEC,MONTRÉAL,2025-07-12,3,St. Hyacinthe,SHYA,2025-07-13T01:03:22Z,2025-07-13T00:18:00Z,ARR,bad,45.0
29,True,True,QUÉBEC,MONTRÉAL,2025-07-12,4,St. Lambert,SLAM,2025-07-13T01:34:21Z,2025-07-13T00:45:00Z,ARR,bad,49.0
29,True,True,QUÉBEC,MONTRÉAL,2025-07-12,5,Montréal,MTRL,2025-07-13T01:55:11Z,2025-07-13T01:00:00Z,ARR,bad,55.0
59,True,False,OTTAWA,TORONTO,2025-07-12,0,Ottawa,OTTW,2025-07-12T22:03:00Z,2025-07-12T22:03:00Z,ARR,goo,0.0
59,True,False,OTTAWA,TORONTO,2025-07-12,1,Fallowfield,FALL,2025-07-12T22:26:30Z,2025-07-12T22:20:00Z,ARR,med,6.0
59,True,False,OTTAWA,TORONTO,2025-07-12,2,Smiths Falls,SMTF,2025-07-12T23:06:45Z,2025-07-12T22:51:00Z,ARR,bad,15.0
59,True,False,OTTAWA,TORONTO,2025-07-12,3,Brockville,BRKV,2025-07-12T23:44:33Z,2025-07-12T23:25:00Z,ARR,bad,19.0
59,True,False,OTTAWA,TORONTO,2025-07-12,4,Kingston,KGON,2025-07-13T00:35:05Z,2025-07-13T00:10:00Z,ARR,bad,25.0
59,True,False,OTTAWA,TORONTO,2025-07-12,5,Belleville,BLVL,2025-07-13T01:25:17Z,2025-07-13T00:51:00Z,ARR,bad,34.0
59,True,False,OTTAWA,TORONTO,2025-07-12,6,Trenton Jct.,TRNJ,2025-07-13T01:40:58Z,2025-07-13T01:05:00Z,ARR,bad,35.0
59,True,False,OTTAWA,TORONTO,2025-07-12,7,Cobourg,CBRG,2025-07-13T02:16:43Z,2025-07-13T01:31:00Z,ARR,bad,45.0
59,True,False,OTTAWA,TORONTO,2025-07-12,8,Oshawa,OSHA,2025-07-13T03:01:41Z,2025-07-13T02:05:00Z,ARR,bad,56.0
59,True,False,OTTAWA,TORONTO,2025-07-12,9,Guildwood,GUIL,2025-07-13T03:27:37Z,2025-07-13T02:28:00Z,ARR,bad,59.0
59,True,False,OTTAWA,TORONTO,2025-07-12,10,Toronto,TRTO,2025-07-13T03:47:06Z,2025-07-13T02:48:00Z,9 mins,bad,59.0
78,True,True,WINDSOR,TORONTO,2025-07-12,0,Windsor,WDON,2025-07-12T21:40:00Z,2025-07-12T21:40:00Z,ARR,goo,0.0
78,True,True,WINDSOR,TORONTO,2025-07-12,1,Chatham,CHAT,2025-07-12T22:22:34Z,2025-07-12T22:24:00Z,ARR,goo,-1.0
78,True,True,WINDSOR,TORONTO,2025-07-12,2,Glencoe,GLNC,2025-07-12T23:10:23Z,2025-07-12T22:59:00Z,ARR,med,11.0
78,True,True,WINDSOR,TORONTO,2025-07-12,3,London,LNDN,2025-07-12T23:46:31Z,2025-07-12T23:32:00Z,ARR,med,14.0
78,True,True,WINDSOR,TORONTO,2025-07-12,4,Ingersoll,INGR,2025-07-13T00:16:59Z,2025-07-12T23:57:00Z,ARR,bad,19.0
78,True,True,WINDSOR,TORONTO,2025-07-12,5,Woodstock,WDST,2025-07-13T00:27:31Z,2025-07-13T00:08:00Z,ARR,bad,19.0
78,True,True,WINDSOR,TORONTO,2025-07-12,6,Brantford,BRTF,2025-07-13T01:11:59Z,2025-07-13T00:39:00Z,ARR,bad,32.0
78,True,True,WINDSOR,TORONTO,2025-07-12,7,Aldershot,ALDR,2025-07-13T01:43:35Z,2025-07-13T01:09:00Z,ARR,bad,34.0
78,True,True,WINDSOR,TORONTO,2025-07-12,8,Oakville,OAKV,2025-07-13T02:13:45Z,2025-07-13T01:24:00Z,ARR,bad,49.0
78,True,True,WINDSOR,TORONTO,2025-07-12,9,Toronto,TRTO,2025-07-13T02:43:40Z,2025-07-13T01:50:00Z,ARR,bad,53.0
38,True,True,OTTAWA,MONTRÉAL,2025-07-12,0,Ottawa,OTTW,2025-07-12T21:55:00Z,2025-07-12T21:55:00Z,ARR,goo,0.0
38,True,True,OTTAWA,MONTRÉAL,2025-07-12,1,Casselman,CSLM,2025-07-12T22:21:47Z,2025-07-12T22:26:00Z,ARR,goo,-4.0
38,True,True,OTTAWA,MONTRÉAL,2025-07-12,2,Alexandria,ALEX,2025-07-12T22:43:59Z,2025-07-12T22:49:00Z,ARR,goo,-5.0
38,True,True,OTTAWA,MONTRÉAL,2025-07-12,3,Dorval,DORV,2025-07-12T23:42:15Z,2025-07-12T23:33:00Z,ARR,med,9.0
38,True,True,OTTAWA,MONTRÉAL,2025-07-12,4,Montréal,MTRL,2025-07-13T00:12:01Z,2025-07-12T23:57:00Z,ARR,bad,15.0
79,True,False,TORONTO,WINDSOR,2025-07-12,0,Toronto,TRTO,2025-07-12T23:45:00Z,2025-07-12T23:45:00Z,ARR,goo,0.0
79,True,False,TORONTO,WINDSOR,2025-07-12,1,Oakville,OAKV,2025-07-13T00:10:17Z,2025-07-13T00:07:00Z,ARR,goo,3.0
79,True,False,TORONTO,WINDSOR,2025-07-12,2,Aldershot,ALDR,2025-07-13T00:26:15Z,2025-07-13T00:22:00Z,ARR,goo,4.0
79,True,False,TORONTO,WINDSOR,2025-07-12,3,Brantford,BRTF,2025-07-13T00:58:10Z,2025-07-13T00:50:00Z,ARR,med,8.0
79,True,False,TORONTO,WINDSOR,2025-07-12,4,Woodstock,WDST,2025-07-13T01:30:04Z,2025-07-13T01:17:00Z,ARR,med,13.0
79,True,False,TORONTO,WINDSOR,2025-07-12,5,Ingersoll,INGR,2025-07-13T01:43:07Z,2025-07-13T01:30:00Z,ARR,med,13.0
79,True,False,TORONTO,WINDSOR,2025-07-12,6,London,LNDN,2025-07-13T02:16:10Z,2025-07-13T01:52:00Z,ARR,bad,24.0
79,True,False,TORONTO,WINDSOR,2025-07-12,7,Glencoe,GLNC,2025-07-13T02:54:34Z,2025-07-13T02:25:00Z,ARR,bad,29.0
79,True,False,TORONTO,WINDSOR,2025-07-12,8,Chatham,CHAT,2025-07-13T03:37:16Z,2025-07-13T02:57:00Z,ARR,bad,40.0
79,True,False,TORONTO,WINDSOR,2025-07-12,9,Windsor,WDON,2025-07-13T04:24:16Z,2025-07-13T03:44:00Z,46 mins,bad,40.0
