train_id,departed,arrived,from,to,instance,stop_id,station,code,estimated,scheduled,eta,diff,diffMin
1 (12-03),True,False,TORONTO,VANCOUVER,2025-12-03,0,Toronto,TRTO,2025-12-03T14:55:00Z,2025-12-03T14:55:00Z,ARR,goo,0.0
1 (12-03),True,False,TORONTO,VANCOUVER,2025-12-03,1,Washago,WSHG,2025-12-03T18:47:01Z,2025-12-03T17:25:00Z,ARR,bad,82.0
1 (12-03),True,False,TORONTO,VANCOUVER,2025-12-03,2,South Parry,SPAR,2025-12-03T20:35:45Z,2025-12-03T19:27:00Z,ARR,bad,68.0
1 (12-03),True,False,TORONTO,VANCOUVER,2025-12-03,3,Sudbury (Jct.),SUDJ,2025-12-03T22:57:58Z,2025-12-03T21:57:00Z,ARR,bad,60.0
1 (12-03),True,False,TORONTO,VANCOUVER,2025-12-03,4,Capreol,CAPR,2025-12-03T23:45:30Z,2025-12-03T22:22:00Z,ARR,bad,83.0
1 (12-03),True,False,TORONTO,VANCOUVER,2025-12-03,5,Laforest,LAFO,2025-12-04T01:05:12Z,2025-12-03T23:48:00Z,ARR,bad,77.0
1 (12-03),True,False,TORONTO,VANCOUVER,2025-12-03,6,McKee's Camp,MCKC,2025-12-04T01:18:12Z,2025-12-04T00:01:00Z,ARR,bad,77.0
1 (12-03),True,False,TORONTO,VANCOUVER,2025-12-03,7,Felix,FELX,2025-12-04T01:38:12Z,2025-12-04T00:21:00Z,ARR,bad,77.0
1 (12-03),True,False,TORONTO,VANCOUVER,2025-12-03,8,Ruel,RUEL,2025-12-04T01:45:12Z,2025-12-04T00:28:00Z,ARR,bad,77.0
1 (12-03),True,False,TORONTO,VANCOUVER,2025-12-03,9,Westree,WSTR,2025-12-04T02:07:14Z,2025-12-04T00:45:00Z,ARR,bad,82.0
1 (12-03),True,False,TORONTO,VANCOUVER,2025-12-03,10,Gogama,GOGA,2025-12-04T02:34:40Z,2025-12-04T01:18:00Z,ARR,bad,76.0
1 (12-03),True,False,TORONTO,VANCOUVER,2025-12-03,11,Foleyet,FOLE,2025-12-04T04:29:15Z,2025-12-04T03:44:00Z,ARR,bad,45.0
1 (12-03),True,False,TORONTO,VANCOUVER,2025-12-03,12,Elsas,ELSA,2025-12-04T05:25:32Z,2025-12-04T04:38:00Z,ARR,bad,47.0
1 (12-03),True,False,TORONTO,VANCOUVER,2025-12-03,13,Oba,OBAX,2025-12-04T07:12:10Z,2025-12-04T06:38:00Z,ARR,bad,34.0
1 (12-03),True,False,TORONTO,VANCOUVER,2025-12-03,14,Hornepayne,HNPN,2025-12-04T07:45:58Z,2025-12-04T07:29:00Z,ARR,med,16.0
1 (12-03),True,False,TORONTO,VANCOUVER,2025-12-03,15,Hillsport,HLSP,2025-12-04T10:17:28Z,2025-12-04T09:05:00Z,ARR,bad,72.0
1 (12-03),True,False,TORONTO,VANCOUVER,2025-12-03,16,Caramat,CARA,2025-12-04T10:58:50Z,2025-12-04T09:55:00Z,ARR,bad,63.0
1 (12-03),True,False,TORONTO,VANCOUVER,2025-12-03,17,Longlac,LLAC,2025-12-04T11:53:44Z,2025-12-04T10:34:00Z,ARR,bad,79.0
1 (12-03),True,False,TORONTO,VANCOUVER,2025-12-03,18,Nakina,NAKI,2025-12-04T12:30:46Z,2025-12-04T11:13:00Z,ARR,bad,77.0
1 (12-03),True,False,TORONTO,VANCOUVER,2025-12-03,19,Auden,AUDN,2025-12-04T13:39:06Z,2025-12-04T12:19:00Z,ARR,bad,80.0
1 (12-03),True,False,TORONTO,VANCOUVER,2025-12-03,20,Ferland,FERL,2025-12-04T14:16:06Z,2025-12-04T12:56:00Z,ARR,bad,80.0
1 (12-03),True,False,TORONTO,VANCOUVER,2025-12-03,21,Mud River,MUDR,2025-12-04T14:16:34Z,2025-12-04T13:05:00Z,ARR,bad,71.0
1 (12-03),True,False,TORONTO,VANCOUVER,2025-12-03,22,Armstrong,ARMG,2025-12-04T14:45:03Z,2025-12-04T14:17:00Z,ARR,bad,28.0
1 (12-03),True,False,TORONTO,VANCOUVER,2025-12-03,23,Collins,COLL,2025-12-04T15:32:56Z,2025-12-04T14:47:00Z,ARR,bad,45.0
1 (12-03),True,False,TORONTO,VANCOUVER,2025-12-03,24,Allanwater Bridge,ALWB,2025-12-04T16:37:42Z,2025-12-04T15:26:00Z,ARR,bad,71.0
1 (12-03),True,False,TORONTO,VANCOUVER,2025-12-03,25,Flindt Landing,FLTL,2025-12-04T16:52:02Z,2025-12-04T15:42:00Z,ARR,bad,70.0
1 (12-03),True,False,TORONTO,VANCOUVER,2025-12-03,26,Savant Lake,SAVL,2025-12-04T17:11:53Z,2025-12-04T15:59:00Z,ARR,bad,72.0
1 (12-03),True,False,TORONTO,VANCOUVER,2025-12-03,27,Sioux Lookout,SLKT,2025-12-04T18:21:59Z,2025-12-04T17:25:00Z,ARR,bad,56.0
1 (12-03),True,False,TORONTO,VANCOUVER,2025-12-03,28,Richan,RCHN,2025-12-04T20:39:42Z,2025-12-04T19:05:00Z,ARR,bad,94.0
1 (12-03),True,False,TORONTO,VANCOUVER,2025-12-03,29,Red Lake Road,RLRX,2025-12-04T21:11:30Z,2025-12-04T19:41:00Z,ARR,bad,90.0
1 (12-03),True,False,TORONTO,VANCOUVER,2025-12-03,30,Canyon,CNYK,2025-12-04T21:34:56Z,2025-12-04T20:10:00Z,ARR,bad,84.0
1 (12-03),True,False,TORONTO,VANCOUVER,2025-12-03,31,Farlane,FARL,2025-12-04T22:07:17Z,2025-12-04T20:47:00Z,ARR,bad,80.0
1 (12-03),True,False,TORONTO,VANCOUVER,2025-12-03,32,Redditt,RDDT,2025-12-04T22:21:40Z,2025-12-04T21:23:00Z,ARR,bad,58.0
1 (12-03),True,False,TORONTO,VANCOUVER,2025-12-03,33,Minaki,MNKI,2025-12-04T22:40:03Z,2025-12-04T21:44:00Z,ARR,bad,56.0
1 (12-03),True,False,TORONTO,VANCOUVER,2025-12-03,34,Ottermere,OTTM,2025-12-04T22:55:43Z,2025-12-04T22:01:00Z,ARR,bad,54.0
1 (12-03),True,False,TORONTO,VANCOUVER,2025-12-03,35,Malachi,MLCH,2025-12-04T22:58:55Z,2025-12-04T22:07:00Z,ARR,bad,51.0
1 (12-03),True,False,TORONTO,VANCOUVER,2025-12-03,36,Copelands Landing,COPE,2025-12-04T22:59:29Z,2025-12-04T22:09:00Z,ARR,bad,50.0
1 (12-03),True,False,TORONTO,VANCOUVER,2025-12-03,37,Rice Lake,RCLK,2025-12-04T23:08:31Z,2025-12-04T22:12:00Z,ARR,bad,56.0
1 (12-03),True,False,TORONTO,VANCOUVER,2025-12-03,38,Winnitoba,WNTB,2025-12-04T23:15:44Z,2025-12-04T22:26:00Z,ARR,bad,49.0
1 (12-03),True,False,TORONTO,VANCOUVER,2025-12-03,39,Ophir,OPHR,2025-12-04T23:16:53Z,2025-12-04T22:31:00Z,ARR,bad,45.0
1 (12-03),True,False,TORONTO,VANCOUVER,2025-12-03,40,Brereton Lake,BRTL,2025-12-04T23:29:44Z,2025-12-04T22:49:00Z,ARR,bad,40.0
1 (12-03),True,False,TORONTO,VANCOUVER,2025-12-03,41,Elma,ELMA,2025-12-04T23:45:30Z,2025-12-04T23:10:00Z,ARR,bad,35.0
1 (12-03),True,False,TORONTO,VANCOUVER,2025-12-03,42,Winnipeg,WNPG,2025-12-05T01:31:02Z,2025-12-05T01:30:00Z,ARR,goo,1.0
1 (12-03),True,False,TORONTO,VANCOUVER,2025-12-03,43,Portage La Prairie,PLPX,2025-12-05T06:43:44Z,2025-12-05T05:04:00Z,ARR,bad,99.0
1 (12-03),True,False,TORONTO,VANCOUVER,2025-12-03,44,Rivers,RVRS,2025-12-05T08:34:39Z,2025-12-05T07:31:00Z,ARR,bad,63.0
1 (12-03),True,False,TORONTO,VANCOUVER,2025-12-03,45,Melville,MELV,2025-12-05T11:25:58Z,2025-12-05T11:54:00Z,ARR,goo,-28.0
1 (12-03),True,False,TORONTO,VANCOUVER,2025-12-03,46,Watrous,WATR,2025-12-05T14:41:39Z,2025-12-05T14:54:00Z,ARR,goo,-12.0
1 (12-03),True,False,TORONTO,VANCOUVER,2025-12-03,47,Saskatoon,SASK,2025-12-05T16:36:41Z,2025-12-05T16:50:00Z,ARR,goo,-13.0
1 (12-03),True,False,TORONTO,VANCOUVER,2025-12-03,48,Biggar,BIGG,2025-12-05T20:14:35Z,2025-12-05T19:29:00Z,ARR,bad,45.0
1 (12-03),True,False,TORONTO,VANCOUVER,2025-12-03,49,Unity,UNIT,2025-12-05T21:30:32Z,2025-12-05T20:44:00Z,ARR,bad,46.0
1 (12-03),True,False,TORONTO,VANCOUVER,2025-12-03,50,Wainwright,WAIN,2025-12-05T23:36:52Z,2025-12-05T23:33:00Z,ARR,goo,3.0
1 (12-03),True,False,TORONTO,VANCOUVER,2025-12-03,51,Viking,VKNG,2025-12-06T00:53:22Z,2025-12-06T00:26:00Z,ARR,bad,27.0
1 (12-03),True,False,TORONTO,VANCOUVER,2025-12-03,52,Edmonton,EDMO,2025-12-06T04:35:25Z,2025-12-06T03:50:00Z,ARR,bad,45.0
1 (12-03),True,False,TORONTO,VANCOUVER,2025-12-03,53,Evansburg,EVAN,2025-12-06T09:40:06Z,2025-12-06T08:29:00Z,ARR,bad,71.0
1 (12-03),True,False,TORONTO,VANCOUVER,2025-12-03,54,Edson,EDSN,2025-12-06T11:10:34Z,2025-12-06T09:52:00Z,ARR,bad,78.0
1 (12-03),True,False,TORONTO,VANCOUVER,2025-12-03,55,Hinton,HINT,2025-12-06T12:59:49Z,2025-12-06T10:58:00Z,ARR,bad,121.0
1 (12-03),True,False,TORONTO,VANCOUVER,2025-12-03,56,Jasper,JASP,2025-12-06T14:48:24Z,2025-12-06T13:30:00Z,ARR,bad,78.0
1 (12-03),True,False,TORONTO,VANCOUVER,2025-12-03,57,Valemount,VLMT,2025-12-06T19:10:29Z,2025-12-06T18:50:00Z,ARR,bad,20.0
1 (12-03),True,False,TORONTO,VANCOUVER,2025-12-03,58,Blue River,BLUE,2025-12-06T20:58:13Z,2025-12-06T21:36:00Z,ARR,goo,-37.0
1 (12-03),True,False,TORONTO,VANCOUVER,2025-12-03,59,Clearwater,CLWT,2025-12-06T23:01:24Z,2025-12-06T23:45:00Z,ARR,goo,-43.0
1 (12-03),True,False,TORONTO,VANCOUVER,2025-12-03,60,Kamloops North,KAMN,2025-12-07T01:46:56Z,2025-12-07T02:28:00Z,ARR,goo,-41.0
1 (12-03),True,False,TORONTO,VANCOUVER,2025-12-03,61,Ashcroft,ASHN,2025-12-07T04:47:17Z,2025-12-07T04:49:00Z,1h22,goo,-1.0
1 (12-03),True,False,TORONTO,VANCOUVER,2025-12-03,62,Boston Bar,BBAR,2025-12-07T07:36:00Z,2025-12-07T07:36:00Z,4h11,goo,0.0
1 (12-03),True,False,TORONTO,VANCOUVER,2025-12-03,63,Hope,HOPE,&mdash;,2025-12-07T09:06:00Z,&mdash;,,
1 (12-03),True,False,TORONTO,VANCOUVER,2025-12-03,64,Chilliwack,CHIL,&mdash;,2025-12-07T09:30:00Z,&mdash;,,
1 (12-03),True,False,TORONTO,VANCOUVER,2025-12-03,65,Abbotsford,ABBO,&mdash;,2025-12-07T10:00:00Z,&mdash;,,
1 (12-03),True,False,TORONTO,VANCOUVER,2025-12-03,66,Vancouver,VCVR,&mdash;,2025-12-07T16:00:00Z,&mdash;,,
692 (12-04),True,False,CHURCHILL,WINNIPEG,2025-12-04,0,Churchill,CHUR,2025-12-05T03:30:00Z,2025-12-05T02:30:00Z,ARR,bad,60.0
692 (12-04),True,False,CHURCHILL,WINNIPEG,2025-12-04,1,Tidal,TIDL,2025-12-05T03:52:00Z,2025-12-05T02:52:00Z,ARR,bad,60.0
692 (12-04),True,False,CHURCHILL,WINNIPEG,2025-12-04,2,Chesnaye,CHES,2025-12-05T04:38:00Z,2025-12-05T03:38:00Z,ARR,bad,60.0
692 (12-04),True,False,CHURCHILL,WINNIPEG,2025-12-04,3,M'Clintock,MCLI,2025-12-05T05:54:00Z,2025-12-05T04:54:00Z,ARR,bad,60.0
692 (12-04),True,False,CHURCHILL,WINNIPEG,2025-12-04,4,O'Day,ODAY,2025-12-05T06:39:00Z,2025-12-05T05:39:00Z,ARR,bad,60.0
692 (12-04),True,False,CHURCHILL,WINNIPEG,2025-12-04,5,Herchmer,HERC,2025-12-05T07:18:00Z,2025-12-05T06:18:00Z,ARR,bad,60.0
692 (12-04),True,False,CHURCHILL,WINNIPEG,2025-12-04,6,Thibaudeau,THIB,2025-12-05T08:44:00Z,2025-12-05T07:44:00Z,ARR,bad,60.0
692 (12-04),True,False,CHURCHILL,WINNIPEG,2025-12-04,7,Weir River,WEIR,2025-12-05T09:46:00Z,2025-12-05T08:46:00Z,ARR,bad,60.0
692 (12-04),True,False,CHURCHILL,WINNIPEG,2025-12-04,8,Amery,AMRY,2025-12-05T10:37:00Z,2025-12-05T09:37:00Z,ARR,bad,60.0
692 (12-04),True,False,CHURCHILL,WINNIPEG,2025-12-04,9,Bird,BIRD,2025-12-05T11:00:00Z,2025-12-05T10:00:00Z,ARR,bad,60.0
692 (12-04),True,False,CHURCHILL,WINNIPEG,2025-12-04,10,Gillam,GILL,2025-12-05T12:00:00Z,2025-12-05T11:00:00Z,ARR,bad,60.0
692 (12-04),True,False,CHURCHILL,WINNIPEG,2025-12-04,11,Wivenhoe,WVHO,2025-12-05T13:22:21Z,2025-12-05T12:16:00Z,ARR,bad,66.0
692 (12-04),True,False,CHURCHILL,WINNIPEG,2025-12-04,12,Ilford,ILFO,2025-12-05T13:59:47Z,2025-12-05T12:53:00Z,ARR,bad,66.0
692 (12-04),True,False,CHURCHILL,WINNIPEG,2025-12-04,13,Pit Siding,PITS,2025-12-05T15:22:46Z,2025-12-05T13:54:00Z,ARR,bad,88.0
692 (12-04),True,False,CHURCHILL,WINNIPEG,2025-12-04,14,Bridgar,BRGR,2025-12-05T16:44:46Z,2025-12-05T15:16:00Z,ARR,bad,88.0
692 (12-04),True,False,CHURCHILL,WINNIPEG,2025-12-04,15,Pikwitonei,PIKW,2025-12-05T16:55:46Z,2025-12-05T15:27:00Z,ARR,bad,88.0
692 (12-04),True,False,CHURCHILL,WINNIPEG,2025-12-04,16,Sipiwesk,SIPI,2025-12-05T17:22:46Z,2025-12-05T15:54:00Z,ARR,bad,88.0
692 (12-04),True,False,CHURCHILL,WINNIPEG,2025-12-04,17,Thompson,THOM,2025-12-05T21:20:49Z,2025-12-05T17:30:00Z,ARR,bad,230.0
692 (12-04),True,False,CHURCHILL,WINNIPEG,2025-12-04,18,Leven,LEVN,2025-12-05T22:05:00Z,2025-12-05T22:05:00Z,ARR,goo,0.0
692 (12-04),True,False,CHURCHILL,WINNIPEG,2025-12-04,19,Thicket Portage,THKP,2025-12-05T22:22:00Z,2025-12-05T22:22:00Z,ARR,goo,0.0
692 (12-04),True,False,CHURCHILL,WINNIPEG,2025-12-04,20,Hockin,HOCK,2025-12-05T22:37:00Z,2025-12-05T22:37:00Z,ARR,goo,0.0
692 (12-04),True,False,CHURCHILL,WINNIPEG,2025-12-04,21,Odhill,ODHI,2025-12-05T23:21:00Z,2025-12-05T23:21:00Z,ARR,goo,0.0
692 (12-04),True,False,CHURCHILL,WINNIPEG,2025-12-04,22,Lyddal,LYDD,2025-12-05T23:43:00Z,2025-12-05T23:43:00Z,ARR,goo,0.0
692 (12-04),True,False,CHURCHILL,WINNIPEG,2025-12-04,23,Wabowden,WBDN,2025-12-06T00:11:00Z,2025-12-06T00:11:00Z,ARR,goo,0.0
692 (12-04),True,False,CHURCHILL,WINNIPEG,2025-12-04,24,Pipun,PIPN,2025-12-06T00:34:00Z,2025-12-06T00:34:00Z,ARR,goo,0.0
692 (12-04),True,False,CHURCHILL,WINNIPEG,2025-12-04,25,Ponton,PNTN,2025-12-06T01:17:00Z,2025-12-06T01:17:00Z,ARR,goo,0.0
692 (12-04),True,False,CHURCHILL,WINNIPEG,2025-12-04,26,Turnbull,TURN,2025-12-06T01:49:00Z,2025-12-06T01:49:00Z,ARR,goo,0.0
692 (12-04),True,False,CHURCHILL,WINNIPEG,2025-12-04,27,Wekusko,WEKU,2025-12-06T02:16:00Z,2025-12-06T02:16:00Z,ARR,goo,0.0
692 (12-04),True,False,CHURCHILL,WINNIPEG,2025-12-04,28,Dyce,DYCE,2025-12-06T03:00:00Z,2025-12-06T03:00:00Z,ARR,goo,0.0
692 (12-04),True,False,CHURCHILL,WINNIPEG,2025-12-04,29,Dering,DERI,2025-12-06T03:39:00Z,2025-12-06T03:39:00Z,ARR,goo,0.0
692 (12-04),True,False,CHURCHILL,WINNIPEG,2025-12-04,30,Cormorant,CORM,2025-12-06T03:47:00Z,2025-12-06T03:47:00Z,ARR,goo,0.0
692 (12-04),True,False,CHURCHILL,WINNIPEG,2025-12-04,31,Halcrow,HALC,2025-12-06T03:58:00Z,2025-12-06T03:58:00Z,ARR,goo,0.0
692 (12-04),True,False,CHURCHILL,WINNIPEG,2025-12-04,32,Orok,OROK,2025-12-06T04:52:00Z,2025-12-06T04:52:00Z,ARR,goo,0.0
692 (12-04),True,False,CHURCHILL,WINNIPEG,2025-12-04,33,The Pas,TPAS,2025-12-06T05:30:00Z,2025-12-06T05:30:00Z,ARR,goo,0.0
2 (12-05),True,False,VANCOUVER,TORONTO,2025-12-05,0,Vancouver,VCVR,2025-12-05T23:00:00Z,2025-12-05T23:00:00Z,ARR,goo,0.0
2 (12-05),True,False,VANCOUVER,TORONTO,2025-12-05,1,Mission Harbour,MSNH,2025-12-06T01:32:53Z,2025-12-06T00:35:00Z,ARR,bad,57.0
2 (12-05),True,False,VANCOUVER,TORONTO,2025-12-05,2,Agassiz,AGAS,2025-12-06T02:15:23Z,2025-12-06T01:03:00Z,ARR,bad,72.0
2 (12-05),True,False,VANCOUVER,TORONTO,2025-12-05,3,Katz,KATZ,2025-12-06T02:36:03Z,2025-12-06T01:17:00Z,ARR,bad,79.0
2 (12-05),True,False,VANCOUVER,TORONTO,2025-12-05,4,North Bend,NBND,2025-12-06T05:01:12Z,2025-12-06T03:46:00Z,ARR,bad,75.0
2 (12-05),True,False,VANCOUVER,TORONTO,2025-12-05,5,Ashcroft,ASHN,2025-12-06T10:10:11Z,2025-12-06T06:32:00Z,ARR,bad,218.0
2 (12-05),True,False,VANCOUVER,TORONTO,2025-12-05,6,Kamloops North,KAMN,2025-12-06T12:32:44Z,2025-12-06T08:17:00Z,ARR,bad,255.0
2 (12-05),True,False,VANCOUVER,TORONTO,2025-12-05,7,Clearwater,CLWT,2025-12-06T14:48:39Z,2025-12-06T10:58:00Z,ARR,bad,230.0
2 (12-05),True,False,VANCOUVER,TORONTO,2025-12-05,8,Blue River,BLUE,2025-12-06T16:48:57Z,2025-12-06T13:11:00Z,ARR,bad,217.0
2 (12-05),True,False,VANCOUVER,TORONTO,2025-12-05,9,Valemount,VLMT,2025-12-06T18:38:48Z,2025-12-06T15:01:00Z,ARR,bad,217.0
2 (12-05),True,False,VANCOUVER,TORONTO,2025-12-05,10,Jasper,JASP,2025-12-06T20:41:37Z,2025-12-06T18:00:00Z,ARR,bad,161.0
2 (12-05),True,False,VANCOUVER,TORONTO,2025-12-05,11,Hinton,HINT,2025-12-06T23:46:17Z,2025-12-06T20:45:00Z,ARR,bad,181.0
2 (12-05),True,False,VANCOUVER,TORONTO,2025-12-05,12,Edson,EDSN,2025-12-07T00:48:16Z,2025-12-06T22:19:00Z,ARR,bad,149.0
2 (12-05),True,False,VANCOUVER,TORONTO,2025-12-05,13,Evansburg,EVAN,2025-12-07T02:06:47Z,2025-12-06T23:28:00Z,ARR,bad,158.0
2 (12-05),True,False,VANCOUVER,TORONTO,2025-12-05,14,Edmonton,EDMO,2025-12-07T04:02:41Z,2025-12-07T01:50:00Z,38 mins,bad,132.0
2 (12-05),True,False,VANCOUVER,TORONTO,2025-12-05,15,Viking,VKNG,2025-12-07T07:05:41Z,2025-12-07T04:53:00Z,3h41,bad,132.0
2 (12-05),True,False,VANCOUVER,TORONTO,2025-12-05,16,Wainwright,WAIN,&mdash;,2025-12-07T07:14:00Z,&mdash;,,
2 (12-05),True,False,VANCOUVER,TORONTO,2025-12-05,17,Unity,UNIT,&mdash;,2025-12-07T08:47:00Z,&mdash;,,
2 (12-05),True,False,VANCOUVER,TORONTO,2025-12-05,18,Biggar,BIGG,&mdash;,2025-12-07T10:21:00Z,&mdash;,,
2 (12-05),True,False,VANCOUVER,TORONTO,2025-12-05,19,Saskatoon,SASK,&mdash;,2025-12-07T12:57:00Z,&mdash;,,
2 (12-05),True,False,VANCOUVER,TORONTO,2025-12-05,20,Watrous,WATR,&mdash;,2025-12-07T15:26:00Z,&mdash;,,
692 (12-06),True,False,CHURCHILL,WINNIPEG,2025-12-06,0,Churchill,CHUR,2025-12-07T03:15:00Z,2025-12-07T02:30:00Z,ARR,bad,45.0
692 (12-06),True,False,CHURCHILL,WINNIPEG,2025-12-06,1,Tidal,TIDL,2025-12-07T03:19:40Z,2025-12-07T02:52:00Z,ARR,bad,27.0
692 (12-06),True,False,CHURCHILL,WINNIPEG,2025-12-06,2,Chesnaye,CHES,2025-12-07T04:06:05Z,2025-12-07T03:38:00Z,41 mins,bad,28.0
692 (12-06),True,False,CHURCHILL,WINNIPEG,2025-12-06,3,M'Clintock,MCLI,2025-12-07T05:22:05Z,2025-12-07T04:54:00Z,1h57,bad,28.0
692 (12-06),True,False,CHURCHILL,WINNIPEG,2025-12-06,4,O'Day,ODAY,2025-12-07T06:07:05Z,2025-12-07T05:39:00Z,2h42,bad,28.0
692 (12-06),True,False,CHURCHILL,WINNIPEG,2025-12-06,5,Herchmer,HERC,2025-12-07T06:46:05Z,2025-12-07T06:18:00Z,3h21,bad,28.0
692 (12-06),True,False,CHURCHILL,WINNIPEG,2025-12-06,6,Thibaudeau,THIB,2025-12-07T08:12:05Z,2025-12-07T07:44:00Z,4h47,bad,28.0
692 (12-06),True,False,CHURCHILL,WINNIPEG,2025-12-06,7,Weir River,WEIR,2025-12-07T09:14:05Z,2025-12-07T08:46:00Z,5h49,bad,28.0
692 (12-06),True,False,CHURCHILL,WINNIPEG,2025-12-06,8,Amery,AMRY,2025-12-07T10:05:05Z,2025-12-07T09:37:00Z,6h40,bad,28.0
692 (12-06),True,False,CHURCHILL,WINNIPEG,2025-12-06,9,Bird,BIRD,2025-12-07T10:28:05Z,2025-12-07T10:00:00Z,7h03,bad,28.0
692 (12-06),True,False,CHURCHILL,WINNIPEG,2025-12-06,10,Gillam,GILL,2025-12-07T11:28:05Z,2025-12-07T11:00:00Z,8h03,bad,28.0
692 (12-06),True,False,CHURCHILL,WINNIPEG,2025-12-06,11,Wivenhoe,WVHO,2025-12-07T12:44:05Z,2025-12-07T12:16:00Z,9h19,bad,28.0
692 (12-06),True,False,CHURCHILL,WINNIPEG,2025-12-06,12,Ilford,ILFO,2025-12-07T13:21:05Z,2025-12-07T12:53:00Z,9h56,bad,28.0
692 (12-06),True,False,CHURCHILL,WINNIPEG,2025-12-06,13,Pit Siding,PITS,2025-12-07T14:22:05Z,2025-12-07T13:54:00Z,10h57,bad,28.0
692 (12-06),True,False,CHURCHILL,WINNIPEG,2025-12-06,14,Bridgar,BRGR,2025-12-07T15:44:05Z,2025-12-07T15:16:00Z,12h19,bad,28.0
692 (12-06),True,False,CHURCHILL,WINNIPEG,2025-12-06,15,Pikwitonei,PIKW,2025-12-07T15:55:05Z,2025-12-07T15:27:00Z,12h30,bad,28.0
692 (12-06),True,False,CHURCHILL,WINNIPEG,2025-12-06,16,Sipiwesk,SIPI,2025-12-07T16:22:05Z,2025-12-07T15:54:00Z,12h57,bad,28.0
6,True,True,PRINCE RUPERT,JASPER,2025-12-05,0,Prince Rupert,PRUP,2025-12-05T15:56:00Z,2025-12-05T16:00:00Z,ARR,goo,-4.0
6,True,True,PRINCE RUPERT,JASPER,2025-12-05,1,Cassiar Cannery,CASS,2025-12-05T16:49:03Z,2025-12-05T16:20:00Z,ARR,bad,29.0
6,True,True,PRINCE RUPERT,JASPER,2025-12-05,2,Kwinitsa,KWIN,2025-12-05T17:59:11Z,2025-12-05T17:17:00Z,ARR,bad,42.0
6,True,True,PRINCE RUPERT,JASPER,2025-12-05,3,Terrace,TRRC,2025-12-05T18:57:56Z,2025-12-05T18:20:00Z,ARR,bad,37.0
6,True,True,PRINCE RUPERT,JASPER,2025-12-05,4,Usk,USKX,2025-12-05T19:23:30Z,2025-12-05T18:48:00Z,ARR,bad,35.0
6,True,True,PRINCE RUPERT,JASPER,2025-12-05,5,Pacific,PACI,2025-12-05T19:39:09Z,2025-12-05T19:07:00Z,ARR,bad,32.0
6,True,True,PRINCE RUPERT,JASPER,2025-12-05,6,Dorreen,DORR,2025-12-05T19:47:18Z,2025-12-05T19:19:00Z,ARR,bad,28.0
6,True,True,PRINCE RUPERT,JASPER,2025-12-05,7,Cedarvale,CEDA,2025-12-05T20:06:01Z,2025-12-05T19:44:00Z,ARR,bad,22.0
6,True,True,PRINCE RUPERT,JASPER,2025-12-05,8,Kitwanga,KITW,2025-12-05T20:24:35Z,2025-12-05T19:48:01Z,ARR,bad,36.0
6,True,True,PRINCE RUPERT,JASPER,2025-12-05,9,New Hazelton,NHAZ,2025-12-05T21:06:24Z,2025-12-05T20:30:00Z,ARR,bad,36.0
6,True,True,PRINCE RUPERT,JASPER,2025-12-05,10,Smithers,SMTR,2025-12-05T22:16:27Z,2025-12-05T22:14:00Z,ARR,goo,2.0
6,True,True,PRINCE RUPERT,JASPER,2025-12-05,11,Telkwa,TELK,2025-12-05T22:42:53Z,2025-12-05T22:37:00Z,ARR,goo,5.0
6,True,True,PRINCE RUPERT,JASPER,2025-12-05,12,Houston,HOUS,2025-12-05T23:22:25Z,2025-12-05T23:22:00Z,ARR,goo,0.0
6,True,True,PRINCE RUPERT,JASPER,2025-12-05,13,Burns Lake,BRNL,2025-12-06T00:37:10Z,2025-12-06T00:32:00Z,ARR,goo,5.0
6,True,True,PRINCE RUPERT,JASPER,2025-12-05,14,Endako,ENDA,2025-12-06T01:25:29Z,2025-12-06T01:25:00Z,ARR,goo,0.0
6,True,True,PRINCE RUPERT,JASPER,2025-12-05,15,Fort Fraser,FFRA,2025-12-06T01:51:28Z,2025-12-06T01:57:00Z,ARR,goo,-5.0
6,True,True,PRINCE RUPERT,JASPER,2025-12-05,16,Vanderhoof,VDRH,2025-12-06T02:22:59Z,2025-12-06T02:35:00Z,ARR,goo,-12.0
6,True,True,PRINCE RUPERT,JASPER,2025-12-05,17,Prince George,PGEO,2025-12-06T04:37:47Z,2025-12-06T04:29:00Z,ARR,med,8.0
6,True,True,PRINCE RUPERT,JASPER,2025-12-05,18,Willow River,WILR,2025-12-06T16:57:06Z,2025-12-06T16:48:00Z,ARR,med,9.0
6,True,True,PRINCE RUPERT,JASPER,2025-12-05,19,Aleza Lake,ALZL,2025-12-06T17:21:26Z,2025-12-06T17:17:00Z,ARR,goo,4.0
6,True,True,PRINCE RUPERT,JASPER,2025-12-05,20,Upper Fraser,UFRZ,2025-12-06T17:29:26Z,2025-12-06T17:25:00Z,ARR,goo,4.0
6,True,True,PRINCE RUPERT,JASPER,2025-12-05,21,Mcgregor,MCGR,2025-12-06T17:37:26Z,2025-12-06T17:33:00Z,ARR,goo,4.0
6,True,True,PRINCE RUPERT,JASPER,2025-12-05,22,Sinclair Mills,SINM,2025-12-06T18:02:59Z,2025-12-06T17:44:00Z,ARR,med,18.0
6,True,True,PRINCE RUPERT,JASPER,2025-12-05,23,Hutton,HUTT,2025-12-06T18:06:39Z,2025-12-06T17:48:00Z,ARR,med,18.0
6,True,True,PRINCE RUPERT,JASPER,2025-12-05,24,Longworth,LWTH,2025-12-06T18:19:53Z,2025-12-06T17:59:00Z,ARR,bad,20.0
6,True,True,PRINCE RUPERT,JASPER,2025-12-05,25,Penny,PENN,2025-12-06T18:42:17Z,2025-12-06T18:13:00Z,ARR,bad,29.0
6,True,True,PRINCE RUPERT,JASPER,2025-12-05,26,Bend,BEND,2025-12-06T18:59:10Z,2025-12-06T18:32:00Z,ARR,bad,27.0
6,True,True,PRINCE RUPERT,JASPER,2025-12-05,27,Dome Creek,DOMC,2025-12-06T19:00:51Z,2025-12-06T18:33:07Z,ARR,bad,27.0
6,True,True,PRINCE RUPERT,JASPER,2025-12-05,28,Loos,LOOS,2025-12-06T19:30:53Z,2025-12-06T19:07:00Z,ARR,bad,23.0
6,True,True,PRINCE RUPERT,JASPER,2025-12-05,29,Goat River,GOAT,2025-12-06T19:44:42Z,2025-12-06T19:22:00Z,ARR,bad,22.0
6,True,True,PRINCE RUPERT,JASPER,2025-12-05,30,Mcbride,MCBR,2025-12-06T20:32:58Z,2025-12-06T20:18:00Z,ARR,med,14.0
6,True,True,PRINCE RUPERT,JASPER,2025-12-05,31,Dunster,DNST,2025-12-06T21:02:13Z,2025-12-06T20:35:00Z,ARR,bad,27.0
6,True,True,PRINCE RUPERT,JASPER,2025-12-05,32,Harvey,HRVY,2025-12-06T21:34:44Z,2025-12-06T21:24:00Z,ARR,med,10.0
6,True,True,PRINCE RUPERT,JASPER,2025-12-05,33,Jasper,JASP,2025-12-07T00:24:31Z,2025-12-07T00:00:00Z,ARR,bad,24.0
15,True,True,HALIFAX,MONTRÉAL,2025-12-05,0,Halifax,HLFX,2025-12-05T15:31:57Z,2025-12-05T15:30:00Z,ARR,goo,1.0
15,True,True,HALIFAX,MONTRÉAL,2025-12-05,1,Truro,TRUR,2025-12-05T17:03:11Z,2025-12-05T16:56:00Z,ARR,med,7.0
15,True,True,HALIFAX,MONTRÉAL,2025-12-05,2,Springhill Jct,SPRJ,2025-12-05T18:19:05Z,2025-12-05T18:11:00Z,ARR,med,8.0
15,True,True,HALIFAX,MONTRÉAL,2025-12-05,3,Amherst,AMHS,2025-12-05T18:40:17Z,2025-12-05T18:34:00Z,ARR,med,6.0
15,True,True,HALIFAX,MONTRÉAL,2025-12-05,4,Sackville,SACK,2025-12-05T19:02:36Z,2025-12-05T18:50:00Z,ARR,med,12.0
15,True,True,HALIFAX,MONTRÉAL,2025-12-05,5,Moncton,MCTN,2025-12-05T19:49:01Z,2025-12-05T19:44:00Z,ARR,goo,5.0
15,True,True,HALIFAX,MONTRÉAL,2025-12-05,6,Rogersville,RGRV,2025-12-05T21:30:47Z,2025-12-05T21:08:00Z,ARR,bad,22.0
15,True,True,HALIFAX,MONTRÉAL,2025-12-05,7,Miramichi,MIRA,2025-12-05T22:17:11Z,2025-12-05T21:59:00Z,ARR,med,18.0
15,True,True,HALIFAX,MONTRÉAL,2025-12-05,8,Bathurst,BTRS,2025-12-06T00:02:06Z,2025-12-05T23:55:00Z,ARR,med,7.0
15,True,True,HALIFAX,MONTRÉAL,2025-12-05,9,Petit Rocher,PROC,2025-12-06T00:26:39Z,2025-12-06T00:22:00Z,ARR,goo,4.0
15,True,True,HALIFAX,MONTRÉAL,2025-12-05,10,Jacquet River,JACR,2025-12-06T00:58:59Z,2025-12-06T00:44:01Z,ARR,med,14.0
15,True,True,HALIFAX,MONTRÉAL,2025-12-05,11,Charlo,CHLO,2025-12-06T01:35:04Z,2025-12-06T01:07:00Z,ARR,bad,28.0
15,True,True,HALIFAX,MONTRÉAL,2025-12-05,12,Campbellton,CBTN,2025-12-06T02:23:07Z,2025-12-06T02:10:00Z,ARR,med,13.0
15,True,True,HALIFAX,MONTRÉAL,2025-12-05,13,Matapedia,MTPD,2025-12-06T03:02:08Z,2025-12-06T02:52:00Z,ARR,med,10.0
15,True,True,HALIFAX,MONTRÉAL,2025-12-05,14,Causapscal,CAUS,2025-12-06T04:15:22Z,2025-12-06T03:41:00Z,ARR,bad,34.0
15,True,True,HALIFAX,MONTRÉAL,2025-12-05,15,Amqui,AMQU,2025-12-06T04:47:07Z,2025-12-06T04:01:00Z,ARR,bad,46.0
15,True,True,HALIFAX,MONTRÉAL,2025-12-05,16,Sayabec,SAYA,2025-12-06T05:18:29Z,2025-12-06T04:23:00Z,ARR,bad,55.0
15,True,True,HALIFAX,MONTRÉAL,2025-12-05,17,Mont-Joli,MJLI,2025-12-06T06:26:08Z,2025-12-06T05:53:00Z,ARR,bad,33.0
15,True,True,HALIFAX,MONTRÉAL,2025-12-05,18,Rimouski,RMSK,2025-12-06T06:54:10Z,2025-12-06T06:24:00Z,ARR,bad,30.0
15,True,True,HALIFAX,MONTRÉAL,2025-12-05,19,Trois Pistoles,TPIS,2025-12-06T08:07:00Z,2025-12-06T07:29:00Z,ARR,bad,38.0
15,True,True,HALIFAX,MONTRÉAL,2025-12-05,20,Rivière-Du-Loup,RDLX,2025-12-06T08:46:26Z,2025-12-06T08:16:00Z,ARR,bad,30.0
15,True,True,HALIFAX,MONTRÉAL,2025-12-05,21,La Pocatière,LPOC,2025-12-06T09:31:42Z,2025-12-06T09:05:00Z,ARR,bad,26.0
15,True,True,HALIFAX,MONTRÉAL,2025-12-05,22,Montmagny,MMGY,2025-12-06T10:00:01Z,2025-12-06T09:39:00Z,ARR,bad,21.0
15,True,True,HALIFAX,MONTRÉAL,2025-12-05,23,Ste-Foy,SFOY,2025-12-06T11:46:19Z,2025-12-06T11:13:00Z,ARR,bad,33.0
15,True,True,HALIFAX,MONTRÉAL,2025-12-05,24,Drummondville,DRMV,2025-12-06T13:40:36Z,2025-12-06T13:20:00Z,ARR,bad,20.0
15,True,True,HALIFAX,MONTRÉAL,2025-12-05,25,St. Hyacinthe,SHYA,2025-12-06T14:15:07Z,2025-12-06T14:00:00Z,ARR,med,15.0
15,True,True,HALIFAX,MONTRÉAL,2025-12-05,26,St. Lambert,SLAM,2025-12-06T14:51:09Z,2025-12-06T14:34:00Z,ARR,med,17.0
15,True,True,HALIFAX,MONTRÉAL,2025-12-05,27,Montréal,MTRL,2025-12-06T15:09:13Z,2025-12-06T14:53:00Z,ARR,med,16.0
5,True,False,JASPER,PRINCE RUPERT,2025-12-05,0,Jasper,JASP,2025-12-05T17:45:00Z,2025-12-05T17:45:00Z,ARR,goo,0.0
5,True,False,JASPER,PRINCE RUPERT,2025-12-05,1,Harvey,HRVY,2025-12-05T19:47:38Z,2025-12-05T19:38:00Z,ARR,med,9.0
5,True,False,JASPER,PRINCE RUPERT,2025-12-05,2,Dunster,DNST,2025-12-05T20:19:41Z,2025-12-05T20:12:00Z,ARR,med,7.0
5,True,False,JASPER,PRINCE RUPERT,2025-12-05,3,Mcbride,MCBR,2025-12-05T20:54:31Z,2025-12-05T20:44:00Z,ARR,med,10.0
5,True,False,JASPER,PRINCE RUPERT,2025-12-05,4,Goat River,GOAT,2025-12-05T21:46:32Z,2025-12-05T21:41:00Z,ARR,goo,5.0
5,True,False,JASPER,PRINCE RUPERT,2025-12-05,5,Loos,LOOS,2025-12-05T22:00:36Z,2025-12-05T21:58:00Z,ARR,goo,2.0
5,True,False,JASPER,PRINCE RUPERT,2025-12-05,6,Dome Creek,DOMC,2025-12-05T22:30:54Z,2025-12-05T22:32:00Z,ARR,goo,-1.0
5,True,False,JASPER,PRINCE RUPERT,2025-12-05,7,Bend,BEND,2025-12-05T22:33:19Z,2025-12-05T22:36:00Z,ARR,goo,-2.0
5,True,False,JASPER,PRINCE RUPERT,2025-12-05,8,Penny,PENN,2025-12-05T22:51:49Z,2025-12-05T22:56:00Z,ARR,goo,-4.0
5,True,False,JASPER,PRINCE RUPERT,2025-12-05,9,Longworth,LWTH,2025-12-05T23:04:08Z,2025-12-05T23:11:00Z,ARR,goo,-6.0
5,True,False,JASPER,PRINCE RUPERT,2025-12-05,10,Hutton,HUTT,2025-12-05T23:24:00Z,2025-12-05T23:24:00Z,ARR,goo,0.0
5,True,False,JASPER,PRINCE RUPERT,2025-12-05,11,Sinclair Mills,SINM,2025-12-05T23:30:00Z,2025-12-05T23:30:00Z,ARR,goo,0.0
5,True,False,JASPER,PRINCE RUPERT,2025-12-05,12,Mcgregor,MCGR,2025-12-05T23:29:58Z,2025-12-05T23:43:00Z,ARR,goo,-13.0
5,True,False,JASPER,PRINCE RUPERT,2025-12-05,13,Upper Fraser,UFRZ,2025-12-05T23:52:00Z,2025-12-05T23:52:00Z,ARR,goo,0.0
5,True,False,JASPER,PRINCE RUPERT,2025-12-05,14,Aleza Lake,ALZL,2025-12-06T00:01:00Z,2025-12-06T00:01:00Z,ARR,goo,0.0
5,True,False,JASPER,PRINCE RUPERT,2025-12-05,15,Willow River,WILR,2025-12-06T00:03:18Z,2025-12-06T00:31:00Z,ARR,goo,-27.0
5,True,False,JASPER,PRINCE RUPERT,2025-12-05,16,Prince George,PGEO,2025-12-06T00:35:03Z,2025-12-06T01:08:00Z,ARR,goo,-32.0
5,True,False,JASPER,PRINCE RUPERT,2025-12-05,17,Vanderhoof,VDRH,2025-12-06T18:28:05Z,2025-12-06T17:55:00Z,ARR,bad,33.0
5,True,False,JASPER,PRINCE RUPERT,2025-12-05,18,Fort Fraser,FFRA,2025-12-06T19:05:07Z,2025-12-06T18:32:00Z,ARR,bad,33.0
5,True,False,JASPER,PRINCE RUPERT,2025-12-05,19,Endako,ENDA,2025-12-06T19:56:40Z,2025-12-06T18:50:00Z,ARR,bad,66.0
5,True,False,JASPER,PRINCE RUPERT,2025-12-05,20,Burns Lake,BRNL,2025-12-06T20:51:39Z,2025-12-06T19:58:00Z,ARR,bad,53.0
5,True,False,JASPER,PRINCE RUPERT,2025-12-05,21,Houston,HOUS,2025-12-06T21:52:24Z,2025-12-06T21:08:00Z,ARR,bad,44.0
5,True,False,JASPER,PRINCE RUPERT,2025-12-05,22,Telkwa,TELK,2025-12-06T22:55:23Z,2025-12-06T21:52:00Z,ARR,bad,63.0
5,True,False,JASPER,PRINCE RUPERT,2025-12-05,23,Smithers,SMTR,2025-12-06T23:06:42Z,2025-12-06T22:10:00Z,ARR,bad,56.0
5,True,False,JASPER,PRINCE RUPERT,2025-12-05,24,New Hazelton,NHAZ,2025-12-07T00:32:07Z,2025-12-06T23:37:00Z,ARR,bad,55.0
5,True,False,JASPER,PRINCE RUPERT,2025-12-05,25,Kitwanga,KITW,2025-12-07T01:16:04Z,2025-12-07T00:27:00Z,ARR,bad,49.0
5,True,False,JASPER,PRINCE RUPERT,2025-12-05,26,Cedarvale,CEDA,2025-12-07T01:37:06Z,2025-12-07T00:51:00Z,ARR,bad,46.0
5,True,False,JASPER,PRINCE RUPERT,2025-12-05,27,Dorreen,DORR,2025-12-07T02:15:25Z,2025-12-07T01:12:00Z,ARR,bad,63.0
5,True,False,JASPER,PRINCE RUPERT,2025-12-05,28,Pacific,PACI,2025-12-07T02:23:06Z,2025-12-07T01:21:00Z,ARR,bad,62.0
5,True,False,JASPER,PRINCE RUPERT,2025-12-05,29,Usk,USKX,2025-12-07T03:23:33Z,2025-12-07T01:40:00Z,ARR,bad,103.0
5,True,False,JASPER,PRINCE RUPERT,2025-12-05,30,Terrace,TRRC,2025-12-07T03:43:06Z,2025-12-07T02:00:00Z,18 mins,bad,103.0
5,True,False,JASPER,PRINCE RUPERT,2025-12-05,31,Kwinitsa,KWIN,2025-12-07T04:52:06Z,2025-12-07T03:09:00Z,1h27,bad,103.0
5,True,False,JASPER,PRINCE RUPERT,2025-12-05,32,Cassiar Cannery,CASS,2025-12-07T05:28:06Z,2025-12-07T03:45:00Z,2h03,bad,103.0
5,True,False,JASPER,PRINCE RUPERT,2025-12-05,33,Prince Rupert,PRUP,2025-12-07T06:08:06Z,2025-12-07T04:25:00Z,2h43,bad,103.0
14,True,True,MONTRÉAL,HALIFAX,2025-12-05,0,Montréal,MTRL,2025-12-05T23:30:00Z,2025-12-05T23:30:00Z,ARR,goo,0.0
14,True,True,MONTRÉAL,HALIFAX,2025-12-05,1,St. Lambert,SLAM,2025-12-05T23:50:05Z,2025-12-05T23:45:00Z,ARR,goo,5.0
14,True,True,MONTRÉAL,HALIFAX,2025-12-05,2,St. Hyacinthe,SHYA,2025-12-06T00:22:10Z,2025-12-06T00:23:00Z,ARR,goo,0.0
14,True,True,MONTRÉAL,HALIFAX,2025-12-05,3,Drummondville,DRMV,2025-12-06T01:14:11Z,2025-12-06T01:04:00Z,ARR,med,10.0
14,True,True,MONTRÉAL,HALIFAX,2025-12-05,4,Ste-Foy,SFOY,2025-12-06T02:50:57Z,2025-12-06T02:48:00Z,ARR,goo,2.0
14,True,True,MONTRÉAL,HALIFAX,2025-12-05,5,Montmagny,MMGY,2025-12-06T04:18:24Z,2025-12-06T04:17:00Z,ARR,goo,1.0
14,True,True,MONTRÉAL,HALIFAX,2025-12-05,6,La Pocatière,LPOC,2025-12-06T04:46:26Z,2025-12-06T04:50:00Z,ARR,goo,-3.0
14,True,True,MONTRÉAL,HALIFAX,2025-12-05,7,Rivière-Du-Loup,RDLX,2025-12-06T06:09:01Z,2025-12-06T05:31:00Z,ARR,bad,38.0
14,True,True,MONTRÉAL,HALIFAX,2025-12-05,8,Trois Pistoles,TPIS,2025-12-06T06:49:02Z,2025-12-06T06:17:00Z,ARR,bad,32.0
14,True,True,MONTRÉAL,HALIFAX,2025-12-05,9,Rimouski,RMSK,2025-12-06T07:52:48Z,2025-12-06T07:25:00Z,ARR,bad,27.0
14,True,True,MONTRÉAL,HALIFAX,2025-12-05,10,Mont-Joli,MJLI,2025-12-06T08:28:55Z,2025-12-06T08:03:00Z,ARR,bad,25.0
14,True,True,MONTRÉAL,HALIFAX,2025-12-05,11,Sayabec,SAYA,2025-12-06T09:30:46Z,2025-12-06T09:06:00Z,ARR,bad,24.0
14,True,True,MONTRÉAL,HALIFAX,2025-12-05,12,Amqui,AMQU,2025-12-06T10:00:56Z,2025-12-06T09:27:00Z,ARR,bad,33.0
14,True,True,MONTRÉAL,HALIFAX,2025-12-05,13,Causapscal,CAUS,2025-12-06T10:28:23Z,2025-12-06T09:49:00Z,ARR,bad,39.0
14,True,True,MONTRÉAL,HALIFAX,2025-12-05,14,Matapedia,MTPD,2025-12-06T11:20:39Z,2025-12-06T10:35:00Z,ARR,bad,45.0
14,True,True,MONTRÉAL,HALIFAX,2025-12-05,15,Campbellton,CBTN,2025-12-06T11:57:26Z,2025-12-06T11:20:00Z,ARR,bad,37.0
14,True,True,MONTRÉAL,HALIFAX,2025-12-05,16,Charlo,CHLO,2025-12-06T12:46:51Z,2025-12-06T12:03:00Z,ARR,bad,43.0
14,True,True,MONTRÉAL,HALIFAX,2025-12-05,17,Jacquet River,JACR,2025-12-06T13:24:19Z,2025-12-06T12:26:00Z,ARR,bad,58.0
14,True,True,MONTRÉAL,HALIFAX,2025-12-05,18,Petit Rocher,PROC,2025-12-06T13:53:38Z,2025-12-06T12:48:00Z,ARR,bad,65.0
14,True,True,MONTRÉAL,HALIFAX,2025-12-05,19,Bathurst,BTRS,2025-12-06T14:10:08Z,2025-12-06T13:36:00Z,ARR,bad,34.0
14,True,True,MONTRÉAL,HALIFAX,2025-12-05,20,Miramichi,MIRA,2025-12-06T15:44:29Z,2025-12-06T15:25:00Z,ARR,med,19.0
14,True,True,MONTRÉAL,HALIFAX,2025-12-05,21,Rogersville,RGRV,2025-12-06T16:34:28Z,2025-12-06T16:20:00Z,ARR,med,14.0
14,True,True,MONTRÉAL,HALIFAX,2025-12-05,22,Moncton,MCTN,2025-12-06T17:51:12Z,2025-12-06T17:30:00Z,ARR,bad,21.0
14,True,True,MONTRÉAL,HALIFAX,2025-12-05,23,Sackville,SACK,2025-12-06T19:03:06Z,2025-12-06T18:40:00Z,ARR,bad,23.0
14,True,True,MONTRÉAL,HALIFAX,2025-12-05,24,Amherst,AMHS,2025-12-06T19:16:50Z,2025-12-06T18:55:00Z,ARR,bad,21.0
14,True,True,MONTRÉAL,HALIFAX,2025-12-05,25,Springhill Jct,SPRJ,2025-12-06T19:39:51Z,2025-12-06T19:17:00Z,ARR,bad,22.0
14,True,True,MONTRÉAL,HALIFAX,2025-12-05,26,Truro,TRUR,2025-12-06T20:51:43Z,2025-12-06T20:32:00Z,ARR,med,19.0
14,True,True,MONTRÉAL,HALIFAX,2025-12-05,27,Halifax,HLFX,2025-12-06T22:27:42Z,2025-12-06T22:36:00Z,ARR,goo,-8.0
691,True,True,THOMPSON,CHURCHILL,2025-12-05,0,Thompson,THOM,2025-12-05T23:38:00Z,2025-12-05T23:00:00Z,ARR,bad,38.0
691,True,True,THOMPSON,CHURCHILL,2025-12-05,1,Sipiwesk,SIPI,2025-12-06T01:02:19Z,2025-12-06T00:35:00Z,ARR,bad,27.0
691,True,True,THOMPSON,CHURCHILL,2025-12-05,2,Pikwitonei,PIKW,2025-12-06T01:29:19Z,2025-12-06T01:02:00Z,ARR,bad,27.0
691,True,True,THOMPSON,CHURCHILL,2025-12-05,3,Bridgar,BRGR,2025-12-06T01:40:19Z,2025-12-06T01:13:00Z,ARR,bad,27.0
691,True,True,THOMPSON,CHURCHILL,2025-12-05,4,Pit Siding,PITS,2025-12-06T03:02:19Z,2025-12-06T02:35:00Z,ARR,bad,27.0
691,True,True,THOMPSON,CHURCHILL,2025-12-05,5,Ilford,ILFO,2025-12-06T04:42:56Z,2025-12-06T03:36:00Z,ARR,bad,66.0
691,True,True,THOMPSON,CHURCHILL,2025-12-05,6,Wivenhoe,WVHO,2025-12-06T05:27:43Z,2025-12-06T04:13:00Z,ARR,bad,74.0
691,True,True,THOMPSON,CHURCHILL,2025-12-05,7,Gillam,GILL,2025-12-06T06:12:26Z,2025-12-06T05:00:01Z,ARR,bad,72.0
691,True,True,THOMPSON,CHURCHILL,2025-12-05,8,Bird,BIRD,2025-12-06T07:22:31Z,2025-12-06T06:29:00Z,ARR,bad,53.0
691,True,True,THOMPSON,CHURCHILL,2025-12-05,9,Amery,AMRY,2025-12-06T07:49:51Z,2025-12-06T06:51:00Z,ARR,bad,58.0
691,True,True,THOMPSON,CHURCHILL,2025-12-05,10,Weir River,WEIR,2025-12-06T08:48:41Z,2025-12-06T07:43:00Z,ARR,bad,65.0
691,True,True,THOMPSON,CHURCHILL,2025-12-05,11,Thibaudeau,THIB,2025-12-06T09:52:11Z,2025-12-06T09:00:00Z,ARR,bad,52.0
691,True,True,THOMPSON,CHURCHILL,2025-12-05,12,Herchmer,HERC,2025-12-06T11:18:11Z,2025-12-06T10:26:00Z,ARR,bad,52.0
691,True,True,THOMPSON,CHURCHILL,2025-12-05,13,O'Day,ODAY,2025-12-06T11:57:11Z,2025-12-06T11:05:00Z,ARR,bad,52.0
691,True,True,THOMPSON,CHURCHILL,2025-12-05,14,M'Clintock,MCLI,2025-12-06T12:42:11Z,2025-12-06T11:50:00Z,ARR,bad,52.0
691,True,True,THOMPSON,CHURCHILL,2025-12-05,15,Chesnaye,CHES,2025-12-06T13:58:11Z,2025-12-06T13:06:00Z,ARR,bad,52.0
691,True,True,THOMPSON,CHURCHILL,2025-12-05,16,Tidal,TIDL,2025-12-06T14:41:07Z,2025-12-06T14:37:00Z,ARR,goo,4.0
691,True,True,THOMPSON,CHURCHILL,2025-12-05,17,Churchill,CHUR,2025-12-06T15:33:53Z,2025-12-06T15:00:00Z,ARR,bad,33.0
24,True,True,OTTAWA,QUÉBEC,2025-12-06,0,Ottawa,OTTW,2025-12-06T15:13:00Z,2025-12-06T15:13:00Z,ARR,goo,0.0
24,True,True,OTTAWA,QUÉBEC,2025-12-06,1,Alexandria,ALEX,2025-12-06T16:25:25Z,2025-12-06T16:03:00Z,ARR,bad,22.0
24,True,True,OTTAWA,QUÉBEC,2025-12-06,2,Coteau,COTO,2025-12-06T16:48:13Z,2025-12-06T16:26:00Z,ARR,bad,22.0
24,True,True,OTTAWA,QUÉBEC,2025-12-06,3,Dorval,DORV,2025-12-06T17:15:45Z,2025-12-06T16:50:00Z,ARR,bad,25.0
24,True,True,OTTAWA,QUÉBEC,2025-12-06,4,Montréal,MTRL,2025-12-06T17:43:56Z,2025-12-06T17:15:00Z,ARR,bad,28.0
24,True,True,OTTAWA,QUÉBEC,2025-12-06,5,St. Lambert,SLAM,2025-12-06T18:27:02Z,2025-12-06T17:58:00Z,ARR,bad,29.0
24,True,True,OTTAWA,QUÉBEC,2025-12-06,6,St. Hyacinthe,SHYA,2025-12-06T18:55:13Z,2025-12-06T18:26:00Z,ARR,bad,29.0
24,True,True,OTTAWA,QUÉBEC,2025-12-06,7,Drummondville,DRMV,2025-12-06T19:26:28Z,2025-12-06T18:54:00Z,ARR,bad,32.0
24,True,True,OTTAWA,QUÉBEC,2025-12-06,8,Charny,CHNY,2025-12-06T21:10:27Z,2025-12-06T20:38:00Z,ARR,bad,32.0
24,True,True,OTTAWA,QUÉBEC,2025-12-06,9,Ste-Foy,SFOY,2025-12-06T21:19:33Z,2025-12-06T20:45:00Z,ARR,bad,34.0
24,True,True,OTTAWA,QUÉBEC,2025-12-06,10,Québec,QBEC,2025-12-06T21:49:56Z,2025-12-06T21:12:00Z,ARR,bad,37.0
37,True,True,QUÉBEC,OTTAWA,2025-12-06,0,Québec,QBEC,2025-12-06T17:32:00Z,2025-12-06T17:32:00Z,ARR,goo,0.0
37,True,True,QUÉBEC,OTTAWA,2025-12-06,1,Ste-Foy,SFOY,2025-12-06T17:58:23Z,2025-12-06T17:57:00Z,ARR,goo,1.0
37,True,True,QUÉBEC,OTTAWA,2025-12-06,2,Drummondville,DRMV,2025-12-06T19:44:57Z,2025-12-06T19:44:00Z,ARR,goo,0.0
37,True,True,QUÉBEC,OTTAWA,2025-12-06,3,St. Hyacinthe,SHYA,2025-12-06T20:20:25Z,2025-12-06T20:12:00Z,ARR,med,8.0
37,True,True,QUÉBEC,OTTAWA,2025-12-06,4,St. Lambert,SLAM,2025-12-06T20:50:39Z,2025-12-06T20:39:00Z,ARR,med,11.0
37,True,True,QUÉBEC,OTTAWA,2025-12-06,5,Montréal,MTRL,2025-12-06T21:07:56Z,2025-12-06T20:54:00Z,ARR,med,13.0
37,True,True,QUÉBEC,OTTAWA,2025-12-06,6,Dorval,DORV,2025-12-06T21:53:16Z,2025-12-06T21:54:00Z,ARR,goo,0.0
37,True,True,QUÉBEC,OTTAWA,2025-12-06,7,Coteau,COTO,2025-12-06T22:24:24Z,2025-12-06T22:23:00Z,ARR,goo,1.0
37,True,True,QUÉBEC,OTTAWA,2025-12-06,8,Alexandria,ALEX,2025-12-06T22:47:50Z,2025-12-06T22:45:00Z,ARR,goo,2.0
37,True,True,QUÉBEC,OTTAWA,2025-12-06,9,Ottawa,OTTW,2025-12-06T23:33:47Z,2025-12-06T23:37:00Z,ARR,goo,-3.0
41,True,True,OTTAWA,TORONTO,2025-12-06,0,Ottawa,OTTW,2025-12-06T10:21:00Z,2025-12-06T10:21:00Z,ARR,goo,0.0
41,True,True,OTTAWA,TORONTO,2025-12-06,1,Fallowfield,FALL,2025-12-06T10:36:14Z,2025-12-06T10:38:00Z,ARR,goo,-1.0
41,True,True,OTTAWA,TORONTO,2025-12-06,2,Smiths Falls,SMTF,2025-12-06T11:07:17Z,2025-12-06T11:08:00Z,ARR,goo,0.0
41,True,True,OTTAWA,TORONTO,2025-12-06,3,Brockville,BRKV,2025-12-06T11:48:56Z,2025-12-06T11:40:00Z,ARR,med,8.0
41,True,True,OTTAWA,TORONTO,2025-12-06,4,Kingston,KGON,2025-12-06T12:36:04Z,2025-12-06T12:25:00Z,ARR,med,11.0
41,True,True,OTTAWA,TORONTO,2025-12-06,5,Napanee,NAPN,2025-12-06T13:01:37Z,2025-12-06T12:49:00Z,ARR,med,12.0
41,True,True,OTTAWA,TORONTO,2025-12-06,6,Belleville,BLVL,2025-12-06T13:24:48Z,2025-12-06T13:07:00Z,ARR,med,17.0
41,True,True,OTTAWA,TORONTO,2025-12-06,7,Trenton Jct.,TRNJ,2025-12-06T13:38:46Z,2025-12-06T13:20:00Z,ARR,med,18.0
41,True,True,OTTAWA,TORONTO,2025-12-06,8,Cobourg,CBRG,2025-12-06T14:09:28Z,2025-12-06T13:44:00Z,ARR,bad,25.0
41,True,True,OTTAWA,TORONTO,2025-12-06,9,Oshawa,OSHA,2025-12-06T14:48:34Z,2025-12-06T14:19:00Z,ARR,bad,29.0
41,True,True,OTTAWA,TORONTO,2025-12-06,10,Toronto,TRTO,2025-12-06T15:28:29Z,2025-12-06T15:02:00Z,ARR,bad,26.0
50,True,True,TORONTO,OTTAWA,2025-12-06,0,Toronto,TRTO,2025-12-06T11:32:02Z,2025-12-06T11:32:00Z,ARR,goo,0.0
50,True,True,TORONTO,OTTAWA,2025-12-06,1,Guildwood,GUIL,2025-12-06T11:49:14Z,2025-12-06T11:50:00Z,ARR,goo,0.0
50,True,True,TORONTO,OTTAWA,2025-12-06,2,Oshawa,OSHA,2025-12-06T12:08:27Z,2025-12-06T12:08:00Z,ARR,goo,0.0
50,True,True,TORONTO,OTTAWA,2025-12-06,3,Cobourg,CBRG,2025-12-06T12:43:39Z,2025-12-06T12:43:00Z,ARR,goo,0.0
50,True,True,TORONTO,OTTAWA,2025-12-06,4,Belleville,BLVL,2025-12-06T13:18:30Z,2025-12-06T13:18:00Z,ARR,goo,0.0
50,True,True,TORONTO,OTTAWA,2025-12-06,5,Kingston,KGON,2025-12-06T13:57:47Z,2025-12-06T13:57:00Z,ARR,goo,0.0
50,True,True,TORONTO,OTTAWA,2025-12-06,6,Brockville,BRKV,2025-12-06T15:24:31Z,2025-12-06T14:54:00Z,ARR,bad,30.0
50,True,True,TORONTO,OTTAWA,2025-12-06,7,Smiths Falls,SMTF,2025-12-06T15:47:58Z,2025-12-06T15:29:00Z,ARR,med,18.0
50,True,True,TORONTO,OTTAWA,2025-12-06,8,Fallowfield,FALL,2025-12-06T16:21:59Z,2025-12-06T16:01:00Z,ARR,bad,20.0
50,True,True,TORONTO,OTTAWA,2025-12-06,9,Ottawa,OTTW,2025-12-06T16:42:34Z,2025-12-06T16:21:00Z,ARR,bad,21.0
52,True,True,TORONTO,OTTAWA,2025-12-06,0,Toronto,TRTO,2025-12-06T13:32:00Z,2025-12-06T13:32:00Z,ARR,goo,0.0
52,True,True,TORONTO,OTTAWA,2025-12-06,1,Guildwood,GUIL,2025-12-06T13:48:42Z,2025-12-06T13:50:00Z,ARR,goo,-1.0
52,True,True,TORONTO,OTTAWA,2025-12-06,2,Oshawa,OSHA,2025-12-06T14:09:45Z,2025-12-06T14:09:00Z,ARR,goo,0.0
52,True,True,TORONTO,OTTAWA,2025-12-06,3,Cobourg,CBRG,2025-12-06T14:56:27Z,2025-12-06T14:44:00Z,ARR,med,12.0
52,True,True,TORONTO,OTTAWA,2025-12-06,4,Belleville,BLVL,2025-12-06T15:32:42Z,2025-12-06T15:20:00Z,ARR,med,12.0
52,True,True,TORONTO,OTTAWA,2025-12-06,5,Kingston,KGON,2025-12-06T16:09:57Z,2025-12-06T16:00:00Z,ARR,med,9.0
52,True,True,TORONTO,OTTAWA,2025-12-06,6,Brockville,BRKV,2025-12-06T17:07:54Z,2025-12-06T16:57:00Z,ARR,med,10.0
52,True,True,TORONTO,OTTAWA,2025-12-06,7,Smiths Falls,SMTF,2025-12-06T17:44:09Z,2025-12-06T17:35:00Z,ARR,med,9.0
52,True,True,TORONTO,OTTAWA,2025-12-06,8,Fallowfield,FALL,2025-12-06T18:19:26Z,2025-12-06T18:11:00Z,ARR,med,8.0
52,True,True,TORONTO,OTTAWA,2025-12-06,9,Ottawa,OTTW,2025-12-06T18:40:45Z,2025-12-06T18:32:00Z,ARR,med,8.0
53,True,True,OTTAWA,TORONTO,2025-12-06,0,Ottawa,OTTW,2025-12-06T16:43:00Z,2025-12-06T16:43:00Z,ARR,goo,0.0
53,True,True,OTTAWA,TORONTO,2025-12-06,1,Fallowfield,FALL,2025-12-06T16:59:20Z,2025-12-06T17:00:00Z,ARR,goo,0.0
53,True,True,OTTAWA,TORONTO,2025-12-06,2,Brockville,BRKV,2025-12-06T18:03:25Z,2025-12-06T18:01:00Z,ARR,goo,2.0
53,True,True,OTTAWA,TORONTO,2025-12-06,3,Gananoque,GANA,2025-12-06T18:33:44Z,2025-12-06T18:31:00Z,ARR,goo,2.0
53,True,True,OTTAWA,TORONTO,2025-12-06,4,Kingston,KGON,2025-12-06T19:00:19Z,2025-12-06T18:54:00Z,ARR,med,6.0
53,True,True,OTTAWA,TORONTO,2025-12-06,5,Belleville,BLVL,2025-12-06T19:45:27Z,2025-12-06T19:36:00Z,ARR,med,9.0
53,True,True,OTTAWA,TORONTO,2025-12-06,6,Cobourg,CBRG,2025-12-06T20:24:16Z,2025-12-06T20:12:00Z,ARR,med,12.0
53,True,True,OTTAWA,TORONTO,2025-12-06,7,Oshawa,OSHA,2025-12-06T21:09:20Z,2025-12-06T20:48:00Z,ARR,bad,21.0
53,True,True,OTTAWA,TORONTO,2025-12-06,8,Toronto,TRTO,2025-12-06T21:46:12Z,2025-12-06T21:33:00Z,ARR,med,13.0
60,True,True,TORONTO,MONTRÉAL,2025-12-06,0,Toronto,TRTO,2025-12-06T11:32:06Z,2025-12-06T11:32:00Z,ARR,goo,0.0
60,True,True,TORONTO,MONTRÉAL,2025-12-06,1,Guildwood,GUIL,2025-12-06T11:48:56Z,2025-12-06T11:50:00Z,ARR,goo,-1.0
60,True,True,TORONTO,MONTRÉAL,2025-12-06,2,Oshawa,OSHA,2025-12-06T12:08:21Z,2025-12-06T12:08:00Z,ARR,goo,0.0
60,True,True,TORONTO,MONTRÉAL,2025-12-06,3,Cobourg,CBRG,2025-12-06T12:43:33Z,2025-12-06T12:43:00Z,ARR,goo,0.0
60,True,True,TORONTO,MONTRÉAL,2025-12-06,4,Belleville,BLVL,2025-12-06T13:18:23Z,2025-12-06T13:18:00Z,ARR,goo,0.0
60,True,True,TORONTO,MONTRÉAL,2025-12-06,5,Kingston,KGON,2025-12-06T13:57:40Z,2025-12-06T13:57:00Z,ARR,goo,0.0
60,True,True,TORONTO,MONTRÉAL,2025-12-06,6,Cornwall,CWLL,2025-12-06T15:56:57Z,2025-12-06T15:38:00Z,ARR,med,18.0
60,True,True,TORONTO,MONTRÉAL,2025-12-06,7,Dorval,DORV,2025-12-06T16:48:20Z,2025-12-06T16:25:00Z,ARR,bad,23.0
60,True,True,TORONTO,MONTRÉAL,2025-12-06,8,Montréal,MTRL,2025-12-06T17:17:30Z,2025-12-06T16:50:00Z,ARR,bad,27.0
61,True,True,MONTRÉAL,TORONTO,2025-12-06,0,Montréal,MTRL,2025-12-06T11:45:00Z,2025-12-06T11:45:00Z,ARR,goo,0.0
61,True,True,MONTRÉAL,TORONTO,2025-12-06,1,Dorval,DORV,2025-12-06T12:11:28Z,2025-12-06T12:08:00Z,ARR,goo,3.0
61,True,True,MONTRÉAL,TORONTO,2025-12-06,2,Cornwall,CWLL,2025-12-06T13:06:20Z,2025-12-06T13:01:00Z,ARR,goo,5.0
61,True,True,MONTRÉAL,TORONTO,2025-12-06,3,Kingston,KGON,2025-12-06T14:38:17Z,2025-12-06T14:29:00Z,ARR,med,9.0
61,True,True,MONTRÉAL,TORONTO,2025-12-06,4,Belleville,BLVL,2025-12-06T15:22:32Z,2025-12-06T15:11:00Z,ARR,med,11.0
61,True,True,MONTRÉAL,TORONTO,2025-12-06,5,Oshawa,OSHA,2025-12-06T16:39:17Z,2025-12-06T16:19:00Z,ARR,bad,20.0
61,True,True,MONTRÉAL,TORONTO,2025-12-06,6,Guildwood,GUIL,2025-12-06T16:59:22Z,2025-12-06T16:43:00Z,ARR,med,16.0
61,True,True,MONTRÉAL,TORONTO,2025-12-06,7,Toronto,TRTO,2025-12-06T17:22:19Z,2025-12-06T17:03:00Z,ARR,med,19.0
64,True,True,TORONTO,MONTRÉAL,2025-12-06,0,Toronto,TRTO,2025-12-06T16:54:28Z,2025-12-06T16:38:00Z,ARR,med,16.0
64,True,True,TORONTO,MONTRÉAL,2025-12-06,1,Guildwood,GUIL,2025-12-06T17:24:04Z,2025-12-06T16:55:00Z,ARR,bad,29.0
64,True,True,TORONTO,MONTRÉAL,2025-12-06,2,Oshawa,OSHA,2025-12-06T17:46:11Z,2025-12-06T17:09:00Z,ARR,bad,37.0
64,True,True,TORONTO,MONTRÉAL,2025-12-06,3,Cobourg,CBRG,2025-12-06T18:27:54Z,2025-12-06T17:46:00Z,ARR,bad,41.0
64,True,True,TORONTO,MONTRÉAL,2025-12-06,4,Belleville,BLVL,2025-12-06T19:03:49Z,2025-12-06T18:22:00Z,ARR,bad,41.0
64,True,True,TORONTO,MONTRÉAL,2025-12-06,5,Kingston,KGON,2025-12-06T19:41:02Z,2025-12-06T19:03:00Z,ARR,bad,38.0
64,True,True,TORONTO,MONTRÉAL,2025-12-06,6,Brockville,BRKV,2025-12-06T20:26:30Z,2025-12-06T19:52:00Z,ARR,bad,34.0
64,True,True,TORONTO,MONTRÉAL,2025-12-06,7,Cornwall,CWLL,2025-12-06T21:12:03Z,2025-12-06T20:42:00Z,ARR,bad,30.0
64,True,True,TORONTO,MONTRÉAL,2025-12-06,8,Dorval,DORV,2025-12-06T22:14:44Z,2025-12-06T21:37:00Z,ARR,bad,37.0
64,True,True,TORONTO,MONTRÉAL,2025-12-06,9,Montréal,MTRL,2025-12-06T22:53:50Z,2025-12-06T22:05:00Z,ARR,bad,48.0
65,True,True,MONTRÉAL,TORONTO,2025-12-06,0,Montréal,MTRL,2025-12-06T15:52:30Z,2025-12-06T15:49:00Z,ARR,goo,3.0
65,True,True,MONTRÉAL,TORONTO,2025-12-06,1,Dorval,DORV,2025-12-06T16:18:51Z,2025-12-06T16:12:00Z,ARR,med,6.0
65,True,True,MONTRÉAL,TORONTO,2025-12-06,2,Cornwall,CWLL,2025-12-06T17:06:14Z,2025-12-06T17:06:00Z,ARR,goo,0.0
65,True,True,MONTRÉAL,TORONTO,2025-12-06,3,Kingston,KGON,2025-12-06T19:29:02Z,2025-12-06T18:36:00Z,ARR,bad,53.0
65,True,True,MONTRÉAL,TORONTO,2025-12-06,4,Belleville,BLVL,2025-12-06T20:11:44Z,2025-12-06T19:20:00Z,ARR,bad,51.0
65,True,True,MONTRÉAL,TORONTO,2025-12-06,5,Cobourg,CBRG,2025-12-06T20:47:33Z,2025-12-06T19:58:00Z,ARR,bad,49.0
65,True,True,MONTRÉAL,TORONTO,2025-12-06,6,Oshawa,OSHA,2025-12-06T21:31:17Z,2025-12-06T20:34:00Z,ARR,bad,57.0
65,True,True,MONTRÉAL,TORONTO,2025-12-06,7,Toronto,TRTO,2025-12-06T22:12:44Z,2025-12-06T21:18:00Z,ARR,bad,54.0
67,True,True,MONTRÉAL,TORONTO,2025-12-06,0,Montréal,MTRL,2025-12-06T18:22:00Z,2025-12-06T18:22:00Z,ARR,goo,0.0
67,True,True,MONTRÉAL,TORONTO,2025-12-06,1,Dorval,DORV,2025-12-06T18:51:46Z,2025-12-06T18:47:00Z,ARR,goo,4.0
67,True,True,MONTRÉAL,TORONTO,2025-12-06,2,Cornwall,CWLL,2025-12-06T19:41:22Z,2025-12-06T19:38:00Z,ARR,goo,3.0
67,True,True,MONTRÉAL,TORONTO,2025-12-06,3,Kingston,KGON,2025-12-06T21:08:58Z,2025-12-06T21:03:00Z,ARR,goo,5.0
67,True,True,MONTRÉAL,TORONTO,2025-12-06,4,Belleville,BLVL,2025-12-06T21:47:18Z,2025-12-06T21:42:00Z,ARR,goo,5.0
67,True,True,MONTRÉAL,TORONTO,2025-12-06,5,Cobourg,CBRG,2025-12-06T22:20:40Z,2025-12-06T22:17:00Z,ARR,goo,3.0
67,True,True,MONTRÉAL,TORONTO,2025-12-06,6,Oshawa,OSHA,2025-12-06T22:53:43Z,2025-12-06T22:50:00Z,ARR,goo,3.0
67,True,True,MONTRÉAL,TORONTO,2025-12-06,7,Toronto,TRTO,2025-12-06T23:46:01Z,2025-12-06T23:45:00Z,ARR,goo,1.0
70,True,True,WINDSOR,TORONTO,2025-12-06,0,Windsor,WDON,2025-12-06T10:35:00Z,2025-12-06T10:35:00Z,ARR,goo,0.0
70,True,True,WINDSOR,TORONTO,2025-12-06,1,Chatham,CHAT,2025-12-06T11:20:42Z,2025-12-06T11:19:00Z,ARR,goo,1.0
70,True,True,WINDSOR,TORONTO,2025-12-06,2,London,LNDN,2025-12-06T12:33:07Z,2025-12-06T12:25:00Z,ARR,med,8.0
70,True,True,WINDSOR,TORONTO,2025-12-06,3,Ingersoll,INGR,2025-12-06T12:59:57Z,2025-12-06T12:55:00Z,ARR,goo,4.0
70,True,True,WINDSOR,TORONTO,2025-12-06,4,Woodstock,WDST,2025-12-06T13:10:11Z,2025-12-06T13:08:00Z,ARR,goo,2.0
70,True,True,WINDSOR,TORONTO,2025-12-06,5,Brantford,BRTF,2025-12-06T13:39:56Z,2025-12-06T13:44:00Z,ARR,goo,-4.0
70,True,True,WINDSOR,TORONTO,2025-12-06,6,Aldershot,ALDR,2025-12-06T14:17:41Z,2025-12-06T14:25:00Z,ARR,goo,-7.0
70,True,True,WINDSOR,TORONTO,2025-12-06,7,Toronto,TRTO,2025-12-06T16:01:38Z,2025-12-06T15:50:00Z,ARR,med,11.0
71,True,True,TORONTO,WINDSOR,2025-12-06,0,Toronto,TRTO,2025-12-06T11:50:00Z,2025-12-06T11:50:00Z,ARR,goo,0.0
71,True,True,TORONTO,WINDSOR,2025-12-06,1,Aldershot,ALDR,2025-12-06T13:47:30Z,2025-12-06T13:09:00Z,ARR,bad,38.0
71,True,True,TORONTO,WINDSOR,2025-12-06,2,Brantford,BRTF,2025-12-06T14:24:05Z,2025-12-06T13:35:00Z,ARR,bad,49.0
71,True,True,TORONTO,WINDSOR,2025-12-06,3,Woodstock,WDST,2025-12-06T14:57:04Z,2025-12-06T14:10:00Z,ARR,bad,47.0
71,True,True,TORONTO,WINDSOR,2025-12-06,4,Ingersoll,INGR,2025-12-06T15:10:38Z,2025-12-06T14:23:00Z,ARR,bad,47.0
71,True,True,TORONTO,WINDSOR,2025-12-06,5,London,LNDN,2025-12-06T15:35:41Z,2025-12-06T14:46:00Z,ARR,bad,49.0
71,True,True,TORONTO,WINDSOR,2025-12-06,6,Glencoe,GLNC,2025-12-06T16:10:22Z,2025-12-06T15:19:00Z,ARR,bad,51.0
71,True,True,TORONTO,WINDSOR,2025-12-06,7,Chatham,CHAT,2025-12-06T16:59:19Z,2025-12-06T15:58:00Z,ARR,bad,61.0
71,True,True,TORONTO,WINDSOR,2025-12-06,8,Windsor,WDON,2025-12-06T17:52:12Z,2025-12-06T16:48:00Z,ARR,bad,64.0
72,True,True,WINDSOR,TORONTO,2025-12-06,0,Windsor,WDON,2025-12-06T13:43:13Z,2025-12-06T13:43:00Z,ARR,goo,0.0
72,True,True,WINDSOR,TORONTO,2025-12-06,1,Chatham,CHAT,2025-12-06T14:30:38Z,2025-12-06T14:25:00Z,ARR,goo,5.0
72,True,True,WINDSOR,TORONTO,2025-12-06,2,Glencoe,GLNC,2025-12-06T15:17:04Z,2025-12-06T15:05:00Z,ARR,med,12.0
72,True,True,WINDSOR,TORONTO,2025-12-06,3,London,LNDN,2025-12-06T15:49:26Z,2025-12-06T15:39:00Z,ARR,med,10.0
72,True,True,WINDSOR,TORONTO,2025-12-06,4,Ingersoll,INGR,2025-12-06T16:17:19Z,2025-12-06T16:07:00Z,ARR,med,10.0
72,True,True,WINDSOR,TORONTO,2025-12-06,5,Woodstock,WDST,2025-12-06T16:28:46Z,2025-12-06T16:23:00Z,ARR,goo,5.0
72,True,True,WINDSOR,TORONTO,2025-12-06,6,Brantford,BRTF,2025-12-06T17:02:49Z,2025-12-06T16:55:00Z,ARR,med,7.0
72,True,True,WINDSOR,TORONTO,2025-12-06,7,Aldershot,ALDR,2025-12-06T17:33:34Z,2025-12-06T17:29:00Z,ARR,goo,4.0
72,True,True,WINDSOR,TORONTO,2025-12-06,8,Toronto,TRTO,2025-12-06T19:05:42Z,2025-12-06T18:51:00Z,ARR,med,14.0
73,True,True,TORONTO,WINDSOR,2025-12-06,0,Toronto,TRTO,2025-12-06T16:30:00Z,2025-12-06T16:30:00Z,ARR,goo,0.0
73,True,True,TORONTO,WINDSOR,2025-12-06,1,Aldershot,ALDR,2025-12-06T18:36:42Z,2025-12-06T17:49:00Z,ARR,bad,47.0
73,True,True,TORONTO,WINDSOR,2025-12-06,2,Brantford,BRTF,2025-12-06T19:08:47Z,2025-12-06T18:20:00Z,ARR,bad,48.0
73,True,True,TORONTO,WINDSOR,2025-12-06,3,Woodstock,WDST,2025-12-06T19:37:57Z,2025-12-06T18:49:00Z,ARR,bad,48.0
73,True,True,TORONTO,WINDSOR,2025-12-06,4,London,LNDN,2025-12-06T20:12:35Z,2025-12-06T19:18:00Z,ARR,bad,54.0
73,True,True,TORONTO,WINDSOR,2025-12-06,5,Chatham,CHAT,2025-12-06T21:31:36Z,2025-12-06T20:30:00Z,ARR,bad,61.0
73,True,True,TORONTO,WINDSOR,2025-12-06,6,Windsor,WDON,2025-12-06T22:19:50Z,2025-12-06T21:25:00Z,ARR,bad,54.0
76,True,True,WINDSOR,TORONTO,2025-12-06,0,Windsor,WDON,2025-12-06T18:07:38Z,2025-12-06T18:06:00Z,ARR,goo,1.0
76,True,True,WINDSOR,TORONTO,2025-12-06,1,Chatham,CHAT,2025-12-06T18:51:08Z,2025-12-06T18:48:01Z,ARR,goo,3.0
76,True,True,WINDSOR,TORONTO,2025-12-06,2,Glencoe,GLNC,2025-12-06T19:37:37Z,2025-12-06T19:23:00Z,ARR,med,14.0
76,True,True,WINDSOR,TORONTO,2025-12-06,3,London,LNDN,2025-12-06T20:23:39Z,2025-12-06T19:58:00Z,ARR,bad,25.0
76,True,True,WINDSOR,TORONTO,2025-12-06,4,Brantford,BRTF,2025-12-06T21:26:30Z,2025-12-06T20:59:00Z,ARR,bad,27.0
76,True,True,WINDSOR,TORONTO,2025-12-06,5,Aldershot,ALDR,2025-12-06T21:55:13Z,2025-12-06T21:30:00Z,ARR,bad,25.0
76,True,True,WINDSOR,TORONTO,2025-12-06,6,Toronto,TRTO,2025-12-06T23:25:09Z,2025-12-06T22:53:00Z,ARR,bad,32.0
82,True,True,LONDON,TORONTO,2025-12-06,0,London,LNDN,2025-12-06T11:25:00Z,2025-12-06T11:25:00Z,ARR,goo,0.0
82,True,True,LONDON,TORONTO,2025-12-06,1,Woodstock,WDST,2025-12-06T11:58:10Z,2025-12-06T11:53:00Z,ARR,goo,5.0
82,True,True,LONDON,TORONTO,2025-12-06,2,Brantford,BRTF,2025-12-06T12:30:09Z,2025-12-06T12:23:00Z,ARR,med,7.0
82,True,True,LONDON,TORONTO,2025-12-06,3,Toronto,TRTO,2025-12-06T14:42:05Z,2025-12-06T14:15:00Z,ARR,bad,27.0
84,True,True,SARNIA,TORONTO,2025-12-06,0,Sarnia,SARN,2025-12-06T13:40:00Z,2025-12-06T13:40:00Z,ARR,goo,0.0
84,True,True,SARNIA,TORONTO,2025-12-06,1,Wyoming,WYOM,2025-12-06T13:59:38Z,2025-12-06T13:55:00Z,ARR,goo,4.0
84,True,True,SARNIA,TORONTO,2025-12-06,2,Strathroy,STRR,2025-12-06T14:25:00Z,2025-12-06T14:27:00Z,ARR,goo,-2.0
84,True,True,SARNIA,TORONTO,2025-12-06,3,London,LNDN,2025-12-06T14:51:10Z,2025-12-06T14:52:00Z,ARR,goo,0.0
84,True,True,SARNIA,TORONTO,2025-12-06,4,St.Marys,SMYS,2025-12-06T15:50:33Z,2025-12-06T15:45:00Z,ARR,goo,5.0
84,True,True,SARNIA,TORONTO,2025-12-06,5,Stratford,STRF,2025-12-06T16:19:46Z,2025-12-06T16:14:00Z,ARR,goo,5.0
84,True,True,SARNIA,TORONTO,2025-12-06,6,Kitchener,KITC,2025-12-06T17:07:31Z,2025-12-06T17:02:00Z,ARR,goo,5.0
84,True,True,SARNIA,TORONTO,2025-12-06,7,Guelph,GUEL,2025-12-06T17:35:16Z,2025-12-06T17:24:00Z,ARR,med,11.0
84,True,True,SARNIA,TORONTO,2025-12-06,8,Georgetown,GEOR,2025-12-06T18:01:28Z,2025-12-06T17:47:00Z,ARR,med,14.0
84,True,True,SARNIA,TORONTO,2025-12-06,9,Brampton,BRMP,2025-12-06T18:14:18Z,2025-12-06T17:59:00Z,ARR,med,15.0
84,True,True,SARNIA,TORONTO,2025-12-06,10,Malton,MALT,2025-12-06T18:27:00Z,2025-12-06T18:11:00Z,ARR,med,16.0
84,True,True,SARNIA,TORONTO,2025-12-06,11,Toronto,TRTO,2025-12-06T18:46:25Z,2025-12-06T18:38:00Z,ARR,med,8.0
644,True,True,TORONTO,OTTAWA,2025-12-06,0,Toronto,TRTO,2025-12-06T18:23:29Z,2025-12-06T18:23:00Z,ARR,goo,0.0
644,True,True,TORONTO,OTTAWA,2025-12-06,1,Oshawa,OSHA,2025-12-06T18:56:03Z,2025-12-06T18:53:00Z,ARR,goo,3.0
644,True,True,TORONTO,OTTAWA,2025-12-06,2,Cobourg,CBRG,2025-12-06T19:36:54Z,2025-12-06T19:28:00Z,ARR,med,8.0
644,True,True,TORONTO,OTTAWA,2025-12-06,3,Belleville,BLVL,2025-12-06T20:11:03Z,2025-12-06T20:03:00Z,ARR,med,8.0
644,True,True,TORONTO,OTTAWA,2025-12-06,4,Kingston,KGON,2025-12-06T20:46:17Z,2025-12-06T20:43:00Z,ARR,goo,3.0
644,True,True,TORONTO,OTTAWA,2025-12-06,5,Fallowfield,FALL,2025-12-06T22:47:37Z,2025-12-06T22:30:00Z,ARR,med,17.0
644,True,True,TORONTO,OTTAWA,2025-12-06,6,Ottawa,OTTW,2025-12-06T23:08:46Z,2025-12-06T22:53:00Z,ARR,med,15.0
643,True,True,OTTAWA,TORONTO,2025-12-06,0,Ottawa,OTTW,2025-12-06T13:29:00Z,2025-12-06T13:29:00Z,ARR,goo,0.0
643,True,True,OTTAWA,TORONTO,2025-12-06,1,Fallowfield,FALL,2025-12-06T13:46:20Z,2025-12-06T13:45:00Z,ARR,goo,1.0
643,True,True,OTTAWA,TORONTO,2025-12-06,2,Smiths Falls,SMTF,2025-12-06T14:20:09Z,2025-12-06T14:17:00Z,ARR,goo,3.0
643,True,True,OTTAWA,TORONTO,2025-12-06,3,Brockville,BRKV,2025-12-06T14:55:44Z,2025-12-06T14:49:00Z,ARR,med,6.0
643,True,True,OTTAWA,TORONTO,2025-12-06,4,Kingston,KGON,2025-12-06T15:41:47Z,2025-12-06T15:32:00Z,ARR,med,9.0
643,True,True,OTTAWA,TORONTO,2025-12-06,5,Napanee,NAPN,2025-12-06T16:12:22Z,2025-12-06T15:57:00Z,ARR,med,15.0
643,True,True,OTTAWA,TORONTO,2025-12-06,6,Belleville,BLVL,2025-12-06T16:32:23Z,2025-12-06T16:17:00Z,ARR,med,15.0
643,True,True,OTTAWA,TORONTO,2025-12-06,7,Trenton Jct.,TRNJ,2025-12-06T16:57:29Z,2025-12-06T16:31:00Z,ARR,bad,26.0
643,True,True,OTTAWA,TORONTO,2025-12-06,8,Cobourg,CBRG,2025-12-06T17:48:48Z,2025-12-06T16:57:00Z,ARR,bad,51.0
643,True,True,OTTAWA,TORONTO,2025-12-06,9,Port Hope,PHOP,2025-12-06T18:00:11Z,2025-12-06T17:07:00Z,ARR,bad,53.0
643,True,True,OTTAWA,TORONTO,2025-12-06,10,Oshawa,OSHA,2025-12-06T18:27:22Z,2025-12-06T17:35:00Z,ARR,bad,52.0
643,True,True,OTTAWA,TORONTO,2025-12-06,11,Guildwood,GUIL,2025-12-06T18:49:38Z,2025-12-06T17:58:00Z,ARR,bad,51.0
643,True,True,OTTAWA,TORONTO,2025-12-06,12,Toronto,TRTO,2025-12-06T19:13:06Z,2025-12-06T18:18:00Z,ARR,bad,55.0
62,True,True,TORONTO,MONTRÉAL,2025-12-06,0,Toronto,TRTO,2025-12-06T13:32:00Z,2025-12-06T13:32:00Z,ARR,goo,0.0
62,True,True,TORONTO,MONTRÉAL,2025-12-06,1,Guildwood,GUIL,2025-12-06T13:48:34Z,2025-12-06T13:50:00Z,ARR,goo,-1.0
62,True,True,TORONTO,MONTRÉAL,2025-12-06,2,Oshawa,OSHA,2025-12-06T14:09:24Z,2025-12-06T14:09:00Z,ARR,goo,0.0
62,True,True,TORONTO,MONTRÉAL,2025-12-06,3,Cobourg,CBRG,2025-12-06T14:56:23Z,2025-12-06T14:44:00Z,ARR,med,12.0
62,True,True,TORONTO,MONTRÉAL,2025-12-06,4,Belleville,BLVL,2025-12-06T15:32:35Z,2025-12-06T15:20:00Z,ARR,med,12.0
62,True,True,TORONTO,MONTRÉAL,2025-12-06,5,Kingston,KGON,2025-12-06T16:09:53Z,2025-12-06T16:00:00Z,ARR,med,9.0
62,True,True,TORONTO,MONTRÉAL,2025-12-06,6,Cornwall,CWLL,2025-12-06T17:43:23Z,2025-12-06T17:43:00Z,ARR,goo,0.0
62,True,True,TORONTO,MONTRÉAL,2025-12-06,7,Dorval,DORV,2025-12-06T18:32:33Z,2025-12-06T18:34:00Z,ARR,goo,-1.0
62,True,True,TORONTO,MONTRÉAL,2025-12-06,8,Montréal,MTRL,2025-12-06T18:56:49Z,2025-12-06T19:00:00Z,ARR,goo,-3.0
97,True,True,TORONTO,NIAGARA FALLS,2025-12-06,0,Toronto,TRTO,2025-12-06T13:20:00Z,2025-12-06T13:20:00Z,ARR,goo,0.0
97,True,True,TORONTO,NIAGARA FALLS,2025-12-06,1,Aldershot,ALDR,2025-12-06T14:39:00Z,2025-12-06T14:39:00Z,ARR,goo,0.0
97,True,True,TORONTO,NIAGARA FALLS,2025-12-06,2,Grimsby,GRIM,2025-12-06T15:22:00Z,2025-12-06T15:17:00Z,ARR,goo,5.0
97,True,True,TORONTO,NIAGARA FALLS,2025-12-06,3,St. Catharines,SCAT,2025-12-06T15:40:00Z,2025-12-06T15:37:00Z,ARR,goo,3.0
97,True,True,TORONTO,NIAGARA FALLS,2025-12-06,4,Niagara Falls,NIAG,2025-12-06T16:03:00Z,2025-12-06T16:00:00Z,ARR,goo,3.0
622,True,True,MONTRÉAL,QUÉBEC,2025-12-06,0,Montréal,MTRL,2025-12-06T13:20:00Z,2025-12-06T13:20:00Z,ARR,goo,0.0
622,True,True,MONTRÉAL,QUÉBEC,2025-12-06,1,St. Lambert,SLAM,2025-12-06T13:35:07Z,2025-12-06T13:33:00Z,ARR,goo,2.0
622,True,True,MONTRÉAL,QUÉBEC,2025-12-06,2,St. Hyacinthe,SHYA,2025-12-06T14:05:40Z,2025-12-06T14:00:00Z,ARR,goo,5.0
622,True,True,MONTRÉAL,QUÉBEC,2025-12-06,3,Drummondville,DRMV,2025-12-06T14:40:53Z,2025-12-06T14:29:00Z,ARR,med,11.0
622,True,True,MONTRÉAL,QUÉBEC,2025-12-06,4,Ste-Foy,SFOY,2025-12-06T16:19:16Z,2025-12-06T16:11:00Z,ARR,med,8.0
622,True,True,MONTRÉAL,QUÉBEC,2025-12-06,5,Québec,QBEC,2025-12-06T16:48:17Z,2025-12-06T16:39:00Z,ARR,med,9.0
45,True,True,OTTAWA,TORONTO,2025-12-06,0,Ottawa,OTTW,2025-12-06T15:24:00Z,2025-12-06T15:24:00Z,ARR,goo,0.0
45,True,True,OTTAWA,TORONTO,2025-12-06,1,Fallowfield,FALL,2025-12-06T15:40:26Z,2025-12-06T15:40:00Z,ARR,goo,0.0
45,True,True,OTTAWA,TORONTO,2025-12-06,2,Kingston,KGON,2025-12-06T17:35:35Z,2025-12-06T17:26:00Z,ARR,med,9.0
45,True,True,OTTAWA,TORONTO,2025-12-06,3,Toronto,TRTO,2025-12-06T20:13:25Z,2025-12-06T19:48:00Z,ARR,bad,25.0
633,True,True,MONTRÉAL,OTTAWA,2025-12-06,0,Montréal,MTRL,2025-12-06T14:00:00Z,2025-12-06T14:00:00Z,ARR,goo,0.0
633,True,True,MONTRÉAL,OTTAWA,2025-12-06,1,Dorval,DORV,2025-12-06T14:23:13Z,2025-12-06T14:24:00Z,ARR,goo,0.0
633,True,True,MONTRÉAL,OTTAWA,2025-12-06,2,Alexandria,ALEX,2025-12-06T15:11:07Z,2025-12-06T15:11:00Z,ARR,goo,0.0
633,True,True,MONTRÉAL,OTTAWA,2025-12-06,3,Casselman,CSLM,2025-12-06T16:06:38Z,2025-12-06T15:34:00Z,ARR,bad,32.0
633,True,True,MONTRÉAL,OTTAWA,2025-12-06,4,Ottawa,OTTW,2025-12-06T16:33:00Z,2025-12-06T16:05:00Z,ARR,bad,28.0
185,True,True,SUDBURY,WHITE RIVER,2025-12-06,0,Sudbury,SUDB,2025-12-06T14:48:52Z,2025-12-06T14:00:00Z,ARR,bad,48.0
185,True,True,SUDBURY,WHITE RIVER,2025-12-06,1,Azilda,AZIL,2025-12-06T15:13:20Z,2025-12-06T14:10:00Z,ARR,bad,63.0
185,True,True,SUDBURY,WHITE RIVER,2025-12-06,2,Chelmsford,CHEL,2025-12-06T15:16:29Z,2025-12-06T14:15:00Z,ARR,bad,61.0
185,True,True,SUDBURY,WHITE RIVER,2025-12-06,3,Larchwood,LARC,2025-12-06T15:20:29Z,2025-12-06T14:19:00Z,ARR,bad,61.0
185,True,True,SUDBURY,WHITE RIVER,2025-12-06,4,Levack,LEVA,2025-12-06T15:30:22Z,2025-12-06T14:30:00Z,ARR,bad,60.0
185,True,True,SUDBURY,WHITE RIVER,2025-12-06,5,Cartier,CART,2025-12-06T15:42:56Z,2025-12-06T14:45:00Z,ARR,bad,57.0
185,True,True,SUDBURY,WHITE RIVER,2025-12-06,6,Benny,BENN,2025-12-06T15:56:57Z,2025-12-06T15:05:00Z,ARR,bad,51.0
185,True,True,SUDBURY,WHITE RIVER,2025-12-06,7,Stralak,STRL,2025-12-06T16:01:41Z,2025-12-06T15:12:00Z,ARR,bad,49.0
185,True,True,SUDBURY,WHITE RIVER,2025-12-06,8,Pogamasing,POGA,2025-12-06T16:13:41Z,2025-12-06T15:25:00Z,ARR,bad,48.0
185,True,True,SUDBURY,WHITE RIVER,2025-12-06,9,Sheahan,SHEA,2025-12-06T16:18:58Z,2025-12-06T15:30:00Z,ARR,bad,48.0
185,True,True,SUDBURY,WHITE RIVER,2025-12-06,10,Forks,FRKS,2025-12-06T16:27:39Z,2025-12-06T15:40:00Z,ARR,bad,47.0
185,True,True,SUDBURY,WHITE RIVER,2025-12-06,11,Metagama,MTGM,2025-12-06T16:37:39Z,2025-12-06T15:50:00Z,ARR,bad,47.0
185,True,True,SUDBURY,WHITE RIVER,2025-12-06,12,Sinker,SNKR,2025-12-06T16:42:39Z,2025-12-06T15:55:00Z,ARR,bad,47.0
185,True,True,SUDBURY,WHITE RIVER,2025-12-06,13,Biscotasing,BISC,2025-12-06T17:08:29Z,2025-12-06T16:20:00Z,ARR,bad,48.0
185,True,True,SUDBURY,WHITE RIVER,2025-12-06,14,Roberts,RBRT,2025-12-06T17:18:29Z,2025-12-06T16:30:00Z,ARR,bad,48.0
185,True,True,SUDBURY,WHITE RIVER,2025-12-06,15,Ramsey,RAMS,2025-12-06T17:33:29Z,2025-12-06T16:45:00Z,ARR,bad,48.0
185,True,True,SUDBURY,WHITE RIVER,2025-12-06,16,Woman River,WOMR,2025-12-06T17:53:29Z,2025-12-06T17:05:00Z,ARR,bad,48.0
185,True,True,SUDBURY,WHITE RIVER,2025-12-06,17,Sultan,SULT,2025-12-06T18:08:29Z,2025-12-06T17:20:00Z,ARR,bad,48.0
185,True,True,SUDBURY,WHITE RIVER,2025-12-06,18,Kormak,KORM,2025-12-06T18:23:29Z,2025-12-06T17:35:00Z,ARR,bad,48.0
185,True,True,SUDBURY,WHITE RIVER,2025-12-06,19,Kinogama,KINO,2025-12-06T18:28:29Z,2025-12-06T17:40:00Z,ARR,bad,48.0
185,True,True,SUDBURY,WHITE RIVER,2025-12-06,20,Nemegos,NEME,2025-12-06T18:43:16Z,2025-12-06T17:55:00Z,ARR,bad,48.0
185,True,True,SUDBURY,WHITE RIVER,2025-12-06,21,Devon,DEVN,2025-12-06T18:52:44Z,2025-12-06T18:05:00Z,ARR,bad,47.0
185,True,True,SUDBURY,WHITE RIVER,2025-12-06,22,Chapleau,CHAP,2025-12-06T19:10:49Z,2025-12-06T18:20:00Z,ARR,bad,50.0
185,True,True,SUDBURY,WHITE RIVER,2025-12-06,23,Esher,ESHR,2025-12-06T19:28:18Z,2025-12-06T18:50:00Z,ARR,bad,38.0
185,True,True,SUDBURY,WHITE RIVER,2025-12-06,24,Musk,MUSK,2025-12-06T19:39:15Z,2025-12-06T19:00:00Z,ARR,bad,39.0
185,True,True,SUDBURY,WHITE RIVER,2025-12-06,25,Nicholson,NICH,2025-12-06T19:45:18Z,2025-12-06T19:10:00Z,ARR,bad,35.0
185,True,True,SUDBURY,WHITE RIVER,2025-12-06,26,Bolkow,BOLK,2025-12-06T20:39:21Z,2025-12-06T19:30:00Z,ARR,bad,69.0
185,True,True,SUDBURY,WHITE RIVER,2025-12-06,27,Dalton,DALT,2025-12-06T20:54:21Z,2025-12-06T19:45:00Z,ARR,bad,69.0
185,True,True,SUDBURY,WHITE RIVER,2025-12-06,28,Missanabie,MSBI,2025-12-06T21:19:21Z,2025-12-06T20:10:00Z,ARR,bad,69.0
185,True,True,SUDBURY,WHITE RIVER,2025-12-06,29,Lochalsh,LOCH,2025-12-06T21:26:36Z,2025-12-06T20:30:00Z,ARR,bad,56.0
185,True,True,SUDBURY,WHITE RIVER,2025-12-06,30,Franz,FRNZ,2025-12-06T21:44:56Z,2025-12-06T20:50:00Z,ARR,bad,54.0
185,True,True,SUDBURY,WHITE RIVER,2025-12-06,31,Swanson,SWAN,2025-12-06T21:54:30Z,2025-12-06T21:00:00Z,ARR,bad,54.0
185,True,True,SUDBURY,WHITE RIVER,2025-12-06,32,Girdwood,GIRD,2025-12-06T22:11:58Z,2025-12-06T21:25:00Z,ARR,bad,46.0
185,True,True,SUDBURY,WHITE RIVER,2025-12-06,33,Amyot,AMYO,2025-12-06T22:22:59Z,2025-12-06T21:35:00Z,ARR,bad,47.0
185,True,True,SUDBURY,WHITE RIVER,2025-12-06,34,O'Brien,OBRI,2025-12-06T22:37:01Z,2025-12-06T21:50:00Z,ARR,bad,47.0
185,True,True,SUDBURY,WHITE RIVER,2025-12-06,35,White River,WHTR,2025-12-06T22:58:32Z,2025-12-06T22:05:00Z,ARR,bad,53.0
637,True,True,QUÉBEC,OTTAWA,2025-12-06,0,Québec,QBEC,2025-12-06T15:00:00Z,2025-12-06T15:00:00Z,ARR,goo,0.0
637,True,True,QUÉBEC,OTTAWA,2025-12-06,1,Ste-Foy,SFOY,2025-12-06T15:27:24Z,2025-12-06T15:25:00Z,ARR,goo,2.0
637,True,True,QUÉBEC,OTTAWA,2025-12-06,2,Drummondville,DRMV,2025-12-06T17:07:53Z,2025-12-06T17:08:00Z,ARR,goo,0.0
637,True,True,QUÉBEC,OTTAWA,2025-12-06,3,St. Lambert,SLAM,2025-12-06T18:16:48Z,2025-12-06T18:16:00Z,ARR,goo,0.0
637,True,True,QUÉBEC,OTTAWA,2025-12-06,4,Montréal,MTRL,2025-12-06T18:32:59Z,2025-12-06T18:31:00Z,ARR,goo,1.0
637,True,True,QUÉBEC,OTTAWA,2025-12-06,5,Dorval,DORV,2025-12-06T19:22:13Z,2025-12-06T19:20:00Z,ARR,goo,2.0
637,True,True,QUÉBEC,OTTAWA,2025-12-06,6,Alexandria,ALEX,2025-12-06T20:23:10Z,2025-12-06T20:10:00Z,ARR,med,13.0
637,True,True,QUÉBEC,OTTAWA,2025-12-06,7,Ottawa,OTTW,2025-12-06T21:05:35Z,2025-12-06T20:56:00Z,ARR,med,9.0
47,True,True,OTTAWA,TORONTO,2025-12-06,0,Ottawa,OTTW,2025-12-06T17:23:00Z,2025-12-06T17:23:00Z,ARR,goo,0.0
47,True,True,OTTAWA,TORONTO,2025-12-06,1,Fallowfield,FALL,2025-12-06T17:39:19Z,2025-12-06T17:40:00Z,ARR,goo,0.0
47,True,True,OTTAWA,TORONTO,2025-12-06,2,Smiths Falls,SMTF,2025-12-06T18:11:26Z,2025-12-06T18:18:00Z,ARR,goo,-6.0
47,True,True,OTTAWA,TORONTO,2025-12-06,3,Brockville,BRKV,2025-12-06T18:41:01Z,2025-12-06T18:54:00Z,ARR,goo,-12.0
47,True,True,OTTAWA,TORONTO,2025-12-06,4,Gananoque,GANA,2025-12-06T19:23:29Z,2025-12-06T19:22:00Z,ARR,goo,1.0
47,True,True,OTTAWA,TORONTO,2025-12-06,5,Kingston,KGON,2025-12-06T19:47:18Z,2025-12-06T19:45:00Z,ARR,goo,2.0
47,True,True,OTTAWA,TORONTO,2025-12-06,6,Belleville,BLVL,2025-12-06T20:29:57Z,2025-12-06T20:26:00Z,ARR,goo,3.0
47,True,True,OTTAWA,TORONTO,2025-12-06,7,Oshawa,OSHA,2025-12-06T21:45:02Z,2025-12-06T21:33:00Z,ARR,med,12.0
47,True,True,OTTAWA,TORONTO,2025-12-06,8,Guildwood,GUIL,2025-12-06T22:11:52Z,2025-12-06T21:58:00Z,ARR,med,13.0
47,True,True,OTTAWA,TORONTO,2025-12-06,9,Toronto,TRTO,2025-12-06T22:30:24Z,2025-12-06T22:30:00Z,ARR,goo,0.0
624,True,True,OTTAWA,QUÉBEC,2025-12-06,0,Ottawa,OTTW,2025-12-06T12:45:00Z,2025-12-06T12:45:00Z,ARR,goo,0.0
624,True,True,OTTAWA,QUÉBEC,2025-12-06,1,Alexandria,ALEX,2025-12-06T13:27:26Z,2025-12-06T13:31:00Z,ARR,goo,-3.0
624,True,True,OTTAWA,QUÉBEC,2025-12-06,2,Dorval,DORV,2025-12-06T14:19:54Z,2025-12-06T14:16:00Z,ARR,goo,3.0
624,True,True,OTTAWA,QUÉBEC,2025-12-06,3,Montréal,MTRL,2025-12-06T14:44:11Z,2025-12-06T14:39:00Z,ARR,goo,5.0
624,True,True,OTTAWA,QUÉBEC,2025-12-06,4,St. Lambert,SLAM,2025-12-06T15:29:51Z,2025-12-06T15:28:00Z,ARR,goo,1.0
624,True,True,OTTAWA,QUÉBEC,2025-12-06,5,St. Hyacinthe,SHYA,2025-12-06T16:00:42Z,2025-12-06T16:06:00Z,ARR,goo,-5.0
624,True,True,OTTAWA,QUÉBEC,2025-12-06,6,Drummondville,DRMV,2025-12-06T16:32:17Z,2025-12-06T16:34:00Z,ARR,goo,-1.0
624,True,True,OTTAWA,QUÉBEC,2025-12-06,7,Charny,CHNY,2025-12-06T18:02:21Z,2025-12-06T18:13:00Z,ARR,goo,-10.0
624,True,True,OTTAWA,QUÉBEC,2025-12-06,8,Ste-Foy,SFOY,2025-12-06T18:21:59Z,2025-12-06T18:20:00Z,ARR,goo,1.0
624,True,True,OTTAWA,QUÉBEC,2025-12-06,9,Québec,QBEC,2025-12-06T18:51:28Z,2025-12-06T18:48:00Z,ARR,goo,3.0
63,True,True,MONTRÉAL,TORONTO,2025-12-06,0,Montréal,MTRL,2025-12-06T13:46:00Z,2025-12-06T13:46:00Z,ARR,goo,0.0
63,True,True,MONTRÉAL,TORONTO,2025-12-06,1,Dorval,DORV,2025-12-06T14:08:50Z,2025-12-06T14:11:00Z,ARR,goo,-2.0
63,True,True,MONTRÉAL,TORONTO,2025-12-06,2,Cornwall,CWLL,2025-12-06T15:04:13Z,2025-12-06T15:04:00Z,ARR,goo,0.0
63,True,True,MONTRÉAL,TORONTO,2025-12-06,3,Brockville,BRKV,2025-12-06T15:51:37Z,2025-12-06T15:54:00Z,ARR,goo,-2.0
63,True,True,MONTRÉAL,TORONTO,2025-12-06,4,Kingston,KGON,2025-12-06T16:44:25Z,2025-12-06T16:39:00Z,ARR,goo,5.0
63,True,True,MONTRÉAL,TORONTO,2025-12-06,5,Belleville,BLVL,2025-12-06T17:32:11Z,2025-12-06T17:20:00Z,ARR,med,12.0
63,True,True,MONTRÉAL,TORONTO,2025-12-06,6,Cobourg,CBRG,2025-12-06T18:10:44Z,2025-12-06T17:58:00Z,ARR,med,12.0
63,True,True,MONTRÉAL,TORONTO,2025-12-06,7,Oshawa,OSHA,2025-12-06T19:00:09Z,2025-12-06T18:34:00Z,ARR,bad,26.0
63,True,True,MONTRÉAL,TORONTO,2025-12-06,8,Guildwood,GUIL,2025-12-06T19:21:46Z,2025-12-06T18:58:00Z,ARR,bad,23.0
63,True,True,MONTRÉAL,TORONTO,2025-12-06,9,Toronto,TRTO,2025-12-06T19:43:28Z,2025-12-06T19:18:00Z,ARR,bad,25.0
40,True,True,TORONTO,OTTAWA,2025-12-06,0,Toronto,TRTO,2025-12-06T15:38:29Z,2025-12-06T15:38:00Z,ARR,goo,0.0
40,True,True,TORONTO,OTTAWA,2025-12-06,1,Belleville,BLVL,2025-12-06T17:57:24Z,2025-12-06T17:09:00Z,ARR,bad,48.0
40,True,True,TORONTO,OTTAWA,2025-12-06,2,Kingston,KGON,2025-12-06T18:39:35Z,2025-12-06T17:48:00Z,ARR,bad,51.0
40,True,True,TORONTO,OTTAWA,2025-12-06,3,Fallowfield,FALL,2025-12-06T20:36:57Z,2025-12-06T19:38:00Z,ARR,bad,58.0
40,True,True,TORONTO,OTTAWA,2025-12-06,4,Ottawa,OTTW,2025-12-06T20:56:24Z,2025-12-06T20:02:00Z,ARR,bad,54.0
35,True,True,QUÉBEC,OTTAWA,2025-12-06,0,Québec,QBEC,2025-12-06T13:06:00Z,2025-12-06T13:06:00Z,ARR,goo,0.0
35,True,True,QUÉBEC,OTTAWA,2025-12-06,1,Ste-Foy,SFOY,2025-12-06T13:32:08Z,2025-12-06T13:31:00Z,ARR,goo,1.0
35,True,True,QUÉBEC,OTTAWA,2025-12-06,2,Charny,CHNY,2025-12-06T13:41:53Z,2025-12-06T13:40:00Z,ARR,goo,1.0
35,True,True,QUÉBEC,OTTAWA,2025-12-06,3,Drummondville,DRMV,2025-12-06T14:59:22Z,2025-12-06T15:14:00Z,ARR,goo,-14.0
35,True,True,QUÉBEC,OTTAWA,2025-12-06,4,St. Hyacinthe,SHYA,2025-12-06T15:42:57Z,2025-12-06T15:44:00Z,ARR,goo,-1.0
35,True,True,QUÉBEC,OTTAWA,2025-12-06,5,St. Lambert,SLAM,2025-12-06T16:11:48Z,2025-12-06T16:11:00Z,ARR,goo,0.0
35,True,True,QUÉBEC,OTTAWA,2025-12-06,6,Montréal,MTRL,2025-12-06T16:29:44Z,2025-12-06T16:26:00Z,ARR,goo,3.0
35,True,True,QUÉBEC,OTTAWA,2025-12-06,7,Dorval,DORV,2025-12-06T17:24:29Z,2025-12-06T17:18:00Z,ARR,med,6.0
35,True,True,QUÉBEC,OTTAWA,2025-12-06,8,Coteau,COTO,2025-12-06T17:50:16Z,2025-12-06T17:46:00Z,ARR,goo,4.0
35,True,True,QUÉBEC,OTTAWA,2025-12-06,9,Alexandria,ALEX,2025-12-06T18:12:13Z,2025-12-06T18:08:00Z,ARR,goo,4.0
35,True,True,QUÉBEC,OTTAWA,2025-12-06,10,Casselman,CSLM,2025-12-06T18:33:18Z,2025-12-06T18:31:00Z,ARR,goo,2.0
35,True,True,QUÉBEC,OTTAWA,2025-12-06,11,Ottawa,OTTW,2025-12-06T18:57:56Z,2025-12-06T18:58:00Z,ARR,goo,0.0
26,True,True,OTTAWA,QUÉBEC,2025-12-06,0,Ottawa,OTTW,2025-12-06T19:17:00Z,2025-12-06T19:17:00Z,ARR,goo,0.0
26,True,True,OTTAWA,QUÉBEC,2025-12-06,1,Alexandria,ALEX,2025-12-06T20:00:29Z,2025-12-06T20:03:00Z,ARR,goo,-2.0
26,True,True,OTTAWA,QUÉBEC,2025-12-06,2,Coteau,COTO,2025-12-06T20:29:03Z,2025-12-06T20:26:00Z,ARR,goo,3.0
26,True,True,OTTAWA,QUÉBEC,2025-12-06,3,Dorval,DORV,2025-12-06T20:51:27Z,2025-12-06T20:49:00Z,ARR,goo,2.0
26,True,True,OTTAWA,QUÉBEC,2025-12-06,4,Montréal,MTRL,2025-12-06T21:16:22Z,2025-12-06T21:15:00Z,ARR,goo,1.0
26,True,True,OTTAWA,QUÉBEC,2025-12-06,5,St. Lambert,SLAM,2025-12-06T21:56:38Z,2025-12-06T21:53:00Z,ARR,goo,3.0
26,True,True,OTTAWA,QUÉBEC,2025-12-06,6,St. Hyacinthe,SHYA,2025-12-06T22:23:23Z,2025-12-06T22:20:00Z,ARR,goo,3.0
26,True,True,OTTAWA,QUÉBEC,2025-12-06,7,Drummondville,DRMV,2025-12-06T22:57:00Z,2025-12-06T23:05:00Z,ARR,goo,-8.0
26,True,True,OTTAWA,QUÉBEC,2025-12-06,8,Charny,CHNY,2025-12-07T00:35:30Z,2025-12-07T00:44:00Z,ARR,goo,-8.0
26,True,True,OTTAWA,QUÉBEC,2025-12-06,9,Ste-Foy,SFOY,2025-12-07T00:44:53Z,2025-12-07T00:52:00Z,ARR,goo,-7.0
26,True,True,OTTAWA,QUÉBEC,2025-12-06,10,Québec,QBEC,2025-12-07T01:16:01Z,2025-12-07T01:19:00Z,ARR,goo,-2.0
39,True,True,QUÉBEC,OTTAWA,2025-12-06,0,Québec,QBEC,2025-12-06T19:57:00Z,2025-12-06T19:57:00Z,ARR,goo,0.0
39,True,True,QUÉBEC,OTTAWA,2025-12-06,1,Ste-Foy,SFOY,2025-12-06T20:22:47Z,2025-12-06T20:22:00Z,ARR,goo,0.0
39,True,True,QUÉBEC,OTTAWA,2025-12-06,2,Drummondville,DRMV,2025-12-06T21:59:34Z,2025-12-06T21:58:00Z,ARR,goo,1.0
39,True,True,QUÉBEC,OTTAWA,2025-12-06,3,St. Lambert,SLAM,2025-12-06T22:57:30Z,2025-12-06T22:57:00Z,ARR,goo,0.0
39,True,True,QUÉBEC,OTTAWA,2025-12-06,4,Montréal,MTRL,2025-12-06T23:14:01Z,2025-12-06T23:11:00Z,ARR,goo,3.0
39,True,True,QUÉBEC,OTTAWA,2025-12-06,5,Dorval,DORV,2025-12-07T00:13:37Z,2025-12-07T00:14:00Z,ARR,goo,0.0
39,True,True,QUÉBEC,OTTAWA,2025-12-06,6,Coteau,COTO,2025-12-07T00:48:31Z,2025-12-07T00:43:00Z,ARR,goo,5.0
39,True,True,QUÉBEC,OTTAWA,2025-12-06,7,Alexandria,ALEX,2025-12-07T01:08:36Z,2025-12-07T01:06:00Z,ARR,goo,2.0
39,True,True,QUÉBEC,OTTAWA,2025-12-06,8,Ottawa,OTTW,2025-12-07T01:52:34Z,2025-12-07T01:51:00Z,ARR,goo,1.0
66,True,True,TORONTO,MONTRÉAL,2025-12-06,0,Toronto,TRTO,2025-12-06T20:24:13Z,2025-12-06T20:23:00Z,ARR,goo,1.0
66,True,True,TORONTO,MONTRÉAL,2025-12-06,1,Guildwood,GUIL,2025-12-06T20:41:25Z,2025-12-06T20:40:00Z,ARR,goo,1.0
66,True,True,TORONTO,MONTRÉAL,2025-12-06,2,Oshawa,OSHA,2025-12-06T21:00:31Z,2025-12-06T20:54:00Z,ARR,med,6.0
66,True,True,TORONTO,MONTRÉAL,2025-12-06,3,Belleville,BLVL,2025-12-06T22:09:55Z,2025-12-06T22:00:00Z,ARR,med,9.0
66,True,True,TORONTO,MONTRÉAL,2025-12-06,4,Kingston,KGON,2025-12-06T22:48:12Z,2025-12-06T22:40:00Z,ARR,med,8.0
66,True,True,TORONTO,MONTRÉAL,2025-12-06,5,Cornwall,CWLL,2025-12-07T00:20:08Z,2025-12-07T00:07:00Z,ARR,med,13.0
66,True,True,TORONTO,MONTRÉAL,2025-12-06,6,Dorval,DORV,2025-12-07T01:07:41Z,2025-12-07T00:58:00Z,ARR,med,9.0
66,True,True,TORONTO,MONTRÉAL,2025-12-06,7,Montréal,MTRL,2025-12-07T01:32:45Z,2025-12-07T01:25:00Z,ARR,med,7.0
46,True,True,TORONTO,OTTAWA,2025-12-06,0,Toronto,TRTO,2025-12-06T20:38:00Z,2025-12-06T20:38:00Z,ARR,goo,0.0
46,True,True,TORONTO,OTTAWA,2025-12-06,1,Oshawa,OSHA,2025-12-06T21:33:22Z,2025-12-06T21:09:00Z,ARR,bad,24.0
46,True,True,TORONTO,OTTAWA,2025-12-06,2,Cobourg,CBRG,2025-12-06T22:11:57Z,2025-12-06T21:43:00Z,ARR,bad,28.0
46,True,True,TORONTO,OTTAWA,2025-12-06,3,Kingston,KGON,2025-12-06T23:43:08Z,2025-12-06T22:54:00Z,ARR,bad,49.0
46,True,True,TORONTO,OTTAWA,2025-12-06,4,Brockville,BRKV,2025-12-07T00:33:50Z,2025-12-06T23:40:00Z,ARR,bad,53.0
46,True,True,TORONTO,OTTAWA,2025-12-06,5,Fallowfield,FALL,2025-12-07T01:27:44Z,2025-12-07T00:40:00Z,ARR,bad,47.0
46,True,True,TORONTO,OTTAWA,2025-12-06,6,Ottawa,OTTW,2025-12-07T01:50:49Z,2025-12-07T01:00:00Z,ARR,bad,50.0
28,True,True,OTTAWA,QUÉBEC,2025-12-06,0,Ottawa,OTTW,2025-12-06T21:05:00Z,2025-12-06T21:05:00Z,ARR,goo,0.0
28,True,True,OTTAWA,QUÉBEC,2025-12-06,1,Casselman,CSLM,2025-12-06T21:30:08Z,2025-12-06T21:31:00Z,ARR,goo,0.0
28,True,True,OTTAWA,QUÉBEC,2025-12-06,2,Alexandria,ALEX,2025-12-06T21:53:04Z,2025-12-06T21:53:00Z,ARR,goo,0.0
28,True,True,OTTAWA,QUÉBEC,2025-12-06,3,Coteau,COTO,2025-12-06T22:14:08Z,2025-12-06T22:15:00Z,ARR,goo,0.0
28,True,True,OTTAWA,QUÉBEC,2025-12-06,4,Dorval,DORV,2025-12-06T22:43:33Z,2025-12-06T22:38:00Z,ARR,goo,5.0
28,True,True,OTTAWA,QUÉBEC,2025-12-06,5,Montréal,MTRL,2025-12-06T23:09:38Z,2025-12-06T23:04:00Z,ARR,goo,5.0
28,True,True,OTTAWA,QUÉBEC,2025-12-06,6,St. Lambert,SLAM,2025-12-06T23:49:01Z,2025-12-06T23:38:00Z,ARR,med,11.0
28,True,True,OTTAWA,QUÉBEC,2025-12-06,7,St. Hyacinthe,SHYA,2025-12-07T00:17:11Z,2025-12-07T00:06:00Z,ARR,med,11.0
28,True,True,OTTAWA,QUÉBEC,2025-12-06,8,Drummondville,DRMV,2025-12-07T00:51:50Z,2025-12-07T00:52:00Z,ARR,goo,0.0
28,True,True,OTTAWA,QUÉBEC,2025-12-06,9,Charny,CHNY,2025-12-07T02:43:33Z,2025-12-07T02:14:00Z,ARR,bad,29.0
28,True,True,OTTAWA,QUÉBEC,2025-12-06,10,Ste-Foy,SFOY,2025-12-07T02:52:06Z,2025-12-07T02:21:00Z,ARR,bad,31.0
28,True,True,OTTAWA,QUÉBEC,2025-12-06,11,Québec,QBEC,2025-12-07T03:21:18Z,2025-12-07T02:48:00Z,ARR,bad,33.0
69,True,True,MONTRÉAL,TORONTO,2025-12-06,0,Montréal,MTRL,2025-12-06T21:38:00Z,2025-12-06T21:38:00Z,ARR,goo,0.0
69,True,True,MONTRÉAL,TORONTO,2025-12-06,1,Dorval,DORV,2025-12-06T22:04:02Z,2025-12-06T22:04:00Z,ARR,goo,0.0
69,True,True,MONTRÉAL,TORONTO,2025-12-06,2,Cornwall,CWLL,2025-12-06T22:56:34Z,2025-12-06T22:53:00Z,ARR,goo,3.0
69,True,True,MONTRÉAL,TORONTO,2025-12-06,3,Brockville,BRKV,2025-12-06T23:55:38Z,2025-12-06T23:40:00Z,ARR,med,15.0
69,True,True,MONTRÉAL,TORONTO,2025-12-06,4,Kingston,KGON,2025-12-07T00:39:15Z,2025-12-07T00:24:00Z,ARR,med,15.0
69,True,True,MONTRÉAL,TORONTO,2025-12-06,5,Oshawa,OSHA,2025-12-07T02:21:46Z,2025-12-07T02:05:00Z,ARR,med,16.0
69,True,True,MONTRÉAL,TORONTO,2025-12-06,6,Guildwood,GUIL,2025-12-07T02:45:11Z,2025-12-07T02:28:00Z,ARR,med,17.0
69,True,True,MONTRÉAL,TORONTO,2025-12-06,7,Toronto,TRTO,2025-12-07T03:06:16Z,2025-12-07T02:48:00Z,ARR,med,18.0
68,True,False,TORONTO,MONTRÉAL,2025-12-06,0,Toronto,TRTO,2025-12-06T22:08:00Z,2025-12-06T22:08:00Z,ARR,goo,0.0
68,True,False,TORONTO,MONTRÉAL,2025-12-06,1,Oshawa,OSHA,2025-12-06T22:42:49Z,2025-12-06T22:39:00Z,ARR,goo,3.0
68,True,False,TORONTO,MONTRÉAL,2025-12-06,2,Cobourg,CBRG,2025-12-06T23:19:52Z,2025-12-06T23:14:00Z,ARR,goo,5.0
68,True,False,TORONTO,MONTRÉAL,2025-12-06,3,Belleville,BLVL,2025-12-06T23:55:27Z,2025-12-06T23:49:00Z,ARR,med,6.0
68,True,False,TORONTO,MONTRÉAL,2025-12-06,4,Kingston,KGON,2025-12-07T00:39:16Z,2025-12-07T00:26:00Z,ARR,med,13.0
68,True,False,TORONTO,MONTRÉAL,2025-12-06,5,Brockville,BRKV,2025-12-07T01:30:24Z,2025-12-07T01:11:00Z,ARR,med,19.0
68,True,False,TORONTO,MONTRÉAL,2025-12-06,6,Cornwall,CWLL,2025-12-07T02:17:56Z,2025-12-07T01:57:00Z,ARR,bad,20.0
68,True,False,TORONTO,MONTRÉAL,2025-12-06,7,Dorval,DORV,2025-12-07T03:09:29Z,2025-12-07T02:47:00Z,ARR,bad,22.0
68,True,False,TORONTO,MONTRÉAL,2025-12-06,8,Montréal,MTRL,2025-12-07T03:34:19Z,2025-12-07T03:14:00Z,9 mins,bad,20.0
75,True,False,TORONTO,WINDSOR,2025-12-06,0,Toronto,TRTO,2025-12-06T22:26:00Z,2025-12-06T22:22:00Z,ARR,goo,4.0
75,True,False,TORONTO,WINDSOR,2025-12-06,1,Aldershot,ALDR,2025-12-07T00:03:16Z,2025-12-06T23:41:00Z,ARR,bad,22.0
75,True,False,TORONTO,WINDSOR,2025-12-06,2,Brantford,BRTF,2025-12-07T00:40:30Z,2025-12-07T00:13:00Z,ARR,bad,27.0
75,True,False,TORONTO,WINDSOR,2025-12-06,3,Woodstock,WDST,2025-12-07T01:11:15Z,2025-12-07T00:44:00Z,ARR,bad,27.0
75,True,False,TORONTO,WINDSOR,2025-12-06,4,Ingersoll,INGR,2025-12-07T01:26:18Z,2025-12-07T00:59:00Z,ARR,bad,27.0
75,True,False,TORONTO,WINDSOR,2025-12-06,5,London,LNDN,2025-12-07T01:51:27Z,2025-12-07T01:27:00Z,ARR,bad,24.0
75,True,False,TORONTO,WINDSOR,2025-12-06,6,Glencoe,GLNC,2025-12-07T02:27:43Z,2025-12-07T02:01:00Z,ARR,bad,26.0
75,True,False,TORONTO,WINDSOR,2025-12-06,7,Chatham,CHAT,2025-12-07T03:13:47Z,2025-12-07T02:35:00Z,ARR,bad,38.0
75,True,False,TORONTO,WINDSOR,2025-12-06,8,Windsor,WDON,2025-12-07T04:11:48Z,2025-12-07T03:30:00Z,47 mins,bad,41.0
54,True,False,TORONTO,OTTAWA,2025-12-06,0,Toronto,TRTO,2025-12-06T22:38:36Z,2025-12-06T22:38:00Z,ARR,goo,0.0
54,True,False,TORONTO,OTTAWA,2025-12-06,1,Guildwood,GUIL,2025-12-06T22:57:11Z,2025-12-06T22:55:00Z,ARR,goo,2.0
54,True,False,TORONTO,OTTAWA,2025-12-06,2,Oshawa,OSHA,2025-12-06T23:31:00Z,2025-12-06T23:08:00Z,ARR,bad,23.0
54,True,False,TORONTO,OTTAWA,2025-12-06,3,Port Hope,PHOP,2025-12-06T23:58:40Z,2025-12-06T23:37:00Z,ARR,bad,21.0
54,True,False,TORONTO,OTTAWA,2025-12-06,4,Cobourg,CBRG,2025-12-07T00:07:32Z,2025-12-06T23:46:00Z,ARR,bad,21.0
54,True,False,TORONTO,OTTAWA,2025-12-06,5,Trenton Jct.,TRNJ,2025-12-07T00:34:00Z,2025-12-07T00:13:01Z,ARR,bad,20.0
54,True,False,TORONTO,OTTAWA,2025-12-06,6,Belleville,BLVL,2025-12-07T00:52:58Z,2025-12-07T00:27:00Z,ARR,bad,25.0
54,True,False,TORONTO,OTTAWA,2025-12-06,7,Napanee,NAPN,2025-12-07T01:17:29Z,2025-12-07T00:48:00Z,ARR,bad,29.0
54,True,False,TORONTO,OTTAWA,2025-12-06,8,Kingston,KGON,2025-12-07T01:38:53Z,2025-12-07T01:09:00Z,ARR,bad,29.0
54,True,False,TORONTO,OTTAWA,2025-12-06,9,Brockville,BRKV,2025-12-07T02:24:54Z,2025-12-07T01:54:00Z,ARR,bad,30.0
54,True,False,TORONTO,OTTAWA,2025-12-06,10,Smiths Falls,SMTF,2025-12-07T02:54:29Z,2025-12-07T02:25:00Z,ARR,bad,29.0
54,True,False,TORONTO,OTTAWA,2025-12-06,11,Fallowfield,FALL,2025-12-07T03:20:36Z,2025-12-07T02:52:00Z,ARR,bad,28.0
54,True,False,TORONTO,OTTAWA,2025-12-06,12,Ottawa,OTTW,2025-12-07T03:41:36Z,2025-12-07T03:13:00Z,17 mins,bad,28.0
87,True,False,TORONTO,SARNIA,2025-12-06,0,Toronto,TRTO,2025-12-06T22:40:00Z,2025-12-06T22:40:00Z,ARR,goo,0.0
87,True,False,TORONTO,SARNIA,2025-12-06,1,Malton,MALT,2025-12-06T23:05:34Z,2025-12-06T23:00:00Z,ARR,goo,5.0
87,True,False,TORONTO,SARNIA,2025-12-06,2,Brampton,BRMP,2025-12-06T23:20:53Z,2025-12-06T23:12:00Z,ARR,med,8.0
87,True,False,TORONTO,SARNIA,2025-12-06,3,Georgetown,GEOR,2025-12-06T23:34:40Z,2025-12-06T23:24:00Z,ARR,med,10.0
87,True,False,TORONTO,SARNIA,2025-12-06,4,Guelph,GUEL,2025-12-06T23:56:57Z,2025-12-06T23:49:00Z,ARR,med,7.0
87,True,False,TORONTO,SARNIA,2025-12-06,5,Kitchener,KITC,2025-12-07T00:22:19Z,2025-12-07T00:16:00Z,ARR,med,6.0
87,True,False,TORONTO,SARNIA,2025-12-06,6,Stratford,STRF,2025-12-07T01:11:19Z,2025-12-07T00:57:00Z,ARR,med,14.0
87,True,False,TORONTO,SARNIA,2025-12-06,7,St.Marys,SMYS,2025-12-07T01:43:00Z,2025-12-07T01:25:00Z,ARR,med,18.0
87,True,False,TORONTO,SARNIA,2025-12-06,8,London,LNDN,2025-12-07T02:40:40Z,2025-12-07T02:13:00Z,ARR,bad,27.0
87,True,False,TORONTO,SARNIA,2025-12-06,9,Strathroy,STRR,2025-12-07T03:10:34Z,2025-12-07T02:39:00Z,ARR,bad,31.0
87,True,False,TORONTO,SARNIA,2025-12-06,10,Wyoming,WYOM,2025-12-07T03:35:11Z,2025-12-07T03:07:00Z,10 mins,bad,28.0
87,True,False,TORONTO,SARNIA,2025-12-06,11,Sarnia,SARN,2025-12-07T03:52:11Z,2025-12-07T03:24:00Z,27 mins,bad,28.0
29,True,True,QUÉBEC,MONTRÉAL,2025-12-06,0,Québec,QBEC,2025-12-06T22:41:00Z,2025-12-06T22:41:00Z,ARR,goo,0.0
29,True,True,QUÉBEC,MONTRÉAL,2025-12-06,1,Ste-Foy,SFOY,2025-12-06T23:07:31Z,2025-12-06T23:06:00Z,ARR,goo,1.0
29,True,True,QUÉBEC,MONTRÉAL,2025-12-06,2,Drummondville,DRMV,2025-12-07T00:46:13Z,2025-12-07T00:42:00Z,ARR,goo,4.0
29,True,True,QUÉBEC,MONTRÉAL,2025-12-06,3,St. Hyacinthe,SHYA,2025-12-07T01:17:33Z,2025-12-07T01:18:00Z,ARR,goo,0.0
29,True,True,QUÉBEC,MONTRÉAL,2025-12-06,4,St. Lambert,SLAM,2025-12-07T01:46:43Z,2025-12-07T01:45:00Z,ARR,goo,1.0
29,True,True,QUÉBEC,MONTRÉAL,2025-12-06,5,Montréal,MTRL,2025-12-07T02:01:34Z,2025-12-07T02:00:00Z,ARR,goo,1.0
98,True,True,NIAGARA FALLS,TORONTO,2025-12-06,0,Niagara Falls,NIAG,2025-12-06T22:45:00Z,2025-12-06T22:45:00Z,ARR,goo,0.0
98,True,True,NIAGARA FALLS,TORONTO,2025-12-06,1,St. Catharines,SCAT,2025-12-06T23:06:00Z,2025-12-06T23:06:00Z,ARR,goo,0.0
98,True,True,NIAGARA FALLS,TORONTO,2025-12-06,2,Grimsby,GRIM,2025-12-06T23:26:00Z,2025-12-06T23:26:00Z,ARR,goo,0.0
98,True,True,NIAGARA FALLS,TORONTO,2025-12-06,3,Aldershot,ALDR,2025-12-07T00:04:00Z,2025-12-07T00:02:00Z,ARR,goo,2.0
98,True,True,NIAGARA FALLS,TORONTO,2025-12-06,4,Toronto,TRTO,2025-12-07T01:45:00Z,2025-12-07T01:23:00Z,ARR,bad,22.0
38,True,True,OTTAWA,MONTRÉAL,2025-12-06,0,Ottawa,OTTW,2025-12-06T22:55:00Z,2025-12-06T22:55:00Z,ARR,goo,0.0
38,True,True,OTTAWA,MONTRÉAL,2025-12-06,1,Casselman,CSLM,2025-12-06T23:25:16Z,2025-12-06T23:26:00Z,ARR,goo,0.0
38,True,True,OTTAWA,MONTRÉAL,2025-12-06,2,Alexandria,ALEX,2025-12-06T23:43:54Z,2025-12-06T23:49:00Z,ARR,goo,-5.0
38,True,True,OTTAWA,MONTRÉAL,2025-12-06,3,Dorval,DORV,2025-12-07T00:33:59Z,2025-12-07T00:33:00Z,ARR,goo,0.0
38,True,True,OTTAWA,MONTRÉAL,2025-12-06,4,Montréal,MTRL,2025-12-07T00:58:17Z,2025-12-07T00:57:00Z,ARR,goo,1.0
59,True,False,OTTAWA,TORONTO,2025-12-06,0,Ottawa,OTTW,2025-12-06T23:09:35Z,2025-12-06T23:03:00Z,ARR,med,6.0
59,True,False,OTTAWA,TORONTO,2025-12-06,1,Fallowfield,FALL,2025-12-06T23:26:49Z,2025-12-06T23:20:00Z,ARR,med,6.0
59,True,False,OTTAWA,TORONTO,2025-12-06,2,Smiths Falls,SMTF,2025-12-06T23:55:44Z,2025-12-06T23:51:00Z,ARR,goo,4.0
59,True,False,OTTAWA,TORONTO,2025-12-06,3,Brockville,BRKV,2025-12-07T00:31:02Z,2025-12-07T00:25:00Z,ARR,med,6.0
59,True,False,OTTAWA,TORONTO,2025-12-06,4,Kingston,KGON,2025-12-07T01:12:10Z,2025-12-07T01:10:00Z,ARR,goo,2.0
59,True,False,OTTAWA,TORONTO,2025-12-06,5,Belleville,BLVL,2025-12-07T01:55:10Z,2025-12-07T01:51:00Z,ARR,goo,4.0
59,True,False,OTTAWA,TORONTO,2025-12-06,6,Trenton Jct.,TRNJ,2025-12-07T02:10:32Z,2025-12-07T02:05:00Z,ARR,goo,5.0
59,True,False,OTTAWA,TORONTO,2025-12-06,7,Cobourg,CBRG,2025-12-07T02:39:23Z,2025-12-07T02:31:00Z,ARR,med,8.0
59,True,False,OTTAWA,TORONTO,2025-12-06,8,Oshawa,OSHA,2025-12-07T03:16:11Z,2025-12-07T03:05:00Z,ARR,med,11.0
59,True,False,OTTAWA,TORONTO,2025-12-06,9,Guildwood,GUIL,2025-12-07T03:39:14Z,2025-12-07T03:28:00Z,14 mins,med,11.0
59,True,False,OTTAWA,TORONTO,2025-12-06,10,Toronto,TRTO,2025-12-07T03:59:14Z,2025-12-07T03:48:00Z,34 mins,med,11.0
78,True,False,WINDSOR,TORONTO,2025-12-06,0,Windsor,WDON,2025-12-06T22:51:00Z,2025-12-06T22:40:00Z,ARR,med,11.0
78,True,False,WINDSOR,TORONTO,2025-12-06,1,Chatham,CHAT,2025-12-06T23:33:33Z,2025-12-06T23:24:00Z,ARR,med,9.0
78,True,False,WINDSOR,TORONTO,2025-12-06,2,Glencoe,GLNC,2025-12-07T00:19:08Z,2025-12-06T23:59:00Z,ARR,bad,20.0
78,True,False,WINDSOR,TORONTO,2025-12-06,3,London,LNDN,2025-12-07T00:49:36Z,2025-12-07T00:32:00Z,ARR,med,17.0
78,True,False,WINDSOR,TORONTO,2025-12-06,4,Ingersoll,INGR,2025-12-07T01:15:19Z,2025-12-07T00:57:00Z,ARR,med,18.0
78,True,False,WINDSOR,TORONTO,2025-12-06,5,Woodstock,WDST,2025-12-07T01:29:56Z,2025-12-07T01:08:00Z,ARR,bad,21.0
78,True,False,WINDSOR,TORONTO,2025-12-06,6,Brantford,BRTF,2025-12-07T02:04:14Z,2025-12-07T01:39:00Z,ARR,bad,25.0
78,True,False,WINDSOR,TORONTO,2025-12-06,7,Aldershot,ALDR,2025-12-07T02:40:12Z,2025-12-07T02:09:00Z,ARR,bad,31.0
78,True,False,WINDSOR,TORONTO,2025-12-06,8,Toronto,TRTO,2025-12-07T04:19:22Z,2025-12-07T03:30:00Z,54 mins,bad,49.0
79,True,False,TORONTO,WINDSOR,2025-12-06,0,Toronto,TRTO,2025-12-07T00:45:00Z,2025-12-07T00:45:00Z,ARR,goo,0.0
79,True,False,TORONTO,WINDSOR,2025-12-06,1,Aldershot,ALDR,2025-12-07T02:28:59Z,2025-12-07T02:02:00Z,ARR,bad,26.0
79,True,False,TORONTO,WINDSOR,2025-12-06,2,Brantford,BRTF,2025-12-07T02:59:32Z,2025-12-07T02:30:00Z,ARR,bad,29.0
79,True,False,TORONTO,WINDSOR,2025-12-06,3,Woodstock,WDST,2025-12-07T03:27:46Z,2025-12-07T02:57:00Z,3 mins,bad,30.0
79,True,False,TORONTO,WINDSOR,2025-12-06,4,Ingersoll,INGR,2025-12-07T03:40:46Z,2025-12-07T03:10:00Z,16 mins,bad,30.0
79,True,False,TORONTO,WINDSOR,2025-12-06,5,London,LNDN,2025-12-07T04:02:46Z,2025-12-07T03:32:00Z,38 mins,bad,30.0
79,True,False,TORONTO,WINDSOR,2025-12-06,6,Glencoe,GLNC,2025-12-07T04:35:46Z,2025-12-07T04:05:00Z,1h11,bad,30.0
79,True,False,TORONTO,WINDSOR,2025-12-06,7,Chatham,CHAT,2025-12-07T05:07:46Z,2025-12-07T04:37:00Z,1h43,bad,30.0
79,True,False,TORONTO,WINDSOR,2025-12-06,8,Windsor,WDON,2025-12-07T05:54:46Z,2025-12-07T05:24:00Z,2h30,bad,30.0
