train_id,departed,arrived,from,to,instance,stop_id,station,code,estimated,scheduled,eta,diff,diffMin
1 (09-03),True,False,TORONTO,VANCOUVER,2025-09-03,0,Toronto,TRTO,2025-09-03T13:55:00Z,2025-09-03T13:55:00Z,ARR,goo,0.0
1 (09-03),True,False,TORONTO,VANCOUVER,2025-09-03,1,Washago,WSHG,2025-09-03T16:54:28Z,2025-09-03T16:25:00Z,ARR,bad,29.0
1 (09-03),True,False,TORONTO,VANCOUVER,2025-09-03,2,South Parry,SPAR,2025-09-03T19:08:55Z,2025-09-03T18:27:00Z,ARR,bad,41.0
1 (09-03),True,False,TORONTO,VANCOUVER,2025-09-03,3,Sudbury (Jct.),SUDJ,2025-09-03T21:49:05Z,2025-09-03T20:57:00Z,ARR,bad,52.0
1 (09-03),True,False,TORONTO,VANCOUVER,2025-09-03,4,Capreol,CAPR,2025-09-03T22:45:37Z,2025-09-03T21:22:00Z,ARR,bad,83.0
1 (09-03),True,False,TORONTO,VANCOUVER,2025-09-03,5,Laforest,LAFO,2025-09-04T00:01:13Z,2025-09-03T22:48:00Z,ARR,bad,73.0
1 (09-03),True,False,TORONTO,VANCOUVER,2025-09-03,6,McKee's Camp,MCKC,2025-09-04T00:43:53Z,2025-09-03T23:01:00Z,ARR,bad,102.0
1 (09-03),True,False,TORONTO,VANCOUVER,2025-09-03,7,Felix,FELX,2025-09-04T01:03:53Z,2025-09-03T23:21:00Z,ARR,bad,102.0
1 (09-03),True,False,TORONTO,VANCOUVER,2025-09-03,8,Ruel,RUEL,2025-09-04T01:07:29Z,2025-09-03T23:28:00Z,ARR,bad,99.0
1 (09-03),True,False,TORONTO,VANCOUVER,2025-09-03,9,Westree,WSTR,2025-09-04T01:36:29Z,2025-09-03T23:45:00Z,ARR,bad,111.0
1 (09-03),True,False,TORONTO,VANCOUVER,2025-09-03,10,Gogama,GOGA,2025-09-04T02:03:40Z,2025-09-04T00:18:00Z,ARR,bad,105.0
1 (09-03),True,False,TORONTO,VANCOUVER,2025-09-03,11,Foleyet,FOLE,2025-09-04T04:09:26Z,2025-09-04T02:44:00Z,ARR,bad,85.0
1 (09-03),True,False,TORONTO,VANCOUVER,2025-09-03,12,Elsas,ELSA,2025-09-04T05:14:42Z,2025-09-04T03:38:00Z,ARR,bad,96.0
1 (09-03),True,False,TORONTO,VANCOUVER,2025-09-03,13,Oba,OBAX,2025-09-04T06:54:11Z,2025-09-04T05:38:00Z,ARR,bad,76.0
1 (09-03),True,False,TORONTO,VANCOUVER,2025-09-03,14,Hornepayne,HNPN,2025-09-04T07:16:38Z,2025-09-04T06:29:00Z,ARR,bad,47.0
1 (09-03),True,False,TORONTO,VANCOUVER,2025-09-03,15,Hillsport,HLSP,2025-09-04T09:15:52Z,2025-09-04T08:05:00Z,ARR,bad,70.0
1 (09-03),True,False,TORONTO,VANCOUVER,2025-09-03,16,Caramat,CARA,2025-09-04T10:25:48Z,2025-09-04T08:55:00Z,ARR,bad,90.0
1 (09-03),True,False,TORONTO,VANCOUVER,2025-09-03,17,Longlac,LLAC,2025-09-04T11:01:57Z,2025-09-04T09:34:00Z,ARR,bad,87.0
1 (09-03),True,False,TORONTO,VANCOUVER,2025-09-03,18,Nakina,NAKI,2025-09-04T11:41:39Z,2025-09-04T10:13:00Z,ARR,bad,88.0
1 (09-03),True,False,TORONTO,VANCOUVER,2025-09-03,19,Auden,AUDN,2025-09-04T12:50:11Z,2025-09-04T11:19:00Z,ARR,bad,91.0
1 (09-03),True,False,TORONTO,VANCOUVER,2025-09-03,20,Ferland,FERL,2025-09-04T13:27:11Z,2025-09-04T11:56:00Z,ARR,bad,91.0
1 (09-03),True,False,TORONTO,VANCOUVER,2025-09-03,21,Mud River,MUDR,2025-09-04T13:36:11Z,2025-09-04T12:05:00Z,ARR,bad,91.0
1 (09-03),True,False,TORONTO,VANCOUVER,2025-09-03,22,Armstrong,ARMG,2025-09-04T14:08:32Z,2025-09-04T13:17:00Z,ARR,bad,51.0
1 (09-03),True,False,TORONTO,VANCOUVER,2025-09-03,23,Collins,COLL,2025-09-04T14:58:42Z,2025-09-04T13:47:00Z,ARR,bad,71.0
1 (09-03),True,False,TORONTO,VANCOUVER,2025-09-03,24,Allanwater Bridge,ALWB,2025-09-04T15:56:06Z,2025-09-04T14:26:00Z,ARR,bad,90.0
1 (09-03),True,False,TORONTO,VANCOUVER,2025-09-03,25,Flindt Landing,FLTL,2025-09-04T16:12:06Z,2025-09-04T14:42:00Z,ARR,bad,90.0
1 (09-03),True,False,TORONTO,VANCOUVER,2025-09-03,26,Savant Lake,SAVL,2025-09-04T16:29:06Z,2025-09-04T14:59:00Z,ARR,bad,90.0
1 (09-03),True,False,TORONTO,VANCOUVER,2025-09-03,27,Sioux Lookout,SLKT,2025-09-04T18:16:08Z,2025-09-04T16:25:00Z,ARR,bad,111.0
1 (09-03),True,False,TORONTO,VANCOUVER,2025-09-03,28,Richan,RCHN,2025-09-04T19:59:03Z,2025-09-04T18:05:00Z,ARR,bad,114.0
1 (09-03),True,False,TORONTO,VANCOUVER,2025-09-03,29,Red Lake Road,RLRX,2025-09-04T20:28:48Z,2025-09-04T18:41:00Z,ARR,bad,107.0
1 (09-03),True,False,TORONTO,VANCOUVER,2025-09-03,30,Canyon,CNYK,2025-09-04T20:52:05Z,2025-09-04T19:10:00Z,ARR,bad,102.0
1 (09-03),True,False,TORONTO,VANCOUVER,2025-09-03,31,Farlane,FARL,2025-09-04T21:22:43Z,2025-09-04T19:47:00Z,ARR,bad,95.0
1 (09-03),True,False,TORONTO,VANCOUVER,2025-09-03,32,Redditt,RDDT,2025-09-04T21:35:23Z,2025-09-04T20:23:00Z,ARR,bad,72.0
1 (09-03),True,False,TORONTO,VANCOUVER,2025-09-03,33,Minaki,MNKI,2025-09-04T22:02:10Z,2025-09-04T20:44:00Z,ARR,bad,78.0
1 (09-03),True,False,TORONTO,VANCOUVER,2025-09-03,34,Ottermere,OTTM,2025-09-04T22:17:33Z,2025-09-04T21:01:00Z,ARR,bad,76.0
1 (09-03),True,False,TORONTO,VANCOUVER,2025-09-03,35,Malachi,MLCH,2025-09-04T22:27:51Z,2025-09-04T21:07:00Z,ARR,bad,80.0
1 (09-03),True,False,TORONTO,VANCOUVER,2025-09-03,36,Copelands Landing,COPE,2025-09-04T22:28:22Z,2025-09-04T21:09:00Z,ARR,bad,79.0
1 (09-03),True,False,TORONTO,VANCOUVER,2025-09-03,37,Rice Lake,RCLK,2025-09-04T22:35:56Z,2025-09-04T21:12:00Z,ARR,bad,83.0
1 (09-03),True,False,TORONTO,VANCOUVER,2025-09-03,38,Winnitoba,WNTB,2025-09-04T22:47:15Z,2025-09-04T21:26:00Z,ARR,bad,81.0
1 (09-03),True,False,TORONTO,VANCOUVER,2025-09-03,39,Ophir,OPHR,2025-09-04T22:44:49Z,2025-09-04T21:31:00Z,ARR,bad,73.0
1 (09-03),True,False,TORONTO,VANCOUVER,2025-09-03,40,Brereton Lake,BRTL,2025-09-04T22:58:18Z,2025-09-04T21:49:00Z,ARR,bad,69.0
1 (09-03),True,False,TORONTO,VANCOUVER,2025-09-03,41,Elma,ELMA,2025-09-05T00:01:09Z,2025-09-04T22:10:00Z,ARR,bad,111.0
1 (09-03),True,False,TORONTO,VANCOUVER,2025-09-03,42,Winnipeg,WNPG,2025-09-05T01:40:46Z,2025-09-05T00:30:00Z,ARR,bad,70.0
1 (09-03),True,False,TORONTO,VANCOUVER,2025-09-03,43,Portage La Prairie,PLPX,2025-09-05T05:16:17Z,2025-09-05T04:04:00Z,ARR,bad,72.0
1 (09-03),True,False,TORONTO,VANCOUVER,2025-09-03,44,Rivers,RVRS,2025-09-05T06:39:11Z,2025-09-05T06:31:00Z,ARR,med,8.0
1 (09-03),True,False,TORONTO,VANCOUVER,2025-09-03,45,Melville,MELV,2025-09-05T09:55:38Z,2025-09-05T10:54:00Z,ARR,goo,-58.0
1 (09-03),True,False,TORONTO,VANCOUVER,2025-09-03,46,Watrous,WATR,2025-09-05T15:20:30Z,2025-09-05T13:54:00Z,ARR,bad,86.0
1 (09-03),True,False,TORONTO,VANCOUVER,2025-09-03,47,Saskatoon,SASK,2025-09-05T16:46:12Z,2025-09-05T15:50:00Z,ARR,bad,56.0
1 (09-03),True,False,TORONTO,VANCOUVER,2025-09-03,48,Biggar,BIGG,2025-09-05T20:21:23Z,2025-09-05T18:29:00Z,ARR,bad,112.0
1 (09-03),True,False,TORONTO,VANCOUVER,2025-09-03,49,Unity,UNIT,2025-09-05T21:26:54Z,2025-09-05T19:44:00Z,ARR,bad,102.0
1 (09-03),True,False,TORONTO,VANCOUVER,2025-09-03,50,Wainwright,WAIN,2025-09-05T23:17:56Z,2025-09-05T22:33:00Z,ARR,bad,44.0
1 (09-03),True,False,TORONTO,VANCOUVER,2025-09-03,51,Viking,VKNG,2025-09-06T00:41:58Z,2025-09-05T23:26:00Z,ARR,bad,75.0
1 (09-03),True,False,TORONTO,VANCOUVER,2025-09-03,52,Edmonton,EDMO,2025-09-06T02:45:27Z,2025-09-06T02:50:00Z,ARR,goo,-4.0
1 (09-03),True,False,TORONTO,VANCOUVER,2025-09-03,53,Evansburg,EVAN,2025-09-06T07:53:32Z,2025-09-06T07:29:00Z,ARR,bad,24.0
1 (09-03),True,False,TORONTO,VANCOUVER,2025-09-03,54,Edson,EDSN,2025-09-06T10:26:39Z,2025-09-06T08:52:00Z,ARR,bad,94.0
1 (09-03),True,False,TORONTO,VANCOUVER,2025-09-03,55,Hinton,HINT,2025-09-06T12:00:06Z,2025-09-06T09:58:00Z,ARR,bad,122.0
1 (09-03),True,False,TORONTO,VANCOUVER,2025-09-03,56,Jasper,JASP,2025-09-06T14:07:55Z,2025-09-06T12:30:00Z,ARR,bad,97.0
1 (09-03),True,False,TORONTO,VANCOUVER,2025-09-03,57,Valemount,VLMT,2025-09-06T19:00:56Z,2025-09-06T17:50:00Z,ARR,bad,70.0
1 (09-03),True,False,TORONTO,VANCOUVER,2025-09-03,58,Blue River,BLUE,2025-09-06T21:31:29Z,2025-09-06T20:36:00Z,ARR,bad,55.0
1 (09-03),True,False,TORONTO,VANCOUVER,2025-09-03,59,Clearwater,CLWT,2025-09-06T23:33:58Z,2025-09-06T22:45:00Z,ARR,bad,48.0
1 (09-03),True,False,TORONTO,VANCOUVER,2025-09-03,60,Kamloops North,KAMN,2025-09-07T01:52:01Z,2025-09-07T01:28:00Z,ARR,bad,24.0
1 (09-03),True,False,TORONTO,VANCOUVER,2025-09-03,61,Ashcroft,ASHN,2025-09-07T03:55:10Z,2025-09-07T03:49:00Z,4 mins,med,6.0
1 (09-03),True,False,TORONTO,VANCOUVER,2025-09-03,62,Boston Bar,BBAR,2025-09-07T06:42:10Z,2025-09-07T06:36:00Z,2h51,med,6.0
1 (09-03),True,False,TORONTO,VANCOUVER,2025-09-03,63,Hope,HOPE,&mdash;,2025-09-07T08:06:00Z,&mdash;,,
1 (09-03),True,False,TORONTO,VANCOUVER,2025-09-03,64,Chilliwack,CHIL,&mdash;,2025-09-07T08:30:00Z,&mdash;,,
1 (09-03),True,False,TORONTO,VANCOUVER,2025-09-03,65,Abbotsford,ABBO,&mdash;,2025-09-07T09:00:00Z,&mdash;,,
1 (09-03),True,False,TORONTO,VANCOUVER,2025-09-03,66,Vancouver,VCVR,&mdash;,2025-09-07T15:00:00Z,&mdash;,,
692 (09-04),True,True,CHURCHILL,WINNIPEG,2025-09-04,0,Churchill,CHUR,2025-09-05T01:30:00Z,2025-09-05T01:30:00Z,ARR,goo,0.0
692 (09-04),True,True,CHURCHILL,WINNIPEG,2025-09-04,1,Tidal,TIDL,2025-09-05T01:57:22Z,2025-09-05T01:52:00Z,ARR,med,5.0
692 (09-04),True,True,CHURCHILL,WINNIPEG,2025-09-04,2,Chesnaye,CHES,2025-09-05T03:05:55Z,2025-09-05T02:38:00Z,ARR,bad,27.0
692 (09-04),True,True,CHURCHILL,WINNIPEG,2025-09-04,3,M'Clintock,MCLI,2025-09-05T04:12:19Z,2025-09-05T03:54:00Z,ARR,bad,18.0
692 (09-04),True,True,CHURCHILL,WINNIPEG,2025-09-04,4,O'Day,ODAY,2025-09-05T05:10:07Z,2025-09-05T04:39:00Z,ARR,bad,31.0
692 (09-04),True,True,CHURCHILL,WINNIPEG,2025-09-04,5,Herchmer,HERC,2025-09-05T05:28:01Z,2025-09-05T05:18:00Z,ARR,med,10.0
692 (09-04),True,True,CHURCHILL,WINNIPEG,2025-09-04,6,Thibaudeau,THIB,2025-09-05T06:50:02Z,2025-09-05T06:44:00Z,ARR,med,6.0
692 (09-04),True,True,CHURCHILL,WINNIPEG,2025-09-04,7,Weir River,WEIR,2025-09-05T07:34:01Z,2025-09-05T07:46:00Z,ARR,goo,-11.0
692 (09-04),True,True,CHURCHILL,WINNIPEG,2025-09-04,8,Amery,AMRY,2025-09-05T08:15:18Z,2025-09-05T08:37:00Z,ARR,goo,-21.0
692 (09-04),True,True,CHURCHILL,WINNIPEG,2025-09-04,9,Bird,BIRD,2025-09-05T09:03:18Z,2025-09-05T09:00:00Z,ARR,goo,3.0
692 (09-04),True,True,CHURCHILL,WINNIPEG,2025-09-04,10,Gillam,GILL,2025-09-05T09:51:22Z,2025-09-05T10:00:00Z,ARR,goo,-8.0
692 (09-04),True,True,CHURCHILL,WINNIPEG,2025-09-04,11,Wivenhoe,WVHO,2025-09-05T11:15:59Z,2025-09-05T11:16:00Z,ARR,goo,0.0
692 (09-04),True,True,CHURCHILL,WINNIPEG,2025-09-04,12,Ilford,ILFO,2025-09-05T11:51:41Z,2025-09-05T11:53:00Z,ARR,goo,-1.0
692 (09-04),True,True,CHURCHILL,WINNIPEG,2025-09-04,13,Pit Siding,PITS,2025-09-05T13:06:29Z,2025-09-05T12:54:00Z,ARR,med,12.0
692 (09-04),True,True,CHURCHILL,WINNIPEG,2025-09-04,14,Bridgar,BRGR,2025-09-05T14:28:29Z,2025-09-05T14:16:00Z,ARR,med,12.0
692 (09-04),True,True,CHURCHILL,WINNIPEG,2025-09-04,15,Pikwitonei,PIKW,2025-09-05T14:39:29Z,2025-09-05T14:27:00Z,ARR,med,12.0
692 (09-04),True,True,CHURCHILL,WINNIPEG,2025-09-04,16,Sipiwesk,SIPI,2025-09-05T15:06:29Z,2025-09-05T14:54:00Z,ARR,med,12.0
692 (09-04),True,True,CHURCHILL,WINNIPEG,2025-09-04,17,Thompson,THOM,2025-09-05T18:11:34Z,2025-09-05T16:30:00Z,ARR,bad,101.0
692 (09-04),True,True,CHURCHILL,WINNIPEG,2025-09-04,18,Leven,LEVN,2025-09-05T21:05:00Z,2025-09-05T21:05:00Z,ARR,goo,0.0
692 (09-04),True,True,CHURCHILL,WINNIPEG,2025-09-04,19,Thicket Portage,THKP,2025-09-05T21:22:00Z,2025-09-05T21:22:00Z,ARR,goo,0.0
692 (09-04),True,True,CHURCHILL,WINNIPEG,2025-09-04,20,Hockin,HOCK,2025-09-05T21:37:00Z,2025-09-05T21:37:00Z,ARR,goo,0.0
692 (09-04),True,True,CHURCHILL,WINNIPEG,2025-09-04,21,Odhill,ODHI,2025-09-05T22:21:00Z,2025-09-05T22:21:00Z,ARR,goo,0.0
692 (09-04),True,True,CHURCHILL,WINNIPEG,2025-09-04,22,Lyddal,LYDD,2025-09-05T22:43:00Z,2025-09-05T22:43:00Z,ARR,goo,0.0
692 (09-04),True,True,CHURCHILL,WINNIPEG,2025-09-04,23,Wabowden,WBDN,2025-09-05T23:11:00Z,2025-09-05T23:11:00Z,ARR,goo,0.0
692 (09-04),True,True,CHURCHILL,WINNIPEG,2025-09-04,24,Pipun,PIPN,2025-09-05T23:34:00Z,2025-09-05T23:34:00Z,ARR,goo,0.0
692 (09-04),True,True,CHURCHILL,WINNIPEG,2025-09-04,25,Ponton,PNTN,2025-09-06T00:17:00Z,2025-09-06T00:17:00Z,ARR,goo,0.0
692 (09-04),True,True,CHURCHILL,WINNIPEG,2025-09-04,26,Turnbull,TURN,2025-09-06T00:49:00Z,2025-09-06T00:49:00Z,ARR,goo,0.0
692 (09-04),True,True,CHURCHILL,WINNIPEG,2025-09-04,27,Wekusko,WEKU,2025-09-06T01:16:00Z,2025-09-06T01:16:00Z,ARR,goo,0.0
692 (09-04),True,True,CHURCHILL,WINNIPEG,2025-09-04,28,Dyce,DYCE,2025-09-06T02:00:00Z,2025-09-06T02:00:00Z,ARR,goo,0.0
692 (09-04),True,True,CHURCHILL,WINNIPEG,2025-09-04,29,Dering,DERI,2025-09-06T02:39:00Z,2025-09-06T02:39:00Z,ARR,goo,0.0
692 (09-04),True,True,CHURCHILL,WINNIPEG,2025-09-04,30,Cormorant,CORM,2025-09-06T02:47:00Z,2025-09-06T02:47:00Z,ARR,goo,0.0
692 (09-04),True,True,CHURCHILL,WINNIPEG,2025-09-04,31,Halcrow,HALC,2025-09-06T02:58:00Z,2025-09-06T02:58:00Z,ARR,goo,0.0
692 (09-04),True,True,CHURCHILL,WINNIPEG,2025-09-04,32,Orok,OROK,2025-09-06T03:52:00Z,2025-09-06T03:52:00Z,ARR,goo,0.0
692 (09-04),True,True,CHURCHILL,WINNIPEG,2025-09-04,33,The Pas,TPAS,2025-09-06T04:30:00Z,2025-09-06T04:30:00Z,ARR,goo,0.0
692 (09-04),True,True,CHURCHILL,WINNIPEG,2025-09-04,34,Hudson Bay,HBAY,2025-09-06T10:27:00Z,2025-09-06T10:27:00Z,ARR,goo,0.0
692 (09-04),True,True,CHURCHILL,WINNIPEG,2025-09-04,35,Reserve,RSRV,2025-09-06T11:09:00Z,2025-09-06T11:09:00Z,ARR,goo,0.0
692 (09-04),True,True,CHURCHILL,WINNIPEG,2025-09-04,36,Endeavour,ENDV,2025-09-06T11:55:00Z,2025-09-06T11:55:00Z,ARR,goo,0.0
692 (09-04),True,True,CHURCHILL,WINNIPEG,2025-09-04,37,Sturgis,STGS,2025-09-06T12:24:00Z,2025-09-06T12:24:00Z,ARR,goo,0.0
692 (09-04),True,True,CHURCHILL,WINNIPEG,2025-09-04,38,Canora,CANO,2025-09-06T13:08:00Z,2025-09-06T13:08:00Z,ARR,goo,0.0
692 (09-04),True,True,CHURCHILL,WINNIPEG,2025-09-04,39,Mikado,MIKA,2025-09-06T13:30:00Z,2025-09-06T13:30:00Z,ARR,goo,0.0
692 (09-04),True,True,CHURCHILL,WINNIPEG,2025-09-04,40,Veregin,VERE,2025-09-06T13:43:00Z,2025-09-06T13:43:00Z,ARR,goo,0.0
692 (09-04),True,True,CHURCHILL,WINNIPEG,2025-09-04,41,Kamsack,KAMS,2025-09-06T13:58:00Z,2025-09-06T13:58:00Z,ARR,goo,0.0
692 (09-04),True,True,CHURCHILL,WINNIPEG,2025-09-04,42,Togo,TOGO,2025-09-06T14:37:00Z,2025-09-06T14:37:00Z,ARR,goo,0.0
692 (09-04),True,True,CHURCHILL,WINNIPEG,2025-09-04,43,Roblin,RBLN,2025-09-06T15:14:00Z,2025-09-06T15:14:00Z,ARR,goo,0.0
692 (09-04),True,True,CHURCHILL,WINNIPEG,2025-09-04,44,Grandview,GVIE,2025-09-06T16:12:00Z,2025-09-06T16:12:00Z,ARR,goo,0.0
692 (09-04),True,True,CHURCHILL,WINNIPEG,2025-09-04,45,Gilbert Plains,GLBP,2025-09-06T16:32:00Z,2025-09-06T16:32:00Z,ARR,goo,0.0
692 (09-04),True,True,CHURCHILL,WINNIPEG,2025-09-04,46,Dauphin,DAUP,2025-09-06T16:56:00Z,2025-09-06T16:56:00Z,ARR,goo,0.0
692 (09-04),True,True,CHURCHILL,WINNIPEG,2025-09-04,47,Ochre River,OCHR,2025-09-06T17:20:00Z,2025-09-06T17:20:00Z,ARR,goo,0.0
692 (09-04),True,True,CHURCHILL,WINNIPEG,2025-09-04,48,Laurier,LRIE,2025-09-06T17:38:00Z,2025-09-06T17:38:00Z,ARR,goo,0.0
692 (09-04),True,True,CHURCHILL,WINNIPEG,2025-09-04,49,Mccreary,MCCR,2025-09-06T17:54:00Z,2025-09-06T17:54:00Z,ARR,goo,0.0
692 (09-04),True,True,CHURCHILL,WINNIPEG,2025-09-04,50,Glenella,GLNA,2025-09-06T18:34:00Z,2025-09-06T18:34:00Z,ARR,goo,0.0
692 (09-04),True,True,CHURCHILL,WINNIPEG,2025-09-04,51,Plumas,PLUM,2025-09-06T19:06:00Z,2025-09-06T19:06:00Z,ARR,goo,0.0
692 (09-04),True,True,CHURCHILL,WINNIPEG,2025-09-04,52,Gladstone,GSTO,2025-09-06T19:51:00Z,2025-09-06T19:51:00Z,ARR,goo,0.0
692 (09-04),True,True,CHURCHILL,WINNIPEG,2025-09-04,53,Portage La Prairie,PLPX,2025-09-06T20:37:00Z,2025-09-06T20:37:00Z,ARR,goo,0.0
692 (09-04),True,True,CHURCHILL,WINNIPEG,2025-09-04,54,Winnipeg,WNPG,2025-09-06T21:45:00Z,2025-09-06T21:45:00Z,ARR,goo,0.0
2 (09-05),True,False,VANCOUVER,TORONTO,2025-09-05,0,Vancouver,VCVR,2025-09-05T22:00:57Z,2025-09-05T22:00:00Z,ARR,goo,0.0
2 (09-05),True,False,VANCOUVER,TORONTO,2025-09-05,1,Mission Harbour,MSNH,2025-09-06T00:00:17Z,2025-09-05T23:35:00Z,ARR,bad,25.0
2 (09-05),True,False,VANCOUVER,TORONTO,2025-09-05,2,Agassiz,AGAS,2025-09-06T00:48:55Z,2025-09-06T00:03:00Z,ARR,bad,45.0
2 (09-05),True,False,VANCOUVER,TORONTO,2025-09-05,3,Katz,KATZ,2025-09-06T01:08:48Z,2025-09-06T00:17:00Z,ARR,bad,51.0
2 (09-05),True,False,VANCOUVER,TORONTO,2025-09-05,4,North Bend,NBND,2025-09-06T03:20:47Z,2025-09-06T02:46:00Z,ARR,bad,34.0
2 (09-05),True,False,VANCOUVER,TORONTO,2025-09-05,5,Ashcroft,ASHN,2025-09-06T06:45:40Z,2025-09-06T05:32:00Z,ARR,bad,73.0
2 (09-05),True,False,VANCOUVER,TORONTO,2025-09-05,6,Kamloops North,KAMN,2025-09-06T08:34:45Z,2025-09-06T07:17:00Z,ARR,bad,77.0
2 (09-05),True,False,VANCOUVER,TORONTO,2025-09-05,7,Clearwater,CLWT,2025-09-06T11:02:21Z,2025-09-06T09:58:00Z,ARR,bad,64.0
2 (09-05),True,False,VANCOUVER,TORONTO,2025-09-05,8,Blue River,BLUE,2025-09-06T13:04:38Z,2025-09-06T12:11:00Z,ARR,bad,53.0
2 (09-05),True,False,VANCOUVER,TORONTO,2025-09-05,9,Valemount,VLMT,2025-09-06T15:17:56Z,2025-09-06T14:01:00Z,ARR,bad,76.0
2 (09-05),True,False,VANCOUVER,TORONTO,2025-09-05,10,Jasper,JASP,2025-09-06T19:54:09Z,2025-09-06T17:00:00Z,ARR,bad,174.0
2 (09-05),True,False,VANCOUVER,TORONTO,2025-09-05,11,Hinton,HINT,2025-09-07T00:47:44Z,2025-09-06T19:45:00Z,ARR,bad,302.0
2 (09-05),True,False,VANCOUVER,TORONTO,2025-09-05,12,Edson,EDSN,2025-09-07T03:36:13Z,2025-09-06T21:19:00Z,ARR,bad,377.0
2 (09-05),True,False,VANCOUVER,TORONTO,2025-09-05,13,Evansburg,EVAN,2025-09-07T04:45:52Z,2025-09-06T22:28:00Z,54 mins,bad,377.0
2 (09-05),True,False,VANCOUVER,TORONTO,2025-09-05,14,Edmonton,EDMO,2025-09-07T07:07:52Z,2025-09-07T00:50:00Z,3h16,bad,377.0
2 (09-05),True,False,VANCOUVER,TORONTO,2025-09-05,15,Viking,VKNG,&mdash;,2025-09-07T03:53:00Z,&mdash;,,
2 (09-05),True,False,VANCOUVER,TORONTO,2025-09-05,16,Wainwright,WAIN,&mdash;,2025-09-07T06:14:00Z,&mdash;,,
2 (09-05),True,False,VANCOUVER,TORONTO,2025-09-05,17,Unity,UNIT,&mdash;,2025-09-07T07:47:00Z,&mdash;,,
2 (09-05),True,False,VANCOUVER,TORONTO,2025-09-05,18,Biggar,BIGG,&mdash;,2025-09-07T09:21:00Z,&mdash;,,
2 (09-05),True,False,VANCOUVER,TORONTO,2025-09-05,19,Saskatoon,SASK,&mdash;,2025-09-07T11:57:00Z,&mdash;,,
2 (09-05),True,False,VANCOUVER,TORONTO,2025-09-05,20,Watrous,WATR,&mdash;,2025-09-07T14:26:00Z,&mdash;,,
692 (09-06),True,False,CHURCHILL,WINNIPEG,2025-09-06,0,Churchill,CHUR,2025-09-07T01:30:00Z,2025-09-07T01:30:00Z,ARR,goo,0.0
692 (09-06),True,False,CHURCHILL,WINNIPEG,2025-09-06,1,Tidal,TIDL,2025-09-07T01:57:31Z,2025-09-07T01:52:00Z,ARR,med,5.0
692 (09-06),True,False,CHURCHILL,WINNIPEG,2025-09-06,2,Chesnaye,CHES,2025-09-07T02:53:45Z,2025-09-07T02:38:00Z,ARR,bad,15.0
692 (09-06),True,False,CHURCHILL,WINNIPEG,2025-09-06,3,M'Clintock,MCLI,2025-09-07T04:09:45Z,2025-09-07T03:54:00Z,18 mins,bad,15.0
692 (09-06),True,False,CHURCHILL,WINNIPEG,2025-09-06,4,O'Day,ODAY,2025-09-07T04:54:45Z,2025-09-07T04:39:00Z,1h03,bad,15.0
692 (09-06),True,False,CHURCHILL,WINNIPEG,2025-09-06,5,Herchmer,HERC,2025-09-07T05:33:45Z,2025-09-07T05:18:00Z,1h42,bad,15.0
692 (09-06),True,False,CHURCHILL,WINNIPEG,2025-09-06,6,Thibaudeau,THIB,2025-09-07T06:59:45Z,2025-09-07T06:44:00Z,3h08,bad,15.0
692 (09-06),True,False,CHURCHILL,WINNIPEG,2025-09-06,7,Weir River,WEIR,2025-09-07T08:01:45Z,2025-09-07T07:46:00Z,4h10,bad,15.0
692 (09-06),True,False,CHURCHILL,WINNIPEG,2025-09-06,8,Amery,AMRY,2025-09-07T08:52:45Z,2025-09-07T08:37:00Z,5h01,bad,15.0
692 (09-06),True,False,CHURCHILL,WINNIPEG,2025-09-06,9,Bird,BIRD,2025-09-07T09:15:45Z,2025-09-07T09:00:00Z,5h24,bad,15.0
692 (09-06),True,False,CHURCHILL,WINNIPEG,2025-09-06,10,Gillam,GILL,2025-09-07T10:15:45Z,2025-09-07T10:00:00Z,6h24,bad,15.0
692 (09-06),True,False,CHURCHILL,WINNIPEG,2025-09-06,11,Wivenhoe,WVHO,2025-09-07T11:31:45Z,2025-09-07T11:16:00Z,7h40,bad,15.0
692 (09-06),True,False,CHURCHILL,WINNIPEG,2025-09-06,12,Ilford,ILFO,2025-09-07T12:08:45Z,2025-09-07T11:53:00Z,8h17,bad,15.0
692 (09-06),True,False,CHURCHILL,WINNIPEG,2025-09-06,13,Pit Siding,PITS,2025-09-07T13:09:45Z,2025-09-07T12:54:00Z,9h18,bad,15.0
692 (09-06),True,False,CHURCHILL,WINNIPEG,2025-09-06,14,Bridgar,BRGR,2025-09-07T14:31:45Z,2025-09-07T14:16:00Z,10h40,bad,15.0
692 (09-06),True,False,CHURCHILL,WINNIPEG,2025-09-06,15,Pikwitonei,PIKW,2025-09-07T14:42:45Z,2025-09-07T14:27:00Z,10h51,bad,15.0
692 (09-06),True,False,CHURCHILL,WINNIPEG,2025-09-06,16,Sipiwesk,SIPI,2025-09-07T15:09:45Z,2025-09-07T14:54:00Z,11h18,bad,15.0
692 (09-06),True,False,CHURCHILL,WINNIPEG,2025-09-06,17,Thompson,THOM,2025-09-07T16:45:45Z,2025-09-07T16:30:00Z,12h54,bad,15.0
15,True,True,HALIFAX,MONTRÉAL,2025-09-05,0,Halifax,HLFX,2025-09-05T14:32:47Z,2025-09-05T14:30:00Z,ARR,goo,2.0
15,True,True,HALIFAX,MONTRÉAL,2025-09-05,1,Truro,TRUR,2025-09-05T16:38:59Z,2025-09-05T15:56:00Z,ARR,bad,42.0
15,True,True,HALIFAX,MONTRÉAL,2025-09-05,2,Springhill Jct,SPRJ,2025-09-05T17:53:44Z,2025-09-05T17:11:00Z,ARR,bad,42.0
15,True,True,HALIFAX,MONTRÉAL,2025-09-05,3,Amherst,AMHS,2025-09-05T18:14:14Z,2025-09-05T17:34:00Z,ARR,bad,40.0
15,True,True,HALIFAX,MONTRÉAL,2025-09-05,4,Sackville,SACK,2025-09-05T18:37:09Z,2025-09-05T17:50:00Z,ARR,bad,47.0
15,True,True,HALIFAX,MONTRÉAL,2025-09-05,5,Moncton,MCTN,2025-09-05T19:22:22Z,2025-09-05T18:44:00Z,ARR,bad,38.0
15,True,True,HALIFAX,MONTRÉAL,2025-09-05,6,Rogersville,RGRV,2025-09-05T21:18:53Z,2025-09-05T20:08:00Z,ARR,bad,70.0
15,True,True,HALIFAX,MONTRÉAL,2025-09-05,7,Miramichi,MIRA,2025-09-05T22:07:17Z,2025-09-05T20:59:00Z,ARR,bad,68.0
15,True,True,HALIFAX,MONTRÉAL,2025-09-05,8,Bathurst,BTRS,2025-09-05T23:41:31Z,2025-09-05T22:55:00Z,ARR,bad,46.0
15,True,True,HALIFAX,MONTRÉAL,2025-09-05,9,Petit Rocher,PROC,2025-09-06T00:00:47Z,2025-09-05T23:22:00Z,ARR,bad,38.0
15,True,True,HALIFAX,MONTRÉAL,2025-09-05,10,Jacquet River,JACR,2025-09-06T00:30:09Z,2025-09-05T23:44:01Z,ARR,bad,46.0
15,True,True,HALIFAX,MONTRÉAL,2025-09-05,11,Charlo,CHLO,2025-09-06T01:09:05Z,2025-09-06T00:07:00Z,ARR,bad,62.0
15,True,True,HALIFAX,MONTRÉAL,2025-09-05,12,Campbellton,CBTN,2025-09-06T01:53:23Z,2025-09-06T01:10:00Z,ARR,bad,43.0
15,True,True,HALIFAX,MONTRÉAL,2025-09-05,13,Matapedia,MTPD,2025-09-06T02:40:05Z,2025-09-06T01:52:00Z,ARR,bad,48.0
15,True,True,HALIFAX,MONTRÉAL,2025-09-05,14,Causapscal,CAUS,2025-09-06T03:39:01Z,2025-09-06T02:41:00Z,ARR,bad,58.0
15,True,True,HALIFAX,MONTRÉAL,2025-09-05,15,Amqui,AMQU,2025-09-06T04:06:13Z,2025-09-06T03:01:00Z,ARR,bad,65.0
15,True,True,HALIFAX,MONTRÉAL,2025-09-05,16,Sayabec,SAYA,2025-09-06T04:38:58Z,2025-09-06T03:23:00Z,ARR,bad,75.0
15,True,True,HALIFAX,MONTRÉAL,2025-09-05,17,Mont-Joli,MJLI,2025-09-06T05:44:48Z,2025-09-06T04:53:00Z,ARR,bad,51.0
15,True,True,HALIFAX,MONTRÉAL,2025-09-05,18,Rimouski,RMSK,2025-09-06T06:12:31Z,2025-09-06T05:24:00Z,ARR,bad,48.0
15,True,True,HALIFAX,MONTRÉAL,2025-09-05,19,Trois Pistoles,TPIS,2025-09-06T07:26:25Z,2025-09-06T06:29:00Z,ARR,bad,57.0
15,True,True,HALIFAX,MONTRÉAL,2025-09-05,20,Rivière-Du-Loup,RDLX,2025-09-06T08:09:40Z,2025-09-06T07:16:00Z,ARR,bad,53.0
15,True,True,HALIFAX,MONTRÉAL,2025-09-05,21,La Pocatière,LPOC,2025-09-06T09:00:39Z,2025-09-06T08:05:00Z,ARR,bad,55.0
15,True,True,HALIFAX,MONTRÉAL,2025-09-05,22,Montmagny,MMGY,2025-09-06T09:28:31Z,2025-09-06T08:39:00Z,ARR,bad,49.0
15,True,True,HALIFAX,MONTRÉAL,2025-09-05,23,Ste-Foy,SFOY,2025-09-06T10:38:41Z,2025-09-06T10:13:00Z,ARR,bad,25.0
15,True,True,HALIFAX,MONTRÉAL,2025-09-05,24,Drummondville,DRMV,2025-09-06T12:27:52Z,2025-09-06T12:20:00Z,ARR,med,7.0
15,True,True,HALIFAX,MONTRÉAL,2025-09-05,25,St. Hyacinthe,SHYA,2025-09-06T12:57:32Z,2025-09-06T13:00:00Z,ARR,goo,-2.0
15,True,True,HALIFAX,MONTRÉAL,2025-09-05,26,St. Lambert,SLAM,2025-09-06T13:34:27Z,2025-09-06T13:34:00Z,ARR,goo,0.0
15,True,True,HALIFAX,MONTRÉAL,2025-09-05,27,Montréal,MTRL,2025-09-06T13:56:10Z,2025-09-06T13:53:00Z,ARR,goo,3.0
6,True,True,PRINCE RUPERT,JASPER,2025-09-05,0,Prince Rupert,PRUP,2025-09-05T15:32:42Z,2025-09-05T15:00:00Z,ARR,bad,32.0
6,True,True,PRINCE RUPERT,JASPER,2025-09-05,1,Cassiar Cannery,CASS,2025-09-05T16:08:12Z,2025-09-05T15:20:00Z,ARR,bad,48.0
6,True,True,PRINCE RUPERT,JASPER,2025-09-05,2,Kwinitsa,KWIN,2025-09-05T16:49:16Z,2025-09-05T16:17:00Z,ARR,bad,32.0
6,True,True,PRINCE RUPERT,JASPER,2025-09-05,3,Terrace,TRRC,2025-09-05T17:45:41Z,2025-09-05T17:20:00Z,ARR,bad,25.0
6,True,True,PRINCE RUPERT,JASPER,2025-09-05,4,Usk,USKX,2025-09-05T18:34:19Z,2025-09-05T17:48:00Z,ARR,bad,46.0
6,True,True,PRINCE RUPERT,JASPER,2025-09-05,5,Pacific,PACI,2025-09-05T18:49:46Z,2025-09-05T18:07:00Z,ARR,bad,42.0
6,True,True,PRINCE RUPERT,JASPER,2025-09-05,6,Dorreen,DORR,2025-09-05T18:57:56Z,2025-09-05T18:19:00Z,ARR,bad,38.0
6,True,True,PRINCE RUPERT,JASPER,2025-09-05,7,Cedarvale,CEDA,2025-09-05T19:16:08Z,2025-09-05T18:44:00Z,ARR,bad,32.0
6,True,True,PRINCE RUPERT,JASPER,2025-09-05,8,Kitwanga,KITW,2025-09-05T19:35:22Z,2025-09-05T18:48:01Z,ARR,bad,47.0
6,True,True,PRINCE RUPERT,JASPER,2025-09-05,9,New Hazelton,NHAZ,2025-09-05T20:17:36Z,2025-09-05T19:30:00Z,ARR,bad,47.0
6,True,True,PRINCE RUPERT,JASPER,2025-09-05,10,Smithers,SMTR,2025-09-05T21:28:26Z,2025-09-05T21:14:00Z,ARR,med,14.0
6,True,True,PRINCE RUPERT,JASPER,2025-09-05,11,Telkwa,TELK,2025-09-05T21:51:22Z,2025-09-05T21:37:00Z,ARR,med,14.0
6,True,True,PRINCE RUPERT,JASPER,2025-09-05,12,Houston,HOUS,2025-09-05T22:30:21Z,2025-09-05T22:22:00Z,ARR,med,8.0
6,True,True,PRINCE RUPERT,JASPER,2025-09-05,13,Burns Lake,BRNL,2025-09-05T23:53:35Z,2025-09-05T23:32:00Z,ARR,bad,21.0
6,True,True,PRINCE RUPERT,JASPER,2025-09-05,14,Endako,ENDA,2025-09-06T01:17:05Z,2025-09-06T00:25:00Z,ARR,bad,52.0
6,True,True,PRINCE RUPERT,JASPER,2025-09-05,15,Fort Fraser,FFRA,2025-09-06T01:47:54Z,2025-09-06T00:57:00Z,ARR,bad,50.0
6,True,True,PRINCE RUPERT,JASPER,2025-09-05,16,Vanderhoof,VDRH,2025-09-06T02:24:42Z,2025-09-06T01:35:00Z,ARR,bad,49.0
6,True,True,PRINCE RUPERT,JASPER,2025-09-05,17,Prince George,PGEO,2025-09-06T04:15:52Z,2025-09-06T03:29:00Z,ARR,bad,46.0
6,True,True,PRINCE RUPERT,JASPER,2025-09-05,18,Willow River,WILR,2025-09-06T15:48:00Z,2025-09-06T15:48:00Z,ARR,goo,0.0
6,True,True,PRINCE RUPERT,JASPER,2025-09-05,19,Aleza Lake,ALZL,2025-09-06T16:17:22Z,2025-09-06T16:17:00Z,ARR,goo,0.0
6,True,True,PRINCE RUPERT,JASPER,2025-09-05,20,Upper Fraser,UFRZ,2025-09-06T16:25:22Z,2025-09-06T16:25:00Z,ARR,goo,0.0
6,True,True,PRINCE RUPERT,JASPER,2025-09-05,21,Mcgregor,MCGR,2025-09-06T16:33:22Z,2025-09-06T16:33:00Z,ARR,goo,0.0
6,True,True,PRINCE RUPERT,JASPER,2025-09-05,22,Sinclair Mills,SINM,2025-09-06T16:44:00Z,2025-09-06T16:44:00Z,ARR,goo,0.0
6,True,True,PRINCE RUPERT,JASPER,2025-09-05,23,Hutton,HUTT,2025-09-06T16:48:00Z,2025-09-06T16:48:00Z,ARR,goo,0.0
6,True,True,PRINCE RUPERT,JASPER,2025-09-05,24,Longworth,LWTH,2025-09-06T16:59:00Z,2025-09-06T16:59:00Z,ARR,goo,0.0
6,True,True,PRINCE RUPERT,JASPER,2025-09-05,25,Penny,PENN,2025-09-06T17:13:00Z,2025-09-06T17:13:00Z,ARR,goo,0.0
6,True,True,PRINCE RUPERT,JASPER,2025-09-05,26,Bend,BEND,2025-09-06T17:32:00Z,2025-09-06T17:32:00Z,ARR,goo,0.0
6,True,True,PRINCE RUPERT,JASPER,2025-09-05,27,Dome Creek,DOMC,2025-09-06T17:33:07Z,2025-09-06T17:33:07Z,ARR,goo,0.0
6,True,True,PRINCE RUPERT,JASPER,2025-09-05,28,Loos,LOOS,2025-09-06T18:07:00Z,2025-09-06T18:07:00Z,ARR,goo,0.0
6,True,True,PRINCE RUPERT,JASPER,2025-09-05,29,Goat River,GOAT,2025-09-06T18:22:00Z,2025-09-06T18:22:00Z,ARR,goo,0.0
6,True,True,PRINCE RUPERT,JASPER,2025-09-05,30,Mcbride,MCBR,2025-09-06T19:32:39Z,2025-09-06T19:18:00Z,ARR,med,14.0
6,True,True,PRINCE RUPERT,JASPER,2025-09-05,31,Dunster,DNST,2025-09-06T20:02:19Z,2025-09-06T19:35:00Z,ARR,bad,27.0
6,True,True,PRINCE RUPERT,JASPER,2025-09-05,32,Harvey,HRVY,2025-09-06T20:54:30Z,2025-09-06T20:24:00Z,ARR,bad,30.0
6,True,True,PRINCE RUPERT,JASPER,2025-09-05,33,Jasper,JASP,2025-09-06T22:59:23Z,2025-09-06T23:00:00Z,ARR,goo,0.0
691,True,True,THE PAS,CHURCHILL,2025-09-05,0,The Pas,TPAS,2025-09-05T07:30:00Z,2025-09-05T07:30:00Z,ARR,goo,0.0
691,True,True,THE PAS,CHURCHILL,2025-09-05,1,Orok,OROK,2025-09-05T08:03:39Z,2025-09-05T08:07:00Z,ARR,goo,-3.0
691,True,True,THE PAS,CHURCHILL,2025-09-05,2,Halcrow,HALC,2025-09-05T08:48:34Z,2025-09-05T09:01:00Z,ARR,goo,-12.0
691,True,True,THE PAS,CHURCHILL,2025-09-05,3,Cormorant,CORM,2025-09-05T09:12:00Z,2025-09-05T09:12:00Z,ARR,goo,0.0
691,True,True,THE PAS,CHURCHILL,2025-09-05,4,Dering,DERI,2025-09-05T09:20:00Z,2025-09-05T09:20:00Z,ARR,goo,0.0
691,True,True,THE PAS,CHURCHILL,2025-09-05,5,Dyce,DYCE,2025-09-05T09:59:00Z,2025-09-05T09:59:00Z,ARR,goo,0.0
691,True,True,THE PAS,CHURCHILL,2025-09-05,6,Wekusko,WEKU,2025-09-05T10:15:39Z,2025-09-05T10:43:00Z,ARR,goo,-27.0
691,True,True,THE PAS,CHURCHILL,2025-09-05,7,Turnbull,TURN,2025-09-05T10:38:45Z,2025-09-05T11:10:00Z,ARR,goo,-31.0
691,True,True,THE PAS,CHURCHILL,2025-09-05,8,Ponton,PNTN,2025-09-05T11:06:14Z,2025-09-05T11:42:00Z,ARR,goo,-35.0
691,True,True,THE PAS,CHURCHILL,2025-09-05,9,Pipun,PIPN,2025-09-05T11:51:31Z,2025-09-05T12:25:00Z,ARR,goo,-33.0
691,True,True,THE PAS,CHURCHILL,2025-09-05,10,Wabowden,WBDN,2025-09-05T12:05:05Z,2025-09-05T12:48:00Z,ARR,goo,-42.0
691,True,True,THE PAS,CHURCHILL,2025-09-05,11,Lyddal,LYDD,2025-09-05T13:09:58Z,2025-09-05T13:16:00Z,ARR,goo,-6.0
691,True,True,THE PAS,CHURCHILL,2025-09-05,12,Odhill,ODHI,2025-09-05T13:29:35Z,2025-09-05T13:38:00Z,ARR,goo,-8.0
691,True,True,THE PAS,CHURCHILL,2025-09-05,13,Hockin,HOCK,2025-09-05T14:06:40Z,2025-09-05T14:22:00Z,ARR,goo,-15.0
691,True,True,THE PAS,CHURCHILL,2025-09-05,14,Thicket Portage,THKP,2025-09-05T14:37:00Z,2025-09-05T14:37:00Z,ARR,goo,0.0
691,True,True,THE PAS,CHURCHILL,2025-09-05,15,Leven,LEVN,2025-09-05T14:43:20Z,2025-09-05T14:54:00Z,ARR,goo,-10.0
691,True,True,THE PAS,CHURCHILL,2025-09-05,16,Thompson,THOM,2025-09-05T18:06:47Z,2025-09-05T17:00:00Z,ARR,bad,66.0
691,True,True,THE PAS,CHURCHILL,2025-09-05,17,Sipiwesk,SIPI,2025-09-05T23:26:13Z,2025-09-05T23:35:00Z,ARR,goo,-8.0
691,True,True,THE PAS,CHURCHILL,2025-09-05,18,Pikwitonei,PIKW,2025-09-06T00:02:00Z,2025-09-06T00:02:00Z,ARR,goo,0.0
691,True,True,THE PAS,CHURCHILL,2025-09-05,19,Bridgar,BRGR,2025-09-06T00:13:00Z,2025-09-06T00:13:00Z,ARR,goo,0.0
691,True,True,THE PAS,CHURCHILL,2025-09-05,20,Pit Siding,PITS,2025-09-06T01:35:00Z,2025-09-06T01:35:00Z,ARR,goo,0.0
691,True,True,THE PAS,CHURCHILL,2025-09-05,21,Ilford,ILFO,2025-09-06T02:36:00Z,2025-09-06T02:36:00Z,ARR,goo,0.0
691,True,True,THE PAS,CHURCHILL,2025-09-05,22,Wivenhoe,WVHO,2025-09-06T03:34:07Z,2025-09-06T03:13:00Z,ARR,bad,21.0
691,True,True,THE PAS,CHURCHILL,2025-09-05,23,Gillam,GILL,2025-09-06T04:20:02Z,2025-09-06T04:00:01Z,ARR,bad,20.0
691,True,True,THE PAS,CHURCHILL,2025-09-05,24,Bird,BIRD,2025-09-06T05:24:02Z,2025-09-06T05:29:00Z,ARR,goo,-4.0
691,True,True,THE PAS,CHURCHILL,2025-09-05,25,Amery,AMRY,2025-09-06T06:01:26Z,2025-09-06T05:51:00Z,ARR,med,10.0
691,True,True,THE PAS,CHURCHILL,2025-09-05,26,Weir River,WEIR,2025-09-06T07:00:21Z,2025-09-06T06:43:00Z,ARR,bad,17.0
691,True,True,THE PAS,CHURCHILL,2025-09-05,27,Thibaudeau,THIB,2025-09-06T07:49:28Z,2025-09-06T08:00:00Z,ARR,goo,-10.0
691,True,True,THE PAS,CHURCHILL,2025-09-05,28,Herchmer,HERC,2025-09-06T09:26:00Z,2025-09-06T09:26:00Z,ARR,goo,0.0
691,True,True,THE PAS,CHURCHILL,2025-09-05,29,O'Day,ODAY,2025-09-06T10:05:00Z,2025-09-06T10:05:00Z,ARR,goo,0.0
691,True,True,THE PAS,CHURCHILL,2025-09-05,30,M'Clintock,MCLI,2025-09-06T10:50:00Z,2025-09-06T10:50:00Z,ARR,goo,0.0
691,True,True,THE PAS,CHURCHILL,2025-09-05,31,Chesnaye,CHES,2025-09-06T12:06:00Z,2025-09-06T12:06:00Z,ARR,goo,0.0
691,True,True,THE PAS,CHURCHILL,2025-09-05,32,Tidal,TIDL,2025-09-06T12:13:56Z,2025-09-06T13:37:00Z,ARR,goo,-83.0
691,True,True,THE PAS,CHURCHILL,2025-09-05,33,Churchill,CHUR,2025-09-06T12:58:01Z,2025-09-06T14:00:00Z,ARR,goo,-61.0
5,True,False,JASPER,PRINCE RUPERT,2025-09-05,0,Jasper,JASP,2025-09-05T17:00:40Z,2025-09-05T16:45:00Z,ARR,bad,15.0
5,True,False,JASPER,PRINCE RUPERT,2025-09-05,1,Harvey,HRVY,2025-09-05T18:51:49Z,2025-09-05T18:38:00Z,ARR,med,13.0
5,True,False,JASPER,PRINCE RUPERT,2025-09-05,2,Dunster,DNST,2025-09-05T19:25:43Z,2025-09-05T19:12:00Z,ARR,med,13.0
5,True,False,JASPER,PRINCE RUPERT,2025-09-05,3,Mcbride,MCBR,2025-09-05T19:57:44Z,2025-09-05T19:44:00Z,ARR,med,13.0
5,True,False,JASPER,PRINCE RUPERT,2025-09-05,4,Goat River,GOAT,2025-09-05T20:51:30Z,2025-09-05T20:41:00Z,ARR,med,10.0
5,True,False,JASPER,PRINCE RUPERT,2025-09-05,5,Loos,LOOS,2025-09-05T21:21:17Z,2025-09-05T20:58:00Z,ARR,bad,23.0
5,True,False,JASPER,PRINCE RUPERT,2025-09-05,6,Dome Creek,DOMC,2025-09-05T21:53:55Z,2025-09-05T21:32:00Z,ARR,bad,21.0
5,True,False,JASPER,PRINCE RUPERT,2025-09-05,7,Bend,BEND,2025-09-05T21:56:14Z,2025-09-05T21:36:00Z,ARR,bad,20.0
5,True,False,JASPER,PRINCE RUPERT,2025-09-05,8,Penny,PENN,2025-09-05T22:13:45Z,2025-09-05T21:56:00Z,ARR,bad,17.0
5,True,False,JASPER,PRINCE RUPERT,2025-09-05,9,Longworth,LWTH,2025-09-05T22:25:21Z,2025-09-05T22:11:00Z,ARR,med,14.0
5,True,False,JASPER,PRINCE RUPERT,2025-09-05,10,Hutton,HUTT,2025-09-05T22:38:21Z,2025-09-05T22:24:00Z,ARR,med,14.0
5,True,False,JASPER,PRINCE RUPERT,2025-09-05,11,Sinclair Mills,SINM,2025-09-05T22:44:21Z,2025-09-05T22:30:00Z,ARR,med,14.0
5,True,False,JASPER,PRINCE RUPERT,2025-09-05,12,Mcgregor,MCGR,2025-09-05T22:58:29Z,2025-09-05T22:43:00Z,ARR,bad,15.0
5,True,False,JASPER,PRINCE RUPERT,2025-09-05,13,Upper Fraser,UFRZ,2025-09-05T23:07:29Z,2025-09-05T22:52:00Z,ARR,bad,15.0
5,True,False,JASPER,PRINCE RUPERT,2025-09-05,14,Aleza Lake,ALZL,2025-09-05T23:16:29Z,2025-09-05T23:01:00Z,ARR,bad,15.0
5,True,False,JASPER,PRINCE RUPERT,2025-09-05,15,Willow River,WILR,2025-09-05T23:33:47Z,2025-09-05T23:31:00Z,ARR,goo,2.0
5,True,False,JASPER,PRINCE RUPERT,2025-09-05,16,Prince George,PGEO,2025-09-06T00:01:48Z,2025-09-06T00:08:00Z,ARR,goo,-6.0
5,True,False,JASPER,PRINCE RUPERT,2025-09-05,17,Vanderhoof,VDRH,2025-09-06T16:55:00Z,2025-09-06T16:55:00Z,ARR,goo,0.0
5,True,False,JASPER,PRINCE RUPERT,2025-09-05,18,Fort Fraser,FFRA,2025-09-06T17:32:00Z,2025-09-06T17:32:00Z,ARR,goo,0.0
5,True,False,JASPER,PRINCE RUPERT,2025-09-05,19,Endako,ENDA,2025-09-06T17:50:00Z,2025-09-06T17:50:00Z,ARR,goo,0.0
5,True,False,JASPER,PRINCE RUPERT,2025-09-05,20,Burns Lake,BRNL,2025-09-06T18:58:00Z,2025-09-06T18:58:00Z,ARR,goo,0.0
5,True,False,JASPER,PRINCE RUPERT,2025-09-05,21,Houston,HOUS,2025-09-06T20:08:00Z,2025-09-06T20:08:00Z,ARR,goo,0.0
5,True,False,JASPER,PRINCE RUPERT,2025-09-05,22,Telkwa,TELK,2025-09-06T20:52:00Z,2025-09-06T20:52:00Z,ARR,goo,0.0
5,True,False,JASPER,PRINCE RUPERT,2025-09-05,23,Smithers,SMTR,2025-09-06T21:10:00Z,2025-09-06T21:10:00Z,ARR,goo,0.0
5,True,False,JASPER,PRINCE RUPERT,2025-09-05,24,New Hazelton,NHAZ,2025-09-07T00:04:57Z,2025-09-06T22:37:00Z,ARR,bad,87.0
5,True,False,JASPER,PRINCE RUPERT,2025-09-05,25,Kitwanga,KITW,2025-09-07T00:47:50Z,2025-09-06T23:27:00Z,ARR,bad,80.0
5,True,False,JASPER,PRINCE RUPERT,2025-09-05,26,Cedarvale,CEDA,2025-09-07T01:05:30Z,2025-09-06T23:51:00Z,ARR,bad,74.0
5,True,False,JASPER,PRINCE RUPERT,2025-09-05,27,Dorreen,DORR,2025-09-07T01:24:20Z,2025-09-07T00:12:00Z,ARR,bad,72.0
5,True,False,JASPER,PRINCE RUPERT,2025-09-05,28,Pacific,PACI,2025-09-07T01:31:25Z,2025-09-07T00:21:00Z,ARR,bad,70.0
5,True,False,JASPER,PRINCE RUPERT,2025-09-05,29,Usk,USKX,2025-09-07T01:47:23Z,2025-09-07T00:40:00Z,ARR,bad,67.0
5,True,False,JASPER,PRINCE RUPERT,2025-09-05,30,Terrace,TRRC,2025-09-07T02:03:52Z,2025-09-07T01:00:00Z,ARR,bad,63.0
5,True,False,JASPER,PRINCE RUPERT,2025-09-05,31,Kwinitsa,KWIN,2025-09-07T03:21:19Z,2025-09-07T02:09:00Z,ARR,bad,72.0
5,True,False,JASPER,PRINCE RUPERT,2025-09-05,32,Cassiar Cannery,CASS,2025-09-07T03:57:41Z,2025-09-07T02:45:00Z,6 mins,bad,72.0
5,True,False,JASPER,PRINCE RUPERT,2025-09-05,33,Prince Rupert,PRUP,2025-09-07T04:37:41Z,2025-09-07T03:25:00Z,46 mins,bad,72.0
14,True,True,MONTRÉAL,HALIFAX,2025-09-05,0,Montréal,MTRL,2025-09-05T22:30:00Z,2025-09-05T22:30:00Z,ARR,goo,0.0
14,True,True,MONTRÉAL,HALIFAX,2025-09-05,1,St. Lambert,SLAM,2025-09-05T23:02:13Z,2025-09-05T22:45:00Z,ARR,bad,17.0
14,True,True,MONTRÉAL,HALIFAX,2025-09-05,2,St. Hyacinthe,SHYA,2025-09-05T23:42:00Z,2025-09-05T23:23:00Z,ARR,bad,19.0
14,True,True,MONTRÉAL,HALIFAX,2025-09-05,3,Drummondville,DRMV,2025-09-06T00:33:03Z,2025-09-06T00:04:00Z,ARR,bad,29.0
14,True,True,MONTRÉAL,HALIFAX,2025-09-05,4,Ste-Foy,SFOY,2025-09-06T02:04:11Z,2025-09-06T01:48:00Z,ARR,bad,16.0
14,True,True,MONTRÉAL,HALIFAX,2025-09-05,5,Montmagny,MMGY,2025-09-06T03:36:57Z,2025-09-06T03:17:00Z,ARR,bad,19.0
14,True,True,MONTRÉAL,HALIFAX,2025-09-05,6,La Pocatière,LPOC,2025-09-06T04:11:11Z,2025-09-06T03:50:00Z,ARR,bad,21.0
14,True,True,MONTRÉAL,HALIFAX,2025-09-05,7,Rivière-Du-Loup,RDLX,2025-09-06T04:54:29Z,2025-09-06T04:31:00Z,ARR,bad,23.0
14,True,True,MONTRÉAL,HALIFAX,2025-09-05,8,Trois Pistoles,TPIS,2025-09-06T05:43:29Z,2025-09-06T05:17:00Z,ARR,bad,26.0
14,True,True,MONTRÉAL,HALIFAX,2025-09-05,9,Rimouski,RMSK,2025-09-06T06:58:57Z,2025-09-06T06:25:00Z,ARR,bad,33.0
14,True,True,MONTRÉAL,HALIFAX,2025-09-05,10,Mont-Joli,MJLI,2025-09-06T07:35:26Z,2025-09-06T07:03:00Z,ARR,bad,32.0
14,True,True,MONTRÉAL,HALIFAX,2025-09-05,11,Sayabec,SAYA,2025-09-06T08:39:47Z,2025-09-06T08:06:00Z,ARR,bad,33.0
14,True,True,MONTRÉAL,HALIFAX,2025-09-05,12,Amqui,AMQU,2025-09-06T09:09:49Z,2025-09-06T08:27:00Z,ARR,bad,42.0
14,True,True,MONTRÉAL,HALIFAX,2025-09-05,13,Causapscal,CAUS,2025-09-06T09:40:21Z,2025-09-06T08:49:00Z,ARR,bad,51.0
14,True,True,MONTRÉAL,HALIFAX,2025-09-05,14,Matapedia,MTPD,2025-09-06T10:38:18Z,2025-09-06T09:35:00Z,ARR,bad,63.0
14,True,True,MONTRÉAL,HALIFAX,2025-09-05,15,Campbellton,CBTN,2025-09-06T11:17:29Z,2025-09-06T10:20:00Z,ARR,bad,57.0
14,True,True,MONTRÉAL,HALIFAX,2025-09-05,16,Charlo,CHLO,2025-09-06T12:15:41Z,2025-09-06T11:03:00Z,ARR,bad,72.0
14,True,True,MONTRÉAL,HALIFAX,2025-09-05,17,Jacquet River,JACR,2025-09-06T12:54:54Z,2025-09-06T11:26:00Z,ARR,bad,88.0
14,True,True,MONTRÉAL,HALIFAX,2025-09-05,18,Petit Rocher,PROC,2025-09-06T13:26:30Z,2025-09-06T11:48:00Z,ARR,bad,98.0
14,True,True,MONTRÉAL,HALIFAX,2025-09-05,19,Bathurst,BTRS,2025-09-06T13:48:30Z,2025-09-06T12:36:00Z,ARR,bad,72.0
14,True,True,MONTRÉAL,HALIFAX,2025-09-05,20,Miramichi,MIRA,2025-09-06T15:19:44Z,2025-09-06T14:25:00Z,ARR,bad,54.0
14,True,True,MONTRÉAL,HALIFAX,2025-09-05,21,Rogersville,RGRV,2025-09-06T16:16:20Z,2025-09-06T15:20:00Z,ARR,bad,56.0
14,True,True,MONTRÉAL,HALIFAX,2025-09-05,22,Moncton,MCTN,2025-09-06T17:52:04Z,2025-09-06T16:30:00Z,ARR,bad,82.0
14,True,True,MONTRÉAL,HALIFAX,2025-09-05,23,Sackville,SACK,2025-09-06T19:01:31Z,2025-09-06T17:40:00Z,ARR,bad,81.0
14,True,True,MONTRÉAL,HALIFAX,2025-09-05,24,Amherst,AMHS,2025-09-06T19:18:04Z,2025-09-06T17:55:00Z,ARR,bad,83.0
14,True,True,MONTRÉAL,HALIFAX,2025-09-05,25,Springhill Jct,SPRJ,2025-09-06T19:45:44Z,2025-09-06T18:17:00Z,ARR,bad,88.0
14,True,True,MONTRÉAL,HALIFAX,2025-09-05,26,Truro,TRUR,2025-09-06T21:08:35Z,2025-09-06T19:32:00Z,ARR,bad,96.0
14,True,True,MONTRÉAL,HALIFAX,2025-09-05,27,Halifax,HLFX,2025-09-06T22:46:50Z,2025-09-06T21:36:00Z,ARR,bad,70.0
24,True,True,OTTAWA,QUÉBEC,2025-09-06,0,Ottawa,OTTW,2025-09-06T14:13:00Z,2025-09-06T14:13:00Z,ARR,goo,0.0
24,True,True,OTTAWA,QUÉBEC,2025-09-06,1,Alexandria,ALEX,2025-09-06T15:04:46Z,2025-09-06T15:03:00Z,ARR,goo,1.0
24,True,True,OTTAWA,QUÉBEC,2025-09-06,2,Coteau,COTO,2025-09-06T15:27:55Z,2025-09-06T15:26:00Z,ARR,goo,1.0
24,True,True,OTTAWA,QUÉBEC,2025-09-06,3,Dorval,DORV,2025-09-06T16:01:23Z,2025-09-06T15:50:00Z,ARR,med,11.0
24,True,True,OTTAWA,QUÉBEC,2025-09-06,4,Montréal,MTRL,2025-09-06T16:32:57Z,2025-09-06T16:15:00Z,ARR,bad,17.0
24,True,True,OTTAWA,QUÉBEC,2025-09-06,5,St. Lambert,SLAM,2025-09-06T17:21:00Z,2025-09-06T16:58:00Z,ARR,bad,23.0
24,True,True,OTTAWA,QUÉBEC,2025-09-06,6,St. Hyacinthe,SHYA,2025-09-06T17:48:18Z,2025-09-06T17:26:00Z,ARR,bad,22.0
24,True,True,OTTAWA,QUÉBEC,2025-09-06,7,Drummondville,DRMV,2025-09-06T18:16:39Z,2025-09-06T17:54:00Z,ARR,bad,22.0
24,True,True,OTTAWA,QUÉBEC,2025-09-06,8,Charny,CHNY,2025-09-06T20:15:11Z,2025-09-06T19:38:00Z,ARR,bad,37.0
24,True,True,OTTAWA,QUÉBEC,2025-09-06,9,Ste-Foy,SFOY,2025-09-06T20:26:08Z,2025-09-06T19:45:00Z,ARR,bad,41.0
24,True,True,OTTAWA,QUÉBEC,2025-09-06,10,Québec,QBEC,2025-09-06T20:53:26Z,2025-09-06T20:12:00Z,ARR,bad,41.0
37,True,True,QUÉBEC,OTTAWA,2025-09-06,0,Québec,QBEC,2025-09-06T16:32:00Z,2025-09-06T16:32:00Z,ARR,goo,0.0
37,True,True,QUÉBEC,OTTAWA,2025-09-06,1,Ste-Foy,SFOY,2025-09-06T16:58:50Z,2025-09-06T16:57:00Z,ARR,goo,1.0
37,True,True,QUÉBEC,OTTAWA,2025-09-06,2,Drummondville,DRMV,2025-09-06T18:49:31Z,2025-09-06T18:44:00Z,ARR,med,5.0
37,True,True,QUÉBEC,OTTAWA,2025-09-06,3,St. Hyacinthe,SHYA,2025-09-06T19:20:42Z,2025-09-06T19:12:00Z,ARR,med,8.0
37,True,True,QUÉBEC,OTTAWA,2025-09-06,4,St. Lambert,SLAM,2025-09-06T19:49:29Z,2025-09-06T19:39:00Z,ARR,med,10.0
37,True,True,QUÉBEC,OTTAWA,2025-09-06,5,Montréal,MTRL,2025-09-06T20:04:28Z,2025-09-06T19:54:00Z,ARR,med,10.0
37,True,True,QUÉBEC,OTTAWA,2025-09-06,6,Dorval,DORV,2025-09-06T20:57:12Z,2025-09-06T20:54:00Z,ARR,goo,3.0
37,True,True,QUÉBEC,OTTAWA,2025-09-06,7,Coteau,COTO,2025-09-06T21:24:15Z,2025-09-06T21:23:00Z,ARR,goo,1.0
37,True,True,QUÉBEC,OTTAWA,2025-09-06,8,Alexandria,ALEX,2025-09-06T21:48:21Z,2025-09-06T21:45:00Z,ARR,goo,3.0
37,True,True,QUÉBEC,OTTAWA,2025-09-06,9,Ottawa,OTTW,2025-09-06T22:33:48Z,2025-09-06T22:37:00Z,ARR,goo,-3.0
41,True,True,OTTAWA,TORONTO,2025-09-06,0,Ottawa,OTTW,2025-09-06T09:21:00Z,2025-09-06T09:21:00Z,ARR,goo,0.0
41,True,True,OTTAWA,TORONTO,2025-09-06,1,Fallowfield,FALL,2025-09-06T09:37:08Z,2025-09-06T09:38:00Z,ARR,goo,0.0
41,True,True,OTTAWA,TORONTO,2025-09-06,2,Smiths Falls,SMTF,2025-09-06T10:06:15Z,2025-09-06T10:08:00Z,ARR,goo,-1.0
41,True,True,OTTAWA,TORONTO,2025-09-06,3,Brockville,BRKV,2025-09-06T10:37:05Z,2025-09-06T10:40:00Z,ARR,goo,-2.0
41,True,True,OTTAWA,TORONTO,2025-09-06,4,Kingston,KGON,2025-09-06T11:25:21Z,2025-09-06T11:25:00Z,ARR,goo,0.0
41,True,True,OTTAWA,TORONTO,2025-09-06,5,Napanee,NAPN,2025-09-06T11:48:55Z,2025-09-06T11:49:00Z,ARR,goo,0.0
41,True,True,OTTAWA,TORONTO,2025-09-06,6,Belleville,BLVL,2025-09-06T12:10:58Z,2025-09-06T12:07:00Z,ARR,goo,3.0
41,True,True,OTTAWA,TORONTO,2025-09-06,7,Trenton Jct.,TRNJ,2025-09-06T12:24:26Z,2025-09-06T12:20:00Z,ARR,goo,4.0
41,True,True,OTTAWA,TORONTO,2025-09-06,8,Cobourg,CBRG,2025-09-06T12:51:28Z,2025-09-06T12:44:00Z,ARR,med,7.0
41,True,True,OTTAWA,TORONTO,2025-09-06,9,Oshawa,OSHA,2025-09-06T13:29:17Z,2025-09-06T13:19:00Z,ARR,med,10.0
41,True,True,OTTAWA,TORONTO,2025-09-06,10,Toronto,TRTO,2025-09-06T14:06:09Z,2025-09-06T14:02:00Z,ARR,goo,4.0
50,True,True,TORONTO,OTTAWA,2025-09-06,0,Toronto,TRTO,2025-09-06T10:32:00Z,2025-09-06T10:32:00Z,ARR,goo,0.0
50,True,True,TORONTO,OTTAWA,2025-09-06,1,Guildwood,GUIL,2025-09-06T10:48:11Z,2025-09-06T10:50:00Z,ARR,goo,-1.0
50,True,True,TORONTO,OTTAWA,2025-09-06,2,Oshawa,OSHA,2025-09-06T11:07:56Z,2025-09-06T11:08:00Z,ARR,goo,0.0
50,True,True,TORONTO,OTTAWA,2025-09-06,3,Cobourg,CBRG,2025-09-06T11:44:16Z,2025-09-06T11:43:00Z,ARR,goo,1.0
50,True,True,TORONTO,OTTAWA,2025-09-06,4,Belleville,BLVL,2025-09-06T12:18:28Z,2025-09-06T12:18:00Z,ARR,goo,0.0
50,True,True,TORONTO,OTTAWA,2025-09-06,5,Kingston,KGON,2025-09-06T12:55:14Z,2025-09-06T12:57:00Z,ARR,goo,-1.0
50,True,True,TORONTO,OTTAWA,2025-09-06,6,Brockville,BRKV,2025-09-06T14:02:19Z,2025-09-06T13:54:00Z,ARR,med,8.0
50,True,True,TORONTO,OTTAWA,2025-09-06,7,Smiths Falls,SMTF,2025-09-06T14:24:18Z,2025-09-06T14:29:00Z,ARR,goo,-4.0
50,True,True,TORONTO,OTTAWA,2025-09-06,8,Fallowfield,FALL,2025-09-06T15:10:36Z,2025-09-06T15:01:00Z,ARR,med,9.0
50,True,True,TORONTO,OTTAWA,2025-09-06,9,Ottawa,OTTW,2025-09-06T15:27:04Z,2025-09-06T15:21:00Z,ARR,med,6.0
52,True,True,TORONTO,OTTAWA,2025-09-06,0,Toronto,TRTO,2025-09-06T12:32:17Z,2025-09-06T12:32:00Z,ARR,goo,0.0
52,True,True,TORONTO,OTTAWA,2025-09-06,1,Guildwood,GUIL,2025-09-06T12:49:53Z,2025-09-06T12:50:00Z,ARR,goo,0.0
52,True,True,TORONTO,OTTAWA,2025-09-06,2,Oshawa,OSHA,2025-09-06T13:09:25Z,2025-09-06T13:09:00Z,ARR,goo,0.0
52,True,True,TORONTO,OTTAWA,2025-09-06,3,Cobourg,CBRG,2025-09-06T13:46:02Z,2025-09-06T13:44:00Z,ARR,goo,2.0
52,True,True,TORONTO,OTTAWA,2025-09-06,4,Belleville,BLVL,2025-09-06T14:21:16Z,2025-09-06T14:20:00Z,ARR,goo,1.0
52,True,True,TORONTO,OTTAWA,2025-09-06,5,Kingston,KGON,2025-09-06T15:00:41Z,2025-09-06T15:00:00Z,ARR,goo,0.0
52,True,True,TORONTO,OTTAWA,2025-09-06,6,Brockville,BRKV,2025-09-06T16:11:28Z,2025-09-06T15:57:00Z,ARR,med,14.0
52,True,True,TORONTO,OTTAWA,2025-09-06,7,Smiths Falls,SMTF,2025-09-06T16:46:19Z,2025-09-06T16:35:00Z,ARR,med,11.0
52,True,True,TORONTO,OTTAWA,2025-09-06,8,Fallowfield,FALL,2025-09-06T17:10:29Z,2025-09-06T17:11:00Z,ARR,goo,0.0
52,True,True,TORONTO,OTTAWA,2025-09-06,9,Ottawa,OTTW,2025-09-06T17:26:20Z,2025-09-06T17:32:00Z,ARR,goo,-5.0
53,True,True,OTTAWA,TORONTO,2025-09-06,0,Ottawa,OTTW,2025-09-06T15:43:00Z,2025-09-06T15:43:00Z,ARR,goo,0.0
53,True,True,OTTAWA,TORONTO,2025-09-06,1,Fallowfield,FALL,2025-09-06T15:58:30Z,2025-09-06T16:00:00Z,ARR,goo,-1.0
53,True,True,OTTAWA,TORONTO,2025-09-06,2,Brockville,BRKV,2025-09-06T17:02:27Z,2025-09-06T17:01:00Z,ARR,goo,1.0
53,True,True,OTTAWA,TORONTO,2025-09-06,3,Gananoque,GANA,2025-09-06T17:34:30Z,2025-09-06T17:31:00Z,ARR,goo,3.0
53,True,True,OTTAWA,TORONTO,2025-09-06,4,Kingston,KGON,2025-09-06T17:57:14Z,2025-09-06T17:54:00Z,ARR,goo,3.0
53,True,True,OTTAWA,TORONTO,2025-09-06,5,Belleville,BLVL,2025-09-06T18:39:31Z,2025-09-06T18:36:00Z,ARR,goo,3.0
53,True,True,OTTAWA,TORONTO,2025-09-06,6,Cobourg,CBRG,2025-09-06T19:15:48Z,2025-09-06T19:12:00Z,ARR,goo,3.0
53,True,True,OTTAWA,TORONTO,2025-09-06,7,Oshawa,OSHA,2025-09-06T19:53:05Z,2025-09-06T19:48:00Z,ARR,med,5.0
53,True,True,OTTAWA,TORONTO,2025-09-06,8,Toronto,TRTO,2025-09-06T20:31:51Z,2025-09-06T20:33:00Z,ARR,goo,-1.0
60,True,True,TORONTO,MONTRÉAL,2025-09-06,0,Toronto,TRTO,2025-09-06T10:32:00Z,2025-09-06T10:32:00Z,ARR,goo,0.0
60,True,True,TORONTO,MONTRÉAL,2025-09-06,1,Guildwood,GUIL,2025-09-06T10:48:06Z,2025-09-06T10:50:00Z,ARR,goo,-1.0
60,True,True,TORONTO,MONTRÉAL,2025-09-06,2,Oshawa,OSHA,2025-09-06T11:07:52Z,2025-09-06T11:08:00Z,ARR,goo,0.0
60,True,True,TORONTO,MONTRÉAL,2025-09-06,3,Cobourg,CBRG,2025-09-06T11:44:12Z,2025-09-06T11:43:00Z,ARR,goo,1.0
60,True,True,TORONTO,MONTRÉAL,2025-09-06,4,Belleville,BLVL,2025-09-06T12:18:24Z,2025-09-06T12:18:00Z,ARR,goo,0.0
60,True,True,TORONTO,MONTRÉAL,2025-09-06,5,Kingston,KGON,2025-09-06T12:55:10Z,2025-09-06T12:57:00Z,ARR,goo,-1.0
60,True,True,TORONTO,MONTRÉAL,2025-09-06,6,Cornwall,CWLL,2025-09-06T14:40:00Z,2025-09-06T14:38:00Z,ARR,goo,2.0
60,True,True,TORONTO,MONTRÉAL,2025-09-06,7,Dorval,DORV,2025-09-06T15:30:14Z,2025-09-06T15:25:00Z,ARR,med,5.0
60,True,True,TORONTO,MONTRÉAL,2025-09-06,8,Montréal,MTRL,2025-09-06T15:53:33Z,2025-09-06T15:50:00Z,ARR,goo,3.0
61,True,True,MONTRÉAL,TORONTO,2025-09-06,0,Montréal,MTRL,2025-09-06T10:45:00Z,2025-09-06T10:45:00Z,ARR,goo,0.0
61,True,True,MONTRÉAL,TORONTO,2025-09-06,1,Dorval,DORV,2025-09-06T11:11:28Z,2025-09-06T11:08:00Z,ARR,goo,3.0
61,True,True,MONTRÉAL,TORONTO,2025-09-06,2,Cornwall,CWLL,2025-09-06T12:07:37Z,2025-09-06T12:01:00Z,ARR,med,6.0
61,True,True,MONTRÉAL,TORONTO,2025-09-06,3,Kingston,KGON,2025-09-06T13:39:27Z,2025-09-06T13:29:00Z,ARR,med,10.0
61,True,True,MONTRÉAL,TORONTO,2025-09-06,4,Belleville,BLVL,2025-09-06T14:20:03Z,2025-09-06T14:11:00Z,ARR,med,9.0
61,True,True,MONTRÉAL,TORONTO,2025-09-06,5,Oshawa,OSHA,2025-09-06T15:26:35Z,2025-09-06T15:19:00Z,ARR,med,7.0
61,True,True,MONTRÉAL,TORONTO,2025-09-06,6,Guildwood,GUIL,2025-09-06T15:50:10Z,2025-09-06T15:43:00Z,ARR,med,7.0
61,True,True,MONTRÉAL,TORONTO,2025-09-06,7,Toronto,TRTO,2025-09-06T16:14:27Z,2025-09-06T16:03:00Z,ARR,med,11.0
64,True,True,TORONTO,MONTRÉAL,2025-09-06,0,Toronto,TRTO,2025-09-06T15:38:00Z,2025-09-06T15:38:00Z,ARR,goo,0.0
64,True,True,TORONTO,MONTRÉAL,2025-09-06,1,Guildwood,GUIL,2025-09-06T15:54:30Z,2025-09-06T15:55:00Z,ARR,goo,0.0
64,True,True,TORONTO,MONTRÉAL,2025-09-06,2,Oshawa,OSHA,2025-09-06T16:12:46Z,2025-09-06T16:09:00Z,ARR,goo,3.0
64,True,True,TORONTO,MONTRÉAL,2025-09-06,3,Cobourg,CBRG,2025-09-06T16:46:33Z,2025-09-06T16:46:00Z,ARR,goo,0.0
64,True,True,TORONTO,MONTRÉAL,2025-09-06,4,Belleville,BLVL,2025-09-06T17:19:24Z,2025-09-06T17:22:00Z,ARR,goo,-2.0
64,True,True,TORONTO,MONTRÉAL,2025-09-06,5,Kingston,KGON,2025-09-06T17:59:46Z,2025-09-06T18:03:00Z,ARR,goo,-3.0
64,True,True,TORONTO,MONTRÉAL,2025-09-06,6,Brockville,BRKV,2025-09-06T18:50:47Z,2025-09-06T18:52:00Z,ARR,goo,-1.0
64,True,True,TORONTO,MONTRÉAL,2025-09-06,7,Cornwall,CWLL,2025-09-06T19:41:25Z,2025-09-06T19:42:00Z,ARR,goo,0.0
64,True,True,TORONTO,MONTRÉAL,2025-09-06,8,Dorval,DORV,2025-09-06T20:28:47Z,2025-09-06T20:37:00Z,ARR,goo,-8.0
64,True,True,TORONTO,MONTRÉAL,2025-09-06,9,Montréal,MTRL,2025-09-06T20:56:43Z,2025-09-06T21:05:00Z,ARR,goo,-8.0
65,True,True,MONTRÉAL,TORONTO,2025-09-06,0,Montréal,MTRL,2025-09-06T14:49:00Z,2025-09-06T14:49:00Z,ARR,goo,0.0
65,True,True,MONTRÉAL,TORONTO,2025-09-06,1,Dorval,DORV,2025-09-06T15:12:31Z,2025-09-06T15:12:00Z,ARR,goo,0.0
65,True,True,MONTRÉAL,TORONTO,2025-09-06,2,Cornwall,CWLL,2025-09-06T16:05:17Z,2025-09-06T16:06:00Z,ARR,goo,0.0
65,True,True,MONTRÉAL,TORONTO,2025-09-06,3,Kingston,KGON,2025-09-06T17:32:08Z,2025-09-06T17:36:00Z,ARR,goo,-3.0
65,True,True,MONTRÉAL,TORONTO,2025-09-06,4,Belleville,BLVL,2025-09-06T18:15:56Z,2025-09-06T18:20:00Z,ARR,goo,-4.0
65,True,True,MONTRÉAL,TORONTO,2025-09-06,5,Cobourg,CBRG,2025-09-06T18:55:24Z,2025-09-06T18:58:00Z,ARR,goo,-2.0
65,True,True,MONTRÉAL,TORONTO,2025-09-06,6,Oshawa,OSHA,2025-09-06T19:30:17Z,2025-09-06T19:34:00Z,ARR,goo,-3.0
65,True,True,MONTRÉAL,TORONTO,2025-09-06,7,Toronto,TRTO,2025-09-06T20:26:34Z,2025-09-06T20:18:00Z,ARR,med,8.0
67,True,True,MONTRÉAL,TORONTO,2025-09-06,0,Montréal,MTRL,2025-09-06T17:22:00Z,2025-09-06T17:22:00Z,ARR,goo,0.0
67,True,True,MONTRÉAL,TORONTO,2025-09-06,1,Dorval,DORV,2025-09-06T17:52:19Z,2025-09-06T17:47:00Z,ARR,med,5.0
67,True,True,MONTRÉAL,TORONTO,2025-09-06,2,Cornwall,CWLL,2025-09-06T18:42:33Z,2025-09-06T18:38:00Z,ARR,goo,4.0
67,True,True,MONTRÉAL,TORONTO,2025-09-06,3,Kingston,KGON,2025-09-06T20:07:35Z,2025-09-06T20:03:00Z,ARR,goo,4.0
67,True,True,MONTRÉAL,TORONTO,2025-09-06,4,Belleville,BLVL,2025-09-06T20:48:23Z,2025-09-06T20:42:00Z,ARR,med,6.0
67,True,True,MONTRÉAL,TORONTO,2025-09-06,5,Cobourg,CBRG,2025-09-06T21:39:11Z,2025-09-06T21:17:00Z,ARR,bad,22.0
67,True,True,MONTRÉAL,TORONTO,2025-09-06,6,Oshawa,OSHA,2025-09-06T22:14:18Z,2025-09-06T21:50:00Z,ARR,bad,24.0
67,True,True,MONTRÉAL,TORONTO,2025-09-06,7,Toronto,TRTO,2025-09-06T23:07:14Z,2025-09-06T22:45:00Z,ARR,bad,22.0
70,True,True,WINDSOR,TORONTO,2025-09-06,0,Windsor,WDON,2025-09-06T09:35:00Z,2025-09-06T09:35:00Z,ARR,goo,0.0
70,True,True,WINDSOR,TORONTO,2025-09-06,1,Chatham,CHAT,2025-09-06T10:16:56Z,2025-09-06T10:19:00Z,ARR,goo,-2.0
70,True,True,WINDSOR,TORONTO,2025-09-06,2,London,LNDN,2025-09-06T11:30:54Z,2025-09-06T11:25:00Z,ARR,med,5.0
70,True,True,WINDSOR,TORONTO,2025-09-06,3,Ingersoll,INGR,2025-09-06T11:56:45Z,2025-09-06T11:55:00Z,ARR,goo,1.0
70,True,True,WINDSOR,TORONTO,2025-09-06,4,Woodstock,WDST,2025-09-06T12:08:03Z,2025-09-06T12:08:00Z,ARR,goo,0.0
70,True,True,WINDSOR,TORONTO,2025-09-06,5,Brantford,BRTF,2025-09-06T12:53:07Z,2025-09-06T12:44:00Z,ARR,med,9.0
70,True,True,WINDSOR,TORONTO,2025-09-06,6,Aldershot,ALDR,2025-09-06T13:25:34Z,2025-09-06T13:25:00Z,ARR,goo,0.0
70,True,True,WINDSOR,TORONTO,2025-09-06,7,Oakville,OAKV,2025-09-06T13:43:56Z,2025-09-06T13:43:00Z,ARR,goo,0.0
70,True,True,WINDSOR,TORONTO,2025-09-06,8,Toronto,TRTO,2025-09-06T14:06:41Z,2025-09-06T14:10:00Z,ARR,goo,-3.0
71,True,True,TORONTO,WINDSOR,2025-09-06,0,Toronto,TRTO,2025-09-06T10:50:00Z,2025-09-06T10:50:00Z,ARR,goo,0.0
71,True,True,TORONTO,WINDSOR,2025-09-06,1,Oakville,OAKV,2025-09-06T11:15:00Z,2025-09-06T11:13:00Z,ARR,goo,2.0
71,True,True,TORONTO,WINDSOR,2025-09-06,2,Aldershot,ALDR,2025-09-06T11:31:15Z,2025-09-06T11:29:00Z,ARR,goo,2.0
71,True,True,TORONTO,WINDSOR,2025-09-06,3,Brantford,BRTF,2025-09-06T12:39:12Z,2025-09-06T11:55:00Z,ARR,bad,44.0
71,True,True,TORONTO,WINDSOR,2025-09-06,4,Woodstock,WDST,2025-09-06T13:13:51Z,2025-09-06T12:30:00Z,ARR,bad,43.0
71,True,True,TORONTO,WINDSOR,2025-09-06,5,Ingersoll,INGR,2025-09-06T13:25:25Z,2025-09-06T12:43:00Z,ARR,bad,42.0
71,True,True,TORONTO,WINDSOR,2025-09-06,6,London,LNDN,2025-09-06T13:49:06Z,2025-09-06T13:06:00Z,ARR,bad,43.0
71,True,True,TORONTO,WINDSOR,2025-09-06,7,Glencoe,GLNC,2025-09-06T14:20:18Z,2025-09-06T13:39:00Z,ARR,bad,41.0
71,True,True,TORONTO,WINDSOR,2025-09-06,8,Chatham,CHAT,2025-09-06T15:02:02Z,2025-09-06T14:18:00Z,ARR,bad,44.0
71,True,True,TORONTO,WINDSOR,2025-09-06,9,Windsor,WDON,2025-09-06T15:47:38Z,2025-09-06T15:08:00Z,ARR,bad,39.0
72,True,True,WINDSOR,TORONTO,2025-09-06,0,Windsor,WDON,2025-09-06T12:43:31Z,2025-09-06T12:43:00Z,ARR,goo,0.0
72,True,True,WINDSOR,TORONTO,2025-09-06,1,Chatham,CHAT,2025-09-06T13:26:45Z,2025-09-06T13:25:00Z,ARR,goo,1.0
72,True,True,WINDSOR,TORONTO,2025-09-06,2,Glencoe,GLNC,2025-09-06T14:27:53Z,2025-09-06T14:05:00Z,ARR,bad,22.0
72,True,True,WINDSOR,TORONTO,2025-09-06,3,London,LNDN,2025-09-06T15:00:34Z,2025-09-06T14:39:00Z,ARR,bad,21.0
72,True,True,WINDSOR,TORONTO,2025-09-06,4,Ingersoll,INGR,2025-09-06T15:29:11Z,2025-09-06T15:07:00Z,ARR,bad,22.0
72,True,True,WINDSOR,TORONTO,2025-09-06,5,Woodstock,WDST,2025-09-06T15:41:27Z,2025-09-06T15:23:00Z,ARR,bad,18.0
72,True,True,WINDSOR,TORONTO,2025-09-06,6,Brantford,BRTF,2025-09-06T16:11:59Z,2025-09-06T15:55:00Z,ARR,bad,16.0
72,True,True,WINDSOR,TORONTO,2025-09-06,7,Aldershot,ALDR,2025-09-06T16:48:39Z,2025-09-06T16:29:00Z,ARR,bad,19.0
72,True,True,WINDSOR,TORONTO,2025-09-06,8,Oakville,OAKV,2025-09-06T17:17:12Z,2025-09-06T16:45:00Z,ARR,bad,32.0
72,True,True,WINDSOR,TORONTO,2025-09-06,9,Toronto,TRTO,2025-09-06T17:46:56Z,2025-09-06T17:11:00Z,ARR,bad,35.0
73,True,True,TORONTO,WINDSOR,2025-09-06,0,Toronto,TRTO,2025-09-06T15:30:00Z,2025-09-06T15:30:00Z,ARR,goo,0.0
73,True,True,TORONTO,WINDSOR,2025-09-06,1,Oakville,OAKV,2025-09-06T15:52:47Z,2025-09-06T15:51:00Z,ARR,goo,1.0
73,True,True,TORONTO,WINDSOR,2025-09-06,2,Aldershot,ALDR,2025-09-06T16:09:50Z,2025-09-06T16:09:00Z,ARR,goo,0.0
73,True,True,TORONTO,WINDSOR,2025-09-06,3,Brantford,BRTF,2025-09-06T16:45:28Z,2025-09-06T16:40:00Z,ARR,med,5.0
73,True,True,TORONTO,WINDSOR,2025-09-06,4,Woodstock,WDST,2025-09-06T17:15:31Z,2025-09-06T17:09:00Z,ARR,med,6.0
73,True,True,TORONTO,WINDSOR,2025-09-06,5,London,LNDN,2025-09-06T17:50:02Z,2025-09-06T17:38:00Z,ARR,med,12.0
73,True,True,TORONTO,WINDSOR,2025-09-06,6,Chatham,CHAT,2025-09-06T19:08:26Z,2025-09-06T18:50:00Z,ARR,bad,18.0
73,True,True,TORONTO,WINDSOR,2025-09-06,7,Windsor,WDON,2025-09-06T19:56:12Z,2025-09-06T19:45:00Z,ARR,med,11.0
76,True,True,WINDSOR,TORONTO,2025-09-06,0,Windsor,WDON,2025-09-06T17:06:00Z,2025-09-06T17:06:00Z,ARR,goo,0.0
76,True,True,WINDSOR,TORONTO,2025-09-06,1,Chatham,CHAT,2025-09-06T17:48:19Z,2025-09-06T17:48:00Z,ARR,goo,0.0
76,True,True,WINDSOR,TORONTO,2025-09-06,2,Glencoe,GLNC,2025-09-06T18:35:24Z,2025-09-06T18:23:00Z,ARR,med,12.0
76,True,True,WINDSOR,TORONTO,2025-09-06,3,London,LNDN,2025-09-06T19:05:48Z,2025-09-06T18:58:00Z,ARR,med,7.0
76,True,True,WINDSOR,TORONTO,2025-09-06,4,Brantford,BRTF,2025-09-06T20:05:31Z,2025-09-06T19:59:00Z,ARR,med,6.0
76,True,True,WINDSOR,TORONTO,2025-09-06,5,Aldershot,ALDR,2025-09-06T20:39:38Z,2025-09-06T20:30:00Z,ARR,med,9.0
76,True,True,WINDSOR,TORONTO,2025-09-06,6,Oakville,OAKV,2025-09-06T20:55:20Z,2025-09-06T20:47:00Z,ARR,med,8.0
76,True,True,WINDSOR,TORONTO,2025-09-06,7,Toronto,TRTO,2025-09-06T21:20:52Z,2025-09-06T21:13:00Z,ARR,med,7.0
82,True,True,LONDON,TORONTO,2025-09-06,0,London,LNDN,2025-09-06T10:25:00Z,2025-09-06T10:25:00Z,ARR,goo,0.0
82,True,True,LONDON,TORONTO,2025-09-06,1,Woodstock,WDST,2025-09-06T10:54:06Z,2025-09-06T10:53:00Z,ARR,goo,1.0
82,True,True,LONDON,TORONTO,2025-09-06,2,Brantford,BRTF,2025-09-06T11:22:14Z,2025-09-06T11:23:00Z,ARR,goo,0.0
82,True,True,LONDON,TORONTO,2025-09-06,3,Toronto,TRTO,2025-09-06T12:32:03Z,2025-09-06T12:35:00Z,ARR,goo,-2.0
84,True,False,SARNIA,TORONTO,2025-09-06,0,London,LNDN,&mdash;,2025-09-06T13:52:00Z,&mdash;,,
84,True,False,SARNIA,TORONTO,2025-09-06,1,Toronto,TRTO,&mdash;,2025-09-06T17:38:00Z,&mdash;,,
644,True,True,TORONTO,OTTAWA,2025-09-06,0,Toronto,TRTO,2025-09-06T17:24:53Z,2025-09-06T17:23:00Z,ARR,goo,1.0
644,True,True,TORONTO,OTTAWA,2025-09-06,1,Oshawa,OSHA,2025-09-06T17:55:33Z,2025-09-06T17:53:00Z,ARR,goo,2.0
644,True,True,TORONTO,OTTAWA,2025-09-06,2,Cobourg,CBRG,2025-09-06T18:32:58Z,2025-09-06T18:28:00Z,ARR,goo,4.0
644,True,True,TORONTO,OTTAWA,2025-09-06,3,Belleville,BLVL,2025-09-06T19:09:38Z,2025-09-06T19:03:00Z,ARR,med,6.0
644,True,True,TORONTO,OTTAWA,2025-09-06,4,Kingston,KGON,2025-09-06T19:50:02Z,2025-09-06T19:43:00Z,ARR,med,7.0
644,True,True,TORONTO,OTTAWA,2025-09-06,5,Fallowfield,FALL,2025-09-06T21:34:07Z,2025-09-06T21:30:00Z,ARR,goo,4.0
644,True,True,TORONTO,OTTAWA,2025-09-06,6,Ottawa,OTTW,2025-09-06T21:53:48Z,2025-09-06T21:53:00Z,ARR,goo,0.0
643,True,True,OTTAWA,TORONTO,2025-09-06,0,Ottawa,OTTW,2025-09-06T12:29:00Z,2025-09-06T12:29:00Z,ARR,goo,0.0
643,True,True,OTTAWA,TORONTO,2025-09-06,1,Fallowfield,FALL,2025-09-06T12:44:47Z,2025-09-06T12:45:00Z,ARR,goo,0.0
643,True,True,OTTAWA,TORONTO,2025-09-06,2,Smiths Falls,SMTF,2025-09-06T13:16:21Z,2025-09-06T13:17:00Z,ARR,goo,0.0
643,True,True,OTTAWA,TORONTO,2025-09-06,3,Brockville,BRKV,2025-09-06T13:48:49Z,2025-09-06T13:49:00Z,ARR,goo,0.0
643,True,True,OTTAWA,TORONTO,2025-09-06,4,Kingston,KGON,2025-09-06T14:39:28Z,2025-09-06T14:32:00Z,ARR,med,7.0
643,True,True,OTTAWA,TORONTO,2025-09-06,5,Napanee,NAPN,2025-09-06T15:03:37Z,2025-09-06T14:57:00Z,ARR,med,6.0
643,True,True,OTTAWA,TORONTO,2025-09-06,6,Belleville,BLVL,2025-09-06T15:25:01Z,2025-09-06T15:17:00Z,ARR,med,8.0
643,True,True,OTTAWA,TORONTO,2025-09-06,7,Trenton Jct.,TRNJ,2025-09-06T15:38:20Z,2025-09-06T15:31:00Z,ARR,med,7.0
643,True,True,OTTAWA,TORONTO,2025-09-06,8,Cobourg,CBRG,2025-09-06T16:06:23Z,2025-09-06T15:57:00Z,ARR,med,9.0
643,True,True,OTTAWA,TORONTO,2025-09-06,9,Port Hope,PHOP,2025-09-06T16:16:58Z,2025-09-06T16:07:00Z,ARR,med,9.0
643,True,True,OTTAWA,TORONTO,2025-09-06,10,Oshawa,OSHA,2025-09-06T16:46:23Z,2025-09-06T16:35:00Z,ARR,med,11.0
643,True,True,OTTAWA,TORONTO,2025-09-06,11,Guildwood,GUIL,2025-09-06T17:10:45Z,2025-09-06T16:58:00Z,ARR,med,12.0
643,True,True,OTTAWA,TORONTO,2025-09-06,12,Toronto,TRTO,2025-09-06T17:28:06Z,2025-09-06T17:18:00Z,ARR,med,10.0
97,True,True,TORONTO,NIAGARA FALLS,2025-09-06,0,Toronto,TRTO,2025-09-06T12:20:00Z,2025-09-06T12:20:00Z,ARR,goo,0.0
97,True,True,TORONTO,NIAGARA FALLS,2025-09-06,1,Oakville,OAKV,2025-09-06T12:43:00Z,2025-09-06T12:43:00Z,ARR,goo,0.0
97,True,True,TORONTO,NIAGARA FALLS,2025-09-06,2,Aldershot,ALDR,2025-09-06T12:56:00Z,2025-09-06T12:56:00Z,ARR,goo,0.0
97,True,True,TORONTO,NIAGARA FALLS,2025-09-06,3,Grimsby,GRIM,2025-09-06T13:37:00Z,2025-09-06T13:37:00Z,ARR,goo,0.0
97,True,True,TORONTO,NIAGARA FALLS,2025-09-06,4,St. Catharines,SCAT,2025-09-06T13:57:00Z,2025-09-06T13:57:00Z,ARR,goo,0.0
97,True,True,TORONTO,NIAGARA FALLS,2025-09-06,5,Niagara Falls,NIAG,2025-09-06T14:20:00Z,2025-09-06T14:20:00Z,ARR,goo,0.0
62,True,True,TORONTO,MONTRÉAL,2025-09-06,0,Toronto,TRTO,2025-09-06T12:32:12Z,2025-09-06T12:32:00Z,ARR,goo,0.0
62,True,True,TORONTO,MONTRÉAL,2025-09-06,1,Guildwood,GUIL,2025-09-06T12:49:47Z,2025-09-06T12:50:00Z,ARR,goo,0.0
62,True,True,TORONTO,MONTRÉAL,2025-09-06,2,Oshawa,OSHA,2025-09-06T13:09:23Z,2025-09-06T13:09:00Z,ARR,goo,0.0
62,True,True,TORONTO,MONTRÉAL,2025-09-06,3,Cobourg,CBRG,2025-09-06T13:45:59Z,2025-09-06T13:44:00Z,ARR,goo,1.0
62,True,True,TORONTO,MONTRÉAL,2025-09-06,4,Belleville,BLVL,2025-09-06T14:21:10Z,2025-09-06T14:20:00Z,ARR,goo,1.0
62,True,True,TORONTO,MONTRÉAL,2025-09-06,5,Kingston,KGON,2025-09-06T15:00:38Z,2025-09-06T15:00:00Z,ARR,goo,0.0
62,True,True,TORONTO,MONTRÉAL,2025-09-06,6,Cornwall,CWLL,2025-09-06T16:46:49Z,2025-09-06T16:43:00Z,ARR,goo,3.0
62,True,True,TORONTO,MONTRÉAL,2025-09-06,7,Dorval,DORV,2025-09-06T17:36:12Z,2025-09-06T17:34:00Z,ARR,goo,2.0
62,True,True,TORONTO,MONTRÉAL,2025-09-06,8,Montréal,MTRL,2025-09-06T18:04:59Z,2025-09-06T18:00:00Z,ARR,goo,4.0
622,True,True,MONTRÉAL,QUÉBEC,2025-09-06,0,Montréal,MTRL,2025-09-06T12:20:00Z,2025-09-06T12:20:00Z,ARR,goo,0.0
622,True,True,MONTRÉAL,QUÉBEC,2025-09-06,1,St. Lambert,SLAM,2025-09-06T12:34:39Z,2025-09-06T12:33:00Z,ARR,goo,1.0
622,True,True,MONTRÉAL,QUÉBEC,2025-09-06,2,St. Hyacinthe,SHYA,2025-09-06T13:08:13Z,2025-09-06T13:00:00Z,ARR,med,8.0
622,True,True,MONTRÉAL,QUÉBEC,2025-09-06,3,Drummondville,DRMV,2025-09-06T13:39:23Z,2025-09-06T13:29:00Z,ARR,med,10.0
622,True,True,MONTRÉAL,QUÉBEC,2025-09-06,4,Ste-Foy,SFOY,2025-09-06T15:15:39Z,2025-09-06T15:11:00Z,ARR,goo,4.0
622,True,True,MONTRÉAL,QUÉBEC,2025-09-06,5,Québec,QBEC,2025-09-06T15:43:52Z,2025-09-06T15:39:00Z,ARR,goo,4.0
45,True,True,OTTAWA,TORONTO,2025-09-06,0,Ottawa,OTTW,2025-09-06T14:24:00Z,2025-09-06T14:24:00Z,ARR,goo,0.0
45,True,True,OTTAWA,TORONTO,2025-09-06,1,Fallowfield,FALL,2025-09-06T14:40:19Z,2025-09-06T14:40:00Z,ARR,goo,0.0
45,True,True,OTTAWA,TORONTO,2025-09-06,2,Kingston,KGON,2025-09-06T16:35:23Z,2025-09-06T16:26:00Z,ARR,med,9.0
45,True,True,OTTAWA,TORONTO,2025-09-06,3,Toronto,TRTO,2025-09-06T18:55:37Z,2025-09-06T18:48:00Z,ARR,med,7.0
633,True,True,MONTRÉAL,OTTAWA,2025-09-06,0,Montréal,MTRL,2025-09-06T13:00:00Z,2025-09-06T13:00:00Z,ARR,goo,0.0
633,True,True,MONTRÉAL,OTTAWA,2025-09-06,1,Dorval,DORV,2025-09-06T13:29:15Z,2025-09-06T13:24:00Z,ARR,med,5.0
633,True,True,MONTRÉAL,OTTAWA,2025-09-06,2,Alexandria,ALEX,2025-09-06T14:18:45Z,2025-09-06T14:11:00Z,ARR,med,7.0
633,True,True,MONTRÉAL,OTTAWA,2025-09-06,3,Casselman,CSLM,2025-09-06T14:42:33Z,2025-09-06T14:34:00Z,ARR,med,8.0
633,True,True,MONTRÉAL,OTTAWA,2025-09-06,4,Ottawa,OTTW,2025-09-06T15:08:44Z,2025-09-06T15:05:00Z,ARR,goo,3.0
185,True,True,SUDBURY,WHITE RIVER,2025-09-06,0,Sudbury,SUDB,2025-09-06T13:00:00Z,2025-09-06T13:00:00Z,ARR,goo,0.0
185,True,True,SUDBURY,WHITE RIVER,2025-09-06,1,Azilda,AZIL,2025-09-06T13:16:21Z,2025-09-06T13:10:00Z,ARR,med,6.0
185,True,True,SUDBURY,WHITE RIVER,2025-09-06,2,Chelmsford,CHEL,2025-09-06T13:20:23Z,2025-09-06T13:15:00Z,ARR,med,5.0
185,True,True,SUDBURY,WHITE RIVER,2025-09-06,3,Larchwood,LARC,2025-09-06T13:26:11Z,2025-09-06T13:19:00Z,ARR,med,7.0
185,True,True,SUDBURY,WHITE RIVER,2025-09-06,4,Levack,LEVA,2025-09-06T13:36:31Z,2025-09-06T13:30:00Z,ARR,med,6.0
185,True,True,SUDBURY,WHITE RIVER,2025-09-06,5,Cartier,CART,2025-09-06T13:49:14Z,2025-09-06T13:45:00Z,ARR,goo,4.0
185,True,True,SUDBURY,WHITE RIVER,2025-09-06,6,Benny,BENN,2025-09-06T14:25:02Z,2025-09-06T14:05:00Z,ARR,bad,20.0
185,True,True,SUDBURY,WHITE RIVER,2025-09-06,7,Stralak,STRL,2025-09-06T14:29:33Z,2025-09-06T14:12:00Z,ARR,bad,17.0
185,True,True,SUDBURY,WHITE RIVER,2025-09-06,8,Pogamasing,POGA,2025-09-06T14:40:52Z,2025-09-06T14:25:00Z,ARR,bad,15.0
185,True,True,SUDBURY,WHITE RIVER,2025-09-06,9,Sheahan,SHEA,2025-09-06T14:46:35Z,2025-09-06T14:30:00Z,ARR,bad,16.0
185,True,True,SUDBURY,WHITE RIVER,2025-09-06,10,Forks,FRKS,2025-09-06T14:55:37Z,2025-09-06T14:40:00Z,ARR,bad,15.0
185,True,True,SUDBURY,WHITE RIVER,2025-09-06,11,Metagama,MTGM,2025-09-06T15:05:37Z,2025-09-06T14:50:00Z,ARR,bad,15.0
185,True,True,SUDBURY,WHITE RIVER,2025-09-06,12,Sinker,SNKR,2025-09-06T15:10:37Z,2025-09-06T14:55:00Z,ARR,bad,15.0
185,True,True,SUDBURY,WHITE RIVER,2025-09-06,13,Biscotasing,BISC,2025-09-06T15:35:37Z,2025-09-06T15:20:00Z,ARR,bad,15.0
185,True,True,SUDBURY,WHITE RIVER,2025-09-06,14,Roberts,RBRT,2025-09-06T15:45:37Z,2025-09-06T15:30:00Z,ARR,bad,15.0
185,True,True,SUDBURY,WHITE RIVER,2025-09-06,15,Ramsey,RAMS,2025-09-06T16:00:37Z,2025-09-06T15:45:00Z,ARR,bad,15.0
185,True,True,SUDBURY,WHITE RIVER,2025-09-06,16,Woman River,WOMR,2025-09-06T16:20:37Z,2025-09-06T16:05:00Z,ARR,bad,15.0
185,True,True,SUDBURY,WHITE RIVER,2025-09-06,17,Sultan,SULT,2025-09-06T16:35:37Z,2025-09-06T16:20:00Z,ARR,bad,15.0
185,True,True,SUDBURY,WHITE RIVER,2025-09-06,18,Kormak,KORM,2025-09-06T16:50:37Z,2025-09-06T16:35:00Z,ARR,bad,15.0
185,True,True,SUDBURY,WHITE RIVER,2025-09-06,19,Kinogama,KINO,2025-09-06T16:55:37Z,2025-09-06T16:40:00Z,ARR,bad,15.0
185,True,True,SUDBURY,WHITE RIVER,2025-09-06,20,Nemegos,NEME,2025-09-06T17:24:06Z,2025-09-06T16:55:00Z,ARR,bad,29.0
185,True,True,SUDBURY,WHITE RIVER,2025-09-06,21,Devon,DEVN,2025-09-06T18:09:29Z,2025-09-06T17:05:00Z,ARR,bad,64.0
185,True,True,SUDBURY,WHITE RIVER,2025-09-06,22,Chapleau,CHAP,2025-09-06T18:37:46Z,2025-09-06T17:20:00Z,ARR,bad,77.0
185,True,True,SUDBURY,WHITE RIVER,2025-09-06,23,Esher,ESHR,2025-09-06T18:58:58Z,2025-09-06T17:50:00Z,ARR,bad,68.0
185,True,True,SUDBURY,WHITE RIVER,2025-09-06,24,Musk,MUSK,2025-09-06T19:15:30Z,2025-09-06T18:00:00Z,ARR,bad,75.0
185,True,True,SUDBURY,WHITE RIVER,2025-09-06,25,Nicholson,NICH,2025-09-06T19:21:31Z,2025-09-06T18:10:00Z,ARR,bad,71.0
185,True,True,SUDBURY,WHITE RIVER,2025-09-06,26,Bolkow,BOLK,2025-09-06T19:39:02Z,2025-09-06T18:30:00Z,ARR,bad,69.0
185,True,True,SUDBURY,WHITE RIVER,2025-09-06,27,Dalton,DALT,2025-09-06T19:54:02Z,2025-09-06T18:45:00Z,ARR,bad,69.0
185,True,True,SUDBURY,WHITE RIVER,2025-09-06,28,Missanabie,MSBI,2025-09-06T20:26:29Z,2025-09-06T19:10:00Z,ARR,bad,76.0
185,True,True,SUDBURY,WHITE RIVER,2025-09-06,29,Lochalsh,LOCH,2025-09-06T20:38:20Z,2025-09-06T19:30:00Z,ARR,bad,68.0
185,True,True,SUDBURY,WHITE RIVER,2025-09-06,30,Franz,FRNZ,2025-09-06T20:55:44Z,2025-09-06T19:50:00Z,ARR,bad,65.0
185,True,True,SUDBURY,WHITE RIVER,2025-09-06,31,Swanson,SWAN,2025-09-06T21:13:50Z,2025-09-06T20:00:00Z,ARR,bad,73.0
185,True,True,SUDBURY,WHITE RIVER,2025-09-06,32,Girdwood,GIRD,2025-09-06T21:36:34Z,2025-09-06T20:25:00Z,ARR,bad,71.0
185,True,True,SUDBURY,WHITE RIVER,2025-09-06,33,Amyot,AMYO,2025-09-06T21:59:07Z,2025-09-06T20:35:00Z,ARR,bad,84.0
185,True,True,SUDBURY,WHITE RIVER,2025-09-06,34,O'Brien,OBRI,2025-09-06T22:12:24Z,2025-09-06T20:50:00Z,ARR,bad,82.0
185,True,True,SUDBURY,WHITE RIVER,2025-09-06,35,White River,WHTR,2025-09-06T22:25:36Z,2025-09-06T21:05:00Z,ARR,bad,80.0
637,True,True,QUÉBEC,OTTAWA,2025-09-06,0,Québec,QBEC,2025-09-06T14:00:00Z,2025-09-06T14:00:00Z,ARR,goo,0.0
637,True,True,QUÉBEC,OTTAWA,2025-09-06,1,Ste-Foy,SFOY,2025-09-06T14:26:20Z,2025-09-06T14:25:00Z,ARR,goo,1.0
637,True,True,QUÉBEC,OTTAWA,2025-09-06,2,Drummondville,DRMV,2025-09-06T15:56:57Z,2025-09-06T16:08:00Z,ARR,goo,-11.0
637,True,True,QUÉBEC,OTTAWA,2025-09-06,3,St. Lambert,SLAM,2025-09-06T17:02:19Z,2025-09-06T17:16:00Z,ARR,goo,-13.0
637,True,True,QUÉBEC,OTTAWA,2025-09-06,4,Montréal,MTRL,2025-09-06T17:17:51Z,2025-09-06T17:31:00Z,ARR,goo,-13.0
637,True,True,QUÉBEC,OTTAWA,2025-09-06,5,Dorval,DORV,2025-09-06T18:20:00Z,2025-09-06T18:20:00Z,ARR,goo,0.0
637,True,True,QUÉBEC,OTTAWA,2025-09-06,6,Alexandria,ALEX,2025-09-06T19:22:35Z,2025-09-06T19:10:00Z,ARR,med,12.0
637,True,True,QUÉBEC,OTTAWA,2025-09-06,7,Ottawa,OTTW,2025-09-06T20:09:41Z,2025-09-06T19:56:00Z,ARR,med,13.0
47,True,True,OTTAWA,TORONTO,2025-09-06,0,Ottawa,OTTW,2025-09-06T16:23:00Z,2025-09-06T16:23:00Z,ARR,goo,0.0
47,True,True,OTTAWA,TORONTO,2025-09-06,1,Fallowfield,FALL,2025-09-06T16:38:08Z,2025-09-06T16:40:00Z,ARR,goo,-1.0
47,True,True,OTTAWA,TORONTO,2025-09-06,2,Smiths Falls,SMTF,2025-09-06T17:18:25Z,2025-09-06T17:18:00Z,ARR,goo,0.0
47,True,True,OTTAWA,TORONTO,2025-09-06,3,Brockville,BRKV,2025-09-06T17:59:54Z,2025-09-06T17:54:00Z,ARR,med,5.0
47,True,True,OTTAWA,TORONTO,2025-09-06,4,Gananoque,GANA,2025-09-06T18:26:42Z,2025-09-06T18:22:00Z,ARR,goo,4.0
47,True,True,OTTAWA,TORONTO,2025-09-06,5,Kingston,KGON,2025-09-06T18:47:16Z,2025-09-06T18:45:00Z,ARR,goo,2.0
47,True,True,OTTAWA,TORONTO,2025-09-06,6,Belleville,BLVL,2025-09-06T19:24:21Z,2025-09-06T19:26:00Z,ARR,goo,-1.0
47,True,True,OTTAWA,TORONTO,2025-09-06,7,Oshawa,OSHA,2025-09-06T20:45:25Z,2025-09-06T20:33:00Z,ARR,med,12.0
47,True,True,OTTAWA,TORONTO,2025-09-06,8,Guildwood,GUIL,2025-09-06T21:18:24Z,2025-09-06T20:58:00Z,ARR,bad,20.0
47,True,True,OTTAWA,TORONTO,2025-09-06,9,Toronto,TRTO,2025-09-06T21:45:19Z,2025-09-06T21:30:00Z,ARR,bad,15.0
63,True,True,MONTRÉAL,TORONTO,2025-09-06,0,Montréal,MTRL,2025-09-06T12:46:41Z,2025-09-06T12:46:00Z,ARR,goo,0.0
63,True,True,MONTRÉAL,TORONTO,2025-09-06,1,Dorval,DORV,2025-09-06T13:15:12Z,2025-09-06T13:11:00Z,ARR,goo,4.0
63,True,True,MONTRÉAL,TORONTO,2025-09-06,2,Cornwall,CWLL,2025-09-06T14:07:02Z,2025-09-06T14:04:00Z,ARR,goo,3.0
63,True,True,MONTRÉAL,TORONTO,2025-09-06,3,Brockville,BRKV,2025-09-06T14:54:41Z,2025-09-06T14:54:00Z,ARR,goo,0.0
63,True,True,MONTRÉAL,TORONTO,2025-09-06,4,Kingston,KGON,2025-09-06T15:43:11Z,2025-09-06T15:39:00Z,ARR,goo,4.0
63,True,True,MONTRÉAL,TORONTO,2025-09-06,5,Belleville,BLVL,2025-09-06T16:23:57Z,2025-09-06T16:20:00Z,ARR,goo,3.0
63,True,True,MONTRÉAL,TORONTO,2025-09-06,6,Cobourg,CBRG,2025-09-06T16:57:41Z,2025-09-06T16:58:00Z,ARR,goo,0.0
63,True,True,MONTRÉAL,TORONTO,2025-09-06,7,Oshawa,OSHA,2025-09-06T17:30:51Z,2025-09-06T17:34:00Z,ARR,goo,-3.0
63,True,True,MONTRÉAL,TORONTO,2025-09-06,8,Guildwood,GUIL,2025-09-06T17:51:07Z,2025-09-06T17:58:00Z,ARR,goo,-6.0
63,True,True,MONTRÉAL,TORONTO,2025-09-06,9,Toronto,TRTO,2025-09-06T18:13:32Z,2025-09-06T18:18:00Z,ARR,goo,-4.0
624,True,True,OTTAWA,QUÉBEC,2025-09-06,0,Ottawa,OTTW,2025-09-06T11:45:00Z,2025-09-06T11:45:00Z,ARR,goo,0.0
624,True,True,OTTAWA,QUÉBEC,2025-09-06,1,Alexandria,ALEX,2025-09-06T12:29:22Z,2025-09-06T12:31:00Z,ARR,goo,-1.0
624,True,True,OTTAWA,QUÉBEC,2025-09-06,2,Dorval,DORV,2025-09-06T13:17:53Z,2025-09-06T13:16:00Z,ARR,goo,1.0
624,True,True,OTTAWA,QUÉBEC,2025-09-06,3,Montréal,MTRL,2025-09-06T13:40:26Z,2025-09-06T13:39:00Z,ARR,goo,1.0
624,True,True,OTTAWA,QUÉBEC,2025-09-06,4,St. Lambert,SLAM,2025-09-06T14:29:19Z,2025-09-06T14:28:00Z,ARR,goo,1.0
624,True,True,OTTAWA,QUÉBEC,2025-09-06,5,St. Hyacinthe,SHYA,2025-09-06T15:01:57Z,2025-09-06T15:06:00Z,ARR,goo,-4.0
624,True,True,OTTAWA,QUÉBEC,2025-09-06,6,Drummondville,DRMV,2025-09-06T15:39:04Z,2025-09-06T15:34:00Z,ARR,med,5.0
624,True,True,OTTAWA,QUÉBEC,2025-09-06,7,Charny,CHNY,2025-09-06T17:42:01Z,2025-09-06T17:13:00Z,ARR,bad,29.0
624,True,True,OTTAWA,QUÉBEC,2025-09-06,8,Ste-Foy,SFOY,2025-09-06T17:51:07Z,2025-09-06T17:20:00Z,ARR,bad,31.0
624,True,True,OTTAWA,QUÉBEC,2025-09-06,9,Québec,QBEC,2025-09-06T18:18:58Z,2025-09-06T17:48:00Z,ARR,bad,30.0
40,True,True,TORONTO,OTTAWA,2025-09-06,0,Toronto,TRTO,2025-09-06T14:41:00Z,2025-09-06T14:38:00Z,ARR,goo,3.0
40,True,True,TORONTO,OTTAWA,2025-09-06,1,Belleville,BLVL,2025-09-06T16:12:53Z,2025-09-06T16:09:00Z,ARR,goo,3.0
40,True,True,TORONTO,OTTAWA,2025-09-06,2,Kingston,KGON,2025-09-06T16:49:25Z,2025-09-06T16:48:00Z,ARR,goo,1.0
40,True,True,TORONTO,OTTAWA,2025-09-06,3,Fallowfield,FALL,2025-09-06T19:03:54Z,2025-09-06T18:38:00Z,ARR,bad,25.0
40,True,True,TORONTO,OTTAWA,2025-09-06,4,Ottawa,OTTW,2025-09-06T19:25:01Z,2025-09-06T19:02:00Z,ARR,bad,23.0
35,True,True,QUÉBEC,OTTAWA,2025-09-06,0,Québec,QBEC,2025-09-06T12:06:00Z,2025-09-06T12:06:00Z,ARR,goo,0.0
35,True,True,QUÉBEC,OTTAWA,2025-09-06,1,Ste-Foy,SFOY,2025-09-06T12:31:58Z,2025-09-06T12:31:00Z,ARR,goo,0.0
35,True,True,QUÉBEC,OTTAWA,2025-09-06,2,Charny,CHNY,2025-09-06T12:42:01Z,2025-09-06T12:40:00Z,ARR,goo,2.0
35,True,True,QUÉBEC,OTTAWA,2025-09-06,3,Drummondville,DRMV,2025-09-06T14:13:31Z,2025-09-06T14:14:00Z,ARR,goo,0.0
35,True,True,QUÉBEC,OTTAWA,2025-09-06,4,St. Hyacinthe,SHYA,2025-09-06T14:46:20Z,2025-09-06T14:44:00Z,ARR,goo,2.0
35,True,True,QUÉBEC,OTTAWA,2025-09-06,5,St. Lambert,SLAM,2025-09-06T15:14:54Z,2025-09-06T15:11:00Z,ARR,goo,3.0
35,True,True,QUÉBEC,OTTAWA,2025-09-06,6,Montréal,MTRL,2025-09-06T15:28:13Z,2025-09-06T15:26:00Z,ARR,goo,2.0
35,True,True,QUÉBEC,OTTAWA,2025-09-06,7,Dorval,DORV,2025-09-06T16:18:00Z,2025-09-06T16:18:00Z,ARR,goo,0.0
35,True,True,QUÉBEC,OTTAWA,2025-09-06,8,Coteau,COTO,2025-09-06T16:49:02Z,2025-09-06T16:46:00Z,ARR,goo,3.0
35,True,True,QUÉBEC,OTTAWA,2025-09-06,9,Alexandria,ALEX,2025-09-06T17:11:54Z,2025-09-06T17:08:00Z,ARR,goo,3.0
35,True,True,QUÉBEC,OTTAWA,2025-09-06,10,Casselman,CSLM,2025-09-06T17:34:10Z,2025-09-06T17:31:00Z,ARR,goo,3.0
35,True,True,QUÉBEC,OTTAWA,2025-09-06,11,Ottawa,OTTW,2025-09-06T17:58:55Z,2025-09-06T17:58:00Z,ARR,goo,0.0
26,True,True,OTTAWA,QUÉBEC,2025-09-06,0,Ottawa,OTTW,2025-09-06T18:17:00Z,2025-09-06T18:17:00Z,ARR,goo,0.0
26,True,True,OTTAWA,QUÉBEC,2025-09-06,1,Alexandria,ALEX,2025-09-06T19:02:14Z,2025-09-06T19:03:00Z,ARR,goo,0.0
26,True,True,OTTAWA,QUÉBEC,2025-09-06,2,Coteau,COTO,2025-09-06T19:32:16Z,2025-09-06T19:26:00Z,ARR,med,6.0
26,True,True,OTTAWA,QUÉBEC,2025-09-06,3,Dorval,DORV,2025-09-06T19:55:47Z,2025-09-06T19:49:00Z,ARR,med,6.0
26,True,True,OTTAWA,QUÉBEC,2025-09-06,4,Montréal,MTRL,2025-09-06T20:19:17Z,2025-09-06T20:15:00Z,ARR,goo,4.0
26,True,True,OTTAWA,QUÉBEC,2025-09-06,5,St. Lambert,SLAM,2025-09-06T20:57:58Z,2025-09-06T20:53:00Z,ARR,goo,4.0
26,True,True,OTTAWA,QUÉBEC,2025-09-06,6,St. Hyacinthe,SHYA,2025-09-06T21:25:42Z,2025-09-06T21:20:00Z,ARR,med,5.0
26,True,True,OTTAWA,QUÉBEC,2025-09-06,7,Drummondville,DRMV,2025-09-06T22:04:09Z,2025-09-06T22:05:00Z,ARR,goo,0.0
26,True,True,OTTAWA,QUÉBEC,2025-09-06,8,Charny,CHNY,2025-09-06T23:38:42Z,2025-09-06T23:44:00Z,ARR,goo,-5.0
26,True,True,OTTAWA,QUÉBEC,2025-09-06,9,Ste-Foy,SFOY,2025-09-06T23:46:42Z,2025-09-06T23:52:00Z,ARR,goo,-5.0
26,True,True,OTTAWA,QUÉBEC,2025-09-06,10,Québec,QBEC,2025-09-07T00:15:46Z,2025-09-07T00:19:00Z,ARR,goo,-3.0
39,True,True,QUÉBEC,OTTAWA,2025-09-06,0,Québec,QBEC,2025-09-06T18:57:00Z,2025-09-06T18:57:00Z,ARR,goo,0.0
39,True,True,QUÉBEC,OTTAWA,2025-09-06,1,Ste-Foy,SFOY,2025-09-06T19:22:19Z,2025-09-06T19:22:00Z,ARR,goo,0.0
39,True,True,QUÉBEC,OTTAWA,2025-09-06,2,Drummondville,DRMV,2025-09-06T21:05:04Z,2025-09-06T20:58:00Z,ARR,med,7.0
39,True,True,QUÉBEC,OTTAWA,2025-09-06,3,St. Lambert,SLAM,2025-09-06T22:03:35Z,2025-09-06T21:57:00Z,ARR,med,6.0
39,True,True,QUÉBEC,OTTAWA,2025-09-06,4,Montréal,MTRL,2025-09-06T22:19:21Z,2025-09-06T22:11:00Z,ARR,med,8.0
39,True,True,QUÉBEC,OTTAWA,2025-09-06,5,Dorval,DORV,2025-09-06T23:26:29Z,2025-09-06T23:14:00Z,ARR,med,12.0
39,True,True,QUÉBEC,OTTAWA,2025-09-06,6,Coteau,COTO,2025-09-06T23:57:38Z,2025-09-06T23:43:00Z,ARR,med,14.0
39,True,True,QUÉBEC,OTTAWA,2025-09-06,7,Alexandria,ALEX,2025-09-07T00:17:54Z,2025-09-07T00:06:00Z,ARR,med,11.0
39,True,True,QUÉBEC,OTTAWA,2025-09-06,8,Ottawa,OTTW,2025-09-07T01:01:44Z,2025-09-07T00:51:00Z,ARR,med,10.0
46,True,True,TORONTO,OTTAWA,2025-09-06,0,Toronto,TRTO,2025-09-06T19:38:00Z,2025-09-06T19:38:00Z,ARR,goo,0.0
46,True,True,TORONTO,OTTAWA,2025-09-06,1,Oshawa,OSHA,2025-09-06T20:14:10Z,2025-09-06T20:09:00Z,ARR,med,5.0
46,True,True,TORONTO,OTTAWA,2025-09-06,2,Cobourg,CBRG,2025-09-06T20:51:00Z,2025-09-06T20:43:00Z,ARR,med,8.0
46,True,True,TORONTO,OTTAWA,2025-09-06,3,Kingston,KGON,2025-09-06T22:08:34Z,2025-09-06T21:54:00Z,ARR,med,14.0
46,True,True,TORONTO,OTTAWA,2025-09-06,4,Brockville,BRKV,2025-09-06T22:57:06Z,2025-09-06T22:40:00Z,ARR,bad,17.0
46,True,True,TORONTO,OTTAWA,2025-09-06,5,Fallowfield,FALL,2025-09-06T23:57:40Z,2025-09-06T23:40:00Z,ARR,bad,17.0
46,True,True,TORONTO,OTTAWA,2025-09-06,6,Ottawa,OTTW,2025-09-07T00:17:38Z,2025-09-07T00:00:00Z,ARR,bad,17.0
66,True,True,TORONTO,MONTRÉAL,2025-09-06,0,Toronto,TRTO,2025-09-06T19:23:21Z,2025-09-06T19:23:00Z,ARR,goo,0.0
66,True,True,TORONTO,MONTRÉAL,2025-09-06,1,Guildwood,GUIL,2025-09-06T19:42:02Z,2025-09-06T19:40:00Z,ARR,goo,2.0
66,True,True,TORONTO,MONTRÉAL,2025-09-06,2,Oshawa,OSHA,2025-09-06T19:59:26Z,2025-09-06T19:54:00Z,ARR,med,5.0
66,True,True,TORONTO,MONTRÉAL,2025-09-06,3,Belleville,BLVL,2025-09-06T21:12:58Z,2025-09-06T21:00:00Z,ARR,med,12.0
66,True,True,TORONTO,MONTRÉAL,2025-09-06,4,Kingston,KGON,2025-09-06T21:49:45Z,2025-09-06T21:40:00Z,ARR,med,9.0
66,True,True,TORONTO,MONTRÉAL,2025-09-06,5,Cornwall,CWLL,2025-09-06T23:12:03Z,2025-09-06T23:07:00Z,ARR,med,5.0
66,True,True,TORONTO,MONTRÉAL,2025-09-06,6,Dorval,DORV,2025-09-07T00:08:47Z,2025-09-06T23:58:00Z,ARR,med,10.0
66,True,True,TORONTO,MONTRÉAL,2025-09-06,7,Montréal,MTRL,2025-09-07T00:37:47Z,2025-09-07T00:25:00Z,ARR,med,12.0
28,True,True,OTTAWA,QUÉBEC,2025-09-06,0,Ottawa,OTTW,2025-09-06T20:07:05Z,2025-09-06T20:05:00Z,ARR,goo,2.0
28,True,True,OTTAWA,QUÉBEC,2025-09-06,1,Casselman,CSLM,2025-09-06T20:33:57Z,2025-09-06T20:31:00Z,ARR,goo,2.0
28,True,True,OTTAWA,QUÉBEC,2025-09-06,2,Alexandria,ALEX,2025-09-06T20:57:37Z,2025-09-06T20:53:00Z,ARR,goo,4.0
28,True,True,OTTAWA,QUÉBEC,2025-09-06,3,Coteau,COTO,2025-09-06T21:19:24Z,2025-09-06T21:15:00Z,ARR,goo,4.0
28,True,True,OTTAWA,QUÉBEC,2025-09-06,4,Dorval,DORV,2025-09-06T21:45:13Z,2025-09-06T21:38:00Z,ARR,med,7.0
28,True,True,OTTAWA,QUÉBEC,2025-09-06,5,Montréal,MTRL,2025-09-06T22:09:18Z,2025-09-06T22:04:00Z,ARR,med,5.0
28,True,True,OTTAWA,QUÉBEC,2025-09-06,6,St. Lambert,SLAM,2025-09-06T22:50:18Z,2025-09-06T22:38:00Z,ARR,med,12.0
28,True,True,OTTAWA,QUÉBEC,2025-09-06,7,St. Hyacinthe,SHYA,2025-09-06T23:21:15Z,2025-09-06T23:06:00Z,ARR,bad,15.0
28,True,True,OTTAWA,QUÉBEC,2025-09-06,8,Drummondville,DRMV,2025-09-07T00:15:14Z,2025-09-06T23:52:00Z,ARR,bad,23.0
28,True,True,OTTAWA,QUÉBEC,2025-09-06,9,Charny,CHNY,2025-09-07T01:38:38Z,2025-09-07T01:14:00Z,ARR,bad,24.0
28,True,True,OTTAWA,QUÉBEC,2025-09-06,10,Ste-Foy,SFOY,2025-09-07T01:47:00Z,2025-09-07T01:21:00Z,ARR,bad,26.0
28,True,True,OTTAWA,QUÉBEC,2025-09-06,11,Québec,QBEC,2025-09-07T02:16:48Z,2025-09-07T01:48:00Z,ARR,bad,28.0
69,True,True,MONTRÉAL,TORONTO,2025-09-06,0,Montréal,MTRL,2025-09-06T20:38:00Z,2025-09-06T20:38:00Z,ARR,goo,0.0
69,True,True,MONTRÉAL,TORONTO,2025-09-06,1,Dorval,DORV,2025-09-06T21:03:18Z,2025-09-06T21:04:00Z,ARR,goo,0.0
69,True,True,MONTRÉAL,TORONTO,2025-09-06,2,Cornwall,CWLL,2025-09-06T21:55:14Z,2025-09-06T21:53:00Z,ARR,goo,2.0
69,True,True,MONTRÉAL,TORONTO,2025-09-06,3,Brockville,BRKV,2025-09-06T22:39:23Z,2025-09-06T22:40:00Z,ARR,goo,0.0
69,True,True,MONTRÉAL,TORONTO,2025-09-06,4,Kingston,KGON,2025-09-06T23:28:11Z,2025-09-06T23:24:00Z,ARR,goo,4.0
69,True,True,MONTRÉAL,TORONTO,2025-09-06,5,Oshawa,OSHA,2025-09-07T01:14:37Z,2025-09-07T01:05:00Z,ARR,med,9.0
69,True,True,MONTRÉAL,TORONTO,2025-09-06,6,Guildwood,GUIL,2025-09-07T01:44:36Z,2025-09-07T01:28:00Z,ARR,bad,16.0
69,True,True,MONTRÉAL,TORONTO,2025-09-06,7,Toronto,TRTO,2025-09-07T02:06:06Z,2025-09-07T01:48:00Z,ARR,bad,18.0
68,True,True,TORONTO,MONTRÉAL,2025-09-06,0,Toronto,TRTO,2025-09-06T21:08:00Z,2025-09-06T21:08:00Z,ARR,goo,0.0
68,True,True,TORONTO,MONTRÉAL,2025-09-06,1,Oshawa,OSHA,2025-09-06T21:47:16Z,2025-09-06T21:39:00Z,ARR,med,8.0
68,True,True,TORONTO,MONTRÉAL,2025-09-06,2,Cobourg,CBRG,2025-09-06T22:22:19Z,2025-09-06T22:14:00Z,ARR,med,8.0
68,True,True,TORONTO,MONTRÉAL,2025-09-06,3,Belleville,BLVL,2025-09-06T23:00:09Z,2025-09-06T22:49:00Z,ARR,med,11.0
68,True,True,TORONTO,MONTRÉAL,2025-09-06,4,Kingston,KGON,2025-09-06T23:36:21Z,2025-09-06T23:26:00Z,ARR,med,10.0
68,True,True,TORONTO,MONTRÉAL,2025-09-06,5,Brockville,BRKV,2025-09-07T00:21:48Z,2025-09-07T00:11:00Z,ARR,med,10.0
68,True,True,TORONTO,MONTRÉAL,2025-09-06,6,Cornwall,CWLL,2025-09-07T01:05:49Z,2025-09-07T00:57:00Z,ARR,med,8.0
68,True,True,TORONTO,MONTRÉAL,2025-09-06,7,Dorval,DORV,2025-09-07T01:55:49Z,2025-09-07T01:47:00Z,ARR,med,8.0
68,True,True,TORONTO,MONTRÉAL,2025-09-06,8,Montréal,MTRL,2025-09-07T02:27:11Z,2025-09-07T02:14:00Z,ARR,med,13.0
54,True,True,TORONTO,OTTAWA,2025-09-06,0,Toronto,TRTO,2025-09-06T21:38:14Z,2025-09-06T21:38:00Z,ARR,goo,0.0
54,True,True,TORONTO,OTTAWA,2025-09-06,1,Guildwood,GUIL,2025-09-06T21:56:39Z,2025-09-06T21:55:00Z,ARR,goo,1.0
54,True,True,TORONTO,OTTAWA,2025-09-06,2,Oshawa,OSHA,2025-09-06T22:15:46Z,2025-09-06T22:08:00Z,ARR,med,7.0
54,True,True,TORONTO,OTTAWA,2025-09-06,3,Port Hope,PHOP,2025-09-06T22:48:51Z,2025-09-06T22:37:00Z,ARR,med,11.0
54,True,True,TORONTO,OTTAWA,2025-09-06,4,Cobourg,CBRG,2025-09-06T22:57:25Z,2025-09-06T22:46:00Z,ARR,med,11.0
54,True,True,TORONTO,OTTAWA,2025-09-06,5,Trenton Jct.,TRNJ,2025-09-06T23:26:18Z,2025-09-06T23:13:01Z,ARR,med,13.0
54,True,True,TORONTO,OTTAWA,2025-09-06,6,Belleville,BLVL,2025-09-06T23:41:40Z,2025-09-06T23:27:00Z,ARR,med,14.0
54,True,True,TORONTO,OTTAWA,2025-09-06,7,Napanee,NAPN,2025-09-07T00:04:07Z,2025-09-06T23:48:00Z,ARR,bad,16.0
54,True,True,TORONTO,OTTAWA,2025-09-06,8,Kingston,KGON,2025-09-07T00:26:58Z,2025-09-07T00:09:00Z,ARR,bad,17.0
54,True,True,TORONTO,OTTAWA,2025-09-06,9,Brockville,BRKV,2025-09-07T01:19:11Z,2025-09-07T00:54:00Z,ARR,bad,25.0
54,True,True,TORONTO,OTTAWA,2025-09-06,10,Smiths Falls,SMTF,2025-09-07T01:49:18Z,2025-09-07T01:25:00Z,ARR,bad,24.0
54,True,True,TORONTO,OTTAWA,2025-09-06,11,Fallowfield,FALL,2025-09-07T02:17:29Z,2025-09-07T01:52:00Z,ARR,bad,25.0
54,True,True,TORONTO,OTTAWA,2025-09-06,12,Ottawa,OTTW,2025-09-07T02:38:46Z,2025-09-07T02:13:00Z,ARR,bad,25.0
75,True,True,TORONTO,WINDSOR,2025-09-06,0,Toronto,TRTO,2025-09-06T21:22:09Z,2025-09-06T21:22:00Z,ARR,goo,0.0
75,True,True,TORONTO,WINDSOR,2025-09-06,1,Oakville,OAKV,2025-09-06T21:50:55Z,2025-09-06T21:45:00Z,ARR,med,5.0
75,True,True,TORONTO,WINDSOR,2025-09-06,2,Aldershot,ALDR,2025-09-06T22:10:13Z,2025-09-06T22:01:00Z,ARR,med,9.0
75,True,True,TORONTO,WINDSOR,2025-09-06,3,Brantford,BRTF,2025-09-06T22:48:42Z,2025-09-06T22:33:00Z,ARR,bad,15.0
75,True,True,TORONTO,WINDSOR,2025-09-06,4,Woodstock,WDST,2025-09-06T23:17:09Z,2025-09-06T23:04:00Z,ARR,med,13.0
75,True,True,TORONTO,WINDSOR,2025-09-06,5,Ingersoll,INGR,2025-09-06T23:29:06Z,2025-09-06T23:19:00Z,ARR,med,10.0
75,True,True,TORONTO,WINDSOR,2025-09-06,6,London,LNDN,2025-09-06T23:52:07Z,2025-09-06T23:47:00Z,ARR,med,5.0
75,True,True,TORONTO,WINDSOR,2025-09-06,7,Glencoe,GLNC,2025-09-07T00:27:38Z,2025-09-07T00:21:00Z,ARR,med,6.0
75,True,True,TORONTO,WINDSOR,2025-09-06,8,Chatham,CHAT,2025-09-07T01:08:57Z,2025-09-07T00:55:00Z,ARR,med,13.0
75,True,True,TORONTO,WINDSOR,2025-09-06,9,Windsor,WDON,2025-09-07T01:50:56Z,2025-09-07T01:50:00Z,ARR,goo,0.0
98,True,True,NIAGARA FALLS,TORONTO,2025-09-06,0,Niagara Falls,NIAG,2025-09-06T21:45:00Z,2025-09-06T21:45:00Z,ARR,goo,0.0
98,True,True,NIAGARA FALLS,TORONTO,2025-09-06,1,St. Catharines,SCAT,2025-09-06T22:06:00Z,2025-09-06T22:06:00Z,ARR,goo,0.0
98,True,True,NIAGARA FALLS,TORONTO,2025-09-06,2,Grimsby,GRIM,2025-09-06T22:26:00Z,2025-09-06T22:26:00Z,ARR,goo,0.0
98,True,True,NIAGARA FALLS,TORONTO,2025-09-06,3,Aldershot,ALDR,2025-09-06T23:02:00Z,2025-09-06T23:02:00Z,ARR,goo,0.0
98,True,True,NIAGARA FALLS,TORONTO,2025-09-06,4,Oakville,OAKV,2025-09-06T23:16:00Z,2025-09-06T23:16:00Z,ARR,goo,0.0
98,True,True,NIAGARA FALLS,TORONTO,2025-09-06,5,Toronto,TRTO,2025-09-06T23:43:00Z,2025-09-06T23:43:00Z,ARR,goo,0.0
29,True,True,QUÉBEC,MONTRÉAL,2025-09-06,0,Québec,QBEC,2025-09-06T21:41:00Z,2025-09-06T21:41:00Z,ARR,goo,0.0
29,True,True,QUÉBEC,MONTRÉAL,2025-09-06,1,Ste-Foy,SFOY,2025-09-06T22:05:36Z,2025-09-06T22:06:00Z,ARR,goo,0.0
29,True,True,QUÉBEC,MONTRÉAL,2025-09-06,2,Drummondville,DRMV,2025-09-06T23:37:00Z,2025-09-06T23:42:00Z,ARR,goo,-5.0
29,True,True,QUÉBEC,MONTRÉAL,2025-09-06,3,St. Hyacinthe,SHYA,2025-09-07T00:23:44Z,2025-09-07T00:18:00Z,ARR,med,5.0
29,True,True,QUÉBEC,MONTRÉAL,2025-09-06,4,St. Lambert,SLAM,2025-09-07T00:55:21Z,2025-09-07T00:45:00Z,ARR,med,10.0
29,True,True,QUÉBEC,MONTRÉAL,2025-09-06,5,Montréal,MTRL,2025-09-07T01:10:47Z,2025-09-07T01:00:00Z,ARR,med,10.0
59,True,True,OTTAWA,TORONTO,2025-09-06,0,Ottawa,OTTW,2025-09-06T22:03:00Z,2025-09-06T22:03:00Z,ARR,goo,0.0
59,True,True,OTTAWA,TORONTO,2025-09-06,1,Fallowfield,FALL,2025-09-06T22:20:52Z,2025-09-06T22:20:00Z,ARR,goo,0.0
59,True,True,OTTAWA,TORONTO,2025-09-06,2,Smiths Falls,SMTF,2025-09-06T22:48:40Z,2025-09-06T22:51:00Z,ARR,goo,-2.0
59,True,True,OTTAWA,TORONTO,2025-09-06,3,Brockville,BRKV,2025-09-06T23:26:17Z,2025-09-06T23:25:00Z,ARR,goo,1.0
59,True,True,OTTAWA,TORONTO,2025-09-06,4,Kingston,KGON,2025-09-07T00:11:08Z,2025-09-07T00:10:00Z,ARR,goo,1.0
59,True,True,OTTAWA,TORONTO,2025-09-06,5,Belleville,BLVL,2025-09-07T01:10:00Z,2025-09-07T00:51:00Z,ARR,bad,19.0
59,True,True,OTTAWA,TORONTO,2025-09-06,6,Trenton Jct.,TRNJ,2025-09-07T01:23:11Z,2025-09-07T01:05:00Z,ARR,bad,18.0
59,True,True,OTTAWA,TORONTO,2025-09-06,7,Cobourg,CBRG,2025-09-07T01:51:05Z,2025-09-07T01:31:00Z,ARR,bad,20.0
59,True,True,OTTAWA,TORONTO,2025-09-06,8,Oshawa,OSHA,2025-09-07T02:27:35Z,2025-09-07T02:05:00Z,ARR,bad,22.0
59,True,True,OTTAWA,TORONTO,2025-09-06,9,Guildwood,GUIL,2025-09-07T02:59:44Z,2025-09-07T02:28:00Z,ARR,bad,31.0
59,True,True,OTTAWA,TORONTO,2025-09-06,10,Toronto,TRTO,2025-09-07T03:16:50Z,2025-09-07T02:48:00Z,ARR,bad,28.0
78,True,True,WINDSOR,TORONTO,2025-09-06,0,Windsor,WDON,2025-09-06T21:40:00Z,2025-09-06T21:40:00Z,ARR,goo,0.0
78,True,True,WINDSOR,TORONTO,2025-09-06,1,Chatham,CHAT,2025-09-06T22:21:06Z,2025-09-06T22:24:00Z,ARR,goo,-2.0
78,True,True,WINDSOR,TORONTO,2025-09-06,2,Glencoe,GLNC,2025-09-06T23:07:56Z,2025-09-06T22:59:00Z,ARR,med,8.0
78,True,True,WINDSOR,TORONTO,2025-09-06,3,London,LNDN,2025-09-06T23:39:40Z,2025-09-06T23:32:00Z,ARR,med,7.0
78,True,True,WINDSOR,TORONTO,2025-09-06,4,Ingersoll,INGR,2025-09-07T00:02:56Z,2025-09-06T23:57:00Z,ARR,med,5.0
78,True,True,WINDSOR,TORONTO,2025-09-06,5,Woodstock,WDST,2025-09-07T00:10:13Z,2025-09-07T00:08:00Z,ARR,goo,2.0
78,True,True,WINDSOR,TORONTO,2025-09-06,6,Brantford,BRTF,2025-09-07T00:39:39Z,2025-09-07T00:39:00Z,ARR,goo,0.0
78,True,True,WINDSOR,TORONTO,2025-09-06,7,Aldershot,ALDR,2025-09-07T01:12:14Z,2025-09-07T01:09:00Z,ARR,goo,3.0
78,True,True,WINDSOR,TORONTO,2025-09-06,8,Oakville,OAKV,2025-09-07T01:26:32Z,2025-09-07T01:24:00Z,ARR,goo,2.0
78,True,True,WINDSOR,TORONTO,2025-09-06,9,Toronto,TRTO,2025-09-07T01:50:44Z,2025-09-07T01:50:00Z,ARR,goo,0.0
38,True,True,OTTAWA,MONTRÉAL,2025-09-06,0,Ottawa,OTTW,2025-09-06T21:55:00Z,2025-09-06T21:55:00Z,ARR,goo,0.0
38,True,True,OTTAWA,MONTRÉAL,2025-09-06,1,Casselman,CSLM,2025-09-06T22:27:27Z,2025-09-06T22:26:00Z,ARR,goo,1.0
38,True,True,OTTAWA,MONTRÉAL,2025-09-06,2,Alexandria,ALEX,2025-09-06T22:51:24Z,2025-09-06T22:49:00Z,ARR,goo,2.0
38,True,True,OTTAWA,MONTRÉAL,2025-09-06,3,Dorval,DORV,2025-09-06T23:51:39Z,2025-09-06T23:33:00Z,ARR,bad,18.0
38,True,True,OTTAWA,MONTRÉAL,2025-09-06,4,Montréal,MTRL,2025-09-07T00:28:51Z,2025-09-06T23:57:00Z,ARR,bad,31.0
79,True,False,TORONTO,WINDSOR,2025-09-06,0,Toronto,TRTO,2025-09-06T23:56:00Z,2025-09-06T23:45:00Z,ARR,med,11.0
79,True,False,TORONTO,WINDSOR,2025-09-06,1,Oakville,OAKV,2025-09-07T00:21:52Z,2025-09-07T00:07:00Z,ARR,med,14.0
79,True,False,TORONTO,WINDSOR,2025-09-06,2,Aldershot,ALDR,2025-09-07T00:38:18Z,2025-09-07T00:22:00Z,ARR,bad,16.0
79,True,False,TORONTO,WINDSOR,2025-09-06,3,Brantford,BRTF,2025-09-07T01:15:33Z,2025-09-07T00:50:00Z,ARR,bad,25.0
79,True,False,TORONTO,WINDSOR,2025-09-06,4,Woodstock,WDST,2025-09-07T01:45:19Z,2025-09-07T01:17:00Z,ARR,bad,28.0
79,True,False,TORONTO,WINDSOR,2025-09-06,5,Ingersoll,INGR,2025-09-07T01:57:04Z,2025-09-07T01:30:00Z,ARR,bad,27.0
79,True,False,TORONTO,WINDSOR,2025-09-06,6,London,LNDN,2025-09-07T02:19:55Z,2025-09-07T01:52:00Z,ARR,bad,27.0
79,True,False,TORONTO,WINDSOR,2025-09-06,7,Glencoe,GLNC,2025-09-07T02:53:15Z,2025-09-07T02:25:00Z,ARR,bad,28.0
79,True,False,TORONTO,WINDSOR,2025-09-06,8,Chatham,CHAT,2025-09-07T03:33:45Z,2025-09-07T02:57:00Z,ARR,bad,36.0
79,True,False,TORONTO,WINDSOR,2025-09-06,9,Windsor,WDON,2025-09-07T04:18:20Z,2025-09-07T03:44:00Z,27 mins,bad,34.0
87,True,False,TORONTO,SARNIA,2025-09-06,0,Malton,MALT,&mdash;,2025-09-06T22:00:00Z,&mdash;,,
87,True,False,TORONTO,SARNIA,2025-09-06,1,Brampton,BRMP,&mdash;,2025-09-06T22:12:00Z,&mdash;,,
87,True,False,TORONTO,SARNIA,2025-09-06,2,Georgetown,GEOR,&mdash;,2025-09-06T22:24:00Z,&mdash;,,
87,True,False,TORONTO,SARNIA,2025-09-06,3,Guelph,GUEL,&mdash;,2025-09-06T22:49:00Z,&mdash;,,
87,True,False,TORONTO,SARNIA,2025-09-06,4,St.Marys,SMYS,&mdash;,2025-09-07T00:25:00Z,&mdash;,,
87,True,False,TORONTO,SARNIA,2025-09-06,5,London,LNDN,&mdash;,2025-09-07T01:13:00Z,&mdash;,,
87,True,False,TORONTO,SARNIA,2025-09-06,6,Strathroy,STRR,&mdash;,2025-09-07T01:39:00Z,&mdash;,,
87,True,False,TORONTO,SARNIA,2025-09-06,7,Wyoming,WYOM,&mdash;,2025-09-07T02:07:00Z,&mdash;,,
87,True,False,TORONTO,SARNIA,2025-09-06,8,Sarnia,SARN,&mdash;,2025-09-07T02:24:00Z,&mdash;,,
