train_id,departed,arrived,from,to,instance,stop_id,station,code,estimated,scheduled,eta,diff,diffMin
2 (05-16),True,True,VANCOUVER,TORONTO,2025-05-16,0,Vancouver,VCVR,2025-05-16T22:00:00Z,2025-05-16T22:00:00Z,ARR,goo,0.0
2 (05-16),True,True,VANCOUVER,TORONTO,2025-05-16,1,Mission Harbour,MSNH,2025-05-17T00:56:03Z,2025-05-16T23:35:00Z,ARR,bad,81.0
2 (05-16),True,True,VANCOUVER,TORONTO,2025-05-16,2,Agassiz,AGAS,2025-05-17T01:48:52Z,2025-05-17T00:03:00Z,ARR,bad,105.0
2 (05-16),True,True,VANCOUVER,TORONTO,2025-05-16,3,Katz,KATZ,2025-05-17T02:15:18Z,2025-05-17T00:17:00Z,ARR,bad,118.0
2 (05-16),True,True,VANCOUVER,TORONTO,2025-05-16,4,North Bend,NBND,2025-05-17T04:04:12Z,2025-05-17T02:46:00Z,ARR,bad,78.0
2 (05-16),True,True,VANCOUVER,TORONTO,2025-05-16,5,Ashcroft,ASHN,2025-05-17T07:17:20Z,2025-05-17T05:32:00Z,ARR,bad,105.0
2 (05-16),True,True,VANCOUVER,TORONTO,2025-05-16,6,Kamloops North,KAMN,2025-05-17T10:18:09Z,2025-05-17T07:17:00Z,ARR,bad,181.0
2 (05-16),True,True,VANCOUVER,TORONTO,2025-05-16,7,Clearwater,CLWT,2025-05-17T12:44:40Z,2025-05-17T09:58:00Z,ARR,bad,166.0
2 (05-16),True,True,VANCOUVER,TORONTO,2025-05-16,8,Blue River,BLUE,2025-05-17T14:59:36Z,2025-05-17T12:11:00Z,ARR,bad,168.0
2 (05-16),True,True,VANCOUVER,TORONTO,2025-05-16,9,Valemount,VLMT,2025-05-17T17:44:29Z,2025-05-17T14:01:00Z,ARR,bad,223.0
2 (05-16),True,True,VANCOUVER,TORONTO,2025-05-16,10,Jasper,JASP,2025-05-17T19:59:11Z,2025-05-17T17:00:00Z,ARR,bad,179.0
2 (05-16),True,True,VANCOUVER,TORONTO,2025-05-16,11,Hinton,HINT,2025-05-18T01:11:51Z,2025-05-17T19:45:00Z,ARR,bad,326.0
2 (05-16),True,True,VANCOUVER,TORONTO,2025-05-16,12,Edson,EDSN,2025-05-18T03:35:47Z,2025-05-17T21:19:00Z,ARR,bad,376.0
2 (05-16),True,True,VANCOUVER,TORONTO,2025-05-16,13,Evansburg,EVAN,2025-05-18T04:59:48Z,2025-05-17T22:28:00Z,ARR,bad,391.0
2 (05-16),True,True,VANCOUVER,TORONTO,2025-05-16,14,Edmonton,EDMO,2025-05-18T06:06:31Z,2025-05-18T00:50:00Z,ARR,bad,316.0
2 (05-16),True,True,VANCOUVER,TORONTO,2025-05-16,15,Viking,VKNG,2025-05-18T09:41:08Z,2025-05-18T03:53:00Z,ARR,bad,348.0
2 (05-16),True,True,VANCOUVER,TORONTO,2025-05-16,16,Wainwright,WAIN,2025-05-18T10:27:43Z,2025-05-18T06:14:00Z,ARR,bad,253.0
2 (05-16),True,True,VANCOUVER,TORONTO,2025-05-16,17,Unity,UNIT,2025-05-18T12:00:45Z,2025-05-18T07:47:00Z,ARR,bad,253.0
2 (05-16),True,True,VANCOUVER,TORONTO,2025-05-16,18,Biggar,BIGG,2025-05-18T13:15:10Z,2025-05-18T09:21:00Z,ARR,bad,234.0
2 (05-16),True,True,VANCOUVER,TORONTO,2025-05-16,19,Saskatoon,SASK,2025-05-18T15:34:17Z,2025-05-18T11:57:00Z,ARR,bad,217.0
2 (05-16),True,True,VANCOUVER,TORONTO,2025-05-16,20,Watrous,WATR,2025-05-18T19:49:16Z,2025-05-18T14:26:00Z,ARR,bad,323.0
2 (05-16),True,True,VANCOUVER,TORONTO,2025-05-16,21,Melville,MELV,2025-05-18T23:25:55Z,2025-05-18T18:47:00Z,ARR,bad,278.0
2 (05-16),True,True,VANCOUVER,TORONTO,2025-05-16,22,Rivers,RVRS,2025-05-19T02:41:52Z,2025-05-18T22:22:00Z,ARR,bad,259.0
2 (05-16),True,True,VANCOUVER,TORONTO,2025-05-16,23,Portage La Prairie,PLPX,2025-05-19T04:33:01Z,2025-05-19T00:15:00Z,ARR,bad,258.0
2 (05-16),True,True,VANCOUVER,TORONTO,2025-05-16,24,Winnipeg,WNPG,2025-05-19T05:58:55Z,2025-05-19T03:00:00Z,ARR,bad,178.0
2 (05-16),True,True,VANCOUVER,TORONTO,2025-05-16,25,Elma,ELMA,2025-05-19T10:28:30Z,2025-05-19T05:37:00Z,ARR,bad,291.0
2 (05-16),True,True,VANCOUVER,TORONTO,2025-05-16,26,Brereton Lake,BRTL,2025-05-19T11:11:21Z,2025-05-19T05:58:00Z,ARR,bad,313.0
2 (05-16),True,True,VANCOUVER,TORONTO,2025-05-16,27,Ophir,OPHR,2025-05-19T11:26:20Z,2025-05-19T06:16:00Z,ARR,bad,310.0
2 (05-16),True,True,VANCOUVER,TORONTO,2025-05-16,28,Winnitoba,WNTB,2025-05-19T11:29:53Z,2025-05-19T06:21:00Z,ARR,bad,308.0
2 (05-16),True,True,VANCOUVER,TORONTO,2025-05-16,29,Rice Lake,RCLK,2025-05-19T11:35:51Z,2025-05-19T06:35:00Z,ARR,bad,300.0
2 (05-16),True,True,VANCOUVER,TORONTO,2025-05-16,30,Copelands Landing,COPE,2025-05-19T11:41:13Z,2025-05-19T06:38:00Z,ARR,bad,303.0
2 (05-16),True,True,VANCOUVER,TORONTO,2025-05-16,31,Malachi,MLCH,2025-05-19T11:43:13Z,2025-05-19T06:40:00Z,ARR,bad,303.0
2 (05-16),True,True,VANCOUVER,TORONTO,2025-05-16,32,Ottermere,OTTM,2025-05-19T11:49:13Z,2025-05-19T06:46:00Z,ARR,bad,303.0
2 (05-16),True,True,VANCOUVER,TORONTO,2025-05-16,33,Minaki,MNKI,2025-05-19T12:05:45Z,2025-05-19T07:03:00Z,ARR,bad,302.0
2 (05-16),True,True,VANCOUVER,TORONTO,2025-05-16,34,Redditt,RDDT,2025-05-19T12:24:47Z,2025-05-19T07:29:00Z,ARR,bad,295.0
2 (05-16),True,True,VANCOUVER,TORONTO,2025-05-16,35,Farlane,FARL,2025-05-19T12:39:26Z,2025-05-19T07:46:00Z,ARR,bad,293.0
2 (05-16),True,True,VANCOUVER,TORONTO,2025-05-16,36,Canyon,CNYK,2025-05-19T13:11:15Z,2025-05-19T08:23:00Z,ARR,bad,288.0
2 (05-16),True,True,VANCOUVER,TORONTO,2025-05-16,37,Red Lake Road,RLRX,2025-05-19T13:34:38Z,2025-05-19T08:51:00Z,ARR,bad,283.0
2 (05-16),True,True,VANCOUVER,TORONTO,2025-05-16,38,Richan,RCHN,2025-05-19T14:39:51Z,2025-05-19T09:28:00Z,ARR,bad,311.0
2 (05-16),True,True,VANCOUVER,TORONTO,2025-05-16,39,Sioux Lookout,SLKT,2025-05-19T15:45:31Z,2025-05-19T11:01:00Z,ARR,bad,284.0
2 (05-16),True,True,VANCOUVER,TORONTO,2025-05-16,40,Savant Lake,SAVL,2025-05-19T17:28:38Z,2025-05-19T13:14:00Z,ARR,bad,254.0
2 (05-16),True,True,VANCOUVER,TORONTO,2025-05-16,41,Flindt Landing,FLTL,2025-05-19T17:45:38Z,2025-05-19T13:31:00Z,ARR,bad,254.0
2 (05-16),True,True,VANCOUVER,TORONTO,2025-05-16,42,Allanwater Bridge,ALWB,2025-05-19T18:00:38Z,2025-05-19T13:46:00Z,ARR,bad,254.0
2 (05-16),True,True,VANCOUVER,TORONTO,2025-05-16,43,Collins,COLL,2025-05-19T18:40:38Z,2025-05-19T14:26:00Z,ARR,bad,254.0
2 (05-16),True,True,VANCOUVER,TORONTO,2025-05-16,44,Armstrong,ARMG,2025-05-19T19:20:13Z,2025-05-19T14:57:00Z,ARR,bad,263.0
2 (05-16),True,True,VANCOUVER,TORONTO,2025-05-16,45,Mud River,MUDR,2025-05-19T20:00:13Z,2025-05-19T15:29:00Z,ARR,bad,271.0
2 (05-16),True,True,VANCOUVER,TORONTO,2025-05-16,46,Ferland,FERL,2025-05-19T20:08:13Z,2025-05-19T15:37:00Z,ARR,bad,271.0
2 (05-16),True,True,VANCOUVER,TORONTO,2025-05-16,47,Auden,AUDN,2025-05-19T20:45:13Z,2025-05-19T16:14:00Z,ARR,bad,271.0
2 (05-16),True,True,VANCOUVER,TORONTO,2025-05-16,48,Nakina,NAKI,2025-05-19T22:04:12Z,2025-05-19T17:20:00Z,ARR,bad,284.0
2 (05-16),True,True,VANCOUVER,TORONTO,2025-05-16,49,Longlac,LLAC,2025-05-19T22:38:26Z,2025-05-19T18:11:00Z,ARR,bad,267.0
2 (05-16),True,True,VANCOUVER,TORONTO,2025-05-16,50,Caramat,CARA,2025-05-19T23:02:29Z,2025-05-19T18:39:00Z,ARR,bad,263.0
2 (05-16),True,True,VANCOUVER,TORONTO,2025-05-16,51,Hillsport,HLSP,2025-05-19T23:49:08Z,2025-05-19T19:29:00Z,ARR,bad,260.0
2 (05-16),True,True,VANCOUVER,TORONTO,2025-05-16,52,Hornepayne,HNPN,2025-05-20T01:38:45Z,2025-05-19T21:44:00Z,ARR,bad,234.0
2 (05-16),True,True,VANCOUVER,TORONTO,2025-05-16,53,Oba,OBAX,2025-05-20T03:26:02Z,2025-05-19T23:30:00Z,ARR,bad,236.0
2 (05-16),True,True,VANCOUVER,TORONTO,2025-05-16,54,Elsas,ELSA,2025-05-20T05:00:02Z,2025-05-20T01:04:00Z,ARR,bad,236.0
2 (05-16),True,True,VANCOUVER,TORONTO,2025-05-16,55,Foleyet,FOLE,2025-05-20T06:21:30Z,2025-05-20T02:27:00Z,ARR,bad,234.0
2 (05-16),True,True,VANCOUVER,TORONTO,2025-05-16,56,Gogama,GOGA,2025-05-20T08:11:38Z,2025-05-20T04:02:00Z,ARR,bad,249.0
2 (05-16),True,True,VANCOUVER,TORONTO,2025-05-16,57,Westree,WSTR,2025-05-20T08:46:15Z,2025-05-20T04:35:00Z,ARR,bad,251.0
2 (05-16),True,True,VANCOUVER,TORONTO,2025-05-16,58,Ruel,RUEL,2025-05-20T09:03:15Z,2025-05-20T04:52:00Z,ARR,bad,251.0
2 (05-16),True,True,VANCOUVER,TORONTO,2025-05-16,59,Felix,FELX,2025-05-20T09:11:15Z,2025-05-20T05:00:00Z,ARR,bad,251.0
2 (05-16),True,True,VANCOUVER,TORONTO,2025-05-16,60,McKee's Camp,MCKC,2025-05-20T09:31:15Z,2025-05-20T05:20:00Z,ARR,bad,251.0
2 (05-16),True,True,VANCOUVER,TORONTO,2025-05-16,61,Laforest,LAFO,2025-05-20T09:44:15Z,2025-05-20T05:33:00Z,ARR,bad,251.0
2 (05-16),True,True,VANCOUVER,TORONTO,2025-05-16,62,Capreol,CAPR,2025-05-20T10:19:32Z,2025-05-20T07:47:00Z,ARR,bad,152.0
2 (05-16),True,True,VANCOUVER,TORONTO,2025-05-16,63,Sudbury (Jct.),SUDJ,2025-05-20T11:09:43Z,2025-05-20T08:49:00Z,ARR,bad,140.0
2 (05-16),True,True,VANCOUVER,TORONTO,2025-05-16,64,Parry Sound,PARS,2025-05-20T14:10:32Z,2025-05-20T12:00:00Z,ARR,bad,130.0
2 (05-16),True,True,VANCOUVER,TORONTO,2025-05-16,65,Washago,WSHG,2025-05-20T16:04:06Z,2025-05-20T14:00:00Z,ARR,bad,124.0
2 (05-16),True,True,VANCOUVER,TORONTO,2025-05-16,66,Toronto,TRTO,2025-05-20T18:28:21Z,2025-05-20T18:29:00Z,ARR,goo,0.0
1 (05-18),True,False,TORONTO,VANCOUVER,2025-05-18,0,Toronto,TRTO,2025-05-18T13:56:24Z,2025-05-18T13:55:00Z,ARR,goo,1.0
1 (05-18),True,False,TORONTO,VANCOUVER,2025-05-18,1,Washago,WSHG,2025-05-18T18:06:43Z,2025-05-18T16:25:00Z,ARR,bad,101.0
1 (05-18),True,False,TORONTO,VANCOUVER,2025-05-18,2,South Parry,SPAR,2025-05-18T19:48:19Z,2025-05-18T18:27:00Z,ARR,bad,81.0
1 (05-18),True,False,TORONTO,VANCOUVER,2025-05-18,3,Sudbury (Jct.),SUDJ,2025-05-18T22:48:15Z,2025-05-18T20:57:00Z,ARR,bad,111.0
1 (05-18),True,False,TORONTO,VANCOUVER,2025-05-18,4,Capreol,CAPR,2025-05-18T23:17:06Z,2025-05-18T21:22:00Z,ARR,bad,115.0
1 (05-18),True,False,TORONTO,VANCOUVER,2025-05-18,5,Laforest,LAFO,2025-05-19T00:35:42Z,2025-05-18T22:48:00Z,ARR,bad,107.0
1 (05-18),True,False,TORONTO,VANCOUVER,2025-05-18,6,McKee's Camp,MCKC,2025-05-19T00:48:42Z,2025-05-18T23:01:00Z,ARR,bad,107.0
1 (05-18),True,False,TORONTO,VANCOUVER,2025-05-18,7,Felix,FELX,2025-05-19T01:08:42Z,2025-05-18T23:21:00Z,ARR,bad,107.0
1 (05-18),True,False,TORONTO,VANCOUVER,2025-05-18,8,Ruel,RUEL,2025-05-19T01:15:42Z,2025-05-18T23:28:00Z,ARR,bad,107.0
1 (05-18),True,False,TORONTO,VANCOUVER,2025-05-18,9,Westree,WSTR,2025-05-19T02:25:30Z,2025-05-18T23:45:00Z,ARR,bad,160.0
1 (05-18),True,False,TORONTO,VANCOUVER,2025-05-18,10,Gogama,GOGA,2025-05-19T03:01:41Z,2025-05-19T00:18:00Z,ARR,bad,163.0
1 (05-18),True,False,TORONTO,VANCOUVER,2025-05-18,11,Foleyet,FOLE,2025-05-19T04:31:38Z,2025-05-19T02:44:00Z,ARR,bad,107.0
1 (05-18),True,False,TORONTO,VANCOUVER,2025-05-18,12,Elsas,ELSA,2025-05-19T05:26:53Z,2025-05-19T03:38:00Z,ARR,bad,108.0
1 (05-18),True,False,TORONTO,VANCOUVER,2025-05-18,13,Oba,OBAX,2025-05-19T07:26:53Z,2025-05-19T05:38:00Z,ARR,bad,108.0
1 (05-18),True,False,TORONTO,VANCOUVER,2025-05-18,14,Hornepayne,HNPN,2025-05-19T08:14:53Z,2025-05-19T06:29:00Z,ARR,bad,105.0
1 (05-18),True,False,TORONTO,VANCOUVER,2025-05-18,15,Hillsport,HLSP,2025-05-19T09:53:26Z,2025-05-19T08:05:00Z,ARR,bad,108.0
1 (05-18),True,False,TORONTO,VANCOUVER,2025-05-18,16,Caramat,CARA,2025-05-19T10:28:34Z,2025-05-19T08:55:00Z,ARR,bad,93.0
1 (05-18),True,False,TORONTO,VANCOUVER,2025-05-18,17,Longlac,LLAC,2025-05-19T10:51:02Z,2025-05-19T09:34:00Z,ARR,bad,77.0
1 (05-18),True,False,TORONTO,VANCOUVER,2025-05-18,18,Nakina,NAKI,2025-05-19T11:38:05Z,2025-05-19T10:13:00Z,ARR,bad,85.0
1 (05-18),True,False,TORONTO,VANCOUVER,2025-05-18,19,Auden,AUDN,2025-05-19T12:51:16Z,2025-05-19T11:19:00Z,ARR,bad,92.0
1 (05-18),True,False,TORONTO,VANCOUVER,2025-05-18,20,Ferland,FERL,2025-05-19T13:36:08Z,2025-05-19T11:56:00Z,ARR,bad,100.0
1 (05-18),True,False,TORONTO,VANCOUVER,2025-05-18,21,Mud River,MUDR,2025-05-19T13:45:08Z,2025-05-19T12:05:00Z,ARR,bad,100.0
1 (05-18),True,False,TORONTO,VANCOUVER,2025-05-18,22,Armstrong,ARMG,2025-05-19T15:21:49Z,2025-05-19T13:17:00Z,ARR,bad,124.0
1 (05-18),True,False,TORONTO,VANCOUVER,2025-05-18,23,Collins,COLL,2025-05-19T15:57:21Z,2025-05-19T13:47:00Z,ARR,bad,130.0
1 (05-18),True,False,TORONTO,VANCOUVER,2025-05-18,24,Allanwater Bridge,ALWB,2025-05-19T16:36:21Z,2025-05-19T14:26:00Z,ARR,bad,130.0
1 (05-18),True,False,TORONTO,VANCOUVER,2025-05-18,25,Flindt Landing,FLTL,2025-05-19T16:52:21Z,2025-05-19T14:42:00Z,ARR,bad,130.0
1 (05-18),True,False,TORONTO,VANCOUVER,2025-05-18,26,Savant Lake,SAVL,2025-05-19T17:09:21Z,2025-05-19T14:59:00Z,ARR,bad,130.0
1 (05-18),True,False,TORONTO,VANCOUVER,2025-05-18,27,Sioux Lookout,SLKT,2025-05-19T18:47:53Z,2025-05-19T16:25:00Z,ARR,bad,142.0
1 (05-18),True,False,TORONTO,VANCOUVER,2025-05-18,28,Richan,RCHN,2025-05-19T20:33:14Z,2025-05-19T18:05:00Z,ARR,bad,148.0
1 (05-18),True,False,TORONTO,VANCOUVER,2025-05-18,29,Red Lake Road,RLRX,2025-05-19T21:06:11Z,2025-05-19T18:41:00Z,ARR,bad,145.0
1 (05-18),True,False,TORONTO,VANCOUVER,2025-05-18,30,Canyon,CNYK,2025-05-19T21:36:51Z,2025-05-19T19:10:00Z,ARR,bad,146.0
1 (05-18),True,False,TORONTO,VANCOUVER,2025-05-18,31,Farlane,FARL,2025-05-19T22:08:40Z,2025-05-19T19:47:00Z,ARR,bad,141.0
1 (05-18),True,False,TORONTO,VANCOUVER,2025-05-18,32,Redditt,RDDT,2025-05-19T22:23:09Z,2025-05-19T20:23:00Z,ARR,bad,120.0
1 (05-18),True,False,TORONTO,VANCOUVER,2025-05-18,33,Minaki,MNKI,2025-05-19T22:55:39Z,2025-05-19T20:44:00Z,ARR,bad,131.0
1 (05-18),True,False,TORONTO,VANCOUVER,2025-05-18,34,Ottermere,OTTM,2025-05-20T00:01:43Z,2025-05-19T21:01:00Z,ARR,bad,180.0
1 (05-18),True,False,TORONTO,VANCOUVER,2025-05-18,35,Malachi,MLCH,2025-05-20T00:06:57Z,2025-05-19T21:07:00Z,ARR,bad,179.0
1 (05-18),True,False,TORONTO,VANCOUVER,2025-05-18,36,Copelands Landing,COPE,2025-05-20T00:08:57Z,2025-05-19T21:09:00Z,ARR,bad,179.0
1 (05-18),True,False,TORONTO,VANCOUVER,2025-05-18,37,Rice Lake,RCLK,2025-05-20T00:22:30Z,2025-05-19T21:12:00Z,ARR,bad,190.0
1 (05-18),True,False,TORONTO,VANCOUVER,2025-05-18,38,Winnitoba,WNTB,2025-05-20T00:30:07Z,2025-05-19T21:26:00Z,ARR,bad,184.0
1 (05-18),True,False,TORONTO,VANCOUVER,2025-05-18,39,Ophir,OPHR,2025-05-20T00:30:59Z,2025-05-19T21:31:00Z,ARR,bad,179.0
1 (05-18),True,False,TORONTO,VANCOUVER,2025-05-18,40,Brereton Lake,BRTL,2025-05-20T00:58:18Z,2025-05-19T21:49:00Z,ARR,bad,189.0
1 (05-18),True,False,TORONTO,VANCOUVER,2025-05-18,41,Elma,ELMA,2025-05-20T01:17:04Z,2025-05-19T22:10:00Z,ARR,bad,187.0
1 (05-18),True,False,TORONTO,VANCOUVER,2025-05-18,42,Winnipeg,WNPG,2025-05-20T02:49:47Z,2025-05-20T00:30:00Z,ARR,bad,139.0
1 (05-18),True,False,TORONTO,VANCOUVER,2025-05-18,43,Portage La Prairie,PLPX,2025-05-20T06:49:08Z,2025-05-20T04:04:00Z,ARR,bad,165.0
1 (05-18),True,False,TORONTO,VANCOUVER,2025-05-18,44,Rivers,RVRS,2025-05-20T09:31:19Z,2025-05-20T06:31:00Z,ARR,bad,180.0
1 (05-18),True,False,TORONTO,VANCOUVER,2025-05-18,45,Melville,MELV,2025-05-20T12:30:46Z,2025-05-20T10:54:00Z,ARR,bad,96.0
1 (05-18),True,False,TORONTO,VANCOUVER,2025-05-18,46,Watrous,WATR,2025-05-20T15:14:49Z,2025-05-20T13:54:00Z,ARR,bad,80.0
1 (05-18),True,False,TORONTO,VANCOUVER,2025-05-18,47,Saskatoon,SASK,2025-05-20T16:31:54Z,2025-05-20T15:50:00Z,ARR,bad,41.0
1 (05-18),True,False,TORONTO,VANCOUVER,2025-05-18,48,Biggar,BIGG,2025-05-20T19:35:29Z,2025-05-20T18:29:00Z,ARR,bad,66.0
1 (05-18),True,False,TORONTO,VANCOUVER,2025-05-18,49,Unity,UNIT,2025-05-20T20:53:35Z,2025-05-20T19:44:00Z,ARR,bad,69.0
1 (05-18),True,False,TORONTO,VANCOUVER,2025-05-18,50,Wainwright,WAIN,2025-05-20T23:24:11Z,2025-05-20T22:33:00Z,ARR,bad,51.0
1 (05-18),True,False,TORONTO,VANCOUVER,2025-05-18,51,Viking,VKNG,2025-05-21T00:35:06Z,2025-05-20T23:26:00Z,ARR,bad,69.0
1 (05-18),True,False,TORONTO,VANCOUVER,2025-05-18,52,Edmonton,EDMO,2025-05-21T04:36:38Z,2025-05-21T02:50:00Z,47 mins,bad,106.0
1 (05-18),True,False,TORONTO,VANCOUVER,2025-05-18,53,Evansburg,EVAN,2025-05-21T09:15:38Z,2025-05-21T07:29:00Z,5h26,bad,106.0
1 (05-18),True,False,TORONTO,VANCOUVER,2025-05-18,54,Edson,EDSN,&mdash;,2025-05-21T08:52:00Z,&mdash;,,
1 (05-18),True,False,TORONTO,VANCOUVER,2025-05-18,55,Hinton,HINT,&mdash;,2025-05-21T09:58:00Z,&mdash;,,
1 (05-18),True,False,TORONTO,VANCOUVER,2025-05-18,56,Jasper,JASP,&mdash;,2025-05-21T12:30:00Z,&mdash;,,
693 (05-18),True,True,WINNIPEG,CHURCHILL,2025-05-18,0,Winnipeg,WNPG,2025-05-18T17:06:16Z,2025-05-18T17:05:00Z,ARR,goo,1.0
693 (05-18),True,True,WINNIPEG,CHURCHILL,2025-05-18,1,Portage La Prairie,PLPX,2025-05-18T18:19:34Z,2025-05-18T18:15:00Z,ARR,goo,4.0
693 (05-18),True,True,WINNIPEG,CHURCHILL,2025-05-18,2,Gladstone,GSTO,2025-05-18T19:13:19Z,2025-05-18T19:07:00Z,ARR,med,6.0
693 (05-18),True,True,WINNIPEG,CHURCHILL,2025-05-18,3,Plumas,PLUM,2025-05-18T19:46:03Z,2025-05-18T19:44:00Z,ARR,goo,2.0
693 (05-18),True,True,WINNIPEG,CHURCHILL,2025-05-18,4,Glenella,GLNA,2025-05-18T20:11:54Z,2025-05-18T20:16:00Z,ARR,goo,-4.0
693 (05-18),True,True,WINNIPEG,CHURCHILL,2025-05-18,5,Mccreary,MCCR,2025-05-18T20:53:22Z,2025-05-18T20:57:00Z,ARR,goo,-3.0
693 (05-18),True,True,WINNIPEG,CHURCHILL,2025-05-18,6,Laurier,LRIE,2025-05-18T21:11:30Z,2025-05-18T21:15:00Z,ARR,goo,-3.0
693 (05-18),True,True,WINNIPEG,CHURCHILL,2025-05-18,7,Ochre River,OCHR,2025-05-18T21:27:35Z,2025-05-18T21:36:00Z,ARR,goo,-8.0
693 (05-18),True,True,WINNIPEG,CHURCHILL,2025-05-18,8,Dauphin,DAUP,2025-05-18T21:45:21Z,2025-05-18T21:56:00Z,ARR,goo,-10.0
693 (05-18),True,True,WINNIPEG,CHURCHILL,2025-05-18,9,Gilbert Plains,GLBP,2025-05-18T22:32:55Z,2025-05-18T22:44:00Z,ARR,goo,-11.0
693 (05-18),True,True,WINNIPEG,CHURCHILL,2025-05-18,10,Grandview,GVIE,2025-05-18T22:52:23Z,2025-05-18T23:00:00Z,ARR,goo,-7.0
693 (05-18),True,True,WINNIPEG,CHURCHILL,2025-05-18,11,Roblin,RBLN,2025-05-18T23:57:45Z,2025-05-18T23:55:00Z,ARR,goo,2.0
693 (05-18),True,True,WINNIPEG,CHURCHILL,2025-05-18,12,Togo,TOGO,2025-05-19T00:25:46Z,2025-05-19T00:22:00Z,ARR,goo,3.0
693 (05-18),True,True,WINNIPEG,CHURCHILL,2025-05-18,13,Kamsack,KAMS,2025-05-19T00:57:33Z,2025-05-19T00:59:00Z,ARR,goo,-1.0
693 (05-18),True,True,WINNIPEG,CHURCHILL,2025-05-18,14,Veregin,VERE,2025-05-19T01:08:52Z,2025-05-19T01:12:00Z,ARR,goo,-3.0
693 (05-18),True,True,WINNIPEG,CHURCHILL,2025-05-18,15,Mikado,MIKA,2025-05-19T01:19:30Z,2025-05-19T01:22:00Z,ARR,goo,-2.0
693 (05-18),True,True,WINNIPEG,CHURCHILL,2025-05-18,16,Canora,CANO,2025-05-19T01:31:24Z,2025-05-19T01:36:00Z,ARR,goo,-4.0
693 (05-18),True,True,WINNIPEG,CHURCHILL,2025-05-18,17,Sturgis,STGS,2025-05-19T02:24:42Z,2025-05-19T02:21:00Z,ARR,goo,3.0
693 (05-18),True,True,WINNIPEG,CHURCHILL,2025-05-18,18,Endeavour,ENDV,2025-05-19T02:55:17Z,2025-05-19T02:54:00Z,ARR,goo,1.0
693 (05-18),True,True,WINNIPEG,CHURCHILL,2025-05-18,19,Reserve,RSRV,2025-05-19T03:42:11Z,2025-05-19T03:34:00Z,ARR,med,8.0
693 (05-18),True,True,WINNIPEG,CHURCHILL,2025-05-18,20,Hudson Bay,HBAY,2025-05-19T04:30:23Z,2025-05-19T04:32:00Z,ARR,goo,-1.0
693 (05-18),True,True,WINNIPEG,CHURCHILL,2025-05-18,21,The Pas,TPAS,2025-05-19T07:02:48Z,2025-05-19T06:45:00Z,ARR,bad,17.0
693 (05-18),True,True,WINNIPEG,CHURCHILL,2025-05-18,22,Orok,OROK,2025-05-19T08:03:16Z,2025-05-19T08:07:00Z,ARR,goo,-3.0
693 (05-18),True,True,WINNIPEG,CHURCHILL,2025-05-18,23,Halcrow,HALC,2025-05-19T08:50:30Z,2025-05-19T09:01:00Z,ARR,goo,-10.0
693 (05-18),True,True,WINNIPEG,CHURCHILL,2025-05-18,24,Cormorant,CORM,2025-05-19T09:12:00Z,2025-05-19T09:12:00Z,ARR,goo,0.0
693 (05-18),True,True,WINNIPEG,CHURCHILL,2025-05-18,25,Dering,DERI,2025-05-19T09:20:00Z,2025-05-19T09:20:00Z,ARR,goo,0.0
693 (05-18),True,True,WINNIPEG,CHURCHILL,2025-05-18,26,Dyce,DYCE,2025-05-19T09:59:00Z,2025-05-19T09:59:00Z,ARR,goo,0.0
693 (05-18),True,True,WINNIPEG,CHURCHILL,2025-05-18,27,Wekusko,WEKU,2025-05-19T10:30:15Z,2025-05-19T10:43:00Z,ARR,goo,-12.0
693 (05-18),True,True,WINNIPEG,CHURCHILL,2025-05-18,28,Turnbull,TURN,2025-05-19T11:01:15Z,2025-05-19T11:10:00Z,ARR,goo,-8.0
693 (05-18),True,True,WINNIPEG,CHURCHILL,2025-05-18,29,Ponton,PNTN,2025-05-19T11:30:46Z,2025-05-19T11:42:00Z,ARR,goo,-11.0
693 (05-18),True,True,WINNIPEG,CHURCHILL,2025-05-18,30,Pipun,PIPN,2025-05-19T12:18:42Z,2025-05-19T12:25:00Z,ARR,goo,-6.0
693 (05-18),True,True,WINNIPEG,CHURCHILL,2025-05-18,31,Wabowden,WBDN,2025-05-19T12:32:58Z,2025-05-19T12:48:00Z,ARR,goo,-15.0
693 (05-18),True,True,WINNIPEG,CHURCHILL,2025-05-18,32,Lyddal,LYDD,2025-05-19T13:03:43Z,2025-05-19T13:16:00Z,ARR,goo,-12.0
693 (05-18),True,True,WINNIPEG,CHURCHILL,2025-05-18,33,Odhill,ODHI,2025-05-19T13:24:30Z,2025-05-19T13:38:00Z,ARR,goo,-13.0
693 (05-18),True,True,WINNIPEG,CHURCHILL,2025-05-18,34,Hockin,HOCK,2025-05-19T14:01:18Z,2025-05-19T14:22:00Z,ARR,goo,-20.0
693 (05-18),True,True,WINNIPEG,CHURCHILL,2025-05-18,35,Thicket Portage,THKP,2025-05-19T14:37:00Z,2025-05-19T14:37:00Z,ARR,goo,0.0
693 (05-18),True,True,WINNIPEG,CHURCHILL,2025-05-18,36,Leven,LEVN,2025-05-19T14:45:34Z,2025-05-19T14:54:00Z,ARR,goo,-8.0
693 (05-18),True,True,WINNIPEG,CHURCHILL,2025-05-18,37,Thompson,THOM,2025-05-19T18:14:17Z,2025-05-19T17:00:00Z,ARR,bad,74.0
693 (05-18),True,True,WINNIPEG,CHURCHILL,2025-05-18,38,Sipiwesk,SIPI,2025-05-19T23:22:54Z,2025-05-19T23:35:00Z,ARR,goo,-12.0
693 (05-18),True,True,WINNIPEG,CHURCHILL,2025-05-18,39,Pikwitonei,PIKW,2025-05-20T00:02:00Z,2025-05-20T00:02:00Z,ARR,goo,0.0
693 (05-18),True,True,WINNIPEG,CHURCHILL,2025-05-18,40,Bridgar,BRGR,2025-05-20T00:13:00Z,2025-05-20T00:13:00Z,ARR,goo,0.0
693 (05-18),True,True,WINNIPEG,CHURCHILL,2025-05-18,41,Pit Siding,PITS,2025-05-20T01:35:00Z,2025-05-20T01:35:00Z,ARR,goo,0.0
693 (05-18),True,True,WINNIPEG,CHURCHILL,2025-05-18,42,Ilford,ILFO,2025-05-20T02:32:43Z,2025-05-20T02:36:00Z,ARR,goo,-3.0
693 (05-18),True,True,WINNIPEG,CHURCHILL,2025-05-18,43,Wivenhoe,WVHO,2025-05-20T03:39:52Z,2025-05-20T03:13:00Z,ARR,bad,26.0
693 (05-18),True,True,WINNIPEG,CHURCHILL,2025-05-18,44,Gillam,GILL,2025-05-20T04:24:18Z,2025-05-20T04:00:01Z,ARR,bad,24.0
693 (05-18),True,True,WINNIPEG,CHURCHILL,2025-05-18,45,Bird,BIRD,2025-05-20T05:29:05Z,2025-05-20T05:29:00Z,ARR,goo,0.0
693 (05-18),True,True,WINNIPEG,CHURCHILL,2025-05-18,46,Amery,AMRY,2025-05-20T06:01:37Z,2025-05-20T05:52:00Z,ARR,med,9.0
693 (05-18),True,True,WINNIPEG,CHURCHILL,2025-05-18,47,Weir River,WEIR,2025-05-20T07:01:27Z,2025-05-20T06:43:00Z,ARR,bad,18.0
693 (05-18),True,True,WINNIPEG,CHURCHILL,2025-05-18,48,Thibaudeau,THIB,2025-05-20T07:47:25Z,2025-05-20T08:00:00Z,ARR,goo,-12.0
693 (05-18),True,True,WINNIPEG,CHURCHILL,2025-05-18,49,Herchmer,HERC,2025-05-20T09:26:00Z,2025-05-20T09:26:00Z,ARR,goo,0.0
693 (05-18),True,True,WINNIPEG,CHURCHILL,2025-05-18,50,O'Day,ODAY,2025-05-20T10:05:00Z,2025-05-20T10:05:00Z,ARR,goo,0.0
693 (05-18),True,True,WINNIPEG,CHURCHILL,2025-05-18,51,M'Clintock,MCLI,2025-05-20T10:50:00Z,2025-05-20T10:50:00Z,ARR,goo,0.0
693 (05-18),True,True,WINNIPEG,CHURCHILL,2025-05-18,52,Chesnaye,CHES,2025-05-20T12:06:00Z,2025-05-20T12:06:00Z,ARR,goo,0.0
693 (05-18),True,True,WINNIPEG,CHURCHILL,2025-05-18,53,Tidal,TIDL,2025-05-20T12:14:22Z,2025-05-20T13:37:00Z,ARR,goo,-82.0
693 (05-18),True,True,WINNIPEG,CHURCHILL,2025-05-18,54,Churchill,CHUR,2025-05-20T13:05:37Z,2025-05-20T14:00:00Z,ARR,goo,-54.0
2 (05-19),True,False,VANCOUVER,TORONTO,2025-05-19,0,Vancouver,VCVR,2025-05-19T22:00:00Z,2025-05-19T22:00:00Z,ARR,goo,0.0
2 (05-19),True,False,VANCOUVER,TORONTO,2025-05-19,1,Mission Harbour,MSNH,2025-05-20T00:01:43Z,2025-05-19T23:35:00Z,ARR,bad,26.0
2 (05-19),True,False,VANCOUVER,TORONTO,2025-05-19,2,Agassiz,AGAS,2025-05-20T00:55:22Z,2025-05-20T00:03:00Z,ARR,bad,52.0
2 (05-19),True,False,VANCOUVER,TORONTO,2025-05-19,3,Katz,KATZ,2025-05-20T01:17:40Z,2025-05-20T00:17:00Z,ARR,bad,60.0
2 (05-19),True,False,VANCOUVER,TORONTO,2025-05-19,4,North Bend,NBND,2025-05-20T03:19:59Z,2025-05-20T02:46:00Z,ARR,bad,33.0
2 (05-19),True,False,VANCOUVER,TORONTO,2025-05-19,5,Ashcroft,ASHN,2025-05-20T05:54:38Z,2025-05-20T05:32:00Z,ARR,bad,22.0
2 (05-19),True,False,VANCOUVER,TORONTO,2025-05-19,6,Kamloops North,KAMN,2025-05-20T07:45:53Z,2025-05-20T07:17:00Z,ARR,bad,28.0
2 (05-19),True,False,VANCOUVER,TORONTO,2025-05-19,7,Clearwater,CLWT,2025-05-20T10:48:42Z,2025-05-20T09:58:00Z,ARR,bad,50.0
2 (05-19),True,False,VANCOUVER,TORONTO,2025-05-19,8,Blue River,BLUE,2025-05-20T12:40:49Z,2025-05-20T12:11:00Z,ARR,bad,29.0
2 (05-19),True,False,VANCOUVER,TORONTO,2025-05-19,9,Valemount,VLMT,2025-05-20T14:34:44Z,2025-05-20T14:01:00Z,ARR,bad,33.0
2 (05-19),True,False,VANCOUVER,TORONTO,2025-05-19,10,Jasper,JASP,2025-05-20T16:50:33Z,2025-05-20T17:00:00Z,ARR,goo,-9.0
2 (05-19),True,False,VANCOUVER,TORONTO,2025-05-19,11,Hinton,HINT,2025-05-20T20:25:53Z,2025-05-20T19:45:00Z,ARR,bad,40.0
2 (05-19),True,False,VANCOUVER,TORONTO,2025-05-19,12,Edson,EDSN,2025-05-20T22:34:30Z,2025-05-20T21:19:00Z,ARR,bad,75.0
2 (05-19),True,False,VANCOUVER,TORONTO,2025-05-19,13,Evansburg,EVAN,2025-05-21T00:51:39Z,2025-05-20T22:28:00Z,ARR,bad,143.0
2 (05-19),True,False,VANCOUVER,TORONTO,2025-05-19,14,Edmonton,EDMO,2025-05-21T02:03:24Z,2025-05-21T00:50:00Z,ARR,bad,73.0
2 (05-19),True,False,VANCOUVER,TORONTO,2025-05-19,15,Viking,VKNG,2025-05-21T05:37:36Z,2025-05-21T03:53:00Z,1h48,bad,104.0
2 (05-19),True,False,VANCOUVER,TORONTO,2025-05-19,16,Wainwright,WAIN,2025-05-21T07:58:36Z,2025-05-21T06:14:00Z,4h09,bad,104.0
2 (05-19),True,False,VANCOUVER,TORONTO,2025-05-19,17,Unity,UNIT,&mdash;,2025-05-21T07:47:00Z,&mdash;,,
2 (05-19),True,False,VANCOUVER,TORONTO,2025-05-19,18,Biggar,BIGG,&mdash;,2025-05-21T09:21:00Z,&mdash;,,
2 (05-19),True,False,VANCOUVER,TORONTO,2025-05-19,19,Saskatoon,SASK,&mdash;,2025-05-21T11:57:00Z,&mdash;,,
2 (05-19),True,False,VANCOUVER,TORONTO,2025-05-19,20,Watrous,WATR,&mdash;,2025-05-21T14:26:00Z,&mdash;,,
693 (05-20),True,False,WINNIPEG,CHURCHILL,2025-05-20,0,Portage La Prairie,PLPX,2025-05-20T18:18:58Z,2025-05-20T18:15:00Z,ARR,goo,3.0
693 (05-20),True,False,WINNIPEG,CHURCHILL,2025-05-20,1,Gladstone,GSTO,2025-05-20T19:02:20Z,2025-05-20T19:07:00Z,ARR,goo,-4.0
693 (05-20),True,False,WINNIPEG,CHURCHILL,2025-05-20,2,Plumas,PLUM,2025-05-20T19:34:01Z,2025-05-20T19:44:00Z,ARR,goo,-9.0
693 (05-20),True,False,WINNIPEG,CHURCHILL,2025-05-20,3,Glenella,GLNA,2025-05-20T19:58:40Z,2025-05-20T20:16:00Z,ARR,goo,-17.0
693 (05-20),True,False,WINNIPEG,CHURCHILL,2025-05-20,4,Mccreary,MCCR,2025-05-20T20:43:59Z,2025-05-20T20:57:00Z,ARR,goo,-13.0
693 (05-20),True,False,WINNIPEG,CHURCHILL,2025-05-20,5,Laurier,LRIE,2025-05-20T20:59:36Z,2025-05-20T21:15:00Z,ARR,goo,-15.0
693 (05-20),True,False,WINNIPEG,CHURCHILL,2025-05-20,6,Ochre River,OCHR,2025-05-20T21:16:03Z,2025-05-20T21:36:00Z,ARR,goo,-19.0
693 (05-20),True,False,WINNIPEG,CHURCHILL,2025-05-20,7,Dauphin,DAUP,2025-05-20T21:38:20Z,2025-05-20T21:56:00Z,ARR,goo,-17.0
693 (05-20),True,False,WINNIPEG,CHURCHILL,2025-05-20,8,Gilbert Plains,GLBP,2025-05-20T22:37:27Z,2025-05-20T22:44:00Z,ARR,goo,-6.0
693 (05-20),True,False,WINNIPEG,CHURCHILL,2025-05-20,9,Grandview,GVIE,2025-05-20T22:56:38Z,2025-05-20T23:00:00Z,ARR,goo,-3.0
693 (05-20),True,False,WINNIPEG,CHURCHILL,2025-05-20,10,Roblin,RBLN,2025-05-21T00:02:07Z,2025-05-20T23:55:00Z,ARR,med,7.0
693 (05-20),True,False,WINNIPEG,CHURCHILL,2025-05-20,11,Togo,TOGO,2025-05-21T00:31:42Z,2025-05-21T00:22:00Z,ARR,med,9.0
693 (05-20),True,False,WINNIPEG,CHURCHILL,2025-05-20,12,Kamsack,KAMS,2025-05-21T01:04:34Z,2025-05-21T00:59:00Z,ARR,med,5.0
693 (05-20),True,False,WINNIPEG,CHURCHILL,2025-05-20,13,Veregin,VERE,2025-05-21T01:15:11Z,2025-05-21T01:12:00Z,ARR,goo,3.0
693 (05-20),True,False,WINNIPEG,CHURCHILL,2025-05-20,14,Mikado,MIKA,2025-05-21T01:26:40Z,2025-05-21T01:22:00Z,ARR,goo,4.0
693 (05-20),True,False,WINNIPEG,CHURCHILL,2025-05-20,15,Canora,CANO,2025-05-21T01:39:39Z,2025-05-21T01:36:00Z,ARR,goo,3.0
693 (05-20),True,False,WINNIPEG,CHURCHILL,2025-05-20,16,Sturgis,STGS,2025-05-21T02:30:26Z,2025-05-21T02:21:00Z,ARR,med,9.0
693 (05-20),True,False,WINNIPEG,CHURCHILL,2025-05-20,17,Endeavour,ENDV,2025-05-21T03:01:11Z,2025-05-21T02:54:00Z,ARR,med,7.0
693 (05-20),True,False,WINNIPEG,CHURCHILL,2025-05-20,18,Reserve,RSRV,2025-05-21T03:45:40Z,2025-05-21T03:34:00Z,ARR,med,11.0
693 (05-20),True,False,WINNIPEG,CHURCHILL,2025-05-20,19,Hudson Bay,HBAY,2025-05-21T04:41:35Z,2025-05-21T04:32:00Z,52 mins,med,9.0
693 (05-20),True,False,WINNIPEG,CHURCHILL,2025-05-20,20,The Pas,TPAS,2025-05-21T06:54:35Z,2025-05-21T06:45:00Z,3h05,med,9.0
693 (05-20),True,False,WINNIPEG,CHURCHILL,2025-05-20,21,Orok,OROK,2025-05-21T08:16:35Z,2025-05-21T08:07:00Z,4h27,med,9.0
693 (05-20),True,False,WINNIPEG,CHURCHILL,2025-05-20,22,Halcrow,HALC,2025-05-21T09:10:35Z,2025-05-21T09:01:00Z,5h21,med,9.0
693 (05-20),True,False,WINNIPEG,CHURCHILL,2025-05-20,23,Cormorant,CORM,2025-05-21T09:21:35Z,2025-05-21T09:12:00Z,5h32,med,9.0
693 (05-20),True,False,WINNIPEG,CHURCHILL,2025-05-20,24,Dering,DERI,2025-05-21T09:29:35Z,2025-05-21T09:20:00Z,5h40,med,9.0
693 (05-20),True,False,WINNIPEG,CHURCHILL,2025-05-20,25,Dyce,DYCE,2025-05-21T10:08:35Z,2025-05-21T09:59:00Z,6h19,med,9.0
693 (05-20),True,False,WINNIPEG,CHURCHILL,2025-05-20,26,Wekusko,WEKU,2025-05-21T10:52:35Z,2025-05-21T10:43:00Z,7h03,med,9.0
693 (05-20),True,False,WINNIPEG,CHURCHILL,2025-05-20,27,Turnbull,TURN,2025-05-21T11:19:35Z,2025-05-21T11:10:00Z,7h30,med,9.0
693 (05-20),True,False,WINNIPEG,CHURCHILL,2025-05-20,28,Ponton,PNTN,2025-05-21T11:51:35Z,2025-05-21T11:42:00Z,8h02,med,9.0
693 (05-20),True,False,WINNIPEG,CHURCHILL,2025-05-20,29,Pipun,PIPN,2025-05-21T12:34:35Z,2025-05-21T12:25:00Z,8h45,med,9.0
693 (05-20),True,False,WINNIPEG,CHURCHILL,2025-05-20,30,Wabowden,WBDN,2025-05-21T12:57:35Z,2025-05-21T12:48:00Z,9h08,med,9.0
693 (05-20),True,False,WINNIPEG,CHURCHILL,2025-05-20,31,Lyddal,LYDD,2025-05-21T13:25:35Z,2025-05-21T13:16:00Z,9h36,med,9.0
693 (05-20),True,False,WINNIPEG,CHURCHILL,2025-05-20,32,Odhill,ODHI,2025-05-21T13:47:35Z,2025-05-21T13:38:00Z,9h58,med,9.0
693 (05-20),True,False,WINNIPEG,CHURCHILL,2025-05-20,33,Hockin,HOCK,2025-05-21T14:31:35Z,2025-05-21T14:22:00Z,10h42,med,9.0
693 (05-20),True,False,WINNIPEG,CHURCHILL,2025-05-20,34,Thicket Portage,THKP,2025-05-21T14:46:35Z,2025-05-21T14:37:00Z,10h57,med,9.0
693 (05-20),True,False,WINNIPEG,CHURCHILL,2025-05-20,35,Leven,LEVN,2025-05-21T15:03:35Z,2025-05-21T14:54:00Z,11h14,med,9.0
693 (05-20),True,False,WINNIPEG,CHURCHILL,2025-05-20,36,Thompson,THOM,2025-05-21T17:09:35Z,2025-05-21T17:00:00Z,13h20,med,9.0
20,True,True,MONTRÉAL,QUÉBEC,2025-05-20,0,Montréal,MTRL,2025-05-20T10:25:00Z,2025-05-20T10:25:00Z,ARR,goo,0.0
20,True,True,MONTRÉAL,QUÉBEC,2025-05-20,1,St. Lambert,SLAM,2025-05-20T10:40:06Z,2025-05-20T10:38:00Z,ARR,goo,2.0
20,True,True,MONTRÉAL,QUÉBEC,2025-05-20,2,St. Hyacinthe,SHYA,2025-05-20T11:07:18Z,2025-05-20T11:06:00Z,ARR,goo,1.0
20,True,True,MONTRÉAL,QUÉBEC,2025-05-20,3,Drummondville,DRMV,2025-05-20T11:41:32Z,2025-05-20T11:43:00Z,ARR,goo,-1.0
20,True,True,MONTRÉAL,QUÉBEC,2025-05-20,4,Ste-Foy,SFOY,2025-05-20T13:14:49Z,2025-05-20T13:25:00Z,ARR,goo,-10.0
20,True,True,MONTRÉAL,QUÉBEC,2025-05-20,5,Québec,QBEC,2025-05-20T13:42:50Z,2025-05-20T13:52:00Z,ARR,goo,-9.0
22,True,True,OTTAWA,QUÉBEC,2025-05-20,0,Ottawa,OTTW,2025-05-20T10:07:12Z,2025-05-20T10:07:00Z,ARR,goo,0.0
22,True,True,OTTAWA,QUÉBEC,2025-05-20,1,Casselman,CSLM,2025-05-20T10:32:18Z,2025-05-20T10:33:00Z,ARR,goo,0.0
22,True,True,OTTAWA,QUÉBEC,2025-05-20,2,Alexandria,ALEX,2025-05-20T10:55:05Z,2025-05-20T10:55:00Z,ARR,goo,0.0
22,True,True,OTTAWA,QUÉBEC,2025-05-20,3,Coteau,COTO,2025-05-20T11:16:15Z,2025-05-20T11:23:00Z,ARR,goo,-6.0
22,True,True,OTTAWA,QUÉBEC,2025-05-20,4,Dorval,DORV,2025-05-20T11:48:18Z,2025-05-20T11:47:00Z,ARR,goo,1.0
22,True,True,OTTAWA,QUÉBEC,2025-05-20,5,Montréal,MTRL,2025-05-20T12:11:34Z,2025-05-20T12:11:00Z,ARR,goo,0.0
22,True,True,OTTAWA,QUÉBEC,2025-05-20,6,St. Lambert,SLAM,2025-05-20T12:52:41Z,2025-05-20T12:49:00Z,ARR,goo,3.0
22,True,True,OTTAWA,QUÉBEC,2025-05-20,7,St. Hyacinthe,SHYA,2025-05-20T13:25:09Z,2025-05-20T13:16:00Z,ARR,med,9.0
22,True,True,OTTAWA,QUÉBEC,2025-05-20,8,Drummondville,DRMV,2025-05-20T14:01:33Z,2025-05-20T13:44:00Z,ARR,bad,17.0
22,True,True,OTTAWA,QUÉBEC,2025-05-20,9,Ste-Foy,SFOY,2025-05-20T15:46:44Z,2025-05-20T15:19:00Z,ARR,bad,27.0
22,True,True,OTTAWA,QUÉBEC,2025-05-20,10,Québec,QBEC,2025-05-20T16:21:30Z,2025-05-20T15:47:00Z,ARR,bad,34.0
24,True,True,OTTAWA,QUÉBEC,2025-05-20,0,Ottawa,OTTW,2025-05-20T14:13:10Z,2025-05-20T14:13:00Z,ARR,goo,0.0
24,True,True,OTTAWA,QUÉBEC,2025-05-20,1,Alexandria,ALEX,2025-05-20T15:02:25Z,2025-05-20T15:03:00Z,ARR,goo,0.0
24,True,True,OTTAWA,QUÉBEC,2025-05-20,2,Coteau,COTO,2025-05-20T15:25:10Z,2025-05-20T15:26:00Z,ARR,goo,0.0
24,True,True,OTTAWA,QUÉBEC,2025-05-20,3,Dorval,DORV,2025-05-20T15:55:56Z,2025-05-20T15:50:00Z,ARR,med,5.0
24,True,True,OTTAWA,QUÉBEC,2025-05-20,4,Montréal,MTRL,2025-05-20T16:19:21Z,2025-05-20T16:15:00Z,ARR,goo,4.0
24,True,True,OTTAWA,QUÉBEC,2025-05-20,5,St. Lambert,SLAM,2025-05-20T17:02:52Z,2025-05-20T16:58:00Z,ARR,goo,4.0
24,True,True,OTTAWA,QUÉBEC,2025-05-20,6,St. Hyacinthe,SHYA,2025-05-20T17:35:23Z,2025-05-20T17:26:00Z,ARR,med,9.0
24,True,True,OTTAWA,QUÉBEC,2025-05-20,7,Drummondville,DRMV,2025-05-20T18:27:27Z,2025-05-20T17:54:00Z,ARR,bad,33.0
24,True,True,OTTAWA,QUÉBEC,2025-05-20,8,Charny,CHNY,2025-05-20T20:06:51Z,2025-05-20T19:38:00Z,ARR,bad,28.0
24,True,True,OTTAWA,QUÉBEC,2025-05-20,9,Ste-Foy,SFOY,2025-05-20T20:15:00Z,2025-05-20T19:45:00Z,ARR,bad,30.0
24,True,True,OTTAWA,QUÉBEC,2025-05-20,10,Québec,QBEC,2025-05-20T20:51:02Z,2025-05-20T20:12:00Z,ARR,bad,39.0
37,True,True,QUÉBEC,OTTAWA,2025-05-20,0,Québec,QBEC,2025-05-20T16:32:00Z,2025-05-20T16:32:00Z,ARR,goo,0.0
37,True,True,QUÉBEC,OTTAWA,2025-05-20,1,Ste-Foy,SFOY,2025-05-20T17:03:35Z,2025-05-20T16:57:00Z,ARR,med,6.0
37,True,True,QUÉBEC,OTTAWA,2025-05-20,2,Drummondville,DRMV,2025-05-20T18:50:42Z,2025-05-20T18:44:00Z,ARR,med,6.0
37,True,True,QUÉBEC,OTTAWA,2025-05-20,3,St. Hyacinthe,SHYA,2025-05-20T19:22:58Z,2025-05-20T19:12:00Z,ARR,med,10.0
37,True,True,QUÉBEC,OTTAWA,2025-05-20,4,St. Lambert,SLAM,2025-05-20T19:53:29Z,2025-05-20T19:39:00Z,ARR,med,14.0
37,True,True,QUÉBEC,OTTAWA,2025-05-20,5,Montréal,MTRL,2025-05-20T20:08:05Z,2025-05-20T19:54:00Z,ARR,med,14.0
37,True,True,QUÉBEC,OTTAWA,2025-05-20,6,Dorval,DORV,2025-05-20T21:15:16Z,2025-05-20T20:54:00Z,ARR,bad,21.0
37,True,True,QUÉBEC,OTTAWA,2025-05-20,7,Coteau,COTO,2025-05-20T21:42:36Z,2025-05-20T21:23:00Z,ARR,bad,19.0
37,True,True,QUÉBEC,OTTAWA,2025-05-20,8,Alexandria,ALEX,2025-05-20T22:12:04Z,2025-05-20T21:45:00Z,ARR,bad,27.0
37,True,True,QUÉBEC,OTTAWA,2025-05-20,9,Ottawa,OTTW,2025-05-20T22:57:40Z,2025-05-20T22:37:00Z,ARR,bad,20.0
50,True,True,TORONTO,OTTAWA,2025-05-20,0,Toronto,TRTO,2025-05-20T10:32:00Z,2025-05-20T10:32:00Z,ARR,goo,0.0
50,True,True,TORONTO,OTTAWA,2025-05-20,1,Guildwood,GUIL,2025-05-20T10:49:27Z,2025-05-20T10:50:00Z,ARR,goo,0.0
50,True,True,TORONTO,OTTAWA,2025-05-20,2,Oshawa,OSHA,2025-05-20T11:08:29Z,2025-05-20T11:08:00Z,ARR,goo,0.0
50,True,True,TORONTO,OTTAWA,2025-05-20,3,Cobourg,CBRG,2025-05-20T11:42:21Z,2025-05-20T11:43:00Z,ARR,goo,0.0
50,True,True,TORONTO,OTTAWA,2025-05-20,4,Belleville,BLVL,2025-05-20T12:17:19Z,2025-05-20T12:18:00Z,ARR,goo,0.0
50,True,True,TORONTO,OTTAWA,2025-05-20,5,Kingston,KGON,2025-05-20T12:58:04Z,2025-05-20T12:57:00Z,ARR,goo,1.0
50,True,True,TORONTO,OTTAWA,2025-05-20,6,Brockville,BRKV,2025-05-20T14:06:01Z,2025-05-20T13:54:00Z,ARR,med,12.0
50,True,True,TORONTO,OTTAWA,2025-05-20,7,Smiths Falls,SMTF,2025-05-20T14:30:23Z,2025-05-20T14:29:00Z,ARR,goo,1.0
50,True,True,TORONTO,OTTAWA,2025-05-20,8,Fallowfield,FALL,2025-05-20T15:13:38Z,2025-05-20T15:01:00Z,ARR,med,12.0
50,True,True,TORONTO,OTTAWA,2025-05-20,9,Ottawa,OTTW,2025-05-20T15:34:09Z,2025-05-20T15:21:00Z,ARR,med,13.0
52,True,True,TORONTO,OTTAWA,2025-05-20,0,Toronto,TRTO,2025-05-20T12:32:00Z,2025-05-20T12:32:00Z,ARR,goo,0.0
52,True,True,TORONTO,OTTAWA,2025-05-20,1,Guildwood,GUIL,2025-05-20T12:48:48Z,2025-05-20T12:50:00Z,ARR,goo,-1.0
52,True,True,TORONTO,OTTAWA,2025-05-20,2,Oshawa,OSHA,2025-05-20T13:08:58Z,2025-05-20T13:09:00Z,ARR,goo,0.0
52,True,True,TORONTO,OTTAWA,2025-05-20,3,Cobourg,CBRG,2025-05-20T13:45:15Z,2025-05-20T13:44:00Z,ARR,goo,1.0
52,True,True,TORONTO,OTTAWA,2025-05-20,4,Belleville,BLVL,2025-05-20T14:20:09Z,2025-05-20T14:20:00Z,ARR,goo,0.0
52,True,True,TORONTO,OTTAWA,2025-05-20,5,Kingston,KGON,2025-05-20T15:00:25Z,2025-05-20T15:00:00Z,ARR,goo,0.0
52,True,True,TORONTO,OTTAWA,2025-05-20,6,Brockville,BRKV,2025-05-20T16:06:28Z,2025-05-20T15:57:00Z,ARR,med,9.0
52,True,True,TORONTO,OTTAWA,2025-05-20,7,Smiths Falls,SMTF,2025-05-20T16:44:39Z,2025-05-20T16:35:00Z,ARR,med,9.0
52,True,True,TORONTO,OTTAWA,2025-05-20,8,Fallowfield,FALL,2025-05-20T17:10:24Z,2025-05-20T17:11:00Z,ARR,goo,0.0
52,True,True,TORONTO,OTTAWA,2025-05-20,9,Ottawa,OTTW,2025-05-20T17:32:32Z,2025-05-20T17:32:00Z,ARR,goo,0.0
53,True,True,OTTAWA,TORONTO,2025-05-20,0,Ottawa,OTTW,2025-05-20T15:43:08Z,2025-05-20T15:43:00Z,ARR,goo,0.0
53,True,True,OTTAWA,TORONTO,2025-05-20,1,Fallowfield,FALL,2025-05-20T15:58:25Z,2025-05-20T16:00:00Z,ARR,goo,-1.0
53,True,True,OTTAWA,TORONTO,2025-05-20,2,Brockville,BRKV,2025-05-20T17:02:10Z,2025-05-20T17:01:00Z,ARR,goo,1.0
53,True,True,OTTAWA,TORONTO,2025-05-20,3,Gananoque,GANA,2025-05-20T17:33:21Z,2025-05-20T17:31:00Z,ARR,goo,2.0
53,True,True,OTTAWA,TORONTO,2025-05-20,4,Kingston,KGON,2025-05-20T18:00:37Z,2025-05-20T17:54:00Z,ARR,med,6.0
53,True,True,OTTAWA,TORONTO,2025-05-20,5,Belleville,BLVL,2025-05-20T18:49:53Z,2025-05-20T18:36:00Z,ARR,med,13.0
53,True,True,OTTAWA,TORONTO,2025-05-20,6,Cobourg,CBRG,2025-05-20T19:31:14Z,2025-05-20T19:12:00Z,ARR,bad,19.0
53,True,True,OTTAWA,TORONTO,2025-05-20,7,Oshawa,OSHA,2025-05-20T20:12:18Z,2025-05-20T19:48:00Z,ARR,bad,24.0
53,True,True,OTTAWA,TORONTO,2025-05-20,8,Toronto,TRTO,2025-05-20T20:51:30Z,2025-05-20T20:33:00Z,ARR,bad,18.0
60,True,True,TORONTO,MONTRÉAL,2025-05-20,0,Toronto,TRTO,2025-05-20T10:32:00Z,2025-05-20T10:32:00Z,ARR,goo,0.0
60,True,True,TORONTO,MONTRÉAL,2025-05-20,1,Guildwood,GUIL,2025-05-20T10:49:12Z,2025-05-20T10:50:00Z,ARR,goo,0.0
60,True,True,TORONTO,MONTRÉAL,2025-05-20,2,Oshawa,OSHA,2025-05-20T11:08:24Z,2025-05-20T11:08:00Z,ARR,goo,0.0
60,True,True,TORONTO,MONTRÉAL,2025-05-20,3,Cobourg,CBRG,2025-05-20T11:42:17Z,2025-05-20T11:43:00Z,ARR,goo,0.0
60,True,True,TORONTO,MONTRÉAL,2025-05-20,4,Belleville,BLVL,2025-05-20T12:17:00Z,2025-05-20T12:18:00Z,ARR,goo,-1.0
60,True,True,TORONTO,MONTRÉAL,2025-05-20,5,Kingston,KGON,2025-05-20T12:58:00Z,2025-05-20T12:57:00Z,ARR,goo,1.0
60,True,True,TORONTO,MONTRÉAL,2025-05-20,6,Cornwall,CWLL,2025-05-20T14:37:35Z,2025-05-20T14:38:00Z,ARR,goo,0.0
60,True,True,TORONTO,MONTRÉAL,2025-05-20,7,Dorval,DORV,2025-05-20T15:36:48Z,2025-05-20T15:25:00Z,ARR,med,11.0
60,True,True,TORONTO,MONTRÉAL,2025-05-20,8,Montréal,MTRL,2025-05-20T16:00:41Z,2025-05-20T15:50:00Z,ARR,med,10.0
61,True,True,MONTRÉAL,TORONTO,2025-05-20,0,Montréal,MTRL,2025-05-20T10:45:00Z,2025-05-20T10:45:00Z,ARR,goo,0.0
61,True,True,MONTRÉAL,TORONTO,2025-05-20,1,Dorval,DORV,2025-05-20T11:08:59Z,2025-05-20T11:08:00Z,ARR,goo,0.0
61,True,True,MONTRÉAL,TORONTO,2025-05-20,2,Cornwall,CWLL,2025-05-20T12:07:48Z,2025-05-20T12:01:00Z,ARR,med,6.0
61,True,True,MONTRÉAL,TORONTO,2025-05-20,3,Kingston,KGON,2025-05-20T13:41:26Z,2025-05-20T13:29:00Z,ARR,med,12.0
61,True,True,MONTRÉAL,TORONTO,2025-05-20,4,Belleville,BLVL,2025-05-20T14:28:06Z,2025-05-20T14:11:00Z,ARR,bad,17.0
61,True,True,MONTRÉAL,TORONTO,2025-05-20,5,Oshawa,OSHA,2025-05-20T15:46:01Z,2025-05-20T15:19:00Z,ARR,bad,27.0
61,True,True,MONTRÉAL,TORONTO,2025-05-20,6,Guildwood,GUIL,2025-05-20T16:15:11Z,2025-05-20T15:43:00Z,ARR,bad,32.0
61,True,True,MONTRÉAL,TORONTO,2025-05-20,7,Toronto,TRTO,2025-05-20T16:34:10Z,2025-05-20T16:03:00Z,ARR,bad,31.0
64,True,True,TORONTO,MONTRÉAL,2025-05-20,0,Toronto,TRTO,2025-05-20T15:37:21Z,2025-05-20T15:37:00Z,ARR,goo,0.0
64,True,True,TORONTO,MONTRÉAL,2025-05-20,1,Guildwood,GUIL,2025-05-20T15:54:47Z,2025-05-20T15:55:00Z,ARR,goo,0.0
64,True,True,TORONTO,MONTRÉAL,2025-05-20,2,Oshawa,OSHA,2025-05-20T16:15:13Z,2025-05-20T16:09:00Z,ARR,med,6.0
64,True,True,TORONTO,MONTRÉAL,2025-05-20,3,Cobourg,CBRG,2025-05-20T16:50:37Z,2025-05-20T16:46:00Z,ARR,goo,4.0
64,True,True,TORONTO,MONTRÉAL,2025-05-20,4,Belleville,BLVL,2025-05-20T20:09:54Z,2025-05-20T17:22:00Z,ARR,bad,167.0
64,True,True,TORONTO,MONTRÉAL,2025-05-20,5,Kingston,KGON,2025-05-20T20:49:55Z,2025-05-20T18:03:00Z,ARR,bad,166.0
64,True,True,TORONTO,MONTRÉAL,2025-05-20,6,Brockville,BRKV,2025-05-20T21:40:27Z,2025-05-20T18:52:00Z,ARR,bad,168.0
64,True,True,TORONTO,MONTRÉAL,2025-05-20,7,Cornwall,CWLL,2025-05-20T22:54:51Z,2025-05-20T19:42:00Z,ARR,bad,192.0
64,True,True,TORONTO,MONTRÉAL,2025-05-20,8,Dorval,DORV,2025-05-20T23:54:34Z,2025-05-20T20:37:00Z,ARR,bad,197.0
64,True,True,TORONTO,MONTRÉAL,2025-05-20,9,Montréal,MTRL,2025-05-21T00:24:00Z,2025-05-20T21:05:00Z,ARR,bad,199.0
65,True,True,MONTRÉAL,TORONTO,2025-05-20,0,Montréal,MTRL,2025-05-20T14:49:00Z,2025-05-20T14:49:00Z,ARR,goo,0.0
65,True,True,MONTRÉAL,TORONTO,2025-05-20,1,Dorval,DORV,2025-05-20T15:12:07Z,2025-05-20T15:12:00Z,ARR,goo,0.0
65,True,True,MONTRÉAL,TORONTO,2025-05-20,2,Cornwall,CWLL,2025-05-20T16:05:23Z,2025-05-20T16:06:00Z,ARR,goo,0.0
65,True,True,MONTRÉAL,TORONTO,2025-05-20,3,Kingston,KGON,2025-05-20T17:34:36Z,2025-05-20T17:36:00Z,ARR,goo,-1.0
65,True,True,MONTRÉAL,TORONTO,2025-05-20,4,Belleville,BLVL,2025-05-20T18:19:29Z,2025-05-20T18:20:00Z,ARR,goo,0.0
65,True,True,MONTRÉAL,TORONTO,2025-05-20,5,Cobourg,CBRG,2025-05-20T19:06:44Z,2025-05-20T18:58:00Z,ARR,med,8.0
65,True,True,MONTRÉAL,TORONTO,2025-05-20,6,Oshawa,OSHA,2025-05-20T19:43:12Z,2025-05-20T19:34:00Z,ARR,med,9.0
65,True,True,MONTRÉAL,TORONTO,2025-05-20,7,Toronto,TRTO,2025-05-20T20:46:17Z,2025-05-20T20:18:00Z,ARR,bad,28.0
67,True,True,MONTRÉAL,TORONTO,2025-05-20,0,Montréal,MTRL,2025-05-20T17:22:00Z,2025-05-20T17:22:00Z,ARR,goo,0.0
67,True,True,MONTRÉAL,TORONTO,2025-05-20,1,Dorval,DORV,2025-05-20T17:45:58Z,2025-05-20T17:47:00Z,ARR,goo,-1.0
67,True,True,MONTRÉAL,TORONTO,2025-05-20,2,Cornwall,CWLL,2025-05-20T18:38:22Z,2025-05-20T18:38:00Z,ARR,goo,0.0
67,True,True,MONTRÉAL,TORONTO,2025-05-20,3,Kingston,KGON,2025-05-20T20:01:13Z,2025-05-20T20:03:00Z,ARR,goo,-1.0
67,True,True,MONTRÉAL,TORONTO,2025-05-20,4,Belleville,BLVL,2025-05-20T20:49:22Z,2025-05-20T20:42:00Z,ARR,med,7.0
67,True,True,MONTRÉAL,TORONTO,2025-05-20,5,Cobourg,CBRG,2025-05-20T21:26:01Z,2025-05-20T21:17:00Z,ARR,med,9.0
67,True,True,MONTRÉAL,TORONTO,2025-05-20,6,Oshawa,OSHA,2025-05-20T21:59:55Z,2025-05-20T21:50:00Z,ARR,med,9.0
67,True,True,MONTRÉAL,TORONTO,2025-05-20,7,Toronto,TRTO,2025-05-20T22:45:46Z,2025-05-20T22:45:00Z,ARR,goo,0.0
70,True,True,WINDSOR,TORONTO,2025-05-20,0,Windsor,WDON,2025-05-20T09:35:00Z,2025-05-20T09:35:00Z,ARR,goo,0.0
70,True,True,WINDSOR,TORONTO,2025-05-20,1,Chatham,CHAT,2025-05-20T10:24:04Z,2025-05-20T10:19:00Z,ARR,med,5.0
70,True,True,WINDSOR,TORONTO,2025-05-20,2,London,LNDN,2025-05-20T11:34:22Z,2025-05-20T11:25:00Z,ARR,med,9.0
70,True,True,WINDSOR,TORONTO,2025-05-20,3,Ingersoll,INGR,2025-05-20T12:04:54Z,2025-05-20T11:55:00Z,ARR,med,9.0
70,True,True,WINDSOR,TORONTO,2025-05-20,4,Woodstock,WDST,2025-05-20T12:16:31Z,2025-05-20T12:08:00Z,ARR,med,8.0
70,True,True,WINDSOR,TORONTO,2025-05-20,5,Brantford,BRTF,2025-05-20T12:47:25Z,2025-05-20T12:44:00Z,ARR,goo,3.0
70,True,True,WINDSOR,TORONTO,2025-05-20,6,Aldershot,ALDR,2025-05-20T13:19:04Z,2025-05-20T13:25:00Z,ARR,goo,-5.0
70,True,True,WINDSOR,TORONTO,2025-05-20,7,Oakville,OAKV,2025-05-20T13:45:38Z,2025-05-20T13:43:00Z,ARR,goo,2.0
70,True,True,WINDSOR,TORONTO,2025-05-20,8,Toronto,TRTO,2025-05-20T14:11:40Z,2025-05-20T14:10:00Z,ARR,goo,1.0
71,True,True,TORONTO,WINDSOR,2025-05-20,0,Toronto,TRTO,2025-05-20T10:50:00Z,2025-05-20T10:50:00Z,ARR,goo,0.0
71,True,True,TORONTO,WINDSOR,2025-05-20,1,Oakville,OAKV,2025-05-20T11:13:22Z,2025-05-20T11:13:00Z,ARR,goo,0.0
71,True,True,TORONTO,WINDSOR,2025-05-20,2,Aldershot,ALDR,2025-05-20T11:30:31Z,2025-05-20T11:29:00Z,ARR,goo,1.0
71,True,True,TORONTO,WINDSOR,2025-05-20,3,Brantford,BRTF,2025-05-20T12:08:43Z,2025-05-20T11:55:00Z,ARR,med,13.0
71,True,True,TORONTO,WINDSOR,2025-05-20,4,Woodstock,WDST,2025-05-20T12:43:45Z,2025-05-20T12:30:00Z,ARR,med,13.0
71,True,True,TORONTO,WINDSOR,2025-05-20,5,Ingersoll,INGR,2025-05-20T12:55:41Z,2025-05-20T12:43:00Z,ARR,med,12.0
71,True,True,TORONTO,WINDSOR,2025-05-20,6,London,LNDN,2025-05-20T13:25:30Z,2025-05-20T13:06:00Z,ARR,bad,19.0
71,True,True,TORONTO,WINDSOR,2025-05-20,7,Glencoe,GLNC,2025-05-20T14:36:39Z,2025-05-20T13:39:00Z,ARR,bad,57.0
71,True,True,TORONTO,WINDSOR,2025-05-20,8,Chatham,CHAT,2025-05-20T15:23:47Z,2025-05-20T14:18:00Z,ARR,bad,65.0
71,True,True,TORONTO,WINDSOR,2025-05-20,9,Windsor,WDON,2025-05-20T16:21:27Z,2025-05-20T15:08:00Z,ARR,bad,73.0
72,True,True,WINDSOR,TORONTO,2025-05-20,0,Windsor,WDON,2025-05-20T12:43:00Z,2025-05-20T12:43:00Z,ARR,goo,0.0
72,True,True,WINDSOR,TORONTO,2025-05-20,1,Chatham,CHAT,2025-05-20T13:59:42Z,2025-05-20T13:25:00Z,ARR,bad,34.0
72,True,True,WINDSOR,TORONTO,2025-05-20,2,Glencoe,GLNC,2025-05-20T19:32:30Z,2025-05-20T14:05:00Z,ARR,bad,327.0
72,True,True,WINDSOR,TORONTO,2025-05-20,3,London,LNDN,2025-05-20T20:06:30Z,2025-05-20T14:39:00Z,ARR,bad,327.0
72,True,True,WINDSOR,TORONTO,2025-05-20,4,Ingersoll,INGR,2025-05-20T17:20:00Z,2025-05-20T15:07:00Z,ARR,bad,133.0
72,True,True,WINDSOR,TORONTO,2025-05-20,5,Woodstock,WDST,2025-05-20T17:36:00Z,2025-05-20T15:23:00Z,ARR,bad,133.0
72,True,True,WINDSOR,TORONTO,2025-05-20,6,Brantford,BRTF,2025-05-20T18:08:00Z,2025-05-20T15:55:00Z,ARR,bad,133.0
72,True,True,WINDSOR,TORONTO,2025-05-20,7,Aldershot,ALDR,2025-05-20T19:42:00Z,2025-05-20T16:29:00Z,ARR,bad,193.0
72,True,True,WINDSOR,TORONTO,2025-05-20,8,Oakville,OAKV,2025-05-20T19:58:00Z,2025-05-20T16:45:00Z,ARR,bad,193.0
72,True,True,WINDSOR,TORONTO,2025-05-20,9,Toronto,TRTO,2025-05-20T20:24:00Z,2025-05-20T17:11:00Z,ARR,bad,193.0
73,True,True,TORONTO,WINDSOR,2025-05-20,0,Toronto,TRTO,2025-05-20T15:30:00Z,2025-05-20T15:30:00Z,ARR,goo,0.0
73,True,True,TORONTO,WINDSOR,2025-05-20,1,Oakville,OAKV,2025-05-20T16:01:15Z,2025-05-20T15:51:00Z,ARR,med,10.0
73,True,True,TORONTO,WINDSOR,2025-05-20,2,Aldershot,ALDR,2025-05-20T16:18:02Z,2025-05-20T16:09:00Z,ARR,med,9.0
73,True,True,TORONTO,WINDSOR,2025-05-20,3,Brantford,BRTF,2025-05-20T16:47:40Z,2025-05-20T16:40:00Z,ARR,med,7.0
73,True,True,TORONTO,WINDSOR,2025-05-20,4,Woodstock,WDST,2025-05-20T17:16:21Z,2025-05-20T17:09:00Z,ARR,med,7.0
73,True,True,TORONTO,WINDSOR,2025-05-20,5,London,LNDN,2025-05-20T17:47:25Z,2025-05-20T17:38:00Z,ARR,med,9.0
73,True,True,TORONTO,WINDSOR,2025-05-20,6,Chatham,CHAT,2025-05-20T18:58:15Z,2025-05-20T18:50:00Z,ARR,med,8.0
73,True,True,TORONTO,WINDSOR,2025-05-20,7,Windsor,WDON,2025-05-20T19:45:40Z,2025-05-20T19:45:00Z,ARR,goo,0.0
82,True,True,LONDON,TORONTO,2025-05-20,0,London,LNDN,2025-05-20T10:25:00Z,2025-05-20T10:25:00Z,ARR,goo,0.0
82,True,True,LONDON,TORONTO,2025-05-20,1,Woodstock,WDST,2025-05-20T11:00:40Z,2025-05-20T10:53:00Z,ARR,med,7.0
82,True,True,LONDON,TORONTO,2025-05-20,2,Brantford,BRTF,2025-05-20T11:30:51Z,2025-05-20T11:23:00Z,ARR,med,7.0
82,True,True,LONDON,TORONTO,2025-05-20,3,Toronto,TRTO,2025-05-20T12:41:09Z,2025-05-20T12:35:00Z,ARR,med,6.0
84,True,True,SARNIA,TORONTO,2025-05-20,0,Sarnia,SARN,2025-05-20T12:40:00Z,2025-05-20T12:40:00Z,ARR,goo,0.0
84,True,True,SARNIA,TORONTO,2025-05-20,1,Wyoming,WYOM,2025-05-20T12:57:46Z,2025-05-20T12:55:00Z,ARR,goo,2.0
84,True,True,SARNIA,TORONTO,2025-05-20,2,Strathroy,STRR,2025-05-20T13:24:53Z,2025-05-20T13:27:00Z,ARR,goo,-2.0
84,True,True,SARNIA,TORONTO,2025-05-20,3,London,LNDN,2025-05-20T13:48:18Z,2025-05-20T13:52:00Z,ARR,goo,-3.0
84,True,True,SARNIA,TORONTO,2025-05-20,4,St.Marys,SMYS,2025-05-20T15:43:00Z,2025-05-20T14:45:00Z,ARR,bad,58.0
84,True,True,SARNIA,TORONTO,2025-05-20,5,Stratford,STRF,2025-05-20T16:13:12Z,2025-05-20T15:14:00Z,ARR,bad,59.0
84,True,True,SARNIA,TORONTO,2025-05-20,6,Kitchener,KITC,2025-05-20T16:59:53Z,2025-05-20T16:02:00Z,ARR,bad,57.0
84,True,True,SARNIA,TORONTO,2025-05-20,7,Guelph,GUEL,2025-05-20T17:22:06Z,2025-05-20T16:24:00Z,ARR,bad,58.0
84,True,True,SARNIA,TORONTO,2025-05-20,8,Georgetown,GEOR,2025-05-20T17:46:57Z,2025-05-20T16:47:00Z,ARR,bad,59.0
84,True,True,SARNIA,TORONTO,2025-05-20,9,Brampton,BRMP,2025-05-20T18:03:11Z,2025-05-20T16:59:00Z,ARR,bad,64.0
84,True,True,SARNIA,TORONTO,2025-05-20,10,Malton,MALT,2025-05-20T18:16:19Z,2025-05-20T17:11:00Z,ARR,bad,65.0
84,True,True,SARNIA,TORONTO,2025-05-20,11,Toronto,TRTO,2025-05-20T18:43:48Z,2025-05-20T17:38:00Z,ARR,bad,65.0
641,True,True,OTTAWA,TORONTO,2025-05-20,0,Ottawa,OTTW,2025-05-20T08:13:00Z,2025-05-20T08:13:00Z,ARR,goo,0.0
641,True,True,OTTAWA,TORONTO,2025-05-20,1,Fallowfield,FALL,2025-05-20T08:28:54Z,2025-05-20T08:30:00Z,ARR,goo,-1.0
641,True,True,OTTAWA,TORONTO,2025-05-20,2,Smiths Falls,SMTF,2025-05-20T08:57:43Z,2025-05-20T09:00:00Z,ARR,goo,-2.0
641,True,True,OTTAWA,TORONTO,2025-05-20,3,Brockville,BRKV,2025-05-20T09:28:41Z,2025-05-20T09:32:00Z,ARR,goo,-3.0
641,True,True,OTTAWA,TORONTO,2025-05-20,4,Kingston,KGON,2025-05-20T10:23:02Z,2025-05-20T10:16:00Z,ARR,med,7.0
641,True,True,OTTAWA,TORONTO,2025-05-20,5,Belleville,BLVL,2025-05-20T11:11:49Z,2025-05-20T10:56:00Z,ARR,bad,15.0
641,True,True,OTTAWA,TORONTO,2025-05-20,6,Cobourg,CBRG,2025-05-20T11:54:16Z,2025-05-20T11:31:00Z,ARR,bad,23.0
641,True,True,OTTAWA,TORONTO,2025-05-20,7,Port Hope,PHOP,2025-05-20T12:04:55Z,2025-05-20T11:41:00Z,ARR,bad,23.0
641,True,True,OTTAWA,TORONTO,2025-05-20,8,Toronto,TRTO,2025-05-20T13:25:05Z,2025-05-20T12:48:00Z,ARR,bad,37.0
644,True,True,TORONTO,OTTAWA,2025-05-20,0,Toronto,TRTO,2025-05-20T17:22:00Z,2025-05-20T17:22:00Z,ARR,goo,0.0
644,True,True,TORONTO,OTTAWA,2025-05-20,1,Oshawa,OSHA,2025-05-20T17:58:32Z,2025-05-20T17:53:00Z,ARR,med,5.0
644,True,True,TORONTO,OTTAWA,2025-05-20,2,Cobourg,CBRG,2025-05-20T18:42:38Z,2025-05-20T18:28:00Z,ARR,med,14.0
644,True,True,TORONTO,OTTAWA,2025-05-20,3,Belleville,BLVL,2025-05-20T19:28:46Z,2025-05-20T19:03:00Z,ARR,bad,25.0
644,True,True,TORONTO,OTTAWA,2025-05-20,4,Kingston,KGON,2025-05-20T20:20:15Z,2025-05-20T19:43:00Z,ARR,bad,37.0
644,True,True,TORONTO,OTTAWA,2025-05-20,5,Fallowfield,FALL,2025-05-20T22:14:59Z,2025-05-20T21:30:00Z,ARR,bad,44.0
644,True,True,TORONTO,OTTAWA,2025-05-20,6,Ottawa,OTTW,2025-05-20T22:37:17Z,2025-05-20T21:53:00Z,ARR,bad,44.0
643,True,True,OTTAWA,TORONTO,2025-05-20,0,Ottawa,OTTW,2025-05-20T12:29:00Z,2025-05-20T12:29:00Z,ARR,goo,0.0
643,True,True,OTTAWA,TORONTO,2025-05-20,1,Fallowfield,FALL,2025-05-20T12:46:29Z,2025-05-20T12:45:00Z,ARR,goo,1.0
643,True,True,OTTAWA,TORONTO,2025-05-20,2,Smiths Falls,SMTF,2025-05-20T13:21:07Z,2025-05-20T13:17:00Z,ARR,goo,4.0
643,True,True,OTTAWA,TORONTO,2025-05-20,3,Brockville,BRKV,2025-05-20T13:54:12Z,2025-05-20T13:49:00Z,ARR,med,5.0
643,True,True,OTTAWA,TORONTO,2025-05-20,4,Kingston,KGON,2025-05-20T14:34:49Z,2025-05-20T14:32:00Z,ARR,goo,2.0
643,True,True,OTTAWA,TORONTO,2025-05-20,5,Napanee,NAPN,2025-05-20T15:01:47Z,2025-05-20T14:57:00Z,ARR,goo,4.0
643,True,True,OTTAWA,TORONTO,2025-05-20,6,Belleville,BLVL,2025-05-20T15:20:51Z,2025-05-20T15:17:00Z,ARR,goo,3.0
643,True,True,OTTAWA,TORONTO,2025-05-20,7,Trenton Jct.,TRNJ,2025-05-20T15:34:27Z,2025-05-20T15:31:00Z,ARR,goo,3.0
643,True,True,OTTAWA,TORONTO,2025-05-20,8,Cobourg,CBRG,2025-05-20T16:01:50Z,2025-05-20T15:57:00Z,ARR,goo,4.0
643,True,True,OTTAWA,TORONTO,2025-05-20,9,Port Hope,PHOP,2025-05-20T16:12:36Z,2025-05-20T16:07:00Z,ARR,med,5.0
643,True,True,OTTAWA,TORONTO,2025-05-20,10,Oshawa,OSHA,2025-05-20T16:47:30Z,2025-05-20T16:35:00Z,ARR,med,12.0
643,True,True,OTTAWA,TORONTO,2025-05-20,11,Guildwood,GUIL,2025-05-20T17:12:33Z,2025-05-20T16:58:00Z,ARR,med,14.0
643,True,True,OTTAWA,TORONTO,2025-05-20,12,Toronto,TRTO,2025-05-20T17:30:47Z,2025-05-20T17:18:00Z,ARR,med,12.0
62,True,True,TORONTO,MONTRÉAL,2025-05-20,0,Toronto,TRTO,2025-05-20T12:32:00Z,2025-05-20T12:32:00Z,ARR,goo,0.0
62,True,True,TORONTO,MONTRÉAL,2025-05-20,1,Guildwood,GUIL,2025-05-20T12:48:38Z,2025-05-20T12:50:00Z,ARR,goo,-1.0
62,True,True,TORONTO,MONTRÉAL,2025-05-20,2,Oshawa,OSHA,2025-05-20T13:08:55Z,2025-05-20T13:09:00Z,ARR,goo,0.0
62,True,True,TORONTO,MONTRÉAL,2025-05-20,3,Cobourg,CBRG,2025-05-20T13:45:13Z,2025-05-20T13:44:00Z,ARR,goo,1.0
62,True,True,TORONTO,MONTRÉAL,2025-05-20,4,Belleville,BLVL,2025-05-20T14:20:03Z,2025-05-20T14:20:00Z,ARR,goo,0.0
62,True,True,TORONTO,MONTRÉAL,2025-05-20,5,Kingston,KGON,2025-05-20T15:00:25Z,2025-05-20T15:00:00Z,ARR,goo,0.0
62,True,True,TORONTO,MONTRÉAL,2025-05-20,6,Cornwall,CWLL,2025-05-20T16:56:56Z,2025-05-20T16:43:00Z,ARR,med,13.0
62,True,True,TORONTO,MONTRÉAL,2025-05-20,7,Dorval,DORV,2025-05-20T17:56:57Z,2025-05-20T17:34:00Z,ARR,bad,22.0
62,True,True,TORONTO,MONTRÉAL,2025-05-20,8,Montréal,MTRL,2025-05-20T18:22:22Z,2025-05-20T18:00:00Z,ARR,bad,22.0
97,True,True,TORONTO,NIAGARA FALLS,2025-05-20,0,Toronto,TRTO,2025-05-20T12:20:00Z,2025-05-20T12:20:00Z,ARR,goo,0.0
97,True,True,TORONTO,NIAGARA FALLS,2025-05-20,1,Oakville,OAKV,2025-05-20T12:43:00Z,2025-05-20T12:43:00Z,ARR,goo,0.0
97,True,True,TORONTO,NIAGARA FALLS,2025-05-20,2,Aldershot,ALDR,2025-05-20T12:56:00Z,2025-05-20T12:56:00Z,ARR,goo,0.0
97,True,True,TORONTO,NIAGARA FALLS,2025-05-20,3,Grimsby,GRIM,2025-05-20T13:37:00Z,2025-05-20T13:37:00Z,ARR,goo,0.0
97,True,True,TORONTO,NIAGARA FALLS,2025-05-20,4,St. Catharines,SCAT,2025-05-20T13:57:00Z,2025-05-20T13:57:00Z,ARR,goo,0.0
97,True,True,TORONTO,NIAGARA FALLS,2025-05-20,5,Niagara Falls,NIAG,2025-05-20T14:20:00Z,2025-05-20T14:20:00Z,ARR,goo,0.0
45,True,True,OTTAWA,TORONTO,2025-05-20,0,Ottawa,OTTW,2025-05-20T14:26:24Z,2025-05-20T14:24:00Z,ARR,goo,2.0
45,True,True,OTTAWA,TORONTO,2025-05-20,1,Fallowfield,FALL,2025-05-20T14:43:18Z,2025-05-20T14:40:00Z,ARR,goo,3.0
45,True,True,OTTAWA,TORONTO,2025-05-20,2,Kingston,KGON,2025-05-20T16:31:03Z,2025-05-20T16:26:00Z,ARR,med,5.0
45,True,True,OTTAWA,TORONTO,2025-05-20,3,Toronto,TRTO,2025-05-20T18:49:16Z,2025-05-20T18:48:00Z,ARR,goo,1.0
33,True,True,QUÉBEC,OTTAWA,2025-05-20,0,Québec,QBEC,2025-05-20T09:29:00Z,2025-05-20T09:29:00Z,ARR,goo,0.0
33,True,True,QUÉBEC,OTTAWA,2025-05-20,1,Ste-Foy,SFOY,2025-05-20T09:55:36Z,2025-05-20T09:54:00Z,ARR,goo,1.0
33,True,True,QUÉBEC,OTTAWA,2025-05-20,2,Charny,CHNY,2025-05-20T10:04:45Z,2025-05-20T10:03:00Z,ARR,goo,1.0
33,True,True,QUÉBEC,OTTAWA,2025-05-20,3,Drummondville,DRMV,2025-05-20T11:35:12Z,2025-05-20T11:26:00Z,ARR,med,9.0
33,True,True,QUÉBEC,OTTAWA,2025-05-20,4,St. Hyacinthe,SHYA,2025-05-20T12:10:42Z,2025-05-20T11:57:00Z,ARR,med,13.0
33,True,True,QUÉBEC,OTTAWA,2025-05-20,5,St. Lambert,SLAM,2025-05-20T12:43:43Z,2025-05-20T12:23:00Z,ARR,bad,20.0
33,True,True,QUÉBEC,OTTAWA,2025-05-20,6,Montréal,MTRL,2025-05-20T12:59:27Z,2025-05-20T12:37:00Z,ARR,bad,22.0
33,True,True,QUÉBEC,OTTAWA,2025-05-20,7,Dorval,DORV,2025-05-20T13:45:29Z,2025-05-20T13:24:00Z,ARR,bad,21.0
33,True,True,QUÉBEC,OTTAWA,2025-05-20,8,Alexandria,ALEX,2025-05-20T14:36:11Z,2025-05-20T14:10:00Z,ARR,bad,26.0
33,True,True,QUÉBEC,OTTAWA,2025-05-20,9,Casselman,CSLM,2025-05-20T14:58:22Z,2025-05-20T14:33:00Z,ARR,bad,25.0
33,True,True,QUÉBEC,OTTAWA,2025-05-20,10,Ottawa,OTTW,2025-05-20T15:24:38Z,2025-05-20T15:04:00Z,ARR,bad,20.0
185,True,True,SUDBURY,WHITE RIVER,2025-05-20,0,Sudbury,SUDB,2025-05-20T13:00:00Z,2025-05-20T13:00:00Z,ARR,goo,0.0
185,True,True,SUDBURY,WHITE RIVER,2025-05-20,1,Azilda,AZIL,2025-05-20T13:13:37Z,2025-05-20T13:10:00Z,ARR,goo,3.0
185,True,True,SUDBURY,WHITE RIVER,2025-05-20,2,Chelmsford,CHEL,2025-05-20T13:16:41Z,2025-05-20T13:15:00Z,ARR,goo,1.0
185,True,True,SUDBURY,WHITE RIVER,2025-05-20,3,Larchwood,LARC,2025-05-20T13:20:27Z,2025-05-20T13:19:00Z,ARR,goo,1.0
185,True,True,SUDBURY,WHITE RIVER,2025-05-20,4,Levack,LEVA,2025-05-20T13:29:49Z,2025-05-20T13:30:00Z,ARR,goo,0.0
185,True,True,SUDBURY,WHITE RIVER,2025-05-20,5,Cartier,CART,2025-05-20T13:41:22Z,2025-05-20T13:45:00Z,ARR,goo,-3.0
185,True,True,SUDBURY,WHITE RIVER,2025-05-20,6,Benny,BENN,2025-05-20T13:59:00Z,2025-05-20T14:05:00Z,ARR,goo,-6.0
185,True,True,SUDBURY,WHITE RIVER,2025-05-20,7,Stralak,STRL,2025-05-20T14:03:23Z,2025-05-20T14:12:00Z,ARR,goo,-8.0
185,True,True,SUDBURY,WHITE RIVER,2025-05-20,8,Pogamasing,POGA,2025-05-20T14:14:53Z,2025-05-20T14:25:00Z,ARR,goo,-10.0
185,True,True,SUDBURY,WHITE RIVER,2025-05-20,9,Sheahan,SHEA,2025-05-20T14:20:55Z,2025-05-20T14:30:00Z,ARR,goo,-9.0
185,True,True,SUDBURY,WHITE RIVER,2025-05-20,10,Forks,FRKS,2025-05-20T14:29:50Z,2025-05-20T14:40:00Z,ARR,goo,-10.0
185,True,True,SUDBURY,WHITE RIVER,2025-05-20,11,Metagama,MTGM,2025-05-20T14:50:00Z,2025-05-20T14:50:00Z,ARR,goo,0.0
185,True,True,SUDBURY,WHITE RIVER,2025-05-20,12,Sinker,SNKR,2025-05-20T14:55:00Z,2025-05-20T14:55:00Z,ARR,goo,0.0
185,True,True,SUDBURY,WHITE RIVER,2025-05-20,13,Biscotasing,BISC,2025-05-20T15:38:05Z,2025-05-20T15:20:00Z,ARR,bad,18.0
185,True,True,SUDBURY,WHITE RIVER,2025-05-20,14,Roberts,RBRT,2025-05-20T15:48:05Z,2025-05-20T15:30:00Z,ARR,bad,18.0
185,True,True,SUDBURY,WHITE RIVER,2025-05-20,15,Ramsey,RAMS,2025-05-20T16:03:05Z,2025-05-20T15:45:00Z,ARR,bad,18.0
185,True,True,SUDBURY,WHITE RIVER,2025-05-20,16,Woman River,WOMR,2025-05-20T16:23:05Z,2025-05-20T16:05:00Z,ARR,bad,18.0
185,True,True,SUDBURY,WHITE RIVER,2025-05-20,17,Sultan,SULT,2025-05-20T16:38:05Z,2025-05-20T16:20:00Z,ARR,bad,18.0
185,True,True,SUDBURY,WHITE RIVER,2025-05-20,18,Kormak,KORM,2025-05-20T16:53:05Z,2025-05-20T16:35:00Z,ARR,bad,18.0
185,True,True,SUDBURY,WHITE RIVER,2025-05-20,19,Kinogama,KINO,2025-05-20T16:58:05Z,2025-05-20T16:40:00Z,ARR,bad,18.0
185,True,True,SUDBURY,WHITE RIVER,2025-05-20,20,Nemegos,NEME,2025-05-20T17:13:05Z,2025-05-20T16:55:00Z,ARR,bad,18.0
185,True,True,SUDBURY,WHITE RIVER,2025-05-20,21,Devon,DEVN,2025-05-20T17:25:24Z,2025-05-20T17:05:00Z,ARR,bad,20.0
185,True,True,SUDBURY,WHITE RIVER,2025-05-20,22,Chapleau,CHAP,2025-05-20T17:55:50Z,2025-05-20T17:20:00Z,ARR,bad,35.0
185,True,True,SUDBURY,WHITE RIVER,2025-05-20,23,Esher,ESHR,2025-05-20T19:31:16Z,2025-05-20T17:50:00Z,ARR,bad,101.0
185,True,True,SUDBURY,WHITE RIVER,2025-05-20,24,Musk,MUSK,2025-05-20T19:54:39Z,2025-05-20T18:00:00Z,ARR,bad,114.0
185,True,True,SUDBURY,WHITE RIVER,2025-05-20,25,Nicholson,NICH,2025-05-20T20:00:11Z,2025-05-20T18:10:00Z,ARR,bad,110.0
185,True,True,SUDBURY,WHITE RIVER,2025-05-20,26,Bolkow,BOLK,2025-05-20T20:17:32Z,2025-05-20T18:30:00Z,ARR,bad,107.0
185,True,True,SUDBURY,WHITE RIVER,2025-05-20,27,Dalton,DALT,2025-05-20T20:32:32Z,2025-05-20T18:45:00Z,ARR,bad,107.0
185,True,True,SUDBURY,WHITE RIVER,2025-05-20,28,Missanabie,MSBI,2025-05-20T20:57:32Z,2025-05-20T19:10:00Z,ARR,bad,107.0
185,True,True,SUDBURY,WHITE RIVER,2025-05-20,29,Lochalsh,LOCH,2025-05-20T21:17:32Z,2025-05-20T19:30:00Z,ARR,bad,107.0
185,True,True,SUDBURY,WHITE RIVER,2025-05-20,30,Franz,FRNZ,2025-05-20T21:19:58Z,2025-05-20T19:50:00Z,ARR,bad,89.0
185,True,True,SUDBURY,WHITE RIVER,2025-05-20,31,Swanson,SWAN,2025-05-20T21:31:14Z,2025-05-20T20:00:00Z,ARR,bad,91.0
185,True,True,SUDBURY,WHITE RIVER,2025-05-20,32,Girdwood,GIRD,2025-05-20T21:50:24Z,2025-05-20T20:25:00Z,ARR,bad,85.0
185,True,True,SUDBURY,WHITE RIVER,2025-05-20,33,Amyot,AMYO,2025-05-20T22:06:35Z,2025-05-20T20:35:00Z,ARR,bad,91.0
185,True,True,SUDBURY,WHITE RIVER,2025-05-20,34,O'Brien,OBRI,2025-05-20T22:19:49Z,2025-05-20T20:50:00Z,ARR,bad,89.0
185,True,True,SUDBURY,WHITE RIVER,2025-05-20,35,White River,WHTR,2025-05-20T22:33:01Z,2025-05-20T21:05:00Z,ARR,bad,88.0
600,True,True,JONQUIÈRE,MONTRÉAL,2025-05-20,0,Jonquière,JONQ,2025-05-20T13:00:22Z,2025-05-20T12:58:00Z,ARR,goo,2.0
600,True,True,JONQUIÈRE,MONTRÉAL,2025-05-20,1,Hébertville,HEBV,2025-05-20T13:38:37Z,2025-05-20T13:32:00Z,ARR,med,6.0
600,True,True,JONQUIÈRE,MONTRÉAL,2025-05-20,2,Chambord,CHBD,2025-05-20T14:20:16Z,2025-05-20T14:09:00Z,ARR,med,11.0
600,True,True,JONQUIÈRE,MONTRÉAL,2025-05-20,3,Lac-Bouchette,LBOU,2025-05-20T14:58:34Z,2025-05-20T14:47:00Z,ARR,med,11.0
600,True,True,JONQUIÈRE,MONTRÉAL,2025-05-20,4,Club Lizotte,LIZO,2025-05-20T15:19:47Z,2025-05-20T15:12:00Z,ARR,med,7.0
600,True,True,JONQUIÈRE,MONTRÉAL,2025-05-20,5,Kondiaronk,KOND,2025-05-20T15:31:32Z,2025-05-20T15:25:00Z,ARR,med,6.0
600,True,True,JONQUIÈRE,MONTRÉAL,2025-05-20,6,Lac Des Roches,LDES,2025-05-20T15:33:27Z,2025-05-20T15:28:00Z,ARR,med,5.0
600,True,True,JONQUIÈRE,MONTRÉAL,2025-05-20,7,Van Bruyssel,VBRU,2025-05-20T15:42:28Z,2025-05-20T15:38:00Z,ARR,goo,4.0
600,True,True,JONQUIÈRE,MONTRÉAL,2025-05-20,8,Kiskissink,KISK,2025-05-20T15:43:42Z,2025-05-20T15:39:14Z,ARR,goo,4.0
600,True,True,JONQUIÈRE,MONTRÉAL,2025-05-20,9,Brooks,BRQU,2025-05-20T15:55:28Z,2025-05-20T15:51:00Z,ARR,goo,4.0
600,True,True,JONQUIÈRE,MONTRÉAL,2025-05-20,10,Summit,SMQU,2025-05-20T16:06:28Z,2025-05-20T16:02:00Z,ARR,goo,4.0
600,True,True,JONQUIÈRE,MONTRÉAL,2025-05-20,11,Club Sommet,SMMC,2025-05-20T16:07:34Z,2025-05-20T16:03:06Z,ARR,goo,4.0
600,True,True,JONQUIÈRE,MONTRÉAL,2025-05-20,12,Club Grégoire,GRGC,2025-05-20T16:11:28Z,2025-05-20T16:07:00Z,ARR,goo,4.0
600,True,True,JONQUIÈRE,MONTRÉAL,2025-05-20,13,Caribou,CARI,2025-05-20T16:18:28Z,2025-05-20T16:14:00Z,ARR,goo,4.0
600,True,True,JONQUIÈRE,MONTRÉAL,2025-05-20,14,Cherokee,CHER,2025-05-20T16:20:28Z,2025-05-20T16:16:00Z,ARR,goo,4.0
600,True,True,JONQUIÈRE,MONTRÉAL,2025-05-20,15,Lac-Édouard,LEDW,2025-05-20T16:33:28Z,2025-05-20T16:29:00Z,ARR,goo,4.0
600,True,True,JONQUIÈRE,MONTRÉAL,2025-05-20,16,Club Triton,TRTC,2025-05-20T16:46:28Z,2025-05-20T16:42:00Z,ARR,goo,4.0
600,True,True,JONQUIÈRE,MONTRÉAL,2025-05-20,17,Club Nicole,NCLC,2025-05-20T16:54:28Z,2025-05-20T16:50:00Z,ARR,goo,4.0
600,True,True,JONQUIÈRE,MONTRÉAL,2025-05-20,18,Hirondelle,HRDL,2025-05-20T17:00:28Z,2025-05-20T16:56:00Z,ARR,goo,4.0
600,True,True,JONQUIÈRE,MONTRÉAL,2025-05-20,19,Pearl Lake,PRLL,2025-05-20T17:03:42Z,2025-05-20T16:59:14Z,ARR,goo,4.0
600,True,True,JONQUIÈRE,MONTRÉAL,2025-05-20,20,Sanford,SANF,2025-05-20T17:14:28Z,2025-05-20T17:10:00Z,ARR,goo,4.0
600,True,True,JONQUIÈRE,MONTRÉAL,2025-05-20,21,Stadacona,STAD,2025-05-20T17:22:28Z,2025-05-20T17:18:00Z,ARR,goo,4.0
600,True,True,JONQUIÈRE,MONTRÉAL,2025-05-20,22,Club Iroquois,IRQC,2025-05-20T17:26:28Z,2025-05-20T17:22:00Z,ARR,goo,4.0
600,True,True,JONQUIÈRE,MONTRÉAL,2025-05-20,23,Lac Malouin,LMAL,2025-05-20T17:30:28Z,2025-05-20T17:26:00Z,ARR,goo,4.0
600,True,True,JONQUIÈRE,MONTRÉAL,2025-05-20,24,Bima,BIMA,2025-05-20T17:32:28Z,2025-05-20T17:28:00Z,ARR,goo,4.0
600,True,True,JONQUIÈRE,MONTRÉAL,2025-05-20,25,Saint-Hilaire,SHPN,2025-05-20T17:35:28Z,2025-05-20T17:31:00Z,ARR,goo,4.0
600,True,True,JONQUIÈRE,MONTRÉAL,2025-05-20,26,Pont Beaudet,PBDT,2025-05-20T17:37:28Z,2025-05-20T17:33:00Z,ARR,goo,4.0
600,True,True,JONQUIÈRE,MONTRÉAL,2025-05-20,27,Falrie,FALR,2025-05-20T17:40:28Z,2025-05-20T17:36:00Z,ARR,goo,4.0
600,True,True,JONQUIÈRE,MONTRÉAL,2025-05-20,28,Club Jacques-Cartier,JACC,2025-05-20T17:43:28Z,2025-05-20T17:39:00Z,ARR,goo,4.0
600,True,True,JONQUIÈRE,MONTRÉAL,2025-05-20,29,Miquick,MIQK,2025-05-20T17:57:28Z,2025-05-20T17:53:00Z,ARR,goo,4.0
600,True,True,JONQUIÈRE,MONTRÉAL,2025-05-20,30,Rivière-À-Pierre,RAPX,2025-05-20T18:32:28Z,2025-05-20T18:28:00Z,ARR,goo,4.0
600,True,True,JONQUIÈRE,MONTRÉAL,2025-05-20,31,Rousseau,ROUS,2025-05-20T18:53:28Z,2025-05-20T18:49:00Z,ARR,goo,4.0
600,True,True,JONQUIÈRE,MONTRÉAL,2025-05-20,32,Hervey,HERV,2025-05-20T19:41:43Z,2025-05-20T19:20:00Z,ARR,bad,21.0
600,True,True,JONQUIÈRE,MONTRÉAL,2025-05-20,33,Saint-Tite,STIT,2025-05-20T20:10:00Z,2025-05-20T19:48:00Z,ARR,bad,22.0
600,True,True,JONQUIÈRE,MONTRÉAL,2025-05-20,34,Garneau,GARN,2025-05-20T20:26:05Z,2025-05-20T20:02:00Z,ARR,bad,24.0
600,True,True,JONQUIÈRE,MONTRÉAL,2025-05-20,35,Grand-Mère,GMRE,2025-05-20T21:37:59Z,2025-05-20T20:15:00Z,ARR,bad,82.0
600,True,True,JONQUIÈRE,MONTRÉAL,2025-05-20,36,Shawinigan,SHWN,2025-05-20T21:46:00Z,2025-05-20T20:23:00Z,ARR,bad,83.0
600,True,True,JONQUIÈRE,MONTRÉAL,2025-05-20,37,Charette,CHRT,2025-05-20T22:05:55Z,2025-05-20T20:46:00Z,ARR,bad,79.0
600,True,True,JONQUIÈRE,MONTRÉAL,2025-05-20,38,St-Paulin,SPAU,2025-05-20T22:15:58Z,2025-05-20T20:55:00Z,ARR,bad,80.0
600,True,True,JONQUIÈRE,MONTRÉAL,2025-05-20,39,St-Justin,SJUS,2025-05-20T22:23:51Z,2025-05-20T21:09:00Z,ARR,bad,74.0
600,True,True,JONQUIÈRE,MONTRÉAL,2025-05-20,40,Joliette,JOLI,2025-05-20T23:00:49Z,2025-05-20T21:38:00Z,ARR,bad,82.0
600,True,True,JONQUIÈRE,MONTRÉAL,2025-05-20,41,Anjou,ANJO,2025-05-20T23:35:47Z,2025-05-20T22:21:01Z,ARR,bad,74.0
600,True,True,JONQUIÈRE,MONTRÉAL,2025-05-20,42,Sauvé,SAUV,2025-05-20T23:42:07Z,2025-05-20T22:35:00Z,ARR,bad,67.0
600,True,True,JONQUIÈRE,MONTRÉAL,2025-05-20,43,Montréal,MTRL,2025-05-21T00:15:51Z,2025-05-20T23:46:00Z,ARR,bad,29.0
40,True,True,TORONTO,OTTAWA,2025-05-20,0,Toronto,TRTO,2025-05-20T14:37:26Z,2025-05-20T14:37:00Z,ARR,goo,0.0
40,True,True,TORONTO,OTTAWA,2025-05-20,1,Belleville,BLVL,2025-05-20T16:25:17Z,2025-05-20T16:09:00Z,ARR,bad,16.0
40,True,True,TORONTO,OTTAWA,2025-05-20,2,Kingston,KGON,2025-05-20T17:12:30Z,2025-05-20T16:48:00Z,ARR,bad,24.0
40,True,True,TORONTO,OTTAWA,2025-05-20,3,Fallowfield,FALL,2025-05-20T19:18:08Z,2025-05-20T18:38:00Z,ARR,bad,40.0
40,True,True,TORONTO,OTTAWA,2025-05-20,4,Ottawa,OTTW,2025-05-20T19:38:11Z,2025-05-20T19:02:00Z,ARR,bad,36.0
47,True,True,OTTAWA,TORONTO,2025-05-20,0,Ottawa,OTTW,2025-05-20T16:23:20Z,2025-05-20T16:23:00Z,ARR,goo,0.0
47,True,True,OTTAWA,TORONTO,2025-05-20,1,Fallowfield,FALL,2025-05-20T16:39:44Z,2025-05-20T16:40:00Z,ARR,goo,0.0
47,True,True,OTTAWA,TORONTO,2025-05-20,2,Smiths Falls,SMTF,2025-05-20T17:18:05Z,2025-05-20T17:18:00Z,ARR,goo,0.0
47,True,True,OTTAWA,TORONTO,2025-05-20,3,Brockville,BRKV,2025-05-20T17:52:05Z,2025-05-20T17:54:00Z,ARR,goo,-1.0
47,True,True,OTTAWA,TORONTO,2025-05-20,4,Gananoque,GANA,2025-05-20T18:21:58Z,2025-05-20T18:22:00Z,ARR,goo,0.0
47,True,True,OTTAWA,TORONTO,2025-05-20,5,Kingston,KGON,2025-05-20T18:44:52Z,2025-05-20T18:45:00Z,ARR,goo,0.0
47,True,True,OTTAWA,TORONTO,2025-05-20,6,Belleville,BLVL,2025-05-20T19:29:32Z,2025-05-20T19:26:00Z,ARR,goo,3.0
47,True,True,OTTAWA,TORONTO,2025-05-20,7,Oshawa,OSHA,2025-05-20T20:35:48Z,2025-05-20T20:33:00Z,ARR,goo,2.0
47,True,True,OTTAWA,TORONTO,2025-05-20,8,Guildwood,GUIL,2025-05-20T20:58:34Z,2025-05-20T20:58:00Z,ARR,goo,0.0
47,True,True,OTTAWA,TORONTO,2025-05-20,9,Toronto,TRTO,2025-05-20T21:20:44Z,2025-05-20T21:30:00Z,ARR,goo,-9.0
31,True,True,MONTRÉAL,OTTAWA,2025-05-20,0,Montréal,MTRL,2025-05-20T10:20:00Z,2025-05-20T10:20:00Z,ARR,goo,0.0
31,True,True,MONTRÉAL,OTTAWA,2025-05-20,1,Dorval,DORV,2025-05-20T10:46:36Z,2025-05-20T10:44:00Z,ARR,goo,2.0
31,True,True,MONTRÉAL,OTTAWA,2025-05-20,2,Alexandria,ALEX,2025-05-20T11:39:38Z,2025-05-20T11:36:00Z,ARR,goo,3.0
31,True,True,MONTRÉAL,OTTAWA,2025-05-20,3,Casselman,CSLM,2025-05-20T12:02:46Z,2025-05-20T11:59:00Z,ARR,goo,3.0
31,True,True,MONTRÉAL,OTTAWA,2025-05-20,4,Ottawa,OTTW,2025-05-20T12:28:35Z,2025-05-20T12:25:00Z,ARR,goo,3.0
63,True,True,MONTRÉAL,TORONTO,2025-05-20,0,Montréal,MTRL,2025-05-20T12:46:20Z,2025-05-20T12:46:00Z,ARR,goo,0.0
63,True,True,MONTRÉAL,TORONTO,2025-05-20,1,Dorval,DORV,2025-05-20T13:13:01Z,2025-05-20T13:11:00Z,ARR,goo,2.0
63,True,True,MONTRÉAL,TORONTO,2025-05-20,2,Cornwall,CWLL,2025-05-20T14:01:53Z,2025-05-20T14:04:00Z,ARR,goo,-2.0
63,True,True,MONTRÉAL,TORONTO,2025-05-20,3,Brockville,BRKV,2025-05-20T14:57:23Z,2025-05-20T14:54:00Z,ARR,goo,3.0
63,True,True,MONTRÉAL,TORONTO,2025-05-20,4,Kingston,KGON,2025-05-20T15:41:34Z,2025-05-20T15:39:00Z,ARR,goo,2.0
63,True,True,MONTRÉAL,TORONTO,2025-05-20,5,Belleville,BLVL,2025-05-20T16:22:06Z,2025-05-20T16:20:00Z,ARR,goo,2.0
63,True,True,MONTRÉAL,TORONTO,2025-05-20,6,Cobourg,CBRG,2025-05-20T17:00:03Z,2025-05-20T16:58:00Z,ARR,goo,2.0
63,True,True,MONTRÉAL,TORONTO,2025-05-20,7,Oshawa,OSHA,2025-05-20T17:34:34Z,2025-05-20T17:34:00Z,ARR,goo,0.0
63,True,True,MONTRÉAL,TORONTO,2025-05-20,8,Guildwood,GUIL,2025-05-20T17:56:06Z,2025-05-20T17:58:00Z,ARR,goo,-1.0
63,True,True,MONTRÉAL,TORONTO,2025-05-20,9,Toronto,TRTO,2025-05-20T18:21:56Z,2025-05-20T18:18:00Z,ARR,goo,3.0
35,True,True,QUÉBEC,OTTAWA,2025-05-20,0,Québec,QBEC,2025-05-20T12:06:00Z,2025-05-20T12:06:00Z,ARR,goo,0.0
35,True,True,QUÉBEC,OTTAWA,2025-05-20,1,Ste-Foy,SFOY,2025-05-20T12:33:21Z,2025-05-20T12:31:00Z,ARR,goo,2.0
35,True,True,QUÉBEC,OTTAWA,2025-05-20,2,Charny,CHNY,2025-05-20T12:44:00Z,2025-05-20T12:40:00Z,ARR,goo,4.0
35,True,True,QUÉBEC,OTTAWA,2025-05-20,3,Drummondville,DRMV,2025-05-20T14:32:42Z,2025-05-20T14:14:00Z,ARR,bad,18.0
35,True,True,QUÉBEC,OTTAWA,2025-05-20,4,St. Hyacinthe,SHYA,2025-05-20T15:08:09Z,2025-05-20T14:44:00Z,ARR,bad,24.0
35,True,True,QUÉBEC,OTTAWA,2025-05-20,5,St. Lambert,SLAM,2025-05-20T15:42:25Z,2025-05-20T15:11:00Z,ARR,bad,31.0
35,True,True,QUÉBEC,OTTAWA,2025-05-20,6,Montréal,MTRL,2025-05-20T15:57:24Z,2025-05-20T15:26:00Z,ARR,bad,31.0
35,True,True,QUÉBEC,OTTAWA,2025-05-20,7,Dorval,DORV,2025-05-20T16:48:53Z,2025-05-20T16:18:00Z,ARR,bad,30.0
35,True,True,QUÉBEC,OTTAWA,2025-05-20,8,Coteau,COTO,2025-05-20T17:24:50Z,2025-05-20T16:46:00Z,ARR,bad,38.0
35,True,True,QUÉBEC,OTTAWA,2025-05-20,9,Alexandria,ALEX,2025-05-20T17:55:38Z,2025-05-20T17:08:00Z,ARR,bad,47.0
35,True,True,QUÉBEC,OTTAWA,2025-05-20,10,Casselman,CSLM,2025-05-20T18:18:35Z,2025-05-20T17:31:00Z,ARR,bad,47.0
35,True,True,QUÉBEC,OTTAWA,2025-05-20,11,Ottawa,OTTW,2025-05-20T18:55:22Z,2025-05-20T17:58:00Z,ARR,bad,57.0
604,True,True,SENNETERRE,MONTRÉAL,2025-05-20,0,Senneterre,SENN,2025-05-20T10:28:00Z,2025-05-20T10:28:00Z,ARR,goo,0.0
604,True,True,SENNETERRE,MONTRÉAL,2025-05-20,1,Mégiscane,MEGI,2025-05-20T10:45:48Z,2025-05-20T10:42:00Z,ARR,goo,3.0
604,True,True,SENNETERRE,MONTRÉAL,2025-05-20,2,Signai,SIGN,2025-05-20T11:01:08Z,2025-05-20T10:58:00Z,ARR,goo,3.0
604,True,True,SENNETERRE,MONTRÉAL,2025-05-20,3,Press,PRSS,2025-05-20T11:09:08Z,2025-05-20T11:06:00Z,ARR,goo,3.0
604,True,True,SENNETERRE,MONTRÉAL,2025-05-20,4,Forsythe,FORS,2025-05-20T11:28:08Z,2025-05-20T11:25:00Z,ARR,goo,3.0
604,True,True,SENNETERRE,MONTRÉAL,2025-05-20,5,Bolger,BGQU,2025-05-20T11:35:08Z,2025-05-20T11:32:00Z,ARR,goo,3.0
604,True,True,SENNETERRE,MONTRÉAL,2025-05-20,6,Dix,DIXX,2025-05-20T11:46:08Z,2025-05-20T11:43:00Z,ARR,goo,3.0
604,True,True,SENNETERRE,MONTRÉAL,2025-05-20,7,Gagnon,GAGN,2025-05-20T11:50:08Z,2025-05-20T11:47:00Z,ARR,goo,3.0
604,True,True,SENNETERRE,MONTRÉAL,2025-05-20,8,Da-Rou-Lac Lodge,DRLL,2025-05-20T11:59:08Z,2025-05-20T11:56:00Z,ARR,goo,3.0
604,True,True,SENNETERRE,MONTRÉAL,2025-05-20,9,Langlade,LNGL,2025-05-20T12:00:14Z,2025-05-20T11:57:06Z,ARR,goo,3.0
604,True,True,SENNETERRE,MONTRÉAL,2025-05-20,10,Club Beaudin Inc.,BDNC,2025-05-20T12:07:08Z,2025-05-20T12:04:00Z,ARR,goo,3.0
604,True,True,SENNETERRE,MONTRÉAL,2025-05-20,11,Bourmont,BRMT,2025-05-20T12:12:08Z,2025-05-20T12:09:00Z,ARR,goo,3.0
604,True,True,SENNETERRE,MONTRÉAL,2025-05-20,12,Club Kapitachuan,KPTC,2025-05-20T12:14:08Z,2025-05-20T12:11:00Z,ARR,goo,3.0
604,True,True,SENNETERRE,MONTRÉAL,2025-05-20,13,Consolidated Bathurst,CBAT,2025-05-20T12:18:08Z,2025-05-20T12:15:00Z,ARR,goo,3.0
604,True,True,SENNETERRE,MONTRÉAL,2025-05-20,14,Monet,MNET,2025-05-20T12:25:08Z,2025-05-20T12:22:00Z,ARR,goo,3.0
604,True,True,SENNETERRE,MONTRÉAL,2025-05-20,15,Coquar,COQU,2025-05-20T12:36:08Z,2025-05-20T12:33:00Z,ARR,goo,3.0
604,True,True,SENNETERRE,MONTRÉAL,2025-05-20,16,Clova,CLOV,2025-05-20T12:45:08Z,2025-05-20T12:42:00Z,ARR,goo,3.0
604,True,True,SENNETERRE,MONTRÉAL,2025-05-20,17,Rivière Oskélanéo,OSKR,2025-05-20T12:58:08Z,2025-05-20T12:55:00Z,ARR,goo,3.0
604,True,True,SENNETERRE,MONTRÉAL,2025-05-20,18,Oskelaneo Lodge,OSKL,2025-05-20T13:10:08Z,2025-05-20T13:07:00Z,ARR,goo,3.0
604,True,True,SENNETERRE,MONTRÉAL,2025-05-20,19,Greening,GRNG,2025-05-20T13:18:08Z,2025-05-20T13:15:00Z,ARR,goo,3.0
604,True,True,SENNETERRE,MONTRÉAL,2025-05-20,20,Club Maniwawa,MWWC,2025-05-20T13:29:08Z,2025-05-20T13:26:00Z,ARR,goo,3.0
604,True,True,SENNETERRE,MONTRÉAL,2025-05-20,21,Strachan,STRN,2025-05-20T13:36:08Z,2025-05-20T13:33:00Z,ARR,goo,3.0
604,True,True,SENNETERRE,MONTRÉAL,2025-05-20,22,Club Rita Inc.,RTAC,2025-05-20T13:40:08Z,2025-05-20T13:37:00Z,ARR,goo,3.0
604,True,True,SENNETERRE,MONTRÉAL,2025-05-20,23,Timbrell,TIMB,2025-05-20T13:50:08Z,2025-05-20T13:47:00Z,ARR,goo,3.0
604,True,True,SENNETERRE,MONTRÉAL,2025-05-20,24,Parent,PARE,2025-05-20T14:10:08Z,2025-05-20T14:07:00Z,ARR,goo,3.0
604,True,True,SENNETERRE,MONTRÉAL,2025-05-20,25,Manjobagues,MJBG,2025-05-20T14:28:08Z,2025-05-20T14:25:00Z,ARR,goo,3.0
604,True,True,SENNETERRE,MONTRÉAL,2025-05-20,26,Club Sisco,SSCC,2025-05-20T14:36:08Z,2025-05-20T14:33:00Z,ARR,goo,3.0
604,True,True,SENNETERRE,MONTRÉAL,2025-05-20,27,Mccarthy,MCCA,2025-05-20T14:39:08Z,2025-05-20T14:36:00Z,ARR,goo,3.0
604,True,True,SENNETERRE,MONTRÉAL,2025-05-20,28,Casey,CASY,2025-05-20T14:54:08Z,2025-05-20T14:51:00Z,ARR,goo,3.0
604,True,True,SENNETERRE,MONTRÉAL,2025-05-20,29,Hibbard,HIBB,2025-05-20T15:07:08Z,2025-05-20T15:04:00Z,ARR,goo,3.0
604,True,True,SENNETERRE,MONTRÉAL,2025-05-20,30,Club Belanger,BLGC,2025-05-20T15:18:08Z,2025-05-20T15:15:00Z,ARR,goo,3.0
604,True,True,SENNETERRE,MONTRÉAL,2025-05-20,31,Cann,CANN,2025-05-20T15:24:08Z,2025-05-20T15:21:00Z,ARR,goo,3.0
604,True,True,SENNETERRE,MONTRÉAL,2025-05-20,32,Sanmaur,SANM,2025-05-20T15:31:08Z,2025-05-20T15:28:00Z,ARR,goo,3.0
604,True,True,SENNETERRE,MONTRÉAL,2025-05-20,33,Weymont,WYMT,2025-05-20T15:33:08Z,2025-05-20T15:30:00Z,ARR,goo,3.0
604,True,True,SENNETERRE,MONTRÉAL,2025-05-20,34,Saint-Maurice Rivière-Boom,SMRB,2025-05-20T15:36:08Z,2025-05-20T15:33:00Z,ARR,goo,3.0
604,True,True,SENNETERRE,MONTRÉAL,2025-05-20,35,Dessane,DESS,2025-05-20T15:45:08Z,2025-05-20T15:42:00Z,ARR,goo,3.0
604,True,True,SENNETERRE,MONTRÉAL,2025-05-20,36,Vandry,VDRY,2025-05-20T15:51:08Z,2025-05-20T15:48:00Z,ARR,goo,3.0
604,True,True,SENNETERRE,MONTRÉAL,2025-05-20,37,Club Wigwam,WGWC,2025-05-20T15:59:08Z,2025-05-20T15:56:00Z,ARR,goo,3.0
604,True,True,SENNETERRE,MONTRÉAL,2025-05-20,38,Ferguson,FERG,2025-05-20T16:05:08Z,2025-05-20T16:02:00Z,ARR,goo,3.0
604,True,True,SENNETERRE,MONTRÉAL,2025-05-20,39,Windigo,WNDG,2025-05-20T16:13:08Z,2025-05-20T16:10:00Z,ARR,goo,3.0
604,True,True,SENNETERRE,MONTRÉAL,2025-05-20,40,Mctavish,MCTC,2025-05-20T16:15:08Z,2025-05-20T16:12:00Z,ARR,goo,3.0
604,True,True,SENNETERRE,MONTRÉAL,2025-05-20,41,Duplessis,DUPL,2025-05-20T16:28:08Z,2025-05-20T16:25:00Z,ARR,goo,3.0
604,True,True,SENNETERRE,MONTRÉAL,2025-05-20,42,Lac-Darey,LDAR,2025-05-20T16:41:08Z,2025-05-20T16:38:00Z,ARR,goo,3.0
604,True,True,SENNETERRE,MONTRÉAL,2025-05-20,43,Rapide-Blanc,RAPB,2025-05-20T17:01:08Z,2025-05-20T16:58:00Z,ARR,goo,3.0
604,True,True,SENNETERRE,MONTRÉAL,2025-05-20,44,Club Vermillion,VMLC,2025-05-20T17:04:08Z,2025-05-20T17:01:00Z,ARR,goo,3.0
604,True,True,SENNETERRE,MONTRÉAL,2025-05-20,45,Cressman,CRSM,2025-05-20T17:11:08Z,2025-05-20T17:08:00Z,ARR,goo,3.0
604,True,True,SENNETERRE,MONTRÉAL,2025-05-20,46,Fitzpatrick,FITZ,2025-05-20T17:31:08Z,2025-05-20T17:28:00Z,ARR,goo,3.0
604,True,True,SENNETERRE,MONTRÉAL,2025-05-20,47,La Tuque,LTUQ,2025-05-20T19:11:43Z,2025-05-20T17:40:00Z,ARR,bad,91.0
604,True,True,SENNETERRE,MONTRÉAL,2025-05-20,48,Hervey,HERV,2025-05-20T20:48:00Z,2025-05-20T19:15:00Z,ARR,bad,93.0
604,True,True,SENNETERRE,MONTRÉAL,2025-05-20,49,Saint-Tite,STIT,2025-05-20T19:48:00Z,2025-05-20T19:48:00Z,ARR,goo,0.0
604,True,True,SENNETERRE,MONTRÉAL,2025-05-20,50,Garneau,GARN,2025-05-20T21:15:00Z,2025-05-20T20:02:00Z,ARR,bad,73.0
604,True,True,SENNETERRE,MONTRÉAL,2025-05-20,51,Grand-Mère,GMRE,2025-05-20T21:28:00Z,2025-05-20T20:15:00Z,ARR,bad,73.0
604,True,True,SENNETERRE,MONTRÉAL,2025-05-20,52,Shawinigan,SHWN,2025-05-20T21:49:00Z,2025-05-20T20:23:00Z,ARR,bad,86.0
604,True,True,SENNETERRE,MONTRÉAL,2025-05-20,53,Charette,CHRT,2025-05-20T22:12:00Z,2025-05-20T20:46:00Z,ARR,bad,86.0
604,True,True,SENNETERRE,MONTRÉAL,2025-05-20,54,St-Paulin,SPAU,2025-05-20T22:21:00Z,2025-05-20T20:55:00Z,ARR,bad,86.0
604,True,True,SENNETERRE,MONTRÉAL,2025-05-20,55,St-Justin,SJUS,2025-05-20T22:35:00Z,2025-05-20T21:09:00Z,ARR,bad,86.0
604,True,True,SENNETERRE,MONTRÉAL,2025-05-20,56,Joliette,JOLI,2025-05-20T23:04:00Z,2025-05-20T21:38:00Z,ARR,bad,86.0
604,True,True,SENNETERRE,MONTRÉAL,2025-05-20,57,Anjou,ANJO,2025-05-20T23:47:01Z,2025-05-20T22:21:01Z,ARR,bad,86.0
604,True,True,SENNETERRE,MONTRÉAL,2025-05-20,58,Sauvé,SAUV,2025-05-21T00:01:00Z,2025-05-20T22:35:00Z,ARR,bad,86.0
604,True,True,SENNETERRE,MONTRÉAL,2025-05-20,59,Montréal,MTRL,2025-05-21T01:12:00Z,2025-05-20T23:46:00Z,ARR,bad,86.0
41,True,True,OTTAWA,TORONTO,2025-05-20,0,Ottawa,OTTW,2025-05-20T09:21:01Z,2025-05-20T09:21:00Z,ARR,goo,0.0
41,True,True,OTTAWA,TORONTO,2025-05-20,1,Fallowfield,FALL,2025-05-20T09:37:16Z,2025-05-20T09:38:00Z,ARR,goo,0.0
41,True,True,OTTAWA,TORONTO,2025-05-20,2,Smiths Falls,SMTF,2025-05-20T10:06:54Z,2025-05-20T10:08:00Z,ARR,goo,-1.0
41,True,True,OTTAWA,TORONTO,2025-05-20,3,Brockville,BRKV,2025-05-20T10:40:37Z,2025-05-20T10:40:00Z,ARR,goo,0.0
41,True,True,OTTAWA,TORONTO,2025-05-20,4,Kingston,KGON,2025-05-20T11:33:24Z,2025-05-20T11:25:00Z,ARR,med,8.0
41,True,True,OTTAWA,TORONTO,2025-05-20,5,Napanee,NAPN,2025-05-20T12:00:16Z,2025-05-20T11:49:00Z,ARR,med,11.0
41,True,True,OTTAWA,TORONTO,2025-05-20,6,Belleville,BLVL,2025-05-20T12:28:04Z,2025-05-20T12:07:00Z,ARR,bad,21.0
41,True,True,OTTAWA,TORONTO,2025-05-20,7,Trenton Jct.,TRNJ,2025-05-20T12:43:06Z,2025-05-20T12:20:00Z,ARR,bad,23.0
41,True,True,OTTAWA,TORONTO,2025-05-20,8,Cobourg,CBRG,2025-05-20T13:17:10Z,2025-05-20T12:44:00Z,ARR,bad,33.0
41,True,True,OTTAWA,TORONTO,2025-05-20,9,Oshawa,OSHA,2025-05-20T14:00:54Z,2025-05-20T13:19:00Z,ARR,bad,41.0
41,True,True,OTTAWA,TORONTO,2025-05-20,10,Toronto,TRTO,2025-05-20T14:43:59Z,2025-05-20T14:02:00Z,ARR,bad,41.0
76,True,True,WINDSOR,TORONTO,2025-05-20,0,Windsor,WDON,2025-05-20T17:54:00Z,2025-05-20T17:46:00Z,ARR,med,8.0
76,True,True,WINDSOR,TORONTO,2025-05-20,1,Chatham,CHAT,2025-05-20T18:41:04Z,2025-05-20T18:28:00Z,ARR,med,13.0
76,True,True,WINDSOR,TORONTO,2025-05-20,2,Glencoe,GLNC,2025-05-20T19:23:50Z,2025-05-20T19:03:00Z,ARR,bad,20.0
76,True,True,WINDSOR,TORONTO,2025-05-20,3,London,LNDN,2025-05-20T19:55:40Z,2025-05-20T19:38:00Z,ARR,bad,17.0
76,True,True,WINDSOR,TORONTO,2025-05-20,4,Brantford,BRTF,2025-05-20T20:54:45Z,2025-05-20T20:39:00Z,ARR,bad,15.0
76,True,True,WINDSOR,TORONTO,2025-05-20,5,Aldershot,ALDR,2025-05-20T21:27:19Z,2025-05-20T21:10:00Z,ARR,bad,17.0
76,True,True,WINDSOR,TORONTO,2025-05-20,6,Oakville,OAKV,2025-05-20T21:42:04Z,2025-05-20T21:27:00Z,ARR,bad,15.0
76,True,True,WINDSOR,TORONTO,2025-05-20,7,Toronto,TRTO,2025-05-20T22:08:05Z,2025-05-20T21:53:00Z,ARR,bad,15.0
645,True,True,OTTAWA,TORONTO,2025-05-20,0,Ottawa,OTTW,2025-05-20T18:29:00Z,2025-05-20T18:29:00Z,ARR,goo,0.0
645,True,True,OTTAWA,TORONTO,2025-05-20,1,Fallowfield,FALL,2025-05-20T18:46:17Z,2025-05-20T18:49:00Z,ARR,goo,-2.0
645,True,True,OTTAWA,TORONTO,2025-05-20,2,Kingston,KGON,2025-05-20T20:38:32Z,2025-05-20T20:34:00Z,ARR,goo,4.0
645,True,True,OTTAWA,TORONTO,2025-05-20,3,Belleville,BLVL,2025-05-20T21:26:35Z,2025-05-20T21:15:00Z,ARR,med,11.0
645,True,True,OTTAWA,TORONTO,2025-05-20,4,Oshawa,OSHA,2025-05-20T22:46:50Z,2025-05-20T22:20:00Z,ARR,bad,26.0
645,True,True,OTTAWA,TORONTO,2025-05-20,5,Toronto,TRTO,2025-05-20T23:31:41Z,2025-05-20T23:15:00Z,ARR,bad,16.0
44,True,True,TORONTO,OTTAWA,2025-05-20,0,Toronto,TRTO,2025-05-20T18:23:51Z,2025-05-20T18:22:00Z,ARR,goo,1.0
44,True,True,TORONTO,OTTAWA,2025-05-20,1,Oshawa,OSHA,2025-05-20T18:59:11Z,2025-05-20T18:54:00Z,ARR,med,5.0
44,True,True,TORONTO,OTTAWA,2025-05-20,2,Kingston,KGON,2025-05-20T21:11:13Z,2025-05-20T20:32:00Z,ARR,bad,39.0
44,True,True,TORONTO,OTTAWA,2025-05-20,3,Brockville,BRKV,2025-05-20T22:06:23Z,2025-05-20T21:19:00Z,ARR,bad,47.0
44,True,True,TORONTO,OTTAWA,2025-05-20,4,Smiths Falls,SMTF,2025-05-20T22:49:16Z,2025-05-20T21:50:00Z,ARR,bad,59.0
44,True,True,TORONTO,OTTAWA,2025-05-20,5,Fallowfield,FALL,2025-05-20T23:32:02Z,2025-05-20T22:22:00Z,ARR,bad,70.0
44,True,True,TORONTO,OTTAWA,2025-05-20,6,Ottawa,OTTW,2025-05-20T23:51:38Z,2025-05-20T22:43:00Z,ARR,bad,68.0
26,True,True,OTTAWA,QUÉBEC,2025-05-20,0,Ottawa,OTTW,2025-05-20T18:17:00Z,2025-05-20T18:17:00Z,ARR,goo,0.0
26,True,True,OTTAWA,QUÉBEC,2025-05-20,1,Alexandria,ALEX,2025-05-20T18:59:35Z,2025-05-20T19:03:00Z,ARR,goo,-3.0
26,True,True,OTTAWA,QUÉBEC,2025-05-20,2,Coteau,COTO,2025-05-20T19:19:08Z,2025-05-20T19:26:00Z,ARR,goo,-6.0
26,True,True,OTTAWA,QUÉBEC,2025-05-20,3,Dorval,DORV,2025-05-20T19:45:45Z,2025-05-20T19:49:00Z,ARR,goo,-3.0
26,True,True,OTTAWA,QUÉBEC,2025-05-20,4,Montréal,MTRL,2025-05-20T20:10:01Z,2025-05-20T20:15:00Z,ARR,goo,-4.0
26,True,True,OTTAWA,QUÉBEC,2025-05-20,5,St. Lambert,SLAM,2025-05-20T21:01:55Z,2025-05-20T20:53:00Z,ARR,med,8.0
26,True,True,OTTAWA,QUÉBEC,2025-05-20,6,St. Hyacinthe,SHYA,2025-05-20T21:38:36Z,2025-05-20T21:20:00Z,ARR,bad,18.0
26,True,True,OTTAWA,QUÉBEC,2025-05-20,7,Drummondville,DRMV,2025-05-20T22:27:14Z,2025-05-20T22:05:00Z,ARR,bad,22.0
26,True,True,OTTAWA,QUÉBEC,2025-05-20,8,Charny,CHNY,2025-05-20T23:59:39Z,2025-05-20T23:44:00Z,ARR,bad,15.0
26,True,True,OTTAWA,QUÉBEC,2025-05-20,9,Ste-Foy,SFOY,2025-05-21T00:07:13Z,2025-05-20T23:52:00Z,ARR,bad,15.0
26,True,True,OTTAWA,QUÉBEC,2025-05-20,10,Québec,QBEC,2025-05-21T00:37:52Z,2025-05-21T00:19:00Z,ARR,bad,18.0
39,True,True,QUÉBEC,OTTAWA,2025-05-20,0,Québec,QBEC,2025-05-20T18:57:00Z,2025-05-20T18:57:00Z,ARR,goo,0.0
39,True,True,QUÉBEC,OTTAWA,2025-05-20,1,Ste-Foy,SFOY,2025-05-20T19:29:20Z,2025-05-20T19:22:00Z,ARR,med,7.0
39,True,True,QUÉBEC,OTTAWA,2025-05-20,2,Drummondville,DRMV,2025-05-20T21:18:30Z,2025-05-20T20:58:00Z,ARR,bad,20.0
39,True,True,QUÉBEC,OTTAWA,2025-05-20,3,St. Lambert,SLAM,2025-05-20T22:22:55Z,2025-05-20T21:57:00Z,ARR,bad,25.0
39,True,True,QUÉBEC,OTTAWA,2025-05-20,4,Montréal,MTRL,2025-05-20T22:40:20Z,2025-05-20T22:11:00Z,ARR,bad,29.0
39,True,True,QUÉBEC,OTTAWA,2025-05-20,5,Dorval,DORV,2025-05-20T23:23:24Z,2025-05-20T23:14:00Z,ARR,med,9.0
39,True,True,QUÉBEC,OTTAWA,2025-05-20,6,Coteau,COTO,2025-05-20T23:55:06Z,2025-05-20T23:43:00Z,ARR,med,12.0
39,True,True,QUÉBEC,OTTAWA,2025-05-20,7,Alexandria,ALEX,2025-05-21T00:15:05Z,2025-05-21T00:06:00Z,ARR,med,9.0
39,True,True,QUÉBEC,OTTAWA,2025-05-20,8,Ottawa,OTTW,2025-05-21T00:58:16Z,2025-05-21T00:51:00Z,ARR,med,7.0
46,True,True,TORONTO,OTTAWA,2025-05-20,0,Toronto,TRTO,2025-05-20T19:37:00Z,2025-05-20T19:37:00Z,ARR,goo,0.0
46,True,True,TORONTO,OTTAWA,2025-05-20,1,Oshawa,OSHA,2025-05-20T20:22:01Z,2025-05-20T20:09:00Z,ARR,med,13.0
46,True,True,TORONTO,OTTAWA,2025-05-20,2,Cobourg,CBRG,2025-05-20T21:04:30Z,2025-05-20T20:43:00Z,ARR,bad,21.0
46,True,True,TORONTO,OTTAWA,2025-05-20,3,Kingston,KGON,2025-05-20T22:29:23Z,2025-05-20T21:54:00Z,ARR,bad,35.0
46,True,True,TORONTO,OTTAWA,2025-05-20,4,Brockville,BRKV,2025-05-20T23:24:15Z,2025-05-20T22:40:00Z,ARR,bad,44.0
46,True,True,TORONTO,OTTAWA,2025-05-20,5,Fallowfield,FALL,2025-05-21T00:16:47Z,2025-05-20T23:40:00Z,ARR,bad,36.0
46,True,True,TORONTO,OTTAWA,2025-05-20,6,Ottawa,OTTW,2025-05-21T00:37:45Z,2025-05-21T00:00:00Z,ARR,bad,37.0
66,True,True,TORONTO,MONTRÉAL,2025-05-20,0,Toronto,TRTO,2025-05-20T19:28:10Z,2025-05-20T19:22:00Z,ARR,med,6.0
66,True,True,TORONTO,MONTRÉAL,2025-05-20,1,Guildwood,GUIL,2025-05-20T19:47:19Z,2025-05-20T19:40:00Z,ARR,med,7.0
66,True,True,TORONTO,MONTRÉAL,2025-05-20,2,Oshawa,OSHA,2025-05-20T20:13:49Z,2025-05-20T19:54:00Z,ARR,bad,19.0
66,True,True,TORONTO,MONTRÉAL,2025-05-20,3,Belleville,BLVL,2025-05-20T21:16:49Z,2025-05-20T21:00:00Z,ARR,bad,16.0
66,True,True,TORONTO,MONTRÉAL,2025-05-20,4,Kingston,KGON,2025-05-20T21:54:34Z,2025-05-20T21:40:00Z,ARR,med,14.0
66,True,True,TORONTO,MONTRÉAL,2025-05-20,5,Cornwall,CWLL,2025-05-20T23:23:46Z,2025-05-20T23:07:00Z,ARR,bad,16.0
66,True,True,TORONTO,MONTRÉAL,2025-05-20,6,Dorval,DORV,2025-05-21T00:15:28Z,2025-05-20T23:58:00Z,ARR,bad,17.0
66,True,True,TORONTO,MONTRÉAL,2025-05-20,7,Montréal,MTRL,2025-05-21T00:50:30Z,2025-05-21T00:25:00Z,ARR,bad,25.0
83,True,True,TORONTO,LONDON,2025-05-20,0,Toronto,TRTO,2025-05-20T20:15:00Z,2025-05-20T20:15:00Z,ARR,goo,0.0
83,True,True,TORONTO,LONDON,2025-05-20,1,Aldershot,ALDR,2025-05-20T20:56:19Z,2025-05-20T20:50:00Z,ARR,med,6.0
83,True,True,TORONTO,LONDON,2025-05-20,2,Brantford,BRTF,2025-05-20T21:26:52Z,2025-05-20T21:20:00Z,ARR,med,6.0
83,True,True,TORONTO,LONDON,2025-05-20,3,Woodstock,WDST,2025-05-20T21:55:26Z,2025-05-20T21:48:00Z,ARR,med,7.0
83,True,True,TORONTO,LONDON,2025-05-20,4,London,LNDN,2025-05-20T22:45:40Z,2025-05-20T22:27:00Z,ARR,bad,18.0
28,True,True,OTTAWA,QUÉBEC,2025-05-20,0,Ottawa,OTTW,2025-05-20T20:05:00Z,2025-05-20T20:05:00Z,ARR,goo,0.0
28,True,True,OTTAWA,QUÉBEC,2025-05-20,1,Casselman,CSLM,2025-05-20T20:35:52Z,2025-05-20T20:31:00Z,ARR,goo,4.0
28,True,True,OTTAWA,QUÉBEC,2025-05-20,2,Alexandria,ALEX,2025-05-20T20:58:34Z,2025-05-20T20:53:00Z,ARR,med,5.0
28,True,True,OTTAWA,QUÉBEC,2025-05-20,3,Coteau,COTO,2025-05-20T21:20:46Z,2025-05-20T21:15:00Z,ARR,med,5.0
28,True,True,OTTAWA,QUÉBEC,2025-05-20,4,Dorval,DORV,2025-05-20T21:50:50Z,2025-05-20T21:38:00Z,ARR,med,12.0
28,True,True,OTTAWA,QUÉBEC,2025-05-20,5,Montréal,MTRL,2025-05-20T22:16:09Z,2025-05-20T22:04:00Z,ARR,med,12.0
28,True,True,OTTAWA,QUÉBEC,2025-05-20,6,St. Lambert,SLAM,2025-05-20T22:57:28Z,2025-05-20T22:38:00Z,ARR,bad,19.0
28,True,True,OTTAWA,QUÉBEC,2025-05-20,7,St. Hyacinthe,SHYA,2025-05-20T23:31:22Z,2025-05-20T23:06:00Z,ARR,bad,25.0
28,True,True,OTTAWA,QUÉBEC,2025-05-20,8,Drummondville,DRMV,2025-05-21T00:13:53Z,2025-05-20T23:52:00Z,ARR,bad,21.0
28,True,True,OTTAWA,QUÉBEC,2025-05-20,9,Charny,CHNY,2025-05-21T01:46:36Z,2025-05-21T01:14:00Z,ARR,bad,32.0
28,True,True,OTTAWA,QUÉBEC,2025-05-20,10,Ste-Foy,SFOY,2025-05-21T01:55:01Z,2025-05-21T01:21:00Z,ARR,bad,34.0
28,True,True,OTTAWA,QUÉBEC,2025-05-20,11,Québec,QBEC,2025-05-21T02:25:48Z,2025-05-21T01:48:00Z,ARR,bad,37.0
69,True,True,MONTRÉAL,TORONTO,2025-05-20,0,Montréal,MTRL,2025-05-20T20:38:00Z,2025-05-20T20:38:00Z,ARR,goo,0.0
69,True,True,MONTRÉAL,TORONTO,2025-05-20,1,Dorval,DORV,2025-05-20T21:06:48Z,2025-05-20T21:04:00Z,ARR,goo,2.0
69,True,True,MONTRÉAL,TORONTO,2025-05-20,2,Cornwall,CWLL,2025-05-20T22:03:28Z,2025-05-20T21:53:00Z,ARR,med,10.0
69,True,True,MONTRÉAL,TORONTO,2025-05-20,3,Brockville,BRKV,2025-05-20T22:51:02Z,2025-05-20T22:40:00Z,ARR,med,11.0
69,True,True,MONTRÉAL,TORONTO,2025-05-20,4,Kingston,KGON,2025-05-20T23:41:45Z,2025-05-20T23:24:00Z,ARR,bad,17.0
69,True,True,MONTRÉAL,TORONTO,2025-05-20,5,Oshawa,OSHA,2025-05-21T01:46:30Z,2025-05-21T01:05:00Z,ARR,bad,41.0
69,True,True,MONTRÉAL,TORONTO,2025-05-20,6,Guildwood,GUIL,2025-05-21T02:10:59Z,2025-05-21T01:28:00Z,ARR,bad,42.0
69,True,True,MONTRÉAL,TORONTO,2025-05-20,7,Toronto,TRTO,2025-05-21T02:29:20Z,2025-05-21T01:48:00Z,ARR,bad,41.0
68,True,True,TORONTO,MONTRÉAL,2025-05-20,0,Toronto,TRTO,2025-05-20T21:08:38Z,2025-05-20T21:07:00Z,ARR,goo,1.0
68,True,True,TORONTO,MONTRÉAL,2025-05-20,1,Oshawa,OSHA,2025-05-20T21:49:13Z,2025-05-20T21:39:00Z,ARR,med,10.0
68,True,True,TORONTO,MONTRÉAL,2025-05-20,2,Cobourg,CBRG,2025-05-20T22:24:06Z,2025-05-20T22:14:00Z,ARR,med,10.0
68,True,True,TORONTO,MONTRÉAL,2025-05-20,3,Belleville,BLVL,2025-05-20T22:58:20Z,2025-05-20T22:49:00Z,ARR,med,9.0
68,True,True,TORONTO,MONTRÉAL,2025-05-20,4,Kingston,KGON,2025-05-20T23:35:12Z,2025-05-20T23:26:00Z,ARR,med,9.0
68,True,True,TORONTO,MONTRÉAL,2025-05-20,5,Brockville,BRKV,2025-05-21T00:22:58Z,2025-05-21T00:11:00Z,ARR,med,11.0
68,True,True,TORONTO,MONTRÉAL,2025-05-20,6,Cornwall,CWLL,2025-05-21T01:07:23Z,2025-05-21T00:57:00Z,ARR,med,10.0
68,True,True,TORONTO,MONTRÉAL,2025-05-20,7,Dorval,DORV,2025-05-21T01:52:14Z,2025-05-21T01:47:00Z,ARR,med,5.0
68,True,True,TORONTO,MONTRÉAL,2025-05-20,8,Montréal,MTRL,2025-05-21T02:16:28Z,2025-05-21T02:14:00Z,ARR,goo,2.0
54,True,True,TORONTO,OTTAWA,2025-05-20,0,Toronto,TRTO,2025-05-20T21:41:48Z,2025-05-20T21:37:00Z,ARR,goo,4.0
54,True,True,TORONTO,OTTAWA,2025-05-20,1,Guildwood,GUIL,2025-05-20T21:59:35Z,2025-05-20T21:55:00Z,ARR,goo,4.0
54,True,True,TORONTO,OTTAWA,2025-05-20,2,Oshawa,OSHA,2025-05-20T22:19:12Z,2025-05-20T22:08:00Z,ARR,med,11.0
54,True,True,TORONTO,OTTAWA,2025-05-20,3,Port Hope,PHOP,2025-05-20T22:46:21Z,2025-05-20T22:37:00Z,ARR,med,9.0
54,True,True,TORONTO,OTTAWA,2025-05-20,4,Cobourg,CBRG,2025-05-20T22:55:11Z,2025-05-20T22:46:00Z,ARR,med,9.0
54,True,True,TORONTO,OTTAWA,2025-05-20,5,Trenton Jct.,TRNJ,2025-05-20T23:21:17Z,2025-05-20T23:13:01Z,ARR,med,8.0
54,True,True,TORONTO,OTTAWA,2025-05-20,6,Belleville,BLVL,2025-05-20T23:34:23Z,2025-05-20T23:27:00Z,ARR,med,7.0
54,True,True,TORONTO,OTTAWA,2025-05-20,7,Napanee,NAPN,2025-05-20T23:53:43Z,2025-05-20T23:48:00Z,ARR,med,5.0
54,True,True,TORONTO,OTTAWA,2025-05-20,8,Kingston,KGON,2025-05-21T00:13:39Z,2025-05-21T00:09:00Z,ARR,goo,4.0
54,True,True,TORONTO,OTTAWA,2025-05-20,9,Brockville,BRKV,2025-05-21T01:01:12Z,2025-05-21T00:54:00Z,ARR,med,7.0
54,True,True,TORONTO,OTTAWA,2025-05-20,10,Smiths Falls,SMTF,2025-05-21T01:30:19Z,2025-05-21T01:25:00Z,ARR,med,5.0
54,True,True,TORONTO,OTTAWA,2025-05-20,11,Fallowfield,FALL,2025-05-21T01:55:33Z,2025-05-21T01:52:00Z,ARR,goo,3.0
54,True,True,TORONTO,OTTAWA,2025-05-20,12,Ottawa,OTTW,2025-05-21T02:16:18Z,2025-05-21T02:13:00Z,ARR,goo,3.0
75,True,True,TORONTO,WINDSOR,2025-05-20,0,Toronto,TRTO,2025-05-20T21:27:15Z,2025-05-20T21:22:00Z,ARR,med,5.0
75,True,True,TORONTO,WINDSOR,2025-05-20,1,Oakville,OAKV,2025-05-20T22:02:09Z,2025-05-20T21:45:00Z,ARR,bad,17.0
75,True,True,TORONTO,WINDSOR,2025-05-20,2,Aldershot,ALDR,2025-05-20T22:21:50Z,2025-05-20T22:01:00Z,ARR,bad,20.0
75,True,True,TORONTO,WINDSOR,2025-05-20,3,Brantford,BRTF,2025-05-20T22:57:38Z,2025-05-20T22:33:00Z,ARR,bad,24.0
75,True,True,TORONTO,WINDSOR,2025-05-20,4,Woodstock,WDST,2025-05-20T23:27:48Z,2025-05-20T23:04:00Z,ARR,bad,23.0
75,True,True,TORONTO,WINDSOR,2025-05-20,5,Ingersoll,INGR,2025-05-20T23:39:17Z,2025-05-20T23:19:00Z,ARR,bad,20.0
75,True,True,TORONTO,WINDSOR,2025-05-20,6,London,LNDN,2025-05-21T00:03:13Z,2025-05-20T23:47:00Z,ARR,bad,16.0
75,True,True,TORONTO,WINDSOR,2025-05-20,7,Glencoe,GLNC,2025-05-21T00:37:19Z,2025-05-21T00:21:00Z,ARR,bad,16.0
75,True,True,TORONTO,WINDSOR,2025-05-20,8,Chatham,CHAT,2025-05-21T01:17:48Z,2025-05-21T00:55:00Z,ARR,bad,22.0
75,True,True,TORONTO,WINDSOR,2025-05-20,9,Windsor,WDON,2025-05-21T02:06:47Z,2025-05-21T01:50:00Z,ARR,bad,16.0
98,True,True,NIAGARA FALLS,TORONTO,2025-05-20,0,Niagara Falls,NIAG,2025-05-20T21:45:00Z,2025-05-20T21:45:00Z,ARR,goo,0.0
98,True,True,NIAGARA FALLS,TORONTO,2025-05-20,1,St. Catharines,SCAT,2025-05-20T22:06:00Z,2025-05-20T22:06:00Z,ARR,goo,0.0
98,True,True,NIAGARA FALLS,TORONTO,2025-05-20,2,Grimsby,GRIM,2025-05-20T22:29:00Z,2025-05-20T22:26:00Z,ARR,goo,3.0
98,True,True,NIAGARA FALLS,TORONTO,2025-05-20,3,Aldershot,ALDR,2025-05-20T23:07:00Z,2025-05-20T23:02:00Z,ARR,med,5.0
98,True,True,NIAGARA FALLS,TORONTO,2025-05-20,4,Oakville,OAKV,2025-05-20T23:21:00Z,2025-05-20T23:16:00Z,ARR,med,5.0
98,True,True,NIAGARA FALLS,TORONTO,2025-05-20,5,Toronto,TRTO,2025-05-20T23:43:00Z,2025-05-20T23:43:00Z,ARR,goo,0.0
87,True,True,TORONTO,SARNIA,2025-05-20,0,Toronto,TRTO,2025-05-20T21:41:49Z,2025-05-20T21:40:00Z,ARR,goo,1.0
87,True,True,TORONTO,SARNIA,2025-05-20,1,Malton,MALT,2025-05-20T22:00:20Z,2025-05-20T22:00:00Z,ARR,goo,0.0
87,True,True,TORONTO,SARNIA,2025-05-20,2,Brampton,BRMP,2025-05-20T22:09:04Z,2025-05-20T22:12:00Z,ARR,goo,-2.0
87,True,True,TORONTO,SARNIA,2025-05-20,3,Georgetown,GEOR,2025-05-20T22:23:39Z,2025-05-20T22:24:00Z,ARR,goo,0.0
87,True,True,TORONTO,SARNIA,2025-05-20,4,Guelph,GUEL,2025-05-20T22:50:00Z,2025-05-20T22:49:00Z,ARR,goo,1.0
87,True,True,TORONTO,SARNIA,2025-05-20,5,Kitchener,KITC,2025-05-20T23:17:52Z,2025-05-20T23:16:00Z,ARR,goo,1.0
87,True,True,TORONTO,SARNIA,2025-05-20,6,Stratford,STRF,2025-05-21T00:05:23Z,2025-05-20T23:57:00Z,ARR,med,8.0
87,True,True,TORONTO,SARNIA,2025-05-20,7,St.Marys,SMYS,2025-05-21T00:33:41Z,2025-05-21T00:25:00Z,ARR,med,8.0
87,True,True,TORONTO,SARNIA,2025-05-20,8,London,LNDN,2025-05-21T01:22:17Z,2025-05-21T01:13:00Z,ARR,med,9.0
87,True,True,TORONTO,SARNIA,2025-05-20,9,Strathroy,STRR,2025-05-21T01:45:39Z,2025-05-21T01:39:00Z,ARR,med,6.0
87,True,True,TORONTO,SARNIA,2025-05-20,10,Wyoming,WYOM,2025-05-21T02:11:49Z,2025-05-21T02:07:00Z,ARR,goo,4.0
87,True,True,TORONTO,SARNIA,2025-05-20,11,Sarnia,SARN,2025-05-21T02:29:16Z,2025-05-21T02:24:00Z,ARR,med,5.0
29,True,True,QUÉBEC,MONTRÉAL,2025-05-20,0,Québec,QBEC,2025-05-20T21:44:14Z,2025-05-20T21:41:00Z,ARR,goo,3.0
29,True,True,QUÉBEC,MONTRÉAL,2025-05-20,1,Ste-Foy,SFOY,2025-05-20T22:17:32Z,2025-05-20T22:06:00Z,ARR,med,11.0
29,True,True,QUÉBEC,MONTRÉAL,2025-05-20,2,Drummondville,DRMV,2025-05-21T00:07:20Z,2025-05-20T23:42:00Z,ARR,bad,25.0
29,True,True,QUÉBEC,MONTRÉAL,2025-05-20,3,St. Hyacinthe,SHYA,2025-05-21T01:08:14Z,2025-05-21T00:18:00Z,ARR,bad,50.0
29,True,True,QUÉBEC,MONTRÉAL,2025-05-20,4,St. Lambert,SLAM,2025-05-21T01:44:55Z,2025-05-21T00:45:00Z,ARR,bad,59.0
29,True,True,QUÉBEC,MONTRÉAL,2025-05-20,5,Montréal,MTRL,2025-05-21T01:59:03Z,2025-05-21T01:00:00Z,ARR,bad,59.0
668,True,True,TORONTO,MONTRÉAL,2025-05-20,0,Toronto,TRTO,2025-05-20T22:22:55Z,2025-05-20T22:07:00Z,ARR,bad,15.0
668,True,True,TORONTO,MONTRÉAL,2025-05-20,1,Guildwood,GUIL,2025-05-20T22:47:23Z,2025-05-20T22:25:00Z,ARR,bad,22.0
668,True,True,TORONTO,MONTRÉAL,2025-05-20,2,Oshawa,OSHA,2025-05-20T23:17:48Z,2025-05-20T22:39:00Z,ARR,bad,38.0
668,True,True,TORONTO,MONTRÉAL,2025-05-20,3,Kingston,KGON,2025-05-21T00:51:23Z,2025-05-21T00:22:00Z,ARR,bad,29.0
668,True,True,TORONTO,MONTRÉAL,2025-05-20,4,Cornwall,CWLL,2025-05-21T02:17:30Z,2025-05-21T01:49:00Z,ARR,bad,28.0
668,True,True,TORONTO,MONTRÉAL,2025-05-20,5,Dorval,DORV,2025-05-21T03:04:47Z,2025-05-21T02:38:00Z,ARR,bad,26.0
668,True,True,TORONTO,MONTRÉAL,2025-05-20,6,Montréal,MTRL,2025-05-21T03:27:48Z,2025-05-21T03:04:00Z,ARR,bad,23.0
59,True,True,OTTAWA,TORONTO,2025-05-20,0,Ottawa,OTTW,2025-05-20T22:03:00Z,2025-05-20T22:03:00Z,ARR,goo,0.0
59,True,True,OTTAWA,TORONTO,2025-05-20,1,Fallowfield,FALL,2025-05-20T22:19:44Z,2025-05-20T22:20:00Z,ARR,goo,0.0
59,True,True,OTTAWA,TORONTO,2025-05-20,2,Smiths Falls,SMTF,2025-05-20T22:49:19Z,2025-05-20T22:51:00Z,ARR,goo,-1.0
59,True,True,OTTAWA,TORONTO,2025-05-20,3,Brockville,BRKV,2025-05-20T23:37:31Z,2025-05-20T23:25:00Z,ARR,med,12.0
59,True,True,OTTAWA,TORONTO,2025-05-20,4,Kingston,KGON,2025-05-21T00:30:32Z,2025-05-21T00:10:00Z,ARR,bad,20.0
59,True,True,OTTAWA,TORONTO,2025-05-20,5,Belleville,BLVL,2025-05-21T01:18:05Z,2025-05-21T00:51:00Z,ARR,bad,27.0
59,True,True,OTTAWA,TORONTO,2025-05-20,6,Trenton Jct.,TRNJ,2025-05-21T01:31:13Z,2025-05-21T01:05:00Z,ARR,bad,26.0
59,True,True,OTTAWA,TORONTO,2025-05-20,7,Cobourg,CBRG,2025-05-21T02:02:56Z,2025-05-21T01:31:00Z,ARR,bad,31.0
59,True,True,OTTAWA,TORONTO,2025-05-20,8,Oshawa,OSHA,2025-05-21T02:43:32Z,2025-05-21T02:05:00Z,ARR,bad,38.0
59,True,True,OTTAWA,TORONTO,2025-05-20,9,Guildwood,GUIL,2025-05-21T03:03:40Z,2025-05-21T02:28:00Z,ARR,bad,35.0
59,True,True,OTTAWA,TORONTO,2025-05-20,10,Toronto,TRTO,2025-05-21T03:28:35Z,2025-05-21T02:48:00Z,ARR,bad,40.0
78,True,True,WINDSOR,TORONTO,2025-05-20,0,Windsor,WDON,2025-05-20T21:40:20Z,2025-05-20T21:40:00Z,ARR,goo,0.0
78,True,True,WINDSOR,TORONTO,2025-05-20,1,Chatham,CHAT,2025-05-20T22:32:09Z,2025-05-20T22:24:00Z,ARR,med,8.0
78,True,True,WINDSOR,TORONTO,2025-05-20,2,Glencoe,GLNC,2025-05-20T23:14:18Z,2025-05-20T22:59:00Z,ARR,bad,15.0
78,True,True,WINDSOR,TORONTO,2025-05-20,3,London,LNDN,2025-05-20T23:45:05Z,2025-05-20T23:32:00Z,ARR,med,13.0
78,True,True,WINDSOR,TORONTO,2025-05-20,4,Ingersoll,INGR,2025-05-21T00:09:51Z,2025-05-20T23:57:00Z,ARR,med,12.0
78,True,True,WINDSOR,TORONTO,2025-05-20,5,Woodstock,WDST,2025-05-21T00:22:00Z,2025-05-21T00:08:00Z,ARR,med,14.0
78,True,True,WINDSOR,TORONTO,2025-05-20,6,Brantford,BRTF,2025-05-21T00:52:01Z,2025-05-21T00:39:00Z,ARR,med,13.0
78,True,True,WINDSOR,TORONTO,2025-05-20,7,Aldershot,ALDR,2025-05-21T01:23:23Z,2025-05-21T01:09:00Z,ARR,med,14.0
78,True,True,WINDSOR,TORONTO,2025-05-20,8,Oakville,OAKV,2025-05-21T01:38:20Z,2025-05-21T01:24:00Z,ARR,med,14.0
78,True,True,WINDSOR,TORONTO,2025-05-20,9,Toronto,TRTO,2025-05-21T02:10:34Z,2025-05-21T01:50:00Z,ARR,bad,20.0
38,True,True,OTTAWA,MONTRÉAL,2025-05-20,0,Ottawa,OTTW,2025-05-20T21:55:00Z,2025-05-20T21:55:00Z,ARR,goo,0.0
38,True,True,OTTAWA,MONTRÉAL,2025-05-20,1,Casselman,CSLM,2025-05-20T22:21:28Z,2025-05-20T22:26:00Z,ARR,goo,-4.0
38,True,True,OTTAWA,MONTRÉAL,2025-05-20,2,Alexandria,ALEX,2025-05-20T22:54:00Z,2025-05-20T22:49:00Z,ARR,med,5.0
38,True,True,OTTAWA,MONTRÉAL,2025-05-20,3,Dorval,DORV,2025-05-20T23:46:29Z,2025-05-20T23:33:00Z,ARR,med,13.0
38,True,True,OTTAWA,MONTRÉAL,2025-05-20,4,Montréal,MTRL,2025-05-21T00:11:34Z,2025-05-20T23:57:00Z,ARR,med,14.0
669,True,False,MONTRÉAL,TORONTO,2025-05-20,0,Montréal,MTRL,2025-05-20T22:09:00Z,2025-05-20T22:09:00Z,ARR,goo,0.0
669,True,False,MONTRÉAL,TORONTO,2025-05-20,1,Dorval,DORV,2025-05-20T22:34:44Z,2025-05-20T22:34:00Z,ARR,goo,0.0
669,True,False,MONTRÉAL,TORONTO,2025-05-20,2,Cornwall,CWLL,2025-05-20T23:32:11Z,2025-05-20T23:26:00Z,ARR,med,6.0
669,True,False,MONTRÉAL,TORONTO,2025-05-20,3,Kingston,KGON,2025-05-21T01:12:45Z,2025-05-21T00:52:00Z,ARR,bad,20.0
669,True,False,MONTRÉAL,TORONTO,2025-05-20,4,Oshawa,OSHA,2025-05-21T03:16:02Z,2025-05-21T02:35:00Z,ARR,bad,41.0
669,True,False,MONTRÉAL,TORONTO,2025-05-20,5,Toronto,TRTO,2025-05-21T03:55:11Z,2025-05-21T03:18:00Z,5 mins,bad,37.0
48,True,True,TORONTO,OTTAWA,2025-05-20,0,Toronto,TRTO,2025-05-20T22:42:56Z,2025-05-20T22:37:00Z,ARR,med,5.0
48,True,True,TORONTO,OTTAWA,2025-05-20,1,Oshawa,OSHA,2025-05-20T23:25:49Z,2025-05-20T23:08:00Z,ARR,bad,17.0
48,True,True,TORONTO,OTTAWA,2025-05-20,2,Port Hope,PHOP,2025-05-20T23:53:15Z,2025-05-20T23:36:00Z,ARR,bad,17.0
48,True,True,TORONTO,OTTAWA,2025-05-20,3,Cobourg,CBRG,2025-05-21T00:01:23Z,2025-05-20T23:45:00Z,ARR,bad,16.0
48,True,True,TORONTO,OTTAWA,2025-05-20,4,Trenton Jct.,TRNJ,2025-05-21T00:27:41Z,2025-05-21T00:12:01Z,ARR,bad,15.0
48,True,True,TORONTO,OTTAWA,2025-05-20,5,Belleville,BLVL,2025-05-21T00:41:41Z,2025-05-21T00:25:00Z,ARR,bad,16.0
48,True,True,TORONTO,OTTAWA,2025-05-20,6,Napanee,NAPN,2025-05-21T01:01:22Z,2025-05-21T00:46:00Z,ARR,bad,15.0
48,True,True,TORONTO,OTTAWA,2025-05-20,7,Kingston,KGON,2025-05-21T01:18:09Z,2025-05-21T01:06:00Z,ARR,med,12.0
48,True,True,TORONTO,OTTAWA,2025-05-20,8,Gananoque,GANA,2025-05-21T01:40:24Z,2025-05-21T01:28:00Z,ARR,med,12.0
48,True,True,TORONTO,OTTAWA,2025-05-20,9,Brockville,BRKV,2025-05-21T02:06:15Z,2025-05-21T01:53:00Z,ARR,med,13.0
48,True,True,TORONTO,OTTAWA,2025-05-20,10,Smiths Falls,SMTF,2025-05-21T02:37:44Z,2025-05-21T02:24:00Z,ARR,med,13.0
48,True,True,TORONTO,OTTAWA,2025-05-20,11,Fallowfield,FALL,2025-05-21T03:02:57Z,2025-05-21T02:51:00Z,ARR,med,11.0
48,True,True,TORONTO,OTTAWA,2025-05-20,12,Ottawa,OTTW,2025-05-21T03:21:57Z,2025-05-21T03:11:00Z,ARR,med,10.0
79,True,False,TORONTO,WINDSOR,2025-05-20,0,Toronto,TRTO,2025-05-20T23:46:01Z,2025-05-20T23:45:00Z,ARR,goo,1.0
79,True,False,TORONTO,WINDSOR,2025-05-20,1,Oakville,OAKV,2025-05-21T00:13:35Z,2025-05-21T00:07:00Z,ARR,med,6.0
79,True,False,TORONTO,WINDSOR,2025-05-20,2,Aldershot,ALDR,2025-05-21T00:30:08Z,2025-05-21T00:22:00Z,ARR,med,8.0
79,True,False,TORONTO,WINDSOR,2025-05-20,3,Brantford,BRTF,2025-05-21T01:02:54Z,2025-05-21T00:50:00Z,ARR,med,12.0
79,True,False,TORONTO,WINDSOR,2025-05-20,4,Woodstock,WDST,2025-05-21T01:32:43Z,2025-05-21T01:17:00Z,ARR,bad,15.0
79,True,False,TORONTO,WINDSOR,2025-05-20,5,Ingersoll,INGR,2025-05-21T01:43:45Z,2025-05-21T01:30:00Z,ARR,med,13.0
79,True,False,TORONTO,WINDSOR,2025-05-20,6,London,LNDN,2025-05-21T02:05:04Z,2025-05-21T01:52:00Z,ARR,med,13.0
79,True,False,TORONTO,WINDSOR,2025-05-20,7,Glencoe,GLNC,2025-05-21T02:40:53Z,2025-05-21T02:25:00Z,ARR,bad,15.0
79,True,False,TORONTO,WINDSOR,2025-05-20,8,Chatham,CHAT,2025-05-21T03:26:52Z,2025-05-21T02:57:00Z,ARR,bad,29.0
79,True,False,TORONTO,WINDSOR,2025-05-20,9,Windsor,WDON,2025-05-21T04:15:05Z,2025-05-21T03:44:00Z,25 mins,bad,31.0
690,True,False,CHURCHILL,THE PAS,2025-05-20,0,Churchill,CHUR,2025-05-21T01:30:35Z,2025-05-21T01:30:00Z,ARR,goo,0.0
690,True,False,CHURCHILL,THE PAS,2025-05-20,1,Tidal,TIDL,2025-05-21T01:56:45Z,2025-05-21T01:52:00Z,ARR,goo,4.0
690,True,False,CHURCHILL,THE PAS,2025-05-20,2,Chesnaye,CHES,2025-05-21T02:51:18Z,2025-05-21T02:38:00Z,ARR,med,13.0
690,True,False,CHURCHILL,THE PAS,2025-05-20,3,M'Clintock,MCLI,2025-05-21T04:07:18Z,2025-05-21T03:54:00Z,18 mins,med,13.0
690,True,False,CHURCHILL,THE PAS,2025-05-20,4,O'Day,ODAY,2025-05-21T04:52:18Z,2025-05-21T04:39:00Z,1h03,med,13.0
690,True,False,CHURCHILL,THE PAS,2025-05-20,5,Herchmer,HERC,2025-05-21T05:31:18Z,2025-05-21T05:18:00Z,1h42,med,13.0
690,True,False,CHURCHILL,THE PAS,2025-05-20,6,Thibaudeau,THIB,2025-05-21T06:57:18Z,2025-05-21T06:44:00Z,3h08,med,13.0
690,True,False,CHURCHILL,THE PAS,2025-05-20,7,Weir River,WEIR,2025-05-21T07:59:18Z,2025-05-21T07:46:00Z,4h10,med,13.0
690,True,False,CHURCHILL,THE PAS,2025-05-20,8,Amery,AMRY,2025-05-21T08:50:18Z,2025-05-21T08:37:00Z,5h01,med,13.0
690,True,False,CHURCHILL,THE PAS,2025-05-20,9,Bird,BIRD,2025-05-21T09:13:18Z,2025-05-21T09:00:00Z,5h24,med,13.0
690,True,False,CHURCHILL,THE PAS,2025-05-20,10,Gillam,GILL,2025-05-21T10:13:18Z,2025-05-21T10:00:00Z,6h24,med,13.0
690,True,False,CHURCHILL,THE PAS,2025-05-20,11,Wivenhoe,WVHO,2025-05-21T11:29:18Z,2025-05-21T11:16:00Z,7h40,med,13.0
690,True,False,CHURCHILL,THE PAS,2025-05-20,12,Ilford,ILFO,2025-05-21T12:06:18Z,2025-05-21T11:53:00Z,8h17,med,13.0
690,True,False,CHURCHILL,THE PAS,2025-05-20,13,Pit Siding,PITS,2025-05-21T13:07:18Z,2025-05-21T12:54:00Z,9h18,med,13.0
690,True,False,CHURCHILL,THE PAS,2025-05-20,14,Bridgar,BRGR,2025-05-21T14:29:18Z,2025-05-21T14:16:00Z,10h40,med,13.0
690,True,False,CHURCHILL,THE PAS,2025-05-20,15,Pikwitonei,PIKW,2025-05-21T14:40:18Z,2025-05-21T14:27:00Z,10h51,med,13.0
690,True,False,CHURCHILL,THE PAS,2025-05-20,16,Sipiwesk,SIPI,2025-05-21T15:07:18Z,2025-05-21T14:54:00Z,11h18,med,13.0
690,True,False,CHURCHILL,THE PAS,2025-05-20,17,Thompson,THOM,2025-05-21T16:43:18Z,2025-05-21T16:30:00Z,12h54,med,13.0
