train_id,departed,arrived,from,to,instance,stop_id,station,code,estimated,scheduled,eta,diff,diffMin
1 (10-22),True,False,TORONTO,VANCOUVER,2025-10-22,0,Toronto,TRTO,2025-10-22T13:55:00Z,2025-10-22T13:55:00Z,ARR,goo,0.0
1 (10-22),True,False,TORONTO,VANCOUVER,2025-10-22,1,Washago,WSHG,2025-10-22T16:29:39Z,2025-10-22T16:25:00Z,ARR,goo,4.0
1 (10-22),True,False,TORONTO,VANCOUVER,2025-10-22,2,South Parry,SPAR,2025-10-22T18:17:54Z,2025-10-22T18:27:00Z,ARR,goo,-9.0
1 (10-22),True,False,TORONTO,VANCOUVER,2025-10-22,3,Sudbury (Jct.),SUDJ,2025-10-22T20:42:13Z,2025-10-22T20:57:00Z,ARR,goo,-14.0
1 (10-22),True,False,TORONTO,VANCOUVER,2025-10-22,4,Capreol,CAPR,2025-10-22T21:19:21Z,2025-10-22T21:22:00Z,ARR,goo,-2.0
1 (10-22),True,False,TORONTO,VANCOUVER,2025-10-22,5,Laforest,LAFO,2025-10-22T22:57:10Z,2025-10-22T22:48:00Z,ARR,med,9.0
1 (10-22),True,False,TORONTO,VANCOUVER,2025-10-22,6,McKee's Camp,MCKC,2025-10-22T23:10:10Z,2025-10-22T23:01:00Z,ARR,med,9.0
1 (10-22),True,False,TORONTO,VANCOUVER,2025-10-22,7,Felix,FELX,2025-10-22T23:30:10Z,2025-10-22T23:21:00Z,ARR,med,9.0
1 (10-22),True,False,TORONTO,VANCOUVER,2025-10-22,8,Ruel,RUEL,2025-10-22T23:37:10Z,2025-10-22T23:28:00Z,ARR,med,9.0
1 (10-22),True,False,TORONTO,VANCOUVER,2025-10-22,9,Westree,WSTR,2025-10-23T00:08:47Z,2025-10-22T23:45:00Z,ARR,bad,23.0
1 (10-22),True,False,TORONTO,VANCOUVER,2025-10-22,10,Gogama,GOGA,2025-10-23T00:58:23Z,2025-10-23T00:18:00Z,ARR,bad,40.0
1 (10-22),True,False,TORONTO,VANCOUVER,2025-10-22,11,Foleyet,FOLE,2025-10-23T02:46:25Z,2025-10-23T02:44:00Z,ARR,goo,2.0
1 (10-22),True,False,TORONTO,VANCOUVER,2025-10-22,12,Elsas,ELSA,2025-10-23T03:47:28Z,2025-10-23T03:38:00Z,ARR,med,9.0
1 (10-22),True,False,TORONTO,VANCOUVER,2025-10-22,13,Oba,OBAX,2025-10-23T05:47:28Z,2025-10-23T05:38:00Z,ARR,med,9.0
1 (10-22),True,False,TORONTO,VANCOUVER,2025-10-22,14,Hornepayne,HNPN,2025-10-23T06:18:34Z,2025-10-23T06:29:00Z,ARR,goo,-10.0
1 (10-22),True,False,TORONTO,VANCOUVER,2025-10-22,15,Hillsport,HLSP,2025-10-23T08:07:10Z,2025-10-23T08:05:00Z,ARR,goo,2.0
1 (10-22),True,False,TORONTO,VANCOUVER,2025-10-22,16,Caramat,CARA,2025-10-23T08:51:00Z,2025-10-23T08:55:00Z,ARR,goo,-4.0
1 (10-22),True,False,TORONTO,VANCOUVER,2025-10-22,17,Longlac,LLAC,2025-10-23T09:28:57Z,2025-10-23T09:34:00Z,ARR,goo,-5.0
1 (10-22),True,False,TORONTO,VANCOUVER,2025-10-22,18,Nakina,NAKI,2025-10-23T10:03:36Z,2025-10-23T10:13:00Z,ARR,goo,-9.0
1 (10-22),True,False,TORONTO,VANCOUVER,2025-10-22,19,Auden,AUDN,2025-10-23T11:20:52Z,2025-10-23T11:19:00Z,ARR,goo,1.0
1 (10-22),True,False,TORONTO,VANCOUVER,2025-10-22,20,Ferland,FERL,2025-10-23T11:57:52Z,2025-10-23T11:56:00Z,ARR,goo,1.0
1 (10-22),True,False,TORONTO,VANCOUVER,2025-10-22,21,Mud River,MUDR,2025-10-23T12:06:52Z,2025-10-23T12:05:00Z,ARR,goo,1.0
1 (10-22),True,False,TORONTO,VANCOUVER,2025-10-22,22,Armstrong,ARMG,2025-10-23T12:30:33Z,2025-10-23T13:17:00Z,ARR,goo,-46.0
1 (10-22),True,False,TORONTO,VANCOUVER,2025-10-22,23,Collins,COLL,2025-10-23T13:08:05Z,2025-10-23T13:47:00Z,ARR,goo,-38.0
1 (10-22),True,False,TORONTO,VANCOUVER,2025-10-22,24,Allanwater Bridge,ALWB,2025-10-23T14:26:00Z,2025-10-23T14:26:00Z,ARR,goo,0.0
1 (10-22),True,False,TORONTO,VANCOUVER,2025-10-22,25,Flindt Landing,FLTL,2025-10-23T14:42:00Z,2025-10-23T14:42:00Z,ARR,goo,0.0
1 (10-22),True,False,TORONTO,VANCOUVER,2025-10-22,26,Savant Lake,SAVL,2025-10-23T14:59:00Z,2025-10-23T14:59:00Z,ARR,goo,0.0
1 (10-22),True,False,TORONTO,VANCOUVER,2025-10-22,27,Sioux Lookout,SLKT,2025-10-23T16:15:48Z,2025-10-23T16:25:00Z,ARR,goo,-9.0
1 (10-22),True,False,TORONTO,VANCOUVER,2025-10-22,28,Richan,RCHN,2025-10-23T17:57:42Z,2025-10-23T18:05:00Z,ARR,goo,-7.0
1 (10-22),True,False,TORONTO,VANCOUVER,2025-10-22,29,Red Lake Road,RLRX,2025-10-23T18:41:29Z,2025-10-23T18:41:00Z,ARR,goo,0.0
1 (10-22),True,False,TORONTO,VANCOUVER,2025-10-22,30,Canyon,CNYK,2025-10-23T19:07:40Z,2025-10-23T19:10:00Z,ARR,goo,-2.0
1 (10-22),True,False,TORONTO,VANCOUVER,2025-10-22,31,Farlane,FARL,2025-10-23T19:53:53Z,2025-10-23T19:47:00Z,ARR,med,6.0
1 (10-22),True,False,TORONTO,VANCOUVER,2025-10-22,32,Redditt,RDDT,2025-10-23T20:08:06Z,2025-10-23T20:23:00Z,ARR,goo,-14.0
1 (10-22),True,False,TORONTO,VANCOUVER,2025-10-22,33,Minaki,MNKI,2025-10-23T20:31:43Z,2025-10-23T20:44:00Z,ARR,goo,-12.0
1 (10-22),True,False,TORONTO,VANCOUVER,2025-10-22,34,Ottermere,OTTM,2025-10-23T20:47:04Z,2025-10-23T21:01:00Z,ARR,goo,-13.0
1 (10-22),True,False,TORONTO,VANCOUVER,2025-10-22,35,Malachi,MLCH,2025-10-23T20:50:14Z,2025-10-23T21:07:00Z,ARR,goo,-16.0
1 (10-22),True,False,TORONTO,VANCOUVER,2025-10-22,36,Copelands Landing,COPE,2025-10-23T20:50:36Z,2025-10-23T21:09:00Z,ARR,goo,-18.0
1 (10-22),True,False,TORONTO,VANCOUVER,2025-10-22,37,Rice Lake,RCLK,2025-10-23T20:59:01Z,2025-10-23T21:12:00Z,ARR,goo,-12.0
1 (10-22),True,False,TORONTO,VANCOUVER,2025-10-22,38,Winnitoba,WNTB,2025-10-23T21:13:04Z,2025-10-23T21:26:00Z,ARR,goo,-12.0
1 (10-22),True,False,TORONTO,VANCOUVER,2025-10-22,39,Ophir,OPHR,2025-10-23T21:07:04Z,2025-10-23T21:31:00Z,ARR,goo,-23.0
1 (10-22),True,False,TORONTO,VANCOUVER,2025-10-22,40,Brereton Lake,BRTL,2025-10-23T21:19:34Z,2025-10-23T21:49:00Z,ARR,goo,-29.0
1 (10-22),True,False,TORONTO,VANCOUVER,2025-10-22,41,Elma,ELMA,2025-10-23T21:48:29Z,2025-10-23T22:10:00Z,ARR,goo,-21.0
1 (10-22),True,False,TORONTO,VANCOUVER,2025-10-22,42,Winnipeg,WNPG,2025-10-23T23:20:12Z,2025-10-24T00:30:00Z,ARR,goo,-69.0
1 (10-22),True,False,TORONTO,VANCOUVER,2025-10-22,43,Portage La Prairie,PLPX,2025-10-24T05:18:08Z,2025-10-24T04:04:00Z,ARR,bad,74.0
1 (10-22),True,False,TORONTO,VANCOUVER,2025-10-22,44,Rivers,RVRS,2025-10-24T05:28:49Z,2025-10-24T06:31:00Z,ARR,goo,-62.0
1 (10-22),True,False,TORONTO,VANCOUVER,2025-10-22,45,Melville,MELV,2025-10-24T10:25:32Z,2025-10-24T10:54:00Z,ARR,goo,-28.0
1 (10-22),True,False,TORONTO,VANCOUVER,2025-10-22,46,Watrous,WATR,2025-10-24T15:10:43Z,2025-10-24T13:54:00Z,ARR,bad,76.0
1 (10-22),True,False,TORONTO,VANCOUVER,2025-10-22,47,Saskatoon,SASK,2025-10-24T16:09:51Z,2025-10-24T15:50:00Z,ARR,bad,19.0
1 (10-22),True,False,TORONTO,VANCOUVER,2025-10-22,48,Biggar,BIGG,2025-10-24T19:07:13Z,2025-10-24T18:29:00Z,ARR,bad,38.0
1 (10-22),True,False,TORONTO,VANCOUVER,2025-10-22,49,Unity,UNIT,2025-10-24T22:06:51Z,2025-10-24T19:44:00Z,ARR,bad,142.0
1 (10-22),True,False,TORONTO,VANCOUVER,2025-10-22,50,Wainwright,WAIN,2025-10-25T00:44:14Z,2025-10-24T22:33:00Z,ARR,bad,131.0
1 (10-22),True,False,TORONTO,VANCOUVER,2025-10-22,51,Viking,VKNG,2025-10-25T02:11:59Z,2025-10-24T23:26:00Z,ARR,bad,165.0
1 (10-22),True,False,TORONTO,VANCOUVER,2025-10-22,52,Edmonton,EDMO,2025-10-25T03:58:17Z,2025-10-25T02:50:00Z,ARR,bad,68.0
1 (10-22),True,False,TORONTO,VANCOUVER,2025-10-22,53,Evansburg,EVAN,2025-10-25T07:50:49Z,2025-10-25T07:29:00Z,ARR,bad,21.0
1 (10-22),True,False,TORONTO,VANCOUVER,2025-10-22,54,Edson,EDSN,2025-10-25T09:15:57Z,2025-10-25T08:52:00Z,ARR,bad,23.0
1 (10-22),True,False,TORONTO,VANCOUVER,2025-10-22,55,Hinton,HINT,2025-10-25T10:56:04Z,2025-10-25T09:58:00Z,ARR,bad,58.0
1 (10-22),True,False,TORONTO,VANCOUVER,2025-10-22,56,Jasper,JASP,2025-10-25T12:45:59Z,2025-10-25T12:30:00Z,ARR,bad,15.0
1 (10-22),True,False,TORONTO,VANCOUVER,2025-10-22,57,Valemount,VLMT,2025-10-25T19:14:06Z,2025-10-25T17:50:00Z,ARR,bad,84.0
1 (10-22),True,False,TORONTO,VANCOUVER,2025-10-22,58,Blue River,BLUE,2025-10-25T21:03:56Z,2025-10-25T20:36:00Z,ARR,bad,27.0
1 (10-22),True,False,TORONTO,VANCOUVER,2025-10-22,59,Clearwater,CLWT,2025-10-25T23:12:18Z,2025-10-25T22:45:00Z,ARR,bad,27.0
1 (10-22),True,False,TORONTO,VANCOUVER,2025-10-22,60,Kamloops North,KAMN,2025-10-26T01:10:50Z,2025-10-26T01:28:00Z,ARR,goo,-17.0
1 (10-22),True,False,TORONTO,VANCOUVER,2025-10-22,61,Ashcroft,ASHN,2025-10-26T04:12:39Z,2025-10-26T03:49:00Z,14 mins,bad,23.0
1 (10-22),True,False,TORONTO,VANCOUVER,2025-10-22,62,Boston Bar,BBAR,2025-10-26T06:59:39Z,2025-10-26T06:36:00Z,3h01,bad,23.0
1 (10-22),True,False,TORONTO,VANCOUVER,2025-10-22,63,Hope,HOPE,&mdash;,2025-10-26T08:06:00Z,&mdash;,,
1 (10-22),True,False,TORONTO,VANCOUVER,2025-10-22,64,Chilliwack,CHIL,&mdash;,2025-10-26T08:30:00Z,&mdash;,,
1 (10-22),True,False,TORONTO,VANCOUVER,2025-10-22,65,Abbotsford,ABBO,&mdash;,2025-10-26T09:00:00Z,&mdash;,,
1 (10-22),True,False,TORONTO,VANCOUVER,2025-10-22,66,Vancouver,VCVR,&mdash;,2025-10-26T15:00:00Z,&mdash;,,
692 (10-23),True,True,CHURCHILL,WINNIPEG,2025-10-23,0,Churchill,CHUR,2025-10-24T03:30:00Z,2025-10-24T01:30:00Z,ARR,bad,120.0
692 (10-23),True,True,CHURCHILL,WINNIPEG,2025-10-23,1,Tidal,TIDL,2025-10-24T04:00:44Z,2025-10-24T01:52:00Z,ARR,bad,128.0
692 (10-23),True,True,CHURCHILL,WINNIPEG,2025-10-23,2,Chesnaye,CHES,2025-10-24T05:16:28Z,2025-10-24T02:38:00Z,ARR,bad,158.0
692 (10-23),True,True,CHURCHILL,WINNIPEG,2025-10-23,3,M'Clintock,MCLI,2025-10-24T06:33:07Z,2025-10-24T03:54:00Z,ARR,bad,159.0
692 (10-23),True,True,CHURCHILL,WINNIPEG,2025-10-23,4,O'Day,ODAY,2025-10-24T07:50:25Z,2025-10-24T04:39:00Z,ARR,bad,191.0
692 (10-23),True,True,CHURCHILL,WINNIPEG,2025-10-23,5,Herchmer,HERC,2025-10-24T08:37:41Z,2025-10-24T05:18:00Z,ARR,bad,199.0
692 (10-23),True,True,CHURCHILL,WINNIPEG,2025-10-23,6,Thibaudeau,THIB,2025-10-24T10:00:44Z,2025-10-24T06:44:00Z,ARR,bad,196.0
692 (10-23),True,True,CHURCHILL,WINNIPEG,2025-10-23,7,Weir River,WEIR,2025-10-24T10:52:12Z,2025-10-24T07:46:00Z,ARR,bad,186.0
692 (10-23),True,True,CHURCHILL,WINNIPEG,2025-10-23,8,Amery,AMRY,2025-10-24T11:29:39Z,2025-10-24T08:37:00Z,ARR,bad,172.0
692 (10-23),True,True,CHURCHILL,WINNIPEG,2025-10-23,9,Bird,BIRD,2025-10-24T12:02:55Z,2025-10-24T09:00:00Z,ARR,bad,182.0
692 (10-23),True,True,CHURCHILL,WINNIPEG,2025-10-23,10,Gillam,GILL,2025-10-24T12:50:06Z,2025-10-24T10:00:00Z,ARR,bad,170.0
692 (10-23),True,True,CHURCHILL,WINNIPEG,2025-10-23,11,Wivenhoe,WVHO,2025-10-24T13:50:09Z,2025-10-24T11:16:00Z,ARR,bad,154.0
692 (10-23),True,True,CHURCHILL,WINNIPEG,2025-10-23,12,Ilford,ILFO,2025-10-24T14:28:26Z,2025-10-24T11:53:00Z,ARR,bad,155.0
692 (10-23),True,True,CHURCHILL,WINNIPEG,2025-10-23,13,Pit Siding,PITS,2025-10-24T15:42:28Z,2025-10-24T12:54:00Z,ARR,bad,168.0
692 (10-23),True,True,CHURCHILL,WINNIPEG,2025-10-23,14,Bridgar,BRGR,2025-10-24T17:04:28Z,2025-10-24T14:16:00Z,ARR,bad,168.0
692 (10-23),True,True,CHURCHILL,WINNIPEG,2025-10-23,15,Pikwitonei,PIKW,2025-10-24T17:15:28Z,2025-10-24T14:27:00Z,ARR,bad,168.0
692 (10-23),True,True,CHURCHILL,WINNIPEG,2025-10-23,16,Sipiwesk,SIPI,2025-10-24T17:42:28Z,2025-10-24T14:54:00Z,ARR,bad,168.0
692 (10-23),True,True,CHURCHILL,WINNIPEG,2025-10-23,17,Thompson,THOM,2025-10-24T21:08:15Z,2025-10-24T16:30:00Z,ARR,bad,278.0
692 (10-23),True,True,CHURCHILL,WINNIPEG,2025-10-23,18,Leven,LEVN,2025-10-25T00:19:37Z,2025-10-24T21:05:00Z,ARR,bad,194.0
692 (10-23),True,True,CHURCHILL,WINNIPEG,2025-10-23,19,Thicket Portage,THKP,2025-10-25T00:36:37Z,2025-10-24T21:22:00Z,ARR,bad,194.0
692 (10-23),True,True,CHURCHILL,WINNIPEG,2025-10-23,20,Hockin,HOCK,2025-10-25T00:51:37Z,2025-10-24T21:37:00Z,ARR,bad,194.0
692 (10-23),True,True,CHURCHILL,WINNIPEG,2025-10-23,21,Odhill,ODHI,2025-10-24T22:21:00Z,2025-10-24T22:21:00Z,ARR,goo,0.0
692 (10-23),True,True,CHURCHILL,WINNIPEG,2025-10-23,22,Lyddal,LYDD,2025-10-24T22:43:00Z,2025-10-24T22:43:00Z,ARR,goo,0.0
692 (10-23),True,True,CHURCHILL,WINNIPEG,2025-10-23,23,Wabowden,WBDN,2025-10-24T23:11:00Z,2025-10-24T23:11:00Z,ARR,goo,0.0
692 (10-23),True,True,CHURCHILL,WINNIPEG,2025-10-23,24,Pipun,PIPN,2025-10-24T23:34:00Z,2025-10-24T23:34:00Z,ARR,goo,0.0
692 (10-23),True,True,CHURCHILL,WINNIPEG,2025-10-23,25,Ponton,PNTN,2025-10-25T00:17:00Z,2025-10-25T00:17:00Z,ARR,goo,0.0
692 (10-23),True,True,CHURCHILL,WINNIPEG,2025-10-23,26,Turnbull,TURN,2025-10-25T00:49:00Z,2025-10-25T00:49:00Z,ARR,goo,0.0
692 (10-23),True,True,CHURCHILL,WINNIPEG,2025-10-23,27,Wekusko,WEKU,2025-10-25T03:33:11Z,2025-10-25T01:16:00Z,ARR,bad,137.0
692 (10-23),True,True,CHURCHILL,WINNIPEG,2025-10-23,28,Dyce,DYCE,2025-10-25T04:14:58Z,2025-10-25T02:00:00Z,ARR,bad,134.0
692 (10-23),True,True,CHURCHILL,WINNIPEG,2025-10-23,29,Dering,DERI,2025-10-25T04:49:19Z,2025-10-25T02:39:00Z,ARR,bad,130.0
692 (10-23),True,True,CHURCHILL,WINNIPEG,2025-10-23,30,Cormorant,CORM,2025-10-25T04:57:19Z,2025-10-25T02:47:00Z,ARR,bad,130.0
692 (10-23),True,True,CHURCHILL,WINNIPEG,2025-10-23,31,Halcrow,HALC,2025-10-25T05:08:19Z,2025-10-25T02:58:00Z,ARR,bad,130.0
692 (10-23),True,True,CHURCHILL,WINNIPEG,2025-10-23,32,Orok,OROK,2025-10-25T05:54:18Z,2025-10-25T03:52:00Z,ARR,bad,122.0
692 (10-23),True,True,CHURCHILL,WINNIPEG,2025-10-23,33,The Pas,TPAS,2025-10-25T06:30:38Z,2025-10-25T04:30:00Z,ARR,bad,120.0
692 (10-23),True,True,CHURCHILL,WINNIPEG,2025-10-23,34,Hudson Bay,HBAY,2025-10-25T11:06:14Z,2025-10-25T10:27:00Z,ARR,bad,39.0
692 (10-23),True,True,CHURCHILL,WINNIPEG,2025-10-23,35,Reserve,RSRV,2025-10-25T12:07:50Z,2025-10-25T11:09:00Z,ARR,bad,58.0
692 (10-23),True,True,CHURCHILL,WINNIPEG,2025-10-23,36,Endeavour,ENDV,2025-10-25T12:57:26Z,2025-10-25T11:55:00Z,ARR,bad,62.0
692 (10-23),True,True,CHURCHILL,WINNIPEG,2025-10-23,37,Sturgis,STGS,2025-10-25T13:34:54Z,2025-10-25T12:24:00Z,ARR,bad,70.0
692 (10-23),True,True,CHURCHILL,WINNIPEG,2025-10-23,38,Canora,CANO,2025-10-25T14:18:59Z,2025-10-25T13:08:00Z,ARR,bad,70.0
692 (10-23),True,True,CHURCHILL,WINNIPEG,2025-10-23,39,Mikado,MIKA,2025-10-25T14:40:37Z,2025-10-25T13:30:00Z,ARR,bad,70.0
692 (10-23),True,True,CHURCHILL,WINNIPEG,2025-10-23,40,Veregin,VERE,2025-10-25T14:52:16Z,2025-10-25T13:43:00Z,ARR,bad,69.0
692 (10-23),True,True,CHURCHILL,WINNIPEG,2025-10-23,41,Kamsack,KAMS,2025-10-25T15:03:39Z,2025-10-25T13:58:00Z,ARR,bad,65.0
692 (10-23),True,True,CHURCHILL,WINNIPEG,2025-10-23,42,Togo,TOGO,2025-10-25T15:39:58Z,2025-10-25T14:37:00Z,ARR,bad,62.0
692 (10-23),True,True,CHURCHILL,WINNIPEG,2025-10-23,43,Roblin,RBLN,2025-10-25T16:11:21Z,2025-10-25T15:14:00Z,ARR,bad,57.0
692 (10-23),True,True,CHURCHILL,WINNIPEG,2025-10-23,44,Grandview,GVIE,2025-10-25T17:21:57Z,2025-10-25T16:12:00Z,ARR,bad,69.0
692 (10-23),True,True,CHURCHILL,WINNIPEG,2025-10-23,45,Gilbert Plains,GLBP,2025-10-25T17:43:15Z,2025-10-25T16:32:00Z,ARR,bad,71.0
692 (10-23),True,True,CHURCHILL,WINNIPEG,2025-10-23,46,Dauphin,DAUP,2025-10-25T18:19:58Z,2025-10-25T16:56:00Z,ARR,bad,83.0
692 (10-23),True,True,CHURCHILL,WINNIPEG,2025-10-23,47,Ochre River,OCHR,2025-10-25T18:54:17Z,2025-10-25T17:20:00Z,ARR,bad,94.0
692 (10-23),True,True,CHURCHILL,WINNIPEG,2025-10-23,48,Laurier,LRIE,2025-10-25T19:10:59Z,2025-10-25T17:38:00Z,ARR,bad,92.0
692 (10-23),True,True,CHURCHILL,WINNIPEG,2025-10-23,49,Mccreary,MCCR,2025-10-25T19:29:18Z,2025-10-25T17:54:00Z,ARR,bad,95.0
692 (10-23),True,True,CHURCHILL,WINNIPEG,2025-10-23,50,Glenella,GLNA,2025-10-25T20:30:23Z,2025-10-25T18:34:00Z,ARR,bad,116.0
692 (10-23),True,True,CHURCHILL,WINNIPEG,2025-10-23,51,Plumas,PLUM,2025-10-25T21:12:27Z,2025-10-25T19:06:00Z,ARR,bad,126.0
692 (10-23),True,True,CHURCHILL,WINNIPEG,2025-10-23,52,Gladstone,GSTO,2025-10-25T21:41:43Z,2025-10-25T19:51:00Z,ARR,bad,110.0
692 (10-23),True,True,CHURCHILL,WINNIPEG,2025-10-23,53,Portage La Prairie,PLPX,2025-10-25T22:25:36Z,2025-10-25T20:37:00Z,ARR,bad,108.0
692 (10-23),True,True,CHURCHILL,WINNIPEG,2025-10-23,54,Winnipeg,WNPG,2025-10-25T23:43:09Z,2025-10-25T21:45:00Z,ARR,bad,118.0
2 (10-24),True,False,VANCOUVER,TORONTO,2025-10-24,0,Vancouver,VCVR,2025-10-24T22:00:00Z,2025-10-24T22:00:00Z,ARR,goo,0.0
2 (10-24),True,False,VANCOUVER,TORONTO,2025-10-24,1,Mission Harbour,MSNH,2025-10-25T00:33:10Z,2025-10-24T23:35:00Z,ARR,bad,58.0
2 (10-24),True,False,VANCOUVER,TORONTO,2025-10-24,2,Agassiz,AGAS,2025-10-25T01:33:21Z,2025-10-25T00:03:00Z,ARR,bad,90.0
2 (10-24),True,False,VANCOUVER,TORONTO,2025-10-24,3,Katz,KATZ,2025-10-25T01:56:32Z,2025-10-25T00:17:00Z,ARR,bad,99.0
2 (10-24),True,False,VANCOUVER,TORONTO,2025-10-24,4,North Bend,NBND,2025-10-25T04:20:03Z,2025-10-25T02:46:00Z,ARR,bad,94.0
2 (10-24),True,False,VANCOUVER,TORONTO,2025-10-24,5,Ashcroft,ASHN,2025-10-25T06:48:06Z,2025-10-25T05:32:00Z,ARR,bad,76.0
2 (10-24),True,False,VANCOUVER,TORONTO,2025-10-24,6,Kamloops North,KAMN,2025-10-25T08:31:44Z,2025-10-25T07:17:00Z,ARR,bad,74.0
2 (10-24),True,False,VANCOUVER,TORONTO,2025-10-24,7,Clearwater,CLWT,2025-10-25T11:29:13Z,2025-10-25T09:58:00Z,ARR,bad,91.0
2 (10-24),True,False,VANCOUVER,TORONTO,2025-10-24,8,Blue River,BLUE,2025-10-25T13:27:22Z,2025-10-25T12:11:00Z,ARR,bad,76.0
2 (10-24),True,False,VANCOUVER,TORONTO,2025-10-24,9,Valemount,VLMT,2025-10-25T15:17:16Z,2025-10-25T14:01:00Z,ARR,bad,76.0
2 (10-24),True,False,VANCOUVER,TORONTO,2025-10-24,10,Jasper,JASP,2025-10-25T19:26:32Z,2025-10-25T17:00:00Z,ARR,bad,146.0
2 (10-24),True,False,VANCOUVER,TORONTO,2025-10-24,11,Hinton,HINT,2025-10-25T22:26:22Z,2025-10-25T19:45:00Z,ARR,bad,161.0
2 (10-24),True,False,VANCOUVER,TORONTO,2025-10-24,12,Edson,EDSN,2025-10-26T00:55:21Z,2025-10-25T21:19:00Z,ARR,bad,216.0
2 (10-24),True,False,VANCOUVER,TORONTO,2025-10-24,13,Evansburg,EVAN,2025-10-26T02:33:37Z,2025-10-25T22:28:00Z,ARR,bad,245.0
2 (10-24),True,False,VANCOUVER,TORONTO,2025-10-24,14,Edmonton,EDMO,2025-10-26T03:57:18Z,2025-10-26T00:50:00Z,ARR,bad,187.0
2 (10-24),True,False,VANCOUVER,TORONTO,2025-10-24,15,Viking,VKNG,2025-10-26T07:00:18Z,2025-10-26T03:53:00Z,3h01,bad,187.0
2 (10-24),True,False,VANCOUVER,TORONTO,2025-10-24,16,Wainwright,WAIN,2025-10-26T09:21:18Z,2025-10-26T06:14:00Z,5h22,bad,187.0
2 (10-24),True,False,VANCOUVER,TORONTO,2025-10-24,17,Unity,UNIT,&mdash;,2025-10-26T07:47:00Z,&mdash;,,
2 (10-24),True,False,VANCOUVER,TORONTO,2025-10-24,18,Biggar,BIGG,&mdash;,2025-10-26T09:21:00Z,&mdash;,,
2 (10-24),True,False,VANCOUVER,TORONTO,2025-10-24,19,Saskatoon,SASK,&mdash;,2025-10-26T11:57:00Z,&mdash;,,
2 (10-24),True,False,VANCOUVER,TORONTO,2025-10-24,20,Watrous,WATR,&mdash;,2025-10-26T14:26:00Z,&mdash;,,
692 (10-25),True,False,CHURCHILL,WINNIPEG,2025-10-25,0,Churchill,CHUR,2025-10-26T02:32:12Z,2025-10-26T01:30:00Z,ARR,bad,62.0
692 (10-25),True,False,CHURCHILL,WINNIPEG,2025-10-25,1,Tidal,TIDL,2025-10-26T03:00:31Z,2025-10-26T01:52:00Z,ARR,bad,68.0
692 (10-25),True,False,CHURCHILL,WINNIPEG,2025-10-25,2,Chesnaye,CHES,2025-10-26T03:57:17Z,2025-10-26T02:38:00Z,ARR,bad,79.0
692 (10-25),True,False,CHURCHILL,WINNIPEG,2025-10-25,3,M'Clintock,MCLI,2025-10-26T05:13:17Z,2025-10-26T03:54:00Z,1h14,bad,79.0
692 (10-25),True,False,CHURCHILL,WINNIPEG,2025-10-25,4,O'Day,ODAY,2025-10-26T05:58:17Z,2025-10-26T04:39:00Z,1h59,bad,79.0
692 (10-25),True,False,CHURCHILL,WINNIPEG,2025-10-25,5,Herchmer,HERC,2025-10-26T06:37:17Z,2025-10-26T05:18:00Z,2h38,bad,79.0
692 (10-25),True,False,CHURCHILL,WINNIPEG,2025-10-25,6,Thibaudeau,THIB,2025-10-26T08:03:17Z,2025-10-26T06:44:00Z,4h04,bad,79.0
692 (10-25),True,False,CHURCHILL,WINNIPEG,2025-10-25,7,Weir River,WEIR,2025-10-26T09:05:17Z,2025-10-26T07:46:00Z,5h06,bad,79.0
692 (10-25),True,False,CHURCHILL,WINNIPEG,2025-10-25,8,Amery,AMRY,2025-10-26T09:56:17Z,2025-10-26T08:37:00Z,5h57,bad,79.0
692 (10-25),True,False,CHURCHILL,WINNIPEG,2025-10-25,9,Bird,BIRD,2025-10-26T10:19:17Z,2025-10-26T09:00:00Z,6h20,bad,79.0
692 (10-25),True,False,CHURCHILL,WINNIPEG,2025-10-25,10,Gillam,GILL,2025-10-26T11:19:17Z,2025-10-26T10:00:00Z,7h20,bad,79.0
692 (10-25),True,False,CHURCHILL,WINNIPEG,2025-10-25,11,Wivenhoe,WVHO,2025-10-26T12:35:17Z,2025-10-26T11:16:00Z,8h36,bad,79.0
692 (10-25),True,False,CHURCHILL,WINNIPEG,2025-10-25,12,Ilford,ILFO,2025-10-26T13:12:17Z,2025-10-26T11:53:00Z,9h13,bad,79.0
692 (10-25),True,False,CHURCHILL,WINNIPEG,2025-10-25,13,Pit Siding,PITS,2025-10-26T14:13:17Z,2025-10-26T12:54:00Z,10h14,bad,79.0
692 (10-25),True,False,CHURCHILL,WINNIPEG,2025-10-25,14,Bridgar,BRGR,2025-10-26T15:35:17Z,2025-10-26T14:16:00Z,11h36,bad,79.0
692 (10-25),True,False,CHURCHILL,WINNIPEG,2025-10-25,15,Pikwitonei,PIKW,2025-10-26T15:46:17Z,2025-10-26T14:27:00Z,11h47,bad,79.0
692 (10-25),True,False,CHURCHILL,WINNIPEG,2025-10-25,16,Sipiwesk,SIPI,2025-10-26T16:13:17Z,2025-10-26T14:54:00Z,12h14,bad,79.0
692 (10-25),True,False,CHURCHILL,WINNIPEG,2025-10-25,17,Thompson,THOM,2025-10-26T17:49:17Z,2025-10-26T16:30:00Z,13h50,bad,79.0
6,True,True,PRINCE RUPERT,JASPER,2025-10-24,0,Prince Rupert,PRUP,2025-10-24T15:30:00Z,2025-10-24T15:00:00Z,ARR,bad,30.0
6,True,True,PRINCE RUPERT,JASPER,2025-10-24,1,Cassiar Cannery,CASS,2025-10-24T15:52:11Z,2025-10-24T15:20:00Z,ARR,bad,32.0
6,True,True,PRINCE RUPERT,JASPER,2025-10-24,2,Kwinitsa,KWIN,2025-10-24T16:30:29Z,2025-10-24T16:17:00Z,ARR,med,13.0
6,True,True,PRINCE RUPERT,JASPER,2025-10-24,3,Terrace,TRRC,2025-10-24T17:30:18Z,2025-10-24T17:20:00Z,ARR,med,10.0
6,True,True,PRINCE RUPERT,JASPER,2025-10-24,4,Usk,USKX,2025-10-24T17:54:49Z,2025-10-24T17:48:00Z,ARR,med,6.0
6,True,True,PRINCE RUPERT,JASPER,2025-10-24,5,Pacific,PACI,2025-10-24T18:10:16Z,2025-10-24T18:07:00Z,ARR,goo,3.0
6,True,True,PRINCE RUPERT,JASPER,2025-10-24,6,Dorreen,DORR,2025-10-24T18:18:21Z,2025-10-24T18:19:00Z,ARR,goo,0.0
6,True,True,PRINCE RUPERT,JASPER,2025-10-24,7,Cedarvale,CEDA,2025-10-24T18:36:45Z,2025-10-24T18:44:00Z,ARR,goo,-7.0
6,True,True,PRINCE RUPERT,JASPER,2025-10-24,8,Kitwanga,KITW,2025-10-24T18:55:13Z,2025-10-24T18:48:01Z,ARR,med,7.0
6,True,True,PRINCE RUPERT,JASPER,2025-10-24,9,New Hazelton,NHAZ,2025-10-24T19:38:09Z,2025-10-24T19:30:00Z,ARR,med,8.0
6,True,True,PRINCE RUPERT,JASPER,2025-10-24,10,Smithers,SMTR,2025-10-24T21:08:12Z,2025-10-24T21:14:00Z,ARR,goo,-5.0
6,True,True,PRINCE RUPERT,JASPER,2025-10-24,11,Telkwa,TELK,2025-10-24T22:32:28Z,2025-10-24T21:37:00Z,ARR,bad,55.0
6,True,True,PRINCE RUPERT,JASPER,2025-10-24,12,Houston,HOUS,2025-10-24T23:10:24Z,2025-10-24T22:22:00Z,ARR,bad,48.0
6,True,True,PRINCE RUPERT,JASPER,2025-10-24,13,Burns Lake,BRNL,2025-10-25T00:24:21Z,2025-10-24T23:32:00Z,ARR,bad,52.0
6,True,True,PRINCE RUPERT,JASPER,2025-10-24,14,Endako,ENDA,2025-10-25T01:11:35Z,2025-10-25T00:25:00Z,ARR,bad,46.0
6,True,True,PRINCE RUPERT,JASPER,2025-10-24,15,Fort Fraser,FFRA,2025-10-25T01:47:07Z,2025-10-25T00:57:00Z,ARR,bad,50.0
6,True,True,PRINCE RUPERT,JASPER,2025-10-24,16,Vanderhoof,VDRH,2025-10-25T02:50:50Z,2025-10-25T01:35:00Z,ARR,bad,75.0
6,True,True,PRINCE RUPERT,JASPER,2025-10-24,17,Prince George,PGEO,2025-10-25T05:14:45Z,2025-10-25T03:29:00Z,ARR,bad,105.0
6,True,True,PRINCE RUPERT,JASPER,2025-10-24,18,Willow River,WILR,2025-10-25T15:39:59Z,2025-10-25T15:48:00Z,ARR,goo,-8.0
6,True,True,PRINCE RUPERT,JASPER,2025-10-24,19,Aleza Lake,ALZL,2025-10-25T16:05:41Z,2025-10-25T16:17:00Z,ARR,goo,-11.0
6,True,True,PRINCE RUPERT,JASPER,2025-10-24,20,Upper Fraser,UFRZ,2025-10-25T16:25:00Z,2025-10-25T16:25:00Z,ARR,goo,0.0
6,True,True,PRINCE RUPERT,JASPER,2025-10-24,21,Mcgregor,MCGR,2025-10-25T16:33:00Z,2025-10-25T16:33:00Z,ARR,goo,0.0
6,True,True,PRINCE RUPERT,JASPER,2025-10-24,22,Sinclair Mills,SINM,2025-10-25T16:44:00Z,2025-10-25T16:44:00Z,ARR,goo,0.0
6,True,True,PRINCE RUPERT,JASPER,2025-10-24,23,Hutton,HUTT,2025-10-25T16:48:00Z,2025-10-25T16:48:00Z,ARR,goo,0.0
6,True,True,PRINCE RUPERT,JASPER,2025-10-24,24,Longworth,LWTH,2025-10-25T16:48:35Z,2025-10-25T16:59:00Z,ARR,goo,-10.0
6,True,True,PRINCE RUPERT,JASPER,2025-10-24,25,Penny,PENN,2025-10-25T17:00:20Z,2025-10-25T17:13:00Z,ARR,goo,-12.0
6,True,True,PRINCE RUPERT,JASPER,2025-10-24,26,Bend,BEND,2025-10-25T17:17:22Z,2025-10-25T17:32:00Z,ARR,goo,-14.0
6,True,True,PRINCE RUPERT,JASPER,2025-10-24,27,Dome Creek,DOMC,2025-10-25T17:18:59Z,2025-10-25T17:33:07Z,ARR,goo,-14.0
6,True,True,PRINCE RUPERT,JASPER,2025-10-24,28,Loos,LOOS,2025-10-25T17:48:16Z,2025-10-25T18:07:00Z,ARR,goo,-18.0
6,True,True,PRINCE RUPERT,JASPER,2025-10-24,29,Goat River,GOAT,2025-10-25T18:02:32Z,2025-10-25T18:22:00Z,ARR,goo,-19.0
6,True,True,PRINCE RUPERT,JASPER,2025-10-24,30,Mcbride,MCBR,2025-10-25T18:54:01Z,2025-10-25T19:18:00Z,ARR,goo,-23.0
6,True,True,PRINCE RUPERT,JASPER,2025-10-24,31,Dunster,DNST,2025-10-25T19:22:52Z,2025-10-25T19:35:00Z,ARR,goo,-12.0
6,True,True,PRINCE RUPERT,JASPER,2025-10-24,32,Harvey,HRVY,2025-10-25T19:58:18Z,2025-10-25T20:24:00Z,ARR,goo,-25.0
6,True,True,PRINCE RUPERT,JASPER,2025-10-24,33,Jasper,JASP,2025-10-25T22:49:44Z,2025-10-25T23:00:00Z,ARR,goo,-10.0
691,True,True,THE PAS,CHURCHILL,2025-10-24,0,The Pas,TPAS,2025-10-24T07:47:00Z,2025-10-24T07:30:00Z,ARR,bad,17.0
691,True,True,THE PAS,CHURCHILL,2025-10-24,1,Halcrow,HALC,2025-10-24T08:20:33Z,2025-10-24T09:01:00Z,ARR,goo,-40.0
691,True,True,THE PAS,CHURCHILL,2025-10-24,2,Cormorant,CORM,2025-10-24T08:28:20Z,2025-10-24T09:12:00Z,ARR,goo,-43.0
691,True,True,THE PAS,CHURCHILL,2025-10-24,3,Dering,DERI,2025-10-24T09:20:00Z,2025-10-24T09:20:00Z,ARR,goo,0.0
691,True,True,THE PAS,CHURCHILL,2025-10-24,4,Dyce,DYCE,2025-10-24T09:59:00Z,2025-10-24T09:59:00Z,ARR,goo,0.0
691,True,True,THE PAS,CHURCHILL,2025-10-24,5,Wekusko,WEKU,2025-10-24T09:51:26Z,2025-10-24T10:43:00Z,ARR,goo,-51.0
691,True,True,THE PAS,CHURCHILL,2025-10-24,6,Turnbull,TURN,2025-10-24T10:15:01Z,2025-10-24T11:10:00Z,ARR,goo,-54.0
691,True,True,THE PAS,CHURCHILL,2025-10-24,7,Ponton,PNTN,2025-10-24T10:42:53Z,2025-10-24T11:42:00Z,ARR,goo,-59.0
691,True,True,THE PAS,CHURCHILL,2025-10-24,8,Pipun,PIPN,2025-10-24T11:28:50Z,2025-10-24T12:25:00Z,ARR,goo,-56.0
691,True,True,THE PAS,CHURCHILL,2025-10-24,9,Wabowden,WBDN,2025-10-24T11:43:24Z,2025-10-24T12:48:00Z,ARR,goo,-64.0
691,True,True,THE PAS,CHURCHILL,2025-10-24,10,Lyddal,LYDD,2025-10-24T12:11:13Z,2025-10-24T13:16:00Z,ARR,goo,-64.0
691,True,True,THE PAS,CHURCHILL,2025-10-24,11,Odhill,ODHI,2025-10-24T12:31:13Z,2025-10-24T13:38:00Z,ARR,goo,-66.0
691,True,True,THE PAS,CHURCHILL,2025-10-24,12,Hockin,HOCK,2025-10-24T13:10:43Z,2025-10-24T14:22:00Z,ARR,goo,-71.0
691,True,True,THE PAS,CHURCHILL,2025-10-24,13,Thicket Portage,THKP,2025-10-24T14:37:00Z,2025-10-24T14:37:00Z,ARR,goo,0.0
691,True,True,THE PAS,CHURCHILL,2025-10-24,14,Leven,LEVN,2025-10-24T14:54:00Z,2025-10-24T14:54:00Z,ARR,goo,0.0
691,True,True,THE PAS,CHURCHILL,2025-10-24,15,Thompson,THOM,2025-10-24T17:05:53Z,2025-10-24T17:00:00Z,ARR,med,5.0
691,True,True,THE PAS,CHURCHILL,2025-10-24,16,Sipiwesk,SIPI,2025-10-24T23:50:50Z,2025-10-24T23:35:00Z,ARR,bad,15.0
691,True,True,THE PAS,CHURCHILL,2025-10-24,17,Pikwitonei,PIKW,2025-10-25T00:17:50Z,2025-10-25T00:02:00Z,ARR,bad,15.0
691,True,True,THE PAS,CHURCHILL,2025-10-24,18,Bridgar,BRGR,2025-10-25T00:28:50Z,2025-10-25T00:13:00Z,ARR,bad,15.0
691,True,True,THE PAS,CHURCHILL,2025-10-24,19,Pit Siding,PITS,2025-10-25T01:50:50Z,2025-10-25T01:35:00Z,ARR,bad,15.0
691,True,True,THE PAS,CHURCHILL,2025-10-24,20,Ilford,ILFO,2025-10-25T03:16:51Z,2025-10-25T02:36:00Z,ARR,bad,40.0
691,True,True,THE PAS,CHURCHILL,2025-10-24,21,Wivenhoe,WVHO,2025-10-25T04:09:08Z,2025-10-25T03:13:00Z,ARR,bad,56.0
691,True,True,THE PAS,CHURCHILL,2025-10-24,22,Gillam,GILL,2025-10-25T04:54:57Z,2025-10-25T04:00:01Z,ARR,bad,54.0
691,True,True,THE PAS,CHURCHILL,2025-10-24,23,Bird,BIRD,2025-10-25T06:00:11Z,2025-10-25T05:29:00Z,ARR,bad,31.0
691,True,True,THE PAS,CHURCHILL,2025-10-24,24,Amery,AMRY,2025-10-25T06:40:21Z,2025-10-25T05:51:00Z,ARR,bad,49.0
691,True,True,THE PAS,CHURCHILL,2025-10-24,25,Weir River,WEIR,2025-10-25T07:39:21Z,2025-10-25T06:43:00Z,ARR,bad,56.0
691,True,True,THE PAS,CHURCHILL,2025-10-24,26,Thibaudeau,THIB,2025-10-25T08:27:41Z,2025-10-25T08:00:00Z,ARR,bad,27.0
691,True,True,THE PAS,CHURCHILL,2025-10-24,27,Herchmer,HERC,2025-10-25T09:53:41Z,2025-10-25T09:26:00Z,ARR,bad,27.0
691,True,True,THE PAS,CHURCHILL,2025-10-24,28,O'Day,ODAY,2025-10-25T10:32:41Z,2025-10-25T10:05:00Z,ARR,bad,27.0
691,True,True,THE PAS,CHURCHILL,2025-10-24,29,M'Clintock,MCLI,2025-10-25T11:17:41Z,2025-10-25T10:50:00Z,ARR,bad,27.0
691,True,True,THE PAS,CHURCHILL,2025-10-24,30,Chesnaye,CHES,2025-10-25T12:51:23Z,2025-10-25T12:06:00Z,ARR,bad,45.0
691,True,True,THE PAS,CHURCHILL,2025-10-24,31,Tidal,TIDL,2025-10-25T14:00:53Z,2025-10-25T13:37:00Z,ARR,bad,23.0
691,True,True,THE PAS,CHURCHILL,2025-10-24,32,Churchill,CHUR,2025-10-25T14:50:41Z,2025-10-25T14:00:00Z,ARR,bad,50.0
15,True,True,HALIFAX,MONTRÉAL,2025-10-24,0,Halifax,HLFX,2025-10-24T14:34:15Z,2025-10-24T14:30:00Z,ARR,goo,4.0
15,True,True,HALIFAX,MONTRÉAL,2025-10-24,1,Truro,TRUR,2025-10-24T15:56:00Z,2025-10-24T15:56:00Z,ARR,goo,0.0
15,True,True,HALIFAX,MONTRÉAL,2025-10-24,2,Springhill Jct,SPRJ,2025-10-24T17:12:35Z,2025-10-24T17:11:00Z,ARR,goo,1.0
15,True,True,HALIFAX,MONTRÉAL,2025-10-24,3,Amherst,AMHS,2025-10-24T17:33:10Z,2025-10-24T17:34:00Z,ARR,goo,0.0
15,True,True,HALIFAX,MONTRÉAL,2025-10-24,4,Sackville,SACK,2025-10-24T17:55:18Z,2025-10-24T17:50:00Z,ARR,med,5.0
15,True,True,HALIFAX,MONTRÉAL,2025-10-24,5,Moncton,MCTN,2025-10-24T18:43:00Z,2025-10-24T18:44:00Z,ARR,goo,-1.0
15,True,True,HALIFAX,MONTRÉAL,2025-10-24,6,Rogersville,RGRV,2025-10-24T20:28:01Z,2025-10-24T20:08:00Z,ARR,bad,20.0
15,True,True,HALIFAX,MONTRÉAL,2025-10-24,7,Miramichi,MIRA,2025-10-24T21:21:24Z,2025-10-24T20:59:00Z,ARR,bad,22.0
15,True,True,HALIFAX,MONTRÉAL,2025-10-24,8,Bathurst,BTRS,2025-10-24T23:01:05Z,2025-10-24T22:55:00Z,ARR,med,6.0
15,True,True,HALIFAX,MONTRÉAL,2025-10-24,9,Petit Rocher,PROC,2025-10-24T23:21:13Z,2025-10-24T23:22:00Z,ARR,goo,0.0
15,True,True,HALIFAX,MONTRÉAL,2025-10-24,10,Jacquet River,JACR,2025-10-24T23:52:40Z,2025-10-24T23:44:01Z,ARR,med,8.0
15,True,True,HALIFAX,MONTRÉAL,2025-10-24,11,Charlo,CHLO,2025-10-25T00:28:16Z,2025-10-25T00:07:00Z,ARR,bad,21.0
15,True,True,HALIFAX,MONTRÉAL,2025-10-24,12,Campbellton,CBTN,2025-10-25T01:14:49Z,2025-10-25T01:10:00Z,ARR,goo,4.0
15,True,True,HALIFAX,MONTRÉAL,2025-10-24,13,Matapedia,MTPD,2025-10-25T02:09:44Z,2025-10-25T01:52:00Z,ARR,bad,17.0
15,True,True,HALIFAX,MONTRÉAL,2025-10-24,14,Causapscal,CAUS,2025-10-25T03:10:26Z,2025-10-25T02:41:00Z,ARR,bad,29.0
15,True,True,HALIFAX,MONTRÉAL,2025-10-24,15,Amqui,AMQU,2025-10-25T03:38:42Z,2025-10-25T03:01:00Z,ARR,bad,37.0
15,True,True,HALIFAX,MONTRÉAL,2025-10-24,16,Sayabec,SAYA,2025-10-25T04:12:35Z,2025-10-25T03:23:00Z,ARR,bad,49.0
15,True,True,HALIFAX,MONTRÉAL,2025-10-24,17,Mont-Joli,MJLI,2025-10-25T05:18:42Z,2025-10-25T04:53:00Z,ARR,bad,25.0
15,True,True,HALIFAX,MONTRÉAL,2025-10-24,18,Rimouski,RMSK,2025-10-25T05:49:33Z,2025-10-25T05:24:00Z,ARR,bad,25.0
15,True,True,HALIFAX,MONTRÉAL,2025-10-24,19,Trois Pistoles,TPIS,2025-10-25T06:51:57Z,2025-10-25T06:29:00Z,ARR,bad,22.0
15,True,True,HALIFAX,MONTRÉAL,2025-10-24,20,Rivière-Du-Loup,RDLX,2025-10-25T07:29:06Z,2025-10-25T07:16:00Z,ARR,med,13.0
15,True,True,HALIFAX,MONTRÉAL,2025-10-24,21,La Pocatière,LPOC,2025-10-25T08:14:50Z,2025-10-25T08:05:00Z,ARR,med,9.0
15,True,True,HALIFAX,MONTRÉAL,2025-10-24,22,Montmagny,MMGY,2025-10-25T08:47:11Z,2025-10-25T08:39:00Z,ARR,med,8.0
15,True,True,HALIFAX,MONTRÉAL,2025-10-24,23,Ste-Foy,SFOY,2025-10-25T09:44:59Z,2025-10-25T10:13:00Z,ARR,goo,-28.0
15,True,True,HALIFAX,MONTRÉAL,2025-10-24,24,Drummondville,DRMV,2025-10-25T12:13:40Z,2025-10-25T12:20:00Z,ARR,goo,-6.0
15,True,True,HALIFAX,MONTRÉAL,2025-10-24,25,St. Hyacinthe,SHYA,2025-10-25T12:42:10Z,2025-10-25T13:00:00Z,ARR,goo,-17.0
15,True,True,HALIFAX,MONTRÉAL,2025-10-24,26,St. Lambert,SLAM,2025-10-25T13:12:21Z,2025-10-25T13:34:00Z,ARR,goo,-21.0
15,True,True,HALIFAX,MONTRÉAL,2025-10-24,27,Montréal,MTRL,2025-10-25T13:33:39Z,2025-10-25T13:53:00Z,ARR,goo,-19.0
5,True,True,JASPER,PRINCE RUPERT,2025-10-24,0,Jasper,JASP,2025-10-24T16:45:00Z,2025-10-24T16:45:00Z,ARR,goo,0.0
5,True,True,JASPER,PRINCE RUPERT,2025-10-24,1,Harvey,HRVY,2025-10-24T19:36:55Z,2025-10-24T18:38:00Z,ARR,bad,58.0
5,True,True,JASPER,PRINCE RUPERT,2025-10-24,2,Dunster,DNST,2025-10-24T20:08:42Z,2025-10-24T19:12:00Z,ARR,bad,56.0
5,True,True,JASPER,PRINCE RUPERT,2025-10-24,3,Mcbride,MCBR,2025-10-24T20:40:11Z,2025-10-24T19:44:00Z,ARR,bad,56.0
5,True,True,JASPER,PRINCE RUPERT,2025-10-24,4,Goat River,GOAT,2025-10-24T21:34:28Z,2025-10-24T20:41:00Z,ARR,bad,53.0
5,True,True,JASPER,PRINCE RUPERT,2025-10-24,5,Loos,LOOS,2025-10-24T21:50:28Z,2025-10-24T20:58:00Z,ARR,bad,52.0
5,True,True,JASPER,PRINCE RUPERT,2025-10-24,6,Dome Creek,DOMC,2025-10-24T22:50:10Z,2025-10-24T21:32:00Z,ARR,bad,78.0
5,True,True,JASPER,PRINCE RUPERT,2025-10-24,7,Bend,BEND,2025-10-24T22:52:34Z,2025-10-24T21:36:00Z,ARR,bad,76.0
5,True,True,JASPER,PRINCE RUPERT,2025-10-24,8,Penny,PENN,2025-10-24T23:12:12Z,2025-10-24T21:56:00Z,ARR,bad,76.0
5,True,True,JASPER,PRINCE RUPERT,2025-10-24,9,Longworth,LWTH,2025-10-24T23:25:00Z,2025-10-24T22:11:00Z,ARR,bad,74.0
5,True,True,JASPER,PRINCE RUPERT,2025-10-24,10,Hutton,HUTT,2025-10-24T23:38:00Z,2025-10-24T22:24:00Z,ARR,bad,74.0
5,True,True,JASPER,PRINCE RUPERT,2025-10-24,11,Sinclair Mills,SINM,2025-10-24T23:44:00Z,2025-10-24T22:30:00Z,ARR,bad,74.0
5,True,True,JASPER,PRINCE RUPERT,2025-10-24,12,Mcgregor,MCGR,2025-10-25T00:02:38Z,2025-10-24T22:43:00Z,ARR,bad,79.0
5,True,True,JASPER,PRINCE RUPERT,2025-10-24,13,Upper Fraser,UFRZ,2025-10-25T00:11:38Z,2025-10-24T22:52:00Z,ARR,bad,79.0
5,True,True,JASPER,PRINCE RUPERT,2025-10-24,14,Aleza Lake,ALZL,2025-10-25T00:20:38Z,2025-10-24T23:01:00Z,ARR,bad,79.0
5,True,True,JASPER,PRINCE RUPERT,2025-10-24,15,Willow River,WILR,2025-10-25T00:37:55Z,2025-10-24T23:31:00Z,ARR,bad,66.0
5,True,True,JASPER,PRINCE RUPERT,2025-10-24,16,Prince George,PGEO,2025-10-25T01:25:29Z,2025-10-25T00:08:00Z,ARR,bad,77.0
5,True,True,JASPER,PRINCE RUPERT,2025-10-24,17,Vanderhoof,VDRH,2025-10-25T16:58:55Z,2025-10-25T16:55:00Z,ARR,goo,3.0
5,True,True,JASPER,PRINCE RUPERT,2025-10-24,18,Fort Fraser,FFRA,2025-10-25T17:42:32Z,2025-10-25T17:32:00Z,ARR,med,10.0
5,True,True,JASPER,PRINCE RUPERT,2025-10-24,19,Endako,ENDA,2025-10-25T18:10:48Z,2025-10-25T17:50:00Z,ARR,bad,20.0
5,True,True,JASPER,PRINCE RUPERT,2025-10-24,20,Burns Lake,BRNL,2025-10-25T18:56:36Z,2025-10-25T18:58:00Z,ARR,goo,-1.0
5,True,True,JASPER,PRINCE RUPERT,2025-10-24,21,Houston,HOUS,2025-10-25T19:58:30Z,2025-10-25T20:08:00Z,ARR,goo,-9.0
5,True,True,JASPER,PRINCE RUPERT,2025-10-24,22,Telkwa,TELK,2025-10-25T20:47:49Z,2025-10-25T20:52:00Z,ARR,goo,-4.0
5,True,True,JASPER,PRINCE RUPERT,2025-10-24,23,Smithers,SMTR,2025-10-25T21:30:19Z,2025-10-25T21:10:00Z,ARR,bad,20.0
5,True,True,JASPER,PRINCE RUPERT,2025-10-24,24,New Hazelton,NHAZ,2025-10-25T22:49:56Z,2025-10-25T22:37:00Z,ARR,med,12.0
5,True,True,JASPER,PRINCE RUPERT,2025-10-24,25,Kitwanga,KITW,2025-10-25T23:59:17Z,2025-10-25T23:27:00Z,ARR,bad,32.0
5,True,True,JASPER,PRINCE RUPERT,2025-10-24,26,Cedarvale,CEDA,2025-10-26T00:16:55Z,2025-10-25T23:51:00Z,ARR,bad,25.0
5,True,True,JASPER,PRINCE RUPERT,2025-10-24,27,Dorreen,DORR,2025-10-26T00:35:46Z,2025-10-26T00:12:00Z,ARR,bad,23.0
5,True,True,JASPER,PRINCE RUPERT,2025-10-24,28,Pacific,PACI,2025-10-26T00:42:50Z,2025-10-26T00:21:00Z,ARR,bad,21.0
5,True,True,JASPER,PRINCE RUPERT,2025-10-24,29,Usk,USKX,2025-10-26T00:57:46Z,2025-10-26T00:40:00Z,ARR,bad,17.0
5,True,True,JASPER,PRINCE RUPERT,2025-10-24,30,Terrace,TRRC,2025-10-26T01:14:32Z,2025-10-26T01:00:00Z,ARR,med,14.0
5,True,True,JASPER,PRINCE RUPERT,2025-10-24,31,Kwinitsa,KWIN,2025-10-26T02:13:57Z,2025-10-26T02:09:00Z,ARR,goo,4.0
5,True,True,JASPER,PRINCE RUPERT,2025-10-24,32,Cassiar Cannery,CASS,2025-10-26T02:50:35Z,2025-10-26T02:45:00Z,ARR,med,5.0
5,True,True,JASPER,PRINCE RUPERT,2025-10-24,33,Prince Rupert,PRUP,2025-10-26T03:25:09Z,2025-10-26T03:25:00Z,ARR,goo,0.0
14,True,True,MONTRÉAL,HALIFAX,2025-10-24,0,Montréal,MTRL,2025-10-24T22:30:00Z,2025-10-24T22:30:00Z,ARR,goo,0.0
14,True,True,MONTRÉAL,HALIFAX,2025-10-24,1,St. Lambert,SLAM,2025-10-24T22:53:55Z,2025-10-24T22:45:00Z,ARR,med,8.0
14,True,True,MONTRÉAL,HALIFAX,2025-10-24,2,St. Hyacinthe,SHYA,2025-10-24T23:29:25Z,2025-10-24T23:23:00Z,ARR,med,6.0
14,True,True,MONTRÉAL,HALIFAX,2025-10-24,3,Drummondville,DRMV,2025-10-25T00:30:32Z,2025-10-25T00:04:00Z,ARR,bad,26.0
14,True,True,MONTRÉAL,HALIFAX,2025-10-24,4,Ste-Foy,SFOY,2025-10-25T01:59:30Z,2025-10-25T01:48:00Z,ARR,med,11.0
14,True,True,MONTRÉAL,HALIFAX,2025-10-24,5,Montmagny,MMGY,2025-10-25T03:40:33Z,2025-10-25T03:17:00Z,ARR,bad,23.0
14,True,True,MONTRÉAL,HALIFAX,2025-10-24,6,La Pocatière,LPOC,2025-10-25T04:08:33Z,2025-10-25T03:50:00Z,ARR,bad,18.0
14,True,True,MONTRÉAL,HALIFAX,2025-10-24,7,Rivière-Du-Loup,RDLX,2025-10-25T04:50:43Z,2025-10-25T04:31:00Z,ARR,bad,19.0
14,True,True,MONTRÉAL,HALIFAX,2025-10-24,8,Trois Pistoles,TPIS,2025-10-25T05:32:29Z,2025-10-25T05:17:00Z,ARR,bad,15.0
14,True,True,MONTRÉAL,HALIFAX,2025-10-24,9,Rimouski,RMSK,2025-10-25T06:57:38Z,2025-10-25T06:25:00Z,ARR,bad,32.0
14,True,True,MONTRÉAL,HALIFAX,2025-10-24,10,Mont-Joli,MJLI,2025-10-25T07:30:15Z,2025-10-25T07:03:00Z,ARR,bad,27.0
14,True,True,MONTRÉAL,HALIFAX,2025-10-24,11,Sayabec,SAYA,2025-10-25T08:44:38Z,2025-10-25T08:06:00Z,ARR,bad,38.0
14,True,True,MONTRÉAL,HALIFAX,2025-10-24,12,Amqui,AMQU,2025-10-25T09:14:36Z,2025-10-25T08:27:00Z,ARR,bad,47.0
14,True,True,MONTRÉAL,HALIFAX,2025-10-24,13,Causapscal,CAUS,2025-10-25T09:44:23Z,2025-10-25T08:49:00Z,ARR,bad,55.0
14,True,True,MONTRÉAL,HALIFAX,2025-10-24,14,Matapedia,MTPD,2025-10-25T10:38:07Z,2025-10-25T09:35:00Z,ARR,bad,63.0
14,True,True,MONTRÉAL,HALIFAX,2025-10-24,15,Campbellton,CBTN,2025-10-25T11:14:11Z,2025-10-25T10:20:00Z,ARR,bad,54.0
14,True,True,MONTRÉAL,HALIFAX,2025-10-24,16,Charlo,CHLO,2025-10-25T12:12:10Z,2025-10-25T11:03:00Z,ARR,bad,69.0
14,True,True,MONTRÉAL,HALIFAX,2025-10-24,17,Jacquet River,JACR,2025-10-25T12:51:44Z,2025-10-25T11:26:00Z,ARR,bad,85.0
14,True,True,MONTRÉAL,HALIFAX,2025-10-24,18,Petit Rocher,PROC,2025-10-25T13:27:49Z,2025-10-25T11:48:00Z,ARR,bad,99.0
14,True,True,MONTRÉAL,HALIFAX,2025-10-24,19,Bathurst,BTRS,2025-10-25T13:49:43Z,2025-10-25T12:36:00Z,ARR,bad,73.0
14,True,True,MONTRÉAL,HALIFAX,2025-10-24,20,Miramichi,MIRA,2025-10-25T15:28:40Z,2025-10-25T14:25:00Z,ARR,bad,63.0
14,True,True,MONTRÉAL,HALIFAX,2025-10-24,21,Rogersville,RGRV,2025-10-25T16:18:28Z,2025-10-25T15:20:00Z,ARR,bad,58.0
14,True,True,MONTRÉAL,HALIFAX,2025-10-24,22,Moncton,MCTN,2025-10-25T17:34:48Z,2025-10-25T16:30:00Z,ARR,bad,64.0
14,True,True,MONTRÉAL,HALIFAX,2025-10-24,23,Sackville,SACK,2025-10-25T19:11:12Z,2025-10-25T17:40:00Z,ARR,bad,91.0
14,True,True,MONTRÉAL,HALIFAX,2025-10-24,24,Amherst,AMHS,2025-10-25T19:26:44Z,2025-10-25T17:55:00Z,ARR,bad,91.0
14,True,True,MONTRÉAL,HALIFAX,2025-10-24,25,Springhill Jct,SPRJ,2025-10-25T19:50:55Z,2025-10-25T18:17:00Z,ARR,bad,93.0
14,True,True,MONTRÉAL,HALIFAX,2025-10-24,26,Truro,TRUR,2025-10-25T20:58:20Z,2025-10-25T19:32:00Z,ARR,bad,86.0
14,True,True,MONTRÉAL,HALIFAX,2025-10-24,27,Halifax,HLFX,2025-10-25T22:29:03Z,2025-10-25T21:36:00Z,ARR,bad,53.0
24,True,True,OTTAWA,QUÉBEC,2025-10-25,0,Ottawa,OTTW,2025-10-25T14:13:00Z,2025-10-25T14:13:00Z,ARR,goo,0.0
24,True,True,OTTAWA,QUÉBEC,2025-10-25,1,Alexandria,ALEX,2025-10-25T14:56:00Z,2025-10-25T15:03:00Z,ARR,goo,-7.0
24,True,True,OTTAWA,QUÉBEC,2025-10-25,2,Coteau,COTO,2025-10-25T15:17:16Z,2025-10-25T15:26:00Z,ARR,goo,-8.0
24,True,True,OTTAWA,QUÉBEC,2025-10-25,3,Dorval,DORV,2025-10-25T15:44:28Z,2025-10-25T15:50:00Z,ARR,goo,-5.0
24,True,True,OTTAWA,QUÉBEC,2025-10-25,4,Montréal,MTRL,2025-10-25T16:10:00Z,2025-10-25T16:15:00Z,ARR,goo,-5.0
24,True,True,OTTAWA,QUÉBEC,2025-10-25,5,St. Lambert,SLAM,2025-10-25T17:05:24Z,2025-10-25T16:58:00Z,ARR,med,7.0
24,True,True,OTTAWA,QUÉBEC,2025-10-25,6,St. Hyacinthe,SHYA,2025-10-25T17:33:13Z,2025-10-25T17:26:00Z,ARR,med,7.0
24,True,True,OTTAWA,QUÉBEC,2025-10-25,7,Drummondville,DRMV,2025-10-25T18:04:51Z,2025-10-25T17:54:00Z,ARR,med,10.0
24,True,True,OTTAWA,QUÉBEC,2025-10-25,8,Charny,CHNY,2025-10-25T19:48:12Z,2025-10-25T19:38:00Z,ARR,med,10.0
24,True,True,OTTAWA,QUÉBEC,2025-10-25,9,Ste-Foy,SFOY,2025-10-25T19:57:02Z,2025-10-25T19:45:00Z,ARR,med,12.0
24,True,True,OTTAWA,QUÉBEC,2025-10-25,10,Québec,QBEC,2025-10-25T20:24:58Z,2025-10-25T20:12:00Z,ARR,med,12.0
37,True,True,QUÉBEC,OTTAWA,2025-10-25,0,Québec,QBEC,2025-10-25T16:32:00Z,2025-10-25T16:32:00Z,ARR,goo,0.0
37,True,True,QUÉBEC,OTTAWA,2025-10-25,1,Ste-Foy,SFOY,2025-10-25T16:58:55Z,2025-10-25T16:57:00Z,ARR,goo,1.0
37,True,True,QUÉBEC,OTTAWA,2025-10-25,2,Drummondville,DRMV,2025-10-25T18:40:26Z,2025-10-25T18:44:00Z,ARR,goo,-3.0
37,True,True,QUÉBEC,OTTAWA,2025-10-25,3,St. Hyacinthe,SHYA,2025-10-25T19:12:09Z,2025-10-25T19:12:00Z,ARR,goo,0.0
37,True,True,QUÉBEC,OTTAWA,2025-10-25,4,St. Lambert,SLAM,2025-10-25T19:42:25Z,2025-10-25T19:39:00Z,ARR,goo,3.0
37,True,True,QUÉBEC,OTTAWA,2025-10-25,5,Montréal,MTRL,2025-10-25T19:57:49Z,2025-10-25T19:54:00Z,ARR,goo,3.0
37,True,True,QUÉBEC,OTTAWA,2025-10-25,6,Dorval,DORV,2025-10-25T20:53:14Z,2025-10-25T20:54:00Z,ARR,goo,0.0
37,True,True,QUÉBEC,OTTAWA,2025-10-25,7,Coteau,COTO,2025-10-25T21:23:06Z,2025-10-25T21:23:00Z,ARR,goo,0.0
37,True,True,QUÉBEC,OTTAWA,2025-10-25,8,Alexandria,ALEX,2025-10-25T21:44:35Z,2025-10-25T21:45:00Z,ARR,goo,0.0
37,True,True,QUÉBEC,OTTAWA,2025-10-25,9,Ottawa,OTTW,2025-10-25T22:33:11Z,2025-10-25T22:37:00Z,ARR,goo,-3.0
41,True,True,OTTAWA,TORONTO,2025-10-25,0,Ottawa,OTTW,2025-10-25T09:21:00Z,2025-10-25T09:21:00Z,ARR,goo,0.0
41,True,True,OTTAWA,TORONTO,2025-10-25,1,Fallowfield,FALL,2025-10-25T09:36:56Z,2025-10-25T09:38:00Z,ARR,goo,-1.0
41,True,True,OTTAWA,TORONTO,2025-10-25,2,Smiths Falls,SMTF,2025-10-25T10:05:47Z,2025-10-25T10:08:00Z,ARR,goo,-2.0
41,True,True,OTTAWA,TORONTO,2025-10-25,3,Brockville,BRKV,2025-10-25T10:40:14Z,2025-10-25T10:40:00Z,ARR,goo,0.0
41,True,True,OTTAWA,TORONTO,2025-10-25,4,Kingston,KGON,2025-10-25T11:27:55Z,2025-10-25T11:25:00Z,ARR,goo,2.0
41,True,True,OTTAWA,TORONTO,2025-10-25,5,Napanee,NAPN,2025-10-25T11:53:29Z,2025-10-25T11:49:00Z,ARR,goo,4.0
41,True,True,OTTAWA,TORONTO,2025-10-25,6,Belleville,BLVL,2025-10-25T12:16:51Z,2025-10-25T12:07:00Z,ARR,med,9.0
41,True,True,OTTAWA,TORONTO,2025-10-25,7,Trenton Jct.,TRNJ,2025-10-25T12:32:54Z,2025-10-25T12:20:00Z,ARR,med,12.0
41,True,True,OTTAWA,TORONTO,2025-10-25,8,Cobourg,CBRG,2025-10-25T13:00:20Z,2025-10-25T12:44:00Z,ARR,bad,16.0
41,True,True,OTTAWA,TORONTO,2025-10-25,9,Oshawa,OSHA,2025-10-25T13:41:02Z,2025-10-25T13:19:00Z,ARR,bad,22.0
41,True,True,OTTAWA,TORONTO,2025-10-25,10,Toronto,TRTO,2025-10-25T14:26:21Z,2025-10-25T14:02:00Z,ARR,bad,24.0
50,True,True,TORONTO,OTTAWA,2025-10-25,0,Toronto,TRTO,2025-10-25T10:34:35Z,2025-10-25T10:32:00Z,ARR,goo,2.0
50,True,True,TORONTO,OTTAWA,2025-10-25,1,Guildwood,GUIL,2025-10-25T10:51:30Z,2025-10-25T10:50:00Z,ARR,goo,1.0
50,True,True,TORONTO,OTTAWA,2025-10-25,2,Oshawa,OSHA,2025-10-25T11:10:35Z,2025-10-25T11:08:00Z,ARR,goo,2.0
50,True,True,TORONTO,OTTAWA,2025-10-25,3,Cobourg,CBRG,2025-10-25T11:46:48Z,2025-10-25T11:43:00Z,ARR,goo,3.0
50,True,True,TORONTO,OTTAWA,2025-10-25,4,Belleville,BLVL,2025-10-25T12:21:18Z,2025-10-25T12:18:00Z,ARR,goo,3.0
50,True,True,TORONTO,OTTAWA,2025-10-25,5,Kingston,KGON,2025-10-25T12:57:59Z,2025-10-25T12:57:00Z,ARR,goo,0.0
50,True,True,TORONTO,OTTAWA,2025-10-25,6,Brockville,BRKV,2025-10-25T14:09:12Z,2025-10-25T13:54:00Z,ARR,bad,15.0
50,True,True,TORONTO,OTTAWA,2025-10-25,7,Smiths Falls,SMTF,2025-10-25T14:36:59Z,2025-10-25T14:29:00Z,ARR,med,7.0
50,True,True,TORONTO,OTTAWA,2025-10-25,8,Fallowfield,FALL,2025-10-25T15:07:42Z,2025-10-25T15:01:00Z,ARR,med,6.0
50,True,True,TORONTO,OTTAWA,2025-10-25,9,Ottawa,OTTW,2025-10-25T15:27:58Z,2025-10-25T15:21:00Z,ARR,med,6.0
52,True,True,TORONTO,OTTAWA,2025-10-25,0,Toronto,TRTO,2025-10-25T12:32:00Z,2025-10-25T12:32:00Z,ARR,goo,0.0
52,True,True,TORONTO,OTTAWA,2025-10-25,1,Guildwood,GUIL,2025-10-25T12:49:32Z,2025-10-25T12:50:00Z,ARR,goo,0.0
52,True,True,TORONTO,OTTAWA,2025-10-25,2,Oshawa,OSHA,2025-10-25T13:11:45Z,2025-10-25T13:09:00Z,ARR,goo,2.0
52,True,True,TORONTO,OTTAWA,2025-10-25,3,Cobourg,CBRG,2025-10-25T13:46:58Z,2025-10-25T13:44:00Z,ARR,goo,2.0
52,True,True,TORONTO,OTTAWA,2025-10-25,4,Belleville,BLVL,2025-10-25T14:23:35Z,2025-10-25T14:20:00Z,ARR,goo,3.0
52,True,True,TORONTO,OTTAWA,2025-10-25,5,Kingston,KGON,2025-10-25T15:02:19Z,2025-10-25T15:00:00Z,ARR,goo,2.0
52,True,True,TORONTO,OTTAWA,2025-10-25,6,Brockville,BRKV,2025-10-25T16:01:24Z,2025-10-25T15:57:00Z,ARR,goo,4.0
52,True,True,TORONTO,OTTAWA,2025-10-25,7,Smiths Falls,SMTF,2025-10-25T16:42:03Z,2025-10-25T16:35:00Z,ARR,med,7.0
52,True,True,TORONTO,OTTAWA,2025-10-25,8,Fallowfield,FALL,2025-10-25T17:06:26Z,2025-10-25T17:11:00Z,ARR,goo,-4.0
52,True,True,TORONTO,OTTAWA,2025-10-25,9,Ottawa,OTTW,2025-10-25T17:27:38Z,2025-10-25T17:32:00Z,ARR,goo,-4.0
53,True,True,OTTAWA,TORONTO,2025-10-25,0,Ottawa,OTTW,2025-10-25T15:43:00Z,2025-10-25T15:43:00Z,ARR,goo,0.0
53,True,True,OTTAWA,TORONTO,2025-10-25,1,Fallowfield,FALL,2025-10-25T15:58:41Z,2025-10-25T16:00:00Z,ARR,goo,-1.0
53,True,True,OTTAWA,TORONTO,2025-10-25,2,Brockville,BRKV,2025-10-25T17:06:56Z,2025-10-25T17:01:00Z,ARR,med,5.0
53,True,True,OTTAWA,TORONTO,2025-10-25,3,Gananoque,GANA,2025-10-25T17:35:09Z,2025-10-25T17:31:00Z,ARR,goo,4.0
53,True,True,OTTAWA,TORONTO,2025-10-25,4,Kingston,KGON,2025-10-25T17:52:22Z,2025-10-25T17:54:00Z,ARR,goo,-1.0
53,True,True,OTTAWA,TORONTO,2025-10-25,5,Belleville,BLVL,2025-10-25T18:34:55Z,2025-10-25T18:36:00Z,ARR,goo,-1.0
53,True,True,OTTAWA,TORONTO,2025-10-25,6,Cobourg,CBRG,2025-10-25T19:13:03Z,2025-10-25T19:12:00Z,ARR,goo,1.0
53,True,True,OTTAWA,TORONTO,2025-10-25,7,Oshawa,OSHA,2025-10-25T19:50:06Z,2025-10-25T19:48:00Z,ARR,goo,2.0
53,True,True,OTTAWA,TORONTO,2025-10-25,8,Toronto,TRTO,2025-10-25T20:34:42Z,2025-10-25T20:33:00Z,ARR,goo,1.0
60,True,True,TORONTO,MONTRÉAL,2025-10-25,0,Toronto,TRTO,2025-10-25T10:34:14Z,2025-10-25T10:32:00Z,ARR,goo,2.0
60,True,True,TORONTO,MONTRÉAL,2025-10-25,1,Guildwood,GUIL,2025-10-25T10:51:18Z,2025-10-25T10:50:00Z,ARR,goo,1.0
60,True,True,TORONTO,MONTRÉAL,2025-10-25,2,Oshawa,OSHA,2025-10-25T11:10:25Z,2025-10-25T11:08:00Z,ARR,goo,2.0
60,True,True,TORONTO,MONTRÉAL,2025-10-25,3,Cobourg,CBRG,2025-10-25T11:46:38Z,2025-10-25T11:43:00Z,ARR,goo,3.0
60,True,True,TORONTO,MONTRÉAL,2025-10-25,4,Belleville,BLVL,2025-10-25T12:21:10Z,2025-10-25T12:18:00Z,ARR,goo,3.0
60,True,True,TORONTO,MONTRÉAL,2025-10-25,5,Kingston,KGON,2025-10-25T12:57:50Z,2025-10-25T12:57:00Z,ARR,goo,0.0
60,True,True,TORONTO,MONTRÉAL,2025-10-25,6,Cornwall,CWLL,2025-10-25T14:40:49Z,2025-10-25T14:38:00Z,ARR,goo,2.0
60,True,True,TORONTO,MONTRÉAL,2025-10-25,7,Dorval,DORV,2025-10-25T15:27:15Z,2025-10-25T15:25:00Z,ARR,goo,2.0
60,True,True,TORONTO,MONTRÉAL,2025-10-25,8,Montréal,MTRL,2025-10-25T15:51:46Z,2025-10-25T15:50:00Z,ARR,goo,1.0
64,True,True,TORONTO,MONTRÉAL,2025-10-25,0,Toronto,TRTO,2025-10-25T15:38:06Z,2025-10-25T15:38:00Z,ARR,goo,0.0
64,True,True,TORONTO,MONTRÉAL,2025-10-25,1,Guildwood,GUIL,2025-10-25T15:54:28Z,2025-10-25T15:55:00Z,ARR,goo,0.0
64,True,True,TORONTO,MONTRÉAL,2025-10-25,2,Oshawa,OSHA,2025-10-25T16:13:45Z,2025-10-25T16:09:00Z,ARR,goo,4.0
64,True,True,TORONTO,MONTRÉAL,2025-10-25,3,Cobourg,CBRG,2025-10-25T16:50:41Z,2025-10-25T16:46:00Z,ARR,goo,4.0
64,True,True,TORONTO,MONTRÉAL,2025-10-25,4,Belleville,BLVL,2025-10-25T17:28:45Z,2025-10-25T17:22:00Z,ARR,med,6.0
64,True,True,TORONTO,MONTRÉAL,2025-10-25,5,Kingston,KGON,2025-10-25T18:06:54Z,2025-10-25T18:03:00Z,ARR,goo,3.0
64,True,True,TORONTO,MONTRÉAL,2025-10-25,6,Brockville,BRKV,2025-10-25T18:48:30Z,2025-10-25T18:52:00Z,ARR,goo,-3.0
64,True,True,TORONTO,MONTRÉAL,2025-10-25,7,Cornwall,CWLL,2025-10-25T19:39:58Z,2025-10-25T19:42:00Z,ARR,goo,-2.0
64,True,True,TORONTO,MONTRÉAL,2025-10-25,8,Dorval,DORV,2025-10-25T20:27:29Z,2025-10-25T20:37:00Z,ARR,goo,-9.0
64,True,True,TORONTO,MONTRÉAL,2025-10-25,9,Montréal,MTRL,2025-10-25T20:54:18Z,2025-10-25T21:05:00Z,ARR,goo,-10.0
61,True,True,MONTRÉAL,TORONTO,2025-10-25,0,Montréal,MTRL,2025-10-25T10:45:00Z,2025-10-25T10:45:00Z,ARR,goo,0.0
61,True,True,MONTRÉAL,TORONTO,2025-10-25,1,Dorval,DORV,2025-10-25T11:13:37Z,2025-10-25T11:08:00Z,ARR,med,5.0
61,True,True,MONTRÉAL,TORONTO,2025-10-25,2,Cornwall,CWLL,2025-10-25T12:02:38Z,2025-10-25T12:01:00Z,ARR,goo,1.0
61,True,True,MONTRÉAL,TORONTO,2025-10-25,3,Kingston,KGON,2025-10-25T13:27:54Z,2025-10-25T13:29:00Z,ARR,goo,-1.0
61,True,True,MONTRÉAL,TORONTO,2025-10-25,4,Belleville,BLVL,2025-10-25T14:09:46Z,2025-10-25T14:11:00Z,ARR,goo,-1.0
61,True,True,MONTRÉAL,TORONTO,2025-10-25,5,Oshawa,OSHA,2025-10-25T15:19:17Z,2025-10-25T15:19:00Z,ARR,goo,0.0
61,True,True,MONTRÉAL,TORONTO,2025-10-25,6,Guildwood,GUIL,2025-10-25T15:51:56Z,2025-10-25T15:43:00Z,ARR,med,8.0
61,True,True,MONTRÉAL,TORONTO,2025-10-25,7,Toronto,TRTO,2025-10-25T16:14:13Z,2025-10-25T16:03:00Z,ARR,med,11.0
65,True,True,MONTRÉAL,TORONTO,2025-10-25,0,Montréal,MTRL,2025-10-25T14:49:00Z,2025-10-25T14:49:00Z,ARR,goo,0.0
65,True,True,MONTRÉAL,TORONTO,2025-10-25,1,Dorval,DORV,2025-10-25T15:11:38Z,2025-10-25T15:12:00Z,ARR,goo,0.0
65,True,True,MONTRÉAL,TORONTO,2025-10-25,2,Cornwall,CWLL,2025-10-25T16:02:37Z,2025-10-25T16:06:00Z,ARR,goo,-3.0
65,True,True,MONTRÉAL,TORONTO,2025-10-25,3,Kingston,KGON,2025-10-25T17:27:11Z,2025-10-25T17:36:00Z,ARR,goo,-8.0
65,True,True,MONTRÉAL,TORONTO,2025-10-25,4,Belleville,BLVL,2025-10-25T18:14:34Z,2025-10-25T18:20:00Z,ARR,goo,-5.0
65,True,True,MONTRÉAL,TORONTO,2025-10-25,5,Cobourg,CBRG,2025-10-25T18:54:14Z,2025-10-25T18:58:00Z,ARR,goo,-3.0
65,True,True,MONTRÉAL,TORONTO,2025-10-25,6,Oshawa,OSHA,2025-10-25T19:31:50Z,2025-10-25T19:34:00Z,ARR,goo,-2.0
65,True,True,MONTRÉAL,TORONTO,2025-10-25,7,Toronto,TRTO,2025-10-25T20:29:44Z,2025-10-25T20:18:00Z,ARR,med,11.0
67,True,True,MONTRÉAL,TORONTO,2025-10-25,0,Montréal,MTRL,2025-10-25T17:25:58Z,2025-10-25T17:22:00Z,ARR,goo,3.0
67,True,True,MONTRÉAL,TORONTO,2025-10-25,1,Dorval,DORV,2025-10-25T17:53:37Z,2025-10-25T17:47:00Z,ARR,med,6.0
67,True,True,MONTRÉAL,TORONTO,2025-10-25,2,Cornwall,CWLL,2025-10-25T18:41:23Z,2025-10-25T18:38:00Z,ARR,goo,3.0
67,True,True,MONTRÉAL,TORONTO,2025-10-25,3,Kingston,KGON,2025-10-25T20:12:09Z,2025-10-25T20:03:00Z,ARR,med,9.0
67,True,True,MONTRÉAL,TORONTO,2025-10-25,4,Belleville,BLVL,2025-10-25T20:51:53Z,2025-10-25T20:42:00Z,ARR,med,9.0
67,True,True,MONTRÉAL,TORONTO,2025-10-25,5,Cobourg,CBRG,2025-10-25T21:27:42Z,2025-10-25T21:17:00Z,ARR,med,10.0
67,True,True,MONTRÉAL,TORONTO,2025-10-25,6,Oshawa,OSHA,2025-10-25T22:01:29Z,2025-10-25T21:50:00Z,ARR,med,11.0
67,True,True,MONTRÉAL,TORONTO,2025-10-25,7,Toronto,TRTO,2025-10-25T22:58:45Z,2025-10-25T22:45:00Z,ARR,med,13.0
70,True,True,WINDSOR,TORONTO,2025-10-25,0,Windsor,WDON,2025-10-25T09:35:00Z,2025-10-25T09:35:00Z,ARR,goo,0.0
70,True,True,WINDSOR,TORONTO,2025-10-25,1,Chatham,CHAT,2025-10-25T10:18:51Z,2025-10-25T10:19:00Z,ARR,goo,0.0
70,True,True,WINDSOR,TORONTO,2025-10-25,2,London,LNDN,2025-10-25T11:33:36Z,2025-10-25T11:25:00Z,ARR,med,8.0
70,True,True,WINDSOR,TORONTO,2025-10-25,3,Ingersoll,INGR,2025-10-25T12:03:28Z,2025-10-25T11:55:00Z,ARR,med,8.0
70,True,True,WINDSOR,TORONTO,2025-10-25,4,Woodstock,WDST,2025-10-25T12:15:18Z,2025-10-25T12:08:00Z,ARR,med,7.0
70,True,True,WINDSOR,TORONTO,2025-10-25,5,Brantford,BRTF,2025-10-25T12:47:23Z,2025-10-25T12:44:00Z,ARR,goo,3.0
70,True,True,WINDSOR,TORONTO,2025-10-25,6,Aldershot,ALDR,2025-10-25T13:19:31Z,2025-10-25T13:25:00Z,ARR,goo,-5.0
70,True,True,WINDSOR,TORONTO,2025-10-25,7,Oakville,OAKV,2025-10-25T13:45:02Z,2025-10-25T13:43:00Z,ARR,goo,2.0
70,True,True,WINDSOR,TORONTO,2025-10-25,8,Toronto,TRTO,2025-10-25T14:11:04Z,2025-10-25T14:10:00Z,ARR,goo,1.0
72,True,True,WINDSOR,TORONTO,2025-10-25,0,Windsor,WDON,2025-10-25T12:43:00Z,2025-10-25T12:43:00Z,ARR,goo,0.0
72,True,True,WINDSOR,TORONTO,2025-10-25,1,Chatham,CHAT,2025-10-25T13:29:19Z,2025-10-25T13:25:00Z,ARR,goo,4.0
72,True,True,WINDSOR,TORONTO,2025-10-25,2,Glencoe,GLNC,2025-10-25T14:13:06Z,2025-10-25T14:05:00Z,ARR,med,8.0
72,True,True,WINDSOR,TORONTO,2025-10-25,3,London,LNDN,2025-10-25T14:46:31Z,2025-10-25T14:39:00Z,ARR,med,7.0
72,True,True,WINDSOR,TORONTO,2025-10-25,4,Ingersoll,INGR,2025-10-25T15:15:40Z,2025-10-25T15:07:00Z,ARR,med,8.0
72,True,True,WINDSOR,TORONTO,2025-10-25,5,Woodstock,WDST,2025-10-25T15:28:08Z,2025-10-25T15:23:00Z,ARR,med,5.0
72,True,True,WINDSOR,TORONTO,2025-10-25,6,Brantford,BRTF,2025-10-25T16:00:52Z,2025-10-25T15:55:00Z,ARR,med,5.0
72,True,True,WINDSOR,TORONTO,2025-10-25,7,Aldershot,ALDR,2025-10-25T16:34:57Z,2025-10-25T16:29:00Z,ARR,med,5.0
72,True,True,WINDSOR,TORONTO,2025-10-25,8,Oakville,OAKV,2025-10-25T17:00:37Z,2025-10-25T16:45:00Z,ARR,bad,15.0
72,True,True,WINDSOR,TORONTO,2025-10-25,9,Toronto,TRTO,2025-10-25T17:28:19Z,2025-10-25T17:11:00Z,ARR,bad,17.0
71,True,True,TORONTO,WINDSOR,2025-10-25,0,Toronto,TRTO,2025-10-25T10:50:00Z,2025-10-25T10:50:00Z,ARR,goo,0.0
71,True,True,TORONTO,WINDSOR,2025-10-25,1,Oakville,OAKV,2025-10-25T11:16:49Z,2025-10-25T11:13:00Z,ARR,goo,3.0
71,True,True,TORONTO,WINDSOR,2025-10-25,2,Aldershot,ALDR,2025-10-25T11:33:15Z,2025-10-25T11:29:00Z,ARR,goo,4.0
71,True,True,TORONTO,WINDSOR,2025-10-25,3,Brantford,BRTF,2025-10-25T12:03:53Z,2025-10-25T11:55:00Z,ARR,med,8.0
71,True,True,TORONTO,WINDSOR,2025-10-25,4,Woodstock,WDST,2025-10-25T12:36:14Z,2025-10-25T12:30:00Z,ARR,med,6.0
71,True,True,TORONTO,WINDSOR,2025-10-25,5,Ingersoll,INGR,2025-10-25T12:49:12Z,2025-10-25T12:43:00Z,ARR,med,6.0
71,True,True,TORONTO,WINDSOR,2025-10-25,6,London,LNDN,2025-10-25T13:14:48Z,2025-10-25T13:06:00Z,ARR,med,8.0
71,True,True,TORONTO,WINDSOR,2025-10-25,7,Glencoe,GLNC,2025-10-25T13:53:29Z,2025-10-25T13:39:00Z,ARR,med,14.0
71,True,True,TORONTO,WINDSOR,2025-10-25,8,Chatham,CHAT,2025-10-25T14:49:32Z,2025-10-25T14:18:00Z,ARR,bad,31.0
71,True,True,TORONTO,WINDSOR,2025-10-25,9,Windsor,WDON,2025-10-25T15:40:07Z,2025-10-25T15:08:00Z,ARR,bad,32.0
73,True,True,TORONTO,WINDSOR,2025-10-25,0,Toronto,TRTO,2025-10-25T15:30:00Z,2025-10-25T15:30:00Z,ARR,goo,0.0
73,True,True,TORONTO,WINDSOR,2025-10-25,1,Oakville,OAKV,2025-10-25T15:57:29Z,2025-10-25T15:51:00Z,ARR,med,6.0
73,True,True,TORONTO,WINDSOR,2025-10-25,2,Aldershot,ALDR,2025-10-25T16:14:14Z,2025-10-25T16:09:00Z,ARR,med,5.0
73,True,True,TORONTO,WINDSOR,2025-10-25,3,Brantford,BRTF,2025-10-25T16:49:28Z,2025-10-25T16:40:00Z,ARR,med,9.0
73,True,True,TORONTO,WINDSOR,2025-10-25,4,Woodstock,WDST,2025-10-25T17:22:00Z,2025-10-25T17:09:00Z,ARR,med,13.0
73,True,True,TORONTO,WINDSOR,2025-10-25,5,London,LNDN,2025-10-25T17:58:51Z,2025-10-25T17:38:00Z,ARR,bad,20.0
73,True,True,TORONTO,WINDSOR,2025-10-25,6,Chatham,CHAT,2025-10-25T19:20:38Z,2025-10-25T18:50:00Z,ARR,bad,30.0
73,True,True,TORONTO,WINDSOR,2025-10-25,7,Windsor,WDON,2025-10-25T20:09:21Z,2025-10-25T19:45:00Z,ARR,bad,24.0
76,True,True,WINDSOR,TORONTO,2025-10-25,0,Windsor,WDON,2025-10-25T17:06:00Z,2025-10-25T17:06:00Z,ARR,goo,0.0
76,True,True,WINDSOR,TORONTO,2025-10-25,1,Chatham,CHAT,2025-10-25T17:48:31Z,2025-10-25T17:48:00Z,ARR,goo,0.0
76,True,True,WINDSOR,TORONTO,2025-10-25,2,Glencoe,GLNC,2025-10-25T18:41:57Z,2025-10-25T18:23:00Z,ARR,bad,18.0
76,True,True,WINDSOR,TORONTO,2025-10-25,3,London,LNDN,2025-10-25T19:12:56Z,2025-10-25T18:58:00Z,ARR,med,14.0
76,True,True,WINDSOR,TORONTO,2025-10-25,4,Brantford,BRTF,2025-10-25T20:19:33Z,2025-10-25T19:59:00Z,ARR,bad,20.0
76,True,True,WINDSOR,TORONTO,2025-10-25,5,Aldershot,ALDR,2025-10-25T21:07:30Z,2025-10-25T20:30:00Z,ARR,bad,37.0
76,True,True,WINDSOR,TORONTO,2025-10-25,6,Oakville,OAKV,2025-10-25T21:30:42Z,2025-10-25T20:47:00Z,ARR,bad,43.0
76,True,True,WINDSOR,TORONTO,2025-10-25,7,Toronto,TRTO,2025-10-25T22:02:33Z,2025-10-25T21:13:00Z,ARR,bad,49.0
82,True,True,LONDON,TORONTO,2025-10-25,0,London,LNDN,2025-10-25T10:25:00Z,2025-10-25T10:25:00Z,ARR,goo,0.0
82,True,True,LONDON,TORONTO,2025-10-25,1,Woodstock,WDST,2025-10-25T10:58:43Z,2025-10-25T10:53:00Z,ARR,med,5.0
82,True,True,LONDON,TORONTO,2025-10-25,2,Brantford,BRTF,2025-10-25T11:30:04Z,2025-10-25T11:23:00Z,ARR,med,7.0
82,True,True,LONDON,TORONTO,2025-10-25,3,Toronto,TRTO,2025-10-25T12:33:27Z,2025-10-25T12:35:00Z,ARR,goo,-1.0
84,True,True,SARNIA,TORONTO,2025-10-25,0,Sarnia,SARN,2025-10-25T12:40:00Z,2025-10-25T12:40:00Z,ARR,goo,0.0
84,True,True,SARNIA,TORONTO,2025-10-25,1,Wyoming,WYOM,2025-10-25T12:57:41Z,2025-10-25T12:55:00Z,ARR,goo,2.0
84,True,True,SARNIA,TORONTO,2025-10-25,2,Strathroy,STRR,2025-10-25T13:23:08Z,2025-10-25T13:27:00Z,ARR,goo,-3.0
84,True,True,SARNIA,TORONTO,2025-10-25,3,London,LNDN,2025-10-25T13:49:56Z,2025-10-25T13:52:00Z,ARR,goo,-2.0
84,True,True,SARNIA,TORONTO,2025-10-25,4,St.Marys,SMYS,2025-10-25T14:46:57Z,2025-10-25T14:45:00Z,ARR,goo,1.0
84,True,True,SARNIA,TORONTO,2025-10-25,5,Stratford,STRF,2025-10-25T15:14:54Z,2025-10-25T15:14:00Z,ARR,goo,0.0
84,True,True,SARNIA,TORONTO,2025-10-25,6,Kitchener,KITC,2025-10-25T16:06:24Z,2025-10-25T16:02:00Z,ARR,goo,4.0
84,True,True,SARNIA,TORONTO,2025-10-25,7,Guelph,GUEL,2025-10-25T16:27:01Z,2025-10-25T16:24:00Z,ARR,goo,3.0
84,True,True,SARNIA,TORONTO,2025-10-25,8,Georgetown,GEOR,2025-10-25T16:49:23Z,2025-10-25T16:47:00Z,ARR,goo,2.0
84,True,True,SARNIA,TORONTO,2025-10-25,9,Brampton,BRMP,2025-10-25T17:01:19Z,2025-10-25T16:59:00Z,ARR,goo,2.0
84,True,True,SARNIA,TORONTO,2025-10-25,10,Malton,MALT,2025-10-25T17:15:16Z,2025-10-25T17:11:00Z,ARR,goo,4.0
84,True,True,SARNIA,TORONTO,2025-10-25,11,Toronto,TRTO,2025-10-25T17:34:24Z,2025-10-25T17:38:00Z,ARR,goo,-3.0
644,True,True,TORONTO,OTTAWA,2025-10-25,0,Toronto,TRTO,2025-10-25T17:23:00Z,2025-10-25T17:23:00Z,ARR,goo,0.0
644,True,True,TORONTO,OTTAWA,2025-10-25,1,Oshawa,OSHA,2025-10-25T17:54:05Z,2025-10-25T17:53:00Z,ARR,goo,1.0
644,True,True,TORONTO,OTTAWA,2025-10-25,2,Cobourg,CBRG,2025-10-25T18:31:02Z,2025-10-25T18:28:00Z,ARR,goo,3.0
644,True,True,TORONTO,OTTAWA,2025-10-25,3,Belleville,BLVL,2025-10-25T19:07:44Z,2025-10-25T19:03:00Z,ARR,goo,4.0
644,True,True,TORONTO,OTTAWA,2025-10-25,4,Kingston,KGON,2025-10-25T19:48:11Z,2025-10-25T19:43:00Z,ARR,med,5.0
644,True,True,TORONTO,OTTAWA,2025-10-25,5,Fallowfield,FALL,2025-10-25T21:33:59Z,2025-10-25T21:30:00Z,ARR,goo,3.0
644,True,True,TORONTO,OTTAWA,2025-10-25,6,Ottawa,OTTW,2025-10-25T21:55:10Z,2025-10-25T21:53:00Z,ARR,goo,2.0
97,True,True,TORONTO,NIAGARA FALLS,2025-10-25,0,Toronto,TRTO,2025-10-25T12:20:00Z,2025-10-25T12:20:00Z,ARR,goo,0.0
97,True,True,TORONTO,NIAGARA FALLS,2025-10-25,1,Oakville,OAKV,2025-10-25T12:43:00Z,2025-10-25T12:43:00Z,ARR,goo,0.0
97,True,True,TORONTO,NIAGARA FALLS,2025-10-25,2,Aldershot,ALDR,2025-10-25T12:56:00Z,2025-10-25T12:56:00Z,ARR,goo,0.0
97,True,True,TORONTO,NIAGARA FALLS,2025-10-25,3,Grimsby,GRIM,2025-10-25T13:39:00Z,2025-10-25T13:37:00Z,ARR,goo,2.0
97,True,True,TORONTO,NIAGARA FALLS,2025-10-25,4,St. Catharines,SCAT,2025-10-25T13:59:00Z,2025-10-25T13:57:00Z,ARR,goo,2.0
97,True,True,TORONTO,NIAGARA FALLS,2025-10-25,5,Niagara Falls,NIAG,2025-10-25T14:34:00Z,2025-10-25T14:20:00Z,ARR,med,14.0
643,True,True,OTTAWA,TORONTO,2025-10-25,0,Ottawa,OTTW,2025-10-25T12:29:00Z,2025-10-25T12:29:00Z,ARR,goo,0.0
643,True,True,OTTAWA,TORONTO,2025-10-25,1,Fallowfield,FALL,2025-10-25T12:47:00Z,2025-10-25T12:45:00Z,ARR,goo,2.0
643,True,True,OTTAWA,TORONTO,2025-10-25,2,Smiths Falls,SMTF,2025-10-25T13:20:10Z,2025-10-25T13:17:00Z,ARR,goo,3.0
643,True,True,OTTAWA,TORONTO,2025-10-25,3,Brockville,BRKV,2025-10-25T13:56:10Z,2025-10-25T13:49:00Z,ARR,med,7.0
643,True,True,OTTAWA,TORONTO,2025-10-25,4,Kingston,KGON,2025-10-25T14:40:45Z,2025-10-25T14:32:00Z,ARR,med,8.0
643,True,True,OTTAWA,TORONTO,2025-10-25,5,Napanee,NAPN,2025-10-25T15:04:05Z,2025-10-25T14:57:00Z,ARR,med,7.0
643,True,True,OTTAWA,TORONTO,2025-10-25,6,Belleville,BLVL,2025-10-25T15:24:32Z,2025-10-25T15:17:00Z,ARR,med,7.0
643,True,True,OTTAWA,TORONTO,2025-10-25,7,Trenton Jct.,TRNJ,2025-10-25T15:37:31Z,2025-10-25T15:31:00Z,ARR,med,6.0
643,True,True,OTTAWA,TORONTO,2025-10-25,8,Cobourg,CBRG,2025-10-25T16:04:15Z,2025-10-25T15:57:00Z,ARR,med,7.0
643,True,True,OTTAWA,TORONTO,2025-10-25,9,Port Hope,PHOP,2025-10-25T16:15:40Z,2025-10-25T16:07:00Z,ARR,med,8.0
643,True,True,OTTAWA,TORONTO,2025-10-25,10,Oshawa,OSHA,2025-10-25T16:44:31Z,2025-10-25T16:35:00Z,ARR,med,9.0
643,True,True,OTTAWA,TORONTO,2025-10-25,11,Guildwood,GUIL,2025-10-25T17:16:20Z,2025-10-25T16:58:00Z,ARR,bad,18.0
643,True,True,OTTAWA,TORONTO,2025-10-25,12,Toronto,TRTO,2025-10-25T17:34:56Z,2025-10-25T17:18:00Z,ARR,bad,16.0
62,True,True,TORONTO,MONTRÉAL,2025-10-25,0,Toronto,TRTO,2025-10-25T12:32:00Z,2025-10-25T12:32:00Z,ARR,goo,0.0
62,True,True,TORONTO,MONTRÉAL,2025-10-25,1,Guildwood,GUIL,2025-10-25T12:49:23Z,2025-10-25T12:50:00Z,ARR,goo,0.0
62,True,True,TORONTO,MONTRÉAL,2025-10-25,2,Oshawa,OSHA,2025-10-25T13:11:41Z,2025-10-25T13:09:00Z,ARR,goo,2.0
62,True,True,TORONTO,MONTRÉAL,2025-10-25,3,Cobourg,CBRG,2025-10-25T13:46:57Z,2025-10-25T13:44:00Z,ARR,goo,2.0
62,True,True,TORONTO,MONTRÉAL,2025-10-25,4,Belleville,BLVL,2025-10-25T14:23:29Z,2025-10-25T14:20:00Z,ARR,goo,3.0
62,True,True,TORONTO,MONTRÉAL,2025-10-25,5,Kingston,KGON,2025-10-25T15:02:14Z,2025-10-25T15:00:00Z,ARR,goo,2.0
62,True,True,TORONTO,MONTRÉAL,2025-10-25,6,Cornwall,CWLL,2025-10-25T16:40:09Z,2025-10-25T16:43:00Z,ARR,goo,-2.0
62,True,True,TORONTO,MONTRÉAL,2025-10-25,7,Dorval,DORV,2025-10-25T17:31:46Z,2025-10-25T17:34:00Z,ARR,goo,-2.0
62,True,True,TORONTO,MONTRÉAL,2025-10-25,8,Montréal,MTRL,2025-10-25T17:57:22Z,2025-10-25T18:00:00Z,ARR,goo,-2.0
622,True,True,MONTRÉAL,QUÉBEC,2025-10-25,0,Montréal,MTRL,2025-10-25T12:20:00Z,2025-10-25T12:20:00Z,ARR,goo,0.0
622,True,True,MONTRÉAL,QUÉBEC,2025-10-25,1,St. Lambert,SLAM,2025-10-25T12:34:39Z,2025-10-25T12:33:00Z,ARR,goo,1.0
622,True,True,MONTRÉAL,QUÉBEC,2025-10-25,2,St. Hyacinthe,SHYA,2025-10-25T13:03:36Z,2025-10-25T13:00:00Z,ARR,goo,3.0
622,True,True,MONTRÉAL,QUÉBEC,2025-10-25,3,Drummondville,DRMV,2025-10-25T13:36:09Z,2025-10-25T13:29:00Z,ARR,med,7.0
622,True,True,MONTRÉAL,QUÉBEC,2025-10-25,4,Ste-Foy,SFOY,2025-10-25T15:16:45Z,2025-10-25T15:11:00Z,ARR,med,5.0
622,True,True,MONTRÉAL,QUÉBEC,2025-10-25,5,Québec,QBEC,2025-10-25T15:44:35Z,2025-10-25T15:39:00Z,ARR,med,5.0
45,True,True,OTTAWA,TORONTO,2025-10-25,0,Ottawa,OTTW,2025-10-25T14:24:00Z,2025-10-25T14:24:00Z,ARR,goo,0.0
45,True,True,OTTAWA,TORONTO,2025-10-25,1,Fallowfield,FALL,2025-10-25T14:39:07Z,2025-10-25T14:40:00Z,ARR,goo,0.0
45,True,True,OTTAWA,TORONTO,2025-10-25,2,Kingston,KGON,2025-10-25T16:21:51Z,2025-10-25T16:26:00Z,ARR,goo,-4.0
45,True,True,OTTAWA,TORONTO,2025-10-25,3,Toronto,TRTO,2025-10-25T18:42:58Z,2025-10-25T18:48:00Z,ARR,goo,-5.0
633,True,True,MONTRÉAL,OTTAWA,2025-10-25,0,Montréal,MTRL,2025-10-25T13:00:00Z,2025-10-25T13:00:00Z,ARR,goo,0.0
633,True,True,MONTRÉAL,OTTAWA,2025-10-25,1,Dorval,DORV,2025-10-25T13:26:17Z,2025-10-25T13:24:00Z,ARR,goo,2.0
633,True,True,MONTRÉAL,OTTAWA,2025-10-25,2,Alexandria,ALEX,2025-10-25T14:13:06Z,2025-10-25T14:11:00Z,ARR,goo,2.0
633,True,True,MONTRÉAL,OTTAWA,2025-10-25,3,Casselman,CSLM,2025-10-25T14:40:45Z,2025-10-25T14:34:00Z,ARR,med,6.0
633,True,True,MONTRÉAL,OTTAWA,2025-10-25,4,Ottawa,OTTW,2025-10-25T15:04:11Z,2025-10-25T15:05:00Z,ARR,goo,0.0
185,True,True,SUDBURY,WHITE RIVER,2025-10-25,0,Sudbury,SUDB,2025-10-25T13:59:39Z,2025-10-25T13:00:00Z,ARR,bad,59.0
185,True,True,SUDBURY,WHITE RIVER,2025-10-25,1,Azilda,AZIL,2025-10-25T14:15:16Z,2025-10-25T13:10:00Z,ARR,bad,65.0
185,True,True,SUDBURY,WHITE RIVER,2025-10-25,2,Chelmsford,CHEL,2025-10-25T14:18:18Z,2025-10-25T13:15:00Z,ARR,bad,63.0
185,True,True,SUDBURY,WHITE RIVER,2025-10-25,3,Larchwood,LARC,2025-10-25T14:22:13Z,2025-10-25T13:19:00Z,ARR,bad,63.0
185,True,True,SUDBURY,WHITE RIVER,2025-10-25,4,Levack,LEVA,2025-10-25T14:32:24Z,2025-10-25T13:30:00Z,ARR,bad,62.0
185,True,True,SUDBURY,WHITE RIVER,2025-10-25,5,Cartier,CART,2025-10-25T14:45:09Z,2025-10-25T13:45:00Z,ARR,bad,60.0
185,True,True,SUDBURY,WHITE RIVER,2025-10-25,6,Benny,BENN,2025-10-25T15:03:52Z,2025-10-25T14:05:00Z,ARR,bad,58.0
185,True,True,SUDBURY,WHITE RIVER,2025-10-25,7,Stralak,STRL,2025-10-25T15:08:37Z,2025-10-25T14:12:00Z,ARR,bad,56.0
185,True,True,SUDBURY,WHITE RIVER,2025-10-25,8,Pogamasing,POGA,2025-10-25T15:19:56Z,2025-10-25T14:25:00Z,ARR,bad,54.0
185,True,True,SUDBURY,WHITE RIVER,2025-10-25,9,Sheahan,SHEA,2025-10-25T16:03:11Z,2025-10-25T14:30:00Z,ARR,bad,93.0
185,True,True,SUDBURY,WHITE RIVER,2025-10-25,10,Forks,FRKS,2025-10-25T16:12:12Z,2025-10-25T14:40:00Z,ARR,bad,92.0
185,True,True,SUDBURY,WHITE RIVER,2025-10-25,11,Metagama,MTGM,2025-10-25T16:22:12Z,2025-10-25T14:50:00Z,ARR,bad,92.0
185,True,True,SUDBURY,WHITE RIVER,2025-10-25,12,Sinker,SNKR,2025-10-25T16:27:12Z,2025-10-25T14:55:00Z,ARR,bad,92.0
185,True,True,SUDBURY,WHITE RIVER,2025-10-25,13,Biscotasing,BISC,2025-10-25T17:52:12Z,2025-10-25T15:20:00Z,ARR,bad,152.0
185,True,True,SUDBURY,WHITE RIVER,2025-10-25,14,Roberts,RBRT,2025-10-25T18:02:12Z,2025-10-25T15:30:00Z,ARR,bad,152.0
185,True,True,SUDBURY,WHITE RIVER,2025-10-25,15,Ramsey,RAMS,2025-10-25T18:17:12Z,2025-10-25T15:45:00Z,ARR,bad,152.0
185,True,True,SUDBURY,WHITE RIVER,2025-10-25,16,Woman River,WOMR,2025-10-25T18:37:12Z,2025-10-25T16:05:00Z,ARR,bad,152.0
185,True,True,SUDBURY,WHITE RIVER,2025-10-25,17,Sultan,SULT,2025-10-25T19:10:34Z,2025-10-25T16:20:00Z,ARR,bad,170.0
185,True,True,SUDBURY,WHITE RIVER,2025-10-25,18,Kormak,KORM,2025-10-25T19:25:34Z,2025-10-25T16:35:00Z,ARR,bad,170.0
185,True,True,SUDBURY,WHITE RIVER,2025-10-25,19,Kinogama,KINO,2025-10-25T19:30:34Z,2025-10-25T16:40:00Z,ARR,bad,170.0
185,True,True,SUDBURY,WHITE RIVER,2025-10-25,20,Nemegos,NEME,2025-10-25T19:48:50Z,2025-10-25T16:55:00Z,ARR,bad,173.0
185,True,True,SUDBURY,WHITE RIVER,2025-10-25,21,Devon,DEVN,2025-10-25T20:00:18Z,2025-10-25T17:05:00Z,ARR,bad,175.0
185,True,True,SUDBURY,WHITE RIVER,2025-10-25,22,Chapleau,CHAP,2025-10-25T20:26:34Z,2025-10-25T17:20:00Z,ARR,bad,186.0
185,True,True,SUDBURY,WHITE RIVER,2025-10-25,23,Esher,ESHR,2025-10-25T20:43:34Z,2025-10-25T17:50:00Z,ARR,bad,173.0
185,True,True,SUDBURY,WHITE RIVER,2025-10-25,24,Musk,MUSK,2025-10-25T20:54:49Z,2025-10-25T18:00:00Z,ARR,bad,174.0
185,True,True,SUDBURY,WHITE RIVER,2025-10-25,25,Nicholson,NICH,2025-10-25T21:00:40Z,2025-10-25T18:10:00Z,ARR,bad,170.0
185,True,True,SUDBURY,WHITE RIVER,2025-10-25,26,Bolkow,BOLK,2025-10-25T21:19:14Z,2025-10-25T18:30:00Z,ARR,bad,169.0
185,True,True,SUDBURY,WHITE RIVER,2025-10-25,27,Dalton,DALT,2025-10-25T21:34:14Z,2025-10-25T18:45:00Z,ARR,bad,169.0
185,True,True,SUDBURY,WHITE RIVER,2025-10-25,28,Missanabie,MSBI,2025-10-25T21:59:14Z,2025-10-25T19:10:00Z,ARR,bad,169.0
185,True,True,SUDBURY,WHITE RIVER,2025-10-25,29,Lochalsh,LOCH,2025-10-25T22:19:14Z,2025-10-25T19:30:00Z,ARR,bad,169.0
185,True,True,SUDBURY,WHITE RIVER,2025-10-25,30,Franz,FRNZ,2025-10-25T22:26:59Z,2025-10-25T19:50:00Z,ARR,bad,156.0
185,True,True,SUDBURY,WHITE RIVER,2025-10-25,31,Swanson,SWAN,2025-10-25T22:36:36Z,2025-10-25T20:00:00Z,ARR,bad,156.0
185,True,True,SUDBURY,WHITE RIVER,2025-10-25,32,Girdwood,GIRD,2025-10-25T22:56:51Z,2025-10-25T20:25:00Z,ARR,bad,151.0
185,True,True,SUDBURY,WHITE RIVER,2025-10-25,33,Amyot,AMYO,2025-10-25T23:15:30Z,2025-10-25T20:35:00Z,ARR,bad,160.0
185,True,True,SUDBURY,WHITE RIVER,2025-10-25,34,O'Brien,OBRI,2025-10-25T23:29:18Z,2025-10-25T20:50:00Z,ARR,bad,159.0
185,True,True,SUDBURY,WHITE RIVER,2025-10-25,35,White River,WHTR,2025-10-25T23:43:00Z,2025-10-25T21:05:00Z,ARR,bad,158.0
637,True,True,QUÉBEC,OTTAWA,2025-10-25,0,Québec,QBEC,2025-10-25T14:00:00Z,2025-10-25T14:00:00Z,ARR,goo,0.0
637,True,True,QUÉBEC,OTTAWA,2025-10-25,1,Ste-Foy,SFOY,2025-10-25T14:26:04Z,2025-10-25T14:25:00Z,ARR,goo,1.0
637,True,True,QUÉBEC,OTTAWA,2025-10-25,2,Drummondville,DRMV,2025-10-25T15:56:25Z,2025-10-25T16:08:00Z,ARR,goo,-11.0
637,True,True,QUÉBEC,OTTAWA,2025-10-25,3,St. Lambert,SLAM,2025-10-25T17:07:26Z,2025-10-25T17:16:00Z,ARR,goo,-8.0
637,True,True,QUÉBEC,OTTAWA,2025-10-25,4,Montréal,MTRL,2025-10-25T17:31:13Z,2025-10-25T17:31:00Z,ARR,goo,0.0
637,True,True,QUÉBEC,OTTAWA,2025-10-25,5,Dorval,DORV,2025-10-25T18:19:21Z,2025-10-25T18:20:00Z,ARR,goo,0.0
637,True,True,QUÉBEC,OTTAWA,2025-10-25,6,Alexandria,ALEX,2025-10-25T19:17:07Z,2025-10-25T19:10:00Z,ARR,med,7.0
637,True,True,QUÉBEC,OTTAWA,2025-10-25,7,Ottawa,OTTW,2025-10-25T20:00:51Z,2025-10-25T19:56:00Z,ARR,goo,4.0
47,True,True,OTTAWA,TORONTO,2025-10-25,0,Ottawa,OTTW,2025-10-25T16:23:00Z,2025-10-25T16:23:00Z,ARR,goo,0.0
47,True,True,OTTAWA,TORONTO,2025-10-25,1,Fallowfield,FALL,2025-10-25T16:38:13Z,2025-10-25T16:40:00Z,ARR,goo,-1.0
47,True,True,OTTAWA,TORONTO,2025-10-25,2,Smiths Falls,SMTF,2025-10-25T17:15:30Z,2025-10-25T17:18:00Z,ARR,goo,-2.0
47,True,True,OTTAWA,TORONTO,2025-10-25,3,Brockville,BRKV,2025-10-25T17:50:19Z,2025-10-25T17:54:00Z,ARR,goo,-3.0
47,True,True,OTTAWA,TORONTO,2025-10-25,4,Gananoque,GANA,2025-10-25T18:22:48Z,2025-10-25T18:22:00Z,ARR,goo,0.0
47,True,True,OTTAWA,TORONTO,2025-10-25,5,Kingston,KGON,2025-10-25T18:40:53Z,2025-10-25T18:45:00Z,ARR,goo,-4.0
47,True,True,OTTAWA,TORONTO,2025-10-25,6,Belleville,BLVL,2025-10-25T19:25:36Z,2025-10-25T19:26:00Z,ARR,goo,0.0
47,True,True,OTTAWA,TORONTO,2025-10-25,7,Oshawa,OSHA,2025-10-25T20:41:12Z,2025-10-25T20:33:00Z,ARR,med,8.0
47,True,True,OTTAWA,TORONTO,2025-10-25,8,Guildwood,GUIL,2025-10-25T21:03:47Z,2025-10-25T20:58:00Z,ARR,med,5.0
47,True,True,OTTAWA,TORONTO,2025-10-25,9,Toronto,TRTO,2025-10-25T21:31:26Z,2025-10-25T21:30:00Z,ARR,goo,1.0
63,True,True,MONTRÉAL,TORONTO,2025-10-25,0,Montréal,MTRL,2025-10-25T12:46:00Z,2025-10-25T12:46:00Z,ARR,goo,0.0
63,True,True,MONTRÉAL,TORONTO,2025-10-25,1,Dorval,DORV,2025-10-25T13:10:08Z,2025-10-25T13:11:00Z,ARR,goo,0.0
63,True,True,MONTRÉAL,TORONTO,2025-10-25,2,Cornwall,CWLL,2025-10-25T14:02:45Z,2025-10-25T14:04:00Z,ARR,goo,-1.0
63,True,True,MONTRÉAL,TORONTO,2025-10-25,3,Brockville,BRKV,2025-10-25T14:51:39Z,2025-10-25T14:54:00Z,ARR,goo,-2.0
63,True,True,MONTRÉAL,TORONTO,2025-10-25,4,Kingston,KGON,2025-10-25T15:39:28Z,2025-10-25T15:39:00Z,ARR,goo,0.0
63,True,True,MONTRÉAL,TORONTO,2025-10-25,5,Belleville,BLVL,2025-10-25T16:29:52Z,2025-10-25T16:20:00Z,ARR,med,9.0
63,True,True,MONTRÉAL,TORONTO,2025-10-25,6,Cobourg,CBRG,2025-10-25T17:06:59Z,2025-10-25T16:58:00Z,ARR,med,8.0
63,True,True,MONTRÉAL,TORONTO,2025-10-25,7,Oshawa,OSHA,2025-10-25T17:44:11Z,2025-10-25T17:34:00Z,ARR,med,10.0
63,True,True,MONTRÉAL,TORONTO,2025-10-25,8,Guildwood,GUIL,2025-10-25T18:10:08Z,2025-10-25T17:58:00Z,ARR,med,12.0
63,True,True,MONTRÉAL,TORONTO,2025-10-25,9,Toronto,TRTO,2025-10-25T18:28:58Z,2025-10-25T18:18:00Z,ARR,med,10.0
624,True,True,OTTAWA,QUÉBEC,2025-10-25,0,Ottawa,OTTW,2025-10-25T11:45:00Z,2025-10-25T11:45:00Z,ARR,goo,0.0
624,True,True,OTTAWA,QUÉBEC,2025-10-25,1,Alexandria,ALEX,2025-10-25T12:28:50Z,2025-10-25T12:31:00Z,ARR,goo,-2.0
624,True,True,OTTAWA,QUÉBEC,2025-10-25,2,Dorval,DORV,2025-10-25T13:13:53Z,2025-10-25T13:16:00Z,ARR,goo,-2.0
624,True,True,OTTAWA,QUÉBEC,2025-10-25,3,Montréal,MTRL,2025-10-25T13:38:13Z,2025-10-25T13:39:00Z,ARR,goo,0.0
624,True,True,OTTAWA,QUÉBEC,2025-10-25,4,St. Lambert,SLAM,2025-10-25T14:50:23Z,2025-10-25T14:28:00Z,ARR,bad,22.0
624,True,True,OTTAWA,QUÉBEC,2025-10-25,5,St. Hyacinthe,SHYA,2025-10-25T15:07:17Z,2025-10-25T15:06:00Z,ARR,goo,1.0
624,True,True,OTTAWA,QUÉBEC,2025-10-25,6,Drummondville,DRMV,2025-10-25T15:35:15Z,2025-10-25T15:34:00Z,ARR,goo,1.0
624,True,True,OTTAWA,QUÉBEC,2025-10-25,7,Charny,CHNY,2025-10-25T17:05:48Z,2025-10-25T17:13:00Z,ARR,goo,-7.0
624,True,True,OTTAWA,QUÉBEC,2025-10-25,8,Ste-Foy,SFOY,2025-10-25T17:21:36Z,2025-10-25T17:20:00Z,ARR,goo,1.0
624,True,True,OTTAWA,QUÉBEC,2025-10-25,9,Québec,QBEC,2025-10-25T17:50:10Z,2025-10-25T17:48:00Z,ARR,goo,2.0
40,True,True,TORONTO,OTTAWA,2025-10-25,0,Toronto,TRTO,2025-10-25T14:38:00Z,2025-10-25T14:38:00Z,ARR,goo,0.0
40,True,True,TORONTO,OTTAWA,2025-10-25,1,Belleville,BLVL,2025-10-25T16:16:22Z,2025-10-25T16:09:00Z,ARR,med,7.0
40,True,True,TORONTO,OTTAWA,2025-10-25,2,Kingston,KGON,2025-10-25T16:56:43Z,2025-10-25T16:48:00Z,ARR,med,8.0
40,True,True,TORONTO,OTTAWA,2025-10-25,3,Fallowfield,FALL,2025-10-25T18:40:01Z,2025-10-25T18:38:00Z,ARR,goo,2.0
40,True,True,TORONTO,OTTAWA,2025-10-25,4,Ottawa,OTTW,2025-10-25T18:59:55Z,2025-10-25T19:02:00Z,ARR,goo,-2.0
35,True,True,QUÉBEC,OTTAWA,2025-10-25,0,Québec,QBEC,2025-10-25T12:06:00Z,2025-10-25T12:06:00Z,ARR,goo,0.0
35,True,True,QUÉBEC,OTTAWA,2025-10-25,1,Ste-Foy,SFOY,2025-10-25T12:33:19Z,2025-10-25T12:31:00Z,ARR,goo,2.0
35,True,True,QUÉBEC,OTTAWA,2025-10-25,2,Charny,CHNY,2025-10-25T12:44:38Z,2025-10-25T12:40:00Z,ARR,goo,4.0
35,True,True,QUÉBEC,OTTAWA,2025-10-25,3,Drummondville,DRMV,2025-10-25T14:13:55Z,2025-10-25T14:14:00Z,ARR,goo,0.0
35,True,True,QUÉBEC,OTTAWA,2025-10-25,4,St. Hyacinthe,SHYA,2025-10-25T14:43:31Z,2025-10-25T14:44:00Z,ARR,goo,0.0
35,True,True,QUÉBEC,OTTAWA,2025-10-25,5,St. Lambert,SLAM,2025-10-25T15:12:48Z,2025-10-25T15:11:00Z,ARR,goo,1.0
35,True,True,QUÉBEC,OTTAWA,2025-10-25,6,Montréal,MTRL,2025-10-25T15:29:37Z,2025-10-25T15:26:00Z,ARR,goo,3.0
35,True,True,QUÉBEC,OTTAWA,2025-10-25,7,Dorval,DORV,2025-10-25T16:22:04Z,2025-10-25T16:18:00Z,ARR,goo,4.0
35,True,True,QUÉBEC,OTTAWA,2025-10-25,8,Coteau,COTO,2025-10-25T16:49:34Z,2025-10-25T16:46:00Z,ARR,goo,3.0
35,True,True,QUÉBEC,OTTAWA,2025-10-25,9,Alexandria,ALEX,2025-10-25T17:10:18Z,2025-10-25T17:08:00Z,ARR,goo,2.0
35,True,True,QUÉBEC,OTTAWA,2025-10-25,10,Casselman,CSLM,2025-10-25T17:32:02Z,2025-10-25T17:31:00Z,ARR,goo,1.0
35,True,True,QUÉBEC,OTTAWA,2025-10-25,11,Ottawa,OTTW,2025-10-25T17:57:47Z,2025-10-25T17:58:00Z,ARR,goo,0.0
26,True,True,OTTAWA,QUÉBEC,2025-10-25,0,Ottawa,OTTW,2025-10-25T18:17:00Z,2025-10-25T18:17:00Z,ARR,goo,0.0
26,True,True,OTTAWA,QUÉBEC,2025-10-25,1,Alexandria,ALEX,2025-10-25T18:59:52Z,2025-10-25T19:03:00Z,ARR,goo,-3.0
26,True,True,OTTAWA,QUÉBEC,2025-10-25,2,Coteau,COTO,2025-10-25T19:21:13Z,2025-10-25T19:26:00Z,ARR,goo,-4.0
26,True,True,OTTAWA,QUÉBEC,2025-10-25,3,Dorval,DORV,2025-10-25T19:42:27Z,2025-10-25T19:49:00Z,ARR,goo,-6.0
26,True,True,OTTAWA,QUÉBEC,2025-10-25,4,Montréal,MTRL,2025-10-25T20:22:21Z,2025-10-25T20:15:00Z,ARR,med,7.0
26,True,True,OTTAWA,QUÉBEC,2025-10-25,5,St. Lambert,SLAM,2025-10-25T21:08:29Z,2025-10-25T20:53:00Z,ARR,bad,15.0
26,True,True,OTTAWA,QUÉBEC,2025-10-25,6,St. Hyacinthe,SHYA,2025-10-25T21:40:35Z,2025-10-25T21:20:00Z,ARR,bad,20.0
26,True,True,OTTAWA,QUÉBEC,2025-10-25,7,Drummondville,DRMV,2025-10-25T22:13:38Z,2025-10-25T22:05:00Z,ARR,med,8.0
26,True,True,OTTAWA,QUÉBEC,2025-10-25,8,Charny,CHNY,2025-10-25T23:45:38Z,2025-10-25T23:44:00Z,ARR,goo,1.0
26,True,True,OTTAWA,QUÉBEC,2025-10-25,9,Ste-Foy,SFOY,2025-10-25T23:55:05Z,2025-10-25T23:52:00Z,ARR,goo,3.0
26,True,True,OTTAWA,QUÉBEC,2025-10-25,10,Québec,QBEC,2025-10-26T00:25:06Z,2025-10-26T00:19:00Z,ARR,med,6.0
39,True,True,QUÉBEC,OTTAWA,2025-10-25,0,Québec,QBEC,2025-10-25T18:57:00Z,2025-10-25T18:57:00Z,ARR,goo,0.0
39,True,True,QUÉBEC,OTTAWA,2025-10-25,1,Ste-Foy,SFOY,2025-10-25T19:23:02Z,2025-10-25T19:22:00Z,ARR,goo,1.0
39,True,True,QUÉBEC,OTTAWA,2025-10-25,2,Drummondville,DRMV,2025-10-25T21:01:01Z,2025-10-25T20:58:00Z,ARR,goo,3.0
39,True,True,QUÉBEC,OTTAWA,2025-10-25,3,St. Lambert,SLAM,2025-10-25T22:16:07Z,2025-10-25T21:57:00Z,ARR,bad,19.0
39,True,True,QUÉBEC,OTTAWA,2025-10-25,4,Montréal,MTRL,2025-10-25T22:31:35Z,2025-10-25T22:11:00Z,ARR,bad,20.0
39,True,True,QUÉBEC,OTTAWA,2025-10-25,5,Dorval,DORV,2025-10-25T23:20:14Z,2025-10-25T23:14:00Z,ARR,med,6.0
39,True,True,QUÉBEC,OTTAWA,2025-10-25,6,Coteau,COTO,2025-10-26T00:13:13Z,2025-10-25T23:43:00Z,ARR,bad,30.0
39,True,True,QUÉBEC,OTTAWA,2025-10-25,7,Alexandria,ALEX,2025-10-26T00:31:01Z,2025-10-26T00:06:00Z,ARR,bad,25.0
39,True,True,QUÉBEC,OTTAWA,2025-10-25,8,Ottawa,OTTW,2025-10-26T01:13:40Z,2025-10-26T00:51:00Z,ARR,bad,22.0
66,True,True,TORONTO,MONTRÉAL,2025-10-25,0,Toronto,TRTO,2025-10-25T19:23:07Z,2025-10-25T19:23:00Z,ARR,goo,0.0
66,True,True,TORONTO,MONTRÉAL,2025-10-25,1,Guildwood,GUIL,2025-10-25T19:43:23Z,2025-10-25T19:40:00Z,ARR,goo,3.0
66,True,True,TORONTO,MONTRÉAL,2025-10-25,2,Oshawa,OSHA,2025-10-25T20:03:49Z,2025-10-25T19:54:00Z,ARR,med,9.0
66,True,True,TORONTO,MONTRÉAL,2025-10-25,3,Belleville,BLVL,2025-10-25T21:11:10Z,2025-10-25T21:00:00Z,ARR,med,11.0
66,True,True,TORONTO,MONTRÉAL,2025-10-25,4,Kingston,KGON,2025-10-25T21:50:05Z,2025-10-25T21:40:00Z,ARR,med,10.0
66,True,True,TORONTO,MONTRÉAL,2025-10-25,5,Cornwall,CWLL,2025-10-25T23:10:17Z,2025-10-25T23:07:00Z,ARR,goo,3.0
66,True,True,TORONTO,MONTRÉAL,2025-10-25,6,Dorval,DORV,2025-10-26T00:06:51Z,2025-10-25T23:58:00Z,ARR,med,8.0
66,True,True,TORONTO,MONTRÉAL,2025-10-25,7,Montréal,MTRL,2025-10-26T00:35:18Z,2025-10-26T00:25:00Z,ARR,med,10.0
46,True,True,TORONTO,OTTAWA,2025-10-25,0,Toronto,TRTO,2025-10-25T19:38:00Z,2025-10-25T19:38:00Z,ARR,goo,0.0
46,True,True,TORONTO,OTTAWA,2025-10-25,1,Oshawa,OSHA,2025-10-25T20:17:25Z,2025-10-25T20:09:00Z,ARR,med,8.0
46,True,True,TORONTO,OTTAWA,2025-10-25,2,Cobourg,CBRG,2025-10-25T20:54:56Z,2025-10-25T20:43:00Z,ARR,med,11.0
46,True,True,TORONTO,OTTAWA,2025-10-25,3,Kingston,KGON,2025-10-25T22:08:05Z,2025-10-25T21:54:00Z,ARR,med,14.0
46,True,True,TORONTO,OTTAWA,2025-10-25,4,Brockville,BRKV,2025-10-25T22:56:27Z,2025-10-25T22:40:00Z,ARR,bad,16.0
46,True,True,TORONTO,OTTAWA,2025-10-25,5,Fallowfield,FALL,2025-10-25T23:53:42Z,2025-10-25T23:40:00Z,ARR,med,13.0
46,True,True,TORONTO,OTTAWA,2025-10-25,6,Ottawa,OTTW,2025-10-26T00:13:38Z,2025-10-26T00:00:00Z,ARR,med,13.0
28,True,True,OTTAWA,QUÉBEC,2025-10-25,0,Ottawa,OTTW,2025-10-25T20:05:00Z,2025-10-25T20:05:00Z,ARR,goo,0.0
28,True,True,OTTAWA,QUÉBEC,2025-10-25,1,Casselman,CSLM,2025-10-25T20:29:22Z,2025-10-25T20:31:00Z,ARR,goo,-1.0
28,True,True,OTTAWA,QUÉBEC,2025-10-25,2,Alexandria,ALEX,2025-10-25T20:50:53Z,2025-10-25T20:53:00Z,ARR,goo,-2.0
28,True,True,OTTAWA,QUÉBEC,2025-10-25,3,Coteau,COTO,2025-10-25T21:13:15Z,2025-10-25T21:15:00Z,ARR,goo,-1.0
28,True,True,OTTAWA,QUÉBEC,2025-10-25,4,Dorval,DORV,2025-10-25T21:36:11Z,2025-10-25T21:38:00Z,ARR,goo,-1.0
28,True,True,OTTAWA,QUÉBEC,2025-10-25,5,Montréal,MTRL,2025-10-25T22:02:38Z,2025-10-25T22:04:00Z,ARR,goo,-1.0
28,True,True,OTTAWA,QUÉBEC,2025-10-25,6,St. Lambert,SLAM,2025-10-25T22:44:12Z,2025-10-25T22:38:00Z,ARR,med,6.0
28,True,True,OTTAWA,QUÉBEC,2025-10-25,7,St. Hyacinthe,SHYA,2025-10-25T23:15:13Z,2025-10-25T23:06:00Z,ARR,med,9.0
28,True,True,OTTAWA,QUÉBEC,2025-10-25,8,Drummondville,DRMV,2025-10-25T23:53:58Z,2025-10-25T23:52:00Z,ARR,goo,1.0
28,True,True,OTTAWA,QUÉBEC,2025-10-25,9,Charny,CHNY,2025-10-26T01:22:28Z,2025-10-26T01:14:00Z,ARR,med,8.0
28,True,True,OTTAWA,QUÉBEC,2025-10-25,10,Ste-Foy,SFOY,2025-10-26T01:31:24Z,2025-10-26T01:21:00Z,ARR,med,10.0
28,True,True,OTTAWA,QUÉBEC,2025-10-25,11,Québec,QBEC,2025-10-26T01:59:24Z,2025-10-26T01:48:00Z,ARR,med,11.0
69,True,True,MONTRÉAL,TORONTO,2025-10-25,0,Montréal,MTRL,2025-10-25T20:38:00Z,2025-10-25T20:38:00Z,ARR,goo,0.0
69,True,True,MONTRÉAL,TORONTO,2025-10-25,1,Dorval,DORV,2025-10-25T21:02:54Z,2025-10-25T21:04:00Z,ARR,goo,-1.0
69,True,True,MONTRÉAL,TORONTO,2025-10-25,2,Cornwall,CWLL,2025-10-25T21:52:30Z,2025-10-25T21:53:00Z,ARR,goo,0.0
69,True,True,MONTRÉAL,TORONTO,2025-10-25,3,Brockville,BRKV,2025-10-25T22:36:41Z,2025-10-25T22:40:00Z,ARR,goo,-3.0
69,True,True,MONTRÉAL,TORONTO,2025-10-25,4,Kingston,KGON,2025-10-25T23:22:05Z,2025-10-25T23:24:00Z,ARR,goo,-1.0
69,True,True,MONTRÉAL,TORONTO,2025-10-25,5,Oshawa,OSHA,2025-10-26T01:05:11Z,2025-10-26T01:05:00Z,ARR,goo,0.0
69,True,True,MONTRÉAL,TORONTO,2025-10-25,6,Guildwood,GUIL,2025-10-26T01:29:46Z,2025-10-26T01:28:00Z,ARR,goo,1.0
69,True,True,MONTRÉAL,TORONTO,2025-10-25,7,Toronto,TRTO,2025-10-26T01:48:11Z,2025-10-26T01:48:00Z,ARR,goo,0.0
68,True,True,TORONTO,MONTRÉAL,2025-10-25,0,Toronto,TRTO,2025-10-25T21:08:10Z,2025-10-25T21:08:00Z,ARR,goo,0.0
68,True,True,TORONTO,MONTRÉAL,2025-10-25,1,Oshawa,OSHA,2025-10-25T21:50:02Z,2025-10-25T21:39:00Z,ARR,med,11.0
68,True,True,TORONTO,MONTRÉAL,2025-10-25,2,Cobourg,CBRG,2025-10-25T22:31:03Z,2025-10-25T22:14:00Z,ARR,bad,17.0
68,True,True,TORONTO,MONTRÉAL,2025-10-25,3,Belleville,BLVL,2025-10-25T23:08:15Z,2025-10-25T22:49:00Z,ARR,bad,19.0
68,True,True,TORONTO,MONTRÉAL,2025-10-25,4,Kingston,KGON,2025-10-25T23:49:43Z,2025-10-25T23:26:00Z,ARR,bad,23.0
68,True,True,TORONTO,MONTRÉAL,2025-10-25,5,Brockville,BRKV,2025-10-26T00:32:32Z,2025-10-26T00:11:00Z,ARR,bad,21.0
68,True,True,TORONTO,MONTRÉAL,2025-10-25,6,Cornwall,CWLL,2025-10-26T01:17:25Z,2025-10-26T00:57:00Z,ARR,bad,20.0
68,True,True,TORONTO,MONTRÉAL,2025-10-25,7,Dorval,DORV,2025-10-26T02:09:21Z,2025-10-26T01:47:00Z,ARR,bad,22.0
68,True,True,TORONTO,MONTRÉAL,2025-10-25,8,Montréal,MTRL,2025-10-26T02:33:41Z,2025-10-26T02:14:00Z,ARR,bad,19.0
54,True,True,TORONTO,OTTAWA,2025-10-25,0,Toronto,TRTO,2025-10-25T21:38:35Z,2025-10-25T21:38:00Z,ARR,goo,0.0
54,True,True,TORONTO,OTTAWA,2025-10-25,1,Guildwood,GUIL,2025-10-25T22:01:40Z,2025-10-25T21:55:00Z,ARR,med,6.0
54,True,True,TORONTO,OTTAWA,2025-10-25,2,Oshawa,OSHA,2025-10-25T22:23:16Z,2025-10-25T22:08:00Z,ARR,bad,15.0
54,True,True,TORONTO,OTTAWA,2025-10-25,3,Port Hope,PHOP,2025-10-25T22:51:11Z,2025-10-25T22:37:00Z,ARR,med,14.0
54,True,True,TORONTO,OTTAWA,2025-10-25,4,Cobourg,CBRG,2025-10-25T23:01:08Z,2025-10-25T22:46:00Z,ARR,bad,15.0
54,True,True,TORONTO,OTTAWA,2025-10-25,5,Trenton Jct.,TRNJ,2025-10-25T23:30:59Z,2025-10-25T23:13:01Z,ARR,bad,17.0
54,True,True,TORONTO,OTTAWA,2025-10-25,6,Belleville,BLVL,2025-10-25T23:44:30Z,2025-10-25T23:27:00Z,ARR,bad,17.0
54,True,True,TORONTO,OTTAWA,2025-10-25,7,Napanee,NAPN,2025-10-26T00:04:36Z,2025-10-25T23:48:00Z,ARR,bad,16.0
54,True,True,TORONTO,OTTAWA,2025-10-25,8,Kingston,KGON,2025-10-26T00:36:47Z,2025-10-26T00:09:00Z,ARR,bad,27.0
54,True,True,TORONTO,OTTAWA,2025-10-25,9,Brockville,BRKV,2025-10-26T01:20:59Z,2025-10-26T00:54:00Z,ARR,bad,26.0
54,True,True,TORONTO,OTTAWA,2025-10-25,10,Smiths Falls,SMTF,2025-10-26T02:18:28Z,2025-10-26T01:25:00Z,ARR,bad,53.0
54,True,True,TORONTO,OTTAWA,2025-10-25,11,Fallowfield,FALL,2025-10-26T02:44:29Z,2025-10-26T01:52:00Z,ARR,bad,52.0
54,True,True,TORONTO,OTTAWA,2025-10-25,12,Ottawa,OTTW,2025-10-26T03:04:09Z,2025-10-26T02:13:00Z,ARR,bad,51.0
75,True,True,TORONTO,WINDSOR,2025-10-25,0,Toronto,TRTO,2025-10-25T21:24:40Z,2025-10-25T21:22:00Z,ARR,goo,2.0
75,True,True,TORONTO,WINDSOR,2025-10-25,1,Oakville,OAKV,2025-10-25T21:55:17Z,2025-10-25T21:45:00Z,ARR,med,10.0
75,True,True,TORONTO,WINDSOR,2025-10-25,2,Aldershot,ALDR,2025-10-25T22:14:39Z,2025-10-25T22:01:00Z,ARR,med,13.0
75,True,True,TORONTO,WINDSOR,2025-10-25,3,Brantford,BRTF,2025-10-25T22:47:33Z,2025-10-25T22:33:00Z,ARR,med,14.0
75,True,True,TORONTO,WINDSOR,2025-10-25,4,Woodstock,WDST,2025-10-25T23:17:23Z,2025-10-25T23:04:00Z,ARR,med,13.0
75,True,True,TORONTO,WINDSOR,2025-10-25,5,Ingersoll,INGR,2025-10-25T23:30:17Z,2025-10-25T23:19:00Z,ARR,med,11.0
75,True,True,TORONTO,WINDSOR,2025-10-25,6,London,LNDN,2025-10-26T00:04:32Z,2025-10-25T23:47:00Z,ARR,bad,17.0
75,True,True,TORONTO,WINDSOR,2025-10-25,7,Glencoe,GLNC,2025-10-26T00:41:19Z,2025-10-26T00:21:00Z,ARR,bad,20.0
75,True,True,TORONTO,WINDSOR,2025-10-25,8,Chatham,CHAT,2025-10-26T01:22:01Z,2025-10-26T00:55:00Z,ARR,bad,27.0
75,True,True,TORONTO,WINDSOR,2025-10-25,9,Windsor,WDON,2025-10-26T02:07:24Z,2025-10-26T01:50:00Z,ARR,bad,17.0
98,True,True,NIAGARA FALLS,TORONTO,2025-10-25,0,Niagara Falls,NIAG,2025-10-25T21:45:00Z,2025-10-25T21:45:00Z,ARR,goo,0.0
98,True,True,NIAGARA FALLS,TORONTO,2025-10-25,1,St. Catharines,SCAT,2025-10-25T22:06:00Z,2025-10-25T22:06:00Z,ARR,goo,0.0
98,True,True,NIAGARA FALLS,TORONTO,2025-10-25,2,Grimsby,GRIM,2025-10-25T22:26:00Z,2025-10-25T22:26:00Z,ARR,goo,0.0
98,True,True,NIAGARA FALLS,TORONTO,2025-10-25,3,Aldershot,ALDR,2025-10-25T23:02:00Z,2025-10-25T23:02:00Z,ARR,goo,0.0
98,True,True,NIAGARA FALLS,TORONTO,2025-10-25,4,Oakville,OAKV,2025-10-25T23:16:00Z,2025-10-25T23:16:00Z,ARR,goo,0.0
98,True,True,NIAGARA FALLS,TORONTO,2025-10-25,5,Toronto,TRTO,2025-10-25T23:43:00Z,2025-10-25T23:43:00Z,ARR,goo,0.0
87,True,True,TORONTO,SARNIA,2025-10-25,0,Toronto,TRTO,2025-10-25T21:40:10Z,2025-10-25T21:40:00Z,ARR,goo,0.0
87,True,True,TORONTO,SARNIA,2025-10-25,1,Malton,MALT,2025-10-25T22:06:01Z,2025-10-25T22:00:00Z,ARR,med,6.0
87,True,True,TORONTO,SARNIA,2025-10-25,2,Brampton,BRMP,2025-10-25T22:18:38Z,2025-10-25T22:12:00Z,ARR,med,6.0
87,True,True,TORONTO,SARNIA,2025-10-25,3,Georgetown,GEOR,2025-10-25T22:34:23Z,2025-10-25T22:24:00Z,ARR,med,10.0
87,True,True,TORONTO,SARNIA,2025-10-25,4,Guelph,GUEL,2025-10-25T23:03:02Z,2025-10-25T22:49:00Z,ARR,med,14.0
87,True,True,TORONTO,SARNIA,2025-10-25,5,Kitchener,KITC,2025-10-25T23:26:01Z,2025-10-25T23:16:00Z,ARR,med,10.0
87,True,True,TORONTO,SARNIA,2025-10-25,6,Stratford,STRF,2025-10-26T00:13:32Z,2025-10-25T23:57:00Z,ARR,bad,16.0
87,True,True,TORONTO,SARNIA,2025-10-25,7,St.Marys,SMYS,2025-10-26T00:45:15Z,2025-10-26T00:25:00Z,ARR,bad,20.0
87,True,True,TORONTO,SARNIA,2025-10-25,8,London,LNDN,2025-10-26T01:41:25Z,2025-10-26T01:13:00Z,ARR,bad,28.0
87,True,True,TORONTO,SARNIA,2025-10-25,9,Strathroy,STRR,2025-10-26T02:07:58Z,2025-10-26T01:39:00Z,ARR,bad,28.0
87,True,True,TORONTO,SARNIA,2025-10-25,10,Wyoming,WYOM,2025-10-26T02:35:58Z,2025-10-26T02:07:00Z,ARR,bad,28.0
87,True,True,TORONTO,SARNIA,2025-10-25,11,Sarnia,SARN,2025-10-26T02:54:20Z,2025-10-26T02:24:00Z,ARR,bad,30.0
29,True,True,QUÉBEC,MONTRÉAL,2025-10-25,0,Québec,QBEC,2025-10-25T21:41:00Z,2025-10-25T21:41:00Z,ARR,goo,0.0
29,True,True,QUÉBEC,MONTRÉAL,2025-10-25,1,Ste-Foy,SFOY,2025-10-25T22:07:46Z,2025-10-25T22:06:00Z,ARR,goo,1.0
29,True,True,QUÉBEC,MONTRÉAL,2025-10-25,2,Drummondville,DRMV,2025-10-25T23:39:08Z,2025-10-25T23:42:00Z,ARR,goo,-2.0
29,True,True,QUÉBEC,MONTRÉAL,2025-10-25,3,St. Hyacinthe,SHYA,2025-10-26T00:11:36Z,2025-10-26T00:18:00Z,ARR,goo,-6.0
29,True,True,QUÉBEC,MONTRÉAL,2025-10-25,4,St. Lambert,SLAM,2025-10-26T00:42:22Z,2025-10-26T00:45:00Z,ARR,goo,-2.0
29,True,True,QUÉBEC,MONTRÉAL,2025-10-25,5,Montréal,MTRL,2025-10-26T01:00:42Z,2025-10-26T01:00:00Z,ARR,goo,0.0
59,True,True,OTTAWA,TORONTO,2025-10-25,0,Ottawa,OTTW,2025-10-25T22:03:00Z,2025-10-25T22:03:00Z,ARR,goo,0.0
59,True,True,OTTAWA,TORONTO,2025-10-25,1,Fallowfield,FALL,2025-10-25T22:18:45Z,2025-10-25T22:20:00Z,ARR,goo,-1.0
59,True,True,OTTAWA,TORONTO,2025-10-25,2,Smiths Falls,SMTF,2025-10-25T22:47:57Z,2025-10-25T22:51:00Z,ARR,goo,-3.0
59,True,True,OTTAWA,TORONTO,2025-10-25,3,Brockville,BRKV,2025-10-25T23:26:12Z,2025-10-25T23:25:00Z,ARR,goo,1.0
59,True,True,OTTAWA,TORONTO,2025-10-25,4,Kingston,KGON,2025-10-26T00:11:14Z,2025-10-26T00:10:00Z,ARR,goo,1.0
59,True,True,OTTAWA,TORONTO,2025-10-25,5,Belleville,BLVL,2025-10-26T00:53:48Z,2025-10-26T00:51:00Z,ARR,goo,2.0
59,True,True,OTTAWA,TORONTO,2025-10-25,6,Trenton Jct.,TRNJ,2025-10-26T01:07:26Z,2025-10-26T01:05:00Z,ARR,goo,2.0
59,True,True,OTTAWA,TORONTO,2025-10-25,7,Cobourg,CBRG,2025-10-26T01:36:17Z,2025-10-26T01:31:00Z,ARR,med,5.0
59,True,True,OTTAWA,TORONTO,2025-10-25,8,Oshawa,OSHA,2025-10-26T02:15:21Z,2025-10-26T02:05:00Z,ARR,med,10.0
59,True,True,OTTAWA,TORONTO,2025-10-25,9,Guildwood,GUIL,2025-10-26T02:45:28Z,2025-10-26T02:28:00Z,ARR,bad,17.0
59,True,True,OTTAWA,TORONTO,2025-10-25,10,Toronto,TRTO,2025-10-26T03:03:34Z,2025-10-26T02:48:00Z,ARR,bad,15.0
78,True,True,WINDSOR,TORONTO,2025-10-25,0,Windsor,WDON,2025-10-25T21:40:00Z,2025-10-25T21:40:00Z,ARR,goo,0.0
78,True,True,WINDSOR,TORONTO,2025-10-25,1,Chatham,CHAT,2025-10-25T22:34:13Z,2025-10-25T22:24:00Z,ARR,med,10.0
78,True,True,WINDSOR,TORONTO,2025-10-25,2,Glencoe,GLNC,2025-10-25T23:20:00Z,2025-10-25T22:59:00Z,ARR,bad,21.0
78,True,True,WINDSOR,TORONTO,2025-10-25,3,London,LNDN,2025-10-25T23:50:44Z,2025-10-25T23:32:00Z,ARR,bad,18.0
78,True,True,WINDSOR,TORONTO,2025-10-25,4,Ingersoll,INGR,2025-10-26T00:21:02Z,2025-10-25T23:57:00Z,ARR,bad,24.0
78,True,True,WINDSOR,TORONTO,2025-10-25,5,Woodstock,WDST,2025-10-26T00:33:46Z,2025-10-26T00:08:00Z,ARR,bad,25.0
78,True,True,WINDSOR,TORONTO,2025-10-25,6,Brantford,BRTF,2025-10-26T01:10:48Z,2025-10-26T00:39:00Z,ARR,bad,31.0
78,True,True,WINDSOR,TORONTO,2025-10-25,7,Aldershot,ALDR,2025-10-26T01:41:12Z,2025-10-26T01:09:00Z,ARR,bad,32.0
78,True,True,WINDSOR,TORONTO,2025-10-25,8,Oakville,OAKV,2025-10-26T01:56:43Z,2025-10-26T01:24:00Z,ARR,bad,32.0
78,True,True,WINDSOR,TORONTO,2025-10-25,9,Toronto,TRTO,2025-10-26T02:18:30Z,2025-10-26T01:50:00Z,ARR,bad,28.0
38,True,True,OTTAWA,MONTRÉAL,2025-10-25,0,Ottawa,OTTW,2025-10-25T21:55:00Z,2025-10-25T21:55:00Z,ARR,goo,0.0
38,True,True,OTTAWA,MONTRÉAL,2025-10-25,1,Casselman,CSLM,2025-10-25T22:23:38Z,2025-10-25T22:26:00Z,ARR,goo,-2.0
38,True,True,OTTAWA,MONTRÉAL,2025-10-25,2,Alexandria,ALEX,2025-10-25T22:43:52Z,2025-10-25T22:49:00Z,ARR,goo,-5.0
38,True,True,OTTAWA,MONTRÉAL,2025-10-25,3,Dorval,DORV,2025-10-25T23:40:45Z,2025-10-25T23:33:00Z,ARR,med,7.0
38,True,True,OTTAWA,MONTRÉAL,2025-10-25,4,Montréal,MTRL,2025-10-26T00:20:54Z,2025-10-25T23:57:00Z,ARR,bad,23.0
79,True,False,TORONTO,WINDSOR,2025-10-25,0,Toronto,TRTO,2025-10-25T23:45:00Z,2025-10-25T23:45:00Z,ARR,goo,0.0
79,True,False,TORONTO,WINDSOR,2025-10-25,1,Oakville,OAKV,2025-10-26T00:11:59Z,2025-10-26T00:07:00Z,ARR,goo,4.0
79,True,False,TORONTO,WINDSOR,2025-10-25,2,Aldershot,ALDR,2025-10-26T00:26:20Z,2025-10-26T00:22:00Z,ARR,goo,4.0
79,True,False,TORONTO,WINDSOR,2025-10-25,3,Brantford,BRTF,2025-10-26T00:58:08Z,2025-10-26T00:50:00Z,ARR,med,8.0
79,True,False,TORONTO,WINDSOR,2025-10-25,4,Woodstock,WDST,2025-10-26T01:27:54Z,2025-10-26T01:17:00Z,ARR,med,10.0
79,True,False,TORONTO,WINDSOR,2025-10-25,5,Ingersoll,INGR,2025-10-26T01:39:02Z,2025-10-26T01:30:00Z,ARR,med,9.0
79,True,False,TORONTO,WINDSOR,2025-10-25,6,London,LNDN,2025-10-26T02:01:41Z,2025-10-26T01:52:00Z,ARR,med,9.0
79,True,False,TORONTO,WINDSOR,2025-10-25,7,Glencoe,GLNC,2025-10-26T02:40:23Z,2025-10-26T02:25:00Z,ARR,bad,15.0
79,True,False,TORONTO,WINDSOR,2025-10-25,8,Chatham,CHAT,2025-10-26T03:21:48Z,2025-10-26T02:57:00Z,ARR,bad,24.0
79,True,False,TORONTO,WINDSOR,2025-10-25,9,Windsor,WDON,2025-10-26T04:05:12Z,2025-10-26T03:44:00Z,6 mins,bad,21.0
