train_id,departed,arrived,from,to,instance,stop_id,station,code,estimated,scheduled,eta,diff,diffMin
2 (07-04),True,True,VANCOUVER,TORONTO,2025-07-04,0,Vancouver,VCVR,2025-07-04T22:04:35Z,2025-07-04T22:00:00Z,ARR,goo,4.0
2 (07-04),True,True,VANCOUVER,TORONTO,2025-07-04,1,Mission Harbour,MSNH,2025-07-04T23:58:27Z,2025-07-04T23:35:00Z,ARR,bad,23.0
2 (07-04),True,True,VANCOUVER,TORONTO,2025-07-04,2,Agassiz,AGAS,2025-07-05T01:09:36Z,2025-07-05T00:03:00Z,ARR,bad,66.0
2 (07-04),True,True,VANCOUVER,TORONTO,2025-07-04,3,Katz,KATZ,2025-07-05T01:48:39Z,2025-07-05T00:17:00Z,ARR,bad,91.0
2 (07-04),True,True,VANCOUVER,TORONTO,2025-07-04,4,North Bend,NBND,2025-07-05T03:41:30Z,2025-07-05T02:46:00Z,ARR,bad,55.0
2 (07-04),True,True,VANCOUVER,TORONTO,2025-07-04,5,Ashcroft,ASHN,2025-07-05T06:04:38Z,2025-07-05T05:32:00Z,ARR,bad,32.0
2 (07-04),True,True,VANCOUVER,TORONTO,2025-07-04,6,Kamloops North,KAMN,2025-07-05T07:47:37Z,2025-07-05T07:17:00Z,ARR,bad,30.0
2 (07-04),True,True,VANCOUVER,TORONTO,2025-07-04,7,Clearwater,CLWT,2025-07-05T10:17:54Z,2025-07-05T09:58:00Z,ARR,bad,19.0
2 (07-04),True,True,VANCOUVER,TORONTO,2025-07-04,8,Blue River,BLUE,2025-07-05T12:13:57Z,2025-07-05T12:11:00Z,ARR,goo,2.0
2 (07-04),True,True,VANCOUVER,TORONTO,2025-07-04,9,Valemount,VLMT,2025-07-05T13:45:54Z,2025-07-05T14:01:00Z,ARR,goo,-15.0
2 (07-04),True,True,VANCOUVER,TORONTO,2025-07-04,10,Jasper,JASP,2025-07-05T16:43:51Z,2025-07-05T17:00:00Z,ARR,goo,-16.0
2 (07-04),True,True,VANCOUVER,TORONTO,2025-07-04,11,Hinton,HINT,2025-07-05T20:29:54Z,2025-07-05T19:45:00Z,ARR,bad,44.0
2 (07-04),True,True,VANCOUVER,TORONTO,2025-07-04,12,Edson,EDSN,2025-07-05T21:59:03Z,2025-07-05T21:19:00Z,ARR,bad,40.0
2 (07-04),True,True,VANCOUVER,TORONTO,2025-07-04,13,Evansburg,EVAN,2025-07-05T23:21:48Z,2025-07-05T22:28:00Z,ARR,bad,53.0
2 (07-04),True,True,VANCOUVER,TORONTO,2025-07-04,14,Edmonton,EDMO,2025-07-06T00:27:05Z,2025-07-06T00:50:00Z,ARR,goo,-22.0
2 (07-04),True,True,VANCOUVER,TORONTO,2025-07-04,15,Viking,VKNG,2025-07-06T05:03:51Z,2025-07-06T03:53:00Z,ARR,bad,70.0
2 (07-04),True,True,VANCOUVER,TORONTO,2025-07-04,16,Wainwright,WAIN,2025-07-06T06:36:05Z,2025-07-06T06:14:00Z,ARR,bad,22.0
2 (07-04),True,True,VANCOUVER,TORONTO,2025-07-04,17,Unity,UNIT,2025-07-06T08:48:12Z,2025-07-06T07:47:00Z,ARR,bad,61.0
2 (07-04),True,True,VANCOUVER,TORONTO,2025-07-04,18,Biggar,BIGG,2025-07-06T10:02:54Z,2025-07-06T09:21:00Z,ARR,bad,41.0
2 (07-04),True,True,VANCOUVER,TORONTO,2025-07-04,19,Saskatoon,SASK,2025-07-06T12:01:21Z,2025-07-06T11:57:00Z,ARR,goo,4.0
2 (07-04),True,True,VANCOUVER,TORONTO,2025-07-04,20,Watrous,WATR,2025-07-06T15:59:46Z,2025-07-06T14:26:00Z,ARR,bad,93.0
2 (07-04),True,True,VANCOUVER,TORONTO,2025-07-04,21,Melville,MELV,2025-07-06T18:53:29Z,2025-07-06T18:47:00Z,ARR,med,6.0
2 (07-04),True,True,VANCOUVER,TORONTO,2025-07-04,22,Rivers,RVRS,2025-07-06T22:46:42Z,2025-07-06T22:22:00Z,ARR,bad,24.0
2 (07-04),True,True,VANCOUVER,TORONTO,2025-07-04,23,Portage La Prairie,PLPX,2025-07-07T01:53:53Z,2025-07-07T00:15:00Z,ARR,bad,98.0
2 (07-04),True,True,VANCOUVER,TORONTO,2025-07-04,24,Winnipeg,WNPG,2025-07-07T03:06:01Z,2025-07-07T03:00:00Z,ARR,med,6.0
2 (07-04),True,True,VANCOUVER,TORONTO,2025-07-04,25,Elma,ELMA,2025-07-07T11:02:38Z,2025-07-07T05:37:00Z,ARR,bad,325.0
2 (07-04),True,True,VANCOUVER,TORONTO,2025-07-04,26,Brereton Lake,BRTL,2025-07-07T11:18:52Z,2025-07-07T05:58:00Z,ARR,bad,320.0
2 (07-04),True,True,VANCOUVER,TORONTO,2025-07-04,27,Ophir,OPHR,2025-07-07T11:46:00Z,2025-07-07T06:16:00Z,ARR,bad,330.0
2 (07-04),True,True,VANCOUVER,TORONTO,2025-07-04,28,Winnitoba,WNTB,2025-07-07T11:49:19Z,2025-07-07T06:21:00Z,ARR,bad,328.0
2 (07-04),True,True,VANCOUVER,TORONTO,2025-07-04,29,Rice Lake,RCLK,2025-07-07T11:56:15Z,2025-07-07T06:35:00Z,ARR,bad,321.0
2 (07-04),True,True,VANCOUVER,TORONTO,2025-07-04,30,Copelands Landing,COPE,2025-07-07T11:57:36Z,2025-07-07T06:38:00Z,ARR,bad,319.0
2 (07-04),True,True,VANCOUVER,TORONTO,2025-07-04,31,Malachi,MLCH,2025-07-07T11:59:36Z,2025-07-07T06:40:00Z,ARR,bad,319.0
2 (07-04),True,True,VANCOUVER,TORONTO,2025-07-04,32,Ottermere,OTTM,2025-07-07T12:06:58Z,2025-07-07T06:46:00Z,ARR,bad,320.0
2 (07-04),True,True,VANCOUVER,TORONTO,2025-07-04,33,Minaki,MNKI,2025-07-07T12:22:01Z,2025-07-07T07:03:00Z,ARR,bad,319.0
2 (07-04),True,True,VANCOUVER,TORONTO,2025-07-04,34,Redditt,RDDT,2025-07-07T12:48:15Z,2025-07-07T07:29:00Z,ARR,bad,319.0
2 (07-04),True,True,VANCOUVER,TORONTO,2025-07-04,35,Farlane,FARL,2025-07-07T13:02:54Z,2025-07-07T07:46:00Z,ARR,bad,316.0
2 (07-04),True,True,VANCOUVER,TORONTO,2025-07-04,36,Canyon,CNYK,2025-07-07T13:33:39Z,2025-07-07T08:23:00Z,ARR,bad,310.0
2 (07-04),True,True,VANCOUVER,TORONTO,2025-07-04,37,Red Lake Road,RLRX,2025-07-07T14:11:24Z,2025-07-07T08:51:00Z,ARR,bad,320.0
2 (07-04),True,True,VANCOUVER,TORONTO,2025-07-04,38,Richan,RCHN,2025-07-07T15:05:40Z,2025-07-07T09:28:00Z,ARR,bad,337.0
2 (07-04),True,True,VANCOUVER,TORONTO,2025-07-04,39,Sioux Lookout,SLKT,2025-07-07T16:05:52Z,2025-07-07T11:01:00Z,ARR,bad,304.0
2 (07-04),True,True,VANCOUVER,TORONTO,2025-07-04,40,Savant Lake,SAVL,2025-07-07T18:06:18Z,2025-07-07T13:14:00Z,ARR,bad,292.0
2 (07-04),True,True,VANCOUVER,TORONTO,2025-07-04,41,Flindt Landing,FLTL,2025-07-07T18:23:18Z,2025-07-07T13:31:00Z,ARR,bad,292.0
2 (07-04),True,True,VANCOUVER,TORONTO,2025-07-04,42,Allanwater Bridge,ALWB,2025-07-07T18:38:18Z,2025-07-07T13:46:00Z,ARR,bad,292.0
2 (07-04),True,True,VANCOUVER,TORONTO,2025-07-04,43,Collins,COLL,2025-07-07T19:18:18Z,2025-07-07T14:26:00Z,ARR,bad,292.0
2 (07-04),True,True,VANCOUVER,TORONTO,2025-07-04,44,Armstrong,ARMG,2025-07-07T19:50:46Z,2025-07-07T14:57:00Z,ARR,bad,293.0
2 (07-04),True,True,VANCOUVER,TORONTO,2025-07-04,45,Mud River,MUDR,2025-07-07T20:36:39Z,2025-07-07T15:29:00Z,ARR,bad,307.0
2 (07-04),True,True,VANCOUVER,TORONTO,2025-07-04,46,Ferland,FERL,2025-07-07T20:44:39Z,2025-07-07T15:37:00Z,ARR,bad,307.0
2 (07-04),True,True,VANCOUVER,TORONTO,2025-07-04,47,Auden,AUDN,2025-07-07T21:21:39Z,2025-07-07T16:14:00Z,ARR,bad,307.0
2 (07-04),True,True,VANCOUVER,TORONTO,2025-07-04,48,Nakina,NAKI,2025-07-07T22:15:51Z,2025-07-07T17:20:00Z,ARR,bad,295.0
2 (07-04),True,True,VANCOUVER,TORONTO,2025-07-04,49,Longlac,LLAC,2025-07-07T22:48:12Z,2025-07-07T18:11:00Z,ARR,bad,277.0
2 (07-04),True,True,VANCOUVER,TORONTO,2025-07-04,50,Caramat,CARA,2025-07-07T23:16:00Z,2025-07-07T18:39:00Z,ARR,bad,277.0
2 (07-04),True,True,VANCOUVER,TORONTO,2025-07-04,51,Hillsport,HLSP,2025-07-07T23:58:38Z,2025-07-07T19:29:00Z,ARR,bad,269.0
2 (07-04),True,True,VANCOUVER,TORONTO,2025-07-04,52,Hornepayne,HNPN,2025-07-08T02:31:39Z,2025-07-07T21:44:00Z,ARR,bad,287.0
2 (07-04),True,True,VANCOUVER,TORONTO,2025-07-04,53,Oba,OBAX,2025-07-08T04:19:28Z,2025-07-07T23:30:00Z,ARR,bad,289.0
2 (07-04),True,True,VANCOUVER,TORONTO,2025-07-04,54,Elsas,ELSA,2025-07-08T05:48:23Z,2025-07-08T01:04:00Z,ARR,bad,284.0
2 (07-04),True,True,VANCOUVER,TORONTO,2025-07-04,55,Foleyet,FOLE,2025-07-08T07:30:28Z,2025-07-08T02:27:00Z,ARR,bad,303.0
2 (07-04),True,True,VANCOUVER,TORONTO,2025-07-04,56,Gogama,GOGA,2025-07-08T09:32:31Z,2025-07-08T04:02:00Z,ARR,bad,330.0
2 (07-04),True,True,VANCOUVER,TORONTO,2025-07-04,57,Westree,WSTR,2025-07-08T10:10:06Z,2025-07-08T04:35:00Z,ARR,bad,335.0
2 (07-04),True,True,VANCOUVER,TORONTO,2025-07-04,58,Ruel,RUEL,2025-07-08T10:27:06Z,2025-07-08T04:52:00Z,ARR,bad,335.0
2 (07-04),True,True,VANCOUVER,TORONTO,2025-07-04,59,Felix,FELX,2025-07-08T10:35:06Z,2025-07-08T05:00:00Z,ARR,bad,335.0
2 (07-04),True,True,VANCOUVER,TORONTO,2025-07-04,60,McKee's Camp,MCKC,2025-07-08T10:55:06Z,2025-07-08T05:20:00Z,ARR,bad,335.0
2 (07-04),True,True,VANCOUVER,TORONTO,2025-07-04,61,Laforest,LAFO,2025-07-08T11:08:06Z,2025-07-08T05:33:00Z,ARR,bad,335.0
2 (07-04),True,True,VANCOUVER,TORONTO,2025-07-04,62,Capreol,CAPR,2025-07-08T12:02:53Z,2025-07-08T07:47:00Z,ARR,bad,255.0
2 (07-04),True,True,VANCOUVER,TORONTO,2025-07-04,63,Sudbury (Jct.),SUDJ,2025-07-08T12:42:18Z,2025-07-08T08:49:00Z,ARR,bad,233.0
2 (07-04),True,True,VANCOUVER,TORONTO,2025-07-04,64,Parry Sound,PARS,2025-07-08T15:59:35Z,2025-07-08T12:00:00Z,ARR,bad,239.0
2 (07-04),True,True,VANCOUVER,TORONTO,2025-07-04,65,Washago,WSHG,2025-07-08T18:31:32Z,2025-07-08T14:00:00Z,ARR,bad,271.0
2 (07-04),True,True,VANCOUVER,TORONTO,2025-07-04,66,Toronto,TRTO,2025-07-08T21:14:24Z,2025-07-08T18:29:00Z,ARR,bad,165.0
1 (07-06),True,False,TORONTO,VANCOUVER,2025-07-06,0,Toronto,TRTO,2025-07-06T13:55:00Z,2025-07-06T13:55:00Z,ARR,goo,0.0
1 (07-06),True,False,TORONTO,VANCOUVER,2025-07-06,1,Washago,WSHG,2025-07-06T17:07:04Z,2025-07-06T16:25:00Z,ARR,bad,42.0
1 (07-06),True,False,TORONTO,VANCOUVER,2025-07-06,2,South Parry,SPAR,2025-07-06T19:04:05Z,2025-07-06T18:27:00Z,ARR,bad,37.0
1 (07-06),True,False,TORONTO,VANCOUVER,2025-07-06,3,Sudbury (Jct.),SUDJ,2025-07-06T21:26:03Z,2025-07-06T20:57:00Z,ARR,bad,29.0
1 (07-06),True,False,TORONTO,VANCOUVER,2025-07-06,4,Capreol,CAPR,2025-07-06T22:23:16Z,2025-07-06T21:22:00Z,ARR,bad,61.0
1 (07-06),True,False,TORONTO,VANCOUVER,2025-07-06,5,Laforest,LAFO,2025-07-06T23:33:58Z,2025-07-06T22:48:00Z,ARR,bad,45.0
1 (07-06),True,False,TORONTO,VANCOUVER,2025-07-06,6,McKee's Camp,MCKC,2025-07-06T23:46:58Z,2025-07-06T23:01:00Z,ARR,bad,45.0
1 (07-06),True,False,TORONTO,VANCOUVER,2025-07-06,7,Felix,FELX,2025-07-07T00:06:58Z,2025-07-06T23:21:00Z,ARR,bad,45.0
1 (07-06),True,False,TORONTO,VANCOUVER,2025-07-06,8,Ruel,RUEL,2025-07-07T00:13:58Z,2025-07-06T23:28:00Z,ARR,bad,45.0
1 (07-06),True,False,TORONTO,VANCOUVER,2025-07-06,9,Westree,WSTR,2025-07-07T00:30:58Z,2025-07-06T23:45:00Z,ARR,bad,45.0
1 (07-06),True,False,TORONTO,VANCOUVER,2025-07-06,10,Gogama,GOGA,2025-07-07T01:40:28Z,2025-07-07T00:18:00Z,ARR,bad,82.0
1 (07-06),True,False,TORONTO,VANCOUVER,2025-07-06,11,Foleyet,FOLE,2025-07-07T03:33:41Z,2025-07-07T02:44:00Z,ARR,bad,49.0
1 (07-06),True,False,TORONTO,VANCOUVER,2025-07-06,12,Elsas,ELSA,2025-07-07T04:38:03Z,2025-07-07T03:38:00Z,ARR,bad,60.0
1 (07-06),True,False,TORONTO,VANCOUVER,2025-07-06,13,Oba,OBAX,2025-07-07T06:38:03Z,2025-07-07T05:38:00Z,ARR,bad,60.0
1 (07-06),True,False,TORONTO,VANCOUVER,2025-07-06,14,Hornepayne,HNPN,2025-07-07T07:26:13Z,2025-07-07T06:29:00Z,ARR,bad,57.0
1 (07-06),True,False,TORONTO,VANCOUVER,2025-07-06,15,Hillsport,HLSP,2025-07-07T08:51:03Z,2025-07-07T08:05:00Z,ARR,bad,46.0
1 (07-06),True,False,TORONTO,VANCOUVER,2025-07-06,16,Caramat,CARA,2025-07-07T09:41:17Z,2025-07-07T08:55:00Z,ARR,bad,46.0
1 (07-06),True,False,TORONTO,VANCOUVER,2025-07-06,17,Longlac,LLAC,2025-07-07T10:03:44Z,2025-07-07T09:34:00Z,ARR,bad,29.0
1 (07-06),True,False,TORONTO,VANCOUVER,2025-07-06,18,Nakina,NAKI,2025-07-07T10:45:04Z,2025-07-07T10:13:00Z,ARR,bad,32.0
1 (07-06),True,False,TORONTO,VANCOUVER,2025-07-06,19,Auden,AUDN,2025-07-07T11:51:42Z,2025-07-07T11:19:00Z,ARR,bad,32.0
1 (07-06),True,False,TORONTO,VANCOUVER,2025-07-06,20,Ferland,FERL,2025-07-07T12:28:42Z,2025-07-07T11:56:00Z,ARR,bad,32.0
1 (07-06),True,False,TORONTO,VANCOUVER,2025-07-06,21,Mud River,MUDR,2025-07-07T12:37:42Z,2025-07-07T12:05:00Z,ARR,bad,32.0
1 (07-06),True,False,TORONTO,VANCOUVER,2025-07-06,22,Armstrong,ARMG,2025-07-07T13:00:46Z,2025-07-07T13:17:00Z,ARR,goo,-16.0
1 (07-06),True,False,TORONTO,VANCOUVER,2025-07-06,23,Collins,COLL,2025-07-07T13:39:09Z,2025-07-07T13:47:00Z,ARR,goo,-7.0
1 (07-06),True,False,TORONTO,VANCOUVER,2025-07-06,24,Allanwater Bridge,ALWB,2025-07-07T14:26:00Z,2025-07-07T14:26:00Z,ARR,goo,0.0
1 (07-06),True,False,TORONTO,VANCOUVER,2025-07-06,25,Flindt Landing,FLTL,2025-07-07T14:42:00Z,2025-07-07T14:42:00Z,ARR,goo,0.0
1 (07-06),True,False,TORONTO,VANCOUVER,2025-07-06,26,Savant Lake,SAVL,2025-07-07T14:59:00Z,2025-07-07T14:59:00Z,ARR,goo,0.0
1 (07-06),True,False,TORONTO,VANCOUVER,2025-07-06,27,Sioux Lookout,SLKT,2025-07-07T16:57:40Z,2025-07-07T16:25:00Z,ARR,bad,32.0
1 (07-06),True,False,TORONTO,VANCOUVER,2025-07-06,28,Richan,RCHN,2025-07-07T18:28:04Z,2025-07-07T18:05:00Z,ARR,bad,23.0
1 (07-06),True,False,TORONTO,VANCOUVER,2025-07-06,29,Red Lake Road,RLRX,2025-07-07T19:15:55Z,2025-07-07T18:41:00Z,ARR,bad,34.0
1 (07-06),True,False,TORONTO,VANCOUVER,2025-07-06,30,Canyon,CNYK,2025-07-07T19:40:35Z,2025-07-07T19:10:00Z,ARR,bad,30.0
1 (07-06),True,False,TORONTO,VANCOUVER,2025-07-06,31,Farlane,FARL,2025-07-07T20:12:53Z,2025-07-07T19:47:00Z,ARR,bad,25.0
1 (07-06),True,False,TORONTO,VANCOUVER,2025-07-06,32,Redditt,RDDT,2025-07-07T20:26:33Z,2025-07-07T20:23:00Z,ARR,goo,3.0
1 (07-06),True,False,TORONTO,VANCOUVER,2025-07-06,33,Minaki,MNKI,2025-07-07T21:04:41Z,2025-07-07T20:44:00Z,ARR,bad,20.0
1 (07-06),True,False,TORONTO,VANCOUVER,2025-07-06,34,Ottermere,OTTM,2025-07-07T21:26:13Z,2025-07-07T21:01:00Z,ARR,bad,25.0
1 (07-06),True,False,TORONTO,VANCOUVER,2025-07-06,35,Malachi,MLCH,2025-07-07T21:29:17Z,2025-07-07T21:07:00Z,ARR,bad,22.0
1 (07-06),True,False,TORONTO,VANCOUVER,2025-07-06,36,Copelands Landing,COPE,2025-07-07T21:30:28Z,2025-07-07T21:09:00Z,ARR,bad,21.0
1 (07-06),True,False,TORONTO,VANCOUVER,2025-07-06,37,Rice Lake,RCLK,2025-07-07T21:38:50Z,2025-07-07T21:12:00Z,ARR,bad,26.0
1 (07-06),True,False,TORONTO,VANCOUVER,2025-07-06,38,Winnitoba,WNTB,2025-07-07T21:45:58Z,2025-07-07T21:26:00Z,ARR,bad,19.0
1 (07-06),True,False,TORONTO,VANCOUVER,2025-07-06,39,Ophir,OPHR,2025-07-07T21:46:31Z,2025-07-07T21:31:00Z,ARR,bad,15.0
1 (07-06),True,False,TORONTO,VANCOUVER,2025-07-06,40,Brereton Lake,BRTL,2025-07-07T21:59:52Z,2025-07-07T21:49:00Z,ARR,med,10.0
1 (07-06),True,False,TORONTO,VANCOUVER,2025-07-06,41,Elma,ELMA,2025-07-07T22:25:42Z,2025-07-07T22:10:00Z,ARR,bad,15.0
1 (07-06),True,False,TORONTO,VANCOUVER,2025-07-06,42,Winnipeg,WNPG,2025-07-07T23:48:05Z,2025-07-08T00:30:00Z,ARR,goo,-41.0
1 (07-06),True,False,TORONTO,VANCOUVER,2025-07-06,43,Portage La Prairie,PLPX,2025-07-08T04:12:59Z,2025-07-08T04:04:00Z,ARR,med,8.0
1 (07-06),True,False,TORONTO,VANCOUVER,2025-07-06,44,Rivers,RVRS,2025-07-08T06:09:56Z,2025-07-08T06:31:00Z,ARR,goo,-21.0
1 (07-06),True,False,TORONTO,VANCOUVER,2025-07-06,45,Melville,MELV,2025-07-08T10:03:20Z,2025-07-08T10:54:00Z,ARR,goo,-50.0
1 (07-06),True,False,TORONTO,VANCOUVER,2025-07-06,46,Watrous,WATR,2025-07-08T14:35:39Z,2025-07-08T13:54:00Z,ARR,bad,41.0
1 (07-06),True,False,TORONTO,VANCOUVER,2025-07-06,47,Saskatoon,SASK,2025-07-08T16:14:05Z,2025-07-08T15:50:00Z,ARR,bad,24.0
1 (07-06),True,False,TORONTO,VANCOUVER,2025-07-06,48,Biggar,BIGG,2025-07-08T19:10:32Z,2025-07-08T18:29:00Z,ARR,bad,41.0
1 (07-06),True,False,TORONTO,VANCOUVER,2025-07-06,49,Unity,UNIT,2025-07-08T20:15:02Z,2025-07-08T19:44:00Z,ARR,bad,31.0
1 (07-06),True,False,TORONTO,VANCOUVER,2025-07-06,50,Wainwright,WAIN,2025-07-08T22:29:47Z,2025-07-08T22:33:00Z,ARR,goo,-3.0
1 (07-06),True,False,TORONTO,VANCOUVER,2025-07-06,51,Viking,VKNG,2025-07-09T00:55:48Z,2025-07-08T23:26:00Z,ARR,bad,89.0
1 (07-06),True,False,TORONTO,VANCOUVER,2025-07-06,52,Edmonton,EDMO,2025-07-09T03:18:38Z,2025-07-09T02:50:00Z,ARR,bad,28.0
1 (07-06),True,False,TORONTO,VANCOUVER,2025-07-06,53,Evansburg,EVAN,2025-07-09T07:55:46Z,2025-07-09T07:29:00Z,4h35,bad,26.0
1 (07-06),True,False,TORONTO,VANCOUVER,2025-07-06,54,Edson,EDSN,2025-07-09T09:18:46Z,2025-07-09T08:52:00Z,5h58,bad,26.0
1 (07-06),True,False,TORONTO,VANCOUVER,2025-07-06,55,Hinton,HINT,&mdash;,2025-07-09T09:58:00Z,&mdash;,,
1 (07-06),True,False,TORONTO,VANCOUVER,2025-07-06,56,Jasper,JASP,&mdash;,2025-07-09T12:30:00Z,&mdash;,,
693 (07-06),True,True,WINNIPEG,CHURCHILL,2025-07-06,0,Portage La Prairie,PLPX,2025-07-06T19:15:30Z,2025-07-06T18:15:00Z,ARR,bad,60.0
693 (07-06),True,True,WINNIPEG,CHURCHILL,2025-07-06,1,Gladstone,GSTO,2025-07-06T19:04:26Z,2025-07-06T19:07:00Z,ARR,goo,-2.0
693 (07-06),True,True,WINNIPEG,CHURCHILL,2025-07-06,2,Plumas,PLUM,2025-07-06T19:49:26Z,2025-07-06T19:44:00Z,ARR,med,5.0
693 (07-06),True,True,WINNIPEG,CHURCHILL,2025-07-06,3,Glenella,GLNA,2025-07-06T20:18:20Z,2025-07-06T20:16:00Z,ARR,goo,2.0
693 (07-06),True,True,WINNIPEG,CHURCHILL,2025-07-06,4,Mccreary,MCCR,2025-07-06T20:58:06Z,2025-07-06T20:57:00Z,ARR,goo,1.0
693 (07-06),True,True,WINNIPEG,CHURCHILL,2025-07-06,5,Laurier,LRIE,2025-07-06T21:18:04Z,2025-07-06T21:15:00Z,ARR,goo,3.0
693 (07-06),True,True,WINNIPEG,CHURCHILL,2025-07-06,6,Ochre River,OCHR,2025-07-06T21:34:24Z,2025-07-06T21:36:00Z,ARR,goo,-1.0
693 (07-06),True,True,WINNIPEG,CHURCHILL,2025-07-06,7,Dauphin,DAUP,2025-07-06T21:51:30Z,2025-07-06T21:56:00Z,ARR,goo,-4.0
693 (07-06),True,True,WINNIPEG,CHURCHILL,2025-07-06,8,Gilbert Plains,GLBP,2025-07-06T22:39:49Z,2025-07-06T22:44:00Z,ARR,goo,-4.0
693 (07-06),True,True,WINNIPEG,CHURCHILL,2025-07-06,9,Grandview,GVIE,2025-07-06T22:58:56Z,2025-07-06T23:00:00Z,ARR,goo,-1.0
693 (07-06),True,True,WINNIPEG,CHURCHILL,2025-07-06,10,Roblin,RBLN,2025-07-07T00:08:43Z,2025-07-06T23:55:00Z,ARR,med,13.0
693 (07-06),True,True,WINNIPEG,CHURCHILL,2025-07-06,11,Togo,TOGO,2025-07-07T00:35:45Z,2025-07-07T00:22:00Z,ARR,med,13.0
693 (07-06),True,True,WINNIPEG,CHURCHILL,2025-07-06,12,Kamsack,KAMS,2025-07-07T01:07:41Z,2025-07-07T00:59:00Z,ARR,med,8.0
693 (07-06),True,True,WINNIPEG,CHURCHILL,2025-07-06,13,Veregin,VERE,2025-07-07T01:18:28Z,2025-07-07T01:12:00Z,ARR,med,6.0
693 (07-06),True,True,WINNIPEG,CHURCHILL,2025-07-06,14,Mikado,MIKA,2025-07-07T01:29:13Z,2025-07-07T01:22:00Z,ARR,med,7.0
693 (07-06),True,True,WINNIPEG,CHURCHILL,2025-07-06,15,Canora,CANO,2025-07-07T01:42:05Z,2025-07-07T01:36:00Z,ARR,med,6.0
693 (07-06),True,True,WINNIPEG,CHURCHILL,2025-07-06,16,Sturgis,STGS,2025-07-07T02:41:15Z,2025-07-07T02:21:00Z,ARR,bad,20.0
693 (07-06),True,True,WINNIPEG,CHURCHILL,2025-07-06,17,Endeavour,ENDV,2025-07-07T03:16:21Z,2025-07-07T02:54:00Z,ARR,bad,22.0
693 (07-06),True,True,WINNIPEG,CHURCHILL,2025-07-06,18,Reserve,RSRV,2025-07-07T04:13:32Z,2025-07-07T03:34:00Z,ARR,bad,39.0
693 (07-06),True,True,WINNIPEG,CHURCHILL,2025-07-06,19,Hudson Bay,HBAY,2025-07-07T05:08:56Z,2025-07-07T04:32:00Z,ARR,bad,36.0
693 (07-06),True,True,WINNIPEG,CHURCHILL,2025-07-06,20,The Pas,TPAS,2025-07-07T07:44:11Z,2025-07-07T06:45:00Z,ARR,bad,59.0
693 (07-06),True,True,WINNIPEG,CHURCHILL,2025-07-06,21,Orok,OROK,2025-07-07T08:42:49Z,2025-07-07T08:07:00Z,ARR,bad,35.0
693 (07-06),True,True,WINNIPEG,CHURCHILL,2025-07-06,22,Halcrow,HALC,2025-07-07T09:27:54Z,2025-07-07T09:01:00Z,ARR,bad,26.0
693 (07-06),True,True,WINNIPEG,CHURCHILL,2025-07-06,23,Cormorant,CORM,2025-07-07T09:43:16Z,2025-07-07T09:12:00Z,ARR,bad,31.0
693 (07-06),True,True,WINNIPEG,CHURCHILL,2025-07-06,24,Dering,DERI,2025-07-07T09:51:16Z,2025-07-07T09:20:00Z,ARR,bad,31.0
693 (07-06),True,True,WINNIPEG,CHURCHILL,2025-07-06,25,Dyce,DYCE,2025-07-07T10:22:10Z,2025-07-07T09:59:00Z,ARR,bad,23.0
693 (07-06),True,True,WINNIPEG,CHURCHILL,2025-07-06,26,Wekusko,WEKU,2025-07-07T11:07:16Z,2025-07-07T10:43:00Z,ARR,bad,24.0
693 (07-06),True,True,WINNIPEG,CHURCHILL,2025-07-06,27,Turnbull,TURN,2025-07-07T11:30:35Z,2025-07-07T11:10:00Z,ARR,bad,20.0
693 (07-06),True,True,WINNIPEG,CHURCHILL,2025-07-06,28,Ponton,PNTN,2025-07-07T11:57:59Z,2025-07-07T11:42:00Z,ARR,bad,15.0
693 (07-06),True,True,WINNIPEG,CHURCHILL,2025-07-06,29,Pipun,PIPN,2025-07-07T12:42:54Z,2025-07-07T12:25:00Z,ARR,bad,17.0
693 (07-06),True,True,WINNIPEG,CHURCHILL,2025-07-06,30,Wabowden,WBDN,2025-07-07T12:56:36Z,2025-07-07T12:48:00Z,ARR,med,8.0
693 (07-06),True,True,WINNIPEG,CHURCHILL,2025-07-06,31,Lyddal,LYDD,2025-07-07T13:21:54Z,2025-07-07T13:16:00Z,ARR,med,5.0
693 (07-06),True,True,WINNIPEG,CHURCHILL,2025-07-06,32,Odhill,ODHI,2025-07-07T13:40:03Z,2025-07-07T13:38:00Z,ARR,goo,2.0
693 (07-06),True,True,WINNIPEG,CHURCHILL,2025-07-06,33,Hockin,HOCK,2025-07-07T14:24:03Z,2025-07-07T14:22:00Z,ARR,goo,2.0
693 (07-06),True,True,WINNIPEG,CHURCHILL,2025-07-06,34,Thicket Portage,THKP,2025-07-07T14:39:03Z,2025-07-07T14:37:00Z,ARR,goo,2.0
693 (07-06),True,True,WINNIPEG,CHURCHILL,2025-07-06,35,Leven,LEVN,2025-07-07T14:56:03Z,2025-07-07T14:54:00Z,ARR,goo,2.0
693 (07-06),True,True,WINNIPEG,CHURCHILL,2025-07-06,36,Thompson,THOM,2025-07-07T23:39:53Z,2025-07-07T17:00:00Z,ARR,bad,399.0
693 (07-06),True,True,WINNIPEG,CHURCHILL,2025-07-06,37,Sipiwesk,SIPI,2025-07-07T23:18:59Z,2025-07-07T23:35:00Z,ARR,goo,-16.0
693 (07-06),True,True,WINNIPEG,CHURCHILL,2025-07-06,38,Pikwitonei,PIKW,2025-07-08T00:02:00Z,2025-07-08T00:02:00Z,ARR,goo,0.0
693 (07-06),True,True,WINNIPEG,CHURCHILL,2025-07-06,39,Bridgar,BRGR,2025-07-08T00:13:00Z,2025-07-08T00:13:00Z,ARR,goo,0.0
693 (07-06),True,True,WINNIPEG,CHURCHILL,2025-07-06,40,Pit Siding,PITS,2025-07-08T01:35:00Z,2025-07-08T01:35:00Z,ARR,goo,0.0
693 (07-06),True,True,WINNIPEG,CHURCHILL,2025-07-06,41,Ilford,ILFO,2025-07-08T02:29:13Z,2025-07-08T02:36:00Z,ARR,goo,-6.0
693 (07-06),True,True,WINNIPEG,CHURCHILL,2025-07-06,42,Wivenhoe,WVHO,2025-07-08T03:27:26Z,2025-07-08T03:13:00Z,ARR,med,14.0
693 (07-06),True,True,WINNIPEG,CHURCHILL,2025-07-06,43,Gillam,GILL,2025-07-08T04:12:40Z,2025-07-08T04:00:01Z,ARR,med,12.0
693 (07-06),True,True,WINNIPEG,CHURCHILL,2025-07-06,44,Bird,BIRD,2025-07-08T05:17:39Z,2025-07-08T05:29:00Z,ARR,goo,-11.0
693 (07-06),True,True,WINNIPEG,CHURCHILL,2025-07-06,45,Amery,AMRY,2025-07-08T05:50:51Z,2025-07-08T05:52:00Z,ARR,goo,-1.0
693 (07-06),True,True,WINNIPEG,CHURCHILL,2025-07-06,46,Weir River,WEIR,2025-07-08T06:50:12Z,2025-07-08T06:43:00Z,ARR,med,7.0
693 (07-06),True,True,WINNIPEG,CHURCHILL,2025-07-06,47,Thibaudeau,THIB,2025-07-08T07:36:30Z,2025-07-08T08:00:00Z,ARR,goo,-23.0
693 (07-06),True,True,WINNIPEG,CHURCHILL,2025-07-06,48,Herchmer,HERC,2025-07-08T09:26:00Z,2025-07-08T09:26:00Z,ARR,goo,0.0
693 (07-06),True,True,WINNIPEG,CHURCHILL,2025-07-06,49,O'Day,ODAY,2025-07-08T10:05:00Z,2025-07-08T10:05:00Z,ARR,goo,0.0
693 (07-06),True,True,WINNIPEG,CHURCHILL,2025-07-06,50,M'Clintock,MCLI,2025-07-08T10:50:00Z,2025-07-08T10:50:00Z,ARR,goo,0.0
693 (07-06),True,True,WINNIPEG,CHURCHILL,2025-07-06,51,Chesnaye,CHES,2025-07-08T10:38:26Z,2025-07-08T12:06:00Z,ARR,goo,-87.0
693 (07-06),True,True,WINNIPEG,CHURCHILL,2025-07-06,52,Tidal,TIDL,2025-07-08T11:46:36Z,2025-07-08T13:37:00Z,ARR,goo,-110.0
693 (07-06),True,True,WINNIPEG,CHURCHILL,2025-07-06,53,Churchill,CHUR,2025-07-08T12:33:45Z,2025-07-08T14:00:00Z,ARR,goo,-86.0
2 (07-07),True,False,VANCOUVER,TORONTO,2025-07-07,0,Vancouver,VCVR,2025-07-07T22:02:44Z,2025-07-07T22:00:00Z,ARR,goo,2.0
2 (07-07),True,False,VANCOUVER,TORONTO,2025-07-07,1,Mission Harbour,MSNH,2025-07-08T01:44:28Z,2025-07-07T23:35:00Z,ARR,bad,129.0
2 (07-07),True,False,VANCOUVER,TORONTO,2025-07-07,2,Agassiz,AGAS,2025-07-08T02:35:41Z,2025-07-08T00:03:00Z,ARR,bad,152.0
2 (07-07),True,False,VANCOUVER,TORONTO,2025-07-07,3,Katz,KATZ,2025-07-08T02:50:22Z,2025-07-08T00:17:00Z,ARR,bad,153.0
2 (07-07),True,False,VANCOUVER,TORONTO,2025-07-07,4,North Bend,NBND,2025-07-08T04:40:53Z,2025-07-08T02:46:00Z,ARR,bad,114.0
2 (07-07),True,False,VANCOUVER,TORONTO,2025-07-07,5,Ashcroft,ASHN,2025-07-08T07:18:54Z,2025-07-08T05:32:00Z,ARR,bad,106.0
2 (07-07),True,False,VANCOUVER,TORONTO,2025-07-07,6,Kamloops North,KAMN,2025-07-08T09:33:29Z,2025-07-08T07:17:00Z,ARR,bad,136.0
2 (07-07),True,False,VANCOUVER,TORONTO,2025-07-07,7,Clearwater,CLWT,2025-07-08T12:25:24Z,2025-07-08T09:58:00Z,ARR,bad,147.0
2 (07-07),True,False,VANCOUVER,TORONTO,2025-07-07,8,Blue River,BLUE,2025-07-08T14:15:14Z,2025-07-08T12:11:00Z,ARR,bad,124.0
2 (07-07),True,False,VANCOUVER,TORONTO,2025-07-07,9,Valemount,VLMT,2025-07-08T17:32:40Z,2025-07-08T14:01:00Z,ARR,bad,211.0
2 (07-07),True,False,VANCOUVER,TORONTO,2025-07-07,10,Jasper,JASP,2025-07-08T20:21:26Z,2025-07-08T17:00:00Z,ARR,bad,201.0
2 (07-07),True,False,VANCOUVER,TORONTO,2025-07-07,11,Hinton,HINT,2025-07-08T23:35:42Z,2025-07-08T19:45:00Z,ARR,bad,230.0
2 (07-07),True,False,VANCOUVER,TORONTO,2025-07-07,12,Edson,EDSN,2025-07-09T02:39:16Z,2025-07-08T21:19:00Z,ARR,bad,320.0
2 (07-07),True,False,VANCOUVER,TORONTO,2025-07-07,13,Evansburg,EVAN,2025-07-09T03:53:44Z,2025-07-08T22:28:00Z,33 mins,bad,325.0
2 (07-07),True,False,VANCOUVER,TORONTO,2025-07-07,14,Edmonton,EDMO,2025-07-09T06:15:44Z,2025-07-09T00:50:00Z,2h55,bad,325.0
2 (07-07),True,False,VANCOUVER,TORONTO,2025-07-07,15,Viking,VKNG,&mdash;,2025-07-09T03:53:00Z,&mdash;,,
2 (07-07),True,False,VANCOUVER,TORONTO,2025-07-07,16,Wainwright,WAIN,&mdash;,2025-07-09T06:14:00Z,&mdash;,,
2 (07-07),True,False,VANCOUVER,TORONTO,2025-07-07,17,Unity,UNIT,&mdash;,2025-07-09T07:47:00Z,&mdash;,,
2 (07-07),True,False,VANCOUVER,TORONTO,2025-07-07,18,Biggar,BIGG,&mdash;,2025-07-09T09:21:00Z,&mdash;,,
2 (07-07),True,False,VANCOUVER,TORONTO,2025-07-07,19,Saskatoon,SASK,&mdash;,2025-07-09T11:57:00Z,&mdash;,,
2 (07-07),True,False,VANCOUVER,TORONTO,2025-07-07,20,Watrous,WATR,&mdash;,2025-07-09T14:26:00Z,&mdash;,,
693 (07-08),True,False,WINNIPEG,CHURCHILL,2025-07-08,0,Portage La Prairie,PLPX,2025-07-08T18:46:10Z,2025-07-08T18:15:00Z,ARR,bad,31.0
693 (07-08),True,False,WINNIPEG,CHURCHILL,2025-07-08,1,Gladstone,GSTO,2025-07-08T19:35:46Z,2025-07-08T19:07:00Z,ARR,bad,28.0
693 (07-08),True,False,WINNIPEG,CHURCHILL,2025-07-08,2,Plumas,PLUM,2025-07-08T20:05:50Z,2025-07-08T19:44:00Z,ARR,bad,21.0
693 (07-08),True,False,WINNIPEG,CHURCHILL,2025-07-08,3,Glenella,GLNA,2025-07-08T20:31:33Z,2025-07-08T20:16:00Z,ARR,bad,15.0
693 (07-08),True,False,WINNIPEG,CHURCHILL,2025-07-08,4,Mccreary,MCCR,2025-07-08T21:12:22Z,2025-07-08T20:57:00Z,ARR,bad,15.0
693 (07-08),True,False,WINNIPEG,CHURCHILL,2025-07-08,5,Laurier,LRIE,2025-07-08T21:28:50Z,2025-07-08T21:15:00Z,ARR,med,13.0
693 (07-08),True,False,WINNIPEG,CHURCHILL,2025-07-08,6,Ochre River,OCHR,2025-07-08T21:49:55Z,2025-07-08T21:36:00Z,ARR,med,13.0
693 (07-08),True,False,WINNIPEG,CHURCHILL,2025-07-08,7,Dauphin,DAUP,2025-07-08T22:16:55Z,2025-07-08T21:56:00Z,ARR,bad,20.0
693 (07-08),True,False,WINNIPEG,CHURCHILL,2025-07-08,8,Gilbert Plains,GLBP,2025-07-08T23:08:14Z,2025-07-08T22:44:00Z,ARR,bad,24.0
693 (07-08),True,False,WINNIPEG,CHURCHILL,2025-07-08,9,Grandview,GVIE,2025-07-08T23:27:03Z,2025-07-08T23:00:00Z,ARR,bad,27.0
693 (07-08),True,False,WINNIPEG,CHURCHILL,2025-07-08,10,Roblin,RBLN,2025-07-09T00:34:45Z,2025-07-08T23:55:00Z,ARR,bad,39.0
693 (07-08),True,False,WINNIPEG,CHURCHILL,2025-07-08,11,Togo,TOGO,2025-07-09T01:10:28Z,2025-07-09T00:22:00Z,ARR,bad,48.0
693 (07-08),True,False,WINNIPEG,CHURCHILL,2025-07-08,12,Kamsack,KAMS,2025-07-09T01:42:20Z,2025-07-09T00:59:00Z,ARR,bad,43.0
693 (07-08),True,False,WINNIPEG,CHURCHILL,2025-07-08,13,Veregin,VERE,2025-07-09T01:52:48Z,2025-07-09T01:12:00Z,ARR,bad,40.0
693 (07-08),True,False,WINNIPEG,CHURCHILL,2025-07-08,14,Mikado,MIKA,2025-07-09T02:04:25Z,2025-07-09T01:22:00Z,ARR,bad,42.0
693 (07-08),True,False,WINNIPEG,CHURCHILL,2025-07-08,15,Canora,CANO,2025-07-09T02:15:36Z,2025-07-09T01:36:00Z,ARR,bad,39.0
693 (07-08),True,False,WINNIPEG,CHURCHILL,2025-07-08,16,Sturgis,STGS,2025-07-09T03:23:43Z,2025-07-09T02:21:00Z,3 mins,bad,62.0
693 (07-08),True,False,WINNIPEG,CHURCHILL,2025-07-08,17,Endeavour,ENDV,2025-07-09T03:56:43Z,2025-07-09T02:54:00Z,36 mins,bad,62.0
693 (07-08),True,False,WINNIPEG,CHURCHILL,2025-07-08,18,Reserve,RSRV,2025-07-09T04:36:43Z,2025-07-09T03:34:00Z,1h16,bad,62.0
693 (07-08),True,False,WINNIPEG,CHURCHILL,2025-07-08,19,Hudson Bay,HBAY,2025-07-09T05:34:43Z,2025-07-09T04:32:00Z,2h14,bad,62.0
693 (07-08),True,False,WINNIPEG,CHURCHILL,2025-07-08,20,The Pas,TPAS,2025-07-09T07:47:43Z,2025-07-09T06:45:00Z,4h27,bad,62.0
693 (07-08),True,False,WINNIPEG,CHURCHILL,2025-07-08,21,Orok,OROK,2025-07-09T09:09:43Z,2025-07-09T08:07:00Z,5h49,bad,62.0
693 (07-08),True,False,WINNIPEG,CHURCHILL,2025-07-08,22,Halcrow,HALC,2025-07-09T10:03:43Z,2025-07-09T09:01:00Z,6h43,bad,62.0
693 (07-08),True,False,WINNIPEG,CHURCHILL,2025-07-08,23,Cormorant,CORM,2025-07-09T10:14:43Z,2025-07-09T09:12:00Z,6h54,bad,62.0
693 (07-08),True,False,WINNIPEG,CHURCHILL,2025-07-08,24,Dering,DERI,2025-07-09T10:22:43Z,2025-07-09T09:20:00Z,7h02,bad,62.0
693 (07-08),True,False,WINNIPEG,CHURCHILL,2025-07-08,25,Dyce,DYCE,2025-07-09T11:01:43Z,2025-07-09T09:59:00Z,7h41,bad,62.0
693 (07-08),True,False,WINNIPEG,CHURCHILL,2025-07-08,26,Wekusko,WEKU,2025-07-09T11:45:43Z,2025-07-09T10:43:00Z,8h25,bad,62.0
693 (07-08),True,False,WINNIPEG,CHURCHILL,2025-07-08,27,Turnbull,TURN,2025-07-09T12:12:43Z,2025-07-09T11:10:00Z,8h52,bad,62.0
693 (07-08),True,False,WINNIPEG,CHURCHILL,2025-07-08,28,Ponton,PNTN,2025-07-09T12:44:43Z,2025-07-09T11:42:00Z,9h24,bad,62.0
693 (07-08),True,False,WINNIPEG,CHURCHILL,2025-07-08,29,Pipun,PIPN,2025-07-09T13:27:43Z,2025-07-09T12:25:00Z,10h07,bad,62.0
693 (07-08),True,False,WINNIPEG,CHURCHILL,2025-07-08,30,Wabowden,WBDN,2025-07-09T13:50:43Z,2025-07-09T12:48:00Z,10h30,bad,62.0
693 (07-08),True,False,WINNIPEG,CHURCHILL,2025-07-08,31,Lyddal,LYDD,2025-07-09T14:18:43Z,2025-07-09T13:16:00Z,10h58,bad,62.0
693 (07-08),True,False,WINNIPEG,CHURCHILL,2025-07-08,32,Odhill,ODHI,2025-07-09T14:40:43Z,2025-07-09T13:38:00Z,11h20,bad,62.0
693 (07-08),True,False,WINNIPEG,CHURCHILL,2025-07-08,33,Hockin,HOCK,2025-07-09T15:24:43Z,2025-07-09T14:22:00Z,12h04,bad,62.0
693 (07-08),True,False,WINNIPEG,CHURCHILL,2025-07-08,34,Thicket Portage,THKP,2025-07-09T15:39:43Z,2025-07-09T14:37:00Z,12h19,bad,62.0
693 (07-08),True,False,WINNIPEG,CHURCHILL,2025-07-08,35,Leven,LEVN,2025-07-09T15:56:43Z,2025-07-09T14:54:00Z,12h36,bad,62.0
693 (07-08),True,False,WINNIPEG,CHURCHILL,2025-07-08,36,Thompson,THOM,2025-07-09T18:02:43Z,2025-07-09T17:00:00Z,14h42,bad,62.0
20,True,True,MONTRÉAL,QUÉBEC,2025-07-08,0,Montréal,MTRL,2025-07-08T10:25:00Z,2025-07-08T10:25:00Z,ARR,goo,0.0
20,True,True,MONTRÉAL,QUÉBEC,2025-07-08,1,St. Lambert,SLAM,2025-07-08T10:39:57Z,2025-07-08T10:38:00Z,ARR,goo,1.0
20,True,True,MONTRÉAL,QUÉBEC,2025-07-08,2,St. Hyacinthe,SHYA,2025-07-08T11:06:25Z,2025-07-08T11:06:00Z,ARR,goo,0.0
20,True,True,MONTRÉAL,QUÉBEC,2025-07-08,3,Drummondville,DRMV,2025-07-08T11:37:22Z,2025-07-08T11:43:00Z,ARR,goo,-5.0
20,True,True,MONTRÉAL,QUÉBEC,2025-07-08,4,Ste-Foy,SFOY,2025-07-08T13:22:46Z,2025-07-08T13:25:00Z,ARR,goo,-2.0
20,True,True,MONTRÉAL,QUÉBEC,2025-07-08,5,Québec,QBEC,2025-07-08T14:00:14Z,2025-07-08T13:52:00Z,ARR,med,8.0
22,True,True,OTTAWA,QUÉBEC,2025-07-08,0,Ottawa,OTTW,2025-07-08T10:07:00Z,2025-07-08T10:07:00Z,ARR,goo,0.0
22,True,True,OTTAWA,QUÉBEC,2025-07-08,1,Casselman,CSLM,2025-07-08T10:30:47Z,2025-07-08T10:33:00Z,ARR,goo,-2.0
22,True,True,OTTAWA,QUÉBEC,2025-07-08,2,Alexandria,ALEX,2025-07-08T10:52:46Z,2025-07-08T10:55:00Z,ARR,goo,-2.0
22,True,True,OTTAWA,QUÉBEC,2025-07-08,3,Coteau,COTO,2025-07-08T11:14:05Z,2025-07-08T11:23:00Z,ARR,goo,-8.0
22,True,True,OTTAWA,QUÉBEC,2025-07-08,4,Dorval,DORV,2025-07-08T11:47:11Z,2025-07-08T11:47:00Z,ARR,goo,0.0
22,True,True,OTTAWA,QUÉBEC,2025-07-08,5,Montréal,MTRL,2025-07-08T12:09:15Z,2025-07-08T12:11:00Z,ARR,goo,-1.0
22,True,True,OTTAWA,QUÉBEC,2025-07-08,6,St. Lambert,SLAM,2025-07-08T12:58:15Z,2025-07-08T12:49:00Z,ARR,med,9.0
22,True,True,OTTAWA,QUÉBEC,2025-07-08,7,St. Hyacinthe,SHYA,2025-07-08T13:31:06Z,2025-07-08T13:16:00Z,ARR,bad,15.0
22,True,True,OTTAWA,QUÉBEC,2025-07-08,8,Drummondville,DRMV,2025-07-08T14:10:40Z,2025-07-08T13:44:00Z,ARR,bad,26.0
22,True,True,OTTAWA,QUÉBEC,2025-07-08,9,Ste-Foy,SFOY,2025-07-08T15:52:45Z,2025-07-08T15:19:00Z,ARR,bad,33.0
22,True,True,OTTAWA,QUÉBEC,2025-07-08,10,Québec,QBEC,2025-07-08T16:30:59Z,2025-07-08T15:47:00Z,ARR,bad,43.0
24,True,True,OTTAWA,QUÉBEC,2025-07-08,0,Ottawa,OTTW,2025-07-08T14:13:49Z,2025-07-08T14:13:00Z,ARR,goo,0.0
24,True,True,OTTAWA,QUÉBEC,2025-07-08,1,Alexandria,ALEX,2025-07-08T15:12:52Z,2025-07-08T15:03:00Z,ARR,med,9.0
24,True,True,OTTAWA,QUÉBEC,2025-07-08,2,Coteau,COTO,2025-07-08T15:32:22Z,2025-07-08T15:26:00Z,ARR,med,6.0
24,True,True,OTTAWA,QUÉBEC,2025-07-08,3,Dorval,DORV,2025-07-08T16:06:12Z,2025-07-08T15:50:00Z,ARR,bad,16.0
24,True,True,OTTAWA,QUÉBEC,2025-07-08,4,Montréal,MTRL,2025-07-08T16:30:14Z,2025-07-08T16:15:00Z,ARR,bad,15.0
24,True,True,OTTAWA,QUÉBEC,2025-07-08,5,St. Lambert,SLAM,2025-07-08T17:16:14Z,2025-07-08T16:58:00Z,ARR,bad,18.0
24,True,True,OTTAWA,QUÉBEC,2025-07-08,6,St. Hyacinthe,SHYA,2025-07-08T17:46:59Z,2025-07-08T17:26:00Z,ARR,bad,20.0
24,True,True,OTTAWA,QUÉBEC,2025-07-08,7,Drummondville,DRMV,2025-07-08T18:23:48Z,2025-07-08T17:54:00Z,ARR,bad,29.0
24,True,True,OTTAWA,QUÉBEC,2025-07-08,8,Charny,CHNY,2025-07-08T20:25:27Z,2025-07-08T19:38:00Z,ARR,bad,47.0
24,True,True,OTTAWA,QUÉBEC,2025-07-08,9,Ste-Foy,SFOY,2025-07-08T20:34:31Z,2025-07-08T19:45:00Z,ARR,bad,49.0
24,True,True,OTTAWA,QUÉBEC,2025-07-08,10,Québec,QBEC,2025-07-08T21:13:19Z,2025-07-08T20:12:00Z,ARR,bad,61.0
37,True,True,QUÉBEC,OTTAWA,2025-07-08,0,Québec,QBEC,2025-07-08T16:32:00Z,2025-07-08T16:32:00Z,ARR,goo,0.0
37,True,True,QUÉBEC,OTTAWA,2025-07-08,1,Ste-Foy,SFOY,2025-07-08T17:07:32Z,2025-07-08T16:57:00Z,ARR,med,10.0
37,True,True,QUÉBEC,OTTAWA,2025-07-08,2,Drummondville,DRMV,2025-07-08T18:42:27Z,2025-07-08T18:44:00Z,ARR,goo,-1.0
37,True,True,QUÉBEC,OTTAWA,2025-07-08,3,St. Hyacinthe,SHYA,2025-07-08T19:10:55Z,2025-07-08T19:12:00Z,ARR,goo,-1.0
37,True,True,QUÉBEC,OTTAWA,2025-07-08,4,St. Lambert,SLAM,2025-07-08T19:38:28Z,2025-07-08T19:39:00Z,ARR,goo,0.0
37,True,True,QUÉBEC,OTTAWA,2025-07-08,5,Montréal,MTRL,2025-07-08T19:53:11Z,2025-07-08T19:54:00Z,ARR,goo,0.0
37,True,True,QUÉBEC,OTTAWA,2025-07-08,6,Dorval,DORV,2025-07-08T20:59:01Z,2025-07-08T20:54:00Z,ARR,med,5.0
37,True,True,QUÉBEC,OTTAWA,2025-07-08,7,Coteau,COTO,2025-07-08T21:28:32Z,2025-07-08T21:23:00Z,ARR,med,5.0
37,True,True,QUÉBEC,OTTAWA,2025-07-08,8,Alexandria,ALEX,2025-07-08T21:52:14Z,2025-07-08T21:45:00Z,ARR,med,7.0
37,True,True,QUÉBEC,OTTAWA,2025-07-08,9,Ottawa,OTTW,2025-07-08T22:58:51Z,2025-07-08T22:37:00Z,ARR,bad,21.0
41,True,True,OTTAWA,TORONTO,2025-07-08,0,Ottawa,OTTW,2025-07-08T09:23:18Z,2025-07-08T09:21:00Z,ARR,goo,2.0
41,True,True,OTTAWA,TORONTO,2025-07-08,1,Fallowfield,FALL,2025-07-08T09:38:54Z,2025-07-08T09:38:00Z,ARR,goo,0.0
41,True,True,OTTAWA,TORONTO,2025-07-08,2,Smiths Falls,SMTF,2025-07-08T10:08:39Z,2025-07-08T10:08:00Z,ARR,goo,0.0
41,True,True,OTTAWA,TORONTO,2025-07-08,3,Brockville,BRKV,2025-07-08T10:41:07Z,2025-07-08T10:40:00Z,ARR,goo,1.0
41,True,True,OTTAWA,TORONTO,2025-07-08,4,Kingston,KGON,2025-07-08T11:25:38Z,2025-07-08T11:25:00Z,ARR,goo,0.0
41,True,True,OTTAWA,TORONTO,2025-07-08,5,Napanee,NAPN,2025-07-08T11:50:33Z,2025-07-08T11:49:00Z,ARR,goo,1.0
41,True,True,OTTAWA,TORONTO,2025-07-08,6,Belleville,BLVL,2025-07-08T12:17:48Z,2025-07-08T12:07:00Z,ARR,med,10.0
41,True,True,OTTAWA,TORONTO,2025-07-08,7,Trenton Jct.,TRNJ,2025-07-08T12:31:08Z,2025-07-08T12:20:00Z,ARR,med,11.0
41,True,True,OTTAWA,TORONTO,2025-07-08,8,Cobourg,CBRG,2025-07-08T12:58:24Z,2025-07-08T12:44:00Z,ARR,med,14.0
41,True,True,OTTAWA,TORONTO,2025-07-08,9,Oshawa,OSHA,2025-07-08T13:34:45Z,2025-07-08T13:19:00Z,ARR,bad,15.0
41,True,True,OTTAWA,TORONTO,2025-07-08,10,Toronto,TRTO,2025-07-08T14:18:11Z,2025-07-08T14:02:00Z,ARR,bad,16.0
50,True,True,TORONTO,OTTAWA,2025-07-08,0,Toronto,TRTO,2025-07-08T10:32:00Z,2025-07-08T10:32:00Z,ARR,goo,0.0
50,True,True,TORONTO,OTTAWA,2025-07-08,1,Guildwood,GUIL,2025-07-08T10:50:15Z,2025-07-08T10:50:00Z,ARR,goo,0.0
50,True,True,TORONTO,OTTAWA,2025-07-08,2,Oshawa,OSHA,2025-07-08T11:10:05Z,2025-07-08T11:08:00Z,ARR,goo,2.0
50,True,True,TORONTO,OTTAWA,2025-07-08,3,Cobourg,CBRG,2025-07-08T11:47:30Z,2025-07-08T11:43:00Z,ARR,goo,4.0
50,True,True,TORONTO,OTTAWA,2025-07-08,4,Belleville,BLVL,2025-07-08T12:25:52Z,2025-07-08T12:18:00Z,ARR,med,7.0
50,True,True,TORONTO,OTTAWA,2025-07-08,5,Kingston,KGON,2025-07-08T13:05:57Z,2025-07-08T12:57:00Z,ARR,med,8.0
50,True,True,TORONTO,OTTAWA,2025-07-08,6,Brockville,BRKV,2025-07-08T14:18:56Z,2025-07-08T13:54:00Z,ARR,bad,24.0
50,True,True,TORONTO,OTTAWA,2025-07-08,7,Smiths Falls,SMTF,2025-07-08T14:43:11Z,2025-07-08T14:29:00Z,ARR,med,14.0
50,True,True,TORONTO,OTTAWA,2025-07-08,8,Fallowfield,FALL,2025-07-08T15:12:19Z,2025-07-08T15:01:00Z,ARR,med,11.0
50,True,True,TORONTO,OTTAWA,2025-07-08,9,Ottawa,OTTW,2025-07-08T15:29:36Z,2025-07-08T15:21:00Z,ARR,med,8.0
52,True,True,TORONTO,OTTAWA,2025-07-08,0,Toronto,TRTO,2025-07-08T12:32:00Z,2025-07-08T12:32:00Z,ARR,goo,0.0
52,True,True,TORONTO,OTTAWA,2025-07-08,1,Guildwood,GUIL,2025-07-08T12:51:14Z,2025-07-08T12:50:00Z,ARR,goo,1.0
52,True,True,TORONTO,OTTAWA,2025-07-08,2,Oshawa,OSHA,2025-07-08T13:08:20Z,2025-07-08T13:09:00Z,ARR,goo,0.0
52,True,True,TORONTO,OTTAWA,2025-07-08,3,Cobourg,CBRG,2025-07-08T13:43:01Z,2025-07-08T13:44:00Z,ARR,goo,0.0
52,True,True,TORONTO,OTTAWA,2025-07-08,4,Belleville,BLVL,2025-07-08T14:18:08Z,2025-07-08T14:20:00Z,ARR,goo,-1.0
52,True,True,TORONTO,OTTAWA,2025-07-08,5,Kingston,KGON,2025-07-08T14:56:03Z,2025-07-08T15:00:00Z,ARR,goo,-3.0
52,True,True,TORONTO,OTTAWA,2025-07-08,6,Brockville,BRKV,2025-07-08T16:07:24Z,2025-07-08T15:57:00Z,ARR,med,10.0
52,True,True,TORONTO,OTTAWA,2025-07-08,7,Smiths Falls,SMTF,2025-07-08T16:39:20Z,2025-07-08T16:35:00Z,ARR,goo,4.0
52,True,True,TORONTO,OTTAWA,2025-07-08,8,Fallowfield,FALL,2025-07-08T17:11:07Z,2025-07-08T17:11:00Z,ARR,goo,0.0
52,True,True,TORONTO,OTTAWA,2025-07-08,9,Ottawa,OTTW,2025-07-08T17:28:41Z,2025-07-08T17:32:00Z,ARR,goo,-3.0
53,True,True,OTTAWA,TORONTO,2025-07-08,0,Ottawa,OTTW,2025-07-08T15:43:00Z,2025-07-08T15:43:00Z,ARR,goo,0.0
53,True,True,OTTAWA,TORONTO,2025-07-08,1,Fallowfield,FALL,2025-07-08T15:59:12Z,2025-07-08T16:00:00Z,ARR,goo,0.0
53,True,True,OTTAWA,TORONTO,2025-07-08,2,Brockville,BRKV,2025-07-08T17:04:46Z,2025-07-08T17:01:00Z,ARR,goo,3.0
53,True,True,OTTAWA,TORONTO,2025-07-08,3,Gananoque,GANA,2025-07-08T17:33:16Z,2025-07-08T17:31:00Z,ARR,goo,2.0
53,True,True,OTTAWA,TORONTO,2025-07-08,4,Kingston,KGON,2025-07-08T17:58:02Z,2025-07-08T17:54:00Z,ARR,goo,4.0
53,True,True,OTTAWA,TORONTO,2025-07-08,5,Belleville,BLVL,2025-07-08T18:37:48Z,2025-07-08T18:36:00Z,ARR,goo,1.0
53,True,True,OTTAWA,TORONTO,2025-07-08,6,Cobourg,CBRG,2025-07-08T19:12:43Z,2025-07-08T19:12:00Z,ARR,goo,0.0
53,True,True,OTTAWA,TORONTO,2025-07-08,7,Oshawa,OSHA,2025-07-08T20:01:48Z,2025-07-08T19:48:00Z,ARR,med,13.0
53,True,True,OTTAWA,TORONTO,2025-07-08,8,Toronto,TRTO,2025-07-08T20:55:53Z,2025-07-08T20:33:00Z,ARR,bad,22.0
60,True,True,TORONTO,MONTRÉAL,2025-07-08,0,Toronto,TRTO,2025-07-08T10:32:00Z,2025-07-08T10:32:00Z,ARR,goo,0.0
60,True,True,TORONTO,MONTRÉAL,2025-07-08,1,Guildwood,GUIL,2025-07-08T10:50:10Z,2025-07-08T10:50:00Z,ARR,goo,0.0
60,True,True,TORONTO,MONTRÉAL,2025-07-08,2,Oshawa,OSHA,2025-07-08T11:09:55Z,2025-07-08T11:08:00Z,ARR,goo,1.0
60,True,True,TORONTO,MONTRÉAL,2025-07-08,3,Cobourg,CBRG,2025-07-08T11:47:22Z,2025-07-08T11:43:00Z,ARR,goo,4.0
60,True,True,TORONTO,MONTRÉAL,2025-07-08,4,Belleville,BLVL,2025-07-08T12:25:50Z,2025-07-08T12:18:00Z,ARR,med,7.0
60,True,True,TORONTO,MONTRÉAL,2025-07-08,5,Kingston,KGON,2025-07-08T13:05:30Z,2025-07-08T12:57:00Z,ARR,med,8.0
60,True,True,TORONTO,MONTRÉAL,2025-07-08,6,Cornwall,CWLL,2025-07-08T14:52:39Z,2025-07-08T14:38:00Z,ARR,med,14.0
60,True,True,TORONTO,MONTRÉAL,2025-07-08,7,Dorval,DORV,2025-07-08T15:57:33Z,2025-07-08T15:25:00Z,ARR,bad,32.0
60,True,True,TORONTO,MONTRÉAL,2025-07-08,8,Montréal,MTRL,2025-07-08T16:23:54Z,2025-07-08T15:50:00Z,ARR,bad,33.0
64,True,True,TORONTO,MONTRÉAL,2025-07-08,0,Toronto,TRTO,2025-07-08T15:37:00Z,2025-07-08T15:37:00Z,ARR,goo,0.0
64,True,True,TORONTO,MONTRÉAL,2025-07-08,1,Guildwood,GUIL,2025-07-08T15:54:20Z,2025-07-08T15:54:00Z,ARR,goo,0.0
64,True,True,TORONTO,MONTRÉAL,2025-07-08,2,Oshawa,OSHA,2025-07-08T16:17:09Z,2025-07-08T16:08:00Z,ARR,med,9.0
64,True,True,TORONTO,MONTRÉAL,2025-07-08,3,Cobourg,CBRG,2025-07-08T16:51:12Z,2025-07-08T16:45:00Z,ARR,med,6.0
64,True,True,TORONTO,MONTRÉAL,2025-07-08,4,Belleville,BLVL,2025-07-08T17:28:30Z,2025-07-08T17:21:00Z,ARR,med,7.0
64,True,True,TORONTO,MONTRÉAL,2025-07-08,5,Kingston,KGON,2025-07-08T18:10:52Z,2025-07-08T18:02:00Z,ARR,med,8.0
64,True,True,TORONTO,MONTRÉAL,2025-07-08,6,Brockville,BRKV,2025-07-08T18:58:53Z,2025-07-08T18:51:00Z,ARR,med,7.0
64,True,True,TORONTO,MONTRÉAL,2025-07-08,7,Cornwall,CWLL,2025-07-08T19:48:28Z,2025-07-08T19:41:00Z,ARR,med,7.0
64,True,True,TORONTO,MONTRÉAL,2025-07-08,8,Dorval,DORV,2025-07-08T20:40:25Z,2025-07-08T20:36:00Z,ARR,goo,4.0
64,True,True,TORONTO,MONTRÉAL,2025-07-08,9,Montréal,MTRL,2025-07-08T21:13:44Z,2025-07-08T21:04:00Z,ARR,med,9.0
61,True,True,MONTRÉAL,TORONTO,2025-07-08,0,Montréal,MTRL,2025-07-08T10:45:00Z,2025-07-08T10:45:00Z,ARR,goo,0.0
61,True,True,MONTRÉAL,TORONTO,2025-07-08,1,Dorval,DORV,2025-07-08T11:08:32Z,2025-07-08T11:08:00Z,ARR,goo,0.0
61,True,True,MONTRÉAL,TORONTO,2025-07-08,2,Cornwall,CWLL,2025-07-08T12:11:53Z,2025-07-08T12:01:00Z,ARR,med,10.0
61,True,True,MONTRÉAL,TORONTO,2025-07-08,3,Kingston,KGON,2025-07-08T14:03:07Z,2025-07-08T13:29:00Z,ARR,bad,34.0
61,True,True,MONTRÉAL,TORONTO,2025-07-08,4,Belleville,BLVL,2025-07-08T14:52:10Z,2025-07-08T14:11:00Z,ARR,bad,41.0
61,True,True,MONTRÉAL,TORONTO,2025-07-08,5,Oshawa,OSHA,2025-07-08T16:14:06Z,2025-07-08T15:19:00Z,ARR,bad,55.0
61,True,True,MONTRÉAL,TORONTO,2025-07-08,6,Guildwood,GUIL,2025-07-08T16:41:16Z,2025-07-08T15:43:00Z,ARR,bad,58.0
61,True,True,MONTRÉAL,TORONTO,2025-07-08,7,Toronto,TRTO,2025-07-08T17:05:48Z,2025-07-08T16:03:00Z,ARR,bad,62.0
65,True,True,MONTRÉAL,TORONTO,2025-07-08,0,Montréal,MTRL,2025-07-08T14:49:00Z,2025-07-08T14:49:00Z,ARR,goo,0.0
65,True,True,MONTRÉAL,TORONTO,2025-07-08,1,Dorval,DORV,2025-07-08T15:13:29Z,2025-07-08T15:12:00Z,ARR,goo,1.0
65,True,True,MONTRÉAL,TORONTO,2025-07-08,2,Cornwall,CWLL,2025-07-08T16:16:40Z,2025-07-08T16:06:00Z,ARR,med,10.0
65,True,True,MONTRÉAL,TORONTO,2025-07-08,3,Kingston,KGON,2025-07-08T17:42:58Z,2025-07-08T17:36:00Z,ARR,med,6.0
65,True,True,MONTRÉAL,TORONTO,2025-07-08,4,Belleville,BLVL,2025-07-08T18:26:22Z,2025-07-08T18:20:00Z,ARR,med,6.0
65,True,True,MONTRÉAL,TORONTO,2025-07-08,5,Cobourg,CBRG,2025-07-08T19:02:43Z,2025-07-08T18:58:00Z,ARR,goo,4.0
65,True,True,MONTRÉAL,TORONTO,2025-07-08,6,Oshawa,OSHA,2025-07-08T19:55:03Z,2025-07-08T19:34:00Z,ARR,bad,21.0
65,True,True,MONTRÉAL,TORONTO,2025-07-08,7,Toronto,TRTO,2025-07-08T20:35:13Z,2025-07-08T20:18:00Z,ARR,bad,17.0
67,True,True,MONTRÉAL,TORONTO,2025-07-08,0,Montréal,MTRL,2025-07-08T17:22:00Z,2025-07-08T17:22:00Z,ARR,goo,0.0
67,True,True,MONTRÉAL,TORONTO,2025-07-08,1,Dorval,DORV,2025-07-08T17:56:42Z,2025-07-08T17:47:00Z,ARR,med,9.0
67,True,True,MONTRÉAL,TORONTO,2025-07-08,2,Cornwall,CWLL,2025-07-08T18:43:32Z,2025-07-08T18:38:00Z,ARR,med,5.0
67,True,True,MONTRÉAL,TORONTO,2025-07-08,3,Kingston,KGON,2025-07-08T20:11:17Z,2025-07-08T20:03:00Z,ARR,med,8.0
67,True,True,MONTRÉAL,TORONTO,2025-07-08,4,Belleville,BLVL,2025-07-08T20:54:37Z,2025-07-08T20:42:00Z,ARR,med,12.0
67,True,True,MONTRÉAL,TORONTO,2025-07-08,5,Cobourg,CBRG,2025-07-08T21:28:11Z,2025-07-08T21:17:00Z,ARR,med,11.0
67,True,True,MONTRÉAL,TORONTO,2025-07-08,6,Oshawa,OSHA,2025-07-08T22:03:44Z,2025-07-08T21:50:00Z,ARR,med,13.0
67,True,True,MONTRÉAL,TORONTO,2025-07-08,7,Toronto,TRTO,2025-07-08T22:46:34Z,2025-07-08T22:45:00Z,ARR,goo,1.0
70,True,True,WINDSOR,TORONTO,2025-07-08,0,Windsor,WDON,2025-07-08T09:36:05Z,2025-07-08T09:35:00Z,ARR,goo,1.0
70,True,True,WINDSOR,TORONTO,2025-07-08,1,Chatham,CHAT,2025-07-08T10:18:35Z,2025-07-08T10:19:00Z,ARR,goo,0.0
70,True,True,WINDSOR,TORONTO,2025-07-08,2,London,LNDN,2025-07-08T11:33:54Z,2025-07-08T11:25:00Z,ARR,med,8.0
70,True,True,WINDSOR,TORONTO,2025-07-08,3,Ingersoll,INGR,2025-07-08T12:02:13Z,2025-07-08T11:55:00Z,ARR,med,7.0
70,True,True,WINDSOR,TORONTO,2025-07-08,4,Woodstock,WDST,2025-07-08T12:15:18Z,2025-07-08T12:08:00Z,ARR,med,7.0
70,True,True,WINDSOR,TORONTO,2025-07-08,5,Brantford,BRTF,2025-07-08T12:52:04Z,2025-07-08T12:44:00Z,ARR,med,8.0
70,True,True,WINDSOR,TORONTO,2025-07-08,6,Aldershot,ALDR,2025-07-08T13:24:38Z,2025-07-08T13:25:00Z,ARR,goo,0.0
70,True,True,WINDSOR,TORONTO,2025-07-08,7,Oakville,OAKV,2025-07-08T13:43:35Z,2025-07-08T13:43:00Z,ARR,goo,0.0
70,True,True,WINDSOR,TORONTO,2025-07-08,8,Toronto,TRTO,2025-07-08T14:09:15Z,2025-07-08T14:10:00Z,ARR,goo,0.0
72,True,True,WINDSOR,TORONTO,2025-07-08,0,Windsor,WDON,2025-07-08T12:47:00Z,2025-07-08T12:43:00Z,ARR,goo,4.0
72,True,True,WINDSOR,TORONTO,2025-07-08,1,Chatham,CHAT,2025-07-08T13:28:19Z,2025-07-08T13:25:00Z,ARR,goo,3.0
72,True,True,WINDSOR,TORONTO,2025-07-08,2,Glencoe,GLNC,2025-07-08T14:11:06Z,2025-07-08T14:05:00Z,ARR,med,6.0
72,True,True,WINDSOR,TORONTO,2025-07-08,3,London,LNDN,2025-07-08T14:42:25Z,2025-07-08T14:39:00Z,ARR,goo,3.0
72,True,True,WINDSOR,TORONTO,2025-07-08,4,Ingersoll,INGR,2025-07-08T15:52:23Z,2025-07-08T15:07:00Z,ARR,bad,45.0
72,True,True,WINDSOR,TORONTO,2025-07-08,5,Woodstock,WDST,2025-07-08T16:04:45Z,2025-07-08T15:23:00Z,ARR,bad,41.0
72,True,True,WINDSOR,TORONTO,2025-07-08,6,Brantford,BRTF,2025-07-08T16:36:43Z,2025-07-08T15:55:00Z,ARR,bad,41.0
72,True,True,WINDSOR,TORONTO,2025-07-08,7,Aldershot,ALDR,2025-07-08T17:10:20Z,2025-07-08T16:29:00Z,ARR,bad,41.0
72,True,True,WINDSOR,TORONTO,2025-07-08,8,Oakville,OAKV,2025-07-08T17:31:28Z,2025-07-08T16:45:00Z,ARR,bad,46.0
72,True,True,WINDSOR,TORONTO,2025-07-08,9,Toronto,TRTO,2025-07-08T18:14:40Z,2025-07-08T17:11:00Z,ARR,bad,63.0
71,True,True,TORONTO,WINDSOR,2025-07-08,0,Toronto,TRTO,2025-07-08T10:50:00Z,2025-07-08T10:50:00Z,ARR,goo,0.0
71,True,True,TORONTO,WINDSOR,2025-07-08,1,Oakville,OAKV,2025-07-08T11:13:33Z,2025-07-08T11:13:00Z,ARR,goo,0.0
71,True,True,TORONTO,WINDSOR,2025-07-08,2,Aldershot,ALDR,2025-07-08T11:29:34Z,2025-07-08T11:29:00Z,ARR,goo,0.0
71,True,True,TORONTO,WINDSOR,2025-07-08,3,Brantford,BRTF,2025-07-08T12:00:21Z,2025-07-08T11:55:00Z,ARR,med,5.0
71,True,True,TORONTO,WINDSOR,2025-07-08,4,Woodstock,WDST,2025-07-08T12:33:05Z,2025-07-08T12:30:00Z,ARR,goo,3.0
71,True,True,TORONTO,WINDSOR,2025-07-08,5,Ingersoll,INGR,2025-07-08T12:45:28Z,2025-07-08T12:43:00Z,ARR,goo,2.0
71,True,True,TORONTO,WINDSOR,2025-07-08,6,London,LNDN,2025-07-08T13:26:29Z,2025-07-08T13:06:00Z,ARR,bad,20.0
71,True,True,TORONTO,WINDSOR,2025-07-08,7,Glencoe,GLNC,2025-07-08T14:00:49Z,2025-07-08T13:39:00Z,ARR,bad,21.0
71,True,True,TORONTO,WINDSOR,2025-07-08,8,Chatham,CHAT,2025-07-08T14:42:06Z,2025-07-08T14:18:00Z,ARR,bad,24.0
71,True,True,TORONTO,WINDSOR,2025-07-08,9,Windsor,WDON,2025-07-08T15:28:57Z,2025-07-08T15:08:00Z,ARR,bad,20.0
76,True,True,WINDSOR,TORONTO,2025-07-08,0,Windsor,WDON,2025-07-08T17:06:06Z,2025-07-08T17:06:00Z,ARR,goo,0.0
76,True,True,WINDSOR,TORONTO,2025-07-08,1,Chatham,CHAT,2025-07-08T17:51:49Z,2025-07-08T17:48:00Z,ARR,goo,3.0
76,True,True,WINDSOR,TORONTO,2025-07-08,2,Glencoe,GLNC,2025-07-08T18:35:39Z,2025-07-08T18:23:00Z,ARR,med,12.0
76,True,True,WINDSOR,TORONTO,2025-07-08,3,London,LNDN,2025-07-08T19:10:29Z,2025-07-08T18:58:00Z,ARR,med,12.0
76,True,True,WINDSOR,TORONTO,2025-07-08,4,Brantford,BRTF,2025-07-08T20:14:38Z,2025-07-08T19:59:00Z,ARR,bad,15.0
76,True,True,WINDSOR,TORONTO,2025-07-08,5,Aldershot,ALDR,2025-07-08T20:46:50Z,2025-07-08T20:30:00Z,ARR,bad,16.0
76,True,True,WINDSOR,TORONTO,2025-07-08,6,Oakville,OAKV,2025-07-08T21:09:49Z,2025-07-08T20:47:00Z,ARR,bad,22.0
76,True,True,WINDSOR,TORONTO,2025-07-08,7,Toronto,TRTO,2025-07-08T21:49:05Z,2025-07-08T21:13:00Z,ARR,bad,36.0
73,True,True,TORONTO,WINDSOR,2025-07-08,0,Toronto,TRTO,2025-07-08T15:30:00Z,2025-07-08T15:30:00Z,ARR,goo,0.0
73,True,True,TORONTO,WINDSOR,2025-07-08,1,Oakville,OAKV,2025-07-08T15:58:39Z,2025-07-08T15:51:00Z,ARR,med,7.0
73,True,True,TORONTO,WINDSOR,2025-07-08,2,Aldershot,ALDR,2025-07-08T16:14:19Z,2025-07-08T16:09:00Z,ARR,med,5.0
73,True,True,TORONTO,WINDSOR,2025-07-08,3,Brantford,BRTF,2025-07-08T16:48:27Z,2025-07-08T16:40:00Z,ARR,med,8.0
73,True,True,TORONTO,WINDSOR,2025-07-08,4,Woodstock,WDST,2025-07-08T17:20:21Z,2025-07-08T17:09:00Z,ARR,med,11.0
73,True,True,TORONTO,WINDSOR,2025-07-08,5,London,LNDN,2025-07-08T17:51:56Z,2025-07-08T17:38:00Z,ARR,med,13.0
73,True,True,TORONTO,WINDSOR,2025-07-08,6,Chatham,CHAT,2025-07-08T19:07:25Z,2025-07-08T18:50:00Z,ARR,bad,17.0
73,True,True,TORONTO,WINDSOR,2025-07-08,7,Windsor,WDON,2025-07-08T19:52:22Z,2025-07-08T19:45:00Z,ARR,med,7.0
82,True,True,LONDON,TORONTO,2025-07-08,0,London,LNDN,2025-07-08T10:25:00Z,2025-07-08T10:25:00Z,ARR,goo,0.0
82,True,True,LONDON,TORONTO,2025-07-08,1,Woodstock,WDST,2025-07-08T10:53:51Z,2025-07-08T10:53:00Z,ARR,goo,0.0
82,True,True,LONDON,TORONTO,2025-07-08,2,Brantford,BRTF,2025-07-08T11:22:55Z,2025-07-08T11:23:00Z,ARR,goo,0.0
82,True,True,LONDON,TORONTO,2025-07-08,3,Toronto,TRTO,2025-07-08T12:37:42Z,2025-07-08T12:35:00Z,ARR,goo,2.0
84,True,True,SARNIA,TORONTO,2025-07-08,0,Sarnia,SARN,2025-07-08T12:40:00Z,2025-07-08T12:40:00Z,ARR,goo,0.0
84,True,True,SARNIA,TORONTO,2025-07-08,1,Wyoming,WYOM,2025-07-08T12:58:39Z,2025-07-08T12:55:00Z,ARR,goo,3.0
84,True,True,SARNIA,TORONTO,2025-07-08,2,Strathroy,STRR,2025-07-08T13:25:48Z,2025-07-08T13:27:00Z,ARR,goo,-1.0
84,True,True,SARNIA,TORONTO,2025-07-08,3,London,LNDN,2025-07-08T13:52:31Z,2025-07-08T13:52:00Z,ARR,goo,0.0
84,True,True,SARNIA,TORONTO,2025-07-08,4,St.Marys,SMYS,2025-07-08T14:46:20Z,2025-07-08T14:45:00Z,ARR,goo,1.0
84,True,True,SARNIA,TORONTO,2025-07-08,5,Stratford,STRF,2025-07-08T15:17:25Z,2025-07-08T15:14:00Z,ARR,goo,3.0
84,True,True,SARNIA,TORONTO,2025-07-08,6,Kitchener,KITC,2025-07-08T16:05:40Z,2025-07-08T16:02:00Z,ARR,goo,3.0
84,True,True,SARNIA,TORONTO,2025-07-08,7,Guelph,GUEL,2025-07-08T16:29:11Z,2025-07-08T16:24:00Z,ARR,med,5.0
84,True,True,SARNIA,TORONTO,2025-07-08,8,Georgetown,GEOR,2025-07-08T16:52:45Z,2025-07-08T16:47:00Z,ARR,med,5.0
84,True,True,SARNIA,TORONTO,2025-07-08,9,Brampton,BRMP,2025-07-08T17:01:59Z,2025-07-08T16:59:00Z,ARR,goo,2.0
84,True,True,SARNIA,TORONTO,2025-07-08,10,Malton,MALT,2025-07-08T17:16:32Z,2025-07-08T17:11:00Z,ARR,med,5.0
84,True,True,SARNIA,TORONTO,2025-07-08,11,Toronto,TRTO,2025-07-08T17:42:03Z,2025-07-08T17:38:00Z,ARR,goo,4.0
641,True,True,OTTAWA,TORONTO,2025-07-08,0,Ottawa,OTTW,2025-07-08T08:13:00Z,2025-07-08T08:13:00Z,ARR,goo,0.0
641,True,True,OTTAWA,TORONTO,2025-07-08,1,Fallowfield,FALL,2025-07-08T08:30:39Z,2025-07-08T08:30:00Z,ARR,goo,0.0
641,True,True,OTTAWA,TORONTO,2025-07-08,2,Smiths Falls,SMTF,2025-07-08T09:00:02Z,2025-07-08T09:00:00Z,ARR,goo,0.0
641,True,True,OTTAWA,TORONTO,2025-07-08,3,Brockville,BRKV,2025-07-08T09:30:23Z,2025-07-08T09:32:00Z,ARR,goo,-1.0
641,True,True,OTTAWA,TORONTO,2025-07-08,4,Kingston,KGON,2025-07-08T10:23:15Z,2025-07-08T10:16:00Z,ARR,med,7.0
641,True,True,OTTAWA,TORONTO,2025-07-08,5,Belleville,BLVL,2025-07-08T11:09:49Z,2025-07-08T10:56:00Z,ARR,med,13.0
641,True,True,OTTAWA,TORONTO,2025-07-08,6,Cobourg,CBRG,2025-07-08T11:52:35Z,2025-07-08T11:31:00Z,ARR,bad,21.0
641,True,True,OTTAWA,TORONTO,2025-07-08,7,Port Hope,PHOP,2025-07-08T12:02:53Z,2025-07-08T11:41:00Z,ARR,bad,21.0
641,True,True,OTTAWA,TORONTO,2025-07-08,8,Toronto,TRTO,2025-07-08T13:28:00Z,2025-07-08T12:48:00Z,ARR,bad,40.0
644,True,True,TORONTO,OTTAWA,2025-07-08,0,Toronto,TRTO,2025-07-08T17:22:34Z,2025-07-08T17:22:00Z,ARR,goo,0.0
644,True,True,TORONTO,OTTAWA,2025-07-08,1,Oshawa,OSHA,2025-07-08T17:54:35Z,2025-07-08T17:52:00Z,ARR,goo,2.0
644,True,True,TORONTO,OTTAWA,2025-07-08,2,Cobourg,CBRG,2025-07-08T18:35:46Z,2025-07-08T18:27:00Z,ARR,med,8.0
644,True,True,TORONTO,OTTAWA,2025-07-08,3,Belleville,BLVL,2025-07-08T19:16:40Z,2025-07-08T19:02:00Z,ARR,med,14.0
644,True,True,TORONTO,OTTAWA,2025-07-08,4,Kingston,KGON,2025-07-08T20:07:14Z,2025-07-08T19:42:00Z,ARR,bad,25.0
644,True,True,TORONTO,OTTAWA,2025-07-08,5,Fallowfield,FALL,2025-07-08T22:02:24Z,2025-07-08T21:29:00Z,ARR,bad,33.0
644,True,True,TORONTO,OTTAWA,2025-07-08,6,Ottawa,OTTW,2025-07-08T22:24:16Z,2025-07-08T21:52:00Z,ARR,bad,32.0
97,True,True,TORONTO,NIAGARA FALLS,2025-07-08,0,Toronto,TRTO,2025-07-08T12:20:00Z,2025-07-08T12:20:00Z,ARR,goo,0.0
97,True,True,TORONTO,NIAGARA FALLS,2025-07-08,1,Oakville,OAKV,2025-07-08T12:43:00Z,2025-07-08T12:43:00Z,ARR,goo,0.0
97,True,True,TORONTO,NIAGARA FALLS,2025-07-08,2,Aldershot,ALDR,2025-07-08T12:56:00Z,2025-07-08T12:56:00Z,ARR,goo,0.0
97,True,True,TORONTO,NIAGARA FALLS,2025-07-08,3,Grimsby,GRIM,2025-07-08T13:37:00Z,2025-07-08T13:37:00Z,ARR,goo,0.0
97,True,True,TORONTO,NIAGARA FALLS,2025-07-08,4,St. Catharines,SCAT,2025-07-08T13:57:00Z,2025-07-08T13:57:00Z,ARR,goo,0.0
97,True,True,TORONTO,NIAGARA FALLS,2025-07-08,5,Niagara Falls,NIAG,2025-07-08T14:20:00Z,2025-07-08T14:20:00Z,ARR,goo,0.0
62,True,True,TORONTO,MONTRÉAL,2025-07-08,0,Toronto,TRTO,2025-07-08T12:32:00Z,2025-07-08T12:32:00Z,ARR,goo,0.0
62,True,True,TORONTO,MONTRÉAL,2025-07-08,1,Guildwood,GUIL,2025-07-08T12:51:01Z,2025-07-08T12:50:00Z,ARR,goo,1.0
62,True,True,TORONTO,MONTRÉAL,2025-07-08,2,Oshawa,OSHA,2025-07-08T13:08:11Z,2025-07-08T13:09:00Z,ARR,goo,0.0
62,True,True,TORONTO,MONTRÉAL,2025-07-08,3,Cobourg,CBRG,2025-07-08T13:42:58Z,2025-07-08T13:44:00Z,ARR,goo,-1.0
62,True,True,TORONTO,MONTRÉAL,2025-07-08,4,Belleville,BLVL,2025-07-08T14:17:48Z,2025-07-08T14:20:00Z,ARR,goo,-2.0
62,True,True,TORONTO,MONTRÉAL,2025-07-08,5,Kingston,KGON,2025-07-08T14:55:44Z,2025-07-08T15:00:00Z,ARR,goo,-4.0
62,True,True,TORONTO,MONTRÉAL,2025-07-08,6,Cornwall,CWLL,2025-07-08T16:44:22Z,2025-07-08T16:43:00Z,ARR,goo,1.0
62,True,True,TORONTO,MONTRÉAL,2025-07-08,7,Dorval,DORV,2025-07-08T17:42:44Z,2025-07-08T17:34:00Z,ARR,med,8.0
62,True,True,TORONTO,MONTRÉAL,2025-07-08,8,Montréal,MTRL,2025-07-08T18:10:04Z,2025-07-08T18:00:00Z,ARR,med,10.0
643,True,True,OTTAWA,TORONTO,2025-07-08,0,Ottawa,OTTW,2025-07-08T12:29:19Z,2025-07-08T12:29:00Z,ARR,goo,0.0
643,True,True,OTTAWA,TORONTO,2025-07-08,1,Fallowfield,FALL,2025-07-08T12:47:25Z,2025-07-08T12:45:00Z,ARR,goo,2.0
643,True,True,OTTAWA,TORONTO,2025-07-08,2,Smiths Falls,SMTF,2025-07-08T13:18:01Z,2025-07-08T13:17:00Z,ARR,goo,1.0
643,True,True,OTTAWA,TORONTO,2025-07-08,3,Brockville,BRKV,2025-07-08T13:58:54Z,2025-07-08T13:49:00Z,ARR,med,9.0
643,True,True,OTTAWA,TORONTO,2025-07-08,4,Kingston,KGON,2025-07-08T14:44:55Z,2025-07-08T14:32:00Z,ARR,med,12.0
643,True,True,OTTAWA,TORONTO,2025-07-08,5,Napanee,NAPN,2025-07-08T15:20:19Z,2025-07-08T14:57:00Z,ARR,bad,23.0
643,True,True,OTTAWA,TORONTO,2025-07-08,6,Belleville,BLVL,2025-07-08T15:39:01Z,2025-07-08T15:17:00Z,ARR,bad,22.0
643,True,True,OTTAWA,TORONTO,2025-07-08,7,Trenton Jct.,TRNJ,2025-07-08T15:53:06Z,2025-07-08T15:31:00Z,ARR,bad,22.0
643,True,True,OTTAWA,TORONTO,2025-07-08,8,Cobourg,CBRG,2025-07-08T16:18:13Z,2025-07-08T15:57:00Z,ARR,bad,21.0
643,True,True,OTTAWA,TORONTO,2025-07-08,9,Port Hope,PHOP,2025-07-08T16:29:23Z,2025-07-08T16:07:00Z,ARR,bad,22.0
643,True,True,OTTAWA,TORONTO,2025-07-08,10,Oshawa,OSHA,2025-07-08T16:54:41Z,2025-07-08T16:35:00Z,ARR,bad,19.0
643,True,True,OTTAWA,TORONTO,2025-07-08,11,Guildwood,GUIL,2025-07-08T17:16:30Z,2025-07-08T16:58:00Z,ARR,bad,18.0
643,True,True,OTTAWA,TORONTO,2025-07-08,12,Toronto,TRTO,2025-07-08T17:34:07Z,2025-07-08T17:18:00Z,ARR,bad,16.0
45,True,True,OTTAWA,TORONTO,2025-07-08,0,Ottawa,OTTW,2025-07-08T14:24:00Z,2025-07-08T14:24:00Z,ARR,goo,0.0
45,True,True,OTTAWA,TORONTO,2025-07-08,1,Fallowfield,FALL,2025-07-08T14:41:04Z,2025-07-08T14:40:00Z,ARR,goo,1.0
45,True,True,OTTAWA,TORONTO,2025-07-08,2,Kingston,KGON,2025-07-08T16:37:55Z,2025-07-08T16:26:00Z,ARR,med,11.0
45,True,True,OTTAWA,TORONTO,2025-07-08,3,Toronto,TRTO,2025-07-08T19:27:30Z,2025-07-08T18:48:00Z,ARR,bad,39.0
33,True,True,QUÉBEC,OTTAWA,2025-07-08,0,Québec,QBEC,2025-07-08T09:29:00Z,2025-07-08T09:29:00Z,ARR,goo,0.0
33,True,True,QUÉBEC,OTTAWA,2025-07-08,1,Ste-Foy,SFOY,2025-07-08T10:03:09Z,2025-07-08T09:54:00Z,ARR,med,9.0
33,True,True,QUÉBEC,OTTAWA,2025-07-08,2,Charny,CHNY,2025-07-08T10:12:49Z,2025-07-08T10:03:00Z,ARR,med,9.0
33,True,True,QUÉBEC,OTTAWA,2025-07-08,3,Drummondville,DRMV,2025-07-08T11:42:47Z,2025-07-08T11:26:00Z,ARR,bad,16.0
33,True,True,QUÉBEC,OTTAWA,2025-07-08,4,St. Hyacinthe,SHYA,2025-07-08T12:18:14Z,2025-07-08T11:57:00Z,ARR,bad,21.0
33,True,True,QUÉBEC,OTTAWA,2025-07-08,5,St. Lambert,SLAM,2025-07-08T12:51:17Z,2025-07-08T12:23:00Z,ARR,bad,28.0
33,True,True,QUÉBEC,OTTAWA,2025-07-08,6,Montréal,MTRL,2025-07-08T13:08:18Z,2025-07-08T12:37:00Z,ARR,bad,31.0
33,True,True,QUÉBEC,OTTAWA,2025-07-08,7,Dorval,DORV,2025-07-08T13:54:49Z,2025-07-08T13:24:00Z,ARR,bad,30.0
33,True,True,QUÉBEC,OTTAWA,2025-07-08,8,Alexandria,ALEX,2025-07-08T14:44:22Z,2025-07-08T14:10:00Z,ARR,bad,34.0
33,True,True,QUÉBEC,OTTAWA,2025-07-08,9,Casselman,CSLM,2025-07-08T15:07:52Z,2025-07-08T14:33:00Z,ARR,bad,34.0
33,True,True,QUÉBEC,OTTAWA,2025-07-08,10,Ottawa,OTTW,2025-07-08T15:34:38Z,2025-07-08T15:04:00Z,ARR,bad,30.0
185,True,True,SUDBURY,WHITE RIVER,2025-07-08,0,Sudbury,SUDB,2025-07-08T13:00:00Z,2025-07-08T13:00:00Z,ARR,goo,0.0
185,True,True,SUDBURY,WHITE RIVER,2025-07-08,1,Azilda,AZIL,2025-07-08T13:24:41Z,2025-07-08T13:10:00Z,ARR,med,14.0
185,True,True,SUDBURY,WHITE RIVER,2025-07-08,2,Chelmsford,CHEL,2025-07-08T13:27:54Z,2025-07-08T13:15:00Z,ARR,med,12.0
185,True,True,SUDBURY,WHITE RIVER,2025-07-08,3,Larchwood,LARC,2025-07-08T13:33:19Z,2025-07-08T13:19:00Z,ARR,med,14.0
185,True,True,SUDBURY,WHITE RIVER,2025-07-08,4,Levack,LEVA,2025-07-08T13:43:08Z,2025-07-08T13:30:00Z,ARR,med,13.0
185,True,True,SUDBURY,WHITE RIVER,2025-07-08,5,Cartier,CART,2025-07-08T13:55:12Z,2025-07-08T13:45:00Z,ARR,med,10.0
185,True,True,SUDBURY,WHITE RIVER,2025-07-08,6,Benny,BENN,2025-07-08T14:24:58Z,2025-07-08T14:05:00Z,ARR,bad,19.0
185,True,True,SUDBURY,WHITE RIVER,2025-07-08,7,Stralak,STRL,2025-07-08T14:29:25Z,2025-07-08T14:12:00Z,ARR,bad,17.0
185,True,True,SUDBURY,WHITE RIVER,2025-07-08,8,Pogamasing,POGA,2025-07-08T14:40:44Z,2025-07-08T14:25:00Z,ARR,bad,15.0
185,True,True,SUDBURY,WHITE RIVER,2025-07-08,9,Sheahan,SHEA,2025-07-08T14:49:45Z,2025-07-08T14:30:00Z,ARR,bad,19.0
185,True,True,SUDBURY,WHITE RIVER,2025-07-08,10,Forks,FRKS,2025-07-08T14:59:45Z,2025-07-08T14:40:00Z,ARR,bad,19.0
185,True,True,SUDBURY,WHITE RIVER,2025-07-08,11,Metagama,MTGM,2025-07-08T15:09:45Z,2025-07-08T14:50:00Z,ARR,bad,19.0
185,True,True,SUDBURY,WHITE RIVER,2025-07-08,12,Sinker,SNKR,2025-07-08T15:14:45Z,2025-07-08T14:55:00Z,ARR,bad,19.0
185,True,True,SUDBURY,WHITE RIVER,2025-07-08,13,Biscotasing,BISC,2025-07-08T16:06:30Z,2025-07-08T15:20:00Z,ARR,bad,46.0
185,True,True,SUDBURY,WHITE RIVER,2025-07-08,14,Roberts,RBRT,2025-07-08T16:16:30Z,2025-07-08T15:30:00Z,ARR,bad,46.0
185,True,True,SUDBURY,WHITE RIVER,2025-07-08,15,Ramsey,RAMS,2025-07-08T16:31:30Z,2025-07-08T15:45:00Z,ARR,bad,46.0
185,True,True,SUDBURY,WHITE RIVER,2025-07-08,16,Woman River,WOMR,2025-07-08T16:51:30Z,2025-07-08T16:05:00Z,ARR,bad,46.0
185,True,True,SUDBURY,WHITE RIVER,2025-07-08,17,Sultan,SULT,2025-07-08T17:06:30Z,2025-07-08T16:20:00Z,ARR,bad,46.0
185,True,True,SUDBURY,WHITE RIVER,2025-07-08,18,Kormak,KORM,2025-07-08T17:21:30Z,2025-07-08T16:35:00Z,ARR,bad,46.0
185,True,True,SUDBURY,WHITE RIVER,2025-07-08,19,Kinogama,KINO,2025-07-08T17:26:30Z,2025-07-08T16:40:00Z,ARR,bad,46.0
185,True,True,SUDBURY,WHITE RIVER,2025-07-08,20,Nemegos,NEME,2025-07-08T17:41:30Z,2025-07-08T16:55:00Z,ARR,bad,46.0
185,True,True,SUDBURY,WHITE RIVER,2025-07-08,21,Devon,DEVN,2025-07-08T18:22:52Z,2025-07-08T17:05:00Z,ARR,bad,77.0
185,True,True,SUDBURY,WHITE RIVER,2025-07-08,22,Chapleau,CHAP,2025-07-08T18:47:12Z,2025-07-08T17:20:00Z,ARR,bad,87.0
185,True,True,SUDBURY,WHITE RIVER,2025-07-08,23,Esher,ESHR,2025-07-08T19:07:23Z,2025-07-08T17:50:00Z,ARR,bad,77.0
185,True,True,SUDBURY,WHITE RIVER,2025-07-08,24,Musk,MUSK,2025-07-08T19:17:39Z,2025-07-08T18:00:00Z,ARR,bad,77.0
185,True,True,SUDBURY,WHITE RIVER,2025-07-08,25,Nicholson,NICH,2025-07-08T19:23:35Z,2025-07-08T18:10:00Z,ARR,bad,73.0
185,True,True,SUDBURY,WHITE RIVER,2025-07-08,26,Bolkow,BOLK,2025-07-08T19:46:34Z,2025-07-08T18:30:00Z,ARR,bad,76.0
185,True,True,SUDBURY,WHITE RIVER,2025-07-08,27,Dalton,DALT,2025-07-08T20:01:34Z,2025-07-08T18:45:00Z,ARR,bad,76.0
185,True,True,SUDBURY,WHITE RIVER,2025-07-08,28,Missanabie,MSBI,2025-07-08T20:26:34Z,2025-07-08T19:10:00Z,ARR,bad,76.0
185,True,True,SUDBURY,WHITE RIVER,2025-07-08,29,Lochalsh,LOCH,2025-07-08T20:46:34Z,2025-07-08T19:30:00Z,ARR,bad,76.0
185,True,True,SUDBURY,WHITE RIVER,2025-07-08,30,Franz,FRNZ,2025-07-08T20:51:45Z,2025-07-08T19:50:00Z,ARR,bad,61.0
185,True,True,SUDBURY,WHITE RIVER,2025-07-08,31,Swanson,SWAN,2025-07-08T21:01:42Z,2025-07-08T20:00:00Z,ARR,bad,61.0
185,True,True,SUDBURY,WHITE RIVER,2025-07-08,32,Girdwood,GIRD,2025-07-08T21:27:31Z,2025-07-08T20:25:00Z,ARR,bad,62.0
185,True,True,SUDBURY,WHITE RIVER,2025-07-08,33,Amyot,AMYO,2025-07-08T21:35:49Z,2025-07-08T20:35:00Z,ARR,bad,60.0
185,True,True,SUDBURY,WHITE RIVER,2025-07-08,34,O'Brien,OBRI,2025-07-08T21:49:48Z,2025-07-08T20:50:00Z,ARR,bad,59.0
185,True,True,SUDBURY,WHITE RIVER,2025-07-08,35,White River,WHTR,2025-07-08T22:03:23Z,2025-07-08T21:05:00Z,ARR,bad,58.0
47,True,True,OTTAWA,TORONTO,2025-07-08,0,Ottawa,OTTW,2025-07-08T16:23:00Z,2025-07-08T16:23:00Z,ARR,goo,0.0
47,True,True,OTTAWA,TORONTO,2025-07-08,1,Fallowfield,FALL,2025-07-08T16:40:53Z,2025-07-08T16:40:00Z,ARR,goo,0.0
47,True,True,OTTAWA,TORONTO,2025-07-08,2,Smiths Falls,SMTF,2025-07-08T17:15:57Z,2025-07-08T17:18:00Z,ARR,goo,-2.0
47,True,True,OTTAWA,TORONTO,2025-07-08,3,Brockville,BRKV,2025-07-08T17:48:38Z,2025-07-08T17:54:00Z,ARR,goo,-5.0
47,True,True,OTTAWA,TORONTO,2025-07-08,4,Gananoque,GANA,2025-07-08T18:26:08Z,2025-07-08T18:22:00Z,ARR,goo,4.0
47,True,True,OTTAWA,TORONTO,2025-07-08,5,Kingston,KGON,2025-07-08T18:50:50Z,2025-07-08T18:45:00Z,ARR,med,5.0
47,True,True,OTTAWA,TORONTO,2025-07-08,6,Belleville,BLVL,2025-07-08T19:40:02Z,2025-07-08T19:26:00Z,ARR,med,14.0
47,True,True,OTTAWA,TORONTO,2025-07-08,7,Oshawa,OSHA,2025-07-08T20:58:55Z,2025-07-08T20:33:00Z,ARR,bad,25.0
47,True,True,OTTAWA,TORONTO,2025-07-08,8,Guildwood,GUIL,2025-07-08T21:38:05Z,2025-07-08T20:58:00Z,ARR,bad,40.0
47,True,True,OTTAWA,TORONTO,2025-07-08,9,Toronto,TRTO,2025-07-08T22:02:04Z,2025-07-08T21:30:00Z,ARR,bad,32.0
63,True,True,MONTRÉAL,TORONTO,2025-07-08,0,Montréal,MTRL,2025-07-08T12:46:00Z,2025-07-08T12:46:00Z,ARR,goo,0.0
63,True,True,MONTRÉAL,TORONTO,2025-07-08,1,Dorval,DORV,2025-07-08T13:09:10Z,2025-07-08T13:11:00Z,ARR,goo,-1.0
63,True,True,MONTRÉAL,TORONTO,2025-07-08,2,Cornwall,CWLL,2025-07-08T13:58:31Z,2025-07-08T14:04:00Z,ARR,goo,-5.0
63,True,True,MONTRÉAL,TORONTO,2025-07-08,3,Brockville,BRKV,2025-07-08T14:53:15Z,2025-07-08T14:54:00Z,ARR,goo,0.0
63,True,True,MONTRÉAL,TORONTO,2025-07-08,4,Kingston,KGON,2025-07-08T15:39:07Z,2025-07-08T15:39:00Z,ARR,goo,0.0
63,True,True,MONTRÉAL,TORONTO,2025-07-08,5,Belleville,BLVL,2025-07-08T16:30:32Z,2025-07-08T16:20:00Z,ARR,med,10.0
63,True,True,MONTRÉAL,TORONTO,2025-07-08,6,Cobourg,CBRG,2025-07-08T17:03:15Z,2025-07-08T16:58:00Z,ARR,med,5.0
63,True,True,MONTRÉAL,TORONTO,2025-07-08,7,Oshawa,OSHA,2025-07-08T17:35:17Z,2025-07-08T17:34:00Z,ARR,goo,1.0
63,True,True,MONTRÉAL,TORONTO,2025-07-08,8,Guildwood,GUIL,2025-07-08T17:56:24Z,2025-07-08T17:58:00Z,ARR,goo,-1.0
63,True,True,MONTRÉAL,TORONTO,2025-07-08,9,Toronto,TRTO,2025-07-08T18:28:50Z,2025-07-08T18:18:00Z,ARR,med,10.0
40,True,True,TORONTO,OTTAWA,2025-07-08,0,Toronto,TRTO,2025-07-08T14:37:00Z,2025-07-08T14:37:00Z,ARR,goo,0.0
40,True,True,TORONTO,OTTAWA,2025-07-08,1,Belleville,BLVL,2025-07-08T16:36:37Z,2025-07-08T16:08:00Z,ARR,bad,28.0
40,True,True,TORONTO,OTTAWA,2025-07-08,2,Kingston,KGON,2025-07-08T17:26:49Z,2025-07-08T16:47:00Z,ARR,bad,39.0
40,True,True,TORONTO,OTTAWA,2025-07-08,3,Fallowfield,FALL,2025-07-08T19:21:43Z,2025-07-08T18:37:00Z,ARR,bad,44.0
40,True,True,TORONTO,OTTAWA,2025-07-08,4,Ottawa,OTTW,2025-07-08T19:41:24Z,2025-07-08T19:01:00Z,ARR,bad,40.0
31,True,True,MONTRÉAL,OTTAWA,2025-07-08,0,Montréal,MTRL,2025-07-08T10:20:00Z,2025-07-08T10:20:00Z,ARR,goo,0.0
31,True,True,MONTRÉAL,OTTAWA,2025-07-08,1,Dorval,DORV,2025-07-08T10:47:16Z,2025-07-08T10:44:00Z,ARR,goo,3.0
31,True,True,MONTRÉAL,OTTAWA,2025-07-08,2,Alexandria,ALEX,2025-07-08T11:40:37Z,2025-07-08T11:36:00Z,ARR,goo,4.0
31,True,True,MONTRÉAL,OTTAWA,2025-07-08,3,Casselman,CSLM,2025-07-08T12:04:42Z,2025-07-08T11:59:00Z,ARR,med,5.0
31,True,True,MONTRÉAL,OTTAWA,2025-07-08,4,Ottawa,OTTW,2025-07-08T12:30:06Z,2025-07-08T12:25:00Z,ARR,med,5.0
35,True,True,QUÉBEC,OTTAWA,2025-07-08,0,Québec,QBEC,2025-07-08T12:06:00Z,2025-07-08T12:06:00Z,ARR,goo,0.0
35,True,True,QUÉBEC,OTTAWA,2025-07-08,1,Ste-Foy,SFOY,2025-07-08T12:43:21Z,2025-07-08T12:31:00Z,ARR,med,12.0
35,True,True,QUÉBEC,OTTAWA,2025-07-08,2,Charny,CHNY,2025-07-08T12:56:39Z,2025-07-08T12:40:00Z,ARR,bad,16.0
35,True,True,QUÉBEC,OTTAWA,2025-07-08,3,Drummondville,DRMV,2025-07-08T14:31:53Z,2025-07-08T14:14:00Z,ARR,bad,17.0
35,True,True,QUÉBEC,OTTAWA,2025-07-08,4,St. Hyacinthe,SHYA,2025-07-08T15:07:46Z,2025-07-08T14:44:00Z,ARR,bad,23.0
35,True,True,QUÉBEC,OTTAWA,2025-07-08,5,St. Lambert,SLAM,2025-07-08T15:41:42Z,2025-07-08T15:11:00Z,ARR,bad,30.0
35,True,True,QUÉBEC,OTTAWA,2025-07-08,6,Montréal,MTRL,2025-07-08T15:58:12Z,2025-07-08T15:26:00Z,ARR,bad,32.0
35,True,True,QUÉBEC,OTTAWA,2025-07-08,7,Dorval,DORV,2025-07-08T16:51:14Z,2025-07-08T16:18:00Z,ARR,bad,33.0
35,True,True,QUÉBEC,OTTAWA,2025-07-08,8,Coteau,COTO,2025-07-08T17:25:44Z,2025-07-08T16:46:00Z,ARR,bad,39.0
35,True,True,QUÉBEC,OTTAWA,2025-07-08,9,Alexandria,ALEX,2025-07-08T17:47:20Z,2025-07-08T17:08:00Z,ARR,bad,39.0
35,True,True,QUÉBEC,OTTAWA,2025-07-08,10,Casselman,CSLM,2025-07-08T18:10:35Z,2025-07-08T17:31:00Z,ARR,bad,39.0
35,True,True,QUÉBEC,OTTAWA,2025-07-08,11,Ottawa,OTTW,2025-07-08T18:42:02Z,2025-07-08T17:58:00Z,ARR,bad,44.0
645,True,True,OTTAWA,TORONTO,2025-07-08,0,Ottawa,OTTW,2025-07-08T18:29:00Z,2025-07-08T18:29:00Z,ARR,goo,0.0
645,True,True,OTTAWA,TORONTO,2025-07-08,1,Fallowfield,FALL,2025-07-08T18:46:09Z,2025-07-08T18:49:00Z,ARR,goo,-2.0
645,True,True,OTTAWA,TORONTO,2025-07-08,2,Kingston,KGON,2025-07-08T20:40:42Z,2025-07-08T20:34:00Z,ARR,med,6.0
645,True,True,OTTAWA,TORONTO,2025-07-08,3,Belleville,BLVL,2025-07-08T21:29:11Z,2025-07-08T21:15:00Z,ARR,med,14.0
645,True,True,OTTAWA,TORONTO,2025-07-08,4,Oshawa,OSHA,2025-07-08T22:51:16Z,2025-07-08T22:20:00Z,ARR,bad,31.0
645,True,True,OTTAWA,TORONTO,2025-07-08,5,Toronto,TRTO,2025-07-08T23:32:02Z,2025-07-08T23:15:00Z,ARR,bad,17.0
44,True,True,TORONTO,OTTAWA,2025-07-08,0,Toronto,TRTO,2025-07-08T18:28:08Z,2025-07-08T18:22:00Z,ARR,med,6.0
44,True,True,TORONTO,OTTAWA,2025-07-08,1,Oshawa,OSHA,2025-07-08T19:00:11Z,2025-07-08T18:53:00Z,ARR,med,7.0
44,True,True,TORONTO,OTTAWA,2025-07-08,2,Kingston,KGON,2025-07-08T20:58:19Z,2025-07-08T20:31:00Z,ARR,bad,27.0
44,True,True,TORONTO,OTTAWA,2025-07-08,3,Brockville,BRKV,2025-07-08T21:50:59Z,2025-07-08T21:18:00Z,ARR,bad,32.0
44,True,True,TORONTO,OTTAWA,2025-07-08,4,Smiths Falls,SMTF,2025-07-08T22:21:37Z,2025-07-08T21:49:00Z,ARR,bad,32.0
44,True,True,TORONTO,OTTAWA,2025-07-08,5,Fallowfield,FALL,2025-07-08T22:58:05Z,2025-07-08T22:21:00Z,ARR,bad,37.0
44,True,True,TORONTO,OTTAWA,2025-07-08,6,Ottawa,OTTW,2025-07-08T23:16:31Z,2025-07-08T22:42:00Z,ARR,bad,34.0
26,True,True,OTTAWA,QUÉBEC,2025-07-08,0,Ottawa,OTTW,2025-07-08T18:17:00Z,2025-07-08T18:17:00Z,ARR,goo,0.0
26,True,True,OTTAWA,QUÉBEC,2025-07-08,1,Alexandria,ALEX,2025-07-08T19:02:35Z,2025-07-08T19:03:00Z,ARR,goo,0.0
26,True,True,OTTAWA,QUÉBEC,2025-07-08,2,Coteau,COTO,2025-07-08T19:22:52Z,2025-07-08T19:26:00Z,ARR,goo,-3.0
26,True,True,OTTAWA,QUÉBEC,2025-07-08,3,Dorval,DORV,2025-07-08T19:49:47Z,2025-07-08T19:49:00Z,ARR,goo,0.0
26,True,True,OTTAWA,QUÉBEC,2025-07-08,4,Montréal,MTRL,2025-07-08T20:13:50Z,2025-07-08T20:15:00Z,ARR,goo,-1.0
26,True,True,OTTAWA,QUÉBEC,2025-07-08,5,St. Lambert,SLAM,2025-07-08T21:01:37Z,2025-07-08T20:53:00Z,ARR,med,8.0
26,True,True,OTTAWA,QUÉBEC,2025-07-08,6,St. Hyacinthe,SHYA,2025-07-08T21:37:27Z,2025-07-08T21:20:00Z,ARR,bad,17.0
26,True,True,OTTAWA,QUÉBEC,2025-07-08,7,Drummondville,DRMV,2025-07-08T22:34:51Z,2025-07-08T22:05:00Z,ARR,bad,29.0
26,True,True,OTTAWA,QUÉBEC,2025-07-08,8,Charny,CHNY,2025-07-09T00:21:11Z,2025-07-08T23:44:00Z,ARR,bad,37.0
26,True,True,OTTAWA,QUÉBEC,2025-07-08,9,Ste-Foy,SFOY,2025-07-09T00:28:59Z,2025-07-08T23:52:00Z,ARR,bad,36.0
26,True,True,OTTAWA,QUÉBEC,2025-07-08,10,Québec,QBEC,2025-07-09T01:15:08Z,2025-07-09T00:19:00Z,ARR,bad,56.0
39,True,True,QUÉBEC,OTTAWA,2025-07-08,0,Québec,QBEC,2025-07-08T18:57:00Z,2025-07-08T18:57:00Z,ARR,goo,0.0
39,True,True,QUÉBEC,OTTAWA,2025-07-08,1,Ste-Foy,SFOY,2025-07-08T19:32:51Z,2025-07-08T19:22:00Z,ARR,med,10.0
39,True,True,QUÉBEC,OTTAWA,2025-07-08,2,Drummondville,DRMV,2025-07-08T21:22:03Z,2025-07-08T20:58:00Z,ARR,bad,24.0
39,True,True,QUÉBEC,OTTAWA,2025-07-08,3,St. Lambert,SLAM,2025-07-08T22:35:10Z,2025-07-08T21:57:00Z,ARR,bad,38.0
39,True,True,QUÉBEC,OTTAWA,2025-07-08,4,Montréal,MTRL,2025-07-08T22:55:23Z,2025-07-08T22:11:00Z,ARR,bad,44.0
39,True,True,QUÉBEC,OTTAWA,2025-07-08,5,Dorval,DORV,2025-07-08T23:50:39Z,2025-07-08T23:14:00Z,ARR,bad,36.0
39,True,True,QUÉBEC,OTTAWA,2025-07-08,6,Coteau,COTO,2025-07-09T00:21:41Z,2025-07-08T23:43:00Z,ARR,bad,38.0
39,True,True,QUÉBEC,OTTAWA,2025-07-08,7,Alexandria,ALEX,2025-07-09T00:42:43Z,2025-07-09T00:06:00Z,ARR,bad,36.0
39,True,True,QUÉBEC,OTTAWA,2025-07-08,8,Ottawa,OTTW,2025-07-09T01:23:25Z,2025-07-09T00:51:00Z,ARR,bad,32.0
66,True,True,TORONTO,MONTRÉAL,2025-07-08,0,Toronto,TRTO,2025-07-08T19:23:40Z,2025-07-08T19:22:00Z,ARR,goo,1.0
66,True,True,TORONTO,MONTRÉAL,2025-07-08,1,Guildwood,GUIL,2025-07-08T19:45:20Z,2025-07-08T19:39:00Z,ARR,med,6.0
66,True,True,TORONTO,MONTRÉAL,2025-07-08,2,Oshawa,OSHA,2025-07-08T20:09:13Z,2025-07-08T19:53:00Z,ARR,bad,16.0
66,True,True,TORONTO,MONTRÉAL,2025-07-08,3,Belleville,BLVL,2025-07-08T21:22:33Z,2025-07-08T20:59:00Z,ARR,bad,23.0
66,True,True,TORONTO,MONTRÉAL,2025-07-08,4,Kingston,KGON,2025-07-08T21:59:37Z,2025-07-08T21:39:00Z,ARR,bad,20.0
66,True,True,TORONTO,MONTRÉAL,2025-07-08,5,Cornwall,CWLL,2025-07-08T23:24:36Z,2025-07-08T23:06:00Z,ARR,bad,18.0
66,True,True,TORONTO,MONTRÉAL,2025-07-08,6,Dorval,DORV,2025-07-09T00:25:39Z,2025-07-08T23:57:00Z,ARR,bad,28.0
66,True,True,TORONTO,MONTRÉAL,2025-07-08,7,Montréal,MTRL,2025-07-09T00:54:20Z,2025-07-09T00:24:00Z,ARR,bad,30.0
46,True,True,TORONTO,OTTAWA,2025-07-08,0,Toronto,TRTO,2025-07-08T19:45:05Z,2025-07-08T19:37:00Z,ARR,med,8.0
46,True,True,TORONTO,OTTAWA,2025-07-08,1,Oshawa,OSHA,2025-07-08T20:17:01Z,2025-07-08T20:08:00Z,ARR,med,9.0
46,True,True,TORONTO,OTTAWA,2025-07-08,2,Cobourg,CBRG,2025-07-08T21:05:19Z,2025-07-08T20:42:00Z,ARR,bad,23.0
46,True,True,TORONTO,OTTAWA,2025-07-08,3,Kingston,KGON,2025-07-08T22:28:30Z,2025-07-08T21:53:00Z,ARR,bad,35.0
46,True,True,TORONTO,OTTAWA,2025-07-08,4,Brockville,BRKV,2025-07-08T23:20:41Z,2025-07-08T22:39:00Z,ARR,bad,41.0
46,True,True,TORONTO,OTTAWA,2025-07-08,5,Fallowfield,FALL,2025-07-09T00:18:02Z,2025-07-08T23:39:00Z,ARR,bad,39.0
46,True,True,TORONTO,OTTAWA,2025-07-08,6,Ottawa,OTTW,2025-07-09T00:37:45Z,2025-07-08T23:59:00Z,ARR,bad,38.0
83,True,True,TORONTO,LONDON,2025-07-08,0,Toronto,TRTO,2025-07-08T20:15:00Z,2025-07-08T20:15:00Z,ARR,goo,0.0
83,True,True,TORONTO,LONDON,2025-07-08,1,Aldershot,ALDR,2025-07-08T21:04:32Z,2025-07-08T20:50:00Z,ARR,med,14.0
83,True,True,TORONTO,LONDON,2025-07-08,2,Brantford,BRTF,2025-07-08T21:36:28Z,2025-07-08T21:20:00Z,ARR,bad,16.0
83,True,True,TORONTO,LONDON,2025-07-08,3,Woodstock,WDST,2025-07-08T22:04:45Z,2025-07-08T21:48:00Z,ARR,bad,16.0
83,True,True,TORONTO,LONDON,2025-07-08,4,London,LNDN,2025-07-08T22:36:51Z,2025-07-08T22:27:00Z,ARR,med,9.0
28,True,True,OTTAWA,QUÉBEC,2025-07-08,0,Ottawa,OTTW,2025-07-08T20:05:00Z,2025-07-08T20:05:00Z,ARR,goo,0.0
28,True,True,OTTAWA,QUÉBEC,2025-07-08,1,Casselman,CSLM,2025-07-08T20:39:19Z,2025-07-08T20:31:00Z,ARR,med,8.0
28,True,True,OTTAWA,QUÉBEC,2025-07-08,2,Alexandria,ALEX,2025-07-08T21:00:34Z,2025-07-08T20:53:00Z,ARR,med,7.0
28,True,True,OTTAWA,QUÉBEC,2025-07-08,3,Coteau,COTO,2025-07-08T21:22:01Z,2025-07-08T21:15:00Z,ARR,med,7.0
28,True,True,OTTAWA,QUÉBEC,2025-07-08,4,Dorval,DORV,2025-07-08T21:55:48Z,2025-07-08T21:38:00Z,ARR,bad,17.0
28,True,True,OTTAWA,QUÉBEC,2025-07-08,5,Montréal,MTRL,2025-07-08T22:22:59Z,2025-07-08T22:04:00Z,ARR,bad,18.0
28,True,True,OTTAWA,QUÉBEC,2025-07-08,6,St. Lambert,SLAM,2025-07-08T23:03:31Z,2025-07-08T22:38:00Z,ARR,bad,25.0
28,True,True,OTTAWA,QUÉBEC,2025-07-08,7,St. Hyacinthe,SHYA,2025-07-08T23:48:39Z,2025-07-08T23:06:00Z,ARR,bad,42.0
28,True,True,OTTAWA,QUÉBEC,2025-07-08,8,Drummondville,DRMV,2025-07-09T00:27:11Z,2025-07-08T23:52:00Z,ARR,bad,35.0
28,True,True,OTTAWA,QUÉBEC,2025-07-08,9,Charny,CHNY,2025-07-09T02:04:17Z,2025-07-09T01:14:00Z,ARR,bad,50.0
28,True,True,OTTAWA,QUÉBEC,2025-07-08,10,Ste-Foy,SFOY,2025-07-09T02:13:19Z,2025-07-09T01:21:00Z,ARR,bad,52.0
28,True,True,OTTAWA,QUÉBEC,2025-07-08,11,Québec,QBEC,2025-07-09T02:53:24Z,2025-07-09T01:48:00Z,ARR,bad,65.0
69,True,True,MONTRÉAL,TORONTO,2025-07-08,0,Montréal,MTRL,2025-07-08T20:43:00Z,2025-07-08T20:38:00Z,ARR,med,5.0
69,True,True,MONTRÉAL,TORONTO,2025-07-08,1,Dorval,DORV,2025-07-08T21:10:18Z,2025-07-08T21:04:00Z,ARR,med,6.0
69,True,True,MONTRÉAL,TORONTO,2025-07-08,2,Cornwall,CWLL,2025-07-08T22:09:50Z,2025-07-08T21:53:00Z,ARR,bad,16.0
69,True,True,MONTRÉAL,TORONTO,2025-07-08,3,Brockville,BRKV,2025-07-08T22:59:45Z,2025-07-08T22:40:00Z,ARR,bad,19.0
69,True,True,MONTRÉAL,TORONTO,2025-07-08,4,Kingston,KGON,2025-07-08T23:52:06Z,2025-07-08T23:24:00Z,ARR,bad,28.0
69,True,True,MONTRÉAL,TORONTO,2025-07-08,5,Oshawa,OSHA,2025-07-09T02:02:19Z,2025-07-09T01:05:00Z,ARR,bad,57.0
69,True,True,MONTRÉAL,TORONTO,2025-07-08,6,Guildwood,GUIL,2025-07-09T02:24:19Z,2025-07-09T01:28:00Z,ARR,bad,56.0
69,True,True,MONTRÉAL,TORONTO,2025-07-08,7,Toronto,TRTO,2025-07-09T02:45:01Z,2025-07-09T01:48:00Z,ARR,bad,57.0
68,True,True,TORONTO,MONTRÉAL,2025-07-08,0,Toronto,TRTO,2025-07-08T21:07:01Z,2025-07-08T21:07:00Z,ARR,goo,0.0
68,True,True,TORONTO,MONTRÉAL,2025-07-08,1,Oshawa,OSHA,2025-07-08T21:47:06Z,2025-07-08T21:38:00Z,ARR,med,9.0
68,True,True,TORONTO,MONTRÉAL,2025-07-08,2,Cobourg,CBRG,2025-07-08T22:21:16Z,2025-07-08T22:13:00Z,ARR,med,8.0
68,True,True,TORONTO,MONTRÉAL,2025-07-08,3,Belleville,BLVL,2025-07-08T23:05:34Z,2025-07-08T22:48:00Z,ARR,bad,17.0
68,True,True,TORONTO,MONTRÉAL,2025-07-08,4,Kingston,KGON,2025-07-08T23:42:20Z,2025-07-08T23:25:00Z,ARR,bad,17.0
68,True,True,TORONTO,MONTRÉAL,2025-07-08,5,Brockville,BRKV,2025-07-09T00:33:36Z,2025-07-09T00:10:00Z,ARR,bad,23.0
68,True,True,TORONTO,MONTRÉAL,2025-07-08,6,Cornwall,CWLL,2025-07-09T01:16:54Z,2025-07-09T00:56:00Z,ARR,bad,20.0
68,True,True,TORONTO,MONTRÉAL,2025-07-08,7,Dorval,DORV,2025-07-09T02:05:26Z,2025-07-09T01:46:00Z,ARR,bad,19.0
68,True,True,TORONTO,MONTRÉAL,2025-07-08,8,Montréal,MTRL,2025-07-09T02:31:01Z,2025-07-09T02:13:00Z,ARR,bad,18.0
75,True,True,TORONTO,WINDSOR,2025-07-08,0,Toronto,TRTO,2025-07-08T21:22:00Z,2025-07-08T21:22:00Z,ARR,goo,0.0
75,True,True,TORONTO,WINDSOR,2025-07-08,1,Oakville,OAKV,2025-07-08T21:46:13Z,2025-07-08T21:45:00Z,ARR,goo,1.0
75,True,True,TORONTO,WINDSOR,2025-07-08,2,Aldershot,ALDR,2025-07-08T22:02:18Z,2025-07-08T22:01:00Z,ARR,goo,1.0
75,True,True,TORONTO,WINDSOR,2025-07-08,3,Brantford,BRTF,2025-07-08T22:32:47Z,2025-07-08T22:33:00Z,ARR,goo,0.0
75,True,True,TORONTO,WINDSOR,2025-07-08,4,Woodstock,WDST,2025-07-08T23:02:48Z,2025-07-08T23:04:00Z,ARR,goo,-1.0
75,True,True,TORONTO,WINDSOR,2025-07-08,5,Ingersoll,INGR,2025-07-08T23:14:59Z,2025-07-08T23:19:00Z,ARR,goo,-4.0
75,True,True,TORONTO,WINDSOR,2025-07-08,6,London,LNDN,2025-07-08T23:38:44Z,2025-07-08T23:47:00Z,ARR,goo,-8.0
75,True,True,TORONTO,WINDSOR,2025-07-08,7,Glencoe,GLNC,2025-07-09T00:26:08Z,2025-07-09T00:21:00Z,ARR,med,5.0
75,True,True,TORONTO,WINDSOR,2025-07-08,8,Chatham,CHAT,2025-07-09T01:06:48Z,2025-07-09T00:55:00Z,ARR,med,11.0
75,True,True,TORONTO,WINDSOR,2025-07-08,9,Windsor,WDON,2025-07-09T01:49:31Z,2025-07-09T01:50:00Z,ARR,goo,0.0
98,True,True,NIAGARA FALLS,TORONTO,2025-07-08,0,Niagara Falls,NIAG,2025-07-08T21:45:00Z,2025-07-08T21:45:00Z,ARR,goo,0.0
98,True,True,NIAGARA FALLS,TORONTO,2025-07-08,1,St. Catharines,SCAT,2025-07-08T22:06:00Z,2025-07-08T22:06:00Z,ARR,goo,0.0
98,True,True,NIAGARA FALLS,TORONTO,2025-07-08,2,Grimsby,GRIM,2025-07-08T22:26:00Z,2025-07-08T22:26:00Z,ARR,goo,0.0
98,True,True,NIAGARA FALLS,TORONTO,2025-07-08,3,Aldershot,ALDR,2025-07-08T23:02:00Z,2025-07-08T23:02:00Z,ARR,goo,0.0
98,True,True,NIAGARA FALLS,TORONTO,2025-07-08,4,Oakville,OAKV,2025-07-08T23:16:00Z,2025-07-08T23:16:00Z,ARR,goo,0.0
98,True,True,NIAGARA FALLS,TORONTO,2025-07-08,5,Toronto,TRTO,2025-07-08T23:43:00Z,2025-07-08T23:43:00Z,ARR,goo,0.0
54,True,True,TORONTO,OTTAWA,2025-07-08,0,Toronto,TRTO,2025-07-08T21:53:15Z,2025-07-08T21:37:00Z,ARR,bad,16.0
54,True,True,TORONTO,OTTAWA,2025-07-08,1,Guildwood,GUIL,2025-07-08T22:10:40Z,2025-07-08T21:54:00Z,ARR,bad,16.0
54,True,True,TORONTO,OTTAWA,2025-07-08,2,Oshawa,OSHA,2025-07-08T22:28:20Z,2025-07-08T22:07:00Z,ARR,bad,21.0
54,True,True,TORONTO,OTTAWA,2025-07-08,3,Port Hope,PHOP,2025-07-08T22:55:02Z,2025-07-08T22:36:00Z,ARR,bad,19.0
54,True,True,TORONTO,OTTAWA,2025-07-08,4,Cobourg,CBRG,2025-07-08T23:04:13Z,2025-07-08T22:45:00Z,ARR,bad,19.0
54,True,True,TORONTO,OTTAWA,2025-07-08,5,Trenton Jct.,TRNJ,2025-07-08T23:28:43Z,2025-07-08T23:12:01Z,ARR,bad,16.0
54,True,True,TORONTO,OTTAWA,2025-07-08,6,Belleville,BLVL,2025-07-08T23:40:53Z,2025-07-08T23:26:00Z,ARR,med,14.0
54,True,True,TORONTO,OTTAWA,2025-07-08,7,Napanee,NAPN,2025-07-09T00:00:16Z,2025-07-08T23:47:00Z,ARR,med,13.0
54,True,True,TORONTO,OTTAWA,2025-07-08,8,Kingston,KGON,2025-07-09T00:22:10Z,2025-07-09T00:08:00Z,ARR,med,14.0
54,True,True,TORONTO,OTTAWA,2025-07-08,9,Brockville,BRKV,2025-07-09T01:09:02Z,2025-07-09T00:53:00Z,ARR,bad,16.0
54,True,True,TORONTO,OTTAWA,2025-07-08,10,Smiths Falls,SMTF,2025-07-09T01:44:52Z,2025-07-09T01:24:00Z,ARR,bad,20.0
54,True,True,TORONTO,OTTAWA,2025-07-08,11,Fallowfield,FALL,2025-07-09T02:13:23Z,2025-07-09T01:51:00Z,ARR,bad,22.0
54,True,True,TORONTO,OTTAWA,2025-07-08,12,Ottawa,OTTW,2025-07-09T02:34:13Z,2025-07-09T02:12:00Z,ARR,bad,22.0
87,True,True,TORONTO,SARNIA,2025-07-08,0,Toronto,TRTO,2025-07-08T21:42:00Z,2025-07-08T21:40:00Z,ARR,goo,2.0
87,True,True,TORONTO,SARNIA,2025-07-08,1,Malton,MALT,2025-07-08T22:01:51Z,2025-07-08T22:00:00Z,ARR,goo,1.0
87,True,True,TORONTO,SARNIA,2025-07-08,2,Brampton,BRMP,2025-07-08T22:12:23Z,2025-07-08T22:12:00Z,ARR,goo,0.0
87,True,True,TORONTO,SARNIA,2025-07-08,3,Georgetown,GEOR,2025-07-08T22:33:19Z,2025-07-08T22:24:00Z,ARR,med,9.0
87,True,True,TORONTO,SARNIA,2025-07-08,4,Guelph,GUEL,2025-07-08T22:55:35Z,2025-07-08T22:49:00Z,ARR,med,6.0
87,True,True,TORONTO,SARNIA,2025-07-08,5,Kitchener,KITC,2025-07-08T23:22:15Z,2025-07-08T23:16:00Z,ARR,med,6.0
87,True,True,TORONTO,SARNIA,2025-07-08,6,Stratford,STRF,2025-07-09T00:09:37Z,2025-07-08T23:57:00Z,ARR,med,12.0
87,True,True,TORONTO,SARNIA,2025-07-08,7,St.Marys,SMYS,2025-07-09T00:38:08Z,2025-07-09T00:25:00Z,ARR,med,13.0
87,True,True,TORONTO,SARNIA,2025-07-08,8,London,LNDN,2025-07-09T01:28:59Z,2025-07-09T01:13:00Z,ARR,bad,15.0
87,True,True,TORONTO,SARNIA,2025-07-08,9,Strathroy,STRR,2025-07-09T01:52:05Z,2025-07-09T01:39:00Z,ARR,med,13.0
87,True,True,TORONTO,SARNIA,2025-07-08,10,Wyoming,WYOM,2025-07-09T02:17:21Z,2025-07-09T02:07:00Z,ARR,med,10.0
87,True,True,TORONTO,SARNIA,2025-07-08,11,Sarnia,SARN,2025-07-09T02:33:54Z,2025-07-09T02:24:00Z,ARR,med,9.0
29,True,True,QUÉBEC,MONTRÉAL,2025-07-08,0,Québec,QBEC,2025-07-08T21:55:01Z,2025-07-08T21:41:00Z,ARR,med,14.0
29,True,True,QUÉBEC,MONTRÉAL,2025-07-08,1,Ste-Foy,SFOY,2025-07-08T22:32:57Z,2025-07-08T22:06:00Z,ARR,bad,26.0
29,True,True,QUÉBEC,MONTRÉAL,2025-07-08,2,Drummondville,DRMV,2025-07-09T00:12:12Z,2025-07-08T23:42:00Z,ARR,bad,30.0
29,True,True,QUÉBEC,MONTRÉAL,2025-07-08,3,St. Hyacinthe,SHYA,2025-07-09T01:04:57Z,2025-07-09T00:18:00Z,ARR,bad,46.0
29,True,True,QUÉBEC,MONTRÉAL,2025-07-08,4,St. Lambert,SLAM,2025-07-09T01:37:59Z,2025-07-09T00:45:00Z,ARR,bad,52.0
29,True,True,QUÉBEC,MONTRÉAL,2025-07-08,5,Montréal,MTRL,2025-07-09T01:57:48Z,2025-07-09T01:00:00Z,ARR,bad,57.0
668,True,False,TORONTO,MONTRÉAL,2025-07-08,0,Toronto,TRTO,2025-07-08T22:23:00Z,2025-07-08T22:07:00Z,ARR,bad,16.0
668,True,False,TORONTO,MONTRÉAL,2025-07-08,1,Guildwood,GUIL,2025-07-08T22:53:35Z,2025-07-08T22:24:00Z,ARR,bad,29.0
668,True,False,TORONTO,MONTRÉAL,2025-07-08,2,Oshawa,OSHA,2025-07-08T23:13:35Z,2025-07-08T22:38:00Z,ARR,bad,35.0
668,True,False,TORONTO,MONTRÉAL,2025-07-08,3,Kingston,KGON,2025-07-09T00:55:58Z,2025-07-09T00:21:00Z,ARR,bad,34.0
668,True,False,TORONTO,MONTRÉAL,2025-07-08,4,Cornwall,CWLL,2025-07-09T02:36:12Z,2025-07-09T01:48:00Z,ARR,bad,48.0
668,True,False,TORONTO,MONTRÉAL,2025-07-08,5,Dorval,DORV,2025-07-09T03:24:48Z,2025-07-09T02:37:00Z,4 mins,bad,47.0
668,True,False,TORONTO,MONTRÉAL,2025-07-08,6,Montréal,MTRL,2025-07-09T03:50:48Z,2025-07-09T03:03:00Z,30 mins,bad,47.0
59,True,True,OTTAWA,TORONTO,2025-07-08,0,Ottawa,OTTW,2025-07-08T22:03:00Z,2025-07-08T22:03:00Z,ARR,goo,0.0
59,True,True,OTTAWA,TORONTO,2025-07-08,1,Fallowfield,FALL,2025-07-08T22:19:58Z,2025-07-08T22:20:00Z,ARR,goo,0.0
59,True,True,OTTAWA,TORONTO,2025-07-08,2,Smiths Falls,SMTF,2025-07-08T22:53:02Z,2025-07-08T22:51:00Z,ARR,goo,2.0
59,True,True,OTTAWA,TORONTO,2025-07-08,3,Brockville,BRKV,2025-07-08T23:32:48Z,2025-07-08T23:25:00Z,ARR,med,7.0
59,True,True,OTTAWA,TORONTO,2025-07-08,4,Kingston,KGON,2025-07-09T00:18:09Z,2025-07-09T00:10:00Z,ARR,med,8.0
59,True,True,OTTAWA,TORONTO,2025-07-08,5,Belleville,BLVL,2025-07-09T01:06:34Z,2025-07-09T00:51:00Z,ARR,bad,15.0
59,True,True,OTTAWA,TORONTO,2025-07-08,6,Trenton Jct.,TRNJ,2025-07-09T01:19:50Z,2025-07-09T01:05:00Z,ARR,med,14.0
59,True,True,OTTAWA,TORONTO,2025-07-08,7,Cobourg,CBRG,2025-07-09T01:52:11Z,2025-07-09T01:31:00Z,ARR,bad,21.0
59,True,True,OTTAWA,TORONTO,2025-07-08,8,Oshawa,OSHA,2025-07-09T02:34:21Z,2025-07-09T02:05:00Z,ARR,bad,29.0
59,True,True,OTTAWA,TORONTO,2025-07-08,9,Guildwood,GUIL,2025-07-09T02:55:53Z,2025-07-09T02:28:00Z,ARR,bad,27.0
59,True,True,OTTAWA,TORONTO,2025-07-08,10,Toronto,TRTO,2025-07-09T03:16:14Z,2025-07-09T02:48:00Z,ARR,bad,28.0
78,True,True,WINDSOR,TORONTO,2025-07-08,0,Windsor,WDON,2025-07-08T21:40:26Z,2025-07-08T21:40:00Z,ARR,goo,0.0
78,True,True,WINDSOR,TORONTO,2025-07-08,1,Chatham,CHAT,2025-07-08T22:24:55Z,2025-07-08T22:24:00Z,ARR,goo,0.0
78,True,True,WINDSOR,TORONTO,2025-07-08,2,Glencoe,GLNC,2025-07-08T23:07:16Z,2025-07-08T22:59:00Z,ARR,med,8.0
78,True,True,WINDSOR,TORONTO,2025-07-08,3,London,LNDN,2025-07-08T23:43:41Z,2025-07-08T23:32:00Z,ARR,med,11.0
78,True,True,WINDSOR,TORONTO,2025-07-08,4,Ingersoll,INGR,2025-07-09T00:11:30Z,2025-07-08T23:57:00Z,ARR,med,14.0
78,True,True,WINDSOR,TORONTO,2025-07-08,5,Woodstock,WDST,2025-07-09T00:23:07Z,2025-07-09T00:08:00Z,ARR,bad,15.0
78,True,True,WINDSOR,TORONTO,2025-07-08,6,Brantford,BRTF,2025-07-09T01:14:12Z,2025-07-09T00:39:00Z,ARR,bad,35.0
78,True,True,WINDSOR,TORONTO,2025-07-08,7,Aldershot,ALDR,2025-07-09T01:46:10Z,2025-07-09T01:09:00Z,ARR,bad,37.0
78,True,True,WINDSOR,TORONTO,2025-07-08,8,Oakville,OAKV,2025-07-09T02:04:37Z,2025-07-09T01:24:00Z,ARR,bad,40.0
78,True,True,WINDSOR,TORONTO,2025-07-08,9,Toronto,TRTO,2025-07-09T02:38:50Z,2025-07-09T01:50:00Z,ARR,bad,48.0
38,True,True,OTTAWA,MONTRÉAL,2025-07-08,0,Ottawa,OTTW,2025-07-08T21:55:00Z,2025-07-08T21:55:00Z,ARR,goo,0.0
38,True,True,OTTAWA,MONTRÉAL,2025-07-08,1,Casselman,CSLM,2025-07-08T22:25:33Z,2025-07-08T22:26:00Z,ARR,goo,0.0
38,True,True,OTTAWA,MONTRÉAL,2025-07-08,2,Alexandria,ALEX,2025-07-08T22:48:51Z,2025-07-08T22:49:00Z,ARR,goo,0.0
38,True,True,OTTAWA,MONTRÉAL,2025-07-08,3,Dorval,DORV,2025-07-08T23:35:57Z,2025-07-08T23:33:00Z,ARR,goo,2.0
38,True,True,OTTAWA,MONTRÉAL,2025-07-08,4,Montréal,MTRL,2025-07-09T00:01:44Z,2025-07-08T23:57:00Z,ARR,goo,4.0
669,True,False,MONTRÉAL,TORONTO,2025-07-08,0,Montréal,MTRL,2025-07-08T22:09:00Z,2025-07-08T22:09:00Z,ARR,goo,0.0
669,True,False,MONTRÉAL,TORONTO,2025-07-08,1,Dorval,DORV,2025-07-08T22:36:26Z,2025-07-08T22:34:00Z,ARR,goo,2.0
669,True,False,MONTRÉAL,TORONTO,2025-07-08,2,Cornwall,CWLL,2025-07-08T23:38:06Z,2025-07-08T23:26:00Z,ARR,med,12.0
669,True,False,MONTRÉAL,TORONTO,2025-07-08,3,Kingston,KGON,2025-07-09T01:12:44Z,2025-07-09T00:52:00Z,ARR,bad,20.0
669,True,False,MONTRÉAL,TORONTO,2025-07-08,4,Oshawa,OSHA,2025-07-09T03:17:25Z,2025-07-09T02:35:00Z,ARR,bad,42.0
669,True,False,MONTRÉAL,TORONTO,2025-07-08,5,Toronto,TRTO,2025-07-09T04:00:25Z,2025-07-09T03:18:00Z,40 mins,bad,42.0
48,True,False,TORONTO,OTTAWA,2025-07-08,0,Toronto,TRTO,2025-07-08T22:38:34Z,2025-07-08T22:37:00Z,ARR,goo,1.0
48,True,False,TORONTO,OTTAWA,2025-07-08,1,Oshawa,OSHA,2025-07-08T23:21:46Z,2025-07-08T23:07:00Z,ARR,med,14.0
48,True,False,TORONTO,OTTAWA,2025-07-08,2,Port Hope,PHOP,2025-07-08T23:56:55Z,2025-07-08T23:35:00Z,ARR,bad,21.0
48,True,False,TORONTO,OTTAWA,2025-07-08,3,Cobourg,CBRG,2025-07-09T00:04:52Z,2025-07-08T23:44:00Z,ARR,bad,20.0
48,True,False,TORONTO,OTTAWA,2025-07-08,4,Trenton Jct.,TRNJ,2025-07-09T00:36:54Z,2025-07-09T00:11:01Z,ARR,bad,25.0
48,True,False,TORONTO,OTTAWA,2025-07-08,5,Belleville,BLVL,2025-07-09T00:54:10Z,2025-07-09T00:24:00Z,ARR,bad,30.0
48,True,False,TORONTO,OTTAWA,2025-07-08,6,Napanee,NAPN,2025-07-09T01:22:14Z,2025-07-09T00:45:00Z,ARR,bad,37.0
48,True,False,TORONTO,OTTAWA,2025-07-08,7,Kingston,KGON,2025-07-09T01:44:58Z,2025-07-09T01:05:00Z,ARR,bad,39.0
48,True,False,TORONTO,OTTAWA,2025-07-08,8,Gananoque,GANA,2025-07-09T02:08:47Z,2025-07-09T01:27:00Z,ARR,bad,41.0
48,True,False,TORONTO,OTTAWA,2025-07-08,9,Brockville,BRKV,2025-07-09T02:37:39Z,2025-07-09T01:52:00Z,ARR,bad,45.0
48,True,False,TORONTO,OTTAWA,2025-07-08,10,Smiths Falls,SMTF,2025-07-09T03:07:54Z,2025-07-09T02:23:00Z,ARR,bad,44.0
48,True,False,TORONTO,OTTAWA,2025-07-08,11,Fallowfield,FALL,2025-07-09T03:36:17Z,2025-07-09T02:50:00Z,15 mins,bad,46.0
48,True,False,TORONTO,OTTAWA,2025-07-08,12,Ottawa,OTTW,2025-07-09T03:56:17Z,2025-07-09T03:10:00Z,35 mins,bad,46.0
79,True,False,TORONTO,WINDSOR,2025-07-08,0,Toronto,TRTO,2025-07-08T23:45:03Z,2025-07-08T23:45:00Z,ARR,goo,0.0
79,True,False,TORONTO,WINDSOR,2025-07-08,1,Oakville,OAKV,2025-07-09T00:12:32Z,2025-07-09T00:07:00Z,ARR,med,5.0
79,True,False,TORONTO,WINDSOR,2025-07-08,2,Aldershot,ALDR,2025-07-09T00:28:17Z,2025-07-09T00:22:00Z,ARR,med,6.0
79,True,False,TORONTO,WINDSOR,2025-07-08,3,Brantford,BRTF,2025-07-09T00:59:59Z,2025-07-09T00:50:00Z,ARR,med,9.0
79,True,False,TORONTO,WINDSOR,2025-07-08,4,Woodstock,WDST,2025-07-09T01:28:52Z,2025-07-09T01:17:00Z,ARR,med,11.0
79,True,False,TORONTO,WINDSOR,2025-07-08,5,Ingersoll,INGR,2025-07-09T01:41:17Z,2025-07-09T01:30:00Z,ARR,med,11.0
79,True,False,TORONTO,WINDSOR,2025-07-08,6,London,LNDN,2025-07-09T02:05:23Z,2025-07-09T01:52:00Z,ARR,med,13.0
79,True,False,TORONTO,WINDSOR,2025-07-08,7,Glencoe,GLNC,2025-07-09T02:43:32Z,2025-07-09T02:25:00Z,ARR,bad,18.0
79,True,False,TORONTO,WINDSOR,2025-07-08,8,Chatham,CHAT,2025-07-09T03:23:04Z,2025-07-09T02:57:00Z,2 mins,bad,26.0
79,True,False,TORONTO,WINDSOR,2025-07-08,9,Windsor,WDON,2025-07-09T04:10:04Z,2025-07-09T03:44:00Z,49 mins,bad,26.0
604,True,False,SENNETERRE,MONTRÉAL,2025-07-08,0,Senneterre,SENN,2025-07-09T00:00:00Z,2025-07-09T00:00:00Z,ARR,goo,0.0
604,True,False,SENNETERRE,MONTRÉAL,2025-07-08,1,Mégiscane,MEGI,2025-07-09T00:15:30Z,2025-07-09T00:14:00Z,ARR,goo,1.0
604,True,False,SENNETERRE,MONTRÉAL,2025-07-08,2,Signai,SIGN,2025-07-09T00:33:50Z,2025-07-09T00:30:00Z,ARR,goo,3.0
604,True,False,SENNETERRE,MONTRÉAL,2025-07-08,3,Press,PRSS,2025-07-09T00:41:50Z,2025-07-09T00:38:00Z,ARR,goo,3.0
604,True,False,SENNETERRE,MONTRÉAL,2025-07-08,4,Forsythe,FORS,2025-07-09T01:00:50Z,2025-07-09T00:57:00Z,ARR,goo,3.0
604,True,False,SENNETERRE,MONTRÉAL,2025-07-08,5,Bolger,BGQU,2025-07-09T01:07:50Z,2025-07-09T01:04:00Z,ARR,goo,3.0
604,True,False,SENNETERRE,MONTRÉAL,2025-07-08,6,Dix,DIXX,2025-07-09T01:18:50Z,2025-07-09T01:15:00Z,ARR,goo,3.0
604,True,False,SENNETERRE,MONTRÉAL,2025-07-08,7,Gagnon,GAGN,2025-07-09T01:22:50Z,2025-07-09T01:19:00Z,ARR,goo,3.0
604,True,False,SENNETERRE,MONTRÉAL,2025-07-08,8,Da-Rou-Lac Lodge,DRLL,2025-07-09T01:31:50Z,2025-07-09T01:28:00Z,ARR,goo,3.0
604,True,False,SENNETERRE,MONTRÉAL,2025-07-08,9,Langlade,LNGL,2025-07-09T01:32:51Z,2025-07-09T01:29:01Z,ARR,goo,3.0
604,True,False,SENNETERRE,MONTRÉAL,2025-07-08,10,Club Beaudin Inc.,BDNC,2025-07-09T01:39:50Z,2025-07-09T01:36:00Z,ARR,goo,3.0
604,True,False,SENNETERRE,MONTRÉAL,2025-07-08,11,Bourmont,BRMT,2025-07-09T01:44:50Z,2025-07-09T01:41:00Z,ARR,goo,3.0
604,True,False,SENNETERRE,MONTRÉAL,2025-07-08,12,Club Kapitachuan,KPTC,2025-07-09T01:46:50Z,2025-07-09T01:43:00Z,ARR,goo,3.0
604,True,False,SENNETERRE,MONTRÉAL,2025-07-08,13,Consolidated Bathurst,CBAT,2025-07-09T01:50:50Z,2025-07-09T01:47:00Z,ARR,goo,3.0
604,True,False,SENNETERRE,MONTRÉAL,2025-07-08,14,Monet,MNET,2025-07-09T01:57:50Z,2025-07-09T01:54:00Z,ARR,goo,3.0
604,True,False,SENNETERRE,MONTRÉAL,2025-07-08,15,Coquar,COQU,2025-07-09T02:08:50Z,2025-07-09T02:05:00Z,ARR,goo,3.0
604,True,False,SENNETERRE,MONTRÉAL,2025-07-08,16,Clova,CLOV,2025-07-09T02:17:50Z,2025-07-09T02:14:00Z,ARR,goo,3.0
604,True,False,SENNETERRE,MONTRÉAL,2025-07-08,17,Rivière Oskélanéo,OSKR,2025-07-09T02:30:50Z,2025-07-09T02:27:00Z,ARR,goo,3.0
604,True,False,SENNETERRE,MONTRÉAL,2025-07-08,18,Oskelaneo Lodge,OSKL,2025-07-09T02:42:50Z,2025-07-09T02:39:00Z,ARR,goo,3.0
604,True,False,SENNETERRE,MONTRÉAL,2025-07-08,19,Greening,GRNG,2025-07-09T02:50:50Z,2025-07-09T02:47:00Z,ARR,goo,3.0
604,True,False,SENNETERRE,MONTRÉAL,2025-07-08,20,Club Maniwawa,MWWC,2025-07-09T03:01:50Z,2025-07-09T02:58:00Z,ARR,goo,3.0
604,True,False,SENNETERRE,MONTRÉAL,2025-07-08,21,Strachan,STRN,2025-07-09T03:08:50Z,2025-07-09T03:05:00Z,ARR,goo,3.0
604,True,False,SENNETERRE,MONTRÉAL,2025-07-08,22,Club Rita Inc.,RTAC,2025-07-09T03:12:50Z,2025-07-09T03:09:00Z,ARR,goo,3.0
604,True,False,SENNETERRE,MONTRÉAL,2025-07-08,23,Timbrell,TIMB,2025-07-09T03:22:50Z,2025-07-09T03:19:00Z,2 mins,goo,3.0
604,True,False,SENNETERRE,MONTRÉAL,2025-07-08,24,Parent,PARE,2025-07-09T03:42:50Z,2025-07-09T03:39:00Z,22 mins,goo,3.0
604,True,False,SENNETERRE,MONTRÉAL,2025-07-08,25,Manjobagues,MJBG,2025-07-09T04:00:50Z,2025-07-09T03:57:00Z,40 mins,goo,3.0
604,True,False,SENNETERRE,MONTRÉAL,2025-07-08,26,Club Sisco,SSCC,2025-07-09T04:08:50Z,2025-07-09T04:05:00Z,48 mins,goo,3.0
604,True,False,SENNETERRE,MONTRÉAL,2025-07-08,27,Mccarthy,MCCA,2025-07-09T04:11:50Z,2025-07-09T04:08:00Z,51 mins,goo,3.0
604,True,False,SENNETERRE,MONTRÉAL,2025-07-08,28,Casey,CASY,2025-07-09T04:26:50Z,2025-07-09T04:23:00Z,1h06,goo,3.0
604,True,False,SENNETERRE,MONTRÉAL,2025-07-08,29,Hibbard,HIBB,2025-07-09T04:39:50Z,2025-07-09T04:36:00Z,1h19,goo,3.0
604,True,False,SENNETERRE,MONTRÉAL,2025-07-08,30,Club Belanger,BLGC,2025-07-09T04:50:50Z,2025-07-09T04:47:00Z,1h30,goo,3.0
604,True,False,SENNETERRE,MONTRÉAL,2025-07-08,31,Cann,CANN,2025-07-09T04:56:50Z,2025-07-09T04:53:00Z,1h36,goo,3.0
604,True,False,SENNETERRE,MONTRÉAL,2025-07-08,32,Sanmaur,SANM,2025-07-09T05:03:50Z,2025-07-09T05:00:00Z,1h43,goo,3.0
604,True,False,SENNETERRE,MONTRÉAL,2025-07-08,33,Weymont,WYMT,2025-07-09T05:05:51Z,2025-07-09T05:02:01Z,1h45,goo,3.0
604,True,False,SENNETERRE,MONTRÉAL,2025-07-08,34,Saint-Maurice Rivière-Boom,SMRB,2025-07-09T05:08:50Z,2025-07-09T05:05:00Z,1h48,goo,3.0
604,True,False,SENNETERRE,MONTRÉAL,2025-07-08,35,Dessane,DESS,2025-07-09T05:17:50Z,2025-07-09T05:14:00Z,1h57,goo,3.0
604,True,False,SENNETERRE,MONTRÉAL,2025-07-08,36,Vandry,VDRY,2025-07-09T05:23:50Z,2025-07-09T05:20:00Z,2h03,goo,3.0
604,True,False,SENNETERRE,MONTRÉAL,2025-07-08,37,Club Wigwam,WGWC,2025-07-09T05:31:50Z,2025-07-09T05:28:00Z,2h11,goo,3.0
604,True,False,SENNETERRE,MONTRÉAL,2025-07-08,38,Ferguson,FERG,2025-07-09T05:37:50Z,2025-07-09T05:34:00Z,2h17,goo,3.0
604,True,False,SENNETERRE,MONTRÉAL,2025-07-08,39,Windigo,WNDG,2025-07-09T05:45:50Z,2025-07-09T05:42:00Z,2h25,goo,3.0
604,True,False,SENNETERRE,MONTRÉAL,2025-07-08,40,Mctavish,MCTC,2025-07-09T05:47:50Z,2025-07-09T05:44:00Z,2h27,goo,3.0
604,True,False,SENNETERRE,MONTRÉAL,2025-07-08,41,Duplessis,DUPL,2025-07-09T06:00:50Z,2025-07-09T05:57:00Z,2h40,goo,3.0
604,True,False,SENNETERRE,MONTRÉAL,2025-07-08,42,Lac-Darey,LDAR,2025-07-09T06:13:50Z,2025-07-09T06:10:00Z,2h53,goo,3.0
604,True,False,SENNETERRE,MONTRÉAL,2025-07-08,43,Rapide-Blanc,RAPB,2025-07-09T06:33:50Z,2025-07-09T06:30:00Z,3h13,goo,3.0
604,True,False,SENNETERRE,MONTRÉAL,2025-07-08,44,Club Vermillion,VMLC,2025-07-09T06:36:50Z,2025-07-09T06:33:00Z,3h16,goo,3.0
604,True,False,SENNETERRE,MONTRÉAL,2025-07-08,45,Cressman,CRSM,2025-07-09T06:43:50Z,2025-07-09T06:40:00Z,3h23,goo,3.0
604,True,False,SENNETERRE,MONTRÉAL,2025-07-08,46,Fitzpatrick,FITZ,2025-07-09T07:03:50Z,2025-07-09T07:00:00Z,3h43,goo,3.0
604,True,False,SENNETERRE,MONTRÉAL,2025-07-08,47,La Tuque,LTUQ,2025-07-09T07:35:50Z,2025-07-09T07:32:00Z,4h15,goo,3.0
604,True,False,SENNETERRE,MONTRÉAL,2025-07-08,48,Hervey,HERV,2025-07-09T09:10:50Z,2025-07-09T09:07:00Z,5h50,goo,3.0
604,True,False,SENNETERRE,MONTRÉAL,2025-07-08,49,Saint-Tite,STIT,2025-07-09T09:43:50Z,2025-07-09T09:40:00Z,6h23,goo,3.0
604,True,False,SENNETERRE,MONTRÉAL,2025-07-08,50,Garneau,GARN,2025-07-09T09:57:50Z,2025-07-09T09:54:00Z,6h37,goo,3.0
604,True,False,SENNETERRE,MONTRÉAL,2025-07-08,51,Grand-Mère,GMRE,2025-07-09T10:10:50Z,2025-07-09T10:07:00Z,6h50,goo,3.0
604,True,False,SENNETERRE,MONTRÉAL,2025-07-08,52,Shawinigan,SHWN,2025-07-09T10:18:50Z,2025-07-09T10:15:00Z,6h58,goo,3.0
604,True,False,SENNETERRE,MONTRÉAL,2025-07-08,53,Charette,CHRT,2025-07-09T10:41:50Z,2025-07-09T10:38:00Z,7h21,goo,3.0
604,True,False,SENNETERRE,MONTRÉAL,2025-07-08,54,St-Paulin,SPAU,2025-07-09T10:51:50Z,2025-07-09T10:48:00Z,7h31,goo,3.0
604,True,False,SENNETERRE,MONTRÉAL,2025-07-08,55,St-Justin,SJUS,2025-07-09T11:04:50Z,2025-07-09T11:01:00Z,7h44,goo,3.0
604,True,False,SENNETERRE,MONTRÉAL,2025-07-08,56,Joliette,JOLI,2025-07-09T11:33:50Z,2025-07-09T11:30:00Z,8h13,goo,3.0
604,True,False,SENNETERRE,MONTRÉAL,2025-07-08,57,Anjou,ANJO,2025-07-09T12:16:50Z,2025-07-09T12:13:00Z,8h56,goo,3.0
604,True,False,SENNETERRE,MONTRÉAL,2025-07-08,58,Sauvé,SAUV,2025-07-09T12:30:50Z,2025-07-09T12:27:00Z,9h10,goo,3.0
604,True,False,SENNETERRE,MONTRÉAL,2025-07-08,59,Montréal,MTRL,2025-07-09T13:41:50Z,2025-07-09T13:38:00Z,10h21,goo,3.0
690,True,False,CHURCHILL,THE PAS,2025-07-08,0,Churchill,CHUR,2025-07-09T01:30:00Z,2025-07-09T01:30:00Z,ARR,goo,0.0
690,True,False,CHURCHILL,THE PAS,2025-07-08,1,Tidal,TIDL,2025-07-09T01:57:36Z,2025-07-09T01:52:00Z,ARR,med,5.0
690,True,False,CHURCHILL,THE PAS,2025-07-08,2,Chesnaye,CHES,2025-07-09T03:08:17Z,2025-07-09T02:38:00Z,ARR,bad,30.0
690,True,False,CHURCHILL,THE PAS,2025-07-08,3,M'Clintock,MCLI,2025-07-09T04:24:17Z,2025-07-09T03:54:00Z,1h03,bad,30.0
690,True,False,CHURCHILL,THE PAS,2025-07-08,4,O'Day,ODAY,2025-07-09T05:09:17Z,2025-07-09T04:39:00Z,1h48,bad,30.0
690,True,False,CHURCHILL,THE PAS,2025-07-08,5,Herchmer,HERC,2025-07-09T05:48:17Z,2025-07-09T05:18:00Z,2h27,bad,30.0
690,True,False,CHURCHILL,THE PAS,2025-07-08,6,Thibaudeau,THIB,2025-07-09T07:14:17Z,2025-07-09T06:44:00Z,3h53,bad,30.0
690,True,False,CHURCHILL,THE PAS,2025-07-08,7,Weir River,WEIR,2025-07-09T08:16:17Z,2025-07-09T07:46:00Z,4h55,bad,30.0
690,True,False,CHURCHILL,THE PAS,2025-07-08,8,Amery,AMRY,2025-07-09T09:07:17Z,2025-07-09T08:37:00Z,5h46,bad,30.0
690,True,False,CHURCHILL,THE PAS,2025-07-08,9,Bird,BIRD,2025-07-09T09:30:17Z,2025-07-09T09:00:00Z,6h09,bad,30.0
690,True,False,CHURCHILL,THE PAS,2025-07-08,10,Gillam,GILL,2025-07-09T10:30:17Z,2025-07-09T10:00:00Z,7h09,bad,30.0
690,True,False,CHURCHILL,THE PAS,2025-07-08,11,Wivenhoe,WVHO,2025-07-09T11:46:17Z,2025-07-09T11:16:00Z,8h25,bad,30.0
690,True,False,CHURCHILL,THE PAS,2025-07-08,12,Ilford,ILFO,2025-07-09T12:23:17Z,2025-07-09T11:53:00Z,9h02,bad,30.0
690,True,False,CHURCHILL,THE PAS,2025-07-08,13,Pit Siding,PITS,2025-07-09T13:24:17Z,2025-07-09T12:54:00Z,10h03,bad,30.0
690,True,False,CHURCHILL,THE PAS,2025-07-08,14,Bridgar,BRGR,2025-07-09T14:46:17Z,2025-07-09T14:16:00Z,11h25,bad,30.0
690,True,False,CHURCHILL,THE PAS,2025-07-08,15,Pikwitonei,PIKW,2025-07-09T14:57:17Z,2025-07-09T14:27:00Z,11h36,bad,30.0
690,True,False,CHURCHILL,THE PAS,2025-07-08,16,Sipiwesk,SIPI,2025-07-09T15:24:17Z,2025-07-09T14:54:00Z,12h03,bad,30.0
690,True,False,CHURCHILL,THE PAS,2025-07-08,17,Thompson,THOM,2025-07-09T17:00:17Z,2025-07-09T16:30:00Z,13h39,bad,30.0
600,True,False,JONQUIÈRE,MONTRÉAL,2025-07-08,0,Jonquière,JONQ,2025-07-09T02:51:47Z,2025-07-09T02:50:00Z,ARR,goo,1.0
600,True,False,JONQUIÈRE,MONTRÉAL,2025-07-08,1,Hébertville,HEBV,2025-07-09T03:24:11Z,2025-07-09T03:24:00Z,3 mins,goo,0.0
600,True,False,JONQUIÈRE,MONTRÉAL,2025-07-08,2,Chambord,CHBD,2025-07-09T04:01:11Z,2025-07-09T04:01:00Z,40 mins,goo,0.0
600,True,False,JONQUIÈRE,MONTRÉAL,2025-07-08,3,Lac-Bouchette,LBOU,2025-07-09T04:39:11Z,2025-07-09T04:39:00Z,1h18,goo,0.0
600,True,False,JONQUIÈRE,MONTRÉAL,2025-07-08,4,Club Lizotte,LIZO,2025-07-09T05:04:11Z,2025-07-09T05:04:00Z,1h43,goo,0.0
600,True,False,JONQUIÈRE,MONTRÉAL,2025-07-08,5,Kondiaronk,KOND,2025-07-09T05:17:11Z,2025-07-09T05:17:00Z,1h56,goo,0.0
600,True,False,JONQUIÈRE,MONTRÉAL,2025-07-08,6,Lac Des Roches,LDES,2025-07-09T05:20:11Z,2025-07-09T05:20:00Z,1h59,goo,0.0
600,True,False,JONQUIÈRE,MONTRÉAL,2025-07-08,7,Van Bruyssel,VBRU,2025-07-09T05:30:11Z,2025-07-09T05:30:00Z,2h09,goo,0.0
600,True,False,JONQUIÈRE,MONTRÉAL,2025-07-08,8,Kiskissink,KISK,2025-07-09T05:31:12Z,2025-07-09T05:31:01Z,2h10,goo,0.0
600,True,False,JONQUIÈRE,MONTRÉAL,2025-07-08,9,Brooks,BRQU,2025-07-09T05:43:11Z,2025-07-09T05:43:00Z,2h22,goo,0.0
600,True,False,JONQUIÈRE,MONTRÉAL,2025-07-08,10,Summit,SMQU,2025-07-09T05:53:11Z,2025-07-09T05:53:00Z,2h32,goo,0.0
600,True,False,JONQUIÈRE,MONTRÉAL,2025-07-08,11,Club Sommet,SMMC,2025-07-09T05:55:11Z,2025-07-09T05:55:00Z,2h34,goo,0.0
600,True,False,JONQUIÈRE,MONTRÉAL,2025-07-08,12,Club Grégoire,GRGC,2025-07-09T05:59:11Z,2025-07-09T05:59:00Z,2h38,goo,0.0
600,True,False,JONQUIÈRE,MONTRÉAL,2025-07-08,13,Caribou,CARI,2025-07-09T06:06:11Z,2025-07-09T06:06:00Z,2h45,goo,0.0
600,True,False,JONQUIÈRE,MONTRÉAL,2025-07-08,14,Cherokee,CHER,2025-07-09T06:08:11Z,2025-07-09T06:08:00Z,2h47,goo,0.0
600,True,False,JONQUIÈRE,MONTRÉAL,2025-07-08,15,Lac-Édouard,LEDW,2025-07-09T06:21:11Z,2025-07-09T06:21:00Z,3h00,goo,0.0
600,True,False,JONQUIÈRE,MONTRÉAL,2025-07-08,16,Club Triton,TRTC,2025-07-09T06:34:11Z,2025-07-09T06:34:00Z,3h13,goo,0.0
600,True,False,JONQUIÈRE,MONTRÉAL,2025-07-08,17,Hirondelle,HRDL,2025-07-09T06:48:11Z,2025-07-09T06:48:00Z,3h27,goo,0.0
600,True,False,JONQUIÈRE,MONTRÉAL,2025-07-08,18,Lac-Aux-Perles,PRLL,2025-07-09T06:51:12Z,2025-07-09T06:51:01Z,3h30,goo,0.0
600,True,False,JONQUIÈRE,MONTRÉAL,2025-07-08,19,Sanford,SANF,2025-07-09T07:02:11Z,2025-07-09T07:02:00Z,3h41,goo,0.0
600,True,False,JONQUIÈRE,MONTRÉAL,2025-07-08,20,Stadacona,STAD,2025-07-09T07:10:11Z,2025-07-09T07:10:00Z,3h49,goo,0.0
600,True,False,JONQUIÈRE,MONTRÉAL,2025-07-08,21,Club Iroquois,IRQC,2025-07-09T07:14:11Z,2025-07-09T07:14:00Z,3h53,goo,0.0
600,True,False,JONQUIÈRE,MONTRÉAL,2025-07-08,22,Lac Malouin,LMAL,2025-07-09T07:18:11Z,2025-07-09T07:18:00Z,3h57,goo,0.0
600,True,False,JONQUIÈRE,MONTRÉAL,2025-07-08,23,Bima,BIMA,2025-07-09T07:20:11Z,2025-07-09T07:20:00Z,3h59,goo,0.0
600,True,False,JONQUIÈRE,MONTRÉAL,2025-07-08,24,Saint-Hilaire,SHPN,2025-07-09T07:23:11Z,2025-07-09T07:23:00Z,4h02,goo,0.0
600,True,False,JONQUIÈRE,MONTRÉAL,2025-07-08,25,Pont Beaudet,PBDT,2025-07-09T07:25:11Z,2025-07-09T07:25:00Z,4h04,goo,0.0
600,True,False,JONQUIÈRE,MONTRÉAL,2025-07-08,26,Falrie,FALR,2025-07-09T07:28:11Z,2025-07-09T07:28:00Z,4h07,goo,0.0
600,True,False,JONQUIÈRE,MONTRÉAL,2025-07-08,27,Club Jacques-Cartier,JACC,2025-07-09T07:31:11Z,2025-07-09T07:31:00Z,4h10,goo,0.0
600,True,False,JONQUIÈRE,MONTRÉAL,2025-07-08,28,Miquick,MIQK,2025-07-09T07:45:11Z,2025-07-09T07:45:00Z,4h24,goo,0.0
600,True,False,JONQUIÈRE,MONTRÉAL,2025-07-08,29,Rivière-À-Pierre,RAPX,2025-07-09T08:20:11Z,2025-07-09T08:20:00Z,4h59,goo,0.0
600,True,False,JONQUIÈRE,MONTRÉAL,2025-07-08,30,Rousseau,ROUS,2025-07-09T08:41:11Z,2025-07-09T08:41:00Z,5h20,goo,0.0
600,True,False,JONQUIÈRE,MONTRÉAL,2025-07-08,31,Hervey,HERV,2025-07-09T09:12:11Z,2025-07-09T09:12:00Z,5h51,goo,0.0
600,True,False,JONQUIÈRE,MONTRÉAL,2025-07-08,32,Saint-Tite,STIT,2025-07-09T09:40:11Z,2025-07-09T09:40:00Z,6h19,goo,0.0
600,True,False,JONQUIÈRE,MONTRÉAL,2025-07-08,33,Garneau,GARN,2025-07-09T09:54:11Z,2025-07-09T09:54:00Z,6h33,goo,0.0
600,True,False,JONQUIÈRE,MONTRÉAL,2025-07-08,34,Grand-Mère,GMRE,2025-07-09T10:07:11Z,2025-07-09T10:07:00Z,6h46,goo,0.0
600,True,False,JONQUIÈRE,MONTRÉAL,2025-07-08,35,Shawinigan,SHWN,2025-07-09T10:15:11Z,2025-07-09T10:15:00Z,6h54,goo,0.0
600,True,False,JONQUIÈRE,MONTRÉAL,2025-07-08,36,Charette,CHRT,2025-07-09T10:38:11Z,2025-07-09T10:38:00Z,7h17,goo,0.0
600,True,False,JONQUIÈRE,MONTRÉAL,2025-07-08,37,St-Justin,SJUS,2025-07-09T11:01:11Z,2025-07-09T11:01:00Z,7h40,goo,0.0
600,True,False,JONQUIÈRE,MONTRÉAL,2025-07-08,38,Joliette,JOLI,2025-07-09T11:30:11Z,2025-07-09T11:30:00Z,8h09,goo,0.0
600,True,False,JONQUIÈRE,MONTRÉAL,2025-07-08,39,Anjou,ANJO,2025-07-09T12:13:11Z,2025-07-09T12:13:00Z,8h52,goo,0.0
600,True,False,JONQUIÈRE,MONTRÉAL,2025-07-08,40,Sauvé,SAUV,2025-07-09T12:27:11Z,2025-07-09T12:27:00Z,9h06,goo,0.0
600,True,False,JONQUIÈRE,MONTRÉAL,2025-07-08,41,Montréal,MTRL,2025-07-09T13:38:11Z,2025-07-09T13:38:00Z,10h17,goo,0.0
14,True,False,MONTRÉAL,HALIFAX,2025-07-06,0,Amherst,AMHS,2025-07-07T22:07:29Z,2025-07-07T17:54:00Z,ARR,bad,253.0
