train_id,departed,arrived,from,to,instance,stop_id,station,code,estimated,scheduled,eta,diff,diffMin
2 (04-11),True,True,VANCOUVER,TORONTO,2025-04-11,0,Vancouver,VCVR,2025-04-11T22:07:42Z,2025-04-11T22:00:00Z,ARR,med,7.0
2 (04-11),True,True,VANCOUVER,TORONTO,2025-04-11,1,Mission Harbour,MSNH,2025-04-12T00:29:43Z,2025-04-11T23:35:00Z,ARR,bad,54.0
2 (04-11),True,True,VANCOUVER,TORONTO,2025-04-11,2,Agassiz,AGAS,2025-04-12T01:19:06Z,2025-04-12T00:03:00Z,ARR,bad,76.0
2 (04-11),True,True,VANCOUVER,TORONTO,2025-04-11,3,Katz,KATZ,2025-04-12T01:37:51Z,2025-04-12T00:17:00Z,ARR,bad,80.0
2 (04-11),True,True,VANCOUVER,TORONTO,2025-04-11,4,North Bend,NBND,2025-04-12T03:37:37Z,2025-04-12T02:46:00Z,ARR,bad,51.0
2 (04-11),True,True,VANCOUVER,TORONTO,2025-04-11,5,Ashcroft,ASHN,2025-04-12T06:02:56Z,2025-04-12T05:32:00Z,ARR,bad,30.0
2 (04-11),True,True,VANCOUVER,TORONTO,2025-04-11,6,Kamloops North,KAMN,2025-04-12T09:01:58Z,2025-04-12T07:17:00Z,ARR,bad,104.0
2 (04-11),True,True,VANCOUVER,TORONTO,2025-04-11,7,Clearwater,CLWT,2025-04-12T11:36:02Z,2025-04-12T09:58:00Z,ARR,bad,98.0
2 (04-11),True,True,VANCOUVER,TORONTO,2025-04-11,8,Blue River,BLUE,2025-04-12T13:32:09Z,2025-04-12T12:11:00Z,ARR,bad,81.0
2 (04-11),True,True,VANCOUVER,TORONTO,2025-04-11,9,Valemount,VLMT,2025-04-12T15:59:56Z,2025-04-12T14:01:00Z,ARR,bad,118.0
2 (04-11),True,True,VANCOUVER,TORONTO,2025-04-11,10,Jasper,JASP,2025-04-12T18:56:13Z,2025-04-12T17:00:00Z,ARR,bad,116.0
2 (04-11),True,True,VANCOUVER,TORONTO,2025-04-11,11,Hinton,HINT,2025-04-12T22:02:41Z,2025-04-12T19:45:00Z,ARR,bad,137.0
2 (04-11),True,True,VANCOUVER,TORONTO,2025-04-11,12,Edson,EDSN,2025-04-13T00:11:58Z,2025-04-12T21:19:00Z,ARR,bad,172.0
2 (04-11),True,True,VANCOUVER,TORONTO,2025-04-11,13,Evansburg,EVAN,2025-04-13T01:41:29Z,2025-04-12T22:28:00Z,ARR,bad,193.0
2 (04-11),True,True,VANCOUVER,TORONTO,2025-04-11,14,Edmonton,EDMO,2025-04-13T03:39:26Z,2025-04-13T00:50:00Z,ARR,bad,169.0
2 (04-11),True,True,VANCOUVER,TORONTO,2025-04-11,15,Viking,VKNG,2025-04-13T08:11:52Z,2025-04-13T03:53:00Z,ARR,bad,258.0
2 (04-11),True,True,VANCOUVER,TORONTO,2025-04-11,16,Wainwright,WAIN,2025-04-13T09:29:17Z,2025-04-13T06:14:00Z,ARR,bad,195.0
2 (04-11),True,True,VANCOUVER,TORONTO,2025-04-11,17,Unity,UNIT,2025-04-13T11:31:27Z,2025-04-13T07:47:00Z,ARR,bad,224.0
2 (04-11),True,True,VANCOUVER,TORONTO,2025-04-11,18,Biggar,BIGG,2025-04-13T13:41:10Z,2025-04-13T09:21:00Z,ARR,bad,260.0
2 (04-11),True,True,VANCOUVER,TORONTO,2025-04-11,19,Saskatoon,SASK,2025-04-13T14:58:07Z,2025-04-13T11:57:00Z,ARR,bad,181.0
2 (04-11),True,True,VANCOUVER,TORONTO,2025-04-11,20,Watrous,WATR,2025-04-13T18:40:24Z,2025-04-13T14:26:00Z,ARR,bad,254.0
2 (04-11),True,True,VANCOUVER,TORONTO,2025-04-11,21,Melville,MELV,2025-04-13T22:10:29Z,2025-04-13T18:47:00Z,ARR,bad,203.0
2 (04-11),True,True,VANCOUVER,TORONTO,2025-04-11,22,Rivers,RVRS,2025-04-14T01:14:54Z,2025-04-13T22:22:00Z,ARR,bad,172.0
2 (04-11),True,True,VANCOUVER,TORONTO,2025-04-11,23,Portage La Prairie,PLPX,2025-04-14T02:51:12Z,2025-04-14T00:15:00Z,ARR,bad,156.0
2 (04-11),True,True,VANCOUVER,TORONTO,2025-04-11,24,Winnipeg,WNPG,2025-04-14T03:56:38Z,2025-04-14T03:00:00Z,ARR,bad,56.0
2 (04-11),True,True,VANCOUVER,TORONTO,2025-04-11,25,Elma,ELMA,2025-04-14T07:20:50Z,2025-04-14T05:37:00Z,ARR,bad,103.0
2 (04-11),True,True,VANCOUVER,TORONTO,2025-04-11,26,Brereton Lake,BRTL,2025-04-14T08:08:50Z,2025-04-14T05:58:00Z,ARR,bad,130.0
2 (04-11),True,True,VANCOUVER,TORONTO,2025-04-11,27,Ophir,OPHR,2025-04-14T08:21:20Z,2025-04-14T06:16:00Z,ARR,bad,125.0
2 (04-11),True,True,VANCOUVER,TORONTO,2025-04-11,28,Winnitoba,WNTB,2025-04-14T08:24:37Z,2025-04-14T06:21:00Z,ARR,bad,123.0
2 (04-11),True,True,VANCOUVER,TORONTO,2025-04-11,29,Rice Lake,RCLK,2025-04-14T08:31:30Z,2025-04-14T06:35:00Z,ARR,bad,116.0
2 (04-11),True,True,VANCOUVER,TORONTO,2025-04-11,30,Copelands Landing,COPE,2025-04-14T08:34:51Z,2025-04-14T06:38:00Z,ARR,bad,116.0
2 (04-11),True,True,VANCOUVER,TORONTO,2025-04-11,31,Malachi,MLCH,2025-04-14T08:36:51Z,2025-04-14T06:40:00Z,ARR,bad,116.0
2 (04-11),True,True,VANCOUVER,TORONTO,2025-04-11,32,Ottermere,OTTM,2025-04-14T08:42:25Z,2025-04-14T06:46:00Z,ARR,bad,116.0
2 (04-11),True,True,VANCOUVER,TORONTO,2025-04-11,33,Minaki,MNKI,2025-04-14T08:57:57Z,2025-04-14T07:03:00Z,ARR,bad,114.0
2 (04-11),True,True,VANCOUVER,TORONTO,2025-04-11,34,Redditt,RDDT,2025-04-14T09:16:49Z,2025-04-14T07:29:00Z,ARR,bad,107.0
2 (04-11),True,True,VANCOUVER,TORONTO,2025-04-11,35,Farlane,FARL,2025-04-14T09:31:05Z,2025-04-14T07:46:00Z,ARR,bad,105.0
2 (04-11),True,True,VANCOUVER,TORONTO,2025-04-11,36,Canyon,CNYK,2025-04-14T10:00:37Z,2025-04-14T08:23:00Z,ARR,bad,97.0
2 (04-11),True,True,VANCOUVER,TORONTO,2025-04-11,37,Red Lake Road,RLRX,2025-04-14T10:23:42Z,2025-04-14T08:51:00Z,ARR,bad,92.0
2 (04-11),True,True,VANCOUVER,TORONTO,2025-04-11,38,Richan,RCHN,2025-04-14T11:08:58Z,2025-04-14T09:28:00Z,ARR,bad,100.0
2 (04-11),True,True,VANCOUVER,TORONTO,2025-04-11,39,Sioux Lookout,SLKT,2025-04-14T13:30:12Z,2025-04-14T11:01:00Z,ARR,bad,149.0
2 (04-11),True,True,VANCOUVER,TORONTO,2025-04-11,40,Savant Lake,SAVL,2025-04-14T15:14:26Z,2025-04-14T13:14:00Z,ARR,bad,120.0
2 (04-11),True,True,VANCOUVER,TORONTO,2025-04-11,41,Flindt Landing,FLTL,2025-04-14T15:31:26Z,2025-04-14T13:31:00Z,ARR,bad,120.0
2 (04-11),True,True,VANCOUVER,TORONTO,2025-04-11,42,Allanwater Bridge,ALWB,2025-04-14T15:46:26Z,2025-04-14T13:46:00Z,ARR,bad,120.0
2 (04-11),True,True,VANCOUVER,TORONTO,2025-04-11,43,Collins,COLL,2025-04-14T16:26:26Z,2025-04-14T14:26:00Z,ARR,bad,120.0
2 (04-11),True,True,VANCOUVER,TORONTO,2025-04-11,44,Armstrong,ARMG,2025-04-14T17:14:07Z,2025-04-14T14:57:00Z,ARR,bad,137.0
2 (04-11),True,True,VANCOUVER,TORONTO,2025-04-11,45,Mud River,MUDR,2025-04-14T17:50:52Z,2025-04-14T15:29:00Z,ARR,bad,141.0
2 (04-11),True,True,VANCOUVER,TORONTO,2025-04-11,46,Ferland,FERL,2025-04-14T17:58:52Z,2025-04-14T15:37:00Z,ARR,bad,141.0
2 (04-11),True,True,VANCOUVER,TORONTO,2025-04-11,47,Auden,AUDN,2025-04-14T18:35:52Z,2025-04-14T16:14:00Z,ARR,bad,141.0
2 (04-11),True,True,VANCOUVER,TORONTO,2025-04-11,48,Nakina,NAKI,2025-04-14T20:06:55Z,2025-04-14T17:20:00Z,ARR,bad,166.0
2 (04-11),True,True,VANCOUVER,TORONTO,2025-04-11,49,Longlac,LLAC,2025-04-14T20:43:48Z,2025-04-14T18:11:00Z,ARR,bad,152.0
2 (04-11),True,True,VANCOUVER,TORONTO,2025-04-11,50,Caramat,CARA,2025-04-14T21:08:23Z,2025-04-14T18:39:00Z,ARR,bad,149.0
2 (04-11),True,True,VANCOUVER,TORONTO,2025-04-11,51,Hillsport,HLSP,2025-04-14T21:58:31Z,2025-04-14T19:29:00Z,ARR,bad,149.0
2 (04-11),True,True,VANCOUVER,TORONTO,2025-04-11,52,Hornepayne,HNPN,2025-04-14T22:52:52Z,2025-04-14T21:44:00Z,ARR,bad,68.0
2 (04-11),True,True,VANCOUVER,TORONTO,2025-04-11,53,Oba,OBAX,2025-04-15T00:46:25Z,2025-04-14T23:30:00Z,ARR,bad,76.0
2 (04-11),True,True,VANCOUVER,TORONTO,2025-04-11,54,Elsas,ELSA,2025-04-15T02:20:25Z,2025-04-15T01:04:00Z,ARR,bad,76.0
2 (04-11),True,True,VANCOUVER,TORONTO,2025-04-11,55,Foleyet,FOLE,2025-04-15T03:01:05Z,2025-04-15T02:27:00Z,ARR,bad,34.0
2 (04-11),True,True,VANCOUVER,TORONTO,2025-04-11,56,Gogama,GOGA,2025-04-15T04:43:37Z,2025-04-15T04:02:00Z,ARR,bad,41.0
2 (04-11),True,True,VANCOUVER,TORONTO,2025-04-11,57,Westree,WSTR,2025-04-15T05:40:51Z,2025-04-15T04:35:00Z,ARR,bad,65.0
2 (04-11),True,True,VANCOUVER,TORONTO,2025-04-11,58,Ruel,RUEL,2025-04-15T05:55:46Z,2025-04-15T04:52:00Z,ARR,bad,63.0
2 (04-11),True,True,VANCOUVER,TORONTO,2025-04-11,59,Felix,FELX,2025-04-15T06:03:46Z,2025-04-15T05:00:00Z,ARR,bad,63.0
2 (04-11),True,True,VANCOUVER,TORONTO,2025-04-11,60,McKee's Camp,MCKC,2025-04-15T06:23:46Z,2025-04-15T05:20:00Z,ARR,bad,63.0
2 (04-11),True,True,VANCOUVER,TORONTO,2025-04-11,61,Laforest,LAFO,2025-04-15T06:36:46Z,2025-04-15T05:33:00Z,ARR,bad,63.0
2 (04-11),True,True,VANCOUVER,TORONTO,2025-04-11,62,Capreol,CAPR,2025-04-15T07:15:03Z,2025-04-15T07:47:00Z,ARR,goo,-31.0
2 (04-11),True,True,VANCOUVER,TORONTO,2025-04-11,63,Sudbury (Jct.),SUDJ,2025-04-15T08:50:16Z,2025-04-15T08:49:00Z,ARR,goo,1.0
2 (04-11),True,True,VANCOUVER,TORONTO,2025-04-11,64,Parry Sound,PARS,2025-04-15T11:39:10Z,2025-04-15T12:00:00Z,ARR,goo,-20.0
2 (04-11),True,True,VANCOUVER,TORONTO,2025-04-11,65,Washago,WSHG,2025-04-15T13:17:42Z,2025-04-15T14:00:00Z,ARR,goo,-42.0
2 (04-11),True,True,VANCOUVER,TORONTO,2025-04-11,66,Toronto,TRTO,2025-04-15T15:43:59Z,2025-04-15T18:29:00Z,ARR,goo,-165.0
1 (04-13),True,False,TORONTO,VANCOUVER,2025-04-13,0,Toronto,TRTO,2025-04-13T13:55:00Z,2025-04-13T13:55:00Z,ARR,goo,0.0
1 (04-13),True,False,TORONTO,VANCOUVER,2025-04-13,1,Washago,WSHG,2025-04-13T16:29:10Z,2025-04-13T16:25:00Z,ARR,goo,4.0
1 (04-13),True,False,TORONTO,VANCOUVER,2025-04-13,2,South Parry,SPAR,2025-04-13T18:24:33Z,2025-04-13T18:27:00Z,ARR,goo,-2.0
1 (04-13),True,False,TORONTO,VANCOUVER,2025-04-13,3,Sudbury (Jct.),SUDJ,2025-04-13T20:42:30Z,2025-04-13T20:57:00Z,ARR,goo,-14.0
1 (04-13),True,False,TORONTO,VANCOUVER,2025-04-13,4,Capreol,CAPR,2025-04-13T21:55:23Z,2025-04-13T21:22:00Z,ARR,bad,33.0
1 (04-13),True,False,TORONTO,VANCOUVER,2025-04-13,5,Laforest,LAFO,2025-04-13T23:07:43Z,2025-04-13T22:48:00Z,ARR,bad,19.0
1 (04-13),True,False,TORONTO,VANCOUVER,2025-04-13,6,McKee's Camp,MCKC,2025-04-13T23:20:43Z,2025-04-13T23:01:00Z,ARR,bad,19.0
1 (04-13),True,False,TORONTO,VANCOUVER,2025-04-13,7,Felix,FELX,2025-04-13T23:40:43Z,2025-04-13T23:21:00Z,ARR,bad,19.0
1 (04-13),True,False,TORONTO,VANCOUVER,2025-04-13,8,Ruel,RUEL,2025-04-13T23:47:43Z,2025-04-13T23:28:00Z,ARR,bad,19.0
1 (04-13),True,False,TORONTO,VANCOUVER,2025-04-13,9,Westree,WSTR,2025-04-13T23:44:29Z,2025-04-13T23:45:00Z,ARR,goo,0.0
1 (04-13),True,False,TORONTO,VANCOUVER,2025-04-13,10,Gogama,GOGA,2025-04-14T00:12:24Z,2025-04-14T00:18:00Z,ARR,goo,-5.0
1 (04-13),True,False,TORONTO,VANCOUVER,2025-04-13,11,Foleyet,FOLE,2025-04-14T01:56:13Z,2025-04-14T02:44:00Z,ARR,goo,-47.0
1 (04-13),True,False,TORONTO,VANCOUVER,2025-04-13,12,Elsas,ELSA,2025-04-14T02:46:09Z,2025-04-14T03:38:00Z,ARR,goo,-51.0
1 (04-13),True,False,TORONTO,VANCOUVER,2025-04-13,13,Oba,OBAX,2025-04-14T05:38:00Z,2025-04-14T05:38:00Z,ARR,goo,0.0
1 (04-13),True,False,TORONTO,VANCOUVER,2025-04-13,14,Hornepayne,HNPN,2025-04-14T05:22:23Z,2025-04-14T06:29:00Z,ARR,goo,-66.0
1 (04-13),True,False,TORONTO,VANCOUVER,2025-04-13,15,Hillsport,HLSP,2025-04-14T08:07:02Z,2025-04-14T08:05:00Z,ARR,goo,2.0
1 (04-13),True,False,TORONTO,VANCOUVER,2025-04-13,16,Caramat,CARA,2025-04-14T09:03:47Z,2025-04-14T08:55:00Z,ARR,med,8.0
1 (04-13),True,False,TORONTO,VANCOUVER,2025-04-13,17,Longlac,LLAC,2025-04-14T09:26:36Z,2025-04-14T09:34:00Z,ARR,goo,-7.0
1 (04-13),True,False,TORONTO,VANCOUVER,2025-04-13,18,Nakina,NAKI,2025-04-14T10:24:55Z,2025-04-14T10:13:00Z,ARR,med,11.0
1 (04-13),True,False,TORONTO,VANCOUVER,2025-04-13,19,Auden,AUDN,2025-04-14T11:25:19Z,2025-04-14T11:19:00Z,ARR,med,6.0
1 (04-13),True,False,TORONTO,VANCOUVER,2025-04-13,20,Ferland,FERL,2025-04-14T12:02:19Z,2025-04-14T11:56:00Z,ARR,med,6.0
1 (04-13),True,False,TORONTO,VANCOUVER,2025-04-13,21,Mud River,MUDR,2025-04-14T12:11:19Z,2025-04-14T12:05:00Z,ARR,med,6.0
1 (04-13),True,False,TORONTO,VANCOUVER,2025-04-13,22,Armstrong,ARMG,2025-04-14T13:08:40Z,2025-04-14T13:17:00Z,ARR,goo,-8.0
1 (04-13),True,False,TORONTO,VANCOUVER,2025-04-13,23,Collins,COLL,2025-04-14T13:44:46Z,2025-04-14T13:47:00Z,ARR,goo,-2.0
1 (04-13),True,False,TORONTO,VANCOUVER,2025-04-13,24,Allanwater Bridge,ALWB,2025-04-14T14:26:00Z,2025-04-14T14:26:00Z,ARR,goo,0.0
1 (04-13),True,False,TORONTO,VANCOUVER,2025-04-13,25,Flindt Landing,FLTL,2025-04-14T14:42:00Z,2025-04-14T14:42:00Z,ARR,goo,0.0
1 (04-13),True,False,TORONTO,VANCOUVER,2025-04-13,26,Savant Lake,SAVL,2025-04-14T14:59:00Z,2025-04-14T14:59:00Z,ARR,goo,0.0
1 (04-13),True,False,TORONTO,VANCOUVER,2025-04-13,27,Sioux Lookout,SLKT,2025-04-14T16:36:18Z,2025-04-14T16:25:00Z,ARR,med,11.0
1 (04-13),True,False,TORONTO,VANCOUVER,2025-04-13,28,Richan,RCHN,2025-04-14T18:06:40Z,2025-04-14T18:05:00Z,ARR,goo,1.0
1 (04-13),True,False,TORONTO,VANCOUVER,2025-04-13,29,Red Lake Road,RLRX,2025-04-14T19:00:00Z,2025-04-14T18:41:00Z,ARR,bad,19.0
1 (04-13),True,False,TORONTO,VANCOUVER,2025-04-13,30,Canyon,CNYK,2025-04-14T19:27:19Z,2025-04-14T19:10:00Z,ARR,bad,17.0
1 (04-13),True,False,TORONTO,VANCOUVER,2025-04-13,31,Farlane,FARL,2025-04-14T20:10:34Z,2025-04-14T19:47:00Z,ARR,bad,23.0
1 (04-13),True,False,TORONTO,VANCOUVER,2025-04-13,32,Redditt,RDDT,2025-04-14T20:44:38Z,2025-04-14T20:23:00Z,ARR,bad,21.0
1 (04-13),True,False,TORONTO,VANCOUVER,2025-04-13,33,Minaki,MNKI,2025-04-14T21:09:10Z,2025-04-14T20:44:00Z,ARR,bad,25.0
1 (04-13),True,False,TORONTO,VANCOUVER,2025-04-13,34,Ottermere,OTTM,2025-04-14T21:24:31Z,2025-04-14T21:01:00Z,ARR,bad,23.0
1 (04-13),True,False,TORONTO,VANCOUVER,2025-04-13,35,Malachi,MLCH,2025-04-14T21:32:43Z,2025-04-14T21:07:00Z,ARR,bad,25.0
1 (04-13),True,False,TORONTO,VANCOUVER,2025-04-13,36,Copelands Landing,COPE,2025-04-14T21:34:43Z,2025-04-14T21:09:00Z,ARR,bad,25.0
1 (04-13),True,False,TORONTO,VANCOUVER,2025-04-13,37,Rice Lake,RCLK,2025-04-14T21:41:44Z,2025-04-14T21:12:00Z,ARR,bad,29.0
1 (04-13),True,False,TORONTO,VANCOUVER,2025-04-13,38,Winnitoba,WNTB,2025-04-14T21:49:12Z,2025-04-14T21:26:00Z,ARR,bad,23.0
1 (04-13),True,False,TORONTO,VANCOUVER,2025-04-13,39,Ophir,OPHR,2025-04-14T21:56:45Z,2025-04-14T21:31:00Z,ARR,bad,25.0
1 (04-13),True,False,TORONTO,VANCOUVER,2025-04-13,40,Brereton Lake,BRTL,2025-04-14T22:25:56Z,2025-04-14T21:49:00Z,ARR,bad,36.0
1 (04-13),True,False,TORONTO,VANCOUVER,2025-04-13,41,Elma,ELMA,2025-04-14T22:44:04Z,2025-04-14T22:10:00Z,ARR,bad,34.0
1 (04-13),True,False,TORONTO,VANCOUVER,2025-04-13,42,Winnipeg,WNPG,2025-04-15T00:29:45Z,2025-04-15T00:30:00Z,ARR,goo,0.0
1 (04-13),True,False,TORONTO,VANCOUVER,2025-04-13,43,Portage La Prairie,PLPX,2025-04-15T04:38:32Z,2025-04-15T04:04:00Z,ARR,bad,34.0
1 (04-13),True,False,TORONTO,VANCOUVER,2025-04-13,44,Rivers,RVRS,2025-04-15T07:10:52Z,2025-04-15T06:31:00Z,ARR,bad,39.0
1 (04-13),True,False,TORONTO,VANCOUVER,2025-04-13,45,Melville,MELV,2025-04-15T11:39:57Z,2025-04-15T10:54:00Z,ARR,bad,45.0
1 (04-13),True,False,TORONTO,VANCOUVER,2025-04-13,46,Watrous,WATR,2025-04-15T15:12:48Z,2025-04-15T13:54:00Z,ARR,bad,78.0
1 (04-13),True,False,TORONTO,VANCOUVER,2025-04-13,47,Saskatoon,SASK,2025-04-15T16:27:36Z,2025-04-15T15:50:00Z,ARR,bad,37.0
1 (04-13),True,False,TORONTO,VANCOUVER,2025-04-13,48,Biggar,BIGG,2025-04-15T19:53:39Z,2025-04-15T18:29:00Z,ARR,bad,84.0
1 (04-13),True,False,TORONTO,VANCOUVER,2025-04-13,49,Unity,UNIT,2025-04-15T20:56:54Z,2025-04-15T19:44:00Z,ARR,bad,72.0
1 (04-13),True,False,TORONTO,VANCOUVER,2025-04-13,50,Wainwright,WAIN,2025-04-15T22:36:48Z,2025-04-15T22:33:00Z,ARR,goo,3.0
1 (04-13),True,False,TORONTO,VANCOUVER,2025-04-13,51,Viking,VKNG,2025-04-15T23:50:47Z,2025-04-15T23:26:00Z,ARR,bad,24.0
1 (04-13),True,False,TORONTO,VANCOUVER,2025-04-13,52,Edmonton,EDMO,2025-04-16T02:29:39Z,2025-04-16T02:50:00Z,ARR,goo,-20.0
1 (04-13),True,False,TORONTO,VANCOUVER,2025-04-13,53,Evansburg,EVAN,2025-04-16T07:08:00Z,2025-04-16T07:29:00Z,3h13,goo,-21.0
1 (04-13),True,False,TORONTO,VANCOUVER,2025-04-13,54,Edson,EDSN,2025-04-16T08:52:00Z,2025-04-16T08:52:00Z,4h57,goo,0.0
1 (04-13),True,False,TORONTO,VANCOUVER,2025-04-13,55,Hinton,HINT,&mdash;,2025-04-16T09:58:00Z,&mdash;,,
1 (04-13),True,False,TORONTO,VANCOUVER,2025-04-13,56,Jasper,JASP,&mdash;,2025-04-16T12:30:00Z,&mdash;,,
1 (04-13),True,False,TORONTO,VANCOUVER,2025-04-13,57,Valemount,VLMT,&mdash;,2025-04-16T17:50:00Z,&mdash;,,
693 (04-13),True,True,WINNIPEG,CHURCHILL,2025-04-13,0,Portage La Prairie,PLPX,2025-04-13T18:49:04Z,2025-04-13T18:15:00Z,ARR,bad,34.0
693 (04-13),True,True,WINNIPEG,CHURCHILL,2025-04-13,1,Gladstone,GSTO,2025-04-13T19:49:11Z,2025-04-13T19:07:00Z,ARR,bad,42.0
693 (04-13),True,True,WINNIPEG,CHURCHILL,2025-04-13,2,Plumas,PLUM,2025-04-13T20:24:06Z,2025-04-13T19:44:00Z,ARR,bad,40.0
693 (04-13),True,True,WINNIPEG,CHURCHILL,2025-04-13,3,Glenella,GLNA,2025-04-13T21:17:11Z,2025-04-13T20:16:00Z,ARR,bad,61.0
693 (04-13),True,True,WINNIPEG,CHURCHILL,2025-04-13,4,Mccreary,MCCR,2025-04-13T21:56:29Z,2025-04-13T20:57:00Z,ARR,bad,59.0
693 (04-13),True,True,WINNIPEG,CHURCHILL,2025-04-13,5,Laurier,LRIE,2025-04-13T22:10:48Z,2025-04-13T21:15:00Z,ARR,bad,55.0
693 (04-13),True,True,WINNIPEG,CHURCHILL,2025-04-13,6,Ochre River,OCHR,2025-04-13T22:29:03Z,2025-04-13T21:36:00Z,ARR,bad,53.0
693 (04-13),True,True,WINNIPEG,CHURCHILL,2025-04-13,7,Dauphin,DAUP,2025-04-13T22:47:47Z,2025-04-13T21:56:00Z,ARR,bad,51.0
693 (04-13),True,True,WINNIPEG,CHURCHILL,2025-04-13,8,Gilbert Plains,GLBP,2025-04-13T23:44:49Z,2025-04-13T22:44:00Z,ARR,bad,60.0
693 (04-13),True,True,WINNIPEG,CHURCHILL,2025-04-13,9,Grandview,GVIE,2025-04-14T00:03:07Z,2025-04-13T23:00:00Z,ARR,bad,63.0
693 (04-13),True,True,WINNIPEG,CHURCHILL,2025-04-13,10,Roblin,RBLN,2025-04-14T01:07:53Z,2025-04-13T23:55:00Z,ARR,bad,72.0
693 (04-13),True,True,WINNIPEG,CHURCHILL,2025-04-13,11,Togo,TOGO,2025-04-14T01:33:23Z,2025-04-14T00:22:00Z,ARR,bad,71.0
693 (04-13),True,True,WINNIPEG,CHURCHILL,2025-04-13,12,Kamsack,KAMS,2025-04-14T02:06:44Z,2025-04-14T00:59:00Z,ARR,bad,67.0
693 (04-13),True,True,WINNIPEG,CHURCHILL,2025-04-13,13,Veregin,VERE,2025-04-14T02:17:55Z,2025-04-14T01:12:00Z,ARR,bad,65.0
693 (04-13),True,True,WINNIPEG,CHURCHILL,2025-04-13,14,Mikado,MIKA,2025-04-14T02:29:05Z,2025-04-14T01:22:00Z,ARR,bad,67.0
693 (04-13),True,True,WINNIPEG,CHURCHILL,2025-04-13,15,Canora,CANO,2025-04-14T02:42:35Z,2025-04-14T01:36:00Z,ARR,bad,66.0
693 (04-13),True,True,WINNIPEG,CHURCHILL,2025-04-13,16,Sturgis,STGS,2025-04-14T03:48:18Z,2025-04-14T02:21:00Z,ARR,bad,87.0
693 (04-13),True,True,WINNIPEG,CHURCHILL,2025-04-13,17,Endeavour,ENDV,2025-04-14T04:22:06Z,2025-04-14T02:54:00Z,ARR,bad,88.0
693 (04-13),True,True,WINNIPEG,CHURCHILL,2025-04-13,18,Reserve,RSRV,2025-04-14T05:12:50Z,2025-04-14T03:34:00Z,ARR,bad,98.0
693 (04-13),True,True,WINNIPEG,CHURCHILL,2025-04-13,19,Hudson Bay,HBAY,2025-04-14T06:02:01Z,2025-04-14T04:32:00Z,ARR,bad,90.0
693 (04-13),True,True,WINNIPEG,CHURCHILL,2025-04-13,20,The Pas,TPAS,2025-04-14T08:59:25Z,2025-04-14T06:45:00Z,ARR,bad,134.0
693 (04-13),True,True,WINNIPEG,CHURCHILL,2025-04-13,21,Orok,OROK,2025-04-14T09:43:30Z,2025-04-14T08:07:00Z,ARR,bad,96.0
693 (04-13),True,True,WINNIPEG,CHURCHILL,2025-04-13,22,Halcrow,HALC,2025-04-14T10:33:50Z,2025-04-14T09:01:00Z,ARR,bad,92.0
693 (04-13),True,True,WINNIPEG,CHURCHILL,2025-04-13,23,Cormorant,CORM,2025-04-14T10:44:50Z,2025-04-14T09:12:00Z,ARR,bad,92.0
693 (04-13),True,True,WINNIPEG,CHURCHILL,2025-04-13,24,Dering,DERI,2025-04-14T10:52:50Z,2025-04-14T09:20:00Z,ARR,bad,92.0
693 (04-13),True,True,WINNIPEG,CHURCHILL,2025-04-13,25,Dyce,DYCE,2025-04-14T11:21:47Z,2025-04-14T09:59:00Z,ARR,bad,82.0
693 (04-13),True,True,WINNIPEG,CHURCHILL,2025-04-13,26,Wekusko,WEKU,2025-04-14T12:03:24Z,2025-04-14T10:43:00Z,ARR,bad,80.0
693 (04-13),True,True,WINNIPEG,CHURCHILL,2025-04-13,27,Turnbull,TURN,2025-04-14T12:27:52Z,2025-04-14T11:10:00Z,ARR,bad,77.0
693 (04-13),True,True,WINNIPEG,CHURCHILL,2025-04-13,28,Ponton,PNTN,2025-04-14T12:55:35Z,2025-04-14T11:42:00Z,ARR,bad,73.0
693 (04-13),True,True,WINNIPEG,CHURCHILL,2025-04-13,29,Pipun,PIPN,2025-04-14T13:42:06Z,2025-04-14T12:25:00Z,ARR,bad,77.0
693 (04-13),True,True,WINNIPEG,CHURCHILL,2025-04-13,30,Wabowden,WBDN,2025-04-14T13:56:15Z,2025-04-14T12:48:00Z,ARR,bad,68.0
693 (04-13),True,True,WINNIPEG,CHURCHILL,2025-04-13,31,Lyddal,LYDD,2025-04-14T14:22:01Z,2025-04-14T13:16:00Z,ARR,bad,66.0
693 (04-13),True,True,WINNIPEG,CHURCHILL,2025-04-13,32,Odhill,ODHI,2025-04-14T14:40:29Z,2025-04-14T13:38:00Z,ARR,bad,62.0
693 (04-13),True,True,WINNIPEG,CHURCHILL,2025-04-13,33,Hockin,HOCK,2025-04-14T15:20:07Z,2025-04-14T14:22:00Z,ARR,bad,58.0
693 (04-13),True,True,WINNIPEG,CHURCHILL,2025-04-13,34,Thicket Portage,THKP,2025-04-14T15:35:07Z,2025-04-14T14:37:00Z,ARR,bad,58.0
693 (04-13),True,True,WINNIPEG,CHURCHILL,2025-04-13,35,Leven,LEVN,2025-04-14T15:52:07Z,2025-04-14T14:54:00Z,ARR,bad,58.0
693 (04-13),True,True,WINNIPEG,CHURCHILL,2025-04-13,36,Thompson,THOM,2025-04-14T19:16:01Z,2025-04-14T17:00:00Z,ARR,bad,136.0
693 (04-13),True,True,WINNIPEG,CHURCHILL,2025-04-13,37,Sipiwesk,SIPI,2025-04-14T23:22:24Z,2025-04-14T23:35:00Z,ARR,goo,-12.0
693 (04-13),True,True,WINNIPEG,CHURCHILL,2025-04-13,38,Pikwitonei,PIKW,2025-04-15T00:02:00Z,2025-04-15T00:02:00Z,ARR,goo,0.0
693 (04-13),True,True,WINNIPEG,CHURCHILL,2025-04-13,39,Bridgar,BRGR,2025-04-15T00:11:34Z,2025-04-15T00:13:00Z,ARR,goo,-1.0
693 (04-13),True,True,WINNIPEG,CHURCHILL,2025-04-13,40,Pit Siding,PITS,2025-04-15T01:32:52Z,2025-04-15T01:35:00Z,ARR,goo,-2.0
693 (04-13),True,True,WINNIPEG,CHURCHILL,2025-04-13,41,Ilford,ILFO,2025-04-15T02:37:15Z,2025-04-15T02:36:00Z,ARR,goo,1.0
693 (04-13),True,True,WINNIPEG,CHURCHILL,2025-04-13,42,Wivenhoe,WVHO,2025-04-15T03:37:00Z,2025-04-15T03:13:00Z,ARR,bad,24.0
693 (04-13),True,True,WINNIPEG,CHURCHILL,2025-04-13,43,Gillam,GILL,2025-04-15T04:22:15Z,2025-04-15T04:00:01Z,ARR,bad,22.0
693 (04-13),True,True,WINNIPEG,CHURCHILL,2025-04-13,44,Bird,BIRD,2025-04-15T05:18:16Z,2025-04-15T05:29:00Z,ARR,goo,-10.0
693 (04-13),True,True,WINNIPEG,CHURCHILL,2025-04-13,45,Amery,AMRY,2025-04-15T05:43:34Z,2025-04-15T05:52:00Z,ARR,goo,-8.0
693 (04-13),True,True,WINNIPEG,CHURCHILL,2025-04-13,46,Weir River,WEIR,2025-04-15T06:41:20Z,2025-04-15T06:43:00Z,ARR,goo,-1.0
693 (04-13),True,True,WINNIPEG,CHURCHILL,2025-04-13,47,Thibaudeau,THIB,2025-04-15T07:26:06Z,2025-04-15T08:00:00Z,ARR,goo,-33.0
693 (04-13),True,True,WINNIPEG,CHURCHILL,2025-04-13,48,Herchmer,HERC,2025-04-15T08:20:54Z,2025-04-15T09:26:00Z,ARR,goo,-65.0
693 (04-13),True,True,WINNIPEG,CHURCHILL,2025-04-13,49,O'Day,ODAY,2025-04-15T08:55:03Z,2025-04-15T10:05:00Z,ARR,goo,-69.0
693 (04-13),True,True,WINNIPEG,CHURCHILL,2025-04-13,50,M'Clintock,MCLI,2025-04-15T09:26:27Z,2025-04-15T10:50:00Z,ARR,goo,-83.0
693 (04-13),True,True,WINNIPEG,CHURCHILL,2025-04-13,51,Chesnaye,CHES,2025-04-15T10:28:14Z,2025-04-15T12:06:00Z,ARR,goo,-97.0
693 (04-13),True,True,WINNIPEG,CHURCHILL,2025-04-13,52,Tidal,TIDL,2025-04-15T11:32:08Z,2025-04-15T13:37:00Z,ARR,goo,-124.0
693 (04-13),True,True,WINNIPEG,CHURCHILL,2025-04-13,53,Churchill,CHUR,2025-04-15T12:15:38Z,2025-04-15T14:00:00Z,ARR,goo,-104.0
2 (04-14),True,False,VANCOUVER,TORONTO,2025-04-14,0,Vancouver,VCVR,2025-04-14T22:06:00Z,2025-04-14T22:00:00Z,ARR,med,6.0
2 (04-14),True,False,VANCOUVER,TORONTO,2025-04-14,1,Mission Harbour,MSNH,2025-04-14T23:48:06Z,2025-04-14T23:35:00Z,ARR,med,13.0
2 (04-14),True,False,VANCOUVER,TORONTO,2025-04-14,2,Agassiz,AGAS,2025-04-15T00:32:35Z,2025-04-15T00:03:00Z,ARR,bad,29.0
2 (04-14),True,False,VANCOUVER,TORONTO,2025-04-14,3,Katz,KATZ,2025-04-15T01:07:11Z,2025-04-15T00:17:00Z,ARR,bad,50.0
2 (04-14),True,False,VANCOUVER,TORONTO,2025-04-14,4,North Bend,NBND,2025-04-15T02:54:49Z,2025-04-15T02:46:00Z,ARR,med,8.0
2 (04-14),True,False,VANCOUVER,TORONTO,2025-04-14,5,Ashcroft,ASHN,2025-04-15T06:12:28Z,2025-04-15T05:32:00Z,ARR,bad,40.0
2 (04-14),True,False,VANCOUVER,TORONTO,2025-04-14,6,Kamloops North,KAMN,2025-04-15T08:13:41Z,2025-04-15T07:17:00Z,ARR,bad,56.0
2 (04-14),True,False,VANCOUVER,TORONTO,2025-04-14,7,Clearwater,CLWT,2025-04-15T10:52:10Z,2025-04-15T09:58:00Z,ARR,bad,54.0
2 (04-14),True,False,VANCOUVER,TORONTO,2025-04-14,8,Blue River,BLUE,2025-04-15T13:02:09Z,2025-04-15T12:11:00Z,ARR,bad,51.0
2 (04-14),True,False,VANCOUVER,TORONTO,2025-04-14,9,Valemount,VLMT,2025-04-15T15:12:47Z,2025-04-15T14:01:00Z,ARR,bad,71.0
2 (04-14),True,False,VANCOUVER,TORONTO,2025-04-14,10,Jasper,JASP,2025-04-15T17:49:17Z,2025-04-15T17:00:00Z,ARR,bad,49.0
2 (04-14),True,False,VANCOUVER,TORONTO,2025-04-14,11,Hinton,HINT,2025-04-15T21:10:57Z,2025-04-15T19:45:00Z,ARR,bad,85.0
2 (04-14),True,False,VANCOUVER,TORONTO,2025-04-14,12,Edson,EDSN,2025-04-16T00:11:08Z,2025-04-15T21:19:00Z,ARR,bad,172.0
2 (04-14),True,False,VANCOUVER,TORONTO,2025-04-14,13,Evansburg,EVAN,2025-04-16T01:56:29Z,2025-04-15T22:28:00Z,ARR,bad,208.0
2 (04-14),True,False,VANCOUVER,TORONTO,2025-04-14,14,Edmonton,EDMO,2025-04-16T04:22:16Z,2025-04-16T00:50:00Z,27 mins,bad,212.0
2 (04-14),True,False,VANCOUVER,TORONTO,2025-04-14,15,Viking,VKNG,2025-04-16T07:25:16Z,2025-04-16T03:53:00Z,3h30,bad,212.0
2 (04-14),True,False,VANCOUVER,TORONTO,2025-04-14,16,Wainwright,WAIN,&mdash;,2025-04-16T06:14:00Z,&mdash;,,
2 (04-14),True,False,VANCOUVER,TORONTO,2025-04-14,17,Unity,UNIT,&mdash;,2025-04-16T07:47:00Z,&mdash;,,
2 (04-14),True,False,VANCOUVER,TORONTO,2025-04-14,18,Biggar,BIGG,&mdash;,2025-04-16T09:21:00Z,&mdash;,,
2 (04-14),True,False,VANCOUVER,TORONTO,2025-04-14,19,Saskatoon,SASK,&mdash;,2025-04-16T11:57:00Z,&mdash;,,
2 (04-14),True,False,VANCOUVER,TORONTO,2025-04-14,20,Watrous,WATR,&mdash;,2025-04-16T14:26:00Z,&mdash;,,
693 (04-15),True,False,WINNIPEG,CHURCHILL,2025-04-15,0,Portage La Prairie,PLPX,2025-04-15T18:45:42Z,2025-04-15T18:15:00Z,ARR,bad,30.0
693 (04-15),True,False,WINNIPEG,CHURCHILL,2025-04-15,1,Gladstone,GSTO,2025-04-15T19:28:53Z,2025-04-15T19:07:00Z,ARR,bad,21.0
693 (04-15),True,False,WINNIPEG,CHURCHILL,2025-04-15,2,Plumas,PLUM,2025-04-15T20:03:55Z,2025-04-15T19:44:00Z,ARR,bad,19.0
693 (04-15),True,False,WINNIPEG,CHURCHILL,2025-04-15,3,Glenella,GLNA,2025-04-15T20:29:29Z,2025-04-15T20:16:00Z,ARR,med,13.0
693 (04-15),True,False,WINNIPEG,CHURCHILL,2025-04-15,4,Mccreary,MCCR,2025-04-15T21:09:29Z,2025-04-15T20:57:00Z,ARR,med,12.0
693 (04-15),True,False,WINNIPEG,CHURCHILL,2025-04-15,5,Laurier,LRIE,2025-04-15T21:25:22Z,2025-04-15T21:15:00Z,ARR,med,10.0
693 (04-15),True,False,WINNIPEG,CHURCHILL,2025-04-15,6,Ochre River,OCHR,2025-04-15T21:48:06Z,2025-04-15T21:36:00Z,ARR,med,12.0
693 (04-15),True,False,WINNIPEG,CHURCHILL,2025-04-15,7,Dauphin,DAUP,2025-04-15T22:09:46Z,2025-04-15T21:56:00Z,ARR,med,13.0
693 (04-15),True,False,WINNIPEG,CHURCHILL,2025-04-15,8,Gilbert Plains,GLBP,2025-04-15T22:54:54Z,2025-04-15T22:44:00Z,ARR,med,10.0
693 (04-15),True,False,WINNIPEG,CHURCHILL,2025-04-15,9,Grandview,GVIE,2025-04-15T23:13:18Z,2025-04-15T23:00:00Z,ARR,med,13.0
693 (04-15),True,False,WINNIPEG,CHURCHILL,2025-04-15,10,Roblin,RBLN,2025-04-16T00:19:49Z,2025-04-15T23:55:00Z,ARR,bad,24.0
693 (04-15),True,False,WINNIPEG,CHURCHILL,2025-04-15,11,Togo,TOGO,2025-04-16T00:45:10Z,2025-04-16T00:22:00Z,ARR,bad,23.0
693 (04-15),True,False,WINNIPEG,CHURCHILL,2025-04-15,12,Kamsack,KAMS,2025-04-16T01:17:54Z,2025-04-16T00:59:00Z,ARR,bad,18.0
693 (04-15),True,False,WINNIPEG,CHURCHILL,2025-04-15,13,Veregin,VERE,2025-04-16T01:28:35Z,2025-04-16T01:12:00Z,ARR,bad,16.0
693 (04-15),True,False,WINNIPEG,CHURCHILL,2025-04-15,14,Mikado,MIKA,2025-04-16T01:39:36Z,2025-04-16T01:22:00Z,ARR,bad,17.0
693 (04-15),True,False,WINNIPEG,CHURCHILL,2025-04-15,15,Canora,CANO,2025-04-16T01:50:57Z,2025-04-16T01:36:00Z,ARR,med,14.0
693 (04-15),True,False,WINNIPEG,CHURCHILL,2025-04-15,16,Sturgis,STGS,2025-04-16T02:58:25Z,2025-04-16T02:21:00Z,ARR,bad,37.0
693 (04-15),True,False,WINNIPEG,CHURCHILL,2025-04-15,17,Endeavour,ENDV,2025-04-16T03:30:02Z,2025-04-16T02:54:00Z,ARR,bad,36.0
693 (04-15),True,False,WINNIPEG,CHURCHILL,2025-04-15,18,Reserve,RSRV,2025-04-16T04:09:20Z,2025-04-16T03:34:00Z,14 mins,bad,35.0
693 (04-15),True,False,WINNIPEG,CHURCHILL,2025-04-15,19,Hudson Bay,HBAY,2025-04-16T05:07:20Z,2025-04-16T04:32:00Z,1h12,bad,35.0
693 (04-15),True,False,WINNIPEG,CHURCHILL,2025-04-15,20,The Pas,TPAS,2025-04-16T07:20:20Z,2025-04-16T06:45:00Z,3h25,bad,35.0
693 (04-15),True,False,WINNIPEG,CHURCHILL,2025-04-15,21,Orok,OROK,2025-04-16T08:42:20Z,2025-04-16T08:07:00Z,4h47,bad,35.0
693 (04-15),True,False,WINNIPEG,CHURCHILL,2025-04-15,22,Halcrow,HALC,2025-04-16T09:36:20Z,2025-04-16T09:01:00Z,5h41,bad,35.0
693 (04-15),True,False,WINNIPEG,CHURCHILL,2025-04-15,23,Cormorant,CORM,2025-04-16T09:47:20Z,2025-04-16T09:12:00Z,5h52,bad,35.0
693 (04-15),True,False,WINNIPEG,CHURCHILL,2025-04-15,24,Dering,DERI,2025-04-16T09:55:20Z,2025-04-16T09:20:00Z,6h00,bad,35.0
693 (04-15),True,False,WINNIPEG,CHURCHILL,2025-04-15,25,Dyce,DYCE,2025-04-16T10:34:20Z,2025-04-16T09:59:00Z,6h39,bad,35.0
693 (04-15),True,False,WINNIPEG,CHURCHILL,2025-04-15,26,Wekusko,WEKU,2025-04-16T11:18:20Z,2025-04-16T10:43:00Z,7h23,bad,35.0
693 (04-15),True,False,WINNIPEG,CHURCHILL,2025-04-15,27,Turnbull,TURN,2025-04-16T11:45:20Z,2025-04-16T11:10:00Z,7h50,bad,35.0
693 (04-15),True,False,WINNIPEG,CHURCHILL,2025-04-15,28,Ponton,PNTN,2025-04-16T12:17:20Z,2025-04-16T11:42:00Z,8h22,bad,35.0
693 (04-15),True,False,WINNIPEG,CHURCHILL,2025-04-15,29,Pipun,PIPN,2025-04-16T13:00:20Z,2025-04-16T12:25:00Z,9h05,bad,35.0
693 (04-15),True,False,WINNIPEG,CHURCHILL,2025-04-15,30,Wabowden,WBDN,2025-04-16T13:23:20Z,2025-04-16T12:48:00Z,9h28,bad,35.0
693 (04-15),True,False,WINNIPEG,CHURCHILL,2025-04-15,31,Lyddal,LYDD,2025-04-16T13:51:20Z,2025-04-16T13:16:00Z,9h56,bad,35.0
693 (04-15),True,False,WINNIPEG,CHURCHILL,2025-04-15,32,Odhill,ODHI,2025-04-16T14:13:20Z,2025-04-16T13:38:00Z,10h18,bad,35.0
693 (04-15),True,False,WINNIPEG,CHURCHILL,2025-04-15,33,Hockin,HOCK,2025-04-16T14:57:20Z,2025-04-16T14:22:00Z,11h02,bad,35.0
693 (04-15),True,False,WINNIPEG,CHURCHILL,2025-04-15,34,Thicket Portage,THKP,2025-04-16T15:12:20Z,2025-04-16T14:37:00Z,11h17,bad,35.0
693 (04-15),True,False,WINNIPEG,CHURCHILL,2025-04-15,35,Leven,LEVN,2025-04-16T15:29:20Z,2025-04-16T14:54:00Z,11h34,bad,35.0
693 (04-15),True,False,WINNIPEG,CHURCHILL,2025-04-15,36,Thompson,THOM,2025-04-16T17:35:20Z,2025-04-16T17:00:00Z,13h40,bad,35.0
52,True,True,TORONTO,OTTAWA,2025-04-15,0,Toronto,TRTO,2025-04-15T12:32:00Z,2025-04-15T12:32:00Z,ARR,goo,0.0
52,True,True,TORONTO,OTTAWA,2025-04-15,1,Guildwood,GUIL,2025-04-15T12:54:43Z,2025-04-15T12:50:00Z,ARR,goo,4.0
52,True,True,TORONTO,OTTAWA,2025-04-15,2,Oshawa,OSHA,2025-04-15T13:20:56Z,2025-04-15T13:09:00Z,ARR,med,11.0
52,True,True,TORONTO,OTTAWA,2025-04-15,3,Cobourg,CBRG,2025-04-15T13:57:07Z,2025-04-15T13:44:00Z,ARR,med,13.0
52,True,True,TORONTO,OTTAWA,2025-04-15,4,Belleville,BLVL,2025-04-15T14:32:13Z,2025-04-15T14:20:00Z,ARR,med,12.0
52,True,True,TORONTO,OTTAWA,2025-04-15,5,Kingston,KGON,2025-04-15T15:12:16Z,2025-04-15T15:00:00Z,ARR,med,12.0
52,True,True,TORONTO,OTTAWA,2025-04-15,6,Brockville,BRKV,2025-04-15T16:24:36Z,2025-04-15T15:57:00Z,ARR,bad,27.0
52,True,True,TORONTO,OTTAWA,2025-04-15,7,Smiths Falls,SMTF,2025-04-15T17:32:35Z,2025-04-15T16:35:00Z,ARR,bad,57.0
52,True,True,TORONTO,OTTAWA,2025-04-15,8,Fallowfield,FALL,2025-04-15T17:52:04Z,2025-04-15T17:11:00Z,ARR,bad,41.0
52,True,True,TORONTO,OTTAWA,2025-04-15,9,Ottawa,OTTW,2025-04-15T18:10:31Z,2025-04-15T17:32:00Z,ARR,bad,38.0
50,True,True,TORONTO,OTTAWA,2025-04-15,0,Toronto,TRTO,2025-04-15T10:32:07Z,2025-04-15T10:32:00Z,ARR,goo,0.0
50,True,True,TORONTO,OTTAWA,2025-04-15,1,Guildwood,GUIL,2025-04-15T10:49:21Z,2025-04-15T10:50:00Z,ARR,goo,0.0
50,True,True,TORONTO,OTTAWA,2025-04-15,2,Oshawa,OSHA,2025-04-15T11:11:23Z,2025-04-15T11:08:00Z,ARR,goo,3.0
50,True,True,TORONTO,OTTAWA,2025-04-15,3,Cobourg,CBRG,2025-04-15T11:47:33Z,2025-04-15T11:43:00Z,ARR,goo,4.0
50,True,True,TORONTO,OTTAWA,2025-04-15,4,Belleville,BLVL,2025-04-15T12:23:26Z,2025-04-15T12:18:00Z,ARR,med,5.0
50,True,True,TORONTO,OTTAWA,2025-04-15,5,Kingston,KGON,2025-04-15T13:01:49Z,2025-04-15T12:57:00Z,ARR,goo,4.0
50,True,True,TORONTO,OTTAWA,2025-04-15,6,Brockville,BRKV,2025-04-15T14:10:07Z,2025-04-15T13:54:00Z,ARR,bad,16.0
50,True,True,TORONTO,OTTAWA,2025-04-15,7,Smiths Falls,SMTF,2025-04-15T14:30:50Z,2025-04-15T14:29:00Z,ARR,goo,1.0
50,True,True,TORONTO,OTTAWA,2025-04-15,8,Fallowfield,FALL,2025-04-15T15:11:31Z,2025-04-15T15:01:00Z,ARR,med,10.0
50,True,True,TORONTO,OTTAWA,2025-04-15,9,Ottawa,OTTW,2025-04-15T15:30:07Z,2025-04-15T15:21:00Z,ARR,med,9.0
47,True,True,OTTAWA,TORONTO,2025-04-15,0,Ottawa,OTTW,2025-04-15T16:23:25Z,2025-04-15T16:23:00Z,ARR,goo,0.0
47,True,True,OTTAWA,TORONTO,2025-04-15,1,Fallowfield,FALL,2025-04-15T16:39:08Z,2025-04-15T16:40:00Z,ARR,goo,0.0
47,True,True,OTTAWA,TORONTO,2025-04-15,2,Smiths Falls,SMTF,2025-04-15T17:53:00Z,2025-04-15T17:18:00Z,ARR,bad,35.0
47,True,True,OTTAWA,TORONTO,2025-04-15,3,Brockville,BRKV,2025-04-15T18:24:06Z,2025-04-15T17:54:00Z,ARR,bad,30.0
47,True,True,OTTAWA,TORONTO,2025-04-15,4,Gananoque,GANA,2025-04-15T18:49:34Z,2025-04-15T18:22:00Z,ARR,bad,27.0
47,True,True,OTTAWA,TORONTO,2025-04-15,5,Kingston,KGON,2025-04-15T19:11:00Z,2025-04-15T18:45:00Z,ARR,bad,26.0
47,True,True,OTTAWA,TORONTO,2025-04-15,6,Belleville,BLVL,2025-04-15T19:52:55Z,2025-04-15T19:26:00Z,ARR,bad,26.0
47,True,True,OTTAWA,TORONTO,2025-04-15,7,Oshawa,OSHA,2025-04-15T20:58:45Z,2025-04-15T20:33:00Z,ARR,bad,25.0
47,True,True,OTTAWA,TORONTO,2025-04-15,8,Guildwood,GUIL,2025-04-15T21:31:11Z,2025-04-15T20:58:00Z,ARR,bad,33.0
47,True,True,OTTAWA,TORONTO,2025-04-15,9,Toronto,TRTO,2025-04-15T21:56:23Z,2025-04-15T21:30:00Z,ARR,bad,26.0
65,True,True,MONTRÉAL,TORONTO,2025-04-15,0,Montréal,MTRL,2025-04-15T14:49:00Z,2025-04-15T14:49:00Z,ARR,goo,0.0
65,True,True,MONTRÉAL,TORONTO,2025-04-15,1,Dorval,DORV,2025-04-15T15:12:13Z,2025-04-15T15:12:00Z,ARR,goo,0.0
65,True,True,MONTRÉAL,TORONTO,2025-04-15,2,Cornwall,CWLL,2025-04-15T16:14:26Z,2025-04-15T16:06:00Z,ARR,med,8.0
65,True,True,MONTRÉAL,TORONTO,2025-04-15,3,Kingston,KGON,2025-04-15T17:59:28Z,2025-04-15T17:36:00Z,ARR,bad,23.0
65,True,True,MONTRÉAL,TORONTO,2025-04-15,4,Belleville,BLVL,2025-04-15T18:38:51Z,2025-04-15T18:20:00Z,ARR,bad,18.0
65,True,True,MONTRÉAL,TORONTO,2025-04-15,5,Cobourg,CBRG,2025-04-15T19:12:25Z,2025-04-15T18:58:00Z,ARR,med,14.0
65,True,True,MONTRÉAL,TORONTO,2025-04-15,6,Oshawa,OSHA,2025-04-15T19:50:55Z,2025-04-15T19:34:00Z,ARR,bad,16.0
65,True,True,MONTRÉAL,TORONTO,2025-04-15,7,Toronto,TRTO,2025-04-15T20:49:23Z,2025-04-15T20:18:00Z,ARR,bad,31.0
70,True,True,WINDSOR,TORONTO,2025-04-15,0,Windsor,WDON,2025-04-15T09:35:00Z,2025-04-15T09:35:00Z,ARR,goo,0.0
70,True,True,WINDSOR,TORONTO,2025-04-15,1,Chatham,CHAT,2025-04-15T10:18:28Z,2025-04-15T10:19:00Z,ARR,goo,0.0
70,True,True,WINDSOR,TORONTO,2025-04-15,2,London,LNDN,2025-04-15T11:29:22Z,2025-04-15T11:25:00Z,ARR,goo,4.0
70,True,True,WINDSOR,TORONTO,2025-04-15,3,Ingersoll,INGR,2025-04-15T12:10:59Z,2025-04-15T11:55:00Z,ARR,bad,15.0
70,True,True,WINDSOR,TORONTO,2025-04-15,4,Woodstock,WDST,2025-04-15T12:22:32Z,2025-04-15T12:08:00Z,ARR,med,14.0
70,True,True,WINDSOR,TORONTO,2025-04-15,5,Brantford,BRTF,2025-04-15T12:51:17Z,2025-04-15T12:44:00Z,ARR,med,7.0
70,True,True,WINDSOR,TORONTO,2025-04-15,6,Aldershot,ALDR,2025-04-15T13:38:39Z,2025-04-15T13:25:00Z,ARR,med,13.0
70,True,True,WINDSOR,TORONTO,2025-04-15,7,Oakville,OAKV,2025-04-15T13:55:05Z,2025-04-15T13:43:00Z,ARR,med,12.0
70,True,True,WINDSOR,TORONTO,2025-04-15,8,Toronto,TRTO,2025-04-15T14:21:38Z,2025-04-15T14:10:00Z,ARR,med,11.0
45,True,True,OTTAWA,TORONTO,2025-04-15,0,Ottawa,OTTW,2025-04-15T14:24:16Z,2025-04-15T14:24:00Z,ARR,goo,0.0
45,True,True,OTTAWA,TORONTO,2025-04-15,1,Fallowfield,FALL,2025-04-15T14:40:49Z,2025-04-15T14:40:00Z,ARR,goo,0.0
45,True,True,OTTAWA,TORONTO,2025-04-15,2,Kingston,KGON,2025-04-15T16:26:34Z,2025-04-15T16:26:00Z,ARR,goo,0.0
45,True,True,OTTAWA,TORONTO,2025-04-15,3,Toronto,TRTO,2025-04-15T19:02:40Z,2025-04-15T18:48:00Z,ARR,med,14.0
82,True,True,LONDON,TORONTO,2025-04-15,0,London,LNDN,2025-04-15T10:25:00Z,2025-04-15T10:25:00Z,ARR,goo,0.0
82,True,True,LONDON,TORONTO,2025-04-15,1,Woodstock,WDST,2025-04-15T11:39:03Z,2025-04-15T10:53:00Z,ARR,bad,46.0
82,True,True,LONDON,TORONTO,2025-04-15,2,Brantford,BRTF,2025-04-15T12:24:34Z,2025-04-15T11:23:00Z,ARR,bad,61.0
82,True,True,LONDON,TORONTO,2025-04-15,3,Toronto,TRTO,2025-04-15T13:25:27Z,2025-04-15T12:35:00Z,ARR,bad,50.0
600,True,True,JONQUIÈRE,MONTRÉAL,2025-04-15,0,Jonquière,JONQ,2025-04-15T12:58:00Z,2025-04-15T12:58:00Z,ARR,goo,0.0
600,True,True,JONQUIÈRE,MONTRÉAL,2025-04-15,1,Hébertville,HEBV,2025-04-15T13:41:49Z,2025-04-15T13:32:00Z,ARR,med,9.0
600,True,True,JONQUIÈRE,MONTRÉAL,2025-04-15,2,Chambord,CHBD,2025-04-15T14:20:46Z,2025-04-15T14:09:00Z,ARR,med,11.0
600,True,True,JONQUIÈRE,MONTRÉAL,2025-04-15,3,Lac-Bouchette,LBOU,2025-04-15T15:01:09Z,2025-04-15T14:47:00Z,ARR,med,14.0
600,True,True,JONQUIÈRE,MONTRÉAL,2025-04-15,4,Club Lizotte,LIZO,2025-04-15T15:23:38Z,2025-04-15T15:12:00Z,ARR,med,11.0
600,True,True,JONQUIÈRE,MONTRÉAL,2025-04-15,5,Kondiaronk,KOND,2025-04-15T15:35:59Z,2025-04-15T15:25:00Z,ARR,med,10.0
600,True,True,JONQUIÈRE,MONTRÉAL,2025-04-15,6,Lac Des Roches,LDES,2025-04-15T15:38:23Z,2025-04-15T15:28:00Z,ARR,med,10.0
600,True,True,JONQUIÈRE,MONTRÉAL,2025-04-15,7,Van Bruyssel,VBRU,2025-04-15T15:47:36Z,2025-04-15T15:38:00Z,ARR,med,9.0
600,True,True,JONQUIÈRE,MONTRÉAL,2025-04-15,8,Kiskissink,KISK,2025-04-15T15:48:50Z,2025-04-15T15:39:14Z,ARR,med,9.0
600,True,True,JONQUIÈRE,MONTRÉAL,2025-04-15,9,Brooks,BRQU,2025-04-15T16:00:36Z,2025-04-15T15:51:00Z,ARR,med,9.0
600,True,True,JONQUIÈRE,MONTRÉAL,2025-04-15,10,Summit,SMQU,2025-04-15T16:11:36Z,2025-04-15T16:02:00Z,ARR,med,9.0
600,True,True,JONQUIÈRE,MONTRÉAL,2025-04-15,11,Club Sommet,SMMC,2025-04-15T16:12:42Z,2025-04-15T16:03:06Z,ARR,med,9.0
600,True,True,JONQUIÈRE,MONTRÉAL,2025-04-15,12,Club Grégoire,GRGC,2025-04-15T16:16:36Z,2025-04-15T16:07:00Z,ARR,med,9.0
600,True,True,JONQUIÈRE,MONTRÉAL,2025-04-15,13,Caribou,CARI,2025-04-15T16:23:36Z,2025-04-15T16:14:00Z,ARR,med,9.0
600,True,True,JONQUIÈRE,MONTRÉAL,2025-04-15,14,Cherokee,CHER,2025-04-15T16:25:36Z,2025-04-15T16:16:00Z,ARR,med,9.0
600,True,True,JONQUIÈRE,MONTRÉAL,2025-04-15,15,Lac-Édouard,LEDW,2025-04-15T16:38:36Z,2025-04-15T16:29:00Z,ARR,med,9.0
600,True,True,JONQUIÈRE,MONTRÉAL,2025-04-15,16,Club Triton,TRTC,2025-04-15T16:51:36Z,2025-04-15T16:42:00Z,ARR,med,9.0
600,True,True,JONQUIÈRE,MONTRÉAL,2025-04-15,17,Club Nicole,NCLC,2025-04-15T16:59:36Z,2025-04-15T16:50:00Z,ARR,med,9.0
600,True,True,JONQUIÈRE,MONTRÉAL,2025-04-15,18,Hirondelle,HRDL,2025-04-15T17:05:36Z,2025-04-15T16:56:00Z,ARR,med,9.0
600,True,True,JONQUIÈRE,MONTRÉAL,2025-04-15,19,Pearl Lake,PRLL,2025-04-15T17:08:50Z,2025-04-15T16:59:14Z,ARR,med,9.0
600,True,True,JONQUIÈRE,MONTRÉAL,2025-04-15,20,Sanford,SANF,2025-04-15T17:19:36Z,2025-04-15T17:10:00Z,ARR,med,9.0
600,True,True,JONQUIÈRE,MONTRÉAL,2025-04-15,21,Stadacona,STAD,2025-04-15T17:27:36Z,2025-04-15T17:18:00Z,ARR,med,9.0
600,True,True,JONQUIÈRE,MONTRÉAL,2025-04-15,22,Club Iroquois,IRQC,2025-04-15T17:31:36Z,2025-04-15T17:22:00Z,ARR,med,9.0
600,True,True,JONQUIÈRE,MONTRÉAL,2025-04-15,23,Lac Malouin,LMAL,2025-04-15T17:35:36Z,2025-04-15T17:26:00Z,ARR,med,9.0
600,True,True,JONQUIÈRE,MONTRÉAL,2025-04-15,24,Bima,BIMA,2025-04-15T17:37:36Z,2025-04-15T17:28:00Z,ARR,med,9.0
600,True,True,JONQUIÈRE,MONTRÉAL,2025-04-15,25,Saint-Hilaire,SHPN,2025-04-15T17:40:36Z,2025-04-15T17:31:00Z,ARR,med,9.0
600,True,True,JONQUIÈRE,MONTRÉAL,2025-04-15,26,Pont Beaudet,PBDT,2025-04-15T17:42:36Z,2025-04-15T17:33:00Z,ARR,med,9.0
600,True,True,JONQUIÈRE,MONTRÉAL,2025-04-15,27,Falrie,FALR,2025-04-15T17:45:36Z,2025-04-15T17:36:00Z,ARR,med,9.0
600,True,True,JONQUIÈRE,MONTRÉAL,2025-04-15,28,Club Jacques-Cartier,JACC,2025-04-15T17:48:36Z,2025-04-15T17:39:00Z,ARR,med,9.0
600,True,True,JONQUIÈRE,MONTRÉAL,2025-04-15,29,Miquick,MIQK,2025-04-15T18:02:36Z,2025-04-15T17:53:00Z,ARR,med,9.0
600,True,True,JONQUIÈRE,MONTRÉAL,2025-04-15,30,Rivière-À-Pierre,RAPX,2025-04-15T18:37:36Z,2025-04-15T18:28:00Z,ARR,med,9.0
600,True,True,JONQUIÈRE,MONTRÉAL,2025-04-15,31,Rousseau,ROUS,2025-04-15T18:42:20Z,2025-04-15T18:49:00Z,ARR,goo,-6.0
600,True,True,JONQUIÈRE,MONTRÉAL,2025-04-15,32,Hervey,HERV,2025-04-15T19:08:12Z,2025-04-15T19:20:00Z,ARR,goo,-11.0
600,True,True,JONQUIÈRE,MONTRÉAL,2025-04-15,33,Saint-Tite,STIT,2025-04-15T20:23:55Z,2025-04-15T19:48:00Z,ARR,bad,35.0
600,True,True,JONQUIÈRE,MONTRÉAL,2025-04-15,34,Garneau,GARN,2025-04-15T20:40:13Z,2025-04-15T20:02:00Z,ARR,bad,38.0
600,True,True,JONQUIÈRE,MONTRÉAL,2025-04-15,35,Grand-Mère,GMRE,2025-04-15T22:19:37Z,2025-04-15T20:15:00Z,ARR,bad,124.0
600,True,True,JONQUIÈRE,MONTRÉAL,2025-04-15,36,Shawinigan,SHWN,2025-04-15T22:27:09Z,2025-04-15T20:23:00Z,ARR,bad,124.0
600,True,True,JONQUIÈRE,MONTRÉAL,2025-04-15,37,Charette,CHRT,2025-04-15T22:47:44Z,2025-04-15T20:46:00Z,ARR,bad,121.0
600,True,True,JONQUIÈRE,MONTRÉAL,2025-04-15,38,St-Paulin,SPAU,2025-04-15T23:36:18Z,2025-04-15T20:55:00Z,ARR,bad,161.0
600,True,True,JONQUIÈRE,MONTRÉAL,2025-04-15,39,St-Justin,SJUS,2025-04-15T23:44:22Z,2025-04-15T21:09:00Z,ARR,bad,155.0
600,True,True,JONQUIÈRE,MONTRÉAL,2025-04-15,40,Joliette,JOLI,2025-04-16T00:11:58Z,2025-04-15T21:38:00Z,ARR,bad,153.0
600,True,True,JONQUIÈRE,MONTRÉAL,2025-04-15,41,Anjou,ANJO,2025-04-16T00:59:07Z,2025-04-15T22:21:01Z,ARR,bad,158.0
600,True,True,JONQUIÈRE,MONTRÉAL,2025-04-15,42,Sauvé,SAUV,2025-04-16T01:14:28Z,2025-04-15T22:35:00Z,ARR,bad,159.0
600,True,True,JONQUIÈRE,MONTRÉAL,2025-04-15,43,Montréal,MTRL,2025-04-16T02:11:00Z,2025-04-15T23:46:00Z,ARR,bad,145.0
643,True,True,OTTAWA,TORONTO,2025-04-15,0,Fallowfield,FALL,2025-04-15T12:46:05Z,2025-04-15T12:45:00Z,ARR,goo,1.0
643,True,True,OTTAWA,TORONTO,2025-04-15,1,Smiths Falls,SMTF,2025-04-15T13:15:50Z,2025-04-15T13:17:00Z,ARR,goo,-1.0
643,True,True,OTTAWA,TORONTO,2025-04-15,2,Brockville,BRKV,2025-04-15T13:49:50Z,2025-04-15T13:49:00Z,ARR,goo,0.0
643,True,True,OTTAWA,TORONTO,2025-04-15,3,Kingston,KGON,2025-04-15T14:31:42Z,2025-04-15T14:32:00Z,ARR,goo,0.0
643,True,True,OTTAWA,TORONTO,2025-04-15,4,Napanee,NAPN,2025-04-15T15:08:05Z,2025-04-15T14:57:00Z,ARR,med,11.0
643,True,True,OTTAWA,TORONTO,2025-04-15,5,Belleville,BLVL,2025-04-15T15:26:36Z,2025-04-15T15:17:00Z,ARR,med,9.0
643,True,True,OTTAWA,TORONTO,2025-04-15,6,Trenton Jct.,TRNJ,2025-04-15T15:39:23Z,2025-04-15T15:31:00Z,ARR,med,8.0
643,True,True,OTTAWA,TORONTO,2025-04-15,7,Cobourg,CBRG,2025-04-15T16:05:42Z,2025-04-15T15:57:00Z,ARR,med,8.0
643,True,True,OTTAWA,TORONTO,2025-04-15,8,Port Hope,PHOP,2025-04-15T16:15:42Z,2025-04-15T16:07:00Z,ARR,med,8.0
643,True,True,OTTAWA,TORONTO,2025-04-15,9,Oshawa,OSHA,2025-04-15T16:51:56Z,2025-04-15T16:35:00Z,ARR,bad,16.0
643,True,True,OTTAWA,TORONTO,2025-04-15,10,Guildwood,GUIL,2025-04-15T17:14:21Z,2025-04-15T16:58:00Z,ARR,bad,16.0
643,True,True,OTTAWA,TORONTO,2025-04-15,11,Toronto,TRTO,2025-04-15T17:33:52Z,2025-04-15T17:18:00Z,ARR,bad,15.0
84,True,True,SARNIA,TORONTO,2025-04-15,0,Sarnia,SARN,2025-04-15T12:40:00Z,2025-04-15T12:40:00Z,ARR,goo,0.0
84,True,True,SARNIA,TORONTO,2025-04-15,1,Wyoming,WYOM,2025-04-15T12:57:54Z,2025-04-15T12:55:00Z,ARR,goo,2.0
84,True,True,SARNIA,TORONTO,2025-04-15,2,Strathroy,STRR,2025-04-15T13:33:11Z,2025-04-15T13:27:00Z,ARR,med,6.0
84,True,True,SARNIA,TORONTO,2025-04-15,3,London,LNDN,2025-04-15T13:53:16Z,2025-04-15T13:52:00Z,ARR,goo,1.0
84,True,True,SARNIA,TORONTO,2025-04-15,4,St.Marys,SMYS,2025-04-15T15:01:12Z,2025-04-15T14:45:00Z,ARR,bad,16.0
84,True,True,SARNIA,TORONTO,2025-04-15,5,Stratford,STRF,2025-04-15T15:29:25Z,2025-04-15T15:14:00Z,ARR,bad,15.0
84,True,True,SARNIA,TORONTO,2025-04-15,6,Kitchener,KITC,2025-04-15T16:15:11Z,2025-04-15T16:02:00Z,ARR,med,13.0
84,True,True,SARNIA,TORONTO,2025-04-15,7,Guelph,GUEL,2025-04-15T16:33:38Z,2025-04-15T16:24:00Z,ARR,med,9.0
84,True,True,SARNIA,TORONTO,2025-04-15,8,Georgetown,GEOR,2025-04-15T16:58:02Z,2025-04-15T16:47:00Z,ARR,med,11.0
84,True,True,SARNIA,TORONTO,2025-04-15,9,Brampton,BRMP,2025-04-15T17:10:22Z,2025-04-15T16:59:00Z,ARR,med,11.0
84,True,True,SARNIA,TORONTO,2025-04-15,10,Malton,MALT,2025-04-15T17:22:09Z,2025-04-15T17:11:00Z,ARR,med,11.0
84,True,True,SARNIA,TORONTO,2025-04-15,11,Toronto,TRTO,2025-04-15T17:40:24Z,2025-04-15T17:38:00Z,ARR,goo,2.0
20,True,True,MONTRÉAL,QUÉBEC,2025-04-15,0,Montréal,MTRL,2025-04-15T10:26:29Z,2025-04-15T10:25:00Z,ARR,goo,1.0
20,True,True,MONTRÉAL,QUÉBEC,2025-04-15,1,St. Lambert,SLAM,2025-04-15T10:44:05Z,2025-04-15T10:38:00Z,ARR,med,6.0
20,True,True,MONTRÉAL,QUÉBEC,2025-04-15,2,St. Hyacinthe,SHYA,2025-04-15T11:14:24Z,2025-04-15T11:06:00Z,ARR,med,8.0
20,True,True,MONTRÉAL,QUÉBEC,2025-04-15,3,Drummondville,DRMV,2025-04-15T11:55:27Z,2025-04-15T11:43:00Z,ARR,med,12.0
20,True,True,MONTRÉAL,QUÉBEC,2025-04-15,4,Ste-Foy,SFOY,2025-04-15T13:17:52Z,2025-04-15T13:25:00Z,ARR,goo,-7.0
20,True,True,MONTRÉAL,QUÉBEC,2025-04-15,5,Québec,QBEC,2025-04-15T13:44:20Z,2025-04-15T13:52:00Z,ARR,goo,-7.0
73,True,True,TORONTO,WINDSOR,2025-04-15,0,Toronto,TRTO,2025-04-15T15:30:00Z,2025-04-15T15:30:00Z,ARR,goo,0.0
73,True,True,TORONTO,WINDSOR,2025-04-15,1,Oakville,OAKV,2025-04-15T15:58:21Z,2025-04-15T15:51:00Z,ARR,med,7.0
73,True,True,TORONTO,WINDSOR,2025-04-15,2,Aldershot,ALDR,2025-04-15T16:14:10Z,2025-04-15T16:09:00Z,ARR,med,5.0
73,True,True,TORONTO,WINDSOR,2025-04-15,3,Brantford,BRTF,2025-04-15T16:45:09Z,2025-04-15T16:40:00Z,ARR,med,5.0
73,True,True,TORONTO,WINDSOR,2025-04-15,4,Woodstock,WDST,2025-04-15T17:12:37Z,2025-04-15T17:09:00Z,ARR,goo,3.0
73,True,True,TORONTO,WINDSOR,2025-04-15,5,London,LNDN,2025-04-15T17:44:30Z,2025-04-15T17:38:00Z,ARR,med,6.0
73,True,True,TORONTO,WINDSOR,2025-04-15,6,Chatham,CHAT,2025-04-15T18:56:27Z,2025-04-15T18:50:00Z,ARR,med,6.0
73,True,True,TORONTO,WINDSOR,2025-04-15,7,Windsor,WDON,2025-04-15T19:44:04Z,2025-04-15T19:45:00Z,ARR,goo,0.0
24,True,True,OTTAWA,QUÉBEC,2025-04-15,0,Ottawa,OTTW,2025-04-15T14:13:00Z,2025-04-15T14:13:00Z,ARR,goo,0.0
24,True,True,OTTAWA,QUÉBEC,2025-04-15,1,Alexandria,ALEX,2025-04-15T14:53:23Z,2025-04-15T15:03:00Z,ARR,goo,-9.0
24,True,True,OTTAWA,QUÉBEC,2025-04-15,2,Coteau,COTO,2025-04-15T15:27:48Z,2025-04-15T15:26:00Z,ARR,goo,1.0
24,True,True,OTTAWA,QUÉBEC,2025-04-15,3,Dorval,DORV,2025-04-15T16:09:10Z,2025-04-15T15:50:00Z,ARR,bad,19.0
24,True,True,OTTAWA,QUÉBEC,2025-04-15,4,Montréal,MTRL,2025-04-15T16:32:22Z,2025-04-15T16:15:00Z,ARR,bad,17.0
24,True,True,OTTAWA,QUÉBEC,2025-04-15,5,St. Lambert,SLAM,2025-04-15T17:20:37Z,2025-04-15T16:58:00Z,ARR,bad,22.0
24,True,True,OTTAWA,QUÉBEC,2025-04-15,6,St. Hyacinthe,SHYA,2025-04-15T17:54:15Z,2025-04-15T17:26:00Z,ARR,bad,28.0
24,True,True,OTTAWA,QUÉBEC,2025-04-15,7,Drummondville,DRMV,2025-04-15T18:31:19Z,2025-04-15T17:54:00Z,ARR,bad,37.0
24,True,True,OTTAWA,QUÉBEC,2025-04-15,8,Charny,CHNY,2025-04-15T20:17:52Z,2025-04-15T19:38:00Z,ARR,bad,39.0
24,True,True,OTTAWA,QUÉBEC,2025-04-15,9,Ste-Foy,SFOY,2025-04-15T20:25:38Z,2025-04-15T19:45:00Z,ARR,bad,40.0
24,True,True,OTTAWA,QUÉBEC,2025-04-15,10,Québec,QBEC,2025-04-15T20:53:15Z,2025-04-15T20:12:00Z,ARR,bad,41.0
53,True,True,OTTAWA,TORONTO,2025-04-15,0,Ottawa,OTTW,2025-04-15T15:45:35Z,2025-04-15T15:43:00Z,ARR,goo,2.0
53,True,True,OTTAWA,TORONTO,2025-04-15,1,Fallowfield,FALL,2025-04-15T16:02:07Z,2025-04-15T16:00:00Z,ARR,goo,2.0
53,True,True,OTTAWA,TORONTO,2025-04-15,2,Brockville,BRKV,2025-04-15T17:10:22Z,2025-04-15T17:01:00Z,ARR,med,9.0
53,True,True,OTTAWA,TORONTO,2025-04-15,3,Gananoque,GANA,2025-04-15T17:51:13Z,2025-04-15T17:31:00Z,ARR,bad,20.0
53,True,True,OTTAWA,TORONTO,2025-04-15,4,Kingston,KGON,2025-04-15T18:12:44Z,2025-04-15T17:54:00Z,ARR,bad,18.0
53,True,True,OTTAWA,TORONTO,2025-04-15,5,Belleville,BLVL,2025-04-15T18:52:44Z,2025-04-15T18:36:00Z,ARR,bad,16.0
53,True,True,OTTAWA,TORONTO,2025-04-15,6,Cobourg,CBRG,2025-04-15T19:26:54Z,2025-04-15T19:12:00Z,ARR,med,14.0
53,True,True,OTTAWA,TORONTO,2025-04-15,7,Oshawa,OSHA,2025-04-15T20:00:36Z,2025-04-15T19:48:00Z,ARR,med,12.0
53,True,True,OTTAWA,TORONTO,2025-04-15,8,Toronto,TRTO,2025-04-15T20:57:16Z,2025-04-15T20:33:00Z,ARR,bad,24.0
64,True,True,TORONTO,MONTRÉAL,2025-04-15,0,Toronto,TRTO,2025-04-15T15:37:19Z,2025-04-15T15:37:00Z,ARR,goo,0.0
64,True,True,TORONTO,MONTRÉAL,2025-04-15,1,Guildwood,GUIL,2025-04-15T15:58:01Z,2025-04-15T15:55:00Z,ARR,goo,3.0
64,True,True,TORONTO,MONTRÉAL,2025-04-15,2,Oshawa,OSHA,2025-04-15T16:17:23Z,2025-04-15T16:09:00Z,ARR,med,8.0
64,True,True,TORONTO,MONTRÉAL,2025-04-15,3,Cobourg,CBRG,2025-04-15T17:01:33Z,2025-04-15T16:46:00Z,ARR,bad,15.0
64,True,True,TORONTO,MONTRÉAL,2025-04-15,4,Belleville,BLVL,2025-04-15T17:35:13Z,2025-04-15T17:22:00Z,ARR,med,13.0
64,True,True,TORONTO,MONTRÉAL,2025-04-15,5,Kingston,KGON,2025-04-15T18:12:05Z,2025-04-15T18:03:00Z,ARR,med,9.0
64,True,True,TORONTO,MONTRÉAL,2025-04-15,6,Brockville,BRKV,2025-04-15T19:01:02Z,2025-04-15T18:52:00Z,ARR,med,9.0
64,True,True,TORONTO,MONTRÉAL,2025-04-15,7,Cornwall,CWLL,2025-04-15T19:47:22Z,2025-04-15T19:42:00Z,ARR,med,5.0
64,True,True,TORONTO,MONTRÉAL,2025-04-15,8,Dorval,DORV,2025-04-15T20:45:04Z,2025-04-15T20:37:00Z,ARR,med,8.0
64,True,True,TORONTO,MONTRÉAL,2025-04-15,9,Montréal,MTRL,2025-04-15T21:22:00Z,2025-04-15T21:05:00Z,ARR,bad,17.0
31,True,True,MONTRÉAL,OTTAWA,2025-04-15,0,Montréal,MTRL,2025-04-15T10:20:00Z,2025-04-15T10:20:00Z,ARR,goo,0.0
31,True,True,MONTRÉAL,OTTAWA,2025-04-15,1,Dorval,DORV,2025-04-15T10:44:18Z,2025-04-15T10:44:00Z,ARR,goo,0.0
31,True,True,MONTRÉAL,OTTAWA,2025-04-15,2,Alexandria,ALEX,2025-04-15T11:37:25Z,2025-04-15T11:36:00Z,ARR,goo,1.0
31,True,True,MONTRÉAL,OTTAWA,2025-04-15,3,Casselman,CSLM,2025-04-15T11:59:06Z,2025-04-15T11:59:00Z,ARR,goo,0.0
31,True,True,MONTRÉAL,OTTAWA,2025-04-15,4,Ottawa,OTTW,2025-04-15T12:25:10Z,2025-04-15T12:25:00Z,ARR,goo,0.0
604,True,True,SENNETERRE,MONTRÉAL,2025-04-15,0,Senneterre,SENN,2025-04-15T10:28:00Z,2025-04-15T10:28:00Z,ARR,goo,0.0
604,True,True,SENNETERRE,MONTRÉAL,2025-04-15,1,Mégiscane,MEGI,2025-04-15T10:45:36Z,2025-04-15T10:42:00Z,ARR,goo,3.0
604,True,True,SENNETERRE,MONTRÉAL,2025-04-15,2,Signai,SIGN,2025-04-15T11:01:36Z,2025-04-15T10:58:00Z,ARR,goo,3.0
604,True,True,SENNETERRE,MONTRÉAL,2025-04-15,3,Press,PRSS,2025-04-15T11:08:28Z,2025-04-15T11:06:00Z,ARR,goo,2.0
604,True,True,SENNETERRE,MONTRÉAL,2025-04-15,4,Forsythe,FORS,2025-04-15T11:27:28Z,2025-04-15T11:25:00Z,ARR,goo,2.0
604,True,True,SENNETERRE,MONTRÉAL,2025-04-15,5,Bolger,BGQU,2025-04-15T11:34:28Z,2025-04-15T11:32:00Z,ARR,goo,2.0
604,True,True,SENNETERRE,MONTRÉAL,2025-04-15,6,Dix,DIXX,2025-04-15T11:45:28Z,2025-04-15T11:43:00Z,ARR,goo,2.0
604,True,True,SENNETERRE,MONTRÉAL,2025-04-15,7,Gagnon,GAGN,2025-04-15T11:49:28Z,2025-04-15T11:47:00Z,ARR,goo,2.0
604,True,True,SENNETERRE,MONTRÉAL,2025-04-15,8,Da-Rou-Lac Lodge,DRLL,2025-04-15T11:58:28Z,2025-04-15T11:56:00Z,ARR,goo,2.0
604,True,True,SENNETERRE,MONTRÉAL,2025-04-15,9,Langlade,LNGL,2025-04-15T11:59:34Z,2025-04-15T11:57:06Z,ARR,goo,2.0
604,True,True,SENNETERRE,MONTRÉAL,2025-04-15,10,Club Beaudin Inc.,BDNC,2025-04-15T12:06:28Z,2025-04-15T12:04:00Z,ARR,goo,2.0
604,True,True,SENNETERRE,MONTRÉAL,2025-04-15,11,Bourmont,BRMT,2025-04-15T12:11:28Z,2025-04-15T12:09:00Z,ARR,goo,2.0
604,True,True,SENNETERRE,MONTRÉAL,2025-04-15,12,Club Kapitachuan,KPTC,2025-04-15T12:13:28Z,2025-04-15T12:11:00Z,ARR,goo,2.0
604,True,True,SENNETERRE,MONTRÉAL,2025-04-15,13,Consolidated Bathurst,CBAT,2025-04-15T12:17:28Z,2025-04-15T12:15:00Z,ARR,goo,2.0
604,True,True,SENNETERRE,MONTRÉAL,2025-04-15,14,Monet,MNET,2025-04-15T12:24:28Z,2025-04-15T12:22:00Z,ARR,goo,2.0
604,True,True,SENNETERRE,MONTRÉAL,2025-04-15,15,Coquar,COQU,2025-04-15T12:35:28Z,2025-04-15T12:33:00Z,ARR,goo,2.0
604,True,True,SENNETERRE,MONTRÉAL,2025-04-15,16,Clova,CLOV,2025-04-15T12:44:28Z,2025-04-15T12:42:00Z,ARR,goo,2.0
604,True,True,SENNETERRE,MONTRÉAL,2025-04-15,17,Rivière Oskélanéo,OSKR,2025-04-15T12:57:28Z,2025-04-15T12:55:00Z,ARR,goo,2.0
604,True,True,SENNETERRE,MONTRÉAL,2025-04-15,18,Oskelaneo Lodge,OSKL,2025-04-15T13:09:28Z,2025-04-15T13:07:00Z,ARR,goo,2.0
604,True,True,SENNETERRE,MONTRÉAL,2025-04-15,19,Greening,GRNG,2025-04-15T13:17:28Z,2025-04-15T13:15:00Z,ARR,goo,2.0
604,True,True,SENNETERRE,MONTRÉAL,2025-04-15,20,Club Maniwawa,MWWC,2025-04-15T13:28:28Z,2025-04-15T13:26:00Z,ARR,goo,2.0
604,True,True,SENNETERRE,MONTRÉAL,2025-04-15,21,Strachan,STRN,2025-04-15T13:35:28Z,2025-04-15T13:33:00Z,ARR,goo,2.0
604,True,True,SENNETERRE,MONTRÉAL,2025-04-15,22,Club Rita Inc.,RTAC,2025-04-15T13:39:28Z,2025-04-15T13:37:00Z,ARR,goo,2.0
604,True,True,SENNETERRE,MONTRÉAL,2025-04-15,23,Timbrell,TIMB,2025-04-15T13:49:28Z,2025-04-15T13:47:00Z,ARR,goo,2.0
604,True,True,SENNETERRE,MONTRÉAL,2025-04-15,24,Parent,PARE,2025-04-15T14:09:28Z,2025-04-15T14:07:00Z,ARR,goo,2.0
604,True,True,SENNETERRE,MONTRÉAL,2025-04-15,25,Manjobagues,MJBG,2025-04-15T14:27:28Z,2025-04-15T14:25:00Z,ARR,goo,2.0
604,True,True,SENNETERRE,MONTRÉAL,2025-04-15,26,Club Sisco,SSCC,2025-04-15T14:35:28Z,2025-04-15T14:33:00Z,ARR,goo,2.0
604,True,True,SENNETERRE,MONTRÉAL,2025-04-15,27,Mccarthy,MCCA,2025-04-15T14:38:28Z,2025-04-15T14:36:00Z,ARR,goo,2.0
604,True,True,SENNETERRE,MONTRÉAL,2025-04-15,28,Casey,CASY,2025-04-15T14:53:28Z,2025-04-15T14:51:00Z,ARR,goo,2.0
604,True,True,SENNETERRE,MONTRÉAL,2025-04-15,29,Hibbard,HIBB,2025-04-15T15:06:28Z,2025-04-15T15:04:00Z,ARR,goo,2.0
604,True,True,SENNETERRE,MONTRÉAL,2025-04-15,30,Club Belanger,BLGC,2025-04-15T15:16:50Z,2025-04-15T15:15:00Z,ARR,goo,1.0
604,True,True,SENNETERRE,MONTRÉAL,2025-04-15,31,Cann,CANN,2025-04-15T15:22:11Z,2025-04-15T15:21:00Z,ARR,goo,1.0
604,True,True,SENNETERRE,MONTRÉAL,2025-04-15,32,Sanmaur,SANM,2025-04-15T15:28:24Z,2025-04-15T15:28:00Z,ARR,goo,0.0
604,True,True,SENNETERRE,MONTRÉAL,2025-04-15,33,Weymont,WYMT,2025-04-15T15:32:50Z,2025-04-15T15:30:00Z,ARR,goo,2.0
604,True,True,SENNETERRE,MONTRÉAL,2025-04-15,34,Saint-Maurice Rivière-Boom,SMRB,2025-04-15T15:34:12Z,2025-04-15T15:33:00Z,ARR,goo,1.0
604,True,True,SENNETERRE,MONTRÉAL,2025-04-15,35,Dessane,DESS,2025-04-15T15:44:09Z,2025-04-15T15:42:00Z,ARR,goo,2.0
604,True,True,SENNETERRE,MONTRÉAL,2025-04-15,36,Vandry,VDRY,2025-04-15T15:50:09Z,2025-04-15T15:48:00Z,ARR,goo,2.0
604,True,True,SENNETERRE,MONTRÉAL,2025-04-15,37,Club Wigwam,WGWC,2025-04-15T15:58:09Z,2025-04-15T15:56:00Z,ARR,goo,2.0
604,True,True,SENNETERRE,MONTRÉAL,2025-04-15,38,Ferguson,FERG,2025-04-15T16:04:09Z,2025-04-15T16:02:00Z,ARR,goo,2.0
604,True,True,SENNETERRE,MONTRÉAL,2025-04-15,39,Windigo,WNDG,2025-04-15T16:12:09Z,2025-04-15T16:10:00Z,ARR,goo,2.0
604,True,True,SENNETERRE,MONTRÉAL,2025-04-15,40,Mctavish,MCTC,2025-04-15T16:14:09Z,2025-04-15T16:12:00Z,ARR,goo,2.0
604,True,True,SENNETERRE,MONTRÉAL,2025-04-15,41,Duplessis,DUPL,2025-04-15T16:27:09Z,2025-04-15T16:25:00Z,ARR,goo,2.0
604,True,True,SENNETERRE,MONTRÉAL,2025-04-15,42,Lac-Darey,LDAR,2025-04-15T16:40:09Z,2025-04-15T16:38:00Z,ARR,goo,2.0
604,True,True,SENNETERRE,MONTRÉAL,2025-04-15,43,Rapide-Blanc,RAPB,2025-04-15T17:00:09Z,2025-04-15T16:58:00Z,ARR,goo,2.0
604,True,True,SENNETERRE,MONTRÉAL,2025-04-15,44,Club Vermillion,VMLC,2025-04-15T17:03:09Z,2025-04-15T17:01:00Z,ARR,goo,2.0
604,True,True,SENNETERRE,MONTRÉAL,2025-04-15,45,Cressman,CRSM,2025-04-15T17:10:09Z,2025-04-15T17:08:00Z,ARR,goo,2.0
604,True,True,SENNETERRE,MONTRÉAL,2025-04-15,46,Fitzpatrick,FITZ,2025-04-15T17:24:23Z,2025-04-15T17:28:00Z,ARR,goo,-3.0
604,True,True,SENNETERRE,MONTRÉAL,2025-04-15,47,La Tuque,LTUQ,2025-04-15T17:42:33Z,2025-04-15T17:40:00Z,ARR,goo,2.0
604,True,True,SENNETERRE,MONTRÉAL,2025-04-15,48,Hervey,HERV,2025-04-15T19:45:46Z,2025-04-15T19:15:00Z,ARR,bad,30.0
604,True,True,SENNETERRE,MONTRÉAL,2025-04-15,49,Saint-Tite,STIT,2025-04-15T20:19:24Z,2025-04-15T19:48:00Z,ARR,bad,31.0
604,True,True,SENNETERRE,MONTRÉAL,2025-04-15,50,Garneau,GARN,2025-04-15T20:38:28Z,2025-04-15T20:02:00Z,ARR,bad,36.0
604,True,True,SENNETERRE,MONTRÉAL,2025-04-15,51,Grand-Mère,GMRE,2025-04-15T22:19:43Z,2025-04-15T20:15:00Z,ARR,bad,124.0
604,True,True,SENNETERRE,MONTRÉAL,2025-04-15,52,Shawinigan,SHWN,2025-04-15T22:27:12Z,2025-04-15T20:23:00Z,ARR,bad,124.0
604,True,True,SENNETERRE,MONTRÉAL,2025-04-15,53,Charette,CHRT,2025-04-15T22:47:49Z,2025-04-15T20:46:00Z,ARR,bad,121.0
604,True,True,SENNETERRE,MONTRÉAL,2025-04-15,54,St-Paulin,SPAU,2025-04-15T23:36:25Z,2025-04-15T20:55:00Z,ARR,bad,161.0
604,True,True,SENNETERRE,MONTRÉAL,2025-04-15,55,St-Justin,SJUS,2025-04-15T23:44:27Z,2025-04-15T21:09:00Z,ARR,bad,155.0
604,True,True,SENNETERRE,MONTRÉAL,2025-04-15,56,Joliette,JOLI,2025-04-16T00:12:07Z,2025-04-15T21:38:00Z,ARR,bad,154.0
604,True,True,SENNETERRE,MONTRÉAL,2025-04-15,57,Anjou,ANJO,2025-04-16T00:59:10Z,2025-04-15T22:21:01Z,ARR,bad,158.0
604,True,True,SENNETERRE,MONTRÉAL,2025-04-15,58,Sauvé,SAUV,2025-04-16T01:14:32Z,2025-04-15T22:35:00Z,ARR,bad,159.0
604,True,True,SENNETERRE,MONTRÉAL,2025-04-15,59,Montréal,MTRL,2025-04-16T02:11:10Z,2025-04-15T23:46:00Z,ARR,bad,145.0
67,True,True,MONTRÉAL,TORONTO,2025-04-15,0,Montréal,MTRL,2025-04-15T17:23:23Z,2025-04-15T17:22:00Z,ARR,goo,1.0
67,True,True,MONTRÉAL,TORONTO,2025-04-15,1,Dorval,DORV,2025-04-15T17:50:34Z,2025-04-15T17:47:00Z,ARR,goo,3.0
67,True,True,MONTRÉAL,TORONTO,2025-04-15,2,Cornwall,CWLL,2025-04-15T19:06:07Z,2025-04-15T18:38:00Z,ARR,bad,28.0
67,True,True,MONTRÉAL,TORONTO,2025-04-15,3,Kingston,KGON,2025-04-15T20:30:59Z,2025-04-15T20:03:00Z,ARR,bad,27.0
67,True,True,MONTRÉAL,TORONTO,2025-04-15,4,Belleville,BLVL,2025-04-15T21:09:13Z,2025-04-15T20:42:00Z,ARR,bad,27.0
67,True,True,MONTRÉAL,TORONTO,2025-04-15,5,Cobourg,CBRG,2025-04-15T21:47:13Z,2025-04-15T21:17:00Z,ARR,bad,30.0
67,True,True,MONTRÉAL,TORONTO,2025-04-15,6,Oshawa,OSHA,2025-04-15T22:21:49Z,2025-04-15T21:50:00Z,ARR,bad,31.0
67,True,True,MONTRÉAL,TORONTO,2025-04-15,7,Toronto,TRTO,2025-04-15T23:18:50Z,2025-04-15T22:45:00Z,ARR,bad,33.0
185,True,True,SUDBURY,WHITE RIVER,2025-04-15,0,Sudbury,SUDB,2025-04-15T13:00:00Z,2025-04-15T13:00:00Z,ARR,goo,0.0
185,True,True,SUDBURY,WHITE RIVER,2025-04-15,1,Azilda,AZIL,2025-04-15T13:55:40Z,2025-04-15T13:10:00Z,ARR,bad,45.0
185,True,True,SUDBURY,WHITE RIVER,2025-04-15,2,Chelmsford,CHEL,2025-04-15T13:58:33Z,2025-04-15T13:15:00Z,ARR,bad,43.0
185,True,True,SUDBURY,WHITE RIVER,2025-04-15,3,Larchwood,LARC,2025-04-15T14:04:39Z,2025-04-15T13:19:00Z,ARR,bad,45.0
185,True,True,SUDBURY,WHITE RIVER,2025-04-15,4,Levack,LEVA,2025-04-15T14:14:13Z,2025-04-15T13:30:00Z,ARR,bad,44.0
185,True,True,SUDBURY,WHITE RIVER,2025-04-15,5,Cartier,CART,2025-04-15T14:28:19Z,2025-04-15T13:45:00Z,ARR,bad,43.0
185,True,True,SUDBURY,WHITE RIVER,2025-04-15,6,Benny,BENN,2025-04-15T14:45:10Z,2025-04-15T14:05:00Z,ARR,bad,40.0
185,True,True,SUDBURY,WHITE RIVER,2025-04-15,7,Stralak,STRL,2025-04-15T14:49:35Z,2025-04-15T14:12:00Z,ARR,bad,37.0
185,True,True,SUDBURY,WHITE RIVER,2025-04-15,8,Pogamasing,POGA,2025-04-15T15:00:50Z,2025-04-15T14:25:00Z,ARR,bad,35.0
185,True,True,SUDBURY,WHITE RIVER,2025-04-15,9,Sheahan,SHEA,2025-04-15T15:05:50Z,2025-04-15T14:30:00Z,ARR,bad,35.0
185,True,True,SUDBURY,WHITE RIVER,2025-04-15,10,Forks,FRKS,2025-04-15T15:14:07Z,2025-04-15T14:40:00Z,ARR,bad,34.0
185,True,True,SUDBURY,WHITE RIVER,2025-04-15,11,Metagama,MTGM,2025-04-15T15:24:07Z,2025-04-15T14:50:00Z,ARR,bad,34.0
185,True,True,SUDBURY,WHITE RIVER,2025-04-15,12,Sinker,SNKR,2025-04-15T15:29:07Z,2025-04-15T14:55:00Z,ARR,bad,34.0
185,True,True,SUDBURY,WHITE RIVER,2025-04-15,13,Biscotasing,BISC,2025-04-15T15:54:28Z,2025-04-15T15:20:00Z,ARR,bad,34.0
185,True,True,SUDBURY,WHITE RIVER,2025-04-15,14,Roberts,RBRT,2025-04-15T16:04:28Z,2025-04-15T15:30:00Z,ARR,bad,34.0
185,True,True,SUDBURY,WHITE RIVER,2025-04-15,15,Ramsey,RAMS,2025-04-15T16:19:28Z,2025-04-15T15:45:00Z,ARR,bad,34.0
185,True,True,SUDBURY,WHITE RIVER,2025-04-15,16,Woman River,WOMR,2025-04-15T16:39:28Z,2025-04-15T16:05:00Z,ARR,bad,34.0
185,True,True,SUDBURY,WHITE RIVER,2025-04-15,17,Sultan,SULT,2025-04-15T16:54:28Z,2025-04-15T16:20:00Z,ARR,bad,34.0
185,True,True,SUDBURY,WHITE RIVER,2025-04-15,18,Kormak,KORM,2025-04-15T17:09:28Z,2025-04-15T16:35:00Z,ARR,bad,34.0
185,True,True,SUDBURY,WHITE RIVER,2025-04-15,19,Kinogama,KINO,2025-04-15T17:14:28Z,2025-04-15T16:40:00Z,ARR,bad,34.0
185,True,True,SUDBURY,WHITE RIVER,2025-04-15,20,Nemegos,NEME,2025-04-15T17:29:28Z,2025-04-15T16:55:00Z,ARR,bad,34.0
185,True,True,SUDBURY,WHITE RIVER,2025-04-15,21,Devon,DEVN,2025-04-15T18:42:02Z,2025-04-15T17:05:00Z,ARR,bad,97.0
185,True,True,SUDBURY,WHITE RIVER,2025-04-15,22,Chapleau,CHAP,2025-04-15T18:59:27Z,2025-04-15T17:20:00Z,ARR,bad,99.0
185,True,True,SUDBURY,WHITE RIVER,2025-04-15,23,Esher,ESHR,2025-04-15T19:12:56Z,2025-04-15T17:50:00Z,ARR,bad,82.0
185,True,True,SUDBURY,WHITE RIVER,2025-04-15,24,Musk,MUSK,2025-04-15T19:23:28Z,2025-04-15T18:00:00Z,ARR,bad,83.0
185,True,True,SUDBURY,WHITE RIVER,2025-04-15,25,Nicholson,NICH,2025-04-15T19:29:02Z,2025-04-15T18:10:00Z,ARR,bad,79.0
185,True,True,SUDBURY,WHITE RIVER,2025-04-15,26,Bolkow,BOLK,2025-04-15T23:04:58Z,2025-04-15T18:30:00Z,ARR,bad,274.0
185,True,True,SUDBURY,WHITE RIVER,2025-04-15,27,Dalton,DALT,2025-04-15T23:19:58Z,2025-04-15T18:45:00Z,ARR,bad,274.0
185,True,True,SUDBURY,WHITE RIVER,2025-04-15,28,Missanabie,MSBI,2025-04-15T23:44:00Z,2025-04-15T19:10:00Z,ARR,bad,274.0
185,True,True,SUDBURY,WHITE RIVER,2025-04-15,29,Lochalsh,LOCH,2025-04-16T00:04:00Z,2025-04-15T19:30:00Z,ARR,bad,274.0
185,True,True,SUDBURY,WHITE RIVER,2025-04-15,30,Franz,FRNZ,2025-04-16T00:24:00Z,2025-04-15T19:50:00Z,ARR,bad,274.0
185,True,True,SUDBURY,WHITE RIVER,2025-04-15,31,Swanson,SWAN,2025-04-16T00:34:00Z,2025-04-15T20:00:00Z,ARR,bad,274.0
185,True,True,SUDBURY,WHITE RIVER,2025-04-15,32,Girdwood,GIRD,2025-04-16T00:59:00Z,2025-04-15T20:25:00Z,ARR,bad,274.0
185,True,True,SUDBURY,WHITE RIVER,2025-04-15,33,Amyot,AMYO,2025-04-16T01:09:00Z,2025-04-15T20:35:00Z,ARR,bad,274.0
185,True,True,SUDBURY,WHITE RIVER,2025-04-15,34,O'Brien,OBRI,2025-04-16T01:24:00Z,2025-04-15T20:50:00Z,ARR,bad,274.0
185,True,True,SUDBURY,WHITE RIVER,2025-04-15,35,White River,WHTR,2025-04-16T01:39:00Z,2025-04-15T21:05:00Z,ARR,bad,274.0
33,True,True,QUÉBEC,OTTAWA,2025-04-15,0,Québec,QBEC,2025-04-15T09:30:48Z,2025-04-15T09:29:00Z,ARR,goo,1.0
33,True,True,QUÉBEC,OTTAWA,2025-04-15,1,Ste-Foy,SFOY,2025-04-15T09:57:08Z,2025-04-15T09:54:00Z,ARR,goo,3.0
33,True,True,QUÉBEC,OTTAWA,2025-04-15,2,Charny,CHNY,2025-04-15T10:07:08Z,2025-04-15T10:03:00Z,ARR,goo,4.0
33,True,True,QUÉBEC,OTTAWA,2025-04-15,3,Drummondville,DRMV,2025-04-15T11:39:22Z,2025-04-15T11:26:00Z,ARR,med,13.0
33,True,True,QUÉBEC,OTTAWA,2025-04-15,4,St. Hyacinthe,SHYA,2025-04-15T12:16:35Z,2025-04-15T11:57:00Z,ARR,bad,19.0
33,True,True,QUÉBEC,OTTAWA,2025-04-15,5,St. Lambert,SLAM,2025-04-15T12:59:51Z,2025-04-15T12:23:00Z,ARR,bad,36.0
33,True,True,QUÉBEC,OTTAWA,2025-04-15,6,Montréal,MTRL,2025-04-15T13:15:08Z,2025-04-15T12:37:00Z,ARR,bad,38.0
33,True,True,QUÉBEC,OTTAWA,2025-04-15,7,Dorval,DORV,2025-04-15T13:57:10Z,2025-04-15T13:24:00Z,ARR,bad,33.0
33,True,True,QUÉBEC,OTTAWA,2025-04-15,8,Alexandria,ALEX,2025-04-15T15:18:10Z,2025-04-15T14:10:00Z,ARR,bad,68.0
33,True,True,QUÉBEC,OTTAWA,2025-04-15,9,Casselman,CSLM,2025-04-15T15:36:30Z,2025-04-15T14:33:00Z,ARR,bad,63.0
33,True,True,QUÉBEC,OTTAWA,2025-04-15,10,Ottawa,OTTW,2025-04-15T16:01:46Z,2025-04-15T15:04:00Z,ARR,bad,57.0
37,True,True,QUÉBEC,OTTAWA,2025-04-15,0,Québec,QBEC,2025-04-15T16:32:00Z,2025-04-15T16:32:00Z,ARR,goo,0.0
37,True,True,QUÉBEC,OTTAWA,2025-04-15,1,Ste-Foy,SFOY,2025-04-15T16:59:33Z,2025-04-15T16:57:00Z,ARR,goo,2.0
37,True,True,QUÉBEC,OTTAWA,2025-04-15,2,Drummondville,DRMV,2025-04-15T18:48:37Z,2025-04-15T18:44:00Z,ARR,goo,4.0
37,True,True,QUÉBEC,OTTAWA,2025-04-15,3,St. Hyacinthe,SHYA,2025-04-15T19:17:44Z,2025-04-15T19:12:00Z,ARR,med,5.0
37,True,True,QUÉBEC,OTTAWA,2025-04-15,4,St. Lambert,SLAM,2025-04-15T19:47:25Z,2025-04-15T19:39:00Z,ARR,med,8.0
37,True,True,QUÉBEC,OTTAWA,2025-04-15,5,Montréal,MTRL,2025-04-15T20:02:13Z,2025-04-15T19:54:00Z,ARR,med,8.0
37,True,True,QUÉBEC,OTTAWA,2025-04-15,6,Dorval,DORV,2025-04-15T21:09:14Z,2025-04-15T20:54:00Z,ARR,bad,15.0
37,True,True,QUÉBEC,OTTAWA,2025-04-15,7,Coteau,COTO,2025-04-15T21:35:48Z,2025-04-15T21:23:00Z,ARR,med,12.0
37,True,True,QUÉBEC,OTTAWA,2025-04-15,8,Alexandria,ALEX,2025-04-15T21:58:13Z,2025-04-15T21:45:00Z,ARR,med,13.0
37,True,True,QUÉBEC,OTTAWA,2025-04-15,9,Ottawa,OTTW,2025-04-15T22:50:31Z,2025-04-15T22:37:00Z,ARR,med,13.0
72,True,True,WINDSOR,TORONTO,2025-04-15,0,Windsor,WDON,2025-04-15T12:43:00Z,2025-04-15T12:43:00Z,ARR,goo,0.0
72,True,True,WINDSOR,TORONTO,2025-04-15,1,Chatham,CHAT,2025-04-15T13:23:56Z,2025-04-15T13:25:00Z,ARR,goo,-1.0
72,True,True,WINDSOR,TORONTO,2025-04-15,2,Glencoe,GLNC,2025-04-15T14:17:29Z,2025-04-15T14:05:00Z,ARR,med,12.0
72,True,True,WINDSOR,TORONTO,2025-04-15,3,London,LNDN,2025-04-15T14:52:23Z,2025-04-15T14:39:00Z,ARR,med,13.0
72,True,True,WINDSOR,TORONTO,2025-04-15,4,Ingersoll,INGR,2025-04-15T15:21:41Z,2025-04-15T15:07:00Z,ARR,med,14.0
72,True,True,WINDSOR,TORONTO,2025-04-15,5,Woodstock,WDST,2025-04-15T15:32:16Z,2025-04-15T15:23:00Z,ARR,med,9.0
72,True,True,WINDSOR,TORONTO,2025-04-15,6,Brantford,BRTF,2025-04-15T16:01:50Z,2025-04-15T15:55:00Z,ARR,med,6.0
72,True,True,WINDSOR,TORONTO,2025-04-15,7,Aldershot,ALDR,2025-04-15T16:31:49Z,2025-04-15T16:29:00Z,ARR,goo,2.0
72,True,True,WINDSOR,TORONTO,2025-04-15,8,Oakville,OAKV,2025-04-15T16:47:48Z,2025-04-15T16:45:00Z,ARR,goo,2.0
72,True,True,WINDSOR,TORONTO,2025-04-15,9,Toronto,TRTO,2025-04-15T17:14:42Z,2025-04-15T17:11:00Z,ARR,goo,3.0
61,True,True,MONTRÉAL,TORONTO,2025-04-15,0,Montréal,MTRL,2025-04-15T10:47:00Z,2025-04-15T10:45:00Z,ARR,goo,2.0
61,True,True,MONTRÉAL,TORONTO,2025-04-15,1,Dorval,DORV,2025-04-15T11:08:00Z,2025-04-15T11:08:00Z,ARR,goo,0.0
61,True,True,MONTRÉAL,TORONTO,2025-04-15,2,Cornwall,CWLL,2025-04-15T12:14:51Z,2025-04-15T12:01:00Z,ARR,med,13.0
61,True,True,MONTRÉAL,TORONTO,2025-04-15,3,Kingston,KGON,2025-04-15T13:54:02Z,2025-04-15T13:29:00Z,ARR,bad,25.0
61,True,True,MONTRÉAL,TORONTO,2025-04-15,4,Belleville,BLVL,2025-04-15T14:41:53Z,2025-04-15T14:11:00Z,ARR,bad,30.0
61,True,True,MONTRÉAL,TORONTO,2025-04-15,5,Oshawa,OSHA,2025-04-15T16:07:22Z,2025-04-15T15:19:00Z,ARR,bad,48.0
61,True,True,MONTRÉAL,TORONTO,2025-04-15,6,Guildwood,GUIL,2025-04-15T16:27:27Z,2025-04-15T15:43:00Z,ARR,bad,44.0
61,True,True,MONTRÉAL,TORONTO,2025-04-15,7,Toronto,TRTO,2025-04-15T16:47:57Z,2025-04-15T16:03:00Z,ARR,bad,44.0
641,True,True,OTTAWA,TORONTO,2025-04-15,0,Ottawa,OTTW,2025-04-15T08:13:00Z,2025-04-15T08:13:00Z,ARR,goo,0.0
641,True,True,OTTAWA,TORONTO,2025-04-15,1,Fallowfield,FALL,2025-04-15T08:28:42Z,2025-04-15T08:30:00Z,ARR,goo,-1.0
641,True,True,OTTAWA,TORONTO,2025-04-15,2,Smiths Falls,SMTF,2025-04-15T08:58:14Z,2025-04-15T09:00:00Z,ARR,goo,-1.0
641,True,True,OTTAWA,TORONTO,2025-04-15,3,Brockville,BRKV,2025-04-15T09:29:28Z,2025-04-15T09:32:00Z,ARR,goo,-2.0
641,True,True,OTTAWA,TORONTO,2025-04-15,4,Kingston,KGON,2025-04-15T10:24:41Z,2025-04-15T10:16:00Z,ARR,med,8.0
641,True,True,OTTAWA,TORONTO,2025-04-15,5,Belleville,BLVL,2025-04-15T11:12:18Z,2025-04-15T10:56:00Z,ARR,bad,16.0
641,True,True,OTTAWA,TORONTO,2025-04-15,6,Cobourg,CBRG,2025-04-15T11:55:01Z,2025-04-15T11:31:00Z,ARR,bad,24.0
641,True,True,OTTAWA,TORONTO,2025-04-15,7,Port Hope,PHOP,2025-04-15T12:05:48Z,2025-04-15T11:41:00Z,ARR,bad,24.0
641,True,True,OTTAWA,TORONTO,2025-04-15,8,Toronto,TRTO,2025-04-15T13:22:29Z,2025-04-15T12:48:00Z,ARR,bad,34.0
63,True,True,MONTRÉAL,TORONTO,2025-04-15,0,Montréal,MTRL,2025-04-15T12:46:00Z,2025-04-15T12:46:00Z,ARR,goo,0.0
63,True,True,MONTRÉAL,TORONTO,2025-04-15,1,Dorval,DORV,2025-04-15T13:08:11Z,2025-04-15T13:11:00Z,ARR,goo,-2.0
63,True,True,MONTRÉAL,TORONTO,2025-04-15,2,Cornwall,CWLL,2025-04-15T14:18:25Z,2025-04-15T14:04:00Z,ARR,med,14.0
63,True,True,MONTRÉAL,TORONTO,2025-04-15,3,Brockville,BRKV,2025-04-15T15:04:09Z,2025-04-15T14:54:00Z,ARR,med,10.0
63,True,True,MONTRÉAL,TORONTO,2025-04-15,4,Kingston,KGON,2025-04-15T15:51:46Z,2025-04-15T15:39:00Z,ARR,med,12.0
63,True,True,MONTRÉAL,TORONTO,2025-04-15,5,Belleville,BLVL,2025-04-15T16:30:00Z,2025-04-15T16:20:00Z,ARR,med,10.0
63,True,True,MONTRÉAL,TORONTO,2025-04-15,6,Cobourg,CBRG,2025-04-15T17:04:17Z,2025-04-15T16:58:00Z,ARR,med,6.0
63,True,True,MONTRÉAL,TORONTO,2025-04-15,7,Oshawa,OSHA,2025-04-15T17:43:26Z,2025-04-15T17:34:00Z,ARR,med,9.0
63,True,True,MONTRÉAL,TORONTO,2025-04-15,8,Guildwood,GUIL,2025-04-15T18:15:22Z,2025-04-15T17:58:00Z,ARR,bad,17.0
63,True,True,MONTRÉAL,TORONTO,2025-04-15,9,Toronto,TRTO,2025-04-15T18:35:18Z,2025-04-15T18:18:00Z,ARR,bad,17.0
40,True,True,TORONTO,OTTAWA,2025-04-15,0,Toronto,TRTO,2025-04-15T14:37:21Z,2025-04-15T14:37:00Z,ARR,goo,0.0
40,True,True,TORONTO,OTTAWA,2025-04-15,1,Guildwood,GUIL,2025-04-15T14:57:29Z,2025-04-15T14:55:00Z,ARR,goo,2.0
40,True,True,TORONTO,OTTAWA,2025-04-15,2,Belleville,BLVL,2025-04-15T16:25:05Z,2025-04-15T16:14:00Z,ARR,med,11.0
40,True,True,TORONTO,OTTAWA,2025-04-15,3,Kingston,KGON,2025-04-15T17:10:27Z,2025-04-15T16:53:00Z,ARR,bad,17.0
40,True,True,TORONTO,OTTAWA,2025-04-15,4,Fallowfield,FALL,2025-04-15T18:55:46Z,2025-04-15T18:43:00Z,ARR,med,12.0
40,True,True,TORONTO,OTTAWA,2025-04-15,5,Ottawa,OTTW,2025-04-15T19:17:04Z,2025-04-15T19:07:00Z,ARR,med,10.0
35,True,True,QUÉBEC,OTTAWA,2025-04-15,0,Québec,QBEC,2025-04-15T12:06:00Z,2025-04-15T12:06:00Z,ARR,goo,0.0
35,True,True,QUÉBEC,OTTAWA,2025-04-15,1,Ste-Foy,SFOY,2025-04-15T12:31:22Z,2025-04-15T12:31:00Z,ARR,goo,0.0
35,True,True,QUÉBEC,OTTAWA,2025-04-15,2,Charny,CHNY,2025-04-15T12:42:47Z,2025-04-15T12:40:00Z,ARR,goo,2.0
35,True,True,QUÉBEC,OTTAWA,2025-04-15,3,Drummondville,DRMV,2025-04-15T14:31:55Z,2025-04-15T14:14:00Z,ARR,bad,17.0
35,True,True,QUÉBEC,OTTAWA,2025-04-15,4,St. Hyacinthe,SHYA,2025-04-15T15:06:51Z,2025-04-15T14:44:00Z,ARR,bad,22.0
35,True,True,QUÉBEC,OTTAWA,2025-04-15,5,St. Lambert,SLAM,2025-04-15T15:53:43Z,2025-04-15T15:11:00Z,ARR,bad,42.0
35,True,True,QUÉBEC,OTTAWA,2025-04-15,6,Montréal,MTRL,2025-04-15T16:10:40Z,2025-04-15T15:26:00Z,ARR,bad,44.0
35,True,True,QUÉBEC,OTTAWA,2025-04-15,7,Dorval,DORV,2025-04-15T17:08:15Z,2025-04-15T16:18:00Z,ARR,bad,50.0
35,True,True,QUÉBEC,OTTAWA,2025-04-15,8,Coteau,COTO,2025-04-15T17:46:29Z,2025-04-15T16:46:00Z,ARR,bad,60.0
35,True,True,QUÉBEC,OTTAWA,2025-04-15,9,Alexandria,ALEX,2025-04-15T18:11:28Z,2025-04-15T17:08:00Z,ARR,bad,63.0
35,True,True,QUÉBEC,OTTAWA,2025-04-15,10,Casselman,CSLM,2025-04-15T18:35:15Z,2025-04-15T17:31:00Z,ARR,bad,64.0
35,True,True,QUÉBEC,OTTAWA,2025-04-15,11,Ottawa,OTTW,2025-04-15T19:05:58Z,2025-04-15T17:58:00Z,ARR,bad,67.0
71,True,True,TORONTO,WINDSOR,2025-04-15,0,Toronto,TRTO,2025-04-15T10:50:00Z,2025-04-15T10:50:00Z,ARR,goo,0.0
71,True,True,TORONTO,WINDSOR,2025-04-15,1,Oakville,OAKV,2025-04-15T11:13:00Z,2025-04-15T11:13:00Z,ARR,goo,0.0
71,True,True,TORONTO,WINDSOR,2025-04-15,2,Aldershot,ALDR,2025-04-15T11:28:28Z,2025-04-15T11:29:00Z,ARR,goo,0.0
71,True,True,TORONTO,WINDSOR,2025-04-15,3,Brantford,BRTF,2025-04-15T11:59:06Z,2025-04-15T11:55:00Z,ARR,goo,4.0
71,True,True,TORONTO,WINDSOR,2025-04-15,4,Woodstock,WDST,2025-04-15T12:40:33Z,2025-04-15T12:30:00Z,ARR,med,10.0
71,True,True,TORONTO,WINDSOR,2025-04-15,5,Ingersoll,INGR,2025-04-15T12:48:11Z,2025-04-15T12:43:00Z,ARR,med,5.0
71,True,True,TORONTO,WINDSOR,2025-04-15,6,London,LNDN,2025-04-15T13:09:13Z,2025-04-15T13:06:00Z,ARR,goo,3.0
71,True,True,TORONTO,WINDSOR,2025-04-15,7,Glencoe,GLNC,2025-04-15T13:43:32Z,2025-04-15T13:39:00Z,ARR,goo,4.0
71,True,True,TORONTO,WINDSOR,2025-04-15,8,Chatham,CHAT,2025-04-15T14:39:43Z,2025-04-15T14:18:00Z,ARR,bad,21.0
71,True,True,TORONTO,WINDSOR,2025-04-15,9,Windsor,WDON,2025-04-15T15:23:29Z,2025-04-15T15:08:00Z,ARR,bad,15.0
60,True,True,TORONTO,MONTRÉAL,2025-04-15,0,Toronto,TRTO,2025-04-15T10:32:15Z,2025-04-15T10:32:00Z,ARR,goo,0.0
60,True,True,TORONTO,MONTRÉAL,2025-04-15,1,Guildwood,GUIL,2025-04-15T10:49:18Z,2025-04-15T10:50:00Z,ARR,goo,0.0
60,True,True,TORONTO,MONTRÉAL,2025-04-15,2,Oshawa,OSHA,2025-04-15T11:11:18Z,2025-04-15T11:08:00Z,ARR,goo,3.0
60,True,True,TORONTO,MONTRÉAL,2025-04-15,3,Cobourg,CBRG,2025-04-15T11:47:28Z,2025-04-15T11:43:00Z,ARR,goo,4.0
60,True,True,TORONTO,MONTRÉAL,2025-04-15,4,Belleville,BLVL,2025-04-15T12:23:22Z,2025-04-15T12:18:00Z,ARR,med,5.0
60,True,True,TORONTO,MONTRÉAL,2025-04-15,5,Kingston,KGON,2025-04-15T13:01:49Z,2025-04-15T12:57:00Z,ARR,goo,4.0
60,True,True,TORONTO,MONTRÉAL,2025-04-15,6,Cornwall,CWLL,2025-04-15T14:43:15Z,2025-04-15T14:38:00Z,ARR,med,5.0
60,True,True,TORONTO,MONTRÉAL,2025-04-15,7,Dorval,DORV,2025-04-15T16:19:12Z,2025-04-15T15:25:00Z,ARR,bad,54.0
60,True,True,TORONTO,MONTRÉAL,2025-04-15,8,Montréal,MTRL,2025-04-15T16:45:48Z,2025-04-15T15:50:00Z,ARR,bad,55.0
22,True,True,OTTAWA,QUÉBEC,2025-04-15,0,Ottawa,OTTW,2025-04-15T10:07:00Z,2025-04-15T10:07:00Z,ARR,goo,0.0
22,True,True,OTTAWA,QUÉBEC,2025-04-15,1,Casselman,CSLM,2025-04-15T10:30:39Z,2025-04-15T10:33:00Z,ARR,goo,-2.0
22,True,True,OTTAWA,QUÉBEC,2025-04-15,2,Alexandria,ALEX,2025-04-15T10:52:11Z,2025-04-15T10:55:00Z,ARR,goo,-2.0
22,True,True,OTTAWA,QUÉBEC,2025-04-15,3,Coteau,COTO,2025-04-15T11:16:20Z,2025-04-15T11:23:00Z,ARR,goo,-6.0
22,True,True,OTTAWA,QUÉBEC,2025-04-15,4,Dorval,DORV,2025-04-15T11:51:38Z,2025-04-15T11:47:00Z,ARR,goo,4.0
22,True,True,OTTAWA,QUÉBEC,2025-04-15,5,Montréal,MTRL,2025-04-15T12:14:34Z,2025-04-15T12:11:00Z,ARR,goo,3.0
22,True,True,OTTAWA,QUÉBEC,2025-04-15,6,St. Lambert,SLAM,2025-04-15T12:54:53Z,2025-04-15T12:49:00Z,ARR,med,5.0
22,True,True,OTTAWA,QUÉBEC,2025-04-15,7,St. Hyacinthe,SHYA,2025-04-15T13:34:33Z,2025-04-15T13:16:00Z,ARR,bad,18.0
22,True,True,OTTAWA,QUÉBEC,2025-04-15,8,Drummondville,DRMV,2025-04-15T14:15:08Z,2025-04-15T13:44:00Z,ARR,bad,31.0
22,True,True,OTTAWA,QUÉBEC,2025-04-15,9,Ste-Foy,SFOY,2025-04-15T15:53:06Z,2025-04-15T15:19:00Z,ARR,bad,34.0
22,True,True,OTTAWA,QUÉBEC,2025-04-15,10,Québec,QBEC,2025-04-15T16:22:24Z,2025-04-15T15:47:00Z,ARR,bad,35.0
97,True,False,TORONTO,NIAGARA FALLS,2025-04-15,0,Toronto,TRTO,2025-04-15T12:20:00Z,2025-04-15T12:20:00Z,ARR,goo,0.0
97,True,False,TORONTO,NIAGARA FALLS,2025-04-15,1,Aldershot,ALDR,&mdash;,2025-04-15T12:56:00Z,&mdash;,,
97,True,False,TORONTO,NIAGARA FALLS,2025-04-15,2,St. Catharines,SCAT,&mdash;,2025-04-15T13:57:00Z,&mdash;,,
97,True,False,TORONTO,NIAGARA FALLS,2025-04-15,3,Niagara Falls,NIAG,&mdash;,2025-04-15T14:20:00Z,&mdash;,,
62,True,True,TORONTO,MONTRÉAL,2025-04-15,0,Toronto,TRTO,2025-04-15T12:32:00Z,2025-04-15T12:32:00Z,ARR,goo,0.0
62,True,True,TORONTO,MONTRÉAL,2025-04-15,1,Guildwood,GUIL,2025-04-15T12:54:36Z,2025-04-15T12:50:00Z,ARR,goo,4.0
62,True,True,TORONTO,MONTRÉAL,2025-04-15,2,Oshawa,OSHA,2025-04-15T13:20:49Z,2025-04-15T13:09:00Z,ARR,med,11.0
62,True,True,TORONTO,MONTRÉAL,2025-04-15,3,Cobourg,CBRG,2025-04-15T13:57:00Z,2025-04-15T13:44:00Z,ARR,med,13.0
62,True,True,TORONTO,MONTRÉAL,2025-04-15,4,Belleville,BLVL,2025-04-15T14:32:12Z,2025-04-15T14:20:00Z,ARR,med,12.0
62,True,True,TORONTO,MONTRÉAL,2025-04-15,5,Kingston,KGON,2025-04-15T15:12:11Z,2025-04-15T15:00:00Z,ARR,med,12.0
62,True,True,TORONTO,MONTRÉAL,2025-04-15,6,Cornwall,CWLL,2025-04-15T17:17:02Z,2025-04-15T16:43:00Z,ARR,bad,34.0
62,True,True,TORONTO,MONTRÉAL,2025-04-15,7,Dorval,DORV,2025-04-15T18:38:17Z,2025-04-15T17:34:00Z,ARR,bad,64.0
62,True,True,TORONTO,MONTRÉAL,2025-04-15,8,Montréal,MTRL,2025-04-15T19:07:24Z,2025-04-15T18:00:00Z,ARR,bad,67.0
644,True,True,TORONTO,OTTAWA,2025-04-15,0,Toronto,TRTO,2025-04-15T17:22:00Z,2025-04-15T17:22:00Z,ARR,goo,0.0
644,True,True,TORONTO,OTTAWA,2025-04-15,1,Oshawa,OSHA,2025-04-15T17:56:22Z,2025-04-15T17:53:00Z,ARR,goo,3.0
644,True,True,TORONTO,OTTAWA,2025-04-15,2,Cobourg,CBRG,2025-04-15T18:41:08Z,2025-04-15T18:28:00Z,ARR,med,13.0
644,True,True,TORONTO,OTTAWA,2025-04-15,3,Belleville,BLVL,2025-04-15T19:22:16Z,2025-04-15T19:03:00Z,ARR,bad,19.0
644,True,True,TORONTO,OTTAWA,2025-04-15,4,Kingston,KGON,2025-04-15T20:09:20Z,2025-04-15T19:43:00Z,ARR,bad,26.0
644,True,True,TORONTO,OTTAWA,2025-04-15,5,Fallowfield,FALL,2025-04-15T21:52:02Z,2025-04-15T21:30:00Z,ARR,bad,22.0
644,True,True,TORONTO,OTTAWA,2025-04-15,6,Ottawa,OTTW,2025-04-15T22:23:36Z,2025-04-15T21:53:00Z,ARR,bad,30.0
636,True,True,OTTAWA,MONTRÉAL,2025-04-15,0,Montréal,MTRL,2025-04-15T07:04:32Z,2025-04-15T07:03:00Z,ARR,goo,1.0
41,True,True,OTTAWA,TORONTO,2025-04-15,0,Ottawa,OTTW,2025-04-15T09:21:46Z,2025-04-15T09:21:00Z,ARR,goo,0.0
41,True,True,OTTAWA,TORONTO,2025-04-15,1,Fallowfield,FALL,2025-04-15T09:38:38Z,2025-04-15T09:38:00Z,ARR,goo,0.0
41,True,True,OTTAWA,TORONTO,2025-04-15,2,Smiths Falls,SMTF,2025-04-15T10:06:59Z,2025-04-15T10:08:00Z,ARR,goo,-1.0
41,True,True,OTTAWA,TORONTO,2025-04-15,3,Brockville,BRKV,2025-04-15T10:37:37Z,2025-04-15T10:40:00Z,ARR,goo,-2.0
41,True,True,OTTAWA,TORONTO,2025-04-15,4,Kingston,KGON,2025-04-15T11:36:53Z,2025-04-15T11:25:00Z,ARR,med,11.0
41,True,True,OTTAWA,TORONTO,2025-04-15,5,Napanee,NAPN,2025-04-15T12:02:31Z,2025-04-15T11:49:00Z,ARR,med,13.0
41,True,True,OTTAWA,TORONTO,2025-04-15,6,Belleville,BLVL,2025-04-15T12:28:47Z,2025-04-15T12:07:00Z,ARR,bad,21.0
41,True,True,OTTAWA,TORONTO,2025-04-15,7,Trenton Jct.,TRNJ,2025-04-15T12:43:30Z,2025-04-15T12:20:00Z,ARR,bad,23.0
41,True,True,OTTAWA,TORONTO,2025-04-15,8,Cobourg,CBRG,2025-04-15T13:14:26Z,2025-04-15T12:44:00Z,ARR,bad,30.0
41,True,True,OTTAWA,TORONTO,2025-04-15,9,Oshawa,OSHA,2025-04-15T13:55:00Z,2025-04-15T13:19:00Z,ARR,bad,36.0
41,True,True,OTTAWA,TORONTO,2025-04-15,10,Toronto,TRTO,2025-04-15T14:33:03Z,2025-04-15T14:02:00Z,ARR,bad,31.0
76,True,True,WINDSOR,TORONTO,2025-04-15,0,Windsor,WDON,2025-04-15T17:46:25Z,2025-04-15T17:46:00Z,ARR,goo,0.0
76,True,True,WINDSOR,TORONTO,2025-04-15,1,Chatham,CHAT,2025-04-15T18:27:24Z,2025-04-15T18:28:00Z,ARR,goo,0.0
76,True,True,WINDSOR,TORONTO,2025-04-15,2,Glencoe,GLNC,2025-04-15T19:09:44Z,2025-04-15T19:03:00Z,ARR,med,6.0
76,True,True,WINDSOR,TORONTO,2025-04-15,3,London,LNDN,2025-04-15T19:40:08Z,2025-04-15T19:38:00Z,ARR,goo,2.0
76,True,True,WINDSOR,TORONTO,2025-04-15,4,Brantford,BRTF,2025-04-15T20:37:06Z,2025-04-15T20:39:00Z,ARR,goo,-1.0
76,True,True,WINDSOR,TORONTO,2025-04-15,5,Aldershot,ALDR,2025-04-15T21:12:47Z,2025-04-15T21:10:00Z,ARR,goo,2.0
76,True,True,WINDSOR,TORONTO,2025-04-15,6,Oakville,OAKV,2025-04-15T21:28:33Z,2025-04-15T21:27:00Z,ARR,goo,1.0
76,True,True,WINDSOR,TORONTO,2025-04-15,7,Toronto,TRTO,2025-04-15T21:57:04Z,2025-04-15T21:53:00Z,ARR,goo,4.0
645,True,True,OTTAWA,TORONTO,2025-04-15,0,Ottawa,OTTW,2025-04-15T18:29:00Z,2025-04-15T18:29:00Z,ARR,goo,0.0
645,True,True,OTTAWA,TORONTO,2025-04-15,1,Fallowfield,FALL,2025-04-15T18:48:52Z,2025-04-15T18:49:00Z,ARR,goo,0.0
645,True,True,OTTAWA,TORONTO,2025-04-15,2,Kingston,KGON,2025-04-15T20:44:44Z,2025-04-15T20:34:00Z,ARR,med,10.0
645,True,True,OTTAWA,TORONTO,2025-04-15,3,Belleville,BLVL,2025-04-15T21:32:47Z,2025-04-15T21:15:00Z,ARR,bad,17.0
645,True,True,OTTAWA,TORONTO,2025-04-15,4,Oshawa,OSHA,2025-04-15T22:58:00Z,2025-04-15T22:20:00Z,ARR,bad,38.0
645,True,True,OTTAWA,TORONTO,2025-04-15,5,Toronto,TRTO,2025-04-15T23:42:12Z,2025-04-15T23:15:00Z,ARR,bad,27.0
44,True,True,TORONTO,OTTAWA,2025-04-15,0,Toronto,TRTO,2025-04-15T18:22:00Z,2025-04-15T18:22:00Z,ARR,goo,0.0
44,True,True,TORONTO,OTTAWA,2025-04-15,1,Oshawa,OSHA,2025-04-15T18:56:59Z,2025-04-15T18:54:00Z,ARR,goo,2.0
44,True,True,TORONTO,OTTAWA,2025-04-15,2,Kingston,KGON,2025-04-15T21:26:54Z,2025-04-15T20:32:00Z,ARR,bad,54.0
44,True,True,TORONTO,OTTAWA,2025-04-15,3,Brockville,BRKV,2025-04-15T22:22:03Z,2025-04-15T21:19:00Z,ARR,bad,63.0
44,True,True,TORONTO,OTTAWA,2025-04-15,4,Smiths Falls,SMTF,2025-04-15T22:51:37Z,2025-04-15T21:50:00Z,ARR,bad,61.0
44,True,True,TORONTO,OTTAWA,2025-04-15,5,Fallowfield,FALL,2025-04-15T23:18:10Z,2025-04-15T22:22:00Z,ARR,bad,56.0
44,True,True,TORONTO,OTTAWA,2025-04-15,6,Ottawa,OTTW,2025-04-15T23:37:50Z,2025-04-15T22:43:00Z,ARR,bad,54.0
26,True,True,OTTAWA,QUÉBEC,2025-04-15,0,Ottawa,OTTW,2025-04-15T18:19:02Z,2025-04-15T18:17:00Z,ARR,goo,2.0
26,True,True,OTTAWA,QUÉBEC,2025-04-15,1,Alexandria,ALEX,2025-04-15T19:14:16Z,2025-04-15T19:03:00Z,ARR,med,11.0
26,True,True,OTTAWA,QUÉBEC,2025-04-15,2,Coteau,COTO,2025-04-15T19:34:40Z,2025-04-15T19:26:00Z,ARR,med,8.0
26,True,True,OTTAWA,QUÉBEC,2025-04-15,3,Dorval,DORV,2025-04-15T20:02:05Z,2025-04-15T19:49:00Z,ARR,med,13.0
26,True,True,OTTAWA,QUÉBEC,2025-04-15,4,Montréal,MTRL,2025-04-15T20:28:53Z,2025-04-15T20:15:00Z,ARR,med,13.0
26,True,True,OTTAWA,QUÉBEC,2025-04-15,5,St. Lambert,SLAM,2025-04-15T21:12:36Z,2025-04-15T20:53:00Z,ARR,bad,19.0
26,True,True,OTTAWA,QUÉBEC,2025-04-15,6,St. Hyacinthe,SHYA,2025-04-15T21:47:18Z,2025-04-15T21:20:00Z,ARR,bad,27.0
26,True,True,OTTAWA,QUÉBEC,2025-04-15,7,Drummondville,DRMV,2025-04-15T22:33:57Z,2025-04-15T22:05:00Z,ARR,bad,28.0
26,True,True,OTTAWA,QUÉBEC,2025-04-15,8,Charny,CHNY,2025-04-16T00:08:22Z,2025-04-15T23:44:00Z,ARR,bad,24.0
26,True,True,OTTAWA,QUÉBEC,2025-04-15,9,Ste-Foy,SFOY,2025-04-16T00:16:42Z,2025-04-15T23:52:00Z,ARR,bad,24.0
26,True,True,OTTAWA,QUÉBEC,2025-04-15,10,Québec,QBEC,2025-04-16T00:46:08Z,2025-04-16T00:19:00Z,ARR,bad,27.0
39,True,True,QUÉBEC,OTTAWA,2025-04-15,0,Québec,QBEC,2025-04-15T18:57:00Z,2025-04-15T18:57:00Z,ARR,goo,0.0
39,True,True,QUÉBEC,OTTAWA,2025-04-15,1,Ste-Foy,SFOY,2025-04-15T19:22:50Z,2025-04-15T19:22:00Z,ARR,goo,0.0
39,True,True,QUÉBEC,OTTAWA,2025-04-15,2,Drummondville,DRMV,2025-04-15T21:17:31Z,2025-04-15T20:58:00Z,ARR,bad,19.0
39,True,True,QUÉBEC,OTTAWA,2025-04-15,3,St. Lambert,SLAM,2025-04-15T22:23:36Z,2025-04-15T21:57:00Z,ARR,bad,26.0
39,True,True,QUÉBEC,OTTAWA,2025-04-15,4,Montréal,MTRL,2025-04-15T22:44:52Z,2025-04-15T22:11:00Z,ARR,bad,33.0
39,True,True,QUÉBEC,OTTAWA,2025-04-15,5,Dorval,DORV,2025-04-15T23:30:10Z,2025-04-15T23:14:00Z,ARR,bad,16.0
39,True,True,QUÉBEC,OTTAWA,2025-04-15,6,Coteau,COTO,2025-04-16T00:02:39Z,2025-04-15T23:43:00Z,ARR,bad,19.0
39,True,True,QUÉBEC,OTTAWA,2025-04-15,7,Alexandria,ALEX,2025-04-16T00:21:36Z,2025-04-16T00:06:00Z,ARR,bad,15.0
39,True,True,QUÉBEC,OTTAWA,2025-04-15,8,Ottawa,OTTW,2025-04-16T01:04:23Z,2025-04-16T00:51:00Z,ARR,med,13.0
66,True,True,TORONTO,MONTRÉAL,2025-04-15,0,Toronto,TRTO,2025-04-15T19:22:39Z,2025-04-15T19:22:00Z,ARR,goo,0.0
66,True,True,TORONTO,MONTRÉAL,2025-04-15,1,Guildwood,GUIL,2025-04-15T19:47:08Z,2025-04-15T19:40:00Z,ARR,med,7.0
66,True,True,TORONTO,MONTRÉAL,2025-04-15,2,Oshawa,OSHA,2025-04-15T20:15:33Z,2025-04-15T19:54:00Z,ARR,bad,21.0
66,True,True,TORONTO,MONTRÉAL,2025-04-15,3,Belleville,BLVL,2025-04-15T21:19:22Z,2025-04-15T21:00:00Z,ARR,bad,19.0
66,True,True,TORONTO,MONTRÉAL,2025-04-15,4,Kingston,KGON,2025-04-15T21:58:13Z,2025-04-15T21:40:00Z,ARR,bad,18.0
66,True,True,TORONTO,MONTRÉAL,2025-04-15,5,Cornwall,CWLL,2025-04-15T23:21:20Z,2025-04-15T23:07:00Z,ARR,med,14.0
66,True,True,TORONTO,MONTRÉAL,2025-04-15,6,Dorval,DORV,2025-04-16T00:11:50Z,2025-04-15T23:58:00Z,ARR,med,13.0
66,True,True,TORONTO,MONTRÉAL,2025-04-15,7,Montréal,MTRL,2025-04-16T00:37:59Z,2025-04-16T00:25:00Z,ARR,med,12.0
46,True,True,TORONTO,OTTAWA,2025-04-15,0,Toronto,TRTO,2025-04-15T19:37:23Z,2025-04-15T19:37:00Z,ARR,goo,0.0
46,True,True,TORONTO,OTTAWA,2025-04-15,1,Oshawa,OSHA,2025-04-15T20:24:23Z,2025-04-15T20:09:00Z,ARR,bad,15.0
46,True,True,TORONTO,OTTAWA,2025-04-15,2,Cobourg,CBRG,2025-04-15T20:55:15Z,2025-04-15T20:43:00Z,ARR,med,12.0
46,True,True,TORONTO,OTTAWA,2025-04-15,3,Kingston,KGON,2025-04-15T22:15:49Z,2025-04-15T21:54:00Z,ARR,bad,21.0
46,True,True,TORONTO,OTTAWA,2025-04-15,4,Brockville,BRKV,2025-04-15T22:58:15Z,2025-04-15T22:40:00Z,ARR,bad,18.0
46,True,True,TORONTO,OTTAWA,2025-04-15,5,Fallowfield,FALL,2025-04-15T23:55:32Z,2025-04-15T23:40:00Z,ARR,bad,15.0
46,True,True,TORONTO,OTTAWA,2025-04-15,6,Ottawa,OTTW,2025-04-16T00:13:52Z,2025-04-16T00:00:00Z,ARR,med,13.0
83,True,True,TORONTO,LONDON,2025-04-15,0,Toronto,TRTO,2025-04-15T20:23:00Z,2025-04-15T20:15:00Z,ARR,med,8.0
83,True,True,TORONTO,LONDON,2025-04-15,1,Aldershot,ALDR,2025-04-15T21:02:28Z,2025-04-15T20:50:00Z,ARR,med,12.0
83,True,True,TORONTO,LONDON,2025-04-15,2,Brantford,BRTF,2025-04-15T21:36:51Z,2025-04-15T21:20:00Z,ARR,bad,16.0
83,True,True,TORONTO,LONDON,2025-04-15,3,Woodstock,WDST,2025-04-15T22:07:56Z,2025-04-15T21:48:00Z,ARR,bad,19.0
83,True,True,TORONTO,LONDON,2025-04-15,4,London,LNDN,2025-04-15T22:43:47Z,2025-04-15T22:27:00Z,ARR,bad,16.0
28,True,True,OTTAWA,QUÉBEC,2025-04-15,0,Ottawa,OTTW,2025-04-15T20:05:00Z,2025-04-15T20:05:00Z,ARR,goo,0.0
28,True,True,OTTAWA,QUÉBEC,2025-04-15,1,Casselman,CSLM,2025-04-15T20:30:09Z,2025-04-15T20:31:00Z,ARR,goo,0.0
28,True,True,OTTAWA,QUÉBEC,2025-04-15,2,Alexandria,ALEX,2025-04-15T20:56:06Z,2025-04-15T20:53:00Z,ARR,goo,3.0
28,True,True,OTTAWA,QUÉBEC,2025-04-15,3,Coteau,COTO,2025-04-15T21:17:28Z,2025-04-15T21:15:00Z,ARR,goo,2.0
28,True,True,OTTAWA,QUÉBEC,2025-04-15,4,Dorval,DORV,2025-04-15T21:47:03Z,2025-04-15T21:38:00Z,ARR,med,9.0
28,True,True,OTTAWA,QUÉBEC,2025-04-15,5,Montréal,MTRL,2025-04-15T22:12:14Z,2025-04-15T22:04:00Z,ARR,med,8.0
28,True,True,OTTAWA,QUÉBEC,2025-04-15,6,St. Lambert,SLAM,2025-04-15T23:03:56Z,2025-04-15T22:38:00Z,ARR,bad,25.0
28,True,True,OTTAWA,QUÉBEC,2025-04-15,7,St. Hyacinthe,SHYA,2025-04-15T23:38:01Z,2025-04-15T23:06:00Z,ARR,bad,32.0
28,True,True,OTTAWA,QUÉBEC,2025-04-15,8,Drummondville,DRMV,2025-04-16T00:16:33Z,2025-04-15T23:52:00Z,ARR,bad,24.0
28,True,True,OTTAWA,QUÉBEC,2025-04-15,9,Charny,CHNY,2025-04-16T01:49:20Z,2025-04-16T01:14:00Z,ARR,bad,35.0
28,True,True,OTTAWA,QUÉBEC,2025-04-15,10,Ste-Foy,SFOY,2025-04-16T01:58:04Z,2025-04-16T01:21:00Z,ARR,bad,37.0
28,True,True,OTTAWA,QUÉBEC,2025-04-15,11,Québec,QBEC,2025-04-16T02:26:19Z,2025-04-16T01:48:00Z,ARR,bad,38.0
69,True,True,MONTRÉAL,TORONTO,2025-04-15,0,Montréal,MTRL,2025-04-15T20:38:00Z,2025-04-15T20:38:00Z,ARR,goo,0.0
69,True,True,MONTRÉAL,TORONTO,2025-04-15,1,Dorval,DORV,2025-04-15T21:17:16Z,2025-04-15T21:04:00Z,ARR,med,13.0
69,True,True,MONTRÉAL,TORONTO,2025-04-15,2,Cornwall,CWLL,2025-04-15T22:17:07Z,2025-04-15T21:53:00Z,ARR,bad,24.0
69,True,True,MONTRÉAL,TORONTO,2025-04-15,3,Brockville,BRKV,2025-04-15T23:07:16Z,2025-04-15T22:40:00Z,ARR,bad,27.0
69,True,True,MONTRÉAL,TORONTO,2025-04-15,4,Kingston,KGON,2025-04-15T23:59:37Z,2025-04-15T23:24:00Z,ARR,bad,35.0
69,True,True,MONTRÉAL,TORONTO,2025-04-15,5,Oshawa,OSHA,2025-04-16T02:03:15Z,2025-04-16T01:05:00Z,ARR,bad,58.0
69,True,True,MONTRÉAL,TORONTO,2025-04-15,6,Guildwood,GUIL,2025-04-16T02:22:08Z,2025-04-16T01:28:00Z,ARR,bad,54.0
69,True,True,MONTRÉAL,TORONTO,2025-04-15,7,Toronto,TRTO,2025-04-16T02:43:10Z,2025-04-16T01:48:00Z,ARR,bad,55.0
68,True,True,TORONTO,MONTRÉAL,2025-04-15,0,Toronto,TRTO,2025-04-15T21:07:00Z,2025-04-15T21:07:00Z,ARR,goo,0.0
68,True,True,TORONTO,MONTRÉAL,2025-04-15,1,Oshawa,OSHA,2025-04-15T21:46:22Z,2025-04-15T21:39:00Z,ARR,med,7.0
68,True,True,TORONTO,MONTRÉAL,2025-04-15,2,Cobourg,CBRG,2025-04-15T22:23:14Z,2025-04-15T22:14:00Z,ARR,med,9.0
68,True,True,TORONTO,MONTRÉAL,2025-04-15,3,Belleville,BLVL,2025-04-15T22:57:46Z,2025-04-15T22:49:00Z,ARR,med,8.0
68,True,True,TORONTO,MONTRÉAL,2025-04-15,4,Kingston,KGON,2025-04-15T23:34:46Z,2025-04-15T23:26:00Z,ARR,med,8.0
68,True,True,TORONTO,MONTRÉAL,2025-04-15,5,Brockville,BRKV,2025-04-16T00:18:01Z,2025-04-16T00:11:00Z,ARR,med,7.0
68,True,True,TORONTO,MONTRÉAL,2025-04-15,6,Cornwall,CWLL,2025-04-16T01:02:33Z,2025-04-16T00:57:00Z,ARR,med,5.0
68,True,True,TORONTO,MONTRÉAL,2025-04-15,7,Dorval,DORV,2025-04-16T02:01:45Z,2025-04-16T01:47:00Z,ARR,med,14.0
68,True,True,TORONTO,MONTRÉAL,2025-04-15,8,Montréal,MTRL,2025-04-16T02:26:23Z,2025-04-16T02:14:00Z,ARR,med,12.0
54,True,True,TORONTO,OTTAWA,2025-04-15,0,Toronto,TRTO,2025-04-15T21:39:00Z,2025-04-15T21:37:00Z,ARR,goo,2.0
54,True,True,TORONTO,OTTAWA,2025-04-15,1,Guildwood,GUIL,2025-04-15T21:57:15Z,2025-04-15T21:55:00Z,ARR,goo,2.0
54,True,True,TORONTO,OTTAWA,2025-04-15,2,Oshawa,OSHA,2025-04-15T22:14:40Z,2025-04-15T22:08:00Z,ARR,med,6.0
54,True,True,TORONTO,OTTAWA,2025-04-15,3,Port Hope,PHOP,2025-04-15T22:50:09Z,2025-04-15T22:37:00Z,ARR,med,13.0
54,True,True,TORONTO,OTTAWA,2025-04-15,4,Cobourg,CBRG,2025-04-15T22:59:04Z,2025-04-15T22:46:00Z,ARR,med,13.0
54,True,True,TORONTO,OTTAWA,2025-04-15,5,Trenton Jct.,TRNJ,2025-04-15T23:25:06Z,2025-04-15T23:13:01Z,ARR,med,12.0
54,True,True,TORONTO,OTTAWA,2025-04-15,6,Belleville,BLVL,2025-04-15T23:37:08Z,2025-04-15T23:27:00Z,ARR,med,10.0
54,True,True,TORONTO,OTTAWA,2025-04-15,7,Napanee,NAPN,2025-04-15T23:57:12Z,2025-04-15T23:48:00Z,ARR,med,9.0
54,True,True,TORONTO,OTTAWA,2025-04-15,8,Kingston,KGON,2025-04-16T00:17:06Z,2025-04-16T00:09:00Z,ARR,med,8.0
54,True,True,TORONTO,OTTAWA,2025-04-15,9,Brockville,BRKV,2025-04-16T01:02:41Z,2025-04-16T00:54:00Z,ARR,med,8.0
54,True,True,TORONTO,OTTAWA,2025-04-15,10,Smiths Falls,SMTF,2025-04-16T01:30:45Z,2025-04-16T01:25:00Z,ARR,med,5.0
54,True,True,TORONTO,OTTAWA,2025-04-15,11,Fallowfield,FALL,2025-04-16T01:56:18Z,2025-04-16T01:52:00Z,ARR,goo,4.0
54,True,True,TORONTO,OTTAWA,2025-04-15,12,Ottawa,OTTW,2025-04-16T02:15:51Z,2025-04-16T02:13:00Z,ARR,goo,2.0
75,True,True,TORONTO,WINDSOR,2025-04-15,0,Toronto,TRTO,2025-04-15T21:22:38Z,2025-04-15T21:22:00Z,ARR,goo,0.0
75,True,True,TORONTO,WINDSOR,2025-04-15,1,Oakville,OAKV,2025-04-15T21:47:13Z,2025-04-15T21:45:00Z,ARR,goo,2.0
75,True,True,TORONTO,WINDSOR,2025-04-15,2,Aldershot,ALDR,2025-04-15T22:05:41Z,2025-04-15T22:01:00Z,ARR,goo,4.0
75,True,True,TORONTO,WINDSOR,2025-04-15,3,Brantford,BRTF,2025-04-15T22:39:07Z,2025-04-15T22:33:00Z,ARR,med,6.0
75,True,True,TORONTO,WINDSOR,2025-04-15,4,Woodstock,WDST,2025-04-15T23:08:42Z,2025-04-15T23:04:00Z,ARR,goo,4.0
75,True,True,TORONTO,WINDSOR,2025-04-15,5,Ingersoll,INGR,2025-04-15T23:20:17Z,2025-04-15T23:19:00Z,ARR,goo,1.0
75,True,True,TORONTO,WINDSOR,2025-04-15,6,London,LNDN,2025-04-15T23:50:46Z,2025-04-15T23:47:00Z,ARR,goo,3.0
75,True,True,TORONTO,WINDSOR,2025-04-15,7,Glencoe,GLNC,2025-04-16T00:28:10Z,2025-04-16T00:21:00Z,ARR,med,7.0
75,True,True,TORONTO,WINDSOR,2025-04-15,8,Chatham,CHAT,2025-04-16T01:10:30Z,2025-04-16T00:55:00Z,ARR,bad,15.0
75,True,True,TORONTO,WINDSOR,2025-04-15,9,Windsor,WDON,2025-04-16T01:58:06Z,2025-04-16T01:50:00Z,ARR,med,8.0
87,True,True,TORONTO,SARNIA,2025-04-15,0,Toronto,TRTO,2025-04-15T21:43:45Z,2025-04-15T21:40:00Z,ARR,goo,3.0
87,True,True,TORONTO,SARNIA,2025-04-15,1,Malton,MALT,2025-04-15T22:00:39Z,2025-04-15T22:00:00Z,ARR,goo,0.0
87,True,True,TORONTO,SARNIA,2025-04-15,2,Brampton,BRMP,2025-04-15T22:11:44Z,2025-04-15T22:12:00Z,ARR,goo,0.0
87,True,True,TORONTO,SARNIA,2025-04-15,3,Georgetown,GEOR,2025-04-15T22:23:31Z,2025-04-15T22:24:00Z,ARR,goo,0.0
87,True,True,TORONTO,SARNIA,2025-04-15,4,Guelph,GUEL,2025-04-15T22:50:02Z,2025-04-15T22:49:00Z,ARR,goo,1.0
87,True,True,TORONTO,SARNIA,2025-04-15,5,Kitchener,KITC,2025-04-15T23:17:33Z,2025-04-15T23:16:00Z,ARR,goo,1.0
87,True,True,TORONTO,SARNIA,2025-04-15,6,Stratford,STRF,2025-04-16T00:01:21Z,2025-04-15T23:57:00Z,ARR,goo,4.0
87,True,True,TORONTO,SARNIA,2025-04-15,7,St.Marys,SMYS,2025-04-16T00:34:17Z,2025-04-16T00:25:00Z,ARR,med,9.0
87,True,True,TORONTO,SARNIA,2025-04-15,8,London,LNDN,2025-04-16T01:31:22Z,2025-04-16T01:13:00Z,ARR,bad,18.0
87,True,True,TORONTO,SARNIA,2025-04-15,9,Strathroy,STRR,2025-04-16T01:55:34Z,2025-04-16T01:39:00Z,ARR,bad,16.0
87,True,True,TORONTO,SARNIA,2025-04-15,10,Wyoming,WYOM,2025-04-16T02:18:47Z,2025-04-16T02:07:00Z,ARR,med,11.0
87,True,True,TORONTO,SARNIA,2025-04-15,11,Sarnia,SARN,2025-04-16T02:36:04Z,2025-04-16T02:24:00Z,ARR,med,12.0
29,True,True,QUÉBEC,MONTRÉAL,2025-04-15,0,Québec,QBEC,2025-04-15T21:41:00Z,2025-04-15T21:41:00Z,ARR,goo,0.0
29,True,True,QUÉBEC,MONTRÉAL,2025-04-15,1,Ste-Foy,SFOY,2025-04-15T22:06:30Z,2025-04-15T22:06:00Z,ARR,goo,0.0
29,True,True,QUÉBEC,MONTRÉAL,2025-04-15,2,Drummondville,DRMV,2025-04-15T23:59:45Z,2025-04-15T23:42:00Z,ARR,bad,17.0
29,True,True,QUÉBEC,MONTRÉAL,2025-04-15,3,St. Hyacinthe,SHYA,2025-04-16T00:39:58Z,2025-04-16T00:18:00Z,ARR,bad,21.0
29,True,True,QUÉBEC,MONTRÉAL,2025-04-15,4,St. Lambert,SLAM,2025-04-16T01:13:12Z,2025-04-16T00:45:00Z,ARR,bad,28.0
29,True,True,QUÉBEC,MONTRÉAL,2025-04-15,5,Montréal,MTRL,2025-04-16T01:28:05Z,2025-04-16T01:00:00Z,ARR,bad,28.0
668,True,True,TORONTO,MONTRÉAL,2025-04-15,0,Toronto,TRTO,2025-04-15T22:07:00Z,2025-04-15T22:07:00Z,ARR,goo,0.0
668,True,True,TORONTO,MONTRÉAL,2025-04-15,1,Guildwood,GUIL,2025-04-15T22:24:29Z,2025-04-15T22:25:00Z,ARR,goo,0.0
668,True,True,TORONTO,MONTRÉAL,2025-04-15,2,Oshawa,OSHA,2025-04-15T22:43:30Z,2025-04-15T22:39:00Z,ARR,goo,4.0
668,True,True,TORONTO,MONTRÉAL,2025-04-15,3,Kingston,KGON,2025-04-16T00:26:14Z,2025-04-16T00:22:00Z,ARR,goo,4.0
668,True,True,TORONTO,MONTRÉAL,2025-04-15,4,Cornwall,CWLL,2025-04-16T01:53:10Z,2025-04-16T01:49:00Z,ARR,goo,4.0
668,True,True,TORONTO,MONTRÉAL,2025-04-15,5,Dorval,DORV,2025-04-16T02:47:10Z,2025-04-16T02:38:00Z,ARR,med,9.0
668,True,True,TORONTO,MONTRÉAL,2025-04-15,6,Montréal,MTRL,2025-04-16T03:13:08Z,2025-04-16T03:04:00Z,ARR,med,9.0
59,True,True,OTTAWA,TORONTO,2025-04-15,0,Ottawa,OTTW,2025-04-15T22:03:00Z,2025-04-15T22:03:00Z,ARR,goo,0.0
59,True,True,OTTAWA,TORONTO,2025-04-15,1,Fallowfield,FALL,2025-04-15T22:18:36Z,2025-04-15T22:20:00Z,ARR,goo,-1.0
59,True,True,OTTAWA,TORONTO,2025-04-15,2,Smiths Falls,SMTF,2025-04-15T23:03:40Z,2025-04-15T22:51:00Z,ARR,med,12.0
59,True,True,OTTAWA,TORONTO,2025-04-15,3,Brockville,BRKV,2025-04-15T23:43:20Z,2025-04-15T23:25:00Z,ARR,bad,18.0
59,True,True,OTTAWA,TORONTO,2025-04-15,4,Kingston,KGON,2025-04-16T00:29:17Z,2025-04-16T00:10:00Z,ARR,bad,19.0
59,True,True,OTTAWA,TORONTO,2025-04-15,5,Belleville,BLVL,2025-04-16T01:17:56Z,2025-04-16T00:51:00Z,ARR,bad,26.0
59,True,True,OTTAWA,TORONTO,2025-04-15,6,Trenton Jct.,TRNJ,2025-04-16T01:31:09Z,2025-04-16T01:05:00Z,ARR,bad,26.0
59,True,True,OTTAWA,TORONTO,2025-04-15,7,Cobourg,CBRG,2025-04-16T02:04:57Z,2025-04-16T01:31:00Z,ARR,bad,33.0
59,True,True,OTTAWA,TORONTO,2025-04-15,8,Oshawa,OSHA,2025-04-16T02:51:51Z,2025-04-16T02:05:00Z,ARR,bad,46.0
59,True,True,OTTAWA,TORONTO,2025-04-15,9,Guildwood,GUIL,2025-04-16T03:13:50Z,2025-04-16T02:28:00Z,ARR,bad,45.0
59,True,True,OTTAWA,TORONTO,2025-04-15,10,Toronto,TRTO,2025-04-16T03:34:11Z,2025-04-16T02:48:00Z,ARR,bad,46.0
78,True,True,WINDSOR,TORONTO,2025-04-15,0,Windsor,WDON,2025-04-15T21:40:00Z,2025-04-15T21:40:00Z,ARR,goo,0.0
78,True,True,WINDSOR,TORONTO,2025-04-15,1,Chatham,CHAT,2025-04-15T22:23:07Z,2025-04-15T22:24:00Z,ARR,goo,0.0
78,True,True,WINDSOR,TORONTO,2025-04-15,2,Glencoe,GLNC,2025-04-15T23:08:11Z,2025-04-15T22:59:00Z,ARR,med,9.0
78,True,True,WINDSOR,TORONTO,2025-04-15,3,London,LNDN,2025-04-15T23:38:40Z,2025-04-15T23:32:00Z,ARR,med,6.0
78,True,True,WINDSOR,TORONTO,2025-04-15,4,Ingersoll,INGR,2025-04-16T00:03:56Z,2025-04-15T23:57:00Z,ARR,med,6.0
78,True,True,WINDSOR,TORONTO,2025-04-15,5,Woodstock,WDST,2025-04-16T00:15:04Z,2025-04-16T00:08:00Z,ARR,med,7.0
78,True,True,WINDSOR,TORONTO,2025-04-15,6,Brantford,BRTF,2025-04-16T00:46:09Z,2025-04-16T00:39:00Z,ARR,med,7.0
78,True,True,WINDSOR,TORONTO,2025-04-15,7,Aldershot,ALDR,2025-04-16T01:18:51Z,2025-04-16T01:09:00Z,ARR,med,9.0
78,True,True,WINDSOR,TORONTO,2025-04-15,8,Oakville,OAKV,2025-04-16T01:36:13Z,2025-04-16T01:24:00Z,ARR,med,12.0
78,True,True,WINDSOR,TORONTO,2025-04-15,9,Toronto,TRTO,2025-04-16T02:09:12Z,2025-04-16T01:50:00Z,ARR,bad,19.0
98,True,True,NIAGARA FALLS,TORONTO,2025-04-15,0,St. Catharines,SCAT,&mdash;,2025-04-15T22:06:00Z,&mdash;,,
98,True,True,NIAGARA FALLS,TORONTO,2025-04-15,1,Grimsby,GRIM,2025-04-15T22:29:00Z,2025-04-15T22:26:00Z,ARR,goo,3.0
98,True,True,NIAGARA FALLS,TORONTO,2025-04-15,2,Aldershot,ALDR,&mdash;,2025-04-15T23:02:00Z,&mdash;,,
98,True,True,NIAGARA FALLS,TORONTO,2025-04-15,3,Oakville,OAKV,&mdash;,2025-04-15T23:16:00Z,&mdash;,,
98,True,True,NIAGARA FALLS,TORONTO,2025-04-15,4,Toronto,TRTO,2025-04-15T23:41:00Z,2025-04-15T23:43:00Z,ARR,goo,-2.0
38,True,True,OTTAWA,MONTRÉAL,2025-04-15,0,Ottawa,OTTW,2025-04-15T21:55:00Z,2025-04-15T21:55:00Z,ARR,goo,0.0
38,True,True,OTTAWA,MONTRÉAL,2025-04-15,1,Casselman,CSLM,2025-04-15T22:20:00Z,2025-04-15T22:26:00Z,ARR,goo,-6.0
38,True,True,OTTAWA,MONTRÉAL,2025-04-15,2,Alexandria,ALEX,2025-04-15T22:42:22Z,2025-04-15T22:49:00Z,ARR,goo,-6.0
38,True,True,OTTAWA,MONTRÉAL,2025-04-15,3,Dorval,DORV,2025-04-15T23:41:19Z,2025-04-15T23:33:00Z,ARR,med,8.0
38,True,True,OTTAWA,MONTRÉAL,2025-04-15,4,Montréal,MTRL,2025-04-16T00:05:51Z,2025-04-15T23:57:00Z,ARR,med,8.0
669,True,False,MONTRÉAL,TORONTO,2025-04-15,0,Montréal,MTRL,2025-04-15T22:09:00Z,2025-04-15T22:09:00Z,ARR,goo,0.0
669,True,False,MONTRÉAL,TORONTO,2025-04-15,1,Dorval,DORV,2025-04-15T22:31:48Z,2025-04-15T22:34:00Z,ARR,goo,-2.0
669,True,False,MONTRÉAL,TORONTO,2025-04-15,2,Cornwall,CWLL,2025-04-15T23:34:06Z,2025-04-15T23:26:00Z,ARR,med,8.0
669,True,False,MONTRÉAL,TORONTO,2025-04-15,3,Kingston,KGON,2025-04-16T01:12:42Z,2025-04-16T00:52:00Z,ARR,bad,20.0
669,True,False,MONTRÉAL,TORONTO,2025-04-15,4,Oshawa,OSHA,2025-04-16T03:14:37Z,2025-04-16T02:35:00Z,ARR,bad,39.0
669,True,False,MONTRÉAL,TORONTO,2025-04-15,5,Toronto,TRTO,2025-04-16T03:59:06Z,2025-04-16T03:18:00Z,4 mins,bad,41.0
48,True,True,TORONTO,OTTAWA,2025-04-15,0,Toronto,TRTO,2025-04-15T22:37:35Z,2025-04-15T22:37:00Z,ARR,goo,0.0
48,True,True,TORONTO,OTTAWA,2025-04-15,1,Oshawa,OSHA,2025-04-15T23:15:45Z,2025-04-15T23:08:00Z,ARR,med,7.0
48,True,True,TORONTO,OTTAWA,2025-04-15,2,Port Hope,PHOP,2025-04-15T23:42:17Z,2025-04-15T23:36:00Z,ARR,med,6.0
48,True,True,TORONTO,OTTAWA,2025-04-15,3,Cobourg,CBRG,2025-04-15T23:50:00Z,2025-04-15T23:45:00Z,ARR,med,5.0
48,True,True,TORONTO,OTTAWA,2025-04-15,4,Trenton Jct.,TRNJ,2025-04-16T00:18:02Z,2025-04-16T00:12:01Z,ARR,med,6.0
48,True,True,TORONTO,OTTAWA,2025-04-15,5,Belleville,BLVL,2025-04-16T00:30:25Z,2025-04-16T00:25:00Z,ARR,med,5.0
48,True,True,TORONTO,OTTAWA,2025-04-15,6,Napanee,NAPN,2025-04-16T00:51:09Z,2025-04-16T00:46:00Z,ARR,med,5.0
48,True,True,TORONTO,OTTAWA,2025-04-15,7,Kingston,KGON,2025-04-16T01:10:34Z,2025-04-16T01:06:00Z,ARR,goo,4.0
48,True,True,TORONTO,OTTAWA,2025-04-15,8,Gananoque,GANA,2025-04-16T01:33:19Z,2025-04-16T01:28:00Z,ARR,med,5.0
48,True,True,TORONTO,OTTAWA,2025-04-15,9,Brockville,BRKV,2025-04-16T02:04:14Z,2025-04-16T01:53:00Z,ARR,med,11.0
48,True,True,TORONTO,OTTAWA,2025-04-15,10,Smiths Falls,SMTF,2025-04-16T02:35:21Z,2025-04-16T02:24:00Z,ARR,med,11.0
48,True,True,TORONTO,OTTAWA,2025-04-15,11,Fallowfield,FALL,2025-04-16T02:59:51Z,2025-04-16T02:51:00Z,ARR,med,8.0
48,True,True,TORONTO,OTTAWA,2025-04-15,12,Ottawa,OTTW,2025-04-16T03:19:57Z,2025-04-16T03:11:00Z,ARR,med,8.0
79,True,False,TORONTO,WINDSOR,2025-04-15,0,Toronto,TRTO,2025-04-15T23:50:22Z,2025-04-15T23:45:00Z,ARR,med,5.0
79,True,False,TORONTO,WINDSOR,2025-04-15,1,Oakville,OAKV,2025-04-16T00:14:15Z,2025-04-16T00:07:00Z,ARR,med,7.0
79,True,False,TORONTO,WINDSOR,2025-04-15,2,Aldershot,ALDR,2025-04-16T00:30:03Z,2025-04-16T00:22:00Z,ARR,med,8.0
79,True,False,TORONTO,WINDSOR,2025-04-15,3,Brantford,BRTF,2025-04-16T01:03:35Z,2025-04-16T00:50:00Z,ARR,med,13.0
79,True,False,TORONTO,WINDSOR,2025-04-15,4,Woodstock,WDST,2025-04-16T01:31:54Z,2025-04-16T01:17:00Z,ARR,med,14.0
79,True,False,TORONTO,WINDSOR,2025-04-15,5,Ingersoll,INGR,2025-04-16T01:46:44Z,2025-04-16T01:30:00Z,ARR,bad,16.0
79,True,False,TORONTO,WINDSOR,2025-04-15,6,London,LNDN,2025-04-16T02:12:04Z,2025-04-16T01:52:00Z,ARR,bad,20.0
79,True,False,TORONTO,WINDSOR,2025-04-15,7,Glencoe,GLNC,2025-04-16T02:46:28Z,2025-04-16T02:25:00Z,ARR,bad,21.0
79,True,False,TORONTO,WINDSOR,2025-04-15,8,Chatham,CHAT,2025-04-16T03:24:36Z,2025-04-16T02:57:00Z,ARR,bad,27.0
79,True,False,TORONTO,WINDSOR,2025-04-15,9,Windsor,WDON,2025-04-16T04:06:09Z,2025-04-16T03:44:00Z,11 mins,bad,22.0
690,True,False,CHURCHILL,THE PAS,2025-04-15,0,Churchill,CHUR,2025-04-16T01:30:00Z,2025-04-16T01:30:00Z,ARR,goo,0.0
690,True,False,CHURCHILL,THE PAS,2025-04-15,1,Tidal,TIDL,2025-04-16T01:55:25Z,2025-04-16T01:52:00Z,ARR,goo,3.0
690,True,False,CHURCHILL,THE PAS,2025-04-15,2,Chesnaye,CHES,2025-04-16T02:49:01Z,2025-04-16T02:38:00Z,ARR,med,11.0
690,True,False,CHURCHILL,THE PAS,2025-04-15,3,M'Clintock,MCLI,2025-04-16T04:12:28Z,2025-04-16T03:54:00Z,17 mins,bad,18.0
690,True,False,CHURCHILL,THE PAS,2025-04-15,4,O'Day,ODAY,2025-04-16T04:57:28Z,2025-04-16T04:39:00Z,1h02,bad,18.0
690,True,False,CHURCHILL,THE PAS,2025-04-15,5,Herchmer,HERC,2025-04-16T05:36:28Z,2025-04-16T05:18:00Z,1h41,bad,18.0
690,True,False,CHURCHILL,THE PAS,2025-04-15,6,Thibaudeau,THIB,2025-04-16T07:02:28Z,2025-04-16T06:44:00Z,3h07,bad,18.0
690,True,False,CHURCHILL,THE PAS,2025-04-15,7,Weir River,WEIR,2025-04-16T08:04:28Z,2025-04-16T07:46:00Z,4h09,bad,18.0
690,True,False,CHURCHILL,THE PAS,2025-04-15,8,Amery,AMRY,2025-04-16T08:55:28Z,2025-04-16T08:37:00Z,5h00,bad,18.0
690,True,False,CHURCHILL,THE PAS,2025-04-15,9,Bird,BIRD,2025-04-16T09:18:28Z,2025-04-16T09:00:00Z,5h23,bad,18.0
690,True,False,CHURCHILL,THE PAS,2025-04-15,10,Gillam,GILL,2025-04-16T10:18:28Z,2025-04-16T10:00:00Z,6h23,bad,18.0
690,True,False,CHURCHILL,THE PAS,2025-04-15,11,Wivenhoe,WVHO,2025-04-16T11:34:28Z,2025-04-16T11:16:00Z,7h39,bad,18.0
690,True,False,CHURCHILL,THE PAS,2025-04-15,12,Ilford,ILFO,2025-04-16T12:11:28Z,2025-04-16T11:53:00Z,8h16,bad,18.0
690,True,False,CHURCHILL,THE PAS,2025-04-15,13,Pit Siding,PITS,2025-04-16T13:12:28Z,2025-04-16T12:54:00Z,9h17,bad,18.0
690,True,False,CHURCHILL,THE PAS,2025-04-15,14,Bridgar,BRGR,2025-04-16T14:34:28Z,2025-04-16T14:16:00Z,10h39,bad,18.0
690,True,False,CHURCHILL,THE PAS,2025-04-15,15,Pikwitonei,PIKW,2025-04-16T14:45:28Z,2025-04-16T14:27:00Z,10h50,bad,18.0
690,True,False,CHURCHILL,THE PAS,2025-04-15,16,Sipiwesk,SIPI,2025-04-16T15:12:28Z,2025-04-16T14:54:00Z,11h17,bad,18.0
690,True,False,CHURCHILL,THE PAS,2025-04-15,17,Thompson,THOM,2025-04-16T16:48:28Z,2025-04-16T16:30:00Z,12h53,bad,18.0
