train_id,departed,arrived,from,to,instance,stop_id,station,code,estimated,scheduled,eta,diff,diffMin
1 (07-30),True,False,TORONTO,VANCOUVER,2025-07-30,0,Toronto,TRTO,2025-07-30T13:56:00Z,2025-07-30T13:55:00Z,ARR,goo,1.0
1 (07-30),True,False,TORONTO,VANCOUVER,2025-07-30,1,Washago,WSHG,2025-07-30T16:46:21Z,2025-07-30T16:25:00Z,ARR,bad,21.0
1 (07-30),True,False,TORONTO,VANCOUVER,2025-07-30,2,South Parry,SPAR,2025-07-30T18:55:17Z,2025-07-30T18:27:00Z,ARR,bad,28.0
1 (07-30),True,False,TORONTO,VANCOUVER,2025-07-30,3,Sudbury (Jct.),SUDJ,2025-07-30T21:11:57Z,2025-07-30T20:57:00Z,ARR,med,14.0
1 (07-30),True,False,TORONTO,VANCOUVER,2025-07-30,4,Capreol,CAPR,2025-07-30T21:48:36Z,2025-07-30T21:22:00Z,ARR,bad,26.0
1 (07-30),True,False,TORONTO,VANCOUVER,2025-07-30,5,Laforest,LAFO,2025-07-31T00:13:55Z,2025-07-30T22:48:00Z,ARR,bad,85.0
1 (07-30),True,False,TORONTO,VANCOUVER,2025-07-30,6,McKee's Camp,MCKC,2025-07-31T00:26:55Z,2025-07-30T23:01:00Z,ARR,bad,85.0
1 (07-30),True,False,TORONTO,VANCOUVER,2025-07-30,7,Felix,FELX,2025-07-31T00:46:55Z,2025-07-30T23:21:00Z,ARR,bad,85.0
1 (07-30),True,False,TORONTO,VANCOUVER,2025-07-30,8,Ruel,RUEL,2025-07-31T00:53:55Z,2025-07-30T23:28:00Z,ARR,bad,85.0
1 (07-30),True,False,TORONTO,VANCOUVER,2025-07-30,9,Westree,WSTR,2025-07-31T00:56:25Z,2025-07-30T23:45:00Z,ARR,bad,71.0
1 (07-30),True,False,TORONTO,VANCOUVER,2025-07-30,10,Gogama,GOGA,2025-07-31T02:12:16Z,2025-07-31T00:18:00Z,ARR,bad,114.0
1 (07-30),True,False,TORONTO,VANCOUVER,2025-07-30,11,Foleyet,FOLE,2025-07-31T03:59:08Z,2025-07-31T02:44:00Z,ARR,bad,75.0
1 (07-30),True,False,TORONTO,VANCOUVER,2025-07-30,12,Elsas,ELSA,2025-07-31T05:12:57Z,2025-07-31T03:38:00Z,ARR,bad,94.0
1 (07-30),True,False,TORONTO,VANCOUVER,2025-07-30,13,Oba,OBAX,2025-07-31T07:01:29Z,2025-07-31T05:38:00Z,ARR,bad,83.0
1 (07-30),True,False,TORONTO,VANCOUVER,2025-07-30,14,Hornepayne,HNPN,2025-07-31T07:55:26Z,2025-07-31T06:29:00Z,ARR,bad,86.0
1 (07-30),True,False,TORONTO,VANCOUVER,2025-07-30,15,Hillsport,HLSP,2025-07-31T10:01:17Z,2025-07-31T08:05:00Z,ARR,bad,116.0
1 (07-30),True,False,TORONTO,VANCOUVER,2025-07-30,16,Caramat,CARA,2025-07-31T11:05:53Z,2025-07-31T08:55:00Z,ARR,bad,130.0
1 (07-30),True,False,TORONTO,VANCOUVER,2025-07-30,17,Longlac,LLAC,2025-07-31T11:29:43Z,2025-07-31T09:34:00Z,ARR,bad,115.0
1 (07-30),True,False,TORONTO,VANCOUVER,2025-07-30,18,Nakina,NAKI,2025-07-31T12:27:45Z,2025-07-31T10:13:00Z,ARR,bad,134.0
1 (07-30),True,False,TORONTO,VANCOUVER,2025-07-30,19,Auden,AUDN,2025-07-31T13:35:52Z,2025-07-31T11:19:00Z,ARR,bad,136.0
1 (07-30),True,False,TORONTO,VANCOUVER,2025-07-30,20,Ferland,FERL,2025-07-31T14:09:54Z,2025-07-31T11:56:00Z,ARR,bad,133.0
1 (07-30),True,False,TORONTO,VANCOUVER,2025-07-30,21,Mud River,MUDR,2025-07-31T14:18:54Z,2025-07-31T12:05:00Z,ARR,bad,133.0
1 (07-30),True,False,TORONTO,VANCOUVER,2025-07-30,22,Armstrong,ARMG,2025-07-31T14:45:25Z,2025-07-31T13:17:00Z,ARR,bad,88.0
1 (07-30),True,False,TORONTO,VANCOUVER,2025-07-30,23,Collins,COLL,2025-07-31T15:24:01Z,2025-07-31T13:47:00Z,ARR,bad,97.0
1 (07-30),True,False,TORONTO,VANCOUVER,2025-07-30,24,Allanwater Bridge,ALWB,2025-07-31T16:38:03Z,2025-07-31T14:26:00Z,ARR,bad,132.0
1 (07-30),True,False,TORONTO,VANCOUVER,2025-07-30,25,Flindt Landing,FLTL,2025-07-31T17:09:10Z,2025-07-31T14:42:00Z,ARR,bad,147.0
1 (07-30),True,False,TORONTO,VANCOUVER,2025-07-30,26,Savant Lake,SAVL,2025-07-31T17:26:10Z,2025-07-31T14:59:00Z,ARR,bad,147.0
1 (07-30),True,False,TORONTO,VANCOUVER,2025-07-30,27,Sioux Lookout,SLKT,2025-07-31T18:42:14Z,2025-07-31T16:25:00Z,ARR,bad,137.0
1 (07-30),True,False,TORONTO,VANCOUVER,2025-07-30,28,Richan,RCHN,2025-07-31T20:41:16Z,2025-07-31T18:05:00Z,ARR,bad,156.0
1 (07-30),True,False,TORONTO,VANCOUVER,2025-07-30,29,Red Lake Road,RLRX,2025-07-31T21:11:00Z,2025-07-31T18:41:00Z,ARR,bad,150.0
1 (07-30),True,False,TORONTO,VANCOUVER,2025-07-30,30,Canyon,CNYK,2025-07-31T21:37:55Z,2025-07-31T19:10:00Z,ARR,bad,147.0
1 (07-30),True,False,TORONTO,VANCOUVER,2025-07-30,31,Farlane,FARL,2025-07-31T22:08:24Z,2025-07-31T19:47:00Z,ARR,bad,141.0
1 (07-30),True,False,TORONTO,VANCOUVER,2025-07-30,32,Redditt,RDDT,2025-07-31T22:26:16Z,2025-07-31T20:23:00Z,ARR,bad,123.0
1 (07-30),True,False,TORONTO,VANCOUVER,2025-07-30,33,Minaki,MNKI,2025-07-31T22:47:27Z,2025-07-31T20:44:00Z,ARR,bad,123.0
1 (07-30),True,False,TORONTO,VANCOUVER,2025-07-30,34,Ottermere,OTTM,2025-07-31T23:02:26Z,2025-07-31T21:01:00Z,ARR,bad,121.0
1 (07-30),True,False,TORONTO,VANCOUVER,2025-07-30,35,Malachi,MLCH,2025-07-31T23:09:48Z,2025-07-31T21:07:00Z,ARR,bad,122.0
1 (07-30),True,False,TORONTO,VANCOUVER,2025-07-30,36,Copelands Landing,COPE,2025-07-31T23:11:00Z,2025-07-31T21:09:00Z,ARR,bad,122.0
1 (07-30),True,False,TORONTO,VANCOUVER,2025-07-30,37,Rice Lake,RCLK,2025-07-31T23:19:18Z,2025-07-31T21:12:00Z,ARR,bad,127.0
1 (07-30),True,False,TORONTO,VANCOUVER,2025-07-30,38,Winnitoba,WNTB,2025-07-31T23:33:18Z,2025-07-31T21:26:00Z,ARR,bad,127.0
1 (07-30),True,False,TORONTO,VANCOUVER,2025-07-30,39,Ophir,OPHR,2025-07-31T23:27:23Z,2025-07-31T21:31:00Z,ARR,bad,116.0
1 (07-30),True,False,TORONTO,VANCOUVER,2025-07-30,40,Brereton Lake,BRTL,2025-07-31T23:40:11Z,2025-07-31T21:49:00Z,ARR,bad,111.0
1 (07-30),True,False,TORONTO,VANCOUVER,2025-07-30,41,Elma,ELMA,2025-08-01T00:03:00Z,2025-07-31T22:10:00Z,ARR,bad,113.0
1 (07-30),True,False,TORONTO,VANCOUVER,2025-07-30,42,Winnipeg,WNPG,2025-08-01T01:03:42Z,2025-08-01T00:30:00Z,ARR,bad,33.0
1 (07-30),True,False,TORONTO,VANCOUVER,2025-07-30,43,Portage La Prairie,PLPX,2025-08-01T05:08:56Z,2025-08-01T04:04:00Z,ARR,bad,64.0
1 (07-30),True,False,TORONTO,VANCOUVER,2025-07-30,44,Rivers,RVRS,2025-08-01T07:09:03Z,2025-08-01T06:31:00Z,ARR,bad,38.0
1 (07-30),True,False,TORONTO,VANCOUVER,2025-07-30,45,Melville,MELV,2025-08-01T10:27:15Z,2025-08-01T10:54:00Z,ARR,goo,-26.0
1 (07-30),True,False,TORONTO,VANCOUVER,2025-07-30,46,Watrous,WATR,2025-08-01T14:51:02Z,2025-08-01T13:54:00Z,ARR,bad,57.0
1 (07-30),True,False,TORONTO,VANCOUVER,2025-07-30,47,Saskatoon,SASK,2025-08-01T16:03:36Z,2025-08-01T15:50:00Z,ARR,med,13.0
1 (07-30),True,False,TORONTO,VANCOUVER,2025-07-30,48,Biggar,BIGG,2025-08-01T20:05:49Z,2025-08-01T18:29:00Z,ARR,bad,96.0
1 (07-30),True,False,TORONTO,VANCOUVER,2025-07-30,49,Unity,UNIT,2025-08-01T21:39:03Z,2025-08-01T19:44:00Z,ARR,bad,115.0
1 (07-30),True,False,TORONTO,VANCOUVER,2025-07-30,50,Wainwright,WAIN,2025-08-01T23:09:22Z,2025-08-01T22:33:00Z,ARR,bad,36.0
1 (07-30),True,False,TORONTO,VANCOUVER,2025-07-30,51,Viking,VKNG,2025-08-02T00:43:19Z,2025-08-01T23:26:00Z,ARR,bad,77.0
1 (07-30),True,False,TORONTO,VANCOUVER,2025-07-30,52,Edmonton,EDMO,2025-08-02T03:22:02Z,2025-08-02T02:50:00Z,ARR,bad,32.0
1 (07-30),True,False,TORONTO,VANCOUVER,2025-07-30,53,Evansburg,EVAN,2025-08-02T07:46:45Z,2025-08-02T07:29:00Z,ARR,bad,17.0
1 (07-30),True,False,TORONTO,VANCOUVER,2025-07-30,54,Edson,EDSN,2025-08-02T09:12:33Z,2025-08-02T08:52:00Z,ARR,bad,20.0
1 (07-30),True,False,TORONTO,VANCOUVER,2025-07-30,55,Hinton,HINT,2025-08-02T10:37:25Z,2025-08-02T09:58:00Z,ARR,bad,39.0
1 (07-30),True,False,TORONTO,VANCOUVER,2025-07-30,56,Jasper,JASP,2025-08-02T11:54:32Z,2025-08-02T12:30:00Z,ARR,goo,-35.0
1 (07-30),True,False,TORONTO,VANCOUVER,2025-07-30,57,Valemount,VLMT,2025-08-02T18:04:15Z,2025-08-02T17:50:00Z,ARR,med,14.0
1 (07-30),True,False,TORONTO,VANCOUVER,2025-07-30,58,Blue River,BLUE,2025-08-02T20:05:47Z,2025-08-02T20:36:00Z,ARR,goo,-30.0
1 (07-30),True,False,TORONTO,VANCOUVER,2025-07-30,59,Clearwater,CLWT,2025-08-02T22:16:56Z,2025-08-02T22:45:00Z,ARR,goo,-28.0
1 (07-30),True,False,TORONTO,VANCOUVER,2025-07-30,60,Kamloops North,KAMN,2025-08-03T00:17:21Z,2025-08-03T01:28:00Z,ARR,goo,-70.0
1 (07-30),True,False,TORONTO,VANCOUVER,2025-07-30,61,Ashcroft,ASHN,2025-08-03T03:37:46Z,2025-08-03T03:49:00Z,ARR,goo,-11.0
1 (07-30),True,False,TORONTO,VANCOUVER,2025-07-30,62,Boston Bar,BBAR,2025-08-03T06:26:16Z,2025-08-03T06:36:00Z,2h37,goo,-9.0
1 (07-30),True,False,TORONTO,VANCOUVER,2025-07-30,63,Hope,HOPE,2025-08-03T08:06:00Z,2025-08-03T08:06:00Z,4h17,goo,0.0
1 (07-30),True,False,TORONTO,VANCOUVER,2025-07-30,64,Chilliwack,CHIL,&mdash;,2025-08-03T08:30:00Z,&mdash;,,
1 (07-30),True,False,TORONTO,VANCOUVER,2025-07-30,65,Abbotsford,ABBO,&mdash;,2025-08-03T09:00:00Z,&mdash;,,
1 (07-30),True,False,TORONTO,VANCOUVER,2025-07-30,66,Vancouver,VCVR,&mdash;,2025-08-03T15:00:00Z,&mdash;,,
692 (07-31),True,True,CHURCHILL,WINNIPEG,2025-07-31,0,Churchill,CHUR,2025-08-01T01:33:38Z,2025-08-01T01:30:00Z,ARR,goo,3.0
692 (07-31),True,True,CHURCHILL,WINNIPEG,2025-07-31,1,Tidal,TIDL,2025-08-01T02:01:31Z,2025-08-01T01:52:00Z,ARR,med,9.0
692 (07-31),True,True,CHURCHILL,WINNIPEG,2025-07-31,2,Chesnaye,CHES,2025-08-01T03:11:26Z,2025-08-01T02:38:00Z,ARR,bad,33.0
692 (07-31),True,True,CHURCHILL,WINNIPEG,2025-07-31,3,M'Clintock,MCLI,2025-08-01T04:24:02Z,2025-08-01T03:54:00Z,ARR,bad,30.0
692 (07-31),True,True,CHURCHILL,WINNIPEG,2025-07-31,4,O'Day,ODAY,2025-08-01T05:09:02Z,2025-08-01T04:39:00Z,ARR,bad,30.0
692 (07-31),True,True,CHURCHILL,WINNIPEG,2025-07-31,5,Herchmer,HERC,2025-08-01T05:48:02Z,2025-08-01T05:18:00Z,ARR,bad,30.0
692 (07-31),True,True,CHURCHILL,WINNIPEG,2025-07-31,6,Thibaudeau,THIB,2025-08-01T07:14:02Z,2025-08-01T06:44:00Z,ARR,bad,30.0
692 (07-31),True,True,CHURCHILL,WINNIPEG,2025-07-31,7,Weir River,WEIR,2025-08-01T08:15:54Z,2025-08-01T07:46:00Z,ARR,bad,29.0
692 (07-31),True,True,CHURCHILL,WINNIPEG,2025-07-31,8,Amery,AMRY,2025-08-01T08:53:29Z,2025-08-01T08:37:00Z,ARR,bad,16.0
692 (07-31),True,True,CHURCHILL,WINNIPEG,2025-07-31,9,Bird,BIRD,2025-08-01T09:21:08Z,2025-08-01T09:00:00Z,ARR,bad,21.0
692 (07-31),True,True,CHURCHILL,WINNIPEG,2025-07-31,10,Gillam,GILL,2025-08-01T10:08:39Z,2025-08-01T10:00:00Z,ARR,med,8.0
692 (07-31),True,True,CHURCHILL,WINNIPEG,2025-07-31,11,Wivenhoe,WVHO,2025-08-01T11:17:24Z,2025-08-01T11:16:00Z,ARR,goo,1.0
692 (07-31),True,True,CHURCHILL,WINNIPEG,2025-07-31,12,Ilford,ILFO,2025-08-01T12:07:52Z,2025-08-01T11:53:00Z,ARR,med,14.0
692 (07-31),True,True,CHURCHILL,WINNIPEG,2025-07-31,13,Pit Siding,PITS,2025-08-01T13:15:19Z,2025-08-01T12:54:00Z,ARR,bad,21.0
692 (07-31),True,True,CHURCHILL,WINNIPEG,2025-07-31,14,Bridgar,BRGR,2025-08-01T14:37:19Z,2025-08-01T14:16:00Z,ARR,bad,21.0
692 (07-31),True,True,CHURCHILL,WINNIPEG,2025-07-31,15,Pikwitonei,PIKW,2025-08-01T14:48:19Z,2025-08-01T14:27:00Z,ARR,bad,21.0
692 (07-31),True,True,CHURCHILL,WINNIPEG,2025-07-31,16,Sipiwesk,SIPI,2025-08-01T15:15:19Z,2025-08-01T14:54:00Z,ARR,bad,21.0
692 (07-31),True,True,CHURCHILL,WINNIPEG,2025-07-31,17,Thompson,THOM,2025-08-01T16:51:19Z,2025-08-01T16:30:00Z,ARR,bad,21.0
692 (07-31),True,True,CHURCHILL,WINNIPEG,2025-07-31,18,Leven,LEVN,2025-08-01T20:49:21Z,2025-08-01T21:05:00Z,ARR,goo,-15.0
692 (07-31),True,True,CHURCHILL,WINNIPEG,2025-07-31,19,Thicket Portage,THKP,2025-08-01T20:57:28Z,2025-08-01T21:22:00Z,ARR,goo,-24.0
692 (07-31),True,True,CHURCHILL,WINNIPEG,2025-07-31,20,Hockin,HOCK,2025-08-01T21:23:16Z,2025-08-01T21:37:00Z,ARR,goo,-13.0
692 (07-31),True,True,CHURCHILL,WINNIPEG,2025-07-31,21,Odhill,ODHI,2025-08-01T22:02:44Z,2025-08-01T22:21:00Z,ARR,goo,-18.0
692 (07-31),True,True,CHURCHILL,WINNIPEG,2025-07-31,22,Lyddal,LYDD,2025-08-01T22:21:52Z,2025-08-01T22:43:00Z,ARR,goo,-21.0
692 (07-31),True,True,CHURCHILL,WINNIPEG,2025-07-31,23,Wabowden,WBDN,2025-08-01T22:46:37Z,2025-08-01T23:11:00Z,ARR,goo,-24.0
692 (07-31),True,True,CHURCHILL,WINNIPEG,2025-07-31,24,Pipun,PIPN,2025-08-01T23:01:32Z,2025-08-01T23:34:00Z,ARR,goo,-32.0
692 (07-31),True,True,CHURCHILL,WINNIPEG,2025-07-31,25,Ponton,PNTN,2025-08-01T23:43:54Z,2025-08-02T00:17:00Z,ARR,goo,-33.0
692 (07-31),True,True,CHURCHILL,WINNIPEG,2025-07-31,26,Turnbull,TURN,2025-08-02T00:11:07Z,2025-08-02T00:49:00Z,ARR,goo,-37.0
692 (07-31),True,True,CHURCHILL,WINNIPEG,2025-07-31,27,Wekusko,WEKU,2025-08-02T00:34:32Z,2025-08-02T01:16:00Z,ARR,goo,-41.0
692 (07-31),True,True,CHURCHILL,WINNIPEG,2025-07-31,28,Dyce,DYCE,2025-08-02T01:14:59Z,2025-08-02T02:00:00Z,ARR,goo,-45.0
692 (07-31),True,True,CHURCHILL,WINNIPEG,2025-07-31,29,Dering,DERI,2025-08-02T02:39:00Z,2025-08-02T02:39:00Z,ARR,goo,0.0
692 (07-31),True,True,CHURCHILL,WINNIPEG,2025-07-31,30,Cormorant,CORM,2025-08-02T01:52:26Z,2025-08-02T02:47:00Z,ARR,goo,-54.0
692 (07-31),True,True,CHURCHILL,WINNIPEG,2025-07-31,31,Halcrow,HALC,2025-08-02T02:01:44Z,2025-08-02T02:58:00Z,ARR,goo,-56.0
692 (07-31),True,True,CHURCHILL,WINNIPEG,2025-07-31,32,Orok,OROK,2025-08-02T02:54:54Z,2025-08-02T03:52:00Z,ARR,goo,-57.0
692 (07-31),True,True,CHURCHILL,WINNIPEG,2025-07-31,33,The Pas,TPAS,2025-08-02T03:26:33Z,2025-08-02T04:30:00Z,ARR,goo,-63.0
692 (07-31),True,True,CHURCHILL,WINNIPEG,2025-07-31,34,Hudson Bay,HBAY,2025-08-02T10:36:44Z,2025-08-02T10:27:00Z,ARR,med,9.0
692 (07-31),True,True,CHURCHILL,WINNIPEG,2025-07-31,35,Reserve,RSRV,2025-08-02T11:32:39Z,2025-08-02T11:09:00Z,ARR,bad,23.0
692 (07-31),True,True,CHURCHILL,WINNIPEG,2025-07-31,36,Endeavour,ENDV,2025-08-02T12:22:08Z,2025-08-02T11:55:00Z,ARR,bad,27.0
692 (07-31),True,True,CHURCHILL,WINNIPEG,2025-07-31,37,Sturgis,STGS,2025-08-02T12:55:56Z,2025-08-02T12:24:00Z,ARR,bad,31.0
692 (07-31),True,True,CHURCHILL,WINNIPEG,2025-07-31,38,Canora,CANO,2025-08-02T13:33:50Z,2025-08-02T13:08:00Z,ARR,bad,25.0
692 (07-31),True,True,CHURCHILL,WINNIPEG,2025-07-31,39,Mikado,MIKA,2025-08-02T13:59:34Z,2025-08-02T13:30:00Z,ARR,bad,29.0
692 (07-31),True,True,CHURCHILL,WINNIPEG,2025-07-31,40,Veregin,VERE,2025-08-02T14:10:42Z,2025-08-02T13:43:00Z,ARR,bad,27.0
692 (07-31),True,True,CHURCHILL,WINNIPEG,2025-07-31,41,Kamsack,KAMS,2025-08-02T14:22:23Z,2025-08-02T13:58:00Z,ARR,bad,24.0
692 (07-31),True,True,CHURCHILL,WINNIPEG,2025-07-31,42,Togo,TOGO,2025-08-02T15:03:56Z,2025-08-02T14:37:00Z,ARR,bad,26.0
692 (07-31),True,True,CHURCHILL,WINNIPEG,2025-07-31,43,Roblin,RBLN,2025-08-02T15:30:28Z,2025-08-02T15:14:00Z,ARR,bad,16.0
692 (07-31),True,True,CHURCHILL,WINNIPEG,2025-07-31,44,Grandview,GVIE,2025-08-02T16:53:19Z,2025-08-02T16:12:00Z,ARR,bad,41.0
692 (07-31),True,True,CHURCHILL,WINNIPEG,2025-07-31,45,Gilbert Plains,GLBP,2025-08-02T17:25:16Z,2025-08-02T16:32:00Z,ARR,bad,53.0
692 (07-31),True,True,CHURCHILL,WINNIPEG,2025-07-31,46,Dauphin,DAUP,2025-08-02T18:06:48Z,2025-08-02T16:56:00Z,ARR,bad,70.0
692 (07-31),True,True,CHURCHILL,WINNIPEG,2025-07-31,47,Ochre River,OCHR,2025-08-02T18:55:12Z,2025-08-02T17:20:00Z,ARR,bad,95.0
692 (07-31),True,True,CHURCHILL,WINNIPEG,2025-07-31,48,Laurier,LRIE,2025-08-02T19:19:30Z,2025-08-02T17:38:00Z,ARR,bad,101.0
692 (07-31),True,True,CHURCHILL,WINNIPEG,2025-07-31,49,Mccreary,MCCR,2025-08-02T19:36:43Z,2025-08-02T17:54:00Z,ARR,bad,102.0
692 (07-31),True,True,CHURCHILL,WINNIPEG,2025-07-31,50,Glenella,GLNA,2025-08-02T20:22:19Z,2025-08-02T18:34:00Z,ARR,bad,108.0
692 (07-31),True,True,CHURCHILL,WINNIPEG,2025-07-31,51,Plumas,PLUM,2025-08-02T20:52:20Z,2025-08-02T19:06:00Z,ARR,bad,106.0
692 (07-31),True,True,CHURCHILL,WINNIPEG,2025-07-31,52,Gladstone,GSTO,2025-08-02T21:22:37Z,2025-08-02T19:51:00Z,ARR,bad,91.0
692 (07-31),True,True,CHURCHILL,WINNIPEG,2025-07-31,53,Portage La Prairie,PLPX,2025-08-02T22:47:08Z,2025-08-02T20:37:00Z,ARR,bad,130.0
692 (07-31),True,True,CHURCHILL,WINNIPEG,2025-07-31,54,Winnipeg,WNPG,2025-08-02T23:49:23Z,2025-08-02T21:45:00Z,ARR,bad,124.0
2 (08-01),True,False,VANCOUVER,TORONTO,2025-08-01,0,Vancouver,VCVR,2025-08-01T22:00:00Z,2025-08-01T22:00:00Z,ARR,goo,0.0
2 (08-01),True,False,VANCOUVER,TORONTO,2025-08-01,1,Mission Harbour,MSNH,2025-08-02T00:44:22Z,2025-08-01T23:35:00Z,ARR,bad,69.0
2 (08-01),True,False,VANCOUVER,TORONTO,2025-08-01,2,Agassiz,AGAS,2025-08-02T01:53:25Z,2025-08-02T00:03:00Z,ARR,bad,110.0
2 (08-01),True,False,VANCOUVER,TORONTO,2025-08-01,3,Katz,KATZ,2025-08-02T02:13:48Z,2025-08-02T00:17:00Z,ARR,bad,116.0
2 (08-01),True,False,VANCOUVER,TORONTO,2025-08-01,4,North Bend,NBND,2025-08-02T04:00:06Z,2025-08-02T02:46:00Z,ARR,bad,74.0
2 (08-01),True,False,VANCOUVER,TORONTO,2025-08-01,5,Ashcroft,ASHN,2025-08-02T06:35:53Z,2025-08-02T05:32:00Z,ARR,bad,63.0
2 (08-01),True,False,VANCOUVER,TORONTO,2025-08-01,6,Kamloops North,KAMN,2025-08-02T08:21:31Z,2025-08-02T07:17:00Z,ARR,bad,64.0
2 (08-01),True,False,VANCOUVER,TORONTO,2025-08-01,7,Clearwater,CLWT,2025-08-02T10:58:55Z,2025-08-02T09:58:00Z,ARR,bad,60.0
2 (08-01),True,False,VANCOUVER,TORONTO,2025-08-01,8,Blue River,BLUE,2025-08-02T13:00:04Z,2025-08-02T12:11:00Z,ARR,bad,49.0
2 (08-01),True,False,VANCOUVER,TORONTO,2025-08-01,9,Valemount,VLMT,2025-08-02T14:28:37Z,2025-08-02T14:01:00Z,ARR,bad,27.0
2 (08-01),True,False,VANCOUVER,TORONTO,2025-08-01,10,Jasper,JASP,2025-08-02T17:03:41Z,2025-08-02T17:00:00Z,ARR,goo,3.0
2 (08-01),True,False,VANCOUVER,TORONTO,2025-08-01,11,Hinton,HINT,2025-08-02T21:33:07Z,2025-08-02T19:45:00Z,ARR,bad,108.0
2 (08-01),True,False,VANCOUVER,TORONTO,2025-08-01,12,Edson,EDSN,2025-08-02T22:47:27Z,2025-08-02T21:19:00Z,ARR,bad,88.0
2 (08-01),True,False,VANCOUVER,TORONTO,2025-08-01,13,Evansburg,EVAN,2025-08-03T00:07:27Z,2025-08-02T22:28:00Z,ARR,bad,99.0
2 (08-01),True,False,VANCOUVER,TORONTO,2025-08-01,14,Edmonton,EDMO,2025-08-03T01:58:12Z,2025-08-03T00:50:00Z,ARR,bad,68.0
2 (08-01),True,False,VANCOUVER,TORONTO,2025-08-01,15,Viking,VKNG,2025-08-03T05:48:07Z,2025-08-03T03:53:00Z,1h59,bad,115.0
2 (08-01),True,False,VANCOUVER,TORONTO,2025-08-01,16,Wainwright,WAIN,2025-08-03T08:09:07Z,2025-08-03T06:14:00Z,4h20,bad,115.0
2 (08-01),True,False,VANCOUVER,TORONTO,2025-08-01,17,Unity,UNIT,&mdash;,2025-08-03T07:47:00Z,&mdash;,,
2 (08-01),True,False,VANCOUVER,TORONTO,2025-08-01,18,Biggar,BIGG,&mdash;,2025-08-03T09:21:00Z,&mdash;,,
2 (08-01),True,False,VANCOUVER,TORONTO,2025-08-01,19,Saskatoon,SASK,&mdash;,2025-08-03T11:57:00Z,&mdash;,,
2 (08-01),True,False,VANCOUVER,TORONTO,2025-08-01,20,Watrous,WATR,&mdash;,2025-08-03T14:26:00Z,&mdash;,,
692 (08-02),True,False,CHURCHILL,WINNIPEG,2025-08-02,0,Churchill,CHUR,2025-08-03T01:31:55Z,2025-08-03T01:30:00Z,ARR,goo,1.0
692 (08-02),True,False,CHURCHILL,WINNIPEG,2025-08-02,1,Tidal,TIDL,2025-08-03T01:58:49Z,2025-08-03T01:52:00Z,ARR,med,6.0
692 (08-02),True,False,CHURCHILL,WINNIPEG,2025-08-02,2,Chesnaye,CHES,2025-08-03T02:55:08Z,2025-08-03T02:38:00Z,ARR,bad,17.0
692 (08-02),True,False,CHURCHILL,WINNIPEG,2025-08-02,3,M'Clintock,MCLI,2025-08-03T04:11:08Z,2025-08-03T03:54:00Z,22 mins,bad,17.0
692 (08-02),True,False,CHURCHILL,WINNIPEG,2025-08-02,4,O'Day,ODAY,2025-08-03T04:56:08Z,2025-08-03T04:39:00Z,1h07,bad,17.0
692 (08-02),True,False,CHURCHILL,WINNIPEG,2025-08-02,5,Herchmer,HERC,2025-08-03T05:35:08Z,2025-08-03T05:18:00Z,1h46,bad,17.0
692 (08-02),True,False,CHURCHILL,WINNIPEG,2025-08-02,6,Thibaudeau,THIB,2025-08-03T07:01:08Z,2025-08-03T06:44:00Z,3h12,bad,17.0
692 (08-02),True,False,CHURCHILL,WINNIPEG,2025-08-02,7,Weir River,WEIR,2025-08-03T08:03:08Z,2025-08-03T07:46:00Z,4h14,bad,17.0
692 (08-02),True,False,CHURCHILL,WINNIPEG,2025-08-02,8,Amery,AMRY,2025-08-03T08:54:08Z,2025-08-03T08:37:00Z,5h05,bad,17.0
692 (08-02),True,False,CHURCHILL,WINNIPEG,2025-08-02,9,Bird,BIRD,2025-08-03T09:17:08Z,2025-08-03T09:00:00Z,5h28,bad,17.0
692 (08-02),True,False,CHURCHILL,WINNIPEG,2025-08-02,10,Gillam,GILL,2025-08-03T10:17:08Z,2025-08-03T10:00:00Z,6h28,bad,17.0
692 (08-02),True,False,CHURCHILL,WINNIPEG,2025-08-02,11,Wivenhoe,WVHO,2025-08-03T11:33:08Z,2025-08-03T11:16:00Z,7h44,bad,17.0
692 (08-02),True,False,CHURCHILL,WINNIPEG,2025-08-02,12,Ilford,ILFO,2025-08-03T12:10:08Z,2025-08-03T11:53:00Z,8h21,bad,17.0
692 (08-02),True,False,CHURCHILL,WINNIPEG,2025-08-02,13,Pit Siding,PITS,2025-08-03T13:11:08Z,2025-08-03T12:54:00Z,9h22,bad,17.0
692 (08-02),True,False,CHURCHILL,WINNIPEG,2025-08-02,14,Bridgar,BRGR,2025-08-03T14:33:08Z,2025-08-03T14:16:00Z,10h44,bad,17.0
692 (08-02),True,False,CHURCHILL,WINNIPEG,2025-08-02,15,Pikwitonei,PIKW,2025-08-03T14:44:08Z,2025-08-03T14:27:00Z,10h55,bad,17.0
692 (08-02),True,False,CHURCHILL,WINNIPEG,2025-08-02,16,Sipiwesk,SIPI,2025-08-03T15:11:08Z,2025-08-03T14:54:00Z,11h22,bad,17.0
692 (08-02),True,False,CHURCHILL,WINNIPEG,2025-08-02,17,Thompson,THOM,2025-08-03T16:47:08Z,2025-08-03T16:30:00Z,12h58,bad,17.0
15,True,True,HALIFAX,MONTRÉAL,2025-08-01,0,Halifax,HLFX,2025-08-01T14:42:34Z,2025-08-01T14:30:00Z,ARR,med,12.0
15,True,True,HALIFAX,MONTRÉAL,2025-08-01,1,Truro,TRUR,2025-08-01T16:04:40Z,2025-08-01T15:56:00Z,ARR,med,8.0
15,True,True,HALIFAX,MONTRÉAL,2025-08-01,2,Springhill Jct,SPRJ,2025-08-01T17:31:07Z,2025-08-01T17:12:00Z,ARR,bad,19.0
15,True,True,HALIFAX,MONTRÉAL,2025-08-01,3,Amherst,AMHS,2025-08-01T17:51:52Z,2025-08-01T17:35:00Z,ARR,bad,16.0
15,True,True,HALIFAX,MONTRÉAL,2025-08-01,4,Sackville,SACK,2025-08-01T18:14:29Z,2025-08-01T17:52:00Z,ARR,bad,22.0
15,True,True,HALIFAX,MONTRÉAL,2025-08-01,5,Moncton,MCTN,2025-08-01T19:06:29Z,2025-08-01T18:47:00Z,ARR,bad,19.0
15,True,True,HALIFAX,MONTRÉAL,2025-08-01,6,Rogersville,RGRV,2025-08-01T20:44:28Z,2025-08-01T20:01:00Z,ARR,bad,43.0
15,True,True,HALIFAX,MONTRÉAL,2025-08-01,7,Miramichi,MIRA,2025-08-01T21:37:47Z,2025-08-01T20:52:00Z,ARR,bad,45.0
15,True,True,HALIFAX,MONTRÉAL,2025-08-01,8,Bathurst,BTRS,2025-08-01T23:19:48Z,2025-08-01T22:48:00Z,ARR,bad,31.0
15,True,True,HALIFAX,MONTRÉAL,2025-08-01,9,Petit Rocher,PROC,2025-08-01T23:46:20Z,2025-08-01T23:17:00Z,ARR,bad,29.0
15,True,True,HALIFAX,MONTRÉAL,2025-08-01,10,Jacquet River,JACR,2025-08-02T00:15:51Z,2025-08-01T23:40:01Z,ARR,bad,35.0
15,True,True,HALIFAX,MONTRÉAL,2025-08-01,11,Charlo,CHLO,2025-08-02T01:10:25Z,2025-08-02T00:04:00Z,ARR,bad,66.0
15,True,True,HALIFAX,MONTRÉAL,2025-08-01,12,Campbellton,CBTN,2025-08-02T02:09:28Z,2025-08-02T01:08:00Z,ARR,bad,61.0
15,True,True,HALIFAX,MONTRÉAL,2025-08-01,13,Matapedia,MTPD,2025-08-02T02:53:58Z,2025-08-02T01:50:00Z,ARR,bad,63.0
15,True,True,HALIFAX,MONTRÉAL,2025-08-01,14,Causapscal,CAUS,2025-08-02T03:53:12Z,2025-08-02T02:39:00Z,ARR,bad,74.0
15,True,True,HALIFAX,MONTRÉAL,2025-08-01,15,Amqui,AMQU,2025-08-02T04:20:03Z,2025-08-02T02:59:00Z,ARR,bad,81.0
15,True,True,HALIFAX,MONTRÉAL,2025-08-01,16,Sayabec,SAYA,2025-08-02T04:58:49Z,2025-08-02T03:21:00Z,ARR,bad,97.0
15,True,True,HALIFAX,MONTRÉAL,2025-08-01,17,Mont-Joli,MJLI,2025-08-02T06:08:28Z,2025-08-02T04:51:00Z,ARR,bad,77.0
15,True,True,HALIFAX,MONTRÉAL,2025-08-01,18,Rimouski,RMSK,2025-08-02T06:39:00Z,2025-08-02T05:24:00Z,ARR,bad,75.0
15,True,True,HALIFAX,MONTRÉAL,2025-08-01,19,Trois Pistoles,TPIS,2025-08-02T08:11:06Z,2025-08-02T06:31:00Z,ARR,bad,100.0
15,True,True,HALIFAX,MONTRÉAL,2025-08-01,20,Rivière-Du-Loup,RDLX,2025-08-02T08:55:56Z,2025-08-02T07:18:00Z,ARR,bad,97.0
15,True,True,HALIFAX,MONTRÉAL,2025-08-01,21,La Pocatière,LPOC,2025-08-02T09:42:48Z,2025-08-02T08:05:00Z,ARR,bad,97.0
15,True,True,HALIFAX,MONTRÉAL,2025-08-01,22,Montmagny,MMGY,2025-08-02T10:32:08Z,2025-08-02T08:39:00Z,ARR,bad,113.0
15,True,True,HALIFAX,MONTRÉAL,2025-08-01,23,Ste-Foy,SFOY,2025-08-02T12:07:10Z,2025-08-02T10:13:00Z,ARR,bad,114.0
15,True,True,HALIFAX,MONTRÉAL,2025-08-01,24,Drummondville,DRMV,2025-08-02T14:21:50Z,2025-08-02T12:20:00Z,ARR,bad,121.0
15,True,True,HALIFAX,MONTRÉAL,2025-08-01,25,St. Hyacinthe,SHYA,2025-08-02T14:53:51Z,2025-08-02T13:00:00Z,ARR,bad,113.0
15,True,True,HALIFAX,MONTRÉAL,2025-08-01,26,St. Lambert,SLAM,2025-08-02T15:39:54Z,2025-08-02T13:34:00Z,ARR,bad,125.0
15,True,True,HALIFAX,MONTRÉAL,2025-08-01,27,Montréal,MTRL,2025-08-02T16:03:46Z,2025-08-02T13:53:00Z,ARR,bad,130.0
6,True,True,PRINCE RUPERT,JASPER,2025-08-01,0,Prince Rupert,PRUP,2025-08-01T15:00:07Z,2025-08-01T15:00:00Z,ARR,goo,0.0
6,True,True,PRINCE RUPERT,JASPER,2025-08-01,1,Cassiar Cannery,CASS,2025-08-01T15:32:27Z,2025-08-01T15:20:00Z,ARR,med,12.0
6,True,True,PRINCE RUPERT,JASPER,2025-08-01,2,Kwinitsa,KWIN,2025-08-01T16:14:33Z,2025-08-01T16:17:00Z,ARR,goo,-2.0
6,True,True,PRINCE RUPERT,JASPER,2025-08-01,3,Terrace,TRRC,2025-08-01T17:14:01Z,2025-08-01T17:20:00Z,ARR,goo,-5.0
6,True,True,PRINCE RUPERT,JASPER,2025-08-01,4,Usk,USKX,2025-08-01T17:44:45Z,2025-08-01T17:48:00Z,ARR,goo,-3.0
6,True,True,PRINCE RUPERT,JASPER,2025-08-01,5,Pacific,PACI,2025-08-01T18:03:39Z,2025-08-01T18:07:00Z,ARR,goo,-3.0
6,True,True,PRINCE RUPERT,JASPER,2025-08-01,6,Dorreen,DORR,2025-08-01T18:11:23Z,2025-08-01T18:19:00Z,ARR,goo,-7.0
6,True,True,PRINCE RUPERT,JASPER,2025-08-01,7,Cedarvale,CEDA,2025-08-01T18:35:16Z,2025-08-01T18:44:00Z,ARR,goo,-8.0
6,True,True,PRINCE RUPERT,JASPER,2025-08-01,8,Kitwanga,KITW,2025-08-01T18:52:39Z,2025-08-01T18:48:01Z,ARR,goo,4.0
6,True,True,PRINCE RUPERT,JASPER,2025-08-01,9,New Hazelton,NHAZ,2025-08-01T19:35:28Z,2025-08-01T19:30:00Z,ARR,med,5.0
6,True,True,PRINCE RUPERT,JASPER,2025-08-01,10,Smithers,SMTR,2025-08-01T22:27:04Z,2025-08-01T21:14:00Z,ARR,bad,73.0
6,True,True,PRINCE RUPERT,JASPER,2025-08-01,11,Telkwa,TELK,2025-08-01T23:18:38Z,2025-08-01T21:37:00Z,ARR,bad,101.0
6,True,True,PRINCE RUPERT,JASPER,2025-08-01,12,Houston,HOUS,2025-08-01T23:59:38Z,2025-08-01T22:22:00Z,ARR,bad,97.0
6,True,True,PRINCE RUPERT,JASPER,2025-08-01,13,Burns Lake,BRNL,2025-08-02T01:07:29Z,2025-08-01T23:32:00Z,ARR,bad,95.0
6,True,True,PRINCE RUPERT,JASPER,2025-08-01,14,Endako,ENDA,2025-08-02T01:59:33Z,2025-08-02T00:25:00Z,ARR,bad,94.0
6,True,True,PRINCE RUPERT,JASPER,2025-08-01,15,Fort Fraser,FFRA,2025-08-02T02:30:58Z,2025-08-02T00:57:00Z,ARR,bad,93.0
6,True,True,PRINCE RUPERT,JASPER,2025-08-01,16,Vanderhoof,VDRH,2025-08-02T03:02:51Z,2025-08-02T01:35:00Z,ARR,bad,87.0
6,True,True,PRINCE RUPERT,JASPER,2025-08-01,17,Prince George,PGEO,2025-08-02T04:50:18Z,2025-08-02T03:29:00Z,ARR,bad,81.0
6,True,True,PRINCE RUPERT,JASPER,2025-08-01,18,Willow River,WILR,2025-08-02T15:45:29Z,2025-08-02T15:48:00Z,ARR,goo,-2.0
6,True,True,PRINCE RUPERT,JASPER,2025-08-01,19,Aleza Lake,ALZL,2025-08-02T16:11:28Z,2025-08-02T16:17:00Z,ARR,goo,-5.0
6,True,True,PRINCE RUPERT,JASPER,2025-08-01,20,Upper Fraser,UFRZ,2025-08-02T16:25:00Z,2025-08-02T16:25:00Z,ARR,goo,0.0
6,True,True,PRINCE RUPERT,JASPER,2025-08-01,21,Mcgregor,MCGR,2025-08-02T16:33:00Z,2025-08-02T16:33:00Z,ARR,goo,0.0
6,True,True,PRINCE RUPERT,JASPER,2025-08-01,22,Sinclair Mills,SINM,2025-08-02T17:50:57Z,2025-08-02T16:44:00Z,ARR,bad,66.0
6,True,True,PRINCE RUPERT,JASPER,2025-08-01,23,Hutton,HUTT,2025-08-02T17:54:57Z,2025-08-02T16:48:00Z,ARR,bad,66.0
6,True,True,PRINCE RUPERT,JASPER,2025-08-01,24,Longworth,LWTH,2025-08-02T18:05:57Z,2025-08-02T16:59:00Z,ARR,bad,66.0
6,True,True,PRINCE RUPERT,JASPER,2025-08-01,25,Penny,PENN,2025-08-02T18:25:07Z,2025-08-02T17:13:00Z,ARR,bad,72.0
6,True,True,PRINCE RUPERT,JASPER,2025-08-01,26,Bend,BEND,2025-08-02T18:42:17Z,2025-08-02T17:32:00Z,ARR,bad,70.0
6,True,True,PRINCE RUPERT,JASPER,2025-08-01,27,Dome Creek,DOMC,2025-08-02T18:44:24Z,2025-08-02T17:33:07Z,ARR,bad,71.0
6,True,True,PRINCE RUPERT,JASPER,2025-08-01,28,Loos,LOOS,2025-08-02T19:26:56Z,2025-08-02T18:07:00Z,ARR,bad,79.0
6,True,True,PRINCE RUPERT,JASPER,2025-08-01,29,Goat River,GOAT,2025-08-02T19:41:28Z,2025-08-02T18:22:00Z,ARR,bad,79.0
6,True,True,PRINCE RUPERT,JASPER,2025-08-01,30,Mcbride,MCBR,2025-08-02T20:42:57Z,2025-08-02T19:18:00Z,ARR,bad,84.0
6,True,True,PRINCE RUPERT,JASPER,2025-08-01,31,Dunster,DNST,2025-08-02T21:12:03Z,2025-08-02T19:35:00Z,ARR,bad,97.0
6,True,True,PRINCE RUPERT,JASPER,2025-08-01,32,Harvey,HRVY,2025-08-02T21:47:27Z,2025-08-02T20:24:00Z,ARR,bad,83.0
6,True,True,PRINCE RUPERT,JASPER,2025-08-01,33,Jasper,JASP,2025-08-03T00:00:19Z,2025-08-02T23:00:00Z,ARR,bad,60.0
691,True,True,THE PAS,CHURCHILL,2025-08-01,0,The Pas,TPAS,2025-08-01T07:30:00Z,2025-08-01T07:30:00Z,ARR,goo,0.0
691,True,True,THE PAS,CHURCHILL,2025-08-01,1,Orok,OROK,2025-08-01T08:05:25Z,2025-08-01T08:07:00Z,ARR,goo,-1.0
691,True,True,THE PAS,CHURCHILL,2025-08-01,2,Halcrow,HALC,2025-08-01T08:56:04Z,2025-08-01T09:01:00Z,ARR,goo,-4.0
691,True,True,THE PAS,CHURCHILL,2025-08-01,3,Cormorant,CORM,2025-08-01T09:12:00Z,2025-08-01T09:12:00Z,ARR,goo,0.0
691,True,True,THE PAS,CHURCHILL,2025-08-01,4,Dering,DERI,2025-08-01T09:20:00Z,2025-08-01T09:20:00Z,ARR,goo,0.0
691,True,True,THE PAS,CHURCHILL,2025-08-01,5,Dyce,DYCE,2025-08-01T09:59:00Z,2025-08-01T09:59:00Z,ARR,goo,0.0
691,True,True,THE PAS,CHURCHILL,2025-08-01,6,Wekusko,WEKU,2025-08-01T10:25:47Z,2025-08-01T10:43:00Z,ARR,goo,-17.0
691,True,True,THE PAS,CHURCHILL,2025-08-01,7,Turnbull,TURN,2025-08-01T10:49:21Z,2025-08-01T11:10:00Z,ARR,goo,-20.0
691,True,True,THE PAS,CHURCHILL,2025-08-01,8,Ponton,PNTN,2025-08-01T11:16:59Z,2025-08-01T11:42:00Z,ARR,goo,-25.0
691,True,True,THE PAS,CHURCHILL,2025-08-01,9,Pipun,PIPN,2025-08-01T12:01:09Z,2025-08-01T12:25:00Z,ARR,goo,-23.0
691,True,True,THE PAS,CHURCHILL,2025-08-01,10,Wabowden,WBDN,2025-08-01T12:15:09Z,2025-08-01T12:48:00Z,ARR,goo,-32.0
691,True,True,THE PAS,CHURCHILL,2025-08-01,11,Lyddal,LYDD,2025-08-01T13:04:57Z,2025-08-01T13:16:00Z,ARR,goo,-11.0
691,True,True,THE PAS,CHURCHILL,2025-08-01,12,Odhill,ODHI,2025-08-01T13:28:19Z,2025-08-01T13:38:00Z,ARR,goo,-9.0
691,True,True,THE PAS,CHURCHILL,2025-08-01,13,Hockin,HOCK,2025-08-01T14:05:54Z,2025-08-01T14:22:00Z,ARR,goo,-16.0
691,True,True,THE PAS,CHURCHILL,2025-08-01,14,Thicket Portage,THKP,2025-08-01T14:37:00Z,2025-08-01T14:37:00Z,ARR,goo,0.0
691,True,True,THE PAS,CHURCHILL,2025-08-01,15,Leven,LEVN,2025-08-01T14:47:54Z,2025-08-01T14:54:00Z,ARR,goo,-6.0
691,True,True,THE PAS,CHURCHILL,2025-08-01,16,Thompson,THOM,2025-08-01T18:11:16Z,2025-08-01T17:00:00Z,ARR,bad,71.0
691,True,True,THE PAS,CHURCHILL,2025-08-01,17,Sipiwesk,SIPI,2025-08-01T23:33:07Z,2025-08-01T23:35:00Z,ARR,goo,-1.0
691,True,True,THE PAS,CHURCHILL,2025-08-01,18,Pikwitonei,PIKW,2025-08-02T00:02:00Z,2025-08-02T00:02:00Z,ARR,goo,0.0
691,True,True,THE PAS,CHURCHILL,2025-08-01,19,Bridgar,BRGR,2025-08-02T00:13:00Z,2025-08-02T00:13:00Z,ARR,goo,0.0
691,True,True,THE PAS,CHURCHILL,2025-08-01,20,Pit Siding,PITS,2025-08-02T01:35:00Z,2025-08-02T01:35:00Z,ARR,goo,0.0
691,True,True,THE PAS,CHURCHILL,2025-08-01,21,Ilford,ILFO,2025-08-02T02:36:00Z,2025-08-02T02:36:00Z,ARR,goo,0.0
691,True,True,THE PAS,CHURCHILL,2025-08-01,22,Wivenhoe,WVHO,2025-08-02T03:38:53Z,2025-08-02T03:13:00Z,ARR,bad,25.0
691,True,True,THE PAS,CHURCHILL,2025-08-01,23,Gillam,GILL,2025-08-02T04:23:32Z,2025-08-02T04:00:01Z,ARR,bad,23.0
691,True,True,THE PAS,CHURCHILL,2025-08-01,24,Bird,BIRD,2025-08-02T05:25:34Z,2025-08-02T05:29:00Z,ARR,goo,-3.0
691,True,True,THE PAS,CHURCHILL,2025-08-01,25,Amery,AMRY,2025-08-02T06:00:19Z,2025-08-02T05:51:00Z,ARR,med,9.0
691,True,True,THE PAS,CHURCHILL,2025-08-01,26,Weir River,WEIR,2025-08-02T06:59:30Z,2025-08-02T06:43:00Z,ARR,bad,16.0
691,True,True,THE PAS,CHURCHILL,2025-08-01,27,Thibaudeau,THIB,2025-08-02T07:47:11Z,2025-08-02T08:00:00Z,ARR,goo,-12.0
691,True,True,THE PAS,CHURCHILL,2025-08-01,28,Herchmer,HERC,2025-08-02T09:26:00Z,2025-08-02T09:26:00Z,ARR,goo,0.0
691,True,True,THE PAS,CHURCHILL,2025-08-01,29,O'Day,ODAY,2025-08-02T10:05:00Z,2025-08-02T10:05:00Z,ARR,goo,0.0
691,True,True,THE PAS,CHURCHILL,2025-08-01,30,M'Clintock,MCLI,2025-08-02T10:50:00Z,2025-08-02T10:50:00Z,ARR,goo,0.0
691,True,True,THE PAS,CHURCHILL,2025-08-01,31,Chesnaye,CHES,2025-08-02T10:59:44Z,2025-08-02T12:06:00Z,ARR,goo,-66.0
691,True,True,THE PAS,CHURCHILL,2025-08-01,32,Tidal,TIDL,2025-08-02T12:06:56Z,2025-08-02T13:37:00Z,ARR,goo,-90.0
691,True,True,THE PAS,CHURCHILL,2025-08-01,33,Churchill,CHUR,2025-08-02T12:58:24Z,2025-08-02T14:00:00Z,ARR,goo,-61.0
5,True,False,JASPER,PRINCE RUPERT,2025-08-01,0,Jasper,JASP,2025-08-01T17:00:00Z,2025-08-01T16:45:00Z,ARR,bad,15.0
5,True,False,JASPER,PRINCE RUPERT,2025-08-01,1,Harvey,HRVY,2025-08-01T18:57:48Z,2025-08-01T18:38:00Z,ARR,bad,19.0
5,True,False,JASPER,PRINCE RUPERT,2025-08-01,2,Dunster,DNST,2025-08-01T19:30:10Z,2025-08-01T19:12:00Z,ARR,bad,18.0
5,True,False,JASPER,PRINCE RUPERT,2025-08-01,3,Mcbride,MCBR,2025-08-01T20:04:37Z,2025-08-01T19:44:00Z,ARR,bad,20.0
5,True,False,JASPER,PRINCE RUPERT,2025-08-01,4,Goat River,GOAT,2025-08-01T21:57:48Z,2025-08-01T20:41:00Z,ARR,bad,76.0
5,True,False,JASPER,PRINCE RUPERT,2025-08-01,5,Loos,LOOS,2025-08-01T22:12:06Z,2025-08-01T20:58:00Z,ARR,bad,74.0
5,True,False,JASPER,PRINCE RUPERT,2025-08-01,6,Dome Creek,DOMC,2025-08-01T22:39:18Z,2025-08-01T21:32:00Z,ARR,bad,67.0
5,True,False,JASPER,PRINCE RUPERT,2025-08-01,7,Bend,BEND,2025-08-01T22:41:42Z,2025-08-01T21:36:00Z,ARR,bad,65.0
5,True,False,JASPER,PRINCE RUPERT,2025-08-01,8,Penny,PENN,2025-08-01T23:01:32Z,2025-08-01T21:56:00Z,ARR,bad,65.0
5,True,False,JASPER,PRINCE RUPERT,2025-08-01,9,Longworth,LWTH,2025-08-01T23:12:38Z,2025-08-01T22:11:00Z,ARR,bad,61.0
5,True,False,JASPER,PRINCE RUPERT,2025-08-01,10,Hutton,HUTT,2025-08-01T23:25:46Z,2025-08-01T22:24:00Z,ARR,bad,61.0
5,True,False,JASPER,PRINCE RUPERT,2025-08-01,11,Sinclair Mills,SINM,2025-08-01T23:29:16Z,2025-08-01T22:30:00Z,ARR,bad,59.0
5,True,False,JASPER,PRINCE RUPERT,2025-08-01,12,Mcgregor,MCGR,2025-08-01T23:42:10Z,2025-08-01T22:43:00Z,ARR,bad,59.0
5,True,False,JASPER,PRINCE RUPERT,2025-08-01,13,Upper Fraser,UFRZ,2025-08-01T23:51:10Z,2025-08-01T22:52:00Z,ARR,bad,59.0
5,True,False,JASPER,PRINCE RUPERT,2025-08-01,14,Aleza Lake,ALZL,2025-08-02T00:00:10Z,2025-08-01T23:01:00Z,ARR,bad,59.0
5,True,False,JASPER,PRINCE RUPERT,2025-08-01,15,Willow River,WILR,2025-08-02T00:32:21Z,2025-08-01T23:31:00Z,ARR,bad,61.0
5,True,False,JASPER,PRINCE RUPERT,2025-08-01,16,Prince George,PGEO,2025-08-02T01:07:28Z,2025-08-02T00:08:00Z,ARR,bad,59.0
5,True,False,JASPER,PRINCE RUPERT,2025-08-01,17,Vanderhoof,VDRH,2025-08-02T17:22:38Z,2025-08-02T16:55:00Z,ARR,bad,27.0
5,True,False,JASPER,PRINCE RUPERT,2025-08-01,18,Fort Fraser,FFRA,2025-08-02T17:56:45Z,2025-08-02T17:32:00Z,ARR,bad,24.0
5,True,False,JASPER,PRINCE RUPERT,2025-08-01,19,Endako,ENDA,2025-08-02T18:58:38Z,2025-08-02T17:50:00Z,ARR,bad,68.0
5,True,False,JASPER,PRINCE RUPERT,2025-08-01,20,Burns Lake,BRNL,2025-08-02T19:53:27Z,2025-08-02T18:58:00Z,ARR,bad,55.0
5,True,False,JASPER,PRINCE RUPERT,2025-08-01,21,Houston,HOUS,2025-08-02T21:19:28Z,2025-08-02T20:08:00Z,ARR,bad,71.0
5,True,False,JASPER,PRINCE RUPERT,2025-08-01,22,Telkwa,TELK,2025-08-02T22:00:15Z,2025-08-02T20:52:00Z,ARR,bad,68.0
5,True,False,JASPER,PRINCE RUPERT,2025-08-01,23,Smithers,SMTR,2025-08-02T22:11:49Z,2025-08-02T21:10:00Z,ARR,bad,61.0
5,True,False,JASPER,PRINCE RUPERT,2025-08-01,24,New Hazelton,NHAZ,2025-08-03T00:03:20Z,2025-08-02T22:37:00Z,ARR,bad,86.0
5,True,False,JASPER,PRINCE RUPERT,2025-08-01,25,Kitwanga,KITW,2025-08-03T00:44:30Z,2025-08-02T23:27:00Z,ARR,bad,77.0
5,True,False,JASPER,PRINCE RUPERT,2025-08-01,26,Cedarvale,CEDA,2025-08-03T01:04:00Z,2025-08-02T23:51:00Z,ARR,bad,73.0
5,True,False,JASPER,PRINCE RUPERT,2025-08-01,27,Dorreen,DORR,2025-08-03T01:22:40Z,2025-08-03T00:12:00Z,ARR,bad,70.0
5,True,False,JASPER,PRINCE RUPERT,2025-08-01,28,Pacific,PACI,2025-08-03T01:32:20Z,2025-08-03T00:21:00Z,ARR,bad,71.0
5,True,False,JASPER,PRINCE RUPERT,2025-08-01,29,Usk,USKX,2025-08-03T01:49:06Z,2025-08-03T00:40:00Z,ARR,bad,69.0
5,True,False,JASPER,PRINCE RUPERT,2025-08-01,30,Terrace,TRRC,2025-08-03T02:05:44Z,2025-08-03T01:00:00Z,ARR,bad,65.0
5,True,False,JASPER,PRINCE RUPERT,2025-08-01,31,Kwinitsa,KWIN,2025-08-03T03:18:20Z,2025-08-03T02:09:00Z,ARR,bad,69.0
5,True,False,JASPER,PRINCE RUPERT,2025-08-01,32,Cassiar Cannery,CASS,2025-08-03T03:54:55Z,2025-08-03T02:45:00Z,6 mins,bad,69.0
5,True,False,JASPER,PRINCE RUPERT,2025-08-01,33,Prince Rupert,PRUP,2025-08-03T04:34:55Z,2025-08-03T03:25:00Z,46 mins,bad,69.0
14,True,True,MONTRÉAL,HALIFAX,2025-08-01,0,Montréal,MTRL,2025-08-01T22:45:54Z,2025-08-01T22:30:00Z,ARR,bad,15.0
14,True,True,MONTRÉAL,HALIFAX,2025-08-01,1,St. Lambert,SLAM,2025-08-01T23:05:55Z,2025-08-01T22:45:00Z,ARR,bad,20.0
14,True,True,MONTRÉAL,HALIFAX,2025-08-01,2,St. Hyacinthe,SHYA,2025-08-01T23:43:43Z,2025-08-01T23:23:00Z,ARR,bad,20.0
14,True,True,MONTRÉAL,HALIFAX,2025-08-01,3,Drummondville,DRMV,2025-08-02T00:21:12Z,2025-08-02T00:04:00Z,ARR,bad,17.0
14,True,True,MONTRÉAL,HALIFAX,2025-08-01,4,Ste-Foy,SFOY,2025-08-02T02:11:16Z,2025-08-02T01:48:00Z,ARR,bad,23.0
14,True,True,MONTRÉAL,HALIFAX,2025-08-01,5,Montmagny,MMGY,2025-08-02T04:00:13Z,2025-08-02T03:17:00Z,ARR,bad,43.0
14,True,True,MONTRÉAL,HALIFAX,2025-08-01,6,La Pocatière,LPOC,2025-08-02T04:33:08Z,2025-08-02T03:50:00Z,ARR,bad,43.0
14,True,True,MONTRÉAL,HALIFAX,2025-08-01,7,Rivière-Du-Loup,RDLX,2025-08-02T05:21:30Z,2025-08-02T04:31:00Z,ARR,bad,50.0
14,True,True,MONTRÉAL,HALIFAX,2025-08-01,8,Trois Pistoles,TPIS,2025-08-02T06:07:57Z,2025-08-02T05:17:00Z,ARR,bad,50.0
14,True,True,MONTRÉAL,HALIFAX,2025-08-01,9,Rimouski,RMSK,2025-08-02T07:38:58Z,2025-08-02T06:25:00Z,ARR,bad,73.0
14,True,True,MONTRÉAL,HALIFAX,2025-08-01,10,Mont-Joli,MJLI,2025-08-02T08:25:03Z,2025-08-02T07:03:00Z,ARR,bad,82.0
14,True,True,MONTRÉAL,HALIFAX,2025-08-01,11,Sayabec,SAYA,2025-08-02T09:29:36Z,2025-08-02T08:06:00Z,ARR,bad,83.0
14,True,True,MONTRÉAL,HALIFAX,2025-08-01,12,Amqui,AMQU,2025-08-02T10:06:01Z,2025-08-02T08:27:00Z,ARR,bad,99.0
14,True,True,MONTRÉAL,HALIFAX,2025-08-01,13,Causapscal,CAUS,2025-08-02T10:36:56Z,2025-08-02T08:49:00Z,ARR,bad,107.0
14,True,True,MONTRÉAL,HALIFAX,2025-08-01,14,Matapedia,MTPD,2025-08-02T11:31:32Z,2025-08-02T09:35:00Z,ARR,bad,116.0
14,True,True,MONTRÉAL,HALIFAX,2025-08-01,15,Campbellton,CBTN,2025-08-02T12:07:14Z,2025-08-02T10:20:00Z,ARR,bad,107.0
14,True,True,MONTRÉAL,HALIFAX,2025-08-01,16,Charlo,CHLO,2025-08-02T13:15:06Z,2025-08-02T11:03:00Z,ARR,bad,132.0
14,True,True,MONTRÉAL,HALIFAX,2025-08-01,17,Jacquet River,JACR,2025-08-02T14:13:00Z,2025-08-02T11:26:00Z,ARR,bad,167.0
14,True,True,MONTRÉAL,HALIFAX,2025-08-01,18,Petit Rocher,PROC,2025-08-02T14:48:38Z,2025-08-02T11:48:00Z,ARR,bad,180.0
14,True,True,MONTRÉAL,HALIFAX,2025-08-01,19,Bathurst,BTRS,2025-08-02T15:10:39Z,2025-08-02T12:36:00Z,ARR,bad,154.0
14,True,True,MONTRÉAL,HALIFAX,2025-08-01,20,Miramichi,MIRA,2025-08-02T16:54:39Z,2025-08-02T14:25:00Z,ARR,bad,149.0
14,True,True,MONTRÉAL,HALIFAX,2025-08-01,21,Rogersville,RGRV,2025-08-02T17:51:08Z,2025-08-02T15:20:00Z,ARR,bad,151.0
14,True,True,MONTRÉAL,HALIFAX,2025-08-01,22,Moncton,MCTN,2025-08-02T19:09:46Z,2025-08-02T16:30:00Z,ARR,bad,159.0
14,True,True,MONTRÉAL,HALIFAX,2025-08-01,23,Sackville,SACK,2025-08-02T20:24:04Z,2025-08-02T17:40:00Z,ARR,bad,164.0
14,True,True,MONTRÉAL,HALIFAX,2025-08-01,24,Amherst,AMHS,2025-08-02T20:41:24Z,2025-08-02T17:55:00Z,ARR,bad,166.0
14,True,True,MONTRÉAL,HALIFAX,2025-08-01,25,Springhill Jct,SPRJ,2025-08-02T21:09:10Z,2025-08-02T18:17:00Z,ARR,bad,172.0
14,True,True,MONTRÉAL,HALIFAX,2025-08-01,26,Truro,TRUR,2025-08-02T22:17:46Z,2025-08-02T19:32:00Z,ARR,bad,165.0
14,True,True,MONTRÉAL,HALIFAX,2025-08-01,27,Halifax,HLFX,2025-08-02T23:49:17Z,2025-08-02T21:36:00Z,ARR,bad,133.0
24,True,True,OTTAWA,QUÉBEC,2025-08-02,0,Ottawa,OTTW,2025-08-02T14:13:17Z,2025-08-02T14:13:00Z,ARR,goo,0.0
24,True,True,OTTAWA,QUÉBEC,2025-08-02,1,Alexandria,ALEX,2025-08-02T14:57:53Z,2025-08-02T15:03:00Z,ARR,goo,-5.0
24,True,True,OTTAWA,QUÉBEC,2025-08-02,2,Coteau,COTO,2025-08-02T15:21:17Z,2025-08-02T15:26:00Z,ARR,goo,-4.0
24,True,True,OTTAWA,QUÉBEC,2025-08-02,3,Dorval,DORV,2025-08-02T15:47:31Z,2025-08-02T15:50:00Z,ARR,goo,-2.0
24,True,True,OTTAWA,QUÉBEC,2025-08-02,4,Montréal,MTRL,2025-08-02T16:11:46Z,2025-08-02T16:15:00Z,ARR,goo,-3.0
24,True,True,OTTAWA,QUÉBEC,2025-08-02,5,St. Lambert,SLAM,2025-08-02T17:05:31Z,2025-08-02T16:58:00Z,ARR,med,7.0
24,True,True,OTTAWA,QUÉBEC,2025-08-02,6,St. Hyacinthe,SHYA,2025-08-02T17:33:00Z,2025-08-02T17:26:00Z,ARR,med,7.0
24,True,True,OTTAWA,QUÉBEC,2025-08-02,7,Drummondville,DRMV,2025-08-02T18:00:51Z,2025-08-02T17:54:00Z,ARR,med,6.0
24,True,True,OTTAWA,QUÉBEC,2025-08-02,8,Charny,CHNY,2025-08-02T19:49:38Z,2025-08-02T19:38:00Z,ARR,med,11.0
24,True,True,OTTAWA,QUÉBEC,2025-08-02,9,Ste-Foy,SFOY,2025-08-02T19:57:43Z,2025-08-02T19:45:00Z,ARR,med,12.0
24,True,True,OTTAWA,QUÉBEC,2025-08-02,10,Québec,QBEC,2025-08-02T20:27:41Z,2025-08-02T20:12:00Z,ARR,bad,15.0
37,True,True,QUÉBEC,OTTAWA,2025-08-02,0,Québec,QBEC,2025-08-02T16:32:00Z,2025-08-02T16:32:00Z,ARR,goo,0.0
37,True,True,QUÉBEC,OTTAWA,2025-08-02,1,Ste-Foy,SFOY,2025-08-02T16:59:21Z,2025-08-02T16:57:00Z,ARR,goo,2.0
37,True,True,QUÉBEC,OTTAWA,2025-08-02,2,Drummondville,DRMV,2025-08-02T19:08:31Z,2025-08-02T18:44:00Z,ARR,bad,24.0
37,True,True,QUÉBEC,OTTAWA,2025-08-02,3,St. Hyacinthe,SHYA,2025-08-02T19:52:29Z,2025-08-02T19:12:00Z,ARR,bad,40.0
37,True,True,QUÉBEC,OTTAWA,2025-08-02,4,St. Lambert,SLAM,2025-08-02T20:26:25Z,2025-08-02T19:39:00Z,ARR,bad,47.0
37,True,True,QUÉBEC,OTTAWA,2025-08-02,5,Montréal,MTRL,2025-08-02T20:41:45Z,2025-08-02T19:54:00Z,ARR,bad,47.0
37,True,True,QUÉBEC,OTTAWA,2025-08-02,6,Dorval,DORV,2025-08-02T21:28:44Z,2025-08-02T20:54:00Z,ARR,bad,34.0
37,True,True,QUÉBEC,OTTAWA,2025-08-02,7,Coteau,COTO,2025-08-02T22:00:11Z,2025-08-02T21:23:00Z,ARR,bad,37.0
37,True,True,QUÉBEC,OTTAWA,2025-08-02,8,Alexandria,ALEX,2025-08-02T22:18:41Z,2025-08-02T21:45:00Z,ARR,bad,33.0
37,True,True,QUÉBEC,OTTAWA,2025-08-02,9,Ottawa,OTTW,2025-08-02T23:05:12Z,2025-08-02T22:37:00Z,ARR,bad,28.0
41,True,True,OTTAWA,TORONTO,2025-08-02,0,Ottawa,OTTW,2025-08-02T09:21:00Z,2025-08-02T09:21:00Z,ARR,goo,0.0
41,True,True,OTTAWA,TORONTO,2025-08-02,1,Fallowfield,FALL,2025-08-02T09:35:24Z,2025-08-02T09:38:00Z,ARR,goo,-2.0
41,True,True,OTTAWA,TORONTO,2025-08-02,2,Smiths Falls,SMTF,2025-08-02T10:05:11Z,2025-08-02T10:08:00Z,ARR,goo,-2.0
41,True,True,OTTAWA,TORONTO,2025-08-02,3,Brockville,BRKV,2025-08-02T10:39:39Z,2025-08-02T10:40:00Z,ARR,goo,0.0
41,True,True,OTTAWA,TORONTO,2025-08-02,4,Kingston,KGON,2025-08-02T11:32:51Z,2025-08-02T11:25:00Z,ARR,med,7.0
41,True,True,OTTAWA,TORONTO,2025-08-02,5,Napanee,NAPN,2025-08-02T11:59:36Z,2025-08-02T11:49:00Z,ARR,med,10.0
41,True,True,OTTAWA,TORONTO,2025-08-02,6,Belleville,BLVL,2025-08-02T12:28:18Z,2025-08-02T12:07:00Z,ARR,bad,21.0
41,True,True,OTTAWA,TORONTO,2025-08-02,7,Trenton Jct.,TRNJ,2025-08-02T12:51:10Z,2025-08-02T12:20:00Z,ARR,bad,31.0
41,True,True,OTTAWA,TORONTO,2025-08-02,8,Cobourg,CBRG,2025-08-02T13:25:12Z,2025-08-02T12:44:00Z,ARR,bad,41.0
41,True,True,OTTAWA,TORONTO,2025-08-02,9,Oshawa,OSHA,2025-08-02T14:13:56Z,2025-08-02T13:19:00Z,ARR,bad,54.0
41,True,True,OTTAWA,TORONTO,2025-08-02,10,Toronto,TRTO,2025-08-02T14:58:24Z,2025-08-02T14:02:00Z,ARR,bad,56.0
50,True,True,TORONTO,OTTAWA,2025-08-02,0,Toronto,TRTO,2025-08-02T10:32:00Z,2025-08-02T10:32:00Z,ARR,goo,0.0
50,True,True,TORONTO,OTTAWA,2025-08-02,1,Guildwood,GUIL,2025-08-02T10:48:18Z,2025-08-02T10:50:00Z,ARR,goo,-1.0
50,True,True,TORONTO,OTTAWA,2025-08-02,2,Oshawa,OSHA,2025-08-02T11:08:18Z,2025-08-02T11:08:00Z,ARR,goo,0.0
50,True,True,TORONTO,OTTAWA,2025-08-02,3,Cobourg,CBRG,2025-08-02T11:43:04Z,2025-08-02T11:43:00Z,ARR,goo,0.0
50,True,True,TORONTO,OTTAWA,2025-08-02,4,Belleville,BLVL,2025-08-02T12:16:32Z,2025-08-02T12:18:00Z,ARR,goo,-1.0
50,True,True,TORONTO,OTTAWA,2025-08-02,5,Kingston,KGON,2025-08-02T12:58:30Z,2025-08-02T12:57:00Z,ARR,goo,1.0
50,True,True,TORONTO,OTTAWA,2025-08-02,6,Brockville,BRKV,2025-08-02T14:04:31Z,2025-08-02T13:54:00Z,ARR,med,10.0
50,True,True,TORONTO,OTTAWA,2025-08-02,7,Smiths Falls,SMTF,2025-08-02T14:29:33Z,2025-08-02T14:29:00Z,ARR,goo,0.0
50,True,True,TORONTO,OTTAWA,2025-08-02,8,Fallowfield,FALL,2025-08-02T15:11:32Z,2025-08-02T15:01:00Z,ARR,med,10.0
50,True,True,TORONTO,OTTAWA,2025-08-02,9,Ottawa,OTTW,2025-08-02T15:29:33Z,2025-08-02T15:21:00Z,ARR,med,8.0
52,True,True,TORONTO,OTTAWA,2025-08-02,0,Toronto,TRTO,2025-08-02T12:32:00Z,2025-08-02T12:32:00Z,ARR,goo,0.0
52,True,True,TORONTO,OTTAWA,2025-08-02,1,Guildwood,GUIL,2025-08-02T12:49:24Z,2025-08-02T12:50:00Z,ARR,goo,0.0
52,True,True,TORONTO,OTTAWA,2025-08-02,2,Oshawa,OSHA,2025-08-02T13:08:35Z,2025-08-02T13:09:00Z,ARR,goo,0.0
52,True,True,TORONTO,OTTAWA,2025-08-02,3,Cobourg,CBRG,2025-08-02T13:43:11Z,2025-08-02T13:44:00Z,ARR,goo,0.0
52,True,True,TORONTO,OTTAWA,2025-08-02,4,Belleville,BLVL,2025-08-02T14:20:23Z,2025-08-02T14:20:00Z,ARR,goo,0.0
52,True,True,TORONTO,OTTAWA,2025-08-02,5,Kingston,KGON,2025-08-02T15:00:25Z,2025-08-02T15:00:00Z,ARR,goo,0.0
52,True,True,TORONTO,OTTAWA,2025-08-02,6,Brockville,BRKV,2025-08-02T16:07:40Z,2025-08-02T15:57:00Z,ARR,med,10.0
52,True,True,TORONTO,OTTAWA,2025-08-02,7,Smiths Falls,SMTF,2025-08-02T16:43:01Z,2025-08-02T16:35:00Z,ARR,med,8.0
52,True,True,TORONTO,OTTAWA,2025-08-02,8,Fallowfield,FALL,2025-08-02T17:07:03Z,2025-08-02T17:11:00Z,ARR,goo,-3.0
52,True,True,TORONTO,OTTAWA,2025-08-02,9,Ottawa,OTTW,2025-08-02T17:26:48Z,2025-08-02T17:32:00Z,ARR,goo,-5.0
53,True,True,OTTAWA,TORONTO,2025-08-02,0,Ottawa,OTTW,2025-08-02T15:43:00Z,2025-08-02T15:43:00Z,ARR,goo,0.0
53,True,True,OTTAWA,TORONTO,2025-08-02,1,Fallowfield,FALL,2025-08-02T15:58:49Z,2025-08-02T16:00:00Z,ARR,goo,-1.0
53,True,True,OTTAWA,TORONTO,2025-08-02,2,Brockville,BRKV,2025-08-02T17:00:58Z,2025-08-02T17:01:00Z,ARR,goo,0.0
53,True,True,OTTAWA,TORONTO,2025-08-02,3,Gananoque,GANA,2025-08-02T17:33:43Z,2025-08-02T17:31:00Z,ARR,goo,2.0
53,True,True,OTTAWA,TORONTO,2025-08-02,4,Kingston,KGON,2025-08-02T17:57:27Z,2025-08-02T17:54:00Z,ARR,goo,3.0
53,True,True,OTTAWA,TORONTO,2025-08-02,5,Belleville,BLVL,2025-08-02T18:48:25Z,2025-08-02T18:36:00Z,ARR,med,12.0
53,True,True,OTTAWA,TORONTO,2025-08-02,6,Cobourg,CBRG,2025-08-02T19:41:15Z,2025-08-02T19:12:00Z,ARR,bad,29.0
53,True,True,OTTAWA,TORONTO,2025-08-02,7,Oshawa,OSHA,2025-08-02T20:22:53Z,2025-08-02T19:48:00Z,ARR,bad,34.0
53,True,True,OTTAWA,TORONTO,2025-08-02,8,Toronto,TRTO,2025-08-02T21:06:18Z,2025-08-02T20:33:00Z,ARR,bad,33.0
60,True,True,TORONTO,MONTRÉAL,2025-08-02,0,Toronto,TRTO,2025-08-02T10:32:00Z,2025-08-02T10:32:00Z,ARR,goo,0.0
60,True,True,TORONTO,MONTRÉAL,2025-08-02,1,Guildwood,GUIL,2025-08-02T10:48:14Z,2025-08-02T10:50:00Z,ARR,goo,-1.0
60,True,True,TORONTO,MONTRÉAL,2025-08-02,2,Oshawa,OSHA,2025-08-02T11:08:16Z,2025-08-02T11:08:00Z,ARR,goo,0.0
60,True,True,TORONTO,MONTRÉAL,2025-08-02,3,Cobourg,CBRG,2025-08-02T11:43:00Z,2025-08-02T11:43:00Z,ARR,goo,0.0
60,True,True,TORONTO,MONTRÉAL,2025-08-02,4,Belleville,BLVL,2025-08-02T12:16:29Z,2025-08-02T12:18:00Z,ARR,goo,-1.0
60,True,True,TORONTO,MONTRÉAL,2025-08-02,5,Kingston,KGON,2025-08-02T12:58:26Z,2025-08-02T12:57:00Z,ARR,goo,1.0
60,True,True,TORONTO,MONTRÉAL,2025-08-02,6,Cornwall,CWLL,2025-08-02T14:38:53Z,2025-08-02T14:38:00Z,ARR,goo,0.0
60,True,True,TORONTO,MONTRÉAL,2025-08-02,7,Dorval,DORV,2025-08-02T15:37:06Z,2025-08-02T15:25:00Z,ARR,med,12.0
60,True,True,TORONTO,MONTRÉAL,2025-08-02,8,Montréal,MTRL,2025-08-02T16:07:39Z,2025-08-02T15:50:00Z,ARR,bad,17.0
61,True,True,MONTRÉAL,TORONTO,2025-08-02,0,Montréal,MTRL,2025-08-02T10:45:00Z,2025-08-02T10:45:00Z,ARR,goo,0.0
61,True,True,MONTRÉAL,TORONTO,2025-08-02,1,Dorval,DORV,2025-08-02T11:10:46Z,2025-08-02T11:08:00Z,ARR,goo,2.0
61,True,True,MONTRÉAL,TORONTO,2025-08-02,2,Cornwall,CWLL,2025-08-02T12:04:14Z,2025-08-02T12:01:00Z,ARR,goo,3.0
61,True,True,MONTRÉAL,TORONTO,2025-08-02,3,Kingston,KGON,2025-08-02T13:34:47Z,2025-08-02T13:29:00Z,ARR,med,5.0
61,True,True,MONTRÉAL,TORONTO,2025-08-02,4,Belleville,BLVL,2025-08-02T14:18:44Z,2025-08-02T14:11:00Z,ARR,med,7.0
61,True,True,MONTRÉAL,TORONTO,2025-08-02,5,Oshawa,OSHA,2025-08-02T15:38:55Z,2025-08-02T15:19:00Z,ARR,bad,19.0
61,True,True,MONTRÉAL,TORONTO,2025-08-02,6,Guildwood,GUIL,2025-08-02T16:19:19Z,2025-08-02T15:43:00Z,ARR,bad,36.0
61,True,True,MONTRÉAL,TORONTO,2025-08-02,7,Toronto,TRTO,2025-08-02T16:38:31Z,2025-08-02T16:03:00Z,ARR,bad,35.0
64,True,True,TORONTO,MONTRÉAL,2025-08-02,0,Toronto,TRTO,2025-08-02T15:38:00Z,2025-08-02T15:38:00Z,ARR,goo,0.0
64,True,True,TORONTO,MONTRÉAL,2025-08-02,1,Guildwood,GUIL,2025-08-02T15:54:28Z,2025-08-02T15:55:00Z,ARR,goo,0.0
64,True,True,TORONTO,MONTRÉAL,2025-08-02,2,Oshawa,OSHA,2025-08-02T16:13:44Z,2025-08-02T16:09:00Z,ARR,goo,4.0
64,True,True,TORONTO,MONTRÉAL,2025-08-02,3,Cobourg,CBRG,2025-08-02T16:51:21Z,2025-08-02T16:46:00Z,ARR,med,5.0
64,True,True,TORONTO,MONTRÉAL,2025-08-02,4,Belleville,BLVL,2025-08-02T17:29:55Z,2025-08-02T17:22:00Z,ARR,med,7.0
64,True,True,TORONTO,MONTRÉAL,2025-08-02,5,Kingston,KGON,2025-08-02T18:34:21Z,2025-08-02T18:03:00Z,ARR,bad,31.0
64,True,True,TORONTO,MONTRÉAL,2025-08-02,6,Brockville,BRKV,2025-08-02T19:18:54Z,2025-08-02T18:52:00Z,ARR,bad,26.0
64,True,True,TORONTO,MONTRÉAL,2025-08-02,7,Cornwall,CWLL,2025-08-02T20:06:33Z,2025-08-02T19:42:00Z,ARR,bad,24.0
64,True,True,TORONTO,MONTRÉAL,2025-08-02,8,Dorval,DORV,2025-08-02T20:55:02Z,2025-08-02T20:37:00Z,ARR,bad,18.0
64,True,True,TORONTO,MONTRÉAL,2025-08-02,9,Montréal,MTRL,2025-08-02T21:22:02Z,2025-08-02T21:05:00Z,ARR,bad,17.0
65,True,True,MONTRÉAL,TORONTO,2025-08-02,0,Montréal,MTRL,2025-08-02T14:49:00Z,2025-08-02T14:49:00Z,ARR,goo,0.0
65,True,True,MONTRÉAL,TORONTO,2025-08-02,1,Dorval,DORV,2025-08-02T15:12:56Z,2025-08-02T15:12:00Z,ARR,goo,0.0
65,True,True,MONTRÉAL,TORONTO,2025-08-02,2,Cornwall,CWLL,2025-08-02T16:06:39Z,2025-08-02T16:06:00Z,ARR,goo,0.0
65,True,True,MONTRÉAL,TORONTO,2025-08-02,3,Kingston,KGON,2025-08-02T17:36:29Z,2025-08-02T17:36:00Z,ARR,goo,0.0
65,True,True,MONTRÉAL,TORONTO,2025-08-02,4,Belleville,BLVL,2025-08-02T18:24:34Z,2025-08-02T18:20:00Z,ARR,goo,4.0
65,True,True,MONTRÉAL,TORONTO,2025-08-02,5,Cobourg,CBRG,2025-08-02T18:57:41Z,2025-08-02T18:58:00Z,ARR,goo,0.0
65,True,True,MONTRÉAL,TORONTO,2025-08-02,6,Oshawa,OSHA,2025-08-02T19:30:52Z,2025-08-02T19:34:00Z,ARR,goo,-3.0
65,True,True,MONTRÉAL,TORONTO,2025-08-02,7,Toronto,TRTO,2025-08-02T20:31:33Z,2025-08-02T20:18:00Z,ARR,med,13.0
67,True,True,MONTRÉAL,TORONTO,2025-08-02,0,Montréal,MTRL,2025-08-02T17:23:54Z,2025-08-02T17:22:00Z,ARR,goo,1.0
67,True,True,MONTRÉAL,TORONTO,2025-08-02,1,Dorval,DORV,2025-08-02T17:53:08Z,2025-08-02T17:47:00Z,ARR,med,6.0
67,True,True,MONTRÉAL,TORONTO,2025-08-02,2,Cornwall,CWLL,2025-08-02T18:48:37Z,2025-08-02T18:38:00Z,ARR,med,10.0
67,True,True,MONTRÉAL,TORONTO,2025-08-02,3,Kingston,KGON,2025-08-02T20:24:54Z,2025-08-02T20:03:00Z,ARR,bad,21.0
67,True,True,MONTRÉAL,TORONTO,2025-08-02,4,Belleville,BLVL,2025-08-02T21:11:46Z,2025-08-02T20:42:00Z,ARR,bad,29.0
67,True,True,MONTRÉAL,TORONTO,2025-08-02,5,Cobourg,CBRG,2025-08-02T21:51:23Z,2025-08-02T21:17:00Z,ARR,bad,34.0
67,True,True,MONTRÉAL,TORONTO,2025-08-02,6,Oshawa,OSHA,2025-08-02T22:32:50Z,2025-08-02T21:50:00Z,ARR,bad,42.0
67,True,True,MONTRÉAL,TORONTO,2025-08-02,7,Toronto,TRTO,2025-08-02T23:28:03Z,2025-08-02T22:45:00Z,ARR,bad,43.0
71,True,True,TORONTO,WINDSOR,2025-08-02,0,Toronto,TRTO,2025-08-02T10:50:11Z,2025-08-02T10:50:00Z,ARR,goo,0.0
71,True,True,TORONTO,WINDSOR,2025-08-02,1,Oakville,OAKV,2025-08-02T11:18:15Z,2025-08-02T11:13:00Z,ARR,med,5.0
71,True,True,TORONTO,WINDSOR,2025-08-02,2,Aldershot,ALDR,2025-08-02T11:34:37Z,2025-08-02T11:29:00Z,ARR,med,5.0
71,True,True,TORONTO,WINDSOR,2025-08-02,3,Brantford,BRTF,2025-08-02T12:06:31Z,2025-08-02T11:55:00Z,ARR,med,11.0
71,True,True,TORONTO,WINDSOR,2025-08-02,4,Woodstock,WDST,2025-08-02T12:43:39Z,2025-08-02T12:30:00Z,ARR,med,13.0
71,True,True,TORONTO,WINDSOR,2025-08-02,5,Ingersoll,INGR,2025-08-02T12:55:05Z,2025-08-02T12:43:00Z,ARR,med,12.0
71,True,True,TORONTO,WINDSOR,2025-08-02,6,London,LNDN,2025-08-02T13:21:16Z,2025-08-02T13:06:00Z,ARR,bad,15.0
71,True,True,TORONTO,WINDSOR,2025-08-02,7,Glencoe,GLNC,2025-08-02T13:56:39Z,2025-08-02T13:39:00Z,ARR,bad,17.0
71,True,True,TORONTO,WINDSOR,2025-08-02,8,Chatham,CHAT,2025-08-02T14:45:49Z,2025-08-02T14:18:00Z,ARR,bad,27.0
71,True,True,TORONTO,WINDSOR,2025-08-02,9,Windsor,WDON,2025-08-02T15:30:44Z,2025-08-02T15:08:00Z,ARR,bad,22.0
70,True,True,WINDSOR,TORONTO,2025-08-02,0,Windsor,WDON,2025-08-02T09:36:27Z,2025-08-02T09:35:00Z,ARR,goo,1.0
70,True,True,WINDSOR,TORONTO,2025-08-02,1,Chatham,CHAT,2025-08-02T10:20:31Z,2025-08-02T10:19:00Z,ARR,goo,1.0
70,True,True,WINDSOR,TORONTO,2025-08-02,2,London,LNDN,2025-08-02T11:39:19Z,2025-08-02T11:25:00Z,ARR,med,14.0
70,True,True,WINDSOR,TORONTO,2025-08-02,3,Ingersoll,INGR,2025-08-02T12:06:26Z,2025-08-02T11:55:00Z,ARR,med,11.0
70,True,True,WINDSOR,TORONTO,2025-08-02,4,Woodstock,WDST,2025-08-02T12:18:16Z,2025-08-02T12:08:00Z,ARR,med,10.0
70,True,True,WINDSOR,TORONTO,2025-08-02,5,Brantford,BRTF,2025-08-02T12:48:56Z,2025-08-02T12:44:00Z,ARR,goo,4.0
70,True,True,WINDSOR,TORONTO,2025-08-02,6,Aldershot,ALDR,2025-08-02T13:19:31Z,2025-08-02T13:25:00Z,ARR,goo,-5.0
70,True,True,WINDSOR,TORONTO,2025-08-02,7,Oakville,OAKV,2025-08-02T13:44:13Z,2025-08-02T13:43:00Z,ARR,goo,1.0
70,True,True,WINDSOR,TORONTO,2025-08-02,8,Toronto,TRTO,2025-08-02T14:10:36Z,2025-08-02T14:10:00Z,ARR,goo,0.0
72,True,True,WINDSOR,TORONTO,2025-08-02,0,Windsor,WDON,2025-08-02T12:43:00Z,2025-08-02T12:43:00Z,ARR,goo,0.0
72,True,True,WINDSOR,TORONTO,2025-08-02,1,Chatham,CHAT,2025-08-02T13:26:11Z,2025-08-02T13:25:00Z,ARR,goo,1.0
72,True,True,WINDSOR,TORONTO,2025-08-02,2,Glencoe,GLNC,2025-08-02T14:14:09Z,2025-08-02T14:05:00Z,ARR,med,9.0
72,True,True,WINDSOR,TORONTO,2025-08-02,3,London,LNDN,2025-08-02T14:47:41Z,2025-08-02T14:39:00Z,ARR,med,8.0
72,True,True,WINDSOR,TORONTO,2025-08-02,4,Ingersoll,INGR,2025-08-02T15:18:10Z,2025-08-02T15:07:00Z,ARR,med,11.0
72,True,True,WINDSOR,TORONTO,2025-08-02,5,Woodstock,WDST,2025-08-02T15:30:48Z,2025-08-02T15:23:00Z,ARR,med,7.0
72,True,True,WINDSOR,TORONTO,2025-08-02,6,Brantford,BRTF,2025-08-02T16:07:12Z,2025-08-02T15:55:00Z,ARR,med,12.0
72,True,True,WINDSOR,TORONTO,2025-08-02,7,Aldershot,ALDR,2025-08-02T16:40:19Z,2025-08-02T16:29:00Z,ARR,med,11.0
72,True,True,WINDSOR,TORONTO,2025-08-02,8,Oakville,OAKV,2025-08-02T17:04:17Z,2025-08-02T16:45:00Z,ARR,bad,19.0
72,True,True,WINDSOR,TORONTO,2025-08-02,9,Toronto,TRTO,2025-08-02T17:32:28Z,2025-08-02T17:11:00Z,ARR,bad,21.0
73,True,True,TORONTO,WINDSOR,2025-08-02,0,Toronto,TRTO,2025-08-02T15:30:00Z,2025-08-02T15:30:00Z,ARR,goo,0.0
73,True,True,TORONTO,WINDSOR,2025-08-02,1,Oakville,OAKV,2025-08-02T15:53:30Z,2025-08-02T15:51:00Z,ARR,goo,2.0
73,True,True,TORONTO,WINDSOR,2025-08-02,2,Aldershot,ALDR,2025-08-02T16:10:43Z,2025-08-02T16:09:00Z,ARR,goo,1.0
73,True,True,TORONTO,WINDSOR,2025-08-02,3,Brantford,BRTF,2025-08-02T16:45:23Z,2025-08-02T16:40:00Z,ARR,med,5.0
73,True,True,TORONTO,WINDSOR,2025-08-02,4,Woodstock,WDST,2025-08-02T17:19:36Z,2025-08-02T17:09:00Z,ARR,med,10.0
73,True,True,TORONTO,WINDSOR,2025-08-02,5,London,LNDN,2025-08-02T17:50:55Z,2025-08-02T17:38:00Z,ARR,med,12.0
73,True,True,TORONTO,WINDSOR,2025-08-02,6,Chatham,CHAT,2025-08-02T19:08:36Z,2025-08-02T18:50:00Z,ARR,bad,18.0
73,True,True,TORONTO,WINDSOR,2025-08-02,7,Windsor,WDON,2025-08-02T19:53:05Z,2025-08-02T19:45:00Z,ARR,med,8.0
76,True,True,WINDSOR,TORONTO,2025-08-02,0,Windsor,WDON,2025-08-02T17:06:11Z,2025-08-02T17:06:00Z,ARR,goo,0.0
76,True,True,WINDSOR,TORONTO,2025-08-02,1,Chatham,CHAT,2025-08-02T17:49:47Z,2025-08-02T17:48:00Z,ARR,goo,1.0
76,True,True,WINDSOR,TORONTO,2025-08-02,2,Glencoe,GLNC,2025-08-02T18:35:31Z,2025-08-02T18:23:00Z,ARR,med,12.0
76,True,True,WINDSOR,TORONTO,2025-08-02,3,London,LNDN,2025-08-02T19:08:10Z,2025-08-02T18:58:00Z,ARR,med,10.0
76,True,True,WINDSOR,TORONTO,2025-08-02,4,Brantford,BRTF,2025-08-02T20:08:49Z,2025-08-02T19:59:00Z,ARR,med,9.0
76,True,True,WINDSOR,TORONTO,2025-08-02,5,Aldershot,ALDR,2025-08-02T20:40:56Z,2025-08-02T20:30:00Z,ARR,med,10.0
76,True,True,WINDSOR,TORONTO,2025-08-02,6,Oakville,OAKV,2025-08-02T21:02:02Z,2025-08-02T20:47:00Z,ARR,bad,15.0
76,True,True,WINDSOR,TORONTO,2025-08-02,7,Toronto,TRTO,2025-08-02T21:33:30Z,2025-08-02T21:13:00Z,ARR,bad,20.0
82,True,True,LONDON,TORONTO,2025-08-02,0,London,LNDN,2025-08-02T10:25:00Z,2025-08-02T10:25:00Z,ARR,goo,0.0
82,True,True,LONDON,TORONTO,2025-08-02,1,Woodstock,WDST,2025-08-02T10:53:48Z,2025-08-02T10:53:00Z,ARR,goo,0.0
82,True,True,LONDON,TORONTO,2025-08-02,2,Brantford,BRTF,2025-08-02T11:23:44Z,2025-08-02T11:23:00Z,ARR,goo,0.0
82,True,True,LONDON,TORONTO,2025-08-02,3,Toronto,TRTO,2025-08-02T12:28:27Z,2025-08-02T12:35:00Z,ARR,goo,-6.0
84,True,True,SARNIA,TORONTO,2025-08-02,0,Sarnia,SARN,2025-08-02T12:40:00Z,2025-08-02T12:40:00Z,ARR,goo,0.0
84,True,True,SARNIA,TORONTO,2025-08-02,1,Wyoming,WYOM,2025-08-02T12:59:21Z,2025-08-02T12:55:00Z,ARR,goo,4.0
84,True,True,SARNIA,TORONTO,2025-08-02,2,Strathroy,STRR,2025-08-02T13:26:20Z,2025-08-02T13:27:00Z,ARR,goo,0.0
84,True,True,SARNIA,TORONTO,2025-08-02,3,London,LNDN,2025-08-02T13:55:04Z,2025-08-02T13:52:00Z,ARR,goo,3.0
84,True,True,SARNIA,TORONTO,2025-08-02,4,St.Marys,SMYS,2025-08-02T14:51:29Z,2025-08-02T14:45:00Z,ARR,med,6.0
84,True,True,SARNIA,TORONTO,2025-08-02,5,Stratford,STRF,2025-08-02T15:21:37Z,2025-08-02T15:14:00Z,ARR,med,7.0
84,True,True,SARNIA,TORONTO,2025-08-02,6,Kitchener,KITC,2025-08-02T16:14:04Z,2025-08-02T16:02:00Z,ARR,med,12.0
84,True,True,SARNIA,TORONTO,2025-08-02,7,Guelph,GUEL,2025-08-02T16:39:25Z,2025-08-02T16:24:00Z,ARR,bad,15.0
84,True,True,SARNIA,TORONTO,2025-08-02,8,Georgetown,GEOR,2025-08-02T17:01:52Z,2025-08-02T16:47:00Z,ARR,med,14.0
84,True,True,SARNIA,TORONTO,2025-08-02,9,Brampton,BRMP,2025-08-02T17:14:25Z,2025-08-02T16:59:00Z,ARR,bad,15.0
84,True,True,SARNIA,TORONTO,2025-08-02,10,Malton,MALT,2025-08-02T17:28:46Z,2025-08-02T17:11:00Z,ARR,bad,17.0
84,True,True,SARNIA,TORONTO,2025-08-02,11,Toronto,TRTO,2025-08-02T17:56:59Z,2025-08-02T17:38:00Z,ARR,bad,18.0
644,True,True,TORONTO,OTTAWA,2025-08-02,0,Toronto,TRTO,2025-08-02T17:23:00Z,2025-08-02T17:23:00Z,ARR,goo,0.0
644,True,True,TORONTO,OTTAWA,2025-08-02,1,Oshawa,OSHA,2025-08-02T17:55:16Z,2025-08-02T17:53:00Z,ARR,goo,2.0
644,True,True,TORONTO,OTTAWA,2025-08-02,2,Cobourg,CBRG,2025-08-02T18:38:54Z,2025-08-02T18:28:00Z,ARR,med,10.0
644,True,True,TORONTO,OTTAWA,2025-08-02,3,Belleville,BLVL,2025-08-02T19:20:54Z,2025-08-02T19:03:00Z,ARR,bad,17.0
644,True,True,TORONTO,OTTAWA,2025-08-02,4,Kingston,KGON,2025-08-02T20:12:47Z,2025-08-02T19:43:00Z,ARR,bad,29.0
644,True,True,TORONTO,OTTAWA,2025-08-02,5,Fallowfield,FALL,2025-08-02T21:59:57Z,2025-08-02T21:30:00Z,ARR,bad,29.0
644,True,True,TORONTO,OTTAWA,2025-08-02,6,Ottawa,OTTW,2025-08-02T22:27:06Z,2025-08-02T21:53:00Z,ARR,bad,34.0
97,True,True,TORONTO,NIAGARA FALLS,2025-08-02,0,Toronto,TRTO,2025-08-02T12:20:00Z,2025-08-02T12:20:00Z,ARR,goo,0.0
97,True,True,TORONTO,NIAGARA FALLS,2025-08-02,1,Oakville,OAKV,2025-08-02T12:43:00Z,2025-08-02T12:43:00Z,ARR,goo,0.0
97,True,True,TORONTO,NIAGARA FALLS,2025-08-02,2,Aldershot,ALDR,2025-08-02T12:56:00Z,2025-08-02T12:56:00Z,ARR,goo,0.0
97,True,True,TORONTO,NIAGARA FALLS,2025-08-02,3,Grimsby,GRIM,2025-08-02T13:37:00Z,2025-08-02T13:37:00Z,ARR,goo,0.0
97,True,True,TORONTO,NIAGARA FALLS,2025-08-02,4,St. Catharines,SCAT,2025-08-02T13:57:00Z,2025-08-02T13:57:00Z,ARR,goo,0.0
97,True,True,TORONTO,NIAGARA FALLS,2025-08-02,5,Niagara Falls,NIAG,2025-08-02T14:20:00Z,2025-08-02T14:20:00Z,ARR,goo,0.0
643,True,True,OTTAWA,TORONTO,2025-08-02,0,Ottawa,OTTW,2025-08-02T12:29:00Z,2025-08-02T12:29:00Z,ARR,goo,0.0
643,True,True,OTTAWA,TORONTO,2025-08-02,1,Fallowfield,FALL,2025-08-02T12:45:16Z,2025-08-02T12:45:00Z,ARR,goo,0.0
643,True,True,OTTAWA,TORONTO,2025-08-02,2,Smiths Falls,SMTF,2025-08-02T13:15:57Z,2025-08-02T13:17:00Z,ARR,goo,-1.0
643,True,True,OTTAWA,TORONTO,2025-08-02,3,Brockville,BRKV,2025-08-02T13:48:54Z,2025-08-02T13:49:00Z,ARR,goo,0.0
643,True,True,OTTAWA,TORONTO,2025-08-02,4,Kingston,KGON,2025-08-02T14:42:21Z,2025-08-02T14:32:00Z,ARR,med,10.0
643,True,True,OTTAWA,TORONTO,2025-08-02,5,Napanee,NAPN,2025-08-02T15:11:41Z,2025-08-02T14:57:00Z,ARR,med,14.0
643,True,True,OTTAWA,TORONTO,2025-08-02,6,Belleville,BLVL,2025-08-02T15:43:55Z,2025-08-02T15:17:00Z,ARR,bad,26.0
643,True,True,OTTAWA,TORONTO,2025-08-02,7,Trenton Jct.,TRNJ,2025-08-02T15:59:55Z,2025-08-02T15:31:00Z,ARR,bad,28.0
643,True,True,OTTAWA,TORONTO,2025-08-02,8,Cobourg,CBRG,2025-08-02T16:35:43Z,2025-08-02T15:57:00Z,ARR,bad,38.0
643,True,True,OTTAWA,TORONTO,2025-08-02,9,Port Hope,PHOP,2025-08-02T16:47:15Z,2025-08-02T16:07:00Z,ARR,bad,40.0
643,True,True,OTTAWA,TORONTO,2025-08-02,10,Oshawa,OSHA,2025-08-02T17:24:11Z,2025-08-02T16:35:00Z,ARR,bad,49.0
643,True,True,OTTAWA,TORONTO,2025-08-02,11,Guildwood,GUIL,2025-08-02T17:48:35Z,2025-08-02T16:58:00Z,ARR,bad,50.0
643,True,True,OTTAWA,TORONTO,2025-08-02,12,Toronto,TRTO,2025-08-02T18:08:28Z,2025-08-02T17:18:00Z,ARR,bad,50.0
62,True,True,TORONTO,MONTRÉAL,2025-08-02,0,Toronto,TRTO,2025-08-02T12:32:00Z,2025-08-02T12:32:00Z,ARR,goo,0.0
62,True,True,TORONTO,MONTRÉAL,2025-08-02,1,Guildwood,GUIL,2025-08-02T12:49:17Z,2025-08-02T12:50:00Z,ARR,goo,0.0
62,True,True,TORONTO,MONTRÉAL,2025-08-02,2,Oshawa,OSHA,2025-08-02T13:08:29Z,2025-08-02T13:09:00Z,ARR,goo,0.0
62,True,True,TORONTO,MONTRÉAL,2025-08-02,3,Cobourg,CBRG,2025-08-02T13:43:06Z,2025-08-02T13:44:00Z,ARR,goo,0.0
62,True,True,TORONTO,MONTRÉAL,2025-08-02,4,Belleville,BLVL,2025-08-02T14:20:17Z,2025-08-02T14:20:00Z,ARR,goo,0.0
62,True,True,TORONTO,MONTRÉAL,2025-08-02,5,Kingston,KGON,2025-08-02T15:00:19Z,2025-08-02T15:00:00Z,ARR,goo,0.0
62,True,True,TORONTO,MONTRÉAL,2025-08-02,6,Cornwall,CWLL,2025-08-02T16:45:28Z,2025-08-02T16:43:00Z,ARR,goo,2.0
62,True,True,TORONTO,MONTRÉAL,2025-08-02,7,Dorval,DORV,2025-08-02T17:43:57Z,2025-08-02T17:34:00Z,ARR,med,9.0
62,True,True,TORONTO,MONTRÉAL,2025-08-02,8,Montréal,MTRL,2025-08-02T18:08:31Z,2025-08-02T18:00:00Z,ARR,med,8.0
633,True,True,MONTRÉAL,OTTAWA,2025-08-02,0,Montréal,MTRL,2025-08-02T13:00:00Z,2025-08-02T13:00:00Z,ARR,goo,0.0
633,True,True,MONTRÉAL,OTTAWA,2025-08-02,1,Dorval,DORV,2025-08-02T13:22:45Z,2025-08-02T13:24:00Z,ARR,goo,-1.0
633,True,True,MONTRÉAL,OTTAWA,2025-08-02,2,Alexandria,ALEX,2025-08-02T14:14:17Z,2025-08-02T14:11:00Z,ARR,goo,3.0
633,True,True,MONTRÉAL,OTTAWA,2025-08-02,3,Casselman,CSLM,2025-08-02T14:43:39Z,2025-08-02T14:34:00Z,ARR,med,9.0
633,True,True,MONTRÉAL,OTTAWA,2025-08-02,4,Ottawa,OTTW,2025-08-02T15:08:52Z,2025-08-02T15:05:00Z,ARR,goo,3.0
45,True,True,OTTAWA,TORONTO,2025-08-02,0,Ottawa,OTTW,2025-08-02T14:24:00Z,2025-08-02T14:24:00Z,ARR,goo,0.0
45,True,True,OTTAWA,TORONTO,2025-08-02,1,Fallowfield,FALL,2025-08-02T14:41:30Z,2025-08-02T14:40:00Z,ARR,goo,1.0
45,True,True,OTTAWA,TORONTO,2025-08-02,2,Kingston,KGON,2025-08-02T16:40:18Z,2025-08-02T16:26:00Z,ARR,med,14.0
45,True,True,OTTAWA,TORONTO,2025-08-02,3,Toronto,TRTO,2025-08-02T20:15:54Z,2025-08-02T18:48:00Z,ARR,bad,87.0
622,True,True,MONTRÉAL,QUÉBEC,2025-08-02,0,Montréal,MTRL,2025-08-02T12:20:00Z,2025-08-02T12:20:00Z,ARR,goo,0.0
622,True,True,MONTRÉAL,QUÉBEC,2025-08-02,1,St. Lambert,SLAM,2025-08-02T12:33:46Z,2025-08-02T12:33:00Z,ARR,goo,0.0
622,True,True,MONTRÉAL,QUÉBEC,2025-08-02,2,St. Hyacinthe,SHYA,2025-08-02T13:07:11Z,2025-08-02T13:00:00Z,ARR,med,7.0
622,True,True,MONTRÉAL,QUÉBEC,2025-08-02,3,Drummondville,DRMV,2025-08-02T13:44:09Z,2025-08-02T13:29:00Z,ARR,bad,15.0
622,True,True,MONTRÉAL,QUÉBEC,2025-08-02,4,Ste-Foy,SFOY,2025-08-02T15:19:40Z,2025-08-02T15:11:00Z,ARR,med,8.0
622,True,True,MONTRÉAL,QUÉBEC,2025-08-02,5,Québec,QBEC,2025-08-02T15:48:06Z,2025-08-02T15:39:00Z,ARR,med,9.0
185,True,True,SUDBURY,WHITE RIVER,2025-08-02,0,Sudbury,SUDB,2025-08-02T13:00:00Z,2025-08-02T13:00:00Z,ARR,goo,0.0
185,True,True,SUDBURY,WHITE RIVER,2025-08-02,1,Azilda,AZIL,2025-08-02T13:40:21Z,2025-08-02T13:10:00Z,ARR,bad,30.0
185,True,True,SUDBURY,WHITE RIVER,2025-08-02,2,Chelmsford,CHEL,2025-08-02T13:43:28Z,2025-08-02T13:15:00Z,ARR,bad,28.0
185,True,True,SUDBURY,WHITE RIVER,2025-08-02,3,Larchwood,LARC,2025-08-02T13:50:07Z,2025-08-02T13:19:00Z,ARR,bad,31.0
185,True,True,SUDBURY,WHITE RIVER,2025-08-02,4,Levack,LEVA,2025-08-02T13:59:51Z,2025-08-02T13:30:00Z,ARR,bad,29.0
185,True,True,SUDBURY,WHITE RIVER,2025-08-02,5,Cartier,CART,2025-08-02T14:12:09Z,2025-08-02T13:45:00Z,ARR,bad,27.0
185,True,True,SUDBURY,WHITE RIVER,2025-08-02,6,Benny,BENN,2025-08-02T14:39:18Z,2025-08-02T14:05:00Z,ARR,bad,34.0
185,True,True,SUDBURY,WHITE RIVER,2025-08-02,7,Stralak,STRL,2025-08-02T14:43:56Z,2025-08-02T14:12:00Z,ARR,bad,31.0
185,True,True,SUDBURY,WHITE RIVER,2025-08-02,8,Pogamasing,POGA,2025-08-02T14:56:57Z,2025-08-02T14:25:00Z,ARR,bad,31.0
185,True,True,SUDBURY,WHITE RIVER,2025-08-02,9,Sheahan,SHEA,2025-08-02T15:00:20Z,2025-08-02T14:30:00Z,ARR,bad,30.0
185,True,True,SUDBURY,WHITE RIVER,2025-08-02,10,Forks,FRKS,2025-08-02T15:09:13Z,2025-08-02T14:40:00Z,ARR,bad,29.0
185,True,True,SUDBURY,WHITE RIVER,2025-08-02,11,Metagama,MTGM,2025-08-02T15:19:13Z,2025-08-02T14:50:00Z,ARR,bad,29.0
185,True,True,SUDBURY,WHITE RIVER,2025-08-02,12,Sinker,SNKR,2025-08-02T15:24:13Z,2025-08-02T14:55:00Z,ARR,bad,29.0
185,True,True,SUDBURY,WHITE RIVER,2025-08-02,13,Biscotasing,BISC,2025-08-02T16:09:35Z,2025-08-02T15:20:00Z,ARR,bad,49.0
185,True,True,SUDBURY,WHITE RIVER,2025-08-02,14,Roberts,RBRT,2025-08-02T16:19:35Z,2025-08-02T15:30:00Z,ARR,bad,49.0
185,True,True,SUDBURY,WHITE RIVER,2025-08-02,15,Ramsey,RAMS,2025-08-02T16:34:35Z,2025-08-02T15:45:00Z,ARR,bad,49.0
185,True,True,SUDBURY,WHITE RIVER,2025-08-02,16,Woman River,WOMR,2025-08-02T16:54:35Z,2025-08-02T16:05:00Z,ARR,bad,49.0
185,True,True,SUDBURY,WHITE RIVER,2025-08-02,17,Sultan,SULT,2025-08-02T17:09:35Z,2025-08-02T16:20:00Z,ARR,bad,49.0
185,True,True,SUDBURY,WHITE RIVER,2025-08-02,18,Kormak,KORM,2025-08-02T17:24:35Z,2025-08-02T16:35:00Z,ARR,bad,49.0
185,True,True,SUDBURY,WHITE RIVER,2025-08-02,19,Kinogama,KINO,2025-08-02T17:29:35Z,2025-08-02T16:40:00Z,ARR,bad,49.0
185,True,True,SUDBURY,WHITE RIVER,2025-08-02,20,Nemegos,NEME,2025-08-02T17:59:20Z,2025-08-02T16:55:00Z,ARR,bad,64.0
185,True,True,SUDBURY,WHITE RIVER,2025-08-02,21,Devon,DEVN,2025-08-02T18:09:29Z,2025-08-02T17:05:00Z,ARR,bad,64.0
185,True,True,SUDBURY,WHITE RIVER,2025-08-02,22,Chapleau,CHAP,2025-08-02T18:25:52Z,2025-08-02T17:20:00Z,ARR,bad,65.0
185,True,True,SUDBURY,WHITE RIVER,2025-08-02,23,Esher,ESHR,2025-08-02T18:47:08Z,2025-08-02T17:50:00Z,ARR,bad,57.0
185,True,True,SUDBURY,WHITE RIVER,2025-08-02,24,Musk,MUSK,2025-08-02T19:01:23Z,2025-08-02T18:00:00Z,ARR,bad,61.0
185,True,True,SUDBURY,WHITE RIVER,2025-08-02,25,Nicholson,NICH,2025-08-02T19:06:57Z,2025-08-02T18:10:00Z,ARR,bad,56.0
185,True,True,SUDBURY,WHITE RIVER,2025-08-02,26,Bolkow,BOLK,2025-08-02T19:57:12Z,2025-08-02T18:30:00Z,ARR,bad,87.0
185,True,True,SUDBURY,WHITE RIVER,2025-08-02,27,Dalton,DALT,2025-08-02T20:12:12Z,2025-08-02T18:45:00Z,ARR,bad,87.0
185,True,True,SUDBURY,WHITE RIVER,2025-08-02,28,Missanabie,MSBI,2025-08-02T20:40:52Z,2025-08-02T19:10:00Z,ARR,bad,90.0
185,True,True,SUDBURY,WHITE RIVER,2025-08-02,29,Lochalsh,LOCH,2025-08-02T21:00:52Z,2025-08-02T19:30:00Z,ARR,bad,90.0
185,True,True,SUDBURY,WHITE RIVER,2025-08-02,30,Franz,FRNZ,2025-08-02T21:15:10Z,2025-08-02T19:50:00Z,ARR,bad,85.0
185,True,True,SUDBURY,WHITE RIVER,2025-08-02,31,Swanson,SWAN,2025-08-02T21:24:18Z,2025-08-02T20:00:00Z,ARR,bad,84.0
185,True,True,SUDBURY,WHITE RIVER,2025-08-02,32,Girdwood,GIRD,2025-08-02T21:58:24Z,2025-08-02T20:25:00Z,ARR,bad,93.0
185,True,True,SUDBURY,WHITE RIVER,2025-08-02,33,Amyot,AMYO,2025-08-02T22:03:53Z,2025-08-02T20:35:00Z,ARR,bad,88.0
185,True,True,SUDBURY,WHITE RIVER,2025-08-02,34,O'Brien,OBRI,2025-08-02T22:17:33Z,2025-08-02T20:50:00Z,ARR,bad,87.0
185,True,True,SUDBURY,WHITE RIVER,2025-08-02,35,White River,WHTR,2025-08-02T22:45:15Z,2025-08-02T21:05:00Z,ARR,bad,100.0
637,True,True,QUÉBEC,OTTAWA,2025-08-02,0,Québec,QBEC,2025-08-02T14:00:00Z,2025-08-02T14:00:00Z,ARR,goo,0.0
637,True,True,QUÉBEC,OTTAWA,2025-08-02,1,Ste-Foy,SFOY,2025-08-02T14:26:23Z,2025-08-02T14:25:00Z,ARR,goo,1.0
637,True,True,QUÉBEC,OTTAWA,2025-08-02,2,Drummondville,DRMV,2025-08-02T16:09:30Z,2025-08-02T16:08:00Z,ARR,goo,1.0
637,True,True,QUÉBEC,OTTAWA,2025-08-02,3,St. Lambert,SLAM,2025-08-02T17:31:58Z,2025-08-02T17:16:00Z,ARR,bad,15.0
637,True,True,QUÉBEC,OTTAWA,2025-08-02,4,Montréal,MTRL,2025-08-02T17:50:42Z,2025-08-02T17:31:00Z,ARR,bad,19.0
637,True,True,QUÉBEC,OTTAWA,2025-08-02,5,Dorval,DORV,2025-08-02T18:39:55Z,2025-08-02T18:20:00Z,ARR,bad,19.0
637,True,True,QUÉBEC,OTTAWA,2025-08-02,6,Alexandria,ALEX,2025-08-02T19:33:45Z,2025-08-02T19:10:00Z,ARR,bad,23.0
637,True,True,QUÉBEC,OTTAWA,2025-08-02,7,Ottawa,OTTW,2025-08-02T20:24:34Z,2025-08-02T19:56:00Z,ARR,bad,28.0
624,True,True,OTTAWA,QUÉBEC,2025-08-02,0,Ottawa,OTTW,2025-08-02T11:45:00Z,2025-08-02T11:45:00Z,ARR,goo,0.0
624,True,True,OTTAWA,QUÉBEC,2025-08-02,1,Alexandria,ALEX,2025-08-02T12:27:39Z,2025-08-02T12:31:00Z,ARR,goo,-3.0
624,True,True,OTTAWA,QUÉBEC,2025-08-02,2,Dorval,DORV,2025-08-02T13:20:02Z,2025-08-02T13:16:00Z,ARR,goo,4.0
624,True,True,OTTAWA,QUÉBEC,2025-08-02,3,Montréal,MTRL,2025-08-02T13:41:42Z,2025-08-02T13:39:00Z,ARR,goo,2.0
624,True,True,OTTAWA,QUÉBEC,2025-08-02,4,St. Lambert,SLAM,2025-08-02T14:28:20Z,2025-08-02T14:28:00Z,ARR,goo,0.0
624,True,True,OTTAWA,QUÉBEC,2025-08-02,5,St. Hyacinthe,SHYA,2025-08-02T15:04:38Z,2025-08-02T15:06:00Z,ARR,goo,-1.0
624,True,True,OTTAWA,QUÉBEC,2025-08-02,6,Drummondville,DRMV,2025-08-02T15:45:33Z,2025-08-02T15:34:00Z,ARR,med,11.0
624,True,True,OTTAWA,QUÉBEC,2025-08-02,7,Charny,CHNY,2025-08-02T17:51:24Z,2025-08-02T17:13:00Z,ARR,bad,38.0
624,True,True,OTTAWA,QUÉBEC,2025-08-02,8,Ste-Foy,SFOY,2025-08-02T17:59:09Z,2025-08-02T17:20:00Z,ARR,bad,39.0
624,True,True,OTTAWA,QUÉBEC,2025-08-02,9,Québec,QBEC,2025-08-02T18:27:28Z,2025-08-02T17:48:00Z,ARR,bad,39.0
47,True,True,OTTAWA,TORONTO,2025-08-02,0,Ottawa,OTTW,2025-08-02T16:23:00Z,2025-08-02T16:23:00Z,ARR,goo,0.0
47,True,True,OTTAWA,TORONTO,2025-08-02,1,Fallowfield,FALL,2025-08-02T16:38:24Z,2025-08-02T16:40:00Z,ARR,goo,-1.0
47,True,True,OTTAWA,TORONTO,2025-08-02,2,Smiths Falls,SMTF,2025-08-02T17:16:09Z,2025-08-02T17:18:00Z,ARR,goo,-1.0
47,True,True,OTTAWA,TORONTO,2025-08-02,3,Brockville,BRKV,2025-08-02T17:50:44Z,2025-08-02T17:54:00Z,ARR,goo,-3.0
47,True,True,OTTAWA,TORONTO,2025-08-02,4,Gananoque,GANA,2025-08-02T18:21:50Z,2025-08-02T18:22:00Z,ARR,goo,0.0
47,True,True,OTTAWA,TORONTO,2025-08-02,5,Kingston,KGON,2025-08-02T18:42:11Z,2025-08-02T18:45:00Z,ARR,goo,-2.0
47,True,True,OTTAWA,TORONTO,2025-08-02,6,Belleville,BLVL,2025-08-02T19:36:33Z,2025-08-02T19:26:00Z,ARR,med,10.0
47,True,True,OTTAWA,TORONTO,2025-08-02,7,Oshawa,OSHA,2025-08-02T21:05:57Z,2025-08-02T20:33:00Z,ARR,bad,32.0
47,True,True,OTTAWA,TORONTO,2025-08-02,8,Guildwood,GUIL,2025-08-02T21:33:53Z,2025-08-02T20:58:00Z,ARR,bad,35.0
47,True,True,OTTAWA,TORONTO,2025-08-02,9,Toronto,TRTO,2025-08-02T21:59:57Z,2025-08-02T21:30:00Z,ARR,bad,29.0
63,True,True,MONTRÉAL,TORONTO,2025-08-02,0,Montréal,MTRL,2025-08-02T12:46:00Z,2025-08-02T12:46:00Z,ARR,goo,0.0
63,True,True,MONTRÉAL,TORONTO,2025-08-02,1,Dorval,DORV,2025-08-02T13:09:57Z,2025-08-02T13:11:00Z,ARR,goo,-1.0
63,True,True,MONTRÉAL,TORONTO,2025-08-02,2,Cornwall,CWLL,2025-08-02T13:57:33Z,2025-08-02T14:04:00Z,ARR,goo,-6.0
63,True,True,MONTRÉAL,TORONTO,2025-08-02,3,Brockville,BRKV,2025-08-02T14:55:54Z,2025-08-02T14:54:00Z,ARR,goo,1.0
63,True,True,MONTRÉAL,TORONTO,2025-08-02,4,Kingston,KGON,2025-08-02T15:49:53Z,2025-08-02T15:39:00Z,ARR,med,10.0
63,True,True,MONTRÉAL,TORONTO,2025-08-02,5,Belleville,BLVL,2025-08-02T16:34:27Z,2025-08-02T16:20:00Z,ARR,med,14.0
63,True,True,MONTRÉAL,TORONTO,2025-08-02,6,Cobourg,CBRG,2025-08-02T17:12:33Z,2025-08-02T16:58:00Z,ARR,med,14.0
63,True,True,MONTRÉAL,TORONTO,2025-08-02,7,Oshawa,OSHA,2025-08-02T17:46:49Z,2025-08-02T17:34:00Z,ARR,med,12.0
63,True,True,MONTRÉAL,TORONTO,2025-08-02,8,Guildwood,GUIL,2025-08-02T18:15:09Z,2025-08-02T17:58:00Z,ARR,bad,17.0
63,True,True,MONTRÉAL,TORONTO,2025-08-02,9,Toronto,TRTO,2025-08-02T18:34:07Z,2025-08-02T18:18:00Z,ARR,bad,16.0
40,True,True,TORONTO,OTTAWA,2025-08-02,0,Toronto,TRTO,2025-08-02T14:43:05Z,2025-08-02T14:38:00Z,ARR,med,5.0
40,True,True,TORONTO,OTTAWA,2025-08-02,1,Belleville,BLVL,2025-08-02T16:42:30Z,2025-08-02T16:09:00Z,ARR,bad,33.0
40,True,True,TORONTO,OTTAWA,2025-08-02,2,Kingston,KGON,2025-08-02T17:24:12Z,2025-08-02T16:48:00Z,ARR,bad,36.0
40,True,True,TORONTO,OTTAWA,2025-08-02,3,Fallowfield,FALL,2025-08-02T19:03:39Z,2025-08-02T18:38:00Z,ARR,bad,25.0
40,True,True,TORONTO,OTTAWA,2025-08-02,4,Ottawa,OTTW,2025-08-02T19:23:39Z,2025-08-02T19:02:00Z,ARR,bad,21.0
35,True,True,QUÉBEC,OTTAWA,2025-08-02,0,Québec,QBEC,2025-08-02T12:06:00Z,2025-08-02T12:06:00Z,ARR,goo,0.0
35,True,True,QUÉBEC,OTTAWA,2025-08-02,1,Ste-Foy,SFOY,2025-08-02T12:39:35Z,2025-08-02T12:31:00Z,ARR,med,8.0
35,True,True,QUÉBEC,OTTAWA,2025-08-02,2,Charny,CHNY,2025-08-02T12:52:48Z,2025-08-02T12:40:00Z,ARR,med,12.0
35,True,True,QUÉBEC,OTTAWA,2025-08-02,3,Drummondville,DRMV,2025-08-02T14:34:21Z,2025-08-02T14:14:00Z,ARR,bad,20.0
35,True,True,QUÉBEC,OTTAWA,2025-08-02,4,St. Hyacinthe,SHYA,2025-08-02T15:11:11Z,2025-08-02T14:44:00Z,ARR,bad,27.0
35,True,True,QUÉBEC,OTTAWA,2025-08-02,5,St. Lambert,SLAM,2025-08-02T15:49:11Z,2025-08-02T15:11:00Z,ARR,bad,38.0
35,True,True,QUÉBEC,OTTAWA,2025-08-02,6,Montréal,MTRL,2025-08-02T16:14:26Z,2025-08-02T15:26:00Z,ARR,bad,48.0
35,True,True,QUÉBEC,OTTAWA,2025-08-02,7,Dorval,DORV,2025-08-02T18:23:51Z,2025-08-02T16:18:00Z,ARR,bad,125.0
35,True,True,QUÉBEC,OTTAWA,2025-08-02,8,Coteau,COTO,2025-08-02T18:54:14Z,2025-08-02T16:46:00Z,ARR,bad,128.0
35,True,True,QUÉBEC,OTTAWA,2025-08-02,9,Alexandria,ALEX,2025-08-02T19:18:13Z,2025-08-02T17:08:00Z,ARR,bad,130.0
35,True,True,QUÉBEC,OTTAWA,2025-08-02,10,Casselman,CSLM,2025-08-02T19:39:35Z,2025-08-02T17:31:00Z,ARR,bad,128.0
35,True,True,QUÉBEC,OTTAWA,2025-08-02,11,Ottawa,OTTW,2025-08-02T20:05:07Z,2025-08-02T17:58:00Z,ARR,bad,127.0
26,True,True,OTTAWA,QUÉBEC,2025-08-02,0,Ottawa,OTTW,2025-08-02T18:17:00Z,2025-08-02T18:17:00Z,ARR,goo,0.0
26,True,True,OTTAWA,QUÉBEC,2025-08-02,1,Alexandria,ALEX,2025-08-02T18:58:59Z,2025-08-02T19:03:00Z,ARR,goo,-4.0
26,True,True,OTTAWA,QUÉBEC,2025-08-02,2,Coteau,COTO,2025-08-02T19:30:08Z,2025-08-02T19:26:00Z,ARR,goo,4.0
26,True,True,OTTAWA,QUÉBEC,2025-08-02,3,Dorval,DORV,2025-08-02T19:57:25Z,2025-08-02T19:49:00Z,ARR,med,8.0
26,True,True,OTTAWA,QUÉBEC,2025-08-02,4,Montréal,MTRL,2025-08-02T20:21:44Z,2025-08-02T20:15:00Z,ARR,med,6.0
26,True,True,OTTAWA,QUÉBEC,2025-08-02,5,St. Lambert,SLAM,2025-08-02T21:01:20Z,2025-08-02T20:53:00Z,ARR,med,8.0
26,True,True,OTTAWA,QUÉBEC,2025-08-02,6,St. Hyacinthe,SHYA,2025-08-02T21:32:28Z,2025-08-02T21:20:00Z,ARR,med,12.0
26,True,True,OTTAWA,QUÉBEC,2025-08-02,7,Drummondville,DRMV,2025-08-02T22:19:19Z,2025-08-02T22:05:00Z,ARR,med,14.0
26,True,True,OTTAWA,QUÉBEC,2025-08-02,8,Charny,CHNY,2025-08-03T00:14:29Z,2025-08-02T23:44:00Z,ARR,bad,30.0
26,True,True,OTTAWA,QUÉBEC,2025-08-02,9,Ste-Foy,SFOY,2025-08-03T00:22:57Z,2025-08-02T23:52:00Z,ARR,bad,30.0
26,True,True,OTTAWA,QUÉBEC,2025-08-02,10,Québec,QBEC,2025-08-03T00:54:00Z,2025-08-03T00:19:00Z,ARR,bad,35.0
39,True,True,QUÉBEC,OTTAWA,2025-08-02,0,Québec,QBEC,2025-08-02T18:57:00Z,2025-08-02T18:57:00Z,ARR,goo,0.0
39,True,True,QUÉBEC,OTTAWA,2025-08-02,1,Ste-Foy,SFOY,2025-08-02T19:24:34Z,2025-08-02T19:22:00Z,ARR,goo,2.0
39,True,True,QUÉBEC,OTTAWA,2025-08-02,2,Drummondville,DRMV,2025-08-02T21:10:45Z,2025-08-02T20:58:00Z,ARR,med,12.0
39,True,True,QUÉBEC,OTTAWA,2025-08-02,3,St. Lambert,SLAM,2025-08-02T22:16:41Z,2025-08-02T21:57:00Z,ARR,bad,19.0
39,True,True,QUÉBEC,OTTAWA,2025-08-02,4,Montréal,MTRL,2025-08-02T22:36:49Z,2025-08-02T22:11:00Z,ARR,bad,25.0
39,True,True,QUÉBEC,OTTAWA,2025-08-02,5,Dorval,DORV,2025-08-02T23:24:55Z,2025-08-02T23:14:00Z,ARR,med,10.0
39,True,True,QUÉBEC,OTTAWA,2025-08-02,6,Coteau,COTO,2025-08-02T23:53:32Z,2025-08-02T23:43:00Z,ARR,med,10.0
39,True,True,QUÉBEC,OTTAWA,2025-08-02,7,Alexandria,ALEX,2025-08-03T00:15:07Z,2025-08-03T00:06:00Z,ARR,med,9.0
39,True,True,QUÉBEC,OTTAWA,2025-08-02,8,Ottawa,OTTW,2025-08-03T00:57:07Z,2025-08-03T00:51:00Z,ARR,med,6.0
66,True,True,TORONTO,MONTRÉAL,2025-08-02,0,Toronto,TRTO,2025-08-02T19:26:46Z,2025-08-02T19:23:00Z,ARR,goo,3.0
66,True,True,TORONTO,MONTRÉAL,2025-08-02,1,Guildwood,GUIL,2025-08-02T19:46:32Z,2025-08-02T19:40:00Z,ARR,med,6.0
66,True,True,TORONTO,MONTRÉAL,2025-08-02,2,Oshawa,OSHA,2025-08-02T20:18:18Z,2025-08-02T19:54:00Z,ARR,bad,24.0
66,True,True,TORONTO,MONTRÉAL,2025-08-02,3,Belleville,BLVL,2025-08-02T21:39:18Z,2025-08-02T21:00:00Z,ARR,bad,39.0
66,True,True,TORONTO,MONTRÉAL,2025-08-02,4,Kingston,KGON,2025-08-02T22:25:29Z,2025-08-02T21:40:00Z,ARR,bad,45.0
66,True,True,TORONTO,MONTRÉAL,2025-08-02,5,Cornwall,CWLL,2025-08-02T23:50:10Z,2025-08-02T23:07:00Z,ARR,bad,43.0
66,True,True,TORONTO,MONTRÉAL,2025-08-02,6,Dorval,DORV,2025-08-03T00:41:30Z,2025-08-02T23:58:00Z,ARR,bad,43.0
66,True,True,TORONTO,MONTRÉAL,2025-08-02,7,Montréal,MTRL,2025-08-03T01:16:31Z,2025-08-03T00:25:00Z,ARR,bad,51.0
28,True,True,OTTAWA,QUÉBEC,2025-08-02,0,Ottawa,OTTW,2025-08-02T20:24:33Z,2025-08-02T20:05:00Z,ARR,bad,19.0
28,True,True,OTTAWA,QUÉBEC,2025-08-02,1,Casselman,CSLM,2025-08-02T20:50:08Z,2025-08-02T20:31:00Z,ARR,bad,19.0
28,True,True,OTTAWA,QUÉBEC,2025-08-02,2,Alexandria,ALEX,2025-08-02T21:11:48Z,2025-08-02T20:53:00Z,ARR,bad,18.0
28,True,True,OTTAWA,QUÉBEC,2025-08-02,3,Coteau,COTO,2025-08-02T21:33:40Z,2025-08-02T21:15:00Z,ARR,bad,18.0
28,True,True,OTTAWA,QUÉBEC,2025-08-02,4,Dorval,DORV,2025-08-02T22:04:51Z,2025-08-02T21:38:00Z,ARR,bad,26.0
28,True,True,OTTAWA,QUÉBEC,2025-08-02,5,Montréal,MTRL,2025-08-02T22:31:08Z,2025-08-02T22:04:00Z,ARR,bad,27.0
28,True,True,OTTAWA,QUÉBEC,2025-08-02,6,St. Lambert,SLAM,2025-08-02T23:09:26Z,2025-08-02T22:38:00Z,ARR,bad,31.0
28,True,True,OTTAWA,QUÉBEC,2025-08-02,7,St. Hyacinthe,SHYA,2025-08-02T23:44:19Z,2025-08-02T23:06:00Z,ARR,bad,38.0
28,True,True,OTTAWA,QUÉBEC,2025-08-02,8,Drummondville,DRMV,2025-08-03T00:21:41Z,2025-08-02T23:52:00Z,ARR,bad,29.0
28,True,True,OTTAWA,QUÉBEC,2025-08-02,9,Charny,CHNY,2025-08-03T02:09:48Z,2025-08-03T01:14:00Z,ARR,bad,55.0
28,True,True,OTTAWA,QUÉBEC,2025-08-02,10,Ste-Foy,SFOY,2025-08-03T02:20:10Z,2025-08-03T01:21:00Z,ARR,bad,59.0
28,True,True,OTTAWA,QUÉBEC,2025-08-02,11,Québec,QBEC,2025-08-03T02:52:44Z,2025-08-03T01:48:00Z,ARR,bad,64.0
46,True,True,TORONTO,OTTAWA,2025-08-02,0,Toronto,TRTO,2025-08-02T19:40:20Z,2025-08-02T19:38:00Z,ARR,goo,2.0
46,True,True,TORONTO,OTTAWA,2025-08-02,1,Oshawa,OSHA,2025-08-02T20:28:31Z,2025-08-02T20:09:00Z,ARR,bad,19.0
46,True,True,TORONTO,OTTAWA,2025-08-02,2,Cobourg,CBRG,2025-08-02T21:09:50Z,2025-08-02T20:43:00Z,ARR,bad,26.0
46,True,True,TORONTO,OTTAWA,2025-08-02,3,Kingston,KGON,2025-08-02T22:36:08Z,2025-08-02T21:54:00Z,ARR,bad,42.0
46,True,True,TORONTO,OTTAWA,2025-08-02,4,Brockville,BRKV,2025-08-02T23:28:51Z,2025-08-02T22:40:00Z,ARR,bad,48.0
46,True,True,TORONTO,OTTAWA,2025-08-02,5,Fallowfield,FALL,2025-08-03T00:44:54Z,2025-08-02T23:40:00Z,ARR,bad,64.0
46,True,True,TORONTO,OTTAWA,2025-08-02,6,Ottawa,OTTW,2025-08-03T01:04:29Z,2025-08-03T00:00:00Z,ARR,bad,64.0
69,True,True,MONTRÉAL,TORONTO,2025-08-02,0,Montréal,MTRL,2025-08-02T20:38:00Z,2025-08-02T20:38:00Z,ARR,goo,0.0
69,True,True,MONTRÉAL,TORONTO,2025-08-02,1,Dorval,DORV,2025-08-02T21:00:08Z,2025-08-02T21:04:00Z,ARR,goo,-3.0
69,True,True,MONTRÉAL,TORONTO,2025-08-02,2,Cornwall,CWLL,2025-08-02T22:04:27Z,2025-08-02T21:53:00Z,ARR,med,11.0
69,True,True,MONTRÉAL,TORONTO,2025-08-02,3,Brockville,BRKV,2025-08-02T22:51:17Z,2025-08-02T22:40:00Z,ARR,med,11.0
69,True,True,MONTRÉAL,TORONTO,2025-08-02,4,Kingston,KGON,2025-08-02T23:41:59Z,2025-08-02T23:24:00Z,ARR,bad,17.0
69,True,True,MONTRÉAL,TORONTO,2025-08-02,5,Oshawa,OSHA,2025-08-03T01:45:58Z,2025-08-03T01:05:00Z,ARR,bad,40.0
69,True,True,MONTRÉAL,TORONTO,2025-08-02,6,Guildwood,GUIL,2025-08-03T02:14:47Z,2025-08-03T01:28:00Z,ARR,bad,46.0
69,True,True,MONTRÉAL,TORONTO,2025-08-02,7,Toronto,TRTO,2025-08-03T02:33:01Z,2025-08-03T01:48:00Z,ARR,bad,45.0
68,True,True,TORONTO,MONTRÉAL,2025-08-02,0,Toronto,TRTO,2025-08-02T21:08:56Z,2025-08-02T21:08:00Z,ARR,goo,0.0
68,True,True,TORONTO,MONTRÉAL,2025-08-02,1,Oshawa,OSHA,2025-08-02T21:45:19Z,2025-08-02T21:39:00Z,ARR,med,6.0
68,True,True,TORONTO,MONTRÉAL,2025-08-02,2,Cobourg,CBRG,2025-08-02T22:26:04Z,2025-08-02T22:14:00Z,ARR,med,12.0
68,True,True,TORONTO,MONTRÉAL,2025-08-02,3,Belleville,BLVL,2025-08-02T23:00:01Z,2025-08-02T22:49:00Z,ARR,med,11.0
68,True,True,TORONTO,MONTRÉAL,2025-08-02,4,Kingston,KGON,2025-08-02T23:39:09Z,2025-08-02T23:26:00Z,ARR,med,13.0
68,True,True,TORONTO,MONTRÉAL,2025-08-02,5,Brockville,BRKV,2025-08-03T00:25:29Z,2025-08-03T00:11:00Z,ARR,med,14.0
68,True,True,TORONTO,MONTRÉAL,2025-08-02,6,Cornwall,CWLL,2025-08-03T01:22:21Z,2025-08-03T00:57:00Z,ARR,bad,25.0
68,True,True,TORONTO,MONTRÉAL,2025-08-02,7,Dorval,DORV,2025-08-03T02:07:35Z,2025-08-03T01:47:00Z,ARR,bad,20.0
68,True,True,TORONTO,MONTRÉAL,2025-08-02,8,Montréal,MTRL,2025-08-03T02:34:48Z,2025-08-03T02:14:00Z,ARR,bad,20.0
54,True,True,TORONTO,OTTAWA,2025-08-02,0,Toronto,TRTO,2025-08-02T21:38:00Z,2025-08-02T21:38:00Z,ARR,goo,0.0
54,True,True,TORONTO,OTTAWA,2025-08-02,1,Guildwood,GUIL,2025-08-02T21:59:34Z,2025-08-02T21:55:00Z,ARR,goo,4.0
54,True,True,TORONTO,OTTAWA,2025-08-02,2,Oshawa,OSHA,2025-08-02T22:31:15Z,2025-08-02T22:08:00Z,ARR,bad,23.0
54,True,True,TORONTO,OTTAWA,2025-08-02,3,Port Hope,PHOP,2025-08-02T23:11:28Z,2025-08-02T22:37:00Z,ARR,bad,34.0
54,True,True,TORONTO,OTTAWA,2025-08-02,4,Cobourg,CBRG,2025-08-02T23:21:31Z,2025-08-02T22:46:00Z,ARR,bad,35.0
54,True,True,TORONTO,OTTAWA,2025-08-02,5,Trenton Jct.,TRNJ,2025-08-02T23:55:56Z,2025-08-02T23:13:01Z,ARR,bad,42.0
54,True,True,TORONTO,OTTAWA,2025-08-02,6,Belleville,BLVL,2025-08-03T00:12:20Z,2025-08-02T23:27:00Z,ARR,bad,45.0
54,True,True,TORONTO,OTTAWA,2025-08-02,7,Napanee,NAPN,2025-08-03T00:42:26Z,2025-08-02T23:48:00Z,ARR,bad,54.0
54,True,True,TORONTO,OTTAWA,2025-08-02,8,Kingston,KGON,2025-08-03T01:07:26Z,2025-08-03T00:09:00Z,ARR,bad,58.0
54,True,True,TORONTO,OTTAWA,2025-08-02,9,Brockville,BRKV,2025-08-03T02:05:30Z,2025-08-03T00:54:00Z,ARR,bad,71.0
54,True,True,TORONTO,OTTAWA,2025-08-02,10,Smiths Falls,SMTF,2025-08-03T02:36:38Z,2025-08-03T01:25:00Z,ARR,bad,71.0
54,True,True,TORONTO,OTTAWA,2025-08-02,11,Fallowfield,FALL,2025-08-03T03:03:24Z,2025-08-03T01:52:00Z,ARR,bad,71.0
54,True,True,TORONTO,OTTAWA,2025-08-02,12,Ottawa,OTTW,2025-08-03T03:24:01Z,2025-08-03T02:13:00Z,ARR,bad,71.0
75,True,True,TORONTO,WINDSOR,2025-08-02,0,Toronto,TRTO,2025-08-02T21:24:00Z,2025-08-02T21:22:00Z,ARR,goo,2.0
75,True,True,TORONTO,WINDSOR,2025-08-02,1,Oakville,OAKV,2025-08-02T21:57:18Z,2025-08-02T21:45:00Z,ARR,med,12.0
75,True,True,TORONTO,WINDSOR,2025-08-02,2,Aldershot,ALDR,2025-08-02T22:28:54Z,2025-08-02T22:01:00Z,ARR,bad,27.0
75,True,True,TORONTO,WINDSOR,2025-08-02,3,Brantford,BRTF,2025-08-02T23:00:03Z,2025-08-02T22:33:00Z,ARR,bad,27.0
75,True,True,TORONTO,WINDSOR,2025-08-02,4,Woodstock,WDST,2025-08-02T23:31:04Z,2025-08-02T23:04:00Z,ARR,bad,27.0
75,True,True,TORONTO,WINDSOR,2025-08-02,5,Ingersoll,INGR,2025-08-02T23:43:02Z,2025-08-02T23:19:00Z,ARR,bad,24.0
75,True,True,TORONTO,WINDSOR,2025-08-02,6,London,LNDN,2025-08-03T00:05:01Z,2025-08-02T23:47:00Z,ARR,bad,18.0
75,True,True,TORONTO,WINDSOR,2025-08-02,7,Glencoe,GLNC,2025-08-03T00:42:50Z,2025-08-03T00:21:00Z,ARR,bad,21.0
75,True,True,TORONTO,WINDSOR,2025-08-02,8,Chatham,CHAT,2025-08-03T01:24:30Z,2025-08-03T00:55:00Z,ARR,bad,29.0
75,True,True,TORONTO,WINDSOR,2025-08-02,9,Windsor,WDON,2025-08-03T02:09:10Z,2025-08-03T01:50:00Z,ARR,bad,19.0
98,True,True,NIAGARA FALLS,TORONTO,2025-08-02,0,Niagara Falls,NIAG,2025-08-02T23:00:00Z,2025-08-02T21:45:00Z,ARR,bad,75.0
98,True,True,NIAGARA FALLS,TORONTO,2025-08-02,1,St. Catharines,SCAT,2025-08-02T23:21:00Z,2025-08-02T22:06:00Z,ARR,bad,75.0
98,True,True,NIAGARA FALLS,TORONTO,2025-08-02,2,Grimsby,GRIM,2025-08-02T23:43:00Z,2025-08-02T22:26:00Z,ARR,bad,77.0
98,True,True,NIAGARA FALLS,TORONTO,2025-08-02,3,Aldershot,ALDR,2025-08-03T00:20:00Z,2025-08-02T23:02:00Z,ARR,bad,78.0
98,True,True,NIAGARA FALLS,TORONTO,2025-08-02,4,Oakville,OAKV,2025-08-03T00:30:00Z,2025-08-02T23:16:00Z,ARR,bad,74.0
98,True,True,NIAGARA FALLS,TORONTO,2025-08-02,5,Toronto,TRTO,2025-08-03T01:01:00Z,2025-08-02T23:43:00Z,ARR,bad,78.0
87,True,True,TORONTO,SARNIA,2025-08-02,0,Toronto,TRTO,2025-08-02T21:40:00Z,2025-08-02T21:40:00Z,ARR,goo,0.0
87,True,True,TORONTO,SARNIA,2025-08-02,1,Malton,MALT,2025-08-02T22:01:52Z,2025-08-02T22:00:00Z,ARR,goo,1.0
87,True,True,TORONTO,SARNIA,2025-08-02,2,Brampton,BRMP,2025-08-02T22:15:29Z,2025-08-02T22:12:00Z,ARR,goo,3.0
87,True,True,TORONTO,SARNIA,2025-08-02,3,Georgetown,GEOR,2025-08-02T22:30:23Z,2025-08-02T22:24:00Z,ARR,med,6.0
87,True,True,TORONTO,SARNIA,2025-08-02,4,Guelph,GUEL,2025-08-02T22:50:35Z,2025-08-02T22:49:00Z,ARR,goo,1.0
87,True,True,TORONTO,SARNIA,2025-08-02,5,Kitchener,KITC,2025-08-02T23:14:43Z,2025-08-02T23:16:00Z,ARR,goo,-1.0
87,True,True,TORONTO,SARNIA,2025-08-02,6,Stratford,STRF,2025-08-03T00:06:57Z,2025-08-02T23:57:00Z,ARR,med,9.0
87,True,True,TORONTO,SARNIA,2025-08-02,7,St.Marys,SMYS,2025-08-03T00:38:37Z,2025-08-03T00:25:00Z,ARR,med,13.0
87,True,True,TORONTO,SARNIA,2025-08-02,8,London,LNDN,2025-08-03T01:31:07Z,2025-08-03T01:13:00Z,ARR,bad,18.0
87,True,True,TORONTO,SARNIA,2025-08-02,9,Strathroy,STRR,2025-08-03T01:56:12Z,2025-08-03T01:39:00Z,ARR,bad,17.0
87,True,True,TORONTO,SARNIA,2025-08-02,10,Wyoming,WYOM,2025-08-03T02:32:03Z,2025-08-03T02:07:00Z,ARR,bad,25.0
87,True,True,TORONTO,SARNIA,2025-08-02,11,Sarnia,SARN,2025-08-03T02:50:13Z,2025-08-03T02:24:00Z,ARR,bad,26.0
29,True,True,QUÉBEC,MONTRÉAL,2025-08-02,0,Québec,QBEC,2025-08-02T21:41:00Z,2025-08-02T21:41:00Z,ARR,goo,0.0
29,True,True,QUÉBEC,MONTRÉAL,2025-08-02,1,Ste-Foy,SFOY,2025-08-02T22:08:08Z,2025-08-02T22:06:00Z,ARR,goo,2.0
29,True,True,QUÉBEC,MONTRÉAL,2025-08-02,2,Drummondville,DRMV,2025-08-02T23:40:55Z,2025-08-02T23:42:00Z,ARR,goo,-1.0
29,True,True,QUÉBEC,MONTRÉAL,2025-08-02,3,St. Hyacinthe,SHYA,2025-08-03T00:14:39Z,2025-08-03T00:18:00Z,ARR,goo,-3.0
29,True,True,QUÉBEC,MONTRÉAL,2025-08-02,4,St. Lambert,SLAM,2025-08-03T00:42:44Z,2025-08-03T00:45:00Z,ARR,goo,-2.0
29,True,True,QUÉBEC,MONTRÉAL,2025-08-02,5,Montréal,MTRL,2025-08-03T00:56:59Z,2025-08-03T01:00:00Z,ARR,goo,-3.0
78,True,True,WINDSOR,TORONTO,2025-08-02,0,Windsor,WDON,2025-08-02T21:40:00Z,2025-08-02T21:40:00Z,ARR,goo,0.0
78,True,True,WINDSOR,TORONTO,2025-08-02,1,Chatham,CHAT,2025-08-02T22:21:55Z,2025-08-02T22:24:00Z,ARR,goo,-2.0
78,True,True,WINDSOR,TORONTO,2025-08-02,2,Glencoe,GLNC,2025-08-02T23:09:18Z,2025-08-02T22:59:00Z,ARR,med,10.0
78,True,True,WINDSOR,TORONTO,2025-08-02,3,London,LNDN,2025-08-02T23:43:15Z,2025-08-02T23:32:00Z,ARR,med,11.0
78,True,True,WINDSOR,TORONTO,2025-08-02,4,Ingersoll,INGR,2025-08-03T00:10:05Z,2025-08-02T23:57:00Z,ARR,med,13.0
78,True,True,WINDSOR,TORONTO,2025-08-02,5,Woodstock,WDST,2025-08-03T00:21:39Z,2025-08-03T00:08:00Z,ARR,med,13.0
78,True,True,WINDSOR,TORONTO,2025-08-02,6,Brantford,BRTF,2025-08-03T00:52:57Z,2025-08-03T00:39:00Z,ARR,med,13.0
78,True,True,WINDSOR,TORONTO,2025-08-02,7,Aldershot,ALDR,2025-08-03T01:25:16Z,2025-08-03T01:09:00Z,ARR,bad,16.0
78,True,True,WINDSOR,TORONTO,2025-08-02,8,Oakville,OAKV,2025-08-03T01:41:03Z,2025-08-03T01:24:00Z,ARR,bad,17.0
78,True,True,WINDSOR,TORONTO,2025-08-02,9,Toronto,TRTO,2025-08-03T02:06:37Z,2025-08-03T01:50:00Z,ARR,bad,16.0
38,True,True,OTTAWA,MONTRÉAL,2025-08-02,0,Ottawa,OTTW,2025-08-02T21:55:00Z,2025-08-02T21:55:00Z,ARR,goo,0.0
38,True,True,OTTAWA,MONTRÉAL,2025-08-02,1,Casselman,CSLM,2025-08-02T22:19:22Z,2025-08-02T22:26:00Z,ARR,goo,-6.0
38,True,True,OTTAWA,MONTRÉAL,2025-08-02,2,Alexandria,ALEX,2025-08-02T22:43:37Z,2025-08-02T22:49:00Z,ARR,goo,-5.0
38,True,True,OTTAWA,MONTRÉAL,2025-08-02,3,Dorval,DORV,2025-08-02T23:32:42Z,2025-08-02T23:33:00Z,ARR,goo,0.0
38,True,True,OTTAWA,MONTRÉAL,2025-08-02,4,Montréal,MTRL,2025-08-02T23:56:19Z,2025-08-02T23:57:00Z,ARR,goo,0.0
59,True,False,OTTAWA,TORONTO,2025-08-02,0,Fallowfield,FALL,2025-08-02T22:22:30Z,2025-08-02T22:20:00Z,ARR,goo,2.0
59,True,False,OTTAWA,TORONTO,2025-08-02,1,Smiths Falls,SMTF,2025-08-02T22:48:39Z,2025-08-02T22:51:00Z,ARR,goo,-2.0
59,True,False,OTTAWA,TORONTO,2025-08-02,2,Brockville,BRKV,2025-08-02T23:40:41Z,2025-08-02T23:25:00Z,ARR,bad,15.0
59,True,False,OTTAWA,TORONTO,2025-08-02,3,Kingston,KGON,2025-08-03T00:27:53Z,2025-08-03T00:10:00Z,ARR,bad,17.0
59,True,False,OTTAWA,TORONTO,2025-08-02,4,Belleville,BLVL,2025-08-03T01:23:12Z,2025-08-03T00:51:00Z,ARR,bad,32.0
59,True,False,OTTAWA,TORONTO,2025-08-02,5,Trenton Jct.,TRNJ,2025-08-03T01:36:12Z,2025-08-03T01:05:00Z,ARR,bad,31.0
59,True,False,OTTAWA,TORONTO,2025-08-02,6,Cobourg,CBRG,2025-08-03T02:12:09Z,2025-08-03T01:31:00Z,ARR,bad,41.0
59,True,False,OTTAWA,TORONTO,2025-08-02,7,Oshawa,OSHA,2025-08-03T03:24:52Z,2025-08-03T02:05:00Z,ARR,bad,79.0
59,True,False,OTTAWA,TORONTO,2025-08-02,8,Guildwood,GUIL,2025-08-03T03:47:00Z,2025-08-03T02:28:00Z,ARR,bad,79.0
59,True,False,OTTAWA,TORONTO,2025-08-02,9,Toronto,TRTO,2025-08-03T04:07:00Z,2025-08-03T02:48:00Z,18 mins,bad,79.0
79,True,False,TORONTO,WINDSOR,2025-08-02,0,Toronto,TRTO,2025-08-03T00:06:00Z,2025-08-02T23:45:00Z,ARR,bad,21.0
79,True,False,TORONTO,WINDSOR,2025-08-02,1,Oakville,OAKV,2025-08-03T00:32:13Z,2025-08-03T00:07:00Z,ARR,bad,25.0
79,True,False,TORONTO,WINDSOR,2025-08-02,2,Aldershot,ALDR,2025-08-03T00:49:26Z,2025-08-03T00:22:00Z,ARR,bad,27.0
79,True,False,TORONTO,WINDSOR,2025-08-02,3,Brantford,BRTF,2025-08-03T01:20:47Z,2025-08-03T00:50:00Z,ARR,bad,30.0
79,True,False,TORONTO,WINDSOR,2025-08-02,4,Woodstock,WDST,2025-08-03T01:50:29Z,2025-08-03T01:17:00Z,ARR,bad,33.0
79,True,False,TORONTO,WINDSOR,2025-08-02,5,Ingersoll,INGR,2025-08-03T02:02:07Z,2025-08-03T01:30:00Z,ARR,bad,32.0
79,True,False,TORONTO,WINDSOR,2025-08-02,6,London,LNDN,2025-08-03T02:25:27Z,2025-08-03T01:52:00Z,ARR,bad,33.0
79,True,False,TORONTO,WINDSOR,2025-08-02,7,Glencoe,GLNC,2025-08-03T02:59:06Z,2025-08-03T02:25:00Z,ARR,bad,34.0
79,True,False,TORONTO,WINDSOR,2025-08-02,8,Chatham,CHAT,2025-08-03T03:39:09Z,2025-08-03T02:57:00Z,ARR,bad,42.0
79,True,False,TORONTO,WINDSOR,2025-08-02,9,Windsor,WDON,2025-08-03T04:28:33Z,2025-08-03T03:44:00Z,39 mins,bad,44.0
