train_id,departed,arrived,from,to,instance,stop_id,station,code,estimated,scheduled,eta,diff,diffMin
1 (11-19),True,False,TORONTO,VANCOUVER,2025-11-19,0,Toronto,TRTO,2025-11-19T14:55:00Z,2025-11-19T14:55:00Z,ARR,goo,0.0
1 (11-19),True,False,TORONTO,VANCOUVER,2025-11-19,1,Washago,WSHG,2025-11-19T17:46:04Z,2025-11-19T17:25:00Z,ARR,med,21.0
1 (11-19),True,False,TORONTO,VANCOUVER,2025-11-19,2,South Parry,SPAR,2025-11-19T19:22:45Z,2025-11-19T19:27:00Z,ARR,goo,-4.0
1 (11-19),True,False,TORONTO,VANCOUVER,2025-11-19,3,Sudbury (Jct.),SUDJ,2025-11-19T21:40:13Z,2025-11-19T21:57:00Z,ARR,goo,-16.0
1 (11-19),True,False,TORONTO,VANCOUVER,2025-11-19,4,Capreol,CAPR,2025-11-19T23:28:43Z,2025-11-19T22:22:00Z,ARR,bad,66.0
1 (11-19),True,False,TORONTO,VANCOUVER,2025-11-19,5,Laforest,LAFO,2025-11-20T00:42:14Z,2025-11-19T23:48:00Z,ARR,med,54.0
1 (11-19),True,False,TORONTO,VANCOUVER,2025-11-19,6,McKee's Camp,MCKC,2025-11-20T00:55:14Z,2025-11-20T00:01:00Z,ARR,med,54.0
1 (11-19),True,False,TORONTO,VANCOUVER,2025-11-19,7,Felix,FELX,2025-11-20T01:01:43Z,2025-11-20T00:21:00Z,ARR,med,40.0
1 (11-19),True,False,TORONTO,VANCOUVER,2025-11-19,8,Ruel,RUEL,2025-11-20T01:08:43Z,2025-11-20T00:28:00Z,ARR,med,40.0
1 (11-19),True,False,TORONTO,VANCOUVER,2025-11-19,9,Westree,WSTR,2025-11-20T01:19:18Z,2025-11-20T00:45:00Z,ARR,med,34.0
1 (11-19),True,False,TORONTO,VANCOUVER,2025-11-19,10,Gogama,GOGA,2025-11-20T01:44:46Z,2025-11-20T01:18:00Z,ARR,med,26.0
1 (11-19),True,False,TORONTO,VANCOUVER,2025-11-19,11,Foleyet,FOLE,2025-11-20T03:26:57Z,2025-11-20T03:44:00Z,ARR,goo,-17.0
1 (11-19),True,False,TORONTO,VANCOUVER,2025-11-19,12,Elsas,ELSA,2025-11-20T04:21:05Z,2025-11-20T04:38:00Z,ARR,goo,-16.0
1 (11-19),True,False,TORONTO,VANCOUVER,2025-11-19,13,Oba,OBAX,2025-11-20T06:38:00Z,2025-11-20T06:38:00Z,ARR,goo,0.0
1 (11-19),True,False,TORONTO,VANCOUVER,2025-11-19,14,Hornepayne,HNPN,2025-11-20T07:20:23Z,2025-11-20T07:29:00Z,ARR,goo,-8.0
1 (11-19),True,False,TORONTO,VANCOUVER,2025-11-19,15,Hillsport,HLSP,2025-11-20T09:06:01Z,2025-11-20T09:05:00Z,ARR,goo,1.0
1 (11-19),True,False,TORONTO,VANCOUVER,2025-11-19,16,Caramat,CARA,2025-11-20T10:07:55Z,2025-11-20T09:55:00Z,ARR,goo,12.0
1 (11-19),True,False,TORONTO,VANCOUVER,2025-11-19,17,Longlac,LLAC,2025-11-20T10:30:20Z,2025-11-20T10:34:00Z,ARR,goo,-3.0
1 (11-19),True,False,TORONTO,VANCOUVER,2025-11-19,18,Nakina,NAKI,2025-11-20T11:22:13Z,2025-11-20T11:13:00Z,ARR,goo,9.0
1 (11-19),True,False,TORONTO,VANCOUVER,2025-11-19,19,Auden,AUDN,2025-11-20T12:23:23Z,2025-11-20T12:19:00Z,ARR,goo,4.0
1 (11-19),True,False,TORONTO,VANCOUVER,2025-11-19,20,Ferland,FERL,2025-11-20T13:00:23Z,2025-11-20T12:56:00Z,ARR,goo,4.0
1 (11-19),True,False,TORONTO,VANCOUVER,2025-11-19,21,Mud River,MUDR,2025-11-20T13:09:23Z,2025-11-20T13:05:00Z,ARR,goo,4.0
1 (11-19),True,False,TORONTO,VANCOUVER,2025-11-19,22,Armstrong,ARMG,2025-11-20T13:38:44Z,2025-11-20T14:17:00Z,ARR,goo,-38.0
1 (11-19),True,False,TORONTO,VANCOUVER,2025-11-19,23,Collins,COLL,2025-11-20T14:47:01Z,2025-11-20T14:47:00Z,ARR,goo,0.0
1 (11-19),True,False,TORONTO,VANCOUVER,2025-11-19,24,Allanwater Bridge,ALWB,2025-11-20T15:26:01Z,2025-11-20T15:26:00Z,ARR,goo,0.0
1 (11-19),True,False,TORONTO,VANCOUVER,2025-11-19,25,Flindt Landing,FLTL,2025-11-20T15:42:01Z,2025-11-20T15:42:00Z,ARR,goo,0.0
1 (11-19),True,False,TORONTO,VANCOUVER,2025-11-19,26,Savant Lake,SAVL,2025-11-20T15:59:01Z,2025-11-20T15:59:00Z,ARR,goo,0.0
1 (11-19),True,False,TORONTO,VANCOUVER,2025-11-19,27,Sioux Lookout,SLKT,2025-11-20T17:58:12Z,2025-11-20T17:25:00Z,ARR,med,33.0
1 (11-19),True,False,TORONTO,VANCOUVER,2025-11-19,28,Richan,RCHN,2025-11-20T20:06:40Z,2025-11-20T19:05:00Z,ARR,bad,61.0
1 (11-19),True,False,TORONTO,VANCOUVER,2025-11-19,29,Red Lake Road,RLRX,2025-11-20T20:37:25Z,2025-11-20T19:41:00Z,ARR,med,56.0
1 (11-19),True,False,TORONTO,VANCOUVER,2025-11-19,30,Canyon,CNYK,2025-11-20T21:08:45Z,2025-11-20T20:10:00Z,ARR,med,58.0
1 (11-19),True,False,TORONTO,VANCOUVER,2025-11-19,31,Farlane,FARL,2025-11-20T21:41:04Z,2025-11-20T20:47:00Z,ARR,med,54.0
1 (11-19),True,False,TORONTO,VANCOUVER,2025-11-19,32,Redditt,RDDT,2025-11-20T21:53:53Z,2025-11-20T21:23:00Z,ARR,med,30.0
1 (11-19),True,False,TORONTO,VANCOUVER,2025-11-19,33,Minaki,MNKI,2025-11-20T22:11:42Z,2025-11-20T21:44:00Z,ARR,med,27.0
1 (11-19),True,False,TORONTO,VANCOUVER,2025-11-19,34,Ottermere,OTTM,2025-11-20T22:26:51Z,2025-11-20T22:01:00Z,ARR,med,25.0
1 (11-19),True,False,TORONTO,VANCOUVER,2025-11-19,35,Malachi,MLCH,2025-11-20T22:32:51Z,2025-11-20T22:07:00Z,ARR,med,25.0
1 (11-19),True,False,TORONTO,VANCOUVER,2025-11-19,36,Copelands Landing,COPE,2025-11-20T22:30:31Z,2025-11-20T22:09:00Z,ARR,med,21.0
1 (11-19),True,False,TORONTO,VANCOUVER,2025-11-19,37,Rice Lake,RCLK,2025-11-20T22:38:27Z,2025-11-20T22:12:00Z,ARR,med,26.0
1 (11-19),True,False,TORONTO,VANCOUVER,2025-11-19,38,Winnitoba,WNTB,2025-11-20T22:48:41Z,2025-11-20T22:26:00Z,ARR,med,22.0
1 (11-19),True,False,TORONTO,VANCOUVER,2025-11-19,39,Ophir,OPHR,2025-11-20T22:46:40Z,2025-11-20T22:31:00Z,ARR,goo,15.0
1 (11-19),True,False,TORONTO,VANCOUVER,2025-11-19,40,Brereton Lake,BRTL,2025-11-20T22:59:05Z,2025-11-20T22:49:00Z,ARR,goo,10.0
1 (11-19),True,False,TORONTO,VANCOUVER,2025-11-19,41,Elma,ELMA,2025-11-20T23:14:18Z,2025-11-20T23:10:00Z,ARR,goo,4.0
1 (11-19),True,False,TORONTO,VANCOUVER,2025-11-19,42,Winnipeg,WNPG,2025-11-21T01:13:52Z,2025-11-21T01:30:00Z,ARR,goo,-16.0
1 (11-19),True,False,TORONTO,VANCOUVER,2025-11-19,43,Portage La Prairie,PLPX,2025-11-21T04:51:20Z,2025-11-21T05:04:00Z,ARR,goo,-12.0
1 (11-19),True,False,TORONTO,VANCOUVER,2025-11-19,44,Rivers,RVRS,2025-11-21T07:17:08Z,2025-11-21T07:31:00Z,ARR,goo,-13.0
1 (11-19),True,False,TORONTO,VANCOUVER,2025-11-19,45,Melville,MELV,2025-11-21T10:29:44Z,2025-11-21T11:54:00Z,ARR,goo,-84.0
1 (11-19),True,False,TORONTO,VANCOUVER,2025-11-19,46,Watrous,WATR,2025-11-21T15:08:10Z,2025-11-21T14:54:00Z,ARR,goo,14.0
1 (11-19),True,False,TORONTO,VANCOUVER,2025-11-19,47,Saskatoon,SASK,2025-11-21T16:40:59Z,2025-11-21T16:50:00Z,ARR,goo,-9.0
1 (11-19),True,False,TORONTO,VANCOUVER,2025-11-19,48,Biggar,BIGG,2025-11-21T19:39:29Z,2025-11-21T19:29:00Z,ARR,goo,10.0
1 (11-19),True,False,TORONTO,VANCOUVER,2025-11-19,49,Unity,UNIT,2025-11-21T21:13:00Z,2025-11-21T20:44:00Z,ARR,med,29.0
1 (11-19),True,False,TORONTO,VANCOUVER,2025-11-19,50,Wainwright,WAIN,2025-11-21T22:48:50Z,2025-11-21T23:33:00Z,ARR,goo,-44.0
1 (11-19),True,False,TORONTO,VANCOUVER,2025-11-19,51,Viking,VKNG,2025-11-21T23:59:40Z,2025-11-22T00:26:00Z,ARR,goo,-26.0
1 (11-19),True,False,TORONTO,VANCOUVER,2025-11-19,52,Edmonton,EDMO,2025-11-22T02:20:57Z,2025-11-22T03:50:00Z,ARR,goo,-89.0
1 (11-19),True,False,TORONTO,VANCOUVER,2025-11-19,53,Evansburg,EVAN,2025-11-22T08:15:31Z,2025-11-22T08:29:00Z,ARR,goo,-13.0
1 (11-19),True,False,TORONTO,VANCOUVER,2025-11-19,54,Edson,EDSN,2025-11-22T10:07:35Z,2025-11-22T09:52:00Z,ARR,goo,15.0
1 (11-19),True,False,TORONTO,VANCOUVER,2025-11-19,55,Hinton,HINT,2025-11-22T11:57:09Z,2025-11-22T10:58:00Z,ARR,med,59.0
1 (11-19),True,False,TORONTO,VANCOUVER,2025-11-19,56,Jasper,JASP,2025-11-22T13:48:02Z,2025-11-22T13:30:00Z,ARR,goo,18.0
1 (11-19),True,False,TORONTO,VANCOUVER,2025-11-19,57,Valemount,VLMT,2025-11-22T19:09:35Z,2025-11-22T18:50:00Z,ARR,goo,19.0
1 (11-19),True,False,TORONTO,VANCOUVER,2025-11-19,58,Blue River,BLUE,2025-11-22T21:43:59Z,2025-11-22T21:36:00Z,ARR,goo,7.0
1 (11-19),True,False,TORONTO,VANCOUVER,2025-11-19,59,Clearwater,CLWT,2025-11-23T00:23:00Z,2025-11-22T23:45:00Z,ARR,med,38.0
1 (11-19),True,False,TORONTO,VANCOUVER,2025-11-19,60,Kamloops North,KAMN,2025-11-23T02:34:09Z,2025-11-23T02:28:00Z,ARR,goo,6.0
1 (11-19),True,False,TORONTO,VANCOUVER,2025-11-19,61,Ashcroft,ASHN,2025-11-23T04:51:24Z,2025-11-23T04:49:00Z,1h26,goo,2.0
1 (11-19),True,False,TORONTO,VANCOUVER,2025-11-19,62,Boston Bar,BBAR,2025-11-23T07:38:24Z,2025-11-23T07:36:00Z,4h13,goo,2.0
1 (11-19),True,False,TORONTO,VANCOUVER,2025-11-19,63,Hope,HOPE,&mdash;,2025-11-23T09:06:00Z,&mdash;,,
1 (11-19),True,False,TORONTO,VANCOUVER,2025-11-19,64,Chilliwack,CHIL,&mdash;,2025-11-23T09:30:00Z,&mdash;,,
1 (11-19),True,False,TORONTO,VANCOUVER,2025-11-19,65,Abbotsford,ABBO,&mdash;,2025-11-23T10:00:00Z,&mdash;,,
1 (11-19),True,False,TORONTO,VANCOUVER,2025-11-19,66,Vancouver,VCVR,&mdash;,2025-11-23T16:00:00Z,&mdash;,,
692 (11-20),True,False,CHURCHILL,WINNIPEG,2025-11-20,0,Churchill,CHUR,2025-11-21T09:48:54Z,2025-11-21T02:30:00Z,ARR,bad,438.0
692 (11-20),True,False,CHURCHILL,WINNIPEG,2025-11-20,1,Tidal,TIDL,2025-11-21T10:16:19Z,2025-11-21T02:52:00Z,ARR,bad,444.0
692 (11-20),True,False,CHURCHILL,WINNIPEG,2025-11-20,2,Chesnaye,CHES,2025-11-21T11:12:54Z,2025-11-21T03:38:00Z,ARR,bad,454.0
692 (11-20),True,False,CHURCHILL,WINNIPEG,2025-11-20,3,M'Clintock,MCLI,2025-11-21T12:28:54Z,2025-11-21T04:54:00Z,ARR,bad,454.0
692 (11-20),True,False,CHURCHILL,WINNIPEG,2025-11-20,4,O'Day,ODAY,2025-11-21T13:13:54Z,2025-11-21T05:39:00Z,ARR,bad,454.0
692 (11-20),True,False,CHURCHILL,WINNIPEG,2025-11-20,5,Herchmer,HERC,2025-11-21T13:52:54Z,2025-11-21T06:18:00Z,ARR,bad,454.0
692 (11-20),True,False,CHURCHILL,WINNIPEG,2025-11-20,6,Thibaudeau,THIB,2025-11-21T15:18:54Z,2025-11-21T07:44:00Z,ARR,bad,454.0
692 (11-20),True,False,CHURCHILL,WINNIPEG,2025-11-20,7,Weir River,WEIR,2025-11-21T16:19:48Z,2025-11-21T08:46:00Z,ARR,bad,453.0
692 (11-20),True,False,CHURCHILL,WINNIPEG,2025-11-20,8,Amery,AMRY,2025-11-21T16:57:11Z,2025-11-21T09:37:00Z,ARR,bad,440.0
692 (11-20),True,False,CHURCHILL,WINNIPEG,2025-11-20,9,Bird,BIRD,2025-11-21T17:20:08Z,2025-11-21T10:00:00Z,ARR,bad,440.0
692 (11-20),True,False,CHURCHILL,WINNIPEG,2025-11-20,10,Gillam,GILL,2025-11-21T18:08:20Z,2025-11-21T11:00:00Z,ARR,bad,428.0
692 (11-20),True,False,CHURCHILL,WINNIPEG,2025-11-20,11,Wivenhoe,WVHO,2025-11-21T19:12:49Z,2025-11-21T12:16:00Z,ARR,bad,416.0
692 (11-20),True,False,CHURCHILL,WINNIPEG,2025-11-20,12,Ilford,ILFO,2025-11-21T19:53:12Z,2025-11-21T12:53:00Z,ARR,bad,420.0
692 (11-20),True,False,CHURCHILL,WINNIPEG,2025-11-20,13,Pit Siding,PITS,2025-11-21T21:16:23Z,2025-11-21T13:54:00Z,ARR,bad,442.0
692 (11-20),True,False,CHURCHILL,WINNIPEG,2025-11-20,14,Bridgar,BRGR,2025-11-21T22:38:23Z,2025-11-21T15:16:00Z,ARR,bad,442.0
692 (11-20),True,False,CHURCHILL,WINNIPEG,2025-11-20,15,Pikwitonei,PIKW,2025-11-21T22:49:23Z,2025-11-21T15:27:00Z,ARR,bad,442.0
692 (11-20),True,False,CHURCHILL,WINNIPEG,2025-11-20,16,Sipiwesk,SIPI,2025-11-21T23:16:23Z,2025-11-21T15:54:00Z,ARR,bad,442.0
692 (11-20),True,False,CHURCHILL,WINNIPEG,2025-11-20,17,Thompson,THOM,2025-11-22T03:39:30Z,2025-11-21T17:30:00Z,ARR,bad,609.0
692 (11-20),True,False,CHURCHILL,WINNIPEG,2025-11-20,18,Leven,LEVN,2025-11-22T05:13:29Z,2025-11-21T22:05:00Z,ARR,bad,428.0
692 (11-20),True,False,CHURCHILL,WINNIPEG,2025-11-20,19,Thicket Portage,THKP,2025-11-22T05:13:16Z,2025-11-21T22:22:00Z,ARR,bad,411.0
692 (11-20),True,False,CHURCHILL,WINNIPEG,2025-11-20,20,Hockin,HOCK,2025-11-22T05:46:09Z,2025-11-21T22:37:00Z,ARR,bad,429.0
692 (11-20),True,False,CHURCHILL,WINNIPEG,2025-11-20,21,Odhill,ODHI,2025-11-22T06:24:03Z,2025-11-21T23:21:00Z,ARR,bad,423.0
692 (11-20),True,False,CHURCHILL,WINNIPEG,2025-11-20,22,Lyddal,LYDD,2025-11-22T06:48:58Z,2025-11-21T23:43:00Z,ARR,bad,425.0
692 (11-20),True,False,CHURCHILL,WINNIPEG,2025-11-20,23,Wabowden,WBDN,2025-11-22T07:13:43Z,2025-11-22T00:11:00Z,ARR,bad,422.0
692 (11-20),True,False,CHURCHILL,WINNIPEG,2025-11-20,24,Pipun,PIPN,2025-11-22T09:21:43Z,2025-11-22T00:34:00Z,ARR,bad,527.0
692 (11-20),True,False,CHURCHILL,WINNIPEG,2025-11-20,25,Ponton,PNTN,2025-11-22T10:08:09Z,2025-11-22T01:17:00Z,ARR,bad,531.0
692 (11-20),True,False,CHURCHILL,WINNIPEG,2025-11-20,26,Turnbull,TURN,2025-11-22T10:35:32Z,2025-11-22T01:49:00Z,ARR,bad,526.0
692 (11-20),True,False,CHURCHILL,WINNIPEG,2025-11-20,27,Wekusko,WEKU,2025-11-22T10:58:55Z,2025-11-22T02:16:00Z,ARR,bad,522.0
692 (11-20),True,False,CHURCHILL,WINNIPEG,2025-11-20,28,Dyce,DYCE,2025-11-22T11:47:49Z,2025-11-22T03:00:00Z,ARR,bad,527.0
692 (11-20),True,False,CHURCHILL,WINNIPEG,2025-11-20,29,Dering,DERI,2025-11-22T12:26:49Z,2025-11-22T03:39:00Z,ARR,bad,527.0
692 (11-20),True,False,CHURCHILL,WINNIPEG,2025-11-20,30,Cormorant,CORM,2025-11-22T12:34:49Z,2025-11-22T03:47:00Z,ARR,bad,527.0
692 (11-20),True,False,CHURCHILL,WINNIPEG,2025-11-20,31,Halcrow,HALC,2025-11-22T12:45:49Z,2025-11-22T03:58:00Z,ARR,bad,527.0
692 (11-20),True,False,CHURCHILL,WINNIPEG,2025-11-20,32,Orok,OROK,2025-11-22T13:21:33Z,2025-11-22T04:52:00Z,ARR,bad,509.0
692 (11-20),True,False,CHURCHILL,WINNIPEG,2025-11-20,33,The Pas,TPAS,2025-11-22T14:00:28Z,2025-11-22T05:30:00Z,ARR,bad,510.0
692 (11-20),True,False,CHURCHILL,WINNIPEG,2025-11-20,34,Hudson Bay,HBAY,2025-11-22T17:43:52Z,2025-11-22T11:27:00Z,ARR,bad,376.0
692 (11-20),True,False,CHURCHILL,WINNIPEG,2025-11-20,35,Reserve,RSRV,2025-11-22T18:42:39Z,2025-11-22T12:09:00Z,ARR,bad,393.0
692 (11-20),True,False,CHURCHILL,WINNIPEG,2025-11-20,36,Endeavour,ENDV,2025-11-22T19:24:15Z,2025-11-22T12:55:00Z,ARR,bad,389.0
692 (11-20),True,False,CHURCHILL,WINNIPEG,2025-11-20,37,Sturgis,STGS,2025-11-22T19:55:35Z,2025-11-22T13:24:00Z,ARR,bad,391.0
692 (11-20),True,False,CHURCHILL,WINNIPEG,2025-11-20,38,Canora,CANO,2025-11-22T20:41:04Z,2025-11-22T14:08:00Z,ARR,bad,393.0
692 (11-20),True,False,CHURCHILL,WINNIPEG,2025-11-20,39,Mikado,MIKA,2025-11-22T21:03:41Z,2025-11-22T14:30:00Z,ARR,bad,393.0
692 (11-20),True,False,CHURCHILL,WINNIPEG,2025-11-20,40,Veregin,VERE,2025-11-22T21:14:42Z,2025-11-22T14:43:00Z,ARR,bad,391.0
692 (11-20),True,False,CHURCHILL,WINNIPEG,2025-11-20,41,Kamsack,KAMS,2025-11-22T21:26:15Z,2025-11-22T14:58:00Z,ARR,bad,388.0
692 (11-20),True,False,CHURCHILL,WINNIPEG,2025-11-20,42,Togo,TOGO,2025-11-22T21:59:28Z,2025-11-22T15:37:00Z,ARR,bad,382.0
692 (11-20),True,False,CHURCHILL,WINNIPEG,2025-11-20,43,Roblin,RBLN,2025-11-22T22:26:43Z,2025-11-22T16:14:00Z,ARR,bad,372.0
692 (11-20),True,False,CHURCHILL,WINNIPEG,2025-11-20,44,Grandview,GVIE,2025-11-22T23:38:28Z,2025-11-22T17:12:00Z,ARR,bad,386.0
692 (11-20),True,False,CHURCHILL,WINNIPEG,2025-11-20,45,Gilbert Plains,GLBP,2025-11-22T23:57:01Z,2025-11-22T17:32:00Z,ARR,bad,385.0
692 (11-20),True,False,CHURCHILL,WINNIPEG,2025-11-20,46,Dauphin,DAUP,2025-11-23T00:40:16Z,2025-11-22T17:56:00Z,ARR,bad,404.0
692 (11-20),True,False,CHURCHILL,WINNIPEG,2025-11-20,47,Ochre River,OCHR,2025-11-23T01:06:54Z,2025-11-22T18:20:00Z,ARR,bad,406.0
692 (11-20),True,False,CHURCHILL,WINNIPEG,2025-11-20,48,Laurier,LRIE,2025-11-23T01:23:24Z,2025-11-22T18:38:00Z,ARR,bad,405.0
692 (11-20),True,False,CHURCHILL,WINNIPEG,2025-11-20,49,Mccreary,MCCR,2025-11-23T01:40:23Z,2025-11-22T18:54:00Z,ARR,bad,406.0
692 (11-20),True,False,CHURCHILL,WINNIPEG,2025-11-20,50,Glenella,GLNA,2025-11-23T02:19:34Z,2025-11-22T19:34:00Z,ARR,bad,405.0
692 (11-20),True,False,CHURCHILL,WINNIPEG,2025-11-20,51,Plumas,PLUM,2025-11-23T02:45:52Z,2025-11-22T20:06:00Z,ARR,bad,399.0
692 (11-20),True,False,CHURCHILL,WINNIPEG,2025-11-20,52,Gladstone,GSTO,2025-11-23T03:15:05Z,2025-11-22T20:51:00Z,ARR,bad,384.0
692 (11-20),True,False,CHURCHILL,WINNIPEG,2025-11-20,53,Portage La Prairie,PLPX,2025-11-23T04:00:06Z,2025-11-22T21:37:00Z,35 mins,bad,383.0
692 (11-20),True,False,CHURCHILL,WINNIPEG,2025-11-20,54,Winnipeg,WNPG,2025-11-23T05:08:06Z,2025-11-22T22:45:00Z,1h43,bad,383.0
2 (11-21),True,False,VANCOUVER,TORONTO,2025-11-21,0,Vancouver,VCVR,2025-11-21T23:00:00Z,2025-11-21T23:00:00Z,ARR,goo,0.0
2 (11-21),True,False,VANCOUVER,TORONTO,2025-11-21,1,Mission Harbour,MSNH,2025-11-22T01:56:04Z,2025-11-22T00:35:00Z,ARR,bad,81.0
2 (11-21),True,False,VANCOUVER,TORONTO,2025-11-21,2,Agassiz,AGAS,2025-11-22T02:35:49Z,2025-11-22T01:03:00Z,ARR,bad,92.0
2 (11-21),True,False,VANCOUVER,TORONTO,2025-11-21,3,Katz,KATZ,2025-11-22T02:50:29Z,2025-11-22T01:17:00Z,ARR,bad,93.0
2 (11-21),True,False,VANCOUVER,TORONTO,2025-11-21,4,North Bend,NBND,2025-11-22T04:52:56Z,2025-11-22T03:46:00Z,ARR,bad,66.0
2 (11-21),True,False,VANCOUVER,TORONTO,2025-11-21,5,Ashcroft,ASHN,2025-11-22T07:40:10Z,2025-11-22T06:32:00Z,ARR,bad,68.0
2 (11-21),True,False,VANCOUVER,TORONTO,2025-11-21,6,Kamloops North,KAMN,2025-11-22T10:13:51Z,2025-11-22T08:17:00Z,ARR,bad,116.0
2 (11-21),True,False,VANCOUVER,TORONTO,2025-11-21,7,Clearwater,CLWT,2025-11-22T13:12:50Z,2025-11-22T10:58:00Z,ARR,bad,134.0
2 (11-21),True,False,VANCOUVER,TORONTO,2025-11-21,8,Blue River,BLUE,2025-11-22T15:08:36Z,2025-11-22T13:11:00Z,ARR,bad,117.0
2 (11-21),True,False,VANCOUVER,TORONTO,2025-11-21,9,Valemount,VLMT,2025-11-22T17:15:31Z,2025-11-22T15:01:00Z,ARR,bad,134.0
2 (11-21),True,False,VANCOUVER,TORONTO,2025-11-21,10,Jasper,JASP,2025-11-22T19:15:02Z,2025-11-22T18:00:00Z,ARR,bad,75.0
2 (11-21),True,False,VANCOUVER,TORONTO,2025-11-21,11,Hinton,HINT,2025-11-22T23:13:15Z,2025-11-22T20:45:00Z,ARR,bad,148.0
2 (11-21),True,False,VANCOUVER,TORONTO,2025-11-21,12,Edson,EDSN,2025-11-23T00:21:49Z,2025-11-22T22:19:00Z,ARR,bad,122.0
2 (11-21),True,False,VANCOUVER,TORONTO,2025-11-21,13,Evansburg,EVAN,2025-11-23T01:51:34Z,2025-11-22T23:28:00Z,ARR,bad,143.0
2 (11-21),True,False,VANCOUVER,TORONTO,2025-11-21,14,Edmonton,EDMO,2025-11-23T03:50:05Z,2025-11-23T01:50:00Z,25 mins,bad,120.0
2 (11-21),True,False,VANCOUVER,TORONTO,2025-11-21,15,Viking,VKNG,2025-11-23T06:53:05Z,2025-11-23T04:53:00Z,3h28,bad,120.0
2 (11-21),True,False,VANCOUVER,TORONTO,2025-11-21,16,Wainwright,WAIN,&mdash;,2025-11-23T07:14:00Z,&mdash;,,
2 (11-21),True,False,VANCOUVER,TORONTO,2025-11-21,17,Unity,UNIT,&mdash;,2025-11-23T08:47:00Z,&mdash;,,
2 (11-21),True,False,VANCOUVER,TORONTO,2025-11-21,18,Biggar,BIGG,&mdash;,2025-11-23T10:21:00Z,&mdash;,,
2 (11-21),True,False,VANCOUVER,TORONTO,2025-11-21,19,Saskatoon,SASK,&mdash;,2025-11-23T12:57:00Z,&mdash;,,
2 (11-21),True,False,VANCOUVER,TORONTO,2025-11-21,20,Watrous,WATR,&mdash;,2025-11-23T15:26:00Z,&mdash;,,
692 (11-22),True,False,CHURCHILL,WINNIPEG,2025-11-22,0,Churchill,CHUR,2025-11-23T02:39:30Z,2025-11-23T02:30:00Z,ARR,goo,9.0
692 (11-22),True,False,CHURCHILL,WINNIPEG,2025-11-22,1,Tidal,TIDL,2025-11-23T03:08:32Z,2025-11-23T02:52:00Z,ARR,goo,16.0
692 (11-22),True,False,CHURCHILL,WINNIPEG,2025-11-22,2,Chesnaye,CHES,2025-11-23T04:01:18Z,2025-11-23T03:38:00Z,36 mins,med,23.0
692 (11-22),True,False,CHURCHILL,WINNIPEG,2025-11-22,3,M'Clintock,MCLI,2025-11-23T05:17:18Z,2025-11-23T04:54:00Z,1h52,med,23.0
692 (11-22),True,False,CHURCHILL,WINNIPEG,2025-11-22,4,O'Day,ODAY,2025-11-23T06:02:18Z,2025-11-23T05:39:00Z,2h37,med,23.0
692 (11-22),True,False,CHURCHILL,WINNIPEG,2025-11-22,5,Herchmer,HERC,2025-11-23T06:41:18Z,2025-11-23T06:18:00Z,3h16,med,23.0
692 (11-22),True,False,CHURCHILL,WINNIPEG,2025-11-22,6,Thibaudeau,THIB,2025-11-23T08:07:18Z,2025-11-23T07:44:00Z,4h42,med,23.0
692 (11-22),True,False,CHURCHILL,WINNIPEG,2025-11-22,7,Weir River,WEIR,2025-11-23T09:09:18Z,2025-11-23T08:46:00Z,5h44,med,23.0
692 (11-22),True,False,CHURCHILL,WINNIPEG,2025-11-22,8,Amery,AMRY,2025-11-23T10:00:18Z,2025-11-23T09:37:00Z,6h35,med,23.0
692 (11-22),True,False,CHURCHILL,WINNIPEG,2025-11-22,9,Bird,BIRD,2025-11-23T10:23:18Z,2025-11-23T10:00:00Z,6h58,med,23.0
692 (11-22),True,False,CHURCHILL,WINNIPEG,2025-11-22,10,Gillam,GILL,2025-11-23T11:23:18Z,2025-11-23T11:00:00Z,7h58,med,23.0
692 (11-22),True,False,CHURCHILL,WINNIPEG,2025-11-22,11,Wivenhoe,WVHO,2025-11-23T12:39:18Z,2025-11-23T12:16:00Z,9h14,med,23.0
692 (11-22),True,False,CHURCHILL,WINNIPEG,2025-11-22,12,Ilford,ILFO,2025-11-23T13:16:18Z,2025-11-23T12:53:00Z,9h51,med,23.0
692 (11-22),True,False,CHURCHILL,WINNIPEG,2025-11-22,13,Pit Siding,PITS,2025-11-23T14:17:18Z,2025-11-23T13:54:00Z,10h52,med,23.0
692 (11-22),True,False,CHURCHILL,WINNIPEG,2025-11-22,14,Bridgar,BRGR,2025-11-23T15:39:18Z,2025-11-23T15:16:00Z,12h14,med,23.0
692 (11-22),True,False,CHURCHILL,WINNIPEG,2025-11-22,15,Pikwitonei,PIKW,2025-11-23T15:50:18Z,2025-11-23T15:27:00Z,12h25,med,23.0
692 (11-22),True,False,CHURCHILL,WINNIPEG,2025-11-22,16,Sipiwesk,SIPI,2025-11-23T16:17:18Z,2025-11-23T15:54:00Z,12h52,med,23.0
15,True,True,HALIFAX,MONTRÉAL,2025-11-21,0,Halifax,HLFX,2025-11-21T15:30:04Z,2025-11-21T15:30:00Z,ARR,goo,0.0
15,True,True,HALIFAX,MONTRÉAL,2025-11-21,1,Truro,TRUR,2025-11-21T16:55:24Z,2025-11-21T16:56:00Z,ARR,goo,0.0
15,True,True,HALIFAX,MONTRÉAL,2025-11-21,2,Springhill Jct,SPRJ,2025-11-21T18:08:47Z,2025-11-21T18:11:00Z,ARR,goo,-2.0
15,True,True,HALIFAX,MONTRÉAL,2025-11-21,3,Amherst,AMHS,2025-11-21T18:29:42Z,2025-11-21T18:34:00Z,ARR,goo,-4.0
15,True,True,HALIFAX,MONTRÉAL,2025-11-21,4,Sackville,SACK,2025-11-21T18:48:17Z,2025-11-21T18:50:00Z,ARR,goo,-1.0
15,True,True,HALIFAX,MONTRÉAL,2025-11-21,5,Moncton,MCTN,2025-11-21T19:36:10Z,2025-11-21T19:44:00Z,ARR,goo,-7.0
15,True,True,HALIFAX,MONTRÉAL,2025-11-21,6,Rogersville,RGRV,2025-11-21T21:16:47Z,2025-11-21T21:08:00Z,ARR,goo,8.0
15,True,True,HALIFAX,MONTRÉAL,2025-11-21,7,Miramichi,MIRA,2025-11-21T22:11:31Z,2025-11-21T21:59:00Z,ARR,goo,12.0
15,True,True,HALIFAX,MONTRÉAL,2025-11-21,8,Bathurst,BTRS,2025-11-21T23:48:59Z,2025-11-21T23:55:00Z,ARR,goo,-6.0
15,True,True,HALIFAX,MONTRÉAL,2025-11-21,9,Petit Rocher,PROC,2025-11-22T00:12:08Z,2025-11-22T00:22:00Z,ARR,goo,-9.0
15,True,True,HALIFAX,MONTRÉAL,2025-11-21,10,Jacquet River,JACR,2025-11-22T00:39:03Z,2025-11-22T00:44:01Z,ARR,goo,-4.0
15,True,True,HALIFAX,MONTRÉAL,2025-11-21,11,Charlo,CHLO,2025-11-22T01:17:00Z,2025-11-22T01:07:00Z,ARR,goo,10.0
15,True,True,HALIFAX,MONTRÉAL,2025-11-21,12,Campbellton,CBTN,2025-11-22T02:03:38Z,2025-11-22T02:10:00Z,ARR,goo,-6.0
15,True,True,HALIFAX,MONTRÉAL,2025-11-21,13,Matapedia,MTPD,2025-11-22T02:50:40Z,2025-11-22T02:52:00Z,ARR,goo,-1.0
15,True,True,HALIFAX,MONTRÉAL,2025-11-21,14,Causapscal,CAUS,2025-11-22T03:52:17Z,2025-11-22T03:41:00Z,ARR,goo,11.0
15,True,True,HALIFAX,MONTRÉAL,2025-11-21,15,Amqui,AMQU,2025-11-22T04:32:26Z,2025-11-22T04:01:00Z,ARR,med,31.0
15,True,True,HALIFAX,MONTRÉAL,2025-11-21,16,Sayabec,SAYA,2025-11-22T05:10:43Z,2025-11-22T04:23:00Z,ARR,med,47.0
15,True,True,HALIFAX,MONTRÉAL,2025-11-21,17,Mont-Joli,MJLI,2025-11-22T06:16:02Z,2025-11-22T05:53:00Z,ARR,med,23.0
15,True,True,HALIFAX,MONTRÉAL,2025-11-21,18,Rimouski,RMSK,2025-11-22T06:40:27Z,2025-11-22T06:24:00Z,ARR,goo,16.0
15,True,True,HALIFAX,MONTRÉAL,2025-11-21,19,Trois Pistoles,TPIS,2025-11-22T08:00:12Z,2025-11-22T07:29:00Z,ARR,med,31.0
15,True,True,HALIFAX,MONTRÉAL,2025-11-21,20,Rivière-Du-Loup,RDLX,2025-11-22T08:36:18Z,2025-11-22T08:16:00Z,ARR,med,20.0
15,True,True,HALIFAX,MONTRÉAL,2025-11-21,21,La Pocatière,LPOC,2025-11-22T09:18:05Z,2025-11-22T09:05:00Z,ARR,goo,13.0
15,True,True,HALIFAX,MONTRÉAL,2025-11-21,22,Montmagny,MMGY,2025-11-22T09:46:08Z,2025-11-22T09:39:00Z,ARR,goo,7.0
15,True,True,HALIFAX,MONTRÉAL,2025-11-21,23,Ste-Foy,SFOY,2025-11-22T10:29:45Z,2025-11-22T11:13:00Z,ARR,goo,-43.0
15,True,True,HALIFAX,MONTRÉAL,2025-11-21,24,Drummondville,DRMV,2025-11-22T13:04:40Z,2025-11-22T13:20:00Z,ARR,goo,-15.0
15,True,True,HALIFAX,MONTRÉAL,2025-11-21,25,St. Hyacinthe,SHYA,2025-11-22T13:33:20Z,2025-11-22T14:00:00Z,ARR,goo,-26.0
15,True,True,HALIFAX,MONTRÉAL,2025-11-21,26,St. Lambert,SLAM,2025-11-22T14:11:31Z,2025-11-22T14:34:00Z,ARR,goo,-22.0
15,True,True,HALIFAX,MONTRÉAL,2025-11-21,27,Montréal,MTRL,2025-11-22T14:33:18Z,2025-11-22T14:53:00Z,ARR,goo,-19.0
6,True,True,PRINCE RUPERT,JASPER,2025-11-21,0,Prince Rupert,PRUP,2025-11-21T16:00:00Z,2025-11-21T16:00:00Z,ARR,goo,0.0
6,True,True,PRINCE RUPERT,JASPER,2025-11-21,1,Cassiar Cannery,CASS,2025-11-21T16:44:11Z,2025-11-21T16:20:00Z,ARR,med,24.0
6,True,True,PRINCE RUPERT,JASPER,2025-11-21,2,Kwinitsa,KWIN,2025-11-21T17:22:59Z,2025-11-21T17:17:00Z,ARR,goo,5.0
6,True,True,PRINCE RUPERT,JASPER,2025-11-21,3,Terrace,TRRC,2025-11-21T18:44:36Z,2025-11-21T18:20:00Z,ARR,med,24.0
6,True,True,PRINCE RUPERT,JASPER,2025-11-21,4,Usk,USKX,2025-11-21T19:08:43Z,2025-11-21T18:48:00Z,ARR,med,20.0
6,True,True,PRINCE RUPERT,JASPER,2025-11-21,5,Pacific,PACI,2025-11-21T19:24:04Z,2025-11-21T19:07:00Z,ARR,goo,17.0
6,True,True,PRINCE RUPERT,JASPER,2025-11-21,6,Dorreen,DORR,2025-11-21T19:33:44Z,2025-11-21T19:19:00Z,ARR,goo,14.0
6,True,True,PRINCE RUPERT,JASPER,2025-11-21,7,Cedarvale,CEDA,2025-11-21T19:58:16Z,2025-11-21T19:44:00Z,ARR,goo,14.0
6,True,True,PRINCE RUPERT,JASPER,2025-11-21,8,Kitwanga,KITW,2025-11-21T20:15:29Z,2025-11-21T19:48:01Z,ARR,med,27.0
6,True,True,PRINCE RUPERT,JASPER,2025-11-21,9,New Hazelton,NHAZ,2025-11-21T21:02:10Z,2025-11-21T20:30:00Z,ARR,med,32.0
6,True,True,PRINCE RUPERT,JASPER,2025-11-21,10,Smithers,SMTR,2025-11-21T22:43:43Z,2025-11-21T22:14:00Z,ARR,med,29.0
6,True,True,PRINCE RUPERT,JASPER,2025-11-21,11,Telkwa,TELK,2025-11-21T23:19:26Z,2025-11-21T22:37:00Z,ARR,med,42.0
6,True,True,PRINCE RUPERT,JASPER,2025-11-21,12,Houston,HOUS,2025-11-22T00:08:11Z,2025-11-21T23:22:00Z,ARR,med,46.0
6,True,True,PRINCE RUPERT,JASPER,2025-11-21,13,Burns Lake,BRNL,2025-11-22T01:10:28Z,2025-11-22T00:32:00Z,ARR,med,38.0
6,True,True,PRINCE RUPERT,JASPER,2025-11-21,14,Endako,ENDA,2025-11-22T01:56:04Z,2025-11-22T01:25:00Z,ARR,med,31.0
6,True,True,PRINCE RUPERT,JASPER,2025-11-21,15,Fort Fraser,FFRA,2025-11-22T02:22:40Z,2025-11-22T01:57:00Z,ARR,med,25.0
6,True,True,PRINCE RUPERT,JASPER,2025-11-21,16,Vanderhoof,VDRH,2025-11-22T02:54:12Z,2025-11-22T02:35:00Z,ARR,goo,19.0
6,True,True,PRINCE RUPERT,JASPER,2025-11-21,17,Prince George,PGEO,2025-11-22T05:06:02Z,2025-11-22T04:29:00Z,ARR,med,37.0
6,True,True,PRINCE RUPERT,JASPER,2025-11-21,18,Willow River,WILR,2025-11-22T16:43:23Z,2025-11-22T16:48:00Z,ARR,goo,-4.0
6,True,True,PRINCE RUPERT,JASPER,2025-11-21,19,Aleza Lake,ALZL,2025-11-22T17:09:05Z,2025-11-22T17:17:00Z,ARR,goo,-7.0
6,True,True,PRINCE RUPERT,JASPER,2025-11-21,20,Upper Fraser,UFRZ,2025-11-22T17:25:00Z,2025-11-22T17:25:00Z,ARR,goo,0.0
6,True,True,PRINCE RUPERT,JASPER,2025-11-21,21,Mcgregor,MCGR,2025-11-22T17:33:00Z,2025-11-22T17:33:00Z,ARR,goo,0.0
6,True,True,PRINCE RUPERT,JASPER,2025-11-21,22,Sinclair Mills,SINM,2025-11-22T17:44:00Z,2025-11-22T17:44:00Z,ARR,goo,0.0
6,True,True,PRINCE RUPERT,JASPER,2025-11-21,23,Hutton,HUTT,2025-11-22T17:48:00Z,2025-11-22T17:48:00Z,ARR,goo,0.0
6,True,True,PRINCE RUPERT,JASPER,2025-11-21,24,Longworth,LWTH,2025-11-22T17:47:17Z,2025-11-22T17:59:00Z,ARR,goo,-11.0
6,True,True,PRINCE RUPERT,JASPER,2025-11-21,25,Penny,PENN,2025-11-22T17:59:45Z,2025-11-22T18:13:00Z,ARR,goo,-13.0
6,True,True,PRINCE RUPERT,JASPER,2025-11-21,26,Bend,BEND,2025-11-22T18:37:04Z,2025-11-22T18:32:00Z,ARR,goo,5.0
6,True,True,PRINCE RUPERT,JASPER,2025-11-21,27,Dome Creek,DOMC,2025-11-22T18:38:51Z,2025-11-22T18:33:07Z,ARR,goo,5.0
6,True,True,PRINCE RUPERT,JASPER,2025-11-21,28,Loos,LOOS,2025-11-22T19:08:00Z,2025-11-22T19:07:00Z,ARR,goo,1.0
6,True,True,PRINCE RUPERT,JASPER,2025-11-21,29,Goat River,GOAT,2025-11-22T20:00:47Z,2025-11-22T19:22:00Z,ARR,med,38.0
6,True,True,PRINCE RUPERT,JASPER,2025-11-21,30,Mcbride,MCBR,2025-11-22T20:50:47Z,2025-11-22T20:18:00Z,ARR,med,32.0
6,True,True,PRINCE RUPERT,JASPER,2025-11-21,31,Dunster,DNST,2025-11-22T21:21:41Z,2025-11-22T20:35:00Z,ARR,med,46.0
6,True,True,PRINCE RUPERT,JASPER,2025-11-21,32,Harvey,HRVY,2025-11-22T21:54:30Z,2025-11-22T21:24:00Z,ARR,med,30.0
6,True,True,PRINCE RUPERT,JASPER,2025-11-21,33,Jasper,JASP,2025-11-23T00:13:42Z,2025-11-23T00:00:00Z,ARR,goo,13.0
691,True,True,THE PAS,CHURCHILL,2025-11-21,0,The Pas,TPAS,2025-11-21T08:30:00Z,2025-11-21T08:30:00Z,ARR,goo,0.0
691,True,True,THE PAS,CHURCHILL,2025-11-21,1,Orok,OROK,2025-11-21T09:10:53Z,2025-11-21T09:07:00Z,ARR,goo,3.0
691,True,True,THE PAS,CHURCHILL,2025-11-21,2,Halcrow,HALC,2025-11-21T09:57:32Z,2025-11-21T10:01:00Z,ARR,goo,-3.0
691,True,True,THE PAS,CHURCHILL,2025-11-21,3,Cormorant,CORM,2025-11-21T10:12:00Z,2025-11-21T10:12:00Z,ARR,goo,0.0
691,True,True,THE PAS,CHURCHILL,2025-11-21,4,Dering,DERI,2025-11-21T10:16:15Z,2025-11-21T10:20:00Z,ARR,goo,-3.0
691,True,True,THE PAS,CHURCHILL,2025-11-21,5,Dyce,DYCE,2025-11-21T10:59:00Z,2025-11-21T10:59:00Z,ARR,goo,0.0
691,True,True,THE PAS,CHURCHILL,2025-11-21,6,Wekusko,WEKU,2025-11-21T11:33:04Z,2025-11-21T11:43:00Z,ARR,goo,-9.0
691,True,True,THE PAS,CHURCHILL,2025-11-21,7,Turnbull,TURN,2025-11-21T11:57:53Z,2025-11-21T12:10:00Z,ARR,goo,-12.0
691,True,True,THE PAS,CHURCHILL,2025-11-21,8,Ponton,PNTN,2025-11-21T12:25:14Z,2025-11-21T12:42:00Z,ARR,goo,-16.0
691,True,True,THE PAS,CHURCHILL,2025-11-21,9,Pipun,PIPN,2025-11-21T13:10:34Z,2025-11-21T13:25:00Z,ARR,goo,-14.0
691,True,True,THE PAS,CHURCHILL,2025-11-21,10,Wabowden,WBDN,2025-11-21T13:25:03Z,2025-11-21T13:48:00Z,ARR,goo,-22.0
691,True,True,THE PAS,CHURCHILL,2025-11-21,11,Lyddal,LYDD,2025-11-21T14:03:42Z,2025-11-21T14:16:00Z,ARR,goo,-12.0
691,True,True,THE PAS,CHURCHILL,2025-11-21,12,Odhill,ODHI,2025-11-21T14:27:44Z,2025-11-21T14:38:00Z,ARR,goo,-10.0
691,True,True,THE PAS,CHURCHILL,2025-11-21,13,Hockin,HOCK,2025-11-21T15:05:45Z,2025-11-21T15:22:00Z,ARR,goo,-16.0
691,True,True,THE PAS,CHURCHILL,2025-11-21,14,Thicket Portage,THKP,2025-11-21T15:37:00Z,2025-11-21T15:37:00Z,ARR,goo,0.0
691,True,True,THE PAS,CHURCHILL,2025-11-21,15,Leven,LEVN,2025-11-21T15:43:44Z,2025-11-21T15:54:00Z,ARR,goo,-10.0
691,True,True,THE PAS,CHURCHILL,2025-11-21,16,Thompson,THOM,2025-11-21T19:13:49Z,2025-11-21T18:00:00Z,ARR,bad,73.0
691,True,True,THE PAS,CHURCHILL,2025-11-21,17,Sipiwesk,SIPI,2025-11-22T00:28:42Z,2025-11-22T00:35:00Z,ARR,goo,-6.0
691,True,True,THE PAS,CHURCHILL,2025-11-21,18,Pikwitonei,PIKW,2025-11-22T00:51:11Z,2025-11-22T01:02:00Z,ARR,goo,-10.0
691,True,True,THE PAS,CHURCHILL,2025-11-21,19,Bridgar,BRGR,2025-11-22T01:13:00Z,2025-11-22T01:13:00Z,ARR,goo,0.0
691,True,True,THE PAS,CHURCHILL,2025-11-21,20,Pit Siding,PITS,2025-11-22T02:43:42Z,2025-11-22T02:35:00Z,ARR,goo,8.0
691,True,True,THE PAS,CHURCHILL,2025-11-21,21,Ilford,ILFO,2025-11-22T03:54:45Z,2025-11-22T03:36:00Z,ARR,goo,18.0
691,True,True,THE PAS,CHURCHILL,2025-11-21,22,Wivenhoe,WVHO,2025-11-22T05:04:45Z,2025-11-22T04:13:00Z,ARR,med,51.0
691,True,True,THE PAS,CHURCHILL,2025-11-21,23,Gillam,GILL,2025-11-22T05:56:19Z,2025-11-22T05:00:01Z,ARR,med,56.0
691,True,True,THE PAS,CHURCHILL,2025-11-21,24,Bird,BIRD,2025-11-22T08:29:00Z,2025-11-22T06:29:00Z,ARR,bad,120.0
691,True,True,THE PAS,CHURCHILL,2025-11-21,25,Amery,AMRY,2025-11-22T08:51:00Z,2025-11-22T06:51:00Z,ARR,bad,120.0
691,True,True,THE PAS,CHURCHILL,2025-11-21,26,Weir River,WEIR,2025-11-22T09:43:00Z,2025-11-22T07:43:00Z,ARR,bad,120.0
691,True,True,THE PAS,CHURCHILL,2025-11-21,27,Thibaudeau,THIB,2025-11-22T09:42:09Z,2025-11-22T09:00:00Z,ARR,med,42.0
691,True,True,THE PAS,CHURCHILL,2025-11-21,28,Herchmer,HERC,2025-11-22T10:49:44Z,2025-11-22T10:26:00Z,ARR,med,23.0
691,True,True,THE PAS,CHURCHILL,2025-11-21,29,O'Day,ODAY,2025-11-22T11:16:47Z,2025-11-22T11:05:00Z,ARR,goo,11.0
691,True,True,THE PAS,CHURCHILL,2025-11-21,30,M'Clintock,MCLI,2025-11-22T12:02:28Z,2025-11-22T11:50:00Z,ARR,goo,12.0
691,True,True,THE PAS,CHURCHILL,2025-11-21,31,Chesnaye,CHES,2025-11-22T13:22:27Z,2025-11-22T13:06:00Z,ARR,goo,16.0
691,True,True,THE PAS,CHURCHILL,2025-11-21,32,Tidal,TIDL,2025-11-22T14:33:15Z,2025-11-22T14:37:00Z,ARR,goo,-3.0
691,True,True,THE PAS,CHURCHILL,2025-11-21,33,Churchill,CHUR,2025-11-22T15:26:00Z,2025-11-22T15:00:00Z,ARR,med,26.0
5,True,False,JASPER,PRINCE RUPERT,2025-11-21,0,Jasper,JASP,2025-11-21T17:55:37Z,2025-11-21T17:45:00Z,ARR,goo,10.0
5,True,False,JASPER,PRINCE RUPERT,2025-11-21,1,Harvey,HRVY,2025-11-21T19:36:47Z,2025-11-21T19:38:00Z,ARR,goo,-1.0
5,True,False,JASPER,PRINCE RUPERT,2025-11-21,2,Dunster,DNST,2025-11-21T20:10:00Z,2025-11-21T20:12:00Z,ARR,goo,-2.0
5,True,False,JASPER,PRINCE RUPERT,2025-11-21,3,Mcbride,MCBR,2025-11-21T20:40:54Z,2025-11-21T20:44:00Z,ARR,goo,-3.0
5,True,False,JASPER,PRINCE RUPERT,2025-11-21,4,Goat River,GOAT,2025-11-21T21:38:45Z,2025-11-21T21:41:00Z,ARR,goo,-2.0
5,True,False,JASPER,PRINCE RUPERT,2025-11-21,5,Loos,LOOS,2025-11-21T21:54:04Z,2025-11-21T21:58:00Z,ARR,goo,-3.0
5,True,False,JASPER,PRINCE RUPERT,2025-11-21,6,Dome Creek,DOMC,2025-11-21T22:21:47Z,2025-11-21T22:32:00Z,ARR,goo,-10.0
5,True,False,JASPER,PRINCE RUPERT,2025-11-21,7,Bend,BEND,2025-11-21T22:25:39Z,2025-11-21T22:36:00Z,ARR,goo,-10.0
5,True,False,JASPER,PRINCE RUPERT,2025-11-21,8,Penny,PENN,2025-11-21T22:49:04Z,2025-11-21T22:56:00Z,ARR,goo,-6.0
5,True,False,JASPER,PRINCE RUPERT,2025-11-21,9,Longworth,LWTH,2025-11-21T23:00:45Z,2025-11-21T23:11:00Z,ARR,goo,-10.0
5,True,False,JASPER,PRINCE RUPERT,2025-11-21,10,Hutton,HUTT,2025-11-21T23:11:41Z,2025-11-21T23:24:00Z,ARR,goo,-12.0
5,True,False,JASPER,PRINCE RUPERT,2025-11-21,11,Sinclair Mills,SINM,2025-11-21T23:30:00Z,2025-11-21T23:30:00Z,ARR,goo,0.0
5,True,False,JASPER,PRINCE RUPERT,2025-11-21,12,Mcgregor,MCGR,2025-11-21T23:26:18Z,2025-11-21T23:43:00Z,ARR,goo,-16.0
5,True,False,JASPER,PRINCE RUPERT,2025-11-21,13,Upper Fraser,UFRZ,2025-11-21T23:52:00Z,2025-11-21T23:52:00Z,ARR,goo,0.0
5,True,False,JASPER,PRINCE RUPERT,2025-11-21,14,Aleza Lake,ALZL,2025-11-22T00:01:00Z,2025-11-22T00:01:00Z,ARR,goo,0.0
5,True,False,JASPER,PRINCE RUPERT,2025-11-21,15,Willow River,WILR,2025-11-22T00:01:24Z,2025-11-22T00:31:00Z,ARR,goo,-29.0
5,True,False,JASPER,PRINCE RUPERT,2025-11-21,16,Prince George,PGEO,2025-11-22T01:06:57Z,2025-11-22T01:08:00Z,ARR,goo,-1.0
5,True,False,JASPER,PRINCE RUPERT,2025-11-21,17,Vanderhoof,VDRH,2025-11-22T17:42:50Z,2025-11-22T17:55:00Z,ARR,goo,-12.0
5,True,False,JASPER,PRINCE RUPERT,2025-11-21,18,Fort Fraser,FFRA,2025-11-22T18:25:39Z,2025-11-22T18:32:00Z,ARR,goo,-6.0
5,True,False,JASPER,PRINCE RUPERT,2025-11-21,19,Endako,ENDA,2025-11-22T18:52:55Z,2025-11-22T18:50:00Z,ARR,goo,2.0
5,True,False,JASPER,PRINCE RUPERT,2025-11-21,20,Burns Lake,BRNL,2025-11-22T19:39:03Z,2025-11-22T19:58:00Z,ARR,goo,-18.0
5,True,False,JASPER,PRINCE RUPERT,2025-11-21,21,Houston,HOUS,2025-11-22T20:41:11Z,2025-11-22T21:08:00Z,ARR,goo,-26.0
5,True,False,JASPER,PRINCE RUPERT,2025-11-21,22,Telkwa,TELK,2025-11-22T21:52:10Z,2025-11-22T21:52:00Z,ARR,goo,0.0
5,True,False,JASPER,PRINCE RUPERT,2025-11-21,23,Smithers,SMTR,2025-11-22T22:03:24Z,2025-11-22T22:10:00Z,ARR,goo,-6.0
5,True,False,JASPER,PRINCE RUPERT,2025-11-21,24,New Hazelton,NHAZ,2025-11-22T23:58:16Z,2025-11-22T23:37:00Z,ARR,med,21.0
5,True,False,JASPER,PRINCE RUPERT,2025-11-21,25,Kitwanga,KITW,2025-11-23T00:42:47Z,2025-11-23T00:27:00Z,ARR,goo,15.0
5,True,False,JASPER,PRINCE RUPERT,2025-11-21,26,Cedarvale,CEDA,2025-11-23T01:00:40Z,2025-11-23T00:51:00Z,ARR,goo,9.0
5,True,False,JASPER,PRINCE RUPERT,2025-11-21,27,Dorreen,DORR,2025-11-23T01:19:34Z,2025-11-23T01:12:00Z,ARR,goo,7.0
5,True,False,JASPER,PRINCE RUPERT,2025-11-21,28,Pacific,PACI,2025-11-23T01:26:33Z,2025-11-23T01:21:00Z,ARR,goo,5.0
5,True,False,JASPER,PRINCE RUPERT,2025-11-21,29,Usk,USKX,2025-11-23T01:46:23Z,2025-11-23T01:40:00Z,ARR,goo,6.0
5,True,False,JASPER,PRINCE RUPERT,2025-11-21,30,Terrace,TRRC,2025-11-23T02:08:18Z,2025-11-23T02:00:00Z,ARR,goo,8.0
5,True,False,JASPER,PRINCE RUPERT,2025-11-21,31,Kwinitsa,KWIN,2025-11-23T03:11:28Z,2025-11-23T03:09:00Z,ARR,goo,2.0
5,True,False,JASPER,PRINCE RUPERT,2025-11-21,32,Cassiar Cannery,CASS,2025-11-23T03:47:04Z,2025-11-23T03:45:00Z,22 mins,goo,2.0
5,True,False,JASPER,PRINCE RUPERT,2025-11-21,33,Prince Rupert,PRUP,2025-11-23T04:27:04Z,2025-11-23T04:25:00Z,1h02,goo,2.0
14,True,True,MONTRÉAL,HALIFAX,2025-11-21,0,Montréal,MTRL,2025-11-21T23:33:00Z,2025-11-21T23:30:00Z,ARR,goo,3.0
14,True,True,MONTRÉAL,HALIFAX,2025-11-21,1,St. Lambert,SLAM,2025-11-22T00:11:43Z,2025-11-21T23:45:00Z,ARR,med,26.0
14,True,True,MONTRÉAL,HALIFAX,2025-11-21,2,St. Hyacinthe,SHYA,2025-11-22T00:43:18Z,2025-11-22T00:23:00Z,ARR,med,20.0
14,True,True,MONTRÉAL,HALIFAX,2025-11-21,3,Drummondville,DRMV,2025-11-22T01:37:13Z,2025-11-22T01:04:00Z,ARR,med,33.0
14,True,True,MONTRÉAL,HALIFAX,2025-11-21,4,Ste-Foy,SFOY,2025-11-22T03:07:45Z,2025-11-22T02:48:00Z,ARR,goo,19.0
14,True,True,MONTRÉAL,HALIFAX,2025-11-21,5,Montmagny,MMGY,2025-11-22T04:33:43Z,2025-11-22T04:17:00Z,ARR,goo,16.0
14,True,True,MONTRÉAL,HALIFAX,2025-11-21,6,La Pocatière,LPOC,2025-11-22T05:01:11Z,2025-11-22T04:50:00Z,ARR,goo,11.0
14,True,True,MONTRÉAL,HALIFAX,2025-11-21,7,Rivière-Du-Loup,RDLX,2025-11-22T05:43:06Z,2025-11-22T05:31:00Z,ARR,goo,12.0
14,True,True,MONTRÉAL,HALIFAX,2025-11-21,8,Trois Pistoles,TPIS,2025-11-22T06:24:12Z,2025-11-22T06:17:00Z,ARR,goo,7.0
14,True,True,MONTRÉAL,HALIFAX,2025-11-21,9,Rimouski,RMSK,2025-11-22T07:36:19Z,2025-11-22T07:25:00Z,ARR,goo,11.0
14,True,True,MONTRÉAL,HALIFAX,2025-11-21,10,Mont-Joli,MJLI,2025-11-22T08:06:28Z,2025-11-22T08:03:00Z,ARR,goo,3.0
14,True,True,MONTRÉAL,HALIFAX,2025-11-21,11,Sayabec,SAYA,2025-11-22T09:11:08Z,2025-11-22T09:06:00Z,ARR,goo,5.0
14,True,True,MONTRÉAL,HALIFAX,2025-11-21,12,Amqui,AMQU,2025-11-22T09:44:53Z,2025-11-22T09:27:00Z,ARR,goo,17.0
14,True,True,MONTRÉAL,HALIFAX,2025-11-21,13,Causapscal,CAUS,2025-11-22T10:16:00Z,2025-11-22T09:49:00Z,ARR,med,27.0
14,True,True,MONTRÉAL,HALIFAX,2025-11-21,14,Matapedia,MTPD,2025-11-22T11:07:29Z,2025-11-22T10:35:00Z,ARR,med,32.0
14,True,True,MONTRÉAL,HALIFAX,2025-11-21,15,Campbellton,CBTN,2025-11-22T11:42:04Z,2025-11-22T11:20:00Z,ARR,med,22.0
14,True,True,MONTRÉAL,HALIFAX,2025-11-21,16,Charlo,CHLO,2025-11-22T12:30:24Z,2025-11-22T12:03:00Z,ARR,med,27.0
14,True,True,MONTRÉAL,HALIFAX,2025-11-21,17,Jacquet River,JACR,2025-11-22T13:09:32Z,2025-11-22T12:26:00Z,ARR,med,43.0
14,True,True,MONTRÉAL,HALIFAX,2025-11-21,18,Petit Rocher,PROC,2025-11-22T13:37:57Z,2025-11-22T12:48:00Z,ARR,med,49.0
14,True,True,MONTRÉAL,HALIFAX,2025-11-21,19,Bathurst,BTRS,2025-11-22T13:55:02Z,2025-11-22T13:36:00Z,ARR,goo,19.0
14,True,True,MONTRÉAL,HALIFAX,2025-11-21,20,Miramichi,MIRA,2025-11-22T15:39:56Z,2025-11-22T15:25:00Z,ARR,goo,14.0
14,True,True,MONTRÉAL,HALIFAX,2025-11-21,21,Rogersville,RGRV,2025-11-22T16:31:26Z,2025-11-22T16:20:00Z,ARR,goo,11.0
14,True,True,MONTRÉAL,HALIFAX,2025-11-21,22,Moncton,MCTN,2025-11-22T17:47:37Z,2025-11-22T17:30:00Z,ARR,goo,17.0
14,True,True,MONTRÉAL,HALIFAX,2025-11-21,23,Sackville,SACK,2025-11-22T19:32:47Z,2025-11-22T18:40:00Z,ARR,med,52.0
14,True,True,MONTRÉAL,HALIFAX,2025-11-21,24,Amherst,AMHS,2025-11-22T19:46:33Z,2025-11-22T18:55:00Z,ARR,med,51.0
14,True,True,MONTRÉAL,HALIFAX,2025-11-21,25,Springhill Jct,SPRJ,2025-11-22T20:09:34Z,2025-11-22T19:17:00Z,ARR,med,52.0
14,True,True,MONTRÉAL,HALIFAX,2025-11-21,26,Truro,TRUR,2025-11-22T21:19:00Z,2025-11-22T20:32:00Z,ARR,med,47.0
14,True,True,MONTRÉAL,HALIFAX,2025-11-21,27,Halifax,HLFX,2025-11-22T22:54:36Z,2025-11-22T22:36:00Z,ARR,goo,18.0
24,True,True,OTTAWA,QUÉBEC,2025-11-22,0,Ottawa,OTTW,2025-11-22T15:13:00Z,2025-11-22T15:13:00Z,ARR,goo,0.0
24,True,True,OTTAWA,QUÉBEC,2025-11-22,1,Alexandria,ALEX,2025-11-22T16:00:37Z,2025-11-22T16:03:00Z,ARR,goo,-2.0
24,True,True,OTTAWA,QUÉBEC,2025-11-22,2,Coteau,COTO,2025-11-22T16:29:33Z,2025-11-22T16:26:00Z,ARR,goo,3.0
24,True,True,OTTAWA,QUÉBEC,2025-11-22,3,Dorval,DORV,2025-11-22T17:05:44Z,2025-11-22T16:50:00Z,ARR,goo,15.0
24,True,True,OTTAWA,QUÉBEC,2025-11-22,4,Montréal,MTRL,2025-11-22T17:34:33Z,2025-11-22T17:15:00Z,ARR,goo,19.0
24,True,True,OTTAWA,QUÉBEC,2025-11-22,5,St. Lambert,SLAM,2025-11-22T18:16:10Z,2025-11-22T17:58:00Z,ARR,goo,18.0
24,True,True,OTTAWA,QUÉBEC,2025-11-22,6,St. Hyacinthe,SHYA,2025-11-22T18:47:05Z,2025-11-22T18:26:00Z,ARR,med,21.0
24,True,True,OTTAWA,QUÉBEC,2025-11-22,7,Drummondville,DRMV,2025-11-22T19:18:28Z,2025-11-22T18:54:00Z,ARR,med,24.0
24,True,True,OTTAWA,QUÉBEC,2025-11-22,8,Charny,CHNY,2025-11-22T21:08:24Z,2025-11-22T20:38:00Z,ARR,med,30.0
24,True,True,OTTAWA,QUÉBEC,2025-11-22,9,Ste-Foy,SFOY,2025-11-22T21:17:02Z,2025-11-22T20:45:00Z,ARR,med,32.0
24,True,True,OTTAWA,QUÉBEC,2025-11-22,10,Québec,QBEC,2025-11-22T21:47:02Z,2025-11-22T21:12:00Z,ARR,med,35.0
37,True,True,QUÉBEC,OTTAWA,2025-11-22,0,Québec,QBEC,2025-11-22T17:32:00Z,2025-11-22T17:32:00Z,ARR,goo,0.0
37,True,True,QUÉBEC,OTTAWA,2025-11-22,1,Ste-Foy,SFOY,2025-11-22T17:58:11Z,2025-11-22T17:57:00Z,ARR,goo,1.0
37,True,True,QUÉBEC,OTTAWA,2025-11-22,2,Drummondville,DRMV,2025-11-22T19:53:20Z,2025-11-22T19:44:00Z,ARR,goo,9.0
37,True,True,QUÉBEC,OTTAWA,2025-11-22,3,St. Hyacinthe,SHYA,2025-11-22T20:25:01Z,2025-11-22T20:12:00Z,ARR,goo,13.0
37,True,True,QUÉBEC,OTTAWA,2025-11-22,4,St. Lambert,SLAM,2025-11-22T20:54:43Z,2025-11-22T20:39:00Z,ARR,goo,15.0
37,True,True,QUÉBEC,OTTAWA,2025-11-22,5,Montréal,MTRL,2025-11-22T21:12:28Z,2025-11-22T20:54:00Z,ARR,goo,18.0
37,True,True,QUÉBEC,OTTAWA,2025-11-22,6,Dorval,DORV,2025-11-22T21:57:53Z,2025-11-22T21:54:00Z,ARR,goo,3.0
37,True,True,QUÉBEC,OTTAWA,2025-11-22,7,Coteau,COTO,2025-11-22T22:25:04Z,2025-11-22T22:23:00Z,ARR,goo,2.0
37,True,True,QUÉBEC,OTTAWA,2025-11-22,8,Alexandria,ALEX,2025-11-22T22:46:06Z,2025-11-22T22:45:00Z,ARR,goo,1.0
37,True,True,QUÉBEC,OTTAWA,2025-11-22,9,Ottawa,OTTW,2025-11-22T23:35:32Z,2025-11-22T23:37:00Z,ARR,goo,-1.0
41,True,True,OTTAWA,TORONTO,2025-11-22,0,Ottawa,OTTW,2025-11-22T10:21:00Z,2025-11-22T10:21:00Z,ARR,goo,0.0
41,True,True,OTTAWA,TORONTO,2025-11-22,1,Fallowfield,FALL,2025-11-22T10:37:46Z,2025-11-22T10:38:00Z,ARR,goo,0.0
41,True,True,OTTAWA,TORONTO,2025-11-22,2,Smiths Falls,SMTF,2025-11-22T11:06:52Z,2025-11-22T11:08:00Z,ARR,goo,-1.0
41,True,True,OTTAWA,TORONTO,2025-11-22,3,Brockville,BRKV,2025-11-22T11:41:13Z,2025-11-22T11:40:00Z,ARR,goo,1.0
41,True,True,OTTAWA,TORONTO,2025-11-22,4,Kingston,KGON,2025-11-22T12:28:15Z,2025-11-22T12:25:00Z,ARR,goo,3.0
41,True,True,OTTAWA,TORONTO,2025-11-22,5,Napanee,NAPN,2025-11-22T12:52:56Z,2025-11-22T12:49:00Z,ARR,goo,3.0
41,True,True,OTTAWA,TORONTO,2025-11-22,6,Belleville,BLVL,2025-11-22T13:15:31Z,2025-11-22T13:07:00Z,ARR,goo,8.0
41,True,True,OTTAWA,TORONTO,2025-11-22,7,Trenton Jct.,TRNJ,2025-11-22T13:29:28Z,2025-11-22T13:20:00Z,ARR,goo,9.0
41,True,True,OTTAWA,TORONTO,2025-11-22,8,Cobourg,CBRG,2025-11-22T13:56:48Z,2025-11-22T13:44:00Z,ARR,goo,12.0
41,True,True,OTTAWA,TORONTO,2025-11-22,9,Oshawa,OSHA,2025-11-22T14:39:40Z,2025-11-22T14:19:00Z,ARR,med,20.0
41,True,True,OTTAWA,TORONTO,2025-11-22,10,Toronto,TRTO,2025-11-22T15:26:09Z,2025-11-22T15:02:00Z,ARR,med,24.0
50,True,True,TORONTO,OTTAWA,2025-11-22,0,Toronto,TRTO,2025-11-22T11:32:09Z,2025-11-22T11:32:00Z,ARR,goo,0.0
50,True,True,TORONTO,OTTAWA,2025-11-22,1,Guildwood,GUIL,2025-11-22T11:49:52Z,2025-11-22T11:50:00Z,ARR,goo,0.0
50,True,True,TORONTO,OTTAWA,2025-11-22,2,Oshawa,OSHA,2025-11-22T12:10:44Z,2025-11-22T12:08:00Z,ARR,goo,2.0
50,True,True,TORONTO,OTTAWA,2025-11-22,3,Cobourg,CBRG,2025-11-22T12:45:22Z,2025-11-22T12:43:00Z,ARR,goo,2.0
50,True,True,TORONTO,OTTAWA,2025-11-22,4,Belleville,BLVL,2025-11-22T13:24:03Z,2025-11-22T13:18:00Z,ARR,goo,6.0
50,True,True,TORONTO,OTTAWA,2025-11-22,5,Kingston,KGON,2025-11-22T14:01:33Z,2025-11-22T13:57:00Z,ARR,goo,4.0
50,True,True,TORONTO,OTTAWA,2025-11-22,6,Brockville,BRKV,2025-11-22T15:06:36Z,2025-11-22T14:54:00Z,ARR,goo,12.0
50,True,True,TORONTO,OTTAWA,2025-11-22,7,Smiths Falls,SMTF,2025-11-22T15:32:46Z,2025-11-22T15:29:00Z,ARR,goo,3.0
50,True,True,TORONTO,OTTAWA,2025-11-22,8,Fallowfield,FALL,2025-11-22T16:10:17Z,2025-11-22T16:01:00Z,ARR,goo,9.0
50,True,True,TORONTO,OTTAWA,2025-11-22,9,Ottawa,OTTW,2025-11-22T16:30:43Z,2025-11-22T16:21:00Z,ARR,goo,9.0
52,True,True,TORONTO,OTTAWA,2025-11-22,0,Toronto,TRTO,2025-11-22T13:32:00Z,2025-11-22T13:32:00Z,ARR,goo,0.0
52,True,True,TORONTO,OTTAWA,2025-11-22,1,Guildwood,GUIL,2025-11-22T13:49:09Z,2025-11-22T13:50:00Z,ARR,goo,0.0
52,True,True,TORONTO,OTTAWA,2025-11-22,2,Oshawa,OSHA,2025-11-22T14:11:07Z,2025-11-22T14:09:00Z,ARR,goo,2.0
52,True,True,TORONTO,OTTAWA,2025-11-22,3,Cobourg,CBRG,2025-11-22T14:49:54Z,2025-11-22T14:44:00Z,ARR,goo,5.0
52,True,True,TORONTO,OTTAWA,2025-11-22,4,Belleville,BLVL,2025-11-22T15:35:28Z,2025-11-22T15:20:00Z,ARR,goo,15.0
52,True,True,TORONTO,OTTAWA,2025-11-22,5,Kingston,KGON,2025-11-22T16:14:11Z,2025-11-22T16:00:00Z,ARR,goo,14.0
52,True,True,TORONTO,OTTAWA,2025-11-22,6,Brockville,BRKV,2025-11-22T17:06:11Z,2025-11-22T16:57:00Z,ARR,goo,9.0
52,True,True,TORONTO,OTTAWA,2025-11-22,7,Smiths Falls,SMTF,2025-11-22T17:46:49Z,2025-11-22T17:35:00Z,ARR,goo,11.0
52,True,True,TORONTO,OTTAWA,2025-11-22,8,Fallowfield,FALL,2025-11-22T18:16:20Z,2025-11-22T18:11:00Z,ARR,goo,5.0
52,True,True,TORONTO,OTTAWA,2025-11-22,9,Ottawa,OTTW,2025-11-22T18:40:44Z,2025-11-22T18:32:00Z,ARR,goo,8.0
53,True,True,OTTAWA,TORONTO,2025-11-22,0,Ottawa,OTTW,2025-11-22T16:43:00Z,2025-11-22T16:43:00Z,ARR,goo,0.0
53,True,True,OTTAWA,TORONTO,2025-11-22,1,Fallowfield,FALL,2025-11-22T16:58:38Z,2025-11-22T17:00:00Z,ARR,goo,-1.0
53,True,True,OTTAWA,TORONTO,2025-11-22,2,Brockville,BRKV,2025-11-22T18:05:23Z,2025-11-22T18:01:00Z,ARR,goo,4.0
53,True,True,OTTAWA,TORONTO,2025-11-22,3,Gananoque,GANA,2025-11-22T18:47:01Z,2025-11-22T18:31:00Z,ARR,goo,16.0
53,True,True,OTTAWA,TORONTO,2025-11-22,4,Kingston,KGON,2025-11-22T19:08:45Z,2025-11-22T18:54:00Z,ARR,goo,14.0
53,True,True,OTTAWA,TORONTO,2025-11-22,5,Belleville,BLVL,2025-11-22T19:52:17Z,2025-11-22T19:36:00Z,ARR,goo,16.0
53,True,True,OTTAWA,TORONTO,2025-11-22,6,Cobourg,CBRG,2025-11-22T20:28:38Z,2025-11-22T20:12:00Z,ARR,goo,16.0
53,True,True,OTTAWA,TORONTO,2025-11-22,7,Oshawa,OSHA,2025-11-22T21:05:55Z,2025-11-22T20:48:00Z,ARR,goo,17.0
53,True,True,OTTAWA,TORONTO,2025-11-22,8,Toronto,TRTO,2025-11-22T21:56:44Z,2025-11-22T21:33:00Z,ARR,med,23.0
60,True,True,TORONTO,MONTRÉAL,2025-11-22,0,Toronto,TRTO,2025-11-22T11:32:15Z,2025-11-22T11:32:00Z,ARR,goo,0.0
60,True,True,TORONTO,MONTRÉAL,2025-11-22,1,Guildwood,GUIL,2025-11-22T11:49:36Z,2025-11-22T11:50:00Z,ARR,goo,0.0
60,True,True,TORONTO,MONTRÉAL,2025-11-22,2,Oshawa,OSHA,2025-11-22T12:10:37Z,2025-11-22T12:08:00Z,ARR,goo,2.0
60,True,True,TORONTO,MONTRÉAL,2025-11-22,3,Cobourg,CBRG,2025-11-22T12:45:07Z,2025-11-22T12:43:00Z,ARR,goo,2.0
60,True,True,TORONTO,MONTRÉAL,2025-11-22,4,Belleville,BLVL,2025-11-22T13:23:50Z,2025-11-22T13:18:00Z,ARR,goo,5.0
60,True,True,TORONTO,MONTRÉAL,2025-11-22,5,Kingston,KGON,2025-11-22T14:01:22Z,2025-11-22T13:57:00Z,ARR,goo,4.0
60,True,True,TORONTO,MONTRÉAL,2025-11-22,6,Cornwall,CWLL,2025-11-22T15:34:51Z,2025-11-22T15:38:00Z,ARR,goo,-3.0
60,True,True,TORONTO,MONTRÉAL,2025-11-22,7,Dorval,DORV,2025-11-22T16:30:32Z,2025-11-22T16:25:00Z,ARR,goo,5.0
60,True,True,TORONTO,MONTRÉAL,2025-11-22,8,Montréal,MTRL,2025-11-22T16:54:56Z,2025-11-22T16:50:00Z,ARR,goo,4.0
61,True,True,MONTRÉAL,TORONTO,2025-11-22,0,Montréal,MTRL,2025-11-22T11:45:00Z,2025-11-22T11:45:00Z,ARR,goo,0.0
61,True,True,MONTRÉAL,TORONTO,2025-11-22,1,Dorval,DORV,2025-11-22T12:07:46Z,2025-11-22T12:08:00Z,ARR,goo,0.0
61,True,True,MONTRÉAL,TORONTO,2025-11-22,2,Cornwall,CWLL,2025-11-22T13:00:32Z,2025-11-22T13:01:00Z,ARR,goo,0.0
61,True,True,MONTRÉAL,TORONTO,2025-11-22,3,Kingston,KGON,2025-11-22T14:21:26Z,2025-11-22T14:29:00Z,ARR,goo,-7.0
61,True,True,MONTRÉAL,TORONTO,2025-11-22,4,Belleville,BLVL,2025-11-22T15:08:53Z,2025-11-22T15:11:00Z,ARR,goo,-2.0
61,True,True,MONTRÉAL,TORONTO,2025-11-22,5,Oshawa,OSHA,2025-11-22T16:42:17Z,2025-11-22T16:19:00Z,ARR,med,23.0
61,True,True,MONTRÉAL,TORONTO,2025-11-22,6,Guildwood,GUIL,2025-11-22T17:16:33Z,2025-11-22T16:43:00Z,ARR,med,33.0
61,True,True,MONTRÉAL,TORONTO,2025-11-22,7,Toronto,TRTO,2025-11-22T17:34:44Z,2025-11-22T17:03:00Z,ARR,med,31.0
64,True,True,TORONTO,MONTRÉAL,2025-11-22,0,Toronto,TRTO,2025-11-22T16:42:00Z,2025-11-22T16:38:00Z,ARR,goo,4.0
64,True,True,TORONTO,MONTRÉAL,2025-11-22,1,Guildwood,GUIL,2025-11-22T16:58:29Z,2025-11-22T16:55:00Z,ARR,goo,3.0
64,True,True,TORONTO,MONTRÉAL,2025-11-22,2,Oshawa,OSHA,2025-11-22T17:17:14Z,2025-11-22T17:09:00Z,ARR,goo,8.0
64,True,True,TORONTO,MONTRÉAL,2025-11-22,3,Cobourg,CBRG,2025-11-22T17:51:56Z,2025-11-22T17:46:00Z,ARR,goo,5.0
64,True,True,TORONTO,MONTRÉAL,2025-11-22,4,Belleville,BLVL,2025-11-22T18:38:02Z,2025-11-22T18:22:00Z,ARR,goo,16.0
64,True,True,TORONTO,MONTRÉAL,2025-11-22,5,Kingston,KGON,2025-11-22T19:14:37Z,2025-11-22T19:03:00Z,ARR,goo,11.0
64,True,True,TORONTO,MONTRÉAL,2025-11-22,6,Brockville,BRKV,2025-11-22T20:03:41Z,2025-11-22T19:52:00Z,ARR,goo,11.0
64,True,True,TORONTO,MONTRÉAL,2025-11-22,7,Cornwall,CWLL,2025-11-22T20:49:53Z,2025-11-22T20:42:00Z,ARR,goo,7.0
64,True,True,TORONTO,MONTRÉAL,2025-11-22,8,Dorval,DORV,2025-11-22T21:35:46Z,2025-11-22T21:37:00Z,ARR,goo,-1.0
64,True,True,TORONTO,MONTRÉAL,2025-11-22,9,Montréal,MTRL,2025-11-22T22:01:39Z,2025-11-22T22:05:00Z,ARR,goo,-3.0
65,True,True,MONTRÉAL,TORONTO,2025-11-22,0,Montréal,MTRL,2025-11-22T15:49:00Z,2025-11-22T15:49:00Z,ARR,goo,0.0
65,True,True,MONTRÉAL,TORONTO,2025-11-22,1,Dorval,DORV,2025-11-22T16:12:27Z,2025-11-22T16:12:00Z,ARR,goo,0.0
65,True,True,MONTRÉAL,TORONTO,2025-11-22,2,Cornwall,CWLL,2025-11-22T17:20:02Z,2025-11-22T17:06:00Z,ARR,goo,14.0
65,True,True,MONTRÉAL,TORONTO,2025-11-22,3,Kingston,KGON,2025-11-22T18:49:07Z,2025-11-22T18:36:00Z,ARR,goo,13.0
65,True,True,MONTRÉAL,TORONTO,2025-11-22,4,Belleville,BLVL,2025-11-22T19:29:29Z,2025-11-22T19:20:00Z,ARR,goo,9.0
65,True,True,MONTRÉAL,TORONTO,2025-11-22,5,Cobourg,CBRG,2025-11-22T20:03:15Z,2025-11-22T19:58:00Z,ARR,goo,5.0
65,True,True,MONTRÉAL,TORONTO,2025-11-22,6,Oshawa,OSHA,2025-11-22T20:38:45Z,2025-11-22T20:34:00Z,ARR,goo,4.0
65,True,True,MONTRÉAL,TORONTO,2025-11-22,7,Toronto,TRTO,2025-11-22T21:31:28Z,2025-11-22T21:18:00Z,ARR,goo,13.0
67,True,True,MONTRÉAL,TORONTO,2025-11-22,0,Montréal,MTRL,2025-11-22T18:22:00Z,2025-11-22T18:22:00Z,ARR,goo,0.0
67,True,True,MONTRÉAL,TORONTO,2025-11-22,1,Dorval,DORV,2025-11-22T18:44:52Z,2025-11-22T18:47:00Z,ARR,goo,-2.0
67,True,True,MONTRÉAL,TORONTO,2025-11-22,2,Cornwall,CWLL,2025-11-22T19:34:58Z,2025-11-22T19:38:00Z,ARR,goo,-3.0
67,True,True,MONTRÉAL,TORONTO,2025-11-22,3,Kingston,KGON,2025-11-22T20:57:05Z,2025-11-22T21:03:00Z,ARR,goo,-5.0
67,True,True,MONTRÉAL,TORONTO,2025-11-22,4,Belleville,BLVL,2025-11-22T21:42:51Z,2025-11-22T21:42:00Z,ARR,goo,0.0
67,True,True,MONTRÉAL,TORONTO,2025-11-22,5,Cobourg,CBRG,2025-11-22T22:15:39Z,2025-11-22T22:17:00Z,ARR,goo,-1.0
67,True,True,MONTRÉAL,TORONTO,2025-11-22,6,Oshawa,OSHA,2025-11-22T23:01:36Z,2025-11-22T22:50:00Z,ARR,goo,11.0
67,True,True,MONTRÉAL,TORONTO,2025-11-22,7,Toronto,TRTO,2025-11-22T23:44:09Z,2025-11-22T23:45:00Z,ARR,goo,0.0
70,True,True,WINDSOR,TORONTO,2025-11-22,0,Windsor,WDON,2025-11-22T10:35:00Z,2025-11-22T10:35:00Z,ARR,goo,0.0
70,True,True,WINDSOR,TORONTO,2025-11-22,1,Chatham,CHAT,2025-11-22T11:19:54Z,2025-11-22T11:19:00Z,ARR,goo,0.0
70,True,True,WINDSOR,TORONTO,2025-11-22,2,London,LNDN,2025-11-22T12:32:51Z,2025-11-22T12:25:00Z,ARR,goo,7.0
70,True,True,WINDSOR,TORONTO,2025-11-22,3,Ingersoll,INGR,2025-11-22T12:56:58Z,2025-11-22T12:55:00Z,ARR,goo,1.0
70,True,True,WINDSOR,TORONTO,2025-11-22,4,Woodstock,WDST,2025-11-22T13:08:04Z,2025-11-22T13:08:00Z,ARR,goo,0.0
70,True,True,WINDSOR,TORONTO,2025-11-22,5,Brantford,BRTF,2025-11-22T13:38:59Z,2025-11-22T13:44:00Z,ARR,goo,-5.0
70,True,True,WINDSOR,TORONTO,2025-11-22,6,Aldershot,ALDR,2025-11-22T14:19:02Z,2025-11-22T14:25:00Z,ARR,goo,-5.0
70,True,True,WINDSOR,TORONTO,2025-11-22,7,Oakville,OAKV,2025-11-22T14:43:56Z,2025-11-22T14:43:00Z,ARR,goo,0.0
70,True,True,WINDSOR,TORONTO,2025-11-22,8,Toronto,TRTO,2025-11-22T15:14:17Z,2025-11-22T15:10:00Z,ARR,goo,4.0
72,True,True,WINDSOR,TORONTO,2025-11-22,0,Windsor,WDON,2025-11-22T13:43:00Z,2025-11-22T13:43:00Z,ARR,goo,0.0
72,True,True,WINDSOR,TORONTO,2025-11-22,1,Chatham,CHAT,2025-11-22T14:30:03Z,2025-11-22T14:25:00Z,ARR,goo,5.0
72,True,True,WINDSOR,TORONTO,2025-11-22,2,Glencoe,GLNC,2025-11-22T15:14:36Z,2025-11-22T15:05:00Z,ARR,goo,9.0
72,True,True,WINDSOR,TORONTO,2025-11-22,3,London,LNDN,2025-11-22T15:46:44Z,2025-11-22T15:39:00Z,ARR,goo,7.0
72,True,True,WINDSOR,TORONTO,2025-11-22,4,Ingersoll,INGR,2025-11-22T16:17:50Z,2025-11-22T16:07:00Z,ARR,goo,10.0
72,True,True,WINDSOR,TORONTO,2025-11-22,5,Woodstock,WDST,2025-11-22T16:33:13Z,2025-11-22T16:23:00Z,ARR,goo,10.0
72,True,True,WINDSOR,TORONTO,2025-11-22,6,Brantford,BRTF,2025-11-22T17:03:45Z,2025-11-22T16:55:00Z,ARR,goo,8.0
72,True,True,WINDSOR,TORONTO,2025-11-22,7,Aldershot,ALDR,2025-11-22T17:35:29Z,2025-11-22T17:29:00Z,ARR,goo,6.0
72,True,True,WINDSOR,TORONTO,2025-11-22,8,Oakville,OAKV,2025-11-22T17:56:56Z,2025-11-22T17:45:00Z,ARR,goo,11.0
72,True,True,WINDSOR,TORONTO,2025-11-22,9,Toronto,TRTO,2025-11-22T18:29:29Z,2025-11-22T18:11:00Z,ARR,goo,18.0
71,True,True,TORONTO,WINDSOR,2025-11-22,0,Toronto,TRTO,2025-11-22T11:50:00Z,2025-11-22T11:50:00Z,ARR,goo,0.0
71,True,True,TORONTO,WINDSOR,2025-11-22,1,Oakville,OAKV,2025-11-22T12:20:41Z,2025-11-22T12:13:00Z,ARR,goo,7.0
71,True,True,TORONTO,WINDSOR,2025-11-22,2,Aldershot,ALDR,2025-11-22T12:37:36Z,2025-11-22T12:29:00Z,ARR,goo,8.0
71,True,True,TORONTO,WINDSOR,2025-11-22,3,Brantford,BRTF,2025-11-22T13:10:11Z,2025-11-22T12:55:00Z,ARR,goo,15.0
71,True,True,TORONTO,WINDSOR,2025-11-22,4,Woodstock,WDST,2025-11-22T13:44:21Z,2025-11-22T13:30:00Z,ARR,goo,14.0
71,True,True,TORONTO,WINDSOR,2025-11-22,5,Ingersoll,INGR,2025-11-22T13:57:12Z,2025-11-22T13:43:00Z,ARR,goo,14.0
71,True,True,TORONTO,WINDSOR,2025-11-22,6,London,LNDN,2025-11-22T14:23:59Z,2025-11-22T14:06:00Z,ARR,goo,17.0
71,True,True,TORONTO,WINDSOR,2025-11-22,7,Glencoe,GLNC,2025-11-22T14:59:13Z,2025-11-22T14:39:00Z,ARR,med,20.0
71,True,True,TORONTO,WINDSOR,2025-11-22,8,Chatham,CHAT,2025-11-22T15:50:08Z,2025-11-22T15:18:00Z,ARR,med,32.0
71,True,True,TORONTO,WINDSOR,2025-11-22,9,Windsor,WDON,2025-11-22T16:38:59Z,2025-11-22T16:08:00Z,ARR,med,30.0
73,True,True,TORONTO,WINDSOR,2025-11-22,0,Toronto,TRTO,2025-11-22T16:30:00Z,2025-11-22T16:30:00Z,ARR,goo,0.0
73,True,True,TORONTO,WINDSOR,2025-11-22,1,Oakville,OAKV,2025-11-22T16:54:06Z,2025-11-22T16:51:00Z,ARR,goo,3.0
73,True,True,TORONTO,WINDSOR,2025-11-22,2,Aldershot,ALDR,2025-11-22T17:09:47Z,2025-11-22T17:09:00Z,ARR,goo,0.0
73,True,True,TORONTO,WINDSOR,2025-11-22,3,Brantford,BRTF,2025-11-22T17:41:56Z,2025-11-22T17:40:00Z,ARR,goo,1.0
73,True,True,TORONTO,WINDSOR,2025-11-22,4,Woodstock,WDST,2025-11-22T18:12:38Z,2025-11-22T18:09:00Z,ARR,goo,3.0
73,True,True,TORONTO,WINDSOR,2025-11-22,5,London,LNDN,2025-11-22T18:52:29Z,2025-11-22T18:38:00Z,ARR,goo,14.0
73,True,True,TORONTO,WINDSOR,2025-11-22,6,Chatham,CHAT,2025-11-22T20:15:11Z,2025-11-22T19:50:00Z,ARR,med,25.0
73,True,True,TORONTO,WINDSOR,2025-11-22,7,Windsor,WDON,2025-11-22T20:59:46Z,2025-11-22T20:45:00Z,ARR,goo,14.0
76,True,True,WINDSOR,TORONTO,2025-11-22,0,Windsor,WDON,2025-11-22T18:06:00Z,2025-11-22T18:06:00Z,ARR,goo,0.0
76,True,True,WINDSOR,TORONTO,2025-11-22,1,Chatham,CHAT,2025-11-22T18:50:17Z,2025-11-22T18:48:00Z,ARR,goo,2.0
76,True,True,WINDSOR,TORONTO,2025-11-22,2,Glencoe,GLNC,2025-11-22T19:37:44Z,2025-11-22T19:23:00Z,ARR,goo,14.0
76,True,True,WINDSOR,TORONTO,2025-11-22,3,London,LNDN,2025-11-22T20:09:17Z,2025-11-22T19:58:00Z,ARR,goo,11.0
76,True,True,WINDSOR,TORONTO,2025-11-22,4,Brantford,BRTF,2025-11-22T21:15:32Z,2025-11-22T20:59:00Z,ARR,goo,16.0
76,True,True,WINDSOR,TORONTO,2025-11-22,5,Aldershot,ALDR,2025-11-22T21:47:34Z,2025-11-22T21:30:00Z,ARR,goo,17.0
76,True,True,WINDSOR,TORONTO,2025-11-22,6,Oakville,OAKV,2025-11-22T22:05:19Z,2025-11-22T21:47:00Z,ARR,goo,18.0
76,True,True,WINDSOR,TORONTO,2025-11-22,7,Toronto,TRTO,2025-11-22T22:39:19Z,2025-11-22T22:13:00Z,ARR,med,26.0
82,True,True,LONDON,TORONTO,2025-11-22,0,London,LNDN,2025-11-22T11:25:00Z,2025-11-22T11:25:00Z,ARR,goo,0.0
82,True,True,LONDON,TORONTO,2025-11-22,1,Woodstock,WDST,2025-11-22T11:58:15Z,2025-11-22T11:53:00Z,ARR,goo,5.0
82,True,True,LONDON,TORONTO,2025-11-22,2,Brantford,BRTF,2025-11-22T12:28:41Z,2025-11-22T12:23:00Z,ARR,goo,5.0
82,True,True,LONDON,TORONTO,2025-11-22,3,Toronto,TRTO,2025-11-22T13:32:53Z,2025-11-22T13:35:00Z,ARR,goo,-2.0
84,True,True,SARNIA,TORONTO,2025-11-22,0,Sarnia,SARN,2025-11-22T13:40:00Z,2025-11-22T13:40:00Z,ARR,goo,0.0
84,True,True,SARNIA,TORONTO,2025-11-22,1,Wyoming,WYOM,2025-11-22T14:05:52Z,2025-11-22T13:55:00Z,ARR,goo,10.0
84,True,True,SARNIA,TORONTO,2025-11-22,2,Strathroy,STRR,2025-11-22T14:51:48Z,2025-11-22T14:27:00Z,ARR,med,24.0
84,True,True,SARNIA,TORONTO,2025-11-22,3,London,LNDN,2025-11-22T15:17:55Z,2025-11-22T14:52:00Z,ARR,med,25.0
84,True,True,SARNIA,TORONTO,2025-11-22,4,St.Marys,SMYS,2025-11-22T16:23:10Z,2025-11-22T15:45:00Z,ARR,med,38.0
84,True,True,SARNIA,TORONTO,2025-11-22,5,Stratford,STRF,2025-11-22T16:53:27Z,2025-11-22T16:14:00Z,ARR,med,39.0
84,True,True,SARNIA,TORONTO,2025-11-22,6,Kitchener,KITC,2025-11-22T17:42:06Z,2025-11-22T17:02:00Z,ARR,med,40.0
84,True,True,SARNIA,TORONTO,2025-11-22,7,Guelph,GUEL,2025-11-22T18:02:31Z,2025-11-22T17:24:00Z,ARR,med,38.0
84,True,True,SARNIA,TORONTO,2025-11-22,8,Georgetown,GEOR,2025-11-22T18:30:10Z,2025-11-22T17:47:00Z,ARR,med,43.0
84,True,True,SARNIA,TORONTO,2025-11-22,9,Brampton,BRMP,2025-11-22T18:43:28Z,2025-11-22T17:59:00Z,ARR,med,44.0
84,True,True,SARNIA,TORONTO,2025-11-22,10,Malton,MALT,2025-11-22T18:56:40Z,2025-11-22T18:11:00Z,ARR,med,45.0
84,True,True,SARNIA,TORONTO,2025-11-22,11,Toronto,TRTO,2025-11-22T19:13:00Z,2025-11-22T18:38:00Z,ARR,med,35.0
644,True,True,TORONTO,OTTAWA,2025-11-22,0,Toronto,TRTO,2025-11-22T20:23:00Z,2025-11-22T18:23:00Z,ARR,bad,120.0
644,True,True,TORONTO,OTTAWA,2025-11-22,1,Oshawa,OSHA,2025-11-22T20:53:00Z,2025-11-22T18:53:00Z,ARR,bad,120.0
644,True,True,TORONTO,OTTAWA,2025-11-22,2,Cobourg,CBRG,2025-11-22T21:28:00Z,2025-11-22T19:28:00Z,ARR,bad,120.0
644,True,True,TORONTO,OTTAWA,2025-11-22,3,Belleville,BLVL,2025-11-22T22:03:00Z,2025-11-22T20:03:00Z,ARR,bad,120.0
644,True,True,TORONTO,OTTAWA,2025-11-22,4,Kingston,KGON,2025-11-22T22:43:00Z,2025-11-22T20:43:00Z,ARR,bad,120.0
644,True,True,TORONTO,OTTAWA,2025-11-22,5,Fallowfield,FALL,2025-11-23T00:30:00Z,2025-11-22T22:30:00Z,ARR,bad,120.0
644,True,True,TORONTO,OTTAWA,2025-11-22,6,Ottawa,OTTW,2025-11-23T00:53:00Z,2025-11-22T22:53:00Z,ARR,bad,120.0
97,True,True,TORONTO,NIAGARA FALLS,2025-11-22,0,Toronto,TRTO,2025-11-22T13:20:00Z,2025-11-22T13:20:00Z,ARR,goo,0.0
97,True,True,TORONTO,NIAGARA FALLS,2025-11-22,1,Oakville,OAKV,2025-11-22T13:43:00Z,2025-11-22T13:43:00Z,ARR,goo,0.0
97,True,True,TORONTO,NIAGARA FALLS,2025-11-22,2,Aldershot,ALDR,2025-11-22T13:56:00Z,2025-11-22T13:56:00Z,ARR,goo,0.0
97,True,True,TORONTO,NIAGARA FALLS,2025-11-22,3,Grimsby,GRIM,2025-11-22T14:37:00Z,2025-11-22T14:37:00Z,ARR,goo,0.0
97,True,True,TORONTO,NIAGARA FALLS,2025-11-22,4,St. Catharines,SCAT,2025-11-22T14:57:00Z,2025-11-22T14:57:00Z,ARR,goo,0.0
97,True,True,TORONTO,NIAGARA FALLS,2025-11-22,5,Niagara Falls,NIAG,2025-11-22T15:20:00Z,2025-11-22T15:20:00Z,ARR,goo,0.0
643,True,True,OTTAWA,TORONTO,2025-11-22,0,Ottawa,OTTW,2025-11-22T13:41:55Z,2025-11-22T13:29:00Z,ARR,goo,12.0
643,True,True,OTTAWA,TORONTO,2025-11-22,1,Fallowfield,FALL,2025-11-22T14:10:08Z,2025-11-22T13:45:00Z,ARR,med,25.0
643,True,True,OTTAWA,TORONTO,2025-11-22,2,Smiths Falls,SMTF,2025-11-22T14:44:14Z,2025-11-22T14:17:00Z,ARR,med,27.0
643,True,True,OTTAWA,TORONTO,2025-11-22,3,Brockville,BRKV,2025-11-22T15:29:21Z,2025-11-22T14:49:00Z,ARR,med,40.0
643,True,True,OTTAWA,TORONTO,2025-11-22,4,Kingston,KGON,2025-11-22T16:11:31Z,2025-11-22T15:32:00Z,ARR,med,39.0
643,True,True,OTTAWA,TORONTO,2025-11-22,5,Napanee,NAPN,2025-11-22T16:53:56Z,2025-11-22T15:57:00Z,ARR,med,56.0
643,True,True,OTTAWA,TORONTO,2025-11-22,6,Belleville,BLVL,2025-11-22T17:12:59Z,2025-11-22T16:17:00Z,ARR,med,55.0
643,True,True,OTTAWA,TORONTO,2025-11-22,7,Trenton Jct.,TRNJ,2025-11-22T17:27:27Z,2025-11-22T16:31:00Z,ARR,med,56.0
643,True,True,OTTAWA,TORONTO,2025-11-22,8,Cobourg,CBRG,2025-11-22T17:53:04Z,2025-11-22T16:57:00Z,ARR,med,56.0
643,True,True,OTTAWA,TORONTO,2025-11-22,9,Port Hope,PHOP,2025-11-22T18:03:52Z,2025-11-22T17:07:00Z,ARR,med,56.0
643,True,True,OTTAWA,TORONTO,2025-11-22,10,Oshawa,OSHA,2025-11-22T18:29:51Z,2025-11-22T17:35:00Z,ARR,med,54.0
643,True,True,OTTAWA,TORONTO,2025-11-22,11,Guildwood,GUIL,2025-11-22T18:51:56Z,2025-11-22T17:58:00Z,ARR,med,53.0
643,True,True,OTTAWA,TORONTO,2025-11-22,12,Toronto,TRTO,2025-11-22T19:16:15Z,2025-11-22T18:18:00Z,ARR,med,58.0
62,True,True,TORONTO,MONTRÉAL,2025-11-22,0,Toronto,TRTO,2025-11-22T13:32:00Z,2025-11-22T13:32:00Z,ARR,goo,0.0
62,True,True,TORONTO,MONTRÉAL,2025-11-22,1,Guildwood,GUIL,2025-11-22T13:49:02Z,2025-11-22T13:50:00Z,ARR,goo,0.0
62,True,True,TORONTO,MONTRÉAL,2025-11-22,2,Oshawa,OSHA,2025-11-22T14:11:04Z,2025-11-22T14:09:00Z,ARR,goo,2.0
62,True,True,TORONTO,MONTRÉAL,2025-11-22,3,Cobourg,CBRG,2025-11-22T14:49:51Z,2025-11-22T14:44:00Z,ARR,goo,5.0
62,True,True,TORONTO,MONTRÉAL,2025-11-22,4,Belleville,BLVL,2025-11-22T15:35:20Z,2025-11-22T15:20:00Z,ARR,goo,15.0
62,True,True,TORONTO,MONTRÉAL,2025-11-22,5,Kingston,KGON,2025-11-22T16:14:08Z,2025-11-22T16:00:00Z,ARR,goo,14.0
62,True,True,TORONTO,MONTRÉAL,2025-11-22,6,Cornwall,CWLL,2025-11-22T17:54:25Z,2025-11-22T17:43:00Z,ARR,goo,11.0
62,True,True,TORONTO,MONTRÉAL,2025-11-22,7,Dorval,DORV,2025-11-22T18:45:40Z,2025-11-22T18:34:00Z,ARR,goo,11.0
62,True,True,TORONTO,MONTRÉAL,2025-11-22,8,Montréal,MTRL,2025-11-22T19:09:34Z,2025-11-22T19:00:00Z,ARR,goo,9.0
633,True,True,MONTRÉAL,OTTAWA,2025-11-22,0,Montréal,MTRL,2025-11-22T14:00:00Z,2025-11-22T14:00:00Z,ARR,goo,0.0
633,True,True,MONTRÉAL,OTTAWA,2025-11-22,1,Dorval,DORV,2025-11-22T14:22:14Z,2025-11-22T14:24:00Z,ARR,goo,-1.0
633,True,True,MONTRÉAL,OTTAWA,2025-11-22,2,Alexandria,ALEX,2025-11-22T15:14:36Z,2025-11-22T15:11:00Z,ARR,goo,3.0
633,True,True,MONTRÉAL,OTTAWA,2025-11-22,3,Casselman,CSLM,2025-11-22T15:42:24Z,2025-11-22T15:34:00Z,ARR,goo,8.0
633,True,True,MONTRÉAL,OTTAWA,2025-11-22,4,Ottawa,OTTW,2025-11-22T16:07:31Z,2025-11-22T16:05:00Z,ARR,goo,2.0
622,True,True,MONTRÉAL,QUÉBEC,2025-11-22,0,Montréal,MTRL,2025-11-22T13:20:00Z,2025-11-22T13:20:00Z,ARR,goo,0.0
622,True,True,MONTRÉAL,QUÉBEC,2025-11-22,1,St. Lambert,SLAM,2025-11-22T13:39:12Z,2025-11-22T13:33:00Z,ARR,goo,6.0
622,True,True,MONTRÉAL,QUÉBEC,2025-11-22,2,St. Hyacinthe,SHYA,2025-11-22T14:10:40Z,2025-11-22T14:00:00Z,ARR,goo,10.0
622,True,True,MONTRÉAL,QUÉBEC,2025-11-22,3,Drummondville,DRMV,2025-11-22T14:46:38Z,2025-11-22T14:29:00Z,ARR,goo,17.0
622,True,True,MONTRÉAL,QUÉBEC,2025-11-22,4,Ste-Foy,SFOY,2025-11-22T16:18:23Z,2025-11-22T16:11:00Z,ARR,goo,7.0
622,True,True,MONTRÉAL,QUÉBEC,2025-11-22,5,Québec,QBEC,2025-11-22T16:46:31Z,2025-11-22T16:39:00Z,ARR,goo,7.0
45,True,True,OTTAWA,TORONTO,2025-11-22,0,Ottawa,OTTW,2025-11-22T15:26:51Z,2025-11-22T15:24:00Z,ARR,goo,2.0
45,True,True,OTTAWA,TORONTO,2025-11-22,1,Fallowfield,FALL,2025-11-22T15:43:08Z,2025-11-22T15:40:00Z,ARR,goo,3.0
45,True,True,OTTAWA,TORONTO,2025-11-22,2,Kingston,KGON,2025-11-22T17:20:00Z,2025-11-22T17:26:00Z,ARR,goo,-6.0
45,True,True,OTTAWA,TORONTO,2025-11-22,3,Toronto,TRTO,2025-11-22T19:43:01Z,2025-11-22T19:48:00Z,ARR,goo,-4.0
185,True,True,SUDBURY,WHITE RIVER,2025-11-22,0,Sudbury,SUDB,2025-11-22T14:00:00Z,2025-11-22T14:00:00Z,ARR,goo,0.0
185,True,True,SUDBURY,WHITE RIVER,2025-11-22,1,Azilda,AZIL,2025-11-22T14:15:42Z,2025-11-22T14:10:00Z,ARR,goo,5.0
185,True,True,SUDBURY,WHITE RIVER,2025-11-22,2,Chelmsford,CHEL,2025-11-22T14:18:34Z,2025-11-22T14:15:00Z,ARR,goo,3.0
185,True,True,SUDBURY,WHITE RIVER,2025-11-22,3,Larchwood,LARC,2025-11-22T14:25:29Z,2025-11-22T14:19:00Z,ARR,goo,6.0
185,True,True,SUDBURY,WHITE RIVER,2025-11-22,4,Levack,LEVA,2025-11-22T14:35:41Z,2025-11-22T14:30:00Z,ARR,goo,5.0
185,True,True,SUDBURY,WHITE RIVER,2025-11-22,5,Cartier,CART,2025-11-22T14:48:03Z,2025-11-22T14:45:00Z,ARR,goo,3.0
185,True,True,SUDBURY,WHITE RIVER,2025-11-22,6,Benny,BENN,2025-11-22T15:01:22Z,2025-11-22T15:05:00Z,ARR,goo,-3.0
185,True,True,SUDBURY,WHITE RIVER,2025-11-22,7,Stralak,STRL,2025-11-22T15:06:05Z,2025-11-22T15:12:00Z,ARR,goo,-5.0
185,True,True,SUDBURY,WHITE RIVER,2025-11-22,8,Pogamasing,POGA,2025-11-22T15:17:25Z,2025-11-22T15:25:00Z,ARR,goo,-7.0
185,True,True,SUDBURY,WHITE RIVER,2025-11-22,9,Sheahan,SHEA,2025-11-22T15:23:44Z,2025-11-22T15:30:00Z,ARR,goo,-6.0
185,True,True,SUDBURY,WHITE RIVER,2025-11-22,10,Forks,FRKS,2025-11-22T15:34:41Z,2025-11-22T15:40:00Z,ARR,goo,-5.0
185,True,True,SUDBURY,WHITE RIVER,2025-11-22,11,Metagama,MTGM,2025-11-22T15:50:00Z,2025-11-22T15:50:00Z,ARR,goo,0.0
185,True,True,SUDBURY,WHITE RIVER,2025-11-22,12,Sinker,SNKR,2025-11-22T15:55:00Z,2025-11-22T15:55:00Z,ARR,goo,0.0
185,True,True,SUDBURY,WHITE RIVER,2025-11-22,13,Biscotasing,BISC,2025-11-22T16:20:00Z,2025-11-22T16:20:00Z,ARR,goo,0.0
185,True,True,SUDBURY,WHITE RIVER,2025-11-22,14,Roberts,RBRT,2025-11-22T16:30:00Z,2025-11-22T16:30:00Z,ARR,goo,0.0
185,True,True,SUDBURY,WHITE RIVER,2025-11-22,15,Ramsey,RAMS,2025-11-22T16:45:00Z,2025-11-22T16:45:00Z,ARR,goo,0.0
185,True,True,SUDBURY,WHITE RIVER,2025-11-22,16,Woman River,WOMR,2025-11-22T17:05:00Z,2025-11-22T17:05:00Z,ARR,goo,0.0
185,True,True,SUDBURY,WHITE RIVER,2025-11-22,17,Sultan,SULT,2025-11-22T17:20:00Z,2025-11-22T17:20:00Z,ARR,goo,0.0
185,True,True,SUDBURY,WHITE RIVER,2025-11-22,18,Kormak,KORM,2025-11-22T17:35:00Z,2025-11-22T17:35:00Z,ARR,goo,0.0
185,True,True,SUDBURY,WHITE RIVER,2025-11-22,19,Kinogama,KINO,2025-11-22T17:40:00Z,2025-11-22T17:40:00Z,ARR,goo,0.0
185,True,True,SUDBURY,WHITE RIVER,2025-11-22,20,Nemegos,NEME,2025-11-22T17:55:00Z,2025-11-22T17:55:00Z,ARR,goo,0.0
185,True,True,SUDBURY,WHITE RIVER,2025-11-22,21,Devon,DEVN,2025-11-22T17:52:13Z,2025-11-22T18:05:00Z,ARR,goo,-12.0
185,True,True,SUDBURY,WHITE RIVER,2025-11-22,22,Chapleau,CHAP,2025-11-22T18:15:32Z,2025-11-22T18:20:00Z,ARR,goo,-4.0
185,True,True,SUDBURY,WHITE RIVER,2025-11-22,23,Esher,ESHR,2025-11-22T18:38:47Z,2025-11-22T18:50:00Z,ARR,goo,-11.0
185,True,True,SUDBURY,WHITE RIVER,2025-11-22,24,Musk,MUSK,2025-11-22T18:49:28Z,2025-11-22T19:00:00Z,ARR,goo,-10.0
185,True,True,SUDBURY,WHITE RIVER,2025-11-22,25,Nicholson,NICH,2025-11-22T18:55:20Z,2025-11-22T19:10:00Z,ARR,goo,-14.0
185,True,True,SUDBURY,WHITE RIVER,2025-11-22,26,Bolkow,BOLK,2025-11-22T19:13:00Z,2025-11-22T19:30:00Z,ARR,goo,-17.0
185,True,True,SUDBURY,WHITE RIVER,2025-11-22,27,Dalton,DALT,2025-11-22T19:45:00Z,2025-11-22T19:45:00Z,ARR,goo,0.0
185,True,True,SUDBURY,WHITE RIVER,2025-11-22,28,Missanabie,MSBI,2025-11-22T20:10:00Z,2025-11-22T20:10:00Z,ARR,goo,0.0
185,True,True,SUDBURY,WHITE RIVER,2025-11-22,29,Lochalsh,LOCH,2025-11-22T20:00:41Z,2025-11-22T20:30:00Z,ARR,goo,-29.0
185,True,True,SUDBURY,WHITE RIVER,2025-11-22,30,Franz,FRNZ,2025-11-22T20:18:08Z,2025-11-22T20:50:00Z,ARR,goo,-31.0
185,True,True,SUDBURY,WHITE RIVER,2025-11-22,31,Swanson,SWAN,2025-11-22T20:44:26Z,2025-11-22T21:00:00Z,ARR,goo,-15.0
185,True,True,SUDBURY,WHITE RIVER,2025-11-22,32,Girdwood,GIRD,2025-11-22T21:04:53Z,2025-11-22T21:25:00Z,ARR,goo,-20.0
185,True,True,SUDBURY,WHITE RIVER,2025-11-22,33,Amyot,AMYO,2025-11-22T21:14:49Z,2025-11-22T21:35:00Z,ARR,goo,-20.0
185,True,True,SUDBURY,WHITE RIVER,2025-11-22,34,O'Brien,OBRI,2025-11-22T21:30:47Z,2025-11-22T21:50:00Z,ARR,goo,-19.0
185,True,True,SUDBURY,WHITE RIVER,2025-11-22,35,White River,WHTR,2025-11-22T21:49:01Z,2025-11-22T22:05:00Z,ARR,goo,-15.0
637,True,True,QUÉBEC,OTTAWA,2025-11-22,0,Québec,QBEC,2025-11-22T15:00:00Z,2025-11-22T15:00:00Z,ARR,goo,0.0
637,True,True,QUÉBEC,OTTAWA,2025-11-22,1,Ste-Foy,SFOY,2025-11-22T15:25:54Z,2025-11-22T15:25:00Z,ARR,goo,0.0
637,True,True,QUÉBEC,OTTAWA,2025-11-22,2,Drummondville,DRMV,2025-11-22T17:11:17Z,2025-11-22T17:08:00Z,ARR,goo,3.0
637,True,True,QUÉBEC,OTTAWA,2025-11-22,3,St. Lambert,SLAM,2025-11-22T18:08:57Z,2025-11-22T18:16:00Z,ARR,goo,-7.0
637,True,True,QUÉBEC,OTTAWA,2025-11-22,4,Montréal,MTRL,2025-11-22T18:30:03Z,2025-11-22T18:31:00Z,ARR,goo,0.0
637,True,True,QUÉBEC,OTTAWA,2025-11-22,5,Dorval,DORV,2025-11-22T19:21:19Z,2025-11-22T19:20:00Z,ARR,goo,1.0
637,True,True,QUÉBEC,OTTAWA,2025-11-22,6,Alexandria,ALEX,2025-11-22T20:21:06Z,2025-11-22T20:10:00Z,ARR,goo,11.0
637,True,True,QUÉBEC,OTTAWA,2025-11-22,7,Ottawa,OTTW,2025-11-22T21:04:33Z,2025-11-22T20:56:00Z,ARR,goo,8.0
624,True,True,OTTAWA,QUÉBEC,2025-11-22,0,Ottawa,OTTW,2025-11-22T12:45:00Z,2025-11-22T12:45:00Z,ARR,goo,0.0
624,True,True,OTTAWA,QUÉBEC,2025-11-22,1,Alexandria,ALEX,2025-11-22T13:26:15Z,2025-11-22T13:31:00Z,ARR,goo,-4.0
624,True,True,OTTAWA,QUÉBEC,2025-11-22,2,Dorval,DORV,2025-11-22T14:18:15Z,2025-11-22T14:16:00Z,ARR,goo,2.0
624,True,True,OTTAWA,QUÉBEC,2025-11-22,3,Montréal,MTRL,2025-11-22T14:41:22Z,2025-11-22T14:39:00Z,ARR,goo,2.0
624,True,True,OTTAWA,QUÉBEC,2025-11-22,4,St. Lambert,SLAM,2025-11-22T15:33:45Z,2025-11-22T15:28:00Z,ARR,goo,5.0
624,True,True,OTTAWA,QUÉBEC,2025-11-22,5,St. Hyacinthe,SHYA,2025-11-22T16:03:47Z,2025-11-22T16:06:00Z,ARR,goo,-2.0
624,True,True,OTTAWA,QUÉBEC,2025-11-22,6,Drummondville,DRMV,2025-11-22T16:34:55Z,2025-11-22T16:34:00Z,ARR,goo,0.0
624,True,True,OTTAWA,QUÉBEC,2025-11-22,7,Charny,CHNY,2025-11-22T18:23:25Z,2025-11-22T18:13:00Z,ARR,goo,10.0
624,True,True,OTTAWA,QUÉBEC,2025-11-22,8,Ste-Foy,SFOY,2025-11-22T18:31:43Z,2025-11-22T18:20:00Z,ARR,goo,11.0
624,True,True,OTTAWA,QUÉBEC,2025-11-22,9,Québec,QBEC,2025-11-22T19:01:05Z,2025-11-22T18:48:00Z,ARR,goo,13.0
47,True,True,OTTAWA,TORONTO,2025-11-22,0,Ottawa,OTTW,2025-11-22T17:23:00Z,2025-11-22T17:23:00Z,ARR,goo,0.0
47,True,True,OTTAWA,TORONTO,2025-11-22,1,Fallowfield,FALL,2025-11-22T17:38:56Z,2025-11-22T17:40:00Z,ARR,goo,-1.0
47,True,True,OTTAWA,TORONTO,2025-11-22,2,Smiths Falls,SMTF,2025-11-22T18:09:38Z,2025-11-22T18:18:00Z,ARR,goo,-8.0
47,True,True,OTTAWA,TORONTO,2025-11-22,3,Brockville,BRKV,2025-11-22T18:41:25Z,2025-11-22T18:54:00Z,ARR,goo,-12.0
47,True,True,OTTAWA,TORONTO,2025-11-22,4,Gananoque,GANA,2025-11-22T19:20:37Z,2025-11-22T19:22:00Z,ARR,goo,-1.0
47,True,True,OTTAWA,TORONTO,2025-11-22,5,Kingston,KGON,2025-11-22T19:42:03Z,2025-11-22T19:45:00Z,ARR,goo,-2.0
47,True,True,OTTAWA,TORONTO,2025-11-22,6,Belleville,BLVL,2025-11-22T20:29:03Z,2025-11-22T20:26:00Z,ARR,goo,3.0
47,True,True,OTTAWA,TORONTO,2025-11-22,7,Oshawa,OSHA,2025-11-22T21:37:34Z,2025-11-22T21:33:00Z,ARR,goo,4.0
47,True,True,OTTAWA,TORONTO,2025-11-22,8,Guildwood,GUIL,2025-11-22T21:57:48Z,2025-11-22T21:58:00Z,ARR,goo,0.0
47,True,True,OTTAWA,TORONTO,2025-11-22,9,Toronto,TRTO,2025-11-22T22:21:27Z,2025-11-22T22:30:00Z,ARR,goo,-8.0
40,True,True,TORONTO,OTTAWA,2025-11-22,0,Toronto,TRTO,2025-11-22T15:38:00Z,2025-11-22T15:38:00Z,ARR,goo,0.0
40,True,True,TORONTO,OTTAWA,2025-11-22,1,Belleville,BLVL,2025-11-22T17:40:33Z,2025-11-22T17:09:00Z,ARR,med,31.0
40,True,True,TORONTO,OTTAWA,2025-11-22,2,Kingston,KGON,2025-11-22T18:19:32Z,2025-11-22T17:48:00Z,ARR,med,31.0
40,True,True,TORONTO,OTTAWA,2025-11-22,3,Fallowfield,FALL,2025-11-22T20:01:53Z,2025-11-22T19:38:00Z,ARR,med,23.0
40,True,True,TORONTO,OTTAWA,2025-11-22,4,Ottawa,OTTW,2025-11-22T20:21:46Z,2025-11-22T20:02:00Z,ARR,goo,19.0
35,True,True,QUÉBEC,OTTAWA,2025-11-22,0,Québec,QBEC,2025-11-22T13:06:00Z,2025-11-22T13:06:00Z,ARR,goo,0.0
35,True,True,QUÉBEC,OTTAWA,2025-11-22,1,Ste-Foy,SFOY,2025-11-22T13:32:06Z,2025-11-22T13:31:00Z,ARR,goo,1.0
35,True,True,QUÉBEC,OTTAWA,2025-11-22,2,Charny,CHNY,2025-11-22T13:42:59Z,2025-11-22T13:40:00Z,ARR,goo,2.0
35,True,True,QUÉBEC,OTTAWA,2025-11-22,3,Drummondville,DRMV,2025-11-22T15:07:04Z,2025-11-22T15:14:00Z,ARR,goo,-6.0
35,True,True,QUÉBEC,OTTAWA,2025-11-22,4,St. Hyacinthe,SHYA,2025-11-22T15:43:15Z,2025-11-22T15:44:00Z,ARR,goo,0.0
35,True,True,QUÉBEC,OTTAWA,2025-11-22,5,St. Lambert,SLAM,2025-11-22T16:12:56Z,2025-11-22T16:11:00Z,ARR,goo,1.0
35,True,True,QUÉBEC,OTTAWA,2025-11-22,6,Montréal,MTRL,2025-11-22T16:30:33Z,2025-11-22T16:26:00Z,ARR,goo,4.0
35,True,True,QUÉBEC,OTTAWA,2025-11-22,7,Dorval,DORV,2025-11-22T17:29:24Z,2025-11-22T17:18:00Z,ARR,goo,11.0
35,True,True,QUÉBEC,OTTAWA,2025-11-22,8,Coteau,COTO,2025-11-22T17:54:50Z,2025-11-22T17:46:00Z,ARR,goo,8.0
35,True,True,QUÉBEC,OTTAWA,2025-11-22,9,Alexandria,ALEX,2025-11-22T18:23:55Z,2025-11-22T18:08:00Z,ARR,goo,15.0
35,True,True,QUÉBEC,OTTAWA,2025-11-22,10,Casselman,CSLM,2025-11-22T18:45:11Z,2025-11-22T18:31:00Z,ARR,goo,14.0
35,True,True,QUÉBEC,OTTAWA,2025-11-22,11,Ottawa,OTTW,2025-11-22T19:11:21Z,2025-11-22T18:58:00Z,ARR,goo,13.0
63,True,True,MONTRÉAL,TORONTO,2025-11-22,0,Montréal,MTRL,2025-11-22T13:46:00Z,2025-11-22T13:46:00Z,ARR,goo,0.0
63,True,True,MONTRÉAL,TORONTO,2025-11-22,1,Dorval,DORV,2025-11-22T14:09:58Z,2025-11-22T14:11:00Z,ARR,goo,-1.0
63,True,True,MONTRÉAL,TORONTO,2025-11-22,2,Cornwall,CWLL,2025-11-22T15:04:14Z,2025-11-22T15:04:00Z,ARR,goo,0.0
63,True,True,MONTRÉAL,TORONTO,2025-11-22,3,Brockville,BRKV,2025-11-22T15:50:33Z,2025-11-22T15:54:00Z,ARR,goo,-3.0
63,True,True,MONTRÉAL,TORONTO,2025-11-22,4,Kingston,KGON,2025-11-22T16:39:32Z,2025-11-22T16:39:00Z,ARR,goo,0.0
63,True,True,MONTRÉAL,TORONTO,2025-11-22,5,Belleville,BLVL,2025-11-22T17:22:50Z,2025-11-22T17:20:00Z,ARR,goo,2.0
63,True,True,MONTRÉAL,TORONTO,2025-11-22,6,Cobourg,CBRG,2025-11-22T18:03:00Z,2025-11-22T17:58:00Z,ARR,goo,5.0
63,True,True,MONTRÉAL,TORONTO,2025-11-22,7,Oshawa,OSHA,2025-11-22T18:39:45Z,2025-11-22T18:34:00Z,ARR,goo,5.0
63,True,True,MONTRÉAL,TORONTO,2025-11-22,8,Guildwood,GUIL,2025-11-22T18:59:55Z,2025-11-22T18:58:00Z,ARR,goo,1.0
63,True,True,MONTRÉAL,TORONTO,2025-11-22,9,Toronto,TRTO,2025-11-22T19:26:40Z,2025-11-22T19:18:00Z,ARR,goo,8.0
26,True,True,OTTAWA,QUÉBEC,2025-11-22,0,Ottawa,OTTW,2025-11-22T19:17:00Z,2025-11-22T19:17:00Z,ARR,goo,0.0
26,True,True,OTTAWA,QUÉBEC,2025-11-22,1,Alexandria,ALEX,2025-11-22T20:03:31Z,2025-11-22T20:03:00Z,ARR,goo,0.0
26,True,True,OTTAWA,QUÉBEC,2025-11-22,2,Coteau,COTO,2025-11-22T20:25:06Z,2025-11-22T20:26:00Z,ARR,goo,0.0
26,True,True,OTTAWA,QUÉBEC,2025-11-22,3,Dorval,DORV,2025-11-22T20:48:28Z,2025-11-22T20:49:00Z,ARR,goo,0.0
26,True,True,OTTAWA,QUÉBEC,2025-11-22,4,Montréal,MTRL,2025-11-22T21:17:23Z,2025-11-22T21:15:00Z,ARR,goo,2.0
26,True,True,OTTAWA,QUÉBEC,2025-11-22,5,St. Lambert,SLAM,2025-11-22T21:59:19Z,2025-11-22T21:53:00Z,ARR,goo,6.0
26,True,True,OTTAWA,QUÉBEC,2025-11-22,6,St. Hyacinthe,SHYA,2025-11-22T22:26:55Z,2025-11-22T22:20:00Z,ARR,goo,6.0
26,True,True,OTTAWA,QUÉBEC,2025-11-22,7,Drummondville,DRMV,2025-11-22T23:04:42Z,2025-11-22T23:05:00Z,ARR,goo,0.0
26,True,True,OTTAWA,QUÉBEC,2025-11-22,8,Charny,CHNY,2025-11-23T00:29:36Z,2025-11-23T00:44:00Z,ARR,goo,-14.0
26,True,True,OTTAWA,QUÉBEC,2025-11-22,9,Ste-Foy,SFOY,2025-11-23T00:38:35Z,2025-11-23T00:52:00Z,ARR,goo,-13.0
26,True,True,OTTAWA,QUÉBEC,2025-11-22,10,Québec,QBEC,2025-11-23T01:07:07Z,2025-11-23T01:19:00Z,ARR,goo,-11.0
39,True,True,QUÉBEC,OTTAWA,2025-11-22,0,Québec,QBEC,2025-11-22T19:57:00Z,2025-11-22T19:57:00Z,ARR,goo,0.0
39,True,True,QUÉBEC,OTTAWA,2025-11-22,1,Ste-Foy,SFOY,2025-11-22T20:22:30Z,2025-11-22T20:22:00Z,ARR,goo,0.0
39,True,True,QUÉBEC,OTTAWA,2025-11-22,2,Drummondville,DRMV,2025-11-22T22:07:14Z,2025-11-22T21:58:00Z,ARR,goo,9.0
39,True,True,QUÉBEC,OTTAWA,2025-11-22,3,St. Lambert,SLAM,2025-11-22T23:15:42Z,2025-11-22T22:57:00Z,ARR,goo,18.0
39,True,True,QUÉBEC,OTTAWA,2025-11-22,4,Montréal,MTRL,2025-11-22T23:32:56Z,2025-11-22T23:11:00Z,ARR,med,21.0
39,True,True,QUÉBEC,OTTAWA,2025-11-22,5,Dorval,DORV,2025-11-23T00:17:33Z,2025-11-23T00:14:00Z,ARR,goo,3.0
39,True,True,QUÉBEC,OTTAWA,2025-11-22,6,Coteau,COTO,2025-11-23T00:44:27Z,2025-11-23T00:43:00Z,ARR,goo,1.0
39,True,True,QUÉBEC,OTTAWA,2025-11-22,7,Alexandria,ALEX,2025-11-23T01:05:00Z,2025-11-23T01:06:00Z,ARR,goo,-1.0
39,True,True,QUÉBEC,OTTAWA,2025-11-22,8,Ottawa,OTTW,2025-11-23T01:46:52Z,2025-11-23T01:51:00Z,ARR,goo,-4.0
66,True,True,TORONTO,MONTRÉAL,2025-11-22,0,Toronto,TRTO,2025-11-22T20:29:19Z,2025-11-22T20:23:00Z,ARR,goo,6.0
66,True,True,TORONTO,MONTRÉAL,2025-11-22,1,Guildwood,GUIL,2025-11-22T20:47:24Z,2025-11-22T20:40:00Z,ARR,goo,7.0
66,True,True,TORONTO,MONTRÉAL,2025-11-22,2,Oshawa,OSHA,2025-11-22T21:13:33Z,2025-11-22T20:54:00Z,ARR,goo,19.0
66,True,True,TORONTO,MONTRÉAL,2025-11-22,3,Belleville,BLVL,2025-11-22T22:29:04Z,2025-11-22T22:00:00Z,ARR,med,29.0
66,True,True,TORONTO,MONTRÉAL,2025-11-22,4,Kingston,KGON,2025-11-22T23:04:53Z,2025-11-22T22:40:00Z,ARR,med,24.0
66,True,True,TORONTO,MONTRÉAL,2025-11-22,5,Cornwall,CWLL,2025-11-23T00:28:56Z,2025-11-23T00:07:00Z,ARR,med,21.0
66,True,True,TORONTO,MONTRÉAL,2025-11-22,6,Dorval,DORV,2025-11-23T01:13:54Z,2025-11-23T00:58:00Z,ARR,goo,15.0
66,True,True,TORONTO,MONTRÉAL,2025-11-22,7,Montréal,MTRL,2025-11-23T01:39:49Z,2025-11-23T01:25:00Z,ARR,goo,14.0
28,True,True,OTTAWA,QUÉBEC,2025-11-22,0,Ottawa,OTTW,2025-11-22T21:05:00Z,2025-11-22T21:05:00Z,ARR,goo,0.0
28,True,True,OTTAWA,QUÉBEC,2025-11-22,1,Casselman,CSLM,2025-11-22T21:30:14Z,2025-11-22T21:31:00Z,ARR,goo,0.0
28,True,True,OTTAWA,QUÉBEC,2025-11-22,2,Alexandria,ALEX,2025-11-22T21:53:39Z,2025-11-22T21:53:00Z,ARR,goo,0.0
28,True,True,OTTAWA,QUÉBEC,2025-11-22,3,Coteau,COTO,2025-11-22T22:12:04Z,2025-11-22T22:15:00Z,ARR,goo,-2.0
28,True,True,OTTAWA,QUÉBEC,2025-11-22,4,Dorval,DORV,2025-11-22T22:37:33Z,2025-11-22T22:38:00Z,ARR,goo,0.0
28,True,True,OTTAWA,QUÉBEC,2025-11-22,5,Montréal,MTRL,2025-11-22T23:04:08Z,2025-11-22T23:04:00Z,ARR,goo,0.0
28,True,True,OTTAWA,QUÉBEC,2025-11-22,6,St. Lambert,SLAM,2025-11-22T23:40:39Z,2025-11-22T23:38:00Z,ARR,goo,2.0
28,True,True,OTTAWA,QUÉBEC,2025-11-22,7,St. Hyacinthe,SHYA,2025-11-23T00:11:08Z,2025-11-23T00:06:00Z,ARR,goo,5.0
28,True,True,OTTAWA,QUÉBEC,2025-11-22,8,Drummondville,DRMV,2025-11-23T00:57:13Z,2025-11-23T00:52:00Z,ARR,goo,5.0
28,True,True,OTTAWA,QUÉBEC,2025-11-22,9,Charny,CHNY,2025-11-23T02:20:05Z,2025-11-23T02:14:00Z,ARR,goo,6.0
28,True,True,OTTAWA,QUÉBEC,2025-11-22,10,Ste-Foy,SFOY,2025-11-23T02:29:03Z,2025-11-23T02:21:00Z,ARR,goo,8.0
28,True,True,OTTAWA,QUÉBEC,2025-11-22,11,Québec,QBEC,2025-11-23T02:59:06Z,2025-11-23T02:48:00Z,ARR,goo,11.0
46,True,True,TORONTO,OTTAWA,2025-11-22,0,Toronto,TRTO,2025-11-22T20:46:03Z,2025-11-22T20:38:00Z,ARR,goo,8.0
46,True,True,TORONTO,OTTAWA,2025-11-22,1,Oshawa,OSHA,2025-11-22T21:20:39Z,2025-11-22T21:09:00Z,ARR,goo,11.0
46,True,True,TORONTO,OTTAWA,2025-11-22,2,Cobourg,CBRG,2025-11-22T22:04:27Z,2025-11-22T21:43:00Z,ARR,med,21.0
46,True,True,TORONTO,OTTAWA,2025-11-22,3,Kingston,KGON,2025-11-22T23:46:08Z,2025-11-22T22:54:00Z,ARR,med,52.0
46,True,True,TORONTO,OTTAWA,2025-11-22,4,Brockville,BRKV,2025-11-23T00:44:13Z,2025-11-22T23:40:00Z,ARR,bad,64.0
46,True,True,TORONTO,OTTAWA,2025-11-22,5,Fallowfield,FALL,2025-11-23T01:36:25Z,2025-11-23T00:40:00Z,ARR,med,56.0
46,True,True,TORONTO,OTTAWA,2025-11-22,6,Ottawa,OTTW,2025-11-23T01:58:52Z,2025-11-23T01:00:00Z,ARR,med,58.0
69,True,True,MONTRÉAL,TORONTO,2025-11-22,0,Montréal,MTRL,2025-11-22T21:38:00Z,2025-11-22T21:38:00Z,ARR,goo,0.0
69,True,True,MONTRÉAL,TORONTO,2025-11-22,1,Dorval,DORV,2025-11-22T22:04:57Z,2025-11-22T22:04:00Z,ARR,goo,0.0
69,True,True,MONTRÉAL,TORONTO,2025-11-22,2,Cornwall,CWLL,2025-11-22T22:54:57Z,2025-11-22T22:53:00Z,ARR,goo,1.0
69,True,True,MONTRÉAL,TORONTO,2025-11-22,3,Brockville,BRKV,2025-11-22T23:38:15Z,2025-11-22T23:40:00Z,ARR,goo,-1.0
69,True,True,MONTRÉAL,TORONTO,2025-11-22,4,Kingston,KGON,2025-11-23T00:22:05Z,2025-11-23T00:24:00Z,ARR,goo,-1.0
69,True,True,MONTRÉAL,TORONTO,2025-11-22,5,Oshawa,OSHA,2025-11-23T02:14:41Z,2025-11-23T02:05:00Z,ARR,goo,9.0
69,True,True,MONTRÉAL,TORONTO,2025-11-22,6,Guildwood,GUIL,2025-11-23T02:40:28Z,2025-11-23T02:28:00Z,ARR,goo,12.0
69,True,True,MONTRÉAL,TORONTO,2025-11-22,7,Toronto,TRTO,2025-11-23T02:57:37Z,2025-11-23T02:48:00Z,ARR,goo,9.0
68,True,False,TORONTO,MONTRÉAL,2025-11-22,0,Toronto,TRTO,2025-11-22T22:08:00Z,2025-11-22T22:08:00Z,ARR,goo,0.0
68,True,False,TORONTO,MONTRÉAL,2025-11-22,1,Oshawa,OSHA,2025-11-22T22:43:52Z,2025-11-22T22:39:00Z,ARR,goo,4.0
68,True,False,TORONTO,MONTRÉAL,2025-11-22,2,Cobourg,CBRG,2025-11-22T23:33:57Z,2025-11-22T23:14:00Z,ARR,goo,19.0
68,True,False,TORONTO,MONTRÉAL,2025-11-22,3,Belleville,BLVL,2025-11-23T00:06:51Z,2025-11-22T23:49:00Z,ARR,goo,17.0
68,True,False,TORONTO,MONTRÉAL,2025-11-22,4,Kingston,KGON,2025-11-23T00:44:54Z,2025-11-23T00:26:00Z,ARR,goo,18.0
68,True,False,TORONTO,MONTRÉAL,2025-11-22,5,Brockville,BRKV,2025-11-23T01:30:57Z,2025-11-23T01:11:00Z,ARR,goo,19.0
68,True,False,TORONTO,MONTRÉAL,2025-11-22,6,Cornwall,CWLL,2025-11-23T02:14:32Z,2025-11-23T01:57:00Z,ARR,goo,17.0
68,True,False,TORONTO,MONTRÉAL,2025-11-22,7,Dorval,DORV,2025-11-23T03:04:23Z,2025-11-23T02:47:00Z,ARR,goo,17.0
68,True,False,TORONTO,MONTRÉAL,2025-11-22,8,Montréal,MTRL,2025-11-23T03:28:59Z,2025-11-23T03:14:00Z,4 mins,goo,14.0
75,True,True,TORONTO,WINDSOR,2025-11-22,0,Toronto,TRTO,2025-11-22T22:22:18Z,2025-11-22T22:22:00Z,ARR,goo,0.0
75,True,True,TORONTO,WINDSOR,2025-11-22,1,Oakville,OAKV,2025-11-22T22:50:04Z,2025-11-22T22:45:00Z,ARR,goo,5.0
75,True,True,TORONTO,WINDSOR,2025-11-22,2,Aldershot,ALDR,2025-11-22T23:06:43Z,2025-11-22T23:01:00Z,ARR,goo,5.0
75,True,True,TORONTO,WINDSOR,2025-11-22,3,Brantford,BRTF,2025-11-22T23:52:29Z,2025-11-22T23:33:00Z,ARR,goo,19.0
75,True,True,TORONTO,WINDSOR,2025-11-22,4,Woodstock,WDST,2025-11-23T00:22:51Z,2025-11-23T00:04:00Z,ARR,goo,18.0
75,True,True,TORONTO,WINDSOR,2025-11-22,5,Ingersoll,INGR,2025-11-23T00:35:48Z,2025-11-23T00:19:00Z,ARR,goo,16.0
75,True,True,TORONTO,WINDSOR,2025-11-22,6,London,LNDN,2025-11-23T01:09:22Z,2025-11-23T00:47:00Z,ARR,med,22.0
75,True,True,TORONTO,WINDSOR,2025-11-22,7,Glencoe,GLNC,2025-11-23T01:43:33Z,2025-11-23T01:21:00Z,ARR,med,22.0
75,True,True,TORONTO,WINDSOR,2025-11-22,8,Chatham,CHAT,2025-11-23T02:27:20Z,2025-11-23T01:55:00Z,ARR,med,32.0
75,True,True,TORONTO,WINDSOR,2025-11-22,9,Windsor,WDON,2025-11-23T03:16:05Z,2025-11-23T02:50:00Z,ARR,med,26.0
54,True,False,TORONTO,OTTAWA,2025-11-22,0,Toronto,TRTO,2025-11-22T23:01:00Z,2025-11-22T22:38:00Z,ARR,med,23.0
54,True,False,TORONTO,OTTAWA,2025-11-22,1,Guildwood,GUIL,2025-11-22T23:28:06Z,2025-11-22T22:55:00Z,ARR,med,33.0
54,True,False,TORONTO,OTTAWA,2025-11-22,2,Oshawa,OSHA,2025-11-22T23:49:04Z,2025-11-22T23:08:00Z,ARR,med,41.0
54,True,False,TORONTO,OTTAWA,2025-11-22,3,Port Hope,PHOP,2025-11-23T00:19:11Z,2025-11-22T23:37:00Z,ARR,med,42.0
54,True,False,TORONTO,OTTAWA,2025-11-22,4,Cobourg,CBRG,2025-11-23T00:28:17Z,2025-11-22T23:46:00Z,ARR,med,42.0
54,True,False,TORONTO,OTTAWA,2025-11-22,5,Trenton Jct.,TRNJ,2025-11-23T00:56:56Z,2025-11-23T00:13:01Z,ARR,med,43.0
54,True,False,TORONTO,OTTAWA,2025-11-22,6,Belleville,BLVL,2025-11-23T01:12:27Z,2025-11-23T00:27:00Z,ARR,med,45.0
54,True,False,TORONTO,OTTAWA,2025-11-22,7,Napanee,NAPN,2025-11-23T01:33:06Z,2025-11-23T00:48:00Z,ARR,med,45.0
54,True,False,TORONTO,OTTAWA,2025-11-22,8,Kingston,KGON,2025-11-23T01:54:44Z,2025-11-23T01:09:00Z,ARR,med,45.0
54,True,False,TORONTO,OTTAWA,2025-11-22,9,Brockville,BRKV,2025-11-23T02:46:12Z,2025-11-23T01:54:00Z,ARR,med,52.0
54,True,False,TORONTO,OTTAWA,2025-11-22,10,Smiths Falls,SMTF,2025-11-23T03:16:45Z,2025-11-23T02:25:00Z,ARR,med,51.0
54,True,False,TORONTO,OTTAWA,2025-11-22,11,Fallowfield,FALL,2025-11-23T03:46:16Z,2025-11-23T02:52:00Z,21 mins,med,54.0
54,True,False,TORONTO,OTTAWA,2025-11-22,12,Ottawa,OTTW,2025-11-23T04:07:16Z,2025-11-23T03:13:00Z,42 mins,med,54.0
29,True,True,QUÉBEC,MONTRÉAL,2025-11-22,0,Québec,QBEC,2025-11-22T22:41:00Z,2025-11-22T22:41:00Z,ARR,goo,0.0
29,True,True,QUÉBEC,MONTRÉAL,2025-11-22,1,Ste-Foy,SFOY,2025-11-22T23:08:04Z,2025-11-22T23:06:00Z,ARR,goo,2.0
29,True,True,QUÉBEC,MONTRÉAL,2025-11-22,2,Drummondville,DRMV,2025-11-23T00:43:55Z,2025-11-23T00:42:00Z,ARR,goo,1.0
29,True,True,QUÉBEC,MONTRÉAL,2025-11-22,3,St. Hyacinthe,SHYA,2025-11-23T01:15:38Z,2025-11-23T01:18:00Z,ARR,goo,-2.0
29,True,True,QUÉBEC,MONTRÉAL,2025-11-22,4,St. Lambert,SLAM,2025-11-23T01:57:59Z,2025-11-23T01:45:00Z,ARR,goo,12.0
29,True,True,QUÉBEC,MONTRÉAL,2025-11-22,5,Montréal,MTRL,2025-11-23T02:16:08Z,2025-11-23T02:00:00Z,ARR,goo,16.0
98,True,True,NIAGARA FALLS,TORONTO,2025-11-22,0,Niagara Falls,NIAG,2025-11-22T22:45:00Z,2025-11-22T22:45:00Z,ARR,goo,0.0
98,True,True,NIAGARA FALLS,TORONTO,2025-11-22,1,St. Catharines,SCAT,2025-11-22T23:06:00Z,2025-11-22T23:06:00Z,ARR,goo,0.0
98,True,True,NIAGARA FALLS,TORONTO,2025-11-22,2,Grimsby,GRIM,2025-11-22T23:28:00Z,2025-11-22T23:26:00Z,ARR,goo,2.0
98,True,True,NIAGARA FALLS,TORONTO,2025-11-22,3,Aldershot,ALDR,2025-11-23T00:04:00Z,2025-11-23T00:02:00Z,ARR,goo,2.0
98,True,True,NIAGARA FALLS,TORONTO,2025-11-22,4,Oakville,OAKV,2025-11-23T00:18:00Z,2025-11-23T00:16:00Z,ARR,goo,2.0
98,True,True,NIAGARA FALLS,TORONTO,2025-11-22,5,Toronto,TRTO,2025-11-23T00:47:00Z,2025-11-23T00:43:00Z,ARR,goo,4.0
38,True,True,OTTAWA,MONTRÉAL,2025-11-22,0,Ottawa,OTTW,2025-11-22T22:55:00Z,2025-11-22T22:55:00Z,ARR,goo,0.0
38,True,True,OTTAWA,MONTRÉAL,2025-11-22,1,Casselman,CSLM,2025-11-22T23:22:26Z,2025-11-22T23:26:00Z,ARR,goo,-3.0
38,True,True,OTTAWA,MONTRÉAL,2025-11-22,2,Alexandria,ALEX,2025-11-22T23:43:46Z,2025-11-22T23:49:00Z,ARR,goo,-5.0
38,True,True,OTTAWA,MONTRÉAL,2025-11-22,3,Dorval,DORV,2025-11-23T00:29:54Z,2025-11-23T00:33:00Z,ARR,goo,-3.0
38,True,True,OTTAWA,MONTRÉAL,2025-11-22,4,Montréal,MTRL,2025-11-23T00:54:12Z,2025-11-23T00:57:00Z,ARR,goo,-2.0
87,True,False,TORONTO,SARNIA,2025-11-22,0,Toronto,TRTO,2025-11-22T22:47:40Z,2025-11-22T22:40:00Z,ARR,goo,7.0
87,True,False,TORONTO,SARNIA,2025-11-22,1,Malton,MALT,2025-11-22T23:09:48Z,2025-11-22T23:00:00Z,ARR,goo,9.0
87,True,False,TORONTO,SARNIA,2025-11-22,2,Brampton,BRMP,2025-11-22T23:23:31Z,2025-11-22T23:12:00Z,ARR,goo,11.0
87,True,False,TORONTO,SARNIA,2025-11-22,3,Georgetown,GEOR,2025-11-22T23:37:08Z,2025-11-22T23:24:00Z,ARR,goo,13.0
87,True,False,TORONTO,SARNIA,2025-11-22,4,Guelph,GUEL,2025-11-23T00:00:15Z,2025-11-22T23:49:00Z,ARR,goo,11.0
87,True,False,TORONTO,SARNIA,2025-11-22,5,Kitchener,KITC,2025-11-23T00:23:02Z,2025-11-23T00:16:00Z,ARR,goo,7.0
87,True,False,TORONTO,SARNIA,2025-11-22,6,Stratford,STRF,2025-11-23T01:13:10Z,2025-11-23T00:57:00Z,ARR,goo,16.0
87,True,False,TORONTO,SARNIA,2025-11-22,7,St.Marys,SMYS,2025-11-23T01:47:03Z,2025-11-23T01:25:00Z,ARR,med,22.0
87,True,False,TORONTO,SARNIA,2025-11-22,8,London,LNDN,2025-11-23T02:39:59Z,2025-11-23T02:13:00Z,ARR,med,26.0
87,True,False,TORONTO,SARNIA,2025-11-22,9,Strathroy,STRR,2025-11-23T03:11:36Z,2025-11-23T02:39:00Z,ARR,med,32.0
87,True,False,TORONTO,SARNIA,2025-11-22,10,Wyoming,WYOM,2025-11-23T03:40:14Z,2025-11-23T03:07:00Z,15 mins,med,33.0
87,True,False,TORONTO,SARNIA,2025-11-22,11,Sarnia,SARN,2025-11-23T03:57:14Z,2025-11-23T03:24:00Z,32 mins,med,33.0
59,True,False,OTTAWA,TORONTO,2025-11-22,0,Ottawa,OTTW,2025-11-22T23:03:00Z,2025-11-22T23:03:00Z,ARR,goo,0.0
59,True,False,OTTAWA,TORONTO,2025-11-22,1,Fallowfield,FALL,2025-11-22T23:19:00Z,2025-11-22T23:20:00Z,ARR,goo,-1.0
59,True,False,OTTAWA,TORONTO,2025-11-22,2,Smiths Falls,SMTF,2025-11-22T23:50:04Z,2025-11-22T23:51:00Z,ARR,goo,0.0
59,True,False,OTTAWA,TORONTO,2025-11-22,3,Brockville,BRKV,2025-11-23T00:29:14Z,2025-11-23T00:25:00Z,ARR,goo,4.0
59,True,False,OTTAWA,TORONTO,2025-11-22,4,Kingston,KGON,2025-11-23T01:10:48Z,2025-11-23T01:10:00Z,ARR,goo,0.0
59,True,False,OTTAWA,TORONTO,2025-11-22,5,Belleville,BLVL,2025-11-23T01:54:40Z,2025-11-23T01:51:00Z,ARR,goo,3.0
59,True,False,OTTAWA,TORONTO,2025-11-22,6,Trenton Jct.,TRNJ,2025-11-23T02:08:09Z,2025-11-23T02:05:00Z,ARR,goo,3.0
59,True,False,OTTAWA,TORONTO,2025-11-22,7,Cobourg,CBRG,2025-11-23T02:37:20Z,2025-11-23T02:31:00Z,ARR,goo,6.0
59,True,False,OTTAWA,TORONTO,2025-11-22,8,Oshawa,OSHA,2025-11-23T03:14:49Z,2025-11-23T03:05:00Z,ARR,goo,9.0
59,True,False,OTTAWA,TORONTO,2025-11-22,9,Guildwood,GUIL,2025-11-23T03:35:35Z,2025-11-23T03:28:00Z,10 mins,goo,7.0
59,True,False,OTTAWA,TORONTO,2025-11-22,10,Toronto,TRTO,2025-11-23T03:55:35Z,2025-11-23T03:48:00Z,30 mins,goo,7.0
78,True,True,WINDSOR,TORONTO,2025-11-22,0,Windsor,WDON,2025-11-22T22:40:00Z,2025-11-22T22:40:00Z,ARR,goo,0.0
78,True,True,WINDSOR,TORONTO,2025-11-22,1,Chatham,CHAT,2025-11-22T23:24:18Z,2025-11-22T23:24:00Z,ARR,goo,0.0
78,True,True,WINDSOR,TORONTO,2025-11-22,2,Glencoe,GLNC,2025-11-23T00:12:29Z,2025-11-22T23:59:00Z,ARR,goo,13.0
78,True,True,WINDSOR,TORONTO,2025-11-22,3,London,LNDN,2025-11-23T00:40:31Z,2025-11-23T00:32:00Z,ARR,goo,8.0
78,True,True,WINDSOR,TORONTO,2025-11-22,4,Ingersoll,INGR,2025-11-23T01:10:11Z,2025-11-23T00:57:00Z,ARR,goo,13.0
78,True,True,WINDSOR,TORONTO,2025-11-22,5,Woodstock,WDST,2025-11-23T01:22:23Z,2025-11-23T01:08:00Z,ARR,goo,14.0
78,True,True,WINDSOR,TORONTO,2025-11-22,6,Brantford,BRTF,2025-11-23T01:54:13Z,2025-11-23T01:39:00Z,ARR,goo,15.0
78,True,True,WINDSOR,TORONTO,2025-11-22,7,Aldershot,ALDR,2025-11-23T02:26:27Z,2025-11-23T02:09:00Z,ARR,goo,17.0
78,True,True,WINDSOR,TORONTO,2025-11-22,8,Oakville,OAKV,2025-11-23T02:42:55Z,2025-11-23T02:24:00Z,ARR,goo,18.0
78,True,True,WINDSOR,TORONTO,2025-11-22,9,Toronto,TRTO,2025-11-23T03:09:45Z,2025-11-23T02:50:00Z,ARR,goo,19.0
79,True,False,TORONTO,WINDSOR,2025-11-22,0,Toronto,TRTO,2025-11-23T00:45:00Z,2025-11-23T00:45:00Z,ARR,goo,0.0
79,True,False,TORONTO,WINDSOR,2025-11-22,1,Oakville,OAKV,2025-11-23T01:11:31Z,2025-11-23T01:07:00Z,ARR,goo,4.0
79,True,False,TORONTO,WINDSOR,2025-11-22,2,Aldershot,ALDR,2025-11-23T01:25:26Z,2025-11-23T01:22:00Z,ARR,goo,3.0
79,True,False,TORONTO,WINDSOR,2025-11-22,3,Brantford,BRTF,2025-11-23T02:05:51Z,2025-11-23T01:50:00Z,ARR,goo,15.0
79,True,False,TORONTO,WINDSOR,2025-11-22,4,Woodstock,WDST,2025-11-23T02:43:22Z,2025-11-23T02:17:00Z,ARR,med,26.0
79,True,False,TORONTO,WINDSOR,2025-11-22,5,Ingersoll,INGR,2025-11-23T02:54:00Z,2025-11-23T02:30:00Z,ARR,med,24.0
79,True,False,TORONTO,WINDSOR,2025-11-22,6,London,LNDN,2025-11-23T03:13:42Z,2025-11-23T02:52:00Z,ARR,med,21.0
79,True,False,TORONTO,WINDSOR,2025-11-22,7,Glencoe,GLNC,2025-11-23T03:48:09Z,2025-11-23T03:25:00Z,23 mins,med,23.0
79,True,False,TORONTO,WINDSOR,2025-11-22,8,Chatham,CHAT,2025-11-23T04:20:09Z,2025-11-23T03:57:00Z,55 mins,med,23.0
79,True,False,TORONTO,WINDSOR,2025-11-22,9,Windsor,WDON,2025-11-23T05:07:09Z,2025-11-23T04:44:00Z,1h42,med,23.0
