train_id,departed,arrived,from,to,instance,stop_id,station,code,estimated,scheduled,eta,diff,diffMin
1 (06-25),True,False,TORONTO,VANCOUVER,2025-06-25,0,Toronto,TRTO,2025-06-25T13:55:00Z,2025-06-25T13:55:00Z,ARR,goo,0.0
1 (06-25),True,False,TORONTO,VANCOUVER,2025-06-25,1,Washago,WSHG,2025-06-25T16:46:39Z,2025-06-25T16:25:00Z,ARR,bad,21.0
1 (06-25),True,False,TORONTO,VANCOUVER,2025-06-25,2,South Parry,SPAR,2025-06-25T19:01:08Z,2025-06-25T18:27:00Z,ARR,bad,34.0
1 (06-25),True,False,TORONTO,VANCOUVER,2025-06-25,3,Sudbury (Jct.),SUDJ,2025-06-25T21:51:07Z,2025-06-25T20:57:00Z,ARR,bad,54.0
1 (06-25),True,False,TORONTO,VANCOUVER,2025-06-25,4,Capreol,CAPR,2025-06-25T22:43:18Z,2025-06-25T21:22:00Z,ARR,bad,81.0
1 (06-25),True,False,TORONTO,VANCOUVER,2025-06-25,5,Laforest,LAFO,2025-06-26T00:47:07Z,2025-06-25T22:48:00Z,ARR,bad,119.0
1 (06-25),True,False,TORONTO,VANCOUVER,2025-06-25,6,McKee's Camp,MCKC,2025-06-26T01:00:07Z,2025-06-25T23:01:00Z,ARR,bad,119.0
1 (06-25),True,False,TORONTO,VANCOUVER,2025-06-25,7,Felix,FELX,2025-06-26T01:20:07Z,2025-06-25T23:21:00Z,ARR,bad,119.0
1 (06-25),True,False,TORONTO,VANCOUVER,2025-06-25,8,Ruel,RUEL,2025-06-26T01:27:07Z,2025-06-25T23:28:00Z,ARR,bad,119.0
1 (06-25),True,False,TORONTO,VANCOUVER,2025-06-25,9,Westree,WSTR,2025-06-26T01:29:58Z,2025-06-25T23:45:00Z,ARR,bad,104.0
1 (06-25),True,False,TORONTO,VANCOUVER,2025-06-25,10,Gogama,GOGA,2025-06-26T02:31:06Z,2025-06-26T00:18:00Z,ARR,bad,133.0
1 (06-25),True,False,TORONTO,VANCOUVER,2025-06-25,11,Foleyet,FOLE,2025-06-26T04:08:16Z,2025-06-26T02:44:00Z,ARR,bad,84.0
1 (06-25),True,False,TORONTO,VANCOUVER,2025-06-25,12,Elsas,ELSA,2025-06-26T05:34:39Z,2025-06-26T03:38:00Z,ARR,bad,116.0
1 (06-25),True,False,TORONTO,VANCOUVER,2025-06-25,13,Oba,OBAX,2025-06-26T07:34:39Z,2025-06-26T05:38:00Z,ARR,bad,116.0
1 (06-25),True,False,TORONTO,VANCOUVER,2025-06-25,14,Hornepayne,HNPN,2025-06-26T08:32:55Z,2025-06-26T06:29:00Z,ARR,bad,123.0
1 (06-25),True,False,TORONTO,VANCOUVER,2025-06-25,15,Hillsport,HLSP,2025-06-26T10:04:56Z,2025-06-26T08:05:00Z,ARR,bad,119.0
1 (06-25),True,False,TORONTO,VANCOUVER,2025-06-25,16,Caramat,CARA,2025-06-26T10:40:31Z,2025-06-26T08:55:00Z,ARR,bad,105.0
1 (06-25),True,False,TORONTO,VANCOUVER,2025-06-25,17,Longlac,LLAC,2025-06-26T11:29:52Z,2025-06-26T09:34:00Z,ARR,bad,115.0
1 (06-25),True,False,TORONTO,VANCOUVER,2025-06-25,18,Nakina,NAKI,2025-06-26T12:02:07Z,2025-06-26T10:13:00Z,ARR,bad,109.0
1 (06-25),True,False,TORONTO,VANCOUVER,2025-06-25,19,Auden,AUDN,2025-06-26T13:03:34Z,2025-06-26T11:19:00Z,ARR,bad,104.0
1 (06-25),True,False,TORONTO,VANCOUVER,2025-06-25,20,Ferland,FERL,2025-06-26T13:40:34Z,2025-06-26T11:56:00Z,ARR,bad,104.0
1 (06-25),True,False,TORONTO,VANCOUVER,2025-06-25,21,Mud River,MUDR,2025-06-26T13:49:34Z,2025-06-26T12:05:00Z,ARR,bad,104.0
1 (06-25),True,False,TORONTO,VANCOUVER,2025-06-25,22,Armstrong,ARMG,2025-06-26T14:33:09Z,2025-06-26T13:17:00Z,ARR,bad,76.0
1 (06-25),True,False,TORONTO,VANCOUVER,2025-06-25,23,Collins,COLL,2025-06-26T15:19:49Z,2025-06-26T13:47:00Z,ARR,bad,92.0
1 (06-25),True,False,TORONTO,VANCOUVER,2025-06-25,24,Allanwater Bridge,ALWB,2025-06-26T15:58:49Z,2025-06-26T14:26:00Z,ARR,bad,92.0
1 (06-25),True,False,TORONTO,VANCOUVER,2025-06-25,25,Flindt Landing,FLTL,2025-06-26T16:14:49Z,2025-06-26T14:42:00Z,ARR,bad,92.0
1 (06-25),True,False,TORONTO,VANCOUVER,2025-06-25,26,Savant Lake,SAVL,2025-06-26T16:31:49Z,2025-06-26T14:59:00Z,ARR,bad,92.0
1 (06-25),True,False,TORONTO,VANCOUVER,2025-06-25,27,Sioux Lookout,SLKT,2025-06-26T18:00:34Z,2025-06-26T16:25:00Z,ARR,bad,95.0
1 (06-25),True,False,TORONTO,VANCOUVER,2025-06-25,28,Richan,RCHN,2025-06-26T19:47:36Z,2025-06-26T18:05:00Z,ARR,bad,102.0
1 (06-25),True,False,TORONTO,VANCOUVER,2025-06-25,29,Red Lake Road,RLRX,2025-06-26T20:18:26Z,2025-06-26T18:41:00Z,ARR,bad,97.0
1 (06-25),True,False,TORONTO,VANCOUVER,2025-06-25,30,Canyon,CNYK,2025-06-26T21:28:48Z,2025-06-26T19:10:00Z,ARR,bad,138.0
1 (06-25),True,False,TORONTO,VANCOUVER,2025-06-25,31,Farlane,FARL,2025-06-26T22:00:15Z,2025-06-26T19:47:00Z,ARR,bad,133.0
1 (06-25),True,False,TORONTO,VANCOUVER,2025-06-25,32,Redditt,RDDT,2025-06-26T22:13:17Z,2025-06-26T20:23:00Z,ARR,bad,110.0
1 (06-25),True,False,TORONTO,VANCOUVER,2025-06-25,33,Minaki,MNKI,2025-06-26T22:30:56Z,2025-06-26T20:44:00Z,ARR,bad,106.0
1 (06-25),True,False,TORONTO,VANCOUVER,2025-06-25,34,Ottermere,OTTM,2025-06-26T22:46:23Z,2025-06-26T21:01:00Z,ARR,bad,105.0
1 (06-25),True,False,TORONTO,VANCOUVER,2025-06-25,35,Malachi,MLCH,2025-06-26T22:49:28Z,2025-06-26T21:07:00Z,ARR,bad,102.0
1 (06-25),True,False,TORONTO,VANCOUVER,2025-06-25,36,Copelands Landing,COPE,2025-06-26T22:50:06Z,2025-06-26T21:09:00Z,ARR,bad,101.0
1 (06-25),True,False,TORONTO,VANCOUVER,2025-06-25,37,Rice Lake,RCLK,2025-06-26T22:58:43Z,2025-06-26T21:12:00Z,ARR,bad,106.0
1 (06-25),True,False,TORONTO,VANCOUVER,2025-06-25,38,Winnitoba,WNTB,2025-06-26T23:08:51Z,2025-06-26T21:26:00Z,ARR,bad,102.0
1 (06-25),True,False,TORONTO,VANCOUVER,2025-06-25,39,Ophir,OPHR,2025-06-26T23:07:04Z,2025-06-26T21:31:00Z,ARR,bad,96.0
1 (06-25),True,False,TORONTO,VANCOUVER,2025-06-25,40,Brereton Lake,BRTL,2025-06-26T23:24:18Z,2025-06-26T21:49:00Z,ARR,bad,95.0
1 (06-25),True,False,TORONTO,VANCOUVER,2025-06-25,41,Elma,ELMA,2025-06-26T23:45:35Z,2025-06-26T22:10:00Z,ARR,bad,95.0
1 (06-25),True,False,TORONTO,VANCOUVER,2025-06-25,42,Winnipeg,WNPG,2025-06-27T01:10:53Z,2025-06-27T00:30:00Z,ARR,bad,40.0
1 (06-25),True,False,TORONTO,VANCOUVER,2025-06-25,43,Portage La Prairie,PLPX,2025-06-27T05:01:42Z,2025-06-27T04:04:00Z,ARR,bad,57.0
1 (06-25),True,False,TORONTO,VANCOUVER,2025-06-25,44,Rivers,RVRS,2025-06-27T07:02:54Z,2025-06-27T06:31:00Z,ARR,bad,31.0
1 (06-25),True,False,TORONTO,VANCOUVER,2025-06-25,45,Melville,MELV,2025-06-27T10:31:00Z,2025-06-27T10:54:00Z,ARR,goo,-23.0
1 (06-25),True,False,TORONTO,VANCOUVER,2025-06-25,46,Watrous,WATR,2025-06-27T16:22:49Z,2025-06-27T13:54:00Z,ARR,bad,148.0
1 (06-25),True,False,TORONTO,VANCOUVER,2025-06-25,47,Saskatoon,SASK,2025-06-27T17:58:18Z,2025-06-27T15:50:00Z,ARR,bad,128.0
1 (06-25),True,False,TORONTO,VANCOUVER,2025-06-25,48,Biggar,BIGG,2025-06-27T21:17:34Z,2025-06-27T18:29:00Z,ARR,bad,168.0
1 (06-25),True,False,TORONTO,VANCOUVER,2025-06-25,49,Unity,UNIT,2025-06-27T22:28:38Z,2025-06-27T19:44:00Z,ARR,bad,164.0
1 (06-25),True,False,TORONTO,VANCOUVER,2025-06-25,50,Wainwright,WAIN,2025-06-28T00:08:17Z,2025-06-27T22:33:00Z,ARR,bad,95.0
1 (06-25),True,False,TORONTO,VANCOUVER,2025-06-25,51,Viking,VKNG,2025-06-28T01:17:52Z,2025-06-27T23:26:00Z,ARR,bad,111.0
1 (06-25),True,False,TORONTO,VANCOUVER,2025-06-25,52,Edmonton,EDMO,2025-06-28T03:37:43Z,2025-06-28T02:50:00Z,ARR,bad,47.0
1 (06-25),True,False,TORONTO,VANCOUVER,2025-06-25,53,Evansburg,EVAN,2025-06-28T07:40:14Z,2025-06-28T07:29:00Z,ARR,med,11.0
1 (06-25),True,False,TORONTO,VANCOUVER,2025-06-25,54,Edson,EDSN,2025-06-28T08:50:46Z,2025-06-28T08:52:00Z,ARR,goo,-1.0
1 (06-25),True,False,TORONTO,VANCOUVER,2025-06-25,55,Hinton,HINT,2025-06-28T10:20:10Z,2025-06-28T09:58:00Z,ARR,bad,22.0
1 (06-25),True,False,TORONTO,VANCOUVER,2025-06-25,56,Jasper,JASP,2025-06-28T12:15:42Z,2025-06-28T12:30:00Z,ARR,goo,-14.0
1 (06-25),True,False,TORONTO,VANCOUVER,2025-06-25,57,Valemount,VLMT,2025-06-28T17:42:34Z,2025-06-28T17:50:00Z,ARR,goo,-7.0
1 (06-25),True,False,TORONTO,VANCOUVER,2025-06-25,58,Blue River,BLUE,2025-06-28T20:10:40Z,2025-06-28T20:36:00Z,ARR,goo,-25.0
1 (06-25),True,False,TORONTO,VANCOUVER,2025-06-25,59,Clearwater,CLWT,2025-06-28T22:07:05Z,2025-06-28T22:45:00Z,ARR,goo,-37.0
1 (06-25),True,False,TORONTO,VANCOUVER,2025-06-25,60,Kamloops North,KAMN,2025-06-29T00:57:41Z,2025-06-29T01:28:00Z,ARR,goo,-30.0
1 (06-25),True,False,TORONTO,VANCOUVER,2025-06-25,61,Ashcroft,ASHN,2025-06-29T04:31:12Z,2025-06-29T03:49:00Z,1h04,bad,42.0
1 (06-25),True,False,TORONTO,VANCOUVER,2025-06-25,62,Boston Bar,BBAR,2025-06-29T07:18:12Z,2025-06-29T06:36:00Z,3h51,bad,42.0
1 (06-25),True,False,TORONTO,VANCOUVER,2025-06-25,63,Hope,HOPE,&mdash;,2025-06-29T08:06:00Z,&mdash;,,
1 (06-25),True,False,TORONTO,VANCOUVER,2025-06-25,64,Chilliwack,CHIL,&mdash;,2025-06-29T08:30:00Z,&mdash;,,
1 (06-25),True,False,TORONTO,VANCOUVER,2025-06-25,65,Abbotsford,ABBO,&mdash;,2025-06-29T09:00:00Z,&mdash;,,
1 (06-25),True,False,TORONTO,VANCOUVER,2025-06-25,66,Vancouver,VCVR,&mdash;,2025-06-29T15:00:00Z,&mdash;,,
692 (06-26),True,True,CHURCHILL,WINNIPEG,2025-06-26,0,Churchill,CHUR,2025-06-27T01:30:00Z,2025-06-27T01:30:00Z,ARR,goo,0.0
692 (06-26),True,True,CHURCHILL,WINNIPEG,2025-06-26,1,Tidal,TIDL,2025-06-27T01:57:14Z,2025-06-27T01:52:00Z,ARR,med,5.0
692 (06-26),True,True,CHURCHILL,WINNIPEG,2025-06-26,2,Chesnaye,CHES,2025-06-27T02:53:01Z,2025-06-27T02:38:00Z,ARR,bad,15.0
692 (06-26),True,True,CHURCHILL,WINNIPEG,2025-06-26,3,M'Clintock,MCLI,2025-06-27T04:09:01Z,2025-06-27T03:54:00Z,ARR,bad,15.0
692 (06-26),True,True,CHURCHILL,WINNIPEG,2025-06-26,4,O'Day,ODAY,2025-06-27T04:54:01Z,2025-06-27T04:39:00Z,ARR,bad,15.0
692 (06-26),True,True,CHURCHILL,WINNIPEG,2025-06-26,5,Herchmer,HERC,2025-06-27T05:33:01Z,2025-06-27T05:18:00Z,ARR,bad,15.0
692 (06-26),True,True,CHURCHILL,WINNIPEG,2025-06-26,6,Thibaudeau,THIB,2025-06-27T06:59:01Z,2025-06-27T06:44:00Z,ARR,bad,15.0
692 (06-26),True,True,CHURCHILL,WINNIPEG,2025-06-26,7,Weir River,WEIR,2025-06-27T07:30:22Z,2025-06-27T07:46:00Z,ARR,goo,-15.0
692 (06-26),True,True,CHURCHILL,WINNIPEG,2025-06-26,8,Amery,AMRY,2025-06-27T08:07:45Z,2025-06-27T08:37:00Z,ARR,goo,-29.0
692 (06-26),True,True,CHURCHILL,WINNIPEG,2025-06-26,9,Bird,BIRD,2025-06-27T08:43:15Z,2025-06-27T09:00:00Z,ARR,goo,-16.0
692 (06-26),True,True,CHURCHILL,WINNIPEG,2025-06-26,10,Gillam,GILL,2025-06-27T09:42:28Z,2025-06-27T10:00:00Z,ARR,goo,-17.0
692 (06-26),True,True,CHURCHILL,WINNIPEG,2025-06-26,11,Wivenhoe,WVHO,2025-06-27T11:15:24Z,2025-06-27T11:16:00Z,ARR,goo,0.0
692 (06-26),True,True,CHURCHILL,WINNIPEG,2025-06-26,12,Ilford,ILFO,2025-06-27T12:02:09Z,2025-06-27T11:53:00Z,ARR,med,9.0
692 (06-26),True,True,CHURCHILL,WINNIPEG,2025-06-26,13,Pit Siding,PITS,2025-06-27T13:13:00Z,2025-06-27T12:54:00Z,ARR,bad,19.0
692 (06-26),True,True,CHURCHILL,WINNIPEG,2025-06-26,14,Bridgar,BRGR,2025-06-27T14:35:00Z,2025-06-27T14:16:00Z,ARR,bad,19.0
692 (06-26),True,True,CHURCHILL,WINNIPEG,2025-06-26,15,Pikwitonei,PIKW,2025-06-27T14:46:00Z,2025-06-27T14:27:00Z,ARR,bad,19.0
692 (06-26),True,True,CHURCHILL,WINNIPEG,2025-06-26,16,Sipiwesk,SIPI,2025-06-27T15:13:00Z,2025-06-27T14:54:00Z,ARR,bad,19.0
692 (06-26),True,True,CHURCHILL,WINNIPEG,2025-06-26,17,Thompson,THOM,2025-06-27T18:23:31Z,2025-06-27T16:30:00Z,ARR,bad,113.0
692 (06-26),True,True,CHURCHILL,WINNIPEG,2025-06-26,18,Leven,LEVN,2025-06-27T21:55:30Z,2025-06-27T21:05:00Z,ARR,bad,50.0
692 (06-26),True,True,CHURCHILL,WINNIPEG,2025-06-26,19,Thicket Portage,THKP,2025-06-27T21:22:00Z,2025-06-27T21:22:00Z,ARR,goo,0.0
692 (06-26),True,True,CHURCHILL,WINNIPEG,2025-06-26,20,Hockin,HOCK,2025-06-27T21:56:19Z,2025-06-27T21:37:00Z,ARR,bad,19.0
692 (06-26),True,True,CHURCHILL,WINNIPEG,2025-06-26,21,Odhill,ODHI,2025-06-27T22:34:22Z,2025-06-27T22:21:00Z,ARR,med,13.0
692 (06-26),True,True,CHURCHILL,WINNIPEG,2025-06-26,22,Lyddal,LYDD,2025-06-27T22:53:15Z,2025-06-27T22:43:00Z,ARR,med,10.0
692 (06-26),True,True,CHURCHILL,WINNIPEG,2025-06-26,23,Wabowden,WBDN,2025-06-27T23:17:32Z,2025-06-27T23:11:00Z,ARR,med,6.0
692 (06-26),True,True,CHURCHILL,WINNIPEG,2025-06-26,24,Pipun,PIPN,2025-06-27T23:39:39Z,2025-06-27T23:34:00Z,ARR,med,5.0
692 (06-26),True,True,CHURCHILL,WINNIPEG,2025-06-26,25,Ponton,PNTN,2025-06-28T00:25:19Z,2025-06-28T00:17:00Z,ARR,med,8.0
692 (06-26),True,True,CHURCHILL,WINNIPEG,2025-06-26,26,Turnbull,TURN,2025-06-28T00:52:36Z,2025-06-28T00:49:00Z,ARR,goo,3.0
692 (06-26),True,True,CHURCHILL,WINNIPEG,2025-06-26,27,Wekusko,WEKU,2025-06-28T01:15:08Z,2025-06-28T01:16:00Z,ARR,goo,0.0
692 (06-26),True,True,CHURCHILL,WINNIPEG,2025-06-26,28,Dyce,DYCE,2025-06-28T01:57:04Z,2025-06-28T02:00:00Z,ARR,goo,-2.0
692 (06-26),True,True,CHURCHILL,WINNIPEG,2025-06-26,29,Dering,DERI,2025-06-28T02:39:00Z,2025-06-28T02:39:00Z,ARR,goo,0.0
692 (06-26),True,True,CHURCHILL,WINNIPEG,2025-06-26,30,Cormorant,CORM,2025-06-28T02:47:00Z,2025-06-28T02:47:00Z,ARR,goo,0.0
692 (06-26),True,True,CHURCHILL,WINNIPEG,2025-06-26,31,Halcrow,HALC,2025-06-28T02:58:00Z,2025-06-28T02:58:00Z,ARR,goo,0.0
692 (06-26),True,True,CHURCHILL,WINNIPEG,2025-06-26,32,Orok,OROK,2025-06-28T03:44:08Z,2025-06-28T03:52:00Z,ARR,goo,-7.0
692 (06-26),True,True,CHURCHILL,WINNIPEG,2025-06-26,33,The Pas,TPAS,2025-06-28T04:16:07Z,2025-06-28T04:30:00Z,ARR,goo,-13.0
692 (06-26),True,True,CHURCHILL,WINNIPEG,2025-06-26,34,Hudson Bay,HBAY,2025-06-28T10:40:41Z,2025-06-28T10:27:00Z,ARR,med,13.0
692 (06-26),True,True,CHURCHILL,WINNIPEG,2025-06-26,35,Reserve,RSRV,2025-06-28T11:46:17Z,2025-06-28T11:09:00Z,ARR,bad,37.0
692 (06-26),True,True,CHURCHILL,WINNIPEG,2025-06-26,36,Endeavour,ENDV,2025-06-28T12:52:49Z,2025-06-28T11:55:00Z,ARR,bad,57.0
692 (06-26),True,True,CHURCHILL,WINNIPEG,2025-06-26,37,Sturgis,STGS,2025-06-28T13:28:43Z,2025-06-28T12:24:00Z,ARR,bad,64.0
692 (06-26),True,True,CHURCHILL,WINNIPEG,2025-06-26,38,Canora,CANO,2025-06-28T14:14:46Z,2025-06-28T13:08:00Z,ARR,bad,66.0
692 (06-26),True,True,CHURCHILL,WINNIPEG,2025-06-26,39,Mikado,MIKA,2025-06-28T14:46:22Z,2025-06-28T13:30:00Z,ARR,bad,76.0
692 (06-26),True,True,CHURCHILL,WINNIPEG,2025-06-26,40,Veregin,VERE,2025-06-28T14:57:13Z,2025-06-28T13:43:00Z,ARR,bad,74.0
692 (06-26),True,True,CHURCHILL,WINNIPEG,2025-06-26,41,Kamsack,KAMS,2025-06-28T15:09:46Z,2025-06-28T13:58:00Z,ARR,bad,71.0
692 (06-26),True,True,CHURCHILL,WINNIPEG,2025-06-26,42,Togo,TOGO,2025-06-28T15:47:15Z,2025-06-28T14:37:00Z,ARR,bad,70.0
692 (06-26),True,True,CHURCHILL,WINNIPEG,2025-06-26,43,Roblin,RBLN,2025-06-28T16:12:23Z,2025-06-28T15:14:00Z,ARR,bad,58.0
692 (06-26),True,True,CHURCHILL,WINNIPEG,2025-06-26,44,Grandview,GVIE,2025-06-28T17:17:13Z,2025-06-28T16:12:00Z,ARR,bad,65.0
692 (06-26),True,True,CHURCHILL,WINNIPEG,2025-06-26,45,Gilbert Plains,GLBP,2025-06-28T17:35:31Z,2025-06-28T16:32:00Z,ARR,bad,63.0
692 (06-26),True,True,CHURCHILL,WINNIPEG,2025-06-26,46,Dauphin,DAUP,2025-06-28T18:13:57Z,2025-06-28T16:56:00Z,ARR,bad,77.0
692 (06-26),True,True,CHURCHILL,WINNIPEG,2025-06-26,47,Ochre River,OCHR,2025-06-28T18:50:02Z,2025-06-28T17:20:00Z,ARR,bad,90.0
692 (06-26),True,True,CHURCHILL,WINNIPEG,2025-06-26,48,Laurier,LRIE,2025-06-28T19:08:50Z,2025-06-28T17:38:00Z,ARR,bad,90.0
692 (06-26),True,True,CHURCHILL,WINNIPEG,2025-06-26,49,Mccreary,MCCR,2025-06-28T19:27:29Z,2025-06-28T17:54:00Z,ARR,bad,93.0
692 (06-26),True,True,CHURCHILL,WINNIPEG,2025-06-26,50,Glenella,GLNA,2025-06-28T20:12:08Z,2025-06-28T18:34:00Z,ARR,bad,98.0
692 (06-26),True,True,CHURCHILL,WINNIPEG,2025-06-26,51,Plumas,PLUM,2025-06-28T20:46:33Z,2025-06-28T19:06:00Z,ARR,bad,100.0
692 (06-26),True,True,CHURCHILL,WINNIPEG,2025-06-26,52,Gladstone,GSTO,2025-06-28T21:15:26Z,2025-06-28T19:51:00Z,ARR,bad,84.0
692 (06-26),True,True,CHURCHILL,WINNIPEG,2025-06-26,53,Portage La Prairie,PLPX,2025-06-28T22:08:28Z,2025-06-28T20:37:00Z,ARR,bad,91.0
692 (06-26),True,True,CHURCHILL,WINNIPEG,2025-06-26,54,Winnipeg,WNPG,2025-06-29T00:01:00Z,2025-06-28T21:45:00Z,ARR,bad,136.0
2 (06-27),True,False,VANCOUVER,TORONTO,2025-06-27,0,Vancouver,VCVR,2025-06-27T22:00:00Z,2025-06-27T22:00:00Z,ARR,goo,0.0
2 (06-27),True,False,VANCOUVER,TORONTO,2025-06-27,1,Mission Harbour,MSNH,2025-06-28T00:01:26Z,2025-06-27T23:35:00Z,ARR,bad,26.0
2 (06-27),True,False,VANCOUVER,TORONTO,2025-06-27,2,Agassiz,AGAS,2025-06-28T00:42:31Z,2025-06-28T00:03:00Z,ARR,bad,39.0
2 (06-27),True,False,VANCOUVER,TORONTO,2025-06-27,3,Katz,KATZ,2025-06-28T00:56:52Z,2025-06-28T00:17:00Z,ARR,bad,39.0
2 (06-27),True,False,VANCOUVER,TORONTO,2025-06-27,4,North Bend,NBND,2025-06-28T02:45:12Z,2025-06-28T02:46:00Z,ARR,goo,0.0
2 (06-27),True,False,VANCOUVER,TORONTO,2025-06-27,5,Ashcroft,ASHN,2025-06-28T05:32:00Z,2025-06-28T05:32:00Z,ARR,goo,0.0
2 (06-27),True,False,VANCOUVER,TORONTO,2025-06-27,6,Kamloops North,KAMN,2025-06-28T07:24:49Z,2025-06-28T07:17:00Z,ARR,med,7.0
2 (06-27),True,False,VANCOUVER,TORONTO,2025-06-27,7,Clearwater,CLWT,2025-06-28T09:45:38Z,2025-06-28T09:58:00Z,ARR,goo,-12.0
2 (06-27),True,False,VANCOUVER,TORONTO,2025-06-27,8,Blue River,BLUE,2025-06-28T11:33:47Z,2025-06-28T12:11:00Z,ARR,goo,-37.0
2 (06-27),True,False,VANCOUVER,TORONTO,2025-06-27,9,Valemount,VLMT,2025-06-28T14:04:45Z,2025-06-28T14:01:00Z,ARR,goo,3.0
2 (06-27),True,False,VANCOUVER,TORONTO,2025-06-27,10,Jasper,JASP,2025-06-28T16:52:10Z,2025-06-28T17:00:00Z,ARR,goo,-7.0
2 (06-27),True,False,VANCOUVER,TORONTO,2025-06-27,11,Hinton,HINT,2025-06-28T19:47:32Z,2025-06-28T19:45:00Z,ARR,goo,2.0
2 (06-27),True,False,VANCOUVER,TORONTO,2025-06-27,12,Edson,EDSN,2025-06-28T22:22:38Z,2025-06-28T21:19:00Z,ARR,bad,63.0
2 (06-27),True,False,VANCOUVER,TORONTO,2025-06-27,13,Evansburg,EVAN,2025-06-29T00:10:34Z,2025-06-28T22:28:00Z,ARR,bad,102.0
2 (06-27),True,False,VANCOUVER,TORONTO,2025-06-27,14,Edmonton,EDMO,2025-06-29T01:21:03Z,2025-06-29T00:50:00Z,ARR,bad,31.0
2 (06-27),True,False,VANCOUVER,TORONTO,2025-06-27,15,Viking,VKNG,2025-06-29T04:22:17Z,2025-06-29T03:53:00Z,55 mins,bad,29.0
2 (06-27),True,False,VANCOUVER,TORONTO,2025-06-27,16,Wainwright,WAIN,2025-06-29T06:43:17Z,2025-06-29T06:14:00Z,3h16,bad,29.0
2 (06-27),True,False,VANCOUVER,TORONTO,2025-06-27,17,Unity,UNIT,&mdash;,2025-06-29T07:47:00Z,&mdash;,,
2 (06-27),True,False,VANCOUVER,TORONTO,2025-06-27,18,Biggar,BIGG,&mdash;,2025-06-29T09:21:00Z,&mdash;,,
2 (06-27),True,False,VANCOUVER,TORONTO,2025-06-27,19,Saskatoon,SASK,&mdash;,2025-06-29T11:57:00Z,&mdash;,,
2 (06-27),True,False,VANCOUVER,TORONTO,2025-06-27,20,Watrous,WATR,&mdash;,2025-06-29T14:26:00Z,&mdash;,,
692 (06-28),True,False,CHURCHILL,WINNIPEG,2025-06-28,0,Churchill,CHUR,2025-06-29T01:30:00Z,2025-06-29T01:30:00Z,ARR,goo,0.0
692 (06-28),True,False,CHURCHILL,WINNIPEG,2025-06-28,1,Tidal,TIDL,2025-06-29T01:57:48Z,2025-06-29T01:52:00Z,ARR,med,5.0
692 (06-28),True,False,CHURCHILL,WINNIPEG,2025-06-28,2,Chesnaye,CHES,2025-06-29T02:59:06Z,2025-06-29T02:38:00Z,ARR,bad,21.0
692 (06-28),True,False,CHURCHILL,WINNIPEG,2025-06-28,3,M'Clintock,MCLI,2025-06-29T04:18:39Z,2025-06-29T03:54:00Z,52 mins,bad,24.0
692 (06-28),True,False,CHURCHILL,WINNIPEG,2025-06-28,4,O'Day,ODAY,2025-06-29T05:03:39Z,2025-06-29T04:39:00Z,1h37,bad,24.0
692 (06-28),True,False,CHURCHILL,WINNIPEG,2025-06-28,5,Herchmer,HERC,2025-06-29T05:42:39Z,2025-06-29T05:18:00Z,2h16,bad,24.0
692 (06-28),True,False,CHURCHILL,WINNIPEG,2025-06-28,6,Thibaudeau,THIB,2025-06-29T07:08:39Z,2025-06-29T06:44:00Z,3h42,bad,24.0
692 (06-28),True,False,CHURCHILL,WINNIPEG,2025-06-28,7,Weir River,WEIR,2025-06-29T08:10:39Z,2025-06-29T07:46:00Z,4h44,bad,24.0
692 (06-28),True,False,CHURCHILL,WINNIPEG,2025-06-28,8,Amery,AMRY,2025-06-29T09:01:39Z,2025-06-29T08:37:00Z,5h35,bad,24.0
692 (06-28),True,False,CHURCHILL,WINNIPEG,2025-06-28,9,Bird,BIRD,2025-06-29T09:24:39Z,2025-06-29T09:00:00Z,5h58,bad,24.0
692 (06-28),True,False,CHURCHILL,WINNIPEG,2025-06-28,10,Gillam,GILL,2025-06-29T10:24:39Z,2025-06-29T10:00:00Z,6h58,bad,24.0
692 (06-28),True,False,CHURCHILL,WINNIPEG,2025-06-28,11,Wivenhoe,WVHO,2025-06-29T11:40:39Z,2025-06-29T11:16:00Z,8h14,bad,24.0
692 (06-28),True,False,CHURCHILL,WINNIPEG,2025-06-28,12,Ilford,ILFO,2025-06-29T12:17:39Z,2025-06-29T11:53:00Z,8h51,bad,24.0
692 (06-28),True,False,CHURCHILL,WINNIPEG,2025-06-28,13,Pit Siding,PITS,2025-06-29T13:18:39Z,2025-06-29T12:54:00Z,9h52,bad,24.0
692 (06-28),True,False,CHURCHILL,WINNIPEG,2025-06-28,14,Bridgar,BRGR,2025-06-29T14:40:39Z,2025-06-29T14:16:00Z,11h14,bad,24.0
692 (06-28),True,False,CHURCHILL,WINNIPEG,2025-06-28,15,Pikwitonei,PIKW,2025-06-29T14:51:39Z,2025-06-29T14:27:00Z,11h25,bad,24.0
692 (06-28),True,False,CHURCHILL,WINNIPEG,2025-06-28,16,Sipiwesk,SIPI,2025-06-29T15:18:39Z,2025-06-29T14:54:00Z,11h52,bad,24.0
692 (06-28),True,False,CHURCHILL,WINNIPEG,2025-06-28,17,Thompson,THOM,2025-06-29T16:54:39Z,2025-06-29T16:30:00Z,13h28,bad,24.0
15,True,True,HALIFAX,MONTRÉAL,2025-06-27,0,Halifax,HLFX,2025-06-27T14:35:01Z,2025-06-27T14:30:00Z,ARR,med,5.0
15,True,True,HALIFAX,MONTRÉAL,2025-06-27,1,Truro,TRUR,2025-06-27T16:02:36Z,2025-06-27T15:56:00Z,ARR,med,6.0
15,True,True,HALIFAX,MONTRÉAL,2025-06-27,2,Springhill Jct,SPRJ,2025-06-27T17:21:33Z,2025-06-27T17:12:00Z,ARR,med,9.0
15,True,True,HALIFAX,MONTRÉAL,2025-06-27,3,Amherst,AMHS,2025-06-27T17:42:29Z,2025-06-27T17:35:00Z,ARR,med,7.0
15,True,True,HALIFAX,MONTRÉAL,2025-06-27,4,Sackville,SACK,2025-06-27T18:02:48Z,2025-06-27T17:52:00Z,ARR,med,10.0
15,True,True,HALIFAX,MONTRÉAL,2025-06-27,5,Moncton,MCTN,2025-06-27T18:49:54Z,2025-06-27T18:47:00Z,ARR,goo,2.0
15,True,True,HALIFAX,MONTRÉAL,2025-06-27,6,Rogersville,RGRV,2025-06-27T20:34:06Z,2025-06-27T20:01:00Z,ARR,bad,33.0
15,True,True,HALIFAX,MONTRÉAL,2025-06-27,7,Miramichi,MIRA,2025-06-27T21:23:01Z,2025-06-27T20:52:00Z,ARR,bad,31.0
15,True,True,HALIFAX,MONTRÉAL,2025-06-27,8,Bathurst,BTRS,2025-06-27T23:00:00Z,2025-06-27T22:48:00Z,ARR,med,12.0
15,True,True,HALIFAX,MONTRÉAL,2025-06-27,9,Petit Rocher,PROC,2025-06-27T23:23:51Z,2025-06-27T23:17:00Z,ARR,med,6.0
15,True,True,HALIFAX,MONTRÉAL,2025-06-27,10,Jacquet River,JACR,2025-06-27T23:50:59Z,2025-06-27T23:40:01Z,ARR,med,10.0
15,True,True,HALIFAX,MONTRÉAL,2025-06-27,11,Charlo,CHLO,2025-06-28T00:47:09Z,2025-06-28T00:04:00Z,ARR,bad,43.0
15,True,True,HALIFAX,MONTRÉAL,2025-06-27,12,Campbellton,CBTN,2025-06-28T02:06:32Z,2025-06-28T01:08:00Z,ARR,bad,58.0
15,True,True,HALIFAX,MONTRÉAL,2025-06-27,13,Matapedia,MTPD,2025-06-28T03:17:41Z,2025-06-28T01:50:00Z,ARR,bad,87.0
15,True,True,HALIFAX,MONTRÉAL,2025-06-27,14,Causapscal,CAUS,2025-06-28T04:13:02Z,2025-06-28T02:39:00Z,ARR,bad,94.0
15,True,True,HALIFAX,MONTRÉAL,2025-06-27,15,Amqui,AMQU,2025-06-28T04:38:39Z,2025-06-28T02:59:00Z,ARR,bad,99.0
15,True,True,HALIFAX,MONTRÉAL,2025-06-27,16,Sayabec,SAYA,2025-06-28T05:13:31Z,2025-06-28T03:21:00Z,ARR,bad,112.0
15,True,True,HALIFAX,MONTRÉAL,2025-06-27,17,Mont-Joli,MJLI,2025-06-28T06:23:48Z,2025-06-28T04:51:00Z,ARR,bad,92.0
15,True,True,HALIFAX,MONTRÉAL,2025-06-27,18,Rimouski,RMSK,2025-06-28T06:47:35Z,2025-06-28T05:24:00Z,ARR,bad,83.0
15,True,True,HALIFAX,MONTRÉAL,2025-06-27,19,Trois Pistoles,TPIS,2025-06-28T07:46:20Z,2025-06-28T06:31:00Z,ARR,bad,75.0
15,True,True,HALIFAX,MONTRÉAL,2025-06-27,20,Rivière-Du-Loup,RDLX,2025-06-28T08:24:07Z,2025-06-28T07:18:00Z,ARR,bad,66.0
15,True,True,HALIFAX,MONTRÉAL,2025-06-27,21,La Pocatière,LPOC,2025-06-28T09:09:37Z,2025-06-28T08:05:00Z,ARR,bad,64.0
15,True,True,HALIFAX,MONTRÉAL,2025-06-27,22,Montmagny,MMGY,2025-06-28T09:36:58Z,2025-06-28T08:39:00Z,ARR,bad,57.0
15,True,True,HALIFAX,MONTRÉAL,2025-06-27,23,Ste-Foy,SFOY,2025-06-28T10:32:19Z,2025-06-28T10:13:00Z,ARR,bad,19.0
15,True,True,HALIFAX,MONTRÉAL,2025-06-27,24,Drummondville,DRMV,2025-06-28T12:54:55Z,2025-06-28T12:20:00Z,ARR,bad,34.0
15,True,True,HALIFAX,MONTRÉAL,2025-06-27,25,St. Hyacinthe,SHYA,2025-06-28T13:35:19Z,2025-06-28T13:00:00Z,ARR,bad,35.0
15,True,True,HALIFAX,MONTRÉAL,2025-06-27,26,St. Lambert,SLAM,2025-06-28T14:06:02Z,2025-06-28T13:34:00Z,ARR,bad,32.0
15,True,True,HALIFAX,MONTRÉAL,2025-06-27,27,Montréal,MTRL,2025-06-28T14:25:55Z,2025-06-28T13:53:00Z,ARR,bad,32.0
6,True,True,PRINCE RUPERT,JASPER,2025-06-27,0,Prince Rupert,PRUP,2025-06-27T15:00:00Z,2025-06-27T15:00:00Z,ARR,goo,0.0
6,True,True,PRINCE RUPERT,JASPER,2025-06-27,1,Cassiar Cannery,CASS,2025-06-27T15:33:08Z,2025-06-27T15:20:00Z,ARR,med,13.0
6,True,True,PRINCE RUPERT,JASPER,2025-06-27,2,Kwinitsa,KWIN,2025-06-27T16:11:57Z,2025-06-27T16:17:00Z,ARR,goo,-5.0
6,True,True,PRINCE RUPERT,JASPER,2025-06-27,3,Terrace,TRRC,2025-06-27T17:12:46Z,2025-06-27T17:20:00Z,ARR,goo,-7.0
6,True,True,PRINCE RUPERT,JASPER,2025-06-27,4,Usk,USKX,2025-06-27T17:48:16Z,2025-06-27T17:48:00Z,ARR,goo,0.0
6,True,True,PRINCE RUPERT,JASPER,2025-06-27,5,Pacific,PACI,2025-06-27T18:06:23Z,2025-06-27T18:07:00Z,ARR,goo,0.0
6,True,True,PRINCE RUPERT,JASPER,2025-06-27,6,Dorreen,DORR,2025-06-27T18:14:24Z,2025-06-27T18:19:00Z,ARR,goo,-4.0
6,True,True,PRINCE RUPERT,JASPER,2025-06-27,7,Cedarvale,CEDA,2025-06-27T18:32:36Z,2025-06-27T18:44:00Z,ARR,goo,-11.0
6,True,True,PRINCE RUPERT,JASPER,2025-06-27,8,Kitwanga,KITW,2025-06-27T18:53:24Z,2025-06-27T18:48:01Z,ARR,med,5.0
6,True,True,PRINCE RUPERT,JASPER,2025-06-27,9,New Hazelton,NHAZ,2025-06-27T19:34:46Z,2025-06-27T19:30:00Z,ARR,goo,4.0
6,True,True,PRINCE RUPERT,JASPER,2025-06-27,10,Smithers,SMTR,2025-06-27T20:42:02Z,2025-06-27T21:14:00Z,ARR,goo,-31.0
6,True,True,PRINCE RUPERT,JASPER,2025-06-27,11,Telkwa,TELK,2025-06-27T21:42:56Z,2025-06-27T21:37:00Z,ARR,med,5.0
6,True,True,PRINCE RUPERT,JASPER,2025-06-27,12,Houston,HOUS,2025-06-27T22:22:46Z,2025-06-27T22:22:00Z,ARR,goo,0.0
6,True,True,PRINCE RUPERT,JASPER,2025-06-27,13,Burns Lake,BRNL,2025-06-27T23:25:59Z,2025-06-27T23:32:00Z,ARR,goo,-6.0
6,True,True,PRINCE RUPERT,JASPER,2025-06-27,14,Endako,ENDA,2025-06-28T00:35:17Z,2025-06-28T00:25:00Z,ARR,med,10.0
6,True,True,PRINCE RUPERT,JASPER,2025-06-27,15,Fort Fraser,FFRA,2025-06-28T01:24:57Z,2025-06-28T00:57:00Z,ARR,bad,27.0
6,True,True,PRINCE RUPERT,JASPER,2025-06-27,16,Vanderhoof,VDRH,2025-06-28T02:37:56Z,2025-06-28T01:35:00Z,ARR,bad,62.0
6,True,True,PRINCE RUPERT,JASPER,2025-06-27,17,Prince George,PGEO,2025-06-28T04:18:54Z,2025-06-28T03:29:00Z,ARR,bad,49.0
6,True,True,PRINCE RUPERT,JASPER,2025-06-27,18,Willow River,WILR,2025-06-28T15:42:54Z,2025-06-28T15:48:00Z,ARR,goo,-5.0
6,True,True,PRINCE RUPERT,JASPER,2025-06-27,19,Aleza Lake,ALZL,2025-06-28T16:08:54Z,2025-06-28T16:17:00Z,ARR,goo,-8.0
6,True,True,PRINCE RUPERT,JASPER,2025-06-27,20,Upper Fraser,UFRZ,2025-06-28T16:25:00Z,2025-06-28T16:25:00Z,ARR,goo,0.0
6,True,True,PRINCE RUPERT,JASPER,2025-06-27,21,Mcgregor,MCGR,2025-06-28T16:33:00Z,2025-06-28T16:33:00Z,ARR,goo,0.0
6,True,True,PRINCE RUPERT,JASPER,2025-06-27,22,Sinclair Mills,SINM,2025-06-28T16:30:50Z,2025-06-28T16:44:00Z,ARR,goo,-13.0
6,True,True,PRINCE RUPERT,JASPER,2025-06-27,23,Hutton,HUTT,2025-06-28T16:48:00Z,2025-06-28T16:48:00Z,ARR,goo,0.0
6,True,True,PRINCE RUPERT,JASPER,2025-06-27,24,Longworth,LWTH,2025-06-28T16:49:03Z,2025-06-28T16:59:00Z,ARR,goo,-9.0
6,True,True,PRINCE RUPERT,JASPER,2025-06-27,25,Penny,PENN,2025-06-28T17:21:09Z,2025-06-28T17:13:00Z,ARR,med,8.0
6,True,True,PRINCE RUPERT,JASPER,2025-06-27,26,Bend,BEND,2025-06-28T17:38:18Z,2025-06-28T17:32:00Z,ARR,med,6.0
6,True,True,PRINCE RUPERT,JASPER,2025-06-27,27,Dome Creek,DOMC,2025-06-28T17:40:08Z,2025-06-28T17:33:07Z,ARR,med,7.0
6,True,True,PRINCE RUPERT,JASPER,2025-06-27,28,Loos,LOOS,2025-06-28T18:43:30Z,2025-06-28T18:07:00Z,ARR,bad,36.0
6,True,True,PRINCE RUPERT,JASPER,2025-06-27,29,Goat River,GOAT,2025-06-28T18:57:54Z,2025-06-28T18:22:00Z,ARR,bad,35.0
6,True,True,PRINCE RUPERT,JASPER,2025-06-27,30,Mcbride,MCBR,2025-06-28T19:52:34Z,2025-06-28T19:18:00Z,ARR,bad,34.0
6,True,True,PRINCE RUPERT,JASPER,2025-06-27,31,Dunster,DNST,2025-06-28T20:31:20Z,2025-06-28T19:35:00Z,ARR,bad,56.0
6,True,True,PRINCE RUPERT,JASPER,2025-06-27,32,Harvey,HRVY,2025-06-28T21:07:32Z,2025-06-28T20:24:00Z,ARR,bad,43.0
6,True,True,PRINCE RUPERT,JASPER,2025-06-27,33,Jasper,JASP,2025-06-28T22:53:58Z,2025-06-28T23:00:00Z,ARR,goo,-6.0
691,True,True,THE PAS,CHURCHILL,2025-06-27,0,The Pas,TPAS,2025-06-27T07:38:50Z,2025-06-27T07:30:00Z,ARR,med,8.0
691,True,True,THE PAS,CHURCHILL,2025-06-27,1,Orok,OROK,2025-06-27T08:15:44Z,2025-06-27T08:07:00Z,ARR,med,8.0
691,True,True,THE PAS,CHURCHILL,2025-06-27,2,Halcrow,HALC,2025-06-27T09:04:08Z,2025-06-27T09:01:00Z,ARR,goo,3.0
691,True,True,THE PAS,CHURCHILL,2025-06-27,3,Cormorant,CORM,2025-06-27T09:15:08Z,2025-06-27T09:12:00Z,ARR,goo,3.0
691,True,True,THE PAS,CHURCHILL,2025-06-27,4,Dering,DERI,2025-06-27T09:23:08Z,2025-06-27T09:20:00Z,ARR,goo,3.0
691,True,True,THE PAS,CHURCHILL,2025-06-27,5,Dyce,DYCE,2025-06-27T10:02:08Z,2025-06-27T09:59:00Z,ARR,goo,3.0
691,True,True,THE PAS,CHURCHILL,2025-06-27,6,Wekusko,WEKU,2025-06-27T10:37:29Z,2025-06-27T10:43:00Z,ARR,goo,-5.0
691,True,True,THE PAS,CHURCHILL,2025-06-27,7,Turnbull,TURN,2025-06-27T11:05:32Z,2025-06-27T11:10:00Z,ARR,goo,-4.0
691,True,True,THE PAS,CHURCHILL,2025-06-27,8,Ponton,PNTN,2025-06-27T11:32:56Z,2025-06-27T11:42:00Z,ARR,goo,-9.0
691,True,True,THE PAS,CHURCHILL,2025-06-27,9,Pipun,PIPN,2025-06-27T12:21:01Z,2025-06-27T12:25:00Z,ARR,goo,-3.0
691,True,True,THE PAS,CHURCHILL,2025-06-27,10,Wabowden,WBDN,2025-06-27T12:35:18Z,2025-06-27T12:48:00Z,ARR,goo,-12.0
691,True,True,THE PAS,CHURCHILL,2025-06-27,11,Lyddal,LYDD,2025-06-27T13:09:28Z,2025-06-27T13:16:00Z,ARR,goo,-6.0
691,True,True,THE PAS,CHURCHILL,2025-06-27,12,Odhill,ODHI,2025-06-27T13:29:17Z,2025-06-27T13:38:00Z,ARR,goo,-8.0
691,True,True,THE PAS,CHURCHILL,2025-06-27,13,Hockin,HOCK,2025-06-27T14:08:23Z,2025-06-27T14:22:00Z,ARR,goo,-13.0
691,True,True,THE PAS,CHURCHILL,2025-06-27,14,Thicket Portage,THKP,2025-06-27T14:37:00Z,2025-06-27T14:37:00Z,ARR,goo,0.0
691,True,True,THE PAS,CHURCHILL,2025-06-27,15,Leven,LEVN,2025-06-27T14:48:40Z,2025-06-27T14:54:00Z,ARR,goo,-5.0
691,True,True,THE PAS,CHURCHILL,2025-06-27,16,Thompson,THOM,2025-06-27T18:19:46Z,2025-06-27T17:00:00Z,ARR,bad,79.0
691,True,True,THE PAS,CHURCHILL,2025-06-27,17,Sipiwesk,SIPI,2025-06-27T23:26:12Z,2025-06-27T23:35:00Z,ARR,goo,-8.0
691,True,True,THE PAS,CHURCHILL,2025-06-27,18,Pikwitonei,PIKW,2025-06-27T23:49:59Z,2025-06-28T00:02:00Z,ARR,goo,-12.0
691,True,True,THE PAS,CHURCHILL,2025-06-27,19,Bridgar,BRGR,2025-06-28T00:13:00Z,2025-06-28T00:13:00Z,ARR,goo,0.0
691,True,True,THE PAS,CHURCHILL,2025-06-27,20,Pit Siding,PITS,2025-06-28T01:35:44Z,2025-06-28T01:35:00Z,ARR,goo,0.0
691,True,True,THE PAS,CHURCHILL,2025-06-27,21,Ilford,ILFO,2025-06-28T02:42:00Z,2025-06-28T02:36:00Z,ARR,med,6.0
691,True,True,THE PAS,CHURCHILL,2025-06-27,22,Wivenhoe,WVHO,2025-06-28T03:48:26Z,2025-06-28T03:13:00Z,ARR,bad,35.0
691,True,True,THE PAS,CHURCHILL,2025-06-27,23,Gillam,GILL,2025-06-28T04:33:42Z,2025-06-28T04:00:01Z,ARR,bad,33.0
691,True,True,THE PAS,CHURCHILL,2025-06-27,24,Bird,BIRD,2025-06-28T05:40:44Z,2025-06-28T05:29:00Z,ARR,med,11.0
691,True,True,THE PAS,CHURCHILL,2025-06-27,25,Amery,AMRY,2025-06-28T06:16:03Z,2025-06-28T05:51:00Z,ARR,bad,25.0
691,True,True,THE PAS,CHURCHILL,2025-06-27,26,Weir River,WEIR,2025-06-28T07:16:06Z,2025-06-28T06:43:00Z,ARR,bad,33.0
691,True,True,THE PAS,CHURCHILL,2025-06-27,27,Thibaudeau,THIB,2025-06-28T08:02:02Z,2025-06-28T08:00:00Z,ARR,goo,2.0
691,True,True,THE PAS,CHURCHILL,2025-06-27,28,Herchmer,HERC,2025-06-28T09:05:22Z,2025-06-28T09:26:00Z,ARR,goo,-20.0
691,True,True,THE PAS,CHURCHILL,2025-06-27,29,O'Day,ODAY,2025-06-28T10:05:00Z,2025-06-28T10:05:00Z,ARR,goo,0.0
691,True,True,THE PAS,CHURCHILL,2025-06-27,30,M'Clintock,MCLI,2025-06-28T10:18:59Z,2025-06-28T10:50:00Z,ARR,goo,-31.0
691,True,True,THE PAS,CHURCHILL,2025-06-27,31,Chesnaye,CHES,2025-06-28T12:06:00Z,2025-06-28T12:06:00Z,ARR,goo,0.0
691,True,True,THE PAS,CHURCHILL,2025-06-27,32,Tidal,TIDL,2025-06-28T12:26:50Z,2025-06-28T13:37:00Z,ARR,goo,-70.0
691,True,True,THE PAS,CHURCHILL,2025-06-27,33,Churchill,CHUR,2025-06-28T13:14:12Z,2025-06-28T14:00:00Z,ARR,goo,-45.0
5,True,False,JASPER,PRINCE RUPERT,2025-06-27,0,Jasper,JASP,2025-06-27T16:45:56Z,2025-06-27T16:45:00Z,ARR,goo,0.0
5,True,False,JASPER,PRINCE RUPERT,2025-06-27,1,Harvey,HRVY,2025-06-27T18:26:41Z,2025-06-27T18:38:00Z,ARR,goo,-11.0
5,True,False,JASPER,PRINCE RUPERT,2025-06-27,2,Dunster,DNST,2025-06-27T18:58:15Z,2025-06-27T19:12:00Z,ARR,goo,-13.0
5,True,False,JASPER,PRINCE RUPERT,2025-06-27,3,Mcbride,MCBR,2025-06-27T21:29:44Z,2025-06-27T19:44:00Z,ARR,bad,105.0
5,True,False,JASPER,PRINCE RUPERT,2025-06-27,4,Goat River,GOAT,2025-06-27T22:23:26Z,2025-06-27T20:41:00Z,ARR,bad,102.0
5,True,False,JASPER,PRINCE RUPERT,2025-06-27,5,Loos,LOOS,2025-06-27T22:37:09Z,2025-06-27T20:58:00Z,ARR,bad,99.0
5,True,False,JASPER,PRINCE RUPERT,2025-06-27,6,Dome Creek,DOMC,2025-06-27T23:04:00Z,2025-06-27T21:32:00Z,ARR,bad,92.0
5,True,False,JASPER,PRINCE RUPERT,2025-06-27,7,Bend,BEND,2025-06-27T23:06:37Z,2025-06-27T21:36:00Z,ARR,bad,90.0
5,True,False,JASPER,PRINCE RUPERT,2025-06-27,8,Penny,PENN,2025-06-27T23:23:59Z,2025-06-27T21:56:00Z,ARR,bad,87.0
5,True,False,JASPER,PRINCE RUPERT,2025-06-27,9,Longworth,LWTH,2025-06-27T23:35:06Z,2025-06-27T22:11:00Z,ARR,bad,84.0
5,True,False,JASPER,PRINCE RUPERT,2025-06-27,10,Hutton,HUTT,2025-06-27T23:46:55Z,2025-06-27T22:24:00Z,ARR,bad,82.0
5,True,False,JASPER,PRINCE RUPERT,2025-06-27,11,Sinclair Mills,SINM,2025-06-27T23:52:55Z,2025-06-27T22:30:00Z,ARR,bad,82.0
5,True,False,JASPER,PRINCE RUPERT,2025-06-27,12,Mcgregor,MCGR,2025-06-28T00:01:53Z,2025-06-27T22:43:00Z,ARR,bad,78.0
5,True,False,JASPER,PRINCE RUPERT,2025-06-27,13,Upper Fraser,UFRZ,2025-06-28T00:10:53Z,2025-06-27T22:52:00Z,ARR,bad,78.0
5,True,False,JASPER,PRINCE RUPERT,2025-06-27,14,Aleza Lake,ALZL,2025-06-28T00:19:53Z,2025-06-27T23:01:00Z,ARR,bad,78.0
5,True,False,JASPER,PRINCE RUPERT,2025-06-27,15,Willow River,WILR,2025-06-28T00:59:15Z,2025-06-27T23:31:00Z,ARR,bad,88.0
5,True,False,JASPER,PRINCE RUPERT,2025-06-27,16,Prince George,PGEO,2025-06-28T01:28:35Z,2025-06-28T00:08:00Z,ARR,bad,80.0
5,True,False,JASPER,PRINCE RUPERT,2025-06-27,17,Vanderhoof,VDRH,2025-06-28T16:49:16Z,2025-06-28T16:55:00Z,ARR,goo,-5.0
5,True,False,JASPER,PRINCE RUPERT,2025-06-27,18,Fort Fraser,FFRA,2025-06-28T17:32:00Z,2025-06-28T17:32:00Z,ARR,goo,0.0
5,True,False,JASPER,PRINCE RUPERT,2025-06-27,19,Endako,ENDA,2025-06-28T17:50:00Z,2025-06-28T17:50:00Z,ARR,goo,0.0
5,True,False,JASPER,PRINCE RUPERT,2025-06-27,20,Burns Lake,BRNL,2025-06-28T18:58:00Z,2025-06-28T18:58:00Z,ARR,goo,0.0
5,True,False,JASPER,PRINCE RUPERT,2025-06-27,21,Houston,HOUS,2025-06-28T20:17:24Z,2025-06-28T20:08:00Z,ARR,med,9.0
5,True,False,JASPER,PRINCE RUPERT,2025-06-27,22,Telkwa,TELK,2025-06-28T21:05:37Z,2025-06-28T20:52:00Z,ARR,med,13.0
5,True,False,JASPER,PRINCE RUPERT,2025-06-27,23,Smithers,SMTR,2025-06-28T23:06:48Z,2025-06-28T21:10:00Z,ARR,bad,116.0
5,True,False,JASPER,PRINCE RUPERT,2025-06-27,24,New Hazelton,NHAZ,2025-06-29T00:30:50Z,2025-06-28T22:37:00Z,ARR,bad,113.0
5,True,False,JASPER,PRINCE RUPERT,2025-06-27,25,Kitwanga,KITW,2025-06-29T01:13:05Z,2025-06-28T23:27:00Z,ARR,bad,106.0
5,True,False,JASPER,PRINCE RUPERT,2025-06-27,26,Cedarvale,CEDA,2025-06-29T01:30:59Z,2025-06-28T23:51:00Z,ARR,bad,99.0
5,True,False,JASPER,PRINCE RUPERT,2025-06-27,27,Dorreen,DORR,2025-06-29T01:49:47Z,2025-06-29T00:12:00Z,ARR,bad,97.0
5,True,False,JASPER,PRINCE RUPERT,2025-06-27,28,Pacific,PACI,2025-06-29T01:56:47Z,2025-06-29T00:21:00Z,ARR,bad,95.0
5,True,False,JASPER,PRINCE RUPERT,2025-06-27,29,Usk,USKX,2025-06-29T02:12:02Z,2025-06-29T00:40:00Z,ARR,bad,92.0
5,True,False,JASPER,PRINCE RUPERT,2025-06-27,30,Terrace,TRRC,2025-06-29T02:28:43Z,2025-06-29T01:00:00Z,ARR,bad,88.0
5,True,False,JASPER,PRINCE RUPERT,2025-06-27,31,Kwinitsa,KWIN,2025-06-29T03:27:29Z,2025-06-29T02:09:00Z,< 1 min,bad,78.0
5,True,False,JASPER,PRINCE RUPERT,2025-06-27,32,Cassiar Cannery,CASS,2025-06-29T04:03:29Z,2025-06-29T02:45:00Z,36 mins,bad,78.0
5,True,False,JASPER,PRINCE RUPERT,2025-06-27,33,Prince Rupert,PRUP,2025-06-29T04:43:29Z,2025-06-29T03:25:00Z,1h16,bad,78.0
14,True,True,MONTRÉAL,HALIFAX,2025-06-27,0,Montréal,MTRL,2025-06-27T22:36:10Z,2025-06-27T22:30:00Z,ARR,med,6.0
14,True,True,MONTRÉAL,HALIFAX,2025-06-27,1,St. Lambert,SLAM,2025-06-27T22:51:59Z,2025-06-27T22:45:00Z,ARR,med,6.0
14,True,True,MONTRÉAL,HALIFAX,2025-06-27,2,St. Hyacinthe,SHYA,2025-06-27T23:28:02Z,2025-06-27T23:23:00Z,ARR,med,5.0
14,True,True,MONTRÉAL,HALIFAX,2025-06-27,3,Drummondville,DRMV,2025-06-28T00:38:55Z,2025-06-28T00:04:00Z,ARR,bad,34.0
14,True,True,MONTRÉAL,HALIFAX,2025-06-27,4,Ste-Foy,SFOY,2025-06-28T02:11:30Z,2025-06-28T01:48:00Z,ARR,bad,23.0
14,True,True,MONTRÉAL,HALIFAX,2025-06-27,5,Montmagny,MMGY,2025-06-28T04:20:33Z,2025-06-28T03:17:00Z,ARR,bad,63.0
14,True,True,MONTRÉAL,HALIFAX,2025-06-27,6,La Pocatière,LPOC,2025-06-28T04:48:04Z,2025-06-28T03:50:00Z,ARR,bad,58.0
14,True,True,MONTRÉAL,HALIFAX,2025-06-27,7,Rivière-Du-Loup,RDLX,2025-06-28T05:35:45Z,2025-06-28T04:31:00Z,ARR,bad,64.0
14,True,True,MONTRÉAL,HALIFAX,2025-06-27,8,Trois Pistoles,TPIS,2025-06-28T06:11:20Z,2025-06-28T05:15:00Z,ARR,bad,56.0
14,True,True,MONTRÉAL,HALIFAX,2025-06-27,9,Rimouski,RMSK,2025-06-28T07:26:58Z,2025-06-28T06:24:00Z,ARR,bad,62.0
14,True,True,MONTRÉAL,HALIFAX,2025-06-27,10,Mont-Joli,MJLI,2025-06-28T07:57:52Z,2025-06-28T07:04:00Z,ARR,bad,53.0
14,True,True,MONTRÉAL,HALIFAX,2025-06-27,11,Sayabec,SAYA,2025-06-28T09:00:08Z,2025-06-28T08:09:00Z,ARR,bad,51.0
14,True,True,MONTRÉAL,HALIFAX,2025-06-27,12,Amqui,AMQU,2025-06-28T09:33:29Z,2025-06-28T08:30:00Z,ARR,bad,63.0
14,True,True,MONTRÉAL,HALIFAX,2025-06-27,13,Causapscal,CAUS,2025-06-28T09:59:09Z,2025-06-28T08:52:00Z,ARR,bad,67.0
14,True,True,MONTRÉAL,HALIFAX,2025-06-27,14,Matapedia,MTPD,2025-06-28T10:54:39Z,2025-06-28T09:38:00Z,ARR,bad,76.0
14,True,True,MONTRÉAL,HALIFAX,2025-06-27,15,Campbellton,CBTN,2025-06-28T11:29:48Z,2025-06-28T10:23:00Z,ARR,bad,66.0
14,True,True,MONTRÉAL,HALIFAX,2025-06-27,16,Charlo,CHLO,2025-06-28T12:55:35Z,2025-06-28T11:06:00Z,ARR,bad,109.0
14,True,True,MONTRÉAL,HALIFAX,2025-06-27,17,Jacquet River,JACR,2025-06-28T13:49:17Z,2025-06-28T11:30:00Z,ARR,bad,139.0
14,True,True,MONTRÉAL,HALIFAX,2025-06-27,18,Petit Rocher,PROC,2025-06-28T14:17:44Z,2025-06-28T11:53:00Z,ARR,bad,144.0
14,True,True,MONTRÉAL,HALIFAX,2025-06-27,19,Bathurst,BTRS,2025-06-28T14:38:01Z,2025-06-28T12:42:00Z,ARR,bad,116.0
14,True,True,MONTRÉAL,HALIFAX,2025-06-27,20,Miramichi,MIRA,2025-06-28T16:14:26Z,2025-06-28T14:33:00Z,ARR,bad,101.0
14,True,True,MONTRÉAL,HALIFAX,2025-06-27,21,Rogersville,RGRV,2025-06-28T17:04:34Z,2025-06-28T15:28:00Z,ARR,bad,96.0
14,True,True,MONTRÉAL,HALIFAX,2025-06-27,22,Moncton,MCTN,2025-06-28T18:18:24Z,2025-06-28T16:38:00Z,ARR,bad,100.0
14,True,True,MONTRÉAL,HALIFAX,2025-06-27,23,Sackville,SACK,2025-06-28T19:32:13Z,2025-06-28T17:38:00Z,ARR,bad,114.0
14,True,True,MONTRÉAL,HALIFAX,2025-06-27,24,Amherst,AMHS,2025-06-28T19:46:15Z,2025-06-28T17:54:00Z,ARR,bad,112.0
14,True,True,MONTRÉAL,HALIFAX,2025-06-27,25,Springhill Jct,SPRJ,2025-06-28T20:10:17Z,2025-06-28T18:18:00Z,ARR,bad,112.0
14,True,True,MONTRÉAL,HALIFAX,2025-06-27,26,Truro,TRUR,2025-06-28T21:23:20Z,2025-06-28T19:32:00Z,ARR,bad,111.0
14,True,True,MONTRÉAL,HALIFAX,2025-06-27,27,Halifax,HLFX,2025-06-28T22:55:27Z,2025-06-28T21:06:00Z,ARR,bad,109.0
24,True,True,OTTAWA,QUÉBEC,2025-06-28,0,Ottawa,OTTW,2025-06-28T14:13:00Z,2025-06-28T14:13:00Z,ARR,goo,0.0
24,True,True,OTTAWA,QUÉBEC,2025-06-28,1,Alexandria,ALEX,2025-06-28T15:01:29Z,2025-06-28T15:03:00Z,ARR,goo,-1.0
24,True,True,OTTAWA,QUÉBEC,2025-06-28,2,Coteau,COTO,2025-06-28T15:21:28Z,2025-06-28T15:26:00Z,ARR,goo,-4.0
24,True,True,OTTAWA,QUÉBEC,2025-06-28,3,Dorval,DORV,2025-06-28T15:46:13Z,2025-06-28T15:50:00Z,ARR,goo,-3.0
24,True,True,OTTAWA,QUÉBEC,2025-06-28,4,Montréal,MTRL,2025-06-28T16:10:55Z,2025-06-28T16:15:00Z,ARR,goo,-4.0
24,True,True,OTTAWA,QUÉBEC,2025-06-28,5,St. Lambert,SLAM,2025-06-28T17:02:12Z,2025-06-28T16:58:00Z,ARR,goo,4.0
24,True,True,OTTAWA,QUÉBEC,2025-06-28,6,St. Hyacinthe,SHYA,2025-06-28T17:31:21Z,2025-06-28T17:26:00Z,ARR,med,5.0
24,True,True,OTTAWA,QUÉBEC,2025-06-28,7,Drummondville,DRMV,2025-06-28T17:59:27Z,2025-06-28T17:54:00Z,ARR,med,5.0
24,True,True,OTTAWA,QUÉBEC,2025-06-28,8,Charny,CHNY,2025-06-28T19:30:25Z,2025-06-28T19:38:00Z,ARR,goo,-7.0
24,True,True,OTTAWA,QUÉBEC,2025-06-28,9,Ste-Foy,SFOY,2025-06-28T19:47:21Z,2025-06-28T19:45:00Z,ARR,goo,2.0
24,True,True,OTTAWA,QUÉBEC,2025-06-28,10,Québec,QBEC,2025-06-28T20:22:41Z,2025-06-28T20:12:00Z,ARR,med,10.0
37,True,True,QUÉBEC,OTTAWA,2025-06-28,0,Québec,QBEC,2025-06-28T16:38:40Z,2025-06-28T16:32:00Z,ARR,med,6.0
37,True,True,QUÉBEC,OTTAWA,2025-06-28,1,Ste-Foy,SFOY,2025-06-28T17:07:17Z,2025-06-28T16:57:00Z,ARR,med,10.0
37,True,True,QUÉBEC,OTTAWA,2025-06-28,2,Drummondville,DRMV,2025-06-28T19:02:03Z,2025-06-28T18:44:00Z,ARR,bad,18.0
37,True,True,QUÉBEC,OTTAWA,2025-06-28,3,St. Hyacinthe,SHYA,2025-06-28T19:36:20Z,2025-06-28T19:12:00Z,ARR,bad,24.0
37,True,True,QUÉBEC,OTTAWA,2025-06-28,4,St. Lambert,SLAM,2025-06-28T20:09:30Z,2025-06-28T19:39:00Z,ARR,bad,30.0
37,True,True,QUÉBEC,OTTAWA,2025-06-28,5,Montréal,MTRL,2025-06-28T20:24:29Z,2025-06-28T19:54:00Z,ARR,bad,30.0
37,True,True,QUÉBEC,OTTAWA,2025-06-28,6,Dorval,DORV,2025-06-28T21:11:58Z,2025-06-28T20:54:00Z,ARR,bad,17.0
37,True,True,QUÉBEC,OTTAWA,2025-06-28,7,Coteau,COTO,2025-06-28T21:42:09Z,2025-06-28T21:23:00Z,ARR,bad,19.0
37,True,True,QUÉBEC,OTTAWA,2025-06-28,8,Alexandria,ALEX,2025-06-28T22:03:24Z,2025-06-28T21:45:00Z,ARR,bad,18.0
37,True,True,QUÉBEC,OTTAWA,2025-06-28,9,Ottawa,OTTW,2025-06-28T22:57:10Z,2025-06-28T22:37:00Z,ARR,bad,20.0
41,True,True,OTTAWA,TORONTO,2025-06-28,0,Ottawa,OTTW,2025-06-28T09:22:00Z,2025-06-28T09:21:00Z,ARR,goo,1.0
41,True,True,OTTAWA,TORONTO,2025-06-28,1,Fallowfield,FALL,2025-06-28T09:38:23Z,2025-06-28T09:38:00Z,ARR,goo,0.0
41,True,True,OTTAWA,TORONTO,2025-06-28,2,Smiths Falls,SMTF,2025-06-28T10:09:50Z,2025-06-28T10:08:00Z,ARR,goo,1.0
41,True,True,OTTAWA,TORONTO,2025-06-28,3,Brockville,BRKV,2025-06-28T10:43:33Z,2025-06-28T10:40:00Z,ARR,goo,3.0
41,True,True,OTTAWA,TORONTO,2025-06-28,4,Kingston,KGON,2025-06-28T11:26:42Z,2025-06-28T11:25:00Z,ARR,goo,1.0
41,True,True,OTTAWA,TORONTO,2025-06-28,5,Napanee,NAPN,2025-06-28T11:51:39Z,2025-06-28T11:49:00Z,ARR,goo,2.0
41,True,True,OTTAWA,TORONTO,2025-06-28,6,Belleville,BLVL,2025-06-28T12:11:43Z,2025-06-28T12:07:00Z,ARR,goo,4.0
41,True,True,OTTAWA,TORONTO,2025-06-28,7,Trenton Jct.,TRNJ,2025-06-28T12:25:40Z,2025-06-28T12:20:00Z,ARR,med,5.0
41,True,True,OTTAWA,TORONTO,2025-06-28,8,Cobourg,CBRG,2025-06-28T12:51:07Z,2025-06-28T12:44:00Z,ARR,med,7.0
41,True,True,OTTAWA,TORONTO,2025-06-28,9,Oshawa,OSHA,2025-06-28T13:31:51Z,2025-06-28T13:19:00Z,ARR,med,12.0
41,True,True,OTTAWA,TORONTO,2025-06-28,10,Toronto,TRTO,2025-06-28T14:15:11Z,2025-06-28T14:02:00Z,ARR,med,13.0
50,True,True,TORONTO,OTTAWA,2025-06-28,0,Toronto,TRTO,2025-06-28T10:32:20Z,2025-06-28T10:32:00Z,ARR,goo,0.0
50,True,True,TORONTO,OTTAWA,2025-06-28,1,Guildwood,GUIL,2025-06-28T10:49:14Z,2025-06-28T10:50:00Z,ARR,goo,0.0
50,True,True,TORONTO,OTTAWA,2025-06-28,2,Oshawa,OSHA,2025-06-28T11:09:07Z,2025-06-28T11:08:00Z,ARR,goo,1.0
50,True,True,TORONTO,OTTAWA,2025-06-28,3,Cobourg,CBRG,2025-06-28T11:44:15Z,2025-06-28T11:43:00Z,ARR,goo,1.0
50,True,True,TORONTO,OTTAWA,2025-06-28,4,Belleville,BLVL,2025-06-28T12:19:16Z,2025-06-28T12:18:00Z,ARR,goo,1.0
50,True,True,TORONTO,OTTAWA,2025-06-28,5,Kingston,KGON,2025-06-28T12:55:52Z,2025-06-28T12:57:00Z,ARR,goo,-1.0
50,True,True,TORONTO,OTTAWA,2025-06-28,6,Brockville,BRKV,2025-06-28T14:00:50Z,2025-06-28T13:54:00Z,ARR,med,6.0
50,True,True,TORONTO,OTTAWA,2025-06-28,7,Smiths Falls,SMTF,2025-06-28T14:30:45Z,2025-06-28T14:29:00Z,ARR,goo,1.0
50,True,True,TORONTO,OTTAWA,2025-06-28,8,Fallowfield,FALL,2025-06-28T15:13:29Z,2025-06-28T15:01:00Z,ARR,med,12.0
50,True,True,TORONTO,OTTAWA,2025-06-28,9,Ottawa,OTTW,2025-06-28T15:33:34Z,2025-06-28T15:21:00Z,ARR,med,12.0
52,True,True,TORONTO,OTTAWA,2025-06-28,0,Toronto,TRTO,2025-06-28T12:32:00Z,2025-06-28T12:32:00Z,ARR,goo,0.0
52,True,True,TORONTO,OTTAWA,2025-06-28,1,Guildwood,GUIL,2025-06-28T12:48:39Z,2025-06-28T12:50:00Z,ARR,goo,-1.0
52,True,True,TORONTO,OTTAWA,2025-06-28,2,Oshawa,OSHA,2025-06-28T13:09:46Z,2025-06-28T13:09:00Z,ARR,goo,0.0
52,True,True,TORONTO,OTTAWA,2025-06-28,3,Cobourg,CBRG,2025-06-28T13:43:39Z,2025-06-28T13:44:00Z,ARR,goo,0.0
52,True,True,TORONTO,OTTAWA,2025-06-28,4,Belleville,BLVL,2025-06-28T14:17:58Z,2025-06-28T14:20:00Z,ARR,goo,-2.0
52,True,True,TORONTO,OTTAWA,2025-06-28,5,Kingston,KGON,2025-06-28T14:56:18Z,2025-06-28T15:00:00Z,ARR,goo,-3.0
52,True,True,TORONTO,OTTAWA,2025-06-28,6,Brockville,BRKV,2025-06-28T16:01:51Z,2025-06-28T15:57:00Z,ARR,goo,4.0
52,True,True,TORONTO,OTTAWA,2025-06-28,7,Smiths Falls,SMTF,2025-06-28T16:42:56Z,2025-06-28T16:35:00Z,ARR,med,7.0
52,True,True,TORONTO,OTTAWA,2025-06-28,8,Fallowfield,FALL,2025-06-28T17:07:42Z,2025-06-28T17:11:00Z,ARR,goo,-3.0
52,True,True,TORONTO,OTTAWA,2025-06-28,9,Ottawa,OTTW,2025-06-28T17:28:08Z,2025-06-28T17:32:00Z,ARR,goo,-3.0
53,True,True,OTTAWA,TORONTO,2025-06-28,0,Brockville,BRKV,2025-06-28T17:19:49Z,2025-06-28T17:01:00Z,ARR,bad,18.0
53,True,True,OTTAWA,TORONTO,2025-06-28,1,Gananoque,GANA,2025-06-28T17:53:49Z,2025-06-28T17:31:00Z,ARR,bad,22.0
53,True,True,OTTAWA,TORONTO,2025-06-28,2,Kingston,KGON,2025-06-28T18:20:23Z,2025-06-28T17:54:00Z,ARR,bad,26.0
53,True,True,OTTAWA,TORONTO,2025-06-28,3,Belleville,BLVL,2025-06-28T19:10:04Z,2025-06-28T18:36:00Z,ARR,bad,34.0
53,True,True,OTTAWA,TORONTO,2025-06-28,4,Cobourg,CBRG,2025-06-28T19:58:09Z,2025-06-28T19:12:00Z,ARR,bad,46.0
53,True,True,OTTAWA,TORONTO,2025-06-28,5,Oshawa,OSHA,2025-06-28T20:54:13Z,2025-06-28T19:48:00Z,ARR,bad,66.0
53,True,True,OTTAWA,TORONTO,2025-06-28,6,Toronto,TRTO,2025-06-28T21:32:12Z,2025-06-28T20:33:00Z,ARR,bad,59.0
60,True,True,TORONTO,MONTRÉAL,2025-06-28,0,Toronto,TRTO,2025-06-28T10:32:02Z,2025-06-28T10:32:00Z,ARR,goo,0.0
60,True,True,TORONTO,MONTRÉAL,2025-06-28,1,Guildwood,GUIL,2025-06-28T10:49:08Z,2025-06-28T10:50:00Z,ARR,goo,0.0
60,True,True,TORONTO,MONTRÉAL,2025-06-28,2,Oshawa,OSHA,2025-06-28T11:09:04Z,2025-06-28T11:08:00Z,ARR,goo,1.0
60,True,True,TORONTO,MONTRÉAL,2025-06-28,3,Cobourg,CBRG,2025-06-28T11:44:12Z,2025-06-28T11:43:00Z,ARR,goo,1.0
60,True,True,TORONTO,MONTRÉAL,2025-06-28,4,Belleville,BLVL,2025-06-28T12:19:09Z,2025-06-28T12:18:00Z,ARR,goo,1.0
60,True,True,TORONTO,MONTRÉAL,2025-06-28,5,Kingston,KGON,2025-06-28T12:55:48Z,2025-06-28T12:57:00Z,ARR,goo,-1.0
60,True,True,TORONTO,MONTRÉAL,2025-06-28,6,Cornwall,CWLL,2025-06-28T14:36:17Z,2025-06-28T14:38:00Z,ARR,goo,-1.0
60,True,True,TORONTO,MONTRÉAL,2025-06-28,7,Dorval,DORV,2025-06-28T15:34:47Z,2025-06-28T15:25:00Z,ARR,med,9.0
60,True,True,TORONTO,MONTRÉAL,2025-06-28,8,Montréal,MTRL,2025-06-28T16:00:35Z,2025-06-28T15:50:00Z,ARR,med,10.0
61,True,True,MONTRÉAL,TORONTO,2025-06-28,0,Montréal,MTRL,2025-06-28T10:45:00Z,2025-06-28T10:45:00Z,ARR,goo,0.0
61,True,True,MONTRÉAL,TORONTO,2025-06-28,1,Dorval,DORV,2025-06-28T11:10:40Z,2025-06-28T11:08:00Z,ARR,goo,2.0
61,True,True,MONTRÉAL,TORONTO,2025-06-28,2,Cornwall,CWLL,2025-06-28T12:05:42Z,2025-06-28T12:01:00Z,ARR,goo,4.0
61,True,True,MONTRÉAL,TORONTO,2025-06-28,3,Kingston,KGON,2025-06-28T13:35:01Z,2025-06-28T13:29:00Z,ARR,med,6.0
61,True,True,MONTRÉAL,TORONTO,2025-06-28,4,Belleville,BLVL,2025-06-28T14:13:48Z,2025-06-28T14:11:00Z,ARR,goo,2.0
61,True,True,MONTRÉAL,TORONTO,2025-06-28,5,Oshawa,OSHA,2025-06-28T15:25:23Z,2025-06-28T15:19:00Z,ARR,med,6.0
61,True,True,MONTRÉAL,TORONTO,2025-06-28,6,Guildwood,GUIL,2025-06-28T15:46:36Z,2025-06-28T15:43:00Z,ARR,goo,3.0
61,True,True,MONTRÉAL,TORONTO,2025-06-28,7,Toronto,TRTO,2025-06-28T16:05:38Z,2025-06-28T16:03:00Z,ARR,goo,2.0
64,True,True,TORONTO,MONTRÉAL,2025-06-28,0,Toronto,TRTO,2025-06-28T15:38:44Z,2025-06-28T15:38:00Z,ARR,goo,0.0
64,True,True,TORONTO,MONTRÉAL,2025-06-28,1,Guildwood,GUIL,2025-06-28T15:55:02Z,2025-06-28T15:55:00Z,ARR,goo,0.0
64,True,True,TORONTO,MONTRÉAL,2025-06-28,2,Oshawa,OSHA,2025-06-28T16:14:18Z,2025-06-28T16:09:00Z,ARR,med,5.0
64,True,True,TORONTO,MONTRÉAL,2025-06-28,3,Cobourg,CBRG,2025-06-28T16:48:00Z,2025-06-28T16:46:00Z,ARR,goo,2.0
64,True,True,TORONTO,MONTRÉAL,2025-06-28,4,Belleville,BLVL,2025-06-28T17:26:08Z,2025-06-28T17:22:00Z,ARR,goo,4.0
64,True,True,TORONTO,MONTRÉAL,2025-06-28,5,Kingston,KGON,2025-06-28T18:04:58Z,2025-06-28T18:03:00Z,ARR,goo,1.0
64,True,True,TORONTO,MONTRÉAL,2025-06-28,6,Brockville,BRKV,2025-06-28T18:50:57Z,2025-06-28T18:52:00Z,ARR,goo,-1.0
64,True,True,TORONTO,MONTRÉAL,2025-06-28,7,Cornwall,CWLL,2025-06-28T19:39:16Z,2025-06-28T19:42:00Z,ARR,goo,-2.0
64,True,True,TORONTO,MONTRÉAL,2025-06-28,8,Dorval,DORV,2025-06-28T20:29:49Z,2025-06-28T20:37:00Z,ARR,goo,-7.0
64,True,True,TORONTO,MONTRÉAL,2025-06-28,9,Montréal,MTRL,2025-06-28T20:58:34Z,2025-06-28T21:05:00Z,ARR,goo,-6.0
65,True,True,MONTRÉAL,TORONTO,2025-06-28,0,Montréal,MTRL,2025-06-28T15:21:32Z,2025-06-28T14:49:00Z,ARR,bad,32.0
65,True,True,MONTRÉAL,TORONTO,2025-06-28,1,Dorval,DORV,2025-06-28T16:02:27Z,2025-06-28T15:12:00Z,ARR,bad,50.0
65,True,True,MONTRÉAL,TORONTO,2025-06-28,2,Cornwall,CWLL,2025-06-28T16:53:27Z,2025-06-28T16:06:00Z,ARR,bad,47.0
65,True,True,MONTRÉAL,TORONTO,2025-06-28,3,Kingston,KGON,2025-06-28T18:29:46Z,2025-06-28T17:36:00Z,ARR,bad,53.0
65,True,True,MONTRÉAL,TORONTO,2025-06-28,4,Belleville,BLVL,2025-06-28T19:09:41Z,2025-06-28T18:20:00Z,ARR,bad,49.0
65,True,True,MONTRÉAL,TORONTO,2025-06-28,5,Cobourg,CBRG,2025-06-28T19:47:09Z,2025-06-28T18:58:00Z,ARR,bad,49.0
65,True,True,MONTRÉAL,TORONTO,2025-06-28,6,Oshawa,OSHA,2025-06-28T20:22:41Z,2025-06-28T19:34:00Z,ARR,bad,48.0
65,True,True,MONTRÉAL,TORONTO,2025-06-28,7,Toronto,TRTO,2025-06-28T21:01:05Z,2025-06-28T20:18:00Z,ARR,bad,43.0
67,True,True,MONTRÉAL,TORONTO,2025-06-28,0,Montréal,MTRL,2025-06-28T17:31:00Z,2025-06-28T17:22:00Z,ARR,med,9.0
67,True,True,MONTRÉAL,TORONTO,2025-06-28,1,Dorval,DORV,2025-06-28T17:57:47Z,2025-06-28T17:47:00Z,ARR,med,10.0
67,True,True,MONTRÉAL,TORONTO,2025-06-28,2,Cornwall,CWLL,2025-06-28T18:57:39Z,2025-06-28T18:38:00Z,ARR,bad,19.0
67,True,True,MONTRÉAL,TORONTO,2025-06-28,3,Kingston,KGON,2025-06-28T20:29:30Z,2025-06-28T20:03:00Z,ARR,bad,26.0
67,True,True,MONTRÉAL,TORONTO,2025-06-28,4,Belleville,BLVL,2025-06-28T21:13:14Z,2025-06-28T20:42:00Z,ARR,bad,31.0
67,True,True,MONTRÉAL,TORONTO,2025-06-28,5,Cobourg,CBRG,2025-06-28T21:54:33Z,2025-06-28T21:17:00Z,ARR,bad,37.0
67,True,True,MONTRÉAL,TORONTO,2025-06-28,6,Oshawa,OSHA,2025-06-28T22:28:34Z,2025-06-28T21:50:00Z,ARR,bad,38.0
67,True,True,MONTRÉAL,TORONTO,2025-06-28,7,Toronto,TRTO,2025-06-28T23:29:00Z,2025-06-28T22:45:00Z,ARR,bad,44.0
70,True,True,WINDSOR,TORONTO,2025-06-28,0,Windsor,WDON,2025-06-28T09:35:24Z,2025-06-28T09:35:00Z,ARR,goo,0.0
70,True,True,WINDSOR,TORONTO,2025-06-28,1,Chatham,CHAT,2025-06-28T10:18:53Z,2025-06-28T10:19:00Z,ARR,goo,0.0
70,True,True,WINDSOR,TORONTO,2025-06-28,2,London,LNDN,2025-06-28T11:31:25Z,2025-06-28T11:25:00Z,ARR,med,6.0
70,True,True,WINDSOR,TORONTO,2025-06-28,3,Ingersoll,INGR,2025-06-28T11:58:04Z,2025-06-28T11:55:00Z,ARR,goo,3.0
70,True,True,WINDSOR,TORONTO,2025-06-28,4,Woodstock,WDST,2025-06-28T12:09:26Z,2025-06-28T12:08:00Z,ARR,goo,1.0
70,True,True,WINDSOR,TORONTO,2025-06-28,5,Brantford,BRTF,2025-06-28T12:42:39Z,2025-06-28T12:44:00Z,ARR,goo,-1.0
70,True,True,WINDSOR,TORONTO,2025-06-28,6,Aldershot,ALDR,2025-06-28T13:19:59Z,2025-06-28T13:25:00Z,ARR,goo,-5.0
70,True,True,WINDSOR,TORONTO,2025-06-28,7,Oakville,OAKV,2025-06-28T13:45:04Z,2025-06-28T13:43:00Z,ARR,goo,2.0
70,True,True,WINDSOR,TORONTO,2025-06-28,8,Toronto,TRTO,2025-06-28T14:14:13Z,2025-06-28T14:10:00Z,ARR,goo,4.0
71,True,True,TORONTO,WINDSOR,2025-06-28,0,Toronto,TRTO,2025-06-28T10:50:20Z,2025-06-28T10:50:00Z,ARR,goo,0.0
71,True,True,TORONTO,WINDSOR,2025-06-28,1,Oakville,OAKV,2025-06-28T11:17:45Z,2025-06-28T11:13:00Z,ARR,goo,4.0
71,True,True,TORONTO,WINDSOR,2025-06-28,2,Aldershot,ALDR,2025-06-28T11:34:47Z,2025-06-28T11:29:00Z,ARR,med,5.0
71,True,True,TORONTO,WINDSOR,2025-06-28,3,Brantford,BRTF,2025-06-28T12:08:24Z,2025-06-28T11:55:00Z,ARR,med,13.0
71,True,True,TORONTO,WINDSOR,2025-06-28,4,Woodstock,WDST,2025-06-28T12:36:52Z,2025-06-28T12:30:00Z,ARR,med,6.0
71,True,True,TORONTO,WINDSOR,2025-06-28,5,Ingersoll,INGR,2025-06-28T12:48:04Z,2025-06-28T12:43:00Z,ARR,med,5.0
71,True,True,TORONTO,WINDSOR,2025-06-28,6,London,LNDN,2025-06-28T13:07:59Z,2025-06-28T13:06:00Z,ARR,goo,1.0
71,True,True,TORONTO,WINDSOR,2025-06-28,7,Glencoe,GLNC,2025-06-28T13:44:13Z,2025-06-28T13:39:00Z,ARR,med,5.0
71,True,True,TORONTO,WINDSOR,2025-06-28,8,Chatham,CHAT,2025-06-28T14:41:15Z,2025-06-28T14:18:00Z,ARR,bad,23.0
71,True,True,TORONTO,WINDSOR,2025-06-28,9,Windsor,WDON,2025-06-28T15:27:05Z,2025-06-28T15:08:00Z,ARR,bad,19.0
72,True,True,WINDSOR,TORONTO,2025-06-28,0,Windsor,WDON,2025-06-28T12:43:00Z,2025-06-28T12:43:00Z,ARR,goo,0.0
72,True,True,WINDSOR,TORONTO,2025-06-28,1,Chatham,CHAT,2025-06-28T13:26:34Z,2025-06-28T13:25:00Z,ARR,goo,1.0
72,True,True,WINDSOR,TORONTO,2025-06-28,2,Glencoe,GLNC,2025-06-28T14:10:11Z,2025-06-28T14:05:00Z,ARR,med,5.0
72,True,True,WINDSOR,TORONTO,2025-06-28,3,London,LNDN,2025-06-28T14:47:35Z,2025-06-28T14:39:00Z,ARR,med,8.0
72,True,True,WINDSOR,TORONTO,2025-06-28,4,Ingersoll,INGR,2025-06-28T15:13:31Z,2025-06-28T15:07:00Z,ARR,med,6.0
72,True,True,WINDSOR,TORONTO,2025-06-28,5,Woodstock,WDST,2025-06-28T15:26:19Z,2025-06-28T15:23:00Z,ARR,goo,3.0
72,True,True,WINDSOR,TORONTO,2025-06-28,6,Brantford,BRTF,2025-06-28T16:01:04Z,2025-06-28T15:55:00Z,ARR,med,6.0
72,True,True,WINDSOR,TORONTO,2025-06-28,7,Aldershot,ALDR,2025-06-28T16:35:54Z,2025-06-28T16:29:00Z,ARR,med,6.0
72,True,True,WINDSOR,TORONTO,2025-06-28,8,Oakville,OAKV,2025-06-28T16:53:39Z,2025-06-28T16:45:00Z,ARR,med,8.0
72,True,True,WINDSOR,TORONTO,2025-06-28,9,Toronto,TRTO,2025-06-28T17:21:01Z,2025-06-28T17:11:00Z,ARR,med,10.0
73,True,True,TORONTO,WINDSOR,2025-06-28,0,Toronto,TRTO,2025-06-28T15:30:00Z,2025-06-28T15:30:00Z,ARR,goo,0.0
73,True,True,TORONTO,WINDSOR,2025-06-28,1,Oakville,OAKV,2025-06-28T15:56:32Z,2025-06-28T15:51:00Z,ARR,med,5.0
73,True,True,TORONTO,WINDSOR,2025-06-28,2,Aldershot,ALDR,2025-06-28T16:19:45Z,2025-06-28T16:09:00Z,ARR,med,10.0
73,True,True,TORONTO,WINDSOR,2025-06-28,3,Brantford,BRTF,2025-06-28T16:55:54Z,2025-06-28T16:40:00Z,ARR,bad,15.0
73,True,True,TORONTO,WINDSOR,2025-06-28,4,Woodstock,WDST,2025-06-28T17:26:27Z,2025-06-28T17:09:00Z,ARR,bad,17.0
73,True,True,TORONTO,WINDSOR,2025-06-28,5,London,LNDN,2025-06-28T18:00:39Z,2025-06-28T17:38:00Z,ARR,bad,22.0
73,True,True,TORONTO,WINDSOR,2025-06-28,6,Chatham,CHAT,2025-06-28T19:15:40Z,2025-06-28T18:50:00Z,ARR,bad,25.0
73,True,True,TORONTO,WINDSOR,2025-06-28,7,Windsor,WDON,2025-06-28T20:05:39Z,2025-06-28T19:45:00Z,ARR,bad,20.0
82,True,True,LONDON,TORONTO,2025-06-28,0,London,LNDN,2025-06-28T10:25:00Z,2025-06-28T10:25:00Z,ARR,goo,0.0
82,True,True,LONDON,TORONTO,2025-06-28,1,Woodstock,WDST,2025-06-28T10:54:15Z,2025-06-28T10:53:00Z,ARR,goo,1.0
82,True,True,LONDON,TORONTO,2025-06-28,2,Brantford,BRTF,2025-06-28T11:23:44Z,2025-06-28T11:23:00Z,ARR,goo,0.0
82,True,True,LONDON,TORONTO,2025-06-28,3,Toronto,TRTO,2025-06-28T12:31:27Z,2025-06-28T12:35:00Z,ARR,goo,-3.0
84,True,True,SARNIA,TORONTO,2025-06-28,0,Sarnia,SARN,2025-06-28T12:40:27Z,2025-06-28T12:40:00Z,ARR,goo,0.0
84,True,True,SARNIA,TORONTO,2025-06-28,1,Wyoming,WYOM,2025-06-28T13:00:05Z,2025-06-28T12:55:00Z,ARR,med,5.0
84,True,True,SARNIA,TORONTO,2025-06-28,2,Strathroy,STRR,2025-06-28T13:29:18Z,2025-06-28T13:27:00Z,ARR,goo,2.0
84,True,True,SARNIA,TORONTO,2025-06-28,3,London,LNDN,2025-06-28T14:02:02Z,2025-06-28T13:52:00Z,ARR,med,10.0
84,True,True,SARNIA,TORONTO,2025-06-28,4,St.Marys,SMYS,2025-06-28T15:01:05Z,2025-06-28T14:45:00Z,ARR,bad,16.0
84,True,True,SARNIA,TORONTO,2025-06-28,5,Stratford,STRF,2025-06-28T15:31:45Z,2025-06-28T15:14:00Z,ARR,bad,17.0
84,True,True,SARNIA,TORONTO,2025-06-28,6,Kitchener,KITC,2025-06-28T16:23:17Z,2025-06-28T16:02:00Z,ARR,bad,21.0
84,True,True,SARNIA,TORONTO,2025-06-28,7,Guelph,GUEL,2025-06-28T16:47:04Z,2025-06-28T16:24:00Z,ARR,bad,23.0
84,True,True,SARNIA,TORONTO,2025-06-28,8,Georgetown,GEOR,2025-06-28T17:13:04Z,2025-06-28T16:47:00Z,ARR,bad,26.0
84,True,True,SARNIA,TORONTO,2025-06-28,9,Brampton,BRMP,2025-06-28T17:27:21Z,2025-06-28T16:59:00Z,ARR,bad,28.0
84,True,True,SARNIA,TORONTO,2025-06-28,10,Malton,MALT,2025-06-28T17:40:42Z,2025-06-28T17:11:00Z,ARR,bad,29.0
84,True,True,SARNIA,TORONTO,2025-06-28,11,Toronto,TRTO,2025-06-28T18:00:56Z,2025-06-28T17:38:00Z,ARR,bad,22.0
643,True,True,OTTAWA,TORONTO,2025-06-28,0,Ottawa,OTTW,2025-06-28T13:46:00Z,2025-06-28T12:29:00Z,ARR,bad,77.0
643,True,True,OTTAWA,TORONTO,2025-06-28,1,Fallowfield,FALL,2025-06-28T14:03:46Z,2025-06-28T12:45:00Z,ARR,bad,78.0
643,True,True,OTTAWA,TORONTO,2025-06-28,2,Smiths Falls,SMTF,2025-06-28T14:35:10Z,2025-06-28T13:17:00Z,ARR,bad,78.0
643,True,True,OTTAWA,TORONTO,2025-06-28,3,Brockville,BRKV,2025-06-28T15:14:16Z,2025-06-28T13:49:00Z,ARR,bad,85.0
643,True,True,OTTAWA,TORONTO,2025-06-28,4,Kingston,KGON,2025-06-28T16:16:02Z,2025-06-28T14:32:00Z,ARR,bad,104.0
643,True,True,OTTAWA,TORONTO,2025-06-28,5,Napanee,NAPN,2025-06-28T16:44:58Z,2025-06-28T14:57:00Z,ARR,bad,107.0
643,True,True,OTTAWA,TORONTO,2025-06-28,6,Belleville,BLVL,2025-06-28T17:11:11Z,2025-06-28T15:17:00Z,ARR,bad,114.0
643,True,True,OTTAWA,TORONTO,2025-06-28,7,Trenton Jct.,TRNJ,2025-06-28T17:24:56Z,2025-06-28T15:31:00Z,ARR,bad,113.0
643,True,True,OTTAWA,TORONTO,2025-06-28,8,Cobourg,CBRG,2025-06-28T17:56:33Z,2025-06-28T15:57:00Z,ARR,bad,119.0
643,True,True,OTTAWA,TORONTO,2025-06-28,9,Port Hope,PHOP,2025-06-28T18:07:50Z,2025-06-28T16:07:00Z,ARR,bad,120.0
643,True,True,OTTAWA,TORONTO,2025-06-28,10,Oshawa,OSHA,2025-06-28T18:42:59Z,2025-06-28T16:35:00Z,ARR,bad,127.0
643,True,True,OTTAWA,TORONTO,2025-06-28,11,Guildwood,GUIL,2025-06-28T19:19:39Z,2025-06-28T16:58:00Z,ARR,bad,141.0
643,True,True,OTTAWA,TORONTO,2025-06-28,12,Toronto,TRTO,2025-06-28T19:45:57Z,2025-06-28T17:18:00Z,ARR,bad,147.0
644,True,True,TORONTO,OTTAWA,2025-06-28,0,Toronto,TRTO,2025-06-28T17:23:00Z,2025-06-28T17:23:00Z,ARR,goo,0.0
644,True,True,TORONTO,OTTAWA,2025-06-28,1,Oshawa,OSHA,2025-06-28T17:56:11Z,2025-06-28T17:53:00Z,ARR,goo,3.0
644,True,True,TORONTO,OTTAWA,2025-06-28,2,Cobourg,CBRG,2025-06-28T18:49:55Z,2025-06-28T18:28:00Z,ARR,bad,21.0
644,True,True,TORONTO,OTTAWA,2025-06-28,3,Belleville,BLVL,2025-06-28T19:35:56Z,2025-06-28T19:03:00Z,ARR,bad,32.0
644,True,True,TORONTO,OTTAWA,2025-06-28,4,Kingston,KGON,2025-06-28T20:23:57Z,2025-06-28T19:43:00Z,ARR,bad,40.0
644,True,True,TORONTO,OTTAWA,2025-06-28,5,Fallowfield,FALL,2025-06-28T22:14:17Z,2025-06-28T21:30:00Z,ARR,bad,44.0
644,True,True,TORONTO,OTTAWA,2025-06-28,6,Ottawa,OTTW,2025-06-28T22:38:44Z,2025-06-28T21:53:00Z,ARR,bad,45.0
62,True,True,TORONTO,MONTRÉAL,2025-06-28,0,Toronto,TRTO,2025-06-28T12:32:00Z,2025-06-28T12:32:00Z,ARR,goo,0.0
62,True,True,TORONTO,MONTRÉAL,2025-06-28,1,Guildwood,GUIL,2025-06-28T12:48:34Z,2025-06-28T12:50:00Z,ARR,goo,-1.0
62,True,True,TORONTO,MONTRÉAL,2025-06-28,2,Oshawa,OSHA,2025-06-28T13:09:41Z,2025-06-28T13:09:00Z,ARR,goo,0.0
62,True,True,TORONTO,MONTRÉAL,2025-06-28,3,Cobourg,CBRG,2025-06-28T13:43:22Z,2025-06-28T13:44:00Z,ARR,goo,0.0
62,True,True,TORONTO,MONTRÉAL,2025-06-28,4,Belleville,BLVL,2025-06-28T14:17:43Z,2025-06-28T14:20:00Z,ARR,goo,-2.0
62,True,True,TORONTO,MONTRÉAL,2025-06-28,5,Kingston,KGON,2025-06-28T14:56:13Z,2025-06-28T15:00:00Z,ARR,goo,-3.0
62,True,True,TORONTO,MONTRÉAL,2025-06-28,6,Cornwall,CWLL,2025-06-28T16:39:09Z,2025-06-28T16:43:00Z,ARR,goo,-3.0
62,True,True,TORONTO,MONTRÉAL,2025-06-28,7,Dorval,DORV,2025-06-28T17:36:51Z,2025-06-28T17:34:00Z,ARR,goo,2.0
62,True,True,TORONTO,MONTRÉAL,2025-06-28,8,Montréal,MTRL,2025-06-28T18:01:14Z,2025-06-28T18:00:00Z,ARR,goo,1.0
97,True,True,TORONTO,NIAGARA FALLS,2025-06-28,0,Toronto,TRTO,2025-06-28T12:20:00Z,2025-06-28T12:20:00Z,ARR,goo,0.0
97,True,True,TORONTO,NIAGARA FALLS,2025-06-28,1,Oakville,OAKV,2025-06-28T12:43:00Z,2025-06-28T12:43:00Z,ARR,goo,0.0
97,True,True,TORONTO,NIAGARA FALLS,2025-06-28,2,Aldershot,ALDR,2025-06-28T12:56:00Z,2025-06-28T12:56:00Z,ARR,goo,0.0
97,True,True,TORONTO,NIAGARA FALLS,2025-06-28,3,Grimsby,GRIM,2025-06-28T13:37:00Z,2025-06-28T13:37:00Z,ARR,goo,0.0
97,True,True,TORONTO,NIAGARA FALLS,2025-06-28,4,St. Catharines,SCAT,2025-06-28T13:57:00Z,2025-06-28T13:57:00Z,ARR,goo,0.0
97,True,True,TORONTO,NIAGARA FALLS,2025-06-28,5,Niagara Falls,NIAG,2025-06-28T14:20:00Z,2025-06-28T14:20:00Z,ARR,goo,0.0
633,True,True,MONTRÉAL,OTTAWA,2025-06-28,0,Montréal,MTRL,2025-06-28T13:00:00Z,2025-06-28T13:00:00Z,ARR,goo,0.0
633,True,True,MONTRÉAL,OTTAWA,2025-06-28,1,Dorval,DORV,2025-06-28T13:23:47Z,2025-06-28T13:24:00Z,ARR,goo,0.0
633,True,True,MONTRÉAL,OTTAWA,2025-06-28,2,Alexandria,ALEX,2025-06-28T14:09:48Z,2025-06-28T14:11:00Z,ARR,goo,-1.0
633,True,True,MONTRÉAL,OTTAWA,2025-06-28,3,Casselman,CSLM,2025-06-28T14:47:25Z,2025-06-28T14:34:00Z,ARR,med,13.0
633,True,True,MONTRÉAL,OTTAWA,2025-06-28,4,Ottawa,OTTW,2025-06-28T15:17:36Z,2025-06-28T15:05:00Z,ARR,med,12.0
622,True,True,MONTRÉAL,QUÉBEC,2025-06-28,0,Montréal,MTRL,2025-06-28T12:20:00Z,2025-06-28T12:20:00Z,ARR,goo,0.0
622,True,True,MONTRÉAL,QUÉBEC,2025-06-28,1,St. Lambert,SLAM,2025-06-28T12:34:28Z,2025-06-28T12:33:00Z,ARR,goo,1.0
622,True,True,MONTRÉAL,QUÉBEC,2025-06-28,2,St. Hyacinthe,SHYA,2025-06-28T13:07:54Z,2025-06-28T13:00:00Z,ARR,med,7.0
622,True,True,MONTRÉAL,QUÉBEC,2025-06-28,3,Drummondville,DRMV,2025-06-28T13:47:08Z,2025-06-28T13:29:00Z,ARR,bad,18.0
622,True,True,MONTRÉAL,QUÉBEC,2025-06-28,4,Ste-Foy,SFOY,2025-06-28T15:36:29Z,2025-06-28T15:11:00Z,ARR,bad,25.0
622,True,True,MONTRÉAL,QUÉBEC,2025-06-28,5,Québec,QBEC,2025-06-28T16:05:56Z,2025-06-28T15:39:00Z,ARR,bad,26.0
45,True,True,OTTAWA,TORONTO,2025-06-28,0,Ottawa,OTTW,2025-06-28T14:28:00Z,2025-06-28T14:24:00Z,ARR,goo,4.0
45,True,True,OTTAWA,TORONTO,2025-06-28,1,Fallowfield,FALL,2025-06-28T14:44:40Z,2025-06-28T14:40:00Z,ARR,goo,4.0
45,True,True,OTTAWA,TORONTO,2025-06-28,2,Kingston,KGON,2025-06-28T17:32:19Z,2025-06-28T16:26:00Z,ARR,bad,66.0
45,True,True,OTTAWA,TORONTO,2025-06-28,3,Toronto,TRTO,2025-06-28T20:22:08Z,2025-06-28T18:48:00Z,ARR,bad,94.0
185,True,True,SUDBURY,WHITE RIVER,2025-06-28,0,Sudbury,SUDB,2025-06-28T13:08:19Z,2025-06-28T13:00:00Z,ARR,med,8.0
185,True,True,SUDBURY,WHITE RIVER,2025-06-28,1,Azilda,AZIL,2025-06-28T13:22:54Z,2025-06-28T13:10:00Z,ARR,med,12.0
185,True,True,SUDBURY,WHITE RIVER,2025-06-28,2,Chelmsford,CHEL,2025-06-28T13:25:50Z,2025-06-28T13:15:00Z,ARR,med,10.0
185,True,True,SUDBURY,WHITE RIVER,2025-06-28,3,Larchwood,LARC,2025-06-28T13:29:50Z,2025-06-28T13:19:00Z,ARR,med,10.0
185,True,True,SUDBURY,WHITE RIVER,2025-06-28,4,Levack,LEVA,2025-06-28T13:42:10Z,2025-06-28T13:30:00Z,ARR,med,12.0
185,True,True,SUDBURY,WHITE RIVER,2025-06-28,5,Cartier,CART,2025-06-28T13:55:43Z,2025-06-28T13:45:00Z,ARR,med,10.0
185,True,True,SUDBURY,WHITE RIVER,2025-06-28,6,Benny,BENN,2025-06-28T14:19:09Z,2025-06-28T14:05:00Z,ARR,med,14.0
185,True,True,SUDBURY,WHITE RIVER,2025-06-28,7,Stralak,STRL,2025-06-28T14:23:37Z,2025-06-28T14:12:00Z,ARR,med,11.0
185,True,True,SUDBURY,WHITE RIVER,2025-06-28,8,Pogamasing,POGA,2025-06-28T14:34:56Z,2025-06-28T14:25:00Z,ARR,med,9.0
185,True,True,SUDBURY,WHITE RIVER,2025-06-28,9,Sheahan,SHEA,2025-06-28T14:40:42Z,2025-06-28T14:30:00Z,ARR,med,10.0
185,True,True,SUDBURY,WHITE RIVER,2025-06-28,10,Forks,FRKS,2025-06-28T14:50:42Z,2025-06-28T14:40:00Z,ARR,med,10.0
185,True,True,SUDBURY,WHITE RIVER,2025-06-28,11,Metagama,MTGM,2025-06-28T15:00:42Z,2025-06-28T14:50:00Z,ARR,med,10.0
185,True,True,SUDBURY,WHITE RIVER,2025-06-28,12,Sinker,SNKR,2025-06-28T15:05:42Z,2025-06-28T14:55:00Z,ARR,med,10.0
185,True,True,SUDBURY,WHITE RIVER,2025-06-28,13,Biscotasing,BISC,2025-06-28T15:36:26Z,2025-06-28T15:20:00Z,ARR,bad,16.0
185,True,True,SUDBURY,WHITE RIVER,2025-06-28,14,Roberts,RBRT,2025-06-28T15:46:26Z,2025-06-28T15:30:00Z,ARR,bad,16.0
185,True,True,SUDBURY,WHITE RIVER,2025-06-28,15,Ramsey,RAMS,2025-06-28T16:01:26Z,2025-06-28T15:45:00Z,ARR,bad,16.0
185,True,True,SUDBURY,WHITE RIVER,2025-06-28,16,Woman River,WOMR,2025-06-28T16:21:26Z,2025-06-28T16:05:00Z,ARR,bad,16.0
185,True,True,SUDBURY,WHITE RIVER,2025-06-28,17,Sultan,SULT,2025-06-28T16:36:26Z,2025-06-28T16:20:00Z,ARR,bad,16.0
185,True,True,SUDBURY,WHITE RIVER,2025-06-28,18,Kormak,KORM,2025-06-28T16:51:26Z,2025-06-28T16:35:00Z,ARR,bad,16.0
185,True,True,SUDBURY,WHITE RIVER,2025-06-28,19,Kinogama,KINO,2025-06-28T16:56:26Z,2025-06-28T16:40:00Z,ARR,bad,16.0
185,True,True,SUDBURY,WHITE RIVER,2025-06-28,20,Nemegos,NEME,2025-06-28T17:03:11Z,2025-06-28T16:55:00Z,ARR,med,8.0
185,True,True,SUDBURY,WHITE RIVER,2025-06-28,21,Devon,DEVN,2025-06-28T17:51:46Z,2025-06-28T17:05:00Z,ARR,bad,46.0
185,True,True,SUDBURY,WHITE RIVER,2025-06-28,22,Chapleau,CHAP,2025-06-28T18:10:57Z,2025-06-28T17:20:00Z,ARR,bad,50.0
185,True,True,SUDBURY,WHITE RIVER,2025-06-28,23,Esher,ESHR,2025-06-28T18:29:12Z,2025-06-28T17:50:00Z,ARR,bad,39.0
185,True,True,SUDBURY,WHITE RIVER,2025-06-28,24,Musk,MUSK,2025-06-28T18:47:06Z,2025-06-28T18:00:00Z,ARR,bad,47.0
185,True,True,SUDBURY,WHITE RIVER,2025-06-28,25,Nicholson,NICH,2025-06-28T18:54:17Z,2025-06-28T18:10:00Z,ARR,bad,44.0
185,True,True,SUDBURY,WHITE RIVER,2025-06-28,26,Bolkow,BOLK,2025-06-28T19:10:46Z,2025-06-28T18:30:00Z,ARR,bad,40.0
185,True,True,SUDBURY,WHITE RIVER,2025-06-28,27,Dalton,DALT,2025-06-28T19:25:46Z,2025-06-28T18:45:00Z,ARR,bad,40.0
185,True,True,SUDBURY,WHITE RIVER,2025-06-28,28,Missanabie,MSBI,2025-06-28T19:50:46Z,2025-06-28T19:10:00Z,ARR,bad,40.0
185,True,True,SUDBURY,WHITE RIVER,2025-06-28,29,Lochalsh,LOCH,2025-06-28T20:10:46Z,2025-06-28T19:30:00Z,ARR,bad,40.0
185,True,True,SUDBURY,WHITE RIVER,2025-06-28,30,Franz,FRNZ,2025-06-28T20:47:11Z,2025-06-28T19:50:00Z,ARR,bad,57.0
185,True,True,SUDBURY,WHITE RIVER,2025-06-28,31,Swanson,SWAN,2025-06-28T20:59:02Z,2025-06-28T20:00:00Z,ARR,bad,59.0
185,True,True,SUDBURY,WHITE RIVER,2025-06-28,32,Girdwood,GIRD,2025-06-28T21:26:41Z,2025-06-28T20:25:00Z,ARR,bad,61.0
185,True,True,SUDBURY,WHITE RIVER,2025-06-28,33,Amyot,AMYO,2025-06-28T21:34:22Z,2025-06-28T20:35:00Z,ARR,bad,59.0
185,True,True,SUDBURY,WHITE RIVER,2025-06-28,34,O'Brien,OBRI,2025-06-28T21:47:54Z,2025-06-28T20:50:00Z,ARR,bad,57.0
185,True,True,SUDBURY,WHITE RIVER,2025-06-28,35,White River,WHTR,2025-06-28T22:01:16Z,2025-06-28T21:05:00Z,ARR,bad,56.0
637,True,True,QUÉBEC,OTTAWA,2025-06-28,0,Québec,QBEC,2025-06-28T14:00:00Z,2025-06-28T14:00:00Z,ARR,goo,0.0
637,True,True,QUÉBEC,OTTAWA,2025-06-28,1,Ste-Foy,SFOY,2025-06-28T14:26:37Z,2025-06-28T14:25:00Z,ARR,goo,1.0
637,True,True,QUÉBEC,OTTAWA,2025-06-28,2,Drummondville,DRMV,2025-06-28T16:24:11Z,2025-06-28T16:08:00Z,ARR,bad,16.0
637,True,True,QUÉBEC,OTTAWA,2025-06-28,3,St. Lambert,SLAM,2025-06-28T17:28:18Z,2025-06-28T17:16:00Z,ARR,med,12.0
637,True,True,QUÉBEC,OTTAWA,2025-06-28,4,Montréal,MTRL,2025-06-28T17:43:34Z,2025-06-28T17:31:00Z,ARR,med,12.0
637,True,True,QUÉBEC,OTTAWA,2025-06-28,5,Dorval,DORV,2025-06-28T18:31:10Z,2025-06-28T18:20:00Z,ARR,med,11.0
637,True,True,QUÉBEC,OTTAWA,2025-06-28,6,Alexandria,ALEX,2025-06-28T19:29:25Z,2025-06-28T19:10:00Z,ARR,bad,19.0
637,True,True,QUÉBEC,OTTAWA,2025-06-28,7,Ottawa,OTTW,2025-06-28T20:31:02Z,2025-06-28T19:56:00Z,ARR,bad,35.0
47,True,True,OTTAWA,TORONTO,2025-06-28,0,Ottawa,OTTW,2025-06-28T16:23:00Z,2025-06-28T16:23:00Z,ARR,goo,0.0
47,True,True,OTTAWA,TORONTO,2025-06-28,1,Fallowfield,FALL,2025-06-28T16:39:06Z,2025-06-28T16:40:00Z,ARR,goo,0.0
47,True,True,OTTAWA,TORONTO,2025-06-28,2,Smiths Falls,SMTF,2025-06-28T17:16:51Z,2025-06-28T17:18:00Z,ARR,goo,-1.0
47,True,True,OTTAWA,TORONTO,2025-06-28,3,Brockville,BRKV,2025-06-28T17:51:59Z,2025-06-28T17:54:00Z,ARR,goo,-2.0
47,True,True,OTTAWA,TORONTO,2025-06-28,4,Gananoque,GANA,2025-06-28T18:20:04Z,2025-06-28T18:22:00Z,ARR,goo,-1.0
47,True,True,OTTAWA,TORONTO,2025-06-28,5,Kingston,KGON,2025-06-28T18:43:23Z,2025-06-28T18:45:00Z,ARR,goo,-1.0
47,True,True,OTTAWA,TORONTO,2025-06-28,6,Belleville,BLVL,2025-06-28T19:25:47Z,2025-06-28T19:26:00Z,ARR,goo,0.0
47,True,True,OTTAWA,TORONTO,2025-06-28,7,Oshawa,OSHA,2025-06-28T21:01:28Z,2025-06-28T20:33:00Z,ARR,bad,28.0
47,True,True,OTTAWA,TORONTO,2025-06-28,8,Guildwood,GUIL,2025-06-28T21:33:27Z,2025-06-28T20:58:00Z,ARR,bad,35.0
47,True,True,OTTAWA,TORONTO,2025-06-28,9,Toronto,TRTO,2025-06-28T21:58:43Z,2025-06-28T21:30:00Z,ARR,bad,28.0
63,True,True,MONTRÉAL,TORONTO,2025-06-28,0,Montréal,MTRL,2025-06-28T12:46:00Z,2025-06-28T12:46:00Z,ARR,goo,0.0
63,True,True,MONTRÉAL,TORONTO,2025-06-28,1,Dorval,DORV,2025-06-28T13:10:22Z,2025-06-28T13:11:00Z,ARR,goo,0.0
63,True,True,MONTRÉAL,TORONTO,2025-06-28,2,Cornwall,CWLL,2025-06-28T14:02:04Z,2025-06-28T14:04:00Z,ARR,goo,-1.0
63,True,True,MONTRÉAL,TORONTO,2025-06-28,3,Brockville,BRKV,2025-06-28T14:55:58Z,2025-06-28T14:54:00Z,ARR,goo,1.0
63,True,True,MONTRÉAL,TORONTO,2025-06-28,4,Kingston,KGON,2025-06-28T15:41:27Z,2025-06-28T15:39:00Z,ARR,goo,2.0
63,True,True,MONTRÉAL,TORONTO,2025-06-28,5,Belleville,BLVL,2025-06-28T16:22:21Z,2025-06-28T16:20:00Z,ARR,goo,2.0
63,True,True,MONTRÉAL,TORONTO,2025-06-28,6,Cobourg,CBRG,2025-06-28T16:58:09Z,2025-06-28T16:58:00Z,ARR,goo,0.0
63,True,True,MONTRÉAL,TORONTO,2025-06-28,7,Oshawa,OSHA,2025-06-28T17:42:58Z,2025-06-28T17:34:00Z,ARR,med,8.0
63,True,True,MONTRÉAL,TORONTO,2025-06-28,8,Guildwood,GUIL,2025-06-28T18:03:33Z,2025-06-28T17:58:00Z,ARR,med,5.0
63,True,True,MONTRÉAL,TORONTO,2025-06-28,9,Toronto,TRTO,2025-06-28T18:26:40Z,2025-06-28T18:18:00Z,ARR,med,8.0
40,True,True,TORONTO,OTTAWA,2025-06-28,0,Toronto,TRTO,2025-06-28T14:38:00Z,2025-06-28T14:38:00Z,ARR,goo,0.0
40,True,True,TORONTO,OTTAWA,2025-06-28,1,Belleville,BLVL,2025-06-28T16:11:51Z,2025-06-28T16:09:00Z,ARR,goo,2.0
40,True,True,TORONTO,OTTAWA,2025-06-28,2,Kingston,KGON,2025-06-28T16:53:12Z,2025-06-28T16:48:00Z,ARR,med,5.0
40,True,True,TORONTO,OTTAWA,2025-06-28,3,Fallowfield,FALL,2025-06-28T18:41:35Z,2025-06-28T18:38:00Z,ARR,goo,3.0
40,True,True,TORONTO,OTTAWA,2025-06-28,4,Ottawa,OTTW,2025-06-28T19:02:07Z,2025-06-28T19:02:00Z,ARR,goo,0.0
35,True,True,QUÉBEC,OTTAWA,2025-06-28,0,Québec,QBEC,2025-06-28T12:06:35Z,2025-06-28T12:06:00Z,ARR,goo,0.0
35,True,True,QUÉBEC,OTTAWA,2025-06-28,1,Ste-Foy,SFOY,2025-06-28T12:33:47Z,2025-06-28T12:31:00Z,ARR,goo,2.0
35,True,True,QUÉBEC,OTTAWA,2025-06-28,2,Charny,CHNY,2025-06-28T12:46:06Z,2025-06-28T12:40:00Z,ARR,med,6.0
35,True,True,QUÉBEC,OTTAWA,2025-06-28,3,Drummondville,DRMV,2025-06-28T14:26:48Z,2025-06-28T14:14:00Z,ARR,med,12.0
35,True,True,QUÉBEC,OTTAWA,2025-06-28,4,St. Hyacinthe,SHYA,2025-06-28T15:04:26Z,2025-06-28T14:44:00Z,ARR,bad,20.0
35,True,True,QUÉBEC,OTTAWA,2025-06-28,5,St. Lambert,SLAM,2025-06-28T15:41:16Z,2025-06-28T15:11:00Z,ARR,bad,30.0
35,True,True,QUÉBEC,OTTAWA,2025-06-28,6,Montréal,MTRL,2025-06-28T15:58:14Z,2025-06-28T15:26:00Z,ARR,bad,32.0
35,True,True,QUÉBEC,OTTAWA,2025-06-28,7,Dorval,DORV,2025-06-28T16:45:01Z,2025-06-28T16:18:00Z,ARR,bad,27.0
35,True,True,QUÉBEC,OTTAWA,2025-06-28,8,Coteau,COTO,2025-06-28T17:15:09Z,2025-06-28T16:46:00Z,ARR,bad,29.0
35,True,True,QUÉBEC,OTTAWA,2025-06-28,9,Alexandria,ALEX,2025-06-28T17:37:09Z,2025-06-28T17:08:00Z,ARR,bad,29.0
35,True,True,QUÉBEC,OTTAWA,2025-06-28,10,Casselman,CSLM,2025-06-28T17:58:24Z,2025-06-28T17:31:00Z,ARR,bad,27.0
35,True,True,QUÉBEC,OTTAWA,2025-06-28,11,Ottawa,OTTW,2025-06-28T18:41:06Z,2025-06-28T17:58:00Z,ARR,bad,43.0
624,True,True,OTTAWA,QUÉBEC,2025-06-28,0,Ottawa,OTTW,2025-06-28T11:45:00Z,2025-06-28T11:45:00Z,ARR,goo,0.0
624,True,True,OTTAWA,QUÉBEC,2025-06-28,1,Alexandria,ALEX,2025-06-28T12:30:49Z,2025-06-28T12:31:00Z,ARR,goo,0.0
624,True,True,OTTAWA,QUÉBEC,2025-06-28,2,Dorval,DORV,2025-06-28T13:21:06Z,2025-06-28T13:16:00Z,ARR,med,5.0
624,True,True,OTTAWA,QUÉBEC,2025-06-28,3,Montréal,MTRL,2025-06-28T13:44:13Z,2025-06-28T13:39:00Z,ARR,med,5.0
624,True,True,OTTAWA,QUÉBEC,2025-06-28,4,St. Lambert,SLAM,2025-06-28T14:28:00Z,2025-06-28T14:28:00Z,ARR,goo,0.0
624,True,True,OTTAWA,QUÉBEC,2025-06-28,5,St. Hyacinthe,SHYA,2025-06-28T15:09:33Z,2025-06-28T15:06:00Z,ARR,goo,3.0
624,True,True,OTTAWA,QUÉBEC,2025-06-28,6,Drummondville,DRMV,2025-06-28T15:47:31Z,2025-06-28T15:34:00Z,ARR,med,13.0
624,True,True,OTTAWA,QUÉBEC,2025-06-28,7,Charny,CHNY,2025-06-28T17:32:25Z,2025-06-28T17:13:00Z,ARR,bad,19.0
624,True,True,OTTAWA,QUÉBEC,2025-06-28,8,Ste-Foy,SFOY,2025-06-28T17:41:05Z,2025-06-28T17:20:00Z,ARR,bad,21.0
624,True,True,OTTAWA,QUÉBEC,2025-06-28,9,Québec,QBEC,2025-06-28T18:14:03Z,2025-06-28T17:48:00Z,ARR,bad,26.0
76,True,True,WINDSOR,TORONTO,2025-06-28,0,Windsor,WDON,2025-06-28T17:46:10Z,2025-06-28T17:46:00Z,ARR,goo,0.0
76,True,True,WINDSOR,TORONTO,2025-06-28,1,Chatham,CHAT,2025-06-28T18:29:26Z,2025-06-28T18:28:00Z,ARR,goo,1.0
76,True,True,WINDSOR,TORONTO,2025-06-28,2,Glencoe,GLNC,2025-06-28T19:18:29Z,2025-06-28T19:03:00Z,ARR,bad,15.0
76,True,True,WINDSOR,TORONTO,2025-06-28,3,London,LNDN,2025-06-28T19:53:04Z,2025-06-28T19:38:00Z,ARR,bad,15.0
76,True,True,WINDSOR,TORONTO,2025-06-28,4,Brantford,BRTF,2025-06-28T20:56:56Z,2025-06-28T20:39:00Z,ARR,bad,17.0
76,True,True,WINDSOR,TORONTO,2025-06-28,5,Aldershot,ALDR,2025-06-28T21:30:46Z,2025-06-28T21:10:00Z,ARR,bad,20.0
76,True,True,WINDSOR,TORONTO,2025-06-28,6,Oakville,OAKV,2025-06-28T21:54:49Z,2025-06-28T21:27:00Z,ARR,bad,27.0
76,True,True,WINDSOR,TORONTO,2025-06-28,7,Toronto,TRTO,2025-06-28T22:33:19Z,2025-06-28T21:53:00Z,ARR,bad,40.0
26,True,True,OTTAWA,QUÉBEC,2025-06-28,0,Ottawa,OTTW,2025-06-28T18:17:00Z,2025-06-28T18:17:00Z,ARR,goo,0.0
26,True,True,OTTAWA,QUÉBEC,2025-06-28,1,Alexandria,ALEX,2025-06-28T19:03:10Z,2025-06-28T19:03:00Z,ARR,goo,0.0
26,True,True,OTTAWA,QUÉBEC,2025-06-28,2,Coteau,COTO,2025-06-28T19:20:42Z,2025-06-28T19:26:00Z,ARR,goo,-5.0
26,True,True,OTTAWA,QUÉBEC,2025-06-28,3,Dorval,DORV,2025-06-28T19:46:59Z,2025-06-28T19:49:00Z,ARR,goo,-2.0
26,True,True,OTTAWA,QUÉBEC,2025-06-28,4,Montréal,MTRL,2025-06-28T20:10:59Z,2025-06-28T20:15:00Z,ARR,goo,-4.0
26,True,True,OTTAWA,QUÉBEC,2025-06-28,5,St. Lambert,SLAM,2025-06-28T20:57:57Z,2025-06-28T20:53:00Z,ARR,goo,4.0
26,True,True,OTTAWA,QUÉBEC,2025-06-28,6,St. Hyacinthe,SHYA,2025-06-28T21:28:52Z,2025-06-28T21:20:00Z,ARR,med,8.0
26,True,True,OTTAWA,QUÉBEC,2025-06-28,7,Drummondville,DRMV,2025-06-28T22:17:27Z,2025-06-28T22:05:00Z,ARR,med,12.0
26,True,True,OTTAWA,QUÉBEC,2025-06-28,8,Charny,CHNY,2025-06-29T00:04:16Z,2025-06-28T23:44:00Z,ARR,bad,20.0
26,True,True,OTTAWA,QUÉBEC,2025-06-28,9,Ste-Foy,SFOY,2025-06-29T00:12:48Z,2025-06-28T23:52:00Z,ARR,bad,20.0
26,True,True,OTTAWA,QUÉBEC,2025-06-28,10,Québec,QBEC,2025-06-29T00:42:34Z,2025-06-29T00:19:00Z,ARR,bad,23.0
39,True,True,QUÉBEC,OTTAWA,2025-06-28,0,Québec,QBEC,2025-06-28T18:57:00Z,2025-06-28T18:57:00Z,ARR,goo,0.0
39,True,True,QUÉBEC,OTTAWA,2025-06-28,1,Ste-Foy,SFOY,2025-06-28T19:23:17Z,2025-06-28T19:22:00Z,ARR,goo,1.0
39,True,True,QUÉBEC,OTTAWA,2025-06-28,2,Drummondville,DRMV,2025-06-28T21:09:31Z,2025-06-28T20:58:00Z,ARR,med,11.0
39,True,True,QUÉBEC,OTTAWA,2025-06-28,3,St. Lambert,SLAM,2025-06-28T22:16:27Z,2025-06-28T21:57:00Z,ARR,bad,19.0
39,True,True,QUÉBEC,OTTAWA,2025-06-28,4,Montréal,MTRL,2025-06-28T22:30:53Z,2025-06-28T22:11:00Z,ARR,bad,19.0
39,True,True,QUÉBEC,OTTAWA,2025-06-28,5,Dorval,DORV,2025-06-28T23:50:23Z,2025-06-28T23:14:00Z,ARR,bad,36.0
39,True,True,QUÉBEC,OTTAWA,2025-06-28,6,Coteau,COTO,2025-06-29T00:20:01Z,2025-06-28T23:43:00Z,ARR,bad,37.0
39,True,True,QUÉBEC,OTTAWA,2025-06-28,7,Alexandria,ALEX,2025-06-29T00:40:36Z,2025-06-29T00:06:00Z,ARR,bad,34.0
39,True,True,QUÉBEC,OTTAWA,2025-06-28,8,Ottawa,OTTW,2025-06-29T01:27:32Z,2025-06-29T00:51:00Z,ARR,bad,36.0
66,True,True,TORONTO,MONTRÉAL,2025-06-28,0,Toronto,TRTO,2025-06-28T19:24:20Z,2025-06-28T19:23:00Z,ARR,goo,1.0
66,True,True,TORONTO,MONTRÉAL,2025-06-28,1,Guildwood,GUIL,2025-06-28T19:45:20Z,2025-06-28T19:40:00Z,ARR,med,5.0
66,True,True,TORONTO,MONTRÉAL,2025-06-28,2,Oshawa,OSHA,2025-06-28T20:03:31Z,2025-06-28T19:54:00Z,ARR,med,9.0
66,True,True,TORONTO,MONTRÉAL,2025-06-28,3,Belleville,BLVL,2025-06-28T21:13:23Z,2025-06-28T21:00:00Z,ARR,med,13.0
66,True,True,TORONTO,MONTRÉAL,2025-06-28,4,Kingston,KGON,2025-06-28T21:53:44Z,2025-06-28T21:40:00Z,ARR,med,13.0
66,True,True,TORONTO,MONTRÉAL,2025-06-28,5,Cornwall,CWLL,2025-06-28T23:26:05Z,2025-06-28T23:07:00Z,ARR,bad,19.0
66,True,True,TORONTO,MONTRÉAL,2025-06-28,6,Dorval,DORV,2025-06-29T00:16:18Z,2025-06-28T23:58:00Z,ARR,bad,18.0
66,True,True,TORONTO,MONTRÉAL,2025-06-28,7,Montréal,MTRL,2025-06-29T00:45:38Z,2025-06-29T00:25:00Z,ARR,bad,20.0
46,True,True,TORONTO,OTTAWA,2025-06-28,0,Toronto,TRTO,2025-06-28T19:38:18Z,2025-06-28T19:38:00Z,ARR,goo,0.0
46,True,True,TORONTO,OTTAWA,2025-06-28,1,Oshawa,OSHA,2025-06-28T20:15:50Z,2025-06-28T20:09:00Z,ARR,med,6.0
46,True,True,TORONTO,OTTAWA,2025-06-28,2,Cobourg,CBRG,2025-06-28T20:58:35Z,2025-06-28T20:43:00Z,ARR,bad,15.0
46,True,True,TORONTO,OTTAWA,2025-06-28,3,Kingston,KGON,2025-06-28T22:22:37Z,2025-06-28T21:54:00Z,ARR,bad,28.0
46,True,True,TORONTO,OTTAWA,2025-06-28,4,Brockville,BRKV,2025-06-28T23:16:04Z,2025-06-28T22:40:00Z,ARR,bad,36.0
46,True,True,TORONTO,OTTAWA,2025-06-28,5,Fallowfield,FALL,2025-06-29T00:15:11Z,2025-06-28T23:40:00Z,ARR,bad,35.0
46,True,True,TORONTO,OTTAWA,2025-06-28,6,Ottawa,OTTW,2025-06-29T00:35:21Z,2025-06-29T00:00:00Z,ARR,bad,35.0
28,True,True,OTTAWA,QUÉBEC,2025-06-28,0,Ottawa,OTTW,2025-06-28T20:05:00Z,2025-06-28T20:05:00Z,ARR,goo,0.0
28,True,True,OTTAWA,QUÉBEC,2025-06-28,1,Casselman,CSLM,2025-06-28T20:34:49Z,2025-06-28T20:31:00Z,ARR,goo,3.0
28,True,True,OTTAWA,QUÉBEC,2025-06-28,2,Alexandria,ALEX,2025-06-28T20:56:43Z,2025-06-28T20:53:00Z,ARR,goo,3.0
28,True,True,OTTAWA,QUÉBEC,2025-06-28,3,Coteau,COTO,2025-06-28T21:17:45Z,2025-06-28T21:15:00Z,ARR,goo,2.0
28,True,True,OTTAWA,QUÉBEC,2025-06-28,4,Dorval,DORV,2025-06-28T21:49:06Z,2025-06-28T21:38:00Z,ARR,med,11.0
28,True,True,OTTAWA,QUÉBEC,2025-06-28,5,Montréal,MTRL,2025-06-28T22:12:46Z,2025-06-28T22:04:00Z,ARR,med,8.0
28,True,True,OTTAWA,QUÉBEC,2025-06-28,6,St. Lambert,SLAM,2025-06-28T22:56:04Z,2025-06-28T22:38:00Z,ARR,bad,18.0
28,True,True,OTTAWA,QUÉBEC,2025-06-28,7,St. Hyacinthe,SHYA,2025-06-28T23:29:29Z,2025-06-28T23:06:00Z,ARR,bad,23.0
28,True,True,OTTAWA,QUÉBEC,2025-06-28,8,Drummondville,DRMV,2025-06-29T00:28:05Z,2025-06-28T23:52:00Z,ARR,bad,36.0
28,True,True,OTTAWA,QUÉBEC,2025-06-28,9,Charny,CHNY,2025-06-29T02:16:27Z,2025-06-29T01:14:00Z,ARR,bad,62.0
28,True,True,OTTAWA,QUÉBEC,2025-06-28,10,Ste-Foy,SFOY,2025-06-29T02:25:25Z,2025-06-29T01:21:00Z,ARR,bad,64.0
28,True,True,OTTAWA,QUÉBEC,2025-06-28,11,Québec,QBEC,2025-06-29T02:57:44Z,2025-06-29T01:48:00Z,ARR,bad,69.0
69,True,True,MONTRÉAL,TORONTO,2025-06-28,0,Montréal,MTRL,2025-06-28T20:38:00Z,2025-06-28T20:38:00Z,ARR,goo,0.0
69,True,True,MONTRÉAL,TORONTO,2025-06-28,1,Dorval,DORV,2025-06-28T21:02:54Z,2025-06-28T21:04:00Z,ARR,goo,-1.0
69,True,True,MONTRÉAL,TORONTO,2025-06-28,2,Cornwall,CWLL,2025-06-28T22:01:18Z,2025-06-28T21:53:00Z,ARR,med,8.0
69,True,True,MONTRÉAL,TORONTO,2025-06-28,3,Brockville,BRKV,2025-06-28T22:58:09Z,2025-06-28T22:40:00Z,ARR,bad,18.0
69,True,True,MONTRÉAL,TORONTO,2025-06-28,4,Kingston,KGON,2025-06-28T23:43:33Z,2025-06-28T23:24:00Z,ARR,bad,19.0
69,True,True,MONTRÉAL,TORONTO,2025-06-28,5,Oshawa,OSHA,2025-06-29T01:44:02Z,2025-06-29T01:05:00Z,ARR,bad,39.0
69,True,True,MONTRÉAL,TORONTO,2025-06-28,6,Guildwood,GUIL,2025-06-29T02:16:38Z,2025-06-29T01:28:00Z,ARR,bad,48.0
69,True,True,MONTRÉAL,TORONTO,2025-06-28,7,Toronto,TRTO,2025-06-29T02:47:43Z,2025-06-29T01:48:00Z,ARR,bad,59.0
68,True,True,TORONTO,MONTRÉAL,2025-06-28,0,Toronto,TRTO,2025-06-28T21:08:00Z,2025-06-28T21:08:00Z,ARR,goo,0.0
68,True,True,TORONTO,MONTRÉAL,2025-06-28,1,Oshawa,OSHA,2025-06-28T21:44:03Z,2025-06-28T21:39:00Z,ARR,med,5.0
68,True,True,TORONTO,MONTRÉAL,2025-06-28,2,Cobourg,CBRG,2025-06-28T22:25:16Z,2025-06-28T22:14:00Z,ARR,med,11.0
68,True,True,TORONTO,MONTRÉAL,2025-06-28,3,Belleville,BLVL,2025-06-28T22:59:10Z,2025-06-28T22:49:00Z,ARR,med,10.0
68,True,True,TORONTO,MONTRÉAL,2025-06-28,4,Kingston,KGON,2025-06-28T23:35:14Z,2025-06-28T23:26:00Z,ARR,med,9.0
68,True,True,TORONTO,MONTRÉAL,2025-06-28,5,Brockville,BRKV,2025-06-29T00:22:55Z,2025-06-29T00:11:00Z,ARR,med,11.0
68,True,True,TORONTO,MONTRÉAL,2025-06-28,6,Cornwall,CWLL,2025-06-29T01:10:01Z,2025-06-29T00:57:00Z,ARR,med,13.0
68,True,True,TORONTO,MONTRÉAL,2025-06-28,7,Dorval,DORV,2025-06-29T02:00:04Z,2025-06-29T01:47:00Z,ARR,med,13.0
68,True,True,TORONTO,MONTRÉAL,2025-06-28,8,Montréal,MTRL,2025-06-29T02:26:21Z,2025-06-29T02:14:00Z,ARR,med,12.0
75,True,True,TORONTO,WINDSOR,2025-06-28,0,Toronto,TRTO,2025-06-28T21:49:00Z,2025-06-28T21:22:00Z,ARR,bad,27.0
75,True,True,TORONTO,WINDSOR,2025-06-28,1,Oakville,OAKV,2025-06-28T22:34:22Z,2025-06-28T21:45:00Z,ARR,bad,49.0
75,True,True,TORONTO,WINDSOR,2025-06-28,2,Aldershot,ALDR,2025-06-28T22:56:14Z,2025-06-28T22:01:00Z,ARR,bad,55.0
75,True,True,TORONTO,WINDSOR,2025-06-28,3,Brantford,BRTF,2025-06-28T23:39:32Z,2025-06-28T22:33:00Z,ARR,bad,66.0
75,True,True,TORONTO,WINDSOR,2025-06-28,4,Woodstock,WDST,2025-06-29T00:11:41Z,2025-06-28T23:04:00Z,ARR,bad,67.0
75,True,True,TORONTO,WINDSOR,2025-06-28,5,Ingersoll,INGR,2025-06-29T00:26:47Z,2025-06-28T23:19:00Z,ARR,bad,67.0
75,True,True,TORONTO,WINDSOR,2025-06-28,6,London,LNDN,2025-06-29T00:48:55Z,2025-06-28T23:47:00Z,ARR,bad,61.0
75,True,True,TORONTO,WINDSOR,2025-06-28,7,Glencoe,GLNC,2025-06-29T01:24:31Z,2025-06-29T00:21:00Z,ARR,bad,63.0
75,True,True,TORONTO,WINDSOR,2025-06-28,8,Chatham,CHAT,2025-06-29T02:06:35Z,2025-06-29T00:55:00Z,ARR,bad,71.0
75,True,True,TORONTO,WINDSOR,2025-06-28,9,Windsor,WDON,2025-06-29T02:48:12Z,2025-06-29T01:50:00Z,ARR,bad,58.0
98,True,True,NIAGARA FALLS,TORONTO,2025-06-28,0,Niagara Falls,NIAG,2025-06-28T23:33:00Z,2025-06-28T21:45:00Z,ARR,bad,108.0
98,True,True,NIAGARA FALLS,TORONTO,2025-06-28,1,St. Catharines,SCAT,2025-06-28T23:54:00Z,2025-06-28T22:06:00Z,ARR,bad,108.0
98,True,True,NIAGARA FALLS,TORONTO,2025-06-28,2,Grimsby,GRIM,2025-06-29T00:26:00Z,2025-06-28T22:26:00Z,ARR,bad,120.0
98,True,True,NIAGARA FALLS,TORONTO,2025-06-28,3,Aldershot,ALDR,2025-06-29T01:01:00Z,2025-06-28T23:02:00Z,ARR,bad,119.0
98,True,True,NIAGARA FALLS,TORONTO,2025-06-28,4,Oakville,OAKV,2025-06-29T01:12:00Z,2025-06-28T23:16:00Z,ARR,bad,116.0
98,True,True,NIAGARA FALLS,TORONTO,2025-06-28,5,Toronto,TRTO,2025-06-29T01:40:00Z,2025-06-28T23:43:00Z,ARR,bad,117.0
87,True,True,TORONTO,SARNIA,2025-06-28,0,Toronto,TRTO,2025-06-28T21:43:20Z,2025-06-28T21:40:00Z,ARR,goo,3.0
87,True,True,TORONTO,SARNIA,2025-06-28,1,Malton,MALT,2025-06-28T22:03:24Z,2025-06-28T22:00:00Z,ARR,goo,3.0
87,True,True,TORONTO,SARNIA,2025-06-28,2,Brampton,BRMP,2025-06-28T22:12:51Z,2025-06-28T22:12:00Z,ARR,goo,0.0
87,True,True,TORONTO,SARNIA,2025-06-28,3,Georgetown,GEOR,2025-06-28T22:27:05Z,2025-06-28T22:24:00Z,ARR,goo,3.0
87,True,True,TORONTO,SARNIA,2025-06-28,4,Guelph,GUEL,2025-06-28T22:45:47Z,2025-06-28T22:49:00Z,ARR,goo,-3.0
87,True,True,TORONTO,SARNIA,2025-06-28,5,Kitchener,KITC,2025-06-28T23:09:32Z,2025-06-28T23:16:00Z,ARR,goo,-6.0
87,True,True,TORONTO,SARNIA,2025-06-28,6,Stratford,STRF,2025-06-29T00:06:01Z,2025-06-28T23:57:00Z,ARR,med,9.0
87,True,True,TORONTO,SARNIA,2025-06-28,7,St.Marys,SMYS,2025-06-29T00:37:44Z,2025-06-29T00:25:00Z,ARR,med,12.0
87,True,True,TORONTO,SARNIA,2025-06-28,8,London,LNDN,2025-06-29T01:31:55Z,2025-06-29T01:13:00Z,ARR,bad,18.0
87,True,True,TORONTO,SARNIA,2025-06-28,9,Strathroy,STRR,2025-06-29T01:58:33Z,2025-06-29T01:39:00Z,ARR,bad,19.0
87,True,True,TORONTO,SARNIA,2025-06-28,10,Wyoming,WYOM,2025-06-29T02:25:22Z,2025-06-29T02:07:00Z,ARR,bad,18.0
87,True,True,TORONTO,SARNIA,2025-06-28,11,Sarnia,SARN,2025-06-29T02:43:16Z,2025-06-29T02:24:00Z,ARR,bad,19.0
29,True,True,QUÉBEC,MONTRÉAL,2025-06-28,0,Québec,QBEC,2025-06-28T21:41:00Z,2025-06-28T21:41:00Z,ARR,goo,0.0
29,True,True,QUÉBEC,MONTRÉAL,2025-06-28,1,Ste-Foy,SFOY,2025-06-28T22:08:40Z,2025-06-28T22:06:00Z,ARR,goo,2.0
29,True,True,QUÉBEC,MONTRÉAL,2025-06-28,2,Drummondville,DRMV,2025-06-28T23:48:24Z,2025-06-28T23:42:00Z,ARR,med,6.0
29,True,True,QUÉBEC,MONTRÉAL,2025-06-28,3,St. Hyacinthe,SHYA,2025-06-29T00:17:25Z,2025-06-29T00:18:00Z,ARR,goo,0.0
29,True,True,QUÉBEC,MONTRÉAL,2025-06-28,4,St. Lambert,SLAM,2025-06-29T00:45:31Z,2025-06-29T00:45:00Z,ARR,goo,0.0
29,True,True,QUÉBEC,MONTRÉAL,2025-06-28,5,Montréal,MTRL,2025-06-29T00:59:26Z,2025-06-29T01:00:00Z,ARR,goo,0.0
54,True,True,TORONTO,OTTAWA,2025-06-28,0,Guildwood,GUIL,2025-06-28T22:00:20Z,2025-06-28T21:55:00Z,ARR,med,5.0
54,True,True,TORONTO,OTTAWA,2025-06-28,1,Oshawa,OSHA,2025-06-28T22:17:55Z,2025-06-28T22:08:00Z,ARR,med,9.0
54,True,True,TORONTO,OTTAWA,2025-06-28,2,Port Hope,PHOP,2025-06-28T22:53:13Z,2025-06-28T22:37:00Z,ARR,bad,16.0
54,True,True,TORONTO,OTTAWA,2025-06-28,3,Cobourg,CBRG,2025-06-28T23:03:06Z,2025-06-28T22:46:00Z,ARR,bad,17.0
54,True,True,TORONTO,OTTAWA,2025-06-28,4,Trenton Jct.,TRNJ,2025-06-28T23:35:10Z,2025-06-28T23:13:01Z,ARR,bad,22.0
54,True,True,TORONTO,OTTAWA,2025-06-28,5,Belleville,BLVL,2025-06-28T23:50:53Z,2025-06-28T23:27:00Z,ARR,bad,23.0
54,True,True,TORONTO,OTTAWA,2025-06-28,6,Napanee,NAPN,2025-06-29T00:16:48Z,2025-06-28T23:48:00Z,ARR,bad,28.0
54,True,True,TORONTO,OTTAWA,2025-06-28,7,Kingston,KGON,2025-06-29T00:39:37Z,2025-06-29T00:09:00Z,ARR,bad,30.0
54,True,True,TORONTO,OTTAWA,2025-06-28,8,Brockville,BRKV,2025-06-29T01:35:42Z,2025-06-29T00:54:00Z,ARR,bad,41.0
54,True,True,TORONTO,OTTAWA,2025-06-28,9,Smiths Falls,SMTF,2025-06-29T02:05:43Z,2025-06-29T01:25:00Z,ARR,bad,40.0
54,True,True,TORONTO,OTTAWA,2025-06-28,10,Fallowfield,FALL,2025-06-29T02:32:39Z,2025-06-29T01:52:00Z,ARR,bad,40.0
54,True,True,TORONTO,OTTAWA,2025-06-28,11,Ottawa,OTTW,2025-06-29T02:53:19Z,2025-06-29T02:13:00Z,ARR,bad,40.0
59,True,False,OTTAWA,TORONTO,2025-06-28,0,Ottawa,OTTW,2025-06-28T22:03:00Z,2025-06-28T22:03:00Z,ARR,goo,0.0
59,True,False,OTTAWA,TORONTO,2025-06-28,1,Fallowfield,FALL,2025-06-28T22:21:38Z,2025-06-28T22:20:00Z,ARR,goo,1.0
59,True,False,OTTAWA,TORONTO,2025-06-28,2,Smiths Falls,SMTF,2025-06-28T22:50:47Z,2025-06-28T22:51:00Z,ARR,goo,0.0
59,True,False,OTTAWA,TORONTO,2025-06-28,3,Brockville,BRKV,2025-06-28T23:34:22Z,2025-06-28T23:25:00Z,ARR,med,9.0
59,True,False,OTTAWA,TORONTO,2025-06-28,4,Kingston,KGON,2025-06-29T00:24:24Z,2025-06-29T00:10:00Z,ARR,med,14.0
59,True,False,OTTAWA,TORONTO,2025-06-28,5,Belleville,BLVL,2025-06-29T01:14:36Z,2025-06-29T00:51:00Z,ARR,bad,23.0
59,True,False,OTTAWA,TORONTO,2025-06-28,6,Trenton Jct.,TRNJ,2025-06-29T01:28:51Z,2025-06-29T01:05:00Z,ARR,bad,23.0
59,True,False,OTTAWA,TORONTO,2025-06-28,7,Cobourg,CBRG,2025-06-29T02:02:26Z,2025-06-29T01:31:00Z,ARR,bad,31.0
59,True,False,OTTAWA,TORONTO,2025-06-28,8,Oshawa,OSHA,2025-06-29T02:48:42Z,2025-06-29T02:05:00Z,ARR,bad,43.0
59,True,False,OTTAWA,TORONTO,2025-06-28,9,Guildwood,GUIL,2025-06-29T03:23:26Z,2025-06-29T02:28:00Z,ARR,bad,55.0
59,True,False,OTTAWA,TORONTO,2025-06-28,10,Toronto,TRTO,2025-06-29T03:43:26Z,2025-06-29T02:48:00Z,16 mins,bad,55.0
78,True,True,WINDSOR,TORONTO,2025-06-28,0,Windsor,WDON,2025-06-28T21:40:00Z,2025-06-28T21:40:00Z,ARR,goo,0.0
78,True,True,WINDSOR,TORONTO,2025-06-28,1,Chatham,CHAT,2025-06-28T22:25:00Z,2025-06-28T22:24:00Z,ARR,goo,1.0
78,True,True,WINDSOR,TORONTO,2025-06-28,2,Glencoe,GLNC,2025-06-28T23:08:12Z,2025-06-28T22:59:00Z,ARR,med,9.0
78,True,True,WINDSOR,TORONTO,2025-06-28,3,London,LNDN,2025-06-28T23:44:29Z,2025-06-28T23:32:00Z,ARR,med,12.0
78,True,True,WINDSOR,TORONTO,2025-06-28,4,Ingersoll,INGR,2025-06-29T00:11:41Z,2025-06-28T23:57:00Z,ARR,med,14.0
78,True,True,WINDSOR,TORONTO,2025-06-28,5,Woodstock,WDST,2025-06-29T00:21:00Z,2025-06-29T00:08:00Z,ARR,med,13.0
78,True,True,WINDSOR,TORONTO,2025-06-28,6,Brantford,BRTF,2025-06-29T01:03:40Z,2025-06-29T00:39:00Z,ARR,bad,24.0
78,True,True,WINDSOR,TORONTO,2025-06-28,7,Aldershot,ALDR,2025-06-29T01:36:08Z,2025-06-29T01:09:00Z,ARR,bad,27.0
78,True,True,WINDSOR,TORONTO,2025-06-28,8,Oakville,OAKV,2025-06-29T01:50:56Z,2025-06-29T01:24:00Z,ARR,bad,26.0
78,True,True,WINDSOR,TORONTO,2025-06-28,9,Toronto,TRTO,2025-06-29T02:15:28Z,2025-06-29T01:50:00Z,ARR,bad,25.0
38,True,True,OTTAWA,MONTRÉAL,2025-06-28,0,Ottawa,OTTW,2025-06-28T21:55:00Z,2025-06-28T21:55:00Z,ARR,goo,0.0
38,True,True,OTTAWA,MONTRÉAL,2025-06-28,1,Casselman,CSLM,2025-06-28T22:24:53Z,2025-06-28T22:26:00Z,ARR,goo,-1.0
38,True,True,OTTAWA,MONTRÉAL,2025-06-28,2,Alexandria,ALEX,2025-06-28T22:47:50Z,2025-06-28T22:49:00Z,ARR,goo,-1.0
38,True,True,OTTAWA,MONTRÉAL,2025-06-28,3,Dorval,DORV,2025-06-28T23:35:20Z,2025-06-28T23:33:00Z,ARR,goo,2.0
38,True,True,OTTAWA,MONTRÉAL,2025-06-28,4,Montréal,MTRL,2025-06-29T00:04:39Z,2025-06-28T23:57:00Z,ARR,med,7.0
79,True,False,TORONTO,WINDSOR,2025-06-28,0,Toronto,TRTO,2025-06-29T00:02:29Z,2025-06-28T23:45:00Z,ARR,bad,17.0
79,True,False,TORONTO,WINDSOR,2025-06-28,1,Oakville,OAKV,2025-06-29T00:26:34Z,2025-06-29T00:07:00Z,ARR,bad,19.0
79,True,False,TORONTO,WINDSOR,2025-06-28,2,Aldershot,ALDR,2025-06-29T00:41:41Z,2025-06-29T00:22:00Z,ARR,bad,19.0
79,True,False,TORONTO,WINDSOR,2025-06-28,3,Brantford,BRTF,2025-06-29T01:16:18Z,2025-06-29T00:50:00Z,ARR,bad,26.0
79,True,False,TORONTO,WINDSOR,2025-06-28,4,Woodstock,WDST,2025-06-29T01:44:12Z,2025-06-29T01:17:00Z,ARR,bad,27.0
79,True,False,TORONTO,WINDSOR,2025-06-28,5,Ingersoll,INGR,2025-06-29T01:56:04Z,2025-06-29T01:30:00Z,ARR,bad,26.0
79,True,False,TORONTO,WINDSOR,2025-06-28,6,London,LNDN,2025-06-29T02:18:50Z,2025-06-29T01:52:00Z,ARR,bad,26.0
79,True,False,TORONTO,WINDSOR,2025-06-28,7,Glencoe,GLNC,2025-06-29T02:52:05Z,2025-06-29T02:25:00Z,ARR,bad,27.0
79,True,False,TORONTO,WINDSOR,2025-06-28,8,Chatham,CHAT,2025-06-29T03:30:23Z,2025-06-29T02:57:00Z,3 mins,bad,33.0
79,True,False,TORONTO,WINDSOR,2025-06-28,9,Windsor,WDON,2025-06-29T04:17:23Z,2025-06-29T03:44:00Z,50 mins,bad,33.0
