train_id,departed,arrived,from,to,instance,stop_id,station,code,estimated,scheduled,eta,diff,diffMin
2 (04-18),True,True,VANCOUVER,TORONTO,2025-04-18,0,Vancouver,VCVR,2025-04-18T22:00:01Z,2025-04-18T22:00:00Z,ARR,goo,0.0
2 (04-18),True,True,VANCOUVER,TORONTO,2025-04-18,1,Mission Harbour,MSNH,2025-04-19T01:23:09Z,2025-04-18T23:35:00Z,ARR,bad,108.0
2 (04-18),True,True,VANCOUVER,TORONTO,2025-04-18,2,Agassiz,AGAS,2025-04-19T02:07:40Z,2025-04-19T00:03:00Z,ARR,bad,124.0
2 (04-18),True,True,VANCOUVER,TORONTO,2025-04-18,3,Katz,KATZ,2025-04-19T02:22:06Z,2025-04-19T00:17:00Z,ARR,bad,125.0
2 (04-18),True,True,VANCOUVER,TORONTO,2025-04-18,4,North Bend,NBND,2025-04-19T04:04:50Z,2025-04-19T02:46:00Z,ARR,bad,78.0
2 (04-18),True,True,VANCOUVER,TORONTO,2025-04-18,5,Ashcroft,ASHN,2025-04-19T07:00:49Z,2025-04-19T05:32:00Z,ARR,bad,88.0
2 (04-18),True,True,VANCOUVER,TORONTO,2025-04-18,6,Kamloops North,KAMN,2025-04-19T09:26:58Z,2025-04-19T07:17:00Z,ARR,bad,129.0
2 (04-18),True,True,VANCOUVER,TORONTO,2025-04-18,7,Clearwater,CLWT,2025-04-19T11:53:50Z,2025-04-19T09:58:00Z,ARR,bad,115.0
2 (04-18),True,True,VANCOUVER,TORONTO,2025-04-18,8,Blue River,BLUE,2025-04-19T15:41:46Z,2025-04-19T12:11:00Z,ARR,bad,210.0
2 (04-18),True,True,VANCOUVER,TORONTO,2025-04-18,9,Valemount,VLMT,2025-04-19T17:27:07Z,2025-04-19T14:01:00Z,ARR,bad,206.0
2 (04-18),True,True,VANCOUVER,TORONTO,2025-04-18,10,Jasper,JASP,2025-04-19T20:26:07Z,2025-04-19T17:00:00Z,ARR,bad,206.0
2 (04-18),True,True,VANCOUVER,TORONTO,2025-04-18,11,Hinton,HINT,2025-04-19T23:25:40Z,2025-04-19T19:45:00Z,ARR,bad,220.0
2 (04-18),True,True,VANCOUVER,TORONTO,2025-04-18,12,Edson,EDSN,2025-04-20T01:04:01Z,2025-04-19T21:19:00Z,ARR,bad,225.0
2 (04-18),True,True,VANCOUVER,TORONTO,2025-04-18,13,Evansburg,EVAN,2025-04-20T02:28:58Z,2025-04-19T22:28:00Z,ARR,bad,240.0
2 (04-18),True,True,VANCOUVER,TORONTO,2025-04-18,14,Edmonton,EDMO,2025-04-20T04:05:25Z,2025-04-20T00:50:00Z,ARR,bad,195.0
2 (04-18),True,True,VANCOUVER,TORONTO,2025-04-18,15,Viking,VKNG,2025-04-20T07:44:31Z,2025-04-20T03:53:00Z,ARR,bad,231.0
2 (04-18),True,True,VANCOUVER,TORONTO,2025-04-18,16,Wainwright,WAIN,2025-04-20T10:12:14Z,2025-04-20T06:14:00Z,ARR,bad,238.0
2 (04-18),True,True,VANCOUVER,TORONTO,2025-04-18,17,Unity,UNIT,2025-04-20T12:17:46Z,2025-04-20T07:47:00Z,ARR,bad,270.0
2 (04-18),True,True,VANCOUVER,TORONTO,2025-04-18,18,Biggar,BIGG,2025-04-20T14:19:14Z,2025-04-20T09:21:00Z,ARR,bad,298.0
2 (04-18),True,True,VANCOUVER,TORONTO,2025-04-18,19,Saskatoon,SASK,2025-04-20T15:41:08Z,2025-04-20T11:57:00Z,ARR,bad,224.0
2 (04-18),True,True,VANCOUVER,TORONTO,2025-04-18,20,Watrous,WATR,2025-04-20T20:45:06Z,2025-04-20T14:26:00Z,ARR,bad,379.0
2 (04-18),True,True,VANCOUVER,TORONTO,2025-04-18,21,Melville,MELV,2025-04-21T00:53:39Z,2025-04-20T18:47:00Z,ARR,bad,366.0
2 (04-18),True,True,VANCOUVER,TORONTO,2025-04-18,22,Rivers,RVRS,2025-04-21T04:32:57Z,2025-04-20T22:22:00Z,ARR,bad,370.0
2 (04-18),True,True,VANCOUVER,TORONTO,2025-04-18,23,Portage La Prairie,PLPX,2025-04-21T06:57:49Z,2025-04-21T00:15:00Z,ARR,bad,402.0
2 (04-18),True,True,VANCOUVER,TORONTO,2025-04-18,24,Winnipeg,WNPG,2025-04-21T08:02:23Z,2025-04-21T03:00:00Z,ARR,bad,302.0
2 (04-18),True,True,VANCOUVER,TORONTO,2025-04-18,25,Elma,ELMA,2025-04-21T12:54:09Z,2025-04-21T05:37:00Z,ARR,bad,437.0
2 (04-18),True,True,VANCOUVER,TORONTO,2025-04-18,26,Brereton Lake,BRTL,2025-04-21T13:19:49Z,2025-04-21T05:58:00Z,ARR,bad,441.0
2 (04-18),True,True,VANCOUVER,TORONTO,2025-04-18,27,Ophir,OPHR,2025-04-21T13:32:34Z,2025-04-21T06:16:00Z,ARR,bad,436.0
2 (04-18),True,True,VANCOUVER,TORONTO,2025-04-18,28,Winnitoba,WNTB,2025-04-21T13:35:42Z,2025-04-21T06:21:00Z,ARR,bad,434.0
2 (04-18),True,True,VANCOUVER,TORONTO,2025-04-18,29,Rice Lake,RCLK,2025-04-21T13:41:32Z,2025-04-21T06:35:00Z,ARR,bad,426.0
2 (04-18),True,True,VANCOUVER,TORONTO,2025-04-18,30,Copelands Landing,COPE,2025-04-21T13:49:06Z,2025-04-21T06:38:00Z,ARR,bad,431.0
2 (04-18),True,True,VANCOUVER,TORONTO,2025-04-18,31,Malachi,MLCH,2025-04-21T13:51:06Z,2025-04-21T06:40:00Z,ARR,bad,431.0
2 (04-18),True,True,VANCOUVER,TORONTO,2025-04-18,32,Ottermere,OTTM,2025-04-21T14:01:11Z,2025-04-21T06:46:00Z,ARR,bad,435.0
2 (04-18),True,True,VANCOUVER,TORONTO,2025-04-18,33,Minaki,MNKI,2025-04-21T14:16:49Z,2025-04-21T07:03:00Z,ARR,bad,433.0
2 (04-18),True,True,VANCOUVER,TORONTO,2025-04-18,34,Redditt,RDDT,2025-04-21T14:35:48Z,2025-04-21T07:29:00Z,ARR,bad,426.0
2 (04-18),True,True,VANCOUVER,TORONTO,2025-04-18,35,Farlane,FARL,2025-04-21T14:49:58Z,2025-04-21T07:46:00Z,ARR,bad,423.0
2 (04-18),True,True,VANCOUVER,TORONTO,2025-04-18,36,Canyon,CNYK,2025-04-21T15:19:52Z,2025-04-21T08:23:00Z,ARR,bad,416.0
2 (04-18),True,True,VANCOUVER,TORONTO,2025-04-18,37,Red Lake Road,RLRX,2025-04-21T15:45:34Z,2025-04-21T08:51:00Z,ARR,bad,414.0
2 (04-18),True,True,VANCOUVER,TORONTO,2025-04-18,38,Richan,RCHN,2025-04-21T16:40:46Z,2025-04-21T09:28:00Z,ARR,bad,432.0
2 (04-18),True,True,VANCOUVER,TORONTO,2025-04-18,39,Sioux Lookout,SLKT,2025-04-21T18:17:27Z,2025-04-21T11:01:00Z,ARR,bad,436.0
2 (04-18),True,True,VANCOUVER,TORONTO,2025-04-18,40,Savant Lake,SAVL,2025-04-21T19:55:15Z,2025-04-21T13:14:00Z,ARR,bad,401.0
2 (04-18),True,True,VANCOUVER,TORONTO,2025-04-18,41,Flindt Landing,FLTL,2025-04-21T20:12:15Z,2025-04-21T13:31:00Z,ARR,bad,401.0
2 (04-18),True,True,VANCOUVER,TORONTO,2025-04-18,42,Allanwater Bridge,ALWB,2025-04-21T20:27:15Z,2025-04-21T13:46:00Z,ARR,bad,401.0
2 (04-18),True,True,VANCOUVER,TORONTO,2025-04-18,43,Collins,COLL,2025-04-21T21:07:15Z,2025-04-21T14:26:00Z,ARR,bad,401.0
2 (04-18),True,True,VANCOUVER,TORONTO,2025-04-18,44,Armstrong,ARMG,2025-04-21T22:05:46Z,2025-04-21T14:57:00Z,ARR,bad,428.0
2 (04-18),True,True,VANCOUVER,TORONTO,2025-04-18,45,Mud River,MUDR,2025-04-21T22:45:01Z,2025-04-21T15:29:00Z,ARR,bad,436.0
2 (04-18),True,True,VANCOUVER,TORONTO,2025-04-18,46,Ferland,FERL,2025-04-21T22:53:01Z,2025-04-21T15:37:00Z,ARR,bad,436.0
2 (04-18),True,True,VANCOUVER,TORONTO,2025-04-18,47,Auden,AUDN,2025-04-21T23:30:01Z,2025-04-21T16:14:00Z,ARR,bad,436.0
2 (04-18),True,True,VANCOUVER,TORONTO,2025-04-18,48,Nakina,NAKI,2025-04-22T00:13:55Z,2025-04-21T17:20:00Z,ARR,bad,413.0
2 (04-18),True,True,VANCOUVER,TORONTO,2025-04-18,49,Longlac,LLAC,2025-04-22T00:53:37Z,2025-04-21T18:11:00Z,ARR,bad,402.0
2 (04-18),True,True,VANCOUVER,TORONTO,2025-04-18,50,Caramat,CARA,2025-04-22T01:23:11Z,2025-04-21T18:39:00Z,ARR,bad,404.0
2 (04-18),True,True,VANCOUVER,TORONTO,2025-04-18,51,Hillsport,HLSP,2025-04-22T02:08:47Z,2025-04-21T19:29:00Z,ARR,bad,399.0
2 (04-18),True,True,VANCOUVER,TORONTO,2025-04-18,52,Hornepayne,HNPN,2025-04-22T04:00:45Z,2025-04-21T21:44:00Z,ARR,bad,376.0
2 (04-18),True,True,VANCOUVER,TORONTO,2025-04-18,53,Oba,OBAX,2025-04-22T05:18:20Z,2025-04-21T23:30:00Z,ARR,bad,348.0
2 (04-18),True,True,VANCOUVER,TORONTO,2025-04-18,54,Elsas,ELSA,2025-04-22T06:52:20Z,2025-04-22T01:04:00Z,ARR,bad,348.0
2 (04-18),True,True,VANCOUVER,TORONTO,2025-04-18,55,Foleyet,FOLE,2025-04-22T08:33:26Z,2025-04-22T02:27:00Z,ARR,bad,366.0
2 (04-18),True,True,VANCOUVER,TORONTO,2025-04-18,56,Gogama,GOGA,2025-04-22T09:53:08Z,2025-04-22T04:02:00Z,ARR,bad,351.0
2 (04-18),True,True,VANCOUVER,TORONTO,2025-04-18,57,Westree,WSTR,2025-04-22T10:21:31Z,2025-04-22T04:35:00Z,ARR,bad,346.0
2 (04-18),True,True,VANCOUVER,TORONTO,2025-04-18,58,Ruel,RUEL,2025-04-22T10:38:31Z,2025-04-22T04:52:00Z,ARR,bad,346.0
2 (04-18),True,True,VANCOUVER,TORONTO,2025-04-18,59,Felix,FELX,2025-04-22T10:46:31Z,2025-04-22T05:00:00Z,ARR,bad,346.0
2 (04-18),True,True,VANCOUVER,TORONTO,2025-04-18,60,McKee's Camp,MCKC,2025-04-22T11:06:31Z,2025-04-22T05:20:00Z,ARR,bad,346.0
2 (04-18),True,True,VANCOUVER,TORONTO,2025-04-18,61,Laforest,LAFO,2025-04-22T11:19:31Z,2025-04-22T05:33:00Z,ARR,bad,346.0
2 (04-18),True,True,VANCOUVER,TORONTO,2025-04-18,62,Capreol,CAPR,2025-04-22T12:07:40Z,2025-04-22T07:47:00Z,ARR,bad,260.0
2 (04-18),True,True,VANCOUVER,TORONTO,2025-04-18,63,Sudbury (Jct.),SUDJ,2025-04-22T12:53:59Z,2025-04-22T08:49:00Z,ARR,bad,244.0
2 (04-18),True,True,VANCOUVER,TORONTO,2025-04-18,64,Parry Sound,PARS,2025-04-22T15:53:26Z,2025-04-22T12:00:00Z,ARR,bad,233.0
2 (04-18),True,True,VANCOUVER,TORONTO,2025-04-18,65,Washago,WSHG,2025-04-22T17:32:14Z,2025-04-22T14:00:00Z,ARR,bad,212.0
2 (04-18),True,True,VANCOUVER,TORONTO,2025-04-18,66,Toronto,TRTO,2025-04-22T20:57:06Z,2025-04-22T18:29:00Z,ARR,bad,148.0
1 (04-20),True,False,TORONTO,VANCOUVER,2025-04-20,0,Toronto,TRTO,2025-04-20T13:55:00Z,2025-04-20T13:55:00Z,ARR,goo,0.0
1 (04-20),True,False,TORONTO,VANCOUVER,2025-04-20,1,Washago,WSHG,2025-04-20T18:09:01Z,2025-04-20T16:25:00Z,ARR,bad,104.0
1 (04-20),True,False,TORONTO,VANCOUVER,2025-04-20,2,South Parry,SPAR,2025-04-20T19:46:30Z,2025-04-20T18:27:00Z,ARR,bad,79.0
1 (04-20),True,False,TORONTO,VANCOUVER,2025-04-20,3,Sudbury (Jct.),SUDJ,2025-04-20T22:04:20Z,2025-04-20T20:57:00Z,ARR,bad,67.0
1 (04-20),True,False,TORONTO,VANCOUVER,2025-04-20,4,Capreol,CAPR,2025-04-20T22:41:28Z,2025-04-20T21:22:00Z,ARR,bad,79.0
1 (04-20),True,False,TORONTO,VANCOUVER,2025-04-20,5,Laforest,LAFO,2025-04-21T00:07:41Z,2025-04-20T22:48:00Z,ARR,bad,79.0
1 (04-20),True,False,TORONTO,VANCOUVER,2025-04-20,6,McKee's Camp,MCKC,2025-04-21T00:20:41Z,2025-04-20T23:01:00Z,ARR,bad,79.0
1 (04-20),True,False,TORONTO,VANCOUVER,2025-04-20,7,Felix,FELX,2025-04-21T00:40:41Z,2025-04-20T23:21:00Z,ARR,bad,79.0
1 (04-20),True,False,TORONTO,VANCOUVER,2025-04-20,8,Ruel,RUEL,2025-04-21T00:47:41Z,2025-04-20T23:28:00Z,ARR,bad,79.0
1 (04-20),True,False,TORONTO,VANCOUVER,2025-04-20,9,Westree,WSTR,2025-04-21T01:17:39Z,2025-04-20T23:45:00Z,ARR,bad,92.0
1 (04-20),True,False,TORONTO,VANCOUVER,2025-04-20,10,Gogama,GOGA,2025-04-21T01:56:06Z,2025-04-21T00:18:00Z,ARR,bad,98.0
1 (04-20),True,False,TORONTO,VANCOUVER,2025-04-20,11,Foleyet,FOLE,2025-04-21T03:25:06Z,2025-04-21T02:44:00Z,ARR,bad,41.0
1 (04-20),True,False,TORONTO,VANCOUVER,2025-04-20,12,Elsas,ELSA,2025-04-21T04:18:18Z,2025-04-21T03:38:00Z,ARR,bad,40.0
1 (04-20),True,False,TORONTO,VANCOUVER,2025-04-20,13,Oba,OBAX,2025-04-21T06:18:18Z,2025-04-21T05:38:00Z,ARR,bad,40.0
1 (04-20),True,False,TORONTO,VANCOUVER,2025-04-20,14,Hornepayne,HNPN,2025-04-21T07:11:13Z,2025-04-21T06:29:00Z,ARR,bad,42.0
1 (04-20),True,False,TORONTO,VANCOUVER,2025-04-20,15,Hillsport,HLSP,2025-04-21T08:56:48Z,2025-04-21T08:05:00Z,ARR,bad,51.0
1 (04-20),True,False,TORONTO,VANCOUVER,2025-04-20,16,Caramat,CARA,2025-04-21T10:07:28Z,2025-04-21T08:55:00Z,ARR,bad,72.0
1 (04-20),True,False,TORONTO,VANCOUVER,2025-04-20,17,Longlac,LLAC,2025-04-21T10:30:18Z,2025-04-21T09:34:00Z,ARR,bad,56.0
1 (04-20),True,False,TORONTO,VANCOUVER,2025-04-20,18,Nakina,NAKI,2025-04-21T11:08:35Z,2025-04-21T10:13:00Z,ARR,bad,55.0
1 (04-20),True,False,TORONTO,VANCOUVER,2025-04-20,19,Auden,AUDN,2025-04-21T12:25:03Z,2025-04-21T11:19:00Z,ARR,bad,66.0
1 (04-20),True,False,TORONTO,VANCOUVER,2025-04-20,20,Ferland,FERL,2025-04-21T13:02:03Z,2025-04-21T11:56:00Z,ARR,bad,66.0
1 (04-20),True,False,TORONTO,VANCOUVER,2025-04-20,21,Mud River,MUDR,2025-04-21T13:11:03Z,2025-04-21T12:05:00Z,ARR,bad,66.0
1 (04-20),True,False,TORONTO,VANCOUVER,2025-04-20,22,Armstrong,ARMG,2025-04-21T13:51:36Z,2025-04-21T13:17:00Z,ARR,bad,34.0
1 (04-20),True,False,TORONTO,VANCOUVER,2025-04-20,23,Collins,COLL,2025-04-21T14:23:53Z,2025-04-21T13:47:00Z,ARR,bad,36.0
1 (04-20),True,False,TORONTO,VANCOUVER,2025-04-20,24,Allanwater Bridge,ALWB,2025-04-21T15:02:53Z,2025-04-21T14:26:00Z,ARR,bad,36.0
1 (04-20),True,False,TORONTO,VANCOUVER,2025-04-20,25,Flindt Landing,FLTL,2025-04-21T15:18:53Z,2025-04-21T14:42:00Z,ARR,bad,36.0
1 (04-20),True,False,TORONTO,VANCOUVER,2025-04-20,26,Savant Lake,SAVL,2025-04-21T15:35:53Z,2025-04-21T14:59:00Z,ARR,bad,36.0
1 (04-20),True,False,TORONTO,VANCOUVER,2025-04-20,27,Sioux Lookout,SLKT,2025-04-21T17:28:35Z,2025-04-21T16:25:00Z,ARR,bad,63.0
1 (04-20),True,False,TORONTO,VANCOUVER,2025-04-20,28,Richan,RCHN,2025-04-21T19:17:48Z,2025-04-21T18:05:00Z,ARR,bad,72.0
1 (04-20),True,False,TORONTO,VANCOUVER,2025-04-20,29,Red Lake Road,RLRX,2025-04-21T19:49:22Z,2025-04-21T18:41:00Z,ARR,bad,68.0
1 (04-20),True,False,TORONTO,VANCOUVER,2025-04-20,30,Canyon,CNYK,2025-04-21T20:33:08Z,2025-04-21T19:10:00Z,ARR,bad,83.0
1 (04-20),True,False,TORONTO,VANCOUVER,2025-04-20,31,Farlane,FARL,2025-04-21T21:04:44Z,2025-04-21T19:47:00Z,ARR,bad,77.0
1 (04-20),True,False,TORONTO,VANCOUVER,2025-04-20,32,Redditt,RDDT,2025-04-21T21:19:13Z,2025-04-21T20:23:00Z,ARR,bad,56.0
1 (04-20),True,False,TORONTO,VANCOUVER,2025-04-20,33,Minaki,MNKI,2025-04-21T21:40:28Z,2025-04-21T20:44:00Z,ARR,bad,56.0
1 (04-20),True,False,TORONTO,VANCOUVER,2025-04-20,34,Ottermere,OTTM,2025-04-21T21:57:30Z,2025-04-21T21:01:00Z,ARR,bad,56.0
1 (04-20),True,False,TORONTO,VANCOUVER,2025-04-20,35,Malachi,MLCH,2025-04-21T22:04:51Z,2025-04-21T21:07:00Z,ARR,bad,57.0
1 (04-20),True,False,TORONTO,VANCOUVER,2025-04-20,36,Copelands Landing,COPE,2025-04-21T22:05:59Z,2025-04-21T21:09:00Z,ARR,bad,56.0
1 (04-20),True,False,TORONTO,VANCOUVER,2025-04-20,37,Rice Lake,RCLK,2025-04-21T22:14:49Z,2025-04-21T21:12:00Z,ARR,bad,62.0
1 (04-20),True,False,TORONTO,VANCOUVER,2025-04-20,38,Winnitoba,WNTB,2025-04-21T22:24:53Z,2025-04-21T21:26:00Z,ARR,bad,58.0
1 (04-20),True,False,TORONTO,VANCOUVER,2025-04-20,39,Ophir,OPHR,2025-04-21T22:24:15Z,2025-04-21T21:31:00Z,ARR,bad,53.0
1 (04-20),True,False,TORONTO,VANCOUVER,2025-04-20,40,Brereton Lake,BRTL,2025-04-21T22:42:53Z,2025-04-21T21:49:00Z,ARR,bad,53.0
1 (04-20),True,False,TORONTO,VANCOUVER,2025-04-20,41,Elma,ELMA,2025-04-22T00:19:12Z,2025-04-21T22:10:00Z,ARR,bad,129.0
1 (04-20),True,False,TORONTO,VANCOUVER,2025-04-20,42,Winnipeg,WNPG,2025-04-22T02:11:50Z,2025-04-22T00:30:00Z,ARR,bad,101.0
1 (04-20),True,False,TORONTO,VANCOUVER,2025-04-20,43,Portage La Prairie,PLPX,2025-04-22T05:44:33Z,2025-04-22T04:04:00Z,ARR,bad,100.0
1 (04-20),True,False,TORONTO,VANCOUVER,2025-04-20,44,Rivers,RVRS,2025-04-22T09:31:02Z,2025-04-22T06:31:00Z,ARR,bad,180.0
1 (04-20),True,False,TORONTO,VANCOUVER,2025-04-20,45,Melville,MELV,2025-04-22T12:42:23Z,2025-04-22T10:54:00Z,ARR,bad,108.0
1 (04-20),True,False,TORONTO,VANCOUVER,2025-04-20,46,Watrous,WATR,2025-04-22T16:04:53Z,2025-04-22T13:54:00Z,ARR,bad,130.0
1 (04-20),True,False,TORONTO,VANCOUVER,2025-04-20,47,Saskatoon,SASK,2025-04-22T17:45:50Z,2025-04-22T15:50:00Z,ARR,bad,115.0
1 (04-20),True,False,TORONTO,VANCOUVER,2025-04-20,48,Biggar,BIGG,2025-04-22T20:56:55Z,2025-04-22T18:29:00Z,ARR,bad,147.0
1 (04-20),True,False,TORONTO,VANCOUVER,2025-04-20,49,Unity,UNIT,2025-04-22T21:57:31Z,2025-04-22T19:44:00Z,ARR,bad,133.0
1 (04-20),True,False,TORONTO,VANCOUVER,2025-04-20,50,Wainwright,WAIN,2025-04-22T23:21:57Z,2025-04-22T22:33:00Z,ARR,bad,48.0
1 (04-20),True,False,TORONTO,VANCOUVER,2025-04-20,51,Viking,VKNG,2025-04-23T00:53:17Z,2025-04-22T23:26:00Z,ARR,bad,87.0
1 (04-20),True,False,TORONTO,VANCOUVER,2025-04-20,52,Edmonton,EDMO,2025-04-23T04:07:59Z,2025-04-23T02:50:00Z,13 mins,bad,77.0
1 (04-20),True,False,TORONTO,VANCOUVER,2025-04-20,53,Evansburg,EVAN,2025-04-23T08:46:59Z,2025-04-23T07:29:00Z,4h52,bad,77.0
1 (04-20),True,False,TORONTO,VANCOUVER,2025-04-20,54,Edson,EDSN,&mdash;,2025-04-23T08:52:00Z,&mdash;,,
1 (04-20),True,False,TORONTO,VANCOUVER,2025-04-20,55,Hinton,HINT,&mdash;,2025-04-23T09:58:00Z,&mdash;,,
1 (04-20),True,False,TORONTO,VANCOUVER,2025-04-20,56,Jasper,JASP,&mdash;,2025-04-23T12:30:00Z,&mdash;,,
1 (04-20),True,False,TORONTO,VANCOUVER,2025-04-20,57,Valemount,VLMT,&mdash;,2025-04-23T17:50:00Z,&mdash;,,
693 (04-20),True,True,WINNIPEG,CHURCHILL,2025-04-20,0,Winnipeg,WNPG,2025-04-20T17:05:00Z,2025-04-20T17:05:00Z,ARR,goo,0.0
693 (04-20),True,True,WINNIPEG,CHURCHILL,2025-04-20,1,Portage La Prairie,PLPX,2025-04-20T18:12:32Z,2025-04-20T18:15:00Z,ARR,goo,-2.0
693 (04-20),True,True,WINNIPEG,CHURCHILL,2025-04-20,2,Gladstone,GSTO,2025-04-20T19:02:05Z,2025-04-20T19:07:00Z,ARR,goo,-4.0
693 (04-20),True,True,WINNIPEG,CHURCHILL,2025-04-20,3,Plumas,PLUM,2025-04-20T19:34:35Z,2025-04-20T19:44:00Z,ARR,goo,-9.0
693 (04-20),True,True,WINNIPEG,CHURCHILL,2025-04-20,4,Glenella,GLNA,2025-04-20T20:01:03Z,2025-04-20T20:16:00Z,ARR,goo,-14.0
693 (04-20),True,True,WINNIPEG,CHURCHILL,2025-04-20,5,Mccreary,MCCR,2025-04-20T20:42:49Z,2025-04-20T20:57:00Z,ARR,goo,-14.0
693 (04-20),True,True,WINNIPEG,CHURCHILL,2025-04-20,6,Laurier,LRIE,2025-04-20T20:58:26Z,2025-04-20T21:15:00Z,ARR,goo,-16.0
693 (04-20),True,True,WINNIPEG,CHURCHILL,2025-04-20,7,Ochre River,OCHR,2025-04-20T21:15:45Z,2025-04-20T21:36:00Z,ARR,goo,-20.0
693 (04-20),True,True,WINNIPEG,CHURCHILL,2025-04-20,8,Dauphin,DAUP,2025-04-20T21:39:55Z,2025-04-20T21:56:00Z,ARR,goo,-16.0
693 (04-20),True,True,WINNIPEG,CHURCHILL,2025-04-20,9,Gilbert Plains,GLBP,2025-04-20T22:29:28Z,2025-04-20T22:44:00Z,ARR,goo,-14.0
693 (04-20),True,True,WINNIPEG,CHURCHILL,2025-04-20,10,Grandview,GVIE,2025-04-20T22:49:19Z,2025-04-20T23:00:00Z,ARR,goo,-10.0
693 (04-20),True,True,WINNIPEG,CHURCHILL,2025-04-20,11,Roblin,RBLN,2025-04-20T23:53:30Z,2025-04-20T23:55:00Z,ARR,goo,-1.0
693 (04-20),True,True,WINNIPEG,CHURCHILL,2025-04-20,12,Togo,TOGO,2025-04-21T00:18:16Z,2025-04-21T00:22:00Z,ARR,goo,-3.0
693 (04-20),True,True,WINNIPEG,CHURCHILL,2025-04-20,13,Kamsack,KAMS,2025-04-21T00:51:54Z,2025-04-21T00:59:00Z,ARR,goo,-7.0
693 (04-20),True,True,WINNIPEG,CHURCHILL,2025-04-20,14,Veregin,VERE,2025-04-21T01:04:25Z,2025-04-21T01:12:00Z,ARR,goo,-7.0
693 (04-20),True,True,WINNIPEG,CHURCHILL,2025-04-20,15,Mikado,MIKA,2025-04-21T01:15:33Z,2025-04-21T01:22:00Z,ARR,goo,-6.0
693 (04-20),True,True,WINNIPEG,CHURCHILL,2025-04-20,16,Canora,CANO,2025-04-21T01:29:51Z,2025-04-21T01:36:00Z,ARR,goo,-6.0
693 (04-20),True,True,WINNIPEG,CHURCHILL,2025-04-20,17,Sturgis,STGS,2025-04-21T02:24:20Z,2025-04-21T02:21:00Z,ARR,goo,3.0
693 (04-20),True,True,WINNIPEG,CHURCHILL,2025-04-20,18,Endeavour,ENDV,2025-04-21T02:55:18Z,2025-04-21T02:54:00Z,ARR,goo,1.0
693 (04-20),True,True,WINNIPEG,CHURCHILL,2025-04-20,19,Reserve,RSRV,2025-04-21T03:41:55Z,2025-04-21T03:34:00Z,ARR,med,7.0
693 (04-20),True,True,WINNIPEG,CHURCHILL,2025-04-20,20,Hudson Bay,HBAY,2025-04-21T04:29:06Z,2025-04-21T04:32:00Z,ARR,goo,-2.0
693 (04-20),True,True,WINNIPEG,CHURCHILL,2025-04-20,21,The Pas,TPAS,2025-04-21T07:00:35Z,2025-04-21T06:45:00Z,ARR,bad,15.0
693 (04-20),True,True,WINNIPEG,CHURCHILL,2025-04-20,22,Orok,OROK,2025-04-21T08:05:37Z,2025-04-21T08:07:00Z,ARR,goo,-1.0
693 (04-20),True,True,WINNIPEG,CHURCHILL,2025-04-20,23,Halcrow,HALC,2025-04-21T08:54:44Z,2025-04-21T09:01:00Z,ARR,goo,-6.0
693 (04-20),True,True,WINNIPEG,CHURCHILL,2025-04-20,24,Cormorant,CORM,2025-04-21T09:00:28Z,2025-04-21T09:12:00Z,ARR,goo,-11.0
693 (04-20),True,True,WINNIPEG,CHURCHILL,2025-04-20,25,Dering,DERI,2025-04-21T09:20:00Z,2025-04-21T09:20:00Z,ARR,goo,0.0
693 (04-20),True,True,WINNIPEG,CHURCHILL,2025-04-20,26,Dyce,DYCE,2025-04-21T09:59:00Z,2025-04-21T09:59:00Z,ARR,goo,0.0
693 (04-20),True,True,WINNIPEG,CHURCHILL,2025-04-20,27,Wekusko,WEKU,2025-04-21T10:23:31Z,2025-04-21T10:43:00Z,ARR,goo,-19.0
693 (04-20),True,True,WINNIPEG,CHURCHILL,2025-04-20,28,Turnbull,TURN,2025-04-21T10:46:31Z,2025-04-21T11:10:00Z,ARR,goo,-23.0
693 (04-20),True,True,WINNIPEG,CHURCHILL,2025-04-20,29,Ponton,PNTN,2025-04-21T11:12:40Z,2025-04-21T11:42:00Z,ARR,goo,-29.0
693 (04-20),True,True,WINNIPEG,CHURCHILL,2025-04-20,30,Pipun,PIPN,2025-04-21T11:57:25Z,2025-04-21T12:25:00Z,ARR,goo,-27.0
693 (04-20),True,True,WINNIPEG,CHURCHILL,2025-04-20,31,Wabowden,WBDN,2025-04-21T12:11:23Z,2025-04-21T12:48:00Z,ARR,goo,-36.0
693 (04-20),True,True,WINNIPEG,CHURCHILL,2025-04-20,32,Lyddal,LYDD,2025-04-21T13:13:50Z,2025-04-21T13:16:00Z,ARR,goo,-2.0
693 (04-20),True,True,WINNIPEG,CHURCHILL,2025-04-20,33,Odhill,ODHI,2025-04-21T13:34:34Z,2025-04-21T13:38:00Z,ARR,goo,-3.0
693 (04-20),True,True,WINNIPEG,CHURCHILL,2025-04-20,34,Hockin,HOCK,2025-04-21T14:11:06Z,2025-04-21T14:22:00Z,ARR,goo,-10.0
693 (04-20),True,True,WINNIPEG,CHURCHILL,2025-04-20,35,Thicket Portage,THKP,2025-04-21T14:37:00Z,2025-04-21T14:37:00Z,ARR,goo,0.0
693 (04-20),True,True,WINNIPEG,CHURCHILL,2025-04-20,36,Leven,LEVN,2025-04-21T14:49:11Z,2025-04-21T14:54:00Z,ARR,goo,-4.0
693 (04-20),True,True,WINNIPEG,CHURCHILL,2025-04-20,37,Thompson,THOM,2025-04-21T18:13:38Z,2025-04-21T17:00:00Z,ARR,bad,73.0
693 (04-20),True,True,WINNIPEG,CHURCHILL,2025-04-20,38,Sipiwesk,SIPI,2025-04-21T23:26:22Z,2025-04-21T23:35:00Z,ARR,goo,-8.0
693 (04-20),True,True,WINNIPEG,CHURCHILL,2025-04-20,39,Pikwitonei,PIKW,2025-04-22T00:02:00Z,2025-04-22T00:02:00Z,ARR,goo,0.0
693 (04-20),True,True,WINNIPEG,CHURCHILL,2025-04-20,40,Bridgar,BRGR,2025-04-22T00:13:00Z,2025-04-22T00:13:00Z,ARR,goo,0.0
693 (04-20),True,True,WINNIPEG,CHURCHILL,2025-04-20,41,Pit Siding,PITS,2025-04-22T01:35:00Z,2025-04-22T01:35:00Z,ARR,goo,0.0
693 (04-20),True,True,WINNIPEG,CHURCHILL,2025-04-20,42,Ilford,ILFO,2025-04-22T02:27:09Z,2025-04-22T02:36:00Z,ARR,goo,-8.0
693 (04-20),True,True,WINNIPEG,CHURCHILL,2025-04-20,43,Wivenhoe,WVHO,2025-04-22T03:33:17Z,2025-04-22T03:13:00Z,ARR,bad,20.0
693 (04-20),True,True,WINNIPEG,CHURCHILL,2025-04-20,44,Gillam,GILL,2025-04-22T04:17:08Z,2025-04-22T04:00:01Z,ARR,bad,17.0
693 (04-20),True,True,WINNIPEG,CHURCHILL,2025-04-20,45,Bird,BIRD,2025-04-22T05:30:22Z,2025-04-22T05:29:00Z,ARR,goo,1.0
693 (04-20),True,True,WINNIPEG,CHURCHILL,2025-04-20,46,Amery,AMRY,2025-04-22T06:08:17Z,2025-04-22T05:52:00Z,ARR,bad,16.0
693 (04-20),True,True,WINNIPEG,CHURCHILL,2025-04-20,47,Weir River,WEIR,2025-04-22T07:06:33Z,2025-04-22T06:43:00Z,ARR,bad,23.0
693 (04-20),True,True,WINNIPEG,CHURCHILL,2025-04-20,48,Thibaudeau,THIB,2025-04-22T07:55:15Z,2025-04-22T08:00:00Z,ARR,goo,-4.0
693 (04-20),True,True,WINNIPEG,CHURCHILL,2025-04-20,49,Herchmer,HERC,2025-04-22T09:26:00Z,2025-04-22T09:26:00Z,ARR,goo,0.0
693 (04-20),True,True,WINNIPEG,CHURCHILL,2025-04-20,50,O'Day,ODAY,2025-04-22T10:05:00Z,2025-04-22T10:05:00Z,ARR,goo,0.0
693 (04-20),True,True,WINNIPEG,CHURCHILL,2025-04-20,51,M'Clintock,MCLI,2025-04-22T10:50:00Z,2025-04-22T10:50:00Z,ARR,goo,0.0
693 (04-20),True,True,WINNIPEG,CHURCHILL,2025-04-20,52,Chesnaye,CHES,2025-04-22T12:06:00Z,2025-04-22T12:06:00Z,ARR,goo,0.0
693 (04-20),True,True,WINNIPEG,CHURCHILL,2025-04-20,53,Tidal,TIDL,2025-04-22T12:16:25Z,2025-04-22T13:37:00Z,ARR,goo,-80.0
693 (04-20),True,True,WINNIPEG,CHURCHILL,2025-04-20,54,Churchill,CHUR,2025-04-22T13:04:23Z,2025-04-22T14:00:00Z,ARR,goo,-55.0
2 (04-21),True,False,VANCOUVER,TORONTO,2025-04-21,0,Vancouver,VCVR,2025-04-21T22:00:34Z,2025-04-21T22:00:00Z,ARR,goo,0.0
2 (04-21),True,False,VANCOUVER,TORONTO,2025-04-21,1,Mission Harbour,MSNH,2025-04-22T00:08:57Z,2025-04-21T23:35:00Z,ARR,bad,33.0
2 (04-21),True,False,VANCOUVER,TORONTO,2025-04-21,2,Agassiz,AGAS,2025-04-22T00:50:09Z,2025-04-22T00:03:00Z,ARR,bad,47.0
2 (04-21),True,False,VANCOUVER,TORONTO,2025-04-21,3,Katz,KATZ,2025-04-22T01:05:00Z,2025-04-22T00:17:00Z,ARR,bad,48.0
2 (04-21),True,False,VANCOUVER,TORONTO,2025-04-21,4,North Bend,NBND,2025-04-22T02:54:00Z,2025-04-22T02:46:00Z,ARR,med,8.0
2 (04-21),True,False,VANCOUVER,TORONTO,2025-04-21,5,Ashcroft,ASHN,2025-04-22T05:16:44Z,2025-04-22T05:32:00Z,ARR,goo,-15.0
2 (04-21),True,False,VANCOUVER,TORONTO,2025-04-21,6,Kamloops North,KAMN,2025-04-22T08:11:32Z,2025-04-22T07:17:00Z,ARR,bad,54.0
2 (04-21),True,False,VANCOUVER,TORONTO,2025-04-21,7,Clearwater,CLWT,2025-04-22T10:48:58Z,2025-04-22T09:58:00Z,ARR,bad,50.0
2 (04-21),True,False,VANCOUVER,TORONTO,2025-04-21,8,Blue River,BLUE,2025-04-22T12:58:53Z,2025-04-22T12:11:00Z,ARR,bad,47.0
2 (04-21),True,False,VANCOUVER,TORONTO,2025-04-21,9,Valemount,VLMT,2025-04-22T15:32:47Z,2025-04-22T14:01:00Z,ARR,bad,91.0
2 (04-21),True,False,VANCOUVER,TORONTO,2025-04-21,10,Jasper,JASP,2025-04-22T17:48:06Z,2025-04-22T17:00:00Z,ARR,bad,48.0
2 (04-21),True,False,VANCOUVER,TORONTO,2025-04-21,11,Hinton,HINT,2025-04-22T20:58:27Z,2025-04-22T19:45:00Z,ARR,bad,73.0
2 (04-21),True,False,VANCOUVER,TORONTO,2025-04-21,12,Edson,EDSN,2025-04-22T22:20:35Z,2025-04-22T21:19:00Z,ARR,bad,61.0
2 (04-21),True,False,VANCOUVER,TORONTO,2025-04-21,13,Evansburg,EVAN,2025-04-22T23:27:32Z,2025-04-22T22:28:00Z,ARR,bad,59.0
2 (04-21),True,False,VANCOUVER,TORONTO,2025-04-21,14,Edmonton,EDMO,2025-04-23T01:31:21Z,2025-04-23T00:50:00Z,ARR,bad,41.0
2 (04-21),True,False,VANCOUVER,TORONTO,2025-04-21,15,Viking,VKNG,2025-04-23T05:35:38Z,2025-04-23T03:53:00Z,1h41,bad,102.0
2 (04-21),True,False,VANCOUVER,TORONTO,2025-04-21,16,Wainwright,WAIN,2025-04-23T07:56:38Z,2025-04-23T06:14:00Z,4h02,bad,102.0
2 (04-21),True,False,VANCOUVER,TORONTO,2025-04-21,17,Unity,UNIT,&mdash;,2025-04-23T07:47:00Z,&mdash;,,
2 (04-21),True,False,VANCOUVER,TORONTO,2025-04-21,18,Biggar,BIGG,&mdash;,2025-04-23T09:21:00Z,&mdash;,,
2 (04-21),True,False,VANCOUVER,TORONTO,2025-04-21,19,Saskatoon,SASK,&mdash;,2025-04-23T11:57:00Z,&mdash;,,
2 (04-21),True,False,VANCOUVER,TORONTO,2025-04-21,20,Watrous,WATR,&mdash;,2025-04-23T14:26:00Z,&mdash;,,
693 (04-22),True,False,WINNIPEG,CHURCHILL,2025-04-22,0,Winnipeg,WNPG,2025-04-22T17:05:00Z,2025-04-22T17:05:00Z,ARR,goo,0.0
693 (04-22),True,False,WINNIPEG,CHURCHILL,2025-04-22,1,Portage La Prairie,PLPX,2025-04-22T18:10:42Z,2025-04-22T18:15:00Z,ARR,goo,-4.0
693 (04-22),True,False,WINNIPEG,CHURCHILL,2025-04-22,2,Gladstone,GSTO,2025-04-22T19:49:21Z,2025-04-22T19:07:00Z,ARR,bad,42.0
693 (04-22),True,False,WINNIPEG,CHURCHILL,2025-04-22,3,Plumas,PLUM,2025-04-22T20:19:47Z,2025-04-22T19:44:00Z,ARR,bad,35.0
693 (04-22),True,False,WINNIPEG,CHURCHILL,2025-04-22,4,Glenella,GLNA,2025-04-22T20:45:31Z,2025-04-22T20:16:00Z,ARR,bad,29.0
693 (04-22),True,False,WINNIPEG,CHURCHILL,2025-04-22,5,Mccreary,MCCR,2025-04-22T21:24:50Z,2025-04-22T20:57:00Z,ARR,bad,27.0
693 (04-22),True,False,WINNIPEG,CHURCHILL,2025-04-22,6,Laurier,LRIE,2025-04-22T21:44:36Z,2025-04-22T21:15:00Z,ARR,bad,29.0
693 (04-22),True,False,WINNIPEG,CHURCHILL,2025-04-22,7,Ochre River,OCHR,2025-04-22T22:05:39Z,2025-04-22T21:36:00Z,ARR,bad,29.0
693 (04-22),True,False,WINNIPEG,CHURCHILL,2025-04-22,8,Dauphin,DAUP,2025-04-22T22:23:02Z,2025-04-22T21:56:00Z,ARR,bad,27.0
693 (04-22),True,False,WINNIPEG,CHURCHILL,2025-04-22,9,Gilbert Plains,GLBP,2025-04-22T23:02:46Z,2025-04-22T22:44:00Z,ARR,bad,18.0
693 (04-22),True,False,WINNIPEG,CHURCHILL,2025-04-22,10,Grandview,GVIE,2025-04-22T23:21:25Z,2025-04-22T23:00:00Z,ARR,bad,21.0
693 (04-22),True,False,WINNIPEG,CHURCHILL,2025-04-22,11,Roblin,RBLN,2025-04-23T00:28:53Z,2025-04-22T23:55:00Z,ARR,bad,33.0
693 (04-22),True,False,WINNIPEG,CHURCHILL,2025-04-22,12,Togo,TOGO,2025-04-23T00:54:17Z,2025-04-23T00:22:00Z,ARR,bad,32.0
693 (04-22),True,False,WINNIPEG,CHURCHILL,2025-04-22,13,Kamsack,KAMS,2025-04-23T01:26:19Z,2025-04-23T00:59:00Z,ARR,bad,27.0
693 (04-22),True,False,WINNIPEG,CHURCHILL,2025-04-22,14,Veregin,VERE,2025-04-23T01:37:23Z,2025-04-23T01:12:00Z,ARR,bad,25.0
693 (04-22),True,False,WINNIPEG,CHURCHILL,2025-04-22,15,Mikado,MIKA,2025-04-23T01:48:30Z,2025-04-23T01:22:00Z,ARR,bad,26.0
693 (04-22),True,False,WINNIPEG,CHURCHILL,2025-04-22,16,Canora,CANO,2025-04-23T02:00:13Z,2025-04-23T01:36:00Z,ARR,bad,24.0
693 (04-22),True,False,WINNIPEG,CHURCHILL,2025-04-22,17,Sturgis,STGS,2025-04-23T02:55:42Z,2025-04-23T02:21:00Z,ARR,bad,34.0
693 (04-22),True,False,WINNIPEG,CHURCHILL,2025-04-22,18,Endeavour,ENDV,2025-04-23T03:25:51Z,2025-04-23T02:54:00Z,ARR,bad,31.0
693 (04-22),True,False,WINNIPEG,CHURCHILL,2025-04-22,19,Reserve,RSRV,2025-04-23T04:05:19Z,2025-04-23T03:34:00Z,11 mins,bad,31.0
693 (04-22),True,False,WINNIPEG,CHURCHILL,2025-04-22,20,Hudson Bay,HBAY,2025-04-23T05:03:19Z,2025-04-23T04:32:00Z,1h09,bad,31.0
693 (04-22),True,False,WINNIPEG,CHURCHILL,2025-04-22,21,The Pas,TPAS,2025-04-23T07:16:19Z,2025-04-23T06:45:00Z,3h22,bad,31.0
693 (04-22),True,False,WINNIPEG,CHURCHILL,2025-04-22,22,Orok,OROK,2025-04-23T08:38:19Z,2025-04-23T08:07:00Z,4h44,bad,31.0
693 (04-22),True,False,WINNIPEG,CHURCHILL,2025-04-22,23,Halcrow,HALC,2025-04-23T09:32:19Z,2025-04-23T09:01:00Z,5h38,bad,31.0
693 (04-22),True,False,WINNIPEG,CHURCHILL,2025-04-22,24,Cormorant,CORM,2025-04-23T09:43:19Z,2025-04-23T09:12:00Z,5h49,bad,31.0
693 (04-22),True,False,WINNIPEG,CHURCHILL,2025-04-22,25,Dering,DERI,2025-04-23T09:51:19Z,2025-04-23T09:20:00Z,5h57,bad,31.0
693 (04-22),True,False,WINNIPEG,CHURCHILL,2025-04-22,26,Dyce,DYCE,2025-04-23T10:30:19Z,2025-04-23T09:59:00Z,6h36,bad,31.0
693 (04-22),True,False,WINNIPEG,CHURCHILL,2025-04-22,27,Wekusko,WEKU,2025-04-23T11:14:19Z,2025-04-23T10:43:00Z,7h20,bad,31.0
693 (04-22),True,False,WINNIPEG,CHURCHILL,2025-04-22,28,Turnbull,TURN,2025-04-23T11:41:19Z,2025-04-23T11:10:00Z,7h47,bad,31.0
693 (04-22),True,False,WINNIPEG,CHURCHILL,2025-04-22,29,Ponton,PNTN,2025-04-23T12:13:19Z,2025-04-23T11:42:00Z,8h19,bad,31.0
693 (04-22),True,False,WINNIPEG,CHURCHILL,2025-04-22,30,Pipun,PIPN,2025-04-23T12:56:19Z,2025-04-23T12:25:00Z,9h02,bad,31.0
693 (04-22),True,False,WINNIPEG,CHURCHILL,2025-04-22,31,Wabowden,WBDN,2025-04-23T13:19:19Z,2025-04-23T12:48:00Z,9h25,bad,31.0
693 (04-22),True,False,WINNIPEG,CHURCHILL,2025-04-22,32,Lyddal,LYDD,2025-04-23T13:47:19Z,2025-04-23T13:16:00Z,9h53,bad,31.0
693 (04-22),True,False,WINNIPEG,CHURCHILL,2025-04-22,33,Odhill,ODHI,2025-04-23T14:09:19Z,2025-04-23T13:38:00Z,10h15,bad,31.0
693 (04-22),True,False,WINNIPEG,CHURCHILL,2025-04-22,34,Hockin,HOCK,2025-04-23T14:53:19Z,2025-04-23T14:22:00Z,10h59,bad,31.0
693 (04-22),True,False,WINNIPEG,CHURCHILL,2025-04-22,35,Thicket Portage,THKP,2025-04-23T15:08:19Z,2025-04-23T14:37:00Z,11h14,bad,31.0
693 (04-22),True,False,WINNIPEG,CHURCHILL,2025-04-22,36,Leven,LEVN,2025-04-23T15:25:19Z,2025-04-23T14:54:00Z,11h31,bad,31.0
693 (04-22),True,False,WINNIPEG,CHURCHILL,2025-04-22,37,Thompson,THOM,2025-04-23T17:31:19Z,2025-04-23T17:00:00Z,13h37,bad,31.0
20,True,True,MONTRÉAL,QUÉBEC,2025-04-22,0,Montréal,MTRL,2025-04-22T10:25:00Z,2025-04-22T10:25:00Z,ARR,goo,0.0
20,True,True,MONTRÉAL,QUÉBEC,2025-04-22,1,St. Lambert,SLAM,2025-04-22T10:39:56Z,2025-04-22T10:38:00Z,ARR,goo,1.0
20,True,True,MONTRÉAL,QUÉBEC,2025-04-22,2,St. Hyacinthe,SHYA,2025-04-22T11:07:23Z,2025-04-22T11:06:00Z,ARR,goo,1.0
20,True,True,MONTRÉAL,QUÉBEC,2025-04-22,3,Drummondville,DRMV,2025-04-22T11:40:47Z,2025-04-22T11:43:00Z,ARR,goo,-2.0
20,True,True,MONTRÉAL,QUÉBEC,2025-04-22,4,Ste-Foy,SFOY,2025-04-22T13:09:15Z,2025-04-22T13:25:00Z,ARR,goo,-15.0
20,True,True,MONTRÉAL,QUÉBEC,2025-04-22,5,Québec,QBEC,2025-04-22T13:36:42Z,2025-04-22T13:52:00Z,ARR,goo,-15.0
24,True,True,OTTAWA,QUÉBEC,2025-04-22,0,Ottawa,OTTW,2025-04-22T14:13:00Z,2025-04-22T14:13:00Z,ARR,goo,0.0
24,True,True,OTTAWA,QUÉBEC,2025-04-22,1,Alexandria,ALEX,2025-04-22T14:58:32Z,2025-04-22T15:03:00Z,ARR,goo,-4.0
24,True,True,OTTAWA,QUÉBEC,2025-04-22,2,Coteau,COTO,2025-04-22T15:18:37Z,2025-04-22T15:26:00Z,ARR,goo,-7.0
24,True,True,OTTAWA,QUÉBEC,2025-04-22,3,Dorval,DORV,2025-04-22T15:57:13Z,2025-04-22T15:50:00Z,ARR,med,7.0
24,True,True,OTTAWA,QUÉBEC,2025-04-22,4,Montréal,MTRL,2025-04-22T16:22:39Z,2025-04-22T16:15:00Z,ARR,med,7.0
24,True,True,OTTAWA,QUÉBEC,2025-04-22,5,St. Lambert,SLAM,2025-04-22T17:02:37Z,2025-04-22T16:58:00Z,ARR,goo,4.0
24,True,True,OTTAWA,QUÉBEC,2025-04-22,6,St. Hyacinthe,SHYA,2025-04-22T17:34:56Z,2025-04-22T17:26:00Z,ARR,med,8.0
24,True,True,OTTAWA,QUÉBEC,2025-04-22,7,Drummondville,DRMV,2025-04-22T18:09:33Z,2025-04-22T17:54:00Z,ARR,bad,15.0
24,True,True,OTTAWA,QUÉBEC,2025-04-22,8,Charny,CHNY,2025-04-22T20:10:46Z,2025-04-22T19:38:00Z,ARR,bad,32.0
24,True,True,OTTAWA,QUÉBEC,2025-04-22,9,Ste-Foy,SFOY,2025-04-22T20:18:40Z,2025-04-22T19:45:00Z,ARR,bad,33.0
24,True,True,OTTAWA,QUÉBEC,2025-04-22,10,Québec,QBEC,2025-04-22T20:48:30Z,2025-04-22T20:12:00Z,ARR,bad,36.0
22,True,True,OTTAWA,QUÉBEC,2025-04-22,0,Ottawa,OTTW,2025-04-22T10:07:00Z,2025-04-22T10:07:00Z,ARR,goo,0.0
22,True,True,OTTAWA,QUÉBEC,2025-04-22,1,Casselman,CSLM,2025-04-22T10:31:20Z,2025-04-22T10:33:00Z,ARR,goo,-1.0
22,True,True,OTTAWA,QUÉBEC,2025-04-22,2,Alexandria,ALEX,2025-04-22T10:52:59Z,2025-04-22T10:55:00Z,ARR,goo,-2.0
22,True,True,OTTAWA,QUÉBEC,2025-04-22,3,Coteau,COTO,2025-04-22T11:13:28Z,2025-04-22T11:23:00Z,ARR,goo,-9.0
22,True,True,OTTAWA,QUÉBEC,2025-04-22,4,Dorval,DORV,2025-04-22T11:48:48Z,2025-04-22T11:47:00Z,ARR,goo,1.0
22,True,True,OTTAWA,QUÉBEC,2025-04-22,5,Montréal,MTRL,2025-04-22T12:10:58Z,2025-04-22T12:11:00Z,ARR,goo,0.0
22,True,True,OTTAWA,QUÉBEC,2025-04-22,6,St. Lambert,SLAM,2025-04-22T12:55:47Z,2025-04-22T12:49:00Z,ARR,med,6.0
22,True,True,OTTAWA,QUÉBEC,2025-04-22,7,St. Hyacinthe,SHYA,2025-04-22T13:27:39Z,2025-04-22T13:16:00Z,ARR,med,11.0
22,True,True,OTTAWA,QUÉBEC,2025-04-22,8,Drummondville,DRMV,2025-04-22T14:02:50Z,2025-04-22T13:44:00Z,ARR,bad,18.0
22,True,True,OTTAWA,QUÉBEC,2025-04-22,9,Ste-Foy,SFOY,2025-04-22T15:46:25Z,2025-04-22T15:19:00Z,ARR,bad,27.0
22,True,True,OTTAWA,QUÉBEC,2025-04-22,10,Québec,QBEC,2025-04-22T16:14:00Z,2025-04-22T15:47:00Z,ARR,bad,27.0
37,True,True,QUÉBEC,OTTAWA,2025-04-22,0,Québec,QBEC,2025-04-22T16:32:00Z,2025-04-22T16:32:00Z,ARR,goo,0.0
37,True,True,QUÉBEC,OTTAWA,2025-04-22,1,Ste-Foy,SFOY,2025-04-22T16:58:06Z,2025-04-22T16:57:00Z,ARR,goo,1.0
37,True,True,QUÉBEC,OTTAWA,2025-04-22,2,Drummondville,DRMV,2025-04-22T19:14:37Z,2025-04-22T18:44:00Z,ARR,bad,30.0
37,True,True,QUÉBEC,OTTAWA,2025-04-22,3,St. Hyacinthe,SHYA,2025-04-22T19:43:32Z,2025-04-22T19:12:00Z,ARR,bad,31.0
37,True,True,QUÉBEC,OTTAWA,2025-04-22,4,St. Lambert,SLAM,2025-04-22T20:11:30Z,2025-04-22T19:39:00Z,ARR,bad,32.0
37,True,True,QUÉBEC,OTTAWA,2025-04-22,5,Montréal,MTRL,2025-04-22T20:27:21Z,2025-04-22T19:54:00Z,ARR,bad,33.0
37,True,True,QUÉBEC,OTTAWA,2025-04-22,6,Dorval,DORV,2025-04-22T21:21:51Z,2025-04-22T20:54:00Z,ARR,bad,27.0
37,True,True,QUÉBEC,OTTAWA,2025-04-22,7,Coteau,COTO,2025-04-22T21:48:54Z,2025-04-22T21:23:00Z,ARR,bad,25.0
37,True,True,QUÉBEC,OTTAWA,2025-04-22,8,Alexandria,ALEX,2025-04-22T22:11:02Z,2025-04-22T21:45:00Z,ARR,bad,26.0
37,True,True,QUÉBEC,OTTAWA,2025-04-22,9,Ottawa,OTTW,2025-04-22T22:54:39Z,2025-04-22T22:37:00Z,ARR,bad,17.0
50,True,True,TORONTO,OTTAWA,2025-04-22,0,Toronto,TRTO,2025-04-22T10:32:00Z,2025-04-22T10:32:00Z,ARR,goo,0.0
50,True,True,TORONTO,OTTAWA,2025-04-22,1,Guildwood,GUIL,2025-04-22T10:48:11Z,2025-04-22T10:50:00Z,ARR,goo,-1.0
50,True,True,TORONTO,OTTAWA,2025-04-22,2,Oshawa,OSHA,2025-04-22T11:09:48Z,2025-04-22T11:08:00Z,ARR,goo,1.0
50,True,True,TORONTO,OTTAWA,2025-04-22,3,Cobourg,CBRG,2025-04-22T11:44:35Z,2025-04-22T11:43:00Z,ARR,goo,1.0
50,True,True,TORONTO,OTTAWA,2025-04-22,4,Belleville,BLVL,2025-04-22T12:19:46Z,2025-04-22T12:18:00Z,ARR,goo,1.0
50,True,True,TORONTO,OTTAWA,2025-04-22,5,Kingston,KGON,2025-04-22T12:58:17Z,2025-04-22T12:57:00Z,ARR,goo,1.0
50,True,True,TORONTO,OTTAWA,2025-04-22,6,Brockville,BRKV,2025-04-22T14:10:39Z,2025-04-22T13:54:00Z,ARR,bad,16.0
50,True,True,TORONTO,OTTAWA,2025-04-22,7,Smiths Falls,SMTF,2025-04-22T14:31:48Z,2025-04-22T14:29:00Z,ARR,goo,2.0
50,True,True,TORONTO,OTTAWA,2025-04-22,8,Fallowfield,FALL,2025-04-22T15:10:07Z,2025-04-22T15:01:00Z,ARR,med,9.0
50,True,True,TORONTO,OTTAWA,2025-04-22,9,Ottawa,OTTW,2025-04-22T15:28:56Z,2025-04-22T15:21:00Z,ARR,med,7.0
53,True,True,OTTAWA,TORONTO,2025-04-22,0,Ottawa,OTTW,2025-04-22T15:43:22Z,2025-04-22T15:43:00Z,ARR,goo,0.0
53,True,True,OTTAWA,TORONTO,2025-04-22,1,Fallowfield,FALL,2025-04-22T15:58:49Z,2025-04-22T16:00:00Z,ARR,goo,-1.0
53,True,True,OTTAWA,TORONTO,2025-04-22,2,Brockville,BRKV,2025-04-22T17:02:40Z,2025-04-22T17:01:00Z,ARR,goo,1.0
53,True,True,OTTAWA,TORONTO,2025-04-22,3,Gananoque,GANA,2025-04-22T17:39:20Z,2025-04-22T17:31:00Z,ARR,med,8.0
53,True,True,OTTAWA,TORONTO,2025-04-22,4,Kingston,KGON,2025-04-22T17:59:24Z,2025-04-22T17:54:00Z,ARR,med,5.0
53,True,True,OTTAWA,TORONTO,2025-04-22,5,Belleville,BLVL,2025-04-22T18:50:34Z,2025-04-22T18:36:00Z,ARR,med,14.0
53,True,True,OTTAWA,TORONTO,2025-04-22,6,Cobourg,CBRG,2025-04-22T21:14:43Z,2025-04-22T19:12:00Z,ARR,bad,122.0
53,True,True,OTTAWA,TORONTO,2025-04-22,7,Oshawa,OSHA,2025-04-22T21:48:47Z,2025-04-22T19:48:00Z,ARR,bad,120.0
53,True,True,OTTAWA,TORONTO,2025-04-22,8,Toronto,TRTO,2025-04-22T22:57:50Z,2025-04-22T20:33:00Z,ARR,bad,144.0
52,True,True,TORONTO,OTTAWA,2025-04-22,0,Toronto,TRTO,2025-04-22T12:32:00Z,2025-04-22T12:32:00Z,ARR,goo,0.0
52,True,True,TORONTO,OTTAWA,2025-04-22,1,Guildwood,GUIL,2025-04-22T12:48:58Z,2025-04-22T12:50:00Z,ARR,goo,-1.0
52,True,True,TORONTO,OTTAWA,2025-04-22,2,Oshawa,OSHA,2025-04-22T13:08:26Z,2025-04-22T13:09:00Z,ARR,goo,0.0
52,True,True,TORONTO,OTTAWA,2025-04-22,3,Cobourg,CBRG,2025-04-22T13:45:48Z,2025-04-22T13:44:00Z,ARR,goo,1.0
52,True,True,TORONTO,OTTAWA,2025-04-22,4,Belleville,BLVL,2025-04-22T14:19:58Z,2025-04-22T14:20:00Z,ARR,goo,0.0
52,True,True,TORONTO,OTTAWA,2025-04-22,5,Kingston,KGON,2025-04-22T14:57:28Z,2025-04-22T15:00:00Z,ARR,goo,-2.0
52,True,True,TORONTO,OTTAWA,2025-04-22,6,Brockville,BRKV,2025-04-22T15:51:19Z,2025-04-22T15:57:00Z,ARR,goo,-5.0
52,True,True,TORONTO,OTTAWA,2025-04-22,7,Smiths Falls,SMTF,2025-04-22T16:37:51Z,2025-04-22T16:35:00Z,ARR,goo,2.0
52,True,True,TORONTO,OTTAWA,2025-04-22,8,Fallowfield,FALL,2025-04-22T17:09:08Z,2025-04-22T17:11:00Z,ARR,goo,-1.0
52,True,True,TORONTO,OTTAWA,2025-04-22,9,Ottawa,OTTW,2025-04-22T17:29:35Z,2025-04-22T17:32:00Z,ARR,goo,-2.0
60,True,True,TORONTO,MONTRÉAL,2025-04-22,0,Toronto,TRTO,2025-04-22T10:32:00Z,2025-04-22T10:32:00Z,ARR,goo,0.0
60,True,True,TORONTO,MONTRÉAL,2025-04-22,1,Guildwood,GUIL,2025-04-22T10:48:05Z,2025-04-22T10:50:00Z,ARR,goo,-1.0
60,True,True,TORONTO,MONTRÉAL,2025-04-22,2,Oshawa,OSHA,2025-04-22T11:09:27Z,2025-04-22T11:08:00Z,ARR,goo,1.0
60,True,True,TORONTO,MONTRÉAL,2025-04-22,3,Cobourg,CBRG,2025-04-22T11:44:30Z,2025-04-22T11:43:00Z,ARR,goo,1.0
60,True,True,TORONTO,MONTRÉAL,2025-04-22,4,Belleville,BLVL,2025-04-22T12:19:41Z,2025-04-22T12:18:00Z,ARR,goo,1.0
60,True,True,TORONTO,MONTRÉAL,2025-04-22,5,Kingston,KGON,2025-04-22T12:58:12Z,2025-04-22T12:57:00Z,ARR,goo,1.0
60,True,True,TORONTO,MONTRÉAL,2025-04-22,6,Cornwall,CWLL,2025-04-22T14:44:13Z,2025-04-22T14:38:00Z,ARR,med,6.0
60,True,True,TORONTO,MONTRÉAL,2025-04-22,7,Dorval,DORV,2025-04-22T15:41:50Z,2025-04-22T15:25:00Z,ARR,bad,16.0
60,True,True,TORONTO,MONTRÉAL,2025-04-22,8,Montréal,MTRL,2025-04-22T16:05:31Z,2025-04-22T15:50:00Z,ARR,bad,15.0
61,True,True,MONTRÉAL,TORONTO,2025-04-22,0,Montréal,MTRL,2025-04-22T10:45:00Z,2025-04-22T10:45:00Z,ARR,goo,0.0
61,True,True,MONTRÉAL,TORONTO,2025-04-22,1,Dorval,DORV,2025-04-22T11:08:29Z,2025-04-22T11:08:00Z,ARR,goo,0.0
61,True,True,MONTRÉAL,TORONTO,2025-04-22,2,Cornwall,CWLL,2025-04-22T12:07:48Z,2025-04-22T12:01:00Z,ARR,med,6.0
61,True,True,MONTRÉAL,TORONTO,2025-04-22,3,Kingston,KGON,2025-04-22T13:43:21Z,2025-04-22T13:29:00Z,ARR,med,14.0
61,True,True,MONTRÉAL,TORONTO,2025-04-22,4,Belleville,BLVL,2025-04-22T14:33:20Z,2025-04-22T14:11:00Z,ARR,bad,22.0
61,True,True,MONTRÉAL,TORONTO,2025-04-22,5,Oshawa,OSHA,2025-04-22T15:52:32Z,2025-04-22T15:19:00Z,ARR,bad,33.0
61,True,True,MONTRÉAL,TORONTO,2025-04-22,6,Guildwood,GUIL,2025-04-22T16:15:08Z,2025-04-22T15:43:00Z,ARR,bad,32.0
61,True,True,MONTRÉAL,TORONTO,2025-04-22,7,Toronto,TRTO,2025-04-22T16:46:24Z,2025-04-22T16:03:00Z,ARR,bad,43.0
64,True,True,TORONTO,MONTRÉAL,2025-04-22,0,Toronto,TRTO,2025-04-22T15:37:17Z,2025-04-22T15:37:00Z,ARR,goo,0.0
64,True,True,TORONTO,MONTRÉAL,2025-04-22,1,Guildwood,GUIL,2025-04-22T15:55:29Z,2025-04-22T15:55:00Z,ARR,goo,0.0
64,True,True,TORONTO,MONTRÉAL,2025-04-22,2,Oshawa,OSHA,2025-04-22T16:16:03Z,2025-04-22T16:09:00Z,ARR,med,7.0
64,True,True,TORONTO,MONTRÉAL,2025-04-22,3,Cobourg,CBRG,2025-04-22T16:50:09Z,2025-04-22T16:46:00Z,ARR,goo,4.0
64,True,True,TORONTO,MONTRÉAL,2025-04-22,4,Belleville,BLVL,2025-04-22T17:24:49Z,2025-04-22T17:22:00Z,ARR,goo,2.0
64,True,True,TORONTO,MONTRÉAL,2025-04-22,5,Kingston,KGON,2025-04-22T18:02:12Z,2025-04-22T18:03:00Z,ARR,goo,0.0
64,True,True,TORONTO,MONTRÉAL,2025-04-22,6,Brockville,BRKV,2025-04-22T18:51:08Z,2025-04-22T18:52:00Z,ARR,goo,0.0
64,True,True,TORONTO,MONTRÉAL,2025-04-22,7,Cornwall,CWLL,2025-04-22T19:44:20Z,2025-04-22T19:42:00Z,ARR,goo,2.0
64,True,True,TORONTO,MONTRÉAL,2025-04-22,8,Dorval,DORV,2025-04-22T20:32:52Z,2025-04-22T20:37:00Z,ARR,goo,-4.0
64,True,True,TORONTO,MONTRÉAL,2025-04-22,9,Montréal,MTRL,2025-04-22T21:03:38Z,2025-04-22T21:05:00Z,ARR,goo,-1.0
65,True,True,MONTRÉAL,TORONTO,2025-04-22,0,Montréal,MTRL,2025-04-22T14:49:00Z,2025-04-22T14:49:00Z,ARR,goo,0.0
65,True,True,MONTRÉAL,TORONTO,2025-04-22,1,Dorval,DORV,2025-04-22T15:12:00Z,2025-04-22T15:12:00Z,ARR,goo,0.0
65,True,True,MONTRÉAL,TORONTO,2025-04-22,2,Cornwall,CWLL,2025-04-22T16:19:41Z,2025-04-22T16:06:00Z,ARR,med,13.0
65,True,True,MONTRÉAL,TORONTO,2025-04-22,3,Kingston,KGON,2025-04-22T17:44:56Z,2025-04-22T17:36:00Z,ARR,med,8.0
65,True,True,MONTRÉAL,TORONTO,2025-04-22,4,Belleville,BLVL,2025-04-22T18:26:00Z,2025-04-22T18:20:00Z,ARR,med,6.0
65,True,True,MONTRÉAL,TORONTO,2025-04-22,5,Cobourg,CBRG,2025-04-22T20:33:28Z,2025-04-22T18:58:00Z,ARR,bad,95.0
65,True,True,MONTRÉAL,TORONTO,2025-04-22,6,Oshawa,OSHA,2025-04-22T21:08:06Z,2025-04-22T19:34:00Z,ARR,bad,94.0
65,True,True,MONTRÉAL,TORONTO,2025-04-22,7,Toronto,TRTO,2025-04-22T21:57:07Z,2025-04-22T20:18:00Z,ARR,bad,99.0
67,True,True,MONTRÉAL,TORONTO,2025-04-22,0,Montréal,MTRL,2025-04-22T17:22:00Z,2025-04-22T17:22:00Z,ARR,goo,0.0
67,True,True,MONTRÉAL,TORONTO,2025-04-22,1,Dorval,DORV,2025-04-22T17:46:56Z,2025-04-22T17:47:00Z,ARR,goo,0.0
67,True,True,MONTRÉAL,TORONTO,2025-04-22,2,Cornwall,CWLL,2025-04-22T18:39:23Z,2025-04-22T18:38:00Z,ARR,goo,1.0
67,True,True,MONTRÉAL,TORONTO,2025-04-22,3,Kingston,KGON,2025-04-22T20:07:17Z,2025-04-22T20:03:00Z,ARR,goo,4.0
67,True,True,MONTRÉAL,TORONTO,2025-04-22,4,Belleville,BLVL,2025-04-22T20:50:35Z,2025-04-22T20:42:00Z,ARR,med,8.0
67,True,True,MONTRÉAL,TORONTO,2025-04-22,5,Cobourg,CBRG,2025-04-22T21:57:19Z,2025-04-22T21:17:00Z,ARR,bad,40.0
67,True,True,MONTRÉAL,TORONTO,2025-04-22,6,Oshawa,OSHA,2025-04-22T22:42:23Z,2025-04-22T21:50:00Z,ARR,bad,52.0
67,True,True,MONTRÉAL,TORONTO,2025-04-22,7,Toronto,TRTO,2025-04-22T23:43:54Z,2025-04-22T22:45:00Z,ARR,bad,58.0
70,True,True,WINDSOR,TORONTO,2025-04-22,0,Windsor,WDON,2025-04-22T09:35:00Z,2025-04-22T09:35:00Z,ARR,goo,0.0
70,True,True,WINDSOR,TORONTO,2025-04-22,1,Chatham,CHAT,2025-04-22T10:21:23Z,2025-04-22T10:19:00Z,ARR,goo,2.0
70,True,True,WINDSOR,TORONTO,2025-04-22,2,London,LNDN,2025-04-22T11:34:07Z,2025-04-22T11:25:00Z,ARR,med,9.0
70,True,True,WINDSOR,TORONTO,2025-04-22,3,Ingersoll,INGR,2025-04-22T11:59:07Z,2025-04-22T11:55:00Z,ARR,goo,4.0
70,True,True,WINDSOR,TORONTO,2025-04-22,4,Woodstock,WDST,2025-04-22T12:13:14Z,2025-04-22T12:08:00Z,ARR,med,5.0
70,True,True,WINDSOR,TORONTO,2025-04-22,5,Brantford,BRTF,2025-04-22T13:01:39Z,2025-04-22T12:44:00Z,ARR,bad,17.0
70,True,True,WINDSOR,TORONTO,2025-04-22,6,Aldershot,ALDR,2025-04-22T13:40:40Z,2025-04-22T13:25:00Z,ARR,bad,15.0
70,True,True,WINDSOR,TORONTO,2025-04-22,7,Oakville,OAKV,2025-04-22T13:57:31Z,2025-04-22T13:43:00Z,ARR,med,14.0
70,True,True,WINDSOR,TORONTO,2025-04-22,8,Toronto,TRTO,2025-04-22T14:22:26Z,2025-04-22T14:10:00Z,ARR,med,12.0
71,True,True,TORONTO,WINDSOR,2025-04-22,0,Toronto,TRTO,2025-04-22T10:50:00Z,2025-04-22T10:50:00Z,ARR,goo,0.0
71,True,True,TORONTO,WINDSOR,2025-04-22,1,Oakville,OAKV,2025-04-22T11:13:57Z,2025-04-22T11:13:00Z,ARR,goo,0.0
71,True,True,TORONTO,WINDSOR,2025-04-22,2,Aldershot,ALDR,2025-04-22T11:34:44Z,2025-04-22T11:29:00Z,ARR,med,5.0
71,True,True,TORONTO,WINDSOR,2025-04-22,3,Brantford,BRTF,2025-04-22T12:16:40Z,2025-04-22T11:55:00Z,ARR,bad,21.0
71,True,True,TORONTO,WINDSOR,2025-04-22,4,Woodstock,WDST,2025-04-22T12:49:02Z,2025-04-22T12:30:00Z,ARR,bad,19.0
71,True,True,TORONTO,WINDSOR,2025-04-22,5,Ingersoll,INGR,2025-04-22T13:02:36Z,2025-04-22T12:43:00Z,ARR,bad,19.0
71,True,True,TORONTO,WINDSOR,2025-04-22,6,London,LNDN,2025-04-22T13:26:53Z,2025-04-22T13:06:00Z,ARR,bad,20.0
71,True,True,TORONTO,WINDSOR,2025-04-22,7,Glencoe,GLNC,2025-04-22T14:01:00Z,2025-04-22T13:39:00Z,ARR,bad,22.0
71,True,True,TORONTO,WINDSOR,2025-04-22,8,Chatham,CHAT,2025-04-22T14:43:59Z,2025-04-22T14:18:00Z,ARR,bad,25.0
71,True,True,TORONTO,WINDSOR,2025-04-22,9,Windsor,WDON,2025-04-22T15:32:06Z,2025-04-22T15:08:00Z,ARR,bad,24.0
72,True,True,WINDSOR,TORONTO,2025-04-22,0,Windsor,WDON,2025-04-22T12:43:00Z,2025-04-22T12:43:00Z,ARR,goo,0.0
72,True,True,WINDSOR,TORONTO,2025-04-22,1,Chatham,CHAT,2025-04-22T13:27:39Z,2025-04-22T13:25:00Z,ARR,goo,2.0
72,True,True,WINDSOR,TORONTO,2025-04-22,2,Glencoe,GLNC,2025-04-22T14:11:33Z,2025-04-22T14:05:00Z,ARR,med,6.0
72,True,True,WINDSOR,TORONTO,2025-04-22,3,London,LNDN,2025-04-22T14:42:17Z,2025-04-22T14:39:00Z,ARR,goo,3.0
72,True,True,WINDSOR,TORONTO,2025-04-22,4,Ingersoll,INGR,2025-04-22T15:12:45Z,2025-04-22T15:07:00Z,ARR,med,5.0
72,True,True,WINDSOR,TORONTO,2025-04-22,5,Woodstock,WDST,2025-04-22T15:25:20Z,2025-04-22T15:23:00Z,ARR,goo,2.0
72,True,True,WINDSOR,TORONTO,2025-04-22,6,Brantford,BRTF,2025-04-22T15:55:28Z,2025-04-22T15:55:00Z,ARR,goo,0.0
72,True,True,WINDSOR,TORONTO,2025-04-22,7,Aldershot,ALDR,2025-04-22T16:30:06Z,2025-04-22T16:29:00Z,ARR,goo,1.0
72,True,True,WINDSOR,TORONTO,2025-04-22,8,Oakville,OAKV,2025-04-22T16:47:46Z,2025-04-22T16:45:00Z,ARR,goo,2.0
72,True,True,WINDSOR,TORONTO,2025-04-22,9,Toronto,TRTO,2025-04-22T17:14:46Z,2025-04-22T17:11:00Z,ARR,goo,3.0
73,True,True,TORONTO,WINDSOR,2025-04-22,0,Toronto,TRTO,2025-04-22T15:30:00Z,2025-04-22T15:30:00Z,ARR,goo,0.0
73,True,True,TORONTO,WINDSOR,2025-04-22,1,Oakville,OAKV,2025-04-22T15:58:15Z,2025-04-22T15:51:00Z,ARR,med,7.0
73,True,True,TORONTO,WINDSOR,2025-04-22,2,Aldershot,ALDR,2025-04-22T16:13:37Z,2025-04-22T16:09:00Z,ARR,goo,4.0
73,True,True,TORONTO,WINDSOR,2025-04-22,3,Brantford,BRTF,2025-04-22T16:59:09Z,2025-04-22T16:40:00Z,ARR,bad,19.0
73,True,True,TORONTO,WINDSOR,2025-04-22,4,Woodstock,WDST,2025-04-22T17:28:20Z,2025-04-22T17:09:00Z,ARR,bad,19.0
73,True,True,TORONTO,WINDSOR,2025-04-22,5,London,LNDN,2025-04-22T17:58:35Z,2025-04-22T17:38:00Z,ARR,bad,20.0
73,True,True,TORONTO,WINDSOR,2025-04-22,6,Chatham,CHAT,2025-04-22T19:10:21Z,2025-04-22T18:50:00Z,ARR,bad,20.0
73,True,True,TORONTO,WINDSOR,2025-04-22,7,Windsor,WDON,2025-04-22T19:57:15Z,2025-04-22T19:45:00Z,ARR,med,12.0
82,True,True,LONDON,TORONTO,2025-04-22,0,London,LNDN,2025-04-22T10:25:00Z,2025-04-22T10:25:00Z,ARR,goo,0.0
82,True,True,LONDON,TORONTO,2025-04-22,1,Woodstock,WDST,2025-04-22T10:53:07Z,2025-04-22T10:53:00Z,ARR,goo,0.0
82,True,True,LONDON,TORONTO,2025-04-22,2,Brantford,BRTF,2025-04-22T11:25:43Z,2025-04-22T11:23:00Z,ARR,goo,2.0
82,True,True,LONDON,TORONTO,2025-04-22,3,Toronto,TRTO,2025-04-22T12:42:50Z,2025-04-22T12:35:00Z,ARR,med,7.0
641,True,True,OTTAWA,TORONTO,2025-04-22,0,Ottawa,OTTW,2025-04-22T08:13:00Z,2025-04-22T08:13:00Z,ARR,goo,0.0
641,True,True,OTTAWA,TORONTO,2025-04-22,1,Fallowfield,FALL,2025-04-22T08:28:53Z,2025-04-22T08:30:00Z,ARR,goo,-1.0
641,True,True,OTTAWA,TORONTO,2025-04-22,2,Smiths Falls,SMTF,2025-04-22T08:59:06Z,2025-04-22T09:00:00Z,ARR,goo,0.0
641,True,True,OTTAWA,TORONTO,2025-04-22,3,Brockville,BRKV,2025-04-22T09:30:43Z,2025-04-22T09:32:00Z,ARR,goo,-1.0
641,True,True,OTTAWA,TORONTO,2025-04-22,4,Kingston,KGON,2025-04-22T10:22:52Z,2025-04-22T10:16:00Z,ARR,med,6.0
641,True,True,OTTAWA,TORONTO,2025-04-22,5,Belleville,BLVL,2025-04-22T11:11:15Z,2025-04-22T10:56:00Z,ARR,bad,15.0
641,True,True,OTTAWA,TORONTO,2025-04-22,6,Cobourg,CBRG,2025-04-22T11:57:31Z,2025-04-22T11:31:00Z,ARR,bad,26.0
641,True,True,OTTAWA,TORONTO,2025-04-22,7,Port Hope,PHOP,2025-04-22T12:09:15Z,2025-04-22T11:41:00Z,ARR,bad,28.0
641,True,True,OTTAWA,TORONTO,2025-04-22,8,Toronto,TRTO,2025-04-22T13:31:41Z,2025-04-22T12:48:00Z,ARR,bad,43.0
644,True,True,TORONTO,OTTAWA,2025-04-22,0,Toronto,TRTO,2025-04-22T17:23:12Z,2025-04-22T17:22:00Z,ARR,goo,1.0
644,True,True,TORONTO,OTTAWA,2025-04-22,1,Oshawa,OSHA,2025-04-22T18:02:22Z,2025-04-22T17:53:00Z,ARR,med,9.0
644,True,True,TORONTO,OTTAWA,2025-04-22,2,Cobourg,CBRG,2025-04-22T18:47:38Z,2025-04-22T18:28:00Z,ARR,bad,19.0
644,True,True,TORONTO,OTTAWA,2025-04-22,3,Belleville,BLVL,2025-04-22T21:56:04Z,2025-04-22T19:03:00Z,ARR,bad,173.0
644,True,True,TORONTO,OTTAWA,2025-04-22,4,Kingston,KGON,2025-04-22T22:41:15Z,2025-04-22T19:43:00Z,ARR,bad,178.0
644,True,True,TORONTO,OTTAWA,2025-04-22,5,Fallowfield,FALL,2025-04-23T00:27:15Z,2025-04-22T21:30:00Z,ARR,bad,177.0
644,True,True,TORONTO,OTTAWA,2025-04-22,6,Ottawa,OTTW,2025-04-23T00:49:19Z,2025-04-22T21:53:00Z,ARR,bad,176.0
84,True,True,SARNIA,TORONTO,2025-04-22,0,Sarnia,SARN,2025-04-22T12:40:00Z,2025-04-22T12:40:00Z,ARR,goo,0.0
84,True,True,SARNIA,TORONTO,2025-04-22,1,Wyoming,WYOM,2025-04-22T12:57:27Z,2025-04-22T12:55:00Z,ARR,goo,2.0
84,True,True,SARNIA,TORONTO,2025-04-22,2,Strathroy,STRR,2025-04-22T13:24:09Z,2025-04-22T13:27:00Z,ARR,goo,-2.0
84,True,True,SARNIA,TORONTO,2025-04-22,3,London,LNDN,2025-04-22T13:46:21Z,2025-04-22T13:52:00Z,ARR,goo,-5.0
84,True,True,SARNIA,TORONTO,2025-04-22,4,St.Marys,SMYS,2025-04-22T14:42:53Z,2025-04-22T14:45:00Z,ARR,goo,-2.0
84,True,True,SARNIA,TORONTO,2025-04-22,5,Stratford,STRF,2025-04-22T15:10:20Z,2025-04-22T15:14:00Z,ARR,goo,-3.0
84,True,True,SARNIA,TORONTO,2025-04-22,6,Kitchener,KITC,2025-04-22T15:59:25Z,2025-04-22T16:02:00Z,ARR,goo,-2.0
84,True,True,SARNIA,TORONTO,2025-04-22,7,Guelph,GUEL,2025-04-22T16:20:10Z,2025-04-22T16:24:00Z,ARR,goo,-3.0
84,True,True,SARNIA,TORONTO,2025-04-22,8,Georgetown,GEOR,2025-04-22T16:46:00Z,2025-04-22T16:47:00Z,ARR,goo,-1.0
84,True,True,SARNIA,TORONTO,2025-04-22,9,Brampton,BRMP,2025-04-22T16:58:45Z,2025-04-22T16:59:00Z,ARR,goo,0.0
84,True,True,SARNIA,TORONTO,2025-04-22,10,Malton,MALT,2025-04-22T17:12:33Z,2025-04-22T17:11:00Z,ARR,goo,1.0
84,True,True,SARNIA,TORONTO,2025-04-22,11,Toronto,TRTO,2025-04-22T17:33:27Z,2025-04-22T17:38:00Z,ARR,goo,-4.0
643,True,True,OTTAWA,TORONTO,2025-04-22,0,Ottawa,OTTW,2025-04-22T12:29:00Z,2025-04-22T12:29:00Z,ARR,goo,0.0
643,True,True,OTTAWA,TORONTO,2025-04-22,1,Fallowfield,FALL,2025-04-22T12:46:06Z,2025-04-22T12:45:00Z,ARR,goo,1.0
643,True,True,OTTAWA,TORONTO,2025-04-22,2,Smiths Falls,SMTF,2025-04-22T13:16:48Z,2025-04-22T13:17:00Z,ARR,goo,0.0
643,True,True,OTTAWA,TORONTO,2025-04-22,3,Brockville,BRKV,2025-04-22T13:49:57Z,2025-04-22T13:49:00Z,ARR,goo,0.0
643,True,True,OTTAWA,TORONTO,2025-04-22,4,Kingston,KGON,2025-04-22T14:33:47Z,2025-04-22T14:32:00Z,ARR,goo,1.0
643,True,True,OTTAWA,TORONTO,2025-04-22,5,Napanee,NAPN,2025-04-22T14:59:28Z,2025-04-22T14:57:00Z,ARR,goo,2.0
643,True,True,OTTAWA,TORONTO,2025-04-22,6,Belleville,BLVL,2025-04-22T15:18:29Z,2025-04-22T15:17:00Z,ARR,goo,1.0
643,True,True,OTTAWA,TORONTO,2025-04-22,7,Trenton Jct.,TRNJ,2025-04-22T15:32:04Z,2025-04-22T15:31:00Z,ARR,goo,1.0
643,True,True,OTTAWA,TORONTO,2025-04-22,8,Cobourg,CBRG,2025-04-22T16:03:46Z,2025-04-22T15:57:00Z,ARR,med,6.0
643,True,True,OTTAWA,TORONTO,2025-04-22,9,Port Hope,PHOP,2025-04-22T16:14:41Z,2025-04-22T16:07:00Z,ARR,med,7.0
643,True,True,OTTAWA,TORONTO,2025-04-22,10,Oshawa,OSHA,2025-04-22T16:41:01Z,2025-04-22T16:35:00Z,ARR,med,6.0
643,True,True,OTTAWA,TORONTO,2025-04-22,11,Guildwood,GUIL,2025-04-22T17:13:44Z,2025-04-22T16:58:00Z,ARR,bad,15.0
643,True,True,OTTAWA,TORONTO,2025-04-22,12,Toronto,TRTO,2025-04-22T17:33:24Z,2025-04-22T17:18:00Z,ARR,bad,15.0
62,True,True,TORONTO,MONTRÉAL,2025-04-22,0,Toronto,TRTO,2025-04-22T12:32:00Z,2025-04-22T12:32:00Z,ARR,goo,0.0
62,True,True,TORONTO,MONTRÉAL,2025-04-22,1,Guildwood,GUIL,2025-04-22T12:48:50Z,2025-04-22T12:50:00Z,ARR,goo,-1.0
62,True,True,TORONTO,MONTRÉAL,2025-04-22,2,Oshawa,OSHA,2025-04-22T13:08:19Z,2025-04-22T13:09:00Z,ARR,goo,0.0
62,True,True,TORONTO,MONTRÉAL,2025-04-22,3,Cobourg,CBRG,2025-04-22T13:45:44Z,2025-04-22T13:44:00Z,ARR,goo,1.0
62,True,True,TORONTO,MONTRÉAL,2025-04-22,4,Belleville,BLVL,2025-04-22T14:19:52Z,2025-04-22T14:20:00Z,ARR,goo,0.0
62,True,True,TORONTO,MONTRÉAL,2025-04-22,5,Kingston,KGON,2025-04-22T14:57:10Z,2025-04-22T15:00:00Z,ARR,goo,-2.0
62,True,True,TORONTO,MONTRÉAL,2025-04-22,6,Cornwall,CWLL,2025-04-22T16:47:41Z,2025-04-22T16:43:00Z,ARR,goo,4.0
62,True,True,TORONTO,MONTRÉAL,2025-04-22,7,Dorval,DORV,2025-04-22T17:53:15Z,2025-04-22T17:34:00Z,ARR,bad,19.0
62,True,True,TORONTO,MONTRÉAL,2025-04-22,8,Montréal,MTRL,2025-04-22T18:20:08Z,2025-04-22T18:00:00Z,ARR,bad,20.0
33,True,True,QUÉBEC,OTTAWA,2025-04-22,0,Québec,QBEC,2025-04-22T09:29:00Z,2025-04-22T09:29:00Z,ARR,goo,0.0
33,True,True,QUÉBEC,OTTAWA,2025-04-22,1,Ste-Foy,SFOY,2025-04-22T09:53:44Z,2025-04-22T09:54:00Z,ARR,goo,0.0
33,True,True,QUÉBEC,OTTAWA,2025-04-22,2,Charny,CHNY,2025-04-22T10:03:22Z,2025-04-22T10:03:00Z,ARR,goo,0.0
33,True,True,QUÉBEC,OTTAWA,2025-04-22,3,Drummondville,DRMV,2025-04-22T11:33:49Z,2025-04-22T11:26:00Z,ARR,med,7.0
33,True,True,QUÉBEC,OTTAWA,2025-04-22,4,St. Hyacinthe,SHYA,2025-04-22T12:08:56Z,2025-04-22T11:57:00Z,ARR,med,11.0
33,True,True,QUÉBEC,OTTAWA,2025-04-22,5,St. Lambert,SLAM,2025-04-22T12:41:50Z,2025-04-22T12:23:00Z,ARR,bad,18.0
33,True,True,QUÉBEC,OTTAWA,2025-04-22,6,Montréal,MTRL,2025-04-22T12:57:57Z,2025-04-22T12:37:00Z,ARR,bad,20.0
33,True,True,QUÉBEC,OTTAWA,2025-04-22,7,Dorval,DORV,2025-04-22T13:43:09Z,2025-04-22T13:24:00Z,ARR,bad,19.0
33,True,True,QUÉBEC,OTTAWA,2025-04-22,8,Alexandria,ALEX,2025-04-22T14:35:13Z,2025-04-22T14:10:00Z,ARR,bad,25.0
33,True,True,QUÉBEC,OTTAWA,2025-04-22,9,Casselman,CSLM,2025-04-22T14:59:19Z,2025-04-22T14:33:00Z,ARR,bad,26.0
33,True,True,QUÉBEC,OTTAWA,2025-04-22,10,Ottawa,OTTW,2025-04-22T15:22:27Z,2025-04-22T15:04:00Z,ARR,bad,18.0
45,True,True,OTTAWA,TORONTO,2025-04-22,0,Ottawa,OTTW,2025-04-22T14:24:00Z,2025-04-22T14:24:00Z,ARR,goo,0.0
45,True,True,OTTAWA,TORONTO,2025-04-22,1,Fallowfield,FALL,2025-04-22T14:41:07Z,2025-04-22T14:40:00Z,ARR,goo,1.0
45,True,True,OTTAWA,TORONTO,2025-04-22,2,Kingston,KGON,2025-04-22T16:34:13Z,2025-04-22T16:26:00Z,ARR,med,8.0
45,True,True,OTTAWA,TORONTO,2025-04-22,3,Toronto,TRTO,2025-04-22T22:07:19Z,2025-04-22T18:48:00Z,ARR,bad,199.0
185,True,True,SUDBURY,WHITE RIVER,2025-04-22,0,Sudbury,SUDB,2025-04-22T13:00:00Z,2025-04-22T13:00:00Z,ARR,goo,0.0
185,True,True,SUDBURY,WHITE RIVER,2025-04-22,1,Azilda,AZIL,2025-04-22T13:14:26Z,2025-04-22T13:10:00Z,ARR,goo,4.0
185,True,True,SUDBURY,WHITE RIVER,2025-04-22,2,Chelmsford,CHEL,2025-04-22T13:17:44Z,2025-04-22T13:15:00Z,ARR,goo,2.0
185,True,True,SUDBURY,WHITE RIVER,2025-04-22,3,Larchwood,LARC,2025-04-22T13:23:13Z,2025-04-22T13:19:00Z,ARR,goo,4.0
185,True,True,SUDBURY,WHITE RIVER,2025-04-22,4,Levack,LEVA,2025-04-22T13:32:42Z,2025-04-22T13:30:00Z,ARR,goo,2.0
185,True,True,SUDBURY,WHITE RIVER,2025-04-22,5,Cartier,CART,2025-04-22T13:45:23Z,2025-04-22T13:45:00Z,ARR,goo,0.0
185,True,True,SUDBURY,WHITE RIVER,2025-04-22,6,Benny,BENN,2025-04-22T14:01:17Z,2025-04-22T14:05:00Z,ARR,goo,-3.0
185,True,True,SUDBURY,WHITE RIVER,2025-04-22,7,Stralak,STRL,2025-04-22T14:05:37Z,2025-04-22T14:12:00Z,ARR,goo,-6.0
185,True,True,SUDBURY,WHITE RIVER,2025-04-22,8,Pogamasing,POGA,2025-04-22T14:17:38Z,2025-04-22T14:25:00Z,ARR,goo,-7.0
185,True,True,SUDBURY,WHITE RIVER,2025-04-22,9,Sheahan,SHEA,2025-04-22T14:30:00Z,2025-04-22T14:30:00Z,ARR,goo,0.0
185,True,True,SUDBURY,WHITE RIVER,2025-04-22,10,Forks,FRKS,2025-04-22T14:40:00Z,2025-04-22T14:40:00Z,ARR,goo,0.0
185,True,True,SUDBURY,WHITE RIVER,2025-04-22,11,Metagama,MTGM,2025-04-22T14:50:00Z,2025-04-22T14:50:00Z,ARR,goo,0.0
185,True,True,SUDBURY,WHITE RIVER,2025-04-22,12,Sinker,SNKR,2025-04-22T14:55:00Z,2025-04-22T14:55:00Z,ARR,goo,0.0
185,True,True,SUDBURY,WHITE RIVER,2025-04-22,13,Biscotasing,BISC,2025-04-22T15:20:00Z,2025-04-22T15:20:00Z,ARR,goo,0.0
185,True,True,SUDBURY,WHITE RIVER,2025-04-22,14,Roberts,RBRT,2025-04-22T15:30:00Z,2025-04-22T15:30:00Z,ARR,goo,0.0
185,True,True,SUDBURY,WHITE RIVER,2025-04-22,15,Ramsey,RAMS,2025-04-22T15:45:00Z,2025-04-22T15:45:00Z,ARR,goo,0.0
185,True,True,SUDBURY,WHITE RIVER,2025-04-22,16,Woman River,WOMR,2025-04-22T16:05:00Z,2025-04-22T16:05:00Z,ARR,goo,0.0
185,True,True,SUDBURY,WHITE RIVER,2025-04-22,17,Sultan,SULT,2025-04-22T16:20:00Z,2025-04-22T16:20:00Z,ARR,goo,0.0
185,True,True,SUDBURY,WHITE RIVER,2025-04-22,18,Kormak,KORM,2025-04-22T16:35:00Z,2025-04-22T16:35:00Z,ARR,goo,0.0
185,True,True,SUDBURY,WHITE RIVER,2025-04-22,19,Kinogama,KINO,2025-04-22T16:40:00Z,2025-04-22T16:40:00Z,ARR,goo,0.0
185,True,True,SUDBURY,WHITE RIVER,2025-04-22,20,Nemegos,NEME,2025-04-22T17:18:07Z,2025-04-22T16:55:00Z,ARR,bad,23.0
185,True,True,SUDBURY,WHITE RIVER,2025-04-22,21,Devon,DEVN,2025-04-22T17:27:32Z,2025-04-22T17:05:00Z,ARR,bad,22.0
185,True,True,SUDBURY,WHITE RIVER,2025-04-22,22,Chapleau,CHAP,2025-04-22T17:40:54Z,2025-04-22T17:20:00Z,ARR,bad,20.0
185,True,True,SUDBURY,WHITE RIVER,2025-04-22,23,Esher,ESHR,2025-04-22T18:00:34Z,2025-04-22T17:50:00Z,ARR,med,10.0
185,True,True,SUDBURY,WHITE RIVER,2025-04-22,24,Musk,MUSK,2025-04-22T18:10:36Z,2025-04-22T18:00:00Z,ARR,med,10.0
185,True,True,SUDBURY,WHITE RIVER,2025-04-22,25,Nicholson,NICH,2025-04-22T18:15:58Z,2025-04-22T18:10:00Z,ARR,med,5.0
185,True,True,SUDBURY,WHITE RIVER,2025-04-22,26,Bolkow,BOLK,2025-04-22T18:32:56Z,2025-04-22T18:30:00Z,ARR,goo,2.0
185,True,True,SUDBURY,WHITE RIVER,2025-04-22,27,Dalton,DALT,2025-04-22T18:47:56Z,2025-04-22T18:45:00Z,ARR,goo,2.0
185,True,True,SUDBURY,WHITE RIVER,2025-04-22,28,Missanabie,MSBI,2025-04-22T19:12:56Z,2025-04-22T19:10:00Z,ARR,goo,2.0
185,True,True,SUDBURY,WHITE RIVER,2025-04-22,29,Lochalsh,LOCH,2025-04-22T19:32:56Z,2025-04-22T19:30:00Z,ARR,goo,2.0
185,True,True,SUDBURY,WHITE RIVER,2025-04-22,30,Franz,FRNZ,2025-04-22T19:32:15Z,2025-04-22T19:50:00Z,ARR,goo,-17.0
185,True,True,SUDBURY,WHITE RIVER,2025-04-22,31,Swanson,SWAN,2025-04-22T19:41:19Z,2025-04-22T20:00:00Z,ARR,goo,-18.0
185,True,True,SUDBURY,WHITE RIVER,2025-04-22,32,Girdwood,GIRD,2025-04-22T20:00:55Z,2025-04-22T20:25:00Z,ARR,goo,-24.0
185,True,True,SUDBURY,WHITE RIVER,2025-04-22,33,Amyot,AMYO,2025-04-22T20:07:54Z,2025-04-22T20:35:00Z,ARR,goo,-27.0
185,True,True,SUDBURY,WHITE RIVER,2025-04-22,34,O'Brien,OBRI,2025-04-22T20:41:03Z,2025-04-22T20:50:00Z,ARR,goo,-8.0
185,True,True,SUDBURY,WHITE RIVER,2025-04-22,35,White River,WHTR,2025-04-22T20:59:10Z,2025-04-22T21:05:00Z,ARR,goo,-5.0
97,True,True,TORONTO,NIAGARA FALLS,2025-04-22,0,Toronto,TRTO,2025-04-22T12:22:00Z,2025-04-22T12:20:00Z,ARR,goo,2.0
97,True,True,TORONTO,NIAGARA FALLS,2025-04-22,1,Oakville,OAKV,2025-04-22T12:43:00Z,2025-04-22T12:43:00Z,ARR,goo,0.0
97,True,True,TORONTO,NIAGARA FALLS,2025-04-22,2,Aldershot,ALDR,2025-04-22T12:56:00Z,2025-04-22T12:56:00Z,ARR,goo,0.0
97,True,True,TORONTO,NIAGARA FALLS,2025-04-22,3,Grimsby,GRIM,2025-04-22T13:42:00Z,2025-04-22T13:37:00Z,ARR,med,5.0
97,True,True,TORONTO,NIAGARA FALLS,2025-04-22,4,St. Catharines,SCAT,2025-04-22T14:02:00Z,2025-04-22T13:57:00Z,ARR,med,5.0
97,True,True,TORONTO,NIAGARA FALLS,2025-04-22,5,Niagara Falls,NIAG,2025-04-22T14:25:00Z,2025-04-22T14:20:00Z,ARR,med,5.0
47,True,True,OTTAWA,TORONTO,2025-04-22,0,Ottawa,OTTW,2025-04-22T16:23:25Z,2025-04-22T16:23:00Z,ARR,goo,0.0
47,True,True,OTTAWA,TORONTO,2025-04-22,1,Fallowfield,FALL,2025-04-22T16:39:16Z,2025-04-22T16:40:00Z,ARR,goo,0.0
47,True,True,OTTAWA,TORONTO,2025-04-22,2,Smiths Falls,SMTF,2025-04-22T17:15:58Z,2025-04-22T17:18:00Z,ARR,goo,-2.0
47,True,True,OTTAWA,TORONTO,2025-04-22,3,Brockville,BRKV,2025-04-22T17:52:30Z,2025-04-22T17:54:00Z,ARR,goo,-1.0
47,True,True,OTTAWA,TORONTO,2025-04-22,4,Gananoque,GANA,2025-04-22T18:21:15Z,2025-04-22T18:22:00Z,ARR,goo,0.0
47,True,True,OTTAWA,TORONTO,2025-04-22,5,Kingston,KGON,2025-04-22T18:41:51Z,2025-04-22T18:45:00Z,ARR,goo,-3.0
47,True,True,OTTAWA,TORONTO,2025-04-22,6,Belleville,BLVL,2025-04-22T19:44:19Z,2025-04-22T19:26:00Z,ARR,bad,18.0
47,True,True,OTTAWA,TORONTO,2025-04-22,7,Oshawa,OSHA,2025-04-22T22:32:53Z,2025-04-22T20:33:00Z,ARR,bad,119.0
47,True,True,OTTAWA,TORONTO,2025-04-22,8,Guildwood,GUIL,2025-04-22T22:54:48Z,2025-04-22T20:58:00Z,ARR,bad,116.0
47,True,True,OTTAWA,TORONTO,2025-04-22,9,Toronto,TRTO,2025-04-22T23:16:16Z,2025-04-22T21:30:00Z,ARR,bad,106.0
40,True,True,TORONTO,OTTAWA,2025-04-22,0,Toronto,TRTO,2025-04-22T14:37:50Z,2025-04-22T14:37:00Z,ARR,goo,0.0
40,True,True,TORONTO,OTTAWA,2025-04-22,1,Guildwood,GUIL,2025-04-22T14:55:25Z,2025-04-22T14:55:00Z,ARR,goo,0.0
40,True,True,TORONTO,OTTAWA,2025-04-22,2,Belleville,BLVL,2025-04-22T16:23:28Z,2025-04-22T16:14:00Z,ARR,med,9.0
40,True,True,TORONTO,OTTAWA,2025-04-22,3,Kingston,KGON,2025-04-22T17:08:01Z,2025-04-22T16:53:00Z,ARR,bad,15.0
40,True,True,TORONTO,OTTAWA,2025-04-22,4,Fallowfield,FALL,2025-04-22T18:52:35Z,2025-04-22T18:43:00Z,ARR,med,9.0
40,True,True,TORONTO,OTTAWA,2025-04-22,5,Ottawa,OTTW,2025-04-22T19:17:26Z,2025-04-22T19:07:00Z,ARR,med,10.0
63,True,True,MONTRÉAL,TORONTO,2025-04-22,0,Montréal,MTRL,2025-04-22T12:46:00Z,2025-04-22T12:46:00Z,ARR,goo,0.0
63,True,True,MONTRÉAL,TORONTO,2025-04-22,1,Dorval,DORV,2025-04-22T13:08:30Z,2025-04-22T13:11:00Z,ARR,goo,-2.0
63,True,True,MONTRÉAL,TORONTO,2025-04-22,2,Cornwall,CWLL,2025-04-22T14:03:29Z,2025-04-22T14:04:00Z,ARR,goo,0.0
63,True,True,MONTRÉAL,TORONTO,2025-04-22,3,Brockville,BRKV,2025-04-22T14:55:42Z,2025-04-22T14:54:00Z,ARR,goo,1.0
63,True,True,MONTRÉAL,TORONTO,2025-04-22,4,Kingston,KGON,2025-04-22T15:39:41Z,2025-04-22T15:39:00Z,ARR,goo,0.0
63,True,True,MONTRÉAL,TORONTO,2025-04-22,5,Belleville,BLVL,2025-04-22T16:18:00Z,2025-04-22T16:20:00Z,ARR,goo,-2.0
63,True,True,MONTRÉAL,TORONTO,2025-04-22,6,Cobourg,CBRG,2025-04-22T16:57:07Z,2025-04-22T16:58:00Z,ARR,goo,0.0
63,True,True,MONTRÉAL,TORONTO,2025-04-22,7,Oshawa,OSHA,2025-04-22T17:32:37Z,2025-04-22T17:34:00Z,ARR,goo,-1.0
63,True,True,MONTRÉAL,TORONTO,2025-04-22,8,Guildwood,GUIL,2025-04-22T18:01:47Z,2025-04-22T17:58:00Z,ARR,goo,3.0
63,True,True,MONTRÉAL,TORONTO,2025-04-22,9,Toronto,TRTO,2025-04-22T18:26:26Z,2025-04-22T18:18:00Z,ARR,med,8.0
600,True,True,JONQUIÈRE,MONTRÉAL,2025-04-22,0,Hébertville,HEBV,2025-04-22T13:26:08Z,2025-04-22T13:32:00Z,ARR,goo,-5.0
600,True,True,JONQUIÈRE,MONTRÉAL,2025-04-22,1,Chambord,CHBD,2025-04-22T14:13:14Z,2025-04-22T14:09:00Z,ARR,goo,4.0
600,True,True,JONQUIÈRE,MONTRÉAL,2025-04-22,2,Lac-Bouchette,LBOU,2025-04-22T14:52:43Z,2025-04-22T14:47:00Z,ARR,med,5.0
600,True,True,JONQUIÈRE,MONTRÉAL,2025-04-22,3,Club Lizotte,LIZO,2025-04-22T15:14:15Z,2025-04-22T15:12:00Z,ARR,goo,2.0
600,True,True,JONQUIÈRE,MONTRÉAL,2025-04-22,4,Kondiaronk,KOND,2025-04-22T15:25:47Z,2025-04-22T15:25:00Z,ARR,goo,0.0
600,True,True,JONQUIÈRE,MONTRÉAL,2025-04-22,5,Lac Des Roches,LDES,2025-04-22T15:28:27Z,2025-04-22T15:28:00Z,ARR,goo,0.0
600,True,True,JONQUIÈRE,MONTRÉAL,2025-04-22,6,Van Bruyssel,VBRU,2025-04-22T15:36:32Z,2025-04-22T15:38:00Z,ARR,goo,-1.0
600,True,True,JONQUIÈRE,MONTRÉAL,2025-04-22,7,Kiskissink,KISK,2025-04-22T15:39:14Z,2025-04-22T15:39:14Z,ARR,goo,0.0
600,True,True,JONQUIÈRE,MONTRÉAL,2025-04-22,8,Brooks,BRQU,2025-04-22T15:51:00Z,2025-04-22T15:51:00Z,ARR,goo,0.0
600,True,True,JONQUIÈRE,MONTRÉAL,2025-04-22,9,Summit,SMQU,2025-04-22T16:02:00Z,2025-04-22T16:02:00Z,ARR,goo,0.0
600,True,True,JONQUIÈRE,MONTRÉAL,2025-04-22,10,Club Sommet,SMMC,2025-04-22T16:03:06Z,2025-04-22T16:03:06Z,ARR,goo,0.0
600,True,True,JONQUIÈRE,MONTRÉAL,2025-04-22,11,Club Grégoire,GRGC,2025-04-22T16:07:00Z,2025-04-22T16:07:00Z,ARR,goo,0.0
600,True,True,JONQUIÈRE,MONTRÉAL,2025-04-22,12,Caribou,CARI,2025-04-22T16:14:00Z,2025-04-22T16:14:00Z,ARR,goo,0.0
600,True,True,JONQUIÈRE,MONTRÉAL,2025-04-22,13,Cherokee,CHER,2025-04-22T16:16:00Z,2025-04-22T16:16:00Z,ARR,goo,0.0
600,True,True,JONQUIÈRE,MONTRÉAL,2025-04-22,14,Lac-Édouard,LEDW,2025-04-22T16:29:00Z,2025-04-22T16:29:00Z,ARR,goo,0.0
600,True,True,JONQUIÈRE,MONTRÉAL,2025-04-22,15,Club Triton,TRTC,2025-04-22T16:42:00Z,2025-04-22T16:42:00Z,ARR,goo,0.0
600,True,True,JONQUIÈRE,MONTRÉAL,2025-04-22,16,Club Nicole,NCLC,2025-04-22T16:50:00Z,2025-04-22T16:50:00Z,ARR,goo,0.0
600,True,True,JONQUIÈRE,MONTRÉAL,2025-04-22,17,Hirondelle,HRDL,2025-04-22T16:56:00Z,2025-04-22T16:56:00Z,ARR,goo,0.0
600,True,True,JONQUIÈRE,MONTRÉAL,2025-04-22,18,Pearl Lake,PRLL,2025-04-22T16:59:14Z,2025-04-22T16:59:14Z,ARR,goo,0.0
600,True,True,JONQUIÈRE,MONTRÉAL,2025-04-22,19,Sanford,SANF,2025-04-22T17:10:00Z,2025-04-22T17:10:00Z,ARR,goo,0.0
600,True,True,JONQUIÈRE,MONTRÉAL,2025-04-22,20,Stadacona,STAD,2025-04-22T17:18:00Z,2025-04-22T17:18:00Z,ARR,goo,0.0
600,True,True,JONQUIÈRE,MONTRÉAL,2025-04-22,21,Club Iroquois,IRQC,2025-04-22T17:22:00Z,2025-04-22T17:22:00Z,ARR,goo,0.0
600,True,True,JONQUIÈRE,MONTRÉAL,2025-04-22,22,Lac Malouin,LMAL,2025-04-22T17:26:00Z,2025-04-22T17:26:00Z,ARR,goo,0.0
600,True,True,JONQUIÈRE,MONTRÉAL,2025-04-22,23,Bima,BIMA,2025-04-22T17:28:00Z,2025-04-22T17:28:00Z,ARR,goo,0.0
600,True,True,JONQUIÈRE,MONTRÉAL,2025-04-22,24,Saint-Hilaire,SHPN,2025-04-22T17:31:00Z,2025-04-22T17:31:00Z,ARR,goo,0.0
600,True,True,JONQUIÈRE,MONTRÉAL,2025-04-22,25,Pont Beaudet,PBDT,2025-04-22T17:33:00Z,2025-04-22T17:33:00Z,ARR,goo,0.0
600,True,True,JONQUIÈRE,MONTRÉAL,2025-04-22,26,Falrie,FALR,2025-04-22T17:36:00Z,2025-04-22T17:36:00Z,ARR,goo,0.0
600,True,True,JONQUIÈRE,MONTRÉAL,2025-04-22,27,Club Jacques-Cartier,JACC,2025-04-22T17:39:00Z,2025-04-22T17:39:00Z,ARR,goo,0.0
600,True,True,JONQUIÈRE,MONTRÉAL,2025-04-22,28,Miquick,MIQK,2025-04-22T17:53:00Z,2025-04-22T17:53:00Z,ARR,goo,0.0
600,True,True,JONQUIÈRE,MONTRÉAL,2025-04-22,29,Rivière-À-Pierre,RAPX,2025-04-22T18:28:00Z,2025-04-22T18:28:00Z,ARR,goo,0.0
600,True,True,JONQUIÈRE,MONTRÉAL,2025-04-22,30,Rousseau,ROUS,2025-04-22T18:26:48Z,2025-04-22T18:49:00Z,ARR,goo,-22.0
600,True,True,JONQUIÈRE,MONTRÉAL,2025-04-22,31,Hervey,HERV,2025-04-22T18:52:03Z,2025-04-22T19:20:00Z,ARR,goo,-27.0
600,True,True,JONQUIÈRE,MONTRÉAL,2025-04-22,32,Saint-Tite,STIT,2025-04-22T19:30:46Z,2025-04-22T19:48:00Z,ARR,goo,-17.0
600,True,True,JONQUIÈRE,MONTRÉAL,2025-04-22,33,Garneau,GARN,2025-04-22T19:48:00Z,2025-04-22T20:02:00Z,ARR,goo,-14.0
600,True,True,JONQUIÈRE,MONTRÉAL,2025-04-22,34,Grand-Mère,GMRE,2025-04-22T20:01:07Z,2025-04-22T20:15:00Z,ARR,goo,-13.0
600,True,True,JONQUIÈRE,MONTRÉAL,2025-04-22,35,Shawinigan,SHWN,2025-04-22T20:13:09Z,2025-04-22T20:23:00Z,ARR,goo,-9.0
600,True,True,JONQUIÈRE,MONTRÉAL,2025-04-22,36,Charette,CHRT,2025-04-22T20:46:08Z,2025-04-22T20:46:00Z,ARR,goo,0.0
600,True,True,JONQUIÈRE,MONTRÉAL,2025-04-22,37,St-Paulin,SPAU,2025-04-22T20:58:18Z,2025-04-22T20:55:00Z,ARR,goo,3.0
600,True,True,JONQUIÈRE,MONTRÉAL,2025-04-22,38,St-Justin,SJUS,2025-04-22T21:06:43Z,2025-04-22T21:09:00Z,ARR,goo,-2.0
600,True,True,JONQUIÈRE,MONTRÉAL,2025-04-22,39,Joliette,JOLI,2025-04-22T21:31:42Z,2025-04-22T21:38:00Z,ARR,goo,-6.0
600,True,True,JONQUIÈRE,MONTRÉAL,2025-04-22,40,Anjou,ANJO,2025-04-22T22:22:39Z,2025-04-22T22:21:01Z,ARR,goo,1.0
600,True,True,JONQUIÈRE,MONTRÉAL,2025-04-22,41,Sauvé,SAUV,2025-04-22T22:44:54Z,2025-04-22T22:35:00Z,ARR,med,9.0
600,True,True,JONQUIÈRE,MONTRÉAL,2025-04-22,42,Montréal,MTRL,2025-04-22T23:20:57Z,2025-04-22T23:46:00Z,ARR,goo,-25.0
31,True,True,MONTRÉAL,OTTAWA,2025-04-22,0,Montréal,MTRL,2025-04-22T10:20:00Z,2025-04-22T10:20:00Z,ARR,goo,0.0
31,True,True,MONTRÉAL,OTTAWA,2025-04-22,1,Dorval,DORV,2025-04-22T10:48:42Z,2025-04-22T10:44:00Z,ARR,goo,4.0
31,True,True,MONTRÉAL,OTTAWA,2025-04-22,2,Alexandria,ALEX,2025-04-22T11:34:32Z,2025-04-22T11:36:00Z,ARR,goo,-1.0
31,True,True,MONTRÉAL,OTTAWA,2025-04-22,3,Casselman,CSLM,2025-04-22T11:56:35Z,2025-04-22T11:59:00Z,ARR,goo,-2.0
31,True,True,MONTRÉAL,OTTAWA,2025-04-22,4,Ottawa,OTTW,2025-04-22T12:22:52Z,2025-04-22T12:25:00Z,ARR,goo,-2.0
35,True,True,QUÉBEC,OTTAWA,2025-04-22,0,Québec,QBEC,2025-04-22T12:06:00Z,2025-04-22T12:06:00Z,ARR,goo,0.0
35,True,True,QUÉBEC,OTTAWA,2025-04-22,1,Ste-Foy,SFOY,2025-04-22T12:32:48Z,2025-04-22T12:31:00Z,ARR,goo,1.0
35,True,True,QUÉBEC,OTTAWA,2025-04-22,2,Charny,CHNY,2025-04-22T12:42:15Z,2025-04-22T12:40:00Z,ARR,goo,2.0
35,True,True,QUÉBEC,OTTAWA,2025-04-22,3,Drummondville,DRMV,2025-04-22T14:23:09Z,2025-04-22T14:14:00Z,ARR,med,9.0
35,True,True,QUÉBEC,OTTAWA,2025-04-22,4,St. Hyacinthe,SHYA,2025-04-22T14:57:31Z,2025-04-22T14:44:00Z,ARR,med,13.0
35,True,True,QUÉBEC,OTTAWA,2025-04-22,5,St. Lambert,SLAM,2025-04-22T15:46:21Z,2025-04-22T15:11:00Z,ARR,bad,35.0
35,True,True,QUÉBEC,OTTAWA,2025-04-22,6,Montréal,MTRL,2025-04-22T16:01:43Z,2025-04-22T15:26:00Z,ARR,bad,35.0
35,True,True,QUÉBEC,OTTAWA,2025-04-22,7,Dorval,DORV,2025-04-22T16:53:20Z,2025-04-22T16:18:00Z,ARR,bad,35.0
35,True,True,QUÉBEC,OTTAWA,2025-04-22,8,Coteau,COTO,2025-04-22T17:27:58Z,2025-04-22T16:46:00Z,ARR,bad,41.0
35,True,True,QUÉBEC,OTTAWA,2025-04-22,9,Alexandria,ALEX,2025-04-22T17:53:46Z,2025-04-22T17:08:00Z,ARR,bad,45.0
35,True,True,QUÉBEC,OTTAWA,2025-04-22,10,Casselman,CSLM,2025-04-22T18:15:53Z,2025-04-22T17:31:00Z,ARR,bad,44.0
35,True,True,QUÉBEC,OTTAWA,2025-04-22,11,Ottawa,OTTW,2025-04-22T18:41:30Z,2025-04-22T17:58:00Z,ARR,bad,43.0
41,True,True,OTTAWA,TORONTO,2025-04-22,0,Ottawa,OTTW,2025-04-22T09:21:00Z,2025-04-22T09:21:00Z,ARR,goo,0.0
41,True,True,OTTAWA,TORONTO,2025-04-22,1,Fallowfield,FALL,2025-04-22T09:36:53Z,2025-04-22T09:38:00Z,ARR,goo,-1.0
41,True,True,OTTAWA,TORONTO,2025-04-22,2,Smiths Falls,SMTF,2025-04-22T10:07:00Z,2025-04-22T10:08:00Z,ARR,goo,-1.0
41,True,True,OTTAWA,TORONTO,2025-04-22,3,Brockville,BRKV,2025-04-22T10:39:06Z,2025-04-22T10:40:00Z,ARR,goo,0.0
41,True,True,OTTAWA,TORONTO,2025-04-22,4,Kingston,KGON,2025-04-22T11:31:21Z,2025-04-22T11:25:00Z,ARR,med,6.0
41,True,True,OTTAWA,TORONTO,2025-04-22,5,Napanee,NAPN,2025-04-22T11:57:24Z,2025-04-22T11:49:00Z,ARR,med,8.0
41,True,True,OTTAWA,TORONTO,2025-04-22,6,Belleville,BLVL,2025-04-22T12:23:03Z,2025-04-22T12:07:00Z,ARR,bad,16.0
41,True,True,OTTAWA,TORONTO,2025-04-22,7,Trenton Jct.,TRNJ,2025-04-22T12:36:00Z,2025-04-22T12:20:00Z,ARR,bad,16.0
41,True,True,OTTAWA,TORONTO,2025-04-22,8,Cobourg,CBRG,2025-04-22T13:07:16Z,2025-04-22T12:44:00Z,ARR,bad,23.0
41,True,True,OTTAWA,TORONTO,2025-04-22,9,Oshawa,OSHA,2025-04-22T13:49:12Z,2025-04-22T13:19:00Z,ARR,bad,30.0
41,True,True,OTTAWA,TORONTO,2025-04-22,10,Toronto,TRTO,2025-04-22T14:30:29Z,2025-04-22T14:02:00Z,ARR,bad,28.0
76,True,True,WINDSOR,TORONTO,2025-04-22,0,Windsor,WDON,2025-04-22T17:46:17Z,2025-04-22T17:46:00Z,ARR,goo,0.0
76,True,True,WINDSOR,TORONTO,2025-04-22,1,Chatham,CHAT,2025-04-22T18:29:22Z,2025-04-22T18:28:00Z,ARR,goo,1.0
76,True,True,WINDSOR,TORONTO,2025-04-22,2,Glencoe,GLNC,2025-04-22T19:13:00Z,2025-04-22T19:03:00Z,ARR,med,10.0
76,True,True,WINDSOR,TORONTO,2025-04-22,3,London,LNDN,2025-04-22T19:41:54Z,2025-04-22T19:38:00Z,ARR,goo,3.0
76,True,True,WINDSOR,TORONTO,2025-04-22,4,Brantford,BRTF,2025-04-22T20:39:00Z,2025-04-22T20:39:00Z,ARR,goo,0.0
76,True,True,WINDSOR,TORONTO,2025-04-22,5,Aldershot,ALDR,2025-04-22T21:13:10Z,2025-04-22T21:10:00Z,ARR,goo,3.0
76,True,True,WINDSOR,TORONTO,2025-04-22,6,Oakville,OAKV,2025-04-22T21:29:55Z,2025-04-22T21:27:00Z,ARR,goo,2.0
76,True,True,WINDSOR,TORONTO,2025-04-22,7,Toronto,TRTO,2025-04-22T21:58:36Z,2025-04-22T21:53:00Z,ARR,med,5.0
645,True,True,OTTAWA,TORONTO,2025-04-22,0,Ottawa,OTTW,2025-04-22T18:29:00Z,2025-04-22T18:29:00Z,ARR,goo,0.0
645,True,True,OTTAWA,TORONTO,2025-04-22,1,Fallowfield,FALL,2025-04-22T18:47:08Z,2025-04-22T18:49:00Z,ARR,goo,-1.0
645,True,True,OTTAWA,TORONTO,2025-04-22,2,Kingston,KGON,2025-04-22T20:40:01Z,2025-04-22T20:34:00Z,ARR,med,6.0
645,True,True,OTTAWA,TORONTO,2025-04-22,3,Belleville,BLVL,2025-04-22T21:27:31Z,2025-04-22T21:15:00Z,ARR,med,12.0
645,True,True,OTTAWA,TORONTO,2025-04-22,4,Oshawa,OSHA,2025-04-22T23:05:45Z,2025-04-22T22:20:00Z,ARR,bad,45.0
645,True,True,OTTAWA,TORONTO,2025-04-22,5,Toronto,TRTO,2025-04-22T23:58:07Z,2025-04-22T23:15:00Z,ARR,bad,43.0
44,True,True,TORONTO,OTTAWA,2025-04-22,0,Toronto,TRTO,2025-04-22T18:24:33Z,2025-04-22T18:22:00Z,ARR,goo,2.0
44,True,True,TORONTO,OTTAWA,2025-04-22,1,Oshawa,OSHA,2025-04-22T18:56:55Z,2025-04-22T18:54:00Z,ARR,goo,2.0
44,True,True,TORONTO,OTTAWA,2025-04-22,2,Kingston,KGON,2025-04-22T22:52:58Z,2025-04-22T20:32:00Z,ARR,bad,140.0
44,True,True,TORONTO,OTTAWA,2025-04-22,3,Brockville,BRKV,2025-04-22T23:49:12Z,2025-04-22T21:19:00Z,ARR,bad,150.0
44,True,True,TORONTO,OTTAWA,2025-04-22,4,Smiths Falls,SMTF,2025-04-23T00:19:30Z,2025-04-22T21:50:00Z,ARR,bad,149.0
44,True,True,TORONTO,OTTAWA,2025-04-22,5,Fallowfield,FALL,2025-04-23T00:45:32Z,2025-04-22T22:22:00Z,ARR,bad,143.0
44,True,True,TORONTO,OTTAWA,2025-04-22,6,Ottawa,OTTW,2025-04-23T01:05:17Z,2025-04-22T22:43:00Z,ARR,bad,142.0
26,True,True,OTTAWA,QUÉBEC,2025-04-22,0,Ottawa,OTTW,2025-04-22T18:17:00Z,2025-04-22T18:17:00Z,ARR,goo,0.0
26,True,True,OTTAWA,QUÉBEC,2025-04-22,1,Alexandria,ALEX,2025-04-22T19:07:56Z,2025-04-22T19:03:00Z,ARR,goo,4.0
26,True,True,OTTAWA,QUÉBEC,2025-04-22,2,Coteau,COTO,2025-04-22T19:29:14Z,2025-04-22T19:26:00Z,ARR,goo,3.0
26,True,True,OTTAWA,QUÉBEC,2025-04-22,3,Dorval,DORV,2025-04-22T19:57:21Z,2025-04-22T19:49:00Z,ARR,med,8.0
26,True,True,OTTAWA,QUÉBEC,2025-04-22,4,Montréal,MTRL,2025-04-22T20:21:23Z,2025-04-22T20:15:00Z,ARR,med,6.0
26,True,True,OTTAWA,QUÉBEC,2025-04-22,5,St. Lambert,SLAM,2025-04-22T21:03:48Z,2025-04-22T20:53:00Z,ARR,med,10.0
26,True,True,OTTAWA,QUÉBEC,2025-04-22,6,St. Hyacinthe,SHYA,2025-04-22T21:39:26Z,2025-04-22T21:20:00Z,ARR,bad,19.0
26,True,True,OTTAWA,QUÉBEC,2025-04-22,7,Drummondville,DRMV,2025-04-22T22:25:03Z,2025-04-22T22:05:00Z,ARR,bad,20.0
26,True,True,OTTAWA,QUÉBEC,2025-04-22,8,Charny,CHNY,2025-04-23T00:04:19Z,2025-04-22T23:44:00Z,ARR,bad,20.0
26,True,True,OTTAWA,QUÉBEC,2025-04-22,9,Ste-Foy,SFOY,2025-04-23T00:12:25Z,2025-04-22T23:52:00Z,ARR,bad,20.0
26,True,True,OTTAWA,QUÉBEC,2025-04-22,10,Québec,QBEC,2025-04-23T00:40:52Z,2025-04-23T00:19:00Z,ARR,bad,21.0
39,True,True,QUÉBEC,OTTAWA,2025-04-22,0,Québec,QBEC,2025-04-22T18:57:00Z,2025-04-22T18:57:00Z,ARR,goo,0.0
39,True,True,QUÉBEC,OTTAWA,2025-04-22,1,Ste-Foy,SFOY,2025-04-22T19:22:18Z,2025-04-22T19:22:00Z,ARR,goo,0.0
39,True,True,QUÉBEC,OTTAWA,2025-04-22,2,Drummondville,DRMV,2025-04-22T21:09:11Z,2025-04-22T20:58:00Z,ARR,med,11.0
39,True,True,QUÉBEC,OTTAWA,2025-04-22,3,St. Lambert,SLAM,2025-04-22T22:14:01Z,2025-04-22T21:57:00Z,ARR,bad,17.0
39,True,True,QUÉBEC,OTTAWA,2025-04-22,4,Montréal,MTRL,2025-04-22T22:28:48Z,2025-04-22T22:11:00Z,ARR,bad,17.0
39,True,True,QUÉBEC,OTTAWA,2025-04-22,5,Dorval,DORV,2025-04-22T23:13:25Z,2025-04-22T23:14:00Z,ARR,goo,0.0
39,True,True,QUÉBEC,OTTAWA,2025-04-22,6,Coteau,COTO,2025-04-22T23:49:06Z,2025-04-22T23:43:00Z,ARR,med,6.0
39,True,True,QUÉBEC,OTTAWA,2025-04-22,7,Alexandria,ALEX,2025-04-23T00:10:43Z,2025-04-23T00:06:00Z,ARR,goo,4.0
39,True,True,QUÉBEC,OTTAWA,2025-04-22,8,Ottawa,OTTW,2025-04-23T00:53:21Z,2025-04-23T00:51:00Z,ARR,goo,2.0
66,True,True,TORONTO,MONTRÉAL,2025-04-22,0,Toronto,TRTO,2025-04-22T19:23:44Z,2025-04-22T19:22:00Z,ARR,goo,1.0
66,True,True,TORONTO,MONTRÉAL,2025-04-22,1,Guildwood,GUIL,2025-04-22T19:41:55Z,2025-04-22T19:40:00Z,ARR,goo,1.0
66,True,True,TORONTO,MONTRÉAL,2025-04-22,2,Oshawa,OSHA,2025-04-22T20:19:00Z,2025-04-22T19:54:00Z,ARR,bad,25.0
66,True,True,TORONTO,MONTRÉAL,2025-04-22,3,Belleville,BLVL,2025-04-22T22:17:16Z,2025-04-22T21:00:00Z,ARR,bad,77.0
66,True,True,TORONTO,MONTRÉAL,2025-04-22,4,Kingston,KGON,2025-04-22T23:05:39Z,2025-04-22T21:40:00Z,ARR,bad,85.0
66,True,True,TORONTO,MONTRÉAL,2025-04-22,5,Cornwall,CWLL,2025-04-23T00:40:37Z,2025-04-22T23:07:00Z,ARR,bad,93.0
66,True,True,TORONTO,MONTRÉAL,2025-04-22,6,Dorval,DORV,2025-04-23T01:34:55Z,2025-04-22T23:58:00Z,ARR,bad,96.0
66,True,True,TORONTO,MONTRÉAL,2025-04-22,7,Montréal,MTRL,2025-04-23T02:03:44Z,2025-04-23T00:25:00Z,ARR,bad,98.0
46,True,True,TORONTO,OTTAWA,2025-04-22,0,Toronto,TRTO,2025-04-22T19:37:14Z,2025-04-22T19:37:00Z,ARR,goo,0.0
46,True,True,TORONTO,OTTAWA,2025-04-22,1,Oshawa,OSHA,2025-04-22T20:27:15Z,2025-04-22T20:09:00Z,ARR,bad,18.0
46,True,True,TORONTO,OTTAWA,2025-04-22,2,Cobourg,CBRG,2025-04-22T21:16:34Z,2025-04-22T20:43:00Z,ARR,bad,33.0
46,True,True,TORONTO,OTTAWA,2025-04-22,3,Kingston,KGON,2025-04-22T23:15:52Z,2025-04-22T21:54:00Z,ARR,bad,81.0
46,True,True,TORONTO,OTTAWA,2025-04-22,4,Brockville,BRKV,2025-04-23T00:01:04Z,2025-04-22T22:40:00Z,ARR,bad,81.0
46,True,True,TORONTO,OTTAWA,2025-04-22,5,Fallowfield,FALL,2025-04-23T00:55:17Z,2025-04-22T23:40:00Z,ARR,bad,75.0
46,True,True,TORONTO,OTTAWA,2025-04-22,6,Ottawa,OTTW,2025-04-23T01:15:46Z,2025-04-23T00:00:00Z,ARR,bad,75.0
83,True,True,TORONTO,LONDON,2025-04-22,0,Toronto,TRTO,2025-04-22T20:15:00Z,2025-04-22T20:15:00Z,ARR,goo,0.0
83,True,True,TORONTO,LONDON,2025-04-22,1,Aldershot,ALDR,2025-04-22T20:58:35Z,2025-04-22T20:50:00Z,ARR,med,8.0
83,True,True,TORONTO,LONDON,2025-04-22,2,Brantford,BRTF,2025-04-22T21:31:25Z,2025-04-22T21:20:00Z,ARR,med,11.0
83,True,True,TORONTO,LONDON,2025-04-22,3,Woodstock,WDST,2025-04-22T21:59:19Z,2025-04-22T21:48:00Z,ARR,med,11.0
83,True,True,TORONTO,LONDON,2025-04-22,4,London,LNDN,2025-04-22T22:30:35Z,2025-04-22T22:27:00Z,ARR,goo,3.0
28,True,True,OTTAWA,QUÉBEC,2025-04-22,0,Ottawa,OTTW,2025-04-22T20:05:00Z,2025-04-22T20:05:00Z,ARR,goo,0.0
28,True,True,OTTAWA,QUÉBEC,2025-04-22,1,Casselman,CSLM,2025-04-22T20:30:03Z,2025-04-22T20:31:00Z,ARR,goo,0.0
28,True,True,OTTAWA,QUÉBEC,2025-04-22,2,Alexandria,ALEX,2025-04-22T20:51:34Z,2025-04-22T20:53:00Z,ARR,goo,-1.0
28,True,True,OTTAWA,QUÉBEC,2025-04-22,3,Coteau,COTO,2025-04-22T21:12:27Z,2025-04-22T21:15:00Z,ARR,goo,-2.0
28,True,True,OTTAWA,QUÉBEC,2025-04-22,4,Dorval,DORV,2025-04-22T21:45:36Z,2025-04-22T21:38:00Z,ARR,med,7.0
28,True,True,OTTAWA,QUÉBEC,2025-04-22,5,Montréal,MTRL,2025-04-22T22:13:14Z,2025-04-22T22:04:00Z,ARR,med,9.0
28,True,True,OTTAWA,QUÉBEC,2025-04-22,6,St. Lambert,SLAM,2025-04-22T22:50:50Z,2025-04-22T22:38:00Z,ARR,med,12.0
28,True,True,OTTAWA,QUÉBEC,2025-04-22,7,St. Hyacinthe,SHYA,2025-04-22T23:22:59Z,2025-04-22T23:06:00Z,ARR,bad,16.0
28,True,True,OTTAWA,QUÉBEC,2025-04-22,8,Drummondville,DRMV,2025-04-23T00:04:01Z,2025-04-22T23:52:00Z,ARR,med,12.0
28,True,True,OTTAWA,QUÉBEC,2025-04-22,9,Charny,CHNY,2025-04-23T01:34:12Z,2025-04-23T01:14:00Z,ARR,bad,20.0
28,True,True,OTTAWA,QUÉBEC,2025-04-22,10,Ste-Foy,SFOY,2025-04-23T01:42:50Z,2025-04-23T01:21:00Z,ARR,bad,21.0
28,True,True,OTTAWA,QUÉBEC,2025-04-22,11,Québec,QBEC,2025-04-23T02:12:38Z,2025-04-23T01:48:00Z,ARR,bad,24.0
69,True,True,MONTRÉAL,TORONTO,2025-04-22,0,Montréal,MTRL,2025-04-22T20:38:00Z,2025-04-22T20:38:00Z,ARR,goo,0.0
69,True,True,MONTRÉAL,TORONTO,2025-04-22,1,Dorval,DORV,2025-04-22T21:05:26Z,2025-04-22T21:04:00Z,ARR,goo,1.0
69,True,True,MONTRÉAL,TORONTO,2025-04-22,2,Cornwall,CWLL,2025-04-22T22:05:13Z,2025-04-22T21:53:00Z,ARR,med,12.0
69,True,True,MONTRÉAL,TORONTO,2025-04-22,3,Brockville,BRKV,2025-04-22T22:54:44Z,2025-04-22T22:40:00Z,ARR,med,14.0
69,True,True,MONTRÉAL,TORONTO,2025-04-22,4,Kingston,KGON,2025-04-22T23:48:04Z,2025-04-22T23:24:00Z,ARR,bad,24.0
69,True,True,MONTRÉAL,TORONTO,2025-04-22,5,Oshawa,OSHA,2025-04-23T01:51:11Z,2025-04-23T01:05:00Z,ARR,bad,46.0
69,True,True,MONTRÉAL,TORONTO,2025-04-22,6,Guildwood,GUIL,2025-04-23T02:16:07Z,2025-04-23T01:28:00Z,ARR,bad,48.0
69,True,True,MONTRÉAL,TORONTO,2025-04-22,7,Toronto,TRTO,2025-04-23T02:44:38Z,2025-04-23T01:48:00Z,ARR,bad,56.0
68,True,True,TORONTO,MONTRÉAL,2025-04-22,0,Toronto,TRTO,2025-04-22T21:08:11Z,2025-04-22T21:07:00Z,ARR,goo,1.0
68,True,True,TORONTO,MONTRÉAL,2025-04-22,1,Oshawa,OSHA,2025-04-22T21:43:26Z,2025-04-22T21:39:00Z,ARR,goo,4.0
68,True,True,TORONTO,MONTRÉAL,2025-04-22,2,Cobourg,CBRG,2025-04-22T22:22:14Z,2025-04-22T22:14:00Z,ARR,med,8.0
68,True,True,TORONTO,MONTRÉAL,2025-04-22,3,Belleville,BLVL,2025-04-22T23:00:18Z,2025-04-22T22:49:00Z,ARR,med,11.0
68,True,True,TORONTO,MONTRÉAL,2025-04-22,4,Kingston,KGON,2025-04-22T23:37:14Z,2025-04-22T23:26:00Z,ARR,med,11.0
68,True,True,TORONTO,MONTRÉAL,2025-04-22,5,Brockville,BRKV,2025-04-23T00:47:20Z,2025-04-23T00:11:00Z,ARR,bad,36.0
68,True,True,TORONTO,MONTRÉAL,2025-04-22,6,Cornwall,CWLL,2025-04-23T01:33:06Z,2025-04-23T00:57:00Z,ARR,bad,36.0
68,True,True,TORONTO,MONTRÉAL,2025-04-22,7,Dorval,DORV,2025-04-23T02:27:14Z,2025-04-23T01:47:00Z,ARR,bad,40.0
68,True,True,TORONTO,MONTRÉAL,2025-04-22,8,Montréal,MTRL,2025-04-23T02:52:55Z,2025-04-23T02:14:00Z,ARR,bad,38.0
75,True,True,TORONTO,WINDSOR,2025-04-22,0,Toronto,TRTO,2025-04-22T21:42:00Z,2025-04-22T21:22:00Z,ARR,bad,20.0
75,True,True,TORONTO,WINDSOR,2025-04-22,1,Oakville,OAKV,2025-04-22T22:33:48Z,2025-04-22T21:45:00Z,ARR,bad,48.0
75,True,True,TORONTO,WINDSOR,2025-04-22,2,Aldershot,ALDR,2025-04-22T23:09:54Z,2025-04-22T22:01:00Z,ARR,bad,68.0
75,True,True,TORONTO,WINDSOR,2025-04-22,3,Brantford,BRTF,2025-04-22T23:43:13Z,2025-04-22T22:33:00Z,ARR,bad,70.0
75,True,True,TORONTO,WINDSOR,2025-04-22,4,Woodstock,WDST,2025-04-23T00:32:23Z,2025-04-22T23:04:00Z,ARR,bad,88.0
75,True,True,TORONTO,WINDSOR,2025-04-22,5,Ingersoll,INGR,2025-04-23T00:43:45Z,2025-04-22T23:19:00Z,ARR,bad,84.0
75,True,True,TORONTO,WINDSOR,2025-04-22,6,London,LNDN,2025-04-23T01:07:50Z,2025-04-22T23:47:00Z,ARR,bad,80.0
75,True,True,TORONTO,WINDSOR,2025-04-22,7,Glencoe,GLNC,2025-04-23T01:43:54Z,2025-04-23T00:21:00Z,ARR,bad,82.0
75,True,True,TORONTO,WINDSOR,2025-04-22,8,Chatham,CHAT,2025-04-23T02:24:05Z,2025-04-23T00:55:00Z,ARR,bad,89.0
75,True,True,TORONTO,WINDSOR,2025-04-22,9,Windsor,WDON,2025-04-23T03:12:37Z,2025-04-23T01:50:00Z,ARR,bad,82.0
54,True,True,TORONTO,OTTAWA,2025-04-22,0,Toronto,TRTO,2025-04-22T21:39:29Z,2025-04-22T21:37:00Z,ARR,goo,2.0
54,True,True,TORONTO,OTTAWA,2025-04-22,1,Guildwood,GUIL,2025-04-22T22:11:04Z,2025-04-22T21:55:00Z,ARR,bad,16.0
54,True,True,TORONTO,OTTAWA,2025-04-22,2,Oshawa,OSHA,2025-04-22T22:37:11Z,2025-04-22T22:08:00Z,ARR,bad,29.0
54,True,True,TORONTO,OTTAWA,2025-04-22,3,Port Hope,PHOP,2025-04-22T23:06:21Z,2025-04-22T22:37:00Z,ARR,bad,29.0
54,True,True,TORONTO,OTTAWA,2025-04-22,4,Cobourg,CBRG,2025-04-22T23:14:52Z,2025-04-22T22:46:00Z,ARR,bad,28.0
54,True,True,TORONTO,OTTAWA,2025-04-22,5,Trenton Jct.,TRNJ,2025-04-22T23:40:46Z,2025-04-22T23:13:01Z,ARR,bad,27.0
54,True,True,TORONTO,OTTAWA,2025-04-22,6,Belleville,BLVL,2025-04-22T23:54:04Z,2025-04-22T23:27:00Z,ARR,bad,27.0
54,True,True,TORONTO,OTTAWA,2025-04-22,7,Napanee,NAPN,2025-04-23T00:13:53Z,2025-04-22T23:48:00Z,ARR,bad,25.0
54,True,True,TORONTO,OTTAWA,2025-04-22,8,Kingston,KGON,2025-04-23T00:33:46Z,2025-04-23T00:09:00Z,ARR,bad,24.0
54,True,True,TORONTO,OTTAWA,2025-04-22,9,Brockville,BRKV,2025-04-23T01:18:39Z,2025-04-23T00:54:00Z,ARR,bad,24.0
54,True,True,TORONTO,OTTAWA,2025-04-22,10,Smiths Falls,SMTF,2025-04-23T01:48:54Z,2025-04-23T01:25:00Z,ARR,bad,23.0
54,True,True,TORONTO,OTTAWA,2025-04-22,11,Fallowfield,FALL,2025-04-23T02:14:17Z,2025-04-23T01:52:00Z,ARR,bad,22.0
54,True,True,TORONTO,OTTAWA,2025-04-22,12,Ottawa,OTTW,2025-04-23T02:35:01Z,2025-04-23T02:13:00Z,ARR,bad,22.0
87,True,False,TORONTO,SARNIA,2025-04-22,0,Toronto,TRTO,2025-04-22T22:34:00Z,2025-04-22T21:40:00Z,ARR,bad,54.0
87,True,False,TORONTO,SARNIA,2025-04-22,1,Malton,MALT,2025-04-22T22:52:57Z,2025-04-22T22:00:00Z,ARR,bad,52.0
87,True,False,TORONTO,SARNIA,2025-04-22,2,Brampton,BRMP,2025-04-22T23:04:10Z,2025-04-22T22:12:00Z,ARR,bad,52.0
87,True,False,TORONTO,SARNIA,2025-04-22,3,Georgetown,GEOR,2025-04-22T23:23:14Z,2025-04-22T22:24:00Z,ARR,bad,59.0
87,True,False,TORONTO,SARNIA,2025-04-22,4,Guelph,GUEL,2025-04-22T23:53:43Z,2025-04-22T22:49:00Z,ARR,bad,64.0
87,True,False,TORONTO,SARNIA,2025-04-22,5,Kitchener,KITC,2025-04-23T01:08:01Z,2025-04-22T23:16:00Z,ARR,bad,112.0
87,True,False,TORONTO,SARNIA,2025-04-22,6,Stratford,STRF,2025-04-23T01:53:22Z,2025-04-22T23:57:00Z,ARR,bad,116.0
87,True,False,TORONTO,SARNIA,2025-04-22,7,St.Marys,SMYS,2025-04-23T02:21:13Z,2025-04-23T00:25:00Z,ARR,bad,116.0
87,True,False,TORONTO,SARNIA,2025-04-22,8,London,LNDN,2025-04-23T03:10:14Z,2025-04-23T01:13:00Z,ARR,bad,117.0
87,True,False,TORONTO,SARNIA,2025-04-22,9,Strathroy,STRR,2025-04-23T03:35:46Z,2025-04-23T01:39:00Z,ARR,bad,116.0
87,True,False,TORONTO,SARNIA,2025-04-22,10,Wyoming,WYOM,2025-04-23T04:00:08Z,2025-04-23T02:07:00Z,5 mins,bad,113.0
87,True,False,TORONTO,SARNIA,2025-04-22,11,Sarnia,SARN,2025-04-23T04:17:08Z,2025-04-23T02:24:00Z,22 mins,bad,113.0
98,True,True,NIAGARA FALLS,TORONTO,2025-04-22,0,Niagara Falls,NIAG,2025-04-22T21:45:00Z,2025-04-22T21:45:00Z,ARR,goo,0.0
98,True,True,NIAGARA FALLS,TORONTO,2025-04-22,1,St. Catharines,SCAT,2025-04-22T22:06:00Z,2025-04-22T22:06:00Z,ARR,goo,0.0
98,True,True,NIAGARA FALLS,TORONTO,2025-04-22,2,Grimsby,GRIM,2025-04-22T22:29:00Z,2025-04-22T22:26:00Z,ARR,goo,3.0
98,True,True,NIAGARA FALLS,TORONTO,2025-04-22,3,Aldershot,ALDR,2025-04-22T23:09:00Z,2025-04-22T23:02:00Z,ARR,med,7.0
98,True,True,NIAGARA FALLS,TORONTO,2025-04-22,4,Oakville,OAKV,2025-04-22T23:37:00Z,2025-04-22T23:16:00Z,ARR,bad,21.0
98,True,True,NIAGARA FALLS,TORONTO,2025-04-22,5,Toronto,TRTO,2025-04-23T00:04:00Z,2025-04-22T23:43:00Z,ARR,bad,21.0
29,True,True,QUÉBEC,MONTRÉAL,2025-04-22,0,Québec,QBEC,2025-04-22T21:41:00Z,2025-04-22T21:41:00Z,ARR,goo,0.0
29,True,True,QUÉBEC,MONTRÉAL,2025-04-22,1,Ste-Foy,SFOY,2025-04-22T22:07:16Z,2025-04-22T22:06:00Z,ARR,goo,1.0
29,True,True,QUÉBEC,MONTRÉAL,2025-04-22,2,Drummondville,DRMV,2025-04-22T23:58:37Z,2025-04-22T23:42:00Z,ARR,bad,16.0
29,True,True,QUÉBEC,MONTRÉAL,2025-04-22,3,St. Hyacinthe,SHYA,2025-04-23T00:34:10Z,2025-04-23T00:18:00Z,ARR,bad,16.0
29,True,True,QUÉBEC,MONTRÉAL,2025-04-22,4,St. Lambert,SLAM,2025-04-23T01:09:17Z,2025-04-23T00:45:00Z,ARR,bad,24.0
29,True,True,QUÉBEC,MONTRÉAL,2025-04-22,5,Montréal,MTRL,2025-04-23T01:24:42Z,2025-04-23T01:00:00Z,ARR,bad,24.0
668,True,True,TORONTO,MONTRÉAL,2025-04-22,0,Toronto,TRTO,2025-04-22T22:07:00Z,2025-04-22T22:07:00Z,ARR,goo,0.0
668,True,True,TORONTO,MONTRÉAL,2025-04-22,1,Guildwood,GUIL,2025-04-22T22:26:34Z,2025-04-22T22:25:00Z,ARR,goo,1.0
668,True,True,TORONTO,MONTRÉAL,2025-04-22,2,Oshawa,OSHA,2025-04-22T22:51:14Z,2025-04-22T22:39:00Z,ARR,med,12.0
668,True,True,TORONTO,MONTRÉAL,2025-04-22,3,Kingston,KGON,2025-04-23T00:43:07Z,2025-04-23T00:22:00Z,ARR,bad,21.0
668,True,True,TORONTO,MONTRÉAL,2025-04-22,4,Cornwall,CWLL,2025-04-23T02:08:26Z,2025-04-23T01:49:00Z,ARR,bad,19.0
668,True,True,TORONTO,MONTRÉAL,2025-04-22,5,Dorval,DORV,2025-04-23T02:59:54Z,2025-04-23T02:38:00Z,ARR,bad,21.0
668,True,True,TORONTO,MONTRÉAL,2025-04-22,6,Montréal,MTRL,2025-04-23T03:24:26Z,2025-04-23T03:04:00Z,ARR,bad,20.0
59,True,True,OTTAWA,TORONTO,2025-04-22,0,Ottawa,OTTW,2025-04-22T22:03:00Z,2025-04-22T22:03:00Z,ARR,goo,0.0
59,True,True,OTTAWA,TORONTO,2025-04-22,1,Fallowfield,FALL,2025-04-22T22:19:37Z,2025-04-22T22:20:00Z,ARR,goo,0.0
59,True,True,OTTAWA,TORONTO,2025-04-22,2,Smiths Falls,SMTF,2025-04-22T22:48:16Z,2025-04-22T22:51:00Z,ARR,goo,-2.0
59,True,True,OTTAWA,TORONTO,2025-04-22,3,Brockville,BRKV,2025-04-22T23:26:53Z,2025-04-22T23:25:00Z,ARR,goo,1.0
59,True,True,OTTAWA,TORONTO,2025-04-22,4,Kingston,KGON,2025-04-23T00:07:02Z,2025-04-23T00:10:00Z,ARR,goo,-2.0
59,True,True,OTTAWA,TORONTO,2025-04-22,5,Belleville,BLVL,2025-04-23T00:48:26Z,2025-04-23T00:51:00Z,ARR,goo,-2.0
59,True,True,OTTAWA,TORONTO,2025-04-22,6,Trenton Jct.,TRNJ,2025-04-23T01:03:13Z,2025-04-23T01:05:00Z,ARR,goo,-1.0
59,True,True,OTTAWA,TORONTO,2025-04-22,7,Cobourg,CBRG,2025-04-23T01:30:37Z,2025-04-23T01:31:00Z,ARR,goo,0.0
59,True,True,OTTAWA,TORONTO,2025-04-22,8,Oshawa,OSHA,2025-04-23T02:04:00Z,2025-04-23T02:05:00Z,ARR,goo,-1.0
59,True,True,OTTAWA,TORONTO,2025-04-22,9,Guildwood,GUIL,2025-04-23T02:29:07Z,2025-04-23T02:28:00Z,ARR,goo,1.0
59,True,True,OTTAWA,TORONTO,2025-04-22,10,Toronto,TRTO,2025-04-23T02:50:54Z,2025-04-23T02:48:00Z,ARR,goo,2.0
78,True,True,WINDSOR,TORONTO,2025-04-22,0,Windsor,WDON,2025-04-22T21:40:00Z,2025-04-22T21:40:00Z,ARR,goo,0.0
78,True,True,WINDSOR,TORONTO,2025-04-22,1,Chatham,CHAT,2025-04-22T22:27:26Z,2025-04-22T22:24:00Z,ARR,goo,3.0
78,True,True,WINDSOR,TORONTO,2025-04-22,2,Glencoe,GLNC,2025-04-22T23:09:56Z,2025-04-22T22:59:00Z,ARR,med,10.0
78,True,True,WINDSOR,TORONTO,2025-04-22,3,London,LNDN,2025-04-22T23:40:08Z,2025-04-22T23:32:00Z,ARR,med,8.0
78,True,True,WINDSOR,TORONTO,2025-04-22,4,Ingersoll,INGR,2025-04-23T00:06:11Z,2025-04-22T23:57:00Z,ARR,med,9.0
78,True,True,WINDSOR,TORONTO,2025-04-22,5,Woodstock,WDST,2025-04-23T00:17:37Z,2025-04-23T00:08:00Z,ARR,med,9.0
78,True,True,WINDSOR,TORONTO,2025-04-22,6,Brantford,BRTF,2025-04-23T00:46:26Z,2025-04-23T00:39:00Z,ARR,med,7.0
78,True,True,WINDSOR,TORONTO,2025-04-22,7,Aldershot,ALDR,2025-04-23T01:19:35Z,2025-04-23T01:09:00Z,ARR,med,10.0
78,True,True,WINDSOR,TORONTO,2025-04-22,8,Oakville,OAKV,2025-04-23T01:35:21Z,2025-04-23T01:24:00Z,ARR,med,11.0
78,True,True,WINDSOR,TORONTO,2025-04-22,9,Toronto,TRTO,2025-04-23T02:11:13Z,2025-04-23T01:50:00Z,ARR,bad,21.0
38,True,True,OTTAWA,MONTRÉAL,2025-04-22,0,Ottawa,OTTW,2025-04-22T21:55:00Z,2025-04-22T21:55:00Z,ARR,goo,0.0
38,True,True,OTTAWA,MONTRÉAL,2025-04-22,1,Casselman,CSLM,2025-04-22T22:20:50Z,2025-04-22T22:26:00Z,ARR,goo,-5.0
38,True,True,OTTAWA,MONTRÉAL,2025-04-22,2,Alexandria,ALEX,2025-04-22T22:54:35Z,2025-04-22T22:49:00Z,ARR,med,5.0
38,True,True,OTTAWA,MONTRÉAL,2025-04-22,3,Dorval,DORV,2025-04-22T23:45:22Z,2025-04-22T23:33:00Z,ARR,med,12.0
38,True,True,OTTAWA,MONTRÉAL,2025-04-22,4,Montréal,MTRL,2025-04-23T00:11:35Z,2025-04-22T23:57:00Z,ARR,med,14.0
669,True,False,MONTRÉAL,TORONTO,2025-04-22,0,Montréal,MTRL,2025-04-22T22:12:00Z,2025-04-22T22:09:00Z,ARR,goo,3.0
669,True,False,MONTRÉAL,TORONTO,2025-04-22,1,Dorval,DORV,2025-04-22T22:34:46Z,2025-04-22T22:34:00Z,ARR,goo,0.0
669,True,False,MONTRÉAL,TORONTO,2025-04-22,2,Cornwall,CWLL,2025-04-22T23:32:30Z,2025-04-22T23:26:00Z,ARR,med,6.0
669,True,False,MONTRÉAL,TORONTO,2025-04-22,3,Kingston,KGON,2025-04-23T01:07:49Z,2025-04-23T00:52:00Z,ARR,bad,15.0
669,True,False,MONTRÉAL,TORONTO,2025-04-22,4,Oshawa,OSHA,2025-04-23T03:09:23Z,2025-04-23T02:35:00Z,ARR,bad,34.0
669,True,False,MONTRÉAL,TORONTO,2025-04-22,5,Toronto,TRTO,2025-04-23T03:57:12Z,2025-04-23T03:18:00Z,2 mins,bad,39.0
48,True,True,TORONTO,OTTAWA,2025-04-22,0,Toronto,TRTO,2025-04-22T22:37:57Z,2025-04-22T22:37:00Z,ARR,goo,0.0
48,True,True,TORONTO,OTTAWA,2025-04-22,1,Oshawa,OSHA,2025-04-22T23:16:43Z,2025-04-22T23:08:00Z,ARR,med,8.0
48,True,True,TORONTO,OTTAWA,2025-04-22,2,Port Hope,PHOP,2025-04-22T23:43:50Z,2025-04-22T23:36:00Z,ARR,med,7.0
48,True,True,TORONTO,OTTAWA,2025-04-22,3,Cobourg,CBRG,2025-04-22T23:51:57Z,2025-04-22T23:45:00Z,ARR,med,6.0
48,True,True,TORONTO,OTTAWA,2025-04-22,4,Trenton Jct.,TRNJ,2025-04-23T00:17:46Z,2025-04-23T00:12:01Z,ARR,med,5.0
48,True,True,TORONTO,OTTAWA,2025-04-22,5,Belleville,BLVL,2025-04-23T00:31:31Z,2025-04-23T00:25:00Z,ARR,med,6.0
48,True,True,TORONTO,OTTAWA,2025-04-22,6,Napanee,NAPN,2025-04-23T00:51:14Z,2025-04-23T00:46:00Z,ARR,med,5.0
48,True,True,TORONTO,OTTAWA,2025-04-22,7,Kingston,KGON,2025-04-23T01:07:45Z,2025-04-23T01:06:00Z,ARR,goo,1.0
48,True,True,TORONTO,OTTAWA,2025-04-22,8,Gananoque,GANA,2025-04-23T01:30:05Z,2025-04-23T01:28:00Z,ARR,goo,2.0
48,True,True,TORONTO,OTTAWA,2025-04-22,9,Brockville,BRKV,2025-04-23T01:57:28Z,2025-04-23T01:53:00Z,ARR,goo,4.0
48,True,True,TORONTO,OTTAWA,2025-04-22,10,Smiths Falls,SMTF,2025-04-23T02:27:40Z,2025-04-23T02:24:00Z,ARR,goo,3.0
48,True,True,TORONTO,OTTAWA,2025-04-22,11,Fallowfield,FALL,2025-04-23T02:50:31Z,2025-04-23T02:51:00Z,ARR,goo,0.0
48,True,True,TORONTO,OTTAWA,2025-04-22,12,Ottawa,OTTW,2025-04-23T03:10:51Z,2025-04-23T03:11:00Z,ARR,goo,0.0
79,True,False,TORONTO,WINDSOR,2025-04-22,0,Toronto,TRTO,2025-04-23T00:16:00Z,2025-04-22T23:45:00Z,ARR,bad,31.0
79,True,False,TORONTO,WINDSOR,2025-04-22,1,Oakville,OAKV,2025-04-23T00:45:28Z,2025-04-23T00:07:00Z,ARR,bad,38.0
79,True,False,TORONTO,WINDSOR,2025-04-22,2,Aldershot,ALDR,2025-04-23T01:01:45Z,2025-04-23T00:22:00Z,ARR,bad,39.0
79,True,False,TORONTO,WINDSOR,2025-04-22,3,Brantford,BRTF,2025-04-23T01:34:38Z,2025-04-23T00:50:00Z,ARR,bad,44.0
79,True,False,TORONTO,WINDSOR,2025-04-22,4,Woodstock,WDST,2025-04-23T02:03:19Z,2025-04-23T01:17:00Z,ARR,bad,46.0
79,True,False,TORONTO,WINDSOR,2025-04-22,5,Ingersoll,INGR,2025-04-23T02:14:36Z,2025-04-23T01:30:00Z,ARR,bad,44.0
79,True,False,TORONTO,WINDSOR,2025-04-22,6,London,LNDN,2025-04-23T02:37:13Z,2025-04-23T01:52:00Z,ARR,bad,45.0
79,True,False,TORONTO,WINDSOR,2025-04-22,7,Glencoe,GLNC,2025-04-23T03:11:10Z,2025-04-23T02:25:00Z,ARR,bad,46.0
79,True,False,TORONTO,WINDSOR,2025-04-22,8,Chatham,CHAT,2025-04-23T03:50:11Z,2025-04-23T02:57:00Z,ARR,bad,53.0
79,True,False,TORONTO,WINDSOR,2025-04-22,9,Windsor,WDON,2025-04-23T04:34:46Z,2025-04-23T03:44:00Z,40 mins,bad,50.0
604,True,False,SENNETERRE,MONTRÉAL,2025-04-22,0,Montréal,MTRL,&mdash;,2025-04-22T23:46:00Z,&mdash;,,
690,True,False,CHURCHILL,THE PAS,2025-04-22,0,Churchill,CHUR,2025-04-23T01:30:00Z,2025-04-23T01:30:00Z,ARR,goo,0.0
690,True,False,CHURCHILL,THE PAS,2025-04-22,1,Tidal,TIDL,2025-04-23T01:53:17Z,2025-04-23T01:52:00Z,ARR,goo,1.0
690,True,False,CHURCHILL,THE PAS,2025-04-22,2,Chesnaye,CHES,2025-04-23T02:47:44Z,2025-04-23T02:38:00Z,ARR,med,9.0
690,True,False,CHURCHILL,THE PAS,2025-04-22,3,M'Clintock,MCLI,2025-04-23T04:03:44Z,2025-04-23T03:54:00Z,9 mins,med,9.0
690,True,False,CHURCHILL,THE PAS,2025-04-22,4,O'Day,ODAY,2025-04-23T04:48:44Z,2025-04-23T04:39:00Z,54 mins,med,9.0
690,True,False,CHURCHILL,THE PAS,2025-04-22,5,Herchmer,HERC,2025-04-23T05:27:44Z,2025-04-23T05:18:00Z,1h33,med,9.0
690,True,False,CHURCHILL,THE PAS,2025-04-22,6,Thibaudeau,THIB,2025-04-23T06:53:44Z,2025-04-23T06:44:00Z,2h59,med,9.0
690,True,False,CHURCHILL,THE PAS,2025-04-22,7,Weir River,WEIR,2025-04-23T07:55:44Z,2025-04-23T07:46:00Z,4h01,med,9.0
690,True,False,CHURCHILL,THE PAS,2025-04-22,8,Amery,AMRY,2025-04-23T08:46:44Z,2025-04-23T08:37:00Z,4h52,med,9.0
690,True,False,CHURCHILL,THE PAS,2025-04-22,9,Bird,BIRD,2025-04-23T09:09:44Z,2025-04-23T09:00:00Z,5h15,med,9.0
690,True,False,CHURCHILL,THE PAS,2025-04-22,10,Gillam,GILL,2025-04-23T10:09:44Z,2025-04-23T10:00:00Z,6h15,med,9.0
690,True,False,CHURCHILL,THE PAS,2025-04-22,11,Wivenhoe,WVHO,2025-04-23T11:25:44Z,2025-04-23T11:16:00Z,7h31,med,9.0
690,True,False,CHURCHILL,THE PAS,2025-04-22,12,Ilford,ILFO,2025-04-23T12:02:44Z,2025-04-23T11:53:00Z,8h08,med,9.0
690,True,False,CHURCHILL,THE PAS,2025-04-22,13,Pit Siding,PITS,2025-04-23T13:03:44Z,2025-04-23T12:54:00Z,9h09,med,9.0
690,True,False,CHURCHILL,THE PAS,2025-04-22,14,Bridgar,BRGR,2025-04-23T14:25:44Z,2025-04-23T14:16:00Z,10h31,med,9.0
690,True,False,CHURCHILL,THE PAS,2025-04-22,15,Pikwitonei,PIKW,2025-04-23T14:36:44Z,2025-04-23T14:27:00Z,10h42,med,9.0
690,True,False,CHURCHILL,THE PAS,2025-04-22,16,Sipiwesk,SIPI,2025-04-23T15:03:44Z,2025-04-23T14:54:00Z,11h09,med,9.0
690,True,False,CHURCHILL,THE PAS,2025-04-22,17,Thompson,THOM,2025-04-23T16:39:44Z,2025-04-23T16:30:00Z,12h45,med,9.0
