train_id,departed,arrived,from,to,instance,stop_id,station,code,estimated,scheduled,eta,diff,diffMin
1 (05-21),True,False,TORONTO,VANCOUVER,2025-05-21,0,Toronto,TRTO,2025-05-21T13:55:00Z,2025-05-21T13:55:00Z,ARR,goo,0.0
1 (05-21),True,False,TORONTO,VANCOUVER,2025-05-21,1,Washago,WSHG,2025-05-21T16:48:34Z,2025-05-21T16:25:00Z,ARR,bad,23.0
1 (05-21),True,False,TORONTO,VANCOUVER,2025-05-21,2,South Parry,SPAR,2025-05-21T18:37:04Z,2025-05-21T18:27:00Z,ARR,med,10.0
1 (05-21),True,False,TORONTO,VANCOUVER,2025-05-21,3,Sudbury (Jct.),SUDJ,2025-05-21T21:00:52Z,2025-05-21T20:57:00Z,ARR,goo,3.0
1 (05-21),True,False,TORONTO,VANCOUVER,2025-05-21,4,Capreol,CAPR,2025-05-21T21:42:45Z,2025-05-21T21:22:00Z,ARR,bad,20.0
1 (05-21),True,False,TORONTO,VANCOUVER,2025-05-21,5,Laforest,LAFO,2025-05-21T22:57:41Z,2025-05-21T22:48:00Z,ARR,med,9.0
1 (05-21),True,False,TORONTO,VANCOUVER,2025-05-21,6,McKee's Camp,MCKC,2025-05-21T23:10:41Z,2025-05-21T23:01:00Z,ARR,med,9.0
1 (05-21),True,False,TORONTO,VANCOUVER,2025-05-21,7,Felix,FELX,2025-05-21T23:30:41Z,2025-05-21T23:21:00Z,ARR,med,9.0
1 (05-21),True,False,TORONTO,VANCOUVER,2025-05-21,8,Ruel,RUEL,2025-05-21T23:37:41Z,2025-05-21T23:28:00Z,ARR,med,9.0
1 (05-21),True,False,TORONTO,VANCOUVER,2025-05-21,9,Westree,WSTR,2025-05-21T23:45:51Z,2025-05-21T23:45:00Z,ARR,goo,0.0
1 (05-21),True,False,TORONTO,VANCOUVER,2025-05-21,10,Gogama,GOGA,2025-05-22T00:29:30Z,2025-05-22T00:18:00Z,ARR,med,11.0
1 (05-21),True,False,TORONTO,VANCOUVER,2025-05-21,11,Foleyet,FOLE,2025-05-22T02:01:04Z,2025-05-22T02:44:00Z,ARR,goo,-42.0
1 (05-21),True,False,TORONTO,VANCOUVER,2025-05-21,12,Elsas,ELSA,2025-05-22T03:08:11Z,2025-05-22T03:38:00Z,ARR,goo,-29.0
1 (05-21),True,False,TORONTO,VANCOUVER,2025-05-21,13,Oba,OBAX,2025-05-22T05:38:00Z,2025-05-22T05:38:00Z,ARR,goo,0.0
1 (05-21),True,False,TORONTO,VANCOUVER,2025-05-21,14,Hornepayne,HNPN,2025-05-22T05:53:36Z,2025-05-22T06:29:00Z,ARR,goo,-35.0
1 (05-21),True,False,TORONTO,VANCOUVER,2025-05-21,15,Hillsport,HLSP,2025-05-22T08:14:45Z,2025-05-22T08:05:00Z,ARR,med,9.0
1 (05-21),True,False,TORONTO,VANCOUVER,2025-05-21,16,Caramat,CARA,2025-05-22T09:13:43Z,2025-05-22T08:55:00Z,ARR,bad,18.0
1 (05-21),True,False,TORONTO,VANCOUVER,2025-05-21,17,Longlac,LLAC,2025-05-22T09:51:38Z,2025-05-22T09:34:00Z,ARR,bad,17.0
1 (05-21),True,False,TORONTO,VANCOUVER,2025-05-21,18,Nakina,NAKI,2025-05-22T10:30:14Z,2025-05-22T10:13:00Z,ARR,bad,17.0
1 (05-21),True,False,TORONTO,VANCOUVER,2025-05-21,19,Auden,AUDN,2025-05-22T11:37:48Z,2025-05-22T11:19:00Z,ARR,bad,18.0
1 (05-21),True,False,TORONTO,VANCOUVER,2025-05-21,20,Ferland,FERL,2025-05-22T12:14:48Z,2025-05-22T11:56:00Z,ARR,bad,18.0
1 (05-21),True,False,TORONTO,VANCOUVER,2025-05-21,21,Mud River,MUDR,2025-05-22T12:23:48Z,2025-05-22T12:05:00Z,ARR,bad,18.0
1 (05-21),True,False,TORONTO,VANCOUVER,2025-05-21,22,Armstrong,ARMG,2025-05-22T13:01:30Z,2025-05-22T13:17:00Z,ARR,goo,-15.0
1 (05-21),True,False,TORONTO,VANCOUVER,2025-05-21,23,Collins,COLL,2025-05-22T13:42:05Z,2025-05-22T13:47:00Z,ARR,goo,-4.0
1 (05-21),True,False,TORONTO,VANCOUVER,2025-05-21,24,Allanwater Bridge,ALWB,2025-05-22T14:26:00Z,2025-05-22T14:26:00Z,ARR,goo,0.0
1 (05-21),True,False,TORONTO,VANCOUVER,2025-05-21,25,Flindt Landing,FLTL,2025-05-22T14:42:00Z,2025-05-22T14:42:00Z,ARR,goo,0.0
1 (05-21),True,False,TORONTO,VANCOUVER,2025-05-21,26,Savant Lake,SAVL,2025-05-22T14:59:00Z,2025-05-22T14:59:00Z,ARR,goo,0.0
1 (05-21),True,False,TORONTO,VANCOUVER,2025-05-21,27,Sioux Lookout,SLKT,2025-05-22T16:57:02Z,2025-05-22T16:25:00Z,ARR,bad,32.0
1 (05-21),True,False,TORONTO,VANCOUVER,2025-05-21,28,Richan,RCHN,2025-05-22T18:37:59Z,2025-05-22T18:05:00Z,ARR,bad,32.0
1 (05-21),True,False,TORONTO,VANCOUVER,2025-05-21,29,Red Lake Road,RLRX,2025-05-22T19:31:44Z,2025-05-22T18:41:00Z,ARR,bad,50.0
1 (05-21),True,False,TORONTO,VANCOUVER,2025-05-21,30,Canyon,CNYK,2025-05-22T20:06:45Z,2025-05-22T19:10:00Z,ARR,bad,56.0
1 (05-21),True,False,TORONTO,VANCOUVER,2025-05-21,31,Farlane,FARL,2025-05-22T20:38:21Z,2025-05-22T19:47:00Z,ARR,bad,51.0
1 (05-21),True,False,TORONTO,VANCOUVER,2025-05-21,32,Redditt,RDDT,2025-05-22T20:51:21Z,2025-05-22T20:23:00Z,ARR,bad,28.0
1 (05-21),True,False,TORONTO,VANCOUVER,2025-05-21,33,Minaki,MNKI,2025-05-22T21:35:03Z,2025-05-22T20:44:00Z,ARR,bad,51.0
1 (05-21),True,False,TORONTO,VANCOUVER,2025-05-21,34,Ottermere,OTTM,2025-05-22T21:50:41Z,2025-05-22T21:01:00Z,ARR,bad,49.0
1 (05-21),True,False,TORONTO,VANCOUVER,2025-05-21,35,Malachi,MLCH,2025-05-22T21:55:42Z,2025-05-22T21:07:00Z,ARR,bad,48.0
1 (05-21),True,False,TORONTO,VANCOUVER,2025-05-21,36,Copelands Landing,COPE,2025-05-22T21:54:36Z,2025-05-22T21:09:00Z,ARR,bad,45.0
1 (05-21),True,False,TORONTO,VANCOUVER,2025-05-21,37,Rice Lake,RCLK,2025-05-22T22:03:20Z,2025-05-22T21:12:00Z,ARR,bad,51.0
1 (05-21),True,False,TORONTO,VANCOUVER,2025-05-21,38,Winnitoba,WNTB,2025-05-22T22:14:09Z,2025-05-22T21:26:00Z,ARR,bad,48.0
1 (05-21),True,False,TORONTO,VANCOUVER,2025-05-21,39,Ophir,OPHR,2025-05-22T22:12:14Z,2025-05-22T21:31:00Z,ARR,bad,41.0
1 (05-21),True,False,TORONTO,VANCOUVER,2025-05-21,40,Brereton Lake,BRTL,2025-05-22T22:36:08Z,2025-05-22T21:49:00Z,ARR,bad,47.0
1 (05-21),True,False,TORONTO,VANCOUVER,2025-05-21,41,Elma,ELMA,2025-05-22T22:53:22Z,2025-05-22T22:10:00Z,ARR,bad,43.0
1 (05-21),True,False,TORONTO,VANCOUVER,2025-05-21,42,Winnipeg,WNPG,2025-05-23T00:00:53Z,2025-05-23T00:30:00Z,ARR,goo,-29.0
1 (05-21),True,False,TORONTO,VANCOUVER,2025-05-21,43,Portage La Prairie,PLPX,2025-05-23T04:15:46Z,2025-05-23T04:04:00Z,ARR,med,11.0
1 (05-21),True,False,TORONTO,VANCOUVER,2025-05-21,44,Rivers,RVRS,2025-05-23T07:24:42Z,2025-05-23T06:31:00Z,ARR,bad,53.0
1 (05-21),True,False,TORONTO,VANCOUVER,2025-05-21,45,Melville,MELV,2025-05-23T11:03:37Z,2025-05-23T10:54:00Z,ARR,med,9.0
1 (05-21),True,False,TORONTO,VANCOUVER,2025-05-21,46,Watrous,WATR,2025-05-23T15:28:29Z,2025-05-23T13:54:00Z,ARR,bad,94.0
1 (05-21),True,False,TORONTO,VANCOUVER,2025-05-21,47,Saskatoon,SASK,2025-05-23T17:27:07Z,2025-05-23T15:50:00Z,ARR,bad,97.0
1 (05-21),True,False,TORONTO,VANCOUVER,2025-05-21,48,Biggar,BIGG,2025-05-23T21:07:23Z,2025-05-23T18:29:00Z,ARR,bad,158.0
1 (05-21),True,False,TORONTO,VANCOUVER,2025-05-21,49,Unity,UNIT,2025-05-23T22:45:29Z,2025-05-23T19:44:00Z,ARR,bad,181.0
1 (05-21),True,False,TORONTO,VANCOUVER,2025-05-21,50,Wainwright,WAIN,2025-05-24T00:50:47Z,2025-05-23T22:33:00Z,ARR,bad,137.0
1 (05-21),True,False,TORONTO,VANCOUVER,2025-05-21,51,Viking,VKNG,2025-05-24T02:08:34Z,2025-05-23T23:26:00Z,ARR,bad,162.0
1 (05-21),True,False,TORONTO,VANCOUVER,2025-05-21,52,Edmonton,EDMO,2025-05-24T04:29:36Z,2025-05-24T02:50:00Z,ARR,bad,99.0
1 (05-21),True,False,TORONTO,VANCOUVER,2025-05-21,53,Evansburg,EVAN,2025-05-24T07:22:12Z,2025-05-24T07:29:00Z,ARR,goo,-6.0
1 (05-21),True,False,TORONTO,VANCOUVER,2025-05-21,54,Edson,EDSN,2025-05-24T08:58:48Z,2025-05-24T08:52:00Z,ARR,med,6.0
1 (05-21),True,False,TORONTO,VANCOUVER,2025-05-21,55,Hinton,HINT,2025-05-24T10:24:33Z,2025-05-24T09:58:00Z,ARR,bad,26.0
1 (05-21),True,False,TORONTO,VANCOUVER,2025-05-21,56,Jasper,JASP,2025-05-24T11:45:17Z,2025-05-24T12:30:00Z,ARR,goo,-44.0
1 (05-21),True,False,TORONTO,VANCOUVER,2025-05-21,57,Valemount,VLMT,2025-05-24T18:04:49Z,2025-05-24T17:50:00Z,ARR,med,14.0
1 (05-21),True,False,TORONTO,VANCOUVER,2025-05-21,58,Blue River,BLUE,2025-05-24T19:55:26Z,2025-05-24T20:36:00Z,ARR,goo,-40.0
1 (05-21),True,False,TORONTO,VANCOUVER,2025-05-21,59,Clearwater,CLWT,2025-05-24T22:19:55Z,2025-05-24T22:45:00Z,ARR,goo,-25.0
1 (05-21),True,False,TORONTO,VANCOUVER,2025-05-21,60,Kamloops North,KAMN,2025-05-25T00:25:26Z,2025-05-25T01:28:00Z,ARR,goo,-62.0
1 (05-21),True,False,TORONTO,VANCOUVER,2025-05-21,61,Ashcroft,ASHN,2025-05-25T03:27:42Z,2025-05-25T03:49:00Z,ARR,goo,-21.0
1 (05-21),True,False,TORONTO,VANCOUVER,2025-05-21,62,Boston Bar,BBAR,2025-05-25T06:14:59Z,2025-05-25T06:36:00Z,2h17,goo,-21.0
1 (05-21),True,False,TORONTO,VANCOUVER,2025-05-21,63,Hope,HOPE,2025-05-25T08:06:00Z,2025-05-25T08:06:00Z,4h08,goo,0.0
1 (05-21),True,False,TORONTO,VANCOUVER,2025-05-21,64,Chilliwack,CHIL,&mdash;,2025-05-25T08:30:00Z,&mdash;,,
1 (05-21),True,False,TORONTO,VANCOUVER,2025-05-21,65,Abbotsford,ABBO,&mdash;,2025-05-25T09:00:00Z,&mdash;,,
1 (05-21),True,False,TORONTO,VANCOUVER,2025-05-21,66,Vancouver,VCVR,&mdash;,2025-05-25T15:00:00Z,&mdash;,,
692 (05-22),True,True,CHURCHILL,WINNIPEG,2025-05-22,0,Churchill,CHUR,2025-05-23T01:30:35Z,2025-05-23T01:30:00Z,ARR,goo,0.0
692 (05-22),True,True,CHURCHILL,WINNIPEG,2025-05-22,1,Tidal,TIDL,2025-05-23T01:58:11Z,2025-05-23T01:52:00Z,ARR,med,6.0
692 (05-22),True,True,CHURCHILL,WINNIPEG,2025-05-22,2,Chesnaye,CHES,2025-05-23T03:00:39Z,2025-05-23T02:38:00Z,ARR,bad,22.0
692 (05-22),True,True,CHURCHILL,WINNIPEG,2025-05-22,3,M'Clintock,MCLI,2025-05-23T04:16:39Z,2025-05-23T03:54:00Z,ARR,bad,22.0
692 (05-22),True,True,CHURCHILL,WINNIPEG,2025-05-22,4,O'Day,ODAY,2025-05-23T05:01:39Z,2025-05-23T04:39:00Z,ARR,bad,22.0
692 (05-22),True,True,CHURCHILL,WINNIPEG,2025-05-22,5,Herchmer,HERC,2025-05-23T05:40:39Z,2025-05-23T05:18:00Z,ARR,bad,22.0
692 (05-22),True,True,CHURCHILL,WINNIPEG,2025-05-22,6,Thibaudeau,THIB,2025-05-23T07:06:39Z,2025-05-23T06:44:00Z,ARR,bad,22.0
692 (05-22),True,True,CHURCHILL,WINNIPEG,2025-05-22,7,Weir River,WEIR,2025-05-23T07:34:35Z,2025-05-23T07:46:00Z,ARR,goo,-11.0
692 (05-22),True,True,CHURCHILL,WINNIPEG,2025-05-22,8,Amery,AMRY,2025-05-23T08:10:54Z,2025-05-23T08:37:00Z,ARR,goo,-26.0
692 (05-22),True,True,CHURCHILL,WINNIPEG,2025-05-22,9,Bird,BIRD,2025-05-23T08:45:00Z,2025-05-23T09:00:00Z,ARR,goo,-15.0
692 (05-22),True,True,CHURCHILL,WINNIPEG,2025-05-22,10,Gillam,GILL,2025-05-23T09:30:54Z,2025-05-23T10:00:00Z,ARR,goo,-29.0
692 (05-22),True,True,CHURCHILL,WINNIPEG,2025-05-22,11,Wivenhoe,WVHO,2025-05-23T11:17:40Z,2025-05-23T11:16:00Z,ARR,goo,1.0
692 (05-22),True,True,CHURCHILL,WINNIPEG,2025-05-22,12,Ilford,ILFO,2025-05-23T12:07:53Z,2025-05-23T11:53:00Z,ARR,med,14.0
692 (05-22),True,True,CHURCHILL,WINNIPEG,2025-05-22,13,Pit Siding,PITS,2025-05-23T13:13:35Z,2025-05-23T12:54:00Z,ARR,bad,19.0
692 (05-22),True,True,CHURCHILL,WINNIPEG,2025-05-22,14,Bridgar,BRGR,2025-05-23T14:35:35Z,2025-05-23T14:16:00Z,ARR,bad,19.0
692 (05-22),True,True,CHURCHILL,WINNIPEG,2025-05-22,15,Pikwitonei,PIKW,2025-05-23T14:46:35Z,2025-05-23T14:27:00Z,ARR,bad,19.0
692 (05-22),True,True,CHURCHILL,WINNIPEG,2025-05-22,16,Sipiwesk,SIPI,2025-05-23T15:24:12Z,2025-05-23T14:54:00Z,ARR,bad,30.0
692 (05-22),True,True,CHURCHILL,WINNIPEG,2025-05-22,17,Thompson,THOM,2025-05-23T18:12:47Z,2025-05-23T16:30:00Z,ARR,bad,102.0
692 (05-22),True,True,CHURCHILL,WINNIPEG,2025-05-22,18,Leven,LEVN,2025-05-23T21:00:20Z,2025-05-23T21:05:00Z,ARR,goo,-4.0
692 (05-22),True,True,CHURCHILL,WINNIPEG,2025-05-22,19,Thicket Portage,THKP,2025-05-23T21:07:44Z,2025-05-23T21:22:00Z,ARR,goo,-14.0
692 (05-22),True,True,CHURCHILL,WINNIPEG,2025-05-22,20,Hockin,HOCK,2025-05-23T21:34:33Z,2025-05-23T21:37:00Z,ARR,goo,-2.0
692 (05-22),True,True,CHURCHILL,WINNIPEG,2025-05-22,21,Odhill,ODHI,2025-05-23T22:12:17Z,2025-05-23T22:21:00Z,ARR,goo,-8.0
692 (05-22),True,True,CHURCHILL,WINNIPEG,2025-05-22,22,Lyddal,LYDD,2025-05-23T22:31:31Z,2025-05-23T22:43:00Z,ARR,goo,-11.0
692 (05-22),True,True,CHURCHILL,WINNIPEG,2025-05-22,23,Wabowden,WBDN,2025-05-23T22:55:16Z,2025-05-23T23:11:00Z,ARR,goo,-15.0
692 (05-22),True,True,CHURCHILL,WINNIPEG,2025-05-22,24,Pipun,PIPN,2025-05-23T23:17:40Z,2025-05-23T23:34:00Z,ARR,goo,-16.0
692 (05-22),True,True,CHURCHILL,WINNIPEG,2025-05-22,25,Ponton,PNTN,2025-05-24T00:04:33Z,2025-05-24T00:17:00Z,ARR,goo,-12.0
692 (05-22),True,True,CHURCHILL,WINNIPEG,2025-05-22,26,Turnbull,TURN,2025-05-24T00:32:41Z,2025-05-24T00:49:00Z,ARR,goo,-16.0
692 (05-22),True,True,CHURCHILL,WINNIPEG,2025-05-22,27,Wekusko,WEKU,2025-05-24T01:01:09Z,2025-05-24T01:16:00Z,ARR,goo,-14.0
692 (05-22),True,True,CHURCHILL,WINNIPEG,2025-05-22,28,Dyce,DYCE,2025-05-24T01:44:26Z,2025-05-24T02:00:00Z,ARR,goo,-15.0
692 (05-22),True,True,CHURCHILL,WINNIPEG,2025-05-22,29,Dering,DERI,2025-05-24T02:15:31Z,2025-05-24T02:39:00Z,ARR,goo,-23.0
692 (05-22),True,True,CHURCHILL,WINNIPEG,2025-05-22,30,Cormorant,CORM,2025-05-24T02:47:00Z,2025-05-24T02:47:00Z,ARR,goo,0.0
692 (05-22),True,True,CHURCHILL,WINNIPEG,2025-05-22,31,Halcrow,HALC,2025-05-24T02:58:00Z,2025-05-24T02:58:00Z,ARR,goo,0.0
692 (05-22),True,True,CHURCHILL,WINNIPEG,2025-05-22,32,Orok,OROK,2025-05-24T03:18:34Z,2025-05-24T03:52:00Z,ARR,goo,-33.0
692 (05-22),True,True,CHURCHILL,WINNIPEG,2025-05-22,33,The Pas,TPAS,2025-05-24T03:53:50Z,2025-05-24T04:30:00Z,ARR,goo,-36.0
692 (05-22),True,True,CHURCHILL,WINNIPEG,2025-05-22,34,Hudson Bay,HBAY,2025-05-24T10:30:02Z,2025-05-24T10:27:00Z,ARR,goo,3.0
692 (05-22),True,True,CHURCHILL,WINNIPEG,2025-05-22,35,Reserve,RSRV,2025-05-24T11:26:04Z,2025-05-24T11:09:00Z,ARR,bad,17.0
692 (05-22),True,True,CHURCHILL,WINNIPEG,2025-05-22,36,Endeavour,ENDV,2025-05-24T12:14:38Z,2025-05-24T11:55:00Z,ARR,bad,19.0
692 (05-22),True,True,CHURCHILL,WINNIPEG,2025-05-22,37,Sturgis,STGS,2025-05-24T12:45:22Z,2025-05-24T12:24:00Z,ARR,bad,21.0
692 (05-22),True,True,CHURCHILL,WINNIPEG,2025-05-22,38,Canora,CANO,2025-05-24T13:29:38Z,2025-05-24T13:08:00Z,ARR,bad,21.0
692 (05-22),True,True,CHURCHILL,WINNIPEG,2025-05-22,39,Mikado,MIKA,2025-05-24T13:46:58Z,2025-05-24T13:30:00Z,ARR,bad,16.0
692 (05-22),True,True,CHURCHILL,WINNIPEG,2025-05-22,40,Veregin,VERE,2025-05-24T13:58:27Z,2025-05-24T13:43:00Z,ARR,bad,15.0
692 (05-22),True,True,CHURCHILL,WINNIPEG,2025-05-22,41,Kamsack,KAMS,2025-05-24T14:09:10Z,2025-05-24T13:58:00Z,ARR,med,11.0
692 (05-22),True,True,CHURCHILL,WINNIPEG,2025-05-22,42,Togo,TOGO,2025-05-24T14:42:35Z,2025-05-24T14:37:00Z,ARR,med,5.0
692 (05-22),True,True,CHURCHILL,WINNIPEG,2025-05-22,43,Roblin,RBLN,2025-05-24T15:08:09Z,2025-05-24T15:14:00Z,ARR,goo,-5.0
692 (05-22),True,True,CHURCHILL,WINNIPEG,2025-05-22,44,Grandview,GVIE,2025-05-24T16:12:09Z,2025-05-24T16:12:00Z,ARR,goo,0.0
692 (05-22),True,True,CHURCHILL,WINNIPEG,2025-05-22,45,Gilbert Plains,GLBP,2025-05-24T16:30:24Z,2025-05-24T16:32:00Z,ARR,goo,-1.0
692 (05-22),True,True,CHURCHILL,WINNIPEG,2025-05-22,46,Dauphin,DAUP,2025-05-24T17:38:40Z,2025-05-24T16:56:00Z,ARR,bad,42.0
692 (05-22),True,True,CHURCHILL,WINNIPEG,2025-05-22,47,Ochre River,OCHR,2025-05-24T18:09:46Z,2025-05-24T17:20:00Z,ARR,bad,49.0
692 (05-22),True,True,CHURCHILL,WINNIPEG,2025-05-22,48,Laurier,LRIE,2025-05-24T18:25:59Z,2025-05-24T17:38:00Z,ARR,bad,47.0
692 (05-22),True,True,CHURCHILL,WINNIPEG,2025-05-22,49,Mccreary,MCCR,2025-05-24T18:42:04Z,2025-05-24T17:54:00Z,ARR,bad,48.0
692 (05-22),True,True,CHURCHILL,WINNIPEG,2025-05-22,50,Glenella,GLNA,2025-05-24T19:24:48Z,2025-05-24T18:34:00Z,ARR,bad,50.0
692 (05-22),True,True,CHURCHILL,WINNIPEG,2025-05-22,51,Plumas,PLUM,2025-05-24T19:50:51Z,2025-05-24T19:06:00Z,ARR,bad,44.0
692 (05-22),True,True,CHURCHILL,WINNIPEG,2025-05-22,52,Gladstone,GSTO,2025-05-24T20:19:37Z,2025-05-24T19:51:00Z,ARR,bad,28.0
692 (05-22),True,True,CHURCHILL,WINNIPEG,2025-05-22,53,Portage La Prairie,PLPX,2025-05-24T21:01:45Z,2025-05-24T20:37:00Z,ARR,bad,24.0
692 (05-22),True,True,CHURCHILL,WINNIPEG,2025-05-22,54,Winnipeg,WNPG,2025-05-24T22:05:45Z,2025-05-24T21:45:00Z,ARR,bad,20.0
2 (05-23),True,False,VANCOUVER,TORONTO,2025-05-23,0,Vancouver,VCVR,2025-05-23T22:00:11Z,2025-05-23T22:00:00Z,ARR,goo,0.0
2 (05-23),True,False,VANCOUVER,TORONTO,2025-05-23,1,Mission Harbour,MSNH,2025-05-24T00:10:31Z,2025-05-23T23:35:00Z,ARR,bad,35.0
2 (05-23),True,False,VANCOUVER,TORONTO,2025-05-23,2,Agassiz,AGAS,2025-05-24T01:10:59Z,2025-05-24T00:03:00Z,ARR,bad,67.0
2 (05-23),True,False,VANCOUVER,TORONTO,2025-05-23,3,Katz,KATZ,2025-05-24T01:35:38Z,2025-05-24T00:17:00Z,ARR,bad,78.0
2 (05-23),True,False,VANCOUVER,TORONTO,2025-05-23,4,North Bend,NBND,2025-05-24T03:34:07Z,2025-05-24T02:46:00Z,ARR,bad,48.0
2 (05-23),True,False,VANCOUVER,TORONTO,2025-05-23,5,Ashcroft,ASHN,2025-05-24T06:40:11Z,2025-05-24T05:32:00Z,ARR,bad,68.0
2 (05-23),True,False,VANCOUVER,TORONTO,2025-05-23,6,Kamloops North,KAMN,2025-05-24T08:24:42Z,2025-05-24T07:17:00Z,ARR,bad,67.0
2 (05-23),True,False,VANCOUVER,TORONTO,2025-05-23,7,Clearwater,CLWT,2025-05-24T10:55:41Z,2025-05-24T09:58:00Z,ARR,bad,57.0
2 (05-23),True,False,VANCOUVER,TORONTO,2025-05-23,8,Blue River,BLUE,2025-05-24T12:54:41Z,2025-05-24T12:11:00Z,ARR,bad,43.0
2 (05-23),True,False,VANCOUVER,TORONTO,2025-05-23,9,Valemount,VLMT,2025-05-24T14:56:18Z,2025-05-24T14:01:00Z,ARR,bad,55.0
2 (05-23),True,False,VANCOUVER,TORONTO,2025-05-23,10,Jasper,JASP,2025-05-24T17:46:51Z,2025-05-24T17:00:00Z,ARR,bad,46.0
2 (05-23),True,False,VANCOUVER,TORONTO,2025-05-23,11,Hinton,HINT,2025-05-24T20:52:24Z,2025-05-24T19:45:00Z,ARR,bad,67.0
2 (05-23),True,False,VANCOUVER,TORONTO,2025-05-23,12,Edson,EDSN,2025-05-24T22:40:19Z,2025-05-24T21:19:00Z,ARR,bad,81.0
2 (05-23),True,False,VANCOUVER,TORONTO,2025-05-23,13,Evansburg,EVAN,2025-05-24T23:46:32Z,2025-05-24T22:28:00Z,ARR,bad,78.0
2 (05-23),True,False,VANCOUVER,TORONTO,2025-05-23,14,Edmonton,EDMO,2025-05-25T01:28:07Z,2025-05-25T00:50:00Z,ARR,bad,38.0
2 (05-23),True,False,VANCOUVER,TORONTO,2025-05-23,15,Viking,VKNG,2025-05-25T05:08:46Z,2025-05-25T03:53:00Z,1h11,bad,75.0
2 (05-23),True,False,VANCOUVER,TORONTO,2025-05-23,16,Wainwright,WAIN,2025-05-25T07:29:46Z,2025-05-25T06:14:00Z,3h32,bad,75.0
2 (05-23),True,False,VANCOUVER,TORONTO,2025-05-23,17,Unity,UNIT,&mdash;,2025-05-25T07:47:00Z,&mdash;,,
2 (05-23),True,False,VANCOUVER,TORONTO,2025-05-23,18,Biggar,BIGG,&mdash;,2025-05-25T09:21:00Z,&mdash;,,
2 (05-23),True,False,VANCOUVER,TORONTO,2025-05-23,19,Saskatoon,SASK,&mdash;,2025-05-25T11:57:00Z,&mdash;,,
2 (05-23),True,False,VANCOUVER,TORONTO,2025-05-23,20,Watrous,WATR,&mdash;,2025-05-25T14:26:00Z,&mdash;,,
692 (05-24),True,False,CHURCHILL,WINNIPEG,2025-05-24,0,Churchill,CHUR,2025-05-25T01:30:00Z,2025-05-25T01:30:00Z,ARR,goo,0.0
692 (05-24),True,False,CHURCHILL,WINNIPEG,2025-05-24,1,Tidal,TIDL,2025-05-25T01:53:28Z,2025-05-25T01:52:00Z,ARR,goo,1.0
692 (05-24),True,False,CHURCHILL,WINNIPEG,2025-05-24,2,Chesnaye,CHES,2025-05-25T02:47:33Z,2025-05-25T02:38:00Z,ARR,med,9.0
692 (05-24),True,False,CHURCHILL,WINNIPEG,2025-05-24,3,M'Clintock,MCLI,2025-05-25T04:03:33Z,2025-05-25T03:54:00Z,6 mins,med,9.0
692 (05-24),True,False,CHURCHILL,WINNIPEG,2025-05-24,4,O'Day,ODAY,2025-05-25T04:48:33Z,2025-05-25T04:39:00Z,51 mins,med,9.0
692 (05-24),True,False,CHURCHILL,WINNIPEG,2025-05-24,5,Herchmer,HERC,2025-05-25T05:27:33Z,2025-05-25T05:18:00Z,1h30,med,9.0
692 (05-24),True,False,CHURCHILL,WINNIPEG,2025-05-24,6,Thibaudeau,THIB,2025-05-25T06:53:33Z,2025-05-25T06:44:00Z,2h56,med,9.0
692 (05-24),True,False,CHURCHILL,WINNIPEG,2025-05-24,7,Weir River,WEIR,2025-05-25T07:55:33Z,2025-05-25T07:46:00Z,3h58,med,9.0
692 (05-24),True,False,CHURCHILL,WINNIPEG,2025-05-24,8,Amery,AMRY,2025-05-25T08:46:33Z,2025-05-25T08:37:00Z,4h49,med,9.0
692 (05-24),True,False,CHURCHILL,WINNIPEG,2025-05-24,9,Bird,BIRD,2025-05-25T09:09:33Z,2025-05-25T09:00:00Z,5h12,med,9.0
692 (05-24),True,False,CHURCHILL,WINNIPEG,2025-05-24,10,Gillam,GILL,2025-05-25T10:09:33Z,2025-05-25T10:00:00Z,6h12,med,9.0
692 (05-24),True,False,CHURCHILL,WINNIPEG,2025-05-24,11,Wivenhoe,WVHO,2025-05-25T11:25:33Z,2025-05-25T11:16:00Z,7h28,med,9.0
692 (05-24),True,False,CHURCHILL,WINNIPEG,2025-05-24,12,Ilford,ILFO,2025-05-25T12:02:33Z,2025-05-25T11:53:00Z,8h05,med,9.0
692 (05-24),True,False,CHURCHILL,WINNIPEG,2025-05-24,13,Pit Siding,PITS,2025-05-25T13:03:33Z,2025-05-25T12:54:00Z,9h06,med,9.0
692 (05-24),True,False,CHURCHILL,WINNIPEG,2025-05-24,14,Bridgar,BRGR,2025-05-25T14:25:33Z,2025-05-25T14:16:00Z,10h28,med,9.0
692 (05-24),True,False,CHURCHILL,WINNIPEG,2025-05-24,15,Pikwitonei,PIKW,2025-05-25T14:36:33Z,2025-05-25T14:27:00Z,10h39,med,9.0
692 (05-24),True,False,CHURCHILL,WINNIPEG,2025-05-24,16,Sipiwesk,SIPI,2025-05-25T15:03:33Z,2025-05-25T14:54:00Z,11h06,med,9.0
692 (05-24),True,False,CHURCHILL,WINNIPEG,2025-05-24,17,Thompson,THOM,2025-05-25T16:39:33Z,2025-05-25T16:30:00Z,12h42,med,9.0
15,True,True,HALIFAX,MONTRÉAL,2025-05-23,0,Halifax,HLFX,2025-05-23T14:30:00Z,2025-05-23T14:30:00Z,ARR,goo,0.0
15,True,True,HALIFAX,MONTRÉAL,2025-05-23,1,Truro,TRUR,2025-05-23T15:54:05Z,2025-05-23T15:56:00Z,ARR,goo,-1.0
15,True,True,HALIFAX,MONTRÉAL,2025-05-23,2,Springhill Jct,SPRJ,2025-05-23T17:17:54Z,2025-05-23T17:12:00Z,ARR,med,5.0
15,True,True,HALIFAX,MONTRÉAL,2025-05-23,3,Amherst,AMHS,2025-05-23T17:41:24Z,2025-05-23T17:35:00Z,ARR,med,6.0
15,True,True,HALIFAX,MONTRÉAL,2025-05-23,4,Sackville,SACK,2025-05-23T17:59:39Z,2025-05-23T17:52:00Z,ARR,med,7.0
15,True,True,HALIFAX,MONTRÉAL,2025-05-23,5,Moncton,MCTN,2025-05-23T18:44:39Z,2025-05-23T18:47:00Z,ARR,goo,-2.0
15,True,True,HALIFAX,MONTRÉAL,2025-05-23,6,Rogersville,RGRV,2025-05-23T20:16:07Z,2025-05-23T20:01:00Z,ARR,bad,15.0
15,True,True,HALIFAX,MONTRÉAL,2025-05-23,7,Miramichi,MIRA,2025-05-23T21:05:31Z,2025-05-23T20:52:00Z,ARR,med,13.0
15,True,True,HALIFAX,MONTRÉAL,2025-05-23,8,Bathurst,BTRS,2025-05-23T22:44:15Z,2025-05-23T22:48:00Z,ARR,goo,-3.0
15,True,True,HALIFAX,MONTRÉAL,2025-05-23,9,Petit Rocher,PROC,2025-05-23T23:14:08Z,2025-05-23T23:17:00Z,ARR,goo,-2.0
15,True,True,HALIFAX,MONTRÉAL,2025-05-23,10,Jacquet River,JACR,2025-05-23T23:42:17Z,2025-05-23T23:40:01Z,ARR,goo,2.0
15,True,True,HALIFAX,MONTRÉAL,2025-05-23,11,Charlo,CHLO,2025-05-24T00:19:49Z,2025-05-24T00:04:00Z,ARR,bad,15.0
15,True,True,HALIFAX,MONTRÉAL,2025-05-23,12,Campbellton,CBTN,2025-05-24T01:11:18Z,2025-05-24T01:08:00Z,ARR,goo,3.0
15,True,True,HALIFAX,MONTRÉAL,2025-05-23,13,Matapedia,MTPD,2025-05-24T01:49:27Z,2025-05-24T01:50:00Z,ARR,goo,0.0
15,True,True,HALIFAX,MONTRÉAL,2025-05-23,14,Causapscal,CAUS,2025-05-24T02:53:30Z,2025-05-24T02:39:00Z,ARR,med,14.0
15,True,True,HALIFAX,MONTRÉAL,2025-05-23,15,Amqui,AMQU,2025-05-24T03:15:52Z,2025-05-24T02:59:00Z,ARR,bad,16.0
15,True,True,HALIFAX,MONTRÉAL,2025-05-23,16,Sayabec,SAYA,2025-05-24T03:48:37Z,2025-05-24T03:21:00Z,ARR,bad,27.0
15,True,True,HALIFAX,MONTRÉAL,2025-05-23,17,Mont-Joli,MJLI,2025-05-24T04:55:55Z,2025-05-24T04:51:00Z,ARR,goo,4.0
15,True,True,HALIFAX,MONTRÉAL,2025-05-23,18,Rimouski,RMSK,2025-05-24T05:17:39Z,2025-05-24T05:24:00Z,ARR,goo,-6.0
15,True,True,HALIFAX,MONTRÉAL,2025-05-23,19,Trois Pistoles,TPIS,2025-05-24T06:36:13Z,2025-05-24T06:31:00Z,ARR,med,5.0
15,True,True,HALIFAX,MONTRÉAL,2025-05-23,20,Rivière-Du-Loup,RDLX,2025-05-24T07:13:09Z,2025-05-24T07:18:00Z,ARR,goo,-4.0
15,True,True,HALIFAX,MONTRÉAL,2025-05-23,21,La Pocatière,LPOC,2025-05-24T07:55:45Z,2025-05-24T08:05:00Z,ARR,goo,-9.0
15,True,True,HALIFAX,MONTRÉAL,2025-05-23,22,Montmagny,MMGY,2025-05-24T08:28:05Z,2025-05-24T08:39:00Z,ARR,goo,-10.0
15,True,True,HALIFAX,MONTRÉAL,2025-05-23,23,Ste-Foy,SFOY,2025-05-24T09:21:21Z,2025-05-24T10:13:00Z,ARR,goo,-51.0
15,True,True,HALIFAX,MONTRÉAL,2025-05-23,24,Drummondville,DRMV,2025-05-24T12:14:04Z,2025-05-24T12:20:00Z,ARR,goo,-5.0
15,True,True,HALIFAX,MONTRÉAL,2025-05-23,25,St. Hyacinthe,SHYA,2025-05-24T12:56:05Z,2025-05-24T13:00:00Z,ARR,goo,-3.0
15,True,True,HALIFAX,MONTRÉAL,2025-05-23,26,St. Lambert,SLAM,2025-05-24T13:33:06Z,2025-05-24T13:34:00Z,ARR,goo,0.0
15,True,True,HALIFAX,MONTRÉAL,2025-05-23,27,Montréal,MTRL,2025-05-24T13:53:38Z,2025-05-24T13:53:00Z,ARR,goo,0.0
6,True,True,PRINCE RUPERT,JASPER,2025-05-23,0,Prince Rupert,PRUP,2025-05-23T15:00:00Z,2025-05-23T15:00:00Z,ARR,goo,0.0
6,True,True,PRINCE RUPERT,JASPER,2025-05-23,1,Cassiar Cannery,CASS,2025-05-23T15:33:11Z,2025-05-23T15:20:00Z,ARR,med,13.0
6,True,True,PRINCE RUPERT,JASPER,2025-05-23,2,Kwinitsa,KWIN,2025-05-23T16:11:07Z,2025-05-23T16:17:00Z,ARR,goo,-5.0
6,True,True,PRINCE RUPERT,JASPER,2025-05-23,3,Terrace,TRRC,2025-05-23T17:31:42Z,2025-05-23T17:20:00Z,ARR,med,11.0
6,True,True,PRINCE RUPERT,JASPER,2025-05-23,4,Usk,USKX,2025-05-23T18:01:49Z,2025-05-23T17:48:00Z,ARR,med,13.0
6,True,True,PRINCE RUPERT,JASPER,2025-05-23,5,Pacific,PACI,2025-05-23T18:28:27Z,2025-05-23T18:07:00Z,ARR,bad,21.0
6,True,True,PRINCE RUPERT,JASPER,2025-05-23,6,Dorreen,DORR,2025-05-23T18:36:36Z,2025-05-23T18:19:00Z,ARR,bad,17.0
6,True,True,PRINCE RUPERT,JASPER,2025-05-23,7,Cedarvale,CEDA,2025-05-23T18:54:45Z,2025-05-23T18:44:00Z,ARR,med,10.0
6,True,True,PRINCE RUPERT,JASPER,2025-05-23,8,Kitwanga,KITW,2025-05-23T19:12:17Z,2025-05-23T18:48:01Z,ARR,bad,24.0
6,True,True,PRINCE RUPERT,JASPER,2025-05-23,9,New Hazelton,NHAZ,2025-05-23T20:05:11Z,2025-05-23T19:30:00Z,ARR,bad,35.0
6,True,True,PRINCE RUPERT,JASPER,2025-05-23,10,Smithers,SMTR,2025-05-23T21:24:03Z,2025-05-23T21:14:00Z,ARR,med,10.0
6,True,True,PRINCE RUPERT,JASPER,2025-05-23,11,Telkwa,TELK,2025-05-23T21:52:30Z,2025-05-23T21:37:00Z,ARR,bad,15.0
6,True,True,PRINCE RUPERT,JASPER,2025-05-23,12,Houston,HOUS,2025-05-23T22:30:59Z,2025-05-23T22:22:00Z,ARR,med,8.0
6,True,True,PRINCE RUPERT,JASPER,2025-05-23,13,Burns Lake,BRNL,2025-05-23T23:31:52Z,2025-05-23T23:32:00Z,ARR,goo,0.0
6,True,True,PRINCE RUPERT,JASPER,2025-05-23,14,Endako,ENDA,2025-05-24T00:19:07Z,2025-05-24T00:25:00Z,ARR,goo,-5.0
6,True,True,PRINCE RUPERT,JASPER,2025-05-23,15,Fort Fraser,FFRA,2025-05-24T00:45:16Z,2025-05-24T00:57:00Z,ARR,goo,-11.0
6,True,True,PRINCE RUPERT,JASPER,2025-05-23,16,Vanderhoof,VDRH,2025-05-24T01:42:39Z,2025-05-24T01:35:00Z,ARR,med,7.0
6,True,True,PRINCE RUPERT,JASPER,2025-05-23,17,Prince George,PGEO,2025-05-24T03:30:05Z,2025-05-24T03:29:00Z,ARR,goo,1.0
6,True,True,PRINCE RUPERT,JASPER,2025-05-23,18,Willow River,WILR,2025-05-24T15:48:47Z,2025-05-24T15:48:00Z,ARR,goo,0.0
6,True,True,PRINCE RUPERT,JASPER,2025-05-23,19,Aleza Lake,ALZL,2025-05-24T16:17:47Z,2025-05-24T16:17:00Z,ARR,goo,0.0
6,True,True,PRINCE RUPERT,JASPER,2025-05-23,20,Upper Fraser,UFRZ,2025-05-24T16:25:47Z,2025-05-24T16:25:00Z,ARR,goo,0.0
6,True,True,PRINCE RUPERT,JASPER,2025-05-23,21,Mcgregor,MCGR,2025-05-24T16:33:47Z,2025-05-24T16:33:00Z,ARR,goo,0.0
6,True,True,PRINCE RUPERT,JASPER,2025-05-23,22,Sinclair Mills,SINM,2025-05-24T16:44:47Z,2025-05-24T16:44:00Z,ARR,goo,0.0
6,True,True,PRINCE RUPERT,JASPER,2025-05-23,23,Hutton,HUTT,2025-05-24T16:48:47Z,2025-05-24T16:48:00Z,ARR,goo,0.0
6,True,True,PRINCE RUPERT,JASPER,2025-05-23,24,Longworth,LWTH,2025-05-24T16:59:47Z,2025-05-24T16:59:00Z,ARR,goo,0.0
6,True,True,PRINCE RUPERT,JASPER,2025-05-23,25,Penny,PENN,2025-05-24T17:13:47Z,2025-05-24T17:13:00Z,ARR,goo,0.0
6,True,True,PRINCE RUPERT,JASPER,2025-05-23,26,Bend,BEND,2025-05-24T17:32:47Z,2025-05-24T17:32:00Z,ARR,goo,0.0
6,True,True,PRINCE RUPERT,JASPER,2025-05-23,27,Dome Creek,DOMC,2025-05-24T17:33:54Z,2025-05-24T17:33:07Z,ARR,goo,0.0
6,True,True,PRINCE RUPERT,JASPER,2025-05-23,28,Loos,LOOS,2025-05-24T19:09:03Z,2025-05-24T18:07:00Z,ARR,bad,62.0
6,True,True,PRINCE RUPERT,JASPER,2025-05-23,29,Goat River,GOAT,2025-05-24T19:22:09Z,2025-05-24T18:22:00Z,ARR,bad,60.0
6,True,True,PRINCE RUPERT,JASPER,2025-05-23,30,Mcbride,MCBR,2025-05-24T20:19:48Z,2025-05-24T19:18:00Z,ARR,bad,61.0
6,True,True,PRINCE RUPERT,JASPER,2025-05-23,31,Dunster,DNST,2025-05-24T20:53:11Z,2025-05-24T19:35:00Z,ARR,bad,78.0
6,True,True,PRINCE RUPERT,JASPER,2025-05-23,32,Harvey,HRVY,2025-05-24T21:25:57Z,2025-05-24T20:24:00Z,ARR,bad,61.0
6,True,True,PRINCE RUPERT,JASPER,2025-05-23,33,Jasper,JASP,2025-05-24T23:47:18Z,2025-05-24T23:00:00Z,ARR,bad,47.0
691,True,True,THE PAS,CHURCHILL,2025-05-23,0,The Pas,TPAS,2025-05-23T07:30:00Z,2025-05-23T07:30:00Z,ARR,goo,0.0
691,True,True,THE PAS,CHURCHILL,2025-05-23,1,Orok,OROK,2025-05-23T08:02:52Z,2025-05-23T08:07:00Z,ARR,goo,-4.0
691,True,True,THE PAS,CHURCHILL,2025-05-23,2,Halcrow,HALC,2025-05-23T08:51:03Z,2025-05-23T09:01:00Z,ARR,goo,-9.0
691,True,True,THE PAS,CHURCHILL,2025-05-23,3,Cormorant,CORM,2025-05-23T08:59:03Z,2025-05-23T09:12:00Z,ARR,goo,-12.0
691,True,True,THE PAS,CHURCHILL,2025-05-23,4,Dering,DERI,2025-05-23T09:09:10Z,2025-05-23T09:20:00Z,ARR,goo,-10.0
691,True,True,THE PAS,CHURCHILL,2025-05-23,5,Dyce,DYCE,2025-05-23T09:42:33Z,2025-05-23T09:59:00Z,ARR,goo,-16.0
691,True,True,THE PAS,CHURCHILL,2025-05-23,6,Wekusko,WEKU,2025-05-23T10:21:56Z,2025-05-23T10:43:00Z,ARR,goo,-21.0
691,True,True,THE PAS,CHURCHILL,2025-05-23,7,Turnbull,TURN,2025-05-23T10:50:52Z,2025-05-23T11:10:00Z,ARR,goo,-19.0
691,True,True,THE PAS,CHURCHILL,2025-05-23,8,Ponton,PNTN,2025-05-23T11:18:25Z,2025-05-23T11:42:00Z,ARR,goo,-23.0
691,True,True,THE PAS,CHURCHILL,2025-05-23,9,Pipun,PIPN,2025-05-23T12:05:53Z,2025-05-23T12:25:00Z,ARR,goo,-19.0
691,True,True,THE PAS,CHURCHILL,2025-05-23,10,Wabowden,WBDN,2025-05-23T12:20:42Z,2025-05-23T12:48:00Z,ARR,goo,-27.0
691,True,True,THE PAS,CHURCHILL,2025-05-23,11,Lyddal,LYDD,2025-05-23T13:03:55Z,2025-05-23T13:16:00Z,ARR,goo,-12.0
691,True,True,THE PAS,CHURCHILL,2025-05-23,12,Odhill,ODHI,2025-05-23T13:22:37Z,2025-05-23T13:38:00Z,ARR,goo,-15.0
691,True,True,THE PAS,CHURCHILL,2025-05-23,13,Hockin,HOCK,2025-05-23T14:00:21Z,2025-05-23T14:22:00Z,ARR,goo,-21.0
691,True,True,THE PAS,CHURCHILL,2025-05-23,14,Thicket Portage,THKP,2025-05-23T14:37:00Z,2025-05-23T14:37:00Z,ARR,goo,0.0
691,True,True,THE PAS,CHURCHILL,2025-05-23,15,Leven,LEVN,2025-05-23T14:46:00Z,2025-05-23T14:54:00Z,ARR,goo,-8.0
691,True,True,THE PAS,CHURCHILL,2025-05-23,16,Thompson,THOM,2025-05-23T18:14:27Z,2025-05-23T17:00:00Z,ARR,bad,74.0
691,True,True,THE PAS,CHURCHILL,2025-05-23,17,Sipiwesk,SIPI,2025-05-23T23:32:34Z,2025-05-23T23:35:00Z,ARR,goo,-2.0
691,True,True,THE PAS,CHURCHILL,2025-05-23,18,Pikwitonei,PIKW,2025-05-24T00:02:00Z,2025-05-24T00:02:00Z,ARR,goo,0.0
691,True,True,THE PAS,CHURCHILL,2025-05-23,19,Bridgar,BRGR,2025-05-24T00:13:00Z,2025-05-24T00:13:00Z,ARR,goo,0.0
691,True,True,THE PAS,CHURCHILL,2025-05-23,20,Pit Siding,PITS,2025-05-24T01:35:00Z,2025-05-24T01:35:00Z,ARR,goo,0.0
691,True,True,THE PAS,CHURCHILL,2025-05-23,21,Ilford,ILFO,2025-05-24T02:48:19Z,2025-05-24T02:36:00Z,ARR,med,12.0
691,True,True,THE PAS,CHURCHILL,2025-05-23,22,Wivenhoe,WVHO,2025-05-24T03:48:01Z,2025-05-24T03:13:00Z,ARR,bad,35.0
691,True,True,THE PAS,CHURCHILL,2025-05-23,23,Gillam,GILL,2025-05-24T04:32:11Z,2025-05-24T04:00:01Z,ARR,bad,32.0
691,True,True,THE PAS,CHURCHILL,2025-05-23,24,Bird,BIRD,2025-05-24T06:01:11Z,2025-05-24T05:29:00Z,ARR,bad,32.0
691,True,True,THE PAS,CHURCHILL,2025-05-23,25,Amery,AMRY,2025-05-24T06:23:11Z,2025-05-24T05:51:00Z,ARR,bad,32.0
691,True,True,THE PAS,CHURCHILL,2025-05-23,26,Weir River,WEIR,2025-05-24T07:15:11Z,2025-05-24T06:43:00Z,ARR,bad,32.0
691,True,True,THE PAS,CHURCHILL,2025-05-23,27,Thibaudeau,THIB,2025-05-24T08:32:11Z,2025-05-24T08:00:00Z,ARR,bad,32.0
691,True,True,THE PAS,CHURCHILL,2025-05-23,28,Herchmer,HERC,2025-05-24T09:58:11Z,2025-05-24T09:26:00Z,ARR,bad,32.0
691,True,True,THE PAS,CHURCHILL,2025-05-23,29,O'Day,ODAY,2025-05-24T10:37:11Z,2025-05-24T10:05:00Z,ARR,bad,32.0
691,True,True,THE PAS,CHURCHILL,2025-05-23,30,M'Clintock,MCLI,2025-05-24T11:22:11Z,2025-05-24T10:50:00Z,ARR,bad,32.0
691,True,True,THE PAS,CHURCHILL,2025-05-23,31,Chesnaye,CHES,2025-05-24T12:38:11Z,2025-05-24T12:06:00Z,ARR,bad,32.0
691,True,True,THE PAS,CHURCHILL,2025-05-23,32,Tidal,TIDL,2025-05-24T12:18:35Z,2025-05-24T13:37:00Z,ARR,goo,-78.0
691,True,True,THE PAS,CHURCHILL,2025-05-23,33,Churchill,CHUR,2025-05-24T13:10:12Z,2025-05-24T14:00:00Z,ARR,goo,-49.0
5,True,True,JASPER,PRINCE RUPERT,2025-05-23,0,Jasper,JASP,2025-05-23T16:48:05Z,2025-05-23T16:45:00Z,ARR,goo,3.0
5,True,True,JASPER,PRINCE RUPERT,2025-05-23,1,Harvey,HRVY,2025-05-23T18:26:30Z,2025-05-23T18:38:00Z,ARR,goo,-11.0
5,True,True,JASPER,PRINCE RUPERT,2025-05-23,2,Dunster,DNST,2025-05-23T19:25:22Z,2025-05-23T19:12:00Z,ARR,med,13.0
5,True,True,JASPER,PRINCE RUPERT,2025-05-23,3,Mcbride,MCBR,2025-05-23T19:55:56Z,2025-05-23T19:44:00Z,ARR,med,11.0
5,True,True,JASPER,PRINCE RUPERT,2025-05-23,4,Goat River,GOAT,2025-05-23T21:36:48Z,2025-05-23T20:41:00Z,ARR,bad,55.0
5,True,True,JASPER,PRINCE RUPERT,2025-05-23,5,Loos,LOOS,2025-05-23T21:59:24Z,2025-05-23T20:58:00Z,ARR,bad,61.0
5,True,True,JASPER,PRINCE RUPERT,2025-05-23,6,Dome Creek,DOMC,2025-05-23T22:33:10Z,2025-05-23T21:32:00Z,ARR,bad,61.0
5,True,True,JASPER,PRINCE RUPERT,2025-05-23,7,Bend,BEND,2025-05-23T22:35:29Z,2025-05-23T21:36:00Z,ARR,bad,59.0
5,True,True,JASPER,PRINCE RUPERT,2025-05-23,8,Penny,PENN,2025-05-23T23:00:02Z,2025-05-23T21:56:00Z,ARR,bad,64.0
5,True,True,JASPER,PRINCE RUPERT,2025-05-23,9,Longworth,LWTH,2025-05-23T23:11:53Z,2025-05-23T22:11:00Z,ARR,bad,60.0
5,True,True,JASPER,PRINCE RUPERT,2025-05-23,10,Hutton,HUTT,2025-05-23T23:23:34Z,2025-05-23T22:24:00Z,ARR,bad,59.0
5,True,True,JASPER,PRINCE RUPERT,2025-05-23,11,Sinclair Mills,SINM,2025-05-23T23:29:34Z,2025-05-23T22:30:00Z,ARR,bad,59.0
5,True,True,JASPER,PRINCE RUPERT,2025-05-23,12,Mcgregor,MCGR,2025-05-23T23:41:38Z,2025-05-23T22:43:00Z,ARR,bad,58.0
5,True,True,JASPER,PRINCE RUPERT,2025-05-23,13,Upper Fraser,UFRZ,2025-05-23T23:50:38Z,2025-05-23T22:52:00Z,ARR,bad,58.0
5,True,True,JASPER,PRINCE RUPERT,2025-05-23,14,Aleza Lake,ALZL,2025-05-23T23:59:38Z,2025-05-23T23:01:00Z,ARR,bad,58.0
5,True,True,JASPER,PRINCE RUPERT,2025-05-23,15,Willow River,WILR,2025-05-24T00:20:03Z,2025-05-23T23:31:00Z,ARR,bad,49.0
5,True,True,JASPER,PRINCE RUPERT,2025-05-23,16,Prince George,PGEO,2025-05-24T00:52:09Z,2025-05-24T00:08:00Z,ARR,bad,44.0
5,True,True,JASPER,PRINCE RUPERT,2025-05-23,17,Vanderhoof,VDRH,2025-05-24T16:55:00Z,2025-05-24T16:55:00Z,ARR,goo,0.0
5,True,True,JASPER,PRINCE RUPERT,2025-05-23,18,Fort Fraser,FFRA,2025-05-24T17:32:00Z,2025-05-24T17:32:00Z,ARR,goo,0.0
5,True,True,JASPER,PRINCE RUPERT,2025-05-23,19,Endako,ENDA,2025-05-24T18:17:54Z,2025-05-24T17:50:00Z,ARR,bad,27.0
5,True,True,JASPER,PRINCE RUPERT,2025-05-23,20,Burns Lake,BRNL,2025-05-24T19:04:17Z,2025-05-24T18:58:00Z,ARR,med,6.0
5,True,True,JASPER,PRINCE RUPERT,2025-05-23,21,Houston,HOUS,2025-05-24T20:32:40Z,2025-05-24T20:08:00Z,ARR,bad,24.0
5,True,True,JASPER,PRINCE RUPERT,2025-05-23,22,Telkwa,TELK,2025-05-24T21:10:25Z,2025-05-24T20:52:00Z,ARR,bad,18.0
5,True,True,JASPER,PRINCE RUPERT,2025-05-23,23,Smithers,SMTR,2025-05-24T21:33:36Z,2025-05-24T21:10:00Z,ARR,bad,23.0
5,True,True,JASPER,PRINCE RUPERT,2025-05-23,24,New Hazelton,NHAZ,2025-05-24T22:56:11Z,2025-05-24T22:37:00Z,ARR,bad,19.0
5,True,True,JASPER,PRINCE RUPERT,2025-05-23,25,Kitwanga,KITW,2025-05-24T23:37:10Z,2025-05-24T23:27:00Z,ARR,med,10.0
5,True,True,JASPER,PRINCE RUPERT,2025-05-23,26,Cedarvale,CEDA,2025-05-24T23:57:02Z,2025-05-24T23:51:00Z,ARR,med,6.0
5,True,True,JASPER,PRINCE RUPERT,2025-05-23,27,Dorreen,DORR,2025-05-25T00:17:30Z,2025-05-25T00:12:00Z,ARR,med,5.0
5,True,True,JASPER,PRINCE RUPERT,2025-05-23,28,Pacific,PACI,2025-05-25T00:24:44Z,2025-05-25T00:21:00Z,ARR,goo,3.0
5,True,True,JASPER,PRINCE RUPERT,2025-05-23,29,Usk,USKX,2025-05-25T00:39:47Z,2025-05-25T00:40:00Z,ARR,goo,0.0
5,True,True,JASPER,PRINCE RUPERT,2025-05-23,30,Terrace,TRRC,2025-05-25T00:56:38Z,2025-05-25T01:00:00Z,ARR,goo,-3.0
5,True,True,JASPER,PRINCE RUPERT,2025-05-23,31,Kwinitsa,KWIN,2025-05-25T02:01:13Z,2025-05-25T02:09:00Z,ARR,goo,-7.0
5,True,True,JASPER,PRINCE RUPERT,2025-05-23,32,Cassiar Cannery,CASS,2025-05-25T02:59:14Z,2025-05-25T02:45:00Z,ARR,med,14.0
5,True,True,JASPER,PRINCE RUPERT,2025-05-23,33,Prince Rupert,PRUP,2025-05-25T03:35:44Z,2025-05-25T03:25:00Z,ARR,med,10.0
14,True,True,MONTRÉAL,HALIFAX,2025-05-23,0,Montréal,MTRL,2025-05-23T22:30:00Z,2025-05-23T22:30:00Z,ARR,goo,0.0
14,True,True,MONTRÉAL,HALIFAX,2025-05-23,1,St. Lambert,SLAM,2025-05-23T22:58:16Z,2025-05-23T22:45:00Z,ARR,med,13.0
14,True,True,MONTRÉAL,HALIFAX,2025-05-23,2,St. Hyacinthe,SHYA,2025-05-23T23:36:20Z,2025-05-23T23:23:00Z,ARR,med,13.0
14,True,True,MONTRÉAL,HALIFAX,2025-05-23,3,Drummondville,DRMV,2025-05-24T00:22:27Z,2025-05-24T00:04:00Z,ARR,bad,18.0
14,True,True,MONTRÉAL,HALIFAX,2025-05-23,4,Ste-Foy,SFOY,2025-05-24T02:02:01Z,2025-05-24T01:48:00Z,ARR,med,14.0
14,True,True,MONTRÉAL,HALIFAX,2025-05-23,5,Montmagny,MMGY,2025-05-24T03:41:48Z,2025-05-24T03:17:00Z,ARR,bad,24.0
14,True,True,MONTRÉAL,HALIFAX,2025-05-23,6,La Pocatière,LPOC,2025-05-24T04:13:44Z,2025-05-24T03:50:00Z,ARR,bad,23.0
14,True,True,MONTRÉAL,HALIFAX,2025-05-23,7,Rivière-Du-Loup,RDLX,2025-05-24T04:53:47Z,2025-05-24T04:31:00Z,ARR,bad,22.0
14,True,True,MONTRÉAL,HALIFAX,2025-05-23,8,Trois Pistoles,TPIS,2025-05-24T05:35:49Z,2025-05-24T05:15:00Z,ARR,bad,20.0
14,True,True,MONTRÉAL,HALIFAX,2025-05-23,9,Rimouski,RMSK,2025-05-24T06:40:49Z,2025-05-24T06:24:00Z,ARR,bad,16.0
14,True,True,MONTRÉAL,HALIFAX,2025-05-23,10,Mont-Joli,MJLI,2025-05-24T07:10:50Z,2025-05-24T07:04:00Z,ARR,med,6.0
14,True,True,MONTRÉAL,HALIFAX,2025-05-23,11,Sayabec,SAYA,2025-05-24T08:14:38Z,2025-05-24T08:09:00Z,ARR,med,5.0
14,True,True,MONTRÉAL,HALIFAX,2025-05-23,12,Amqui,AMQU,2025-05-24T08:41:09Z,2025-05-24T08:30:00Z,ARR,med,11.0
14,True,True,MONTRÉAL,HALIFAX,2025-05-23,13,Causapscal,CAUS,2025-05-24T09:05:53Z,2025-05-24T08:52:00Z,ARR,med,13.0
14,True,True,MONTRÉAL,HALIFAX,2025-05-23,14,Matapedia,MTPD,2025-05-24T09:58:40Z,2025-05-24T09:38:00Z,ARR,bad,20.0
14,True,True,MONTRÉAL,HALIFAX,2025-05-23,15,Campbellton,CBTN,2025-05-24T10:32:13Z,2025-05-24T10:23:00Z,ARR,med,9.0
14,True,True,MONTRÉAL,HALIFAX,2025-05-23,16,Charlo,CHLO,2025-05-24T11:33:45Z,2025-05-24T11:06:00Z,ARR,bad,27.0
14,True,True,MONTRÉAL,HALIFAX,2025-05-23,17,Jacquet River,JACR,2025-05-24T12:11:04Z,2025-05-24T11:30:00Z,ARR,bad,41.0
14,True,True,MONTRÉAL,HALIFAX,2025-05-23,18,Petit Rocher,PROC,2025-05-24T12:37:07Z,2025-05-24T11:53:00Z,ARR,bad,44.0
14,True,True,MONTRÉAL,HALIFAX,2025-05-23,19,Bathurst,BTRS,2025-05-24T12:55:24Z,2025-05-24T12:42:00Z,ARR,med,13.0
14,True,True,MONTRÉAL,HALIFAX,2025-05-23,20,Miramichi,MIRA,2025-05-24T14:30:52Z,2025-05-24T14:33:00Z,ARR,goo,-2.0
14,True,True,MONTRÉAL,HALIFAX,2025-05-23,21,Rogersville,RGRV,2025-05-24T15:28:12Z,2025-05-24T15:28:00Z,ARR,goo,0.0
14,True,True,MONTRÉAL,HALIFAX,2025-05-23,22,Moncton,MCTN,2025-05-24T16:43:41Z,2025-05-24T16:38:00Z,ARR,med,5.0
14,True,True,MONTRÉAL,HALIFAX,2025-05-23,23,Sackville,SACK,2025-05-24T17:58:06Z,2025-05-24T17:38:00Z,ARR,bad,20.0
14,True,True,MONTRÉAL,HALIFAX,2025-05-23,24,Amherst,AMHS,2025-05-24T18:12:33Z,2025-05-24T17:54:00Z,ARR,bad,18.0
14,True,True,MONTRÉAL,HALIFAX,2025-05-23,25,Springhill Jct,SPRJ,2025-05-24T18:34:10Z,2025-05-24T18:18:00Z,ARR,bad,16.0
14,True,True,MONTRÉAL,HALIFAX,2025-05-23,26,Truro,TRUR,2025-05-24T19:42:51Z,2025-05-24T19:32:00Z,ARR,med,10.0
14,True,True,MONTRÉAL,HALIFAX,2025-05-23,27,Halifax,HLFX,2025-05-24T21:13:14Z,2025-05-24T21:06:00Z,ARR,med,7.0
24,True,True,OTTAWA,QUÉBEC,2025-05-24,0,Ottawa,OTTW,2025-05-24T14:13:00Z,2025-05-24T14:13:00Z,ARR,goo,0.0
24,True,True,OTTAWA,QUÉBEC,2025-05-24,1,Alexandria,ALEX,2025-05-24T14:56:55Z,2025-05-24T15:03:00Z,ARR,goo,-6.0
24,True,True,OTTAWA,QUÉBEC,2025-05-24,2,Coteau,COTO,2025-05-24T15:19:47Z,2025-05-24T15:26:00Z,ARR,goo,-6.0
24,True,True,OTTAWA,QUÉBEC,2025-05-24,3,Dorval,DORV,2025-05-24T15:41:46Z,2025-05-24T15:50:00Z,ARR,goo,-8.0
24,True,True,OTTAWA,QUÉBEC,2025-05-24,4,Montréal,MTRL,2025-05-24T16:10:01Z,2025-05-24T16:15:00Z,ARR,goo,-4.0
24,True,True,OTTAWA,QUÉBEC,2025-05-24,5,St. Lambert,SLAM,2025-05-24T17:03:29Z,2025-05-24T16:58:00Z,ARR,med,5.0
24,True,True,OTTAWA,QUÉBEC,2025-05-24,6,St. Hyacinthe,SHYA,2025-05-24T17:32:07Z,2025-05-24T17:26:00Z,ARR,med,6.0
24,True,True,OTTAWA,QUÉBEC,2025-05-24,7,Drummondville,DRMV,2025-05-24T18:03:13Z,2025-05-24T17:54:00Z,ARR,med,9.0
24,True,True,OTTAWA,QUÉBEC,2025-05-24,8,Charny,CHNY,2025-05-24T19:48:45Z,2025-05-24T19:38:00Z,ARR,med,10.0
24,True,True,OTTAWA,QUÉBEC,2025-05-24,9,Ste-Foy,SFOY,2025-05-24T19:57:10Z,2025-05-24T19:45:00Z,ARR,med,12.0
24,True,True,OTTAWA,QUÉBEC,2025-05-24,10,Québec,QBEC,2025-05-24T20:27:18Z,2025-05-24T20:12:00Z,ARR,bad,15.0
37,True,True,QUÉBEC,OTTAWA,2025-05-24,0,Québec,QBEC,2025-05-24T16:34:07Z,2025-05-24T16:32:00Z,ARR,goo,2.0
37,True,True,QUÉBEC,OTTAWA,2025-05-24,1,Ste-Foy,SFOY,2025-05-24T17:04:51Z,2025-05-24T16:57:00Z,ARR,med,7.0
37,True,True,QUÉBEC,OTTAWA,2025-05-24,2,Drummondville,DRMV,2025-05-24T18:58:14Z,2025-05-24T18:44:00Z,ARR,med,14.0
37,True,True,QUÉBEC,OTTAWA,2025-05-24,3,St. Hyacinthe,SHYA,2025-05-24T19:38:02Z,2025-05-24T19:12:00Z,ARR,bad,26.0
37,True,True,QUÉBEC,OTTAWA,2025-05-24,4,St. Lambert,SLAM,2025-05-24T20:10:43Z,2025-05-24T19:39:00Z,ARR,bad,31.0
37,True,True,QUÉBEC,OTTAWA,2025-05-24,5,Montréal,MTRL,2025-05-24T20:25:25Z,2025-05-24T19:54:00Z,ARR,bad,31.0
37,True,True,QUÉBEC,OTTAWA,2025-05-24,6,Dorval,DORV,2025-05-24T21:13:01Z,2025-05-24T20:54:00Z,ARR,bad,19.0
37,True,True,QUÉBEC,OTTAWA,2025-05-24,7,Coteau,COTO,2025-05-24T21:45:40Z,2025-05-24T21:23:00Z,ARR,bad,22.0
37,True,True,QUÉBEC,OTTAWA,2025-05-24,8,Alexandria,ALEX,2025-05-24T22:06:56Z,2025-05-24T21:45:00Z,ARR,bad,21.0
37,True,True,QUÉBEC,OTTAWA,2025-05-24,9,Ottawa,OTTW,2025-05-24T22:56:33Z,2025-05-24T22:37:00Z,ARR,bad,19.0
41,True,True,OTTAWA,TORONTO,2025-05-24,0,Ottawa,OTTW,2025-05-24T09:21:00Z,2025-05-24T09:21:00Z,ARR,goo,0.0
41,True,True,OTTAWA,TORONTO,2025-05-24,1,Fallowfield,FALL,2025-05-24T09:36:05Z,2025-05-24T09:38:00Z,ARR,goo,-1.0
41,True,True,OTTAWA,TORONTO,2025-05-24,2,Smiths Falls,SMTF,2025-05-24T10:07:17Z,2025-05-24T10:08:00Z,ARR,goo,0.0
41,True,True,OTTAWA,TORONTO,2025-05-24,3,Brockville,BRKV,2025-05-24T10:39:26Z,2025-05-24T10:40:00Z,ARR,goo,0.0
41,True,True,OTTAWA,TORONTO,2025-05-24,4,Kingston,KGON,2025-05-24T11:22:54Z,2025-05-24T11:25:00Z,ARR,goo,-2.0
41,True,True,OTTAWA,TORONTO,2025-05-24,5,Napanee,NAPN,2025-05-24T11:48:42Z,2025-05-24T11:49:00Z,ARR,goo,0.0
41,True,True,OTTAWA,TORONTO,2025-05-24,6,Belleville,BLVL,2025-05-24T12:07:45Z,2025-05-24T12:07:00Z,ARR,goo,0.0
41,True,True,OTTAWA,TORONTO,2025-05-24,7,Trenton Jct.,TRNJ,2025-05-24T12:22:24Z,2025-05-24T12:20:00Z,ARR,goo,2.0
41,True,True,OTTAWA,TORONTO,2025-05-24,8,Cobourg,CBRG,2025-05-24T12:47:51Z,2025-05-24T12:44:00Z,ARR,goo,3.0
41,True,True,OTTAWA,TORONTO,2025-05-24,9,Oshawa,OSHA,2025-05-24T13:26:51Z,2025-05-24T13:19:00Z,ARR,med,7.0
41,True,True,OTTAWA,TORONTO,2025-05-24,10,Toronto,TRTO,2025-05-24T14:13:08Z,2025-05-24T14:02:00Z,ARR,med,11.0
52,True,True,TORONTO,OTTAWA,2025-05-24,0,Toronto,TRTO,2025-05-24T12:32:00Z,2025-05-24T12:32:00Z,ARR,goo,0.0
52,True,True,TORONTO,OTTAWA,2025-05-24,1,Guildwood,GUIL,2025-05-24T12:48:25Z,2025-05-24T12:50:00Z,ARR,goo,-1.0
52,True,True,TORONTO,OTTAWA,2025-05-24,2,Oshawa,OSHA,2025-05-24T13:07:44Z,2025-05-24T13:09:00Z,ARR,goo,-1.0
52,True,True,TORONTO,OTTAWA,2025-05-24,3,Cobourg,CBRG,2025-05-24T13:45:19Z,2025-05-24T13:44:00Z,ARR,goo,1.0
52,True,True,TORONTO,OTTAWA,2025-05-24,4,Belleville,BLVL,2025-05-24T14:26:30Z,2025-05-24T14:20:00Z,ARR,med,6.0
52,True,True,TORONTO,OTTAWA,2025-05-24,5,Kingston,KGON,2025-05-24T15:03:38Z,2025-05-24T15:00:00Z,ARR,goo,3.0
52,True,True,TORONTO,OTTAWA,2025-05-24,6,Brockville,BRKV,2025-05-24T16:03:19Z,2025-05-24T15:57:00Z,ARR,med,6.0
52,True,True,TORONTO,OTTAWA,2025-05-24,7,Smiths Falls,SMTF,2025-05-24T16:35:07Z,2025-05-24T16:35:00Z,ARR,goo,0.0
52,True,True,TORONTO,OTTAWA,2025-05-24,8,Fallowfield,FALL,2025-05-24T17:07:08Z,2025-05-24T17:11:00Z,ARR,goo,-3.0
52,True,True,TORONTO,OTTAWA,2025-05-24,9,Ottawa,OTTW,2025-05-24T17:25:20Z,2025-05-24T17:32:00Z,ARR,goo,-6.0
53,True,True,OTTAWA,TORONTO,2025-05-24,0,Ottawa,OTTW,2025-05-24T15:43:00Z,2025-05-24T15:43:00Z,ARR,goo,0.0
53,True,True,OTTAWA,TORONTO,2025-05-24,1,Fallowfield,FALL,2025-05-24T15:58:47Z,2025-05-24T16:00:00Z,ARR,goo,-1.0
53,True,True,OTTAWA,TORONTO,2025-05-24,2,Brockville,BRKV,2025-05-24T17:01:05Z,2025-05-24T17:01:00Z,ARR,goo,0.0
53,True,True,OTTAWA,TORONTO,2025-05-24,3,Gananoque,GANA,2025-05-24T17:40:36Z,2025-05-24T17:31:00Z,ARR,med,9.0
53,True,True,OTTAWA,TORONTO,2025-05-24,4,Kingston,KGON,2025-05-24T18:01:15Z,2025-05-24T17:54:00Z,ARR,med,7.0
53,True,True,OTTAWA,TORONTO,2025-05-24,5,Belleville,BLVL,2025-05-24T18:48:42Z,2025-05-24T18:36:00Z,ARR,med,12.0
53,True,True,OTTAWA,TORONTO,2025-05-24,6,Cobourg,CBRG,2025-05-24T19:52:25Z,2025-05-24T19:12:00Z,ARR,bad,40.0
53,True,True,OTTAWA,TORONTO,2025-05-24,7,Oshawa,OSHA,2025-05-24T20:36:00Z,2025-05-24T19:48:00Z,ARR,bad,48.0
53,True,True,OTTAWA,TORONTO,2025-05-24,8,Toronto,TRTO,2025-05-24T21:27:40Z,2025-05-24T20:33:00Z,ARR,bad,54.0
61,True,True,MONTRÉAL,TORONTO,2025-05-24,0,Montréal,MTRL,2025-05-24T10:45:00Z,2025-05-24T10:45:00Z,ARR,goo,0.0
61,True,True,MONTRÉAL,TORONTO,2025-05-24,1,Dorval,DORV,2025-05-24T11:12:39Z,2025-05-24T11:08:00Z,ARR,goo,4.0
61,True,True,MONTRÉAL,TORONTO,2025-05-24,2,Cornwall,CWLL,2025-05-24T12:06:52Z,2025-05-24T12:01:00Z,ARR,med,5.0
61,True,True,MONTRÉAL,TORONTO,2025-05-24,3,Kingston,KGON,2025-05-24T13:36:51Z,2025-05-24T13:29:00Z,ARR,med,7.0
61,True,True,MONTRÉAL,TORONTO,2025-05-24,4,Belleville,BLVL,2025-05-24T14:18:07Z,2025-05-24T14:11:00Z,ARR,med,7.0
61,True,True,MONTRÉAL,TORONTO,2025-05-24,5,Oshawa,OSHA,2025-05-24T15:33:52Z,2025-05-24T15:19:00Z,ARR,med,14.0
61,True,True,MONTRÉAL,TORONTO,2025-05-24,6,Guildwood,GUIL,2025-05-24T15:55:46Z,2025-05-24T15:43:00Z,ARR,med,12.0
61,True,True,MONTRÉAL,TORONTO,2025-05-24,7,Toronto,TRTO,2025-05-24T16:16:36Z,2025-05-24T16:03:00Z,ARR,med,13.0
64,True,True,TORONTO,MONTRÉAL,2025-05-24,0,Toronto,TRTO,2025-05-24T16:15:47Z,2025-05-24T15:37:00Z,ARR,bad,38.0
64,True,True,TORONTO,MONTRÉAL,2025-05-24,1,Guildwood,GUIL,2025-05-24T16:32:35Z,2025-05-24T15:55:00Z,ARR,bad,37.0
64,True,True,TORONTO,MONTRÉAL,2025-05-24,2,Oshawa,OSHA,2025-05-24T16:52:40Z,2025-05-24T16:09:00Z,ARR,bad,43.0
64,True,True,TORONTO,MONTRÉAL,2025-05-24,3,Cobourg,CBRG,2025-05-24T17:28:03Z,2025-05-24T16:46:00Z,ARR,bad,42.0
64,True,True,TORONTO,MONTRÉAL,2025-05-24,4,Belleville,BLVL,2025-05-24T18:01:48Z,2025-05-24T17:22:00Z,ARR,bad,39.0
64,True,True,TORONTO,MONTRÉAL,2025-05-24,5,Kingston,KGON,2025-05-24T18:39:31Z,2025-05-24T18:03:00Z,ARR,bad,36.0
64,True,True,TORONTO,MONTRÉAL,2025-05-24,6,Brockville,BRKV,2025-05-24T19:25:28Z,2025-05-24T18:52:00Z,ARR,bad,33.0
64,True,True,TORONTO,MONTRÉAL,2025-05-24,7,Cornwall,CWLL,2025-05-24T20:12:32Z,2025-05-24T19:42:00Z,ARR,bad,30.0
64,True,True,TORONTO,MONTRÉAL,2025-05-24,8,Dorval,DORV,2025-05-24T21:38:07Z,2025-05-24T20:37:00Z,ARR,bad,61.0
64,True,True,TORONTO,MONTRÉAL,2025-05-24,9,Montréal,MTRL,2025-05-24T22:03:48Z,2025-05-24T21:05:00Z,ARR,bad,58.0
65,True,True,MONTRÉAL,TORONTO,2025-05-24,0,Montréal,MTRL,2025-05-24T14:49:00Z,2025-05-24T14:49:00Z,ARR,goo,0.0
65,True,True,MONTRÉAL,TORONTO,2025-05-24,1,Dorval,DORV,2025-05-24T15:12:28Z,2025-05-24T15:12:00Z,ARR,goo,0.0
65,True,True,MONTRÉAL,TORONTO,2025-05-24,2,Cornwall,CWLL,2025-05-24T16:01:33Z,2025-05-24T16:06:00Z,ARR,goo,-4.0
65,True,True,MONTRÉAL,TORONTO,2025-05-24,3,Kingston,KGON,2025-05-24T17:30:28Z,2025-05-24T17:36:00Z,ARR,goo,-5.0
65,True,True,MONTRÉAL,TORONTO,2025-05-24,4,Belleville,BLVL,2025-05-24T18:17:25Z,2025-05-24T18:20:00Z,ARR,goo,-2.0
65,True,True,MONTRÉAL,TORONTO,2025-05-24,5,Cobourg,CBRG,2025-05-24T18:56:40Z,2025-05-24T18:58:00Z,ARR,goo,-1.0
65,True,True,MONTRÉAL,TORONTO,2025-05-24,6,Oshawa,OSHA,2025-05-24T19:34:07Z,2025-05-24T19:34:00Z,ARR,goo,0.0
65,True,True,MONTRÉAL,TORONTO,2025-05-24,7,Toronto,TRTO,2025-05-24T20:28:14Z,2025-05-24T20:18:00Z,ARR,med,10.0
70,True,True,WINDSOR,TORONTO,2025-05-24,0,Windsor,WDON,2025-05-24T09:35:00Z,2025-05-24T09:35:00Z,ARR,goo,0.0
70,True,True,WINDSOR,TORONTO,2025-05-24,1,Chatham,CHAT,2025-05-24T10:15:46Z,2025-05-24T10:19:00Z,ARR,goo,-3.0
70,True,True,WINDSOR,TORONTO,2025-05-24,2,London,LNDN,2025-05-24T11:30:57Z,2025-05-24T11:25:00Z,ARR,med,5.0
70,True,True,WINDSOR,TORONTO,2025-05-24,3,Ingersoll,INGR,2025-05-24T11:56:36Z,2025-05-24T11:55:00Z,ARR,goo,1.0
70,True,True,WINDSOR,TORONTO,2025-05-24,4,Woodstock,WDST,2025-05-24T12:07:58Z,2025-05-24T12:08:00Z,ARR,goo,0.0
70,True,True,WINDSOR,TORONTO,2025-05-24,5,Brantford,BRTF,2025-05-24T12:38:20Z,2025-05-24T12:44:00Z,ARR,goo,-5.0
70,True,True,WINDSOR,TORONTO,2025-05-24,6,Aldershot,ALDR,2025-05-24T13:41:44Z,2025-05-24T13:25:00Z,ARR,bad,16.0
70,True,True,WINDSOR,TORONTO,2025-05-24,7,Toronto,TRTO,2025-05-24T15:27:37Z,2025-05-24T14:50:00Z,ARR,bad,37.0
71,True,True,TORONTO,WINDSOR,2025-05-24,0,Toronto,TRTO,2025-05-24T10:50:00Z,2025-05-24T10:50:00Z,ARR,goo,0.0
71,True,True,TORONTO,WINDSOR,2025-05-24,1,Aldershot,ALDR,2025-05-24T12:10:30Z,2025-05-24T12:09:00Z,ARR,goo,1.0
71,True,True,TORONTO,WINDSOR,2025-05-24,2,Brantford,BRTF,2025-05-24T12:57:28Z,2025-05-24T12:35:00Z,ARR,bad,22.0
71,True,True,TORONTO,WINDSOR,2025-05-24,3,Woodstock,WDST,2025-05-24T13:26:03Z,2025-05-24T13:10:00Z,ARR,bad,16.0
71,True,True,TORONTO,WINDSOR,2025-05-24,4,Ingersoll,INGR,2025-05-24T13:37:33Z,2025-05-24T13:23:00Z,ARR,med,14.0
71,True,True,TORONTO,WINDSOR,2025-05-24,5,London,LNDN,2025-05-24T14:05:16Z,2025-05-24T13:46:00Z,ARR,bad,19.0
71,True,True,TORONTO,WINDSOR,2025-05-24,6,Glencoe,GLNC,2025-05-24T14:55:49Z,2025-05-24T14:19:00Z,ARR,bad,36.0
71,True,True,TORONTO,WINDSOR,2025-05-24,7,Chatham,CHAT,2025-05-24T15:35:49Z,2025-05-24T14:58:00Z,ARR,bad,37.0
71,True,True,TORONTO,WINDSOR,2025-05-24,8,Windsor,WDON,2025-05-24T16:20:47Z,2025-05-24T15:48:00Z,ARR,bad,32.0
72,True,True,WINDSOR,TORONTO,2025-05-24,0,Windsor,WDON,2025-05-24T12:43:33Z,2025-05-24T12:43:00Z,ARR,goo,0.0
72,True,True,WINDSOR,TORONTO,2025-05-24,1,Chatham,CHAT,2025-05-24T13:25:27Z,2025-05-24T13:25:00Z,ARR,goo,0.0
72,True,True,WINDSOR,TORONTO,2025-05-24,2,Glencoe,GLNC,2025-05-24T14:08:03Z,2025-05-24T14:05:00Z,ARR,goo,3.0
72,True,True,WINDSOR,TORONTO,2025-05-24,3,London,LNDN,2025-05-24T14:39:16Z,2025-05-24T14:39:00Z,ARR,goo,0.0
72,True,True,WINDSOR,TORONTO,2025-05-24,4,Ingersoll,INGR,2025-05-24T15:07:23Z,2025-05-24T15:07:00Z,ARR,goo,0.0
72,True,True,WINDSOR,TORONTO,2025-05-24,5,Woodstock,WDST,2025-05-24T15:19:08Z,2025-05-24T15:23:00Z,ARR,goo,-3.0
72,True,True,WINDSOR,TORONTO,2025-05-24,6,Brantford,BRTF,2025-05-24T15:52:45Z,2025-05-24T15:55:00Z,ARR,goo,-2.0
72,True,True,WINDSOR,TORONTO,2025-05-24,7,Aldershot,ALDR,2025-05-24T16:26:48Z,2025-05-24T16:29:00Z,ARR,goo,-2.0
72,True,True,WINDSOR,TORONTO,2025-05-24,8,Toronto,TRTO,2025-05-24T17:48:14Z,2025-05-24T17:51:00Z,ARR,goo,-2.0
73,True,True,TORONTO,WINDSOR,2025-05-24,0,Toronto,TRTO,2025-05-24T15:30:55Z,2025-05-24T15:30:00Z,ARR,goo,0.0
73,True,True,TORONTO,WINDSOR,2025-05-24,1,Aldershot,ALDR,2025-05-24T17:00:59Z,2025-05-24T16:49:00Z,ARR,med,11.0
73,True,True,TORONTO,WINDSOR,2025-05-24,2,Brantford,BRTF,2025-05-24T17:32:55Z,2025-05-24T17:20:00Z,ARR,med,12.0
73,True,True,TORONTO,WINDSOR,2025-05-24,3,Woodstock,WDST,2025-05-24T18:01:19Z,2025-05-24T17:49:00Z,ARR,med,12.0
73,True,True,TORONTO,WINDSOR,2025-05-24,4,London,LNDN,2025-05-24T18:32:19Z,2025-05-24T18:18:00Z,ARR,med,14.0
73,True,True,TORONTO,WINDSOR,2025-05-24,5,Chatham,CHAT,2025-05-24T19:48:34Z,2025-05-24T19:30:00Z,ARR,bad,18.0
73,True,True,TORONTO,WINDSOR,2025-05-24,6,Windsor,WDON,2025-05-24T20:33:03Z,2025-05-24T20:25:00Z,ARR,med,8.0
82,True,True,LONDON,TORONTO,2025-05-24,0,London,LNDN,2025-05-24T10:25:00Z,2025-05-24T10:25:00Z,ARR,goo,0.0
82,True,True,LONDON,TORONTO,2025-05-24,1,Woodstock,WDST,2025-05-24T10:54:24Z,2025-05-24T10:53:00Z,ARR,goo,1.0
82,True,True,LONDON,TORONTO,2025-05-24,2,Brantford,BRTF,2025-05-24T11:23:14Z,2025-05-24T11:23:00Z,ARR,goo,0.0
82,True,True,LONDON,TORONTO,2025-05-24,3,Toronto,TRTO,2025-05-24T13:47:55Z,2025-05-24T13:15:00Z,ARR,bad,32.0
84,True,True,SARNIA,TORONTO,2025-05-24,0,Sarnia,SARN,2025-05-24T12:40:00Z,2025-05-24T12:40:00Z,ARR,goo,0.0
84,True,True,SARNIA,TORONTO,2025-05-24,1,Wyoming,WYOM,2025-05-24T12:58:21Z,2025-05-24T12:55:00Z,ARR,goo,3.0
84,True,True,SARNIA,TORONTO,2025-05-24,2,Strathroy,STRR,2025-05-24T13:26:14Z,2025-05-24T13:27:00Z,ARR,goo,0.0
84,True,True,SARNIA,TORONTO,2025-05-24,3,London,LNDN,2025-05-24T13:51:19Z,2025-05-24T13:52:00Z,ARR,goo,0.0
84,True,True,SARNIA,TORONTO,2025-05-24,4,St.Marys,SMYS,2025-05-24T14:47:27Z,2025-05-24T14:45:00Z,ARR,goo,2.0
84,True,True,SARNIA,TORONTO,2025-05-24,5,Stratford,STRF,2025-05-24T15:16:22Z,2025-05-24T15:14:00Z,ARR,goo,2.0
84,True,True,SARNIA,TORONTO,2025-05-24,6,Kitchener,KITC,2025-05-24T16:07:09Z,2025-05-24T16:02:00Z,ARR,med,5.0
84,True,True,SARNIA,TORONTO,2025-05-24,7,Guelph,GUEL,2025-05-24T16:31:02Z,2025-05-24T16:24:00Z,ARR,med,7.0
84,True,True,SARNIA,TORONTO,2025-05-24,8,Georgetown,GEOR,2025-05-24T16:54:35Z,2025-05-24T16:47:00Z,ARR,med,7.0
84,True,True,SARNIA,TORONTO,2025-05-24,9,Brampton,BRMP,2025-05-24T17:06:19Z,2025-05-24T16:59:00Z,ARR,med,7.0
84,True,True,SARNIA,TORONTO,2025-05-24,10,Malton,MALT,2025-05-24T17:19:30Z,2025-05-24T17:11:00Z,ARR,med,8.0
84,True,True,SARNIA,TORONTO,2025-05-24,11,Toronto,TRTO,2025-05-24T17:40:55Z,2025-05-24T17:38:00Z,ARR,goo,2.0
644,True,True,TORONTO,OTTAWA,2025-05-24,0,Toronto,TRTO,2025-05-24T17:23:33Z,2025-05-24T17:22:00Z,ARR,goo,1.0
644,True,True,TORONTO,OTTAWA,2025-05-24,1,Oshawa,OSHA,2025-05-24T17:58:18Z,2025-05-24T17:53:00Z,ARR,med,5.0
644,True,True,TORONTO,OTTAWA,2025-05-24,2,Cobourg,CBRG,2025-05-24T18:42:00Z,2025-05-24T18:28:00Z,ARR,med,14.0
644,True,True,TORONTO,OTTAWA,2025-05-24,3,Belleville,BLVL,2025-05-24T19:25:04Z,2025-05-24T19:03:00Z,ARR,bad,22.0
644,True,True,TORONTO,OTTAWA,2025-05-24,4,Kingston,KGON,2025-05-24T20:14:04Z,2025-05-24T19:43:00Z,ARR,bad,31.0
644,True,True,TORONTO,OTTAWA,2025-05-24,5,Fallowfield,FALL,2025-05-24T21:58:59Z,2025-05-24T21:30:00Z,ARR,bad,28.0
644,True,True,TORONTO,OTTAWA,2025-05-24,6,Ottawa,OTTW,2025-05-24T22:25:42Z,2025-05-24T21:53:00Z,ARR,bad,32.0
643,True,True,OTTAWA,TORONTO,2025-05-24,0,Ottawa,OTTW,2025-05-24T12:29:30Z,2025-05-24T12:29:00Z,ARR,goo,0.0
643,True,True,OTTAWA,TORONTO,2025-05-24,1,Fallowfield,FALL,2025-05-24T12:45:30Z,2025-05-24T12:45:00Z,ARR,goo,0.0
643,True,True,OTTAWA,TORONTO,2025-05-24,2,Smiths Falls,SMTF,2025-05-24T13:15:33Z,2025-05-24T13:17:00Z,ARR,goo,-1.0
643,True,True,OTTAWA,TORONTO,2025-05-24,3,Brockville,BRKV,2025-05-24T13:48:21Z,2025-05-24T13:49:00Z,ARR,goo,0.0
643,True,True,OTTAWA,TORONTO,2025-05-24,4,Kingston,KGON,2025-05-24T14:41:31Z,2025-05-24T14:32:00Z,ARR,med,9.0
643,True,True,OTTAWA,TORONTO,2025-05-24,5,Napanee,NAPN,2025-05-24T15:07:49Z,2025-05-24T14:57:00Z,ARR,med,10.0
643,True,True,OTTAWA,TORONTO,2025-05-24,6,Belleville,BLVL,2025-05-24T15:33:01Z,2025-05-24T15:17:00Z,ARR,bad,16.0
643,True,True,OTTAWA,TORONTO,2025-05-24,7,Trenton Jct.,TRNJ,2025-05-24T15:46:04Z,2025-05-24T15:31:00Z,ARR,bad,15.0
643,True,True,OTTAWA,TORONTO,2025-05-24,8,Cobourg,CBRG,2025-05-24T16:18:18Z,2025-05-24T15:57:00Z,ARR,bad,21.0
643,True,True,OTTAWA,TORONTO,2025-05-24,9,Port Hope,PHOP,2025-05-24T16:28:05Z,2025-05-24T16:07:00Z,ARR,bad,21.0
643,True,True,OTTAWA,TORONTO,2025-05-24,10,Oshawa,OSHA,2025-05-24T17:02:32Z,2025-05-24T16:35:00Z,ARR,bad,27.0
643,True,True,OTTAWA,TORONTO,2025-05-24,11,Guildwood,GUIL,2025-05-24T17:24:56Z,2025-05-24T16:58:00Z,ARR,bad,26.0
643,True,True,OTTAWA,TORONTO,2025-05-24,12,Toronto,TRTO,2025-05-24T17:43:42Z,2025-05-24T17:18:00Z,ARR,bad,25.0
97,True,True,TORONTO,NIAGARA FALLS,2025-05-24,0,Toronto,TRTO,2025-05-24T12:20:00Z,2025-05-24T12:20:00Z,ARR,goo,0.0
97,True,True,TORONTO,NIAGARA FALLS,2025-05-24,1,Aldershot,ALDR,2025-05-24T13:39:00Z,2025-05-24T13:39:00Z,ARR,goo,0.0
97,True,True,TORONTO,NIAGARA FALLS,2025-05-24,2,Grimsby,GRIM,2025-05-24T14:17:00Z,2025-05-24T14:17:00Z,ARR,goo,0.0
97,True,True,TORONTO,NIAGARA FALLS,2025-05-24,3,St. Catharines,SCAT,2025-05-24T14:37:00Z,2025-05-24T14:37:00Z,ARR,goo,0.0
97,True,True,TORONTO,NIAGARA FALLS,2025-05-24,4,Niagara Falls,NIAG,2025-05-24T15:00:00Z,2025-05-24T15:00:00Z,ARR,goo,0.0
633,True,True,MONTRÉAL,OTTAWA,2025-05-24,0,Montréal,MTRL,2025-05-24T13:00:00Z,2025-05-24T13:00:00Z,ARR,goo,0.0
633,True,True,MONTRÉAL,OTTAWA,2025-05-24,1,Dorval,DORV,2025-05-24T13:24:22Z,2025-05-24T13:24:00Z,ARR,goo,0.0
633,True,True,MONTRÉAL,OTTAWA,2025-05-24,2,Alexandria,ALEX,2025-05-24T14:12:40Z,2025-05-24T14:11:00Z,ARR,goo,1.0
633,True,True,MONTRÉAL,OTTAWA,2025-05-24,3,Casselman,CSLM,2025-05-24T14:41:59Z,2025-05-24T14:34:00Z,ARR,med,7.0
633,True,True,MONTRÉAL,OTTAWA,2025-05-24,4,Ottawa,OTTW,2025-05-24T15:07:40Z,2025-05-24T15:05:00Z,ARR,goo,2.0
622,True,True,MONTRÉAL,QUÉBEC,2025-05-24,0,Montréal,MTRL,2025-05-24T12:20:00Z,2025-05-24T12:20:00Z,ARR,goo,0.0
622,True,True,MONTRÉAL,QUÉBEC,2025-05-24,1,St. Lambert,SLAM,2025-05-24T12:36:20Z,2025-05-24T12:33:00Z,ARR,goo,3.0
622,True,True,MONTRÉAL,QUÉBEC,2025-05-24,2,St. Hyacinthe,SHYA,2025-05-24T13:10:29Z,2025-05-24T13:00:00Z,ARR,med,10.0
622,True,True,MONTRÉAL,QUÉBEC,2025-05-24,3,Drummondville,DRMV,2025-05-24T13:44:13Z,2025-05-24T13:29:00Z,ARR,bad,15.0
622,True,True,MONTRÉAL,QUÉBEC,2025-05-24,4,Ste-Foy,SFOY,2025-05-24T15:28:57Z,2025-05-24T15:11:00Z,ARR,bad,17.0
622,True,True,MONTRÉAL,QUÉBEC,2025-05-24,5,Québec,QBEC,2025-05-24T15:58:21Z,2025-05-24T15:39:00Z,ARR,bad,19.0
62,True,True,TORONTO,MONTRÉAL,2025-05-24,0,Toronto,TRTO,2025-05-24T12:32:00Z,2025-05-24T12:32:00Z,ARR,goo,0.0
62,True,True,TORONTO,MONTRÉAL,2025-05-24,1,Guildwood,GUIL,2025-05-24T12:48:19Z,2025-05-24T12:50:00Z,ARR,goo,-1.0
62,True,True,TORONTO,MONTRÉAL,2025-05-24,2,Oshawa,OSHA,2025-05-24T13:07:40Z,2025-05-24T13:09:00Z,ARR,goo,-1.0
62,True,True,TORONTO,MONTRÉAL,2025-05-24,3,Cobourg,CBRG,2025-05-24T13:45:07Z,2025-05-24T13:44:00Z,ARR,goo,1.0
62,True,True,TORONTO,MONTRÉAL,2025-05-24,4,Belleville,BLVL,2025-05-24T14:26:30Z,2025-05-24T14:20:00Z,ARR,med,6.0
62,True,True,TORONTO,MONTRÉAL,2025-05-24,5,Kingston,KGON,2025-05-24T15:03:22Z,2025-05-24T15:00:00Z,ARR,goo,3.0
62,True,True,TORONTO,MONTRÉAL,2025-05-24,6,Cornwall,CWLL,2025-05-24T16:39:36Z,2025-05-24T16:43:00Z,ARR,goo,-3.0
62,True,True,TORONTO,MONTRÉAL,2025-05-24,7,Dorval,DORV,2025-05-24T17:34:15Z,2025-05-24T17:34:00Z,ARR,goo,0.0
62,True,True,TORONTO,MONTRÉAL,2025-05-24,8,Montréal,MTRL,2025-05-24T17:58:17Z,2025-05-24T18:00:00Z,ARR,goo,-1.0
624,True,True,OTTAWA,QUÉBEC,2025-05-24,0,Ottawa,OTTW,2025-05-24T11:45:00Z,2025-05-24T11:45:00Z,ARR,goo,0.0
624,True,True,OTTAWA,QUÉBEC,2025-05-24,1,Alexandria,ALEX,2025-05-24T12:25:47Z,2025-05-24T12:31:00Z,ARR,goo,-5.0
624,True,True,OTTAWA,QUÉBEC,2025-05-24,2,Dorval,DORV,2025-05-24T13:17:33Z,2025-05-24T13:16:00Z,ARR,goo,1.0
624,True,True,OTTAWA,QUÉBEC,2025-05-24,3,Montréal,MTRL,2025-05-24T13:39:02Z,2025-05-24T13:39:00Z,ARR,goo,0.0
624,True,True,OTTAWA,QUÉBEC,2025-05-24,4,St. Lambert,SLAM,2025-05-24T14:29:45Z,2025-05-24T14:28:00Z,ARR,goo,1.0
624,True,True,OTTAWA,QUÉBEC,2025-05-24,5,St. Hyacinthe,SHYA,2025-05-24T15:05:03Z,2025-05-24T15:06:00Z,ARR,goo,0.0
624,True,True,OTTAWA,QUÉBEC,2025-05-24,6,Drummondville,DRMV,2025-05-24T15:41:59Z,2025-05-24T15:34:00Z,ARR,med,7.0
624,True,True,OTTAWA,QUÉBEC,2025-05-24,7,Charny,CHNY,2025-05-24T17:29:36Z,2025-05-24T17:13:00Z,ARR,bad,16.0
624,True,True,OTTAWA,QUÉBEC,2025-05-24,8,Ste-Foy,SFOY,2025-05-24T17:37:02Z,2025-05-24T17:20:00Z,ARR,bad,17.0
624,True,True,OTTAWA,QUÉBEC,2025-05-24,9,Québec,QBEC,2025-05-24T18:06:02Z,2025-05-24T17:48:00Z,ARR,bad,18.0
40,True,True,TORONTO,OTTAWA,2025-05-24,0,Toronto,TRTO,2025-05-24T14:37:00Z,2025-05-24T14:37:00Z,ARR,goo,0.0
40,True,True,TORONTO,OTTAWA,2025-05-24,1,Belleville,BLVL,2025-05-24T16:11:29Z,2025-05-24T16:09:00Z,ARR,goo,2.0
40,True,True,TORONTO,OTTAWA,2025-05-24,2,Kingston,KGON,2025-05-24T16:49:37Z,2025-05-24T16:48:00Z,ARR,goo,1.0
40,True,True,TORONTO,OTTAWA,2025-05-24,3,Fallowfield,FALL,2025-05-24T18:42:27Z,2025-05-24T18:38:00Z,ARR,goo,4.0
40,True,True,TORONTO,OTTAWA,2025-05-24,4,Ottawa,OTTW,2025-05-24T19:02:55Z,2025-05-24T19:02:00Z,ARR,goo,0.0
60,True,True,TORONTO,MONTRÉAL,2025-05-24,0,Toronto,TRTO,2025-05-24T10:32:00Z,2025-05-24T10:32:00Z,ARR,goo,0.0
60,True,True,TORONTO,MONTRÉAL,2025-05-24,1,Guildwood,GUIL,2025-05-24T10:47:55Z,2025-05-24T10:50:00Z,ARR,goo,-2.0
60,True,True,TORONTO,MONTRÉAL,2025-05-24,2,Oshawa,OSHA,2025-05-24T11:07:30Z,2025-05-24T11:08:00Z,ARR,goo,0.0
60,True,True,TORONTO,MONTRÉAL,2025-05-24,3,Cobourg,CBRG,2025-05-24T11:44:50Z,2025-05-24T11:43:00Z,ARR,goo,1.0
60,True,True,TORONTO,MONTRÉAL,2025-05-24,4,Belleville,BLVL,2025-05-24T12:19:08Z,2025-05-24T12:18:00Z,ARR,goo,1.0
60,True,True,TORONTO,MONTRÉAL,2025-05-24,5,Kingston,KGON,2025-05-24T12:58:31Z,2025-05-24T12:57:00Z,ARR,goo,1.0
60,True,True,TORONTO,MONTRÉAL,2025-05-24,6,Cornwall,CWLL,2025-05-24T14:45:26Z,2025-05-24T14:38:00Z,ARR,med,7.0
60,True,True,TORONTO,MONTRÉAL,2025-05-24,7,Dorval,DORV,2025-05-24T15:52:18Z,2025-05-24T15:25:00Z,ARR,bad,27.0
60,True,True,TORONTO,MONTRÉAL,2025-05-24,8,Montréal,MTRL,2025-05-24T16:20:19Z,2025-05-24T15:50:00Z,ARR,bad,30.0
35,True,True,QUÉBEC,OTTAWA,2025-05-24,0,Québec,QBEC,2025-05-24T12:06:00Z,2025-05-24T12:06:00Z,ARR,goo,0.0
35,True,True,QUÉBEC,OTTAWA,2025-05-24,1,Ste-Foy,SFOY,2025-05-24T12:33:14Z,2025-05-24T12:31:00Z,ARR,goo,2.0
35,True,True,QUÉBEC,OTTAWA,2025-05-24,2,Charny,CHNY,2025-05-24T12:42:55Z,2025-05-24T12:40:00Z,ARR,goo,2.0
35,True,True,QUÉBEC,OTTAWA,2025-05-24,3,Drummondville,DRMV,2025-05-24T14:21:23Z,2025-05-24T14:14:00Z,ARR,med,7.0
35,True,True,QUÉBEC,OTTAWA,2025-05-24,4,St. Hyacinthe,SHYA,2025-05-24T14:59:07Z,2025-05-24T14:44:00Z,ARR,bad,15.0
35,True,True,QUÉBEC,OTTAWA,2025-05-24,5,St. Lambert,SLAM,2025-05-24T15:35:15Z,2025-05-24T15:11:00Z,ARR,bad,24.0
35,True,True,QUÉBEC,OTTAWA,2025-05-24,6,Montréal,MTRL,2025-05-24T15:50:36Z,2025-05-24T15:26:00Z,ARR,bad,24.0
35,True,True,QUÉBEC,OTTAWA,2025-05-24,7,Dorval,DORV,2025-05-24T16:24:00Z,2025-05-24T16:18:00Z,ARR,med,6.0
35,True,True,QUÉBEC,OTTAWA,2025-05-24,8,Coteau,COTO,2025-05-24T17:06:08Z,2025-05-24T16:46:00Z,ARR,bad,20.0
35,True,True,QUÉBEC,OTTAWA,2025-05-24,9,Alexandria,ALEX,2025-05-24T17:29:05Z,2025-05-24T17:08:00Z,ARR,bad,21.0
35,True,True,QUÉBEC,OTTAWA,2025-05-24,10,Casselman,CSLM,2025-05-24T17:50:13Z,2025-05-24T17:31:00Z,ARR,bad,19.0
35,True,True,QUÉBEC,OTTAWA,2025-05-24,11,Ottawa,OTTW,2025-05-24T18:16:02Z,2025-05-24T17:58:00Z,ARR,bad,18.0
67,True,True,MONTRÉAL,TORONTO,2025-05-24,0,Montréal,MTRL,2025-05-24T17:22:00Z,2025-05-24T17:22:00Z,ARR,goo,0.0
67,True,True,MONTRÉAL,TORONTO,2025-05-24,1,Dorval,DORV,2025-05-24T17:54:20Z,2025-05-24T17:47:00Z,ARR,med,7.0
67,True,True,MONTRÉAL,TORONTO,2025-05-24,2,Cornwall,CWLL,2025-05-24T18:54:09Z,2025-05-24T18:38:00Z,ARR,bad,16.0
67,True,True,MONTRÉAL,TORONTO,2025-05-24,3,Kingston,KGON,2025-05-24T20:28:17Z,2025-05-24T20:03:00Z,ARR,bad,25.0
67,True,True,MONTRÉAL,TORONTO,2025-05-24,4,Belleville,BLVL,2025-05-24T21:07:07Z,2025-05-24T20:42:00Z,ARR,bad,25.0
67,True,True,MONTRÉAL,TORONTO,2025-05-24,5,Cobourg,CBRG,2025-05-24T21:40:47Z,2025-05-24T21:17:00Z,ARR,bad,23.0
67,True,True,MONTRÉAL,TORONTO,2025-05-24,6,Oshawa,OSHA,2025-05-24T22:17:22Z,2025-05-24T21:50:00Z,ARR,bad,27.0
67,True,True,MONTRÉAL,TORONTO,2025-05-24,7,Toronto,TRTO,2025-05-24T23:32:30Z,2025-05-24T22:45:00Z,ARR,bad,47.0
47,True,True,OTTAWA,TORONTO,2025-05-24,0,Ottawa,OTTW,2025-05-24T16:23:00Z,2025-05-24T16:23:00Z,ARR,goo,0.0
47,True,True,OTTAWA,TORONTO,2025-05-24,1,Fallowfield,FALL,2025-05-24T16:38:30Z,2025-05-24T16:40:00Z,ARR,goo,-1.0
47,True,True,OTTAWA,TORONTO,2025-05-24,2,Smiths Falls,SMTF,2025-05-24T17:12:35Z,2025-05-24T17:18:00Z,ARR,goo,-5.0
47,True,True,OTTAWA,TORONTO,2025-05-24,3,Brockville,BRKV,2025-05-24T18:11:45Z,2025-05-24T17:54:00Z,ARR,bad,17.0
47,True,True,OTTAWA,TORONTO,2025-05-24,4,Gananoque,GANA,2025-05-24T18:37:05Z,2025-05-24T18:22:00Z,ARR,bad,15.0
47,True,True,OTTAWA,TORONTO,2025-05-24,5,Kingston,KGON,2025-05-24T18:57:16Z,2025-05-24T18:45:00Z,ARR,med,12.0
47,True,True,OTTAWA,TORONTO,2025-05-24,6,Belleville,BLVL,2025-05-24T19:34:14Z,2025-05-24T19:26:00Z,ARR,med,8.0
47,True,True,OTTAWA,TORONTO,2025-05-24,7,Oshawa,OSHA,2025-05-24T21:21:26Z,2025-05-24T20:33:00Z,ARR,bad,48.0
47,True,True,OTTAWA,TORONTO,2025-05-24,8,Guildwood,GUIL,2025-05-24T21:50:52Z,2025-05-24T20:58:00Z,ARR,bad,52.0
47,True,True,OTTAWA,TORONTO,2025-05-24,9,Toronto,TRTO,2025-05-24T22:12:23Z,2025-05-24T21:30:00Z,ARR,bad,42.0
637,True,True,QUÉBEC,OTTAWA,2025-05-24,0,Québec,QBEC,2025-05-24T14:00:00Z,2025-05-24T14:00:00Z,ARR,goo,0.0
637,True,True,QUÉBEC,OTTAWA,2025-05-24,1,Ste-Foy,SFOY,2025-05-24T14:27:21Z,2025-05-24T14:25:00Z,ARR,goo,2.0
637,True,True,QUÉBEC,OTTAWA,2025-05-24,2,Drummondville,DRMV,2025-05-24T16:31:56Z,2025-05-24T16:08:00Z,ARR,bad,23.0
637,True,True,QUÉBEC,OTTAWA,2025-05-24,3,St. Lambert,SLAM,2025-05-24T17:53:37Z,2025-05-24T17:16:00Z,ARR,bad,37.0
637,True,True,QUÉBEC,OTTAWA,2025-05-24,4,Montréal,MTRL,2025-05-24T18:08:58Z,2025-05-24T17:31:00Z,ARR,bad,37.0
637,True,True,QUÉBEC,OTTAWA,2025-05-24,5,Dorval,DORV,2025-05-24T18:59:17Z,2025-05-24T18:20:00Z,ARR,bad,39.0
637,True,True,QUÉBEC,OTTAWA,2025-05-24,6,Alexandria,ALEX,2025-05-24T19:54:54Z,2025-05-24T19:10:00Z,ARR,bad,44.0
637,True,True,QUÉBEC,OTTAWA,2025-05-24,7,Ottawa,OTTW,2025-05-24T20:44:27Z,2025-05-24T19:56:00Z,ARR,bad,48.0
63,True,True,MONTRÉAL,TORONTO,2025-05-24,0,Montréal,MTRL,2025-05-24T12:46:00Z,2025-05-24T12:46:00Z,ARR,goo,0.0
63,True,True,MONTRÉAL,TORONTO,2025-05-24,1,Dorval,DORV,2025-05-24T13:11:12Z,2025-05-24T13:11:00Z,ARR,goo,0.0
63,True,True,MONTRÉAL,TORONTO,2025-05-24,2,Cornwall,CWLL,2025-05-24T14:11:46Z,2025-05-24T14:04:00Z,ARR,med,7.0
63,True,True,MONTRÉAL,TORONTO,2025-05-24,3,Brockville,BRKV,2025-05-24T15:14:46Z,2025-05-24T14:54:00Z,ARR,bad,20.0
63,True,True,MONTRÉAL,TORONTO,2025-05-24,4,Kingston,KGON,2025-05-24T16:00:25Z,2025-05-24T15:39:00Z,ARR,bad,21.0
63,True,True,MONTRÉAL,TORONTO,2025-05-24,5,Belleville,BLVL,2025-05-24T16:41:08Z,2025-05-24T16:20:00Z,ARR,bad,21.0
63,True,True,MONTRÉAL,TORONTO,2025-05-24,6,Cobourg,CBRG,2025-05-24T17:17:25Z,2025-05-24T16:58:00Z,ARR,bad,19.0
63,True,True,MONTRÉAL,TORONTO,2025-05-24,7,Oshawa,OSHA,2025-05-24T17:51:33Z,2025-05-24T17:34:00Z,ARR,bad,17.0
63,True,True,MONTRÉAL,TORONTO,2025-05-24,8,Guildwood,GUIL,2025-05-24T18:15:20Z,2025-05-24T17:58:00Z,ARR,bad,17.0
63,True,True,MONTRÉAL,TORONTO,2025-05-24,9,Toronto,TRTO,2025-05-24T18:35:10Z,2025-05-24T18:18:00Z,ARR,bad,17.0
50,True,True,TORONTO,OTTAWA,2025-05-24,0,Toronto,TRTO,2025-05-24T10:32:00Z,2025-05-24T10:32:00Z,ARR,goo,0.0
50,True,True,TORONTO,OTTAWA,2025-05-24,1,Guildwood,GUIL,2025-05-24T10:48:02Z,2025-05-24T10:50:00Z,ARR,goo,-1.0
50,True,True,TORONTO,OTTAWA,2025-05-24,2,Oshawa,OSHA,2025-05-24T11:07:34Z,2025-05-24T11:08:00Z,ARR,goo,0.0
50,True,True,TORONTO,OTTAWA,2025-05-24,3,Cobourg,CBRG,2025-05-24T11:44:53Z,2025-05-24T11:43:00Z,ARR,goo,1.0
50,True,True,TORONTO,OTTAWA,2025-05-24,4,Belleville,BLVL,2025-05-24T12:19:28Z,2025-05-24T12:18:00Z,ARR,goo,1.0
50,True,True,TORONTO,OTTAWA,2025-05-24,5,Kingston,KGON,2025-05-24T12:58:54Z,2025-05-24T12:57:00Z,ARR,goo,1.0
50,True,True,TORONTO,OTTAWA,2025-05-24,6,Brockville,BRKV,2025-05-24T14:08:41Z,2025-05-24T13:54:00Z,ARR,med,14.0
50,True,True,TORONTO,OTTAWA,2025-05-24,7,Smiths Falls,SMTF,2025-05-24T14:30:55Z,2025-05-24T14:29:00Z,ARR,goo,1.0
50,True,True,TORONTO,OTTAWA,2025-05-24,8,Fallowfield,FALL,2025-05-24T14:56:33Z,2025-05-24T15:01:00Z,ARR,goo,-4.0
50,True,True,TORONTO,OTTAWA,2025-05-24,9,Ottawa,OTTW,2025-05-24T15:14:31Z,2025-05-24T15:21:00Z,ARR,goo,-6.0
76,True,True,WINDSOR,TORONTO,2025-05-24,0,Windsor,WDON,2025-05-24T17:46:00Z,2025-05-24T17:46:00Z,ARR,goo,0.0
76,True,True,WINDSOR,TORONTO,2025-05-24,1,Chatham,CHAT,2025-05-24T18:30:40Z,2025-05-24T18:28:00Z,ARR,goo,2.0
76,True,True,WINDSOR,TORONTO,2025-05-24,2,Glencoe,GLNC,2025-05-24T19:14:35Z,2025-05-24T19:03:00Z,ARR,med,11.0
76,True,True,WINDSOR,TORONTO,2025-05-24,3,London,LNDN,2025-05-24T19:43:23Z,2025-05-24T19:38:00Z,ARR,med,5.0
76,True,True,WINDSOR,TORONTO,2025-05-24,4,Brantford,BRTF,2025-05-24T20:41:36Z,2025-05-24T20:39:00Z,ARR,goo,2.0
76,True,True,WINDSOR,TORONTO,2025-05-24,5,Aldershot,ALDR,2025-05-24T21:12:11Z,2025-05-24T21:10:00Z,ARR,goo,2.0
76,True,True,WINDSOR,TORONTO,2025-05-24,6,Toronto,TRTO,2025-05-24T23:18:29Z,2025-05-24T22:33:00Z,ARR,bad,45.0
645,True,True,OTTAWA,TORONTO,2025-05-24,0,Ottawa,OTTW,2025-05-24T18:29:00Z,2025-05-24T18:29:00Z,ARR,goo,0.0
645,True,True,OTTAWA,TORONTO,2025-05-24,1,Fallowfield,FALL,2025-05-24T19:02:10Z,2025-05-24T18:49:00Z,ARR,med,13.0
645,True,True,OTTAWA,TORONTO,2025-05-24,2,Kingston,KGON,2025-05-24T20:52:46Z,2025-05-24T20:34:00Z,ARR,bad,18.0
645,True,True,OTTAWA,TORONTO,2025-05-24,3,Belleville,BLVL,2025-05-24T21:41:11Z,2025-05-24T21:15:00Z,ARR,bad,26.0
645,True,True,OTTAWA,TORONTO,2025-05-24,4,Oshawa,OSHA,2025-05-24T23:05:06Z,2025-05-24T22:20:00Z,ARR,bad,45.0
645,True,True,OTTAWA,TORONTO,2025-05-24,5,Toronto,TRTO,2025-05-24T23:58:34Z,2025-05-24T23:15:00Z,ARR,bad,43.0
26,True,True,OTTAWA,QUÉBEC,2025-05-24,0,Ottawa,OTTW,2025-05-24T18:17:02Z,2025-05-24T18:17:00Z,ARR,goo,0.0
26,True,True,OTTAWA,QUÉBEC,2025-05-24,1,Alexandria,ALEX,2025-05-24T18:59:53Z,2025-05-24T19:03:00Z,ARR,goo,-3.0
26,True,True,OTTAWA,QUÉBEC,2025-05-24,2,Coteau,COTO,2025-05-24T19:20:15Z,2025-05-24T19:26:00Z,ARR,goo,-5.0
26,True,True,OTTAWA,QUÉBEC,2025-05-24,3,Dorval,DORV,2025-05-24T19:48:18Z,2025-05-24T19:49:00Z,ARR,goo,0.0
26,True,True,OTTAWA,QUÉBEC,2025-05-24,4,Montréal,MTRL,2025-05-24T20:17:50Z,2025-05-24T20:15:00Z,ARR,goo,2.0
26,True,True,OTTAWA,QUÉBEC,2025-05-24,5,St. Lambert,SLAM,2025-05-24T20:58:19Z,2025-05-24T20:53:00Z,ARR,med,5.0
26,True,True,OTTAWA,QUÉBEC,2025-05-24,6,St. Hyacinthe,SHYA,2025-05-24T21:30:09Z,2025-05-24T21:20:00Z,ARR,med,10.0
26,True,True,OTTAWA,QUÉBEC,2025-05-24,7,Drummondville,DRMV,2025-05-24T22:23:39Z,2025-05-24T22:05:00Z,ARR,bad,18.0
26,True,True,OTTAWA,QUÉBEC,2025-05-24,8,Charny,CHNY,2025-05-25T00:08:45Z,2025-05-24T23:44:00Z,ARR,bad,24.0
26,True,True,OTTAWA,QUÉBEC,2025-05-24,9,Ste-Foy,SFOY,2025-05-25T00:16:17Z,2025-05-24T23:52:00Z,ARR,bad,24.0
26,True,True,OTTAWA,QUÉBEC,2025-05-24,10,Québec,QBEC,2025-05-25T00:47:19Z,2025-05-25T00:19:00Z,ARR,bad,28.0
39,True,True,QUÉBEC,OTTAWA,2025-05-24,0,Québec,QBEC,2025-05-24T18:57:00Z,2025-05-24T18:57:00Z,ARR,goo,0.0
39,True,True,QUÉBEC,OTTAWA,2025-05-24,1,Ste-Foy,SFOY,2025-05-24T19:23:02Z,2025-05-24T19:22:00Z,ARR,goo,1.0
39,True,True,QUÉBEC,OTTAWA,2025-05-24,2,Drummondville,DRMV,2025-05-24T21:05:15Z,2025-05-24T20:58:00Z,ARR,med,7.0
39,True,True,QUÉBEC,OTTAWA,2025-05-24,3,St. Lambert,SLAM,2025-05-24T22:08:18Z,2025-05-24T21:57:00Z,ARR,med,11.0
39,True,True,QUÉBEC,OTTAWA,2025-05-24,4,Montréal,MTRL,2025-05-24T22:22:41Z,2025-05-24T22:11:00Z,ARR,med,11.0
39,True,True,QUÉBEC,OTTAWA,2025-05-24,5,Dorval,DORV,2025-05-24T23:12:47Z,2025-05-24T23:14:00Z,ARR,goo,-1.0
39,True,True,QUÉBEC,OTTAWA,2025-05-24,6,Coteau,COTO,2025-05-24T23:48:42Z,2025-05-24T23:43:00Z,ARR,med,5.0
39,True,True,QUÉBEC,OTTAWA,2025-05-24,7,Alexandria,ALEX,2025-05-25T00:07:42Z,2025-05-25T00:06:00Z,ARR,goo,1.0
39,True,True,QUÉBEC,OTTAWA,2025-05-24,8,Ottawa,OTTW,2025-05-25T00:50:50Z,2025-05-25T00:51:00Z,ARR,goo,0.0
66,True,True,TORONTO,MONTRÉAL,2025-05-24,0,Toronto,TRTO,2025-05-24T19:22:53Z,2025-05-24T19:22:00Z,ARR,goo,0.0
66,True,True,TORONTO,MONTRÉAL,2025-05-24,1,Guildwood,GUIL,2025-05-24T19:41:08Z,2025-05-24T19:40:00Z,ARR,goo,1.0
66,True,True,TORONTO,MONTRÉAL,2025-05-24,2,Oshawa,OSHA,2025-05-24T20:02:05Z,2025-05-24T19:54:00Z,ARR,med,8.0
66,True,True,TORONTO,MONTRÉAL,2025-05-24,3,Belleville,BLVL,2025-05-24T21:05:46Z,2025-05-24T21:00:00Z,ARR,med,5.0
66,True,True,TORONTO,MONTRÉAL,2025-05-24,4,Kingston,KGON,2025-05-24T21:59:06Z,2025-05-24T21:40:00Z,ARR,bad,19.0
66,True,True,TORONTO,MONTRÉAL,2025-05-24,5,Cornwall,CWLL,2025-05-24T23:23:56Z,2025-05-24T23:07:00Z,ARR,bad,16.0
66,True,True,TORONTO,MONTRÉAL,2025-05-24,6,Dorval,DORV,2025-05-25T00:12:27Z,2025-05-24T23:58:00Z,ARR,med,14.0
66,True,True,TORONTO,MONTRÉAL,2025-05-24,7,Montréal,MTRL,2025-05-25T00:43:46Z,2025-05-25T00:25:00Z,ARR,bad,18.0
46,True,True,TORONTO,OTTAWA,2025-05-24,0,Toronto,TRTO,2025-05-24T19:37:00Z,2025-05-24T19:37:00Z,ARR,goo,0.0
46,True,True,TORONTO,OTTAWA,2025-05-24,1,Oshawa,OSHA,2025-05-24T20:12:34Z,2025-05-24T20:09:00Z,ARR,goo,3.0
46,True,True,TORONTO,OTTAWA,2025-05-24,2,Cobourg,CBRG,2025-05-24T21:14:18Z,2025-05-24T20:43:00Z,ARR,bad,31.0
46,True,True,TORONTO,OTTAWA,2025-05-24,3,Kingston,KGON,2025-05-24T22:42:35Z,2025-05-24T21:54:00Z,ARR,bad,48.0
46,True,True,TORONTO,OTTAWA,2025-05-24,4,Brockville,BRKV,2025-05-24T23:38:50Z,2025-05-24T22:40:00Z,ARR,bad,58.0
46,True,True,TORONTO,OTTAWA,2025-05-24,5,Fallowfield,FALL,2025-05-25T00:31:54Z,2025-05-24T23:40:00Z,ARR,bad,51.0
46,True,True,TORONTO,OTTAWA,2025-05-24,6,Ottawa,OTTW,2025-05-25T00:52:02Z,2025-05-25T00:00:00Z,ARR,bad,52.0
28,True,True,OTTAWA,QUÉBEC,2025-05-24,0,Ottawa,OTTW,2025-05-24T20:05:00Z,2025-05-24T20:05:00Z,ARR,goo,0.0
28,True,True,OTTAWA,QUÉBEC,2025-05-24,1,Casselman,CSLM,2025-05-24T20:31:36Z,2025-05-24T20:31:00Z,ARR,goo,0.0
28,True,True,OTTAWA,QUÉBEC,2025-05-24,2,Alexandria,ALEX,2025-05-24T20:53:17Z,2025-05-24T20:53:00Z,ARR,goo,0.0
28,True,True,OTTAWA,QUÉBEC,2025-05-24,3,Coteau,COTO,2025-05-24T21:14:43Z,2025-05-24T21:15:00Z,ARR,goo,0.0
28,True,True,OTTAWA,QUÉBEC,2025-05-24,4,Dorval,DORV,2025-05-24T21:47:27Z,2025-05-24T21:38:00Z,ARR,med,9.0
28,True,True,OTTAWA,QUÉBEC,2025-05-24,5,Montréal,MTRL,2025-05-24T22:12:04Z,2025-05-24T22:04:00Z,ARR,med,8.0
28,True,True,OTTAWA,QUÉBEC,2025-05-24,6,St. Lambert,SLAM,2025-05-24T22:47:13Z,2025-05-24T22:38:00Z,ARR,med,9.0
28,True,True,OTTAWA,QUÉBEC,2025-05-24,7,St. Hyacinthe,SHYA,2025-05-24T23:27:35Z,2025-05-24T23:06:00Z,ARR,bad,21.0
28,True,True,OTTAWA,QUÉBEC,2025-05-24,8,Drummondville,DRMV,2025-05-25T00:05:38Z,2025-05-24T23:52:00Z,ARR,med,13.0
28,True,True,OTTAWA,QUÉBEC,2025-05-24,9,Charny,CHNY,2025-05-25T01:34:49Z,2025-05-25T01:14:00Z,ARR,bad,20.0
28,True,True,OTTAWA,QUÉBEC,2025-05-24,10,Ste-Foy,SFOY,2025-05-25T01:42:54Z,2025-05-25T01:21:00Z,ARR,bad,21.0
28,True,True,OTTAWA,QUÉBEC,2025-05-24,11,Québec,QBEC,2025-05-25T02:13:29Z,2025-05-25T01:48:00Z,ARR,bad,25.0
69,True,True,MONTRÉAL,TORONTO,2025-05-24,0,Montréal,MTRL,2025-05-24T20:38:00Z,2025-05-24T20:38:00Z,ARR,goo,0.0
69,True,True,MONTRÉAL,TORONTO,2025-05-24,1,Dorval,DORV,2025-05-24T21:01:46Z,2025-05-24T21:04:00Z,ARR,goo,-2.0
69,True,True,MONTRÉAL,TORONTO,2025-05-24,2,Cornwall,CWLL,2025-05-24T22:01:43Z,2025-05-24T21:53:00Z,ARR,med,8.0
69,True,True,MONTRÉAL,TORONTO,2025-05-24,3,Brockville,BRKV,2025-05-24T22:52:25Z,2025-05-24T22:40:00Z,ARR,med,12.0
69,True,True,MONTRÉAL,TORONTO,2025-05-24,4,Kingston,KGON,2025-05-24T23:42:19Z,2025-05-24T23:24:00Z,ARR,bad,18.0
69,True,True,MONTRÉAL,TORONTO,2025-05-24,5,Oshawa,OSHA,2025-05-25T01:42:48Z,2025-05-25T01:05:00Z,ARR,bad,37.0
69,True,True,MONTRÉAL,TORONTO,2025-05-24,6,Guildwood,GUIL,2025-05-25T02:21:33Z,2025-05-25T01:28:00Z,ARR,bad,53.0
69,True,True,MONTRÉAL,TORONTO,2025-05-24,7,Toronto,TRTO,2025-05-25T02:44:30Z,2025-05-25T01:48:00Z,ARR,bad,56.0
68,True,True,TORONTO,MONTRÉAL,2025-05-24,0,Toronto,TRTO,2025-05-24T21:10:03Z,2025-05-24T21:07:00Z,ARR,goo,3.0
68,True,True,TORONTO,MONTRÉAL,2025-05-24,1,Oshawa,OSHA,2025-05-24T21:47:27Z,2025-05-24T21:39:00Z,ARR,med,8.0
68,True,True,TORONTO,MONTRÉAL,2025-05-24,2,Cobourg,CBRG,2025-05-24T22:52:59Z,2025-05-24T22:14:00Z,ARR,bad,38.0
68,True,True,TORONTO,MONTRÉAL,2025-05-24,3,Belleville,BLVL,2025-05-24T23:27:27Z,2025-05-24T22:49:00Z,ARR,bad,38.0
68,True,True,TORONTO,MONTRÉAL,2025-05-24,4,Kingston,KGON,2025-05-25T00:03:40Z,2025-05-24T23:26:00Z,ARR,bad,37.0
68,True,True,TORONTO,MONTRÉAL,2025-05-24,5,Brockville,BRKV,2025-05-25T00:46:49Z,2025-05-25T00:11:00Z,ARR,bad,35.0
68,True,True,TORONTO,MONTRÉAL,2025-05-24,6,Cornwall,CWLL,2025-05-25T01:32:15Z,2025-05-25T00:57:00Z,ARR,bad,35.0
68,True,True,TORONTO,MONTRÉAL,2025-05-24,7,Dorval,DORV,2025-05-25T02:27:17Z,2025-05-25T01:47:00Z,ARR,bad,40.0
68,True,True,TORONTO,MONTRÉAL,2025-05-24,8,Montréal,MTRL,2025-05-25T02:50:56Z,2025-05-25T02:14:00Z,ARR,bad,36.0
54,True,True,TORONTO,OTTAWA,2025-05-24,0,Toronto,TRTO,2025-05-24T21:38:44Z,2025-05-24T21:37:00Z,ARR,goo,1.0
54,True,True,TORONTO,OTTAWA,2025-05-24,1,Guildwood,GUIL,2025-05-24T22:06:09Z,2025-05-24T21:55:00Z,ARR,med,11.0
54,True,True,TORONTO,OTTAWA,2025-05-24,2,Oshawa,OSHA,2025-05-24T22:27:53Z,2025-05-24T22:08:00Z,ARR,bad,19.0
54,True,True,TORONTO,OTTAWA,2025-05-24,3,Port Hope,PHOP,2025-05-24T23:04:44Z,2025-05-24T22:37:00Z,ARR,bad,27.0
54,True,True,TORONTO,OTTAWA,2025-05-24,4,Cobourg,CBRG,2025-05-24T23:16:10Z,2025-05-24T22:46:00Z,ARR,bad,30.0
54,True,True,TORONTO,OTTAWA,2025-05-24,5,Trenton Jct.,TRNJ,2025-05-24T23:48:20Z,2025-05-24T23:13:01Z,ARR,bad,35.0
54,True,True,TORONTO,OTTAWA,2025-05-24,6,Belleville,BLVL,2025-05-25T00:12:57Z,2025-05-24T23:27:00Z,ARR,bad,45.0
54,True,True,TORONTO,OTTAWA,2025-05-24,7,Napanee,NAPN,2025-05-25T00:40:47Z,2025-05-24T23:48:00Z,ARR,bad,52.0
54,True,True,TORONTO,OTTAWA,2025-05-24,8,Kingston,KGON,2025-05-25T01:04:30Z,2025-05-25T00:09:00Z,ARR,bad,55.0
54,True,True,TORONTO,OTTAWA,2025-05-24,9,Brockville,BRKV,2025-05-25T01:58:21Z,2025-05-25T00:54:00Z,ARR,bad,64.0
54,True,True,TORONTO,OTTAWA,2025-05-24,10,Smiths Falls,SMTF,2025-05-25T02:27:32Z,2025-05-25T01:25:00Z,ARR,bad,62.0
54,True,True,TORONTO,OTTAWA,2025-05-24,11,Fallowfield,FALL,2025-05-25T02:53:49Z,2025-05-25T01:52:00Z,ARR,bad,61.0
54,True,True,TORONTO,OTTAWA,2025-05-24,12,Ottawa,OTTW,2025-05-25T03:13:52Z,2025-05-25T02:13:00Z,ARR,bad,60.0
87,True,True,TORONTO,SARNIA,2025-05-24,0,Toronto,TRTO,2025-05-24T21:50:00Z,2025-05-24T21:40:00Z,ARR,med,10.0
87,True,True,TORONTO,SARNIA,2025-05-24,1,Malton,MALT,2025-05-24T22:21:42Z,2025-05-24T22:00:00Z,ARR,bad,21.0
87,True,True,TORONTO,SARNIA,2025-05-24,2,Brampton,BRMP,2025-05-24T22:34:09Z,2025-05-24T22:12:00Z,ARR,bad,22.0
87,True,True,TORONTO,SARNIA,2025-05-24,3,Georgetown,GEOR,2025-05-24T22:46:50Z,2025-05-24T22:24:00Z,ARR,bad,22.0
87,True,True,TORONTO,SARNIA,2025-05-24,4,Guelph,GUEL,2025-05-24T23:12:04Z,2025-05-24T22:49:00Z,ARR,bad,23.0
87,True,True,TORONTO,SARNIA,2025-05-24,5,Kitchener,KITC,2025-05-24T23:34:28Z,2025-05-24T23:16:00Z,ARR,bad,18.0
87,True,True,TORONTO,SARNIA,2025-05-24,6,Stratford,STRF,2025-05-25T00:24:57Z,2025-05-24T23:57:00Z,ARR,bad,27.0
87,True,True,TORONTO,SARNIA,2025-05-24,7,St.Marys,SMYS,2025-05-25T00:55:02Z,2025-05-25T00:25:00Z,ARR,bad,30.0
87,True,True,TORONTO,SARNIA,2025-05-24,8,London,LNDN,2025-05-25T01:47:39Z,2025-05-25T01:13:00Z,ARR,bad,34.0
87,True,True,TORONTO,SARNIA,2025-05-24,9,Strathroy,STRR,2025-05-25T02:15:47Z,2025-05-25T01:39:00Z,ARR,bad,36.0
87,True,True,TORONTO,SARNIA,2025-05-24,10,Wyoming,WYOM,2025-05-25T02:51:50Z,2025-05-25T02:07:00Z,ARR,bad,44.0
87,True,True,TORONTO,SARNIA,2025-05-24,11,Sarnia,SARN,2025-05-25T03:09:24Z,2025-05-25T02:24:00Z,ARR,bad,45.0
98,True,True,NIAGARA FALLS,TORONTO,2025-05-24,0,Niagara Falls,NIAG,2025-05-24T22:00:00Z,2025-05-24T21:45:00Z,ARR,bad,15.0
98,True,True,NIAGARA FALLS,TORONTO,2025-05-24,1,St. Catharines,SCAT,2025-05-24T22:21:00Z,2025-05-24T22:06:00Z,ARR,bad,15.0
98,True,True,NIAGARA FALLS,TORONTO,2025-05-24,2,Grimsby,GRIM,2025-05-24T22:48:00Z,2025-05-24T22:26:00Z,ARR,bad,22.0
98,True,True,NIAGARA FALLS,TORONTO,2025-05-24,3,Aldershot,ALDR,2025-05-24T23:26:00Z,2025-05-24T23:02:00Z,ARR,bad,24.0
98,True,True,NIAGARA FALLS,TORONTO,2025-05-24,4,Toronto,TRTO,2025-05-25T00:43:00Z,2025-05-25T00:23:00Z,ARR,bad,20.0
29,True,True,QUÉBEC,MONTRÉAL,2025-05-24,0,Québec,QBEC,2025-05-24T21:41:00Z,2025-05-24T21:41:00Z,ARR,goo,0.0
29,True,True,QUÉBEC,MONTRÉAL,2025-05-24,1,Ste-Foy,SFOY,2025-05-24T22:09:59Z,2025-05-24T22:06:00Z,ARR,goo,3.0
29,True,True,QUÉBEC,MONTRÉAL,2025-05-24,2,Drummondville,DRMV,2025-05-24T23:36:42Z,2025-05-24T23:42:00Z,ARR,goo,-5.0
29,True,True,QUÉBEC,MONTRÉAL,2025-05-24,3,St. Hyacinthe,SHYA,2025-05-25T00:30:22Z,2025-05-25T00:18:00Z,ARR,med,12.0
29,True,True,QUÉBEC,MONTRÉAL,2025-05-24,4,St. Lambert,SLAM,2025-05-25T01:04:44Z,2025-05-25T00:45:00Z,ARR,bad,19.0
29,True,True,QUÉBEC,MONTRÉAL,2025-05-24,5,Montréal,MTRL,2025-05-25T01:20:57Z,2025-05-25T01:00:00Z,ARR,bad,20.0
59,True,True,OTTAWA,TORONTO,2025-05-24,0,Ottawa,OTTW,2025-05-24T22:03:00Z,2025-05-24T22:03:00Z,ARR,goo,0.0
59,True,True,OTTAWA,TORONTO,2025-05-24,1,Fallowfield,FALL,2025-05-24T22:20:36Z,2025-05-24T22:20:00Z,ARR,goo,0.0
59,True,True,OTTAWA,TORONTO,2025-05-24,2,Smiths Falls,SMTF,2025-05-24T22:47:47Z,2025-05-24T22:51:00Z,ARR,goo,-3.0
59,True,True,OTTAWA,TORONTO,2025-05-24,3,Brockville,BRKV,2025-05-24T23:22:18Z,2025-05-24T23:25:00Z,ARR,goo,-2.0
59,True,True,OTTAWA,TORONTO,2025-05-24,4,Kingston,KGON,2025-05-25T00:09:47Z,2025-05-25T00:10:00Z,ARR,goo,0.0
59,True,True,OTTAWA,TORONTO,2025-05-24,5,Belleville,BLVL,2025-05-25T00:58:15Z,2025-05-25T00:51:00Z,ARR,med,7.0
59,True,True,OTTAWA,TORONTO,2025-05-24,6,Trenton Jct.,TRNJ,2025-05-25T01:12:06Z,2025-05-25T01:05:00Z,ARR,med,7.0
59,True,True,OTTAWA,TORONTO,2025-05-24,7,Cobourg,CBRG,2025-05-25T01:43:37Z,2025-05-25T01:31:00Z,ARR,med,12.0
59,True,True,OTTAWA,TORONTO,2025-05-24,8,Oshawa,OSHA,2025-05-25T02:23:29Z,2025-05-25T02:05:00Z,ARR,bad,18.0
59,True,True,OTTAWA,TORONTO,2025-05-24,9,Guildwood,GUIL,2025-05-25T03:11:16Z,2025-05-25T02:28:00Z,ARR,bad,43.0
59,True,True,OTTAWA,TORONTO,2025-05-24,10,Toronto,TRTO,2025-05-25T03:34:42Z,2025-05-25T02:48:00Z,ARR,bad,46.0
78,True,True,WINDSOR,TORONTO,2025-05-24,0,Windsor,WDON,2025-05-24T21:40:00Z,2025-05-24T21:40:00Z,ARR,goo,0.0
78,True,True,WINDSOR,TORONTO,2025-05-24,1,Chatham,CHAT,2025-05-24T22:23:46Z,2025-05-24T22:24:00Z,ARR,goo,0.0
78,True,True,WINDSOR,TORONTO,2025-05-24,2,Glencoe,GLNC,2025-05-24T23:08:19Z,2025-05-24T22:59:00Z,ARR,med,9.0
78,True,True,WINDSOR,TORONTO,2025-05-24,3,London,LNDN,2025-05-24T23:40:29Z,2025-05-24T23:32:00Z,ARR,med,8.0
78,True,True,WINDSOR,TORONTO,2025-05-24,4,Ingersoll,INGR,2025-05-25T00:09:35Z,2025-05-24T23:57:00Z,ARR,med,12.0
78,True,True,WINDSOR,TORONTO,2025-05-24,5,Woodstock,WDST,2025-05-25T00:20:33Z,2025-05-25T00:08:00Z,ARR,med,12.0
78,True,True,WINDSOR,TORONTO,2025-05-24,6,Brantford,BRTF,2025-05-25T00:49:36Z,2025-05-25T00:39:00Z,ARR,med,10.0
78,True,True,WINDSOR,TORONTO,2025-05-24,7,Aldershot,ALDR,2025-05-25T01:19:59Z,2025-05-25T01:09:00Z,ARR,med,10.0
78,True,True,WINDSOR,TORONTO,2025-05-24,8,Toronto,TRTO,2025-05-25T03:02:17Z,2025-05-25T02:30:00Z,ARR,bad,32.0
38,True,True,OTTAWA,MONTRÉAL,2025-05-24,0,Ottawa,OTTW,2025-05-24T21:55:00Z,2025-05-24T21:55:00Z,ARR,goo,0.0
38,True,True,OTTAWA,MONTRÉAL,2025-05-24,1,Casselman,CSLM,2025-05-24T22:19:45Z,2025-05-24T22:26:00Z,ARR,goo,-6.0
38,True,True,OTTAWA,MONTRÉAL,2025-05-24,2,Alexandria,ALEX,2025-05-24T22:50:39Z,2025-05-24T22:49:00Z,ARR,goo,1.0
38,True,True,OTTAWA,MONTRÉAL,2025-05-24,3,Dorval,DORV,2025-05-24T23:38:44Z,2025-05-24T23:33:00Z,ARR,med,5.0
38,True,True,OTTAWA,MONTRÉAL,2025-05-24,4,Montréal,MTRL,2025-05-25T00:02:03Z,2025-05-24T23:57:00Z,ARR,med,5.0
75,True,True,TORONTO,WINDSOR,2025-05-24,0,Toronto,TRTO,2025-05-24T21:22:00Z,2025-05-24T21:22:00Z,ARR,goo,0.0
75,True,True,TORONTO,WINDSOR,2025-05-24,1,Aldershot,ALDR,2025-05-24T22:47:30Z,2025-05-24T22:41:00Z,ARR,med,6.0
75,True,True,TORONTO,WINDSOR,2025-05-24,2,Brantford,BRTF,2025-05-24T23:17:30Z,2025-05-24T23:13:00Z,ARR,goo,4.0
75,True,True,TORONTO,WINDSOR,2025-05-24,3,Woodstock,WDST,2025-05-24T23:45:41Z,2025-05-24T23:44:00Z,ARR,goo,1.0
75,True,True,TORONTO,WINDSOR,2025-05-24,4,Ingersoll,INGR,2025-05-24T23:57:07Z,2025-05-24T23:59:00Z,ARR,goo,-1.0
75,True,True,TORONTO,WINDSOR,2025-05-24,5,London,LNDN,2025-05-25T00:19:29Z,2025-05-25T00:27:00Z,ARR,goo,-7.0
75,True,True,TORONTO,WINDSOR,2025-05-24,6,Glencoe,GLNC,2025-05-25T00:53:45Z,2025-05-25T01:01:00Z,ARR,goo,-7.0
75,True,True,TORONTO,WINDSOR,2025-05-24,7,Chatham,CHAT,2025-05-25T01:33:12Z,2025-05-25T01:35:00Z,ARR,goo,-1.0
75,True,True,TORONTO,WINDSOR,2025-05-24,8,Windsor,WDON,2025-05-25T02:17:00Z,2025-05-25T02:30:00Z,ARR,goo,-13.0
79,True,False,TORONTO,WINDSOR,2025-05-24,0,Toronto,TRTO,2025-05-24T23:45:00Z,2025-05-24T23:45:00Z,ARR,goo,0.0
79,True,False,TORONTO,WINDSOR,2025-05-24,1,Aldershot,ALDR,2025-05-25T00:58:17Z,2025-05-25T01:02:00Z,ARR,goo,-3.0
79,True,False,TORONTO,WINDSOR,2025-05-24,2,Brantford,BRTF,2025-05-25T01:30:58Z,2025-05-25T01:30:00Z,ARR,goo,0.0
79,True,False,TORONTO,WINDSOR,2025-05-24,3,Woodstock,WDST,2025-05-25T01:58:46Z,2025-05-25T01:57:00Z,ARR,goo,1.0
79,True,False,TORONTO,WINDSOR,2025-05-24,4,Ingersoll,INGR,2025-05-25T02:10:23Z,2025-05-25T02:10:00Z,ARR,goo,0.0
79,True,False,TORONTO,WINDSOR,2025-05-24,5,London,LNDN,2025-05-25T02:32:39Z,2025-05-25T02:32:00Z,ARR,goo,0.0
79,True,False,TORONTO,WINDSOR,2025-05-24,6,Glencoe,GLNC,2025-05-25T03:07:29Z,2025-05-25T03:05:00Z,ARR,goo,2.0
79,True,False,TORONTO,WINDSOR,2025-05-24,7,Chatham,CHAT,2025-05-25T03:44:10Z,2025-05-25T03:37:00Z,ARR,med,7.0
79,True,False,TORONTO,WINDSOR,2025-05-24,8,Windsor,WDON,2025-05-25T04:32:43Z,2025-05-25T04:24:00Z,35 mins,med,8.0
185,True,True,SUDBURY,WHITE RIVER,2025-05-24,0,Sudbury,SUDB,2025-05-24T13:00:00Z,2025-05-24T13:00:00Z,ARR,goo,0.0
185,True,True,SUDBURY,WHITE RIVER,2025-05-24,1,Azilda,AZIL,2025-05-24T13:14:28Z,2025-05-24T13:10:00Z,ARR,goo,4.0
185,True,True,SUDBURY,WHITE RIVER,2025-05-24,2,Chelmsford,CHEL,2025-05-24T13:17:32Z,2025-05-24T13:15:00Z,ARR,goo,2.0
185,True,True,SUDBURY,WHITE RIVER,2025-05-24,3,Larchwood,LARC,2025-05-24T13:21:08Z,2025-05-24T13:19:00Z,ARR,goo,2.0
185,True,True,SUDBURY,WHITE RIVER,2025-05-24,4,Levack,LEVA,2025-05-24T13:32:27Z,2025-05-24T13:30:00Z,ARR,goo,2.0
185,True,True,SUDBURY,WHITE RIVER,2025-05-24,5,Cartier,CART,2025-05-24T13:44:15Z,2025-05-24T13:45:00Z,ARR,goo,0.0
185,True,True,SUDBURY,WHITE RIVER,2025-05-24,6,Benny,BENN,2025-05-24T14:06:53Z,2025-05-24T14:05:00Z,ARR,goo,1.0
185,True,True,SUDBURY,WHITE RIVER,2025-05-24,7,Stralak,STRL,2025-05-24T14:11:16Z,2025-05-24T14:12:00Z,ARR,goo,0.0
185,True,True,SUDBURY,WHITE RIVER,2025-05-24,8,Pogamasing,POGA,2025-05-24T14:23:24Z,2025-05-24T14:25:00Z,ARR,goo,-1.0
185,True,True,SUDBURY,WHITE RIVER,2025-05-24,9,Sheahan,SHEA,2025-05-24T14:27:19Z,2025-05-24T14:30:00Z,ARR,goo,-2.0
185,True,True,SUDBURY,WHITE RIVER,2025-05-24,10,Forks,FRKS,2025-05-24T14:36:08Z,2025-05-24T14:40:00Z,ARR,goo,-3.0
185,True,True,SUDBURY,WHITE RIVER,2025-05-24,11,Metagama,MTGM,2025-05-24T14:50:00Z,2025-05-24T14:50:00Z,ARR,goo,0.0
185,True,True,SUDBURY,WHITE RIVER,2025-05-24,12,Sinker,SNKR,2025-05-24T14:55:00Z,2025-05-24T14:55:00Z,ARR,goo,0.0
185,True,True,SUDBURY,WHITE RIVER,2025-05-24,13,Biscotasing,BISC,2025-05-24T15:50:48Z,2025-05-24T15:20:00Z,ARR,bad,30.0
185,True,True,SUDBURY,WHITE RIVER,2025-05-24,14,Roberts,RBRT,2025-05-24T16:00:48Z,2025-05-24T15:30:00Z,ARR,bad,30.0
185,True,True,SUDBURY,WHITE RIVER,2025-05-24,15,Ramsey,RAMS,2025-05-24T16:15:48Z,2025-05-24T15:45:00Z,ARR,bad,30.0
185,True,True,SUDBURY,WHITE RIVER,2025-05-24,16,Woman River,WOMR,2025-05-24T16:35:48Z,2025-05-24T16:05:00Z,ARR,bad,30.0
185,True,True,SUDBURY,WHITE RIVER,2025-05-24,17,Sultan,SULT,2025-05-24T16:50:48Z,2025-05-24T16:20:00Z,ARR,bad,30.0
185,True,True,SUDBURY,WHITE RIVER,2025-05-24,18,Kormak,KORM,2025-05-24T17:05:48Z,2025-05-24T16:35:00Z,ARR,bad,30.0
185,True,True,SUDBURY,WHITE RIVER,2025-05-24,19,Kinogama,KINO,2025-05-24T17:10:48Z,2025-05-24T16:40:00Z,ARR,bad,30.0
185,True,True,SUDBURY,WHITE RIVER,2025-05-24,20,Nemegos,NEME,2025-05-24T17:24:50Z,2025-05-24T16:55:00Z,ARR,bad,29.0
185,True,True,SUDBURY,WHITE RIVER,2025-05-24,21,Devon,DEVN,2025-05-24T17:34:36Z,2025-05-24T17:05:00Z,ARR,bad,29.0
185,True,True,SUDBURY,WHITE RIVER,2025-05-24,22,Chapleau,CHAP,2025-05-24T18:01:08Z,2025-05-24T17:20:00Z,ARR,bad,41.0
185,True,True,SUDBURY,WHITE RIVER,2025-05-24,23,Esher,ESHR,2025-05-24T18:21:52Z,2025-05-24T17:50:00Z,ARR,bad,31.0
185,True,True,SUDBURY,WHITE RIVER,2025-05-24,24,Musk,MUSK,2025-05-24T18:31:39Z,2025-05-24T18:00:00Z,ARR,bad,31.0
185,True,True,SUDBURY,WHITE RIVER,2025-05-24,25,Nicholson,NICH,2025-05-24T18:37:30Z,2025-05-24T18:10:00Z,ARR,bad,27.0
185,True,True,SUDBURY,WHITE RIVER,2025-05-24,26,Bolkow,BOLK,2025-05-24T19:03:50Z,2025-05-24T18:30:00Z,ARR,bad,33.0
185,True,True,SUDBURY,WHITE RIVER,2025-05-24,27,Dalton,DALT,2025-05-24T19:18:50Z,2025-05-24T18:45:00Z,ARR,bad,33.0
185,True,True,SUDBURY,WHITE RIVER,2025-05-24,28,Missanabie,MSBI,2025-05-24T19:43:50Z,2025-05-24T19:10:00Z,ARR,bad,33.0
185,True,True,SUDBURY,WHITE RIVER,2025-05-24,29,Lochalsh,LOCH,2025-05-24T20:03:50Z,2025-05-24T19:30:00Z,ARR,bad,33.0
185,True,True,SUDBURY,WHITE RIVER,2025-05-24,30,Franz,FRNZ,2025-05-24T20:34:13Z,2025-05-24T19:50:00Z,ARR,bad,44.0
185,True,True,SUDBURY,WHITE RIVER,2025-05-24,31,Swanson,SWAN,2025-05-24T20:54:22Z,2025-05-24T20:00:00Z,ARR,bad,54.0
185,True,True,SUDBURY,WHITE RIVER,2025-05-24,32,Girdwood,GIRD,2025-05-24T21:15:10Z,2025-05-24T20:25:00Z,ARR,bad,50.0
185,True,True,SUDBURY,WHITE RIVER,2025-05-24,33,Amyot,AMYO,2025-05-24T21:32:35Z,2025-05-24T20:35:00Z,ARR,bad,57.0
185,True,True,SUDBURY,WHITE RIVER,2025-05-24,34,O'Brien,OBRI,2025-05-24T21:45:41Z,2025-05-24T20:50:00Z,ARR,bad,55.0
185,True,True,SUDBURY,WHITE RIVER,2025-05-24,35,White River,WHTR,2025-05-24T21:58:07Z,2025-05-24T21:05:00Z,ARR,bad,53.0
